停车场ID,日期小时,每小时平均车位利用率,该小时采样记录条数,利用率标签
1012312268YD5WN09GPVL,2025-03-03 06:00:00,0.8152173913043479,2,高利用率
1012312268YD5WN09GPVL,2025-03-03 07:00:00,0.8405797101449276,6,高利用率
1012312268YD5WN09GPVL,2025-03-03 08:00:00,0.36231884057971014,6,中利用率
1012312268YD5WN09GPVL,2025-03-03 09:00:00,0.3405797101449275,6,中利用率
1012312268YD5WN09GPVL,2025-03-03 10:00:00,0.3804347826086956,6,中利用率
1012312268YD5WN09GPVL,2025-03-03 11:00:00,0.47826086956521735,6,中利用率
1012312268YD5WN09GPVL,2025-03-03 12:00:00,0.6739130434782609,6,中利用率
1012312268YD5WN09GPVL,2025-03-03 13:00:00,0.4855072463768116,6,中利用率
1012312268YD5WN09GPVL,2025-03-03 14:00:00,0.5,6,中利用率
1012312268YD5WN09GPVL,2025-03-03 15:00:00,0.47463768115942023,6,中利用率
1012312268YD5WN09GPVL,2025-03-03 16:00:00,0.4202898550724638,6,中利用率
1012312268YD5WN09GPVL,2025-03-03 17:00:00,0.5760869565217391,6,中利用率
1012312268YD5WN09GPVL,2025-03-03 18:00:00,0.8152173913043478,6,高利用率
1012312268YD5WN09GPVL,2025-03-03 19:00:00,0.6630434782608695,6,中利用率
1012312268YD5WN09GPVL,2025-03-03 20:00:00,0.5652173913043478,6,中利用率
1012312268YD5WN09GPVL,2025-03-03 21:00:00,0.5652173913043478,6,中利用率
1012312268YD5WN09GPVL,2025-03-03 22:00:00,0.5652173913043478,6,中利用率
1012312268YD5WN09GPVL,2025-03-03 23:00:00,0.5652173913043478,6,中利用率
1012312268YD5WN09GPVL,2025-03-04 00:00:00,0.5652173913043478,6,中利用率
1012312268YD5WN09GPVL,2025-03-04 01:00:00,0.5652173913043478,6,中利用率
1012312268YD5WN09GPVL,2025-03-04 02:00:00,0.5652173913043478,6,中利用率
1012312268YD5WN09GPVL,2025-03-04 03:00:00,0.5652173913043478,3,中利用率
1012312268YD5WN09GPVL,2025-04-07 00:00:00,0.9166666666666666,6,高利用率
1012312268YD5WN09GPVL,2025-04-07 06:00:00,0.8188405797101449,6,高利用率
1012312268YD5WN09GPVL,2025-04-07 12:00:00,0.7789855072463768,6,高利用率
1012312268YD5WN09GPVL,2025-04-07 18:00:00,0.8695652173913043,6,高利用率
1012312268YD5WN09GPVL,2025-04-08 00:00:00,0.7644927536231885,6,高利用率
1012312268YD5WN09GPVL,2025-04-08 06:00:00,0.7971014492753623,6,高利用率
1012312268YD5WN09GPVL,2025-04-08 12:00:00,0.6847826086956522,6,中利用率
1012312268YD5WN09GPVL,2025-04-08 18:00:00,0.822463768115942,6,高利用率
1012312268YD5WN09GPVL,2025-04-09 00:00:00,0.8405797101449276,6,高利用率
1012312268YD5WN09GPVL,2025-04-09 06:00:00,0.7934782608695653,6,高利用率
1012312268YD5WN09GPVL,2025-04-09 18:00:00,0.8623188405797101,6,高利用率
1012312268YD5WN09GPVL,2025-04-10 00:00:00,0.8768115942028984,6,高利用率
1012312268YD5WN09GPVL,2025-04-10 06:00:00,0.9166666666666666,6,高利用率
1012312268YD5WN09GPVL,2025-04-10 12:00:00,0.7934782608695653,6,高利用率
1012312268YD5WN09GPVL,2025-04-10 18:00:00,0.6920289855072465,6,中利用率
1012312268YD5WN09GPVL,2025-04-11 00:00:00,0.8152173913043478,6,高利用率
1012312268YD5WN09GPVL,2025-04-11 06:00:00,0.7717391304347826,6,高利用率
1012312268YD5WN09GPVL,2025-04-11 12:00:00,0.6920289855072465,6,中利用率
1012312268YD5WN09GPVL,2025-04-11 18:00:00,0.782608695652174,6,高利用率
1012312268YD5WN09GPVL,2025-04-12 00:00:00,0.7572463768115942,6,高利用率
1012312268YD5WN09GPVL,2025-04-12 06:00:00,0.677536231884058,6,中利用率
1012312268YD5WN09GPVL,2025-04-12 12:00:00,0.8514492753623188,6,高利用率
1012312268YD5WN09GPVL,2025-04-12 18:00:00,0.8152173913043478,6,高利用率
1012312268YD5WN09GPVL,2025-04-13 00:00:00,0.7282608695652174,6,高利用率
1012312268YD5WN09GPVL,2025-04-13 06:00:00,0.6521739130434783,6,中利用率
1012312268YD5WN09GPVL,2025-04-13 12:00:00,0.8659420289855072,6,高利用率
1012312268YD5WN09GPVL,2025-04-13 18:00:00,0.7391304347826088,6,高利用率
1012312268YDHM7XGW3Y9,2025-03-03 06:00:00,0.16666666666666669,2,低利用率
1012312268YDHM7XGW3Y9,2025-03-03 07:00:00,0.13636363636363638,6,低利用率
1012312268YDHM7XGW3Y9,2025-03-03 08:00:00,0.18686868686868685,6,低利用率
1012312268YDHM7XGW3Y9,2025-03-03 09:00:00,0.21717171717171715,6,低利用率
1012312268YDHM7XGW3Y9,2025-03-03 10:00:00,0.16161616161616163,6,低利用率
1012312268YDHM7XGW3Y9,2025-03-03 11:00:00,0.16666666666666666,6,低利用率
1012312268YDHM7XGW3Y9,2025-03-03 12:00:00,0.20707070707070707,6,低利用率
1012312268YDHM7XGW3Y9,2025-03-03 13:00:00,0.22222222222222224,6,低利用率
1012312268YDHM7XGW3Y9,2025-03-03 14:00:00,0.24242424242424243,6,低利用率
1012312268YDHM7XGW3Y9,2025-03-03 15:00:00,0.15151515151515152,6,低利用率
1012312268YDHM7XGW3Y9,2025-03-03 16:00:00,0.16666666666666666,6,低利用率
1012312268YDHM7XGW3Y9,2025-03-03 17:00:00,0.2676767676767677,6,低利用率
1012312268YDHM7XGW3Y9,2025-03-03 18:00:00,0.35858585858585856,6,中利用率
1012312268YDHM7XGW3Y9,2025-03-03 19:00:00,0.35858585858585856,6,中利用率
1012312268YDHM7XGW3Y9,2025-03-03 20:00:00,0.5,6,中利用率
1012312268YDHM7XGW3Y9,2025-03-03 21:00:00,0.5505050505050505,6,中利用率
1012312268YDHM7XGW3Y9,2025-03-03 22:00:00,0.5505050505050505,6,中利用率
1012312268YDHM7XGW3Y9,2025-03-03 23:00:00,0.5454545454545454,6,中利用率
1012312268YDHM7XGW3Y9,2025-03-04 00:00:00,0.5454545454545454,6,中利用率
1012312268YDHM7XGW3Y9,2025-03-04 01:00:00,0.4444444444444444,6,中利用率
1012312268YDHM7XGW3Y9,2025-03-04 02:00:00,0.44949494949494945,6,中利用率
1012312268YDHM7XGW3Y9,2025-03-04 03:00:00,0.4444444444444444,3,中利用率
1012312268YDHM7XGW3Y9,2025-04-07 00:00:00,0.4898989898989899,6,中利用率
1012312268YDHM7XGW3Y9,2025-04-07 06:00:00,0.2878787878787879,6,低利用率
1012312268YDHM7XGW3Y9,2025-04-07 12:00:00,0.12121212121212122,6,低利用率
1012312268YDHM7XGW3Y9,2025-04-07 18:00:00,0.3282828282828283,6,中利用率
1012312268YDHM7XGW3Y9,2025-04-08 00:00:00,0.4696969696969697,6,中利用率
1012312268YDHM7XGW3Y9,2025-04-08 06:00:00,0.3181818181818182,6,中利用率
1012312268YDHM7XGW3Y9,2025-04-08 12:00:00,0.20202020202020202,6,低利用率
1012312268YDHM7XGW3Y9,2025-04-08 18:00:00,0.22222222222222224,6,低利用率
1012312268YDHM7XGW3Y9,2025-04-09 00:00:00,0.2626262626262626,6,低利用率
1012312268YDHM7XGW3Y9,2025-04-09 06:00:00,0.15151515151515152,6,低利用率
1012312268YDHM7XGW3Y9,2025-04-09 18:00:00,0.5505050505050505,6,中利用率
1012312268YDHM7XGW3Y9,2025-04-10 00:00:00,0.5454545454545454,6,中利用率
1012312268YDHM7XGW3Y9,2025-04-10 06:00:00,0.4090909090909091,6,中利用率
1012312268YDHM7XGW3Y9,2025-04-10 12:00:00,0.2676767676767677,6,低利用率
1012312268YDHM7XGW3Y9,2025-04-10 18:00:00,0.40404040404040403,6,中利用率
1012312268YDHM7XGW3Y9,2025-04-11 00:00:00,0.27777777777777773,6,低利用率
1012312268YDHM7XGW3Y9,2025-04-11 06:00:00,0.31313131313131315,6,中利用率
1012312268YDHM7XGW3Y9,2025-04-11 12:00:00,0.10101010101010101,6,低利用率
1012312268YDHM7XGW3Y9,2025-04-11 18:00:00,0.35858585858585856,6,中利用率
1012312268YDHM7XGW3Y9,2025-04-12 00:00:00,0.494949494949495,6,中利用率
1012312268YDHM7XGW3Y9,2025-04-12 06:00:00,0.35353535353535354,6,中利用率
1012312268YDHM7XGW3Y9,2025-04-12 12:00:00,0.1414141414141414,6,低利用率
1012312268YDHM7XGW3Y9,2025-04-12 18:00:00,0.5151515151515151,6,中利用率
1012312268YDHM7XGW3Y9,2025-04-13 00:00:00,0.5656565656565656,6,中利用率
1012312268YDHM7XGW3Y9,2025-04-13 06:00:00,0.20707070707070707,6,低利用率
1012312268YDHM7XGW3Y9,2025-04-13 12:00:00,0.2272727272727273,6,低利用率
1012312268YDHM7XGW3Y9,2025-04-13 18:00:00,0.3686868686868687,6,中利用率
1012312288YR3EFRI1BSX,2025-03-03 06:00:00,0.0859375,2,低利用率
1012312288YR3EFRI1BSX,2025-03-03 07:00:00,0.07291666666666667,6,低利用率
1012312288YR3EFRI1BSX,2025-03-03 08:00:00,0.11458333333333333,6,低利用率
1012312288YR3EFRI1BSX,2025-03-03 09:00:00,0.1953125,6,低利用率
1012312288YR3EFRI1BSX,2025-03-03 10:00:00,0.203125,6,低利用率
1012312288YR3EFRI1BSX,2025-03-03 11:00:00,0.203125,6,低利用率
1012312288YR3EFRI1BSX,2025-03-03 12:00:00,0.234375,6,低利用率
1012312288YR3EFRI1BSX,2025-03-03 13:00:00,0.3541666666666667,6,中利用率
1012312288YR3EFRI1BSX,2025-03-03 14:00:00,0.3854166666666667,6,中利用率
1012312288YR3EFRI1BSX,2025-03-03 15:00:00,0.5104166666666666,6,中利用率
1012312288YR3EFRI1BSX,2025-03-03 16:00:00,0.4739583333333333,6,中利用率
1012312288YR3EFRI1BSX,2025-03-03 17:00:00,0.3307291666666667,6,中利用率
1012312288YR3EFRI1BSX,2025-03-03 18:00:00,0.3229166666666667,6,中利用率
1012312288YR3EFRI1BSX,2025-03-03 19:00:00,0.2994791666666667,6,低利用率
1012312288YR3EFRI1BSX,2025-03-03 20:00:00,0.3046875,6,中利用率
1012312288YR3EFRI1BSX,2025-03-03 21:00:00,0.2864583333333333,6,低利用率
1012312288YR3EFRI1BSX,2025-03-03 22:00:00,0.23697916666666666,6,低利用率
1012312288YR3EFRI1BSX,2025-03-03 23:00:00,0.21354166666666666,6,低利用率
1012312288YR3EFRI1BSX,2025-03-04 00:00:00,0.13802083333333334,6,低利用率
1012312288YR3EFRI1BSX,2025-03-04 01:00:00,0.12760416666666666,6,低利用率
1012312288YR3EFRI1BSX,2025-03-04 02:00:00,0.1328125,6,低利用率
1012312288YR3EFRI1BSX,2025-03-04 03:00:00,0.125,3,低利用率
1012312288YR3EFRI1BSX,2025-04-07 00:00:00,0.15364583333333334,6,低利用率
1012312288YR3EFRI1BSX,2025-04-07 06:00:00,0.16145833333333334,6,低利用率
1012312288YR3EFRI1BSX,2025-04-07 12:00:00,0.2109375,6,低利用率
1012312288YR3EFRI1BSX,2025-04-07 18:00:00,0.3776041666666667,6,中利用率
1012312288YR3EFRI1BSX,2025-04-08 00:00:00,0.2708333333333333,6,低利用率
1012312288YR3EFRI1BSX,2025-04-08 06:00:00,0.2421875,6,低利用率
1012312288YR3EFRI1BSX,2025-04-08 12:00:00,0.2916666666666667,6,低利用率
1012312288YR3EFRI1BSX,2025-04-08 18:00:00,0.4166666666666667,6,中利用率
1012312288YR3EFRI1BSX,2025-04-09 00:00:00,0.19270833333333334,6,低利用率
1012312288YR3EFRI1BSX,2025-04-09 06:00:00,0.19270833333333334,6,低利用率
1012312288YR3EFRI1BSX,2025-04-09 18:00:00,0.2864583333333333,6,低利用率
1012312288YR3EFRI1BSX,2025-04-10 00:00:00,0.22395833333333334,6,低利用率
1012312288YR3EFRI1BSX,2025-04-10 06:00:00,0.2265625,6,低利用率
1012312288YR3EFRI1BSX,2025-04-10 12:00:00,0.15625,6,低利用率
1012312288YR3EFRI1BSX,2025-04-10 18:00:00,0.3255208333333333,6,中利用率
1012312288YR3EFRI1BSX,2025-04-11 00:00:00,0.2630208333333333,6,低利用率
1012312288YR3EFRI1BSX,2025-04-11 06:00:00,0.23697916666666666,6,低利用率
1012312288YR3EFRI1BSX,2025-04-11 12:00:00,0.2552083333333333,6,低利用率
1012312288YR3EFRI1BSX,2025-04-11 18:00:00,0.40625,6,中利用率
1012312288YR3EFRI1BSX,2025-04-12 00:00:00,0.22916666666666666,6,低利用率
1012312288YR3EFRI1BSX,2025-04-12 06:00:00,0.15625,6,低利用率
1012312288YR3EFRI1BSX,2025-04-12 12:00:00,0.17708333333333334,6,低利用率
1012312288YR3EFRI1BSX,2025-04-12 18:00:00,0.2942708333333333,6,低利用率
1012312288YR3EFRI1BSX,2025-04-13 00:00:00,0.19010416666666666,6,低利用率
1012312288YR3EFRI1BSX,2025-04-13 06:00:00,0.125,6,低利用率
1012312288YR3EFRI1BSX,2025-04-13 12:00:00,0.15364583333333334,6,低利用率
1012312288YR3EFRI1BSX,2025-04-13 18:00:00,0.3932291666666667,6,中利用率
1012312288YR3IHRSDDZ5,2025-03-03 06:00:00,0.15384615384615385,2,低利用率
1012312288YR3IHRSDDZ5,2025-03-03 07:00:00,0.3461538461538462,6,中利用率
1012312288YR3IHRSDDZ5,2025-03-03 08:00:00,0.782051282051282,6,高利用率
1012312288YR3IHRSDDZ5,2025-03-03 09:00:00,0.8974358974358975,3,高利用率
1012312288YR3IHRSDDZ5,2025-03-03 10:00:00,0.8653846153846154,4,高利用率
1012312288YR3IHRSDDZ5,2025-03-03 11:00:00,0.7076923076923076,5,高利用率
1012312288YR3IHRSDDZ5,2025-03-03 12:00:00,0.38461538461538464,6,中利用率
1012312288YR3IHRSDDZ5,2025-03-03 13:00:00,0.6282051282051282,6,中利用率
1012312288YR3IHRSDDZ5,2025-03-03 14:00:00,0.7948717948717948,3,高利用率
1012312288YR3IHRSDDZ5,2025-03-03 15:00:00,0.8461538461538461,3,高利用率
1012312288YR3IHRSDDZ5,2025-03-03 16:00:00,0.8461538461538461,6,高利用率
1012312288YR3IHRSDDZ5,2025-03-03 17:00:00,0.5256410256410257,6,中利用率
1012312288YR3IHRSDDZ5,2025-03-03 18:00:00,0.3461538461538462,6,中利用率
1012312288YR3IHRSDDZ5,2025-03-03 19:00:00,0.3333333333333333,6,中利用率
1012312288YR3IHRSDDZ5,2025-03-03 20:00:00,0.23076923076923075,6,低利用率
1012312288YR3IHRSDDZ5,2025-03-03 21:00:00,0.19230769230769232,6,低利用率
1012312288YR3IHRSDDZ5,2025-03-03 22:00:00,0.16666666666666666,6,低利用率
1012312288YR3IHRSDDZ5,2025-03-03 23:00:00,0.23076923076923075,6,低利用率
1012312288YR3IHRSDDZ5,2025-03-04 00:00:00,0.23076923076923075,6,低利用率
1012312288YR3IHRSDDZ5,2025-03-04 01:00:00,0.23076923076923075,6,低利用率
1012312288YR3IHRSDDZ5,2025-03-04 02:00:00,0.23076923076923075,6,低利用率
1012312288YR3IHRSDDZ5,2025-03-04 03:00:00,0.23076923076923075,3,低利用率
1012312288YR3IHRSDDZ5,2025-04-07 00:00:00,0.3076923076923077,6,中利用率
1012312288YR3IHRSDDZ5,2025-04-07 06:00:00,0.3076923076923077,6,中利用率
1012312288YR3IHRSDDZ5,2025-04-07 12:00:00,0.4743589743589744,6,中利用率
1012312288YR3IHRSDDZ5,2025-04-07 18:00:00,0.2435897435897436,6,低利用率
1012312288YR3IHRSDDZ5,2025-04-08 00:00:00,0.012820512820512822,6,低利用率
1012312288YR3IHRSDDZ5,2025-04-08 06:00:00,0.012820512820512822,6,低利用率
1012312288YR3IHRSDDZ5,2025-04-08 12:00:00,0.2692307692307692,6,低利用率
1012312288YR3IHRSDDZ5,2025-04-08 18:00:00,0.2948717948717949,6,低利用率
1012312288YR3IHRSDDZ5,2025-04-09 00:00:00,0.3076923076923077,6,中利用率
1012312288YR3IHRSDDZ5,2025-04-09 06:00:00,0.16666666666666666,6,低利用率
1012312288YR3IHRSDDZ5,2025-04-09 18:00:00,0.2435897435897436,6,低利用率
1012312288YR3IHRSDDZ5,2025-04-10 00:00:00,0.07692307692307693,6,低利用率
1012312288YR3IHRSDDZ5,2025-04-10 06:00:00,0.07692307692307693,6,低利用率
1012312288YR3IHRSDDZ5,2025-04-10 12:00:00,0.6282051282051282,6,中利用率
1012312288YR3IHRSDDZ5,2025-04-10 18:00:00,0.3717948717948718,6,中利用率
1012312288YR3IHRSDDZ5,2025-04-11 00:00:00,0.14102564102564105,6,低利用率
1012312288YR3IHRSDDZ5,2025-04-11 06:00:00,0.0,6,低利用率
1012312288YR3IHRSDDZ5,2025-04-11 12:00:00,0.5256410256410257,6,中利用率
1012312288YR3IHRSDDZ5,2025-04-11 18:00:00,0.20512820512820515,6,低利用率
1012312288YR3IHRSDDZ5,2025-04-12 00:00:00,0.20512820512820515,6,低利用率
1012312288YR3IHRSDDZ5,2025-04-12 06:00:00,0.15384615384615385,6,低利用率
1012312288YR3IHRSDDZ5,2025-04-12 12:00:00,0.3974358974358974,6,中利用率
1012312288YR3IHRSDDZ5,2025-04-12 18:00:00,0.06410256410256411,6,低利用率
1012312288YR3IHRSDDZ5,2025-04-13 00:00:00,0.0,6,低利用率
1012312288YR3IHRSDDZ5,2025-04-13 06:00:00,0.0,6,低利用率
1012312288YR3IHRSDDZ5,2025-04-13 12:00:00,0.10256410256410257,6,低利用率
1012312288YR3IHRSDDZ5,2025-04-13 18:00:00,0.2948717948717949,6,低利用率
1012312288YR3MBVY988X,2025-03-03 06:00:00,0.2631578947368421,2,低利用率
1012312288YR3MBVY988X,2025-03-03 07:00:00,0.3508771929824561,6,中利用率
1012312288YR3MBVY988X,2025-03-03 08:00:00,0.3508771929824561,6,中利用率
1012312288YR3MBVY988X,2025-03-03 09:00:00,0.24561403508771928,6,低利用率
1012312288YR3MBVY988X,2025-03-03 10:00:00,0.1929824561403509,6,低利用率
1012312288YR3MBVY988X,2025-03-03 11:00:00,0.15789473684210525,6,低利用率
1012312288YR3MBVY988X,2025-03-03 12:00:00,0.16666666666666666,6,低利用率
1012312288YR3MBVY988X,2025-03-03 13:00:00,0.24561403508771928,6,低利用率
1012312288YR3MBVY988X,2025-03-03 14:00:00,0.22807017543859645,6,低利用率
1012312288YR3MBVY988X,2025-03-03 15:00:00,0.42105263157894735,6,中利用率
1012312288YR3MBVY988X,2025-03-03 16:00:00,0.4473684210526316,6,中利用率
1012312288YR3MBVY988X,2025-03-03 17:00:00,0.30701754385964913,6,中利用率
1012312288YR3MBVY988X,2025-03-03 18:00:00,0.2807017543859649,6,低利用率
1012312288YR3MBVY988X,2025-03-03 19:00:00,0.3333333333333333,6,中利用率
1012312288YR3MBVY988X,2025-03-03 20:00:00,0.1929824561403509,6,低利用率
1012312288YR3MBVY988X,2025-03-03 21:00:00,0.20175438596491227,6,低利用率
1012312288YR3MBVY988X,2025-03-03 22:00:00,0.15789473684210525,6,低利用率
1012312288YR3MBVY988X,2025-03-03 23:00:00,0.20175438596491227,6,低利用率
1012312288YR3MBVY988X,2025-03-04 00:00:00,0.21052631578947367,6,低利用率
1012312288YR3MBVY988X,2025-03-04 01:00:00,0.20175438596491227,6,低利用率
1012312288YR3MBVY988X,2025-03-04 02:00:00,0.16666666666666666,6,低利用率
1012312288YR3MBVY988X,2025-03-04 03:00:00,0.17543859649122806,3,低利用率
1012312288YR3MBVY988X,2025-04-07 00:00:00,0.2631578947368421,6,低利用率
1012312288YR3MBVY988X,2025-04-07 06:00:00,0.3508771929824561,6,中利用率
1012312288YR3MBVY988X,2025-04-07 12:00:00,0.22807017543859645,6,低利用率
1012312288YR3MBVY988X,2025-04-07 18:00:00,0.3508771929824561,6,中利用率
1012312288YR3MBVY988X,2025-04-08 00:00:00,0.15789473684210525,6,低利用率
1012312288YR3MBVY988X,2025-04-08 06:00:00,0.2807017543859649,6,低利用率
1012312288YR3MBVY988X,2025-04-08 12:00:00,0.21929824561403508,6,低利用率
1012312288YR3MBVY988X,2025-04-08 18:00:00,0.4385964912280702,6,中利用率
1012312288YR3MBVY988X,2025-04-09 00:00:00,0.3157894736842105,6,中利用率
1012312288YR3MBVY988X,2025-04-09 06:00:00,0.37719298245614036,6,中利用率
1012312288YR3MBVY988X,2025-04-09 18:00:00,0.3245614035087719,6,中利用率
1012312288YR3MBVY988X,2025-04-10 00:00:00,0.24561403508771928,6,低利用率
1012312288YR3MBVY988X,2025-04-10 06:00:00,0.40350877192982454,6,中利用率
1012312288YR3MBVY988X,2025-04-10 12:00:00,0.09649122807017545,6,低利用率
1012312288YR3MBVY988X,2025-04-10 18:00:00,0.30701754385964913,6,中利用率
1012312288YR3MBVY988X,2025-04-11 00:00:00,0.28947368421052627,6,低利用率
1012312288YR3MBVY988X,2025-04-11 06:00:00,0.2807017543859649,6,低利用率
1012312288YR3MBVY988X,2025-04-11 12:00:00,0.3157894736842105,6,中利用率
1012312288YR3MBVY988X,2025-04-11 18:00:00,0.47368421052631576,6,中利用率
1012312288YR3MBVY988X,2025-04-12 00:00:00,0.28947368421052627,6,低利用率
1012312288YR3MBVY988X,2025-04-12 06:00:00,0.40350877192982454,6,中利用率
1012312288YR3MBVY988X,2025-04-12 12:00:00,0.3684210526315789,6,中利用率
1012312288YR3MBVY988X,2025-04-12 18:00:00,0.21052631578947367,6,低利用率
1012312288YR3MBVY988X,2025-04-13 00:00:00,0.13157894736842105,6,低利用率
1012312288YR3MBVY988X,2025-04-13 06:00:00,0.14912280701754385,6,低利用率
1012312288YR3MBVY988X,2025-04-13 12:00:00,0.13157894736842105,6,低利用率
1012312288YR3MBVY988X,2025-04-13 18:00:00,0.631578947368421,6,中利用率
1012312288YR53DTVACCH,2025-03-03 06:00:00,0.030303030303030304,2,低利用率
1012312288YR53DTVACCH,2025-03-03 07:00:00,0.07575757575757576,6,低利用率
1012312288YR53DTVACCH,2025-03-03 08:00:00,0.494949494949495,6,中利用率
1012312288YR53DTVACCH,2025-03-03 09:00:00,0.8434343434343434,6,高利用率
1012312288YR53DTVACCH,2025-03-03 10:00:00,0.9090909090909092,5,高利用率
1012312288YR53DTVACCH,2025-03-03 11:00:00,0.7929292929292929,6,高利用率
1012312288YR53DTVACCH,2025-03-03 12:00:00,0.7626262626262627,6,高利用率
1012312288YR53DTVACCH,2025-03-03 13:00:00,0.7727272727272728,6,高利用率
1012312288YR53DTVACCH,2025-03-03 14:00:00,0.9393939393939394,4,高利用率
1012312288YR53DTVACCH,2025-03-03 15:00:00,0.8560606060606061,4,高利用率
1012312288YR53DTVACCH,2025-03-03 16:00:00,0.8434343434343434,6,高利用率
1012312288YR53DTVACCH,2025-03-03 17:00:00,0.47474747474747475,6,中利用率
1012312288YR53DTVACCH,2025-03-03 18:00:00,0.15656565656565657,6,低利用率
1012312288YR53DTVACCH,2025-03-03 19:00:00,0.14646464646464646,6,低利用率
1012312288YR53DTVACCH,2025-03-03 20:00:00,0.15656565656565657,6,低利用率
1012312288YR53DTVACCH,2025-03-03 21:00:00,0.12626262626262627,6,低利用率
1012312288YR53DTVACCH,2025-03-03 22:00:00,0.10101010101010101,6,低利用率
1012312288YR53DTVACCH,2025-03-03 23:00:00,0.10606060606060606,6,低利用率
1012312288YR53DTVACCH,2025-03-04 00:00:00,0.10606060606060606,6,低利用率
1012312288YR53DTVACCH,2025-03-04 01:00:00,0.0909090909090909,6,低利用率
1012312288YR53DTVACCH,2025-03-04 02:00:00,0.12121212121212122,6,低利用率
1012312288YR53DTVACCH,2025-03-04 03:00:00,0.12121212121212122,3,低利用率
1012312288YR53DTVACCH,2025-04-07 00:00:00,0.30303030303030304,6,中利用率
1012312288YR53DTVACCH,2025-04-07 06:00:00,0.3080808080808081,6,中利用率
1012312288YR53DTVACCH,2025-04-07 12:00:00,0.4646464646464647,6,中利用率
1012312288YR53DTVACCH,2025-04-07 18:00:00,0.3383838383838384,6,中利用率
1012312288YR53DTVACCH,2025-04-08 00:00:00,0.2828282828282828,6,低利用率
1012312288YR53DTVACCH,2025-04-08 06:00:00,0.2474747474747475,6,低利用率
1012312288YR53DTVACCH,2025-04-08 12:00:00,0.4393939393939394,6,中利用率
1012312288YR53DTVACCH,2025-04-08 18:00:00,0.20707070707070707,6,低利用率
1012312288YR53DTVACCH,2025-04-09 00:00:00,0.09595959595959597,6,低利用率
1012312288YR53DTVACCH,2025-04-09 06:00:00,0.09595959595959597,6,低利用率
1012312288YR53DTVACCH,2025-04-09 18:00:00,0.16666666666666666,6,低利用率
1012312288YR53DTVACCH,2025-04-10 00:00:00,0.0909090909090909,6,低利用率
1012312288YR53DTVACCH,2025-04-10 06:00:00,0.0909090909090909,6,低利用率
1012312288YR53DTVACCH,2025-04-10 12:00:00,0.5202020202020202,6,中利用率
1012312288YR53DTVACCH,2025-04-10 18:00:00,0.12626262626262627,6,低利用率
1012312288YR53DTVACCH,2025-04-11 00:00:00,0.04040404040404041,6,低利用率
1012312288YR53DTVACCH,2025-04-11 06:00:00,0.010101010101010102,6,低利用率
1012312288YR53DTVACCH,2025-04-11 12:00:00,0.6969696969696969,6,中利用率
1012312288YR53DTVACCH,2025-04-11 18:00:00,0.30303030303030304,6,中利用率
1012312288YR53DTVACCH,2025-04-12 00:00:00,0.12121212121212122,6,低利用率
1012312288YR53DTVACCH,2025-04-12 06:00:00,0.15151515151515152,6,低利用率
1012312288YR53DTVACCH,2025-04-12 12:00:00,0.25252525252525254,6,低利用率
1012312288YR53DTVACCH,2025-04-12 18:00:00,0.10101010101010101,6,低利用率
1012312288YR53DTVACCH,2025-04-13 00:00:00,0.0909090909090909,6,低利用率
1012312288YR53DTVACCH,2025-04-13 06:00:00,0.1313131313131313,6,低利用率
1012312288YR53DTVACCH,2025-04-13 12:00:00,0.20707070707070707,6,低利用率
1012312288YR53DTVACCH,2025-04-13 18:00:00,0.08585858585858586,6,低利用率
1012312288YR57VMEIUBL,2025-03-03 06:00:00,0.14705882352941177,1,低利用率
1012312288YR57VMEIUBL,2025-03-03 07:00:00,0.1568627450980392,6,低利用率
1012312288YR57VMEIUBL,2025-03-03 08:00:00,0.3333333333333333,6,中利用率
1012312288YR57VMEIUBL,2025-03-03 09:00:00,0.4264705882352941,6,中利用率
1012312288YR57VMEIUBL,2025-03-03 10:00:00,0.28921568627450983,6,低利用率
1012312288YR57VMEIUBL,2025-03-03 11:00:00,0.28921568627450983,6,低利用率
1012312288YR57VMEIUBL,2025-03-03 12:00:00,0.38235294117647056,6,中利用率
1012312288YR57VMEIUBL,2025-03-03 13:00:00,0.5392156862745098,6,中利用率
1012312288YR57VMEIUBL,2025-03-03 14:00:00,0.5441176470588235,6,中利用率
1012312288YR57VMEIUBL,2025-03-03 15:00:00,0.6029411764705882,6,中利用率
1012312288YR57VMEIUBL,2025-03-03 16:00:00,0.4166666666666667,6,中利用率
1012312288YR57VMEIUBL,2025-03-03 17:00:00,0.28431372549019607,6,低利用率
1012312288YR57VMEIUBL,2025-03-03 18:00:00,0.36764705882352944,6,中利用率
1012312288YR57VMEIUBL,2025-03-03 19:00:00,0.4362745098039216,6,中利用率
1012312288YR57VMEIUBL,2025-03-03 20:00:00,0.4656862745098039,6,中利用率
1012312288YR57VMEIUBL,2025-03-03 21:00:00,0.4852941176470588,6,中利用率
1012312288YR57VMEIUBL,2025-03-03 22:00:00,0.38725490196078427,6,中利用率
1012312288YR57VMEIUBL,2025-03-03 23:00:00,0.25490196078431376,6,低利用率
1012312288YR57VMEIUBL,2025-03-04 00:00:00,0.12745098039215688,6,低利用率
1012312288YR57VMEIUBL,2025-03-04 01:00:00,0.06372549019607843,6,低利用率
1012312288YR57VMEIUBL,2025-03-04 02:00:00,0.0588235294117647,6,低利用率
1012312288YR57VMEIUBL,2025-03-04 03:00:00,0.0588235294117647,3,低利用率
1012312288YR57VMEIUBL,2025-04-07 00:00:00,0.303921568627451,6,中利用率
1012312288YR57VMEIUBL,2025-04-07 06:00:00,0.10784313725490197,6,低利用率
1012312288YR57VMEIUBL,2025-04-07 12:00:00,0.4166666666666667,6,中利用率
1012312288YR57VMEIUBL,2025-04-07 18:00:00,0.40686274509803927,6,中利用率
1012312288YR57VMEIUBL,2025-04-08 00:00:00,0.25980392156862747,6,低利用率
1012312288YR57VMEIUBL,2025-04-08 06:00:00,0.09313725490196079,6,低利用率
1012312288YR57VMEIUBL,2025-04-08 12:00:00,0.34803921568627455,6,中利用率
1012312288YR57VMEIUBL,2025-04-08 18:00:00,0.37254901960784315,6,中利用率
1012312288YR57VMEIUBL,2025-04-09 00:00:00,0.2058823529411765,6,低利用率
1012312288YR57VMEIUBL,2025-04-09 06:00:00,0.09803921568627451,6,低利用率
1012312288YR57VMEIUBL,2025-04-09 18:00:00,0.35784313725490197,6,中利用率
1012312288YR57VMEIUBL,2025-04-10 00:00:00,0.2745098039215686,6,低利用率
1012312288YR57VMEIUBL,2025-04-10 06:00:00,0.18137254901960786,6,低利用率
1012312288YR57VMEIUBL,2025-04-10 12:00:00,0.411764705882353,6,中利用率
1012312288YR57VMEIUBL,2025-04-10 18:00:00,0.6911764705882354,6,中利用率
1012312288YR57VMEIUBL,2025-04-11 00:00:00,0.338235294117647,6,中利用率
1012312288YR57VMEIUBL,2025-04-11 06:00:00,0.1176470588235294,6,低利用率
1012312288YR57VMEIUBL,2025-04-11 12:00:00,0.4901960784313726,6,中利用率
1012312288YR57VMEIUBL,2025-04-11 18:00:00,0.338235294117647,6,中利用率
1012312288YR57VMEIUBL,2025-04-12 00:00:00,0.12254901960784315,6,低利用率
1012312288YR57VMEIUBL,2025-04-12 06:00:00,0.08823529411764706,6,低利用率
1012312288YR57VMEIUBL,2025-04-12 12:00:00,0.2058823529411765,6,低利用率
1012312288YR57VMEIUBL,2025-04-12 18:00:00,0.6274509803921569,6,中利用率
1012312288YR57VMEIUBL,2025-04-13 00:00:00,0.39215686274509803,6,中利用率
1012312288YR57VMEIUBL,2025-04-13 06:00:00,0.1323529411764706,6,低利用率
1012312288YR57VMEIUBL,2025-04-13 12:00:00,0.19607843137254902,6,低利用率
1012312288YR57VMEIUBL,2025-04-13 18:00:00,0.37254901960784315,6,中利用率
1012312288YR5B22720W1,2025-03-03 06:00:00,0.20689655172413793,2,低利用率
1012312288YR5B22720W1,2025-03-03 07:00:00,0.19540229885057472,6,低利用率
1012312288YR5B22720W1,2025-03-03 08:00:00,0.14080459770114942,6,低利用率
1012312288YR5B22720W1,2025-03-03 09:00:00,0.20402298850574715,6,低利用率
1012312288YR5B22720W1,2025-03-03 10:00:00,0.20977011494252873,6,低利用率
1012312288YR5B22720W1,2025-03-03 11:00:00,0.27011494252873564,6,低利用率
1012312288YR5B22720W1,2025-03-03 12:00:00,0.3390804597701149,6,中利用率
1012312288YR5B22720W1,2025-03-03 13:00:00,0.41379310344827586,6,中利用率
1012312288YR5B22720W1,2025-03-03 14:00:00,0.5258620689655172,6,中利用率
1012312288YR5B22720W1,2025-03-03 15:00:00,0.42241379310344823,6,中利用率
1012312288YR5B22720W1,2025-03-03 16:00:00,0.3879310344827586,6,中利用率
1012312288YR5B22720W1,2025-03-03 17:00:00,0.37068965517241376,6,中利用率
1012312288YR5B22720W1,2025-03-03 18:00:00,0.3333333333333333,6,中利用率
1012312288YR5B22720W1,2025-03-03 19:00:00,0.37068965517241376,6,中利用率
1012312288YR5B22720W1,2025-03-03 20:00:00,0.35919540229885055,6,中利用率
1012312288YR5B22720W1,2025-03-03 21:00:00,0.29885057471264365,6,低利用率
1012312288YR5B22720W1,2025-03-03 22:00:00,0.28160919540229884,6,低利用率
1012312288YR5B22720W1,2025-03-03 23:00:00,0.24425287356321843,6,低利用率
1012312288YR5B22720W1,2025-03-04 00:00:00,0.2298850574712644,6,低利用率
1012312288YR5B22720W1,2025-03-04 01:00:00,0.21551724137931036,6,低利用率
1012312288YR5B22720W1,2025-03-04 02:00:00,0.22126436781609196,6,低利用率
1012312288YR5B22720W1,2025-03-04 03:00:00,0.20689655172413793,3,低利用率
1012312288YR5B22720W1,2025-04-07 00:00:00,0.2040229885057471,6,低利用率
1012312288YR5B22720W1,2025-04-07 06:00:00,0.16666666666666666,6,低利用率
1012312288YR5B22720W1,2025-04-07 12:00:00,0.27586206896551724,6,低利用率
1012312288YR5B22720W1,2025-04-07 18:00:00,0.3390804597701149,6,中利用率
1012312288YR5B22720W1,2025-04-08 00:00:00,0.22413793103448276,6,低利用率
1012312288YR5B22720W1,2025-04-08 06:00:00,0.20977011494252876,6,低利用率
1012312288YR5B22720W1,2025-04-08 12:00:00,0.28160919540229884,6,低利用率
1012312288YR5B22720W1,2025-04-08 18:00:00,0.3994252873563218,6,中利用率
1012312288YR5B22720W1,2025-04-09 00:00:00,0.25,6,低利用率
1012312288YR5B22720W1,2025-04-09 06:00:00,0.1867816091954023,6,低利用率
1012312288YR5B22720W1,2025-04-09 18:00:00,0.3103448275862069,6,中利用率
1012312288YR5B22720W1,2025-04-10 00:00:00,0.2413793103448276,6,低利用率
1012312288YR5B22720W1,2025-04-10 06:00:00,0.1839080459770115,6,低利用率
1012312288YR5B22720W1,2025-04-10 12:00:00,0.28735632183908044,6,低利用率
1012312288YR5B22720W1,2025-04-10 18:00:00,0.3505747126436782,6,中利用率
1012312288YR5B22720W1,2025-04-11 00:00:00,0.3218390804597701,6,中利用率
1012312288YR5B22720W1,2025-04-11 06:00:00,0.21839080459770113,6,低利用率
1012312288YR5B22720W1,2025-04-11 12:00:00,0.29310344827586204,6,低利用率
1012312288YR5B22720W1,2025-04-11 18:00:00,0.3850574712643678,6,中利用率
1012312288YR5B22720W1,2025-04-12 00:00:00,0.24425287356321843,6,低利用率
1012312288YR5B22720W1,2025-04-12 06:00:00,0.23275862068965517,6,低利用率
1012312288YR5B22720W1,2025-04-12 12:00:00,0.26149425287356326,6,低利用率
1012312288YR5B22720W1,2025-04-12 18:00:00,0.32471264367816094,6,中利用率
1012312288YR5B22720W1,2025-04-13 00:00:00,0.33620689655172414,6,中利用率
1012312288YR5B22720W1,2025-04-13 06:00:00,0.22126436781609196,6,低利用率
1012312288YR5B22720W1,2025-04-13 12:00:00,0.33045977011494254,6,中利用率
1012312288YR5B22720W1,2025-04-13 18:00:00,0.39655172413793105,6,中利用率
1012312288YR5F42HE329,2025-03-03 06:00:00,0.625,1,中利用率
1012312288YR5F42HE329,2025-03-03 07:00:00,0.5833333333333334,6,中利用率
1012312288YR5F42HE329,2025-03-03 08:00:00,0.59375,6,中利用率
1012312288YR5F42HE329,2025-03-03 09:00:00,0.7708333333333334,6,高利用率
1012312288YR5F42HE329,2025-03-03 10:00:00,0.8375,5,高利用率
1012312288YR5F42HE329,2025-03-03 11:00:00,0.7375,5,高利用率
1012312288YR5F42HE329,2025-03-03 12:00:00,0.6979166666666666,6,中利用率
1012312288YR5F42HE329,2025-03-03 13:00:00,0.6041666666666666,6,中利用率
1012312288YR5F42HE329,2025-03-03 14:00:00,0.9166666666666666,6,高利用率
1012312288YR5F42HE329,2025-03-03 15:00:00,0.8333333333333334,6,高利用率
1012312288YR5F42HE329,2025-03-03 16:00:00,0.625,6,中利用率
1012312288YR5F42HE329,2025-03-03 17:00:00,0.5208333333333334,6,中利用率
1012312288YR5F42HE329,2025-03-03 18:00:00,0.8854166666666666,6,高利用率
1012312288YR5F42HE329,2025-03-03 19:00:00,0.6770833333333334,6,中利用率
1012312288YR5F42HE329,2025-03-03 20:00:00,0.71875,6,高利用率
1012312288YR5F42HE329,2025-03-03 21:00:00,0.6979166666666666,6,中利用率
1012312288YR5F42HE329,2025-03-03 22:00:00,0.75,6,高利用率
1012312288YR5F42HE329,2025-03-03 23:00:00,0.6458333333333334,6,中利用率
1012312288YR5F42HE329,2025-03-04 00:00:00,0.6354166666666666,6,中利用率
1012312288YR5F42HE329,2025-03-04 01:00:00,0.625,6,中利用率
1012312288YR5F42HE329,2025-03-04 02:00:00,0.625,6,中利用率
1012312288YR5F42HE329,2025-03-04 03:00:00,0.625,3,中利用率
1012312288YR5F42HE329,2025-04-07 00:00:00,0.5833333333333334,6,中利用率
1012312288YR5F42HE329,2025-04-07 06:00:00,0.4375,6,中利用率
1012312288YR5F42HE329,2025-04-07 12:00:00,0.8541666666666666,6,高利用率
1012312288YR5F42HE329,2025-04-07 18:00:00,0.9375,4,高利用率
1012312288YR5F42HE329,2025-04-08 00:00:00,0.5416666666666666,6,中利用率
1012312288YR5F42HE329,2025-04-08 06:00:00,0.3125,6,中利用率
1012312288YR5F42HE329,2025-04-08 12:00:00,0.7395833333333334,6,高利用率
1012312288YR5F42HE329,2025-04-08 18:00:00,0.9375,4,高利用率
1012312288YR5F42HE329,2025-04-09 00:00:00,0.9270833333333334,6,高利用率
1012312288YR5F42HE329,2025-04-09 06:00:00,0.6354166666666666,6,中利用率
1012312288YR5F42HE329,2025-04-09 18:00:00,0.6875,6,中利用率
1012312288YR5F42HE329,2025-04-10 00:00:00,0.3958333333333333,6,中利用率
1012312288YR5F42HE329,2025-04-10 06:00:00,0.375,6,中利用率
1012312288YR5F42HE329,2025-04-10 12:00:00,0.75,5,高利用率
1012312288YR5F42HE329,2025-04-10 18:00:00,0.8645833333333334,6,高利用率
1012312288YR5F42HE329,2025-04-11 00:00:00,0.7395833333333334,6,高利用率
1012312288YR5F42HE329,2025-04-11 06:00:00,0.5,6,中利用率
1012312288YR5F42HE329,2025-04-11 12:00:00,0.7708333333333334,6,高利用率
1012312288YR5F42HE329,2025-04-11 18:00:00,0.9166666666666666,3,高利用率
1012312288YR5F42HE329,2025-04-12 00:00:00,0.7291666666666666,6,高利用率
1012312288YR5F42HE329,2025-04-12 06:00:00,0.40625,6,中利用率
1012312288YR5F42HE329,2025-04-12 12:00:00,0.828125,4,高利用率
1012312288YR5F42HE329,2025-04-12 18:00:00,0.8333333333333334,6,高利用率
1012312288YR5F42HE329,2025-04-13 00:00:00,0.7916666666666666,6,高利用率
1012312288YR5F42HE329,2025-04-13 06:00:00,0.375,6,中利用率
1012312288YR5F42HE329,2025-04-13 12:00:00,0.78125,6,高利用率
1012312288YR5F42HE329,2025-04-13 18:00:00,0.8541666666666666,3,高利用率
1012312288YR5JPT2UOZL,2025-03-03 06:00:00,0.20967741935483872,2,低利用率
1012312288YR5JPT2UOZL,2025-03-03 07:00:00,0.21236559139784947,6,低利用率
1012312288YR5JPT2UOZL,2025-03-03 08:00:00,0.1854838709677419,6,低利用率
1012312288YR5JPT2UOZL,2025-03-03 09:00:00,0.21236559139784947,6,低利用率
1012312288YR5JPT2UOZL,2025-03-03 10:00:00,0.28225806451612906,6,低利用率
1012312288YR5JPT2UOZL,2025-03-03 11:00:00,0.33064516129032256,6,中利用率
1012312288YR5JPT2UOZL,2025-03-03 12:00:00,0.43548387096774194,6,中利用率
1012312288YR5JPT2UOZL,2025-03-03 13:00:00,0.38172043010752693,6,中利用率
1012312288YR5JPT2UOZL,2025-03-03 14:00:00,0.35752688172043007,6,中利用率
1012312288YR5JPT2UOZL,2025-03-03 15:00:00,0.37365591397849457,6,中利用率
1012312288YR5JPT2UOZL,2025-03-03 16:00:00,0.3172043010752688,6,中利用率
1012312288YR5JPT2UOZL,2025-03-03 17:00:00,0.33602150537634407,6,中利用率
1012312288YR5JPT2UOZL,2025-03-03 18:00:00,0.34139784946236557,6,中利用率
1012312288YR5JPT2UOZL,2025-03-03 19:00:00,0.33064516129032256,6,中利用率
1012312288YR5JPT2UOZL,2025-03-03 20:00:00,0.3279569892473118,6,中利用率
1012312288YR5JPT2UOZL,2025-03-03 21:00:00,0.3333333333333333,6,中利用率
1012312288YR5JPT2UOZL,2025-03-03 22:00:00,0.30913978494623656,6,中利用率
1012312288YR5JPT2UOZL,2025-03-03 23:00:00,0.2446236559139785,6,低利用率
1012312288YR5JPT2UOZL,2025-03-04 00:00:00,0.260752688172043,6,低利用率
1012312288YR5JPT2UOZL,2025-03-04 01:00:00,0.239247311827957,6,低利用率
1012312288YR5JPT2UOZL,2025-03-04 02:00:00,0.23118279569892475,6,低利用率
1012312288YR5JPT2UOZL,2025-03-04 03:00:00,0.23118279569892475,3,低利用率
1012312288YR5JPT2UOZL,2025-04-07 00:00:00,0.21774193548387097,6,低利用率
1012312288YR5JPT2UOZL,2025-04-07 06:00:00,0.228494623655914,6,低利用率
1012312288YR5JPT2UOZL,2025-04-07 12:00:00,0.4489247311827957,6,中利用率
1012312288YR5JPT2UOZL,2025-04-07 18:00:00,0.4274193548387097,6,中利用率
1012312288YR5JPT2UOZL,2025-04-08 00:00:00,0.33064516129032256,6,中利用率
1012312288YR5JPT2UOZL,2025-04-08 06:00:00,0.31989247311827956,6,中利用率
1012312288YR5JPT2UOZL,2025-04-08 12:00:00,0.5779569892473119,6,中利用率
1012312288YR5JPT2UOZL,2025-04-08 18:00:00,0.45161290322580644,6,中利用率
1012312288YR5JPT2UOZL,2025-04-09 00:00:00,0.2849462365591398,6,低利用率
1012312288YR5JPT2UOZL,2025-04-09 06:00:00,0.2903225806451613,6,低利用率
1012312288YR5JPT2UOZL,2025-04-09 18:00:00,0.36290322580645157,6,中利用率
1012312288YR5JPT2UOZL,2025-04-10 00:00:00,0.23655913978494625,6,低利用率
1012312288YR5JPT2UOZL,2025-04-10 06:00:00,0.2338709677419355,6,低利用率
1012312288YR5JPT2UOZL,2025-04-10 12:00:00,0.5026881720430108,6,中利用率
1012312288YR5JPT2UOZL,2025-04-10 18:00:00,0.489247311827957,6,中利用率
1012312288YR5JPT2UOZL,2025-04-11 00:00:00,0.33602150537634407,6,中利用率
1012312288YR5JPT2UOZL,2025-04-11 06:00:00,0.32526881720430106,6,中利用率
1012312288YR5JPT2UOZL,2025-04-11 12:00:00,0.47580645161290325,6,中利用率
1012312288YR5JPT2UOZL,2025-04-11 18:00:00,0.4704301075268817,6,中利用率
1012312288YR5JPT2UOZL,2025-04-12 00:00:00,0.28225806451612906,6,低利用率
1012312288YR5JPT2UOZL,2025-04-12 06:00:00,0.2446236559139785,6,低利用率
1012312288YR5JPT2UOZL,2025-04-12 12:00:00,0.5564516129032259,6,中利用率
1012312288YR5JPT2UOZL,2025-04-12 18:00:00,0.45698924731182794,6,中利用率
1012312288YR5JPT2UOZL,2025-04-13 00:00:00,0.2903225806451613,6,低利用率
1012312288YR5JPT2UOZL,2025-04-13 06:00:00,0.20430107526881722,6,低利用率
1012312288YR5JPT2UOZL,2025-04-13 12:00:00,0.543010752688172,6,中利用率
1012312288YR5JPT2UOZL,2025-04-13 18:00:00,0.5161290322580645,6,中利用率
1012312288YR5NVRFEV41,2025-03-03 06:00:00,0.5,1,中利用率
1012312288YR5NVRFEV41,2025-03-03 07:00:00,0.19444444444444442,6,低利用率
1012312288YR5NVRFEV41,2025-03-03 08:00:00,0.3888888888888889,6,中利用率
1012312288YR5NVRFEV41,2025-03-03 09:00:00,0.47222222222222215,6,中利用率
1012312288YR5NVRFEV41,2025-03-03 10:00:00,0.38888888888888884,6,中利用率
1012312288YR5NVRFEV41,2025-03-03 11:00:00,0.19444444444444442,6,低利用率
1012312288YR5NVRFEV41,2025-03-03 12:00:00,0.3611111111111111,6,中利用率
1012312288YR5NVRFEV41,2025-03-03 13:00:00,0.27777777777777773,6,低利用率
1012312288YR5NVRFEV41,2025-03-03 14:00:00,0.3333333333333333,6,中利用率
1012312288YR5NVRFEV41,2025-03-03 15:00:00,0.5,6,中利用率
1012312288YR5NVRFEV41,2025-03-03 16:00:00,0.19444444444444442,6,低利用率
1012312288YR5NVRFEV41,2025-03-03 17:00:00,0.38888888888888884,6,中利用率
1012312288YR5NVRFEV41,2025-03-03 18:00:00,0.5833333333333334,6,中利用率
1012312288YR5NVRFEV41,2025-03-03 19:00:00,0.5,6,中利用率
1012312288YR5NVRFEV41,2025-03-03 20:00:00,0.5555555555555555,6,中利用率
1012312288YR5NVRFEV41,2025-03-03 21:00:00,0.5,6,中利用率
1012312288YR5NVRFEV41,2025-03-03 22:00:00,0.5,6,中利用率
1012312288YR5NVRFEV41,2025-03-03 23:00:00,0.3333333333333333,6,中利用率
1012312288YR5NVRFEV41,2025-03-04 00:00:00,0.3611111111111111,6,中利用率
1012312288YR5NVRFEV41,2025-03-04 01:00:00,0.3333333333333333,6,中利用率
1012312288YR5NVRFEV41,2025-03-04 02:00:00,0.3333333333333333,6,中利用率
1012312288YR5NVRFEV41,2025-03-04 03:00:00,0.3333333333333333,3,中利用率
1012312288YR5NVRFEV41,2025-04-07 00:00:00,0.6666666666666666,6,中利用率
1012312288YR5NVRFEV41,2025-04-07 06:00:00,0.611111111111111,6,中利用率
1012312288YR5NVRFEV41,2025-04-07 12:00:00,0.4166666666666667,6,中利用率
1012312288YR5NVRFEV41,2025-04-07 18:00:00,0.4166666666666667,6,中利用率
1012312288YR5NVRFEV41,2025-04-08 00:00:00,0.6666666666666666,6,中利用率
1012312288YR5NVRFEV41,2025-04-08 06:00:00,0.5277777777777778,6,中利用率
1012312288YR5NVRFEV41,2025-04-08 12:00:00,0.13888888888888887,6,低利用率
1012312288YR5NVRFEV41,2025-04-08 18:00:00,0.5277777777777778,6,中利用率
1012312288YR5NVRFEV41,2025-04-09 00:00:00,0.8333333333333334,6,高利用率
1012312288YR5NVRFEV41,2025-04-09 06:00:00,0.5277777777777778,6,中利用率
1012312288YR5NVRFEV41,2025-04-09 18:00:00,0.5833333333333334,6,中利用率
1012312288YR5NVRFEV41,2025-04-10 00:00:00,0.5,6,中利用率
1012312288YR5NVRFEV41,2025-04-10 06:00:00,0.3333333333333333,6,中利用率
1012312288YR5NVRFEV41,2025-04-10 12:00:00,0.3333333333333333,6,中利用率
1012312288YR5NVRFEV41,2025-04-10 18:00:00,0.6944444444444445,6,中利用率
1012312288YR5NVRFEV41,2025-04-11 00:00:00,0.5,6,中利用率
1012312288YR5NVRFEV41,2025-04-11 06:00:00,0.3333333333333333,6,中利用率
1012312288YR5NVRFEV41,2025-04-11 12:00:00,0.3333333333333333,6,中利用率
1012312288YR5NVRFEV41,2025-04-11 18:00:00,0.6666666666666666,6,中利用率
1012312288YR5NVRFEV41,2025-04-12 00:00:00,0.5,6,中利用率
1012312288YR5NVRFEV41,2025-04-12 06:00:00,0.6944444444444443,6,中利用率
1012312288YR5NVRFEV41,2025-04-12 12:00:00,0.5666666666666667,5,中利用率
1012312288YR5NVRFEV41,2025-04-12 18:00:00,0.7222222222222222,6,高利用率
1012312288YR5NVRFEV41,2025-04-13 00:00:00,0.19444444444444442,6,低利用率
1012312288YR5NVRFEV41,2025-04-13 06:00:00,0.3333333333333333,6,中利用率
1012312288YR5NVRFEV41,2025-04-13 12:00:00,0.5833333333333334,6,中利用率
1012312288YR5NVRFEV41,2025-04-13 18:00:00,0.75,6,高利用率
1012312288YR5RTTNITC1,2025-03-03 06:00:00,0.2564102564102564,1,低利用率
1012312288YR5RTTNITC1,2025-03-03 07:00:00,0.2735042735042735,6,低利用率
1012312288YR5RTTNITC1,2025-03-03 08:00:00,0.25641025641025644,6,低利用率
1012312288YR5RTTNITC1,2025-03-03 09:00:00,0.547008547008547,6,中利用率
1012312288YR5RTTNITC1,2025-03-03 10:00:00,0.6282051282051282,6,中利用率
1012312288YR5RTTNITC1,2025-03-03 11:00:00,0.5641025641025641,6,中利用率
1012312288YR5RTTNITC1,2025-03-03 12:00:00,0.517094017094017,6,中利用率
1012312288YR5RTTNITC1,2025-03-03 13:00:00,0.5213675213675214,6,中利用率
1012312288YR5RTTNITC1,2025-03-03 14:00:00,0.5341880341880342,6,中利用率
1012312288YR5RTTNITC1,2025-03-03 15:00:00,0.49572649572649574,6,中利用率
1012312288YR5RTTNITC1,2025-03-03 16:00:00,0.5,6,中利用率
1012312288YR5RTTNITC1,2025-03-03 17:00:00,0.5042735042735043,6,中利用率
1012312288YR5RTTNITC1,2025-03-03 18:00:00,0.45726495726495725,6,中利用率
1012312288YR5RTTNITC1,2025-03-03 19:00:00,0.3205128205128205,6,中利用率
1012312288YR5RTTNITC1,2025-03-03 20:00:00,0.3547008547008547,6,中利用率
1012312288YR5RTTNITC1,2025-03-03 21:00:00,0.3717948717948718,6,中利用率
1012312288YR5RTTNITC1,2025-03-03 22:00:00,0.4102564102564103,6,中利用率
1012312288YR5RTTNITC1,2025-03-03 23:00:00,0.4102564102564103,6,中利用率
1012312288YR5RTTNITC1,2025-03-04 00:00:00,0.3461538461538461,6,中利用率
1012312288YR5RTTNITC1,2025-03-04 01:00:00,0.3333333333333333,6,中利用率
1012312288YR5RTTNITC1,2025-03-04 02:00:00,0.3461538461538461,6,中利用率
1012312288YR5RTTNITC1,2025-03-04 03:00:00,0.35042735042735046,3,中利用率
1012312288YR5RTTNITC1,2025-04-07 00:00:00,0.24358974358974358,6,低利用率
1012312288YR5RTTNITC1,2025-04-07 06:00:00,0.1794871794871795,6,低利用率
1012312288YR5RTTNITC1,2025-04-07 12:00:00,0.42735042735042733,6,中利用率
1012312288YR5RTTNITC1,2025-04-07 18:00:00,0.4230769230769231,6,中利用率
1012312288YR5RTTNITC1,2025-04-08 00:00:00,0.2905982905982906,6,低利用率
1012312288YR5RTTNITC1,2025-04-08 06:00:00,0.3162393162393162,6,中利用率
1012312288YR5RTTNITC1,2025-04-08 12:00:00,0.3376068376068376,6,中利用率
1012312288YR5RTTNITC1,2025-04-08 18:00:00,0.5128205128205128,6,中利用率
1012312288YR5RTTNITC1,2025-04-09 00:00:00,0.3076923076923077,6,中利用率
1012312288YR5RTTNITC1,2025-04-09 06:00:00,0.27777777777777773,6,低利用率
1012312288YR5RTTNITC1,2025-04-09 18:00:00,0.47008547008547,6,中利用率
1012312288YR5RTTNITC1,2025-04-10 00:00:00,0.39316239316239315,6,中利用率
1012312288YR5RTTNITC1,2025-04-10 06:00:00,0.34188034188034183,6,中利用率
1012312288YR5RTTNITC1,2025-04-10 12:00:00,0.3461538461538462,6,中利用率
1012312288YR5RTTNITC1,2025-04-10 18:00:00,0.6025641025641025,6,中利用率
1012312288YR5RTTNITC1,2025-04-11 00:00:00,0.3846153846153846,6,中利用率
1012312288YR5RTTNITC1,2025-04-11 06:00:00,0.37606837606837606,6,中利用率
1012312288YR5RTTNITC1,2025-04-11 12:00:00,0.45726495726495725,6,中利用率
1012312288YR5RTTNITC1,2025-04-11 18:00:00,0.5341880341880342,6,中利用率
1012312288YR5RTTNITC1,2025-04-12 00:00:00,0.3162393162393162,6,中利用率
1012312288YR5RTTNITC1,2025-04-12 06:00:00,0.26068376068376065,6,低利用率
1012312288YR5RTTNITC1,2025-04-12 12:00:00,0.2905982905982906,6,低利用率
1012312288YR5RTTNITC1,2025-04-12 18:00:00,0.36324786324786323,6,中利用率
1012312288YR5RTTNITC1,2025-04-13 00:00:00,0.24786324786324787,6,低利用率
1012312288YR5RTTNITC1,2025-04-13 06:00:00,0.15384615384615385,6,低利用率
1012312288YR5RTTNITC1,2025-04-13 12:00:00,0.36752136752136755,6,中利用率
1012312288YR5RTTNITC1,2025-04-13 18:00:00,0.3461538461538462,6,中利用率
1012312288YR5UKH75K3L,2025-03-03 06:00:00,0.09900990099009901,2,低利用率
1012312288YR5UKH75K3L,2025-03-03 07:00:00,0.08745874587458746,6,低利用率
1012312288YR5UKH75K3L,2025-03-03 08:00:00,0.1221122112211221,6,低利用率
1012312288YR5UKH75K3L,2025-03-03 09:00:00,0.2293729372937294,6,低利用率
1012312288YR5UKH75K3L,2025-03-03 10:00:00,0.22112211221122113,6,低利用率
1012312288YR5UKH75K3L,2025-03-03 11:00:00,0.2343234323432343,6,低利用率
1012312288YR5UKH75K3L,2025-03-03 12:00:00,0.24917491749174916,6,低利用率
1012312288YR5UKH75K3L,2025-03-03 13:00:00,0.21122112211221122,6,低利用率
1012312288YR5UKH75K3L,2025-03-03 14:00:00,0.3069306930693069,6,中利用率
1012312288YR5UKH75K3L,2025-03-03 15:00:00,0.25742574257425743,6,低利用率
1012312288YR5UKH75K3L,2025-03-03 16:00:00,0.17326732673267328,6,低利用率
1012312288YR5UKH75K3L,2025-03-03 17:00:00,0.2277227722772277,6,低利用率
1012312288YR5UKH75K3L,2025-03-03 18:00:00,0.28217821782178215,6,低利用率
1012312288YR5UKH75K3L,2025-03-03 19:00:00,0.24257425742574257,6,低利用率
1012312288YR5UKH75K3L,2025-03-03 20:00:00,0.18811881188118815,6,低利用率
1012312288YR5UKH75K3L,2025-03-03 21:00:00,0.21122112211221122,6,低利用率
1012312288YR5UKH75K3L,2025-03-03 22:00:00,0.2194719471947195,6,低利用率
1012312288YR5UKH75K3L,2025-03-03 23:00:00,0.23267326732673266,6,低利用率
1012312288YR5UKH75K3L,2025-03-04 00:00:00,0.21122112211221122,6,低利用率
1012312288YR5UKH75K3L,2025-03-04 01:00:00,0.20957095709570958,6,低利用率
1012312288YR5UKH75K3L,2025-03-04 02:00:00,0.22772277227722773,6,低利用率
1012312288YR5UKH75K3L,2025-03-04 03:00:00,0.2079207920792079,3,低利用率
1012312288YR5UKH75K3L,2025-04-07 00:00:00,0.17656765676567657,6,低利用率
1012312288YR5UKH75K3L,2025-04-07 06:00:00,0.1485148514851485,6,低利用率
1012312288YR5UKH75K3L,2025-04-07 12:00:00,0.20627062706270627,6,低利用率
1012312288YR5UKH75K3L,2025-04-07 18:00:00,0.16006600660066006,6,低利用率
1012312288YR5UKH75K3L,2025-04-08 00:00:00,0.10561056105610561,6,低利用率
1012312288YR5UKH75K3L,2025-04-08 06:00:00,0.09900990099009903,6,低利用率
1012312288YR5UKH75K3L,2025-04-08 12:00:00,0.2755775577557756,6,低利用率
1012312288YR5UKH75K3L,2025-04-08 18:00:00,0.39108910891089105,6,中利用率
1012312288YR5UKH75K3L,2025-04-09 00:00:00,0.20462046204620463,6,低利用率
1012312288YR5UKH75K3L,2025-04-09 06:00:00,0.15676567656765675,6,低利用率
1012312288YR5UKH75K3L,2025-04-09 18:00:00,0.24257425742574257,6,低利用率
1012312288YR5UKH75K3L,2025-04-10 00:00:00,0.14191419141914194,6,低利用率
1012312288YR5UKH75K3L,2025-04-10 06:00:00,0.12871287128712872,6,低利用率
1012312288YR5UKH75K3L,2025-04-10 12:00:00,0.21122112211221122,6,低利用率
1012312288YR5UKH75K3L,2025-04-10 18:00:00,0.3646864686468647,6,中利用率
1012312288YR5UKH75K3L,2025-04-11 00:00:00,0.18151815181518152,6,低利用率
1012312288YR5UKH75K3L,2025-04-11 06:00:00,0.17326732673267328,6,低利用率
1012312288YR5UKH75K3L,2025-04-11 12:00:00,0.2838283828382838,6,低利用率
1012312288YR5UKH75K3L,2025-04-11 18:00:00,0.4059405940594059,6,中利用率
1012312288YR5UKH75K3L,2025-04-12 00:00:00,0.21782178217821782,6,低利用率
1012312288YR5UKH75K3L,2025-04-12 06:00:00,0.16501650165016502,6,低利用率
1012312288YR5UKH75K3L,2025-04-12 12:00:00,0.2590759075907591,6,低利用率
1012312288YR5UKH75K3L,2025-04-12 18:00:00,0.4752475247524752,6,中利用率
1012312288YR5UKH75K3L,2025-04-13 00:00:00,0.24092409240924093,6,低利用率
1012312288YR5UKH75K3L,2025-04-13 06:00:00,0.21287128712871287,6,低利用率
1012312288YR5UKH75K3L,2025-04-13 12:00:00,0.1617161716171617,6,低利用率
1012312288YR5UKH75K3L,2025-04-13 18:00:00,0.3316831683168317,6,中利用率
1012312288YR5XYT44YKH,2025-03-03 06:00:00,0.15140845070422537,2,低利用率
1012312288YR5XYT44YKH,2025-03-03 07:00:00,0.12910798122065728,6,低利用率
1012312288YR5XYT44YKH,2025-03-03 08:00:00,0.0868544600938967,6,低利用率
1012312288YR5XYT44YKH,2025-03-03 09:00:00,0.10563380281690142,6,低利用率
1012312288YR5XYT44YKH,2025-03-03 10:00:00,0.107981220657277,6,低利用率
1012312288YR5XYT44YKH,2025-03-03 11:00:00,0.15023474178403756,6,低利用率
1012312288YR5XYT44YKH,2025-03-03 12:00:00,0.18896713615023475,6,低利用率
1012312288YR5XYT44YKH,2025-03-03 13:00:00,0.15375586854460094,6,低利用率
1012312288YR5XYT44YKH,2025-03-03 14:00:00,0.20305164319248825,6,低利用率
1012312288YR5XYT44YKH,2025-03-03 15:00:00,0.20892018779342722,6,低利用率
1012312288YR5XYT44YKH,2025-03-03 16:00:00,0.17957746478873238,6,低利用率
1012312288YR5XYT44YKH,2025-03-03 17:00:00,0.18544600938967135,6,低利用率
1012312288YR5XYT44YKH,2025-03-03 18:00:00,0.2652582159624413,6,低利用率
1012312288YR5XYT44YKH,2025-03-03 19:00:00,0.22887323943661972,6,低利用率
1012312288YR5XYT44YKH,2025-03-03 20:00:00,0.29577464788732394,6,低利用率
1012312288YR5XYT44YKH,2025-03-03 21:00:00,0.3568075117370892,6,中利用率
1012312288YR5XYT44YKH,2025-03-03 22:00:00,0.36971830985915494,6,中利用率
1012312288YR5XYT44YKH,2025-03-03 23:00:00,0.37089201877934275,6,中利用率
1012312288YR5XYT44YKH,2025-03-04 00:00:00,0.3192488262910798,6,中利用率
1012312288YR5XYT44YKH,2025-03-04 01:00:00,0.28169014084507044,6,低利用率
1012312288YR5XYT44YKH,2025-03-04 02:00:00,0.2828638497652582,6,低利用率
1012312288YR5XYT44YKH,2025-03-04 03:00:00,0.25586854460093894,3,低利用率
1012312288YR5XYT44YKH,2025-04-07 00:00:00,0.18779342723004697,6,低利用率
1012312288YR5XYT44YKH,2025-04-07 06:00:00,0.14671361502347416,6,低利用率
1012312288YR5XYT44YKH,2025-04-07 12:00:00,0.17253521126760563,6,低利用率
1012312288YR5XYT44YKH,2025-04-07 18:00:00,0.29107981220657275,6,低利用率
1012312288YR5XYT44YKH,2025-04-08 00:00:00,0.2183098591549296,6,低利用率
1012312288YR5XYT44YKH,2025-04-08 06:00:00,0.1584507042253521,6,低利用率
1012312288YR5XYT44YKH,2025-04-08 12:00:00,0.22183098591549297,6,低利用率
1012312288YR5XYT44YKH,2025-04-08 18:00:00,0.1936619718309859,6,低利用率
1012312288YR5XYT44YKH,2025-04-09 00:00:00,0.20657276995305163,6,低利用率
1012312288YR5XYT44YKH,2025-04-09 06:00:00,0.13849765258215962,6,低利用率
1012312288YR5XYT44YKH,2025-04-09 18:00:00,0.31220657276995306,6,中利用率
1012312288YR5XYT44YKH,2025-04-10 00:00:00,0.2699530516431925,6,低利用率
1012312288YR5XYT44YKH,2025-04-10 06:00:00,0.20422535211267603,6,低利用率
1012312288YR5XYT44YKH,2025-04-10 12:00:00,0.2276995305164319,6,低利用率
1012312288YR5XYT44YKH,2025-04-10 18:00:00,0.318075117370892,6,中利用率
1012312288YR5XYT44YKH,2025-04-11 00:00:00,0.21244131455399062,6,低利用率
1012312288YR5XYT44YKH,2025-04-11 06:00:00,0.17957746478873238,6,低利用率
1012312288YR5XYT44YKH,2025-04-11 12:00:00,0.2676056338028169,6,低利用率
1012312288YR5XYT44YKH,2025-04-11 18:00:00,0.3345070422535212,6,中利用率
1012312288YR5XYT44YKH,2025-04-12 00:00:00,0.2934272300469484,6,低利用率
1012312288YR5XYT44YKH,2025-04-12 06:00:00,0.18661971830985916,6,低利用率
1012312288YR5XYT44YKH,2025-04-12 12:00:00,0.2605633802816901,6,低利用率
1012312288YR5XYT44YKH,2025-04-12 18:00:00,0.3474178403755868,6,中利用率
1012312288YR5XYT44YKH,2025-04-13 00:00:00,0.23708920187793425,6,低利用率
1012312288YR5XYT44YKH,2025-04-13 06:00:00,0.1267605633802817,6,低利用率
1012312288YR5XYT44YKH,2025-04-13 12:00:00,0.19718309859154928,6,低利用率
1012312288YR5XYT44YKH,2025-04-13 18:00:00,0.25234741784037557,6,低利用率
1012312288YR61OZ7SOW1,2025-03-03 06:00:00,0.42857142857142855,2,中利用率
1012312288YR61OZ7SOW1,2025-03-03 07:00:00,0.42857142857142855,6,中利用率
1012312288YR61OZ7SOW1,2025-03-03 08:00:00,0.15476190476190474,6,低利用率
1012312288YR61OZ7SOW1,2025-03-03 09:00:00,0.19047619047619047,6,低利用率
1012312288YR61OZ7SOW1,2025-03-03 10:00:00,0.23809523809523805,6,低利用率
1012312288YR61OZ7SOW1,2025-03-03 11:00:00,0.3095238095238095,6,中利用率
1012312288YR61OZ7SOW1,2025-03-03 12:00:00,0.3452380952380952,6,中利用率
1012312288YR61OZ7SOW1,2025-03-03 13:00:00,0.22619047619047616,6,低利用率
1012312288YR61OZ7SOW1,2025-03-03 14:00:00,0.38095238095238093,6,中利用率
1012312288YR61OZ7SOW1,2025-03-03 15:00:00,0.39285714285714285,6,中利用率
1012312288YR61OZ7SOW1,2025-03-03 16:00:00,0.3452380952380952,6,中利用率
1012312288YR61OZ7SOW1,2025-03-03 17:00:00,0.5476190476190476,6,中利用率
1012312288YR61OZ7SOW1,2025-03-03 18:00:00,0.7142857142857143,6,高利用率
1012312288YR61OZ7SOW1,2025-03-03 19:00:00,0.4166666666666667,6,中利用率
1012312288YR61OZ7SOW1,2025-03-03 20:00:00,0.35714285714285715,6,中利用率
1012312288YR61OZ7SOW1,2025-03-03 21:00:00,0.36904761904761907,6,中利用率
1012312288YR61OZ7SOW1,2025-03-03 22:00:00,0.44047619047619047,6,中利用率
1012312288YR61OZ7SOW1,2025-03-03 23:00:00,0.6190476190476191,6,中利用率
1012312288YR61OZ7SOW1,2025-03-04 00:00:00,0.6904761904761906,6,中利用率
1012312288YR61OZ7SOW1,2025-03-04 01:00:00,0.7142857142857143,6,高利用率
1012312288YR61OZ7SOW1,2025-03-04 02:00:00,0.7142857142857143,6,高利用率
1012312288YR61OZ7SOW1,2025-03-04 03:00:00,0.7142857142857143,3,高利用率
1012312288YR61OZ7SOW1,2025-04-07 00:00:00,0.23809523809523805,6,低利用率
1012312288YR61OZ7SOW1,2025-04-07 06:00:00,0.20238095238095236,6,低利用率
1012312288YR61OZ7SOW1,2025-04-07 12:00:00,0.6785714285714285,6,中利用率
1012312288YR61OZ7SOW1,2025-04-07 18:00:00,0.4761904761904762,6,中利用率
1012312288YR61OZ7SOW1,2025-04-08 00:00:00,0.6428571428571429,6,中利用率
1012312288YR61OZ7SOW1,2025-04-08 06:00:00,0.5833333333333334,6,中利用率
1012312288YR61OZ7SOW1,2025-04-08 12:00:00,0.5952380952380952,6,中利用率
1012312288YR61OZ7SOW1,2025-04-08 18:00:00,0.3928571428571428,6,中利用率
1012312288YR61OZ7SOW1,2025-04-09 00:00:00,0.48809523809523814,6,中利用率
1012312288YR61OZ7SOW1,2025-04-09 06:00:00,0.5595238095238095,6,中利用率
1012312288YR61OZ7SOW1,2025-04-09 18:00:00,0.4880952380952381,6,中利用率
1012312288YR61OZ7SOW1,2025-04-10 00:00:00,0.6428571428571429,6,中利用率
1012312288YR61OZ7SOW1,2025-04-10 06:00:00,0.6309523809523809,6,中利用率
1012312288YR61OZ7SOW1,2025-04-10 12:00:00,0.4166666666666667,6,中利用率
1012312288YR61OZ7SOW1,2025-04-10 18:00:00,0.7619047619047619,6,高利用率
1012312288YR61OZ7SOW1,2025-04-11 00:00:00,0.6428571428571429,6,中利用率
1012312288YR61OZ7SOW1,2025-04-11 06:00:00,0.5714285714285714,6,中利用率
1012312288YR61OZ7SOW1,2025-04-11 12:00:00,0.5595238095238095,6,中利用率
1012312288YR61OZ7SOW1,2025-04-11 18:00:00,0.8095238095238096,6,高利用率
1012312288YR61OZ7SOW1,2025-04-12 00:00:00,0.35714285714285715,6,中利用率
1012312288YR61OZ7SOW1,2025-04-12 06:00:00,0.3452380952380952,6,中利用率
1012312288YR61OZ7SOW1,2025-04-12 12:00:00,0.6547619047619048,6,中利用率
1012312288YR61OZ7SOW1,2025-04-12 18:00:00,0.6785714285714285,6,中利用率
1012312288YR61OZ7SOW1,2025-04-13 00:00:00,0.5,6,中利用率
1012312288YR61OZ7SOW1,2025-04-13 06:00:00,0.42857142857142855,6,中利用率
1012312288YR61OZ7SOW1,2025-04-13 12:00:00,0.7023809523809524,6,高利用率
1012312288YR61OZ7SOW1,2025-04-13 18:00:00,0.7857142857142857,4,高利用率
1012312288YR64NIVVNK1,2025-03-03 06:00:00,0.391304347826087,1,中利用率
1012312288YR64NIVVNK1,2025-03-03 07:00:00,0.39855072463768115,6,中利用率
1012312288YR64NIVVNK1,2025-03-03 08:00:00,0.38405797101449274,6,中利用率
1012312288YR64NIVVNK1,2025-03-03 09:00:00,0.5579710144927535,6,中利用率
1012312288YR64NIVVNK1,2025-03-03 10:00:00,0.8550724637681159,6,高利用率
1012312288YR64NIVVNK1,2025-03-03 11:00:00,0.7028985507246377,6,高利用率
1012312288YR64NIVVNK1,2025-03-03 12:00:00,0.644927536231884,6,中利用率
1012312288YR64NIVVNK1,2025-03-03 13:00:00,0.5362318840579711,6,中利用率
1012312288YR64NIVVNK1,2025-03-03 14:00:00,0.6231884057971014,6,中利用率
1012312288YR64NIVVNK1,2025-03-03 15:00:00,0.5217391304347826,6,中利用率
1012312288YR64NIVVNK1,2025-03-03 16:00:00,0.5362318840579711,6,中利用率
1012312288YR64NIVVNK1,2025-03-03 17:00:00,0.5797101449275363,6,中利用率
1012312288YR64NIVVNK1,2025-03-03 18:00:00,0.6086956521739131,6,中利用率
1012312288YR64NIVVNK1,2025-03-03 19:00:00,0.5942028985507246,6,中利用率
1012312288YR64NIVVNK1,2025-03-03 20:00:00,0.5362318840579711,6,中利用率
1012312288YR64NIVVNK1,2025-03-03 21:00:00,0.5579710144927535,6,中利用率
1012312288YR64NIVVNK1,2025-03-03 22:00:00,0.5869565217391305,6,中利用率
1012312288YR64NIVVNK1,2025-03-03 23:00:00,0.45652173913043476,6,中利用率
1012312288YR64NIVVNK1,2025-03-04 00:00:00,0.36231884057971014,6,中利用率
1012312288YR64NIVVNK1,2025-03-04 01:00:00,0.2898550724637681,6,低利用率
1012312288YR64NIVVNK1,2025-03-04 02:00:00,0.24637681159420288,6,低利用率
1012312288YR64NIVVNK1,2025-03-04 03:00:00,0.21739130434782608,3,低利用率
1012312288YR64NIVVNK1,2025-04-07 00:00:00,0.3695652173913044,6,中利用率
1012312288YR64NIVVNK1,2025-04-07 06:00:00,0.2246376811594203,6,低利用率
1012312288YR64NIVVNK1,2025-04-07 12:00:00,0.3695652173913044,6,中利用率
1012312288YR64NIVVNK1,2025-04-07 18:00:00,0.6666666666666666,6,中利用率
1012312288YR64NIVVNK1,2025-04-08 00:00:00,0.5,6,中利用率
1012312288YR64NIVVNK1,2025-04-08 06:00:00,0.3695652173913044,6,中利用率
1012312288YR64NIVVNK1,2025-04-08 12:00:00,0.35507246376811596,6,中利用率
1012312288YR64NIVVNK1,2025-04-08 18:00:00,0.7318840579710145,6,高利用率
1012312288YR64NIVVNK1,2025-04-09 00:00:00,0.4855072463768116,6,中利用率
1012312288YR64NIVVNK1,2025-04-09 06:00:00,0.3695652173913044,6,中利用率
1012312288YR64NIVVNK1,2025-04-09 18:00:00,0.5652173913043478,6,中利用率
1012312288YR64NIVVNK1,2025-04-10 00:00:00,0.2898550724637681,6,低利用率
1012312288YR64NIVVNK1,2025-04-10 06:00:00,0.32608695652173914,6,中利用率
1012312288YR64NIVVNK1,2025-04-10 12:00:00,0.5362318840579711,6,中利用率
1012312288YR64NIVVNK1,2025-04-10 18:00:00,0.7101449275362319,6,高利用率
1012312288YR64NIVVNK1,2025-04-11 00:00:00,0.2753623188405797,6,低利用率
1012312288YR64NIVVNK1,2025-04-11 06:00:00,0.26811594202898553,6,低利用率
1012312288YR64NIVVNK1,2025-04-11 12:00:00,0.6956521739130435,6,中利用率
1012312288YR64NIVVNK1,2025-04-11 18:00:00,0.7826086956521738,6,高利用率
1012312288YR64NIVVNK1,2025-04-12 00:00:00,0.2753623188405797,6,低利用率
1012312288YR64NIVVNK1,2025-04-12 06:00:00,0.2608695652173913,6,低利用率
1012312288YR64NIVVNK1,2025-04-12 12:00:00,0.681159420289855,6,中利用率
1012312288YR64NIVVNK1,2025-04-12 18:00:00,0.8405797101449276,6,高利用率
1012312288YR64NIVVNK1,2025-04-13 00:00:00,0.3115942028985507,6,中利用率
1012312288YR64NIVVNK1,2025-04-13 06:00:00,0.34782608695652173,6,中利用率
1012312288YR64NIVVNK1,2025-04-13 12:00:00,0.753623188405797,6,高利用率
1012312288YR64NIVVNK1,2025-04-13 18:00:00,0.8550724637681159,6,高利用率
1012312288YR68DOZJDVL,2025-03-03 06:00:00,0.3333333333333333,2,中利用率
1012312288YR68DOZJDVL,2025-03-03 07:00:00,0.2638888888888889,6,低利用率
1012312288YR68DOZJDVL,2025-03-03 08:00:00,0.3055555555555556,6,中利用率
1012312288YR68DOZJDVL,2025-03-03 09:00:00,0.7361111111111112,6,高利用率
1012312288YR68DOZJDVL,2025-03-03 10:00:00,0.75,6,高利用率
1012312288YR68DOZJDVL,2025-03-03 11:00:00,0.3333333333333333,6,中利用率
1012312288YR68DOZJDVL,2025-03-03 12:00:00,0.2777777777777778,6,低利用率
1012312288YR68DOZJDVL,2025-03-03 13:00:00,0.3333333333333333,6,中利用率
1012312288YR68DOZJDVL,2025-03-03 14:00:00,0.875,6,高利用率
1012312288YR68DOZJDVL,2025-03-03 15:00:00,0.7638888888888888,6,高利用率
1012312288YR68DOZJDVL,2025-03-03 16:00:00,0.4583333333333333,6,中利用率
1012312288YR68DOZJDVL,2025-03-03 17:00:00,0.3194444444444445,6,中利用率
1012312288YR68DOZJDVL,2025-03-03 18:00:00,0.2916666666666667,6,低利用率
1012312288YR68DOZJDVL,2025-03-03 19:00:00,0.3888888888888889,6,中利用率
1012312288YR68DOZJDVL,2025-03-03 20:00:00,0.4166666666666667,6,中利用率
1012312288YR68DOZJDVL,2025-03-03 21:00:00,0.3333333333333333,6,中利用率
1012312288YR68DOZJDVL,2025-03-03 22:00:00,0.3333333333333333,6,中利用率
1012312288YR68DOZJDVL,2025-03-03 23:00:00,0.3333333333333333,6,中利用率
1012312288YR68DOZJDVL,2025-03-04 00:00:00,0.3333333333333333,6,中利用率
1012312288YR68DOZJDVL,2025-03-04 01:00:00,0.3333333333333333,6,中利用率
1012312288YR68DOZJDVL,2025-03-04 02:00:00,0.3333333333333333,6,中利用率
1012312288YR68DOZJDVL,2025-03-04 03:00:00,0.3333333333333333,3,中利用率
1012312288YR68DOZJDVL,2025-04-07 00:00:00,0.2916666666666667,6,低利用率
1012312288YR68DOZJDVL,2025-04-07 06:00:00,0.08333333333333333,6,低利用率
1012312288YR68DOZJDVL,2025-04-07 12:00:00,0.3194444444444444,6,中利用率
1012312288YR68DOZJDVL,2025-04-07 18:00:00,0.2638888888888889,6,低利用率
1012312288YR68DOZJDVL,2025-04-08 00:00:00,0.2638888888888889,6,低利用率
1012312288YR68DOZJDVL,2025-04-08 06:00:00,0.25,6,低利用率
1012312288YR68DOZJDVL,2025-04-08 12:00:00,0.2638888888888889,6,低利用率
1012312288YR68DOZJDVL,2025-04-08 18:00:00,0.3194444444444445,6,中利用率
1012312288YR68DOZJDVL,2025-04-09 00:00:00,0.34722222222222215,6,中利用率
1012312288YR68DOZJDVL,2025-04-09 06:00:00,0.25,6,低利用率
1012312288YR68DOZJDVL,2025-04-09 18:00:00,0.3055555555555555,6,中利用率
1012312288YR68DOZJDVL,2025-04-10 00:00:00,0.16666666666666666,6,低利用率
1012312288YR68DOZJDVL,2025-04-10 06:00:00,0.08333333333333333,6,低利用率
1012312288YR68DOZJDVL,2025-04-10 12:00:00,0.5694444444444444,6,中利用率
1012312288YR68DOZJDVL,2025-04-10 18:00:00,0.38888888888888884,6,中利用率
1012312288YR68DOZJDVL,2025-04-11 00:00:00,0.09722222222222221,6,低利用率
1012312288YR68DOZJDVL,2025-04-11 06:00:00,0.08333333333333333,6,低利用率
1012312288YR68DOZJDVL,2025-04-11 12:00:00,0.6805555555555555,6,中利用率
1012312288YR68DOZJDVL,2025-04-11 18:00:00,0.65,5,中利用率
1012312288YR68DOZJDVL,2025-04-12 00:00:00,0.125,6,低利用率
1012312288YR68DOZJDVL,2025-04-12 06:00:00,0.08333333333333333,6,低利用率
1012312288YR68DOZJDVL,2025-04-12 12:00:00,0.2638888888888889,6,低利用率
1012312288YR68DOZJDVL,2025-04-12 18:00:00,0.513888888888889,6,中利用率
1012312288YR68DOZJDVL,2025-04-13 00:00:00,0.3055555555555555,6,中利用率
1012312288YR68DOZJDVL,2025-04-13 06:00:00,0.25,6,低利用率
1012312288YR68DOZJDVL,2025-04-13 12:00:00,0.513888888888889,6,中利用率
1012312288YR68DOZJDVL,2025-04-13 18:00:00,0.5555555555555556,6,中利用率
1012312288YR6C3V37475,2025-03-03 06:00:00,0.25,2,低利用率
1012312288YR6C3V37475,2025-03-03 07:00:00,0.22916666666666666,6,低利用率
1012312288YR6C3V37475,2025-03-03 08:00:00,0.22916666666666666,6,低利用率
1012312288YR6C3V37475,2025-03-03 09:00:00,0.3958333333333333,6,中利用率
1012312288YR6C3V37475,2025-03-03 10:00:00,0.7291666666666666,6,高利用率
1012312288YR6C3V37475,2025-03-03 11:00:00,0.75,6,高利用率
1012312288YR6C3V37475,2025-03-03 12:00:00,0.8125,4,高利用率
1012312288YR6C3V37475,2025-03-03 13:00:00,0.8333333333333334,3,高利用率
1012312288YR6C3V37475,2025-03-03 14:00:00,0.8541666666666666,6,高利用率
1012312288YR6C3V37475,2025-03-03 15:00:00,0.75,5,高利用率
1012312288YR6C3V37475,2025-03-03 16:00:00,0.8333333333333334,3,高利用率
1012312288YR6C3V37475,2025-03-03 17:00:00,0.8125,4,高利用率
1012312288YR6C3V37475,2025-03-03 18:00:00,0.7916666666666666,6,高利用率
1012312288YR6C3V37475,2025-03-03 19:00:00,0.75,5,高利用率
1012312288YR6C3V37475,2025-03-03 20:00:00,0.4583333333333333,6,中利用率
1012312288YR6C3V37475,2025-03-03 21:00:00,0.5208333333333334,6,中利用率
1012312288YR6C3V37475,2025-03-03 22:00:00,0.3125,6,中利用率
1012312288YR6C3V37475,2025-03-03 23:00:00,0.25,6,低利用率
1012312288YR6C3V37475,2025-03-04 00:00:00,0.25,6,低利用率
1012312288YR6C3V37475,2025-03-04 01:00:00,0.20833333333333334,6,低利用率
1012312288YR6C3V37475,2025-03-04 02:00:00,0.25,6,低利用率
1012312288YR6C3V37475,2025-03-04 03:00:00,0.25,3,低利用率
1012312288YR6C3V37475,2025-04-07 00:00:00,0.3541666666666667,6,中利用率
1012312288YR6C3V37475,2025-04-07 06:00:00,0.125,6,低利用率
1012312288YR6C3V37475,2025-04-07 12:00:00,0.675,5,中利用率
1012312288YR6C3V37475,2025-04-07 18:00:00,0.75,3,高利用率
1012312288YR6C3V37475,2025-04-08 00:00:00,0.0,6,低利用率
1012312288YR6C3V37475,2025-04-08 06:00:00,0.0,6,低利用率
1012312288YR6C3V37475,2025-04-08 12:00:00,0.875,1,高利用率
1012312288YR6C3V37475,2025-04-08 18:00:00,0.78125,4,高利用率
1012312288YR6C3V37475,2025-04-09 00:00:00,0.25,6,低利用率
1012312288YR6C3V37475,2025-04-09 06:00:00,0.14583333333333334,6,低利用率
1012312288YR6C3V37475,2025-04-09 18:00:00,0.825,5,高利用率
1012312288YR6C3V37475,2025-04-10 00:00:00,0.7708333333333334,6,高利用率
1012312288YR6C3V37475,2025-04-10 06:00:00,0.5208333333333334,6,中利用率
1012312288YR6C3V37475,2025-04-10 12:00:00,0.7916666666666666,3,高利用率
1012312288YR6C3V37475,2025-04-10 18:00:00,0.8333333333333334,6,高利用率
1012312288YR6C3V37475,2025-04-11 00:00:00,0.25,6,低利用率
1012312288YR6C3V37475,2025-04-11 06:00:00,0.375,6,中利用率
1012312288YR6C3V37475,2025-04-11 12:00:00,0.75,1,高利用率
1012312288YR6C3V37475,2025-04-11 18:00:00,0.625,1,中利用率
1012312288YR6C3V37475,2025-04-12 00:00:00,0.14583333333333334,6,低利用率
1012312288YR6C3V37475,2025-04-12 06:00:00,0.16666666666666666,6,低利用率
1012312288YR6C3V37475,2025-04-12 12:00:00,0.8125,4,高利用率
1012312288YR6C3V37475,2025-04-12 18:00:00,0.8125,2,高利用率
1012312288YR6C3V37475,2025-04-13 00:00:00,0.5,6,中利用率
1012312288YR6C3V37475,2025-04-13 06:00:00,0.375,6,中利用率
1012312288YR6C3V37475,2025-04-13 12:00:00,0.825,5,高利用率
1012312288YR6C3V37475,2025-04-13 18:00:00,0.75,6,高利用率
1012312288YR6EYGP1YWX,2025-03-03 06:00:00,0.3,2,中利用率
1012312288YR6EYGP1YWX,2025-03-03 07:00:00,0.27499999999999997,6,低利用率
1012312288YR6EYGP1YWX,2025-03-03 08:00:00,0.25,6,低利用率
1012312288YR6EYGP1YWX,2025-03-03 09:00:00,0.5333333333333333,6,中利用率
1012312288YR6EYGP1YWX,2025-03-03 10:00:00,0.7000000000000001,6,高利用率
1012312288YR6EYGP1YWX,2025-03-03 11:00:00,0.6749999999999999,6,中利用率
1012312288YR6EYGP1YWX,2025-03-03 12:00:00,0.8250000000000001,6,高利用率
1012312288YR6EYGP1YWX,2025-03-03 13:00:00,0.7416666666666667,6,高利用率
1012312288YR6EYGP1YWX,2025-03-03 14:00:00,0.7666666666666666,6,高利用率
1012312288YR6EYGP1YWX,2025-03-03 15:00:00,0.7666666666666666,6,高利用率
1012312288YR6EYGP1YWX,2025-03-03 16:00:00,0.7916666666666666,6,高利用率
1012312288YR6EYGP1YWX,2025-03-03 17:00:00,0.85,6,高利用率
1012312288YR6EYGP1YWX,2025-03-03 18:00:00,0.8416666666666667,6,高利用率
1012312288YR6EYGP1YWX,2025-03-03 19:00:00,0.7999999999999999,6,高利用率
1012312288YR6EYGP1YWX,2025-03-03 20:00:00,0.8000000000000002,6,高利用率
1012312288YR6EYGP1YWX,2025-03-03 21:00:00,0.8166666666666668,6,高利用率
1012312288YR6EYGP1YWX,2025-03-03 22:00:00,0.7666666666666666,6,高利用率
1012312288YR6EYGP1YWX,2025-03-03 23:00:00,0.725,6,高利用率
1012312288YR6EYGP1YWX,2025-03-04 00:00:00,0.65,6,中利用率
1012312288YR6EYGP1YWX,2025-03-04 01:00:00,0.45,6,中利用率
1012312288YR6EYGP1YWX,2025-03-04 02:00:00,0.4083333333333334,6,中利用率
1012312288YR6EYGP1YWX,2025-03-04 03:00:00,0.5,3,中利用率
1012312288YR6EYGP1YWX,2025-04-07 00:00:00,0.5916666666666667,6,中利用率
1012312288YR6EYGP1YWX,2025-04-07 06:00:00,0.45,6,中利用率
1012312288YR6EYGP1YWX,2025-04-07 12:00:00,0.7999999999999999,6,高利用率
1012312288YR6EYGP1YWX,2025-04-07 18:00:00,0.8083333333333332,6,高利用率
1012312288YR6EYGP1YWX,2025-04-08 00:00:00,0.65,6,中利用率
1012312288YR6EYGP1YWX,2025-04-08 06:00:00,0.47500000000000003,6,中利用率
1012312288YR6EYGP1YWX,2025-04-08 12:00:00,0.43333333333333335,6,中利用率
1012312288YR6EYGP1YWX,2025-04-08 18:00:00,0.7416666666666667,6,高利用率
1012312288YR6EYGP1YWX,2025-04-09 00:00:00,0.5833333333333334,6,中利用率
1012312288YR6EYGP1YWX,2025-04-09 06:00:00,0.39999999999999997,6,中利用率
1012312288YR6EYGP1YWX,2025-04-09 18:00:00,0.7999999999999999,6,高利用率
1012312288YR6EYGP1YWX,2025-04-10 00:00:00,0.325,6,中利用率
1012312288YR6EYGP1YWX,2025-04-10 06:00:00,0.4416666666666667,6,中利用率
1012312288YR6EYGP1YWX,2025-04-10 12:00:00,0.7666666666666666,6,高利用率
1012312288YR6EYGP1YWX,2025-04-10 18:00:00,0.8416666666666667,6,高利用率
1012312288YR6EYGP1YWX,2025-04-11 00:00:00,0.7583333333333333,6,高利用率
1012312288YR6EYGP1YWX,2025-04-11 06:00:00,0.3083333333333333,6,中利用率
1012312288YR6EYGP1YWX,2025-04-11 12:00:00,0.5583333333333333,6,中利用率
1012312288YR6EYGP1YWX,2025-04-11 18:00:00,0.875,6,高利用率
1012312288YR6EYGP1YWX,2025-04-12 00:00:00,0.35833333333333334,6,中利用率
1012312288YR6EYGP1YWX,2025-04-12 06:00:00,0.24166666666666667,6,低利用率
1012312288YR6EYGP1YWX,2025-04-12 12:00:00,0.8083333333333332,6,高利用率
1012312288YR6EYGP1YWX,2025-04-12 18:00:00,0.8583333333333334,6,高利用率
1012312288YR6EYGP1YWX,2025-04-13 00:00:00,0.6583333333333333,6,中利用率
1012312288YR6EYGP1YWX,2025-04-13 06:00:00,0.3833333333333333,6,中利用率
1012312288YR6EYGP1YWX,2025-04-13 12:00:00,0.6916666666666668,6,中利用率
1012312288YR6EYGP1YWX,2025-04-13 18:00:00,0.775,6,高利用率
1012312288YR6IWIX5X4X,2025-03-03 06:00:00,0.3333333333333333,2,中利用率
1012312288YR6IWIX5X4X,2025-03-03 07:00:00,0.3055555555555555,6,中利用率
1012312288YR6IWIX5X4X,2025-03-03 08:00:00,0.17592592592592593,6,低利用率
1012312288YR6IWIX5X4X,2025-03-03 09:00:00,0.3148148148148148,6,中利用率
1012312288YR6IWIX5X4X,2025-03-03 10:00:00,0.47222222222222215,6,中利用率
1012312288YR6IWIX5X4X,2025-03-03 11:00:00,0.6203703703703703,6,中利用率
1012312288YR6IWIX5X4X,2025-03-03 12:00:00,0.46296296296296297,6,中利用率
1012312288YR6IWIX5X4X,2025-03-03 13:00:00,0.6481481481481481,6,中利用率
1012312288YR6IWIX5X4X,2025-03-03 14:00:00,0.6574074074074074,6,中利用率
1012312288YR6IWIX5X4X,2025-03-03 15:00:00,0.7685185185185185,6,高利用率
1012312288YR6IWIX5X4X,2025-03-03 16:00:00,0.6111111111111112,6,中利用率
1012312288YR6IWIX5X4X,2025-03-03 17:00:00,0.611111111111111,6,中利用率
1012312288YR6IWIX5X4X,2025-03-03 18:00:00,0.6944444444444443,6,中利用率
1012312288YR6IWIX5X4X,2025-03-03 19:00:00,0.5833333333333334,6,中利用率
1012312288YR6IWIX5X4X,2025-03-03 20:00:00,0.4444444444444445,6,中利用率
1012312288YR6IWIX5X4X,2025-03-03 21:00:00,0.2962962962962963,6,低利用率
1012312288YR6IWIX5X4X,2025-03-03 22:00:00,0.21296296296296294,6,低利用率
1012312288YR6IWIX5X4X,2025-03-03 23:00:00,0.16666666666666666,6,低利用率
1012312288YR6IWIX5X4X,2025-03-04 00:00:00,0.16666666666666666,6,低利用率
1012312288YR6IWIX5X4X,2025-03-04 01:00:00,0.16666666666666666,6,低利用率
1012312288YR6IWIX5X4X,2025-03-04 02:00:00,0.2037037037037037,6,低利用率
1012312288YR6IWIX5X4X,2025-03-04 03:00:00,0.2222222222222222,3,低利用率
1012312288YR6IWIX5X4X,2025-04-07 00:00:00,0.2777777777777778,6,低利用率
1012312288YR6IWIX5X4X,2025-04-07 06:00:00,0.3333333333333333,6,中利用率
1012312288YR6IWIX5X4X,2025-04-07 12:00:00,0.7777777777777778,6,高利用率
1012312288YR6IWIX5X4X,2025-04-07 18:00:00,0.6203703703703703,6,中利用率
1012312288YR6IWIX5X4X,2025-04-08 00:00:00,0.2777777777777778,6,低利用率
1012312288YR6IWIX5X4X,2025-04-08 06:00:00,0.2222222222222222,6,低利用率
1012312288YR6IWIX5X4X,2025-04-08 12:00:00,0.5,6,中利用率
1012312288YR6IWIX5X4X,2025-04-08 18:00:00,0.8518518518518517,6,高利用率
1012312288YR6IWIX5X4X,2025-04-09 00:00:00,0.2777777777777778,6,低利用率
1012312288YR6IWIX5X4X,2025-04-09 06:00:00,0.3333333333333333,6,中利用率
1012312288YR6IWIX5X4X,2025-04-09 18:00:00,0.3888888888888889,6,中利用率
1012312288YR6IWIX5X4X,2025-04-10 00:00:00,0.3333333333333333,6,中利用率
1012312288YR6IWIX5X4X,2025-04-10 06:00:00,0.3333333333333333,6,中利用率
1012312288YR6IWIX5X4X,2025-04-10 12:00:00,0.7592592592592592,6,高利用率
1012312288YR6IWIX5X4X,2025-04-10 18:00:00,0.8240740740740741,6,高利用率
1012312288YR6IWIX5X4X,2025-04-11 00:00:00,0.6944444444444443,6,中利用率
1012312288YR6IWIX5X4X,2025-04-11 06:00:00,0.6666666666666666,6,中利用率
1012312288YR6IWIX5X4X,2025-04-11 12:00:00,0.75,6,高利用率
1012312288YR6IWIX5X4X,2025-04-11 18:00:00,0.7129629629629629,6,高利用率
1012312288YR6IWIX5X4X,2025-04-12 00:00:00,0.3888888888888889,6,中利用率
1012312288YR6IWIX5X4X,2025-04-12 06:00:00,0.3796296296296296,6,中利用率
1012312288YR6IWIX5X4X,2025-04-12 12:00:00,0.5833333333333334,6,中利用率
1012312288YR6IWIX5X4X,2025-04-12 18:00:00,0.8333333333333334,6,高利用率
1012312288YR6IWIX5X4X,2025-04-13 00:00:00,0.40740740740740744,6,中利用率
1012312288YR6IWIX5X4X,2025-04-13 06:00:00,0.3796296296296296,6,中利用率
1012312288YR6IWIX5X4X,2025-04-13 12:00:00,0.8518518518518517,3,高利用率
1012312288YR6IWIX5X4X,2025-04-13 18:00:00,0.8518518518518517,6,高利用率
1012312288YR6SFUARGU9,2025-03-03 06:00:00,0.25,2,低利用率
1012312288YR6SFUARGU9,2025-03-03 07:00:00,0.2638888888888889,6,低利用率
1012312288YR6SFUARGU9,2025-03-03 08:00:00,0.5416666666666666,6,中利用率
1012312288YR6SFUARGU9,2025-03-03 09:00:00,0.8833333333333332,5,高利用率
1012312288YR6SFUARGU9,2025-03-03 10:00:00,0.8666666666666666,5,高利用率
1012312288YR6SFUARGU9,2025-03-03 11:00:00,0.8833333333333334,5,高利用率
1012312288YR6SFUARGU9,2025-03-03 12:00:00,0.875,2,高利用率
1012312288YR6SFUARGU9,2025-03-03 13:00:00,0.9166666666666666,2,高利用率
1012312288YR6SFUARGU9,2025-03-03 14:00:00,0.9166666666666666,1,高利用率
1012312288YR6SFUARGU9,2025-03-03 15:00:00,0.861111111111111,3,高利用率
1012312288YR6SFUARGU9,2025-03-03 16:00:00,0.8472222222222223,6,高利用率
1012312288YR6SFUARGU9,2025-03-03 17:00:00,0.75,6,高利用率
1012312288YR6SFUARGU9,2025-03-03 18:00:00,0.7361111111111112,6,高利用率
1012312288YR6SFUARGU9,2025-03-03 19:00:00,0.6666666666666666,6,中利用率
1012312288YR6SFUARGU9,2025-03-03 20:00:00,0.75,6,高利用率
1012312288YR6SFUARGU9,2025-03-03 21:00:00,0.7083333333333334,6,高利用率
1012312288YR6SFUARGU9,2025-03-03 22:00:00,0.5833333333333334,6,中利用率
1012312288YR6SFUARGU9,2025-03-03 23:00:00,0.5277777777777778,6,中利用率
1012312288YR6SFUARGU9,2025-03-04 00:00:00,0.5,6,中利用率
1012312288YR6SFUARGU9,2025-03-04 01:00:00,0.5,6,中利用率
1012312288YR6SFUARGU9,2025-03-04 02:00:00,0.5,6,中利用率
1012312288YR6SFUARGU9,2025-03-04 03:00:00,0.5,3,中利用率
1012312288YR6SFUARGU9,2025-04-07 00:00:00,0.23611111111111108,6,低利用率
1012312288YR6SFUARGU9,2025-04-07 06:00:00,0.16666666666666666,6,低利用率
1012312288YR6SFUARGU9,2025-04-07 12:00:00,0.8333333333333334,6,高利用率
1012312288YR6SFUARGU9,2025-04-07 18:00:00,0.4583333333333333,6,中利用率
1012312288YR6SFUARGU9,2025-04-08 00:00:00,0.3333333333333333,6,中利用率
1012312288YR6SFUARGU9,2025-04-08 06:00:00,0.25,6,低利用率
1012312288YR6SFUARGU9,2025-04-08 12:00:00,0.875,6,高利用率
1012312288YR6SFUARGU9,2025-04-08 18:00:00,0.875,6,高利用率
1012312288YR6SFUARGU9,2025-04-09 00:00:00,0.2638888888888889,6,低利用率
1012312288YR6SFUARGU9,2025-04-09 06:00:00,0.16666666666666666,6,低利用率
1012312288YR6SFUARGU9,2025-04-09 18:00:00,0.38888888888888884,6,中利用率
1012312288YR6SFUARGU9,2025-04-10 00:00:00,0.4166666666666667,6,中利用率
1012312288YR6SFUARGU9,2025-04-10 06:00:00,0.16666666666666666,6,低利用率
1012312288YR6SFUARGU9,2025-04-10 12:00:00,0.75,6,高利用率
1012312288YR6SFUARGU9,2025-04-10 18:00:00,0.8472222222222223,6,高利用率
1012312288YR6SFUARGU9,2025-04-11 00:00:00,0.5,6,中利用率
1012312288YR6SFUARGU9,2025-04-11 06:00:00,0.3333333333333333,6,中利用率
1012312288YR6SFUARGU9,2025-04-11 12:00:00,0.8333333333333334,6,高利用率
1012312288YR6SFUARGU9,2025-04-11 18:00:00,0.7916666666666666,6,高利用率
1012312288YR6SFUARGU9,2025-04-12 00:00:00,0.6111111111111112,6,中利用率
1012312288YR6SFUARGU9,2025-04-12 06:00:00,0.4166666666666667,6,中利用率
1012312288YR6SFUARGU9,2025-04-12 12:00:00,0.9166666666666666,1,高利用率
1012312288YR6SFUARGU9,2025-04-12 18:00:00,0.5277777777777778,6,中利用率
1012312288YR6SFUARGU9,2025-04-13 00:00:00,0.2638888888888889,6,低利用率
1012312288YR6SFUARGU9,2025-04-13 06:00:00,0.08333333333333333,6,低利用率
1012312288YR6SFUARGU9,2025-04-13 12:00:00,0.7083333333333334,6,高利用率
1012312288YR6SFUARGU9,2025-04-13 18:00:00,0.3333333333333333,6,中利用率
1012312288YR751NEO35T,2025-03-03 06:00:00,0.23684210526315788,1,低利用率
1012312288YR751NEO35T,2025-03-03 07:00:00,0.3157894736842105,6,中利用率
1012312288YR751NEO35T,2025-03-03 08:00:00,0.31140350877192985,6,中利用率
1012312288YR751NEO35T,2025-03-03 09:00:00,0.48245614035087714,6,中利用率
1012312288YR751NEO35T,2025-03-03 10:00:00,0.6798245614035089,6,中利用率
1012312288YR751NEO35T,2025-03-03 11:00:00,0.6403508771929824,6,中利用率
1012312288YR751NEO35T,2025-03-03 12:00:00,0.736842105263158,6,高利用率
1012312288YR751NEO35T,2025-03-03 13:00:00,0.8552631578947368,6,高利用率
1012312288YR751NEO35T,2025-03-03 14:00:00,0.7543859649122807,6,高利用率
1012312288YR751NEO35T,2025-03-03 15:00:00,0.662280701754386,6,中利用率
1012312288YR751NEO35T,2025-03-03 16:00:00,0.7017543859649122,6,高利用率
1012312288YR751NEO35T,2025-03-03 17:00:00,0.6754385964912281,6,中利用率
1012312288YR751NEO35T,2025-03-03 18:00:00,0.706140350877193,6,高利用率
1012312288YR751NEO35T,2025-03-03 19:00:00,0.7105263157894738,6,高利用率
1012312288YR751NEO35T,2025-03-03 20:00:00,0.6578947368421053,6,中利用率
1012312288YR751NEO35T,2025-03-03 21:00:00,0.6140350877192983,6,中利用率
1012312288YR751NEO35T,2025-03-03 22:00:00,0.5043859649122807,6,中利用率
1012312288YR751NEO35T,2025-03-03 23:00:00,0.4254385964912281,6,中利用率
1012312288YR751NEO35T,2025-03-04 00:00:00,0.39035087719298245,6,中利用率
1012312288YR751NEO35T,2025-03-04 01:00:00,0.3289473684210526,6,中利用率
1012312288YR751NEO35T,2025-03-04 02:00:00,0.2236842105263158,6,低利用率
1012312288YR751NEO35T,2025-03-04 03:00:00,0.21052631578947367,3,低利用率
1012312288YR751NEO35T,2025-04-07 00:00:00,0.5043859649122807,6,中利用率
1012312288YR751NEO35T,2025-04-07 06:00:00,0.35964912280701755,6,中利用率
1012312288YR751NEO35T,2025-04-07 12:00:00,0.7324561403508772,6,高利用率
1012312288YR751NEO35T,2025-04-07 18:00:00,0.7719298245614036,6,高利用率
1012312288YR751NEO35T,2025-04-08 00:00:00,0.4298245614035088,6,中利用率
1012312288YR751NEO35T,2025-04-08 06:00:00,0.3640350877192982,6,中利用率
1012312288YR751NEO35T,2025-04-08 12:00:00,0.8859649122807017,6,高利用率
1012312288YR751NEO35T,2025-04-08 18:00:00,0.7763157894736842,6,高利用率
1012312288YR751NEO35T,2025-04-09 00:00:00,0.3947368421052631,6,中利用率
1012312288YR751NEO35T,2025-04-09 06:00:00,0.3508771929824561,6,中利用率
1012312288YR751NEO35T,2025-04-09 18:00:00,0.793859649122807,6,高利用率
1012312288YR751NEO35T,2025-04-10 00:00:00,0.3245614035087719,6,中利用率
1012312288YR751NEO35T,2025-04-10 06:00:00,0.2807017543859649,6,低利用率
1012312288YR751NEO35T,2025-04-10 12:00:00,0.7719298245614036,6,高利用率
1012312288YR751NEO35T,2025-04-10 18:00:00,0.8289473684210527,6,高利用率
1012312288YR751NEO35T,2025-04-11 00:00:00,0.30701754385964913,6,中利用率
1012312288YR751NEO35T,2025-04-11 06:00:00,0.31140350877192985,6,中利用率
1012312288YR751NEO35T,2025-04-11 12:00:00,0.7017543859649122,6,高利用率
1012312288YR751NEO35T,2025-04-11 18:00:00,0.837719298245614,6,高利用率
1012312288YR751NEO35T,2025-04-12 00:00:00,0.37719298245614036,6,中利用率
1012312288YR751NEO35T,2025-04-12 06:00:00,0.2587719298245614,6,低利用率
1012312288YR751NEO35T,2025-04-12 12:00:00,0.8552631578947368,6,高利用率
1012312288YR751NEO35T,2025-04-12 18:00:00,0.8114035087719298,6,高利用率
1012312288YR751NEO35T,2025-04-13 00:00:00,0.2149122807017544,6,低利用率
1012312288YR751NEO35T,2025-04-13 06:00:00,0.23684210526315788,6,低利用率
1012312288YR751NEO35T,2025-04-13 12:00:00,0.8596491228070176,6,高利用率
1012312288YR751NEO35T,2025-04-13 18:00:00,0.8464912280701755,6,高利用率
1012312288YR79Z86T0XT,2025-03-03 06:00:00,0.0625,1,低利用率
1012312288YR79Z86T0XT,2025-03-03 07:00:00,0.16666666666666666,6,低利用率
1012312288YR79Z86T0XT,2025-03-03 08:00:00,0.5520833333333334,6,中利用率
1012312288YR79Z86T0XT,2025-03-03 09:00:00,0.8802083333333334,6,高利用率
1012312288YR79Z86T0XT,2025-03-03 10:00:00,0.8854166666666666,6,高利用率
1012312288YR79Z86T0XT,2025-03-03 11:00:00,0.828125,6,高利用率
1012312288YR79Z86T0XT,2025-03-03 12:00:00,0.7708333333333334,6,高利用率
1012312288YR79Z86T0XT,2025-03-03 13:00:00,0.625,6,中利用率
1012312288YR79Z86T0XT,2025-03-03 14:00:00,0.8489583333333334,6,高利用率
1012312288YR79Z86T0XT,2025-03-03 15:00:00,0.7760416666666666,6,高利用率
1012312288YR79Z86T0XT,2025-03-03 16:00:00,0.8072916666666666,6,高利用率
1012312288YR79Z86T0XT,2025-03-03 17:00:00,0.4947916666666667,6,中利用率
1012312288YR79Z86T0XT,2025-03-03 18:00:00,0.296875,6,低利用率
1012312288YR79Z86T0XT,2025-03-03 19:00:00,0.3177083333333333,6,中利用率
1012312288YR79Z86T0XT,2025-03-03 20:00:00,0.3125,6,中利用率
1012312288YR79Z86T0XT,2025-03-03 21:00:00,0.3125,6,中利用率
1012312288YR79Z86T0XT,2025-03-03 22:00:00,0.3125,6,中利用率
1012312288YR79Z86T0XT,2025-03-03 23:00:00,0.3125,6,中利用率
1012312288YR79Z86T0XT,2025-03-04 00:00:00,0.3125,6,中利用率
1012312288YR79Z86T0XT,2025-03-04 01:00:00,0.3125,6,中利用率
1012312288YR79Z86T0XT,2025-03-04 02:00:00,0.3125,6,中利用率
1012312288YR79Z86T0XT,2025-03-04 03:00:00,0.3125,3,中利用率
1012312288YR79Z86T0XT,2025-04-07 00:00:00,0.21875,6,低利用率
1012312288YR79Z86T0XT,2025-04-07 06:00:00,0.21354166666666666,6,低利用率
1012312288YR79Z86T0XT,2025-04-07 12:00:00,0.7604166666666666,6,高利用率
1012312288YR79Z86T0XT,2025-04-07 18:00:00,0.5833333333333334,6,中利用率
1012312288YR79Z86T0XT,2025-04-08 00:00:00,0.25,6,低利用率
1012312288YR79Z86T0XT,2025-04-08 06:00:00,0.109375,6,低利用率
1012312288YR79Z86T0XT,2025-04-08 12:00:00,0.8541666666666666,6,高利用率
1012312288YR79Z86T0XT,2025-04-08 18:00:00,0.4739583333333333,6,中利用率
1012312288YR79Z86T0XT,2025-04-09 00:00:00,0.2916666666666667,6,低利用率
1012312288YR79Z86T0XT,2025-04-09 06:00:00,0.14583333333333334,6,低利用率
1012312288YR79Z86T0XT,2025-04-09 18:00:00,0.5885416666666666,6,中利用率
1012312288YR79Z86T0XT,2025-04-10 00:00:00,0.3020833333333333,6,中利用率
1012312288YR79Z86T0XT,2025-04-10 06:00:00,0.22395833333333334,6,低利用率
1012312288YR79Z86T0XT,2025-04-10 12:00:00,0.8125,6,高利用率
1012312288YR79Z86T0XT,2025-04-10 18:00:00,0.5260416666666666,6,中利用率
1012312288YR79Z86T0XT,2025-04-11 00:00:00,0.3125,6,中利用率
1012312288YR79Z86T0XT,2025-04-11 06:00:00,0.22395833333333334,6,低利用率
1012312288YR79Z86T0XT,2025-04-11 12:00:00,0.78125,6,高利用率
1012312288YR79Z86T0XT,2025-04-11 18:00:00,0.484375,6,中利用率
1012312288YR79Z86T0XT,2025-04-12 00:00:00,0.3541666666666667,6,中利用率
1012312288YR79Z86T0XT,2025-04-12 06:00:00,0.24479166666666666,6,低利用率
1012312288YR79Z86T0XT,2025-04-12 12:00:00,0.46875,6,中利用率
1012312288YR79Z86T0XT,2025-04-12 18:00:00,0.359375,6,中利用率
1012312288YR79Z86T0XT,2025-04-13 00:00:00,0.40625,6,中利用率
1012312288YR79Z86T0XT,2025-04-13 06:00:00,0.21875,6,低利用率
1012312288YR79Z86T0XT,2025-04-13 12:00:00,0.484375,6,中利用率
1012312288YR79Z86T0XT,2025-04-13 18:00:00,0.19791666666666666,6,低利用率
1012312288YR7CTTSNVNL,2025-03-03 06:00:00,0.2616279069767442,2,低利用率
1012312288YR7CTTSNVNL,2025-03-03 07:00:00,0.18992248062015504,6,低利用率
1012312288YR7CTTSNVNL,2025-03-03 08:00:00,0.06007751937984496,6,低利用率
1012312288YR7CTTSNVNL,2025-03-03 09:00:00,0.10271317829457365,6,低利用率
1012312288YR7CTTSNVNL,2025-03-03 10:00:00,0.16472868217054262,6,低利用率
1012312288YR7CTTSNVNL,2025-03-03 11:00:00,0.2383720930232558,6,低利用率
1012312288YR7CTTSNVNL,2025-03-03 12:00:00,0.26744186046511625,6,低利用率
1012312288YR7CTTSNVNL,2025-03-03 13:00:00,0.24224806201550386,6,低利用率
1012312288YR7CTTSNVNL,2025-03-03 14:00:00,0.1744186046511628,6,低利用率
1012312288YR7CTTSNVNL,2025-03-03 15:00:00,0.19767441860465115,6,低利用率
1012312288YR7CTTSNVNL,2025-03-03 16:00:00,0.14728682170542637,6,低利用率
1012312288YR7CTTSNVNL,2025-03-03 17:00:00,0.2054263565891473,6,低利用率
1012312288YR7CTTSNVNL,2025-03-03 18:00:00,0.3701550387596899,6,中利用率
1012312288YR7CTTSNVNL,2025-03-03 19:00:00,0.35271317829457366,6,中利用率
1012312288YR7CTTSNVNL,2025-03-03 20:00:00,0.33527131782945735,6,中利用率
1012312288YR7CTTSNVNL,2025-03-03 21:00:00,0.37209302325581395,6,中利用率
1012312288YR7CTTSNVNL,2025-03-03 22:00:00,0.3236434108527132,6,中利用率
1012312288YR7CTTSNVNL,2025-03-03 23:00:00,0.30620155038759694,6,中利用率
1012312288YR7CTTSNVNL,2025-03-04 00:00:00,0.312015503875969,6,中利用率
1012312288YR7CTTSNVNL,2025-03-04 01:00:00,0.28875968992248063,6,低利用率
1012312288YR7CTTSNVNL,2025-03-04 02:00:00,0.28488372093023256,6,低利用率
1012312288YR7CTTSNVNL,2025-03-04 03:00:00,0.2441860465116279,3,低利用率
1012312288YR7CTTSNVNL,2025-04-07 00:00:00,0.31589147286821706,6,中利用率
1012312288YR7CTTSNVNL,2025-04-07 06:00:00,0.24031007751937983,6,低利用率
1012312288YR7CTTSNVNL,2025-04-07 12:00:00,0.27906976744186046,6,低利用率
1012312288YR7CTTSNVNL,2025-04-07 18:00:00,0.28488372093023256,6,低利用率
1012312288YR7CTTSNVNL,2025-04-08 00:00:00,0.39341085271317827,6,中利用率
1012312288YR7CTTSNVNL,2025-04-08 06:00:00,0.312015503875969,6,中利用率
1012312288YR7CTTSNVNL,2025-04-08 12:00:00,0.17829457364341086,6,低利用率
1012312288YR7CTTSNVNL,2025-04-08 18:00:00,0.36627906976744184,6,中利用率
1012312288YR7CTTSNVNL,2025-04-09 00:00:00,0.28488372093023256,6,低利用率
1012312288YR7CTTSNVNL,2025-04-09 06:00:00,0.19573643410852712,6,低利用率
1012312288YR7CTTSNVNL,2025-04-09 18:00:00,0.2751937984496124,6,低利用率
1012312288YR7CTTSNVNL,2025-04-10 00:00:00,0.28488372093023256,6,低利用率
1012312288YR7CTTSNVNL,2025-04-10 06:00:00,0.17054263565891473,6,低利用率
1012312288YR7CTTSNVNL,2025-04-10 12:00:00,0.29651162790697677,6,低利用率
1012312288YR7CTTSNVNL,2025-04-10 18:00:00,0.38953488372093026,6,中利用率
1012312288YR7CTTSNVNL,2025-04-11 00:00:00,0.3023255813953488,6,中利用率
1012312288YR7CTTSNVNL,2025-04-11 06:00:00,0.23449612403100775,6,低利用率
1012312288YR7CTTSNVNL,2025-04-11 12:00:00,0.2325581395348837,6,低利用率
1012312288YR7CTTSNVNL,2025-04-11 18:00:00,0.3992248062015504,6,中利用率
1012312288YR7CTTSNVNL,2025-04-12 00:00:00,0.29651162790697677,6,低利用率
1012312288YR7CTTSNVNL,2025-04-12 06:00:00,0.23255813953488372,6,低利用率
1012312288YR7CTTSNVNL,2025-04-12 12:00:00,0.25387596899224807,6,低利用率
1012312288YR7CTTSNVNL,2025-04-12 18:00:00,0.2771317829457364,6,低利用率
1012312288YR7CTTSNVNL,2025-04-13 00:00:00,0.20736434108527133,6,低利用率
1012312288YR7CTTSNVNL,2025-04-13 06:00:00,0.09108527131782945,6,低利用率
1012312288YR7CTTSNVNL,2025-04-13 12:00:00,0.3488372093023256,6,中利用率
1012312288YR7CTTSNVNL,2025-04-13 18:00:00,0.3565891472868217,6,中利用率
1012312288YR7HFKE4HKX,2025-03-03 06:00:00,0.5535714285714286,2,中利用率
1012312288YR7HFKE4HKX,2025-03-03 07:00:00,0.5714285714285715,6,中利用率
1012312288YR7HFKE4HKX,2025-03-03 08:00:00,0.43452380952380953,6,中利用率
1012312288YR7HFKE4HKX,2025-03-03 09:00:00,0.4761904761904762,6,中利用率
1012312288YR7HFKE4HKX,2025-03-03 10:00:00,0.4702380952380952,6,中利用率
1012312288YR7HFKE4HKX,2025-03-03 11:00:00,0.5238095238095238,6,中利用率
1012312288YR7HFKE4HKX,2025-03-03 12:00:00,0.5357142857142857,6,中利用率
1012312288YR7HFKE4HKX,2025-03-03 13:00:00,0.6845238095238096,6,中利用率
1012312288YR7HFKE4HKX,2025-03-03 14:00:00,0.6845238095238096,6,中利用率
1012312288YR7HFKE4HKX,2025-03-03 15:00:00,0.6666666666666666,6,中利用率
1012312288YR7HFKE4HKX,2025-03-03 16:00:00,0.5773809523809524,6,中利用率
1012312288YR7HFKE4HKX,2025-03-03 17:00:00,0.5595238095238095,6,中利用率
1012312288YR7HFKE4HKX,2025-03-03 18:00:00,0.8857142857142858,5,高利用率
1012312288YR7HFKE4HKX,2025-03-03 19:00:00,0.8273809523809524,6,高利用率
1012312288YR7HFKE4HKX,2025-03-03 20:00:00,0.8630952380952381,6,高利用率
1012312288YR7HFKE4HKX,2025-03-03 21:00:00,0.7142857142857143,6,高利用率
1012312288YR7HFKE4HKX,2025-03-03 22:00:00,0.6547619047619048,6,中利用率
1012312288YR7HFKE4HKX,2025-03-03 23:00:00,0.5178571428571429,6,中利用率
1012312288YR7HFKE4HKX,2025-03-04 00:00:00,0.4166666666666667,6,中利用率
1012312288YR7HFKE4HKX,2025-03-04 01:00:00,0.3452380952380953,6,中利用率
1012312288YR7HFKE4HKX,2025-03-04 02:00:00,0.39285714285714285,6,中利用率
1012312288YR7HFKE4HKX,2025-03-04 03:00:00,0.39285714285714285,3,中利用率
1012312288YR7HFKE4HKX,2025-04-07 00:00:00,0.636904761904762,6,中利用率
1012312288YR7HFKE4HKX,2025-04-07 06:00:00,0.6726190476190476,6,中利用率
1012312288YR7HFKE4HKX,2025-04-07 12:00:00,0.5238095238095238,6,中利用率
1012312288YR7HFKE4HKX,2025-04-07 18:00:00,0.8214285714285715,6,高利用率
1012312288YR7HFKE4HKX,2025-04-08 00:00:00,0.6428571428571429,6,中利用率
1012312288YR7HFKE4HKX,2025-04-08 06:00:00,0.5892857142857143,6,中利用率
1012312288YR7HFKE4HKX,2025-04-08 12:00:00,0.6547619047619048,6,中利用率
1012312288YR7HFKE4HKX,2025-04-08 18:00:00,0.7797619047619048,6,高利用率
1012312288YR7HFKE4HKX,2025-04-09 00:00:00,0.7678571428571428,6,高利用率
1012312288YR7HFKE4HKX,2025-04-09 06:00:00,0.7916666666666666,6,高利用率
1012312288YR7HFKE4HKX,2025-04-09 18:00:00,0.8452380952380952,6,高利用率
1012312288YR7HFKE4HKX,2025-04-10 00:00:00,0.6845238095238096,6,中利用率
1012312288YR7HFKE4HKX,2025-04-10 06:00:00,0.6309523809523809,6,中利用率
1012312288YR7HFKE4HKX,2025-04-10 12:00:00,0.7083333333333334,6,高利用率
1012312288YR7HFKE4HKX,2025-04-10 18:00:00,0.9285714285714285,6,高利用率
1012312288YR7HFKE4HKX,2025-04-11 00:00:00,0.6845238095238096,6,中利用率
1012312288YR7HFKE4HKX,2025-04-11 06:00:00,0.5654761904761905,6,中利用率
1012312288YR7HFKE4HKX,2025-04-11 12:00:00,0.7023809523809524,6,高利用率
1012312288YR7HFKE4HKX,2025-04-11 18:00:00,0.8273809523809524,6,高利用率
1012312288YR7HFKE4HKX,2025-04-12 00:00:00,0.8095238095238094,6,高利用率
1012312288YR7HFKE4HKX,2025-04-12 06:00:00,0.6547619047619048,6,中利用率
1012312288YR7HFKE4HKX,2025-04-12 12:00:00,0.6785714285714285,6,中利用率
1012312288YR7HFKE4HKX,2025-04-12 18:00:00,0.875,6,高利用率
1012312288YR7HFKE4HKX,2025-04-13 00:00:00,0.75,6,高利用率
1012312288YR7HFKE4HKX,2025-04-13 06:00:00,0.75,6,高利用率
1012312288YR7HFKE4HKX,2025-04-13 12:00:00,0.8928571428571428,6,高利用率
1012312288YR7HFKE4HKX,2025-04-13 18:00:00,0.8857142857142858,5,高利用率
1012312288YR7K67XR8CH,2025-03-03 06:00:00,0.5,1,中利用率
1012312288YR7K67XR8CH,2025-03-03 07:00:00,0.6904761904761906,6,中利用率
1012312288YR7K67XR8CH,2025-03-03 08:00:00,0.5833333333333334,6,中利用率
1012312288YR7K67XR8CH,2025-03-03 09:00:00,0.5,6,中利用率
1012312288YR7K67XR8CH,2025-03-03 10:00:00,0.5476190476190476,6,中利用率
1012312288YR7K67XR8CH,2025-03-03 11:00:00,0.5595238095238095,6,中利用率
1012312288YR7K67XR8CH,2025-03-03 12:00:00,0.4880952380952381,6,中利用率
1012312288YR7K67XR8CH,2025-03-03 13:00:00,0.2738095238095238,6,低利用率
1012312288YR7K67XR8CH,2025-03-03 14:00:00,0.4047619047619047,6,中利用率
1012312288YR7K67XR8CH,2025-03-03 15:00:00,0.7428571428571429,5,高利用率
1012312288YR7K67XR8CH,2025-03-03 16:00:00,0.6428571428571429,6,中利用率
1012312288YR7K67XR8CH,2025-03-03 17:00:00,0.5238095238095238,6,中利用率
1012312288YR7K67XR8CH,2025-03-03 18:00:00,0.38095238095238093,6,中利用率
1012312288YR7K67XR8CH,2025-03-03 19:00:00,0.2857142857142857,6,低利用率
1012312288YR7K67XR8CH,2025-03-03 20:00:00,0.15476190476190474,6,低利用率
1012312288YR7K67XR8CH,2025-03-03 21:00:00,0.08333333333333333,6,低利用率
1012312288YR7K67XR8CH,2025-03-03 22:00:00,0.13095238095238096,6,低利用率
1012312288YR7K67XR8CH,2025-03-03 23:00:00,0.14285714285714285,6,低利用率
1012312288YR7K67XR8CH,2025-03-04 00:00:00,0.14285714285714285,6,低利用率
1012312288YR7K67XR8CH,2025-03-04 01:00:00,0.14285714285714285,6,低利用率
1012312288YR7K67XR8CH,2025-03-04 02:00:00,0.14285714285714285,6,低利用率
1012312288YR7K67XR8CH,2025-03-04 03:00:00,0.19047619047619047,3,低利用率
1012312288YR7K67XR8CH,2025-04-07 00:00:00,0.35714285714285715,6,中利用率
1012312288YR7K67XR8CH,2025-04-07 06:00:00,0.42857142857142855,6,中利用率
1012312288YR7K67XR8CH,2025-04-07 12:00:00,0.4761904761904762,6,中利用率
1012312288YR7K67XR8CH,2025-04-07 18:00:00,0.6071428571428571,6,中利用率
1012312288YR7K67XR8CH,2025-04-08 00:00:00,0.15476190476190474,6,低利用率
1012312288YR7K67XR8CH,2025-04-08 06:00:00,0.21428571428571427,6,低利用率
1012312288YR7K67XR8CH,2025-04-08 12:00:00,0.39285714285714285,6,中利用率
1012312288YR7K67XR8CH,2025-04-08 18:00:00,0.39285714285714285,6,中利用率
1012312288YR7K67XR8CH,2025-04-09 00:00:00,0.21428571428571427,6,低利用率
1012312288YR7K67XR8CH,2025-04-09 06:00:00,0.5,6,中利用率
1012312288YR7K67XR8CH,2025-04-09 18:00:00,0.44047619047619047,6,中利用率
1012312288YR7K67XR8CH,2025-04-10 00:00:00,0.10714285714285714,6,低利用率
1012312288YR7K67XR8CH,2025-04-10 06:00:00,0.3333333333333333,6,中利用率
1012312288YR7K67XR8CH,2025-04-10 12:00:00,0.5476190476190476,6,中利用率
1012312288YR7K67XR8CH,2025-04-10 18:00:00,0.5595238095238095,6,中利用率
1012312288YR7K67XR8CH,2025-04-11 00:00:00,0.14285714285714285,6,低利用率
1012312288YR7K67XR8CH,2025-04-11 06:00:00,0.4523809523809524,6,中利用率
1012312288YR7K67XR8CH,2025-04-11 12:00:00,0.5238095238095238,6,中利用率
1012312288YR7K67XR8CH,2025-04-11 18:00:00,0.46428571428571425,6,中利用率
1012312288YR7K67XR8CH,2025-04-12 00:00:00,0.3333333333333333,6,中利用率
1012312288YR7K67XR8CH,2025-04-12 06:00:00,0.4761904761904761,6,中利用率
1012312288YR7K67XR8CH,2025-04-12 12:00:00,0.3333333333333333,6,中利用率
1012312288YR7K67XR8CH,2025-04-12 18:00:00,0.36904761904761907,6,中利用率
1012312288YR7K67XR8CH,2025-04-13 00:00:00,0.35714285714285715,6,中利用率
1012312288YR7K67XR8CH,2025-04-13 06:00:00,0.5238095238095238,6,中利用率
1012312288YR7K67XR8CH,2025-04-13 12:00:00,0.5833333333333334,6,中利用率
1012312288YR7K67XR8CH,2025-04-13 18:00:00,0.39285714285714285,6,中利用率
1012312288YR7N8PO2AYP,2025-03-03 06:00:00,0.08695652173913043,1,低利用率
1012312288YR7N8PO2AYP,2025-03-03 07:00:00,0.09057971014492754,6,低利用率
1012312288YR7N8PO2AYP,2025-03-03 08:00:00,0.43478260869565216,6,中利用率
1012312288YR7N8PO2AYP,2025-03-03 09:00:00,0.7644927536231885,6,高利用率
1012312288YR7N8PO2AYP,2025-03-03 10:00:00,0.7862318840579711,6,高利用率
1012312288YR7N8PO2AYP,2025-03-03 11:00:00,0.7101449275362319,6,高利用率
1012312288YR7N8PO2AYP,2025-03-03 12:00:00,0.6195652173913043,6,中利用率
1012312288YR7N8PO2AYP,2025-03-03 13:00:00,0.6956521739130435,6,中利用率
1012312288YR7N8PO2AYP,2025-03-03 14:00:00,0.7210144927536232,6,高利用率
1012312288YR7N8PO2AYP,2025-03-03 15:00:00,0.7355072463768115,6,高利用率
1012312288YR7N8PO2AYP,2025-03-03 16:00:00,0.6811594202898551,6,中利用率
1012312288YR7N8PO2AYP,2025-03-03 17:00:00,0.36594202898550726,6,中利用率
1012312288YR7N8PO2AYP,2025-03-03 18:00:00,0.18840579710144925,6,低利用率
1012312288YR7N8PO2AYP,2025-03-03 19:00:00,0.2355072463768116,6,低利用率
1012312288YR7N8PO2AYP,2025-03-03 20:00:00,0.24637681159420288,6,低利用率
1012312288YR7N8PO2AYP,2025-03-03 21:00:00,0.2427536231884058,6,低利用率
1012312288YR7N8PO2AYP,2025-03-03 22:00:00,0.2572463768115942,6,低利用率
1012312288YR7N8PO2AYP,2025-03-03 23:00:00,0.2318840579710145,6,低利用率
1012312288YR7N8PO2AYP,2025-03-04 00:00:00,0.2318840579710145,6,低利用率
1012312288YR7N8PO2AYP,2025-03-04 01:00:00,0.2210144927536232,6,低利用率
1012312288YR7N8PO2AYP,2025-03-04 02:00:00,0.2282608695652174,6,低利用率
1012312288YR7N8PO2AYP,2025-03-04 03:00:00,0.21739130434782608,3,低利用率
1012312288YR7N8PO2AYP,2025-04-07 00:00:00,0.07608695652173912,6,低利用率
1012312288YR7N8PO2AYP,2025-04-07 06:00:00,0.06521739130434782,6,低利用率
1012312288YR7N8PO2AYP,2025-04-07 12:00:00,0.22101449275362317,6,低利用率
1012312288YR7N8PO2AYP,2025-04-07 18:00:00,0.322463768115942,6,中利用率
1012312288YR7N8PO2AYP,2025-04-08 00:00:00,0.2282608695652174,6,低利用率
1012312288YR7N8PO2AYP,2025-04-08 06:00:00,0.13043478260869565,6,低利用率
1012312288YR7N8PO2AYP,2025-04-08 12:00:00,0.7246376811594203,6,高利用率
1012312288YR7N8PO2AYP,2025-04-08 18:00:00,0.35144927536231885,6,中利用率
1012312288YR7N8PO2AYP,2025-04-09 00:00:00,0.286231884057971,6,低利用率
1012312288YR7N8PO2AYP,2025-04-09 06:00:00,0.13043478260869565,6,低利用率
1012312288YR7N8PO2AYP,2025-04-09 18:00:00,0.38768115942028986,6,中利用率
1012312288YR7N8PO2AYP,2025-04-10 00:00:00,0.2934782608695652,6,低利用率
1012312288YR7N8PO2AYP,2025-04-10 06:00:00,0.1956521739130435,6,低利用率
1012312288YR7N8PO2AYP,2025-04-10 12:00:00,0.6594202898550724,6,中利用率
1012312288YR7N8PO2AYP,2025-04-10 18:00:00,0.3043478260869565,6,中利用率
1012312288YR7N8PO2AYP,2025-04-11 00:00:00,0.16666666666666666,6,低利用率
1012312288YR7N8PO2AYP,2025-04-11 06:00:00,0.13768115942028986,6,低利用率
1012312288YR7N8PO2AYP,2025-04-11 12:00:00,0.5942028985507246,6,中利用率
1012312288YR7N8PO2AYP,2025-04-11 18:00:00,0.4202898550724638,6,中利用率
1012312288YR7N8PO2AYP,2025-04-12 00:00:00,0.3442028985507246,6,中利用率
1012312288YR7N8PO2AYP,2025-04-12 06:00:00,0.23913043478260873,6,低利用率
1012312288YR7N8PO2AYP,2025-04-12 12:00:00,0.5905797101449276,6,中利用率
1012312288YR7N8PO2AYP,2025-04-12 18:00:00,0.3297101449275362,6,中利用率
1012312288YR7N8PO2AYP,2025-04-13 00:00:00,0.25362318840579706,6,低利用率
1012312288YR7N8PO2AYP,2025-04-13 06:00:00,0.13043478260869565,6,低利用率
1012312288YR7N8PO2AYP,2025-04-13 12:00:00,0.2463768115942029,6,低利用率
1012312288YR7N8PO2AYP,2025-04-13 18:00:00,0.18115942028985507,6,低利用率
1012312288YR7V8S6IBCX,2025-03-03 06:00:00,0.14814814814814814,2,低利用率
1012312288YR7V8S6IBCX,2025-03-03 07:00:00,0.16049382716049382,6,低利用率
1012312288YR7V8S6IBCX,2025-03-03 08:00:00,0.2839506172839506,6,低利用率
1012312288YR7V8S6IBCX,2025-03-03 09:00:00,0.7222222222222222,6,高利用率
1012312288YR7V8S6IBCX,2025-03-03 10:00:00,0.8209876543209876,6,高利用率
1012312288YR7V8S6IBCX,2025-03-03 11:00:00,0.6975308641975309,6,中利用率
1012312288YR7V8S6IBCX,2025-03-03 12:00:00,0.6358024691358025,6,中利用率
1012312288YR7V8S6IBCX,2025-03-03 13:00:00,0.7716049382716049,6,高利用率
1012312288YR7V8S6IBCX,2025-03-03 14:00:00,0.8765432098765432,6,高利用率
1012312288YR7V8S6IBCX,2025-03-03 15:00:00,0.9012345679012346,6,高利用率
1012312288YR7V8S6IBCX,2025-03-03 16:00:00,0.7654320987654321,6,高利用率
1012312288YR7V8S6IBCX,2025-03-03 17:00:00,0.4444444444444444,6,中利用率
1012312288YR7V8S6IBCX,2025-03-03 18:00:00,0.3024691358024691,6,中利用率
1012312288YR7V8S6IBCX,2025-03-03 19:00:00,0.25925925925925924,6,低利用率
1012312288YR7V8S6IBCX,2025-03-03 20:00:00,0.25925925925925924,6,低利用率
1012312288YR7V8S6IBCX,2025-03-03 21:00:00,0.25925925925925924,6,低利用率
1012312288YR7V8S6IBCX,2025-03-03 22:00:00,0.25925925925925924,6,低利用率
1012312288YR7V8S6IBCX,2025-03-03 23:00:00,0.25925925925925924,6,低利用率
1012312288YR7V8S6IBCX,2025-03-04 00:00:00,0.25925925925925924,6,低利用率
1012312288YR7V8S6IBCX,2025-03-04 01:00:00,0.25925925925925924,6,低利用率
1012312288YR7V8S6IBCX,2025-03-04 02:00:00,0.25925925925925924,6,低利用率
1012312288YR7V8S6IBCX,2025-03-04 03:00:00,0.25925925925925924,3,低利用率
1012312288YR7V8S6IBCX,2025-04-07 00:00:00,0.3024691358024691,6,中利用率
1012312288YR7V8S6IBCX,2025-04-07 06:00:00,0.14814814814814814,6,低利用率
1012312288YR7V8S6IBCX,2025-04-07 12:00:00,0.419753086419753,6,中利用率
1012312288YR7V8S6IBCX,2025-04-07 18:00:00,0.36419753086419754,6,中利用率
1012312288YR7V8S6IBCX,2025-04-08 00:00:00,0.23456790123456792,6,低利用率
1012312288YR7V8S6IBCX,2025-04-08 06:00:00,0.2222222222222222,6,低利用率
1012312288YR7V8S6IBCX,2025-04-08 12:00:00,0.37654320987654316,6,中利用率
1012312288YR7V8S6IBCX,2025-04-08 18:00:00,0.30864197530864196,6,中利用率
1012312288YR7V8S6IBCX,2025-04-09 00:00:00,0.3950617283950617,6,中利用率
1012312288YR7V8S6IBCX,2025-04-09 06:00:00,0.30864197530864196,6,中利用率
1012312288YR7V8S6IBCX,2025-04-09 18:00:00,0.30864197530864196,6,中利用率
1012312288YR7V8S6IBCX,2025-04-10 00:00:00,0.2222222222222222,6,低利用率
1012312288YR7V8S6IBCX,2025-04-10 06:00:00,0.2222222222222222,6,低利用率
1012312288YR7V8S6IBCX,2025-04-10 12:00:00,0.5679012345679012,6,中利用率
1012312288YR7V8S6IBCX,2025-04-10 18:00:00,0.15432098765432098,6,低利用率
1012312288YR7V8S6IBCX,2025-04-11 00:00:00,0.13580246913580246,6,低利用率
1012312288YR7V8S6IBCX,2025-04-11 06:00:00,0.1111111111111111,6,低利用率
1012312288YR7V8S6IBCX,2025-04-11 12:00:00,0.5246913580246914,6,中利用率
1012312288YR7V8S6IBCX,2025-04-11 18:00:00,0.36419753086419754,6,中利用率
1012312288YR7V8S6IBCX,2025-04-12 00:00:00,0.46296296296296297,6,中利用率
1012312288YR7V8S6IBCX,2025-04-12 06:00:00,0.4444444444444444,6,中利用率
1012312288YR7V8S6IBCX,2025-04-12 12:00:00,0.24691358024691357,6,低利用率
1012312288YR7V8S6IBCX,2025-04-12 18:00:00,0.35802469135802467,6,中利用率
1012312288YR7V8S6IBCX,2025-04-13 00:00:00,0.2530864197530864,6,低利用率
1012312288YR7V8S6IBCX,2025-04-13 06:00:00,0.37654320987654316,6,中利用率
1012312288YR7V8S6IBCX,2025-04-13 12:00:00,0.2716049382716049,6,低利用率
1012312288YR7V8S6IBCX,2025-04-13 18:00:00,0.13580246913580246,6,低利用率
1012312288YR7YF7Z1HXD,2025-03-03 06:00:00,0.5555555555555556,1,中利用率
1012312288YR7YF7Z1HXD,2025-03-03 07:00:00,0.5462962962962963,6,中利用率
1012312288YR7YF7Z1HXD,2025-03-03 08:00:00,0.611111111111111,6,中利用率
1012312288YR7YF7Z1HXD,2025-03-03 09:00:00,0.39814814814814814,6,中利用率
1012312288YR7YF7Z1HXD,2025-03-03 10:00:00,0.3611111111111111,6,中利用率
1012312288YR7YF7Z1HXD,2025-03-03 11:00:00,0.40740740740740744,6,中利用率
1012312288YR7YF7Z1HXD,2025-03-03 12:00:00,0.5,6,中利用率
1012312288YR7YF7Z1HXD,2025-03-03 13:00:00,0.5370370370370371,6,中利用率
1012312288YR7YF7Z1HXD,2025-03-03 14:00:00,0.6111111111111112,6,中利用率
1012312288YR7YF7Z1HXD,2025-03-03 15:00:00,0.75,6,高利用率
1012312288YR7YF7Z1HXD,2025-03-03 16:00:00,0.5740740740740741,6,中利用率
1012312288YR7YF7Z1HXD,2025-03-03 17:00:00,0.611111111111111,6,中利用率
1012312288YR7YF7Z1HXD,2025-03-03 18:00:00,0.5648148148148149,6,中利用率
1012312288YR7YF7Z1HXD,2025-03-03 19:00:00,0.5833333333333334,6,中利用率
1012312288YR7YF7Z1HXD,2025-03-03 20:00:00,0.5833333333333334,6,中利用率
1012312288YR7YF7Z1HXD,2025-03-03 21:00:00,0.6388888888888888,6,中利用率
1012312288YR7YF7Z1HXD,2025-03-03 22:00:00,0.601851851851852,6,中利用率
1012312288YR7YF7Z1HXD,2025-03-03 23:00:00,0.5925925925925927,6,中利用率
1012312288YR7YF7Z1HXD,2025-03-04 00:00:00,0.5833333333333334,6,中利用率
1012312288YR7YF7Z1HXD,2025-03-04 01:00:00,0.5,6,中利用率
1012312288YR7YF7Z1HXD,2025-03-04 02:00:00,0.5,6,中利用率
1012312288YR7YF7Z1HXD,2025-03-04 03:00:00,0.5,3,中利用率
1012312288YR7YF7Z1HXD,2025-04-07 00:00:00,0.5833333333333334,6,中利用率
1012312288YR7YF7Z1HXD,2025-04-07 06:00:00,0.611111111111111,6,中利用率
1012312288YR7YF7Z1HXD,2025-04-07 12:00:00,0.4166666666666667,6,中利用率
1012312288YR7YF7Z1HXD,2025-04-07 18:00:00,0.49074074074074076,6,中利用率
1012312288YR7YF7Z1HXD,2025-04-08 00:00:00,0.5555555555555556,6,中利用率
1012312288YR7YF7Z1HXD,2025-04-08 06:00:00,0.6111111111111112,6,中利用率
1012312288YR7YF7Z1HXD,2025-04-08 12:00:00,0.5185185185185185,6,中利用率
1012312288YR7YF7Z1HXD,2025-04-08 18:00:00,0.7685185185185185,6,高利用率
1012312288YR7YF7Z1HXD,2025-04-09 00:00:00,0.6111111111111112,6,中利用率
1012312288YR7YF7Z1HXD,2025-04-09 06:00:00,0.6203703703703703,6,中利用率
1012312288YR7YF7Z1HXD,2025-04-09 18:00:00,0.4444444444444444,6,中利用率
1012312288YR7YF7Z1HXD,2025-04-10 00:00:00,0.7685185185185185,6,高利用率
1012312288YR7YF7Z1HXD,2025-04-10 06:00:00,0.6481481481481481,6,中利用率
1012312288YR7YF7Z1HXD,2025-04-10 12:00:00,0.35185185185185186,6,中利用率
1012312288YR7YF7Z1HXD,2025-04-10 18:00:00,0.5833333333333334,6,中利用率
1012312288YR7YF7Z1HXD,2025-04-11 00:00:00,0.7592592592592592,6,高利用率
1012312288YR7YF7Z1HXD,2025-04-11 06:00:00,0.75,6,高利用率
1012312288YR7YF7Z1HXD,2025-04-11 12:00:00,0.49074074074074076,6,中利用率
1012312288YR7YF7Z1HXD,2025-04-11 18:00:00,0.4907407407407407,6,中利用率
1012312288YR7YF7Z1HXD,2025-04-12 00:00:00,0.46296296296296297,6,中利用率
1012312288YR7YF7Z1HXD,2025-04-12 06:00:00,0.4537037037037037,6,中利用率
1012312288YR7YF7Z1HXD,2025-04-12 12:00:00,0.4166666666666667,6,中利用率
1012312288YR7YF7Z1HXD,2025-04-12 18:00:00,0.34259259259259256,6,中利用率
1012312288YR7YF7Z1HXD,2025-04-13 00:00:00,0.5925925925925927,6,中利用率
1012312288YR7YF7Z1HXD,2025-04-13 06:00:00,0.4537037037037037,6,中利用率
1012312288YR7YF7Z1HXD,2025-04-13 12:00:00,0.6203703703703703,6,中利用率
1012312288YR7YF7Z1HXD,2025-04-13 18:00:00,0.6111111111111112,6,中利用率
1012312288YR825E2P88X,2025-03-03 06:00:00,0.2,1,低利用率
1012312288YR825E2P88X,2025-03-03 07:00:00,0.20579710144927535,6,低利用率
1012312288YR825E2P88X,2025-03-03 08:00:00,0.18260869565217389,6,低利用率
1012312288YR825E2P88X,2025-03-03 09:00:00,0.09710144927536231,6,低利用率
1012312288YR825E2P88X,2025-03-03 10:00:00,0.13478260869565217,6,低利用率
1012312288YR825E2P88X,2025-03-03 11:00:00,0.18985507246376812,6,低利用率
1012312288YR825E2P88X,2025-03-03 12:00:00,0.25942028985507243,6,低利用率
1012312288YR825E2P88X,2025-03-03 13:00:00,0.17681159420289858,6,低利用率
1012312288YR825E2P88X,2025-03-03 14:00:00,0.1753623188405797,6,低利用率
1012312288YR825E2P88X,2025-03-03 15:00:00,0.15507246376811595,6,低利用率
1012312288YR825E2P88X,2025-03-03 16:00:00,0.1927536231884058,6,低利用率
1012312288YR825E2P88X,2025-03-03 17:00:00,0.2753623188405797,6,低利用率
1012312288YR825E2P88X,2025-03-03 18:00:00,0.32608695652173914,6,中利用率
1012312288YR825E2P88X,2025-03-03 19:00:00,0.23913043478260868,6,低利用率
1012312288YR825E2P88X,2025-03-03 20:00:00,0.23768115942028986,6,低利用率
1012312288YR825E2P88X,2025-03-03 21:00:00,0.2768115942028985,6,低利用率
1012312288YR825E2P88X,2025-03-03 22:00:00,0.28550724637681163,6,低利用率
1012312288YR825E2P88X,2025-03-03 23:00:00,0.26666666666666666,6,低利用率
1012312288YR825E2P88X,2025-03-04 00:00:00,0.24057971014492754,6,低利用率
1012312288YR825E2P88X,2025-03-04 01:00:00,0.227536231884058,6,低利用率
1012312288YR825E2P88X,2025-03-04 02:00:00,0.21594202898550727,6,低利用率
1012312288YR825E2P88X,2025-03-04 03:00:00,0.2144927536231884,3,低利用率
1012312288YR825E2P88X,2025-04-07 00:00:00,0.23043478260869565,6,低利用率
1012312288YR825E2P88X,2025-04-07 06:00:00,0.19855072463768117,6,低利用率
1012312288YR825E2P88X,2025-04-07 12:00:00,0.27101449275362316,6,低利用率
1012312288YR825E2P88X,2025-04-07 18:00:00,0.3376811594202898,6,中利用率
1012312288YR825E2P88X,2025-04-08 00:00:00,0.30144927536231886,6,中利用率
1012312288YR825E2P88X,2025-04-08 06:00:00,0.2768115942028985,6,低利用率
1012312288YR825E2P88X,2025-04-08 12:00:00,0.28550724637681163,6,低利用率
1012312288YR825E2P88X,2025-04-08 18:00:00,0.41884057971014493,6,中利用率
1012312288YR825E2P88X,2025-04-09 00:00:00,0.23913043478260868,6,低利用率
1012312288YR825E2P88X,2025-04-09 06:00:00,0.18695652173913044,6,低利用率
1012312288YR825E2P88X,2025-04-09 18:00:00,0.2652173913043478,6,低利用率
1012312288YR825E2P88X,2025-04-10 00:00:00,0.2579710144927536,6,低利用率
1012312288YR825E2P88X,2025-04-10 06:00:00,0.2333333333333333,6,低利用率
1012312288YR825E2P88X,2025-04-10 12:00:00,0.2927536231884058,6,低利用率
1012312288YR825E2P88X,2025-04-10 18:00:00,0.4405797101449275,6,中利用率
1012312288YR825E2P88X,2025-04-11 00:00:00,0.2739130434782609,6,低利用率
1012312288YR825E2P88X,2025-04-11 06:00:00,0.24492753623188404,6,低利用率
1012312288YR825E2P88X,2025-04-11 12:00:00,0.2811594202898551,6,低利用率
1012312288YR825E2P88X,2025-04-11 18:00:00,0.4173913043478261,6,中利用率
1012312288YR825E2P88X,2025-04-12 00:00:00,0.24637681159420288,6,低利用率
1012312288YR825E2P88X,2025-04-12 06:00:00,0.2246376811594203,6,低利用率
1012312288YR825E2P88X,2025-04-12 12:00:00,0.15217391304347827,6,低利用率
1012312288YR825E2P88X,2025-04-12 18:00:00,0.3347826086956522,6,中利用率
1012312288YR825E2P88X,2025-04-13 00:00:00,0.21304347826086956,6,低利用率
1012312288YR825E2P88X,2025-04-13 06:00:00,0.1884057971014493,6,低利用率
1012312288YR825E2P88X,2025-04-13 12:00:00,0.2652173913043478,6,低利用率
1012312288YR825E2P88X,2025-04-13 18:00:00,0.4144927536231884,6,中利用率
1012312288YR85VK6CYKH,2025-03-03 06:00:00,0.011111111111111112,1,低利用率
1012312288YR85VK6CYKH,2025-03-03 07:00:00,0.018518518518518517,6,低利用率
1012312288YR85VK6CYKH,2025-03-03 08:00:00,0.3148148148148148,6,中利用率
1012312288YR85VK6CYKH,2025-03-03 09:00:00,0.8722222222222222,6,高利用率
1012312288YR85VK6CYKH,2025-03-03 10:00:00,0.862962962962963,6,高利用率
1012312288YR85VK6CYKH,2025-03-03 11:00:00,0.587037037037037,6,中利用率
1012312288YR85VK6CYKH,2025-03-03 12:00:00,0.25,6,低利用率
1012312288YR85VK6CYKH,2025-03-03 13:00:00,0.5703703703703703,6,中利用率
1012312288YR85VK6CYKH,2025-03-03 14:00:00,0.8388888888888889,6,高利用率
1012312288YR85VK6CYKH,2025-03-03 15:00:00,0.762962962962963,6,高利用率
1012312288YR85VK6CYKH,2025-03-03 16:00:00,0.35555555555555557,6,中利用率
1012312288YR85VK6CYKH,2025-03-03 17:00:00,0.08333333333333333,6,低利用率
1012312288YR85VK6CYKH,2025-03-03 18:00:00,0.040740740740740744,6,低利用率
1012312288YR85VK6CYKH,2025-03-03 19:00:00,0.012962962962962963,6,低利用率
1012312288YR85VK6CYKH,2025-03-03 20:00:00,0.012962962962962963,6,低利用率
1012312288YR85VK6CYKH,2025-03-03 21:00:00,0.011111111111111112,6,低利用率
1012312288YR85VK6CYKH,2025-03-03 22:00:00,0.02962962962962963,6,低利用率
1012312288YR85VK6CYKH,2025-03-03 23:00:00,0.03333333333333333,6,低利用率
1012312288YR85VK6CYKH,2025-03-04 00:00:00,0.02407407407407407,6,低利用率
1012312288YR85VK6CYKH,2025-03-04 01:00:00,0.022222222222222223,6,低利用率
1012312288YR85VK6CYKH,2025-03-04 02:00:00,0.022222222222222223,6,低利用率
1012312288YR85VK6CYKH,2025-03-04 03:00:00,0.022222222222222223,3,低利用率
1012312288YR85VK6CYKH,2025-04-07 00:00:00,0.0,6,低利用率
1012312288YR85VK6CYKH,2025-04-07 06:00:00,0.0,6,低利用率
1012312288YR85VK6CYKH,2025-04-07 12:00:00,0.17037037037037037,6,低利用率
1012312288YR85VK6CYKH,2025-04-07 18:00:00,0.027777777777777776,6,低利用率
1012312288YR85VK6CYKH,2025-04-08 00:00:00,0.0462962962962963,6,低利用率
1012312288YR85VK6CYKH,2025-04-08 06:00:00,0.049999999999999996,6,低利用率
1012312288YR85VK6CYKH,2025-04-08 12:00:00,0.0462962962962963,6,低利用率
1012312288YR85VK6CYKH,2025-04-08 18:00:00,0.03333333333333333,6,低利用率
1012312288YR85VK6CYKH,2025-04-09 00:00:00,0.022222222222222223,6,低利用率
1012312288YR85VK6CYKH,2025-04-09 06:00:00,0.02962962962962963,6,低利用率
1012312288YR85VK6CYKH,2025-04-09 18:00:00,0.05740740740740741,6,低利用率
1012312288YR85VK6CYKH,2025-04-10 00:00:00,0.05555555555555555,6,低利用率
1012312288YR85VK6CYKH,2025-04-10 06:00:00,0.06851851851851852,6,低利用率
1012312288YR85VK6CYKH,2025-04-10 12:00:00,0.13148148148148148,6,低利用率
1012312288YR85VK6CYKH,2025-04-10 18:00:00,0.07962962962962963,6,低利用率
1012312288YR85VK6CYKH,2025-04-11 00:00:00,0.044444444444444446,6,低利用率
1012312288YR85VK6CYKH,2025-04-11 06:00:00,0.049999999999999996,6,低利用率
1012312288YR85VK6CYKH,2025-04-11 12:00:00,0.19074074074074074,6,低利用率
1012312288YR85VK6CYKH,2025-04-11 18:00:00,0.07592592592592592,6,低利用率
1012312288YR85VK6CYKH,2025-04-12 00:00:00,0.03333333333333333,6,低利用率
1012312288YR85VK6CYKH,2025-04-12 06:00:00,0.03333333333333333,6,低利用率
1012312288YR85VK6CYKH,2025-04-12 12:00:00,0.0462962962962963,6,低利用率
1012312288YR85VK6CYKH,2025-04-12 18:00:00,0.049999999999999996,6,低利用率
1012312288YR85VK6CYKH,2025-04-13 00:00:00,0.05555555555555555,6,低利用率
1012312288YR85VK6CYKH,2025-04-13 06:00:00,0.07222222222222223,6,低利用率
1012312288YR85VK6CYKH,2025-04-13 12:00:00,0.1851851851851852,6,低利用率
1012312288YR85VK6CYKH,2025-04-13 18:00:00,0.08518518518518518,6,低利用率
1012312288YR89HS7SKXT,2025-03-03 06:00:00,0.8333333333333334,2,高利用率
1012312288YR89HS7SKXT,2025-03-03 07:00:00,0.7777777777777778,6,高利用率
1012312288YR89HS7SKXT,2025-03-03 08:00:00,0.5462962962962963,6,中利用率
1012312288YR89HS7SKXT,2025-03-03 09:00:00,0.5092592592592593,6,中利用率
1012312288YR89HS7SKXT,2025-03-03 10:00:00,0.5555555555555556,6,中利用率
1012312288YR89HS7SKXT,2025-03-03 11:00:00,0.5648148148148148,6,中利用率
1012312288YR89HS7SKXT,2025-03-03 12:00:00,0.6851851851851851,6,中利用率
1012312288YR89HS7SKXT,2025-03-03 13:00:00,0.4351851851851852,6,中利用率
1012312288YR89HS7SKXT,2025-03-03 14:00:00,0.5648148148148148,6,中利用率
1012312288YR89HS7SKXT,2025-03-03 15:00:00,0.5925925925925927,6,中利用率
1012312288YR89HS7SKXT,2025-03-03 16:00:00,0.6666666666666666,6,中利用率
1012312288YR89HS7SKXT,2025-03-03 17:00:00,0.788888888888889,5,高利用率
1012312288YR89HS7SKXT,2025-03-03 18:00:00,0.8703703703703703,6,高利用率
1012312288YR89HS7SKXT,2025-03-03 19:00:00,0.7314814814814815,6,高利用率
1012312288YR89HS7SKXT,2025-03-03 20:00:00,0.8148148148148149,6,高利用率
1012312288YR89HS7SKXT,2025-03-03 21:00:00,0.8425925925925926,6,高利用率
1012312288YR89HS7SKXT,2025-03-03 22:00:00,0.75,6,高利用率
1012312288YR89HS7SKXT,2025-03-03 23:00:00,0.7314814814814815,6,高利用率
1012312288YR89HS7SKXT,2025-03-04 00:00:00,0.7777777777777778,6,高利用率
1012312288YR89HS7SKXT,2025-03-04 01:00:00,0.8240740740740741,6,高利用率
1012312288YR89HS7SKXT,2025-03-04 02:00:00,0.8055555555555557,6,高利用率
1012312288YR89HS7SKXT,2025-03-04 03:00:00,0.8333333333333334,3,高利用率
1012312288YR89HS7SKXT,2025-04-07 00:00:00,0.5462962962962963,6,中利用率
1012312288YR89HS7SKXT,2025-04-07 06:00:00,0.5185185185185185,6,中利用率
1012312288YR89HS7SKXT,2025-04-07 12:00:00,0.47222222222222227,6,中利用率
1012312288YR89HS7SKXT,2025-04-07 18:00:00,0.5185185185185185,6,中利用率
1012312288YR89HS7SKXT,2025-04-08 00:00:00,0.49074074074074076,6,中利用率
1012312288YR89HS7SKXT,2025-04-08 06:00:00,0.5648148148148149,6,中利用率
1012312288YR89HS7SKXT,2025-04-08 12:00:00,0.3796296296296296,6,中利用率
1012312288YR89HS7SKXT,2025-04-08 18:00:00,0.5462962962962963,6,中利用率
1012312288YR89HS7SKXT,2025-04-09 00:00:00,0.3796296296296296,6,中利用率
1012312288YR89HS7SKXT,2025-04-09 06:00:00,0.3888888888888889,6,中利用率
1012312288YR89HS7SKXT,2025-04-09 18:00:00,0.5833333333333334,6,中利用率
1012312288YR89HS7SKXT,2025-04-10 00:00:00,0.6111111111111112,6,中利用率
1012312288YR89HS7SKXT,2025-04-10 06:00:00,0.6666666666666666,6,中利用率
1012312288YR89HS7SKXT,2025-04-10 12:00:00,0.5925925925925926,6,中利用率
1012312288YR89HS7SKXT,2025-04-10 18:00:00,0.5740740740740741,6,中利用率
1012312288YR89HS7SKXT,2025-04-11 00:00:00,0.6111111111111112,6,中利用率
1012312288YR89HS7SKXT,2025-04-11 06:00:00,0.6666666666666666,6,中利用率
1012312288YR89HS7SKXT,2025-04-11 12:00:00,0.5925925925925927,6,中利用率
1012312288YR89HS7SKXT,2025-04-11 18:00:00,0.6666666666666666,6,中利用率
1012312288YR89HS7SKXT,2025-04-12 00:00:00,0.5185185185185185,6,中利用率
1012312288YR89HS7SKXT,2025-04-12 06:00:00,0.5555555555555556,6,中利用率
1012312288YR89HS7SKXT,2025-04-12 12:00:00,0.5925925925925926,6,中利用率
1012312288YR89HS7SKXT,2025-04-12 18:00:00,0.638888888888889,6,中利用率
1012312288YR89HS7SKXT,2025-04-13 00:00:00,0.2777777777777778,6,低利用率
1012312288YR89HS7SKXT,2025-04-13 06:00:00,0.4444444444444444,6,中利用率
1012312288YR89HS7SKXT,2025-04-13 12:00:00,0.6018518518518519,6,中利用率
1012312288YR89HS7SKXT,2025-04-13 18:00:00,0.6111111111111112,6,中利用率
1012312288YR8GIC67LS1,2025-03-03 06:00:00,0.45454545454545453,2,中利用率
1012312288YR8GIC67LS1,2025-03-03 07:00:00,0.5227272727272727,6,中利用率
1012312288YR8GIC67LS1,2025-03-03 08:00:00,0.5227272727272727,6,中利用率
1012312288YR8GIC67LS1,2025-03-03 09:00:00,0.8787878787878788,6,高利用率
1012312288YR8GIC67LS1,2025-03-03 10:00:00,0.9318181818181819,4,高利用率
1012312288YR8GIC67LS1,2025-03-03 11:00:00,0.8409090909090909,6,高利用率
1012312288YR8GIC67LS1,2025-03-03 12:00:00,0.6969696969696969,6,中利用率
1012312288YR8GIC67LS1,2025-03-03 13:00:00,0.8409090909090909,6,高利用率
1012312288YR8GIC67LS1,2025-03-03 14:00:00,0.9272727272727274,5,高利用率
1012312288YR8GIC67LS1,2025-03-03 15:00:00,0.9454545454545455,5,高利用率
1012312288YR8GIC67LS1,2025-03-03 16:00:00,0.6590909090909091,6,中利用率
1012312288YR8GIC67LS1,2025-03-03 17:00:00,0.4393939393939394,6,中利用率
1012312288YR8GIC67LS1,2025-03-03 18:00:00,0.196969696969697,6,低利用率
1012312288YR8GIC67LS1,2025-03-03 19:00:00,0.1818181818181818,6,低利用率
1012312288YR8GIC67LS1,2025-03-03 20:00:00,0.2803030303030303,6,低利用率
1012312288YR8GIC67LS1,2025-03-03 21:00:00,0.2727272727272727,6,低利用率
1012312288YR8GIC67LS1,2025-03-03 22:00:00,0.22727272727272727,6,低利用率
1012312288YR8GIC67LS1,2025-03-03 23:00:00,0.22727272727272727,6,低利用率
1012312288YR8GIC67LS1,2025-03-04 00:00:00,0.22727272727272727,6,低利用率
1012312288YR8GIC67LS1,2025-03-04 01:00:00,0.22727272727272727,6,低利用率
1012312288YR8GIC67LS1,2025-03-04 02:00:00,0.22727272727272727,6,低利用率
1012312288YR8GIC67LS1,2025-03-04 03:00:00,0.22727272727272727,3,低利用率
1012312288YR8GIC67LS1,2025-04-07 00:00:00,0.3636363636363636,6,中利用率
1012312288YR8GIC67LS1,2025-04-07 06:00:00,0.3181818181818182,6,中利用率
1012312288YR8GIC67LS1,2025-04-07 12:00:00,0.5681818181818182,6,中利用率
1012312288YR8GIC67LS1,2025-04-07 18:00:00,0.2727272727272727,6,低利用率
1012312288YR8GIC67LS1,2025-04-08 00:00:00,0.30303030303030304,6,中利用率
1012312288YR8GIC67LS1,2025-04-08 06:00:00,0.3636363636363636,6,中利用率
1012312288YR8GIC67LS1,2025-04-08 12:00:00,0.40151515151515155,6,中利用率
1012312288YR8GIC67LS1,2025-04-08 18:00:00,0.2196969696969697,6,低利用率
1012312288YR8GIC67LS1,2025-04-09 00:00:00,0.30303030303030304,6,中利用率
1012312288YR8GIC67LS1,2025-04-09 06:00:00,0.13636363636363635,6,低利用率
1012312288YR8GIC67LS1,2025-04-09 18:00:00,0.21212121212121213,6,低利用率
1012312288YR8GIC67LS1,2025-04-10 00:00:00,0.4318181818181818,6,中利用率
1012312288YR8GIC67LS1,2025-04-10 06:00:00,0.3636363636363636,6,中利用率
1012312288YR8GIC67LS1,2025-04-10 12:00:00,0.5,6,中利用率
1012312288YR8GIC67LS1,2025-04-10 18:00:00,0.34848484848484845,6,中利用率
1012312288YR8GIC67LS1,2025-04-11 00:00:00,0.29545454545454547,6,低利用率
1012312288YR8GIC67LS1,2025-04-11 06:00:00,0.45454545454545453,6,中利用率
1012312288YR8GIC67LS1,2025-04-11 12:00:00,0.6060606060606061,6,中利用率
1012312288YR8GIC67LS1,2025-04-11 18:00:00,0.3636363636363636,6,中利用率
1012312288YR8GIC67LS1,2025-04-12 00:00:00,0.553030303030303,6,中利用率
1012312288YR8GIC67LS1,2025-04-12 06:00:00,0.3409090909090909,6,中利用率
1012312288YR8GIC67LS1,2025-04-12 12:00:00,0.10606060606060606,6,低利用率
1012312288YR8GIC67LS1,2025-04-12 18:00:00,0.2727272727272727,6,低利用率
1012312288YR8GIC67LS1,2025-04-13 00:00:00,0.6136363636363636,6,中利用率
1012312288YR8GIC67LS1,2025-04-13 06:00:00,0.44696969696969696,6,中利用率
1012312288YR8GIC67LS1,2025-04-13 12:00:00,0.21212121212121213,6,低利用率
1012312288YR8GIC67LS1,2025-04-13 18:00:00,0.23484848484848486,6,低利用率
1012312288YR8IX5J60OX,2025-03-03 06:00:00,0.1724137931034483,2,低利用率
1012312288YR8IX5J60OX,2025-03-03 07:00:00,0.367816091954023,6,中利用率
1012312288YR8IX5J60OX,2025-03-03 08:00:00,0.7701149425287356,6,高利用率
1012312288YR8IX5J60OX,2025-03-03 09:00:00,0.9137931034482758,6,高利用率
1012312288YR8IX5J60OX,2025-03-03 10:00:00,0.8827586206896552,5,高利用率
1012312288YR8IX5J60OX,2025-03-03 11:00:00,0.8563218390804598,6,高利用率
1012312288YR8IX5J60OX,2025-03-03 12:00:00,0.7183908045977012,6,高利用率
1012312288YR8IX5J60OX,2025-03-03 13:00:00,0.7298850574712644,6,高利用率
1012312288YR8IX5J60OX,2025-03-03 14:00:00,0.9448275862068967,5,高利用率
1012312288YR8IX5J60OX,2025-03-03 15:00:00,0.9367816091954023,6,高利用率
1012312288YR8IX5J60OX,2025-03-03 16:00:00,0.7873563218390806,6,高利用率
1012312288YR8IX5J60OX,2025-03-03 17:00:00,0.4942528735632184,6,中利用率
1012312288YR8IX5J60OX,2025-03-03 18:00:00,0.37931034482758624,6,中利用率
1012312288YR8IX5J60OX,2025-03-03 19:00:00,0.37931034482758613,6,中利用率
1012312288YR8IX5J60OX,2025-03-03 20:00:00,0.4080459770114942,6,中利用率
1012312288YR8IX5J60OX,2025-03-03 21:00:00,0.4770114942528736,6,中利用率
1012312288YR8IX5J60OX,2025-03-03 22:00:00,0.47126436781609193,6,中利用率
1012312288YR8IX5J60OX,2025-03-03 23:00:00,0.41954022988505746,6,中利用率
1012312288YR8IX5J60OX,2025-03-04 00:00:00,0.3850574712643678,6,中利用率
1012312288YR8IX5J60OX,2025-03-04 01:00:00,0.37931034482758613,6,中利用率
1012312288YR8IX5J60OX,2025-03-04 02:00:00,0.37931034482758613,6,中利用率
1012312288YR8IX5J60OX,2025-03-04 03:00:00,0.37931034482758613,3,中利用率
1012312288YR8IX5J60OX,2025-04-07 00:00:00,0.05172413793103448,6,低利用率
1012312288YR8IX5J60OX,2025-04-07 06:00:00,0.0632183908045977,6,低利用率
1012312288YR8IX5J60OX,2025-04-07 12:00:00,0.6609195402298851,6,中利用率
1012312288YR8IX5J60OX,2025-04-07 18:00:00,0.43678160919540227,6,中利用率
1012312288YR8IX5J60OX,2025-04-08 00:00:00,0.28160919540229884,6,低利用率
1012312288YR8IX5J60OX,2025-04-08 06:00:00,0.21264367816091956,6,低利用率
1012312288YR8IX5J60OX,2025-04-08 12:00:00,0.7701149425287356,6,高利用率
1012312288YR8IX5J60OX,2025-04-08 18:00:00,0.2413793103448276,6,低利用率
1012312288YR8IX5J60OX,2025-04-09 00:00:00,0.27586206896551724,6,低利用率
1012312288YR8IX5J60OX,2025-04-09 06:00:00,0.27586206896551724,6,低利用率
1012312288YR8IX5J60OX,2025-04-09 18:00:00,0.3390804597701149,6,中利用率
1012312288YR8IX5J60OX,2025-04-10 00:00:00,0.27586206896551724,6,低利用率
1012312288YR8IX5J60OX,2025-04-10 06:00:00,0.21839080459770113,6,低利用率
1012312288YR8IX5J60OX,2025-04-10 12:00:00,0.6609195402298851,6,中利用率
1012312288YR8IX5J60OX,2025-04-10 18:00:00,0.367816091954023,6,中利用率
1012312288YR8IX5J60OX,2025-04-11 00:00:00,0.14367816091954022,6,低利用率
1012312288YR8IX5J60OX,2025-04-11 06:00:00,0.16091954022988506,6,低利用率
1012312288YR8IX5J60OX,2025-04-11 12:00:00,0.6551724137931035,6,中利用率
1012312288YR8IX5J60OX,2025-04-11 18:00:00,0.4540229885057471,6,中利用率
1012312288YR8IX5J60OX,2025-04-12 00:00:00,0.41954022988505746,6,中利用率
1012312288YR8IX5J60OX,2025-04-12 06:00:00,0.35632183908045983,6,中利用率
1012312288YR8IX5J60OX,2025-04-12 12:00:00,0.47126436781609193,6,中利用率
1012312288YR8IX5J60OX,2025-04-12 18:00:00,0.1724137931034483,6,低利用率
1012312288YR8IX5J60OX,2025-04-13 00:00:00,0.3448275862068966,6,中利用率
1012312288YR8IX5J60OX,2025-04-13 06:00:00,0.28160919540229884,6,低利用率
1012312288YR8IX5J60OX,2025-04-13 12:00:00,0.2528735632183908,6,低利用率
1012312288YR8IX5J60OX,2025-04-13 18:00:00,0.13218390804597702,6,低利用率
1012312288YR8VUSTQYV5,2025-03-03 06:00:00,0.10526315789473684,1,低利用率
1012312288YR8VUSTQYV5,2025-03-03 07:00:00,0.18421052631578946,6,低利用率
1012312288YR8VUSTQYV5,2025-03-03 08:00:00,0.5614035087719298,6,中利用率
1012312288YR8VUSTQYV5,2025-03-03 09:00:00,0.8684210526315789,6,高利用率
1012312288YR8VUSTQYV5,2025-03-03 10:00:00,0.8596491228070176,6,高利用率
1012312288YR8VUSTQYV5,2025-03-03 11:00:00,0.8771929824561403,6,高利用率
1012312288YR8VUSTQYV5,2025-03-03 12:00:00,0.7631578947368421,6,高利用率
1012312288YR8VUSTQYV5,2025-03-03 13:00:00,0.9385964912280702,6,高利用率
1012312288YR8VUSTQYV5,2025-03-03 14:00:00,0.9035087719298245,6,高利用率
1012312288YR8VUSTQYV5,2025-03-03 15:00:00,0.8596491228070176,6,高利用率
1012312288YR8VUSTQYV5,2025-03-03 16:00:00,0.8157894736842105,6,高利用率
1012312288YR8VUSTQYV5,2025-03-03 17:00:00,0.6578947368421053,6,中利用率
1012312288YR8VUSTQYV5,2025-03-03 18:00:00,0.5087719298245613,6,中利用率
1012312288YR8VUSTQYV5,2025-03-03 19:00:00,0.543859649122807,6,中利用率
1012312288YR8VUSTQYV5,2025-03-03 20:00:00,0.42105263157894735,6,中利用率
1012312288YR8VUSTQYV5,2025-03-03 21:00:00,0.3859649122807018,6,中利用率
1012312288YR8VUSTQYV5,2025-03-03 22:00:00,0.42105263157894735,6,中利用率
1012312288YR8VUSTQYV5,2025-03-03 23:00:00,0.42105263157894735,6,中利用率
1012312288YR8VUSTQYV5,2025-03-04 00:00:00,0.42105263157894735,6,中利用率
1012312288YR8VUSTQYV5,2025-03-04 01:00:00,0.4298245614035088,6,中利用率
1012312288YR8VUSTQYV5,2025-03-04 02:00:00,0.47368421052631576,6,中利用率
1012312288YR8VUSTQYV5,2025-03-04 03:00:00,0.47368421052631576,3,中利用率
1012312288YR8VUSTQYV5,2025-04-07 00:00:00,0.24561403508771928,6,低利用率
1012312288YR8VUSTQYV5,2025-04-07 06:00:00,0.21052631578947367,6,低利用率
1012312288YR8VUSTQYV5,2025-04-07 12:00:00,0.7105263157894738,6,高利用率
1012312288YR8VUSTQYV5,2025-04-07 18:00:00,0.5701754385964912,6,中利用率
1012312288YR8VUSTQYV5,2025-04-08 00:00:00,0.2719298245614035,6,低利用率
1012312288YR8VUSTQYV5,2025-04-08 06:00:00,0.21929824561403508,6,低利用率
1012312288YR8VUSTQYV5,2025-04-08 12:00:00,0.7368421052631579,6,高利用率
1012312288YR8VUSTQYV5,2025-04-08 18:00:00,0.7807017543859649,6,高利用率
1012312288YR8VUSTQYV5,2025-04-09 00:00:00,0.5701754385964912,6,中利用率
1012312288YR8VUSTQYV5,2025-04-09 06:00:00,0.3684210526315789,6,中利用率
1012312288YR8VUSTQYV5,2025-04-09 18:00:00,0.3947368421052631,6,中利用率
1012312288YR8VUSTQYV5,2025-04-10 00:00:00,0.21052631578947367,6,低利用率
1012312288YR8VUSTQYV5,2025-04-10 06:00:00,0.18421052631578946,6,低利用率
1012312288YR8VUSTQYV5,2025-04-10 12:00:00,0.7368421052631579,6,高利用率
1012312288YR8VUSTQYV5,2025-04-10 18:00:00,0.5350877192982456,6,中利用率
1012312288YR8VUSTQYV5,2025-04-11 00:00:00,0.5526315789473685,6,中利用率
1012312288YR8VUSTQYV5,2025-04-11 06:00:00,0.4298245614035088,6,中利用率
1012312288YR8VUSTQYV5,2025-04-11 12:00:00,0.8526315789473685,5,高利用率
1012312288YR8VUSTQYV5,2025-04-11 18:00:00,0.5614035087719298,6,中利用率
1012312288YR8VUSTQYV5,2025-04-12 00:00:00,0.5175438596491228,6,中利用率
1012312288YR8VUSTQYV5,2025-04-12 06:00:00,0.4473684210526316,6,中利用率
1012312288YR8VUSTQYV5,2025-04-12 12:00:00,0.5175438596491228,6,中利用率
1012312288YR8VUSTQYV5,2025-04-12 18:00:00,0.4122807017543859,6,中利用率
1012312288YR8VUSTQYV5,2025-04-13 00:00:00,0.37719298245614036,6,中利用率
1012312288YR8VUSTQYV5,2025-04-13 06:00:00,0.21052631578947367,6,低利用率
1012312288YR8VUSTQYV5,2025-04-13 12:00:00,0.3508771929824561,6,中利用率
1012312288YR8VUSTQYV5,2025-04-13 18:00:00,0.4473684210526316,6,中利用率
1012312288YR8ZSV1UX35,2025-03-03 06:00:00,0.3125,2,中利用率
1012312288YR8ZSV1UX35,2025-03-03 07:00:00,0.30113636363636365,6,中利用率
1012312288YR8ZSV1UX35,2025-03-03 08:00:00,0.23484848484848486,6,低利用率
1012312288YR8ZSV1UX35,2025-03-03 09:00:00,0.28219696969696967,6,低利用率
1012312288YR8ZSV1UX35,2025-03-03 10:00:00,0.3541666666666667,6,中利用率
1012312288YR8ZSV1UX35,2025-03-03 11:00:00,0.3541666666666667,6,中利用率
1012312288YR8ZSV1UX35,2025-03-03 12:00:00,0.40151515151515155,6,中利用率
1012312288YR8ZSV1UX35,2025-03-03 13:00:00,0.39015151515151514,6,中利用率
1012312288YR8ZSV1UX35,2025-03-03 14:00:00,0.46401515151515155,6,中利用率
1012312288YR8ZSV1UX35,2025-03-03 15:00:00,0.4791666666666667,6,中利用率
1012312288YR8ZSV1UX35,2025-03-03 16:00:00,0.36742424242424243,6,中利用率
1012312288YR8ZSV1UX35,2025-03-03 17:00:00,0.4431818181818182,6,中利用率
1012312288YR8ZSV1UX35,2025-03-03 18:00:00,0.6287878787878788,6,中利用率
1012312288YR8ZSV1UX35,2025-03-03 19:00:00,0.5359848484848485,6,中利用率
1012312288YR8ZSV1UX35,2025-03-03 20:00:00,0.418560606060606,6,中利用率
1012312288YR8ZSV1UX35,2025-03-03 21:00:00,0.42992424242424243,6,中利用率
1012312288YR8ZSV1UX35,2025-03-03 22:00:00,0.4147727272727273,6,中利用率
1012312288YR8ZSV1UX35,2025-03-03 23:00:00,0.4090909090909091,6,中利用率
1012312288YR8ZSV1UX35,2025-03-04 00:00:00,0.393939393939394,6,中利用率
1012312288YR8ZSV1UX35,2025-03-04 01:00:00,0.35984848484848486,6,中利用率
1012312288YR8ZSV1UX35,2025-03-04 02:00:00,0.3541666666666667,6,中利用率
1012312288YR8ZSV1UX35,2025-03-04 03:00:00,0.3522727272727273,3,中利用率
1012312288YR8ZSV1UX35,2025-04-07 00:00:00,0.4943181818181818,6,中利用率
1012312288YR8ZSV1UX35,2025-04-07 06:00:00,0.47348484848484845,6,中利用率
1012312288YR8ZSV1UX35,2025-04-07 12:00:00,0.5075757575757576,6,中利用率
1012312288YR8ZSV1UX35,2025-04-07 18:00:00,0.6231060606060607,6,中利用率
1012312288YR8ZSV1UX35,2025-04-08 00:00:00,0.45643939393939387,6,中利用率
1012312288YR8ZSV1UX35,2025-04-08 06:00:00,0.46969696969696967,6,中利用率
1012312288YR8ZSV1UX35,2025-04-08 12:00:00,0.5606060606060606,6,中利用率
1012312288YR8ZSV1UX35,2025-04-08 18:00:00,0.6761363636363636,6,中利用率
1012312288YR8ZSV1UX35,2025-04-09 00:00:00,0.4772727272727273,6,中利用率
1012312288YR8ZSV1UX35,2025-04-09 06:00:00,0.46401515151515155,6,中利用率
1012312288YR8ZSV1UX35,2025-04-09 18:00:00,0.6515151515151515,6,中利用率
1012312288YR8ZSV1UX35,2025-04-10 00:00:00,0.5643939393939394,6,中利用率
1012312288YR8ZSV1UX35,2025-04-10 06:00:00,0.5189393939393939,6,中利用率
1012312288YR8ZSV1UX35,2025-04-10 12:00:00,0.5984848484848485,6,中利用率
1012312288YR8ZSV1UX35,2025-04-10 18:00:00,0.6742424242424242,6,中利用率
1012312288YR8ZSV1UX35,2025-04-11 00:00:00,0.3352272727272727,6,中利用率
1012312288YR8ZSV1UX35,2025-04-11 06:00:00,0.32954545454545453,6,中利用率
1012312288YR8ZSV1UX35,2025-04-11 12:00:00,0.6231060606060607,6,中利用率
1012312288YR8ZSV1UX35,2025-04-11 18:00:00,0.7196969696969697,6,高利用率
1012312288YR8ZSV1UX35,2025-04-12 00:00:00,0.5189393939393939,6,中利用率
1012312288YR8ZSV1UX35,2025-04-12 06:00:00,0.4431818181818182,6,中利用率
1012312288YR8ZSV1UX35,2025-04-12 12:00:00,0.6685606060606061,6,中利用率
1012312288YR8ZSV1UX35,2025-04-12 18:00:00,0.774621212121212,6,高利用率
1012312288YR8ZSV1UX35,2025-04-13 00:00:00,0.4375,6,中利用率
1012312288YR8ZSV1UX35,2025-04-13 06:00:00,0.4053030303030303,6,中利用率
1012312288YR8ZSV1UX35,2025-04-13 12:00:00,0.6875,6,中利用率
1012312288YR8ZSV1UX35,2025-04-13 18:00:00,0.7954545454545454,6,高利用率
1012312288YR9376YUBK1,2025-03-03 06:00:00,0.08333333333333333,2,低利用率
1012312288YR9376YUBK1,2025-03-03 07:00:00,0.06481481481481481,6,低利用率
1012312288YR9376YUBK1,2025-03-03 08:00:00,0.14814814814814814,6,低利用率
1012312288YR9376YUBK1,2025-03-03 09:00:00,0.5555555555555555,6,中利用率
1012312288YR9376YUBK1,2025-03-03 10:00:00,0.7129629629629629,6,高利用率
1012312288YR9376YUBK1,2025-03-03 11:00:00,0.7407407407407408,6,高利用率
1012312288YR9376YUBK1,2025-03-03 12:00:00,0.75,6,高利用率
1012312288YR9376YUBK1,2025-03-03 13:00:00,0.8240740740740741,6,高利用率
1012312288YR9376YUBK1,2025-03-03 14:00:00,0.8148148148148149,6,高利用率
1012312288YR9376YUBK1,2025-03-03 15:00:00,0.8425925925925926,6,高利用率
1012312288YR9376YUBK1,2025-03-03 16:00:00,0.8425925925925926,6,高利用率
1012312288YR9376YUBK1,2025-03-03 17:00:00,0.7870370370370371,6,高利用率
1012312288YR9376YUBK1,2025-03-03 18:00:00,0.8796296296296297,6,高利用率
1012312288YR9376YUBK1,2025-03-03 19:00:00,0.7592592592592592,6,高利用率
1012312288YR9376YUBK1,2025-03-03 20:00:00,0.6388888888888888,6,中利用率
1012312288YR9376YUBK1,2025-03-03 21:00:00,0.5,6,中利用率
1012312288YR9376YUBK1,2025-03-03 22:00:00,0.1851851851851852,6,低利用率
1012312288YR9376YUBK1,2025-03-03 23:00:00,0.12037037037037036,6,低利用率
1012312288YR9376YUBK1,2025-03-04 00:00:00,0.08333333333333333,6,低利用率
1012312288YR9376YUBK1,2025-03-04 01:00:00,0.1111111111111111,6,低利用率
1012312288YR9376YUBK1,2025-03-04 02:00:00,0.07407407407407407,6,低利用率
1012312288YR9376YUBK1,2025-03-04 03:00:00,0.05555555555555555,3,低利用率
1012312288YR9376YUBK1,2025-04-07 00:00:00,0.46296296296296297,6,中利用率
1012312288YR9376YUBK1,2025-04-07 06:00:00,0.2777777777777778,6,低利用率
1012312288YR9376YUBK1,2025-04-07 12:00:00,0.8055555555555555,6,高利用率
1012312288YR9376YUBK1,2025-04-07 18:00:00,0.8703703703703703,3,高利用率
1012312288YR9376YUBK1,2025-04-08 00:00:00,0.3333333333333333,6,中利用率
1012312288YR9376YUBK1,2025-04-08 06:00:00,0.16666666666666666,6,低利用率
1012312288YR9376YUBK1,2025-04-08 12:00:00,0.6481481481481481,6,中利用率
1012312288YR9376YUBK1,2025-04-08 18:00:00,0.9074074074074074,6,高利用率
1012312288YR9376YUBK1,2025-04-09 00:00:00,0.34259259259259256,6,中利用率
1012312288YR9376YUBK1,2025-04-09 06:00:00,0.23148148148148148,6,低利用率
1012312288YR9376YUBK1,2025-04-09 18:00:00,0.8888888888888888,6,高利用率
1012312288YR9376YUBK1,2025-04-10 00:00:00,0.8333333333333334,6,高利用率
1012312288YR9376YUBK1,2025-04-10 06:00:00,0.8333333333333334,6,高利用率
1012312288YR9376YUBK1,2025-04-10 12:00:00,0.3796296296296296,6,中利用率
1012312288YR9376YUBK1,2025-04-10 18:00:00,0.8796296296296297,6,高利用率
1012312288YR9376YUBK1,2025-04-11 00:00:00,0.2222222222222222,6,低利用率
1012312288YR9376YUBK1,2025-04-11 06:00:00,0.17592592592592593,6,低利用率
1012312288YR9376YUBK1,2025-04-11 12:00:00,0.9222222222222222,5,高利用率
1012312288YR9376YUBK1,2025-04-11 18:00:00,0.8333333333333334,6,高利用率
1012312288YR9376YUBK1,2025-04-12 00:00:00,0.3888888888888889,6,中利用率
1012312288YR9376YUBK1,2025-04-12 06:00:00,0.3611111111111111,6,中利用率
1012312288YR9376YUBK1,2025-04-12 12:00:00,0.9444444444444444,4,高利用率
1012312288YR9376YUBK1,2025-04-12 18:00:00,0.8518518518518517,6,高利用率
1012312288YR9376YUBK1,2025-04-13 00:00:00,0.48148148148148145,6,中利用率
1012312288YR9376YUBK1,2025-04-13 06:00:00,0.2962962962962963,6,低利用率
1012312288YR9376YUBK1,2025-04-13 12:00:00,0.9444444444444444,5,高利用率
1012312288YR9376YUBK1,2025-04-13 18:00:00,0.9444444444444443,6,高利用率
1012312288YR9ABOZHGCH,2025-03-03 06:00:00,0.6382978723404256,2,中利用率
1012312288YR9ABOZHGCH,2025-03-03 07:00:00,0.5460992907801419,6,中利用率
1012312288YR9ABOZHGCH,2025-03-03 08:00:00,0.29432624113475175,6,低利用率
1012312288YR9ABOZHGCH,2025-03-03 09:00:00,0.27304964539007087,6,低利用率
1012312288YR9ABOZHGCH,2025-03-03 10:00:00,0.28723404255319146,6,低利用率
1012312288YR9ABOZHGCH,2025-03-03 11:00:00,0.24113475177304963,6,低利用率
1012312288YR9ABOZHGCH,2025-03-03 12:00:00,0.29432624113475175,6,低利用率
1012312288YR9ABOZHGCH,2025-03-03 13:00:00,0.2553191489361702,6,低利用率
1012312288YR9ABOZHGCH,2025-03-03 14:00:00,0.27304964539007087,6,低利用率
1012312288YR9ABOZHGCH,2025-03-03 15:00:00,0.2801418439716312,6,低利用率
1012312288YR9ABOZHGCH,2025-03-03 16:00:00,0.21985815602836878,6,低利用率
1012312288YR9ABOZHGCH,2025-03-03 17:00:00,0.3333333333333333,6,中利用率
1012312288YR9ABOZHGCH,2025-03-03 18:00:00,0.5106382978723404,6,中利用率
1012312288YR9ABOZHGCH,2025-03-03 19:00:00,0.41489361702127664,6,中利用率
1012312288YR9ABOZHGCH,2025-03-03 20:00:00,0.47517730496453897,6,中利用率
1012312288YR9ABOZHGCH,2025-03-03 21:00:00,0.5283687943262411,6,中利用率
1012312288YR9ABOZHGCH,2025-03-03 22:00:00,0.5319148936170213,6,中利用率
1012312288YR9ABOZHGCH,2025-03-03 23:00:00,0.5496453900709221,6,中利用率
1012312288YR9ABOZHGCH,2025-03-04 00:00:00,0.6028368794326241,6,中利用率
1012312288YR9ABOZHGCH,2025-03-04 01:00:00,0.6170212765957447,6,中利用率
1012312288YR9ABOZHGCH,2025-03-04 02:00:00,0.6170212765957447,6,中利用率
1012312288YR9ABOZHGCH,2025-03-04 03:00:00,0.6170212765957447,3,中利用率
1012312288YR9ABOZHGCH,2025-04-07 00:00:00,0.6028368794326241,6,中利用率
1012312288YR9ABOZHGCH,2025-04-07 06:00:00,0.5921985815602837,6,中利用率
1012312288YR9ABOZHGCH,2025-04-07 12:00:00,0.2553191489361702,6,低利用率
1012312288YR9ABOZHGCH,2025-04-07 18:00:00,0.49290780141843965,6,中利用率
1012312288YR9ABOZHGCH,2025-04-08 00:00:00,0.5957446808510638,6,中利用率
1012312288YR9ABOZHGCH,2025-04-08 06:00:00,0.5709219858156028,6,中利用率
1012312288YR9ABOZHGCH,2025-04-08 12:00:00,0.23758865248226949,6,低利用率
1012312288YR9ABOZHGCH,2025-04-08 18:00:00,0.5638297872340426,6,中利用率
1012312288YR9ABOZHGCH,2025-04-09 00:00:00,0.6595744680851063,6,中利用率
1012312288YR9ABOZHGCH,2025-04-09 06:00:00,0.6099290780141844,6,中利用率
1012312288YR9ABOZHGCH,2025-04-09 18:00:00,0.4219858156028369,6,中利用率
1012312288YR9ABOZHGCH,2025-04-10 00:00:00,0.5425531914893617,6,中利用率
1012312288YR9ABOZHGCH,2025-04-10 06:00:00,0.5106382978723404,6,中利用率
1012312288YR9ABOZHGCH,2025-04-10 12:00:00,0.1879432624113475,6,低利用率
1012312288YR9ABOZHGCH,2025-04-10 18:00:00,0.4432624113475177,6,中利用率
1012312288YR9ABOZHGCH,2025-04-11 00:00:00,0.5177304964539007,6,中利用率
1012312288YR9ABOZHGCH,2025-04-11 06:00:00,0.5070921985815603,6,中利用率
1012312288YR9ABOZHGCH,2025-04-11 12:00:00,0.38652482269503546,6,中利用率
1012312288YR9ABOZHGCH,2025-04-11 18:00:00,0.4042553191489362,6,中利用率
1012312288YR9ABOZHGCH,2025-04-12 00:00:00,0.5,6,中利用率
1012312288YR9ABOZHGCH,2025-04-12 06:00:00,0.4290780141843971,6,中利用率
1012312288YR9ABOZHGCH,2025-04-12 12:00:00,0.326241134751773,6,中利用率
1012312288YR9ABOZHGCH,2025-04-12 18:00:00,0.5177304964539008,6,中利用率
1012312288YR9ABOZHGCH,2025-04-13 00:00:00,0.5,6,中利用率
1012312288YR9ABOZHGCH,2025-04-13 06:00:00,0.43971631205673756,6,中利用率
1012312288YR9ABOZHGCH,2025-04-13 12:00:00,0.49645390070921985,6,中利用率
1012312288YR9ABOZHGCH,2025-04-13 18:00:00,0.3900709219858156,6,中利用率
1012312288YR9D2CJ4741,2025-03-03 06:00:00,0.24,1,低利用率
1012312288YR9D2CJ4741,2025-03-03 07:00:00,0.26666666666666666,6,低利用率
1012312288YR9D2CJ4741,2025-03-03 08:00:00,0.5133333333333333,6,中利用率
1012312288YR9D2CJ4741,2025-03-03 09:00:00,0.7133333333333334,6,高利用率
1012312288YR9D2CJ4741,2025-03-03 10:00:00,0.6666666666666666,6,中利用率
1012312288YR9D2CJ4741,2025-03-03 11:00:00,0.6866666666666666,6,中利用率
1012312288YR9D2CJ4741,2025-03-03 12:00:00,0.6266666666666666,6,中利用率
1012312288YR9D2CJ4741,2025-03-03 13:00:00,0.64,6,中利用率
1012312288YR9D2CJ4741,2025-03-03 14:00:00,0.6866666666666666,6,中利用率
1012312288YR9D2CJ4741,2025-03-03 15:00:00,0.6266666666666667,6,中利用率
1012312288YR9D2CJ4741,2025-03-03 16:00:00,0.6466666666666666,6,中利用率
1012312288YR9D2CJ4741,2025-03-03 17:00:00,0.6266666666666667,6,中利用率
1012312288YR9D2CJ4741,2025-03-03 18:00:00,0.7466666666666667,6,高利用率
1012312288YR9D2CJ4741,2025-03-03 19:00:00,0.5533333333333333,6,中利用率
1012312288YR9D2CJ4741,2025-03-03 20:00:00,0.4666666666666666,6,中利用率
1012312288YR9D2CJ4741,2025-03-03 21:00:00,0.43333333333333335,6,中利用率
1012312288YR9D2CJ4741,2025-03-03 22:00:00,0.38666666666666666,6,中利用率
1012312288YR9D2CJ4741,2025-03-03 23:00:00,0.24000000000000002,6,低利用率
1012312288YR9D2CJ4741,2025-03-04 00:00:00,0.20000000000000004,6,低利用率
1012312288YR9D2CJ4741,2025-03-04 01:00:00,0.20000000000000004,6,低利用率
1012312288YR9D2CJ4741,2025-03-04 02:00:00,0.20000000000000004,6,低利用率
1012312288YR9D2CJ4741,2025-03-04 03:00:00,0.20000000000000004,3,低利用率
1012312288YR9D2CJ4741,2025-04-07 00:00:00,0.12,6,低利用率
1012312288YR9D2CJ4741,2025-04-07 06:00:00,0.16,6,低利用率
1012312288YR9D2CJ4741,2025-04-07 12:00:00,0.5933333333333334,6,中利用率
1012312288YR9D2CJ4741,2025-04-07 18:00:00,0.5066666666666667,6,中利用率
1012312288YR9D2CJ4741,2025-04-08 00:00:00,0.08,6,低利用率
1012312288YR9D2CJ4741,2025-04-08 06:00:00,0.11333333333333334,6,低利用率
1012312288YR9D2CJ4741,2025-04-08 12:00:00,0.48,6,中利用率
1012312288YR9D2CJ4741,2025-04-08 18:00:00,0.5066666666666667,6,中利用率
1012312288YR9D2CJ4741,2025-04-09 00:00:00,0.18000000000000002,6,低利用率
1012312288YR9D2CJ4741,2025-04-09 06:00:00,0.18666666666666668,6,低利用率
1012312288YR9D2CJ4741,2025-04-09 18:00:00,0.6,6,中利用率
1012312288YR9D2CJ4741,2025-04-10 00:00:00,0.0,6,低利用率
1012312288YR9D2CJ4741,2025-04-10 06:00:00,0.02666666666666667,6,低利用率
1012312288YR9D2CJ4741,2025-04-10 12:00:00,0.5066666666666667,6,中利用率
1012312288YR9D2CJ4741,2025-04-10 18:00:00,0.43333333333333335,6,中利用率
1012312288YR9D2CJ4741,2025-04-11 00:00:00,0.24,6,低利用率
1012312288YR9D2CJ4741,2025-04-11 06:00:00,0.26,6,低利用率
1012312288YR9D2CJ4741,2025-04-11 12:00:00,0.5333333333333333,6,中利用率
1012312288YR9D2CJ4741,2025-04-11 18:00:00,0.64,6,中利用率
1012312288YR9D2CJ4741,2025-04-12 00:00:00,0.20000000000000004,6,低利用率
1012312288YR9D2CJ4741,2025-04-12 06:00:00,0.19333333333333333,6,低利用率
1012312288YR9D2CJ4741,2025-04-12 12:00:00,0.4533333333333333,6,中利用率
1012312288YR9D2CJ4741,2025-04-12 18:00:00,0.4466666666666667,6,中利用率
1012312288YR9D2CJ4741,2025-04-13 00:00:00,0.17333333333333334,6,低利用率
1012312288YR9D2CJ4741,2025-04-13 06:00:00,0.17333333333333334,6,低利用率
1012312288YR9D2CJ4741,2025-04-13 12:00:00,0.47333333333333333,6,中利用率
1012312288YR9D2CJ4741,2025-04-13 18:00:00,0.5066666666666667,6,中利用率
1012312288YR9HG704L4X,2025-03-03 06:00:00,0.0,1,低利用率
1012312288YR9HG704L4X,2025-03-03 07:00:00,0.0,6,低利用率
1012312288YR9HG704L4X,2025-03-03 08:00:00,0.0,6,低利用率
1012312288YR9HG704L4X,2025-03-03 09:00:00,0.0,6,低利用率
1012312288YR9HG704L4X,2025-03-03 10:00:00,0.0,6,低利用率
1012312288YR9HG704L4X,2025-03-03 11:00:00,0.0,6,低利用率
1012312288YR9HG704L4X,2025-03-03 12:00:00,0.0,6,低利用率
1012312288YR9HG704L4X,2025-03-03 13:00:00,0.0,6,低利用率
1012312288YR9HG704L4X,2025-03-03 14:00:00,0.0,6,低利用率
1012312288YR9HG704L4X,2025-03-03 15:00:00,0.0,6,低利用率
1012312288YR9HG704L4X,2025-03-03 16:00:00,0.0,6,低利用率
1012312288YR9HG704L4X,2025-03-03 17:00:00,0.0,6,低利用率
1012312288YR9HG704L4X,2025-03-03 18:00:00,0.0,6,低利用率
1012312288YR9HG704L4X,2025-03-03 19:00:00,0.0,6,低利用率
1012312288YR9HG704L4X,2025-03-03 20:00:00,0.0,6,低利用率
1012312288YR9HG704L4X,2025-03-03 21:00:00,0.0,6,低利用率
1012312288YR9HG704L4X,2025-03-03 22:00:00,0.0,6,低利用率
1012312288YR9HG704L4X,2025-03-03 23:00:00,0.0,6,低利用率
1012312288YR9HG704L4X,2025-03-04 00:00:00,0.0,6,低利用率
1012312288YR9HG704L4X,2025-03-04 01:00:00,0.0,6,低利用率
1012312288YR9HG704L4X,2025-03-04 02:00:00,0.0,6,低利用率
1012312288YR9HG704L4X,2025-03-04 03:00:00,0.0,3,低利用率
1012312288YR9HG704L4X,2025-04-07 00:00:00,0.0,6,低利用率
1012312288YR9HG704L4X,2025-04-07 06:00:00,0.0,6,低利用率
1012312288YR9HG704L4X,2025-04-07 12:00:00,0.0,6,低利用率
1012312288YR9HG704L4X,2025-04-07 18:00:00,0.0,6,低利用率
1012312288YR9HG704L4X,2025-04-08 00:00:00,0.0,6,低利用率
1012312288YR9HG704L4X,2025-04-08 06:00:00,0.0,6,低利用率
1012312288YR9HG704L4X,2025-04-08 12:00:00,0.0,6,低利用率
1012312288YR9HG704L4X,2025-04-08 18:00:00,0.0,6,低利用率
1012312288YR9HG704L4X,2025-04-09 00:00:00,0.0,6,低利用率
1012312288YR9HG704L4X,2025-04-09 06:00:00,0.0,6,低利用率
1012312288YR9HG704L4X,2025-04-09 18:00:00,0.0,6,低利用率
1012312288YR9HG704L4X,2025-04-10 00:00:00,0.0,6,低利用率
1012312288YR9HG704L4X,2025-04-10 06:00:00,0.0,6,低利用率
1012312288YR9HG704L4X,2025-04-10 12:00:00,0.0,6,低利用率
1012312288YR9HG704L4X,2025-04-10 18:00:00,0.0,6,低利用率
1012312288YR9HG704L4X,2025-04-11 00:00:00,0.0,6,低利用率
1012312288YR9HG704L4X,2025-04-11 06:00:00,0.0,6,低利用率
1012312288YR9HG704L4X,2025-04-11 12:00:00,0.0,6,低利用率
1012312288YR9HG704L4X,2025-04-11 18:00:00,0.0,6,低利用率
1012312288YR9HG704L4X,2025-04-12 00:00:00,0.0,6,低利用率
1012312288YR9HG704L4X,2025-04-12 06:00:00,0.0,6,低利用率
1012312288YR9HG704L4X,2025-04-12 12:00:00,0.0,6,低利用率
1012312288YR9HG704L4X,2025-04-12 18:00:00,0.0,6,低利用率
1012312288YR9HG704L4X,2025-04-13 00:00:00,0.0,6,低利用率
1012312288YR9HG704L4X,2025-04-13 06:00:00,0.0,6,低利用率
1012312288YR9HG704L4X,2025-04-13 12:00:00,0.0,6,低利用率
1012312288YR9HG704L4X,2025-04-13 18:00:00,0.0,6,低利用率
1012312288YR9LAB60FEP,2025-03-03 06:00:00,0.044444444444444446,1,低利用率
1012312288YR9LAB60FEP,2025-03-03 07:00:00,0.022222222222222223,6,低利用率
1012312288YR9LAB60FEP,2025-03-03 08:00:00,0.05925925925925926,6,低利用率
1012312288YR9LAB60FEP,2025-03-03 09:00:00,0.07037037037037037,6,低利用率
1012312288YR9LAB60FEP,2025-03-03 10:00:00,0.07037037037037037,6,低利用率
1012312288YR9LAB60FEP,2025-03-03 11:00:00,0.08148148148148147,6,低利用率
1012312288YR9LAB60FEP,2025-03-03 12:00:00,0.16666666666666666,6,低利用率
1012312288YR9LAB60FEP,2025-03-03 13:00:00,0.15185185185185185,6,低利用率
1012312288YR9LAB60FEP,2025-03-03 14:00:00,0.1814814814814815,6,低利用率
1012312288YR9LAB60FEP,2025-03-03 15:00:00,0.1962962962962963,6,低利用率
1012312288YR9LAB60FEP,2025-03-03 16:00:00,0.15925925925925927,6,低利用率
1012312288YR9LAB60FEP,2025-03-03 17:00:00,0.1851851851851852,6,低利用率
1012312288YR9LAB60FEP,2025-03-03 18:00:00,0.24444444444444444,6,低利用率
1012312288YR9LAB60FEP,2025-03-03 19:00:00,0.3074074074074074,6,中利用率
1012312288YR9LAB60FEP,2025-03-03 20:00:00,0.337037037037037,6,中利用率
1012312288YR9LAB60FEP,2025-03-03 21:00:00,0.37777777777777777,6,中利用率
1012312288YR9LAB60FEP,2025-03-03 22:00:00,0.3666666666666667,6,中利用率
1012312288YR9LAB60FEP,2025-03-03 23:00:00,0.32222222222222224,6,中利用率
1012312288YR9LAB60FEP,2025-03-04 00:00:00,0.3037037037037037,6,中利用率
1012312288YR9LAB60FEP,2025-03-04 01:00:00,0.21481481481481482,6,低利用率
1012312288YR9LAB60FEP,2025-03-04 02:00:00,0.2148148148148148,6,低利用率
1012312288YR9LAB60FEP,2025-03-04 03:00:00,0.2148148148148148,3,低利用率
1012312288YR9LAB60FEP,2025-04-07 00:00:00,0.23703703703703705,6,低利用率
1012312288YR9LAB60FEP,2025-04-07 06:00:00,0.06666666666666667,6,低利用率
1012312288YR9LAB60FEP,2025-04-07 12:00:00,0.11111111111111112,6,低利用率
1012312288YR9LAB60FEP,2025-04-07 18:00:00,0.2555555555555556,6,低利用率
1012312288YR9LAB60FEP,2025-04-08 00:00:00,0.14444444444444446,6,低利用率
1012312288YR9LAB60FEP,2025-04-08 06:00:00,0.08888888888888889,6,低利用率
1012312288YR9LAB60FEP,2025-04-08 12:00:00,0.0925925925925926,6,低利用率
1012312288YR9LAB60FEP,2025-04-08 18:00:00,0.32222222222222224,6,中利用率
1012312288YR9LAB60FEP,2025-04-09 00:00:00,0.15555555555555556,6,低利用率
1012312288YR9LAB60FEP,2025-04-09 06:00:00,0.044444444444444446,6,低利用率
1012312288YR9LAB60FEP,2025-04-09 18:00:00,0.2962962962962963,6,低利用率
1012312288YR9LAB60FEP,2025-04-10 00:00:00,0.15555555555555556,6,低利用率
1012312288YR9LAB60FEP,2025-04-10 06:00:00,0.025925925925925925,6,低利用率
1012312288YR9LAB60FEP,2025-04-10 12:00:00,0.21481481481481482,6,低利用率
1012312288YR9LAB60FEP,2025-04-10 18:00:00,0.29259259259259257,6,低利用率
1012312288YR9LAB60FEP,2025-04-11 00:00:00,0.1074074074074074,6,低利用率
1012312288YR9LAB60FEP,2025-04-11 06:00:00,0.07037037037037037,6,低利用率
1012312288YR9LAB60FEP,2025-04-11 12:00:00,0.13333333333333333,6,低利用率
1012312288YR9LAB60FEP,2025-04-11 18:00:00,0.3444444444444445,6,中利用率
1012312288YR9LAB60FEP,2025-04-12 00:00:00,0.17037037037037037,6,低利用率
1012312288YR9LAB60FEP,2025-04-12 06:00:00,0.022222222222222223,6,低利用率
1012312288YR9LAB60FEP,2025-04-12 12:00:00,0.3111111111111111,6,中利用率
1012312288YR9LAB60FEP,2025-04-12 18:00:00,0.40740740740740744,6,中利用率
1012312288YR9LAB60FEP,2025-04-13 00:00:00,0.1851851851851852,6,低利用率
1012312288YR9LAB60FEP,2025-04-13 06:00:00,0.025925925925925925,6,低利用率
1012312288YR9LAB60FEP,2025-04-13 12:00:00,0.07777777777777778,6,低利用率
1012312288YR9LAB60FEP,2025-04-13 18:00:00,0.28518518518518515,6,低利用率
1012312288YR9PO5N0TFL,2025-03-03 06:00:00,0.05555555555555555,1,低利用率
1012312288YR9PO5N0TFL,2025-03-03 07:00:00,0.06481481481481481,6,低利用率
1012312288YR9PO5N0TFL,2025-03-03 08:00:00,0.043209876543209874,6,低利用率
1012312288YR9PO5N0TFL,2025-03-03 09:00:00,0.08950617283950617,6,低利用率
1012312288YR9PO5N0TFL,2025-03-03 10:00:00,0.09876543209876543,6,低利用率
1012312288YR9PO5N0TFL,2025-03-03 11:00:00,0.12037037037037036,6,低利用率
1012312288YR9PO5N0TFL,2025-03-03 12:00:00,0.21296296296296294,6,低利用率
1012312288YR9PO5N0TFL,2025-03-03 13:00:00,0.32716049382716045,6,中利用率
1012312288YR9PO5N0TFL,2025-03-03 14:00:00,0.30864197530864196,6,中利用率
1012312288YR9PO5N0TFL,2025-03-03 15:00:00,0.2932098765432099,6,低利用率
1012312288YR9PO5N0TFL,2025-03-03 16:00:00,0.2716049382716049,6,低利用率
1012312288YR9PO5N0TFL,2025-03-03 17:00:00,0.2962962962962963,6,低利用率
1012312288YR9PO5N0TFL,2025-03-03 18:00:00,0.40740740740740744,6,中利用率
1012312288YR9PO5N0TFL,2025-03-03 19:00:00,0.4104938271604938,6,中利用率
1012312288YR9PO5N0TFL,2025-03-03 20:00:00,0.3395061728395062,6,中利用率
1012312288YR9PO5N0TFL,2025-03-03 21:00:00,0.2037037037037037,6,低利用率
1012312288YR9PO5N0TFL,2025-03-03 22:00:00,0.16049382716049382,6,低利用率
1012312288YR9PO5N0TFL,2025-03-03 23:00:00,0.12962962962962962,6,低利用率
1012312288YR9PO5N0TFL,2025-03-04 00:00:00,0.0925925925925926,6,低利用率
1012312288YR9PO5N0TFL,2025-03-04 01:00:00,0.07716049382716049,6,低利用率
1012312288YR9PO5N0TFL,2025-03-04 02:00:00,0.07407407407407407,6,低利用率
1012312288YR9PO5N0TFL,2025-03-04 03:00:00,0.07407407407407407,3,低利用率
1012312288YR9PO5N0TFL,2025-04-07 00:00:00,0.13271604938271606,6,低利用率
1012312288YR9PO5N0TFL,2025-04-07 06:00:00,0.1111111111111111,6,低利用率
1012312288YR9PO5N0TFL,2025-04-07 12:00:00,0.3611111111111111,6,中利用率
1012312288YR9PO5N0TFL,2025-04-07 18:00:00,0.3703703703703704,6,中利用率
1012312288YR9PO5N0TFL,2025-04-08 00:00:00,0.18827160493827158,6,低利用率
1012312288YR9PO5N0TFL,2025-04-08 06:00:00,0.0925925925925926,6,低利用率
1012312288YR9PO5N0TFL,2025-04-08 12:00:00,0.3055555555555555,6,中利用率
1012312288YR9PO5N0TFL,2025-04-08 18:00:00,0.6296296296296297,6,中利用率
1012312288YR9PO5N0TFL,2025-04-09 00:00:00,0.24382716049382713,6,低利用率
1012312288YR9PO5N0TFL,2025-04-09 06:00:00,0.17901234567901234,6,低利用率
1012312288YR9PO5N0TFL,2025-04-09 18:00:00,0.31790123456790126,6,中利用率
1012312288YR9PO5N0TFL,2025-04-10 00:00:00,0.15123456790123455,6,低利用率
1012312288YR9PO5N0TFL,2025-04-10 06:00:00,0.1111111111111111,6,低利用率
1012312288YR9PO5N0TFL,2025-04-10 12:00:00,0.4012345679012346,6,中利用率
1012312288YR9PO5N0TFL,2025-04-10 18:00:00,0.5679012345679012,6,中利用率
1012312288YR9PO5N0TFL,2025-04-11 00:00:00,0.23148148148148148,6,低利用率
1012312288YR9PO5N0TFL,2025-04-11 06:00:00,0.21604938271604937,6,低利用率
1012312288YR9PO5N0TFL,2025-04-11 12:00:00,0.3302469135802469,6,中利用率
1012312288YR9PO5N0TFL,2025-04-11 18:00:00,0.6203703703703703,6,中利用率
1012312288YR9PO5N0TFL,2025-04-12 00:00:00,0.22839506172839505,6,低利用率
1012312288YR9PO5N0TFL,2025-04-12 06:00:00,0.19135802469135801,6,低利用率
1012312288YR9PO5N0TFL,2025-04-12 12:00:00,0.4166666666666667,6,中利用率
1012312288YR9PO5N0TFL,2025-04-12 18:00:00,0.8734567901234568,6,高利用率
1012312288YR9PO5N0TFL,2025-04-13 00:00:00,0.2623456790123457,6,低利用率
1012312288YR9PO5N0TFL,2025-04-13 06:00:00,0.12962962962962962,6,低利用率
1012312288YR9PO5N0TFL,2025-04-13 12:00:00,0.6512345679012346,6,中利用率
1012312288YR9PO5N0TFL,2025-04-13 18:00:00,0.9197530864197531,6,高利用率
1012312288YR9VX35V2M9,2025-03-03 06:00:00,0.29411764705882354,1,低利用率
1012312288YR9VX35V2M9,2025-03-03 07:00:00,0.29411764705882354,6,低利用率
1012312288YR9VX35V2M9,2025-03-03 08:00:00,0.5098039215686275,6,中利用率
1012312288YR9VX35V2M9,2025-03-03 09:00:00,0.6960784313725491,6,中利用率
1012312288YR9VX35V2M9,2025-03-03 10:00:00,0.6372549019607844,6,中利用率
1012312288YR9VX35V2M9,2025-03-03 11:00:00,0.6470588235294118,6,中利用率
1012312288YR9VX35V2M9,2025-03-03 12:00:00,0.7352941176470589,6,高利用率
1012312288YR9VX35V2M9,2025-03-03 13:00:00,0.8431372549019608,6,高利用率
1012312288YR9VX35V2M9,2025-03-03 14:00:00,0.823529411764706,6,高利用率
1012312288YR9VX35V2M9,2025-03-03 15:00:00,0.7843137254901961,6,高利用率
1012312288YR9VX35V2M9,2025-03-03 16:00:00,0.8137254901960785,6,高利用率
1012312288YR9VX35V2M9,2025-03-03 17:00:00,0.7843137254901961,6,高利用率
1012312288YR9VX35V2M9,2025-03-03 18:00:00,0.9019607843137255,6,高利用率
1012312288YR9VX35V2M9,2025-03-03 19:00:00,0.676470588235294,6,中利用率
1012312288YR9VX35V2M9,2025-03-03 20:00:00,0.5686274509803922,6,中利用率
1012312288YR9VX35V2M9,2025-03-03 21:00:00,0.5294117647058824,6,中利用率
1012312288YR9VX35V2M9,2025-03-03 22:00:00,0.5196078431372549,6,中利用率
1012312288YR9VX35V2M9,2025-03-03 23:00:00,0.4803921568627451,6,中利用率
1012312288YR9VX35V2M9,2025-03-04 00:00:00,0.4215686274509804,6,中利用率
1012312288YR9VX35V2M9,2025-03-04 01:00:00,0.411764705882353,6,中利用率
1012312288YR9VX35V2M9,2025-03-04 02:00:00,0.411764705882353,6,中利用率
1012312288YR9VX35V2M9,2025-03-04 03:00:00,0.411764705882353,3,中利用率
1012312288YR9VX35V2M9,2025-04-07 00:00:00,0.4411764705882353,6,中利用率
1012312288YR9VX35V2M9,2025-04-07 06:00:00,0.29411764705882354,6,低利用率
1012312288YR9VX35V2M9,2025-04-07 12:00:00,0.45098039215686275,6,中利用率
1012312288YR9VX35V2M9,2025-04-07 18:00:00,0.7843137254901961,6,高利用率
1012312288YR9VX35V2M9,2025-04-08 00:00:00,0.5490196078431372,6,中利用率
1012312288YR9VX35V2M9,2025-04-08 06:00:00,0.411764705882353,6,中利用率
1012312288YR9VX35V2M9,2025-04-08 12:00:00,0.7352941176470589,6,高利用率
1012312288YR9VX35V2M9,2025-04-08 18:00:00,0.7352941176470589,6,高利用率
1012312288YR9VX35V2M9,2025-04-09 00:00:00,0.3333333333333333,6,中利用率
1012312288YR9VX35V2M9,2025-04-09 06:00:00,0.35294117647058826,6,中利用率
1012312288YR9VX35V2M9,2025-04-09 18:00:00,0.4803921568627451,6,中利用率
1012312288YR9VX35V2M9,2025-04-10 00:00:00,0.2352941176470588,6,低利用率
1012312288YR9VX35V2M9,2025-04-10 06:00:00,0.35294117647058826,6,中利用率
1012312288YR9VX35V2M9,2025-04-10 12:00:00,0.8823529411764707,5,高利用率
1012312288YR9VX35V2M9,2025-04-10 18:00:00,0.7058823529411765,6,高利用率
1012312288YR9VX35V2M9,2025-04-11 00:00:00,0.3333333333333333,6,中利用率
1012312288YR9VX35V2M9,2025-04-11 06:00:00,0.37254901960784315,6,中利用率
1012312288YR9VX35V2M9,2025-04-11 12:00:00,0.5686274509803922,6,中利用率
1012312288YR9VX35V2M9,2025-04-11 18:00:00,0.892156862745098,6,高利用率
1012312288YR9VX35V2M9,2025-04-12 00:00:00,0.303921568627451,6,中利用率
1012312288YR9VX35V2M9,2025-04-12 06:00:00,0.17647058823529413,6,低利用率
1012312288YR9VX35V2M9,2025-04-12 12:00:00,0.7941176470588235,6,高利用率
1012312288YR9VX35V2M9,2025-04-12 18:00:00,0.9215686274509803,6,高利用率
1012312288YR9VX35V2M9,2025-04-13 00:00:00,0.22549019607843138,6,低利用率
1012312288YR9VX35V2M9,2025-04-13 06:00:00,0.1176470588235294,6,低利用率
1012312288YR9VX35V2M9,2025-04-13 12:00:00,0.8431372549019608,6,高利用率
1012312288YR9VX35V2M9,2025-04-13 18:00:00,0.7549019607843137,6,高利用率
1012312288YRADOD6CUM9,2025-03-03 06:00:00,0.0,2,低利用率
1012312288YRADOD6CUM9,2025-03-03 07:00:00,0.0,6,低利用率
1012312288YRADOD6CUM9,2025-03-03 08:00:00,0.0,6,低利用率
1012312288YRADOD6CUM9,2025-03-03 09:00:00,0.0,6,低利用率
1012312288YRADOD6CUM9,2025-03-03 10:00:00,0.0,6,低利用率
1012312288YRADOD6CUM9,2025-03-03 11:00:00,0.0,6,低利用率
1012312288YRADOD6CUM9,2025-03-03 12:00:00,0.0,6,低利用率
1012312288YRADOD6CUM9,2025-03-03 13:00:00,0.0,6,低利用率
1012312288YRADOD6CUM9,2025-03-03 14:00:00,0.0,6,低利用率
1012312288YRADOD6CUM9,2025-03-03 15:00:00,0.0,6,低利用率
1012312288YRADOD6CUM9,2025-03-03 16:00:00,0.0,6,低利用率
1012312288YRADOD6CUM9,2025-03-03 17:00:00,0.0,6,低利用率
1012312288YRADOD6CUM9,2025-03-03 18:00:00,0.0,6,低利用率
1012312288YRADOD6CUM9,2025-03-03 19:00:00,0.0,6,低利用率
1012312288YRADOD6CUM9,2025-03-03 20:00:00,0.0,6,低利用率
1012312288YRADOD6CUM9,2025-03-03 21:00:00,0.0,6,低利用率
1012312288YRADOD6CUM9,2025-03-03 22:00:00,0.0,6,低利用率
1012312288YRADOD6CUM9,2025-03-03 23:00:00,0.0,6,低利用率
1012312288YRADOD6CUM9,2025-03-04 00:00:00,0.0,6,低利用率
1012312288YRADOD6CUM9,2025-03-04 01:00:00,0.0,6,低利用率
1012312288YRADOD6CUM9,2025-03-04 02:00:00,0.0,6,低利用率
1012312288YRADOD6CUM9,2025-03-04 03:00:00,0.0,3,低利用率
1012312288YRADOD6CUM9,2025-04-07 00:00:00,0.0,6,低利用率
1012312288YRADOD6CUM9,2025-04-07 06:00:00,0.0,6,低利用率
1012312288YRADOD6CUM9,2025-04-07 12:00:00,0.0,6,低利用率
1012312288YRADOD6CUM9,2025-04-07 18:00:00,0.0,6,低利用率
1012312288YRADOD6CUM9,2025-04-08 00:00:00,0.0,6,低利用率
1012312288YRADOD6CUM9,2025-04-08 06:00:00,0.0,6,低利用率
1012312288YRADOD6CUM9,2025-04-08 12:00:00,0.0,6,低利用率
1012312288YRADOD6CUM9,2025-04-08 18:00:00,0.0,6,低利用率
1012312288YRADOD6CUM9,2025-04-09 00:00:00,0.0,6,低利用率
1012312288YRADOD6CUM9,2025-04-09 06:00:00,0.0,6,低利用率
1012312288YRADOD6CUM9,2025-04-09 18:00:00,0.0,6,低利用率
1012312288YRADOD6CUM9,2025-04-10 00:00:00,0.0,6,低利用率
1012312288YRADOD6CUM9,2025-04-10 06:00:00,0.0,6,低利用率
1012312288YRADOD6CUM9,2025-04-10 12:00:00,0.0,6,低利用率
1012312288YRADOD6CUM9,2025-04-10 18:00:00,0.0,6,低利用率
1012312288YRADOD6CUM9,2025-04-11 00:00:00,0.0,6,低利用率
1012312288YRADOD6CUM9,2025-04-11 06:00:00,0.0,6,低利用率
1012312288YRADOD6CUM9,2025-04-11 12:00:00,0.0,6,低利用率
1012312288YRADOD6CUM9,2025-04-11 18:00:00,0.0,6,低利用率
1012312288YRADOD6CUM9,2025-04-12 00:00:00,0.0,6,低利用率
1012312288YRADOD6CUM9,2025-04-12 06:00:00,0.0,6,低利用率
1012312288YRADOD6CUM9,2025-04-12 12:00:00,0.0,6,低利用率
1012312288YRADOD6CUM9,2025-04-12 18:00:00,0.0,6,低利用率
1012312288YRADOD6CUM9,2025-04-13 00:00:00,0.0,6,低利用率
1012312288YRADOD6CUM9,2025-04-13 06:00:00,0.0,6,低利用率
1012312288YRADOD6CUM9,2025-04-13 12:00:00,0.0,6,低利用率
1012312288YRADOD6CUM9,2025-04-13 18:00:00,0.0,6,低利用率
1012312288YRAJXAP73SX,2025-03-03 06:00:00,0.13333333333333333,2,低利用率
1012312288YRAJXAP73SX,2025-03-03 07:00:00,0.19259259259259262,6,低利用率
1012312288YRAJXAP73SX,2025-03-03 08:00:00,0.2111111111111111,6,低利用率
1012312288YRAJXAP73SX,2025-03-03 09:00:00,0.17777777777777778,6,低利用率
1012312288YRAJXAP73SX,2025-03-03 10:00:00,0.19259259259259262,6,低利用率
1012312288YRAJXAP73SX,2025-03-03 11:00:00,0.2148148148148148,6,低利用率
1012312288YRAJXAP73SX,2025-03-03 12:00:00,0.3111111111111111,6,中利用率
1012312288YRAJXAP73SX,2025-03-03 13:00:00,0.34074074074074073,6,中利用率
1012312288YRAJXAP73SX,2025-03-03 14:00:00,0.25555555555555554,6,低利用率
1012312288YRAJXAP73SX,2025-03-03 15:00:00,0.38518518518518524,6,中利用率
1012312288YRAJXAP73SX,2025-03-03 16:00:00,0.3444444444444444,6,中利用率
1012312288YRAJXAP73SX,2025-03-03 17:00:00,0.24814814814814815,6,低利用率
1012312288YRAJXAP73SX,2025-03-03 18:00:00,0.3222222222222222,6,中利用率
1012312288YRAJXAP73SX,2025-03-03 19:00:00,0.35185185185185186,6,中利用率
1012312288YRAJXAP73SX,2025-03-03 20:00:00,0.2518518518518518,6,低利用率
1012312288YRAJXAP73SX,2025-03-03 21:00:00,0.20000000000000004,6,低利用率
1012312288YRAJXAP73SX,2025-03-03 22:00:00,0.25925925925925924,6,低利用率
1012312288YRAJXAP73SX,2025-03-03 23:00:00,0.26666666666666666,6,低利用率
1012312288YRAJXAP73SX,2025-03-04 00:00:00,0.26666666666666666,6,低利用率
1012312288YRAJXAP73SX,2025-03-04 01:00:00,0.26666666666666666,6,低利用率
1012312288YRAJXAP73SX,2025-03-04 02:00:00,0.26666666666666666,6,低利用率
1012312288YRAJXAP73SX,2025-03-04 03:00:00,0.26666666666666666,3,低利用率
1012312288YRAJXAP73SX,2025-04-07 00:00:00,0.11481481481481481,6,低利用率
1012312288YRAJXAP73SX,2025-04-07 06:00:00,0.1111111111111111,6,低利用率
1012312288YRAJXAP73SX,2025-04-07 12:00:00,0.3444444444444444,6,中利用率
1012312288YRAJXAP73SX,2025-04-07 18:00:00,0.32222222222222224,6,中利用率
1012312288YRAJXAP73SX,2025-04-08 00:00:00,0.12222222222222222,6,低利用率
1012312288YRAJXAP73SX,2025-04-08 06:00:00,0.15555555555555556,6,低利用率
1012312288YRAJXAP73SX,2025-04-08 12:00:00,0.3259259259259259,6,中利用率
1012312288YRAJXAP73SX,2025-04-08 18:00:00,0.3962962962962963,6,中利用率
1012312288YRAJXAP73SX,2025-04-09 00:00:00,0.13703703703703704,6,低利用率
1012312288YRAJXAP73SX,2025-04-09 06:00:00,0.15925925925925927,6,低利用率
1012312288YRAJXAP73SX,2025-04-09 18:00:00,0.29259259259259257,6,低利用率
1012312288YRAJXAP73SX,2025-04-10 00:00:00,0.28888888888888886,6,低利用率
1012312288YRAJXAP73SX,2025-04-10 06:00:00,0.28888888888888886,6,低利用率
1012312288YRAJXAP73SX,2025-04-10 12:00:00,0.022222222222222223,6,低利用率
1012312288YRAJXAP73SX,2025-04-10 18:00:00,0.022222222222222223,6,低利用率
1012312288YRAJXAP73SX,2025-04-11 00:00:00,0.022222222222222223,6,低利用率
1012312288YRAJXAP73SX,2025-04-11 06:00:00,0.022222222222222223,6,低利用率
1012312288YRAJXAP73SX,2025-04-11 12:00:00,0.022222222222222223,6,低利用率
1012312288YRAJXAP73SX,2025-04-11 18:00:00,0.022222222222222223,6,低利用率
1012312288YRAJXAP73SX,2025-04-12 00:00:00,0.022222222222222223,6,低利用率
1012312288YRAJXAP73SX,2025-04-12 06:00:00,0.022222222222222223,6,低利用率
1012312288YRAJXAP73SX,2025-04-12 12:00:00,0.022222222222222223,6,低利用率
1012312288YRAJXAP73SX,2025-04-12 18:00:00,0.022222222222222223,6,低利用率
1012312288YRAJXAP73SX,2025-04-13 00:00:00,0.022222222222222223,6,低利用率
1012312288YRAJXAP73SX,2025-04-13 06:00:00,0.022222222222222223,6,低利用率
1012312288YRAJXAP73SX,2025-04-13 12:00:00,0.022222222222222223,6,低利用率
1012312288YRAJXAP73SX,2025-04-13 18:00:00,0.022222222222222223,6,低利用率
1012312288YRAV3T06ARL,2025-03-03 06:00:00,0.26666666666666666,1,低利用率
1012312288YRAV3T06ARL,2025-03-03 07:00:00,0.26666666666666666,6,低利用率
1012312288YRAV3T06ARL,2025-03-03 08:00:00,0.07777777777777778,6,低利用率
1012312288YRAV3T06ARL,2025-03-03 09:00:00,0.044444444444444446,6,低利用率
1012312288YRAV3T06ARL,2025-03-03 10:00:00,0.07777777777777778,6,低利用率
1012312288YRAV3T06ARL,2025-03-03 11:00:00,0.07222222222222223,6,低利用率
1012312288YRAV3T06ARL,2025-03-03 12:00:00,0.049999999999999996,6,低利用率
1012312288YRAV3T06ARL,2025-03-03 13:00:00,0.10555555555555556,6,低利用率
1012312288YRAV3T06ARL,2025-03-03 14:00:00,0.15,6,低利用率
1012312288YRAV3T06ARL,2025-03-03 15:00:00,0.18333333333333335,6,低利用率
1012312288YRAV3T06ARL,2025-03-03 16:00:00,0.2222222222222222,6,低利用率
1012312288YRAV3T06ARL,2025-03-03 17:00:00,0.2111111111111111,6,低利用率
1012312288YRAV3T06ARL,2025-03-03 18:00:00,0.35555555555555557,6,中利用率
1012312288YRAV3T06ARL,2025-03-03 19:00:00,0.3111111111111111,6,中利用率
1012312288YRAV3T06ARL,2025-03-03 20:00:00,0.22222222222222224,6,低利用率
1012312288YRAV3T06ARL,2025-03-03 21:00:00,0.18333333333333335,6,低利用率
1012312288YRAV3T06ARL,2025-03-03 22:00:00,0.17777777777777778,6,低利用率
1012312288YRAV3T06ARL,2025-03-03 23:00:00,0.21666666666666667,6,低利用率
1012312288YRAV3T06ARL,2025-03-04 00:00:00,0.16666666666666666,6,低利用率
1012312288YRAV3T06ARL,2025-03-04 01:00:00,0.14444444444444446,6,低利用率
1012312288YRAV3T06ARL,2025-03-04 02:00:00,0.13333333333333333,6,低利用率
1012312288YRAV3T06ARL,2025-03-04 03:00:00,0.13333333333333333,3,低利用率
1012312288YRAV3T06ARL,2025-04-07 00:00:00,0.19999999999999998,6,低利用率
1012312288YRAV3T06ARL,2025-04-07 06:00:00,0.13888888888888887,6,低利用率
1012312288YRAV3T06ARL,2025-04-07 12:00:00,0.11666666666666665,6,低利用率
1012312288YRAV3T06ARL,2025-04-07 18:00:00,0.48888888888888893,6,中利用率
1012312288YRAV3T06ARL,2025-04-08 00:00:00,0.3055555555555555,6,中利用率
1012312288YRAV3T06ARL,2025-04-08 06:00:00,0.1722222222222222,6,低利用率
1012312288YRAV3T06ARL,2025-04-08 12:00:00,0.1111111111111111,6,低利用率
1012312288YRAV3T06ARL,2025-04-08 18:00:00,0.3888888888888889,6,中利用率
1012312288YRAV3T06ARL,2025-04-09 00:00:00,0.3611111111111111,6,中利用率
1012312288YRAV3T06ARL,2025-04-09 06:00:00,0.2111111111111111,6,低利用率
1012312288YRAV3T06ARL,2025-04-09 18:00:00,0.3111111111111111,6,中利用率
1012312288YRAV3T06ARL,2025-04-10 00:00:00,0.3111111111111111,6,中利用率
1012312288YRAV3T06ARL,2025-04-10 06:00:00,0.3111111111111111,6,中利用率
1012312288YRAV3T06ARL,2025-04-10 12:00:00,0.016666666666666666,6,低利用率
1012312288YRAV3T06ARL,2025-04-10 18:00:00,0.3277777777777778,6,中利用率
1012312288YRAV3T06ARL,2025-04-11 00:00:00,0.22222222222222224,6,低利用率
1012312288YRAV3T06ARL,2025-04-11 06:00:00,0.17777777777777778,6,低利用率
1012312288YRAV3T06ARL,2025-04-11 12:00:00,0.12222222222222222,6,低利用率
1012312288YRAV3T06ARL,2025-04-11 18:00:00,0.611111111111111,6,中利用率
1012312288YRAV3T06ARL,2025-04-12 00:00:00,0.25555555555555554,6,低利用率
1012312288YRAV3T06ARL,2025-04-12 06:00:00,0.2111111111111111,6,低利用率
1012312288YRAV3T06ARL,2025-04-12 12:00:00,0.1722222222222222,6,低利用率
1012312288YRAV3T06ARL,2025-04-12 18:00:00,0.5777777777777778,6,中利用率
1012312288YRAV3T06ARL,2025-04-13 00:00:00,0.1722222222222222,6,低利用率
1012312288YRAV3T06ARL,2025-04-13 06:00:00,0.18333333333333335,6,低利用率
1012312288YRAV3T06ARL,2025-04-13 12:00:00,0.14444444444444446,6,低利用率
1012312288YRAV3T06ARL,2025-04-13 18:00:00,0.2722222222222222,6,低利用率
1012312288YRAXUGJT1J5,2025-03-03 06:00:00,0.5593220338983051,2,中利用率
1012312288YRAXUGJT1J5,2025-03-03 07:00:00,0.5254237288135594,6,中利用率
1012312288YRAXUGJT1J5,2025-03-03 08:00:00,0.423728813559322,6,中利用率
1012312288YRAXUGJT1J5,2025-03-03 09:00:00,0.4745762711864407,6,中利用率
1012312288YRAXUGJT1J5,2025-03-03 10:00:00,0.5225988700564972,6,中利用率
1012312288YRAXUGJT1J5,2025-03-03 11:00:00,0.4067796610169492,6,中利用率
1012312288YRAXUGJT1J5,2025-03-03 12:00:00,0.384180790960452,6,中利用率
1012312288YRAXUGJT1J5,2025-03-03 13:00:00,0.516949152542373,6,中利用率
1012312288YRAXUGJT1J5,2025-03-03 14:00:00,0.6271186440677966,6,中利用率
1012312288YRAXUGJT1J5,2025-03-03 15:00:00,0.5903954802259886,6,中利用率
1012312288YRAXUGJT1J5,2025-03-03 16:00:00,0.632768361581921,6,中利用率
1012312288YRAXUGJT1J5,2025-03-03 17:00:00,0.5790960451977402,6,中利用率
1012312288YRAXUGJT1J5,2025-03-03 18:00:00,0.6129943502824858,6,中利用率
1012312288YRAXUGJT1J5,2025-03-03 19:00:00,0.6045197740112994,6,中利用率
1012312288YRAXUGJT1J5,2025-03-03 20:00:00,0.5282485875706214,6,中利用率
1012312288YRAXUGJT1J5,2025-03-03 21:00:00,0.6384180790960452,6,中利用率
1012312288YRAXUGJT1J5,2025-03-03 22:00:00,0.6553672316384181,6,中利用率
1012312288YRAXUGJT1J5,2025-03-03 23:00:00,0.675141242937853,6,中利用率
1012312288YRAXUGJT1J5,2025-03-04 00:00:00,0.6440677966101694,6,中利用率
1012312288YRAXUGJT1J5,2025-03-04 01:00:00,0.6242937853107344,6,中利用率
1012312288YRAXUGJT1J5,2025-03-04 02:00:00,0.6271186440677966,6,中利用率
1012312288YRAXUGJT1J5,2025-03-04 03:00:00,0.6271186440677966,3,中利用率
1012312288YRAXUGJT1J5,2025-04-07 00:00:00,0.6129943502824858,6,中利用率
1012312288YRAXUGJT1J5,2025-04-07 06:00:00,0.5338983050847458,6,中利用率
1012312288YRAXUGJT1J5,2025-04-07 12:00:00,0.4322033898305085,6,中利用率
1012312288YRAXUGJT1J5,2025-04-07 18:00:00,0.635593220338983,6,中利用率
1012312288YRAXUGJT1J5,2025-04-08 00:00:00,0.6779661016949152,6,中利用率
1012312288YRAXUGJT1J5,2025-04-08 06:00:00,0.6271186440677966,6,中利用率
1012312288YRAXUGJT1J5,2025-04-08 12:00:00,0.48022598870056493,6,中利用率
1012312288YRAXUGJT1J5,2025-04-08 18:00:00,0.5819209039548022,6,中利用率
1012312288YRAXUGJT1J5,2025-04-09 00:00:00,0.6581920903954802,6,中利用率
1012312288YRAXUGJT1J5,2025-04-09 06:00:00,0.5677966101694915,6,中利用率
1012312288YRAXUGJT1J5,2025-04-09 18:00:00,0.5480225988700566,6,中利用率
1012312288YRAXUGJT1J5,2025-04-10 00:00:00,0.5649717514124294,6,中利用率
1012312288YRAXUGJT1J5,2025-04-10 06:00:00,0.5677966101694916,6,中利用率
1012312288YRAXUGJT1J5,2025-04-10 12:00:00,0.3615819209039548,6,中利用率
1012312288YRAXUGJT1J5,2025-04-10 18:00:00,0.5932203389830509,6,中利用率
1012312288YRAXUGJT1J5,2025-04-11 00:00:00,0.5169491525423728,6,中利用率
1012312288YRAXUGJT1J5,2025-04-11 06:00:00,0.5,6,中利用率
1012312288YRAXUGJT1J5,2025-04-11 12:00:00,0.3785310734463277,6,中利用率
1012312288YRAXUGJT1J5,2025-04-11 18:00:00,0.6920903954802261,6,中利用率
1012312288YRAXUGJT1J5,2025-04-12 00:00:00,0.5112994350282486,6,中利用率
1012312288YRAXUGJT1J5,2025-04-12 06:00:00,0.4491525423728813,6,中利用率
1012312288YRAXUGJT1J5,2025-04-12 12:00:00,0.3926553672316384,6,中利用率
1012312288YRAXUGJT1J5,2025-04-12 18:00:00,0.5112994350282486,6,中利用率
1012312288YRAXUGJT1J5,2025-04-13 00:00:00,0.5112994350282486,6,中利用率
1012312288YRAXUGJT1J5,2025-04-13 06:00:00,0.46045197740113,6,中利用率
1012312288YRAXUGJT1J5,2025-04-13 12:00:00,0.34745762711864403,6,中利用率
1012312288YRAXUGJT1J5,2025-04-13 18:00:00,0.5112994350282486,6,中利用率
1012312288YRB24CYLBLT,2025-03-03 06:00:00,0.47368421052631576,2,中利用率
1012312288YRB24CYLBLT,2025-03-03 07:00:00,0.6929824561403509,6,中利用率
1012312288YRB24CYLBLT,2025-03-03 08:00:00,0.6666666666666666,6,中利用率
1012312288YRB24CYLBLT,2025-03-03 09:00:00,0.35964912280701755,6,中利用率
1012312288YRB24CYLBLT,2025-03-03 10:00:00,0.3421052631578947,6,中利用率
1012312288YRB24CYLBLT,2025-03-03 11:00:00,0.28947368421052627,6,低利用率
1012312288YRB24CYLBLT,2025-03-03 12:00:00,0.22807017543859645,6,低利用率
1012312288YRB24CYLBLT,2025-03-03 13:00:00,0.10526315789473684,6,低利用率
1012312288YRB24CYLBLT,2025-03-03 14:00:00,0.3859649122807018,6,中利用率
1012312288YRB24CYLBLT,2025-03-03 15:00:00,0.5350877192982456,6,中利用率
1012312288YRB24CYLBLT,2025-03-03 16:00:00,0.6842105263157894,6,中利用率
1012312288YRB24CYLBLT,2025-03-03 17:00:00,0.49122807017543857,6,中利用率
1012312288YRB24CYLBLT,2025-03-03 18:00:00,0.08771929824561403,6,低利用率
1012312288YRB24CYLBLT,2025-03-03 19:00:00,0.10526315789473684,6,低利用率
1012312288YRB24CYLBLT,2025-03-03 20:00:00,0.23684210526315788,6,低利用率
1012312288YRB24CYLBLT,2025-03-03 21:00:00,0.16666666666666666,6,低利用率
1012312288YRB24CYLBLT,2025-03-03 22:00:00,0.21052631578947367,6,低利用率
1012312288YRB24CYLBLT,2025-03-03 23:00:00,0.21052631578947367,6,低利用率
1012312288YRB24CYLBLT,2025-03-04 00:00:00,0.22807017543859645,6,低利用率
1012312288YRB24CYLBLT,2025-03-04 01:00:00,0.21052631578947367,6,低利用率
1012312288YRB24CYLBLT,2025-03-04 02:00:00,0.21052631578947367,6,低利用率
1012312288YRB24CYLBLT,2025-03-04 03:00:00,0.21052631578947367,3,低利用率
1012312288YRB24CYLBLT,2025-04-07 00:00:00,0.22807017543859645,6,低利用率
1012312288YRB24CYLBLT,2025-04-07 06:00:00,0.5,6,中利用率
1012312288YRB24CYLBLT,2025-04-07 12:00:00,0.3508771929824561,6,中利用率
1012312288YRB24CYLBLT,2025-04-07 18:00:00,0.5964912280701754,6,中利用率
1012312288YRB24CYLBLT,2025-04-08 00:00:00,0.28947368421052627,6,低利用率
1012312288YRB24CYLBLT,2025-04-08 06:00:00,0.41228070175438597,6,中利用率
1012312288YRB24CYLBLT,2025-04-08 12:00:00,0.3859649122807018,6,中利用率
1012312288YRB24CYLBLT,2025-04-08 18:00:00,0.3157894736842105,6,中利用率
1012312288YRB24CYLBLT,2025-04-09 00:00:00,0.3684210526315789,6,中利用率
1012312288YRB24CYLBLT,2025-04-09 06:00:00,0.3333333333333333,6,中利用率
1012312288YRB24CYLBLT,2025-04-09 18:00:00,0.23684210526315788,6,低利用率
1012312288YRB24CYLBLT,2025-04-10 00:00:00,0.10526315789473684,6,低利用率
1012312288YRB24CYLBLT,2025-04-10 06:00:00,0.23684210526315788,6,低利用率
1012312288YRB24CYLBLT,2025-04-10 12:00:00,0.3421052631578947,6,中利用率
1012312288YRB24CYLBLT,2025-04-10 18:00:00,0.2807017543859649,6,低利用率
1012312288YRB24CYLBLT,2025-04-11 00:00:00,0.4298245614035088,6,中利用率
1012312288YRB24CYLBLT,2025-04-11 06:00:00,0.5,6,中利用率
1012312288YRB24CYLBLT,2025-04-11 12:00:00,0.3333333333333333,6,中利用率
1012312288YRB24CYLBLT,2025-04-11 18:00:00,0.3859649122807018,6,中利用率
1012312288YRB24CYLBLT,2025-04-12 00:00:00,0.28947368421052627,6,低利用率
1012312288YRB24CYLBLT,2025-04-12 06:00:00,0.5614035087719298,6,中利用率
1012312288YRB24CYLBLT,2025-04-12 12:00:00,0.25438596491228066,6,低利用率
1012312288YRB24CYLBLT,2025-04-12 18:00:00,0.2982456140350877,6,低利用率
1012312288YRB24CYLBLT,2025-04-13 00:00:00,0.3157894736842105,6,中利用率
1012312288YRB24CYLBLT,2025-04-13 06:00:00,0.5263157894736842,6,中利用率
1012312288YRB24CYLBLT,2025-04-13 12:00:00,0.4298245614035088,6,中利用率
1012312288YRB24CYLBLT,2025-04-13 18:00:00,0.1929824561403509,6,低利用率
1012312288YRB62F6P9TT,2025-03-03 06:00:00,0.4666666666666667,1,中利用率
1012312288YRB62F6P9TT,2025-03-03 07:00:00,0.4527777777777778,6,中利用率
1012312288YRB62F6P9TT,2025-03-03 08:00:00,0.3416666666666666,6,中利用率
1012312288YRB62F6P9TT,2025-03-03 09:00:00,0.14166666666666666,6,低利用率
1012312288YRB62F6P9TT,2025-03-03 10:00:00,0.18333333333333335,6,低利用率
1012312288YRB62F6P9TT,2025-03-03 11:00:00,0.20833333333333334,6,低利用率
1012312288YRB62F6P9TT,2025-03-03 12:00:00,0.4083333333333334,6,中利用率
1012312288YRB62F6P9TT,2025-03-03 13:00:00,0.3083333333333333,6,中利用率
1012312288YRB62F6P9TT,2025-03-03 14:00:00,0.24722222222222223,6,低利用率
1012312288YRB62F6P9TT,2025-03-03 15:00:00,0.39166666666666666,6,中利用率
1012312288YRB62F6P9TT,2025-03-03 16:00:00,0.4666666666666666,6,中利用率
1012312288YRB62F6P9TT,2025-03-03 17:00:00,0.4916666666666667,6,中利用率
1012312288YRB62F6P9TT,2025-03-03 18:00:00,0.41111111111111115,6,中利用率
1012312288YRB62F6P9TT,2025-03-03 19:00:00,0.4222222222222222,6,中利用率
1012312288YRB62F6P9TT,2025-03-03 20:00:00,0.4055555555555556,6,中利用率
1012312288YRB62F6P9TT,2025-03-03 21:00:00,0.4388888888888889,6,中利用率
1012312288YRB62F6P9TT,2025-03-03 22:00:00,0.4361111111111111,6,中利用率
1012312288YRB62F6P9TT,2025-03-03 23:00:00,0.4444444444444445,6,中利用率
1012312288YRB62F6P9TT,2025-03-04 00:00:00,0.3972222222222222,6,中利用率
1012312288YRB62F6P9TT,2025-03-04 01:00:00,0.4000000000000001,6,中利用率
1012312288YRB62F6P9TT,2025-03-04 02:00:00,0.4000000000000001,6,中利用率
1012312288YRB62F6P9TT,2025-03-04 03:00:00,0.4000000000000001,3,中利用率
1012312288YRB62F6P9TT,2025-04-07 00:00:00,0.49444444444444446,6,中利用率
1012312288YRB62F6P9TT,2025-04-07 06:00:00,0.38055555555555554,6,中利用率
1012312288YRB62F6P9TT,2025-04-07 12:00:00,0.3194444444444444,6,中利用率
1012312288YRB62F6P9TT,2025-04-07 18:00:00,0.35833333333333334,6,中利用率
1012312288YRB62F6P9TT,2025-04-08 00:00:00,0.4694444444444445,6,中利用率
1012312288YRB62F6P9TT,2025-04-08 06:00:00,0.4444444444444445,6,中利用率
1012312288YRB62F6P9TT,2025-04-08 12:00:00,0.35000000000000003,6,中利用率
1012312288YRB62F6P9TT,2025-04-08 18:00:00,0.3055555555555555,6,中利用率
1012312288YRB62F6P9TT,2025-04-09 00:00:00,0.36944444444444446,6,中利用率
1012312288YRB62F6P9TT,2025-04-09 06:00:00,0.3111111111111111,6,中利用率
1012312288YRB62F6P9TT,2025-04-09 18:00:00,0.3666666666666667,6,中利用率
1012312288YRB62F6P9TT,2025-04-10 00:00:00,0.46388888888888885,6,中利用率
1012312288YRB62F6P9TT,2025-04-10 06:00:00,0.4138888888888889,6,中利用率
1012312288YRB62F6P9TT,2025-04-10 12:00:00,0.21666666666666667,6,低利用率
1012312288YRB62F6P9TT,2025-04-10 18:00:00,0.39999999999999997,6,中利用率
1012312288YRB62F6P9TT,2025-04-11 00:00:00,0.3527777777777778,6,中利用率
1012312288YRB62F6P9TT,2025-04-11 06:00:00,0.3083333333333333,6,中利用率
1012312288YRB62F6P9TT,2025-04-11 12:00:00,0.25555555555555554,6,低利用率
1012312288YRB62F6P9TT,2025-04-11 18:00:00,0.3361111111111111,6,中利用率
1012312288YRB62F6P9TT,2025-04-12 00:00:00,0.24444444444444446,6,低利用率
1012312288YRB62F6P9TT,2025-04-12 06:00:00,0.225,6,低利用率
1012312288YRB62F6P9TT,2025-04-12 12:00:00,0.3527777777777778,6,中利用率
1012312288YRB62F6P9TT,2025-04-12 18:00:00,0.4083333333333334,6,中利用率
1012312288YRB62F6P9TT,2025-04-13 00:00:00,0.16944444444444443,6,低利用率
1012312288YRB62F6P9TT,2025-04-13 06:00:00,0.14444444444444446,6,低利用率
1012312288YRB62F6P9TT,2025-04-13 12:00:00,0.37222222222222223,6,中利用率
1012312288YRB62F6P9TT,2025-04-13 18:00:00,0.39444444444444443,6,中利用率
1012312288YRBA0HET81T,2025-03-03 06:00:00,0.9,2,高利用率
1012312288YRBA0HET81T,2025-03-03 07:00:00,0.8833333333333333,6,高利用率
1012312288YRBA0HET81T,2025-03-03 08:00:00,0.7166666666666667,6,高利用率
1012312288YRBA0HET81T,2025-03-03 09:00:00,0.7,5,高利用率
1012312288YRBA0HET81T,2025-03-03 10:00:00,0.6666666666666666,6,中利用率
1012312288YRBA0HET81T,2025-03-03 11:00:00,0.5166666666666667,6,中利用率
1012312288YRBA0HET81T,2025-03-03 12:00:00,0.39999999999999997,6,中利用率
1012312288YRBA0HET81T,2025-03-03 13:00:00,0.6666666666666666,6,中利用率
1012312288YRBA0HET81T,2025-03-03 14:00:00,0.7000000000000001,6,高利用率
1012312288YRBA0HET81T,2025-03-03 15:00:00,0.5,6,中利用率
1012312288YRBA0HET81T,2025-03-03 16:00:00,0.3833333333333333,6,中利用率
1012312288YRBA0HET81T,2025-03-03 17:00:00,0.45,6,中利用率
1012312288YRBA0HET81T,2025-03-03 18:00:00,0.45,6,中利用率
1012312288YRBA0HET81T,2025-03-03 19:00:00,0.5,6,中利用率
1012312288YRBA0HET81T,2025-03-03 20:00:00,0.7000000000000001,6,高利用率
1012312288YRBA0HET81T,2025-03-03 21:00:00,0.75,6,高利用率
1012312288YRBA0HET81T,2025-03-03 22:00:00,0.6999999999999998,6,中利用率
1012312288YRBA0HET81T,2025-03-03 23:00:00,0.6666666666666666,6,中利用率
1012312288YRBA0HET81T,2025-03-04 00:00:00,0.6,6,中利用率
1012312288YRBA0HET81T,2025-03-04 01:00:00,0.6166666666666666,6,中利用率
1012312288YRBA0HET81T,2025-03-04 02:00:00,0.6999999999999998,6,中利用率
1012312288YRBA0HET81T,2025-03-04 03:00:00,0.7666666666666666,3,高利用率
1012312288YRBA0HET81T,2025-04-07 00:00:00,0.6833333333333332,6,中利用率
1012312288YRBA0HET81T,2025-04-07 06:00:00,0.9,4,高利用率
1012312288YRBA0HET81T,2025-04-07 12:00:00,0.43333333333333335,6,中利用率
1012312288YRBA0HET81T,2025-04-07 18:00:00,0.6166666666666666,6,中利用率
1012312288YRBA0HET81T,2025-04-08 00:00:00,0.6666666666666666,6,中利用率
1012312288YRBA0HET81T,2025-04-08 06:00:00,0.6333333333333333,6,中利用率
1012312288YRBA0HET81T,2025-04-08 12:00:00,0.45,6,中利用率
1012312288YRBA0HET81T,2025-04-08 18:00:00,0.45,6,中利用率
1012312288YRBA0HET81T,2025-04-09 00:00:00,0.26666666666666666,6,低利用率
1012312288YRBA0HET81T,2025-04-09 06:00:00,0.3833333333333333,6,中利用率
1012312288YRBA0HET81T,2025-04-09 18:00:00,0.35000000000000003,6,中利用率
1012312288YRBA0HET81T,2025-04-10 00:00:00,0.3333333333333333,6,中利用率
1012312288YRBA0HET81T,2025-04-10 06:00:00,0.5499999999999999,6,中利用率
1012312288YRBA0HET81T,2025-04-10 12:00:00,0.6666666666666666,6,中利用率
1012312288YRBA0HET81T,2025-04-10 18:00:00,0.39999999999999997,6,中利用率
1012312288YRBA0HET81T,2025-04-11 00:00:00,0.43333333333333335,6,中利用率
1012312288YRBA0HET81T,2025-04-11 06:00:00,0.5499999999999999,6,中利用率
1012312288YRBA0HET81T,2025-04-11 12:00:00,0.3833333333333333,6,中利用率
1012312288YRBA0HET81T,2025-04-11 18:00:00,0.7000000000000001,6,高利用率
1012312288YRBA0HET81T,2025-04-12 00:00:00,0.48333333333333334,6,中利用率
1012312288YRBA0HET81T,2025-04-12 06:00:00,0.5666666666666667,6,中利用率
1012312288YRBA0HET81T,2025-04-12 12:00:00,0.25,6,低利用率
1012312288YRBA0HET81T,2025-04-12 18:00:00,0.5,6,中利用率
1012312288YRBA0HET81T,2025-04-13 00:00:00,0.5166666666666667,6,中利用率
1012312288YRBA0HET81T,2025-04-13 06:00:00,0.6333333333333333,6,中利用率
1012312288YRBA0HET81T,2025-04-13 12:00:00,0.3666666666666667,6,中利用率
1012312288YRBA0HET81T,2025-04-13 18:00:00,0.4166666666666667,6,中利用率
1012312288YRBEU44Q1VL,2025-03-03 06:00:00,0.6000000000000001,2,中利用率
1012312288YRBEU44Q1VL,2025-03-03 07:00:00,0.56,6,中利用率
1012312288YRBEU44Q1VL,2025-03-03 08:00:00,0.7333333333333334,6,高利用率
1012312288YRBEU44Q1VL,2025-03-03 09:00:00,0.6933333333333334,6,中利用率
1012312288YRBEU44Q1VL,2025-03-03 10:00:00,0.48666666666666664,6,中利用率
1012312288YRBEU44Q1VL,2025-03-03 11:00:00,0.49333333333333335,6,中利用率
1012312288YRBEU44Q1VL,2025-03-03 12:00:00,0.38000000000000006,6,中利用率
1012312288YRBEU44Q1VL,2025-03-03 13:00:00,0.6066666666666667,6,中利用率
1012312288YRBEU44Q1VL,2025-03-03 14:00:00,0.62,6,中利用率
1012312288YRBEU44Q1VL,2025-03-03 15:00:00,0.42,6,中利用率
1012312288YRBEU44Q1VL,2025-03-03 16:00:00,0.3933333333333333,6,中利用率
1012312288YRBEU44Q1VL,2025-03-03 17:00:00,0.38000000000000006,6,中利用率
1012312288YRBEU44Q1VL,2025-03-03 18:00:00,0.68,6,中利用率
1012312288YRBEU44Q1VL,2025-03-03 19:00:00,0.7000000000000001,6,高利用率
1012312288YRBEU44Q1VL,2025-03-03 20:00:00,0.5133333333333333,6,中利用率
1012312288YRBEU44Q1VL,2025-03-03 21:00:00,0.48,6,中利用率
1012312288YRBEU44Q1VL,2025-03-03 22:00:00,0.45999999999999996,6,中利用率
1012312288YRBEU44Q1VL,2025-03-03 23:00:00,0.5133333333333333,6,中利用率
1012312288YRBEU44Q1VL,2025-03-04 00:00:00,0.5866666666666667,6,中利用率
1012312288YRBEU44Q1VL,2025-03-04 01:00:00,0.6,6,中利用率
1012312288YRBEU44Q1VL,2025-03-04 02:00:00,0.6,6,中利用率
1012312288YRBEU44Q1VL,2025-03-04 03:00:00,0.6,3,中利用率
1012312288YRBEU44Q1VL,2025-04-07 00:00:00,0.7466666666666667,6,高利用率
1012312288YRBEU44Q1VL,2025-04-07 06:00:00,0.6066666666666666,6,中利用率
1012312288YRBEU44Q1VL,2025-04-07 12:00:00,0.44,6,中利用率
1012312288YRBEU44Q1VL,2025-04-07 18:00:00,0.8266666666666667,6,高利用率
1012312288YRBEU44Q1VL,2025-04-08 00:00:00,0.6333333333333333,6,中利用率
1012312288YRBEU44Q1VL,2025-04-08 06:00:00,0.66,6,中利用率
1012312288YRBEU44Q1VL,2025-04-08 12:00:00,0.6066666666666667,6,中利用率
1012312288YRBEU44Q1VL,2025-04-08 18:00:00,0.62,6,中利用率
1012312288YRBEU44Q1VL,2025-04-09 00:00:00,0.5666666666666668,6,中利用率
1012312288YRBEU44Q1VL,2025-04-09 06:00:00,0.5666666666666668,6,中利用率
1012312288YRBEU44Q1VL,2025-04-09 18:00:00,0.8266666666666667,6,高利用率
1012312288YRBEU44Q1VL,2025-04-10 00:00:00,0.3666666666666667,6,中利用率
1012312288YRBEU44Q1VL,2025-04-10 06:00:00,0.38000000000000006,6,中利用率
1012312288YRBEU44Q1VL,2025-04-10 12:00:00,0.5533333333333333,6,中利用率
1012312288YRBEU44Q1VL,2025-04-10 18:00:00,0.7266666666666667,6,高利用率
1012312288YRBEU44Q1VL,2025-04-11 00:00:00,0.58,6,中利用率
1012312288YRBEU44Q1VL,2025-04-11 06:00:00,0.5933333333333334,6,中利用率
1012312288YRBEU44Q1VL,2025-04-11 12:00:00,0.36000000000000004,6,中利用率
1012312288YRBEU44Q1VL,2025-04-11 18:00:00,0.7533333333333333,6,高利用率
1012312288YRBEU44Q1VL,2025-04-12 00:00:00,0.37333333333333335,6,中利用率
1012312288YRBEU44Q1VL,2025-04-12 06:00:00,0.32666666666666666,6,中利用率
1012312288YRBEU44Q1VL,2025-04-12 12:00:00,0.6333333333333334,6,中利用率
1012312288YRBEU44Q1VL,2025-04-12 18:00:00,0.7200000000000001,6,高利用率
1012312288YRBEU44Q1VL,2025-04-13 00:00:00,0.54,6,中利用率
1012312288YRBEU44Q1VL,2025-04-13 06:00:00,0.5533333333333333,6,中利用率
1012312288YRBEU44Q1VL,2025-04-13 12:00:00,0.56,6,中利用率
1012312288YRBEU44Q1VL,2025-04-13 18:00:00,0.6933333333333334,6,中利用率
1012312288YRBI4HZHCE9,2025-03-03 06:00:00,0.16666666666666666,2,低利用率
1012312288YRBI4HZHCE9,2025-03-03 07:00:00,0.13888888888888887,6,低利用率
1012312288YRBI4HZHCE9,2025-03-03 08:00:00,0.13888888888888887,6,低利用率
1012312288YRBI4HZHCE9,2025-03-03 09:00:00,0.38888888888888884,6,中利用率
1012312288YRBI4HZHCE9,2025-03-03 10:00:00,0.6666666666666666,2,中利用率
1012312288YRBI4HZHCE9,2025-03-03 11:00:00,0.6666666666666666,3,中利用率
1012312288YRBI4HZHCE9,2025-03-03 12:00:00,0.75,6,高利用率
1012312288YRBI4HZHCE9,2025-03-03 13:00:00,0.638888888888889,6,中利用率
1012312288YRBI4HZHCE9,2025-03-03 14:00:00,0.8333333333333334,5,高利用率
1012312288YRBI4HZHCE9,2025-03-03 15:00:00,0.6666666666666666,6,中利用率
1012312288YRBI4HZHCE9,2025-03-03 16:00:00,0.6666666666666666,6,中利用率
1012312288YRBI4HZHCE9,2025-03-03 17:00:00,0.7222222222222222,6,高利用率
1012312288YRBI4HZHCE9,2025-03-03 18:00:00,0.5416666666666666,4,中利用率
1012312288YRBI4HZHCE9,2025-03-03 19:00:00,0.75,6,高利用率
1012312288YRBI4HZHCE9,2025-03-03 20:00:00,0.75,4,高利用率
1012312288YRBI4HZHCE9,2025-03-03 21:00:00,0.75,6,高利用率
1012312288YRBI4HZHCE9,2025-03-03 22:00:00,0.3611111111111111,6,中利用率
1012312288YRBI4HZHCE9,2025-03-03 23:00:00,0.3333333333333333,6,中利用率
1012312288YRBI4HZHCE9,2025-03-04 00:00:00,0.3333333333333333,6,中利用率
1012312288YRBI4HZHCE9,2025-03-04 01:00:00,0.3333333333333333,6,中利用率
1012312288YRBI4HZHCE9,2025-03-04 02:00:00,0.3333333333333333,6,中利用率
1012312288YRBI4HZHCE9,2025-03-04 03:00:00,0.3333333333333333,3,中利用率
1012312288YRBI4HZHCE9,2025-04-07 00:00:00,0.6388888888888888,6,中利用率
1012312288YRBI4HZHCE9,2025-04-07 06:00:00,0.5,6,中利用率
1012312288YRBI4HZHCE9,2025-04-07 12:00:00,0.7083333333333334,4,高利用率
1012312288YRBI4HZHCE9,2025-04-07 18:00:00,0.7777777777777778,3,高利用率
1012312288YRBI4HZHCE9,2025-04-08 00:00:00,0.5,6,中利用率
1012312288YRBI4HZHCE9,2025-04-08 06:00:00,0.5,6,中利用率
1012312288YRBI4HZHCE9,2025-04-08 12:00:00,0.75,6,高利用率
1012312288YRBI4HZHCE9,2025-04-08 18:00:00,0.8,5,高利用率
1012312288YRBI4HZHCE9,2025-04-09 00:00:00,0.3333333333333333,6,中利用率
1012312288YRBI4HZHCE9,2025-04-09 06:00:00,0.38888888888888884,6,中利用率
1012312288YRBI4HZHCE9,2025-04-09 18:00:00,0.6944444444444445,6,中利用率
1012312288YRBI4HZHCE9,2025-04-10 00:00:00,0.16666666666666666,6,低利用率
1012312288YRBI4HZHCE9,2025-04-10 06:00:00,0.16666666666666666,6,低利用率
1012312288YRBI4HZHCE9,2025-04-10 12:00:00,0.8333333333333334,1,高利用率
1012312288YRBI4HZHCE9,2025-04-10 18:00:00,0.7,5,高利用率
1012312288YRBI4HZHCE9,2025-04-11 00:00:00,0.16666666666666666,6,低利用率
1012312288YRBI4HZHCE9,2025-04-11 06:00:00,0.16666666666666666,6,低利用率
1012312288YRBI4HZHCE9,2025-04-11 12:00:00,0.7222222222222222,6,高利用率
1012312288YRBI4HZHCE9,2025-04-11 18:00:00,0.7666666666666667,5,高利用率
1012312288YRBI4HZHCE9,2025-04-12 00:00:00,0.16666666666666666,6,低利用率
1012312288YRBI4HZHCE9,2025-04-12 06:00:00,0.16666666666666666,6,低利用率
1012312288YRBI4HZHCE9,2025-04-12 12:00:00,0.75,4,高利用率
1012312288YRBI4HZHCE9,2025-04-12 18:00:00,0.75,6,高利用率
1012312288YRBI4HZHCE9,2025-04-13 00:00:00,0.16666666666666666,6,低利用率
1012312288YRBI4HZHCE9,2025-04-13 06:00:00,0.16666666666666666,6,低利用率
1012312288YRBI4HZHCE9,2025-04-13 12:00:00,0.7333333333333333,5,高利用率
1012312288YRBI4HZHCE9,2025-04-13 18:00:00,0.7222222222222222,6,高利用率
1012312288YRBLMRYOUTD,2025-03-03 06:00:00,0.6666666666666666,2,中利用率
1012312288YRBLMRYOUTD,2025-03-03 07:00:00,0.5370370370370371,6,中利用率
1012312288YRBLMRYOUTD,2025-03-03 08:00:00,0.32407407407407407,6,中利用率
1012312288YRBLMRYOUTD,2025-03-03 09:00:00,0.26851851851851855,6,低利用率
1012312288YRBLMRYOUTD,2025-03-03 10:00:00,0.23148148148148148,6,低利用率
1012312288YRBLMRYOUTD,2025-03-03 11:00:00,0.1111111111111111,6,低利用率
1012312288YRBLMRYOUTD,2025-03-03 12:00:00,0.3148148148148148,6,中利用率
1012312288YRBLMRYOUTD,2025-03-03 13:00:00,0.3796296296296296,6,中利用率
1012312288YRBLMRYOUTD,2025-03-03 14:00:00,0.5185185185185185,6,中利用率
1012312288YRBLMRYOUTD,2025-03-03 15:00:00,0.46296296296296297,6,中利用率
1012312288YRBLMRYOUTD,2025-03-03 16:00:00,0.4259259259259259,6,中利用率
1012312288YRBLMRYOUTD,2025-03-03 17:00:00,0.6018518518518519,6,中利用率
1012312288YRBLMRYOUTD,2025-03-03 18:00:00,0.8240740740740741,6,高利用率
1012312288YRBLMRYOUTD,2025-03-03 19:00:00,0.5648148148148148,6,中利用率
1012312288YRBLMRYOUTD,2025-03-03 20:00:00,0.5,6,中利用率
1012312288YRBLMRYOUTD,2025-03-03 21:00:00,0.46296296296296297,6,中利用率
1012312288YRBLMRYOUTD,2025-03-03 22:00:00,0.3888888888888889,6,中利用率
1012312288YRBLMRYOUTD,2025-03-03 23:00:00,0.3148148148148148,6,中利用率
1012312288YRBLMRYOUTD,2025-03-04 00:00:00,0.3703703703703704,6,中利用率
1012312288YRBLMRYOUTD,2025-03-04 01:00:00,0.3888888888888889,6,中利用率
1012312288YRBLMRYOUTD,2025-03-04 02:00:00,0.3888888888888889,6,中利用率
1012312288YRBLMRYOUTD,2025-03-04 03:00:00,0.3888888888888889,3,中利用率
1012312288YRBLMRYOUTD,2025-04-07 00:00:00,0.5555555555555556,6,中利用率
1012312288YRBLMRYOUTD,2025-04-07 06:00:00,0.39814814814814814,6,中利用率
1012312288YRBLMRYOUTD,2025-04-07 12:00:00,0.3148148148148148,6,中利用率
1012312288YRBLMRYOUTD,2025-04-07 18:00:00,0.8518518518518517,6,高利用率
1012312288YRBLMRYOUTD,2025-04-08 00:00:00,0.5092592592592592,6,中利用率
1012312288YRBLMRYOUTD,2025-04-08 06:00:00,0.5,6,中利用率
1012312288YRBLMRYOUTD,2025-04-08 12:00:00,0.47222222222222215,6,中利用率
1012312288YRBLMRYOUTD,2025-04-08 18:00:00,0.875,4,高利用率
1012312288YRBLMRYOUTD,2025-04-09 00:00:00,0.5,6,中利用率
1012312288YRBLMRYOUTD,2025-04-09 06:00:00,0.5277777777777778,6,中利用率
1012312288YRBLMRYOUTD,2025-04-09 18:00:00,0.7685185185185185,6,高利用率
1012312288YRBLMRYOUTD,2025-04-10 00:00:00,0.4444444444444444,6,中利用率
1012312288YRBLMRYOUTD,2025-04-10 06:00:00,0.4537037037037037,6,中利用率
1012312288YRBLMRYOUTD,2025-04-10 12:00:00,0.25,6,低利用率
1012312288YRBLMRYOUTD,2025-04-10 18:00:00,0.7685185185185185,6,高利用率
1012312288YRBLMRYOUTD,2025-04-11 00:00:00,0.4444444444444444,6,中利用率
1012312288YRBLMRYOUTD,2025-04-11 06:00:00,0.4444444444444444,6,中利用率
1012312288YRBLMRYOUTD,2025-04-11 12:00:00,0.46296296296296297,6,中利用率
1012312288YRBLMRYOUTD,2025-04-11 18:00:00,0.7407407407407408,6,高利用率
1012312288YRBLMRYOUTD,2025-04-12 00:00:00,0.638888888888889,6,中利用率
1012312288YRBLMRYOUTD,2025-04-12 06:00:00,0.6944444444444443,6,中利用率
1012312288YRBLMRYOUTD,2025-04-12 12:00:00,0.3333333333333333,6,中利用率
1012312288YRBLMRYOUTD,2025-04-12 18:00:00,0.6574074074074074,6,中利用率
1012312288YRBLMRYOUTD,2025-04-13 00:00:00,0.46296296296296297,6,中利用率
1012312288YRBLMRYOUTD,2025-04-13 06:00:00,0.4444444444444444,6,中利用率
1012312288YRBLMRYOUTD,2025-04-13 12:00:00,0.6851851851851851,6,中利用率
1012312288YRBLMRYOUTD,2025-04-13 18:00:00,0.5555555555555556,6,中利用率
1012312288YRBP13VO9A9,2025-03-03 06:00:00,0.3076923076923077,1,中利用率
1012312288YRBP13VO9A9,2025-03-03 07:00:00,0.32051282051282054,6,中利用率
1012312288YRBP13VO9A9,2025-03-03 08:00:00,0.32051282051282054,6,中利用率
1012312288YRBP13VO9A9,2025-03-03 09:00:00,0.14102564102564105,6,低利用率
1012312288YRBP13VO9A9,2025-03-03 10:00:00,0.15384615384615385,6,低利用率
1012312288YRBP13VO9A9,2025-03-03 11:00:00,0.3333333333333333,6,中利用率
1012312288YRBP13VO9A9,2025-03-03 12:00:00,0.7307692307692308,6,高利用率
1012312288YRBP13VO9A9,2025-03-03 13:00:00,0.25641025641025644,6,低利用率
1012312288YRBP13VO9A9,2025-03-03 14:00:00,0.12820512820512822,6,低利用率
1012312288YRBP13VO9A9,2025-03-03 15:00:00,0.2820512820512821,6,低利用率
1012312288YRBP13VO9A9,2025-03-03 16:00:00,0.20512820512820515,6,低利用率
1012312288YRBP13VO9A9,2025-03-03 17:00:00,0.7307692307692308,6,高利用率
1012312288YRBP13VO9A9,2025-03-03 18:00:00,0.8205128205128206,6,高利用率
1012312288YRBP13VO9A9,2025-03-03 19:00:00,0.5128205128205129,6,中利用率
1012312288YRBP13VO9A9,2025-03-03 20:00:00,0.5512820512820513,6,中利用率
1012312288YRBP13VO9A9,2025-03-03 21:00:00,0.5384615384615384,6,中利用率
1012312288YRBP13VO9A9,2025-03-03 22:00:00,0.576923076923077,6,中利用率
1012312288YRBP13VO9A9,2025-03-03 23:00:00,0.4615384615384615,6,中利用率
1012312288YRBP13VO9A9,2025-03-04 00:00:00,0.6282051282051282,6,中利用率
1012312288YRBP13VO9A9,2025-03-04 01:00:00,0.5897435897435898,6,中利用率
1012312288YRBP13VO9A9,2025-03-04 02:00:00,0.5641025641025641,6,中利用率
1012312288YRBP13VO9A9,2025-03-04 03:00:00,0.5384615384615384,3,中利用率
1012312288YRBP13VO9A9,2025-04-07 00:00:00,0.4743589743589744,6,中利用率
1012312288YRBP13VO9A9,2025-04-07 06:00:00,0.07692307692307693,6,低利用率
1012312288YRBP13VO9A9,2025-04-07 12:00:00,0.5256410256410257,6,中利用率
1012312288YRBP13VO9A9,2025-04-07 18:00:00,0.858974358974359,6,高利用率
1012312288YRBP13VO9A9,2025-04-08 00:00:00,0.5128205128205128,6,中利用率
1012312288YRBP13VO9A9,2025-04-08 06:00:00,0.23076923076923075,6,低利用率
1012312288YRBP13VO9A9,2025-04-08 12:00:00,0.6282051282051282,6,中利用率
1012312288YRBP13VO9A9,2025-04-08 18:00:00,0.923076923076923,3,高利用率
1012312288YRBP13VO9A9,2025-04-09 00:00:00,0.6666666666666666,6,中利用率
1012312288YRBP13VO9A9,2025-04-09 06:00:00,0.3333333333333333,6,中利用率
1012312288YRBP13VO9A9,2025-04-09 18:00:00,0.9076923076923077,5,高利用率
1012312288YRBP13VO9A9,2025-04-10 00:00:00,0.5641025641025641,6,中利用率
1012312288YRBP13VO9A9,2025-04-10 06:00:00,0.23076923076923075,6,低利用率
1012312288YRBP13VO9A9,2025-04-10 12:00:00,0.6282051282051282,6,中利用率
1012312288YRBP13VO9A9,2025-04-10 18:00:00,0.9230769230769231,2,高利用率
1012312288YRBP13VO9A9,2025-04-11 00:00:00,0.4743589743589744,6,中利用率
1012312288YRBP13VO9A9,2025-04-11 06:00:00,0.2435897435897436,6,低利用率
1012312288YRBP13VO9A9,2025-04-11 12:00:00,0.7564102564102564,6,高利用率
1012312288YRBP13VO9A9,2025-04-11 18:00:00,0.876923076923077,5,高利用率
1012312288YRBP13VO9A9,2025-04-12 00:00:00,0.6025641025641025,6,中利用率
1012312288YRBP13VO9A9,2025-04-12 06:00:00,0.025641025641025644,6,低利用率
1012312288YRBP13VO9A9,2025-04-12 12:00:00,0.7692307692307692,6,高利用率
1012312288YRBP13VO9A9,2025-04-12 18:00:00,0.8717948717948718,6,高利用率
1012312288YRBP13VO9A9,2025-04-13 00:00:00,0.6666666666666666,6,中利用率
1012312288YRBP13VO9A9,2025-04-13 06:00:00,0.32051282051282054,6,中利用率
1012312288YRBP13VO9A9,2025-04-13 12:00:00,0.6410256410256411,6,中利用率
1012312288YRBP13VO9A9,2025-04-13 18:00:00,0.9230769230769231,2,高利用率
1012312288YRBS7JO7FUP,2025-03-03 06:00:00,0.1,2,低利用率
1012312288YRBS7JO7FUP,2025-03-03 07:00:00,0.18333333333333335,6,低利用率
1012312288YRBS7JO7FUP,2025-03-03 08:00:00,0.39999999999999997,6,中利用率
1012312288YRBS7JO7FUP,2025-03-03 09:00:00,0.38333333333333336,6,中利用率
1012312288YRBS7JO7FUP,2025-03-03 10:00:00,0.2833333333333333,6,低利用率
1012312288YRBS7JO7FUP,2025-03-03 11:00:00,0.3833333333333333,6,中利用率
1012312288YRBS7JO7FUP,2025-03-03 12:00:00,0.43333333333333335,6,中利用率
1012312288YRBS7JO7FUP,2025-03-03 13:00:00,0.45,6,中利用率
1012312288YRBS7JO7FUP,2025-03-03 14:00:00,0.5499999999999999,6,中利用率
1012312288YRBS7JO7FUP,2025-03-03 15:00:00,0.5166666666666667,6,中利用率
1012312288YRBS7JO7FUP,2025-03-03 16:00:00,0.6599999999999999,5,中利用率
1012312288YRBS7JO7FUP,2025-03-03 17:00:00,0.5,6,中利用率
1012312288YRBS7JO7FUP,2025-03-03 18:00:00,0.3333333333333333,6,中利用率
1012312288YRBS7JO7FUP,2025-03-03 19:00:00,0.16666666666666666,6,低利用率
1012312288YRBS7JO7FUP,2025-03-03 20:00:00,0.39999999999999997,6,中利用率
1012312288YRBS7JO7FUP,2025-03-03 21:00:00,0.3333333333333333,6,中利用率
1012312288YRBS7JO7FUP,2025-03-03 22:00:00,0.26666666666666666,6,低利用率
1012312288YRBS7JO7FUP,2025-03-03 23:00:00,0.20000000000000004,6,低利用率
1012312288YRBS7JO7FUP,2025-03-04 00:00:00,0.20000000000000004,6,低利用率
1012312288YRBS7JO7FUP,2025-03-04 01:00:00,0.20000000000000004,6,低利用率
1012312288YRBS7JO7FUP,2025-03-04 02:00:00,0.20000000000000004,6,低利用率
1012312288YRBS7JO7FUP,2025-03-04 03:00:00,0.20000000000000004,3,低利用率
1012312288YRBS7JO7FUP,2025-04-07 00:00:00,0.20000000000000004,6,低利用率
1012312288YRBS7JO7FUP,2025-04-07 06:00:00,0.10000000000000002,6,低利用率
1012312288YRBS7JO7FUP,2025-04-07 12:00:00,0.4333333333333333,6,中利用率
1012312288YRBS7JO7FUP,2025-04-07 18:00:00,0.4666666666666666,6,中利用率
1012312288YRBS7JO7FUP,2025-04-08 00:00:00,0.20000000000000004,6,低利用率
1012312288YRBS7JO7FUP,2025-04-08 06:00:00,0.20000000000000004,6,低利用率
1012312288YRBS7JO7FUP,2025-04-08 12:00:00,0.6333333333333333,6,中利用率
1012312288YRBS7JO7FUP,2025-04-08 18:00:00,0.6666666666666666,6,中利用率
1012312288YRBS7JO7FUP,2025-04-09 00:00:00,0.21666666666666667,6,低利用率
1012312288YRBS7JO7FUP,2025-04-09 06:00:00,0.20000000000000004,6,低利用率
1012312288YRBS7JO7FUP,2025-04-09 18:00:00,0.5833333333333334,6,中利用率
1012312288YRBS7JO7FUP,2025-04-10 00:00:00,0.20000000000000004,6,低利用率
1012312288YRBS7JO7FUP,2025-04-10 06:00:00,0.20000000000000004,6,低利用率
1012312288YRBS7JO7FUP,2025-04-10 12:00:00,0.65,6,中利用率
1012312288YRBS7JO7FUP,2025-04-10 18:00:00,0.6166666666666666,6,中利用率
1012312288YRBS7JO7FUP,2025-04-11 00:00:00,0.20000000000000004,6,低利用率
1012312288YRBS7JO7FUP,2025-04-11 06:00:00,0.20000000000000004,6,低利用率
1012312288YRBS7JO7FUP,2025-04-11 12:00:00,0.48333333333333334,6,中利用率
1012312288YRBS7JO7FUP,2025-04-11 18:00:00,0.48333333333333334,6,中利用率
1012312288YRBS7JO7FUP,2025-04-12 00:00:00,0.3666666666666667,6,中利用率
1012312288YRBS7JO7FUP,2025-04-12 06:00:00,0.3,6,中利用率
1012312288YRBS7JO7FUP,2025-04-12 12:00:00,0.26666666666666666,6,低利用率
1012312288YRBS7JO7FUP,2025-04-12 18:00:00,0.3,6,中利用率
1012312288YRBS7JO7FUP,2025-04-13 00:00:00,0.16666666666666666,6,低利用率
1012312288YRBS7JO7FUP,2025-04-13 06:00:00,0.20000000000000004,6,低利用率
1012312288YRBS7JO7FUP,2025-04-13 12:00:00,0.4166666666666667,6,中利用率
1012312288YRBS7JO7FUP,2025-04-13 18:00:00,0.6333333333333333,6,中利用率
1012312288YRBWX8BW5Q9,2025-03-03 06:00:00,0.4,2,中利用率
1012312288YRBWX8BW5Q9,2025-03-03 07:00:00,0.4000000000000001,6,中利用率
1012312288YRBWX8BW5Q9,2025-03-03 08:00:00,0.4,4,中利用率
1012312288YRBWX8BW5Q9,2025-03-03 09:00:00,0.3666666666666667,6,中利用率
1012312288YRBWX8BW5Q9,2025-03-03 10:00:00,0.3666666666666667,6,中利用率
1012312288YRBWX8BW5Q9,2025-03-03 11:00:00,0.43333333333333335,6,中利用率
1012312288YRBWX8BW5Q9,2025-03-03 12:00:00,0.5599999999999999,5,中利用率
1012312288YRBWX8BW5Q9,2025-03-03 13:00:00,0.8000000000000002,3,高利用率
1012312288YRBWX8BW5Q9,2025-03-03 15:00:00,0.7333333333333334,6,高利用率
1012312288YRBWX8BW5Q9,2025-03-03 16:00:00,0.7333333333333334,6,高利用率
1012312288YRBWX8BW5Q9,2025-03-03 17:00:00,0.3333333333333333,6,中利用率
1012312288YRBWX8BW5Q9,2025-03-03 18:00:00,0.6,6,中利用率
1012312288YRBWX8BW5Q9,2025-03-03 19:00:00,0.6333333333333334,6,中利用率
1012312288YRBWX8BW5Q9,2025-03-03 20:00:00,0.5666666666666667,6,中利用率
1012312288YRBWX8BW5Q9,2025-03-03 21:00:00,0.7333333333333334,6,高利用率
1012312288YRBWX8BW5Q9,2025-03-03 22:00:00,0.8000000000000002,6,高利用率
1012312288YRBWX8BW5Q9,2025-03-03 23:00:00,0.6,6,中利用率
1012312288YRBWX8BW5Q9,2025-03-04 00:00:00,0.6,6,中利用率
1012312288YRBWX8BW5Q9,2025-03-04 01:00:00,0.4000000000000001,6,中利用率
1012312288YRBWX8BW5Q9,2025-03-04 02:00:00,0.26666666666666666,6,低利用率
1012312288YRBWX8BW5Q9,2025-03-04 03:00:00,0.20000000000000004,3,低利用率
1012312288YRBWX8BW5Q9,2025-04-07 00:00:00,0.6,6,中利用率
1012312288YRBWX8BW5Q9,2025-04-07 06:00:00,0.6,6,中利用率
1012312288YRBWX8BW5Q9,2025-04-07 12:00:00,0.6,5,中利用率
1012312288YRBWX8BW5Q9,2025-04-07 18:00:00,0.5333333333333333,6,中利用率
1012312288YRBWX8BW5Q9,2025-04-08 00:00:00,0.6,6,中利用率
1012312288YRBWX8BW5Q9,2025-04-08 06:00:00,0.8000000000000002,6,高利用率
1012312288YRBWX8BW5Q9,2025-04-08 12:00:00,0.6666666666666666,6,中利用率
1012312288YRBWX8BW5Q9,2025-04-08 18:00:00,0.6,5,中利用率
1012312288YRBWX8BW5Q9,2025-04-09 00:00:00,0.23333333333333336,6,低利用率
1012312288YRBWX8BW5Q9,2025-04-09 06:00:00,0.4000000000000001,6,中利用率
1012312288YRBWX8BW5Q9,2025-04-09 18:00:00,0.48,5,中利用率
1012312288YRBWX8BW5Q9,2025-04-10 00:00:00,0.4000000000000001,6,中利用率
1012312288YRBWX8BW5Q9,2025-04-10 06:00:00,0.43333333333333335,6,中利用率
1012312288YRBWX8BW5Q9,2025-04-10 12:00:00,0.43333333333333335,6,中利用率
1012312288YRBWX8BW5Q9,2025-04-10 18:00:00,0.43333333333333335,6,中利用率
1012312288YRBWX8BW5Q9,2025-04-11 00:00:00,0.10000000000000002,6,低利用率
1012312288YRBWX8BW5Q9,2025-04-11 06:00:00,0.4000000000000001,6,中利用率
1012312288YRBWX8BW5Q9,2025-04-11 12:00:00,0.6,3,中利用率
1012312288YRBWX8BW5Q9,2025-04-11 18:00:00,0.4000000000000001,6,中利用率
1012312288YRBWX8BW5Q9,2025-04-12 00:00:00,0.6,6,中利用率
1012312288YRBWX8BW5Q9,2025-04-12 06:00:00,0.4000000000000001,6,中利用率
1012312288YRBWX8BW5Q9,2025-04-12 12:00:00,0.3666666666666667,6,中利用率
1012312288YRBWX8BW5Q9,2025-04-12 18:00:00,0.3666666666666667,6,中利用率
1012312288YRBWX8BW5Q9,2025-04-13 00:00:00,0.43333333333333335,6,中利用率
1012312288YRBWX8BW5Q9,2025-04-13 06:00:00,0.20000000000000004,6,低利用率
1012312288YRBWX8BW5Q9,2025-04-13 12:00:00,0.5,4,中利用率
1012312288YRBWX8BW5Q9,2025-04-13 18:00:00,0.8,4,高利用率
1012312288YRBZRTXR0G1,2025-03-03 06:00:00,0.3333333333333333,1,中利用率
1012312288YRBZRTXR0G1,2025-03-03 07:00:00,0.3111111111111111,6,中利用率
1012312288YRBZRTXR0G1,2025-03-03 08:00:00,0.3111111111111111,6,中利用率
1012312288YRBZRTXR0G1,2025-03-03 09:00:00,0.07777777777777778,6,低利用率
1012312288YRBZRTXR0G1,2025-03-03 10:00:00,0.09999999999999999,6,低利用率
1012312288YRBZRTXR0G1,2025-03-03 11:00:00,0.27777777777777773,6,低利用率
1012312288YRBZRTXR0G1,2025-03-03 12:00:00,0.4444444444444445,6,中利用率
1012312288YRBZRTXR0G1,2025-03-03 13:00:00,0.18888888888888888,6,低利用率
1012312288YRBZRTXR0G1,2025-03-03 14:00:00,0.32222222222222224,6,中利用率
1012312288YRBZRTXR0G1,2025-03-03 15:00:00,0.24444444444444446,6,低利用率
1012312288YRBZRTXR0G1,2025-03-03 16:00:00,0.3888888888888889,6,中利用率
1012312288YRBZRTXR0G1,2025-03-03 17:00:00,0.45555555555555555,6,中利用率
1012312288YRBZRTXR0G1,2025-03-03 18:00:00,0.6666666666666666,6,中利用率
1012312288YRBZRTXR0G1,2025-03-03 19:00:00,0.3111111111111111,6,中利用率
1012312288YRBZRTXR0G1,2025-03-03 20:00:00,0.08888888888888889,6,低利用率
1012312288YRBZRTXR0G1,2025-03-03 21:00:00,0.22222222222222224,6,低利用率
1012312288YRBZRTXR0G1,2025-03-03 22:00:00,0.26666666666666666,6,低利用率
1012312288YRBZRTXR0G1,2025-03-03 23:00:00,0.20000000000000004,6,低利用率
1012312288YRBZRTXR0G1,2025-03-04 00:00:00,0.20000000000000004,6,低利用率
1012312288YRBZRTXR0G1,2025-03-04 01:00:00,0.20000000000000004,6,低利用率
1012312288YRBZRTXR0G1,2025-03-04 02:00:00,0.14444444444444446,6,低利用率
1012312288YRBZRTXR0G1,2025-03-04 03:00:00,0.13333333333333333,3,低利用率
1012312288YRBZRTXR0G1,2025-04-07 00:00:00,0.5444444444444444,6,中利用率
1012312288YRBZRTXR0G1,2025-04-07 06:00:00,0.4777777777777778,6,中利用率
1012312288YRBZRTXR0G1,2025-04-07 12:00:00,0.37777777777777777,6,中利用率
1012312288YRBZRTXR0G1,2025-04-07 18:00:00,0.9111111111111111,6,高利用率
1012312288YRBZRTXR0G1,2025-04-08 00:00:00,0.4777777777777778,6,中利用率
1012312288YRBZRTXR0G1,2025-04-08 06:00:00,0.19999999999999998,6,低利用率
1012312288YRBZRTXR0G1,2025-04-08 12:00:00,0.5111111111111111,6,中利用率
1012312288YRBZRTXR0G1,2025-04-08 18:00:00,0.7777777777777778,6,高利用率
1012312288YRBZRTXR0G1,2025-04-09 00:00:00,0.6222222222222222,6,中利用率
1012312288YRBZRTXR0G1,2025-04-09 06:00:00,0.5,6,中利用率
1012312288YRBZRTXR0G1,2025-04-09 18:00:00,0.888888888888889,3,高利用率
1012312288YRBZRTXR0G1,2025-04-10 00:00:00,0.5888888888888889,6,中利用率
1012312288YRBZRTXR0G1,2025-04-10 06:00:00,0.3888888888888889,6,中利用率
1012312288YRBZRTXR0G1,2025-04-10 12:00:00,0.25555555555555554,6,低利用率
1012312288YRBZRTXR0G1,2025-04-10 18:00:00,0.9,6,高利用率
1012312288YRBZRTXR0G1,2025-04-11 00:00:00,0.6444444444444444,6,中利用率
1012312288YRBZRTXR0G1,2025-04-11 06:00:00,0.37777777777777777,6,中利用率
1012312288YRBZRTXR0G1,2025-04-11 12:00:00,0.3888888888888889,6,中利用率
1012312288YRBZRTXR0G1,2025-04-11 18:00:00,0.8666666666666667,3,高利用率
1012312288YRBZRTXR0G1,2025-04-12 00:00:00,0.5222222222222223,6,中利用率
1012312288YRBZRTXR0G1,2025-04-12 06:00:00,0.20000000000000004,6,低利用率
1012312288YRBZRTXR0G1,2025-04-12 12:00:00,0.09999999999999999,6,低利用率
1012312288YRBZRTXR0G1,2025-04-12 18:00:00,0.9,6,高利用率
1012312288YRBZRTXR0G1,2025-04-13 00:00:00,0.5666666666666667,6,中利用率
1012312288YRBZRTXR0G1,2025-04-13 06:00:00,0.4444444444444445,6,中利用率
1012312288YRBZRTXR0G1,2025-04-13 12:00:00,0.37777777777777777,6,中利用率
1012312288YRBZRTXR0G1,2025-04-13 18:00:00,0.9111111111111111,6,高利用率
1012312288YRC2EJF5N9D,2025-03-03 06:00:00,0.5454545454545454,1,中利用率
1012312288YRC2EJF5N9D,2025-03-03 07:00:00,0.5606060606060606,6,中利用率
1012312288YRC2EJF5N9D,2025-03-03 08:00:00,0.5454545454545454,6,中利用率
1012312288YRC2EJF5N9D,2025-03-03 09:00:00,0.24242424242424243,6,低利用率
1012312288YRC2EJF5N9D,2025-03-03 10:00:00,0.393939393939394,6,中利用率
1012312288YRC2EJF5N9D,2025-03-03 11:00:00,0.25757575757575757,6,低利用率
1012312288YRC2EJF5N9D,2025-03-03 12:00:00,0.3333333333333333,6,中利用率
1012312288YRC2EJF5N9D,2025-03-03 13:00:00,0.5303030303030303,6,中利用率
1012312288YRC2EJF5N9D,2025-03-03 14:00:00,0.5909090909090909,6,中利用率
1012312288YRC2EJF5N9D,2025-03-03 15:00:00,0.7272727272727272,6,高利用率
1012312288YRC2EJF5N9D,2025-03-03 16:00:00,0.5454545454545454,6,中利用率
1012312288YRC2EJF5N9D,2025-03-03 17:00:00,0.5454545454545454,6,中利用率
1012312288YRC2EJF5N9D,2025-03-03 18:00:00,0.5757575757575758,6,中利用率
1012312288YRC2EJF5N9D,2025-03-03 19:00:00,0.6818181818181818,6,中利用率
1012312288YRC2EJF5N9D,2025-03-03 20:00:00,0.6212121212121212,6,中利用率
1012312288YRC2EJF5N9D,2025-03-03 21:00:00,0.5303030303030303,6,中利用率
1012312288YRC2EJF5N9D,2025-03-03 22:00:00,0.5606060606060606,6,中利用率
1012312288YRC2EJF5N9D,2025-03-03 23:00:00,0.5454545454545454,6,中利用率
1012312288YRC2EJF5N9D,2025-03-04 00:00:00,0.5454545454545454,6,中利用率
1012312288YRC2EJF5N9D,2025-03-04 01:00:00,0.5454545454545454,6,中利用率
1012312288YRC2EJF5N9D,2025-03-04 02:00:00,0.5454545454545454,6,中利用率
1012312288YRC2EJF5N9D,2025-03-04 03:00:00,0.5454545454545454,3,中利用率
1012312288YRC2EJF5N9D,2025-04-07 00:00:00,0.46969696969696967,6,中利用率
1012312288YRC2EJF5N9D,2025-04-07 06:00:00,0.45454545454545453,6,中利用率
1012312288YRC2EJF5N9D,2025-04-07 12:00:00,0.4090909090909091,6,中利用率
1012312288YRC2EJF5N9D,2025-04-07 18:00:00,0.6212121212121212,6,中利用率
1012312288YRC2EJF5N9D,2025-04-08 00:00:00,0.8181818181818182,6,高利用率
1012312288YRC2EJF5N9D,2025-04-08 06:00:00,0.6515151515151515,6,中利用率
1012312288YRC2EJF5N9D,2025-04-08 12:00:00,0.2424242424242424,6,低利用率
1012312288YRC2EJF5N9D,2025-04-08 18:00:00,0.787878787878788,6,高利用率
1012312288YRC2EJF5N9D,2025-04-09 00:00:00,0.7272727272727272,6,高利用率
1012312288YRC2EJF5N9D,2025-04-09 06:00:00,0.6363636363636364,6,中利用率
1012312288YRC2EJF5N9D,2025-04-09 18:00:00,0.787878787878788,6,高利用率
1012312288YRC2EJF5N9D,2025-04-10 00:00:00,0.9090909090909091,6,高利用率
1012312288YRC2EJF5N9D,2025-04-10 06:00:00,0.8636363636363636,6,高利用率
1012312288YRC2EJF5N9D,2025-04-10 12:00:00,0.3333333333333333,6,中利用率
1012312288YRC2EJF5N9D,2025-04-10 18:00:00,0.8181818181818182,6,高利用率
1012312288YRC2EJF5N9D,2025-04-11 00:00:00,0.8333333333333334,6,高利用率
1012312288YRC2EJF5N9D,2025-04-11 06:00:00,0.8181818181818182,6,高利用率
1012312288YRC2EJF5N9D,2025-04-11 12:00:00,0.3181818181818182,6,中利用率
1012312288YRC2EJF5N9D,2025-04-11 18:00:00,0.7272727272727272,6,高利用率
1012312288YRC2EJF5N9D,2025-04-12 00:00:00,0.7272727272727272,6,高利用率
1012312288YRC2EJF5N9D,2025-04-12 06:00:00,0.6666666666666666,6,中利用率
1012312288YRC2EJF5N9D,2025-04-12 12:00:00,0.4393939393939394,6,中利用率
1012312288YRC2EJF5N9D,2025-04-12 18:00:00,0.48484848484848486,6,中利用率
1012312288YRC2EJF5N9D,2025-04-13 00:00:00,0.9090909090909091,3,高利用率
1012312288YRC2EJF5N9D,2025-04-13 06:00:00,0.9090909090909091,3,高利用率
1012312288YRC2EJF5N9D,2025-04-13 12:00:00,0.42424242424242425,6,中利用率
1012312288YRC2EJF5N9D,2025-04-13 18:00:00,0.7575757575757577,6,高利用率
1012312288YRC518WKA2P,2025-03-03 06:00:00,0.0,1,低利用率
1012312288YRC518WKA2P,2025-03-03 07:00:00,0.0,6,低利用率
1012312288YRC518WKA2P,2025-03-03 08:00:00,0.0,6,低利用率
1012312288YRC518WKA2P,2025-03-03 09:00:00,0.0,6,低利用率
1012312288YRC518WKA2P,2025-03-03 10:00:00,0.10000000000000002,6,低利用率
1012312288YRC518WKA2P,2025-03-03 11:00:00,0.23333333333333336,6,低利用率
1012312288YRC518WKA2P,2025-03-03 12:00:00,0.6,6,中利用率
1012312288YRC518WKA2P,2025-03-03 13:00:00,0.7000000000000001,6,高利用率
1012312288YRC518WKA2P,2025-03-03 14:00:00,0.7,2,高利用率
1012312288YRC518WKA2P,2025-03-03 15:00:00,0.6666666666666666,6,中利用率
1012312288YRC518WKA2P,2025-03-03 16:00:00,0.8,2,高利用率
1012312288YRC518WKA2P,2025-03-03 17:00:00,0.8,4,高利用率
1012312288YRC518WKA2P,2025-03-03 18:00:00,0.75,4,高利用率
1012312288YRC518WKA2P,2025-03-03 19:00:00,0.8000000000000002,6,高利用率
1012312288YRC518WKA2P,2025-03-03 20:00:00,0.6,6,中利用率
1012312288YRC518WKA2P,2025-03-03 21:00:00,0.5666666666666667,6,中利用率
1012312288YRC518WKA2P,2025-03-03 22:00:00,0.4000000000000001,6,中利用率
1012312288YRC518WKA2P,2025-03-03 23:00:00,0.5666666666666667,6,中利用率
1012312288YRC518WKA2P,2025-03-04 00:00:00,0.8000000000000002,6,高利用率
1012312288YRC518WKA2P,2025-03-04 01:00:00,0.6,6,中利用率
1012312288YRC518WKA2P,2025-03-04 02:00:00,0.6,6,中利用率
1012312288YRC518WKA2P,2025-03-04 03:00:00,0.6,3,中利用率
1012312288YRC518WKA2P,2025-04-07 00:00:00,0.5,6,中利用率
1012312288YRC518WKA2P,2025-04-07 06:00:00,0.20000000000000004,6,低利用率
1012312288YRC518WKA2P,2025-04-07 12:00:00,0.5333333333333333,6,中利用率
1012312288YRC518WKA2P,2025-04-07 18:00:00,0.8,1,高利用率
1012312288YRC518WKA2P,2025-04-08 00:00:00,0.6799999999999999,5,中利用率
1012312288YRC518WKA2P,2025-04-08 06:00:00,0.0,6,低利用率
1012312288YRC518WKA2P,2025-04-08 12:00:00,0.5666666666666667,6,中利用率
1012312288YRC518WKA2P,2025-04-08 18:00:00,0.8,1,高利用率
1012312288YRC518WKA2P,2025-04-09 00:00:00,0.7333333333333334,6,高利用率
1012312288YRC518WKA2P,2025-04-09 06:00:00,0.6,6,中利用率
1012312288YRC518WKA2P,2025-04-10 00:00:00,0.6666666666666666,6,中利用率
1012312288YRC518WKA2P,2025-04-10 06:00:00,0.20000000000000004,6,低利用率
1012312288YRC518WKA2P,2025-04-10 12:00:00,0.39999999999999997,6,中利用率
1012312288YRC518WKA2P,2025-04-10 18:00:00,0.8,1,高利用率
1012312288YRC518WKA2P,2025-04-11 00:00:00,0.8,4,高利用率
1012312288YRC518WKA2P,2025-04-11 06:00:00,0.20000000000000004,6,低利用率
1012312288YRC518WKA2P,2025-04-11 12:00:00,0.39999999999999997,6,中利用率
1012312288YRC518WKA2P,2025-04-12 00:00:00,0.6666666666666666,6,中利用率
1012312288YRC518WKA2P,2025-04-12 06:00:00,0.20000000000000004,6,低利用率
1012312288YRC518WKA2P,2025-04-12 12:00:00,0.5666666666666667,6,中利用率
1012312288YRC518WKA2P,2025-04-12 18:00:00,0.7333333333333334,6,高利用率
1012312288YRC518WKA2P,2025-04-13 00:00:00,0.6000000000000001,2,中利用率
1012312288YRC518WKA2P,2025-04-13 06:00:00,0.20000000000000004,6,低利用率
1012312288YRC518WKA2P,2025-04-13 12:00:00,0.4666666666666666,6,中利用率
1012312288YRC518WKA2P,2025-04-13 18:00:00,0.7,2,高利用率
1012312298YXGS3Y2CBNL,2025-03-03 06:00:00,0.5,1,中利用率
1012312298YXGS3Y2CBNL,2025-03-03 07:00:00,0.4166666666666667,6,中利用率
1012312298YXGS3Y2CBNL,2025-03-03 08:00:00,0.3,6,中利用率
1012312298YXGS3Y2CBNL,2025-03-03 09:00:00,0.5333333333333333,6,中利用率
1012312298YXGS3Y2CBNL,2025-03-03 10:00:00,0.5166666666666667,6,中利用率
1012312298YXGS3Y2CBNL,2025-03-03 11:00:00,0.4666666666666666,6,中利用率
1012312298YXGS3Y2CBNL,2025-03-03 12:00:00,0.45,6,中利用率
1012312298YXGS3Y2CBNL,2025-03-03 13:00:00,0.5,6,中利用率
1012312298YXGS3Y2CBNL,2025-03-03 14:00:00,0.8166666666666668,6,高利用率
1012312298YXGS3Y2CBNL,2025-03-03 15:00:00,0.6833333333333332,6,中利用率
1012312298YXGS3Y2CBNL,2025-03-03 16:00:00,0.5333333333333333,6,中利用率
1012312298YXGS3Y2CBNL,2025-03-03 17:00:00,0.65,6,中利用率
1012312298YXGS3Y2CBNL,2025-03-03 18:00:00,0.7333333333333334,6,高利用率
1012312298YXGS3Y2CBNL,2025-03-03 19:00:00,0.6,6,中利用率
1012312298YXGS3Y2CBNL,2025-03-03 20:00:00,0.43333333333333335,6,中利用率
1012312298YXGS3Y2CBNL,2025-03-03 21:00:00,0.5666666666666667,6,中利用率
1012312298YXGS3Y2CBNL,2025-03-03 22:00:00,0.6166666666666666,6,中利用率
1012312298YXGS3Y2CBNL,2025-03-03 23:00:00,0.5333333333333333,6,中利用率
1012312298YXGS3Y2CBNL,2025-03-04 00:00:00,0.4166666666666667,6,中利用率
1012312298YXGS3Y2CBNL,2025-03-04 01:00:00,0.4000000000000001,6,中利用率
1012312298YXGS3Y2CBNL,2025-03-04 02:00:00,0.4166666666666667,6,中利用率
1012312298YXGS3Y2CBNL,2025-03-04 03:00:00,0.5,3,中利用率
1012312298YXGS3Y2CBNL,2025-04-07 00:00:00,0.3666666666666667,6,中利用率
1012312298YXGS3Y2CBNL,2025-04-07 06:00:00,0.11666666666666668,6,低利用率
1012312298YXGS3Y2CBNL,2025-04-07 12:00:00,0.5499999999999999,6,中利用率
1012312298YXGS3Y2CBNL,2025-04-07 18:00:00,0.2333333333333333,6,低利用率
1012312298YXGS3Y2CBNL,2025-04-08 00:00:00,0.4666666666666666,6,中利用率
1012312298YXGS3Y2CBNL,2025-04-08 06:00:00,0.8000000000000002,6,高利用率
1012312298YXGS3Y2CBNL,2025-04-08 12:00:00,0.5499999999999999,6,中利用率
1012312298YXGS3Y2CBNL,2025-04-08 18:00:00,0.6666666666666666,6,中利用率
1012312298YXGS3Y2CBNL,2025-04-09 00:00:00,0.38333333333333336,6,中利用率
1012312298YXGS3Y2CBNL,2025-04-09 06:00:00,0.15,6,低利用率
1012312298YXGS3Y2CBNL,2025-04-09 18:00:00,0.6166666666666666,6,中利用率
1012312298YXGS3Y2CBNL,2025-04-10 00:00:00,0.5499999999999999,6,中利用率
1012312298YXGS3Y2CBNL,2025-04-10 06:00:00,0.4000000000000001,6,中利用率
1012312298YXGS3Y2CBNL,2025-04-10 12:00:00,0.4166666666666667,6,中利用率
1012312298YXGS3Y2CBNL,2025-04-10 18:00:00,0.7666666666666666,6,高利用率
1012312298YXGS3Y2CBNL,2025-04-11 00:00:00,0.48333333333333334,6,中利用率
1012312298YXGS3Y2CBNL,2025-04-11 06:00:00,0.31666666666666665,6,中利用率
1012312298YXGS3Y2CBNL,2025-04-11 12:00:00,0.45,6,中利用率
1012312298YXGS3Y2CBNL,2025-04-11 18:00:00,0.7999999999999999,6,高利用率
1012312298YXGS3Y2CBNL,2025-04-12 00:00:00,0.8333333333333334,6,高利用率
1012312298YXGS3Y2CBNL,2025-04-12 06:00:00,0.6999999999999998,6,中利用率
1012312298YXGS3Y2CBNL,2025-04-12 12:00:00,0.39999999999999997,6,中利用率
1012312298YXGS3Y2CBNL,2025-04-12 18:00:00,0.9,2,高利用率
1012312298YXGS3Y2CBNL,2025-04-13 00:00:00,0.8666666666666667,6,高利用率
1012312298YXGS3Y2CBNL,2025-04-13 06:00:00,0.6,6,中利用率
1012312298YXGS3Y2CBNL,2025-04-13 12:00:00,0.35000000000000003,6,中利用率
1012312298YXGS3Y2CBNL,2025-04-13 18:00:00,0.5833333333333334,6,中利用率
1012312298YXHTPH9LYPT,2025-03-03 06:00:00,0.18032786885245902,1,低利用率
1012312298YXHTPH9LYPT,2025-03-03 07:00:00,0.19398907103825136,6,低利用率
1012312298YXHTPH9LYPT,2025-03-03 08:00:00,0.33879781420765026,6,中利用率
1012312298YXHTPH9LYPT,2025-03-03 09:00:00,0.5983606557377049,6,中利用率
1012312298YXHTPH9LYPT,2025-03-03 10:00:00,0.6693989071038251,6,中利用率
1012312298YXHTPH9LYPT,2025-03-03 11:00:00,0.5683060109289617,6,中利用率
1012312298YXHTPH9LYPT,2025-03-03 12:00:00,0.5327868852459017,6,中利用率
1012312298YXHTPH9LYPT,2025-03-03 13:00:00,0.7459016393442623,6,高利用率
1012312298YXHTPH9LYPT,2025-03-03 14:00:00,0.8005464480874317,6,高利用率
1012312298YXHTPH9LYPT,2025-03-03 15:00:00,0.7349726775956285,6,高利用率
1012312298YXHTPH9LYPT,2025-03-03 16:00:00,0.6830601092896175,6,中利用率
1012312298YXHTPH9LYPT,2025-03-03 17:00:00,0.505464480874317,6,中利用率
1012312298YXHTPH9LYPT,2025-03-03 18:00:00,0.41803278688524587,6,中利用率
1012312298YXHTPH9LYPT,2025-03-03 19:00:00,0.3989071038251366,6,中利用率
1012312298YXHTPH9LYPT,2025-03-03 20:00:00,0.4098360655737705,6,中利用率
1012312298YXHTPH9LYPT,2025-03-03 21:00:00,0.407103825136612,6,中利用率
1012312298YXHTPH9LYPT,2025-03-03 22:00:00,0.36885245901639346,6,中利用率
1012312298YXHTPH9LYPT,2025-03-03 23:00:00,0.34153005464480873,6,中利用率
1012312298YXHTPH9LYPT,2025-03-04 00:00:00,0.32786885245901637,6,中利用率
1012312298YXHTPH9LYPT,2025-03-04 01:00:00,0.32786885245901637,6,中利用率
1012312298YXHTPH9LYPT,2025-03-04 02:00:00,0.30601092896174864,6,中利用率
1012312298YXHTPH9LYPT,2025-03-04 03:00:00,0.29508196721311475,3,低利用率
1012312298YXHTPH9LYPT,2025-04-07 00:00:00,0.30874316939890706,6,中利用率
1012312298YXHTPH9LYPT,2025-04-07 06:00:00,0.19672131147540983,6,低利用率
1012312298YXHTPH9LYPT,2025-04-07 12:00:00,0.5546448087431695,6,中利用率
1012312298YXHTPH9LYPT,2025-04-07 18:00:00,0.30327868852459017,6,中利用率
1012312298YXHTPH9LYPT,2025-04-08 00:00:00,0.3360655737704918,6,中利用率
1012312298YXHTPH9LYPT,2025-04-08 06:00:00,0.31420765027322406,6,中利用率
1012312298YXHTPH9LYPT,2025-04-08 12:00:00,0.5409836065573771,6,中利用率
1012312298YXHTPH9LYPT,2025-04-08 18:00:00,0.37978142076502736,6,中利用率
1012312298YXHTPH9LYPT,2025-04-09 00:00:00,0.31147540983606553,6,中利用率
1012312298YXHTPH9LYPT,2025-04-09 06:00:00,0.22950819672131148,6,低利用率
1012312298YXHTPH9LYPT,2025-04-09 18:00:00,0.26229508196721313,6,低利用率
1012312298YXHTPH9LYPT,2025-04-10 00:00:00,0.1530054644808743,6,低利用率
1012312298YXHTPH9LYPT,2025-04-10 06:00:00,0.16666666666666666,6,低利用率
1012312298YXHTPH9LYPT,2025-04-10 12:00:00,0.360655737704918,6,中利用率
1012312298YXHTPH9LYPT,2025-04-10 18:00:00,0.273224043715847,6,低利用率
1012312298YXHTPH9LYPT,2025-04-11 00:00:00,0.28688524590163933,6,低利用率
1012312298YXHTPH9LYPT,2025-04-11 06:00:00,0.1994535519125683,6,低利用率
1012312298YXHTPH9LYPT,2025-04-11 12:00:00,0.5601092896174863,6,中利用率
1012312298YXHTPH9LYPT,2025-04-11 18:00:00,0.3852459016393443,6,中利用率
1012312298YXHTPH9LYPT,2025-04-12 00:00:00,0.31967213114754095,6,中利用率
1012312298YXHTPH9LYPT,2025-04-12 06:00:00,0.14754098360655737,6,低利用率
1012312298YXHTPH9LYPT,2025-04-12 12:00:00,0.3770491803278688,6,中利用率
1012312298YXHTPH9LYPT,2025-04-12 18:00:00,0.3715846994535519,6,中利用率
1012312298YXHTPH9LYPT,2025-04-13 00:00:00,0.21311475409836064,6,低利用率
1012312298YXHTPH9LYPT,2025-04-13 06:00:00,0.10382513661202186,6,低利用率
1012312298YXHTPH9LYPT,2025-04-13 12:00:00,0.21584699453551912,6,低利用率
1012312298YXHTPH9LYPT,2025-04-13 18:00:00,0.3360655737704918,6,中利用率
1012312298YXIJSNZ82YP,2025-03-03 06:00:00,0.0,2,低利用率
1012312298YXIJSNZ82YP,2025-03-03 07:00:00,0.0,6,低利用率
1012312298YXIJSNZ82YP,2025-03-03 08:00:00,0.0,6,低利用率
1012312298YXIJSNZ82YP,2025-03-03 09:00:00,0.0,6,低利用率
1012312298YXIJSNZ82YP,2025-03-03 10:00:00,0.0,6,低利用率
1012312298YXIJSNZ82YP,2025-03-03 11:00:00,0.0,6,低利用率
1012312298YXIJSNZ82YP,2025-03-03 12:00:00,0.0,6,低利用率
1012312298YXIJSNZ82YP,2025-03-03 13:00:00,0.0,6,低利用率
1012312298YXIJSNZ82YP,2025-03-03 14:00:00,0.0,6,低利用率
1012312298YXIJSNZ82YP,2025-03-03 15:00:00,0.0,6,低利用率
1012312298YXIJSNZ82YP,2025-03-03 16:00:00,0.0,6,低利用率
1012312298YXIJSNZ82YP,2025-03-03 17:00:00,0.0,6,低利用率
1012312298YXIJSNZ82YP,2025-03-03 18:00:00,0.0,6,低利用率
1012312298YXIJSNZ82YP,2025-03-03 19:00:00,0.0,6,低利用率
1012312298YXIJSNZ82YP,2025-03-03 20:00:00,0.0,6,低利用率
1012312298YXIJSNZ82YP,2025-03-03 21:00:00,0.0,6,低利用率
1012312298YXIJSNZ82YP,2025-03-03 22:00:00,0.0,6,低利用率
1012312298YXIJSNZ82YP,2025-03-03 23:00:00,0.0,6,低利用率
1012312298YXIJSNZ82YP,2025-03-04 00:00:00,0.0,6,低利用率
1012312298YXIJSNZ82YP,2025-03-04 01:00:00,0.0,6,低利用率
1012312298YXIJSNZ82YP,2025-03-04 02:00:00,0.0,6,低利用率
1012312298YXIJSNZ82YP,2025-03-04 03:00:00,0.0,3,低利用率
1012312298YXIJSNZ82YP,2025-04-07 00:00:00,0.0,6,低利用率
1012312298YXIJSNZ82YP,2025-04-07 06:00:00,0.0,6,低利用率
1012312298YXIJSNZ82YP,2025-04-07 12:00:00,0.0,6,低利用率
1012312298YXIJSNZ82YP,2025-04-07 18:00:00,0.016666666666666666,6,低利用率
1012312298YXIJSNZ82YP,2025-04-08 00:00:00,0.0,6,低利用率
1012312298YXIJSNZ82YP,2025-04-08 06:00:00,0.0,6,低利用率
1012312298YXIJSNZ82YP,2025-04-08 12:00:00,0.0,6,低利用率
1012312298YXIJSNZ82YP,2025-04-08 18:00:00,0.0,6,低利用率
1012312298YXIJSNZ82YP,2025-04-09 00:00:00,0.0,6,低利用率
1012312298YXIJSNZ82YP,2025-04-09 06:00:00,0.0,6,低利用率
1012312298YXIJSNZ82YP,2025-04-09 18:00:00,0.0,6,低利用率
1012312298YXIJSNZ82YP,2025-04-10 00:00:00,0.0,6,低利用率
1012312298YXIJSNZ82YP,2025-04-10 06:00:00,0.0,6,低利用率
1012312298YXIJSNZ82YP,2025-04-10 12:00:00,0.0,6,低利用率
1012312298YXIJSNZ82YP,2025-04-10 18:00:00,0.0,6,低利用率
1012312298YXIJSNZ82YP,2025-04-11 00:00:00,0.0,6,低利用率
1012312298YXIJSNZ82YP,2025-04-11 06:00:00,0.0,6,低利用率
1012312298YXIJSNZ82YP,2025-04-11 12:00:00,0.0,6,低利用率
1012312298YXIJSNZ82YP,2025-04-11 18:00:00,0.03333333333333333,6,低利用率
1012312298YXIJSNZ82YP,2025-04-12 00:00:00,0.0,6,低利用率
1012312298YXIJSNZ82YP,2025-04-12 06:00:00,0.0,6,低利用率
1012312298YXIJSNZ82YP,2025-04-12 12:00:00,0.0,6,低利用率
1012312298YXIJSNZ82YP,2025-04-12 18:00:00,0.0,6,低利用率
1012312298YXIJSNZ82YP,2025-04-13 00:00:00,0.10000000000000002,6,低利用率
1012312298YXIJSNZ82YP,2025-04-13 06:00:00,0.15,6,低利用率
1012312298YXIJSNZ82YP,2025-04-13 12:00:00,0.0,6,低利用率
1012312298YXIJSNZ82YP,2025-04-13 18:00:00,0.0,6,低利用率
1012312298YXIV34CFDVL,2025-03-03 06:00:00,0.16666666666666666,2,低利用率
1012312298YXIV34CFDVL,2025-03-03 07:00:00,0.16666666666666666,6,低利用率
1012312298YXIV34CFDVL,2025-03-03 08:00:00,0.25,6,低利用率
1012312298YXIV34CFDVL,2025-03-03 09:00:00,0.38888888888888884,6,中利用率
1012312298YXIV34CFDVL,2025-03-03 10:00:00,0.25,6,低利用率
1012312298YXIV34CFDVL,2025-03-03 11:00:00,0.2222222222222222,6,低利用率
1012312298YXIV34CFDVL,2025-03-03 12:00:00,0.2222222222222222,6,低利用率
1012312298YXIV34CFDVL,2025-03-03 13:00:00,0.27777777777777773,6,低利用率
1012312298YXIV34CFDVL,2025-03-03 14:00:00,0.6666666666666666,6,中利用率
1012312298YXIV34CFDVL,2025-03-03 15:00:00,0.6666666666666666,6,中利用率
1012312298YXIV34CFDVL,2025-03-03 16:00:00,0.6388888888888888,6,中利用率
1012312298YXIV34CFDVL,2025-03-03 17:00:00,0.16666666666666666,6,低利用率
1012312298YXIV34CFDVL,2025-03-03 18:00:00,0.1111111111111111,6,低利用率
1012312298YXIV34CFDVL,2025-03-03 19:00:00,0.05555555555555555,6,低利用率
1012312298YXIV34CFDVL,2025-03-03 20:00:00,0.1111111111111111,6,低利用率
1012312298YXIV34CFDVL,2025-03-03 21:00:00,0.19444444444444442,6,低利用率
1012312298YXIV34CFDVL,2025-03-03 22:00:00,0.27777777777777773,6,低利用率
1012312298YXIV34CFDVL,2025-03-03 23:00:00,0.3055555555555555,6,中利用率
1012312298YXIV34CFDVL,2025-03-04 00:00:00,0.16666666666666666,6,低利用率
1012312298YXIV34CFDVL,2025-03-04 01:00:00,0.16666666666666666,6,低利用率
1012312298YXIV34CFDVL,2025-03-04 02:00:00,0.16666666666666666,6,低利用率
1012312298YXIV34CFDVL,2025-03-04 03:00:00,0.3333333333333333,3,中利用率
1012312298YXIV34CFDVL,2025-04-07 00:00:00,0.38888888888888884,6,中利用率
1012312298YXIV34CFDVL,2025-04-07 06:00:00,0.5,6,中利用率
1012312298YXIV34CFDVL,2025-04-07 12:00:00,0.16666666666666666,6,低利用率
1012312298YXIV34CFDVL,2025-04-07 18:00:00,0.0,6,低利用率
1012312298YXIV34CFDVL,2025-04-08 00:00:00,0.3333333333333333,6,中利用率
1012312298YXIV34CFDVL,2025-04-08 06:00:00,0.5,6,中利用率
1012312298YXIV34CFDVL,2025-04-08 12:00:00,0.3611111111111111,6,中利用率
1012312298YXIV34CFDVL,2025-04-08 18:00:00,0.38888888888888884,6,中利用率
1012312298YXIV34CFDVL,2025-04-09 00:00:00,0.16666666666666666,6,低利用率
1012312298YXIV34CFDVL,2025-04-09 06:00:00,0.16666666666666666,6,低利用率
1012312298YXIV34CFDVL,2025-04-09 18:00:00,0.4444444444444444,6,中利用率
1012312298YXIV34CFDVL,2025-04-10 00:00:00,0.3333333333333333,6,中利用率
1012312298YXIV34CFDVL,2025-04-10 06:00:00,0.16666666666666666,6,低利用率
1012312298YXIV34CFDVL,2025-04-10 12:00:00,0.38888888888888884,6,中利用率
1012312298YXIV34CFDVL,2025-04-10 18:00:00,0.5277777777777778,6,中利用率
1012312298YXIV34CFDVL,2025-04-11 00:00:00,0.5277777777777778,6,中利用率
1012312298YXIV34CFDVL,2025-04-11 06:00:00,0.5,6,中利用率
1012312298YXIV34CFDVL,2025-04-11 12:00:00,0.08333333333333333,6,低利用率
1012312298YXIV34CFDVL,2025-04-11 18:00:00,0.5277777777777778,6,中利用率
1012312298YXIV34CFDVL,2025-04-12 00:00:00,0.6666666666666666,6,中利用率
1012312298YXIV34CFDVL,2025-04-12 06:00:00,0.6666666666666666,6,中利用率
1012312298YXIV34CFDVL,2025-04-12 12:00:00,0.0,6,低利用率
1012312298YXIV34CFDVL,2025-04-12 18:00:00,0.25,6,低利用率
1012312298YXIV34CFDVL,2025-04-13 00:00:00,0.6666666666666666,6,中利用率
1012312298YXIV34CFDVL,2025-04-13 06:00:00,0.6666666666666666,6,中利用率
1012312298YXIV34CFDVL,2025-04-13 12:00:00,0.08333333333333333,6,低利用率
1012312298YXIV34CFDVL,2025-04-13 18:00:00,0.5277777777777778,6,中利用率
1012401199375YC6OSJ5T,2025-03-03 06:00:00,0.5206611570247934,1,中利用率
1012401199375YC6OSJ5T,2025-03-03 07:00:00,0.45041322314049587,6,中利用率
1012401199375YC6OSJ5T,2025-03-03 08:00:00,0.3884297520661157,6,中利用率
1012401199375YC6OSJ5T,2025-03-03 09:00:00,0.3526170798898072,6,中利用率
1012401199375YC6OSJ5T,2025-03-03 10:00:00,0.325068870523416,6,中利用率
1012401199375YC6OSJ5T,2025-03-03 11:00:00,0.30165289256198347,6,中利用率
1012401199375YC6OSJ5T,2025-03-03 12:00:00,0.30440771349862256,6,中利用率
1012401199375YC6OSJ5T,2025-03-03 13:00:00,0.3278236914600551,6,中利用率
1012401199375YC6OSJ5T,2025-03-03 14:00:00,0.3953168044077135,6,中利用率
1012401199375YC6OSJ5T,2025-03-03 15:00:00,0.3636363636363636,6,中利用率
1012401199375YC6OSJ5T,2025-03-03 16:00:00,0.3884297520661157,6,中利用率
1012401199375YC6OSJ5T,2025-03-03 17:00:00,0.42975206611570255,6,中利用率
1012401199375YC6OSJ5T,2025-03-03 18:00:00,0.4696969696969697,6,中利用率
1012401199375YC6OSJ5T,2025-03-03 19:00:00,0.5082644628099173,6,中利用率
1012401199375YC6OSJ5T,2025-03-03 20:00:00,0.5206611570247933,6,中利用率
1012401199375YC6OSJ5T,2025-03-03 21:00:00,0.5110192837465565,6,中利用率
1012401199375YC6OSJ5T,2025-03-03 22:00:00,0.5,6,中利用率
1012401199375YC6OSJ5T,2025-03-03 23:00:00,0.46831955922865015,6,中利用率
1012401199375YC6OSJ5T,2025-03-04 00:00:00,0.4517906336088154,6,中利用率
1012401199375YC6OSJ5T,2025-03-04 01:00:00,0.4517906336088154,6,中利用率
1012401199375YC6OSJ5T,2025-03-04 02:00:00,0.4490358126721763,6,中利用率
1012401199375YC6OSJ5T,2025-03-04 03:00:00,0.4462809917355372,3,中利用率
1012401199375YC6OSJ5T,2025-04-07 00:00:00,0.5564738292011019,6,中利用率
1012401199375YC6OSJ5T,2025-04-07 06:00:00,0.5426997245179063,6,中利用率
1012401199375YC6OSJ5T,2025-04-07 12:00:00,0.29614325068870523,6,低利用率
1012401199375YC6OSJ5T,2025-04-07 18:00:00,0.5027548209366391,6,中利用率
1012401199375YC6OSJ5T,2025-04-08 00:00:00,0.4462809917355372,6,中利用率
1012401199375YC6OSJ5T,2025-04-08 06:00:00,0.4517906336088154,6,中利用率
1012401199375YC6OSJ5T,2025-04-08 12:00:00,0.384297520661157,6,中利用率
1012401199375YC6OSJ5T,2025-04-08 18:00:00,0.4834710743801653,6,中利用率
1012401199375YC6OSJ5T,2025-04-09 00:00:00,0.4393939393939394,6,中利用率
1012401199375YC6OSJ5T,2025-04-09 06:00:00,0.44352617079889806,6,中利用率
1012401199375YC6OSJ5T,2025-04-09 18:00:00,0.5303030303030303,6,中利用率
1012401199375YC6OSJ5T,2025-04-10 00:00:00,0.49173553719008267,6,中利用率
1012401199375YC6OSJ5T,2025-04-10 06:00:00,0.45041322314049587,6,中利用率
1012401199375YC6OSJ5T,2025-04-10 12:00:00,0.38567493112947654,6,中利用率
1012401199375YC6OSJ5T,2025-04-10 18:00:00,0.4517906336088154,6,中利用率
1012401199375YC6OSJ5T,2025-04-11 00:00:00,0.44077134986225897,6,中利用率
1012401199375YC6OSJ5T,2025-04-11 06:00:00,0.4159779614325069,6,中利用率
1012401199375YC6OSJ5T,2025-04-11 12:00:00,0.3677685950413223,6,中利用率
1012401199375YC6OSJ5T,2025-04-11 18:00:00,0.4228650137741046,6,中利用率
1012401199375YC6OSJ5T,2025-04-12 00:00:00,0.4834710743801653,6,中利用率
1012401199375YC6OSJ5T,2025-04-12 06:00:00,0.43388429752066116,6,中利用率
1012401199375YC6OSJ5T,2025-04-12 12:00:00,0.4118457300275482,6,中利用率
1012401199375YC6OSJ5T,2025-04-12 18:00:00,0.4793388429752066,6,中利用率
1012401199375YC6OSJ5T,2025-04-13 00:00:00,0.512396694214876,6,中利用率
1012401199375YC6OSJ5T,2025-04-13 06:00:00,0.418732782369146,6,中利用率
1012401199375YC6OSJ5T,2025-04-13 12:00:00,0.4380165289256199,6,中利用率
1012401199375YC6OSJ5T,2025-04-13 18:00:00,0.4972451790633609,6,中利用率
10124012093FZKG7Y8M4H,2025-03-03 06:00:00,0.2857142857142857,1,低利用率
10124012093FZKG7Y8M4H,2025-03-03 07:00:00,0.23015873015873015,6,低利用率
10124012093FZKG7Y8M4H,2025-03-03 08:00:00,0.2857142857142857,6,低利用率
10124012093FZKG7Y8M4H,2025-03-03 09:00:00,0.08730158730158728,6,低利用率
10124012093FZKG7Y8M4H,2025-03-03 10:00:00,0.07671957671957672,6,低利用率
10124012093FZKG7Y8M4H,2025-03-03 11:00:00,0.042328042328042326,6,低利用率
10124012093FZKG7Y8M4H,2025-03-03 12:00:00,0.08994708994708994,6,低利用率
10124012093FZKG7Y8M4H,2025-03-03 13:00:00,0.06084656084656084,6,低利用率
10124012093FZKG7Y8M4H,2025-03-03 14:00:00,0.07936507936507936,6,低利用率
10124012093FZKG7Y8M4H,2025-03-03 15:00:00,0.08994708994708994,6,低利用率
10124012093FZKG7Y8M4H,2025-03-03 16:00:00,0.21164021164021163,6,低利用率
10124012093FZKG7Y8M4H,2025-03-03 17:00:00,0.23015873015873015,6,低利用率
10124012093FZKG7Y8M4H,2025-03-03 18:00:00,0.13227513227513227,6,低利用率
10124012093FZKG7Y8M4H,2025-03-03 19:00:00,0.18253968253968253,6,低利用率
10124012093FZKG7Y8M4H,2025-03-03 20:00:00,0.3333333333333333,6,中利用率
10124012093FZKG7Y8M4H,2025-03-03 21:00:00,0.44973544973544977,6,中利用率
10124012093FZKG7Y8M4H,2025-03-03 22:00:00,0.20899470899470898,6,低利用率
10124012093FZKG7Y8M4H,2025-03-03 23:00:00,0.23015873015873015,6,低利用率
10124012093FZKG7Y8M4H,2025-03-04 00:00:00,0.25396825396825395,6,低利用率
10124012093FZKG7Y8M4H,2025-03-04 01:00:00,0.25396825396825395,6,低利用率
10124012093FZKG7Y8M4H,2025-03-04 02:00:00,0.25396825396825395,6,低利用率
10124012093FZKG7Y8M4H,2025-03-04 03:00:00,0.25396825396825395,3,低利用率
10124012093FZKG7Y8M4H,2025-04-07 00:00:00,0.24074074074074073,6,低利用率
10124012093FZKG7Y8M4H,2025-04-07 06:00:00,0.2724867724867725,6,低利用率
10124012093FZKG7Y8M4H,2025-04-07 12:00:00,0.14814814814814814,6,低利用率
10124012093FZKG7Y8M4H,2025-04-07 18:00:00,0.05291005291005291,6,低利用率
10124012093FZKG7Y8M4H,2025-04-08 00:00:00,0.2857142857142857,6,低利用率
10124012093FZKG7Y8M4H,2025-04-08 06:00:00,0.32010582010582006,6,中利用率
10124012093FZKG7Y8M4H,2025-04-08 12:00:00,0.12433862433862435,6,低利用率
10124012093FZKG7Y8M4H,2025-04-08 18:00:00,0.2169312169312169,6,低利用率
10124012093FZKG7Y8M4H,2025-04-09 00:00:00,0.2486772486772487,6,低利用率
10124012093FZKG7Y8M4H,2025-04-09 06:00:00,0.23015873015873015,6,低利用率
10124012093FZKG7Y8M4H,2025-04-09 18:00:00,0.22751322751322753,6,低利用率
10124012093FZKG7Y8M4H,2025-04-10 00:00:00,0.2857142857142857,6,低利用率
10124012093FZKG7Y8M4H,2025-04-10 06:00:00,0.23809523809523805,6,低利用率
10124012093FZKG7Y8M4H,2025-04-10 12:00:00,0.10582010582010581,6,低利用率
10124012093FZKG7Y8M4H,2025-04-10 18:00:00,0.15343915343915343,6,低利用率
10124012093FZKG7Y8M4H,2025-04-11 00:00:00,0.2619047619047619,6,低利用率
10124012093FZKG7Y8M4H,2025-04-11 06:00:00,0.2751322751322751,6,低利用率
10124012093FZKG7Y8M4H,2025-04-11 12:00:00,0.15608465608465608,6,低利用率
10124012093FZKG7Y8M4H,2025-04-11 18:00:00,0.2328042328042328,6,低利用率
10124012093FZKG7Y8M4H,2025-04-12 00:00:00,0.328042328042328,6,中利用率
10124012093FZKG7Y8M4H,2025-04-12 06:00:00,0.291005291005291,6,低利用率
10124012093FZKG7Y8M4H,2025-04-12 12:00:00,0.14285714285714285,6,低利用率
10124012093FZKG7Y8M4H,2025-04-12 18:00:00,0.15343915343915343,6,低利用率
10124012093FZKG7Y8M4H,2025-04-13 00:00:00,0.17989417989417988,6,低利用率
10124012093FZKG7Y8M4H,2025-04-13 06:00:00,0.16666666666666666,6,低利用率
10124012093FZKG7Y8M4H,2025-04-13 12:00:00,0.164021164021164,6,低利用率
10124012093FZKG7Y8M4H,2025-04-13 18:00:00,0.25661375661375657,6,低利用率
10124013095GY8GDKUBY9,2025-03-03 06:00:00,0.125,1,低利用率
10124013095GY8GDKUBY9,2025-03-03 07:00:00,0.13541666666666666,6,低利用率
10124013095GY8GDKUBY9,2025-03-03 08:00:00,0.1875,6,低利用率
10124013095GY8GDKUBY9,2025-03-03 09:00:00,0.16666666666666666,6,低利用率
10124013095GY8GDKUBY9,2025-03-03 10:00:00,0.17708333333333334,6,低利用率
10124013095GY8GDKUBY9,2025-03-03 11:00:00,0.07291666666666667,6,低利用率
10124013095GY8GDKUBY9,2025-03-03 12:00:00,0.08333333333333333,6,低利用率
10124013095GY8GDKUBY9,2025-03-03 13:00:00,0.15625,6,低利用率
10124013095GY8GDKUBY9,2025-03-03 14:00:00,0.20833333333333334,6,低利用率
10124013095GY8GDKUBY9,2025-03-03 15:00:00,0.28125,6,低利用率
10124013095GY8GDKUBY9,2025-03-03 16:00:00,0.2916666666666667,6,低利用率
10124013095GY8GDKUBY9,2025-03-03 17:00:00,0.125,6,低利用率
10124013095GY8GDKUBY9,2025-03-03 18:00:00,0.0625,6,低利用率
10124013095GY8GDKUBY9,2025-03-03 19:00:00,0.16666666666666666,6,低利用率
10124013095GY8GDKUBY9,2025-03-03 20:00:00,0.2604166666666667,6,低利用率
10124013095GY8GDKUBY9,2025-03-03 21:00:00,0.3958333333333333,6,中利用率
10124013095GY8GDKUBY9,2025-03-03 22:00:00,0.3125,6,中利用率
10124013095GY8GDKUBY9,2025-03-03 23:00:00,0.15625,6,低利用率
10124013095GY8GDKUBY9,2025-03-04 00:00:00,0.125,6,低利用率
10124013095GY8GDKUBY9,2025-03-04 01:00:00,0.15625,6,低利用率
10124013095GY8GDKUBY9,2025-03-04 02:00:00,0.13541666666666666,6,低利用率
10124013095GY8GDKUBY9,2025-03-04 03:00:00,0.125,3,低利用率
10124013095GY8GDKUBY9,2025-04-07 00:00:00,0.13541666666666666,6,低利用率
10124013095GY8GDKUBY9,2025-04-07 06:00:00,0.125,6,低利用率
10124013095GY8GDKUBY9,2025-04-07 12:00:00,0.052083333333333336,6,低利用率
10124013095GY8GDKUBY9,2025-04-07 18:00:00,0.08333333333333333,6,低利用率
10124013095GY8GDKUBY9,2025-04-08 00:00:00,0.25,6,低利用率
10124013095GY8GDKUBY9,2025-04-08 06:00:00,0.1875,6,低利用率
10124013095GY8GDKUBY9,2025-04-08 12:00:00,0.13541666666666666,6,低利用率
10124013095GY8GDKUBY9,2025-04-08 18:00:00,0.07291666666666667,6,低利用率
10124013095GY8GDKUBY9,2025-04-09 00:00:00,0.07291666666666667,6,低利用率
10124013095GY8GDKUBY9,2025-04-09 06:00:00,0.14583333333333334,6,低利用率
10124013095GY8GDKUBY9,2025-04-09 18:00:00,0.11458333333333333,6,低利用率
10124013095GY8GDKUBY9,2025-04-10 00:00:00,0.3020833333333333,6,中利用率
10124013095GY8GDKUBY9,2025-04-10 06:00:00,0.25,6,低利用率
10124013095GY8GDKUBY9,2025-04-10 12:00:00,0.10416666666666667,6,低利用率
10124013095GY8GDKUBY9,2025-04-10 18:00:00,0.14583333333333334,6,低利用率
10124013095GY8GDKUBY9,2025-04-11 00:00:00,0.16666666666666666,6,低利用率
10124013095GY8GDKUBY9,2025-04-11 06:00:00,0.125,6,低利用率
10124013095GY8GDKUBY9,2025-04-11 12:00:00,0.08333333333333333,6,低利用率
10124013095GY8GDKUBY9,2025-04-11 18:00:00,0.11458333333333333,6,低利用率
10124013095GY8GDKUBY9,2025-04-12 00:00:00,0.1875,6,低利用率
10124013095GY8GDKUBY9,2025-04-12 06:00:00,0.2708333333333333,6,低利用率
10124013095GY8GDKUBY9,2025-04-12 12:00:00,0.14583333333333334,6,低利用率
10124013095GY8GDKUBY9,2025-04-12 18:00:00,0.0625,6,低利用率
10124013095GY8GDKUBY9,2025-04-13 00:00:00,0.125,6,低利用率
10124013095GY8GDKUBY9,2025-04-13 06:00:00,0.052083333333333336,6,低利用率
10124013095GY8GDKUBY9,2025-04-13 12:00:00,0.03125,6,低利用率
10124013095GY8GDKUBY9,2025-04-13 18:00:00,0.010416666666666666,6,低利用率
10124013095H4QPBO8UF5,2025-03-03 06:00:00,0.0,1,低利用率
10124013095H4QPBO8UF5,2025-03-03 07:00:00,0.0,6,低利用率
10124013095H4QPBO8UF5,2025-03-03 08:00:00,0.0,6,低利用率
10124013095H4QPBO8UF5,2025-03-03 09:00:00,0.0,6,低利用率
10124013095H4QPBO8UF5,2025-03-03 10:00:00,0.0,6,低利用率
10124013095H4QPBO8UF5,2025-03-03 11:00:00,0.0,6,低利用率
10124013095H4QPBO8UF5,2025-03-03 12:00:00,0.0,6,低利用率
10124013095H4QPBO8UF5,2025-03-03 13:00:00,0.0,6,低利用率
10124013095H4QPBO8UF5,2025-03-03 14:00:00,0.0,6,低利用率
10124013095H4QPBO8UF5,2025-03-03 15:00:00,0.0,6,低利用率
10124013095H4QPBO8UF5,2025-03-03 16:00:00,0.0,6,低利用率
10124013095H4QPBO8UF5,2025-03-03 17:00:00,0.0,6,低利用率
10124013095H4QPBO8UF5,2025-03-03 18:00:00,0.0,6,低利用率
10124013095H4QPBO8UF5,2025-03-03 19:00:00,0.0,6,低利用率
10124013095H4QPBO8UF5,2025-03-03 20:00:00,0.0,6,低利用率
10124013095H4QPBO8UF5,2025-03-03 21:00:00,0.0,6,低利用率
10124013095H4QPBO8UF5,2025-03-03 22:00:00,0.0,6,低利用率
10124013095H4QPBO8UF5,2025-03-03 23:00:00,0.0,6,低利用率
10124013095H4QPBO8UF5,2025-03-04 00:00:00,0.0,6,低利用率
10124013095H4QPBO8UF5,2025-03-04 01:00:00,0.0,6,低利用率
10124013095H4QPBO8UF5,2025-03-04 02:00:00,0.0,6,低利用率
10124013095H4QPBO8UF5,2025-03-04 03:00:00,0.0,3,低利用率
10124013095H4QPBO8UF5,2025-04-07 00:00:00,0.0,6,低利用率
10124013095H4QPBO8UF5,2025-04-07 06:00:00,0.0,6,低利用率
10124013095H4QPBO8UF5,2025-04-07 12:00:00,0.0,6,低利用率
10124013095H4QPBO8UF5,2025-04-07 18:00:00,0.0,6,低利用率
10124013095H4QPBO8UF5,2025-04-08 00:00:00,0.0,6,低利用率
10124013095H4QPBO8UF5,2025-04-08 06:00:00,0.0,6,低利用率
10124013095H4QPBO8UF5,2025-04-08 12:00:00,0.0,6,低利用率
10124013095H4QPBO8UF5,2025-04-08 18:00:00,0.0,6,低利用率
10124013095H4QPBO8UF5,2025-04-09 00:00:00,0.0,6,低利用率
10124013095H4QPBO8UF5,2025-04-09 06:00:00,0.0,6,低利用率
10124013095H4QPBO8UF5,2025-04-09 18:00:00,0.0,6,低利用率
10124013095H4QPBO8UF5,2025-04-10 00:00:00,0.0,6,低利用率
10124013095H4QPBO8UF5,2025-04-10 06:00:00,0.0,6,低利用率
10124013095H4QPBO8UF5,2025-04-10 12:00:00,0.0,6,低利用率
10124013095H4QPBO8UF5,2025-04-10 18:00:00,0.0,6,低利用率
10124013095H4QPBO8UF5,2025-04-11 00:00:00,0.0,6,低利用率
10124013095H4QPBO8UF5,2025-04-11 06:00:00,0.0,6,低利用率
10124013095H4QPBO8UF5,2025-04-11 12:00:00,0.0,6,低利用率
10124013095H4QPBO8UF5,2025-04-11 18:00:00,0.0,6,低利用率
10124013095H4QPBO8UF5,2025-04-12 00:00:00,0.0,6,低利用率
10124013095H4QPBO8UF5,2025-04-12 06:00:00,0.0,6,低利用率
10124013095H4QPBO8UF5,2025-04-12 12:00:00,0.0,6,低利用率
10124013095H4QPBO8UF5,2025-04-12 18:00:00,0.0,6,低利用率
10124013095H4QPBO8UF5,2025-04-13 00:00:00,0.0,6,低利用率
10124013095H4QPBO8UF5,2025-04-13 06:00:00,0.0,6,低利用率
10124013095H4QPBO8UF5,2025-04-13 12:00:00,0.0,6,低利用率
10124013095H4QPBO8UF5,2025-04-13 18:00:00,0.0,6,低利用率
10124013095HHCMD4CC1T,2025-03-03 06:00:00,0.02857142857142857,1,低利用率
10124013095HHCMD4CC1T,2025-03-03 07:00:00,0.02857142857142857,6,低利用率
10124013095HHCMD4CC1T,2025-03-03 08:00:00,0.09047619047619047,6,低利用率
10124013095HHCMD4CC1T,2025-03-03 09:00:00,0.2142857142857143,6,低利用率
10124013095HHCMD4CC1T,2025-03-03 10:00:00,0.2714285714285714,6,低利用率
10124013095HHCMD4CC1T,2025-03-03 11:00:00,0.12380952380952381,6,低利用率
10124013095HHCMD4CC1T,2025-03-03 12:00:00,0.023809523809523808,6,低利用率
10124013095HHCMD4CC1T,2025-03-03 13:00:00,0.14761904761904762,6,低利用率
10124013095HHCMD4CC1T,2025-03-03 14:00:00,0.19047619047619047,6,低利用率
10124013095HHCMD4CC1T,2025-03-03 15:00:00,0.2857142857142857,6,低利用率
10124013095HHCMD4CC1T,2025-03-03 16:00:00,0.24285714285714285,6,低利用率
10124013095HHCMD4CC1T,2025-03-03 17:00:00,0.1619047619047619,6,低利用率
10124013095HHCMD4CC1T,2025-03-03 18:00:00,0.18095238095238095,6,低利用率
10124013095HHCMD4CC1T,2025-03-03 19:00:00,0.18571428571428572,6,低利用率
10124013095HHCMD4CC1T,2025-03-03 20:00:00,0.10476190476190476,6,低利用率
10124013095HHCMD4CC1T,2025-03-03 21:00:00,0.0857142857142857,6,低利用率
10124013095HHCMD4CC1T,2025-03-03 22:00:00,0.0857142857142857,6,低利用率
10124013095HHCMD4CC1T,2025-03-03 23:00:00,0.0857142857142857,6,低利用率
10124013095HHCMD4CC1T,2025-03-04 00:00:00,0.0857142857142857,6,低利用率
10124013095HHCMD4CC1T,2025-03-04 01:00:00,0.0857142857142857,6,低利用率
10124013095HHCMD4CC1T,2025-03-04 02:00:00,0.0857142857142857,6,低利用率
10124013095HHCMD4CC1T,2025-03-04 03:00:00,0.0857142857142857,3,低利用率
10124013095HHCMD4CC1T,2025-04-07 00:00:00,0.11428571428571428,6,低利用率
10124013095HHCMD4CC1T,2025-04-07 06:00:00,0.11428571428571428,6,低利用率
10124013095HHCMD4CC1T,2025-04-07 12:00:00,0.11428571428571428,6,低利用率
10124013095HHCMD4CC1T,2025-04-07 18:00:00,0.07142857142857144,6,低利用率
10124013095HHCMD4CC1T,2025-04-08 00:00:00,0.0,6,低利用率
10124013095HHCMD4CC1T,2025-04-08 06:00:00,0.0,6,低利用率
10124013095HHCMD4CC1T,2025-04-08 12:00:00,0.11904761904761905,6,低利用率
10124013095HHCMD4CC1T,2025-04-08 18:00:00,0.014285714285714285,6,低利用率
10124013095HHCMD4CC1T,2025-04-09 00:00:00,0.02857142857142857,6,低利用率
10124013095HHCMD4CC1T,2025-04-09 06:00:00,0.02857142857142857,6,低利用率
10124013095HHCMD4CC1T,2025-04-09 18:00:00,0.13809523809523808,6,低利用率
10124013095HHCMD4CC1T,2025-04-10 00:00:00,0.02857142857142857,6,低利用率
10124013095HHCMD4CC1T,2025-04-10 06:00:00,0.06190476190476191,6,低利用率
10124013095HHCMD4CC1T,2025-04-10 12:00:00,0.0857142857142857,6,低利用率
10124013095HHCMD4CC1T,2025-04-10 18:00:00,0.08095238095238096,6,低利用率
10124013095HHCMD4CC1T,2025-04-11 00:00:00,0.02857142857142857,6,低利用率
10124013095HHCMD4CC1T,2025-04-11 06:00:00,0.05238095238095238,6,低利用率
10124013095HHCMD4CC1T,2025-04-11 12:00:00,0.14761904761904762,6,低利用率
10124013095HHCMD4CC1T,2025-04-11 18:00:00,0.014285714285714285,6,低利用率
10124013095HHCMD4CC1T,2025-04-12 00:00:00,0.0857142857142857,6,低利用率
10124013095HHCMD4CC1T,2025-04-12 06:00:00,0.08095238095238096,6,低利用率
10124013095HHCMD4CC1T,2025-04-12 12:00:00,0.2333333333333333,6,低利用率
10124013095HHCMD4CC1T,2025-04-12 18:00:00,0.13333333333333333,6,低利用率
10124013095HHCMD4CC1T,2025-04-13 00:00:00,0.05714285714285714,6,低利用率
10124013095HHCMD4CC1T,2025-04-13 06:00:00,0.0857142857142857,6,低利用率
10124013095HHCMD4CC1T,2025-04-13 12:00:00,0.22857142857142856,6,低利用率
10124013095HHCMD4CC1T,2025-04-13 18:00:00,0.02857142857142857,6,低利用率
1012405049OQ8ZNVP3U2P,2025-03-03 06:00:00,0.2413793103448276,1,低利用率
1012405049OQ8ZNVP3U2P,2025-03-03 07:00:00,0.23563218390804597,6,低利用率
1012405049OQ8ZNVP3U2P,2025-03-03 08:00:00,0.09770114942528736,6,低利用率
1012405049OQ8ZNVP3U2P,2025-03-03 09:00:00,0.14942528735632185,6,低利用率
1012405049OQ8ZNVP3U2P,2025-03-03 10:00:00,0.25862068965517243,6,低利用率
1012405049OQ8ZNVP3U2P,2025-03-03 11:00:00,0.4080459770114942,6,中利用率
1012405049OQ8ZNVP3U2P,2025-03-03 12:00:00,0.3390804597701149,6,中利用率
1012405049OQ8ZNVP3U2P,2025-03-03 13:00:00,0.2988505747126437,6,低利用率
1012405049OQ8ZNVP3U2P,2025-03-03 14:00:00,0.3103448275862069,6,中利用率
1012405049OQ8ZNVP3U2P,2025-03-03 15:00:00,0.3045977011494253,6,中利用率
1012405049OQ8ZNVP3U2P,2025-03-03 16:00:00,0.3505747126436782,6,中利用率
1012405049OQ8ZNVP3U2P,2025-03-03 17:00:00,0.4597701149425288,6,中利用率
1012405049OQ8ZNVP3U2P,2025-03-03 18:00:00,0.5344827586206896,6,中利用率
1012405049OQ8ZNVP3U2P,2025-03-03 19:00:00,0.6551724137931035,6,中利用率
1012405049OQ8ZNVP3U2P,2025-03-03 20:00:00,0.5919540229885057,6,中利用率
1012405049OQ8ZNVP3U2P,2025-03-03 21:00:00,0.35632183908045983,6,中利用率
1012405049OQ8ZNVP3U2P,2025-03-03 22:00:00,0.3045977011494253,6,中利用率
1012405049OQ8ZNVP3U2P,2025-03-03 23:00:00,0.27586206896551724,6,低利用率
1012405049OQ8ZNVP3U2P,2025-03-04 00:00:00,0.27586206896551724,6,低利用率
1012405049OQ8ZNVP3U2P,2025-03-04 01:00:00,0.2298850574712644,6,低利用率
1012405049OQ8ZNVP3U2P,2025-03-04 02:00:00,0.20689655172413793,6,低利用率
1012405049OQ8ZNVP3U2P,2025-03-04 03:00:00,0.20689655172413793,3,低利用率
1012405049OQ8ZNVP3U2P,2025-04-07 00:00:00,0.4827586206896552,6,中利用率
1012405049OQ8ZNVP3U2P,2025-04-07 06:00:00,0.4540229885057471,6,中利用率
1012405049OQ8ZNVP3U2P,2025-04-07 12:00:00,0.2413793103448276,6,低利用率
1012405049OQ8ZNVP3U2P,2025-04-07 18:00:00,0.3505747126436782,6,中利用率
1012405049OQ8ZNVP3U2P,2025-04-08 00:00:00,0.41379310344827586,6,中利用率
1012405049OQ8ZNVP3U2P,2025-04-08 06:00:00,0.37931034482758613,6,中利用率
1012405049OQ8ZNVP3U2P,2025-04-08 12:00:00,0.16666666666666666,6,低利用率
1012405049OQ8ZNVP3U2P,2025-04-08 18:00:00,0.46551724137931033,6,中利用率
1012405049OQ8ZNVP3U2P,2025-04-09 00:00:00,0.37931034482758613,6,中利用率
1012405049OQ8ZNVP3U2P,2025-04-09 06:00:00,0.3505747126436782,6,中利用率
1012405049OQ8ZNVP3U2P,2025-04-09 18:00:00,0.8218390804597702,6,高利用率
1012405049OQ8ZNVP3U2P,2025-04-10 00:00:00,0.4425287356321839,6,中利用率
1012405049OQ8ZNVP3U2P,2025-04-10 06:00:00,0.4597701149425288,6,中利用率
1012405049OQ8ZNVP3U2P,2025-04-10 12:00:00,0.367816091954023,6,中利用率
1012405049OQ8ZNVP3U2P,2025-04-10 18:00:00,0.4770114942528736,6,中利用率
1012405049OQ8ZNVP3U2P,2025-04-11 00:00:00,0.41379310344827586,6,中利用率
1012405049OQ8ZNVP3U2P,2025-04-11 06:00:00,0.37931034482758613,6,中利用率
1012405049OQ8ZNVP3U2P,2025-04-11 12:00:00,0.39655172413793105,6,中利用率
1012405049OQ8ZNVP3U2P,2025-04-11 18:00:00,0.5402298850574713,6,中利用率
1012405049OQ8ZNVP3U2P,2025-04-12 00:00:00,0.3045977011494253,6,中利用率
1012405049OQ8ZNVP3U2P,2025-04-12 06:00:00,0.27586206896551724,6,低利用率
1012405049OQ8ZNVP3U2P,2025-04-12 12:00:00,0.3333333333333333,6,中利用率
1012405049OQ8ZNVP3U2P,2025-04-12 18:00:00,0.46551724137931033,6,中利用率
1012405049OQ8ZNVP3U2P,2025-04-13 00:00:00,0.41379310344827586,6,中利用率
1012405049OQ8ZNVP3U2P,2025-04-13 06:00:00,0.37931034482758613,6,中利用率
1012405049OQ8ZNVP3U2P,2025-04-13 12:00:00,0.5344827586206896,6,中利用率
1012405049OQ8ZNVP3U2P,2025-04-13 18:00:00,0.41954022988505746,6,中利用率
1012405079PB3TJY248W1,2025-03-03 06:00:00,0.0,2,低利用率
1012405079PB3TJY248W1,2025-03-03 07:00:00,0.003787878787878788,6,低利用率
1012405079PB3TJY248W1,2025-03-03 08:00:00,0.17424242424242423,6,低利用率
1012405079PB3TJY248W1,2025-03-03 09:00:00,0.04545454545454545,6,低利用率
1012405079PB3TJY248W1,2025-03-03 10:00:00,0.007575757575757576,6,低利用率
1012405079PB3TJY248W1,2025-03-03 11:00:00,0.06439393939393939,6,低利用率
1012405079PB3TJY248W1,2025-03-03 12:00:00,0.05303030303030303,6,低利用率
1012405079PB3TJY248W1,2025-03-03 13:00:00,0.041666666666666664,6,低利用率
1012405079PB3TJY248W1,2025-03-03 14:00:00,0.011363636363636362,6,低利用率
1012405079PB3TJY248W1,2025-03-03 15:00:00,0.05681818181818182,6,低利用率
1012405079PB3TJY248W1,2025-03-03 16:00:00,0.14393939393939395,6,低利用率
1012405079PB3TJY248W1,2025-03-03 17:00:00,0.09469696969696968,6,低利用率
1012405079PB3TJY248W1,2025-03-03 18:00:00,0.034090909090909095,6,低利用率
1012405079PB3TJY248W1,2025-03-03 19:00:00,0.041666666666666664,6,低利用率
1012405079PB3TJY248W1,2025-03-03 20:00:00,0.05303030303030303,6,低利用率
1012405079PB3TJY248W1,2025-03-03 21:00:00,0.04545454545454545,6,低利用率
1012405079PB3TJY248W1,2025-03-03 22:00:00,0.04545454545454545,6,低利用率
1012405079PB3TJY248W1,2025-03-03 23:00:00,0.04545454545454545,6,低利用率
1012405079PB3TJY248W1,2025-03-04 00:00:00,0.034090909090909095,6,低利用率
1012405079PB3TJY248W1,2025-03-04 01:00:00,0.022727272727272724,6,低利用率
1012405079PB3TJY248W1,2025-03-04 02:00:00,0.022727272727272724,6,低利用率
1012405079PB3TJY248W1,2025-03-04 03:00:00,0.022727272727272724,3,低利用率
1012405079PB3TJY248W1,2025-04-07 00:00:00,0.0909090909090909,6,低利用率
1012405079PB3TJY248W1,2025-04-07 06:00:00,0.06818181818181818,6,低利用率
1012405079PB3TJY248W1,2025-04-07 12:00:00,0.011363636363636362,6,低利用率
1012405079PB3TJY248W1,2025-04-07 18:00:00,0.06818181818181818,6,低利用率
1012405079PB3TJY248W1,2025-04-08 00:00:00,0.04924242424242425,6,低利用率
1012405079PB3TJY248W1,2025-04-08 06:00:00,0.022727272727272724,6,低利用率
1012405079PB3TJY248W1,2025-04-08 12:00:00,0.056818181818181816,6,低利用率
1012405079PB3TJY248W1,2025-04-08 18:00:00,0.09469696969696971,6,低利用率
1012405079PB3TJY248W1,2025-04-09 00:00:00,0.022727272727272724,6,低利用率
1012405079PB3TJY248W1,2025-04-09 06:00:00,0.0,6,低利用率
1012405079PB3TJY248W1,2025-04-09 18:00:00,0.34848484848484845,6,中利用率
1012405079PB3TJY248W1,2025-04-10 00:00:00,0.0,6,低利用率
1012405079PB3TJY248W1,2025-04-10 06:00:00,0.0,6,低利用率
1012405079PB3TJY248W1,2025-04-10 12:00:00,0.06060606060606061,6,低利用率
1012405079PB3TJY248W1,2025-04-10 18:00:00,0.06060606060606061,6,低利用率
1012405079PB3TJY248W1,2025-04-11 00:00:00,0.056818181818181816,6,低利用率
1012405079PB3TJY248W1,2025-04-11 06:00:00,0.007575757575757576,6,低利用率
1012405079PB3TJY248W1,2025-04-11 12:00:00,0.05303030303030303,6,低利用率
1012405079PB3TJY248W1,2025-04-11 18:00:00,0.11363636363636363,6,低利用率
1012405079PB3TJY248W1,2025-04-12 00:00:00,0.04545454545454545,6,低利用率
1012405079PB3TJY248W1,2025-04-12 06:00:00,0.04545454545454545,6,低利用率
1012405079PB3TJY248W1,2025-04-12 12:00:00,0.04545454545454545,6,低利用率
1012405079PB3TJY248W1,2025-04-12 18:00:00,0.196969696969697,6,低利用率
1012405079PB3TJY248W1,2025-04-13 00:00:00,0.06818181818181818,6,低利用率
1012405079PB3TJY248W1,2025-04-13 06:00:00,0.0,6,低利用率
1012405079PB3TJY248W1,2025-04-13 12:00:00,0.14015151515151517,6,低利用率
1012405079PB3TJY248W1,2025-04-13 18:00:00,0.022727272727272724,6,低利用率
10194EPFKJK9HC1,2025-04-12 00:00:00,0.4749999999999999,6,中利用率
10194EPFKJK9HC1,2025-04-12 06:00:00,0.5625,6,中利用率
10194EPFKJK9HC1,2025-04-12 12:00:00,0.6458333333333334,6,中利用率
10194EPFKJK9HC1,2025-04-12 18:00:00,0.5958333333333333,6,中利用率
10194EPFKJK9HC1,2025-04-13 00:00:00,0.525,6,中利用率
10194EPFKJK9HC1,2025-04-13 06:00:00,0.6666666666666666,6,中利用率
10194EPFKJK9HC1,2025-04-13 12:00:00,0.7458333333333332,6,高利用率
10194EPFKJK9HC1,2025-04-13 18:00:00,0.7666666666666666,6,高利用率
1019B4Y82CZPJ41,2025-03-03 06:00:00,0.1891891891891892,1,低利用率
1019B4Y82CZPJ41,2025-03-03 07:00:00,0.1711711711711712,6,低利用率
1019B4Y82CZPJ41,2025-03-03 08:00:00,0.16666666666666666,6,低利用率
1019B4Y82CZPJ41,2025-03-03 09:00:00,0.18918918918918917,6,低利用率
1019B4Y82CZPJ41,2025-03-03 10:00:00,0.22972972972972974,6,低利用率
1019B4Y82CZPJ41,2025-03-03 11:00:00,0.1936936936936937,6,低利用率
1019B4Y82CZPJ41,2025-03-03 12:00:00,0.22972972972972974,6,低利用率
1019B4Y82CZPJ41,2025-03-03 13:00:00,0.18468468468468469,6,低利用率
1019B4Y82CZPJ41,2025-03-03 14:00:00,0.21621621621621623,6,低利用率
1019B4Y82CZPJ41,2025-03-03 15:00:00,0.1936936936936937,6,低利用率
1019B4Y82CZPJ41,2025-03-03 16:00:00,0.23873873873873874,6,低利用率
1019B4Y82CZPJ41,2025-03-03 17:00:00,0.23423423423423426,6,低利用率
1019B4Y82CZPJ41,2025-03-03 18:00:00,0.24324324324324328,6,低利用率
1019B4Y82CZPJ41,2025-03-03 19:00:00,0.20720720720720723,6,低利用率
1019B4Y82CZPJ41,2025-03-03 20:00:00,0.17567567567567569,6,低利用率
1019B4Y82CZPJ41,2025-03-03 21:00:00,0.1936936936936937,6,低利用率
1019B4Y82CZPJ41,2025-03-03 22:00:00,0.18918918918918917,6,低利用率
1019B4Y82CZPJ41,2025-03-03 23:00:00,0.15765765765765768,6,低利用率
1019B4Y82CZPJ41,2025-03-04 00:00:00,0.13513513513513514,6,低利用率
1019B4Y82CZPJ41,2025-03-04 01:00:00,0.13513513513513514,6,低利用率
1019B4Y82CZPJ41,2025-03-04 02:00:00,0.13513513513513514,6,低利用率
1019B4Y82CZPJ41,2025-03-04 03:00:00,0.13513513513513514,3,低利用率
1019B4Y82CZPJ41,2025-04-12 00:00:00,0.5225225225225225,6,中利用率
1019B4Y82CZPJ41,2025-04-12 06:00:00,0.490990990990991,6,中利用率
1019B4Y82CZPJ41,2025-04-12 12:00:00,0.5135135135135135,6,中利用率
1019B4Y82CZPJ41,2025-04-12 18:00:00,0.5945945945945946,6,中利用率
1019B4Y82CZPJ41,2025-04-13 00:00:00,0.48648648648648657,6,中利用率
1019B4Y82CZPJ41,2025-04-13 06:00:00,0.48648648648648657,6,中利用率
1019B4Y82CZPJ41,2025-04-13 12:00:00,0.9662162162162162,4,高利用率
1019B4Y82CZPJ41,2025-04-13 18:00:00,0.891891891891892,3,高利用率
1019BR66PPAFMYP,2025-04-12 00:00:00,0.2675438596491228,6,低利用率
1019BR66PPAFMYP,2025-04-12 06:00:00,0.2719298245614035,6,低利用率
1019BR66PPAFMYP,2025-04-12 12:00:00,0.46271929824561403,6,中利用率
1019BR66PPAFMYP,2025-04-12 18:00:00,0.40350877192982454,6,中利用率
1019BR66PPAFMYP,2025-04-13 00:00:00,0.30701754385964913,6,中利用率
1019BR66PPAFMYP,2025-04-13 06:00:00,0.2916666666666667,6,低利用率
1019BR66PPAFMYP,2025-04-13 12:00:00,0.4671052631578947,6,中利用率
1019BR66PPAFMYP,2025-04-13 18:00:00,0.3552631578947369,6,中利用率
1019C4RHPY07LDT,2025-04-07 00:00:00,0.0,6,低利用率
1019C4RHPY07LDT,2025-04-07 06:00:00,0.0,6,低利用率
1019C4RHPY07LDT,2025-04-07 12:00:00,0.030303030303030304,6,低利用率
1019C4RHPY07LDT,2025-04-07 18:00:00,0.08333333333333333,6,低利用率
1019C4RHPY07LDT,2025-04-08 00:00:00,0.0,6,低利用率
1019C4RHPY07LDT,2025-04-08 06:00:00,0.03787878787878788,6,低利用率
1019C4RHPY07LDT,2025-04-08 12:00:00,0.030303030303030304,6,低利用率
1019C4RHPY07LDT,2025-04-08 18:00:00,0.0984848484848485,6,低利用率
1019C4RHPY07LDT,2025-04-09 00:00:00,0.022727272727272724,6,低利用率
1019C4RHPY07LDT,2025-04-09 06:00:00,0.015151515151515152,6,低利用率
1019C4RHPY07LDT,2025-04-09 18:00:00,0.3181818181818182,6,中利用率
1019C4RHPY07LDT,2025-04-10 00:00:00,0.0909090909090909,6,低利用率
1019C4RHPY07LDT,2025-04-10 06:00:00,0.0909090909090909,6,低利用率
1019C4RHPY07LDT,2025-04-10 12:00:00,0.04545454545454545,6,低利用率
1019C4RHPY07LDT,2025-04-10 18:00:00,0.06818181818181818,6,低利用率
1019C4RHPY07LDT,2025-04-11 00:00:00,0.0,6,低利用率
1019C4RHPY07LDT,2025-04-11 06:00:00,0.022727272727272724,6,低利用率
1019C4RHPY07LDT,2025-04-11 12:00:00,0.08333333333333333,6,低利用率
1019C4RHPY07LDT,2025-04-11 18:00:00,0.06060606060606061,6,低利用率
1019C4RHPY07LDT,2025-04-12 00:00:00,0.0909090909090909,6,低利用率
1019C4RHPY07LDT,2025-04-12 06:00:00,0.06060606060606061,6,低利用率
1019C4RHPY07LDT,2025-04-12 12:00:00,0.14393939393939395,6,低利用率
1019C4RHPY07LDT,2025-04-12 18:00:00,0.18939393939393936,6,低利用率
1019C4RHPY07LDT,2025-04-13 00:00:00,0.0,6,低利用率
1019C4RHPY07LDT,2025-04-13 06:00:00,0.030303030303030304,6,低利用率
1019C4RHPY07LDT,2025-04-13 12:00:00,0.21212121212121213,6,低利用率
1019C4RHPY07LDT,2025-04-13 18:00:00,0.16666666666666666,6,低利用率
1019CS2W3YDW3R5,2025-04-12 00:00:00,0.2222222222222222,6,低利用率
1019CS2W3YDW3R5,2025-04-12 06:00:00,0.2222222222222222,6,低利用率
1019CS2W3YDW3R5,2025-04-12 12:00:00,0.25,6,低利用率
1019CS2W3YDW3R5,2025-04-12 18:00:00,0.2962962962962963,6,低利用率
1019CS2W3YDW3R5,2025-04-13 00:00:00,0.2222222222222222,6,低利用率
1019CS2W3YDW3R5,2025-04-13 06:00:00,0.23148148148148148,6,低利用率
1019CS2W3YDW3R5,2025-04-13 12:00:00,0.48148148148148145,6,中利用率
1019CS2W3YDW3R5,2025-04-13 18:00:00,0.4444444444444444,6,中利用率
1019CZRAOO40UTD,2025-04-12 00:00:00,0.1111111111111111,6,低利用率
1019CZRAOO40UTD,2025-04-12 06:00:00,0.1111111111111111,6,低利用率
1019CZRAOO40UTD,2025-04-12 12:00:00,0.27777777777777773,6,低利用率
1019CZRAOO40UTD,2025-04-12 18:00:00,0.08333333333333333,6,低利用率
1019CZRAOO40UTD,2025-04-13 00:00:00,0.10185185185185185,6,低利用率
1019CZRAOO40UTD,2025-04-13 06:00:00,0.08333333333333333,6,低利用率
1019CZRAOO40UTD,2025-04-13 12:00:00,0.17592592592592593,6,低利用率
1019CZRAOO40UTD,2025-04-13 18:00:00,0.1111111111111111,6,低利用率
1019DCXVX4LTDS1,2025-04-12 00:00:00,0.0,6,低利用率
1019DCXVX4LTDS1,2025-04-12 06:00:00,0.007452574525745257,6,低利用率
1019DCXVX4LTDS1,2025-04-12 12:00:00,0.5088075880758808,6,中利用率
1019DCXVX4LTDS1,2025-04-12 18:00:00,0.7018970189701896,6,高利用率
1019DCXVX4LTDS1,2025-04-13 00:00:00,0.05013550135501355,6,低利用率
1019DCXVX4LTDS1,2025-04-13 06:00:00,0.02981029810298103,6,低利用率
1019DCXVX4LTDS1,2025-04-13 12:00:00,0.5453929539295393,6,中利用率
1019DCXVX4LTDS1,2025-04-13 18:00:00,0.6124661246612466,6,中利用率
1019DY4KBPHCSG1,2025-04-12 00:00:00,0.15151515151515152,6,低利用率
1019DY4KBPHCSG1,2025-04-12 06:00:00,0.04040404040404041,6,低利用率
1019DY4KBPHCSG1,2025-04-12 12:00:00,0.5252525252525252,6,中利用率
1019DY4KBPHCSG1,2025-04-12 18:00:00,0.797979797979798,6,高利用率
1019DY4KBPHCSG1,2025-04-13 00:00:00,0.44949494949494945,6,中利用率
1019DY4KBPHCSG1,2025-04-13 06:00:00,0.42424242424242425,6,中利用率
1019DY4KBPHCSG1,2025-04-13 12:00:00,0.7323232323232323,6,高利用率
1019DY4KBPHCSG1,2025-04-13 18:00:00,0.9030303030303031,5,高利用率
1019JVX01UVMSCH,2025-03-03 06:00:00,0.8611111111111112,2,高利用率
1019JVX01UVMSCH,2025-03-03 07:00:00,0.8958333333333334,6,高利用率
1019JVX01UVMSCH,2025-03-03 08:00:00,0.9537037037037037,3,高利用率
1019JVX01UVMSCH,2025-03-03 16:00:00,0.9861111111111112,1,高利用率
1019JVX01UVMSCH,2025-03-03 17:00:00,0.9282407407407408,6,高利用率
1019JVX01UVMSCH,2025-03-03 18:00:00,0.8587962962962963,6,高利用率
1019JVX01UVMSCH,2025-03-03 19:00:00,0.8587962962962963,6,高利用率
1019JVX01UVMSCH,2025-03-03 20:00:00,0.8703703703703703,6,高利用率
1019JVX01UVMSCH,2025-03-03 21:00:00,0.8541666666666666,6,高利用率
1019JVX01UVMSCH,2025-03-03 22:00:00,0.8773148148148149,6,高利用率
1019JVX01UVMSCH,2025-03-03 23:00:00,0.8773148148148149,6,高利用率
1019JVX01UVMSCH,2025-03-04 00:00:00,0.8657407407407408,6,高利用率
1019JVX01UVMSCH,2025-03-04 01:00:00,0.8726851851851851,6,高利用率
1019JVX01UVMSCH,2025-03-04 02:00:00,0.8611111111111112,6,高利用率
1019JVX01UVMSCH,2025-03-04 03:00:00,0.8611111111111112,3,高利用率
1019JVX01UVMSCH,2025-04-12 00:00:00,0.33796296296296297,6,中利用率
1019JVX01UVMSCH,2025-04-12 06:00:00,0.3125,6,中利用率
1019MAR69WRHHXD,2025-03-03 06:00:00,0.0989010989010989,2,低利用率
1019MAR69WRHHXD,2025-03-03 07:00:00,0.1043956043956044,6,低利用率
1019MAR69WRHHXD,2025-03-03 08:00:00,0.14102564102564102,6,低利用率
1019MAR69WRHHXD,2025-03-03 09:00:00,0.1172161172161172,6,低利用率
1019MAR69WRHHXD,2025-03-03 10:00:00,0.13003663003663005,6,低利用率
1019MAR69WRHHXD,2025-03-03 11:00:00,0.17582417582417584,6,低利用率
1019MAR69WRHHXD,2025-03-03 12:00:00,0.16117216117216118,6,低利用率
1019MAR69WRHHXD,2025-03-03 13:00:00,0.1391941391941392,6,低利用率
1019MAR69WRHHXD,2025-03-03 14:00:00,0.12271062271062272,6,低利用率
1019MAR69WRHHXD,2025-03-03 15:00:00,0.14285714285714285,6,低利用率
1019MAR69WRHHXD,2025-03-03 16:00:00,0.13553113553113552,6,低利用率
1019MAR69WRHHXD,2025-03-03 17:00:00,0.10989010989010989,6,低利用率
1019MAR69WRHHXD,2025-03-03 18:00:00,0.11904761904761905,6,低利用率
1019MAR69WRHHXD,2025-03-03 19:00:00,0.11538461538461538,6,低利用率
1019MAR69WRHHXD,2025-03-03 20:00:00,0.10256410256410257,6,低利用率
1019MAR69WRHHXD,2025-03-03 21:00:00,0.10073260073260072,6,低利用率
1019MAR69WRHHXD,2025-03-03 22:00:00,0.0989010989010989,6,低利用率
1019MAR69WRHHXD,2025-03-03 23:00:00,0.10805860805860806,6,低利用率
1019MAR69WRHHXD,2025-03-04 00:00:00,0.10989010989010989,6,低利用率
1019MAR69WRHHXD,2025-03-04 01:00:00,0.10989010989010989,6,低利用率
1019MAR69WRHHXD,2025-03-04 02:00:00,0.10989010989010989,6,低利用率
1019MAR69WRHHXD,2025-03-04 03:00:00,0.10989010989010989,3,低利用率
1019MAR69WRHHXD,2025-04-07 00:00:00,0.3901098901098901,6,中利用率
1019MAR69WRHHXD,2025-04-07 06:00:00,0.4047619047619047,6,中利用率
1019MAR69WRHHXD,2025-04-07 12:00:00,0.4230769230769231,6,中利用率
1019MAR69WRHHXD,2025-04-07 18:00:00,0.4029304029304029,6,中利用率
1019MAR69WRHHXD,2025-04-08 00:00:00,0.40842490842490836,6,中利用率
1019MAR69WRHHXD,2025-04-08 06:00:00,0.39926739926739924,6,中利用率
1019MAR69WRHHXD,2025-04-08 12:00:00,0.4908424908424909,6,中利用率
1019MAR69WRHHXD,2025-04-08 18:00:00,0.4120879120879121,6,中利用率
1019MAR69WRHHXD,2025-04-09 00:00:00,0.38461538461538464,6,中利用率
1019MAR69WRHHXD,2025-04-09 06:00:00,0.39377289377289376,6,中利用率
1019MAR69WRHHXD,2025-04-09 18:00:00,0.39377289377289376,6,中利用率
1019MAR69WRHHXD,2025-04-10 00:00:00,0.4157509157509158,6,中利用率
1019MAR69WRHHXD,2025-04-10 06:00:00,0.40109890109890106,6,中利用率
1019MAR69WRHHXD,2025-04-10 12:00:00,0.42857142857142855,6,中利用率
1019MAR69WRHHXD,2025-04-10 18:00:00,0.4230769230769231,6,中利用率
1019MAR69WRHHXD,2025-04-11 00:00:00,0.42124542124542125,6,中利用率
1019MAR69WRHHXD,2025-04-11 06:00:00,0.4102564102564103,6,中利用率
1019MAR69WRHHXD,2025-04-11 12:00:00,0.43956043956043955,6,中利用率
1019MAR69WRHHXD,2025-04-11 18:00:00,0.4340659340659341,6,中利用率
1019MAR69WRHHXD,2025-04-12 00:00:00,0.4249084249084249,6,中利用率
1019MAR69WRHHXD,2025-04-12 06:00:00,0.4175824175824176,6,中利用率
1019MAR69WRHHXD,2025-04-12 12:00:00,0.4194139194139194,6,中利用率
1019MAR69WRHHXD,2025-04-12 18:00:00,0.4194139194139194,6,中利用率
1019MAR69WRHHXD,2025-04-13 00:00:00,0.42857142857142855,6,中利用率
1019MAR69WRHHXD,2025-04-13 06:00:00,0.4102564102564103,6,中利用率
1019MAR69WRHHXD,2025-04-13 12:00:00,0.4816849816849817,6,中利用率
1019MAR69WRHHXD,2025-04-13 18:00:00,0.41391941391941395,6,中利用率
1019N4FJ7J6DUYP,2025-03-03 06:00:00,0.8021978021978022,2,高利用率
1019N4FJ7J6DUYP,2025-03-03 07:00:00,0.8012820512820512,6,高利用率
1019N4FJ7J6DUYP,2025-03-03 08:00:00,0.8076923076923078,6,高利用率
1019N4FJ7J6DUYP,2025-03-03 09:00:00,0.8003663003663003,6,高利用率
1019N4FJ7J6DUYP,2025-03-03 10:00:00,0.7939560439560439,6,高利用率
1019N4FJ7J6DUYP,2025-03-03 11:00:00,0.7985347985347985,6,高利用率
1019N4FJ7J6DUYP,2025-03-03 12:00:00,0.7994505494505494,6,高利用率
1019N4FJ7J6DUYP,2025-03-03 13:00:00,0.7921245421245421,6,高利用率
1019N4FJ7J6DUYP,2025-03-03 14:00:00,0.7948717948717948,6,高利用率
1019N4FJ7J6DUYP,2025-03-03 15:00:00,0.7939560439560439,6,高利用率
1019N4FJ7J6DUYP,2025-03-03 16:00:00,0.7921245421245421,6,高利用率
1019N4FJ7J6DUYP,2025-03-03 17:00:00,0.7912087912087912,6,高利用率
1019N4FJ7J6DUYP,2025-03-03 18:00:00,0.7948717948717948,6,高利用率
1019N4FJ7J6DUYP,2025-03-03 19:00:00,0.8021978021978023,6,高利用率
1019N4FJ7J6DUYP,2025-03-03 20:00:00,0.8021978021978023,6,高利用率
1019N4FJ7J6DUYP,2025-03-03 21:00:00,0.7976190476190476,6,高利用率
1019N4FJ7J6DUYP,2025-03-03 22:00:00,0.7967032967032966,6,高利用率
1019N4FJ7J6DUYP,2025-03-03 23:00:00,0.7967032967032966,6,高利用率
1019N4FJ7J6DUYP,2025-03-04 00:00:00,0.7967032967032966,6,高利用率
1019N4FJ7J6DUYP,2025-03-04 01:00:00,0.7967032967032966,6,高利用率
1019N4FJ7J6DUYP,2025-03-04 02:00:00,0.7967032967032966,6,高利用率
1019N4FJ7J6DUYP,2025-03-04 03:00:00,0.7967032967032966,3,高利用率
1019N4FJ7J6DUYP,2025-04-07 00:00:00,0.967032967032967,6,高利用率
1019N4FJ7J6DUYP,2025-04-07 06:00:00,0.9697802197802198,6,高利用率
1019N4FJ7J6DUYP,2025-04-07 12:00:00,0.9706959706959707,6,高利用率
1019N4FJ7J6DUYP,2025-04-08 00:00:00,0.9725274725274725,6,高利用率
1019N4FJ7J6DUYP,2025-04-08 06:00:00,0.9771062271062271,6,高利用率
1019N4FJ7J6DUYP,2025-04-08 12:00:00,0.9789377289377289,6,高利用率
1019N4FJ7J6DUYP,2025-04-09 00:00:00,0.9945054945054945,6,高利用率
1019N4FJ7J6DUYP,2025-04-09 06:00:00,0.9945054945054945,4,高利用率
1019N4FJ7J6DUYP,2025-04-09 18:00:00,0.9871794871794872,6,高利用率
1019N4FJ7J6DUYP,2025-04-10 00:00:00,0.978021978021978,6,高利用率
1019N4FJ7J6DUYP,2025-04-10 06:00:00,0.978021978021978,6,高利用率
1019N4FJ7J6DUYP,2025-04-10 12:00:00,0.9807692307692307,6,高利用率
1019N4FJ7J6DUYP,2025-04-10 18:00:00,0.98992673992674,6,高利用率
1019N4FJ7J6DUYP,2025-04-11 00:00:00,0.978021978021978,6,高利用率
1019N4FJ7J6DUYP,2025-04-11 06:00:00,0.9816849816849816,6,高利用率
1019N4FJ7J6DUYP,2025-04-11 12:00:00,0.9798534798534798,6,高利用率
1019N4FJ7J6DUYP,2025-04-12 00:00:00,0.3021978021978022,6,中利用率
1019N4FJ7J6DUYP,2025-04-12 06:00:00,0.3021978021978022,6,中利用率
1019N4FJ7J6DUYP,2025-04-12 12:00:00,0.29945054945054944,6,低利用率
1019N4FJ7J6DUYP,2025-04-12 18:00:00,0.304029304029304,6,中利用率
1019N4FJ7J6DUYP,2025-04-13 00:00:00,0.3021978021978022,6,中利用率
1019N4FJ7J6DUYP,2025-04-13 06:00:00,0.3058608058608059,6,中利用率
1019N4FJ7J6DUYP,2025-04-13 12:00:00,0.3067765567765568,6,中利用率
1019N4FJ7J6DUYP,2025-04-13 18:00:00,0.3553113553113553,6,中利用率
1019NJ925VNVEV5,2025-03-03 06:00:00,0.9166666666666666,1,高利用率
1019NJ925VNVEV5,2025-03-03 07:00:00,0.9212962962962963,6,高利用率
1019NJ925VNVEV5,2025-03-03 08:00:00,0.9722222222222222,1,高利用率
1019NJ925VNVEV5,2025-04-07 00:00:00,0.7222222222222222,6,高利用率
1019NJ925VNVEV5,2025-04-07 06:00:00,0.7222222222222222,6,高利用率
1019NJ925VNVEV5,2025-04-07 18:00:00,0.8240740740740741,6,高利用率
1019NJ925VNVEV5,2025-04-08 00:00:00,0.8333333333333334,6,高利用率
1019NJ925VNVEV5,2025-04-08 06:00:00,0.8333333333333334,6,高利用率
1019NJ925VNVEV5,2025-04-08 18:00:00,0.8657407407407408,6,高利用率
1019NJ925VNVEV5,2025-04-09 00:00:00,0.7777777777777778,6,高利用率
1019NJ925VNVEV5,2025-04-09 06:00:00,0.7777777777777778,6,高利用率
1019NJ925VNVEV5,2025-04-09 18:00:00,0.7962962962962963,6,高利用率
1019NJ925VNVEV5,2025-04-10 00:00:00,0.7777777777777778,6,高利用率
1019NJ925VNVEV5,2025-04-10 06:00:00,0.7777777777777778,6,高利用率
1019NJ925VNVEV5,2025-04-10 18:00:00,0.8333333333333334,6,高利用率
1019NJ925VNVEV5,2025-04-11 00:00:00,0.7777777777777778,6,高利用率
1019NJ925VNVEV5,2025-04-11 06:00:00,0.7777777777777778,6,高利用率
1019NJ925VNVEV5,2025-04-11 18:00:00,0.9259259259259259,6,高利用率
1019NJ925VNVEV5,2025-04-12 00:00:00,0.7222222222222222,6,高利用率
1019NJ925VNVEV5,2025-04-12 06:00:00,0.7222222222222222,6,高利用率
1019NJ925VNVEV5,2025-04-12 12:00:00,0.8055555555555557,6,高利用率
1019NJ925VNVEV5,2025-04-12 18:00:00,0.7685185185185185,6,高利用率
1019NJ925VNVEV5,2025-04-13 00:00:00,0.7222222222222222,6,高利用率
1019NJ925VNVEV5,2025-04-13 06:00:00,0.7222222222222222,6,高利用率
1019NJ925VNVEV5,2025-04-13 12:00:00,0.7222222222222222,6,高利用率
1019NJ925VNVEV5,2025-04-13 18:00:00,0.7222222222222222,6,高利用率
1019NQXA5T5QN0H,2025-04-12 00:00:00,0.4822404371584699,6,中利用率
1019NQXA5T5QN0H,2025-04-12 06:00:00,0.4726775956284153,6,中利用率
1019NQXA5T5QN0H,2025-04-12 12:00:00,0.5778688524590164,6,中利用率
1019NQXA5T5QN0H,2025-04-12 18:00:00,0.5450819672131147,6,中利用率
1019NQXA5T5QN0H,2025-04-13 00:00:00,0.5068306010928961,6,中利用率
1019NQXA5T5QN0H,2025-04-13 06:00:00,0.505464480874317,6,中利用率
1019NQXA5T5QN0H,2025-04-13 12:00:00,0.6270491803278689,6,中利用率
1019NQXA5T5QN0H,2025-04-13 18:00:00,0.5901639344262295,6,中利用率
1019OB9A6TQBIF5,2025-04-12 00:00:00,0.411764705882353,6,中利用率
1019OB9A6TQBIF5,2025-04-12 06:00:00,0.411764705882353,6,中利用率
1019OB9A6TQBIF5,2025-04-12 12:00:00,0.411764705882353,6,中利用率
1019OB9A6TQBIF5,2025-04-12 18:00:00,0.411764705882353,6,中利用率
1019OB9A6TQBIF5,2025-04-13 00:00:00,0.411764705882353,6,中利用率
1019OB9A6TQBIF5,2025-04-13 06:00:00,0.411764705882353,6,中利用率
1019OB9A6TQBIF5,2025-04-13 12:00:00,0.45098039215686275,6,中利用率
1019OB9A6TQBIF5,2025-04-13 18:00:00,0.35294117647058826,6,中利用率
1019OKCEEUFL14X,2025-04-07 00:00:00,0.8128654970760234,6,高利用率
1019OKCEEUFL14X,2025-04-07 06:00:00,0.8128654970760234,6,高利用率
1019OKCEEUFL14X,2025-04-07 12:00:00,0.9883040935672515,3,高利用率
1019OKCEEUFL14X,2025-04-07 18:00:00,0.8235867446393762,6,高利用率
1019OKCEEUFL14X,2025-04-08 00:00:00,0.8128654970760234,6,高利用率
1019OKCEEUFL14X,2025-04-08 06:00:00,0.8128654970760234,6,高利用率
1019OKCEEUFL14X,2025-04-08 18:00:00,0.8421052631578947,6,高利用率
1019OKCEEUFL14X,2025-04-09 00:00:00,0.8245614035087719,6,高利用率
1019OKCEEUFL14X,2025-04-09 06:00:00,0.8245614035087719,6,高利用率
1019OKCEEUFL14X,2025-04-09 18:00:00,0.8645224171539961,6,高利用率
1019OKCEEUFL14X,2025-04-10 00:00:00,0.8245614035087719,6,高利用率
1019OKCEEUFL14X,2025-04-10 06:00:00,0.8304093567251463,6,高利用率
1019OKCEEUFL14X,2025-04-10 18:00:00,0.8918128654970761,6,高利用率
1019OKCEEUFL14X,2025-04-11 00:00:00,0.8362573099415206,6,高利用率
1019OKCEEUFL14X,2025-04-11 06:00:00,0.8391812865497076,6,高利用率
1019OKCEEUFL14X,2025-04-11 18:00:00,0.9025341130604287,6,高利用率
1019OKCEEUFL14X,2025-04-12 00:00:00,0.6608187134502924,6,中利用率
1019OKCEEUFL14X,2025-04-12 06:00:00,0.6647173489278753,6,中利用率
1019OKCEEUFL14X,2025-04-12 12:00:00,0.7348927875243665,6,高利用率
1019OKCEEUFL14X,2025-04-12 18:00:00,0.6656920077972709,6,中利用率
1019OKCEEUFL14X,2025-04-13 00:00:00,0.6666666666666666,6,中利用率
1019OKCEEUFL14X,2025-04-13 06:00:00,0.6666666666666666,6,中利用率
1019OKCEEUFL14X,2025-04-13 12:00:00,0.6881091617933723,6,中利用率
1019OKCEEUFL14X,2025-04-13 18:00:00,0.6812865497076023,6,中利用率
1019OL9Y9LJU8ZL,2025-04-12 00:00:00,0.15833333333333333,6,低利用率
1019OL9Y9LJU8ZL,2025-04-12 06:00:00,0.15833333333333333,6,低利用率
1019OL9Y9LJU8ZL,2025-04-12 12:00:00,0.16944444444444443,6,低利用率
1019OL9Y9LJU8ZL,2025-04-12 18:00:00,0.16041666666666668,6,低利用率
1019OL9Y9LJU8ZL,2025-04-13 00:00:00,0.1597222222222222,6,低利用率
1019OL9Y9LJU8ZL,2025-04-13 06:00:00,0.15833333333333333,6,低利用率
1019OL9Y9LJU8ZL,2025-04-13 12:00:00,0.20625000000000002,6,低利用率
1019OL9Y9LJU8ZL,2025-04-13 18:00:00,0.17222222222222225,6,低利用率
1019OZ5N67MRGU9,2025-04-07 00:00:00,0.5985507246376812,6,中利用率
1019OZ5N67MRGU9,2025-04-07 06:00:00,0.591304347826087,6,中利用率
1019OZ5N67MRGU9,2025-04-08 00:00:00,0.7130434782608696,6,高利用率
1019OZ5N67MRGU9,2025-04-08 06:00:00,0.7043478260869566,6,高利用率
1019OZ5N67MRGU9,2025-04-09 00:00:00,0.7666666666666666,6,高利用率
1019OZ5N67MRGU9,2025-04-09 06:00:00,0.7565217391304347,6,高利用率
1019OZ5N67MRGU9,2025-04-10 00:00:00,0.8260869565217391,6,高利用率
1019OZ5N67MRGU9,2025-04-10 06:00:00,0.8347826086956521,6,高利用率
1019OZ5N67MRGU9,2025-04-11 00:00:00,0.9043478260869565,6,高利用率
1019OZ5N67MRGU9,2025-04-11 06:00:00,0.9057971014492754,6,高利用率
1019OZ5N67MRGU9,2025-04-12 00:00:00,0.6086956521739131,6,中利用率
1019OZ5N67MRGU9,2025-04-12 06:00:00,0.591304347826087,6,中利用率
1019OZ5N67MRGU9,2025-04-12 18:00:00,0.8768115942028986,6,高利用率
1019OZ5N67MRGU9,2025-04-13 00:00:00,0.6898550724637681,6,中利用率
1019OZ5N67MRGU9,2025-04-13 06:00:00,0.6695652173913044,6,中利用率
1019OZ5N67MRGU9,2025-04-13 12:00:00,0.9420289855072465,6,高利用率
1019OZ5N67MRGU9,2025-04-13 18:00:00,0.7376811594202898,6,高利用率
1019P64JXOTBCAP,2025-04-07 00:00:00,0.702020202020202,6,高利用率
1019P64JXOTBCAP,2025-04-07 06:00:00,0.6666666666666666,6,中利用率
1019P64JXOTBCAP,2025-04-07 12:00:00,0.9696969696969697,1,高利用率
1019P64JXOTBCAP,2025-04-07 18:00:00,0.8383838383838383,6,高利用率
1019P64JXOTBCAP,2025-04-08 00:00:00,0.6515151515151515,6,中利用率
1019P64JXOTBCAP,2025-04-08 06:00:00,0.6464646464646465,6,中利用率
1019P64JXOTBCAP,2025-04-08 18:00:00,0.8838383838383838,6,高利用率
1019P64JXOTBCAP,2025-04-09 00:00:00,0.6060606060606061,6,中利用率
1019P64JXOTBCAP,2025-04-09 06:00:00,0.6111111111111112,6,中利用率
1019P64JXOTBCAP,2025-04-09 18:00:00,0.7222222222222223,6,高利用率
1019P64JXOTBCAP,2025-04-10 00:00:00,0.6212121212121212,6,中利用率
1019P64JXOTBCAP,2025-04-10 06:00:00,0.6565656565656566,6,中利用率
1019P64JXOTBCAP,2025-04-10 18:00:00,0.8535353535353535,6,高利用率
1019P64JXOTBCAP,2025-04-11 00:00:00,0.6717171717171717,6,中利用率
1019P64JXOTBCAP,2025-04-11 06:00:00,0.6363636363636364,6,中利用率
1019P64JXOTBCAP,2025-04-11 18:00:00,0.9494949494949495,3,高利用率
1019P64JXOTBCAP,2025-04-12 00:00:00,0.31313131313131315,6,中利用率
1019P64JXOTBCAP,2025-04-12 06:00:00,0.31313131313131315,6,中利用率
1019P64JXOTBCAP,2025-04-12 12:00:00,0.5555555555555556,6,中利用率
1019P64JXOTBCAP,2025-04-12 18:00:00,0.47979797979797983,6,中利用率
1019P64JXOTBCAP,2025-04-13 00:00:00,0.3383838383838384,6,中利用率
1019P64JXOTBCAP,2025-04-13 06:00:00,0.30303030303030304,6,中利用率
1019P64JXOTBCAP,2025-04-13 12:00:00,0.6262626262626263,6,中利用率
1019P64JXOTBCAP,2025-04-13 18:00:00,0.5505050505050505,6,中利用率
1019PDAS7RIP7GH,2025-03-03 06:00:00,0.4444444444444444,2,中利用率
1019PDAS7RIP7GH,2025-03-03 07:00:00,0.4444444444444444,6,中利用率
1019PDAS7RIP7GH,2025-03-03 08:00:00,0.6172839506172839,6,中利用率
1019PDAS7RIP7GH,2025-03-03 09:00:00,0.6975308641975309,6,中利用率
1019PDAS7RIP7GH,2025-03-03 10:00:00,0.8209876543209876,6,高利用率
1019PDAS7RIP7GH,2025-03-03 11:00:00,0.7530864197530863,6,高利用率
1019PDAS7RIP7GH,2025-03-03 12:00:00,0.7098765432098766,6,高利用率
1019PDAS7RIP7GH,2025-03-03 13:00:00,0.7345679012345679,6,高利用率
1019PDAS7RIP7GH,2025-03-03 14:00:00,0.8024691358024691,6,高利用率
1019PDAS7RIP7GH,2025-03-03 15:00:00,0.7962962962962963,6,高利用率
1019PDAS7RIP7GH,2025-03-03 16:00:00,0.7407407407407408,6,高利用率
1019PDAS7RIP7GH,2025-03-03 17:00:00,0.5617283950617283,6,中利用率
1019PDAS7RIP7GH,2025-03-03 18:00:00,0.5555555555555555,6,中利用率
1019PDAS7RIP7GH,2025-03-03 19:00:00,0.5308641975308642,6,中利用率
1019PDAS7RIP7GH,2025-03-03 20:00:00,0.48765432098765427,6,中利用率
1019PDAS7RIP7GH,2025-03-03 21:00:00,0.5802469135802469,6,中利用率
1019PDAS7RIP7GH,2025-03-03 22:00:00,0.611111111111111,6,中利用率
1019PDAS7RIP7GH,2025-03-03 23:00:00,0.5555555555555555,6,中利用率
1019PDAS7RIP7GH,2025-03-04 00:00:00,0.48148148148148145,6,中利用率
1019PDAS7RIP7GH,2025-03-04 01:00:00,0.4444444444444444,6,中利用率
1019PDAS7RIP7GH,2025-03-04 02:00:00,0.4444444444444444,6,中利用率
1019PDAS7RIP7GH,2025-03-04 03:00:00,0.4444444444444444,3,中利用率
1019PDAS7RIP7GH,2025-04-07 00:00:00,0.6666666666666666,6,中利用率
1019PDAS7RIP7GH,2025-04-07 06:00:00,0.6666666666666666,6,中利用率
1019PDAS7RIP7GH,2025-04-07 12:00:00,0.808641975308642,6,高利用率
1019PDAS7RIP7GH,2025-04-07 18:00:00,0.7098765432098766,6,高利用率
1019PDAS7RIP7GH,2025-04-08 00:00:00,0.6666666666666666,6,中利用率
1019PDAS7RIP7GH,2025-04-08 06:00:00,0.7037037037037037,6,高利用率
1019PDAS7RIP7GH,2025-04-08 12:00:00,0.7962962962962963,6,高利用率
1019PDAS7RIP7GH,2025-04-08 18:00:00,0.7160493827160493,6,高利用率
1019PDAS7RIP7GH,2025-04-09 00:00:00,0.7037037037037037,6,高利用率
1019PDAS7RIP7GH,2025-04-09 06:00:00,0.6666666666666666,6,中利用率
1019PDAS7RIP7GH,2025-04-09 18:00:00,0.7160493827160493,6,高利用率
1019PDAS7RIP7GH,2025-04-10 00:00:00,0.6666666666666666,6,中利用率
1019PDAS7RIP7GH,2025-04-10 06:00:00,0.6666666666666666,6,中利用率
1019PDAS7RIP7GH,2025-04-10 12:00:00,0.7716049382716049,6,高利用率
1019PDAS7RIP7GH,2025-04-10 18:00:00,0.7407407407407408,6,高利用率
1019PDAS7RIP7GH,2025-04-11 00:00:00,0.7037037037037037,6,高利用率
1019PDAS7RIP7GH,2025-04-11 06:00:00,0.7037037037037037,6,高利用率
1019PDAS7RIP7GH,2025-04-11 12:00:00,0.8580246913580246,6,高利用率
1019PDAS7RIP7GH,2025-04-11 18:00:00,0.8148148148148149,6,高利用率
1019PDAS7RIP7GH,2025-04-12 00:00:00,0.25925925925925924,6,低利用率
1019PDAS7RIP7GH,2025-04-12 06:00:00,0.2962962962962963,6,低利用率
1019PDAS7RIP7GH,2025-04-12 12:00:00,0.419753086419753,6,中利用率
1019PDAS7RIP7GH,2025-04-12 18:00:00,0.32716049382716045,6,中利用率
1019PDAS7RIP7GH,2025-04-13 00:00:00,0.25925925925925924,6,低利用率
1019PDAS7RIP7GH,2025-04-13 06:00:00,0.345679012345679,6,中利用率
1019PDAS7RIP7GH,2025-04-13 12:00:00,0.32098765432098764,6,中利用率
1019PDAS7RIP7GH,2025-04-13 18:00:00,0.43209876543209874,6,中利用率
1019PDPET4GWE81,2025-03-03 06:00:00,0.42857142857142855,2,中利用率
1019PDPET4GWE81,2025-03-03 07:00:00,0.4761904761904762,6,中利用率
1019PDPET4GWE81,2025-03-03 08:00:00,0.5357142857142857,6,中利用率
1019PDPET4GWE81,2025-03-03 09:00:00,0.9047619047619048,3,高利用率
1019PDPET4GWE81,2025-03-03 10:00:00,0.9285714285714286,1,高利用率
1019PDPET4GWE81,2025-03-03 15:00:00,0.9285714285714286,2,高利用率
1019PDPET4GWE81,2025-03-03 17:00:00,0.7285714285714285,5,高利用率
1019PDPET4GWE81,2025-03-03 18:00:00,0.4523809523809524,6,中利用率
1019PDPET4GWE81,2025-03-03 19:00:00,0.42857142857142855,6,中利用率
1019PDPET4GWE81,2025-03-03 20:00:00,0.42857142857142855,6,中利用率
1019PDPET4GWE81,2025-03-03 21:00:00,0.42857142857142855,6,中利用率
1019PDPET4GWE81,2025-03-03 22:00:00,0.42857142857142855,6,中利用率
1019PDPET4GWE81,2025-03-03 23:00:00,0.42857142857142855,6,中利用率
1019PDPET4GWE81,2025-03-04 00:00:00,0.42857142857142855,6,中利用率
1019PDPET4GWE81,2025-03-04 01:00:00,0.42857142857142855,6,中利用率
1019PDPET4GWE81,2025-03-04 02:00:00,0.42857142857142855,6,中利用率
1019PDPET4GWE81,2025-03-04 03:00:00,0.42857142857142855,3,中利用率
1019PDPET4GWE81,2025-04-07 00:00:00,0.2857142857142857,6,低利用率
1019PDPET4GWE81,2025-04-07 06:00:00,0.2857142857142857,6,低利用率
1019PDPET4GWE81,2025-04-07 12:00:00,0.8928571428571428,6,高利用率
1019PDPET4GWE81,2025-04-07 18:00:00,0.45238095238095233,6,中利用率
1019PDPET4GWE81,2025-04-08 00:00:00,0.36904761904761907,6,中利用率
1019PDPET4GWE81,2025-04-08 06:00:00,0.35714285714285715,6,中利用率
1019PDPET4GWE81,2025-04-08 12:00:00,0.7142857142857143,6,高利用率
1019PDPET4GWE81,2025-04-08 18:00:00,0.38095238095238093,6,中利用率
1019PDPET4GWE81,2025-04-09 00:00:00,0.44047619047619047,6,中利用率
1019PDPET4GWE81,2025-04-09 06:00:00,0.42857142857142855,6,中利用率
1019PDPET4GWE81,2025-04-09 18:00:00,0.6428571428571429,6,中利用率
1019PDPET4GWE81,2025-04-10 00:00:00,0.5,6,中利用率
1019PDPET4GWE81,2025-04-10 06:00:00,0.5,6,中利用率
1019PDPET4GWE81,2025-04-10 12:00:00,0.8571428571428571,6,高利用率
1019PDPET4GWE81,2025-04-10 18:00:00,0.5476190476190476,6,中利用率
1019PDPET4GWE81,2025-04-11 00:00:00,0.5,6,中利用率
1019PDPET4GWE81,2025-04-11 06:00:00,0.5,6,中利用率
1019PDPET4GWE81,2025-04-11 12:00:00,0.7142857142857143,6,高利用率
1019PDPET4GWE81,2025-04-11 18:00:00,0.6190476190476191,6,中利用率
1019PDPET4GWE81,2025-04-12 00:00:00,0.42857142857142855,6,中利用率
1019PDPET4GWE81,2025-04-12 06:00:00,0.42857142857142855,6,中利用率
1019PDPET4GWE81,2025-04-12 12:00:00,0.5714285714285714,6,中利用率
1019PDPET4GWE81,2025-04-12 18:00:00,0.48809523809523814,6,中利用率
1019PDPET4GWE81,2025-04-13 00:00:00,0.35714285714285715,6,中利用率
1019PDPET4GWE81,2025-04-13 06:00:00,0.35714285714285715,6,中利用率
1019PDPET4GWE81,2025-04-13 12:00:00,0.6428571428571429,6,中利用率
1019PDPET4GWE81,2025-04-13 18:00:00,0.4761904761904761,6,中利用率
1019PPRJOVPQXA9,2025-04-07 00:00:00,0.0,6,低利用率
1019PPRJOVPQXA9,2025-04-07 06:00:00,0.0,6,低利用率
1019PPRJOVPQXA9,2025-04-07 12:00:00,0.6428571428571429,6,中利用率
1019PPRJOVPQXA9,2025-04-07 18:00:00,0.35714285714285715,6,中利用率
1019PPRJOVPQXA9,2025-04-08 00:00:00,0.21428571428571427,6,低利用率
1019PPRJOVPQXA9,2025-04-08 06:00:00,0.23809523809523805,6,低利用率
1019PPRJOVPQXA9,2025-04-08 12:00:00,0.9047619047619048,3,高利用率
1019PPRJOVPQXA9,2025-04-08 18:00:00,0.6904761904761906,6,中利用率
1019PPRJOVPQXA9,2025-04-09 00:00:00,0.35714285714285715,6,中利用率
1019PPRJOVPQXA9,2025-04-09 06:00:00,0.35714285714285715,6,中利用率
1019PPRJOVPQXA9,2025-04-09 18:00:00,0.5714285714285715,6,中利用率
1019PPRJOVPQXA9,2025-04-10 00:00:00,0.2857142857142857,6,低利用率
1019PPRJOVPQXA9,2025-04-10 06:00:00,0.2857142857142857,6,低利用率
1019PPRJOVPQXA9,2025-04-10 12:00:00,0.7023809523809524,6,高利用率
1019PPRJOVPQXA9,2025-04-10 18:00:00,0.5714285714285715,6,中利用率
1019PPRJOVPQXA9,2025-04-11 00:00:00,0.2857142857142857,6,低利用率
1019PPRJOVPQXA9,2025-04-11 06:00:00,0.2857142857142857,6,低利用率
1019PPRJOVPQXA9,2025-04-11 12:00:00,0.6666666666666666,6,中利用率
1019PPRJOVPQXA9,2025-04-11 18:00:00,0.6190476190476191,6,中利用率
1019PPRJOVPQXA9,2025-04-12 00:00:00,0.2857142857142857,6,低利用率
1019PPRJOVPQXA9,2025-04-12 06:00:00,0.2857142857142857,6,低利用率
1019PPRJOVPQXA9,2025-04-12 18:00:00,0.4523809523809524,6,中利用率
1019PPRJOVPQXA9,2025-04-13 00:00:00,0.35714285714285715,6,中利用率
1019PPRJOVPQXA9,2025-04-13 06:00:00,0.35714285714285715,6,中利用率
1019PPRJOVPQXA9,2025-04-13 12:00:00,0.8333333333333334,6,高利用率
1019PPRJOVPQXA9,2025-04-13 18:00:00,0.5238095238095238,6,中利用率
1019PRTQD59LIWX,2025-03-03 06:00:00,0.3956043956043956,2,中利用率
1019PRTQD59LIWX,2025-03-03 07:00:00,0.3956043956043956,6,中利用率
1019PRTQD59LIWX,2025-03-03 08:00:00,0.3956043956043956,6,中利用率
1019PRTQD59LIWX,2025-03-03 09:00:00,0.3956043956043956,6,中利用率
1019PRTQD59LIWX,2025-03-03 10:00:00,0.3956043956043956,6,中利用率
1019PRTQD59LIWX,2025-03-03 11:00:00,0.3956043956043956,6,中利用率
1019PRTQD59LIWX,2025-03-03 12:00:00,0.3956043956043956,6,中利用率
1019PRTQD59LIWX,2025-03-03 13:00:00,0.3956043956043956,6,中利用率
1019PRTQD59LIWX,2025-03-03 14:00:00,0.3956043956043956,6,中利用率
1019PRTQD59LIWX,2025-03-03 15:00:00,0.3956043956043956,6,中利用率
1019PRTQD59LIWX,2025-03-03 16:00:00,0.3956043956043956,6,中利用率
1019PRTQD59LIWX,2025-03-03 17:00:00,0.3956043956043956,6,中利用率
1019PRTQD59LIWX,2025-03-03 18:00:00,0.3956043956043956,6,中利用率
1019PRTQD59LIWX,2025-03-03 19:00:00,0.3956043956043956,6,中利用率
1019PRTQD59LIWX,2025-03-03 20:00:00,0.3956043956043956,6,中利用率
1019PRTQD59LIWX,2025-03-03 21:00:00,0.3956043956043956,6,中利用率
1019PRTQD59LIWX,2025-03-03 22:00:00,0.3956043956043956,6,中利用率
1019PRTQD59LIWX,2025-03-03 23:00:00,0.3956043956043956,6,中利用率
1019PRTQD59LIWX,2025-03-04 00:00:00,0.3956043956043956,6,中利用率
1019PRTQD59LIWX,2025-03-04 01:00:00,0.3956043956043956,6,中利用率
1019PRTQD59LIWX,2025-03-04 02:00:00,0.3956043956043956,6,中利用率
1019PRTQD59LIWX,2025-03-04 03:00:00,0.3956043956043956,3,中利用率
1019PRTQD59LIWX,2025-04-07 00:00:00,0.3956043956043956,6,中利用率
1019PRTQD59LIWX,2025-04-07 06:00:00,0.3956043956043956,6,中利用率
1019PRTQD59LIWX,2025-04-07 12:00:00,0.3956043956043956,6,中利用率
1019PRTQD59LIWX,2025-04-07 18:00:00,0.3956043956043956,6,中利用率
1019PRTQD59LIWX,2025-04-08 00:00:00,0.3956043956043956,6,中利用率
1019PRTQD59LIWX,2025-04-08 06:00:00,0.3956043956043956,6,中利用率
1019PRTQD59LIWX,2025-04-08 12:00:00,0.3956043956043956,6,中利用率
1019PRTQD59LIWX,2025-04-08 18:00:00,0.3956043956043956,6,中利用率
1019PRTQD59LIWX,2025-04-09 00:00:00,0.3956043956043956,6,中利用率
1019PRTQD59LIWX,2025-04-09 06:00:00,0.3956043956043956,6,中利用率
1019PRTQD59LIWX,2025-04-09 18:00:00,0.3956043956043956,6,中利用率
1019PRTQD59LIWX,2025-04-10 00:00:00,0.3956043956043956,6,中利用率
1019PRTQD59LIWX,2025-04-10 06:00:00,0.3956043956043956,6,中利用率
1019PRTQD59LIWX,2025-04-10 12:00:00,0.3956043956043956,6,中利用率
1019PRTQD59LIWX,2025-04-10 18:00:00,0.3956043956043956,6,中利用率
1019PRTQD59LIWX,2025-04-11 00:00:00,0.3956043956043956,6,中利用率
1019PRTQD59LIWX,2025-04-11 06:00:00,0.3956043956043956,6,中利用率
1019PRTQD59LIWX,2025-04-11 12:00:00,0.3956043956043956,6,中利用率
1019PRTQD59LIWX,2025-04-11 18:00:00,0.3956043956043956,6,中利用率
1019PRTQD59LIWX,2025-04-12 00:00:00,0.3956043956043956,6,中利用率
1019PRTQD59LIWX,2025-04-12 06:00:00,0.3956043956043956,6,中利用率
1019PRTQD59LIWX,2025-04-12 12:00:00,0.3956043956043956,6,中利用率
1019PRTQD59LIWX,2025-04-12 18:00:00,0.3956043956043956,6,中利用率
1019PRTQD59LIWX,2025-04-13 00:00:00,0.3956043956043956,6,中利用率
1019PRTQD59LIWX,2025-04-13 06:00:00,0.3956043956043956,6,中利用率
1019PRTQD59LIWX,2025-04-13 12:00:00,0.3956043956043956,6,中利用率
1019PRTQD59LIWX,2025-04-13 18:00:00,0.3956043956043956,6,中利用率
1019Q6UK2GUCAV5,2025-03-03 06:00:00,0.29955947136563876,1,低利用率
1019Q6UK2GUCAV5,2025-03-03 07:00:00,0.33994126284875187,6,中利用率
1019Q6UK2GUCAV5,2025-03-03 08:00:00,0.45227606461086634,6,中利用率
1019Q6UK2GUCAV5,2025-03-03 09:00:00,0.4838472834067548,6,中利用率
1019Q6UK2GUCAV5,2025-03-03 10:00:00,0.47723935389133626,6,中利用率
1019Q6UK2GUCAV5,2025-03-03 11:00:00,0.4720998531571219,6,中利用率
1019Q6UK2GUCAV5,2025-03-03 12:00:00,0.4574155653450808,6,中利用率
1019Q6UK2GUCAV5,2025-03-03 13:00:00,0.45961820851688695,6,中利用率
1019Q6UK2GUCAV5,2025-03-03 14:00:00,0.4559471365638766,6,中利用率
1019Q6UK2GUCAV5,2025-03-03 15:00:00,0.4581497797356828,6,中利用率
1019Q6UK2GUCAV5,2025-03-03 16:00:00,0.4486049926578561,6,中利用率
1019Q6UK2GUCAV5,2025-03-03 17:00:00,0.341409691629956,6,中利用率
1019Q6UK2GUCAV5,2025-03-03 18:00:00,0.32305433186490456,6,中利用率
1019Q6UK2GUCAV5,2025-03-03 19:00:00,0.37151248164464024,6,中利用率
1019Q6UK2GUCAV5,2025-03-03 20:00:00,0.341409691629956,6,中利用率
1019Q6UK2GUCAV5,2025-03-03 21:00:00,0.27459618208516884,6,低利用率
1019Q6UK2GUCAV5,2025-03-03 22:00:00,0.27312775330396477,6,低利用率
1019Q6UK2GUCAV5,2025-03-03 23:00:00,0.27312775330396477,6,低利用率
1019Q6UK2GUCAV5,2025-03-04 00:00:00,0.27312775330396477,6,低利用率
1019Q6UK2GUCAV5,2025-03-04 01:00:00,0.27312775330396477,6,低利用率
1019Q6UK2GUCAV5,2025-03-04 02:00:00,0.27312775330396477,6,低利用率
1019Q6UK2GUCAV5,2025-03-04 03:00:00,0.27312775330396477,3,低利用率
1019Q6UK2GUCAV5,2025-04-07 00:00:00,0.29955947136563876,6,低利用率
1019Q6UK2GUCAV5,2025-04-07 06:00:00,0.30837004405286345,6,中利用率
1019Q6UK2GUCAV5,2025-04-07 12:00:00,0.4985315712187959,6,中利用率
1019Q6UK2GUCAV5,2025-04-07 18:00:00,0.3487518355359765,6,中利用率
1019Q6UK2GUCAV5,2025-04-08 00:00:00,0.30837004405286345,6,中利用率
1019Q6UK2GUCAV5,2025-04-08 06:00:00,0.32158590308370044,6,中利用率
1019Q6UK2GUCAV5,2025-04-08 12:00:00,0.5022026431718062,6,中利用率
1019Q6UK2GUCAV5,2025-04-08 18:00:00,0.3472834067547724,6,中利用率
1019Q6UK2GUCAV5,2025-04-09 00:00:00,0.31277533039647576,6,中利用率
1019Q6UK2GUCAV5,2025-04-09 06:00:00,0.3274596182085169,6,中利用率
1019Q6UK2GUCAV5,2025-04-09 18:00:00,0.34654919236417037,6,中利用率
1019Q6UK2GUCAV5,2025-04-10 00:00:00,0.32158590308370044,6,中利用率
1019Q6UK2GUCAV5,2025-04-10 06:00:00,0.33847283406754775,6,中利用率
1019Q6UK2GUCAV5,2025-04-10 12:00:00,0.5227606461086637,6,中利用率
1019Q6UK2GUCAV5,2025-04-10 18:00:00,0.3318649045521292,6,中利用率
1019Q6UK2GUCAV5,2025-04-11 00:00:00,0.31277533039647576,6,中利用率
1019Q6UK2GUCAV5,2025-04-11 06:00:00,0.3267254038179149,6,中利用率
1019Q6UK2GUCAV5,2025-04-11 12:00:00,0.5308370044052864,6,中利用率
1019Q6UK2GUCAV5,2025-04-11 18:00:00,0.34948604992657856,6,中利用率
1019Q6UK2GUCAV5,2025-04-12 00:00:00,0.33480176211453744,6,中利用率
1019Q6UK2GUCAV5,2025-04-12 06:00:00,0.3392070484581498,6,中利用率
1019Q6UK2GUCAV5,2025-04-12 12:00:00,0.4008810572687225,6,中利用率
1019Q6UK2GUCAV5,2025-04-12 18:00:00,0.3171806167400881,6,中利用率
1019Q6UK2GUCAV5,2025-04-13 00:00:00,0.31277533039647576,6,中利用率
1019Q6UK2GUCAV5,2025-04-13 06:00:00,0.32158590308370044,6,中利用率
1019Q6UK2GUCAV5,2025-04-13 12:00:00,0.4287812041116006,6,中利用率
1019Q6UK2GUCAV5,2025-04-13 18:00:00,0.3208516886930984,6,中利用率
1019QKKS3RWOFEP,2025-03-03 06:00:00,0.0,1,低利用率
1019QKKS3RWOFEP,2025-03-03 07:00:00,0.003472222222222222,6,低利用率
1019QKKS3RWOFEP,2025-03-03 08:00:00,0.4583333333333333,5,中利用率
1019QKKS3RWOFEP,2025-03-03 11:00:00,0.90625,4,高利用率
1019QKKS3RWOFEP,2025-03-03 12:00:00,0.8402777777777778,6,高利用率
1019QKKS3RWOFEP,2025-03-03 13:00:00,0.9166666666666667,2,高利用率
1019QKKS3RWOFEP,2025-03-03 15:00:00,0.9583333333333334,1,高利用率
1019QKKS3RWOFEP,2025-03-03 16:00:00,0.9739583333333333,4,高利用率
1019QKKS3RWOFEP,2025-03-03 17:00:00,0.6840277777777778,6,中利用率
1019QKKS3RWOFEP,2025-03-03 18:00:00,0.16319444444444445,6,低利用率
1019QKKS3RWOFEP,2025-03-03 19:00:00,0.06597222222222222,6,低利用率
1019QKKS3RWOFEP,2025-03-03 20:00:00,0.013888888888888888,6,低利用率
1019QKKS3RWOFEP,2025-03-03 21:00:00,0.0,6,低利用率
1019QKKS3RWOFEP,2025-03-03 22:00:00,0.0,6,低利用率
1019QKKS3RWOFEP,2025-03-03 23:00:00,0.0,6,低利用率
1019QKKS3RWOFEP,2025-03-04 00:00:00,0.0,6,低利用率
1019QKKS3RWOFEP,2025-03-04 01:00:00,0.0,6,低利用率
1019QKKS3RWOFEP,2025-03-04 02:00:00,0.0,6,低利用率
1019QKKS3RWOFEP,2025-03-04 03:00:00,0.0,3,低利用率
1019QKKS3RWOFEP,2025-04-07 00:00:00,0.024305555555555552,6,低利用率
1019QKKS3RWOFEP,2025-04-07 06:00:00,0.020833333333333332,6,低利用率
1019QKKS3RWOFEP,2025-04-07 12:00:00,0.7430555555555557,6,高利用率
1019QKKS3RWOFEP,2025-04-07 18:00:00,0.23611111111111113,6,低利用率
1019QKKS3RWOFEP,2025-04-08 00:00:00,0.0,6,低利用率
1019QKKS3RWOFEP,2025-04-08 06:00:00,0.0,6,低利用率
1019QKKS3RWOFEP,2025-04-08 12:00:00,0.7638888888888888,6,高利用率
1019QKKS3RWOFEP,2025-04-08 18:00:00,0.16319444444444445,6,低利用率
1019QKKS3RWOFEP,2025-04-09 00:00:00,0.0,6,低利用率
1019QKKS3RWOFEP,2025-04-09 06:00:00,0.010416666666666666,6,低利用率
1019QKKS3RWOFEP,2025-04-09 18:00:00,0.7708333333333334,6,高利用率
1019QKKS3RWOFEP,2025-04-10 00:00:00,0.5625,6,中利用率
1019QKKS3RWOFEP,2025-04-10 06:00:00,0.5798611111111112,6,中利用率
1019QKKS3RWOFEP,2025-04-10 12:00:00,0.8993055555555555,6,高利用率
1019QKKS3RWOFEP,2025-04-10 18:00:00,0.3854166666666667,6,中利用率
1019QKKS3RWOFEP,2025-04-11 00:00:00,0.21875,6,低利用率
1019QKKS3RWOFEP,2025-04-11 06:00:00,0.21180555555555558,6,低利用率
1019QKKS3RWOFEP,2025-04-11 12:00:00,0.9791666666666666,3,高利用率
1019QKKS3RWOFEP,2025-04-11 18:00:00,0.40277777777777785,6,中利用率
1019QKKS3RWOFEP,2025-04-12 00:00:00,0.1875,6,低利用率
1019QKKS3RWOFEP,2025-04-12 06:00:00,0.16666666666666666,6,低利用率
1019QKKS3RWOFEP,2025-04-12 12:00:00,0.5034722222222222,6,中利用率
1019QKKS3RWOFEP,2025-04-12 18:00:00,0.2222222222222222,6,低利用率
1019QKKS3RWOFEP,2025-04-13 00:00:00,0.07291666666666667,6,低利用率
1019QKKS3RWOFEP,2025-04-13 06:00:00,0.07291666666666667,6,低利用率
1019QKKS3RWOFEP,2025-04-13 12:00:00,0.3159722222222222,6,中利用率
1019QKKS3RWOFEP,2025-04-13 18:00:00,0.1423611111111111,6,低利用率
1019QQI47MBE48X,2025-04-07 00:00:00,0.84,6,高利用率
1019QQI47MBE48X,2025-04-07 06:00:00,0.8533333333333334,6,高利用率
1019QQI47MBE48X,2025-04-08 00:00:00,0.8000000000000002,6,高利用率
1019QQI47MBE48X,2025-04-08 06:00:00,0.8066666666666666,6,高利用率
1019REU2R6D37Y9,2025-03-03 06:00:00,0.43926788685524126,2,中利用率
1019REU2R6D37Y9,2025-03-03 07:00:00,0.4403771491957848,6,中利用率
1019REU2R6D37Y9,2025-03-03 08:00:00,0.44647809206877426,6,中利用率
1019REU2R6D37Y9,2025-03-03 09:00:00,0.4312257348863006,6,中利用率
1019REU2R6D37Y9,2025-03-03 10:00:00,0.4364947310038824,6,中利用率
1019REU2R6D37Y9,2025-03-03 11:00:00,0.43788130892956184,6,中利用率
1019REU2R6D37Y9,2025-03-03 12:00:00,0.4370493621741542,6,中利用率
1019REU2R6D37Y9,2025-03-03 13:00:00,0.4353854686633389,6,中利用率
1019REU2R6D37Y9,2025-03-03 14:00:00,0.4337215751525236,6,中利用率
1019REU2R6D37Y9,2025-03-03 15:00:00,0.43788130892956184,6,中利用率
1019REU2R6D37Y9,2025-03-03 16:00:00,0.5155296727676095,6,中利用率
1019REU2R6D37Y9,2025-03-03 17:00:00,0.4384359400998336,6,中利用率
1019REU2R6D37Y9,2025-03-03 18:00:00,0.43954520244037715,6,中利用率
1019REU2R6D37Y9,2025-03-03 19:00:00,0.44093178036605657,6,中利用率
1019REU2R6D37Y9,2025-03-03 20:00:00,0.44120909595119245,6,中利用率
1019REU2R6D37Y9,2025-03-03 21:00:00,0.44093178036605657,6,中利用率
1019REU2R6D37Y9,2025-03-03 22:00:00,0.44093178036605657,6,中利用率
1019REU2R6D37Y9,2025-03-03 23:00:00,0.44093178036605657,6,中利用率
1019REU2R6D37Y9,2025-03-04 00:00:00,0.44093178036605657,6,中利用率
1019REU2R6D37Y9,2025-03-04 01:00:00,0.44093178036605657,6,中利用率
1019REU2R6D37Y9,2025-03-04 02:00:00,0.44093178036605657,6,中利用率
1019REU2R6D37Y9,2025-03-04 03:00:00,0.44093178036605657,3,中利用率
1019REU2R6D37Y9,2025-04-07 00:00:00,0.4459234608985025,6,中利用率
1019REU2R6D37Y9,2025-04-07 06:00:00,0.44315030504714364,6,中利用率
1019REU2R6D37Y9,2025-04-07 12:00:00,0.4417637271214642,6,中利用率
1019REU2R6D37Y9,2025-04-07 18:00:00,0.4478646699944537,6,中利用率
1019REU2R6D37Y9,2025-04-08 00:00:00,0.4475873544093178,6,中利用率
1019REU2R6D37Y9,2025-04-08 06:00:00,0.44315030504714364,6,中利用率
1019REU2R6D37Y9,2025-04-08 12:00:00,0.4442595673876872,6,中利用率
1019REU2R6D37Y9,2025-04-08 18:00:00,0.4462007764836384,6,中利用率
1019REU2R6D37Y9,2025-04-09 00:00:00,0.4475873544093178,6,中利用率
1019REU2R6D37Y9,2025-04-09 06:00:00,0.44675540765391014,6,中利用率
1019REU2R6D37Y9,2025-04-09 18:00:00,0.447032723239046,6,中利用率
1019REU2R6D37Y9,2025-04-10 00:00:00,0.4509151414309484,6,中利用率
1019REU2R6D37Y9,2025-04-10 06:00:00,0.44647809206877426,6,中利用率
1019REU2R6D37Y9,2025-04-10 12:00:00,0.4473100388241819,6,中利用率
1019REU2R6D37Y9,2025-04-10 18:00:00,0.4492512479201331,6,中利用率
1019REU2R6D37Y9,2025-04-11 00:00:00,0.4492512479201331,6,中利用率
1019REU2R6D37Y9,2025-04-11 06:00:00,0.44814198557958956,6,中利用率
1019REU2R6D37Y9,2025-04-11 12:00:00,0.4514697726012202,6,中利用率
1019REU2R6D37Y9,2025-04-11 18:00:00,0.45757071547420963,6,中利用率
1019REU2R6D37Y9,2025-04-12 00:00:00,0.46089850249584025,6,中利用率
1019REU2R6D37Y9,2025-04-12 06:00:00,0.45923460898502494,6,中利用率
1019REU2R6D37Y9,2025-04-12 12:00:00,0.4561841375485302,6,中利用率
1019REU2R6D37Y9,2025-04-12 18:00:00,0.4559068219633943,6,中利用率
1019REU2R6D37Y9,2025-04-13 00:00:00,0.45757071547420963,6,中利用率
1019REU2R6D37Y9,2025-04-13 06:00:00,0.4559068219633943,6,中利用率
1019REU2R6D37Y9,2025-04-13 12:00:00,0.45368829728230725,6,中利用率
1019REU2R6D37Y9,2025-04-13 18:00:00,0.454242928452579,6,中利用率
1019S5R3X1SOHS1,2025-03-03 06:00:00,0.6190476190476191,1,中利用率
1019S5R3X1SOHS1,2025-03-03 07:00:00,0.6190476190476191,6,中利用率
1019S5R3X1SOHS1,2025-03-03 08:00:00,0.6190476190476191,6,中利用率
1019S5R3X1SOHS1,2025-03-03 09:00:00,0.6190476190476191,6,中利用率
1019S5R3X1SOHS1,2025-03-03 10:00:00,0.6190476190476191,6,中利用率
1019S5R3X1SOHS1,2025-03-03 11:00:00,0.6190476190476191,6,中利用率
1019S5R3X1SOHS1,2025-03-03 12:00:00,0.6190476190476191,6,中利用率
1019S5R3X1SOHS1,2025-03-03 13:00:00,0.6190476190476191,6,中利用率
1019S5R3X1SOHS1,2025-03-03 14:00:00,0.6190476190476191,6,中利用率
1019S5R3X1SOHS1,2025-03-03 15:00:00,0.6190476190476191,6,中利用率
1019S5R3X1SOHS1,2025-03-03 16:00:00,0.6190476190476191,6,中利用率
1019S5R3X1SOHS1,2025-03-03 17:00:00,0.6190476190476191,6,中利用率
1019S5R3X1SOHS1,2025-03-03 18:00:00,0.6190476190476191,6,中利用率
1019S5R3X1SOHS1,2025-03-03 19:00:00,0.6190476190476191,6,中利用率
1019S5R3X1SOHS1,2025-03-03 20:00:00,0.6190476190476191,6,中利用率
1019S5R3X1SOHS1,2025-03-03 21:00:00,0.6190476190476191,6,中利用率
1019S5R3X1SOHS1,2025-03-03 22:00:00,0.6190476190476191,6,中利用率
1019S5R3X1SOHS1,2025-03-03 23:00:00,0.6190476190476191,6,中利用率
1019S5R3X1SOHS1,2025-03-04 00:00:00,0.6190476190476191,6,中利用率
1019S5R3X1SOHS1,2025-03-04 01:00:00,0.6190476190476191,6,中利用率
1019S5R3X1SOHS1,2025-03-04 02:00:00,0.6190476190476191,6,中利用率
1019S5R3X1SOHS1,2025-03-04 03:00:00,0.6190476190476191,3,中利用率
1019S5R3X1SOHS1,2025-04-07 00:00:00,0.6190476190476191,6,中利用率
1019S5R3X1SOHS1,2025-04-07 06:00:00,0.6190476190476191,6,中利用率
1019S5R3X1SOHS1,2025-04-07 12:00:00,0.6190476190476191,6,中利用率
1019S5R3X1SOHS1,2025-04-07 18:00:00,0.6190476190476191,6,中利用率
1019S5R3X1SOHS1,2025-04-08 00:00:00,0.6190476190476191,6,中利用率
1019S5R3X1SOHS1,2025-04-08 06:00:00,0.6190476190476191,6,中利用率
1019S5R3X1SOHS1,2025-04-08 12:00:00,0.6190476190476191,6,中利用率
1019S5R3X1SOHS1,2025-04-08 18:00:00,0.6190476190476191,6,中利用率
1019S5R3X1SOHS1,2025-04-09 00:00:00,0.6190476190476191,6,中利用率
1019S5R3X1SOHS1,2025-04-09 06:00:00,0.6190476190476191,6,中利用率
1019S5R3X1SOHS1,2025-04-09 18:00:00,0.6190476190476191,6,中利用率
1019S5R3X1SOHS1,2025-04-10 00:00:00,0.6190476190476191,6,中利用率
1019S5R3X1SOHS1,2025-04-10 06:00:00,0.6190476190476191,6,中利用率
1019S5R3X1SOHS1,2025-04-10 12:00:00,0.6190476190476191,6,中利用率
1019S5R3X1SOHS1,2025-04-10 18:00:00,0.6190476190476191,6,中利用率
1019S5R3X1SOHS1,2025-04-11 00:00:00,0.6190476190476191,6,中利用率
1019S5R3X1SOHS1,2025-04-11 06:00:00,0.6190476190476191,6,中利用率
1019S5R3X1SOHS1,2025-04-11 12:00:00,0.6190476190476191,6,中利用率
1019S5R3X1SOHS1,2025-04-11 18:00:00,0.6190476190476191,6,中利用率
1019S5R3X1SOHS1,2025-04-12 00:00:00,0.6190476190476191,6,中利用率
1019S5R3X1SOHS1,2025-04-12 06:00:00,0.6190476190476191,6,中利用率
1019S5R3X1SOHS1,2025-04-12 12:00:00,0.6190476190476191,6,中利用率
1019S5R3X1SOHS1,2025-04-12 18:00:00,0.6190476190476191,6,中利用率
1019S5R3X1SOHS1,2025-04-13 00:00:00,0.6190476190476191,6,中利用率
1019S5R3X1SOHS1,2025-04-13 06:00:00,0.6190476190476191,6,中利用率
1019S5R3X1SOHS1,2025-04-13 12:00:00,0.6190476190476191,6,中利用率
1019S5R3X1SOHS1,2025-04-13 18:00:00,0.6190476190476191,6,中利用率
1019SEVYY7X0W75,2025-03-03 06:00:00,0.0,2,低利用率
1019SEVYY7X0W75,2025-03-03 07:00:00,0.014492753623188406,6,低利用率
1019SEVYY7X0W75,2025-03-03 08:00:00,0.057971014492753624,6,低利用率
1019SEVYY7X0W75,2025-03-03 09:00:00,0.050724637681159424,6,低利用率
1019SEVYY7X0W75,2025-03-03 10:00:00,0.016908212560386476,6,低利用率
1019SEVYY7X0W75,2025-03-03 11:00:00,0.03140096618357488,6,低利用率
1019SEVYY7X0W75,2025-03-03 12:00:00,0.007246376811594203,6,低利用率
1019SEVYY7X0W75,2025-03-03 13:00:00,0.007246376811594203,6,低利用率
1019SEVYY7X0W75,2025-03-03 14:00:00,0.012077294685990338,6,低利用率
1019SEVYY7X0W75,2025-03-03 15:00:00,0.016908212560386476,6,低利用率
1019SEVYY7X0W75,2025-03-03 16:00:00,0.03864734299516908,6,低利用率
1019SEVYY7X0W75,2025-03-03 17:00:00,0.03140096618357488,6,低利用率
1019SEVYY7X0W75,2025-03-03 18:00:00,0.0,6,低利用率
1019SEVYY7X0W75,2025-03-03 19:00:00,0.0,6,低利用率
1019SEVYY7X0W75,2025-03-03 20:00:00,0.0,6,低利用率
1019SEVYY7X0W75,2025-03-03 21:00:00,0.0,6,低利用率
1019SEVYY7X0W75,2025-03-03 22:00:00,0.00966183574879227,6,低利用率
1019SEVYY7X0W75,2025-03-03 23:00:00,0.0024154589371980675,6,低利用率
1019SEVYY7X0W75,2025-03-04 00:00:00,0.0,6,低利用率
1019SEVYY7X0W75,2025-03-04 01:00:00,0.0,6,低利用率
1019SEVYY7X0W75,2025-03-04 02:00:00,0.0,6,低利用率
1019SEVYY7X0W75,2025-03-04 03:00:00,0.0,3,低利用率
1019SEVYY7X0W75,2025-04-07 00:00:00,0.0,6,低利用率
1019SEVYY7X0W75,2025-04-07 06:00:00,0.00966183574879227,6,低利用率
1019SEVYY7X0W75,2025-04-07 12:00:00,0.021739130434782608,6,低利用率
1019SEVYY7X0W75,2025-04-07 18:00:00,0.01932367149758454,6,低利用率
1019SEVYY7X0W75,2025-04-08 00:00:00,0.014492753623188406,6,低利用率
1019SEVYY7X0W75,2025-04-08 06:00:00,0.024154589371980676,6,低利用率
1019SEVYY7X0W75,2025-04-08 12:00:00,0.007246376811594203,6,低利用率
1019SEVYY7X0W75,2025-04-08 18:00:00,0.0,6,低利用率
1019SEVYY7X0W75,2025-04-09 00:00:00,0.0,6,低利用率
1019SEVYY7X0W75,2025-04-09 06:00:00,0.014492753623188406,6,低利用率
1019SEVYY7X0W75,2025-04-09 18:00:00,0.021739130434782608,6,低利用率
1019SEVYY7X0W75,2025-04-10 00:00:00,0.012077294685990338,6,低利用率
1019SEVYY7X0W75,2025-04-10 06:00:00,0.004830917874396135,6,低利用率
1019SEVYY7X0W75,2025-04-10 12:00:00,0.016908212560386476,6,低利用率
1019SEVYY7X0W75,2025-04-10 18:00:00,0.026570048309178747,6,低利用率
1019SEVYY7X0W75,2025-04-11 00:00:00,0.0,6,低利用率
1019SEVYY7X0W75,2025-04-11 06:00:00,0.00966183574879227,6,低利用率
1019SEVYY7X0W75,2025-04-11 12:00:00,0.014492753623188406,6,低利用率
1019SEVYY7X0W75,2025-04-11 18:00:00,0.00966183574879227,6,低利用率
1019SEVYY7X0W75,2025-04-12 00:00:00,0.014492753623188406,6,低利用率
1019SEVYY7X0W75,2025-04-12 06:00:00,0.01932367149758454,6,低利用率
1019SEVYY7X0W75,2025-04-12 12:00:00,0.012077294685990338,6,低利用率
1019SEVYY7X0W75,2025-04-12 18:00:00,0.03864734299516908,6,低利用率
1019SEVYY7X0W75,2025-04-13 00:00:00,0.0,6,低利用率
1019SEVYY7X0W75,2025-04-13 06:00:00,0.0,6,低利用率
1019SEVYY7X0W75,2025-04-13 12:00:00,0.043478260869565216,6,低利用率
1019SEVYY7X0W75,2025-04-13 18:00:00,0.04589371980676329,6,低利用率
101A71EYEGIL5A9,2025-04-12 00:00:00,0.196969696969697,6,低利用率
101A71EYEGIL5A9,2025-04-12 06:00:00,0.08585858585858586,6,低利用率
101A71EYEGIL5A9,2025-04-12 12:00:00,0.3383838383838384,6,中利用率
101A71EYEGIL5A9,2025-04-12 18:00:00,0.5858585858585859,6,中利用率
101A71EYEGIL5A9,2025-04-13 00:00:00,0.5050505050505051,6,中利用率
101A71EYEGIL5A9,2025-04-13 06:00:00,0.2272727272727273,6,低利用率
101A71EYEGIL5A9,2025-04-13 12:00:00,0.40404040404040403,6,中利用率
101A71EYEGIL5A9,2025-04-13 18:00:00,0.2777777777777778,6,低利用率
24032610340324759,2024-12-09 04:00:00,1.0,11,高利用率
24032610340324759,2024-12-09 05:00:00,1.0,12,高利用率
24032610340324759,2024-12-09 06:00:00,1.0,12,高利用率
24032610340324759,2024-12-09 07:00:00,1.0,12,高利用率
24032610340324759,2024-12-09 08:00:00,1.0,12,高利用率
24032610340324759,2024-12-09 09:00:00,1.0,12,高利用率
24032610340324759,2024-12-09 10:00:00,1.0,12,高利用率
24032610340324759,2024-12-09 11:00:00,1.0,12,高利用率
24032610340324759,2024-12-09 12:00:00,1.0,12,高利用率
24032610340324759,2024-12-09 13:00:00,1.0,12,高利用率
24032610340324759,2024-12-09 14:00:00,1.0,12,高利用率
24032610340324759,2024-12-09 15:00:00,1.0,12,高利用率
24032610340324759,2024-12-09 16:00:00,1.0,12,高利用率
24032610340324759,2024-12-09 17:00:00,1.0,12,高利用率
24032610340324759,2024-12-09 18:00:00,1.0,12,高利用率
24032610340324759,2024-12-09 19:00:00,1.0,12,高利用率
24032610340324759,2024-12-09 20:00:00,1.0,12,高利用率
24032610340324759,2024-12-09 21:00:00,1.0,12,高利用率
24032610340324759,2024-12-09 22:00:00,1.0,12,高利用率
24032610340324759,2024-12-09 23:00:00,1.0,12,高利用率
24032610340324759,2024-12-10 00:00:00,1.0,12,高利用率
24032610340324759,2024-12-10 01:00:00,1.0,12,高利用率
24032610340324759,2024-12-10 02:00:00,1.0,12,高利用率
24032610340324759,2024-12-10 03:00:00,1.0,12,高利用率
24032610340324759,2024-12-10 04:00:00,1.0,12,高利用率
24032610340324759,2024-12-10 05:00:00,1.0,12,高利用率
24032610340324759,2024-12-10 06:00:00,1.0,12,高利用率
24032610340324759,2024-12-10 07:00:00,1.0,12,高利用率
24032610340324759,2024-12-10 08:00:00,1.0,12,高利用率
24032610340324759,2024-12-10 09:00:00,1.0,12,高利用率
24032610340324759,2024-12-10 10:00:00,1.0,12,高利用率
24032610340324759,2024-12-10 11:00:00,1.0,12,高利用率
24032610340324759,2024-12-10 12:00:00,1.0,12,高利用率
24032610340324759,2024-12-10 13:00:00,1.0,12,高利用率
24032610340324759,2024-12-10 14:00:00,1.0,12,高利用率
24032610340324759,2024-12-10 15:00:00,1.0,12,高利用率
24032610340324759,2024-12-10 16:00:00,1.0,12,高利用率
24032610340324759,2024-12-10 17:00:00,1.0,12,高利用率
24032610340324759,2024-12-10 18:00:00,1.0,12,高利用率
24032610340324759,2024-12-10 19:00:00,1.0,12,高利用率
24032610340324759,2024-12-10 20:00:00,1.0,12,高利用率
24032610340324759,2024-12-10 21:00:00,1.0,12,高利用率
24032610340324759,2024-12-10 22:00:00,1.0,12,高利用率
24032610340324759,2024-12-10 23:00:00,1.0,12,高利用率
24032610340324759,2024-12-11 00:00:00,1.0,12,高利用率
24032610340324759,2024-12-11 01:00:00,1.0,12,高利用率
24032610340324759,2024-12-11 02:00:00,1.0,12,高利用率
24032610340324759,2024-12-11 03:00:00,1.0,12,高利用率
24032610340324759,2024-12-11 04:00:00,1.0,12,高利用率
24032610340324759,2024-12-11 05:00:00,1.0,12,高利用率
24032610340324759,2024-12-11 06:00:00,1.0,12,高利用率
24032610340324759,2024-12-11 07:00:00,1.0,12,高利用率
24032610340324759,2024-12-11 08:00:00,1.0,12,高利用率
24032610340324759,2024-12-11 09:00:00,1.0,12,高利用率
24032610340324759,2024-12-11 10:00:00,1.0,12,高利用率
24032610340324759,2024-12-11 11:00:00,1.0,12,高利用率
24032610340324759,2024-12-11 12:00:00,1.0,12,高利用率
24032610340324759,2024-12-11 13:00:00,1.0,12,高利用率
24032610340324759,2024-12-11 14:00:00,1.0,12,高利用率
24032610340324759,2024-12-11 15:00:00,1.0,12,高利用率
24032610340324759,2024-12-11 16:00:00,1.0,12,高利用率
24032610340324759,2024-12-11 17:00:00,1.0,12,高利用率
24032610340324759,2024-12-11 18:00:00,1.0,12,高利用率
24032610340324759,2024-12-11 19:00:00,1.0,12,高利用率
24032610340324759,2024-12-11 20:00:00,1.0,2,高利用率
604002,2024-12-09 04:00:00,0.38947368421052636,12,中利用率
604002,2024-12-09 05:00:00,0.38947368421052636,12,中利用率
604002,2024-12-09 06:00:00,0.393859649122807,12,中利用率
604002,2024-12-09 07:00:00,0.3850877192982456,12,中利用率
604002,2024-12-09 08:00:00,0.3877192982456141,12,中利用率
604002,2024-12-09 09:00:00,0.393859649122807,12,中利用率
604002,2024-12-09 10:00:00,0.39035087719298245,12,中利用率
604002,2024-12-09 11:00:00,0.39035087719298245,12,中利用率
604002,2024-12-09 12:00:00,0.39210526315789473,12,中利用率
604002,2024-12-09 13:00:00,0.40438596491228074,12,中利用率
604002,2024-12-09 14:00:00,0.39999999999999997,12,中利用率
604002,2024-12-09 15:00:00,0.40350877192982454,12,中利用率
604002,2024-12-09 16:00:00,0.40438596491228074,12,中利用率
604002,2024-12-09 17:00:00,0.4000000000000001,12,中利用率
604002,2024-12-09 18:00:00,0.4000000000000001,12,中利用率
604002,2024-12-09 19:00:00,0.40087719298245617,12,中利用率
604002,2024-12-09 20:00:00,0.40964912280701754,12,中利用率
604002,2024-12-09 21:00:00,0.4157894736842105,12,中利用率
604002,2024-12-09 22:00:00,0.42368421052631583,12,中利用率
604002,2024-12-09 23:00:00,0.4105263157894737,12,中利用率
604002,2024-12-10 00:00:00,0.4000000000000001,12,中利用率
604002,2024-12-10 01:00:00,0.4000000000000001,12,中利用率
604002,2024-12-10 02:00:00,0.4000000000000001,12,中利用率
604002,2024-12-10 03:00:00,0.4000000000000001,12,中利用率
604002,2024-12-10 04:00:00,0.4000000000000001,12,中利用率
604002,2024-12-10 05:00:00,0.4000000000000001,12,中利用率
604002,2024-12-10 06:00:00,0.40175438596491225,12,中利用率
604002,2024-12-10 07:00:00,0.4052631578947368,12,中利用率
604002,2024-12-10 08:00:00,0.40438596491228074,12,中利用率
604002,2024-12-10 09:00:00,0.4000000000000001,12,中利用率
604002,2024-12-10 10:00:00,0.40350877192982454,12,中利用率
604002,2024-12-10 11:00:00,0.406140350877193,12,中利用率
604002,2024-12-10 12:00:00,0.4114035087719298,12,中利用率
604002,2024-12-10 13:00:00,0.4131578947368421,12,中利用率
604002,2024-12-10 14:00:00,0.4175438596491228,12,中利用率
604002,2024-12-10 15:00:00,0.4131578947368421,12,中利用率
604002,2024-12-10 16:00:00,0.4000000000000001,12,中利用率
604002,2024-12-10 17:00:00,0.4000000000000001,12,中利用率
604002,2024-12-10 18:00:00,0.4000000000000001,12,中利用率
604002,2024-12-10 19:00:00,0.40175438596491225,12,中利用率
604002,2024-12-10 20:00:00,0.40350877192982454,12,中利用率
604002,2024-12-10 21:00:00,0.4000000000000001,12,中利用率
604002,2024-12-10 22:00:00,0.4070175438596491,12,中利用率
604002,2024-12-10 23:00:00,0.4105263157894737,12,中利用率
604002,2024-12-11 00:00:00,0.4105263157894737,12,中利用率
604002,2024-12-11 01:00:00,0.4105263157894737,12,中利用率
604002,2024-12-11 02:00:00,0.4105263157894737,12,中利用率
604002,2024-12-11 03:00:00,0.4105263157894737,12,中利用率
604002,2024-12-11 04:00:00,0.4105263157894737,12,中利用率
604002,2024-12-11 05:00:00,0.4105263157894737,12,中利用率
604002,2024-12-11 06:00:00,0.4105263157894737,12,中利用率
604002,2024-12-11 07:00:00,0.40263157894736845,12,中利用率
604002,2024-12-11 08:00:00,0.40175438596491225,12,中利用率
604002,2024-12-11 09:00:00,0.4000000000000001,12,中利用率
604002,2024-12-11 10:00:00,0.4000000000000001,12,中利用率
604002,2024-12-11 11:00:00,0.40263157894736845,12,中利用率
604002,2024-12-11 12:00:00,0.40789473684210525,12,中利用率
604002,2024-12-11 13:00:00,0.4114035087719298,12,中利用率
604002,2024-12-11 14:00:00,0.41929824561403506,12,中利用率
604002,2024-12-11 15:00:00,0.40964912280701754,12,中利用率
604002,2024-12-11 16:00:00,0.38947368421052636,12,中利用率
604002,2024-12-11 17:00:00,0.38947368421052636,12,中利用率
604002,2024-12-11 18:00:00,0.38947368421052636,12,中利用率
604002,2024-12-11 19:00:00,0.38947368421052636,12,中利用率
604002,2024-12-11 20:00:00,0.3894736842105263,2,中利用率
604003,2024-12-09 04:00:00,0.0,11,低利用率
604003,2024-12-09 05:00:00,0.0,12,低利用率
604003,2024-12-09 06:00:00,0.0,12,低利用率
604003,2024-12-09 07:00:00,0.0,12,低利用率
604003,2024-12-09 08:00:00,0.0,12,低利用率
604003,2024-12-09 09:00:00,0.0,12,低利用率
604003,2024-12-09 10:00:00,0.0,12,低利用率
604003,2024-12-09 11:00:00,0.0,12,低利用率
604003,2024-12-09 12:00:00,0.0,12,低利用率
604003,2024-12-09 13:00:00,0.0,12,低利用率
604003,2024-12-09 14:00:00,0.0,12,低利用率
604003,2024-12-09 15:00:00,0.0,12,低利用率
604003,2024-12-09 16:00:00,0.0,12,低利用率
604003,2024-12-09 17:00:00,0.0,12,低利用率
604003,2024-12-09 18:00:00,0.0,12,低利用率
604003,2024-12-09 19:00:00,0.0,12,低利用率
604003,2024-12-09 20:00:00,0.0,12,低利用率
604003,2024-12-09 21:00:00,0.0,12,低利用率
604003,2024-12-09 22:00:00,0.0,12,低利用率
604003,2024-12-09 23:00:00,0.0,12,低利用率
604003,2024-12-10 00:00:00,0.0,12,低利用率
604003,2024-12-10 01:00:00,0.0,12,低利用率
604003,2024-12-10 02:00:00,0.0,12,低利用率
604003,2024-12-10 03:00:00,0.0,12,低利用率
604003,2024-12-10 04:00:00,0.0,12,低利用率
604003,2024-12-10 05:00:00,0.0,12,低利用率
604003,2024-12-10 06:00:00,0.0,12,低利用率
604003,2024-12-10 07:00:00,0.0,12,低利用率
604003,2024-12-10 08:00:00,0.0,12,低利用率
604003,2024-12-10 09:00:00,0.0,12,低利用率
604003,2024-12-10 10:00:00,0.0,12,低利用率
604003,2024-12-10 11:00:00,0.0,12,低利用率
604003,2024-12-10 12:00:00,0.0,12,低利用率
604003,2024-12-10 13:00:00,0.0,12,低利用率
604003,2024-12-10 14:00:00,0.0,12,低利用率
604003,2024-12-10 15:00:00,0.0,12,低利用率
604003,2024-12-10 16:00:00,0.0,12,低利用率
604003,2024-12-10 17:00:00,0.0,12,低利用率
604003,2024-12-10 18:00:00,0.0,12,低利用率
604003,2024-12-10 19:00:00,0.0,12,低利用率
604003,2024-12-10 20:00:00,0.0,12,低利用率
604003,2024-12-10 21:00:00,0.0,12,低利用率
604003,2024-12-10 22:00:00,0.0,12,低利用率
604003,2024-12-10 23:00:00,0.0,12,低利用率
604003,2024-12-11 00:00:00,0.0,12,低利用率
604003,2024-12-11 01:00:00,0.0,12,低利用率
604003,2024-12-11 02:00:00,0.0,12,低利用率
604003,2024-12-11 03:00:00,0.0,12,低利用率
604003,2024-12-11 04:00:00,0.0,12,低利用率
604003,2024-12-11 05:00:00,0.0,12,低利用率
604003,2024-12-11 06:00:00,0.0,12,低利用率
604003,2024-12-11 07:00:00,0.0,12,低利用率
604003,2024-12-11 08:00:00,0.0,12,低利用率
604003,2024-12-11 09:00:00,0.0,12,低利用率
604003,2024-12-11 10:00:00,0.0,12,低利用率
604003,2024-12-11 11:00:00,0.0,12,低利用率
604003,2024-12-11 12:00:00,0.0,12,低利用率
604003,2024-12-11 13:00:00,0.0,12,低利用率
604003,2024-12-11 14:00:00,0.0,12,低利用率
604003,2024-12-11 15:00:00,0.0,12,低利用率
604003,2024-12-11 16:00:00,0.0,12,低利用率
604003,2024-12-11 17:00:00,0.0,12,低利用率
604003,2024-12-11 18:00:00,0.0,12,低利用率
604003,2024-12-11 19:00:00,0.0,12,低利用率
604003,2024-12-11 20:00:00,0.0,2,低利用率
604004,2024-12-09 04:00:00,1.0,11,高利用率
604004,2024-12-09 05:00:00,1.0,12,高利用率
604004,2024-12-09 06:00:00,1.0,12,高利用率
604004,2024-12-09 07:00:00,1.0,12,高利用率
604004,2024-12-09 08:00:00,1.0,12,高利用率
604004,2024-12-09 09:00:00,1.0,12,高利用率
604004,2024-12-09 10:00:00,1.0,12,高利用率
604004,2024-12-09 11:00:00,1.0,12,高利用率
604004,2024-12-09 12:00:00,1.0,12,高利用率
604004,2024-12-09 13:00:00,1.0,12,高利用率
604004,2024-12-09 14:00:00,1.0,12,高利用率
604004,2024-12-09 15:00:00,1.0,12,高利用率
604004,2024-12-09 16:00:00,1.0,12,高利用率
604004,2024-12-09 17:00:00,1.0,12,高利用率
604004,2024-12-09 18:00:00,1.0,12,高利用率
604004,2024-12-09 19:00:00,1.0,12,高利用率
604004,2024-12-09 20:00:00,1.0,12,高利用率
604004,2024-12-09 21:00:00,1.0,12,高利用率
604004,2024-12-09 22:00:00,1.0,12,高利用率
604004,2024-12-09 23:00:00,1.0,12,高利用率
604004,2024-12-10 00:00:00,1.0,12,高利用率
604004,2024-12-10 01:00:00,1.0,12,高利用率
604004,2024-12-10 02:00:00,1.0,12,高利用率
604004,2024-12-10 03:00:00,1.0,12,高利用率
604004,2024-12-10 04:00:00,1.0,12,高利用率
604004,2024-12-10 05:00:00,1.0,12,高利用率
604004,2024-12-10 06:00:00,1.0,12,高利用率
604004,2024-12-10 07:00:00,1.0,12,高利用率
604004,2024-12-10 08:00:00,1.0,12,高利用率
604004,2024-12-10 09:00:00,1.0,12,高利用率
604004,2024-12-10 10:00:00,1.0,12,高利用率
604004,2024-12-10 11:00:00,1.0,12,高利用率
604004,2024-12-10 12:00:00,1.0,12,高利用率
604004,2024-12-10 13:00:00,1.0,12,高利用率
604004,2024-12-10 14:00:00,1.0,12,高利用率
604004,2024-12-10 15:00:00,1.0,12,高利用率
604004,2024-12-10 16:00:00,1.0,12,高利用率
604004,2024-12-10 17:00:00,1.0,12,高利用率
604004,2024-12-10 18:00:00,1.0,12,高利用率
604004,2024-12-10 19:00:00,1.0,12,高利用率
604004,2024-12-10 20:00:00,1.0,12,高利用率
604004,2024-12-10 21:00:00,1.0,12,高利用率
604004,2024-12-10 22:00:00,1.0,12,高利用率
604004,2024-12-10 23:00:00,1.0,12,高利用率
604004,2024-12-11 00:00:00,1.0,12,高利用率
604004,2024-12-11 01:00:00,1.0,12,高利用率
604004,2024-12-11 02:00:00,1.0,12,高利用率
604004,2024-12-11 03:00:00,1.0,12,高利用率
604004,2024-12-11 04:00:00,1.0,12,高利用率
604004,2024-12-11 05:00:00,1.0,12,高利用率
604004,2024-12-11 06:00:00,1.0,12,高利用率
604004,2024-12-11 07:00:00,1.0,12,高利用率
604004,2024-12-11 08:00:00,1.0,12,高利用率
604004,2024-12-11 09:00:00,1.0,12,高利用率
604004,2024-12-11 10:00:00,1.0,12,高利用率
604004,2024-12-11 11:00:00,1.0,12,高利用率
604004,2024-12-11 12:00:00,1.0,12,高利用率
604004,2024-12-11 13:00:00,1.0,12,高利用率
604004,2024-12-11 14:00:00,1.0,12,高利用率
604004,2024-12-11 15:00:00,1.0,12,高利用率
604004,2024-12-11 16:00:00,1.0,12,高利用率
604004,2024-12-11 17:00:00,1.0,12,高利用率
604004,2024-12-11 18:00:00,1.0,12,高利用率
604004,2024-12-11 19:00:00,1.0,12,高利用率
604004,2024-12-11 20:00:00,1.0,2,高利用率
604005,2024-12-09 04:00:00,1.0,11,高利用率
604005,2024-12-09 05:00:00,1.0,12,高利用率
604005,2024-12-09 06:00:00,1.0,12,高利用率
604005,2024-12-09 07:00:00,1.0,12,高利用率
604005,2024-12-09 08:00:00,1.0,12,高利用率
604005,2024-12-09 09:00:00,1.0,12,高利用率
604005,2024-12-09 10:00:00,1.0,12,高利用率
604005,2024-12-09 11:00:00,1.0,12,高利用率
604005,2024-12-09 12:00:00,1.0,12,高利用率
604005,2024-12-09 13:00:00,1.0,12,高利用率
604005,2024-12-09 14:00:00,1.0,12,高利用率
604005,2024-12-09 15:00:00,1.0,12,高利用率
604005,2024-12-09 16:00:00,1.0,12,高利用率
604005,2024-12-09 17:00:00,1.0,12,高利用率
604005,2024-12-09 18:00:00,1.0,12,高利用率
604005,2024-12-09 19:00:00,1.0,12,高利用率
604005,2024-12-09 20:00:00,1.0,12,高利用率
604005,2024-12-09 21:00:00,1.0,12,高利用率
604005,2024-12-09 22:00:00,1.0,12,高利用率
604005,2024-12-09 23:00:00,1.0,12,高利用率
604005,2024-12-10 00:00:00,1.0,12,高利用率
604005,2024-12-10 01:00:00,1.0,12,高利用率
604005,2024-12-10 02:00:00,1.0,12,高利用率
604005,2024-12-10 03:00:00,1.0,12,高利用率
604005,2024-12-10 04:00:00,1.0,12,高利用率
604005,2024-12-10 05:00:00,1.0,12,高利用率
604005,2024-12-10 06:00:00,1.0,12,高利用率
604005,2024-12-10 07:00:00,1.0,12,高利用率
604005,2024-12-10 08:00:00,1.0,12,高利用率
604005,2024-12-10 09:00:00,1.0,12,高利用率
604005,2024-12-10 10:00:00,1.0,12,高利用率
604005,2024-12-10 11:00:00,1.0,12,高利用率
604005,2024-12-10 12:00:00,1.0,12,高利用率
604005,2024-12-10 13:00:00,1.0,12,高利用率
604005,2024-12-10 14:00:00,1.0,12,高利用率
604005,2024-12-10 15:00:00,1.0,12,高利用率
604005,2024-12-10 16:00:00,1.0,12,高利用率
604005,2024-12-10 17:00:00,1.0,12,高利用率
604005,2024-12-10 18:00:00,1.0,12,高利用率
604005,2024-12-10 19:00:00,1.0,12,高利用率
604005,2024-12-10 20:00:00,1.0,12,高利用率
604005,2024-12-10 21:00:00,1.0,12,高利用率
604005,2024-12-10 22:00:00,1.0,12,高利用率
604005,2024-12-10 23:00:00,1.0,12,高利用率
604005,2024-12-11 00:00:00,1.0,12,高利用率
604005,2024-12-11 01:00:00,1.0,12,高利用率
604005,2024-12-11 02:00:00,1.0,12,高利用率
604005,2024-12-11 03:00:00,1.0,12,高利用率
604005,2024-12-11 04:00:00,1.0,12,高利用率
604005,2024-12-11 05:00:00,1.0,12,高利用率
604005,2024-12-11 06:00:00,1.0,12,高利用率
604005,2024-12-11 07:00:00,1.0,12,高利用率
604005,2024-12-11 08:00:00,1.0,12,高利用率
604005,2024-12-11 09:00:00,1.0,12,高利用率
604005,2024-12-11 10:00:00,1.0,12,高利用率
604005,2024-12-11 11:00:00,1.0,12,高利用率
604005,2024-12-11 12:00:00,1.0,12,高利用率
604005,2024-12-11 13:00:00,1.0,12,高利用率
604005,2024-12-11 14:00:00,1.0,12,高利用率
604005,2024-12-11 15:00:00,1.0,12,高利用率
604005,2024-12-11 16:00:00,1.0,12,高利用率
604005,2024-12-11 17:00:00,1.0,12,高利用率
604005,2024-12-11 18:00:00,1.0,12,高利用率
604005,2024-12-11 19:00:00,1.0,12,高利用率
604005,2024-12-11 20:00:00,1.0,2,高利用率
604006,2024-12-09 04:00:00,1.0,11,高利用率
604006,2024-12-09 05:00:00,1.0,12,高利用率
604006,2024-12-09 06:00:00,1.0,12,高利用率
604006,2024-12-09 07:00:00,1.0,12,高利用率
604006,2024-12-09 08:00:00,1.0,12,高利用率
604006,2024-12-09 09:00:00,1.0,12,高利用率
604006,2024-12-09 10:00:00,1.0,12,高利用率
604006,2024-12-09 11:00:00,1.0,12,高利用率
604006,2024-12-09 12:00:00,1.0,12,高利用率
604006,2024-12-09 13:00:00,0.5613207547169812,12,中利用率
604006,2024-12-09 14:00:00,0.690251572327044,12,中利用率
604006,2024-12-09 15:00:00,0.9968553459119497,12,高利用率
604006,2024-12-09 16:00:00,1.0,12,高利用率
604006,2024-12-09 17:00:00,1.0,12,高利用率
604006,2024-12-09 18:00:00,1.0,12,高利用率
604006,2024-12-09 19:00:00,1.0,12,高利用率
604006,2024-12-09 20:00:00,1.0,12,高利用率
604006,2024-12-09 21:00:00,1.0,12,高利用率
604006,2024-12-09 22:00:00,1.0,12,高利用率
604006,2024-12-09 23:00:00,1.0,12,高利用率
604006,2024-12-10 00:00:00,1.0,12,高利用率
604006,2024-12-10 01:00:00,1.0,12,高利用率
604006,2024-12-10 02:00:00,1.0,12,高利用率
604006,2024-12-10 03:00:00,1.0,12,高利用率
604006,2024-12-10 04:00:00,1.0,12,高利用率
604006,2024-12-10 05:00:00,1.0,12,高利用率
604006,2024-12-10 06:00:00,1.0,12,高利用率
604006,2024-12-10 07:00:00,1.0,12,高利用率
604006,2024-12-10 08:00:00,1.0,12,高利用率
604006,2024-12-10 09:00:00,1.0,12,高利用率
604006,2024-12-10 10:00:00,1.0,12,高利用率
604006,2024-12-10 11:00:00,1.0,12,高利用率
604006,2024-12-10 12:00:00,1.0,12,高利用率
604006,2024-12-10 13:00:00,1.0,12,高利用率
604006,2024-12-10 14:00:00,1.0,12,高利用率
604006,2024-12-10 15:00:00,1.0,12,高利用率
604006,2024-12-10 16:00:00,1.0,12,高利用率
604006,2024-12-10 17:00:00,1.0,12,高利用率
604006,2024-12-10 18:00:00,1.0,12,高利用率
604006,2024-12-10 19:00:00,1.0,12,高利用率
604006,2024-12-10 20:00:00,1.0,12,高利用率
604006,2024-12-10 21:00:00,1.0,12,高利用率
604006,2024-12-10 22:00:00,1.0,12,高利用率
604006,2024-12-10 23:00:00,1.0,12,高利用率
604006,2024-12-11 00:00:00,1.0,12,高利用率
604006,2024-12-11 01:00:00,1.0,12,高利用率
604006,2024-12-11 02:00:00,1.0,12,高利用率
604006,2024-12-11 03:00:00,1.0,12,高利用率
604006,2024-12-11 04:00:00,1.0,12,高利用率
604006,2024-12-11 05:00:00,1.0,12,高利用率
604006,2024-12-11 06:00:00,1.0,12,高利用率
604006,2024-12-11 07:00:00,1.0,12,高利用率
604006,2024-12-11 08:00:00,1.0,12,高利用率
604006,2024-12-11 09:00:00,0.46226415094339623,12,中利用率
604006,2024-12-11 10:00:00,0.5888364779874213,12,中利用率
604006,2024-12-11 11:00:00,0.9017295597484277,12,高利用率
604006,2024-12-11 12:00:00,1.0,12,高利用率
604006,2024-12-11 13:00:00,1.0,12,高利用率
604006,2024-12-11 14:00:00,1.0,12,高利用率
604006,2024-12-11 15:00:00,1.0,12,高利用率
604006,2024-12-11 16:00:00,1.0,12,高利用率
604006,2024-12-11 17:00:00,1.0,12,高利用率
604006,2024-12-11 18:00:00,1.0,12,高利用率
604006,2024-12-11 19:00:00,1.0,12,高利用率
604006,2024-12-11 20:00:00,1.0,2,高利用率
604007,2024-12-09 04:00:00,0.07317073170731707,11,低利用率
604007,2024-12-09 05:00:00,0.07317073170731707,12,低利用率
604007,2024-12-09 06:00:00,0.08130081300813008,12,低利用率
604007,2024-12-09 07:00:00,0.11788617886178861,12,低利用率
604007,2024-12-09 08:00:00,0.07723577235772357,12,低利用率
604007,2024-12-09 09:00:00,0.08739837398373984,12,低利用率
604007,2024-12-09 10:00:00,0.13008130081300814,12,低利用率
604007,2024-12-09 11:00:00,0.07926829268292683,12,低利用率
604007,2024-12-09 12:00:00,0.09756097560975609,12,低利用率
604007,2024-12-09 13:00:00,0.13414634146341461,12,低利用率
604007,2024-12-09 14:00:00,0.11788617886178861,12,低利用率
604007,2024-12-09 15:00:00,0.09756097560975611,12,低利用率
604007,2024-12-09 16:00:00,0.1016260162601626,12,低利用率
604007,2024-12-09 17:00:00,0.08943089430894309,12,低利用率
604007,2024-12-09 18:00:00,0.07317073170731707,12,低利用率
604007,2024-12-09 19:00:00,0.11585365853658536,12,低利用率
604007,2024-12-09 20:00:00,0.11788617886178861,12,低利用率
604007,2024-12-09 21:00:00,0.07317073170731707,12,低利用率
604007,2024-12-09 22:00:00,0.07926829268292683,12,低利用率
604007,2024-12-09 23:00:00,0.07317073170731707,12,低利用率
604007,2024-12-10 00:00:00,0.07317073170731707,12,低利用率
604007,2024-12-10 01:00:00,0.07317073170731707,12,低利用率
604007,2024-12-10 02:00:00,0.07317073170731707,12,低利用率
604007,2024-12-10 03:00:00,0.07317073170731707,12,低利用率
604007,2024-12-10 04:00:00,0.07317073170731707,12,低利用率
604007,2024-12-10 05:00:00,0.07317073170731707,12,低利用率
604007,2024-12-10 06:00:00,0.08739837398373984,12,低利用率
604007,2024-12-10 07:00:00,0.10569105691056911,12,低利用率
604007,2024-12-10 08:00:00,0.08739837398373984,12,低利用率
604007,2024-12-10 09:00:00,0.1016260162601626,12,低利用率
604007,2024-12-10 10:00:00,0.12398373983739837,12,低利用率
604007,2024-12-10 11:00:00,0.13008130081300814,12,低利用率
604007,2024-12-10 12:00:00,0.11178861788617887,12,低利用率
604007,2024-12-10 13:00:00,0.09756097560975611,12,低利用率
604007,2024-12-10 14:00:00,0.11382113821138211,12,低利用率
604007,2024-12-10 15:00:00,0.08536585365853659,12,低利用率
604007,2024-12-10 16:00:00,0.07317073170731707,12,低利用率
604007,2024-12-10 17:00:00,0.07317073170731707,12,低利用率
604007,2024-12-10 18:00:00,0.07723577235772357,12,低利用率
604007,2024-12-10 19:00:00,0.09146341463414635,12,低利用率
604007,2024-12-10 20:00:00,0.09756097560975611,12,低利用率
604007,2024-12-10 21:00:00,0.07723577235772357,12,低利用率
604007,2024-12-10 22:00:00,0.07926829268292683,12,低利用率
604007,2024-12-10 23:00:00,0.07317073170731707,12,低利用率
604007,2024-12-11 00:00:00,0.07317073170731707,12,低利用率
604007,2024-12-11 01:00:00,0.07317073170731707,12,低利用率
604007,2024-12-11 02:00:00,0.07317073170731707,12,低利用率
604007,2024-12-11 03:00:00,0.07317073170731707,12,低利用率
604007,2024-12-11 04:00:00,0.07317073170731707,12,低利用率
604007,2024-12-11 05:00:00,0.07317073170731707,12,低利用率
604007,2024-12-11 06:00:00,0.07317073170731707,12,低利用率
604007,2024-12-11 07:00:00,0.07317073170731707,12,低利用率
604007,2024-12-11 08:00:00,0.08739837398373984,12,低利用率
604007,2024-12-11 09:00:00,0.11382113821138211,12,低利用率
604007,2024-12-11 10:00:00,0.11991869918699187,12,低利用率
604007,2024-12-11 11:00:00,0.09959349593495935,12,低利用率
604007,2024-12-11 12:00:00,0.09756097560975611,12,低利用率
604007,2024-12-11 13:00:00,0.12195121951219512,12,低利用率
604007,2024-12-11 14:00:00,0.13414634146341461,12,低利用率
604007,2024-12-11 15:00:00,0.1016260162601626,12,低利用率
604007,2024-12-11 16:00:00,0.07723577235772357,12,低利用率
604007,2024-12-11 17:00:00,0.07317073170731707,12,低利用率
604007,2024-12-11 18:00:00,0.08130081300813008,12,低利用率
604007,2024-12-11 19:00:00,0.09756097560975611,12,低利用率
604007,2024-12-11 20:00:00,0.0975609756097561,2,低利用率
604008,2024-12-09 04:00:00,1.0,12,高利用率
604008,2024-12-09 05:00:00,1.0,12,高利用率
604008,2024-12-09 06:00:00,1.0,12,高利用率
604008,2024-12-09 07:00:00,1.0,12,高利用率
604008,2024-12-09 08:00:00,1.0,12,高利用率
604008,2024-12-09 09:00:00,1.0,12,高利用率
604008,2024-12-09 10:00:00,1.0,12,高利用率
604008,2024-12-09 11:00:00,1.0,12,高利用率
604008,2024-12-09 12:00:00,1.0,12,高利用率
604008,2024-12-09 13:00:00,1.0,12,高利用率
604008,2024-12-09 14:00:00,1.0,12,高利用率
604008,2024-12-09 15:00:00,1.0,12,高利用率
604008,2024-12-09 16:00:00,1.0,12,高利用率
604008,2024-12-09 17:00:00,1.0,12,高利用率
604008,2024-12-09 18:00:00,1.0,12,高利用率
604008,2024-12-09 19:00:00,1.0,12,高利用率
604008,2024-12-09 20:00:00,1.0,12,高利用率
604008,2024-12-09 21:00:00,1.0,12,高利用率
604008,2024-12-09 22:00:00,1.0,12,高利用率
604008,2024-12-09 23:00:00,1.0,12,高利用率
604008,2024-12-10 00:00:00,1.0,12,高利用率
604008,2024-12-10 01:00:00,1.0,12,高利用率
604008,2024-12-10 02:00:00,1.0,12,高利用率
604008,2024-12-10 03:00:00,1.0,12,高利用率
604008,2024-12-10 04:00:00,1.0,12,高利用率
604008,2024-12-10 05:00:00,1.0,12,高利用率
604008,2024-12-10 06:00:00,1.0,12,高利用率
604008,2024-12-10 07:00:00,1.0,12,高利用率
604008,2024-12-10 08:00:00,1.0,12,高利用率
604008,2024-12-10 09:00:00,1.0,12,高利用率
604008,2024-12-10 10:00:00,1.0,12,高利用率
604008,2024-12-10 11:00:00,1.0,12,高利用率
604008,2024-12-10 12:00:00,1.0,12,高利用率
604008,2024-12-10 13:00:00,1.0,12,高利用率
604008,2024-12-10 14:00:00,1.0,12,高利用率
604008,2024-12-10 15:00:00,1.0,12,高利用率
604008,2024-12-10 16:00:00,1.0,12,高利用率
604008,2024-12-10 17:00:00,1.0,12,高利用率
604008,2024-12-10 18:00:00,1.0,12,高利用率
604008,2024-12-10 19:00:00,1.0,12,高利用率
604008,2024-12-10 20:00:00,1.0,12,高利用率
604008,2024-12-10 21:00:00,1.0,12,高利用率
604008,2024-12-10 22:00:00,1.0,12,高利用率
604008,2024-12-10 23:00:00,1.0,12,高利用率
604008,2024-12-11 00:00:00,1.0,12,高利用率
604008,2024-12-11 01:00:00,1.0,12,高利用率
604008,2024-12-11 02:00:00,1.0,12,高利用率
604008,2024-12-11 03:00:00,1.0,12,高利用率
604008,2024-12-11 04:00:00,1.0,12,高利用率
604008,2024-12-11 05:00:00,1.0,12,高利用率
604008,2024-12-11 06:00:00,1.0,12,高利用率
604008,2024-12-11 07:00:00,1.0,12,高利用率
604008,2024-12-11 08:00:00,1.0,12,高利用率
604008,2024-12-11 09:00:00,0.36904761904761907,12,中利用率
604008,2024-12-11 10:00:00,0.26785714285714285,12,低利用率
604008,2024-12-11 11:00:00,0.1761904761904762,12,低利用率
604008,2024-12-11 12:00:00,0.15,12,低利用率
604008,2024-12-11 13:00:00,0.2380952380952381,12,低利用率
604008,2024-12-11 14:00:00,0.30357142857142855,12,中利用率
604008,2024-12-11 15:00:00,0.30238095238095236,12,中利用率
604008,2024-12-11 16:00:00,0.39285714285714285,12,中利用率
604008,2024-12-11 17:00:00,0.1630952380952381,12,低利用率
604008,2024-12-11 18:00:00,0.16904761904761903,12,低利用率
604008,2024-12-11 19:00:00,0.2392857142857143,12,低利用率
604008,2024-12-11 20:00:00,0.4714285714285714,2,中利用率
604009,2024-12-09 04:00:00,1.0,11,高利用率
604009,2024-12-09 05:00:00,1.0,12,高利用率
604009,2024-12-09 06:00:00,1.0,12,高利用率
604009,2024-12-09 07:00:00,1.0,12,高利用率
604009,2024-12-09 08:00:00,1.0,12,高利用率
604009,2024-12-09 09:00:00,1.0,12,高利用率
604009,2024-12-09 10:00:00,1.0,12,高利用率
604009,2024-12-09 11:00:00,1.0,12,高利用率
604009,2024-12-09 12:00:00,1.0,12,高利用率
604009,2024-12-09 13:00:00,1.0,12,高利用率
604009,2024-12-09 14:00:00,1.0,12,高利用率
604009,2024-12-09 15:00:00,1.0,12,高利用率
604009,2024-12-09 16:00:00,1.0,12,高利用率
604009,2024-12-09 17:00:00,1.0,12,高利用率
604009,2024-12-09 18:00:00,1.0,12,高利用率
604009,2024-12-09 19:00:00,1.0,12,高利用率
604009,2024-12-09 20:00:00,1.0,12,高利用率
604009,2024-12-09 21:00:00,1.0,12,高利用率
604009,2024-12-09 22:00:00,1.0,12,高利用率
604009,2024-12-09 23:00:00,1.0,12,高利用率
604009,2024-12-10 00:00:00,1.0,12,高利用率
604009,2024-12-10 01:00:00,1.0,12,高利用率
604009,2024-12-10 02:00:00,1.0,12,高利用率
604009,2024-12-10 03:00:00,1.0,12,高利用率
604009,2024-12-10 04:00:00,1.0,12,高利用率
604009,2024-12-10 05:00:00,1.0,12,高利用率
604009,2024-12-10 06:00:00,1.0,12,高利用率
604009,2024-12-10 07:00:00,1.0,12,高利用率
604009,2024-12-10 08:00:00,1.0,12,高利用率
604009,2024-12-10 09:00:00,1.0,12,高利用率
604009,2024-12-10 10:00:00,1.0,12,高利用率
604009,2024-12-10 11:00:00,1.0,12,高利用率
604009,2024-12-10 12:00:00,1.0,12,高利用率
604009,2024-12-10 13:00:00,1.0,12,高利用率
604009,2024-12-10 14:00:00,1.0,12,高利用率
604009,2024-12-10 15:00:00,1.0,12,高利用率
604009,2024-12-10 16:00:00,1.0,12,高利用率
604009,2024-12-10 17:00:00,1.0,12,高利用率
604009,2024-12-10 18:00:00,1.0,12,高利用率
604009,2024-12-10 19:00:00,1.0,12,高利用率
604009,2024-12-10 20:00:00,1.0,12,高利用率
604009,2024-12-10 21:00:00,1.0,12,高利用率
604009,2024-12-10 22:00:00,1.0,12,高利用率
604009,2024-12-10 23:00:00,1.0,12,高利用率
604009,2024-12-11 00:00:00,1.0,12,高利用率
604009,2024-12-11 01:00:00,1.0,12,高利用率
604009,2024-12-11 02:00:00,1.0,12,高利用率
604009,2024-12-11 03:00:00,1.0,12,高利用率
604009,2024-12-11 04:00:00,1.0,12,高利用率
604009,2024-12-11 05:00:00,1.0,12,高利用率
604009,2024-12-11 06:00:00,1.0,12,高利用率
604009,2024-12-11 07:00:00,1.0,12,高利用率
604009,2024-12-11 08:00:00,1.0,12,高利用率
604009,2024-12-11 09:00:00,1.0,12,高利用率
604009,2024-12-11 10:00:00,1.0,12,高利用率
604009,2024-12-11 11:00:00,1.0,12,高利用率
604009,2024-12-11 12:00:00,1.0,12,高利用率
604009,2024-12-11 13:00:00,1.0,12,高利用率
604009,2024-12-11 14:00:00,1.0,12,高利用率
604009,2024-12-11 15:00:00,1.0,12,高利用率
604009,2024-12-11 16:00:00,1.0,12,高利用率
604009,2024-12-11 17:00:00,1.0,12,高利用率
604009,2024-12-11 18:00:00,1.0,12,高利用率
604009,2024-12-11 19:00:00,1.0,12,高利用率
604009,2024-12-11 20:00:00,1.0,2,高利用率
604011,2024-12-09 04:00:00,0.8666666666666667,11,高利用率
604011,2024-12-09 05:00:00,0.8666666666666667,12,高利用率
604011,2024-12-09 06:00:00,0.8666666666666667,12,高利用率
604011,2024-12-09 07:00:00,0.8861111111111111,12,高利用率
604011,2024-12-09 08:00:00,0.9416666666666668,12,高利用率
604011,2024-12-09 09:00:00,1.0,12,高利用率
604011,2024-12-09 10:00:00,1.0,12,高利用率
604011,2024-12-09 11:00:00,1.0,12,高利用率
604011,2024-12-09 12:00:00,1.0,12,高利用率
604011,2024-12-09 13:00:00,1.0,12,高利用率
604011,2024-12-09 14:00:00,1.0,12,高利用率
604011,2024-12-09 15:00:00,1.0,12,高利用率
604011,2024-12-09 16:00:00,1.0,12,高利用率
604011,2024-12-09 17:00:00,1.0,12,高利用率
604011,2024-12-09 18:00:00,1.0,12,高利用率
604011,2024-12-09 19:00:00,1.0,12,高利用率
604011,2024-12-09 20:00:00,1.0,12,高利用率
604011,2024-12-09 21:00:00,1.0,12,高利用率
604011,2024-12-09 22:00:00,1.0,12,高利用率
604011,2024-12-09 23:00:00,1.0,12,高利用率
604011,2024-12-10 00:00:00,1.0,12,高利用率
604011,2024-12-10 01:00:00,1.0,12,高利用率
604011,2024-12-10 02:00:00,1.0,12,高利用率
604011,2024-12-10 03:00:00,1.0,12,高利用率
604011,2024-12-10 04:00:00,1.0,12,高利用率
604011,2024-12-10 05:00:00,1.0,12,高利用率
604011,2024-12-10 06:00:00,1.0,12,高利用率
604011,2024-12-10 07:00:00,1.0,12,高利用率
604011,2024-12-10 08:00:00,1.0,12,高利用率
604011,2024-12-10 09:00:00,1.0,12,高利用率
604011,2024-12-10 10:00:00,1.0,12,高利用率
604011,2024-12-10 11:00:00,1.0,12,高利用率
604011,2024-12-10 12:00:00,1.0,12,高利用率
604011,2024-12-10 13:00:00,1.0,12,高利用率
604011,2024-12-10 14:00:00,1.0,12,高利用率
604011,2024-12-10 15:00:00,1.0,12,高利用率
604011,2024-12-10 16:00:00,1.0,12,高利用率
604011,2024-12-10 17:00:00,1.0,12,高利用率
604011,2024-12-10 18:00:00,1.0,12,高利用率
604011,2024-12-10 19:00:00,1.0,12,高利用率
604011,2024-12-10 20:00:00,1.0,12,高利用率
604011,2024-12-10 21:00:00,1.0,12,高利用率
604011,2024-12-10 22:00:00,1.0,12,高利用率
604011,2024-12-10 23:00:00,1.0,12,高利用率
604011,2024-12-11 00:00:00,1.0,12,高利用率
604011,2024-12-11 01:00:00,1.0,12,高利用率
604011,2024-12-11 02:00:00,1.0,12,高利用率
604011,2024-12-11 03:00:00,1.0,12,高利用率
604011,2024-12-11 04:00:00,1.0,12,高利用率
604011,2024-12-11 05:00:00,1.0,12,高利用率
604011,2024-12-11 06:00:00,1.0,12,高利用率
604011,2024-12-11 07:00:00,1.0,12,高利用率
604011,2024-12-11 08:00:00,1.0,12,高利用率
604011,2024-12-11 09:00:00,1.0,12,高利用率
604011,2024-12-11 10:00:00,1.0,12,高利用率
604011,2024-12-11 11:00:00,1.0,12,高利用率
604011,2024-12-11 12:00:00,1.0,12,高利用率
604011,2024-12-11 13:00:00,1.0,12,高利用率
604011,2024-12-11 14:00:00,1.0,12,高利用率
604011,2024-12-11 15:00:00,1.0,12,高利用率
604011,2024-12-11 16:00:00,1.0,12,高利用率
604011,2024-12-11 17:00:00,1.0,12,高利用率
604011,2024-12-11 18:00:00,1.0,12,高利用率
604011,2024-12-11 19:00:00,1.0,12,高利用率
604011,2024-12-11 20:00:00,1.0,2,高利用率
604012,2024-12-09 04:00:00,0.46666666666666673,11,中利用率
604012,2024-12-09 05:00:00,0.4666666666666666,12,中利用率
604012,2024-12-09 06:00:00,0.46388888888888885,12,中利用率
604012,2024-12-09 07:00:00,0.44722222222222224,12,中利用率
604012,2024-12-09 08:00:00,0.4583333333333333,12,中利用率
604012,2024-12-09 09:00:00,0.48333333333333334,12,中利用率
604012,2024-12-09 10:00:00,0.49722222222222223,12,中利用率
604012,2024-12-09 11:00:00,0.5152777777777778,12,中利用率
604012,2024-12-09 12:00:00,0.45694444444444443,12,中利用率
604012,2024-12-09 13:00:00,0.45,12,中利用率
604012,2024-12-09 14:00:00,0.48055555555555557,12,中利用率
604012,2024-12-09 15:00:00,0.5166666666666667,12,中利用率
604012,2024-12-09 16:00:00,0.5152777777777778,12,中利用率
604012,2024-12-09 17:00:00,0.4847222222222222,12,中利用率
604012,2024-12-09 18:00:00,0.5083333333333334,12,中利用率
604012,2024-12-09 19:00:00,0.5,12,中利用率
604012,2024-12-09 20:00:00,0.5708333333333334,12,中利用率
604012,2024-12-09 21:00:00,0.6236111111111111,12,中利用率
604012,2024-12-09 22:00:00,0.6333333333333333,12,中利用率
604012,2024-12-09 23:00:00,0.6333333333333333,12,中利用率
604012,2024-12-10 00:00:00,0.6333333333333333,12,中利用率
604012,2024-12-10 01:00:00,0.6333333333333333,12,中利用率
604012,2024-12-10 02:00:00,0.6333333333333333,12,中利用率
604012,2024-12-10 03:00:00,0.6333333333333333,12,中利用率
604012,2024-12-10 04:00:00,0.6333333333333333,12,中利用率
604012,2024-12-10 05:00:00,0.6333333333333333,12,中利用率
604012,2024-12-10 06:00:00,0.6291666666666667,12,中利用率
604012,2024-12-10 07:00:00,0.6027777777777777,12,中利用率
604012,2024-12-10 08:00:00,0.5527777777777778,12,中利用率
604012,2024-12-10 09:00:00,0.5833333333333334,12,中利用率
604012,2024-12-10 10:00:00,0.5930555555555556,12,中利用率
604012,2024-12-10 11:00:00,0.5791666666666667,12,中利用率
604012,2024-12-10 12:00:00,0.5583333333333333,12,中利用率
604012,2024-12-10 13:00:00,0.5875,12,中利用率
604012,2024-12-10 14:00:00,0.6041666666666666,12,中利用率
604012,2024-12-10 15:00:00,0.6,12,中利用率
604012,2024-12-10 16:00:00,0.6,12,中利用率
604012,2024-12-10 17:00:00,0.5888888888888889,12,中利用率
604012,2024-12-10 18:00:00,0.6,12,中利用率
604012,2024-12-10 19:00:00,0.6041666666666666,12,中利用率
604012,2024-12-10 20:00:00,0.6444444444444445,12,中利用率
604012,2024-12-10 21:00:00,0.7041666666666666,12,高利用率
604012,2024-12-10 22:00:00,0.7166666666666667,12,高利用率
604012,2024-12-10 23:00:00,0.7166666666666667,12,高利用率
604012,2024-12-11 00:00:00,0.7166666666666667,12,高利用率
604012,2024-12-11 01:00:00,0.7166666666666667,12,高利用率
604012,2024-12-11 02:00:00,0.7166666666666667,12,高利用率
604012,2024-12-11 03:00:00,0.7166666666666667,12,高利用率
604012,2024-12-11 04:00:00,0.7166666666666667,12,高利用率
604012,2024-12-11 05:00:00,0.7166666666666667,12,高利用率
604012,2024-12-11 06:00:00,0.6958333333333333,12,中利用率
604012,2024-12-11 07:00:00,0.6569444444444444,12,中利用率
604012,2024-12-11 08:00:00,0.6430555555555556,12,中利用率
604012,2024-12-11 09:00:00,0.6833333333333332,12,中利用率
604012,2024-12-11 10:00:00,0.6680555555555555,12,中利用率
604012,2024-12-11 11:00:00,0.65,12,中利用率
604012,2024-12-11 12:00:00,0.6333333333333333,12,中利用率
604012,2024-12-11 13:00:00,0.6402777777777778,12,中利用率
604012,2024-12-11 14:00:00,0.6847222222222222,12,中利用率
604012,2024-12-11 15:00:00,0.6999999999999998,12,中利用率
604012,2024-12-11 16:00:00,0.6777777777777777,12,中利用率
604012,2024-12-11 17:00:00,0.6513888888888889,12,中利用率
604012,2024-12-11 18:00:00,0.6527777777777778,12,中利用率
604012,2024-12-11 19:00:00,0.6666666666666666,12,中利用率
604012,2024-12-11 20:00:00,0.6666666666666666,2,中利用率
604013,2024-12-09 04:00:00,0.12833333333333333,12,低利用率
604013,2024-12-09 05:00:00,0.12857142857142856,12,低利用率
604013,2024-12-09 06:00:00,0.13785714285714284,12,低利用率
604013,2024-12-09 07:00:00,0.3523809523809524,12,中利用率
604013,2024-12-09 08:00:00,0.9290476190476191,12,高利用率
604013,2024-12-09 09:00:00,1.0,12,高利用率
604013,2024-12-09 10:00:00,0.9773809523809524,12,高利用率
604013,2024-12-09 11:00:00,0.7785714285714286,12,高利用率
604013,2024-12-09 12:00:00,0.6630952380952381,12,中利用率
604013,2024-12-09 13:00:00,0.7795238095238095,12,高利用率
604013,2024-12-09 14:00:00,0.8388095238095238,12,高利用率
604013,2024-12-09 15:00:00,0.7692857142857142,12,高利用率
604013,2024-12-09 16:00:00,0.4897619047619048,12,中利用率
604013,2024-12-09 17:00:00,0.17880952380952383,12,低利用率
604013,2024-12-09 18:00:00,0.19452380952380952,12,低利用率
604013,2024-12-09 19:00:00,0.18428571428571427,12,低利用率
604013,2024-12-09 20:00:00,0.15095238095238095,12,低利用率
604013,2024-12-09 21:00:00,0.135,12,低利用率
604013,2024-12-09 22:00:00,0.13285714285714287,12,低利用率
604013,2024-12-09 23:00:00,0.1276190476190476,12,低利用率
604013,2024-12-10 00:00:00,0.12238095238095237,12,低利用率
604013,2024-12-10 01:00:00,0.1169047619047619,12,低利用率
604013,2024-12-10 02:00:00,0.11333333333333333,12,低利用率
604013,2024-12-10 03:00:00,0.10952380952380952,12,低利用率
604013,2024-12-10 04:00:00,0.10785714285714286,12,低利用率
604013,2024-12-10 05:00:00,0.10642857142857143,12,低利用率
604013,2024-12-10 06:00:00,0.10928571428571428,12,低利用率
604013,2024-12-10 07:00:00,0.30023809523809525,12,中利用率
604013,2024-12-10 08:00:00,0.834047619047619,12,高利用率
604013,2024-12-10 09:00:00,0.936904761904762,12,高利用率
604013,2024-12-10 10:00:00,0.8609523809523809,12,高利用率
604013,2024-12-10 11:00:00,0.7228571428571429,12,高利用率
604013,2024-12-10 12:00:00,0.6176190476190476,12,中利用率
604013,2024-12-10 13:00:00,0.7071428571428572,12,高利用率
604013,2024-12-10 14:00:00,0.7616666666666667,12,高利用率
604013,2024-12-10 15:00:00,0.7230952380952381,12,高利用率
604013,2024-12-10 16:00:00,0.48261904761904767,12,中利用率
604013,2024-12-10 17:00:00,0.21214285714285716,12,低利用率
604013,2024-12-10 18:00:00,0.22357142857142856,12,低利用率
604013,2024-12-10 19:00:00,0.21095238095238097,12,低利用率
604013,2024-12-10 20:00:00,0.17547619047619048,12,低利用率
604013,2024-12-10 21:00:00,0.15285714285714286,12,低利用率
604013,2024-12-10 22:00:00,0.13833333333333334,12,低利用率
604013,2024-12-10 23:00:00,0.1326190476190476,12,低利用率
604013,2024-12-11 00:00:00,0.13952380952380952,12,低利用率
604013,2024-12-11 01:00:00,0.11880952380952381,12,低利用率
604013,2024-12-11 02:00:00,0.11452380952380953,12,低利用率
604013,2024-12-11 03:00:00,0.11428571428571428,12,低利用率
604013,2024-12-11 04:00:00,0.11499999999999999,12,低利用率
604013,2024-12-11 05:00:00,0.11476190476190477,12,低利用率
604013,2024-12-11 06:00:00,0.11833333333333333,12,低利用率
604013,2024-12-11 07:00:00,0.28714285714285714,12,低利用率
604013,2024-12-11 08:00:00,0.919047619047619,12,高利用率
604013,2024-12-11 09:00:00,1.0,12,高利用率
604013,2024-12-11 10:00:00,0.9588095238095238,12,高利用率
604013,2024-12-11 11:00:00,0.7845238095238095,12,高利用率
604013,2024-12-11 12:00:00,0.6745238095238095,12,中利用率
604013,2024-12-11 13:00:00,0.7930952380952382,12,高利用率
604013,2024-12-11 14:00:00,0.8864285714285715,12,高利用率
604013,2024-12-11 15:00:00,0.756904761904762,12,高利用率
604013,2024-12-11 16:00:00,0.49238095238095236,12,中利用率
604013,2024-12-11 17:00:00,0.19452380952380954,12,低利用率
604013,2024-12-11 18:00:00,0.2119047619047619,12,低利用率
604013,2024-12-11 19:00:00,0.21452380952380953,12,低利用率
604013,2024-12-11 20:00:00,0.2057142857142857,2,低利用率
HK00001,2025-03-02 21:00:00,0.6195652173913043,2,中利用率
HK00001,2025-03-02 22:00:00,0.6135265700483091,6,中利用率
HK00001,2025-03-02 23:00:00,0.9154589371980677,6,高利用率
HK00001,2025-03-03 00:00:00,0.3357487922705314,6,中利用率
HK00001,2025-03-03 01:00:00,0.2028985507246377,6,低利用率
HK00001,2025-03-03 02:00:00,0.20531400966183577,6,低利用率
HK00001,2025-03-03 03:00:00,0.20531400966183574,6,低利用率
HK00001,2025-03-03 04:00:00,0.1968599033816425,6,低利用率
HK00001,2025-03-03 05:00:00,0.19806763285024154,6,低利用率
HK00001,2025-03-03 06:00:00,0.2753623188405797,6,低利用率
HK00001,2025-03-03 07:00:00,0.3031400966183575,6,中利用率
HK00001,2025-03-03 08:00:00,0.39855072463768115,6,中利用率
HK00001,2025-03-03 09:00:00,0.3997584541062802,6,中利用率
HK00001,2025-03-03 10:00:00,0.4070048309178744,6,中利用率
HK00001,2025-03-03 11:00:00,0.41183574879227053,6,中利用率
HK00001,2025-03-03 12:00:00,0.39855072463768115,6,中利用率
HK00001,2025-03-03 13:00:00,0.4057971014492754,6,中利用率
HK00001,2025-03-03 14:00:00,0.4057971014492754,6,中利用率
HK00001,2025-03-03 15:00:00,0.393719806763285,6,中利用率
HK00001,2025-03-03 16:00:00,0.5748792270531401,6,中利用率
HK00001,2025-03-03 17:00:00,0.606280193236715,6,中利用率
HK00001,2025-03-03 18:00:00,0.5881642512077295,6,中利用率
HK00001,2025-03-03 19:00:00,0.606280193236715,6,中利用率
HK00001,2025-03-03 20:00:00,0.5942028985507246,6,中利用率
HK00001,2025-03-03 21:00:00,0.6014492753623188,6,中利用率
HK00001,2025-03-03 22:00:00,0.5929951690821256,6,中利用率
HK00001,2025-03-03 23:00:00,0.9190821256038647,6,高利用率
HK00001,2025-03-04 00:00:00,0.34057971014492755,6,中利用率
HK00001,2025-03-04 01:00:00,0.19202898550724637,6,低利用率
HK00001,2025-03-04 02:00:00,0.2028985507246377,6,低利用率
HK00001,2025-03-04 03:00:00,0.2028985507246377,2,低利用率
HK00001,2025-04-07 00:00:00,0.3321256038647343,6,中利用率
HK00001,2025-04-07 06:00:00,0.28140096618357485,6,低利用率
HK00001,2025-04-07 12:00:00,0.4033816425120773,6,中利用率
HK00001,2025-04-07 18:00:00,0.5954106280193238,6,中利用率
HK00001,2025-04-08 00:00:00,0.3321256038647343,6,中利用率
HK00001,2025-04-08 06:00:00,0.26932367149758457,6,低利用率
HK00001,2025-04-08 12:00:00,0.393719806763285,6,中利用率
HK00001,2025-04-08 18:00:00,0.5954106280193237,6,中利用率
HK00001,2025-04-09 00:00:00,0.3357487922705314,6,中利用率
HK00001,2025-04-09 06:00:00,0.27657004830917875,6,低利用率
HK00001,2025-04-09 12:00:00,0.4057971014492754,6,中利用率
HK00001,2025-04-09 18:00:00,0.6038647342995169,6,中利用率
HK00001,2025-04-10 00:00:00,0.32971014492753625,6,中利用率
HK00001,2025-04-10 06:00:00,0.2898550724637681,6,低利用率
HK00001,2025-04-10 12:00:00,0.4033816425120773,6,中利用率
HK00001,2025-04-10 18:00:00,0.5966183574879227,6,中利用率
HK00001,2025-04-11 00:00:00,0.3321256038647343,6,中利用率
HK00001,2025-04-11 06:00:00,0.28381642512077293,6,低利用率
HK00001,2025-04-11 12:00:00,0.6123188405797101,6,中利用率
HK00001,2025-04-11 18:00:00,0.893719806763285,6,高利用率
HK00001,2025-04-12 00:00:00,0.33454106280193235,6,中利用率
HK00001,2025-04-12 06:00:00,0.2922705314009662,6,低利用率
HK00001,2025-04-12 12:00:00,0.6123188405797101,6,中利用率
HK00001,2025-04-12 18:00:00,0.9118357487922705,6,高利用率
HK00001,2025-04-13 00:00:00,0.3321256038647343,6,中利用率
HK00001,2025-04-13 06:00:00,0.2789855072463768,6,低利用率
HK00001,2025-04-13 12:00:00,0.6002415458937198,6,中利用率
HK00001,2025-04-13 18:00:00,0.9045893719806765,6,高利用率
HK00009,2025-03-02 21:00:00,0.9293361884368309,2,高利用率
HK00009,2025-03-02 22:00:00,0.9293361884368309,6,高利用率
HK00009,2025-03-02 23:00:00,0.9293361884368309,6,高利用率
HK00009,2025-03-03 00:00:00,0.9293361884368309,6,高利用率
HK00009,2025-03-03 01:00:00,0.9293361884368309,6,高利用率
HK00009,2025-03-03 02:00:00,0.9293361884368309,6,高利用率
HK00009,2025-03-03 03:00:00,0.9293361884368309,6,高利用率
HK00009,2025-03-03 04:00:00,0.9293361884368309,6,高利用率
HK00009,2025-03-03 05:00:00,0.9293361884368309,6,高利用率
HK00009,2025-03-03 06:00:00,0.9293361884368309,6,高利用率
HK00009,2025-03-03 07:00:00,0.9293361884368309,6,高利用率
HK00009,2025-03-03 08:00:00,0.9293361884368309,6,高利用率
HK00009,2025-03-03 09:00:00,0.9293361884368309,6,高利用率
HK00009,2025-03-03 10:00:00,0.9293361884368309,6,高利用率
HK00009,2025-03-03 11:00:00,0.9293361884368309,6,高利用率
HK00009,2025-03-03 12:00:00,0.9293361884368309,6,高利用率
HK00009,2025-03-03 13:00:00,0.9293361884368309,6,高利用率
HK00009,2025-03-03 14:00:00,0.9293361884368309,6,高利用率
HK00009,2025-03-03 15:00:00,0.9293361884368309,6,高利用率
HK00009,2025-03-03 16:00:00,0.9293361884368309,6,高利用率
HK00009,2025-03-03 17:00:00,0.9293361884368309,6,高利用率
HK00009,2025-03-03 18:00:00,0.9293361884368309,6,高利用率
HK00009,2025-03-03 19:00:00,0.9293361884368309,6,高利用率
HK00009,2025-03-03 20:00:00,0.9293361884368309,6,高利用率
HK00009,2025-03-03 21:00:00,0.9293361884368309,6,高利用率
HK00009,2025-03-03 22:00:00,0.9293361884368309,6,高利用率
HK00009,2025-03-03 23:00:00,0.9293361884368309,6,高利用率
HK00009,2025-03-04 00:00:00,0.9293361884368309,6,高利用率
HK00009,2025-03-04 01:00:00,0.9293361884368309,6,高利用率
HK00009,2025-03-04 02:00:00,0.9293361884368309,6,高利用率
HK00009,2025-03-04 03:00:00,0.9293361884368309,2,高利用率
HK00009,2025-04-07 00:00:00,0.9293361884368309,6,高利用率
HK00009,2025-04-07 06:00:00,0.9293361884368309,6,高利用率
HK00009,2025-04-07 12:00:00,0.9293361884368309,6,高利用率
HK00009,2025-04-07 18:00:00,0.9293361884368309,6,高利用率
HK00009,2025-04-08 00:00:00,0.9293361884368309,6,高利用率
HK00009,2025-04-08 06:00:00,0.9293361884368309,6,高利用率
HK00009,2025-04-08 12:00:00,0.9293361884368309,6,高利用率
HK00009,2025-04-08 18:00:00,0.9293361884368309,6,高利用率
HK00009,2025-04-09 00:00:00,0.9293361884368309,6,高利用率
HK00009,2025-04-09 06:00:00,0.9293361884368309,6,高利用率
HK00009,2025-04-09 12:00:00,0.9293361884368309,6,高利用率
HK00009,2025-04-09 18:00:00,0.9293361884368309,6,高利用率
HK00009,2025-04-10 00:00:00,0.9293361884368309,6,高利用率
HK00009,2025-04-10 06:00:00,0.9293361884368309,6,高利用率
HK00009,2025-04-10 12:00:00,0.9293361884368309,6,高利用率
HK00009,2025-04-10 18:00:00,0.9293361884368309,6,高利用率
HK00009,2025-04-11 00:00:00,0.9293361884368309,6,高利用率
HK00009,2025-04-11 06:00:00,0.9293361884368309,6,高利用率
HK00009,2025-04-11 12:00:00,0.9293361884368309,6,高利用率
HK00009,2025-04-11 18:00:00,0.9293361884368309,6,高利用率
HK00009,2025-04-12 00:00:00,0.9293361884368309,6,高利用率
HK00009,2025-04-12 06:00:00,0.9293361884368309,6,高利用率
HK00009,2025-04-12 12:00:00,0.9293361884368309,6,高利用率
HK00009,2025-04-12 18:00:00,0.9293361884368309,6,高利用率
HK00009,2025-04-13 00:00:00,0.9293361884368309,6,高利用率
HK00009,2025-04-13 06:00:00,0.9293361884368309,6,高利用率
HK00009,2025-04-13 12:00:00,0.9293361884368309,6,高利用率
HK00009,2025-04-13 18:00:00,0.9293361884368309,6,高利用率
HK00010,2025-03-02 21:00:00,0.9235294117647059,2,高利用率
HK00010,2025-03-02 22:00:00,0.9235294117647058,6,高利用率
HK00010,2025-03-02 23:00:00,0.9235294117647058,6,高利用率
HK00010,2025-03-03 00:00:00,0.9235294117647058,6,高利用率
HK00010,2025-03-03 01:00:00,0.9235294117647058,6,高利用率
HK00010,2025-03-03 02:00:00,0.9235294117647058,6,高利用率
HK00010,2025-03-03 03:00:00,0.9235294117647058,6,高利用率
HK00010,2025-03-03 04:00:00,0.9235294117647058,6,高利用率
HK00010,2025-03-03 05:00:00,0.9235294117647058,6,高利用率
HK00010,2025-03-03 06:00:00,0.9235294117647058,6,高利用率
HK00010,2025-03-03 07:00:00,0.9235294117647058,6,高利用率
HK00010,2025-03-03 08:00:00,0.9235294117647058,6,高利用率
HK00010,2025-03-03 09:00:00,0.9235294117647058,6,高利用率
HK00010,2025-03-03 10:00:00,0.9235294117647058,6,高利用率
HK00010,2025-03-03 11:00:00,0.9235294117647058,6,高利用率
HK00010,2025-03-03 12:00:00,0.9235294117647058,6,高利用率
HK00010,2025-03-03 13:00:00,0.9235294117647058,6,高利用率
HK00010,2025-03-03 14:00:00,0.9235294117647058,6,高利用率
HK00010,2025-03-03 15:00:00,0.9235294117647058,6,高利用率
HK00010,2025-03-03 16:00:00,0.9235294117647058,6,高利用率
HK00010,2025-03-03 17:00:00,0.9235294117647058,6,高利用率
HK00010,2025-03-03 18:00:00,0.9235294117647058,6,高利用率
HK00010,2025-03-03 19:00:00,0.9235294117647058,6,高利用率
HK00010,2025-03-03 20:00:00,0.9235294117647058,6,高利用率
HK00010,2025-03-03 21:00:00,0.9235294117647058,6,高利用率
HK00010,2025-03-03 22:00:00,0.9235294117647058,6,高利用率
HK00010,2025-03-03 23:00:00,0.9235294117647058,6,高利用率
HK00010,2025-03-04 00:00:00,0.9235294117647058,6,高利用率
HK00010,2025-03-04 01:00:00,0.9235294117647058,6,高利用率
HK00010,2025-03-04 02:00:00,0.9235294117647058,6,高利用率
HK00010,2025-03-04 03:00:00,0.9235294117647059,2,高利用率
HK00010,2025-04-07 00:00:00,0.9235294117647058,6,高利用率
HK00010,2025-04-07 06:00:00,0.9235294117647058,6,高利用率
HK00010,2025-04-07 12:00:00,0.9235294117647058,6,高利用率
HK00010,2025-04-07 18:00:00,0.9235294117647058,6,高利用率
HK00010,2025-04-08 00:00:00,0.9235294117647058,6,高利用率
HK00010,2025-04-08 06:00:00,0.9235294117647058,6,高利用率
HK00010,2025-04-08 12:00:00,0.9235294117647058,6,高利用率
HK00010,2025-04-08 18:00:00,0.9235294117647058,6,高利用率
HK00010,2025-04-09 00:00:00,0.9235294117647058,6,高利用率
HK00010,2025-04-09 06:00:00,0.9235294117647058,6,高利用率
HK00010,2025-04-09 12:00:00,0.9235294117647058,6,高利用率
HK00010,2025-04-09 18:00:00,0.9235294117647058,6,高利用率
HK00010,2025-04-10 00:00:00,0.9235294117647058,6,高利用率
HK00010,2025-04-10 06:00:00,0.9235294117647058,6,高利用率
HK00010,2025-04-10 12:00:00,0.9235294117647058,6,高利用率
HK00010,2025-04-10 18:00:00,0.9235294117647058,6,高利用率
HK00010,2025-04-11 00:00:00,0.9235294117647058,6,高利用率
HK00010,2025-04-11 06:00:00,0.9235294117647058,6,高利用率
HK00010,2025-04-11 12:00:00,0.9235294117647058,6,高利用率
HK00010,2025-04-11 18:00:00,0.9235294117647058,6,高利用率
HK00010,2025-04-12 00:00:00,0.9235294117647058,6,高利用率
HK00010,2025-04-12 06:00:00,0.9235294117647058,6,高利用率
HK00010,2025-04-12 12:00:00,0.9235294117647058,6,高利用率
HK00010,2025-04-12 18:00:00,0.9235294117647058,6,高利用率
HK00010,2025-04-13 00:00:00,0.9235294117647058,6,高利用率
HK00010,2025-04-13 06:00:00,0.9235294117647058,6,高利用率
HK00010,2025-04-13 12:00:00,0.9235294117647058,6,高利用率
HK00010,2025-04-13 18:00:00,0.9235294117647058,6,高利用率
HK00013,2025-03-02 21:00:00,0.9952830188679245,2,高利用率
HK00013,2025-03-02 22:00:00,0.9952830188679244,6,高利用率
HK00013,2025-03-02 23:00:00,0.9952830188679244,6,高利用率
HK00013,2025-03-03 00:00:00,0.9952830188679244,6,高利用率
HK00013,2025-03-03 01:00:00,0.9952830188679244,6,高利用率
HK00013,2025-03-03 02:00:00,0.9952830188679244,6,高利用率
HK00013,2025-03-03 03:00:00,0.9952830188679244,6,高利用率
HK00013,2025-03-03 04:00:00,0.9952830188679244,6,高利用率
HK00013,2025-03-03 05:00:00,0.9952830188679244,6,高利用率
HK00013,2025-03-03 06:00:00,0.9952830188679244,6,高利用率
HK00013,2025-03-03 07:00:00,0.9952830188679244,6,高利用率
HK00013,2025-03-03 08:00:00,0.9952830188679244,6,高利用率
HK00013,2025-03-03 09:00:00,0.9952830188679244,6,高利用率
HK00013,2025-03-03 10:00:00,0.9952830188679244,6,高利用率
HK00013,2025-03-03 11:00:00,0.9952830188679244,6,高利用率
HK00013,2025-03-03 12:00:00,0.9952830188679244,6,高利用率
HK00013,2025-03-03 13:00:00,0.9952830188679244,6,高利用率
HK00013,2025-03-03 14:00:00,0.9952830188679244,6,高利用率
HK00013,2025-03-03 15:00:00,0.9952830188679244,6,高利用率
HK00013,2025-03-03 16:00:00,0.9952830188679244,6,高利用率
HK00013,2025-03-03 17:00:00,0.9952830188679244,6,高利用率
HK00013,2025-03-03 18:00:00,0.9952830188679244,6,高利用率
HK00013,2025-03-03 19:00:00,0.9952830188679244,6,高利用率
HK00013,2025-03-03 20:00:00,0.9952830188679244,6,高利用率
HK00013,2025-03-03 21:00:00,0.9952830188679244,6,高利用率
HK00013,2025-03-03 22:00:00,0.9952830188679244,6,高利用率
HK00013,2025-03-03 23:00:00,0.9952830188679244,6,高利用率
HK00013,2025-03-04 00:00:00,0.9952830188679244,6,高利用率
HK00013,2025-03-04 01:00:00,0.9952830188679244,6,高利用率
HK00013,2025-03-04 02:00:00,0.9952830188679244,6,高利用率
HK00013,2025-03-04 03:00:00,0.9952830188679245,2,高利用率
HK00013,2025-04-07 00:00:00,0.9952830188679244,6,高利用率
HK00013,2025-04-07 06:00:00,0.9952830188679244,6,高利用率
HK00013,2025-04-07 12:00:00,0.9952830188679244,6,高利用率
HK00013,2025-04-07 18:00:00,0.9952830188679244,6,高利用率
HK00013,2025-04-08 00:00:00,0.9952830188679244,6,高利用率
HK00013,2025-04-08 06:00:00,0.9952830188679244,6,高利用率
HK00013,2025-04-08 12:00:00,0.9952830188679244,6,高利用率
HK00013,2025-04-08 18:00:00,0.9952830188679244,6,高利用率
HK00013,2025-04-09 00:00:00,0.9952830188679244,6,高利用率
HK00013,2025-04-09 06:00:00,0.9952830188679244,6,高利用率
HK00013,2025-04-09 12:00:00,0.9952830188679244,6,高利用率
HK00013,2025-04-09 18:00:00,0.9952830188679244,6,高利用率
HK00013,2025-04-10 00:00:00,0.9952830188679244,6,高利用率
HK00013,2025-04-10 06:00:00,0.9952830188679244,6,高利用率
HK00013,2025-04-10 12:00:00,0.9952830188679244,6,高利用率
HK00013,2025-04-10 18:00:00,0.9952830188679244,6,高利用率
HK00013,2025-04-11 00:00:00,0.9952830188679244,6,高利用率
HK00013,2025-04-11 06:00:00,0.9952830188679244,6,高利用率
HK00013,2025-04-11 12:00:00,0.9952830188679244,6,高利用率
HK00013,2025-04-11 18:00:00,0.9952830188679244,6,高利用率
HK00013,2025-04-12 00:00:00,0.9952830188679244,6,高利用率
HK00013,2025-04-12 06:00:00,0.9952830188679244,6,高利用率
HK00013,2025-04-12 12:00:00,0.9952830188679244,6,高利用率
HK00013,2025-04-12 18:00:00,0.9952830188679244,6,高利用率
HK00013,2025-04-13 00:00:00,0.9952830188679244,6,高利用率
HK00013,2025-04-13 06:00:00,0.9952830188679244,6,高利用率
HK00013,2025-04-13 12:00:00,0.9952830188679244,6,高利用率
HK00013,2025-04-13 18:00:00,0.9952830188679244,6,高利用率
HK00020,2025-03-02 21:00:00,0.8955555555555555,2,高利用率
HK00020,2025-03-02 22:00:00,0.8955555555555555,6,高利用率
HK00020,2025-03-02 23:00:00,0.8955555555555555,6,高利用率
HK00020,2025-03-03 00:00:00,0.8955555555555555,6,高利用率
HK00020,2025-03-03 01:00:00,0.8955555555555555,6,高利用率
HK00020,2025-03-03 02:00:00,0.8955555555555555,6,高利用率
HK00020,2025-03-03 03:00:00,0.8955555555555555,6,高利用率
HK00020,2025-03-03 04:00:00,0.8955555555555555,6,高利用率
HK00020,2025-03-03 05:00:00,0.8955555555555555,6,高利用率
HK00020,2025-03-03 06:00:00,0.8955555555555555,6,高利用率
HK00020,2025-03-03 07:00:00,0.8955555555555555,6,高利用率
HK00020,2025-03-03 08:00:00,0.8955555555555555,6,高利用率
HK00020,2025-03-03 09:00:00,0.8955555555555555,6,高利用率
HK00020,2025-03-03 10:00:00,0.8955555555555555,6,高利用率
HK00020,2025-03-03 11:00:00,0.8955555555555555,6,高利用率
HK00020,2025-03-03 12:00:00,0.8955555555555555,6,高利用率
HK00020,2025-03-03 13:00:00,0.8955555555555555,6,高利用率
HK00020,2025-03-03 14:00:00,0.8955555555555555,6,高利用率
HK00020,2025-03-03 15:00:00,0.8955555555555555,6,高利用率
HK00020,2025-03-03 16:00:00,0.8955555555555555,6,高利用率
HK00020,2025-03-03 17:00:00,0.8955555555555555,6,高利用率
HK00020,2025-03-03 18:00:00,0.8955555555555555,6,高利用率
HK00020,2025-03-03 19:00:00,0.8955555555555555,6,高利用率
HK00020,2025-03-03 20:00:00,0.8955555555555555,6,高利用率
HK00020,2025-03-03 21:00:00,0.8955555555555555,6,高利用率
HK00020,2025-03-03 22:00:00,0.8955555555555555,6,高利用率
HK00020,2025-03-03 23:00:00,0.8955555555555555,6,高利用率
HK00020,2025-03-04 00:00:00,0.8955555555555555,6,高利用率
HK00020,2025-03-04 01:00:00,0.8955555555555555,6,高利用率
HK00020,2025-03-04 02:00:00,0.8955555555555555,6,高利用率
HK00020,2025-03-04 03:00:00,0.8955555555555555,2,高利用率
HK00020,2025-04-07 00:00:00,0.8955555555555555,6,高利用率
HK00020,2025-04-07 06:00:00,0.8955555555555555,6,高利用率
HK00020,2025-04-07 12:00:00,0.8955555555555555,6,高利用率
HK00020,2025-04-07 18:00:00,0.8955555555555555,6,高利用率
HK00020,2025-04-08 00:00:00,0.8955555555555555,6,高利用率
HK00020,2025-04-08 06:00:00,0.8955555555555555,6,高利用率
HK00020,2025-04-08 12:00:00,0.8955555555555555,6,高利用率
HK00020,2025-04-08 18:00:00,0.8955555555555555,6,高利用率
HK00020,2025-04-09 00:00:00,0.8955555555555555,6,高利用率
HK00020,2025-04-09 06:00:00,0.8955555555555555,6,高利用率
HK00020,2025-04-09 12:00:00,0.8955555555555555,6,高利用率
HK00020,2025-04-09 18:00:00,0.8955555555555555,6,高利用率
HK00020,2025-04-10 00:00:00,0.8955555555555555,6,高利用率
HK00020,2025-04-10 06:00:00,0.8955555555555555,6,高利用率
HK00020,2025-04-10 12:00:00,0.8955555555555555,6,高利用率
HK00020,2025-04-10 18:00:00,0.8955555555555555,6,高利用率
HK00020,2025-04-11 00:00:00,0.8955555555555555,6,高利用率
HK00020,2025-04-11 06:00:00,0.8955555555555555,6,高利用率
HK00020,2025-04-11 12:00:00,0.8955555555555555,6,高利用率
HK00020,2025-04-11 18:00:00,0.8955555555555555,6,高利用率
HK00020,2025-04-12 00:00:00,0.8955555555555555,6,高利用率
HK00020,2025-04-12 06:00:00,0.8955555555555555,6,高利用率
HK00020,2025-04-12 12:00:00,0.8955555555555555,6,高利用率
HK00020,2025-04-12 18:00:00,0.8955555555555555,6,高利用率
HK00020,2025-04-13 00:00:00,0.8955555555555555,6,高利用率
HK00020,2025-04-13 06:00:00,0.8955555555555555,6,高利用率
HK00020,2025-04-13 12:00:00,0.8955555555555555,6,高利用率
HK00020,2025-04-13 18:00:00,0.8955555555555555,6,高利用率
HK00021,2025-03-02 21:00:00,0.3,2,中利用率
HK00021,2025-03-02 22:00:00,0.3,6,中利用率
HK00021,2025-03-02 23:00:00,0.3,6,中利用率
HK00021,2025-03-03 00:00:00,0.3,6,中利用率
HK00021,2025-03-03 01:00:00,0.3,6,中利用率
HK00021,2025-03-03 02:00:00,0.3,6,中利用率
HK00021,2025-03-03 03:00:00,0.3,6,中利用率
HK00021,2025-03-03 04:00:00,0.3,6,中利用率
HK00021,2025-03-03 05:00:00,0.3,6,中利用率
HK00021,2025-03-03 06:00:00,0.3,6,中利用率
HK00021,2025-03-03 07:00:00,0.3,6,中利用率
HK00021,2025-03-03 08:00:00,0.3,6,中利用率
HK00021,2025-03-03 09:00:00,0.3,6,中利用率
HK00021,2025-03-03 10:00:00,0.3,6,中利用率
HK00021,2025-03-03 11:00:00,0.3,6,中利用率
HK00021,2025-03-03 12:00:00,0.3,6,中利用率
HK00021,2025-03-03 13:00:00,0.3,6,中利用率
HK00021,2025-03-03 14:00:00,0.3,6,中利用率
HK00021,2025-03-03 15:00:00,0.3,6,中利用率
HK00021,2025-03-03 16:00:00,0.3,6,中利用率
HK00021,2025-03-03 17:00:00,0.3,6,中利用率
HK00021,2025-03-03 18:00:00,0.3,6,中利用率
HK00021,2025-03-03 19:00:00,0.3,6,中利用率
HK00021,2025-03-03 20:00:00,0.3,6,中利用率
HK00021,2025-03-03 21:00:00,0.3,6,中利用率
HK00021,2025-03-03 22:00:00,0.3,6,中利用率
HK00021,2025-03-03 23:00:00,0.3,6,中利用率
HK00021,2025-03-04 00:00:00,0.3,6,中利用率
HK00021,2025-03-04 01:00:00,0.3,6,中利用率
HK00021,2025-03-04 02:00:00,0.3,6,中利用率
HK00021,2025-03-04 03:00:00,0.3,2,中利用率
HK00021,2025-04-07 00:00:00,0.3,6,中利用率
HK00021,2025-04-07 06:00:00,0.3,6,中利用率
HK00021,2025-04-07 12:00:00,0.3,6,中利用率
HK00021,2025-04-07 18:00:00,0.3,6,中利用率
HK00021,2025-04-08 00:00:00,0.3,6,中利用率
HK00021,2025-04-08 06:00:00,0.3,6,中利用率
HK00021,2025-04-08 12:00:00,0.3,6,中利用率
HK00021,2025-04-08 18:00:00,0.3,6,中利用率
HK00021,2025-04-09 00:00:00,0.3,6,中利用率
HK00021,2025-04-09 06:00:00,0.3,6,中利用率
HK00021,2025-04-09 12:00:00,0.3,6,中利用率
HK00021,2025-04-09 18:00:00,0.3,6,中利用率
HK00021,2025-04-10 00:00:00,0.3,6,中利用率
HK00021,2025-04-10 06:00:00,0.3,6,中利用率
HK00021,2025-04-10 12:00:00,0.3,6,中利用率
HK00021,2025-04-10 18:00:00,0.3,6,中利用率
HK00021,2025-04-11 00:00:00,0.3,6,中利用率
HK00021,2025-04-11 06:00:00,0.3,6,中利用率
HK00021,2025-04-11 12:00:00,0.3,6,中利用率
HK00021,2025-04-11 18:00:00,0.3,6,中利用率
HK00021,2025-04-12 00:00:00,0.3,6,中利用率
HK00021,2025-04-12 06:00:00,0.3,6,中利用率
HK00021,2025-04-12 12:00:00,0.3,6,中利用率
HK00021,2025-04-12 18:00:00,0.3,6,中利用率
HK00021,2025-04-13 00:00:00,0.3,6,中利用率
HK00021,2025-04-13 06:00:00,0.3,6,中利用率
HK00021,2025-04-13 12:00:00,0.3,6,中利用率
HK00021,2025-04-13 18:00:00,0.3,6,中利用率
P3120000012,2021-06-22 14:00:00,0.8076923076923077,1,高利用率
P3120000012,2021-06-24 17:00:00,0.8076923076923077,1,高利用率
P3120000013,2021-06-22 14:00:00,0.8571428571428571,1,高利用率
P3120000013,2021-06-24 17:00:00,0.8571428571428571,1,高利用率
P3120000014,2021-06-22 14:00:00,0.2631578947368421,1,低利用率
P3120000014,2021-06-24 17:00:00,0.10526315789473684,1,低利用率
P3120000014,2021-07-02 14:00:00,0.08771929824561403,3,低利用率
P3120000014,2021-07-02 15:00:00,0.10526315789473684,4,低利用率
P3120000014,2021-07-02 16:00:00,0.13157894736842105,2,低利用率
P3120000014,2021-07-02 17:00:00,0.25,4,低利用率
P3120000014,2021-07-03 00:00:00,0.0,1,低利用率
P3120000014,2021-07-03 07:00:00,0.5263157894736842,4,中利用率
P3120000014,2021-07-03 08:00:00,0.3684210526315789,2,中利用率
P3120000014,2021-07-03 09:00:00,0.3157894736842105,2,中利用率
P3120000014,2021-07-03 11:00:00,0.05263157894736842,1,低利用率
P3120000014,2021-07-03 12:00:00,0.21052631578947367,4,低利用率
P3120000014,2021-07-03 13:00:00,0.2631578947368421,4,低利用率
P3120000014,2021-07-03 14:00:00,0.21929824561403508,6,低利用率
P3120000014,2021-07-03 15:00:00,0.24561403508771928,3,低利用率
P3120000014,2021-07-03 16:00:00,0.3333333333333333,3,中利用率
P3120000014,2021-07-03 17:00:00,0.24561403508771928,3,低利用率
P3120000014,2021-07-03 18:00:00,0.05263157894736842,1,低利用率
P3120000014,2021-07-04 06:00:00,0.10526315789473684,1,低利用率
P3120000014,2021-07-04 07:00:00,0.6842105263157895,1,中利用率
P3120000014,2021-07-04 08:00:00,0.48684210526315785,4,中利用率
P3120000014,2021-07-04 09:00:00,0.21052631578947367,5,低利用率
P3120000014,2021-07-04 10:00:00,0.10526315789473684,3,低利用率
P3120000014,2021-07-04 11:00:00,0.02631578947368421,2,低利用率
P3120000014,2021-07-04 12:00:00,0.017543859649122806,3,低利用率
P3120000014,2021-07-04 13:00:00,0.13157894736842105,4,低利用率
P3120000014,2021-07-04 14:00:00,0.15789473684210525,1,低利用率
P3120000014,2021-07-04 15:00:00,0.08771929824561403,3,低利用率
P3120000014,2021-07-04 16:00:00,0.11403508771929823,6,低利用率
P3120000014,2021-07-04 17:00:00,0.2807017543859649,3,低利用率
P3120000014,2021-07-05 06:00:00,0.07017543859649122,3,低利用率
P3120000014,2021-07-05 07:00:00,0.42105263157894735,4,中利用率
P3120000014,2021-07-05 08:00:00,0.2763157894736842,4,低利用率
P3120000014,2021-07-05 09:00:00,0.07894736842105263,2,低利用率
P3120000014,2021-07-05 10:00:00,0.07894736842105263,2,低利用率
P3120000014,2021-07-05 11:00:00,0.07894736842105263,2,低利用率
P3120000014,2021-07-05 12:00:00,0.14035087719298245,3,低利用率
P3120000014,2021-07-05 13:00:00,0.05263157894736842,3,低利用率
P3120000014,2021-07-05 14:00:00,0.10526315789473684,3,低利用率
P3120000014,2021-07-05 15:00:00,0.02631578947368421,2,低利用率
P3120000014,2021-07-05 16:00:00,0.17543859649122806,3,低利用率
P3120000014,2021-07-05 17:00:00,0.3421052631578947,2,中利用率
P3120000014,2021-07-05 18:00:00,0.1894736842105263,5,低利用率
P3120000014,2021-07-05 19:00:00,0.5964912280701754,3,中利用率
P3120000014,2021-07-05 20:00:00,0.47368421052631576,4,中利用率
P3120000014,2021-07-05 21:00:00,0.47368421052631576,1,中利用率
P3120000014,2021-07-05 22:00:00,0.42105263157894735,4,中利用率
P3120000014,2021-07-05 23:00:00,0.5263157894736842,1,中利用率
P3120000014,2021-07-06 00:00:00,0.631578947368421,1,中利用率
P3120000014,2021-07-06 02:00:00,0.5789473684210527,1,中利用率
P3120000014,2021-07-06 07:00:00,0.631578947368421,4,中利用率
P3120000014,2021-07-06 08:00:00,0.47368421052631576,4,中利用率
P3120000014,2021-07-06 09:00:00,0.2894736842105263,4,低利用率
P3120000014,2021-07-06 10:00:00,0.14473684210526316,4,低利用率
P3120000014,2021-07-06 11:00:00,0.1894736842105263,5,低利用率
P3120000014,2021-07-06 12:00:00,0.43859649122807015,3,中利用率
P3120000014,2021-07-06 13:00:00,0.15789473684210525,3,低利用率
P3120000014,2021-07-06 14:00:00,0.18421052631578946,2,低利用率
P3120000014,2021-07-06 15:00:00,0.23684210526315788,4,低利用率
P3120000014,2021-07-06 16:00:00,0.21052631578947367,1,低利用率
P3120000014,2021-07-06 17:00:00,0.2894736842105263,4,低利用率
P3120000014,2021-07-06 18:00:00,0.2982456140350877,3,低利用率
P3120000014,2021-07-06 19:00:00,0.5087719298245613,3,中利用率
P3120000014,2021-07-06 20:00:00,0.5526315789473684,2,中利用率
P3120000014,2021-07-06 21:00:00,0.5087719298245613,3,中利用率
P3120000014,2021-07-06 22:00:00,0.5789473684210527,3,中利用率
P3120000014,2021-07-06 23:00:00,0.6052631578947368,2,中利用率
P3120000014,2021-07-07 00:00:00,0.7105263157894737,2,高利用率
P3120000014,2021-07-07 01:00:00,0.6578947368421053,2,中利用率
P3120000014,2021-07-07 03:00:00,0.6578947368421053,2,中利用率
P3120000014,2021-07-07 04:00:00,0.6842105263157895,1,中利用率
P3120000014,2021-07-07 07:00:00,0.7192982456140351,3,高利用率
P3120000014,2021-07-07 08:00:00,0.5526315789473684,4,中利用率
P3120000014,2021-07-07 09:00:00,0.29473684210526313,5,低利用率
P3120000014,2021-07-07 10:00:00,0.13157894736842105,2,低利用率
P3120000014,2021-07-07 11:00:00,0.17105263157894735,4,低利用率
P3120000014,2021-07-07 12:00:00,0.15789473684210525,4,低利用率
P3120000014,2021-07-07 13:00:00,0.11578947368421053,5,低利用率
P3120000014,2021-07-07 14:00:00,0.10526315789473684,1,低利用率
P3120000014,2021-07-07 15:00:00,0.23684210526315788,6,低利用率
P3120000014,2021-07-07 16:00:00,0.23684210526315788,2,低利用率
P3120000014,2021-07-07 17:00:00,0.2763157894736842,4,低利用率
P3120000014,2021-07-07 18:00:00,0.4605263157894737,4,中利用率
P3120000014,2021-07-07 19:00:00,0.49122807017543857,3,中利用率
P3120000014,2021-07-07 20:00:00,0.513157894736842,4,中利用率
P3120000014,2021-07-07 21:00:00,0.5964912280701754,3,中利用率
P3120000014,2021-07-07 22:00:00,0.5263157894736842,1,中利用率
P3120000014,2021-07-08 00:00:00,0.4473684210526315,2,中利用率
P3120000014,2021-07-08 01:00:00,0.5263157894736842,1,中利用率
P3120000014,2021-07-08 04:00:00,0.5789473684210527,1,中利用率
P3120000014,2021-07-08 07:00:00,0.7894736842105263,4,高利用率
P3120000014,2021-07-08 08:00:00,0.43859649122807015,6,中利用率
P3120000014,2021-07-08 09:00:00,0.15789473684210525,5,低利用率
P3120000014,2021-07-08 10:00:00,0.07894736842105263,4,低利用率
P3120000014,2021-07-08 12:00:00,0.17105263157894735,4,低利用率
P3120000014,2021-07-08 13:00:00,0.07894736842105263,6,低利用率
P3120000014,2021-07-08 14:00:00,0.3508771929824561,3,中利用率
P3120000014,2021-07-08 15:00:00,0.543859649122807,3,中利用率
P3120000014,2021-07-08 16:00:00,0.3859649122807018,3,中利用率
P3120000014,2021-07-08 17:00:00,0.2894736842105263,2,低利用率
P3120000014,2021-07-08 18:00:00,0.17105263157894735,4,低利用率
P3120000014,2021-07-08 19:00:00,0.3578947368421052,5,中利用率
P3120000015,2021-06-22 14:00:00,0.14285714285714285,1,低利用率
P3120000015,2021-06-24 17:00:00,0.19047619047619047,1,低利用率
P3120000015,2021-07-02 14:00:00,0.015873015873015872,3,低利用率
P3120000015,2021-07-02 15:00:00,0.07142857142857142,2,低利用率
P3120000015,2021-07-02 16:00:00,0.047619047619047616,1,低利用率
P3120000015,2021-07-02 17:00:00,0.09523809523809523,5,低利用率
P3120000015,2021-07-03 00:00:00,0.0,1,低利用率
P3120000015,2021-07-03 06:00:00,0.09523809523809523,1,低利用率
P3120000015,2021-07-03 07:00:00,0.19047619047619047,1,低利用率
P3120000015,2021-07-03 08:00:00,0.14285714285714285,1,低利用率
P3120000015,2021-07-03 09:00:00,0.07142857142857142,2,低利用率
P3120000015,2021-07-03 12:00:00,0.23809523809523808,4,低利用率
P3120000015,2021-07-03 13:00:00,0.09523809523809523,5,低利用率
P3120000015,2021-07-03 14:00:00,0.2222222222222222,3,低利用率
P3120000015,2021-07-03 15:00:00,0.2222222222222222,3,低利用率
P3120000015,2021-07-03 16:00:00,0.07142857142857142,2,低利用率
P3120000015,2021-07-03 17:00:00,0.047619047619047616,3,低利用率
P3120000015,2021-07-03 18:00:00,0.047619047619047616,1,低利用率
P3120000015,2021-07-04 07:00:00,0.23809523809523808,4,低利用率
P3120000015,2021-07-04 08:00:00,0.19047619047619047,5,低利用率
P3120000015,2021-07-04 10:00:00,0.17460317460317457,3,低利用率
P3120000015,2021-07-04 11:00:00,0.07142857142857142,2,低利用率
P3120000015,2021-07-04 12:00:00,0.09523809523809523,1,低利用率
P3120000015,2021-07-04 13:00:00,0.21428571428571427,4,低利用率
P3120000015,2021-07-04 14:00:00,0.23809523809523805,3,低利用率
P3120000015,2021-07-04 15:00:00,0.30952380952380953,2,中利用率
P3120000015,2021-07-04 16:00:00,0.2857142857142857,3,低利用率
P3120000015,2021-07-04 17:00:00,0.15476190476190477,4,低利用率
P3120000015,2021-07-05 06:00:00,0.047619047619047616,1,低利用率
P3120000015,2021-07-05 07:00:00,0.20634920634920637,3,低利用率
P3120000015,2021-07-05 08:00:00,0.17460317460317457,3,低利用率
P3120000015,2021-07-05 09:00:00,0.09523809523809523,1,低利用率
P3120000015,2021-07-05 10:00:00,0.09523809523809523,3,低利用率
P3120000015,2021-07-05 11:00:00,0.2,5,低利用率
P3120000015,2021-07-05 12:00:00,0.09523809523809523,3,低利用率
P3120000015,2021-07-05 13:00:00,0.10714285714285714,4,低利用率
P3120000015,2021-07-05 14:00:00,0.26666666666666666,5,低利用率
P3120000015,2021-07-05 15:00:00,0.2952380952380952,5,低利用率
P3120000015,2021-07-05 16:00:00,0.15476190476190477,4,低利用率
P3120000015,2021-07-05 17:00:00,0.13333333333333333,5,低利用率
P3120000015,2021-07-05 18:00:00,0.19047619047619047,5,低利用率
P3120000015,2021-07-05 19:00:00,0.2095238095238095,5,低利用率
P3120000015,2021-07-05 20:00:00,0.15873015873015872,3,低利用率
P3120000015,2021-07-05 22:00:00,0.19047619047619047,1,低利用率
P3120000015,2021-07-05 23:00:00,0.21428571428571427,2,低利用率
P3120000015,2021-07-06 00:00:00,0.21428571428571427,2,低利用率
P3120000015,2021-07-06 02:00:00,0.09523809523809523,4,低利用率
P3120000015,2021-07-06 05:00:00,0.12698412698412698,3,低利用率
P3120000015,2021-07-06 06:00:00,0.11904761904761904,2,低利用率
P3120000015,2021-07-06 07:00:00,0.07142857142857142,4,低利用率
P3120000015,2021-07-06 08:00:00,0.09523809523809523,3,低利用率
P3120000015,2021-07-06 09:00:00,0.047619047619047616,4,低利用率
P3120000015,2021-07-06 10:00:00,0.2095238095238095,5,低利用率
P3120000015,2021-07-06 11:00:00,0.39285714285714285,4,中利用率
P3120000015,2021-07-06 12:00:00,0.419047619047619,5,中利用率
P3120000015,2021-07-06 13:00:00,0.2761904761904762,5,低利用率
P3120000015,2021-07-06 14:00:00,0.38095238095238093,2,中利用率
P3120000015,2021-07-06 15:00:00,0.4920634920634921,3,中利用率
P3120000015,2021-07-06 16:00:00,0.42857142857142855,3,中利用率
P3120000015,2021-07-06 17:00:00,0.2857142857142857,4,低利用率
P3120000015,2021-07-06 18:00:00,0.21428571428571427,2,低利用率
P3120000015,2021-07-06 19:00:00,0.31746031746031744,6,中利用率
P3120000015,2021-07-06 20:00:00,0.38095238095238093,4,中利用率
P3120000015,2021-07-06 21:00:00,0.34920634920634913,3,中利用率
P3120000015,2021-07-06 23:00:00,0.35238095238095235,5,中利用率
P3120000015,2021-07-07 00:00:00,0.30158730158730157,3,中利用率
P3120000015,2021-07-07 02:00:00,0.19047619047619047,1,低利用率
P3120000015,2021-07-07 03:00:00,0.19047619047619047,2,低利用率
P3120000015,2021-07-07 06:00:00,0.19047619047619047,1,低利用率
P3120000015,2021-07-07 07:00:00,0.08571428571428572,5,低利用率
P3120000015,2021-07-07 08:00:00,0.09523809523809523,2,低利用率
P3120000015,2021-07-07 09:00:00,0.2857142857142857,3,低利用率
P3120000015,2021-07-07 10:00:00,0.22619047619047616,4,低利用率
P3120000015,2021-07-07 11:00:00,0.2095238095238095,5,低利用率
P3120000015,2021-07-07 12:00:00,0.2857142857142857,5,低利用率
P3120000015,2021-07-07 13:00:00,0.23809523809523805,3,低利用率
P3120000015,2021-07-07 14:00:00,0.3968253968253968,6,中利用率
P3120000015,2021-07-07 15:00:00,0.4920634920634921,3,中利用率
P3120000015,2021-07-07 16:00:00,0.40476190476190477,2,中利用率
P3120000015,2021-07-07 17:00:00,0.23809523809523805,3,低利用率
P3120000015,2021-07-07 18:00:00,0.2857142857142857,4,低利用率
P3120000015,2021-07-07 19:00:00,0.30952380952380953,2,中利用率
P3120000015,2021-07-07 20:00:00,0.34920634920634913,3,中利用率
P3120000015,2021-07-07 21:00:00,0.3214285714285714,4,中利用率
P3120000015,2021-07-07 22:00:00,0.31746031746031744,3,中利用率
P3120000015,2021-07-07 23:00:00,0.23809523809523808,2,低利用率
P3120000015,2021-07-08 00:00:00,0.23809523809523808,1,低利用率
P3120000015,2021-07-08 01:00:00,0.16666666666666666,2,低利用率
P3120000015,2021-07-08 02:00:00,0.07142857142857142,2,低利用率
P3120000015,2021-07-08 04:00:00,0.09523809523809523,1,低利用率
P3120000015,2021-07-08 08:00:00,0.2222222222222222,3,低利用率
P3120000015,2021-07-08 09:00:00,0.17460317460317457,3,低利用率
P3120000015,2021-07-08 10:00:00,0.17460317460317457,3,低利用率
P3120000015,2021-07-08 11:00:00,0.19047619047619047,1,低利用率
P3120000015,2021-07-08 12:00:00,0.23809523809523808,5,低利用率
P3120000015,2021-07-08 13:00:00,0.39285714285714285,4,中利用率
P3120000015,2021-07-08 14:00:00,0.26666666666666666,5,低利用率
P3120000015,2021-07-08 15:00:00,0.3253968253968254,6,中利用率
P3120000015,2021-07-08 16:00:00,0.2857142857142857,3,低利用率
P3120000015,2021-07-08 17:00:00,0.3619047619047619,5,中利用率
P3120000015,2021-07-08 18:00:00,0.21428571428571427,4,低利用率
P3120000015,2021-07-08 19:00:00,0.047619047619047616,3,低利用率
P3120000016,2021-06-22 14:00:00,0.6,1,中利用率
P3120000016,2021-06-24 17:00:00,0.4,1,中利用率
P3120000016,2021-07-02 14:00:00,0.23333333333333334,4,低利用率
P3120000016,2021-07-02 15:00:00,0.26666666666666666,1,低利用率
P3120000016,2021-07-02 16:00:00,0.3666666666666667,2,中利用率
P3120000016,2021-07-02 17:00:00,0.37333333333333335,5,中利用率
P3120000016,2021-07-03 00:00:00,0.2,1,低利用率
P3120000016,2021-07-03 06:00:00,0.23333333333333334,2,低利用率
P3120000016,2021-07-03 07:00:00,0.4888888888888889,3,中利用率
P3120000016,2021-07-03 08:00:00,0.4666666666666666,3,中利用率
P3120000016,2021-07-03 09:00:00,0.4666666666666667,1,中利用率
P3120000016,2021-07-03 11:00:00,0.25,4,低利用率
P3120000016,2021-07-03 12:00:00,0.4,5,中利用率
P3120000016,2021-07-03 13:00:00,0.3,2,中利用率
P3120000016,2021-07-03 14:00:00,0.35555555555555557,3,中利用率
P3120000016,2021-07-03 15:00:00,0.45555555555555555,6,中利用率
P3120000016,2021-07-03 16:00:00,0.3,4,中利用率
P3120000016,2021-07-03 17:00:00,0.38333333333333336,4,中利用率
P3120000016,2021-07-03 18:00:00,0.13333333333333333,1,低利用率
P3120000016,2021-07-04 00:00:00,0.2,1,低利用率
P3120000016,2021-07-04 06:00:00,0.23333333333333334,2,低利用率
P3120000016,2021-07-04 07:00:00,0.43333333333333335,2,中利用率
P3120000016,2021-07-04 08:00:00,0.3666666666666667,2,中利用率
P3120000016,2021-07-04 09:00:00,0.3333333333333333,1,中利用率
P3120000016,2021-07-04 10:00:00,0.26666666666666666,1,低利用率
P3120000016,2021-07-04 11:00:00,0.23333333333333334,2,低利用率
P3120000016,2021-07-04 12:00:00,0.24444444444444444,3,低利用率
P3120000016,2021-07-04 13:00:00,0.23333333333333334,2,低利用率
P3120000016,2021-07-04 14:00:00,0.16666666666666669,2,低利用率
P3120000016,2021-07-04 15:00:00,0.2,4,低利用率
P3120000016,2021-07-04 16:00:00,0.2,1,低利用率
P3120000016,2021-07-05 06:00:00,0.13333333333333333,1,低利用率
P3120000016,2021-07-05 07:00:00,0.26666666666666666,1,低利用率
P3120000016,2021-07-05 08:00:00,0.26666666666666666,4,低利用率
P3120000016,2021-07-05 09:00:00,0.4,4,中利用率
P3120000016,2021-07-05 10:00:00,0.3,2,中利用率
P3120000016,2021-07-05 11:00:00,0.3,2,中利用率
P3120000016,2021-07-05 12:00:00,0.3,2,中利用率
P3120000016,2021-07-05 13:00:00,0.35555555555555557,3,中利用率
P3120000016,2021-07-05 14:00:00,0.4,1,中利用率
P3120000016,2021-07-05 15:00:00,0.5,2,中利用率
P3120000016,2021-07-05 16:00:00,0.4444444444444444,3,中利用率
P3120000016,2021-07-05 17:00:00,0.43333333333333335,4,中利用率
P3120000016,2021-07-05 18:00:00,0.24444444444444444,3,低利用率
P3120000016,2021-07-05 19:00:00,0.26666666666666666,3,低利用率
P3120000016,2021-07-05 20:00:00,0.30666666666666664,5,中利用率
P3120000016,2021-07-05 21:00:00,0.3666666666666667,2,中利用率
P3120000016,2021-07-05 22:00:00,0.3666666666666667,2,中利用率
P3120000016,2021-07-05 23:00:00,0.26666666666666666,1,低利用率
P3120000016,2021-07-06 01:00:00,0.3,2,中利用率
P3120000016,2021-07-06 02:00:00,0.3333333333333333,1,中利用率
P3120000016,2021-07-06 03:00:00,0.26666666666666666,1,低利用率
P3120000016,2021-07-06 06:00:00,0.2,1,低利用率
P3120000016,2021-07-06 07:00:00,0.2888888888888889,3,低利用率
P3120000016,2021-07-06 08:00:00,0.41111111111111115,6,中利用率
P3120000016,2021-07-06 09:00:00,0.3333333333333333,3,中利用率
P3120000016,2021-07-06 10:00:00,0.26666666666666666,2,低利用率
P3120000016,2021-07-06 11:00:00,0.3,4,中利用率
P3120000016,2021-07-06 12:00:00,0.37777777777777777,3,中利用率
P3120000016,2021-07-06 13:00:00,0.5111111111111111,3,中利用率
P3120000016,2021-07-06 14:00:00,0.39999999999999997,3,中利用率
P3120000016,2021-07-06 15:00:00,0.6333333333333333,6,中利用率
P3120000016,2021-07-06 16:00:00,0.6399999999999999,5,中利用率
P3120000016,2021-07-06 17:00:00,0.4166666666666667,4,中利用率
P3120000016,2021-07-06 18:00:00,0.32,5,中利用率
P3120000016,2021-07-06 19:00:00,0.3666666666666667,2,中利用率
P3120000016,2021-07-06 20:00:00,0.4,1,中利用率
P3120000016,2021-07-06 21:00:00,0.39999999999999997,3,中利用率
P3120000016,2021-07-06 22:00:00,0.4666666666666666,3,中利用率
P3120000016,2021-07-06 23:00:00,0.4666666666666667,4,中利用率
P3120000016,2021-07-07 00:00:00,0.5333333333333333,4,中利用率
P3120000016,2021-07-07 01:00:00,0.31666666666666665,4,中利用率
P3120000016,2021-07-07 04:00:00,0.26666666666666666,1,低利用率
P3120000016,2021-07-07 05:00:00,0.3,2,中利用率
P3120000016,2021-07-07 06:00:00,0.2,1,低利用率
P3120000016,2021-07-07 07:00:00,0.3,2,中利用率
P3120000016,2021-07-07 08:00:00,0.26666666666666666,1,低利用率
P3120000016,2021-07-07 09:00:00,0.26666666666666666,3,低利用率
P3120000016,2021-07-07 10:00:00,0.2833333333333333,4,低利用率
P3120000016,2021-07-07 11:00:00,0.37777777777777777,3,中利用率
P3120000016,2021-07-07 12:00:00,0.3,2,中利用率
P3120000016,2021-07-07 13:00:00,0.3333333333333333,3,中利用率
P3120000016,2021-07-07 14:00:00,0.3666666666666667,2,中利用率
P3120000016,2021-07-07 15:00:00,0.29333333333333333,5,低利用率
P3120000016,2021-07-07 16:00:00,0.2,4,低利用率
P3120000016,2021-07-07 17:00:00,0.15555555555555556,3,低利用率
P3120000016,2021-07-07 18:00:00,0.3466666666666667,5,中利用率
P3120000016,2021-07-07 19:00:00,0.4166666666666667,4,中利用率
P3120000016,2021-07-07 20:00:00,0.7555555555555555,3,高利用率
P3120000016,2021-07-07 21:00:00,0.7066666666666667,5,高利用率
P3120000016,2021-07-07 22:00:00,0.6444444444444444,3,中利用率
P3120000016,2021-07-07 23:00:00,0.5666666666666667,2,中利用率
P3120000016,2021-07-08 02:00:00,0.6333333333333333,2,中利用率
P3120000016,2021-07-08 06:00:00,0.5,2,中利用率
P3120000016,2021-07-08 07:00:00,0.3111111111111111,3,中利用率
P3120000016,2021-07-08 08:00:00,0.3666666666666667,2,中利用率
P3120000016,2021-07-08 09:00:00,0.26666666666666666,5,低利用率
P3120000016,2021-07-08 10:00:00,0.3,2,中利用率
P3120000016,2021-07-08 11:00:00,0.27777777777777773,6,低利用率
P3120000016,2021-07-08 12:00:00,0.27999999999999997,5,低利用率
P3120000016,2021-07-08 13:00:00,0.3666666666666667,2,中利用率
P3120000016,2021-07-08 14:00:00,0.44000000000000006,5,中利用率
P3120000016,2021-07-08 15:00:00,0.5333333333333333,5,中利用率
P3120000016,2021-07-08 16:00:00,0.3666666666666667,4,中利用率
P3120000016,2021-07-08 17:00:00,0.3111111111111111,3,中利用率
P3120000016,2021-07-08 18:00:00,0.33333333333333337,2,中利用率
P3120000016,2021-07-08 19:00:00,0.3666666666666667,2,中利用率
P3120000017,2021-06-22 14:00:00,0.55,1,中利用率
P3120000017,2021-06-24 17:00:00,0.175,1,低利用率
P3120000017,2021-07-02 14:00:00,0.39166666666666666,6,中利用率
P3120000017,2021-07-02 15:00:00,0.39499999999999996,5,中利用率
P3120000017,2021-07-02 16:00:00,0.30416666666666664,6,中利用率
P3120000017,2021-07-02 17:00:00,0.3125,4,中利用率
P3120000017,2021-07-03 00:00:00,0.15,1,低利用率
P3120000017,2021-07-03 06:00:00,0.375,1,中利用率
P3120000017,2021-07-03 07:00:00,0.4625,2,中利用率
P3120000017,2021-07-03 08:00:00,0.425,4,中利用率
P3120000017,2021-07-03 09:00:00,0.35833333333333334,3,中利用率
P3120000017,2021-07-03 11:00:00,0.35000000000000003,3,中利用率
P3120000017,2021-07-03 12:00:00,0.315,5,中利用率
P3120000017,2021-07-03 13:00:00,0.49000000000000005,5,中利用率
P3120000017,2021-07-03 14:00:00,0.54,5,中利用率
P3120000017,2021-07-03 15:00:00,0.4875,2,中利用率
P3120000017,2021-07-03 16:00:00,0.41875,4,中利用率
P3120000017,2021-07-03 17:00:00,0.36875,4,中利用率
P3120000017,2021-07-03 18:00:00,0.325,1,中利用率
P3120000017,2021-07-04 00:00:00,0.35,1,中利用率
P3120000017,2021-07-04 07:00:00,0.425,4,中利用率
P3120000017,2021-07-04 08:00:00,0.475,4,中利用率
P3120000017,2021-07-04 09:00:00,0.4,5,中利用率
P3120000017,2021-07-04 10:00:00,0.39,5,中利用率
P3120000017,2021-07-04 11:00:00,0.4166666666666667,6,中利用率
P3120000017,2021-07-04 12:00:00,0.53,5,中利用率
P3120000017,2021-07-04 13:00:00,0.495,5,中利用率
P3120000017,2021-07-04 14:00:00,0.5375,4,中利用率
P3120000017,2021-07-04 15:00:00,0.58125,4,中利用率
P3120000017,2021-07-04 16:00:00,0.5833333333333334,3,中利用率
P3120000017,2021-07-04 17:00:00,0.505,5,中利用率
P3120000017,2021-07-05 06:00:00,0.1375,2,低利用率
P3120000017,2021-07-05 07:00:00,0.325,3,中利用率
P3120000017,2021-07-05 08:00:00,0.45,6,中利用率
P3120000017,2021-07-05 09:00:00,0.5791666666666666,6,中利用率
P3120000017,2021-07-05 10:00:00,0.54375,4,中利用率
P3120000017,2021-07-05 11:00:00,0.45499999999999996,5,中利用率
P3120000017,2021-07-05 12:00:00,0.35625,4,中利用率
P3120000017,2021-07-05 13:00:00,0.28125,4,低利用率
P3120000017,2021-07-05 14:00:00,0.29375,4,低利用率
P3120000017,2021-07-05 15:00:00,0.3375,2,中利用率
P3120000017,2021-07-05 16:00:00,0.2416666666666667,3,低利用率
P3120000017,2021-07-05 17:00:00,0.185,5,低利用率
P3120000017,2021-07-05 18:00:00,0.33999999999999997,5,中利用率
P3120000017,2021-07-05 19:00:00,0.47500000000000003,3,中利用率
P3120000017,2021-07-05 20:00:00,0.5,3,中利用率
P3120000017,2021-07-05 21:00:00,0.4875,2,中利用率
P3120000017,2021-07-05 22:00:00,0.4666666666666666,6,中利用率
P3120000017,2021-07-05 23:00:00,0.43125,4,中利用率
P3120000017,2021-07-06 00:00:00,0.3875,4,中利用率
P3120000017,2021-07-06 01:00:00,0.3125,2,中利用率
P3120000017,2021-07-06 02:00:00,0.3,4,中利用率
P3120000017,2021-07-06 06:00:00,0.35,1,中利用率
P3120000017,2021-07-06 07:00:00,0.3,1,中利用率
P3120000017,2021-07-06 08:00:00,0.34500000000000003,5,中利用率
P3120000017,2021-07-06 09:00:00,0.53125,4,中利用率
P3120000017,2021-07-06 10:00:00,0.5125000000000001,6,中利用率
P3120000017,2021-07-06 11:00:00,0.3833333333333333,6,中利用率
P3120000017,2021-07-06 12:00:00,0.43333333333333335,6,中利用率
P3120000017,2021-07-06 13:00:00,0.375,6,中利用率
P3120000017,2021-07-06 14:00:00,0.40625,4,中利用率
P3120000017,2021-07-06 15:00:00,0.4625,2,中利用率
P3120000017,2021-07-06 16:00:00,0.43333333333333335,3,中利用率
P3120000017,2021-07-06 17:00:00,0.3416666666666666,3,中利用率
P3120000017,2021-07-06 18:00:00,0.425,5,中利用率
P3120000017,2021-07-06 19:00:00,0.44375,4,中利用率
P3120000017,2021-07-06 20:00:00,0.425,4,中利用率
P3120000017,2021-07-06 21:00:00,0.41,5,中利用率
P3120000017,2021-07-06 22:00:00,0.4375,4,中利用率
P3120000017,2021-07-06 23:00:00,0.3625,4,中利用率
P3120000017,2021-07-07 00:00:00,0.325,2,中利用率
P3120000017,2021-07-07 01:00:00,0.3125,2,中利用率
P3120000017,2021-07-07 03:00:00,0.3375,2,中利用率
P3120000017,2021-07-07 04:00:00,0.3375,2,中利用率
P3120000017,2021-07-07 06:00:00,0.30833333333333335,3,中利用率
P3120000017,2021-07-07 07:00:00,0.305,5,中利用率
P3120000017,2021-07-07 08:00:00,0.4375,6,中利用率
P3120000017,2021-07-07 09:00:00,0.6,4,中利用率
P3120000017,2021-07-07 10:00:00,0.5125,4,中利用率
P3120000017,2021-07-07 11:00:00,0.4291666666666667,6,中利用率
P3120000017,2021-07-07 12:00:00,0.33999999999999997,5,中利用率
P3120000017,2021-07-07 13:00:00,0.34375,4,中利用率
P3120000017,2021-07-07 14:00:00,0.41250000000000003,6,中利用率
P3120000017,2021-07-07 15:00:00,0.45,5,中利用率
P3120000017,2021-07-07 16:00:00,0.3625,2,中利用率
P3120000017,2021-07-07 17:00:00,0.31,5,中利用率
P3120000017,2021-07-07 18:00:00,0.51,5,中利用率
P3120000017,2021-07-07 19:00:00,0.5750000000000001,3,中利用率
P3120000017,2021-07-07 20:00:00,0.49000000000000005,5,中利用率
P3120000017,2021-07-07 21:00:00,0.58,5,中利用率
P3120000017,2021-07-07 22:00:00,0.465,5,中利用率
P3120000017,2021-07-07 23:00:00,0.39166666666666666,3,中利用率
P3120000017,2021-07-08 00:00:00,0.325,4,中利用率
P3120000017,2021-07-08 02:00:00,0.3875,4,中利用率
P3120000017,2021-07-08 03:00:00,0.3875,2,中利用率
P3120000017,2021-07-08 04:00:00,0.375,1,中利用率
P3120000017,2021-07-08 06:00:00,0.4125,2,中利用率
P3120000017,2021-07-08 07:00:00,0.45,3,中利用率
P3120000017,2021-07-08 08:00:00,0.5549999999999999,5,中利用率
P3120000017,2021-07-08 09:00:00,0.65,3,中利用率
P3120000017,2021-07-08 10:00:00,0.6125,4,中利用率
P3120000017,2021-07-08 11:00:00,0.3875,4,中利用率
P3120000017,2021-07-08 12:00:00,0.45999999999999996,5,中利用率
P3120000017,2021-07-08 13:00:00,0.4666666666666666,3,中利用率
P3120000017,2021-07-08 14:00:00,0.475,5,中利用率
P3120000017,2021-07-08 15:00:00,0.385,5,中利用率
P3120000017,2021-07-08 16:00:00,0.34500000000000003,5,中利用率
P3120000017,2021-07-08 17:00:00,0.3125,4,中利用率
P3120000017,2021-07-08 18:00:00,0.365,5,中利用率
P3120000017,2021-07-08 19:00:00,0.425,1,中利用率
P3120000018,2021-06-22 14:00:00,0.625,1,中利用率
P3120000018,2021-06-24 17:00:00,0.75,1,高利用率
P3120000018,2021-07-02 14:00:00,0.5875,5,中利用率
P3120000018,2021-07-02 15:00:00,0.828125,4,高利用率
P3120000018,2021-07-02 16:00:00,0.875,4,高利用率
P3120000018,2021-07-02 17:00:00,0.8875,5,高利用率
P3120000018,2021-07-03 00:00:00,0.0625,1,低利用率
P3120000018,2021-07-03 06:00:00,0.15625,2,低利用率
P3120000018,2021-07-03 07:00:00,0.3958333333333333,3,中利用率
P3120000018,2021-07-03 08:00:00,0.5520833333333334,6,中利用率
P3120000018,2021-07-03 09:00:00,0.515625,4,中利用率
P3120000018,2021-07-03 11:00:00,0.71875,2,高利用率
P3120000018,2021-07-03 12:00:00,0.859375,4,高利用率
P3120000018,2021-07-03 13:00:00,0.9375,3,高利用率
P3120000018,2021-07-03 14:00:00,0.95,5,高利用率
P3120000018,2021-07-03 15:00:00,0.9375,1,高利用率
P3120000018,2021-07-03 16:00:00,0.953125,4,高利用率
P3120000018,2021-07-03 17:00:00,0.95,5,高利用率
P3120000018,2021-07-03 18:00:00,0.5625,1,中利用率
P3120000018,2021-07-04 00:00:00,0.125,1,低利用率
P3120000018,2021-07-04 07:00:00,0.1875,4,低利用率
P3120000018,2021-07-04 09:00:00,0.5375,5,中利用率
P3120000018,2021-07-04 10:00:00,0.71875,4,高利用率
P3120000018,2021-07-04 11:00:00,0.90625,2,高利用率
P3120000018,2021-07-04 12:00:00,0.90625,2,高利用率
P3120000018,2021-07-04 13:00:00,0.90625,2,高利用率
P3120000018,2021-07-04 14:00:00,1.0,1,高利用率
P3120000018,2021-07-04 15:00:00,0.9375,1,高利用率
P3120000018,2021-07-04 16:00:00,1.0,1,高利用率
P3120000018,2021-07-04 17:00:00,0.96875,2,高利用率
P3120000018,2021-07-05 06:00:00,0.09375,2,低利用率
P3120000018,2021-07-05 07:00:00,0.1875,5,低利用率
P3120000018,2021-07-05 08:00:00,0.3,5,中利用率
P3120000018,2021-07-05 09:00:00,0.2875,5,低利用率
P3120000018,2021-07-05 10:00:00,0.725,5,高利用率
P3120000018,2021-07-05 11:00:00,0.734375,4,高利用率
P3120000018,2021-07-05 12:00:00,0.8,5,高利用率
P3120000018,2021-07-05 13:00:00,0.775,5,高利用率
P3120000018,2021-07-05 14:00:00,0.78125,6,高利用率
P3120000018,2021-07-05 15:00:00,0.675,5,中利用率
P3120000018,2021-07-05 16:00:00,0.775,5,高利用率
P3120000018,2021-07-05 17:00:00,0.775,5,高利用率
P3120000018,2021-07-05 18:00:00,0.671875,4,中利用率
P3120000018,2021-07-05 19:00:00,0.96875,2,高利用率
P3120000018,2021-07-05 20:00:00,0.8958333333333334,3,高利用率
P3120000018,2021-07-05 21:00:00,0.71875,2,高利用率
P3120000018,2021-07-05 22:00:00,0.6875,2,中利用率
P3120000018,2021-07-05 23:00:00,0.5520833333333334,6,中利用率
P3120000018,2021-07-06 00:00:00,0.4375,5,中利用率
P3120000018,2021-07-06 01:00:00,0.28125,2,低利用率
P3120000018,2021-07-06 02:00:00,0.375,4,中利用率
P3120000018,2021-07-06 04:00:00,0.4375,1,中利用率
P3120000018,2021-07-06 05:00:00,0.375,1,中利用率
P3120000018,2021-07-06 06:00:00,0.4375,1,中利用率
P3120000018,2021-07-06 07:00:00,0.5125,5,中利用率
P3120000018,2021-07-06 08:00:00,0.40625,4,中利用率
P3120000018,2021-07-06 09:00:00,0.4375,5,中利用率
P3120000018,2021-07-06 10:00:00,0.796875,4,高利用率
P3120000018,2021-07-06 11:00:00,0.9,5,高利用率
P3120000018,2021-07-06 12:00:00,0.71875,4,高利用率
P3120000018,2021-07-06 13:00:00,0.7125,5,高利用率
P3120000018,2021-07-06 14:00:00,0.484375,4,中利用率
P3120000018,2021-07-06 15:00:00,0.7604166666666666,6,高利用率
P3120000018,2021-07-06 16:00:00,0.7,5,高利用率
P3120000018,2021-07-06 17:00:00,0.78125,4,高利用率
P3120000018,2021-07-06 18:00:00,0.875,3,高利用率
P3120000018,2021-07-06 19:00:00,0.9375,3,高利用率
P3120000018,2021-07-06 20:00:00,0.84375,2,高利用率
P3120000018,2021-07-06 21:00:00,0.7291666666666666,3,高利用率
P3120000018,2021-07-06 22:00:00,0.5,2,中利用率
P3120000018,2021-07-06 23:00:00,0.375,4,中利用率
P3120000018,2021-07-07 00:00:00,0.3125,4,中利用率
P3120000018,2021-07-07 01:00:00,0.34375,2,中利用率
P3120000018,2021-07-07 02:00:00,0.3125,4,中利用率
P3120000018,2021-07-07 03:00:00,0.25,1,低利用率
P3120000018,2021-07-07 04:00:00,0.15625,2,低利用率
P3120000018,2021-07-07 05:00:00,0.1875,1,低利用率
P3120000018,2021-07-07 06:00:00,0.125,1,低利用率
P3120000018,2021-07-07 07:00:00,0.21875,2,低利用率
P3120000018,2021-07-07 08:00:00,0.2875,5,低利用率
P3120000018,2021-07-07 09:00:00,0.4375,6,中利用率
P3120000018,2021-07-07 10:00:00,0.5125,5,中利用率
P3120000018,2021-07-07 11:00:00,0.8333333333333334,6,高利用率
P3120000018,2021-07-07 12:00:00,0.6875,6,中利用率
P3120000018,2021-07-07 13:00:00,0.6625,5,中利用率
P3120000018,2021-07-07 14:00:00,0.5,5,中利用率
P3120000018,2021-07-07 15:00:00,0.55,5,中利用率
P3120000018,2021-07-07 16:00:00,0.515625,4,中利用率
P3120000018,2021-07-07 17:00:00,0.765625,4,高利用率
P3120000018,2021-07-07 18:00:00,0.875,5,高利用率
P3120000018,2021-07-07 19:00:00,0.9125,5,高利用率
P3120000018,2021-07-07 20:00:00,0.796875,4,高利用率
P3120000018,2021-07-07 21:00:00,0.640625,4,中利用率
P3120000018,2021-07-07 22:00:00,0.5,5,中利用率
P3120000018,2021-07-07 23:00:00,0.6125,5,中利用率
P3120000018,2021-07-08 00:00:00,0.625,3,中利用率
P3120000018,2021-07-08 01:00:00,0.4375,3,中利用率
P3120000018,2021-07-08 03:00:00,0.40625,2,中利用率
P3120000018,2021-07-08 06:00:00,0.359375,4,中利用率
P3120000018,2021-07-08 07:00:00,0.3125,3,中利用率
P3120000018,2021-07-08 08:00:00,0.25,6,低利用率
P3120000018,2021-07-08 09:00:00,0.3625,5,中利用率
P3120000018,2021-07-08 10:00:00,0.3958333333333333,3,中利用率
P3120000018,2021-07-08 11:00:00,0.53125,4,中利用率
P3120000018,2021-07-08 12:00:00,0.65,5,中利用率
P3120000018,2021-07-08 13:00:00,0.53125,2,中利用率
P3120000018,2021-07-08 14:00:00,0.4875,5,中利用率
P3120000018,2021-07-08 15:00:00,0.7,5,高利用率
P3120000018,2021-07-08 16:00:00,0.6875,4,中利用率
P3120000018,2021-07-08 17:00:00,0.7083333333333334,6,高利用率
P3120000018,2021-07-08 18:00:00,0.71875,4,高利用率
P3120000018,2021-07-08 19:00:00,0.7291666666666666,6,高利用率
P3120000019,2021-06-22 14:00:00,0.2222222222222222,1,低利用率
P3120000019,2021-06-24 17:00:00,0.2777777777777778,1,低利用率
P3120000019,2021-07-02 14:00:00,0.3111111111111111,5,中利用率
P3120000019,2021-07-02 15:00:00,0.5,3,中利用率
P3120000019,2021-07-02 16:00:00,0.375,4,中利用率
P3120000019,2021-07-02 17:00:00,0.6018518518518519,6,中利用率
P3120000019,2021-07-03 00:00:00,0.0,1,低利用率
P3120000019,2021-07-03 07:00:00,0.1111111111111111,1,低利用率
P3120000019,2021-07-03 08:00:00,0.07407407407407407,3,低利用率
P3120000019,2021-07-03 09:00:00,0.05555555555555555,2,低利用率
P3120000019,2021-07-03 11:00:00,0.41666666666666663,2,中利用率
P3120000019,2021-07-03 12:00:00,0.7870370370370371,6,高利用率
P3120000019,2021-07-03 13:00:00,0.6944444444444444,4,中利用率
P3120000019,2021-07-03 14:00:00,0.6333333333333333,5,中利用率
P3120000019,2021-07-03 15:00:00,0.7777777777777778,4,高利用率
P3120000019,2021-07-03 16:00:00,0.6203703703703703,6,中利用率
P3120000019,2021-07-03 17:00:00,0.6666666666666666,6,中利用率
P3120000019,2021-07-03 18:00:00,0.1111111111111111,1,低利用率
P3120000019,2021-07-04 07:00:00,0.09722222222222221,4,低利用率
P3120000019,2021-07-04 08:00:00,0.16666666666666666,4,低利用率
P3120000019,2021-07-04 09:00:00,0.16666666666666666,3,低利用率
P3120000019,2021-07-04 10:00:00,0.37777777777777777,5,中利用率
P3120000019,2021-07-04 11:00:00,0.6555555555555556,5,中利用率
P3120000019,2021-07-04 12:00:00,0.8888888888888888,4,高利用率
P3120000019,2021-07-04 13:00:00,0.9166666666666666,2,高利用率
P3120000019,2021-07-04 14:00:00,0.8666666666666666,5,高利用率
P3120000019,2021-07-04 15:00:00,0.8611111111111112,6,高利用率
P3120000019,2021-07-04 16:00:00,0.9722222222222222,2,高利用率
P3120000019,2021-07-04 17:00:00,0.9444444444444444,4,高利用率
P3120000019,2021-07-05 06:00:00,0.0,1,低利用率
P3120000019,2021-07-05 07:00:00,0.16666666666666666,4,低利用率
P3120000019,2021-07-05 08:00:00,0.3055555555555556,2,中利用率
P3120000019,2021-07-05 09:00:00,0.3148148148148148,3,中利用率
P3120000019,2021-07-05 10:00:00,0.3333333333333333,4,中利用率
P3120000019,2021-07-05 11:00:00,0.5138888888888888,4,中利用率
P3120000019,2021-07-05 12:00:00,0.5833333333333334,6,中利用率
P3120000019,2021-07-05 13:00:00,0.48888888888888893,5,中利用率
P3120000019,2021-07-05 14:00:00,0.3888888888888889,5,中利用率
P3120000019,2021-07-05 15:00:00,0.41666666666666663,4,中利用率
P3120000019,2021-07-05 16:00:00,0.45555555555555555,5,中利用率
P3120000019,2021-07-05 17:00:00,0.5277777777777778,4,中利用率
P3120000019,2021-07-05 18:00:00,0.5833333333333334,6,中利用率
P3120000019,2021-07-05 19:00:00,0.8611111111111112,4,高利用率
P3120000019,2021-07-05 20:00:00,0.5370370370370371,3,中利用率
P3120000019,2021-07-05 21:00:00,0.3703703703703704,3,中利用率
P3120000019,2021-07-05 22:00:00,0.5666666666666667,5,中利用率
P3120000019,2021-07-05 23:00:00,0.5,3,中利用率
P3120000019,2021-07-06 00:00:00,0.3888888888888889,1,中利用率
P3120000019,2021-07-06 01:00:00,0.3055555555555556,2,中利用率
P3120000019,2021-07-06 02:00:00,0.2222222222222222,1,低利用率
P3120000019,2021-07-06 05:00:00,0.16666666666666666,1,低利用率
P3120000019,2021-07-06 06:00:00,0.16666666666666666,2,低利用率
P3120000019,2021-07-06 07:00:00,0.07407407407407407,3,低利用率
P3120000019,2021-07-06 08:00:00,0.1527777777777778,4,低利用率
P3120000019,2021-07-06 09:00:00,0.08333333333333333,4,低利用率
P3120000019,2021-07-06 10:00:00,0.25,4,低利用率
P3120000019,2021-07-06 11:00:00,0.5462962962962963,6,中利用率
P3120000019,2021-07-06 12:00:00,0.4305555555555556,4,中利用率
P3120000019,2021-07-06 13:00:00,0.3611111111111111,2,中利用率
P3120000019,2021-07-06 14:00:00,0.125,4,低利用率
P3120000019,2021-07-06 15:00:00,0.27777777777777773,3,低利用率
P3120000019,2021-07-06 16:00:00,0.3333333333333333,3,中利用率
P3120000019,2021-07-06 17:00:00,0.41666666666666663,4,中利用率
P3120000019,2021-07-06 18:00:00,0.7314814814814815,6,高利用率
P3120000019,2021-07-06 19:00:00,0.9027777777777778,4,高利用率
P3120000019,2021-07-06 20:00:00,0.7,5,高利用率
P3120000019,2021-07-06 21:00:00,0.5740740740740741,3,中利用率
P3120000019,2021-07-06 22:00:00,0.4222222222222222,5,中利用率
P3120000019,2021-07-06 23:00:00,0.27777777777777773,3,低利用率
P3120000019,2021-07-07 00:00:00,0.2222222222222222,4,低利用率
P3120000019,2021-07-07 02:00:00,0.3055555555555556,2,中利用率
P3120000019,2021-07-07 03:00:00,0.25,2,低利用率
P3120000019,2021-07-07 04:00:00,0.24074074074074073,3,低利用率
P3120000019,2021-07-07 06:00:00,0.1388888888888889,2,低利用率
P3120000019,2021-07-07 07:00:00,0.18055555555555555,4,低利用率
P3120000019,2021-07-07 08:00:00,0.2111111111111111,5,低利用率
P3120000019,2021-07-07 09:00:00,0.25,2,低利用率
P3120000019,2021-07-07 10:00:00,0.19444444444444442,4,低利用率
P3120000019,2021-07-07 11:00:00,0.3555555555555555,5,中利用率
P3120000019,2021-07-07 12:00:00,0.4333333333333333,5,中利用率
P3120000019,2021-07-07 13:00:00,0.23333333333333334,5,低利用率
P3120000019,2021-07-07 14:00:00,0.27777777777777773,3,低利用率
P3120000019,2021-07-07 15:00:00,0.2222222222222222,4,低利用率
P3120000019,2021-07-07 16:00:00,0.32222222222222224,5,中利用率
P3120000019,2021-07-07 17:00:00,0.3611111111111111,4,中利用率
P3120000019,2021-07-07 18:00:00,0.7,5,高利用率
P3120000019,2021-07-07 19:00:00,0.788888888888889,5,高利用率
P3120000019,2021-07-07 20:00:00,0.6388888888888888,2,中利用率
P3120000019,2021-07-07 21:00:00,0.4722222222222222,4,中利用率
P3120000019,2021-07-07 22:00:00,0.35185185185185186,3,中利用率
P3120000019,2021-07-07 23:00:00,0.5185185185185185,3,中利用率
P3120000019,2021-07-08 00:00:00,0.3055555555555556,4,中利用率
P3120000019,2021-07-08 01:00:00,0.2777777777777778,1,低利用率
P3120000019,2021-07-08 03:00:00,0.3333333333333333,3,中利用率
P3120000019,2021-07-08 04:00:00,0.3333333333333333,1,中利用率
P3120000019,2021-07-08 05:00:00,0.2777777777777778,1,低利用率
P3120000019,2021-07-08 07:00:00,0.3055555555555556,2,中利用率
P3120000019,2021-07-08 08:00:00,0.1851851851851852,3,低利用率
P3120000019,2021-07-08 09:00:00,0.1388888888888889,2,低利用率
P3120000019,2021-07-08 10:00:00,0.16666666666666666,3,低利用率
P3120000019,2021-07-08 11:00:00,0.2962962962962963,3,低利用率
P3120000019,2021-07-08 12:00:00,0.4861111111111111,4,中利用率
P3120000019,2021-07-08 13:00:00,0.29166666666666663,4,低利用率
P3120000019,2021-07-08 14:00:00,0.1111111111111111,3,低利用率
P3120000019,2021-07-08 15:00:00,0.2222222222222222,3,低利用率
P3120000019,2021-07-08 16:00:00,0.37777777777777777,5,中利用率
P3120000019,2021-07-08 17:00:00,0.4222222222222222,5,中利用率
P3120000019,2021-07-08 18:00:00,0.75,2,高利用率
P3120000019,2021-07-08 19:00:00,0.8333333333333333,4,高利用率
P3120000020,2021-06-22 14:00:00,0.0,1,低利用率
P3120000020,2021-06-24 17:00:00,0.0,1,低利用率
P3120000021,2021-06-22 14:00:00,0.7419354838709677,1,高利用率
P3120000021,2021-06-24 17:00:00,0.7419354838709677,1,高利用率
P3120000022,2021-06-22 14:00:00,0.7142857142857143,1,高利用率
P3120000022,2021-06-24 17:00:00,0.7142857142857143,1,高利用率
P3120000024,2021-06-22 14:00:00,0.8,1,高利用率
P3120000024,2021-06-24 17:00:00,0.8,1,高利用率
P3120000025,2021-06-22 14:00:00,0.17857142857142858,1,低利用率
P3120000025,2021-06-24 17:00:00,0.21428571428571427,1,低利用率
P3120000025,2021-07-02 14:00:00,0.2142857142857143,4,低利用率
P3120000025,2021-07-02 15:00:00,0.26785714285714285,4,低利用率
P3120000025,2021-07-02 16:00:00,0.32142857142857145,4,中利用率
P3120000025,2021-07-02 17:00:00,0.20714285714285713,5,低利用率
P3120000025,2021-07-03 00:00:00,0.07142857142857142,1,低利用率
P3120000025,2021-07-03 07:00:00,0.3482142857142857,4,中利用率
P3120000025,2021-07-03 08:00:00,0.39285714285714285,2,中利用率
P3120000025,2021-07-03 09:00:00,0.375,2,中利用率
P3120000025,2021-07-03 11:00:00,0.2857142857142857,2,低利用率
P3120000025,2021-07-03 12:00:00,0.30357142857142855,4,中利用率
P3120000025,2021-07-03 13:00:00,0.23214285714285715,4,低利用率
P3120000025,2021-07-03 14:00:00,0.36309523809523814,6,中利用率
P3120000025,2021-07-03 15:00:00,0.3392857142857143,4,中利用率
P3120000025,2021-07-03 16:00:00,0.3452380952380952,3,中利用率
P3120000025,2021-07-03 17:00:00,0.28571428571428575,6,低利用率
P3120000025,2021-07-03 18:00:00,0.07142857142857142,1,低利用率
P3120000025,2021-07-04 00:00:00,0.10714285714285714,1,低利用率
P3120000025,2021-07-04 06:00:00,0.14285714285714285,1,低利用率
P3120000025,2021-07-04 07:00:00,0.25,2,低利用率
P3120000025,2021-07-04 08:00:00,0.26785714285714285,4,低利用率
P3120000025,2021-07-04 09:00:00,0.29285714285714287,5,低利用率
P3120000025,2021-07-04 10:00:00,0.30952380952380953,6,中利用率
P3120000025,2021-07-04 11:00:00,0.28571428571428575,3,低利用率
P3120000025,2021-07-04 12:00:00,0.30357142857142855,6,中利用率
P3120000025,2021-07-04 13:00:00,0.3660714285714286,4,中利用率
P3120000025,2021-07-04 14:00:00,0.4047619047619047,3,中利用率
P3120000025,2021-07-04 15:00:00,0.40714285714285714,5,中利用率
P3120000025,2021-07-04 16:00:00,0.3125,4,中利用率
P3120000025,2021-07-04 17:00:00,0.2767857142857143,4,低利用率
P3120000025,2021-07-05 06:00:00,0.16666666666666666,3,低利用率
P3120000025,2021-07-05 07:00:00,0.33035714285714285,4,中利用率
P3120000025,2021-07-05 08:00:00,0.3392857142857143,4,中利用率
P3120000025,2021-07-05 09:00:00,0.2142857142857143,4,低利用率
P3120000025,2021-07-05 10:00:00,0.19285714285714287,5,低利用率
P3120000025,2021-07-05 11:00:00,0.14285714285714288,3,低利用率
P3120000025,2021-07-05 12:00:00,0.25,4,低利用率
P3120000025,2021-07-05 13:00:00,0.32857142857142857,5,中利用率
P3120000025,2021-07-05 14:00:00,0.25,1,低利用率
P3120000025,2021-07-05 15:00:00,0.2142857142857143,4,低利用率
P3120000025,2021-07-05 16:00:00,0.17857142857142855,5,低利用率
P3120000025,2021-07-05 17:00:00,0.22023809523809523,6,低利用率
P3120000025,2021-07-05 18:00:00,0.24107142857142855,4,低利用率
P3120000025,2021-07-05 19:00:00,0.33928571428571425,6,中利用率
P3120000025,2021-07-05 20:00:00,0.37142857142857144,5,中利用率
P3120000025,2021-07-05 21:00:00,0.5642857142857143,5,中利用率
P3120000025,2021-07-05 22:00:00,0.5714285714285714,4,中利用率
P3120000025,2021-07-05 23:00:00,0.5238095238095238,3,中利用率
P3120000025,2021-07-06 00:00:00,0.5714285714285714,3,中利用率
P3120000025,2021-07-06 01:00:00,0.5357142857142857,1,中利用率
P3120000025,2021-07-06 02:00:00,0.5178571428571428,2,中利用率
P3120000025,2021-07-06 03:00:00,0.5,1,中利用率
P3120000025,2021-07-06 06:00:00,0.42857142857142855,3,中利用率
P3120000025,2021-07-06 07:00:00,0.3035714285714286,2,中利用率
P3120000025,2021-07-06 08:00:00,0.2857142857142857,4,低利用率
P3120000025,2021-07-06 09:00:00,0.3035714285714286,4,中利用率
P3120000025,2021-07-06 10:00:00,0.2857142857142857,5,低利用率
P3120000025,2021-07-06 11:00:00,0.24404761904761904,6,低利用率
P3120000025,2021-07-06 12:00:00,0.29285714285714287,5,低利用率
P3120000025,2021-07-06 13:00:00,0.35714285714285715,1,中利用率
P3120000025,2021-07-06 14:00:00,0.32142857142857145,4,中利用率
P3120000025,2021-07-06 15:00:00,0.32142857142857145,3,中利用率
P3120000025,2021-07-06 16:00:00,0.20714285714285713,5,低利用率
P3120000025,2021-07-06 17:00:00,0.19642857142857142,6,低利用率
P3120000025,2021-07-06 18:00:00,0.21428571428571427,3,低利用率
P3120000025,2021-07-06 19:00:00,0.24404761904761907,6,低利用率
P3120000025,2021-07-06 20:00:00,0.4,5,中利用率
P3120000025,2021-07-06 21:00:00,0.39285714285714285,3,中利用率
P3120000025,2021-07-06 22:00:00,0.6285714285714286,5,中利用率
P3120000025,2021-07-06 23:00:00,0.5892857142857142,4,中利用率
P3120000025,2021-07-07 00:00:00,0.6071428571428571,4,中利用率
P3120000025,2021-07-07 01:00:00,0.625,2,中利用率
P3120000025,2021-07-07 06:00:00,0.4642857142857143,1,中利用率
P3120000025,2021-07-07 07:00:00,0.3660714285714286,4,中利用率
P3120000025,2021-07-07 08:00:00,0.3333333333333333,3,中利用率
P3120000025,2021-07-07 09:00:00,0.25,4,低利用率
P3120000025,2021-07-07 10:00:00,0.26785714285714285,2,低利用率
P3120000025,2021-07-07 11:00:00,0.2571428571428571,5,低利用率
P3120000025,2021-07-07 12:00:00,0.21428571428571427,5,低利用率
P3120000025,2021-07-07 13:00:00,0.17857142857142858,4,低利用率
P3120000025,2021-07-07 14:00:00,0.1607142857142857,4,低利用率
P3120000025,2021-07-07 15:00:00,0.19642857142857142,4,低利用率
P3120000025,2021-07-07 16:00:00,0.17857142857142858,3,低利用率
P3120000025,2021-07-07 17:00:00,0.19642857142857142,4,低利用率
P3120000025,2021-07-07 18:00:00,0.21428571428571427,3,低利用率
P3120000025,2021-07-07 19:00:00,0.32142857142857145,5,中利用率
P3120000025,2021-07-07 20:00:00,0.48571428571428565,5,中利用率
P3120000025,2021-07-07 21:00:00,0.4732142857142857,4,中利用率
P3120000025,2021-07-07 22:00:00,0.6547619047619048,3,中利用率
P3120000025,2021-07-07 23:00:00,0.6071428571428571,4,中利用率
P3120000025,2021-07-08 00:00:00,0.5714285714285714,1,中利用率
P3120000025,2021-07-08 01:00:00,0.625,4,中利用率
P3120000025,2021-07-08 02:00:00,0.6071428571428571,1,中利用率
P3120000025,2021-07-08 03:00:00,0.625,2,中利用率
P3120000025,2021-07-08 04:00:00,0.625,2,中利用率
P3120000025,2021-07-08 06:00:00,0.5952380952380952,3,中利用率
P3120000025,2021-07-08 07:00:00,0.4375,4,中利用率
P3120000025,2021-07-08 08:00:00,0.3142857142857143,5,中利用率
P3120000025,2021-07-08 09:00:00,0.25,5,低利用率
P3120000025,2021-07-08 10:00:00,0.2619047619047619,3,低利用率
P3120000025,2021-07-08 11:00:00,0.2857142857142857,5,低利用率
P3120000025,2021-07-08 12:00:00,0.27142857142857146,5,低利用率
P3120000025,2021-07-08 13:00:00,0.2380952380952381,3,低利用率
P3120000025,2021-07-08 14:00:00,0.17857142857142855,5,低利用率
P3120000025,2021-07-08 15:00:00,0.2142857142857143,4,低利用率
P3120000025,2021-07-08 16:00:00,0.2023809523809524,3,低利用率
P3120000025,2021-07-08 17:00:00,0.19642857142857142,4,低利用率
P3120000025,2021-07-08 18:00:00,0.1875,4,低利用率
P3120000025,2021-07-08 19:00:00,0.32857142857142857,5,中利用率
P3120000027,2021-06-22 14:00:00,0.39285714285714285,1,中利用率
P3120000027,2021-06-24 17:00:00,0.21428571428571427,1,低利用率
P3120000027,2021-07-02 14:00:00,0.22142857142857145,5,低利用率
P3120000027,2021-07-02 15:00:00,0.2589285714285714,4,低利用率
P3120000027,2021-07-02 16:00:00,0.15476190476190477,3,低利用率
P3120000027,2021-07-02 17:00:00,0.2232142857142857,4,低利用率
P3120000027,2021-07-03 00:00:00,0.07142857142857142,1,低利用率
P3120000027,2021-07-03 06:00:00,0.10714285714285714,1,低利用率
P3120000027,2021-07-03 07:00:00,0.6071428571428572,4,中利用率
P3120000027,2021-07-03 08:00:00,0.6339285714285714,4,中利用率
P3120000027,2021-07-03 09:00:00,0.4523809523809524,3,中利用率
P3120000027,2021-07-03 10:00:00,0.35714285714285715,1,中利用率
P3120000027,2021-07-03 11:00:00,0.2738095238095238,3,低利用率
P3120000027,2021-07-03 12:00:00,0.23214285714285715,2,低利用率
P3120000027,2021-07-03 13:00:00,0.32142857142857145,5,中利用率
P3120000027,2021-07-03 14:00:00,0.45714285714285713,5,中利用率
P3120000027,2021-07-03 15:00:00,0.43571428571428567,5,中利用率
P3120000027,2021-07-03 16:00:00,0.3571428571428571,5,中利用率
P3120000027,2021-07-03 17:00:00,0.37142857142857144,5,中利用率
P3120000027,2021-07-03 18:00:00,0.03571428571428571,1,低利用率
P3120000027,2021-07-04 07:00:00,0.6547619047619048,3,中利用率
P3120000027,2021-07-04 08:00:00,0.6785714285714286,5,中利用率
P3120000027,2021-07-04 09:00:00,0.5625,4,中利用率
P3120000027,2021-07-04 10:00:00,0.5625,4,中利用率
P3120000027,2021-07-04 11:00:00,0.5892857142857142,2,中利用率
P3120000027,2021-07-04 12:00:00,0.5785714285714285,5,中利用率
P3120000027,2021-07-04 13:00:00,0.4166666666666667,3,中利用率
P3120000027,2021-07-04 14:00:00,0.5625,4,中利用率
P3120000027,2021-07-04 15:00:00,0.6785714285714286,5,中利用率
P3120000027,2021-07-04 16:00:00,0.43571428571428567,5,中利用率
P3120000027,2021-07-04 17:00:00,0.3571428571428571,5,中利用率
P3120000027,2021-07-05 06:00:00,0.05357142857142857,2,低利用率
P3120000027,2021-07-05 07:00:00,0.6428571428571429,4,中利用率
P3120000027,2021-07-05 08:00:00,0.6666666666666666,3,中利用率
P3120000027,2021-07-05 09:00:00,0.6714285714285715,5,中利用率
P3120000027,2021-07-05 10:00:00,0.5267857142857143,4,中利用率
P3120000027,2021-07-05 11:00:00,0.46428571428571425,6,中利用率
P3120000027,2021-07-05 12:00:00,0.3928571428571429,5,中利用率
P3120000027,2021-07-05 13:00:00,0.375,4,中利用率
P3120000027,2021-07-05 14:00:00,0.42857142857142855,5,中利用率
P3120000027,2021-07-05 15:00:00,0.5357142857142857,6,中利用率
P3120000027,2021-07-05 16:00:00,0.35714285714285715,4,中利用率
P3120000027,2021-07-05 17:00:00,0.33928571428571425,6,中利用率
P3120000027,2021-07-05 18:00:00,0.2357142857142857,5,低利用率
P3120000027,2021-07-05 19:00:00,0.3482142857142857,4,中利用率
P3120000027,2021-07-05 20:00:00,0.37142857142857144,5,中利用率
P3120000027,2021-07-05 21:00:00,0.5714285714285714,5,中利用率
P3120000027,2021-07-05 22:00:00,0.6547619047619048,6,中利用率
P3120000027,2021-07-05 23:00:00,0.6571428571428571,5,中利用率
P3120000027,2021-07-06 00:00:00,0.5595238095238094,3,中利用率
P3120000027,2021-07-06 02:00:00,0.5357142857142857,1,中利用率
P3120000027,2021-07-06 04:00:00,0.5714285714285714,1,中利用率
P3120000027,2021-07-06 05:00:00,0.5535714285714286,2,中利用率
P3120000027,2021-07-06 06:00:00,0.5357142857142857,1,中利用率
P3120000027,2021-07-06 07:00:00,0.5571428571428572,5,中利用率
P3120000027,2021-07-06 08:00:00,0.5595238095238095,3,中利用率
P3120000027,2021-07-06 09:00:00,0.5267857142857143,4,中利用率
P3120000027,2021-07-06 10:00:00,0.41964285714285715,4,中利用率
P3120000027,2021-07-06 11:00:00,0.3333333333333333,3,中利用率
P3120000027,2021-07-06 12:00:00,0.37142857142857144,5,中利用率
P3120000027,2021-07-06 13:00:00,0.3333333333333333,3,中利用率
P3120000027,2021-07-06 14:00:00,0.35714285714285715,4,中利用率
P3120000027,2021-07-06 15:00:00,0.4642857142857143,5,中利用率
P3120000027,2021-07-06 16:00:00,0.35714285714285715,5,中利用率
P3120000027,2021-07-06 17:00:00,0.3142857142857143,5,中利用率
P3120000027,2021-07-06 18:00:00,0.5,3,中利用率
P3120000027,2021-07-06 19:00:00,0.5214285714285715,5,中利用率
P3120000027,2021-07-06 20:00:00,0.5595238095238095,6,中利用率
P3120000027,2021-07-06 21:00:00,0.6190476190476191,3,中利用率
P3120000027,2021-07-06 22:00:00,0.7619047619047619,3,高利用率
P3120000027,2021-07-06 23:00:00,0.8095238095238094,3,高利用率
P3120000027,2021-07-07 00:00:00,0.75,1,高利用率
P3120000027,2021-07-07 01:00:00,0.7678571428571428,2,高利用率
P3120000027,2021-07-07 02:00:00,0.7976190476190476,3,高利用率
P3120000027,2021-07-07 03:00:00,0.8214285714285714,1,高利用率
P3120000027,2021-07-07 04:00:00,0.8035714285714286,2,高利用率
P3120000027,2021-07-07 06:00:00,0.7857142857142857,1,高利用率
P3120000027,2021-07-07 07:00:00,0.7642857142857142,5,高利用率
P3120000027,2021-07-07 08:00:00,0.7767857142857143,4,高利用率
P3120000027,2021-07-07 09:00:00,0.5982142857142857,4,中利用率
P3120000027,2021-07-07 10:00:00,0.5625,4,中利用率
P3120000027,2021-07-07 11:00:00,0.6428571428571429,4,中利用率
P3120000027,2021-07-07 12:00:00,0.5857142857142857,5,中利用率
P3120000027,2021-07-07 13:00:00,0.4285714285714286,4,中利用率
P3120000027,2021-07-07 14:00:00,0.4642857142857143,4,中利用率
P3120000027,2021-07-07 15:00:00,0.38571428571428573,5,中利用率
P3120000027,2021-07-07 16:00:00,0.4142857142857143,5,中利用率
P3120000027,2021-07-07 17:00:00,0.3660714285714286,4,中利用率
P3120000027,2021-07-07 18:00:00,0.38095238095238093,6,中利用率
P3120000027,2021-07-07 19:00:00,0.42857142857142855,6,中利用率
P3120000027,2021-07-07 20:00:00,0.48214285714285715,4,中利用率
P3120000027,2021-07-07 21:00:00,0.5,4,中利用率
P3120000027,2021-07-07 22:00:00,0.5178571428571428,2,中利用率
P3120000027,2021-07-07 23:00:00,0.4910714285714286,4,中利用率
P3120000027,2021-07-08 00:00:00,0.5178571428571428,2,中利用率
P3120000027,2021-07-08 01:00:00,0.5892857142857142,2,中利用率
P3120000027,2021-07-08 02:00:00,0.625,4,中利用率
P3120000027,2021-07-08 03:00:00,0.625,2,中利用率
P3120000027,2021-07-08 06:00:00,0.5535714285714286,2,中利用率
P3120000027,2021-07-08 07:00:00,0.7285714285714285,5,高利用率
P3120000027,2021-07-08 08:00:00,0.7071428571428571,5,高利用率
P3120000027,2021-07-08 09:00:00,0.6428571428571429,5,中利用率
P3120000027,2021-07-08 10:00:00,0.5714285714285714,6,中利用率
P3120000027,2021-07-08 11:00:00,0.5,4,中利用率
P3120000027,2021-07-08 12:00:00,0.45,5,中利用率
P3120000027,2021-07-08 13:00:00,0.4464285714285714,6,中利用率
P3120000027,2021-07-08 14:00:00,0.4464285714285714,4,中利用率
P3120000027,2021-07-08 15:00:00,0.39285714285714285,3,中利用率
P3120000027,2021-07-08 16:00:00,0.44047619047619047,6,中利用率
P3120000027,2021-07-08 17:00:00,0.42857142857142855,5,中利用率
P3120000027,2021-07-08 18:00:00,0.36904761904761907,3,中利用率
P3120000027,2021-07-08 19:00:00,0.41428571428571426,5,中利用率
P3120000028,2021-06-22 14:00:00,0.3448275862068966,1,中利用率
P3120000028,2021-06-24 17:00:00,0.13793103448275862,1,低利用率
P3120000028,2021-06-29 18:00:00,0.2413793103448276,1,低利用率
P3120000028,2021-07-02 14:00:00,0.2827586206896552,5,低利用率
P3120000028,2021-07-02 15:00:00,0.28160919540229884,6,低利用率
P3120000028,2021-07-02 16:00:00,0.2327586206896552,4,低利用率
P3120000028,2021-07-02 17:00:00,0.27586206896551724,6,低利用率
P3120000028,2021-07-03 00:00:00,0.1724137931034483,1,低利用率
P3120000028,2021-07-03 06:00:00,0.1810344827586207,4,低利用率
P3120000028,2021-07-03 07:00:00,0.5172413793103449,5,中利用率
P3120000028,2021-07-03 08:00:00,0.5,2,中利用率
P3120000028,2021-07-03 09:00:00,0.3706896551724138,4,中利用率
P3120000028,2021-07-03 11:00:00,0.28448275862068967,4,低利用率
P3120000028,2021-07-03 12:00:00,0.19827586206896552,4,低利用率
P3120000028,2021-07-03 13:00:00,0.25862068965517243,6,低利用率
P3120000028,2021-07-03 14:00:00,0.26206896551724135,5,低利用率
P3120000028,2021-07-03 15:00:00,0.1264367816091954,3,低利用率
P3120000028,2021-07-03 16:00:00,0.2413793103448276,6,低利用率
P3120000028,2021-07-03 17:00:00,0.22758620689655173,5,低利用率
P3120000028,2021-07-03 18:00:00,0.034482758620689655,1,低利用率
P3120000028,2021-07-04 06:00:00,0.05172413793103448,2,低利用率
P3120000028,2021-07-04 07:00:00,0.5793103448275863,5,中利用率
P3120000028,2021-07-04 08:00:00,0.6206896551724138,5,中利用率
P3120000028,2021-07-04 09:00:00,0.5603448275862069,4,中利用率
P3120000028,2021-07-04 10:00:00,0.45689655172413796,4,中利用率
P3120000028,2021-07-04 11:00:00,0.3793103448275862,5,中利用率
P3120000028,2021-07-04 12:00:00,0.2689655172413793,5,低利用率
P3120000028,2021-07-04 13:00:00,0.25862068965517243,2,低利用率
P3120000028,2021-07-04 14:00:00,0.25862068965517243,4,低利用率
P3120000028,2021-07-04 15:00:00,0.20689655172413793,4,低利用率
P3120000028,2021-07-04 16:00:00,0.25862068965517243,4,低利用率
P3120000028,2021-07-04 17:00:00,0.2931034482758621,2,低利用率
P3120000028,2021-07-05 06:00:00,0.1810344827586207,4,低利用率
P3120000028,2021-07-05 07:00:00,0.3793103448275862,5,中利用率
P3120000028,2021-07-05 08:00:00,0.36551724137931035,5,中利用率
P3120000028,2021-07-05 09:00:00,0.24137931034482757,5,低利用率
P3120000028,2021-07-05 10:00:00,0.28735632183908044,3,低利用率
P3120000028,2021-07-05 11:00:00,0.15517241379310345,4,低利用率
P3120000028,2021-07-05 12:00:00,0.13793103448275862,3,低利用率
P3120000028,2021-07-05 13:00:00,0.1793103448275862,5,低利用率
P3120000028,2021-07-05 14:00:00,0.13793103448275862,3,低利用率
P3120000028,2021-07-05 15:00:00,0.20689655172413793,4,低利用率
P3120000028,2021-07-05 16:00:00,0.18620689655172412,5,低利用率
P3120000028,2021-07-05 17:00:00,0.14655172413793105,4,低利用率
P3120000028,2021-07-05 18:00:00,0.1206896551724138,6,低利用率
P3120000028,2021-07-05 19:00:00,0.2873563218390805,6,低利用率
P3120000028,2021-07-05 20:00:00,0.4252873563218391,6,中利用率
P3120000028,2021-07-05 21:00:00,0.4597701149425288,6,中利用率
P3120000028,2021-07-05 22:00:00,0.5724137931034482,5,中利用率
P3120000028,2021-07-05 23:00:00,0.603448275862069,2,中利用率
P3120000028,2021-07-06 00:00:00,0.603448275862069,2,中利用率
P3120000028,2021-07-06 01:00:00,0.6551724137931034,4,中利用率
P3120000028,2021-07-06 02:00:00,0.7068965517241379,2,高利用率
P3120000028,2021-07-06 05:00:00,0.6896551724137931,1,中利用率
P3120000028,2021-07-06 06:00:00,0.6758620689655173,5,中利用率
P3120000028,2021-07-06 07:00:00,0.4344827586206897,5,中利用率
P3120000028,2021-07-06 08:00:00,0.32413793103448274,5,中利用率
P3120000028,2021-07-06 09:00:00,0.40229885057471265,6,中利用率
P3120000028,2021-07-06 10:00:00,0.20689655172413796,2,低利用率
P3120000028,2021-07-06 11:00:00,0.22758620689655173,5,低利用率
P3120000028,2021-07-06 12:00:00,0.2327586206896552,4,低利用率
P3120000028,2021-07-06 13:00:00,0.27586206896551724,6,低利用率
P3120000028,2021-07-06 14:00:00,0.31896551724137934,4,中利用率
P3120000028,2021-07-06 15:00:00,0.3275862068965517,4,中利用率
P3120000028,2021-07-06 16:00:00,0.2413793103448276,6,低利用率
P3120000028,2021-07-06 17:00:00,0.2137931034482759,5,低利用率
P3120000028,2021-07-06 18:00:00,0.3310344827586207,5,中利用率
P3120000028,2021-07-06 19:00:00,0.3735632183908046,6,中利用率
P3120000028,2021-07-06 20:00:00,0.5517241379310345,5,中利用率
P3120000028,2021-07-06 21:00:00,0.6827586206896552,5,中利用率
P3120000028,2021-07-06 22:00:00,0.6896551724137931,5,中利用率
P3120000028,2021-07-06 23:00:00,0.7011494252873564,3,高利用率
P3120000028,2021-07-07 00:00:00,0.7126436781609194,3,高利用率
P3120000028,2021-07-07 03:00:00,0.735632183908046,3,高利用率
P3120000028,2021-07-07 04:00:00,0.7068965517241379,2,高利用率
P3120000028,2021-07-07 05:00:00,0.7068965517241379,2,高利用率
P3120000028,2021-07-07 06:00:00,0.6379310344827587,4,中利用率
P3120000028,2021-07-07 07:00:00,0.4913793103448276,4,中利用率
P3120000028,2021-07-07 08:00:00,0.48275862068965514,5,中利用率
P3120000028,2021-07-07 09:00:00,0.48850574712643674,6,中利用率
P3120000028,2021-07-07 10:00:00,0.30344827586206896,5,中利用率
P3120000028,2021-07-07 11:00:00,0.3586206896551724,5,中利用率
P3120000028,2021-07-07 12:00:00,0.30344827586206896,5,中利用率
P3120000028,2021-07-07 13:00:00,0.4224137931034483,4,中利用率
P3120000028,2021-07-07 14:00:00,0.4413793103448276,5,中利用率
P3120000028,2021-07-07 15:00:00,0.3448275862068966,6,中利用率
P3120000028,2021-07-07 16:00:00,0.2137931034482759,5,低利用率
P3120000028,2021-07-07 17:00:00,0.2327586206896552,4,低利用率
P3120000028,2021-07-07 18:00:00,0.4597701149425288,6,中利用率
P3120000028,2021-07-07 19:00:00,0.5632183908045977,3,中利用率
P3120000028,2021-07-07 20:00:00,0.646551724137931,4,中利用率
P3120000028,2021-07-07 21:00:00,0.7241379310344828,5,高利用率
P3120000028,2021-07-07 22:00:00,0.7931034482758621,3,高利用率
P3120000028,2021-07-07 23:00:00,0.632183908045977,3,中利用率
P3120000028,2021-07-08 00:00:00,0.5517241379310345,3,中利用率
P3120000028,2021-07-08 01:00:00,0.603448275862069,2,中利用率
P3120000028,2021-07-08 02:00:00,0.6551724137931034,1,中利用率
P3120000028,2021-07-08 03:00:00,0.6896551724137931,1,中利用率
P3120000028,2021-07-08 04:00:00,0.7241379310344828,1,高利用率
P3120000028,2021-07-08 05:00:00,0.7068965517241379,2,高利用率
P3120000028,2021-07-08 06:00:00,0.6781609195402298,3,中利用率
P3120000028,2021-07-08 07:00:00,0.4770114942528736,6,中利用率
P3120000028,2021-07-08 08:00:00,0.46551724137931033,4,中利用率
P3120000028,2021-07-08 09:00:00,0.5,4,中利用率
P3120000028,2021-07-08 10:00:00,0.6206896551724138,6,中利用率
P3120000028,2021-07-08 11:00:00,0.5775862068965517,4,中利用率
P3120000028,2021-07-08 12:00:00,0.4482758620689655,6,中利用率
P3120000028,2021-07-08 13:00:00,0.20114942528735633,6,低利用率
P3120000028,2021-07-08 14:00:00,0.19827586206896552,4,低利用率
P3120000028,2021-07-08 15:00:00,0.1896551724137931,4,低利用率
P3120000028,2021-07-08 16:00:00,0.16551724137931034,5,低利用率
P3120000028,2021-07-08 17:00:00,0.15862068965517243,5,低利用率
P3120000028,2021-07-08 18:00:00,0.3103448275862069,6,中利用率
P3120000028,2021-07-08 19:00:00,0.46896551724137936,5,中利用率
P3120000029,2021-06-22 14:00:00,0.7619047619047619,1,高利用率
P3120000029,2021-06-24 17:00:00,0.5238095238095238,1,中利用率
P3120000029,2021-07-02 14:00:00,0.5238095238095238,4,中利用率
P3120000029,2021-07-02 15:00:00,0.5714285714285715,3,中利用率
P3120000029,2021-07-02 16:00:00,0.5238095238095238,5,中利用率
P3120000029,2021-07-02 17:00:00,0.48571428571428565,5,中利用率
P3120000029,2021-07-03 00:00:00,0.23809523809523808,1,低利用率
P3120000029,2021-07-03 06:00:00,0.2857142857142857,1,低利用率
P3120000029,2021-07-03 07:00:00,0.36190476190476184,5,中利用率
P3120000029,2021-07-03 08:00:00,0.3571428571428571,2,中利用率
P3120000029,2021-07-03 09:00:00,0.45714285714285713,5,中利用率
P3120000029,2021-07-03 11:00:00,0.47619047619047616,4,中利用率
P3120000029,2021-07-03 12:00:00,0.4365079365079365,6,中利用率
P3120000029,2021-07-03 13:00:00,0.30476190476190473,5,中利用率
P3120000029,2021-07-03 14:00:00,0.4,5,中利用率
P3120000029,2021-07-03 15:00:00,0.35238095238095235,5,中利用率
P3120000029,2021-07-03 16:00:00,0.3714285714285714,5,中利用率
P3120000029,2021-07-03 17:00:00,0.25,4,低利用率
P3120000029,2021-07-03 18:00:00,0.09523809523809523,1,低利用率
P3120000029,2021-07-04 06:00:00,0.16666666666666666,2,低利用率
P3120000029,2021-07-04 07:00:00,0.35714285714285715,4,中利用率
P3120000029,2021-07-04 08:00:00,0.4642857142857143,4,中利用率
P3120000029,2021-07-04 09:00:00,0.5428571428571429,5,中利用率
P3120000029,2021-07-04 10:00:00,0.369047619047619,4,中利用率
P3120000029,2021-07-04 11:00:00,0.3968253968253968,6,中利用率
P3120000029,2021-07-04 12:00:00,0.5833333333333333,4,中利用率
P3120000029,2021-07-04 13:00:00,0.38095238095238093,5,中利用率
P3120000029,2021-07-04 14:00:00,0.5428571428571429,5,中利用率
P3120000029,2021-07-04 15:00:00,0.5119047619047619,4,中利用率
P3120000029,2021-07-04 16:00:00,0.5809523809523809,5,中利用率
P3120000029,2021-07-04 17:00:00,0.5,4,中利用率
P3120000029,2021-07-05 06:00:00,0.09523809523809523,4,低利用率
P3120000029,2021-07-05 07:00:00,0.39285714285714285,4,中利用率
P3120000029,2021-07-05 08:00:00,0.4523809523809524,4,中利用率
P3120000029,2021-07-05 09:00:00,0.44047619047619047,4,中利用率
P3120000029,2021-07-05 10:00:00,0.44761904761904764,5,中利用率
P3120000029,2021-07-05 11:00:00,0.2857142857142857,5,低利用率
P3120000029,2021-07-05 12:00:00,0.21428571428571427,4,低利用率
P3120000029,2021-07-05 13:00:00,0.19047619047619047,4,低利用率
P3120000029,2021-07-05 14:00:00,0.19047619047619047,4,低利用率
P3120000029,2021-07-05 15:00:00,0.12698412698412698,3,低利用率
P3120000029,2021-07-05 16:00:00,0.10714285714285714,4,低利用率
P3120000029,2021-07-05 17:00:00,0.2952380952380952,5,低利用率
P3120000029,2021-07-05 18:00:00,0.1111111111111111,6,低利用率
P3120000029,2021-07-05 19:00:00,0.4666666666666666,5,中利用率
P3120000029,2021-07-05 20:00:00,0.7428571428571429,5,高利用率
P3120000029,2021-07-05 21:00:00,0.5952380952380952,4,中利用率
P3120000029,2021-07-05 22:00:00,0.6428571428571428,2,中利用率
P3120000029,2021-07-05 23:00:00,0.6666666666666666,4,中利用率
P3120000029,2021-07-06 00:00:00,0.7857142857142857,2,高利用率
P3120000029,2021-07-06 01:00:00,0.7857142857142857,2,高利用率
P3120000029,2021-07-06 02:00:00,0.8095238095238094,3,高利用率
P3120000029,2021-07-06 03:00:00,0.8333333333333333,2,高利用率
P3120000029,2021-07-06 06:00:00,0.8571428571428572,2,高利用率
P3120000029,2021-07-06 07:00:00,0.9166666666666666,4,高利用率
P3120000029,2021-07-06 08:00:00,0.7047619047619047,5,高利用率
P3120000029,2021-07-06 09:00:00,0.5952380952380952,4,中利用率
P3120000029,2021-07-06 10:00:00,0.5428571428571429,5,中利用率
P3120000029,2021-07-06 11:00:00,0.4095238095238095,5,中利用率
P3120000029,2021-07-06 12:00:00,0.5,4,中利用率
P3120000029,2021-07-06 13:00:00,0.6952380952380952,5,中利用率
P3120000029,2021-07-06 14:00:00,0.8214285714285714,4,高利用率
P3120000029,2021-07-06 15:00:00,0.7777777777777777,3,高利用率
P3120000029,2021-07-06 16:00:00,0.619047619047619,5,中利用率
P3120000029,2021-07-06 17:00:00,0.4666666666666666,5,中利用率
P3120000029,2021-07-06 18:00:00,0.49523809523809526,5,中利用率
P3120000029,2021-07-06 19:00:00,0.8095238095238094,3,高利用率
P3120000029,2021-07-06 20:00:00,0.7857142857142857,2,高利用率
P3120000029,2021-07-06 21:00:00,0.7619047619047619,3,高利用率
P3120000029,2021-07-06 22:00:00,0.7523809523809524,5,高利用率
P3120000029,2021-07-06 23:00:00,0.5833333333333334,4,中利用率
P3120000029,2021-07-07 00:00:00,0.42857142857142855,1,中利用率
P3120000029,2021-07-07 01:00:00,0.5119047619047619,4,中利用率
P3120000029,2021-07-07 02:00:00,0.5714285714285714,4,中利用率
P3120000029,2021-07-07 03:00:00,0.6031746031746031,3,中利用率
P3120000029,2021-07-07 04:00:00,0.6507936507936508,3,中利用率
P3120000029,2021-07-07 05:00:00,0.6904761904761905,2,中利用率
P3120000029,2021-07-07 07:00:00,0.6547619047619048,4,中利用率
P3120000029,2021-07-07 08:00:00,0.5317460317460317,6,中利用率
P3120000029,2021-07-07 09:00:00,0.5396825396825397,3,中利用率
P3120000029,2021-07-07 10:00:00,0.42857142857142855,5,中利用率
P3120000029,2021-07-07 11:00:00,0.5158730158730159,6,中利用率
P3120000029,2021-07-07 12:00:00,0.4761904761904762,3,中利用率
P3120000029,2021-07-07 13:00:00,0.4523809523809524,4,中利用率
P3120000029,2021-07-07 14:00:00,0.3333333333333333,3,中利用率
P3120000029,2021-07-07 15:00:00,0.30952380952380953,4,中利用率
P3120000029,2021-07-07 16:00:00,0.27777777777777773,6,低利用率
P3120000029,2021-07-07 17:00:00,0.30952380952380953,4,中利用率
P3120000029,2021-07-07 18:00:00,0.2857142857142857,4,低利用率
P3120000029,2021-07-07 19:00:00,0.41666666666666663,4,中利用率
P3120000029,2021-07-07 20:00:00,0.7333333333333333,5,高利用率
P3120000029,2021-07-07 21:00:00,0.6825396825396824,3,中利用率
P3120000029,2021-07-07 22:00:00,0.6349206349206349,3,中利用率
P3120000029,2021-07-07 23:00:00,0.5595238095238095,4,中利用率
P3120000029,2021-07-08 00:00:00,0.6309523809523809,4,中利用率
P3120000029,2021-07-08 01:00:00,0.5595238095238095,4,中利用率
P3120000029,2021-07-08 02:00:00,0.5714285714285714,4,中利用率
P3120000029,2021-07-08 03:00:00,0.5873015873015873,3,中利用率
P3120000029,2021-07-08 05:00:00,0.45238095238095233,2,中利用率
P3120000029,2021-07-08 06:00:00,0.41269841269841273,3,中利用率
P3120000029,2021-07-08 07:00:00,0.40476190476190477,2,中利用率
P3120000029,2021-07-08 08:00:00,0.35238095238095235,5,中利用率
P3120000029,2021-07-08 09:00:00,0.34285714285714286,5,中利用率
P3120000029,2021-07-08 10:00:00,0.2857142857142857,6,低利用率
P3120000029,2021-07-08 11:00:00,0.3571428571428571,2,中利用率
P3120000029,2021-07-08 12:00:00,0.47619047619047616,4,中利用率
P3120000029,2021-07-08 13:00:00,0.5595238095238095,4,中利用率
P3120000029,2021-07-08 14:00:00,0.5238095238095238,3,中利用率
P3120000029,2021-07-08 15:00:00,0.4920634920634921,6,中利用率
P3120000029,2021-07-08 16:00:00,0.5619047619047619,5,中利用率
P3120000029,2021-07-08 17:00:00,0.5119047619047619,4,中利用率
P3120000029,2021-07-08 18:00:00,0.4603174603174603,6,中利用率
P3120000029,2021-07-08 19:00:00,0.5619047619047619,5,中利用率
P3120000030,2021-06-22 14:00:00,0.75,1,高利用率
P3120000030,2021-06-24 17:00:00,0.5,1,中利用率
P3120000030,2021-07-02 14:00:00,0.4166666666666667,1,中利用率
P3120000030,2021-07-02 15:00:00,0.25,1,低利用率
P3120000030,2021-07-02 16:00:00,0.25,4,低利用率
P3120000030,2021-07-02 17:00:00,0.125,2,低利用率
P3120000030,2021-07-03 00:00:00,0.0,1,低利用率
P3120000030,2021-07-03 08:00:00,0.33333333333333337,4,中利用率
P3120000030,2021-07-03 09:00:00,0.2222222222222222,3,低利用率
P3120000030,2021-07-03 11:00:00,0.20833333333333331,2,低利用率
P3120000030,2021-07-03 12:00:00,0.19444444444444442,3,低利用率
P3120000030,2021-07-03 13:00:00,0.3055555555555555,3,中利用率
P3120000030,2021-07-03 14:00:00,0.375,2,中利用率
P3120000030,2021-07-03 15:00:00,0.1875,4,低利用率
P3120000030,2021-07-03 16:00:00,0.25,1,低利用率
P3120000030,2021-07-03 17:00:00,0.20833333333333331,2,低利用率
P3120000030,2021-07-04 00:00:00,0.08333333333333333,1,低利用率
P3120000030,2021-07-04 07:00:00,0.5833333333333334,1,中利用率
P3120000030,2021-07-04 08:00:00,0.5277777777777778,3,中利用率
P3120000030,2021-07-04 09:00:00,0.5833333333333334,1,中利用率
P3120000030,2021-07-04 10:00:00,0.5277777777777778,3,中利用率
P3120000030,2021-07-04 11:00:00,0.45833333333333337,4,中利用率
P3120000030,2021-07-04 12:00:00,0.47916666666666663,4,中利用率
P3120000030,2021-07-04 13:00:00,0.6666666666666666,3,中利用率
P3120000030,2021-07-04 14:00:00,0.375,2,中利用率
P3120000030,2021-07-04 15:00:00,0.27777777777777773,3,低利用率
P3120000030,2021-07-04 16:00:00,0.375,2,中利用率
P3120000030,2021-07-04 17:00:00,0.5833333333333333,5,中利用率
P3120000030,2021-07-05 06:00:00,0.08333333333333333,1,低利用率
P3120000030,2021-07-05 08:00:00,0.33333333333333337,2,中利用率
P3120000030,2021-07-05 09:00:00,0.375,4,中利用率
P3120000030,2021-07-05 10:00:00,0.3958333333333333,4,中利用率
P3120000030,2021-07-05 11:00:00,0.6111111111111112,3,中利用率
P3120000030,2021-07-05 12:00:00,0.4444444444444445,3,中利用率
P3120000030,2021-07-05 13:00:00,0.45833333333333337,4,中利用率
P3120000030,2021-07-05 14:00:00,0.5277777777777778,3,中利用率
P3120000030,2021-07-05 15:00:00,0.4375,4,中利用率
P3120000030,2021-07-05 16:00:00,0.3055555555555555,3,中利用率
P3120000030,2021-07-05 17:00:00,0.1111111111111111,3,低利用率
P3120000030,2021-07-05 18:00:00,0.4166666666666667,3,中利用率
P3120000030,2021-07-05 19:00:00,0.5166666666666667,5,中利用率
P3120000030,2021-07-05 23:00:00,0.16666666666666666,1,低利用率
P3120000030,2021-07-06 02:00:00,0.25,1,低利用率
P3120000030,2021-07-06 05:00:00,0.3333333333333333,1,中利用率
P3120000030,2021-07-06 07:00:00,0.33333333333333337,2,中利用率
P3120000030,2021-07-06 08:00:00,0.3958333333333333,4,中利用率
P3120000030,2021-07-06 09:00:00,0.19444444444444442,3,低利用率
P3120000030,2021-07-06 10:00:00,0.16666666666666666,3,低利用率
P3120000030,2021-07-06 11:00:00,0.25,3,低利用率
P3120000030,2021-07-06 12:00:00,0.08333333333333333,1,低利用率
P3120000030,2021-07-06 13:00:00,0.13888888888888887,3,低利用率
P3120000030,2021-07-06 14:00:00,0.5208333333333334,4,中利用率
P3120000030,2021-07-06 15:00:00,0.2916666666666667,2,低利用率
P3120000030,2021-07-06 17:00:00,0.4444444444444445,3,中利用率
P3120000030,2021-07-06 18:00:00,0.4375,4,中利用率
P3120000030,2021-07-06 19:00:00,0.5833333333333333,5,中利用率
P3120000030,2021-07-06 20:00:00,0.19444444444444442,3,低利用率
P3120000030,2021-07-07 00:00:00,0.25,1,低利用率
P3120000030,2021-07-07 02:00:00,0.3333333333333333,1,中利用率
P3120000030,2021-07-07 04:00:00,0.25,1,低利用率
P3120000030,2021-07-07 06:00:00,0.3333333333333333,1,中利用率
P3120000030,2021-07-07 07:00:00,0.25,4,低利用率
P3120000030,2021-07-07 08:00:00,0.041666666666666664,2,低利用率
P3120000030,2021-07-07 09:00:00,0.4666666666666666,5,中利用率
P3120000030,2021-07-07 10:00:00,0.5833333333333334,3,中利用率
P3120000030,2021-07-07 11:00:00,0.3541666666666667,4,中利用率
P3120000030,2021-07-07 12:00:00,0.3055555555555555,3,中利用率
P3120000030,2021-07-07 13:00:00,0.5,1,中利用率
P3120000030,2021-07-07 14:00:00,0.375,2,中利用率
P3120000030,2021-07-07 15:00:00,0.45833333333333337,4,中利用率
P3120000030,2021-07-07 16:00:00,0.4583333333333333,4,中利用率
P3120000030,2021-07-07 17:00:00,0.25,1,低利用率
P3120000030,2021-07-07 18:00:00,0.4166666666666667,3,中利用率
P3120000030,2021-07-07 19:00:00,0.45833333333333337,4,中利用率
P3120000030,2021-07-07 20:00:00,0.08333333333333333,1,低利用率
P3120000030,2021-07-07 21:00:00,0.16666666666666666,1,低利用率
P3120000030,2021-07-07 22:00:00,0.16666666666666666,2,低利用率
P3120000030,2021-07-08 07:00:00,0.4166666666666667,1,中利用率
P3120000030,2021-07-08 08:00:00,0.45833333333333337,2,中利用率
P3120000030,2021-07-08 09:00:00,0.5833333333333334,3,中利用率
P3120000030,2021-07-08 10:00:00,0.625,2,中利用率
P3120000030,2021-07-08 11:00:00,0.5,4,中利用率
P3120000030,2021-07-08 12:00:00,0.3333333333333333,1,中利用率
P3120000030,2021-07-08 13:00:00,0.45833333333333337,2,中利用率
P3120000030,2021-07-08 15:00:00,0.25,1,低利用率
P3120000030,2021-07-08 16:00:00,0.3333333333333333,1,中利用率
P3120000030,2021-07-08 17:00:00,0.29166666666666663,2,低利用率
P3120000030,2021-07-08 18:00:00,0.25,1,低利用率
P3120000030,2021-07-08 19:00:00,0.3333333333333333,1,中利用率
P3120000031,2021-06-22 14:00:00,0.0,1,低利用率
P3120000031,2021-06-24 17:00:00,0.0,1,低利用率
P3120000032,2021-06-22 14:00:00,0.8125,1,高利用率
P3120000032,2021-06-24 17:00:00,0.1875,1,低利用率
P3120000032,2021-07-02 13:00:00,0.625,1,中利用率
P3120000032,2021-07-02 14:00:00,0.65,5,中利用率
P3120000032,2021-07-02 15:00:00,0.640625,4,中利用率
P3120000032,2021-07-02 16:00:00,0.5875,5,中利用率
P3120000032,2021-07-02 17:00:00,0.46875,4,中利用率
P3120000032,2021-07-03 00:00:00,0.125,1,低利用率
P3120000032,2021-07-03 06:00:00,0.1875,1,低利用率
P3120000032,2021-07-03 07:00:00,0.390625,4,中利用率
P3120000032,2021-07-03 08:00:00,0.425,5,中利用率
P3120000032,2021-07-03 09:00:00,0.575,5,中利用率
P3120000032,2021-07-03 10:00:00,0.4375,1,中利用率
P3120000032,2021-07-03 11:00:00,0.46875,4,中利用率
P3120000032,2021-07-03 12:00:00,0.5625,5,中利用率
P3120000032,2021-07-03 13:00:00,0.6,5,中利用率
P3120000032,2021-07-03 14:00:00,0.625,4,中利用率
P3120000032,2021-07-03 15:00:00,0.671875,4,中利用率
P3120000032,2021-07-03 16:00:00,0.34375,4,中利用率
P3120000032,2021-07-03 17:00:00,0.2,5,低利用率
P3120000032,2021-07-03 18:00:00,0.0625,1,低利用率
P3120000032,2021-07-04 07:00:00,0.22916666666666666,3,低利用率
P3120000032,2021-07-04 08:00:00,0.28125,2,低利用率
P3120000032,2021-07-04 09:00:00,0.3854166666666667,6,中利用率
P3120000032,2021-07-04 10:00:00,0.5375,5,中利用率
P3120000032,2021-07-04 11:00:00,0.5416666666666666,6,中利用率
P3120000032,2021-07-04 12:00:00,0.71875,2,高利用率
P3120000032,2021-07-04 13:00:00,0.71875,4,高利用率
P3120000032,2021-07-04 14:00:00,0.575,5,中利用率
P3120000032,2021-07-04 15:00:00,0.6375,5,中利用率
P3120000032,2021-07-04 16:00:00,0.525,5,中利用率
P3120000032,2021-07-04 17:00:00,0.55,5,中利用率
P3120000032,2021-07-05 06:00:00,0.125,1,低利用率
P3120000032,2021-07-05 07:00:00,0.375,3,中利用率
P3120000032,2021-07-05 08:00:00,0.703125,4,高利用率
P3120000032,2021-07-05 09:00:00,0.84375,4,高利用率
P3120000032,2021-07-05 10:00:00,0.7604166666666666,6,高利用率
P3120000032,2021-07-05 11:00:00,0.609375,4,中利用率
P3120000032,2021-07-05 12:00:00,0.7916666666666666,3,高利用率
P3120000032,2021-07-05 13:00:00,0.7,5,高利用率
P3120000032,2021-07-05 14:00:00,0.7916666666666666,3,高利用率
P3120000032,2021-07-05 15:00:00,0.75,3,高利用率
P3120000032,2021-07-05 16:00:00,0.7625,5,高利用率
P3120000032,2021-07-05 17:00:00,0.3333333333333333,3,中利用率
P3120000032,2021-07-05 18:00:00,0.2604166666666667,6,低利用率
P3120000032,2021-07-05 19:00:00,0.4875,5,中利用率
P3120000032,2021-07-05 20:00:00,0.6666666666666666,3,中利用率
P3120000032,2021-07-05 21:00:00,0.5833333333333334,3,中利用率
P3120000032,2021-07-05 22:00:00,0.6,5,中利用率
P3120000032,2021-07-05 23:00:00,0.5833333333333334,3,中利用率
P3120000032,2021-07-06 01:00:00,0.5,1,中利用率
P3120000032,2021-07-06 02:00:00,0.40625,2,中利用率
P3120000032,2021-07-06 04:00:00,0.5,1,中利用率
P3120000032,2021-07-06 07:00:00,0.4166666666666667,3,中利用率
P3120000032,2021-07-06 08:00:00,0.5625,3,中利用率
P3120000032,2021-07-06 09:00:00,0.75,4,高利用率
P3120000032,2021-07-06 10:00:00,0.7916666666666666,3,高利用率
P3120000032,2021-07-06 11:00:00,0.7125,5,高利用率
P3120000032,2021-07-06 12:00:00,0.75,5,高利用率
P3120000032,2021-07-06 13:00:00,0.675,5,中利用率
P3120000032,2021-07-06 14:00:00,0.84375,4,高利用率
P3120000032,2021-07-06 15:00:00,0.7916666666666666,3,高利用率
P3120000032,2021-07-06 16:00:00,0.875,5,高利用率
P3120000032,2021-07-06 17:00:00,0.53125,6,中利用率
P3120000032,2021-07-06 18:00:00,0.46875,2,中利用率
P3120000032,2021-07-06 19:00:00,0.59375,2,中利用率
P3120000032,2021-07-06 20:00:00,0.6666666666666666,3,中利用率
P3120000032,2021-07-06 21:00:00,0.5,4,中利用率
P3120000032,2021-07-06 22:00:00,0.5416666666666666,3,中利用率
P3120000032,2021-07-06 23:00:00,0.5625,3,中利用率
P3120000032,2021-07-07 00:00:00,0.71875,2,高利用率
P3120000032,2021-07-07 01:00:00,0.6666666666666666,3,中利用率
P3120000032,2021-07-07 02:00:00,0.625,1,中利用率
P3120000032,2021-07-07 06:00:00,0.5625,1,中利用率
P3120000032,2021-07-07 07:00:00,0.5,1,中利用率
P3120000032,2021-07-07 08:00:00,0.675,5,中利用率
P3120000032,2021-07-07 09:00:00,0.7083333333333334,6,高利用率
P3120000032,2021-07-07 10:00:00,0.765625,4,高利用率
P3120000032,2021-07-07 11:00:00,0.6875,3,中利用率
P3120000032,2021-07-07 12:00:00,0.6666666666666666,6,中利用率
P3120000032,2021-07-07 13:00:00,0.75,4,高利用率
P3120000032,2021-07-07 14:00:00,0.7916666666666666,6,高利用率
P3120000032,2021-07-07 15:00:00,0.6375,5,中利用率
P3120000032,2021-07-07 16:00:00,0.625,3,中利用率
P3120000032,2021-07-07 17:00:00,0.375,5,中利用率
P3120000032,2021-07-07 18:00:00,0.2708333333333333,6,低利用率
P3120000032,2021-07-07 19:00:00,0.5208333333333334,6,中利用率
P3120000032,2021-07-07 20:00:00,0.375,6,中利用率
P3120000032,2021-07-07 21:00:00,0.525,5,中利用率
P3120000032,2021-07-07 22:00:00,0.475,5,中利用率
P3120000032,2021-07-07 23:00:00,0.4625,5,中利用率
P3120000032,2021-07-08 00:00:00,0.5,1,中利用率
P3120000032,2021-07-08 01:00:00,0.40625,2,中利用率
P3120000032,2021-07-08 02:00:00,0.4166666666666667,3,中利用率
P3120000032,2021-07-08 05:00:00,0.375,1,中利用率
P3120000032,2021-07-08 07:00:00,0.40625,2,中利用率
P3120000032,2021-07-08 08:00:00,0.46875,4,中利用率
P3120000032,2021-07-08 09:00:00,0.640625,4,中利用率
P3120000032,2021-07-08 10:00:00,0.84375,4,高利用率
P3120000032,2021-07-08 11:00:00,0.8541666666666666,6,高利用率
P3120000032,2021-07-08 12:00:00,0.71875,4,高利用率
P3120000032,2021-07-08 13:00:00,0.75,4,高利用率
P3120000032,2021-07-08 14:00:00,0.859375,4,高利用率
P3120000032,2021-07-08 15:00:00,0.725,5,高利用率
P3120000032,2021-07-08 16:00:00,0.40625,4,中利用率
P3120000032,2021-07-08 17:00:00,0.10416666666666667,3,低利用率
P3120000032,2021-07-08 18:00:00,0.21875,4,低利用率
P3120000032,2021-07-08 19:00:00,0.46875,4,中利用率
P3120000033,2021-06-22 14:00:00,0.7857142857142857,1,高利用率
P3120000033,2021-06-24 17:00:00,0.42857142857142855,1,中利用率
P3120000033,2021-07-02 14:00:00,0.5535714285714286,4,中利用率
P3120000033,2021-07-02 15:00:00,0.39285714285714285,4,中利用率
P3120000033,2021-07-02 16:00:00,0.41428571428571426,5,中利用率
P3120000033,2021-07-02 17:00:00,0.4523809523809524,3,中利用率
P3120000033,2021-07-03 00:00:00,0.07142857142857142,1,低利用率
P3120000033,2021-07-03 06:00:00,0.07142857142857142,3,低利用率
P3120000033,2021-07-03 07:00:00,0.5,2,中利用率
P3120000033,2021-07-03 09:00:00,0.42857142857142855,1,中利用率
P3120000033,2021-07-03 11:00:00,0.4761904761904762,3,中利用率
P3120000033,2021-07-03 12:00:00,0.4,5,中利用率
P3120000033,2021-07-03 13:00:00,0.3392857142857143,4,中利用率
P3120000033,2021-07-03 14:00:00,0.4761904761904762,3,中利用率
P3120000033,2021-07-03 15:00:00,0.5952380952380952,3,中利用率
P3120000033,2021-07-03 16:00:00,0.5714285714285714,4,中利用率
P3120000033,2021-07-03 17:00:00,0.5892857142857143,4,中利用率
P3120000033,2021-07-03 18:00:00,0.0,1,低利用率
P3120000033,2021-07-04 07:00:00,0.5,2,中利用率
P3120000033,2021-07-04 08:00:00,0.4761904761904762,3,中利用率
P3120000033,2021-07-04 09:00:00,0.42857142857142855,3,中利用率
P3120000033,2021-07-04 10:00:00,0.4642857142857143,2,中利用率
P3120000033,2021-07-04 11:00:00,0.4107142857142857,4,中利用率
P3120000033,2021-07-04 12:00:00,0.39285714285714285,4,中利用率
P3120000033,2021-07-04 13:00:00,0.5535714285714286,4,中利用率
P3120000033,2021-07-04 14:00:00,0.6428571428571428,2,中利用率
P3120000033,2021-07-04 15:00:00,0.5714285714285715,3,中利用率
P3120000033,2021-07-04 16:00:00,0.625,4,中利用率
P3120000033,2021-07-04 17:00:00,0.7142857142857143,3,高利用率
P3120000033,2021-07-05 06:00:00,0.0,1,低利用率
P3120000033,2021-07-05 07:00:00,0.4642857142857143,2,中利用率
P3120000033,2021-07-05 08:00:00,0.4428571428571429,5,中利用率
P3120000033,2021-07-05 09:00:00,0.5357142857142857,4,中利用率
P3120000033,2021-07-05 10:00:00,0.48571428571428565,5,中利用率
P3120000033,2021-07-05 11:00:00,0.6190476190476191,6,中利用率
P3120000033,2021-07-05 12:00:00,0.6607142857142857,4,中利用率
P3120000033,2021-07-05 13:00:00,0.5476190476190476,3,中利用率
P3120000033,2021-07-05 14:00:00,0.6785714285714286,2,中利用率
P3120000033,2021-07-05 15:00:00,0.6071428571428572,2,中利用率
P3120000033,2021-07-05 16:00:00,0.625,4,中利用率
P3120000033,2021-07-05 17:00:00,0.6,5,中利用率
P3120000033,2021-07-05 18:00:00,0.2857142857142857,5,低利用率
P3120000033,2021-07-05 19:00:00,0.39285714285714285,2,中利用率
P3120000033,2021-07-05 20:00:00,0.39285714285714285,2,中利用率
P3120000033,2021-07-05 21:00:00,0.5,2,中利用率
P3120000033,2021-07-05 22:00:00,0.4761904761904762,3,中利用率
P3120000033,2021-07-05 23:00:00,0.5714285714285714,1,中利用率
P3120000033,2021-07-06 01:00:00,0.5357142857142857,2,中利用率
P3120000033,2021-07-06 04:00:00,0.6428571428571429,1,中利用率
P3120000033,2021-07-06 06:00:00,0.5,1,中利用率
P3120000033,2021-07-06 07:00:00,0.6071428571428572,2,中利用率
P3120000033,2021-07-06 08:00:00,0.5476190476190476,3,中利用率
P3120000033,2021-07-06 09:00:00,0.5714285714285714,4,中利用率
P3120000033,2021-07-06 10:00:00,0.5714285714285714,2,中利用率
P3120000033,2021-07-06 11:00:00,0.5178571428571428,4,中利用率
P3120000033,2021-07-06 12:00:00,0.4285714285714286,3,中利用率
P3120000033,2021-07-06 13:00:00,0.5,6,中利用率
P3120000033,2021-07-06 14:00:00,0.4523809523809524,3,中利用率
P3120000033,2021-07-06 15:00:00,0.5178571428571428,4,中利用率
P3120000033,2021-07-06 16:00:00,0.4642857142857143,4,中利用率
P3120000033,2021-07-06 17:00:00,0.23214285714285712,4,低利用率
P3120000033,2021-07-06 18:00:00,0.5535714285714286,4,中利用率
P3120000033,2021-07-06 19:00:00,0.5714285714285714,5,中利用率
P3120000033,2021-07-06 20:00:00,0.5,2,中利用率
P3120000033,2021-07-06 21:00:00,0.4464285714285714,4,中利用率
P3120000033,2021-07-06 22:00:00,0.5,1,中利用率
P3120000033,2021-07-06 23:00:00,0.4642857142857143,2,中利用率
P3120000033,2021-07-07 00:00:00,0.5714285714285714,1,中利用率
P3120000033,2021-07-07 02:00:00,0.6428571428571429,1,中利用率
P3120000033,2021-07-07 07:00:00,0.6285714285714286,5,中利用率
P3120000033,2021-07-07 08:00:00,0.5428571428571429,5,中利用率
P3120000033,2021-07-07 09:00:00,0.5,4,中利用率
P3120000033,2021-07-07 10:00:00,0.6428571428571429,3,中利用率
P3120000033,2021-07-07 11:00:00,0.5,3,中利用率
P3120000033,2021-07-07 12:00:00,0.6428571428571429,4,中利用率
P3120000033,2021-07-07 13:00:00,0.42857142857142855,3,中利用率
P3120000033,2021-07-07 14:00:00,0.5357142857142857,4,中利用率
P3120000033,2021-07-07 15:00:00,0.38095238095238093,3,中利用率
P3120000033,2021-07-07 16:00:00,0.5,5,中利用率
P3120000033,2021-07-07 17:00:00,0.6071428571428572,2,中利用率
P3120000033,2021-07-07 18:00:00,0.6428571428571429,4,中利用率
P3120000033,2021-07-07 19:00:00,0.5714285714285715,3,中利用率
P3120000033,2021-07-07 20:00:00,0.5357142857142857,4,中利用率
P3120000033,2021-07-07 22:00:00,0.7142857142857143,1,高利用率
P3120000033,2021-07-07 23:00:00,0.6666666666666666,3,中利用率
P3120000033,2021-07-08 00:00:00,0.5,2,中利用率
P3120000033,2021-07-08 01:00:00,0.39285714285714285,2,中利用率
P3120000033,2021-07-08 03:00:00,0.5,1,中利用率
P3120000033,2021-07-08 06:00:00,0.5357142857142857,2,中利用率
P3120000033,2021-07-08 07:00:00,0.4047619047619047,3,中利用率
P3120000033,2021-07-08 08:00:00,0.3571428571428571,5,中利用率
P3120000033,2021-07-08 09:00:00,0.44047619047619047,6,中利用率
P3120000033,2021-07-08 10:00:00,0.5857142857142857,5,中利用率
P3120000033,2021-07-08 11:00:00,0.7678571428571428,4,高利用率
P3120000033,2021-07-08 12:00:00,0.5142857142857142,5,中利用率
P3120000033,2021-07-08 13:00:00,0.5357142857142857,2,中利用率
P3120000033,2021-07-08 14:00:00,0.42857142857142855,3,中利用率
P3120000033,2021-07-08 15:00:00,0.5,4,中利用率
P3120000033,2021-07-08 16:00:00,0.4523809523809524,3,中利用率
P3120000033,2021-07-08 17:00:00,0.5357142857142857,4,中利用率
P3120000033,2021-07-08 18:00:00,0.5357142857142857,2,中利用率
P3120000033,2021-07-08 19:00:00,0.6428571428571428,2,中利用率
P3120000034,2021-06-22 14:00:00,0.16666666666666666,1,低利用率
P3120000034,2021-06-24 17:00:00,0.16666666666666666,1,低利用率
P3120000034,2021-07-02 14:00:00,0.08333333333333333,1,低利用率
P3120000034,2021-07-02 15:00:00,0.0,1,低利用率
P3120000034,2021-07-02 16:00:00,0.1111111111111111,3,低利用率
P3120000034,2021-07-02 17:00:00,0.19444444444444442,3,低利用率
P3120000034,2021-07-03 00:00:00,0.0,1,低利用率
P3120000034,2021-07-03 06:00:00,0.5833333333333334,1,中利用率
P3120000034,2021-07-03 07:00:00,0.5,1,中利用率
P3120000034,2021-07-03 09:00:00,0.3333333333333333,1,中利用率
P3120000034,2021-07-03 11:00:00,0.16666666666666666,1,低利用率
P3120000034,2021-07-03 12:00:00,0.2916666666666667,2,低利用率
P3120000034,2021-07-03 13:00:00,0.1111111111111111,3,低利用率
P3120000034,2021-07-03 14:00:00,0.027777777777777776,3,低利用率
P3120000034,2021-07-03 15:00:00,0.08333333333333333,1,低利用率
P3120000034,2021-07-03 16:00:00,0.027777777777777776,3,低利用率
P3120000034,2021-07-03 17:00:00,0.08333333333333333,4,低利用率
P3120000034,2021-07-03 18:00:00,0.3333333333333333,1,中利用率
P3120000034,2021-07-04 00:00:00,0.16666666666666666,1,低利用率
P3120000034,2021-07-04 06:00:00,0.4166666666666667,1,中利用率
P3120000034,2021-07-04 07:00:00,0.375,2,中利用率
P3120000034,2021-07-04 08:00:00,0.3333333333333333,3,中利用率
P3120000034,2021-07-04 09:00:00,0.25,3,低利用率
P3120000034,2021-07-04 10:00:00,0.25,3,低利用率
P3120000034,2021-07-04 11:00:00,0.29166666666666663,2,低利用率
P3120000034,2021-07-04 12:00:00,0.25,5,低利用率
P3120000034,2021-07-04 14:00:00,0.08333333333333333,1,低利用率
P3120000034,2021-07-04 16:00:00,0.25,2,低利用率
P3120000034,2021-07-04 17:00:00,0.27777777777777773,3,低利用率
P3120000034,2021-07-05 06:00:00,0.25,2,低利用率
P3120000034,2021-07-05 07:00:00,0.4166666666666667,1,中利用率
P3120000034,2021-07-05 08:00:00,0.3333333333333333,1,中利用率
P3120000034,2021-07-05 10:00:00,0.4166666666666667,1,中利用率
P3120000034,2021-07-05 11:00:00,0.4166666666666667,4,中利用率
P3120000034,2021-07-05 12:00:00,0.29166666666666663,4,低利用率
P3120000034,2021-07-05 13:00:00,0.2916666666666667,4,低利用率
P3120000034,2021-07-05 14:00:00,0.125,2,低利用率
P3120000034,2021-07-05 15:00:00,0.08333333333333333,1,低利用率
P3120000034,2021-07-05 16:00:00,0.16666666666666666,1,低利用率
P3120000034,2021-07-05 18:00:00,0.16666666666666666,3,低利用率
P3120000034,2021-07-05 19:00:00,0.3611111111111111,3,中利用率
P3120000034,2021-07-05 20:00:00,0.45833333333333337,2,中利用率
P3120000034,2021-07-05 21:00:00,0.4166666666666667,1,中利用率
P3120000034,2021-07-05 22:00:00,0.5833333333333334,1,中利用率
P3120000034,2021-07-05 23:00:00,0.625,2,中利用率
P3120000034,2021-07-06 00:00:00,0.4166666666666667,1,中利用率
P3120000034,2021-07-06 06:00:00,0.4166666666666667,3,中利用率
P3120000034,2021-07-06 07:00:00,0.4166666666666667,1,中利用率
P3120000034,2021-07-06 08:00:00,0.29166666666666663,2,低利用率
P3120000034,2021-07-06 09:00:00,0.19444444444444442,3,低利用率
P3120000034,2021-07-06 10:00:00,0.08333333333333333,1,低利用率
P3120000034,2021-07-06 11:00:00,0.25,1,低利用率
P3120000034,2021-07-06 12:00:00,0.19444444444444442,3,低利用率
P3120000034,2021-07-06 13:00:00,0.25,1,低利用率
P3120000034,2021-07-06 14:00:00,0.20833333333333331,2,低利用率
P3120000034,2021-07-06 15:00:00,0.29166666666666663,2,低利用率
P3120000034,2021-07-06 17:00:00,0.16666666666666666,1,低利用率
P3120000034,2021-07-06 18:00:00,0.3611111111111111,3,中利用率
P3120000034,2021-07-06 19:00:00,0.2708333333333333,4,低利用率
P3120000034,2021-07-06 20:00:00,0.3333333333333333,1,中利用率
P3120000034,2021-07-06 21:00:00,0.4791666666666667,4,中利用率
P3120000034,2021-07-06 22:00:00,0.5,1,中利用率
P3120000034,2021-07-06 23:00:00,0.29166666666666663,2,低利用率
P3120000034,2021-07-07 00:00:00,0.3333333333333333,1,中利用率
P3120000034,2021-07-07 02:00:00,0.25,1,低利用率
P3120000034,2021-07-07 06:00:00,0.375,2,中利用率
P3120000034,2021-07-07 07:00:00,0.29166666666666663,2,低利用率
P3120000034,2021-07-07 08:00:00,0.3333333333333333,1,中利用率
P3120000034,2021-07-07 09:00:00,0.20833333333333331,2,低利用率
P3120000034,2021-07-07 10:00:00,0.125,2,低利用率
P3120000034,2021-07-07 11:00:00,0.29166666666666663,4,低利用率
P3120000034,2021-07-07 12:00:00,0.3333333333333333,5,中利用率
P3120000034,2021-07-07 13:00:00,0.3333333333333333,3,中利用率
P3120000034,2021-07-07 14:00:00,0.4166666666666667,1,中利用率
P3120000034,2021-07-07 15:00:00,0.14583333333333331,4,低利用率
P3120000034,2021-07-07 16:00:00,0.041666666666666664,4,低利用率
P3120000034,2021-07-07 17:00:00,0.0,1,低利用率
P3120000034,2021-07-07 18:00:00,0.16666666666666666,3,低利用率
P3120000034,2021-07-07 19:00:00,0.25,3,低利用率
P3120000034,2021-07-07 20:00:00,0.3541666666666667,4,中利用率
P3120000034,2021-07-07 21:00:00,0.29166666666666663,2,低利用率
P3120000034,2021-07-07 22:00:00,0.45833333333333337,2,中利用率
P3120000034,2021-07-07 23:00:00,0.5,3,中利用率
P3120000034,2021-07-08 00:00:00,0.25,1,低利用率
P3120000034,2021-07-08 04:00:00,0.3333333333333333,1,中利用率
P3120000034,2021-07-08 06:00:00,0.4166666666666667,1,中利用率
P3120000034,2021-07-08 07:00:00,0.29166666666666663,2,低利用率
P3120000034,2021-07-08 08:00:00,0.25,2,低利用率
P3120000034,2021-07-08 09:00:00,0.16666666666666666,4,低利用率
P3120000034,2021-07-08 10:00:00,0.2222222222222222,3,低利用率
P3120000034,2021-07-08 11:00:00,0.3333333333333333,1,中利用率
P3120000034,2021-07-08 12:00:00,0.16666666666666666,4,低利用率
P3120000034,2021-07-08 13:00:00,0.20833333333333331,2,低利用率
P3120000034,2021-07-08 14:00:00,0.16666666666666666,1,低利用率
P3120000034,2021-07-08 15:00:00,0.041666666666666664,2,低利用率
P3120000034,2021-07-08 16:00:00,0.08333333333333333,1,低利用率
P3120000034,2021-07-08 17:00:00,0.125,2,低利用率
P3120000034,2021-07-08 18:00:00,0.16666666666666666,3,低利用率
P3120000034,2021-07-08 19:00:00,0.25,3,低利用率
P3120000036,2021-06-22 14:00:00,0.9523809523809523,1,高利用率
P3120000036,2021-06-24 17:00:00,0.5238095238095238,1,中利用率
P3120000036,2021-07-02 13:00:00,0.9523809523809523,1,高利用率
P3120000036,2021-07-02 14:00:00,0.9523809523809523,4,高利用率
P3120000036,2021-07-02 15:00:00,0.8809523809523809,2,高利用率
P3120000036,2021-07-02 16:00:00,0.7333333333333333,5,高利用率
P3120000036,2021-07-02 17:00:00,0.6309523809523809,4,中利用率
P3120000036,2021-07-03 00:00:00,0.047619047619047616,1,低利用率
P3120000036,2021-07-03 06:00:00,0.1111111111111111,3,低利用率
P3120000036,2021-07-03 07:00:00,0.4,5,中利用率
P3120000036,2021-07-03 08:00:00,0.5595238095238095,4,中利用率
P3120000036,2021-07-03 09:00:00,0.7738095238095237,4,高利用率
P3120000036,2021-07-03 11:00:00,0.8095238095238095,4,高利用率
P3120000036,2021-07-03 12:00:00,0.8809523809523809,4,高利用率
P3120000036,2021-07-03 13:00:00,0.9047619047619048,4,高利用率
P3120000036,2021-07-03 14:00:00,0.9642857142857143,4,高利用率
P3120000036,2021-07-03 15:00:00,0.8857142857142858,5,高利用率
P3120000036,2021-07-03 16:00:00,0.8650793650793651,6,高利用率
P3120000036,2021-07-03 17:00:00,0.7976190476190477,4,高利用率
P3120000036,2021-07-03 18:00:00,0.047619047619047616,1,低利用率
P3120000036,2021-07-04 00:00:00,0.09523809523809523,1,低利用率
P3120000036,2021-07-04 06:00:00,0.2857142857142857,1,低利用率
P3120000036,2021-07-04 07:00:00,0.5952380952380952,4,中利用率
P3120000036,2021-07-04 08:00:00,0.6666666666666666,4,中利用率
P3120000036,2021-07-04 09:00:00,0.7904761904761906,5,高利用率
P3120000036,2021-07-04 10:00:00,0.9333333333333332,5,高利用率
P3120000036,2021-07-04 11:00:00,0.9365079365079364,6,高利用率
P3120000036,2021-07-04 12:00:00,0.9523809523809524,3,高利用率
P3120000036,2021-07-04 13:00:00,0.9047619047619048,3,高利用率
P3120000036,2021-07-04 14:00:00,0.9523809523809523,1,高利用率
P3120000036,2021-07-04 15:00:00,0.8809523809523809,2,高利用率
P3120000036,2021-07-04 16:00:00,0.8571428571428571,6,高利用率
P3120000036,2021-07-04 17:00:00,0.6984126984126985,3,中利用率
P3120000036,2021-07-05 06:00:00,0.09523809523809523,2,低利用率
P3120000036,2021-07-05 07:00:00,0.6309523809523809,4,中利用率
P3120000036,2021-07-05 08:00:00,0.75,4,高利用率
P3120000036,2021-07-05 09:00:00,0.8571428571428571,4,高利用率
P3120000036,2021-07-05 10:00:00,0.8095238095238095,5,高利用率
P3120000036,2021-07-05 11:00:00,0.8095238095238095,4,高利用率
P3120000036,2021-07-05 12:00:00,0.8095238095238095,4,高利用率
P3120000036,2021-07-05 13:00:00,0.8928571428571428,4,高利用率
P3120000036,2021-07-05 14:00:00,0.9523809523809524,3,高利用率
P3120000036,2021-07-05 15:00:00,0.8095238095238095,1,高利用率
P3120000036,2021-07-05 16:00:00,0.8571428571428571,4,高利用率
P3120000036,2021-07-05 17:00:00,0.8095238095238095,1,高利用率
P3120000036,2021-07-05 18:00:00,0.22857142857142856,5,低利用率
P3120000036,2021-07-05 19:00:00,0.5833333333333334,4,中利用率
P3120000036,2021-07-05 20:00:00,0.6666666666666666,3,中利用率
P3120000036,2021-07-05 21:00:00,0.5809523809523809,5,中利用率
P3120000036,2021-07-05 22:00:00,0.5428571428571429,5,中利用率
P3120000036,2021-07-05 23:00:00,0.5047619047619047,5,中利用率
P3120000036,2021-07-06 00:00:00,0.42857142857142855,3,中利用率
P3120000036,2021-07-06 01:00:00,0.42063492063492064,6,中利用率
P3120000036,2021-07-06 02:00:00,0.39285714285714285,4,中利用率
P3120000036,2021-07-06 03:00:00,0.40476190476190477,2,中利用率
P3120000036,2021-07-06 05:00:00,0.3333333333333333,1,中利用率
P3120000036,2021-07-06 06:00:00,0.40476190476190477,2,中利用率
P3120000036,2021-07-06 07:00:00,0.4523809523809524,2,中利用率
P3120000036,2021-07-06 08:00:00,0.7738095238095238,4,高利用率
P3120000036,2021-07-06 09:00:00,0.8285714285714285,5,高利用率
P3120000036,2021-07-06 10:00:00,0.8571428571428571,5,高利用率
P3120000036,2021-07-06 11:00:00,0.8571428571428572,2,高利用率
P3120000036,2021-07-06 12:00:00,0.9365079365079364,3,高利用率
P3120000036,2021-07-06 13:00:00,0.8888888888888888,6,高利用率
P3120000036,2021-07-06 14:00:00,0.9682539682539683,3,高利用率
P3120000036,2021-07-06 15:00:00,0.8285714285714285,5,高利用率
P3120000036,2021-07-06 16:00:00,0.8095238095238095,5,高利用率
P3120000036,2021-07-06 17:00:00,0.6666666666666666,4,中利用率
P3120000036,2021-07-06 18:00:00,0.6285714285714286,5,中利用率
P3120000036,2021-07-06 19:00:00,0.5809523809523809,5,中利用率
P3120000036,2021-07-06 20:00:00,0.49206349206349204,3,中利用率
P3120000036,2021-07-06 21:00:00,0.4682539682539682,6,中利用率
P3120000036,2021-07-06 22:00:00,0.5428571428571429,5,中利用率
P3120000036,2021-07-06 23:00:00,0.5833333333333333,4,中利用率
P3120000036,2021-07-07 00:00:00,0.42063492063492064,6,中利用率
P3120000036,2021-07-07 01:00:00,0.42857142857142855,1,中利用率
P3120000036,2021-07-07 02:00:00,0.3333333333333333,3,中利用率
P3120000036,2021-07-07 03:00:00,0.3142857142857143,5,中利用率
P3120000036,2021-07-07 04:00:00,0.38095238095238093,4,中利用率
P3120000036,2021-07-07 05:00:00,0.3333333333333333,1,中利用率
P3120000036,2021-07-07 07:00:00,0.45238095238095233,4,中利用率
P3120000036,2021-07-07 08:00:00,0.48571428571428565,5,中利用率
P3120000036,2021-07-07 09:00:00,0.7523809523809524,5,高利用率
P3120000036,2021-07-07 10:00:00,0.9523809523809523,4,高利用率
P3120000036,2021-07-07 11:00:00,0.8888888888888888,3,高利用率
P3120000036,2021-07-07 12:00:00,0.9285714285714286,4,高利用率
P3120000036,2021-07-07 13:00:00,0.9682539682539683,3,高利用率
P3120000036,2021-07-07 14:00:00,0.9047619047619048,3,高利用率
P3120000036,2021-07-07 15:00:00,0.9047619047619048,3,高利用率
P3120000036,2021-07-07 16:00:00,0.819047619047619,5,高利用率
P3120000036,2021-07-07 17:00:00,0.7904761904761906,5,高利用率
P3120000036,2021-07-07 18:00:00,0.6761904761904762,5,中利用率
P3120000036,2021-07-07 19:00:00,0.6507936507936508,6,中利用率
P3120000036,2021-07-07 20:00:00,0.7238095238095238,5,高利用率
P3120000036,2021-07-07 21:00:00,0.6904761904761905,2,中利用率
P3120000036,2021-07-07 22:00:00,0.7333333333333333,5,高利用率
P3120000036,2021-07-07 23:00:00,0.6476190476190476,5,中利用率
P3120000036,2021-07-08 00:00:00,0.4444444444444444,3,中利用率
P3120000036,2021-07-08 01:00:00,0.38095238095238093,1,中利用率
P3120000036,2021-07-08 02:00:00,0.3571428571428571,2,中利用率
P3120000036,2021-07-08 03:00:00,0.41666666666666663,4,中利用率
P3120000036,2021-07-08 05:00:00,0.3333333333333333,1,中利用率
P3120000036,2021-07-08 07:00:00,0.4444444444444444,3,中利用率
P3120000036,2021-07-08 08:00:00,0.7333333333333333,5,高利用率
P3120000036,2021-07-08 09:00:00,0.9166666666666666,4,高利用率
P3120000036,2021-07-08 10:00:00,0.9761904761904762,2,高利用率
P3120000036,2021-07-08 11:00:00,0.9642857142857143,4,高利用率
P3120000036,2021-07-08 12:00:00,0.9761904761904762,2,高利用率
P3120000036,2021-07-08 13:00:00,0.9047619047619047,2,高利用率
P3120000036,2021-07-08 14:00:00,0.8333333333333333,2,高利用率
P3120000036,2021-07-08 15:00:00,0.9142857142857143,5,高利用率
P3120000036,2021-07-08 16:00:00,0.8571428571428571,4,高利用率
P3120000036,2021-07-08 17:00:00,0.7698412698412698,6,高利用率
P3120000036,2021-07-08 18:00:00,0.7333333333333333,5,高利用率
P3120000036,2021-07-08 19:00:00,0.5238095238095237,4,中利用率
P3120000037,2021-06-22 14:00:00,0.9090909090909091,1,高利用率
P3120000037,2021-06-24 17:00:00,0.45454545454545453,1,中利用率
P3120000037,2021-07-02 13:00:00,0.9090909090909091,1,高利用率
P3120000037,2021-07-02 14:00:00,0.8818181818181818,5,高利用率
P3120000037,2021-07-02 15:00:00,0.9636363636363636,5,高利用率
P3120000037,2021-07-02 16:00:00,0.9090909090909091,4,高利用率
P3120000037,2021-07-02 17:00:00,0.7045454545454546,6,高利用率
P3120000037,2021-07-03 00:00:00,0.09090909090909091,1,低利用率
P3120000037,2021-07-03 06:00:00,0.1590909090909091,2,低利用率
P3120000037,2021-07-03 07:00:00,0.45454545454545453,4,中利用率
P3120000037,2021-07-03 08:00:00,0.5,4,中利用率
P3120000037,2021-07-03 09:00:00,0.6515151515151515,3,中利用率
P3120000037,2021-07-03 11:00:00,0.8484848484848485,3,高利用率
P3120000037,2021-07-03 12:00:00,0.7545454545454546,5,高利用率
P3120000037,2021-07-03 13:00:00,0.9659090909090909,4,高利用率
P3120000037,2021-07-03 14:00:00,0.9181818181818182,5,高利用率
P3120000037,2021-07-03 15:00:00,0.8712121212121212,6,高利用率
P3120000037,2021-07-03 16:00:00,0.8727272727272727,5,高利用率
P3120000037,2021-07-03 17:00:00,0.7575757575757575,6,高利用率
P3120000037,2021-07-03 18:00:00,0.8181818181818182,1,高利用率
P3120000037,2021-07-04 00:00:00,0.7727272727272727,1,高利用率
P3120000037,2021-07-04 06:00:00,0.13636363636363635,3,低利用率
P3120000037,2021-07-04 07:00:00,0.7196969696969697,6,高利用率
P3120000037,2021-07-04 08:00:00,0.6363636363636364,5,中利用率
P3120000037,2021-07-04 09:00:00,0.5181818181818182,5,中利用率
P3120000037,2021-07-04 10:00:00,0.6,5,中利用率
P3120000037,2021-07-04 11:00:00,0.8636363636363636,4,高利用率
P3120000037,2021-07-04 12:00:00,0.8787878787878788,6,高利用率
P3120000037,2021-07-04 13:00:00,0.8030303030303031,6,高利用率
P3120000037,2021-07-04 14:00:00,0.8272727272727274,5,高利用率
P3120000037,2021-07-04 15:00:00,0.9090909090909091,4,高利用率
P3120000037,2021-07-04 16:00:00,0.8863636363636364,4,高利用率
P3120000037,2021-07-04 17:00:00,0.7159090909090909,4,高利用率
P3120000037,2021-07-05 06:00:00,0.20454545454545453,2,低利用率
P3120000037,2021-07-05 07:00:00,0.5454545454545455,5,中利用率
P3120000037,2021-07-05 08:00:00,0.9272727272727274,5,高利用率
P3120000037,2021-07-05 09:00:00,0.9090909090909092,3,高利用率
P3120000037,2021-07-05 10:00:00,0.9090909090909092,2,高利用率
P3120000037,2021-07-05 11:00:00,0.8333333333333334,3,高利用率
P3120000037,2021-07-05 12:00:00,0.9272727272727274,5,高利用率
P3120000037,2021-07-05 13:00:00,0.9318181818181819,2,高利用率
P3120000037,2021-07-05 14:00:00,0.8181818181818182,3,高利用率
P3120000037,2021-07-05 15:00:00,0.75,4,高利用率
P3120000037,2021-07-05 16:00:00,0.5681818181818181,4,中利用率
P3120000037,2021-07-05 17:00:00,0.7727272727272727,5,高利用率
P3120000037,2021-07-05 18:00:00,0.24242424242424243,6,低利用率
P3120000037,2021-07-05 19:00:00,0.5454545454545454,2,中利用率
P3120000037,2021-07-05 20:00:00,0.7272727272727273,5,高利用率
P3120000037,2021-07-05 21:00:00,0.7045454545454546,4,高利用率
P3120000037,2021-07-05 22:00:00,0.6060606060606061,3,中利用率
P3120000037,2021-07-05 23:00:00,0.6136363636363636,4,中利用率
P3120000037,2021-07-06 00:00:00,0.6636363636363637,5,中利用率
P3120000037,2021-07-06 01:00:00,0.5909090909090909,3,中利用率
P3120000037,2021-07-06 02:00:00,0.5227272727272727,2,中利用率
P3120000037,2021-07-06 03:00:00,0.5340909090909091,4,中利用率
P3120000037,2021-07-06 04:00:00,0.5454545454545454,1,中利用率
P3120000037,2021-07-06 05:00:00,0.5909090909090908,2,中利用率
P3120000037,2021-07-06 06:00:00,0.5227272727272727,6,中利用率
P3120000037,2021-07-06 07:00:00,0.5181818181818182,5,中利用率
P3120000037,2021-07-06 08:00:00,0.5757575757575757,3,中利用率
P3120000037,2021-07-06 09:00:00,0.5727272727272728,5,中利用率
P3120000037,2021-07-06 10:00:00,0.9,5,高利用率
P3120000037,2021-07-06 11:00:00,0.9318181818181819,4,高利用率
P3120000037,2021-07-06 12:00:00,0.9848484848484849,3,高利用率
P3120000037,2021-07-06 13:00:00,0.9090909090909092,3,高利用率
P3120000037,2021-07-06 14:00:00,0.890909090909091,5,高利用率
P3120000037,2021-07-06 15:00:00,0.8636363636363636,5,高利用率
P3120000037,2021-07-06 16:00:00,0.8333333333333334,3,高利用率
P3120000037,2021-07-06 17:00:00,0.7363636363636363,5,高利用率
P3120000037,2021-07-06 18:00:00,0.6545454545454545,5,中利用率
P3120000037,2021-07-06 19:00:00,0.8295454545454546,4,高利用率
P3120000037,2021-07-06 20:00:00,0.7613636363636364,4,高利用率
P3120000037,2021-07-06 21:00:00,0.8363636363636363,5,高利用率
P3120000037,2021-07-06 22:00:00,0.7045454545454546,6,高利用率
P3120000037,2021-07-06 23:00:00,0.8272727272727274,5,高利用率
P3120000037,2021-07-07 00:00:00,0.7954545454545454,2,高利用率
P3120000037,2021-07-07 01:00:00,0.6931818181818181,4,中利用率
P3120000037,2021-07-07 02:00:00,0.7045454545454546,2,高利用率
P3120000037,2021-07-07 04:00:00,0.75,2,高利用率
P3120000037,2021-07-07 05:00:00,0.6818181818181818,1,中利用率
P3120000037,2021-07-07 06:00:00,0.7272727272727273,1,高利用率
P3120000037,2021-07-07 07:00:00,0.7045454545454546,4,高利用率
P3120000037,2021-07-07 08:00:00,0.7348484848484849,6,高利用率
P3120000037,2021-07-07 09:00:00,0.8363636363636363,5,高利用率
P3120000037,2021-07-07 10:00:00,0.8333333333333334,6,高利用率
P3120000037,2021-07-07 11:00:00,0.875,4,高利用率
P3120000037,2021-07-07 12:00:00,0.962121212121212,6,高利用率
P3120000037,2021-07-07 13:00:00,0.9015151515151515,6,高利用率
P3120000037,2021-07-07 14:00:00,0.8106060606060606,6,高利用率
P3120000037,2021-07-07 15:00:00,0.8818181818181818,5,高利用率
P3120000037,2021-07-07 16:00:00,0.7636363636363637,5,高利用率
P3120000037,2021-07-07 17:00:00,0.393939393939394,3,中利用率
P3120000037,2021-07-07 18:00:00,0.5909090909090909,4,中利用率
P3120000037,2021-07-07 19:00:00,0.7272727272727273,5,高利用率
P3120000037,2021-07-07 20:00:00,0.6931818181818181,4,中利用率
P3120000037,2021-07-07 21:00:00,0.6136363636363636,6,中利用率
P3120000037,2021-07-07 22:00:00,0.7575757575757575,3,高利用率
P3120000037,2021-07-07 23:00:00,0.7045454545454546,2,高利用率
P3120000037,2021-07-08 00:00:00,0.6931818181818181,4,中利用率
P3120000037,2021-07-08 01:00:00,0.5909090909090908,2,中利用率
P3120000037,2021-07-08 02:00:00,0.5454545454545454,1,中利用率
P3120000037,2021-07-08 03:00:00,0.5757575757575758,3,中利用率
P3120000037,2021-07-08 05:00:00,0.5681818181818181,2,中利用率
P3120000037,2021-07-08 06:00:00,0.6136363636363636,2,中利用率
P3120000037,2021-07-08 07:00:00,0.6363636363636364,3,中利用率
P3120000037,2021-07-08 08:00:00,0.6454545454545455,5,中利用率
P3120000037,2021-07-08 09:00:00,0.8181818181818181,5,高利用率
P3120000037,2021-07-08 10:00:00,0.9204545454545454,4,高利用率
P3120000037,2021-07-08 11:00:00,0.9272727272727274,5,高利用率
P3120000037,2021-07-08 12:00:00,0.8977272727272727,4,高利用率
P3120000037,2021-07-08 13:00:00,0.8545454545454545,5,高利用率
P3120000037,2021-07-08 14:00:00,0.8333333333333334,3,高利用率
P3120000037,2021-07-08 15:00:00,0.9,5,高利用率
P3120000037,2021-07-08 16:00:00,0.8181818181818182,4,高利用率
P3120000037,2021-07-08 17:00:00,0.6272727272727272,5,中利用率
P3120000037,2021-07-08 18:00:00,0.6022727272727273,4,中利用率
P3120000037,2021-07-08 19:00:00,0.6022727272727273,4,中利用率
P3120000038,2021-06-22 14:00:00,0.75,1,高利用率
P3120000038,2021-06-24 17:00:00,0.25,1,低利用率
P3120000038,2021-07-02 13:00:00,0.625,1,中利用率
P3120000038,2021-07-02 14:00:00,0.5375,5,中利用率
P3120000038,2021-07-02 15:00:00,0.46875,4,中利用率
P3120000038,2021-07-02 16:00:00,0.5625,1,中利用率
P3120000038,2021-07-02 17:00:00,0.53125,4,中利用率
P3120000038,2021-07-03 00:00:00,0.0625,1,低利用率
P3120000038,2021-07-03 07:00:00,0.171875,4,低利用率
P3120000038,2021-07-03 08:00:00,0.25,1,低利用率
P3120000038,2021-07-03 09:00:00,0.4166666666666667,3,中利用率
P3120000038,2021-07-03 10:00:00,0.625,1,中利用率
P3120000038,2021-07-03 11:00:00,0.6875,1,中利用率
P3120000038,2021-07-03 12:00:00,0.7,5,高利用率
P3120000038,2021-07-03 13:00:00,0.825,5,高利用率
P3120000038,2021-07-03 14:00:00,0.8125,4,高利用率
P3120000038,2021-07-03 15:00:00,0.55,5,中利用率
P3120000038,2021-07-03 16:00:00,0.5,6,中利用率
P3120000038,2021-07-03 17:00:00,0.6875,4,中利用率
P3120000038,2021-07-04 06:00:00,0.22916666666666666,3,低利用率
P3120000038,2021-07-04 07:00:00,0.25,4,低利用率
P3120000038,2021-07-04 08:00:00,0.296875,4,低利用率
P3120000038,2021-07-04 09:00:00,0.3333333333333333,6,中利用率
P3120000038,2021-07-04 10:00:00,0.45,5,中利用率
P3120000038,2021-07-04 11:00:00,0.8125,4,高利用率
P3120000038,2021-07-04 12:00:00,0.875,3,高利用率
P3120000038,2021-07-04 13:00:00,0.6875,5,中利用率
P3120000038,2021-07-04 14:00:00,0.45,5,中利用率
P3120000038,2021-07-04 15:00:00,0.390625,4,中利用率
P3120000038,2021-07-04 16:00:00,0.4375,4,中利用率
P3120000038,2021-07-04 17:00:00,0.14583333333333334,3,低利用率
P3120000038,2021-07-05 06:00:00,0.08333333333333333,3,低利用率
P3120000038,2021-07-05 07:00:00,0.15625,2,低利用率
P3120000038,2021-07-05 08:00:00,0.2916666666666667,3,低利用率
P3120000038,2021-07-05 09:00:00,0.2916666666666667,6,低利用率
P3120000038,2021-07-05 10:00:00,0.5625,4,中利用率
P3120000038,2021-07-05 11:00:00,0.3958333333333333,3,中利用率
P3120000038,2021-07-05 12:00:00,0.40625,2,中利用率
P3120000038,2021-07-05 13:00:00,0.578125,4,中利用率
P3120000038,2021-07-05 14:00:00,0.703125,4,高利用率
P3120000038,2021-07-05 15:00:00,0.65,5,中利用率
P3120000038,2021-07-05 16:00:00,0.625,4,中利用率
P3120000038,2021-07-05 17:00:00,0.5,4,中利用率
P3120000038,2021-07-05 18:00:00,0.19791666666666666,6,低利用率
P3120000038,2021-07-05 19:00:00,0.6875,4,中利用率
P3120000038,2021-07-05 20:00:00,0.8125,3,高利用率
P3120000038,2021-07-05 21:00:00,0.640625,4,中利用率
P3120000038,2021-07-05 22:00:00,0.6770833333333334,6,中利用率
P3120000038,2021-07-05 23:00:00,0.625,1,中利用率
P3120000038,2021-07-06 00:00:00,0.65625,2,中利用率
P3120000038,2021-07-06 01:00:00,0.53125,2,中利用率
P3120000038,2021-07-06 02:00:00,0.5625,1,中利用率
P3120000038,2021-07-06 04:00:00,0.5,1,中利用率
P3120000038,2021-07-06 06:00:00,0.46875,2,中利用率
P3120000038,2021-07-06 07:00:00,0.46875,2,中利用率
P3120000038,2021-07-06 08:00:00,0.4166666666666667,3,中利用率
P3120000038,2021-07-06 09:00:00,0.375,4,中利用率
P3120000038,2021-07-06 10:00:00,0.390625,4,中利用率
P3120000038,2021-07-06 11:00:00,0.675,5,中利用率
P3120000038,2021-07-06 12:00:00,0.71875,4,高利用率
P3120000038,2021-07-06 13:00:00,0.7125,5,高利用率
P3120000038,2021-07-06 14:00:00,0.484375,4,中利用率
P3120000038,2021-07-06 15:00:00,0.5520833333333334,6,中利用率
P3120000038,2021-07-06 16:00:00,0.22916666666666666,3,低利用率
P3120000038,2021-07-06 17:00:00,0.0625,3,低利用率
P3120000038,2021-07-06 18:00:00,0.3625,5,中利用率
P3120000038,2021-07-06 19:00:00,0.796875,4,高利用率
P3120000038,2021-07-06 20:00:00,0.859375,4,高利用率
P3120000038,2021-07-06 21:00:00,0.6,5,中利用率
P3120000038,2021-07-06 22:00:00,0.5,3,中利用率
P3120000038,2021-07-06 23:00:00,0.375,1,中利用率
P3120000038,2021-07-07 00:00:00,0.4375,1,中利用率
P3120000038,2021-07-07 02:00:00,0.5,1,中利用率
P3120000038,2021-07-07 05:00:00,0.4375,1,中利用率
P3120000038,2021-07-07 06:00:00,0.625,4,中利用率
P3120000038,2021-07-07 07:00:00,0.55,5,中利用率
P3120000038,2021-07-07 08:00:00,0.5208333333333334,3,中利用率
P3120000038,2021-07-07 09:00:00,0.5208333333333334,3,中利用率
P3120000038,2021-07-07 10:00:00,0.45,5,中利用率
P3120000038,2021-07-07 11:00:00,0.625,4,中利用率
P3120000038,2021-07-07 12:00:00,0.65625,6,中利用率
P3120000038,2021-07-07 13:00:00,0.4791666666666667,6,中利用率
P3120000038,2021-07-07 14:00:00,0.5,4,中利用率
P3120000038,2021-07-07 15:00:00,0.296875,4,低利用率
P3120000038,2021-07-07 16:00:00,0.275,5,低利用率
P3120000038,2021-07-07 17:00:00,0.28125,4,低利用率
P3120000038,2021-07-07 18:00:00,0.4,5,中利用率
P3120000038,2021-07-07 19:00:00,0.453125,4,中利用率
P3120000038,2021-07-07 20:00:00,0.5,1,中利用率
P3120000038,2021-07-07 21:00:00,0.65625,2,中利用率
P3120000038,2021-07-07 22:00:00,0.6875,4,中利用率
P3120000038,2021-07-07 23:00:00,0.6458333333333334,3,中利用率
P3120000038,2021-07-08 00:00:00,0.6875,1,中利用率
P3120000038,2021-07-08 01:00:00,0.625,1,中利用率
P3120000038,2021-07-08 05:00:00,0.625,2,中利用率
P3120000038,2021-07-08 06:00:00,0.65625,2,中利用率
P3120000038,2021-07-08 07:00:00,0.59375,4,中利用率
P3120000038,2021-07-08 08:00:00,0.6458333333333334,3,中利用率
P3120000038,2021-07-08 09:00:00,0.5625,6,中利用率
P3120000038,2021-07-08 10:00:00,0.765625,4,高利用率
P3120000038,2021-07-08 11:00:00,0.7708333333333334,3,高利用率
P3120000038,2021-07-08 12:00:00,0.71875,4,高利用率
P3120000038,2021-07-08 13:00:00,0.8125,3,高利用率
P3120000038,2021-07-08 14:00:00,0.875,5,高利用率
P3120000038,2021-07-08 15:00:00,0.9375,4,高利用率
P3120000038,2021-07-08 16:00:00,0.765625,4,高利用率
P3120000038,2021-07-08 17:00:00,0.703125,4,高利用率
P3120000038,2021-07-08 18:00:00,0.6375,5,中利用率
P3120000038,2021-07-08 19:00:00,0.6875,3,中利用率
P3120000039,2021-06-22 14:00:00,0.0967741935483871,1,低利用率
P3120000039,2021-06-24 17:00:00,0.2903225806451613,1,低利用率
P3120000039,2021-07-02 13:00:00,0.5483870967741935,1,中利用率
P3120000039,2021-07-02 14:00:00,0.4838709677419355,1,中利用率
P3120000039,2021-07-02 15:00:00,0.532258064516129,4,中利用率
P3120000039,2021-07-02 16:00:00,0.5403225806451613,4,中利用率
P3120000039,2021-07-02 17:00:00,0.3709677419354839,4,中利用率
P3120000039,2021-07-03 00:00:00,0.16129032258064516,1,低利用率
P3120000039,2021-07-03 06:00:00,0.03225806451612903,1,低利用率
P3120000039,2021-07-03 07:00:00,0.11290322580645161,2,低利用率
P3120000039,2021-07-03 08:00:00,0.20430107526881722,6,低利用率
P3120000039,2021-07-03 09:00:00,0.24731182795698925,3,低利用率
P3120000039,2021-07-03 11:00:00,0.3655913978494623,3,中利用率
P3120000039,2021-07-03 12:00:00,0.41935483870967744,4,中利用率
P3120000039,2021-07-03 13:00:00,0.432258064516129,5,中利用率
P3120000039,2021-07-03 14:00:00,0.4838709677419355,3,中利用率
P3120000039,2021-07-03 15:00:00,0.4274193548387097,4,中利用率
P3120000039,2021-07-03 16:00:00,0.3870967741935484,4,中利用率
P3120000039,2021-07-03 17:00:00,0.39784946236559143,3,中利用率
P3120000039,2021-07-04 06:00:00,0.1774193548387097,2,低利用率
P3120000039,2021-07-04 07:00:00,0.16129032258064516,2,低利用率
P3120000039,2021-07-04 08:00:00,0.1935483870967742,4,低利用率
P3120000039,2021-07-04 09:00:00,0.34838709677419355,5,中利用率
P3120000039,2021-07-04 10:00:00,0.45967741935483875,4,中利用率
P3120000039,2021-07-04 11:00:00,0.49193548387096775,4,中利用率
P3120000039,2021-07-04 12:00:00,0.5645161290322581,4,中利用率
P3120000039,2021-07-04 13:00:00,0.6021505376344086,3,中利用率
P3120000039,2021-07-04 14:00:00,0.6193548387096774,5,中利用率
P3120000039,2021-07-04 15:00:00,0.5967741935483871,2,中利用率
P3120000039,2021-07-04 16:00:00,0.5612903225806452,5,中利用率
P3120000039,2021-07-04 17:00:00,0.5806451612903226,5,中利用率
P3120000039,2021-07-05 06:00:00,0.22580645161290322,4,低利用率
P3120000039,2021-07-05 07:00:00,0.22580645161290322,4,低利用率
P3120000039,2021-07-05 08:00:00,0.25806451612903225,1,低利用率
P3120000039,2021-07-05 09:00:00,0.3790322580645161,4,中利用率
P3120000039,2021-07-05 10:00:00,0.43548387096774194,2,中利用率
P3120000039,2021-07-05 11:00:00,0.4967741935483871,5,中利用率
P3120000039,2021-07-05 12:00:00,0.44086021505376344,3,中利用率
P3120000039,2021-07-05 13:00:00,0.4731182795698925,3,中利用率
P3120000039,2021-07-05 14:00:00,0.5241935483870968,4,中利用率
P3120000039,2021-07-05 15:00:00,0.4516129032258065,3,中利用率
P3120000039,2021-07-05 16:00:00,0.4193548387096774,5,中利用率
P3120000039,2021-07-05 17:00:00,0.3467741935483871,4,中利用率
P3120000039,2021-07-05 18:00:00,0.14838709677419354,5,低利用率
P3120000039,2021-07-05 19:00:00,0.3010752688172043,3,中利用率
P3120000039,2021-07-05 20:00:00,0.3548387096774194,5,中利用率
P3120000039,2021-07-05 21:00:00,0.3548387096774194,4,中利用率
P3120000039,2021-07-05 22:00:00,0.27419354838709675,2,低利用率
P3120000039,2021-07-05 23:00:00,0.24193548387096775,2,低利用率
P3120000039,2021-07-06 00:00:00,0.1935483870967742,1,低利用率
P3120000039,2021-07-06 01:00:00,0.22580645161290322,1,低利用率
P3120000039,2021-07-06 05:00:00,0.32258064516129037,2,中利用率
P3120000039,2021-07-06 06:00:00,0.20430107526881722,3,低利用率
P3120000039,2021-07-06 07:00:00,0.2096774193548387,2,低利用率
P3120000039,2021-07-06 08:00:00,0.34838709677419355,5,中利用率
P3120000039,2021-07-06 09:00:00,0.34838709677419355,5,中利用率
P3120000039,2021-07-06 10:00:00,0.47580645161290325,4,中利用率
P3120000039,2021-07-06 11:00:00,0.3419354838709677,5,中利用率
P3120000039,2021-07-06 12:00:00,0.38709677419354843,6,中利用率
P3120000039,2021-07-06 13:00:00,0.41129032258064513,4,中利用率
P3120000039,2021-07-06 14:00:00,0.4516129032258065,3,中利用率
P3120000039,2021-07-06 15:00:00,0.4580645161290323,5,中利用率
P3120000039,2021-07-06 16:00:00,0.4709677419354839,5,中利用率
P3120000039,2021-07-06 17:00:00,0.2903225806451613,5,低利用率
P3120000039,2021-07-06 18:00:00,0.1774193548387097,4,低利用率
P3120000039,2021-07-06 19:00:00,0.3333333333333333,6,中利用率
P3120000039,2021-07-06 20:00:00,0.4516129032258065,5,中利用率
P3120000039,2021-07-06 21:00:00,0.2903225806451613,3,低利用率
P3120000039,2021-07-06 22:00:00,0.17204301075268816,3,低利用率
P3120000039,2021-07-07 05:00:00,0.25806451612903225,1,低利用率
P3120000039,2021-07-07 06:00:00,0.22580645161290322,4,低利用率
P3120000039,2021-07-07 07:00:00,0.18548387096774194,4,低利用率
P3120000039,2021-07-07 08:00:00,0.1935483870967742,4,低利用率
P3120000039,2021-07-07 09:00:00,0.2645161290322581,5,低利用率
P3120000039,2021-07-07 10:00:00,0.3602150537634408,6,中利用率
P3120000039,2021-07-07 11:00:00,0.4580645161290323,5,中利用率
P3120000039,2021-07-07 12:00:00,0.4838709677419355,5,中利用率
P3120000039,2021-07-07 13:00:00,0.5290322580645161,5,中利用率
P3120000039,2021-07-07 14:00:00,0.5376344086021505,3,中利用率
P3120000039,2021-07-07 15:00:00,0.5913978494623656,6,中利用率
P3120000039,2021-07-07 16:00:00,0.632258064516129,5,中利用率
P3120000039,2021-07-07 17:00:00,0.4193548387096774,4,中利用率
P3120000039,2021-07-07 18:00:00,0.25161290322580643,5,低利用率
P3120000039,2021-07-07 19:00:00,0.2193548387096774,5,低利用率
P3120000039,2021-07-07 20:00:00,0.27419354838709675,4,低利用率
P3120000039,2021-07-07 21:00:00,0.23225806451612901,5,低利用率
P3120000039,2021-07-07 22:00:00,0.2903225806451613,3,低利用率
P3120000039,2021-07-07 23:00:00,0.3548387096774194,1,中利用率
P3120000039,2021-07-08 00:00:00,0.27419354838709675,2,低利用率
P3120000039,2021-07-08 05:00:00,0.3225806451612903,1,中利用率
P3120000039,2021-07-08 06:00:00,0.2795698924731183,3,低利用率
P3120000039,2021-07-08 07:00:00,0.12903225806451613,1,低利用率
P3120000039,2021-07-08 08:00:00,0.19354838709677416,6,低利用率
P3120000039,2021-07-08 09:00:00,0.2661290322580645,4,低利用率
P3120000039,2021-07-08 10:00:00,0.40860215053763443,3,中利用率
P3120000039,2021-07-08 11:00:00,0.43010752688172044,3,中利用率
P3120000039,2021-07-08 12:00:00,0.33870967741935487,4,中利用率
P3120000039,2021-07-08 13:00:00,0.2661290322580645,4,低利用率
P3120000039,2021-07-08 14:00:00,0.27419354838709675,4,低利用率
P3120000039,2021-07-08 15:00:00,0.3419354838709677,5,中利用率
P3120000039,2021-07-08 16:00:00,0.38709677419354843,6,中利用率
P3120000039,2021-07-08 17:00:00,0.2903225806451613,3,低利用率
P3120000039,2021-07-08 18:00:00,0.25161290322580643,5,低利用率
P3120000039,2021-07-08 19:00:00,0.16129032258064516,4,低利用率
P3120000040,2021-06-22 14:00:00,0.40540540540540543,1,中利用率
P3120000040,2021-06-24 17:00:00,0.21621621621621623,1,低利用率
P3120000040,2021-07-02 13:00:00,0.3783783783783784,1,中利用率
P3120000040,2021-07-02 14:00:00,0.24324324324324328,6,低利用率
P3120000040,2021-07-02 15:00:00,0.2918918918918919,5,低利用率
P3120000040,2021-07-02 16:00:00,0.2567567567567568,4,低利用率
P3120000040,2021-07-02 17:00:00,0.18918918918918917,6,低利用率
P3120000040,2021-07-03 00:00:00,0.13513513513513514,1,低利用率
P3120000040,2021-07-03 06:00:00,0.11486486486486487,4,低利用率
P3120000040,2021-07-03 07:00:00,0.13963963963963966,6,低利用率
P3120000040,2021-07-03 08:00:00,0.28378378378378377,2,低利用率
P3120000040,2021-07-03 09:00:00,0.23423423423423426,3,低利用率
P3120000040,2021-07-03 10:00:00,0.2567567567567568,2,低利用率
P3120000040,2021-07-03 11:00:00,0.21621621621621623,4,低利用率
P3120000040,2021-07-03 12:00:00,0.35135135135135137,6,中利用率
P3120000040,2021-07-03 13:00:00,0.3648648648648649,4,中利用率
P3120000040,2021-07-03 14:00:00,0.36936936936936937,3,中利用率
P3120000040,2021-07-03 15:00:00,0.4486486486486487,5,中利用率
P3120000040,2021-07-03 16:00:00,0.46621621621621623,4,中利用率
P3120000040,2021-07-03 17:00:00,0.4684684684684685,3,中利用率
P3120000040,2021-07-03 18:00:00,0.5405405405405406,1,中利用率
P3120000040,2021-07-04 00:00:00,0.4864864864864865,1,中利用率
P3120000040,2021-07-04 06:00:00,0.16216216216216217,3,低利用率
P3120000040,2021-07-04 07:00:00,0.18918918918918917,6,低利用率
P3120000040,2021-07-04 08:00:00,0.28378378378378377,2,低利用率
P3120000040,2021-07-04 09:00:00,0.3333333333333333,3,中利用率
P3120000040,2021-07-04 10:00:00,0.5,4,中利用率
P3120000040,2021-07-04 11:00:00,0.5585585585585585,3,中利用率
P3120000040,2021-07-04 12:00:00,0.6702702702702703,5,中利用率
P3120000040,2021-07-04 13:00:00,0.6756756756756758,3,中利用率
P3120000040,2021-07-04 14:00:00,0.6306306306306306,6,中利用率
P3120000040,2021-07-04 15:00:00,0.6756756756756757,5,中利用率
P3120000040,2021-07-04 16:00:00,0.6576576576576577,6,中利用率
P3120000040,2021-07-04 17:00:00,0.5621621621621622,5,中利用率
P3120000040,2021-07-05 06:00:00,0.21621621621621623,5,低利用率
P3120000040,2021-07-05 07:00:00,0.1783783783783784,5,低利用率
P3120000040,2021-07-05 08:00:00,0.22522522522522523,6,低利用率
P3120000040,2021-07-05 09:00:00,0.2747747747747748,6,低利用率
P3120000040,2021-07-05 10:00:00,0.3027027027027027,5,中利用率
P3120000040,2021-07-05 11:00:00,0.23243243243243245,5,低利用率
P3120000040,2021-07-05 12:00:00,0.2918918918918919,5,低利用率
P3120000040,2021-07-05 13:00:00,0.22297297297297297,4,低利用率
P3120000040,2021-07-05 14:00:00,0.2756756756756757,5,低利用率
P3120000040,2021-07-05 15:00:00,0.23783783783783785,5,低利用率
P3120000040,2021-07-05 16:00:00,0.30405405405405406,4,中利用率
P3120000040,2021-07-05 17:00:00,0.1801801801801802,6,低利用率
P3120000040,2021-07-05 18:00:00,0.18918918918918917,6,低利用率
P3120000040,2021-07-05 19:00:00,0.3873873873873874,6,中利用率
P3120000040,2021-07-05 20:00:00,0.38513513513513514,4,中利用率
P3120000040,2021-07-05 21:00:00,0.3648648648648649,4,中利用率
P3120000040,2021-07-05 22:00:00,0.2927927927927928,6,低利用率
P3120000040,2021-07-05 23:00:00,0.17567567567567569,4,低利用率
P3120000040,2021-07-06 00:00:00,0.08108108108108109,2,低利用率
P3120000040,2021-07-06 02:00:00,0.06756756756756757,2,低利用率
P3120000040,2021-07-06 03:00:00,0.0900900900900901,3,低利用率
P3120000040,2021-07-06 05:00:00,0.17567567567567569,2,低利用率
P3120000040,2021-07-06 06:00:00,0.16216216216216217,4,低利用率
P3120000040,2021-07-06 07:00:00,0.16216216216216217,5,低利用率
P3120000040,2021-07-06 08:00:00,0.20270270270270271,6,低利用率
P3120000040,2021-07-06 09:00:00,0.3445945945945946,4,中利用率
P3120000040,2021-07-06 10:00:00,0.30630630630630634,6,中利用率
P3120000040,2021-07-06 11:00:00,0.2,5,低利用率
P3120000040,2021-07-06 12:00:00,0.22972972972972974,4,低利用率
P3120000040,2021-07-06 13:00:00,0.21621621621621623,5,低利用率
P3120000040,2021-07-06 14:00:00,0.19594594594594594,4,低利用率
P3120000040,2021-07-06 15:00:00,0.3081081081081081,5,中利用率
P3120000040,2021-07-06 16:00:00,0.45495495495495497,6,中利用率
P3120000040,2021-07-06 17:00:00,0.44324324324324327,5,中利用率
P3120000040,2021-07-06 18:00:00,0.3581081081081081,4,中利用率
P3120000040,2021-07-06 19:00:00,0.46621621621621623,4,中利用率
P3120000040,2021-07-06 20:00:00,0.3675675675675676,5,中利用率
P3120000040,2021-07-06 21:00:00,0.372972972972973,5,中利用率
P3120000040,2021-07-06 22:00:00,0.24324324324324326,4,低利用率
P3120000040,2021-07-06 23:00:00,0.13513513513513514,2,低利用率
P3120000040,2021-07-07 01:00:00,0.05405405405405406,2,低利用率
P3120000040,2021-07-07 03:00:00,0.04054054054054054,2,低利用率
P3120000040,2021-07-07 05:00:00,0.05405405405405406,1,低利用率
P3120000040,2021-07-07 06:00:00,0.058558558558558564,6,低利用率
P3120000040,2021-07-07 07:00:00,0.12612612612612614,3,低利用率
P3120000040,2021-07-07 08:00:00,0.14594594594594595,5,低利用率
P3120000040,2021-07-07 09:00:00,0.1711711711711712,6,低利用率
P3120000040,2021-07-07 10:00:00,0.24324324324324326,4,低利用率
P3120000040,2021-07-07 11:00:00,0.22162162162162163,5,低利用率
P3120000040,2021-07-07 12:00:00,0.23873873873873874,6,低利用率
P3120000040,2021-07-07 13:00:00,0.2702702702702703,4,低利用率
P3120000040,2021-07-07 14:00:00,0.28378378378378377,2,低利用率
P3120000040,2021-07-07 15:00:00,0.2756756756756757,5,低利用率
P3120000040,2021-07-07 16:00:00,0.32432432432432434,6,中利用率
P3120000040,2021-07-07 17:00:00,0.26126126126126126,3,低利用率
P3120000040,2021-07-07 18:00:00,0.22522522522522523,6,低利用率
P3120000040,2021-07-07 19:00:00,0.3873873873873874,6,中利用率
P3120000040,2021-07-07 20:00:00,0.3310810810810811,4,中利用率
P3120000040,2021-07-07 21:00:00,0.22972972972972974,2,低利用率
P3120000040,2021-07-07 22:00:00,0.17567567567567569,2,低利用率
P3120000040,2021-07-07 23:00:00,0.1711711711711712,3,低利用率
P3120000040,2021-07-08 00:00:00,0.0945945945945946,2,低利用率
P3120000040,2021-07-08 05:00:00,0.02702702702702703,1,低利用率
P3120000040,2021-07-08 06:00:00,0.043243243243243246,5,低利用率
P3120000040,2021-07-08 07:00:00,0.17567567567567569,4,低利用率
P3120000040,2021-07-08 08:00:00,0.22522522522522523,6,低利用率
P3120000040,2021-07-08 09:00:00,0.2756756756756757,5,低利用率
P3120000040,2021-07-08 10:00:00,0.35135135135135137,5,中利用率
P3120000040,2021-07-08 11:00:00,0.2810810810810811,5,低利用率
P3120000040,2021-07-08 12:00:00,0.2972972972972973,4,低利用率
P3120000040,2021-07-08 13:00:00,0.3423423423423424,3,中利用率
P3120000040,2021-07-08 14:00:00,0.3675675675675676,5,中利用率
P3120000040,2021-07-08 15:00:00,0.4594594594594595,5,中利用率
P3120000040,2021-07-08 16:00:00,0.3837837837837838,5,中利用率
P3120000040,2021-07-08 17:00:00,0.2522522522522523,6,低利用率
P3120000040,2021-07-08 18:00:00,0.2702702702702703,4,低利用率
P3120000040,2021-07-08 19:00:00,0.24324324324324326,5,低利用率
P3120000041,2021-06-22 14:00:00,0.05555555555555555,1,低利用率
P3120000041,2021-06-24 17:00:00,0.05555555555555555,1,低利用率
P3120000041,2021-07-02 14:00:00,0.16666666666666666,4,低利用率
P3120000041,2021-07-02 15:00:00,0.19444444444444442,2,低利用率
P3120000041,2021-07-02 16:00:00,0.2222222222222222,3,低利用率
P3120000041,2021-07-02 17:00:00,0.16666666666666666,2,低利用率
P3120000041,2021-07-03 00:00:00,0.2222222222222222,1,低利用率
P3120000041,2021-07-03 06:00:00,0.27777777777777773,3,低利用率
P3120000041,2021-07-03 07:00:00,0.08333333333333333,2,低利用率
P3120000041,2021-07-03 08:00:00,0.1111111111111111,1,低利用率
P3120000041,2021-07-03 09:00:00,0.1111111111111111,2,低利用率
P3120000041,2021-07-03 11:00:00,0.16666666666666666,1,低利用率
P3120000041,2021-07-03 12:00:00,0.27777777777777773,3,低利用率
P3120000041,2021-07-03 13:00:00,0.3888888888888889,1,中利用率
P3120000041,2021-07-03 14:00:00,0.4666666666666666,5,中利用率
P3120000041,2021-07-03 15:00:00,0.6388888888888888,2,中利用率
P3120000041,2021-07-03 16:00:00,0.36666666666666664,5,中利用率
P3120000041,2021-07-03 17:00:00,0.3148148148148148,3,中利用率
P3120000041,2021-07-03 18:00:00,0.5,1,中利用率
P3120000041,2021-07-04 00:00:00,0.5555555555555556,1,中利用率
P3120000041,2021-07-04 06:00:00,0.2777777777777778,2,低利用率
P3120000041,2021-07-04 07:00:00,0.1388888888888889,2,低利用率
P3120000041,2021-07-04 08:00:00,0.3194444444444444,4,中利用率
P3120000041,2021-07-04 09:00:00,0.5694444444444444,4,中利用率
P3120000041,2021-07-04 10:00:00,0.7037037037037037,3,高利用率
P3120000041,2021-07-04 11:00:00,0.7037037037037037,3,高利用率
P3120000041,2021-07-04 12:00:00,0.6666666666666666,4,中利用率
P3120000041,2021-07-04 13:00:00,0.8055555555555556,2,高利用率
P3120000041,2021-07-04 14:00:00,0.75,4,高利用率
P3120000041,2021-07-04 15:00:00,0.7222222222222222,1,高利用率
P3120000041,2021-07-04 16:00:00,0.6296296296296297,6,中利用率
P3120000041,2021-07-04 17:00:00,0.3611111111111111,2,中利用率
P3120000041,2021-07-05 07:00:00,0.037037037037037035,3,低利用率
P3120000041,2021-07-05 08:00:00,0.08333333333333333,2,低利用率
P3120000041,2021-07-05 09:00:00,0.14814814814814814,6,低利用率
P3120000041,2021-07-05 10:00:00,0.027777777777777776,2,低利用率
P3120000041,2021-07-05 11:00:00,0.1388888888888889,4,低利用率
P3120000041,2021-07-05 12:00:00,0.25,4,低利用率
P3120000041,2021-07-05 13:00:00,0.25925925925925924,3,低利用率
P3120000041,2021-07-05 14:00:00,0.3111111111111111,5,中利用率
P3120000041,2021-07-05 15:00:00,0.25,2,低利用率
P3120000041,2021-07-05 16:00:00,0.18888888888888888,5,低利用率
P3120000041,2021-07-05 17:00:00,0.125,4,低利用率
P3120000041,2021-07-05 18:00:00,0.1111111111111111,1,低利用率
P3120000041,2021-07-05 19:00:00,0.2222222222222222,4,低利用率
P3120000041,2021-07-05 20:00:00,0.3148148148148148,3,中利用率
P3120000041,2021-07-05 21:00:00,0.1851851851851852,3,低利用率
P3120000041,2021-07-05 22:00:00,0.19444444444444442,2,低利用率
P3120000041,2021-07-05 23:00:00,0.1111111111111111,1,低利用率
P3120000041,2021-07-06 01:00:00,0.16666666666666666,1,低利用率
P3120000041,2021-07-06 03:00:00,0.2222222222222222,1,低利用率
P3120000041,2021-07-06 04:00:00,0.3055555555555556,4,中利用率
P3120000041,2021-07-06 06:00:00,0.19444444444444445,2,低利用率
P3120000041,2021-07-06 07:00:00,0.1111111111111111,3,低利用率
P3120000041,2021-07-06 08:00:00,0.1388888888888889,2,低利用率
P3120000041,2021-07-06 09:00:00,0.2777777777777778,1,低利用率
P3120000041,2021-07-06 10:00:00,0.3055555555555556,2,中利用率
P3120000041,2021-07-06 11:00:00,0.4444444444444444,4,中利用率
P3120000041,2021-07-06 12:00:00,0.3333333333333333,3,中利用率
P3120000041,2021-07-06 13:00:00,0.38888888888888884,2,中利用率
P3120000041,2021-07-06 14:00:00,0.4583333333333333,4,中利用率
P3120000041,2021-07-06 15:00:00,0.3111111111111111,5,中利用率
P3120000041,2021-07-06 16:00:00,0.3111111111111111,5,中利用率
P3120000041,2021-07-06 17:00:00,0.19444444444444442,4,低利用率
P3120000041,2021-07-06 18:00:00,0.15555555555555553,5,低利用率
P3120000041,2021-07-06 19:00:00,0.3055555555555555,6,中利用率
P3120000041,2021-07-06 20:00:00,0.39814814814814814,6,中利用率
P3120000041,2021-07-06 21:00:00,0.2222222222222222,2,低利用率
P3120000041,2021-07-06 22:00:00,0.19444444444444442,2,低利用率
P3120000041,2021-07-06 23:00:00,0.1111111111111111,1,低利用率
P3120000041,2021-07-07 00:00:00,0.05555555555555555,1,低利用率
P3120000041,2021-07-07 03:00:00,0.1111111111111111,1,低利用率
P3120000041,2021-07-07 04:00:00,0.16666666666666666,1,低利用率
P3120000041,2021-07-07 05:00:00,0.28888888888888886,5,低利用率
P3120000041,2021-07-07 06:00:00,0.16666666666666666,3,低利用率
P3120000041,2021-07-07 07:00:00,0.037037037037037035,3,低利用率
P3120000041,2021-07-07 08:00:00,0.1851851851851852,3,低利用率
P3120000041,2021-07-07 09:00:00,0.16666666666666666,5,低利用率
P3120000041,2021-07-07 10:00:00,0.12962962962962962,3,低利用率
P3120000041,2021-07-07 12:00:00,0.1111111111111111,3,低利用率
P3120000041,2021-07-07 13:00:00,0.1388888888888889,2,低利用率
P3120000041,2021-07-07 14:00:00,0.28888888888888886,5,低利用率
P3120000041,2021-07-07 15:00:00,0.33333333333333337,5,中利用率
P3120000041,2021-07-07 16:00:00,0.2777777777777778,4,低利用率
P3120000041,2021-07-07 17:00:00,0.15277777777777776,4,低利用率
P3120000041,2021-07-07 18:00:00,0.3888888888888889,5,中利用率
P3120000041,2021-07-07 19:00:00,0.3703703703703704,6,中利用率
P3120000041,2021-07-07 20:00:00,0.4722222222222222,4,中利用率
P3120000041,2021-07-07 21:00:00,0.4444444444444444,4,中利用率
P3120000041,2021-07-07 22:00:00,0.3055555555555556,2,中利用率
P3120000041,2021-07-07 23:00:00,0.2222222222222222,1,低利用率
P3120000041,2021-07-08 03:00:00,0.2962962962962963,3,低利用率
P3120000041,2021-07-08 04:00:00,0.3611111111111111,2,中利用率
P3120000041,2021-07-08 05:00:00,0.2777777777777778,1,低利用率
P3120000041,2021-07-08 06:00:00,0.19444444444444442,2,低利用率
P3120000041,2021-07-08 07:00:00,0.16666666666666666,4,低利用率
P3120000041,2021-07-08 08:00:00,0.18055555555555555,4,低利用率
P3120000041,2021-07-08 09:00:00,0.1111111111111111,1,低利用率
P3120000041,2021-07-08 10:00:00,0.2222222222222222,3,低利用率
P3120000041,2021-07-08 11:00:00,0.25,4,低利用率
P3120000041,2021-07-08 12:00:00,0.2638888888888889,4,低利用率
P3120000041,2021-07-08 13:00:00,0.48148148148148145,3,中利用率
P3120000041,2021-07-08 14:00:00,0.4444444444444445,5,中利用率
P3120000041,2021-07-08 15:00:00,0.27777777777777773,6,低利用率
P3120000041,2021-07-08 16:00:00,0.27777777777777773,3,低利用率
P3120000041,2021-07-08 17:00:00,0.24074074074074073,3,低利用率
P3120000041,2021-07-08 18:00:00,0.16666666666666666,5,低利用率
P3120000041,2021-07-08 19:00:00,0.19444444444444445,2,低利用率
P3120000042,2021-06-22 14:00:00,0.34782608695652173,1,中利用率
P3120000042,2021-06-24 17:00:00,0.17391304347826086,1,低利用率
P3120000042,2021-07-02 13:00:00,0.30434782608695654,1,中利用率
P3120000042,2021-07-02 14:00:00,0.2608695652173913,4,低利用率
P3120000042,2021-07-02 15:00:00,0.19130434782608696,5,低利用率
P3120000042,2021-07-02 16:00:00,0.08695652173913043,3,低利用率
P3120000042,2021-07-02 17:00:00,0.14782608695652172,5,低利用率
P3120000042,2021-07-03 00:00:00,0.2608695652173913,1,低利用率
P3120000042,2021-07-03 06:00:00,0.17391304347826086,3,低利用率
P3120000042,2021-07-03 07:00:00,0.06086956521739131,5,低利用率
P3120000042,2021-07-03 08:00:00,0.07246376811594203,3,低利用率
P3120000042,2021-07-03 09:00:00,0.057971014492753624,3,低利用率
P3120000042,2021-07-03 11:00:00,0.2028985507246377,3,低利用率
P3120000042,2021-07-03 12:00:00,0.32173913043478264,5,中利用率
P3120000042,2021-07-03 13:00:00,0.2934782608695652,4,低利用率
P3120000042,2021-07-03 14:00:00,0.2782608695652174,5,低利用率
P3120000042,2021-07-03 15:00:00,0.2608695652173913,6,低利用率
P3120000042,2021-07-03 16:00:00,0.18840579710144925,3,低利用率
P3120000042,2021-07-03 17:00:00,0.29565217391304344,5,低利用率
P3120000042,2021-07-03 18:00:00,0.2608695652173913,1,低利用率
P3120000042,2021-07-04 00:00:00,0.30434782608695654,1,中利用率
P3120000042,2021-07-04 06:00:00,0.043478260869565216,2,低利用率
P3120000042,2021-07-04 07:00:00,0.10869565217391304,2,低利用率
P3120000042,2021-07-04 08:00:00,0.17391304347826086,2,低利用率
P3120000042,2021-07-04 09:00:00,0.13043478260869565,6,低利用率
P3120000042,2021-07-04 10:00:00,0.2347826086956522,5,低利用率
P3120000042,2021-07-04 11:00:00,0.2826086956521739,6,低利用率
P3120000042,2021-07-04 12:00:00,0.3652173913043478,5,中利用率
P3120000042,2021-07-04 13:00:00,0.3130434782608696,5,中利用率
P3120000042,2021-07-04 14:00:00,0.28260869565217395,2,低利用率
P3120000042,2021-07-04 15:00:00,0.391304347826087,5,中利用率
P3120000042,2021-07-04 16:00:00,0.34782608695652173,4,中利用率
P3120000042,2021-07-04 17:00:00,0.39855072463768115,6,中利用率
P3120000042,2021-07-05 06:00:00,0.11304347826086955,5,低利用率
P3120000042,2021-07-05 07:00:00,0.18840579710144925,3,低利用率
P3120000042,2021-07-05 08:00:00,0.2101449275362319,6,低利用率
P3120000042,2021-07-05 09:00:00,0.2028985507246377,3,低利用率
P3120000042,2021-07-05 10:00:00,0.17391304347826086,4,低利用率
P3120000042,2021-07-05 11:00:00,0.2246376811594203,6,低利用率
P3120000042,2021-07-05 12:00:00,0.2782608695652174,5,低利用率
P3120000042,2021-07-05 13:00:00,0.17391304347826086,4,低利用率
P3120000042,2021-07-05 14:00:00,0.19565217391304346,4,低利用率
P3120000042,2021-07-05 15:00:00,0.12173913043478261,5,低利用率
P3120000042,2021-07-05 16:00:00,0.11304347826086955,5,低利用率
P3120000042,2021-07-05 17:00:00,0.07608695652173914,4,低利用率
P3120000042,2021-07-05 18:00:00,0.13043478260869565,3,低利用率
P3120000042,2021-07-05 19:00:00,0.06521739130434782,4,低利用率
P3120000042,2021-07-05 20:00:00,0.13043478260869565,3,低利用率
P3120000042,2021-07-05 21:00:00,0.08695652173913043,4,低利用率
P3120000042,2021-07-05 22:00:00,0.11594202898550725,3,低利用率
P3120000042,2021-07-05 23:00:00,0.15652173913043477,5,低利用率
P3120000042,2021-07-06 00:00:00,0.043478260869565216,1,低利用率
P3120000042,2021-07-06 03:00:00,0.08695652173913043,1,低利用率
P3120000042,2021-07-06 04:00:00,0.10869565217391304,2,低利用率
P3120000042,2021-07-06 05:00:00,0.17391304347826086,4,低利用率
P3120000042,2021-07-06 06:00:00,0.13043478260869565,2,低利用率
P3120000042,2021-07-06 07:00:00,0.07608695652173914,4,低利用率
P3120000042,2021-07-06 08:00:00,0.06521739130434782,2,低利用率
P3120000042,2021-07-06 09:00:00,0.12173913043478261,5,低利用率
P3120000042,2021-07-06 10:00:00,0.2,5,低利用率
P3120000042,2021-07-06 11:00:00,0.33695652173913043,4,中利用率
P3120000042,2021-07-06 12:00:00,0.41304347826086957,4,中利用率
P3120000042,2021-07-06 13:00:00,0.4695652173913043,5,中利用率
P3120000042,2021-07-06 14:00:00,0.5217391304347826,4,中利用率
P3120000042,2021-07-06 15:00:00,0.33695652173913043,4,中利用率
P3120000042,2021-07-06 16:00:00,0.31884057971014496,3,中利用率
P3120000042,2021-07-06 17:00:00,0.2028985507246377,3,低利用率
P3120000042,2021-07-06 18:00:00,0.13043478260869565,4,低利用率
P3120000042,2021-07-06 19:00:00,0.10144927536231885,3,低利用率
P3120000042,2021-07-06 20:00:00,0.2391304347826087,2,低利用率
P3120000042,2021-07-06 21:00:00,0.2391304347826087,2,低利用率
P3120000042,2021-07-06 22:00:00,0.21739130434782608,4,低利用率
P3120000042,2021-07-06 23:00:00,0.18840579710144925,3,低利用率
P3120000042,2021-07-07 02:00:00,0.13043478260869565,1,低利用率
P3120000042,2021-07-07 04:00:00,0.15217391304347827,4,低利用率
P3120000042,2021-07-07 05:00:00,0.17391304347826086,1,低利用率
P3120000042,2021-07-07 06:00:00,0.21739130434782608,1,低利用率
P3120000042,2021-07-07 07:00:00,0.06521739130434782,2,低利用率
P3120000042,2021-07-07 08:00:00,0.18478260869565216,4,低利用率
P3120000042,2021-07-07 09:00:00,0.3652173913043478,5,中利用率
P3120000042,2021-07-07 10:00:00,0.2391304347826087,4,低利用率
P3120000042,2021-07-07 11:00:00,0.40869565217391307,5,中利用率
P3120000042,2021-07-07 12:00:00,0.4521739130434783,5,中利用率
P3120000042,2021-07-07 13:00:00,0.3695652173913044,6,中利用率
P3120000042,2021-07-07 14:00:00,0.32608695652173914,4,中利用率
P3120000042,2021-07-07 15:00:00,0.2826086956521739,6,低利用率
P3120000042,2021-07-07 16:00:00,0.2782608695652174,5,低利用率
P3120000042,2021-07-07 17:00:00,0.21739130434782608,5,低利用率
P3120000042,2021-07-07 18:00:00,0.4,5,中利用率
P3120000042,2021-07-07 19:00:00,0.4782608695652174,5,中利用率
P3120000042,2021-07-07 20:00:00,0.47826086956521735,3,中利用率
P3120000042,2021-07-07 21:00:00,0.41304347826086957,6,中利用率
P3120000042,2021-07-07 22:00:00,0.3695652173913043,2,中利用率
P3120000042,2021-07-07 23:00:00,0.2826086956521739,4,低利用率
P3120000042,2021-07-08 00:00:00,0.18840579710144925,3,低利用率
P3120000042,2021-07-08 02:00:00,0.21739130434782608,1,低利用率
P3120000042,2021-07-08 05:00:00,0.24637681159420288,3,低利用率
P3120000042,2021-07-08 06:00:00,0.19565217391304346,2,低利用率
P3120000042,2021-07-08 07:00:00,0.2608695652173913,5,低利用率
P3120000042,2021-07-08 08:00:00,0.25,4,低利用率
P3120000042,2021-07-08 09:00:00,0.18115942028985507,6,低利用率
P3120000042,2021-07-08 10:00:00,0.24637681159420288,3,低利用率
P3120000042,2021-07-08 11:00:00,0.3768115942028986,3,中利用率
P3120000042,2021-07-08 12:00:00,0.2934782608695652,4,低利用率
P3120000042,2021-07-08 13:00:00,0.2826086956521739,6,低利用率
P3120000042,2021-07-08 14:00:00,0.2347826086956522,5,低利用率
P3120000042,2021-07-08 15:00:00,0.21739130434782608,4,低利用率
P3120000042,2021-07-08 16:00:00,0.18478260869565216,4,低利用率
P3120000042,2021-07-08 17:00:00,0.21739130434782608,4,低利用率
P3120000042,2021-07-08 18:00:00,0.3913043478260869,3,中利用率
P3120000042,2021-07-08 19:00:00,0.49565217391304345,5,中利用率
P3120000043,2021-06-22 14:00:00,0.20588235294117646,1,低利用率
P3120000043,2021-06-24 17:00:00,0.20588235294117646,1,低利用率
P3120000044,2021-06-22 14:00:00,0.3333333333333333,1,中利用率
P3120000044,2021-06-24 17:00:00,0.3333333333333333,1,中利用率
P3120000045,2021-06-22 14:00:00,0.8181818181818182,1,高利用率
P3120000045,2021-06-24 17:00:00,0.5909090909090909,1,中利用率
P3120000045,2021-07-02 13:00:00,0.8636363636363636,1,高利用率
P3120000045,2021-07-02 14:00:00,0.7818181818181819,5,高利用率
P3120000045,2021-07-02 15:00:00,0.8522727272727273,4,高利用率
P3120000045,2021-07-02 16:00:00,0.7,5,高利用率
P3120000045,2021-07-02 17:00:00,0.6969696969696969,6,中利用率
P3120000045,2021-07-03 00:00:00,0.09090909090909091,1,低利用率
P3120000045,2021-07-03 06:00:00,0.022727272727272728,2,低利用率
P3120000045,2021-07-03 07:00:00,0.5340909090909091,4,中利用率
P3120000045,2021-07-03 08:00:00,0.75,2,高利用率
P3120000045,2021-07-03 09:00:00,0.8636363636363636,3,高利用率
P3120000045,2021-07-03 11:00:00,0.75,2,高利用率
P3120000045,2021-07-03 12:00:00,0.7272727272727273,5,高利用率
P3120000045,2021-07-03 13:00:00,0.7424242424242423,6,高利用率
P3120000045,2021-07-03 14:00:00,0.7575757575757577,6,高利用率
P3120000045,2021-07-03 15:00:00,0.7575757575757575,3,高利用率
P3120000045,2021-07-03 16:00:00,0.7818181818181819,5,高利用率
P3120000045,2021-07-03 17:00:00,0.7090909090909091,5,高利用率
P3120000045,2021-07-03 18:00:00,0.18181818181818182,1,低利用率
P3120000045,2021-07-04 00:00:00,0.13636363636363635,1,低利用率
P3120000045,2021-07-04 07:00:00,0.6969696969696969,3,中利用率
P3120000045,2021-07-04 08:00:00,0.6181818181818182,5,中利用率
P3120000045,2021-07-04 09:00:00,0.8636363636363636,4,高利用率
P3120000045,2021-07-04 10:00:00,0.8409090909090908,2,高利用率
P3120000045,2021-07-04 11:00:00,0.7,5,高利用率
P3120000045,2021-07-04 12:00:00,0.5757575757575758,6,中利用率
P3120000045,2021-07-04 13:00:00,0.6454545454545455,5,中利用率
P3120000045,2021-07-04 14:00:00,0.8,5,高利用率
P3120000045,2021-07-04 15:00:00,0.6454545454545454,5,中利用率
P3120000045,2021-07-04 16:00:00,0.6969696969696969,3,中利用率
P3120000045,2021-07-04 17:00:00,0.7045454545454546,4,高利用率
P3120000045,2021-07-05 06:00:00,0.2727272727272727,1,低利用率
P3120000045,2021-07-05 07:00:00,0.9318181818181819,2,高利用率
P3120000045,2021-07-05 08:00:00,0.8090909090909092,5,高利用率
P3120000045,2021-07-05 09:00:00,0.9090909090909092,4,高利用率
P3120000045,2021-07-05 10:00:00,0.9272727272727274,5,高利用率
P3120000045,2021-07-05 11:00:00,0.7613636363636364,4,高利用率
P3120000045,2021-07-05 12:00:00,0.7090909090909091,5,高利用率
P3120000045,2021-07-05 13:00:00,0.6969696969696969,6,中利用率
P3120000045,2021-07-05 14:00:00,0.7045454545454546,6,高利用率
P3120000045,2021-07-05 15:00:00,0.7159090909090909,4,高利用率
P3120000045,2021-07-05 16:00:00,0.6287878787878788,6,中利用率
P3120000045,2021-07-05 17:00:00,0.75,2,高利用率
P3120000045,2021-07-05 18:00:00,0.2878787878787879,6,低利用率
P3120000045,2021-07-05 19:00:00,0.4545454545454546,4,中利用率
P3120000045,2021-07-05 20:00:00,0.5227272727272727,4,中利用率
P3120000045,2021-07-05 21:00:00,0.5454545454545454,4,中利用率
P3120000045,2021-07-05 22:00:00,0.5,2,中利用率
P3120000045,2021-07-05 23:00:00,0.6090909090909091,5,中利用率
P3120000045,2021-07-06 00:00:00,0.7727272727272727,1,高利用率
P3120000045,2021-07-06 01:00:00,0.8181818181818182,1,高利用率
P3120000045,2021-07-06 04:00:00,0.7954545454545454,2,高利用率
P3120000045,2021-07-06 06:00:00,0.7045454545454546,2,高利用率
P3120000045,2021-07-06 07:00:00,0.8030303030303031,3,高利用率
P3120000045,2021-07-06 08:00:00,0.8939393939393939,3,高利用率
P3120000045,2021-07-06 09:00:00,0.8787878787878788,3,高利用率
P3120000045,2021-07-06 10:00:00,0.8068181818181819,4,高利用率
P3120000045,2021-07-06 11:00:00,0.7545454545454545,5,高利用率
P3120000045,2021-07-06 12:00:00,0.6590909090909091,4,中利用率
P3120000045,2021-07-06 13:00:00,0.6909090909090909,5,中利用率
P3120000045,2021-07-06 14:00:00,0.75,2,高利用率
P3120000045,2021-07-06 15:00:00,0.7386363636363636,4,高利用率
P3120000045,2021-07-06 16:00:00,0.7272727272727272,6,高利用率
P3120000045,2021-07-06 17:00:00,0.7090909090909091,5,高利用率
P3120000045,2021-07-06 18:00:00,0.7363636363636363,5,高利用率
P3120000045,2021-07-06 19:00:00,0.8863636363636364,2,高利用率
P3120000045,2021-07-06 20:00:00,0.8,5,高利用率
P3120000045,2021-07-06 21:00:00,0.7727272727272728,3,高利用率
P3120000045,2021-07-06 22:00:00,0.6515151515151515,3,中利用率
P3120000045,2021-07-06 23:00:00,0.787878787878788,3,高利用率
P3120000045,2021-07-07 06:00:00,0.7954545454545454,2,高利用率
P3120000045,2021-07-07 07:00:00,0.7954545454545454,2,高利用率
P3120000045,2021-07-07 08:00:00,0.8181818181818182,4,高利用率
P3120000045,2021-07-07 09:00:00,0.9181818181818182,5,高利用率
P3120000045,2021-07-07 10:00:00,0.8939393939393939,3,高利用率
P3120000045,2021-07-07 11:00:00,0.7272727272727273,2,高利用率
P3120000045,2021-07-07 12:00:00,0.6363636363636364,3,中利用率
P3120000045,2021-07-07 13:00:00,0.6363636363636364,4,中利用率
P3120000045,2021-07-07 14:00:00,0.7272727272727272,6,高利用率
P3120000045,2021-07-07 15:00:00,0.75,4,高利用率
P3120000045,2021-07-07 16:00:00,0.6090909090909091,5,中利用率
P3120000045,2021-07-07 17:00:00,0.5545454545454545,5,中利用率
P3120000045,2021-07-07 18:00:00,0.6136363636363636,4,中利用率
P3120000045,2021-07-07 19:00:00,0.7272727272727273,4,高利用率
P3120000045,2021-07-07 20:00:00,0.6818181818181818,3,中利用率
P3120000045,2021-07-07 21:00:00,0.6818181818181818,6,中利用率
P3120000045,2021-07-07 22:00:00,0.5681818181818181,4,中利用率
P3120000045,2021-07-07 23:00:00,0.7272727272727273,1,高利用率
P3120000045,2021-07-08 00:00:00,0.6590909090909091,2,中利用率
P3120000045,2021-07-08 01:00:00,0.6363636363636364,1,中利用率
P3120000045,2021-07-08 02:00:00,0.7045454545454546,2,高利用率
P3120000045,2021-07-08 03:00:00,0.7272727272727273,1,高利用率
P3120000045,2021-07-08 06:00:00,0.7045454545454546,2,高利用率
P3120000045,2021-07-08 07:00:00,0.7727272727272728,3,高利用率
P3120000045,2021-07-08 08:00:00,0.7386363636363636,4,高利用率
P3120000045,2021-07-08 09:00:00,0.8484848484848485,3,高利用率
P3120000045,2021-07-08 10:00:00,0.8181818181818181,5,高利用率
P3120000045,2021-07-08 11:00:00,0.6590909090909091,4,中利用率
P3120000045,2021-07-08 12:00:00,0.6136363636363636,4,中利用率
P3120000045,2021-07-08 13:00:00,0.5606060606060606,3,中利用率
P3120000045,2021-07-08 14:00:00,0.6818181818181819,4,中利用率
P3120000045,2021-07-08 15:00:00,0.8560606060606061,6,高利用率
P3120000045,2021-07-08 16:00:00,0.8272727272727274,5,高利用率
P3120000045,2021-07-08 17:00:00,0.6818181818181819,4,中利用率
P3120000045,2021-07-08 18:00:00,0.5909090909090909,5,中利用率
P3120000045,2021-07-08 19:00:00,0.6136363636363636,4,中利用率
P3120000053,2021-06-22 14:00:00,1.0,1,高利用率
P3120000053,2021-06-24 17:00:00,1.0,1,高利用率
P3120000055,2021-06-22 14:00:00,0.4482758620689655,1,中利用率
P3120000055,2021-06-24 17:00:00,0.4482758620689655,1,中利用率
P3120000061,2021-06-22 14:00:00,0.42857142857142855,1,中利用率
P3120000061,2021-06-24 17:00:00,0.14285714285714285,1,低利用率
P3120000061,2021-07-02 13:00:00,0.42857142857142855,1,中利用率
P3120000061,2021-07-02 14:00:00,0.3333333333333333,3,中利用率
P3120000061,2021-07-02 15:00:00,0.25396825396825395,3,低利用率
P3120000061,2021-07-02 16:00:00,0.2976190476190476,4,低利用率
P3120000061,2021-07-02 17:00:00,0.3968253968253968,3,中利用率
P3120000061,2021-07-03 00:00:00,0.19047619047619047,1,低利用率
P3120000061,2021-07-03 06:00:00,0.23809523809523808,1,低利用率
P3120000061,2021-07-03 07:00:00,0.38095238095238093,3,中利用率
P3120000061,2021-07-03 08:00:00,0.30952380952380953,2,中利用率
P3120000061,2021-07-03 09:00:00,0.3333333333333333,4,中利用率
P3120000061,2021-07-03 11:00:00,0.26190476190476186,2,低利用率
P3120000061,2021-07-03 12:00:00,0.30952380952380953,2,中利用率
P3120000061,2021-07-03 13:00:00,0.19047619047619047,4,低利用率
P3120000061,2021-07-03 14:00:00,0.1111111111111111,3,低利用率
P3120000061,2021-07-03 15:00:00,0.14285714285714285,4,低利用率
P3120000061,2021-07-03 16:00:00,0.16666666666666666,4,低利用率
P3120000061,2021-07-03 17:00:00,0.031746031746031744,3,低利用率
P3120000061,2021-07-04 00:00:00,0.0,1,低利用率
P3120000061,2021-07-04 06:00:00,0.19047619047619047,1,低利用率
P3120000061,2021-07-04 07:00:00,0.2857142857142857,4,低利用率
P3120000061,2021-07-04 08:00:00,0.2222222222222222,3,低利用率
P3120000061,2021-07-04 09:00:00,0.21428571428571427,4,低利用率
P3120000061,2021-07-04 10:00:00,0.2857142857142857,5,低利用率
P3120000061,2021-07-04 11:00:00,0.29365079365079366,6,低利用率
P3120000061,2021-07-04 12:00:00,0.2571428571428571,5,低利用率
P3120000061,2021-07-04 13:00:00,0.21904761904761902,5,低利用率
P3120000061,2021-07-04 14:00:00,0.23809523809523805,3,低利用率
P3120000061,2021-07-04 15:00:00,0.14285714285714285,1,低利用率
P3120000061,2021-07-04 16:00:00,0.09523809523809523,1,低利用率
P3120000061,2021-07-04 17:00:00,0.023809523809523808,2,低利用率
P3120000061,2021-07-05 06:00:00,0.12698412698412698,3,低利用率
P3120000061,2021-07-05 07:00:00,0.2857142857142857,1,低利用率
P3120000061,2021-07-05 08:00:00,0.23809523809523808,4,低利用率
P3120000061,2021-07-05 09:00:00,0.14285714285714285,1,低利用率
P3120000061,2021-07-05 10:00:00,0.13333333333333333,5,低利用率
P3120000061,2021-07-05 11:00:00,0.10714285714285714,4,低利用率
P3120000061,2021-07-05 12:00:00,0.23809523809523805,3,低利用率
P3120000061,2021-07-05 13:00:00,0.12698412698412698,3,低利用率
P3120000061,2021-07-05 14:00:00,0.14285714285714285,6,低利用率
P3120000061,2021-07-05 15:00:00,0.19047619047619047,4,低利用率
P3120000061,2021-07-05 16:00:00,0.16666666666666666,4,低利用率
P3120000061,2021-07-05 17:00:00,0.14285714285714285,4,低利用率
P3120000061,2021-07-05 18:00:00,0.2,5,低利用率
P3120000061,2021-07-05 19:00:00,0.21428571428571427,2,低利用率
P3120000061,2021-07-05 20:00:00,0.20634920634920637,3,低利用率
P3120000061,2021-07-05 21:00:00,0.3571428571428571,4,中利用率
P3120000061,2021-07-05 22:00:00,0.5317460317460317,6,中利用率
P3120000061,2021-07-05 23:00:00,0.5079365079365079,3,中利用率
P3120000061,2021-07-06 00:00:00,0.38095238095238093,1,中利用率
P3120000061,2021-07-06 01:00:00,0.4603174603174603,3,中利用率
P3120000061,2021-07-06 02:00:00,0.42857142857142855,1,中利用率
P3120000061,2021-07-06 06:00:00,0.40476190476190477,2,中利用率
P3120000061,2021-07-06 07:00:00,0.36507936507936506,3,中利用率
P3120000061,2021-07-06 08:00:00,0.16666666666666666,2,低利用率
P3120000061,2021-07-06 09:00:00,0.21428571428571427,4,低利用率
P3120000061,2021-07-06 10:00:00,0.23809523809523808,1,低利用率
P3120000061,2021-07-06 11:00:00,0.23809523809523808,5,低利用率
P3120000061,2021-07-06 12:00:00,0.40476190476190477,4,中利用率
P3120000061,2021-07-06 13:00:00,0.38095238095238093,3,中利用率
P3120000061,2021-07-06 14:00:00,0.30952380952380953,2,中利用率
P3120000061,2021-07-06 15:00:00,0.4444444444444444,3,中利用率
P3120000061,2021-07-06 16:00:00,0.34285714285714286,5,中利用率
P3120000061,2021-07-06 17:00:00,0.2976190476190476,4,低利用率
P3120000061,2021-07-06 18:00:00,0.2095238095238095,5,低利用率
P3120000061,2021-07-06 19:00:00,0.21904761904761902,5,低利用率
P3120000061,2021-07-06 20:00:00,0.3714285714285714,5,中利用率
P3120000061,2021-07-06 21:00:00,0.36507936507936506,3,中利用率
P3120000061,2021-07-06 22:00:00,0.5476190476190477,4,中利用率
P3120000061,2021-07-06 23:00:00,0.6349206349206349,3,中利用率
P3120000061,2021-07-07 00:00:00,0.6666666666666666,1,中利用率
P3120000061,2021-07-07 01:00:00,0.6349206349206349,3,中利用率
P3120000061,2021-07-07 04:00:00,0.6190476190476191,2,中利用率
P3120000061,2021-07-07 06:00:00,0.5,4,中利用率
P3120000061,2021-07-07 07:00:00,0.25,4,低利用率
P3120000061,2021-07-07 08:00:00,0.14285714285714285,1,低利用率
P3120000061,2021-07-07 09:00:00,0.21428571428571427,2,低利用率
P3120000061,2021-07-07 10:00:00,0.2857142857142857,3,低利用率
P3120000061,2021-07-07 11:00:00,0.30476190476190473,5,中利用率
P3120000061,2021-07-07 12:00:00,0.3238095238095238,5,中利用率
P3120000061,2021-07-07 13:00:00,0.38095238095238093,2,中利用率
P3120000061,2021-07-07 14:00:00,0.5,2,中利用率
P3120000061,2021-07-07 15:00:00,0.5476190476190477,4,中利用率
P3120000061,2021-07-07 16:00:00,0.30952380952380953,2,中利用率
P3120000061,2021-07-07 17:00:00,0.2857142857142857,2,低利用率
P3120000061,2021-07-07 18:00:00,0.30158730158730157,6,中利用率
P3120000061,2021-07-07 19:00:00,0.2698412698412698,3,低利用率
P3120000061,2021-07-07 20:00:00,0.3571428571428571,2,中利用率
P3120000061,2021-07-07 21:00:00,0.2976190476190476,4,低利用率
P3120000061,2021-07-07 22:00:00,0.3333333333333333,3,中利用率
P3120000061,2021-07-07 23:00:00,0.40476190476190477,2,中利用率
P3120000061,2021-07-08 00:00:00,0.4603174603174603,3,中利用率
P3120000061,2021-07-08 05:00:00,0.5,2,中利用率
P3120000061,2021-07-08 06:00:00,0.45238095238095233,2,中利用率
P3120000061,2021-07-08 07:00:00,0.36507936507936506,3,中利用率
P3120000061,2021-07-08 08:00:00,0.3333333333333333,1,中利用率
P3120000061,2021-07-08 09:00:00,0.2698412698412698,3,低利用率
P3120000061,2021-07-08 10:00:00,0.30952380952380953,2,中利用率
P3120000061,2021-07-08 11:00:00,0.19047619047619047,3,低利用率
P3120000061,2021-07-08 12:00:00,0.2698412698412698,3,低利用率
P3120000061,2021-07-08 13:00:00,0.34523809523809523,4,中利用率
P3120000061,2021-07-08 14:00:00,0.42857142857142855,4,中利用率
P3120000061,2021-07-08 15:00:00,0.2761904761904762,5,低利用率
P3120000061,2021-07-08 16:00:00,0.23809523809523808,4,低利用率
P3120000061,2021-07-08 17:00:00,0.19047619047619047,3,低利用率
P3120000061,2021-07-08 18:00:00,0.23809523809523808,4,低利用率
P3120000061,2021-07-08 19:00:00,0.19047619047619047,4,低利用率
P3120000062,2021-06-22 14:00:00,0.25,1,低利用率
P3120000062,2021-06-24 17:00:00,0.5,1,中利用率
P3120000062,2021-07-02 14:00:00,0.53125,2,中利用率
P3120000062,2021-07-02 15:00:00,0.4583333333333333,3,中利用率
P3120000062,2021-07-02 16:00:00,0.5,1,中利用率
P3120000062,2021-07-02 17:00:00,0.59375,2,中利用率
P3120000062,2021-07-03 06:00:00,0.5625,1,中利用率
P3120000062,2021-07-03 07:00:00,0.59375,2,中利用率
P3120000062,2021-07-03 08:00:00,0.59375,2,中利用率
P3120000062,2021-07-03 09:00:00,0.5,1,中利用率
P3120000062,2021-07-03 11:00:00,0.46875,2,中利用率
P3120000062,2021-07-03 12:00:00,0.34375,2,中利用率
P3120000062,2021-07-03 13:00:00,0.40625,2,中利用率
P3120000062,2021-07-03 14:00:00,0.40625,4,中利用率
P3120000062,2021-07-03 15:00:00,0.5625,4,中利用率
P3120000062,2021-07-03 16:00:00,0.425,5,中利用率
P3120000062,2021-07-03 17:00:00,0.375,3,中利用率
P3120000062,2021-07-03 18:00:00,0.125,1,低利用率
P3120000062,2021-07-04 00:00:00,0.1875,1,低利用率
P3120000062,2021-07-04 06:00:00,0.21875,2,低利用率
P3120000062,2021-07-04 07:00:00,0.5625,3,中利用率
P3120000062,2021-07-04 08:00:00,0.53125,2,中利用率
P3120000062,2021-07-04 09:00:00,0.5625,4,中利用率
P3120000062,2021-07-04 10:00:00,0.5520833333333334,6,中利用率
P3120000062,2021-07-04 11:00:00,0.5,5,中利用率
P3120000062,2021-07-04 12:00:00,0.40625,4,中利用率
P3120000062,2021-07-04 13:00:00,0.5,1,中利用率
P3120000062,2021-07-04 14:00:00,0.609375,4,中利用率
P3120000062,2021-07-04 15:00:00,0.40625,2,中利用率
P3120000062,2021-07-04 16:00:00,0.34375,4,中利用率
P3120000062,2021-07-04 17:00:00,0.40625,2,中利用率
P3120000062,2021-07-05 06:00:00,0.375,1,中利用率
P3120000062,2021-07-05 07:00:00,0.59375,2,中利用率
P3120000062,2021-07-05 08:00:00,0.53125,2,中利用率
P3120000062,2021-07-05 09:00:00,0.46875,2,中利用率
P3120000062,2021-07-05 10:00:00,0.359375,4,中利用率
P3120000062,2021-07-05 11:00:00,0.25,1,低利用率
P3120000062,2021-07-05 12:00:00,0.265625,4,低利用率
P3120000062,2021-07-05 13:00:00,0.21875,2,低利用率
P3120000062,2021-07-05 14:00:00,0.275,5,低利用率
P3120000062,2021-07-05 15:00:00,0.265625,4,低利用率
P3120000062,2021-07-05 16:00:00,0.15625,4,低利用率
P3120000062,2021-07-05 17:00:00,0.171875,4,低利用率
P3120000062,2021-07-05 18:00:00,0.3625,5,中利用率
P3120000062,2021-07-05 19:00:00,0.65,5,中利用率
P3120000062,2021-07-05 20:00:00,0.6875,5,中利用率
P3120000062,2021-07-05 21:00:00,0.625,3,中利用率
P3120000062,2021-07-05 22:00:00,0.71875,2,高利用率
P3120000062,2021-07-05 23:00:00,0.5,3,中利用率
P3120000062,2021-07-06 00:00:00,0.5,1,中利用率
P3120000062,2021-07-06 04:00:00,0.53125,2,中利用率
P3120000062,2021-07-06 06:00:00,0.5,2,中利用率
P3120000062,2021-07-06 07:00:00,0.5,1,中利用率
P3120000062,2021-07-06 08:00:00,0.59375,2,中利用率
P3120000062,2021-07-06 09:00:00,0.4375,1,中利用率
P3120000062,2021-07-06 10:00:00,0.40625,4,中利用率
P3120000062,2021-07-06 11:00:00,0.375,3,中利用率
P3120000062,2021-07-06 12:00:00,0.34375,4,中利用率
P3120000062,2021-07-06 13:00:00,0.2708333333333333,3,低利用率
P3120000062,2021-07-06 14:00:00,0.328125,4,中利用率
P3120000062,2021-07-06 15:00:00,0.1875,4,低利用率
P3120000062,2021-07-06 16:00:00,0.2625,5,低利用率
P3120000062,2021-07-06 17:00:00,0.46875,2,中利用率
P3120000062,2021-07-06 18:00:00,0.5,2,中利用率
P3120000062,2021-07-06 19:00:00,0.375,4,中利用率
P3120000062,2021-07-06 20:00:00,0.40625,2,中利用率
P3120000062,2021-07-06 21:00:00,0.5625,2,中利用率
P3120000062,2021-07-06 22:00:00,0.59375,4,中利用率
P3120000062,2021-07-06 23:00:00,0.4375,3,中利用率
P3120000062,2021-07-07 00:00:00,0.53125,2,中利用率
P3120000062,2021-07-07 02:00:00,0.5625,1,中利用率
P3120000062,2021-07-07 05:00:00,0.5,1,中利用率
P3120000062,2021-07-07 06:00:00,0.4375,1,中利用率
P3120000062,2021-07-07 07:00:00,0.53125,2,中利用率
P3120000062,2021-07-07 08:00:00,0.3958333333333333,3,中利用率
P3120000062,2021-07-07 09:00:00,0.3958333333333333,3,中利用率
P3120000062,2021-07-07 10:00:00,0.3125,4,中利用率
P3120000062,2021-07-07 11:00:00,0.40625,2,中利用率
P3120000062,2021-07-07 12:00:00,0.4375,3,中利用率
P3120000062,2021-07-07 13:00:00,0.4375,5,中利用率
P3120000062,2021-07-07 14:00:00,0.4166666666666667,6,中利用率
P3120000062,2021-07-07 15:00:00,0.5625,1,中利用率
P3120000062,2021-07-07 16:00:00,0.40625,4,中利用率
P3120000062,2021-07-07 17:00:00,0.34375,4,中利用率
P3120000062,2021-07-07 18:00:00,0.6458333333333334,3,中利用率
P3120000062,2021-07-07 19:00:00,0.4375,5,中利用率
P3120000062,2021-07-07 20:00:00,0.5208333333333334,3,中利用率
P3120000062,2021-07-07 21:00:00,0.6875,4,中利用率
P3120000062,2021-07-07 22:00:00,0.575,5,中利用率
P3120000062,2021-07-07 23:00:00,0.75,3,高利用率
P3120000062,2021-07-08 02:00:00,0.8125,1,高利用率
P3120000062,2021-07-08 06:00:00,0.75,1,高利用率
P3120000062,2021-07-08 07:00:00,0.8875,5,高利用率
P3120000062,2021-07-08 08:00:00,0.65625,4,中利用率
P3120000062,2021-07-08 10:00:00,0.5625,3,中利用率
P3120000062,2021-07-08 11:00:00,0.5,3,中利用率
P3120000062,2021-07-08 12:00:00,0.46875,2,中利用率
P3120000062,2021-07-08 13:00:00,0.4791666666666667,3,中利用率
P3120000062,2021-07-08 14:00:00,0.46875,4,中利用率
P3120000062,2021-07-08 15:00:00,0.5416666666666666,3,中利用率
P3120000062,2021-07-08 16:00:00,0.40625,2,中利用率
P3120000062,2021-07-08 17:00:00,0.3958333333333333,3,中利用率
P3120000062,2021-07-08 18:00:00,0.3125,4,中利用率
P3120000062,2021-07-08 19:00:00,0.34375,2,中利用率
P3120000064,2021-06-22 14:00:00,0.46153846153846156,1,中利用率
P3120000064,2021-06-24 17:00:00,0.5,1,中利用率
P3120000064,2021-07-02 14:00:00,0.4230769230769231,4,中利用率
P3120000064,2021-07-02 15:00:00,0.4807692307692308,2,中利用率
P3120000064,2021-07-02 16:00:00,0.48461538461538456,5,中利用率
P3120000064,2021-07-02 17:00:00,0.44871794871794873,6,中利用率
P3120000064,2021-07-03 00:00:00,0.038461538461538464,1,低利用率
P3120000064,2021-07-03 07:00:00,0.24615384615384617,5,低利用率
P3120000064,2021-07-03 08:00:00,0.28846153846153844,2,低利用率
P3120000064,2021-07-03 09:00:00,0.3076923076923077,1,中利用率
P3120000064,2021-07-03 10:00:00,0.2692307692307692,1,低利用率
P3120000064,2021-07-03 11:00:00,0.3076923076923077,2,中利用率
P3120000064,2021-07-03 12:00:00,0.3653846153846154,6,中利用率
P3120000064,2021-07-03 13:00:00,0.4358974358974359,6,中利用率
P3120000064,2021-07-03 14:00:00,0.40384615384615385,4,中利用率
P3120000064,2021-07-03 15:00:00,0.5076923076923077,5,中利用率
P3120000064,2021-07-03 16:00:00,0.5128205128205128,6,中利用率
P3120000064,2021-07-03 17:00:00,0.6153846153846154,3,中利用率
P3120000064,2021-07-03 18:00:00,0.46153846153846156,1,中利用率
P3120000064,2021-07-04 07:00:00,0.4230769230769231,4,中利用率
P3120000064,2021-07-04 08:00:00,0.4615384615384615,3,中利用率
P3120000064,2021-07-04 09:00:00,0.5192307692307692,2,中利用率
P3120000064,2021-07-04 10:00:00,0.4519230769230769,4,中利用率
P3120000064,2021-07-04 11:00:00,0.4230769230769231,4,中利用率
P3120000064,2021-07-04 12:00:00,0.5153846153846153,5,中利用率
P3120000064,2021-07-04 13:00:00,0.5307692307692308,5,中利用率
P3120000064,2021-07-04 14:00:00,0.5,3,中利用率
P3120000064,2021-07-04 15:00:00,0.5192307692307692,4,中利用率
P3120000064,2021-07-04 16:00:00,0.48461538461538456,5,中利用率
P3120000064,2021-07-04 17:00:00,0.4743589743589744,3,中利用率
P3120000064,2021-07-05 06:00:00,0.3269230769230769,2,中利用率
P3120000064,2021-07-05 07:00:00,0.5,2,中利用率
P3120000064,2021-07-05 08:00:00,0.5384615384615384,1,中利用率
P3120000064,2021-07-05 09:00:00,0.49230769230769234,5,中利用率
P3120000064,2021-07-05 10:00:00,0.4743589743589744,3,中利用率
P3120000064,2021-07-05 11:00:00,0.5384615384615385,5,中利用率
P3120000064,2021-07-05 12:00:00,0.6153846153846154,6,中利用率
P3120000064,2021-07-05 13:00:00,0.4134615384615385,4,中利用率
P3120000064,2021-07-05 14:00:00,0.26153846153846155,5,低利用率
P3120000064,2021-07-05 15:00:00,0.3269230769230769,4,中利用率
P3120000064,2021-07-05 16:00:00,0.3173076923076923,4,中利用率
P3120000064,2021-07-05 17:00:00,0.38461538461538464,4,中利用率
P3120000064,2021-07-05 18:00:00,0.4807692307692308,4,中利用率
P3120000064,2021-07-05 19:00:00,0.5307692307692308,5,中利用率
P3120000064,2021-07-05 20:00:00,0.5673076923076923,4,中利用率
P3120000064,2021-07-05 21:00:00,0.6230769230769231,5,中利用率
P3120000064,2021-07-05 22:00:00,0.5538461538461539,5,中利用率
P3120000064,2021-07-05 23:00:00,0.5769230769230769,1,中利用率
P3120000064,2021-07-06 01:00:00,0.6153846153846154,1,中利用率
P3120000064,2021-07-06 04:00:00,0.6538461538461539,1,中利用率
P3120000064,2021-07-06 05:00:00,0.6153846153846154,1,中利用率
P3120000064,2021-07-06 06:00:00,0.5576923076923077,2,中利用率
P3120000064,2021-07-06 07:00:00,0.38461538461538464,4,中利用率
P3120000064,2021-07-06 08:00:00,0.3538461538461538,5,中利用率
P3120000064,2021-07-06 09:00:00,0.28846153846153844,4,低利用率
P3120000064,2021-07-06 10:00:00,0.3269230769230769,4,中利用率
P3120000064,2021-07-06 11:00:00,0.3717948717948718,3,中利用率
P3120000064,2021-07-06 12:00:00,0.4230769230769231,4,中利用率
P3120000064,2021-07-06 13:00:00,0.48717948717948717,3,中利用率
P3120000064,2021-07-06 14:00:00,0.40384615384615385,4,中利用率
P3120000064,2021-07-06 15:00:00,0.3653846153846154,6,中利用率
P3120000064,2021-07-06 16:00:00,0.3846153846153846,2,中利用率
P3120000064,2021-07-06 17:00:00,0.4423076923076923,6,中利用率
P3120000064,2021-07-06 18:00:00,0.5461538461538462,5,中利用率
P3120000064,2021-07-06 19:00:00,0.5961538461538461,4,中利用率
P3120000064,2021-07-06 20:00:00,0.5256410256410257,3,中利用率
P3120000064,2021-07-06 21:00:00,0.5384615384615384,3,中利用率
P3120000064,2021-07-06 22:00:00,0.576923076923077,3,中利用率
P3120000064,2021-07-06 23:00:00,0.5865384615384616,4,中利用率
P3120000064,2021-07-07 00:00:00,0.5128205128205128,3,中利用率
P3120000064,2021-07-07 01:00:00,0.5384615384615384,1,中利用率
P3120000064,2021-07-07 02:00:00,0.5384615384615384,3,中利用率
P3120000064,2021-07-07 03:00:00,0.6153846153846154,1,中利用率
P3120000064,2021-07-07 05:00:00,0.5769230769230769,1,中利用率
P3120000064,2021-07-07 06:00:00,0.5384615384615384,1,中利用率
P3120000064,2021-07-07 07:00:00,0.5256410256410257,3,中利用率
P3120000064,2021-07-07 08:00:00,0.3269230769230769,6,中利用率
P3120000064,2021-07-07 09:00:00,0.27884615384615385,4,低利用率
P3120000064,2021-07-07 10:00:00,0.3557692307692308,4,中利用率
P3120000064,2021-07-07 11:00:00,0.32051282051282054,6,中利用率
P3120000064,2021-07-07 12:00:00,0.4615384615384615,3,中利用率
P3120000064,2021-07-07 13:00:00,0.4153846153846154,5,中利用率
P3120000064,2021-07-07 14:00:00,0.4230769230769231,5,中利用率
P3120000064,2021-07-07 15:00:00,0.43076923076923074,5,中利用率
P3120000064,2021-07-07 16:00:00,0.45384615384615384,5,中利用率
P3120000064,2021-07-07 17:00:00,0.4519230769230769,4,中利用率
P3120000064,2021-07-07 18:00:00,0.49230769230769234,5,中利用率
P3120000064,2021-07-07 19:00:00,0.6,5,中利用率
P3120000064,2021-07-07 20:00:00,0.7596153846153846,4,高利用率
P3120000064,2021-07-07 21:00:00,0.6923076923076923,4,中利用率
P3120000064,2021-07-07 23:00:00,0.7051282051282052,3,高利用率
P3120000064,2021-07-08 00:00:00,0.6538461538461539,1,中利用率
P3120000064,2021-07-08 01:00:00,0.7307692307692308,2,高利用率
P3120000064,2021-07-08 02:00:00,0.6923076923076922,3,中利用率
P3120000064,2021-07-08 03:00:00,0.6282051282051282,3,中利用率
P3120000064,2021-07-08 06:00:00,0.6025641025641025,3,中利用率
P3120000064,2021-07-08 07:00:00,0.4358974358974359,3,中利用率
P3120000064,2021-07-08 08:00:00,0.3461538461538462,3,中利用率
P3120000064,2021-07-08 09:00:00,0.26282051282051283,6,低利用率
P3120000064,2021-07-08 10:00:00,0.3461538461538462,3,中利用率
P3120000064,2021-07-08 11:00:00,0.4935897435897436,6,中利用率
P3120000064,2021-07-08 12:00:00,0.48717948717948717,6,中利用率
P3120000064,2021-07-08 13:00:00,0.5256410256410257,3,中利用率
P3120000064,2021-07-08 14:00:00,0.44230769230769235,4,中利用率
P3120000064,2021-07-08 15:00:00,0.4076923076923077,5,中利用率
P3120000064,2021-07-08 16:00:00,0.4230769230769231,4,中利用率
P3120000064,2021-07-08 17:00:00,0.34615384615384615,5,中利用率
P3120000064,2021-07-08 18:00:00,0.4326923076923077,4,中利用率
P3120000064,2021-07-08 19:00:00,0.4326923076923077,4,中利用率
P3120000065,2021-06-22 14:00:00,0.8181818181818182,1,高利用率
P3120000065,2021-06-24 17:00:00,0.5454545454545454,1,中利用率
P3120000065,2021-07-02 13:00:00,0.45454545454545453,1,中利用率
P3120000065,2021-07-02 14:00:00,0.3181818181818182,4,中利用率
P3120000065,2021-07-02 15:00:00,0.5454545454545454,4,中利用率
P3120000065,2021-07-02 16:00:00,0.30303030303030304,3,中利用率
P3120000065,2021-07-02 17:00:00,0.24242424242424243,6,低利用率
P3120000065,2021-07-03 07:00:00,0.3181818181818182,2,中利用率
P3120000065,2021-07-03 08:00:00,0.2727272727272727,3,低利用率
P3120000065,2021-07-03 09:00:00,0.3181818181818182,2,中利用率
P3120000065,2021-07-03 11:00:00,0.0909090909090909,3,低利用率
P3120000065,2021-07-03 12:00:00,0.13636363636363635,2,低利用率
P3120000065,2021-07-03 13:00:00,0.36363636363636365,5,中利用率
P3120000065,2021-07-03 14:00:00,0.45454545454545453,3,中利用率
P3120000065,2021-07-03 15:00:00,0.3181818181818182,2,中利用率
P3120000065,2021-07-03 16:00:00,0.40909090909090906,2,中利用率
P3120000065,2021-07-03 17:00:00,0.22727272727272727,4,低利用率
P3120000065,2021-07-03 18:00:00,0.0,1,低利用率
P3120000065,2021-07-04 00:00:00,0.09090909090909091,1,低利用率
P3120000065,2021-07-04 06:00:00,0.0909090909090909,3,低利用率
P3120000065,2021-07-04 07:00:00,0.09090909090909091,1,低利用率
P3120000065,2021-07-04 09:00:00,0.0,1,低利用率
P3120000065,2021-07-04 10:00:00,0.13636363636363635,2,低利用率
P3120000065,2021-07-04 11:00:00,0.13636363636363635,2,低利用率
P3120000065,2021-07-04 12:00:00,0.1818181818181818,3,低利用率
P3120000065,2021-07-04 13:00:00,0.22727272727272727,4,低利用率
P3120000065,2021-07-04 14:00:00,0.6363636363636364,1,中利用率
P3120000065,2021-07-04 15:00:00,0.5,6,中利用率
P3120000065,2021-07-04 16:00:00,0.6969696969696969,3,中利用率
P3120000065,2021-07-04 17:00:00,0.36363636363636365,2,中利用率
P3120000065,2021-07-05 06:00:00,0.0,1,低利用率
P3120000065,2021-07-05 07:00:00,0.13636363636363635,2,低利用率
P3120000065,2021-07-05 08:00:00,0.2727272727272727,2,低利用率
P3120000065,2021-07-05 09:00:00,0.3181818181818182,4,中利用率
P3120000065,2021-07-05 10:00:00,0.34848484848484845,6,中利用率
P3120000065,2021-07-05 11:00:00,0.4696969696969697,6,中利用率
P3120000065,2021-07-05 12:00:00,0.45454545454545453,1,中利用率
P3120000065,2021-07-05 13:00:00,0.5909090909090908,4,中利用率
P3120000065,2021-07-05 14:00:00,0.6818181818181819,2,中利用率
P3120000065,2021-07-05 15:00:00,0.5757575757575758,6,中利用率
P3120000065,2021-07-05 16:00:00,0.2727272727272727,4,低利用率
P3120000065,2021-07-05 17:00:00,0.0909090909090909,3,低利用率
P3120000065,2021-07-05 18:00:00,0.13636363636363635,4,低利用率
P3120000065,2021-07-05 19:00:00,0.24242424242424243,3,低利用率
P3120000065,2021-07-05 20:00:00,0.5681818181818181,4,中利用率
P3120000065,2021-07-05 21:00:00,0.5454545454545454,4,中利用率
P3120000065,2021-07-05 22:00:00,0.6818181818181819,2,中利用率
P3120000065,2021-07-05 23:00:00,0.6363636363636364,1,中利用率
P3120000065,2021-07-06 00:00:00,0.6363636363636364,3,中利用率
P3120000065,2021-07-06 01:00:00,0.5454545454545454,3,中利用率
P3120000065,2021-07-06 02:00:00,0.5909090909090908,2,中利用率
P3120000065,2021-07-06 03:00:00,0.45454545454545453,1,中利用率
P3120000065,2021-07-06 06:00:00,0.36363636363636365,1,中利用率
P3120000065,2021-07-06 07:00:00,0.18181818181818182,1,低利用率
P3120000065,2021-07-06 08:00:00,0.13636363636363635,2,低利用率
P3120000065,2021-07-06 09:00:00,0.22727272727272727,4,低利用率
P3120000065,2021-07-06 10:00:00,0.18181818181818182,4,低利用率
P3120000065,2021-07-06 11:00:00,0.3181818181818182,2,中利用率
P3120000065,2021-07-06 12:00:00,0.3181818181818182,2,中利用率
P3120000065,2021-07-06 13:00:00,0.4318181818181818,4,中利用率
P3120000065,2021-07-06 14:00:00,0.6363636363636364,3,中利用率
P3120000065,2021-07-06 15:00:00,0.4,5,中利用率
P3120000065,2021-07-06 16:00:00,0.6181818181818182,5,中利用率
P3120000065,2021-07-06 17:00:00,0.5454545454545454,4,中利用率
P3120000065,2021-07-06 18:00:00,0.34545454545454546,5,中利用率
P3120000065,2021-07-06 19:00:00,0.13636363636363635,2,低利用率
P3120000065,2021-07-06 20:00:00,0.5272727272727272,5,中利用率
P3120000065,2021-07-06 21:00:00,0.6666666666666666,3,中利用率
P3120000065,2021-07-06 22:00:00,0.6818181818181819,2,中利用率
P3120000065,2021-07-06 23:00:00,0.6818181818181819,2,中利用率
P3120000065,2021-07-07 00:00:00,0.6818181818181819,2,中利用率
P3120000065,2021-07-07 01:00:00,0.5909090909090908,2,中利用率
P3120000065,2021-07-07 02:00:00,0.5454545454545454,1,中利用率
P3120000065,2021-07-07 06:00:00,0.40909090909090906,2,中利用率
P3120000065,2021-07-07 07:00:00,0.21212121212121213,3,低利用率
P3120000065,2021-07-07 08:00:00,0.3181818181818182,4,中利用率
P3120000065,2021-07-07 09:00:00,0.40909090909090906,4,中利用率
P3120000065,2021-07-07 10:00:00,0.4545454545454546,3,中利用率
P3120000065,2021-07-07 11:00:00,0.3181818181818182,4,中利用率
P3120000065,2021-07-07 12:00:00,0.06060606060606061,3,低利用率
P3120000065,2021-07-07 13:00:00,0.41818181818181815,5,中利用率
P3120000065,2021-07-07 14:00:00,0.6060606060606061,3,中利用率
P3120000065,2021-07-07 15:00:00,0.5454545454545454,3,中利用率
P3120000065,2021-07-07 16:00:00,0.45454545454545453,2,中利用率
P3120000065,2021-07-07 17:00:00,0.48484848484848486,3,中利用率
P3120000065,2021-07-07 18:00:00,0.47727272727272724,4,中利用率
P3120000065,2021-07-07 19:00:00,0.393939393939394,3,中利用率
P3120000065,2021-07-07 20:00:00,0.5909090909090908,2,中利用率
P3120000065,2021-07-07 21:00:00,0.5909090909090908,2,中利用率
P3120000065,2021-07-07 22:00:00,0.45454545454545453,3,中利用率
P3120000065,2021-07-08 00:00:00,0.48484848484848486,3,中利用率
P3120000065,2021-07-08 01:00:00,0.6909090909090909,5,中利用率
P3120000065,2021-07-08 02:00:00,0.5454545454545454,1,中利用率
P3120000065,2021-07-08 03:00:00,0.45454545454545453,1,中利用率
P3120000065,2021-07-08 07:00:00,0.22727272727272727,4,低利用率
P3120000065,2021-07-08 08:00:00,0.2727272727272727,4,低利用率
P3120000065,2021-07-08 09:00:00,0.3181818181818182,4,中利用率
P3120000065,2021-07-08 10:00:00,0.393939393939394,3,中利用率
P3120000065,2021-07-08 11:00:00,0.3090909090909091,5,中利用率
P3120000065,2021-07-08 12:00:00,0.18181818181818182,4,低利用率
P3120000065,2021-07-08 13:00:00,0.2727272727272727,3,低利用率
P3120000065,2021-07-08 14:00:00,0.39393939393939387,3,中利用率
P3120000065,2021-07-08 15:00:00,0.42424242424242425,6,中利用率
P3120000065,2021-07-08 16:00:00,0.38181818181818183,5,中利用率
P3120000065,2021-07-08 17:00:00,0.2909090909090909,5,低利用率
P3120000065,2021-07-08 18:00:00,0.2727272727272727,1,低利用率
P3120000065,2021-07-08 19:00:00,0.14545454545454545,5,低利用率
P3120000068,2021-06-22 14:00:00,0.8695652173913043,1,高利用率
P3120000068,2021-06-24 17:00:00,0.4782608695652174,1,中利用率
P3120000068,2021-07-02 14:00:00,0.7826086956521738,4,高利用率
P3120000068,2021-07-02 15:00:00,0.6956521739130435,4,中利用率
P3120000068,2021-07-02 16:00:00,0.5652173913043478,4,中利用率
P3120000068,2021-07-02 17:00:00,0.45652173913043476,6,中利用率
P3120000068,2021-07-03 00:00:00,0.21739130434782608,1,低利用率
P3120000068,2021-07-03 08:00:00,0.28260869565217395,2,低利用率
P3120000068,2021-07-03 09:00:00,0.5869565217391304,2,中利用率
P3120000068,2021-07-03 11:00:00,0.6811594202898551,3,中利用率
P3120000068,2021-07-03 12:00:00,0.6376811594202899,6,中利用率
P3120000068,2021-07-03 13:00:00,0.6260869565217391,5,中利用率
P3120000068,2021-07-03 14:00:00,0.753623188405797,6,高利用率
P3120000068,2021-07-03 15:00:00,0.6231884057971014,3,中利用率
P3120000068,2021-07-03 16:00:00,0.5072463768115942,6,中利用率
P3120000068,2021-07-03 17:00:00,0.34782608695652173,5,中利用率
P3120000068,2021-07-03 18:00:00,0.2608695652173913,1,低利用率
P3120000068,2021-07-04 07:00:00,0.2898550724637681,3,低利用率
P3120000068,2021-07-04 08:00:00,0.3333333333333333,3,中利用率
P3120000068,2021-07-04 09:00:00,0.42391304347826086,4,中利用率
P3120000068,2021-07-04 10:00:00,0.43478260869565216,4,中利用率
P3120000068,2021-07-04 11:00:00,0.6521739130434783,3,中利用率
P3120000068,2021-07-04 12:00:00,0.6231884057971014,3,中利用率
P3120000068,2021-07-04 13:00:00,0.5797101449275363,3,中利用率
P3120000068,2021-07-04 14:00:00,0.5942028985507246,6,中利用率
P3120000068,2021-07-04 15:00:00,0.5869565217391304,4,中利用率
P3120000068,2021-07-04 16:00:00,0.49275362318840576,3,中利用率
P3120000068,2021-07-04 17:00:00,0.3826086956521739,5,中利用率
P3120000068,2021-07-05 06:00:00,0.19565217391304346,2,低利用率
P3120000068,2021-07-05 07:00:00,0.24637681159420288,3,低利用率
P3120000068,2021-07-05 08:00:00,0.34782608695652173,2,中利用率
P3120000068,2021-07-05 09:00:00,0.5579710144927535,6,中利用率
P3120000068,2021-07-05 10:00:00,0.5507246376811594,6,中利用率
P3120000068,2021-07-05 11:00:00,0.3586956521739131,4,中利用率
P3120000068,2021-07-05 12:00:00,0.41304347826086957,4,中利用率
P3120000068,2021-07-05 13:00:00,0.5978260869565217,4,中利用率
P3120000068,2021-07-05 14:00:00,0.7826086956521738,3,高利用率
P3120000068,2021-07-05 15:00:00,0.7043478260869566,5,高利用率
P3120000068,2021-07-05 16:00:00,0.6304347826086957,4,中利用率
P3120000068,2021-07-05 17:00:00,0.3826086956521739,5,中利用率
P3120000068,2021-07-05 18:00:00,0.25217391304347825,5,低利用率
P3120000068,2021-07-05 19:00:00,0.21739130434782608,1,低利用率
P3120000068,2021-07-05 20:00:00,0.2536231884057971,6,低利用率
P3120000068,2021-07-05 21:00:00,0.2608695652173913,1,低利用率
P3120000068,2021-07-05 22:00:00,0.2391304347826087,4,低利用率
P3120000068,2021-07-05 23:00:00,0.13043478260869565,1,低利用率
P3120000068,2021-07-06 00:00:00,0.17391304347826086,1,低利用率
P3120000068,2021-07-06 01:00:00,0.17391304347826086,3,低利用率
P3120000068,2021-07-06 02:00:00,0.15217391304347827,2,低利用率
P3120000068,2021-07-06 03:00:00,0.13043478260869565,1,低利用率
P3120000068,2021-07-06 05:00:00,0.17391304347826086,1,低利用率
P3120000068,2021-07-06 06:00:00,0.13043478260869565,1,低利用率
P3120000068,2021-07-06 07:00:00,0.13043478260869565,2,低利用率
P3120000068,2021-07-06 08:00:00,0.2391304347826087,2,低利用率
P3120000068,2021-07-06 09:00:00,0.5304347826086957,5,中利用率
P3120000068,2021-07-06 10:00:00,0.6086956521739131,5,中利用率
P3120000068,2021-07-06 11:00:00,0.7130434782608696,5,高利用率
P3120000068,2021-07-06 12:00:00,0.5978260869565217,4,中利用率
P3120000068,2021-07-06 13:00:00,0.5760869565217391,4,中利用率
P3120000068,2021-07-06 14:00:00,0.7318840579710145,6,高利用率
P3120000068,2021-07-06 15:00:00,0.8913043478260869,2,高利用率
P3120000068,2021-07-06 16:00:00,0.8478260869565217,2,高利用率
P3120000068,2021-07-06 17:00:00,0.6521739130434783,3,中利用率
P3120000068,2021-07-06 18:00:00,0.5507246376811593,3,中利用率
P3120000068,2021-07-06 19:00:00,0.5913043478260869,5,中利用率
P3120000068,2021-07-06 20:00:00,0.5507246376811594,3,中利用率
P3120000068,2021-07-06 21:00:00,0.41304347826086957,2,中利用率
P3120000068,2021-07-06 22:00:00,0.391304347826087,1,中利用率
P3120000068,2021-07-06 23:00:00,0.3913043478260869,3,中利用率
P3120000068,2021-07-07 00:00:00,0.30434782608695654,1,中利用率
P3120000068,2021-07-07 01:00:00,0.2608695652173913,1,低利用率
P3120000068,2021-07-07 05:00:00,0.28260869565217395,2,低利用率
P3120000068,2021-07-07 06:00:00,0.33695652173913043,4,中利用率
P3120000068,2021-07-07 07:00:00,0.21739130434782608,1,低利用率
P3120000068,2021-07-07 08:00:00,0.2898550724637681,3,低利用率
P3120000068,2021-07-07 09:00:00,0.5362318840579711,3,中利用率
P3120000068,2021-07-07 10:00:00,0.5130434782608695,5,中利用率
P3120000068,2021-07-07 11:00:00,0.6173913043478261,5,中利用率
P3120000068,2021-07-07 12:00:00,0.6608695652173913,5,中利用率
P3120000068,2021-07-07 13:00:00,0.49565217391304345,5,中利用率
P3120000068,2021-07-07 14:00:00,0.6521739130434783,5,中利用率
P3120000068,2021-07-07 15:00:00,0.6630434782608696,4,中利用率
P3120000068,2021-07-07 16:00:00,0.6347826086956522,5,中利用率
P3120000068,2021-07-07 17:00:00,0.4695652173913043,5,中利用率
P3120000068,2021-07-07 18:00:00,0.2101449275362319,6,低利用率
P3120000068,2021-07-07 19:00:00,0.15942028985507248,6,低利用率
P3120000068,2021-07-07 20:00:00,0.18840579710144925,3,低利用率
P3120000068,2021-07-07 21:00:00,0.2391304347826087,2,低利用率
P3120000068,2021-07-07 22:00:00,0.2898550724637681,3,低利用率
P3120000068,2021-07-07 23:00:00,0.21739130434782608,2,低利用率
P3120000068,2021-07-08 00:00:00,0.13043478260869565,1,低利用率
P3120000068,2021-07-08 07:00:00,0.17391304347826086,1,低利用率
P3120000068,2021-07-08 08:00:00,0.07246376811594203,3,低利用率
P3120000068,2021-07-08 09:00:00,0.2826086956521739,6,低利用率
P3120000068,2021-07-08 10:00:00,0.5289855072463768,6,中利用率
P3120000068,2021-07-08 11:00:00,0.5391304347826087,5,中利用率
P3120000068,2021-07-08 12:00:00,0.5507246376811594,6,中利用率
P3120000068,2021-07-08 13:00:00,0.48913043478260865,4,中利用率
P3120000068,2021-07-08 14:00:00,0.4673913043478261,4,中利用率
P3120000068,2021-07-08 15:00:00,0.5797101449275363,6,中利用率
P3120000068,2021-07-08 16:00:00,0.5652173913043479,4,中利用率
P3120000068,2021-07-08 17:00:00,0.43478260869565216,5,中利用率
P3120000068,2021-07-08 18:00:00,0.26811594202898553,6,低利用率
P3120000068,2021-07-08 19:00:00,0.34782608695652173,3,中利用率
SF000901,2025-03-02 21:00:00,0.4603448275862069,2,中利用率
SF000901,2025-03-02 22:00:00,0.4175287356321839,6,中利用率
SF000901,2025-03-02 23:00:00,0.37557471264367814,6,中利用率
SF000901,2025-03-03 00:00:00,0.30028735632183906,6,中利用率
SF000901,2025-03-03 01:00:00,0.23017241379310346,6,低利用率
SF000901,2025-03-03 02:00:00,0.19224137931034482,6,低利用率
SF000901,2025-03-03 03:00:00,0.1824712643678161,6,低利用率
SF000901,2025-03-03 04:00:00,0.17413793103448275,6,低利用率
SF000901,2025-03-03 05:00:00,0.17183908045977012,6,低利用率
SF000901,2025-03-03 06:00:00,0.17183908045977012,6,低利用率
SF000901,2025-03-03 07:00:00,0.17011494252873563,6,低利用率
SF000901,2025-03-03 08:00:00,0.18908045977011492,6,低利用率
SF000901,2025-03-03 09:00:00,0.25114942528735634,6,低利用率
SF000901,2025-03-03 10:00:00,0.2795977011494253,6,低利用率
SF000901,2025-03-03 11:00:00,0.27729885057471265,6,低利用率
SF000901,2025-03-03 12:00:00,0.3528735632183908,6,中利用率
SF000901,2025-03-03 13:00:00,0.38649425287356326,6,中利用率
SF000901,2025-03-03 14:00:00,0.40028735632183904,6,中利用率
SF000901,2025-03-03 15:00:00,0.4252873563218391,6,中利用率
SF000901,2025-03-03 16:00:00,0.4227011494252874,6,中利用率
SF000901,2025-03-03 17:00:00,0.41235632183908044,6,中利用率
SF000901,2025-03-03 18:00:00,0.47988505747126436,6,中利用率
SF000901,2025-03-03 19:00:00,0.5494252873563218,6,中利用率
SF000901,2025-03-03 20:00:00,0.510632183908046,6,中利用率
SF000901,2025-03-03 21:00:00,0.4163793103448276,6,中利用率
SF000901,2025-03-03 22:00:00,0.3333333333333333,6,中利用率
SF000901,2025-03-03 23:00:00,0.2545977011494253,6,低利用率
SF000901,2025-03-04 00:00:00,0.21982758620689655,6,低利用率
SF000901,2025-03-04 01:00:00,0.18362068965517242,6,低利用率
SF000901,2025-03-04 02:00:00,0.12902298850574712,6,低利用率
SF000901,2025-03-04 03:00:00,0.10086206896551725,2,低利用率
SF000901,2025-04-07 00:00:00,0.20229885057471264,6,低利用率
SF000901,2025-04-07 06:00:00,0.08333333333333333,6,低利用率
SF000901,2025-04-07 12:00:00,0.28304597701149425,6,低利用率
SF000901,2025-04-07 18:00:00,0.39281609195402295,6,中利用率
SF000901,2025-04-08 00:00:00,0.2192528735632184,6,低利用率
SF000901,2025-04-08 06:00:00,0.1117816091954023,6,低利用率
SF000901,2025-04-08 12:00:00,0.3192528735632184,6,中利用率
SF000901,2025-04-08 18:00:00,0.407183908045977,6,中利用率
SF000901,2025-04-09 00:00:00,0.20488505747126437,6,低利用率
SF000901,2025-04-09 06:00:00,0.10775862068965518,6,低利用率
SF000901,2025-04-09 12:00:00,0.29712643678160916,6,低利用率
SF000901,2025-04-09 18:00:00,0.4623563218390805,6,中利用率
SF000901,2025-04-10 00:00:00,0.20977011494252873,6,低利用率
SF000901,2025-04-10 06:00:00,0.11637931034482758,6,低利用率
SF000901,2025-04-10 12:00:00,0.31925287356321835,6,中利用率
SF000901,2025-04-10 18:00:00,0.4635057471264368,6,中利用率
SF000901,2025-04-11 00:00:00,0.21120689655172412,6,低利用率
SF000901,2025-04-11 06:00:00,0.12816091954022987,6,低利用率
SF000901,2025-04-11 12:00:00,0.34597701149425286,6,中利用率
SF000901,2025-04-11 18:00:00,0.5272988505747126,6,中利用率
SF000901,2025-04-12 00:00:00,0.2867816091954023,6,低利用率
SF000901,2025-04-12 06:00:00,0.20833333333333334,6,低利用率
SF000901,2025-04-12 12:00:00,0.3813218390804598,6,中利用率
SF000901,2025-04-12 18:00:00,0.6031609195402299,6,中利用率
SF000901,2025-04-13 00:00:00,0.353735632183908,6,中利用率
SF000901,2025-04-13 06:00:00,0.22816091954022988,6,低利用率
SF000901,2025-04-13 12:00:00,0.3399425287356322,6,中利用率
SF000901,2025-04-13 18:00:00,0.45747126436781604,6,中利用率
SF000902,2025-03-02 21:00:00,0.22,2,低利用率
SF000902,2025-03-02 22:00:00,0.20095238095238097,6,低利用率
SF000902,2025-03-02 23:00:00,0.16428571428571428,6,低利用率
SF000902,2025-03-03 00:00:00,0.10476190476190476,6,低利用率
SF000902,2025-03-03 01:00:00,0.08142857142857142,6,低利用率
SF000902,2025-03-03 02:00:00,0.07714285714285714,6,低利用率
SF000902,2025-03-03 03:00:00,0.08142857142857142,6,低利用率
SF000902,2025-03-03 04:00:00,0.08,6,低利用率
SF000902,2025-03-03 05:00:00,0.07285714285714286,6,低利用率
SF000902,2025-03-03 06:00:00,0.07904761904761905,6,低利用率
SF000902,2025-03-03 07:00:00,0.07761904761904762,6,低利用率
SF000902,2025-03-03 08:00:00,0.07761904761904762,6,低利用率
SF000902,2025-03-03 09:00:00,0.0961904761904762,6,低利用率
SF000902,2025-03-03 10:00:00,0.11857142857142856,6,低利用率
SF000902,2025-03-03 11:00:00,0.1261904761904762,6,低利用率
SF000902,2025-03-03 12:00:00,0.14523809523809525,6,低利用率
SF000902,2025-03-03 13:00:00,0.16142857142857145,6,低利用率
SF000902,2025-03-03 14:00:00,0.19333333333333336,6,低利用率
SF000902,2025-03-03 15:00:00,0.19285714285714284,6,低利用率
SF000902,2025-03-03 16:00:00,0.22380952380952382,6,低利用率
SF000902,2025-03-03 17:00:00,0.24523809523809526,6,低利用率
SF000902,2025-03-03 18:00:00,0.2733333333333333,6,低利用率
SF000902,2025-03-03 19:00:00,0.3138095238095238,6,中利用率
SF000902,2025-03-03 20:00:00,0.30428571428571427,6,中利用率
SF000902,2025-03-03 21:00:00,0.2909523809523809,6,低利用率
SF000902,2025-03-03 22:00:00,0.2619047619047619,6,低利用率
SF000902,2025-03-03 23:00:00,0.20666666666666667,6,低利用率
SF000902,2025-03-04 00:00:00,0.11523809523809524,6,低利用率
SF000902,2025-03-04 01:00:00,0.07857142857142857,6,低利用率
SF000902,2025-03-04 02:00:00,0.08047619047619048,6,低利用率
SF000902,2025-03-04 03:00:00,0.08285714285714285,2,低利用率
SF000902,2025-04-07 00:00:00,0.13809523809523808,6,低利用率
SF000902,2025-04-07 06:00:00,0.07285714285714286,6,低利用率
SF000902,2025-04-07 12:00:00,0.15761904761904763,6,低利用率
SF000902,2025-04-07 18:00:00,0.23761904761904762,6,低利用率
SF000902,2025-04-08 00:00:00,0.15285714285714286,6,低利用率
SF000902,2025-04-08 06:00:00,0.08095238095238096,6,低利用率
SF000902,2025-04-08 12:00:00,0.16523809523809524,6,低利用率
SF000902,2025-04-08 18:00:00,0.22333333333333336,6,低利用率
SF000902,2025-04-09 00:00:00,0.12238095238095238,6,低利用率
SF000902,2025-04-09 06:00:00,0.07619047619047618,6,低利用率
SF000902,2025-04-09 12:00:00,0.16047619047619047,6,低利用率
SF000902,2025-04-09 18:00:00,0.24809523809523812,6,低利用率
SF000902,2025-04-10 00:00:00,0.16523809523809524,6,低利用率
SF000902,2025-04-10 06:00:00,0.07571428571428572,6,低利用率
SF000902,2025-04-10 12:00:00,0.16857142857142857,6,低利用率
SF000902,2025-04-10 18:00:00,0.34904761904761905,6,中利用率
SF000902,2025-04-11 00:00:00,0.22904761904761906,6,低利用率
SF000902,2025-04-11 06:00:00,0.09047619047619047,6,低利用率
SF000902,2025-04-11 12:00:00,0.1976190476190476,6,低利用率
SF000902,2025-04-11 18:00:00,0.23904761904761904,6,低利用率
SF000902,2025-04-12 00:00:00,0.16666666666666666,6,低利用率
SF000902,2025-04-12 06:00:00,0.07714285714285714,6,低利用率
SF000902,2025-04-12 12:00:00,0.13714285714285715,6,低利用率
SF000902,2025-04-12 18:00:00,0.26,6,低利用率
SF000902,2025-04-13 00:00:00,0.19571428571428573,6,低利用率
SF000902,2025-04-13 06:00:00,0.08,6,低利用率
SF000902,2025-04-13 12:00:00,0.14428571428571427,6,低利用率
SF000902,2025-04-13 18:00:00,0.3442857142857143,6,中利用率
SF000903,2025-03-02 21:00:00,0.15,2,低利用率
SF000903,2025-03-02 22:00:00,0.12515723270440252,6,低利用率
SF000903,2025-03-02 23:00:00,0.10031446540880502,6,低利用率
SF000903,2025-03-03 00:00:00,0.08113207547169811,6,低利用率
SF000903,2025-03-03 01:00:00,0.0820754716981132,6,低利用率
SF000903,2025-03-03 02:00:00,0.08050314465408805,6,低利用率
SF000903,2025-03-03 03:00:00,0.08270440251572327,6,低利用率
SF000903,2025-03-03 04:00:00,0.08333333333333333,6,低利用率
SF000903,2025-03-03 05:00:00,0.08144654088050314,6,低利用率
SF000903,2025-03-03 06:00:00,0.0830188679245283,6,低利用率
SF000903,2025-03-03 07:00:00,0.08333333333333333,6,低利用率
SF000903,2025-03-03 08:00:00,0.08144654088050314,6,低利用率
SF000903,2025-03-03 09:00:00,0.08018867924528301,6,低利用率
SF000903,2025-03-03 10:00:00,0.09182389937106918,6,低利用率
SF000903,2025-03-03 11:00:00,0.14937106918238993,6,低利用率
SF000903,2025-03-03 12:00:00,0.19748427672955973,6,低利用率
SF000903,2025-03-03 13:00:00,0.17672955974842766,6,低利用率
SF000903,2025-03-03 14:00:00,0.18993710691823898,6,低利用率
SF000903,2025-03-03 15:00:00,0.20723270440251573,6,低利用率
SF000903,2025-03-03 16:00:00,0.22421383647798743,6,低利用率
SF000903,2025-03-03 17:00:00,0.20723270440251573,6,低利用率
SF000903,2025-03-03 18:00:00,0.2622641509433962,6,低利用率
SF000903,2025-03-03 19:00:00,0.2792452830188679,6,低利用率
SF000903,2025-03-03 20:00:00,0.22924528301886793,6,低利用率
SF000903,2025-03-03 21:00:00,0.16635220125786163,6,低利用率
SF000903,2025-03-03 22:00:00,0.14119496855345912,6,低利用率
SF000903,2025-03-03 23:00:00,0.12012578616352203,6,低利用率
SF000903,2025-03-04 00:00:00,0.0889937106918239,6,低利用率
SF000903,2025-03-04 01:00:00,0.08333333333333333,6,低利用率
SF000903,2025-03-04 02:00:00,0.08270440251572327,6,低利用率
SF000903,2025-03-04 03:00:00,0.08113207547169811,2,低利用率
SF000903,2025-04-07 00:00:00,0.08113207547169811,6,低利用率
SF000903,2025-04-07 06:00:00,0.0830188679245283,6,低利用率
SF000903,2025-04-07 12:00:00,0.1987421383647799,6,低利用率
SF000903,2025-04-07 18:00:00,0.20723270440251573,6,低利用率
SF000903,2025-04-08 00:00:00,0.09654088050314465,6,低利用率
SF000903,2025-04-08 06:00:00,0.08522012578616352,6,低利用率
SF000903,2025-04-08 12:00:00,0.23050314465408805,6,低利用率
SF000903,2025-04-08 18:00:00,0.20408805031446542,6,低利用率
SF000903,2025-04-09 00:00:00,0.0871069182389937,6,低利用率
SF000903,2025-04-09 06:00:00,0.08459119496855345,6,低利用率
SF000903,2025-04-09 12:00:00,0.20534591194968554,6,低利用率
SF000903,2025-04-09 18:00:00,0.18742138364779873,6,低利用率
SF000903,2025-04-10 00:00:00,0.08427672955974842,6,低利用率
SF000903,2025-04-10 06:00:00,0.08176100628930817,6,低利用率
SF000903,2025-04-10 12:00:00,0.17295597484276728,6,低利用率
SF000903,2025-04-10 18:00:00,0.2078616352201258,6,低利用率
SF000903,2025-04-11 00:00:00,0.08427672955974842,6,低利用率
SF000903,2025-04-11 06:00:00,0.08679245283018867,6,低利用率
SF000903,2025-04-11 12:00:00,0.2025157232704403,6,低利用率
SF000903,2025-04-11 18:00:00,0.23459119496855343,6,低利用率
SF000903,2025-04-12 00:00:00,0.08396226415094339,6,低利用率
SF000903,2025-04-12 06:00:00,0.08522012578616352,6,低利用率
SF000903,2025-04-12 12:00:00,0.3292452830188679,6,中利用率
SF000903,2025-04-12 18:00:00,0.38836477987421386,6,中利用率
SF000903,2025-04-13 00:00:00,0.08647798742138364,6,低利用率
SF000903,2025-04-13 06:00:00,0.08364779874213836,6,低利用率
SF000903,2025-04-13 12:00:00,0.31477987421383646,6,中利用率
SF000903,2025-04-13 18:00:00,0.30754716981132074,6,中利用率
SF00104,2025-03-02 21:00:00,0.5700000000000001,2,中利用率
SF00104,2025-03-02 22:00:00,0.6066666666666667,6,中利用率
SF00104,2025-03-02 23:00:00,0.9033333333333333,6,高利用率
SF00104,2025-03-03 00:00:00,0.3233333333333333,6,中利用率
SF00104,2025-03-03 01:00:00,0.19666666666666666,6,低利用率
SF00104,2025-03-03 02:00:00,0.19333333333333333,6,低利用率
SF00104,2025-03-03 03:00:00,0.19333333333333333,6,低利用率
SF00104,2025-03-03 04:00:00,0.21,6,低利用率
SF00104,2025-03-03 05:00:00,0.21333333333333335,6,低利用率
SF00104,2025-03-03 06:00:00,0.3,6,中利用率
SF00104,2025-03-03 07:00:00,0.2966666666666667,6,低利用率
SF00104,2025-03-03 08:00:00,0.35000000000000003,6,中利用率
SF00104,2025-03-03 09:00:00,0.3666666666666667,6,中利用率
SF00104,2025-03-03 10:00:00,0.43,6,中利用率
SF00104,2025-03-03 11:00:00,0.43333333333333335,6,中利用率
SF00104,2025-03-03 12:00:00,0.37999999999999995,6,中利用率
SF00104,2025-03-03 13:00:00,0.37333333333333335,6,中利用率
SF00104,2025-03-03 14:00:00,0.44333333333333336,6,中利用率
SF00104,2025-03-03 15:00:00,0.36000000000000004,6,中利用率
SF00104,2025-03-03 16:00:00,0.58,6,中利用率
SF00104,2025-03-03 17:00:00,0.59,6,中利用率
SF00104,2025-03-03 18:00:00,0.57,6,中利用率
SF00104,2025-03-03 19:00:00,0.61,6,中利用率
SF00104,2025-03-03 20:00:00,0.5866666666666667,6,中利用率
SF00104,2025-03-03 21:00:00,0.6366666666666667,6,中利用率
SF00104,2025-03-03 22:00:00,0.5733333333333334,6,中利用率
SF00104,2025-03-03 23:00:00,0.8833333333333333,6,高利用率
SF00104,2025-03-04 00:00:00,0.3233333333333333,6,中利用率
SF00104,2025-03-04 01:00:00,0.21333333333333335,6,低利用率
SF00104,2025-03-04 02:00:00,0.21333333333333335,6,低利用率
SF00104,2025-03-04 03:00:00,0.21000000000000002,2,低利用率
SF00104,2025-04-07 00:00:00,0.32666666666666666,6,中利用率
SF00104,2025-04-07 06:00:00,0.31333333333333335,6,中利用率
SF00104,2025-04-07 12:00:00,0.43,6,中利用率
SF00104,2025-04-07 18:00:00,0.66,6,中利用率
SF00104,2025-04-08 00:00:00,0.32,6,中利用率
SF00104,2025-04-08 06:00:00,0.2866666666666667,6,低利用率
SF00104,2025-04-08 12:00:00,0.3833333333333333,6,中利用率
SF00104,2025-04-08 18:00:00,0.5633333333333334,6,中利用率
SF00104,2025-04-09 00:00:00,0.34,6,中利用率
SF00104,2025-04-09 06:00:00,0.27,6,低利用率
SF00104,2025-04-09 12:00:00,0.4566666666666667,6,中利用率
SF00104,2025-04-09 18:00:00,0.6066666666666667,6,中利用率
SF00104,2025-04-10 00:00:00,0.34,6,中利用率
SF00104,2025-04-10 06:00:00,0.29333333333333333,6,低利用率
SF00104,2025-04-10 12:00:00,0.42333333333333334,6,中利用率
SF00104,2025-04-10 18:00:00,0.5966666666666667,6,中利用率
SF00104,2025-04-11 00:00:00,0.32666666666666666,6,中利用率
SF00104,2025-04-11 06:00:00,0.2966666666666667,6,低利用率
SF00104,2025-04-11 12:00:00,0.57,6,中利用率
SF00104,2025-04-11 18:00:00,0.8566666666666668,6,高利用率
SF00104,2025-04-12 00:00:00,0.32666666666666666,6,中利用率
SF00104,2025-04-12 06:00:00,0.3,6,中利用率
SF00104,2025-04-12 12:00:00,0.6133333333333334,6,中利用率
SF00104,2025-04-12 18:00:00,0.8799999999999999,6,高利用率
SF00104,2025-04-13 00:00:00,0.3433333333333333,6,中利用率
SF00104,2025-04-13 06:00:00,0.31666666666666665,6,中利用率
SF00104,2025-04-13 12:00:00,0.6166666666666667,6,中利用率
SF00104,2025-04-13 18:00:00,0.9366666666666666,6,高利用率
SF001041,2025-03-02 21:00:00,0.06666666666666667,2,低利用率
SF001041,2025-03-02 22:00:00,0.06666666666666667,6,低利用率
SF001041,2025-03-02 23:00:00,0.06666666666666667,6,低利用率
SF001041,2025-03-03 00:00:00,0.06666666666666667,6,低利用率
SF001041,2025-03-03 01:00:00,0.06666666666666667,6,低利用率
SF001041,2025-03-03 02:00:00,0.06666666666666667,6,低利用率
SF001041,2025-03-03 03:00:00,0.06666666666666667,6,低利用率
SF001041,2025-03-03 04:00:00,0.06666666666666667,6,低利用率
SF001041,2025-03-03 05:00:00,0.06666666666666667,6,低利用率
SF001041,2025-03-03 06:00:00,0.06666666666666667,6,低利用率
SF001041,2025-03-03 07:00:00,0.06666666666666667,6,低利用率
SF001041,2025-03-03 08:00:00,0.06666666666666667,6,低利用率
SF001041,2025-03-03 09:00:00,0.06666666666666667,6,低利用率
SF001041,2025-03-03 10:00:00,0.06666666666666667,6,低利用率
SF001041,2025-03-03 11:00:00,0.06666666666666667,6,低利用率
SF001041,2025-03-03 12:00:00,0.06666666666666667,6,低利用率
SF001041,2025-03-03 13:00:00,0.06666666666666667,6,低利用率
SF001041,2025-03-03 14:00:00,0.06666666666666667,6,低利用率
SF001041,2025-03-03 15:00:00,0.06666666666666667,6,低利用率
SF001041,2025-03-03 16:00:00,0.06666666666666667,6,低利用率
SF001041,2025-03-03 17:00:00,0.06666666666666667,6,低利用率
SF001041,2025-03-03 18:00:00,0.06666666666666667,6,低利用率
SF001041,2025-03-03 19:00:00,0.06666666666666667,6,低利用率
SF001041,2025-03-03 20:00:00,0.06666666666666667,6,低利用率
SF001041,2025-03-03 21:00:00,0.06666666666666667,6,低利用率
SF001041,2025-03-03 22:00:00,0.06666666666666667,6,低利用率
SF001041,2025-03-03 23:00:00,0.06666666666666667,6,低利用率
SF001041,2025-03-04 00:00:00,0.06666666666666667,6,低利用率
SF001041,2025-03-04 01:00:00,0.06666666666666667,6,低利用率
SF001041,2025-03-04 02:00:00,0.06666666666666667,6,低利用率
SF001041,2025-03-04 03:00:00,0.06666666666666667,2,低利用率
SF001041,2025-04-07 00:00:00,0.06666666666666667,6,低利用率
SF001041,2025-04-07 06:00:00,0.06666666666666667,6,低利用率
SF001041,2025-04-07 12:00:00,0.06666666666666667,6,低利用率
SF001041,2025-04-07 18:00:00,0.06666666666666667,6,低利用率
SF001041,2025-04-08 00:00:00,0.06666666666666667,6,低利用率
SF001041,2025-04-08 06:00:00,0.06666666666666667,6,低利用率
SF001041,2025-04-08 12:00:00,0.06666666666666667,6,低利用率
SF001041,2025-04-08 18:00:00,0.06666666666666667,6,低利用率
SF001041,2025-04-09 00:00:00,0.06666666666666667,6,低利用率
SF001041,2025-04-09 06:00:00,0.06666666666666667,6,低利用率
SF001041,2025-04-09 12:00:00,0.06666666666666667,6,低利用率
SF001041,2025-04-09 18:00:00,0.06666666666666667,6,低利用率
SF001041,2025-04-10 00:00:00,0.06666666666666667,6,低利用率
SF001041,2025-04-10 06:00:00,0.06666666666666667,6,低利用率
SF001041,2025-04-10 12:00:00,0.06666666666666667,6,低利用率
SF001041,2025-04-10 18:00:00,0.06666666666666667,6,低利用率
SF001041,2025-04-11 00:00:00,0.06666666666666667,6,低利用率
SF001041,2025-04-11 06:00:00,0.06666666666666667,6,低利用率
SF001041,2025-04-11 12:00:00,0.06666666666666667,6,低利用率
SF001041,2025-04-11 18:00:00,0.06666666666666667,6,低利用率
SF001041,2025-04-12 00:00:00,0.06666666666666667,6,低利用率
SF001041,2025-04-12 06:00:00,0.06666666666666667,6,低利用率
SF001041,2025-04-12 12:00:00,0.06666666666666667,6,低利用率
SF001041,2025-04-12 18:00:00,0.06666666666666667,6,低利用率
SF001041,2025-04-13 00:00:00,0.06666666666666667,6,低利用率
SF001041,2025-04-13 06:00:00,0.06666666666666667,6,低利用率
SF001041,2025-04-13 12:00:00,0.06666666666666667,6,低利用率
SF001041,2025-04-13 18:00:00,0.06666666666666667,6,低利用率
SF00107,2025-03-02 21:00:00,0.9524999999999999,2,高利用率
SF00107,2025-03-02 22:00:00,0.9341666666666667,6,高利用率
SF00107,2025-03-02 23:00:00,0.8266666666666667,6,高利用率
SF00107,2025-03-03 00:00:00,0.7133333333333334,6,高利用率
SF00107,2025-03-03 01:00:00,0.6116666666666667,6,中利用率
SF00107,2025-03-03 02:00:00,0.5275,6,中利用率
SF00107,2025-03-03 03:00:00,0.4725,6,中利用率
SF00107,2025-03-03 04:00:00,0.3983333333333334,6,中利用率
SF00107,2025-03-03 05:00:00,0.36833333333333335,6,中利用率
SF00107,2025-03-03 06:00:00,0.3575,6,中利用率
SF00107,2025-03-03 07:00:00,0.3758333333333333,6,中利用率
SF00107,2025-03-03 08:00:00,0.41083333333333333,6,中利用率
SF00107,2025-03-03 09:00:00,0.4075,6,中利用率
SF00107,2025-03-03 10:00:00,0.4175,6,中利用率
SF00107,2025-03-03 11:00:00,0.44416666666666665,6,中利用率
SF00107,2025-03-03 12:00:00,0.49333333333333335,6,中利用率
SF00107,2025-03-03 13:00:00,0.5516666666666666,6,中利用率
SF00107,2025-03-03 14:00:00,0.605,6,中利用率
SF00107,2025-03-03 15:00:00,0.6133333333333333,6,中利用率
SF00107,2025-03-03 16:00:00,0.5824999999999999,6,中利用率
SF00107,2025-03-03 17:00:00,0.5083333333333333,6,中利用率
SF00107,2025-03-03 18:00:00,0.5283333333333333,6,中利用率
SF00107,2025-03-03 19:00:00,0.6116666666666667,6,中利用率
SF00107,2025-03-03 20:00:00,0.7258333333333334,6,高利用率
SF00107,2025-03-03 21:00:00,0.7491666666666666,6,高利用率
SF00107,2025-03-03 22:00:00,0.6633333333333333,6,中利用率
SF00107,2025-03-03 23:00:00,0.5758333333333333,6,中利用率
SF00107,2025-03-04 00:00:00,0.5575,6,中利用率
SF00107,2025-03-04 01:00:00,0.5508333333333334,6,中利用率
SF00107,2025-03-04 02:00:00,0.5416666666666666,6,中利用率
SF00107,2025-03-04 03:00:00,0.535,2,中利用率
SF00107,2025-04-07 00:00:00,0.9899999999999999,6,高利用率
SF00107,2025-04-07 06:00:00,0.9899999999999999,6,高利用率
SF00107,2025-04-07 12:00:00,0.9899999999999999,6,高利用率
SF00107,2025-04-07 18:00:00,0.9899999999999999,6,高利用率
SF00107,2025-04-08 00:00:00,0.9899999999999999,6,高利用率
SF00107,2025-04-08 06:00:00,0.9899999999999999,6,高利用率
SF00107,2025-04-08 12:00:00,0.9899999999999999,6,高利用率
SF00107,2025-04-08 18:00:00,0.9899999999999999,6,高利用率
SF00107,2025-04-09 00:00:00,0.9575,6,高利用率
SF00107,2025-04-09 06:00:00,0.5558333333333333,6,中利用率
SF00107,2025-04-09 12:00:00,0.8466666666666667,6,高利用率
SF00107,2025-04-09 18:00:00,0.8175,6,高利用率
SF00107,2025-04-10 00:00:00,0.7733333333333334,6,高利用率
SF00107,2025-04-10 06:00:00,0.6758333333333334,6,中利用率
SF00107,2025-04-10 12:00:00,0.7925,6,高利用率
SF00107,2025-04-10 18:00:00,0.8483333333333333,6,高利用率
SF00107,2025-04-11 00:00:00,0.8658333333333333,6,高利用率
SF00107,2025-04-11 06:00:00,0.71,6,高利用率
SF00107,2025-04-11 12:00:00,0.9899999999999999,6,高利用率
SF00107,2025-04-11 18:00:00,0.9899999999999999,6,高利用率
SF00107,2025-04-12 00:00:00,0.9899999999999999,6,高利用率
SF00107,2025-04-12 06:00:00,0.9899999999999999,6,高利用率
SF00107,2025-04-12 12:00:00,0.9899999999999999,6,高利用率
SF00107,2025-04-12 18:00:00,0.9899999999999999,6,高利用率
SF00107,2025-04-13 00:00:00,0.9899999999999999,6,高利用率
SF00107,2025-04-13 06:00:00,0.9899999999999999,6,高利用率
SF00107,2025-04-13 12:00:00,0.9899999999999999,6,高利用率
SF00107,2025-04-13 18:00:00,0.9899999999999999,6,高利用率
SF00118,2025-03-02 21:00:00,0.605,2,中利用率
SF00118,2025-03-02 22:00:00,0.6066666666666666,6,中利用率
SF00118,2025-03-02 23:00:00,0.9133333333333332,6,高利用率
SF00118,2025-03-03 00:00:00,0.3283333333333333,6,中利用率
SF00118,2025-03-03 01:00:00,0.19999999999999998,6,低利用率
SF00118,2025-03-03 02:00:00,0.20166666666666666,6,低利用率
SF00118,2025-03-03 03:00:00,0.20333333333333334,6,低利用率
SF00118,2025-03-03 04:00:00,0.19333333333333333,6,低利用率
SF00118,2025-03-03 05:00:00,0.205,6,低利用率
SF00118,2025-03-03 06:00:00,0.305,6,中利用率
SF00118,2025-03-03 07:00:00,0.3016666666666667,6,中利用率
SF00118,2025-03-03 08:00:00,0.375,6,中利用率
SF00118,2025-03-03 09:00:00,0.4183333333333334,6,中利用率
SF00118,2025-03-03 10:00:00,0.4033333333333333,6,中利用率
SF00118,2025-03-03 11:00:00,0.3983333333333334,6,中利用率
SF00118,2025-03-03 12:00:00,0.395,6,中利用率
SF00118,2025-03-03 13:00:00,0.37999999999999995,6,中利用率
SF00118,2025-03-03 14:00:00,0.41333333333333333,6,中利用率
SF00118,2025-03-03 15:00:00,0.4066666666666667,6,中利用率
SF00118,2025-03-03 16:00:00,0.5466666666666667,6,中利用率
SF00118,2025-03-03 17:00:00,0.6183333333333333,6,中利用率
SF00118,2025-03-03 18:00:00,0.6083333333333334,6,中利用率
SF00118,2025-03-03 19:00:00,0.5716666666666667,6,中利用率
SF00118,2025-03-03 20:00:00,0.6033333333333334,6,中利用率
SF00118,2025-03-03 21:00:00,0.6016666666666667,6,中利用率
SF00118,2025-03-03 22:00:00,0.5866666666666667,6,中利用率
SF00118,2025-03-03 23:00:00,0.9183333333333333,6,高利用率
SF00118,2025-03-04 00:00:00,0.325,6,中利用率
SF00118,2025-03-04 01:00:00,0.19666666666666666,6,低利用率
SF00118,2025-03-04 02:00:00,0.205,6,低利用率
SF00118,2025-03-04 03:00:00,0.21000000000000002,2,低利用率
SF00118,2025-04-07 00:00:00,0.3233333333333333,6,中利用率
SF00118,2025-04-07 06:00:00,0.27666666666666667,6,低利用率
SF00118,2025-04-07 12:00:00,0.365,6,中利用率
SF00118,2025-04-07 18:00:00,0.6083333333333333,6,中利用率
SF00118,2025-04-08 00:00:00,0.32666666666666666,6,中利用率
SF00118,2025-04-08 06:00:00,0.255,6,低利用率
SF00118,2025-04-08 12:00:00,0.4066666666666667,6,中利用率
SF00118,2025-04-08 18:00:00,0.595,6,中利用率
SF00118,2025-04-09 00:00:00,0.3233333333333333,6,中利用率
SF00118,2025-04-09 06:00:00,0.295,6,低利用率
SF00118,2025-04-09 12:00:00,0.41,6,中利用率
SF00118,2025-04-09 18:00:00,0.57,6,中利用率
SF00118,2025-04-10 00:00:00,0.33,6,中利用率
SF00118,2025-04-10 06:00:00,0.26,6,低利用率
SF00118,2025-04-10 12:00:00,0.395,6,中利用率
SF00118,2025-04-10 18:00:00,0.595,6,中利用率
SF00118,2025-04-11 00:00:00,0.32666666666666666,6,中利用率
SF00118,2025-04-11 06:00:00,0.2816666666666667,6,低利用率
SF00118,2025-04-11 12:00:00,0.6183333333333333,6,中利用率
SF00118,2025-04-11 18:00:00,0.8833333333333333,6,高利用率
SF00118,2025-04-12 00:00:00,0.33166666666666667,6,中利用率
SF00118,2025-04-12 06:00:00,0.26666666666666666,6,低利用率
SF00118,2025-04-12 12:00:00,0.6016666666666667,6,中利用率
SF00118,2025-04-12 18:00:00,0.9,6,高利用率
SF00118,2025-04-13 00:00:00,0.33,6,中利用率
SF00118,2025-04-13 06:00:00,0.2816666666666667,6,低利用率
SF00118,2025-04-13 12:00:00,0.6066666666666666,6,中利用率
SF00118,2025-04-13 18:00:00,0.9083333333333333,6,高利用率
SF00119,2025-03-02 21:00:00,0.45999999999999996,2,中利用率
SF00119,2025-03-02 22:00:00,0.39999999999999997,6,中利用率
SF00119,2025-03-02 23:00:00,0.87,6,高利用率
SF00119,2025-03-03 00:00:00,0.3466666666666667,6,中利用率
SF00119,2025-03-03 01:00:00,0.21666666666666667,6,低利用率
SF00119,2025-03-03 02:00:00,0.20333333333333334,6,低利用率
SF00119,2025-03-03 03:00:00,0.19000000000000003,6,低利用率
SF00119,2025-03-03 04:00:00,0.20666666666666667,6,低利用率
SF00119,2025-03-03 05:00:00,0.20666666666666667,6,低利用率
SF00119,2025-03-03 06:00:00,0.2866666666666667,6,低利用率
SF00119,2025-03-03 07:00:00,0.6333333333333333,6,中利用率
SF00119,2025-03-03 08:00:00,0.93,6,高利用率
SF00119,2025-03-03 09:00:00,0.96,6,高利用率
SF00119,2025-03-03 10:00:00,0.89,6,高利用率
SF00119,2025-03-03 11:00:00,0.9066666666666666,6,高利用率
SF00119,2025-03-03 12:00:00,0.9066666666666666,6,高利用率
SF00119,2025-03-03 13:00:00,0.8666666666666667,6,高利用率
SF00119,2025-03-03 14:00:00,0.9366666666666666,6,高利用率
SF00119,2025-03-03 15:00:00,0.96,6,高利用率
SF00119,2025-03-03 16:00:00,0.6699999999999999,6,中利用率
SF00119,2025-03-03 17:00:00,0.57,6,中利用率
SF00119,2025-03-03 18:00:00,0.5866666666666667,6,中利用率
SF00119,2025-03-03 19:00:00,0.6066666666666667,6,中利用率
SF00119,2025-03-03 20:00:00,0.38999999999999996,6,中利用率
SF00119,2025-03-03 21:00:00,0.37000000000000005,6,中利用率
SF00119,2025-03-03 22:00:00,0.37000000000000005,6,中利用率
SF00119,2025-03-03 23:00:00,0.8766666666666666,6,高利用率
SF00119,2025-03-04 00:00:00,0.33666666666666667,6,中利用率
SF00119,2025-03-04 01:00:00,0.22333333333333336,6,低利用率
SF00119,2025-03-04 02:00:00,0.22,6,低利用率
SF00119,2025-03-04 03:00:00,0.18,2,低利用率
SF00119,2025-04-07 00:00:00,0.32666666666666666,6,中利用率
SF00119,2025-04-07 06:00:00,0.3166666666666667,6,中利用率
SF00119,2025-04-07 12:00:00,0.9066666666666666,6,高利用率
SF00119,2025-04-07 18:00:00,0.5633333333333334,6,中利用率
SF00119,2025-04-08 00:00:00,0.3233333333333333,6,中利用率
SF00119,2025-04-08 06:00:00,0.2733333333333334,6,低利用率
SF00119,2025-04-08 12:00:00,0.9266666666666666,6,高利用率
SF00119,2025-04-08 18:00:00,0.5833333333333334,6,中利用率
SF00119,2025-04-09 00:00:00,0.31,6,中利用率
SF00119,2025-04-09 06:00:00,0.2733333333333334,6,低利用率
SF00119,2025-04-09 12:00:00,0.89,6,高利用率
SF00119,2025-04-09 18:00:00,0.58,6,中利用率
SF00119,2025-04-10 00:00:00,0.3233333333333333,6,中利用率
SF00119,2025-04-10 06:00:00,0.2733333333333334,6,低利用率
SF00119,2025-04-10 12:00:00,0.85,6,高利用率
SF00119,2025-04-10 18:00:00,0.6233333333333334,6,中利用率
SF00119,2025-04-11 00:00:00,0.31,6,中利用率
SF00119,2025-04-11 06:00:00,0.3,6,中利用率
SF00119,2025-04-11 12:00:00,0.49,6,中利用率
SF00119,2025-04-11 18:00:00,0.43333333333333335,6,中利用率
SF00119,2025-04-12 00:00:00,0.32666666666666666,6,中利用率
SF00119,2025-04-12 06:00:00,0.22666666666666668,6,低利用率
SF00119,2025-04-12 12:00:00,0.5566666666666666,6,中利用率
SF00119,2025-04-12 18:00:00,0.49666666666666665,6,中利用率
SF00119,2025-04-13 00:00:00,0.32666666666666666,6,中利用率
SF00119,2025-04-13 06:00:00,0.23666666666666666,6,低利用率
SF00119,2025-04-13 12:00:00,0.5066666666666667,6,中利用率
SF00119,2025-04-13 18:00:00,0.49666666666666665,6,中利用率
SF00120,2025-03-02 21:00:00,0.26666666666666666,2,低利用率
SF00120,2025-03-02 22:00:00,0.2561728395061728,6,低利用率
SF00120,2025-03-02 23:00:00,0.24135802469135803,6,低利用率
SF00120,2025-03-03 00:00:00,0.22160493827160496,6,低利用率
SF00120,2025-03-03 01:00:00,0.20617283950617282,6,低利用率
SF00120,2025-03-03 02:00:00,0.19444444444444445,6,低利用率
SF00120,2025-03-03 03:00:00,0.18024691358024691,6,低利用率
SF00120,2025-03-03 04:00:00,0.17469135802469138,6,低利用率
SF00120,2025-03-03 05:00:00,0.17407407407407408,6,低利用率
SF00120,2025-03-03 06:00:00,0.17654320987654323,6,低利用率
SF00120,2025-03-03 07:00:00,0.20185185185185187,6,低利用率
SF00120,2025-03-03 08:00:00,0.21419753086419754,6,低利用率
SF00120,2025-03-03 09:00:00,0.20987654320987656,6,低利用率
SF00120,2025-03-03 10:00:00,0.21666666666666667,6,低利用率
SF00120,2025-03-03 11:00:00,0.21296296296296294,6,低利用率
SF00120,2025-03-03 12:00:00,0.25,6,低利用率
SF00120,2025-03-03 13:00:00,0.23209876543209876,6,低利用率
SF00120,2025-03-03 14:00:00,0.21790123456790123,6,低利用率
SF00120,2025-03-03 15:00:00,0.23086419753086418,6,低利用率
SF00120,2025-03-03 16:00:00,0.2506172839506173,6,低利用率
SF00120,2025-03-03 17:00:00,0.2623456790123457,6,低利用率
SF00120,2025-03-03 18:00:00,0.21790123456790123,6,低利用率
SF00120,2025-03-03 19:00:00,0.21296296296296294,6,低利用率
SF00120,2025-03-03 20:00:00,0.15617283950617286,6,低利用率
SF00120,2025-03-03 21:00:00,0.12962962962962962,6,低利用率
SF00120,2025-03-03 22:00:00,0.1191358024691358,6,低利用率
SF00120,2025-03-03 23:00:00,0.10246913580246914,6,低利用率
SF00120,2025-03-04 00:00:00,0.09382716049382715,6,低利用率
SF00120,2025-03-04 01:00:00,0.07530864197530864,6,低利用率
SF00120,2025-03-04 02:00:00,0.06419753086419754,6,低利用率
SF00120,2025-03-04 03:00:00,0.06666666666666667,2,低利用率
SF00120,2025-04-07 00:00:00,0.19259259259259257,6,低利用率
SF00120,2025-04-07 06:00:00,0.12962962962962962,6,低利用率
SF00120,2025-04-07 12:00:00,0.3,6,中利用率
SF00120,2025-04-07 18:00:00,0.3302469135802469,6,中利用率
SF00120,2025-04-08 00:00:00,0.15,6,低利用率
SF00120,2025-04-08 06:00:00,0.08888888888888889,6,低利用率
SF00120,2025-04-08 12:00:00,0.3037037037037037,6,中利用率
SF00120,2025-04-08 18:00:00,0.24753086419753087,6,低利用率
SF00120,2025-04-09 00:00:00,0.09753086419753086,6,低利用率
SF00120,2025-04-09 06:00:00,0.07592592592592592,6,低利用率
SF00120,2025-04-09 12:00:00,0.28271604938271605,6,低利用率
SF00120,2025-04-09 18:00:00,0.2598765432098765,6,低利用率
SF00120,2025-04-10 00:00:00,0.09938271604938272,6,低利用率
SF00120,2025-04-10 06:00:00,0.07777777777777778,6,低利用率
SF00120,2025-04-10 12:00:00,0.28271604938271605,6,低利用率
SF00120,2025-04-10 18:00:00,0.295679012345679,6,低利用率
SF00120,2025-04-11 00:00:00,0.1265432098765432,6,低利用率
SF00120,2025-04-11 06:00:00,0.06790123456790123,6,低利用率
SF00120,2025-04-11 12:00:00,0.2740740740740741,6,低利用率
SF00120,2025-04-11 18:00:00,0.3296296296296296,6,中利用率
SF00120,2025-04-12 00:00:00,0.11728395061728396,6,低利用率
SF00120,2025-04-12 06:00:00,0.0654320987654321,6,低利用率
SF00120,2025-04-12 12:00:00,0.32716049382716045,6,中利用率
SF00120,2025-04-12 18:00:00,0.32037037037037036,6,中利用率
SF00120,2025-04-13 00:00:00,0.10308641975308641,6,低利用率
SF00120,2025-04-13 06:00:00,0.06975308641975309,6,低利用率
SF00120,2025-04-13 12:00:00,0.4290123456790123,6,中利用率
SF00120,2025-04-13 18:00:00,0.39999999999999997,6,中利用率
SF00121,2025-03-02 21:00:00,0.0058823529411764705,2,低利用率
SF00121,2025-03-02 22:00:00,0.0058823529411764705,6,低利用率
SF00121,2025-03-02 23:00:00,0.0058823529411764705,6,低利用率
SF00121,2025-03-03 00:00:00,0.0058823529411764705,6,低利用率
SF00121,2025-03-03 01:00:00,0.0058823529411764705,6,低利用率
SF00121,2025-03-03 02:00:00,0.0058823529411764705,6,低利用率
SF00121,2025-03-03 03:00:00,0.0058823529411764705,6,低利用率
SF00121,2025-03-03 04:00:00,0.0058823529411764705,6,低利用率
SF00121,2025-03-03 05:00:00,0.0058823529411764705,6,低利用率
SF00121,2025-03-03 06:00:00,0.0058823529411764705,6,低利用率
SF00121,2025-03-03 07:00:00,0.0058823529411764705,6,低利用率
SF00121,2025-03-03 08:00:00,0.0058823529411764705,6,低利用率
SF00121,2025-03-03 09:00:00,0.0058823529411764705,6,低利用率
SF00121,2025-03-03 10:00:00,0.0058823529411764705,6,低利用率
SF00121,2025-03-03 11:00:00,0.0058823529411764705,6,低利用率
SF00121,2025-03-03 12:00:00,0.0058823529411764705,6,低利用率
SF00121,2025-03-03 13:00:00,0.0058823529411764705,6,低利用率
SF00121,2025-03-03 14:00:00,0.0058823529411764705,6,低利用率
SF00121,2025-03-03 15:00:00,0.0058823529411764705,6,低利用率
SF00121,2025-03-03 16:00:00,0.0058823529411764705,6,低利用率
SF00121,2025-03-03 17:00:00,0.0058823529411764705,6,低利用率
SF00121,2025-03-03 18:00:00,0.0058823529411764705,6,低利用率
SF00121,2025-03-03 19:00:00,0.0058823529411764705,6,低利用率
SF00121,2025-03-03 20:00:00,0.0058823529411764705,6,低利用率
SF00121,2025-03-03 21:00:00,0.00784313725490196,3,低利用率
SF001211,2025-03-02 21:00:00,0.08888888888888889,2,低利用率
SF001211,2025-03-02 22:00:00,0.08888888888888889,6,低利用率
SF001211,2025-03-02 23:00:00,0.08888888888888889,6,低利用率
SF001211,2025-03-03 00:00:00,0.08888888888888889,6,低利用率
SF001211,2025-03-03 01:00:00,0.08888888888888889,6,低利用率
SF001211,2025-03-03 02:00:00,0.08888888888888889,6,低利用率
SF001211,2025-03-03 03:00:00,0.08888888888888889,6,低利用率
SF001211,2025-03-03 04:00:00,0.08888888888888889,6,低利用率
SF001211,2025-03-03 05:00:00,0.08888888888888889,6,低利用率
SF001211,2025-03-03 06:00:00,0.08888888888888889,6,低利用率
SF001211,2025-03-03 07:00:00,0.08888888888888889,6,低利用率
SF001211,2025-03-03 08:00:00,0.08888888888888889,6,低利用率
SF001211,2025-03-03 09:00:00,0.08888888888888889,6,低利用率
SF001211,2025-03-03 10:00:00,0.08888888888888889,6,低利用率
SF001211,2025-03-03 11:00:00,0.08888888888888889,6,低利用率
SF001211,2025-03-03 12:00:00,0.08888888888888889,6,低利用率
SF001211,2025-03-03 13:00:00,0.08888888888888889,6,低利用率
SF001211,2025-03-03 14:00:00,0.08888888888888889,6,低利用率
SF001211,2025-03-03 15:00:00,0.08888888888888889,6,低利用率
SF001211,2025-03-03 16:00:00,0.08888888888888889,6,低利用率
SF001211,2025-03-03 17:00:00,0.08888888888888889,6,低利用率
SF001211,2025-03-03 18:00:00,0.08888888888888889,6,低利用率
SF001211,2025-03-03 19:00:00,0.08888888888888889,6,低利用率
SF001211,2025-03-03 20:00:00,0.08888888888888889,6,低利用率
SF001211,2025-03-03 21:00:00,0.08888888888888889,3,低利用率
SF001211,2025-04-07 00:00:00,0.08888888888888889,6,低利用率
SF001211,2025-04-07 06:00:00,0.08888888888888889,6,低利用率
SF001211,2025-04-07 12:00:00,0.08888888888888889,6,低利用率
SF001211,2025-04-07 18:00:00,0.08888888888888889,6,低利用率
SF001211,2025-04-08 00:00:00,0.08888888888888889,6,低利用率
SF001211,2025-04-08 06:00:00,0.08888888888888889,6,低利用率
SF001211,2025-04-08 12:00:00,0.08888888888888889,6,低利用率
SF001211,2025-04-08 18:00:00,0.08888888888888889,6,低利用率
SF001211,2025-04-09 00:00:00,0.08888888888888889,6,低利用率
SF001211,2025-04-09 06:00:00,0.08888888888888889,6,低利用率
SF001211,2025-04-09 12:00:00,0.08888888888888889,6,低利用率
SF001211,2025-04-09 18:00:00,0.08888888888888889,6,低利用率
SF001211,2025-04-10 00:00:00,0.08888888888888889,6,低利用率
SF001211,2025-04-10 06:00:00,0.08888888888888889,6,低利用率
SF001211,2025-04-10 12:00:00,0.08888888888888889,6,低利用率
SF001211,2025-04-10 18:00:00,0.08888888888888889,6,低利用率
SF001211,2025-04-11 00:00:00,0.08888888888888889,6,低利用率
SF001211,2025-04-11 06:00:00,0.08888888888888889,6,低利用率
SF001211,2025-04-11 12:00:00,0.08888888888888889,6,低利用率
SF001211,2025-04-11 18:00:00,0.08888888888888889,6,低利用率
SF001211,2025-04-12 00:00:00,0.08888888888888889,6,低利用率
SF001211,2025-04-12 06:00:00,0.08888888888888889,6,低利用率
SF001211,2025-04-12 12:00:00,0.08888888888888889,6,低利用率
SF001211,2025-04-12 18:00:00,0.08888888888888889,6,低利用率
SF001211,2025-04-13 00:00:00,0.08888888888888889,6,低利用率
SF001211,2025-04-13 06:00:00,0.08888888888888889,6,低利用率
SF001211,2025-04-13 12:00:00,0.08888888888888889,6,低利用率
SF001211,2025-04-13 18:00:00,0.08888888888888889,6,低利用率
SF00124,2025-03-02 21:00:00,0.601,2,中利用率
SF00124,2025-03-02 22:00:00,0.5963333333333333,6,中利用率
SF00124,2025-03-02 23:00:00,0.9316666666666666,6,高利用率
SF00124,2025-03-03 00:00:00,0.3336666666666666,6,中利用率
SF00124,2025-03-03 01:00:00,0.19966666666666666,6,低利用率
SF00124,2025-03-03 02:00:00,0.20033333333333334,6,低利用率
SF00124,2025-03-03 03:00:00,0.19966666666666666,6,低利用率
SF00124,2025-03-03 04:00:00,0.19933333333333333,6,低利用率
SF00124,2025-03-03 05:00:00,0.20099999999999998,6,低利用率
SF00124,2025-03-03 06:00:00,0.2846666666666667,6,低利用率
SF00124,2025-03-03 07:00:00,0.29866666666666664,6,低利用率
SF00124,2025-03-03 08:00:00,0.385,6,中利用率
SF00124,2025-03-03 09:00:00,0.3993333333333333,6,中利用率
SF00124,2025-03-03 10:00:00,0.4013333333333333,6,中利用率
SF00124,2025-03-03 11:00:00,0.401,6,中利用率
SF00124,2025-03-03 12:00:00,0.3986666666666667,6,中利用率
SF00124,2025-03-03 13:00:00,0.401,6,中利用率
SF00124,2025-03-03 14:00:00,0.399,6,中利用率
SF00124,2025-03-03 15:00:00,0.4026666666666667,6,中利用率
SF00124,2025-03-03 16:00:00,0.57,6,中利用率
SF00124,2025-03-03 17:00:00,0.597,6,中利用率
SF00124,2025-03-03 18:00:00,0.6026666666666666,6,中利用率
SF00124,2025-03-03 19:00:00,0.5946666666666666,6,中利用率
SF00124,2025-03-03 20:00:00,0.5973333333333333,6,中利用率
SF00124,2025-03-03 21:00:00,0.6086666666666667,3,中利用率
SF00124,2025-04-07 00:00:00,0.33266666666666667,6,中利用率
SF00124,2025-04-07 06:00:00,0.2866666666666667,6,低利用率
SF00124,2025-04-07 12:00:00,0.401,6,中利用率
SF00124,2025-04-07 18:00:00,0.603,6,中利用率
SF00124,2025-04-08 00:00:00,0.332,6,中利用率
SF00124,2025-04-08 06:00:00,0.2823333333333333,6,低利用率
SF00124,2025-04-08 12:00:00,0.3993333333333333,6,中利用率
SF00124,2025-04-08 18:00:00,0.597,6,中利用率
SF00124,2025-04-09 00:00:00,0.3333333333333333,6,中利用率
SF00124,2025-04-09 06:00:00,0.288,6,低利用率
SF00124,2025-04-09 12:00:00,0.39633333333333337,6,中利用率
SF00124,2025-04-09 18:00:00,0.603,6,中利用率
SF00124,2025-04-10 00:00:00,0.3333333333333333,6,中利用率
SF00124,2025-04-10 06:00:00,0.2846666666666667,6,低利用率
SF00124,2025-04-10 12:00:00,0.40066666666666667,6,中利用率
SF00124,2025-04-10 18:00:00,0.602,6,中利用率
SF00124,2025-04-11 00:00:00,0.33433333333333337,6,中利用率
SF00124,2025-04-11 06:00:00,0.2826666666666667,6,低利用率
SF00124,2025-04-11 12:00:00,0.601,6,中利用率
SF00124,2025-04-11 18:00:00,0.903,6,高利用率
SF00124,2025-04-12 00:00:00,0.33266666666666667,6,中利用率
SF00124,2025-04-12 06:00:00,0.2826666666666667,6,低利用率
SF00124,2025-04-12 12:00:00,0.6023333333333333,6,中利用率
SF00124,2025-04-12 18:00:00,0.9013333333333334,6,高利用率
SF00124,2025-04-13 00:00:00,0.334,6,中利用率
SF00124,2025-04-13 06:00:00,0.282,6,低利用率
SF00124,2025-04-13 12:00:00,0.5993333333333334,6,中利用率
SF00124,2025-04-13 18:00:00,0.8996666666666666,6,高利用率
SF00128,2025-03-02 21:00:00,0.6011494252873564,2,中利用率
SF00128,2025-03-02 22:00:00,0.5992337164750957,6,中利用率
SF00128,2025-03-02 23:00:00,0.9316091954022988,6,高利用率
SF00128,2025-03-03 00:00:00,0.33237547892720304,6,中利用率
SF00128,2025-03-03 01:00:00,0.20057471264367818,6,低利用率
SF00128,2025-03-03 02:00:00,0.19827586206896552,6,低利用率
SF00128,2025-03-03 03:00:00,0.19827586206896552,6,低利用率
SF00128,2025-03-03 04:00:00,0.20114942528735633,6,低利用率
SF00128,2025-03-03 05:00:00,0.1990421455938697,6,低利用率
SF00128,2025-03-03 06:00:00,0.28122605363984676,6,低利用率
SF00128,2025-03-03 07:00:00,0.2967432950191571,6,低利用率
SF00128,2025-03-03 08:00:00,0.38429118773946364,6,中利用率
SF00128,2025-03-03 09:00:00,0.4005747126436781,6,中利用率
SF00128,2025-03-03 10:00:00,0.3982758620689655,6,中利用率
SF00128,2025-03-03 11:00:00,0.40114942528735636,6,中利用率
SF00128,2025-03-03 12:00:00,0.4009578544061303,6,中利用率
SF00128,2025-03-03 13:00:00,0.3978927203065134,6,中利用率
SF00128,2025-03-03 14:00:00,0.3988505747126437,6,中利用率
SF00128,2025-03-03 15:00:00,0.40249042145593866,6,中利用率
SF00128,2025-03-03 16:00:00,0.5655172413793104,6,中利用率
SF00128,2025-03-03 17:00:00,0.5990421455938697,6,中利用率
SF00128,2025-03-03 18:00:00,0.6009578544061303,6,中利用率
SF00128,2025-03-03 19:00:00,0.6011494252873564,6,中利用率
SF00128,2025-03-03 20:00:00,0.5982758620689655,6,中利用率
SF00128,2025-03-03 21:00:00,0.6015325670498085,3,中利用率
SF00128,2025-04-07 00:00:00,0.3342911877394636,6,中利用率
SF00128,2025-04-07 06:00:00,0.2862068965517241,6,低利用率
SF00128,2025-04-07 12:00:00,0.4003831417624521,6,中利用率
SF00128,2025-04-07 18:00:00,0.6003831417624521,6,中利用率
SF00128,2025-04-08 00:00:00,0.33237547892720304,6,中利用率
SF00128,2025-04-08 06:00:00,0.282183908045977,6,低利用率
SF00128,2025-04-08 12:00:00,0.3982758620689655,6,中利用率
SF00128,2025-04-08 18:00:00,0.6011494252873563,6,中利用率
SF00128,2025-04-09 00:00:00,0.33371647509578545,6,中利用率
SF00128,2025-04-09 06:00:00,0.2827586206896552,6,低利用率
SF00128,2025-04-09 12:00:00,0.4021072796934866,6,中利用率
SF00128,2025-04-09 18:00:00,0.5992337164750958,6,中利用率
SF00128,2025-04-10 00:00:00,0.3318007662835249,6,中利用率
SF00128,2025-04-10 06:00:00,0.28314176245210726,6,低利用率
SF00128,2025-04-10 12:00:00,0.4007662835249042,6,中利用率
SF00128,2025-04-10 18:00:00,0.5975095785440613,6,中利用率
SF00128,2025-04-11 00:00:00,0.3325670498084291,6,中利用率
SF00128,2025-04-11 06:00:00,0.2858237547892721,6,低利用率
SF00128,2025-04-11 12:00:00,0.5982758620689655,6,中利用率
SF00128,2025-04-11 18:00:00,0.9034482758620689,6,高利用率
SF00128,2025-04-12 00:00:00,0.332183908045977,6,中利用率
SF00128,2025-04-12 06:00:00,0.2825670498084291,6,低利用率
SF00128,2025-04-12 12:00:00,0.6017241379310345,6,中利用率
SF00128,2025-04-12 18:00:00,0.9005747126436782,6,高利用率
SF00128,2025-04-13 00:00:00,0.332183908045977,6,中利用率
SF00128,2025-04-13 06:00:00,0.282183908045977,6,低利用率
SF00128,2025-04-13 12:00:00,0.5988505747126437,6,中利用率
SF00128,2025-04-13 18:00:00,0.9017241379310345,6,高利用率
SF00133,2025-03-02 21:00:00,0.2,2,低利用率
SF00133,2025-03-02 22:00:00,0.1794871794871795,6,低利用率
SF00133,2025-03-02 23:00:00,0.1608974358974359,6,低利用率
SF00133,2025-03-03 00:00:00,0.1346153846153846,6,低利用率
SF00133,2025-03-03 01:00:00,0.12756410256410258,6,低利用率
SF00133,2025-03-03 02:00:00,0.13012820512820514,6,低利用率
SF00133,2025-03-03 03:00:00,0.12435897435897436,6,低利用率
SF00133,2025-03-03 04:00:00,0.12243589743589745,6,低利用率
SF00133,2025-03-03 05:00:00,0.1185897435897436,6,低利用率
SF00133,2025-03-03 06:00:00,0.11602564102564104,6,低利用率
SF00133,2025-03-03 07:00:00,0.1435897435897436,6,低利用率
SF00133,2025-03-03 08:00:00,0.35192307692307695,6,中利用率
SF00133,2025-03-03 09:00:00,0.7525641025641026,6,高利用率
SF00133,2025-03-03 10:00:00,0.9384615384615383,6,高利用率
SF00133,2025-03-03 11:00:00,0.9923076923076923,6,高利用率
SF00133,2025-03-03 12:00:00,0.9923076923076923,6,高利用率
SF00133,2025-03-03 13:00:00,0.9923076923076923,6,高利用率
SF00133,2025-03-03 14:00:00,0.9923076923076923,6,高利用率
SF00133,2025-03-03 15:00:00,0.9923076923076923,6,高利用率
SF00133,2025-03-03 16:00:00,0.9897435897435898,6,高利用率
SF00133,2025-03-03 17:00:00,0.7634615384615384,6,高利用率
SF00133,2025-03-03 18:00:00,0.569871794871795,6,中利用率
SF00133,2025-03-03 19:00:00,0.5371794871794872,6,中利用率
SF00133,2025-03-03 20:00:00,0.5147435897435898,6,中利用率
SF00133,2025-03-03 21:00:00,0.4628205128205128,3,中利用率
SF00133,2025-04-07 00:00:00,0.17692307692307693,6,低利用率
SF00133,2025-04-07 06:00:00,0.1826923076923077,6,低利用率
SF00133,2025-04-07 12:00:00,0.8653846153846154,6,高利用率
SF00133,2025-04-07 18:00:00,0.38974358974358975,6,中利用率
SF00133,2025-04-08 00:00:00,0.19807692307692307,6,低利用率
SF00133,2025-04-08 06:00:00,0.17243589743589746,6,低利用率
SF00133,2025-04-08 12:00:00,0.7307692307692308,6,高利用率
SF00133,2025-04-08 18:00:00,0.4461538461538461,6,中利用率
SF00133,2025-04-09 00:00:00,0.19166666666666668,6,低利用率
SF00133,2025-04-09 06:00:00,0.20641025641025643,6,低利用率
SF00133,2025-04-09 12:00:00,0.8743589743589744,6,高利用率
SF00133,2025-04-09 18:00:00,0.3935897435897436,6,中利用率
SF00133,2025-04-10 00:00:00,0.2128205128205128,6,低利用率
SF00133,2025-04-10 06:00:00,0.21666666666666667,6,低利用率
SF00133,2025-04-10 12:00:00,0.9743589743589743,6,高利用率
SF00133,2025-04-10 18:00:00,0.47371794871794876,6,中利用率
SF00133,2025-04-11 00:00:00,0.26153846153846155,6,低利用率
SF00133,2025-04-11 06:00:00,0.26666666666666666,6,低利用率
SF00133,2025-04-11 12:00:00,0.8250000000000001,6,高利用率
SF00133,2025-04-11 18:00:00,0.4153846153846154,6,中利用率
SF00133,2025-04-12 00:00:00,0.24294871794871797,6,低利用率
SF00133,2025-04-12 06:00:00,0.25256410256410255,6,低利用率
SF00133,2025-04-12 12:00:00,0.6685897435897435,6,中利用率
SF00133,2025-04-12 18:00:00,0.3903846153846154,6,中利用率
SF00133,2025-04-13 00:00:00,0.2519230769230769,6,低利用率
SF00133,2025-04-13 06:00:00,0.2435897435897436,6,低利用率
SF00133,2025-04-13 12:00:00,0.40320512820512816,6,中利用率
SF00133,2025-04-13 18:00:00,0.3032051282051282,6,中利用率
SF00141,2025-03-02 21:00:00,0.73,2,高利用率
SF00141,2025-03-02 22:00:00,0.6,6,中利用率
SF00141,2025-03-02 23:00:00,0.48,6,中利用率
SF00141,2025-03-03 00:00:00,0.3066666666666667,6,中利用率
SF00141,2025-03-03 01:00:00,0.24,6,低利用率
SF00141,2025-03-03 02:00:00,0.18000000000000002,6,低利用率
SF00141,2025-03-03 03:00:00,0.06,6,低利用率
SF00141,2025-03-03 04:00:00,0.07333333333333333,6,低利用率
SF00141,2025-03-03 05:00:00,0.02666666666666667,6,低利用率
SF00141,2025-03-03 06:00:00,0.0,6,低利用率
SF00141,2025-03-03 07:00:00,0.016666666666666666,6,低利用率
SF00141,2025-03-03 08:00:00,0.21666666666666667,6,低利用率
SF00141,2025-03-03 09:00:00,0.3633333333333333,6,中利用率
SF00141,2025-03-03 10:00:00,0.42,6,中利用率
SF00141,2025-03-03 11:00:00,0.45,6,中利用率
SF00141,2025-03-03 12:00:00,0.48,6,中利用率
SF00141,2025-03-03 13:00:00,0.56,6,中利用率
SF00141,2025-03-03 14:00:00,0.73,6,高利用率
SF00141,2025-03-03 15:00:00,0.83,6,高利用率
SF00141,2025-03-03 16:00:00,0.7666666666666666,6,高利用率
SF00141,2025-03-03 17:00:00,0.6566666666666666,6,中利用率
SF00141,2025-03-03 18:00:00,0.6699999999999999,6,中利用率
SF00141,2025-03-03 19:00:00,0.7966666666666667,6,高利用率
SF00141,2025-03-03 20:00:00,0.93,6,高利用率
SF00141,2025-03-03 21:00:00,0.7666666666666666,3,高利用率
SF00141,2025-04-07 00:00:00,0.16333333333333333,6,低利用率
SF00141,2025-04-07 06:00:00,0.04,6,低利用率
SF00141,2025-04-07 12:00:00,0.4033333333333333,6,中利用率
SF00141,2025-04-07 18:00:00,0.5266666666666667,6,中利用率
SF00141,2025-04-08 00:00:00,0.23333333333333336,6,低利用率
SF00141,2025-04-08 06:00:00,0.14,6,低利用率
SF00141,2025-04-08 12:00:00,0.44,6,中利用率
SF00141,2025-04-08 18:00:00,0.43,6,中利用率
SF00141,2025-04-09 00:00:00,0.24333333333333332,6,低利用率
SF00141,2025-04-09 06:00:00,0.15333333333333335,6,低利用率
SF00141,2025-04-09 12:00:00,0.44,6,中利用率
SF00141,2025-04-09 18:00:00,0.4566666666666667,6,中利用率
SF00141,2025-04-10 00:00:00,0.23666666666666666,6,低利用率
SF00141,2025-04-10 06:00:00,0.05333333333333334,6,低利用率
SF00141,2025-04-10 12:00:00,0.44333333333333336,6,中利用率
SF00141,2025-04-10 18:00:00,0.33666666666666667,6,中利用率
SF00141,2025-04-11 00:00:00,0.15666666666666668,6,低利用率
SF00141,2025-04-11 06:00:00,0.08666666666666667,6,低利用率
SF00141,2025-04-11 12:00:00,0.3733333333333333,6,中利用率
SF00141,2025-04-11 18:00:00,0.24666666666666667,6,低利用率
SF00141,2025-04-12 00:00:00,0.2833333333333334,6,低利用率
SF00141,2025-04-12 06:00:00,0.16,6,低利用率
SF00141,2025-04-12 12:00:00,0.5266666666666667,6,中利用率
SF00141,2025-04-12 18:00:00,0.84,6,高利用率
SF00141,2025-04-13 00:00:00,0.5,6,中利用率
SF00141,2025-04-13 06:00:00,0.34,6,中利用率
SF00141,2025-04-13 12:00:00,0.9266666666666666,6,高利用率
SF00141,2025-04-13 18:00:00,0.67,6,中利用率
SF00146,2025-03-02 21:00:00,0.6166666666666667,2,中利用率
SF00146,2025-03-02 22:00:00,0.611111111111111,6,中利用率
SF00146,2025-03-02 23:00:00,0.918888888888889,6,高利用率
SF00146,2025-03-03 00:00:00,0.32555555555555554,6,中利用率
SF00146,2025-03-03 01:00:00,0.19555555555555557,6,低利用率
SF00146,2025-03-03 02:00:00,0.20666666666666667,6,低利用率
SF00146,2025-03-03 03:00:00,0.20444444444444446,6,低利用率
SF00146,2025-03-03 04:00:00,0.1977777777777778,6,低利用率
SF00146,2025-03-03 05:00:00,0.1988888888888889,6,低利用率
SF00146,2025-03-03 06:00:00,0.2822222222222222,6,低利用率
SF00146,2025-03-03 07:00:00,0.3022222222222222,6,中利用率
SF00146,2025-03-03 08:00:00,0.3933333333333333,6,中利用率
SF00146,2025-03-03 09:00:00,0.40444444444444444,6,中利用率
SF00146,2025-03-03 10:00:00,0.4033333333333333,6,中利用率
SF00146,2025-03-03 11:00:00,0.39111111111111113,6,中利用率
SF00146,2025-03-03 12:00:00,0.3988888888888889,6,中利用率
SF00146,2025-03-03 13:00:00,0.4033333333333333,6,中利用率
SF00146,2025-03-03 14:00:00,0.4177777777777778,6,中利用率
SF00146,2025-03-03 15:00:00,0.41444444444444445,6,中利用率
SF00146,2025-03-03 16:00:00,0.5644444444444444,6,中利用率
SF00146,2025-03-03 17:00:00,0.601111111111111,6,中利用率
SF00146,2025-03-03 18:00:00,0.5988888888888889,6,中利用率
SF00146,2025-03-03 19:00:00,0.6166666666666666,6,中利用率
SF00146,2025-03-03 20:00:00,0.581111111111111,6,中利用率
SF00146,2025-03-03 21:00:00,0.6044444444444445,3,中利用率
SF00146,2025-04-07 00:00:00,0.32555555555555554,6,中利用率
SF00146,2025-04-07 06:00:00,0.27666666666666667,6,低利用率
SF00146,2025-04-07 12:00:00,0.4077777777777778,6,中利用率
SF00146,2025-04-07 18:00:00,0.5955555555555555,6,中利用率
SF00146,2025-04-08 00:00:00,0.33111111111111113,6,中利用率
SF00146,2025-04-08 06:00:00,0.27999999999999997,6,低利用率
SF00146,2025-04-08 12:00:00,0.38999999999999996,6,中利用率
SF00146,2025-04-08 18:00:00,0.6044444444444445,6,中利用率
SF00146,2025-04-09 00:00:00,0.3288888888888889,6,中利用率
SF00146,2025-04-09 06:00:00,0.27444444444444444,6,低利用率
SF00146,2025-04-09 12:00:00,0.39111111111111113,6,中利用率
SF00146,2025-04-09 18:00:00,0.601111111111111,6,中利用率
SF00146,2025-04-10 00:00:00,0.33111111111111113,6,中利用率
SF00146,2025-04-10 06:00:00,0.28111111111111114,6,低利用率
SF00146,2025-04-10 12:00:00,0.38666666666666666,6,中利用率
SF00146,2025-04-10 18:00:00,0.5922222222222222,6,中利用率
SF00146,2025-04-11 00:00:00,0.33666666666666667,6,中利用率
SF00146,2025-04-11 06:00:00,0.27999999999999997,6,低利用率
SF00146,2025-04-11 12:00:00,0.59,6,中利用率
SF00146,2025-04-11 18:00:00,0.9155555555555556,6,高利用率
SF00146,2025-04-12 00:00:00,0.3355555555555556,6,中利用率
SF00146,2025-04-12 06:00:00,0.29444444444444445,6,低利用率
SF00146,2025-04-12 12:00:00,0.5966666666666667,6,中利用率
SF00146,2025-04-12 18:00:00,0.8977777777777778,6,高利用率
SF00146,2025-04-13 00:00:00,0.3288888888888889,6,中利用率
SF00146,2025-04-13 06:00:00,0.28444444444444444,6,低利用率
SF00146,2025-04-13 12:00:00,0.61,6,中利用率
SF00146,2025-04-13 18:00:00,0.9033333333333333,6,高利用率
SF00151,2025-03-02 21:00:00,0.21904761904761905,3,低利用率
SF00151,2025-03-02 22:00:00,0.20714285714285716,6,低利用率
SF00151,2025-03-02 23:00:00,0.20000000000000004,6,低利用率
SF00151,2025-03-03 00:00:00,0.20000000000000004,6,低利用率
SF00151,2025-03-03 01:00:00,0.20000000000000004,6,低利用率
SF00151,2025-03-03 02:00:00,0.20000000000000004,6,低利用率
SF00151,2025-03-03 03:00:00,0.20000000000000004,6,低利用率
SF00151,2025-03-03 04:00:00,0.20000000000000004,6,低利用率
SF00151,2025-03-03 05:00:00,0.20000000000000004,6,低利用率
SF00151,2025-03-03 06:00:00,0.1976190476190476,6,低利用率
SF00151,2025-03-03 07:00:00,0.19047619047619047,6,低利用率
SF00151,2025-03-03 08:00:00,0.5952380952380952,6,中利用率
SF00151,2025-03-03 09:00:00,0.8380952380952381,6,高利用率
SF00151,2025-03-03 10:00:00,0.7690476190476191,6,高利用率
SF00151,2025-03-03 11:00:00,0.7738095238095237,6,高利用率
SF00151,2025-03-03 12:00:00,0.7666666666666666,6,高利用率
SF00151,2025-03-03 13:00:00,0.8023809523809523,6,高利用率
SF00151,2025-03-03 14:00:00,0.7214285714285714,6,高利用率
SF00151,2025-03-03 15:00:00,0.6809523809523809,6,中利用率
SF00151,2025-03-03 16:00:00,0.7071428571428572,6,高利用率
SF00151,2025-03-03 17:00:00,0.7404761904761905,6,高利用率
SF00151,2025-03-03 18:00:00,0.4857142857142857,6,中利用率
SF00151,2025-03-03 19:00:00,0.36190476190476195,6,中利用率
SF00151,2025-03-03 20:00:00,0.319047619047619,6,中利用率
SF00151,2025-03-03 21:00:00,0.29523809523809524,3,低利用率
SF00151,2025-04-07 00:00:00,0.22857142857142856,6,低利用率
SF00151,2025-04-07 06:00:00,0.20952380952380953,6,低利用率
SF00151,2025-04-07 12:00:00,0.7142857142857143,6,高利用率
SF00151,2025-04-07 18:00:00,0.7142857142857143,6,高利用率
SF00151,2025-04-08 00:00:00,0.4142857142857143,6,中利用率
SF00151,2025-04-08 06:00:00,0.3952380952380952,6,中利用率
SF00151,2025-04-08 12:00:00,0.7452380952380953,6,高利用率
SF00151,2025-04-08 18:00:00,0.4619047619047619,6,中利用率
SF00151,2025-04-09 00:00:00,0.3452380952380953,6,中利用率
SF00151,2025-04-09 06:00:00,0.2976190476190476,6,低利用率
SF00151,2025-04-09 12:00:00,0.7357142857142858,6,高利用率
SF00151,2025-04-09 18:00:00,0.8190476190476191,6,高利用率
SF00151,2025-04-10 00:00:00,0.4166666666666667,6,中利用率
SF00151,2025-04-10 06:00:00,0.38571428571428573,6,中利用率
SF00151,2025-04-10 12:00:00,0.730952380952381,6,高利用率
SF00151,2025-04-10 18:00:00,0.6452380952380953,6,中利用率
SF00151,2025-04-11 00:00:00,0.4071428571428572,6,中利用率
SF00151,2025-04-11 06:00:00,0.33095238095238094,6,中利用率
SF00151,2025-04-11 12:00:00,0.7761904761904762,6,高利用率
SF00151,2025-04-11 18:00:00,0.4976190476190476,6,中利用率
SF00151,2025-04-12 00:00:00,0.19047619047619047,6,低利用率
SF00151,2025-04-12 06:00:00,0.14285714285714285,6,低利用率
SF00151,2025-04-12 12:00:00,0.2857142857142857,6,低利用率
SF00151,2025-04-12 18:00:00,0.530952380952381,6,中利用率
SF00151,2025-04-13 00:00:00,0.4880952380952381,6,中利用率
SF00151,2025-04-13 06:00:00,0.47142857142857136,6,中利用率
SF00151,2025-04-13 12:00:00,0.469047619047619,6,中利用率
SF00151,2025-04-13 18:00:00,0.4476190476190476,6,中利用率
SF00152,2025-03-02 21:00:00,0.596,3,中利用率
SF00152,2025-03-02 22:00:00,0.603,6,中利用率
SF00152,2025-03-02 23:00:00,0.9289999999999999,6,高利用率
SF00152,2025-03-03 00:00:00,0.33266666666666667,6,中利用率
SF00152,2025-03-03 01:00:00,0.19866666666666669,6,低利用率
SF00152,2025-03-03 02:00:00,0.20033333333333334,6,低利用率
SF00152,2025-03-03 03:00:00,0.19899999999999998,6,低利用率
SF00152,2025-03-03 04:00:00,0.20066666666666666,6,低利用率
SF00152,2025-03-03 05:00:00,0.19966666666666666,6,低利用率
SF00152,2025-03-03 06:00:00,0.2866666666666667,6,低利用率
SF00152,2025-03-03 07:00:00,0.3016666666666667,6,中利用率
SF00152,2025-03-03 08:00:00,0.38766666666666666,6,中利用率
SF00152,2025-03-03 09:00:00,0.3983333333333334,6,中利用率
SF00152,2025-03-03 10:00:00,0.39799999999999996,6,中利用率
SF00152,2025-03-03 11:00:00,0.39966666666666667,6,中利用率
SF00152,2025-03-03 12:00:00,0.4046666666666667,6,中利用率
SF00152,2025-03-03 13:00:00,0.40166666666666667,6,中利用率
SF00152,2025-03-03 14:00:00,0.39866666666666667,6,中利用率
SF00152,2025-03-03 15:00:00,0.4003333333333334,6,中利用率
SF00152,2025-03-03 16:00:00,0.564,6,中利用率
SF00152,2025-03-03 17:00:00,0.604,6,中利用率
SF00152,2025-03-03 18:00:00,0.601,6,中利用率
SF00152,2025-03-03 19:00:00,0.602,6,中利用率
SF00152,2025-03-03 20:00:00,0.599,6,中利用率
SF00152,2025-03-03 21:00:00,0.5973333333333333,3,中利用率
SF00152,2025-04-07 00:00:00,0.3313333333333333,6,中利用率
SF00152,2025-04-07 06:00:00,0.282,6,低利用率
SF00152,2025-04-07 12:00:00,0.39966666666666667,6,中利用率
SF00152,2025-04-07 18:00:00,0.5986666666666666,6,中利用率
SF00152,2025-04-08 00:00:00,0.33266666666666667,6,中利用率
SF00152,2025-04-08 06:00:00,0.2833333333333333,6,低利用率
SF00152,2025-04-08 12:00:00,0.4033333333333333,6,中利用率
SF00152,2025-04-08 18:00:00,0.597,6,中利用率
SF00152,2025-04-09 00:00:00,0.33266666666666667,6,中利用率
SF00152,2025-04-09 06:00:00,0.2826666666666667,6,低利用率
SF00152,2025-04-09 12:00:00,0.39966666666666667,6,中利用率
SF00152,2025-04-09 18:00:00,0.5963333333333333,6,中利用率
SF00152,2025-04-10 00:00:00,0.3323333333333333,6,中利用率
SF00152,2025-04-10 06:00:00,0.2846666666666667,6,低利用率
SF00152,2025-04-10 12:00:00,0.4053333333333333,6,中利用率
SF00152,2025-04-10 18:00:00,0.602,6,中利用率
SF00152,2025-04-11 00:00:00,0.3323333333333333,6,中利用率
SF00152,2025-04-11 06:00:00,0.285,6,低利用率
SF00152,2025-04-11 12:00:00,0.6006666666666667,6,中利用率
SF00152,2025-04-11 18:00:00,0.9,6,高利用率
SF00152,2025-04-12 00:00:00,0.3323333333333333,6,中利用率
SF00152,2025-04-12 06:00:00,0.283,6,低利用率
SF00152,2025-04-12 12:00:00,0.6,6,中利用率
SF00152,2025-04-12 18:00:00,0.9033333333333333,6,高利用率
SF00152,2025-04-13 00:00:00,0.3336666666666667,6,中利用率
SF00152,2025-04-13 06:00:00,0.27799999999999997,6,低利用率
SF00152,2025-04-13 12:00:00,0.5926666666666667,6,中利用率
SF00152,2025-04-13 18:00:00,0.8943333333333333,6,高利用率
SF00155,2025-03-02 21:00:00,0.112,3,低利用率
SF00155,2025-03-02 22:00:00,0.10533333333333333,6,低利用率
SF00155,2025-03-02 23:00:00,0.104,6,低利用率
SF00155,2025-03-03 00:00:00,0.104,6,低利用率
SF00155,2025-03-03 01:00:00,0.07066666666666667,6,低利用率
SF00155,2025-03-03 02:00:00,0.064,6,低利用率
SF00155,2025-03-03 03:00:00,0.064,6,低利用率
SF00155,2025-03-03 04:00:00,0.064,6,低利用率
SF00155,2025-03-03 05:00:00,0.07066666666666667,6,低利用率
SF00155,2025-03-03 06:00:00,0.08133333333333333,6,低利用率
SF00155,2025-03-03 07:00:00,0.24933333333333332,6,低利用率
SF00155,2025-03-03 08:00:00,0.8306666666666667,6,高利用率
SF00155,2025-03-03 09:00:00,0.984,6,高利用率
SF00155,2025-03-03 10:00:00,0.984,6,高利用率
SF00155,2025-03-03 11:00:00,0.7919999999999999,6,高利用率
SF00155,2025-03-03 12:00:00,0.5773333333333334,6,中利用率
SF00155,2025-03-03 13:00:00,0.6693333333333333,6,中利用率
SF00155,2025-03-03 14:00:00,0.964,6,高利用率
SF00155,2025-03-03 15:00:00,0.976,6,高利用率
SF00155,2025-03-03 16:00:00,0.7893333333333333,6,高利用率
SF00155,2025-03-03 17:00:00,0.33866666666666667,6,中利用率
SF00155,2025-03-03 18:00:00,0.18800000000000003,6,低利用率
SF00155,2025-03-03 19:00:00,0.17733333333333334,6,低利用率
SF00155,2025-03-03 20:00:00,0.17600000000000002,6,低利用率
SF00155,2025-03-03 21:00:00,0.17600000000000002,3,低利用率
SF00155,2025-04-07 00:00:00,0.07333333333333332,6,低利用率
SF00155,2025-04-07 06:00:00,0.08133333333333333,6,低利用率
SF00155,2025-04-07 12:00:00,0.508,6,中利用率
SF00155,2025-04-07 18:00:00,0.13333333333333333,6,低利用率
SF00155,2025-04-08 00:00:00,0.136,6,低利用率
SF00155,2025-04-08 06:00:00,0.144,6,低利用率
SF00155,2025-04-08 12:00:00,0.5026666666666667,6,中利用率
SF00155,2025-04-08 18:00:00,0.13333333333333333,6,低利用率
SF00155,2025-04-09 00:00:00,0.12933333333333333,6,低利用率
SF00155,2025-04-09 06:00:00,0.07866666666666666,6,低利用率
SF00155,2025-04-09 12:00:00,0.4613333333333334,6,中利用率
SF00155,2025-04-09 18:00:00,0.16,6,低利用率
SF00155,2025-04-10 00:00:00,0.136,6,低利用率
SF00155,2025-04-10 06:00:00,0.13066666666666668,6,低利用率
SF00155,2025-04-10 12:00:00,0.5093333333333333,6,中利用率
SF00155,2025-04-10 18:00:00,0.18000000000000002,6,低利用率
SF00155,2025-04-11 00:00:00,0.17066666666666666,6,低利用率
SF00155,2025-04-11 06:00:00,0.15066666666666664,6,低利用率
SF00155,2025-04-11 12:00:00,0.5426666666666667,6,中利用率
SF00155,2025-04-11 18:00:00,0.17333333333333334,6,低利用率
SF00155,2025-04-12 00:00:00,0.168,6,低利用率
SF00155,2025-04-12 06:00:00,0.144,6,低利用率
SF00155,2025-04-12 12:00:00,0.37200000000000005,6,中利用率
SF00155,2025-04-12 18:00:00,0.16933333333333334,6,低利用率
SF00155,2025-04-13 00:00:00,0.152,6,低利用率
SF00155,2025-04-13 06:00:00,0.136,6,低利用率
SF00155,2025-04-13 12:00:00,0.38266666666666665,6,中利用率
SF00155,2025-04-13 18:00:00,0.19333333333333336,6,低利用率
SF00159,2025-03-02 21:00:00,0.5388888888888889,3,中利用率
SF00159,2025-03-02 22:00:00,0.5183333333333333,6,中利用率
SF00159,2025-03-02 23:00:00,0.48833333333333334,6,中利用率
SF00159,2025-03-03 00:00:00,0.4955555555555556,6,中利用率
SF00159,2025-03-03 01:00:00,0.4794444444444444,6,中利用率
SF00159,2025-03-03 02:00:00,0.445,6,中利用率
SF00159,2025-03-03 03:00:00,0.4344444444444444,6,中利用率
SF00159,2025-03-03 04:00:00,0.4472222222222222,6,中利用率
SF00159,2025-03-03 05:00:00,0.43944444444444447,6,中利用率
SF00159,2025-03-03 06:00:00,0.4494444444444445,6,中利用率
SF00159,2025-03-03 07:00:00,0.6638888888888889,6,中利用率
SF00159,2025-03-03 08:00:00,0.7600000000000001,6,高利用率
SF00159,2025-03-03 09:00:00,0.7600000000000001,6,高利用率
SF00159,2025-03-03 10:00:00,0.7600000000000001,6,高利用率
SF00159,2025-03-03 11:00:00,0.7600000000000001,6,高利用率
SF00159,2025-03-03 12:00:00,0.7600000000000001,6,高利用率
SF00159,2025-03-03 13:00:00,0.7600000000000001,6,高利用率
SF00159,2025-03-03 14:00:00,0.7600000000000001,6,高利用率
SF00159,2025-03-03 15:00:00,0.7600000000000001,6,高利用率
SF00159,2025-03-03 16:00:00,0.7600000000000001,6,高利用率
SF00159,2025-03-03 17:00:00,0.7600000000000001,6,高利用率
SF00159,2025-03-03 18:00:00,0.7600000000000001,6,高利用率
SF00159,2025-03-03 19:00:00,0.7600000000000001,6,高利用率
SF00159,2025-03-03 20:00:00,0.715,6,高利用率
SF00159,2025-03-03 21:00:00,0.6211111111111111,3,中利用率
SF00159,2025-04-07 00:00:00,0.3138888888888889,6,中利用率
SF00159,2025-04-07 06:00:00,0.28444444444444444,6,低利用率
SF00159,2025-04-07 12:00:00,0.7600000000000001,6,高利用率
SF00159,2025-04-07 18:00:00,0.6544444444444445,6,中利用率
SF00159,2025-04-08 00:00:00,0.32833333333333337,6,中利用率
SF00159,2025-04-08 06:00:00,0.2611111111111111,6,低利用率
SF00159,2025-04-08 12:00:00,0.7600000000000001,6,高利用率
SF00159,2025-04-08 18:00:00,0.6077777777777778,6,中利用率
SF00159,2025-04-09 00:00:00,0.2988888888888889,6,低利用率
SF00159,2025-04-09 06:00:00,0.26611111111111113,6,低利用率
SF00159,2025-04-09 12:00:00,0.7600000000000001,6,高利用率
SF00159,2025-04-09 18:00:00,0.5444444444444444,6,中利用率
SF00159,2025-04-10 00:00:00,0.28611111111111115,6,低利用率
SF00159,2025-04-10 06:00:00,0.27611111111111114,6,低利用率
SF00159,2025-04-10 12:00:00,0.7600000000000001,6,高利用率
SF00159,2025-04-10 18:00:00,0.5444444444444444,6,中利用率
SF00159,2025-04-11 00:00:00,0.28055555555555556,6,低利用率
SF00159,2025-04-11 06:00:00,0.25666666666666665,6,低利用率
SF00159,2025-04-11 12:00:00,0.7600000000000001,6,高利用率
SF00159,2025-04-11 18:00:00,0.5677777777777778,6,中利用率
SF00159,2025-04-12 00:00:00,0.3288888888888889,6,中利用率
SF00159,2025-04-12 06:00:00,0.3433333333333333,6,中利用率
SF00159,2025-04-12 12:00:00,0.7600000000000001,6,高利用率
SF00159,2025-04-12 18:00:00,0.5888888888888889,6,中利用率
SF00159,2025-04-13 00:00:00,0.29055555555555557,6,低利用率
SF00159,2025-04-13 06:00:00,0.26,6,低利用率
SF00159,2025-04-13 12:00:00,0.7600000000000001,6,高利用率
SF00159,2025-04-13 18:00:00,0.59,6,中利用率
SF00171,2025-03-02 21:00:00,0.152,3,低利用率
SF00171,2025-03-02 22:00:00,0.11316666666666668,6,低利用率
SF00171,2025-03-02 23:00:00,0.08083333333333333,6,低利用率
SF00171,2025-03-03 00:00:00,0.06716666666666667,6,低利用率
SF00171,2025-03-03 01:00:00,0.0655,6,低利用率
SF00171,2025-03-03 02:00:00,0.0665,6,低利用率
SF00171,2025-03-03 03:00:00,0.068,6,低利用率
SF00171,2025-03-03 04:00:00,0.06583333333333334,6,低利用率
SF00171,2025-03-03 05:00:00,0.0685,6,低利用率
SF00171,2025-03-03 06:00:00,0.06733333333333334,6,低利用率
SF00171,2025-03-03 07:00:00,0.06733333333333334,6,低利用率
SF00171,2025-03-03 08:00:00,0.0675,6,低利用率
SF00171,2025-03-03 09:00:00,0.09516666666666666,6,低利用率
SF00171,2025-03-03 10:00:00,0.12283333333333334,6,低利用率
SF00171,2025-03-03 11:00:00,0.17166666666666666,6,低利用率
SF00171,2025-03-03 12:00:00,0.24383333333333335,6,低利用率
SF00171,2025-03-03 13:00:00,0.23450000000000001,6,低利用率
SF00171,2025-03-03 14:00:00,0.2115,6,低利用率
SF00171,2025-03-03 15:00:00,0.21016666666666664,6,低利用率
SF00171,2025-03-03 16:00:00,0.2255,6,低利用率
SF00171,2025-03-03 17:00:00,0.24483333333333335,6,低利用率
SF00171,2025-03-03 18:00:00,0.3318333333333333,6,中利用率
SF00171,2025-03-03 19:00:00,0.3458333333333334,6,中利用率
SF00171,2025-03-03 20:00:00,0.2705,6,低利用率
SF00171,2025-03-03 21:00:00,0.17966666666666667,3,低利用率
SF00171,2025-04-07 00:00:00,0.067,6,低利用率
SF00171,2025-04-07 06:00:00,0.067,6,低利用率
SF00171,2025-04-07 12:00:00,0.067,6,低利用率
SF00171,2025-04-07 18:00:00,0.067,6,低利用率
SF00171,2025-04-08 00:00:00,0.067,6,低利用率
SF00171,2025-04-08 06:00:00,0.067,6,低利用率
SF00171,2025-04-08 12:00:00,0.067,6,低利用率
SF00171,2025-04-08 18:00:00,0.067,6,低利用率
SF00171,2025-04-09 00:00:00,0.067,6,低利用率
SF00171,2025-04-09 06:00:00,0.067,6,低利用率
SF00171,2025-04-09 12:00:00,0.067,6,低利用率
SF00171,2025-04-09 18:00:00,0.067,6,低利用率
SF00171,2025-04-10 00:00:00,0.067,6,低利用率
SF00171,2025-04-10 06:00:00,0.067,6,低利用率
SF00171,2025-04-10 12:00:00,0.067,6,低利用率
SF00171,2025-04-10 18:00:00,0.067,6,低利用率
SF00171,2025-04-11 00:00:00,0.067,6,低利用率
SF00171,2025-04-11 06:00:00,0.067,6,低利用率
SF00171,2025-04-11 12:00:00,0.067,6,低利用率
SF00171,2025-04-11 18:00:00,0.067,6,低利用率
SF00171,2025-04-12 00:00:00,0.067,6,低利用率
SF00171,2025-04-12 06:00:00,0.067,6,低利用率
SF00171,2025-04-12 12:00:00,0.067,6,低利用率
SF00171,2025-04-12 18:00:00,0.067,6,低利用率
SF00171,2025-04-13 00:00:00,0.067,6,低利用率
SF00171,2025-04-13 06:00:00,0.067,6,低利用率
SF00171,2025-04-13 12:00:00,0.067,6,低利用率
SF00171,2025-04-13 18:00:00,0.067,6,低利用率
SF00173,2025-03-02 21:00:00,0.8011111111111111,2,高利用率
SF00173,2025-03-02 22:00:00,0.8055555555555555,6,高利用率
SF00173,2025-03-02 23:00:00,0.7851851851851852,6,高利用率
SF00173,2025-03-03 00:00:00,0.7574074074074074,6,高利用率
SF00173,2025-03-03 01:00:00,0.735925925925926,6,高利用率
SF00173,2025-03-03 02:00:00,0.737037037037037,6,高利用率
SF00173,2025-03-03 03:00:00,0.7322222222222222,6,高利用率
SF00173,2025-03-03 04:00:00,0.7196296296296296,6,高利用率
SF00173,2025-03-03 05:00:00,0.7162962962962962,6,高利用率
SF00173,2025-03-03 06:00:00,0.6903703703703704,6,中利用率
SF00173,2025-03-03 07:00:00,0.6237037037037038,6,中利用率
SF00173,2025-03-03 08:00:00,0.5707407407407408,6,中利用率
SF00173,2025-03-03 09:00:00,0.5785185185185185,6,中利用率
SF00173,2025-03-03 10:00:00,0.5762962962962963,6,中利用率
SF00173,2025-03-03 11:00:00,0.5803703703703703,6,中利用率
SF00173,2025-03-03 12:00:00,0.5874074074074075,6,中利用率
SF00173,2025-03-03 13:00:00,0.61,6,中利用率
SF00173,2025-03-03 14:00:00,0.6555555555555556,6,中利用率
SF00173,2025-03-03 15:00:00,0.6614814814814814,6,中利用率
SF00173,2025-03-03 16:00:00,0.6796296296296296,6,中利用率
SF00173,2025-03-03 17:00:00,0.6692592592592592,6,中利用率
SF00173,2025-03-03 18:00:00,0.7288888888888888,6,高利用率
SF00173,2025-03-03 19:00:00,0.7859259259259259,6,高利用率
SF00173,2025-03-03 20:00:00,0.8248148148148148,6,高利用率
SF00173,2025-03-03 21:00:00,0.8288888888888889,3,高利用率
SF00173,2025-04-07 00:00:00,0.6359259259259259,6,中利用率
SF00173,2025-04-07 06:00:00,0.5748148148148148,6,中利用率
SF00173,2025-04-07 12:00:00,0.597037037037037,6,中利用率
SF00173,2025-04-07 18:00:00,0.6785185185185186,6,中利用率
SF00173,2025-04-08 00:00:00,0.7381481481481481,6,高利用率
SF00173,2025-04-08 06:00:00,0.6929629629629629,6,中利用率
SF00173,2025-04-08 12:00:00,0.5459259259259259,6,中利用率
SF00173,2025-04-08 18:00:00,0.6911111111111111,6,中利用率
SF00173,2025-04-09 00:00:00,0.6874074074074074,6,中利用率
SF00173,2025-04-09 06:00:00,0.6507407407407407,6,中利用率
SF00173,2025-04-09 12:00:00,0.572962962962963,6,中利用率
SF00173,2025-04-09 18:00:00,0.6692592592592592,6,中利用率
SF00173,2025-04-10 00:00:00,0.7011111111111111,6,高利用率
SF00173,2025-04-10 06:00:00,0.6822222222222223,6,中利用率
SF00173,2025-04-10 12:00:00,0.5733333333333334,6,中利用率
SF00173,2025-04-10 18:00:00,0.6781481481481482,6,中利用率
SF00173,2025-04-11 00:00:00,0.7214814814814815,6,高利用率
SF00173,2025-04-11 06:00:00,0.6788888888888889,6,中利用率
SF00173,2025-04-11 12:00:00,0.5566666666666666,6,中利用率
SF00173,2025-04-11 18:00:00,0.6803703703703704,6,中利用率
SF00173,2025-04-12 00:00:00,0.7477777777777778,6,高利用率
SF00173,2025-04-12 06:00:00,0.7348148148148148,6,高利用率
SF00173,2025-04-12 12:00:00,0.6537037037037037,6,中利用率
SF00173,2025-04-12 18:00:00,0.7185185185185184,6,高利用率
SF00173,2025-04-13 00:00:00,0.7651851851851852,6,高利用率
SF00173,2025-04-13 06:00:00,0.7322222222222222,6,高利用率
SF00173,2025-04-13 12:00:00,0.654074074074074,6,中利用率
SF00173,2025-04-13 18:00:00,0.6433333333333334,6,中利用率
SF00174,2025-03-02 21:00:00,0.3033333333333333,3,中利用率
SF00174,2025-03-02 22:00:00,0.31,6,中利用率
SF00174,2025-03-02 23:00:00,0.29,6,低利用率
SF00174,2025-03-03 00:00:00,0.29666666666666663,6,低利用率
SF00174,2025-03-03 01:00:00,0.2816666666666667,6,低利用率
SF00174,2025-03-03 02:00:00,0.26333333333333336,6,低利用率
SF00174,2025-03-03 03:00:00,0.25166666666666665,6,低利用率
SF00174,2025-03-03 04:00:00,0.25166666666666665,6,低利用率
SF00174,2025-03-03 05:00:00,0.25,6,低利用率
SF00174,2025-03-03 06:00:00,0.25833333333333336,6,低利用率
SF00174,2025-03-03 07:00:00,0.46,6,中利用率
SF00174,2025-03-03 08:00:00,0.98,6,高利用率
SF00174,2025-03-03 09:00:00,0.98,6,高利用率
SF00174,2025-03-03 10:00:00,0.98,6,高利用率
SF00174,2025-03-03 11:00:00,0.98,6,高利用率
SF00174,2025-03-03 12:00:00,0.96,6,高利用率
SF00174,2025-03-03 13:00:00,0.98,6,高利用率
SF00174,2025-03-03 14:00:00,0.98,6,高利用率
SF00174,2025-03-03 15:00:00,0.9049999999999999,6,高利用率
SF00174,2025-03-03 16:00:00,0.7233333333333333,6,高利用率
SF00174,2025-03-03 17:00:00,0.3566666666666667,6,中利用率
SF00174,2025-03-03 18:00:00,0.4116666666666667,6,中利用率
SF00174,2025-03-03 19:00:00,0.48,6,中利用率
SF00174,2025-03-03 20:00:00,0.35833333333333334,6,中利用率
SF00174,2025-03-03 21:00:00,0.3,3,中利用率
SF00174,2025-04-07 00:00:00,0.20000000000000004,6,低利用率
SF00174,2025-04-07 06:00:00,0.19166666666666665,6,低利用率
SF00174,2025-04-07 12:00:00,0.98,6,高利用率
SF00174,2025-04-07 18:00:00,0.49833333333333335,6,中利用率
SF00174,2025-04-08 00:00:00,0.405,6,中利用率
SF00174,2025-04-08 06:00:00,0.4183333333333334,6,中利用率
SF00174,2025-04-08 12:00:00,0.9700000000000001,6,高利用率
SF00174,2025-04-08 18:00:00,0.36000000000000004,6,中利用率
SF00174,2025-04-09 00:00:00,0.22666666666666666,6,低利用率
SF00174,2025-04-09 06:00:00,0.215,6,低利用率
SF00174,2025-04-09 12:00:00,0.7666666666666666,6,高利用率
SF00174,2025-04-09 18:00:00,0.3933333333333333,6,中利用率
SF00174,2025-04-10 00:00:00,0.18666666666666665,6,低利用率
SF00174,2025-04-10 06:00:00,0.18000000000000002,6,低利用率
SF00174,2025-04-10 12:00:00,0.7733333333333334,6,高利用率
SF00174,2025-04-10 18:00:00,0.32666666666666666,6,中利用率
SF00174,2025-04-11 00:00:00,0.18666666666666665,6,低利用率
SF00174,2025-04-11 06:00:00,0.19833333333333333,6,低利用率
SF00174,2025-04-11 12:00:00,0.9666666666666667,6,高利用率
SF00174,2025-04-11 18:00:00,0.26333333333333336,6,低利用率
SF00174,2025-04-12 00:00:00,0.13333333333333333,6,低利用率
SF00174,2025-04-12 06:00:00,0.14666666666666667,6,低利用率
SF00174,2025-04-12 12:00:00,0.45333333333333337,6,中利用率
SF00174,2025-04-12 18:00:00,0.285,6,低利用率
SF00174,2025-04-13 00:00:00,0.14833333333333334,6,低利用率
SF00174,2025-04-13 06:00:00,0.19833333333333333,6,低利用率
SF00174,2025-04-13 12:00:00,0.5416666666666666,6,中利用率
SF00174,2025-04-13 18:00:00,0.3633333333333333,6,中利用率
SF00180,2025-03-02 21:00:00,0.27647058823529413,2,低利用率
SF00180,2025-03-02 22:00:00,0.22549019607843138,6,低利用率
SF00180,2025-03-02 23:00:00,0.2235294117647059,6,低利用率
SF00180,2025-03-03 00:00:00,0.21568627450980393,6,低利用率
SF00180,2025-03-03 01:00:00,0.20196078431372552,6,低利用率
SF00180,2025-03-03 02:00:00,0.18823529411764706,6,低利用率
SF00180,2025-03-03 03:00:00,0.17450980392156865,6,低利用率
SF00180,2025-03-03 04:00:00,0.1784313725490196,6,低利用率
SF00180,2025-03-03 05:00:00,0.16470588235294117,6,低利用率
SF00180,2025-03-03 06:00:00,0.15490196078431373,6,低利用率
SF00180,2025-03-03 07:00:00,0.2764705882352941,6,低利用率
SF00180,2025-03-03 08:00:00,0.5294117647058824,6,中利用率
SF00180,2025-03-03 09:00:00,0.6137254901960785,6,中利用率
SF00180,2025-03-03 10:00:00,0.6098039215686275,6,中利用率
SF00180,2025-03-03 11:00:00,0.5823529411764706,6,中利用率
SF00180,2025-03-03 12:00:00,0.5431372549019607,6,中利用率
SF00180,2025-03-03 13:00:00,0.5764705882352942,6,中利用率
SF00180,2025-03-03 14:00:00,0.5392156862745098,6,中利用率
SF00180,2025-03-03 15:00:00,0.5274509803921569,6,中利用率
SF00180,2025-03-03 16:00:00,0.5,6,中利用率
SF00180,2025-03-03 17:00:00,0.39999999999999997,6,中利用率
SF00180,2025-03-03 18:00:00,0.3372549019607843,6,中利用率
SF00180,2025-03-03 19:00:00,0.30980392156862746,6,中利用率
SF00180,2025-03-03 20:00:00,0.27058823529411763,6,低利用率
SF00180,2025-03-03 21:00:00,0.2823529411764706,3,低利用率
SF00180,2025-04-07 00:00:00,0.24901960784313726,6,低利用率
SF00180,2025-04-07 06:00:00,0.25098039215686274,6,低利用率
SF00180,2025-04-07 12:00:00,0.6098039215686274,6,中利用率
SF00180,2025-04-07 18:00:00,0.396078431372549,6,中利用率
SF00180,2025-04-08 00:00:00,0.2352941176470588,6,低利用率
SF00180,2025-04-08 06:00:00,0.20196078431372552,6,低利用率
SF00180,2025-04-08 12:00:00,0.6705882352941176,6,中利用率
SF00180,2025-04-08 18:00:00,0.38431372549019605,6,中利用率
SF00180,2025-04-09 00:00:00,0.2058823529411765,6,低利用率
SF00180,2025-04-09 06:00:00,0.19215686274509802,6,低利用率
SF00180,2025-04-09 12:00:00,0.7156862745098039,6,高利用率
SF00180,2025-04-09 18:00:00,0.3588235294117647,6,中利用率
SF00180,2025-04-10 00:00:00,0.2235294117647059,6,低利用率
SF00180,2025-04-10 06:00:00,0.21372549019607842,6,低利用率
SF00180,2025-04-10 12:00:00,0.792156862745098,6,高利用率
SF00180,2025-04-10 18:00:00,0.39215686274509803,6,中利用率
SF00180,2025-04-11 00:00:00,0.21176470588235294,6,低利用率
SF00180,2025-04-11 06:00:00,0.16862745098039214,6,低利用率
SF00180,2025-04-11 12:00:00,0.6588235294117647,6,中利用率
SF00180,2025-04-11 18:00:00,0.38235294117647056,6,中利用率
SF00180,2025-04-12 00:00:00,0.22745098039215686,6,低利用率
SF00180,2025-04-12 06:00:00,0.19607843137254902,6,低利用率
SF00180,2025-04-12 12:00:00,0.684313725490196,6,中利用率
SF00180,2025-04-12 18:00:00,0.37254901960784315,6,中利用率
SF00180,2025-04-13 00:00:00,0.1784313725490196,6,低利用率
SF00180,2025-04-13 06:00:00,0.11960784313725491,6,低利用率
SF00180,2025-04-13 12:00:00,0.7196078431372549,6,高利用率
SF00180,2025-04-13 18:00:00,0.3470588235294117,6,中利用率
SF00182,2025-03-02 21:00:00,0.9428571428571427,3,高利用率
SF00182,2025-03-02 22:00:00,0.8999999999999999,6,高利用率
SF00182,2025-03-02 23:00:00,0.7571428571428571,6,高利用率
SF00182,2025-03-03 00:00:00,0.6238095238095238,6,中利用率
SF00182,2025-03-03 01:00:00,0.519047619047619,6,中利用率
SF00182,2025-03-03 02:00:00,0.4619047619047619,6,中利用率
SF00182,2025-03-03 03:00:00,0.45714285714285713,6,中利用率
SF00182,2025-03-03 04:00:00,0.45714285714285713,6,中利用率
SF00182,2025-03-03 05:00:00,0.4619047619047619,6,中利用率
SF00182,2025-03-03 06:00:00,0.4619047619047619,6,中利用率
SF00182,2025-03-03 07:00:00,0.4619047619047619,6,中利用率
SF00182,2025-03-03 08:00:00,0.5761904761904763,6,中利用率
SF00182,2025-03-03 09:00:00,0.7571428571428571,6,高利用率
SF00182,2025-03-03 10:00:00,0.7857142857142857,6,高利用率
SF00182,2025-03-03 11:00:00,0.9238095238095237,6,高利用率
SF00182,2025-03-03 12:00:00,0.9428571428571427,6,高利用率
SF00182,2025-03-03 13:00:00,0.9428571428571427,6,高利用率
SF00182,2025-03-03 14:00:00,0.9142857142857143,6,高利用率
SF00182,2025-03-03 15:00:00,0.8476190476190476,6,高利用率
SF00182,2025-03-03 16:00:00,0.7333333333333334,6,高利用率
SF00182,2025-03-03 17:00:00,0.8857142857142857,6,高利用率
SF00182,2025-03-03 18:00:00,0.9428571428571427,6,高利用率
SF00182,2025-03-03 19:00:00,0.8333333333333334,6,高利用率
SF00182,2025-03-03 20:00:00,0.41904761904761906,6,中利用率
SF00182,2025-03-03 21:00:00,0.3523809523809524,3,中利用率
SF00182,2025-04-07 00:00:00,0.6095238095238095,6,中利用率
SF00182,2025-04-07 06:00:00,0.38571428571428573,6,中利用率
SF00182,2025-04-07 12:00:00,0.8095238095238096,6,高利用率
SF00182,2025-04-07 18:00:00,0.8333333333333334,6,高利用率
SF00182,2025-04-08 00:00:00,0.20952380952380953,6,低利用率
SF00182,2025-04-08 06:00:00,0.047619047619047616,6,低利用率
SF00182,2025-04-08 12:00:00,0.6333333333333333,6,中利用率
SF00182,2025-04-08 18:00:00,0.8476190476190476,6,高利用率
SF00182,2025-04-09 00:00:00,0.14285714285714285,6,低利用率
SF00182,2025-04-09 06:00:00,0.0857142857142857,6,低利用率
SF00182,2025-04-09 12:00:00,0.6904761904761906,6,中利用率
SF00182,2025-04-09 18:00:00,0.861904761904762,6,高利用率
SF00182,2025-04-10 00:00:00,0.12380952380952381,6,低利用率
SF00182,2025-04-10 06:00:00,0.05714285714285714,6,低利用率
SF00182,2025-04-10 12:00:00,0.5190476190476191,6,中利用率
SF00182,2025-04-10 18:00:00,0.7666666666666667,6,高利用率
SF00182,2025-04-11 00:00:00,0.19047619047619047,6,低利用率
SF00182,2025-04-11 06:00:00,0.08095238095238096,6,低利用率
SF00182,2025-04-11 12:00:00,0.5476190476190476,6,中利用率
SF00182,2025-04-11 18:00:00,0.938095238095238,6,高利用率
SF00182,2025-04-12 00:00:00,0.09523809523809523,6,低利用率
SF00182,2025-04-12 06:00:00,0.014285714285714285,6,低利用率
SF00182,2025-04-12 12:00:00,0.938095238095238,6,高利用率
SF00182,2025-04-12 18:00:00,0.9428571428571427,6,高利用率
SF00182,2025-04-13 00:00:00,0.32857142857142857,6,中利用率
SF00182,2025-04-13 06:00:00,0.2142857142857143,6,低利用率
SF00182,2025-04-13 12:00:00,0.9428571428571427,6,高利用率
SF00182,2025-04-13 18:00:00,0.9428571428571427,6,高利用率
SF00187,2025-03-02 21:00:00,0.6121212121212122,3,中利用率
SF00187,2025-03-02 22:00:00,0.5727272727272726,6,中利用率
SF00187,2025-03-02 23:00:00,0.9060606060606061,6,高利用率
SF00187,2025-03-03 00:00:00,0.32727272727272727,6,中利用率
SF00187,2025-03-03 01:00:00,0.196969696969697,6,低利用率
SF00187,2025-03-03 02:00:00,0.18484848484848485,6,低利用率
SF00187,2025-03-03 03:00:00,0.20303030303030303,6,低利用率
SF00187,2025-03-03 04:00:00,0.2090909090909091,6,低利用率
SF00187,2025-03-03 05:00:00,0.19090909090909092,6,低利用率
SF00187,2025-03-03 06:00:00,0.2878787878787879,6,低利用率
SF00187,2025-03-03 07:00:00,0.28484848484848485,6,低利用率
SF00187,2025-03-03 08:00:00,0.38484848484848483,6,中利用率
SF00187,2025-03-03 09:00:00,0.4181818181818182,6,中利用率
SF00187,2025-03-03 10:00:00,0.39999999999999997,6,中利用率
SF00187,2025-03-03 11:00:00,0.37272727272727274,6,中利用率
SF00187,2025-03-03 12:00:00,0.3909090909090909,6,中利用率
SF00187,2025-03-03 13:00:00,0.4181818181818182,6,中利用率
SF00187,2025-03-03 14:00:00,0.42424242424242425,6,中利用率
SF00187,2025-03-03 15:00:00,0.4393939393939394,6,中利用率
SF00187,2025-03-03 16:00:00,0.5818181818181818,6,中利用率
SF00187,2025-03-03 17:00:00,0.5606060606060606,6,中利用率
SF00187,2025-03-03 18:00:00,0.5909090909090909,6,中利用率
SF00187,2025-03-03 19:00:00,0.5757575757575757,6,中利用率
SF00187,2025-03-03 20:00:00,0.6060606060606061,6,中利用率
SF00187,2025-03-03 21:00:00,0.5696969696969697,3,中利用率
SF00187,2025-04-07 00:00:00,0.33030303030303027,6,中利用率
SF00187,2025-04-07 06:00:00,0.29393939393939394,6,低利用率
SF00187,2025-04-07 12:00:00,0.403030303030303,6,中利用率
SF00187,2025-04-07 18:00:00,0.5969696969696969,6,中利用率
SF00187,2025-04-08 00:00:00,0.31212121212121213,6,中利用率
SF00187,2025-04-08 06:00:00,0.2606060606060606,6,低利用率
SF00187,2025-04-08 12:00:00,0.37878787878787873,6,中利用率
SF00187,2025-04-08 18:00:00,0.6121212121212122,6,中利用率
SF00187,2025-04-09 00:00:00,0.33939393939393936,6,中利用率
SF00187,2025-04-09 06:00:00,0.30303030303030304,6,中利用率
SF00187,2025-04-09 12:00:00,0.396969696969697,6,中利用率
SF00187,2025-04-09 18:00:00,0.6242424242424242,6,中利用率
SF00187,2025-04-10 00:00:00,0.3090909090909091,6,中利用率
SF00187,2025-04-10 06:00:00,0.2909090909090909,6,低利用率
SF00187,2025-04-10 12:00:00,0.37878787878787873,6,中利用率
SF00187,2025-04-10 18:00:00,0.6,6,中利用率
SF00187,2025-04-11 00:00:00,0.3090909090909091,6,中利用率
SF00187,2025-04-11 06:00:00,0.2878787878787879,6,低利用率
SF00187,2025-04-11 12:00:00,0.5545454545454546,6,中利用率
SF00187,2025-04-11 18:00:00,0.9212121212121213,6,高利用率
SF00187,2025-04-12 00:00:00,0.3242424242424243,6,中利用率
SF00187,2025-04-12 06:00:00,0.2818181818181818,6,低利用率
SF00187,2025-04-12 12:00:00,0.6181818181818182,6,中利用率
SF00187,2025-04-12 18:00:00,0.9090909090909091,6,高利用率
SF00187,2025-04-13 00:00:00,0.33636363636363636,6,中利用率
SF00187,2025-04-13 06:00:00,0.30303030303030304,6,中利用率
SF00187,2025-04-13 12:00:00,0.6,6,中利用率
SF00187,2025-04-13 18:00:00,0.9090909090909091,6,高利用率
SF00901,2025-03-02 21:00:00,0.32894736842105265,3,中利用率
SF00901,2025-03-02 22:00:00,0.2280701754385965,6,低利用率
SF00901,2025-03-02 23:00:00,0.18421052631578946,6,低利用率
SF00901,2025-03-03 00:00:00,0.18859649122807018,6,低利用率
SF00901,2025-03-03 01:00:00,0.1929824561403509,6,低利用率
SF00901,2025-03-03 02:00:00,0.18421052631578946,6,低利用率
SF00901,2025-03-03 03:00:00,0.18421052631578946,6,低利用率
SF00901,2025-03-03 04:00:00,0.18640350877192982,6,低利用率
SF00901,2025-03-03 05:00:00,0.21052631578947367,6,低利用率
SF00901,2025-03-03 06:00:00,0.20833333333333334,6,低利用率
SF00901,2025-03-03 07:00:00,0.2565789473684211,6,低利用率
SF00901,2025-03-03 08:00:00,0.6885964912280702,6,中利用率
SF00901,2025-03-03 09:00:00,0.9736842105263158,6,高利用率
SF00901,2025-03-03 10:00:00,0.9736842105263158,6,高利用率
SF00901,2025-03-03 11:00:00,0.9736842105263158,6,高利用率
SF00901,2025-03-03 12:00:00,0.9736842105263158,6,高利用率
SF00901,2025-03-03 13:00:00,0.962719298245614,6,高利用率
SF00901,2025-03-03 14:00:00,0.9736842105263158,6,高利用率
SF00901,2025-03-03 15:00:00,0.9736842105263158,6,高利用率
SF00901,2025-03-03 16:00:00,0.962719298245614,6,高利用率
SF00901,2025-03-03 17:00:00,0.7346491228070176,6,高利用率
SF00901,2025-03-03 18:00:00,0.5,6,中利用率
SF00901,2025-03-03 19:00:00,0.3640350877192982,6,中利用率
SF00901,2025-03-03 20:00:00,0.27850877192982454,6,低利用率
SF00901,2025-03-03 21:00:00,0.23245614035087717,3,低利用率
SF00901,2025-04-07 00:00:00,0.23245614035087717,6,低利用率
SF00901,2025-04-07 06:00:00,0.2236842105263158,6,低利用率
SF00901,2025-04-07 12:00:00,0.7456140350877193,6,高利用率
SF00901,2025-04-07 18:00:00,0.44078947368421056,6,中利用率
SF00901,2025-04-08 00:00:00,0.16228070175438594,6,低利用率
SF00901,2025-04-08 06:00:00,0.18859649122807018,6,低利用率
SF00901,2025-04-08 12:00:00,0.7478070175438596,6,高利用率
SF00901,2025-04-08 18:00:00,0.3157894736842105,6,中利用率
SF00901,2025-04-09 00:00:00,0.15789473684210525,6,低利用率
SF00901,2025-04-09 06:00:00,0.17324561403508773,6,低利用率
SF00901,2025-04-09 12:00:00,0.8618421052631579,6,高利用率
SF00901,2025-04-09 18:00:00,0.43201754385964913,6,中利用率
SF00901,2025-04-10 00:00:00,0.19736842105263155,6,低利用率
SF00901,2025-04-10 06:00:00,0.2236842105263158,6,低利用率
SF00901,2025-04-10 12:00:00,0.875,6,高利用率
SF00901,2025-04-10 18:00:00,0.46491228070175433,6,中利用率
SF00901,2025-04-11 00:00:00,0.23026315789473684,6,低利用率
SF00901,2025-04-11 06:00:00,0.22149122807017543,6,低利用率
SF00901,2025-04-11 12:00:00,0.9539473684210527,6,高利用率
SF00901,2025-04-11 18:00:00,0.44298245614035087,6,中利用率
SF00901,2025-04-12 00:00:00,0.1907894736842105,6,低利用率
SF00901,2025-04-12 06:00:00,0.17324561403508773,6,低利用率
SF00901,2025-04-12 12:00:00,0.625,6,中利用率
SF00901,2025-04-12 18:00:00,0.543859649122807,6,中利用率
SF00901,2025-04-13 00:00:00,0.2916666666666667,6,低利用率
SF00901,2025-04-13 06:00:00,0.2565789473684211,6,低利用率
SF00901,2025-04-13 12:00:00,0.8640350877192983,6,高利用率
SF00901,2025-04-13 18:00:00,0.6315789473684211,6,中利用率
SF00902,2025-03-02 21:00:00,0.07272727272727272,3,低利用率
SF00902,2025-03-02 22:00:00,0.07272727272727272,6,低利用率
SF00902,2025-03-02 23:00:00,0.07272727272727272,6,低利用率
SF00902,2025-03-03 00:00:00,0.07272727272727272,6,低利用率
SF00902,2025-03-03 01:00:00,0.07272727272727272,6,低利用率
SF00902,2025-03-03 02:00:00,0.07272727272727272,6,低利用率
SF00902,2025-03-03 03:00:00,0.07272727272727272,6,低利用率
SF00902,2025-03-03 04:00:00,0.07272727272727272,6,低利用率
SF00902,2025-03-03 05:00:00,0.07272727272727272,6,低利用率
SF00902,2025-03-03 06:00:00,0.07272727272727272,6,低利用率
SF00902,2025-03-03 07:00:00,0.07272727272727272,6,低利用率
SF00902,2025-03-03 08:00:00,0.07272727272727272,6,低利用率
SF00902,2025-03-03 09:00:00,0.07272727272727272,6,低利用率
SF00902,2025-03-03 10:00:00,0.07272727272727272,6,低利用率
SF00902,2025-03-03 11:00:00,0.07272727272727272,6,低利用率
SF00902,2025-03-03 12:00:00,0.07272727272727272,6,低利用率
SF00902,2025-03-03 13:00:00,0.07272727272727272,6,低利用率
SF00902,2025-03-03 14:00:00,0.07272727272727272,6,低利用率
SF00902,2025-03-03 15:00:00,0.07272727272727272,6,低利用率
SF00902,2025-03-03 16:00:00,0.07272727272727272,6,低利用率
SF00902,2025-03-03 17:00:00,0.07272727272727272,6,低利用率
SF00902,2025-03-03 18:00:00,0.07272727272727272,6,低利用率
SF00902,2025-03-03 19:00:00,0.07272727272727272,6,低利用率
SF00902,2025-03-03 20:00:00,0.07272727272727272,6,低利用率
SF00902,2025-03-03 21:00:00,0.07272727272727272,3,低利用率
SF00902,2025-04-07 00:00:00,0.07272727272727272,6,低利用率
SF00902,2025-04-07 06:00:00,0.07272727272727272,6,低利用率
SF00902,2025-04-07 12:00:00,0.07272727272727272,6,低利用率
SF00902,2025-04-07 18:00:00,0.07272727272727272,6,低利用率
SF00902,2025-04-08 00:00:00,0.07272727272727272,6,低利用率
SF00902,2025-04-08 06:00:00,0.07272727272727272,6,低利用率
SF00902,2025-04-08 12:00:00,0.07272727272727272,6,低利用率
SF00902,2025-04-08 18:00:00,0.07272727272727272,6,低利用率
SF00902,2025-04-09 00:00:00,0.07272727272727272,6,低利用率
SF00902,2025-04-09 06:00:00,0.07272727272727272,6,低利用率
SF00902,2025-04-09 12:00:00,0.07272727272727272,6,低利用率
SF00902,2025-04-09 18:00:00,0.07272727272727272,6,低利用率
SF00902,2025-04-10 00:00:00,0.07272727272727272,6,低利用率
SF00902,2025-04-10 06:00:00,0.07272727272727272,6,低利用率
SF00902,2025-04-10 12:00:00,0.07272727272727272,6,低利用率
SF00902,2025-04-10 18:00:00,0.07272727272727272,6,低利用率
SF00902,2025-04-11 00:00:00,0.07272727272727272,6,低利用率
SF00902,2025-04-11 06:00:00,0.07272727272727272,6,低利用率
SF00902,2025-04-11 12:00:00,0.07272727272727272,6,低利用率
SF00902,2025-04-11 18:00:00,0.07272727272727272,6,低利用率
SF00902,2025-04-12 00:00:00,0.07272727272727272,6,低利用率
SF00902,2025-04-12 06:00:00,0.07272727272727272,6,低利用率
SF00902,2025-04-12 12:00:00,0.07272727272727272,6,低利用率
SF00902,2025-04-12 18:00:00,0.07272727272727272,6,低利用率
SF00902,2025-04-13 00:00:00,0.07272727272727272,6,低利用率
SF00902,2025-04-13 06:00:00,0.07272727272727272,6,低利用率
SF00902,2025-04-13 12:00:00,0.07272727272727272,6,低利用率
SF00902,2025-04-13 18:00:00,0.07272727272727272,6,低利用率
SF00903,2025-03-02 21:00:00,0.08163265306122448,3,低利用率
SF00903,2025-03-02 22:00:00,0.08163265306122448,6,低利用率
SF00903,2025-03-02 23:00:00,0.08163265306122448,6,低利用率
SF00903,2025-03-03 00:00:00,0.08163265306122448,6,低利用率
SF00903,2025-03-03 01:00:00,0.08163265306122448,6,低利用率
SF00903,2025-03-03 02:00:00,0.08163265306122448,6,低利用率
SF00903,2025-03-03 03:00:00,0.08163265306122448,6,低利用率
SF00903,2025-03-03 04:00:00,0.08163265306122448,6,低利用率
SF00903,2025-03-03 05:00:00,0.08163265306122448,6,低利用率
SF00903,2025-03-03 06:00:00,0.08163265306122448,6,低利用率
SF00903,2025-03-03 07:00:00,0.08163265306122448,6,低利用率
SF00903,2025-03-03 08:00:00,0.08163265306122448,6,低利用率
SF00903,2025-03-03 09:00:00,0.08163265306122448,6,低利用率
SF00903,2025-03-03 10:00:00,0.08163265306122448,6,低利用率
SF00903,2025-03-03 11:00:00,0.08163265306122448,6,低利用率
SF00903,2025-03-03 12:00:00,0.08163265306122448,6,低利用率
SF00903,2025-03-03 13:00:00,0.08163265306122448,6,低利用率
SF00903,2025-03-03 14:00:00,0.08163265306122448,6,低利用率
SF00903,2025-03-03 15:00:00,0.08163265306122448,6,低利用率
SF00903,2025-03-03 16:00:00,0.08163265306122448,6,低利用率
SF00903,2025-03-03 17:00:00,0.08163265306122448,6,低利用率
SF00903,2025-03-03 18:00:00,0.08163265306122448,6,低利用率
SF00903,2025-03-03 19:00:00,0.08163265306122448,6,低利用率
SF00903,2025-03-03 20:00:00,0.08163265306122448,6,低利用率
SF00903,2025-03-03 21:00:00,0.08163265306122448,3,低利用率
SF00903,2025-04-07 00:00:00,0.08163265306122448,6,低利用率
SF00903,2025-04-07 06:00:00,0.08163265306122448,6,低利用率
SF00903,2025-04-07 12:00:00,0.08163265306122448,6,低利用率
SF00903,2025-04-07 18:00:00,0.08163265306122448,6,低利用率
SF00903,2025-04-08 00:00:00,0.08163265306122448,6,低利用率
SF00903,2025-04-08 06:00:00,0.08163265306122448,6,低利用率
SF00903,2025-04-08 12:00:00,0.08163265306122448,6,低利用率
SF00903,2025-04-08 18:00:00,0.08163265306122448,6,低利用率
SF00903,2025-04-09 00:00:00,0.08163265306122448,6,低利用率
SF00903,2025-04-09 06:00:00,0.08163265306122448,6,低利用率
SF00903,2025-04-09 12:00:00,0.08163265306122448,6,低利用率
SF00903,2025-04-09 18:00:00,0.08163265306122448,6,低利用率
SF00903,2025-04-10 00:00:00,0.08163265306122448,6,低利用率
SF00903,2025-04-10 06:00:00,0.08163265306122448,6,低利用率
SF00903,2025-04-10 12:00:00,0.08163265306122448,6,低利用率
SF00903,2025-04-10 18:00:00,0.08163265306122448,6,低利用率
SF00903,2025-04-11 00:00:00,0.08163265306122448,6,低利用率
SF00903,2025-04-11 06:00:00,0.08163265306122448,6,低利用率
SF00903,2025-04-11 12:00:00,0.08163265306122448,6,低利用率
SF00903,2025-04-11 18:00:00,0.08163265306122448,6,低利用率
SF00903,2025-04-12 00:00:00,0.08163265306122448,6,低利用率
SF00903,2025-04-12 06:00:00,0.08163265306122448,6,低利用率
SF00903,2025-04-12 12:00:00,0.08163265306122448,6,低利用率
SF00903,2025-04-12 18:00:00,0.08163265306122448,6,低利用率
SF00903,2025-04-13 00:00:00,0.08163265306122448,6,低利用率
SF00903,2025-04-13 06:00:00,0.08163265306122448,6,低利用率
SF00903,2025-04-13 12:00:00,0.08163265306122448,6,低利用率
SF00903,2025-04-13 18:00:00,0.08163265306122448,6,低利用率
SF00904,2025-03-02 21:00:00,0.15555555555555556,2,低利用率
SF00904,2025-03-02 22:00:00,0.11481481481481481,6,低利用率
SF00904,2025-03-02 23:00:00,0.09444444444444444,6,低利用率
SF00904,2025-03-03 00:00:00,0.07962962962962962,6,低利用率
SF00904,2025-03-03 01:00:00,0.07777777777777778,6,低利用率
SF00904,2025-03-03 02:00:00,0.07777777777777778,6,低利用率
SF00904,2025-03-03 03:00:00,0.07777777777777778,6,低利用率
SF00904,2025-03-03 04:00:00,0.075,6,低利用率
SF00904,2025-03-03 05:00:00,0.07222222222222222,6,低利用率
SF00904,2025-03-03 06:00:00,0.07222222222222222,6,低利用率
SF00904,2025-03-03 07:00:00,0.08055555555555555,6,低利用率
SF00904,2025-03-03 08:00:00,0.27777777777777773,6,低利用率
SF00904,2025-03-03 09:00:00,0.32962962962962966,6,中利用率
SF00904,2025-03-03 10:00:00,0.3212962962962963,6,中利用率
SF00904,2025-03-03 11:00:00,0.2675925925925926,6,低利用率
SF00904,2025-03-03 12:00:00,0.2490740740740741,6,低利用率
SF00904,2025-03-03 13:00:00,0.31666666666666665,6,中利用率
SF00904,2025-03-03 14:00:00,0.3527777777777778,6,中利用率
SF00904,2025-03-03 15:00:00,0.34722222222222227,6,中利用率
SF00904,2025-03-03 16:00:00,0.3287037037037037,6,中利用率
SF00904,2025-03-03 17:00:00,0.2657407407407408,6,低利用率
SF00904,2025-03-03 18:00:00,0.21296296296296294,6,低利用率
SF00904,2025-03-03 19:00:00,0.21944444444444444,6,低利用率
SF00904,2025-03-03 20:00:00,0.18240740740740743,6,低利用率
SF00904,2025-03-03 21:00:00,0.15555555555555556,3,低利用率
SF00904,2025-04-07 00:00:00,0.08518518518518518,6,低利用率
SF00904,2025-04-07 06:00:00,0.08518518518518518,6,低利用率
SF00904,2025-04-07 12:00:00,0.32962962962962966,6,中利用率
SF00904,2025-04-07 18:00:00,0.18796296296296297,6,低利用率
SF00904,2025-04-08 00:00:00,0.13796296296296295,6,低利用率
SF00904,2025-04-08 06:00:00,0.1074074074074074,6,低利用率
SF00904,2025-04-08 12:00:00,0.2518518518518518,6,低利用率
SF00904,2025-04-08 18:00:00,0.1814814814814815,6,低利用率
SF00904,2025-04-09 00:00:00,0.12314814814814813,6,低利用率
SF00904,2025-04-09 06:00:00,0.11481481481481481,6,低利用率
SF00904,2025-04-09 12:00:00,0.22777777777777777,6,低利用率
SF00904,2025-04-09 18:00:00,0.20833333333333334,6,低利用率
SF00904,2025-04-10 00:00:00,0.10833333333333334,6,低利用率
SF00904,2025-04-10 06:00:00,0.09444444444444444,6,低利用率
SF00904,2025-04-10 12:00:00,0.262037037037037,6,低利用率
SF00904,2025-04-10 18:00:00,0.2564814814814815,6,低利用率
SF00904,2025-04-11 00:00:00,0.12222222222222222,6,低利用率
SF00904,2025-04-11 06:00:00,0.10648148148148147,6,低利用率
SF00904,2025-04-11 12:00:00,0.2787037037037037,6,低利用率
SF00904,2025-04-11 18:00:00,0.24444444444444444,6,低利用率
SF00904,2025-04-12 00:00:00,0.13148148148148148,6,低利用率
SF00904,2025-04-12 06:00:00,0.10555555555555556,6,低利用率
SF00904,2025-04-12 12:00:00,0.25740740740740736,6,低利用率
SF00904,2025-04-12 18:00:00,0.1722222222222222,6,低利用率
SF00904,2025-04-13 00:00:00,0.08796296296296297,6,低利用率
SF00904,2025-04-13 06:00:00,0.07222222222222222,6,低利用率
SF00904,2025-04-13 12:00:00,0.1851851851851852,6,低利用率
SF00904,2025-04-13 18:00:00,0.14537037037037037,6,低利用率
SF00905,2025-03-02 21:00:00,0.5859649122807017,3,中利用率
SF00905,2025-03-02 22:00:00,0.6070175438596491,6,中利用率
SF00905,2025-03-02 23:00:00,0.9245614035087719,6,高利用率
SF00905,2025-03-03 00:00:00,0.3333333333333333,6,中利用率
SF00905,2025-03-03 01:00:00,0.20526315789473684,6,低利用率
SF00905,2025-03-03 02:00:00,0.18771929824561404,6,低利用率
SF00905,2025-03-03 03:00:00,0.1982456140350877,6,低利用率
SF00905,2025-03-03 04:00:00,0.19649122807017547,6,低利用率
SF00905,2025-03-03 05:00:00,0.19649122807017547,6,低利用率
SF00905,2025-03-03 06:00:00,0.28771929824561404,6,低利用率
SF00905,2025-03-03 07:00:00,0.2964912280701754,6,低利用率
SF00905,2025-03-03 08:00:00,0.3859649122807018,6,中利用率
SF00905,2025-03-03 09:00:00,0.41578947368421054,6,中利用率
SF00905,2025-03-03 10:00:00,0.40175438596491225,6,中利用率
SF00905,2025-03-03 11:00:00,0.3859649122807018,6,中利用率
SF00905,2025-03-03 12:00:00,0.3859649122807018,6,中利用率
SF00905,2025-03-03 13:00:00,0.40175438596491225,6,中利用率
SF00905,2025-03-03 14:00:00,0.3982456140350877,6,中利用率
SF00905,2025-03-03 15:00:00,0.4052631578947368,6,中利用率
SF00905,2025-03-03 16:00:00,0.5561403508771929,6,中利用率
SF00905,2025-03-03 17:00:00,0.5789473684210527,6,中利用率
SF00905,2025-03-03 18:00:00,0.6157894736842106,6,中利用率
SF00905,2025-03-03 19:00:00,0.5859649122807017,6,中利用率
SF00905,2025-03-03 20:00:00,0.6017543859649123,6,中利用率
SF00905,2025-03-03 21:00:00,0.5859649122807017,3,中利用率
SF00905,2025-04-07 00:00:00,0.3263157894736842,6,中利用率
SF00905,2025-04-07 06:00:00,0.2964912280701754,6,低利用率
SF00905,2025-04-07 12:00:00,0.40175438596491225,6,中利用率
SF00905,2025-04-07 18:00:00,0.5947368421052631,6,中利用率
SF00905,2025-04-08 00:00:00,0.3368421052631579,6,中利用率
SF00905,2025-04-08 06:00:00,0.2807017543859649,6,低利用率
SF00905,2025-04-08 12:00:00,0.40175438596491225,6,中利用率
SF00905,2025-04-08 18:00:00,0.6421052631578947,6,中利用率
SF00905,2025-04-09 00:00:00,0.3350877192982456,6,中利用率
SF00905,2025-04-09 06:00:00,0.2771929824561404,6,低利用率
SF00905,2025-04-09 12:00:00,0.3982456140350877,6,中利用率
SF00905,2025-04-09 18:00:00,0.6087719298245614,6,中利用率
SF00905,2025-04-10 00:00:00,0.32280701754385965,6,中利用率
SF00905,2025-04-10 06:00:00,0.3017543859649123,6,中利用率
SF00905,2025-04-10 12:00:00,0.41929824561403506,6,中利用率
SF00905,2025-04-10 18:00:00,0.5947368421052631,6,中利用率
SF00905,2025-04-11 00:00:00,0.3280701754385965,6,中利用率
SF00905,2025-04-11 06:00:00,0.29473684210526313,6,低利用率
SF00905,2025-04-11 12:00:00,0.5912280701754385,6,中利用率
SF00905,2025-04-11 18:00:00,0.9052631578947369,6,高利用率
SF00905,2025-04-12 00:00:00,0.3333333333333333,6,中利用率
SF00905,2025-04-12 06:00:00,0.28596491228070176,6,低利用率
SF00905,2025-04-12 12:00:00,0.6035087719298246,6,中利用率
SF00905,2025-04-12 18:00:00,0.8929824561403509,6,高利用率
SF00905,2025-04-13 00:00:00,0.33157894736842103,6,中利用率
SF00905,2025-04-13 06:00:00,0.28421052631578947,6,低利用率
SF00905,2025-04-13 12:00:00,0.5824561403508771,6,中利用率
SF00905,2025-04-13 18:00:00,0.9035087719298245,6,高利用率
SF00906,2025-03-02 21:00:00,0.08333333333333333,3,低利用率
SF00906,2025-03-02 22:00:00,0.08333333333333333,6,低利用率
SF00906,2025-03-02 23:00:00,0.08333333333333333,6,低利用率
SF00906,2025-03-03 00:00:00,0.08333333333333333,6,低利用率
SF00906,2025-03-03 01:00:00,0.08333333333333333,6,低利用率
SF00906,2025-03-03 02:00:00,0.08333333333333333,6,低利用率
SF00906,2025-03-03 03:00:00,0.08333333333333333,6,低利用率
SF00906,2025-03-03 04:00:00,0.08333333333333333,6,低利用率
SF00906,2025-03-03 05:00:00,0.08333333333333333,6,低利用率
SF00906,2025-03-03 06:00:00,0.08333333333333333,6,低利用率
SF00906,2025-03-03 07:00:00,0.08333333333333333,6,低利用率
SF00906,2025-03-03 08:00:00,0.08333333333333333,6,低利用率
SF00906,2025-03-03 09:00:00,0.08333333333333333,6,低利用率
SF00906,2025-03-03 10:00:00,0.08333333333333333,6,低利用率
SF00906,2025-03-03 11:00:00,0.08333333333333333,6,低利用率
SF00906,2025-03-03 12:00:00,0.08333333333333333,6,低利用率
SF00906,2025-03-03 13:00:00,0.08333333333333333,6,低利用率
SF00906,2025-03-03 14:00:00,0.08333333333333333,6,低利用率
SF00906,2025-03-03 15:00:00,0.08333333333333333,6,低利用率
SF00906,2025-03-03 16:00:00,0.08333333333333333,6,低利用率
SF00906,2025-03-03 17:00:00,0.08333333333333333,6,低利用率
SF00906,2025-03-03 18:00:00,0.08333333333333333,6,低利用率
SF00906,2025-03-03 19:00:00,0.08333333333333333,6,低利用率
SF00906,2025-03-03 20:00:00,0.08333333333333333,6,低利用率
SF00906,2025-03-03 21:00:00,0.08333333333333333,3,低利用率
SF00906,2025-04-07 00:00:00,0.08333333333333333,6,低利用率
SF00906,2025-04-07 06:00:00,0.08333333333333333,6,低利用率
SF00906,2025-04-07 12:00:00,0.08333333333333333,6,低利用率
SF00906,2025-04-07 18:00:00,0.08333333333333333,6,低利用率
SF00906,2025-04-08 00:00:00,0.08333333333333333,6,低利用率
SF00906,2025-04-08 06:00:00,0.08333333333333333,6,低利用率
SF00906,2025-04-08 12:00:00,0.08333333333333333,6,低利用率
SF00906,2025-04-08 18:00:00,0.08333333333333333,6,低利用率
SF00906,2025-04-09 00:00:00,0.08333333333333333,6,低利用率
SF00906,2025-04-09 06:00:00,0.08333333333333333,6,低利用率
SF00906,2025-04-09 12:00:00,0.08333333333333333,6,低利用率
SF00906,2025-04-09 18:00:00,0.08333333333333333,6,低利用率
SF00906,2025-04-10 00:00:00,0.08333333333333333,6,低利用率
SF00906,2025-04-10 06:00:00,0.08333333333333333,6,低利用率
SF00906,2025-04-10 12:00:00,0.08333333333333333,6,低利用率
SF00906,2025-04-10 18:00:00,0.08333333333333333,6,低利用率
SF00906,2025-04-11 00:00:00,0.08333333333333333,6,低利用率
SF00906,2025-04-11 06:00:00,0.08333333333333333,6,低利用率
SF00906,2025-04-11 12:00:00,0.08333333333333333,6,低利用率
SF00906,2025-04-11 18:00:00,0.08333333333333333,6,低利用率
SF00906,2025-04-12 00:00:00,0.08333333333333333,6,低利用率
SF00906,2025-04-12 06:00:00,0.08333333333333333,6,低利用率
SF00906,2025-04-12 12:00:00,0.08333333333333333,6,低利用率
SF00906,2025-04-12 18:00:00,0.08333333333333333,6,低利用率
SF00906,2025-04-13 00:00:00,0.08333333333333333,6,低利用率
SF00906,2025-04-13 06:00:00,0.08333333333333333,6,低利用率
SF00906,2025-04-13 12:00:00,0.08333333333333333,6,低利用率
SF00906,2025-04-13 18:00:00,0.08333333333333333,6,低利用率
SF00907,2025-03-02 21:00:00,0.93875,2,高利用率
SF00907,2025-03-02 22:00:00,0.9195833333333333,6,高利用率
SF00907,2025-03-02 23:00:00,0.8929166666666667,6,高利用率
SF00907,2025-03-03 00:00:00,0.8441666666666666,6,高利用率
SF00907,2025-03-03 01:00:00,0.7908333333333334,6,高利用率
SF00907,2025-03-03 02:00:00,0.76125,6,高利用率
SF00907,2025-03-03 03:00:00,0.7283333333333334,6,高利用率
SF00907,2025-03-03 04:00:00,0.7045833333333333,6,高利用率
SF00907,2025-03-03 05:00:00,0.7170833333333334,6,高利用率
SF00907,2025-03-03 06:00:00,0.7441666666666666,6,高利用率
SF00907,2025-03-03 07:00:00,0.7425,6,高利用率
SF00907,2025-03-03 08:00:00,0.7591666666666667,6,高利用率
SF00907,2025-03-03 09:00:00,0.7558333333333334,6,高利用率
SF00907,2025-03-03 10:00:00,0.7533333333333333,6,高利用率
SF00907,2025-03-03 11:00:00,0.7658333333333333,6,高利用率
SF00907,2025-03-03 12:00:00,0.80625,6,高利用率
SF00907,2025-03-03 13:00:00,0.76375,6,高利用率
SF00907,2025-03-03 14:00:00,0.74125,6,高利用率
SF00907,2025-03-03 15:00:00,0.7454166666666667,6,高利用率
SF00907,2025-03-03 16:00:00,0.80625,6,高利用率
SF00907,2025-03-03 17:00:00,0.8925000000000001,6,高利用率
SF00907,2025-03-03 18:00:00,0.8833333333333333,6,高利用率
SF00907,2025-03-03 19:00:00,0.94,6,高利用率
SF00907,2025-03-03 20:00:00,0.93375,6,高利用率
SF00907,2025-03-03 21:00:00,0.8850000000000001,3,高利用率
SF00907,2025-04-07 00:00:00,0.7362500000000001,6,高利用率
SF00907,2025-04-07 06:00:00,0.7012499999999999,6,高利用率
SF00907,2025-04-07 12:00:00,0.7083333333333334,6,高利用率
SF00907,2025-04-07 18:00:00,0.8279166666666667,6,高利用率
SF00907,2025-04-08 00:00:00,0.7570833333333332,6,高利用率
SF00907,2025-04-08 06:00:00,0.7475,6,高利用率
SF00907,2025-04-08 12:00:00,0.6758333333333333,6,中利用率
SF00907,2025-04-08 18:00:00,0.8129166666666667,6,高利用率
SF00907,2025-04-09 00:00:00,0.7420833333333334,6,高利用率
SF00907,2025-04-09 06:00:00,0.7133333333333334,6,高利用率
SF00907,2025-04-09 12:00:00,0.6699999999999999,6,中利用率
SF00907,2025-04-09 18:00:00,0.8233333333333333,6,高利用率
SF00907,2025-04-10 00:00:00,0.7833333333333333,6,高利用率
SF00907,2025-04-10 06:00:00,0.7429166666666666,6,高利用率
SF00907,2025-04-10 12:00:00,0.73875,6,高利用率
SF00907,2025-04-10 18:00:00,0.8608333333333333,6,高利用率
SF00907,2025-04-11 00:00:00,0.77625,6,高利用率
SF00907,2025-04-11 06:00:00,0.7108333333333333,6,高利用率
SF00907,2025-04-11 12:00:00,0.7025,6,高利用率
SF00907,2025-04-11 18:00:00,0.8745833333333333,6,高利用率
SF00907,2025-04-12 00:00:00,0.8741666666666666,6,高利用率
SF00907,2025-04-12 06:00:00,0.8516666666666667,6,高利用率
SF00907,2025-04-12 12:00:00,0.9920833333333333,6,高利用率
SF00907,2025-04-12 18:00:00,0.995,6,高利用率
SF00907,2025-04-13 00:00:00,0.875,6,高利用率
SF00907,2025-04-13 06:00:00,0.7920833333333334,6,高利用率
SF00907,2025-04-13 12:00:00,0.9391666666666666,6,高利用率
SF00907,2025-04-13 18:00:00,0.8670833333333334,6,高利用率
SF00908,2025-03-02 21:00:00,0.42037037037037034,3,中利用率
SF00908,2025-03-02 22:00:00,0.41203703703703703,6,中利用率
SF00908,2025-03-02 23:00:00,0.8925925925925927,6,高利用率
SF00908,2025-03-03 00:00:00,0.3314814814814815,6,中利用率
SF00908,2025-03-03 01:00:00,0.21018518518518517,6,低利用率
SF00908,2025-03-03 02:00:00,0.19814814814814816,6,低利用率
SF00908,2025-03-03 03:00:00,0.19166666666666665,6,低利用率
SF00908,2025-03-03 04:00:00,0.20277777777777775,6,低利用率
SF00908,2025-03-03 05:00:00,0.1962962962962963,6,低利用率
SF00908,2025-03-03 06:00:00,0.2898148148148148,6,低利用率
SF00908,2025-03-03 07:00:00,0.6194444444444445,6,中利用率
SF00908,2025-03-03 08:00:00,0.9453703703703704,6,高利用率
SF00908,2025-03-03 09:00:00,0.9888888888888889,6,高利用率
SF00908,2025-03-03 10:00:00,0.9231481481481482,6,高利用率
SF00908,2025-03-03 11:00:00,0.9092592592592593,6,高利用率
SF00908,2025-03-03 12:00:00,0.8888888888888888,6,高利用率
SF00908,2025-03-03 13:00:00,0.9092592592592593,6,高利用率
SF00908,2025-03-03 14:00:00,0.976851851851852,6,高利用率
SF00908,2025-03-03 15:00:00,0.9888888888888889,6,高利用率
SF00908,2025-03-03 16:00:00,0.6675925925925926,6,中利用率
SF00908,2025-03-03 17:00:00,0.6092592592592593,6,中利用率
SF00908,2025-03-03 18:00:00,0.5990740740740741,6,中利用率
SF00908,2025-03-03 19:00:00,0.6101851851851852,6,中利用率
SF00908,2025-03-03 20:00:00,0.42777777777777776,6,中利用率
SF00908,2025-03-03 21:00:00,0.40925925925925927,3,中利用率
SF00908,2025-04-07 00:00:00,0.3333333333333333,6,中利用率
SF00908,2025-04-07 06:00:00,0.28425925925925927,6,低利用率
SF00908,2025-04-07 12:00:00,0.8953703703703703,6,高利用率
SF00908,2025-04-07 18:00:00,0.6027777777777777,6,中利用率
SF00908,2025-04-08 00:00:00,0.3277777777777778,6,中利用率
SF00908,2025-04-08 06:00:00,0.29444444444444445,6,低利用率
SF00908,2025-04-08 12:00:00,0.8972222222222221,6,高利用率
SF00908,2025-04-08 18:00:00,0.5972222222222222,6,中利用率
SF00908,2025-04-09 00:00:00,0.33240740740740743,6,中利用率
SF00908,2025-04-09 06:00:00,0.2981481481481481,6,低利用率
SF00908,2025-04-09 12:00:00,0.9101851851851852,6,高利用率
SF00908,2025-04-09 18:00:00,0.6101851851851853,6,中利用率
SF00908,2025-04-10 00:00:00,0.3333333333333333,6,中利用率
SF00908,2025-04-10 06:00:00,0.28703703703703703,6,低利用率
SF00908,2025-04-10 12:00:00,0.8861111111111111,6,高利用率
SF00908,2025-04-10 18:00:00,0.6185185185185186,6,中利用率
SF00908,2025-04-11 00:00:00,0.3361111111111111,6,中利用率
SF00908,2025-04-11 06:00:00,0.29537037037037034,6,低利用率
SF00908,2025-04-11 12:00:00,0.5046296296296297,6,中利用率
SF00908,2025-04-11 18:00:00,0.49074074074074076,6,中利用率
SF00908,2025-04-12 00:00:00,0.33796296296296297,6,中利用率
SF00908,2025-04-12 06:00:00,0.2935185185185185,6,低利用率
SF00908,2025-04-12 12:00:00,0.49907407407407406,6,中利用率
SF00908,2025-04-12 18:00:00,0.4916666666666667,6,中利用率
SF00908,2025-04-13 00:00:00,0.33055555555555555,6,中利用率
SF00908,2025-04-13 06:00:00,0.2916666666666667,6,低利用率
SF00908,2025-04-13 12:00:00,0.49907407407407406,6,中利用率
SF00908,2025-04-13 18:00:00,0.5009259259259259,6,中利用率
SF00909,2025-03-02 21:00:00,0.6033333333333334,3,中利用率
SF00909,2025-03-02 22:00:00,0.5833333333333334,6,中利用率
SF00909,2025-03-02 23:00:00,0.9133333333333332,6,高利用率
SF00909,2025-03-03 00:00:00,0.3383333333333334,6,中利用率
SF00909,2025-03-03 01:00:00,0.20333333333333334,6,低利用率
SF00909,2025-03-03 02:00:00,0.20666666666666667,6,低利用率
SF00909,2025-03-03 03:00:00,0.19666666666666666,6,低利用率
SF00909,2025-03-03 04:00:00,0.20666666666666667,6,低利用率
SF00909,2025-03-03 05:00:00,0.19833333333333333,6,低利用率
SF00909,2025-03-03 06:00:00,0.26666666666666666,6,低利用率
SF00909,2025-03-03 07:00:00,0.305,6,中利用率
SF00909,2025-03-03 08:00:00,0.39166666666666666,6,中利用率
SF00909,2025-03-03 09:00:00,0.4033333333333333,6,中利用率
SF00909,2025-03-03 10:00:00,0.4083333333333334,6,中利用率
SF00909,2025-03-03 11:00:00,0.4116666666666666,6,中利用率
SF00909,2025-03-03 12:00:00,0.38999999999999996,6,中利用率
SF00909,2025-03-03 13:00:00,0.4383333333333333,6,中利用率
SF00909,2025-03-03 14:00:00,0.42,6,中利用率
SF00909,2025-03-03 15:00:00,0.41500000000000004,6,中利用率
SF00909,2025-03-03 16:00:00,0.5483333333333333,6,中利用率
SF00909,2025-03-03 17:00:00,0.6016666666666667,6,中利用率
SF00909,2025-03-03 18:00:00,0.605,6,中利用率
SF00909,2025-03-03 19:00:00,0.615,6,中利用率
SF00909,2025-03-03 20:00:00,0.5983333333333333,6,中利用率
SF00909,2025-03-03 21:00:00,0.6133333333333333,3,中利用率
SF00909,2025-04-07 00:00:00,0.3283333333333333,6,中利用率
SF00909,2025-04-07 06:00:00,0.2816666666666667,6,低利用率
SF00909,2025-04-07 12:00:00,0.3933333333333333,6,中利用率
SF00909,2025-04-07 18:00:00,0.585,6,中利用率
SF00909,2025-04-08 00:00:00,0.3183333333333333,6,中利用率
SF00909,2025-04-08 06:00:00,0.27,6,低利用率
SF00909,2025-04-08 12:00:00,0.3933333333333333,6,中利用率
SF00909,2025-04-08 18:00:00,0.595,6,中利用率
SF00909,2025-04-09 00:00:00,0.3183333333333333,6,中利用率
SF00909,2025-04-09 06:00:00,0.26666666666666666,6,低利用率
SF00909,2025-04-09 12:00:00,0.4166666666666667,6,中利用率
SF00909,2025-04-09 18:00:00,0.615,6,中利用率
SF00909,2025-04-10 00:00:00,0.33,6,中利用率
SF00909,2025-04-10 06:00:00,0.29,6,低利用率
SF00909,2025-04-10 12:00:00,0.38166666666666665,6,中利用率
SF00909,2025-04-10 18:00:00,0.6,6,中利用率
SF00909,2025-04-11 00:00:00,0.32666666666666666,6,中利用率
SF00909,2025-04-11 06:00:00,0.31,6,中利用率
SF00909,2025-04-11 12:00:00,0.605,6,中利用率
SF00909,2025-04-11 18:00:00,0.91,6,高利用率
SF00909,2025-04-12 00:00:00,0.32666666666666666,6,中利用率
SF00909,2025-04-12 06:00:00,0.29333333333333333,6,低利用率
SF00909,2025-04-12 12:00:00,0.6,6,中利用率
SF00909,2025-04-12 18:00:00,0.8916666666666666,6,高利用率
SF00909,2025-04-13 00:00:00,0.3183333333333333,6,中利用率
SF00909,2025-04-13 06:00:00,0.26833333333333337,6,低利用率
SF00909,2025-04-13 12:00:00,0.5933333333333333,6,中利用率
SF00909,2025-04-13 18:00:00,0.895,6,高利用率
SF00910,2025-03-02 21:00:00,0.09,2,低利用率
SF00910,2025-03-02 22:00:00,0.09000000000000001,6,低利用率
SF00910,2025-03-02 23:00:00,0.09000000000000001,6,低利用率
SF00910,2025-03-03 00:00:00,0.09000000000000001,6,低利用率
SF00910,2025-03-03 01:00:00,0.09000000000000001,6,低利用率
SF00910,2025-03-03 02:00:00,0.09000000000000001,6,低利用率
SF00910,2025-03-03 03:00:00,0.09000000000000001,6,低利用率
SF00910,2025-03-03 04:00:00,0.09000000000000001,6,低利用率
SF00910,2025-03-03 05:00:00,0.09000000000000001,6,低利用率
SF00910,2025-03-03 06:00:00,0.09000000000000001,6,低利用率
SF00910,2025-03-03 07:00:00,0.09000000000000001,6,低利用率
SF00910,2025-03-03 08:00:00,0.09000000000000001,6,低利用率
SF00910,2025-03-03 09:00:00,0.09000000000000001,6,低利用率
SF00910,2025-03-03 10:00:00,0.09000000000000001,6,低利用率
SF00910,2025-03-03 11:00:00,0.09000000000000001,6,低利用率
SF00910,2025-03-03 12:00:00,0.09000000000000001,6,低利用率
SF00910,2025-03-03 13:00:00,0.09000000000000001,6,低利用率
SF00910,2025-03-03 14:00:00,0.09000000000000001,6,低利用率
SF00910,2025-03-03 15:00:00,0.09000000000000001,6,低利用率
SF00910,2025-03-03 16:00:00,0.09000000000000001,6,低利用率
SF00910,2025-03-03 17:00:00,0.09000000000000001,6,低利用率
SF00910,2025-03-03 18:00:00,0.09000000000000001,6,低利用率
SF00910,2025-03-03 19:00:00,0.09000000000000001,6,低利用率
SF00910,2025-03-03 20:00:00,0.09000000000000001,6,低利用率
SF00910,2025-03-03 21:00:00,0.09000000000000001,3,低利用率
SF00910,2025-04-07 00:00:00,0.09000000000000001,6,低利用率
SF00910,2025-04-07 06:00:00,0.09000000000000001,6,低利用率
SF00910,2025-04-07 12:00:00,0.09000000000000001,6,低利用率
SF00910,2025-04-07 18:00:00,0.09000000000000001,6,低利用率
SF00910,2025-04-08 00:00:00,0.09000000000000001,6,低利用率
SF00910,2025-04-08 06:00:00,0.09000000000000001,6,低利用率
SF00910,2025-04-08 12:00:00,0.09000000000000001,6,低利用率
SF00910,2025-04-08 18:00:00,0.09000000000000001,6,低利用率
SF00910,2025-04-09 00:00:00,0.09000000000000001,6,低利用率
SF00910,2025-04-09 06:00:00,0.09000000000000001,6,低利用率
SF00910,2025-04-09 12:00:00,0.09000000000000001,6,低利用率
SF00910,2025-04-09 18:00:00,0.09000000000000001,6,低利用率
SF00910,2025-04-10 00:00:00,0.09000000000000001,6,低利用率
SF00910,2025-04-10 06:00:00,0.09000000000000001,6,低利用率
SF00910,2025-04-10 12:00:00,0.09000000000000001,6,低利用率
SF00910,2025-04-10 18:00:00,0.09000000000000001,6,低利用率
SF00910,2025-04-11 00:00:00,0.09000000000000001,6,低利用率
SF00910,2025-04-11 06:00:00,0.09000000000000001,6,低利用率
SF00910,2025-04-11 12:00:00,0.09000000000000001,6,低利用率
SF00910,2025-04-11 18:00:00,0.09000000000000001,6,低利用率
SF00910,2025-04-12 00:00:00,0.09000000000000001,6,低利用率
SF00910,2025-04-12 06:00:00,0.09000000000000001,6,低利用率
SF00910,2025-04-12 12:00:00,0.09000000000000001,6,低利用率
SF00910,2025-04-12 18:00:00,0.09000000000000001,6,低利用率
SF00910,2025-04-13 00:00:00,0.09000000000000001,6,低利用率
SF00910,2025-04-13 06:00:00,0.09000000000000001,6,低利用率
SF00910,2025-04-13 12:00:00,0.09000000000000001,6,低利用率
SF00910,2025-04-13 18:00:00,0.09000000000000001,6,低利用率
SF00911,2025-03-02 21:00:00,0.19000000000000003,3,低利用率
SF00911,2025-03-02 22:00:00,0.19000000000000003,6,低利用率
SF00911,2025-03-02 23:00:00,0.19000000000000003,6,低利用率
SF00911,2025-03-03 00:00:00,0.19000000000000003,6,低利用率
SF00911,2025-03-03 01:00:00,0.19000000000000003,6,低利用率
SF00911,2025-03-03 02:00:00,0.19000000000000003,6,低利用率
SF00911,2025-03-03 03:00:00,0.19000000000000003,6,低利用率
SF00911,2025-03-03 04:00:00,0.19000000000000003,6,低利用率
SF00911,2025-03-03 05:00:00,0.19000000000000003,6,低利用率
SF00911,2025-03-03 06:00:00,0.19000000000000003,6,低利用率
SF00911,2025-03-03 07:00:00,0.19000000000000003,6,低利用率
SF00911,2025-03-03 08:00:00,0.19000000000000003,6,低利用率
SF00911,2025-03-03 09:00:00,0.19000000000000003,6,低利用率
SF00911,2025-03-03 10:00:00,0.19000000000000003,6,低利用率
SF00911,2025-03-03 11:00:00,0.19000000000000003,6,低利用率
SF00911,2025-03-03 12:00:00,0.19000000000000003,6,低利用率
SF00911,2025-03-03 13:00:00,0.19000000000000003,6,低利用率
SF00911,2025-03-03 14:00:00,0.19000000000000003,6,低利用率
SF00911,2025-03-03 15:00:00,0.19000000000000003,6,低利用率
SF00911,2025-03-03 16:00:00,0.19000000000000003,6,低利用率
SF00911,2025-03-03 17:00:00,0.19000000000000003,6,低利用率
SF00911,2025-03-03 18:00:00,0.19000000000000003,6,低利用率
SF00911,2025-03-03 19:00:00,0.19000000000000003,6,低利用率
SF00911,2025-03-03 20:00:00,0.19000000000000003,6,低利用率
SF00911,2025-03-03 21:00:00,0.19000000000000003,3,低利用率
SF00911,2025-04-07 00:00:00,0.19000000000000003,6,低利用率
SF00911,2025-04-07 06:00:00,0.19000000000000003,6,低利用率
SF00911,2025-04-07 12:00:00,0.19000000000000003,6,低利用率
SF00911,2025-04-07 18:00:00,0.19000000000000003,6,低利用率
SF00911,2025-04-08 00:00:00,0.19000000000000003,6,低利用率
SF00911,2025-04-08 06:00:00,0.19000000000000003,6,低利用率
SF00911,2025-04-08 12:00:00,0.19000000000000003,6,低利用率
SF00911,2025-04-08 18:00:00,0.19000000000000003,6,低利用率
SF00911,2025-04-09 00:00:00,0.19000000000000003,6,低利用率
SF00911,2025-04-09 06:00:00,0.19000000000000003,6,低利用率
SF00911,2025-04-09 12:00:00,0.19000000000000003,6,低利用率
SF00911,2025-04-09 18:00:00,0.19000000000000003,6,低利用率
SF00911,2025-04-10 00:00:00,0.19000000000000003,6,低利用率
SF00911,2025-04-10 06:00:00,0.19000000000000003,6,低利用率
SF00911,2025-04-10 12:00:00,0.19000000000000003,6,低利用率
SF00911,2025-04-10 18:00:00,0.19000000000000003,6,低利用率
SF00911,2025-04-11 00:00:00,0.19000000000000003,6,低利用率
SF00911,2025-04-11 06:00:00,0.19000000000000003,6,低利用率
SF00911,2025-04-11 12:00:00,0.19000000000000003,6,低利用率
SF00911,2025-04-11 18:00:00,0.19000000000000003,6,低利用率
SF00911,2025-04-12 00:00:00,0.19000000000000003,6,低利用率
SF00911,2025-04-12 06:00:00,0.19000000000000003,6,低利用率
SF00911,2025-04-12 12:00:00,0.19000000000000003,6,低利用率
SF00911,2025-04-12 18:00:00,0.19000000000000003,6,低利用率
SF00911,2025-04-13 00:00:00,0.19000000000000003,6,低利用率
SF00911,2025-04-13 06:00:00,0.19000000000000003,6,低利用率
SF00911,2025-04-13 12:00:00,0.19000000000000003,6,低利用率
SF00911,2025-04-13 18:00:00,0.19000000000000003,6,低利用率
SF00912,2025-03-02 21:00:00,0.34705882352941175,2,中利用率
SF00912,2025-03-02 22:00:00,0.40196078431372545,6,中利用率
SF00912,2025-03-02 23:00:00,0.8764705882352941,6,高利用率
SF00912,2025-03-03 00:00:00,0.3450980392156862,6,中利用率
SF00912,2025-03-03 01:00:00,0.2058823529411765,6,低利用率
SF00912,2025-03-03 02:00:00,0.19999999999999998,6,低利用率
SF00912,2025-03-03 03:00:00,0.2196078431372549,6,低利用率
SF00912,2025-03-03 04:00:00,0.19999999999999998,6,低利用率
SF00912,2025-03-03 05:00:00,0.21176470588235294,6,低利用率
SF00912,2025-03-03 06:00:00,0.28627450980392155,6,低利用率
SF00912,2025-03-03 07:00:00,0.6509803921568628,6,中利用率
SF00912,2025-03-03 08:00:00,0.9372549019607842,6,高利用率
SF00912,2025-03-03 09:00:00,0.9764705882352941,6,高利用率
SF00912,2025-03-03 10:00:00,0.9058823529411765,6,高利用率
SF00912,2025-03-03 11:00:00,0.907843137254902,6,高利用率
SF00912,2025-03-03 12:00:00,0.9098039215686274,6,高利用率
SF00912,2025-03-03 13:00:00,0.9058823529411765,6,高利用率
SF00912,2025-03-03 14:00:00,0.9588235294117647,6,高利用率
SF00912,2025-03-03 15:00:00,0.9764705882352941,6,高利用率
SF00912,2025-03-03 16:00:00,0.6607843137254902,6,中利用率
SF00912,2025-03-03 17:00:00,0.6019607843137255,6,中利用率
SF00912,2025-03-03 18:00:00,0.5843137254901961,6,中利用率
SF00912,2025-03-03 19:00:00,0.6196078431372549,6,中利用率
SF00912,2025-03-03 20:00:00,0.46274509803921565,6,中利用率
SF00912,2025-03-03 21:00:00,0.38823529411764707,3,中利用率
SF00912,2025-04-07 00:00:00,0.33921568627450976,6,中利用率
SF00912,2025-04-07 06:00:00,0.2882352941176471,6,低利用率
SF00912,2025-04-07 12:00:00,0.9,6,高利用率
SF00912,2025-04-07 18:00:00,0.6,6,中利用率
SF00912,2025-04-08 00:00:00,0.3215686274509804,6,中利用率
SF00912,2025-04-08 06:00:00,0.2745098039215686,6,低利用率
SF00912,2025-04-08 12:00:00,0.892156862745098,6,高利用率
SF00912,2025-04-08 18:00:00,0.592156862745098,6,中利用率
SF00912,2025-04-09 00:00:00,0.3372549019607843,6,中利用率
SF00912,2025-04-09 06:00:00,0.30392156862745096,6,中利用率
SF00912,2025-04-09 12:00:00,0.8999999999999999,6,高利用率
SF00912,2025-04-09 18:00:00,0.6098039215686275,6,中利用率
SF00912,2025-04-10 00:00:00,0.3372549019607843,6,中利用率
SF00912,2025-04-10 06:00:00,0.296078431372549,6,低利用率
SF00912,2025-04-10 12:00:00,0.9098039215686274,6,高利用率
SF00912,2025-04-10 18:00:00,0.5901960784313726,6,中利用率
SF00912,2025-04-11 00:00:00,0.3470588235294118,6,中利用率
SF00912,2025-04-11 06:00:00,0.2882352941176471,6,低利用率
SF00912,2025-04-11 12:00:00,0.5137254901960784,6,中利用率
SF00912,2025-04-11 18:00:00,0.5235294117647059,6,中利用率
SF00912,2025-04-12 00:00:00,0.32941176470588235,6,中利用率
SF00912,2025-04-12 06:00:00,0.2882352941176471,6,低利用率
SF00912,2025-04-12 12:00:00,0.49215686274509807,6,中利用率
SF00912,2025-04-12 18:00:00,0.49607843137254903,6,中利用率
SF00912,2025-04-13 00:00:00,0.33137254901960783,6,中利用率
SF00912,2025-04-13 06:00:00,0.31960784313725493,6,中利用率
SF00912,2025-04-13 12:00:00,0.5176470588235295,6,中利用率
SF00912,2025-04-13 18:00:00,0.47843137254901963,6,中利用率
SF00913,2025-03-02 21:00:00,0.044444444444444446,3,低利用率
SF00913,2025-03-02 22:00:00,0.044444444444444446,6,低利用率
SF00913,2025-03-02 23:00:00,0.044444444444444446,6,低利用率
SF00913,2025-03-03 00:00:00,0.044444444444444446,6,低利用率
SF00913,2025-03-03 01:00:00,0.044444444444444446,6,低利用率
SF00913,2025-03-03 02:00:00,0.044444444444444446,6,低利用率
SF00913,2025-03-03 03:00:00,0.044444444444444446,6,低利用率
SF00913,2025-03-03 04:00:00,0.044444444444444446,6,低利用率
SF00913,2025-03-03 05:00:00,0.044444444444444446,6,低利用率
SF00913,2025-03-03 06:00:00,0.044444444444444446,6,低利用率
SF00913,2025-03-03 07:00:00,0.044444444444444446,6,低利用率
SF00913,2025-03-03 08:00:00,0.044444444444444446,6,低利用率
SF00913,2025-03-03 09:00:00,0.044444444444444446,6,低利用率
SF00913,2025-03-03 10:00:00,0.044444444444444446,6,低利用率
SF00913,2025-03-03 11:00:00,0.044444444444444446,6,低利用率
SF00913,2025-03-03 12:00:00,0.044444444444444446,6,低利用率
SF00913,2025-03-03 13:00:00,0.044444444444444446,6,低利用率
SF00913,2025-03-03 14:00:00,0.044444444444444446,6,低利用率
SF00913,2025-03-03 15:00:00,0.044444444444444446,6,低利用率
SF00913,2025-03-03 16:00:00,0.044444444444444446,6,低利用率
SF00913,2025-03-03 17:00:00,0.044444444444444446,6,低利用率
SF00913,2025-03-03 18:00:00,0.044444444444444446,6,低利用率
SF00913,2025-03-03 19:00:00,0.044444444444444446,6,低利用率
SF00913,2025-03-03 20:00:00,0.044444444444444446,6,低利用率
SF00913,2025-03-03 21:00:00,0.044444444444444446,3,低利用率
SF00913,2025-04-07 00:00:00,0.044444444444444446,6,低利用率
SF00913,2025-04-07 06:00:00,0.044444444444444446,6,低利用率
SF00913,2025-04-07 12:00:00,0.044444444444444446,6,低利用率
SF00913,2025-04-07 18:00:00,0.044444444444444446,6,低利用率
SF00913,2025-04-08 00:00:00,0.044444444444444446,6,低利用率
SF00913,2025-04-08 06:00:00,0.044444444444444446,6,低利用率
SF00913,2025-04-08 12:00:00,0.044444444444444446,6,低利用率
SF00913,2025-04-08 18:00:00,0.044444444444444446,6,低利用率
SF00913,2025-04-09 00:00:00,0.044444444444444446,6,低利用率
SF00913,2025-04-09 06:00:00,0.044444444444444446,6,低利用率
SF00913,2025-04-09 12:00:00,0.044444444444444446,6,低利用率
SF00913,2025-04-09 18:00:00,0.044444444444444446,6,低利用率
SF00913,2025-04-10 00:00:00,0.044444444444444446,6,低利用率
SF00913,2025-04-10 06:00:00,0.044444444444444446,6,低利用率
SF00913,2025-04-10 12:00:00,0.044444444444444446,6,低利用率
SF00913,2025-04-10 18:00:00,0.044444444444444446,6,低利用率
SF00913,2025-04-11 00:00:00,0.044444444444444446,6,低利用率
SF00913,2025-04-11 06:00:00,0.044444444444444446,6,低利用率
SF00913,2025-04-11 12:00:00,0.044444444444444446,6,低利用率
SF00913,2025-04-11 18:00:00,0.044444444444444446,6,低利用率
SF00913,2025-04-12 00:00:00,0.044444444444444446,6,低利用率
SF00913,2025-04-12 06:00:00,0.044444444444444446,6,低利用率
SF00913,2025-04-12 12:00:00,0.044444444444444446,6,低利用率
SF00913,2025-04-12 18:00:00,0.044444444444444446,6,低利用率
SF00913,2025-04-13 00:00:00,0.044444444444444446,6,低利用率
SF00913,2025-04-13 06:00:00,0.044444444444444446,6,低利用率
SF00913,2025-04-13 12:00:00,0.044444444444444446,6,低利用率
SF00913,2025-04-13 18:00:00,0.044444444444444446,6,低利用率
SF00914,2025-03-02 21:00:00,0.09285714285714286,2,低利用率
SF00914,2025-03-02 22:00:00,0.09285714285714286,6,低利用率
SF00914,2025-03-02 23:00:00,0.09285714285714286,6,低利用率
SF00914,2025-03-03 00:00:00,0.09285714285714286,6,低利用率
SF00914,2025-03-03 01:00:00,0.09285714285714286,6,低利用率
SF00914,2025-03-03 02:00:00,0.09285714285714286,6,低利用率
SF00914,2025-03-03 03:00:00,0.09285714285714286,6,低利用率
SF00914,2025-03-03 04:00:00,0.09285714285714286,6,低利用率
SF00914,2025-03-03 05:00:00,0.09285714285714286,6,低利用率
SF00914,2025-03-03 06:00:00,0.09285714285714286,6,低利用率
SF00914,2025-03-03 07:00:00,0.09285714285714286,6,低利用率
SF00914,2025-03-03 08:00:00,0.09285714285714286,6,低利用率
SF00914,2025-03-03 09:00:00,0.09285714285714286,6,低利用率
SF00914,2025-03-03 10:00:00,0.09285714285714286,6,低利用率
SF00914,2025-03-03 11:00:00,0.09285714285714286,6,低利用率
SF00914,2025-03-03 12:00:00,0.09285714285714286,6,低利用率
SF00914,2025-03-03 13:00:00,0.09285714285714286,6,低利用率
SF00914,2025-03-03 14:00:00,0.09285714285714286,6,低利用率
SF00914,2025-03-03 15:00:00,0.09285714285714286,6,低利用率
SF00914,2025-03-03 16:00:00,0.09285714285714286,6,低利用率
SF00914,2025-03-03 17:00:00,0.09285714285714286,6,低利用率
SF00914,2025-03-03 18:00:00,0.09285714285714286,6,低利用率
SF00914,2025-03-03 19:00:00,0.09285714285714286,6,低利用率
SF00914,2025-03-03 20:00:00,0.09285714285714286,6,低利用率
SF00914,2025-03-03 21:00:00,0.09285714285714286,3,低利用率
SF00914,2025-04-07 00:00:00,0.09285714285714286,6,低利用率
SF00914,2025-04-07 06:00:00,0.09285714285714286,6,低利用率
SF00914,2025-04-07 12:00:00,0.09285714285714286,6,低利用率
SF00914,2025-04-07 18:00:00,0.09285714285714286,6,低利用率
SF00914,2025-04-08 00:00:00,0.09285714285714286,6,低利用率
SF00914,2025-04-08 06:00:00,0.09285714285714286,6,低利用率
SF00914,2025-04-08 12:00:00,0.09285714285714286,6,低利用率
SF00914,2025-04-08 18:00:00,0.09285714285714286,6,低利用率
SF00914,2025-04-09 00:00:00,0.09285714285714286,6,低利用率
SF00914,2025-04-09 06:00:00,0.09285714285714286,6,低利用率
SF00914,2025-04-09 12:00:00,0.09285714285714286,6,低利用率
SF00914,2025-04-09 18:00:00,0.09285714285714286,6,低利用率
SF00914,2025-04-10 00:00:00,0.09285714285714286,6,低利用率
SF00914,2025-04-10 06:00:00,0.09285714285714286,6,低利用率
SF00914,2025-04-10 12:00:00,0.09285714285714286,6,低利用率
SF00914,2025-04-10 18:00:00,0.09285714285714286,6,低利用率
SF00914,2025-04-11 00:00:00,0.09285714285714286,6,低利用率
SF00914,2025-04-11 06:00:00,0.09285714285714286,6,低利用率
SF00914,2025-04-11 12:00:00,0.09285714285714286,6,低利用率
SF00914,2025-04-11 18:00:00,0.09285714285714286,6,低利用率
SF00914,2025-04-12 00:00:00,0.09285714285714286,6,低利用率
SF00914,2025-04-12 06:00:00,0.09285714285714286,6,低利用率
SF00914,2025-04-12 12:00:00,0.09285714285714286,6,低利用率
SF00914,2025-04-12 18:00:00,0.09285714285714286,6,低利用率
SF00914,2025-04-13 00:00:00,0.09285714285714286,6,低利用率
SF00914,2025-04-13 06:00:00,0.09285714285714286,6,低利用率
SF00914,2025-04-13 12:00:00,0.09285714285714286,6,低利用率
SF00914,2025-04-13 18:00:00,0.09285714285714286,6,低利用率
SF00915,2025-03-02 21:00:00,0.2540792540792541,3,低利用率
SF00915,2025-03-02 22:00:00,0.23193473193473194,6,低利用率
SF00915,2025-03-02 23:00:00,0.23426573426573427,6,低利用率
SF00915,2025-03-03 00:00:00,0.17715617715617715,6,低利用率
SF00915,2025-03-03 01:00:00,0.11771561771561773,6,低利用率
SF00915,2025-03-03 02:00:00,0.09615384615384615,6,低利用率
SF00915,2025-03-03 03:00:00,0.09207459207459207,6,低利用率
SF00915,2025-03-03 04:00:00,0.09149184149184149,6,低利用率
SF00915,2025-03-03 05:00:00,0.09149184149184149,6,低利用率
SF00915,2025-03-03 06:00:00,0.0909090909090909,6,低利用率
SF00915,2025-03-03 07:00:00,0.09324009324009325,6,低利用率
SF00915,2025-03-03 08:00:00,0.11188811188811189,6,低利用率
SF00915,2025-03-03 09:00:00,0.17016317016317017,6,低利用率
SF00915,2025-03-03 10:00:00,0.21561771561771562,6,低利用率
SF00915,2025-03-03 11:00:00,0.27214452214452217,6,低利用率
SF00915,2025-03-03 12:00:00,0.2867132867132867,6,低利用率
SF00915,2025-03-03 13:00:00,0.2523310023310023,6,低利用率
SF00915,2025-03-03 14:00:00,0.23310023310023312,6,低利用率
SF00915,2025-03-03 15:00:00,0.22727272727272727,6,低利用率
SF00915,2025-03-03 16:00:00,0.2162004662004662,6,低利用率
SF00915,2025-03-03 17:00:00,0.20337995337995338,6,低利用率
SF00915,2025-03-03 18:00:00,0.18822843822843824,6,低利用率
SF00915,2025-03-03 19:00:00,0.2406759906759907,6,低利用率
SF00915,2025-03-03 20:00:00,0.1963869463869464,6,低利用率
SF00915,2025-03-03 21:00:00,0.20163170163170163,3,低利用率
SF00915,2025-04-07 00:00:00,0.13053613053613053,6,低利用率
SF00915,2025-04-07 06:00:00,0.1113053613053613,6,低利用率
SF00915,2025-04-07 12:00:00,0.3286713286713287,6,中利用率
SF00915,2025-04-07 18:00:00,0.30128205128205127,6,中利用率
SF00915,2025-04-08 00:00:00,0.24766899766899766,6,低利用率
SF00915,2025-04-08 06:00:00,0.17016317016317017,6,低利用率
SF00915,2025-04-08 12:00:00,0.41899766899766905,6,中利用率
SF00915,2025-04-08 18:00:00,0.34382284382284384,6,中利用率
SF00915,2025-04-09 00:00:00,0.2698135198135198,6,低利用率
SF00915,2025-04-09 06:00:00,0.21445221445221443,6,低利用率
SF00915,2025-04-09 12:00:00,0.42540792540792544,6,中利用率
SF00915,2025-04-09 18:00:00,0.2400932400932401,6,低利用率
SF00915,2025-04-10 00:00:00,0.18764568764568765,6,低利用率
SF00915,2025-04-10 06:00:00,0.12412587412587413,6,低利用率
SF00915,2025-04-10 12:00:00,0.331002331002331,6,中利用率
SF00915,2025-04-10 18:00:00,0.26107226107226106,6,低利用率
SF00915,2025-04-11 00:00:00,0.2086247086247086,6,低利用率
SF00915,2025-04-11 06:00:00,0.13111888111888112,6,低利用率
SF00915,2025-04-11 12:00:00,0.33916083916083917,6,中利用率
SF00915,2025-04-11 18:00:00,0.3782051282051282,6,中利用率
SF00915,2025-04-12 00:00:00,0.2505827505827506,6,低利用率
SF00915,2025-04-12 06:00:00,0.29079254079254074,6,低利用率
SF00915,2025-04-12 12:00:00,0.9341491841491841,6,高利用率
SF00915,2025-04-12 18:00:00,0.993006993006993,6,高利用率
SF00915,2025-04-13 00:00:00,0.993006993006993,6,高利用率
SF00915,2025-04-13 06:00:00,0.8304195804195804,6,高利用率
SF00915,2025-04-13 12:00:00,0.8403263403263402,6,高利用率
SF00915,2025-04-13 18:00:00,0.5262237762237763,6,中利用率
SF00916,2025-03-02 21:00:00,0.5888888888888889,3,中利用率
SF00916,2025-03-02 22:00:00,0.5981481481481482,6,中利用率
SF00916,2025-03-02 23:00:00,0.9111111111111111,6,高利用率
SF00916,2025-03-03 00:00:00,0.3314814814814815,6,中利用率
SF00916,2025-03-03 01:00:00,0.19074074074074074,6,低利用率
SF00916,2025-03-03 02:00:00,0.2074074074074074,6,低利用率
SF00916,2025-03-03 03:00:00,0.1962962962962963,6,低利用率
SF00916,2025-03-03 04:00:00,0.19444444444444445,6,低利用率
SF00916,2025-03-03 05:00:00,0.20185185185185184,6,低利用率
SF00916,2025-03-03 06:00:00,0.3148148148148148,6,中利用率
SF00916,2025-03-03 07:00:00,0.3055555555555555,6,中利用率
SF00916,2025-03-03 08:00:00,0.38518518518518513,6,中利用率
SF00916,2025-03-03 09:00:00,0.3925925925925926,6,中利用率
SF00916,2025-03-03 10:00:00,0.40185185185185185,6,中利用率
SF00916,2025-03-03 11:00:00,0.40925925925925927,6,中利用率
SF00916,2025-03-03 12:00:00,0.38703703703703707,6,中利用率
SF00916,2025-03-03 13:00:00,0.3685185185185185,6,中利用率
SF00916,2025-03-03 14:00:00,0.39814814814814814,6,中利用率
SF00916,2025-03-03 15:00:00,0.3796296296296296,6,中利用率
SF00916,2025-03-03 16:00:00,0.5425925925925926,6,中利用率
SF00916,2025-03-03 17:00:00,0.5981481481481482,6,中利用率
SF00916,2025-03-03 18:00:00,0.6074074074074075,6,中利用率
SF00916,2025-03-03 19:00:00,0.6055555555555555,6,中利用率
SF00916,2025-03-03 20:00:00,0.611111111111111,6,中利用率
SF00916,2025-03-03 21:00:00,0.6037037037037036,3,中利用率
SF00916,2025-04-07 00:00:00,0.3277777777777778,6,中利用率
SF00916,2025-04-07 06:00:00,0.28703703703703703,6,低利用率
SF00916,2025-04-07 12:00:00,0.38888888888888884,6,中利用率
SF00916,2025-04-07 18:00:00,0.5777777777777778,6,中利用率
SF00916,2025-04-08 00:00:00,0.3259259259259259,6,中利用率
SF00916,2025-04-08 06:00:00,0.2888888888888889,6,低利用率
SF00916,2025-04-08 12:00:00,0.412962962962963,6,中利用率
SF00916,2025-04-08 18:00:00,0.5962962962962963,6,中利用率
SF00916,2025-04-09 00:00:00,0.32962962962962966,6,中利用率
SF00916,2025-04-09 06:00:00,0.27037037037037037,6,低利用率
SF00916,2025-04-09 12:00:00,0.412962962962963,6,中利用率
SF00916,2025-04-09 18:00:00,0.6037037037037037,6,中利用率
SF00916,2025-04-10 00:00:00,0.3314814814814815,6,中利用率
SF00916,2025-04-10 06:00:00,0.2796296296296296,6,低利用率
SF00916,2025-04-10 12:00:00,0.40185185185185185,6,中利用率
SF00916,2025-04-10 18:00:00,0.575925925925926,6,中利用率
SF00916,2025-04-11 00:00:00,0.337037037037037,6,中利用率
SF00916,2025-04-11 06:00:00,0.2777777777777778,6,低利用率
SF00916,2025-04-11 12:00:00,0.6055555555555555,6,中利用率
SF00916,2025-04-11 18:00:00,0.9111111111111111,6,高利用率
SF00916,2025-04-12 00:00:00,0.32962962962962966,6,中利用率
SF00916,2025-04-12 06:00:00,0.2962962962962963,6,低利用率
SF00916,2025-04-12 12:00:00,0.6055555555555555,6,中利用率
SF00916,2025-04-12 18:00:00,0.8833333333333333,6,高利用率
SF00916,2025-04-13 00:00:00,0.3259259259259259,6,中利用率
SF00916,2025-04-13 06:00:00,0.29074074074074074,6,低利用率
SF00916,2025-04-13 12:00:00,0.5796296296296296,6,中利用率
SF00916,2025-04-13 18:00:00,0.9055555555555556,6,高利用率
SF00917,2025-03-02 21:00:00,0.07333333333333333,3,低利用率
SF00917,2025-03-02 22:00:00,0.07333333333333333,6,低利用率
SF00917,2025-03-02 23:00:00,0.07333333333333333,6,低利用率
SF00917,2025-03-03 00:00:00,0.07333333333333333,6,低利用率
SF00917,2025-03-03 01:00:00,0.07333333333333333,6,低利用率
SF00917,2025-03-03 02:00:00,0.07333333333333333,6,低利用率
SF00917,2025-03-03 03:00:00,0.07333333333333333,6,低利用率
SF00917,2025-03-03 04:00:00,0.07333333333333333,6,低利用率
SF00917,2025-03-03 05:00:00,0.07333333333333333,6,低利用率
SF00917,2025-03-03 06:00:00,0.07333333333333333,6,低利用率
SF00917,2025-03-03 07:00:00,0.07333333333333333,6,低利用率
SF00917,2025-03-03 08:00:00,0.07333333333333333,6,低利用率
SF00917,2025-03-03 09:00:00,0.07333333333333333,6,低利用率
SF00917,2025-03-03 10:00:00,0.07333333333333333,6,低利用率
SF00917,2025-03-03 11:00:00,0.07333333333333333,6,低利用率
SF00917,2025-03-03 12:00:00,0.07333333333333333,6,低利用率
SF00917,2025-03-03 13:00:00,0.07333333333333333,6,低利用率
SF00917,2025-03-03 14:00:00,0.07333333333333333,6,低利用率
SF00917,2025-03-03 15:00:00,0.07333333333333333,6,低利用率
SF00917,2025-03-03 16:00:00,0.07333333333333333,6,低利用率
SF00917,2025-03-03 17:00:00,0.07333333333333333,6,低利用率
SF00917,2025-03-03 18:00:00,0.07333333333333333,6,低利用率
SF00917,2025-03-03 19:00:00,0.07333333333333333,6,低利用率
SF00917,2025-03-03 20:00:00,0.07333333333333333,6,低利用率
SF00917,2025-03-03 21:00:00,0.07333333333333333,3,低利用率
SF00917,2025-04-07 00:00:00,0.07333333333333333,6,低利用率
SF00917,2025-04-07 06:00:00,0.07333333333333333,6,低利用率
SF00917,2025-04-07 12:00:00,0.07333333333333333,6,低利用率
SF00917,2025-04-07 18:00:00,0.07333333333333333,6,低利用率
SF00917,2025-04-08 00:00:00,0.07333333333333333,6,低利用率
SF00917,2025-04-08 06:00:00,0.07333333333333333,6,低利用率
SF00917,2025-04-08 12:00:00,0.07333333333333333,6,低利用率
SF00917,2025-04-08 18:00:00,0.07333333333333333,6,低利用率
SF00917,2025-04-09 00:00:00,0.07333333333333333,6,低利用率
SF00917,2025-04-09 06:00:00,0.07333333333333333,6,低利用率
SF00917,2025-04-09 12:00:00,0.07333333333333333,6,低利用率
SF00917,2025-04-09 18:00:00,0.07333333333333333,6,低利用率
SF00917,2025-04-10 00:00:00,0.07333333333333333,6,低利用率
SF00917,2025-04-10 06:00:00,0.07333333333333333,6,低利用率
SF00917,2025-04-10 12:00:00,0.07333333333333333,6,低利用率
SF00917,2025-04-10 18:00:00,0.07333333333333333,6,低利用率
SF00917,2025-04-11 00:00:00,0.07333333333333333,6,低利用率
SF00917,2025-04-11 06:00:00,0.07333333333333333,6,低利用率
SF00917,2025-04-11 12:00:00,0.07333333333333333,6,低利用率
SF00917,2025-04-11 18:00:00,0.07333333333333333,6,低利用率
SF00917,2025-04-12 00:00:00,0.07333333333333333,6,低利用率
SF00917,2025-04-12 06:00:00,0.07333333333333333,6,低利用率
SF00917,2025-04-12 12:00:00,0.07333333333333333,6,低利用率
SF00917,2025-04-12 18:00:00,0.07333333333333333,6,低利用率
SF00917,2025-04-13 00:00:00,0.07333333333333333,6,低利用率
SF00917,2025-04-13 06:00:00,0.07333333333333333,6,低利用率
SF00917,2025-04-13 12:00:00,0.07333333333333333,6,低利用率
SF00917,2025-04-13 18:00:00,0.07333333333333333,6,低利用率
SF00918,2025-03-02 21:00:00,0.06428571428571428,3,低利用率
SF00918,2025-03-02 22:00:00,0.06428571428571428,6,低利用率
SF00918,2025-03-02 23:00:00,0.06428571428571428,6,低利用率
SF00918,2025-03-03 00:00:00,0.06428571428571428,6,低利用率
SF00918,2025-03-03 01:00:00,0.06428571428571428,6,低利用率
SF00918,2025-03-03 02:00:00,0.06428571428571428,6,低利用率
SF00918,2025-03-03 03:00:00,0.06428571428571428,6,低利用率
SF00918,2025-03-03 04:00:00,0.06428571428571428,6,低利用率
SF00918,2025-03-03 05:00:00,0.06428571428571428,6,低利用率
SF00918,2025-03-03 06:00:00,0.06428571428571428,6,低利用率
SF00918,2025-03-03 07:00:00,0.06428571428571428,6,低利用率
SF00918,2025-03-03 08:00:00,0.06428571428571428,6,低利用率
SF00918,2025-03-03 09:00:00,0.06428571428571428,6,低利用率
SF00918,2025-03-03 10:00:00,0.06428571428571428,6,低利用率
SF00918,2025-03-03 11:00:00,0.06428571428571428,6,低利用率
SF00918,2025-03-03 12:00:00,0.06428571428571428,6,低利用率
SF00918,2025-03-03 13:00:00,0.06428571428571428,6,低利用率
SF00918,2025-03-03 14:00:00,0.06428571428571428,6,低利用率
SF00918,2025-03-03 15:00:00,0.06428571428571428,6,低利用率
SF00918,2025-03-03 16:00:00,0.06428571428571428,6,低利用率
SF00918,2025-03-03 17:00:00,0.06428571428571428,6,低利用率
SF00918,2025-03-03 18:00:00,0.06428571428571428,6,低利用率
SF00918,2025-03-03 19:00:00,0.06428571428571428,6,低利用率
SF00918,2025-03-03 20:00:00,0.06428571428571428,6,低利用率
SF00918,2025-03-03 21:00:00,0.06428571428571428,3,低利用率
SF00918,2025-04-07 00:00:00,0.06428571428571428,6,低利用率
SF00918,2025-04-07 06:00:00,0.06428571428571428,6,低利用率
SF00918,2025-04-07 12:00:00,0.06428571428571428,6,低利用率
SF00918,2025-04-07 18:00:00,0.06428571428571428,6,低利用率
SF00918,2025-04-08 00:00:00,0.06428571428571428,6,低利用率
SF00918,2025-04-08 06:00:00,0.06428571428571428,6,低利用率
SF00918,2025-04-08 12:00:00,0.06428571428571428,6,低利用率
SF00918,2025-04-08 18:00:00,0.06428571428571428,6,低利用率
SF00918,2025-04-09 00:00:00,0.06428571428571428,6,低利用率
SF00918,2025-04-09 06:00:00,0.06428571428571428,6,低利用率
SF00918,2025-04-09 12:00:00,0.06428571428571428,6,低利用率
SF00918,2025-04-09 18:00:00,0.06428571428571428,6,低利用率
SF00918,2025-04-10 00:00:00,0.06428571428571428,6,低利用率
SF00918,2025-04-10 06:00:00,0.06428571428571428,6,低利用率
SF00918,2025-04-10 12:00:00,0.06428571428571428,6,低利用率
SF00918,2025-04-10 18:00:00,0.06428571428571428,6,低利用率
SF00918,2025-04-11 00:00:00,0.06428571428571428,6,低利用率
SF00918,2025-04-11 06:00:00,0.06428571428571428,6,低利用率
SF00918,2025-04-11 12:00:00,0.06428571428571428,6,低利用率
SF00918,2025-04-11 18:00:00,0.06428571428571428,6,低利用率
SF00918,2025-04-12 00:00:00,0.06428571428571428,6,低利用率
SF00918,2025-04-12 06:00:00,0.06428571428571428,6,低利用率
SF00918,2025-04-12 12:00:00,0.06428571428571428,6,低利用率
SF00918,2025-04-12 18:00:00,0.06428571428571428,6,低利用率
SF00918,2025-04-13 00:00:00,0.06428571428571428,6,低利用率
SF00918,2025-04-13 06:00:00,0.06428571428571428,6,低利用率
SF00918,2025-04-13 12:00:00,0.06428571428571428,6,低利用率
SF00918,2025-04-13 18:00:00,0.06428571428571428,6,低利用率
SF00919,2025-03-02 21:00:00,0.06,3,低利用率
SF00919,2025-03-02 22:00:00,0.023333333333333334,6,低利用率
SF00919,2025-03-02 23:00:00,0.02,6,低利用率
SF00919,2025-03-03 00:00:00,0.016666666666666666,6,低利用率
SF00919,2025-03-03 01:00:00,0.04,6,低利用率
SF00919,2025-03-03 02:00:00,0.04,6,低利用率
SF00919,2025-03-03 03:00:00,0.04,6,低利用率
SF00919,2025-03-03 04:00:00,0.04,6,低利用率
SF00919,2025-03-03 05:00:00,0.04,6,低利用率
SF00919,2025-03-03 06:00:00,0.04,6,低利用率
SF00919,2025-03-03 07:00:00,0.04,6,低利用率
SF00919,2025-03-03 08:00:00,0.06666666666666667,6,低利用率
SF00919,2025-03-03 09:00:00,0.02,6,低利用率
SF00919,2025-03-03 10:00:00,0.06333333333333334,6,低利用率
SF00919,2025-03-03 11:00:00,0.02666666666666667,6,低利用率
SF00919,2025-03-03 12:00:00,0.05333333333333334,6,低利用率
SF00919,2025-03-03 13:00:00,0.05666666666666667,6,低利用率
SF00919,2025-03-03 14:00:00,0.043333333333333335,6,低利用率
SF00919,2025-03-03 15:00:00,0.05666666666666667,6,低利用率
SF00919,2025-03-03 16:00:00,0.06,6,低利用率
SF00919,2025-03-03 17:00:00,0.06666666666666667,6,低利用率
SF00919,2025-03-03 18:00:00,0.02666666666666667,6,低利用率
SF00919,2025-03-03 19:00:00,0.03666666666666667,6,低利用率
SF00919,2025-03-03 20:00:00,0.013333333333333334,6,低利用率
SF00919,2025-03-03 21:00:00,0.013333333333333334,3,低利用率
SF00919,2025-04-07 00:00:00,0.04,6,低利用率
SF00919,2025-04-07 06:00:00,0.0,6,低利用率
SF00919,2025-04-07 12:00:00,0.0033333333333333335,6,低利用率
SF00919,2025-04-07 18:00:00,0.04,6,低利用率
SF00919,2025-04-08 00:00:00,0.08,6,低利用率
SF00919,2025-04-08 06:00:00,0.08,6,低利用率
SF00919,2025-04-08 12:00:00,0.06666666666666667,6,低利用率
SF00919,2025-04-08 18:00:00,0.18333333333333335,6,低利用率
SF00919,2025-04-09 00:00:00,0.04,6,低利用率
SF00919,2025-04-09 06:00:00,0.0,6,低利用率
SF00919,2025-04-09 12:00:00,0.03333333333333333,6,低利用率
SF00919,2025-04-09 18:00:00,0.04,6,低利用率
SF00919,2025-04-10 00:00:00,0.013333333333333334,6,低利用率
SF00919,2025-04-10 06:00:00,0.0,6,低利用率
SF00919,2025-04-10 12:00:00,0.03,6,低利用率
SF00919,2025-04-10 18:00:00,0.04666666666666667,6,低利用率
SF00919,2025-04-11 00:00:00,0.03,6,低利用率
SF00919,2025-04-11 06:00:00,0.04,6,低利用率
SF00919,2025-04-11 12:00:00,0.08333333333333333,6,低利用率
SF00919,2025-04-11 18:00:00,0.10666666666666667,6,低利用率
SF00919,2025-04-12 00:00:00,0.04,6,低利用率
SF00919,2025-04-12 06:00:00,0.04,6,低利用率
SF00919,2025-04-12 12:00:00,0.03333333333333333,6,低利用率
SF00919,2025-04-12 18:00:00,0.06333333333333334,6,低利用率
SF00919,2025-04-13 00:00:00,0.02,6,低利用率
SF00919,2025-04-13 06:00:00,0.02,6,低利用率
SF00919,2025-04-13 12:00:00,0.21,6,低利用率
SF00919,2025-04-13 18:00:00,0.09333333333333334,6,低利用率
SF00920,2025-03-02 21:00:00,0.4916666666666667,3,中利用率
SF00920,2025-03-02 22:00:00,0.4583333333333333,6,中利用率
SF00920,2025-03-02 23:00:00,0.4291666666666667,6,中利用率
SF00920,2025-03-03 00:00:00,0.4604166666666667,6,中利用率
SF00920,2025-03-03 01:00:00,0.3979166666666667,6,中利用率
SF00920,2025-03-03 02:00:00,0.3875,6,中利用率
SF00920,2025-03-03 03:00:00,0.3875,6,中利用率
SF00920,2025-03-03 04:00:00,0.3770833333333334,6,中利用率
SF00920,2025-03-03 05:00:00,0.37916666666666665,6,中利用率
SF00920,2025-03-03 06:00:00,0.3979166666666667,6,中利用率
SF00920,2025-03-03 07:00:00,0.7104166666666667,6,高利用率
SF00920,2025-03-03 08:00:00,0.975,6,高利用率
SF00920,2025-03-03 09:00:00,0.975,6,高利用率
SF00920,2025-03-03 10:00:00,0.975,6,高利用率
SF00920,2025-03-03 11:00:00,0.975,6,高利用率
SF00920,2025-03-03 12:00:00,0.975,6,高利用率
SF00920,2025-03-03 13:00:00,0.975,6,高利用率
SF00920,2025-03-03 14:00:00,0.975,6,高利用率
SF00920,2025-03-03 15:00:00,0.975,6,高利用率
SF00920,2025-03-03 16:00:00,0.975,6,高利用率
SF00920,2025-03-03 17:00:00,0.975,6,高利用率
SF00920,2025-03-03 18:00:00,0.975,6,高利用率
SF00920,2025-03-03 19:00:00,0.975,6,高利用率
SF00920,2025-03-03 20:00:00,0.975,6,高利用率
SF00920,2025-03-03 21:00:00,0.975,3,高利用率
SF00920,2025-04-07 00:00:00,0.4916666666666667,6,中利用率
SF00920,2025-04-07 06:00:00,0.4479166666666667,6,中利用率
SF00920,2025-04-07 12:00:00,0.975,6,高利用率
SF00920,2025-04-07 18:00:00,0.975,6,高利用率
SF00920,2025-04-08 00:00:00,0.7833333333333333,6,高利用率
SF00920,2025-04-08 06:00:00,0.7708333333333334,6,高利用率
SF00920,2025-04-08 12:00:00,0.975,6,高利用率
SF00920,2025-04-08 18:00:00,0.975,6,高利用率
SF00920,2025-04-09 00:00:00,0.7979166666666666,6,高利用率
SF00920,2025-04-09 06:00:00,0.7541666666666668,6,高利用率
SF00920,2025-04-09 12:00:00,0.975,6,高利用率
SF00920,2025-04-09 18:00:00,0.975,6,高利用率
SF00920,2025-04-10 00:00:00,0.8125,6,高利用率
SF00920,2025-04-10 06:00:00,0.7875,6,高利用率
SF00920,2025-04-10 12:00:00,0.975,6,高利用率
SF00920,2025-04-10 18:00:00,0.975,6,高利用率
SF00920,2025-04-11 00:00:00,0.8104166666666667,6,高利用率
SF00920,2025-04-11 06:00:00,0.78125,6,高利用率
SF00920,2025-04-11 12:00:00,0.975,6,高利用率
SF00920,2025-04-11 18:00:00,0.9708333333333333,6,高利用率
SF00920,2025-04-12 00:00:00,0.7125,6,高利用率
SF00920,2025-04-12 06:00:00,0.65625,6,中利用率
SF00920,2025-04-12 12:00:00,0.975,6,高利用率
SF00920,2025-04-12 18:00:00,0.7229166666666668,6,高利用率
SF00920,2025-04-13 00:00:00,0.5979166666666667,6,中利用率
SF00920,2025-04-13 06:00:00,0.59375,6,中利用率
SF00920,2025-04-13 12:00:00,0.9562499999999999,6,高利用率
SF00920,2025-04-13 18:00:00,0.5645833333333333,6,中利用率
SF00921,2025-03-02 21:00:00,0.08823529411764706,3,低利用率
SF00921,2025-03-02 22:00:00,0.08823529411764706,6,低利用率
SF00921,2025-03-02 23:00:00,0.08823529411764706,6,低利用率
SF00921,2025-03-03 00:00:00,0.08823529411764706,6,低利用率
SF00921,2025-03-03 01:00:00,0.08823529411764706,6,低利用率
SF00921,2025-03-03 02:00:00,0.08823529411764706,6,低利用率
SF00921,2025-03-03 03:00:00,0.08823529411764706,6,低利用率
SF00921,2025-03-03 04:00:00,0.08823529411764706,6,低利用率
SF00921,2025-03-03 05:00:00,0.08823529411764706,6,低利用率
SF00921,2025-03-03 06:00:00,0.08823529411764706,6,低利用率
SF00921,2025-03-03 07:00:00,0.08823529411764706,6,低利用率
SF00921,2025-03-03 08:00:00,0.08823529411764706,6,低利用率
SF00921,2025-03-03 09:00:00,0.08823529411764706,6,低利用率
SF00921,2025-03-03 10:00:00,0.08823529411764706,6,低利用率
SF00921,2025-03-03 11:00:00,0.08823529411764706,6,低利用率
SF00921,2025-03-03 12:00:00,0.08823529411764706,6,低利用率
SF00921,2025-03-03 13:00:00,0.08823529411764706,6,低利用率
SF00921,2025-03-03 14:00:00,0.08823529411764706,6,低利用率
SF00921,2025-03-03 15:00:00,0.08823529411764706,6,低利用率
SF00921,2025-03-03 16:00:00,0.08823529411764706,6,低利用率
SF00921,2025-03-03 17:00:00,0.08823529411764706,6,低利用率
SF00921,2025-03-03 18:00:00,0.08823529411764706,6,低利用率
SF00921,2025-03-03 19:00:00,0.08823529411764706,6,低利用率
SF00921,2025-03-03 20:00:00,0.08823529411764706,6,低利用率
SF00921,2025-03-03 21:00:00,0.08823529411764706,3,低利用率
SF00921,2025-04-07 00:00:00,0.08823529411764706,6,低利用率
SF00921,2025-04-07 06:00:00,0.08823529411764706,6,低利用率
SF00921,2025-04-07 12:00:00,0.08823529411764706,6,低利用率
SF00921,2025-04-07 18:00:00,0.08823529411764706,6,低利用率
SF00921,2025-04-08 00:00:00,0.08823529411764706,6,低利用率
SF00921,2025-04-08 06:00:00,0.08823529411764706,6,低利用率
SF00921,2025-04-08 12:00:00,0.08823529411764706,6,低利用率
SF00921,2025-04-08 18:00:00,0.08823529411764706,6,低利用率
SF00921,2025-04-09 00:00:00,0.08823529411764706,6,低利用率
SF00921,2025-04-09 06:00:00,0.08823529411764706,6,低利用率
SF00921,2025-04-09 12:00:00,0.08823529411764706,6,低利用率
SF00921,2025-04-09 18:00:00,0.08823529411764706,6,低利用率
SF00921,2025-04-10 00:00:00,0.08823529411764706,6,低利用率
SF00921,2025-04-10 06:00:00,0.08823529411764706,6,低利用率
SF00921,2025-04-10 12:00:00,0.08823529411764706,6,低利用率
SF00921,2025-04-10 18:00:00,0.08823529411764706,6,低利用率
SF00921,2025-04-11 00:00:00,0.08823529411764706,6,低利用率
SF00921,2025-04-11 06:00:00,0.08823529411764706,6,低利用率
SF00921,2025-04-11 12:00:00,0.08823529411764706,6,低利用率
SF00921,2025-04-11 18:00:00,0.08823529411764706,6,低利用率
SF00921,2025-04-12 00:00:00,0.08823529411764706,6,低利用率
SF00921,2025-04-12 06:00:00,0.08823529411764706,6,低利用率
SF00921,2025-04-12 12:00:00,0.08823529411764706,6,低利用率
SF00921,2025-04-12 18:00:00,0.08823529411764706,6,低利用率
SF00921,2025-04-13 00:00:00,0.08823529411764706,6,低利用率
SF00921,2025-04-13 06:00:00,0.08823529411764706,6,低利用率
SF00921,2025-04-13 12:00:00,0.08823529411764706,6,低利用率
SF00921,2025-04-13 18:00:00,0.08823529411764706,6,低利用率
SF00923,2025-03-02 21:00:00,0.06666666666666667,3,低利用率
SF00923,2025-03-02 22:00:00,0.06666666666666667,6,低利用率
SF00923,2025-03-02 23:00:00,0.06666666666666667,6,低利用率
SF00923,2025-03-03 00:00:00,0.06666666666666667,6,低利用率
SF00923,2025-03-03 01:00:00,0.06666666666666667,6,低利用率
SF00923,2025-03-03 02:00:00,0.06666666666666667,6,低利用率
SF00923,2025-03-03 03:00:00,0.06666666666666667,6,低利用率
SF00923,2025-03-03 04:00:00,0.06666666666666667,6,低利用率
SF00923,2025-03-03 05:00:00,0.06666666666666667,6,低利用率
SF00923,2025-03-03 06:00:00,0.06666666666666667,6,低利用率
SF00923,2025-03-03 07:00:00,0.06666666666666667,6,低利用率
SF00923,2025-03-03 08:00:00,0.06666666666666667,6,低利用率
SF00923,2025-03-03 09:00:00,0.06666666666666667,6,低利用率
SF00923,2025-03-03 10:00:00,0.06666666666666667,6,低利用率
SF00923,2025-03-03 11:00:00,0.06666666666666667,6,低利用率
SF00923,2025-03-03 12:00:00,0.06666666666666667,6,低利用率
SF00923,2025-03-03 13:00:00,0.06666666666666667,6,低利用率
SF00923,2025-03-03 14:00:00,0.06666666666666667,6,低利用率
SF00923,2025-03-03 15:00:00,0.06666666666666667,6,低利用率
SF00923,2025-03-03 16:00:00,0.06666666666666667,6,低利用率
SF00923,2025-03-03 17:00:00,0.06666666666666667,6,低利用率
SF00923,2025-03-03 18:00:00,0.06666666666666667,6,低利用率
SF00923,2025-03-03 19:00:00,0.06666666666666667,6,低利用率
SF00923,2025-03-03 20:00:00,0.06666666666666667,6,低利用率
SF00923,2025-03-03 21:00:00,0.06666666666666667,3,低利用率
SF00923,2025-04-07 00:00:00,0.06666666666666667,6,低利用率
SF00923,2025-04-07 06:00:00,0.06666666666666667,6,低利用率
SF00923,2025-04-07 12:00:00,0.06666666666666667,6,低利用率
SF00923,2025-04-07 18:00:00,0.06666666666666667,6,低利用率
SF00923,2025-04-08 00:00:00,0.06666666666666667,6,低利用率
SF00923,2025-04-08 06:00:00,0.06666666666666667,6,低利用率
SF00923,2025-04-08 12:00:00,0.06666666666666667,6,低利用率
SF00923,2025-04-08 18:00:00,0.06666666666666667,6,低利用率
SF00923,2025-04-09 00:00:00,0.06666666666666667,6,低利用率
SF00923,2025-04-09 06:00:00,0.06666666666666667,6,低利用率
SF00923,2025-04-09 12:00:00,0.06666666666666667,6,低利用率
SF00923,2025-04-09 18:00:00,0.06666666666666667,6,低利用率
SF00923,2025-04-10 00:00:00,0.06666666666666667,6,低利用率
SF00923,2025-04-10 06:00:00,0.06666666666666667,6,低利用率
SF00923,2025-04-10 12:00:00,0.06666666666666667,6,低利用率
SF00923,2025-04-10 18:00:00,0.06666666666666667,6,低利用率
SF00923,2025-04-11 00:00:00,0.06666666666666667,6,低利用率
SF00923,2025-04-11 06:00:00,0.06666666666666667,6,低利用率
SF00923,2025-04-11 12:00:00,0.06666666666666667,6,低利用率
SF00923,2025-04-11 18:00:00,0.06666666666666667,6,低利用率
SF00923,2025-04-12 00:00:00,0.06666666666666667,6,低利用率
SF00923,2025-04-12 06:00:00,0.06666666666666667,6,低利用率
SF00923,2025-04-12 12:00:00,0.06666666666666667,6,低利用率
SF00923,2025-04-12 18:00:00,0.06666666666666667,6,低利用率
SF00923,2025-04-13 00:00:00,0.06666666666666667,6,低利用率
SF00923,2025-04-13 06:00:00,0.06666666666666667,6,低利用率
SF00923,2025-04-13 12:00:00,0.06666666666666667,6,低利用率
SF00923,2025-04-13 18:00:00,0.06666666666666667,6,低利用率
SF00925,2025-03-02 21:00:00,0.02,3,低利用率
SF00925,2025-03-02 22:00:00,0.0,6,低利用率
SF00925,2025-03-02 23:00:00,0.06666666666666667,6,低利用率
SF00925,2025-03-03 00:00:00,0.08,6,低利用率
SF00925,2025-03-03 01:00:00,0.12,6,低利用率
SF00925,2025-03-03 02:00:00,0.12,6,低利用率
SF00925,2025-03-03 03:00:00,0.12,6,低利用率
SF00925,2025-03-03 04:00:00,0.12,6,低利用率
SF00925,2025-03-03 05:00:00,0.12,6,低利用率
SF00925,2025-03-03 06:00:00,0.12,6,低利用率
SF00925,2025-03-03 07:00:00,0.12,6,低利用率
SF00925,2025-03-03 08:00:00,0.16333333333333333,6,低利用率
SF00925,2025-03-03 09:00:00,0.30333333333333334,6,中利用率
SF00925,2025-03-03 10:00:00,0.38666666666666666,6,中利用率
SF00925,2025-03-03 11:00:00,0.2833333333333333,6,低利用率
SF00925,2025-03-03 12:00:00,0.28,6,低利用率
SF00925,2025-03-03 13:00:00,0.28,6,低利用率
SF00925,2025-03-03 14:00:00,0.38000000000000006,6,中利用率
SF00925,2025-03-03 15:00:00,0.33,6,中利用率
SF00925,2025-03-03 16:00:00,0.3,6,中利用率
SF00925,2025-03-03 17:00:00,0.18000000000000002,6,低利用率
SF00925,2025-03-03 18:00:00,0.15666666666666668,6,低利用率
SF00925,2025-03-03 19:00:00,0.18333333333333335,6,低利用率
SF00925,2025-03-03 20:00:00,0.19666666666666666,6,低利用率
SF00925,2025-03-03 21:00:00,0.1466666666666667,3,低利用率
SF00925,2025-04-07 00:00:00,0.24,6,低利用率
SF00925,2025-04-07 06:00:00,0.22999999999999998,6,低利用率
SF00925,2025-04-07 12:00:00,0.44333333333333336,6,中利用率
SF00925,2025-04-07 18:00:00,0.34,6,中利用率
SF00925,2025-04-08 00:00:00,0.22,6,低利用率
SF00925,2025-04-08 06:00:00,0.22,6,低利用率
SF00925,2025-04-08 12:00:00,0.5466666666666667,6,中利用率
SF00925,2025-04-08 18:00:00,0.29333333333333333,6,低利用率
SF00925,2025-04-09 00:00:00,0.16,6,低利用率
SF00925,2025-04-09 06:00:00,0.18333333333333335,6,低利用率
SF00925,2025-04-09 12:00:00,0.4066666666666667,6,中利用率
SF00925,2025-04-09 18:00:00,0.32,6,中利用率
SF00925,2025-04-10 00:00:00,0.26666666666666666,6,低利用率
SF00925,2025-04-10 06:00:00,0.26,6,低利用率
SF00925,2025-04-10 12:00:00,0.49,6,中利用率
SF00925,2025-04-10 18:00:00,0.35000000000000003,6,中利用率
SF00925,2025-04-11 00:00:00,0.24,6,低利用率
SF00925,2025-04-11 06:00:00,0.22,6,低利用率
SF00925,2025-04-11 12:00:00,0.52,6,中利用率
SF00925,2025-04-11 18:00:00,0.4533333333333333,6,中利用率
SF00925,2025-04-12 00:00:00,0.3666666666666667,6,中利用率
SF00925,2025-04-12 06:00:00,0.42,6,中利用率
SF00925,2025-04-12 12:00:00,0.52,6,中利用率
SF00925,2025-04-12 18:00:00,0.4033333333333333,6,中利用率
SF00925,2025-04-13 00:00:00,0.26,6,低利用率
SF00925,2025-04-13 06:00:00,0.3,6,中利用率
SF00925,2025-04-13 12:00:00,0.49333333333333335,6,中利用率
SF00925,2025-04-13 18:00:00,0.19000000000000003,6,低利用率
SF00926,2025-03-02 21:00:00,0.5916666666666667,3,中利用率
SF00926,2025-03-02 22:00:00,0.5972222222222222,6,中利用率
SF00926,2025-03-02 23:00:00,0.9249999999999999,6,高利用率
SF00926,2025-03-03 00:00:00,0.325,6,中利用率
SF00926,2025-03-03 01:00:00,0.20555555555555557,6,低利用率
SF00926,2025-03-03 02:00:00,0.20833333333333334,6,低利用率
SF00926,2025-03-03 03:00:00,0.19722222222222222,6,低利用率
SF00926,2025-03-03 04:00:00,0.19583333333333333,6,低利用率
SF00926,2025-03-03 05:00:00,0.19166666666666665,6,低利用率
SF00926,2025-03-03 06:00:00,0.27499999999999997,6,低利用率
SF00926,2025-03-03 07:00:00,0.2972222222222222,6,低利用率
SF00926,2025-03-03 08:00:00,0.36527777777777776,6,中利用率
SF00926,2025-03-03 09:00:00,0.4222222222222222,6,中利用率
SF00926,2025-03-03 10:00:00,0.39999999999999997,6,中利用率
SF00926,2025-03-03 11:00:00,0.39444444444444443,6,中利用率
SF00926,2025-03-03 12:00:00,0.39166666666666666,6,中利用率
SF00926,2025-03-03 13:00:00,0.41250000000000003,6,中利用率
SF00926,2025-03-03 14:00:00,0.3875,6,中利用率
SF00926,2025-03-03 15:00:00,0.4236111111111111,6,中利用率
SF00926,2025-03-03 16:00:00,0.5722222222222223,6,中利用率
SF00926,2025-03-03 17:00:00,0.5986111111111111,6,中利用率
SF00926,2025-03-03 18:00:00,0.6069444444444444,6,中利用率
SF00926,2025-03-03 19:00:00,0.6055555555555555,6,中利用率
SF00926,2025-03-03 20:00:00,0.6,6,中利用率
SF00926,2025-03-03 21:00:00,0.5777777777777778,3,中利用率
SF00926,2025-04-07 00:00:00,0.3263888888888889,6,中利用率
SF00926,2025-04-07 06:00:00,0.2708333333333333,6,低利用率
SF00926,2025-04-07 12:00:00,0.40138888888888885,6,中利用率
SF00926,2025-04-07 18:00:00,0.5944444444444444,6,中利用率
SF00926,2025-04-08 00:00:00,0.33194444444444443,6,中利用率
SF00926,2025-04-08 06:00:00,0.2833333333333333,6,低利用率
SF00926,2025-04-08 12:00:00,0.39166666666666666,6,中利用率
SF00926,2025-04-08 18:00:00,0.5861111111111111,6,中利用率
SF00926,2025-04-09 00:00:00,0.3361111111111111,6,中利用率
SF00926,2025-04-09 06:00:00,0.27638888888888885,6,低利用率
SF00926,2025-04-09 12:00:00,0.4083333333333334,6,中利用率
SF00926,2025-04-09 18:00:00,0.5708333333333333,6,中利用率
SF00926,2025-04-10 00:00:00,0.3347222222222222,6,中利用率
SF00926,2025-04-10 06:00:00,0.28611111111111115,6,低利用率
SF00926,2025-04-10 12:00:00,0.38055555555555554,6,中利用率
SF00926,2025-04-10 18:00:00,0.6208333333333333,6,中利用率
SF00926,2025-04-11 00:00:00,0.33055555555555555,6,中利用率
SF00926,2025-04-11 06:00:00,0.2791666666666667,6,低利用率
SF00926,2025-04-11 12:00:00,0.5833333333333334,6,中利用率
SF00926,2025-04-11 18:00:00,0.9097222222222222,6,高利用率
SF00926,2025-04-12 00:00:00,0.325,6,中利用率
SF00926,2025-04-12 06:00:00,0.2708333333333333,6,低利用率
SF00926,2025-04-12 12:00:00,0.6027777777777777,6,中利用率
SF00926,2025-04-12 18:00:00,0.9152777777777779,6,高利用率
SF00926,2025-04-13 00:00:00,0.33194444444444443,6,中利用率
SF00926,2025-04-13 06:00:00,0.3013888888888889,6,中利用率
SF00926,2025-04-13 12:00:00,0.6111111111111112,6,中利用率
SF00926,2025-04-13 18:00:00,0.9138888888888889,6,高利用率
SF00927,2025-03-02 21:00:00,0.05028248587570622,3,低利用率
SF00927,2025-03-02 22:00:00,0.04858757062146893,6,低利用率
SF00927,2025-03-02 23:00:00,0.04858757062146893,6,低利用率
SF00927,2025-03-03 00:00:00,0.04491525423728813,6,低利用率
SF00927,2025-03-03 01:00:00,0.03587570621468927,6,低利用率
SF00927,2025-03-03 02:00:00,0.03220338983050847,6,低利用率
SF00927,2025-03-03 03:00:00,0.036440677966101696,6,低利用率
SF00927,2025-03-03 04:00:00,0.03728813559322034,6,低利用率
SF00927,2025-03-03 05:00:00,0.03672316384180791,6,低利用率
SF00927,2025-03-03 06:00:00,0.03728813559322034,6,低利用率
SF00927,2025-03-03 07:00:00,0.05254237288135594,6,低利用率
SF00927,2025-03-03 08:00:00,0.11666666666666665,6,低利用率
SF00927,2025-03-03 09:00:00,0.22033898305084745,6,低利用率
SF00927,2025-03-03 10:00:00,0.23785310734463275,6,低利用率
SF00927,2025-03-03 11:00:00,0.22881355932203387,6,低利用率
SF00927,2025-03-03 12:00:00,0.2022598870056497,6,低利用率
SF00927,2025-03-03 13:00:00,0.1980225988700565,6,低利用率
SF00927,2025-03-03 14:00:00,0.207909604519774,6,低利用率
SF00927,2025-03-03 15:00:00,0.20536723163841808,6,低利用率
SF00927,2025-03-03 16:00:00,0.21271186440677967,6,低利用率
SF00927,2025-03-03 17:00:00,0.14717514124293785,6,低利用率
SF00927,2025-03-03 18:00:00,0.10141242937853108,6,低利用率
SF00927,2025-03-03 19:00:00,0.0903954802259887,6,低利用率
SF00927,2025-03-03 20:00:00,0.07655367231638417,6,低利用率
SF00927,2025-03-03 21:00:00,0.07966101694915255,3,低利用率
SF00927,2025-04-07 00:00:00,0.06638418079096045,6,低利用率
SF00927,2025-04-07 06:00:00,0.06412429378531073,6,低利用率
SF00927,2025-04-07 12:00:00,0.21129943502824858,6,低利用率
SF00927,2025-04-07 18:00:00,0.11101694915254239,6,低利用率
SF00927,2025-04-08 00:00:00,0.059887005649717516,6,低利用率
SF00927,2025-04-08 06:00:00,0.05847457627118644,6,低利用率
SF00927,2025-04-08 12:00:00,0.18361581920903955,6,低利用率
SF00927,2025-04-08 18:00:00,0.08107344632768361,6,低利用率
SF00927,2025-04-09 00:00:00,0.05649717514124294,6,低利用率
SF00927,2025-04-09 06:00:00,0.051694915254237285,6,低利用率
SF00927,2025-04-09 12:00:00,0.17768361581920902,6,低利用率
SF00927,2025-04-09 18:00:00,0.10903954802259887,6,低利用率
SF00927,2025-04-10 00:00:00,0.08531073446327682,6,低利用率
SF00927,2025-04-10 06:00:00,0.08700564971751412,6,低利用率
SF00927,2025-04-10 12:00:00,0.20282485875706213,6,低利用率
SF00927,2025-04-10 18:00:00,0.12485875706214689,6,低利用率
SF00927,2025-04-11 00:00:00,0.10197740112994351,6,低利用率
SF00927,2025-04-11 06:00:00,0.09632768361581921,6,低利用率
SF00927,2025-04-11 12:00:00,0.24519774011299436,6,低利用率
SF00927,2025-04-11 18:00:00,0.14943502824858756,6,低利用率
SF00927,2025-04-12 00:00:00,0.08559322033898305,6,低利用率
SF00927,2025-04-12 06:00:00,0.08333333333333333,6,低利用率
SF00927,2025-04-12 12:00:00,0.16920903954802258,6,低利用率
SF00927,2025-04-12 18:00:00,0.14265536723163844,6,低利用率
SF00927,2025-04-13 00:00:00,0.07344632768361582,6,低利用率
SF00927,2025-04-13 06:00:00,0.06610169491525424,6,低利用率
SF00927,2025-04-13 12:00:00,0.13531073446327682,6,低利用率
SF00927,2025-04-13 18:00:00,0.103954802259887,6,低利用率
SF00928,2025-03-02 21:00:00,0.5255555555555556,3,中利用率
SF00928,2025-03-02 22:00:00,0.5,6,中利用率
SF00928,2025-03-02 23:00:00,0.46222222222222226,6,中利用率
SF00928,2025-03-03 00:00:00,0.35777777777777775,6,中利用率
SF00928,2025-03-03 01:00:00,0.28611111111111115,6,低利用率
SF00928,2025-03-03 02:00:00,0.23722222222222222,6,低利用率
SF00928,2025-03-03 03:00:00,0.20333333333333334,6,低利用率
SF00928,2025-03-03 04:00:00,0.19499999999999998,6,低利用率
SF00928,2025-03-03 05:00:00,0.18444444444444444,6,低利用率
SF00928,2025-03-03 06:00:00,0.18166666666666664,6,低利用率
SF00928,2025-03-03 07:00:00,0.20333333333333334,6,低利用率
SF00928,2025-03-03 08:00:00,0.37222222222222223,6,中利用率
SF00928,2025-03-03 09:00:00,0.7866666666666666,6,高利用率
SF00928,2025-03-03 10:00:00,0.9433333333333334,6,高利用率
SF00928,2025-03-03 11:00:00,0.9677777777777777,6,高利用率
SF00928,2025-03-03 12:00:00,0.9777777777777777,6,高利用率
SF00928,2025-03-03 13:00:00,0.9933333333333333,6,高利用率
SF00928,2025-03-03 14:00:00,0.9933333333333333,6,高利用率
SF00928,2025-03-03 15:00:00,0.9933333333333333,6,高利用率
SF00928,2025-03-03 16:00:00,0.985,6,高利用率
SF00928,2025-03-03 17:00:00,0.6827777777777778,6,中利用率
SF00928,2025-03-03 18:00:00,0.5538888888888889,6,中利用率
SF00928,2025-03-03 19:00:00,0.5677777777777778,6,中利用率
SF00928,2025-03-03 20:00:00,0.6127777777777778,6,中利用率
SF00928,2025-03-03 21:00:00,0.6066666666666667,3,中利用率
SF00928,2025-04-07 00:00:00,0.3611111111111111,6,中利用率
SF00928,2025-04-07 06:00:00,0.205,6,低利用率
SF00928,2025-04-07 12:00:00,0.9016666666666667,6,高利用率
SF00928,2025-04-07 18:00:00,0.5372222222222223,6,中利用率
SF00928,2025-04-08 00:00:00,0.3938888888888889,6,中利用率
SF00928,2025-04-08 06:00:00,0.24333333333333332,6,低利用率
SF00928,2025-04-08 12:00:00,0.8627777777777778,6,高利用率
SF00928,2025-04-08 18:00:00,0.52,6,中利用率
SF00928,2025-04-09 00:00:00,0.36833333333333335,6,中利用率
SF00928,2025-04-09 06:00:00,0.2233333333333333,6,低利用率
SF00928,2025-04-09 12:00:00,0.8533333333333334,6,高利用率
SF00928,2025-04-09 18:00:00,0.5633333333333334,6,中利用率
SF00928,2025-04-10 00:00:00,0.4255555555555555,6,中利用率
SF00928,2025-04-10 06:00:00,0.2488888888888889,6,低利用率
SF00928,2025-04-10 12:00:00,0.9088888888888889,6,高利用率
SF00928,2025-04-10 18:00:00,0.5555555555555556,6,中利用率
SF00928,2025-04-11 00:00:00,0.4466666666666667,6,中利用率
SF00928,2025-04-11 06:00:00,0.26555555555555554,6,低利用率
SF00928,2025-04-11 12:00:00,0.8566666666666666,6,高利用率
SF00928,2025-04-11 18:00:00,0.6372222222222222,6,中利用率
SF00928,2025-04-12 00:00:00,0.43166666666666664,6,中利用率
SF00928,2025-04-12 06:00:00,0.23222222222222222,6,低利用率
SF00928,2025-04-12 12:00:00,0.5494444444444444,6,中利用率
SF00928,2025-04-12 18:00:00,0.5288888888888889,6,中利用率
SF00928,2025-04-13 00:00:00,0.4138888888888889,6,中利用率
SF00928,2025-04-13 06:00:00,0.19999999999999998,6,低利用率
SF00928,2025-04-13 12:00:00,0.33944444444444444,6,中利用率
SF00928,2025-04-13 18:00:00,0.39055555555555554,6,中利用率
SF00929,2025-03-02 21:00:00,0.129,3,低利用率
SF00929,2025-03-02 22:00:00,0.129,6,低利用率
SF00929,2025-03-02 23:00:00,0.129,6,低利用率
SF00929,2025-03-03 00:00:00,0.129,6,低利用率
SF00929,2025-03-03 01:00:00,0.129,6,低利用率
SF00929,2025-03-03 02:00:00,0.129,6,低利用率
SF00929,2025-03-03 03:00:00,0.129,6,低利用率
SF00929,2025-03-03 04:00:00,0.129,6,低利用率
SF00929,2025-03-03 05:00:00,0.129,6,低利用率
SF00929,2025-03-03 06:00:00,0.129,6,低利用率
SF00929,2025-03-03 07:00:00,0.129,6,低利用率
SF00929,2025-03-03 08:00:00,0.129,6,低利用率
SF00929,2025-03-03 09:00:00,0.129,6,低利用率
SF00929,2025-03-03 10:00:00,0.129,6,低利用率
SF00929,2025-03-03 11:00:00,0.129,6,低利用率
SF00929,2025-03-03 12:00:00,0.129,6,低利用率
SF00929,2025-03-03 13:00:00,0.129,6,低利用率
SF00929,2025-03-03 14:00:00,0.129,6,低利用率
SF00929,2025-03-03 15:00:00,0.129,6,低利用率
SF00929,2025-03-03 16:00:00,0.129,6,低利用率
SF00929,2025-03-03 17:00:00,0.129,6,低利用率
SF00929,2025-03-03 18:00:00,0.129,6,低利用率
SF00929,2025-03-03 19:00:00,0.129,6,低利用率
SF00929,2025-03-03 20:00:00,0.129,6,低利用率
SF00929,2025-03-03 21:00:00,0.129,3,低利用率
SF00929,2025-04-07 00:00:00,1.0,6,高利用率
SF00929,2025-04-07 06:00:00,1.0,6,高利用率
SF00929,2025-04-07 12:00:00,1.0,6,高利用率
SF00929,2025-04-07 18:00:00,1.0,6,高利用率
SF00929,2025-04-08 00:00:00,1.0,6,高利用率
SF00929,2025-04-08 06:00:00,1.0,6,高利用率
SF00929,2025-04-08 12:00:00,1.0,6,高利用率
SF00929,2025-04-08 18:00:00,1.0,6,高利用率
SF00929,2025-04-09 00:00:00,1.0,6,高利用率
SF00929,2025-04-09 06:00:00,1.0,6,高利用率
SF00929,2025-04-09 12:00:00,1.0,6,高利用率
SF00929,2025-04-09 18:00:00,1.0,6,高利用率
SF00929,2025-04-10 00:00:00,1.0,6,高利用率
SF00929,2025-04-10 06:00:00,1.0,6,高利用率
SF00929,2025-04-10 12:00:00,1.0,6,高利用率
SF00929,2025-04-10 18:00:00,1.0,6,高利用率
SF00929,2025-04-11 00:00:00,1.0,6,高利用率
SF00929,2025-04-11 06:00:00,1.0,6,高利用率
SF00929,2025-04-11 12:00:00,1.0,6,高利用率
SF00929,2025-04-11 18:00:00,1.0,6,高利用率
SF00929,2025-04-12 00:00:00,1.0,6,高利用率
SF00929,2025-04-12 06:00:00,1.0,6,高利用率
SF00929,2025-04-12 12:00:00,1.0,6,高利用率
SF00929,2025-04-12 18:00:00,1.0,6,高利用率
SF00929,2025-04-13 00:00:00,1.0,6,高利用率
SF00929,2025-04-13 06:00:00,1.0,6,高利用率
SF00929,2025-04-13 12:00:00,1.0,6,高利用率
SF00929,2025-04-13 18:00:00,1.0,6,高利用率
SF00930,2025-03-02 21:00:00,0.09666666666666666,3,低利用率
SF00930,2025-03-02 22:00:00,0.09666666666666666,6,低利用率
SF00930,2025-03-02 23:00:00,0.09666666666666666,6,低利用率
SF00930,2025-03-03 00:00:00,0.09666666666666666,6,低利用率
SF00930,2025-03-03 01:00:00,0.09666666666666666,6,低利用率
SF00930,2025-03-03 02:00:00,0.09666666666666666,6,低利用率
SF00930,2025-03-03 03:00:00,0.09666666666666666,6,低利用率
SF00930,2025-03-03 04:00:00,0.09666666666666666,6,低利用率
SF00930,2025-03-03 05:00:00,0.09666666666666666,6,低利用率
SF00930,2025-03-03 06:00:00,0.09666666666666666,6,低利用率
SF00930,2025-03-03 07:00:00,0.09666666666666666,6,低利用率
SF00930,2025-03-03 08:00:00,0.09666666666666666,6,低利用率
SF00930,2025-03-03 09:00:00,0.09666666666666666,6,低利用率
SF00930,2025-03-03 10:00:00,0.09666666666666666,6,低利用率
SF00930,2025-03-03 11:00:00,0.09666666666666666,6,低利用率
SF00930,2025-03-03 12:00:00,0.09666666666666666,6,低利用率
SF00930,2025-03-03 13:00:00,0.09666666666666666,6,低利用率
SF00930,2025-03-03 14:00:00,0.09666666666666666,6,低利用率
SF00930,2025-03-03 15:00:00,0.09666666666666666,6,低利用率
SF00930,2025-03-03 16:00:00,0.09666666666666666,6,低利用率
SF00930,2025-03-03 17:00:00,0.09666666666666666,6,低利用率
SF00930,2025-03-03 18:00:00,0.09666666666666666,6,低利用率
SF00930,2025-03-03 19:00:00,0.09666666666666666,6,低利用率
SF00930,2025-03-03 20:00:00,0.09666666666666666,6,低利用率
SF00930,2025-03-03 21:00:00,0.09666666666666666,3,低利用率
SF00930,2025-04-07 00:00:00,0.09666666666666666,6,低利用率
SF00930,2025-04-07 06:00:00,0.09666666666666666,6,低利用率
SF00930,2025-04-07 12:00:00,0.09666666666666666,6,低利用率
SF00930,2025-04-07 18:00:00,0.09666666666666666,6,低利用率
SF00930,2025-04-08 00:00:00,0.09666666666666666,6,低利用率
SF00930,2025-04-08 06:00:00,0.09666666666666666,6,低利用率
SF00930,2025-04-08 12:00:00,0.09666666666666666,6,低利用率
SF00930,2025-04-08 18:00:00,0.09666666666666666,6,低利用率
SF00930,2025-04-09 00:00:00,0.09666666666666666,6,低利用率
SF00930,2025-04-09 06:00:00,0.09666666666666666,6,低利用率
SF00930,2025-04-09 12:00:00,0.09666666666666666,6,低利用率
SF00930,2025-04-09 18:00:00,0.09666666666666666,6,低利用率
SF00930,2025-04-10 00:00:00,0.09666666666666666,6,低利用率
SF00930,2025-04-10 06:00:00,0.09666666666666666,6,低利用率
SF00930,2025-04-10 12:00:00,0.09666666666666666,6,低利用率
SF00930,2025-04-10 18:00:00,0.09666666666666666,6,低利用率
SF00930,2025-04-11 00:00:00,0.09666666666666666,6,低利用率
SF00930,2025-04-11 06:00:00,0.09666666666666666,6,低利用率
SF00930,2025-04-11 12:00:00,0.09666666666666666,6,低利用率
SF00930,2025-04-11 18:00:00,0.09666666666666666,6,低利用率
SF00930,2025-04-12 00:00:00,0.09666666666666666,6,低利用率
SF00930,2025-04-12 06:00:00,0.09666666666666666,6,低利用率
SF00930,2025-04-12 12:00:00,0.09666666666666666,6,低利用率
SF00930,2025-04-12 18:00:00,0.09666666666666666,6,低利用率
SF00930,2025-04-13 00:00:00,0.09666666666666666,6,低利用率
SF00930,2025-04-13 06:00:00,0.09666666666666666,6,低利用率
SF00930,2025-04-13 12:00:00,0.09666666666666666,6,低利用率
SF00930,2025-04-13 18:00:00,0.09666666666666666,6,低利用率
SF00931,2025-03-02 21:00:00,0.6177777777777778,3,中利用率
SF00931,2025-03-02 22:00:00,0.5955555555555555,6,中利用率
SF00931,2025-03-02 23:00:00,0.9155555555555557,6,高利用率
SF00931,2025-03-03 00:00:00,0.3377777777777778,6,中利用率
SF00931,2025-03-03 01:00:00,0.1977777777777778,6,低利用率
SF00931,2025-03-03 02:00:00,0.19999999999999998,6,低利用率
SF00931,2025-03-03 03:00:00,0.19333333333333336,6,低利用率
SF00931,2025-03-03 04:00:00,0.20222222222222222,6,低利用率
SF00931,2025-03-03 05:00:00,0.1977777777777778,6,低利用率
SF00931,2025-03-03 06:00:00,0.3066666666666667,6,中利用率
SF00931,2025-03-03 07:00:00,0.2822222222222222,6,低利用率
SF00931,2025-03-03 08:00:00,0.38222222222222224,6,中利用率
SF00931,2025-03-03 09:00:00,0.3977777777777778,6,中利用率
SF00931,2025-03-03 10:00:00,0.4155555555555555,6,中利用率
SF00931,2025-03-03 11:00:00,0.39111111111111113,6,中利用率
SF00931,2025-03-03 12:00:00,0.37999999999999995,6,中利用率
SF00931,2025-03-03 13:00:00,0.4177777777777778,6,中利用率
SF00931,2025-03-03 14:00:00,0.43111111111111117,6,中利用率
SF00931,2025-03-03 15:00:00,0.4066666666666667,6,中利用率
SF00931,2025-03-03 16:00:00,0.5666666666666667,6,中利用率
SF00931,2025-03-03 17:00:00,0.5977777777777779,6,中利用率
SF00931,2025-03-03 18:00:00,0.6,6,中利用率
SF00931,2025-03-03 19:00:00,0.6266666666666666,6,中利用率
SF00931,2025-03-03 20:00:00,0.5666666666666667,6,中利用率
SF00931,2025-03-03 21:00:00,0.6266666666666666,3,中利用率
SF00931,2025-04-07 00:00:00,0.3288888888888889,6,中利用率
SF00931,2025-04-07 06:00:00,0.3022222222222222,6,中利用率
SF00931,2025-04-07 12:00:00,0.42444444444444446,6,中利用率
SF00931,2025-04-07 18:00:00,0.6155555555555555,6,中利用率
SF00931,2025-04-08 00:00:00,0.32666666666666666,6,中利用率
SF00931,2025-04-08 06:00:00,0.3022222222222222,6,中利用率
SF00931,2025-04-08 12:00:00,0.40444444444444444,6,中利用率
SF00931,2025-04-08 18:00:00,0.6022222222222222,6,中利用率
SF00931,2025-04-09 00:00:00,0.32222222222222224,6,中利用率
SF00931,2025-04-09 06:00:00,0.2866666666666667,6,低利用率
SF00931,2025-04-09 12:00:00,0.43333333333333335,6,中利用率
SF00931,2025-04-09 18:00:00,0.5866666666666667,6,中利用率
SF00931,2025-04-10 00:00:00,0.32666666666666666,6,中利用率
SF00931,2025-04-10 06:00:00,0.3066666666666667,6,中利用率
SF00931,2025-04-10 12:00:00,0.4155555555555555,6,中利用率
SF00931,2025-04-10 18:00:00,0.6044444444444445,6,中利用率
SF00931,2025-04-11 00:00:00,0.3266666666666667,6,中利用率
SF00931,2025-04-11 06:00:00,0.3066666666666667,6,中利用率
SF00931,2025-04-11 12:00:00,0.6177777777777778,6,中利用率
SF00931,2025-04-11 18:00:00,0.9222222222222222,6,高利用率
SF00931,2025-04-12 00:00:00,0.3466666666666667,6,中利用率
SF00931,2025-04-12 06:00:00,0.2888888888888889,6,低利用率
SF00931,2025-04-12 12:00:00,0.5711111111111111,6,中利用率
SF00931,2025-04-12 18:00:00,0.9066666666666666,6,高利用率
SF00931,2025-04-13 00:00:00,0.31777777777777777,6,中利用率
SF00931,2025-04-13 06:00:00,0.26666666666666666,6,低利用率
SF00931,2025-04-13 12:00:00,0.5911111111111111,6,中利用率
SF00931,2025-04-13 18:00:00,0.9222222222222222,6,高利用率
SF00932,2025-03-02 21:00:00,0.3333333333333333,3,中利用率
SF00932,2025-03-02 22:00:00,0.3138888888888889,6,中利用率
SF00932,2025-03-02 23:00:00,0.3,6,中利用率
SF00932,2025-03-03 00:00:00,0.3,6,中利用率
SF00932,2025-03-03 01:00:00,0.3,6,中利用率
SF00932,2025-03-03 02:00:00,0.3,6,中利用率
SF00932,2025-03-03 03:00:00,0.3,6,中利用率
SF00932,2025-03-03 04:00:00,0.3,6,中利用率
SF00932,2025-03-03 05:00:00,0.3,6,中利用率
SF00932,2025-03-03 06:00:00,0.3,6,中利用率
SF00932,2025-03-03 07:00:00,0.2611111111111111,6,低利用率
SF00932,2025-03-03 08:00:00,0.21666666666666667,6,低利用率
SF00932,2025-03-03 09:00:00,0.4388888888888889,6,中利用率
SF00932,2025-03-03 10:00:00,0.5166666666666667,6,中利用率
SF00932,2025-03-03 11:00:00,0.5027777777777778,6,中利用率
SF00932,2025-03-03 12:00:00,0.5222222222222223,6,中利用率
SF00932,2025-03-03 13:00:00,0.5388888888888889,6,中利用率
SF00932,2025-03-03 14:00:00,0.5555555555555556,6,中利用率
SF00932,2025-03-03 15:00:00,0.513888888888889,6,中利用率
SF00932,2025-03-03 16:00:00,0.4916666666666667,6,中利用率
SF00932,2025-03-03 17:00:00,0.4055555555555556,6,中利用率
SF00932,2025-03-03 18:00:00,0.3527777777777778,6,中利用率
SF00932,2025-03-03 19:00:00,0.35833333333333334,6,中利用率
SF00932,2025-03-03 20:00:00,0.37777777777777777,6,中利用率
SF00932,2025-03-03 21:00:00,0.37777777777777777,3,中利用率
SF00932,2025-04-07 00:00:00,0.26666666666666666,6,低利用率
SF00932,2025-04-07 06:00:00,0.25277777777777777,6,低利用率
SF00932,2025-04-07 12:00:00,0.48055555555555557,6,中利用率
SF00932,2025-04-07 18:00:00,0.3611111111111111,6,中利用率
SF00932,2025-04-08 00:00:00,0.3444444444444444,6,中利用率
SF00932,2025-04-08 06:00:00,0.3333333333333333,6,中利用率
SF00932,2025-04-08 12:00:00,0.3638888888888889,6,中利用率
SF00932,2025-04-08 18:00:00,0.375,6,中利用率
SF00932,2025-04-09 00:00:00,0.325,6,中利用率
SF00932,2025-04-09 06:00:00,0.31666666666666665,6,中利用率
SF00932,2025-04-09 12:00:00,0.4583333333333333,6,中利用率
SF00932,2025-04-09 18:00:00,0.3527777777777778,6,中利用率
SF00932,2025-04-10 00:00:00,0.2861111111111111,6,低利用率
SF00932,2025-04-10 06:00:00,0.26666666666666666,6,低利用率
SF00932,2025-04-10 12:00:00,0.39999999999999997,6,中利用率
SF00932,2025-04-10 18:00:00,0.2611111111111111,6,低利用率
SF00932,2025-04-11 00:00:00,0.23611111111111113,6,低利用率
SF00932,2025-04-11 06:00:00,0.21666666666666667,6,低利用率
SF00932,2025-04-11 12:00:00,0.3194444444444444,6,中利用率
SF00932,2025-04-11 18:00:00,0.2972222222222222,6,低利用率
SF00932,2025-04-12 00:00:00,0.3333333333333333,6,中利用率
SF00932,2025-04-12 06:00:00,0.3333333333333333,6,中利用率
SF00932,2025-04-12 12:00:00,0.4222222222222222,6,中利用率
SF00932,2025-04-12 18:00:00,0.38055555555555554,6,中利用率
SF00932,2025-04-13 00:00:00,0.3194444444444444,6,中利用率
SF00932,2025-04-13 06:00:00,0.25833333333333336,6,低利用率
SF00932,2025-04-13 12:00:00,0.24166666666666667,6,低利用率
SF00932,2025-04-13 18:00:00,0.2722222222222222,6,低利用率
SF00933,2025-03-02 21:00:00,0.10810810810810811,3,低利用率
SF00933,2025-03-02 22:00:00,0.10810810810810811,6,低利用率
SF00933,2025-03-02 23:00:00,0.10810810810810811,6,低利用率
SF00933,2025-03-03 00:00:00,0.10810810810810811,6,低利用率
SF00933,2025-03-03 01:00:00,0.10810810810810811,6,低利用率
SF00933,2025-03-03 02:00:00,0.10810810810810811,6,低利用率
SF00933,2025-03-03 03:00:00,0.10810810810810811,6,低利用率
SF00933,2025-03-03 04:00:00,0.10810810810810811,6,低利用率
SF00933,2025-03-03 05:00:00,0.10810810810810811,6,低利用率
SF00933,2025-03-03 06:00:00,0.10810810810810811,6,低利用率
SF00933,2025-03-03 07:00:00,0.10810810810810811,6,低利用率
SF00933,2025-03-03 08:00:00,0.10810810810810811,6,低利用率
SF00933,2025-03-03 09:00:00,0.10810810810810811,6,低利用率
SF00933,2025-03-03 10:00:00,0.10810810810810811,6,低利用率
SF00933,2025-03-03 11:00:00,0.10810810810810811,6,低利用率
SF00933,2025-03-03 12:00:00,0.10810810810810811,6,低利用率
SF00933,2025-03-03 13:00:00,0.10810810810810811,6,低利用率
SF00933,2025-03-03 14:00:00,0.10810810810810811,6,低利用率
SF00933,2025-03-03 15:00:00,0.10810810810810811,6,低利用率
SF00933,2025-03-03 16:00:00,0.10810810810810811,6,低利用率
SF00933,2025-03-03 17:00:00,0.10810810810810811,6,低利用率
SF00933,2025-03-03 18:00:00,0.10810810810810811,6,低利用率
SF00933,2025-03-03 19:00:00,0.10810810810810811,6,低利用率
SF00933,2025-03-03 20:00:00,0.10810810810810811,6,低利用率
SF00933,2025-03-03 21:00:00,0.10810810810810811,3,低利用率
SF00933,2025-04-07 00:00:00,0.10810810810810811,6,低利用率
SF00933,2025-04-07 06:00:00,0.10810810810810811,6,低利用率
SF00933,2025-04-07 12:00:00,0.10810810810810811,6,低利用率
SF00933,2025-04-07 18:00:00,0.10810810810810811,6,低利用率
SF00933,2025-04-08 00:00:00,0.10810810810810811,6,低利用率
SF00933,2025-04-08 06:00:00,0.10810810810810811,6,低利用率
SF00933,2025-04-08 12:00:00,0.10810810810810811,6,低利用率
SF00933,2025-04-08 18:00:00,0.10810810810810811,6,低利用率
SF00933,2025-04-09 00:00:00,0.10810810810810811,6,低利用率
SF00933,2025-04-09 06:00:00,0.10810810810810811,6,低利用率
SF00933,2025-04-09 12:00:00,0.10810810810810811,6,低利用率
SF00933,2025-04-09 18:00:00,0.10810810810810811,6,低利用率
SF00933,2025-04-10 00:00:00,0.10810810810810811,6,低利用率
SF00933,2025-04-10 06:00:00,0.10810810810810811,6,低利用率
SF00933,2025-04-10 12:00:00,0.10810810810810811,6,低利用率
SF00933,2025-04-10 18:00:00,0.10810810810810811,6,低利用率
SF00933,2025-04-11 00:00:00,0.10810810810810811,6,低利用率
SF00933,2025-04-11 06:00:00,0.10810810810810811,6,低利用率
SF00933,2025-04-11 12:00:00,0.10810810810810811,6,低利用率
SF00933,2025-04-11 18:00:00,0.10810810810810811,6,低利用率
SF00933,2025-04-12 00:00:00,0.10810810810810811,6,低利用率
SF00933,2025-04-12 06:00:00,0.10810810810810811,6,低利用率
SF00933,2025-04-12 12:00:00,0.10810810810810811,6,低利用率
SF00933,2025-04-12 18:00:00,0.10810810810810811,6,低利用率
SF00933,2025-04-13 00:00:00,0.10810810810810811,6,低利用率
SF00933,2025-04-13 06:00:00,0.10810810810810811,6,低利用率
SF00933,2025-04-13 12:00:00,0.10810810810810811,6,低利用率
SF00933,2025-04-13 18:00:00,0.10810810810810811,6,低利用率
SF00934,2025-03-02 21:00:00,0.09500000000000001,3,低利用率
SF00934,2025-03-02 22:00:00,0.09500000000000001,6,低利用率
SF00934,2025-03-02 23:00:00,0.09500000000000001,6,低利用率
SF00934,2025-03-03 00:00:00,0.09500000000000001,6,低利用率
SF00934,2025-03-03 01:00:00,0.09500000000000001,6,低利用率
SF00934,2025-03-03 02:00:00,0.09500000000000001,6,低利用率
SF00934,2025-03-03 03:00:00,0.09500000000000001,6,低利用率
SF00934,2025-03-03 04:00:00,0.09500000000000001,6,低利用率
SF00934,2025-03-03 05:00:00,0.09500000000000001,6,低利用率
SF00934,2025-03-03 06:00:00,0.09500000000000001,6,低利用率
SF00934,2025-03-03 07:00:00,0.09500000000000001,6,低利用率
SF00934,2025-03-03 08:00:00,0.09500000000000001,6,低利用率
SF00934,2025-03-03 09:00:00,0.09500000000000001,6,低利用率
SF00934,2025-03-03 10:00:00,0.09500000000000001,6,低利用率
SF00934,2025-03-03 11:00:00,0.09500000000000001,6,低利用率
SF00934,2025-03-03 12:00:00,0.09500000000000001,6,低利用率
SF00934,2025-03-03 13:00:00,0.09500000000000001,6,低利用率
SF00934,2025-03-03 14:00:00,0.09500000000000001,6,低利用率
SF00934,2025-03-03 15:00:00,0.09500000000000001,6,低利用率
SF00934,2025-03-03 16:00:00,0.09500000000000001,6,低利用率
SF00934,2025-03-03 17:00:00,0.09500000000000001,6,低利用率
SF00934,2025-03-03 18:00:00,0.09500000000000001,6,低利用率
SF00934,2025-03-03 19:00:00,0.09500000000000001,6,低利用率
SF00934,2025-03-03 20:00:00,0.09500000000000001,6,低利用率
SF00934,2025-03-03 21:00:00,0.09500000000000001,3,低利用率
SF00934,2025-04-07 00:00:00,0.09500000000000001,6,低利用率
SF00934,2025-04-07 06:00:00,0.09500000000000001,6,低利用率
SF00934,2025-04-07 12:00:00,0.09500000000000001,6,低利用率
SF00934,2025-04-07 18:00:00,0.09500000000000001,6,低利用率
SF00934,2025-04-08 00:00:00,0.09500000000000001,6,低利用率
SF00934,2025-04-08 06:00:00,0.09500000000000001,6,低利用率
SF00934,2025-04-08 12:00:00,0.09500000000000001,6,低利用率
SF00934,2025-04-08 18:00:00,0.09500000000000001,6,低利用率
SF00934,2025-04-09 00:00:00,0.09500000000000001,6,低利用率
SF00934,2025-04-09 06:00:00,0.09500000000000001,6,低利用率
SF00934,2025-04-09 12:00:00,0.09500000000000001,6,低利用率
SF00934,2025-04-09 18:00:00,0.09500000000000001,6,低利用率
SF00934,2025-04-10 00:00:00,0.09500000000000001,6,低利用率
SF00934,2025-04-10 06:00:00,0.09500000000000001,6,低利用率
SF00934,2025-04-10 12:00:00,0.09500000000000001,6,低利用率
SF00934,2025-04-10 18:00:00,0.09500000000000001,6,低利用率
SF00934,2025-04-11 00:00:00,0.09500000000000001,6,低利用率
SF00934,2025-04-11 06:00:00,0.09500000000000001,6,低利用率
SF00934,2025-04-11 12:00:00,0.09500000000000001,6,低利用率
SF00934,2025-04-11 18:00:00,0.09500000000000001,6,低利用率
SF00934,2025-04-12 00:00:00,0.09500000000000001,6,低利用率
SF00934,2025-04-12 06:00:00,0.09500000000000001,6,低利用率
SF00934,2025-04-12 12:00:00,0.09500000000000001,6,低利用率
SF00934,2025-04-12 18:00:00,0.09500000000000001,6,低利用率
SF00934,2025-04-13 00:00:00,0.09500000000000001,6,低利用率
SF00934,2025-04-13 06:00:00,0.09500000000000001,6,低利用率
SF00934,2025-04-13 12:00:00,0.09500000000000001,6,低利用率
SF00934,2025-04-13 18:00:00,0.09500000000000001,6,低利用率
SF00935,2025-03-02 21:00:00,0.32727272727272727,3,中利用率
SF00935,2025-03-02 22:00:00,0.2772727272727273,6,低利用率
SF00935,2025-03-02 23:00:00,0.22878787878787876,6,低利用率
SF00935,2025-03-03 00:00:00,0.21818181818181817,6,低利用率
SF00935,2025-03-03 01:00:00,0.19545454545454546,6,低利用率
SF00935,2025-03-03 02:00:00,0.17575757575757578,6,低利用率
SF00935,2025-03-03 03:00:00,0.16515151515151516,6,低利用率
SF00935,2025-03-03 04:00:00,0.16363636363636364,6,低利用率
SF00935,2025-03-03 05:00:00,0.16363636363636364,6,低利用率
SF00935,2025-03-03 06:00:00,0.19242424242424241,6,低利用率
SF00935,2025-03-03 07:00:00,0.8045454545454546,6,高利用率
SF00935,2025-03-03 08:00:00,0.9818181818181818,6,高利用率
SF00935,2025-03-03 09:00:00,0.9818181818181818,6,高利用率
SF00935,2025-03-03 10:00:00,0.9818181818181818,6,高利用率
SF00935,2025-03-03 11:00:00,0.9818181818181818,6,高利用率
SF00935,2025-03-03 12:00:00,0.9818181818181818,6,高利用率
SF00935,2025-03-03 13:00:00,0.9818181818181818,6,高利用率
SF00935,2025-03-03 14:00:00,0.9818181818181818,6,高利用率
SF00935,2025-03-03 15:00:00,0.9818181818181818,6,高利用率
SF00935,2025-03-03 16:00:00,0.9818181818181818,6,高利用率
SF00935,2025-03-03 17:00:00,0.9818181818181818,6,高利用率
SF00935,2025-03-03 18:00:00,0.8757575757575756,6,高利用率
SF00935,2025-03-03 19:00:00,0.9515151515151515,6,高利用率
SF00935,2025-03-03 20:00:00,0.7803030303030303,6,高利用率
SF00935,2025-03-03 21:00:00,0.6,3,中利用率
SF00935,2025-04-07 00:00:00,0.08181818181818182,6,低利用率
SF00935,2025-04-07 06:00:00,0.08181818181818182,6,低利用率
SF00935,2025-04-07 12:00:00,0.08181818181818182,6,低利用率
SF00935,2025-04-07 18:00:00,0.08181818181818182,6,低利用率
SF00935,2025-04-08 00:00:00,0.08181818181818182,6,低利用率
SF00935,2025-04-08 06:00:00,0.08181818181818182,6,低利用率
SF00935,2025-04-08 12:00:00,0.08181818181818182,6,低利用率
SF00935,2025-04-08 18:00:00,0.08181818181818182,6,低利用率
SF00935,2025-04-09 00:00:00,0.08181818181818182,6,低利用率
SF00935,2025-04-09 06:00:00,0.08181818181818182,6,低利用率
SF00935,2025-04-09 12:00:00,0.08181818181818182,6,低利用率
SF00935,2025-04-09 18:00:00,0.08181818181818182,6,低利用率
SF00935,2025-04-10 00:00:00,0.08181818181818182,6,低利用率
SF00935,2025-04-10 06:00:00,0.08181818181818182,6,低利用率
SF00935,2025-04-10 12:00:00,0.08181818181818182,6,低利用率
SF00935,2025-04-10 18:00:00,0.08181818181818182,6,低利用率
SF00935,2025-04-11 00:00:00,0.08181818181818182,6,低利用率
SF00935,2025-04-11 06:00:00,0.08181818181818182,6,低利用率
SF00935,2025-04-11 12:00:00,0.08181818181818182,6,低利用率
SF00935,2025-04-11 18:00:00,0.08181818181818182,6,低利用率
SF00935,2025-04-12 00:00:00,0.08181818181818182,6,低利用率
SF00935,2025-04-12 06:00:00,0.08181818181818182,6,低利用率
SF00935,2025-04-12 12:00:00,0.08181818181818182,6,低利用率
SF00935,2025-04-12 18:00:00,0.08181818181818182,6,低利用率
SF00935,2025-04-13 00:00:00,0.08181818181818182,6,低利用率
SF00935,2025-04-13 06:00:00,0.08181818181818182,6,低利用率
SF00935,2025-04-13 12:00:00,0.08181818181818182,6,低利用率
SF00935,2025-04-13 18:00:00,0.08181818181818182,6,低利用率
SF00939,2025-03-02 21:00:00,0.09333333333333332,3,低利用率
SF00939,2025-03-02 22:00:00,0.09047619047619047,6,低利用率
SF00939,2025-03-02 23:00:00,0.08714285714285715,6,低利用率
SF00939,2025-03-03 00:00:00,0.09380952380952383,6,低利用率
SF00939,2025-03-03 01:00:00,0.08714285714285715,6,低利用率
SF00939,2025-03-03 02:00:00,0.0857142857142857,6,低利用率
SF00939,2025-03-03 03:00:00,0.0857142857142857,6,低利用率
SF00939,2025-03-03 04:00:00,0.0857142857142857,6,低利用率
SF00939,2025-03-03 05:00:00,0.0857142857142857,6,低利用率
SF00939,2025-03-03 06:00:00,0.09428571428571429,6,低利用率
SF00939,2025-03-03 07:00:00,0.10142857142857142,6,低利用率
SF00939,2025-03-03 08:00:00,0.19999999999999998,6,低利用率
SF00939,2025-03-03 09:00:00,0.29619047619047617,6,低利用率
SF00939,2025-03-03 10:00:00,0.31047619047619046,6,中利用率
SF00939,2025-03-03 11:00:00,0.2966666666666667,6,低利用率
SF00939,2025-03-03 12:00:00,0.250952380952381,6,低利用率
SF00939,2025-03-03 13:00:00,0.2519047619047619,6,低利用率
SF00939,2025-03-03 14:00:00,0.2638095238095238,6,低利用率
SF00939,2025-03-03 15:00:00,0.26380952380952377,6,低利用率
SF00939,2025-03-03 16:00:00,0.25952380952380955,6,低利用率
SF00939,2025-03-03 17:00:00,0.2280952380952381,6,低利用率
SF00939,2025-03-03 18:00:00,0.21095238095238097,6,低利用率
SF00939,2025-03-03 19:00:00,0.19000000000000003,6,低利用率
SF00939,2025-03-03 20:00:00,0.17476190476190476,6,低利用率
SF00939,2025-03-03 21:00:00,0.16,3,低利用率
SF00939,2025-04-07 00:00:00,0.08904761904761904,6,低利用率
SF00939,2025-04-07 06:00:00,0.09000000000000001,6,低利用率
SF00939,2025-04-07 12:00:00,0.2261904761904762,6,低利用率
SF00939,2025-04-07 18:00:00,0.19285714285714284,6,低利用率
SF00939,2025-04-08 00:00:00,0.10857142857142858,6,低利用率
SF00939,2025-04-08 06:00:00,0.09904761904761905,6,低利用率
SF00939,2025-04-08 12:00:00,0.2895238095238095,6,低利用率
SF00939,2025-04-08 18:00:00,0.17380952380952383,6,低利用率
SF00939,2025-04-09 00:00:00,0.08857142857142856,6,低利用率
SF00939,2025-04-09 06:00:00,0.09000000000000001,6,低利用率
SF00939,2025-04-09 12:00:00,0.3019047619047619,6,中利用率
SF00939,2025-04-09 18:00:00,0.17857142857142858,6,低利用率
SF00939,2025-04-10 00:00:00,0.1138095238095238,6,低利用率
SF00939,2025-04-10 06:00:00,0.10904761904761905,6,低利用率
SF00939,2025-04-10 12:00:00,0.26285714285714284,6,低利用率
SF00939,2025-04-10 18:00:00,0.16761904761904764,6,低利用率
SF00939,2025-04-11 00:00:00,0.10476190476190476,6,低利用率
SF00939,2025-04-11 06:00:00,0.09142857142857143,6,低利用率
SF00939,2025-04-11 12:00:00,0.3066666666666667,6,中利用率
SF00939,2025-04-11 18:00:00,0.18047619047619046,6,低利用率
SF00939,2025-04-12 00:00:00,0.12047619047619047,6,低利用率
SF00939,2025-04-12 06:00:00,0.11190476190476191,6,低利用率
SF00939,2025-04-12 12:00:00,0.23666666666666666,6,低利用率
SF00939,2025-04-12 18:00:00,0.1619047619047619,6,低利用率
SF00939,2025-04-13 00:00:00,0.0857142857142857,6,低利用率
SF00939,2025-04-13 06:00:00,0.08857142857142856,6,低利用率
SF00939,2025-04-13 12:00:00,0.24190476190476193,6,低利用率
SF00939,2025-04-13 18:00:00,0.15333333333333332,6,低利用率
XC2020001,2023-11-16 10:00:00,0.9578947368421052,1,高利用率
XC2020002,2023-11-12 10:00:00,0.20703125,4,低利用率
XC2020002,2023-11-12 11:00:00,0.50390625,12,中利用率
XC2020002,2023-11-12 12:00:00,0.76171875,12,高利用率
XC2020002,2023-11-12 13:00:00,0.6171875,12,中利用率
XC2020002,2023-11-12 14:00:00,0.59375,12,中利用率
XC2020002,2023-11-12 15:00:00,0.5963541666666666,12,中利用率
XC2020002,2023-11-12 16:00:00,0.5455729166666666,12,中利用率
XC2020002,2023-11-12 17:00:00,0.7356770833333334,12,高利用率
XC2020002,2023-11-12 18:00:00,0.9127604166666666,12,高利用率
XC2020002,2023-11-12 19:00:00,0.7864583333333334,12,高利用率
XC2020002,2023-11-12 20:00:00,0.6744791666666666,12,中利用率
XC2020002,2023-11-12 21:00:00,0.6458333333333334,12,中利用率
XC2020002,2023-11-12 22:00:00,0.6015625,12,中利用率
XC2020002,2023-11-12 23:00:00,0.4401041666666667,12,中利用率
XC2020002,2023-11-13 00:00:00,0.2825520833333333,12,低利用率
XC2020002,2023-11-13 01:00:00,0.2265625,12,低利用率
XC2020002,2023-11-13 02:00:00,0.203125,12,低利用率
XC2020002,2023-11-13 03:00:00,0.21484375,12,低利用率
XC2020002,2023-11-13 04:00:00,0.22135416666666666,12,低利用率
XC2020002,2023-11-13 05:00:00,0.234375,12,低利用率
XC2020002,2023-11-13 06:00:00,0.19921875,12,低利用率
XC2020002,2023-11-13 07:00:00,0.10546875,12,低利用率
XC2020002,2023-11-13 08:00:00,0.013020833333333334,12,低利用率
XC2020002,2023-11-13 09:00:00,0.0859375,12,低利用率
XC2020002,2023-11-13 10:00:00,0.22005208333333334,12,低利用率
XC2020002,2023-11-13 11:00:00,0.33984375,12,中利用率
XC2020002,2023-11-13 12:00:00,0.5690104166666666,12,中利用率
XC2020002,2023-11-13 13:00:00,0.5598958333333334,12,中利用率
XC2020002,2023-11-13 14:00:00,0.3997395833333333,12,中利用率
XC2020002,2023-11-13 15:00:00,0.3424479166666667,12,中利用率
XC2020002,2023-11-13 16:00:00,0.2890625,12,低利用率
XC2020002,2023-11-13 17:00:00,0.671875,12,中利用率
XC2020002,2023-11-13 18:00:00,0.98046875,12,高利用率
XC2020002,2023-11-13 19:00:00,0.8645833333333334,12,高利用率
XC2020002,2023-11-13 20:00:00,0.68359375,12,中利用率
XC2020002,2023-11-13 21:00:00,0.6041666666666666,12,中利用率
XC2020002,2023-11-13 22:00:00,0.5885416666666666,12,中利用率
XC2020002,2023-11-13 23:00:00,0.4934895833333333,12,中利用率
XC2020002,2023-11-14 00:00:00,0.33203125,12,中利用率
XC2020002,2023-11-14 01:00:00,0.2825520833333333,12,低利用率
XC2020002,2023-11-14 02:00:00,0.28125,12,低利用率
XC2020002,2023-11-14 03:00:00,0.2916666666666667,12,低利用率
XC2020002,2023-11-14 04:00:00,0.296875,12,低利用率
XC2020002,2023-11-14 05:00:00,0.28515625,12,低利用率
XC2020002,2023-11-14 06:00:00,0.2591145833333333,12,低利用率
XC2020002,2023-11-14 07:00:00,0.23958333333333334,12,低利用率
XC2020002,2023-11-14 08:00:00,0.16145833333333334,12,低利用率
XC2020002,2023-11-14 09:00:00,0.14192708333333334,12,低利用率
XC2020002,2023-11-14 10:00:00,0.12239583333333333,12,低利用率
XC2020002,2023-11-14 11:00:00,0.2825520833333333,12,低利用率
XC2020002,2023-11-14 12:00:00,0.4231770833333333,12,中利用率
XC2020002,2023-11-14 13:00:00,0.37109375,12,中利用率
XC2020002,2023-11-14 14:00:00,0.30859375,12,中利用率
XC2020002,2023-11-14 15:00:00,0.2515625,10,低利用率
XC2020002,2023-11-14 16:00:00,0.3997395833333333,12,中利用率
XC2020002,2023-11-14 17:00:00,0.8684895833333334,12,高利用率
XC2020002,2023-11-14 18:00:00,1.0,12,高利用率
XC2020002,2023-11-14 19:00:00,0.7486979166666666,12,高利用率
XC2020002,2023-11-14 20:00:00,0.7317708333333334,12,高利用率
XC2020002,2023-11-14 21:00:00,0.6731770833333334,12,中利用率
XC2020002,2023-11-14 22:00:00,0.6783854166666666,12,中利用率
XC2020002,2023-11-14 23:00:00,0.5364583333333334,12,中利用率
XC2020002,2023-11-15 00:00:00,0.4752604166666667,12,中利用率
XC2020002,2023-11-15 01:00:00,0.4466145833333333,12,中利用率
XC2020002,2023-11-15 02:00:00,0.421875,12,中利用率
XC2020002,2023-11-15 03:00:00,0.421875,12,中利用率
XC2020002,2023-11-15 04:00:00,0.421875,12,中利用率
XC2020002,2023-11-15 05:00:00,0.421875,12,中利用率
XC2020002,2023-11-15 06:00:00,0.39453125,12,中利用率
XC2020002,2023-11-15 07:00:00,0.3098958333333333,12,中利用率
XC2020002,2023-11-15 08:00:00,0.12239583333333333,12,低利用率
XC2020002,2023-11-15 09:00:00,0.11197916666666667,12,低利用率
XC2020002,2023-11-15 10:00:00,0.16666666666666666,12,低利用率
XC2020002,2023-11-15 11:00:00,0.2591145833333333,12,低利用率
XC2020002,2023-11-15 12:00:00,0.3541666666666667,12,中利用率
XC2020002,2023-11-15 13:00:00,0.3502604166666667,12,中利用率
XC2020002,2023-11-15 14:00:00,0.3489583333333333,12,中利用率
XC2020002,2023-11-15 15:00:00,0.33203125,12,中利用率
XC2020002,2023-11-15 16:00:00,0.3776041666666667,12,中利用率
XC2020002,2023-11-15 17:00:00,0.7174479166666666,12,高利用率
XC2020002,2023-11-15 18:00:00,0.9957386363636364,11,高利用率
XC2020002,2023-11-15 19:00:00,0.9110576923076923,13,高利用率
XC2020002,2023-11-15 20:00:00,0.7473958333333334,12,高利用率
XC2020002,2023-11-15 21:00:00,0.6575520833333334,12,中利用率
XC2020002,2023-11-15 22:00:00,0.6393229166666666,12,中利用率
XC2020002,2023-11-15 23:00:00,0.48828125,12,中利用率
XC2020002,2023-11-16 00:00:00,0.4010416666666667,12,中利用率
XC2020002,2023-11-16 01:00:00,0.390625,12,中利用率
XC2020002,2023-11-16 02:00:00,0.390625,12,中利用率
XC2020002,2023-11-16 03:00:00,0.390625,12,中利用率
XC2020002,2023-11-16 04:00:00,0.3763020833333333,12,中利用率
XC2020002,2023-11-16 05:00:00,0.3684895833333333,12,中利用率
XC2020002,2023-11-16 06:00:00,0.3203125,12,中利用率
XC2020002,2023-11-16 07:00:00,0.20052083333333334,12,低利用率
XC2020002,2023-11-16 08:00:00,0.15494791666666666,12,低利用率
XC2020002,2023-11-16 09:00:00,0.1278409090909091,11,低利用率
XC2020002,2023-11-16 10:00:00,0.16706730769230768,13,低利用率
XC2020002,2023-11-16 11:00:00,0.2513020833333333,12,低利用率
XC2020002,2023-11-16 12:00:00,0.38671875,12,中利用率
XC2020002,2023-11-16 13:00:00,0.2526041666666667,12,低利用率
XC2020002,2023-11-16 14:00:00,0.22005208333333334,12,低利用率
XC2020002,2023-11-16 15:00:00,0.2578125,12,低利用率
XC2020002,2023-11-16 16:00:00,0.2265625,12,低利用率
XC2020002,2023-11-16 17:00:00,0.5286458333333334,12,中利用率
XC2020002,2023-11-16 18:00:00,0.8346354166666666,12,高利用率
XC2020002,2023-11-16 19:00:00,0.8203125,12,高利用率
XC2020002,2023-11-16 20:00:00,0.7278645833333334,12,高利用率
XC2020002,2023-11-16 21:00:00,0.6848958333333334,12,中利用率
XC2020002,2023-11-16 22:00:00,0.609375,12,中利用率
XC2020002,2023-11-16 23:00:00,0.5104166666666666,12,中利用率
XC2020002,2023-11-17 00:00:00,0.4296875,12,中利用率
XC2020002,2023-11-17 01:00:00,0.3763020833333333,12,中利用率
XC2020002,2023-11-17 02:00:00,0.37109375,12,中利用率
XC2020002,2023-11-17 03:00:00,0.375,12,中利用率
XC2020002,2023-11-17 04:00:00,0.375,12,中利用率
XC2020002,2023-11-17 05:00:00,0.37109375,12,中利用率
XC2020002,2023-11-17 06:00:00,0.3619791666666667,12,中利用率
XC2020002,2023-11-17 07:00:00,0.2942708333333333,12,低利用率
XC2020002,2023-11-17 08:00:00,0.26171875,12,低利用率
XC2020002,2023-11-17 09:00:00,0.24479166666666666,12,低利用率
XC2020002,2023-11-17 10:00:00,0.23697916666666666,12,低利用率
XC2020002,2023-11-17 11:00:00,0.28551136363636365,11,低利用率
XC2020002,2023-11-17 12:00:00,0.4326923076923077,13,中利用率
XC2020002,2023-11-17 13:00:00,0.4283854166666667,12,中利用率
XC2020002,2023-11-17 14:00:00,0.4270833333333333,12,中利用率
XC2020002,2023-11-17 15:00:00,0.41015625,12,中利用率
XC2020002,2023-11-17 16:00:00,0.4192708333333333,6,中利用率
XC2020002,2023-11-21 00:00:00,0.21875,1,低利用率
XC2020002,2023-11-21 01:00:00,0.22005208333333334,12,低利用率
XC2020002,2023-11-21 02:00:00,0.22265625,12,低利用率
XC2020002,2023-11-21 03:00:00,0.22005208333333334,12,低利用率
XC2020002,2023-11-21 04:00:00,0.21875,12,低利用率
XC2020002,2023-11-21 05:00:00,0.21875,12,低利用率
XC2020002,2023-11-21 06:00:00,0.16536458333333334,12,低利用率
XC2020002,2023-11-21 07:00:00,0.07161458333333333,12,低利用率
XC2020002,2023-11-21 08:00:00,0.037760416666666664,12,低利用率
XC2020002,2023-11-21 09:00:00,0.046875,1,低利用率
XC2020002,2024-06-21 07:00:00,0.109375,1,低利用率
XC2020003,2023-11-12 10:00:00,0.4311023622047244,4,中利用率
XC2020003,2023-11-12 11:00:00,0.4343832020997375,12,中利用率
XC2020003,2023-11-12 12:00:00,0.44816272965879267,12,中利用率
XC2020003,2023-11-12 13:00:00,0.4553805774278215,12,中利用率
XC2020003,2023-11-12 14:00:00,0.46194225721784776,12,中利用率
XC2020003,2023-11-12 15:00:00,0.44422572178477693,12,中利用率
XC2020003,2023-11-12 16:00:00,0.4429133858267717,12,中利用率
XC2020003,2023-11-12 17:00:00,0.5321522309711286,12,中利用率
XC2020003,2023-11-12 18:00:00,0.5465879265091863,12,中利用率
XC2020003,2023-11-12 19:00:00,0.5780839895013123,12,中利用率
XC2020003,2023-11-12 20:00:00,0.6286089238845144,12,中利用率
XC2020003,2023-11-12 21:00:00,0.6148293963254593,12,中利用率
XC2020003,2023-11-12 22:00:00,0.618766404199475,12,中利用率
XC2020003,2023-11-12 23:00:00,0.6272965879265092,12,中利用率
XC2020003,2023-11-13 00:00:00,0.6456692913385826,12,中利用率
XC2020003,2023-11-13 01:00:00,0.6456692913385826,11,中利用率
XC2020003,2023-11-13 02:00:00,0.6535433070866141,13,中利用率
XC2020003,2023-11-13 03:00:00,0.6535433070866141,12,中利用率
XC2020003,2023-11-13 04:00:00,0.6601049868766404,12,中利用率
XC2020003,2023-11-13 05:00:00,0.660761154855643,12,中利用率
XC2020003,2023-11-13 06:00:00,0.6410761154855643,12,中利用率
XC2020003,2023-11-13 07:00:00,0.5636482939632546,12,中利用率
XC2020003,2023-11-13 08:00:00,0.9599737532808398,12,高利用率
XC2020003,2023-11-13 09:00:00,1.0,12,高利用率
XC2020003,2023-11-13 10:00:00,1.0,12,高利用率
XC2020003,2023-11-13 11:00:00,1.0,12,高利用率
XC2020003,2023-11-13 12:00:00,0.6148293963254593,12,中利用率
XC2020003,2023-11-13 13:00:00,0.6279527559055118,12,中利用率
XC2020003,2023-11-13 14:00:00,1.0,12,高利用率
XC2020003,2023-11-13 15:00:00,1.0,12,高利用率
XC2020003,2023-11-13 16:00:00,0.9179790026246719,12,高利用率
XC2020003,2023-11-13 17:00:00,0.39370078740157477,12,中利用率
XC2020003,2023-11-13 18:00:00,0.4829396325459318,12,中利用率
XC2020003,2023-11-13 19:00:00,0.5793963254593176,12,中利用率
XC2020003,2023-11-13 20:00:00,0.5715223097112861,12,中利用率
XC2020003,2023-11-13 21:00:00,0.5426509186351706,12,中利用率
XC2020003,2023-11-13 22:00:00,0.520997375328084,12,中利用率
XC2020003,2023-11-13 23:00:00,0.5328083989501312,12,中利用率
XC2020003,2023-11-14 00:00:00,0.5583392984967788,11,中利用率
XC2020003,2023-11-14 01:00:00,0.5669291338582677,12,中利用率
XC2020003,2023-11-14 02:00:00,0.5669291338582677,13,中利用率
XC2020003,2023-11-14 03:00:00,0.5669291338582677,12,中利用率
XC2020003,2023-11-14 04:00:00,0.5669291338582677,12,中利用率
XC2020003,2023-11-14 05:00:00,0.5649606299212598,12,中利用率
XC2020003,2023-11-14 06:00:00,0.5583989501312336,12,中利用率
XC2020003,2023-11-14 07:00:00,0.5150918635170604,12,中利用率
XC2020003,2023-11-14 08:00:00,0.9468503937007874,12,高利用率
XC2020003,2023-11-14 09:00:00,1.0,12,高利用率
XC2020003,2023-11-14 10:00:00,1.0,12,高利用率
XC2020003,2023-11-14 11:00:00,0.9908136482939632,12,高利用率
XC2020003,2023-11-14 12:00:00,0.5583989501312336,12,中利用率
XC2020003,2023-11-14 13:00:00,0.660761154855643,12,中利用率
XC2020003,2023-11-14 14:00:00,1.0,12,高利用率
XC2020003,2023-11-14 15:00:00,1.0,10,高利用率
XC2020003,2023-11-14 16:00:00,0.9245406824146981,12,高利用率
XC2020003,2023-11-14 17:00:00,0.5255905511811024,12,中利用率
XC2020003,2023-11-14 18:00:00,0.5951443569553806,12,中利用率
XC2020003,2023-11-14 19:00:00,0.6797900262467191,12,中利用率
XC2020003,2023-11-14 20:00:00,0.65748031496063,12,中利用率
XC2020003,2023-11-14 21:00:00,0.6279527559055118,12,中利用率
XC2020003,2023-11-14 22:00:00,0.6266404199475065,12,中利用率
XC2020003,2023-11-14 23:00:00,0.6240157480314961,12,中利用率
XC2020003,2023-11-15 00:00:00,0.6437007874015748,12,中利用率
XC2020003,2023-11-15 01:00:00,0.6456692913385826,12,中利用率
XC2020003,2023-11-15 02:00:00,0.6456692913385826,12,中利用率
XC2020003,2023-11-15 03:00:00,0.6456692913385826,12,中利用率
XC2020003,2023-11-15 04:00:00,0.6456692913385826,12,中利用率
XC2020003,2023-11-15 05:00:00,0.6456692913385826,12,中利用率
XC2020003,2023-11-15 06:00:00,0.6443569553805774,12,中利用率
XC2020003,2023-11-15 07:00:00,0.5984251968503936,12,中利用率
XC2020003,2023-11-15 08:00:00,0.9783464566929134,12,高利用率
XC2020003,2023-11-15 09:00:00,1.0,12,高利用率
XC2020003,2023-11-15 10:00:00,1.0,12,高利用率
XC2020003,2023-11-15 11:00:00,0.9881889763779528,12,高利用率
XC2020003,2023-11-15 12:00:00,0.5570866141732284,12,中利用率
XC2020003,2023-11-15 13:00:00,0.5236220472440946,12,中利用率
XC2020003,2023-11-15 14:00:00,0.9921259842519685,12,高利用率
XC2020003,2023-11-15 15:00:00,1.0,12,高利用率
XC2020003,2023-11-15 16:00:00,0.9238845144356955,12,高利用率
XC2020003,2023-11-15 17:00:00,0.3123359580052493,12,中利用率
XC2020003,2023-11-15 18:00:00,0.37508947745168214,11,中利用率
XC2020003,2023-11-15 19:00:00,0.4585099939430648,13,中利用率
XC2020003,2023-11-15 20:00:00,0.4120734908136483,12,中利用率
XC2020003,2023-11-15 21:00:00,0.3871391076115485,12,中利用率
XC2020003,2023-11-15 22:00:00,0.3779527559055118,12,中利用率
XC2020003,2023-11-15 23:00:00,0.3661417322834646,12,中利用率
XC2020003,2023-11-16 00:00:00,0.36220472440944884,11,中利用率
XC2020003,2023-11-16 01:00:00,0.357359176256814,13,中利用率
XC2020003,2023-11-16 02:00:00,0.3543307086614173,12,中利用率
XC2020003,2023-11-16 03:00:00,0.3543307086614173,12,中利用率
XC2020003,2023-11-16 04:00:00,0.3543307086614173,12,中利用率
XC2020003,2023-11-16 05:00:00,0.3543307086614173,12,中利用率
XC2020003,2023-11-16 06:00:00,0.34448818897637795,12,中利用率
XC2020003,2023-11-16 07:00:00,0.24081364829396326,12,低利用率
XC2020003,2023-11-16 08:00:00,0.8320209973753281,12,高利用率
XC2020003,2023-11-16 09:00:00,1.0,12,高利用率
XC2020003,2023-11-16 10:00:00,1.0,12,高利用率
XC2020003,2023-11-16 11:00:00,0.9967191601049868,12,高利用率
XC2020003,2023-11-16 12:00:00,0.5761154855643045,12,中利用率
XC2020003,2023-11-16 13:00:00,0.5695538057742783,12,中利用率
XC2020003,2023-11-16 14:00:00,0.9954068241469817,12,高利用率
XC2020003,2023-11-16 15:00:00,1.0,12,高利用率
XC2020003,2023-11-16 16:00:00,0.8451443569553806,12,高利用率
XC2020003,2023-11-16 17:00:00,0.3549868766404199,12,中利用率
XC2020003,2023-11-16 18:00:00,0.43832020997375326,12,中利用率
XC2020003,2023-11-16 19:00:00,0.46653543307086615,12,中利用率
XC2020003,2023-11-16 20:00:00,0.45013123359580054,12,中利用率
XC2020003,2023-11-16 21:00:00,0.4494750656167979,12,中利用率
XC2020003,2023-11-16 22:00:00,0.45603674540682415,12,中利用率
XC2020003,2023-11-16 23:00:00,0.4625984251968504,12,中利用率
XC2020003,2023-11-17 00:00:00,0.4817465998568361,11,中利用率
XC2020003,2023-11-17 01:00:00,0.49485160508782555,13,中利用率
XC2020003,2023-11-17 02:00:00,0.49606299212598426,12,中利用率
XC2020003,2023-11-17 03:00:00,0.49606299212598426,12,中利用率
XC2020003,2023-11-17 04:00:00,0.49606299212598426,12,中利用率
XC2020003,2023-11-17 05:00:00,0.49606299212598426,12,中利用率
XC2020003,2023-11-17 06:00:00,0.4940944881889764,12,中利用率
XC2020003,2023-11-17 07:00:00,0.4035433070866142,12,中利用率
XC2020003,2023-11-17 08:00:00,0.8904199475065617,12,高利用率
XC2020003,2023-11-17 09:00:00,1.0,12,高利用率
XC2020003,2023-11-17 10:00:00,1.0,12,高利用率
XC2020003,2023-11-17 11:00:00,1.0,12,高利用率
XC2020003,2023-11-17 12:00:00,0.6351706036745407,12,中利用率
XC2020003,2023-11-17 13:00:00,0.6732283464566929,12,中利用率
XC2020003,2023-11-17 14:00:00,1.0,12,高利用率
XC2020003,2023-11-17 15:00:00,1.0,12,高利用率
XC2020003,2023-11-17 16:00:00,1.0,6,高利用率
XC2020003,2023-11-21 00:00:00,0.4094488188976378,1,中利用率
XC2020003,2023-11-21 01:00:00,0.4094488188976378,12,中利用率
XC2020003,2023-11-21 02:00:00,0.4094488188976378,12,中利用率
XC2020003,2023-11-21 03:00:00,0.4094488188976378,12,中利用率
XC2020003,2023-11-21 04:00:00,0.4094488188976378,12,中利用率
XC2020003,2023-11-21 05:00:00,0.4041994750656168,12,中利用率
XC2020003,2023-11-21 06:00:00,0.3917322834645669,12,中利用率
XC2020003,2023-11-21 07:00:00,0.3011811023622047,12,中利用率
XC2020003,2023-11-21 08:00:00,0.8602362204724409,12,高利用率
XC2020003,2023-11-21 09:00:00,1.0,1,高利用率
XC2020003,2024-09-24 09:00:00,1.0,4,高利用率
XC2020004,2024-09-24 09:00:00,0.1766304347826087,4,低利用率
XC2020005,2023-11-12 10:00:00,0.023121387283236993,5,低利用率
XC2020005,2023-11-12 11:00:00,0.02023121387283237,12,低利用率
XC2020005,2023-11-12 12:00:00,0.0313102119460501,12,低利用率
XC2020005,2023-11-12 13:00:00,0.042870905587668595,12,低利用率
XC2020005,2023-11-12 14:00:00,0.03901734104046243,12,低利用率
XC2020005,2023-11-12 15:00:00,0.029865125240847782,12,低利用率
XC2020005,2023-11-12 16:00:00,0.02167630057803468,12,低利用率
XC2020005,2023-11-12 17:00:00,0.05394990366088632,12,低利用率
XC2020005,2023-11-12 18:00:00,0.075626204238921,12,低利用率
XC2020005,2023-11-12 19:00:00,0.10019267822736032,12,低利用率
XC2020005,2023-11-12 20:00:00,0.12042389210019266,12,低利用率
XC2020005,2023-11-12 21:00:00,0.12620423892100194,12,低利用率
XC2020005,2023-11-12 22:00:00,0.1184971098265896,12,低利用率
XC2020005,2023-11-12 23:00:00,0.12090558766859344,12,低利用率
XC2020005,2023-11-13 00:00:00,0.13053949903660886,12,低利用率
XC2020005,2023-11-13 01:00:00,0.13921001926782273,12,低利用率
XC2020005,2023-11-13 02:00:00,0.14450867052023122,12,低利用率
XC2020005,2023-11-13 03:00:00,0.14450867052023122,12,低利用率
XC2020005,2023-11-13 04:00:00,0.14450867052023122,12,低利用率
XC2020005,2023-11-13 05:00:00,0.1411368015414258,12,低利用率
XC2020005,2023-11-13 06:00:00,0.12909441233140653,12,低利用率
XC2020005,2023-11-13 07:00:00,0.03516377649325626,12,低利用率
XC2020005,2023-11-13 08:00:00,0.038053949903660886,12,低利用率
XC2020005,2023-11-13 09:00:00,0.011078998073217725,12,低利用率
XC2020005,2023-11-13 10:00:00,0.0,12,低利用率
XC2020005,2023-11-13 11:00:00,0.0004816955684007707,12,低利用率
XC2020005,2023-11-13 12:00:00,0.0,12,低利用率
XC2020005,2023-11-13 13:00:00,0.011078998073217725,12,低利用率
XC2020005,2023-11-13 14:00:00,0.04335260115606936,12,低利用率
XC2020005,2023-11-13 15:00:00,0.046242774566473986,12,低利用率
XC2020005,2023-11-13 16:00:00,0.054431599229287086,12,低利用率
XC2020005,2023-11-13 17:00:00,0.07610789980732177,12,低利用率
XC2020005,2023-11-13 18:00:00,0.11705202312138728,12,低利用率
XC2020005,2023-11-13 19:00:00,0.12235067437379576,12,低利用率
XC2020005,2023-11-13 20:00:00,0.11753371868978806,12,低利用率
XC2020005,2023-11-13 21:00:00,0.1165703275529865,12,低利用率
XC2020005,2023-11-13 22:00:00,0.10886319845857417,12,低利用率
XC2020005,2023-11-13 23:00:00,0.10404624277456648,12,低利用率
XC2020005,2023-11-14 00:00:00,0.10404624277456648,12,低利用率
XC2020005,2023-11-14 01:00:00,0.10404624277456648,12,低利用率
XC2020005,2023-11-14 02:00:00,0.10404624277456648,12,低利用率
XC2020005,2023-11-14 03:00:00,0.10404624277456648,12,低利用率
XC2020005,2023-11-14 04:00:00,0.10404624277456648,12,低利用率
XC2020005,2023-11-14 05:00:00,0.10404624277456648,12,低利用率
XC2020005,2023-11-14 06:00:00,0.0939306358381503,12,低利用率
XC2020005,2023-11-14 07:00:00,0.03420038535645472,12,低利用率
XC2020005,2023-11-14 08:00:00,0.03420038535645472,12,低利用率
XC2020005,2023-11-14 09:00:00,0.025529865125240844,12,低利用率
XC2020005,2023-11-14 10:00:00,0.017822736030828516,12,低利用率
XC2020005,2023-11-14 11:00:00,0.016377649325626204,12,低利用率
XC2020005,2023-11-14 12:00:00,0.0052986512524084775,12,低利用率
XC2020005,2023-11-14 13:00:00,0.011560693641618497,12,低利用率
XC2020005,2023-11-14 14:00:00,0.011078998073217725,12,低利用率
XC2020005,2023-11-14 15:00:00,0.005780346820809248,10,低利用率
XC2020005,2023-11-14 16:00:00,0.010115606936416185,12,低利用率
XC2020005,2023-11-14 17:00:00,0.03275529865125241,12,低利用率
XC2020005,2023-11-14 18:00:00,0.10597302504816956,12,低利用率
XC2020005,2023-11-14 19:00:00,0.09248554913294797,12,低利用率
XC2020005,2023-11-14 20:00:00,0.06743737957610789,12,低利用率
XC2020005,2023-11-14 21:00:00,0.06165703275529865,12,低利用率
XC2020005,2023-11-14 22:00:00,0.06406551059730249,12,低利用率
XC2020005,2023-11-14 23:00:00,0.07947976878612717,12,低利用率
XC2020005,2023-11-15 00:00:00,0.09248554913294797,12,低利用率
XC2020005,2023-11-15 01:00:00,0.08911368015414257,12,低利用率
XC2020005,2023-11-15 02:00:00,0.08815028901734105,12,低利用率
XC2020005,2023-11-15 03:00:00,0.09248554913294797,12,低利用率
XC2020005,2023-11-15 04:00:00,0.09248554913294797,12,低利用率
XC2020005,2023-11-15 05:00:00,0.09248554913294797,12,低利用率
XC2020005,2023-11-15 06:00:00,0.08574181117533719,12,低利用率
XC2020005,2023-11-15 07:00:00,0.024566473988439308,12,低利用率
XC2020005,2023-11-15 08:00:00,0.0313102119460501,12,低利用率
XC2020005,2023-11-15 09:00:00,0.006262042389210018,12,低利用率
XC2020005,2023-11-15 10:00:00,0.0024084778420038534,12,低利用率
XC2020005,2023-11-15 11:00:00,0.003371868978805395,12,低利用率
XC2020005,2023-11-15 12:00:00,0.007707129094412331,12,低利用率
XC2020005,2023-11-15 13:00:00,0.014450867052023121,12,低利用率
XC2020005,2023-11-15 14:00:00,0.025048169556840073,12,低利用率
XC2020005,2023-11-15 15:00:00,0.024566473988439304,12,低利用率
XC2020005,2023-11-15 16:00:00,0.03709055876685934,12,低利用率
XC2020005,2023-11-15 17:00:00,0.025529865125240848,12,低利用率
XC2020005,2023-11-15 18:00:00,0.09489402697495182,12,低利用率
XC2020005,2023-11-15 19:00:00,0.10260115606936417,12,低利用率
XC2020005,2023-11-15 20:00:00,0.07851637764932563,12,低利用率
XC2020005,2023-11-15 21:00:00,0.09633911368015415,12,低利用率
XC2020005,2023-11-15 22:00:00,0.11753371868978806,12,低利用率
XC2020005,2023-11-15 23:00:00,0.12283236994219653,12,低利用率
XC2020005,2023-11-16 00:00:00,0.12235067437379576,12,低利用率
XC2020005,2023-11-16 01:00:00,0.12138728323699421,12,低利用率
XC2020005,2023-11-16 02:00:00,0.1247591522157996,12,低利用率
XC2020005,2023-11-16 03:00:00,0.12716763005780346,12,低利用率
XC2020005,2023-11-16 04:00:00,0.12620423892100194,12,低利用率
XC2020005,2023-11-16 05:00:00,0.12138728323699421,12,低利用率
XC2020005,2023-11-16 06:00:00,0.11416184971098266,12,低利用率
XC2020005,2023-11-16 07:00:00,0.040944123314065516,12,低利用率
XC2020005,2023-11-16 08:00:00,0.029865125240847782,12,低利用率
XC2020005,2023-11-16 09:00:00,0.011560693641618497,12,低利用率
XC2020005,2023-11-16 10:00:00,0.0052986512524084775,12,低利用率
XC2020005,2023-11-16 11:00:00,0.006262042389210018,12,低利用率
XC2020005,2023-11-16 12:00:00,0.010115606936416185,12,低利用率
XC2020005,2023-11-16 13:00:00,0.015414258188824663,12,低利用率
XC2020005,2023-11-16 14:00:00,0.02842003853564547,12,低利用率
XC2020005,2023-11-16 15:00:00,0.023121387283236993,12,低利用率
XC2020005,2023-11-16 16:00:00,0.031791907514450865,12,低利用率
XC2020005,2023-11-16 17:00:00,0.019267822736030827,12,低利用率
XC2020005,2023-11-16 18:00:00,0.0476878612716763,12,低利用率
XC2020005,2023-11-16 19:00:00,0.06840077071290944,12,低利用率
XC2020005,2023-11-16 20:00:00,0.06984585741811175,12,低利用率
XC2020005,2023-11-16 21:00:00,0.05491329479768786,12,低利用率
XC2020005,2023-11-16 22:00:00,0.06406551059730249,12,低利用率
XC2020005,2023-11-16 23:00:00,0.07418111753371869,12,低利用率
XC2020005,2023-11-17 00:00:00,0.06502890173410404,12,低利用率
XC2020005,2023-11-17 01:00:00,0.06358381502890173,12,低利用率
XC2020005,2023-11-17 02:00:00,0.06358381502890173,12,低利用率
XC2020005,2023-11-17 03:00:00,0.06358381502890173,12,低利用率
XC2020005,2023-11-17 04:00:00,0.06358381502890173,12,低利用率
XC2020005,2023-11-17 05:00:00,0.06165703275529865,12,低利用率
XC2020005,2023-11-17 06:00:00,0.049614643545279384,12,低利用率
XC2020005,2023-11-17 07:00:00,0.008188824662813102,12,低利用率
XC2020005,2023-11-17 08:00:00,0.024566473988439308,12,低利用率
XC2020005,2023-11-17 09:00:00,0.0313102119460501,12,低利用率
XC2020005,2023-11-17 10:00:00,0.019267822736030827,12,低利用率
XC2020005,2023-11-17 11:00:00,0.023121387283236993,12,低利用率
XC2020005,2023-11-17 12:00:00,0.011078998073217725,12,低利用率
XC2020005,2023-11-17 13:00:00,0.016377649325626204,12,低利用率
XC2020005,2023-11-17 14:00:00,0.06358381502890173,12,低利用率
XC2020005,2023-11-17 15:00:00,0.06165703275529865,12,低利用率
XC2020005,2023-11-17 16:00:00,0.06454720616570327,6,低利用率
XC2020005,2023-11-21 00:00:00,0.06936416184971098,1,低利用率
XC2020005,2023-11-21 01:00:00,0.07321772639691715,12,低利用率
XC2020005,2023-11-21 02:00:00,0.08092485549132948,12,低利用率
XC2020005,2023-11-21 03:00:00,0.08236994219653179,12,低利用率
XC2020005,2023-11-21 04:00:00,0.08670520231213873,12,低利用率
XC2020005,2023-11-21 05:00:00,0.08670520231213873,12,低利用率
XC2020005,2023-11-21 06:00:00,0.0789980732177264,12,低利用率
XC2020005,2023-11-21 07:00:00,0.01252408477842004,12,低利用率
XC2020005,2023-11-21 08:00:00,0.02601156069364162,12,低利用率
XC2020005,2023-11-21 09:00:00,0.011560693641618497,1,低利用率
XC2020005,2024-09-24 09:00:00,0.011560693641618497,4,低利用率
XC2020006,2023-11-16 10:00:00,0.8387096774193549,1,高利用率
XC2020007,2023-11-12 10:00:00,0.8707414829659319,4,高利用率
XC2020007,2023-11-12 11:00:00,0.9031396125584502,12,高利用率
XC2020007,2023-11-12 12:00:00,0.908817635270541,12,高利用率
XC2020007,2023-11-12 13:00:00,0.8632264529058116,12,高利用率
XC2020007,2023-11-12 14:00:00,0.8512024048096193,12,高利用率
XC2020007,2023-11-12 15:00:00,0.8676519706078825,12,高利用率
XC2020007,2023-11-12 16:00:00,0.8409318637274549,12,高利用率
XC2020007,2023-11-12 17:00:00,0.8679859719438877,12,高利用率
XC2020007,2023-11-12 18:00:00,0.885437541750167,12,高利用率
XC2020007,2023-11-12 19:00:00,0.8512024048096193,12,高利用率
XC2020007,2023-11-12 20:00:00,0.81563126252505,12,高利用率
XC2020007,2023-11-12 21:00:00,0.788994655978624,12,高利用率
XC2020007,2023-11-12 22:00:00,0.7760521042084169,12,高利用率
XC2020007,2023-11-12 23:00:00,0.770875083500334,12,高利用率
XC2020007,2023-11-13 00:00:00,0.7682865731462926,12,高利用率
XC2020007,2023-11-13 01:00:00,0.7658650634602538,12,高利用率
XC2020007,2023-11-13 02:00:00,0.7655310621242485,12,高利用率
XC2020007,2023-11-13 03:00:00,0.7645290581162324,12,高利用率
XC2020007,2023-11-13 04:00:00,0.7646125584502338,12,高利用率
XC2020007,2023-11-13 05:00:00,0.7641950567802271,12,高利用率
XC2020007,2023-11-13 06:00:00,0.7642785571142284,12,高利用率
XC2020007,2023-11-13 07:00:00,0.7887441549766199,12,高利用率
XC2020007,2023-11-13 08:00:00,0.7954241816967268,12,高利用率
XC2020007,2023-11-13 09:00:00,0.7993486973947896,12,高利用率
XC2020007,2023-11-13 10:00:00,0.7962591850367402,12,高利用率
XC2020007,2023-11-13 11:00:00,0.8188877755511021,12,高利用率
XC2020007,2023-11-13 12:00:00,0.8338343353373414,12,高利用率
XC2020007,2023-11-13 13:00:00,0.8153807615230461,12,高利用率
XC2020007,2023-11-13 14:00:00,0.8114562458249833,12,高利用率
XC2020007,2023-11-13 15:00:00,0.8171342685370742,12,高利用率
XC2020007,2023-11-13 16:00:00,0.831496325985304,12,高利用率
XC2020007,2023-11-13 17:00:00,0.8525384101536405,12,高利用率
XC2020007,2023-11-13 18:00:00,0.8537909151636606,12,高利用率
XC2020007,2023-11-13 19:00:00,0.8299933199732799,12,高利用率
XC2020007,2023-11-13 20:00:00,0.7957581830327322,12,高利用率
XC2020007,2023-11-13 21:00:00,0.7779726118904476,12,高利用率
XC2020007,2023-11-13 22:00:00,0.7695390781563126,12,高利用率
XC2020007,2023-11-13 23:00:00,0.7676185704742818,12,高利用率
XC2020007,2023-11-14 00:00:00,0.7652805611222445,12,高利用率
XC2020007,2023-11-14 01:00:00,0.7636940547762191,12,高利用率
XC2020007,2023-11-14 02:00:00,0.7631095524382098,12,高利用率
XC2020007,2023-11-14 03:00:00,0.7625250501002004,12,高利用率
XC2020007,2023-11-14 04:00:00,0.762692050768203,12,高利用率
XC2020007,2023-11-14 05:00:00,0.7623580494321978,12,高利用率
XC2020007,2023-11-14 06:00:00,0.7630260521042085,12,高利用率
XC2020007,2023-11-14 07:00:00,0.7941716766867067,12,高利用率
XC2020007,2023-11-14 08:00:00,0.8398463593854375,12,高利用率
XC2020007,2023-11-14 09:00:00,0.8380928523714095,12,高利用率
XC2020007,2023-11-14 10:00:00,0.841182364729459,12,高利用率
XC2020007,2023-11-14 11:00:00,0.8604709418837676,12,高利用率
XC2020007,2023-11-14 12:00:00,0.8557114228456913,12,高利用率
XC2020007,2023-11-14 13:00:00,0.820307281229125,12,高利用率
XC2020007,2023-11-14 14:00:00,0.8219772879091516,12,高利用率
XC2020007,2023-11-14 15:00:00,0.8446893787575149,10,高利用率
XC2020007,2023-11-14 16:00:00,0.8579659318637275,12,高利用率
XC2020007,2023-11-14 17:00:00,0.8903640614562458,12,高利用率
XC2020007,2023-11-14 18:00:00,0.9089011356045424,12,高利用率
XC2020007,2023-11-14 19:00:00,0.8922010688042752,12,高利用率
XC2020007,2023-11-14 20:00:00,0.8264863059452238,12,高利用率
XC2020007,2023-11-14 21:00:00,0.7908316633266533,12,高利用率
XC2020007,2023-11-14 22:00:00,0.77438209752839,12,高利用率
XC2020007,2023-11-14 23:00:00,0.7661990647962592,12,高利用率
XC2020007,2023-11-15 00:00:00,0.7653640614562458,12,高利用率
XC2020007,2023-11-15 01:00:00,0.7636105544422178,12,高利用率
XC2020007,2023-11-15 02:00:00,0.7635270541082164,12,高利用率
XC2020007,2023-11-15 03:00:00,0.7626085504342018,12,高利用率
XC2020007,2023-11-15 04:00:00,0.7626085504342018,12,高利用率
XC2020007,2023-11-15 05:00:00,0.7622745490981964,12,高利用率
XC2020007,2023-11-15 06:00:00,0.761690046760187,12,高利用率
XC2020007,2023-11-15 07:00:00,0.7893286573146292,12,高利用率
XC2020007,2023-11-15 08:00:00,0.8339178356713427,12,高利用率
XC2020007,2023-11-15 09:00:00,0.8562959251837007,12,高利用率
XC2020007,2023-11-15 10:00:00,0.8724949899799599,12,高利用率
XC2020007,2023-11-15 11:00:00,0.8456913827655311,12,高利用率
XC2020007,2023-11-15 12:00:00,0.8500334001336006,12,高利用率
XC2020007,2023-11-15 13:00:00,0.8257348029392118,12,高利用率
XC2020007,2023-11-15 14:00:00,0.8208082832331329,12,高利用率
XC2020007,2023-11-15 15:00:00,0.8364228456913828,12,高利用率
XC2020007,2023-11-15 16:00:00,0.8447728790915163,12,高利用率
XC2020007,2023-11-15 17:00:00,0.8845190380761524,12,高利用率
XC2020007,2023-11-15 18:00:00,0.9262692050768203,12,高利用率
XC2020007,2023-11-15 19:00:00,0.8937040748162993,12,高利用率
XC2020007,2023-11-15 20:00:00,0.8391783567134269,12,高利用率
XC2020007,2023-11-15 21:00:00,0.7931696726786908,12,高利用率
XC2020007,2023-11-15 22:00:00,0.7807281229124916,12,高利用率
XC2020007,2023-11-15 23:00:00,0.7764696058784235,12,高利用率
XC2020007,2023-11-16 00:00:00,0.7717935871743488,12,高利用率
XC2020007,2023-11-16 01:00:00,0.7709585838343354,12,高利用率
XC2020007,2023-11-16 02:00:00,0.7697060788243153,12,高利用率
XC2020007,2023-11-16 03:00:00,0.7695390781563126,12,高利用率
XC2020007,2023-11-16 04:00:00,0.7696225784903139,12,高利用率
XC2020007,2023-11-16 05:00:00,0.7696225784903139,12,高利用率
XC2020007,2023-11-16 06:00:00,0.7697060788243153,12,高利用率
XC2020007,2023-11-16 07:00:00,0.7934201736806946,12,高利用率
XC2020007,2023-11-16 08:00:00,0.8069472277889113,12,高利用率
XC2020007,2023-11-16 09:00:00,0.8184702738810956,12,高利用率
XC2020007,2023-11-16 10:00:00,0.8226452905811623,12,高利用率
XC2020007,2023-11-16 11:00:00,0.8333333333333334,12,高利用率
XC2020007,2023-11-16 12:00:00,0.8468603874415498,12,高利用率
XC2020007,2023-11-16 13:00:00,0.8352538410153642,12,高利用率
XC2020007,2023-11-16 14:00:00,0.8244822979291917,12,高利用率
XC2020007,2023-11-16 15:00:00,0.835504342017368,12,高利用率
XC2020007,2023-11-16 16:00:00,0.8535404141616567,12,高利用率
XC2020007,2023-11-16 17:00:00,0.8866065464261856,12,高利用率
XC2020007,2023-11-16 18:00:00,0.9059786239144957,12,高利用率
XC2020007,2023-11-16 19:00:00,0.8945390781563126,12,高利用率
XC2020007,2023-11-16 20:00:00,0.8456078824315297,12,高利用率
XC2020007,2023-11-16 21:00:00,0.8061957247828991,12,高利用率
XC2020007,2023-11-16 22:00:00,0.7850701402805611,12,高利用率
XC2020007,2023-11-16 23:00:00,0.7753006012024048,12,高利用率
XC2020007,2023-11-17 00:00:00,0.7737140948563793,12,高利用率
XC2020007,2023-11-17 01:00:00,0.772127588510354,12,高利用率
XC2020007,2023-11-17 02:00:00,0.7715430861723447,12,高利用率
XC2020007,2023-11-17 03:00:00,0.7715430861723447,12,高利用率
XC2020007,2023-11-17 04:00:00,0.7717100868403474,12,高利用率
XC2020007,2023-11-17 05:00:00,0.7712090848363394,12,高利用率
XC2020007,2023-11-17 06:00:00,0.7719605878423513,12,高利用率
XC2020007,2023-11-17 07:00:00,0.7994321977287909,12,高利用率
XC2020007,2023-11-17 08:00:00,0.823062792251169,12,高利用率
XC2020007,2023-11-17 09:00:00,0.8387608550434201,12,高利用率
XC2020007,2023-11-17 10:00:00,0.8426853707414829,12,高利用率
XC2020007,2023-11-17 11:00:00,0.8545424181696727,12,高利用率
XC2020007,2023-11-17 12:00:00,0.8676519706078825,12,高利用率
XC2020007,2023-11-17 13:00:00,0.8430193720774883,12,高利用率
XC2020007,2023-11-17 14:00:00,0.8323313293253173,12,高利用率
XC2020007,2023-11-17 15:00:00,0.8459418837675351,12,高利用率
XC2020007,2023-11-17 16:00:00,0.8458583834335337,6,高利用率
XC2020007,2023-11-21 00:00:00,0.7464929859719439,1,高利用率
XC2020007,2023-11-21 01:00:00,0.7463259853039412,12,高利用率
XC2020007,2023-11-21 02:00:00,0.7454909819639278,12,高利用率
XC2020007,2023-11-21 03:00:00,0.7454909819639278,12,高利用率
XC2020007,2023-11-21 04:00:00,0.7456579826319305,12,高利用率
XC2020007,2023-11-21 05:00:00,0.7455744822979291,12,高利用率
XC2020007,2023-11-21 06:00:00,0.7464929859719439,12,高利用率
XC2020007,2023-11-21 07:00:00,0.764445557782231,12,高利用率
XC2020007,2023-11-21 08:00:00,0.8036072144288577,12,高利用率
XC2020007,2023-11-21 09:00:00,0.7925851703406813,1,高利用率
XC2020007,2024-09-24 09:00:00,0.48672344689378755,4,中利用率
XC2020008,2023-11-16 10:00:00,0.9302325581395349,1,高利用率
XC2020009,2023-11-16 10:00:00,0.8947368421052632,1,高利用率
XC2020011,2023-11-16 10:00:00,0.85,1,高利用率
XC2020012,2023-11-16 10:00:00,0.7391304347826086,1,高利用率
XC2020013,2023-11-16 10:00:00,0.9375,1,高利用率
XC2020014,2023-11-16 11:00:00,0.8260869565217391,1,高利用率
XC2020015,2023-11-16 11:00:00,0.4,1,中利用率
XC2020016,2023-11-16 11:00:00,0.85,1,高利用率
XC2020017,2023-11-16 11:00:00,0.9545454545454546,1,高利用率
XC2020018,2023-11-16 11:00:00,0.5294117647058824,1,中利用率
XC2020019,2023-11-16 11:00:00,1.0,1,高利用率
XC2020020,2023-11-16 11:00:00,0.8666666666666667,1,高利用率
XC2020021,2023-11-16 11:00:00,0.9823529411764705,1,高利用率
XC2020023,2023-11-12 10:00:00,0.546925566343042,5,中利用率
XC2020023,2023-11-12 11:00:00,0.5496224379719525,12,中利用率
XC2020023,2023-11-12 12:00:00,0.6024811218985976,12,中利用率
XC2020023,2023-11-12 13:00:00,0.6307982740021575,12,中利用率
XC2020023,2023-11-12 14:00:00,0.6534519956850054,12,中利用率
XC2020023,2023-11-12 15:00:00,0.6523732470334412,12,中利用率
XC2020023,2023-11-12 16:00:00,0.6138079827400216,12,中利用率
XC2020023,2023-11-12 17:00:00,0.5698489751887811,12,中利用率
XC2020023,2023-11-12 18:00:00,0.6294498381877023,12,中利用率
XC2020023,2023-11-12 19:00:00,0.6887810140237325,12,中利用率
XC2020023,2023-11-12 20:00:00,0.685814455231931,12,中利用率
XC2020023,2023-11-12 21:00:00,0.6626213592233009,12,中利用率
XC2020023,2023-11-12 22:00:00,0.6580366774541532,12,中利用率
XC2020023,2023-11-12 23:00:00,0.6173139158576052,12,中利用率
XC2020023,2023-11-13 00:00:00,0.5792880258899676,12,中利用率
XC2020023,2023-11-13 01:00:00,0.557713052858684,12,中利用率
XC2020023,2023-11-13 02:00:00,0.5612189859762675,12,中利用率
XC2020023,2023-11-13 03:00:00,0.5625674217907227,12,中利用率
XC2020023,2023-11-13 04:00:00,0.5625674217907227,12,中利用率
XC2020023,2023-11-13 05:00:00,0.5560949298813377,12,中利用率
XC2020023,2023-11-13 06:00:00,0.5542071197411004,12,中利用率
XC2020023,2023-11-13 07:00:00,0.6720604099244877,12,中利用率
XC2020023,2023-11-13 08:00:00,0.8007011866235167,12,高利用率
XC2020023,2023-11-13 09:00:00,0.7322006472491909,12,高利用率
XC2020023,2023-11-13 10:00:00,0.7292340884573895,12,高利用率
XC2020023,2023-11-13 11:00:00,0.7567421790722761,12,高利用率
XC2020023,2023-11-13 12:00:00,0.7988133764832793,12,高利用率
XC2020023,2023-11-13 13:00:00,0.8174217907227616,12,高利用率
XC2020023,2023-11-13 14:00:00,0.8206580366774542,12,高利用率
XC2020023,2023-11-13 15:00:00,0.8786407766990291,12,高利用率
XC2020023,2023-11-13 16:00:00,0.8977885652642934,12,高利用率
XC2020023,2023-11-13 17:00:00,0.7432578209277239,12,高利用率
XC2020023,2023-11-13 18:00:00,0.7330097087378641,12,高利用率
XC2020023,2023-11-13 19:00:00,0.7262675296655879,12,高利用率
XC2020023,2023-11-13 20:00:00,0.7046925566343042,12,高利用率
XC2020023,2023-11-13 21:00:00,0.714670981661273,12,高利用率
XC2020023,2023-11-13 22:00:00,0.6971413160733549,12,中利用率
XC2020023,2023-11-13 23:00:00,0.6637001078748651,12,中利用率
XC2020023,2023-11-14 00:00:00,0.6248651564185544,12,中利用率
XC2020023,2023-11-14 01:00:00,0.6129989212513485,12,中利用率
XC2020023,2023-11-14 02:00:00,0.6116504854368932,12,中利用率
XC2020023,2023-11-14 03:00:00,0.6113807982740022,12,中利用率
XC2020023,2023-11-14 04:00:00,0.6129989212513484,12,中利用率
XC2020023,2023-11-14 05:00:00,0.6097626752966558,12,中利用率
XC2020023,2023-11-14 06:00:00,0.6070658036677453,12,中利用率
XC2020023,2023-11-14 07:00:00,0.6839266450916935,12,中利用率
XC2020023,2023-11-14 08:00:00,0.7114347357065803,12,高利用率
XC2020023,2023-11-14 09:00:00,0.6801510248112189,12,中利用率
XC2020023,2023-11-14 10:00:00,0.6866235167206041,12,中利用率
XC2020023,2023-11-14 11:00:00,0.7060409924487594,12,高利用率
XC2020023,2023-11-14 12:00:00,0.7133225458468178,12,高利用率
XC2020023,2023-11-14 13:00:00,0.7319309600862999,12,高利用率
XC2020023,2023-11-14 14:00:00,0.7737324703344121,12,高利用率
XC2020023,2023-11-14 15:00:00,0.8145631067961165,10,高利用率
XC2020023,2023-11-14 16:00:00,0.7818230852211435,12,高利用率
XC2020023,2023-11-14 17:00:00,0.656957928802589,12,中利用率
XC2020023,2023-11-14 18:00:00,0.6521035598705501,12,中利用率
XC2020023,2023-11-14 19:00:00,0.7125134843581445,12,高利用率
XC2020023,2023-11-14 20:00:00,0.7281553398058253,12,高利用率
XC2020023,2023-11-14 21:00:00,0.7276159654800431,12,高利用率
XC2020023,2023-11-14 22:00:00,0.7114347357065803,12,高利用率
XC2020023,2023-11-14 23:00:00,0.6782632146709817,12,中利用率
XC2020023,2023-11-15 00:00:00,0.6307982740021575,12,中利用率
XC2020023,2023-11-15 01:00:00,0.6146170442286947,12,中利用率
XC2020023,2023-11-15 02:00:00,0.6094929881337648,12,中利用率
XC2020023,2023-11-15 03:00:00,0.6113807982740022,12,中利用率
XC2020023,2023-11-15 04:00:00,0.6089536138079827,12,中利用率
XC2020023,2023-11-15 05:00:00,0.6035598705501618,12,中利用率
XC2020023,2023-11-15 06:00:00,0.5976267529665588,12,中利用率
XC2020023,2023-11-15 07:00:00,0.6928263214670981,12,中利用率
XC2020023,2023-11-15 08:00:00,0.7157497303128371,12,高利用率
XC2020023,2023-11-15 09:00:00,0.6666666666666666,12,中利用率
XC2020023,2023-11-15 10:00:00,0.6642394822006472,12,中利用率
XC2020023,2023-11-15 11:00:00,0.6510248112189859,12,中利用率
XC2020023,2023-11-15 12:00:00,0.6847357065803669,12,中利用率
XC2020023,2023-11-15 13:00:00,0.7103559870550162,12,高利用率
XC2020023,2023-11-15 14:00:00,0.7378640776699029,12,高利用率
XC2020023,2023-11-15 15:00:00,0.7397518878101402,12,高利用率
XC2020023,2023-11-15 16:00:00,0.7602481121898598,12,高利用率
XC2020023,2023-11-15 17:00:00,0.7017259978425027,12,高利用率
XC2020023,2023-11-15 18:00:00,0.6890507011866235,12,中利用率
XC2020023,2023-11-15 19:00:00,0.7505393743257821,12,高利用率
XC2020023,2023-11-15 20:00:00,0.7551240560949299,12,高利用率
XC2020023,2023-11-15 21:00:00,0.7478425026968716,12,高利用率
XC2020023,2023-11-15 22:00:00,0.7351672060409924,12,高利用率
XC2020023,2023-11-15 23:00:00,0.7036138079827401,12,高利用率
XC2020023,2023-11-16 00:00:00,0.6720604099244877,12,中利用率
XC2020023,2023-11-16 01:00:00,0.6601941747572816,12,中利用率
XC2020023,2023-11-16 02:00:00,0.6580366774541532,12,中利用率
XC2020023,2023-11-16 03:00:00,0.6553398058252428,12,中利用率
XC2020023,2023-11-16 04:00:00,0.6515641855447681,12,中利用率
XC2020023,2023-11-16 05:00:00,0.6499460625674218,12,中利用率
XC2020023,2023-11-16 06:00:00,0.645091693635383,12,中利用率
XC2020023,2023-11-16 07:00:00,0.7346278317152103,12,高利用率
XC2020023,2023-11-16 08:00:00,0.7319309600862999,12,高利用率
XC2020023,2023-11-16 09:00:00,0.6812297734627831,12,中利用率
XC2020023,2023-11-16 10:00:00,0.7001078748651564,12,高利用率
XC2020023,2023-11-16 11:00:00,0.7273462783171522,12,高利用率
XC2020023,2023-11-16 12:00:00,0.7742718446601943,12,高利用率
XC2020023,2023-11-16 13:00:00,0.8101402373247034,12,高利用率
XC2020023,2023-11-16 14:00:00,0.8527508090614887,12,高利用率
XC2020023,2023-11-16 15:00:00,0.8276699029126213,12,高利用率
XC2020023,2023-11-16 16:00:00,0.860571736785329,12,高利用率
XC2020023,2023-11-16 17:00:00,0.7427184466019418,12,高利用率
XC2020023,2023-11-16 18:00:00,0.7402912621359223,12,高利用率
XC2020023,2023-11-16 19:00:00,0.8398058252427184,12,高利用率
XC2020023,2023-11-16 20:00:00,0.8225458468176915,12,高利用率
XC2020023,2023-11-16 21:00:00,0.7861380798274001,12,高利用率
XC2020023,2023-11-16 22:00:00,0.7715749730312838,12,高利用率
XC2020023,2023-11-16 23:00:00,0.7303128371089537,12,高利用率
XC2020023,2023-11-17 00:00:00,0.6750269687162892,12,中利用率
XC2020023,2023-11-17 01:00:00,0.6709816612729234,12,中利用率
XC2020023,2023-11-17 02:00:00,0.6634304207119741,12,中利用率
XC2020023,2023-11-17 03:00:00,0.6615426105717368,12,中利用率
XC2020023,2023-11-17 04:00:00,0.6585760517799353,12,中利用率
XC2020023,2023-11-17 05:00:00,0.6580366774541532,12,中利用率
XC2020023,2023-11-17 06:00:00,0.6539913700107874,12,中利用率
XC2020023,2023-11-17 07:00:00,0.7381337648327939,12,高利用率
XC2020023,2023-11-17 08:00:00,0.7397518878101402,12,高利用率
XC2020023,2023-11-17 09:00:00,0.6984897518878102,12,中利用率
XC2020023,2023-11-17 10:00:00,0.692017259978425,12,中利用率
XC2020023,2023-11-17 11:00:00,0.691477885652643,12,中利用率
XC2020023,2023-11-17 12:00:00,0.7351672060409924,12,高利用率
XC2020023,2023-11-17 13:00:00,0.7618662351672061,12,高利用率
XC2020023,2023-11-17 14:00:00,0.7980043149946062,12,高利用率
XC2020023,2023-11-17 15:00:00,0.8036677454153183,12,高利用率
XC2020023,2023-11-17 16:00:00,0.691477885652643,6,中利用率
XC2020023,2023-11-21 00:00:00,0.7281553398058253,1,高利用率
XC2020023,2023-11-21 01:00:00,0.7125134843581445,12,高利用率
XC2020023,2023-11-21 02:00:00,0.7065803667745415,12,高利用率
XC2020023,2023-11-21 03:00:00,0.7117044228694714,12,高利用率
XC2020023,2023-11-21 04:00:00,0.7100862998921252,12,高利用率
XC2020023,2023-11-21 05:00:00,0.7065803667745415,12,高利用率
XC2020023,2023-11-21 06:00:00,0.6987594390507011,12,中利用率
XC2020023,2023-11-21 07:00:00,0.7961165048543689,12,高利用率
XC2020023,2023-11-21 08:00:00,0.8257820927723841,12,高利用率
XC2020023,2023-11-21 09:00:00,0.7864077669902912,1,高利用率
XC2020023,2024-09-24 09:00:00,0.5527508090614888,5,中利用率
