TCCBH,日期小时,每小时平均车位利用率,该小时采样记录条数,总泊位,小时,星期几序号,是否工作日
1012312268YD5WN09GPVL,2025-03-03 06:00:00,0.8152173913043479,2,46,6,0,1
1012312268YD5WN09GPVL,2025-03-03 07:00:00,0.8405797101449276,6,46,7,0,1
1012312268YD5WN09GPVL,2025-03-03 08:00:00,0.36231884057971014,6,46,8,0,1
1012312268YD5WN09GPVL,2025-03-03 09:00:00,0.3405797101449275,6,46,9,0,1
1012312268YD5WN09GPVL,2025-03-03 10:00:00,0.3804347826086956,6,46,10,0,1
1012312268YD5WN09GPVL,2025-03-03 11:00:00,0.47826086956521735,6,46,11,0,1
1012312268YD5WN09GPVL,2025-03-03 12:00:00,0.6739130434782609,6,46,12,0,1
1012312268YD5WN09GPVL,2025-03-03 13:00:00,0.4855072463768116,6,46,13,0,1
1012312268YD5WN09GPVL,2025-03-03 14:00:00,0.5,6,46,14,0,1
1012312268YD5WN09GPVL,2025-03-03 15:00:00,0.47463768115942023,6,46,15,0,1
1012312268YD5WN09GPVL,2025-03-03 16:00:00,0.4202898550724638,6,46,16,0,1
1012312268YD5WN09GPVL,2025-03-03 17:00:00,0.5760869565217391,6,46,17,0,1
1012312268YD5WN09GPVL,2025-03-03 18:00:00,0.8152173913043478,6,46,18,0,1
1012312268YD5WN09GPVL,2025-03-03 19:00:00,0.6630434782608695,6,46,19,0,1
1012312268YD5WN09GPVL,2025-03-03 20:00:00,0.5652173913043478,6,46,20,0,1
1012312268YD5WN09GPVL,2025-03-03 21:00:00,0.5652173913043478,6,46,21,0,1
1012312268YD5WN09GPVL,2025-03-03 22:00:00,0.5652173913043478,6,46,22,0,1
1012312268YD5WN09GPVL,2025-03-03 23:00:00,0.5652173913043478,6,46,23,0,1
1012312268YD5WN09GPVL,2025-03-04 00:00:00,0.5652173913043478,6,46,0,1,1
1012312268YD5WN09GPVL,2025-03-04 01:00:00,0.5652173913043478,6,46,1,1,1
1012312268YD5WN09GPVL,2025-03-04 02:00:00,0.5652173913043478,6,46,2,1,1
1012312268YD5WN09GPVL,2025-03-04 03:00:00,0.5652173913043478,3,46,3,1,1
1012312268YD5WN09GPVL,2025-04-07 00:00:00,0.9166666666666666,6,46,0,0,1
1012312268YD5WN09GPVL,2025-04-07 06:00:00,0.8188405797101449,6,46,6,0,1
1012312268YD5WN09GPVL,2025-04-07 12:00:00,0.7789855072463768,6,46,12,0,1
1012312268YD5WN09GPVL,2025-04-07 18:00:00,0.8695652173913043,6,46,18,0,1
1012312268YD5WN09GPVL,2025-04-08 00:00:00,0.7644927536231885,6,46,0,1,1
1012312268YD5WN09GPVL,2025-04-08 06:00:00,0.7971014492753623,6,46,6,1,1
1012312268YD5WN09GPVL,2025-04-08 12:00:00,0.6847826086956522,6,46,12,1,1
1012312268YD5WN09GPVL,2025-04-08 18:00:00,0.822463768115942,6,46,18,1,1
1012312268YD5WN09GPVL,2025-04-09 00:00:00,0.8405797101449276,6,46,0,2,1
1012312268YD5WN09GPVL,2025-04-09 06:00:00,0.7934782608695653,6,46,6,2,1
1012312268YD5WN09GPVL,2025-04-09 18:00:00,0.8623188405797101,6,46,18,2,1
1012312268YD5WN09GPVL,2025-04-10 00:00:00,0.8768115942028984,6,46,0,3,1
1012312268YD5WN09GPVL,2025-04-10 06:00:00,0.9166666666666666,6,46,6,3,1
1012312268YD5WN09GPVL,2025-04-10 12:00:00,0.7934782608695653,6,46,12,3,1
1012312268YD5WN09GPVL,2025-04-10 18:00:00,0.6920289855072465,6,46,18,3,1
1012312268YD5WN09GPVL,2025-04-11 00:00:00,0.8152173913043478,6,46,0,4,1
1012312268YD5WN09GPVL,2025-04-11 06:00:00,0.7717391304347826,6,46,6,4,1
1012312268YD5WN09GPVL,2025-04-11 12:00:00,0.6920289855072465,6,46,12,4,1
1012312268YD5WN09GPVL,2025-04-11 18:00:00,0.782608695652174,6,46,18,4,1
1012312268YD5WN09GPVL,2025-04-12 00:00:00,0.7572463768115942,6,46,0,5,0
1012312268YD5WN09GPVL,2025-04-12 06:00:00,0.677536231884058,6,46,6,5,0
1012312268YD5WN09GPVL,2025-04-12 12:00:00,0.8514492753623188,6,46,12,5,0
1012312268YD5WN09GPVL,2025-04-12 18:00:00,0.8152173913043478,6,46,18,5,0
1012312268YD5WN09GPVL,2025-04-13 00:00:00,0.7282608695652174,6,46,0,6,0
1012312268YD5WN09GPVL,2025-04-13 06:00:00,0.6521739130434783,6,46,6,6,0
1012312268YD5WN09GPVL,2025-04-13 12:00:00,0.8659420289855072,6,46,12,6,0
1012312268YD5WN09GPVL,2025-04-13 18:00:00,0.7391304347826088,6,46,18,6,0
1012312268YDHM7XGW3Y9,2025-03-03 06:00:00,0.16666666666666669,2,33,6,0,1
1012312268YDHM7XGW3Y9,2025-03-03 07:00:00,0.13636363636363638,6,33,7,0,1
1012312268YDHM7XGW3Y9,2025-03-03 08:00:00,0.18686868686868685,6,33,8,0,1
1012312268YDHM7XGW3Y9,2025-03-03 09:00:00,0.21717171717171715,6,33,9,0,1
1012312268YDHM7XGW3Y9,2025-03-03 10:00:00,0.16161616161616163,6,33,10,0,1
1012312268YDHM7XGW3Y9,2025-03-03 11:00:00,0.16666666666666666,6,33,11,0,1
1012312268YDHM7XGW3Y9,2025-03-03 12:00:00,0.20707070707070707,6,33,12,0,1
1012312268YDHM7XGW3Y9,2025-03-03 13:00:00,0.22222222222222224,6,33,13,0,1
1012312268YDHM7XGW3Y9,2025-03-03 14:00:00,0.24242424242424243,6,33,14,0,1
1012312268YDHM7XGW3Y9,2025-03-03 15:00:00,0.15151515151515152,6,33,15,0,1
1012312268YDHM7XGW3Y9,2025-03-03 16:00:00,0.16666666666666666,6,33,16,0,1
1012312268YDHM7XGW3Y9,2025-03-03 17:00:00,0.2676767676767677,6,33,17,0,1
1012312268YDHM7XGW3Y9,2025-03-03 18:00:00,0.35858585858585856,6,33,18,0,1
1012312268YDHM7XGW3Y9,2025-03-03 19:00:00,0.35858585858585856,6,33,19,0,1
1012312268YDHM7XGW3Y9,2025-03-03 20:00:00,0.5,6,33,20,0,1
1012312268YDHM7XGW3Y9,2025-03-03 21:00:00,0.5505050505050505,6,33,21,0,1
1012312268YDHM7XGW3Y9,2025-03-03 22:00:00,0.5505050505050505,6,33,22,0,1
1012312268YDHM7XGW3Y9,2025-03-03 23:00:00,0.5454545454545454,6,33,23,0,1
1012312268YDHM7XGW3Y9,2025-03-04 00:00:00,0.5454545454545454,6,33,0,1,1
1012312268YDHM7XGW3Y9,2025-03-04 01:00:00,0.4444444444444444,6,33,1,1,1
1012312268YDHM7XGW3Y9,2025-03-04 02:00:00,0.44949494949494945,6,33,2,1,1
1012312268YDHM7XGW3Y9,2025-03-04 03:00:00,0.4444444444444444,3,33,3,1,1
1012312268YDHM7XGW3Y9,2025-04-07 00:00:00,0.4898989898989899,6,33,0,0,1
1012312268YDHM7XGW3Y9,2025-04-07 06:00:00,0.2878787878787879,6,33,6,0,1
1012312268YDHM7XGW3Y9,2025-04-07 12:00:00,0.12121212121212122,6,33,12,0,1
1012312268YDHM7XGW3Y9,2025-04-07 18:00:00,0.3282828282828283,6,33,18,0,1
1012312268YDHM7XGW3Y9,2025-04-08 00:00:00,0.4696969696969697,6,33,0,1,1
1012312268YDHM7XGW3Y9,2025-04-08 06:00:00,0.3181818181818182,6,33,6,1,1
1012312268YDHM7XGW3Y9,2025-04-08 12:00:00,0.20202020202020202,6,33,12,1,1
1012312268YDHM7XGW3Y9,2025-04-08 18:00:00,0.22222222222222224,6,33,18,1,1
1012312268YDHM7XGW3Y9,2025-04-09 00:00:00,0.2626262626262626,6,33,0,2,1
1012312268YDHM7XGW3Y9,2025-04-09 06:00:00,0.15151515151515152,6,33,6,2,1
1012312268YDHM7XGW3Y9,2025-04-09 18:00:00,0.5505050505050505,6,33,18,2,1
1012312268YDHM7XGW3Y9,2025-04-10 00:00:00,0.5454545454545454,6,33,0,3,1
1012312268YDHM7XGW3Y9,2025-04-10 06:00:00,0.4090909090909091,6,33,6,3,1
1012312268YDHM7XGW3Y9,2025-04-10 12:00:00,0.2676767676767677,6,33,12,3,1
1012312268YDHM7XGW3Y9,2025-04-10 18:00:00,0.40404040404040403,6,33,18,3,1
1012312268YDHM7XGW3Y9,2025-04-11 00:00:00,0.27777777777777773,6,33,0,4,1
1012312268YDHM7XGW3Y9,2025-04-11 06:00:00,0.31313131313131315,6,33,6,4,1
1012312268YDHM7XGW3Y9,2025-04-11 12:00:00,0.10101010101010101,6,33,12,4,1
1012312268YDHM7XGW3Y9,2025-04-11 18:00:00,0.35858585858585856,6,33,18,4,1
1012312268YDHM7XGW3Y9,2025-04-12 00:00:00,0.494949494949495,6,33,0,5,0
1012312268YDHM7XGW3Y9,2025-04-12 06:00:00,0.35353535353535354,6,33,6,5,0
1012312268YDHM7XGW3Y9,2025-04-12 12:00:00,0.1414141414141414,6,33,12,5,0
1012312268YDHM7XGW3Y9,2025-04-12 18:00:00,0.5151515151515151,6,33,18,5,0
1012312268YDHM7XGW3Y9,2025-04-13 00:00:00,0.5656565656565656,6,33,0,6,0
1012312268YDHM7XGW3Y9,2025-04-13 06:00:00,0.20707070707070707,6,33,6,6,0
1012312268YDHM7XGW3Y9,2025-04-13 12:00:00,0.2272727272727273,6,33,12,6,0
1012312268YDHM7XGW3Y9,2025-04-13 18:00:00,0.3686868686868687,6,33,18,6,0
1012312288YR3EFRI1BSX,2025-03-03 06:00:00,0.0859375,2,64,6,0,1
1012312288YR3EFRI1BSX,2025-03-03 07:00:00,0.07291666666666667,6,64,7,0,1
1012312288YR3EFRI1BSX,2025-03-03 08:00:00,0.11458333333333333,6,64,8,0,1
1012312288YR3EFRI1BSX,2025-03-03 09:00:00,0.1953125,6,64,9,0,1
1012312288YR3EFRI1BSX,2025-03-03 10:00:00,0.203125,6,64,10,0,1
1012312288YR3EFRI1BSX,2025-03-03 11:00:00,0.203125,6,64,11,0,1
1012312288YR3EFRI1BSX,2025-03-03 12:00:00,0.234375,6,64,12,0,1
1012312288YR3EFRI1BSX,2025-03-03 13:00:00,0.3541666666666667,6,64,13,0,1
1012312288YR3EFRI1BSX,2025-03-03 14:00:00,0.3854166666666667,6,64,14,0,1
1012312288YR3EFRI1BSX,2025-03-03 15:00:00,0.5104166666666666,6,64,15,0,1
1012312288YR3EFRI1BSX,2025-03-03 16:00:00,0.4739583333333333,6,64,16,0,1
1012312288YR3EFRI1BSX,2025-03-03 17:00:00,0.3307291666666667,6,64,17,0,1
1012312288YR3EFRI1BSX,2025-03-03 18:00:00,0.3229166666666667,6,64,18,0,1
1012312288YR3EFRI1BSX,2025-03-03 19:00:00,0.2994791666666667,6,64,19,0,1
1012312288YR3EFRI1BSX,2025-03-03 20:00:00,0.3046875,6,64,20,0,1
1012312288YR3EFRI1BSX,2025-03-03 21:00:00,0.2864583333333333,6,64,21,0,1
1012312288YR3EFRI1BSX,2025-03-03 22:00:00,0.23697916666666666,6,64,22,0,1
1012312288YR3EFRI1BSX,2025-03-03 23:00:00,0.21354166666666666,6,64,23,0,1
1012312288YR3EFRI1BSX,2025-03-04 00:00:00,0.13802083333333334,6,64,0,1,1
1012312288YR3EFRI1BSX,2025-03-04 01:00:00,0.12760416666666666,6,64,1,1,1
1012312288YR3EFRI1BSX,2025-03-04 02:00:00,0.1328125,6,64,2,1,1
1012312288YR3EFRI1BSX,2025-03-04 03:00:00,0.125,3,64,3,1,1
1012312288YR3EFRI1BSX,2025-04-07 00:00:00,0.15364583333333334,6,64,0,0,1
1012312288YR3EFRI1BSX,2025-04-07 06:00:00,0.16145833333333334,6,64,6,0,1
1012312288YR3EFRI1BSX,2025-04-07 12:00:00,0.2109375,6,64,12,0,1
1012312288YR3EFRI1BSX,2025-04-07 18:00:00,0.3776041666666667,6,64,18,0,1
1012312288YR3EFRI1BSX,2025-04-08 00:00:00,0.2708333333333333,6,64,0,1,1
1012312288YR3EFRI1BSX,2025-04-08 06:00:00,0.2421875,6,64,6,1,1
1012312288YR3EFRI1BSX,2025-04-08 12:00:00,0.2916666666666667,6,64,12,1,1
1012312288YR3EFRI1BSX,2025-04-08 18:00:00,0.4166666666666667,6,64,18,1,1
1012312288YR3EFRI1BSX,2025-04-09 00:00:00,0.19270833333333334,6,64,0,2,1
1012312288YR3EFRI1BSX,2025-04-09 06:00:00,0.19270833333333334,6,64,6,2,1
1012312288YR3EFRI1BSX,2025-04-09 18:00:00,0.2864583333333333,6,64,18,2,1
1012312288YR3EFRI1BSX,2025-04-10 00:00:00,0.22395833333333334,6,64,0,3,1
1012312288YR3EFRI1BSX,2025-04-10 06:00:00,0.2265625,6,64,6,3,1
1012312288YR3EFRI1BSX,2025-04-10 12:00:00,0.15625,6,64,12,3,1
1012312288YR3EFRI1BSX,2025-04-10 18:00:00,0.3255208333333333,6,64,18,3,1
1012312288YR3EFRI1BSX,2025-04-11 00:00:00,0.2630208333333333,6,64,0,4,1
1012312288YR3EFRI1BSX,2025-04-11 06:00:00,0.23697916666666666,6,64,6,4,1
1012312288YR3EFRI1BSX,2025-04-11 12:00:00,0.2552083333333333,6,64,12,4,1
1012312288YR3EFRI1BSX,2025-04-11 18:00:00,0.40625,6,64,18,4,1
1012312288YR3EFRI1BSX,2025-04-12 00:00:00,0.22916666666666666,6,64,0,5,0
1012312288YR3EFRI1BSX,2025-04-12 06:00:00,0.15625,6,64,6,5,0
1012312288YR3EFRI1BSX,2025-04-12 12:00:00,0.17708333333333334,6,64,12,5,0
1012312288YR3EFRI1BSX,2025-04-12 18:00:00,0.2942708333333333,6,64,18,5,0
1012312288YR3EFRI1BSX,2025-04-13 00:00:00,0.19010416666666666,6,64,0,6,0
1012312288YR3EFRI1BSX,2025-04-13 06:00:00,0.125,6,64,6,6,0
1012312288YR3EFRI1BSX,2025-04-13 12:00:00,0.15364583333333334,6,64,12,6,0
1012312288YR3EFRI1BSX,2025-04-13 18:00:00,0.3932291666666667,6,64,18,6,0
1012312288YR3IHRSDDZ5,2025-03-03 06:00:00,0.15384615384615385,2,13,6,0,1
1012312288YR3IHRSDDZ5,2025-03-03 07:00:00,0.3461538461538462,6,13,7,0,1
1012312288YR3IHRSDDZ5,2025-03-03 08:00:00,0.782051282051282,6,13,8,0,1
1012312288YR3IHRSDDZ5,2025-03-03 09:00:00,0.8974358974358975,3,13,9,0,1
1012312288YR3IHRSDDZ5,2025-03-03 10:00:00,0.8653846153846154,4,13,10,0,1
1012312288YR3IHRSDDZ5,2025-03-03 11:00:00,0.7076923076923076,5,13,11,0,1
1012312288YR3IHRSDDZ5,2025-03-03 12:00:00,0.38461538461538464,6,13,12,0,1
1012312288YR3IHRSDDZ5,2025-03-03 13:00:00,0.6282051282051282,6,13,13,0,1
1012312288YR3IHRSDDZ5,2025-03-03 14:00:00,0.7948717948717948,3,13,14,0,1
1012312288YR3IHRSDDZ5,2025-03-03 15:00:00,0.8461538461538461,3,13,15,0,1
1012312288YR3IHRSDDZ5,2025-03-03 16:00:00,0.8461538461538461,6,13,16,0,1
1012312288YR3IHRSDDZ5,2025-03-03 17:00:00,0.5256410256410257,6,13,17,0,1
1012312288YR3IHRSDDZ5,2025-03-03 18:00:00,0.3461538461538462,6,13,18,0,1
1012312288YR3IHRSDDZ5,2025-03-03 19:00:00,0.3333333333333333,6,13,19,0,1
1012312288YR3IHRSDDZ5,2025-03-03 20:00:00,0.23076923076923075,6,13,20,0,1
1012312288YR3IHRSDDZ5,2025-03-03 21:00:00,0.19230769230769232,6,13,21,0,1
1012312288YR3IHRSDDZ5,2025-03-03 22:00:00,0.16666666666666666,6,13,22,0,1
1012312288YR3IHRSDDZ5,2025-03-03 23:00:00,0.23076923076923075,6,13,23,0,1
1012312288YR3IHRSDDZ5,2025-03-04 00:00:00,0.23076923076923075,6,13,0,1,1
1012312288YR3IHRSDDZ5,2025-03-04 01:00:00,0.23076923076923075,6,13,1,1,1
1012312288YR3IHRSDDZ5,2025-03-04 02:00:00,0.23076923076923075,6,13,2,1,1
1012312288YR3IHRSDDZ5,2025-03-04 03:00:00,0.23076923076923075,3,13,3,1,1
1012312288YR3IHRSDDZ5,2025-04-07 00:00:00,0.3076923076923077,6,13,0,0,1
1012312288YR3IHRSDDZ5,2025-04-07 06:00:00,0.3076923076923077,6,13,6,0,1
1012312288YR3IHRSDDZ5,2025-04-07 12:00:00,0.4743589743589744,6,13,12,0,1
1012312288YR3IHRSDDZ5,2025-04-07 18:00:00,0.2435897435897436,6,13,18,0,1
1012312288YR3IHRSDDZ5,2025-04-08 00:00:00,0.012820512820512822,6,13,0,1,1
1012312288YR3IHRSDDZ5,2025-04-08 06:00:00,0.012820512820512822,6,13,6,1,1
1012312288YR3IHRSDDZ5,2025-04-08 12:00:00,0.2692307692307692,6,13,12,1,1
1012312288YR3IHRSDDZ5,2025-04-08 18:00:00,0.2948717948717949,6,13,18,1,1
1012312288YR3IHRSDDZ5,2025-04-09 00:00:00,0.3076923076923077,6,13,0,2,1
1012312288YR3IHRSDDZ5,2025-04-09 06:00:00,0.16666666666666666,6,13,6,2,1
1012312288YR3IHRSDDZ5,2025-04-09 18:00:00,0.2435897435897436,6,13,18,2,1
1012312288YR3IHRSDDZ5,2025-04-10 00:00:00,0.07692307692307693,6,13,0,3,1
1012312288YR3IHRSDDZ5,2025-04-10 06:00:00,0.07692307692307693,6,13,6,3,1
1012312288YR3IHRSDDZ5,2025-04-10 12:00:00,0.6282051282051282,6,13,12,3,1
1012312288YR3IHRSDDZ5,2025-04-10 18:00:00,0.3717948717948718,6,13,18,3,1
1012312288YR3IHRSDDZ5,2025-04-11 00:00:00,0.14102564102564105,6,13,0,4,1
1012312288YR3IHRSDDZ5,2025-04-11 06:00:00,0.0,6,13,6,4,1
1012312288YR3IHRSDDZ5,2025-04-11 12:00:00,0.5256410256410257,6,13,12,4,1
1012312288YR3IHRSDDZ5,2025-04-11 18:00:00,0.20512820512820515,6,13,18,4,1
1012312288YR3IHRSDDZ5,2025-04-12 00:00:00,0.20512820512820515,6,13,0,5,0
1012312288YR3IHRSDDZ5,2025-04-12 06:00:00,0.15384615384615385,6,13,6,5,0
1012312288YR3IHRSDDZ5,2025-04-12 12:00:00,0.3974358974358974,6,13,12,5,0
1012312288YR3IHRSDDZ5,2025-04-12 18:00:00,0.06410256410256411,6,13,18,5,0
1012312288YR3IHRSDDZ5,2025-04-13 00:00:00,0.0,6,13,0,6,0
1012312288YR3IHRSDDZ5,2025-04-13 06:00:00,0.0,6,13,6,6,0
1012312288YR3IHRSDDZ5,2025-04-13 12:00:00,0.10256410256410257,6,13,12,6,0
1012312288YR3IHRSDDZ5,2025-04-13 18:00:00,0.2948717948717949,6,13,18,6,0
1012312288YR3MBVY988X,2025-03-03 06:00:00,0.2631578947368421,2,19,6,0,1
1012312288YR3MBVY988X,2025-03-03 07:00:00,0.3508771929824561,6,19,7,0,1
1012312288YR3MBVY988X,2025-03-03 08:00:00,0.3508771929824561,6,19,8,0,1
1012312288YR3MBVY988X,2025-03-03 09:00:00,0.24561403508771928,6,19,9,0,1
1012312288YR3MBVY988X,2025-03-03 10:00:00,0.1929824561403509,6,19,10,0,1
1012312288YR3MBVY988X,2025-03-03 11:00:00,0.15789473684210525,6,19,11,0,1
1012312288YR3MBVY988X,2025-03-03 12:00:00,0.16666666666666666,6,19,12,0,1
1012312288YR3MBVY988X,2025-03-03 13:00:00,0.24561403508771928,6,19,13,0,1
1012312288YR3MBVY988X,2025-03-03 14:00:00,0.22807017543859645,6,19,14,0,1
1012312288YR3MBVY988X,2025-03-03 15:00:00,0.42105263157894735,6,19,15,0,1
1012312288YR3MBVY988X,2025-03-03 16:00:00,0.4473684210526316,6,19,16,0,1
1012312288YR3MBVY988X,2025-03-03 17:00:00,0.30701754385964913,6,19,17,0,1
1012312288YR3MBVY988X,2025-03-03 18:00:00,0.2807017543859649,6,19,18,0,1
1012312288YR3MBVY988X,2025-03-03 19:00:00,0.3333333333333333,6,19,19,0,1
1012312288YR3MBVY988X,2025-03-03 20:00:00,0.1929824561403509,6,19,20,0,1
1012312288YR3MBVY988X,2025-03-03 21:00:00,0.20175438596491227,6,19,21,0,1
1012312288YR3MBVY988X,2025-03-03 22:00:00,0.15789473684210525,6,19,22,0,1
1012312288YR3MBVY988X,2025-03-03 23:00:00,0.20175438596491227,6,19,23,0,1
1012312288YR3MBVY988X,2025-03-04 00:00:00,0.21052631578947367,6,19,0,1,1
1012312288YR3MBVY988X,2025-03-04 01:00:00,0.20175438596491227,6,19,1,1,1
1012312288YR3MBVY988X,2025-03-04 02:00:00,0.16666666666666666,6,19,2,1,1
1012312288YR3MBVY988X,2025-03-04 03:00:00,0.17543859649122806,3,19,3,1,1
1012312288YR3MBVY988X,2025-04-07 00:00:00,0.2631578947368421,6,19,0,0,1
1012312288YR3MBVY988X,2025-04-07 06:00:00,0.3508771929824561,6,19,6,0,1
1012312288YR3MBVY988X,2025-04-07 12:00:00,0.22807017543859645,6,19,12,0,1
1012312288YR3MBVY988X,2025-04-07 18:00:00,0.3508771929824561,6,19,18,0,1
1012312288YR3MBVY988X,2025-04-08 00:00:00,0.15789473684210525,6,19,0,1,1
1012312288YR3MBVY988X,2025-04-08 06:00:00,0.2807017543859649,6,19,6,1,1
1012312288YR3MBVY988X,2025-04-08 12:00:00,0.21929824561403508,6,19,12,1,1
1012312288YR3MBVY988X,2025-04-08 18:00:00,0.4385964912280702,6,19,18,1,1
1012312288YR3MBVY988X,2025-04-09 00:00:00,0.3157894736842105,6,19,0,2,1
1012312288YR3MBVY988X,2025-04-09 06:00:00,0.37719298245614036,6,19,6,2,1
1012312288YR3MBVY988X,2025-04-09 18:00:00,0.3245614035087719,6,19,18,2,1
1012312288YR3MBVY988X,2025-04-10 00:00:00,0.24561403508771928,6,19,0,3,1
1012312288YR3MBVY988X,2025-04-10 06:00:00,0.40350877192982454,6,19,6,3,1
1012312288YR3MBVY988X,2025-04-10 12:00:00,0.09649122807017545,6,19,12,3,1
1012312288YR3MBVY988X,2025-04-10 18:00:00,0.30701754385964913,6,19,18,3,1
1012312288YR3MBVY988X,2025-04-11 00:00:00,0.28947368421052627,6,19,0,4,1
1012312288YR3MBVY988X,2025-04-11 06:00:00,0.2807017543859649,6,19,6,4,1
1012312288YR3MBVY988X,2025-04-11 12:00:00,0.3157894736842105,6,19,12,4,1
1012312288YR3MBVY988X,2025-04-11 18:00:00,0.47368421052631576,6,19,18,4,1
1012312288YR3MBVY988X,2025-04-12 00:00:00,0.28947368421052627,6,19,0,5,0
1012312288YR3MBVY988X,2025-04-12 06:00:00,0.40350877192982454,6,19,6,5,0
1012312288YR3MBVY988X,2025-04-12 12:00:00,0.3684210526315789,6,19,12,5,0
1012312288YR3MBVY988X,2025-04-12 18:00:00,0.21052631578947367,6,19,18,5,0
1012312288YR3MBVY988X,2025-04-13 00:00:00,0.13157894736842105,6,19,0,6,0
1012312288YR3MBVY988X,2025-04-13 06:00:00,0.14912280701754385,6,19,6,6,0
1012312288YR3MBVY988X,2025-04-13 12:00:00,0.13157894736842105,6,19,12,6,0
1012312288YR3MBVY988X,2025-04-13 18:00:00,0.631578947368421,6,19,18,6,0
1012312288YR53DTVACCH,2025-03-03 06:00:00,0.030303030303030304,2,33,6,0,1
1012312288YR53DTVACCH,2025-03-03 07:00:00,0.07575757575757576,6,33,7,0,1
1012312288YR53DTVACCH,2025-03-03 08:00:00,0.494949494949495,6,33,8,0,1
1012312288YR53DTVACCH,2025-03-03 09:00:00,0.8434343434343434,6,33,9,0,1
1012312288YR53DTVACCH,2025-03-03 10:00:00,0.9090909090909092,5,33,10,0,1
1012312288YR53DTVACCH,2025-03-03 11:00:00,0.7929292929292929,6,33,11,0,1
1012312288YR53DTVACCH,2025-03-03 12:00:00,0.7626262626262627,6,33,12,0,1
1012312288YR53DTVACCH,2025-03-03 13:00:00,0.7727272727272728,6,33,13,0,1
1012312288YR53DTVACCH,2025-03-03 14:00:00,0.9393939393939394,4,33,14,0,1
1012312288YR53DTVACCH,2025-03-03 15:00:00,0.8560606060606061,4,33,15,0,1
1012312288YR53DTVACCH,2025-03-03 16:00:00,0.8434343434343434,6,33,16,0,1
1012312288YR53DTVACCH,2025-03-03 17:00:00,0.47474747474747475,6,33,17,0,1
1012312288YR53DTVACCH,2025-03-03 18:00:00,0.15656565656565657,6,33,18,0,1
1012312288YR53DTVACCH,2025-03-03 19:00:00,0.14646464646464646,6,33,19,0,1
1012312288YR53DTVACCH,2025-03-03 20:00:00,0.15656565656565657,6,33,20,0,1
1012312288YR53DTVACCH,2025-03-03 21:00:00,0.12626262626262627,6,33,21,0,1
1012312288YR53DTVACCH,2025-03-03 22:00:00,0.10101010101010101,6,33,22,0,1
1012312288YR53DTVACCH,2025-03-03 23:00:00,0.10606060606060606,6,33,23,0,1
1012312288YR53DTVACCH,2025-03-04 00:00:00,0.10606060606060606,6,33,0,1,1
1012312288YR53DTVACCH,2025-03-04 01:00:00,0.0909090909090909,6,33,1,1,1
1012312288YR53DTVACCH,2025-03-04 02:00:00,0.12121212121212122,6,33,2,1,1
1012312288YR53DTVACCH,2025-03-04 03:00:00,0.12121212121212122,3,33,3,1,1
1012312288YR53DTVACCH,2025-04-07 00:00:00,0.30303030303030304,6,33,0,0,1
1012312288YR53DTVACCH,2025-04-07 06:00:00,0.3080808080808081,6,33,6,0,1
1012312288YR53DTVACCH,2025-04-07 12:00:00,0.4646464646464647,6,33,12,0,1
1012312288YR53DTVACCH,2025-04-07 18:00:00,0.3383838383838384,6,33,18,0,1
1012312288YR53DTVACCH,2025-04-08 00:00:00,0.2828282828282828,6,33,0,1,1
1012312288YR53DTVACCH,2025-04-08 06:00:00,0.2474747474747475,6,33,6,1,1
1012312288YR53DTVACCH,2025-04-08 12:00:00,0.4393939393939394,6,33,12,1,1
1012312288YR53DTVACCH,2025-04-08 18:00:00,0.20707070707070707,6,33,18,1,1
1012312288YR53DTVACCH,2025-04-09 00:00:00,0.09595959595959597,6,33,0,2,1
1012312288YR53DTVACCH,2025-04-09 06:00:00,0.09595959595959597,6,33,6,2,1
1012312288YR53DTVACCH,2025-04-09 18:00:00,0.16666666666666666,6,33,18,2,1
1012312288YR53DTVACCH,2025-04-10 00:00:00,0.0909090909090909,6,33,0,3,1
1012312288YR53DTVACCH,2025-04-10 06:00:00,0.0909090909090909,6,33,6,3,1
1012312288YR53DTVACCH,2025-04-10 12:00:00,0.5202020202020202,6,33,12,3,1
1012312288YR53DTVACCH,2025-04-10 18:00:00,0.12626262626262627,6,33,18,3,1
1012312288YR53DTVACCH,2025-04-11 00:00:00,0.04040404040404041,6,33,0,4,1
1012312288YR53DTVACCH,2025-04-11 06:00:00,0.010101010101010102,6,33,6,4,1
1012312288YR53DTVACCH,2025-04-11 12:00:00,0.6969696969696969,6,33,12,4,1
1012312288YR53DTVACCH,2025-04-11 18:00:00,0.30303030303030304,6,33,18,4,1
1012312288YR53DTVACCH,2025-04-12 00:00:00,0.12121212121212122,6,33,0,5,0
1012312288YR53DTVACCH,2025-04-12 06:00:00,0.15151515151515152,6,33,6,5,0
1012312288YR53DTVACCH,2025-04-12 12:00:00,0.25252525252525254,6,33,12,5,0
1012312288YR53DTVACCH,2025-04-12 18:00:00,0.10101010101010101,6,33,18,5,0
1012312288YR53DTVACCH,2025-04-13 00:00:00,0.0909090909090909,6,33,0,6,0
1012312288YR53DTVACCH,2025-04-13 06:00:00,0.1313131313131313,6,33,6,6,0
1012312288YR53DTVACCH,2025-04-13 12:00:00,0.20707070707070707,6,33,12,6,0
1012312288YR53DTVACCH,2025-04-13 18:00:00,0.08585858585858586,6,33,18,6,0
1012312288YR57VMEIUBL,2025-03-03 06:00:00,0.14705882352941177,1,34,6,0,1
1012312288YR57VMEIUBL,2025-03-03 07:00:00,0.1568627450980392,6,34,7,0,1
1012312288YR57VMEIUBL,2025-03-03 08:00:00,0.3333333333333333,6,34,8,0,1
1012312288YR57VMEIUBL,2025-03-03 09:00:00,0.4264705882352941,6,34,9,0,1
1012312288YR57VMEIUBL,2025-03-03 10:00:00,0.28921568627450983,6,34,10,0,1
1012312288YR57VMEIUBL,2025-03-03 11:00:00,0.28921568627450983,6,34,11,0,1
1012312288YR57VMEIUBL,2025-03-03 12:00:00,0.38235294117647056,6,34,12,0,1
1012312288YR57VMEIUBL,2025-03-03 13:00:00,0.5392156862745098,6,34,13,0,1
1012312288YR57VMEIUBL,2025-03-03 14:00:00,0.5441176470588235,6,34,14,0,1
1012312288YR57VMEIUBL,2025-03-03 15:00:00,0.6029411764705882,6,34,15,0,1
1012312288YR57VMEIUBL,2025-03-03 16:00:00,0.4166666666666667,6,34,16,0,1
1012312288YR57VMEIUBL,2025-03-03 17:00:00,0.28431372549019607,6,34,17,0,1
1012312288YR57VMEIUBL,2025-03-03 18:00:00,0.36764705882352944,6,34,18,0,1
1012312288YR57VMEIUBL,2025-03-03 19:00:00,0.4362745098039216,6,34,19,0,1
1012312288YR57VMEIUBL,2025-03-03 20:00:00,0.4656862745098039,6,34,20,0,1
1012312288YR57VMEIUBL,2025-03-03 21:00:00,0.4852941176470588,6,34,21,0,1
1012312288YR57VMEIUBL,2025-03-03 22:00:00,0.38725490196078427,6,34,22,0,1
1012312288YR57VMEIUBL,2025-03-03 23:00:00,0.25490196078431376,6,34,23,0,1
1012312288YR57VMEIUBL,2025-03-04 00:00:00,0.12745098039215688,6,34,0,1,1
1012312288YR57VMEIUBL,2025-03-04 01:00:00,0.06372549019607843,6,34,1,1,1
1012312288YR57VMEIUBL,2025-03-04 02:00:00,0.0588235294117647,6,34,2,1,1
1012312288YR57VMEIUBL,2025-03-04 03:00:00,0.0588235294117647,3,34,3,1,1
1012312288YR57VMEIUBL,2025-04-07 00:00:00,0.303921568627451,6,34,0,0,1
1012312288YR57VMEIUBL,2025-04-07 06:00:00,0.10784313725490197,6,34,6,0,1
1012312288YR57VMEIUBL,2025-04-07 12:00:00,0.4166666666666667,6,34,12,0,1
1012312288YR57VMEIUBL,2025-04-07 18:00:00,0.40686274509803927,6,34,18,0,1
1012312288YR57VMEIUBL,2025-04-08 00:00:00,0.25980392156862747,6,34,0,1,1
1012312288YR57VMEIUBL,2025-04-08 06:00:00,0.09313725490196079,6,34,6,1,1
1012312288YR57VMEIUBL,2025-04-08 12:00:00,0.34803921568627455,6,34,12,1,1
1012312288YR57VMEIUBL,2025-04-08 18:00:00,0.37254901960784315,6,34,18,1,1
1012312288YR57VMEIUBL,2025-04-09 00:00:00,0.2058823529411765,6,34,0,2,1
1012312288YR57VMEIUBL,2025-04-09 06:00:00,0.09803921568627451,6,34,6,2,1
1012312288YR57VMEIUBL,2025-04-09 18:00:00,0.35784313725490197,6,34,18,2,1
1012312288YR57VMEIUBL,2025-04-10 00:00:00,0.2745098039215686,6,34,0,3,1
1012312288YR57VMEIUBL,2025-04-10 06:00:00,0.18137254901960786,6,34,6,3,1
1012312288YR57VMEIUBL,2025-04-10 12:00:00,0.411764705882353,6,34,12,3,1
1012312288YR57VMEIUBL,2025-04-10 18:00:00,0.6911764705882354,6,34,18,3,1
1012312288YR57VMEIUBL,2025-04-11 00:00:00,0.338235294117647,6,34,0,4,1
1012312288YR57VMEIUBL,2025-04-11 06:00:00,0.1176470588235294,6,34,6,4,1
1012312288YR57VMEIUBL,2025-04-11 12:00:00,0.4901960784313726,6,34,12,4,1
1012312288YR57VMEIUBL,2025-04-11 18:00:00,0.338235294117647,6,34,18,4,1
1012312288YR57VMEIUBL,2025-04-12 00:00:00,0.12254901960784315,6,34,0,5,0
1012312288YR57VMEIUBL,2025-04-12 06:00:00,0.08823529411764706,6,34,6,5,0
1012312288YR57VMEIUBL,2025-04-12 12:00:00,0.2058823529411765,6,34,12,5,0
1012312288YR57VMEIUBL,2025-04-12 18:00:00,0.6274509803921569,6,34,18,5,0
1012312288YR57VMEIUBL,2025-04-13 00:00:00,0.39215686274509803,6,34,0,6,0
1012312288YR57VMEIUBL,2025-04-13 06:00:00,0.1323529411764706,6,34,6,6,0
1012312288YR57VMEIUBL,2025-04-13 12:00:00,0.19607843137254902,6,34,12,6,0
1012312288YR57VMEIUBL,2025-04-13 18:00:00,0.37254901960784315,6,34,18,6,0
1012312288YR5B22720W1,2025-03-03 06:00:00,0.20689655172413793,2,58,6,0,1
1012312288YR5B22720W1,2025-03-03 07:00:00,0.19540229885057472,6,58,7,0,1
1012312288YR5B22720W1,2025-03-03 08:00:00,0.14080459770114942,6,58,8,0,1
1012312288YR5B22720W1,2025-03-03 09:00:00,0.20402298850574715,6,58,9,0,1
1012312288YR5B22720W1,2025-03-03 10:00:00,0.20977011494252873,6,58,10,0,1
1012312288YR5B22720W1,2025-03-03 11:00:00,0.27011494252873564,6,58,11,0,1
1012312288YR5B22720W1,2025-03-03 12:00:00,0.3390804597701149,6,58,12,0,1
1012312288YR5B22720W1,2025-03-03 13:00:00,0.41379310344827586,6,58,13,0,1
1012312288YR5B22720W1,2025-03-03 14:00:00,0.5258620689655172,6,58,14,0,1
1012312288YR5B22720W1,2025-03-03 15:00:00,0.42241379310344823,6,58,15,0,1
1012312288YR5B22720W1,2025-03-03 16:00:00,0.3879310344827586,6,58,16,0,1
1012312288YR5B22720W1,2025-03-03 17:00:00,0.37068965517241376,6,58,17,0,1
1012312288YR5B22720W1,2025-03-03 18:00:00,0.3333333333333333,6,58,18,0,1
1012312288YR5B22720W1,2025-03-03 19:00:00,0.37068965517241376,6,58,19,0,1
1012312288YR5B22720W1,2025-03-03 20:00:00,0.35919540229885055,6,58,20,0,1
1012312288YR5B22720W1,2025-03-03 21:00:00,0.29885057471264365,6,58,21,0,1
1012312288YR5B22720W1,2025-03-03 22:00:00,0.28160919540229884,6,58,22,0,1
1012312288YR5B22720W1,2025-03-03 23:00:00,0.24425287356321843,6,58,23,0,1
1012312288YR5B22720W1,2025-03-04 00:00:00,0.2298850574712644,6,58,0,1,1
1012312288YR5B22720W1,2025-03-04 01:00:00,0.21551724137931036,6,58,1,1,1
1012312288YR5B22720W1,2025-03-04 02:00:00,0.22126436781609196,6,58,2,1,1
1012312288YR5B22720W1,2025-03-04 03:00:00,0.20689655172413793,3,58,3,1,1
1012312288YR5B22720W1,2025-04-07 00:00:00,0.2040229885057471,6,58,0,0,1
1012312288YR5B22720W1,2025-04-07 06:00:00,0.16666666666666666,6,58,6,0,1
1012312288YR5B22720W1,2025-04-07 12:00:00,0.27586206896551724,6,58,12,0,1
1012312288YR5B22720W1,2025-04-07 18:00:00,0.3390804597701149,6,58,18,0,1
1012312288YR5B22720W1,2025-04-08 00:00:00,0.22413793103448276,6,58,0,1,1
1012312288YR5B22720W1,2025-04-08 06:00:00,0.20977011494252876,6,58,6,1,1
1012312288YR5B22720W1,2025-04-08 12:00:00,0.28160919540229884,6,58,12,1,1
1012312288YR5B22720W1,2025-04-08 18:00:00,0.3994252873563218,6,58,18,1,1
1012312288YR5B22720W1,2025-04-09 00:00:00,0.25,6,58,0,2,1
1012312288YR5B22720W1,2025-04-09 06:00:00,0.1867816091954023,6,58,6,2,1
1012312288YR5B22720W1,2025-04-09 18:00:00,0.3103448275862069,6,58,18,2,1
1012312288YR5B22720W1,2025-04-10 00:00:00,0.2413793103448276,6,58,0,3,1
1012312288YR5B22720W1,2025-04-10 06:00:00,0.1839080459770115,6,58,6,3,1
1012312288YR5B22720W1,2025-04-10 12:00:00,0.28735632183908044,6,58,12,3,1
1012312288YR5B22720W1,2025-04-10 18:00:00,0.3505747126436782,6,58,18,3,1
1012312288YR5B22720W1,2025-04-11 00:00:00,0.3218390804597701,6,58,0,4,1
1012312288YR5B22720W1,2025-04-11 06:00:00,0.21839080459770113,6,58,6,4,1
1012312288YR5B22720W1,2025-04-11 12:00:00,0.29310344827586204,6,58,12,4,1
1012312288YR5B22720W1,2025-04-11 18:00:00,0.3850574712643678,6,58,18,4,1
1012312288YR5B22720W1,2025-04-12 00:00:00,0.24425287356321843,6,58,0,5,0
1012312288YR5B22720W1,2025-04-12 06:00:00,0.23275862068965517,6,58,6,5,0
1012312288YR5B22720W1,2025-04-12 12:00:00,0.26149425287356326,6,58,12,5,0
1012312288YR5B22720W1,2025-04-12 18:00:00,0.32471264367816094,6,58,18,5,0
1012312288YR5B22720W1,2025-04-13 00:00:00,0.33620689655172414,6,58,0,6,0
1012312288YR5B22720W1,2025-04-13 06:00:00,0.22126436781609196,6,58,6,6,0
1012312288YR5B22720W1,2025-04-13 12:00:00,0.33045977011494254,6,58,12,6,0
1012312288YR5B22720W1,2025-04-13 18:00:00,0.39655172413793105,6,58,18,6,0
1012312288YR5F42HE329,2025-03-03 06:00:00,0.625,1,16,6,0,1
1012312288YR5F42HE329,2025-03-03 07:00:00,0.5833333333333334,6,16,7,0,1
1012312288YR5F42HE329,2025-03-03 08:00:00,0.59375,6,16,8,0,1
1012312288YR5F42HE329,2025-03-03 09:00:00,0.7708333333333334,6,16,9,0,1
1012312288YR5F42HE329,2025-03-03 10:00:00,0.8375,5,16,10,0,1
1012312288YR5F42HE329,2025-03-03 11:00:00,0.7375,5,16,11,0,1
1012312288YR5F42HE329,2025-03-03 12:00:00,0.6979166666666666,6,16,12,0,1
1012312288YR5F42HE329,2025-03-03 13:00:00,0.6041666666666666,6,16,13,0,1
1012312288YR5F42HE329,2025-03-03 14:00:00,0.9166666666666666,6,16,14,0,1
1012312288YR5F42HE329,2025-03-03 15:00:00,0.8333333333333334,6,16,15,0,1
1012312288YR5F42HE329,2025-03-03 16:00:00,0.625,6,16,16,0,1
1012312288YR5F42HE329,2025-03-03 17:00:00,0.5208333333333334,6,16,17,0,1
1012312288YR5F42HE329,2025-03-03 18:00:00,0.8854166666666666,6,16,18,0,1
1012312288YR5F42HE329,2025-03-03 19:00:00,0.6770833333333334,6,16,19,0,1
1012312288YR5F42HE329,2025-03-03 20:00:00,0.71875,6,16,20,0,1
1012312288YR5F42HE329,2025-03-03 21:00:00,0.6979166666666666,6,16,21,0,1
1012312288YR5F42HE329,2025-03-03 22:00:00,0.75,6,16,22,0,1
1012312288YR5F42HE329,2025-03-03 23:00:00,0.6458333333333334,6,16,23,0,1
1012312288YR5F42HE329,2025-03-04 00:00:00,0.6354166666666666,6,16,0,1,1
1012312288YR5F42HE329,2025-03-04 01:00:00,0.625,6,16,1,1,1
1012312288YR5F42HE329,2025-03-04 02:00:00,0.625,6,16,2,1,1
1012312288YR5F42HE329,2025-03-04 03:00:00,0.625,3,16,3,1,1
1012312288YR5F42HE329,2025-04-07 00:00:00,0.5833333333333334,6,16,0,0,1
1012312288YR5F42HE329,2025-04-07 06:00:00,0.4375,6,16,6,0,1
1012312288YR5F42HE329,2025-04-07 12:00:00,0.8541666666666666,6,16,12,0,1
1012312288YR5F42HE329,2025-04-07 18:00:00,0.9375,4,16,18,0,1
1012312288YR5F42HE329,2025-04-08 00:00:00,0.5416666666666666,6,16,0,1,1
1012312288YR5F42HE329,2025-04-08 06:00:00,0.3125,6,16,6,1,1
1012312288YR5F42HE329,2025-04-08 12:00:00,0.7395833333333334,6,16,12,1,1
1012312288YR5F42HE329,2025-04-08 18:00:00,0.9375,4,16,18,1,1
1012312288YR5F42HE329,2025-04-09 00:00:00,0.9270833333333334,6,16,0,2,1
1012312288YR5F42HE329,2025-04-09 06:00:00,0.6354166666666666,6,16,6,2,1
1012312288YR5F42HE329,2025-04-09 18:00:00,0.6875,6,16,18,2,1
1012312288YR5F42HE329,2025-04-10 00:00:00,0.3958333333333333,6,16,0,3,1
1012312288YR5F42HE329,2025-04-10 06:00:00,0.375,6,16,6,3,1
1012312288YR5F42HE329,2025-04-10 12:00:00,0.75,5,16,12,3,1
1012312288YR5F42HE329,2025-04-10 18:00:00,0.8645833333333334,6,16,18,3,1
1012312288YR5F42HE329,2025-04-11 00:00:00,0.7395833333333334,6,16,0,4,1
1012312288YR5F42HE329,2025-04-11 06:00:00,0.5,6,16,6,4,1
1012312288YR5F42HE329,2025-04-11 12:00:00,0.7708333333333334,6,16,12,4,1
1012312288YR5F42HE329,2025-04-11 18:00:00,0.9166666666666666,3,16,18,4,1
1012312288YR5F42HE329,2025-04-12 00:00:00,0.7291666666666666,6,16,0,5,0
1012312288YR5F42HE329,2025-04-12 06:00:00,0.40625,6,16,6,5,0
1012312288YR5F42HE329,2025-04-12 12:00:00,0.828125,4,16,12,5,0
1012312288YR5F42HE329,2025-04-12 18:00:00,0.8333333333333334,6,16,18,5,0
1012312288YR5F42HE329,2025-04-13 00:00:00,0.7916666666666666,6,16,0,6,0
1012312288YR5F42HE329,2025-04-13 06:00:00,0.375,6,16,6,6,0
1012312288YR5F42HE329,2025-04-13 12:00:00,0.78125,6,16,12,6,0
1012312288YR5F42HE329,2025-04-13 18:00:00,0.8541666666666666,3,16,18,6,0
1012312288YR5JPT2UOZL,2025-03-03 06:00:00,0.20967741935483872,2,62,6,0,1
1012312288YR5JPT2UOZL,2025-03-03 07:00:00,0.21236559139784947,6,62,7,0,1
1012312288YR5JPT2UOZL,2025-03-03 08:00:00,0.1854838709677419,6,62,8,0,1
1012312288YR5JPT2UOZL,2025-03-03 09:00:00,0.21236559139784947,6,62,9,0,1
1012312288YR5JPT2UOZL,2025-03-03 10:00:00,0.28225806451612906,6,62,10,0,1
1012312288YR5JPT2UOZL,2025-03-03 11:00:00,0.33064516129032256,6,62,11,0,1
1012312288YR5JPT2UOZL,2025-03-03 12:00:00,0.43548387096774194,6,62,12,0,1
1012312288YR5JPT2UOZL,2025-03-03 13:00:00,0.38172043010752693,6,62,13,0,1
1012312288YR5JPT2UOZL,2025-03-03 14:00:00,0.35752688172043007,6,62,14,0,1
1012312288YR5JPT2UOZL,2025-03-03 15:00:00,0.37365591397849457,6,62,15,0,1
1012312288YR5JPT2UOZL,2025-03-03 16:00:00,0.3172043010752688,6,62,16,0,1
1012312288YR5JPT2UOZL,2025-03-03 17:00:00,0.33602150537634407,6,62,17,0,1
1012312288YR5JPT2UOZL,2025-03-03 18:00:00,0.34139784946236557,6,62,18,0,1
1012312288YR5JPT2UOZL,2025-03-03 19:00:00,0.33064516129032256,6,62,19,0,1
1012312288YR5JPT2UOZL,2025-03-03 20:00:00,0.3279569892473118,6,62,20,0,1
1012312288YR5JPT2UOZL,2025-03-03 21:00:00,0.3333333333333333,6,62,21,0,1
1012312288YR5JPT2UOZL,2025-03-03 22:00:00,0.30913978494623656,6,62,22,0,1
1012312288YR5JPT2UOZL,2025-03-03 23:00:00,0.2446236559139785,6,62,23,0,1
1012312288YR5JPT2UOZL,2025-03-04 00:00:00,0.260752688172043,6,62,0,1,1
1012312288YR5JPT2UOZL,2025-03-04 01:00:00,0.239247311827957,6,62,1,1,1
1012312288YR5JPT2UOZL,2025-03-04 02:00:00,0.23118279569892475,6,62,2,1,1
1012312288YR5JPT2UOZL,2025-03-04 03:00:00,0.23118279569892475,3,62,3,1,1
1012312288YR5JPT2UOZL,2025-04-07 00:00:00,0.21774193548387097,6,62,0,0,1
1012312288YR5JPT2UOZL,2025-04-07 06:00:00,0.228494623655914,6,62,6,0,1
1012312288YR5JPT2UOZL,2025-04-07 12:00:00,0.4489247311827957,6,62,12,0,1
1012312288YR5JPT2UOZL,2025-04-07 18:00:00,0.4274193548387097,6,62,18,0,1
1012312288YR5JPT2UOZL,2025-04-08 00:00:00,0.33064516129032256,6,62,0,1,1
1012312288YR5JPT2UOZL,2025-04-08 06:00:00,0.31989247311827956,6,62,6,1,1
1012312288YR5JPT2UOZL,2025-04-08 12:00:00,0.5779569892473119,6,62,12,1,1
1012312288YR5JPT2UOZL,2025-04-08 18:00:00,0.45161290322580644,6,62,18,1,1
1012312288YR5JPT2UOZL,2025-04-09 00:00:00,0.2849462365591398,6,62,0,2,1
1012312288YR5JPT2UOZL,2025-04-09 06:00:00,0.2903225806451613,6,62,6,2,1
1012312288YR5JPT2UOZL,2025-04-09 18:00:00,0.36290322580645157,6,62,18,2,1
1012312288YR5JPT2UOZL,2025-04-10 00:00:00,0.23655913978494625,6,62,0,3,1
1012312288YR5JPT2UOZL,2025-04-10 06:00:00,0.2338709677419355,6,62,6,3,1
1012312288YR5JPT2UOZL,2025-04-10 12:00:00,0.5026881720430108,6,62,12,3,1
1012312288YR5JPT2UOZL,2025-04-10 18:00:00,0.489247311827957,6,62,18,3,1
1012312288YR5JPT2UOZL,2025-04-11 00:00:00,0.33602150537634407,6,62,0,4,1
1012312288YR5JPT2UOZL,2025-04-11 06:00:00,0.32526881720430106,6,62,6,4,1
1012312288YR5JPT2UOZL,2025-04-11 12:00:00,0.47580645161290325,6,62,12,4,1
1012312288YR5JPT2UOZL,2025-04-11 18:00:00,0.4704301075268817,6,62,18,4,1
1012312288YR5JPT2UOZL,2025-04-12 00:00:00,0.28225806451612906,6,62,0,5,0
1012312288YR5JPT2UOZL,2025-04-12 06:00:00,0.2446236559139785,6,62,6,5,0
1012312288YR5JPT2UOZL,2025-04-12 12:00:00,0.5564516129032259,6,62,12,5,0
1012312288YR5JPT2UOZL,2025-04-12 18:00:00,0.45698924731182794,6,62,18,5,0
1012312288YR5JPT2UOZL,2025-04-13 00:00:00,0.2903225806451613,6,62,0,6,0
1012312288YR5JPT2UOZL,2025-04-13 06:00:00,0.20430107526881722,6,62,6,6,0
1012312288YR5JPT2UOZL,2025-04-13 12:00:00,0.543010752688172,6,62,12,6,0
1012312288YR5JPT2UOZL,2025-04-13 18:00:00,0.5161290322580645,6,62,18,6,0
1012312288YR5NVRFEV41,2025-03-03 06:00:00,0.5,1,6,6,0,1
1012312288YR5NVRFEV41,2025-03-03 07:00:00,0.19444444444444442,6,6,7,0,1
1012312288YR5NVRFEV41,2025-03-03 08:00:00,0.3888888888888889,6,6,8,0,1
1012312288YR5NVRFEV41,2025-03-03 09:00:00,0.47222222222222215,6,6,9,0,1
1012312288YR5NVRFEV41,2025-03-03 10:00:00,0.38888888888888884,6,6,10,0,1
1012312288YR5NVRFEV41,2025-03-03 11:00:00,0.19444444444444442,6,6,11,0,1
1012312288YR5NVRFEV41,2025-03-03 12:00:00,0.3611111111111111,6,6,12,0,1
1012312288YR5NVRFEV41,2025-03-03 13:00:00,0.27777777777777773,6,6,13,0,1
1012312288YR5NVRFEV41,2025-03-03 14:00:00,0.3333333333333333,6,6,14,0,1
1012312288YR5NVRFEV41,2025-03-03 15:00:00,0.5,6,6,15,0,1
1012312288YR5NVRFEV41,2025-03-03 16:00:00,0.19444444444444442,6,6,16,0,1
1012312288YR5NVRFEV41,2025-03-03 17:00:00,0.38888888888888884,6,6,17,0,1
1012312288YR5NVRFEV41,2025-03-03 18:00:00,0.5833333333333334,6,6,18,0,1
1012312288YR5NVRFEV41,2025-03-03 19:00:00,0.5,6,6,19,0,1
1012312288YR5NVRFEV41,2025-03-03 20:00:00,0.5555555555555555,6,6,20,0,1
1012312288YR5NVRFEV41,2025-03-03 21:00:00,0.5,6,6,21,0,1
1012312288YR5NVRFEV41,2025-03-03 22:00:00,0.5,6,6,22,0,1
1012312288YR5NVRFEV41,2025-03-03 23:00:00,0.3333333333333333,6,6,23,0,1
1012312288YR5NVRFEV41,2025-03-04 00:00:00,0.3611111111111111,6,6,0,1,1
1012312288YR5NVRFEV41,2025-03-04 01:00:00,0.3333333333333333,6,6,1,1,1
1012312288YR5NVRFEV41,2025-03-04 02:00:00,0.3333333333333333,6,6,2,1,1
1012312288YR5NVRFEV41,2025-03-04 03:00:00,0.3333333333333333,3,6,3,1,1
1012312288YR5NVRFEV41,2025-04-07 00:00:00,0.6666666666666666,6,6,0,0,1
1012312288YR5NVRFEV41,2025-04-07 06:00:00,0.611111111111111,6,6,6,0,1
1012312288YR5NVRFEV41,2025-04-07 12:00:00,0.4166666666666667,6,6,12,0,1
1012312288YR5NVRFEV41,2025-04-07 18:00:00,0.4166666666666667,6,6,18,0,1
1012312288YR5NVRFEV41,2025-04-08 00:00:00,0.6666666666666666,6,6,0,1,1
1012312288YR5NVRFEV41,2025-04-08 06:00:00,0.5277777777777778,6,6,6,1,1
1012312288YR5NVRFEV41,2025-04-08 12:00:00,0.13888888888888887,6,6,12,1,1
1012312288YR5NVRFEV41,2025-04-08 18:00:00,0.5277777777777778,6,6,18,1,1
1012312288YR5NVRFEV41,2025-04-09 00:00:00,0.8333333333333334,6,6,0,2,1
1012312288YR5NVRFEV41,2025-04-09 06:00:00,0.5277777777777778,6,6,6,2,1
1012312288YR5NVRFEV41,2025-04-09 18:00:00,0.5833333333333334,6,6,18,2,1
1012312288YR5NVRFEV41,2025-04-10 00:00:00,0.5,6,6,0,3,1
1012312288YR5NVRFEV41,2025-04-10 06:00:00,0.3333333333333333,6,6,6,3,1
1012312288YR5NVRFEV41,2025-04-10 12:00:00,0.3333333333333333,6,6,12,3,1
1012312288YR5NVRFEV41,2025-04-10 18:00:00,0.6944444444444445,6,6,18,3,1
1012312288YR5NVRFEV41,2025-04-11 00:00:00,0.5,6,6,0,4,1
1012312288YR5NVRFEV41,2025-04-11 06:00:00,0.3333333333333333,6,6,6,4,1
1012312288YR5NVRFEV41,2025-04-11 12:00:00,0.3333333333333333,6,6,12,4,1
1012312288YR5NVRFEV41,2025-04-11 18:00:00,0.6666666666666666,6,6,18,4,1
1012312288YR5NVRFEV41,2025-04-12 00:00:00,0.5,6,6,0,5,0
1012312288YR5NVRFEV41,2025-04-12 06:00:00,0.6944444444444443,6,6,6,5,0
1012312288YR5NVRFEV41,2025-04-12 12:00:00,0.5666666666666667,5,6,12,5,0
1012312288YR5NVRFEV41,2025-04-12 18:00:00,0.7222222222222222,6,6,18,5,0
1012312288YR5NVRFEV41,2025-04-13 00:00:00,0.19444444444444442,6,6,0,6,0
1012312288YR5NVRFEV41,2025-04-13 06:00:00,0.3333333333333333,6,6,6,6,0
1012312288YR5NVRFEV41,2025-04-13 12:00:00,0.5833333333333334,6,6,12,6,0
1012312288YR5NVRFEV41,2025-04-13 18:00:00,0.75,6,6,18,6,0
1012312288YR5RTTNITC1,2025-03-03 06:00:00,0.2564102564102564,1,39,6,0,1
1012312288YR5RTTNITC1,2025-03-03 07:00:00,0.2735042735042735,6,39,7,0,1
1012312288YR5RTTNITC1,2025-03-03 08:00:00,0.25641025641025644,6,39,8,0,1
1012312288YR5RTTNITC1,2025-03-03 09:00:00,0.547008547008547,6,39,9,0,1
1012312288YR5RTTNITC1,2025-03-03 10:00:00,0.6282051282051282,6,39,10,0,1
1012312288YR5RTTNITC1,2025-03-03 11:00:00,0.5641025641025641,6,39,11,0,1
1012312288YR5RTTNITC1,2025-03-03 12:00:00,0.517094017094017,6,39,12,0,1
1012312288YR5RTTNITC1,2025-03-03 13:00:00,0.5213675213675214,6,39,13,0,1
1012312288YR5RTTNITC1,2025-03-03 14:00:00,0.5341880341880342,6,39,14,0,1
1012312288YR5RTTNITC1,2025-03-03 15:00:00,0.49572649572649574,6,39,15,0,1
1012312288YR5RTTNITC1,2025-03-03 16:00:00,0.5,6,39,16,0,1
1012312288YR5RTTNITC1,2025-03-03 17:00:00,0.5042735042735043,6,39,17,0,1
1012312288YR5RTTNITC1,2025-03-03 18:00:00,0.45726495726495725,6,39,18,0,1
1012312288YR5RTTNITC1,2025-03-03 19:00:00,0.3205128205128205,6,39,19,0,1
1012312288YR5RTTNITC1,2025-03-03 20:00:00,0.3547008547008547,6,39,20,0,1
1012312288YR5RTTNITC1,2025-03-03 21:00:00,0.3717948717948718,6,39,21,0,1
1012312288YR5RTTNITC1,2025-03-03 22:00:00,0.4102564102564103,6,39,22,0,1
1012312288YR5RTTNITC1,2025-03-03 23:00:00,0.4102564102564103,6,39,23,0,1
1012312288YR5RTTNITC1,2025-03-04 00:00:00,0.3461538461538461,6,39,0,1,1
1012312288YR5RTTNITC1,2025-03-04 01:00:00,0.3333333333333333,6,39,1,1,1
1012312288YR5RTTNITC1,2025-03-04 02:00:00,0.3461538461538461,6,39,2,1,1
1012312288YR5RTTNITC1,2025-03-04 03:00:00,0.35042735042735046,3,39,3,1,1
1012312288YR5RTTNITC1,2025-04-07 00:00:00,0.24358974358974358,6,39,0,0,1
1012312288YR5RTTNITC1,2025-04-07 06:00:00,0.1794871794871795,6,39,6,0,1
1012312288YR5RTTNITC1,2025-04-07 12:00:00,0.42735042735042733,6,39,12,0,1
1012312288YR5RTTNITC1,2025-04-07 18:00:00,0.4230769230769231,6,39,18,0,1
1012312288YR5RTTNITC1,2025-04-08 00:00:00,0.2905982905982906,6,39,0,1,1
1012312288YR5RTTNITC1,2025-04-08 06:00:00,0.3162393162393162,6,39,6,1,1
1012312288YR5RTTNITC1,2025-04-08 12:00:00,0.3376068376068376,6,39,12,1,1
1012312288YR5RTTNITC1,2025-04-08 18:00:00,0.5128205128205128,6,39,18,1,1
1012312288YR5RTTNITC1,2025-04-09 00:00:00,0.3076923076923077,6,39,0,2,1
1012312288YR5RTTNITC1,2025-04-09 06:00:00,0.27777777777777773,6,39,6,2,1
1012312288YR5RTTNITC1,2025-04-09 18:00:00,0.47008547008547,6,39,18,2,1
1012312288YR5RTTNITC1,2025-04-10 00:00:00,0.39316239316239315,6,39,0,3,1
1012312288YR5RTTNITC1,2025-04-10 06:00:00,0.34188034188034183,6,39,6,3,1
1012312288YR5RTTNITC1,2025-04-10 12:00:00,0.3461538461538462,6,39,12,3,1
1012312288YR5RTTNITC1,2025-04-10 18:00:00,0.6025641025641025,6,39,18,3,1
1012312288YR5RTTNITC1,2025-04-11 00:00:00,0.3846153846153846,6,39,0,4,1
1012312288YR5RTTNITC1,2025-04-11 06:00:00,0.37606837606837606,6,39,6,4,1
1012312288YR5RTTNITC1,2025-04-11 12:00:00,0.45726495726495725,6,39,12,4,1
1012312288YR5RTTNITC1,2025-04-11 18:00:00,0.5341880341880342,6,39,18,4,1
1012312288YR5RTTNITC1,2025-04-12 00:00:00,0.3162393162393162,6,39,0,5,0
1012312288YR5RTTNITC1,2025-04-12 06:00:00,0.26068376068376065,6,39,6,5,0
1012312288YR5RTTNITC1,2025-04-12 12:00:00,0.2905982905982906,6,39,12,5,0
1012312288YR5RTTNITC1,2025-04-12 18:00:00,0.36324786324786323,6,39,18,5,0
1012312288YR5RTTNITC1,2025-04-13 00:00:00,0.24786324786324787,6,39,0,6,0
1012312288YR5RTTNITC1,2025-04-13 06:00:00,0.15384615384615385,6,39,6,6,0
1012312288YR5RTTNITC1,2025-04-13 12:00:00,0.36752136752136755,6,39,12,6,0
1012312288YR5RTTNITC1,2025-04-13 18:00:00,0.3461538461538462,6,39,18,6,0
1012312288YR5UKH75K3L,2025-03-03 06:00:00,0.09900990099009901,2,101,6,0,1
1012312288YR5UKH75K3L,2025-03-03 07:00:00,0.08745874587458746,6,101,7,0,1
1012312288YR5UKH75K3L,2025-03-03 08:00:00,0.1221122112211221,6,101,8,0,1
1012312288YR5UKH75K3L,2025-03-03 09:00:00,0.2293729372937294,6,101,9,0,1
1012312288YR5UKH75K3L,2025-03-03 10:00:00,0.22112211221122113,6,101,10,0,1
1012312288YR5UKH75K3L,2025-03-03 11:00:00,0.2343234323432343,6,101,11,0,1
1012312288YR5UKH75K3L,2025-03-03 12:00:00,0.24917491749174916,6,101,12,0,1
1012312288YR5UKH75K3L,2025-03-03 13:00:00,0.21122112211221122,6,101,13,0,1
1012312288YR5UKH75K3L,2025-03-03 14:00:00,0.3069306930693069,6,101,14,0,1
1012312288YR5UKH75K3L,2025-03-03 15:00:00,0.25742574257425743,6,101,15,0,1
1012312288YR5UKH75K3L,2025-03-03 16:00:00,0.17326732673267328,6,101,16,0,1
1012312288YR5UKH75K3L,2025-03-03 17:00:00,0.2277227722772277,6,101,17,0,1
1012312288YR5UKH75K3L,2025-03-03 18:00:00,0.28217821782178215,6,101,18,0,1
1012312288YR5UKH75K3L,2025-03-03 19:00:00,0.24257425742574257,6,101,19,0,1
1012312288YR5UKH75K3L,2025-03-03 20:00:00,0.18811881188118815,6,101,20,0,1
1012312288YR5UKH75K3L,2025-03-03 21:00:00,0.21122112211221122,6,101,21,0,1
1012312288YR5UKH75K3L,2025-03-03 22:00:00,0.2194719471947195,6,101,22,0,1
1012312288YR5UKH75K3L,2025-03-03 23:00:00,0.23267326732673266,6,101,23,0,1
1012312288YR5UKH75K3L,2025-03-04 00:00:00,0.21122112211221122,6,101,0,1,1
1012312288YR5UKH75K3L,2025-03-04 01:00:00,0.20957095709570958,6,101,1,1,1
1012312288YR5UKH75K3L,2025-03-04 02:00:00,0.22772277227722773,6,101,2,1,1
1012312288YR5UKH75K3L,2025-03-04 03:00:00,0.2079207920792079,3,101,3,1,1
1012312288YR5UKH75K3L,2025-04-07 00:00:00,0.17656765676567657,6,101,0,0,1
1012312288YR5UKH75K3L,2025-04-07 06:00:00,0.1485148514851485,6,101,6,0,1
1012312288YR5UKH75K3L,2025-04-07 12:00:00,0.20627062706270627,6,101,12,0,1
1012312288YR5UKH75K3L,2025-04-07 18:00:00,0.16006600660066006,6,101,18,0,1
1012312288YR5UKH75K3L,2025-04-08 00:00:00,0.10561056105610561,6,101,0,1,1
1012312288YR5UKH75K3L,2025-04-08 06:00:00,0.09900990099009903,6,101,6,1,1
1012312288YR5UKH75K3L,2025-04-08 12:00:00,0.2755775577557756,6,101,12,1,1
1012312288YR5UKH75K3L,2025-04-08 18:00:00,0.39108910891089105,6,101,18,1,1
1012312288YR5UKH75K3L,2025-04-09 00:00:00,0.20462046204620463,6,101,0,2,1
1012312288YR5UKH75K3L,2025-04-09 06:00:00,0.15676567656765675,6,101,6,2,1
1012312288YR5UKH75K3L,2025-04-09 18:00:00,0.24257425742574257,6,101,18,2,1
1012312288YR5UKH75K3L,2025-04-10 00:00:00,0.14191419141914194,6,101,0,3,1
1012312288YR5UKH75K3L,2025-04-10 06:00:00,0.12871287128712872,6,101,6,3,1
1012312288YR5UKH75K3L,2025-04-10 12:00:00,0.21122112211221122,6,101,12,3,1
1012312288YR5UKH75K3L,2025-04-10 18:00:00,0.3646864686468647,6,101,18,3,1
1012312288YR5UKH75K3L,2025-04-11 00:00:00,0.18151815181518152,6,101,0,4,1
1012312288YR5UKH75K3L,2025-04-11 06:00:00,0.17326732673267328,6,101,6,4,1
1012312288YR5UKH75K3L,2025-04-11 12:00:00,0.2838283828382838,6,101,12,4,1
1012312288YR5UKH75K3L,2025-04-11 18:00:00,0.4059405940594059,6,101,18,4,1
1012312288YR5UKH75K3L,2025-04-12 00:00:00,0.21782178217821782,6,101,0,5,0
1012312288YR5UKH75K3L,2025-04-12 06:00:00,0.16501650165016502,6,101,6,5,0
1012312288YR5UKH75K3L,2025-04-12 12:00:00,0.2590759075907591,6,101,12,5,0
1012312288YR5UKH75K3L,2025-04-12 18:00:00,0.4752475247524752,6,101,18,5,0
1012312288YR5UKH75K3L,2025-04-13 00:00:00,0.24092409240924093,6,101,0,6,0
1012312288YR5UKH75K3L,2025-04-13 06:00:00,0.21287128712871287,6,101,6,6,0
1012312288YR5UKH75K3L,2025-04-13 12:00:00,0.1617161716171617,6,101,12,6,0
1012312288YR5UKH75K3L,2025-04-13 18:00:00,0.3316831683168317,6,101,18,6,0
1012312288YR5XYT44YKH,2025-03-03 06:00:00,0.15140845070422537,2,142,6,0,1
1012312288YR5XYT44YKH,2025-03-03 07:00:00,0.12910798122065728,6,142,7,0,1
1012312288YR5XYT44YKH,2025-03-03 08:00:00,0.0868544600938967,6,142,8,0,1
1012312288YR5XYT44YKH,2025-03-03 09:00:00,0.10563380281690142,6,142,9,0,1
1012312288YR5XYT44YKH,2025-03-03 10:00:00,0.107981220657277,6,142,10,0,1
1012312288YR5XYT44YKH,2025-03-03 11:00:00,0.15023474178403756,6,142,11,0,1
1012312288YR5XYT44YKH,2025-03-03 12:00:00,0.18896713615023475,6,142,12,0,1
1012312288YR5XYT44YKH,2025-03-03 13:00:00,0.15375586854460094,6,142,13,0,1
1012312288YR5XYT44YKH,2025-03-03 14:00:00,0.20305164319248825,6,142,14,0,1
1012312288YR5XYT44YKH,2025-03-03 15:00:00,0.20892018779342722,6,142,15,0,1
1012312288YR5XYT44YKH,2025-03-03 16:00:00,0.17957746478873238,6,142,16,0,1
1012312288YR5XYT44YKH,2025-03-03 17:00:00,0.18544600938967135,6,142,17,0,1
1012312288YR5XYT44YKH,2025-03-03 18:00:00,0.2652582159624413,6,142,18,0,1
1012312288YR5XYT44YKH,2025-03-03 19:00:00,0.22887323943661972,6,142,19,0,1
1012312288YR5XYT44YKH,2025-03-03 20:00:00,0.29577464788732394,6,142,20,0,1
1012312288YR5XYT44YKH,2025-03-03 21:00:00,0.3568075117370892,6,142,21,0,1
1012312288YR5XYT44YKH,2025-03-03 22:00:00,0.36971830985915494,6,142,22,0,1
1012312288YR5XYT44YKH,2025-03-03 23:00:00,0.37089201877934275,6,142,23,0,1
1012312288YR5XYT44YKH,2025-03-04 00:00:00,0.3192488262910798,6,142,0,1,1
1012312288YR5XYT44YKH,2025-03-04 01:00:00,0.28169014084507044,6,142,1,1,1
1012312288YR5XYT44YKH,2025-03-04 02:00:00,0.2828638497652582,6,142,2,1,1
1012312288YR5XYT44YKH,2025-03-04 03:00:00,0.25586854460093894,3,142,3,1,1
1012312288YR5XYT44YKH,2025-04-07 00:00:00,0.18779342723004697,6,142,0,0,1
1012312288YR5XYT44YKH,2025-04-07 06:00:00,0.14671361502347416,6,142,6,0,1
1012312288YR5XYT44YKH,2025-04-07 12:00:00,0.17253521126760563,6,142,12,0,1
1012312288YR5XYT44YKH,2025-04-07 18:00:00,0.29107981220657275,6,142,18,0,1
1012312288YR5XYT44YKH,2025-04-08 00:00:00,0.2183098591549296,6,142,0,1,1
1012312288YR5XYT44YKH,2025-04-08 06:00:00,0.1584507042253521,6,142,6,1,1
1012312288YR5XYT44YKH,2025-04-08 12:00:00,0.22183098591549297,6,142,12,1,1
1012312288YR5XYT44YKH,2025-04-08 18:00:00,0.1936619718309859,6,142,18,1,1
1012312288YR5XYT44YKH,2025-04-09 00:00:00,0.20657276995305163,6,142,0,2,1
1012312288YR5XYT44YKH,2025-04-09 06:00:00,0.13849765258215962,6,142,6,2,1
1012312288YR5XYT44YKH,2025-04-09 18:00:00,0.31220657276995306,6,142,18,2,1
1012312288YR5XYT44YKH,2025-04-10 00:00:00,0.2699530516431925,6,142,0,3,1
1012312288YR5XYT44YKH,2025-04-10 06:00:00,0.20422535211267603,6,142,6,3,1
1012312288YR5XYT44YKH,2025-04-10 12:00:00,0.2276995305164319,6,142,12,3,1
1012312288YR5XYT44YKH,2025-04-10 18:00:00,0.318075117370892,6,142,18,3,1
1012312288YR5XYT44YKH,2025-04-11 00:00:00,0.21244131455399062,6,142,0,4,1
1012312288YR5XYT44YKH,2025-04-11 06:00:00,0.17957746478873238,6,142,6,4,1
1012312288YR5XYT44YKH,2025-04-11 12:00:00,0.2676056338028169,6,142,12,4,1
1012312288YR5XYT44YKH,2025-04-11 18:00:00,0.3345070422535212,6,142,18,4,1
1012312288YR5XYT44YKH,2025-04-12 00:00:00,0.2934272300469484,6,142,0,5,0
1012312288YR5XYT44YKH,2025-04-12 06:00:00,0.18661971830985916,6,142,6,5,0
1012312288YR5XYT44YKH,2025-04-12 12:00:00,0.2605633802816901,6,142,12,5,0
1012312288YR5XYT44YKH,2025-04-12 18:00:00,0.3474178403755868,6,142,18,5,0
1012312288YR5XYT44YKH,2025-04-13 00:00:00,0.23708920187793425,6,142,0,6,0
1012312288YR5XYT44YKH,2025-04-13 06:00:00,0.1267605633802817,6,142,6,6,0
1012312288YR5XYT44YKH,2025-04-13 12:00:00,0.19718309859154928,6,142,12,6,0
1012312288YR5XYT44YKH,2025-04-13 18:00:00,0.25234741784037557,6,142,18,6,0
1012312288YR61OZ7SOW1,2025-03-03 06:00:00,0.42857142857142855,2,14,6,0,1
1012312288YR61OZ7SOW1,2025-03-03 07:00:00,0.42857142857142855,6,14,7,0,1
1012312288YR61OZ7SOW1,2025-03-03 08:00:00,0.15476190476190474,6,14,8,0,1
1012312288YR61OZ7SOW1,2025-03-03 09:00:00,0.19047619047619047,6,14,9,0,1
1012312288YR61OZ7SOW1,2025-03-03 10:00:00,0.23809523809523805,6,14,10,0,1
1012312288YR61OZ7SOW1,2025-03-03 11:00:00,0.3095238095238095,6,14,11,0,1
1012312288YR61OZ7SOW1,2025-03-03 12:00:00,0.3452380952380952,6,14,12,0,1
1012312288YR61OZ7SOW1,2025-03-03 13:00:00,0.22619047619047616,6,14,13,0,1
1012312288YR61OZ7SOW1,2025-03-03 14:00:00,0.38095238095238093,6,14,14,0,1
1012312288YR61OZ7SOW1,2025-03-03 15:00:00,0.39285714285714285,6,14,15,0,1
1012312288YR61OZ7SOW1,2025-03-03 16:00:00,0.3452380952380952,6,14,16,0,1
1012312288YR61OZ7SOW1,2025-03-03 17:00:00,0.5476190476190476,6,14,17,0,1
1012312288YR61OZ7SOW1,2025-03-03 18:00:00,0.7142857142857143,6,14,18,0,1
1012312288YR61OZ7SOW1,2025-03-03 19:00:00,0.4166666666666667,6,14,19,0,1
1012312288YR61OZ7SOW1,2025-03-03 20:00:00,0.35714285714285715,6,14,20,0,1
1012312288YR61OZ7SOW1,2025-03-03 21:00:00,0.36904761904761907,6,14,21,0,1
1012312288YR61OZ7SOW1,2025-03-03 22:00:00,0.44047619047619047,6,14,22,0,1
1012312288YR61OZ7SOW1,2025-03-03 23:00:00,0.6190476190476191,6,14,23,0,1
1012312288YR61OZ7SOW1,2025-03-04 00:00:00,0.6904761904761906,6,14,0,1,1
1012312288YR61OZ7SOW1,2025-03-04 01:00:00,0.7142857142857143,6,14,1,1,1
1012312288YR61OZ7SOW1,2025-03-04 02:00:00,0.7142857142857143,6,14,2,1,1
1012312288YR61OZ7SOW1,2025-03-04 03:00:00,0.7142857142857143,3,14,3,1,1
1012312288YR61OZ7SOW1,2025-04-07 00:00:00,0.23809523809523805,6,14,0,0,1
1012312288YR61OZ7SOW1,2025-04-07 06:00:00,0.20238095238095236,6,14,6,0,1
1012312288YR61OZ7SOW1,2025-04-07 12:00:00,0.6785714285714285,6,14,12,0,1
1012312288YR61OZ7SOW1,2025-04-07 18:00:00,0.4761904761904762,6,14,18,0,1
1012312288YR61OZ7SOW1,2025-04-08 00:00:00,0.6428571428571429,6,14,0,1,1
1012312288YR61OZ7SOW1,2025-04-08 06:00:00,0.5833333333333334,6,14,6,1,1
1012312288YR61OZ7SOW1,2025-04-08 12:00:00,0.5952380952380952,6,14,12,1,1
1012312288YR61OZ7SOW1,2025-04-08 18:00:00,0.3928571428571428,6,14,18,1,1
1012312288YR61OZ7SOW1,2025-04-09 00:00:00,0.48809523809523814,6,14,0,2,1
1012312288YR61OZ7SOW1,2025-04-09 06:00:00,0.5595238095238095,6,14,6,2,1
1012312288YR61OZ7SOW1,2025-04-09 18:00:00,0.4880952380952381,6,14,18,2,1
1012312288YR61OZ7SOW1,2025-04-10 00:00:00,0.6428571428571429,6,14,0,3,1
1012312288YR61OZ7SOW1,2025-04-10 06:00:00,0.6309523809523809,6,14,6,3,1
1012312288YR61OZ7SOW1,2025-04-10 12:00:00,0.4166666666666667,6,14,12,3,1
1012312288YR61OZ7SOW1,2025-04-10 18:00:00,0.7619047619047619,6,14,18,3,1
1012312288YR61OZ7SOW1,2025-04-11 00:00:00,0.6428571428571429,6,14,0,4,1
1012312288YR61OZ7SOW1,2025-04-11 06:00:00,0.5714285714285714,6,14,6,4,1
1012312288YR61OZ7SOW1,2025-04-11 12:00:00,0.5595238095238095,6,14,12,4,1
1012312288YR61OZ7SOW1,2025-04-11 18:00:00,0.8095238095238096,6,14,18,4,1
1012312288YR61OZ7SOW1,2025-04-12 00:00:00,0.35714285714285715,6,14,0,5,0
1012312288YR61OZ7SOW1,2025-04-12 06:00:00,0.3452380952380952,6,14,6,5,0
1012312288YR61OZ7SOW1,2025-04-12 12:00:00,0.6547619047619048,6,14,12,5,0
1012312288YR61OZ7SOW1,2025-04-12 18:00:00,0.6785714285714285,6,14,18,5,0
1012312288YR61OZ7SOW1,2025-04-13 00:00:00,0.5,6,14,0,6,0
1012312288YR61OZ7SOW1,2025-04-13 06:00:00,0.42857142857142855,6,14,6,6,0
1012312288YR61OZ7SOW1,2025-04-13 12:00:00,0.7023809523809524,6,14,12,6,0
1012312288YR61OZ7SOW1,2025-04-13 18:00:00,0.7857142857142857,4,14,18,6,0
1012312288YR64NIVVNK1,2025-03-03 06:00:00,0.391304347826087,1,23,6,0,1
1012312288YR64NIVVNK1,2025-03-03 07:00:00,0.39855072463768115,6,23,7,0,1
1012312288YR64NIVVNK1,2025-03-03 08:00:00,0.38405797101449274,6,23,8,0,1
1012312288YR64NIVVNK1,2025-03-03 09:00:00,0.5579710144927535,6,23,9,0,1
1012312288YR64NIVVNK1,2025-03-03 10:00:00,0.8550724637681159,6,23,10,0,1
1012312288YR64NIVVNK1,2025-03-03 11:00:00,0.7028985507246377,6,23,11,0,1
1012312288YR64NIVVNK1,2025-03-03 12:00:00,0.644927536231884,6,23,12,0,1
1012312288YR64NIVVNK1,2025-03-03 13:00:00,0.5362318840579711,6,23,13,0,1
1012312288YR64NIVVNK1,2025-03-03 14:00:00,0.6231884057971014,6,23,14,0,1
1012312288YR64NIVVNK1,2025-03-03 15:00:00,0.5217391304347826,6,23,15,0,1
1012312288YR64NIVVNK1,2025-03-03 16:00:00,0.5362318840579711,6,23,16,0,1
1012312288YR64NIVVNK1,2025-03-03 17:00:00,0.5797101449275363,6,23,17,0,1
1012312288YR64NIVVNK1,2025-03-03 18:00:00,0.6086956521739131,6,23,18,0,1
1012312288YR64NIVVNK1,2025-03-03 19:00:00,0.5942028985507246,6,23,19,0,1
1012312288YR64NIVVNK1,2025-03-03 20:00:00,0.5362318840579711,6,23,20,0,1
1012312288YR64NIVVNK1,2025-03-03 21:00:00,0.5579710144927535,6,23,21,0,1
1012312288YR64NIVVNK1,2025-03-03 22:00:00,0.5869565217391305,6,23,22,0,1
1012312288YR64NIVVNK1,2025-03-03 23:00:00,0.45652173913043476,6,23,23,0,1
1012312288YR64NIVVNK1,2025-03-04 00:00:00,0.36231884057971014,6,23,0,1,1
1012312288YR64NIVVNK1,2025-03-04 01:00:00,0.2898550724637681,6,23,1,1,1
1012312288YR64NIVVNK1,2025-03-04 02:00:00,0.24637681159420288,6,23,2,1,1
1012312288YR64NIVVNK1,2025-03-04 03:00:00,0.21739130434782608,3,23,3,1,1
1012312288YR64NIVVNK1,2025-04-07 00:00:00,0.3695652173913044,6,23,0,0,1
1012312288YR64NIVVNK1,2025-04-07 06:00:00,0.2246376811594203,6,23,6,0,1
1012312288YR64NIVVNK1,2025-04-07 12:00:00,0.3695652173913044,6,23,12,0,1
1012312288YR64NIVVNK1,2025-04-07 18:00:00,0.6666666666666666,6,23,18,0,1
1012312288YR64NIVVNK1,2025-04-08 00:00:00,0.5,6,23,0,1,1
1012312288YR64NIVVNK1,2025-04-08 06:00:00,0.3695652173913044,6,23,6,1,1
1012312288YR64NIVVNK1,2025-04-08 12:00:00,0.35507246376811596,6,23,12,1,1
1012312288YR64NIVVNK1,2025-04-08 18:00:00,0.7318840579710145,6,23,18,1,1
1012312288YR64NIVVNK1,2025-04-09 00:00:00,0.4855072463768116,6,23,0,2,1
1012312288YR64NIVVNK1,2025-04-09 06:00:00,0.3695652173913044,6,23,6,2,1
1012312288YR64NIVVNK1,2025-04-09 18:00:00,0.5652173913043478,6,23,18,2,1
1012312288YR64NIVVNK1,2025-04-10 00:00:00,0.2898550724637681,6,23,0,3,1
1012312288YR64NIVVNK1,2025-04-10 06:00:00,0.32608695652173914,6,23,6,3,1
1012312288YR64NIVVNK1,2025-04-10 12:00:00,0.5362318840579711,6,23,12,3,1
1012312288YR64NIVVNK1,2025-04-10 18:00:00,0.7101449275362319,6,23,18,3,1
1012312288YR64NIVVNK1,2025-04-11 00:00:00,0.2753623188405797,6,23,0,4,1
1012312288YR64NIVVNK1,2025-04-11 06:00:00,0.26811594202898553,6,23,6,4,1
1012312288YR64NIVVNK1,2025-04-11 12:00:00,0.6956521739130435,6,23,12,4,1
1012312288YR64NIVVNK1,2025-04-11 18:00:00,0.7826086956521738,6,23,18,4,1
1012312288YR64NIVVNK1,2025-04-12 00:00:00,0.2753623188405797,6,23,0,5,0
1012312288YR64NIVVNK1,2025-04-12 06:00:00,0.2608695652173913,6,23,6,5,0
1012312288YR64NIVVNK1,2025-04-12 12:00:00,0.681159420289855,6,23,12,5,0
1012312288YR64NIVVNK1,2025-04-12 18:00:00,0.8405797101449276,6,23,18,5,0
1012312288YR64NIVVNK1,2025-04-13 00:00:00,0.3115942028985507,6,23,0,6,0
1012312288YR64NIVVNK1,2025-04-13 06:00:00,0.34782608695652173,6,23,6,6,0
1012312288YR64NIVVNK1,2025-04-13 12:00:00,0.753623188405797,6,23,12,6,0
1012312288YR64NIVVNK1,2025-04-13 18:00:00,0.8550724637681159,6,23,18,6,0
1012312288YR68DOZJDVL,2025-03-03 06:00:00,0.3333333333333333,2,12,6,0,1
1012312288YR68DOZJDVL,2025-03-03 07:00:00,0.2638888888888889,6,12,7,0,1
1012312288YR68DOZJDVL,2025-03-03 08:00:00,0.3055555555555556,6,12,8,0,1
1012312288YR68DOZJDVL,2025-03-03 09:00:00,0.7361111111111112,6,12,9,0,1
1012312288YR68DOZJDVL,2025-03-03 10:00:00,0.75,6,12,10,0,1
1012312288YR68DOZJDVL,2025-03-03 11:00:00,0.3333333333333333,6,12,11,0,1
1012312288YR68DOZJDVL,2025-03-03 12:00:00,0.2777777777777778,6,12,12,0,1
1012312288YR68DOZJDVL,2025-03-03 13:00:00,0.3333333333333333,6,12,13,0,1
1012312288YR68DOZJDVL,2025-03-03 14:00:00,0.875,6,12,14,0,1
1012312288YR68DOZJDVL,2025-03-03 15:00:00,0.7638888888888888,6,12,15,0,1
1012312288YR68DOZJDVL,2025-03-03 16:00:00,0.4583333333333333,6,12,16,0,1
1012312288YR68DOZJDVL,2025-03-03 17:00:00,0.3194444444444445,6,12,17,0,1
1012312288YR68DOZJDVL,2025-03-03 18:00:00,0.2916666666666667,6,12,18,0,1
1012312288YR68DOZJDVL,2025-03-03 19:00:00,0.3888888888888889,6,12,19,0,1
1012312288YR68DOZJDVL,2025-03-03 20:00:00,0.4166666666666667,6,12,20,0,1
1012312288YR68DOZJDVL,2025-03-03 21:00:00,0.3333333333333333,6,12,21,0,1
1012312288YR68DOZJDVL,2025-03-03 22:00:00,0.3333333333333333,6,12,22,0,1
1012312288YR68DOZJDVL,2025-03-03 23:00:00,0.3333333333333333,6,12,23,0,1
1012312288YR68DOZJDVL,2025-03-04 00:00:00,0.3333333333333333,6,12,0,1,1
1012312288YR68DOZJDVL,2025-03-04 01:00:00,0.3333333333333333,6,12,1,1,1
1012312288YR68DOZJDVL,2025-03-04 02:00:00,0.3333333333333333,6,12,2,1,1
1012312288YR68DOZJDVL,2025-03-04 03:00:00,0.3333333333333333,3,12,3,1,1
1012312288YR68DOZJDVL,2025-04-07 00:00:00,0.2916666666666667,6,12,0,0,1
1012312288YR68DOZJDVL,2025-04-07 06:00:00,0.08333333333333333,6,12,6,0,1
1012312288YR68DOZJDVL,2025-04-07 12:00:00,0.3194444444444444,6,12,12,0,1
1012312288YR68DOZJDVL,2025-04-07 18:00:00,0.2638888888888889,6,12,18,0,1
1012312288YR68DOZJDVL,2025-04-08 00:00:00,0.2638888888888889,6,12,0,1,1
1012312288YR68DOZJDVL,2025-04-08 06:00:00,0.25,6,12,6,1,1
1012312288YR68DOZJDVL,2025-04-08 12:00:00,0.2638888888888889,6,12,12,1,1
1012312288YR68DOZJDVL,2025-04-08 18:00:00,0.3194444444444445,6,12,18,1,1
1012312288YR68DOZJDVL,2025-04-09 00:00:00,0.34722222222222215,6,12,0,2,1
1012312288YR68DOZJDVL,2025-04-09 06:00:00,0.25,6,12,6,2,1
1012312288YR68DOZJDVL,2025-04-09 18:00:00,0.3055555555555555,6,12,18,2,1
1012312288YR68DOZJDVL,2025-04-10 00:00:00,0.16666666666666666,6,12,0,3,1
1012312288YR68DOZJDVL,2025-04-10 06:00:00,0.08333333333333333,6,12,6,3,1
1012312288YR68DOZJDVL,2025-04-10 12:00:00,0.5694444444444444,6,12,12,3,1
1012312288YR68DOZJDVL,2025-04-10 18:00:00,0.38888888888888884,6,12,18,3,1
1012312288YR68DOZJDVL,2025-04-11 00:00:00,0.09722222222222221,6,12,0,4,1
1012312288YR68DOZJDVL,2025-04-11 06:00:00,0.08333333333333333,6,12,6,4,1
1012312288YR68DOZJDVL,2025-04-11 12:00:00,0.6805555555555555,6,12,12,4,1
1012312288YR68DOZJDVL,2025-04-11 18:00:00,0.65,5,12,18,4,1
1012312288YR68DOZJDVL,2025-04-12 00:00:00,0.125,6,12,0,5,0
1012312288YR68DOZJDVL,2025-04-12 06:00:00,0.08333333333333333,6,12,6,5,0
1012312288YR68DOZJDVL,2025-04-12 12:00:00,0.2638888888888889,6,12,12,5,0
1012312288YR68DOZJDVL,2025-04-12 18:00:00,0.513888888888889,6,12,18,5,0
1012312288YR68DOZJDVL,2025-04-13 00:00:00,0.3055555555555555,6,12,0,6,0
1012312288YR68DOZJDVL,2025-04-13 06:00:00,0.25,6,12,6,6,0
1012312288YR68DOZJDVL,2025-04-13 12:00:00,0.513888888888889,6,12,12,6,0
1012312288YR68DOZJDVL,2025-04-13 18:00:00,0.5555555555555556,6,12,18,6,0
1012312288YR6C3V37475,2025-03-03 06:00:00,0.25,2,8,6,0,1
1012312288YR6C3V37475,2025-03-03 07:00:00,0.22916666666666666,6,8,7,0,1
1012312288YR6C3V37475,2025-03-03 08:00:00,0.22916666666666666,6,8,8,0,1
1012312288YR6C3V37475,2025-03-03 09:00:00,0.3958333333333333,6,8,9,0,1
1012312288YR6C3V37475,2025-03-03 10:00:00,0.7291666666666666,6,8,10,0,1
1012312288YR6C3V37475,2025-03-03 11:00:00,0.75,6,8,11,0,1
1012312288YR6C3V37475,2025-03-03 12:00:00,0.8125,4,8,12,0,1
1012312288YR6C3V37475,2025-03-03 13:00:00,0.8333333333333334,3,8,13,0,1
1012312288YR6C3V37475,2025-03-03 14:00:00,0.8541666666666666,6,8,14,0,1
1012312288YR6C3V37475,2025-03-03 15:00:00,0.75,5,8,15,0,1
1012312288YR6C3V37475,2025-03-03 16:00:00,0.8333333333333334,3,8,16,0,1
1012312288YR6C3V37475,2025-03-03 17:00:00,0.8125,4,8,17,0,1
1012312288YR6C3V37475,2025-03-03 18:00:00,0.7916666666666666,6,8,18,0,1
1012312288YR6C3V37475,2025-03-03 19:00:00,0.75,5,8,19,0,1
1012312288YR6C3V37475,2025-03-03 20:00:00,0.4583333333333333,6,8,20,0,1
1012312288YR6C3V37475,2025-03-03 21:00:00,0.5208333333333334,6,8,21,0,1
1012312288YR6C3V37475,2025-03-03 22:00:00,0.3125,6,8,22,0,1
1012312288YR6C3V37475,2025-03-03 23:00:00,0.25,6,8,23,0,1
1012312288YR6C3V37475,2025-03-04 00:00:00,0.25,6,8,0,1,1
1012312288YR6C3V37475,2025-03-04 01:00:00,0.20833333333333334,6,8,1,1,1
1012312288YR6C3V37475,2025-03-04 02:00:00,0.25,6,8,2,1,1
1012312288YR6C3V37475,2025-03-04 03:00:00,0.25,3,8,3,1,1
1012312288YR6C3V37475,2025-04-07 00:00:00,0.3541666666666667,6,8,0,0,1
1012312288YR6C3V37475,2025-04-07 06:00:00,0.125,6,8,6,0,1
1012312288YR6C3V37475,2025-04-07 12:00:00,0.675,5,8,12,0,1
1012312288YR6C3V37475,2025-04-07 18:00:00,0.75,3,8,18,0,1
1012312288YR6C3V37475,2025-04-08 00:00:00,0.0,6,8,0,1,1
1012312288YR6C3V37475,2025-04-08 06:00:00,0.0,6,8,6,1,1
1012312288YR6C3V37475,2025-04-08 12:00:00,0.875,1,8,12,1,1
1012312288YR6C3V37475,2025-04-08 18:00:00,0.78125,4,8,18,1,1
1012312288YR6C3V37475,2025-04-09 00:00:00,0.25,6,8,0,2,1
1012312288YR6C3V37475,2025-04-09 06:00:00,0.14583333333333334,6,8,6,2,1
1012312288YR6C3V37475,2025-04-09 18:00:00,0.825,5,8,18,2,1
1012312288YR6C3V37475,2025-04-10 00:00:00,0.7708333333333334,6,8,0,3,1
1012312288YR6C3V37475,2025-04-10 06:00:00,0.5208333333333334,6,8,6,3,1
1012312288YR6C3V37475,2025-04-10 12:00:00,0.7916666666666666,3,8,12,3,1
1012312288YR6C3V37475,2025-04-10 18:00:00,0.8333333333333334,6,8,18,3,1
1012312288YR6C3V37475,2025-04-11 00:00:00,0.25,6,8,0,4,1
1012312288YR6C3V37475,2025-04-11 06:00:00,0.375,6,8,6,4,1
1012312288YR6C3V37475,2025-04-11 12:00:00,0.75,1,8,12,4,1
1012312288YR6C3V37475,2025-04-11 18:00:00,0.625,1,8,18,4,1
1012312288YR6C3V37475,2025-04-12 00:00:00,0.14583333333333334,6,8,0,5,0
1012312288YR6C3V37475,2025-04-12 06:00:00,0.16666666666666666,6,8,6,5,0
1012312288YR6C3V37475,2025-04-12 12:00:00,0.8125,4,8,12,5,0
1012312288YR6C3V37475,2025-04-12 18:00:00,0.8125,2,8,18,5,0
1012312288YR6C3V37475,2025-04-13 00:00:00,0.5,6,8,0,6,0
1012312288YR6C3V37475,2025-04-13 06:00:00,0.375,6,8,6,6,0
1012312288YR6C3V37475,2025-04-13 12:00:00,0.825,5,8,12,6,0
1012312288YR6C3V37475,2025-04-13 18:00:00,0.75,6,8,18,6,0
1012312288YR6EYGP1YWX,2025-03-03 06:00:00,0.3,2,20,6,0,1
1012312288YR6EYGP1YWX,2025-03-03 07:00:00,0.27499999999999997,6,20,7,0,1
1012312288YR6EYGP1YWX,2025-03-03 08:00:00,0.25,6,20,8,0,1
1012312288YR6EYGP1YWX,2025-03-03 09:00:00,0.5333333333333333,6,20,9,0,1
1012312288YR6EYGP1YWX,2025-03-03 10:00:00,0.7000000000000001,6,20,10,0,1
1012312288YR6EYGP1YWX,2025-03-03 11:00:00,0.6749999999999999,6,20,11,0,1
1012312288YR6EYGP1YWX,2025-03-03 12:00:00,0.8250000000000001,6,20,12,0,1
1012312288YR6EYGP1YWX,2025-03-03 13:00:00,0.7416666666666667,6,20,13,0,1
1012312288YR6EYGP1YWX,2025-03-03 14:00:00,0.7666666666666666,6,20,14,0,1
1012312288YR6EYGP1YWX,2025-03-03 15:00:00,0.7666666666666666,6,20,15,0,1
1012312288YR6EYGP1YWX,2025-03-03 16:00:00,0.7916666666666666,6,20,16,0,1
1012312288YR6EYGP1YWX,2025-03-03 17:00:00,0.85,6,20,17,0,1
1012312288YR6EYGP1YWX,2025-03-03 18:00:00,0.8416666666666667,6,20,18,0,1
1012312288YR6EYGP1YWX,2025-03-03 19:00:00,0.7999999999999999,6,20,19,0,1
1012312288YR6EYGP1YWX,2025-03-03 20:00:00,0.8000000000000002,6,20,20,0,1
1012312288YR6EYGP1YWX,2025-03-03 21:00:00,0.8166666666666668,6,20,21,0,1
1012312288YR6EYGP1YWX,2025-03-03 22:00:00,0.7666666666666666,6,20,22,0,1
1012312288YR6EYGP1YWX,2025-03-03 23:00:00,0.725,6,20,23,0,1
1012312288YR6EYGP1YWX,2025-03-04 00:00:00,0.65,6,20,0,1,1
1012312288YR6EYGP1YWX,2025-03-04 01:00:00,0.45,6,20,1,1,1
1012312288YR6EYGP1YWX,2025-03-04 02:00:00,0.4083333333333334,6,20,2,1,1
1012312288YR6EYGP1YWX,2025-03-04 03:00:00,0.5,3,20,3,1,1
1012312288YR6EYGP1YWX,2025-04-07 00:00:00,0.5916666666666667,6,20,0,0,1
1012312288YR6EYGP1YWX,2025-04-07 06:00:00,0.45,6,20,6,0,1
1012312288YR6EYGP1YWX,2025-04-07 12:00:00,0.7999999999999999,6,20,12,0,1
1012312288YR6EYGP1YWX,2025-04-07 18:00:00,0.8083333333333332,6,20,18,0,1
1012312288YR6EYGP1YWX,2025-04-08 00:00:00,0.65,6,20,0,1,1
1012312288YR6EYGP1YWX,2025-04-08 06:00:00,0.47500000000000003,6,20,6,1,1
1012312288YR6EYGP1YWX,2025-04-08 12:00:00,0.43333333333333335,6,20,12,1,1
1012312288YR6EYGP1YWX,2025-04-08 18:00:00,0.7416666666666667,6,20,18,1,1
1012312288YR6EYGP1YWX,2025-04-09 00:00:00,0.5833333333333334,6,20,0,2,1
1012312288YR6EYGP1YWX,2025-04-09 06:00:00,0.39999999999999997,6,20,6,2,1
1012312288YR6EYGP1YWX,2025-04-09 18:00:00,0.7999999999999999,6,20,18,2,1
1012312288YR6EYGP1YWX,2025-04-10 00:00:00,0.325,6,20,0,3,1
1012312288YR6EYGP1YWX,2025-04-10 06:00:00,0.4416666666666667,6,20,6,3,1
1012312288YR6EYGP1YWX,2025-04-10 12:00:00,0.7666666666666666,6,20,12,3,1
1012312288YR6EYGP1YWX,2025-04-10 18:00:00,0.8416666666666667,6,20,18,3,1
1012312288YR6EYGP1YWX,2025-04-11 00:00:00,0.7583333333333333,6,20,0,4,1
1012312288YR6EYGP1YWX,2025-04-11 06:00:00,0.3083333333333333,6,20,6,4,1
1012312288YR6EYGP1YWX,2025-04-11 12:00:00,0.5583333333333333,6,20,12,4,1
1012312288YR6EYGP1YWX,2025-04-11 18:00:00,0.875,6,20,18,4,1
1012312288YR6EYGP1YWX,2025-04-12 00:00:00,0.35833333333333334,6,20,0,5,0
1012312288YR6EYGP1YWX,2025-04-12 06:00:00,0.24166666666666667,6,20,6,5,0
1012312288YR6EYGP1YWX,2025-04-12 12:00:00,0.8083333333333332,6,20,12,5,0
1012312288YR6EYGP1YWX,2025-04-12 18:00:00,0.8583333333333334,6,20,18,5,0
1012312288YR6EYGP1YWX,2025-04-13 00:00:00,0.6583333333333333,6,20,0,6,0
1012312288YR6EYGP1YWX,2025-04-13 06:00:00,0.3833333333333333,6,20,6,6,0
1012312288YR6EYGP1YWX,2025-04-13 12:00:00,0.6916666666666668,6,20,12,6,0
1012312288YR6EYGP1YWX,2025-04-13 18:00:00,0.775,6,20,18,6,0
1012312288YR6IWIX5X4X,2025-03-03 06:00:00,0.3333333333333333,2,18,6,0,1
1012312288YR6IWIX5X4X,2025-03-03 07:00:00,0.3055555555555555,6,18,7,0,1
1012312288YR6IWIX5X4X,2025-03-03 08:00:00,0.17592592592592593,6,18,8,0,1
1012312288YR6IWIX5X4X,2025-03-03 09:00:00,0.3148148148148148,6,18,9,0,1
1012312288YR6IWIX5X4X,2025-03-03 10:00:00,0.47222222222222215,6,18,10,0,1
1012312288YR6IWIX5X4X,2025-03-03 11:00:00,0.6203703703703703,6,18,11,0,1
1012312288YR6IWIX5X4X,2025-03-03 12:00:00,0.46296296296296297,6,18,12,0,1
1012312288YR6IWIX5X4X,2025-03-03 13:00:00,0.6481481481481481,6,18,13,0,1
1012312288YR6IWIX5X4X,2025-03-03 14:00:00,0.6574074074074074,6,18,14,0,1
1012312288YR6IWIX5X4X,2025-03-03 15:00:00,0.7685185185185185,6,18,15,0,1
1012312288YR6IWIX5X4X,2025-03-03 16:00:00,0.6111111111111112,6,18,16,0,1
1012312288YR6IWIX5X4X,2025-03-03 17:00:00,0.611111111111111,6,18,17,0,1
1012312288YR6IWIX5X4X,2025-03-03 18:00:00,0.6944444444444443,6,18,18,0,1
1012312288YR6IWIX5X4X,2025-03-03 19:00:00,0.5833333333333334,6,18,19,0,1
1012312288YR6IWIX5X4X,2025-03-03 20:00:00,0.4444444444444445,6,18,20,0,1
1012312288YR6IWIX5X4X,2025-03-03 21:00:00,0.2962962962962963,6,18,21,0,1
1012312288YR6IWIX5X4X,2025-03-03 22:00:00,0.21296296296296294,6,18,22,0,1
1012312288YR6IWIX5X4X,2025-03-03 23:00:00,0.16666666666666666,6,18,23,0,1
1012312288YR6IWIX5X4X,2025-03-04 00:00:00,0.16666666666666666,6,18,0,1,1
1012312288YR6IWIX5X4X,2025-03-04 01:00:00,0.16666666666666666,6,18,1,1,1
1012312288YR6IWIX5X4X,2025-03-04 02:00:00,0.2037037037037037,6,18,2,1,1
1012312288YR6IWIX5X4X,2025-03-04 03:00:00,0.2222222222222222,3,18,3,1,1
1012312288YR6IWIX5X4X,2025-04-07 00:00:00,0.2777777777777778,6,18,0,0,1
1012312288YR6IWIX5X4X,2025-04-07 06:00:00,0.3333333333333333,6,18,6,0,1
1012312288YR6IWIX5X4X,2025-04-07 12:00:00,0.7777777777777778,6,18,12,0,1
1012312288YR6IWIX5X4X,2025-04-07 18:00:00,0.6203703703703703,6,18,18,0,1
1012312288YR6IWIX5X4X,2025-04-08 00:00:00,0.2777777777777778,6,18,0,1,1
1012312288YR6IWIX5X4X,2025-04-08 06:00:00,0.2222222222222222,6,18,6,1,1
1012312288YR6IWIX5X4X,2025-04-08 12:00:00,0.5,6,18,12,1,1
1012312288YR6IWIX5X4X,2025-04-08 18:00:00,0.8518518518518517,6,18,18,1,1
1012312288YR6IWIX5X4X,2025-04-09 00:00:00,0.2777777777777778,6,18,0,2,1
1012312288YR6IWIX5X4X,2025-04-09 06:00:00,0.3333333333333333,6,18,6,2,1
1012312288YR6IWIX5X4X,2025-04-09 18:00:00,0.3888888888888889,6,18,18,2,1
1012312288YR6IWIX5X4X,2025-04-10 00:00:00,0.3333333333333333,6,18,0,3,1
1012312288YR6IWIX5X4X,2025-04-10 06:00:00,0.3333333333333333,6,18,6,3,1
1012312288YR6IWIX5X4X,2025-04-10 12:00:00,0.7592592592592592,6,18,12,3,1
1012312288YR6IWIX5X4X,2025-04-10 18:00:00,0.8240740740740741,6,18,18,3,1
1012312288YR6IWIX5X4X,2025-04-11 00:00:00,0.6944444444444443,6,18,0,4,1
1012312288YR6IWIX5X4X,2025-04-11 06:00:00,0.6666666666666666,6,18,6,4,1
1012312288YR6IWIX5X4X,2025-04-11 12:00:00,0.75,6,18,12,4,1
1012312288YR6IWIX5X4X,2025-04-11 18:00:00,0.7129629629629629,6,18,18,4,1
1012312288YR6IWIX5X4X,2025-04-12 00:00:00,0.3888888888888889,6,18,0,5,0
1012312288YR6IWIX5X4X,2025-04-12 06:00:00,0.3796296296296296,6,18,6,5,0
1012312288YR6IWIX5X4X,2025-04-12 12:00:00,0.5833333333333334,6,18,12,5,0
1012312288YR6IWIX5X4X,2025-04-12 18:00:00,0.8333333333333334,6,18,18,5,0
1012312288YR6IWIX5X4X,2025-04-13 00:00:00,0.40740740740740744,6,18,0,6,0
1012312288YR6IWIX5X4X,2025-04-13 06:00:00,0.3796296296296296,6,18,6,6,0
1012312288YR6IWIX5X4X,2025-04-13 12:00:00,0.8518518518518517,3,18,12,6,0
1012312288YR6IWIX5X4X,2025-04-13 18:00:00,0.8518518518518517,6,18,18,6,0
1012312288YR6SFUARGU9,2025-03-03 06:00:00,0.25,2,12,6,0,1
1012312288YR6SFUARGU9,2025-03-03 07:00:00,0.2638888888888889,6,12,7,0,1
1012312288YR6SFUARGU9,2025-03-03 08:00:00,0.5416666666666666,6,12,8,0,1
1012312288YR6SFUARGU9,2025-03-03 09:00:00,0.8833333333333332,5,12,9,0,1
1012312288YR6SFUARGU9,2025-03-03 10:00:00,0.8666666666666666,5,12,10,0,1
1012312288YR6SFUARGU9,2025-03-03 11:00:00,0.8833333333333334,5,12,11,0,1
1012312288YR6SFUARGU9,2025-03-03 12:00:00,0.875,2,12,12,0,1
1012312288YR6SFUARGU9,2025-03-03 13:00:00,0.9166666666666666,2,12,13,0,1
1012312288YR6SFUARGU9,2025-03-03 14:00:00,0.9166666666666666,1,12,14,0,1
1012312288YR6SFUARGU9,2025-03-03 15:00:00,0.861111111111111,3,12,15,0,1
1012312288YR6SFUARGU9,2025-03-03 16:00:00,0.8472222222222223,6,12,16,0,1
1012312288YR6SFUARGU9,2025-03-03 17:00:00,0.75,6,12,17,0,1
1012312288YR6SFUARGU9,2025-03-03 18:00:00,0.7361111111111112,6,12,18,0,1
1012312288YR6SFUARGU9,2025-03-03 19:00:00,0.6666666666666666,6,12,19,0,1
1012312288YR6SFUARGU9,2025-03-03 20:00:00,0.75,6,12,20,0,1
1012312288YR6SFUARGU9,2025-03-03 21:00:00,0.7083333333333334,6,12,21,0,1
1012312288YR6SFUARGU9,2025-03-03 22:00:00,0.5833333333333334,6,12,22,0,1
1012312288YR6SFUARGU9,2025-03-03 23:00:00,0.5277777777777778,6,12,23,0,1
1012312288YR6SFUARGU9,2025-03-04 00:00:00,0.5,6,12,0,1,1
1012312288YR6SFUARGU9,2025-03-04 01:00:00,0.5,6,12,1,1,1
1012312288YR6SFUARGU9,2025-03-04 02:00:00,0.5,6,12,2,1,1
1012312288YR6SFUARGU9,2025-03-04 03:00:00,0.5,3,12,3,1,1
1012312288YR6SFUARGU9,2025-04-07 00:00:00,0.23611111111111108,6,12,0,0,1
1012312288YR6SFUARGU9,2025-04-07 06:00:00,0.16666666666666666,6,12,6,0,1
1012312288YR6SFUARGU9,2025-04-07 12:00:00,0.8333333333333334,6,12,12,0,1
1012312288YR6SFUARGU9,2025-04-07 18:00:00,0.4583333333333333,6,12,18,0,1
1012312288YR6SFUARGU9,2025-04-08 00:00:00,0.3333333333333333,6,12,0,1,1
1012312288YR6SFUARGU9,2025-04-08 06:00:00,0.25,6,12,6,1,1
1012312288YR6SFUARGU9,2025-04-08 12:00:00,0.875,6,12,12,1,1
1012312288YR6SFUARGU9,2025-04-08 18:00:00,0.875,6,12,18,1,1
1012312288YR6SFUARGU9,2025-04-09 00:00:00,0.2638888888888889,6,12,0,2,1
1012312288YR6SFUARGU9,2025-04-09 06:00:00,0.16666666666666666,6,12,6,2,1
1012312288YR6SFUARGU9,2025-04-09 18:00:00,0.38888888888888884,6,12,18,2,1
1012312288YR6SFUARGU9,2025-04-10 00:00:00,0.4166666666666667,6,12,0,3,1
1012312288YR6SFUARGU9,2025-04-10 06:00:00,0.16666666666666666,6,12,6,3,1
1012312288YR6SFUARGU9,2025-04-10 12:00:00,0.75,6,12,12,3,1
1012312288YR6SFUARGU9,2025-04-10 18:00:00,0.8472222222222223,6,12,18,3,1
1012312288YR6SFUARGU9,2025-04-11 00:00:00,0.5,6,12,0,4,1
1012312288YR6SFUARGU9,2025-04-11 06:00:00,0.3333333333333333,6,12,6,4,1
1012312288YR6SFUARGU9,2025-04-11 12:00:00,0.8333333333333334,6,12,12,4,1
1012312288YR6SFUARGU9,2025-04-11 18:00:00,0.7916666666666666,6,12,18,4,1
1012312288YR6SFUARGU9,2025-04-12 00:00:00,0.6111111111111112,6,12,0,5,0
1012312288YR6SFUARGU9,2025-04-12 06:00:00,0.4166666666666667,6,12,6,5,0
1012312288YR6SFUARGU9,2025-04-12 12:00:00,0.9166666666666666,1,12,12,5,0
1012312288YR6SFUARGU9,2025-04-12 18:00:00,0.5277777777777778,6,12,18,5,0
1012312288YR6SFUARGU9,2025-04-13 00:00:00,0.2638888888888889,6,12,0,6,0
1012312288YR6SFUARGU9,2025-04-13 06:00:00,0.08333333333333333,6,12,6,6,0
1012312288YR6SFUARGU9,2025-04-13 12:00:00,0.7083333333333334,6,12,12,6,0
1012312288YR6SFUARGU9,2025-04-13 18:00:00,0.3333333333333333,6,12,18,6,0
1012312288YR751NEO35T,2025-03-03 06:00:00,0.23684210526315788,1,38,6,0,1
1012312288YR751NEO35T,2025-03-03 07:00:00,0.3157894736842105,6,38,7,0,1
1012312288YR751NEO35T,2025-03-03 08:00:00,0.31140350877192985,6,38,8,0,1
1012312288YR751NEO35T,2025-03-03 09:00:00,0.48245614035087714,6,38,9,0,1
1012312288YR751NEO35T,2025-03-03 10:00:00,0.6798245614035089,6,38,10,0,1
1012312288YR751NEO35T,2025-03-03 11:00:00,0.6403508771929824,6,38,11,0,1
1012312288YR751NEO35T,2025-03-03 12:00:00,0.736842105263158,6,38,12,0,1
1012312288YR751NEO35T,2025-03-03 13:00:00,0.8552631578947368,6,38,13,0,1
1012312288YR751NEO35T,2025-03-03 14:00:00,0.7543859649122807,6,38,14,0,1
1012312288YR751NEO35T,2025-03-03 15:00:00,0.662280701754386,6,38,15,0,1
1012312288YR751NEO35T,2025-03-03 16:00:00,0.7017543859649122,6,38,16,0,1
1012312288YR751NEO35T,2025-03-03 17:00:00,0.6754385964912281,6,38,17,0,1
1012312288YR751NEO35T,2025-03-03 18:00:00,0.706140350877193,6,38,18,0,1
1012312288YR751NEO35T,2025-03-03 19:00:00,0.7105263157894738,6,38,19,0,1
1012312288YR751NEO35T,2025-03-03 20:00:00,0.6578947368421053,6,38,20,0,1
1012312288YR751NEO35T,2025-03-03 21:00:00,0.6140350877192983,6,38,21,0,1
1012312288YR751NEO35T,2025-03-03 22:00:00,0.5043859649122807,6,38,22,0,1
1012312288YR751NEO35T,2025-03-03 23:00:00,0.4254385964912281,6,38,23,0,1
1012312288YR751NEO35T,2025-03-04 00:00:00,0.39035087719298245,6,38,0,1,1
1012312288YR751NEO35T,2025-03-04 01:00:00,0.3289473684210526,6,38,1,1,1
1012312288YR751NEO35T,2025-03-04 02:00:00,0.2236842105263158,6,38,2,1,1
1012312288YR751NEO35T,2025-03-04 03:00:00,0.21052631578947367,3,38,3,1,1
1012312288YR751NEO35T,2025-04-07 00:00:00,0.5043859649122807,6,38,0,0,1
1012312288YR751NEO35T,2025-04-07 06:00:00,0.35964912280701755,6,38,6,0,1
1012312288YR751NEO35T,2025-04-07 12:00:00,0.7324561403508772,6,38,12,0,1
1012312288YR751NEO35T,2025-04-07 18:00:00,0.7719298245614036,6,38,18,0,1
1012312288YR751NEO35T,2025-04-08 00:00:00,0.4298245614035088,6,38,0,1,1
1012312288YR751NEO35T,2025-04-08 06:00:00,0.3640350877192982,6,38,6,1,1
1012312288YR751NEO35T,2025-04-08 12:00:00,0.8859649122807017,6,38,12,1,1
1012312288YR751NEO35T,2025-04-08 18:00:00,0.7763157894736842,6,38,18,1,1
1012312288YR751NEO35T,2025-04-09 00:00:00,0.3947368421052631,6,38,0,2,1
1012312288YR751NEO35T,2025-04-09 06:00:00,0.3508771929824561,6,38,6,2,1
1012312288YR751NEO35T,2025-04-09 18:00:00,0.793859649122807,6,38,18,2,1
1012312288YR751NEO35T,2025-04-10 00:00:00,0.3245614035087719,6,38,0,3,1
1012312288YR751NEO35T,2025-04-10 06:00:00,0.2807017543859649,6,38,6,3,1
1012312288YR751NEO35T,2025-04-10 12:00:00,0.7719298245614036,6,38,12,3,1
1012312288YR751NEO35T,2025-04-10 18:00:00,0.8289473684210527,6,38,18,3,1
1012312288YR751NEO35T,2025-04-11 00:00:00,0.30701754385964913,6,38,0,4,1
1012312288YR751NEO35T,2025-04-11 06:00:00,0.31140350877192985,6,38,6,4,1
1012312288YR751NEO35T,2025-04-11 12:00:00,0.7017543859649122,6,38,12,4,1
1012312288YR751NEO35T,2025-04-11 18:00:00,0.837719298245614,6,38,18,4,1
1012312288YR751NEO35T,2025-04-12 00:00:00,0.37719298245614036,6,38,0,5,0
1012312288YR751NEO35T,2025-04-12 06:00:00,0.2587719298245614,6,38,6,5,0
1012312288YR751NEO35T,2025-04-12 12:00:00,0.8552631578947368,6,38,12,5,0
1012312288YR751NEO35T,2025-04-12 18:00:00,0.8114035087719298,6,38,18,5,0
1012312288YR751NEO35T,2025-04-13 00:00:00,0.2149122807017544,6,38,0,6,0
1012312288YR751NEO35T,2025-04-13 06:00:00,0.23684210526315788,6,38,6,6,0
1012312288YR751NEO35T,2025-04-13 12:00:00,0.8596491228070176,6,38,12,6,0
1012312288YR751NEO35T,2025-04-13 18:00:00,0.8464912280701755,6,38,18,6,0
1012312288YR79Z86T0XT,2025-03-03 06:00:00,0.0625,1,32,6,0,1
1012312288YR79Z86T0XT,2025-03-03 07:00:00,0.16666666666666666,6,32,7,0,1
1012312288YR79Z86T0XT,2025-03-03 08:00:00,0.5520833333333334,6,32,8,0,1
1012312288YR79Z86T0XT,2025-03-03 09:00:00,0.8802083333333334,6,32,9,0,1
1012312288YR79Z86T0XT,2025-03-03 10:00:00,0.8854166666666666,6,32,10,0,1
1012312288YR79Z86T0XT,2025-03-03 11:00:00,0.828125,6,32,11,0,1
1012312288YR79Z86T0XT,2025-03-03 12:00:00,0.7708333333333334,6,32,12,0,1
1012312288YR79Z86T0XT,2025-03-03 13:00:00,0.625,6,32,13,0,1
1012312288YR79Z86T0XT,2025-03-03 14:00:00,0.8489583333333334,6,32,14,0,1
1012312288YR79Z86T0XT,2025-03-03 15:00:00,0.7760416666666666,6,32,15,0,1
1012312288YR79Z86T0XT,2025-03-03 16:00:00,0.8072916666666666,6,32,16,0,1
1012312288YR79Z86T0XT,2025-03-03 17:00:00,0.4947916666666667,6,32,17,0,1
1012312288YR79Z86T0XT,2025-03-03 18:00:00,0.296875,6,32,18,0,1
1012312288YR79Z86T0XT,2025-03-03 19:00:00,0.3177083333333333,6,32,19,0,1
1012312288YR79Z86T0XT,2025-03-03 20:00:00,0.3125,6,32,20,0,1
1012312288YR79Z86T0XT,2025-03-03 21:00:00,0.3125,6,32,21,0,1
1012312288YR79Z86T0XT,2025-03-03 22:00:00,0.3125,6,32,22,0,1
1012312288YR79Z86T0XT,2025-03-03 23:00:00,0.3125,6,32,23,0,1
1012312288YR79Z86T0XT,2025-03-04 00:00:00,0.3125,6,32,0,1,1
1012312288YR79Z86T0XT,2025-03-04 01:00:00,0.3125,6,32,1,1,1
1012312288YR79Z86T0XT,2025-03-04 02:00:00,0.3125,6,32,2,1,1
1012312288YR79Z86T0XT,2025-03-04 03:00:00,0.3125,3,32,3,1,1
1012312288YR79Z86T0XT,2025-04-07 00:00:00,0.21875,6,32,0,0,1
1012312288YR79Z86T0XT,2025-04-07 06:00:00,0.21354166666666666,6,32,6,0,1
1012312288YR79Z86T0XT,2025-04-07 12:00:00,0.7604166666666666,6,32,12,0,1
1012312288YR79Z86T0XT,2025-04-07 18:00:00,0.5833333333333334,6,32,18,0,1
1012312288YR79Z86T0XT,2025-04-08 00:00:00,0.25,6,32,0,1,1
1012312288YR79Z86T0XT,2025-04-08 06:00:00,0.109375,6,32,6,1,1
1012312288YR79Z86T0XT,2025-04-08 12:00:00,0.8541666666666666,6,32,12,1,1
1012312288YR79Z86T0XT,2025-04-08 18:00:00,0.4739583333333333,6,32,18,1,1
1012312288YR79Z86T0XT,2025-04-09 00:00:00,0.2916666666666667,6,32,0,2,1
1012312288YR79Z86T0XT,2025-04-09 06:00:00,0.14583333333333334,6,32,6,2,1
1012312288YR79Z86T0XT,2025-04-09 18:00:00,0.5885416666666666,6,32,18,2,1
1012312288YR79Z86T0XT,2025-04-10 00:00:00,0.3020833333333333,6,32,0,3,1
1012312288YR79Z86T0XT,2025-04-10 06:00:00,0.22395833333333334,6,32,6,3,1
1012312288YR79Z86T0XT,2025-04-10 12:00:00,0.8125,6,32,12,3,1
1012312288YR79Z86T0XT,2025-04-10 18:00:00,0.5260416666666666,6,32,18,3,1
1012312288YR79Z86T0XT,2025-04-11 00:00:00,0.3125,6,32,0,4,1
1012312288YR79Z86T0XT,2025-04-11 06:00:00,0.22395833333333334,6,32,6,4,1
1012312288YR79Z86T0XT,2025-04-11 12:00:00,0.78125,6,32,12,4,1
1012312288YR79Z86T0XT,2025-04-11 18:00:00,0.484375,6,32,18,4,1
1012312288YR79Z86T0XT,2025-04-12 00:00:00,0.3541666666666667,6,32,0,5,0
1012312288YR79Z86T0XT,2025-04-12 06:00:00,0.24479166666666666,6,32,6,5,0
1012312288YR79Z86T0XT,2025-04-12 12:00:00,0.46875,6,32,12,5,0
1012312288YR79Z86T0XT,2025-04-12 18:00:00,0.359375,6,32,18,5,0
1012312288YR79Z86T0XT,2025-04-13 00:00:00,0.40625,6,32,0,6,0
1012312288YR79Z86T0XT,2025-04-13 06:00:00,0.21875,6,32,6,6,0
1012312288YR79Z86T0XT,2025-04-13 12:00:00,0.484375,6,32,12,6,0
1012312288YR79Z86T0XT,2025-04-13 18:00:00,0.19791666666666666,6,32,18,6,0
1012312288YR7CTTSNVNL,2025-03-03 06:00:00,0.2616279069767442,2,86,6,0,1
1012312288YR7CTTSNVNL,2025-03-03 07:00:00,0.18992248062015504,6,86,7,0,1
1012312288YR7CTTSNVNL,2025-03-03 08:00:00,0.06007751937984496,6,86,8,0,1
1012312288YR7CTTSNVNL,2025-03-03 09:00:00,0.10271317829457365,6,86,9,0,1
1012312288YR7CTTSNVNL,2025-03-03 10:00:00,0.16472868217054262,6,86,10,0,1
1012312288YR7CTTSNVNL,2025-03-03 11:00:00,0.2383720930232558,6,86,11,0,1
1012312288YR7CTTSNVNL,2025-03-03 12:00:00,0.26744186046511625,6,86,12,0,1
1012312288YR7CTTSNVNL,2025-03-03 13:00:00,0.24224806201550386,6,86,13,0,1
1012312288YR7CTTSNVNL,2025-03-03 14:00:00,0.1744186046511628,6,86,14,0,1
1012312288YR7CTTSNVNL,2025-03-03 15:00:00,0.19767441860465115,6,86,15,0,1
1012312288YR7CTTSNVNL,2025-03-03 16:00:00,0.14728682170542637,6,86,16,0,1
1012312288YR7CTTSNVNL,2025-03-03 17:00:00,0.2054263565891473,6,86,17,0,1
1012312288YR7CTTSNVNL,2025-03-03 18:00:00,0.3701550387596899,6,86,18,0,1
1012312288YR7CTTSNVNL,2025-03-03 19:00:00,0.35271317829457366,6,86,19,0,1
1012312288YR7CTTSNVNL,2025-03-03 20:00:00,0.33527131782945735,6,86,20,0,1
1012312288YR7CTTSNVNL,2025-03-03 21:00:00,0.37209302325581395,6,86,21,0,1
1012312288YR7CTTSNVNL,2025-03-03 22:00:00,0.3236434108527132,6,86,22,0,1
1012312288YR7CTTSNVNL,2025-03-03 23:00:00,0.30620155038759694,6,86,23,0,1
1012312288YR7CTTSNVNL,2025-03-04 00:00:00,0.312015503875969,6,86,0,1,1
1012312288YR7CTTSNVNL,2025-03-04 01:00:00,0.28875968992248063,6,86,1,1,1
1012312288YR7CTTSNVNL,2025-03-04 02:00:00,0.28488372093023256,6,86,2,1,1
1012312288YR7CTTSNVNL,2025-03-04 03:00:00,0.2441860465116279,3,86,3,1,1
1012312288YR7CTTSNVNL,2025-04-07 00:00:00,0.31589147286821706,6,86,0,0,1
1012312288YR7CTTSNVNL,2025-04-07 06:00:00,0.24031007751937983,6,86,6,0,1
1012312288YR7CTTSNVNL,2025-04-07 12:00:00,0.27906976744186046,6,86,12,0,1
1012312288YR7CTTSNVNL,2025-04-07 18:00:00,0.28488372093023256,6,86,18,0,1
1012312288YR7CTTSNVNL,2025-04-08 00:00:00,0.39341085271317827,6,86,0,1,1
1012312288YR7CTTSNVNL,2025-04-08 06:00:00,0.312015503875969,6,86,6,1,1
1012312288YR7CTTSNVNL,2025-04-08 12:00:00,0.17829457364341086,6,86,12,1,1
1012312288YR7CTTSNVNL,2025-04-08 18:00:00,0.36627906976744184,6,86,18,1,1
1012312288YR7CTTSNVNL,2025-04-09 00:00:00,0.28488372093023256,6,86,0,2,1
1012312288YR7CTTSNVNL,2025-04-09 06:00:00,0.19573643410852712,6,86,6,2,1
1012312288YR7CTTSNVNL,2025-04-09 18:00:00,0.2751937984496124,6,86,18,2,1
1012312288YR7CTTSNVNL,2025-04-10 00:00:00,0.28488372093023256,6,86,0,3,1
1012312288YR7CTTSNVNL,2025-04-10 06:00:00,0.17054263565891473,6,86,6,3,1
1012312288YR7CTTSNVNL,2025-04-10 12:00:00,0.29651162790697677,6,86,12,3,1
1012312288YR7CTTSNVNL,2025-04-10 18:00:00,0.38953488372093026,6,86,18,3,1
1012312288YR7CTTSNVNL,2025-04-11 00:00:00,0.3023255813953488,6,86,0,4,1
1012312288YR7CTTSNVNL,2025-04-11 06:00:00,0.23449612403100775,6,86,6,4,1
1012312288YR7CTTSNVNL,2025-04-11 12:00:00,0.2325581395348837,6,86,12,4,1
1012312288YR7CTTSNVNL,2025-04-11 18:00:00,0.3992248062015504,6,86,18,4,1
1012312288YR7CTTSNVNL,2025-04-12 00:00:00,0.29651162790697677,6,86,0,5,0
1012312288YR7CTTSNVNL,2025-04-12 06:00:00,0.23255813953488372,6,86,6,5,0
1012312288YR7CTTSNVNL,2025-04-12 12:00:00,0.25387596899224807,6,86,12,5,0
1012312288YR7CTTSNVNL,2025-04-12 18:00:00,0.2771317829457364,6,86,18,5,0
1012312288YR7CTTSNVNL,2025-04-13 00:00:00,0.20736434108527133,6,86,0,6,0
1012312288YR7CTTSNVNL,2025-04-13 06:00:00,0.09108527131782945,6,86,6,6,0
1012312288YR7CTTSNVNL,2025-04-13 12:00:00,0.3488372093023256,6,86,12,6,0
1012312288YR7CTTSNVNL,2025-04-13 18:00:00,0.3565891472868217,6,86,18,6,0
1012312288YR7HFKE4HKX,2025-03-03 06:00:00,0.5535714285714286,2,28,6,0,1
1012312288YR7HFKE4HKX,2025-03-03 07:00:00,0.5714285714285715,6,28,7,0,1
1012312288YR7HFKE4HKX,2025-03-03 08:00:00,0.43452380952380953,6,28,8,0,1
1012312288YR7HFKE4HKX,2025-03-03 09:00:00,0.4761904761904762,6,28,9,0,1
1012312288YR7HFKE4HKX,2025-03-03 10:00:00,0.4702380952380952,6,28,10,0,1
1012312288YR7HFKE4HKX,2025-03-03 11:00:00,0.5238095238095238,6,28,11,0,1
1012312288YR7HFKE4HKX,2025-03-03 12:00:00,0.5357142857142857,6,28,12,0,1
1012312288YR7HFKE4HKX,2025-03-03 13:00:00,0.6845238095238096,6,28,13,0,1
1012312288YR7HFKE4HKX,2025-03-03 14:00:00,0.6845238095238096,6,28,14,0,1
1012312288YR7HFKE4HKX,2025-03-03 15:00:00,0.6666666666666666,6,28,15,0,1
1012312288YR7HFKE4HKX,2025-03-03 16:00:00,0.5773809523809524,6,28,16,0,1
1012312288YR7HFKE4HKX,2025-03-03 17:00:00,0.5595238095238095,6,28,17,0,1
1012312288YR7HFKE4HKX,2025-03-03 18:00:00,0.8857142857142858,5,28,18,0,1
1012312288YR7HFKE4HKX,2025-03-03 19:00:00,0.8273809523809524,6,28,19,0,1
1012312288YR7HFKE4HKX,2025-03-03 20:00:00,0.8630952380952381,6,28,20,0,1
1012312288YR7HFKE4HKX,2025-03-03 21:00:00,0.7142857142857143,6,28,21,0,1
1012312288YR7HFKE4HKX,2025-03-03 22:00:00,0.6547619047619048,6,28,22,0,1
1012312288YR7HFKE4HKX,2025-03-03 23:00:00,0.5178571428571429,6,28,23,0,1
1012312288YR7HFKE4HKX,2025-03-04 00:00:00,0.4166666666666667,6,28,0,1,1
1012312288YR7HFKE4HKX,2025-03-04 01:00:00,0.3452380952380953,6,28,1,1,1
1012312288YR7HFKE4HKX,2025-03-04 02:00:00,0.39285714285714285,6,28,2,1,1
1012312288YR7HFKE4HKX,2025-03-04 03:00:00,0.39285714285714285,3,28,3,1,1
1012312288YR7HFKE4HKX,2025-04-07 00:00:00,0.636904761904762,6,28,0,0,1
1012312288YR7HFKE4HKX,2025-04-07 06:00:00,0.6726190476190476,6,28,6,0,1
1012312288YR7HFKE4HKX,2025-04-07 12:00:00,0.5238095238095238,6,28,12,0,1
1012312288YR7HFKE4HKX,2025-04-07 18:00:00,0.8214285714285715,6,28,18,0,1
1012312288YR7HFKE4HKX,2025-04-08 00:00:00,0.6428571428571429,6,28,0,1,1
1012312288YR7HFKE4HKX,2025-04-08 06:00:00,0.5892857142857143,6,28,6,1,1
1012312288YR7HFKE4HKX,2025-04-08 12:00:00,0.6547619047619048,6,28,12,1,1
1012312288YR7HFKE4HKX,2025-04-08 18:00:00,0.7797619047619048,6,28,18,1,1
1012312288YR7HFKE4HKX,2025-04-09 00:00:00,0.7678571428571428,6,28,0,2,1
1012312288YR7HFKE4HKX,2025-04-09 06:00:00,0.7916666666666666,6,28,6,2,1
1012312288YR7HFKE4HKX,2025-04-09 18:00:00,0.8452380952380952,6,28,18,2,1
1012312288YR7HFKE4HKX,2025-04-10 00:00:00,0.6845238095238096,6,28,0,3,1
1012312288YR7HFKE4HKX,2025-04-10 06:00:00,0.6309523809523809,6,28,6,3,1
1012312288YR7HFKE4HKX,2025-04-10 12:00:00,0.7083333333333334,6,28,12,3,1
1012312288YR7HFKE4HKX,2025-04-10 18:00:00,0.9285714285714285,6,28,18,3,1
1012312288YR7HFKE4HKX,2025-04-11 00:00:00,0.6845238095238096,6,28,0,4,1
1012312288YR7HFKE4HKX,2025-04-11 06:00:00,0.5654761904761905,6,28,6,4,1
1012312288YR7HFKE4HKX,2025-04-11 12:00:00,0.7023809523809524,6,28,12,4,1
1012312288YR7HFKE4HKX,2025-04-11 18:00:00,0.8273809523809524,6,28,18,4,1
1012312288YR7HFKE4HKX,2025-04-12 00:00:00,0.8095238095238094,6,28,0,5,0
1012312288YR7HFKE4HKX,2025-04-12 06:00:00,0.6547619047619048,6,28,6,5,0
1012312288YR7HFKE4HKX,2025-04-12 12:00:00,0.6785714285714285,6,28,12,5,0
1012312288YR7HFKE4HKX,2025-04-12 18:00:00,0.875,6,28,18,5,0
1012312288YR7HFKE4HKX,2025-04-13 00:00:00,0.75,6,28,0,6,0
1012312288YR7HFKE4HKX,2025-04-13 06:00:00,0.75,6,28,6,6,0
1012312288YR7HFKE4HKX,2025-04-13 12:00:00,0.8928571428571428,6,28,12,6,0
1012312288YR7HFKE4HKX,2025-04-13 18:00:00,0.8857142857142858,5,28,18,6,0
1012312288YR7K67XR8CH,2025-03-03 06:00:00,0.5,1,14,6,0,1
1012312288YR7K67XR8CH,2025-03-03 07:00:00,0.6904761904761906,6,14,7,0,1
1012312288YR7K67XR8CH,2025-03-03 08:00:00,0.5833333333333334,6,14,8,0,1
1012312288YR7K67XR8CH,2025-03-03 09:00:00,0.5,6,14,9,0,1
1012312288YR7K67XR8CH,2025-03-03 10:00:00,0.5476190476190476,6,14,10,0,1
1012312288YR7K67XR8CH,2025-03-03 11:00:00,0.5595238095238095,6,14,11,0,1
1012312288YR7K67XR8CH,2025-03-03 12:00:00,0.4880952380952381,6,14,12,0,1
1012312288YR7K67XR8CH,2025-03-03 13:00:00,0.2738095238095238,6,14,13,0,1
1012312288YR7K67XR8CH,2025-03-03 14:00:00,0.4047619047619047,6,14,14,0,1
1012312288YR7K67XR8CH,2025-03-03 15:00:00,0.7428571428571429,5,14,15,0,1
1012312288YR7K67XR8CH,2025-03-03 16:00:00,0.6428571428571429,6,14,16,0,1
1012312288YR7K67XR8CH,2025-03-03 17:00:00,0.5238095238095238,6,14,17,0,1
1012312288YR7K67XR8CH,2025-03-03 18:00:00,0.38095238095238093,6,14,18,0,1
1012312288YR7K67XR8CH,2025-03-03 19:00:00,0.2857142857142857,6,14,19,0,1
1012312288YR7K67XR8CH,2025-03-03 20:00:00,0.15476190476190474,6,14,20,0,1
1012312288YR7K67XR8CH,2025-03-03 21:00:00,0.08333333333333333,6,14,21,0,1
1012312288YR7K67XR8CH,2025-03-03 22:00:00,0.13095238095238096,6,14,22,0,1
1012312288YR7K67XR8CH,2025-03-03 23:00:00,0.14285714285714285,6,14,23,0,1
1012312288YR7K67XR8CH,2025-03-04 00:00:00,0.14285714285714285,6,14,0,1,1
1012312288YR7K67XR8CH,2025-03-04 01:00:00,0.14285714285714285,6,14,1,1,1
1012312288YR7K67XR8CH,2025-03-04 02:00:00,0.14285714285714285,6,14,2,1,1
1012312288YR7K67XR8CH,2025-03-04 03:00:00,0.19047619047619047,3,14,3,1,1
1012312288YR7K67XR8CH,2025-04-07 00:00:00,0.35714285714285715,6,14,0,0,1
1012312288YR7K67XR8CH,2025-04-07 06:00:00,0.42857142857142855,6,14,6,0,1
1012312288YR7K67XR8CH,2025-04-07 12:00:00,0.4761904761904762,6,14,12,0,1
1012312288YR7K67XR8CH,2025-04-07 18:00:00,0.6071428571428571,6,14,18,0,1
1012312288YR7K67XR8CH,2025-04-08 00:00:00,0.15476190476190474,6,14,0,1,1
1012312288YR7K67XR8CH,2025-04-08 06:00:00,0.21428571428571427,6,14,6,1,1
1012312288YR7K67XR8CH,2025-04-08 12:00:00,0.39285714285714285,6,14,12,1,1
1012312288YR7K67XR8CH,2025-04-08 18:00:00,0.39285714285714285,6,14,18,1,1
1012312288YR7K67XR8CH,2025-04-09 00:00:00,0.21428571428571427,6,14,0,2,1
1012312288YR7K67XR8CH,2025-04-09 06:00:00,0.5,6,14,6,2,1
1012312288YR7K67XR8CH,2025-04-09 18:00:00,0.44047619047619047,6,14,18,2,1
1012312288YR7K67XR8CH,2025-04-10 00:00:00,0.10714285714285714,6,14,0,3,1
1012312288YR7K67XR8CH,2025-04-10 06:00:00,0.3333333333333333,6,14,6,3,1
1012312288YR7K67XR8CH,2025-04-10 12:00:00,0.5476190476190476,6,14,12,3,1
1012312288YR7K67XR8CH,2025-04-10 18:00:00,0.5595238095238095,6,14,18,3,1
1012312288YR7K67XR8CH,2025-04-11 00:00:00,0.14285714285714285,6,14,0,4,1
1012312288YR7K67XR8CH,2025-04-11 06:00:00,0.4523809523809524,6,14,6,4,1
1012312288YR7K67XR8CH,2025-04-11 12:00:00,0.5238095238095238,6,14,12,4,1
1012312288YR7K67XR8CH,2025-04-11 18:00:00,0.46428571428571425,6,14,18,4,1
1012312288YR7K67XR8CH,2025-04-12 00:00:00,0.3333333333333333,6,14,0,5,0
1012312288YR7K67XR8CH,2025-04-12 06:00:00,0.4761904761904761,6,14,6,5,0
1012312288YR7K67XR8CH,2025-04-12 12:00:00,0.3333333333333333,6,14,12,5,0
1012312288YR7K67XR8CH,2025-04-12 18:00:00,0.36904761904761907,6,14,18,5,0
1012312288YR7K67XR8CH,2025-04-13 00:00:00,0.35714285714285715,6,14,0,6,0
1012312288YR7K67XR8CH,2025-04-13 06:00:00,0.5238095238095238,6,14,6,6,0
1012312288YR7K67XR8CH,2025-04-13 12:00:00,0.5833333333333334,6,14,12,6,0
1012312288YR7K67XR8CH,2025-04-13 18:00:00,0.39285714285714285,6,14,18,6,0
1012312288YR7N8PO2AYP,2025-03-03 06:00:00,0.08695652173913043,1,46,6,0,1
1012312288YR7N8PO2AYP,2025-03-03 07:00:00,0.09057971014492754,6,46,7,0,1
1012312288YR7N8PO2AYP,2025-03-03 08:00:00,0.43478260869565216,6,46,8,0,1
1012312288YR7N8PO2AYP,2025-03-03 09:00:00,0.7644927536231885,6,46,9,0,1
1012312288YR7N8PO2AYP,2025-03-03 10:00:00,0.7862318840579711,6,46,10,0,1
1012312288YR7N8PO2AYP,2025-03-03 11:00:00,0.7101449275362319,6,46,11,0,1
1012312288YR7N8PO2AYP,2025-03-03 12:00:00,0.6195652173913043,6,46,12,0,1
1012312288YR7N8PO2AYP,2025-03-03 13:00:00,0.6956521739130435,6,46,13,0,1
1012312288YR7N8PO2AYP,2025-03-03 14:00:00,0.7210144927536232,6,46,14,0,1
1012312288YR7N8PO2AYP,2025-03-03 15:00:00,0.7355072463768115,6,46,15,0,1
1012312288YR7N8PO2AYP,2025-03-03 16:00:00,0.6811594202898551,6,46,16,0,1
1012312288YR7N8PO2AYP,2025-03-03 17:00:00,0.36594202898550726,6,46,17,0,1
1012312288YR7N8PO2AYP,2025-03-03 18:00:00,0.18840579710144925,6,46,18,0,1
1012312288YR7N8PO2AYP,2025-03-03 19:00:00,0.2355072463768116,6,46,19,0,1
1012312288YR7N8PO2AYP,2025-03-03 20:00:00,0.24637681159420288,6,46,20,0,1
1012312288YR7N8PO2AYP,2025-03-03 21:00:00,0.2427536231884058,6,46,21,0,1
1012312288YR7N8PO2AYP,2025-03-03 22:00:00,0.2572463768115942,6,46,22,0,1
1012312288YR7N8PO2AYP,2025-03-03 23:00:00,0.2318840579710145,6,46,23,0,1
1012312288YR7N8PO2AYP,2025-03-04 00:00:00,0.2318840579710145,6,46,0,1,1
1012312288YR7N8PO2AYP,2025-03-04 01:00:00,0.2210144927536232,6,46,1,1,1
1012312288YR7N8PO2AYP,2025-03-04 02:00:00,0.2282608695652174,6,46,2,1,1
1012312288YR7N8PO2AYP,2025-03-04 03:00:00,0.21739130434782608,3,46,3,1,1
1012312288YR7N8PO2AYP,2025-04-07 00:00:00,0.07608695652173912,6,46,0,0,1
1012312288YR7N8PO2AYP,2025-04-07 06:00:00,0.06521739130434782,6,46,6,0,1
1012312288YR7N8PO2AYP,2025-04-07 12:00:00,0.22101449275362317,6,46,12,0,1
1012312288YR7N8PO2AYP,2025-04-07 18:00:00,0.322463768115942,6,46,18,0,1
1012312288YR7N8PO2AYP,2025-04-08 00:00:00,0.2282608695652174,6,46,0,1,1
1012312288YR7N8PO2AYP,2025-04-08 06:00:00,0.13043478260869565,6,46,6,1,1
1012312288YR7N8PO2AYP,2025-04-08 12:00:00,0.7246376811594203,6,46,12,1,1
1012312288YR7N8PO2AYP,2025-04-08 18:00:00,0.35144927536231885,6,46,18,1,1
1012312288YR7N8PO2AYP,2025-04-09 00:00:00,0.286231884057971,6,46,0,2,1
1012312288YR7N8PO2AYP,2025-04-09 06:00:00,0.13043478260869565,6,46,6,2,1
1012312288YR7N8PO2AYP,2025-04-09 18:00:00,0.38768115942028986,6,46,18,2,1
1012312288YR7N8PO2AYP,2025-04-10 00:00:00,0.2934782608695652,6,46,0,3,1
1012312288YR7N8PO2AYP,2025-04-10 06:00:00,0.1956521739130435,6,46,6,3,1
1012312288YR7N8PO2AYP,2025-04-10 12:00:00,0.6594202898550724,6,46,12,3,1
1012312288YR7N8PO2AYP,2025-04-10 18:00:00,0.3043478260869565,6,46,18,3,1
1012312288YR7N8PO2AYP,2025-04-11 00:00:00,0.16666666666666666,6,46,0,4,1
1012312288YR7N8PO2AYP,2025-04-11 06:00:00,0.13768115942028986,6,46,6,4,1
1012312288YR7N8PO2AYP,2025-04-11 12:00:00,0.5942028985507246,6,46,12,4,1
1012312288YR7N8PO2AYP,2025-04-11 18:00:00,0.4202898550724638,6,46,18,4,1
1012312288YR7N8PO2AYP,2025-04-12 00:00:00,0.3442028985507246,6,46,0,5,0
1012312288YR7N8PO2AYP,2025-04-12 06:00:00,0.23913043478260873,6,46,6,5,0
1012312288YR7N8PO2AYP,2025-04-12 12:00:00,0.5905797101449276,6,46,12,5,0
1012312288YR7N8PO2AYP,2025-04-12 18:00:00,0.3297101449275362,6,46,18,5,0
1012312288YR7N8PO2AYP,2025-04-13 00:00:00,0.25362318840579706,6,46,0,6,0
1012312288YR7N8PO2AYP,2025-04-13 06:00:00,0.13043478260869565,6,46,6,6,0
1012312288YR7N8PO2AYP,2025-04-13 12:00:00,0.2463768115942029,6,46,12,6,0
1012312288YR7N8PO2AYP,2025-04-13 18:00:00,0.18115942028985507,6,46,18,6,0
1012312288YR7V8S6IBCX,2025-03-03 06:00:00,0.14814814814814814,2,27,6,0,1
1012312288YR7V8S6IBCX,2025-03-03 07:00:00,0.16049382716049382,6,27,7,0,1
1012312288YR7V8S6IBCX,2025-03-03 08:00:00,0.2839506172839506,6,27,8,0,1
1012312288YR7V8S6IBCX,2025-03-03 09:00:00,0.7222222222222222,6,27,9,0,1
1012312288YR7V8S6IBCX,2025-03-03 10:00:00,0.8209876543209876,6,27,10,0,1
1012312288YR7V8S6IBCX,2025-03-03 11:00:00,0.6975308641975309,6,27,11,0,1
1012312288YR7V8S6IBCX,2025-03-03 12:00:00,0.6358024691358025,6,27,12,0,1
1012312288YR7V8S6IBCX,2025-03-03 13:00:00,0.7716049382716049,6,27,13,0,1
1012312288YR7V8S6IBCX,2025-03-03 14:00:00,0.8765432098765432,6,27,14,0,1
1012312288YR7V8S6IBCX,2025-03-03 15:00:00,0.9012345679012346,6,27,15,0,1
1012312288YR7V8S6IBCX,2025-03-03 16:00:00,0.7654320987654321,6,27,16,0,1
1012312288YR7V8S6IBCX,2025-03-03 17:00:00,0.4444444444444444,6,27,17,0,1
1012312288YR7V8S6IBCX,2025-03-03 18:00:00,0.3024691358024691,6,27,18,0,1
1012312288YR7V8S6IBCX,2025-03-03 19:00:00,0.25925925925925924,6,27,19,0,1
1012312288YR7V8S6IBCX,2025-03-03 20:00:00,0.25925925925925924,6,27,20,0,1
1012312288YR7V8S6IBCX,2025-03-03 21:00:00,0.25925925925925924,6,27,21,0,1
1012312288YR7V8S6IBCX,2025-03-03 22:00:00,0.25925925925925924,6,27,22,0,1
1012312288YR7V8S6IBCX,2025-03-03 23:00:00,0.25925925925925924,6,27,23,0,1
1012312288YR7V8S6IBCX,2025-03-04 00:00:00,0.25925925925925924,6,27,0,1,1
1012312288YR7V8S6IBCX,2025-03-04 01:00:00,0.25925925925925924,6,27,1,1,1
1012312288YR7V8S6IBCX,2025-03-04 02:00:00,0.25925925925925924,6,27,2,1,1
1012312288YR7V8S6IBCX,2025-03-04 03:00:00,0.25925925925925924,3,27,3,1,1
1012312288YR7V8S6IBCX,2025-04-07 00:00:00,0.3024691358024691,6,27,0,0,1
1012312288YR7V8S6IBCX,2025-04-07 06:00:00,0.14814814814814814,6,27,6,0,1
1012312288YR7V8S6IBCX,2025-04-07 12:00:00,0.419753086419753,6,27,12,0,1
1012312288YR7V8S6IBCX,2025-04-07 18:00:00,0.36419753086419754,6,27,18,0,1
1012312288YR7V8S6IBCX,2025-04-08 00:00:00,0.23456790123456792,6,27,0,1,1
1012312288YR7V8S6IBCX,2025-04-08 06:00:00,0.2222222222222222,6,27,6,1,1
1012312288YR7V8S6IBCX,2025-04-08 12:00:00,0.37654320987654316,6,27,12,1,1
1012312288YR7V8S6IBCX,2025-04-08 18:00:00,0.30864197530864196,6,27,18,1,1
1012312288YR7V8S6IBCX,2025-04-09 00:00:00,0.3950617283950617,6,27,0,2,1
1012312288YR7V8S6IBCX,2025-04-09 06:00:00,0.30864197530864196,6,27,6,2,1
1012312288YR7V8S6IBCX,2025-04-09 18:00:00,0.30864197530864196,6,27,18,2,1
1012312288YR7V8S6IBCX,2025-04-10 00:00:00,0.2222222222222222,6,27,0,3,1
1012312288YR7V8S6IBCX,2025-04-10 06:00:00,0.2222222222222222,6,27,6,3,1
1012312288YR7V8S6IBCX,2025-04-10 12:00:00,0.5679012345679012,6,27,12,3,1
1012312288YR7V8S6IBCX,2025-04-10 18:00:00,0.15432098765432098,6,27,18,3,1
1012312288YR7V8S6IBCX,2025-04-11 00:00:00,0.13580246913580246,6,27,0,4,1
1012312288YR7V8S6IBCX,2025-04-11 06:00:00,0.1111111111111111,6,27,6,4,1
1012312288YR7V8S6IBCX,2025-04-11 12:00:00,0.5246913580246914,6,27,12,4,1
1012312288YR7V8S6IBCX,2025-04-11 18:00:00,0.36419753086419754,6,27,18,4,1
1012312288YR7V8S6IBCX,2025-04-12 00:00:00,0.46296296296296297,6,27,0,5,0
1012312288YR7V8S6IBCX,2025-04-12 06:00:00,0.4444444444444444,6,27,6,5,0
1012312288YR7V8S6IBCX,2025-04-12 12:00:00,0.24691358024691357,6,27,12,5,0
1012312288YR7V8S6IBCX,2025-04-12 18:00:00,0.35802469135802467,6,27,18,5,0
1012312288YR7V8S6IBCX,2025-04-13 00:00:00,0.2530864197530864,6,27,0,6,0
1012312288YR7V8S6IBCX,2025-04-13 06:00:00,0.37654320987654316,6,27,6,6,0
1012312288YR7V8S6IBCX,2025-04-13 12:00:00,0.2716049382716049,6,27,12,6,0
1012312288YR7V8S6IBCX,2025-04-13 18:00:00,0.13580246913580246,6,27,18,6,0
1012312288YR7YF7Z1HXD,2025-03-03 06:00:00,0.5555555555555556,1,18,6,0,1
1012312288YR7YF7Z1HXD,2025-03-03 07:00:00,0.5462962962962963,6,18,7,0,1
1012312288YR7YF7Z1HXD,2025-03-03 08:00:00,0.611111111111111,6,18,8,0,1
1012312288YR7YF7Z1HXD,2025-03-03 09:00:00,0.39814814814814814,6,18,9,0,1
1012312288YR7YF7Z1HXD,2025-03-03 10:00:00,0.3611111111111111,6,18,10,0,1
1012312288YR7YF7Z1HXD,2025-03-03 11:00:00,0.40740740740740744,6,18,11,0,1
1012312288YR7YF7Z1HXD,2025-03-03 12:00:00,0.5,6,18,12,0,1
1012312288YR7YF7Z1HXD,2025-03-03 13:00:00,0.5370370370370371,6,18,13,0,1
1012312288YR7YF7Z1HXD,2025-03-03 14:00:00,0.6111111111111112,6,18,14,0,1
1012312288YR7YF7Z1HXD,2025-03-03 15:00:00,0.75,6,18,15,0,1
1012312288YR7YF7Z1HXD,2025-03-03 16:00:00,0.5740740740740741,6,18,16,0,1
1012312288YR7YF7Z1HXD,2025-03-03 17:00:00,0.611111111111111,6,18,17,0,1
1012312288YR7YF7Z1HXD,2025-03-03 18:00:00,0.5648148148148149,6,18,18,0,1
1012312288YR7YF7Z1HXD,2025-03-03 19:00:00,0.5833333333333334,6,18,19,0,1
1012312288YR7YF7Z1HXD,2025-03-03 20:00:00,0.5833333333333334,6,18,20,0,1
1012312288YR7YF7Z1HXD,2025-03-03 21:00:00,0.6388888888888888,6,18,21,0,1
1012312288YR7YF7Z1HXD,2025-03-03 22:00:00,0.601851851851852,6,18,22,0,1
1012312288YR7YF7Z1HXD,2025-03-03 23:00:00,0.5925925925925927,6,18,23,0,1
1012312288YR7YF7Z1HXD,2025-03-04 00:00:00,0.5833333333333334,6,18,0,1,1
1012312288YR7YF7Z1HXD,2025-03-04 01:00:00,0.5,6,18,1,1,1
1012312288YR7YF7Z1HXD,2025-03-04 02:00:00,0.5,6,18,2,1,1
1012312288YR7YF7Z1HXD,2025-03-04 03:00:00,0.5,3,18,3,1,1
1012312288YR7YF7Z1HXD,2025-04-07 00:00:00,0.5833333333333334,6,18,0,0,1
1012312288YR7YF7Z1HXD,2025-04-07 06:00:00,0.611111111111111,6,18,6,0,1
1012312288YR7YF7Z1HXD,2025-04-07 12:00:00,0.4166666666666667,6,18,12,0,1
1012312288YR7YF7Z1HXD,2025-04-07 18:00:00,0.49074074074074076,6,18,18,0,1
1012312288YR7YF7Z1HXD,2025-04-08 00:00:00,0.5555555555555556,6,18,0,1,1
1012312288YR7YF7Z1HXD,2025-04-08 06:00:00,0.6111111111111112,6,18,6,1,1
1012312288YR7YF7Z1HXD,2025-04-08 12:00:00,0.5185185185185185,6,18,12,1,1
1012312288YR7YF7Z1HXD,2025-04-08 18:00:00,0.7685185185185185,6,18,18,1,1
1012312288YR7YF7Z1HXD,2025-04-09 00:00:00,0.6111111111111112,6,18,0,2,1
1012312288YR7YF7Z1HXD,2025-04-09 06:00:00,0.6203703703703703,6,18,6,2,1
1012312288YR7YF7Z1HXD,2025-04-09 18:00:00,0.4444444444444444,6,18,18,2,1
1012312288YR7YF7Z1HXD,2025-04-10 00:00:00,0.7685185185185185,6,18,0,3,1
1012312288YR7YF7Z1HXD,2025-04-10 06:00:00,0.6481481481481481,6,18,6,3,1
1012312288YR7YF7Z1HXD,2025-04-10 12:00:00,0.35185185185185186,6,18,12,3,1
1012312288YR7YF7Z1HXD,2025-04-10 18:00:00,0.5833333333333334,6,18,18,3,1
1012312288YR7YF7Z1HXD,2025-04-11 00:00:00,0.7592592592592592,6,18,0,4,1
1012312288YR7YF7Z1HXD,2025-04-11 06:00:00,0.75,6,18,6,4,1
1012312288YR7YF7Z1HXD,2025-04-11 12:00:00,0.49074074074074076,6,18,12,4,1
1012312288YR7YF7Z1HXD,2025-04-11 18:00:00,0.4907407407407407,6,18,18,4,1
1012312288YR7YF7Z1HXD,2025-04-12 00:00:00,0.46296296296296297,6,18,0,5,0
1012312288YR7YF7Z1HXD,2025-04-12 06:00:00,0.4537037037037037,6,18,6,5,0
1012312288YR7YF7Z1HXD,2025-04-12 12:00:00,0.4166666666666667,6,18,12,5,0
1012312288YR7YF7Z1HXD,2025-04-12 18:00:00,0.34259259259259256,6,18,18,5,0
1012312288YR7YF7Z1HXD,2025-04-13 00:00:00,0.5925925925925927,6,18,0,6,0
1012312288YR7YF7Z1HXD,2025-04-13 06:00:00,0.4537037037037037,6,18,6,6,0
1012312288YR7YF7Z1HXD,2025-04-13 12:00:00,0.6203703703703703,6,18,12,6,0
1012312288YR7YF7Z1HXD,2025-04-13 18:00:00,0.6111111111111112,6,18,18,6,0
1012312288YR825E2P88X,2025-03-03 06:00:00,0.2,1,115,6,0,1
1012312288YR825E2P88X,2025-03-03 07:00:00,0.20579710144927535,6,115,7,0,1
1012312288YR825E2P88X,2025-03-03 08:00:00,0.18260869565217389,6,115,8,0,1
1012312288YR825E2P88X,2025-03-03 09:00:00,0.09710144927536231,6,115,9,0,1
1012312288YR825E2P88X,2025-03-03 10:00:00,0.13478260869565217,6,115,10,0,1
1012312288YR825E2P88X,2025-03-03 11:00:00,0.18985507246376812,6,115,11,0,1
1012312288YR825E2P88X,2025-03-03 12:00:00,0.25942028985507243,6,115,12,0,1
1012312288YR825E2P88X,2025-03-03 13:00:00,0.17681159420289858,6,115,13,0,1
1012312288YR825E2P88X,2025-03-03 14:00:00,0.1753623188405797,6,115,14,0,1
1012312288YR825E2P88X,2025-03-03 15:00:00,0.15507246376811595,6,115,15,0,1
1012312288YR825E2P88X,2025-03-03 16:00:00,0.1927536231884058,6,115,16,0,1
1012312288YR825E2P88X,2025-03-03 17:00:00,0.2753623188405797,6,115,17,0,1
1012312288YR825E2P88X,2025-03-03 18:00:00,0.32608695652173914,6,115,18,0,1
1012312288YR825E2P88X,2025-03-03 19:00:00,0.23913043478260868,6,115,19,0,1
1012312288YR825E2P88X,2025-03-03 20:00:00,0.23768115942028986,6,115,20,0,1
1012312288YR825E2P88X,2025-03-03 21:00:00,0.2768115942028985,6,115,21,0,1
1012312288YR825E2P88X,2025-03-03 22:00:00,0.28550724637681163,6,115,22,0,1
1012312288YR825E2P88X,2025-03-03 23:00:00,0.26666666666666666,6,115,23,0,1
1012312288YR825E2P88X,2025-03-04 00:00:00,0.24057971014492754,6,115,0,1,1
1012312288YR825E2P88X,2025-03-04 01:00:00,0.227536231884058,6,115,1,1,1
1012312288YR825E2P88X,2025-03-04 02:00:00,0.21594202898550727,6,115,2,1,1
1012312288YR825E2P88X,2025-03-04 03:00:00,0.2144927536231884,3,115,3,1,1
1012312288YR825E2P88X,2025-04-07 00:00:00,0.23043478260869565,6,115,0,0,1
1012312288YR825E2P88X,2025-04-07 06:00:00,0.19855072463768117,6,115,6,0,1
1012312288YR825E2P88X,2025-04-07 12:00:00,0.27101449275362316,6,115,12,0,1
1012312288YR825E2P88X,2025-04-07 18:00:00,0.3376811594202898,6,115,18,0,1
1012312288YR825E2P88X,2025-04-08 00:00:00,0.30144927536231886,6,115,0,1,1
1012312288YR825E2P88X,2025-04-08 06:00:00,0.2768115942028985,6,115,6,1,1
1012312288YR825E2P88X,2025-04-08 12:00:00,0.28550724637681163,6,115,12,1,1
1012312288YR825E2P88X,2025-04-08 18:00:00,0.41884057971014493,6,115,18,1,1
1012312288YR825E2P88X,2025-04-09 00:00:00,0.23913043478260868,6,115,0,2,1
1012312288YR825E2P88X,2025-04-09 06:00:00,0.18695652173913044,6,115,6,2,1
1012312288YR825E2P88X,2025-04-09 18:00:00,0.2652173913043478,6,115,18,2,1
1012312288YR825E2P88X,2025-04-10 00:00:00,0.2579710144927536,6,115,0,3,1
1012312288YR825E2P88X,2025-04-10 06:00:00,0.2333333333333333,6,115,6,3,1
1012312288YR825E2P88X,2025-04-10 12:00:00,0.2927536231884058,6,115,12,3,1
1012312288YR825E2P88X,2025-04-10 18:00:00,0.4405797101449275,6,115,18,3,1
1012312288YR825E2P88X,2025-04-11 00:00:00,0.2739130434782609,6,115,0,4,1
1012312288YR825E2P88X,2025-04-11 06:00:00,0.24492753623188404,6,115,6,4,1
1012312288YR825E2P88X,2025-04-11 12:00:00,0.2811594202898551,6,115,12,4,1
1012312288YR825E2P88X,2025-04-11 18:00:00,0.4173913043478261,6,115,18,4,1
1012312288YR825E2P88X,2025-04-12 00:00:00,0.24637681159420288,6,115,0,5,0
1012312288YR825E2P88X,2025-04-12 06:00:00,0.2246376811594203,6,115,6,5,0
1012312288YR825E2P88X,2025-04-12 12:00:00,0.15217391304347827,6,115,12,5,0
1012312288YR825E2P88X,2025-04-12 18:00:00,0.3347826086956522,6,115,18,5,0
1012312288YR825E2P88X,2025-04-13 00:00:00,0.21304347826086956,6,115,0,6,0
1012312288YR825E2P88X,2025-04-13 06:00:00,0.1884057971014493,6,115,6,6,0
1012312288YR825E2P88X,2025-04-13 12:00:00,0.2652173913043478,6,115,12,6,0
1012312288YR825E2P88X,2025-04-13 18:00:00,0.4144927536231884,6,115,18,6,0
1012312288YR85VK6CYKH,2025-03-03 06:00:00,0.011111111111111112,1,90,6,0,1
1012312288YR85VK6CYKH,2025-03-03 07:00:00,0.018518518518518517,6,90,7,0,1
1012312288YR85VK6CYKH,2025-03-03 08:00:00,0.3148148148148148,6,90,8,0,1
1012312288YR85VK6CYKH,2025-03-03 09:00:00,0.8722222222222222,6,90,9,0,1
1012312288YR85VK6CYKH,2025-03-03 10:00:00,0.862962962962963,6,90,10,0,1
1012312288YR85VK6CYKH,2025-03-03 11:00:00,0.587037037037037,6,90,11,0,1
1012312288YR85VK6CYKH,2025-03-03 12:00:00,0.25,6,90,12,0,1
1012312288YR85VK6CYKH,2025-03-03 13:00:00,0.5703703703703703,6,90,13,0,1
1012312288YR85VK6CYKH,2025-03-03 14:00:00,0.8388888888888889,6,90,14,0,1
1012312288YR85VK6CYKH,2025-03-03 15:00:00,0.762962962962963,6,90,15,0,1
1012312288YR85VK6CYKH,2025-03-03 16:00:00,0.35555555555555557,6,90,16,0,1
1012312288YR85VK6CYKH,2025-03-03 17:00:00,0.08333333333333333,6,90,17,0,1
1012312288YR85VK6CYKH,2025-03-03 18:00:00,0.040740740740740744,6,90,18,0,1
1012312288YR85VK6CYKH,2025-03-03 19:00:00,0.012962962962962963,6,90,19,0,1
1012312288YR85VK6CYKH,2025-03-03 20:00:00,0.012962962962962963,6,90,20,0,1
1012312288YR85VK6CYKH,2025-03-03 21:00:00,0.011111111111111112,6,90,21,0,1
1012312288YR85VK6CYKH,2025-03-03 22:00:00,0.02962962962962963,6,90,22,0,1
1012312288YR85VK6CYKH,2025-03-03 23:00:00,0.03333333333333333,6,90,23,0,1
1012312288YR85VK6CYKH,2025-03-04 00:00:00,0.02407407407407407,6,90,0,1,1
1012312288YR85VK6CYKH,2025-03-04 01:00:00,0.022222222222222223,6,90,1,1,1
1012312288YR85VK6CYKH,2025-03-04 02:00:00,0.022222222222222223,6,90,2,1,1
1012312288YR85VK6CYKH,2025-03-04 03:00:00,0.022222222222222223,3,90,3,1,1
1012312288YR85VK6CYKH,2025-04-07 00:00:00,0.0,6,90,0,0,1
1012312288YR85VK6CYKH,2025-04-07 06:00:00,0.0,6,90,6,0,1
1012312288YR85VK6CYKH,2025-04-07 12:00:00,0.17037037037037037,6,90,12,0,1
1012312288YR85VK6CYKH,2025-04-07 18:00:00,0.027777777777777776,6,90,18,0,1
1012312288YR85VK6CYKH,2025-04-08 00:00:00,0.0462962962962963,6,90,0,1,1
1012312288YR85VK6CYKH,2025-04-08 06:00:00,0.049999999999999996,6,90,6,1,1
1012312288YR85VK6CYKH,2025-04-08 12:00:00,0.0462962962962963,6,90,12,1,1
1012312288YR85VK6CYKH,2025-04-08 18:00:00,0.03333333333333333,6,90,18,1,1
1012312288YR85VK6CYKH,2025-04-09 00:00:00,0.022222222222222223,6,90,0,2,1
1012312288YR85VK6CYKH,2025-04-09 06:00:00,0.02962962962962963,6,90,6,2,1
1012312288YR85VK6CYKH,2025-04-09 18:00:00,0.05740740740740741,6,90,18,2,1
1012312288YR85VK6CYKH,2025-04-10 00:00:00,0.05555555555555555,6,90,0,3,1
1012312288YR85VK6CYKH,2025-04-10 06:00:00,0.06851851851851852,6,90,6,3,1
1012312288YR85VK6CYKH,2025-04-10 12:00:00,0.13148148148148148,6,90,12,3,1
1012312288YR85VK6CYKH,2025-04-10 18:00:00,0.07962962962962963,6,90,18,3,1
1012312288YR85VK6CYKH,2025-04-11 00:00:00,0.044444444444444446,6,90,0,4,1
1012312288YR85VK6CYKH,2025-04-11 06:00:00,0.049999999999999996,6,90,6,4,1
1012312288YR85VK6CYKH,2025-04-11 12:00:00,0.19074074074074074,6,90,12,4,1
1012312288YR85VK6CYKH,2025-04-11 18:00:00,0.07592592592592592,6,90,18,4,1
1012312288YR85VK6CYKH,2025-04-12 00:00:00,0.03333333333333333,6,90,0,5,0
1012312288YR85VK6CYKH,2025-04-12 06:00:00,0.03333333333333333,6,90,6,5,0
1012312288YR85VK6CYKH,2025-04-12 12:00:00,0.0462962962962963,6,90,12,5,0
1012312288YR85VK6CYKH,2025-04-12 18:00:00,0.049999999999999996,6,90,18,5,0
1012312288YR85VK6CYKH,2025-04-13 00:00:00,0.05555555555555555,6,90,0,6,0
1012312288YR85VK6CYKH,2025-04-13 06:00:00,0.07222222222222223,6,90,6,6,0
1012312288YR85VK6CYKH,2025-04-13 12:00:00,0.1851851851851852,6,90,12,6,0
1012312288YR85VK6CYKH,2025-04-13 18:00:00,0.08518518518518518,6,90,18,6,0
1012312288YR89HS7SKXT,2025-03-03 06:00:00,0.8333333333333334,2,18,6,0,1
1012312288YR89HS7SKXT,2025-03-03 07:00:00,0.7777777777777778,6,18,7,0,1
1012312288YR89HS7SKXT,2025-03-03 08:00:00,0.5462962962962963,6,18,8,0,1
1012312288YR89HS7SKXT,2025-03-03 09:00:00,0.5092592592592593,6,18,9,0,1
1012312288YR89HS7SKXT,2025-03-03 10:00:00,0.5555555555555556,6,18,10,0,1
1012312288YR89HS7SKXT,2025-03-03 11:00:00,0.5648148148148148,6,18,11,0,1
1012312288YR89HS7SKXT,2025-03-03 12:00:00,0.6851851851851851,6,18,12,0,1
1012312288YR89HS7SKXT,2025-03-03 13:00:00,0.4351851851851852,6,18,13,0,1
1012312288YR89HS7SKXT,2025-03-03 14:00:00,0.5648148148148148,6,18,14,0,1
1012312288YR89HS7SKXT,2025-03-03 15:00:00,0.5925925925925927,6,18,15,0,1
1012312288YR89HS7SKXT,2025-03-03 16:00:00,0.6666666666666666,6,18,16,0,1
1012312288YR89HS7SKXT,2025-03-03 17:00:00,0.788888888888889,5,18,17,0,1
1012312288YR89HS7SKXT,2025-03-03 18:00:00,0.8703703703703703,6,18,18,0,1
1012312288YR89HS7SKXT,2025-03-03 19:00:00,0.7314814814814815,6,18,19,0,1
1012312288YR89HS7SKXT,2025-03-03 20:00:00,0.8148148148148149,6,18,20,0,1
1012312288YR89HS7SKXT,2025-03-03 21:00:00,0.8425925925925926,6,18,21,0,1
1012312288YR89HS7SKXT,2025-03-03 22:00:00,0.75,6,18,22,0,1
1012312288YR89HS7SKXT,2025-03-03 23:00:00,0.7314814814814815,6,18,23,0,1
1012312288YR89HS7SKXT,2025-03-04 00:00:00,0.7777777777777778,6,18,0,1,1
1012312288YR89HS7SKXT,2025-03-04 01:00:00,0.8240740740740741,6,18,1,1,1
1012312288YR89HS7SKXT,2025-03-04 02:00:00,0.8055555555555557,6,18,2,1,1
1012312288YR89HS7SKXT,2025-03-04 03:00:00,0.8333333333333334,3,18,3,1,1
1012312288YR89HS7SKXT,2025-04-07 00:00:00,0.5462962962962963,6,18,0,0,1
1012312288YR89HS7SKXT,2025-04-07 06:00:00,0.5185185185185185,6,18,6,0,1
1012312288YR89HS7SKXT,2025-04-07 12:00:00,0.47222222222222227,6,18,12,0,1
1012312288YR89HS7SKXT,2025-04-07 18:00:00,0.5185185185185185,6,18,18,0,1
1012312288YR89HS7SKXT,2025-04-08 00:00:00,0.49074074074074076,6,18,0,1,1
1012312288YR89HS7SKXT,2025-04-08 06:00:00,0.5648148148148149,6,18,6,1,1
1012312288YR89HS7SKXT,2025-04-08 12:00:00,0.3796296296296296,6,18,12,1,1
1012312288YR89HS7SKXT,2025-04-08 18:00:00,0.5462962962962963,6,18,18,1,1
1012312288YR89HS7SKXT,2025-04-09 00:00:00,0.3796296296296296,6,18,0,2,1
1012312288YR89HS7SKXT,2025-04-09 06:00:00,0.3888888888888889,6,18,6,2,1
1012312288YR89HS7SKXT,2025-04-09 18:00:00,0.5833333333333334,6,18,18,2,1
1012312288YR89HS7SKXT,2025-04-10 00:00:00,0.6111111111111112,6,18,0,3,1
1012312288YR89HS7SKXT,2025-04-10 06:00:00,0.6666666666666666,6,18,6,3,1
1012312288YR89HS7SKXT,2025-04-10 12:00:00,0.5925925925925926,6,18,12,3,1
1012312288YR89HS7SKXT,2025-04-10 18:00:00,0.5740740740740741,6,18,18,3,1
1012312288YR89HS7SKXT,2025-04-11 00:00:00,0.6111111111111112,6,18,0,4,1
1012312288YR89HS7SKXT,2025-04-11 06:00:00,0.6666666666666666,6,18,6,4,1
1012312288YR89HS7SKXT,2025-04-11 12:00:00,0.5925925925925927,6,18,12,4,1
1012312288YR89HS7SKXT,2025-04-11 18:00:00,0.6666666666666666,6,18,18,4,1
1012312288YR89HS7SKXT,2025-04-12 00:00:00,0.5185185185185185,6,18,0,5,0
1012312288YR89HS7SKXT,2025-04-12 06:00:00,0.5555555555555556,6,18,6,5,0
1012312288YR89HS7SKXT,2025-04-12 12:00:00,0.5925925925925926,6,18,12,5,0
1012312288YR89HS7SKXT,2025-04-12 18:00:00,0.638888888888889,6,18,18,5,0
1012312288YR89HS7SKXT,2025-04-13 00:00:00,0.2777777777777778,6,18,0,6,0
1012312288YR89HS7SKXT,2025-04-13 06:00:00,0.4444444444444444,6,18,6,6,0
1012312288YR89HS7SKXT,2025-04-13 12:00:00,0.6018518518518519,6,18,12,6,0
1012312288YR89HS7SKXT,2025-04-13 18:00:00,0.6111111111111112,6,18,18,6,0
1012312288YR8GIC67LS1,2025-03-03 06:00:00,0.45454545454545453,2,22,6,0,1
1012312288YR8GIC67LS1,2025-03-03 07:00:00,0.5227272727272727,6,22,7,0,1
1012312288YR8GIC67LS1,2025-03-03 08:00:00,0.5227272727272727,6,22,8,0,1
1012312288YR8GIC67LS1,2025-03-03 09:00:00,0.8787878787878788,6,22,9,0,1
1012312288YR8GIC67LS1,2025-03-03 10:00:00,0.9318181818181819,4,22,10,0,1
1012312288YR8GIC67LS1,2025-03-03 11:00:00,0.8409090909090909,6,22,11,0,1
1012312288YR8GIC67LS1,2025-03-03 12:00:00,0.6969696969696969,6,22,12,0,1
1012312288YR8GIC67LS1,2025-03-03 13:00:00,0.8409090909090909,6,22,13,0,1
1012312288YR8GIC67LS1,2025-03-03 14:00:00,0.9272727272727274,5,22,14,0,1
1012312288YR8GIC67LS1,2025-03-03 15:00:00,0.9454545454545455,5,22,15,0,1
1012312288YR8GIC67LS1,2025-03-03 16:00:00,0.6590909090909091,6,22,16,0,1
1012312288YR8GIC67LS1,2025-03-03 17:00:00,0.4393939393939394,6,22,17,0,1
1012312288YR8GIC67LS1,2025-03-03 18:00:00,0.196969696969697,6,22,18,0,1
1012312288YR8GIC67LS1,2025-03-03 19:00:00,0.1818181818181818,6,22,19,0,1
1012312288YR8GIC67LS1,2025-03-03 20:00:00,0.2803030303030303,6,22,20,0,1
1012312288YR8GIC67LS1,2025-03-03 21:00:00,0.2727272727272727,6,22,21,0,1
1012312288YR8GIC67LS1,2025-03-03 22:00:00,0.22727272727272727,6,22,22,0,1
1012312288YR8GIC67LS1,2025-03-03 23:00:00,0.22727272727272727,6,22,23,0,1
1012312288YR8GIC67LS1,2025-03-04 00:00:00,0.22727272727272727,6,22,0,1,1
1012312288YR8GIC67LS1,2025-03-04 01:00:00,0.22727272727272727,6,22,1,1,1
1012312288YR8GIC67LS1,2025-03-04 02:00:00,0.22727272727272727,6,22,2,1,1
1012312288YR8GIC67LS1,2025-03-04 03:00:00,0.22727272727272727,3,22,3,1,1
1012312288YR8GIC67LS1,2025-04-07 00:00:00,0.3636363636363636,6,22,0,0,1
1012312288YR8GIC67LS1,2025-04-07 06:00:00,0.3181818181818182,6,22,6,0,1
1012312288YR8GIC67LS1,2025-04-07 12:00:00,0.5681818181818182,6,22,12,0,1
1012312288YR8GIC67LS1,2025-04-07 18:00:00,0.2727272727272727,6,22,18,0,1
1012312288YR8GIC67LS1,2025-04-08 00:00:00,0.30303030303030304,6,22,0,1,1
1012312288YR8GIC67LS1,2025-04-08 06:00:00,0.3636363636363636,6,22,6,1,1
1012312288YR8GIC67LS1,2025-04-08 12:00:00,0.40151515151515155,6,22,12,1,1
1012312288YR8GIC67LS1,2025-04-08 18:00:00,0.2196969696969697,6,22,18,1,1
1012312288YR8GIC67LS1,2025-04-09 00:00:00,0.30303030303030304,6,22,0,2,1
1012312288YR8GIC67LS1,2025-04-09 06:00:00,0.13636363636363635,6,22,6,2,1
1012312288YR8GIC67LS1,2025-04-09 18:00:00,0.21212121212121213,6,22,18,2,1
1012312288YR8GIC67LS1,2025-04-10 00:00:00,0.4318181818181818,6,22,0,3,1
1012312288YR8GIC67LS1,2025-04-10 06:00:00,0.3636363636363636,6,22,6,3,1
1012312288YR8GIC67LS1,2025-04-10 12:00:00,0.5,6,22,12,3,1
1012312288YR8GIC67LS1,2025-04-10 18:00:00,0.34848484848484845,6,22,18,3,1
1012312288YR8GIC67LS1,2025-04-11 00:00:00,0.29545454545454547,6,22,0,4,1
1012312288YR8GIC67LS1,2025-04-11 06:00:00,0.45454545454545453,6,22,6,4,1
1012312288YR8GIC67LS1,2025-04-11 12:00:00,0.6060606060606061,6,22,12,4,1
1012312288YR8GIC67LS1,2025-04-11 18:00:00,0.3636363636363636,6,22,18,4,1
1012312288YR8GIC67LS1,2025-04-12 00:00:00,0.553030303030303,6,22,0,5,0
1012312288YR8GIC67LS1,2025-04-12 06:00:00,0.3409090909090909,6,22,6,5,0
1012312288YR8GIC67LS1,2025-04-12 12:00:00,0.10606060606060606,6,22,12,5,0
1012312288YR8GIC67LS1,2025-04-12 18:00:00,0.2727272727272727,6,22,18,5,0
1012312288YR8GIC67LS1,2025-04-13 00:00:00,0.6136363636363636,6,22,0,6,0
1012312288YR8GIC67LS1,2025-04-13 06:00:00,0.44696969696969696,6,22,6,6,0
1012312288YR8GIC67LS1,2025-04-13 12:00:00,0.21212121212121213,6,22,12,6,0
1012312288YR8GIC67LS1,2025-04-13 18:00:00,0.23484848484848486,6,22,18,6,0
1012312288YR8IX5J60OX,2025-03-03 06:00:00,0.1724137931034483,2,29,6,0,1
1012312288YR8IX5J60OX,2025-03-03 07:00:00,0.367816091954023,6,29,7,0,1
1012312288YR8IX5J60OX,2025-03-03 08:00:00,0.7701149425287356,6,29,8,0,1
1012312288YR8IX5J60OX,2025-03-03 09:00:00,0.9137931034482758,6,29,9,0,1
1012312288YR8IX5J60OX,2025-03-03 10:00:00,0.8827586206896552,5,29,10,0,1
1012312288YR8IX5J60OX,2025-03-03 11:00:00,0.8563218390804598,6,29,11,0,1
1012312288YR8IX5J60OX,2025-03-03 12:00:00,0.7183908045977012,6,29,12,0,1
1012312288YR8IX5J60OX,2025-03-03 13:00:00,0.7298850574712644,6,29,13,0,1
1012312288YR8IX5J60OX,2025-03-03 14:00:00,0.9448275862068967,5,29,14,0,1
1012312288YR8IX5J60OX,2025-03-03 15:00:00,0.9367816091954023,6,29,15,0,1
1012312288YR8IX5J60OX,2025-03-03 16:00:00,0.7873563218390806,6,29,16,0,1
1012312288YR8IX5J60OX,2025-03-03 17:00:00,0.4942528735632184,6,29,17,0,1
1012312288YR8IX5J60OX,2025-03-03 18:00:00,0.37931034482758624,6,29,18,0,1
1012312288YR8IX5J60OX,2025-03-03 19:00:00,0.37931034482758613,6,29,19,0,1
1012312288YR8IX5J60OX,2025-03-03 20:00:00,0.4080459770114942,6,29,20,0,1
1012312288YR8IX5J60OX,2025-03-03 21:00:00,0.4770114942528736,6,29,21,0,1
1012312288YR8IX5J60OX,2025-03-03 22:00:00,0.47126436781609193,6,29,22,0,1
1012312288YR8IX5J60OX,2025-03-03 23:00:00,0.41954022988505746,6,29,23,0,1
1012312288YR8IX5J60OX,2025-03-04 00:00:00,0.3850574712643678,6,29,0,1,1
1012312288YR8IX5J60OX,2025-03-04 01:00:00,0.37931034482758613,6,29,1,1,1
1012312288YR8IX5J60OX,2025-03-04 02:00:00,0.37931034482758613,6,29,2,1,1
1012312288YR8IX5J60OX,2025-03-04 03:00:00,0.37931034482758613,3,29,3,1,1
1012312288YR8IX5J60OX,2025-04-07 00:00:00,0.05172413793103448,6,29,0,0,1
1012312288YR8IX5J60OX,2025-04-07 06:00:00,0.0632183908045977,6,29,6,0,1
1012312288YR8IX5J60OX,2025-04-07 12:00:00,0.6609195402298851,6,29,12,0,1
1012312288YR8IX5J60OX,2025-04-07 18:00:00,0.43678160919540227,6,29,18,0,1
1012312288YR8IX5J60OX,2025-04-08 00:00:00,0.28160919540229884,6,29,0,1,1
1012312288YR8IX5J60OX,2025-04-08 06:00:00,0.21264367816091956,6,29,6,1,1
1012312288YR8IX5J60OX,2025-04-08 12:00:00,0.7701149425287356,6,29,12,1,1
1012312288YR8IX5J60OX,2025-04-08 18:00:00,0.2413793103448276,6,29,18,1,1
1012312288YR8IX5J60OX,2025-04-09 00:00:00,0.27586206896551724,6,29,0,2,1
1012312288YR8IX5J60OX,2025-04-09 06:00:00,0.27586206896551724,6,29,6,2,1
1012312288YR8IX5J60OX,2025-04-09 18:00:00,0.3390804597701149,6,29,18,2,1
1012312288YR8IX5J60OX,2025-04-10 00:00:00,0.27586206896551724,6,29,0,3,1
1012312288YR8IX5J60OX,2025-04-10 06:00:00,0.21839080459770113,6,29,6,3,1
1012312288YR8IX5J60OX,2025-04-10 12:00:00,0.6609195402298851,6,29,12,3,1
1012312288YR8IX5J60OX,2025-04-10 18:00:00,0.367816091954023,6,29,18,3,1
1012312288YR8IX5J60OX,2025-04-11 00:00:00,0.14367816091954022,6,29,0,4,1
1012312288YR8IX5J60OX,2025-04-11 06:00:00,0.16091954022988506,6,29,6,4,1
1012312288YR8IX5J60OX,2025-04-11 12:00:00,0.6551724137931035,6,29,12,4,1
1012312288YR8IX5J60OX,2025-04-11 18:00:00,0.4540229885057471,6,29,18,4,1
1012312288YR8IX5J60OX,2025-04-12 00:00:00,0.41954022988505746,6,29,0,5,0
1012312288YR8IX5J60OX,2025-04-12 06:00:00,0.35632183908045983,6,29,6,5,0
1012312288YR8IX5J60OX,2025-04-12 12:00:00,0.47126436781609193,6,29,12,5,0
1012312288YR8IX5J60OX,2025-04-12 18:00:00,0.1724137931034483,6,29,18,5,0
1012312288YR8IX5J60OX,2025-04-13 00:00:00,0.3448275862068966,6,29,0,6,0
1012312288YR8IX5J60OX,2025-04-13 06:00:00,0.28160919540229884,6,29,6,6,0
1012312288YR8IX5J60OX,2025-04-13 12:00:00,0.2528735632183908,6,29,12,6,0
1012312288YR8IX5J60OX,2025-04-13 18:00:00,0.13218390804597702,6,29,18,6,0
1012312288YR8VUSTQYV5,2025-03-03 06:00:00,0.10526315789473684,1,19,6,0,1
1012312288YR8VUSTQYV5,2025-03-03 07:00:00,0.18421052631578946,6,19,7,0,1
1012312288YR8VUSTQYV5,2025-03-03 08:00:00,0.5614035087719298,6,19,8,0,1
1012312288YR8VUSTQYV5,2025-03-03 09:00:00,0.8684210526315789,6,19,9,0,1
1012312288YR8VUSTQYV5,2025-03-03 10:00:00,0.8596491228070176,6,19,10,0,1
1012312288YR8VUSTQYV5,2025-03-03 11:00:00,0.8771929824561403,6,19,11,0,1
1012312288YR8VUSTQYV5,2025-03-03 12:00:00,0.7631578947368421,6,19,12,0,1
1012312288YR8VUSTQYV5,2025-03-03 13:00:00,0.9385964912280702,6,19,13,0,1
1012312288YR8VUSTQYV5,2025-03-03 14:00:00,0.9035087719298245,6,19,14,0,1
1012312288YR8VUSTQYV5,2025-03-03 15:00:00,0.8596491228070176,6,19,15,0,1
1012312288YR8VUSTQYV5,2025-03-03 16:00:00,0.8157894736842105,6,19,16,0,1
1012312288YR8VUSTQYV5,2025-03-03 17:00:00,0.6578947368421053,6,19,17,0,1
1012312288YR8VUSTQYV5,2025-03-03 18:00:00,0.5087719298245613,6,19,18,0,1
1012312288YR8VUSTQYV5,2025-03-03 19:00:00,0.543859649122807,6,19,19,0,1
1012312288YR8VUSTQYV5,2025-03-03 20:00:00,0.42105263157894735,6,19,20,0,1
1012312288YR8VUSTQYV5,2025-03-03 21:00:00,0.3859649122807018,6,19,21,0,1
1012312288YR8VUSTQYV5,2025-03-03 22:00:00,0.42105263157894735,6,19,22,0,1
1012312288YR8VUSTQYV5,2025-03-03 23:00:00,0.42105263157894735,6,19,23,0,1
1012312288YR8VUSTQYV5,2025-03-04 00:00:00,0.42105263157894735,6,19,0,1,1
1012312288YR8VUSTQYV5,2025-03-04 01:00:00,0.4298245614035088,6,19,1,1,1
1012312288YR8VUSTQYV5,2025-03-04 02:00:00,0.47368421052631576,6,19,2,1,1
1012312288YR8VUSTQYV5,2025-03-04 03:00:00,0.47368421052631576,3,19,3,1,1
1012312288YR8VUSTQYV5,2025-04-07 00:00:00,0.24561403508771928,6,19,0,0,1
1012312288YR8VUSTQYV5,2025-04-07 06:00:00,0.21052631578947367,6,19,6,0,1
1012312288YR8VUSTQYV5,2025-04-07 12:00:00,0.7105263157894738,6,19,12,0,1
1012312288YR8VUSTQYV5,2025-04-07 18:00:00,0.5701754385964912,6,19,18,0,1
1012312288YR8VUSTQYV5,2025-04-08 00:00:00,0.2719298245614035,6,19,0,1,1
1012312288YR8VUSTQYV5,2025-04-08 06:00:00,0.21929824561403508,6,19,6,1,1
1012312288YR8VUSTQYV5,2025-04-08 12:00:00,0.7368421052631579,6,19,12,1,1
1012312288YR8VUSTQYV5,2025-04-08 18:00:00,0.7807017543859649,6,19,18,1,1
1012312288YR8VUSTQYV5,2025-04-09 00:00:00,0.5701754385964912,6,19,0,2,1
1012312288YR8VUSTQYV5,2025-04-09 06:00:00,0.3684210526315789,6,19,6,2,1
1012312288YR8VUSTQYV5,2025-04-09 18:00:00,0.3947368421052631,6,19,18,2,1
1012312288YR8VUSTQYV5,2025-04-10 00:00:00,0.21052631578947367,6,19,0,3,1
1012312288YR8VUSTQYV5,2025-04-10 06:00:00,0.18421052631578946,6,19,6,3,1
1012312288YR8VUSTQYV5,2025-04-10 12:00:00,0.7368421052631579,6,19,12,3,1
1012312288YR8VUSTQYV5,2025-04-10 18:00:00,0.5350877192982456,6,19,18,3,1
1012312288YR8VUSTQYV5,2025-04-11 00:00:00,0.5526315789473685,6,19,0,4,1
1012312288YR8VUSTQYV5,2025-04-11 06:00:00,0.4298245614035088,6,19,6,4,1
1012312288YR8VUSTQYV5,2025-04-11 12:00:00,0.8526315789473685,5,19,12,4,1
1012312288YR8VUSTQYV5,2025-04-11 18:00:00,0.5614035087719298,6,19,18,4,1
1012312288YR8VUSTQYV5,2025-04-12 00:00:00,0.5175438596491228,6,19,0,5,0
1012312288YR8VUSTQYV5,2025-04-12 06:00:00,0.4473684210526316,6,19,6,5,0
1012312288YR8VUSTQYV5,2025-04-12 12:00:00,0.5175438596491228,6,19,12,5,0
1012312288YR8VUSTQYV5,2025-04-12 18:00:00,0.4122807017543859,6,19,18,5,0
1012312288YR8VUSTQYV5,2025-04-13 00:00:00,0.37719298245614036,6,19,0,6,0
1012312288YR8VUSTQYV5,2025-04-13 06:00:00,0.21052631578947367,6,19,6,6,0
1012312288YR8VUSTQYV5,2025-04-13 12:00:00,0.3508771929824561,6,19,12,6,0
1012312288YR8VUSTQYV5,2025-04-13 18:00:00,0.4473684210526316,6,19,18,6,0
1012312288YR8ZSV1UX35,2025-03-03 06:00:00,0.3125,2,88,6,0,1
1012312288YR8ZSV1UX35,2025-03-03 07:00:00,0.30113636363636365,6,88,7,0,1
1012312288YR8ZSV1UX35,2025-03-03 08:00:00,0.23484848484848486,6,88,8,0,1
1012312288YR8ZSV1UX35,2025-03-03 09:00:00,0.28219696969696967,6,88,9,0,1
1012312288YR8ZSV1UX35,2025-03-03 10:00:00,0.3541666666666667,6,88,10,0,1
1012312288YR8ZSV1UX35,2025-03-03 11:00:00,0.3541666666666667,6,88,11,0,1
1012312288YR8ZSV1UX35,2025-03-03 12:00:00,0.40151515151515155,6,88,12,0,1
1012312288YR8ZSV1UX35,2025-03-03 13:00:00,0.39015151515151514,6,88,13,0,1
1012312288YR8ZSV1UX35,2025-03-03 14:00:00,0.46401515151515155,6,88,14,0,1
1012312288YR8ZSV1UX35,2025-03-03 15:00:00,0.4791666666666667,6,88,15,0,1
1012312288YR8ZSV1UX35,2025-03-03 16:00:00,0.36742424242424243,6,88,16,0,1
1012312288YR8ZSV1UX35,2025-03-03 17:00:00,0.4431818181818182,6,88,17,0,1
1012312288YR8ZSV1UX35,2025-03-03 18:00:00,0.6287878787878788,6,88,18,0,1
1012312288YR8ZSV1UX35,2025-03-03 19:00:00,0.5359848484848485,6,88,19,0,1
1012312288YR8ZSV1UX35,2025-03-03 20:00:00,0.418560606060606,6,88,20,0,1
1012312288YR8ZSV1UX35,2025-03-03 21:00:00,0.42992424242424243,6,88,21,0,1
1012312288YR8ZSV1UX35,2025-03-03 22:00:00,0.4147727272727273,6,88,22,0,1
1012312288YR8ZSV1UX35,2025-03-03 23:00:00,0.4090909090909091,6,88,23,0,1
1012312288YR8ZSV1UX35,2025-03-04 00:00:00,0.393939393939394,6,88,0,1,1
1012312288YR8ZSV1UX35,2025-03-04 01:00:00,0.35984848484848486,6,88,1,1,1
1012312288YR8ZSV1UX35,2025-03-04 02:00:00,0.3541666666666667,6,88,2,1,1
1012312288YR8ZSV1UX35,2025-03-04 03:00:00,0.3522727272727273,3,88,3,1,1
1012312288YR8ZSV1UX35,2025-04-07 00:00:00,0.4943181818181818,6,88,0,0,1
1012312288YR8ZSV1UX35,2025-04-07 06:00:00,0.47348484848484845,6,88,6,0,1
1012312288YR8ZSV1UX35,2025-04-07 12:00:00,0.5075757575757576,6,88,12,0,1
1012312288YR8ZSV1UX35,2025-04-07 18:00:00,0.6231060606060607,6,88,18,0,1
1012312288YR8ZSV1UX35,2025-04-08 00:00:00,0.45643939393939387,6,88,0,1,1
1012312288YR8ZSV1UX35,2025-04-08 06:00:00,0.46969696969696967,6,88,6,1,1
1012312288YR8ZSV1UX35,2025-04-08 12:00:00,0.5606060606060606,6,88,12,1,1
1012312288YR8ZSV1UX35,2025-04-08 18:00:00,0.6761363636363636,6,88,18,1,1
1012312288YR8ZSV1UX35,2025-04-09 00:00:00,0.4772727272727273,6,88,0,2,1
1012312288YR8ZSV1UX35,2025-04-09 06:00:00,0.46401515151515155,6,88,6,2,1
1012312288YR8ZSV1UX35,2025-04-09 18:00:00,0.6515151515151515,6,88,18,2,1
1012312288YR8ZSV1UX35,2025-04-10 00:00:00,0.5643939393939394,6,88,0,3,1
1012312288YR8ZSV1UX35,2025-04-10 06:00:00,0.5189393939393939,6,88,6,3,1
1012312288YR8ZSV1UX35,2025-04-10 12:00:00,0.5984848484848485,6,88,12,3,1
1012312288YR8ZSV1UX35,2025-04-10 18:00:00,0.6742424242424242,6,88,18,3,1
1012312288YR8ZSV1UX35,2025-04-11 00:00:00,0.3352272727272727,6,88,0,4,1
1012312288YR8ZSV1UX35,2025-04-11 06:00:00,0.32954545454545453,6,88,6,4,1
1012312288YR8ZSV1UX35,2025-04-11 12:00:00,0.6231060606060607,6,88,12,4,1
1012312288YR8ZSV1UX35,2025-04-11 18:00:00,0.7196969696969697,6,88,18,4,1
1012312288YR8ZSV1UX35,2025-04-12 00:00:00,0.5189393939393939,6,88,0,5,0
1012312288YR8ZSV1UX35,2025-04-12 06:00:00,0.4431818181818182,6,88,6,5,0
1012312288YR8ZSV1UX35,2025-04-12 12:00:00,0.6685606060606061,6,88,12,5,0
1012312288YR8ZSV1UX35,2025-04-12 18:00:00,0.774621212121212,6,88,18,5,0
1012312288YR8ZSV1UX35,2025-04-13 00:00:00,0.4375,6,88,0,6,0
1012312288YR8ZSV1UX35,2025-04-13 06:00:00,0.4053030303030303,6,88,6,6,0
1012312288YR8ZSV1UX35,2025-04-13 12:00:00,0.6875,6,88,12,6,0
1012312288YR8ZSV1UX35,2025-04-13 18:00:00,0.7954545454545454,6,88,18,6,0
1012312288YR9376YUBK1,2025-03-03 06:00:00,0.08333333333333333,2,18,6,0,1
1012312288YR9376YUBK1,2025-03-03 07:00:00,0.06481481481481481,6,18,7,0,1
1012312288YR9376YUBK1,2025-03-03 08:00:00,0.14814814814814814,6,18,8,0,1
1012312288YR9376YUBK1,2025-03-03 09:00:00,0.5555555555555555,6,18,9,0,1
1012312288YR9376YUBK1,2025-03-03 10:00:00,0.7129629629629629,6,18,10,0,1
1012312288YR9376YUBK1,2025-03-03 11:00:00,0.7407407407407408,6,18,11,0,1
1012312288YR9376YUBK1,2025-03-03 12:00:00,0.75,6,18,12,0,1
1012312288YR9376YUBK1,2025-03-03 13:00:00,0.8240740740740741,6,18,13,0,1
1012312288YR9376YUBK1,2025-03-03 14:00:00,0.8148148148148149,6,18,14,0,1
1012312288YR9376YUBK1,2025-03-03 15:00:00,0.8425925925925926,6,18,15,0,1
1012312288YR9376YUBK1,2025-03-03 16:00:00,0.8425925925925926,6,18,16,0,1
1012312288YR9376YUBK1,2025-03-03 17:00:00,0.7870370370370371,6,18,17,0,1
1012312288YR9376YUBK1,2025-03-03 18:00:00,0.8796296296296297,6,18,18,0,1
1012312288YR9376YUBK1,2025-03-03 19:00:00,0.7592592592592592,6,18,19,0,1
1012312288YR9376YUBK1,2025-03-03 20:00:00,0.6388888888888888,6,18,20,0,1
1012312288YR9376YUBK1,2025-03-03 21:00:00,0.5,6,18,21,0,1
1012312288YR9376YUBK1,2025-03-03 22:00:00,0.1851851851851852,6,18,22,0,1
1012312288YR9376YUBK1,2025-03-03 23:00:00,0.12037037037037036,6,18,23,0,1
1012312288YR9376YUBK1,2025-03-04 00:00:00,0.08333333333333333,6,18,0,1,1
1012312288YR9376YUBK1,2025-03-04 01:00:00,0.1111111111111111,6,18,1,1,1
1012312288YR9376YUBK1,2025-03-04 02:00:00,0.07407407407407407,6,18,2,1,1
1012312288YR9376YUBK1,2025-03-04 03:00:00,0.05555555555555555,3,18,3,1,1
1012312288YR9376YUBK1,2025-04-07 00:00:00,0.46296296296296297,6,18,0,0,1
1012312288YR9376YUBK1,2025-04-07 06:00:00,0.2777777777777778,6,18,6,0,1
1012312288YR9376YUBK1,2025-04-07 12:00:00,0.8055555555555555,6,18,12,0,1
1012312288YR9376YUBK1,2025-04-07 18:00:00,0.8703703703703703,3,18,18,0,1
1012312288YR9376YUBK1,2025-04-08 00:00:00,0.3333333333333333,6,18,0,1,1
1012312288YR9376YUBK1,2025-04-08 06:00:00,0.16666666666666666,6,18,6,1,1
1012312288YR9376YUBK1,2025-04-08 12:00:00,0.6481481481481481,6,18,12,1,1
1012312288YR9376YUBK1,2025-04-08 18:00:00,0.9074074074074074,6,18,18,1,1
1012312288YR9376YUBK1,2025-04-09 00:00:00,0.34259259259259256,6,18,0,2,1
1012312288YR9376YUBK1,2025-04-09 06:00:00,0.23148148148148148,6,18,6,2,1
1012312288YR9376YUBK1,2025-04-09 18:00:00,0.8888888888888888,6,18,18,2,1
1012312288YR9376YUBK1,2025-04-10 00:00:00,0.8333333333333334,6,18,0,3,1
1012312288YR9376YUBK1,2025-04-10 06:00:00,0.8333333333333334,6,18,6,3,1
1012312288YR9376YUBK1,2025-04-10 12:00:00,0.3796296296296296,6,18,12,3,1
1012312288YR9376YUBK1,2025-04-10 18:00:00,0.8796296296296297,6,18,18,3,1
1012312288YR9376YUBK1,2025-04-11 00:00:00,0.2222222222222222,6,18,0,4,1
1012312288YR9376YUBK1,2025-04-11 06:00:00,0.17592592592592593,6,18,6,4,1
1012312288YR9376YUBK1,2025-04-11 12:00:00,0.9222222222222222,5,18,12,4,1
1012312288YR9376YUBK1,2025-04-11 18:00:00,0.8333333333333334,6,18,18,4,1
1012312288YR9376YUBK1,2025-04-12 00:00:00,0.3888888888888889,6,18,0,5,0
1012312288YR9376YUBK1,2025-04-12 06:00:00,0.3611111111111111,6,18,6,5,0
1012312288YR9376YUBK1,2025-04-12 12:00:00,0.9444444444444444,4,18,12,5,0
1012312288YR9376YUBK1,2025-04-12 18:00:00,0.8518518518518517,6,18,18,5,0
1012312288YR9376YUBK1,2025-04-13 00:00:00,0.48148148148148145,6,18,0,6,0
1012312288YR9376YUBK1,2025-04-13 06:00:00,0.2962962962962963,6,18,6,6,0
1012312288YR9376YUBK1,2025-04-13 12:00:00,0.9444444444444444,5,18,12,6,0
1012312288YR9376YUBK1,2025-04-13 18:00:00,0.9444444444444443,6,18,18,6,0
1012312288YR9ABOZHGCH,2025-03-03 06:00:00,0.6382978723404256,2,47,6,0,1
1012312288YR9ABOZHGCH,2025-03-03 07:00:00,0.5460992907801419,6,47,7,0,1
1012312288YR9ABOZHGCH,2025-03-03 08:00:00,0.29432624113475175,6,47,8,0,1
1012312288YR9ABOZHGCH,2025-03-03 09:00:00,0.27304964539007087,6,47,9,0,1
1012312288YR9ABOZHGCH,2025-03-03 10:00:00,0.28723404255319146,6,47,10,0,1
1012312288YR9ABOZHGCH,2025-03-03 11:00:00,0.24113475177304963,6,47,11,0,1
1012312288YR9ABOZHGCH,2025-03-03 12:00:00,0.29432624113475175,6,47,12,0,1
1012312288YR9ABOZHGCH,2025-03-03 13:00:00,0.2553191489361702,6,47,13,0,1
1012312288YR9ABOZHGCH,2025-03-03 14:00:00,0.27304964539007087,6,47,14,0,1
1012312288YR9ABOZHGCH,2025-03-03 15:00:00,0.2801418439716312,6,47,15,0,1
1012312288YR9ABOZHGCH,2025-03-03 16:00:00,0.21985815602836878,6,47,16,0,1
1012312288YR9ABOZHGCH,2025-03-03 17:00:00,0.3333333333333333,6,47,17,0,1
1012312288YR9ABOZHGCH,2025-03-03 18:00:00,0.5106382978723404,6,47,18,0,1
1012312288YR9ABOZHGCH,2025-03-03 19:00:00,0.41489361702127664,6,47,19,0,1
1012312288YR9ABOZHGCH,2025-03-03 20:00:00,0.47517730496453897,6,47,20,0,1
1012312288YR9ABOZHGCH,2025-03-03 21:00:00,0.5283687943262411,6,47,21,0,1
1012312288YR9ABOZHGCH,2025-03-03 22:00:00,0.5319148936170213,6,47,22,0,1
1012312288YR9ABOZHGCH,2025-03-03 23:00:00,0.5496453900709221,6,47,23,0,1
1012312288YR9ABOZHGCH,2025-03-04 00:00:00,0.6028368794326241,6,47,0,1,1
1012312288YR9ABOZHGCH,2025-03-04 01:00:00,0.6170212765957447,6,47,1,1,1
1012312288YR9ABOZHGCH,2025-03-04 02:00:00,0.6170212765957447,6,47,2,1,1
1012312288YR9ABOZHGCH,2025-03-04 03:00:00,0.6170212765957447,3,47,3,1,1
1012312288YR9ABOZHGCH,2025-04-07 00:00:00,0.6028368794326241,6,47,0,0,1
1012312288YR9ABOZHGCH,2025-04-07 06:00:00,0.5921985815602837,6,47,6,0,1
1012312288YR9ABOZHGCH,2025-04-07 12:00:00,0.2553191489361702,6,47,12,0,1
1012312288YR9ABOZHGCH,2025-04-07 18:00:00,0.49290780141843965,6,47,18,0,1
1012312288YR9ABOZHGCH,2025-04-08 00:00:00,0.5957446808510638,6,47,0,1,1
1012312288YR9ABOZHGCH,2025-04-08 06:00:00,0.5709219858156028,6,47,6,1,1
1012312288YR9ABOZHGCH,2025-04-08 12:00:00,0.23758865248226949,6,47,12,1,1
1012312288YR9ABOZHGCH,2025-04-08 18:00:00,0.5638297872340426,6,47,18,1,1
1012312288YR9ABOZHGCH,2025-04-09 00:00:00,0.6595744680851063,6,47,0,2,1
1012312288YR9ABOZHGCH,2025-04-09 06:00:00,0.6099290780141844,6,47,6,2,1
1012312288YR9ABOZHGCH,2025-04-09 18:00:00,0.4219858156028369,6,47,18,2,1
1012312288YR9ABOZHGCH,2025-04-10 00:00:00,0.5425531914893617,6,47,0,3,1
1012312288YR9ABOZHGCH,2025-04-10 06:00:00,0.5106382978723404,6,47,6,3,1
1012312288YR9ABOZHGCH,2025-04-10 12:00:00,0.1879432624113475,6,47,12,3,1
1012312288YR9ABOZHGCH,2025-04-10 18:00:00,0.4432624113475177,6,47,18,3,1
1012312288YR9ABOZHGCH,2025-04-11 00:00:00,0.5177304964539007,6,47,0,4,1
1012312288YR9ABOZHGCH,2025-04-11 06:00:00,0.5070921985815603,6,47,6,4,1
1012312288YR9ABOZHGCH,2025-04-11 12:00:00,0.38652482269503546,6,47,12,4,1
1012312288YR9ABOZHGCH,2025-04-11 18:00:00,0.4042553191489362,6,47,18,4,1
1012312288YR9ABOZHGCH,2025-04-12 00:00:00,0.5,6,47,0,5,0
1012312288YR9ABOZHGCH,2025-04-12 06:00:00,0.4290780141843971,6,47,6,5,0
1012312288YR9ABOZHGCH,2025-04-12 12:00:00,0.326241134751773,6,47,12,5,0
1012312288YR9ABOZHGCH,2025-04-12 18:00:00,0.5177304964539008,6,47,18,5,0
1012312288YR9ABOZHGCH,2025-04-13 00:00:00,0.5,6,47,0,6,0
1012312288YR9ABOZHGCH,2025-04-13 06:00:00,0.43971631205673756,6,47,6,6,0
1012312288YR9ABOZHGCH,2025-04-13 12:00:00,0.49645390070921985,6,47,12,6,0
1012312288YR9ABOZHGCH,2025-04-13 18:00:00,0.3900709219858156,6,47,18,6,0
1012312288YR9D2CJ4741,2025-03-03 06:00:00,0.24,1,25,6,0,1
1012312288YR9D2CJ4741,2025-03-03 07:00:00,0.26666666666666666,6,25,7,0,1
1012312288YR9D2CJ4741,2025-03-03 08:00:00,0.5133333333333333,6,25,8,0,1
1012312288YR9D2CJ4741,2025-03-03 09:00:00,0.7133333333333334,6,25,9,0,1
1012312288YR9D2CJ4741,2025-03-03 10:00:00,0.6666666666666666,6,25,10,0,1
1012312288YR9D2CJ4741,2025-03-03 11:00:00,0.6866666666666666,6,25,11,0,1
1012312288YR9D2CJ4741,2025-03-03 12:00:00,0.6266666666666666,6,25,12,0,1
1012312288YR9D2CJ4741,2025-03-03 13:00:00,0.64,6,25,13,0,1
1012312288YR9D2CJ4741,2025-03-03 14:00:00,0.6866666666666666,6,25,14,0,1
1012312288YR9D2CJ4741,2025-03-03 15:00:00,0.6266666666666667,6,25,15,0,1
1012312288YR9D2CJ4741,2025-03-03 16:00:00,0.6466666666666666,6,25,16,0,1
1012312288YR9D2CJ4741,2025-03-03 17:00:00,0.6266666666666667,6,25,17,0,1
1012312288YR9D2CJ4741,2025-03-03 18:00:00,0.7466666666666667,6,25,18,0,1
1012312288YR9D2CJ4741,2025-03-03 19:00:00,0.5533333333333333,6,25,19,0,1
1012312288YR9D2CJ4741,2025-03-03 20:00:00,0.4666666666666666,6,25,20,0,1
1012312288YR9D2CJ4741,2025-03-03 21:00:00,0.43333333333333335,6,25,21,0,1
1012312288YR9D2CJ4741,2025-03-03 22:00:00,0.38666666666666666,6,25,22,0,1
1012312288YR9D2CJ4741,2025-03-03 23:00:00,0.24000000000000002,6,25,23,0,1
1012312288YR9D2CJ4741,2025-03-04 00:00:00,0.20000000000000004,6,25,0,1,1
1012312288YR9D2CJ4741,2025-03-04 01:00:00,0.20000000000000004,6,25,1,1,1
1012312288YR9D2CJ4741,2025-03-04 02:00:00,0.20000000000000004,6,25,2,1,1
1012312288YR9D2CJ4741,2025-03-04 03:00:00,0.20000000000000004,3,25,3,1,1
1012312288YR9D2CJ4741,2025-04-07 00:00:00,0.12,6,25,0,0,1
1012312288YR9D2CJ4741,2025-04-07 06:00:00,0.16,6,25,6,0,1
1012312288YR9D2CJ4741,2025-04-07 12:00:00,0.5933333333333334,6,25,12,0,1
1012312288YR9D2CJ4741,2025-04-07 18:00:00,0.5066666666666667,6,25,18,0,1
1012312288YR9D2CJ4741,2025-04-08 00:00:00,0.08,6,25,0,1,1
1012312288YR9D2CJ4741,2025-04-08 06:00:00,0.11333333333333334,6,25,6,1,1
1012312288YR9D2CJ4741,2025-04-08 12:00:00,0.48,6,25,12,1,1
1012312288YR9D2CJ4741,2025-04-08 18:00:00,0.5066666666666667,6,25,18,1,1
1012312288YR9D2CJ4741,2025-04-09 00:00:00,0.18000000000000002,6,25,0,2,1
1012312288YR9D2CJ4741,2025-04-09 06:00:00,0.18666666666666668,6,25,6,2,1
1012312288YR9D2CJ4741,2025-04-09 18:00:00,0.6,6,25,18,2,1
1012312288YR9D2CJ4741,2025-04-10 00:00:00,0.0,6,25,0,3,1
1012312288YR9D2CJ4741,2025-04-10 06:00:00,0.02666666666666667,6,25,6,3,1
1012312288YR9D2CJ4741,2025-04-10 12:00:00,0.5066666666666667,6,25,12,3,1
1012312288YR9D2CJ4741,2025-04-10 18:00:00,0.43333333333333335,6,25,18,3,1
1012312288YR9D2CJ4741,2025-04-11 00:00:00,0.24,6,25,0,4,1
1012312288YR9D2CJ4741,2025-04-11 06:00:00,0.26,6,25,6,4,1
1012312288YR9D2CJ4741,2025-04-11 12:00:00,0.5333333333333333,6,25,12,4,1
1012312288YR9D2CJ4741,2025-04-11 18:00:00,0.64,6,25,18,4,1
1012312288YR9D2CJ4741,2025-04-12 00:00:00,0.20000000000000004,6,25,0,5,0
1012312288YR9D2CJ4741,2025-04-12 06:00:00,0.19333333333333333,6,25,6,5,0
1012312288YR9D2CJ4741,2025-04-12 12:00:00,0.4533333333333333,6,25,12,5,0
1012312288YR9D2CJ4741,2025-04-12 18:00:00,0.4466666666666667,6,25,18,5,0
1012312288YR9D2CJ4741,2025-04-13 00:00:00,0.17333333333333334,6,25,0,6,0
1012312288YR9D2CJ4741,2025-04-13 06:00:00,0.17333333333333334,6,25,6,6,0
1012312288YR9D2CJ4741,2025-04-13 12:00:00,0.47333333333333333,6,25,12,6,0
1012312288YR9D2CJ4741,2025-04-13 18:00:00,0.5066666666666667,6,25,18,6,0
1012312288YR9HG704L4X,2025-03-03 06:00:00,0.0,1,107,6,0,1
1012312288YR9HG704L4X,2025-03-03 07:00:00,0.0,6,107,7,0,1
1012312288YR9HG704L4X,2025-03-03 08:00:00,0.0,6,107,8,0,1
1012312288YR9HG704L4X,2025-03-03 09:00:00,0.0,6,107,9,0,1
1012312288YR9HG704L4X,2025-03-03 10:00:00,0.0,6,107,10,0,1
1012312288YR9HG704L4X,2025-03-03 11:00:00,0.0,6,107,11,0,1
1012312288YR9HG704L4X,2025-03-03 12:00:00,0.0,6,107,12,0,1
1012312288YR9HG704L4X,2025-03-03 13:00:00,0.0,6,107,13,0,1
1012312288YR9HG704L4X,2025-03-03 14:00:00,0.0,6,107,14,0,1
1012312288YR9HG704L4X,2025-03-03 15:00:00,0.0,6,107,15,0,1
1012312288YR9HG704L4X,2025-03-03 16:00:00,0.0,6,107,16,0,1
1012312288YR9HG704L4X,2025-03-03 17:00:00,0.0,6,107,17,0,1
1012312288YR9HG704L4X,2025-03-03 18:00:00,0.0,6,107,18,0,1
1012312288YR9HG704L4X,2025-03-03 19:00:00,0.0,6,107,19,0,1
1012312288YR9HG704L4X,2025-03-03 20:00:00,0.0,6,107,20,0,1
1012312288YR9HG704L4X,2025-03-03 21:00:00,0.0,6,107,21,0,1
1012312288YR9HG704L4X,2025-03-03 22:00:00,0.0,6,107,22,0,1
1012312288YR9HG704L4X,2025-03-03 23:00:00,0.0,6,107,23,0,1
1012312288YR9HG704L4X,2025-03-04 00:00:00,0.0,6,107,0,1,1
1012312288YR9HG704L4X,2025-03-04 01:00:00,0.0,6,107,1,1,1
1012312288YR9HG704L4X,2025-03-04 02:00:00,0.0,6,107,2,1,1
1012312288YR9HG704L4X,2025-03-04 03:00:00,0.0,3,107,3,1,1
1012312288YR9HG704L4X,2025-04-07 00:00:00,0.0,6,107,0,0,1
1012312288YR9HG704L4X,2025-04-07 06:00:00,0.0,6,107,6,0,1
1012312288YR9HG704L4X,2025-04-07 12:00:00,0.0,6,107,12,0,1
1012312288YR9HG704L4X,2025-04-07 18:00:00,0.0,6,107,18,0,1
1012312288YR9HG704L4X,2025-04-08 00:00:00,0.0,6,107,0,1,1
1012312288YR9HG704L4X,2025-04-08 06:00:00,0.0,6,107,6,1,1
1012312288YR9HG704L4X,2025-04-08 12:00:00,0.0,6,107,12,1,1
1012312288YR9HG704L4X,2025-04-08 18:00:00,0.0,6,107,18,1,1
1012312288YR9HG704L4X,2025-04-09 00:00:00,0.0,6,107,0,2,1
1012312288YR9HG704L4X,2025-04-09 06:00:00,0.0,6,107,6,2,1
1012312288YR9HG704L4X,2025-04-09 18:00:00,0.0,6,107,18,2,1
1012312288YR9HG704L4X,2025-04-10 00:00:00,0.0,6,107,0,3,1
1012312288YR9HG704L4X,2025-04-10 06:00:00,0.0,6,107,6,3,1
1012312288YR9HG704L4X,2025-04-10 12:00:00,0.0,6,107,12,3,1
1012312288YR9HG704L4X,2025-04-10 18:00:00,0.0,6,107,18,3,1
1012312288YR9HG704L4X,2025-04-11 00:00:00,0.0,6,107,0,4,1
1012312288YR9HG704L4X,2025-04-11 06:00:00,0.0,6,107,6,4,1
1012312288YR9HG704L4X,2025-04-11 12:00:00,0.0,6,107,12,4,1
1012312288YR9HG704L4X,2025-04-11 18:00:00,0.0,6,107,18,4,1
1012312288YR9HG704L4X,2025-04-12 00:00:00,0.0,6,107,0,5,0
1012312288YR9HG704L4X,2025-04-12 06:00:00,0.0,6,107,6,5,0
1012312288YR9HG704L4X,2025-04-12 12:00:00,0.0,6,107,12,5,0
1012312288YR9HG704L4X,2025-04-12 18:00:00,0.0,6,107,18,5,0
1012312288YR9HG704L4X,2025-04-13 00:00:00,0.0,6,107,0,6,0
1012312288YR9HG704L4X,2025-04-13 06:00:00,0.0,6,107,6,6,0
1012312288YR9HG704L4X,2025-04-13 12:00:00,0.0,6,107,12,6,0
1012312288YR9HG704L4X,2025-04-13 18:00:00,0.0,6,107,18,6,0
1012312288YR9LAB60FEP,2025-03-03 06:00:00,0.044444444444444446,1,45,6,0,1
1012312288YR9LAB60FEP,2025-03-03 07:00:00,0.022222222222222223,6,45,7,0,1
1012312288YR9LAB60FEP,2025-03-03 08:00:00,0.05925925925925926,6,45,8,0,1
1012312288YR9LAB60FEP,2025-03-03 09:00:00,0.07037037037037037,6,45,9,0,1
1012312288YR9LAB60FEP,2025-03-03 10:00:00,0.07037037037037037,6,45,10,0,1
1012312288YR9LAB60FEP,2025-03-03 11:00:00,0.08148148148148147,6,45,11,0,1
1012312288YR9LAB60FEP,2025-03-03 12:00:00,0.16666666666666666,6,45,12,0,1
1012312288YR9LAB60FEP,2025-03-03 13:00:00,0.15185185185185185,6,45,13,0,1
1012312288YR9LAB60FEP,2025-03-03 14:00:00,0.1814814814814815,6,45,14,0,1
1012312288YR9LAB60FEP,2025-03-03 15:00:00,0.1962962962962963,6,45,15,0,1
1012312288YR9LAB60FEP,2025-03-03 16:00:00,0.15925925925925927,6,45,16,0,1
1012312288YR9LAB60FEP,2025-03-03 17:00:00,0.1851851851851852,6,45,17,0,1
1012312288YR9LAB60FEP,2025-03-03 18:00:00,0.24444444444444444,6,45,18,0,1
1012312288YR9LAB60FEP,2025-03-03 19:00:00,0.3074074074074074,6,45,19,0,1
1012312288YR9LAB60FEP,2025-03-03 20:00:00,0.337037037037037,6,45,20,0,1
1012312288YR9LAB60FEP,2025-03-03 21:00:00,0.37777777777777777,6,45,21,0,1
1012312288YR9LAB60FEP,2025-03-03 22:00:00,0.3666666666666667,6,45,22,0,1
1012312288YR9LAB60FEP,2025-03-03 23:00:00,0.32222222222222224,6,45,23,0,1
1012312288YR9LAB60FEP,2025-03-04 00:00:00,0.3037037037037037,6,45,0,1,1
1012312288YR9LAB60FEP,2025-03-04 01:00:00,0.21481481481481482,6,45,1,1,1
1012312288YR9LAB60FEP,2025-03-04 02:00:00,0.2148148148148148,6,45,2,1,1
1012312288YR9LAB60FEP,2025-03-04 03:00:00,0.2148148148148148,3,45,3,1,1
1012312288YR9LAB60FEP,2025-04-07 00:00:00,0.23703703703703705,6,45,0,0,1
1012312288YR9LAB60FEP,2025-04-07 06:00:00,0.06666666666666667,6,45,6,0,1
1012312288YR9LAB60FEP,2025-04-07 12:00:00,0.11111111111111112,6,45,12,0,1
1012312288YR9LAB60FEP,2025-04-07 18:00:00,0.2555555555555556,6,45,18,0,1
1012312288YR9LAB60FEP,2025-04-08 00:00:00,0.14444444444444446,6,45,0,1,1
1012312288YR9LAB60FEP,2025-04-08 06:00:00,0.08888888888888889,6,45,6,1,1
1012312288YR9LAB60FEP,2025-04-08 12:00:00,0.0925925925925926,6,45,12,1,1
1012312288YR9LAB60FEP,2025-04-08 18:00:00,0.32222222222222224,6,45,18,1,1
1012312288YR9LAB60FEP,2025-04-09 00:00:00,0.15555555555555556,6,45,0,2,1
1012312288YR9LAB60FEP,2025-04-09 06:00:00,0.044444444444444446,6,45,6,2,1
1012312288YR9LAB60FEP,2025-04-09 18:00:00,0.2962962962962963,6,45,18,2,1
1012312288YR9LAB60FEP,2025-04-10 00:00:00,0.15555555555555556,6,45,0,3,1
1012312288YR9LAB60FEP,2025-04-10 06:00:00,0.025925925925925925,6,45,6,3,1
1012312288YR9LAB60FEP,2025-04-10 12:00:00,0.21481481481481482,6,45,12,3,1
1012312288YR9LAB60FEP,2025-04-10 18:00:00,0.29259259259259257,6,45,18,3,1
1012312288YR9LAB60FEP,2025-04-11 00:00:00,0.1074074074074074,6,45,0,4,1
1012312288YR9LAB60FEP,2025-04-11 06:00:00,0.07037037037037037,6,45,6,4,1
1012312288YR9LAB60FEP,2025-04-11 12:00:00,0.13333333333333333,6,45,12,4,1
1012312288YR9LAB60FEP,2025-04-11 18:00:00,0.3444444444444445,6,45,18,4,1
1012312288YR9LAB60FEP,2025-04-12 00:00:00,0.17037037037037037,6,45,0,5,0
1012312288YR9LAB60FEP,2025-04-12 06:00:00,0.022222222222222223,6,45,6,5,0
1012312288YR9LAB60FEP,2025-04-12 12:00:00,0.3111111111111111,6,45,12,5,0
1012312288YR9LAB60FEP,2025-04-12 18:00:00,0.40740740740740744,6,45,18,5,0
1012312288YR9LAB60FEP,2025-04-13 00:00:00,0.1851851851851852,6,45,0,6,0
1012312288YR9LAB60FEP,2025-04-13 06:00:00,0.025925925925925925,6,45,6,6,0
1012312288YR9LAB60FEP,2025-04-13 12:00:00,0.07777777777777778,6,45,12,6,0
1012312288YR9LAB60FEP,2025-04-13 18:00:00,0.28518518518518515,6,45,18,6,0
1012312288YR9PO5N0TFL,2025-03-03 06:00:00,0.05555555555555555,1,54,6,0,1
1012312288YR9PO5N0TFL,2025-03-03 07:00:00,0.06481481481481481,6,54,7,0,1
1012312288YR9PO5N0TFL,2025-03-03 08:00:00,0.043209876543209874,6,54,8,0,1
1012312288YR9PO5N0TFL,2025-03-03 09:00:00,0.08950617283950617,6,54,9,0,1
1012312288YR9PO5N0TFL,2025-03-03 10:00:00,0.09876543209876543,6,54,10,0,1
1012312288YR9PO5N0TFL,2025-03-03 11:00:00,0.12037037037037036,6,54,11,0,1
1012312288YR9PO5N0TFL,2025-03-03 12:00:00,0.21296296296296294,6,54,12,0,1
1012312288YR9PO5N0TFL,2025-03-03 13:00:00,0.32716049382716045,6,54,13,0,1
1012312288YR9PO5N0TFL,2025-03-03 14:00:00,0.30864197530864196,6,54,14,0,1
1012312288YR9PO5N0TFL,2025-03-03 15:00:00,0.2932098765432099,6,54,15,0,1
1012312288YR9PO5N0TFL,2025-03-03 16:00:00,0.2716049382716049,6,54,16,0,1
1012312288YR9PO5N0TFL,2025-03-03 17:00:00,0.2962962962962963,6,54,17,0,1
1012312288YR9PO5N0TFL,2025-03-03 18:00:00,0.40740740740740744,6,54,18,0,1
1012312288YR9PO5N0TFL,2025-03-03 19:00:00,0.4104938271604938,6,54,19,0,1
1012312288YR9PO5N0TFL,2025-03-03 20:00:00,0.3395061728395062,6,54,20,0,1
1012312288YR9PO5N0TFL,2025-03-03 21:00:00,0.2037037037037037,6,54,21,0,1
1012312288YR9PO5N0TFL,2025-03-03 22:00:00,0.16049382716049382,6,54,22,0,1
1012312288YR9PO5N0TFL,2025-03-03 23:00:00,0.12962962962962962,6,54,23,0,1
1012312288YR9PO5N0TFL,2025-03-04 00:00:00,0.0925925925925926,6,54,0,1,1
1012312288YR9PO5N0TFL,2025-03-04 01:00:00,0.07716049382716049,6,54,1,1,1
1012312288YR9PO5N0TFL,2025-03-04 02:00:00,0.07407407407407407,6,54,2,1,1
1012312288YR9PO5N0TFL,2025-03-04 03:00:00,0.07407407407407407,3,54,3,1,1
1012312288YR9PO5N0TFL,2025-04-07 00:00:00,0.13271604938271606,6,54,0,0,1
1012312288YR9PO5N0TFL,2025-04-07 06:00:00,0.1111111111111111,6,54,6,0,1
1012312288YR9PO5N0TFL,2025-04-07 12:00:00,0.3611111111111111,6,54,12,0,1
1012312288YR9PO5N0TFL,2025-04-07 18:00:00,0.3703703703703704,6,54,18,0,1
1012312288YR9PO5N0TFL,2025-04-08 00:00:00,0.18827160493827158,6,54,0,1,1
1012312288YR9PO5N0TFL,2025-04-08 06:00:00,0.0925925925925926,6,54,6,1,1
1012312288YR9PO5N0TFL,2025-04-08 12:00:00,0.3055555555555555,6,54,12,1,1
1012312288YR9PO5N0TFL,2025-04-08 18:00:00,0.6296296296296297,6,54,18,1,1
1012312288YR9PO5N0TFL,2025-04-09 00:00:00,0.24382716049382713,6,54,0,2,1
1012312288YR9PO5N0TFL,2025-04-09 06:00:00,0.17901234567901234,6,54,6,2,1
1012312288YR9PO5N0TFL,2025-04-09 18:00:00,0.31790123456790126,6,54,18,2,1
1012312288YR9PO5N0TFL,2025-04-10 00:00:00,0.15123456790123455,6,54,0,3,1
1012312288YR9PO5N0TFL,2025-04-10 06:00:00,0.1111111111111111,6,54,6,3,1
1012312288YR9PO5N0TFL,2025-04-10 12:00:00,0.4012345679012346,6,54,12,3,1
1012312288YR9PO5N0TFL,2025-04-10 18:00:00,0.5679012345679012,6,54,18,3,1
1012312288YR9PO5N0TFL,2025-04-11 00:00:00,0.23148148148148148,6,54,0,4,1
1012312288YR9PO5N0TFL,2025-04-11 06:00:00,0.21604938271604937,6,54,6,4,1
1012312288YR9PO5N0TFL,2025-04-11 12:00:00,0.3302469135802469,6,54,12,4,1
1012312288YR9PO5N0TFL,2025-04-11 18:00:00,0.6203703703703703,6,54,18,4,1
1012312288YR9PO5N0TFL,2025-04-12 00:00:00,0.22839506172839505,6,54,0,5,0
1012312288YR9PO5N0TFL,2025-04-12 06:00:00,0.19135802469135801,6,54,6,5,0
1012312288YR9PO5N0TFL,2025-04-12 12:00:00,0.4166666666666667,6,54,12,5,0
1012312288YR9PO5N0TFL,2025-04-12 18:00:00,0.8734567901234568,6,54,18,5,0
1012312288YR9PO5N0TFL,2025-04-13 00:00:00,0.2623456790123457,6,54,0,6,0
1012312288YR9PO5N0TFL,2025-04-13 06:00:00,0.12962962962962962,6,54,6,6,0
1012312288YR9PO5N0TFL,2025-04-13 12:00:00,0.6512345679012346,6,54,12,6,0
1012312288YR9PO5N0TFL,2025-04-13 18:00:00,0.9197530864197531,6,54,18,6,0
1012312288YR9VX35V2M9,2025-03-03 06:00:00,0.29411764705882354,1,17,6,0,1
1012312288YR9VX35V2M9,2025-03-03 07:00:00,0.29411764705882354,6,17,7,0,1
1012312288YR9VX35V2M9,2025-03-03 08:00:00,0.5098039215686275,6,17,8,0,1
1012312288YR9VX35V2M9,2025-03-03 09:00:00,0.6960784313725491,6,17,9,0,1
1012312288YR9VX35V2M9,2025-03-03 10:00:00,0.6372549019607844,6,17,10,0,1
1012312288YR9VX35V2M9,2025-03-03 11:00:00,0.6470588235294118,6,17,11,0,1
1012312288YR9VX35V2M9,2025-03-03 12:00:00,0.7352941176470589,6,17,12,0,1
1012312288YR9VX35V2M9,2025-03-03 13:00:00,0.8431372549019608,6,17,13,0,1
1012312288YR9VX35V2M9,2025-03-03 14:00:00,0.823529411764706,6,17,14,0,1
1012312288YR9VX35V2M9,2025-03-03 15:00:00,0.7843137254901961,6,17,15,0,1
1012312288YR9VX35V2M9,2025-03-03 16:00:00,0.8137254901960785,6,17,16,0,1
1012312288YR9VX35V2M9,2025-03-03 17:00:00,0.7843137254901961,6,17,17,0,1
1012312288YR9VX35V2M9,2025-03-03 18:00:00,0.9019607843137255,6,17,18,0,1
1012312288YR9VX35V2M9,2025-03-03 19:00:00,0.676470588235294,6,17,19,0,1
1012312288YR9VX35V2M9,2025-03-03 20:00:00,0.5686274509803922,6,17,20,0,1
1012312288YR9VX35V2M9,2025-03-03 21:00:00,0.5294117647058824,6,17,21,0,1
1012312288YR9VX35V2M9,2025-03-03 22:00:00,0.5196078431372549,6,17,22,0,1
1012312288YR9VX35V2M9,2025-03-03 23:00:00,0.4803921568627451,6,17,23,0,1
1012312288YR9VX35V2M9,2025-03-04 00:00:00,0.4215686274509804,6,17,0,1,1
1012312288YR9VX35V2M9,2025-03-04 01:00:00,0.411764705882353,6,17,1,1,1
1012312288YR9VX35V2M9,2025-03-04 02:00:00,0.411764705882353,6,17,2,1,1
1012312288YR9VX35V2M9,2025-03-04 03:00:00,0.411764705882353,3,17,3,1,1
1012312288YR9VX35V2M9,2025-04-07 00:00:00,0.4411764705882353,6,17,0,0,1
1012312288YR9VX35V2M9,2025-04-07 06:00:00,0.29411764705882354,6,17,6,0,1
1012312288YR9VX35V2M9,2025-04-07 12:00:00,0.45098039215686275,6,17,12,0,1
1012312288YR9VX35V2M9,2025-04-07 18:00:00,0.7843137254901961,6,17,18,0,1
1012312288YR9VX35V2M9,2025-04-08 00:00:00,0.5490196078431372,6,17,0,1,1
1012312288YR9VX35V2M9,2025-04-08 06:00:00,0.411764705882353,6,17,6,1,1
1012312288YR9VX35V2M9,2025-04-08 12:00:00,0.7352941176470589,6,17,12,1,1
1012312288YR9VX35V2M9,2025-04-08 18:00:00,0.7352941176470589,6,17,18,1,1
1012312288YR9VX35V2M9,2025-04-09 00:00:00,0.3333333333333333,6,17,0,2,1
1012312288YR9VX35V2M9,2025-04-09 06:00:00,0.35294117647058826,6,17,6,2,1
1012312288YR9VX35V2M9,2025-04-09 18:00:00,0.4803921568627451,6,17,18,2,1
1012312288YR9VX35V2M9,2025-04-10 00:00:00,0.2352941176470588,6,17,0,3,1
1012312288YR9VX35V2M9,2025-04-10 06:00:00,0.35294117647058826,6,17,6,3,1
1012312288YR9VX35V2M9,2025-04-10 12:00:00,0.8823529411764707,5,17,12,3,1
1012312288YR9VX35V2M9,2025-04-10 18:00:00,0.7058823529411765,6,17,18,3,1
1012312288YR9VX35V2M9,2025-04-11 00:00:00,0.3333333333333333,6,17,0,4,1
1012312288YR9VX35V2M9,2025-04-11 06:00:00,0.37254901960784315,6,17,6,4,1
1012312288YR9VX35V2M9,2025-04-11 12:00:00,0.5686274509803922,6,17,12,4,1
1012312288YR9VX35V2M9,2025-04-11 18:00:00,0.892156862745098,6,17,18,4,1
1012312288YR9VX35V2M9,2025-04-12 00:00:00,0.303921568627451,6,17,0,5,0
1012312288YR9VX35V2M9,2025-04-12 06:00:00,0.17647058823529413,6,17,6,5,0
1012312288YR9VX35V2M9,2025-04-12 12:00:00,0.7941176470588235,6,17,12,5,0
1012312288YR9VX35V2M9,2025-04-12 18:00:00,0.9215686274509803,6,17,18,5,0
1012312288YR9VX35V2M9,2025-04-13 00:00:00,0.22549019607843138,6,17,0,6,0
1012312288YR9VX35V2M9,2025-04-13 06:00:00,0.1176470588235294,6,17,6,6,0
1012312288YR9VX35V2M9,2025-04-13 12:00:00,0.8431372549019608,6,17,12,6,0
1012312288YR9VX35V2M9,2025-04-13 18:00:00,0.7549019607843137,6,17,18,6,0
1012312288YRADOD6CUM9,2025-03-03 06:00:00,0.0,2,25,6,0,1
1012312288YRADOD6CUM9,2025-03-03 07:00:00,0.0,6,25,7,0,1
1012312288YRADOD6CUM9,2025-03-03 08:00:00,0.0,6,25,8,0,1
1012312288YRADOD6CUM9,2025-03-03 09:00:00,0.0,6,25,9,0,1
1012312288YRADOD6CUM9,2025-03-03 10:00:00,0.0,6,25,10,0,1
1012312288YRADOD6CUM9,2025-03-03 11:00:00,0.0,6,25,11,0,1
1012312288YRADOD6CUM9,2025-03-03 12:00:00,0.0,6,25,12,0,1
1012312288YRADOD6CUM9,2025-03-03 13:00:00,0.0,6,25,13,0,1
1012312288YRADOD6CUM9,2025-03-03 14:00:00,0.0,6,25,14,0,1
1012312288YRADOD6CUM9,2025-03-03 15:00:00,0.0,6,25,15,0,1
1012312288YRADOD6CUM9,2025-03-03 16:00:00,0.0,6,25,16,0,1
1012312288YRADOD6CUM9,2025-03-03 17:00:00,0.0,6,25,17,0,1
1012312288YRADOD6CUM9,2025-03-03 18:00:00,0.0,6,25,18,0,1
1012312288YRADOD6CUM9,2025-03-03 19:00:00,0.0,6,25,19,0,1
1012312288YRADOD6CUM9,2025-03-03 20:00:00,0.0,6,25,20,0,1
1012312288YRADOD6CUM9,2025-03-03 21:00:00,0.0,6,25,21,0,1
1012312288YRADOD6CUM9,2025-03-03 22:00:00,0.0,6,25,22,0,1
1012312288YRADOD6CUM9,2025-03-03 23:00:00,0.0,6,25,23,0,1
1012312288YRADOD6CUM9,2025-03-04 00:00:00,0.0,6,25,0,1,1
1012312288YRADOD6CUM9,2025-03-04 01:00:00,0.0,6,25,1,1,1
1012312288YRADOD6CUM9,2025-03-04 02:00:00,0.0,6,25,2,1,1
1012312288YRADOD6CUM9,2025-03-04 03:00:00,0.0,3,25,3,1,1
1012312288YRADOD6CUM9,2025-04-07 00:00:00,0.0,6,25,0,0,1
1012312288YRADOD6CUM9,2025-04-07 06:00:00,0.0,6,25,6,0,1
1012312288YRADOD6CUM9,2025-04-07 12:00:00,0.0,6,25,12,0,1
1012312288YRADOD6CUM9,2025-04-07 18:00:00,0.0,6,25,18,0,1
1012312288YRADOD6CUM9,2025-04-08 00:00:00,0.0,6,25,0,1,1
1012312288YRADOD6CUM9,2025-04-08 06:00:00,0.0,6,25,6,1,1
1012312288YRADOD6CUM9,2025-04-08 12:00:00,0.0,6,25,12,1,1
1012312288YRADOD6CUM9,2025-04-08 18:00:00,0.0,6,25,18,1,1
1012312288YRADOD6CUM9,2025-04-09 00:00:00,0.0,6,25,0,2,1
1012312288YRADOD6CUM9,2025-04-09 06:00:00,0.0,6,25,6,2,1
1012312288YRADOD6CUM9,2025-04-09 18:00:00,0.0,6,25,18,2,1
1012312288YRADOD6CUM9,2025-04-10 00:00:00,0.0,6,25,0,3,1
1012312288YRADOD6CUM9,2025-04-10 06:00:00,0.0,6,25,6,3,1
1012312288YRADOD6CUM9,2025-04-10 12:00:00,0.0,6,25,12,3,1
1012312288YRADOD6CUM9,2025-04-10 18:00:00,0.0,6,25,18,3,1
1012312288YRADOD6CUM9,2025-04-11 00:00:00,0.0,6,25,0,4,1
1012312288YRADOD6CUM9,2025-04-11 06:00:00,0.0,6,25,6,4,1
1012312288YRADOD6CUM9,2025-04-11 12:00:00,0.0,6,25,12,4,1
1012312288YRADOD6CUM9,2025-04-11 18:00:00,0.0,6,25,18,4,1
1012312288YRADOD6CUM9,2025-04-12 00:00:00,0.0,6,25,0,5,0
1012312288YRADOD6CUM9,2025-04-12 06:00:00,0.0,6,25,6,5,0
1012312288YRADOD6CUM9,2025-04-12 12:00:00,0.0,6,25,12,5,0
1012312288YRADOD6CUM9,2025-04-12 18:00:00,0.0,6,25,18,5,0
1012312288YRADOD6CUM9,2025-04-13 00:00:00,0.0,6,25,0,6,0
1012312288YRADOD6CUM9,2025-04-13 06:00:00,0.0,6,25,6,6,0
1012312288YRADOD6CUM9,2025-04-13 12:00:00,0.0,6,25,12,6,0
1012312288YRADOD6CUM9,2025-04-13 18:00:00,0.0,6,25,18,6,0
1012312288YRAJXAP73SX,2025-03-03 06:00:00,0.13333333333333333,2,45,6,0,1
1012312288YRAJXAP73SX,2025-03-03 07:00:00,0.19259259259259262,6,45,7,0,1
1012312288YRAJXAP73SX,2025-03-03 08:00:00,0.2111111111111111,6,45,8,0,1
1012312288YRAJXAP73SX,2025-03-03 09:00:00,0.17777777777777778,6,45,9,0,1
1012312288YRAJXAP73SX,2025-03-03 10:00:00,0.19259259259259262,6,45,10,0,1
1012312288YRAJXAP73SX,2025-03-03 11:00:00,0.2148148148148148,6,45,11,0,1
1012312288YRAJXAP73SX,2025-03-03 12:00:00,0.3111111111111111,6,45,12,0,1
1012312288YRAJXAP73SX,2025-03-03 13:00:00,0.34074074074074073,6,45,13,0,1
1012312288YRAJXAP73SX,2025-03-03 14:00:00,0.25555555555555554,6,45,14,0,1
1012312288YRAJXAP73SX,2025-03-03 15:00:00,0.38518518518518524,6,45,15,0,1
1012312288YRAJXAP73SX,2025-03-03 16:00:00,0.3444444444444444,6,45,16,0,1
1012312288YRAJXAP73SX,2025-03-03 17:00:00,0.24814814814814815,6,45,17,0,1
1012312288YRAJXAP73SX,2025-03-03 18:00:00,0.3222222222222222,6,45,18,0,1
1012312288YRAJXAP73SX,2025-03-03 19:00:00,0.35185185185185186,6,45,19,0,1
1012312288YRAJXAP73SX,2025-03-03 20:00:00,0.2518518518518518,6,45,20,0,1
1012312288YRAJXAP73SX,2025-03-03 21:00:00,0.20000000000000004,6,45,21,0,1
1012312288YRAJXAP73SX,2025-03-03 22:00:00,0.25925925925925924,6,45,22,0,1
1012312288YRAJXAP73SX,2025-03-03 23:00:00,0.26666666666666666,6,45,23,0,1
1012312288YRAJXAP73SX,2025-03-04 00:00:00,0.26666666666666666,6,45,0,1,1
1012312288YRAJXAP73SX,2025-03-04 01:00:00,0.26666666666666666,6,45,1,1,1
1012312288YRAJXAP73SX,2025-03-04 02:00:00,0.26666666666666666,6,45,2,1,1
1012312288YRAJXAP73SX,2025-03-04 03:00:00,0.26666666666666666,3,45,3,1,1
1012312288YRAJXAP73SX,2025-04-07 00:00:00,0.11481481481481481,6,45,0,0,1
1012312288YRAJXAP73SX,2025-04-07 06:00:00,0.1111111111111111,6,45,6,0,1
1012312288YRAJXAP73SX,2025-04-07 12:00:00,0.3444444444444444,6,45,12,0,1
1012312288YRAJXAP73SX,2025-04-07 18:00:00,0.32222222222222224,6,45,18,0,1
1012312288YRAJXAP73SX,2025-04-08 00:00:00,0.12222222222222222,6,45,0,1,1
1012312288YRAJXAP73SX,2025-04-08 06:00:00,0.15555555555555556,6,45,6,1,1
1012312288YRAJXAP73SX,2025-04-08 12:00:00,0.3259259259259259,6,45,12,1,1
1012312288YRAJXAP73SX,2025-04-08 18:00:00,0.3962962962962963,6,45,18,1,1
1012312288YRAJXAP73SX,2025-04-09 00:00:00,0.13703703703703704,6,45,0,2,1
1012312288YRAJXAP73SX,2025-04-09 06:00:00,0.15925925925925927,6,45,6,2,1
1012312288YRAJXAP73SX,2025-04-09 18:00:00,0.29259259259259257,6,45,18,2,1
1012312288YRAJXAP73SX,2025-04-10 00:00:00,0.28888888888888886,6,45,0,3,1
1012312288YRAJXAP73SX,2025-04-10 06:00:00,0.28888888888888886,6,45,6,3,1
1012312288YRAJXAP73SX,2025-04-10 12:00:00,0.022222222222222223,6,45,12,3,1
1012312288YRAJXAP73SX,2025-04-10 18:00:00,0.022222222222222223,6,45,18,3,1
1012312288YRAJXAP73SX,2025-04-11 00:00:00,0.022222222222222223,6,45,0,4,1
1012312288YRAJXAP73SX,2025-04-11 06:00:00,0.022222222222222223,6,45,6,4,1
1012312288YRAJXAP73SX,2025-04-11 12:00:00,0.022222222222222223,6,45,12,4,1
1012312288YRAJXAP73SX,2025-04-11 18:00:00,0.022222222222222223,6,45,18,4,1
1012312288YRAJXAP73SX,2025-04-12 00:00:00,0.022222222222222223,6,45,0,5,0
1012312288YRAJXAP73SX,2025-04-12 06:00:00,0.022222222222222223,6,45,6,5,0
1012312288YRAJXAP73SX,2025-04-12 12:00:00,0.022222222222222223,6,45,12,5,0
1012312288YRAJXAP73SX,2025-04-12 18:00:00,0.022222222222222223,6,45,18,5,0
1012312288YRAJXAP73SX,2025-04-13 00:00:00,0.022222222222222223,6,45,0,6,0
1012312288YRAJXAP73SX,2025-04-13 06:00:00,0.022222222222222223,6,45,6,6,0
1012312288YRAJXAP73SX,2025-04-13 12:00:00,0.022222222222222223,6,45,12,6,0
1012312288YRAJXAP73SX,2025-04-13 18:00:00,0.022222222222222223,6,45,18,6,0
1012312288YRAV3T06ARL,2025-03-03 06:00:00,0.26666666666666666,1,30,6,0,1
1012312288YRAV3T06ARL,2025-03-03 07:00:00,0.26666666666666666,6,30,7,0,1
1012312288YRAV3T06ARL,2025-03-03 08:00:00,0.07777777777777778,6,30,8,0,1
1012312288YRAV3T06ARL,2025-03-03 09:00:00,0.044444444444444446,6,30,9,0,1
1012312288YRAV3T06ARL,2025-03-03 10:00:00,0.07777777777777778,6,30,10,0,1
1012312288YRAV3T06ARL,2025-03-03 11:00:00,0.07222222222222223,6,30,11,0,1
1012312288YRAV3T06ARL,2025-03-03 12:00:00,0.049999999999999996,6,30,12,0,1
1012312288YRAV3T06ARL,2025-03-03 13:00:00,0.10555555555555556,6,30,13,0,1
1012312288YRAV3T06ARL,2025-03-03 14:00:00,0.15,6,30,14,0,1
1012312288YRAV3T06ARL,2025-03-03 15:00:00,0.18333333333333335,6,30,15,0,1
1012312288YRAV3T06ARL,2025-03-03 16:00:00,0.2222222222222222,6,30,16,0,1
1012312288YRAV3T06ARL,2025-03-03 17:00:00,0.2111111111111111,6,30,17,0,1
1012312288YRAV3T06ARL,2025-03-03 18:00:00,0.35555555555555557,6,30,18,0,1
1012312288YRAV3T06ARL,2025-03-03 19:00:00,0.3111111111111111,6,30,19,0,1
1012312288YRAV3T06ARL,2025-03-03 20:00:00,0.22222222222222224,6,30,20,0,1
1012312288YRAV3T06ARL,2025-03-03 21:00:00,0.18333333333333335,6,30,21,0,1
1012312288YRAV3T06ARL,2025-03-03 22:00:00,0.17777777777777778,6,30,22,0,1
1012312288YRAV3T06ARL,2025-03-03 23:00:00,0.21666666666666667,6,30,23,0,1
1012312288YRAV3T06ARL,2025-03-04 00:00:00,0.16666666666666666,6,30,0,1,1
1012312288YRAV3T06ARL,2025-03-04 01:00:00,0.14444444444444446,6,30,1,1,1
1012312288YRAV3T06ARL,2025-03-04 02:00:00,0.13333333333333333,6,30,2,1,1
1012312288YRAV3T06ARL,2025-03-04 03:00:00,0.13333333333333333,3,30,3,1,1
1012312288YRAV3T06ARL,2025-04-07 00:00:00,0.19999999999999998,6,30,0,0,1
1012312288YRAV3T06ARL,2025-04-07 06:00:00,0.13888888888888887,6,30,6,0,1
1012312288YRAV3T06ARL,2025-04-07 12:00:00,0.11666666666666665,6,30,12,0,1
1012312288YRAV3T06ARL,2025-04-07 18:00:00,0.48888888888888893,6,30,18,0,1
1012312288YRAV3T06ARL,2025-04-08 00:00:00,0.3055555555555555,6,30,0,1,1
1012312288YRAV3T06ARL,2025-04-08 06:00:00,0.1722222222222222,6,30,6,1,1
1012312288YRAV3T06ARL,2025-04-08 12:00:00,0.1111111111111111,6,30,12,1,1
1012312288YRAV3T06ARL,2025-04-08 18:00:00,0.3888888888888889,6,30,18,1,1
1012312288YRAV3T06ARL,2025-04-09 00:00:00,0.3611111111111111,6,30,0,2,1
1012312288YRAV3T06ARL,2025-04-09 06:00:00,0.2111111111111111,6,30,6,2,1
1012312288YRAV3T06ARL,2025-04-09 18:00:00,0.3111111111111111,6,30,18,2,1
1012312288YRAV3T06ARL,2025-04-10 00:00:00,0.3111111111111111,6,30,0,3,1
1012312288YRAV3T06ARL,2025-04-10 06:00:00,0.3111111111111111,6,30,6,3,1
1012312288YRAV3T06ARL,2025-04-10 12:00:00,0.016666666666666666,6,30,12,3,1
1012312288YRAV3T06ARL,2025-04-10 18:00:00,0.3277777777777778,6,30,18,3,1
1012312288YRAV3T06ARL,2025-04-11 00:00:00,0.22222222222222224,6,30,0,4,1
1012312288YRAV3T06ARL,2025-04-11 06:00:00,0.17777777777777778,6,30,6,4,1
1012312288YRAV3T06ARL,2025-04-11 12:00:00,0.12222222222222222,6,30,12,4,1
1012312288YRAV3T06ARL,2025-04-11 18:00:00,0.611111111111111,6,30,18,4,1
1012312288YRAV3T06ARL,2025-04-12 00:00:00,0.25555555555555554,6,30,0,5,0
1012312288YRAV3T06ARL,2025-04-12 06:00:00,0.2111111111111111,6,30,6,5,0
1012312288YRAV3T06ARL,2025-04-12 12:00:00,0.1722222222222222,6,30,12,5,0
1012312288YRAV3T06ARL,2025-04-12 18:00:00,0.5777777777777778,6,30,18,5,0
1012312288YRAV3T06ARL,2025-04-13 00:00:00,0.1722222222222222,6,30,0,6,0
1012312288YRAV3T06ARL,2025-04-13 06:00:00,0.18333333333333335,6,30,6,6,0
1012312288YRAV3T06ARL,2025-04-13 12:00:00,0.14444444444444446,6,30,12,6,0
1012312288YRAV3T06ARL,2025-04-13 18:00:00,0.2722222222222222,6,30,18,6,0
1012312288YRAXUGJT1J5,2025-03-03 06:00:00,0.5593220338983051,2,59,6,0,1
1012312288YRAXUGJT1J5,2025-03-03 07:00:00,0.5254237288135594,6,59,7,0,1
1012312288YRAXUGJT1J5,2025-03-03 08:00:00,0.423728813559322,6,59,8,0,1
1012312288YRAXUGJT1J5,2025-03-03 09:00:00,0.4745762711864407,6,59,9,0,1
1012312288YRAXUGJT1J5,2025-03-03 10:00:00,0.5225988700564972,6,59,10,0,1
1012312288YRAXUGJT1J5,2025-03-03 11:00:00,0.4067796610169492,6,59,11,0,1
1012312288YRAXUGJT1J5,2025-03-03 12:00:00,0.384180790960452,6,59,12,0,1
1012312288YRAXUGJT1J5,2025-03-03 13:00:00,0.516949152542373,6,59,13,0,1
1012312288YRAXUGJT1J5,2025-03-03 14:00:00,0.6271186440677966,6,59,14,0,1
1012312288YRAXUGJT1J5,2025-03-03 15:00:00,0.5903954802259886,6,59,15,0,1
1012312288YRAXUGJT1J5,2025-03-03 16:00:00,0.632768361581921,6,59,16,0,1
1012312288YRAXUGJT1J5,2025-03-03 17:00:00,0.5790960451977402,6,59,17,0,1
1012312288YRAXUGJT1J5,2025-03-03 18:00:00,0.6129943502824858,6,59,18,0,1
1012312288YRAXUGJT1J5,2025-03-03 19:00:00,0.6045197740112994,6,59,19,0,1
1012312288YRAXUGJT1J5,2025-03-03 20:00:00,0.5282485875706214,6,59,20,0,1
1012312288YRAXUGJT1J5,2025-03-03 21:00:00,0.6384180790960452,6,59,21,0,1
1012312288YRAXUGJT1J5,2025-03-03 22:00:00,0.6553672316384181,6,59,22,0,1
1012312288YRAXUGJT1J5,2025-03-03 23:00:00,0.675141242937853,6,59,23,0,1
1012312288YRAXUGJT1J5,2025-03-04 00:00:00,0.6440677966101694,6,59,0,1,1
1012312288YRAXUGJT1J5,2025-03-04 01:00:00,0.6242937853107344,6,59,1,1,1
1012312288YRAXUGJT1J5,2025-03-04 02:00:00,0.6271186440677966,6,59,2,1,1
1012312288YRAXUGJT1J5,2025-03-04 03:00:00,0.6271186440677966,3,59,3,1,1
1012312288YRAXUGJT1J5,2025-04-07 00:00:00,0.6129943502824858,6,59,0,0,1
1012312288YRAXUGJT1J5,2025-04-07 06:00:00,0.5338983050847458,6,59,6,0,1
1012312288YRAXUGJT1J5,2025-04-07 12:00:00,0.4322033898305085,6,59,12,0,1
1012312288YRAXUGJT1J5,2025-04-07 18:00:00,0.635593220338983,6,59,18,0,1
1012312288YRAXUGJT1J5,2025-04-08 00:00:00,0.6779661016949152,6,59,0,1,1
1012312288YRAXUGJT1J5,2025-04-08 06:00:00,0.6271186440677966,6,59,6,1,1
1012312288YRAXUGJT1J5,2025-04-08 12:00:00,0.48022598870056493,6,59,12,1,1
1012312288YRAXUGJT1J5,2025-04-08 18:00:00,0.5819209039548022,6,59,18,1,1
1012312288YRAXUGJT1J5,2025-04-09 00:00:00,0.6581920903954802,6,59,0,2,1
1012312288YRAXUGJT1J5,2025-04-09 06:00:00,0.5677966101694915,6,59,6,2,1
1012312288YRAXUGJT1J5,2025-04-09 18:00:00,0.5480225988700566,6,59,18,2,1
1012312288YRAXUGJT1J5,2025-04-10 00:00:00,0.5649717514124294,6,59,0,3,1
1012312288YRAXUGJT1J5,2025-04-10 06:00:00,0.5677966101694916,6,59,6,3,1
1012312288YRAXUGJT1J5,2025-04-10 12:00:00,0.3615819209039548,6,59,12,3,1
1012312288YRAXUGJT1J5,2025-04-10 18:00:00,0.5932203389830509,6,59,18,3,1
1012312288YRAXUGJT1J5,2025-04-11 00:00:00,0.5169491525423728,6,59,0,4,1
1012312288YRAXUGJT1J5,2025-04-11 06:00:00,0.5,6,59,6,4,1
1012312288YRAXUGJT1J5,2025-04-11 12:00:00,0.3785310734463277,6,59,12,4,1
1012312288YRAXUGJT1J5,2025-04-11 18:00:00,0.6920903954802261,6,59,18,4,1
1012312288YRAXUGJT1J5,2025-04-12 00:00:00,0.5112994350282486,6,59,0,5,0
1012312288YRAXUGJT1J5,2025-04-12 06:00:00,0.4491525423728813,6,59,6,5,0
1012312288YRAXUGJT1J5,2025-04-12 12:00:00,0.3926553672316384,6,59,12,5,0
1012312288YRAXUGJT1J5,2025-04-12 18:00:00,0.5112994350282486,6,59,18,5,0
1012312288YRAXUGJT1J5,2025-04-13 00:00:00,0.5112994350282486,6,59,0,6,0
1012312288YRAXUGJT1J5,2025-04-13 06:00:00,0.46045197740113,6,59,6,6,0
1012312288YRAXUGJT1J5,2025-04-13 12:00:00,0.34745762711864403,6,59,12,6,0
1012312288YRAXUGJT1J5,2025-04-13 18:00:00,0.5112994350282486,6,59,18,6,0
1012312288YRB24CYLBLT,2025-03-03 06:00:00,0.47368421052631576,2,19,6,0,1
1012312288YRB24CYLBLT,2025-03-03 07:00:00,0.6929824561403509,6,19,7,0,1
1012312288YRB24CYLBLT,2025-03-03 08:00:00,0.6666666666666666,6,19,8,0,1
1012312288YRB24CYLBLT,2025-03-03 09:00:00,0.35964912280701755,6,19,9,0,1
1012312288YRB24CYLBLT,2025-03-03 10:00:00,0.3421052631578947,6,19,10,0,1
1012312288YRB24CYLBLT,2025-03-03 11:00:00,0.28947368421052627,6,19,11,0,1
1012312288YRB24CYLBLT,2025-03-03 12:00:00,0.22807017543859645,6,19,12,0,1
1012312288YRB24CYLBLT,2025-03-03 13:00:00,0.10526315789473684,6,19,13,0,1
1012312288YRB24CYLBLT,2025-03-03 14:00:00,0.3859649122807018,6,19,14,0,1
1012312288YRB24CYLBLT,2025-03-03 15:00:00,0.5350877192982456,6,19,15,0,1
1012312288YRB24CYLBLT,2025-03-03 16:00:00,0.6842105263157894,6,19,16,0,1
1012312288YRB24CYLBLT,2025-03-03 17:00:00,0.49122807017543857,6,19,17,0,1
1012312288YRB24CYLBLT,2025-03-03 18:00:00,0.08771929824561403,6,19,18,0,1
1012312288YRB24CYLBLT,2025-03-03 19:00:00,0.10526315789473684,6,19,19,0,1
1012312288YRB24CYLBLT,2025-03-03 20:00:00,0.23684210526315788,6,19,20,0,1
1012312288YRB24CYLBLT,2025-03-03 21:00:00,0.16666666666666666,6,19,21,0,1
1012312288YRB24CYLBLT,2025-03-03 22:00:00,0.21052631578947367,6,19,22,0,1
1012312288YRB24CYLBLT,2025-03-03 23:00:00,0.21052631578947367,6,19,23,0,1
1012312288YRB24CYLBLT,2025-03-04 00:00:00,0.22807017543859645,6,19,0,1,1
1012312288YRB24CYLBLT,2025-03-04 01:00:00,0.21052631578947367,6,19,1,1,1
1012312288YRB24CYLBLT,2025-03-04 02:00:00,0.21052631578947367,6,19,2,1,1
1012312288YRB24CYLBLT,2025-03-04 03:00:00,0.21052631578947367,3,19,3,1,1
1012312288YRB24CYLBLT,2025-04-07 00:00:00,0.22807017543859645,6,19,0,0,1
1012312288YRB24CYLBLT,2025-04-07 06:00:00,0.5,6,19,6,0,1
1012312288YRB24CYLBLT,2025-04-07 12:00:00,0.3508771929824561,6,19,12,0,1
1012312288YRB24CYLBLT,2025-04-07 18:00:00,0.5964912280701754,6,19,18,0,1
1012312288YRB24CYLBLT,2025-04-08 00:00:00,0.28947368421052627,6,19,0,1,1
1012312288YRB24CYLBLT,2025-04-08 06:00:00,0.41228070175438597,6,19,6,1,1
1012312288YRB24CYLBLT,2025-04-08 12:00:00,0.3859649122807018,6,19,12,1,1
1012312288YRB24CYLBLT,2025-04-08 18:00:00,0.3157894736842105,6,19,18,1,1
1012312288YRB24CYLBLT,2025-04-09 00:00:00,0.3684210526315789,6,19,0,2,1
1012312288YRB24CYLBLT,2025-04-09 06:00:00,0.3333333333333333,6,19,6,2,1
1012312288YRB24CYLBLT,2025-04-09 18:00:00,0.23684210526315788,6,19,18,2,1
1012312288YRB24CYLBLT,2025-04-10 00:00:00,0.10526315789473684,6,19,0,3,1
1012312288YRB24CYLBLT,2025-04-10 06:00:00,0.23684210526315788,6,19,6,3,1
1012312288YRB24CYLBLT,2025-04-10 12:00:00,0.3421052631578947,6,19,12,3,1
1012312288YRB24CYLBLT,2025-04-10 18:00:00,0.2807017543859649,6,19,18,3,1
1012312288YRB24CYLBLT,2025-04-11 00:00:00,0.4298245614035088,6,19,0,4,1
1012312288YRB24CYLBLT,2025-04-11 06:00:00,0.5,6,19,6,4,1
1012312288YRB24CYLBLT,2025-04-11 12:00:00,0.3333333333333333,6,19,12,4,1
1012312288YRB24CYLBLT,2025-04-11 18:00:00,0.3859649122807018,6,19,18,4,1
1012312288YRB24CYLBLT,2025-04-12 00:00:00,0.28947368421052627,6,19,0,5,0
1012312288YRB24CYLBLT,2025-04-12 06:00:00,0.5614035087719298,6,19,6,5,0
1012312288YRB24CYLBLT,2025-04-12 12:00:00,0.25438596491228066,6,19,12,5,0
1012312288YRB24CYLBLT,2025-04-12 18:00:00,0.2982456140350877,6,19,18,5,0
1012312288YRB24CYLBLT,2025-04-13 00:00:00,0.3157894736842105,6,19,0,6,0
1012312288YRB24CYLBLT,2025-04-13 06:00:00,0.5263157894736842,6,19,6,6,0
1012312288YRB24CYLBLT,2025-04-13 12:00:00,0.4298245614035088,6,19,12,6,0
1012312288YRB24CYLBLT,2025-04-13 18:00:00,0.1929824561403509,6,19,18,6,0
1012312288YRB62F6P9TT,2025-03-03 06:00:00,0.4666666666666667,1,60,6,0,1
1012312288YRB62F6P9TT,2025-03-03 07:00:00,0.4527777777777778,6,60,7,0,1
1012312288YRB62F6P9TT,2025-03-03 08:00:00,0.3416666666666666,6,60,8,0,1
1012312288YRB62F6P9TT,2025-03-03 09:00:00,0.14166666666666666,6,60,9,0,1
1012312288YRB62F6P9TT,2025-03-03 10:00:00,0.18333333333333335,6,60,10,0,1
1012312288YRB62F6P9TT,2025-03-03 11:00:00,0.20833333333333334,6,60,11,0,1
1012312288YRB62F6P9TT,2025-03-03 12:00:00,0.4083333333333334,6,60,12,0,1
1012312288YRB62F6P9TT,2025-03-03 13:00:00,0.3083333333333333,6,60,13,0,1
1012312288YRB62F6P9TT,2025-03-03 14:00:00,0.24722222222222223,6,60,14,0,1
1012312288YRB62F6P9TT,2025-03-03 15:00:00,0.39166666666666666,6,60,15,0,1
1012312288YRB62F6P9TT,2025-03-03 16:00:00,0.4666666666666666,6,60,16,0,1
1012312288YRB62F6P9TT,2025-03-03 17:00:00,0.4916666666666667,6,60,17,0,1
1012312288YRB62F6P9TT,2025-03-03 18:00:00,0.41111111111111115,6,60,18,0,1
1012312288YRB62F6P9TT,2025-03-03 19:00:00,0.4222222222222222,6,60,19,0,1
1012312288YRB62F6P9TT,2025-03-03 20:00:00,0.4055555555555556,6,60,20,0,1
1012312288YRB62F6P9TT,2025-03-03 21:00:00,0.4388888888888889,6,60,21,0,1
1012312288YRB62F6P9TT,2025-03-03 22:00:00,0.4361111111111111,6,60,22,0,1
1012312288YRB62F6P9TT,2025-03-03 23:00:00,0.4444444444444445,6,60,23,0,1
1012312288YRB62F6P9TT,2025-03-04 00:00:00,0.3972222222222222,6,60,0,1,1
1012312288YRB62F6P9TT,2025-03-04 01:00:00,0.4000000000000001,6,60,1,1,1
1012312288YRB62F6P9TT,2025-03-04 02:00:00,0.4000000000000001,6,60,2,1,1
1012312288YRB62F6P9TT,2025-03-04 03:00:00,0.4000000000000001,3,60,3,1,1
1012312288YRB62F6P9TT,2025-04-07 00:00:00,0.49444444444444446,6,60,0,0,1
1012312288YRB62F6P9TT,2025-04-07 06:00:00,0.38055555555555554,6,60,6,0,1
1012312288YRB62F6P9TT,2025-04-07 12:00:00,0.3194444444444444,6,60,12,0,1
1012312288YRB62F6P9TT,2025-04-07 18:00:00,0.35833333333333334,6,60,18,0,1
1012312288YRB62F6P9TT,2025-04-08 00:00:00,0.4694444444444445,6,60,0,1,1
1012312288YRB62F6P9TT,2025-04-08 06:00:00,0.4444444444444445,6,60,6,1,1
1012312288YRB62F6P9TT,2025-04-08 12:00:00,0.35000000000000003,6,60,12,1,1
1012312288YRB62F6P9TT,2025-04-08 18:00:00,0.3055555555555555,6,60,18,1,1
1012312288YRB62F6P9TT,2025-04-09 00:00:00,0.36944444444444446,6,60,0,2,1
1012312288YRB62F6P9TT,2025-04-09 06:00:00,0.3111111111111111,6,60,6,2,1
1012312288YRB62F6P9TT,2025-04-09 18:00:00,0.3666666666666667,6,60,18,2,1
1012312288YRB62F6P9TT,2025-04-10 00:00:00,0.46388888888888885,6,60,0,3,1
1012312288YRB62F6P9TT,2025-04-10 06:00:00,0.4138888888888889,6,60,6,3,1
1012312288YRB62F6P9TT,2025-04-10 12:00:00,0.21666666666666667,6,60,12,3,1
1012312288YRB62F6P9TT,2025-04-10 18:00:00,0.39999999999999997,6,60,18,3,1
1012312288YRB62F6P9TT,2025-04-11 00:00:00,0.3527777777777778,6,60,0,4,1
1012312288YRB62F6P9TT,2025-04-11 06:00:00,0.3083333333333333,6,60,6,4,1
1012312288YRB62F6P9TT,2025-04-11 12:00:00,0.25555555555555554,6,60,12,4,1
1012312288YRB62F6P9TT,2025-04-11 18:00:00,0.3361111111111111,6,60,18,4,1
1012312288YRB62F6P9TT,2025-04-12 00:00:00,0.24444444444444446,6,60,0,5,0
1012312288YRB62F6P9TT,2025-04-12 06:00:00,0.225,6,60,6,5,0
1012312288YRB62F6P9TT,2025-04-12 12:00:00,0.3527777777777778,6,60,12,5,0
1012312288YRB62F6P9TT,2025-04-12 18:00:00,0.4083333333333334,6,60,18,5,0
1012312288YRB62F6P9TT,2025-04-13 00:00:00,0.16944444444444443,6,60,0,6,0
1012312288YRB62F6P9TT,2025-04-13 06:00:00,0.14444444444444446,6,60,6,6,0
1012312288YRB62F6P9TT,2025-04-13 12:00:00,0.37222222222222223,6,60,12,6,0
1012312288YRB62F6P9TT,2025-04-13 18:00:00,0.39444444444444443,6,60,18,6,0
1012312288YRBA0HET81T,2025-03-03 06:00:00,0.9,2,10,6,0,1
1012312288YRBA0HET81T,2025-03-03 07:00:00,0.8833333333333333,6,10,7,0,1
1012312288YRBA0HET81T,2025-03-03 08:00:00,0.7166666666666667,6,10,8,0,1
1012312288YRBA0HET81T,2025-03-03 09:00:00,0.7,5,10,9,0,1
1012312288YRBA0HET81T,2025-03-03 10:00:00,0.6666666666666666,6,10,10,0,1
1012312288YRBA0HET81T,2025-03-03 11:00:00,0.5166666666666667,6,10,11,0,1
1012312288YRBA0HET81T,2025-03-03 12:00:00,0.39999999999999997,6,10,12,0,1
1012312288YRBA0HET81T,2025-03-03 13:00:00,0.6666666666666666,6,10,13,0,1
1012312288YRBA0HET81T,2025-03-03 14:00:00,0.7000000000000001,6,10,14,0,1
1012312288YRBA0HET81T,2025-03-03 15:00:00,0.5,6,10,15,0,1
1012312288YRBA0HET81T,2025-03-03 16:00:00,0.3833333333333333,6,10,16,0,1
1012312288YRBA0HET81T,2025-03-03 17:00:00,0.45,6,10,17,0,1
1012312288YRBA0HET81T,2025-03-03 18:00:00,0.45,6,10,18,0,1
1012312288YRBA0HET81T,2025-03-03 19:00:00,0.5,6,10,19,0,1
1012312288YRBA0HET81T,2025-03-03 20:00:00,0.7000000000000001,6,10,20,0,1
1012312288YRBA0HET81T,2025-03-03 21:00:00,0.75,6,10,21,0,1
1012312288YRBA0HET81T,2025-03-03 22:00:00,0.6999999999999998,6,10,22,0,1
1012312288YRBA0HET81T,2025-03-03 23:00:00,0.6666666666666666,6,10,23,0,1
1012312288YRBA0HET81T,2025-03-04 00:00:00,0.6,6,10,0,1,1
1012312288YRBA0HET81T,2025-03-04 01:00:00,0.6166666666666666,6,10,1,1,1
1012312288YRBA0HET81T,2025-03-04 02:00:00,0.6999999999999998,6,10,2,1,1
1012312288YRBA0HET81T,2025-03-04 03:00:00,0.7666666666666666,3,10,3,1,1
1012312288YRBA0HET81T,2025-04-07 00:00:00,0.6833333333333332,6,10,0,0,1
1012312288YRBA0HET81T,2025-04-07 06:00:00,0.9,4,10,6,0,1
1012312288YRBA0HET81T,2025-04-07 12:00:00,0.43333333333333335,6,10,12,0,1
1012312288YRBA0HET81T,2025-04-07 18:00:00,0.6166666666666666,6,10,18,0,1
1012312288YRBA0HET81T,2025-04-08 00:00:00,0.6666666666666666,6,10,0,1,1
1012312288YRBA0HET81T,2025-04-08 06:00:00,0.6333333333333333,6,10,6,1,1
1012312288YRBA0HET81T,2025-04-08 12:00:00,0.45,6,10,12,1,1
1012312288YRBA0HET81T,2025-04-08 18:00:00,0.45,6,10,18,1,1
1012312288YRBA0HET81T,2025-04-09 00:00:00,0.26666666666666666,6,10,0,2,1
1012312288YRBA0HET81T,2025-04-09 06:00:00,0.3833333333333333,6,10,6,2,1
1012312288YRBA0HET81T,2025-04-09 18:00:00,0.35000000000000003,6,10,18,2,1
1012312288YRBA0HET81T,2025-04-10 00:00:00,0.3333333333333333,6,10,0,3,1
1012312288YRBA0HET81T,2025-04-10 06:00:00,0.5499999999999999,6,10,6,3,1
1012312288YRBA0HET81T,2025-04-10 12:00:00,0.6666666666666666,6,10,12,3,1
1012312288YRBA0HET81T,2025-04-10 18:00:00,0.39999999999999997,6,10,18,3,1
1012312288YRBA0HET81T,2025-04-11 00:00:00,0.43333333333333335,6,10,0,4,1
1012312288YRBA0HET81T,2025-04-11 06:00:00,0.5499999999999999,6,10,6,4,1
1012312288YRBA0HET81T,2025-04-11 12:00:00,0.3833333333333333,6,10,12,4,1
1012312288YRBA0HET81T,2025-04-11 18:00:00,0.7000000000000001,6,10,18,4,1
1012312288YRBA0HET81T,2025-04-12 00:00:00,0.48333333333333334,6,10,0,5,0
1012312288YRBA0HET81T,2025-04-12 06:00:00,0.5666666666666667,6,10,6,5,0
1012312288YRBA0HET81T,2025-04-12 12:00:00,0.25,6,10,12,5,0
1012312288YRBA0HET81T,2025-04-12 18:00:00,0.5,6,10,18,5,0
1012312288YRBA0HET81T,2025-04-13 00:00:00,0.5166666666666667,6,10,0,6,0
1012312288YRBA0HET81T,2025-04-13 06:00:00,0.6333333333333333,6,10,6,6,0
1012312288YRBA0HET81T,2025-04-13 12:00:00,0.3666666666666667,6,10,12,6,0
1012312288YRBA0HET81T,2025-04-13 18:00:00,0.4166666666666667,6,10,18,6,0
1012312288YRBEU44Q1VL,2025-03-03 06:00:00,0.6000000000000001,2,25,6,0,1
1012312288YRBEU44Q1VL,2025-03-03 07:00:00,0.56,6,25,7,0,1
1012312288YRBEU44Q1VL,2025-03-03 08:00:00,0.7333333333333334,6,25,8,0,1
1012312288YRBEU44Q1VL,2025-03-03 09:00:00,0.6933333333333334,6,25,9,0,1
1012312288YRBEU44Q1VL,2025-03-03 10:00:00,0.48666666666666664,6,25,10,0,1
1012312288YRBEU44Q1VL,2025-03-03 11:00:00,0.49333333333333335,6,25,11,0,1
1012312288YRBEU44Q1VL,2025-03-03 12:00:00,0.38000000000000006,6,25,12,0,1
1012312288YRBEU44Q1VL,2025-03-03 13:00:00,0.6066666666666667,6,25,13,0,1
1012312288YRBEU44Q1VL,2025-03-03 14:00:00,0.62,6,25,14,0,1
1012312288YRBEU44Q1VL,2025-03-03 15:00:00,0.42,6,25,15,0,1
1012312288YRBEU44Q1VL,2025-03-03 16:00:00,0.3933333333333333,6,25,16,0,1
1012312288YRBEU44Q1VL,2025-03-03 17:00:00,0.38000000000000006,6,25,17,0,1
1012312288YRBEU44Q1VL,2025-03-03 18:00:00,0.68,6,25,18,0,1
1012312288YRBEU44Q1VL,2025-03-03 19:00:00,0.7000000000000001,6,25,19,0,1
1012312288YRBEU44Q1VL,2025-03-03 20:00:00,0.5133333333333333,6,25,20,0,1
1012312288YRBEU44Q1VL,2025-03-03 21:00:00,0.48,6,25,21,0,1
1012312288YRBEU44Q1VL,2025-03-03 22:00:00,0.45999999999999996,6,25,22,0,1
1012312288YRBEU44Q1VL,2025-03-03 23:00:00,0.5133333333333333,6,25,23,0,1
1012312288YRBEU44Q1VL,2025-03-04 00:00:00,0.5866666666666667,6,25,0,1,1
1012312288YRBEU44Q1VL,2025-03-04 01:00:00,0.6,6,25,1,1,1
1012312288YRBEU44Q1VL,2025-03-04 02:00:00,0.6,6,25,2,1,1
1012312288YRBEU44Q1VL,2025-03-04 03:00:00,0.6,3,25,3,1,1
1012312288YRBEU44Q1VL,2025-04-07 00:00:00,0.7466666666666667,6,25,0,0,1
1012312288YRBEU44Q1VL,2025-04-07 06:00:00,0.6066666666666666,6,25,6,0,1
1012312288YRBEU44Q1VL,2025-04-07 12:00:00,0.44,6,25,12,0,1
1012312288YRBEU44Q1VL,2025-04-07 18:00:00,0.8266666666666667,6,25,18,0,1
1012312288YRBEU44Q1VL,2025-04-08 00:00:00,0.6333333333333333,6,25,0,1,1
1012312288YRBEU44Q1VL,2025-04-08 06:00:00,0.66,6,25,6,1,1
1012312288YRBEU44Q1VL,2025-04-08 12:00:00,0.6066666666666667,6,25,12,1,1
1012312288YRBEU44Q1VL,2025-04-08 18:00:00,0.62,6,25,18,1,1
1012312288YRBEU44Q1VL,2025-04-09 00:00:00,0.5666666666666668,6,25,0,2,1
1012312288YRBEU44Q1VL,2025-04-09 06:00:00,0.5666666666666668,6,25,6,2,1
1012312288YRBEU44Q1VL,2025-04-09 18:00:00,0.8266666666666667,6,25,18,2,1
1012312288YRBEU44Q1VL,2025-04-10 00:00:00,0.3666666666666667,6,25,0,3,1
1012312288YRBEU44Q1VL,2025-04-10 06:00:00,0.38000000000000006,6,25,6,3,1
1012312288YRBEU44Q1VL,2025-04-10 12:00:00,0.5533333333333333,6,25,12,3,1
1012312288YRBEU44Q1VL,2025-04-10 18:00:00,0.7266666666666667,6,25,18,3,1
1012312288YRBEU44Q1VL,2025-04-11 00:00:00,0.58,6,25,0,4,1
1012312288YRBEU44Q1VL,2025-04-11 06:00:00,0.5933333333333334,6,25,6,4,1
1012312288YRBEU44Q1VL,2025-04-11 12:00:00,0.36000000000000004,6,25,12,4,1
1012312288YRBEU44Q1VL,2025-04-11 18:00:00,0.7533333333333333,6,25,18,4,1
1012312288YRBEU44Q1VL,2025-04-12 00:00:00,0.37333333333333335,6,25,0,5,0
1012312288YRBEU44Q1VL,2025-04-12 06:00:00,0.32666666666666666,6,25,6,5,0
1012312288YRBEU44Q1VL,2025-04-12 12:00:00,0.6333333333333334,6,25,12,5,0
1012312288YRBEU44Q1VL,2025-04-12 18:00:00,0.7200000000000001,6,25,18,5,0
1012312288YRBEU44Q1VL,2025-04-13 00:00:00,0.54,6,25,0,6,0
1012312288YRBEU44Q1VL,2025-04-13 06:00:00,0.5533333333333333,6,25,6,6,0
1012312288YRBEU44Q1VL,2025-04-13 12:00:00,0.56,6,25,12,6,0
1012312288YRBEU44Q1VL,2025-04-13 18:00:00,0.6933333333333334,6,25,18,6,0
1012312288YRBI4HZHCE9,2025-03-03 06:00:00,0.16666666666666666,2,6,6,0,1
1012312288YRBI4HZHCE9,2025-03-03 07:00:00,0.13888888888888887,6,6,7,0,1
1012312288YRBI4HZHCE9,2025-03-03 08:00:00,0.13888888888888887,6,6,8,0,1
1012312288YRBI4HZHCE9,2025-03-03 09:00:00,0.38888888888888884,6,6,9,0,1
1012312288YRBI4HZHCE9,2025-03-03 10:00:00,0.6666666666666666,2,6,10,0,1
1012312288YRBI4HZHCE9,2025-03-03 11:00:00,0.6666666666666666,3,6,11,0,1
1012312288YRBI4HZHCE9,2025-03-03 12:00:00,0.75,6,6,12,0,1
1012312288YRBI4HZHCE9,2025-03-03 13:00:00,0.638888888888889,6,6,13,0,1
1012312288YRBI4HZHCE9,2025-03-03 14:00:00,0.8333333333333334,5,6,14,0,1
1012312288YRBI4HZHCE9,2025-03-03 15:00:00,0.6666666666666666,6,6,15,0,1
1012312288YRBI4HZHCE9,2025-03-03 16:00:00,0.6666666666666666,6,6,16,0,1
1012312288YRBI4HZHCE9,2025-03-03 17:00:00,0.7222222222222222,6,6,17,0,1
1012312288YRBI4HZHCE9,2025-03-03 18:00:00,0.5416666666666666,4,6,18,0,1
1012312288YRBI4HZHCE9,2025-03-03 19:00:00,0.75,6,6,19,0,1
1012312288YRBI4HZHCE9,2025-03-03 20:00:00,0.75,4,6,20,0,1
1012312288YRBI4HZHCE9,2025-03-03 21:00:00,0.75,6,6,21,0,1
1012312288YRBI4HZHCE9,2025-03-03 22:00:00,0.3611111111111111,6,6,22,0,1
1012312288YRBI4HZHCE9,2025-03-03 23:00:00,0.3333333333333333,6,6,23,0,1
1012312288YRBI4HZHCE9,2025-03-04 00:00:00,0.3333333333333333,6,6,0,1,1
1012312288YRBI4HZHCE9,2025-03-04 01:00:00,0.3333333333333333,6,6,1,1,1
1012312288YRBI4HZHCE9,2025-03-04 02:00:00,0.3333333333333333,6,6,2,1,1
1012312288YRBI4HZHCE9,2025-03-04 03:00:00,0.3333333333333333,3,6,3,1,1
1012312288YRBI4HZHCE9,2025-04-07 00:00:00,0.6388888888888888,6,6,0,0,1
1012312288YRBI4HZHCE9,2025-04-07 06:00:00,0.5,6,6,6,0,1
1012312288YRBI4HZHCE9,2025-04-07 12:00:00,0.7083333333333334,4,6,12,0,1
1012312288YRBI4HZHCE9,2025-04-07 18:00:00,0.7777777777777778,3,6,18,0,1
1012312288YRBI4HZHCE9,2025-04-08 00:00:00,0.5,6,6,0,1,1
1012312288YRBI4HZHCE9,2025-04-08 06:00:00,0.5,6,6,6,1,1
1012312288YRBI4HZHCE9,2025-04-08 12:00:00,0.75,6,6,12,1,1
1012312288YRBI4HZHCE9,2025-04-08 18:00:00,0.8,5,6,18,1,1
1012312288YRBI4HZHCE9,2025-04-09 00:00:00,0.3333333333333333,6,6,0,2,1
1012312288YRBI4HZHCE9,2025-04-09 06:00:00,0.38888888888888884,6,6,6,2,1
1012312288YRBI4HZHCE9,2025-04-09 18:00:00,0.6944444444444445,6,6,18,2,1
1012312288YRBI4HZHCE9,2025-04-10 00:00:00,0.16666666666666666,6,6,0,3,1
1012312288YRBI4HZHCE9,2025-04-10 06:00:00,0.16666666666666666,6,6,6,3,1
1012312288YRBI4HZHCE9,2025-04-10 12:00:00,0.8333333333333334,1,6,12,3,1
1012312288YRBI4HZHCE9,2025-04-10 18:00:00,0.7,5,6,18,3,1
1012312288YRBI4HZHCE9,2025-04-11 00:00:00,0.16666666666666666,6,6,0,4,1
1012312288YRBI4HZHCE9,2025-04-11 06:00:00,0.16666666666666666,6,6,6,4,1
1012312288YRBI4HZHCE9,2025-04-11 12:00:00,0.7222222222222222,6,6,12,4,1
1012312288YRBI4HZHCE9,2025-04-11 18:00:00,0.7666666666666667,5,6,18,4,1
1012312288YRBI4HZHCE9,2025-04-12 00:00:00,0.16666666666666666,6,6,0,5,0
1012312288YRBI4HZHCE9,2025-04-12 06:00:00,0.16666666666666666,6,6,6,5,0
1012312288YRBI4HZHCE9,2025-04-12 12:00:00,0.75,4,6,12,5,0
1012312288YRBI4HZHCE9,2025-04-12 18:00:00,0.75,6,6,18,5,0
1012312288YRBI4HZHCE9,2025-04-13 00:00:00,0.16666666666666666,6,6,0,6,0
1012312288YRBI4HZHCE9,2025-04-13 06:00:00,0.16666666666666666,6,6,6,6,0
1012312288YRBI4HZHCE9,2025-04-13 12:00:00,0.7333333333333333,5,6,12,6,0
1012312288YRBI4HZHCE9,2025-04-13 18:00:00,0.7222222222222222,6,6,18,6,0
1012312288YRBLMRYOUTD,2025-03-03 06:00:00,0.6666666666666666,2,18,6,0,1
1012312288YRBLMRYOUTD,2025-03-03 07:00:00,0.5370370370370371,6,18,7,0,1
1012312288YRBLMRYOUTD,2025-03-03 08:00:00,0.32407407407407407,6,18,8,0,1
1012312288YRBLMRYOUTD,2025-03-03 09:00:00,0.26851851851851855,6,18,9,0,1
1012312288YRBLMRYOUTD,2025-03-03 10:00:00,0.23148148148148148,6,18,10,0,1
1012312288YRBLMRYOUTD,2025-03-03 11:00:00,0.1111111111111111,6,18,11,0,1
1012312288YRBLMRYOUTD,2025-03-03 12:00:00,0.3148148148148148,6,18,12,0,1
1012312288YRBLMRYOUTD,2025-03-03 13:00:00,0.3796296296296296,6,18,13,0,1
1012312288YRBLMRYOUTD,2025-03-03 14:00:00,0.5185185185185185,6,18,14,0,1
1012312288YRBLMRYOUTD,2025-03-03 15:00:00,0.46296296296296297,6,18,15,0,1
1012312288YRBLMRYOUTD,2025-03-03 16:00:00,0.4259259259259259,6,18,16,0,1
1012312288YRBLMRYOUTD,2025-03-03 17:00:00,0.6018518518518519,6,18,17,0,1
1012312288YRBLMRYOUTD,2025-03-03 18:00:00,0.8240740740740741,6,18,18,0,1
1012312288YRBLMRYOUTD,2025-03-03 19:00:00,0.5648148148148148,6,18,19,0,1
1012312288YRBLMRYOUTD,2025-03-03 20:00:00,0.5,6,18,20,0,1
1012312288YRBLMRYOUTD,2025-03-03 21:00:00,0.46296296296296297,6,18,21,0,1
1012312288YRBLMRYOUTD,2025-03-03 22:00:00,0.3888888888888889,6,18,22,0,1
1012312288YRBLMRYOUTD,2025-03-03 23:00:00,0.3148148148148148,6,18,23,0,1
1012312288YRBLMRYOUTD,2025-03-04 00:00:00,0.3703703703703704,6,18,0,1,1
1012312288YRBLMRYOUTD,2025-03-04 01:00:00,0.3888888888888889,6,18,1,1,1
1012312288YRBLMRYOUTD,2025-03-04 02:00:00,0.3888888888888889,6,18,2,1,1
1012312288YRBLMRYOUTD,2025-03-04 03:00:00,0.3888888888888889,3,18,3,1,1
1012312288YRBLMRYOUTD,2025-04-07 00:00:00,0.5555555555555556,6,18,0,0,1
1012312288YRBLMRYOUTD,2025-04-07 06:00:00,0.39814814814814814,6,18,6,0,1
1012312288YRBLMRYOUTD,2025-04-07 12:00:00,0.3148148148148148,6,18,12,0,1
1012312288YRBLMRYOUTD,2025-04-07 18:00:00,0.8518518518518517,6,18,18,0,1
1012312288YRBLMRYOUTD,2025-04-08 00:00:00,0.5092592592592592,6,18,0,1,1
1012312288YRBLMRYOUTD,2025-04-08 06:00:00,0.5,6,18,6,1,1
1012312288YRBLMRYOUTD,2025-04-08 12:00:00,0.47222222222222215,6,18,12,1,1
1012312288YRBLMRYOUTD,2025-04-08 18:00:00,0.875,4,18,18,1,1
1012312288YRBLMRYOUTD,2025-04-09 00:00:00,0.5,6,18,0,2,1
1012312288YRBLMRYOUTD,2025-04-09 06:00:00,0.5277777777777778,6,18,6,2,1
1012312288YRBLMRYOUTD,2025-04-09 18:00:00,0.7685185185185185,6,18,18,2,1
1012312288YRBLMRYOUTD,2025-04-10 00:00:00,0.4444444444444444,6,18,0,3,1
1012312288YRBLMRYOUTD,2025-04-10 06:00:00,0.4537037037037037,6,18,6,3,1
1012312288YRBLMRYOUTD,2025-04-10 12:00:00,0.25,6,18,12,3,1
1012312288YRBLMRYOUTD,2025-04-10 18:00:00,0.7685185185185185,6,18,18,3,1
1012312288YRBLMRYOUTD,2025-04-11 00:00:00,0.4444444444444444,6,18,0,4,1
1012312288YRBLMRYOUTD,2025-04-11 06:00:00,0.4444444444444444,6,18,6,4,1
1012312288YRBLMRYOUTD,2025-04-11 12:00:00,0.46296296296296297,6,18,12,4,1
1012312288YRBLMRYOUTD,2025-04-11 18:00:00,0.7407407407407408,6,18,18,4,1
1012312288YRBLMRYOUTD,2025-04-12 00:00:00,0.638888888888889,6,18,0,5,0
1012312288YRBLMRYOUTD,2025-04-12 06:00:00,0.6944444444444443,6,18,6,5,0
1012312288YRBLMRYOUTD,2025-04-12 12:00:00,0.3333333333333333,6,18,12,5,0
1012312288YRBLMRYOUTD,2025-04-12 18:00:00,0.6574074074074074,6,18,18,5,0
1012312288YRBLMRYOUTD,2025-04-13 00:00:00,0.46296296296296297,6,18,0,6,0
1012312288YRBLMRYOUTD,2025-04-13 06:00:00,0.4444444444444444,6,18,6,6,0
1012312288YRBLMRYOUTD,2025-04-13 12:00:00,0.6851851851851851,6,18,12,6,0
1012312288YRBLMRYOUTD,2025-04-13 18:00:00,0.5555555555555556,6,18,18,6,0
1012312288YRBP13VO9A9,2025-03-03 06:00:00,0.3076923076923077,1,13,6,0,1
1012312288YRBP13VO9A9,2025-03-03 07:00:00,0.32051282051282054,6,13,7,0,1
1012312288YRBP13VO9A9,2025-03-03 08:00:00,0.32051282051282054,6,13,8,0,1
1012312288YRBP13VO9A9,2025-03-03 09:00:00,0.14102564102564105,6,13,9,0,1
1012312288YRBP13VO9A9,2025-03-03 10:00:00,0.15384615384615385,6,13,10,0,1
1012312288YRBP13VO9A9,2025-03-03 11:00:00,0.3333333333333333,6,13,11,0,1
1012312288YRBP13VO9A9,2025-03-03 12:00:00,0.7307692307692308,6,13,12,0,1
1012312288YRBP13VO9A9,2025-03-03 13:00:00,0.25641025641025644,6,13,13,0,1
1012312288YRBP13VO9A9,2025-03-03 14:00:00,0.12820512820512822,6,13,14,0,1
1012312288YRBP13VO9A9,2025-03-03 15:00:00,0.2820512820512821,6,13,15,0,1
1012312288YRBP13VO9A9,2025-03-03 16:00:00,0.20512820512820515,6,13,16,0,1
1012312288YRBP13VO9A9,2025-03-03 17:00:00,0.7307692307692308,6,13,17,0,1
1012312288YRBP13VO9A9,2025-03-03 18:00:00,0.8205128205128206,6,13,18,0,1
1012312288YRBP13VO9A9,2025-03-03 19:00:00,0.5128205128205129,6,13,19,0,1
1012312288YRBP13VO9A9,2025-03-03 20:00:00,0.5512820512820513,6,13,20,0,1
1012312288YRBP13VO9A9,2025-03-03 21:00:00,0.5384615384615384,6,13,21,0,1
1012312288YRBP13VO9A9,2025-03-03 22:00:00,0.576923076923077,6,13,22,0,1
1012312288YRBP13VO9A9,2025-03-03 23:00:00,0.4615384615384615,6,13,23,0,1
1012312288YRBP13VO9A9,2025-03-04 00:00:00,0.6282051282051282,6,13,0,1,1
1012312288YRBP13VO9A9,2025-03-04 01:00:00,0.5897435897435898,6,13,1,1,1
1012312288YRBP13VO9A9,2025-03-04 02:00:00,0.5641025641025641,6,13,2,1,1
1012312288YRBP13VO9A9,2025-03-04 03:00:00,0.5384615384615384,3,13,3,1,1
1012312288YRBP13VO9A9,2025-04-07 00:00:00,0.4743589743589744,6,13,0,0,1
1012312288YRBP13VO9A9,2025-04-07 06:00:00,0.07692307692307693,6,13,6,0,1
1012312288YRBP13VO9A9,2025-04-07 12:00:00,0.5256410256410257,6,13,12,0,1
1012312288YRBP13VO9A9,2025-04-07 18:00:00,0.858974358974359,6,13,18,0,1
1012312288YRBP13VO9A9,2025-04-08 00:00:00,0.5128205128205128,6,13,0,1,1
1012312288YRBP13VO9A9,2025-04-08 06:00:00,0.23076923076923075,6,13,6,1,1
1012312288YRBP13VO9A9,2025-04-08 12:00:00,0.6282051282051282,6,13,12,1,1
1012312288YRBP13VO9A9,2025-04-08 18:00:00,0.923076923076923,3,13,18,1,1
1012312288YRBP13VO9A9,2025-04-09 00:00:00,0.6666666666666666,6,13,0,2,1
1012312288YRBP13VO9A9,2025-04-09 06:00:00,0.3333333333333333,6,13,6,2,1
1012312288YRBP13VO9A9,2025-04-09 18:00:00,0.9076923076923077,5,13,18,2,1
1012312288YRBP13VO9A9,2025-04-10 00:00:00,0.5641025641025641,6,13,0,3,1
1012312288YRBP13VO9A9,2025-04-10 06:00:00,0.23076923076923075,6,13,6,3,1
1012312288YRBP13VO9A9,2025-04-10 12:00:00,0.6282051282051282,6,13,12,3,1
1012312288YRBP13VO9A9,2025-04-10 18:00:00,0.9230769230769231,2,13,18,3,1
1012312288YRBP13VO9A9,2025-04-11 00:00:00,0.4743589743589744,6,13,0,4,1
1012312288YRBP13VO9A9,2025-04-11 06:00:00,0.2435897435897436,6,13,6,4,1
1012312288YRBP13VO9A9,2025-04-11 12:00:00,0.7564102564102564,6,13,12,4,1
1012312288YRBP13VO9A9,2025-04-11 18:00:00,0.876923076923077,5,13,18,4,1
1012312288YRBP13VO9A9,2025-04-12 00:00:00,0.6025641025641025,6,13,0,5,0
1012312288YRBP13VO9A9,2025-04-12 06:00:00,0.025641025641025644,6,13,6,5,0
1012312288YRBP13VO9A9,2025-04-12 12:00:00,0.7692307692307692,6,13,12,5,0
1012312288YRBP13VO9A9,2025-04-12 18:00:00,0.8717948717948718,6,13,18,5,0
1012312288YRBP13VO9A9,2025-04-13 00:00:00,0.6666666666666666,6,13,0,6,0
1012312288YRBP13VO9A9,2025-04-13 06:00:00,0.32051282051282054,6,13,6,6,0
1012312288YRBP13VO9A9,2025-04-13 12:00:00,0.6410256410256411,6,13,12,6,0
1012312288YRBP13VO9A9,2025-04-13 18:00:00,0.9230769230769231,2,13,18,6,0
1012312288YRBS7JO7FUP,2025-03-03 06:00:00,0.1,2,10,6,0,1
1012312288YRBS7JO7FUP,2025-03-03 07:00:00,0.18333333333333335,6,10,7,0,1
1012312288YRBS7JO7FUP,2025-03-03 08:00:00,0.39999999999999997,6,10,8,0,1
1012312288YRBS7JO7FUP,2025-03-03 09:00:00,0.38333333333333336,6,10,9,0,1
1012312288YRBS7JO7FUP,2025-03-03 10:00:00,0.2833333333333333,6,10,10,0,1
1012312288YRBS7JO7FUP,2025-03-03 11:00:00,0.3833333333333333,6,10,11,0,1
1012312288YRBS7JO7FUP,2025-03-03 12:00:00,0.43333333333333335,6,10,12,0,1
1012312288YRBS7JO7FUP,2025-03-03 13:00:00,0.45,6,10,13,0,1
1012312288YRBS7JO7FUP,2025-03-03 14:00:00,0.5499999999999999,6,10,14,0,1
1012312288YRBS7JO7FUP,2025-03-03 15:00:00,0.5166666666666667,6,10,15,0,1
1012312288YRBS7JO7FUP,2025-03-03 16:00:00,0.6599999999999999,5,10,16,0,1
1012312288YRBS7JO7FUP,2025-03-03 17:00:00,0.5,6,10,17,0,1
1012312288YRBS7JO7FUP,2025-03-03 18:00:00,0.3333333333333333,6,10,18,0,1
1012312288YRBS7JO7FUP,2025-03-03 19:00:00,0.16666666666666666,6,10,19,0,1
1012312288YRBS7JO7FUP,2025-03-03 20:00:00,0.39999999999999997,6,10,20,0,1
1012312288YRBS7JO7FUP,2025-03-03 21:00:00,0.3333333333333333,6,10,21,0,1
1012312288YRBS7JO7FUP,2025-03-03 22:00:00,0.26666666666666666,6,10,22,0,1
1012312288YRBS7JO7FUP,2025-03-03 23:00:00,0.20000000000000004,6,10,23,0,1
1012312288YRBS7JO7FUP,2025-03-04 00:00:00,0.20000000000000004,6,10,0,1,1
1012312288YRBS7JO7FUP,2025-03-04 01:00:00,0.20000000000000004,6,10,1,1,1
1012312288YRBS7JO7FUP,2025-03-04 02:00:00,0.20000000000000004,6,10,2,1,1
1012312288YRBS7JO7FUP,2025-03-04 03:00:00,0.20000000000000004,3,10,3,1,1
1012312288YRBS7JO7FUP,2025-04-07 00:00:00,0.20000000000000004,6,10,0,0,1
1012312288YRBS7JO7FUP,2025-04-07 06:00:00,0.10000000000000002,6,10,6,0,1
1012312288YRBS7JO7FUP,2025-04-07 12:00:00,0.4333333333333333,6,10,12,0,1
1012312288YRBS7JO7FUP,2025-04-07 18:00:00,0.4666666666666666,6,10,18,0,1
1012312288YRBS7JO7FUP,2025-04-08 00:00:00,0.20000000000000004,6,10,0,1,1
1012312288YRBS7JO7FUP,2025-04-08 06:00:00,0.20000000000000004,6,10,6,1,1
1012312288YRBS7JO7FUP,2025-04-08 12:00:00,0.6333333333333333,6,10,12,1,1
1012312288YRBS7JO7FUP,2025-04-08 18:00:00,0.6666666666666666,6,10,18,1,1
1012312288YRBS7JO7FUP,2025-04-09 00:00:00,0.21666666666666667,6,10,0,2,1
1012312288YRBS7JO7FUP,2025-04-09 06:00:00,0.20000000000000004,6,10,6,2,1
1012312288YRBS7JO7FUP,2025-04-09 18:00:00,0.5833333333333334,6,10,18,2,1
1012312288YRBS7JO7FUP,2025-04-10 00:00:00,0.20000000000000004,6,10,0,3,1
1012312288YRBS7JO7FUP,2025-04-10 06:00:00,0.20000000000000004,6,10,6,3,1
1012312288YRBS7JO7FUP,2025-04-10 12:00:00,0.65,6,10,12,3,1
1012312288YRBS7JO7FUP,2025-04-10 18:00:00,0.6166666666666666,6,10,18,3,1
1012312288YRBS7JO7FUP,2025-04-11 00:00:00,0.20000000000000004,6,10,0,4,1
1012312288YRBS7JO7FUP,2025-04-11 06:00:00,0.20000000000000004,6,10,6,4,1
1012312288YRBS7JO7FUP,2025-04-11 12:00:00,0.48333333333333334,6,10,12,4,1
1012312288YRBS7JO7FUP,2025-04-11 18:00:00,0.48333333333333334,6,10,18,4,1
1012312288YRBS7JO7FUP,2025-04-12 00:00:00,0.3666666666666667,6,10,0,5,0
1012312288YRBS7JO7FUP,2025-04-12 06:00:00,0.3,6,10,6,5,0
1012312288YRBS7JO7FUP,2025-04-12 12:00:00,0.26666666666666666,6,10,12,5,0
1012312288YRBS7JO7FUP,2025-04-12 18:00:00,0.3,6,10,18,5,0
1012312288YRBS7JO7FUP,2025-04-13 00:00:00,0.16666666666666666,6,10,0,6,0
1012312288YRBS7JO7FUP,2025-04-13 06:00:00,0.20000000000000004,6,10,6,6,0
1012312288YRBS7JO7FUP,2025-04-13 12:00:00,0.4166666666666667,6,10,12,6,0
1012312288YRBS7JO7FUP,2025-04-13 18:00:00,0.6333333333333333,6,10,18,6,0
1012312288YRBWX8BW5Q9,2025-03-03 06:00:00,0.4,2,5,6,0,1
1012312288YRBWX8BW5Q9,2025-03-03 07:00:00,0.4000000000000001,6,5,7,0,1
1012312288YRBWX8BW5Q9,2025-03-03 08:00:00,0.4,4,5,8,0,1
1012312288YRBWX8BW5Q9,2025-03-03 09:00:00,0.3666666666666667,6,5,9,0,1
1012312288YRBWX8BW5Q9,2025-03-03 10:00:00,0.3666666666666667,6,5,10,0,1
1012312288YRBWX8BW5Q9,2025-03-03 11:00:00,0.43333333333333335,6,5,11,0,1
1012312288YRBWX8BW5Q9,2025-03-03 12:00:00,0.5599999999999999,5,5,12,0,1
1012312288YRBWX8BW5Q9,2025-03-03 13:00:00,0.8000000000000002,3,5,13,0,1
1012312288YRBWX8BW5Q9,2025-03-03 15:00:00,0.7333333333333334,6,5,15,0,1
1012312288YRBWX8BW5Q9,2025-03-03 16:00:00,0.7333333333333334,6,5,16,0,1
1012312288YRBWX8BW5Q9,2025-03-03 17:00:00,0.3333333333333333,6,5,17,0,1
1012312288YRBWX8BW5Q9,2025-03-03 18:00:00,0.6,6,5,18,0,1
1012312288YRBWX8BW5Q9,2025-03-03 19:00:00,0.6333333333333334,6,5,19,0,1
1012312288YRBWX8BW5Q9,2025-03-03 20:00:00,0.5666666666666667,6,5,20,0,1
1012312288YRBWX8BW5Q9,2025-03-03 21:00:00,0.7333333333333334,6,5,21,0,1
1012312288YRBWX8BW5Q9,2025-03-03 22:00:00,0.8000000000000002,6,5,22,0,1
1012312288YRBWX8BW5Q9,2025-03-03 23:00:00,0.6,6,5,23,0,1
1012312288YRBWX8BW5Q9,2025-03-04 00:00:00,0.6,6,5,0,1,1
1012312288YRBWX8BW5Q9,2025-03-04 01:00:00,0.4000000000000001,6,5,1,1,1
1012312288YRBWX8BW5Q9,2025-03-04 02:00:00,0.26666666666666666,6,5,2,1,1
1012312288YRBWX8BW5Q9,2025-03-04 03:00:00,0.20000000000000004,3,5,3,1,1
1012312288YRBWX8BW5Q9,2025-04-07 00:00:00,0.6,6,5,0,0,1
1012312288YRBWX8BW5Q9,2025-04-07 06:00:00,0.6,6,5,6,0,1
1012312288YRBWX8BW5Q9,2025-04-07 12:00:00,0.6,5,5,12,0,1
1012312288YRBWX8BW5Q9,2025-04-07 18:00:00,0.5333333333333333,6,5,18,0,1
1012312288YRBWX8BW5Q9,2025-04-08 00:00:00,0.6,6,5,0,1,1
1012312288YRBWX8BW5Q9,2025-04-08 06:00:00,0.8000000000000002,6,5,6,1,1
1012312288YRBWX8BW5Q9,2025-04-08 12:00:00,0.6666666666666666,6,5,12,1,1
1012312288YRBWX8BW5Q9,2025-04-08 18:00:00,0.6,5,5,18,1,1
1012312288YRBWX8BW5Q9,2025-04-09 00:00:00,0.23333333333333336,6,5,0,2,1
1012312288YRBWX8BW5Q9,2025-04-09 06:00:00,0.4000000000000001,6,5,6,2,1
1012312288YRBWX8BW5Q9,2025-04-09 18:00:00,0.48,5,5,18,2,1
1012312288YRBWX8BW5Q9,2025-04-10 00:00:00,0.4000000000000001,6,5,0,3,1
1012312288YRBWX8BW5Q9,2025-04-10 06:00:00,0.43333333333333335,6,5,6,3,1
1012312288YRBWX8BW5Q9,2025-04-10 12:00:00,0.43333333333333335,6,5,12,3,1
1012312288YRBWX8BW5Q9,2025-04-10 18:00:00,0.43333333333333335,6,5,18,3,1
1012312288YRBWX8BW5Q9,2025-04-11 00:00:00,0.10000000000000002,6,5,0,4,1
1012312288YRBWX8BW5Q9,2025-04-11 06:00:00,0.4000000000000001,6,5,6,4,1
1012312288YRBWX8BW5Q9,2025-04-11 12:00:00,0.6,3,5,12,4,1
1012312288YRBWX8BW5Q9,2025-04-11 18:00:00,0.4000000000000001,6,5,18,4,1
1012312288YRBWX8BW5Q9,2025-04-12 00:00:00,0.6,6,5,0,5,0
1012312288YRBWX8BW5Q9,2025-04-12 06:00:00,0.4000000000000001,6,5,6,5,0
1012312288YRBWX8BW5Q9,2025-04-12 12:00:00,0.3666666666666667,6,5,12,5,0
1012312288YRBWX8BW5Q9,2025-04-12 18:00:00,0.3666666666666667,6,5,18,5,0
1012312288YRBWX8BW5Q9,2025-04-13 00:00:00,0.43333333333333335,6,5,0,6,0
1012312288YRBWX8BW5Q9,2025-04-13 06:00:00,0.20000000000000004,6,5,6,6,0
1012312288YRBWX8BW5Q9,2025-04-13 12:00:00,0.5,4,5,12,6,0
1012312288YRBWX8BW5Q9,2025-04-13 18:00:00,0.8,4,5,18,6,0
1012312288YRBZRTXR0G1,2025-03-03 06:00:00,0.3333333333333333,1,15,6,0,1
1012312288YRBZRTXR0G1,2025-03-03 07:00:00,0.3111111111111111,6,15,7,0,1
1012312288YRBZRTXR0G1,2025-03-03 08:00:00,0.3111111111111111,6,15,8,0,1
1012312288YRBZRTXR0G1,2025-03-03 09:00:00,0.07777777777777778,6,15,9,0,1
1012312288YRBZRTXR0G1,2025-03-03 10:00:00,0.09999999999999999,6,15,10,0,1
1012312288YRBZRTXR0G1,2025-03-03 11:00:00,0.27777777777777773,6,15,11,0,1
1012312288YRBZRTXR0G1,2025-03-03 12:00:00,0.4444444444444445,6,15,12,0,1
1012312288YRBZRTXR0G1,2025-03-03 13:00:00,0.18888888888888888,6,15,13,0,1
1012312288YRBZRTXR0G1,2025-03-03 14:00:00,0.32222222222222224,6,15,14,0,1
1012312288YRBZRTXR0G1,2025-03-03 15:00:00,0.24444444444444446,6,15,15,0,1
1012312288YRBZRTXR0G1,2025-03-03 16:00:00,0.3888888888888889,6,15,16,0,1
1012312288YRBZRTXR0G1,2025-03-03 17:00:00,0.45555555555555555,6,15,17,0,1
1012312288YRBZRTXR0G1,2025-03-03 18:00:00,0.6666666666666666,6,15,18,0,1
1012312288YRBZRTXR0G1,2025-03-03 19:00:00,0.3111111111111111,6,15,19,0,1
1012312288YRBZRTXR0G1,2025-03-03 20:00:00,0.08888888888888889,6,15,20,0,1
1012312288YRBZRTXR0G1,2025-03-03 21:00:00,0.22222222222222224,6,15,21,0,1
1012312288YRBZRTXR0G1,2025-03-03 22:00:00,0.26666666666666666,6,15,22,0,1
1012312288YRBZRTXR0G1,2025-03-03 23:00:00,0.20000000000000004,6,15,23,0,1
1012312288YRBZRTXR0G1,2025-03-04 00:00:00,0.20000000000000004,6,15,0,1,1
1012312288YRBZRTXR0G1,2025-03-04 01:00:00,0.20000000000000004,6,15,1,1,1
1012312288YRBZRTXR0G1,2025-03-04 02:00:00,0.14444444444444446,6,15,2,1,1
1012312288YRBZRTXR0G1,2025-03-04 03:00:00,0.13333333333333333,3,15,3,1,1
1012312288YRBZRTXR0G1,2025-04-07 00:00:00,0.5444444444444444,6,15,0,0,1
1012312288YRBZRTXR0G1,2025-04-07 06:00:00,0.4777777777777778,6,15,6,0,1
1012312288YRBZRTXR0G1,2025-04-07 12:00:00,0.37777777777777777,6,15,12,0,1
1012312288YRBZRTXR0G1,2025-04-07 18:00:00,0.9111111111111111,6,15,18,0,1
1012312288YRBZRTXR0G1,2025-04-08 00:00:00,0.4777777777777778,6,15,0,1,1
1012312288YRBZRTXR0G1,2025-04-08 06:00:00,0.19999999999999998,6,15,6,1,1
1012312288YRBZRTXR0G1,2025-04-08 12:00:00,0.5111111111111111,6,15,12,1,1
1012312288YRBZRTXR0G1,2025-04-08 18:00:00,0.7777777777777778,6,15,18,1,1
1012312288YRBZRTXR0G1,2025-04-09 00:00:00,0.6222222222222222,6,15,0,2,1
1012312288YRBZRTXR0G1,2025-04-09 06:00:00,0.5,6,15,6,2,1
1012312288YRBZRTXR0G1,2025-04-09 18:00:00,0.888888888888889,3,15,18,2,1
1012312288YRBZRTXR0G1,2025-04-10 00:00:00,0.5888888888888889,6,15,0,3,1
1012312288YRBZRTXR0G1,2025-04-10 06:00:00,0.3888888888888889,6,15,6,3,1
1012312288YRBZRTXR0G1,2025-04-10 12:00:00,0.25555555555555554,6,15,12,3,1
1012312288YRBZRTXR0G1,2025-04-10 18:00:00,0.9,6,15,18,3,1
1012312288YRBZRTXR0G1,2025-04-11 00:00:00,0.6444444444444444,6,15,0,4,1
1012312288YRBZRTXR0G1,2025-04-11 06:00:00,0.37777777777777777,6,15,6,4,1
1012312288YRBZRTXR0G1,2025-04-11 12:00:00,0.3888888888888889,6,15,12,4,1
1012312288YRBZRTXR0G1,2025-04-11 18:00:00,0.8666666666666667,3,15,18,4,1
1012312288YRBZRTXR0G1,2025-04-12 00:00:00,0.5222222222222223,6,15,0,5,0
1012312288YRBZRTXR0G1,2025-04-12 06:00:00,0.20000000000000004,6,15,6,5,0
1012312288YRBZRTXR0G1,2025-04-12 12:00:00,0.09999999999999999,6,15,12,5,0
1012312288YRBZRTXR0G1,2025-04-12 18:00:00,0.9,6,15,18,5,0
1012312288YRBZRTXR0G1,2025-04-13 00:00:00,0.5666666666666667,6,15,0,6,0
1012312288YRBZRTXR0G1,2025-04-13 06:00:00,0.4444444444444445,6,15,6,6,0
1012312288YRBZRTXR0G1,2025-04-13 12:00:00,0.37777777777777777,6,15,12,6,0
1012312288YRBZRTXR0G1,2025-04-13 18:00:00,0.9111111111111111,6,15,18,6,0
1012312288YRC2EJF5N9D,2025-03-03 06:00:00,0.5454545454545454,1,11,6,0,1
1012312288YRC2EJF5N9D,2025-03-03 07:00:00,0.5606060606060606,6,11,7,0,1
1012312288YRC2EJF5N9D,2025-03-03 08:00:00,0.5454545454545454,6,11,8,0,1
1012312288YRC2EJF5N9D,2025-03-03 09:00:00,0.24242424242424243,6,11,9,0,1
1012312288YRC2EJF5N9D,2025-03-03 10:00:00,0.393939393939394,6,11,10,0,1
1012312288YRC2EJF5N9D,2025-03-03 11:00:00,0.25757575757575757,6,11,11,0,1
1012312288YRC2EJF5N9D,2025-03-03 12:00:00,0.3333333333333333,6,11,12,0,1
1012312288YRC2EJF5N9D,2025-03-03 13:00:00,0.5303030303030303,6,11,13,0,1
1012312288YRC2EJF5N9D,2025-03-03 14:00:00,0.5909090909090909,6,11,14,0,1
1012312288YRC2EJF5N9D,2025-03-03 15:00:00,0.7272727272727272,6,11,15,0,1
1012312288YRC2EJF5N9D,2025-03-03 16:00:00,0.5454545454545454,6,11,16,0,1
1012312288YRC2EJF5N9D,2025-03-03 17:00:00,0.5454545454545454,6,11,17,0,1
1012312288YRC2EJF5N9D,2025-03-03 18:00:00,0.5757575757575758,6,11,18,0,1
1012312288YRC2EJF5N9D,2025-03-03 19:00:00,0.6818181818181818,6,11,19,0,1
1012312288YRC2EJF5N9D,2025-03-03 20:00:00,0.6212121212121212,6,11,20,0,1
1012312288YRC2EJF5N9D,2025-03-03 21:00:00,0.5303030303030303,6,11,21,0,1
1012312288YRC2EJF5N9D,2025-03-03 22:00:00,0.5606060606060606,6,11,22,0,1
1012312288YRC2EJF5N9D,2025-03-03 23:00:00,0.5454545454545454,6,11,23,0,1
1012312288YRC2EJF5N9D,2025-03-04 00:00:00,0.5454545454545454,6,11,0,1,1
1012312288YRC2EJF5N9D,2025-03-04 01:00:00,0.5454545454545454,6,11,1,1,1
1012312288YRC2EJF5N9D,2025-03-04 02:00:00,0.5454545454545454,6,11,2,1,1
1012312288YRC2EJF5N9D,2025-03-04 03:00:00,0.5454545454545454,3,11,3,1,1
1012312288YRC2EJF5N9D,2025-04-07 00:00:00,0.46969696969696967,6,11,0,0,1
1012312288YRC2EJF5N9D,2025-04-07 06:00:00,0.45454545454545453,6,11,6,0,1
1012312288YRC2EJF5N9D,2025-04-07 12:00:00,0.4090909090909091,6,11,12,0,1
1012312288YRC2EJF5N9D,2025-04-07 18:00:00,0.6212121212121212,6,11,18,0,1
1012312288YRC2EJF5N9D,2025-04-08 00:00:00,0.8181818181818182,6,11,0,1,1
1012312288YRC2EJF5N9D,2025-04-08 06:00:00,0.6515151515151515,6,11,6,1,1
1012312288YRC2EJF5N9D,2025-04-08 12:00:00,0.2424242424242424,6,11,12,1,1
1012312288YRC2EJF5N9D,2025-04-08 18:00:00,0.787878787878788,6,11,18,1,1
1012312288YRC2EJF5N9D,2025-04-09 00:00:00,0.7272727272727272,6,11,0,2,1
1012312288YRC2EJF5N9D,2025-04-09 06:00:00,0.6363636363636364,6,11,6,2,1
1012312288YRC2EJF5N9D,2025-04-09 18:00:00,0.787878787878788,6,11,18,2,1
1012312288YRC2EJF5N9D,2025-04-10 00:00:00,0.9090909090909091,6,11,0,3,1
1012312288YRC2EJF5N9D,2025-04-10 06:00:00,0.8636363636363636,6,11,6,3,1
1012312288YRC2EJF5N9D,2025-04-10 12:00:00,0.3333333333333333,6,11,12,3,1
1012312288YRC2EJF5N9D,2025-04-10 18:00:00,0.8181818181818182,6,11,18,3,1
1012312288YRC2EJF5N9D,2025-04-11 00:00:00,0.8333333333333334,6,11,0,4,1
1012312288YRC2EJF5N9D,2025-04-11 06:00:00,0.8181818181818182,6,11,6,4,1
1012312288YRC2EJF5N9D,2025-04-11 12:00:00,0.3181818181818182,6,11,12,4,1
1012312288YRC2EJF5N9D,2025-04-11 18:00:00,0.7272727272727272,6,11,18,4,1
1012312288YRC2EJF5N9D,2025-04-12 00:00:00,0.7272727272727272,6,11,0,5,0
1012312288YRC2EJF5N9D,2025-04-12 06:00:00,0.6666666666666666,6,11,6,5,0
1012312288YRC2EJF5N9D,2025-04-12 12:00:00,0.4393939393939394,6,11,12,5,0
1012312288YRC2EJF5N9D,2025-04-12 18:00:00,0.48484848484848486,6,11,18,5,0
1012312288YRC2EJF5N9D,2025-04-13 00:00:00,0.9090909090909091,3,11,0,6,0
1012312288YRC2EJF5N9D,2025-04-13 06:00:00,0.9090909090909091,3,11,6,6,0
1012312288YRC2EJF5N9D,2025-04-13 12:00:00,0.42424242424242425,6,11,12,6,0
1012312288YRC2EJF5N9D,2025-04-13 18:00:00,0.7575757575757577,6,11,18,6,0
1012312288YRC518WKA2P,2025-03-03 06:00:00,0.0,1,5,6,0,1
1012312288YRC518WKA2P,2025-03-03 07:00:00,0.0,6,5,7,0,1
1012312288YRC518WKA2P,2025-03-03 08:00:00,0.0,6,5,8,0,1
1012312288YRC518WKA2P,2025-03-03 09:00:00,0.0,6,5,9,0,1
1012312288YRC518WKA2P,2025-03-03 10:00:00,0.10000000000000002,6,5,10,0,1
1012312288YRC518WKA2P,2025-03-03 11:00:00,0.23333333333333336,6,5,11,0,1
1012312288YRC518WKA2P,2025-03-03 12:00:00,0.6,6,5,12,0,1
1012312288YRC518WKA2P,2025-03-03 13:00:00,0.7000000000000001,6,5,13,0,1
1012312288YRC518WKA2P,2025-03-03 14:00:00,0.7,2,5,14,0,1
1012312288YRC518WKA2P,2025-03-03 15:00:00,0.6666666666666666,6,5,15,0,1
1012312288YRC518WKA2P,2025-03-03 16:00:00,0.8,2,5,16,0,1
1012312288YRC518WKA2P,2025-03-03 17:00:00,0.8,4,5,17,0,1
1012312288YRC518WKA2P,2025-03-03 18:00:00,0.75,4,5,18,0,1
1012312288YRC518WKA2P,2025-03-03 19:00:00,0.8000000000000002,6,5,19,0,1
1012312288YRC518WKA2P,2025-03-03 20:00:00,0.6,6,5,20,0,1
1012312288YRC518WKA2P,2025-03-03 21:00:00,0.5666666666666667,6,5,21,0,1
1012312288YRC518WKA2P,2025-03-03 22:00:00,0.4000000000000001,6,5,22,0,1
1012312288YRC518WKA2P,2025-03-03 23:00:00,0.5666666666666667,6,5,23,0,1
1012312288YRC518WKA2P,2025-03-04 00:00:00,0.8000000000000002,6,5,0,1,1
1012312288YRC518WKA2P,2025-03-04 01:00:00,0.6,6,5,1,1,1
1012312288YRC518WKA2P,2025-03-04 02:00:00,0.6,6,5,2,1,1
1012312288YRC518WKA2P,2025-03-04 03:00:00,0.6,3,5,3,1,1
1012312288YRC518WKA2P,2025-04-07 00:00:00,0.5,6,5,0,0,1
1012312288YRC518WKA2P,2025-04-07 06:00:00,0.20000000000000004,6,5,6,0,1
1012312288YRC518WKA2P,2025-04-07 12:00:00,0.5333333333333333,6,5,12,0,1
1012312288YRC518WKA2P,2025-04-07 18:00:00,0.8,1,5,18,0,1
1012312288YRC518WKA2P,2025-04-08 00:00:00,0.6799999999999999,5,5,0,1,1
1012312288YRC518WKA2P,2025-04-08 06:00:00,0.0,6,5,6,1,1
1012312288YRC518WKA2P,2025-04-08 12:00:00,0.5666666666666667,6,5,12,1,1
1012312288YRC518WKA2P,2025-04-08 18:00:00,0.8,1,5,18,1,1
1012312288YRC518WKA2P,2025-04-09 00:00:00,0.7333333333333334,6,5,0,2,1
1012312288YRC518WKA2P,2025-04-09 06:00:00,0.6,6,5,6,2,1
1012312288YRC518WKA2P,2025-04-10 00:00:00,0.6666666666666666,6,5,0,3,1
1012312288YRC518WKA2P,2025-04-10 06:00:00,0.20000000000000004,6,5,6,3,1
1012312288YRC518WKA2P,2025-04-10 12:00:00,0.39999999999999997,6,5,12,3,1
1012312288YRC518WKA2P,2025-04-10 18:00:00,0.8,1,5,18,3,1
1012312288YRC518WKA2P,2025-04-11 00:00:00,0.8,4,5,0,4,1
1012312288YRC518WKA2P,2025-04-11 06:00:00,0.20000000000000004,6,5,6,4,1
1012312288YRC518WKA2P,2025-04-11 12:00:00,0.39999999999999997,6,5,12,4,1
1012312288YRC518WKA2P,2025-04-12 00:00:00,0.6666666666666666,6,5,0,5,0
1012312288YRC518WKA2P,2025-04-12 06:00:00,0.20000000000000004,6,5,6,5,0
1012312288YRC518WKA2P,2025-04-12 12:00:00,0.5666666666666667,6,5,12,5,0
1012312288YRC518WKA2P,2025-04-12 18:00:00,0.7333333333333334,6,5,18,5,0
1012312288YRC518WKA2P,2025-04-13 00:00:00,0.6000000000000001,2,5,0,6,0
1012312288YRC518WKA2P,2025-04-13 06:00:00,0.20000000000000004,6,5,6,6,0
1012312288YRC518WKA2P,2025-04-13 12:00:00,0.4666666666666666,6,5,12,6,0
1012312288YRC518WKA2P,2025-04-13 18:00:00,0.7,2,5,18,6,0
1012312298YXGS3Y2CBNL,2025-03-03 06:00:00,0.5,1,10,6,0,1
1012312298YXGS3Y2CBNL,2025-03-03 07:00:00,0.4166666666666667,6,10,7,0,1
1012312298YXGS3Y2CBNL,2025-03-03 08:00:00,0.3,6,10,8,0,1
1012312298YXGS3Y2CBNL,2025-03-03 09:00:00,0.5333333333333333,6,10,9,0,1
1012312298YXGS3Y2CBNL,2025-03-03 10:00:00,0.5166666666666667,6,10,10,0,1
1012312298YXGS3Y2CBNL,2025-03-03 11:00:00,0.4666666666666666,6,10,11,0,1
1012312298YXGS3Y2CBNL,2025-03-03 12:00:00,0.45,6,10,12,0,1
1012312298YXGS3Y2CBNL,2025-03-03 13:00:00,0.5,6,10,13,0,1
1012312298YXGS3Y2CBNL,2025-03-03 14:00:00,0.8166666666666668,6,10,14,0,1
1012312298YXGS3Y2CBNL,2025-03-03 15:00:00,0.6833333333333332,6,10,15,0,1
1012312298YXGS3Y2CBNL,2025-03-03 16:00:00,0.5333333333333333,6,10,16,0,1
1012312298YXGS3Y2CBNL,2025-03-03 17:00:00,0.65,6,10,17,0,1
1012312298YXGS3Y2CBNL,2025-03-03 18:00:00,0.7333333333333334,6,10,18,0,1
1012312298YXGS3Y2CBNL,2025-03-03 19:00:00,0.6,6,10,19,0,1
1012312298YXGS3Y2CBNL,2025-03-03 20:00:00,0.43333333333333335,6,10,20,0,1
1012312298YXGS3Y2CBNL,2025-03-03 21:00:00,0.5666666666666667,6,10,21,0,1
1012312298YXGS3Y2CBNL,2025-03-03 22:00:00,0.6166666666666666,6,10,22,0,1
1012312298YXGS3Y2CBNL,2025-03-03 23:00:00,0.5333333333333333,6,10,23,0,1
1012312298YXGS3Y2CBNL,2025-03-04 00:00:00,0.4166666666666667,6,10,0,1,1
1012312298YXGS3Y2CBNL,2025-03-04 01:00:00,0.4000000000000001,6,10,1,1,1
1012312298YXGS3Y2CBNL,2025-03-04 02:00:00,0.4166666666666667,6,10,2,1,1
1012312298YXGS3Y2CBNL,2025-03-04 03:00:00,0.5,3,10,3,1,1
1012312298YXGS3Y2CBNL,2025-04-07 00:00:00,0.3666666666666667,6,10,0,0,1
1012312298YXGS3Y2CBNL,2025-04-07 06:00:00,0.11666666666666668,6,10,6,0,1
1012312298YXGS3Y2CBNL,2025-04-07 12:00:00,0.5499999999999999,6,10,12,0,1
1012312298YXGS3Y2CBNL,2025-04-07 18:00:00,0.2333333333333333,6,10,18,0,1
1012312298YXGS3Y2CBNL,2025-04-08 00:00:00,0.4666666666666666,6,10,0,1,1
1012312298YXGS3Y2CBNL,2025-04-08 06:00:00,0.8000000000000002,6,10,6,1,1
1012312298YXGS3Y2CBNL,2025-04-08 12:00:00,0.5499999999999999,6,10,12,1,1
1012312298YXGS3Y2CBNL,2025-04-08 18:00:00,0.6666666666666666,6,10,18,1,1
1012312298YXGS3Y2CBNL,2025-04-09 00:00:00,0.38333333333333336,6,10,0,2,1
1012312298YXGS3Y2CBNL,2025-04-09 06:00:00,0.15,6,10,6,2,1
1012312298YXGS3Y2CBNL,2025-04-09 18:00:00,0.6166666666666666,6,10,18,2,1
1012312298YXGS3Y2CBNL,2025-04-10 00:00:00,0.5499999999999999,6,10,0,3,1
1012312298YXGS3Y2CBNL,2025-04-10 06:00:00,0.4000000000000001,6,10,6,3,1
1012312298YXGS3Y2CBNL,2025-04-10 12:00:00,0.4166666666666667,6,10,12,3,1
1012312298YXGS3Y2CBNL,2025-04-10 18:00:00,0.7666666666666666,6,10,18,3,1
1012312298YXGS3Y2CBNL,2025-04-11 00:00:00,0.48333333333333334,6,10,0,4,1
1012312298YXGS3Y2CBNL,2025-04-11 06:00:00,0.31666666666666665,6,10,6,4,1
1012312298YXGS3Y2CBNL,2025-04-11 12:00:00,0.45,6,10,12,4,1
1012312298YXGS3Y2CBNL,2025-04-11 18:00:00,0.7999999999999999,6,10,18,4,1
1012312298YXGS3Y2CBNL,2025-04-12 00:00:00,0.8333333333333334,6,10,0,5,0
1012312298YXGS3Y2CBNL,2025-04-12 06:00:00,0.6999999999999998,6,10,6,5,0
1012312298YXGS3Y2CBNL,2025-04-12 12:00:00,0.39999999999999997,6,10,12,5,0
1012312298YXGS3Y2CBNL,2025-04-12 18:00:00,0.9,2,10,18,5,0
1012312298YXGS3Y2CBNL,2025-04-13 00:00:00,0.8666666666666667,6,10,0,6,0
1012312298YXGS3Y2CBNL,2025-04-13 06:00:00,0.6,6,10,6,6,0
1012312298YXGS3Y2CBNL,2025-04-13 12:00:00,0.35000000000000003,6,10,12,6,0
1012312298YXGS3Y2CBNL,2025-04-13 18:00:00,0.5833333333333334,6,10,18,6,0
1012312298YXHTPH9LYPT,2025-03-03 06:00:00,0.18032786885245902,1,61,6,0,1
1012312298YXHTPH9LYPT,2025-03-03 07:00:00,0.19398907103825136,6,61,7,0,1
1012312298YXHTPH9LYPT,2025-03-03 08:00:00,0.33879781420765026,6,61,8,0,1
1012312298YXHTPH9LYPT,2025-03-03 09:00:00,0.5983606557377049,6,61,9,0,1
1012312298YXHTPH9LYPT,2025-03-03 10:00:00,0.6693989071038251,6,61,10,0,1
1012312298YXHTPH9LYPT,2025-03-03 11:00:00,0.5683060109289617,6,61,11,0,1
1012312298YXHTPH9LYPT,2025-03-03 12:00:00,0.5327868852459017,6,61,12,0,1
1012312298YXHTPH9LYPT,2025-03-03 13:00:00,0.7459016393442623,6,61,13,0,1
1012312298YXHTPH9LYPT,2025-03-03 14:00:00,0.8005464480874317,6,61,14,0,1
1012312298YXHTPH9LYPT,2025-03-03 15:00:00,0.7349726775956285,6,61,15,0,1
1012312298YXHTPH9LYPT,2025-03-03 16:00:00,0.6830601092896175,6,61,16,0,1
1012312298YXHTPH9LYPT,2025-03-03 17:00:00,0.505464480874317,6,61,17,0,1
1012312298YXHTPH9LYPT,2025-03-03 18:00:00,0.41803278688524587,6,61,18,0,1
1012312298YXHTPH9LYPT,2025-03-03 19:00:00,0.3989071038251366,6,61,19,0,1
1012312298YXHTPH9LYPT,2025-03-03 20:00:00,0.4098360655737705,6,61,20,0,1
1012312298YXHTPH9LYPT,2025-03-03 21:00:00,0.407103825136612,6,61,21,0,1
1012312298YXHTPH9LYPT,2025-03-03 22:00:00,0.36885245901639346,6,61,22,0,1
1012312298YXHTPH9LYPT,2025-03-03 23:00:00,0.34153005464480873,6,61,23,0,1
1012312298YXHTPH9LYPT,2025-03-04 00:00:00,0.32786885245901637,6,61,0,1,1
1012312298YXHTPH9LYPT,2025-03-04 01:00:00,0.32786885245901637,6,61,1,1,1
1012312298YXHTPH9LYPT,2025-03-04 02:00:00,0.30601092896174864,6,61,2,1,1
1012312298YXHTPH9LYPT,2025-03-04 03:00:00,0.29508196721311475,3,61,3,1,1
1012312298YXHTPH9LYPT,2025-04-07 00:00:00,0.30874316939890706,6,61,0,0,1
1012312298YXHTPH9LYPT,2025-04-07 06:00:00,0.19672131147540983,6,61,6,0,1
1012312298YXHTPH9LYPT,2025-04-07 12:00:00,0.5546448087431695,6,61,12,0,1
1012312298YXHTPH9LYPT,2025-04-07 18:00:00,0.30327868852459017,6,61,18,0,1
1012312298YXHTPH9LYPT,2025-04-08 00:00:00,0.3360655737704918,6,61,0,1,1
1012312298YXHTPH9LYPT,2025-04-08 06:00:00,0.31420765027322406,6,61,6,1,1
1012312298YXHTPH9LYPT,2025-04-08 12:00:00,0.5409836065573771,6,61,12,1,1
1012312298YXHTPH9LYPT,2025-04-08 18:00:00,0.37978142076502736,6,61,18,1,1
1012312298YXHTPH9LYPT,2025-04-09 00:00:00,0.31147540983606553,6,61,0,2,1
1012312298YXHTPH9LYPT,2025-04-09 06:00:00,0.22950819672131148,6,61,6,2,1
1012312298YXHTPH9LYPT,2025-04-09 18:00:00,0.26229508196721313,6,61,18,2,1
1012312298YXHTPH9LYPT,2025-04-10 00:00:00,0.1530054644808743,6,61,0,3,1
1012312298YXHTPH9LYPT,2025-04-10 06:00:00,0.16666666666666666,6,61,6,3,1
1012312298YXHTPH9LYPT,2025-04-10 12:00:00,0.360655737704918,6,61,12,3,1
1012312298YXHTPH9LYPT,2025-04-10 18:00:00,0.273224043715847,6,61,18,3,1
1012312298YXHTPH9LYPT,2025-04-11 00:00:00,0.28688524590163933,6,61,0,4,1
1012312298YXHTPH9LYPT,2025-04-11 06:00:00,0.1994535519125683,6,61,6,4,1
1012312298YXHTPH9LYPT,2025-04-11 12:00:00,0.5601092896174863,6,61,12,4,1
1012312298YXHTPH9LYPT,2025-04-11 18:00:00,0.3852459016393443,6,61,18,4,1
1012312298YXHTPH9LYPT,2025-04-12 00:00:00,0.31967213114754095,6,61,0,5,0
1012312298YXHTPH9LYPT,2025-04-12 06:00:00,0.14754098360655737,6,61,6,5,0
1012312298YXHTPH9LYPT,2025-04-12 12:00:00,0.3770491803278688,6,61,12,5,0
1012312298YXHTPH9LYPT,2025-04-12 18:00:00,0.3715846994535519,6,61,18,5,0
1012312298YXHTPH9LYPT,2025-04-13 00:00:00,0.21311475409836064,6,61,0,6,0
1012312298YXHTPH9LYPT,2025-04-13 06:00:00,0.10382513661202186,6,61,6,6,0
1012312298YXHTPH9LYPT,2025-04-13 12:00:00,0.21584699453551912,6,61,12,6,0
1012312298YXHTPH9LYPT,2025-04-13 18:00:00,0.3360655737704918,6,61,18,6,0
1012312298YXIJSNZ82YP,2025-03-03 06:00:00,0.0,2,10,6,0,1
1012312298YXIJSNZ82YP,2025-03-03 07:00:00,0.0,6,10,7,0,1
1012312298YXIJSNZ82YP,2025-03-03 08:00:00,0.0,6,10,8,0,1
1012312298YXIJSNZ82YP,2025-03-03 09:00:00,0.0,6,10,9,0,1
1012312298YXIJSNZ82YP,2025-03-03 10:00:00,0.0,6,10,10,0,1
1012312298YXIJSNZ82YP,2025-03-03 11:00:00,0.0,6,10,11,0,1
1012312298YXIJSNZ82YP,2025-03-03 12:00:00,0.0,6,10,12,0,1
1012312298YXIJSNZ82YP,2025-03-03 13:00:00,0.0,6,10,13,0,1
1012312298YXIJSNZ82YP,2025-03-03 14:00:00,0.0,6,10,14,0,1
1012312298YXIJSNZ82YP,2025-03-03 15:00:00,0.0,6,10,15,0,1
1012312298YXIJSNZ82YP,2025-03-03 16:00:00,0.0,6,10,16,0,1
1012312298YXIJSNZ82YP,2025-03-03 17:00:00,0.0,6,10,17,0,1
1012312298YXIJSNZ82YP,2025-03-03 18:00:00,0.0,6,10,18,0,1
1012312298YXIJSNZ82YP,2025-03-03 19:00:00,0.0,6,10,19,0,1
1012312298YXIJSNZ82YP,2025-03-03 20:00:00,0.0,6,10,20,0,1
1012312298YXIJSNZ82YP,2025-03-03 21:00:00,0.0,6,10,21,0,1
1012312298YXIJSNZ82YP,2025-03-03 22:00:00,0.0,6,10,22,0,1
1012312298YXIJSNZ82YP,2025-03-03 23:00:00,0.0,6,10,23,0,1
1012312298YXIJSNZ82YP,2025-03-04 00:00:00,0.0,6,10,0,1,1
1012312298YXIJSNZ82YP,2025-03-04 01:00:00,0.0,6,10,1,1,1
1012312298YXIJSNZ82YP,2025-03-04 02:00:00,0.0,6,10,2,1,1
1012312298YXIJSNZ82YP,2025-03-04 03:00:00,0.0,3,10,3,1,1
1012312298YXIJSNZ82YP,2025-04-07 00:00:00,0.0,6,10,0,0,1
1012312298YXIJSNZ82YP,2025-04-07 06:00:00,0.0,6,10,6,0,1
1012312298YXIJSNZ82YP,2025-04-07 12:00:00,0.0,6,10,12,0,1
1012312298YXIJSNZ82YP,2025-04-07 18:00:00,0.016666666666666666,6,10,18,0,1
1012312298YXIJSNZ82YP,2025-04-08 00:00:00,0.0,6,10,0,1,1
1012312298YXIJSNZ82YP,2025-04-08 06:00:00,0.0,6,10,6,1,1
1012312298YXIJSNZ82YP,2025-04-08 12:00:00,0.0,6,10,12,1,1
1012312298YXIJSNZ82YP,2025-04-08 18:00:00,0.0,6,10,18,1,1
1012312298YXIJSNZ82YP,2025-04-09 00:00:00,0.0,6,10,0,2,1
1012312298YXIJSNZ82YP,2025-04-09 06:00:00,0.0,6,10,6,2,1
1012312298YXIJSNZ82YP,2025-04-09 18:00:00,0.0,6,10,18,2,1
1012312298YXIJSNZ82YP,2025-04-10 00:00:00,0.0,6,10,0,3,1
1012312298YXIJSNZ82YP,2025-04-10 06:00:00,0.0,6,10,6,3,1
1012312298YXIJSNZ82YP,2025-04-10 12:00:00,0.0,6,10,12,3,1
1012312298YXIJSNZ82YP,2025-04-10 18:00:00,0.0,6,10,18,3,1
1012312298YXIJSNZ82YP,2025-04-11 00:00:00,0.0,6,10,0,4,1
1012312298YXIJSNZ82YP,2025-04-11 06:00:00,0.0,6,10,6,4,1
1012312298YXIJSNZ82YP,2025-04-11 12:00:00,0.0,6,10,12,4,1
1012312298YXIJSNZ82YP,2025-04-11 18:00:00,0.03333333333333333,6,10,18,4,1
1012312298YXIJSNZ82YP,2025-04-12 00:00:00,0.0,6,10,0,5,0
1012312298YXIJSNZ82YP,2025-04-12 06:00:00,0.0,6,10,6,5,0
1012312298YXIJSNZ82YP,2025-04-12 12:00:00,0.0,6,10,12,5,0
1012312298YXIJSNZ82YP,2025-04-12 18:00:00,0.0,6,10,18,5,0
1012312298YXIJSNZ82YP,2025-04-13 00:00:00,0.10000000000000002,6,10,0,6,0
1012312298YXIJSNZ82YP,2025-04-13 06:00:00,0.15,6,10,6,6,0
1012312298YXIJSNZ82YP,2025-04-13 12:00:00,0.0,6,10,12,6,0
1012312298YXIJSNZ82YP,2025-04-13 18:00:00,0.0,6,10,18,6,0
1012312298YXIV34CFDVL,2025-03-03 06:00:00,0.16666666666666666,2,6,6,0,1
1012312298YXIV34CFDVL,2025-03-03 07:00:00,0.16666666666666666,6,6,7,0,1
1012312298YXIV34CFDVL,2025-03-03 08:00:00,0.25,6,6,8,0,1
1012312298YXIV34CFDVL,2025-03-03 09:00:00,0.38888888888888884,6,6,9,0,1
1012312298YXIV34CFDVL,2025-03-03 10:00:00,0.25,6,6,10,0,1
1012312298YXIV34CFDVL,2025-03-03 11:00:00,0.2222222222222222,6,6,11,0,1
1012312298YXIV34CFDVL,2025-03-03 12:00:00,0.2222222222222222,6,6,12,0,1
1012312298YXIV34CFDVL,2025-03-03 13:00:00,0.27777777777777773,6,6,13,0,1
1012312298YXIV34CFDVL,2025-03-03 14:00:00,0.6666666666666666,6,6,14,0,1
1012312298YXIV34CFDVL,2025-03-03 15:00:00,0.6666666666666666,6,6,15,0,1
1012312298YXIV34CFDVL,2025-03-03 16:00:00,0.6388888888888888,6,6,16,0,1
1012312298YXIV34CFDVL,2025-03-03 17:00:00,0.16666666666666666,6,6,17,0,1
1012312298YXIV34CFDVL,2025-03-03 18:00:00,0.1111111111111111,6,6,18,0,1
1012312298YXIV34CFDVL,2025-03-03 19:00:00,0.05555555555555555,6,6,19,0,1
1012312298YXIV34CFDVL,2025-03-03 20:00:00,0.1111111111111111,6,6,20,0,1
1012312298YXIV34CFDVL,2025-03-03 21:00:00,0.19444444444444442,6,6,21,0,1
1012312298YXIV34CFDVL,2025-03-03 22:00:00,0.27777777777777773,6,6,22,0,1
1012312298YXIV34CFDVL,2025-03-03 23:00:00,0.3055555555555555,6,6,23,0,1
1012312298YXIV34CFDVL,2025-03-04 00:00:00,0.16666666666666666,6,6,0,1,1
1012312298YXIV34CFDVL,2025-03-04 01:00:00,0.16666666666666666,6,6,1,1,1
1012312298YXIV34CFDVL,2025-03-04 02:00:00,0.16666666666666666,6,6,2,1,1
1012312298YXIV34CFDVL,2025-03-04 03:00:00,0.3333333333333333,3,6,3,1,1
1012312298YXIV34CFDVL,2025-04-07 00:00:00,0.38888888888888884,6,6,0,0,1
1012312298YXIV34CFDVL,2025-04-07 06:00:00,0.5,6,6,6,0,1
1012312298YXIV34CFDVL,2025-04-07 12:00:00,0.16666666666666666,6,6,12,0,1
1012312298YXIV34CFDVL,2025-04-07 18:00:00,0.0,6,6,18,0,1
1012312298YXIV34CFDVL,2025-04-08 00:00:00,0.3333333333333333,6,6,0,1,1
1012312298YXIV34CFDVL,2025-04-08 06:00:00,0.5,6,6,6,1,1
1012312298YXIV34CFDVL,2025-04-08 12:00:00,0.3611111111111111,6,6,12,1,1
1012312298YXIV34CFDVL,2025-04-08 18:00:00,0.38888888888888884,6,6,18,1,1
1012312298YXIV34CFDVL,2025-04-09 00:00:00,0.16666666666666666,6,6,0,2,1
1012312298YXIV34CFDVL,2025-04-09 06:00:00,0.16666666666666666,6,6,6,2,1
1012312298YXIV34CFDVL,2025-04-09 18:00:00,0.4444444444444444,6,6,18,2,1
1012312298YXIV34CFDVL,2025-04-10 00:00:00,0.3333333333333333,6,6,0,3,1
1012312298YXIV34CFDVL,2025-04-10 06:00:00,0.16666666666666666,6,6,6,3,1
1012312298YXIV34CFDVL,2025-04-10 12:00:00,0.38888888888888884,6,6,12,3,1
1012312298YXIV34CFDVL,2025-04-10 18:00:00,0.5277777777777778,6,6,18,3,1
1012312298YXIV34CFDVL,2025-04-11 00:00:00,0.5277777777777778,6,6,0,4,1
1012312298YXIV34CFDVL,2025-04-11 06:00:00,0.5,6,6,6,4,1
1012312298YXIV34CFDVL,2025-04-11 12:00:00,0.08333333333333333,6,6,12,4,1
1012312298YXIV34CFDVL,2025-04-11 18:00:00,0.5277777777777778,6,6,18,4,1
1012312298YXIV34CFDVL,2025-04-12 00:00:00,0.6666666666666666,6,6,0,5,0
1012312298YXIV34CFDVL,2025-04-12 06:00:00,0.6666666666666666,6,6,6,5,0
1012312298YXIV34CFDVL,2025-04-12 12:00:00,0.0,6,6,12,5,0
1012312298YXIV34CFDVL,2025-04-12 18:00:00,0.25,6,6,18,5,0
1012312298YXIV34CFDVL,2025-04-13 00:00:00,0.6666666666666666,6,6,0,6,0
1012312298YXIV34CFDVL,2025-04-13 06:00:00,0.6666666666666666,6,6,6,6,0
1012312298YXIV34CFDVL,2025-04-13 12:00:00,0.08333333333333333,6,6,12,6,0
1012312298YXIV34CFDVL,2025-04-13 18:00:00,0.5277777777777778,6,6,18,6,0
1012401199375YC6OSJ5T,2025-03-03 06:00:00,0.5206611570247934,1,121,6,0,1
1012401199375YC6OSJ5T,2025-03-03 07:00:00,0.45041322314049587,6,121,7,0,1
1012401199375YC6OSJ5T,2025-03-03 08:00:00,0.3884297520661157,6,121,8,0,1
1012401199375YC6OSJ5T,2025-03-03 09:00:00,0.3526170798898072,6,121,9,0,1
1012401199375YC6OSJ5T,2025-03-03 10:00:00,0.325068870523416,6,121,10,0,1
1012401199375YC6OSJ5T,2025-03-03 11:00:00,0.30165289256198347,6,121,11,0,1
1012401199375YC6OSJ5T,2025-03-03 12:00:00,0.30440771349862256,6,121,12,0,1
1012401199375YC6OSJ5T,2025-03-03 13:00:00,0.3278236914600551,6,121,13,0,1
1012401199375YC6OSJ5T,2025-03-03 14:00:00,0.3953168044077135,6,121,14,0,1
1012401199375YC6OSJ5T,2025-03-03 15:00:00,0.3636363636363636,6,121,15,0,1
1012401199375YC6OSJ5T,2025-03-03 16:00:00,0.3884297520661157,6,121,16,0,1
1012401199375YC6OSJ5T,2025-03-03 17:00:00,0.42975206611570255,6,121,17,0,1
1012401199375YC6OSJ5T,2025-03-03 18:00:00,0.4696969696969697,6,121,18,0,1
1012401199375YC6OSJ5T,2025-03-03 19:00:00,0.5082644628099173,6,121,19,0,1
1012401199375YC6OSJ5T,2025-03-03 20:00:00,0.5206611570247933,6,121,20,0,1
1012401199375YC6OSJ5T,2025-03-03 21:00:00,0.5110192837465565,6,121,21,0,1
1012401199375YC6OSJ5T,2025-03-03 22:00:00,0.5,6,121,22,0,1
1012401199375YC6OSJ5T,2025-03-03 23:00:00,0.46831955922865015,6,121,23,0,1
1012401199375YC6OSJ5T,2025-03-04 00:00:00,0.4517906336088154,6,121,0,1,1
1012401199375YC6OSJ5T,2025-03-04 01:00:00,0.4517906336088154,6,121,1,1,1
1012401199375YC6OSJ5T,2025-03-04 02:00:00,0.4490358126721763,6,121,2,1,1
1012401199375YC6OSJ5T,2025-03-04 03:00:00,0.4462809917355372,3,121,3,1,1
1012401199375YC6OSJ5T,2025-04-07 00:00:00,0.5564738292011019,6,121,0,0,1
1012401199375YC6OSJ5T,2025-04-07 06:00:00,0.5426997245179063,6,121,6,0,1
1012401199375YC6OSJ5T,2025-04-07 12:00:00,0.29614325068870523,6,121,12,0,1
1012401199375YC6OSJ5T,2025-04-07 18:00:00,0.5027548209366391,6,121,18,0,1
1012401199375YC6OSJ5T,2025-04-08 00:00:00,0.4462809917355372,6,121,0,1,1
1012401199375YC6OSJ5T,2025-04-08 06:00:00,0.4517906336088154,6,121,6,1,1
1012401199375YC6OSJ5T,2025-04-08 12:00:00,0.384297520661157,6,121,12,1,1
1012401199375YC6OSJ5T,2025-04-08 18:00:00,0.4834710743801653,6,121,18,1,1
1012401199375YC6OSJ5T,2025-04-09 00:00:00,0.4393939393939394,6,121,0,2,1
1012401199375YC6OSJ5T,2025-04-09 06:00:00,0.44352617079889806,6,121,6,2,1
1012401199375YC6OSJ5T,2025-04-09 18:00:00,0.5303030303030303,6,121,18,2,1
1012401199375YC6OSJ5T,2025-04-10 00:00:00,0.49173553719008267,6,121,0,3,1
1012401199375YC6OSJ5T,2025-04-10 06:00:00,0.45041322314049587,6,121,6,3,1
1012401199375YC6OSJ5T,2025-04-10 12:00:00,0.38567493112947654,6,121,12,3,1
1012401199375YC6OSJ5T,2025-04-10 18:00:00,0.4517906336088154,6,121,18,3,1
1012401199375YC6OSJ5T,2025-04-11 00:00:00,0.44077134986225897,6,121,0,4,1
1012401199375YC6OSJ5T,2025-04-11 06:00:00,0.4159779614325069,6,121,6,4,1
1012401199375YC6OSJ5T,2025-04-11 12:00:00,0.3677685950413223,6,121,12,4,1
1012401199375YC6OSJ5T,2025-04-11 18:00:00,0.4228650137741046,6,121,18,4,1
1012401199375YC6OSJ5T,2025-04-12 00:00:00,0.4834710743801653,6,121,0,5,0
1012401199375YC6OSJ5T,2025-04-12 06:00:00,0.43388429752066116,6,121,6,5,0
1012401199375YC6OSJ5T,2025-04-12 12:00:00,0.4118457300275482,6,121,12,5,0
1012401199375YC6OSJ5T,2025-04-12 18:00:00,0.4793388429752066,6,121,18,5,0
1012401199375YC6OSJ5T,2025-04-13 00:00:00,0.512396694214876,6,121,0,6,0
1012401199375YC6OSJ5T,2025-04-13 06:00:00,0.418732782369146,6,121,6,6,0
1012401199375YC6OSJ5T,2025-04-13 12:00:00,0.4380165289256199,6,121,12,6,0
1012401199375YC6OSJ5T,2025-04-13 18:00:00,0.4972451790633609,6,121,18,6,0
10124012093FZKG7Y8M4H,2025-03-03 06:00:00,0.2857142857142857,1,63,6,0,1
10124012093FZKG7Y8M4H,2025-03-03 07:00:00,0.23015873015873015,6,63,7,0,1
10124012093FZKG7Y8M4H,2025-03-03 08:00:00,0.2857142857142857,6,63,8,0,1
10124012093FZKG7Y8M4H,2025-03-03 09:00:00,0.08730158730158728,6,63,9,0,1
10124012093FZKG7Y8M4H,2025-03-03 10:00:00,0.07671957671957672,6,63,10,0,1
10124012093FZKG7Y8M4H,2025-03-03 11:00:00,0.042328042328042326,6,63,11,0,1
10124012093FZKG7Y8M4H,2025-03-03 12:00:00,0.08994708994708994,6,63,12,0,1
10124012093FZKG7Y8M4H,2025-03-03 13:00:00,0.06084656084656084,6,63,13,0,1
10124012093FZKG7Y8M4H,2025-03-03 14:00:00,0.07936507936507936,6,63,14,0,1
10124012093FZKG7Y8M4H,2025-03-03 15:00:00,0.08994708994708994,6,63,15,0,1
10124012093FZKG7Y8M4H,2025-03-03 16:00:00,0.21164021164021163,6,63,16,0,1
10124012093FZKG7Y8M4H,2025-03-03 17:00:00,0.23015873015873015,6,63,17,0,1
10124012093FZKG7Y8M4H,2025-03-03 18:00:00,0.13227513227513227,6,63,18,0,1
10124012093FZKG7Y8M4H,2025-03-03 19:00:00,0.18253968253968253,6,63,19,0,1
10124012093FZKG7Y8M4H,2025-03-03 20:00:00,0.3333333333333333,6,63,20,0,1
10124012093FZKG7Y8M4H,2025-03-03 21:00:00,0.44973544973544977,6,63,21,0,1
10124012093FZKG7Y8M4H,2025-03-03 22:00:00,0.20899470899470898,6,63,22,0,1
10124012093FZKG7Y8M4H,2025-03-03 23:00:00,0.23015873015873015,6,63,23,0,1
10124012093FZKG7Y8M4H,2025-03-04 00:00:00,0.25396825396825395,6,63,0,1,1
10124012093FZKG7Y8M4H,2025-03-04 01:00:00,0.25396825396825395,6,63,1,1,1
10124012093FZKG7Y8M4H,2025-03-04 02:00:00,0.25396825396825395,6,63,2,1,1
10124012093FZKG7Y8M4H,2025-03-04 03:00:00,0.25396825396825395,3,63,3,1,1
10124012093FZKG7Y8M4H,2025-04-07 00:00:00,0.24074074074074073,6,63,0,0,1
10124012093FZKG7Y8M4H,2025-04-07 06:00:00,0.2724867724867725,6,63,6,0,1
10124012093FZKG7Y8M4H,2025-04-07 12:00:00,0.14814814814814814,6,63,12,0,1
10124012093FZKG7Y8M4H,2025-04-07 18:00:00,0.05291005291005291,6,63,18,0,1
10124012093FZKG7Y8M4H,2025-04-08 00:00:00,0.2857142857142857,6,63,0,1,1
10124012093FZKG7Y8M4H,2025-04-08 06:00:00,0.32010582010582006,6,63,6,1,1
10124012093FZKG7Y8M4H,2025-04-08 12:00:00,0.12433862433862435,6,63,12,1,1
10124012093FZKG7Y8M4H,2025-04-08 18:00:00,0.2169312169312169,6,63,18,1,1
10124012093FZKG7Y8M4H,2025-04-09 00:00:00,0.2486772486772487,6,63,0,2,1
10124012093FZKG7Y8M4H,2025-04-09 06:00:00,0.23015873015873015,6,63,6,2,1
10124012093FZKG7Y8M4H,2025-04-09 18:00:00,0.22751322751322753,6,63,18,2,1
10124012093FZKG7Y8M4H,2025-04-10 00:00:00,0.2857142857142857,6,63,0,3,1
10124012093FZKG7Y8M4H,2025-04-10 06:00:00,0.23809523809523805,6,63,6,3,1
10124012093FZKG7Y8M4H,2025-04-10 12:00:00,0.10582010582010581,6,63,12,3,1
10124012093FZKG7Y8M4H,2025-04-10 18:00:00,0.15343915343915343,6,63,18,3,1
10124012093FZKG7Y8M4H,2025-04-11 00:00:00,0.2619047619047619,6,63,0,4,1
10124012093FZKG7Y8M4H,2025-04-11 06:00:00,0.2751322751322751,6,63,6,4,1
10124012093FZKG7Y8M4H,2025-04-11 12:00:00,0.15608465608465608,6,63,12,4,1
10124012093FZKG7Y8M4H,2025-04-11 18:00:00,0.2328042328042328,6,63,18,4,1
10124012093FZKG7Y8M4H,2025-04-12 00:00:00,0.328042328042328,6,63,0,5,0
10124012093FZKG7Y8M4H,2025-04-12 06:00:00,0.291005291005291,6,63,6,5,0
10124012093FZKG7Y8M4H,2025-04-12 12:00:00,0.14285714285714285,6,63,12,5,0
10124012093FZKG7Y8M4H,2025-04-12 18:00:00,0.15343915343915343,6,63,18,5,0
10124012093FZKG7Y8M4H,2025-04-13 00:00:00,0.17989417989417988,6,63,0,6,0
10124012093FZKG7Y8M4H,2025-04-13 06:00:00,0.16666666666666666,6,63,6,6,0
10124012093FZKG7Y8M4H,2025-04-13 12:00:00,0.164021164021164,6,63,12,6,0
10124012093FZKG7Y8M4H,2025-04-13 18:00:00,0.25661375661375657,6,63,18,6,0
10124013095GY8GDKUBY9,2025-03-03 06:00:00,0.125,1,16,6,0,1
10124013095GY8GDKUBY9,2025-03-03 07:00:00,0.13541666666666666,6,16,7,0,1
10124013095GY8GDKUBY9,2025-03-03 08:00:00,0.1875,6,16,8,0,1
10124013095GY8GDKUBY9,2025-03-03 09:00:00,0.16666666666666666,6,16,9,0,1
10124013095GY8GDKUBY9,2025-03-03 10:00:00,0.17708333333333334,6,16,10,0,1
10124013095GY8GDKUBY9,2025-03-03 11:00:00,0.07291666666666667,6,16,11,0,1
10124013095GY8GDKUBY9,2025-03-03 12:00:00,0.08333333333333333,6,16,12,0,1
10124013095GY8GDKUBY9,2025-03-03 13:00:00,0.15625,6,16,13,0,1
10124013095GY8GDKUBY9,2025-03-03 14:00:00,0.20833333333333334,6,16,14,0,1
10124013095GY8GDKUBY9,2025-03-03 15:00:00,0.28125,6,16,15,0,1
10124013095GY8GDKUBY9,2025-03-03 16:00:00,0.2916666666666667,6,16,16,0,1
10124013095GY8GDKUBY9,2025-03-03 17:00:00,0.125,6,16,17,0,1
10124013095GY8GDKUBY9,2025-03-03 18:00:00,0.0625,6,16,18,0,1
10124013095GY8GDKUBY9,2025-03-03 19:00:00,0.16666666666666666,6,16,19,0,1
10124013095GY8GDKUBY9,2025-03-03 20:00:00,0.2604166666666667,6,16,20,0,1
10124013095GY8GDKUBY9,2025-03-03 21:00:00,0.3958333333333333,6,16,21,0,1
10124013095GY8GDKUBY9,2025-03-03 22:00:00,0.3125,6,16,22,0,1
10124013095GY8GDKUBY9,2025-03-03 23:00:00,0.15625,6,16,23,0,1
10124013095GY8GDKUBY9,2025-03-04 00:00:00,0.125,6,16,0,1,1
10124013095GY8GDKUBY9,2025-03-04 01:00:00,0.15625,6,16,1,1,1
10124013095GY8GDKUBY9,2025-03-04 02:00:00,0.13541666666666666,6,16,2,1,1
10124013095GY8GDKUBY9,2025-03-04 03:00:00,0.125,3,16,3,1,1
10124013095GY8GDKUBY9,2025-04-07 00:00:00,0.13541666666666666,6,16,0,0,1
10124013095GY8GDKUBY9,2025-04-07 06:00:00,0.125,6,16,6,0,1
10124013095GY8GDKUBY9,2025-04-07 12:00:00,0.052083333333333336,6,16,12,0,1
10124013095GY8GDKUBY9,2025-04-07 18:00:00,0.08333333333333333,6,16,18,0,1
10124013095GY8GDKUBY9,2025-04-08 00:00:00,0.25,6,16,0,1,1
10124013095GY8GDKUBY9,2025-04-08 06:00:00,0.1875,6,16,6,1,1
10124013095GY8GDKUBY9,2025-04-08 12:00:00,0.13541666666666666,6,16,12,1,1
10124013095GY8GDKUBY9,2025-04-08 18:00:00,0.07291666666666667,6,16,18,1,1
10124013095GY8GDKUBY9,2025-04-09 00:00:00,0.07291666666666667,6,16,0,2,1
10124013095GY8GDKUBY9,2025-04-09 06:00:00,0.14583333333333334,6,16,6,2,1
10124013095GY8GDKUBY9,2025-04-09 18:00:00,0.11458333333333333,6,16,18,2,1
10124013095GY8GDKUBY9,2025-04-10 00:00:00,0.3020833333333333,6,16,0,3,1
10124013095GY8GDKUBY9,2025-04-10 06:00:00,0.25,6,16,6,3,1
10124013095GY8GDKUBY9,2025-04-10 12:00:00,0.10416666666666667,6,16,12,3,1
10124013095GY8GDKUBY9,2025-04-10 18:00:00,0.14583333333333334,6,16,18,3,1
10124013095GY8GDKUBY9,2025-04-11 00:00:00,0.16666666666666666,6,16,0,4,1
10124013095GY8GDKUBY9,2025-04-11 06:00:00,0.125,6,16,6,4,1
10124013095GY8GDKUBY9,2025-04-11 12:00:00,0.08333333333333333,6,16,12,4,1
10124013095GY8GDKUBY9,2025-04-11 18:00:00,0.11458333333333333,6,16,18,4,1
10124013095GY8GDKUBY9,2025-04-12 00:00:00,0.1875,6,16,0,5,0
10124013095GY8GDKUBY9,2025-04-12 06:00:00,0.2708333333333333,6,16,6,5,0
10124013095GY8GDKUBY9,2025-04-12 12:00:00,0.14583333333333334,6,16,12,5,0
10124013095GY8GDKUBY9,2025-04-12 18:00:00,0.0625,6,16,18,5,0
10124013095GY8GDKUBY9,2025-04-13 00:00:00,0.125,6,16,0,6,0
10124013095GY8GDKUBY9,2025-04-13 06:00:00,0.052083333333333336,6,16,6,6,0
10124013095GY8GDKUBY9,2025-04-13 12:00:00,0.03125,6,16,12,6,0
10124013095GY8GDKUBY9,2025-04-13 18:00:00,0.010416666666666666,6,16,18,6,0
10124013095H4QPBO8UF5,2025-03-03 06:00:00,0.0,1,7,6,0,1
10124013095H4QPBO8UF5,2025-03-03 07:00:00,0.0,6,7,7,0,1
10124013095H4QPBO8UF5,2025-03-03 08:00:00,0.0,6,7,8,0,1
10124013095H4QPBO8UF5,2025-03-03 09:00:00,0.0,6,7,9,0,1
10124013095H4QPBO8UF5,2025-03-03 10:00:00,0.0,6,7,10,0,1
10124013095H4QPBO8UF5,2025-03-03 11:00:00,0.0,6,7,11,0,1
10124013095H4QPBO8UF5,2025-03-03 12:00:00,0.0,6,7,12,0,1
10124013095H4QPBO8UF5,2025-03-03 13:00:00,0.0,6,7,13,0,1
10124013095H4QPBO8UF5,2025-03-03 14:00:00,0.0,6,7,14,0,1
10124013095H4QPBO8UF5,2025-03-03 15:00:00,0.0,6,7,15,0,1
10124013095H4QPBO8UF5,2025-03-03 16:00:00,0.0,6,7,16,0,1
10124013095H4QPBO8UF5,2025-03-03 17:00:00,0.0,6,7,17,0,1
10124013095H4QPBO8UF5,2025-03-03 18:00:00,0.0,6,7,18,0,1
10124013095H4QPBO8UF5,2025-03-03 19:00:00,0.0,6,7,19,0,1
10124013095H4QPBO8UF5,2025-03-03 20:00:00,0.0,6,7,20,0,1
10124013095H4QPBO8UF5,2025-03-03 21:00:00,0.0,6,7,21,0,1
10124013095H4QPBO8UF5,2025-03-03 22:00:00,0.0,6,7,22,0,1
10124013095H4QPBO8UF5,2025-03-03 23:00:00,0.0,6,7,23,0,1
10124013095H4QPBO8UF5,2025-03-04 00:00:00,0.0,6,7,0,1,1
10124013095H4QPBO8UF5,2025-03-04 01:00:00,0.0,6,7,1,1,1
10124013095H4QPBO8UF5,2025-03-04 02:00:00,0.0,6,7,2,1,1
10124013095H4QPBO8UF5,2025-03-04 03:00:00,0.0,3,7,3,1,1
10124013095H4QPBO8UF5,2025-04-07 00:00:00,0.0,6,7,0,0,1
10124013095H4QPBO8UF5,2025-04-07 06:00:00,0.0,6,7,6,0,1
10124013095H4QPBO8UF5,2025-04-07 12:00:00,0.0,6,7,12,0,1
10124013095H4QPBO8UF5,2025-04-07 18:00:00,0.0,6,7,18,0,1
10124013095H4QPBO8UF5,2025-04-08 00:00:00,0.0,6,7,0,1,1
10124013095H4QPBO8UF5,2025-04-08 06:00:00,0.0,6,7,6,1,1
10124013095H4QPBO8UF5,2025-04-08 12:00:00,0.0,6,7,12,1,1
10124013095H4QPBO8UF5,2025-04-08 18:00:00,0.0,6,7,18,1,1
10124013095H4QPBO8UF5,2025-04-09 00:00:00,0.0,6,7,0,2,1
10124013095H4QPBO8UF5,2025-04-09 06:00:00,0.0,6,7,6,2,1
10124013095H4QPBO8UF5,2025-04-09 18:00:00,0.0,6,7,18,2,1
10124013095H4QPBO8UF5,2025-04-10 00:00:00,0.0,6,7,0,3,1
10124013095H4QPBO8UF5,2025-04-10 06:00:00,0.0,6,7,6,3,1
10124013095H4QPBO8UF5,2025-04-10 12:00:00,0.0,6,7,12,3,1
10124013095H4QPBO8UF5,2025-04-10 18:00:00,0.0,6,7,18,3,1
10124013095H4QPBO8UF5,2025-04-11 00:00:00,0.0,6,7,0,4,1
10124013095H4QPBO8UF5,2025-04-11 06:00:00,0.0,6,7,6,4,1
10124013095H4QPBO8UF5,2025-04-11 12:00:00,0.0,6,7,12,4,1
10124013095H4QPBO8UF5,2025-04-11 18:00:00,0.0,6,7,18,4,1
10124013095H4QPBO8UF5,2025-04-12 00:00:00,0.0,6,7,0,5,0
10124013095H4QPBO8UF5,2025-04-12 06:00:00,0.0,6,7,6,5,0
10124013095H4QPBO8UF5,2025-04-12 12:00:00,0.0,6,7,12,5,0
10124013095H4QPBO8UF5,2025-04-12 18:00:00,0.0,6,7,18,5,0
10124013095H4QPBO8UF5,2025-04-13 00:00:00,0.0,6,7,0,6,0
10124013095H4QPBO8UF5,2025-04-13 06:00:00,0.0,6,7,6,6,0
10124013095H4QPBO8UF5,2025-04-13 12:00:00,0.0,6,7,12,6,0
10124013095H4QPBO8UF5,2025-04-13 18:00:00,0.0,6,7,18,6,0
10124013095HHCMD4CC1T,2025-03-03 06:00:00,0.02857142857142857,1,35,6,0,1
10124013095HHCMD4CC1T,2025-03-03 07:00:00,0.02857142857142857,6,35,7,0,1
10124013095HHCMD4CC1T,2025-03-03 08:00:00,0.09047619047619047,6,35,8,0,1
10124013095HHCMD4CC1T,2025-03-03 09:00:00,0.2142857142857143,6,35,9,0,1
10124013095HHCMD4CC1T,2025-03-03 10:00:00,0.2714285714285714,6,35,10,0,1
10124013095HHCMD4CC1T,2025-03-03 11:00:00,0.12380952380952381,6,35,11,0,1
10124013095HHCMD4CC1T,2025-03-03 12:00:00,0.023809523809523808,6,35,12,0,1
10124013095HHCMD4CC1T,2025-03-03 13:00:00,0.14761904761904762,6,35,13,0,1
10124013095HHCMD4CC1T,2025-03-03 14:00:00,0.19047619047619047,6,35,14,0,1
10124013095HHCMD4CC1T,2025-03-03 15:00:00,0.2857142857142857,6,35,15,0,1
10124013095HHCMD4CC1T,2025-03-03 16:00:00,0.24285714285714285,6,35,16,0,1
10124013095HHCMD4CC1T,2025-03-03 17:00:00,0.1619047619047619,6,35,17,0,1
10124013095HHCMD4CC1T,2025-03-03 18:00:00,0.18095238095238095,6,35,18,0,1
10124013095HHCMD4CC1T,2025-03-03 19:00:00,0.18571428571428572,6,35,19,0,1
10124013095HHCMD4CC1T,2025-03-03 20:00:00,0.10476190476190476,6,35,20,0,1
10124013095HHCMD4CC1T,2025-03-03 21:00:00,0.0857142857142857,6,35,21,0,1
10124013095HHCMD4CC1T,2025-03-03 22:00:00,0.0857142857142857,6,35,22,0,1
10124013095HHCMD4CC1T,2025-03-03 23:00:00,0.0857142857142857,6,35,23,0,1
10124013095HHCMD4CC1T,2025-03-04 00:00:00,0.0857142857142857,6,35,0,1,1
10124013095HHCMD4CC1T,2025-03-04 01:00:00,0.0857142857142857,6,35,1,1,1
10124013095HHCMD4CC1T,2025-03-04 02:00:00,0.0857142857142857,6,35,2,1,1
10124013095HHCMD4CC1T,2025-03-04 03:00:00,0.0857142857142857,3,35,3,1,1
10124013095HHCMD4CC1T,2025-04-07 00:00:00,0.11428571428571428,6,35,0,0,1
10124013095HHCMD4CC1T,2025-04-07 06:00:00,0.11428571428571428,6,35,6,0,1
10124013095HHCMD4CC1T,2025-04-07 12:00:00,0.11428571428571428,6,35,12,0,1
10124013095HHCMD4CC1T,2025-04-07 18:00:00,0.07142857142857144,6,35,18,0,1
10124013095HHCMD4CC1T,2025-04-08 00:00:00,0.0,6,35,0,1,1
10124013095HHCMD4CC1T,2025-04-08 06:00:00,0.0,6,35,6,1,1
10124013095HHCMD4CC1T,2025-04-08 12:00:00,0.11904761904761905,6,35,12,1,1
10124013095HHCMD4CC1T,2025-04-08 18:00:00,0.014285714285714285,6,35,18,1,1
10124013095HHCMD4CC1T,2025-04-09 00:00:00,0.02857142857142857,6,35,0,2,1
10124013095HHCMD4CC1T,2025-04-09 06:00:00,0.02857142857142857,6,35,6,2,1
10124013095HHCMD4CC1T,2025-04-09 18:00:00,0.13809523809523808,6,35,18,2,1
10124013095HHCMD4CC1T,2025-04-10 00:00:00,0.02857142857142857,6,35,0,3,1
10124013095HHCMD4CC1T,2025-04-10 06:00:00,0.06190476190476191,6,35,6,3,1
10124013095HHCMD4CC1T,2025-04-10 12:00:00,0.0857142857142857,6,35,12,3,1
10124013095HHCMD4CC1T,2025-04-10 18:00:00,0.08095238095238096,6,35,18,3,1
10124013095HHCMD4CC1T,2025-04-11 00:00:00,0.02857142857142857,6,35,0,4,1
10124013095HHCMD4CC1T,2025-04-11 06:00:00,0.05238095238095238,6,35,6,4,1
10124013095HHCMD4CC1T,2025-04-11 12:00:00,0.14761904761904762,6,35,12,4,1
10124013095HHCMD4CC1T,2025-04-11 18:00:00,0.014285714285714285,6,35,18,4,1
10124013095HHCMD4CC1T,2025-04-12 00:00:00,0.0857142857142857,6,35,0,5,0
10124013095HHCMD4CC1T,2025-04-12 06:00:00,0.08095238095238096,6,35,6,5,0
10124013095HHCMD4CC1T,2025-04-12 12:00:00,0.2333333333333333,6,35,12,5,0
10124013095HHCMD4CC1T,2025-04-12 18:00:00,0.13333333333333333,6,35,18,5,0
10124013095HHCMD4CC1T,2025-04-13 00:00:00,0.05714285714285714,6,35,0,6,0
10124013095HHCMD4CC1T,2025-04-13 06:00:00,0.0857142857142857,6,35,6,6,0
10124013095HHCMD4CC1T,2025-04-13 12:00:00,0.22857142857142856,6,35,12,6,0
10124013095HHCMD4CC1T,2025-04-13 18:00:00,0.02857142857142857,6,35,18,6,0
1012405049OQ8ZNVP3U2P,2025-03-03 06:00:00,0.2413793103448276,1,29,6,0,1
1012405049OQ8ZNVP3U2P,2025-03-03 07:00:00,0.23563218390804597,6,29,7,0,1
1012405049OQ8ZNVP3U2P,2025-03-03 08:00:00,0.09770114942528736,6,29,8,0,1
1012405049OQ8ZNVP3U2P,2025-03-03 09:00:00,0.14942528735632185,6,29,9,0,1
1012405049OQ8ZNVP3U2P,2025-03-03 10:00:00,0.25862068965517243,6,29,10,0,1
1012405049OQ8ZNVP3U2P,2025-03-03 11:00:00,0.4080459770114942,6,29,11,0,1
1012405049OQ8ZNVP3U2P,2025-03-03 12:00:00,0.3390804597701149,6,29,12,0,1
1012405049OQ8ZNVP3U2P,2025-03-03 13:00:00,0.2988505747126437,6,29,13,0,1
1012405049OQ8ZNVP3U2P,2025-03-03 14:00:00,0.3103448275862069,6,29,14,0,1
1012405049OQ8ZNVP3U2P,2025-03-03 15:00:00,0.3045977011494253,6,29,15,0,1
1012405049OQ8ZNVP3U2P,2025-03-03 16:00:00,0.3505747126436782,6,29,16,0,1
1012405049OQ8ZNVP3U2P,2025-03-03 17:00:00,0.4597701149425288,6,29,17,0,1
1012405049OQ8ZNVP3U2P,2025-03-03 18:00:00,0.5344827586206896,6,29,18,0,1
1012405049OQ8ZNVP3U2P,2025-03-03 19:00:00,0.6551724137931035,6,29,19,0,1
1012405049OQ8ZNVP3U2P,2025-03-03 20:00:00,0.5919540229885057,6,29,20,0,1
1012405049OQ8ZNVP3U2P,2025-03-03 21:00:00,0.35632183908045983,6,29,21,0,1
1012405049OQ8ZNVP3U2P,2025-03-03 22:00:00,0.3045977011494253,6,29,22,0,1
1012405049OQ8ZNVP3U2P,2025-03-03 23:00:00,0.27586206896551724,6,29,23,0,1
1012405049OQ8ZNVP3U2P,2025-03-04 00:00:00,0.27586206896551724,6,29,0,1,1
1012405049OQ8ZNVP3U2P,2025-03-04 01:00:00,0.2298850574712644,6,29,1,1,1
1012405049OQ8ZNVP3U2P,2025-03-04 02:00:00,0.20689655172413793,6,29,2,1,1
1012405049OQ8ZNVP3U2P,2025-03-04 03:00:00,0.20689655172413793,3,29,3,1,1
1012405049OQ8ZNVP3U2P,2025-04-07 00:00:00,0.4827586206896552,6,29,0,0,1
1012405049OQ8ZNVP3U2P,2025-04-07 06:00:00,0.4540229885057471,6,29,6,0,1
1012405049OQ8ZNVP3U2P,2025-04-07 12:00:00,0.2413793103448276,6,29,12,0,1
1012405049OQ8ZNVP3U2P,2025-04-07 18:00:00,0.3505747126436782,6,29,18,0,1
1012405049OQ8ZNVP3U2P,2025-04-08 00:00:00,0.41379310344827586,6,29,0,1,1
1012405049OQ8ZNVP3U2P,2025-04-08 06:00:00,0.37931034482758613,6,29,6,1,1
1012405049OQ8ZNVP3U2P,2025-04-08 12:00:00,0.16666666666666666,6,29,12,1,1
1012405049OQ8ZNVP3U2P,2025-04-08 18:00:00,0.46551724137931033,6,29,18,1,1
1012405049OQ8ZNVP3U2P,2025-04-09 00:00:00,0.37931034482758613,6,29,0,2,1
1012405049OQ8ZNVP3U2P,2025-04-09 06:00:00,0.3505747126436782,6,29,6,2,1
1012405049OQ8ZNVP3U2P,2025-04-09 18:00:00,0.8218390804597702,6,29,18,2,1
1012405049OQ8ZNVP3U2P,2025-04-10 00:00:00,0.4425287356321839,6,29,0,3,1
1012405049OQ8ZNVP3U2P,2025-04-10 06:00:00,0.4597701149425288,6,29,6,3,1
1012405049OQ8ZNVP3U2P,2025-04-10 12:00:00,0.367816091954023,6,29,12,3,1
1012405049OQ8ZNVP3U2P,2025-04-10 18:00:00,0.4770114942528736,6,29,18,3,1
1012405049OQ8ZNVP3U2P,2025-04-11 00:00:00,0.41379310344827586,6,29,0,4,1
1012405049OQ8ZNVP3U2P,2025-04-11 06:00:00,0.37931034482758613,6,29,6,4,1
1012405049OQ8ZNVP3U2P,2025-04-11 12:00:00,0.39655172413793105,6,29,12,4,1
1012405049OQ8ZNVP3U2P,2025-04-11 18:00:00,0.5402298850574713,6,29,18,4,1
1012405049OQ8ZNVP3U2P,2025-04-12 00:00:00,0.3045977011494253,6,29,0,5,0
1012405049OQ8ZNVP3U2P,2025-04-12 06:00:00,0.27586206896551724,6,29,6,5,0
1012405049OQ8ZNVP3U2P,2025-04-12 12:00:00,0.3333333333333333,6,29,12,5,0
1012405049OQ8ZNVP3U2P,2025-04-12 18:00:00,0.46551724137931033,6,29,18,5,0
1012405049OQ8ZNVP3U2P,2025-04-13 00:00:00,0.41379310344827586,6,29,0,6,0
1012405049OQ8ZNVP3U2P,2025-04-13 06:00:00,0.37931034482758613,6,29,6,6,0
1012405049OQ8ZNVP3U2P,2025-04-13 12:00:00,0.5344827586206896,6,29,12,6,0
1012405049OQ8ZNVP3U2P,2025-04-13 18:00:00,0.41954022988505746,6,29,18,6,0
1012405079PB3TJY248W1,2025-03-03 06:00:00,0.0,2,44,6,0,1
1012405079PB3TJY248W1,2025-03-03 07:00:00,0.003787878787878788,6,44,7,0,1
1012405079PB3TJY248W1,2025-03-03 08:00:00,0.17424242424242423,6,44,8,0,1
1012405079PB3TJY248W1,2025-03-03 09:00:00,0.04545454545454545,6,44,9,0,1
1012405079PB3TJY248W1,2025-03-03 10:00:00,0.007575757575757576,6,44,10,0,1
1012405079PB3TJY248W1,2025-03-03 11:00:00,0.06439393939393939,6,44,11,0,1
1012405079PB3TJY248W1,2025-03-03 12:00:00,0.05303030303030303,6,44,12,0,1
1012405079PB3TJY248W1,2025-03-03 13:00:00,0.041666666666666664,6,44,13,0,1
1012405079PB3TJY248W1,2025-03-03 14:00:00,0.011363636363636362,6,44,14,0,1
1012405079PB3TJY248W1,2025-03-03 15:00:00,0.05681818181818182,6,44,15,0,1
1012405079PB3TJY248W1,2025-03-03 16:00:00,0.14393939393939395,6,44,16,0,1
1012405079PB3TJY248W1,2025-03-03 17:00:00,0.09469696969696968,6,44,17,0,1
1012405079PB3TJY248W1,2025-03-03 18:00:00,0.034090909090909095,6,44,18,0,1
1012405079PB3TJY248W1,2025-03-03 19:00:00,0.041666666666666664,6,44,19,0,1
1012405079PB3TJY248W1,2025-03-03 20:00:00,0.05303030303030303,6,44,20,0,1
1012405079PB3TJY248W1,2025-03-03 21:00:00,0.04545454545454545,6,44,21,0,1
1012405079PB3TJY248W1,2025-03-03 22:00:00,0.04545454545454545,6,44,22,0,1
1012405079PB3TJY248W1,2025-03-03 23:00:00,0.04545454545454545,6,44,23,0,1
1012405079PB3TJY248W1,2025-03-04 00:00:00,0.034090909090909095,6,44,0,1,1
1012405079PB3TJY248W1,2025-03-04 01:00:00,0.022727272727272724,6,44,1,1,1
1012405079PB3TJY248W1,2025-03-04 02:00:00,0.022727272727272724,6,44,2,1,1
1012405079PB3TJY248W1,2025-03-04 03:00:00,0.022727272727272724,3,44,3,1,1
1012405079PB3TJY248W1,2025-04-07 00:00:00,0.0909090909090909,6,44,0,0,1
1012405079PB3TJY248W1,2025-04-07 06:00:00,0.06818181818181818,6,44,6,0,1
1012405079PB3TJY248W1,2025-04-07 12:00:00,0.011363636363636362,6,44,12,0,1
1012405079PB3TJY248W1,2025-04-07 18:00:00,0.06818181818181818,6,44,18,0,1
1012405079PB3TJY248W1,2025-04-08 00:00:00,0.04924242424242425,6,44,0,1,1
1012405079PB3TJY248W1,2025-04-08 06:00:00,0.022727272727272724,6,44,6,1,1
1012405079PB3TJY248W1,2025-04-08 12:00:00,0.056818181818181816,6,44,12,1,1
1012405079PB3TJY248W1,2025-04-08 18:00:00,0.09469696969696971,6,44,18,1,1
1012405079PB3TJY248W1,2025-04-09 00:00:00,0.022727272727272724,6,44,0,2,1
1012405079PB3TJY248W1,2025-04-09 06:00:00,0.0,6,44,6,2,1
1012405079PB3TJY248W1,2025-04-09 18:00:00,0.34848484848484845,6,44,18,2,1
1012405079PB3TJY248W1,2025-04-10 00:00:00,0.0,6,44,0,3,1
1012405079PB3TJY248W1,2025-04-10 06:00:00,0.0,6,44,6,3,1
1012405079PB3TJY248W1,2025-04-10 12:00:00,0.06060606060606061,6,44,12,3,1
1012405079PB3TJY248W1,2025-04-10 18:00:00,0.06060606060606061,6,44,18,3,1
1012405079PB3TJY248W1,2025-04-11 00:00:00,0.056818181818181816,6,44,0,4,1
1012405079PB3TJY248W1,2025-04-11 06:00:00,0.007575757575757576,6,44,6,4,1
1012405079PB3TJY248W1,2025-04-11 12:00:00,0.05303030303030303,6,44,12,4,1
1012405079PB3TJY248W1,2025-04-11 18:00:00,0.11363636363636363,6,44,18,4,1
1012405079PB3TJY248W1,2025-04-12 00:00:00,0.04545454545454545,6,44,0,5,0
1012405079PB3TJY248W1,2025-04-12 06:00:00,0.04545454545454545,6,44,6,5,0
1012405079PB3TJY248W1,2025-04-12 12:00:00,0.04545454545454545,6,44,12,5,0
1012405079PB3TJY248W1,2025-04-12 18:00:00,0.196969696969697,6,44,18,5,0
1012405079PB3TJY248W1,2025-04-13 00:00:00,0.06818181818181818,6,44,0,6,0
1012405079PB3TJY248W1,2025-04-13 06:00:00,0.0,6,44,6,6,0
1012405079PB3TJY248W1,2025-04-13 12:00:00,0.14015151515151517,6,44,12,6,0
1012405079PB3TJY248W1,2025-04-13 18:00:00,0.022727272727272724,6,44,18,6,0
1019B4Y82CZPJ41,2025-03-03 06:00:00,0.1891891891891892,1,37,6,0,1
1019B4Y82CZPJ41,2025-03-03 07:00:00,0.1711711711711712,6,37,7,0,1
1019B4Y82CZPJ41,2025-03-03 08:00:00,0.16666666666666666,6,37,8,0,1
1019B4Y82CZPJ41,2025-03-03 09:00:00,0.18918918918918917,6,37,9,0,1
1019B4Y82CZPJ41,2025-03-03 10:00:00,0.22972972972972974,6,37,10,0,1
1019B4Y82CZPJ41,2025-03-03 11:00:00,0.1936936936936937,6,37,11,0,1
1019B4Y82CZPJ41,2025-03-03 12:00:00,0.22972972972972974,6,37,12,0,1
1019B4Y82CZPJ41,2025-03-03 13:00:00,0.18468468468468469,6,37,13,0,1
1019B4Y82CZPJ41,2025-03-03 14:00:00,0.21621621621621623,6,37,14,0,1
1019B4Y82CZPJ41,2025-03-03 15:00:00,0.1936936936936937,6,37,15,0,1
1019B4Y82CZPJ41,2025-03-03 16:00:00,0.23873873873873874,6,37,16,0,1
1019B4Y82CZPJ41,2025-03-03 17:00:00,0.23423423423423426,6,37,17,0,1
1019B4Y82CZPJ41,2025-03-03 18:00:00,0.24324324324324328,6,37,18,0,1
1019B4Y82CZPJ41,2025-03-03 19:00:00,0.20720720720720723,6,37,19,0,1
1019B4Y82CZPJ41,2025-03-03 20:00:00,0.17567567567567569,6,37,20,0,1
1019B4Y82CZPJ41,2025-03-03 21:00:00,0.1936936936936937,6,37,21,0,1
1019B4Y82CZPJ41,2025-03-03 22:00:00,0.18918918918918917,6,37,22,0,1
1019B4Y82CZPJ41,2025-03-03 23:00:00,0.15765765765765768,6,37,23,0,1
1019B4Y82CZPJ41,2025-03-04 00:00:00,0.13513513513513514,6,37,0,1,1
1019B4Y82CZPJ41,2025-03-04 01:00:00,0.13513513513513514,6,37,1,1,1
1019B4Y82CZPJ41,2025-03-04 02:00:00,0.13513513513513514,6,37,2,1,1
1019B4Y82CZPJ41,2025-03-04 03:00:00,0.13513513513513514,3,37,3,1,1
1019B4Y82CZPJ41,2025-04-12 00:00:00,0.5225225225225225,6,37,0,5,0
1019B4Y82CZPJ41,2025-04-12 06:00:00,0.490990990990991,6,37,6,5,0
1019B4Y82CZPJ41,2025-04-12 12:00:00,0.5135135135135135,6,37,12,5,0
1019B4Y82CZPJ41,2025-04-12 18:00:00,0.5945945945945946,6,37,18,5,0
1019B4Y82CZPJ41,2025-04-13 00:00:00,0.48648648648648657,6,37,0,6,0
1019B4Y82CZPJ41,2025-04-13 06:00:00,0.48648648648648657,6,37,6,6,0
1019B4Y82CZPJ41,2025-04-13 12:00:00,0.9662162162162162,4,37,12,6,0
1019B4Y82CZPJ41,2025-04-13 18:00:00,0.891891891891892,3,37,18,6,0
1019JVX01UVMSCH,2025-03-03 06:00:00,0.8611111111111112,2,72,6,0,1
1019JVX01UVMSCH,2025-03-03 07:00:00,0.8958333333333334,6,72,7,0,1
1019JVX01UVMSCH,2025-03-03 08:00:00,0.9537037037037037,3,72,8,0,1
1019JVX01UVMSCH,2025-03-03 16:00:00,0.9861111111111112,1,72,16,0,1
1019JVX01UVMSCH,2025-03-03 17:00:00,0.9282407407407408,6,72,17,0,1
1019JVX01UVMSCH,2025-03-03 18:00:00,0.8587962962962963,6,72,18,0,1
1019JVX01UVMSCH,2025-03-03 19:00:00,0.8587962962962963,6,72,19,0,1
1019JVX01UVMSCH,2025-03-03 20:00:00,0.8703703703703703,6,72,20,0,1
1019JVX01UVMSCH,2025-03-03 21:00:00,0.8541666666666666,6,72,21,0,1
1019JVX01UVMSCH,2025-03-03 22:00:00,0.8773148148148149,6,72,22,0,1
1019JVX01UVMSCH,2025-03-03 23:00:00,0.8773148148148149,6,72,23,0,1
1019JVX01UVMSCH,2025-03-04 00:00:00,0.8657407407407408,6,72,0,1,1
1019JVX01UVMSCH,2025-03-04 01:00:00,0.8726851851851851,6,72,1,1,1
1019JVX01UVMSCH,2025-03-04 02:00:00,0.8611111111111112,6,72,2,1,1
1019JVX01UVMSCH,2025-03-04 03:00:00,0.8611111111111112,3,72,3,1,1
1019JVX01UVMSCH,2025-04-12 00:00:00,0.33796296296296297,6,72,0,5,0
1019JVX01UVMSCH,2025-04-12 06:00:00,0.3125,6,72,6,5,0
1019MAR69WRHHXD,2025-03-03 06:00:00,0.0989010989010989,2,91,6,0,1
1019MAR69WRHHXD,2025-03-03 07:00:00,0.1043956043956044,6,91,7,0,1
1019MAR69WRHHXD,2025-03-03 08:00:00,0.14102564102564102,6,91,8,0,1
1019MAR69WRHHXD,2025-03-03 09:00:00,0.1172161172161172,6,91,9,0,1
1019MAR69WRHHXD,2025-03-03 10:00:00,0.13003663003663005,6,91,10,0,1
1019MAR69WRHHXD,2025-03-03 11:00:00,0.17582417582417584,6,91,11,0,1
1019MAR69WRHHXD,2025-03-03 12:00:00,0.16117216117216118,6,91,12,0,1
1019MAR69WRHHXD,2025-03-03 13:00:00,0.1391941391941392,6,91,13,0,1
1019MAR69WRHHXD,2025-03-03 14:00:00,0.12271062271062272,6,91,14,0,1
1019MAR69WRHHXD,2025-03-03 15:00:00,0.14285714285714285,6,91,15,0,1
1019MAR69WRHHXD,2025-03-03 16:00:00,0.13553113553113552,6,91,16,0,1
1019MAR69WRHHXD,2025-03-03 17:00:00,0.10989010989010989,6,91,17,0,1
1019MAR69WRHHXD,2025-03-03 18:00:00,0.11904761904761905,6,91,18,0,1
1019MAR69WRHHXD,2025-03-03 19:00:00,0.11538461538461538,6,91,19,0,1
1019MAR69WRHHXD,2025-03-03 20:00:00,0.10256410256410257,6,91,20,0,1
1019MAR69WRHHXD,2025-03-03 21:00:00,0.10073260073260072,6,91,21,0,1
1019MAR69WRHHXD,2025-03-03 22:00:00,0.0989010989010989,6,91,22,0,1
1019MAR69WRHHXD,2025-03-03 23:00:00,0.10805860805860806,6,91,23,0,1
1019MAR69WRHHXD,2025-03-04 00:00:00,0.10989010989010989,6,91,0,1,1
1019MAR69WRHHXD,2025-03-04 01:00:00,0.10989010989010989,6,91,1,1,1
1019MAR69WRHHXD,2025-03-04 02:00:00,0.10989010989010989,6,91,2,1,1
1019MAR69WRHHXD,2025-03-04 03:00:00,0.10989010989010989,3,91,3,1,1
1019MAR69WRHHXD,2025-04-07 00:00:00,0.3901098901098901,6,91,0,0,1
1019MAR69WRHHXD,2025-04-07 06:00:00,0.4047619047619047,6,91,6,0,1
1019MAR69WRHHXD,2025-04-07 12:00:00,0.4230769230769231,6,91,12,0,1
1019MAR69WRHHXD,2025-04-07 18:00:00,0.4029304029304029,6,91,18,0,1
1019MAR69WRHHXD,2025-04-08 00:00:00,0.40842490842490836,6,91,0,1,1
1019MAR69WRHHXD,2025-04-08 06:00:00,0.39926739926739924,6,91,6,1,1
1019MAR69WRHHXD,2025-04-08 12:00:00,0.4908424908424909,6,91,12,1,1
1019MAR69WRHHXD,2025-04-08 18:00:00,0.4120879120879121,6,91,18,1,1
1019MAR69WRHHXD,2025-04-09 00:00:00,0.38461538461538464,6,91,0,2,1
1019MAR69WRHHXD,2025-04-09 06:00:00,0.39377289377289376,6,91,6,2,1
1019MAR69WRHHXD,2025-04-09 18:00:00,0.39377289377289376,6,91,18,2,1
1019MAR69WRHHXD,2025-04-10 00:00:00,0.4157509157509158,6,91,0,3,1
1019MAR69WRHHXD,2025-04-10 06:00:00,0.40109890109890106,6,91,6,3,1
1019MAR69WRHHXD,2025-04-10 12:00:00,0.42857142857142855,6,91,12,3,1
1019MAR69WRHHXD,2025-04-10 18:00:00,0.4230769230769231,6,91,18,3,1
1019MAR69WRHHXD,2025-04-11 00:00:00,0.42124542124542125,6,91,0,4,1
1019MAR69WRHHXD,2025-04-11 06:00:00,0.4102564102564103,6,91,6,4,1
1019MAR69WRHHXD,2025-04-11 12:00:00,0.43956043956043955,6,91,12,4,1
1019MAR69WRHHXD,2025-04-11 18:00:00,0.4340659340659341,6,91,18,4,1
1019MAR69WRHHXD,2025-04-12 00:00:00,0.4249084249084249,6,91,0,5,0
1019MAR69WRHHXD,2025-04-12 06:00:00,0.4175824175824176,6,91,6,5,0
1019MAR69WRHHXD,2025-04-12 12:00:00,0.4194139194139194,6,91,12,5,0
1019MAR69WRHHXD,2025-04-12 18:00:00,0.4194139194139194,6,91,18,5,0
1019MAR69WRHHXD,2025-04-13 00:00:00,0.42857142857142855,6,91,0,6,0
1019MAR69WRHHXD,2025-04-13 06:00:00,0.4102564102564103,6,91,6,6,0
1019MAR69WRHHXD,2025-04-13 12:00:00,0.4816849816849817,6,91,12,6,0
1019MAR69WRHHXD,2025-04-13 18:00:00,0.41391941391941395,6,91,18,6,0
1019N4FJ7J6DUYP,2025-03-03 06:00:00,0.8021978021978022,2,182,6,0,1
1019N4FJ7J6DUYP,2025-03-03 07:00:00,0.8012820512820512,6,182,7,0,1
1019N4FJ7J6DUYP,2025-03-03 08:00:00,0.8076923076923078,6,182,8,0,1
1019N4FJ7J6DUYP,2025-03-03 09:00:00,0.8003663003663003,6,182,9,0,1
1019N4FJ7J6DUYP,2025-03-03 10:00:00,0.7939560439560439,6,182,10,0,1
1019N4FJ7J6DUYP,2025-03-03 11:00:00,0.7985347985347985,6,182,11,0,1
1019N4FJ7J6DUYP,2025-03-03 12:00:00,0.7994505494505494,6,182,12,0,1
1019N4FJ7J6DUYP,2025-03-03 13:00:00,0.7921245421245421,6,182,13,0,1
1019N4FJ7J6DUYP,2025-03-03 14:00:00,0.7948717948717948,6,182,14,0,1
1019N4FJ7J6DUYP,2025-03-03 15:00:00,0.7939560439560439,6,182,15,0,1
1019N4FJ7J6DUYP,2025-03-03 16:00:00,0.7921245421245421,6,182,16,0,1
1019N4FJ7J6DUYP,2025-03-03 17:00:00,0.7912087912087912,6,182,17,0,1
1019N4FJ7J6DUYP,2025-03-03 18:00:00,0.7948717948717948,6,182,18,0,1
1019N4FJ7J6DUYP,2025-03-03 19:00:00,0.8021978021978023,6,182,19,0,1
1019N4FJ7J6DUYP,2025-03-03 20:00:00,0.8021978021978023,6,182,20,0,1
1019N4FJ7J6DUYP,2025-03-03 21:00:00,0.7976190476190476,6,182,21,0,1
1019N4FJ7J6DUYP,2025-03-03 22:00:00,0.7967032967032966,6,182,22,0,1
1019N4FJ7J6DUYP,2025-03-03 23:00:00,0.7967032967032966,6,182,23,0,1
1019N4FJ7J6DUYP,2025-03-04 00:00:00,0.7967032967032966,6,182,0,1,1
1019N4FJ7J6DUYP,2025-03-04 01:00:00,0.7967032967032966,6,182,1,1,1
1019N4FJ7J6DUYP,2025-03-04 02:00:00,0.7967032967032966,6,182,2,1,1
1019N4FJ7J6DUYP,2025-03-04 03:00:00,0.7967032967032966,3,182,3,1,1
1019N4FJ7J6DUYP,2025-04-07 00:00:00,0.967032967032967,6,182,0,0,1
1019N4FJ7J6DUYP,2025-04-07 06:00:00,0.9697802197802198,6,182,6,0,1
1019N4FJ7J6DUYP,2025-04-07 12:00:00,0.9706959706959707,6,182,12,0,1
1019N4FJ7J6DUYP,2025-04-08 00:00:00,0.9725274725274725,6,182,0,1,1
1019N4FJ7J6DUYP,2025-04-08 06:00:00,0.9771062271062271,6,182,6,1,1
1019N4FJ7J6DUYP,2025-04-08 12:00:00,0.9789377289377289,6,182,12,1,1
1019N4FJ7J6DUYP,2025-04-09 00:00:00,0.9945054945054945,6,182,0,2,1
1019N4FJ7J6DUYP,2025-04-09 06:00:00,0.9945054945054945,4,182,6,2,1
1019N4FJ7J6DUYP,2025-04-09 18:00:00,0.9871794871794872,6,182,18,2,1
1019N4FJ7J6DUYP,2025-04-10 00:00:00,0.978021978021978,6,182,0,3,1
1019N4FJ7J6DUYP,2025-04-10 06:00:00,0.978021978021978,6,182,6,3,1
1019N4FJ7J6DUYP,2025-04-10 12:00:00,0.9807692307692307,6,182,12,3,1
1019N4FJ7J6DUYP,2025-04-10 18:00:00,0.98992673992674,6,182,18,3,1
1019N4FJ7J6DUYP,2025-04-11 00:00:00,0.978021978021978,6,182,0,4,1
1019N4FJ7J6DUYP,2025-04-11 06:00:00,0.9816849816849816,6,182,6,4,1
1019N4FJ7J6DUYP,2025-04-11 12:00:00,0.9798534798534798,6,182,12,4,1
1019N4FJ7J6DUYP,2025-04-12 00:00:00,0.3021978021978022,6,182,0,5,0
1019N4FJ7J6DUYP,2025-04-12 06:00:00,0.3021978021978022,6,182,6,5,0
1019N4FJ7J6DUYP,2025-04-12 12:00:00,0.29945054945054944,6,182,12,5,0
1019N4FJ7J6DUYP,2025-04-12 18:00:00,0.304029304029304,6,182,18,5,0
1019N4FJ7J6DUYP,2025-04-13 00:00:00,0.3021978021978022,6,182,0,6,0
1019N4FJ7J6DUYP,2025-04-13 06:00:00,0.3058608058608059,6,182,6,6,0
1019N4FJ7J6DUYP,2025-04-13 12:00:00,0.3067765567765568,6,182,12,6,0
1019N4FJ7J6DUYP,2025-04-13 18:00:00,0.3553113553113553,6,182,18,6,0
1019NJ925VNVEV5,2025-03-03 06:00:00,0.9166666666666666,1,36,6,0,1
1019NJ925VNVEV5,2025-03-03 07:00:00,0.9212962962962963,6,36,7,0,1
1019NJ925VNVEV5,2025-03-03 08:00:00,0.9722222222222222,1,36,8,0,1
1019NJ925VNVEV5,2025-04-07 00:00:00,0.7222222222222222,6,36,0,0,1
1019NJ925VNVEV5,2025-04-07 06:00:00,0.7222222222222222,6,36,6,0,1
1019NJ925VNVEV5,2025-04-07 18:00:00,0.8240740740740741,6,36,18,0,1
1019NJ925VNVEV5,2025-04-08 00:00:00,0.8333333333333334,6,36,0,1,1
1019NJ925VNVEV5,2025-04-08 06:00:00,0.8333333333333334,6,36,6,1,1
1019NJ925VNVEV5,2025-04-08 18:00:00,0.8657407407407408,6,36,18,1,1
1019NJ925VNVEV5,2025-04-09 00:00:00,0.7777777777777778,6,36,0,2,1
1019NJ925VNVEV5,2025-04-09 06:00:00,0.7777777777777778,6,36,6,2,1
1019NJ925VNVEV5,2025-04-09 18:00:00,0.7962962962962963,6,36,18,2,1
1019NJ925VNVEV5,2025-04-10 00:00:00,0.7777777777777778,6,36,0,3,1
1019NJ925VNVEV5,2025-04-10 06:00:00,0.7777777777777778,6,36,6,3,1
1019NJ925VNVEV5,2025-04-10 18:00:00,0.8333333333333334,6,36,18,3,1
1019NJ925VNVEV5,2025-04-11 00:00:00,0.7777777777777778,6,36,0,4,1
1019NJ925VNVEV5,2025-04-11 06:00:00,0.7777777777777778,6,36,6,4,1
1019NJ925VNVEV5,2025-04-11 18:00:00,0.9259259259259259,6,36,18,4,1
1019NJ925VNVEV5,2025-04-12 00:00:00,0.7222222222222222,6,36,0,5,0
1019NJ925VNVEV5,2025-04-12 06:00:00,0.7222222222222222,6,36,6,5,0
1019NJ925VNVEV5,2025-04-12 12:00:00,0.8055555555555557,6,36,12,5,0
1019NJ925VNVEV5,2025-04-12 18:00:00,0.7685185185185185,6,36,18,5,0
1019NJ925VNVEV5,2025-04-13 00:00:00,0.7222222222222222,6,36,0,6,0
1019NJ925VNVEV5,2025-04-13 06:00:00,0.7222222222222222,6,36,6,6,0
1019NJ925VNVEV5,2025-04-13 12:00:00,0.7222222222222222,6,36,12,6,0
1019NJ925VNVEV5,2025-04-13 18:00:00,0.7222222222222222,6,36,18,6,0
1019PDAS7RIP7GH,2025-03-03 06:00:00,0.4444444444444444,2,27,6,0,1
1019PDAS7RIP7GH,2025-03-03 07:00:00,0.4444444444444444,6,27,7,0,1
1019PDAS7RIP7GH,2025-03-03 08:00:00,0.6172839506172839,6,27,8,0,1
1019PDAS7RIP7GH,2025-03-03 09:00:00,0.6975308641975309,6,27,9,0,1
1019PDAS7RIP7GH,2025-03-03 10:00:00,0.8209876543209876,6,27,10,0,1
1019PDAS7RIP7GH,2025-03-03 11:00:00,0.7530864197530863,6,27,11,0,1
1019PDAS7RIP7GH,2025-03-03 12:00:00,0.7098765432098766,6,27,12,0,1
1019PDAS7RIP7GH,2025-03-03 13:00:00,0.7345679012345679,6,27,13,0,1
1019PDAS7RIP7GH,2025-03-03 14:00:00,0.8024691358024691,6,27,14,0,1
1019PDAS7RIP7GH,2025-03-03 15:00:00,0.7962962962962963,6,27,15,0,1
1019PDAS7RIP7GH,2025-03-03 16:00:00,0.7407407407407408,6,27,16,0,1
1019PDAS7RIP7GH,2025-03-03 17:00:00,0.5617283950617283,6,27,17,0,1
1019PDAS7RIP7GH,2025-03-03 18:00:00,0.5555555555555555,6,27,18,0,1
1019PDAS7RIP7GH,2025-03-03 19:00:00,0.5308641975308642,6,27,19,0,1
1019PDAS7RIP7GH,2025-03-03 20:00:00,0.48765432098765427,6,27,20,0,1
1019PDAS7RIP7GH,2025-03-03 21:00:00,0.5802469135802469,6,27,21,0,1
1019PDAS7RIP7GH,2025-03-03 22:00:00,0.611111111111111,6,27,22,0,1
1019PDAS7RIP7GH,2025-03-03 23:00:00,0.5555555555555555,6,27,23,0,1
1019PDAS7RIP7GH,2025-03-04 00:00:00,0.48148148148148145,6,27,0,1,1
1019PDAS7RIP7GH,2025-03-04 01:00:00,0.4444444444444444,6,27,1,1,1
1019PDAS7RIP7GH,2025-03-04 02:00:00,0.4444444444444444,6,27,2,1,1
1019PDAS7RIP7GH,2025-03-04 03:00:00,0.4444444444444444,3,27,3,1,1
1019PDAS7RIP7GH,2025-04-07 00:00:00,0.6666666666666666,6,27,0,0,1
1019PDAS7RIP7GH,2025-04-07 06:00:00,0.6666666666666666,6,27,6,0,1
1019PDAS7RIP7GH,2025-04-07 12:00:00,0.808641975308642,6,27,12,0,1
1019PDAS7RIP7GH,2025-04-07 18:00:00,0.7098765432098766,6,27,18,0,1
1019PDAS7RIP7GH,2025-04-08 00:00:00,0.6666666666666666,6,27,0,1,1
1019PDAS7RIP7GH,2025-04-08 06:00:00,0.7037037037037037,6,27,6,1,1
1019PDAS7RIP7GH,2025-04-08 12:00:00,0.7962962962962963,6,27,12,1,1
1019PDAS7RIP7GH,2025-04-08 18:00:00,0.7160493827160493,6,27,18,1,1
1019PDAS7RIP7GH,2025-04-09 00:00:00,0.7037037037037037,6,27,0,2,1
1019PDAS7RIP7GH,2025-04-09 06:00:00,0.6666666666666666,6,27,6,2,1
1019PDAS7RIP7GH,2025-04-09 18:00:00,0.7160493827160493,6,27,18,2,1
1019PDAS7RIP7GH,2025-04-10 00:00:00,0.6666666666666666,6,27,0,3,1
1019PDAS7RIP7GH,2025-04-10 06:00:00,0.6666666666666666,6,27,6,3,1
1019PDAS7RIP7GH,2025-04-10 12:00:00,0.7716049382716049,6,27,12,3,1
1019PDAS7RIP7GH,2025-04-10 18:00:00,0.7407407407407408,6,27,18,3,1
1019PDAS7RIP7GH,2025-04-11 00:00:00,0.7037037037037037,6,27,0,4,1
1019PDAS7RIP7GH,2025-04-11 06:00:00,0.7037037037037037,6,27,6,4,1
1019PDAS7RIP7GH,2025-04-11 12:00:00,0.8580246913580246,6,27,12,4,1
1019PDAS7RIP7GH,2025-04-11 18:00:00,0.8148148148148149,6,27,18,4,1
1019PDAS7RIP7GH,2025-04-12 00:00:00,0.25925925925925924,6,27,0,5,0
1019PDAS7RIP7GH,2025-04-12 06:00:00,0.2962962962962963,6,27,6,5,0
1019PDAS7RIP7GH,2025-04-12 12:00:00,0.419753086419753,6,27,12,5,0
1019PDAS7RIP7GH,2025-04-12 18:00:00,0.32716049382716045,6,27,18,5,0
1019PDAS7RIP7GH,2025-04-13 00:00:00,0.25925925925925924,6,27,0,6,0
1019PDAS7RIP7GH,2025-04-13 06:00:00,0.345679012345679,6,27,6,6,0
1019PDAS7RIP7GH,2025-04-13 12:00:00,0.32098765432098764,6,27,12,6,0
1019PDAS7RIP7GH,2025-04-13 18:00:00,0.43209876543209874,6,27,18,6,0
1019PDPET4GWE81,2025-03-03 06:00:00,0.42857142857142855,2,14,6,0,1
1019PDPET4GWE81,2025-03-03 07:00:00,0.4761904761904762,6,14,7,0,1
1019PDPET4GWE81,2025-03-03 08:00:00,0.5357142857142857,6,14,8,0,1
1019PDPET4GWE81,2025-03-03 09:00:00,0.9047619047619048,3,14,9,0,1
1019PDPET4GWE81,2025-03-03 10:00:00,0.9285714285714286,1,14,10,0,1
1019PDPET4GWE81,2025-03-03 15:00:00,0.9285714285714286,2,14,15,0,1
1019PDPET4GWE81,2025-03-03 17:00:00,0.7285714285714285,5,14,17,0,1
1019PDPET4GWE81,2025-03-03 18:00:00,0.4523809523809524,6,14,18,0,1
1019PDPET4GWE81,2025-03-03 19:00:00,0.42857142857142855,6,14,19,0,1
1019PDPET4GWE81,2025-03-03 20:00:00,0.42857142857142855,6,14,20,0,1
1019PDPET4GWE81,2025-03-03 21:00:00,0.42857142857142855,6,14,21,0,1
1019PDPET4GWE81,2025-03-03 22:00:00,0.42857142857142855,6,14,22,0,1
1019PDPET4GWE81,2025-03-03 23:00:00,0.42857142857142855,6,14,23,0,1
1019PDPET4GWE81,2025-03-04 00:00:00,0.42857142857142855,6,14,0,1,1
1019PDPET4GWE81,2025-03-04 01:00:00,0.42857142857142855,6,14,1,1,1
1019PDPET4GWE81,2025-03-04 02:00:00,0.42857142857142855,6,14,2,1,1
1019PDPET4GWE81,2025-03-04 03:00:00,0.42857142857142855,3,14,3,1,1
1019PDPET4GWE81,2025-04-07 00:00:00,0.2857142857142857,6,14,0,0,1
1019PDPET4GWE81,2025-04-07 06:00:00,0.2857142857142857,6,14,6,0,1
1019PDPET4GWE81,2025-04-07 12:00:00,0.8928571428571428,6,14,12,0,1
1019PDPET4GWE81,2025-04-07 18:00:00,0.45238095238095233,6,14,18,0,1
1019PDPET4GWE81,2025-04-08 00:00:00,0.36904761904761907,6,14,0,1,1
1019PDPET4GWE81,2025-04-08 06:00:00,0.35714285714285715,6,14,6,1,1
1019PDPET4GWE81,2025-04-08 12:00:00,0.7142857142857143,6,14,12,1,1
1019PDPET4GWE81,2025-04-08 18:00:00,0.38095238095238093,6,14,18,1,1
1019PDPET4GWE81,2025-04-09 00:00:00,0.44047619047619047,6,14,0,2,1
1019PDPET4GWE81,2025-04-09 06:00:00,0.42857142857142855,6,14,6,2,1
1019PDPET4GWE81,2025-04-09 18:00:00,0.6428571428571429,6,14,18,2,1
1019PDPET4GWE81,2025-04-10 00:00:00,0.5,6,14,0,3,1
1019PDPET4GWE81,2025-04-10 06:00:00,0.5,6,14,6,3,1
1019PDPET4GWE81,2025-04-10 12:00:00,0.8571428571428571,6,14,12,3,1
1019PDPET4GWE81,2025-04-10 18:00:00,0.5476190476190476,6,14,18,3,1
1019PDPET4GWE81,2025-04-11 00:00:00,0.5,6,14,0,4,1
1019PDPET4GWE81,2025-04-11 06:00:00,0.5,6,14,6,4,1
1019PDPET4GWE81,2025-04-11 12:00:00,0.7142857142857143,6,14,12,4,1
1019PDPET4GWE81,2025-04-11 18:00:00,0.6190476190476191,6,14,18,4,1
1019PDPET4GWE81,2025-04-12 00:00:00,0.42857142857142855,6,14,0,5,0
1019PDPET4GWE81,2025-04-12 06:00:00,0.42857142857142855,6,14,6,5,0
1019PDPET4GWE81,2025-04-12 12:00:00,0.5714285714285714,6,14,12,5,0
1019PDPET4GWE81,2025-04-12 18:00:00,0.48809523809523814,6,14,18,5,0
1019PDPET4GWE81,2025-04-13 00:00:00,0.35714285714285715,6,14,0,6,0
1019PDPET4GWE81,2025-04-13 06:00:00,0.35714285714285715,6,14,6,6,0
1019PDPET4GWE81,2025-04-13 12:00:00,0.6428571428571429,6,14,12,6,0
1019PDPET4GWE81,2025-04-13 18:00:00,0.4761904761904761,6,14,18,6,0
1019PRTQD59LIWX,2025-03-03 06:00:00,0.3956043956043956,2,91,6,0,1
1019PRTQD59LIWX,2025-03-03 07:00:00,0.3956043956043956,6,91,7,0,1
1019PRTQD59LIWX,2025-03-03 08:00:00,0.3956043956043956,6,91,8,0,1
1019PRTQD59LIWX,2025-03-03 09:00:00,0.3956043956043956,6,91,9,0,1
1019PRTQD59LIWX,2025-03-03 10:00:00,0.3956043956043956,6,91,10,0,1
1019PRTQD59LIWX,2025-03-03 11:00:00,0.3956043956043956,6,91,11,0,1
1019PRTQD59LIWX,2025-03-03 12:00:00,0.3956043956043956,6,91,12,0,1
1019PRTQD59LIWX,2025-03-03 13:00:00,0.3956043956043956,6,91,13,0,1
1019PRTQD59LIWX,2025-03-03 14:00:00,0.3956043956043956,6,91,14,0,1
1019PRTQD59LIWX,2025-03-03 15:00:00,0.3956043956043956,6,91,15,0,1
1019PRTQD59LIWX,2025-03-03 16:00:00,0.3956043956043956,6,91,16,0,1
1019PRTQD59LIWX,2025-03-03 17:00:00,0.3956043956043956,6,91,17,0,1
1019PRTQD59LIWX,2025-03-03 18:00:00,0.3956043956043956,6,91,18,0,1
1019PRTQD59LIWX,2025-03-03 19:00:00,0.3956043956043956,6,91,19,0,1
1019PRTQD59LIWX,2025-03-03 20:00:00,0.3956043956043956,6,91,20,0,1
1019PRTQD59LIWX,2025-03-03 21:00:00,0.3956043956043956,6,91,21,0,1
1019PRTQD59LIWX,2025-03-03 22:00:00,0.3956043956043956,6,91,22,0,1
1019PRTQD59LIWX,2025-03-03 23:00:00,0.3956043956043956,6,91,23,0,1
1019PRTQD59LIWX,2025-03-04 00:00:00,0.3956043956043956,6,91,0,1,1
1019PRTQD59LIWX,2025-03-04 01:00:00,0.3956043956043956,6,91,1,1,1
1019PRTQD59LIWX,2025-03-04 02:00:00,0.3956043956043956,6,91,2,1,1
1019PRTQD59LIWX,2025-03-04 03:00:00,0.3956043956043956,3,91,3,1,1
1019PRTQD59LIWX,2025-04-07 00:00:00,0.3956043956043956,6,91,0,0,1
1019PRTQD59LIWX,2025-04-07 06:00:00,0.3956043956043956,6,91,6,0,1
1019PRTQD59LIWX,2025-04-07 12:00:00,0.3956043956043956,6,91,12,0,1
1019PRTQD59LIWX,2025-04-07 18:00:00,0.3956043956043956,6,91,18,0,1
1019PRTQD59LIWX,2025-04-08 00:00:00,0.3956043956043956,6,91,0,1,1
1019PRTQD59LIWX,2025-04-08 06:00:00,0.3956043956043956,6,91,6,1,1
1019PRTQD59LIWX,2025-04-08 12:00:00,0.3956043956043956,6,91,12,1,1
1019PRTQD59LIWX,2025-04-08 18:00:00,0.3956043956043956,6,91,18,1,1
1019PRTQD59LIWX,2025-04-09 00:00:00,0.3956043956043956,6,91,0,2,1
1019PRTQD59LIWX,2025-04-09 06:00:00,0.3956043956043956,6,91,6,2,1
1019PRTQD59LIWX,2025-04-09 18:00:00,0.3956043956043956,6,91,18,2,1
1019PRTQD59LIWX,2025-04-10 00:00:00,0.3956043956043956,6,91,0,3,1
1019PRTQD59LIWX,2025-04-10 06:00:00,0.3956043956043956,6,91,6,3,1
1019PRTQD59LIWX,2025-04-10 12:00:00,0.3956043956043956,6,91,12,3,1
1019PRTQD59LIWX,2025-04-10 18:00:00,0.3956043956043956,6,91,18,3,1
1019PRTQD59LIWX,2025-04-11 00:00:00,0.3956043956043956,6,91,0,4,1
1019PRTQD59LIWX,2025-04-11 06:00:00,0.3956043956043956,6,91,6,4,1
1019PRTQD59LIWX,2025-04-11 12:00:00,0.3956043956043956,6,91,12,4,1
1019PRTQD59LIWX,2025-04-11 18:00:00,0.3956043956043956,6,91,18,4,1
1019PRTQD59LIWX,2025-04-12 00:00:00,0.3956043956043956,6,91,0,5,0
1019PRTQD59LIWX,2025-04-12 06:00:00,0.3956043956043956,6,91,6,5,0
1019PRTQD59LIWX,2025-04-12 12:00:00,0.3956043956043956,6,91,12,5,0
1019PRTQD59LIWX,2025-04-12 18:00:00,0.3956043956043956,6,91,18,5,0
1019PRTQD59LIWX,2025-04-13 00:00:00,0.3956043956043956,6,91,0,6,0
1019PRTQD59LIWX,2025-04-13 06:00:00,0.3956043956043956,6,91,6,6,0
1019PRTQD59LIWX,2025-04-13 12:00:00,0.3956043956043956,6,91,12,6,0
1019PRTQD59LIWX,2025-04-13 18:00:00,0.3956043956043956,6,91,18,6,0
1019Q6UK2GUCAV5,2025-03-03 06:00:00,0.29955947136563876,1,227,6,0,1
1019Q6UK2GUCAV5,2025-03-03 07:00:00,0.33994126284875187,6,227,7,0,1
1019Q6UK2GUCAV5,2025-03-03 08:00:00,0.45227606461086634,6,227,8,0,1
1019Q6UK2GUCAV5,2025-03-03 09:00:00,0.4838472834067548,6,227,9,0,1
1019Q6UK2GUCAV5,2025-03-03 10:00:00,0.47723935389133626,6,227,10,0,1
1019Q6UK2GUCAV5,2025-03-03 11:00:00,0.4720998531571219,6,227,11,0,1
1019Q6UK2GUCAV5,2025-03-03 12:00:00,0.4574155653450808,6,227,12,0,1
1019Q6UK2GUCAV5,2025-03-03 13:00:00,0.45961820851688695,6,227,13,0,1
1019Q6UK2GUCAV5,2025-03-03 14:00:00,0.4559471365638766,6,227,14,0,1
1019Q6UK2GUCAV5,2025-03-03 15:00:00,0.4581497797356828,6,227,15,0,1
1019Q6UK2GUCAV5,2025-03-03 16:00:00,0.4486049926578561,6,227,16,0,1
1019Q6UK2GUCAV5,2025-03-03 17:00:00,0.341409691629956,6,227,17,0,1
1019Q6UK2GUCAV5,2025-03-03 18:00:00,0.32305433186490456,6,227,18,0,1
1019Q6UK2GUCAV5,2025-03-03 19:00:00,0.37151248164464024,6,227,19,0,1
1019Q6UK2GUCAV5,2025-03-03 20:00:00,0.341409691629956,6,227,20,0,1
1019Q6UK2GUCAV5,2025-03-03 21:00:00,0.27459618208516884,6,227,21,0,1
1019Q6UK2GUCAV5,2025-03-03 22:00:00,0.27312775330396477,6,227,22,0,1
1019Q6UK2GUCAV5,2025-03-03 23:00:00,0.27312775330396477,6,227,23,0,1
1019Q6UK2GUCAV5,2025-03-04 00:00:00,0.27312775330396477,6,227,0,1,1
1019Q6UK2GUCAV5,2025-03-04 01:00:00,0.27312775330396477,6,227,1,1,1
1019Q6UK2GUCAV5,2025-03-04 02:00:00,0.27312775330396477,6,227,2,1,1
1019Q6UK2GUCAV5,2025-03-04 03:00:00,0.27312775330396477,3,227,3,1,1
1019Q6UK2GUCAV5,2025-04-07 00:00:00,0.29955947136563876,6,227,0,0,1
1019Q6UK2GUCAV5,2025-04-07 06:00:00,0.30837004405286345,6,227,6,0,1
1019Q6UK2GUCAV5,2025-04-07 12:00:00,0.4985315712187959,6,227,12,0,1
1019Q6UK2GUCAV5,2025-04-07 18:00:00,0.3487518355359765,6,227,18,0,1
1019Q6UK2GUCAV5,2025-04-08 00:00:00,0.30837004405286345,6,227,0,1,1
1019Q6UK2GUCAV5,2025-04-08 06:00:00,0.32158590308370044,6,227,6,1,1
1019Q6UK2GUCAV5,2025-04-08 12:00:00,0.5022026431718062,6,227,12,1,1
1019Q6UK2GUCAV5,2025-04-08 18:00:00,0.3472834067547724,6,227,18,1,1
1019Q6UK2GUCAV5,2025-04-09 00:00:00,0.31277533039647576,6,227,0,2,1
1019Q6UK2GUCAV5,2025-04-09 06:00:00,0.3274596182085169,6,227,6,2,1
1019Q6UK2GUCAV5,2025-04-09 18:00:00,0.34654919236417037,6,227,18,2,1
1019Q6UK2GUCAV5,2025-04-10 00:00:00,0.32158590308370044,6,227,0,3,1
1019Q6UK2GUCAV5,2025-04-10 06:00:00,0.33847283406754775,6,227,6,3,1
1019Q6UK2GUCAV5,2025-04-10 12:00:00,0.5227606461086637,6,227,12,3,1
1019Q6UK2GUCAV5,2025-04-10 18:00:00,0.3318649045521292,6,227,18,3,1
1019Q6UK2GUCAV5,2025-04-11 00:00:00,0.31277533039647576,6,227,0,4,1
1019Q6UK2GUCAV5,2025-04-11 06:00:00,0.3267254038179149,6,227,6,4,1
1019Q6UK2GUCAV5,2025-04-11 12:00:00,0.5308370044052864,6,227,12,4,1
1019Q6UK2GUCAV5,2025-04-11 18:00:00,0.34948604992657856,6,227,18,4,1
1019Q6UK2GUCAV5,2025-04-12 00:00:00,0.33480176211453744,6,227,0,5,0
1019Q6UK2GUCAV5,2025-04-12 06:00:00,0.3392070484581498,6,227,6,5,0
1019Q6UK2GUCAV5,2025-04-12 12:00:00,0.4008810572687225,6,227,12,5,0
1019Q6UK2GUCAV5,2025-04-12 18:00:00,0.3171806167400881,6,227,18,5,0
1019Q6UK2GUCAV5,2025-04-13 00:00:00,0.31277533039647576,6,227,0,6,0
1019Q6UK2GUCAV5,2025-04-13 06:00:00,0.32158590308370044,6,227,6,6,0
1019Q6UK2GUCAV5,2025-04-13 12:00:00,0.4287812041116006,6,227,12,6,0
1019Q6UK2GUCAV5,2025-04-13 18:00:00,0.3208516886930984,6,227,18,6,0
1019QKKS3RWOFEP,2025-03-03 06:00:00,0.0,1,48,6,0,1
1019QKKS3RWOFEP,2025-03-03 07:00:00,0.003472222222222222,6,48,7,0,1
1019QKKS3RWOFEP,2025-03-03 08:00:00,0.4583333333333333,5,48,8,0,1
1019QKKS3RWOFEP,2025-03-03 11:00:00,0.90625,4,48,11,0,1
1019QKKS3RWOFEP,2025-03-03 12:00:00,0.8402777777777778,6,48,12,0,1
1019QKKS3RWOFEP,2025-03-03 13:00:00,0.9166666666666667,2,48,13,0,1
1019QKKS3RWOFEP,2025-03-03 15:00:00,0.9583333333333334,1,48,15,0,1
1019QKKS3RWOFEP,2025-03-03 16:00:00,0.9739583333333333,4,48,16,0,1
1019QKKS3RWOFEP,2025-03-03 17:00:00,0.6840277777777778,6,48,17,0,1
1019QKKS3RWOFEP,2025-03-03 18:00:00,0.16319444444444445,6,48,18,0,1
1019QKKS3RWOFEP,2025-03-03 19:00:00,0.06597222222222222,6,48,19,0,1
1019QKKS3RWOFEP,2025-03-03 20:00:00,0.013888888888888888,6,48,20,0,1
1019QKKS3RWOFEP,2025-03-03 21:00:00,0.0,6,48,21,0,1
1019QKKS3RWOFEP,2025-03-03 22:00:00,0.0,6,48,22,0,1
1019QKKS3RWOFEP,2025-03-03 23:00:00,0.0,6,48,23,0,1
1019QKKS3RWOFEP,2025-03-04 00:00:00,0.0,6,48,0,1,1
1019QKKS3RWOFEP,2025-03-04 01:00:00,0.0,6,48,1,1,1
1019QKKS3RWOFEP,2025-03-04 02:00:00,0.0,6,48,2,1,1
1019QKKS3RWOFEP,2025-03-04 03:00:00,0.0,3,48,3,1,1
1019QKKS3RWOFEP,2025-04-07 00:00:00,0.024305555555555552,6,48,0,0,1
1019QKKS3RWOFEP,2025-04-07 06:00:00,0.020833333333333332,6,48,6,0,1
1019QKKS3RWOFEP,2025-04-07 12:00:00,0.7430555555555557,6,48,12,0,1
1019QKKS3RWOFEP,2025-04-07 18:00:00,0.23611111111111113,6,48,18,0,1
1019QKKS3RWOFEP,2025-04-08 00:00:00,0.0,6,48,0,1,1
1019QKKS3RWOFEP,2025-04-08 06:00:00,0.0,6,48,6,1,1
1019QKKS3RWOFEP,2025-04-08 12:00:00,0.7638888888888888,6,48,12,1,1
1019QKKS3RWOFEP,2025-04-08 18:00:00,0.16319444444444445,6,48,18,1,1
1019QKKS3RWOFEP,2025-04-09 00:00:00,0.0,6,48,0,2,1
1019QKKS3RWOFEP,2025-04-09 06:00:00,0.010416666666666666,6,48,6,2,1
1019QKKS3RWOFEP,2025-04-09 18:00:00,0.7708333333333334,6,48,18,2,1
1019QKKS3RWOFEP,2025-04-10 00:00:00,0.5625,6,48,0,3,1
1019QKKS3RWOFEP,2025-04-10 06:00:00,0.5798611111111112,6,48,6,3,1
1019QKKS3RWOFEP,2025-04-10 12:00:00,0.8993055555555555,6,48,12,3,1
1019QKKS3RWOFEP,2025-04-10 18:00:00,0.3854166666666667,6,48,18,3,1
1019QKKS3RWOFEP,2025-04-11 00:00:00,0.21875,6,48,0,4,1
1019QKKS3RWOFEP,2025-04-11 06:00:00,0.21180555555555558,6,48,6,4,1
1019QKKS3RWOFEP,2025-04-11 12:00:00,0.9791666666666666,3,48,12,4,1
1019QKKS3RWOFEP,2025-04-11 18:00:00,0.40277777777777785,6,48,18,4,1
1019QKKS3RWOFEP,2025-04-12 00:00:00,0.1875,6,48,0,5,0
1019QKKS3RWOFEP,2025-04-12 06:00:00,0.16666666666666666,6,48,6,5,0
1019QKKS3RWOFEP,2025-04-12 12:00:00,0.5034722222222222,6,48,12,5,0
1019QKKS3RWOFEP,2025-04-12 18:00:00,0.2222222222222222,6,48,18,5,0
1019QKKS3RWOFEP,2025-04-13 00:00:00,0.07291666666666667,6,48,0,6,0
1019QKKS3RWOFEP,2025-04-13 06:00:00,0.07291666666666667,6,48,6,6,0
1019QKKS3RWOFEP,2025-04-13 12:00:00,0.3159722222222222,6,48,12,6,0
1019QKKS3RWOFEP,2025-04-13 18:00:00,0.1423611111111111,6,48,18,6,0
1019REU2R6D37Y9,2025-03-03 06:00:00,0.43926788685524126,2,601,6,0,1
1019REU2R6D37Y9,2025-03-03 07:00:00,0.4403771491957848,6,601,7,0,1
1019REU2R6D37Y9,2025-03-03 08:00:00,0.44647809206877426,6,601,8,0,1
1019REU2R6D37Y9,2025-03-03 09:00:00,0.4312257348863006,6,601,9,0,1
1019REU2R6D37Y9,2025-03-03 10:00:00,0.4364947310038824,6,601,10,0,1
1019REU2R6D37Y9,2025-03-03 11:00:00,0.43788130892956184,6,601,11,0,1
1019REU2R6D37Y9,2025-03-03 12:00:00,0.4370493621741542,6,601,12,0,1
1019REU2R6D37Y9,2025-03-03 13:00:00,0.4353854686633389,6,601,13,0,1
1019REU2R6D37Y9,2025-03-03 14:00:00,0.4337215751525236,6,601,14,0,1
1019REU2R6D37Y9,2025-03-03 15:00:00,0.43788130892956184,6,601,15,0,1
1019REU2R6D37Y9,2025-03-03 16:00:00,0.5155296727676095,6,601,16,0,1
1019REU2R6D37Y9,2025-03-03 17:00:00,0.4384359400998336,6,601,17,0,1
1019REU2R6D37Y9,2025-03-03 18:00:00,0.43954520244037715,6,601,18,0,1
1019REU2R6D37Y9,2025-03-03 19:00:00,0.44093178036605657,6,601,19,0,1
1019REU2R6D37Y9,2025-03-03 20:00:00,0.44120909595119245,6,601,20,0,1
1019REU2R6D37Y9,2025-03-03 21:00:00,0.44093178036605657,6,601,21,0,1
1019REU2R6D37Y9,2025-03-03 22:00:00,0.44093178036605657,6,601,22,0,1
1019REU2R6D37Y9,2025-03-03 23:00:00,0.44093178036605657,6,601,23,0,1
1019REU2R6D37Y9,2025-03-04 00:00:00,0.44093178036605657,6,601,0,1,1
1019REU2R6D37Y9,2025-03-04 01:00:00,0.44093178036605657,6,601,1,1,1
1019REU2R6D37Y9,2025-03-04 02:00:00,0.44093178036605657,6,601,2,1,1
1019REU2R6D37Y9,2025-03-04 03:00:00,0.44093178036605657,3,601,3,1,1
1019REU2R6D37Y9,2025-04-07 00:00:00,0.4459234608985025,6,601,0,0,1
1019REU2R6D37Y9,2025-04-07 06:00:00,0.44315030504714364,6,601,6,0,1
1019REU2R6D37Y9,2025-04-07 12:00:00,0.4417637271214642,6,601,12,0,1
1019REU2R6D37Y9,2025-04-07 18:00:00,0.4478646699944537,6,601,18,0,1
1019REU2R6D37Y9,2025-04-08 00:00:00,0.4475873544093178,6,601,0,1,1
1019REU2R6D37Y9,2025-04-08 06:00:00,0.44315030504714364,6,601,6,1,1
1019REU2R6D37Y9,2025-04-08 12:00:00,0.4442595673876872,6,601,12,1,1
1019REU2R6D37Y9,2025-04-08 18:00:00,0.4462007764836384,6,601,18,1,1
1019REU2R6D37Y9,2025-04-09 00:00:00,0.4475873544093178,6,601,0,2,1
1019REU2R6D37Y9,2025-04-09 06:00:00,0.44675540765391014,6,601,6,2,1
1019REU2R6D37Y9,2025-04-09 18:00:00,0.447032723239046,6,601,18,2,1
1019REU2R6D37Y9,2025-04-10 00:00:00,0.4509151414309484,6,601,0,3,1
1019REU2R6D37Y9,2025-04-10 06:00:00,0.44647809206877426,6,601,6,3,1
1019REU2R6D37Y9,2025-04-10 12:00:00,0.4473100388241819,6,601,12,3,1
1019REU2R6D37Y9,2025-04-10 18:00:00,0.4492512479201331,6,601,18,3,1
1019REU2R6D37Y9,2025-04-11 00:00:00,0.4492512479201331,6,601,0,4,1
1019REU2R6D37Y9,2025-04-11 06:00:00,0.44814198557958956,6,601,6,4,1
1019REU2R6D37Y9,2025-04-11 12:00:00,0.4514697726012202,6,601,12,4,1
1019REU2R6D37Y9,2025-04-11 18:00:00,0.45757071547420963,6,601,18,4,1
1019REU2R6D37Y9,2025-04-12 00:00:00,0.46089850249584025,6,601,0,5,0
1019REU2R6D37Y9,2025-04-12 06:00:00,0.45923460898502494,6,601,6,5,0
1019REU2R6D37Y9,2025-04-12 12:00:00,0.4561841375485302,6,601,12,5,0
1019REU2R6D37Y9,2025-04-12 18:00:00,0.4559068219633943,6,601,18,5,0
1019REU2R6D37Y9,2025-04-13 00:00:00,0.45757071547420963,6,601,0,6,0
1019REU2R6D37Y9,2025-04-13 06:00:00,0.4559068219633943,6,601,6,6,0
1019REU2R6D37Y9,2025-04-13 12:00:00,0.45368829728230725,6,601,12,6,0
1019REU2R6D37Y9,2025-04-13 18:00:00,0.454242928452579,6,601,18,6,0
1019S5R3X1SOHS1,2025-03-03 06:00:00,0.6190476190476191,1,105,6,0,1
1019S5R3X1SOHS1,2025-03-03 07:00:00,0.6190476190476191,6,105,7,0,1
1019S5R3X1SOHS1,2025-03-03 08:00:00,0.6190476190476191,6,105,8,0,1
1019S5R3X1SOHS1,2025-03-03 09:00:00,0.6190476190476191,6,105,9,0,1
1019S5R3X1SOHS1,2025-03-03 10:00:00,0.6190476190476191,6,105,10,0,1
1019S5R3X1SOHS1,2025-03-03 11:00:00,0.6190476190476191,6,105,11,0,1
1019S5R3X1SOHS1,2025-03-03 12:00:00,0.6190476190476191,6,105,12,0,1
1019S5R3X1SOHS1,2025-03-03 13:00:00,0.6190476190476191,6,105,13,0,1
1019S5R3X1SOHS1,2025-03-03 14:00:00,0.6190476190476191,6,105,14,0,1
1019S5R3X1SOHS1,2025-03-03 15:00:00,0.6190476190476191,6,105,15,0,1
1019S5R3X1SOHS1,2025-03-03 16:00:00,0.6190476190476191,6,105,16,0,1
1019S5R3X1SOHS1,2025-03-03 17:00:00,0.6190476190476191,6,105,17,0,1
1019S5R3X1SOHS1,2025-03-03 18:00:00,0.6190476190476191,6,105,18,0,1
1019S5R3X1SOHS1,2025-03-03 19:00:00,0.6190476190476191,6,105,19,0,1
1019S5R3X1SOHS1,2025-03-03 20:00:00,0.6190476190476191,6,105,20,0,1
1019S5R3X1SOHS1,2025-03-03 21:00:00,0.6190476190476191,6,105,21,0,1
1019S5R3X1SOHS1,2025-03-03 22:00:00,0.6190476190476191,6,105,22,0,1
1019S5R3X1SOHS1,2025-03-03 23:00:00,0.6190476190476191,6,105,23,0,1
1019S5R3X1SOHS1,2025-03-04 00:00:00,0.6190476190476191,6,105,0,1,1
1019S5R3X1SOHS1,2025-03-04 01:00:00,0.6190476190476191,6,105,1,1,1
1019S5R3X1SOHS1,2025-03-04 02:00:00,0.6190476190476191,6,105,2,1,1
1019S5R3X1SOHS1,2025-03-04 03:00:00,0.6190476190476191,3,105,3,1,1
1019S5R3X1SOHS1,2025-04-07 00:00:00,0.6190476190476191,6,105,0,0,1
1019S5R3X1SOHS1,2025-04-07 06:00:00,0.6190476190476191,6,105,6,0,1
1019S5R3X1SOHS1,2025-04-07 12:00:00,0.6190476190476191,6,105,12,0,1
1019S5R3X1SOHS1,2025-04-07 18:00:00,0.6190476190476191,6,105,18,0,1
1019S5R3X1SOHS1,2025-04-08 00:00:00,0.6190476190476191,6,105,0,1,1
1019S5R3X1SOHS1,2025-04-08 06:00:00,0.6190476190476191,6,105,6,1,1
1019S5R3X1SOHS1,2025-04-08 12:00:00,0.6190476190476191,6,105,12,1,1
1019S5R3X1SOHS1,2025-04-08 18:00:00,0.6190476190476191,6,105,18,1,1
1019S5R3X1SOHS1,2025-04-09 00:00:00,0.6190476190476191,6,105,0,2,1
1019S5R3X1SOHS1,2025-04-09 06:00:00,0.6190476190476191,6,105,6,2,1
1019S5R3X1SOHS1,2025-04-09 18:00:00,0.6190476190476191,6,105,18,2,1
1019S5R3X1SOHS1,2025-04-10 00:00:00,0.6190476190476191,6,105,0,3,1
1019S5R3X1SOHS1,2025-04-10 06:00:00,0.6190476190476191,6,105,6,3,1
1019S5R3X1SOHS1,2025-04-10 12:00:00,0.6190476190476191,6,105,12,3,1
1019S5R3X1SOHS1,2025-04-10 18:00:00,0.6190476190476191,6,105,18,3,1
1019S5R3X1SOHS1,2025-04-11 00:00:00,0.6190476190476191,6,105,0,4,1
1019S5R3X1SOHS1,2025-04-11 06:00:00,0.6190476190476191,6,105,6,4,1
1019S5R3X1SOHS1,2025-04-11 12:00:00,0.6190476190476191,6,105,12,4,1
1019S5R3X1SOHS1,2025-04-11 18:00:00,0.6190476190476191,6,105,18,4,1
1019S5R3X1SOHS1,2025-04-12 00:00:00,0.6190476190476191,6,105,0,5,0
1019S5R3X1SOHS1,2025-04-12 06:00:00,0.6190476190476191,6,105,6,5,0
1019S5R3X1SOHS1,2025-04-12 12:00:00,0.6190476190476191,6,105,12,5,0
1019S5R3X1SOHS1,2025-04-12 18:00:00,0.6190476190476191,6,105,18,5,0
1019S5R3X1SOHS1,2025-04-13 00:00:00,0.6190476190476191,6,105,0,6,0
1019S5R3X1SOHS1,2025-04-13 06:00:00,0.6190476190476191,6,105,6,6,0
1019S5R3X1SOHS1,2025-04-13 12:00:00,0.6190476190476191,6,105,12,6,0
1019S5R3X1SOHS1,2025-04-13 18:00:00,0.6190476190476191,6,105,18,6,0
1019SEVYY7X0W75,2025-03-03 06:00:00,0.0,2,69,6,0,1
1019SEVYY7X0W75,2025-03-03 07:00:00,0.014492753623188406,6,69,7,0,1
1019SEVYY7X0W75,2025-03-03 08:00:00,0.057971014492753624,6,69,8,0,1
1019SEVYY7X0W75,2025-03-03 09:00:00,0.050724637681159424,6,69,9,0,1
1019SEVYY7X0W75,2025-03-03 10:00:00,0.016908212560386476,6,69,10,0,1
1019SEVYY7X0W75,2025-03-03 11:00:00,0.03140096618357488,6,69,11,0,1
1019SEVYY7X0W75,2025-03-03 12:00:00,0.007246376811594203,6,69,12,0,1
1019SEVYY7X0W75,2025-03-03 13:00:00,0.007246376811594203,6,69,13,0,1
1019SEVYY7X0W75,2025-03-03 14:00:00,0.012077294685990338,6,69,14,0,1
1019SEVYY7X0W75,2025-03-03 15:00:00,0.016908212560386476,6,69,15,0,1
1019SEVYY7X0W75,2025-03-03 16:00:00,0.03864734299516908,6,69,16,0,1
1019SEVYY7X0W75,2025-03-03 17:00:00,0.03140096618357488,6,69,17,0,1
1019SEVYY7X0W75,2025-03-03 18:00:00,0.0,6,69,18,0,1
1019SEVYY7X0W75,2025-03-03 19:00:00,0.0,6,69,19,0,1
1019SEVYY7X0W75,2025-03-03 20:00:00,0.0,6,69,20,0,1
1019SEVYY7X0W75,2025-03-03 21:00:00,0.0,6,69,21,0,1
1019SEVYY7X0W75,2025-03-03 22:00:00,0.00966183574879227,6,69,22,0,1
1019SEVYY7X0W75,2025-03-03 23:00:00,0.0024154589371980675,6,69,23,0,1
1019SEVYY7X0W75,2025-03-04 00:00:00,0.0,6,69,0,1,1
1019SEVYY7X0W75,2025-03-04 01:00:00,0.0,6,69,1,1,1
1019SEVYY7X0W75,2025-03-04 02:00:00,0.0,6,69,2,1,1
1019SEVYY7X0W75,2025-03-04 03:00:00,0.0,3,69,3,1,1
1019SEVYY7X0W75,2025-04-07 00:00:00,0.0,6,69,0,0,1
1019SEVYY7X0W75,2025-04-07 06:00:00,0.00966183574879227,6,69,6,0,1
1019SEVYY7X0W75,2025-04-07 12:00:00,0.021739130434782608,6,69,12,0,1
1019SEVYY7X0W75,2025-04-07 18:00:00,0.01932367149758454,6,69,18,0,1
1019SEVYY7X0W75,2025-04-08 00:00:00,0.014492753623188406,6,69,0,1,1
1019SEVYY7X0W75,2025-04-08 06:00:00,0.024154589371980676,6,69,6,1,1
1019SEVYY7X0W75,2025-04-08 12:00:00,0.007246376811594203,6,69,12,1,1
1019SEVYY7X0W75,2025-04-08 18:00:00,0.0,6,69,18,1,1
1019SEVYY7X0W75,2025-04-09 00:00:00,0.0,6,69,0,2,1
1019SEVYY7X0W75,2025-04-09 06:00:00,0.014492753623188406,6,69,6,2,1
1019SEVYY7X0W75,2025-04-09 18:00:00,0.021739130434782608,6,69,18,2,1
1019SEVYY7X0W75,2025-04-10 00:00:00,0.012077294685990338,6,69,0,3,1
1019SEVYY7X0W75,2025-04-10 06:00:00,0.004830917874396135,6,69,6,3,1
1019SEVYY7X0W75,2025-04-10 12:00:00,0.016908212560386476,6,69,12,3,1
1019SEVYY7X0W75,2025-04-10 18:00:00,0.026570048309178747,6,69,18,3,1
1019SEVYY7X0W75,2025-04-11 00:00:00,0.0,6,69,0,4,1
1019SEVYY7X0W75,2025-04-11 06:00:00,0.00966183574879227,6,69,6,4,1
1019SEVYY7X0W75,2025-04-11 12:00:00,0.014492753623188406,6,69,12,4,1
1019SEVYY7X0W75,2025-04-11 18:00:00,0.00966183574879227,6,69,18,4,1
1019SEVYY7X0W75,2025-04-12 00:00:00,0.014492753623188406,6,69,0,5,0
1019SEVYY7X0W75,2025-04-12 06:00:00,0.01932367149758454,6,69,6,5,0
1019SEVYY7X0W75,2025-04-12 12:00:00,0.012077294685990338,6,69,12,5,0
1019SEVYY7X0W75,2025-04-12 18:00:00,0.03864734299516908,6,69,18,5,0
1019SEVYY7X0W75,2025-04-13 00:00:00,0.0,6,69,0,6,0
1019SEVYY7X0W75,2025-04-13 06:00:00,0.0,6,69,6,6,0
1019SEVYY7X0W75,2025-04-13 12:00:00,0.043478260869565216,6,69,12,6,0
1019SEVYY7X0W75,2025-04-13 18:00:00,0.04589371980676329,6,69,18,6,0
HK00001,2025-03-02 21:00:00,0.6195652173913043,2,138,21,6,0
HK00001,2025-03-02 22:00:00,0.6135265700483091,6,138,22,6,0
HK00001,2025-03-02 23:00:00,0.9154589371980677,6,138,23,6,0
HK00001,2025-03-03 00:00:00,0.3357487922705314,6,138,0,0,1
HK00001,2025-03-03 01:00:00,0.2028985507246377,6,138,1,0,1
HK00001,2025-03-03 02:00:00,0.20531400966183577,6,138,2,0,1
HK00001,2025-03-03 03:00:00,0.20531400966183574,6,138,3,0,1
HK00001,2025-03-03 04:00:00,0.1968599033816425,6,138,4,0,1
HK00001,2025-03-03 05:00:00,0.19806763285024154,6,138,5,0,1
HK00001,2025-03-03 06:00:00,0.2753623188405797,6,138,6,0,1
HK00001,2025-03-03 07:00:00,0.3031400966183575,6,138,7,0,1
HK00001,2025-03-03 08:00:00,0.39855072463768115,6,138,8,0,1
HK00001,2025-03-03 09:00:00,0.3997584541062802,6,138,9,0,1
HK00001,2025-03-03 10:00:00,0.4070048309178744,6,138,10,0,1
HK00001,2025-03-03 11:00:00,0.41183574879227053,6,138,11,0,1
HK00001,2025-03-03 12:00:00,0.39855072463768115,6,138,12,0,1
HK00001,2025-03-03 13:00:00,0.4057971014492754,6,138,13,0,1
HK00001,2025-03-03 14:00:00,0.4057971014492754,6,138,14,0,1
HK00001,2025-03-03 15:00:00,0.393719806763285,6,138,15,0,1
HK00001,2025-03-03 16:00:00,0.5748792270531401,6,138,16,0,1
HK00001,2025-03-03 17:00:00,0.606280193236715,6,138,17,0,1
HK00001,2025-03-03 18:00:00,0.5881642512077295,6,138,18,0,1
HK00001,2025-03-03 19:00:00,0.606280193236715,6,138,19,0,1
HK00001,2025-03-03 20:00:00,0.5942028985507246,6,138,20,0,1
HK00001,2025-03-03 21:00:00,0.6014492753623188,6,138,21,0,1
HK00001,2025-03-03 22:00:00,0.5929951690821256,6,138,22,0,1
HK00001,2025-03-03 23:00:00,0.9190821256038647,6,138,23,0,1
HK00001,2025-03-04 00:00:00,0.34057971014492755,6,138,0,1,1
HK00001,2025-03-04 01:00:00,0.19202898550724637,6,138,1,1,1
HK00001,2025-03-04 02:00:00,0.2028985507246377,6,138,2,1,1
HK00001,2025-03-04 03:00:00,0.2028985507246377,2,138,3,1,1
HK00001,2025-04-07 00:00:00,0.3321256038647343,6,138,0,0,1
HK00001,2025-04-07 06:00:00,0.28140096618357485,6,138,6,0,1
HK00001,2025-04-07 12:00:00,0.4033816425120773,6,138,12,0,1
HK00001,2025-04-07 18:00:00,0.5954106280193238,6,138,18,0,1
HK00001,2025-04-08 00:00:00,0.3321256038647343,6,138,0,1,1
HK00001,2025-04-08 06:00:00,0.26932367149758457,6,138,6,1,1
HK00001,2025-04-08 12:00:00,0.393719806763285,6,138,12,1,1
HK00001,2025-04-08 18:00:00,0.5954106280193237,6,138,18,1,1
HK00001,2025-04-09 00:00:00,0.3357487922705314,6,138,0,2,1
HK00001,2025-04-09 06:00:00,0.27657004830917875,6,138,6,2,1
HK00001,2025-04-09 12:00:00,0.4057971014492754,6,138,12,2,1
HK00001,2025-04-09 18:00:00,0.6038647342995169,6,138,18,2,1
HK00001,2025-04-10 00:00:00,0.32971014492753625,6,138,0,3,1
HK00001,2025-04-10 06:00:00,0.2898550724637681,6,138,6,3,1
HK00001,2025-04-10 12:00:00,0.4033816425120773,6,138,12,3,1
HK00001,2025-04-10 18:00:00,0.5966183574879227,6,138,18,3,1
HK00001,2025-04-11 00:00:00,0.3321256038647343,6,138,0,4,1
HK00001,2025-04-11 06:00:00,0.28381642512077293,6,138,6,4,1
HK00001,2025-04-11 12:00:00,0.6123188405797101,6,138,12,4,1
HK00001,2025-04-11 18:00:00,0.893719806763285,6,138,18,4,1
HK00001,2025-04-12 00:00:00,0.33454106280193235,6,138,0,5,0
HK00001,2025-04-12 06:00:00,0.2922705314009662,6,138,6,5,0
HK00001,2025-04-12 12:00:00,0.6123188405797101,6,138,12,5,0
HK00001,2025-04-12 18:00:00,0.9118357487922705,6,138,18,5,0
HK00001,2025-04-13 00:00:00,0.3321256038647343,6,138,0,6,0
HK00001,2025-04-13 06:00:00,0.2789855072463768,6,138,6,6,0
HK00001,2025-04-13 12:00:00,0.6002415458937198,6,138,12,6,0
HK00001,2025-04-13 18:00:00,0.9045893719806765,6,138,18,6,0
HK00009,2025-03-02 21:00:00,0.9293361884368309,2,467,21,6,0
HK00009,2025-03-02 22:00:00,0.9293361884368309,6,467,22,6,0
HK00009,2025-03-02 23:00:00,0.9293361884368309,6,467,23,6,0
HK00009,2025-03-03 00:00:00,0.9293361884368309,6,467,0,0,1
HK00009,2025-03-03 01:00:00,0.9293361884368309,6,467,1,0,1
HK00009,2025-03-03 02:00:00,0.9293361884368309,6,467,2,0,1
HK00009,2025-03-03 03:00:00,0.9293361884368309,6,467,3,0,1
HK00009,2025-03-03 04:00:00,0.9293361884368309,6,467,4,0,1
HK00009,2025-03-03 05:00:00,0.9293361884368309,6,467,5,0,1
HK00009,2025-03-03 06:00:00,0.9293361884368309,6,467,6,0,1
HK00009,2025-03-03 07:00:00,0.9293361884368309,6,467,7,0,1
HK00009,2025-03-03 08:00:00,0.9293361884368309,6,467,8,0,1
HK00009,2025-03-03 09:00:00,0.9293361884368309,6,467,9,0,1
HK00009,2025-03-03 10:00:00,0.9293361884368309,6,467,10,0,1
HK00009,2025-03-03 11:00:00,0.9293361884368309,6,467,11,0,1
HK00009,2025-03-03 12:00:00,0.9293361884368309,6,467,12,0,1
HK00009,2025-03-03 13:00:00,0.9293361884368309,6,467,13,0,1
HK00009,2025-03-03 14:00:00,0.9293361884368309,6,467,14,0,1
HK00009,2025-03-03 15:00:00,0.9293361884368309,6,467,15,0,1
HK00009,2025-03-03 16:00:00,0.9293361884368309,6,467,16,0,1
HK00009,2025-03-03 17:00:00,0.9293361884368309,6,467,17,0,1
HK00009,2025-03-03 18:00:00,0.9293361884368309,6,467,18,0,1
HK00009,2025-03-03 19:00:00,0.9293361884368309,6,467,19,0,1
HK00009,2025-03-03 20:00:00,0.9293361884368309,6,467,20,0,1
HK00009,2025-03-03 21:00:00,0.9293361884368309,6,467,21,0,1
HK00009,2025-03-03 22:00:00,0.9293361884368309,6,467,22,0,1
HK00009,2025-03-03 23:00:00,0.9293361884368309,6,467,23,0,1
HK00009,2025-03-04 00:00:00,0.9293361884368309,6,467,0,1,1
HK00009,2025-03-04 01:00:00,0.9293361884368309,6,467,1,1,1
HK00009,2025-03-04 02:00:00,0.9293361884368309,6,467,2,1,1
HK00009,2025-03-04 03:00:00,0.9293361884368309,2,467,3,1,1
HK00009,2025-04-07 00:00:00,0.9293361884368309,6,467,0,0,1
HK00009,2025-04-07 06:00:00,0.9293361884368309,6,467,6,0,1
HK00009,2025-04-07 12:00:00,0.9293361884368309,6,467,12,0,1
HK00009,2025-04-07 18:00:00,0.9293361884368309,6,467,18,0,1
HK00009,2025-04-08 00:00:00,0.9293361884368309,6,467,0,1,1
HK00009,2025-04-08 06:00:00,0.9293361884368309,6,467,6,1,1
HK00009,2025-04-08 12:00:00,0.9293361884368309,6,467,12,1,1
HK00009,2025-04-08 18:00:00,0.9293361884368309,6,467,18,1,1
HK00009,2025-04-09 00:00:00,0.9293361884368309,6,467,0,2,1
HK00009,2025-04-09 06:00:00,0.9293361884368309,6,467,6,2,1
HK00009,2025-04-09 12:00:00,0.9293361884368309,6,467,12,2,1
HK00009,2025-04-09 18:00:00,0.9293361884368309,6,467,18,2,1
HK00009,2025-04-10 00:00:00,0.9293361884368309,6,467,0,3,1
HK00009,2025-04-10 06:00:00,0.9293361884368309,6,467,6,3,1
HK00009,2025-04-10 12:00:00,0.9293361884368309,6,467,12,3,1
HK00009,2025-04-10 18:00:00,0.9293361884368309,6,467,18,3,1
HK00009,2025-04-11 00:00:00,0.9293361884368309,6,467,0,4,1
HK00009,2025-04-11 06:00:00,0.9293361884368309,6,467,6,4,1
HK00009,2025-04-11 12:00:00,0.9293361884368309,6,467,12,4,1
HK00009,2025-04-11 18:00:00,0.9293361884368309,6,467,18,4,1
HK00009,2025-04-12 00:00:00,0.9293361884368309,6,467,0,5,0
HK00009,2025-04-12 06:00:00,0.9293361884368309,6,467,6,5,0
HK00009,2025-04-12 12:00:00,0.9293361884368309,6,467,12,5,0
HK00009,2025-04-12 18:00:00,0.9293361884368309,6,467,18,5,0
HK00009,2025-04-13 00:00:00,0.9293361884368309,6,467,0,6,0
HK00009,2025-04-13 06:00:00,0.9293361884368309,6,467,6,6,0
HK00009,2025-04-13 12:00:00,0.9293361884368309,6,467,12,6,0
HK00009,2025-04-13 18:00:00,0.9293361884368309,6,467,18,6,0
HK00010,2025-03-02 21:00:00,0.9235294117647059,2,170,21,6,0
HK00010,2025-03-02 22:00:00,0.9235294117647058,6,170,22,6,0
HK00010,2025-03-02 23:00:00,0.9235294117647058,6,170,23,6,0
HK00010,2025-03-03 00:00:00,0.9235294117647058,6,170,0,0,1
HK00010,2025-03-03 01:00:00,0.9235294117647058,6,170,1,0,1
HK00010,2025-03-03 02:00:00,0.9235294117647058,6,170,2,0,1
HK00010,2025-03-03 03:00:00,0.9235294117647058,6,170,3,0,1
HK00010,2025-03-03 04:00:00,0.9235294117647058,6,170,4,0,1
HK00010,2025-03-03 05:00:00,0.9235294117647058,6,170,5,0,1
HK00010,2025-03-03 06:00:00,0.9235294117647058,6,170,6,0,1
HK00010,2025-03-03 07:00:00,0.9235294117647058,6,170,7,0,1
HK00010,2025-03-03 08:00:00,0.9235294117647058,6,170,8,0,1
HK00010,2025-03-03 09:00:00,0.9235294117647058,6,170,9,0,1
HK00010,2025-03-03 10:00:00,0.9235294117647058,6,170,10,0,1
HK00010,2025-03-03 11:00:00,0.9235294117647058,6,170,11,0,1
HK00010,2025-03-03 12:00:00,0.9235294117647058,6,170,12,0,1
HK00010,2025-03-03 13:00:00,0.9235294117647058,6,170,13,0,1
HK00010,2025-03-03 14:00:00,0.9235294117647058,6,170,14,0,1
HK00010,2025-03-03 15:00:00,0.9235294117647058,6,170,15,0,1
HK00010,2025-03-03 16:00:00,0.9235294117647058,6,170,16,0,1
HK00010,2025-03-03 17:00:00,0.9235294117647058,6,170,17,0,1
HK00010,2025-03-03 18:00:00,0.9235294117647058,6,170,18,0,1
HK00010,2025-03-03 19:00:00,0.9235294117647058,6,170,19,0,1
HK00010,2025-03-03 20:00:00,0.9235294117647058,6,170,20,0,1
HK00010,2025-03-03 21:00:00,0.9235294117647058,6,170,21,0,1
HK00010,2025-03-03 22:00:00,0.9235294117647058,6,170,22,0,1
HK00010,2025-03-03 23:00:00,0.9235294117647058,6,170,23,0,1
HK00010,2025-03-04 00:00:00,0.9235294117647058,6,170,0,1,1
HK00010,2025-03-04 01:00:00,0.9235294117647058,6,170,1,1,1
HK00010,2025-03-04 02:00:00,0.9235294117647058,6,170,2,1,1
HK00010,2025-03-04 03:00:00,0.9235294117647059,2,170,3,1,1
HK00010,2025-04-07 00:00:00,0.9235294117647058,6,170,0,0,1
HK00010,2025-04-07 06:00:00,0.9235294117647058,6,170,6,0,1
HK00010,2025-04-07 12:00:00,0.9235294117647058,6,170,12,0,1
HK00010,2025-04-07 18:00:00,0.9235294117647058,6,170,18,0,1
HK00010,2025-04-08 00:00:00,0.9235294117647058,6,170,0,1,1
HK00010,2025-04-08 06:00:00,0.9235294117647058,6,170,6,1,1
HK00010,2025-04-08 12:00:00,0.9235294117647058,6,170,12,1,1
HK00010,2025-04-08 18:00:00,0.9235294117647058,6,170,18,1,1
HK00010,2025-04-09 00:00:00,0.9235294117647058,6,170,0,2,1
HK00010,2025-04-09 06:00:00,0.9235294117647058,6,170,6,2,1
HK00010,2025-04-09 12:00:00,0.9235294117647058,6,170,12,2,1
HK00010,2025-04-09 18:00:00,0.9235294117647058,6,170,18,2,1
HK00010,2025-04-10 00:00:00,0.9235294117647058,6,170,0,3,1
HK00010,2025-04-10 06:00:00,0.9235294117647058,6,170,6,3,1
HK00010,2025-04-10 12:00:00,0.9235294117647058,6,170,12,3,1
HK00010,2025-04-10 18:00:00,0.9235294117647058,6,170,18,3,1
HK00010,2025-04-11 00:00:00,0.9235294117647058,6,170,0,4,1
HK00010,2025-04-11 06:00:00,0.9235294117647058,6,170,6,4,1
HK00010,2025-04-11 12:00:00,0.9235294117647058,6,170,12,4,1
HK00010,2025-04-11 18:00:00,0.9235294117647058,6,170,18,4,1
HK00010,2025-04-12 00:00:00,0.9235294117647058,6,170,0,5,0
HK00010,2025-04-12 06:00:00,0.9235294117647058,6,170,6,5,0
HK00010,2025-04-12 12:00:00,0.9235294117647058,6,170,12,5,0
HK00010,2025-04-12 18:00:00,0.9235294117647058,6,170,18,5,0
HK00010,2025-04-13 00:00:00,0.9235294117647058,6,170,0,6,0
HK00010,2025-04-13 06:00:00,0.9235294117647058,6,170,6,6,0
HK00010,2025-04-13 12:00:00,0.9235294117647058,6,170,12,6,0
HK00010,2025-04-13 18:00:00,0.9235294117647058,6,170,18,6,0
HK00013,2025-03-02 21:00:00,0.9952830188679245,2,212,21,6,0
HK00013,2025-03-02 22:00:00,0.9952830188679244,6,212,22,6,0
HK00013,2025-03-02 23:00:00,0.9952830188679244,6,212,23,6,0
HK00013,2025-03-03 00:00:00,0.9952830188679244,6,212,0,0,1
HK00013,2025-03-03 01:00:00,0.9952830188679244,6,212,1,0,1
HK00013,2025-03-03 02:00:00,0.9952830188679244,6,212,2,0,1
HK00013,2025-03-03 03:00:00,0.9952830188679244,6,212,3,0,1
HK00013,2025-03-03 04:00:00,0.9952830188679244,6,212,4,0,1
HK00013,2025-03-03 05:00:00,0.9952830188679244,6,212,5,0,1
HK00013,2025-03-03 06:00:00,0.9952830188679244,6,212,6,0,1
HK00013,2025-03-03 07:00:00,0.9952830188679244,6,212,7,0,1
HK00013,2025-03-03 08:00:00,0.9952830188679244,6,212,8,0,1
HK00013,2025-03-03 09:00:00,0.9952830188679244,6,212,9,0,1
HK00013,2025-03-03 10:00:00,0.9952830188679244,6,212,10,0,1
HK00013,2025-03-03 11:00:00,0.9952830188679244,6,212,11,0,1
HK00013,2025-03-03 12:00:00,0.9952830188679244,6,212,12,0,1
HK00013,2025-03-03 13:00:00,0.9952830188679244,6,212,13,0,1
HK00013,2025-03-03 14:00:00,0.9952830188679244,6,212,14,0,1
HK00013,2025-03-03 15:00:00,0.9952830188679244,6,212,15,0,1
HK00013,2025-03-03 16:00:00,0.9952830188679244,6,212,16,0,1
HK00013,2025-03-03 17:00:00,0.9952830188679244,6,212,17,0,1
HK00013,2025-03-03 18:00:00,0.9952830188679244,6,212,18,0,1
HK00013,2025-03-03 19:00:00,0.9952830188679244,6,212,19,0,1
HK00013,2025-03-03 20:00:00,0.9952830188679244,6,212,20,0,1
HK00013,2025-03-03 21:00:00,0.9952830188679244,6,212,21,0,1
HK00013,2025-03-03 22:00:00,0.9952830188679244,6,212,22,0,1
HK00013,2025-03-03 23:00:00,0.9952830188679244,6,212,23,0,1
HK00013,2025-03-04 00:00:00,0.9952830188679244,6,212,0,1,1
HK00013,2025-03-04 01:00:00,0.9952830188679244,6,212,1,1,1
HK00013,2025-03-04 02:00:00,0.9952830188679244,6,212,2,1,1
HK00013,2025-03-04 03:00:00,0.9952830188679245,2,212,3,1,1
HK00013,2025-04-07 00:00:00,0.9952830188679244,6,212,0,0,1
HK00013,2025-04-07 06:00:00,0.9952830188679244,6,212,6,0,1
HK00013,2025-04-07 12:00:00,0.9952830188679244,6,212,12,0,1
HK00013,2025-04-07 18:00:00,0.9952830188679244,6,212,18,0,1
HK00013,2025-04-08 00:00:00,0.9952830188679244,6,212,0,1,1
HK00013,2025-04-08 06:00:00,0.9952830188679244,6,212,6,1,1
HK00013,2025-04-08 12:00:00,0.9952830188679244,6,212,12,1,1
HK00013,2025-04-08 18:00:00,0.9952830188679244,6,212,18,1,1
HK00013,2025-04-09 00:00:00,0.9952830188679244,6,212,0,2,1
HK00013,2025-04-09 06:00:00,0.9952830188679244,6,212,6,2,1
HK00013,2025-04-09 12:00:00,0.9952830188679244,6,212,12,2,1
HK00013,2025-04-09 18:00:00,0.9952830188679244,6,212,18,2,1
HK00013,2025-04-10 00:00:00,0.9952830188679244,6,212,0,3,1
HK00013,2025-04-10 06:00:00,0.9952830188679244,6,212,6,3,1
HK00013,2025-04-10 12:00:00,0.9952830188679244,6,212,12,3,1
HK00013,2025-04-10 18:00:00,0.9952830188679244,6,212,18,3,1
HK00013,2025-04-11 00:00:00,0.9952830188679244,6,212,0,4,1
HK00013,2025-04-11 06:00:00,0.9952830188679244,6,212,6,4,1
HK00013,2025-04-11 12:00:00,0.9952830188679244,6,212,12,4,1
HK00013,2025-04-11 18:00:00,0.9952830188679244,6,212,18,4,1
HK00013,2025-04-12 00:00:00,0.9952830188679244,6,212,0,5,0
HK00013,2025-04-12 06:00:00,0.9952830188679244,6,212,6,5,0
HK00013,2025-04-12 12:00:00,0.9952830188679244,6,212,12,5,0
HK00013,2025-04-12 18:00:00,0.9952830188679244,6,212,18,5,0
HK00013,2025-04-13 00:00:00,0.9952830188679244,6,212,0,6,0
HK00013,2025-04-13 06:00:00,0.9952830188679244,6,212,6,6,0
HK00013,2025-04-13 12:00:00,0.9952830188679244,6,212,12,6,0
HK00013,2025-04-13 18:00:00,0.9952830188679244,6,212,18,6,0
HK00020,2025-03-02 21:00:00,0.8955555555555555,2,1800,21,6,0
HK00020,2025-03-02 22:00:00,0.8955555555555555,6,1800,22,6,0
HK00020,2025-03-02 23:00:00,0.8955555555555555,6,1800,23,6,0
HK00020,2025-03-03 00:00:00,0.8955555555555555,6,1800,0,0,1
HK00020,2025-03-03 01:00:00,0.8955555555555555,6,1800,1,0,1
HK00020,2025-03-03 02:00:00,0.8955555555555555,6,1800,2,0,1
HK00020,2025-03-03 03:00:00,0.8955555555555555,6,1800,3,0,1
HK00020,2025-03-03 04:00:00,0.8955555555555555,6,1800,4,0,1
HK00020,2025-03-03 05:00:00,0.8955555555555555,6,1800,5,0,1
HK00020,2025-03-03 06:00:00,0.8955555555555555,6,1800,6,0,1
HK00020,2025-03-03 07:00:00,0.8955555555555555,6,1800,7,0,1
HK00020,2025-03-03 08:00:00,0.8955555555555555,6,1800,8,0,1
HK00020,2025-03-03 09:00:00,0.8955555555555555,6,1800,9,0,1
HK00020,2025-03-03 10:00:00,0.8955555555555555,6,1800,10,0,1
HK00020,2025-03-03 11:00:00,0.8955555555555555,6,1800,11,0,1
HK00020,2025-03-03 12:00:00,0.8955555555555555,6,1800,12,0,1
HK00020,2025-03-03 13:00:00,0.8955555555555555,6,1800,13,0,1
HK00020,2025-03-03 14:00:00,0.8955555555555555,6,1800,14,0,1
HK00020,2025-03-03 15:00:00,0.8955555555555555,6,1800,15,0,1
HK00020,2025-03-03 16:00:00,0.8955555555555555,6,1800,16,0,1
HK00020,2025-03-03 17:00:00,0.8955555555555555,6,1800,17,0,1
HK00020,2025-03-03 18:00:00,0.8955555555555555,6,1800,18,0,1
HK00020,2025-03-03 19:00:00,0.8955555555555555,6,1800,19,0,1
HK00020,2025-03-03 20:00:00,0.8955555555555555,6,1800,20,0,1
HK00020,2025-03-03 21:00:00,0.8955555555555555,6,1800,21,0,1
HK00020,2025-03-03 22:00:00,0.8955555555555555,6,1800,22,0,1
HK00020,2025-03-03 23:00:00,0.8955555555555555,6,1800,23,0,1
HK00020,2025-03-04 00:00:00,0.8955555555555555,6,1800,0,1,1
HK00020,2025-03-04 01:00:00,0.8955555555555555,6,1800,1,1,1
HK00020,2025-03-04 02:00:00,0.8955555555555555,6,1800,2,1,1
HK00020,2025-03-04 03:00:00,0.8955555555555555,2,1800,3,1,1
HK00020,2025-04-07 00:00:00,0.8955555555555555,6,1800,0,0,1
HK00020,2025-04-07 06:00:00,0.8955555555555555,6,1800,6,0,1
HK00020,2025-04-07 12:00:00,0.8955555555555555,6,1800,12,0,1
HK00020,2025-04-07 18:00:00,0.8955555555555555,6,1800,18,0,1
HK00020,2025-04-08 00:00:00,0.8955555555555555,6,1800,0,1,1
HK00020,2025-04-08 06:00:00,0.8955555555555555,6,1800,6,1,1
HK00020,2025-04-08 12:00:00,0.8955555555555555,6,1800,12,1,1
HK00020,2025-04-08 18:00:00,0.8955555555555555,6,1800,18,1,1
HK00020,2025-04-09 00:00:00,0.8955555555555555,6,1800,0,2,1
HK00020,2025-04-09 06:00:00,0.8955555555555555,6,1800,6,2,1
HK00020,2025-04-09 12:00:00,0.8955555555555555,6,1800,12,2,1
HK00020,2025-04-09 18:00:00,0.8955555555555555,6,1800,18,2,1
HK00020,2025-04-10 00:00:00,0.8955555555555555,6,1800,0,3,1
HK00020,2025-04-10 06:00:00,0.8955555555555555,6,1800,6,3,1
HK00020,2025-04-10 12:00:00,0.8955555555555555,6,1800,12,3,1
HK00020,2025-04-10 18:00:00,0.8955555555555555,6,1800,18,3,1
HK00020,2025-04-11 00:00:00,0.8955555555555555,6,1800,0,4,1
HK00020,2025-04-11 06:00:00,0.8955555555555555,6,1800,6,4,1
HK00020,2025-04-11 12:00:00,0.8955555555555555,6,1800,12,4,1
HK00020,2025-04-11 18:00:00,0.8955555555555555,6,1800,18,4,1
HK00020,2025-04-12 00:00:00,0.8955555555555555,6,1800,0,5,0
HK00020,2025-04-12 06:00:00,0.8955555555555555,6,1800,6,5,0
HK00020,2025-04-12 12:00:00,0.8955555555555555,6,1800,12,5,0
HK00020,2025-04-12 18:00:00,0.8955555555555555,6,1800,18,5,0
HK00020,2025-04-13 00:00:00,0.8955555555555555,6,1800,0,6,0
HK00020,2025-04-13 06:00:00,0.8955555555555555,6,1800,6,6,0
HK00020,2025-04-13 12:00:00,0.8955555555555555,6,1800,12,6,0
HK00020,2025-04-13 18:00:00,0.8955555555555555,6,1800,18,6,0
HK00021,2025-03-02 21:00:00,0.3,2,150,21,6,0
HK00021,2025-03-02 22:00:00,0.3,6,150,22,6,0
HK00021,2025-03-02 23:00:00,0.3,6,150,23,6,0
HK00021,2025-03-03 00:00:00,0.3,6,150,0,0,1
HK00021,2025-03-03 01:00:00,0.3,6,150,1,0,1
HK00021,2025-03-03 02:00:00,0.3,6,150,2,0,1
HK00021,2025-03-03 03:00:00,0.3,6,150,3,0,1
HK00021,2025-03-03 04:00:00,0.3,6,150,4,0,1
HK00021,2025-03-03 05:00:00,0.3,6,150,5,0,1
HK00021,2025-03-03 06:00:00,0.3,6,150,6,0,1
HK00021,2025-03-03 07:00:00,0.3,6,150,7,0,1
HK00021,2025-03-03 08:00:00,0.3,6,150,8,0,1
HK00021,2025-03-03 09:00:00,0.3,6,150,9,0,1
HK00021,2025-03-03 10:00:00,0.3,6,150,10,0,1
HK00021,2025-03-03 11:00:00,0.3,6,150,11,0,1
HK00021,2025-03-03 12:00:00,0.3,6,150,12,0,1
HK00021,2025-03-03 13:00:00,0.3,6,150,13,0,1
HK00021,2025-03-03 14:00:00,0.3,6,150,14,0,1
HK00021,2025-03-03 15:00:00,0.3,6,150,15,0,1
HK00021,2025-03-03 16:00:00,0.3,6,150,16,0,1
HK00021,2025-03-03 17:00:00,0.3,6,150,17,0,1
HK00021,2025-03-03 18:00:00,0.3,6,150,18,0,1
HK00021,2025-03-03 19:00:00,0.3,6,150,19,0,1
HK00021,2025-03-03 20:00:00,0.3,6,150,20,0,1
HK00021,2025-03-03 21:00:00,0.3,6,150,21,0,1
HK00021,2025-03-03 22:00:00,0.3,6,150,22,0,1
HK00021,2025-03-03 23:00:00,0.3,6,150,23,0,1
HK00021,2025-03-04 00:00:00,0.3,6,150,0,1,1
HK00021,2025-03-04 01:00:00,0.3,6,150,1,1,1
HK00021,2025-03-04 02:00:00,0.3,6,150,2,1,1
HK00021,2025-03-04 03:00:00,0.3,2,150,3,1,1
HK00021,2025-04-07 00:00:00,0.3,6,150,0,0,1
HK00021,2025-04-07 06:00:00,0.3,6,150,6,0,1
HK00021,2025-04-07 12:00:00,0.3,6,150,12,0,1
HK00021,2025-04-07 18:00:00,0.3,6,150,18,0,1
HK00021,2025-04-08 00:00:00,0.3,6,150,0,1,1
HK00021,2025-04-08 06:00:00,0.3,6,150,6,1,1
HK00021,2025-04-08 12:00:00,0.3,6,150,12,1,1
HK00021,2025-04-08 18:00:00,0.3,6,150,18,1,1
HK00021,2025-04-09 00:00:00,0.3,6,150,0,2,1
HK00021,2025-04-09 06:00:00,0.3,6,150,6,2,1
HK00021,2025-04-09 12:00:00,0.3,6,150,12,2,1
HK00021,2025-04-09 18:00:00,0.3,6,150,18,2,1
HK00021,2025-04-10 00:00:00,0.3,6,150,0,3,1
HK00021,2025-04-10 06:00:00,0.3,6,150,6,3,1
HK00021,2025-04-10 12:00:00,0.3,6,150,12,3,1
HK00021,2025-04-10 18:00:00,0.3,6,150,18,3,1
HK00021,2025-04-11 00:00:00,0.3,6,150,0,4,1
HK00021,2025-04-11 06:00:00,0.3,6,150,6,4,1
HK00021,2025-04-11 12:00:00,0.3,6,150,12,4,1
HK00021,2025-04-11 18:00:00,0.3,6,150,18,4,1
HK00021,2025-04-12 00:00:00,0.3,6,150,0,5,0
HK00021,2025-04-12 06:00:00,0.3,6,150,6,5,0
HK00021,2025-04-12 12:00:00,0.3,6,150,12,5,0
HK00021,2025-04-12 18:00:00,0.3,6,150,18,5,0
HK00021,2025-04-13 00:00:00,0.3,6,150,0,6,0
HK00021,2025-04-13 06:00:00,0.3,6,150,6,6,0
HK00021,2025-04-13 12:00:00,0.3,6,150,12,6,0
HK00021,2025-04-13 18:00:00,0.3,6,150,18,6,0
SF000901,2025-03-02 21:00:00,0.5982758620689655,2,580,21,6,0
SF000901,2025-03-02 22:00:00,0.5554597701149425,6,580,22,6,0
SF000901,2025-03-02 23:00:00,0.5135057471264367,6,580,23,6,0
SF000901,2025-03-03 00:00:00,0.43821839080459773,6,580,0,0,1
SF000901,2025-03-03 01:00:00,0.36810344827586206,6,580,1,0,1
SF000901,2025-03-03 02:00:00,0.3301724137931034,6,580,2,0,1
SF000901,2025-03-03 03:00:00,0.32040229885057475,6,580,3,0,1
SF000901,2025-03-03 04:00:00,0.3120689655172414,6,580,4,0,1
SF000901,2025-03-03 05:00:00,0.30977011494252876,6,580,5,0,1
SF000901,2025-03-03 06:00:00,0.30977011494252876,6,580,6,0,1
SF000901,2025-03-03 07:00:00,0.3080459770114943,6,580,7,0,1
SF000901,2025-03-03 08:00:00,0.32701149425287357,6,580,8,0,1
SF000901,2025-03-03 09:00:00,0.38908045977011496,6,580,9,0,1
SF000901,2025-03-03 10:00:00,0.41752873563218396,6,580,10,0,1
SF000901,2025-03-03 11:00:00,0.4152298850574712,6,580,11,0,1
SF000901,2025-03-03 12:00:00,0.4908045977011494,6,580,12,0,1
SF000901,2025-03-03 13:00:00,0.5244252873563219,6,580,13,0,1
SF000901,2025-03-03 14:00:00,0.5382183908045978,6,580,14,0,1
SF000901,2025-03-03 15:00:00,0.5632183908045977,6,580,15,0,1
SF000901,2025-03-03 16:00:00,0.560632183908046,6,580,16,0,1
SF000901,2025-03-03 17:00:00,0.5502873563218391,6,580,17,0,1
SF000901,2025-03-03 18:00:00,0.617816091954023,6,580,18,0,1
SF000901,2025-03-03 19:00:00,0.6873563218390805,6,580,19,0,1
SF000901,2025-03-03 20:00:00,0.6485632183908047,6,580,20,0,1
SF000901,2025-03-03 21:00:00,0.5543103448275862,6,580,21,0,1
SF000901,2025-03-03 22:00:00,0.47126436781609193,6,580,22,0,1
SF000901,2025-03-03 23:00:00,0.3925287356321839,6,580,23,0,1
SF000901,2025-03-04 00:00:00,0.3577586206896552,6,580,0,1,1
SF000901,2025-03-04 01:00:00,0.32155172413793104,6,580,1,1,1
SF000901,2025-03-04 02:00:00,0.26695402298850573,6,580,2,1,1
SF000901,2025-03-04 03:00:00,0.23879310344827587,2,580,3,1,1
SF000901,2025-04-07 00:00:00,0.34022988505747126,6,580,0,0,1
SF000901,2025-04-07 06:00:00,0.22126436781609193,6,580,6,0,1
SF000901,2025-04-07 12:00:00,0.4209770114942529,6,580,12,0,1
SF000901,2025-04-07 18:00:00,0.5307471264367817,6,580,18,0,1
SF000901,2025-04-08 00:00:00,0.35718390804597705,6,580,0,1,1
SF000901,2025-04-08 06:00:00,0.24971264367816093,6,580,6,1,1
SF000901,2025-04-08 12:00:00,0.457183908045977,6,580,12,1,1
SF000901,2025-04-08 18:00:00,0.5451149425287357,6,580,18,1,1
SF000901,2025-04-09 00:00:00,0.342816091954023,6,580,0,2,1
SF000901,2025-04-09 06:00:00,0.24568965517241378,6,580,6,2,1
SF000901,2025-04-09 12:00:00,0.43505747126436783,6,580,12,2,1
SF000901,2025-04-09 18:00:00,0.600287356321839,6,580,18,2,1
SF000901,2025-04-10 00:00:00,0.34770114942528735,6,580,0,3,1
SF000901,2025-04-10 06:00:00,0.25431034482758624,6,580,6,3,1
SF000901,2025-04-10 12:00:00,0.457183908045977,6,580,12,3,1
SF000901,2025-04-10 18:00:00,0.6014367816091953,6,580,18,3,1
SF000901,2025-04-11 00:00:00,0.3491379310344827,6,580,0,4,1
SF000901,2025-04-11 06:00:00,0.2660919540229885,6,580,6,4,1
SF000901,2025-04-11 12:00:00,0.48390804597701154,6,580,12,4,1
SF000901,2025-04-11 18:00:00,0.6652298850574713,6,580,18,4,1
SF000901,2025-04-12 00:00:00,0.4247126436781609,6,580,0,5,0
SF000901,2025-04-12 06:00:00,0.34626436781609193,6,580,6,5,0
SF000901,2025-04-12 12:00:00,0.5192528735632184,6,580,12,5,0
SF000901,2025-04-12 18:00:00,0.7410919540229886,6,580,18,5,0
SF000901,2025-04-13 00:00:00,0.4916666666666667,6,580,0,6,0
SF000901,2025-04-13 06:00:00,0.36609195402298855,6,580,6,6,0
SF000901,2025-04-13 12:00:00,0.4778735632183908,6,580,12,6,0
SF000901,2025-04-13 18:00:00,0.5954022988505747,6,580,18,6,0
SF000902,2025-03-02 21:00:00,0.3628571428571429,2,350,21,6,0
SF000902,2025-03-02 22:00:00,0.3438095238095238,6,350,22,6,0
SF000902,2025-03-02 23:00:00,0.30714285714285716,6,350,23,6,0
SF000902,2025-03-03 00:00:00,0.24761904761904763,6,350,0,0,1
SF000902,2025-03-03 01:00:00,0.22428571428571428,6,350,1,0,1
SF000902,2025-03-03 02:00:00,0.22,6,350,2,0,1
SF000902,2025-03-03 03:00:00,0.22428571428571428,6,350,3,0,1
SF000902,2025-03-03 04:00:00,0.22285714285714286,6,350,4,0,1
SF000902,2025-03-03 05:00:00,0.21571428571428572,6,350,5,0,1
SF000902,2025-03-03 06:00:00,0.2219047619047619,6,350,6,0,1
SF000902,2025-03-03 07:00:00,0.2204761904761905,6,350,7,0,1
SF000902,2025-03-03 08:00:00,0.2204761904761905,6,350,8,0,1
SF000902,2025-03-03 09:00:00,0.23904761904761906,6,350,9,0,1
SF000902,2025-03-03 10:00:00,0.2614285714285714,6,350,10,0,1
SF000902,2025-03-03 11:00:00,0.26904761904761904,6,350,11,0,1
SF000902,2025-03-03 12:00:00,0.2880952380952381,6,350,12,0,1
SF000902,2025-03-03 13:00:00,0.30428571428571427,6,350,13,0,1
SF000902,2025-03-03 14:00:00,0.3361904761904762,6,350,14,0,1
SF000902,2025-03-03 15:00:00,0.3357142857142857,6,350,15,0,1
SF000902,2025-03-03 16:00:00,0.3666666666666667,6,350,16,0,1
SF000902,2025-03-03 17:00:00,0.3880952380952381,6,350,17,0,1
SF000902,2025-03-03 18:00:00,0.4161904761904762,6,350,18,0,1
SF000902,2025-03-03 19:00:00,0.4566666666666667,6,350,19,0,1
SF000902,2025-03-03 20:00:00,0.4471428571428571,6,350,20,0,1
SF000902,2025-03-03 21:00:00,0.4338095238095238,6,350,21,0,1
SF000902,2025-03-03 22:00:00,0.4047619047619047,6,350,22,0,1
SF000902,2025-03-03 23:00:00,0.3495238095238095,6,350,23,0,1
SF000902,2025-03-04 00:00:00,0.2580952380952381,6,350,0,1,1
SF000902,2025-03-04 01:00:00,0.22142857142857142,6,350,1,1,1
SF000902,2025-03-04 02:00:00,0.22333333333333336,6,350,2,1,1
SF000902,2025-03-04 03:00:00,0.2257142857142857,2,350,3,1,1
SF000902,2025-04-07 00:00:00,0.28095238095238095,6,350,0,0,1
SF000902,2025-04-07 06:00:00,0.21571428571428572,6,350,6,0,1
SF000902,2025-04-07 12:00:00,0.3004761904761905,6,350,12,0,1
SF000902,2025-04-07 18:00:00,0.38047619047619047,6,350,18,0,1
SF000902,2025-04-08 00:00:00,0.2957142857142857,6,350,0,1,1
SF000902,2025-04-08 06:00:00,0.2238095238095238,6,350,6,1,1
SF000902,2025-04-08 12:00:00,0.3080952380952381,6,350,12,1,1
SF000902,2025-04-08 18:00:00,0.3661904761904762,6,350,18,1,1
SF000902,2025-04-09 00:00:00,0.2652380952380952,6,350,0,2,1
SF000902,2025-04-09 06:00:00,0.21904761904761905,6,350,6,2,1
SF000902,2025-04-09 12:00:00,0.30333333333333334,6,350,12,2,1
SF000902,2025-04-09 18:00:00,0.39095238095238094,6,350,18,2,1
SF000902,2025-04-10 00:00:00,0.30809523809523814,6,350,0,3,1
SF000902,2025-04-10 06:00:00,0.21857142857142856,6,350,6,3,1
SF000902,2025-04-10 12:00:00,0.31142857142857144,6,350,12,3,1
SF000902,2025-04-10 18:00:00,0.4919047619047619,6,350,18,3,1
SF000902,2025-04-11 00:00:00,0.3719047619047619,6,350,0,4,1
SF000902,2025-04-11 06:00:00,0.2333333333333333,6,350,6,4,1
SF000902,2025-04-11 12:00:00,0.34047619047619043,6,350,12,4,1
SF000902,2025-04-11 18:00:00,0.3819047619047619,6,350,18,4,1
SF000902,2025-04-12 00:00:00,0.30952380952380953,6,350,0,5,0
SF000902,2025-04-12 06:00:00,0.22,6,350,6,5,0
SF000902,2025-04-12 12:00:00,0.28,6,350,12,5,0
SF000902,2025-04-12 18:00:00,0.40285714285714286,6,350,18,5,0
SF000902,2025-04-13 00:00:00,0.3385714285714286,6,350,0,6,0
SF000902,2025-04-13 06:00:00,0.22285714285714286,6,350,6,6,0
SF000902,2025-04-13 12:00:00,0.28714285714285714,6,350,12,6,0
SF000902,2025-04-13 18:00:00,0.4871428571428571,6,350,18,6,0
SF000903,2025-03-02 21:00:00,0.2632075471698113,2,530,21,6,0
SF000903,2025-03-02 22:00:00,0.2383647798742138,6,530,22,6,0
SF000903,2025-03-02 23:00:00,0.21352201257861636,6,530,23,6,0
SF000903,2025-03-03 00:00:00,0.19433962264150942,6,530,0,0,1
SF000903,2025-03-03 01:00:00,0.19528301886792454,6,530,1,0,1
SF000903,2025-03-03 02:00:00,0.1937106918238994,6,530,2,0,1
SF000903,2025-03-03 03:00:00,0.1959119496855346,6,530,3,0,1
SF000903,2025-03-03 04:00:00,0.19654088050314467,6,530,4,0,1
SF000903,2025-03-03 05:00:00,0.19465408805031448,6,530,5,0,1
SF000903,2025-03-03 06:00:00,0.19622641509433966,6,530,6,0,1
SF000903,2025-03-03 07:00:00,0.19654088050314467,6,530,7,0,1
SF000903,2025-03-03 08:00:00,0.19465408805031448,6,530,8,0,1
SF000903,2025-03-03 09:00:00,0.19339622641509435,6,530,9,0,1
SF000903,2025-03-03 10:00:00,0.20503144654088054,6,530,10,0,1
SF000903,2025-03-03 11:00:00,0.26257861635220126,6,530,11,0,1
SF000903,2025-03-03 12:00:00,0.31069182389937106,6,530,12,0,1
SF000903,2025-03-03 13:00:00,0.289937106918239,6,530,13,0,1
SF000903,2025-03-03 14:00:00,0.3031446540880503,6,530,14,0,1
SF000903,2025-03-03 15:00:00,0.32044025157232703,6,530,15,0,1
SF000903,2025-03-03 16:00:00,0.33742138364779867,6,530,16,0,1
SF000903,2025-03-03 17:00:00,0.32044025157232703,6,530,17,0,1
SF000903,2025-03-03 18:00:00,0.3754716981132076,6,530,18,0,1
SF000903,2025-03-03 19:00:00,0.3924528301886792,6,530,19,0,1
SF000903,2025-03-03 20:00:00,0.34245283018867917,6,530,20,0,1
SF000903,2025-03-03 21:00:00,0.27955974842767295,6,530,21,0,1
SF000903,2025-03-03 22:00:00,0.25440251572327044,6,530,22,0,1
SF000903,2025-03-03 23:00:00,0.2333333333333333,6,530,23,0,1
SF000903,2025-03-04 00:00:00,0.20220125786163523,6,530,0,1,1
SF000903,2025-03-04 01:00:00,0.19654088050314467,6,530,1,1,1
SF000903,2025-03-04 02:00:00,0.1959119496855346,6,530,2,1,1
SF000903,2025-03-04 03:00:00,0.19433962264150945,2,530,3,1,1
SF000903,2025-04-07 00:00:00,0.19433962264150942,6,530,0,0,1
SF000903,2025-04-07 06:00:00,0.19622641509433966,6,530,6,0,1
SF000903,2025-04-07 12:00:00,0.3119496855345912,6,530,12,0,1
SF000903,2025-04-07 18:00:00,0.32044025157232703,6,530,18,0,1
SF000903,2025-04-08 00:00:00,0.20974842767295598,6,530,0,1,1
SF000903,2025-04-08 06:00:00,0.19842767295597485,6,530,6,1,1
SF000903,2025-04-08 12:00:00,0.3437106918238994,6,530,12,1,1
SF000903,2025-04-08 18:00:00,0.3172955974842767,6,530,18,1,1
SF000903,2025-04-09 00:00:00,0.20031446540880504,6,530,0,2,1
SF000903,2025-04-09 06:00:00,0.1977987421383648,6,530,6,2,1
SF000903,2025-04-09 12:00:00,0.31855345911949684,6,530,12,2,1
SF000903,2025-04-09 18:00:00,0.30062893081761005,6,530,18,2,1
SF000903,2025-04-10 00:00:00,0.1974842767295598,6,530,0,3,1
SF000903,2025-04-10 06:00:00,0.19496855345911954,6,530,6,3,1
SF000903,2025-04-10 12:00:00,0.2861635220125786,6,530,12,3,1
SF000903,2025-04-10 18:00:00,0.3210691823899371,6,530,18,3,1
SF000903,2025-04-11 00:00:00,0.1974842767295598,6,530,0,4,1
SF000903,2025-04-11 06:00:00,0.20000000000000004,6,530,6,4,1
SF000903,2025-04-11 12:00:00,0.31572327044025156,6,530,12,4,1
SF000903,2025-04-11 18:00:00,0.34779874213836476,6,530,18,4,1
SF000903,2025-04-12 00:00:00,0.19716981132075473,6,530,0,5,0
SF000903,2025-04-12 06:00:00,0.19842767295597485,6,530,6,5,0
SF000903,2025-04-12 12:00:00,0.44245283018867926,6,530,12,5,0
SF000903,2025-04-12 18:00:00,0.5015723270440252,6,530,18,5,0
SF000903,2025-04-13 00:00:00,0.19968553459119498,6,530,0,6,0
SF000903,2025-04-13 06:00:00,0.19685534591194967,6,530,6,6,0
SF000903,2025-04-13 12:00:00,0.4279874213836478,6,530,12,6,0
SF000903,2025-04-13 18:00:00,0.4207547169811321,6,530,18,6,0
SF00104,2025-03-02 21:00:00,0.5700000000000001,2,50,21,6,0
SF00104,2025-03-02 22:00:00,0.6066666666666667,6,50,22,6,0
SF00104,2025-03-02 23:00:00,0.9033333333333333,6,50,23,6,0
SF00104,2025-03-03 00:00:00,0.3233333333333333,6,50,0,0,1
SF00104,2025-03-03 01:00:00,0.19666666666666666,6,50,1,0,1
SF00104,2025-03-03 02:00:00,0.19333333333333333,6,50,2,0,1
SF00104,2025-03-03 03:00:00,0.19333333333333333,6,50,3,0,1
SF00104,2025-03-03 04:00:00,0.21,6,50,4,0,1
SF00104,2025-03-03 05:00:00,0.21333333333333335,6,50,5,0,1
SF00104,2025-03-03 06:00:00,0.3,6,50,6,0,1
SF00104,2025-03-03 07:00:00,0.2966666666666667,6,50,7,0,1
SF00104,2025-03-03 08:00:00,0.35000000000000003,6,50,8,0,1
SF00104,2025-03-03 09:00:00,0.3666666666666667,6,50,9,0,1
SF00104,2025-03-03 10:00:00,0.43,6,50,10,0,1
SF00104,2025-03-03 11:00:00,0.43333333333333335,6,50,11,0,1
SF00104,2025-03-03 12:00:00,0.37999999999999995,6,50,12,0,1
SF00104,2025-03-03 13:00:00,0.37333333333333335,6,50,13,0,1
SF00104,2025-03-03 14:00:00,0.44333333333333336,6,50,14,0,1
SF00104,2025-03-03 15:00:00,0.36000000000000004,6,50,15,0,1
SF00104,2025-03-03 16:00:00,0.58,6,50,16,0,1
SF00104,2025-03-03 17:00:00,0.59,6,50,17,0,1
SF00104,2025-03-03 18:00:00,0.57,6,50,18,0,1
SF00104,2025-03-03 19:00:00,0.61,6,50,19,0,1
SF00104,2025-03-03 20:00:00,0.5866666666666667,6,50,20,0,1
SF00104,2025-03-03 21:00:00,0.6366666666666667,6,50,21,0,1
SF00104,2025-03-03 22:00:00,0.5733333333333334,6,50,22,0,1
SF00104,2025-03-03 23:00:00,0.8833333333333333,6,50,23,0,1
SF00104,2025-03-04 00:00:00,0.3233333333333333,6,50,0,1,1
SF00104,2025-03-04 01:00:00,0.21333333333333335,6,50,1,1,1
SF00104,2025-03-04 02:00:00,0.21333333333333335,6,50,2,1,1
SF00104,2025-03-04 03:00:00,0.21000000000000002,2,50,3,1,1
SF00104,2025-04-07 00:00:00,0.32666666666666666,6,50,0,0,1
SF00104,2025-04-07 06:00:00,0.31333333333333335,6,50,6,0,1
SF00104,2025-04-07 12:00:00,0.43,6,50,12,0,1
SF00104,2025-04-07 18:00:00,0.66,6,50,18,0,1
SF00104,2025-04-08 00:00:00,0.32,6,50,0,1,1
SF00104,2025-04-08 06:00:00,0.2866666666666667,6,50,6,1,1
SF00104,2025-04-08 12:00:00,0.3833333333333333,6,50,12,1,1
SF00104,2025-04-08 18:00:00,0.5633333333333334,6,50,18,1,1
SF00104,2025-04-09 00:00:00,0.34,6,50,0,2,1
SF00104,2025-04-09 06:00:00,0.27,6,50,6,2,1
SF00104,2025-04-09 12:00:00,0.4566666666666667,6,50,12,2,1
SF00104,2025-04-09 18:00:00,0.6066666666666667,6,50,18,2,1
SF00104,2025-04-10 00:00:00,0.34,6,50,0,3,1
SF00104,2025-04-10 06:00:00,0.29333333333333333,6,50,6,3,1
SF00104,2025-04-10 12:00:00,0.42333333333333334,6,50,12,3,1
SF00104,2025-04-10 18:00:00,0.5966666666666667,6,50,18,3,1
SF00104,2025-04-11 00:00:00,0.32666666666666666,6,50,0,4,1
SF00104,2025-04-11 06:00:00,0.2966666666666667,6,50,6,4,1
SF00104,2025-04-11 12:00:00,0.57,6,50,12,4,1
SF00104,2025-04-11 18:00:00,0.8566666666666668,6,50,18,4,1
SF00104,2025-04-12 00:00:00,0.32666666666666666,6,50,0,5,0
SF00104,2025-04-12 06:00:00,0.3,6,50,6,5,0
SF00104,2025-04-12 12:00:00,0.6133333333333334,6,50,12,5,0
SF00104,2025-04-12 18:00:00,0.8799999999999999,6,50,18,5,0
SF00104,2025-04-13 00:00:00,0.3433333333333333,6,50,0,6,0
SF00104,2025-04-13 06:00:00,0.31666666666666665,6,50,6,6,0
SF00104,2025-04-13 12:00:00,0.6166666666666667,6,50,12,6,0
SF00104,2025-04-13 18:00:00,0.9366666666666666,6,50,18,6,0
SF001041,2025-03-02 21:00:00,0.06666666666666667,2,90,21,6,0
SF001041,2025-03-02 22:00:00,0.06666666666666667,6,90,22,6,0
SF001041,2025-03-02 23:00:00,0.06666666666666667,6,90,23,6,0
SF001041,2025-03-03 00:00:00,0.06666666666666667,6,90,0,0,1
SF001041,2025-03-03 01:00:00,0.06666666666666667,6,90,1,0,1
SF001041,2025-03-03 02:00:00,0.06666666666666667,6,90,2,0,1
SF001041,2025-03-03 03:00:00,0.06666666666666667,6,90,3,0,1
SF001041,2025-03-03 04:00:00,0.06666666666666667,6,90,4,0,1
SF001041,2025-03-03 05:00:00,0.06666666666666667,6,90,5,0,1
SF001041,2025-03-03 06:00:00,0.06666666666666667,6,90,6,0,1
SF001041,2025-03-03 07:00:00,0.06666666666666667,6,90,7,0,1
SF001041,2025-03-03 08:00:00,0.06666666666666667,6,90,8,0,1
SF001041,2025-03-03 09:00:00,0.06666666666666667,6,90,9,0,1
SF001041,2025-03-03 10:00:00,0.06666666666666667,6,90,10,0,1
SF001041,2025-03-03 11:00:00,0.06666666666666667,6,90,11,0,1
SF001041,2025-03-03 12:00:00,0.06666666666666667,6,90,12,0,1
SF001041,2025-03-03 13:00:00,0.06666666666666667,6,90,13,0,1
SF001041,2025-03-03 14:00:00,0.06666666666666667,6,90,14,0,1
SF001041,2025-03-03 15:00:00,0.06666666666666667,6,90,15,0,1
SF001041,2025-03-03 16:00:00,0.06666666666666667,6,90,16,0,1
SF001041,2025-03-03 17:00:00,0.06666666666666667,6,90,17,0,1
SF001041,2025-03-03 18:00:00,0.06666666666666667,6,90,18,0,1
SF001041,2025-03-03 19:00:00,0.06666666666666667,6,90,19,0,1
SF001041,2025-03-03 20:00:00,0.06666666666666667,6,90,20,0,1
SF001041,2025-03-03 21:00:00,0.06666666666666667,6,90,21,0,1
SF001041,2025-03-03 22:00:00,0.06666666666666667,6,90,22,0,1
SF001041,2025-03-03 23:00:00,0.06666666666666667,6,90,23,0,1
SF001041,2025-03-04 00:00:00,0.06666666666666667,6,90,0,1,1
SF001041,2025-03-04 01:00:00,0.06666666666666667,6,90,1,1,1
SF001041,2025-03-04 02:00:00,0.06666666666666667,6,90,2,1,1
SF001041,2025-03-04 03:00:00,0.06666666666666667,2,90,3,1,1
SF001041,2025-04-07 00:00:00,0.06666666666666667,6,90,0,0,1
SF001041,2025-04-07 06:00:00,0.06666666666666667,6,90,6,0,1
SF001041,2025-04-07 12:00:00,0.06666666666666667,6,90,12,0,1
SF001041,2025-04-07 18:00:00,0.06666666666666667,6,90,18,0,1
SF001041,2025-04-08 00:00:00,0.06666666666666667,6,90,0,1,1
SF001041,2025-04-08 06:00:00,0.06666666666666667,6,90,6,1,1
SF001041,2025-04-08 12:00:00,0.06666666666666667,6,90,12,1,1
SF001041,2025-04-08 18:00:00,0.06666666666666667,6,90,18,1,1
SF001041,2025-04-09 00:00:00,0.06666666666666667,6,90,0,2,1
SF001041,2025-04-09 06:00:00,0.06666666666666667,6,90,6,2,1
SF001041,2025-04-09 12:00:00,0.06666666666666667,6,90,12,2,1
SF001041,2025-04-09 18:00:00,0.06666666666666667,6,90,18,2,1
SF001041,2025-04-10 00:00:00,0.06666666666666667,6,90,0,3,1
SF001041,2025-04-10 06:00:00,0.06666666666666667,6,90,6,3,1
SF001041,2025-04-10 12:00:00,0.06666666666666667,6,90,12,3,1
SF001041,2025-04-10 18:00:00,0.06666666666666667,6,90,18,3,1
SF001041,2025-04-11 00:00:00,0.06666666666666667,6,90,0,4,1
SF001041,2025-04-11 06:00:00,0.06666666666666667,6,90,6,4,1
SF001041,2025-04-11 12:00:00,0.06666666666666667,6,90,12,4,1
SF001041,2025-04-11 18:00:00,0.06666666666666667,6,90,18,4,1
SF001041,2025-04-12 00:00:00,0.06666666666666667,6,90,0,5,0
SF001041,2025-04-12 06:00:00,0.06666666666666667,6,90,6,5,0
SF001041,2025-04-12 12:00:00,0.06666666666666667,6,90,12,5,0
SF001041,2025-04-12 18:00:00,0.06666666666666667,6,90,18,5,0
SF001041,2025-04-13 00:00:00,0.06666666666666667,6,90,0,6,0
SF001041,2025-04-13 06:00:00,0.06666666666666667,6,90,6,6,0
SF001041,2025-04-13 12:00:00,0.06666666666666667,6,90,12,6,0
SF001041,2025-04-13 18:00:00,0.06666666666666667,6,90,18,6,0
SF00107,2025-03-02 21:00:00,0.9524999999999999,2,200,21,6,0
SF00107,2025-03-02 22:00:00,0.9341666666666667,6,200,22,6,0
SF00107,2025-03-02 23:00:00,0.8266666666666667,6,200,23,6,0
SF00107,2025-03-03 00:00:00,0.7133333333333334,6,200,0,0,1
SF00107,2025-03-03 01:00:00,0.6116666666666667,6,200,1,0,1
SF00107,2025-03-03 02:00:00,0.5275,6,200,2,0,1
SF00107,2025-03-03 03:00:00,0.4725,6,200,3,0,1
SF00107,2025-03-03 04:00:00,0.3983333333333334,6,200,4,0,1
SF00107,2025-03-03 05:00:00,0.36833333333333335,6,200,5,0,1
SF00107,2025-03-03 06:00:00,0.3575,6,200,6,0,1
SF00107,2025-03-03 07:00:00,0.3758333333333333,6,200,7,0,1
SF00107,2025-03-03 08:00:00,0.41083333333333333,6,200,8,0,1
SF00107,2025-03-03 09:00:00,0.4075,6,200,9,0,1
SF00107,2025-03-03 10:00:00,0.4175,6,200,10,0,1
SF00107,2025-03-03 11:00:00,0.44416666666666665,6,200,11,0,1
SF00107,2025-03-03 12:00:00,0.49333333333333335,6,200,12,0,1
SF00107,2025-03-03 13:00:00,0.5516666666666666,6,200,13,0,1
SF00107,2025-03-03 14:00:00,0.605,6,200,14,0,1
SF00107,2025-03-03 15:00:00,0.6133333333333333,6,200,15,0,1
SF00107,2025-03-03 16:00:00,0.5824999999999999,6,200,16,0,1
SF00107,2025-03-03 17:00:00,0.5083333333333333,6,200,17,0,1
SF00107,2025-03-03 18:00:00,0.5283333333333333,6,200,18,0,1
SF00107,2025-03-03 19:00:00,0.6116666666666667,6,200,19,0,1
SF00107,2025-03-03 20:00:00,0.7258333333333334,6,200,20,0,1
SF00107,2025-03-03 21:00:00,0.7491666666666666,6,200,21,0,1
SF00107,2025-03-03 22:00:00,0.6633333333333333,6,200,22,0,1
SF00107,2025-03-03 23:00:00,0.5758333333333333,6,200,23,0,1
SF00107,2025-03-04 00:00:00,0.5575,6,200,0,1,1
SF00107,2025-03-04 01:00:00,0.5508333333333334,6,200,1,1,1
SF00107,2025-03-04 02:00:00,0.5416666666666666,6,200,2,1,1
SF00107,2025-03-04 03:00:00,0.535,2,200,3,1,1
SF00107,2025-04-07 00:00:00,0.9899999999999999,6,200,0,0,1
SF00107,2025-04-07 06:00:00,0.9899999999999999,6,200,6,0,1
SF00107,2025-04-07 12:00:00,0.9899999999999999,6,200,12,0,1
SF00107,2025-04-07 18:00:00,0.9899999999999999,6,200,18,0,1
SF00107,2025-04-08 00:00:00,0.9899999999999999,6,200,0,1,1
SF00107,2025-04-08 06:00:00,0.9899999999999999,6,200,6,1,1
SF00107,2025-04-08 12:00:00,0.9899999999999999,6,200,12,1,1
SF00107,2025-04-08 18:00:00,0.9899999999999999,6,200,18,1,1
SF00107,2025-04-09 00:00:00,0.9575,6,200,0,2,1
SF00107,2025-04-09 06:00:00,0.5558333333333333,6,200,6,2,1
SF00107,2025-04-09 12:00:00,0.8466666666666667,6,200,12,2,1
SF00107,2025-04-09 18:00:00,0.8175,6,200,18,2,1
SF00107,2025-04-10 00:00:00,0.7733333333333334,6,200,0,3,1
SF00107,2025-04-10 06:00:00,0.6758333333333334,6,200,6,3,1
SF00107,2025-04-10 12:00:00,0.7925,6,200,12,3,1
SF00107,2025-04-10 18:00:00,0.8483333333333333,6,200,18,3,1
SF00107,2025-04-11 00:00:00,0.8658333333333333,6,200,0,4,1
SF00107,2025-04-11 06:00:00,0.71,6,200,6,4,1
SF00107,2025-04-11 12:00:00,0.9899999999999999,6,200,12,4,1
SF00107,2025-04-11 18:00:00,0.9899999999999999,6,200,18,4,1
SF00107,2025-04-12 00:00:00,0.9899999999999999,6,200,0,5,0
SF00107,2025-04-12 06:00:00,0.9899999999999999,6,200,6,5,0
SF00107,2025-04-12 12:00:00,0.9899999999999999,6,200,12,5,0
SF00107,2025-04-12 18:00:00,0.9899999999999999,6,200,18,5,0
SF00107,2025-04-13 00:00:00,0.9899999999999999,6,200,0,6,0
SF00107,2025-04-13 06:00:00,0.9899999999999999,6,200,6,6,0
SF00107,2025-04-13 12:00:00,0.9899999999999999,6,200,12,6,0
SF00107,2025-04-13 18:00:00,0.9899999999999999,6,200,18,6,0
SF00118,2025-03-02 21:00:00,0.605,2,100,21,6,0
SF00118,2025-03-02 22:00:00,0.6066666666666666,6,100,22,6,0
SF00118,2025-03-02 23:00:00,0.9133333333333332,6,100,23,6,0
SF00118,2025-03-03 00:00:00,0.3283333333333333,6,100,0,0,1
SF00118,2025-03-03 01:00:00,0.19999999999999998,6,100,1,0,1
SF00118,2025-03-03 02:00:00,0.20166666666666666,6,100,2,0,1
SF00118,2025-03-03 03:00:00,0.20333333333333334,6,100,3,0,1
SF00118,2025-03-03 04:00:00,0.19333333333333333,6,100,4,0,1
SF00118,2025-03-03 05:00:00,0.205,6,100,5,0,1
SF00118,2025-03-03 06:00:00,0.305,6,100,6,0,1
SF00118,2025-03-03 07:00:00,0.3016666666666667,6,100,7,0,1
SF00118,2025-03-03 08:00:00,0.375,6,100,8,0,1
SF00118,2025-03-03 09:00:00,0.4183333333333334,6,100,9,0,1
SF00118,2025-03-03 10:00:00,0.4033333333333333,6,100,10,0,1
SF00118,2025-03-03 11:00:00,0.3983333333333334,6,100,11,0,1
SF00118,2025-03-03 12:00:00,0.395,6,100,12,0,1
SF00118,2025-03-03 13:00:00,0.37999999999999995,6,100,13,0,1
SF00118,2025-03-03 14:00:00,0.41333333333333333,6,100,14,0,1
SF00118,2025-03-03 15:00:00,0.4066666666666667,6,100,15,0,1
SF00118,2025-03-03 16:00:00,0.5466666666666667,6,100,16,0,1
SF00118,2025-03-03 17:00:00,0.6183333333333333,6,100,17,0,1
SF00118,2025-03-03 18:00:00,0.6083333333333334,6,100,18,0,1
SF00118,2025-03-03 19:00:00,0.5716666666666667,6,100,19,0,1
SF00118,2025-03-03 20:00:00,0.6033333333333334,6,100,20,0,1
SF00118,2025-03-03 21:00:00,0.6016666666666667,6,100,21,0,1
SF00118,2025-03-03 22:00:00,0.5866666666666667,6,100,22,0,1
SF00118,2025-03-03 23:00:00,0.9183333333333333,6,100,23,0,1
SF00118,2025-03-04 00:00:00,0.325,6,100,0,1,1
SF00118,2025-03-04 01:00:00,0.19666666666666666,6,100,1,1,1
SF00118,2025-03-04 02:00:00,0.205,6,100,2,1,1
SF00118,2025-03-04 03:00:00,0.21000000000000002,2,100,3,1,1
SF00118,2025-04-07 00:00:00,0.3233333333333333,6,100,0,0,1
SF00118,2025-04-07 06:00:00,0.27666666666666667,6,100,6,0,1
SF00118,2025-04-07 12:00:00,0.365,6,100,12,0,1
SF00118,2025-04-07 18:00:00,0.6083333333333333,6,100,18,0,1
SF00118,2025-04-08 00:00:00,0.32666666666666666,6,100,0,1,1
SF00118,2025-04-08 06:00:00,0.255,6,100,6,1,1
SF00118,2025-04-08 12:00:00,0.4066666666666667,6,100,12,1,1
SF00118,2025-04-08 18:00:00,0.595,6,100,18,1,1
SF00118,2025-04-09 00:00:00,0.3233333333333333,6,100,0,2,1
SF00118,2025-04-09 06:00:00,0.295,6,100,6,2,1
SF00118,2025-04-09 12:00:00,0.41,6,100,12,2,1
SF00118,2025-04-09 18:00:00,0.57,6,100,18,2,1
SF00118,2025-04-10 00:00:00,0.33,6,100,0,3,1
SF00118,2025-04-10 06:00:00,0.26,6,100,6,3,1
SF00118,2025-04-10 12:00:00,0.395,6,100,12,3,1
SF00118,2025-04-10 18:00:00,0.595,6,100,18,3,1
SF00118,2025-04-11 00:00:00,0.32666666666666666,6,100,0,4,1
SF00118,2025-04-11 06:00:00,0.2816666666666667,6,100,6,4,1
SF00118,2025-04-11 12:00:00,0.6183333333333333,6,100,12,4,1
SF00118,2025-04-11 18:00:00,0.8833333333333333,6,100,18,4,1
SF00118,2025-04-12 00:00:00,0.33166666666666667,6,100,0,5,0
SF00118,2025-04-12 06:00:00,0.26666666666666666,6,100,6,5,0
SF00118,2025-04-12 12:00:00,0.6016666666666667,6,100,12,5,0
SF00118,2025-04-12 18:00:00,0.9,6,100,18,5,0
SF00118,2025-04-13 00:00:00,0.33,6,100,0,6,0
SF00118,2025-04-13 06:00:00,0.2816666666666667,6,100,6,6,0
SF00118,2025-04-13 12:00:00,0.6066666666666666,6,100,12,6,0
SF00118,2025-04-13 18:00:00,0.9083333333333333,6,100,18,6,0
SF00119,2025-03-02 21:00:00,0.45999999999999996,2,50,21,6,0
SF00119,2025-03-02 22:00:00,0.39999999999999997,6,50,22,6,0
SF00119,2025-03-02 23:00:00,0.87,6,50,23,6,0
SF00119,2025-03-03 00:00:00,0.3466666666666667,6,50,0,0,1
SF00119,2025-03-03 01:00:00,0.21666666666666667,6,50,1,0,1
SF00119,2025-03-03 02:00:00,0.20333333333333334,6,50,2,0,1
SF00119,2025-03-03 03:00:00,0.19000000000000003,6,50,3,0,1
SF00119,2025-03-03 04:00:00,0.20666666666666667,6,50,4,0,1
SF00119,2025-03-03 05:00:00,0.20666666666666667,6,50,5,0,1
SF00119,2025-03-03 06:00:00,0.2866666666666667,6,50,6,0,1
SF00119,2025-03-03 07:00:00,0.6333333333333333,6,50,7,0,1
SF00119,2025-03-03 08:00:00,0.93,6,50,8,0,1
SF00119,2025-03-03 09:00:00,0.96,6,50,9,0,1
SF00119,2025-03-03 10:00:00,0.89,6,50,10,0,1
SF00119,2025-03-03 11:00:00,0.9066666666666666,6,50,11,0,1
SF00119,2025-03-03 12:00:00,0.9066666666666666,6,50,12,0,1
SF00119,2025-03-03 13:00:00,0.8666666666666667,6,50,13,0,1
SF00119,2025-03-03 14:00:00,0.9366666666666666,6,50,14,0,1
SF00119,2025-03-03 15:00:00,0.96,6,50,15,0,1
SF00119,2025-03-03 16:00:00,0.6699999999999999,6,50,16,0,1
SF00119,2025-03-03 17:00:00,0.57,6,50,17,0,1
SF00119,2025-03-03 18:00:00,0.5866666666666667,6,50,18,0,1
SF00119,2025-03-03 19:00:00,0.6066666666666667,6,50,19,0,1
SF00119,2025-03-03 20:00:00,0.38999999999999996,6,50,20,0,1
SF00119,2025-03-03 21:00:00,0.37000000000000005,6,50,21,0,1
SF00119,2025-03-03 22:00:00,0.37000000000000005,6,50,22,0,1
SF00119,2025-03-03 23:00:00,0.8766666666666666,6,50,23,0,1
SF00119,2025-03-04 00:00:00,0.33666666666666667,6,50,0,1,1
SF00119,2025-03-04 01:00:00,0.22333333333333336,6,50,1,1,1
SF00119,2025-03-04 02:00:00,0.22,6,50,2,1,1
SF00119,2025-03-04 03:00:00,0.18,2,50,3,1,1
SF00119,2025-04-07 00:00:00,0.32666666666666666,6,50,0,0,1
SF00119,2025-04-07 06:00:00,0.3166666666666667,6,50,6,0,1
SF00119,2025-04-07 12:00:00,0.9066666666666666,6,50,12,0,1
SF00119,2025-04-07 18:00:00,0.5633333333333334,6,50,18,0,1
SF00119,2025-04-08 00:00:00,0.3233333333333333,6,50,0,1,1
SF00119,2025-04-08 06:00:00,0.2733333333333334,6,50,6,1,1
SF00119,2025-04-08 12:00:00,0.9266666666666666,6,50,12,1,1
SF00119,2025-04-08 18:00:00,0.5833333333333334,6,50,18,1,1
SF00119,2025-04-09 00:00:00,0.31,6,50,0,2,1
SF00119,2025-04-09 06:00:00,0.2733333333333334,6,50,6,2,1
SF00119,2025-04-09 12:00:00,0.89,6,50,12,2,1
SF00119,2025-04-09 18:00:00,0.58,6,50,18,2,1
SF00119,2025-04-10 00:00:00,0.3233333333333333,6,50,0,3,1
SF00119,2025-04-10 06:00:00,0.2733333333333334,6,50,6,3,1
SF00119,2025-04-10 12:00:00,0.85,6,50,12,3,1
SF00119,2025-04-10 18:00:00,0.6233333333333334,6,50,18,3,1
SF00119,2025-04-11 00:00:00,0.31,6,50,0,4,1
SF00119,2025-04-11 06:00:00,0.3,6,50,6,4,1
SF00119,2025-04-11 12:00:00,0.49,6,50,12,4,1
SF00119,2025-04-11 18:00:00,0.43333333333333335,6,50,18,4,1
SF00119,2025-04-12 00:00:00,0.32666666666666666,6,50,0,5,0
SF00119,2025-04-12 06:00:00,0.22666666666666668,6,50,6,5,0
SF00119,2025-04-12 12:00:00,0.5566666666666666,6,50,12,5,0
SF00119,2025-04-12 18:00:00,0.49666666666666665,6,50,18,5,0
SF00119,2025-04-13 00:00:00,0.32666666666666666,6,50,0,6,0
SF00119,2025-04-13 06:00:00,0.23666666666666666,6,50,6,6,0
SF00119,2025-04-13 12:00:00,0.5066666666666667,6,50,12,6,0
SF00119,2025-04-13 18:00:00,0.49666666666666665,6,50,18,6,0
SF00120,2025-03-02 21:00:00,0.45185185185185184,2,270,21,6,0
SF00120,2025-03-02 22:00:00,0.44135802469135804,6,270,22,6,0
SF00120,2025-03-02 23:00:00,0.4265432098765432,6,270,23,6,0
SF00120,2025-03-03 00:00:00,0.4067901234567901,6,270,0,0,1
SF00120,2025-03-03 01:00:00,0.391358024691358,6,270,1,0,1
SF00120,2025-03-03 02:00:00,0.3796296296296296,6,270,2,0,1
SF00120,2025-03-03 03:00:00,0.3654320987654321,6,270,3,0,1
SF00120,2025-03-03 04:00:00,0.35987654320987655,6,270,4,0,1
SF00120,2025-03-03 05:00:00,0.35925925925925933,6,270,5,0,1
SF00120,2025-03-03 06:00:00,0.36172839506172844,6,270,6,0,1
SF00120,2025-03-03 07:00:00,0.387037037037037,6,270,7,0,1
SF00120,2025-03-03 08:00:00,0.39938271604938275,6,270,8,0,1
SF00120,2025-03-03 09:00:00,0.3950617283950617,6,270,9,0,1
SF00120,2025-03-03 10:00:00,0.40185185185185185,6,270,10,0,1
SF00120,2025-03-03 11:00:00,0.39814814814814814,6,270,11,0,1
SF00120,2025-03-03 12:00:00,0.4351851851851852,6,270,12,0,1
SF00120,2025-03-03 13:00:00,0.4172839506172839,6,270,13,0,1
SF00120,2025-03-03 14:00:00,0.4030864197530864,6,270,14,0,1
SF00120,2025-03-03 15:00:00,0.4160493827160494,6,270,15,0,1
SF00120,2025-03-03 16:00:00,0.43580246913580245,6,270,16,0,1
SF00120,2025-03-03 17:00:00,0.44753086419753085,6,270,17,0,1
SF00120,2025-03-03 18:00:00,0.4030864197530864,6,270,18,0,1
SF00120,2025-03-03 19:00:00,0.39814814814814814,6,270,19,0,1
SF00120,2025-03-03 20:00:00,0.34135802469135806,6,270,20,0,1
SF00120,2025-03-03 21:00:00,0.3148148148148148,6,270,21,0,1
SF00120,2025-03-03 22:00:00,0.304320987654321,6,270,22,0,1
SF00120,2025-03-03 23:00:00,0.2876543209876543,6,270,23,0,1
SF00120,2025-03-04 00:00:00,0.27901234567901234,6,270,0,1,1
SF00120,2025-03-04 01:00:00,0.2604938271604938,6,270,1,1,1
SF00120,2025-03-04 02:00:00,0.2493827160493827,6,270,2,1,1
SF00120,2025-03-04 03:00:00,0.2518518518518518,2,270,3,1,1
SF00120,2025-04-07 00:00:00,0.37777777777777777,6,270,0,0,1
SF00120,2025-04-07 06:00:00,0.3148148148148148,6,270,6,0,1
SF00120,2025-04-07 12:00:00,0.48518518518518516,6,270,12,0,1
SF00120,2025-04-07 18:00:00,0.5154320987654321,6,270,18,0,1
SF00120,2025-04-08 00:00:00,0.3351851851851852,6,270,0,1,1
SF00120,2025-04-08 06:00:00,0.2740740740740741,6,270,6,1,1
SF00120,2025-04-08 12:00:00,0.4888888888888889,6,270,12,1,1
SF00120,2025-04-08 18:00:00,0.4327160493827161,6,270,18,1,1
SF00120,2025-04-09 00:00:00,0.28271604938271605,6,270,0,2,1
SF00120,2025-04-09 06:00:00,0.2611111111111111,6,270,6,2,1
SF00120,2025-04-09 12:00:00,0.4679012345679012,6,270,12,2,1
SF00120,2025-04-09 18:00:00,0.44506172839506175,6,270,18,2,1
SF00120,2025-04-10 00:00:00,0.28456790123456793,6,270,0,3,1
SF00120,2025-04-10 06:00:00,0.26296296296296295,6,270,6,3,1
SF00120,2025-04-10 12:00:00,0.4679012345679012,6,270,12,3,1
SF00120,2025-04-10 18:00:00,0.48086419753086423,6,270,18,3,1
SF00120,2025-04-11 00:00:00,0.3117283950617284,6,270,0,4,1
SF00120,2025-04-11 06:00:00,0.2530864197530864,6,270,6,4,1
SF00120,2025-04-11 12:00:00,0.45925925925925926,6,270,12,4,1
SF00120,2025-04-11 18:00:00,0.5148148148148147,6,270,18,4,1
SF00120,2025-04-12 00:00:00,0.30246913580246915,6,270,0,5,0
SF00120,2025-04-12 06:00:00,0.2506172839506173,6,270,6,5,0
SF00120,2025-04-12 12:00:00,0.5123456790123456,6,270,12,5,0
SF00120,2025-04-12 18:00:00,0.5055555555555555,6,270,18,5,0
SF00120,2025-04-13 00:00:00,0.2882716049382716,6,270,0,6,0
SF00120,2025-04-13 06:00:00,0.25493827160493826,6,270,6,6,0
SF00120,2025-04-13 12:00:00,0.6141975308641975,6,270,12,6,0
SF00120,2025-04-13 18:00:00,0.5851851851851851,6,270,18,6,0
SF00121,2025-03-02 21:00:00,1.0,2,170,21,6,0
SF00121,2025-03-02 22:00:00,1.0,6,170,22,6,0
SF00121,2025-03-02 23:00:00,1.0,6,170,23,6,0
SF00121,2025-03-03 00:00:00,1.0,6,170,0,0,1
SF00121,2025-03-03 01:00:00,1.0,6,170,1,0,1
SF00121,2025-03-03 02:00:00,1.0,6,170,2,0,1
SF00121,2025-03-03 03:00:00,1.0,6,170,3,0,1
SF00121,2025-03-03 04:00:00,1.0,6,170,4,0,1
SF00121,2025-03-03 05:00:00,1.0,6,170,5,0,1
SF00121,2025-03-03 06:00:00,1.0,6,170,6,0,1
SF00121,2025-03-03 07:00:00,1.0,6,170,7,0,1
SF00121,2025-03-03 08:00:00,1.0,6,170,8,0,1
SF00121,2025-03-03 09:00:00,1.0,6,170,9,0,1
SF00121,2025-03-03 10:00:00,1.0,6,170,10,0,1
SF00121,2025-03-03 11:00:00,1.0,6,170,11,0,1
SF00121,2025-03-03 12:00:00,1.0,6,170,12,0,1
SF00121,2025-03-03 13:00:00,1.0,6,170,13,0,1
SF00121,2025-03-03 14:00:00,1.0,6,170,14,0,1
SF00121,2025-03-03 15:00:00,1.0,6,170,15,0,1
SF00121,2025-03-03 16:00:00,1.0,6,170,16,0,1
SF00121,2025-03-03 17:00:00,1.0,6,170,17,0,1
SF00121,2025-03-03 18:00:00,1.0,6,170,18,0,1
SF00121,2025-03-03 19:00:00,1.0,6,170,19,0,1
SF00121,2025-03-03 20:00:00,1.0,6,170,20,0,1
SF00121,2025-03-03 21:00:00,1.0,3,170,21,0,1
SF001211,2025-03-02 21:00:00,0.08888888888888889,2,180,21,6,0
SF001211,2025-03-02 22:00:00,0.08888888888888889,6,180,22,6,0
SF001211,2025-03-02 23:00:00,0.08888888888888889,6,180,23,6,0
SF001211,2025-03-03 00:00:00,0.08888888888888889,6,180,0,0,1
SF001211,2025-03-03 01:00:00,0.08888888888888889,6,180,1,0,1
SF001211,2025-03-03 02:00:00,0.08888888888888889,6,180,2,0,1
SF001211,2025-03-03 03:00:00,0.08888888888888889,6,180,3,0,1
SF001211,2025-03-03 04:00:00,0.08888888888888889,6,180,4,0,1
SF001211,2025-03-03 05:00:00,0.08888888888888889,6,180,5,0,1
SF001211,2025-03-03 06:00:00,0.08888888888888889,6,180,6,0,1
SF001211,2025-03-03 07:00:00,0.08888888888888889,6,180,7,0,1
SF001211,2025-03-03 08:00:00,0.08888888888888889,6,180,8,0,1
SF001211,2025-03-03 09:00:00,0.08888888888888889,6,180,9,0,1
SF001211,2025-03-03 10:00:00,0.08888888888888889,6,180,10,0,1
SF001211,2025-03-03 11:00:00,0.08888888888888889,6,180,11,0,1
SF001211,2025-03-03 12:00:00,0.08888888888888889,6,180,12,0,1
SF001211,2025-03-03 13:00:00,0.08888888888888889,6,180,13,0,1
SF001211,2025-03-03 14:00:00,0.08888888888888889,6,180,14,0,1
SF001211,2025-03-03 15:00:00,0.08888888888888889,6,180,15,0,1
SF001211,2025-03-03 16:00:00,0.08888888888888889,6,180,16,0,1
SF001211,2025-03-03 17:00:00,0.08888888888888889,6,180,17,0,1
SF001211,2025-03-03 18:00:00,0.08888888888888889,6,180,18,0,1
SF001211,2025-03-03 19:00:00,0.08888888888888889,6,180,19,0,1
SF001211,2025-03-03 20:00:00,0.08888888888888889,6,180,20,0,1
SF001211,2025-03-03 21:00:00,0.08888888888888889,3,180,21,0,1
SF001211,2025-04-07 00:00:00,0.08888888888888889,6,180,0,0,1
SF001211,2025-04-07 06:00:00,0.08888888888888889,6,180,6,0,1
SF001211,2025-04-07 12:00:00,0.08888888888888889,6,180,12,0,1
SF001211,2025-04-07 18:00:00,0.08888888888888889,6,180,18,0,1
SF001211,2025-04-08 00:00:00,0.08888888888888889,6,180,0,1,1
SF001211,2025-04-08 06:00:00,0.08888888888888889,6,180,6,1,1
SF001211,2025-04-08 12:00:00,0.08888888888888889,6,180,12,1,1
SF001211,2025-04-08 18:00:00,0.08888888888888889,6,180,18,1,1
SF001211,2025-04-09 00:00:00,0.08888888888888889,6,180,0,2,1
SF001211,2025-04-09 06:00:00,0.08888888888888889,6,180,6,2,1
SF001211,2025-04-09 12:00:00,0.08888888888888889,6,180,12,2,1
SF001211,2025-04-09 18:00:00,0.08888888888888889,6,180,18,2,1
SF001211,2025-04-10 00:00:00,0.08888888888888889,6,180,0,3,1
SF001211,2025-04-10 06:00:00,0.08888888888888889,6,180,6,3,1
SF001211,2025-04-10 12:00:00,0.08888888888888889,6,180,12,3,1
SF001211,2025-04-10 18:00:00,0.08888888888888889,6,180,18,3,1
SF001211,2025-04-11 00:00:00,0.08888888888888889,6,180,0,4,1
SF001211,2025-04-11 06:00:00,0.08888888888888889,6,180,6,4,1
SF001211,2025-04-11 12:00:00,0.08888888888888889,6,180,12,4,1
SF001211,2025-04-11 18:00:00,0.08888888888888889,6,180,18,4,1
SF001211,2025-04-12 00:00:00,0.08888888888888889,6,180,0,5,0
SF001211,2025-04-12 06:00:00,0.08888888888888889,6,180,6,5,0
SF001211,2025-04-12 12:00:00,0.08888888888888889,6,180,12,5,0
SF001211,2025-04-12 18:00:00,0.08888888888888889,6,180,18,5,0
SF001211,2025-04-13 00:00:00,0.08888888888888889,6,180,0,6,0
SF001211,2025-04-13 06:00:00,0.08888888888888889,6,180,6,6,0
SF001211,2025-04-13 12:00:00,0.08888888888888889,6,180,12,6,0
SF001211,2025-04-13 18:00:00,0.08888888888888889,6,180,18,6,0
SF00124,2025-03-02 21:00:00,0.601,2,500,21,6,0
SF00124,2025-03-02 22:00:00,0.5963333333333333,6,500,22,6,0
SF00124,2025-03-02 23:00:00,0.9316666666666666,6,500,23,6,0
SF00124,2025-03-03 00:00:00,0.3336666666666666,6,500,0,0,1
SF00124,2025-03-03 01:00:00,0.19966666666666666,6,500,1,0,1
SF00124,2025-03-03 02:00:00,0.20033333333333334,6,500,2,0,1
SF00124,2025-03-03 03:00:00,0.19966666666666666,6,500,3,0,1
SF00124,2025-03-03 04:00:00,0.19933333333333333,6,500,4,0,1
SF00124,2025-03-03 05:00:00,0.20099999999999998,6,500,5,0,1
SF00124,2025-03-03 06:00:00,0.2846666666666667,6,500,6,0,1
SF00124,2025-03-03 07:00:00,0.29866666666666664,6,500,7,0,1
SF00124,2025-03-03 08:00:00,0.385,6,500,8,0,1
SF00124,2025-03-03 09:00:00,0.3993333333333333,6,500,9,0,1
SF00124,2025-03-03 10:00:00,0.4013333333333333,6,500,10,0,1
SF00124,2025-03-03 11:00:00,0.401,6,500,11,0,1
SF00124,2025-03-03 12:00:00,0.3986666666666667,6,500,12,0,1
SF00124,2025-03-03 13:00:00,0.401,6,500,13,0,1
SF00124,2025-03-03 14:00:00,0.399,6,500,14,0,1
SF00124,2025-03-03 15:00:00,0.4026666666666667,6,500,15,0,1
SF00124,2025-03-03 16:00:00,0.57,6,500,16,0,1
SF00124,2025-03-03 17:00:00,0.597,6,500,17,0,1
SF00124,2025-03-03 18:00:00,0.6026666666666666,6,500,18,0,1
SF00124,2025-03-03 19:00:00,0.5946666666666666,6,500,19,0,1
SF00124,2025-03-03 20:00:00,0.5973333333333333,6,500,20,0,1
SF00124,2025-03-03 21:00:00,0.6086666666666667,3,500,21,0,1
SF00124,2025-04-07 00:00:00,0.33266666666666667,6,500,0,0,1
SF00124,2025-04-07 06:00:00,0.2866666666666667,6,500,6,0,1
SF00124,2025-04-07 12:00:00,0.401,6,500,12,0,1
SF00124,2025-04-07 18:00:00,0.603,6,500,18,0,1
SF00124,2025-04-08 00:00:00,0.332,6,500,0,1,1
SF00124,2025-04-08 06:00:00,0.2823333333333333,6,500,6,1,1
SF00124,2025-04-08 12:00:00,0.3993333333333333,6,500,12,1,1
SF00124,2025-04-08 18:00:00,0.597,6,500,18,1,1
SF00124,2025-04-09 00:00:00,0.3333333333333333,6,500,0,2,1
SF00124,2025-04-09 06:00:00,0.288,6,500,6,2,1
SF00124,2025-04-09 12:00:00,0.39633333333333337,6,500,12,2,1
SF00124,2025-04-09 18:00:00,0.603,6,500,18,2,1
SF00124,2025-04-10 00:00:00,0.3333333333333333,6,500,0,3,1
SF00124,2025-04-10 06:00:00,0.2846666666666667,6,500,6,3,1
SF00124,2025-04-10 12:00:00,0.40066666666666667,6,500,12,3,1
SF00124,2025-04-10 18:00:00,0.602,6,500,18,3,1
SF00124,2025-04-11 00:00:00,0.33433333333333337,6,500,0,4,1
SF00124,2025-04-11 06:00:00,0.2826666666666667,6,500,6,4,1
SF00124,2025-04-11 12:00:00,0.601,6,500,12,4,1
SF00124,2025-04-11 18:00:00,0.903,6,500,18,4,1
SF00124,2025-04-12 00:00:00,0.33266666666666667,6,500,0,5,0
SF00124,2025-04-12 06:00:00,0.2826666666666667,6,500,6,5,0
SF00124,2025-04-12 12:00:00,0.6023333333333333,6,500,12,5,0
SF00124,2025-04-12 18:00:00,0.9013333333333334,6,500,18,5,0
SF00124,2025-04-13 00:00:00,0.334,6,500,0,6,0
SF00124,2025-04-13 06:00:00,0.282,6,500,6,6,0
SF00124,2025-04-13 12:00:00,0.5993333333333334,6,500,12,6,0
SF00124,2025-04-13 18:00:00,0.8996666666666666,6,500,18,6,0
SF00128,2025-03-02 21:00:00,0.6011494252873564,2,870,21,6,0
SF00128,2025-03-02 22:00:00,0.5992337164750957,6,870,22,6,0
SF00128,2025-03-02 23:00:00,0.9316091954022988,6,870,23,6,0
SF00128,2025-03-03 00:00:00,0.33237547892720304,6,870,0,0,1
SF00128,2025-03-03 01:00:00,0.20057471264367818,6,870,1,0,1
SF00128,2025-03-03 02:00:00,0.19827586206896552,6,870,2,0,1
SF00128,2025-03-03 03:00:00,0.19827586206896552,6,870,3,0,1
SF00128,2025-03-03 04:00:00,0.20114942528735633,6,870,4,0,1
SF00128,2025-03-03 05:00:00,0.1990421455938697,6,870,5,0,1
SF00128,2025-03-03 06:00:00,0.28122605363984676,6,870,6,0,1
SF00128,2025-03-03 07:00:00,0.2967432950191571,6,870,7,0,1
SF00128,2025-03-03 08:00:00,0.38429118773946364,6,870,8,0,1
SF00128,2025-03-03 09:00:00,0.4005747126436781,6,870,9,0,1
SF00128,2025-03-03 10:00:00,0.3982758620689655,6,870,10,0,1
SF00128,2025-03-03 11:00:00,0.40114942528735636,6,870,11,0,1
SF00128,2025-03-03 12:00:00,0.4009578544061303,6,870,12,0,1
SF00128,2025-03-03 13:00:00,0.3978927203065134,6,870,13,0,1
SF00128,2025-03-03 14:00:00,0.3988505747126437,6,870,14,0,1
SF00128,2025-03-03 15:00:00,0.40249042145593866,6,870,15,0,1
SF00128,2025-03-03 16:00:00,0.5655172413793104,6,870,16,0,1
SF00128,2025-03-03 17:00:00,0.5990421455938697,6,870,17,0,1
SF00128,2025-03-03 18:00:00,0.6009578544061303,6,870,18,0,1
SF00128,2025-03-03 19:00:00,0.6011494252873564,6,870,19,0,1
SF00128,2025-03-03 20:00:00,0.5982758620689655,6,870,20,0,1
SF00128,2025-03-03 21:00:00,0.6015325670498085,3,870,21,0,1
SF00128,2025-04-07 00:00:00,0.3342911877394636,6,870,0,0,1
SF00128,2025-04-07 06:00:00,0.2862068965517241,6,870,6,0,1
SF00128,2025-04-07 12:00:00,0.4003831417624521,6,870,12,0,1
SF00128,2025-04-07 18:00:00,0.6003831417624521,6,870,18,0,1
SF00128,2025-04-08 00:00:00,0.33237547892720304,6,870,0,1,1
SF00128,2025-04-08 06:00:00,0.282183908045977,6,870,6,1,1
SF00128,2025-04-08 12:00:00,0.3982758620689655,6,870,12,1,1
SF00128,2025-04-08 18:00:00,0.6011494252873563,6,870,18,1,1
SF00128,2025-04-09 00:00:00,0.33371647509578545,6,870,0,2,1
SF00128,2025-04-09 06:00:00,0.2827586206896552,6,870,6,2,1
SF00128,2025-04-09 12:00:00,0.4021072796934866,6,870,12,2,1
SF00128,2025-04-09 18:00:00,0.5992337164750958,6,870,18,2,1
SF00128,2025-04-10 00:00:00,0.3318007662835249,6,870,0,3,1
SF00128,2025-04-10 06:00:00,0.28314176245210726,6,870,6,3,1
SF00128,2025-04-10 12:00:00,0.4007662835249042,6,870,12,3,1
SF00128,2025-04-10 18:00:00,0.5975095785440613,6,870,18,3,1
SF00128,2025-04-11 00:00:00,0.3325670498084291,6,870,0,4,1
SF00128,2025-04-11 06:00:00,0.2858237547892721,6,870,6,4,1
SF00128,2025-04-11 12:00:00,0.5982758620689655,6,870,12,4,1
SF00128,2025-04-11 18:00:00,0.9034482758620689,6,870,18,4,1
SF00128,2025-04-12 00:00:00,0.332183908045977,6,870,0,5,0
SF00128,2025-04-12 06:00:00,0.2825670498084291,6,870,6,5,0
SF00128,2025-04-12 12:00:00,0.6017241379310345,6,870,12,5,0
SF00128,2025-04-12 18:00:00,0.9005747126436782,6,870,18,5,0
SF00128,2025-04-13 00:00:00,0.332183908045977,6,870,0,6,0
SF00128,2025-04-13 06:00:00,0.282183908045977,6,870,6,6,0
SF00128,2025-04-13 12:00:00,0.5988505747126437,6,870,12,6,0
SF00128,2025-04-13 18:00:00,0.9017241379310345,6,870,18,6,0
SF00133,2025-03-02 21:00:00,0.2,2,260,21,6,0
SF00133,2025-03-02 22:00:00,0.1794871794871795,6,260,22,6,0
SF00133,2025-03-02 23:00:00,0.1608974358974359,6,260,23,6,0
SF00133,2025-03-03 00:00:00,0.1346153846153846,6,260,0,0,1
SF00133,2025-03-03 01:00:00,0.12756410256410258,6,260,1,0,1
SF00133,2025-03-03 02:00:00,0.13012820512820514,6,260,2,0,1
SF00133,2025-03-03 03:00:00,0.12435897435897436,6,260,3,0,1
SF00133,2025-03-03 04:00:00,0.12243589743589745,6,260,4,0,1
SF00133,2025-03-03 05:00:00,0.1185897435897436,6,260,5,0,1
SF00133,2025-03-03 06:00:00,0.11602564102564104,6,260,6,0,1
SF00133,2025-03-03 07:00:00,0.1435897435897436,6,260,7,0,1
SF00133,2025-03-03 08:00:00,0.35192307692307695,6,260,8,0,1
SF00133,2025-03-03 09:00:00,0.7525641025641026,6,260,9,0,1
SF00133,2025-03-03 10:00:00,0.9384615384615383,6,260,10,0,1
SF00133,2025-03-03 11:00:00,0.9923076923076923,6,260,11,0,1
SF00133,2025-03-03 12:00:00,0.9923076923076923,6,260,12,0,1
SF00133,2025-03-03 13:00:00,0.9923076923076923,6,260,13,0,1
SF00133,2025-03-03 14:00:00,0.9923076923076923,6,260,14,0,1
SF00133,2025-03-03 15:00:00,0.9923076923076923,6,260,15,0,1
SF00133,2025-03-03 16:00:00,0.9897435897435898,6,260,16,0,1
SF00133,2025-03-03 17:00:00,0.7634615384615384,6,260,17,0,1
SF00133,2025-03-03 18:00:00,0.569871794871795,6,260,18,0,1
SF00133,2025-03-03 19:00:00,0.5371794871794872,6,260,19,0,1
SF00133,2025-03-03 20:00:00,0.5147435897435898,6,260,20,0,1
SF00133,2025-03-03 21:00:00,0.4628205128205128,3,260,21,0,1
SF00133,2025-04-07 00:00:00,0.17692307692307693,6,260,0,0,1
SF00133,2025-04-07 06:00:00,0.1826923076923077,6,260,6,0,1
SF00133,2025-04-07 12:00:00,0.8653846153846154,6,260,12,0,1
SF00133,2025-04-07 18:00:00,0.38974358974358975,6,260,18,0,1
SF00133,2025-04-08 00:00:00,0.19807692307692307,6,260,0,1,1
SF00133,2025-04-08 06:00:00,0.17243589743589746,6,260,6,1,1
SF00133,2025-04-08 12:00:00,0.7307692307692308,6,260,12,1,1
SF00133,2025-04-08 18:00:00,0.4461538461538461,6,260,18,1,1
SF00133,2025-04-09 00:00:00,0.19166666666666668,6,260,0,2,1
SF00133,2025-04-09 06:00:00,0.20641025641025643,6,260,6,2,1
SF00133,2025-04-09 12:00:00,0.8743589743589744,6,260,12,2,1
SF00133,2025-04-09 18:00:00,0.3935897435897436,6,260,18,2,1
SF00133,2025-04-10 00:00:00,0.2128205128205128,6,260,0,3,1
SF00133,2025-04-10 06:00:00,0.21666666666666667,6,260,6,3,1
SF00133,2025-04-10 12:00:00,0.9743589743589743,6,260,12,3,1
SF00133,2025-04-10 18:00:00,0.47371794871794876,6,260,18,3,1
SF00133,2025-04-11 00:00:00,0.26153846153846155,6,260,0,4,1
SF00133,2025-04-11 06:00:00,0.26666666666666666,6,260,6,4,1
SF00133,2025-04-11 12:00:00,0.8250000000000001,6,260,12,4,1
SF00133,2025-04-11 18:00:00,0.4153846153846154,6,260,18,4,1
SF00133,2025-04-12 00:00:00,0.24294871794871797,6,260,0,5,0
SF00133,2025-04-12 06:00:00,0.25256410256410255,6,260,6,5,0
SF00133,2025-04-12 12:00:00,0.6685897435897435,6,260,12,5,0
SF00133,2025-04-12 18:00:00,0.3903846153846154,6,260,18,5,0
SF00133,2025-04-13 00:00:00,0.2519230769230769,6,260,0,6,0
SF00133,2025-04-13 06:00:00,0.2435897435897436,6,260,6,6,0
SF00133,2025-04-13 12:00:00,0.40320512820512816,6,260,12,6,0
SF00133,2025-04-13 18:00:00,0.3032051282051282,6,260,18,6,0
SF00141,2025-03-02 21:00:00,0.73,2,50,21,6,0
SF00141,2025-03-02 22:00:00,0.6,6,50,22,6,0
SF00141,2025-03-02 23:00:00,0.48,6,50,23,6,0
SF00141,2025-03-03 00:00:00,0.3066666666666667,6,50,0,0,1
SF00141,2025-03-03 01:00:00,0.24,6,50,1,0,1
SF00141,2025-03-03 02:00:00,0.18000000000000002,6,50,2,0,1
SF00141,2025-03-03 03:00:00,0.06,6,50,3,0,1
SF00141,2025-03-03 04:00:00,0.07333333333333333,6,50,4,0,1
SF00141,2025-03-03 05:00:00,0.02666666666666667,6,50,5,0,1
SF00141,2025-03-03 06:00:00,0.0,6,50,6,0,1
SF00141,2025-03-03 07:00:00,0.016666666666666666,6,50,7,0,1
SF00141,2025-03-03 08:00:00,0.21666666666666667,6,50,8,0,1
SF00141,2025-03-03 09:00:00,0.3633333333333333,6,50,9,0,1
SF00141,2025-03-03 10:00:00,0.42,6,50,10,0,1
SF00141,2025-03-03 11:00:00,0.45,6,50,11,0,1
SF00141,2025-03-03 12:00:00,0.48,6,50,12,0,1
SF00141,2025-03-03 13:00:00,0.56,6,50,13,0,1
SF00141,2025-03-03 14:00:00,0.73,6,50,14,0,1
SF00141,2025-03-03 15:00:00,0.83,6,50,15,0,1
SF00141,2025-03-03 16:00:00,0.7666666666666666,6,50,16,0,1
SF00141,2025-03-03 17:00:00,0.6566666666666666,6,50,17,0,1
SF00141,2025-03-03 18:00:00,0.6699999999999999,6,50,18,0,1
SF00141,2025-03-03 19:00:00,0.7966666666666667,6,50,19,0,1
SF00141,2025-03-03 20:00:00,0.93,6,50,20,0,1
SF00141,2025-03-03 21:00:00,0.7666666666666666,3,50,21,0,1
SF00141,2025-04-07 00:00:00,0.16333333333333333,6,50,0,0,1
SF00141,2025-04-07 06:00:00,0.04,6,50,6,0,1
SF00141,2025-04-07 12:00:00,0.4033333333333333,6,50,12,0,1
SF00141,2025-04-07 18:00:00,0.5266666666666667,6,50,18,0,1
SF00141,2025-04-08 00:00:00,0.23333333333333336,6,50,0,1,1
SF00141,2025-04-08 06:00:00,0.14,6,50,6,1,1
SF00141,2025-04-08 12:00:00,0.44,6,50,12,1,1
SF00141,2025-04-08 18:00:00,0.43,6,50,18,1,1
SF00141,2025-04-09 00:00:00,0.24333333333333332,6,50,0,2,1
SF00141,2025-04-09 06:00:00,0.15333333333333335,6,50,6,2,1
SF00141,2025-04-09 12:00:00,0.44,6,50,12,2,1
SF00141,2025-04-09 18:00:00,0.4566666666666667,6,50,18,2,1
SF00141,2025-04-10 00:00:00,0.23666666666666666,6,50,0,3,1
SF00141,2025-04-10 06:00:00,0.05333333333333334,6,50,6,3,1
SF00141,2025-04-10 12:00:00,0.44333333333333336,6,50,12,3,1
SF00141,2025-04-10 18:00:00,0.33666666666666667,6,50,18,3,1
SF00141,2025-04-11 00:00:00,0.15666666666666668,6,50,0,4,1
SF00141,2025-04-11 06:00:00,0.08666666666666667,6,50,6,4,1
SF00141,2025-04-11 12:00:00,0.3733333333333333,6,50,12,4,1
SF00141,2025-04-11 18:00:00,0.24666666666666667,6,50,18,4,1
SF00141,2025-04-12 00:00:00,0.2833333333333334,6,50,0,5,0
SF00141,2025-04-12 06:00:00,0.16,6,50,6,5,0
SF00141,2025-04-12 12:00:00,0.5266666666666667,6,50,12,5,0
SF00141,2025-04-12 18:00:00,0.84,6,50,18,5,0
SF00141,2025-04-13 00:00:00,0.5,6,50,0,6,0
SF00141,2025-04-13 06:00:00,0.34,6,50,6,6,0
SF00141,2025-04-13 12:00:00,0.9266666666666666,6,50,12,6,0
SF00141,2025-04-13 18:00:00,0.67,6,50,18,6,0
SF00146,2025-03-02 21:00:00,0.6166666666666667,2,150,21,6,0
SF00146,2025-03-02 22:00:00,0.611111111111111,6,150,22,6,0
SF00146,2025-03-02 23:00:00,0.918888888888889,6,150,23,6,0
SF00146,2025-03-03 00:00:00,0.32555555555555554,6,150,0,0,1
SF00146,2025-03-03 01:00:00,0.19555555555555557,6,150,1,0,1
SF00146,2025-03-03 02:00:00,0.20666666666666667,6,150,2,0,1
SF00146,2025-03-03 03:00:00,0.20444444444444446,6,150,3,0,1
SF00146,2025-03-03 04:00:00,0.1977777777777778,6,150,4,0,1
SF00146,2025-03-03 05:00:00,0.1988888888888889,6,150,5,0,1
SF00146,2025-03-03 06:00:00,0.2822222222222222,6,150,6,0,1
SF00146,2025-03-03 07:00:00,0.3022222222222222,6,150,7,0,1
SF00146,2025-03-03 08:00:00,0.3933333333333333,6,150,8,0,1
SF00146,2025-03-03 09:00:00,0.40444444444444444,6,150,9,0,1
SF00146,2025-03-03 10:00:00,0.4033333333333333,6,150,10,0,1
SF00146,2025-03-03 11:00:00,0.39111111111111113,6,150,11,0,1
SF00146,2025-03-03 12:00:00,0.3988888888888889,6,150,12,0,1
SF00146,2025-03-03 13:00:00,0.4033333333333333,6,150,13,0,1
SF00146,2025-03-03 14:00:00,0.4177777777777778,6,150,14,0,1
SF00146,2025-03-03 15:00:00,0.41444444444444445,6,150,15,0,1
SF00146,2025-03-03 16:00:00,0.5644444444444444,6,150,16,0,1
SF00146,2025-03-03 17:00:00,0.601111111111111,6,150,17,0,1
SF00146,2025-03-03 18:00:00,0.5988888888888889,6,150,18,0,1
SF00146,2025-03-03 19:00:00,0.6166666666666666,6,150,19,0,1
SF00146,2025-03-03 20:00:00,0.581111111111111,6,150,20,0,1
SF00146,2025-03-03 21:00:00,0.6044444444444445,3,150,21,0,1
SF00146,2025-04-07 00:00:00,0.32555555555555554,6,150,0,0,1
SF00146,2025-04-07 06:00:00,0.27666666666666667,6,150,6,0,1
SF00146,2025-04-07 12:00:00,0.4077777777777778,6,150,12,0,1
SF00146,2025-04-07 18:00:00,0.5955555555555555,6,150,18,0,1
SF00146,2025-04-08 00:00:00,0.33111111111111113,6,150,0,1,1
SF00146,2025-04-08 06:00:00,0.27999999999999997,6,150,6,1,1
SF00146,2025-04-08 12:00:00,0.38999999999999996,6,150,12,1,1
SF00146,2025-04-08 18:00:00,0.6044444444444445,6,150,18,1,1
SF00146,2025-04-09 00:00:00,0.3288888888888889,6,150,0,2,1
SF00146,2025-04-09 06:00:00,0.27444444444444444,6,150,6,2,1
SF00146,2025-04-09 12:00:00,0.39111111111111113,6,150,12,2,1
SF00146,2025-04-09 18:00:00,0.601111111111111,6,150,18,2,1
SF00146,2025-04-10 00:00:00,0.33111111111111113,6,150,0,3,1
SF00146,2025-04-10 06:00:00,0.28111111111111114,6,150,6,3,1
SF00146,2025-04-10 12:00:00,0.38666666666666666,6,150,12,3,1
SF00146,2025-04-10 18:00:00,0.5922222222222222,6,150,18,3,1
SF00146,2025-04-11 00:00:00,0.33666666666666667,6,150,0,4,1
SF00146,2025-04-11 06:00:00,0.27999999999999997,6,150,6,4,1
SF00146,2025-04-11 12:00:00,0.59,6,150,12,4,1
SF00146,2025-04-11 18:00:00,0.9155555555555556,6,150,18,4,1
SF00146,2025-04-12 00:00:00,0.3355555555555556,6,150,0,5,0
SF00146,2025-04-12 06:00:00,0.29444444444444445,6,150,6,5,0
SF00146,2025-04-12 12:00:00,0.5966666666666667,6,150,12,5,0
SF00146,2025-04-12 18:00:00,0.8977777777777778,6,150,18,5,0
SF00146,2025-04-13 00:00:00,0.3288888888888889,6,150,0,6,0
SF00146,2025-04-13 06:00:00,0.28444444444444444,6,150,6,6,0
SF00146,2025-04-13 12:00:00,0.61,6,150,12,6,0
SF00146,2025-04-13 18:00:00,0.9033333333333333,6,150,18,6,0
SF00151,2025-03-02 21:00:00,0.21904761904761905,3,70,21,6,0
SF00151,2025-03-02 22:00:00,0.20714285714285716,6,70,22,6,0
SF00151,2025-03-02 23:00:00,0.20000000000000004,6,70,23,6,0
SF00151,2025-03-03 00:00:00,0.20000000000000004,6,70,0,0,1
SF00151,2025-03-03 01:00:00,0.20000000000000004,6,70,1,0,1
SF00151,2025-03-03 02:00:00,0.20000000000000004,6,70,2,0,1
SF00151,2025-03-03 03:00:00,0.20000000000000004,6,70,3,0,1
SF00151,2025-03-03 04:00:00,0.20000000000000004,6,70,4,0,1
SF00151,2025-03-03 05:00:00,0.20000000000000004,6,70,5,0,1
SF00151,2025-03-03 06:00:00,0.1976190476190476,6,70,6,0,1
SF00151,2025-03-03 07:00:00,0.19047619047619047,6,70,7,0,1
SF00151,2025-03-03 08:00:00,0.5952380952380952,6,70,8,0,1
SF00151,2025-03-03 09:00:00,0.8380952380952381,6,70,9,0,1
SF00151,2025-03-03 10:00:00,0.7690476190476191,6,70,10,0,1
SF00151,2025-03-03 11:00:00,0.7738095238095237,6,70,11,0,1
SF00151,2025-03-03 12:00:00,0.7666666666666666,6,70,12,0,1
SF00151,2025-03-03 13:00:00,0.8023809523809523,6,70,13,0,1
SF00151,2025-03-03 14:00:00,0.7214285714285714,6,70,14,0,1
SF00151,2025-03-03 15:00:00,0.6809523809523809,6,70,15,0,1
SF00151,2025-03-03 16:00:00,0.7071428571428572,6,70,16,0,1
SF00151,2025-03-03 17:00:00,0.7404761904761905,6,70,17,0,1
SF00151,2025-03-03 18:00:00,0.4857142857142857,6,70,18,0,1
SF00151,2025-03-03 19:00:00,0.36190476190476195,6,70,19,0,1
SF00151,2025-03-03 20:00:00,0.319047619047619,6,70,20,0,1
SF00151,2025-03-03 21:00:00,0.29523809523809524,3,70,21,0,1
SF00151,2025-04-07 00:00:00,0.22857142857142856,6,70,0,0,1
SF00151,2025-04-07 06:00:00,0.20952380952380953,6,70,6,0,1
SF00151,2025-04-07 12:00:00,0.7142857142857143,6,70,12,0,1
SF00151,2025-04-07 18:00:00,0.7142857142857143,6,70,18,0,1
SF00151,2025-04-08 00:00:00,0.4142857142857143,6,70,0,1,1
SF00151,2025-04-08 06:00:00,0.3952380952380952,6,70,6,1,1
SF00151,2025-04-08 12:00:00,0.7452380952380953,6,70,12,1,1
SF00151,2025-04-08 18:00:00,0.4619047619047619,6,70,18,1,1
SF00151,2025-04-09 00:00:00,0.3452380952380953,6,70,0,2,1
SF00151,2025-04-09 06:00:00,0.2976190476190476,6,70,6,2,1
SF00151,2025-04-09 12:00:00,0.7357142857142858,6,70,12,2,1
SF00151,2025-04-09 18:00:00,0.8190476190476191,6,70,18,2,1
SF00151,2025-04-10 00:00:00,0.4166666666666667,6,70,0,3,1
SF00151,2025-04-10 06:00:00,0.38571428571428573,6,70,6,3,1
SF00151,2025-04-10 12:00:00,0.730952380952381,6,70,12,3,1
SF00151,2025-04-10 18:00:00,0.6452380952380953,6,70,18,3,1
SF00151,2025-04-11 00:00:00,0.4071428571428572,6,70,0,4,1
SF00151,2025-04-11 06:00:00,0.33095238095238094,6,70,6,4,1
SF00151,2025-04-11 12:00:00,0.7761904761904762,6,70,12,4,1
SF00151,2025-04-11 18:00:00,0.4976190476190476,6,70,18,4,1
SF00151,2025-04-12 00:00:00,0.19047619047619047,6,70,0,5,0
SF00151,2025-04-12 06:00:00,0.14285714285714285,6,70,6,5,0
SF00151,2025-04-12 12:00:00,0.2857142857142857,6,70,12,5,0
SF00151,2025-04-12 18:00:00,0.530952380952381,6,70,18,5,0
SF00151,2025-04-13 00:00:00,0.4880952380952381,6,70,0,6,0
SF00151,2025-04-13 06:00:00,0.47142857142857136,6,70,6,6,0
SF00151,2025-04-13 12:00:00,0.469047619047619,6,70,12,6,0
SF00151,2025-04-13 18:00:00,0.4476190476190476,6,70,18,6,0
SF00152,2025-03-02 21:00:00,0.596,3,500,21,6,0
SF00152,2025-03-02 22:00:00,0.603,6,500,22,6,0
SF00152,2025-03-02 23:00:00,0.9289999999999999,6,500,23,6,0
SF00152,2025-03-03 00:00:00,0.33266666666666667,6,500,0,0,1
SF00152,2025-03-03 01:00:00,0.19866666666666669,6,500,1,0,1
SF00152,2025-03-03 02:00:00,0.20033333333333334,6,500,2,0,1
SF00152,2025-03-03 03:00:00,0.19899999999999998,6,500,3,0,1
SF00152,2025-03-03 04:00:00,0.20066666666666666,6,500,4,0,1
SF00152,2025-03-03 05:00:00,0.19966666666666666,6,500,5,0,1
SF00152,2025-03-03 06:00:00,0.2866666666666667,6,500,6,0,1
SF00152,2025-03-03 07:00:00,0.3016666666666667,6,500,7,0,1
SF00152,2025-03-03 08:00:00,0.38766666666666666,6,500,8,0,1
SF00152,2025-03-03 09:00:00,0.3983333333333334,6,500,9,0,1
SF00152,2025-03-03 10:00:00,0.39799999999999996,6,500,10,0,1
SF00152,2025-03-03 11:00:00,0.39966666666666667,6,500,11,0,1
SF00152,2025-03-03 12:00:00,0.4046666666666667,6,500,12,0,1
SF00152,2025-03-03 13:00:00,0.40166666666666667,6,500,13,0,1
SF00152,2025-03-03 14:00:00,0.39866666666666667,6,500,14,0,1
SF00152,2025-03-03 15:00:00,0.4003333333333334,6,500,15,0,1
SF00152,2025-03-03 16:00:00,0.564,6,500,16,0,1
SF00152,2025-03-03 17:00:00,0.604,6,500,17,0,1
SF00152,2025-03-03 18:00:00,0.601,6,500,18,0,1
SF00152,2025-03-03 19:00:00,0.602,6,500,19,0,1
SF00152,2025-03-03 20:00:00,0.599,6,500,20,0,1
SF00152,2025-03-03 21:00:00,0.5973333333333333,3,500,21,0,1
SF00152,2025-04-07 00:00:00,0.3313333333333333,6,500,0,0,1
SF00152,2025-04-07 06:00:00,0.282,6,500,6,0,1
SF00152,2025-04-07 12:00:00,0.39966666666666667,6,500,12,0,1
SF00152,2025-04-07 18:00:00,0.5986666666666666,6,500,18,0,1
SF00152,2025-04-08 00:00:00,0.33266666666666667,6,500,0,1,1
SF00152,2025-04-08 06:00:00,0.2833333333333333,6,500,6,1,1
SF00152,2025-04-08 12:00:00,0.4033333333333333,6,500,12,1,1
SF00152,2025-04-08 18:00:00,0.597,6,500,18,1,1
SF00152,2025-04-09 00:00:00,0.33266666666666667,6,500,0,2,1
SF00152,2025-04-09 06:00:00,0.2826666666666667,6,500,6,2,1
SF00152,2025-04-09 12:00:00,0.39966666666666667,6,500,12,2,1
SF00152,2025-04-09 18:00:00,0.5963333333333333,6,500,18,2,1
SF00152,2025-04-10 00:00:00,0.3323333333333333,6,500,0,3,1
SF00152,2025-04-10 06:00:00,0.2846666666666667,6,500,6,3,1
SF00152,2025-04-10 12:00:00,0.4053333333333333,6,500,12,3,1
SF00152,2025-04-10 18:00:00,0.602,6,500,18,3,1
SF00152,2025-04-11 00:00:00,0.3323333333333333,6,500,0,4,1
SF00152,2025-04-11 06:00:00,0.285,6,500,6,4,1
SF00152,2025-04-11 12:00:00,0.6006666666666667,6,500,12,4,1
SF00152,2025-04-11 18:00:00,0.9,6,500,18,4,1
SF00152,2025-04-12 00:00:00,0.3323333333333333,6,500,0,5,0
SF00152,2025-04-12 06:00:00,0.283,6,500,6,5,0
SF00152,2025-04-12 12:00:00,0.6,6,500,12,5,0
SF00152,2025-04-12 18:00:00,0.9033333333333333,6,500,18,5,0
SF00152,2025-04-13 00:00:00,0.3336666666666667,6,500,0,6,0
SF00152,2025-04-13 06:00:00,0.27799999999999997,6,500,6,6,0
SF00152,2025-04-13 12:00:00,0.5926666666666667,6,500,12,6,0
SF00152,2025-04-13 18:00:00,0.8943333333333333,6,500,18,6,0
SF00155,2025-03-02 21:00:00,0.112,3,125,21,6,0
SF00155,2025-03-02 22:00:00,0.10533333333333333,6,125,22,6,0
SF00155,2025-03-02 23:00:00,0.104,6,125,23,6,0
SF00155,2025-03-03 00:00:00,0.104,6,125,0,0,1
SF00155,2025-03-03 01:00:00,0.07066666666666667,6,125,1,0,1
SF00155,2025-03-03 02:00:00,0.064,6,125,2,0,1
SF00155,2025-03-03 03:00:00,0.064,6,125,3,0,1
SF00155,2025-03-03 04:00:00,0.064,6,125,4,0,1
SF00155,2025-03-03 05:00:00,0.07066666666666667,6,125,5,0,1
SF00155,2025-03-03 06:00:00,0.08133333333333333,6,125,6,0,1
SF00155,2025-03-03 07:00:00,0.24933333333333332,6,125,7,0,1
SF00155,2025-03-03 08:00:00,0.8306666666666667,6,125,8,0,1
SF00155,2025-03-03 09:00:00,0.984,6,125,9,0,1
SF00155,2025-03-03 10:00:00,0.984,6,125,10,0,1
SF00155,2025-03-03 11:00:00,0.7919999999999999,6,125,11,0,1
SF00155,2025-03-03 12:00:00,0.5773333333333334,6,125,12,0,1
SF00155,2025-03-03 13:00:00,0.6693333333333333,6,125,13,0,1
SF00155,2025-03-03 14:00:00,0.964,6,125,14,0,1
SF00155,2025-03-03 15:00:00,0.976,6,125,15,0,1
SF00155,2025-03-03 16:00:00,0.7893333333333333,6,125,16,0,1
SF00155,2025-03-03 17:00:00,0.33866666666666667,6,125,17,0,1
SF00155,2025-03-03 18:00:00,0.18800000000000003,6,125,18,0,1
SF00155,2025-03-03 19:00:00,0.17733333333333334,6,125,19,0,1
SF00155,2025-03-03 20:00:00,0.17600000000000002,6,125,20,0,1
SF00155,2025-03-03 21:00:00,0.17600000000000002,3,125,21,0,1
SF00155,2025-04-07 00:00:00,0.07333333333333332,6,125,0,0,1
SF00155,2025-04-07 06:00:00,0.08133333333333333,6,125,6,0,1
SF00155,2025-04-07 12:00:00,0.508,6,125,12,0,1
SF00155,2025-04-07 18:00:00,0.13333333333333333,6,125,18,0,1
SF00155,2025-04-08 00:00:00,0.136,6,125,0,1,1
SF00155,2025-04-08 06:00:00,0.144,6,125,6,1,1
SF00155,2025-04-08 12:00:00,0.5026666666666667,6,125,12,1,1
SF00155,2025-04-08 18:00:00,0.13333333333333333,6,125,18,1,1
SF00155,2025-04-09 00:00:00,0.12933333333333333,6,125,0,2,1
SF00155,2025-04-09 06:00:00,0.07866666666666666,6,125,6,2,1
SF00155,2025-04-09 12:00:00,0.4613333333333334,6,125,12,2,1
SF00155,2025-04-09 18:00:00,0.16,6,125,18,2,1
SF00155,2025-04-10 00:00:00,0.136,6,125,0,3,1
SF00155,2025-04-10 06:00:00,0.13066666666666668,6,125,6,3,1
SF00155,2025-04-10 12:00:00,0.5093333333333333,6,125,12,3,1
SF00155,2025-04-10 18:00:00,0.18000000000000002,6,125,18,3,1
SF00155,2025-04-11 00:00:00,0.17066666666666666,6,125,0,4,1
SF00155,2025-04-11 06:00:00,0.15066666666666664,6,125,6,4,1
SF00155,2025-04-11 12:00:00,0.5426666666666667,6,125,12,4,1
SF00155,2025-04-11 18:00:00,0.17333333333333334,6,125,18,4,1
SF00155,2025-04-12 00:00:00,0.168,6,125,0,5,0
SF00155,2025-04-12 06:00:00,0.144,6,125,6,5,0
SF00155,2025-04-12 12:00:00,0.37200000000000005,6,125,12,5,0
SF00155,2025-04-12 18:00:00,0.16933333333333334,6,125,18,5,0
SF00155,2025-04-13 00:00:00,0.152,6,125,0,6,0
SF00155,2025-04-13 06:00:00,0.136,6,125,6,6,0
SF00155,2025-04-13 12:00:00,0.38266666666666665,6,125,12,6,0
SF00155,2025-04-13 18:00:00,0.19333333333333336,6,125,18,6,0
SF00159,2025-03-02 21:00:00,0.7722222222222221,3,300,21,6,0
SF00159,2025-03-02 22:00:00,0.7516666666666666,6,300,22,6,0
SF00159,2025-03-02 23:00:00,0.7216666666666667,6,300,23,6,0
SF00159,2025-03-03 00:00:00,0.7288888888888888,6,300,0,0,1
SF00159,2025-03-03 01:00:00,0.7127777777777777,6,300,1,0,1
SF00159,2025-03-03 02:00:00,0.6783333333333333,6,300,2,0,1
SF00159,2025-03-03 03:00:00,0.6677777777777778,6,300,3,0,1
SF00159,2025-03-03 04:00:00,0.6805555555555557,6,300,4,0,1
SF00159,2025-03-03 05:00:00,0.6727777777777778,6,300,5,0,1
SF00159,2025-03-03 06:00:00,0.6827777777777778,6,300,6,0,1
SF00159,2025-03-03 07:00:00,0.8972222222222221,6,300,7,0,1
SF00159,2025-03-03 08:00:00,0.9933333333333333,6,300,8,0,1
SF00159,2025-03-03 09:00:00,0.9933333333333333,6,300,9,0,1
SF00159,2025-03-03 10:00:00,0.9933333333333333,6,300,10,0,1
SF00159,2025-03-03 11:00:00,0.9933333333333333,6,300,11,0,1
SF00159,2025-03-03 12:00:00,0.9933333333333333,6,300,12,0,1
SF00159,2025-03-03 13:00:00,0.9933333333333333,6,300,13,0,1
SF00159,2025-03-03 14:00:00,0.9933333333333333,6,300,14,0,1
SF00159,2025-03-03 15:00:00,0.9933333333333333,6,300,15,0,1
SF00159,2025-03-03 16:00:00,0.9933333333333333,6,300,16,0,1
SF00159,2025-03-03 17:00:00,0.9933333333333333,6,300,17,0,1
SF00159,2025-03-03 18:00:00,0.9933333333333333,6,300,18,0,1
SF00159,2025-03-03 19:00:00,0.9933333333333333,6,300,19,0,1
SF00159,2025-03-03 20:00:00,0.9483333333333333,6,300,20,0,1
SF00159,2025-03-03 21:00:00,0.8544444444444445,3,300,21,0,1
SF00159,2025-04-07 00:00:00,0.5472222222222222,6,300,0,0,1
SF00159,2025-04-07 06:00:00,0.5177777777777778,6,300,6,0,1
SF00159,2025-04-07 12:00:00,0.9933333333333333,6,300,12,0,1
SF00159,2025-04-07 18:00:00,0.8877777777777779,6,300,18,0,1
SF00159,2025-04-08 00:00:00,0.5616666666666666,6,300,0,1,1
SF00159,2025-04-08 06:00:00,0.49444444444444446,6,300,6,1,1
SF00159,2025-04-08 12:00:00,0.9933333333333333,6,300,12,1,1
SF00159,2025-04-08 18:00:00,0.8411111111111111,6,300,18,1,1
SF00159,2025-04-09 00:00:00,0.5322222222222223,6,300,0,2,1
SF00159,2025-04-09 06:00:00,0.4994444444444444,6,300,6,2,1
SF00159,2025-04-09 12:00:00,0.9933333333333333,6,300,12,2,1
SF00159,2025-04-09 18:00:00,0.7777777777777778,6,300,18,2,1
SF00159,2025-04-10 00:00:00,0.5194444444444445,6,300,0,3,1
SF00159,2025-04-10 06:00:00,0.5094444444444445,6,300,6,3,1
SF00159,2025-04-10 12:00:00,0.9933333333333333,6,300,12,3,1
SF00159,2025-04-10 18:00:00,0.7777777777777778,6,300,18,3,1
SF00159,2025-04-11 00:00:00,0.513888888888889,6,300,0,4,1
SF00159,2025-04-11 06:00:00,0.49,6,300,6,4,1
SF00159,2025-04-11 12:00:00,0.9933333333333333,6,300,12,4,1
SF00159,2025-04-11 18:00:00,0.8011111111111111,6,300,18,4,1
SF00159,2025-04-12 00:00:00,0.5622222222222223,6,300,0,5,0
SF00159,2025-04-12 06:00:00,0.5766666666666667,6,300,6,5,0
SF00159,2025-04-12 12:00:00,0.9933333333333333,6,300,12,5,0
SF00159,2025-04-12 18:00:00,0.8222222222222223,6,300,18,5,0
SF00159,2025-04-13 00:00:00,0.523888888888889,6,300,0,6,0
SF00159,2025-04-13 06:00:00,0.49333333333333335,6,300,6,6,0
SF00159,2025-04-13 12:00:00,0.9933333333333333,6,300,12,6,0
SF00159,2025-04-13 18:00:00,0.8233333333333333,6,300,18,6,0
SF00171,2025-03-02 21:00:00,0.452,3,1000,21,6,0
SF00171,2025-03-02 22:00:00,0.4131666666666667,6,1000,22,6,0
SF00171,2025-03-02 23:00:00,0.38083333333333336,6,1000,23,6,0
SF00171,2025-03-03 00:00:00,0.36716666666666664,6,1000,0,0,1
SF00171,2025-03-03 01:00:00,0.3655,6,1000,1,0,1
SF00171,2025-03-03 02:00:00,0.3665,6,1000,2,0,1
SF00171,2025-03-03 03:00:00,0.36800000000000005,6,1000,3,0,1
SF00171,2025-03-03 04:00:00,0.3658333333333333,6,1000,4,0,1
SF00171,2025-03-03 05:00:00,0.3685,6,1000,5,0,1
SF00171,2025-03-03 06:00:00,0.3673333333333333,6,1000,6,0,1
SF00171,2025-03-03 07:00:00,0.3673333333333333,6,1000,7,0,1
SF00171,2025-03-03 08:00:00,0.3675,6,1000,8,0,1
SF00171,2025-03-03 09:00:00,0.39516666666666667,6,1000,9,0,1
SF00171,2025-03-03 10:00:00,0.42283333333333334,6,1000,10,0,1
SF00171,2025-03-03 11:00:00,0.4716666666666667,6,1000,11,0,1
SF00171,2025-03-03 12:00:00,0.5438333333333334,6,1000,12,0,1
SF00171,2025-03-03 13:00:00,0.5345000000000001,6,1000,13,0,1
SF00171,2025-03-03 14:00:00,0.5115,6,1000,14,0,1
SF00171,2025-03-03 15:00:00,0.5101666666666667,6,1000,15,0,1
SF00171,2025-03-03 16:00:00,0.5255,6,1000,16,0,1
SF00171,2025-03-03 17:00:00,0.5448333333333334,6,1000,17,0,1
SF00171,2025-03-03 18:00:00,0.6318333333333334,6,1000,18,0,1
SF00171,2025-03-03 19:00:00,0.6458333333333334,6,1000,19,0,1
SF00171,2025-03-03 20:00:00,0.5705,6,1000,20,0,1
SF00171,2025-03-03 21:00:00,0.4796666666666667,3,1000,21,0,1
SF00171,2025-04-07 00:00:00,0.367,6,1000,0,0,1
SF00171,2025-04-07 06:00:00,0.367,6,1000,6,0,1
SF00171,2025-04-07 12:00:00,0.367,6,1000,12,0,1
SF00171,2025-04-07 18:00:00,0.367,6,1000,18,0,1
SF00171,2025-04-08 00:00:00,0.367,6,1000,0,1,1
SF00171,2025-04-08 06:00:00,0.367,6,1000,6,1,1
SF00171,2025-04-08 12:00:00,0.367,6,1000,12,1,1
SF00171,2025-04-08 18:00:00,0.367,6,1000,18,1,1
SF00171,2025-04-09 00:00:00,0.367,6,1000,0,2,1
SF00171,2025-04-09 06:00:00,0.367,6,1000,6,2,1
SF00171,2025-04-09 12:00:00,0.367,6,1000,12,2,1
SF00171,2025-04-09 18:00:00,0.367,6,1000,18,2,1
SF00171,2025-04-10 00:00:00,0.367,6,1000,0,3,1
SF00171,2025-04-10 06:00:00,0.367,6,1000,6,3,1
SF00171,2025-04-10 12:00:00,0.367,6,1000,12,3,1
SF00171,2025-04-10 18:00:00,0.367,6,1000,18,3,1
SF00171,2025-04-11 00:00:00,0.367,6,1000,0,4,1
SF00171,2025-04-11 06:00:00,0.367,6,1000,6,4,1
SF00171,2025-04-11 12:00:00,0.367,6,1000,12,4,1
SF00171,2025-04-11 18:00:00,0.367,6,1000,18,4,1
SF00171,2025-04-12 00:00:00,0.367,6,1000,0,5,0
SF00171,2025-04-12 06:00:00,0.367,6,1000,6,5,0
SF00171,2025-04-12 12:00:00,0.367,6,1000,12,5,0
SF00171,2025-04-12 18:00:00,0.367,6,1000,18,5,0
SF00171,2025-04-13 00:00:00,0.367,6,1000,0,6,0
SF00171,2025-04-13 06:00:00,0.367,6,1000,6,6,0
SF00171,2025-04-13 12:00:00,0.367,6,1000,12,6,0
SF00171,2025-04-13 18:00:00,0.367,6,1000,18,6,0
SF00173,2025-03-02 21:00:00,0.8011111111111111,2,450,21,6,0
SF00173,2025-03-02 22:00:00,0.8055555555555555,6,450,22,6,0
SF00173,2025-03-02 23:00:00,0.7851851851851852,6,450,23,6,0
SF00173,2025-03-03 00:00:00,0.7574074074074074,6,450,0,0,1
SF00173,2025-03-03 01:00:00,0.735925925925926,6,450,1,0,1
SF00173,2025-03-03 02:00:00,0.737037037037037,6,450,2,0,1
SF00173,2025-03-03 03:00:00,0.7322222222222222,6,450,3,0,1
SF00173,2025-03-03 04:00:00,0.7196296296296296,6,450,4,0,1
SF00173,2025-03-03 05:00:00,0.7162962962962962,6,450,5,0,1
SF00173,2025-03-03 06:00:00,0.6903703703703704,6,450,6,0,1
SF00173,2025-03-03 07:00:00,0.6237037037037038,6,450,7,0,1
SF00173,2025-03-03 08:00:00,0.5707407407407408,6,450,8,0,1
SF00173,2025-03-03 09:00:00,0.5785185185185185,6,450,9,0,1
SF00173,2025-03-03 10:00:00,0.5762962962962963,6,450,10,0,1
SF00173,2025-03-03 11:00:00,0.5803703703703703,6,450,11,0,1
SF00173,2025-03-03 12:00:00,0.5874074074074075,6,450,12,0,1
SF00173,2025-03-03 13:00:00,0.61,6,450,13,0,1
SF00173,2025-03-03 14:00:00,0.6555555555555556,6,450,14,0,1
SF00173,2025-03-03 15:00:00,0.6614814814814814,6,450,15,0,1
SF00173,2025-03-03 16:00:00,0.6796296296296296,6,450,16,0,1
SF00173,2025-03-03 17:00:00,0.6692592592592592,6,450,17,0,1
SF00173,2025-03-03 18:00:00,0.7288888888888888,6,450,18,0,1
SF00173,2025-03-03 19:00:00,0.7859259259259259,6,450,19,0,1
SF00173,2025-03-03 20:00:00,0.8248148148148148,6,450,20,0,1
SF00173,2025-03-03 21:00:00,0.8288888888888889,3,450,21,0,1
SF00173,2025-04-07 00:00:00,0.6359259259259259,6,450,0,0,1
SF00173,2025-04-07 06:00:00,0.5748148148148148,6,450,6,0,1
SF00173,2025-04-07 12:00:00,0.597037037037037,6,450,12,0,1
SF00173,2025-04-07 18:00:00,0.6785185185185186,6,450,18,0,1
SF00173,2025-04-08 00:00:00,0.7381481481481481,6,450,0,1,1
SF00173,2025-04-08 06:00:00,0.6929629629629629,6,450,6,1,1
SF00173,2025-04-08 12:00:00,0.5459259259259259,6,450,12,1,1
SF00173,2025-04-08 18:00:00,0.6911111111111111,6,450,18,1,1
SF00173,2025-04-09 00:00:00,0.6874074074074074,6,450,0,2,1
SF00173,2025-04-09 06:00:00,0.6507407407407407,6,450,6,2,1
SF00173,2025-04-09 12:00:00,0.572962962962963,6,450,12,2,1
SF00173,2025-04-09 18:00:00,0.6692592592592592,6,450,18,2,1
SF00173,2025-04-10 00:00:00,0.7011111111111111,6,450,0,3,1
SF00173,2025-04-10 06:00:00,0.6822222222222223,6,450,6,3,1
SF00173,2025-04-10 12:00:00,0.5733333333333334,6,450,12,3,1
SF00173,2025-04-10 18:00:00,0.6781481481481482,6,450,18,3,1
SF00173,2025-04-11 00:00:00,0.7214814814814815,6,450,0,4,1
SF00173,2025-04-11 06:00:00,0.6788888888888889,6,450,6,4,1
SF00173,2025-04-11 12:00:00,0.5566666666666666,6,450,12,4,1
SF00173,2025-04-11 18:00:00,0.6803703703703704,6,450,18,4,1
SF00173,2025-04-12 00:00:00,0.7477777777777778,6,450,0,5,0
SF00173,2025-04-12 06:00:00,0.7348148148148148,6,450,6,5,0
SF00173,2025-04-12 12:00:00,0.6537037037037037,6,450,12,5,0
SF00173,2025-04-12 18:00:00,0.7185185185185184,6,450,18,5,0
SF00173,2025-04-13 00:00:00,0.7651851851851852,6,450,0,6,0
SF00173,2025-04-13 06:00:00,0.7322222222222222,6,450,6,6,0
SF00173,2025-04-13 12:00:00,0.654074074074074,6,450,12,6,0
SF00173,2025-04-13 18:00:00,0.6433333333333334,6,450,18,6,0
SF00180,2025-03-02 21:00:00,0.27647058823529413,2,85,21,6,0
SF00180,2025-03-02 22:00:00,0.22549019607843138,6,85,22,6,0
SF00180,2025-03-02 23:00:00,0.2235294117647059,6,85,23,6,0
SF00180,2025-03-03 00:00:00,0.21568627450980393,6,85,0,0,1
SF00180,2025-03-03 01:00:00,0.20196078431372552,6,85,1,0,1
SF00180,2025-03-03 02:00:00,0.18823529411764706,6,85,2,0,1
SF00180,2025-03-03 03:00:00,0.17450980392156865,6,85,3,0,1
SF00180,2025-03-03 04:00:00,0.1784313725490196,6,85,4,0,1
SF00180,2025-03-03 05:00:00,0.16470588235294117,6,85,5,0,1
SF00180,2025-03-03 06:00:00,0.15490196078431373,6,85,6,0,1
SF00180,2025-03-03 07:00:00,0.2764705882352941,6,85,7,0,1
SF00180,2025-03-03 08:00:00,0.5294117647058824,6,85,8,0,1
SF00180,2025-03-03 09:00:00,0.6137254901960785,6,85,9,0,1
SF00180,2025-03-03 10:00:00,0.6098039215686275,6,85,10,0,1
SF00180,2025-03-03 11:00:00,0.5823529411764706,6,85,11,0,1
SF00180,2025-03-03 12:00:00,0.5431372549019607,6,85,12,0,1
SF00180,2025-03-03 13:00:00,0.5764705882352942,6,85,13,0,1
SF00180,2025-03-03 14:00:00,0.5392156862745098,6,85,14,0,1
SF00180,2025-03-03 15:00:00,0.5274509803921569,6,85,15,0,1
SF00180,2025-03-03 16:00:00,0.5,6,85,16,0,1
SF00180,2025-03-03 17:00:00,0.39999999999999997,6,85,17,0,1
SF00180,2025-03-03 18:00:00,0.3372549019607843,6,85,18,0,1
SF00180,2025-03-03 19:00:00,0.30980392156862746,6,85,19,0,1
SF00180,2025-03-03 20:00:00,0.27058823529411763,6,85,20,0,1
SF00180,2025-03-03 21:00:00,0.2823529411764706,3,85,21,0,1
SF00180,2025-04-07 00:00:00,0.24901960784313726,6,85,0,0,1
SF00180,2025-04-07 06:00:00,0.25098039215686274,6,85,6,0,1
SF00180,2025-04-07 12:00:00,0.6098039215686274,6,85,12,0,1
SF00180,2025-04-07 18:00:00,0.396078431372549,6,85,18,0,1
SF00180,2025-04-08 00:00:00,0.2352941176470588,6,85,0,1,1
SF00180,2025-04-08 06:00:00,0.20196078431372552,6,85,6,1,1
SF00180,2025-04-08 12:00:00,0.6705882352941176,6,85,12,1,1
SF00180,2025-04-08 18:00:00,0.38431372549019605,6,85,18,1,1
SF00180,2025-04-09 00:00:00,0.2058823529411765,6,85,0,2,1
SF00180,2025-04-09 06:00:00,0.19215686274509802,6,85,6,2,1
SF00180,2025-04-09 12:00:00,0.7156862745098039,6,85,12,2,1
SF00180,2025-04-09 18:00:00,0.3588235294117647,6,85,18,2,1
SF00180,2025-04-10 00:00:00,0.2235294117647059,6,85,0,3,1
SF00180,2025-04-10 06:00:00,0.21372549019607842,6,85,6,3,1
SF00180,2025-04-10 12:00:00,0.792156862745098,6,85,12,3,1
SF00180,2025-04-10 18:00:00,0.39215686274509803,6,85,18,3,1
SF00180,2025-04-11 00:00:00,0.21176470588235294,6,85,0,4,1
SF00180,2025-04-11 06:00:00,0.16862745098039214,6,85,6,4,1
SF00180,2025-04-11 12:00:00,0.6588235294117647,6,85,12,4,1
SF00180,2025-04-11 18:00:00,0.38235294117647056,6,85,18,4,1
SF00180,2025-04-12 00:00:00,0.22745098039215686,6,85,0,5,0
SF00180,2025-04-12 06:00:00,0.19607843137254902,6,85,6,5,0
SF00180,2025-04-12 12:00:00,0.684313725490196,6,85,12,5,0
SF00180,2025-04-12 18:00:00,0.37254901960784315,6,85,18,5,0
SF00180,2025-04-13 00:00:00,0.1784313725490196,6,85,0,6,0
SF00180,2025-04-13 06:00:00,0.11960784313725491,6,85,6,6,0
SF00180,2025-04-13 12:00:00,0.7196078431372549,6,85,12,6,0
SF00180,2025-04-13 18:00:00,0.3470588235294117,6,85,18,6,0
SF00182,2025-03-02 21:00:00,0.9428571428571427,3,35,21,6,0
SF00182,2025-03-02 22:00:00,0.8999999999999999,6,35,22,6,0
SF00182,2025-03-02 23:00:00,0.7571428571428571,6,35,23,6,0
SF00182,2025-03-03 00:00:00,0.6238095238095238,6,35,0,0,1
SF00182,2025-03-03 01:00:00,0.519047619047619,6,35,1,0,1
SF00182,2025-03-03 02:00:00,0.4619047619047619,6,35,2,0,1
SF00182,2025-03-03 03:00:00,0.45714285714285713,6,35,3,0,1
SF00182,2025-03-03 04:00:00,0.45714285714285713,6,35,4,0,1
SF00182,2025-03-03 05:00:00,0.4619047619047619,6,35,5,0,1
SF00182,2025-03-03 06:00:00,0.4619047619047619,6,35,6,0,1
SF00182,2025-03-03 07:00:00,0.4619047619047619,6,35,7,0,1
SF00182,2025-03-03 08:00:00,0.5761904761904763,6,35,8,0,1
SF00182,2025-03-03 09:00:00,0.7571428571428571,6,35,9,0,1
SF00182,2025-03-03 10:00:00,0.7857142857142857,6,35,10,0,1
SF00182,2025-03-03 11:00:00,0.9238095238095237,6,35,11,0,1
SF00182,2025-03-03 12:00:00,0.9428571428571427,6,35,12,0,1
SF00182,2025-03-03 13:00:00,0.9428571428571427,6,35,13,0,1
SF00182,2025-03-03 14:00:00,0.9142857142857143,6,35,14,0,1
SF00182,2025-03-03 15:00:00,0.8476190476190476,6,35,15,0,1
SF00182,2025-03-03 16:00:00,0.7333333333333334,6,35,16,0,1
SF00182,2025-03-03 17:00:00,0.8857142857142857,6,35,17,0,1
SF00182,2025-03-03 18:00:00,0.9428571428571427,6,35,18,0,1
SF00182,2025-03-03 19:00:00,0.8333333333333334,6,35,19,0,1
SF00182,2025-03-03 20:00:00,0.41904761904761906,6,35,20,0,1
SF00182,2025-03-03 21:00:00,0.3523809523809524,3,35,21,0,1
SF00182,2025-04-07 00:00:00,0.6095238095238095,6,35,0,0,1
SF00182,2025-04-07 06:00:00,0.38571428571428573,6,35,6,0,1
SF00182,2025-04-07 12:00:00,0.8095238095238096,6,35,12,0,1
SF00182,2025-04-07 18:00:00,0.8333333333333334,6,35,18,0,1
SF00182,2025-04-08 00:00:00,0.20952380952380953,6,35,0,1,1
SF00182,2025-04-08 06:00:00,0.047619047619047616,6,35,6,1,1
SF00182,2025-04-08 12:00:00,0.6333333333333333,6,35,12,1,1
SF00182,2025-04-08 18:00:00,0.8476190476190476,6,35,18,1,1
SF00182,2025-04-09 00:00:00,0.14285714285714285,6,35,0,2,1
SF00182,2025-04-09 06:00:00,0.0857142857142857,6,35,6,2,1
SF00182,2025-04-09 12:00:00,0.6904761904761906,6,35,12,2,1
SF00182,2025-04-09 18:00:00,0.861904761904762,6,35,18,2,1
SF00182,2025-04-10 00:00:00,0.12380952380952381,6,35,0,3,1
SF00182,2025-04-10 06:00:00,0.05714285714285714,6,35,6,3,1
SF00182,2025-04-10 12:00:00,0.5190476190476191,6,35,12,3,1
SF00182,2025-04-10 18:00:00,0.7666666666666667,6,35,18,3,1
SF00182,2025-04-11 00:00:00,0.19047619047619047,6,35,0,4,1
SF00182,2025-04-11 06:00:00,0.08095238095238096,6,35,6,4,1
SF00182,2025-04-11 12:00:00,0.5476190476190476,6,35,12,4,1
SF00182,2025-04-11 18:00:00,0.938095238095238,6,35,18,4,1
SF00182,2025-04-12 00:00:00,0.09523809523809523,6,35,0,5,0
SF00182,2025-04-12 06:00:00,0.014285714285714285,6,35,6,5,0
SF00182,2025-04-12 12:00:00,0.938095238095238,6,35,12,5,0
SF00182,2025-04-12 18:00:00,0.9428571428571427,6,35,18,5,0
SF00182,2025-04-13 00:00:00,0.32857142857142857,6,35,0,6,0
SF00182,2025-04-13 06:00:00,0.2142857142857143,6,35,6,6,0
SF00182,2025-04-13 12:00:00,0.9428571428571427,6,35,12,6,0
SF00182,2025-04-13 18:00:00,0.9428571428571427,6,35,18,6,0
SF00187,2025-03-02 21:00:00,0.6121212121212122,3,55,21,6,0
SF00187,2025-03-02 22:00:00,0.5727272727272726,6,55,22,6,0
SF00187,2025-03-02 23:00:00,0.9060606060606061,6,55,23,6,0
SF00187,2025-03-03 00:00:00,0.32727272727272727,6,55,0,0,1
SF00187,2025-03-03 01:00:00,0.196969696969697,6,55,1,0,1
SF00187,2025-03-03 02:00:00,0.18484848484848485,6,55,2,0,1
SF00187,2025-03-03 03:00:00,0.20303030303030303,6,55,3,0,1
SF00187,2025-03-03 04:00:00,0.2090909090909091,6,55,4,0,1
SF00187,2025-03-03 05:00:00,0.19090909090909092,6,55,5,0,1
SF00187,2025-03-03 06:00:00,0.2878787878787879,6,55,6,0,1
SF00187,2025-03-03 07:00:00,0.28484848484848485,6,55,7,0,1
SF00187,2025-03-03 08:00:00,0.38484848484848483,6,55,8,0,1
SF00187,2025-03-03 09:00:00,0.4181818181818182,6,55,9,0,1
SF00187,2025-03-03 10:00:00,0.39999999999999997,6,55,10,0,1
SF00187,2025-03-03 11:00:00,0.37272727272727274,6,55,11,0,1
SF00187,2025-03-03 12:00:00,0.3909090909090909,6,55,12,0,1
SF00187,2025-03-03 13:00:00,0.4181818181818182,6,55,13,0,1
SF00187,2025-03-03 14:00:00,0.42424242424242425,6,55,14,0,1
SF00187,2025-03-03 15:00:00,0.4393939393939394,6,55,15,0,1
SF00187,2025-03-03 16:00:00,0.5818181818181818,6,55,16,0,1
SF00187,2025-03-03 17:00:00,0.5606060606060606,6,55,17,0,1
SF00187,2025-03-03 18:00:00,0.5909090909090909,6,55,18,0,1
SF00187,2025-03-03 19:00:00,0.5757575757575757,6,55,19,0,1
SF00187,2025-03-03 20:00:00,0.6060606060606061,6,55,20,0,1
SF00187,2025-03-03 21:00:00,0.5696969696969697,3,55,21,0,1
SF00187,2025-04-07 00:00:00,0.33030303030303027,6,55,0,0,1
SF00187,2025-04-07 06:00:00,0.29393939393939394,6,55,6,0,1
SF00187,2025-04-07 12:00:00,0.403030303030303,6,55,12,0,1
SF00187,2025-04-07 18:00:00,0.5969696969696969,6,55,18,0,1
SF00187,2025-04-08 00:00:00,0.31212121212121213,6,55,0,1,1
SF00187,2025-04-08 06:00:00,0.2606060606060606,6,55,6,1,1
SF00187,2025-04-08 12:00:00,0.37878787878787873,6,55,12,1,1
SF00187,2025-04-08 18:00:00,0.6121212121212122,6,55,18,1,1
SF00187,2025-04-09 00:00:00,0.33939393939393936,6,55,0,2,1
SF00187,2025-04-09 06:00:00,0.30303030303030304,6,55,6,2,1
SF00187,2025-04-09 12:00:00,0.396969696969697,6,55,12,2,1
SF00187,2025-04-09 18:00:00,0.6242424242424242,6,55,18,2,1
SF00187,2025-04-10 00:00:00,0.3090909090909091,6,55,0,3,1
SF00187,2025-04-10 06:00:00,0.2909090909090909,6,55,6,3,1
SF00187,2025-04-10 12:00:00,0.37878787878787873,6,55,12,3,1
SF00187,2025-04-10 18:00:00,0.6,6,55,18,3,1
SF00187,2025-04-11 00:00:00,0.3090909090909091,6,55,0,4,1
SF00187,2025-04-11 06:00:00,0.2878787878787879,6,55,6,4,1
SF00187,2025-04-11 12:00:00,0.5545454545454546,6,55,12,4,1
SF00187,2025-04-11 18:00:00,0.9212121212121213,6,55,18,4,1
SF00187,2025-04-12 00:00:00,0.3242424242424243,6,55,0,5,0
SF00187,2025-04-12 06:00:00,0.2818181818181818,6,55,6,5,0
SF00187,2025-04-12 12:00:00,0.6181818181818182,6,55,12,5,0
SF00187,2025-04-12 18:00:00,0.9090909090909091,6,55,18,5,0
SF00187,2025-04-13 00:00:00,0.33636363636363636,6,55,0,6,0
SF00187,2025-04-13 06:00:00,0.30303030303030304,6,55,6,6,0
SF00187,2025-04-13 12:00:00,0.6,6,55,12,6,0
SF00187,2025-04-13 18:00:00,0.9090909090909091,6,55,18,6,0
SF00901,2025-03-02 21:00:00,0.32894736842105265,3,76,21,6,0
SF00901,2025-03-02 22:00:00,0.2280701754385965,6,76,22,6,0
SF00901,2025-03-02 23:00:00,0.18421052631578946,6,76,23,6,0
SF00901,2025-03-03 00:00:00,0.18859649122807018,6,76,0,0,1
SF00901,2025-03-03 01:00:00,0.1929824561403509,6,76,1,0,1
SF00901,2025-03-03 02:00:00,0.18421052631578946,6,76,2,0,1
SF00901,2025-03-03 03:00:00,0.18421052631578946,6,76,3,0,1
SF00901,2025-03-03 04:00:00,0.18640350877192982,6,76,4,0,1
SF00901,2025-03-03 05:00:00,0.21052631578947367,6,76,5,0,1
SF00901,2025-03-03 06:00:00,0.20833333333333334,6,76,6,0,1
SF00901,2025-03-03 07:00:00,0.2565789473684211,6,76,7,0,1
SF00901,2025-03-03 08:00:00,0.6885964912280702,6,76,8,0,1
SF00901,2025-03-03 09:00:00,0.9736842105263158,6,76,9,0,1
SF00901,2025-03-03 10:00:00,0.9736842105263158,6,76,10,0,1
SF00901,2025-03-03 11:00:00,0.9736842105263158,6,76,11,0,1
SF00901,2025-03-03 12:00:00,0.9736842105263158,6,76,12,0,1
SF00901,2025-03-03 13:00:00,0.962719298245614,6,76,13,0,1
SF00901,2025-03-03 14:00:00,0.9736842105263158,6,76,14,0,1
SF00901,2025-03-03 15:00:00,0.9736842105263158,6,76,15,0,1
SF00901,2025-03-03 16:00:00,0.962719298245614,6,76,16,0,1
SF00901,2025-03-03 17:00:00,0.7346491228070176,6,76,17,0,1
SF00901,2025-03-03 18:00:00,0.5,6,76,18,0,1
SF00901,2025-03-03 19:00:00,0.3640350877192982,6,76,19,0,1
SF00901,2025-03-03 20:00:00,0.27850877192982454,6,76,20,0,1
SF00901,2025-03-03 21:00:00,0.23245614035087717,3,76,21,0,1
SF00901,2025-04-07 00:00:00,0.23245614035087717,6,76,0,0,1
SF00901,2025-04-07 06:00:00,0.2236842105263158,6,76,6,0,1
SF00901,2025-04-07 12:00:00,0.7456140350877193,6,76,12,0,1
SF00901,2025-04-07 18:00:00,0.44078947368421056,6,76,18,0,1
SF00901,2025-04-08 00:00:00,0.16228070175438594,6,76,0,1,1
SF00901,2025-04-08 06:00:00,0.18859649122807018,6,76,6,1,1
SF00901,2025-04-08 12:00:00,0.7478070175438596,6,76,12,1,1
SF00901,2025-04-08 18:00:00,0.3157894736842105,6,76,18,1,1
SF00901,2025-04-09 00:00:00,0.15789473684210525,6,76,0,2,1
SF00901,2025-04-09 06:00:00,0.17324561403508773,6,76,6,2,1
SF00901,2025-04-09 12:00:00,0.8618421052631579,6,76,12,2,1
SF00901,2025-04-09 18:00:00,0.43201754385964913,6,76,18,2,1
SF00901,2025-04-10 00:00:00,0.19736842105263155,6,76,0,3,1
SF00901,2025-04-10 06:00:00,0.2236842105263158,6,76,6,3,1
SF00901,2025-04-10 12:00:00,0.875,6,76,12,3,1
SF00901,2025-04-10 18:00:00,0.46491228070175433,6,76,18,3,1
SF00901,2025-04-11 00:00:00,0.23026315789473684,6,76,0,4,1
SF00901,2025-04-11 06:00:00,0.22149122807017543,6,76,6,4,1
SF00901,2025-04-11 12:00:00,0.9539473684210527,6,76,12,4,1
SF00901,2025-04-11 18:00:00,0.44298245614035087,6,76,18,4,1
SF00901,2025-04-12 00:00:00,0.1907894736842105,6,76,0,5,0
SF00901,2025-04-12 06:00:00,0.17324561403508773,6,76,6,5,0
SF00901,2025-04-12 12:00:00,0.625,6,76,12,5,0
SF00901,2025-04-12 18:00:00,0.543859649122807,6,76,18,5,0
SF00901,2025-04-13 00:00:00,0.2916666666666667,6,76,0,6,0
SF00901,2025-04-13 06:00:00,0.2565789473684211,6,76,6,6,0
SF00901,2025-04-13 12:00:00,0.8640350877192983,6,76,12,6,0
SF00901,2025-04-13 18:00:00,0.6315789473684211,6,76,18,6,0
SF00902,2025-03-02 21:00:00,0.07272727272727272,3,110,21,6,0
SF00902,2025-03-02 22:00:00,0.07272727272727272,6,110,22,6,0
SF00902,2025-03-02 23:00:00,0.07272727272727272,6,110,23,6,0
SF00902,2025-03-03 00:00:00,0.07272727272727272,6,110,0,0,1
SF00902,2025-03-03 01:00:00,0.07272727272727272,6,110,1,0,1
SF00902,2025-03-03 02:00:00,0.07272727272727272,6,110,2,0,1
SF00902,2025-03-03 03:00:00,0.07272727272727272,6,110,3,0,1
SF00902,2025-03-03 04:00:00,0.07272727272727272,6,110,4,0,1
SF00902,2025-03-03 05:00:00,0.07272727272727272,6,110,5,0,1
SF00902,2025-03-03 06:00:00,0.07272727272727272,6,110,6,0,1
SF00902,2025-03-03 07:00:00,0.07272727272727272,6,110,7,0,1
SF00902,2025-03-03 08:00:00,0.07272727272727272,6,110,8,0,1
SF00902,2025-03-03 09:00:00,0.07272727272727272,6,110,9,0,1
SF00902,2025-03-03 10:00:00,0.07272727272727272,6,110,10,0,1
SF00902,2025-03-03 11:00:00,0.07272727272727272,6,110,11,0,1
SF00902,2025-03-03 12:00:00,0.07272727272727272,6,110,12,0,1
SF00902,2025-03-03 13:00:00,0.07272727272727272,6,110,13,0,1
SF00902,2025-03-03 14:00:00,0.07272727272727272,6,110,14,0,1
SF00902,2025-03-03 15:00:00,0.07272727272727272,6,110,15,0,1
SF00902,2025-03-03 16:00:00,0.07272727272727272,6,110,16,0,1
SF00902,2025-03-03 17:00:00,0.07272727272727272,6,110,17,0,1
SF00902,2025-03-03 18:00:00,0.07272727272727272,6,110,18,0,1
SF00902,2025-03-03 19:00:00,0.07272727272727272,6,110,19,0,1
SF00902,2025-03-03 20:00:00,0.07272727272727272,6,110,20,0,1
SF00902,2025-03-03 21:00:00,0.07272727272727272,3,110,21,0,1
SF00902,2025-04-07 00:00:00,0.07272727272727272,6,110,0,0,1
SF00902,2025-04-07 06:00:00,0.07272727272727272,6,110,6,0,1
SF00902,2025-04-07 12:00:00,0.07272727272727272,6,110,12,0,1
SF00902,2025-04-07 18:00:00,0.07272727272727272,6,110,18,0,1
SF00902,2025-04-08 00:00:00,0.07272727272727272,6,110,0,1,1
SF00902,2025-04-08 06:00:00,0.07272727272727272,6,110,6,1,1
SF00902,2025-04-08 12:00:00,0.07272727272727272,6,110,12,1,1
SF00902,2025-04-08 18:00:00,0.07272727272727272,6,110,18,1,1
SF00902,2025-04-09 00:00:00,0.07272727272727272,6,110,0,2,1
SF00902,2025-04-09 06:00:00,0.07272727272727272,6,110,6,2,1
SF00902,2025-04-09 12:00:00,0.07272727272727272,6,110,12,2,1
SF00902,2025-04-09 18:00:00,0.07272727272727272,6,110,18,2,1
SF00902,2025-04-10 00:00:00,0.07272727272727272,6,110,0,3,1
SF00902,2025-04-10 06:00:00,0.07272727272727272,6,110,6,3,1
SF00902,2025-04-10 12:00:00,0.07272727272727272,6,110,12,3,1
SF00902,2025-04-10 18:00:00,0.07272727272727272,6,110,18,3,1
SF00902,2025-04-11 00:00:00,0.07272727272727272,6,110,0,4,1
SF00902,2025-04-11 06:00:00,0.07272727272727272,6,110,6,4,1
SF00902,2025-04-11 12:00:00,0.07272727272727272,6,110,12,4,1
SF00902,2025-04-11 18:00:00,0.07272727272727272,6,110,18,4,1
SF00902,2025-04-12 00:00:00,0.07272727272727272,6,110,0,5,0
SF00902,2025-04-12 06:00:00,0.07272727272727272,6,110,6,5,0
SF00902,2025-04-12 12:00:00,0.07272727272727272,6,110,12,5,0
SF00902,2025-04-12 18:00:00,0.07272727272727272,6,110,18,5,0
SF00902,2025-04-13 00:00:00,0.07272727272727272,6,110,0,6,0
SF00902,2025-04-13 06:00:00,0.07272727272727272,6,110,6,6,0
SF00902,2025-04-13 12:00:00,0.07272727272727272,6,110,12,6,0
SF00902,2025-04-13 18:00:00,0.07272727272727272,6,110,18,6,0
SF00903,2025-03-02 21:00:00,0.08163265306122448,3,147,21,6,0
SF00903,2025-03-02 22:00:00,0.08163265306122448,6,147,22,6,0
SF00903,2025-03-02 23:00:00,0.08163265306122448,6,147,23,6,0
SF00903,2025-03-03 00:00:00,0.08163265306122448,6,147,0,0,1
SF00903,2025-03-03 01:00:00,0.08163265306122448,6,147,1,0,1
SF00903,2025-03-03 02:00:00,0.08163265306122448,6,147,2,0,1
SF00903,2025-03-03 03:00:00,0.08163265306122448,6,147,3,0,1
SF00903,2025-03-03 04:00:00,0.08163265306122448,6,147,4,0,1
SF00903,2025-03-03 05:00:00,0.08163265306122448,6,147,5,0,1
SF00903,2025-03-03 06:00:00,0.08163265306122448,6,147,6,0,1
SF00903,2025-03-03 07:00:00,0.08163265306122448,6,147,7,0,1
SF00903,2025-03-03 08:00:00,0.08163265306122448,6,147,8,0,1
SF00903,2025-03-03 09:00:00,0.08163265306122448,6,147,9,0,1
SF00903,2025-03-03 10:00:00,0.08163265306122448,6,147,10,0,1
SF00903,2025-03-03 11:00:00,0.08163265306122448,6,147,11,0,1
SF00903,2025-03-03 12:00:00,0.08163265306122448,6,147,12,0,1
SF00903,2025-03-03 13:00:00,0.08163265306122448,6,147,13,0,1
SF00903,2025-03-03 14:00:00,0.08163265306122448,6,147,14,0,1
SF00903,2025-03-03 15:00:00,0.08163265306122448,6,147,15,0,1
SF00903,2025-03-03 16:00:00,0.08163265306122448,6,147,16,0,1
SF00903,2025-03-03 17:00:00,0.08163265306122448,6,147,17,0,1
SF00903,2025-03-03 18:00:00,0.08163265306122448,6,147,18,0,1
SF00903,2025-03-03 19:00:00,0.08163265306122448,6,147,19,0,1
SF00903,2025-03-03 20:00:00,0.08163265306122448,6,147,20,0,1
SF00903,2025-03-03 21:00:00,0.08163265306122448,3,147,21,0,1
SF00903,2025-04-07 00:00:00,0.08163265306122448,6,147,0,0,1
SF00903,2025-04-07 06:00:00,0.08163265306122448,6,147,6,0,1
SF00903,2025-04-07 12:00:00,0.08163265306122448,6,147,12,0,1
SF00903,2025-04-07 18:00:00,0.08163265306122448,6,147,18,0,1
SF00903,2025-04-08 00:00:00,0.08163265306122448,6,147,0,1,1
SF00903,2025-04-08 06:00:00,0.08163265306122448,6,147,6,1,1
SF00903,2025-04-08 12:00:00,0.08163265306122448,6,147,12,1,1
SF00903,2025-04-08 18:00:00,0.08163265306122448,6,147,18,1,1
SF00903,2025-04-09 00:00:00,0.08163265306122448,6,147,0,2,1
SF00903,2025-04-09 06:00:00,0.08163265306122448,6,147,6,2,1
SF00903,2025-04-09 12:00:00,0.08163265306122448,6,147,12,2,1
SF00903,2025-04-09 18:00:00,0.08163265306122448,6,147,18,2,1
SF00903,2025-04-10 00:00:00,0.08163265306122448,6,147,0,3,1
SF00903,2025-04-10 06:00:00,0.08163265306122448,6,147,6,3,1
SF00903,2025-04-10 12:00:00,0.08163265306122448,6,147,12,3,1
SF00903,2025-04-10 18:00:00,0.08163265306122448,6,147,18,3,1
SF00903,2025-04-11 00:00:00,0.08163265306122448,6,147,0,4,1
SF00903,2025-04-11 06:00:00,0.08163265306122448,6,147,6,4,1
SF00903,2025-04-11 12:00:00,0.08163265306122448,6,147,12,4,1
SF00903,2025-04-11 18:00:00,0.08163265306122448,6,147,18,4,1
SF00903,2025-04-12 00:00:00,0.08163265306122448,6,147,0,5,0
SF00903,2025-04-12 06:00:00,0.08163265306122448,6,147,6,5,0
SF00903,2025-04-12 12:00:00,0.08163265306122448,6,147,12,5,0
SF00903,2025-04-12 18:00:00,0.08163265306122448,6,147,18,5,0
SF00903,2025-04-13 00:00:00,0.08163265306122448,6,147,0,6,0
SF00903,2025-04-13 06:00:00,0.08163265306122448,6,147,6,6,0
SF00903,2025-04-13 12:00:00,0.08163265306122448,6,147,12,6,0
SF00903,2025-04-13 18:00:00,0.08163265306122448,6,147,18,6,0
SF00904,2025-03-02 21:00:00,0.15555555555555556,2,180,21,6,0
SF00904,2025-03-02 22:00:00,0.11481481481481481,6,180,22,6,0
SF00904,2025-03-02 23:00:00,0.09444444444444444,6,180,23,6,0
SF00904,2025-03-03 00:00:00,0.07962962962962962,6,180,0,0,1
SF00904,2025-03-03 01:00:00,0.07777777777777778,6,180,1,0,1
SF00904,2025-03-03 02:00:00,0.07777777777777778,6,180,2,0,1
SF00904,2025-03-03 03:00:00,0.07777777777777778,6,180,3,0,1
SF00904,2025-03-03 04:00:00,0.075,6,180,4,0,1
SF00904,2025-03-03 05:00:00,0.07222222222222222,6,180,5,0,1
SF00904,2025-03-03 06:00:00,0.07222222222222222,6,180,6,0,1
SF00904,2025-03-03 07:00:00,0.08055555555555555,6,180,7,0,1
SF00904,2025-03-03 08:00:00,0.27777777777777773,6,180,8,0,1
SF00904,2025-03-03 09:00:00,0.32962962962962966,6,180,9,0,1
SF00904,2025-03-03 10:00:00,0.3212962962962963,6,180,10,0,1
SF00904,2025-03-03 11:00:00,0.2675925925925926,6,180,11,0,1
SF00904,2025-03-03 12:00:00,0.2490740740740741,6,180,12,0,1
SF00904,2025-03-03 13:00:00,0.31666666666666665,6,180,13,0,1
SF00904,2025-03-03 14:00:00,0.3527777777777778,6,180,14,0,1
SF00904,2025-03-03 15:00:00,0.34722222222222227,6,180,15,0,1
SF00904,2025-03-03 16:00:00,0.3287037037037037,6,180,16,0,1
SF00904,2025-03-03 17:00:00,0.2657407407407408,6,180,17,0,1
SF00904,2025-03-03 18:00:00,0.21296296296296294,6,180,18,0,1
SF00904,2025-03-03 19:00:00,0.21944444444444444,6,180,19,0,1
SF00904,2025-03-03 20:00:00,0.18240740740740743,6,180,20,0,1
SF00904,2025-03-03 21:00:00,0.15555555555555556,3,180,21,0,1
SF00904,2025-04-07 00:00:00,0.08518518518518518,6,180,0,0,1
SF00904,2025-04-07 06:00:00,0.08518518518518518,6,180,6,0,1
SF00904,2025-04-07 12:00:00,0.32962962962962966,6,180,12,0,1
SF00904,2025-04-07 18:00:00,0.18796296296296297,6,180,18,0,1
SF00904,2025-04-08 00:00:00,0.13796296296296295,6,180,0,1,1
SF00904,2025-04-08 06:00:00,0.1074074074074074,6,180,6,1,1
SF00904,2025-04-08 12:00:00,0.2518518518518518,6,180,12,1,1
SF00904,2025-04-08 18:00:00,0.1814814814814815,6,180,18,1,1
SF00904,2025-04-09 00:00:00,0.12314814814814813,6,180,0,2,1
SF00904,2025-04-09 06:00:00,0.11481481481481481,6,180,6,2,1
SF00904,2025-04-09 12:00:00,0.22777777777777777,6,180,12,2,1
SF00904,2025-04-09 18:00:00,0.20833333333333334,6,180,18,2,1
SF00904,2025-04-10 00:00:00,0.10833333333333334,6,180,0,3,1
SF00904,2025-04-10 06:00:00,0.09444444444444444,6,180,6,3,1
SF00904,2025-04-10 12:00:00,0.262037037037037,6,180,12,3,1
SF00904,2025-04-10 18:00:00,0.2564814814814815,6,180,18,3,1
SF00904,2025-04-11 00:00:00,0.12222222222222222,6,180,0,4,1
SF00904,2025-04-11 06:00:00,0.10648148148148147,6,180,6,4,1
SF00904,2025-04-11 12:00:00,0.2787037037037037,6,180,12,4,1
SF00904,2025-04-11 18:00:00,0.24444444444444444,6,180,18,4,1
SF00904,2025-04-12 00:00:00,0.13148148148148148,6,180,0,5,0
SF00904,2025-04-12 06:00:00,0.10555555555555556,6,180,6,5,0
SF00904,2025-04-12 12:00:00,0.25740740740740736,6,180,12,5,0
SF00904,2025-04-12 18:00:00,0.1722222222222222,6,180,18,5,0
SF00904,2025-04-13 00:00:00,0.08796296296296297,6,180,0,6,0
SF00904,2025-04-13 06:00:00,0.07222222222222222,6,180,6,6,0
SF00904,2025-04-13 12:00:00,0.1851851851851852,6,180,12,6,0
SF00904,2025-04-13 18:00:00,0.14537037037037037,6,180,18,6,0
SF00906,2025-03-02 21:00:00,0.08333333333333333,3,180,21,6,0
SF00906,2025-03-02 22:00:00,0.08333333333333333,6,180,22,6,0
SF00906,2025-03-02 23:00:00,0.08333333333333333,6,180,23,6,0
SF00906,2025-03-03 00:00:00,0.08333333333333333,6,180,0,0,1
SF00906,2025-03-03 01:00:00,0.08333333333333333,6,180,1,0,1
SF00906,2025-03-03 02:00:00,0.08333333333333333,6,180,2,0,1
SF00906,2025-03-03 03:00:00,0.08333333333333333,6,180,3,0,1
SF00906,2025-03-03 04:00:00,0.08333333333333333,6,180,4,0,1
SF00906,2025-03-03 05:00:00,0.08333333333333333,6,180,5,0,1
SF00906,2025-03-03 06:00:00,0.08333333333333333,6,180,6,0,1
SF00906,2025-03-03 07:00:00,0.08333333333333333,6,180,7,0,1
SF00906,2025-03-03 08:00:00,0.08333333333333333,6,180,8,0,1
SF00906,2025-03-03 09:00:00,0.08333333333333333,6,180,9,0,1
SF00906,2025-03-03 10:00:00,0.08333333333333333,6,180,10,0,1
SF00906,2025-03-03 11:00:00,0.08333333333333333,6,180,11,0,1
SF00906,2025-03-03 12:00:00,0.08333333333333333,6,180,12,0,1
SF00906,2025-03-03 13:00:00,0.08333333333333333,6,180,13,0,1
SF00906,2025-03-03 14:00:00,0.08333333333333333,6,180,14,0,1
SF00906,2025-03-03 15:00:00,0.08333333333333333,6,180,15,0,1
SF00906,2025-03-03 16:00:00,0.08333333333333333,6,180,16,0,1
SF00906,2025-03-03 17:00:00,0.08333333333333333,6,180,17,0,1
SF00906,2025-03-03 18:00:00,0.08333333333333333,6,180,18,0,1
SF00906,2025-03-03 19:00:00,0.08333333333333333,6,180,19,0,1
SF00906,2025-03-03 20:00:00,0.08333333333333333,6,180,20,0,1
SF00906,2025-03-03 21:00:00,0.08333333333333333,3,180,21,0,1
SF00906,2025-04-07 00:00:00,0.08333333333333333,6,180,0,0,1
SF00906,2025-04-07 06:00:00,0.08333333333333333,6,180,6,0,1
SF00906,2025-04-07 12:00:00,0.08333333333333333,6,180,12,0,1
SF00906,2025-04-07 18:00:00,0.08333333333333333,6,180,18,0,1
SF00906,2025-04-08 00:00:00,0.08333333333333333,6,180,0,1,1
SF00906,2025-04-08 06:00:00,0.08333333333333333,6,180,6,1,1
SF00906,2025-04-08 12:00:00,0.08333333333333333,6,180,12,1,1
SF00906,2025-04-08 18:00:00,0.08333333333333333,6,180,18,1,1
SF00906,2025-04-09 00:00:00,0.08333333333333333,6,180,0,2,1
SF00906,2025-04-09 06:00:00,0.08333333333333333,6,180,6,2,1
SF00906,2025-04-09 12:00:00,0.08333333333333333,6,180,12,2,1
SF00906,2025-04-09 18:00:00,0.08333333333333333,6,180,18,2,1
SF00906,2025-04-10 00:00:00,0.08333333333333333,6,180,0,3,1
SF00906,2025-04-10 06:00:00,0.08333333333333333,6,180,6,3,1
SF00906,2025-04-10 12:00:00,0.08333333333333333,6,180,12,3,1
SF00906,2025-04-10 18:00:00,0.08333333333333333,6,180,18,3,1
SF00906,2025-04-11 00:00:00,0.08333333333333333,6,180,0,4,1
SF00906,2025-04-11 06:00:00,0.08333333333333333,6,180,6,4,1
SF00906,2025-04-11 12:00:00,0.08333333333333333,6,180,12,4,1
SF00906,2025-04-11 18:00:00,0.08333333333333333,6,180,18,4,1
SF00906,2025-04-12 00:00:00,0.08333333333333333,6,180,0,5,0
SF00906,2025-04-12 06:00:00,0.08333333333333333,6,180,6,5,0
SF00906,2025-04-12 12:00:00,0.08333333333333333,6,180,12,5,0
SF00906,2025-04-12 18:00:00,0.08333333333333333,6,180,18,5,0
SF00906,2025-04-13 00:00:00,0.08333333333333333,6,180,0,6,0
SF00906,2025-04-13 06:00:00,0.08333333333333333,6,180,6,6,0
SF00906,2025-04-13 12:00:00,0.08333333333333333,6,180,12,6,0
SF00906,2025-04-13 18:00:00,0.08333333333333333,6,180,18,6,0
SF00907,2025-03-02 21:00:00,0.93875,2,400,21,6,0
SF00907,2025-03-02 22:00:00,0.9195833333333333,6,400,22,6,0
SF00907,2025-03-02 23:00:00,0.8929166666666667,6,400,23,6,0
SF00907,2025-03-03 00:00:00,0.8441666666666666,6,400,0,0,1
SF00907,2025-03-03 01:00:00,0.7908333333333334,6,400,1,0,1
SF00907,2025-03-03 02:00:00,0.76125,6,400,2,0,1
SF00907,2025-03-03 03:00:00,0.7283333333333334,6,400,3,0,1
SF00907,2025-03-03 04:00:00,0.7045833333333333,6,400,4,0,1
SF00907,2025-03-03 05:00:00,0.7170833333333334,6,400,5,0,1
SF00907,2025-03-03 06:00:00,0.7441666666666666,6,400,6,0,1
SF00907,2025-03-03 07:00:00,0.7425,6,400,7,0,1
SF00907,2025-03-03 08:00:00,0.7591666666666667,6,400,8,0,1
SF00907,2025-03-03 09:00:00,0.7558333333333334,6,400,9,0,1
SF00907,2025-03-03 10:00:00,0.7533333333333333,6,400,10,0,1
SF00907,2025-03-03 11:00:00,0.7658333333333333,6,400,11,0,1
SF00907,2025-03-03 12:00:00,0.80625,6,400,12,0,1
SF00907,2025-03-03 13:00:00,0.76375,6,400,13,0,1
SF00907,2025-03-03 14:00:00,0.74125,6,400,14,0,1
SF00907,2025-03-03 15:00:00,0.7454166666666667,6,400,15,0,1
SF00907,2025-03-03 16:00:00,0.80625,6,400,16,0,1
SF00907,2025-03-03 17:00:00,0.8925000000000001,6,400,17,0,1
SF00907,2025-03-03 18:00:00,0.8833333333333333,6,400,18,0,1
SF00907,2025-03-03 19:00:00,0.94,6,400,19,0,1
SF00907,2025-03-03 20:00:00,0.93375,6,400,20,0,1
SF00907,2025-03-03 21:00:00,0.8850000000000001,3,400,21,0,1
SF00907,2025-04-07 00:00:00,0.7362500000000001,6,400,0,0,1
SF00907,2025-04-07 06:00:00,0.7012499999999999,6,400,6,0,1
SF00907,2025-04-07 12:00:00,0.7083333333333334,6,400,12,0,1
SF00907,2025-04-07 18:00:00,0.8279166666666667,6,400,18,0,1
SF00907,2025-04-08 00:00:00,0.7570833333333332,6,400,0,1,1
SF00907,2025-04-08 06:00:00,0.7475,6,400,6,1,1
SF00907,2025-04-08 12:00:00,0.6758333333333333,6,400,12,1,1
SF00907,2025-04-08 18:00:00,0.8129166666666667,6,400,18,1,1
SF00907,2025-04-09 00:00:00,0.7420833333333334,6,400,0,2,1
SF00907,2025-04-09 06:00:00,0.7133333333333334,6,400,6,2,1
SF00907,2025-04-09 12:00:00,0.6699999999999999,6,400,12,2,1
SF00907,2025-04-09 18:00:00,0.8233333333333333,6,400,18,2,1
SF00907,2025-04-10 00:00:00,0.7833333333333333,6,400,0,3,1
SF00907,2025-04-10 06:00:00,0.7429166666666666,6,400,6,3,1
SF00907,2025-04-10 12:00:00,0.73875,6,400,12,3,1
SF00907,2025-04-10 18:00:00,0.8608333333333333,6,400,18,3,1
SF00907,2025-04-11 00:00:00,0.77625,6,400,0,4,1
SF00907,2025-04-11 06:00:00,0.7108333333333333,6,400,6,4,1
SF00907,2025-04-11 12:00:00,0.7025,6,400,12,4,1
SF00907,2025-04-11 18:00:00,0.8745833333333333,6,400,18,4,1
SF00907,2025-04-12 00:00:00,0.8741666666666666,6,400,0,5,0
SF00907,2025-04-12 06:00:00,0.8516666666666667,6,400,6,5,0
SF00907,2025-04-12 12:00:00,0.9920833333333333,6,400,12,5,0
SF00907,2025-04-12 18:00:00,0.995,6,400,18,5,0
SF00907,2025-04-13 00:00:00,0.875,6,400,0,6,0
SF00907,2025-04-13 06:00:00,0.7920833333333334,6,400,6,6,0
SF00907,2025-04-13 12:00:00,0.9391666666666666,6,400,12,6,0
SF00907,2025-04-13 18:00:00,0.8670833333333334,6,400,18,6,0
SF00908,2025-03-02 21:00:00,0.42037037037037034,3,180,21,6,0
SF00908,2025-03-02 22:00:00,0.41203703703703703,6,180,22,6,0
SF00908,2025-03-02 23:00:00,0.8925925925925927,6,180,23,6,0
SF00908,2025-03-03 00:00:00,0.3314814814814815,6,180,0,0,1
SF00908,2025-03-03 01:00:00,0.21018518518518517,6,180,1,0,1
SF00908,2025-03-03 02:00:00,0.19814814814814816,6,180,2,0,1
SF00908,2025-03-03 03:00:00,0.19166666666666665,6,180,3,0,1
SF00908,2025-03-03 04:00:00,0.20277777777777775,6,180,4,0,1
SF00908,2025-03-03 05:00:00,0.1962962962962963,6,180,5,0,1
SF00908,2025-03-03 06:00:00,0.2898148148148148,6,180,6,0,1
SF00908,2025-03-03 07:00:00,0.6194444444444445,6,180,7,0,1
SF00908,2025-03-03 08:00:00,0.9453703703703704,6,180,8,0,1
SF00908,2025-03-03 09:00:00,0.9888888888888889,6,180,9,0,1
SF00908,2025-03-03 10:00:00,0.9231481481481482,6,180,10,0,1
SF00908,2025-03-03 11:00:00,0.9092592592592593,6,180,11,0,1
SF00908,2025-03-03 12:00:00,0.8888888888888888,6,180,12,0,1
SF00908,2025-03-03 13:00:00,0.9092592592592593,6,180,13,0,1
SF00908,2025-03-03 14:00:00,0.976851851851852,6,180,14,0,1
SF00908,2025-03-03 15:00:00,0.9888888888888889,6,180,15,0,1
SF00908,2025-03-03 16:00:00,0.6675925925925926,6,180,16,0,1
SF00908,2025-03-03 17:00:00,0.6092592592592593,6,180,17,0,1
SF00908,2025-03-03 18:00:00,0.5990740740740741,6,180,18,0,1
SF00908,2025-03-03 19:00:00,0.6101851851851852,6,180,19,0,1
SF00908,2025-03-03 20:00:00,0.42777777777777776,6,180,20,0,1
SF00908,2025-03-03 21:00:00,0.40925925925925927,3,180,21,0,1
SF00908,2025-04-07 00:00:00,0.3333333333333333,6,180,0,0,1
SF00908,2025-04-07 06:00:00,0.28425925925925927,6,180,6,0,1
SF00908,2025-04-07 12:00:00,0.8953703703703703,6,180,12,0,1
SF00908,2025-04-07 18:00:00,0.6027777777777777,6,180,18,0,1
SF00908,2025-04-08 00:00:00,0.3277777777777778,6,180,0,1,1
SF00908,2025-04-08 06:00:00,0.29444444444444445,6,180,6,1,1
SF00908,2025-04-08 12:00:00,0.8972222222222221,6,180,12,1,1
SF00908,2025-04-08 18:00:00,0.5972222222222222,6,180,18,1,1
SF00908,2025-04-09 00:00:00,0.33240740740740743,6,180,0,2,1
SF00908,2025-04-09 06:00:00,0.2981481481481481,6,180,6,2,1
SF00908,2025-04-09 12:00:00,0.9101851851851852,6,180,12,2,1
SF00908,2025-04-09 18:00:00,0.6101851851851853,6,180,18,2,1
SF00908,2025-04-10 00:00:00,0.3333333333333333,6,180,0,3,1
SF00908,2025-04-10 06:00:00,0.28703703703703703,6,180,6,3,1
SF00908,2025-04-10 12:00:00,0.8861111111111111,6,180,12,3,1
SF00908,2025-04-10 18:00:00,0.6185185185185186,6,180,18,3,1
SF00908,2025-04-11 00:00:00,0.3361111111111111,6,180,0,4,1
SF00908,2025-04-11 06:00:00,0.29537037037037034,6,180,6,4,1
SF00908,2025-04-11 12:00:00,0.5046296296296297,6,180,12,4,1
SF00908,2025-04-11 18:00:00,0.49074074074074076,6,180,18,4,1
SF00908,2025-04-12 00:00:00,0.33796296296296297,6,180,0,5,0
SF00908,2025-04-12 06:00:00,0.2935185185185185,6,180,6,5,0
SF00908,2025-04-12 12:00:00,0.49907407407407406,6,180,12,5,0
SF00908,2025-04-12 18:00:00,0.4916666666666667,6,180,18,5,0
SF00908,2025-04-13 00:00:00,0.33055555555555555,6,180,0,6,0
SF00908,2025-04-13 06:00:00,0.2916666666666667,6,180,6,6,0
SF00908,2025-04-13 12:00:00,0.49907407407407406,6,180,12,6,0
SF00908,2025-04-13 18:00:00,0.5009259259259259,6,180,18,6,0
SF00909,2025-03-02 21:00:00,0.6033333333333334,3,100,21,6,0
SF00909,2025-03-02 22:00:00,0.5833333333333334,6,100,22,6,0
SF00909,2025-03-02 23:00:00,0.9133333333333332,6,100,23,6,0
SF00909,2025-03-03 00:00:00,0.3383333333333334,6,100,0,0,1
SF00909,2025-03-03 01:00:00,0.20333333333333334,6,100,1,0,1
SF00909,2025-03-03 02:00:00,0.20666666666666667,6,100,2,0,1
SF00909,2025-03-03 03:00:00,0.19666666666666666,6,100,3,0,1
SF00909,2025-03-03 04:00:00,0.20666666666666667,6,100,4,0,1
SF00909,2025-03-03 05:00:00,0.19833333333333333,6,100,5,0,1
SF00909,2025-03-03 06:00:00,0.26666666666666666,6,100,6,0,1
SF00909,2025-03-03 07:00:00,0.305,6,100,7,0,1
SF00909,2025-03-03 08:00:00,0.39166666666666666,6,100,8,0,1
SF00909,2025-03-03 09:00:00,0.4033333333333333,6,100,9,0,1
SF00909,2025-03-03 10:00:00,0.4083333333333334,6,100,10,0,1
SF00909,2025-03-03 11:00:00,0.4116666666666666,6,100,11,0,1
SF00909,2025-03-03 12:00:00,0.38999999999999996,6,100,12,0,1
SF00909,2025-03-03 13:00:00,0.4383333333333333,6,100,13,0,1
SF00909,2025-03-03 14:00:00,0.42,6,100,14,0,1
SF00909,2025-03-03 15:00:00,0.41500000000000004,6,100,15,0,1
SF00909,2025-03-03 16:00:00,0.5483333333333333,6,100,16,0,1
SF00909,2025-03-03 17:00:00,0.6016666666666667,6,100,17,0,1
SF00909,2025-03-03 18:00:00,0.605,6,100,18,0,1
SF00909,2025-03-03 19:00:00,0.615,6,100,19,0,1
SF00909,2025-03-03 20:00:00,0.5983333333333333,6,100,20,0,1
SF00909,2025-03-03 21:00:00,0.6133333333333333,3,100,21,0,1
SF00909,2025-04-07 00:00:00,0.3283333333333333,6,100,0,0,1
SF00909,2025-04-07 06:00:00,0.2816666666666667,6,100,6,0,1
SF00909,2025-04-07 12:00:00,0.3933333333333333,6,100,12,0,1
SF00909,2025-04-07 18:00:00,0.585,6,100,18,0,1
SF00909,2025-04-08 00:00:00,0.3183333333333333,6,100,0,1,1
SF00909,2025-04-08 06:00:00,0.27,6,100,6,1,1
SF00909,2025-04-08 12:00:00,0.3933333333333333,6,100,12,1,1
SF00909,2025-04-08 18:00:00,0.595,6,100,18,1,1
SF00909,2025-04-09 00:00:00,0.3183333333333333,6,100,0,2,1
SF00909,2025-04-09 06:00:00,0.26666666666666666,6,100,6,2,1
SF00909,2025-04-09 12:00:00,0.4166666666666667,6,100,12,2,1
SF00909,2025-04-09 18:00:00,0.615,6,100,18,2,1
SF00909,2025-04-10 00:00:00,0.33,6,100,0,3,1
SF00909,2025-04-10 06:00:00,0.29,6,100,6,3,1
SF00909,2025-04-10 12:00:00,0.38166666666666665,6,100,12,3,1
SF00909,2025-04-10 18:00:00,0.6,6,100,18,3,1
SF00909,2025-04-11 00:00:00,0.32666666666666666,6,100,0,4,1
SF00909,2025-04-11 06:00:00,0.31,6,100,6,4,1
SF00909,2025-04-11 12:00:00,0.605,6,100,12,4,1
SF00909,2025-04-11 18:00:00,0.91,6,100,18,4,1
SF00909,2025-04-12 00:00:00,0.32666666666666666,6,100,0,5,0
SF00909,2025-04-12 06:00:00,0.29333333333333333,6,100,6,5,0
SF00909,2025-04-12 12:00:00,0.6,6,100,12,5,0
SF00909,2025-04-12 18:00:00,0.8916666666666666,6,100,18,5,0
SF00909,2025-04-13 00:00:00,0.3183333333333333,6,100,0,6,0
SF00909,2025-04-13 06:00:00,0.26833333333333337,6,100,6,6,0
SF00909,2025-04-13 12:00:00,0.5933333333333333,6,100,12,6,0
SF00909,2025-04-13 18:00:00,0.895,6,100,18,6,0
SF00910,2025-03-02 21:00:00,0.09,2,100,21,6,0
SF00910,2025-03-02 22:00:00,0.09000000000000001,6,100,22,6,0
SF00910,2025-03-02 23:00:00,0.09000000000000001,6,100,23,6,0
SF00910,2025-03-03 00:00:00,0.09000000000000001,6,100,0,0,1
SF00910,2025-03-03 01:00:00,0.09000000000000001,6,100,1,0,1
SF00910,2025-03-03 02:00:00,0.09000000000000001,6,100,2,0,1
SF00910,2025-03-03 03:00:00,0.09000000000000001,6,100,3,0,1
SF00910,2025-03-03 04:00:00,0.09000000000000001,6,100,4,0,1
SF00910,2025-03-03 05:00:00,0.09000000000000001,6,100,5,0,1
SF00910,2025-03-03 06:00:00,0.09000000000000001,6,100,6,0,1
SF00910,2025-03-03 07:00:00,0.09000000000000001,6,100,7,0,1
SF00910,2025-03-03 08:00:00,0.09000000000000001,6,100,8,0,1
SF00910,2025-03-03 09:00:00,0.09000000000000001,6,100,9,0,1
SF00910,2025-03-03 10:00:00,0.09000000000000001,6,100,10,0,1
SF00910,2025-03-03 11:00:00,0.09000000000000001,6,100,11,0,1
SF00910,2025-03-03 12:00:00,0.09000000000000001,6,100,12,0,1
SF00910,2025-03-03 13:00:00,0.09000000000000001,6,100,13,0,1
SF00910,2025-03-03 14:00:00,0.09000000000000001,6,100,14,0,1
SF00910,2025-03-03 15:00:00,0.09000000000000001,6,100,15,0,1
SF00910,2025-03-03 16:00:00,0.09000000000000001,6,100,16,0,1
SF00910,2025-03-03 17:00:00,0.09000000000000001,6,100,17,0,1
SF00910,2025-03-03 18:00:00,0.09000000000000001,6,100,18,0,1
SF00910,2025-03-03 19:00:00,0.09000000000000001,6,100,19,0,1
SF00910,2025-03-03 20:00:00,0.09000000000000001,6,100,20,0,1
SF00910,2025-03-03 21:00:00,0.09000000000000001,3,100,21,0,1
SF00910,2025-04-07 00:00:00,0.09000000000000001,6,100,0,0,1
SF00910,2025-04-07 06:00:00,0.09000000000000001,6,100,6,0,1
SF00910,2025-04-07 12:00:00,0.09000000000000001,6,100,12,0,1
SF00910,2025-04-07 18:00:00,0.09000000000000001,6,100,18,0,1
SF00910,2025-04-08 00:00:00,0.09000000000000001,6,100,0,1,1
SF00910,2025-04-08 06:00:00,0.09000000000000001,6,100,6,1,1
SF00910,2025-04-08 12:00:00,0.09000000000000001,6,100,12,1,1
SF00910,2025-04-08 18:00:00,0.09000000000000001,6,100,18,1,1
SF00910,2025-04-09 00:00:00,0.09000000000000001,6,100,0,2,1
SF00910,2025-04-09 06:00:00,0.09000000000000001,6,100,6,2,1
SF00910,2025-04-09 12:00:00,0.09000000000000001,6,100,12,2,1
SF00910,2025-04-09 18:00:00,0.09000000000000001,6,100,18,2,1
SF00910,2025-04-10 00:00:00,0.09000000000000001,6,100,0,3,1
SF00910,2025-04-10 06:00:00,0.09000000000000001,6,100,6,3,1
SF00910,2025-04-10 12:00:00,0.09000000000000001,6,100,12,3,1
SF00910,2025-04-10 18:00:00,0.09000000000000001,6,100,18,3,1
SF00910,2025-04-11 00:00:00,0.09000000000000001,6,100,0,4,1
SF00910,2025-04-11 06:00:00,0.09000000000000001,6,100,6,4,1
SF00910,2025-04-11 12:00:00,0.09000000000000001,6,100,12,4,1
SF00910,2025-04-11 18:00:00,0.09000000000000001,6,100,18,4,1
SF00910,2025-04-12 00:00:00,0.09000000000000001,6,100,0,5,0
SF00910,2025-04-12 06:00:00,0.09000000000000001,6,100,6,5,0
SF00910,2025-04-12 12:00:00,0.09000000000000001,6,100,12,5,0
SF00910,2025-04-12 18:00:00,0.09000000000000001,6,100,18,5,0
SF00910,2025-04-13 00:00:00,0.09000000000000001,6,100,0,6,0
SF00910,2025-04-13 06:00:00,0.09000000000000001,6,100,6,6,0
SF00910,2025-04-13 12:00:00,0.09000000000000001,6,100,12,6,0
SF00910,2025-04-13 18:00:00,0.09000000000000001,6,100,18,6,0
SF00912,2025-03-02 21:00:00,0.34705882352941175,2,85,21,6,0
SF00912,2025-03-02 22:00:00,0.40196078431372545,6,85,22,6,0
SF00912,2025-03-02 23:00:00,0.8764705882352941,6,85,23,6,0
SF00912,2025-03-03 00:00:00,0.3450980392156862,6,85,0,0,1
SF00912,2025-03-03 01:00:00,0.2058823529411765,6,85,1,0,1
SF00912,2025-03-03 02:00:00,0.19999999999999998,6,85,2,0,1
SF00912,2025-03-03 03:00:00,0.2196078431372549,6,85,3,0,1
SF00912,2025-03-03 04:00:00,0.19999999999999998,6,85,4,0,1
SF00912,2025-03-03 05:00:00,0.21176470588235294,6,85,5,0,1
SF00912,2025-03-03 06:00:00,0.28627450980392155,6,85,6,0,1
SF00912,2025-03-03 07:00:00,0.6509803921568628,6,85,7,0,1
SF00912,2025-03-03 08:00:00,0.9372549019607842,6,85,8,0,1
SF00912,2025-03-03 09:00:00,0.9764705882352941,6,85,9,0,1
SF00912,2025-03-03 10:00:00,0.9058823529411765,6,85,10,0,1
SF00912,2025-03-03 11:00:00,0.907843137254902,6,85,11,0,1
SF00912,2025-03-03 12:00:00,0.9098039215686274,6,85,12,0,1
SF00912,2025-03-03 13:00:00,0.9058823529411765,6,85,13,0,1
SF00912,2025-03-03 14:00:00,0.9588235294117647,6,85,14,0,1
SF00912,2025-03-03 15:00:00,0.9764705882352941,6,85,15,0,1
SF00912,2025-03-03 16:00:00,0.6607843137254902,6,85,16,0,1
SF00912,2025-03-03 17:00:00,0.6019607843137255,6,85,17,0,1
SF00912,2025-03-03 18:00:00,0.5843137254901961,6,85,18,0,1
SF00912,2025-03-03 19:00:00,0.6196078431372549,6,85,19,0,1
SF00912,2025-03-03 20:00:00,0.46274509803921565,6,85,20,0,1
SF00912,2025-03-03 21:00:00,0.38823529411764707,3,85,21,0,1
SF00912,2025-04-07 00:00:00,0.33921568627450976,6,85,0,0,1
SF00912,2025-04-07 06:00:00,0.2882352941176471,6,85,6,0,1
SF00912,2025-04-07 12:00:00,0.9,6,85,12,0,1
SF00912,2025-04-07 18:00:00,0.6,6,85,18,0,1
SF00912,2025-04-08 00:00:00,0.3215686274509804,6,85,0,1,1
SF00912,2025-04-08 06:00:00,0.2745098039215686,6,85,6,1,1
SF00912,2025-04-08 12:00:00,0.892156862745098,6,85,12,1,1
SF00912,2025-04-08 18:00:00,0.592156862745098,6,85,18,1,1
SF00912,2025-04-09 00:00:00,0.3372549019607843,6,85,0,2,1
SF00912,2025-04-09 06:00:00,0.30392156862745096,6,85,6,2,1
SF00912,2025-04-09 12:00:00,0.8999999999999999,6,85,12,2,1
SF00912,2025-04-09 18:00:00,0.6098039215686275,6,85,18,2,1
SF00912,2025-04-10 00:00:00,0.3372549019607843,6,85,0,3,1
SF00912,2025-04-10 06:00:00,0.296078431372549,6,85,6,3,1
SF00912,2025-04-10 12:00:00,0.9098039215686274,6,85,12,3,1
SF00912,2025-04-10 18:00:00,0.5901960784313726,6,85,18,3,1
SF00912,2025-04-11 00:00:00,0.3470588235294118,6,85,0,4,1
SF00912,2025-04-11 06:00:00,0.2882352941176471,6,85,6,4,1
SF00912,2025-04-11 12:00:00,0.5137254901960784,6,85,12,4,1
SF00912,2025-04-11 18:00:00,0.5235294117647059,6,85,18,4,1
SF00912,2025-04-12 00:00:00,0.32941176470588235,6,85,0,5,0
SF00912,2025-04-12 06:00:00,0.2882352941176471,6,85,6,5,0
SF00912,2025-04-12 12:00:00,0.49215686274509807,6,85,12,5,0
SF00912,2025-04-12 18:00:00,0.49607843137254903,6,85,18,5,0
SF00912,2025-04-13 00:00:00,0.33137254901960783,6,85,0,6,0
SF00912,2025-04-13 06:00:00,0.31960784313725493,6,85,6,6,0
SF00912,2025-04-13 12:00:00,0.5176470588235295,6,85,12,6,0
SF00912,2025-04-13 18:00:00,0.47843137254901963,6,85,18,6,0
SF00913,2025-03-02 21:00:00,0.044444444444444446,3,45,21,6,0
SF00913,2025-03-02 22:00:00,0.044444444444444446,6,45,22,6,0
SF00913,2025-03-02 23:00:00,0.044444444444444446,6,45,23,6,0
SF00913,2025-03-03 00:00:00,0.044444444444444446,6,45,0,0,1
SF00913,2025-03-03 01:00:00,0.044444444444444446,6,45,1,0,1
SF00913,2025-03-03 02:00:00,0.044444444444444446,6,45,2,0,1
SF00913,2025-03-03 03:00:00,0.044444444444444446,6,45,3,0,1
SF00913,2025-03-03 04:00:00,0.044444444444444446,6,45,4,0,1
SF00913,2025-03-03 05:00:00,0.044444444444444446,6,45,5,0,1
SF00913,2025-03-03 06:00:00,0.044444444444444446,6,45,6,0,1
SF00913,2025-03-03 07:00:00,0.044444444444444446,6,45,7,0,1
SF00913,2025-03-03 08:00:00,0.044444444444444446,6,45,8,0,1
SF00913,2025-03-03 09:00:00,0.044444444444444446,6,45,9,0,1
SF00913,2025-03-03 10:00:00,0.044444444444444446,6,45,10,0,1
SF00913,2025-03-03 11:00:00,0.044444444444444446,6,45,11,0,1
SF00913,2025-03-03 12:00:00,0.044444444444444446,6,45,12,0,1
SF00913,2025-03-03 13:00:00,0.044444444444444446,6,45,13,0,1
SF00913,2025-03-03 14:00:00,0.044444444444444446,6,45,14,0,1
SF00913,2025-03-03 15:00:00,0.044444444444444446,6,45,15,0,1
SF00913,2025-03-03 16:00:00,0.044444444444444446,6,45,16,0,1
SF00913,2025-03-03 17:00:00,0.044444444444444446,6,45,17,0,1
SF00913,2025-03-03 18:00:00,0.044444444444444446,6,45,18,0,1
SF00913,2025-03-03 19:00:00,0.044444444444444446,6,45,19,0,1
SF00913,2025-03-03 20:00:00,0.044444444444444446,6,45,20,0,1
SF00913,2025-03-03 21:00:00,0.044444444444444446,3,45,21,0,1
SF00913,2025-04-07 00:00:00,0.044444444444444446,6,45,0,0,1
SF00913,2025-04-07 06:00:00,0.044444444444444446,6,45,6,0,1
SF00913,2025-04-07 12:00:00,0.044444444444444446,6,45,12,0,1
SF00913,2025-04-07 18:00:00,0.044444444444444446,6,45,18,0,1
SF00913,2025-04-08 00:00:00,0.044444444444444446,6,45,0,1,1
SF00913,2025-04-08 06:00:00,0.044444444444444446,6,45,6,1,1
SF00913,2025-04-08 12:00:00,0.044444444444444446,6,45,12,1,1
SF00913,2025-04-08 18:00:00,0.044444444444444446,6,45,18,1,1
SF00913,2025-04-09 00:00:00,0.044444444444444446,6,45,0,2,1
SF00913,2025-04-09 06:00:00,0.044444444444444446,6,45,6,2,1
SF00913,2025-04-09 12:00:00,0.044444444444444446,6,45,12,2,1
SF00913,2025-04-09 18:00:00,0.044444444444444446,6,45,18,2,1
SF00913,2025-04-10 00:00:00,0.044444444444444446,6,45,0,3,1
SF00913,2025-04-10 06:00:00,0.044444444444444446,6,45,6,3,1
SF00913,2025-04-10 12:00:00,0.044444444444444446,6,45,12,3,1
SF00913,2025-04-10 18:00:00,0.044444444444444446,6,45,18,3,1
SF00913,2025-04-11 00:00:00,0.044444444444444446,6,45,0,4,1
SF00913,2025-04-11 06:00:00,0.044444444444444446,6,45,6,4,1
SF00913,2025-04-11 12:00:00,0.044444444444444446,6,45,12,4,1
SF00913,2025-04-11 18:00:00,0.044444444444444446,6,45,18,4,1
SF00913,2025-04-12 00:00:00,0.044444444444444446,6,45,0,5,0
SF00913,2025-04-12 06:00:00,0.044444444444444446,6,45,6,5,0
SF00913,2025-04-12 12:00:00,0.044444444444444446,6,45,12,5,0
SF00913,2025-04-12 18:00:00,0.044444444444444446,6,45,18,5,0
SF00913,2025-04-13 00:00:00,0.044444444444444446,6,45,0,6,0
SF00913,2025-04-13 06:00:00,0.044444444444444446,6,45,6,6,0
SF00913,2025-04-13 12:00:00,0.044444444444444446,6,45,12,6,0
SF00913,2025-04-13 18:00:00,0.044444444444444446,6,45,18,6,0
SF00914,2025-03-02 21:00:00,0.09285714285714286,2,280,21,6,0
SF00914,2025-03-02 22:00:00,0.09285714285714286,6,280,22,6,0
SF00914,2025-03-02 23:00:00,0.09285714285714286,6,280,23,6,0
SF00914,2025-03-03 00:00:00,0.09285714285714286,6,280,0,0,1
SF00914,2025-03-03 01:00:00,0.09285714285714286,6,280,1,0,1
SF00914,2025-03-03 02:00:00,0.09285714285714286,6,280,2,0,1
SF00914,2025-03-03 03:00:00,0.09285714285714286,6,280,3,0,1
SF00914,2025-03-03 04:00:00,0.09285714285714286,6,280,4,0,1
SF00914,2025-03-03 05:00:00,0.09285714285714286,6,280,5,0,1
SF00914,2025-03-03 06:00:00,0.09285714285714286,6,280,6,0,1
SF00914,2025-03-03 07:00:00,0.09285714285714286,6,280,7,0,1
SF00914,2025-03-03 08:00:00,0.09285714285714286,6,280,8,0,1
SF00914,2025-03-03 09:00:00,0.09285714285714286,6,280,9,0,1
SF00914,2025-03-03 10:00:00,0.09285714285714286,6,280,10,0,1
SF00914,2025-03-03 11:00:00,0.09285714285714286,6,280,11,0,1
SF00914,2025-03-03 12:00:00,0.09285714285714286,6,280,12,0,1
SF00914,2025-03-03 13:00:00,0.09285714285714286,6,280,13,0,1
SF00914,2025-03-03 14:00:00,0.09285714285714286,6,280,14,0,1
SF00914,2025-03-03 15:00:00,0.09285714285714286,6,280,15,0,1
SF00914,2025-03-03 16:00:00,0.09285714285714286,6,280,16,0,1
SF00914,2025-03-03 17:00:00,0.09285714285714286,6,280,17,0,1
SF00914,2025-03-03 18:00:00,0.09285714285714286,6,280,18,0,1
SF00914,2025-03-03 19:00:00,0.09285714285714286,6,280,19,0,1
SF00914,2025-03-03 20:00:00,0.09285714285714286,6,280,20,0,1
SF00914,2025-03-03 21:00:00,0.09285714285714286,3,280,21,0,1
SF00914,2025-04-07 00:00:00,0.09285714285714286,6,280,0,0,1
SF00914,2025-04-07 06:00:00,0.09285714285714286,6,280,6,0,1
SF00914,2025-04-07 12:00:00,0.09285714285714286,6,280,12,0,1
SF00914,2025-04-07 18:00:00,0.09285714285714286,6,280,18,0,1
SF00914,2025-04-08 00:00:00,0.09285714285714286,6,280,0,1,1
SF00914,2025-04-08 06:00:00,0.09285714285714286,6,280,6,1,1
SF00914,2025-04-08 12:00:00,0.09285714285714286,6,280,12,1,1
SF00914,2025-04-08 18:00:00,0.09285714285714286,6,280,18,1,1
SF00914,2025-04-09 00:00:00,0.09285714285714286,6,280,0,2,1
SF00914,2025-04-09 06:00:00,0.09285714285714286,6,280,6,2,1
SF00914,2025-04-09 12:00:00,0.09285714285714286,6,280,12,2,1
SF00914,2025-04-09 18:00:00,0.09285714285714286,6,280,18,2,1
SF00914,2025-04-10 00:00:00,0.09285714285714286,6,280,0,3,1
SF00914,2025-04-10 06:00:00,0.09285714285714286,6,280,6,3,1
SF00914,2025-04-10 12:00:00,0.09285714285714286,6,280,12,3,1
SF00914,2025-04-10 18:00:00,0.09285714285714286,6,280,18,3,1
SF00914,2025-04-11 00:00:00,0.09285714285714286,6,280,0,4,1
SF00914,2025-04-11 06:00:00,0.09285714285714286,6,280,6,4,1
SF00914,2025-04-11 12:00:00,0.09285714285714286,6,280,12,4,1
SF00914,2025-04-11 18:00:00,0.09285714285714286,6,280,18,4,1
SF00914,2025-04-12 00:00:00,0.09285714285714286,6,280,0,5,0
SF00914,2025-04-12 06:00:00,0.09285714285714286,6,280,6,5,0
SF00914,2025-04-12 12:00:00,0.09285714285714286,6,280,12,5,0
SF00914,2025-04-12 18:00:00,0.09285714285714286,6,280,18,5,0
SF00914,2025-04-13 00:00:00,0.09285714285714286,6,280,0,6,0
SF00914,2025-04-13 06:00:00,0.09285714285714286,6,280,6,6,0
SF00914,2025-04-13 12:00:00,0.09285714285714286,6,280,12,6,0
SF00914,2025-04-13 18:00:00,0.09285714285714286,6,280,18,6,0
SF00915,2025-03-02 21:00:00,0.2540792540792541,3,286,21,6,0
SF00915,2025-03-02 22:00:00,0.23193473193473194,6,286,22,6,0
SF00915,2025-03-02 23:00:00,0.23426573426573427,6,286,23,6,0
SF00915,2025-03-03 00:00:00,0.17715617715617715,6,286,0,0,1
SF00915,2025-03-03 01:00:00,0.11771561771561773,6,286,1,0,1
SF00915,2025-03-03 02:00:00,0.09615384615384615,6,286,2,0,1
SF00915,2025-03-03 03:00:00,0.09207459207459207,6,286,3,0,1
SF00915,2025-03-03 04:00:00,0.09149184149184149,6,286,4,0,1
SF00915,2025-03-03 05:00:00,0.09149184149184149,6,286,5,0,1
SF00915,2025-03-03 06:00:00,0.0909090909090909,6,286,6,0,1
SF00915,2025-03-03 07:00:00,0.09324009324009325,6,286,7,0,1
SF00915,2025-03-03 08:00:00,0.11188811188811189,6,286,8,0,1
SF00915,2025-03-03 09:00:00,0.17016317016317017,6,286,9,0,1
SF00915,2025-03-03 10:00:00,0.21561771561771562,6,286,10,0,1
SF00915,2025-03-03 11:00:00,0.27214452214452217,6,286,11,0,1
SF00915,2025-03-03 12:00:00,0.2867132867132867,6,286,12,0,1
SF00915,2025-03-03 13:00:00,0.2523310023310023,6,286,13,0,1
SF00915,2025-03-03 14:00:00,0.23310023310023312,6,286,14,0,1
SF00915,2025-03-03 15:00:00,0.22727272727272727,6,286,15,0,1
SF00915,2025-03-03 16:00:00,0.2162004662004662,6,286,16,0,1
SF00915,2025-03-03 17:00:00,0.20337995337995338,6,286,17,0,1
SF00915,2025-03-03 18:00:00,0.18822843822843824,6,286,18,0,1
SF00915,2025-03-03 19:00:00,0.2406759906759907,6,286,19,0,1
SF00915,2025-03-03 20:00:00,0.1963869463869464,6,286,20,0,1
SF00915,2025-03-03 21:00:00,0.20163170163170163,3,286,21,0,1
SF00915,2025-04-07 00:00:00,0.13053613053613053,6,286,0,0,1
SF00915,2025-04-07 06:00:00,0.1113053613053613,6,286,6,0,1
SF00915,2025-04-07 12:00:00,0.3286713286713287,6,286,12,0,1
SF00915,2025-04-07 18:00:00,0.30128205128205127,6,286,18,0,1
SF00915,2025-04-08 00:00:00,0.24766899766899766,6,286,0,1,1
SF00915,2025-04-08 06:00:00,0.17016317016317017,6,286,6,1,1
SF00915,2025-04-08 12:00:00,0.41899766899766905,6,286,12,1,1
SF00915,2025-04-08 18:00:00,0.34382284382284384,6,286,18,1,1
SF00915,2025-04-09 00:00:00,0.2698135198135198,6,286,0,2,1
SF00915,2025-04-09 06:00:00,0.21445221445221443,6,286,6,2,1
SF00915,2025-04-09 12:00:00,0.42540792540792544,6,286,12,2,1
SF00915,2025-04-09 18:00:00,0.2400932400932401,6,286,18,2,1
SF00915,2025-04-10 00:00:00,0.18764568764568765,6,286,0,3,1
SF00915,2025-04-10 06:00:00,0.12412587412587413,6,286,6,3,1
SF00915,2025-04-10 12:00:00,0.331002331002331,6,286,12,3,1
SF00915,2025-04-10 18:00:00,0.26107226107226106,6,286,18,3,1
SF00915,2025-04-11 00:00:00,0.2086247086247086,6,286,0,4,1
SF00915,2025-04-11 06:00:00,0.13111888111888112,6,286,6,4,1
SF00915,2025-04-11 12:00:00,0.33916083916083917,6,286,12,4,1
SF00915,2025-04-11 18:00:00,0.3782051282051282,6,286,18,4,1
SF00915,2025-04-12 00:00:00,0.2505827505827506,6,286,0,5,0
SF00915,2025-04-12 06:00:00,0.29079254079254074,6,286,6,5,0
SF00915,2025-04-12 12:00:00,0.9341491841491841,6,286,12,5,0
SF00915,2025-04-12 18:00:00,0.993006993006993,6,286,18,5,0
SF00915,2025-04-13 00:00:00,0.993006993006993,6,286,0,6,0
SF00915,2025-04-13 06:00:00,0.8304195804195804,6,286,6,6,0
SF00915,2025-04-13 12:00:00,0.8403263403263402,6,286,12,6,0
SF00915,2025-04-13 18:00:00,0.5262237762237763,6,286,18,6,0
SF00916,2025-03-02 21:00:00,0.5888888888888889,3,90,21,6,0
SF00916,2025-03-02 22:00:00,0.5981481481481482,6,90,22,6,0
SF00916,2025-03-02 23:00:00,0.9111111111111111,6,90,23,6,0
SF00916,2025-03-03 00:00:00,0.3314814814814815,6,90,0,0,1
SF00916,2025-03-03 01:00:00,0.19074074074074074,6,90,1,0,1
SF00916,2025-03-03 02:00:00,0.2074074074074074,6,90,2,0,1
SF00916,2025-03-03 03:00:00,0.1962962962962963,6,90,3,0,1
SF00916,2025-03-03 04:00:00,0.19444444444444445,6,90,4,0,1
SF00916,2025-03-03 05:00:00,0.20185185185185184,6,90,5,0,1
SF00916,2025-03-03 06:00:00,0.3148148148148148,6,90,6,0,1
SF00916,2025-03-03 07:00:00,0.3055555555555555,6,90,7,0,1
SF00916,2025-03-03 08:00:00,0.38518518518518513,6,90,8,0,1
SF00916,2025-03-03 09:00:00,0.3925925925925926,6,90,9,0,1
SF00916,2025-03-03 10:00:00,0.40185185185185185,6,90,10,0,1
SF00916,2025-03-03 11:00:00,0.40925925925925927,6,90,11,0,1
SF00916,2025-03-03 12:00:00,0.38703703703703707,6,90,12,0,1
SF00916,2025-03-03 13:00:00,0.3685185185185185,6,90,13,0,1
SF00916,2025-03-03 14:00:00,0.39814814814814814,6,90,14,0,1
SF00916,2025-03-03 15:00:00,0.3796296296296296,6,90,15,0,1
SF00916,2025-03-03 16:00:00,0.5425925925925926,6,90,16,0,1
SF00916,2025-03-03 17:00:00,0.5981481481481482,6,90,17,0,1
SF00916,2025-03-03 18:00:00,0.6074074074074075,6,90,18,0,1
SF00916,2025-03-03 19:00:00,0.6055555555555555,6,90,19,0,1
SF00916,2025-03-03 20:00:00,0.611111111111111,6,90,20,0,1
SF00916,2025-03-03 21:00:00,0.6037037037037036,3,90,21,0,1
SF00916,2025-04-07 00:00:00,0.3277777777777778,6,90,0,0,1
SF00916,2025-04-07 06:00:00,0.28703703703703703,6,90,6,0,1
SF00916,2025-04-07 12:00:00,0.38888888888888884,6,90,12,0,1
SF00916,2025-04-07 18:00:00,0.5777777777777778,6,90,18,0,1
SF00916,2025-04-08 00:00:00,0.3259259259259259,6,90,0,1,1
SF00916,2025-04-08 06:00:00,0.2888888888888889,6,90,6,1,1
SF00916,2025-04-08 12:00:00,0.412962962962963,6,90,12,1,1
SF00916,2025-04-08 18:00:00,0.5962962962962963,6,90,18,1,1
SF00916,2025-04-09 00:00:00,0.32962962962962966,6,90,0,2,1
SF00916,2025-04-09 06:00:00,0.27037037037037037,6,90,6,2,1
SF00916,2025-04-09 12:00:00,0.412962962962963,6,90,12,2,1
SF00916,2025-04-09 18:00:00,0.6037037037037037,6,90,18,2,1
SF00916,2025-04-10 00:00:00,0.3314814814814815,6,90,0,3,1
SF00916,2025-04-10 06:00:00,0.2796296296296296,6,90,6,3,1
SF00916,2025-04-10 12:00:00,0.40185185185185185,6,90,12,3,1
SF00916,2025-04-10 18:00:00,0.575925925925926,6,90,18,3,1
SF00916,2025-04-11 00:00:00,0.337037037037037,6,90,0,4,1
SF00916,2025-04-11 06:00:00,0.2777777777777778,6,90,6,4,1
SF00916,2025-04-11 12:00:00,0.6055555555555555,6,90,12,4,1
SF00916,2025-04-11 18:00:00,0.9111111111111111,6,90,18,4,1
SF00916,2025-04-12 00:00:00,0.32962962962962966,6,90,0,5,0
SF00916,2025-04-12 06:00:00,0.2962962962962963,6,90,6,5,0
SF00916,2025-04-12 12:00:00,0.6055555555555555,6,90,12,5,0
SF00916,2025-04-12 18:00:00,0.8833333333333333,6,90,18,5,0
SF00916,2025-04-13 00:00:00,0.3259259259259259,6,90,0,6,0
SF00916,2025-04-13 06:00:00,0.29074074074074074,6,90,6,6,0
SF00916,2025-04-13 12:00:00,0.5796296296296296,6,90,12,6,0
SF00916,2025-04-13 18:00:00,0.9055555555555556,6,90,18,6,0
SF00918,2025-03-02 21:00:00,0.06428571428571428,3,140,21,6,0
SF00918,2025-03-02 22:00:00,0.06428571428571428,6,140,22,6,0
SF00918,2025-03-02 23:00:00,0.06428571428571428,6,140,23,6,0
SF00918,2025-03-03 00:00:00,0.06428571428571428,6,140,0,0,1
SF00918,2025-03-03 01:00:00,0.06428571428571428,6,140,1,0,1
SF00918,2025-03-03 02:00:00,0.06428571428571428,6,140,2,0,1
SF00918,2025-03-03 03:00:00,0.06428571428571428,6,140,3,0,1
SF00918,2025-03-03 04:00:00,0.06428571428571428,6,140,4,0,1
SF00918,2025-03-03 05:00:00,0.06428571428571428,6,140,5,0,1
SF00918,2025-03-03 06:00:00,0.06428571428571428,6,140,6,0,1
SF00918,2025-03-03 07:00:00,0.06428571428571428,6,140,7,0,1
SF00918,2025-03-03 08:00:00,0.06428571428571428,6,140,8,0,1
SF00918,2025-03-03 09:00:00,0.06428571428571428,6,140,9,0,1
SF00918,2025-03-03 10:00:00,0.06428571428571428,6,140,10,0,1
SF00918,2025-03-03 11:00:00,0.06428571428571428,6,140,11,0,1
SF00918,2025-03-03 12:00:00,0.06428571428571428,6,140,12,0,1
SF00918,2025-03-03 13:00:00,0.06428571428571428,6,140,13,0,1
SF00918,2025-03-03 14:00:00,0.06428571428571428,6,140,14,0,1
SF00918,2025-03-03 15:00:00,0.06428571428571428,6,140,15,0,1
SF00918,2025-03-03 16:00:00,0.06428571428571428,6,140,16,0,1
SF00918,2025-03-03 17:00:00,0.06428571428571428,6,140,17,0,1
SF00918,2025-03-03 18:00:00,0.06428571428571428,6,140,18,0,1
SF00918,2025-03-03 19:00:00,0.06428571428571428,6,140,19,0,1
SF00918,2025-03-03 20:00:00,0.06428571428571428,6,140,20,0,1
SF00918,2025-03-03 21:00:00,0.06428571428571428,3,140,21,0,1
SF00918,2025-04-07 00:00:00,0.06428571428571428,6,140,0,0,1
SF00918,2025-04-07 06:00:00,0.06428571428571428,6,140,6,0,1
SF00918,2025-04-07 12:00:00,0.06428571428571428,6,140,12,0,1
SF00918,2025-04-07 18:00:00,0.06428571428571428,6,140,18,0,1
SF00918,2025-04-08 00:00:00,0.06428571428571428,6,140,0,1,1
SF00918,2025-04-08 06:00:00,0.06428571428571428,6,140,6,1,1
SF00918,2025-04-08 12:00:00,0.06428571428571428,6,140,12,1,1
SF00918,2025-04-08 18:00:00,0.06428571428571428,6,140,18,1,1
SF00918,2025-04-09 00:00:00,0.06428571428571428,6,140,0,2,1
SF00918,2025-04-09 06:00:00,0.06428571428571428,6,140,6,2,1
SF00918,2025-04-09 12:00:00,0.06428571428571428,6,140,12,2,1
SF00918,2025-04-09 18:00:00,0.06428571428571428,6,140,18,2,1
SF00918,2025-04-10 00:00:00,0.06428571428571428,6,140,0,3,1
SF00918,2025-04-10 06:00:00,0.06428571428571428,6,140,6,3,1
SF00918,2025-04-10 12:00:00,0.06428571428571428,6,140,12,3,1
SF00918,2025-04-10 18:00:00,0.06428571428571428,6,140,18,3,1
SF00918,2025-04-11 00:00:00,0.06428571428571428,6,140,0,4,1
SF00918,2025-04-11 06:00:00,0.06428571428571428,6,140,6,4,1
SF00918,2025-04-11 12:00:00,0.06428571428571428,6,140,12,4,1
SF00918,2025-04-11 18:00:00,0.06428571428571428,6,140,18,4,1
SF00918,2025-04-12 00:00:00,0.06428571428571428,6,140,0,5,0
SF00918,2025-04-12 06:00:00,0.06428571428571428,6,140,6,5,0
SF00918,2025-04-12 12:00:00,0.06428571428571428,6,140,12,5,0
SF00918,2025-04-12 18:00:00,0.06428571428571428,6,140,18,5,0
SF00918,2025-04-13 00:00:00,0.06428571428571428,6,140,0,6,0
SF00918,2025-04-13 06:00:00,0.06428571428571428,6,140,6,6,0
SF00918,2025-04-13 12:00:00,0.06428571428571428,6,140,12,6,0
SF00918,2025-04-13 18:00:00,0.06428571428571428,6,140,18,6,0
SF00919,2025-03-02 21:00:00,0.06,3,50,21,6,0
SF00919,2025-03-02 22:00:00,0.023333333333333334,6,50,22,6,0
SF00919,2025-03-02 23:00:00,0.02,6,50,23,6,0
SF00919,2025-03-03 00:00:00,0.016666666666666666,6,50,0,0,1
SF00919,2025-03-03 01:00:00,0.04,6,50,1,0,1
SF00919,2025-03-03 02:00:00,0.04,6,50,2,0,1
SF00919,2025-03-03 03:00:00,0.04,6,50,3,0,1
SF00919,2025-03-03 04:00:00,0.04,6,50,4,0,1
SF00919,2025-03-03 05:00:00,0.04,6,50,5,0,1
SF00919,2025-03-03 06:00:00,0.04,6,50,6,0,1
SF00919,2025-03-03 07:00:00,0.04,6,50,7,0,1
SF00919,2025-03-03 08:00:00,0.06666666666666667,6,50,8,0,1
SF00919,2025-03-03 09:00:00,0.02,6,50,9,0,1
SF00919,2025-03-03 10:00:00,0.06333333333333334,6,50,10,0,1
SF00919,2025-03-03 11:00:00,0.02666666666666667,6,50,11,0,1
SF00919,2025-03-03 12:00:00,0.05333333333333334,6,50,12,0,1
SF00919,2025-03-03 13:00:00,0.05666666666666667,6,50,13,0,1
SF00919,2025-03-03 14:00:00,0.043333333333333335,6,50,14,0,1
SF00919,2025-03-03 15:00:00,0.05666666666666667,6,50,15,0,1
SF00919,2025-03-03 16:00:00,0.06,6,50,16,0,1
SF00919,2025-03-03 17:00:00,0.06666666666666667,6,50,17,0,1
SF00919,2025-03-03 18:00:00,0.02666666666666667,6,50,18,0,1
SF00919,2025-03-03 19:00:00,0.03666666666666667,6,50,19,0,1
SF00919,2025-03-03 20:00:00,0.013333333333333334,6,50,20,0,1
SF00919,2025-03-03 21:00:00,0.013333333333333334,3,50,21,0,1
SF00919,2025-04-07 00:00:00,0.04,6,50,0,0,1
SF00919,2025-04-07 06:00:00,0.0,6,50,6,0,1
SF00919,2025-04-07 12:00:00,0.0033333333333333335,6,50,12,0,1
SF00919,2025-04-07 18:00:00,0.04,6,50,18,0,1
SF00919,2025-04-08 00:00:00,0.08,6,50,0,1,1
SF00919,2025-04-08 06:00:00,0.08,6,50,6,1,1
SF00919,2025-04-08 12:00:00,0.06666666666666667,6,50,12,1,1
SF00919,2025-04-08 18:00:00,0.18333333333333335,6,50,18,1,1
SF00919,2025-04-09 00:00:00,0.04,6,50,0,2,1
SF00919,2025-04-09 06:00:00,0.0,6,50,6,2,1
SF00919,2025-04-09 12:00:00,0.03333333333333333,6,50,12,2,1
SF00919,2025-04-09 18:00:00,0.04,6,50,18,2,1
SF00919,2025-04-10 00:00:00,0.013333333333333334,6,50,0,3,1
SF00919,2025-04-10 06:00:00,0.0,6,50,6,3,1
SF00919,2025-04-10 12:00:00,0.03,6,50,12,3,1
SF00919,2025-04-10 18:00:00,0.04666666666666667,6,50,18,3,1
SF00919,2025-04-11 00:00:00,0.03,6,50,0,4,1
SF00919,2025-04-11 06:00:00,0.04,6,50,6,4,1
SF00919,2025-04-11 12:00:00,0.08333333333333333,6,50,12,4,1
SF00919,2025-04-11 18:00:00,0.10666666666666667,6,50,18,4,1
SF00919,2025-04-12 00:00:00,0.04,6,50,0,5,0
SF00919,2025-04-12 06:00:00,0.04,6,50,6,5,0
SF00919,2025-04-12 12:00:00,0.03333333333333333,6,50,12,5,0
SF00919,2025-04-12 18:00:00,0.06333333333333334,6,50,18,5,0
SF00919,2025-04-13 00:00:00,0.02,6,50,0,6,0
SF00919,2025-04-13 06:00:00,0.02,6,50,6,6,0
SF00919,2025-04-13 12:00:00,0.21,6,50,12,6,0
SF00919,2025-04-13 18:00:00,0.09333333333333334,6,50,18,6,0
SF00920,2025-03-02 21:00:00,0.4916666666666667,3,80,21,6,0
SF00920,2025-03-02 22:00:00,0.4583333333333333,6,80,22,6,0
SF00920,2025-03-02 23:00:00,0.4291666666666667,6,80,23,6,0
SF00920,2025-03-03 00:00:00,0.4604166666666667,6,80,0,0,1
SF00920,2025-03-03 01:00:00,0.3979166666666667,6,80,1,0,1
SF00920,2025-03-03 02:00:00,0.3875,6,80,2,0,1
SF00920,2025-03-03 03:00:00,0.3875,6,80,3,0,1
SF00920,2025-03-03 04:00:00,0.3770833333333334,6,80,4,0,1
SF00920,2025-03-03 05:00:00,0.37916666666666665,6,80,5,0,1
SF00920,2025-03-03 06:00:00,0.3979166666666667,6,80,6,0,1
SF00920,2025-03-03 07:00:00,0.7104166666666667,6,80,7,0,1
SF00920,2025-03-03 08:00:00,0.975,6,80,8,0,1
SF00920,2025-03-03 09:00:00,0.975,6,80,9,0,1
SF00920,2025-03-03 10:00:00,0.975,6,80,10,0,1
SF00920,2025-03-03 11:00:00,0.975,6,80,11,0,1
SF00920,2025-03-03 12:00:00,0.975,6,80,12,0,1
SF00920,2025-03-03 13:00:00,0.975,6,80,13,0,1
SF00920,2025-03-03 14:00:00,0.975,6,80,14,0,1
SF00920,2025-03-03 15:00:00,0.975,6,80,15,0,1
SF00920,2025-03-03 16:00:00,0.975,6,80,16,0,1
SF00920,2025-03-03 17:00:00,0.975,6,80,17,0,1
SF00920,2025-03-03 18:00:00,0.975,6,80,18,0,1
SF00920,2025-03-03 19:00:00,0.975,6,80,19,0,1
SF00920,2025-03-03 20:00:00,0.975,6,80,20,0,1
SF00920,2025-03-03 21:00:00,0.975,3,80,21,0,1
SF00920,2025-04-07 00:00:00,0.4916666666666667,6,80,0,0,1
SF00920,2025-04-07 06:00:00,0.4479166666666667,6,80,6,0,1
SF00920,2025-04-07 12:00:00,0.975,6,80,12,0,1
SF00920,2025-04-07 18:00:00,0.975,6,80,18,0,1
SF00920,2025-04-08 00:00:00,0.7833333333333333,6,80,0,1,1
SF00920,2025-04-08 06:00:00,0.7708333333333334,6,80,6,1,1
SF00920,2025-04-08 12:00:00,0.975,6,80,12,1,1
SF00920,2025-04-08 18:00:00,0.975,6,80,18,1,1
SF00920,2025-04-09 00:00:00,0.7979166666666666,6,80,0,2,1
SF00920,2025-04-09 06:00:00,0.7541666666666668,6,80,6,2,1
SF00920,2025-04-09 12:00:00,0.975,6,80,12,2,1
SF00920,2025-04-09 18:00:00,0.975,6,80,18,2,1
SF00920,2025-04-10 00:00:00,0.8125,6,80,0,3,1
SF00920,2025-04-10 06:00:00,0.7875,6,80,6,3,1
SF00920,2025-04-10 12:00:00,0.975,6,80,12,3,1
SF00920,2025-04-10 18:00:00,0.975,6,80,18,3,1
SF00920,2025-04-11 00:00:00,0.8104166666666667,6,80,0,4,1
SF00920,2025-04-11 06:00:00,0.78125,6,80,6,4,1
SF00920,2025-04-11 12:00:00,0.975,6,80,12,4,1
SF00920,2025-04-11 18:00:00,0.9708333333333333,6,80,18,4,1
SF00920,2025-04-12 00:00:00,0.7125,6,80,0,5,0
SF00920,2025-04-12 06:00:00,0.65625,6,80,6,5,0
SF00920,2025-04-12 12:00:00,0.975,6,80,12,5,0
SF00920,2025-04-12 18:00:00,0.7229166666666668,6,80,18,5,0
SF00920,2025-04-13 00:00:00,0.5979166666666667,6,80,0,6,0
SF00920,2025-04-13 06:00:00,0.59375,6,80,6,6,0
SF00920,2025-04-13 12:00:00,0.9562499999999999,6,80,12,6,0
SF00920,2025-04-13 18:00:00,0.5645833333333333,6,80,18,6,0
SF00921,2025-03-02 21:00:00,0.08823529411764706,3,170,21,6,0
SF00921,2025-03-02 22:00:00,0.08823529411764706,6,170,22,6,0
SF00921,2025-03-02 23:00:00,0.08823529411764706,6,170,23,6,0
SF00921,2025-03-03 00:00:00,0.08823529411764706,6,170,0,0,1
SF00921,2025-03-03 01:00:00,0.08823529411764706,6,170,1,0,1
SF00921,2025-03-03 02:00:00,0.08823529411764706,6,170,2,0,1
SF00921,2025-03-03 03:00:00,0.08823529411764706,6,170,3,0,1
SF00921,2025-03-03 04:00:00,0.08823529411764706,6,170,4,0,1
SF00921,2025-03-03 05:00:00,0.08823529411764706,6,170,5,0,1
SF00921,2025-03-03 06:00:00,0.08823529411764706,6,170,6,0,1
SF00921,2025-03-03 07:00:00,0.08823529411764706,6,170,7,0,1
SF00921,2025-03-03 08:00:00,0.08823529411764706,6,170,8,0,1
SF00921,2025-03-03 09:00:00,0.08823529411764706,6,170,9,0,1
SF00921,2025-03-03 10:00:00,0.08823529411764706,6,170,10,0,1
SF00921,2025-03-03 11:00:00,0.08823529411764706,6,170,11,0,1
SF00921,2025-03-03 12:00:00,0.08823529411764706,6,170,12,0,1
SF00921,2025-03-03 13:00:00,0.08823529411764706,6,170,13,0,1
SF00921,2025-03-03 14:00:00,0.08823529411764706,6,170,14,0,1
SF00921,2025-03-03 15:00:00,0.08823529411764706,6,170,15,0,1
SF00921,2025-03-03 16:00:00,0.08823529411764706,6,170,16,0,1
SF00921,2025-03-03 17:00:00,0.08823529411764706,6,170,17,0,1
SF00921,2025-03-03 18:00:00,0.08823529411764706,6,170,18,0,1
SF00921,2025-03-03 19:00:00,0.08823529411764706,6,170,19,0,1
SF00921,2025-03-03 20:00:00,0.08823529411764706,6,170,20,0,1
SF00921,2025-03-03 21:00:00,0.08823529411764706,3,170,21,0,1
SF00921,2025-04-07 00:00:00,0.08823529411764706,6,170,0,0,1
SF00921,2025-04-07 06:00:00,0.08823529411764706,6,170,6,0,1
SF00921,2025-04-07 12:00:00,0.08823529411764706,6,170,12,0,1
SF00921,2025-04-07 18:00:00,0.08823529411764706,6,170,18,0,1
SF00921,2025-04-08 00:00:00,0.08823529411764706,6,170,0,1,1
SF00921,2025-04-08 06:00:00,0.08823529411764706,6,170,6,1,1
SF00921,2025-04-08 12:00:00,0.08823529411764706,6,170,12,1,1
SF00921,2025-04-08 18:00:00,0.08823529411764706,6,170,18,1,1
SF00921,2025-04-09 00:00:00,0.08823529411764706,6,170,0,2,1
SF00921,2025-04-09 06:00:00,0.08823529411764706,6,170,6,2,1
SF00921,2025-04-09 12:00:00,0.08823529411764706,6,170,12,2,1
SF00921,2025-04-09 18:00:00,0.08823529411764706,6,170,18,2,1
SF00921,2025-04-10 00:00:00,0.08823529411764706,6,170,0,3,1
SF00921,2025-04-10 06:00:00,0.08823529411764706,6,170,6,3,1
SF00921,2025-04-10 12:00:00,0.08823529411764706,6,170,12,3,1
SF00921,2025-04-10 18:00:00,0.08823529411764706,6,170,18,3,1
SF00921,2025-04-11 00:00:00,0.08823529411764706,6,170,0,4,1
SF00921,2025-04-11 06:00:00,0.08823529411764706,6,170,6,4,1
SF00921,2025-04-11 12:00:00,0.08823529411764706,6,170,12,4,1
SF00921,2025-04-11 18:00:00,0.08823529411764706,6,170,18,4,1
SF00921,2025-04-12 00:00:00,0.08823529411764706,6,170,0,5,0
SF00921,2025-04-12 06:00:00,0.08823529411764706,6,170,6,5,0
SF00921,2025-04-12 12:00:00,0.08823529411764706,6,170,12,5,0
SF00921,2025-04-12 18:00:00,0.08823529411764706,6,170,18,5,0
SF00921,2025-04-13 00:00:00,0.08823529411764706,6,170,0,6,0
SF00921,2025-04-13 06:00:00,0.08823529411764706,6,170,6,6,0
SF00921,2025-04-13 12:00:00,0.08823529411764706,6,170,12,6,0
SF00921,2025-04-13 18:00:00,0.08823529411764706,6,170,18,6,0
SF00923,2025-03-02 21:00:00,0.06666666666666667,3,150,21,6,0
SF00923,2025-03-02 22:00:00,0.06666666666666667,6,150,22,6,0
SF00923,2025-03-02 23:00:00,0.06666666666666667,6,150,23,6,0
SF00923,2025-03-03 00:00:00,0.06666666666666667,6,150,0,0,1
SF00923,2025-03-03 01:00:00,0.06666666666666667,6,150,1,0,1
SF00923,2025-03-03 02:00:00,0.06666666666666667,6,150,2,0,1
SF00923,2025-03-03 03:00:00,0.06666666666666667,6,150,3,0,1
SF00923,2025-03-03 04:00:00,0.06666666666666667,6,150,4,0,1
SF00923,2025-03-03 05:00:00,0.06666666666666667,6,150,5,0,1
SF00923,2025-03-03 06:00:00,0.06666666666666667,6,150,6,0,1
SF00923,2025-03-03 07:00:00,0.06666666666666667,6,150,7,0,1
SF00923,2025-03-03 08:00:00,0.06666666666666667,6,150,8,0,1
SF00923,2025-03-03 09:00:00,0.06666666666666667,6,150,9,0,1
SF00923,2025-03-03 10:00:00,0.06666666666666667,6,150,10,0,1
SF00923,2025-03-03 11:00:00,0.06666666666666667,6,150,11,0,1
SF00923,2025-03-03 12:00:00,0.06666666666666667,6,150,12,0,1
SF00923,2025-03-03 13:00:00,0.06666666666666667,6,150,13,0,1
SF00923,2025-03-03 14:00:00,0.06666666666666667,6,150,14,0,1
SF00923,2025-03-03 15:00:00,0.06666666666666667,6,150,15,0,1
SF00923,2025-03-03 16:00:00,0.06666666666666667,6,150,16,0,1
SF00923,2025-03-03 17:00:00,0.06666666666666667,6,150,17,0,1
SF00923,2025-03-03 18:00:00,0.06666666666666667,6,150,18,0,1
SF00923,2025-03-03 19:00:00,0.06666666666666667,6,150,19,0,1
SF00923,2025-03-03 20:00:00,0.06666666666666667,6,150,20,0,1
SF00923,2025-03-03 21:00:00,0.06666666666666667,3,150,21,0,1
SF00923,2025-04-07 00:00:00,0.06666666666666667,6,150,0,0,1
SF00923,2025-04-07 06:00:00,0.06666666666666667,6,150,6,0,1
SF00923,2025-04-07 12:00:00,0.06666666666666667,6,150,12,0,1
SF00923,2025-04-07 18:00:00,0.06666666666666667,6,150,18,0,1
SF00923,2025-04-08 00:00:00,0.06666666666666667,6,150,0,1,1
SF00923,2025-04-08 06:00:00,0.06666666666666667,6,150,6,1,1
SF00923,2025-04-08 12:00:00,0.06666666666666667,6,150,12,1,1
SF00923,2025-04-08 18:00:00,0.06666666666666667,6,150,18,1,1
SF00923,2025-04-09 00:00:00,0.06666666666666667,6,150,0,2,1
SF00923,2025-04-09 06:00:00,0.06666666666666667,6,150,6,2,1
SF00923,2025-04-09 12:00:00,0.06666666666666667,6,150,12,2,1
SF00923,2025-04-09 18:00:00,0.06666666666666667,6,150,18,2,1
SF00923,2025-04-10 00:00:00,0.06666666666666667,6,150,0,3,1
SF00923,2025-04-10 06:00:00,0.06666666666666667,6,150,6,3,1
SF00923,2025-04-10 12:00:00,0.06666666666666667,6,150,12,3,1
SF00923,2025-04-10 18:00:00,0.06666666666666667,6,150,18,3,1
SF00923,2025-04-11 00:00:00,0.06666666666666667,6,150,0,4,1
SF00923,2025-04-11 06:00:00,0.06666666666666667,6,150,6,4,1
SF00923,2025-04-11 12:00:00,0.06666666666666667,6,150,12,4,1
SF00923,2025-04-11 18:00:00,0.06666666666666667,6,150,18,4,1
SF00923,2025-04-12 00:00:00,0.06666666666666667,6,150,0,5,0
SF00923,2025-04-12 06:00:00,0.06666666666666667,6,150,6,5,0
SF00923,2025-04-12 12:00:00,0.06666666666666667,6,150,12,5,0
SF00923,2025-04-12 18:00:00,0.06666666666666667,6,150,18,5,0
SF00923,2025-04-13 00:00:00,0.06666666666666667,6,150,0,6,0
SF00923,2025-04-13 06:00:00,0.06666666666666667,6,150,6,6,0
SF00923,2025-04-13 12:00:00,0.06666666666666667,6,150,12,6,0
SF00923,2025-04-13 18:00:00,0.06666666666666667,6,150,18,6,0
SF00925,2025-03-02 21:00:00,0.02,3,50,21,6,0
SF00925,2025-03-02 22:00:00,0.0,6,50,22,6,0
SF00925,2025-03-02 23:00:00,0.06666666666666667,6,50,23,6,0
SF00925,2025-03-03 00:00:00,0.08,6,50,0,0,1
SF00925,2025-03-03 01:00:00,0.12,6,50,1,0,1
SF00925,2025-03-03 02:00:00,0.12,6,50,2,0,1
SF00925,2025-03-03 03:00:00,0.12,6,50,3,0,1
SF00925,2025-03-03 04:00:00,0.12,6,50,4,0,1
SF00925,2025-03-03 05:00:00,0.12,6,50,5,0,1
SF00925,2025-03-03 06:00:00,0.12,6,50,6,0,1
SF00925,2025-03-03 07:00:00,0.12,6,50,7,0,1
SF00925,2025-03-03 08:00:00,0.16333333333333333,6,50,8,0,1
SF00925,2025-03-03 09:00:00,0.30333333333333334,6,50,9,0,1
SF00925,2025-03-03 10:00:00,0.38666666666666666,6,50,10,0,1
SF00925,2025-03-03 11:00:00,0.2833333333333333,6,50,11,0,1
SF00925,2025-03-03 12:00:00,0.28,6,50,12,0,1
SF00925,2025-03-03 13:00:00,0.28,6,50,13,0,1
SF00925,2025-03-03 14:00:00,0.38000000000000006,6,50,14,0,1
SF00925,2025-03-03 15:00:00,0.33,6,50,15,0,1
SF00925,2025-03-03 16:00:00,0.3,6,50,16,0,1
SF00925,2025-03-03 17:00:00,0.18000000000000002,6,50,17,0,1
SF00925,2025-03-03 18:00:00,0.15666666666666668,6,50,18,0,1
SF00925,2025-03-03 19:00:00,0.18333333333333335,6,50,19,0,1
SF00925,2025-03-03 20:00:00,0.19666666666666666,6,50,20,0,1
SF00925,2025-03-03 21:00:00,0.1466666666666667,3,50,21,0,1
SF00925,2025-04-07 00:00:00,0.24,6,50,0,0,1
SF00925,2025-04-07 06:00:00,0.22999999999999998,6,50,6,0,1
SF00925,2025-04-07 12:00:00,0.44333333333333336,6,50,12,0,1
SF00925,2025-04-07 18:00:00,0.34,6,50,18,0,1
SF00925,2025-04-08 00:00:00,0.22,6,50,0,1,1
SF00925,2025-04-08 06:00:00,0.22,6,50,6,1,1
SF00925,2025-04-08 12:00:00,0.5466666666666667,6,50,12,1,1
SF00925,2025-04-08 18:00:00,0.29333333333333333,6,50,18,1,1
SF00925,2025-04-09 00:00:00,0.16,6,50,0,2,1
SF00925,2025-04-09 06:00:00,0.18333333333333335,6,50,6,2,1
SF00925,2025-04-09 12:00:00,0.4066666666666667,6,50,12,2,1
SF00925,2025-04-09 18:00:00,0.32,6,50,18,2,1
SF00925,2025-04-10 00:00:00,0.26666666666666666,6,50,0,3,1
SF00925,2025-04-10 06:00:00,0.26,6,50,6,3,1
SF00925,2025-04-10 12:00:00,0.49,6,50,12,3,1
SF00925,2025-04-10 18:00:00,0.35000000000000003,6,50,18,3,1
SF00925,2025-04-11 00:00:00,0.24,6,50,0,4,1
SF00925,2025-04-11 06:00:00,0.22,6,50,6,4,1
SF00925,2025-04-11 12:00:00,0.52,6,50,12,4,1
SF00925,2025-04-11 18:00:00,0.4533333333333333,6,50,18,4,1
SF00925,2025-04-12 00:00:00,0.3666666666666667,6,50,0,5,0
SF00925,2025-04-12 06:00:00,0.42,6,50,6,5,0
SF00925,2025-04-12 12:00:00,0.52,6,50,12,5,0
SF00925,2025-04-12 18:00:00,0.4033333333333333,6,50,18,5,0
SF00925,2025-04-13 00:00:00,0.26,6,50,0,6,0
SF00925,2025-04-13 06:00:00,0.3,6,50,6,6,0
SF00925,2025-04-13 12:00:00,0.49333333333333335,6,50,12,6,0
SF00925,2025-04-13 18:00:00,0.19000000000000003,6,50,18,6,0
SF00926,2025-03-02 21:00:00,0.5916666666666667,3,120,21,6,0
SF00926,2025-03-02 22:00:00,0.5972222222222222,6,120,22,6,0
SF00926,2025-03-02 23:00:00,0.9249999999999999,6,120,23,6,0
SF00926,2025-03-03 00:00:00,0.325,6,120,0,0,1
SF00926,2025-03-03 01:00:00,0.20555555555555557,6,120,1,0,1
SF00926,2025-03-03 02:00:00,0.20833333333333334,6,120,2,0,1
SF00926,2025-03-03 03:00:00,0.19722222222222222,6,120,3,0,1
SF00926,2025-03-03 04:00:00,0.19583333333333333,6,120,4,0,1
SF00926,2025-03-03 05:00:00,0.19166666666666665,6,120,5,0,1
SF00926,2025-03-03 06:00:00,0.27499999999999997,6,120,6,0,1
SF00926,2025-03-03 07:00:00,0.2972222222222222,6,120,7,0,1
SF00926,2025-03-03 08:00:00,0.36527777777777776,6,120,8,0,1
SF00926,2025-03-03 09:00:00,0.4222222222222222,6,120,9,0,1
SF00926,2025-03-03 10:00:00,0.39999999999999997,6,120,10,0,1
SF00926,2025-03-03 11:00:00,0.39444444444444443,6,120,11,0,1
SF00926,2025-03-03 12:00:00,0.39166666666666666,6,120,12,0,1
SF00926,2025-03-03 13:00:00,0.41250000000000003,6,120,13,0,1
SF00926,2025-03-03 14:00:00,0.3875,6,120,14,0,1
SF00926,2025-03-03 15:00:00,0.4236111111111111,6,120,15,0,1
SF00926,2025-03-03 16:00:00,0.5722222222222223,6,120,16,0,1
SF00926,2025-03-03 17:00:00,0.5986111111111111,6,120,17,0,1
SF00926,2025-03-03 18:00:00,0.6069444444444444,6,120,18,0,1
SF00926,2025-03-03 19:00:00,0.6055555555555555,6,120,19,0,1
SF00926,2025-03-03 20:00:00,0.6,6,120,20,0,1
SF00926,2025-03-03 21:00:00,0.5777777777777778,3,120,21,0,1
SF00926,2025-04-07 00:00:00,0.3263888888888889,6,120,0,0,1
SF00926,2025-04-07 06:00:00,0.2708333333333333,6,120,6,0,1
SF00926,2025-04-07 12:00:00,0.40138888888888885,6,120,12,0,1
SF00926,2025-04-07 18:00:00,0.5944444444444444,6,120,18,0,1
SF00926,2025-04-08 00:00:00,0.33194444444444443,6,120,0,1,1
SF00926,2025-04-08 06:00:00,0.2833333333333333,6,120,6,1,1
SF00926,2025-04-08 12:00:00,0.39166666666666666,6,120,12,1,1
SF00926,2025-04-08 18:00:00,0.5861111111111111,6,120,18,1,1
SF00926,2025-04-09 00:00:00,0.3361111111111111,6,120,0,2,1
SF00926,2025-04-09 06:00:00,0.27638888888888885,6,120,6,2,1
SF00926,2025-04-09 12:00:00,0.4083333333333334,6,120,12,2,1
SF00926,2025-04-09 18:00:00,0.5708333333333333,6,120,18,2,1
SF00926,2025-04-10 00:00:00,0.3347222222222222,6,120,0,3,1
SF00926,2025-04-10 06:00:00,0.28611111111111115,6,120,6,3,1
SF00926,2025-04-10 12:00:00,0.38055555555555554,6,120,12,3,1
SF00926,2025-04-10 18:00:00,0.6208333333333333,6,120,18,3,1
SF00926,2025-04-11 00:00:00,0.33055555555555555,6,120,0,4,1
SF00926,2025-04-11 06:00:00,0.2791666666666667,6,120,6,4,1
SF00926,2025-04-11 12:00:00,0.5833333333333334,6,120,12,4,1
SF00926,2025-04-11 18:00:00,0.9097222222222222,6,120,18,4,1
SF00926,2025-04-12 00:00:00,0.325,6,120,0,5,0
SF00926,2025-04-12 06:00:00,0.2708333333333333,6,120,6,5,0
SF00926,2025-04-12 12:00:00,0.6027777777777777,6,120,12,5,0
SF00926,2025-04-12 18:00:00,0.9152777777777779,6,120,18,5,0
SF00926,2025-04-13 00:00:00,0.33194444444444443,6,120,0,6,0
SF00926,2025-04-13 06:00:00,0.3013888888888889,6,120,6,6,0
SF00926,2025-04-13 12:00:00,0.6111111111111112,6,120,12,6,0
SF00926,2025-04-13 18:00:00,0.9138888888888889,6,120,18,6,0
SF00927,2025-03-02 21:00:00,0.6435028248587571,3,590,21,6,0
SF00927,2025-03-02 22:00:00,0.6418079096045197,6,590,22,6,0
SF00927,2025-03-02 23:00:00,0.6418079096045198,6,590,23,6,0
SF00927,2025-03-03 00:00:00,0.638135593220339,6,590,0,0,1
SF00927,2025-03-03 01:00:00,0.6290960451977402,6,590,1,0,1
SF00927,2025-03-03 02:00:00,0.6254237288135593,6,590,2,0,1
SF00927,2025-03-03 03:00:00,0.6296610169491527,6,590,3,0,1
SF00927,2025-03-03 04:00:00,0.6305084745762712,6,590,4,0,1
SF00927,2025-03-03 05:00:00,0.6299435028248588,6,590,5,0,1
SF00927,2025-03-03 06:00:00,0.6305084745762711,6,590,6,0,1
SF00927,2025-03-03 07:00:00,0.6457627118644068,6,590,7,0,1
SF00927,2025-03-03 08:00:00,0.7098870056497176,6,590,8,0,1
SF00927,2025-03-03 09:00:00,0.8135593220338982,6,590,9,0,1
SF00927,2025-03-03 10:00:00,0.8310734463276837,6,590,10,0,1
SF00927,2025-03-03 11:00:00,0.8220338983050848,6,590,11,0,1
SF00927,2025-03-03 12:00:00,0.7954802259887006,6,590,12,0,1
SF00927,2025-03-03 13:00:00,0.7912429378531073,6,590,13,0,1
SF00927,2025-03-03 14:00:00,0.8011299435028248,6,590,14,0,1
SF00927,2025-03-03 15:00:00,0.798587570621469,6,590,15,0,1
SF00927,2025-03-03 16:00:00,0.8059322033898305,6,590,16,0,1
SF00927,2025-03-03 17:00:00,0.7403954802259887,6,590,17,0,1
SF00927,2025-03-03 18:00:00,0.6946327683615818,6,590,18,0,1
SF00927,2025-03-03 19:00:00,0.6836158192090395,6,590,19,0,1
SF00927,2025-03-03 20:00:00,0.669774011299435,6,590,20,0,1
SF00927,2025-03-03 21:00:00,0.6728813559322034,3,590,21,0,1
SF00927,2025-04-07 00:00:00,0.6596045197740114,6,590,0,0,1
SF00927,2025-04-07 06:00:00,0.6573446327683615,6,590,6,0,1
SF00927,2025-04-07 12:00:00,0.8045197740112995,6,590,12,0,1
SF00927,2025-04-07 18:00:00,0.7042372881355932,6,590,18,0,1
SF00927,2025-04-08 00:00:00,0.6531073446327683,6,590,0,1,1
SF00927,2025-04-08 06:00:00,0.6516949152542373,6,590,6,1,1
SF00927,2025-04-08 12:00:00,0.7768361581920904,6,590,12,1,1
SF00927,2025-04-08 18:00:00,0.6742937853107346,6,590,18,1,1
SF00927,2025-04-09 00:00:00,0.6497175141242938,6,590,0,2,1
SF00927,2025-04-09 06:00:00,0.6449152542372881,6,590,6,2,1
SF00927,2025-04-09 12:00:00,0.7709039548022599,6,590,12,2,1
SF00927,2025-04-09 18:00:00,0.7022598870056497,6,590,18,2,1
SF00927,2025-04-10 00:00:00,0.6785310734463277,6,590,0,3,1
SF00927,2025-04-10 06:00:00,0.6802259887005649,6,590,6,3,1
SF00927,2025-04-10 12:00:00,0.796045197740113,6,590,12,3,1
SF00927,2025-04-10 18:00:00,0.7180790960451978,6,590,18,3,1
SF00927,2025-04-11 00:00:00,0.6951977401129943,6,590,0,4,1
SF00927,2025-04-11 06:00:00,0.68954802259887,6,590,6,4,1
SF00927,2025-04-11 12:00:00,0.8384180790960452,6,590,12,4,1
SF00927,2025-04-11 18:00:00,0.7426553672316384,6,590,18,4,1
SF00927,2025-04-12 00:00:00,0.6788135593220339,6,590,0,5,0
SF00927,2025-04-12 06:00:00,0.6765536723163842,6,590,6,5,0
SF00927,2025-04-12 12:00:00,0.7624293785310735,6,590,12,5,0
SF00927,2025-04-12 18:00:00,0.7358757062146893,6,590,18,5,0
SF00927,2025-04-13 00:00:00,0.6666666666666666,6,590,0,6,0
SF00927,2025-04-13 06:00:00,0.6593220338983051,6,590,6,6,0
SF00927,2025-04-13 12:00:00,0.7285310734463276,6,590,12,6,0
SF00927,2025-04-13 18:00:00,0.6971751412429379,6,590,18,6,0
SF00928,2025-03-02 21:00:00,0.5255555555555556,3,300,21,6,0
SF00928,2025-03-02 22:00:00,0.5,6,300,22,6,0
SF00928,2025-03-02 23:00:00,0.46222222222222226,6,300,23,6,0
SF00928,2025-03-03 00:00:00,0.35777777777777775,6,300,0,0,1
SF00928,2025-03-03 01:00:00,0.28611111111111115,6,300,1,0,1
SF00928,2025-03-03 02:00:00,0.23722222222222222,6,300,2,0,1
SF00928,2025-03-03 03:00:00,0.20333333333333334,6,300,3,0,1
SF00928,2025-03-03 04:00:00,0.19499999999999998,6,300,4,0,1
SF00928,2025-03-03 05:00:00,0.18444444444444444,6,300,5,0,1
SF00928,2025-03-03 06:00:00,0.18166666666666664,6,300,6,0,1
SF00928,2025-03-03 07:00:00,0.20333333333333334,6,300,7,0,1
SF00928,2025-03-03 08:00:00,0.37222222222222223,6,300,8,0,1
SF00928,2025-03-03 09:00:00,0.7866666666666666,6,300,9,0,1
SF00928,2025-03-03 10:00:00,0.9433333333333334,6,300,10,0,1
SF00928,2025-03-03 11:00:00,0.9677777777777777,6,300,11,0,1
SF00928,2025-03-03 12:00:00,0.9777777777777777,6,300,12,0,1
SF00928,2025-03-03 13:00:00,0.9933333333333333,6,300,13,0,1
SF00928,2025-03-03 14:00:00,0.9933333333333333,6,300,14,0,1
SF00928,2025-03-03 15:00:00,0.9933333333333333,6,300,15,0,1
SF00928,2025-03-03 16:00:00,0.985,6,300,16,0,1
SF00928,2025-03-03 17:00:00,0.6827777777777778,6,300,17,0,1
SF00928,2025-03-03 18:00:00,0.5538888888888889,6,300,18,0,1
SF00928,2025-03-03 19:00:00,0.5677777777777778,6,300,19,0,1
SF00928,2025-03-03 20:00:00,0.6127777777777778,6,300,20,0,1
SF00928,2025-03-03 21:00:00,0.6066666666666667,3,300,21,0,1
SF00928,2025-04-07 00:00:00,0.3611111111111111,6,300,0,0,1
SF00928,2025-04-07 06:00:00,0.205,6,300,6,0,1
SF00928,2025-04-07 12:00:00,0.9016666666666667,6,300,12,0,1
SF00928,2025-04-07 18:00:00,0.5372222222222223,6,300,18,0,1
SF00928,2025-04-08 00:00:00,0.3938888888888889,6,300,0,1,1
SF00928,2025-04-08 06:00:00,0.24333333333333332,6,300,6,1,1
SF00928,2025-04-08 12:00:00,0.8627777777777778,6,300,12,1,1
SF00928,2025-04-08 18:00:00,0.52,6,300,18,1,1
SF00928,2025-04-09 00:00:00,0.36833333333333335,6,300,0,2,1
SF00928,2025-04-09 06:00:00,0.2233333333333333,6,300,6,2,1
SF00928,2025-04-09 12:00:00,0.8533333333333334,6,300,12,2,1
SF00928,2025-04-09 18:00:00,0.5633333333333334,6,300,18,2,1
SF00928,2025-04-10 00:00:00,0.4255555555555555,6,300,0,3,1
SF00928,2025-04-10 06:00:00,0.2488888888888889,6,300,6,3,1
SF00928,2025-04-10 12:00:00,0.9088888888888889,6,300,12,3,1
SF00928,2025-04-10 18:00:00,0.5555555555555556,6,300,18,3,1
SF00928,2025-04-11 00:00:00,0.4466666666666667,6,300,0,4,1
SF00928,2025-04-11 06:00:00,0.26555555555555554,6,300,6,4,1
SF00928,2025-04-11 12:00:00,0.8566666666666666,6,300,12,4,1
SF00928,2025-04-11 18:00:00,0.6372222222222222,6,300,18,4,1
SF00928,2025-04-12 00:00:00,0.43166666666666664,6,300,0,5,0
SF00928,2025-04-12 06:00:00,0.23222222222222222,6,300,6,5,0
SF00928,2025-04-12 12:00:00,0.5494444444444444,6,300,12,5,0
SF00928,2025-04-12 18:00:00,0.5288888888888889,6,300,18,5,0
SF00928,2025-04-13 00:00:00,0.4138888888888889,6,300,0,6,0
SF00928,2025-04-13 06:00:00,0.19999999999999998,6,300,6,6,0
SF00928,2025-04-13 12:00:00,0.33944444444444444,6,300,12,6,0
SF00928,2025-04-13 18:00:00,0.39055555555555554,6,300,18,6,0
SF00929,2025-03-02 21:00:00,0.0,3,1000,21,6,0
SF00929,2025-03-02 22:00:00,0.0,6,1000,22,6,0
SF00929,2025-03-02 23:00:00,0.0,6,1000,23,6,0
SF00929,2025-03-03 00:00:00,0.0,6,1000,0,0,1
SF00929,2025-03-03 01:00:00,0.0,6,1000,1,0,1
SF00929,2025-03-03 02:00:00,0.0,6,1000,2,0,1
SF00929,2025-03-03 03:00:00,0.0,6,1000,3,0,1
SF00929,2025-03-03 04:00:00,0.0,6,1000,4,0,1
SF00929,2025-03-03 05:00:00,0.0,6,1000,5,0,1
SF00929,2025-03-03 06:00:00,0.0,6,1000,6,0,1
SF00929,2025-03-03 07:00:00,0.0,6,1000,7,0,1
SF00929,2025-03-03 08:00:00,0.0,6,1000,8,0,1
SF00929,2025-03-03 09:00:00,0.0,6,1000,9,0,1
SF00929,2025-03-03 10:00:00,0.0,6,1000,10,0,1
SF00929,2025-03-03 11:00:00,0.0,6,1000,11,0,1
SF00929,2025-03-03 12:00:00,0.0,6,1000,12,0,1
SF00929,2025-03-03 13:00:00,0.0,6,1000,13,0,1
SF00929,2025-03-03 14:00:00,0.0,6,1000,14,0,1
SF00929,2025-03-03 15:00:00,0.0,6,1000,15,0,1
SF00929,2025-03-03 16:00:00,0.0,6,1000,16,0,1
SF00929,2025-03-03 17:00:00,0.0,6,1000,17,0,1
SF00929,2025-03-03 18:00:00,0.0,6,1000,18,0,1
SF00929,2025-03-03 19:00:00,0.0,6,1000,19,0,1
SF00929,2025-03-03 20:00:00,0.0,6,1000,20,0,1
SF00929,2025-03-03 21:00:00,0.0,3,1000,21,0,1
SF00929,2025-04-07 00:00:00,0.9979999999999999,6,1000,0,0,1
SF00929,2025-04-07 06:00:00,0.9979999999999999,6,1000,6,0,1
SF00929,2025-04-07 12:00:00,0.9979999999999999,6,1000,12,0,1
SF00929,2025-04-07 18:00:00,0.9979999999999999,6,1000,18,0,1
SF00929,2025-04-08 00:00:00,0.9979999999999999,6,1000,0,1,1
SF00929,2025-04-08 06:00:00,0.9979999999999999,6,1000,6,1,1
SF00929,2025-04-08 12:00:00,0.9979999999999999,6,1000,12,1,1
SF00929,2025-04-08 18:00:00,0.9979999999999999,6,1000,18,1,1
SF00929,2025-04-09 00:00:00,0.9979999999999999,6,1000,0,2,1
SF00929,2025-04-09 06:00:00,0.9979999999999999,6,1000,6,2,1
SF00929,2025-04-09 12:00:00,0.9979999999999999,6,1000,12,2,1
SF00929,2025-04-09 18:00:00,0.9979999999999999,6,1000,18,2,1
SF00929,2025-04-10 00:00:00,0.9979999999999999,6,1000,0,3,1
SF00929,2025-04-10 06:00:00,0.9979999999999999,6,1000,6,3,1
SF00929,2025-04-10 12:00:00,0.9979999999999999,6,1000,12,3,1
SF00929,2025-04-10 18:00:00,0.9979999999999999,6,1000,18,3,1
SF00929,2025-04-11 00:00:00,0.9979999999999999,6,1000,0,4,1
SF00929,2025-04-11 06:00:00,0.9979999999999999,6,1000,6,4,1
SF00929,2025-04-11 12:00:00,0.9979999999999999,6,1000,12,4,1
SF00929,2025-04-11 18:00:00,0.9979999999999999,6,1000,18,4,1
SF00929,2025-04-12 00:00:00,0.9979999999999999,6,1000,0,5,0
SF00929,2025-04-12 06:00:00,0.9979999999999999,6,1000,6,5,0
SF00929,2025-04-12 12:00:00,0.9979999999999999,6,1000,12,5,0
SF00929,2025-04-12 18:00:00,0.9979999999999999,6,1000,18,5,0
SF00929,2025-04-13 00:00:00,0.9979999999999999,6,1000,0,6,0
SF00929,2025-04-13 06:00:00,0.9979999999999999,6,1000,6,6,0
SF00929,2025-04-13 12:00:00,0.9979999999999999,6,1000,12,6,0
SF00929,2025-04-13 18:00:00,0.9979999999999999,6,1000,18,6,0
SF00930,2025-03-02 21:00:00,0.09666666666666666,3,300,21,6,0
SF00930,2025-03-02 22:00:00,0.09666666666666666,6,300,22,6,0
SF00930,2025-03-02 23:00:00,0.09666666666666666,6,300,23,6,0
SF00930,2025-03-03 00:00:00,0.09666666666666666,6,300,0,0,1
SF00930,2025-03-03 01:00:00,0.09666666666666666,6,300,1,0,1
SF00930,2025-03-03 02:00:00,0.09666666666666666,6,300,2,0,1
SF00930,2025-03-03 03:00:00,0.09666666666666666,6,300,3,0,1
SF00930,2025-03-03 04:00:00,0.09666666666666666,6,300,4,0,1
SF00930,2025-03-03 05:00:00,0.09666666666666666,6,300,5,0,1
SF00930,2025-03-03 06:00:00,0.09666666666666666,6,300,6,0,1
SF00930,2025-03-03 07:00:00,0.09666666666666666,6,300,7,0,1
SF00930,2025-03-03 08:00:00,0.09666666666666666,6,300,8,0,1
SF00930,2025-03-03 09:00:00,0.09666666666666666,6,300,9,0,1
SF00930,2025-03-03 10:00:00,0.09666666666666666,6,300,10,0,1
SF00930,2025-03-03 11:00:00,0.09666666666666666,6,300,11,0,1
SF00930,2025-03-03 12:00:00,0.09666666666666666,6,300,12,0,1
SF00930,2025-03-03 13:00:00,0.09666666666666666,6,300,13,0,1
SF00930,2025-03-03 14:00:00,0.09666666666666666,6,300,14,0,1
SF00930,2025-03-03 15:00:00,0.09666666666666666,6,300,15,0,1
SF00930,2025-03-03 16:00:00,0.09666666666666666,6,300,16,0,1
SF00930,2025-03-03 17:00:00,0.09666666666666666,6,300,17,0,1
SF00930,2025-03-03 18:00:00,0.09666666666666666,6,300,18,0,1
SF00930,2025-03-03 19:00:00,0.09666666666666666,6,300,19,0,1
SF00930,2025-03-03 20:00:00,0.09666666666666666,6,300,20,0,1
SF00930,2025-03-03 21:00:00,0.09666666666666666,3,300,21,0,1
SF00930,2025-04-07 00:00:00,0.09666666666666666,6,300,0,0,1
SF00930,2025-04-07 06:00:00,0.09666666666666666,6,300,6,0,1
SF00930,2025-04-07 12:00:00,0.09666666666666666,6,300,12,0,1
SF00930,2025-04-07 18:00:00,0.09666666666666666,6,300,18,0,1
SF00930,2025-04-08 00:00:00,0.09666666666666666,6,300,0,1,1
SF00930,2025-04-08 06:00:00,0.09666666666666666,6,300,6,1,1
SF00930,2025-04-08 12:00:00,0.09666666666666666,6,300,12,1,1
SF00930,2025-04-08 18:00:00,0.09666666666666666,6,300,18,1,1
SF00930,2025-04-09 00:00:00,0.09666666666666666,6,300,0,2,1
SF00930,2025-04-09 06:00:00,0.09666666666666666,6,300,6,2,1
SF00930,2025-04-09 12:00:00,0.09666666666666666,6,300,12,2,1
SF00930,2025-04-09 18:00:00,0.09666666666666666,6,300,18,2,1
SF00930,2025-04-10 00:00:00,0.09666666666666666,6,300,0,3,1
SF00930,2025-04-10 06:00:00,0.09666666666666666,6,300,6,3,1
SF00930,2025-04-10 12:00:00,0.09666666666666666,6,300,12,3,1
SF00930,2025-04-10 18:00:00,0.09666666666666666,6,300,18,3,1
SF00930,2025-04-11 00:00:00,0.09666666666666666,6,300,0,4,1
SF00930,2025-04-11 06:00:00,0.09666666666666666,6,300,6,4,1
SF00930,2025-04-11 12:00:00,0.09666666666666666,6,300,12,4,1
SF00930,2025-04-11 18:00:00,0.09666666666666666,6,300,18,4,1
SF00930,2025-04-12 00:00:00,0.09666666666666666,6,300,0,5,0
SF00930,2025-04-12 06:00:00,0.09666666666666666,6,300,6,5,0
SF00930,2025-04-12 12:00:00,0.09666666666666666,6,300,12,5,0
SF00930,2025-04-12 18:00:00,0.09666666666666666,6,300,18,5,0
SF00930,2025-04-13 00:00:00,0.09666666666666666,6,300,0,6,0
SF00930,2025-04-13 06:00:00,0.09666666666666666,6,300,6,6,0
SF00930,2025-04-13 12:00:00,0.09666666666666666,6,300,12,6,0
SF00930,2025-04-13 18:00:00,0.09666666666666666,6,300,18,6,0
SF00931,2025-03-02 21:00:00,0.6177777777777778,3,75,21,6,0
SF00931,2025-03-02 22:00:00,0.5955555555555555,6,75,22,6,0
SF00931,2025-03-02 23:00:00,0.9155555555555557,6,75,23,6,0
SF00931,2025-03-03 00:00:00,0.3377777777777778,6,75,0,0,1
SF00931,2025-03-03 01:00:00,0.1977777777777778,6,75,1,0,1
SF00931,2025-03-03 02:00:00,0.19999999999999998,6,75,2,0,1
SF00931,2025-03-03 03:00:00,0.19333333333333336,6,75,3,0,1
SF00931,2025-03-03 04:00:00,0.20222222222222222,6,75,4,0,1
SF00931,2025-03-03 05:00:00,0.1977777777777778,6,75,5,0,1
SF00931,2025-03-03 06:00:00,0.3066666666666667,6,75,6,0,1
SF00931,2025-03-03 07:00:00,0.2822222222222222,6,75,7,0,1
SF00931,2025-03-03 08:00:00,0.38222222222222224,6,75,8,0,1
SF00931,2025-03-03 09:00:00,0.3977777777777778,6,75,9,0,1
SF00931,2025-03-03 10:00:00,0.4155555555555555,6,75,10,0,1
SF00931,2025-03-03 11:00:00,0.39111111111111113,6,75,11,0,1
SF00931,2025-03-03 12:00:00,0.37999999999999995,6,75,12,0,1
SF00931,2025-03-03 13:00:00,0.4177777777777778,6,75,13,0,1
SF00931,2025-03-03 14:00:00,0.43111111111111117,6,75,14,0,1
SF00931,2025-03-03 15:00:00,0.4066666666666667,6,75,15,0,1
SF00931,2025-03-03 16:00:00,0.5666666666666667,6,75,16,0,1
SF00931,2025-03-03 17:00:00,0.5977777777777779,6,75,17,0,1
SF00931,2025-03-03 18:00:00,0.6,6,75,18,0,1
SF00931,2025-03-03 19:00:00,0.6266666666666666,6,75,19,0,1
SF00931,2025-03-03 20:00:00,0.5666666666666667,6,75,20,0,1
SF00931,2025-03-03 21:00:00,0.6266666666666666,3,75,21,0,1
SF00931,2025-04-07 00:00:00,0.3288888888888889,6,75,0,0,1
SF00931,2025-04-07 06:00:00,0.3022222222222222,6,75,6,0,1
SF00931,2025-04-07 12:00:00,0.42444444444444446,6,75,12,0,1
SF00931,2025-04-07 18:00:00,0.6155555555555555,6,75,18,0,1
SF00931,2025-04-08 00:00:00,0.32666666666666666,6,75,0,1,1
SF00931,2025-04-08 06:00:00,0.3022222222222222,6,75,6,1,1
SF00931,2025-04-08 12:00:00,0.40444444444444444,6,75,12,1,1
SF00931,2025-04-08 18:00:00,0.6022222222222222,6,75,18,1,1
SF00931,2025-04-09 00:00:00,0.32222222222222224,6,75,0,2,1
SF00931,2025-04-09 06:00:00,0.2866666666666667,6,75,6,2,1
SF00931,2025-04-09 12:00:00,0.43333333333333335,6,75,12,2,1
SF00931,2025-04-09 18:00:00,0.5866666666666667,6,75,18,2,1
SF00931,2025-04-10 00:00:00,0.32666666666666666,6,75,0,3,1
SF00931,2025-04-10 06:00:00,0.3066666666666667,6,75,6,3,1
SF00931,2025-04-10 12:00:00,0.4155555555555555,6,75,12,3,1
SF00931,2025-04-10 18:00:00,0.6044444444444445,6,75,18,3,1
SF00931,2025-04-11 00:00:00,0.3266666666666667,6,75,0,4,1
SF00931,2025-04-11 06:00:00,0.3066666666666667,6,75,6,4,1
SF00931,2025-04-11 12:00:00,0.6177777777777778,6,75,12,4,1
SF00931,2025-04-11 18:00:00,0.9222222222222222,6,75,18,4,1
SF00931,2025-04-12 00:00:00,0.3466666666666667,6,75,0,5,0
SF00931,2025-04-12 06:00:00,0.2888888888888889,6,75,6,5,0
SF00931,2025-04-12 12:00:00,0.5711111111111111,6,75,12,5,0
SF00931,2025-04-12 18:00:00,0.9066666666666666,6,75,18,5,0
SF00931,2025-04-13 00:00:00,0.31777777777777777,6,75,0,6,0
SF00931,2025-04-13 06:00:00,0.26666666666666666,6,75,6,6,0
SF00931,2025-04-13 12:00:00,0.5911111111111111,6,75,12,6,0
SF00931,2025-04-13 18:00:00,0.9222222222222222,6,75,18,6,0
SF00932,2025-03-02 21:00:00,0.3333333333333333,3,60,21,6,0
SF00932,2025-03-02 22:00:00,0.3138888888888889,6,60,22,6,0
SF00932,2025-03-02 23:00:00,0.3,6,60,23,6,0
SF00932,2025-03-03 00:00:00,0.3,6,60,0,0,1
SF00932,2025-03-03 01:00:00,0.3,6,60,1,0,1
SF00932,2025-03-03 02:00:00,0.3,6,60,2,0,1
SF00932,2025-03-03 03:00:00,0.3,6,60,3,0,1
SF00932,2025-03-03 04:00:00,0.3,6,60,4,0,1
SF00932,2025-03-03 05:00:00,0.3,6,60,5,0,1
SF00932,2025-03-03 06:00:00,0.3,6,60,6,0,1
SF00932,2025-03-03 07:00:00,0.2611111111111111,6,60,7,0,1
SF00932,2025-03-03 08:00:00,0.21666666666666667,6,60,8,0,1
SF00932,2025-03-03 09:00:00,0.4388888888888889,6,60,9,0,1
SF00932,2025-03-03 10:00:00,0.5166666666666667,6,60,10,0,1
SF00932,2025-03-03 11:00:00,0.5027777777777778,6,60,11,0,1
SF00932,2025-03-03 12:00:00,0.5222222222222223,6,60,12,0,1
SF00932,2025-03-03 13:00:00,0.5388888888888889,6,60,13,0,1
SF00932,2025-03-03 14:00:00,0.5555555555555556,6,60,14,0,1
SF00932,2025-03-03 15:00:00,0.513888888888889,6,60,15,0,1
SF00932,2025-03-03 16:00:00,0.4916666666666667,6,60,16,0,1
SF00932,2025-03-03 17:00:00,0.4055555555555556,6,60,17,0,1
SF00932,2025-03-03 18:00:00,0.3527777777777778,6,60,18,0,1
SF00932,2025-03-03 19:00:00,0.35833333333333334,6,60,19,0,1
SF00932,2025-03-03 20:00:00,0.37777777777777777,6,60,20,0,1
SF00932,2025-03-03 21:00:00,0.37777777777777777,3,60,21,0,1
SF00932,2025-04-07 00:00:00,0.26666666666666666,6,60,0,0,1
SF00932,2025-04-07 06:00:00,0.25277777777777777,6,60,6,0,1
SF00932,2025-04-07 12:00:00,0.48055555555555557,6,60,12,0,1
SF00932,2025-04-07 18:00:00,0.3611111111111111,6,60,18,0,1
SF00932,2025-04-08 00:00:00,0.3444444444444444,6,60,0,1,1
SF00932,2025-04-08 06:00:00,0.3333333333333333,6,60,6,1,1
SF00932,2025-04-08 12:00:00,0.3638888888888889,6,60,12,1,1
SF00932,2025-04-08 18:00:00,0.375,6,60,18,1,1
SF00932,2025-04-09 00:00:00,0.325,6,60,0,2,1
SF00932,2025-04-09 06:00:00,0.31666666666666665,6,60,6,2,1
SF00932,2025-04-09 12:00:00,0.4583333333333333,6,60,12,2,1
SF00932,2025-04-09 18:00:00,0.3527777777777778,6,60,18,2,1
SF00932,2025-04-10 00:00:00,0.2861111111111111,6,60,0,3,1
SF00932,2025-04-10 06:00:00,0.26666666666666666,6,60,6,3,1
SF00932,2025-04-10 12:00:00,0.39999999999999997,6,60,12,3,1
SF00932,2025-04-10 18:00:00,0.2611111111111111,6,60,18,3,1
SF00932,2025-04-11 00:00:00,0.23611111111111113,6,60,0,4,1
SF00932,2025-04-11 06:00:00,0.21666666666666667,6,60,6,4,1
SF00932,2025-04-11 12:00:00,0.3194444444444444,6,60,12,4,1
SF00932,2025-04-11 18:00:00,0.2972222222222222,6,60,18,4,1
SF00932,2025-04-12 00:00:00,0.3333333333333333,6,60,0,5,0
SF00932,2025-04-12 06:00:00,0.3333333333333333,6,60,6,5,0
SF00932,2025-04-12 12:00:00,0.4222222222222222,6,60,12,5,0
SF00932,2025-04-12 18:00:00,0.38055555555555554,6,60,18,5,0
SF00932,2025-04-13 00:00:00,0.3194444444444444,6,60,0,6,0
SF00932,2025-04-13 06:00:00,0.25833333333333336,6,60,6,6,0
SF00932,2025-04-13 12:00:00,0.24166666666666667,6,60,12,6,0
SF00932,2025-04-13 18:00:00,0.2722222222222222,6,60,18,6,0
SF00933,2025-03-02 21:00:00,0.10810810810810811,3,37,21,6,0
SF00933,2025-03-02 22:00:00,0.10810810810810811,6,37,22,6,0
SF00933,2025-03-02 23:00:00,0.10810810810810811,6,37,23,6,0
SF00933,2025-03-03 00:00:00,0.10810810810810811,6,37,0,0,1
SF00933,2025-03-03 01:00:00,0.10810810810810811,6,37,1,0,1
SF00933,2025-03-03 02:00:00,0.10810810810810811,6,37,2,0,1
SF00933,2025-03-03 03:00:00,0.10810810810810811,6,37,3,0,1
SF00933,2025-03-03 04:00:00,0.10810810810810811,6,37,4,0,1
SF00933,2025-03-03 05:00:00,0.10810810810810811,6,37,5,0,1
SF00933,2025-03-03 06:00:00,0.10810810810810811,6,37,6,0,1
SF00933,2025-03-03 07:00:00,0.10810810810810811,6,37,7,0,1
SF00933,2025-03-03 08:00:00,0.10810810810810811,6,37,8,0,1
SF00933,2025-03-03 09:00:00,0.10810810810810811,6,37,9,0,1
SF00933,2025-03-03 10:00:00,0.10810810810810811,6,37,10,0,1
SF00933,2025-03-03 11:00:00,0.10810810810810811,6,37,11,0,1
SF00933,2025-03-03 12:00:00,0.10810810810810811,6,37,12,0,1
SF00933,2025-03-03 13:00:00,0.10810810810810811,6,37,13,0,1
SF00933,2025-03-03 14:00:00,0.10810810810810811,6,37,14,0,1
SF00933,2025-03-03 15:00:00,0.10810810810810811,6,37,15,0,1
SF00933,2025-03-03 16:00:00,0.10810810810810811,6,37,16,0,1
SF00933,2025-03-03 17:00:00,0.10810810810810811,6,37,17,0,1
SF00933,2025-03-03 18:00:00,0.10810810810810811,6,37,18,0,1
SF00933,2025-03-03 19:00:00,0.10810810810810811,6,37,19,0,1
SF00933,2025-03-03 20:00:00,0.10810810810810811,6,37,20,0,1
SF00933,2025-03-03 21:00:00,0.10810810810810811,3,37,21,0,1
SF00933,2025-04-07 00:00:00,0.10810810810810811,6,37,0,0,1
SF00933,2025-04-07 06:00:00,0.10810810810810811,6,37,6,0,1
SF00933,2025-04-07 12:00:00,0.10810810810810811,6,37,12,0,1
SF00933,2025-04-07 18:00:00,0.10810810810810811,6,37,18,0,1
SF00933,2025-04-08 00:00:00,0.10810810810810811,6,37,0,1,1
SF00933,2025-04-08 06:00:00,0.10810810810810811,6,37,6,1,1
SF00933,2025-04-08 12:00:00,0.10810810810810811,6,37,12,1,1
SF00933,2025-04-08 18:00:00,0.10810810810810811,6,37,18,1,1
SF00933,2025-04-09 00:00:00,0.10810810810810811,6,37,0,2,1
SF00933,2025-04-09 06:00:00,0.10810810810810811,6,37,6,2,1
SF00933,2025-04-09 12:00:00,0.10810810810810811,6,37,12,2,1
SF00933,2025-04-09 18:00:00,0.10810810810810811,6,37,18,2,1
SF00933,2025-04-10 00:00:00,0.10810810810810811,6,37,0,3,1
SF00933,2025-04-10 06:00:00,0.10810810810810811,6,37,6,3,1
SF00933,2025-04-10 12:00:00,0.10810810810810811,6,37,12,3,1
SF00933,2025-04-10 18:00:00,0.10810810810810811,6,37,18,3,1
SF00933,2025-04-11 00:00:00,0.10810810810810811,6,37,0,4,1
SF00933,2025-04-11 06:00:00,0.10810810810810811,6,37,6,4,1
SF00933,2025-04-11 12:00:00,0.10810810810810811,6,37,12,4,1
SF00933,2025-04-11 18:00:00,0.10810810810810811,6,37,18,4,1
SF00933,2025-04-12 00:00:00,0.10810810810810811,6,37,0,5,0
SF00933,2025-04-12 06:00:00,0.10810810810810811,6,37,6,5,0
SF00933,2025-04-12 12:00:00,0.10810810810810811,6,37,12,5,0
SF00933,2025-04-12 18:00:00,0.10810810810810811,6,37,18,5,0
SF00933,2025-04-13 00:00:00,0.10810810810810811,6,37,0,6,0
SF00933,2025-04-13 06:00:00,0.10810810810810811,6,37,6,6,0
SF00933,2025-04-13 12:00:00,0.10810810810810811,6,37,12,6,0
SF00933,2025-04-13 18:00:00,0.10810810810810811,6,37,18,6,0
SF00934,2025-03-02 21:00:00,0.09500000000000001,3,200,21,6,0
SF00934,2025-03-02 22:00:00,0.09500000000000001,6,200,22,6,0
SF00934,2025-03-02 23:00:00,0.09500000000000001,6,200,23,6,0
SF00934,2025-03-03 00:00:00,0.09500000000000001,6,200,0,0,1
SF00934,2025-03-03 01:00:00,0.09500000000000001,6,200,1,0,1
SF00934,2025-03-03 02:00:00,0.09500000000000001,6,200,2,0,1
SF00934,2025-03-03 03:00:00,0.09500000000000001,6,200,3,0,1
SF00934,2025-03-03 04:00:00,0.09500000000000001,6,200,4,0,1
SF00934,2025-03-03 05:00:00,0.09500000000000001,6,200,5,0,1
SF00934,2025-03-03 06:00:00,0.09500000000000001,6,200,6,0,1
SF00934,2025-03-03 07:00:00,0.09500000000000001,6,200,7,0,1
SF00934,2025-03-03 08:00:00,0.09500000000000001,6,200,8,0,1
SF00934,2025-03-03 09:00:00,0.09500000000000001,6,200,9,0,1
SF00934,2025-03-03 10:00:00,0.09500000000000001,6,200,10,0,1
SF00934,2025-03-03 11:00:00,0.09500000000000001,6,200,11,0,1
SF00934,2025-03-03 12:00:00,0.09500000000000001,6,200,12,0,1
SF00934,2025-03-03 13:00:00,0.09500000000000001,6,200,13,0,1
SF00934,2025-03-03 14:00:00,0.09500000000000001,6,200,14,0,1
SF00934,2025-03-03 15:00:00,0.09500000000000001,6,200,15,0,1
SF00934,2025-03-03 16:00:00,0.09500000000000001,6,200,16,0,1
SF00934,2025-03-03 17:00:00,0.09500000000000001,6,200,17,0,1
SF00934,2025-03-03 18:00:00,0.09500000000000001,6,200,18,0,1
SF00934,2025-03-03 19:00:00,0.09500000000000001,6,200,19,0,1
SF00934,2025-03-03 20:00:00,0.09500000000000001,6,200,20,0,1
SF00934,2025-03-03 21:00:00,0.09500000000000001,3,200,21,0,1
SF00934,2025-04-07 00:00:00,0.09500000000000001,6,200,0,0,1
SF00934,2025-04-07 06:00:00,0.09500000000000001,6,200,6,0,1
SF00934,2025-04-07 12:00:00,0.09500000000000001,6,200,12,0,1
SF00934,2025-04-07 18:00:00,0.09500000000000001,6,200,18,0,1
SF00934,2025-04-08 00:00:00,0.09500000000000001,6,200,0,1,1
SF00934,2025-04-08 06:00:00,0.09500000000000001,6,200,6,1,1
SF00934,2025-04-08 12:00:00,0.09500000000000001,6,200,12,1,1
SF00934,2025-04-08 18:00:00,0.09500000000000001,6,200,18,1,1
SF00934,2025-04-09 00:00:00,0.09500000000000001,6,200,0,2,1
SF00934,2025-04-09 06:00:00,0.09500000000000001,6,200,6,2,1
SF00934,2025-04-09 12:00:00,0.09500000000000001,6,200,12,2,1
SF00934,2025-04-09 18:00:00,0.09500000000000001,6,200,18,2,1
SF00934,2025-04-10 00:00:00,0.09500000000000001,6,200,0,3,1
SF00934,2025-04-10 06:00:00,0.09500000000000001,6,200,6,3,1
SF00934,2025-04-10 12:00:00,0.09500000000000001,6,200,12,3,1
SF00934,2025-04-10 18:00:00,0.09500000000000001,6,200,18,3,1
SF00934,2025-04-11 00:00:00,0.09500000000000001,6,200,0,4,1
SF00934,2025-04-11 06:00:00,0.09500000000000001,6,200,6,4,1
SF00934,2025-04-11 12:00:00,0.09500000000000001,6,200,12,4,1
SF00934,2025-04-11 18:00:00,0.09500000000000001,6,200,18,4,1
SF00934,2025-04-12 00:00:00,0.09500000000000001,6,200,0,5,0
SF00934,2025-04-12 06:00:00,0.09500000000000001,6,200,6,5,0
SF00934,2025-04-12 12:00:00,0.09500000000000001,6,200,12,5,0
SF00934,2025-04-12 18:00:00,0.09500000000000001,6,200,18,5,0
SF00934,2025-04-13 00:00:00,0.09500000000000001,6,200,0,6,0
SF00934,2025-04-13 06:00:00,0.09500000000000001,6,200,6,6,0
SF00934,2025-04-13 12:00:00,0.09500000000000001,6,200,12,6,0
SF00934,2025-04-13 18:00:00,0.09500000000000001,6,200,18,6,0
SF00935,2025-03-02 21:00:00,0.32727272727272727,3,110,21,6,0
SF00935,2025-03-02 22:00:00,0.2772727272727273,6,110,22,6,0
SF00935,2025-03-02 23:00:00,0.22878787878787876,6,110,23,6,0
SF00935,2025-03-03 00:00:00,0.21818181818181817,6,110,0,0,1
SF00935,2025-03-03 01:00:00,0.19545454545454546,6,110,1,0,1
SF00935,2025-03-03 02:00:00,0.17575757575757578,6,110,2,0,1
SF00935,2025-03-03 03:00:00,0.16515151515151516,6,110,3,0,1
SF00935,2025-03-03 04:00:00,0.16363636363636364,6,110,4,0,1
SF00935,2025-03-03 05:00:00,0.16363636363636364,6,110,5,0,1
SF00935,2025-03-03 06:00:00,0.19242424242424241,6,110,6,0,1
SF00935,2025-03-03 07:00:00,0.8045454545454546,6,110,7,0,1
SF00935,2025-03-03 08:00:00,0.9818181818181818,6,110,8,0,1
SF00935,2025-03-03 09:00:00,0.9818181818181818,6,110,9,0,1
SF00935,2025-03-03 10:00:00,0.9818181818181818,6,110,10,0,1
SF00935,2025-03-03 11:00:00,0.9818181818181818,6,110,11,0,1
SF00935,2025-03-03 12:00:00,0.9818181818181818,6,110,12,0,1
SF00935,2025-03-03 13:00:00,0.9818181818181818,6,110,13,0,1
SF00935,2025-03-03 14:00:00,0.9818181818181818,6,110,14,0,1
SF00935,2025-03-03 15:00:00,0.9818181818181818,6,110,15,0,1
SF00935,2025-03-03 16:00:00,0.9818181818181818,6,110,16,0,1
SF00935,2025-03-03 17:00:00,0.9818181818181818,6,110,17,0,1
SF00935,2025-03-03 18:00:00,0.8757575757575756,6,110,18,0,1
SF00935,2025-03-03 19:00:00,0.9515151515151515,6,110,19,0,1
SF00935,2025-03-03 20:00:00,0.7803030303030303,6,110,20,0,1
SF00935,2025-03-03 21:00:00,0.6,3,110,21,0,1
SF00935,2025-04-07 00:00:00,0.08181818181818182,6,110,0,0,1
SF00935,2025-04-07 06:00:00,0.08181818181818182,6,110,6,0,1
SF00935,2025-04-07 12:00:00,0.08181818181818182,6,110,12,0,1
SF00935,2025-04-07 18:00:00,0.08181818181818182,6,110,18,0,1
SF00935,2025-04-08 00:00:00,0.08181818181818182,6,110,0,1,1
SF00935,2025-04-08 06:00:00,0.08181818181818182,6,110,6,1,1
SF00935,2025-04-08 12:00:00,0.08181818181818182,6,110,12,1,1
SF00935,2025-04-08 18:00:00,0.08181818181818182,6,110,18,1,1
SF00935,2025-04-09 00:00:00,0.08181818181818182,6,110,0,2,1
SF00935,2025-04-09 06:00:00,0.08181818181818182,6,110,6,2,1
SF00935,2025-04-09 12:00:00,0.08181818181818182,6,110,12,2,1
SF00935,2025-04-09 18:00:00,0.08181818181818182,6,110,18,2,1
SF00935,2025-04-10 00:00:00,0.08181818181818182,6,110,0,3,1
SF00935,2025-04-10 06:00:00,0.08181818181818182,6,110,6,3,1
SF00935,2025-04-10 12:00:00,0.08181818181818182,6,110,12,3,1
SF00935,2025-04-10 18:00:00,0.08181818181818182,6,110,18,3,1
SF00935,2025-04-11 00:00:00,0.08181818181818182,6,110,0,4,1
SF00935,2025-04-11 06:00:00,0.08181818181818182,6,110,6,4,1
SF00935,2025-04-11 12:00:00,0.08181818181818182,6,110,12,4,1
SF00935,2025-04-11 18:00:00,0.08181818181818182,6,110,18,4,1
SF00935,2025-04-12 00:00:00,0.08181818181818182,6,110,0,5,0
SF00935,2025-04-12 06:00:00,0.08181818181818182,6,110,6,5,0
SF00935,2025-04-12 12:00:00,0.08181818181818182,6,110,12,5,0
SF00935,2025-04-12 18:00:00,0.08181818181818182,6,110,18,5,0
SF00935,2025-04-13 00:00:00,0.08181818181818182,6,110,0,6,0
SF00935,2025-04-13 06:00:00,0.08181818181818182,6,110,6,6,0
SF00935,2025-04-13 12:00:00,0.08181818181818182,6,110,12,6,0
SF00935,2025-04-13 18:00:00,0.08181818181818182,6,110,18,6,0
SF00939,2025-03-02 21:00:00,0.09333333333333332,3,350,21,6,0
SF00939,2025-03-02 22:00:00,0.09047619047619047,6,350,22,6,0
SF00939,2025-03-02 23:00:00,0.08714285714285715,6,350,23,6,0
SF00939,2025-03-03 00:00:00,0.09380952380952383,6,350,0,0,1
SF00939,2025-03-03 01:00:00,0.08714285714285715,6,350,1,0,1
SF00939,2025-03-03 02:00:00,0.0857142857142857,6,350,2,0,1
SF00939,2025-03-03 03:00:00,0.0857142857142857,6,350,3,0,1
SF00939,2025-03-03 04:00:00,0.0857142857142857,6,350,4,0,1
SF00939,2025-03-03 05:00:00,0.0857142857142857,6,350,5,0,1
SF00939,2025-03-03 06:00:00,0.09428571428571429,6,350,6,0,1
SF00939,2025-03-03 07:00:00,0.10142857142857142,6,350,7,0,1
SF00939,2025-03-03 08:00:00,0.19999999999999998,6,350,8,0,1
SF00939,2025-03-03 09:00:00,0.29619047619047617,6,350,9,0,1
SF00939,2025-03-03 10:00:00,0.31047619047619046,6,350,10,0,1
SF00939,2025-03-03 11:00:00,0.2966666666666667,6,350,11,0,1
SF00939,2025-03-03 12:00:00,0.250952380952381,6,350,12,0,1
SF00939,2025-03-03 13:00:00,0.2519047619047619,6,350,13,0,1
SF00939,2025-03-03 14:00:00,0.2638095238095238,6,350,14,0,1
SF00939,2025-03-03 15:00:00,0.26380952380952377,6,350,15,0,1
SF00939,2025-03-03 16:00:00,0.25952380952380955,6,350,16,0,1
SF00939,2025-03-03 17:00:00,0.2280952380952381,6,350,17,0,1
SF00939,2025-03-03 18:00:00,0.21095238095238097,6,350,18,0,1
SF00939,2025-03-03 19:00:00,0.19000000000000003,6,350,19,0,1
SF00939,2025-03-03 20:00:00,0.17476190476190476,6,350,20,0,1
SF00939,2025-03-03 21:00:00,0.16,3,350,21,0,1
SF00939,2025-04-07 00:00:00,0.08904761904761904,6,350,0,0,1
SF00939,2025-04-07 06:00:00,0.09000000000000001,6,350,6,0,1
SF00939,2025-04-07 12:00:00,0.2261904761904762,6,350,12,0,1
SF00939,2025-04-07 18:00:00,0.19285714285714284,6,350,18,0,1
SF00939,2025-04-08 00:00:00,0.10857142857142858,6,350,0,1,1
SF00939,2025-04-08 06:00:00,0.09904761904761905,6,350,6,1,1
SF00939,2025-04-08 12:00:00,0.2895238095238095,6,350,12,1,1
SF00939,2025-04-08 18:00:00,0.17380952380952383,6,350,18,1,1
SF00939,2025-04-09 00:00:00,0.08857142857142856,6,350,0,2,1
SF00939,2025-04-09 06:00:00,0.09000000000000001,6,350,6,2,1
SF00939,2025-04-09 12:00:00,0.3019047619047619,6,350,12,2,1
SF00939,2025-04-09 18:00:00,0.17857142857142858,6,350,18,2,1
SF00939,2025-04-10 00:00:00,0.1138095238095238,6,350,0,3,1
SF00939,2025-04-10 06:00:00,0.10904761904761905,6,350,6,3,1
SF00939,2025-04-10 12:00:00,0.26285714285714284,6,350,12,3,1
SF00939,2025-04-10 18:00:00,0.16761904761904764,6,350,18,3,1
SF00939,2025-04-11 00:00:00,0.10476190476190476,6,350,0,4,1
SF00939,2025-04-11 06:00:00,0.09142857142857143,6,350,6,4,1
SF00939,2025-04-11 12:00:00,0.3066666666666667,6,350,12,4,1
SF00939,2025-04-11 18:00:00,0.18047619047619046,6,350,18,4,1
SF00939,2025-04-12 00:00:00,0.12047619047619047,6,350,0,5,0
SF00939,2025-04-12 06:00:00,0.11190476190476191,6,350,6,5,0
SF00939,2025-04-12 12:00:00,0.23666666666666666,6,350,12,5,0
SF00939,2025-04-12 18:00:00,0.1619047619047619,6,350,18,5,0
SF00939,2025-04-13 00:00:00,0.0857142857142857,6,350,0,6,0
SF00939,2025-04-13 06:00:00,0.08857142857142856,6,350,6,6,0
SF00939,2025-04-13 12:00:00,0.24190476190476193,6,350,12,6,0
SF00939,2025-04-13 18:00:00,0.15333333333333332,6,350,18,6,0
