TCCBH,TCCMC,SZQX,TCCDZ,TCCLX,GLDW,BWZS,KFMS,KFSJ,SFBZ,SYZT,JDZB,WDZB,api_lon_gcj02,api_lat_gcj02
0010013,保驾山路夜排档停车场,上虞区,保驾山路夜排档停车场,公共停车场,绍兴市方格尔停车服务有限公司,106,对外开放,全天,免费30分钟，每四个小时5元，一天最高29元,启用,120.885331,30.050397,,
0010014,信义广场南侧停车场,上虞区,信义广场南侧停车场,公共停车场,绍兴市方格尔停车服务有限公司,15,对外开放,24小时开放,0:0 - 8:0(免费)8:0 - 20:0(收费)20:0 - 0:0(免费),启用,120.86505,30.034865,120.856616,30.029565
0010015,信义广场北侧停车场,上虞区,信义广场北侧停车场,公共停车场,城建集团,41,对外开放,24小时开放,0:0 - 8:0(免费)8:0 - 20:0(收费)20:0 - 0:0(免费),启用,120.857553,30.029024,120.856616,30.029565
0010025,青春广场停车场,上虞区,青春广场停车场,公共停车场,绍兴市方格尔停车服务有限公司,73,对外开放,24小时开放,0:0 - 8:0(免费)8:0 - 20:0(收费)20:0 - 0:0(免费),启用,120.88511,30.026149,120.573954,29.999221
0010026,供销大厦前停车场,上虞区,供销大厦前停车场,公共停车场,绍兴市方格尔停车服务有限公司,0,对外开放,24小时开放,0:0 - 8:0(免费)8:0 - 20:0(收费)20:0 - 0:0(免费),启用,120.89396,30.031974,120.886425,30.025548
0010027,雅图时空美术馆停车场,上虞区,雅图时空美术馆停车场,公共停车场,绍兴市方格尔停车服务有限公司,40,对外开放,24小时开放,0:0 - 8:0(免费)8:0 - 20:0(收费)20:0 - 0:0(免费),启用,120.87894,30.023792,120.872964,30.016406
0010028,上虞区百官街道王充路431号,上虞区,上虞区百官街道王充路431号,公共停车场,城建集团,106,对外开放,24小时开放,0:0 - 8:0(免费)8:0 - 20:0(收费)20:0 - 0:0(免费),启用,120.881754,30.038305,120.879084,30.036362
0010033,上虞区百官街道江东路,上虞区,上虞区百官街道江东路,公共停车场,城建集团,95,对外开放,24小时开放,0:0 - 8:0(免费)8:0 - 20:0(收费)20:0 - 0:0(免费),启用,120.85226,30.031831,120.871401,30.020485
0010049,小越历史街区停车场,上虞区,小越历史街区停车场,公共停车场,绍兴市方格尔停车服务有限公司,74,对外开放,24小时开放,0:0 - 8:0(免费)8:0 - 20:0(收费)20:0 - 0:0(免费),启用,120.93619,30.076803,,
0010061,人民医院停车场,上虞区,人民医院停车场,公共停车场,绍兴市方格尔停车服务有限公司,700,对外开放,24小时开放,0:0 - 8:0(免费)8:0 - 20:0(收费)20:0 - 0:0(免费),启用,120.88864,30.039832,,
0010067,中医院停车场,上虞区,中医院停车场,公共停车场,中医院,300,对外开放,24小时开放,免费1小时，每4小时5元，一天最高20,启用,120.865329,30.008037,,
0010081,人民桥停车场一,上虞区,上虞区百官街道舜江东路209号,公共停车场,绍兴市方格尔停车服务有限公司,27,对外开放,24小时开放,0:0 - 8:0(免费)8:0 - 20:0(收费)20:0 - 0:0(免费),启用,120.86902,30.013484,120.873865,30.015595
0010082,上虞区曹娥街道江西南路上虞滨江体育公园-晨练广场,上虞区,上虞区曹娥街道江西南路上虞滨江体育公园-晨练广场,公共停车场,城建集团,14,对外开放,24小时开放,0:0 - 8:0(免费)8:0 - 20:0(收费)20:0 - 0:0(免费),启用,120.868514,30.013504,120.867975,30.014975
0010083,世邦万祥城停车场 ,上虞区,绍兴市上虞区博文路,公共停车场,绍兴市方格尔停车服务有限公司,100,对外开放,全天,免费30分钟，每四个小时5元，一天最高29元,启用,120.844325,120.844325,120.842461,30.023209
0030001,上虞桂苑小区停车场,上虞区,通江东路金桂苑,道路停车场,绍兴市方格尔停车服务有限公司,500,对外开放,全天,免费30分钟，每四个小时5元，一天最高29元,启用,120.867079,30.008108,120.870367,30.010346
0040001,渔得水停车场,上虞区,绍兴市上虞区渔得水停车场,公共停车场,绍兴市方格尔停车服务有限公司,100,对外开放,全天,免费30分钟，每四个小时5元，一天最高29元,停用,120.844325,120.844325,120.882153,30.034097
1,大润发停车场,上虞区,大润发停车场,公共停车场,大润发,360,对外开放,24小时开放,免费半小时，每小时5元,启用,120.878161,30.033397,120.512782,30.093529
10,大通商城停车场,上虞区,大通商城停车场,公共停车场,大通商城,135,对外开放,24小时开放,免费1小时，每小时5元,启用,120.878565,30.018011,120.87836,30.018024
10013,保驾山路夜排档停车场,上虞区,保驾山路夜排档停车场,公共停车场,绍兴市方格尔停车服务有限公司,106,对外开放,全天,免费30分钟，每四个小时5元，一天最高29元,启用,120.885331,30.050397,,
10014,信义广场南侧停车场,上虞区,信义广场南侧停车场,公共停车场,城建集团,15,对外开放,全天,免费30分钟，每四个小时5元，一天最高29元,启用,120.865052,30.034865,120.856616,30.029565
10025,青春广场停车场,上虞区,青春广场停车场,公共停车场,城建集团,73,对外开放,全天,免费30分钟，每四个小时5元，一天最高29元,启用,120.885116,30.026149,120.573954,29.999221
10026,供销大厦前停车场,上虞区,供销大厦前停车场,公共停车场,城建集团,90,对外开放,全天,免费30分钟，每四个小时5元，一天最高29元,启用,120.893961,30.031974,120.886425,30.025548
10027,雅图时空美术馆停车场,上虞区,雅图时空美术馆停车场,公共停车场,城建集团,40,对外开放,全天,免费30分钟，每四个小时5元，一天最高29元,启用,120.878947,30.023792,120.872964,30.016406
10049,小越历史街区停车场,上虞区,小越历史街区停车场,公共停车场,城建集团,74,对外开放,全天,免费30分钟，每四个小时4元，一天最高29元,启用,120.936193,30.076803,,
10081,人民桥停车场一,上虞区,信义广场南侧停车场,公共停车场,城建集团,26,对外开放,全天,免费30分钟，每四个小时5元，一天最高29元,启用,120.869021,30.013484,120.873865,30.015595
12,上百万和城停车场,上虞区,上百万和城停车场,公共停车场,大通商城,670,对外开放,24小时开放,免费1小时，每2小时5元,启用,120.876218,30.031452,120.876137,30.031482
13,大通购物中心停车场,上虞区,大通购物中心停车场,公共停车场,大通购物中心,793,对外开放,24小时开放,免费1小时，每2小时5元,启用,120.871954,30.032765,120.873183,30.033827
14,雷迪森停车场,上虞区,雷迪森停车场,公共停车场,雷迪森,350,对外开放,24小时开放,免费半小时，每小时5元,启用,120.878916,30.033608,120.505457,30.099787
15,一百商店停车场,上虞区,一百商店停车场,公共停车场,一百商场,75,对外开放,24小时开放,免费半小时，每2小时5元,启用,120.87966,30.011161,120.879125,30.011075
16,人民大道停车位,上虞区,人民大道停车位,道路停车场,城建集团,151,对外开放,24小时开放,0:0 - 8:0(免费)8:0 - 20:0(收费)20:0 - 0:0(免费),启用,120.875159,30.015628,120.776785,30.047974
17,妇保院停车场,上虞区,妇保院停车场,公共停车场,妇保院,73,对外开放,24小时开放,免费1小时，每4小时5元，一天最高20,启用,120.879209,30.02047,120.479743,30.038728
19,客运中心停车场,上虞区,客运中心停车场,公共停车场,客运中心,225,对外开放,24小时开放,免费1小时，每4小时5元，一天最高20,启用,120.849423,30.054199,120.599947,30.022305
20,绍兴东站停车场,上虞区,绍兴东站停车场,公共停车场,绍兴东站,350,对外开放,24小时开放,免费1小时，每4小时5元，一天最高20,启用,120.853589,30.053783,120.853562,30.053791
21,万达广场停车场,上虞区,万达广场停车场,公共停车场,万达广场,900,对外开放,24小时开放,免费2小时，每2小时5元，一天最高30元,启用,120.842811,30.053848,120.875968,29.504646
24032610340324759,小越历史街区停车场,上虞区,绍兴市上虞区小越历史街区停车场,公共停车场,浙江海康城市服务有限公司,74,对外开放,24小时开放,停放时间不足30分钟（含）的免费，小车4元/次，大车8元/次，停车时间以4小时（含）为一次，不足4小时按4小时计，依次类推。收费时段为8:00至20:00，其余时间段免费停车。,启用,30.064199,120.940592,,
3,农批市场停车场,上虞区,农批市场停车场,公共停车场,农批市场,230,对外开放,24小时开放,免费1小时，每4小时5元，一天最高20,启用,120.887407,30.024534,120.886243,30.025161
4,时代潮城停车场,上虞区,时代潮城停车场,公共停车场,时代潮城,230,对外开放,24小时开放,免费半小时，每小时5元,启用,120.874714,30.03298,120.87381,30.033662
604001,中央假日停车场,上虞区,上虞区称山南路中央假日西门,公共停车场,浙江海康城市服务有限公司,0,对外开放,24小时开放,新能源汽车免费,停用,30.030504,120.864599,120.86716,30.02995
604002,梁祝大桥东桥下停车场,上虞区,上虞区百官街道人民中路398号人民桥下停车场,公共停车场,浙江海康城市服务有限公司,95,对外开放,24小时开放,停放时间不足30分钟（含）的免费，小车5元/次，大车10元/次，停车时间以4小时（含）为一次，不足4小时按4小时计，依次类推。收费时段为8:00至20:00，其余时间段免费停车。,启用,30.031726,120.852139,120.852139,30.031726
604003,信义广场南停车场,上虞区,上虞区百官街道江东路梁祝大桥东桥下停车场,公共停车场,浙江海康城市服务有限公司,15,对外开放,24小时开放,停放时间不足30分钟（含）的免费，小车5元/次，大车10元/次，停车时间以4小时（含）为一次，不足4小时按4小时计，依次类推。收费时段为8:00至20:00，其余时间段免费停车。,启用,30.027357,120.860611,120.856727,30.028662
604004,保驾山停车场,上虞区,上虞区百官街道江东北路滨江1号附近信义广场南停车场,公共停车场,浙江海康城市服务有限公司,37,对外开放,24小时开放,停放时间不足30分钟（含）的免费，小车5元/次，大车10元/次，停车时间以4小时（含）为一次，不足4小时按4小时计，依次类推。收费时段为8:00至20:00，其余时间段免费停车。,启用,30.035996,120.883304,120.882153,30.034097
604005,人民桥下停车场,上虞区,绍兴市上虞区保驾山停车场,公共停车场,浙江海康城市服务有限公司,40,对外开放,24小时开放,停放时间不足30分钟（含）的免费，小车5元/次，大车10元/次，停车时间以4小时（含）为一次，不足4小时按4小时计，依次类推。收费时段为8:00至20:00，其余时间段免费停车。,启用,30.015564,120.87395,120.792084,29.993586
604006,供销社停车场,上虞区,上虞区百官街道人民中路398号人民桥下停车场,公共停车场,浙江海康城市服务有限公司,106,对外开放,24小时开放,停放时间不足30分钟（含）的免费，小车5元/次，大车10元/次，停车时间以4小时（含）为一次，不足4小时按4小时计，依次类推。收费时段为8:00至20:00，其余时间段免费停车。,启用,30.025313,120.886206,120.873865,30.015595
604007,信义广场北停车场,上虞区,上虞区百官街道凤山路供销社停车场,公共停车场,浙江海康城市服务有限公司,41,对外开放,24小时开放,停放时间不足30分钟（含）的免费，小车5元/次，大车10元/次，停车时间以4小时（含）为一次，不足4小时按4小时计，依次类推。收费时段为8:00至20:00，其余时间段免费停车。,启用,30.029492,120.856605,120.855138,30.033553
604008,青春广场停车场,上虞区,上虞区百官街道江东北路信义广场北停车场,公共停车场,浙江海康城市服务有限公司,70,对外开放,24小时开放,停放时间不足30分钟（含）的免费，小车5元/次，大车10元/次，停车时间以4小时（含）为一次，不足4小时按4小时计，依次类推。收费时段为8:00至20:00，其余时间段免费停车。,启用,30.020167,120.878638,120.573954,29.999221
604009,保驾山夜排挡停车场,上虞区,上虞区百官街道半山路青春广场停车场,公共停车场,浙江海康城市服务有限公司,106,对外开放,24小时开放,停放时间不足30分钟（含）的免费，小车5元/次，大车10元/次，停车时间以4小时（含）为一次，不足4小时按4小时计，依次类推。收费时段为8:00至20:00，其余时间段免费停车。,启用,30.039314,120.881556,120.877878,30.045132
604011,雅图停车场,上虞区,绍兴市上虞区小越历史街区停车场,公共停车场,浙江海康城市服务有限公司,60,对外开放,24小时开放,停放时间不足30分钟（含）的免费，小车5元/次，大车10元/次，停车时间以4小时（含）为一次，不足4小时按4小时计，依次类推。收费时段为8:00至20:00，其余时间段免费停车。,启用,30.016406,120.872964,120.940542,30.064754
604012,人民桥下2号停车场,上虞区,上虞区百官街道人民中路398号人民桥下停车场,公共停车场,浙江海康城市服务有限公司,60,对外开放,24小时开放,停放时间不足30分钟（含）的免费，小车5元/次，大车10元/次，停车时间以4小时（含）为一次，不足4小时按4小时计，依次类推。收费时段为8:00至20:00，其余时间段免费停车。,启用,30.015566,120.87395,120.873865,30.015595
604013,第二人民医院停车场,上虞区,崧厦街道南路2号,公共停车场,浙江海康城市服务有限公司,350,对外开放,24小时开放,小型车辆停车2小时30分钟免费，超过2小时30分钟不足4小时收5元/辆·次；以后每4小时按5元/辆·次收取。24小时内最高不得超过20元/辆·次，联系停放时间超过24小时的，超出部分重新计算。,启用,30.08356,120.84176,120.841535,30.082886
604014,绍兴市上虞人民医院,上虞区,上虞区百官街道市民大道517号,公共停车场,浙江海康城市服务有限公司,0,对外开放,24小时开放, ,启用,30.035073,120.881437,120.882153,30.034097
604015,绍兴市上虞中医医院,上虞区,上虞区梁湖街道大元路66号,公共停车场,浙江海康城市服务有限公司,0,对外开放,24小时开放, ,启用,29.987576,120.885272,120.887188,29.987407
8,舜杰路停车位,上虞区,舜杰路停车位,道路停车场,城建集团,92,对外开放,24小时开放,0:0 - 8:0(免费)8:0 - 20:0(收费)20:0 - 0:0(免费),启用,120.866208,30.011234,,
9,通江路停车位,上虞区,通江路停车位,道路停车场,城建集团,47,对外开放,24小时开放,0:0 - 8:0(免费)8:0 - 20:0(收费)20:0 - 0:0(免费),启用,120.866417,30.008333,120.29413,29.90955
ITS001,市民中心停车场,上虞区,市民中心停车场,道路停车场,城建集团,280,对外开放,24小时开放,0:0 - 8:0(免费)8:0 - 20:0(收费)20:0 - 0:0(免费),启用,120.85624,30.03199,,
SY10001,大润发停车场,上虞区,大润发停车场,公共停车场,大润发,360,对外开放,24小时开放,免费半小时，每小时5元,启用,120.878161,30.033397,,
SY10002,惠普广场停车场,上虞区,惠普广场停车场,公共停车场,惠普广场,800,对外开放,24小时开放,免费半小时，每小时5元,启用,120.838883,30.031207,120.838549,30.031564
SY10003,农批市场停车场,上虞区,农批市场停车场,公共停车场,农批市场,230,对外开放,24小时开放,免费1小时，每4小时5元，一天最高20,启用,120.887407,30.024534,120.886243,30.025161
SY10004,时代潮城停车场,上虞区,时代潮城停车场,公共停车场,时代潮城,230,对外开放,24小时开放,免费半小时，每小时5元,启用,120.874714,30.03298,120.87381,30.033662
SY10005,e游小镇停车场,上虞区,e游小镇停车场,公共停车场,城建集团,400,对外开放,24小时开放,免费半小时，每小时5元,启用,120.8315,30.037023,120.8315,30.037013
SY10008,舜杰路停车位,上虞区,舜杰路停车位,道路停车场,城建集团,92,对外开放,24小时开放,0:0 - 8:0(免费)8:0 - 20:0(收费)20:0 - 0:0(免费),启用,120.866208,30.011234,,
SY10009,通江路停车位,上虞区,通江路停车位,道路停车场,城建集团,47,对外开放,24小时开放,0:0 - 8:0(免费)8:0 - 20:0(收费)20:0 - 0:0(免费),启用,120.866417,30.008333,,
SY10010,大通商城停车场,上虞区,大通商城停车场,公共停车场,大通商城,135,对外开放,24小时开放,免费1小时，每小时5元,启用,120.878565,30.018011,120.87836,30.018024
SY10012,上百万和城停车场,上虞区,上百万和城停车场,公共停车场,大通商城,670,对外开放,24小时开放,免费1小时，每2小时5元,启用,120.876218,30.031452,120.876137,30.031482
SY10013,大通购物中心停车场,上虞区,大通购物中心停车场,公共停车场,大通购物中心,793,对外开放,24小时开放,免费1小时，每2小时5元,启用,120.871954,30.032765,120.873183,30.033827
SY10014,雷迪森停车场,上虞区,雷迪森停车场,公共停车场,雷迪森,350,对外开放,24小时开放,免费半小时，每小时5元,启用,120.878916,30.033608,,
SY10015,一百商店停车场,上虞区,一百商店停车场,公共停车场,一百商场,75,对外开放,24小时开放,免费半小时，每2小时5元,启用,120.87966,30.011161,120.879125,30.011075
SY10016,人民大道停车位,上虞区,人民大道停车位,道路停车场,城建集团,151,对外开放,24小时开放,0:0 - 8:0(免费)8:0 - 20:0(收费)20:0 - 0:0(免费),启用,120.875159,30.015628,,
SY10017,妇保院停车场,上虞区,妇保院停车场,公共停车场,妇保院,73,对外开放,24小时开放,免费1小时，每4小时5元，一天最高20,启用,120.879209,30.02047,120.479743,30.038728
SY10019,客运中心停车场,上虞区,客运中心停车场,公共停车场,客运中心,225,对外开放,24小时开放,免费1小时，每4小时5元，一天最高20,启用,120.849423,30.054199,120.599947,30.022305
SY10020,绍兴东站停车场,上虞区,绍兴东站停车场,公共停车场,绍兴东站,350,对外开放,24小时开放,免费1小时，每4小时5元，一天最高20,启用,120.853589,30.053783,120.853562,30.053791
SY10021,万达广场停车场,上虞区,万达广场停车场,公共停车场,万达广场,900,对外开放,24小时开放,免费2小时，每2小时5元，一天最高30元,启用,120.842811,30.053848,,
SYITS01,市民中心停车场,上虞区,市民中心停车场,道路停车场,城建集团,280,对外开放,24小时开放,0:0 - 8:0(免费)8:0 - 20:0(收费)20:0 - 0:0(免费),启用,120.85624,30.03199,,
10013,保驾山路夜排档停车场,城北区,保驾山路夜排档停车场,自营,绍兴市方格尔停车服务有限公司,106,,24小时,5 元,正常,30.050397,120.885331,,
10014,信义广场南侧停车场,城北区,信义广场南侧停车场,自营,绍兴市方格尔停车服务有限公司,15,,24小时,5 元,正常,30.034865,120.865052,120.856616,30.029565
10015,信义广场北侧停车场,城北区,信义广场北侧停车场,自营,绍兴市方格尔停车服务有限公司,41,,24小时,5 元,正常,30.034865,120.865052,120.856616,30.029565
10028,保驾山停车场,城北区,上虞区百官街道王充路431号,自营,绍兴市方格尔停车服务有限公司,40,,24小时,5 元,正常,30.037483,120.882256,120.882153,30.034097
10029,百官广场对面停车场,城北区,上虞区百官街道江东路,自营,绍兴市方格尔停车服务有限公司,40,,24小时,5 元,正常,30.032892,120.849068,120.849704,30.034256
10033,梁祝大桥东桥下停车场,城北区,上虞区百官街道江东路,自营,绍兴市方格尔停车服务有限公司,95,,24小时,5 元,正常,30.031921,120.853058,120.852139,30.031726
10049,小越历史街区停车场,小越镇,小越历史街区停车场,自营,绍兴市方格尔停车服务有限公司,74,,24小时,4 元,正常,30.076803,120.936193,,
10025,青春广场停车场,老城区,青春广场停车场,自营,绍兴市方格尔停车服务有限公司,73,,24小时,5 元,正常,30.026149,120.885116,120.573954,29.999221
10026,供销大厦前停车场,老城区,供销大厦前停车场,自营,绍兴市方格尔停车服务有限公司,41,,24小时,5 元,正常,30.031974,120.893961,120.886425,30.025548
10027,雅图时空美术馆停车场,老城区,雅图时空美术馆停车场,自营,绍兴市方格尔停车服务有限公司,40,,24小时,5 元,正常,30.023792,120.878947,120.872964,30.016406
10081,人民桥停车场一,老城区,上虞区百官街道舜江东路209号,自营,绍兴市方格尔停车服务有限公司,27,,24小时,5 元,正常,30.013484,120.869021,120.873865,30.015595
10082,人民桥停车场二,老城区,上虞区曹娥街道江西南路上虞滨江体育公园-晨练广场,自营,绍兴市方格尔停车服务有限公司,14,,24小时,5 元,正常,30.013522,120.868758,120.873865,30.015595
1012312268YD5WN09GPVL,八一横路（暨阳路-无名路）,诸暨市,浙江省绍兴市诸暨市八一横路46号,公共停车场,诸暨市建设集团,46,收费,08:00-20:00,30分钟内免费，以1小时为一个计时单位；每个计时单位4元。每自然日单次最高收费40元。,启用,120.247346,29.7279,120.242487,29.722138
1012312268YDHM7XGW3Y9,艮塔东路（滨江北路-江东路),诸暨市,浙江省绍兴市诸暨市艮塔东路8号,公共停车场,诸暨市建设集团,33,收费,08:00-20:00,30分钟内免费，以1小时为一个计时单位；每个计时单位4元。每自然日单次最高收费40元。,启用,120.253571,29.722313,120.247345,29.716133
1012312288YR3EFRI1BSX,滨江南路（滨江支路-浣东中路）,诸暨市,浙江省绍兴市诸暨市滨江南路17,公共停车场,诸暨市建设集团,64,收费,08:00-20:00,30分钟内免费，以1小时为一个计时单位；每个计时单位4元。每自然日单次最高收费40元。,启用,120.24449,29.714176,120.23929,29.706992
1012312288YR3IHRSDDZ5,滨江南路（大桥东路-西施大街）,诸暨市,浙江省绍兴市诸暨市滨江南路3号,公共停车场,诸暨市建设集团,13,收费,08:00-20:00,30分钟内免费，以1小时为一个计时单位；每个计时单位4元。每自然日单次最高收费40元。,启用,120.245424,29.717512,120.239729,29.71145
1012312288YR3MBVY988X,东兴北路（江东路-福门路）,诸暨市,浙江省绍兴市诸暨市东兴北路,公共停车场,诸暨市建设集团,19,收费,08:00-19:00,以1小时为一个计时单位；第一个计时单位2元，第二个计时单位起每个计时单位3元。每自然日单次最高收费25元。,启用,120.257192,29.724462,120.250801,29.717839
1012312288YR53DTVACCH,滨江南路（西施大街-滨江支路）,诸暨市,浙江省绍兴市诸暨市滨江南路11号,公共停车场,诸暨市建设集团,33,收费,08:00-20:00,30分钟内免费，以1小时为一个计时单位；每个计时单位4元。每自然日单次最高收费40元。,启用,120.244966,29.716136,120.238105,29.70841
1012312288YR57VMEIUBL,大桥东路（大桥东路9号-江东路）,诸暨市,浙江省绍兴市诸暨市大桥东路6号,公共停车场,诸暨市建设集团,34,收费,08:00-20:00,30分钟内免费，以1小时为一个计时单位；每个计时单位4元。每自然日单次最高收费40元。,启用,120.246748,29.717553,120.240262,29.711429
1012312288YR5B22720W1,大桥东路（江东路-五角广场）,诸暨市,浙江省绍兴市诸暨市大桥东路86号,公共停车场,诸暨市建设集团,58,收费,08:00-20:00,30分钟内免费，以1小时为一个计时单位；每个计时单位4元。每自然日单次最高收费40元。,启用,120.247781,29.716471,120.24069,29.710941
1012312288YR5F42HE329,红旗路（人民中路-浣纱中路）,诸暨市,浙江省绍兴市诸暨市红旗路28号,公共停车场,诸暨市建设集团,16,收费,08:00-20:00,30分钟内免费，以1小时为一个计时单位；每个计时单位4元。每自然日单次最高收费40元。,启用,120.242651,29.719749,120.588613,29.995961
1012312288YR5JPT2UOZL,东兴路（苎萝东路-东二路）,诸暨市,浙江省绍兴市诸暨市东兴路44号,公共停车场,诸暨市建设集团,62,收费,08:00-20:00,30分钟内免费，以1小时为一个计时单位；每个计时单位4元。每自然日单次最高收费40元。,启用,120.260957,29.709217,120.254124,29.704447
1012312288YR5NVRFEV41,东安路(东二路-苎萝东路),诸暨市,浙江省绍兴市诸暨市东安路,公共停车场,诸暨市建设集团,6,收费,08:00-20:00,30分钟内免费，以1小时为一个计时单位；每个计时单位4元。每自然日单次最高收费40元。,启用,120.259183,29.709644,120.635606,30.067358
1012312288YR5RTTNITC1,艮塔东路（江东路-高湖路）,诸暨市,浙江省绍兴市诸暨市艮塔东路28-3号,公共停车场,诸暨市建设集团,39,收费,08:00-20:00,30分钟内免费，以1小时为一个计时单位；每个计时单位4元。每自然日单次最高收费40元。,启用,120.254981,29.720568,120.249188,29.712537
1012312288YR5UKH75K3L,艮塔东路（东二路-东一路),诸暨市,浙江省绍兴市诸暨市艮塔东路103号,公共停车场,诸暨市建设集团,101,收费,08:00-20:00,30分钟内免费，以1小时为一个计时单位；每个计时单位4元。每自然日单次最高收费40元。,启用,120.257022,29.713157,120.251612,29.70592
1012312288YR5XYT44YKH,艮塔东路（苎萝东路-东二路）,诸暨市,浙江省绍兴市诸暨市艮塔东路155号,公共停车场,诸暨市建设集团,142,收费,08:00-20:00,30分钟内免费，以1小时为一个计时单位；每个计时单位4元。每自然日单次最高收费40元。,启用,120.257563,29.709476,120.250972,29.703386
1012312288YR61OZ7SOW1,浣纱中路（南屏路-西施大街）,诸暨市,浙江省绍兴市诸暨市浣纱中路51号,公共停车场,诸暨市建设集团,14,收费,08:00-20:00,30分钟内免费，以1小时为一个计时单位；每个计时单位4元。每自然日单次最高收费40元。,启用,120.243011,29.716155,120.236612,29.709848
1012312288YR64NIVVNK1,浣纱中路（西施大街-大桥东路）,诸暨市,浙江省绍兴市诸暨市浣纱中路24号,公共停车场,诸暨市建设集团,23,收费,08:00-20:00,30分钟内免费，以1小时为一个计时单位；每个计时单位4元。每自然日单次最高收费40元。,启用,120.244028,29.719126,120.236612,29.709848
1012312288YR68DOZJDVL,体育路（体育路二弄-红旗路）,诸暨市,浙江省绍兴市诸暨市体育路26号,公共停车场,诸暨市建设集团,12,收费,08:00-20:00,30分钟内免费，以1小时为一个计时单位；每个计时单位4元。每自然日单次最高收费40元。,启用,120.243515,29.720643,120.246602,29.709398
1012312288YR6C3V37475,体育路（体育路-大桥东路）,诸暨市,浙江省绍兴市诸暨市体育路3-4号,公共停车场,诸暨市建设集团,8,收费,08:00-20:00,30分钟内免费，以1小时为一个计时单位；每个计时单位4元。每自然日单次最高收费40元。,启用,120.244442,29.721432,120.246602,29.709398
1012312288YR6EYGP1YWX,万风新世界（暨阳路-上庄路）,诸暨市,浙江省绍兴市诸暨市,公共停车场,诸暨市建设集团,20,收费,08:00-20:00,30分钟内免费，以1小时为一个计时单位；每个计时单位4元。每自然日单次最高收费40元。,启用,120.27045,29.708788,120.242308,29.720047
1012312288YR6IWIX5X4X,苎萝东路（东二环路-东旺路）,诸暨市,浙江省绍兴市诸暨市苎萝东路,公共停车场,诸暨市建设集团,18,收费,08:00-20:00,30分钟内免费，以1小时为一个计时单位；每个计时单位4元。每自然日单次最高收费40元。,启用,120.274226,29.70627,120.265749,29.698668
1012312288YR6SFUARGU9,东祥路19弄（东祥路-环城东路）,诸暨市,浙江省绍兴市诸暨市东一路68弄,公共停车场,诸暨市建设集团,12,收费,08:00-20:00,30分钟内免费，以1小时为一个计时单位；每个计时单位4元。每自然日单次最高收费40元。,启用,120.26738,29.713536,120.260926,29.707386
1012312288YR751NEO35T,东祥路（东二路-苎萝东路）,诸暨市,浙江省绍兴市诸暨市东祥路,公共停车场,诸暨市建设集团,38,收费,08:00-20:00,30分钟内免费，以1小时为一个计时单位；每个计时单位4元。每自然日单次最高收费40元。,启用,120.268595,29.708916,120.695076,30.198215
1012312288YR79Z86T0XT,暨东路70弄（东一路-东旺路218弄）,诸暨市,浙江省绍兴市诸暨市暨东路70弄,公共停车场,诸暨市建设集团,32,收费,08:00-20:00,30分钟内免费，以1小时为一个计时单位；每个计时单位4元。每自然日单次最高收费40元。,启用,120.27392,29.71672,120.268005,29.711363
1012312288YR7CTTSNVNL,苎萝东路（环城东路-东兴路）,诸暨市,浙江省绍兴市诸暨市苎萝东路116号,公共停车场,诸暨市建设集团,86,收费,08:00-20:00,30分钟内免费，以1小时为一个计时单位；每个计时单位4元。每自然日单次最高收费40元。,启用,120.263155,29.706886,120.256444,29.700516
1012312288YR7HFKE4HKX,西施大街（浣纱中路-人民中路）,诸暨市,浙江省绍兴市诸暨市西施大街47号,公共停车场,诸暨市建设集团,28,收费,08:00-20:00,30分钟内免费，以1小时为一个计时单位；每个计时单位4元。每自然日单次最高收费40元。,启用,120.241756,29.717577,120.235272,29.711305
1012312288YR7K67XR8CH,望江一路（浣东北路-江东路）,诸暨市,浙江省绍兴市诸暨市望江一路3-10号,公共停车场,诸暨市建设集团,14,收费,08:00-20:00,30分钟内免费，以1小时为一个计时单位；每个计时单位4元。每自然日单次最高收费40元。,启用,120.248927,29.717224,120.241938,29.710141
1012312288YR7N8PO2AYP,东一路68弄（东二路-东一路）,诸暨市,浙江省绍兴市诸暨市东一路68弄,公共停车场,诸暨市建设集团,46,收费,08:00-20:00,30分钟内免费，以1小时为一个计时单位；每个计时单位4元。每自然日单次最高收费40元。,启用,120.267089,29.71304,120.260728,29.705289
1012312288YR7V8S6IBCX,东一路88弄（东一路82弄-东一路）,诸暨市,浙江省绍兴市诸暨市东一路88弄,公共停车场,诸暨市建设集团,27,收费,08:00-20:00,30分钟内免费，以1小时为一个计时单位；每个计时单位4元。每自然日单次最高收费40元。,启用,120.2751,29.712746,120.268267,29.706365
1012312288YR7YF7Z1HXD,高湖路（望江二路-望江一路）,诸暨市,浙江省绍兴市诸暨市高湖路3-12号,公共停车场,诸暨市建设集团,18,收费,08:00-20:00,30分钟内免费，以1小时为一个计时单位；每个计时单位4元。每自然日单次最高收费40元。,启用,120.24996,29.717672,120.241987,29.711533
1012312288YR825E2P88X,苎萝东路（东二环路-东福路),诸暨市,浙江省绍兴市诸暨市苎萝东路777,公共停车场,诸暨市建设集团,115,收费,08:00-20:00,30分钟内免费，以1小时为一个计时单位；每个计时单位4元。每自然日单次最高收费40元。,启用,120.279418,29.706051,120.271647,29.699979
1012312288YR85VK6CYKH,和济路（东祥路-东旺路）,诸暨市,浙江省绍兴市诸暨市和济路,公共停车场,诸暨市建设集团,90,收费,08:00-20:00,30分钟内免费，以1小时为一个计时单位；每个计时单位4元。每自然日单次最高收费40元。,启用,120.270474,29.716868,120.266095,29.712973
1012312288YR89HS7SKXT,东旺路（东旺路150弄-东二路）,诸暨市,浙江省绍兴市诸暨市东旺路,公共停车场,诸暨市建设集团,18,收费,08:00-20:00,30分钟内免费，以1小时为一个计时单位；每个计时单位4元。每自然日单次最高收费40元。,启用,120.272598,29.70955,120.246602,29.709398
1012312288YR8GIC67LS1,东旺路218弄(东旺路206弄-融媒体中心）,诸暨市,浙江省绍兴市诸暨市,公共停车场,诸暨市建设集团,22,收费,08:00-20:00,30分钟内免费，以1小时为一个计时单位；每个计时单位4元。每自然日单次最高收费40元。,启用,120.274853,29.716386,120.267827,29.711562
1012312288YR8IX5J60OX,东旺路218弄（东旺路-融媒体中心）,诸暨市,浙江省绍兴市诸暨市暨东路70弄,公共停车场,诸暨市建设集团,29,收费,08:00-20:00,30分钟内免费，以1小时为一个计时单位；每个计时单位4元。每自然日单次最高收费40元。,启用,120.27372,29.717379,120.267599,29.712311
1012312288YR8VUSTQYV5,东旺路182弄(康华大厦-东旺路),诸暨市,浙江省绍兴市诸暨市,公共停车场,诸暨市建设集团,19,收费,08:00-20:00,30分钟内免费，以1小时为一个计时单位；每个计时单位4元。每自然日单次最高收费40元。,启用,120.274064,29.711804,120.268033,29.706141
1012312288YR8ZSV1UX35,东旺路150弄（东二环路-东旺路）,诸暨市,浙江省绍兴市诸暨市,公共停车场,诸暨市建设集团,88,收费,08:00-20:00,30分钟内免费，以1小时为一个计时单位；每个计时单位4元。每自然日单次最高收费40元。,启用,120.274198,29.708511,120.263816,29.702086
1012312288YR9376YUBK1,东旺路（东旺路150弄-苎萝东路）,诸暨市,浙江省绍兴市诸暨市东旺路,公共停车场,诸暨市建设集团,18,收费,08:00-20:00,30分钟内免费，以1小时为一个计时单位；每个计时单位4元。每自然日单次最高收费40元。,启用,120.272398,29.707705,120.264928,29.702457
1012312288YR9ABOZHGCH,东二路（东旺路-东二环路）,诸暨市,浙江省绍兴市诸暨市东二路,公共停车场,诸暨市建设集团,47,收费,08:00-20:00,30分钟内免费，以1小时为一个计时单位；每个计时单位4元。每自然日单次最高收费40元。,启用,120.274672,29.710882,120.695076,30.198215
1012312288YR9D2CJ4741,东二路（东祥路-环城东路）,诸暨市,浙江省绍兴市诸暨市东二路,公共停车场,诸暨市建设集团,25,收费,08:00-20:00,30分钟内免费，以1小时为一个计时单位；每个计时单位4元。每自然日单次最高收费40元。,启用,120.267118,29.711037,120.597132,29.997434
1012312288YR9HG704L4X,苎萝东路（东福路-东三环路）,诸暨市,浙江省绍兴市诸暨市苎萝东路,公共停车场,诸暨市建设集团,107,收费,08:00-20:00,30分钟内免费，以1小时为一个计时单位；每个计时单位4元。每自然日单次最高收费40元。,启用,120.28454,29.70593,120.279909,29.700205
1012312288YR9LAB60FEP,苎萝东路（东兴路-东安路）,诸暨市,浙江省绍兴市诸暨市苎萝东路177号,公共停车场,诸暨市建设集团,45,收费,08:00-20:00,30分钟内免费，以1小时为一个计时单位；每个计时单位4元。每自然日单次最高收费40元。,启用,120.260368,29.707052,120.253878,29.702923
1012312288YR9PO5N0TFL,苎萝东路（环城东路-东旺路）,诸暨市,浙江省绍兴市诸暨市苎萝东路,公共停车场,诸暨市建设集团,54,收费,08:00-20:00,30分钟内免费，以1小时为一个计时单位；每个计时单位4元。每自然日单次最高收费40元。,启用,120.270498,29.706503,120.265749,29.698668
1012312288YR9VX35V2M9,苎萝东路（环城东路-东祥路）,诸暨市,浙江省绍兴市诸暨市苎萝东路138号,公共停车场,诸暨市建设集团,17,收费,08:00-20:00,30分钟内免费，以1小时为一个计时单位；每个计时单位4元。每自然日单次最高收费40元。,启用,120.267391,29.70667,120.261765,29.703664
1012312288YRADOD6CUM9,南兴路（南庠路-人民南路）,诸暨市,浙江省绍兴市诸暨市南兴路40号,公共停车场,诸暨市建设集团,25,收费,08:00-18:00,以1小时为一个计时单位；每个计时单位2元。每自然日单次最高收费20元。,启用,120.240095,29.71126,120.539074,30.048447
1012312288YRAJXAP73SX,滨江中路（望江二路-大桥东路）,诸暨市,浙江省绍兴市诸暨市滨江中路8号,公共停车场,诸暨市建设集团,45,收费,08:00-19:00,以1小时为一个计时单位；第一个计时单位2元，第二个计时单位起每个计时单位3元。每自然日单次最高收费25元。,启用,120.247998,29.719593,120.243916,29.714169
1012312288YRAV3T06ARL,滨江中路（望江三路-望江二路）,诸暨市,浙江省绍兴市诸暨市滨江中路27号,公共停车场,诸暨市建设集团,30,收费,08:00-19:00,以1小时为一个计时单位；第一个计时单位2元，第二个计时单位起每个计时单位3元。每自然日单次最高收费25元。,启用,120.250439,29.720675,120.244402,29.714461
1012312288YRAXUGJT1J5,浣纱北路（大桥路-艮塔路）,诸暨市,浙江省绍兴市诸暨市浣纱北路32-2号,公共停车场,诸暨市建设集团,59,收费,08:00-19:00,以1小时为一个计时单位；第一个计时单位2元，第二个计时单位起每个计时单位3元。每自然日单次最高收费25元。,启用,120.249891,29.722007,120.239431,29.71434
1012312288YRB24CYLBLT,浣纱南路（苎萝路-南兴路）,诸暨市,浙江省绍兴市诸暨市浣纱南路84号,公共停车场,诸暨市建设集团,19,收费,08:00-19:00,以1小时为一个计时单位；第一个计时单位2元，第二个计时单位起每个计时单位3元。每自然日单次最高收费25元。,启用,120.242651,29.710241,120.236308,29.700229
1012312288YRB62F6P9TT,浣纱南路（南兴路-南屏路）,诸暨市,浙江省绍兴市诸暨市浣纱南路34号,公共停车场,诸暨市建设集团,60,收费,08:00-19:00,以1小时为一个计时单位；第一个计时单位2元，第二个计时单位起每个计时单位3元。每自然日单次最高收费25元。,启用,120.242751,29.713496,120.236433,29.708487
1012312288YRBA0HET81T,江东路（大桥东路-望江一路）,诸暨市,浙江省绍兴市诸暨市江东路20-11,公共停车场,诸暨市建设集团,10,收费,08:00-19:00,以1小时为一个计时单位；第一个计时单位2元，第二个计时单位起每个计时单位3元。每自然日单次最高收费25元。,启用,120.24787,29.717385,120.628843,30.123013
1012312288YRBEU44Q1VL,滨江中路（艮塔东路-望江三路）,诸暨市,浙江省绍兴市诸暨市滨江中路34-2号,公共停车场,诸暨市建设集团,25,收费,08:00-19:00,以1小时为一个计时单位；第一个计时单位2元，第二个计时单位起每个计时单位3元。每自然日单次最高收费25元。,启用,120.251896,29.722032,120.244402,29.714461
1012312288YRBI4HZHCE9,江东路（西施大街-大桥东路）,诸暨市,浙江省绍兴市诸暨市江东路3号,公共停车场,诸暨市建设集团,6,收费,08:00-19:00,以1小时为一个计时单位；第一个计时单位2元，第二个计时单位起每个计时单位3元。每自然日单次最高收费25元。,启用,120.246825,29.716709,120.300018,29.913012
1012312288YRBLMRYOUTD,江东路（望江一路-望江二路）,诸暨市,浙江省绍兴市诸暨市江东路17号,公共停车场,诸暨市建设集团,18,收费,08:00-19:00,以1小时为一个计时单位；第一个计时单位2元，第二个计时单位起每个计时单位3元。每自然日单次最高收费25元。,启用,120.249465,29.718419,120.255482,29.719913
1012312288YRBP13VO9A9,江东路（望江二路-望江三路）,诸暨市,浙江省绍兴市诸暨市江东路54号,公共停车场,诸暨市建设集团,13,收费,08:00-19:00,以1小时为一个计时单位；第一个计时单位2元，第二个计时单位起每个计时单位3元。每自然日单次最高收费25元。,启用,120.251385,29.719539,120.245457,29.713411
1012312288YRBS7JO7FUP,望江二路（高湖路-江东路）,诸暨市,浙江省绍兴市诸暨市望江二路31-～33号,公共停车场,诸暨市建设集团,10,收费,08:00-19:00,以1小时为一个计时单位；第一个计时单位2元，第二个计时单位起每个计时单位3元。每自然日单次最高收费25元。,启用,120.250634,29.718413,120.244819,29.711275
1012312288YRBWX8BW5Q9,望江二路（浣东北路-高湖路）,诸暨市,浙江省绍兴市诸暨市望江二路2号,公共停车场,诸暨市建设集团,5,收费,08:00-19:00,以1小时为一个计时单位；第一个计时单位2元，第二个计时单位起每个计时单位3元。每自然日单次最高收费25元。,启用,120.251284,29.717411,120.246025,29.710425
1012312288YRBZRTXR0G1,望江三路（高湖路-江东路）,诸暨市,浙江省绍兴市诸暨市江东路72弄-12号,公共停车场,诸暨市建设集团,15,收费,08:00-19:00,以1小时为一个计时单位；第一个计时单位2元，第二个计时单位起每个计时单位3元。每自然日单次最高收费25元。,启用,120.252703,29.719325,120.871401,30.020485
1012312288YRC2EJF5N9D,望江三路（浣东北路-高湖路）,诸暨市,浙江省绍兴市诸暨市望江三路58-2号,公共停车场,诸暨市建设集团,11,收费,08:00-19:00,以1小时为一个计时单位；第一个计时单位2元，第二个计时单位起每个计时单位3元。每自然日单次最高收费25元。,启用,120.253266,29.717832,120.246129,29.713131
1012312288YRC518WKA2P,望江三路（江东路-滨江中路）,诸暨市,浙江省绍兴市诸暨市望江三路22,公共停车场,诸暨市建设集团,5,收费,08:00-19:00,以1小时为一个计时单位；第一个计时单位2元，第二个计时单位起每个计时单位3元。每自然日单次最高收费25元。,启用,120.251615,29.720798,120.245233,29.715305
1012312298YXGS3Y2CBNL,东旺路188弄（东旺路-东二环路）,诸暨市,浙江省绍兴市诸暨市东旺路,公共停车场,诸暨市建设集团,10,收费,08:00-20:00,30分钟内免费，以1小时为一个计时单位；每个计时单位4元。每自然日单次最高收费40元。,启用,120.273833,29.713469,120.267388,29.7076
1012312298YXHTPH9LYPT,东二路123弄（东旺路188弄-东二路）,诸暨市,浙江省绍兴市诸暨市,公共停车场,诸暨市建设集团,61,收费,08:00-20:00,30分钟内免费，以1小时为一个计时单位；每个计时单位4元。每自然日单次最高收费40元。,启用,120.273968,29.712259,120.267388,29.7076
1012312298YXIJSNZ82YP,东二路129弄（东一路88弄-东二路123弄）,诸暨市,浙江省绍兴市诸暨市东一路88弄,公共停车场,诸暨市建设集团,10,收费,08:00-20:00,30分钟内免费，以1小时为一个计时单位；每个计时单位4元。每自然日单次最高收费40元。,启用,120.274777,29.712567,120.26414,29.704429
1012312298YXIV34CFDVL,东一路82弄（东二路123弄-东二路）,诸暨市,浙江省绍兴市诸暨市东一路88弄,公共停车场,诸暨市建设集团,6,收费,08:00-20:00,30分钟内免费，以1小时为一个计时单位；每个计时单位4元。每自然日单次最高收费40元。,启用,120.274816,29.71292,120.268267,29.706365
1012401199375YC6OSJ5T,东三路（东二环路-东旺路）,诸暨市,浙江省绍兴市诸暨市东三路,公共停车场,诸暨市建设集团,121,收费,08:00-20:00,30分钟内免费，以1小时为一个计时单位；每个计时单位4元。每自然日单次最高收费40元。,启用,120.274783,29.702251,120.687245,30.195781
10124012093FZKG7Y8M4H,永昌南路（东一路-东二路）,诸暨市,浙江省绍兴市诸暨市东昌路22号,公共停车场,诸暨市建设集团,63,收费,08:00-20:00,30分钟内免费，以1小时为一个计时单位；每个计时单位4元。每自然日单次最高收费40元。,启用,120.262224,29.71396,120.25345,29.706878
10124013095GY8GDKUBY9,艮塔东路（高湖路-暨东路）,诸暨市,浙江省绍兴市诸暨市艮塔东路41号,公共停车场,诸暨市建设集团,16,收费,08:00-20:00,30分钟内免费，以1小时为一个计时单位；每个计时单位4元。每自然日单次最高收费40元。,启用,120.255872,29.718754,120.250459,29.709661
10124013095H4QPBO8UF5,东兴路50弄,诸暨市,浙江省绍兴市诸暨市东兴路50号,公共停车场,诸暨市建设集团,7,收费,08:00-20:00,30分钟内免费，以1小时为一个计时单位；每个计时单位4元。每自然日单次最高收费40元。,启用,120.26055,29.709353,120.254301,29.703508
10124013095HHCMD4CC1T,艮塔东路（交通银行）,诸暨市,浙江省绍兴市诸暨市艮塔东路3号,公共停车场,诸暨市建设集团,35,收费,08:00-20:00,30分钟内免费，以1小时为一个计时单位；每个计时单位4元。每自然日单次最高收费40元。,启用,120.253059,29.723073,120.2467,29.716662
1012405049OQ8ZNVP3U2P,苎萝东路（东二环路-东旺路）1,诸暨市,浙江省绍兴市诸暨市苎萝东路辅路,公共停车场,诸暨市建设集团,29,收费,08:00-20:00,30分钟内免费，以1小时为一个计时单位；每个计时单位4元。每自然日单次最高收费40元。,启用,120.274921,29.70643,120.264611,29.700811
1012405079PB3TJY248W1,东三路（应山公园-东旺路）,诸暨市,浙江省绍兴市诸暨市东三路,公共停车场,诸暨市建设集团,44,收费,08:00-20:00,30分钟内免费，以1小时为一个计时单位；每个计时单位4元。每自然日单次最高收费40元。,启用,120.27091,29.702222,120.687245,30.195781
10194EPFKJK9HC1,诸暨客运中心,诸暨市,浙江省绍兴市诸暨市暨东路38号,自营停车场,诸暨市建设集团,40,收费,全天开放,,启用,120.264599,29.717749,120.258914,29.71139
1019B4Y82CZPJ41,诸暨浣东中路停车场,诸暨市,浙江省绍兴市诸暨市浣东中路2-7号,自营停车场,诸暨市建设集团,37,收费,全天开放,,启用,120.247447,29.714966,120.240063,29.706329
1019BR66PPAFMYP,法院南面停车场,诸暨市,浙江省绍兴市诸暨市和济路,自营停车场,诸暨市建设集团,76,收费,全天开放,,启用,120.271192,29.71685,120.264371,29.710894
1019C4RHPY07LDT,农贸市场停车场,诸暨市,浙江省绍兴市诸暨市江东路165号,自营停车场,诸暨市建设集团,22,收费,全天开放,,启用,120.257174,29.723435,120.58868,29.999373
1019CS2W3YDW3R5,浣东北路停车场,诸暨市,浙江省绍兴市诸暨市浣东北路71号,自营停车场,诸暨市建设集团,18,收费,全天开放,,启用,120.252439,29.717212,120.247257,29.714578
1019CZRAOO40UTD,法院南小停车场,诸暨市,浙江省绍兴市诸暨市东旺路,自营停车场,诸暨市建设集团,36,收费,全天开放,,启用,120.272678,29.716417,120.266301,29.710266
1019DCXVX4LTDS1,城市馆地下停车场,诸暨市,浙江省绍兴市诸暨市,自营停车场,诸暨市建设集团,246,收费,全天开放,,启用,120.271535,29.70956,120.265038,29.702808
1019DY4KBPHCSG1,城郊居停车场,诸暨市,浙江省绍兴市诸暨市浣东北路102号-3,自营停车场,诸暨市建设集团,33,收费,全天开放,,启用,120.255657,29.716958,120.248741,29.711982
1019JVX01UVMSCH,幸福家园停车场,诸暨市,浙江省绍兴市诸暨市幸福路,自营停车场,诸暨市建设集团,72,收费,全天开放,,启用,120.279528,29.712761,120.274013,29.706901
1019MAR69WRHHXD,西子公寓停车场,诸暨市,浙江省绍兴市诸暨市新曙路,自营停车场,诸暨市建设集团,91,收费,全天开放,,启用,120.284285,29.696585,120.278879,29.688846
1019N4FJ7J6DUYP,篮球场停车场,诸暨市,浙江省绍兴市诸暨市东一路,自营停车场,诸暨市建设集团,182,收费,全天开放,,启用,120.271059,29.714153,120.264979,29.708602
1019NJ925VNVEV5,B3西面停车场,诸暨市,浙江省绍兴市诸暨市东一路88弄,自营停车场,诸暨市建设集团,36,收费,全天开放,,启用,120.274339,29.712871,120.268267,29.706365
1019NQXA5T5QN0H,高湖路停车场,诸暨市,浙江省绍兴市诸暨市高湖东路,自营停车场,诸暨市建设集团,122,收费,全天开放,,启用,120.285173,29.722741,120.259204,29.715771
1019OB9A6TQBIF5,B3东面停车场,诸暨市,浙江省绍兴市诸暨市东一路88弄,自营停车场,诸暨市建设集团,17,收费,全天开放,,启用,120.275409,29.712787,120.268267,29.706365
1019OKCEEUFL14X,B3地下停车场,诸暨市,浙江省绍兴市诸暨市东一路88弄,自营停车场,诸暨市建设集团,171,收费,全天开放,,启用,120.274514,29.712851,120.53764,30.098992
1019OL9Y9LJU8ZL,办证中心停车场,诸暨市,浙江省绍兴市诸暨市和济路,自营停车场,诸暨市建设集团,240,收费,全天开放,,启用,120.270561,29.717024,120.264371,29.710894
1019OZ5N67MRGU9,富润大厦停车场,诸暨市,浙江省绍兴市诸暨市东一路68弄,自营停车场,诸暨市建设集团,115,收费,全天开放,,启用,120.267235,29.712572,120.260612,29.70702
1019P64JXOTBCAP,市民公园西南停车场,诸暨市,浙江省绍兴市诸暨市东祥路,自营停车场,诸暨市建设集团,33,收费,全天开放,,启用,120.268354,29.711612,120.261643,29.707029
1019PDAS7RIP7GH,市民公园东北面停车场,诸暨市,浙江省绍兴市诸暨市东旺路188弄,自营停车场,诸暨市建设集团,27,收费,全天开放,,启用,120.272841,29.712917,120.266768,29.705644
1019PDPET4GWE81,市民公园北面停车场,诸暨市,浙江省绍兴市诸暨市东一路,自营停车场,诸暨市建设集团,14,收费,全天开放,,启用,120.268968,29.714046,120.259102,29.708483
1019PPRJOVPQXA9,市民公园西北面停车场,诸暨市,浙江省绍兴市诸暨市东祥路,自营停车场,诸暨市建设集团,14,收费,全天开放,,启用,120.268227,29.713268,120.261643,29.707029
1019PRTQD59LIWX,永乐路停车场,诸暨市,浙江省绍兴市诸暨市永乐路,自营停车场,诸暨市建设集团,91,收费,全天开放,,启用,120.27404,29.723643,120.246602,29.709398
1019Q6UK2GUCAV5,市民公园地下停车场,诸暨市,浙江省绍兴市诸暨市东二路,自营停车场,诸暨市建设集团,227,收费,全天开放,,启用,120.269551,29.710645,120.263247,29.704649
1019QKKS3RWOFEP,人防大厦停车场,诸暨市,浙江省绍兴市诸暨市东一路68弄,自营停车场,诸暨市建设集团,48,收费,全天开放,,启用,120.266694,29.714076,120.350522,29.841579
1019QQI47MBE48X,市民公园东南面停车场,诸暨市,浙江省绍兴市诸暨市东旺路,自营停车场,诸暨市建设集团,25,收费,全天开放,,启用,120.272864,29.712327,120.266556,29.70562
1019QSOJ54NFBPD,市民公园南面停车场,诸暨市,浙江省绍兴市诸暨市东二路,自营停车场,诸暨市建设集团,12,收费,全天开放,,启用,120.26894,29.710782,120.257502,29.705172
1019REU2R6D37Y9,城东公园地下停车场,诸暨市,浙江省绍兴市诸暨市,自营停车场,诸暨市建设集团,601,收费,全天开放,,启用,120.280416,29.696288,120.273375,29.690375
1019S5R3X1SOHS1,一百淘宝城停车场,诸暨市,浙江省绍兴市诸暨市江东路157号,自营停车场,诸暨市建设集团,105,收费,全天开放,,启用,120.256461,29.723482,120.247257,29.714578
1019SEVYY7X0W75,十里牌停车场,诸暨市,浙江省绍兴市诸暨市S308辅路,自营停车场,诸暨市建设集团,69,收费,全天开放,,启用,120.278805,29.719652,120.280095,29.710885
101A71EYEGIL5A9,郑家小游园停车场,诸暨市,浙江省绍兴市诸暨市艮塔东路182号,自营停车场,诸暨市建设集团,33,收费,全天开放,,启用,120.257345,29.707595,120.248575,29.713912
FN00020,世茂皇冠假日酒店停车场,越城区,胜利东路379号绍兴世茂皇冠假日酒店,专用停车场,世茂皇冠假日酒店,310,对外开放,24小时,"1：半小时内（含），免费
2：半小时-2小时（含），10元/次
3；2-6小时（含）15元/次
4：6-12小时（含），20元/次
5：12-24小时（含），25元/次",启用,120.6034652,30.00442914,120.60308,30.003938
FN0003,金昌昆仑国际2号楼,越城区,越城区金昌?昆仑国际昆仑商务中心2幢,建筑物配建停车场,昆仑国际,150,社会公众开放,24小时,"1：小车临时停放，停车时间为1小时5元/次
2：大车临时停放，停车热时间为1小时10元/次
3：免费停车，15分钟内
4:小车月卡地库，660元/月
5：大车月卡地库，880元/月",正常,120.6010162,30.00356614,120.600943,30.003972
FN0008,绍兴越国文化博物馆停车场,越城区,浙江省绍兴市越城区绍兴越国文化博物馆(鲁迅故里景区东),专用停车场,越国文化博物馆,50,对外开放,24小时,8元每小时，以此类推，40元封顶,启用,120.5875626,29.99173343,120.495085,30.080032
FN0009,八佰伴停车场,越城区,解放北路199号八佰伴购物中心,专用停车场,八佰伴,230,对外开放,24小时,会员免费停车2小时，超出以每小时5元进行收费，一天封顶费用55元，,启用,120.579625,30.00602983,120.580234,30.00582
FN0010,金时代广场停车场,越城区,浙江省绍兴市越城区环城西路513号,专用停车场,金时代广场,870,对外开放,24小时,15分钟内免费，超过15分钟不足4小时（含）5元，超过4小时收费10元，超过8小时收费15元，以此类推。,启用,120.5804724,29.98400158,120.499048,30.088391
HK00001,月池坊,越城区,越城区解放北路328号,专用停车场,月池坊,138,对外开放,24小时,15分钟以内不收费，小车5元/次，大车10元/次，摩托车2元/次。停车时间为4小时以内（含），以后每4小时分别加收5元，10元，2元。不足4小时按4小时计，依此类推。,已上线,120.5885389,30.00935205,120.582374,30.00304
HK00002,绍兴世茂广场停车场,越城区,环城东路世茂广场,专用停车场,世茂广场,650,对外开放,24小时,1小时内（含）免费，1小时后5元/小时，每日24小时最高收费35元；军警车，救护车，抢险车等免费。,启用,120.5958538,30.0032812,120.594815,30.002384
HK00003,咸亨大酒店停车场,越城区,浙江省绍兴市越城区解放南路680号,专用停车场,咸亨大酒店,160,对外开放,24小时,15分钟内，免费；15-60分钟，10元；超过1小时后每小时10元。15分钟以上按1小时计，当天最高收费50元。,启用,120.5820234,29.98648758,120.578985,29.985288
HK00004,黄金时代停车场,越城区,绍兴市越城区西施山路200号,专用停车场,黄金时代,154,对外开放,24小时,"1：15分钟内免费停车
2：4小时以内收费5元/次
3：过夜停车按4小时5元标准依次类推",启用,120.6050052,30.00736414,120.60485,30.006929
HK00005,博览?财智大厦停车场,越城区,绍兴市越城区梅龙湖路80号,专用停车场,财智大厦,110,对外开放,24小时,"1:15分钟内免费停车
2:4小时内收费5元/次
3:4小时以上收费10元/次
4：过夜车按4小时标准依次类推",启用,120.6029672,30.00903314,120.60267,30.006968
HK00007,红太阳写字楼停车场,越城区,中兴中路108红太阳写字楼,专用停车场,红太阳,100,对外开放,24小时,15分钟以内不收费，每辆车前2小时为5元，后每小时为5元，停车时间2小时以内（含）以后每小时分别加收5元，不足1小时按1小时计，依此类推。,启用,120.5867526,29.99873843,120.586739,29.998745
HK00008,汇银大厦停车场,越城区,梅龙湖路,专用停车场,汇银国贸大厦,180,对外开放,24小时,"1:15分钟内（含）免费
2:15分钟-2小时（含），5元/次
3:2-6小时（含），15元/次
4:6-12小时（含），20元/次
5:12-24小时（含），30元/次",启用,120.6031292,30.00109614,120.60335,30.001347
HK00009,欧尚超市,越城区,越城区胜利东路386号,专用停车场,欧尚超市管理有限公司,467,对外开放,24小时,15分钟以内不收费，小车5元/次，大车10元/次，摩托车2元/次。停车时间为4小时以内（含），以后每4小时分别加收5元，10元，2元。不足4小时按4小时计，依此类推。,已上线,120.6046986,30.00979083,120.598691,30.003483
HK00010,月丽大厦停车场,越城区,绍兴市越城区二环北路与中兴路交叉口附近,专用停车场,绍兴佳源商业管理有限公司,170,对外开放,24小时,15分钟以内不收费，小车5元/次，大车10元/次，摩托车2元/次。停车时间为4小时以内（含），以后每4小时分别加收5元，10元，2元。不足4小时按4小时计，依此类推。,已上线,120.5988913,30.02983152,120.595959,30.021001
HK00011,中金国际停车场,越城区,绍兴市越城区中兴北路666号,专用停车场,中金大厦,662,对外开放,24小时,"每2小时5元/次
15分钟以内免费；2小时内（含），以后每2小时分别加收5元，10元，不足2小时按2小时计，以此类推。包月每辆450元。",启用,120.5956037,30.02209066,120.596545,30.022139
HK00012,财源中心停车场,越城区,绍兴市梅龙湖路56号,专用停车场,财源中心,332,对外开放,24小时,"1：15分钟内免费
2：2小时以内收费5元
3：以此类推，过夜车24小时以内再多收50元
4:地下室停车包月400元/辆",启用,120.6025242,30.00640714,120.60267,30.006968
HK00013,汇金大厦停车场,越城区,中兴北路601号,专用停车场,浙江慧帮智能科技有限公司,212,对外开放,24小时,30分钟内免费，5元/小时.,已上线,120.6112659,30.01339323,120.599607,30.004017
HK00015,昆仑国际停车场,越城区,浙江省绍兴市越城区胜利东路398号,建筑物配建停车场,昆仑国际,216,社会公众开放,24小时,"1：小车临时停放，停车时间为1小时5元/次
2：大车临时停放，停车热时间为1小时10元/次
3：免费停车，15分钟内
4:小车月卡地库，660元/月
5：大车月卡地库，880元/月",正常,120.6010162,30.00356614,120.600902,30.003998
HK00017,咸亨新天地停车场,越城区,浙江省绍兴市越城区鲁迅中路179号,专用停车场,咸亨新天地,356,对外开放,24小时,小车：15分钟内，免费；15-120分钟，10元；超过2小时后每小时10元。大车：15分钟内，免费；15-120分钟，30元；超过2小时后每小时30元.（当日小车最高收费80元/天，大巴车每日最高收费160元/天；累计超过24小时，按自然人累计计算）,启用,120.5821127,29.9929837,120.580187,29.990537
HK00018,塔山文化广场停车场,越城区,绍兴市越城区解放南路271号附近,公共停车场,城市广场管理处,132,对外开放,24小时,"15分钟以内不收费，小车5元/次，大车10元/次。停车时间为4小时以内（含）。以后每4小时分别加收5元,10元。不足4小时按4小时计，以此类推。",启用,120.5799916,29.99167143,120.579842,29.991729
HK00019,天元国际停车场,越城区,绍兴市越城区云东路105号,专用停车场,天元国际,200,对外开放,24小时,"30分钟（含）免费
30分钟至2小时（含）5元；2-4小时（含）10元；4-8小时（含）15元；8-12小时（含）在15元基础上，每小时加收每小时5元，25元每次封顶；12小时后每增加1小时加5元，50元封顶，超过24小时按每天50元收取",启用,108.3159538,22.77955867,120.603097,29.999995
HK00020,越城金帝银泰停车场,越城区,越城区解放南路777号,专用停车场,绍兴佳源商业管理有限公司,1800,对外开放,24小时,5元/小时,已上线,120.5863168,29.99168594,120.578116,29.984978
HK00021,元城大厦停车场,越城区,越城区胜利东路435号,专用停车场,绍兴佳源商业管理有限公司,150,对外开放,24小时,1小时内免费，1-4小时5元依次类推,已上线,120.6094047,30.00936135,120.603399,30.002759
HK00023,妇幼保健院-北,越城区,八字桥直街,路内停车位,妇幼保健院,188,社会公众开放,24小时,"小型车：前2小时收费5元，后每小时收费5元。
中型车：前2小时收费10元，后每小时收费5元。",正常,120.5900128,29.9999362,120.590009,30.000009
HK00024,越王城地下停车场,越城区,偏门直街与大教场沿交叉口西北150米,专用停车场,越王城地下停车场,350,对外开放,24小时,15分钟以内不收费，小车5元/次，大车10元/次，摩托车2元/次。停车时间为4小时以内（含），以后每4小时分别加收5元，10元，2元。不足4小时按4小时计，依此类推。,已上线,114.2627523,30.79560342,120.573461,29.997206
HK00026,绍兴第二医院停车场,越城区,浙江省绍兴市越城区延安路123号,专用停车场,第二医院,314,对外开放,24小时,30分钟以内（含）不收费，小车5元/次，停车时间为4小时（含），以后每4小时分别加收5元。,启用,120.5856666,29.98994543,120.585088,29.989517
HK00027,绍兴一中初中部停车场,越城区,越城区胜利西路213号,专用停车场,绍兴一中初中部物业管理,110,对外开放,24小时,30分钟内免费，5元/小时.,已上线,120.584085,30.01044743,120.615014,30.092079
HK00028,阳光大厦停车场,越城区,浙江省绍兴市越城区胜利东路390-394号,专用停车场,阳光大厦,170,对外开放,24小时,"业主：6点到18点，5元/辆，18点到6点5元/辆
外来车辆：6点到18点10元/辆，18点到6点10元/辆。24小时20元整。?",启用,120.5992752,30.00332014,120.599309,30.00344
HK00031,八字桥停车场,越城区,八字桥,路内停车位,妇幼保健院,300,对外开放,24小时,"小型车：前2小时收费5元，后每小时收费5元。
中型车：前2小时收费10元，后每小时收费5元。",正常,120.5900128,29.9999362,120.589851,30.000524
HK00033,城市广场大型地下停车场,越城区,胜利西路和解放北路交叉口,公共停车场,城市广场管理处,120,对外开放,24小时,15分钟以内不收费，小车5元/次，大车10元/次。停车时间为4小时以内（含），以后每4小时分别加收5元，10元。不足4小时按4小时计，依此类推。,启用,120.5777448,30.00359606,120.578107,30.004335
HK00034,城市广场立体停车场,越城区,解放北路377号,公共停车场,城市广场管理处,286,对外开放,24小时,30分钟以内免费。小车5元/次，大车10元/次，摩托车2元/次，停车时间4小时以内（含）。停车时间超过4小时，每小时加收5元，10元，2元。,启用,120.580348,30.00132683,120.580276,30.001456
HK00035,东街广场停车场,越城区,浙江省绍兴市越城区四马路9号西北70米,公共停车场,城市广场管理处,76,对外开放,24小时,15分钟以内不收费，小车5元/次，大车10元/次。停车时间为4小时以内（含）。以后每4小时分别加收5元，10元。不足4小时按4小时计，依此类推。,启用,120.5820596,29.99870543,120.582076,29.998794
HK00062,高家弄停车场,越城区,绍兴剧院对面,公共停车场,城市广场管理处,147,对外开放,24小时,15分钟以内不收费、小车5元/次，大车10元/次。停车时间为4小时以收费标准内（含4小时），以后每4小时分别加收5元，10元。不足四小时按4小时计，依次类推。,启用,120.5820429,29.99584098,120.460331,30.053164
HK0036,鼎盛时代广场停车场,越城区,浙江省绍兴市越城区胜利东路375号鼎盛时代大厦,专用停车场,鼎盛时代广场,90,对外开放,24小时,"4小时内，10元/次
4小时以上20元/次
24小时以内最高40元",启用,120.6009471,30.00479326,120.601205,30.004669
HK0041,鲁迅故里停车场,越城区,中兴南路146号鲁迅故里,建筑物配建停车场,鲁迅故里,200,对外开放,24小时,15分钟以内不收费，小车10元/次，大车20元/次，摩托车3元/次，停车时间为4小时以内（含），以后每4小时分别加收10元，20元，3元，不足4小时按4小时计，以此类推。,正常,120.5861366,29.99097043,120.58637,29.991113
SF000901,世茂湖滨商业中心,越城区,越城区胜利东路355号,专用停车场,世茂广场物业管理,580,对外开放,24小时,30分钟免费停车，每4小时收费小车5元,已上线,120.6024141,30.01225661,120.596973,30.005845
SF000902,欧尚地下停车场,越城区,越城区胜利东路386号,专用停车场,欧尚超市管理有限公司,350,对外开放,24小时,15分钟以内不收费，小车5元/次，大车10元/次，摩托车2元/次。停车时间为4小时以内（含），以后每4小时分别加收5元，10元，2元。不足4小时按4小时计，依此类推。,已上线,120.6046986,30.00979083,120.567097,30.013582
SF000903,世茂百盛广场,越城区,越城区胜利东路379号,专用停车场,世茂广场物业管理,530,对外开放,24小时,30分钟免费停车，每4小时收费小车5元,已上线,120.6092069,30.01048785,120.60308,30.003938
SF00104,越国文化博物馆地面,越城区,中兴南路187号,专用停车场,绍兴佳源商业管理有限公司,50,对外开放,24小时,15分钟以内不收费，小车5元/次，大车10元/次，摩托车2元/次。停车时间为4小时以内（含），以后每4小时分别加收5元，10元，2元。不足4小时按4小时计，依此类推。,已上线,120.588887,30.05512223,120.587255,29.991522
SF001041,越国文化博物馆地下,越城区,中兴南路187号,专用停车场,黄金时代大厦物业管理,90,对外开放,24小时,15分钟以内不收费，小车5元/次，大车10元/次，摩托车2元/次。停车时间为4小时以内（含），以后每4小时分别加收5元，10元，2元。不足4小时按4小时计，依此类推。,已上线,120.588887,30.05512223,120.587255,29.991522
SF00107,开元名都大酒店,越城区,越城区人民东路278号,专用停车场,浙江慧帮智能科技有限公司,200,对外开放,24小时,15分钟以内不收费，小车5元/次，大车10元/次，摩托车2元/次。停车时间为4小时以内（含），以后每4小时分别加收5元，10元，2元。不足4小时按4小时计，依此类推。,已上线,120.6153523,29.99890899,120.609972,29.992635
SF00118,国际摩尔城,越城区,官渎路与霞西路交叉路口,专用停车场,绍兴佳源商业管理有限公司,100,对外开放,24小时,15分钟以内不收费，小车5元/次，大车10元/次，摩托车2元/次。停车时间为4小时以内（含），以后每4小时分别加收5元，10元，2元。不足4小时按4小时计，依此类推。,已上线,116.5046429,40.15716332,120.569143,30.011391
SF00119,世纪联华城东店,越城区,人民中路618号,专用停车场,黄金时代大厦物业管理,50,对外开放,24小时,15分钟以内不收费，小车5元/次，大车10元/次，摩托车2元/次。停车时间为4小时以内（含），以后每4小时分别加收5元，10元，2元。不足4小时按4小时计，依此类推。,已上线,120.584085,30.01044743,120.594656,29.995533
SF00120,八佰伴停车场,越城区,解放北路199号八佰伴购物中心,专用停车场,浙江慧帮智能科技有限公司,270,对外开放,24小时,会员免费停车2小时，5元/小时,已上线,118.882544,31.32979901,120.580234,30.00582
SF00121,市妇保院停车场,越城区,越城区东街305号,专用停车场,妇保院物业管理,170,对外开放,24小时,30分钟免费停车，每4小时收费小车5元,已上线,120.5944155,30.00492742,120.587988,29.998837
SF001211,妇幼保健中心,越城区,浙江省绍兴市越城区东街305号,专用停车场,妇幼保健中心,180,对外开放,24小时,1小时内免费停车,启用,120.588997,30.000544,120.243018,29.723006
SF00124,水街文创园停车场,越城区,树下王路15号,专用停车场,黄金时代大厦物业管理,500,对外开放,24小时,15分钟以内不收费，小车5元/次，大车10元/次，摩托车2元/次。停车时间为4小时以内（含），以后每4小时分别加收5元，10元，2元。不足4小时按4小时计，依此类推。,已上线,120.5944155,30.00492742,120.573954,29.999221
SF00128,金时代广场停车场,越城区,环城西路513号,专用停车场,浙江慧帮智能科技有限公司,870,对外开放,24小时,15分钟以内不收费，小车5元/次，大车10元/次，摩托车2元/次。停车时间为4小时以内（含），以后每4小时分别加收5元，10元，2元。不足4小时按4小时计，依此类推。,已上线,116.407908,40.0015641,120.499048,30.088391
SF00133,好望大厦停车场,越城区,中兴北路601号,专用停车场,浙江慧帮智能科技有限公司,260,对外开放,24小时,30分钟免费停车，每4小时收费小车5元,已上线,116.5046429,40.15716332,120.599046,30.021551
SF00141,鲁迅电影院,越城区,绍兴市越城区县前街45号,专用停车场,鲁迅电影院,50,对外开放,24小时,15分钟内免费停车,启用,120.582494,30.001737,120.582494,30.001737
SF00146,悦邻大厦,越城区,浙江省绍兴市越城区城南街道城南大道112号,专用停车场,悦邻大厦,150,对外开放,24小时,15分钟内免费停车,启用,120.593003,29.974366,120.593391,29.974184
SF00151,台州银行,越城区,浙江省绍兴市越城区府山西路295号,专用停车场,台州银行,70,对外开放,24小时,15分钟内免费停车,启用,120.570315,30.003824,120.570398,30.003701
SF00152,盛鑫大厦,越城区,洋江西路292号,专用停车场,盛鑫大厦,500,对外开放,24小时,15分钟内免费停车,启用,120.588645,30.049072,120.588325,30.049225
SF00155,绍兴口腔医院,越城区,浙江省绍兴市越城区延安东路399号,专用停车场,绍兴口腔医院,125,对外开放,24小时,1小时内免费停车,启用,120.606948,29.989212,120.607362,29.989411
SF00159,第二医院停车场,越城区,越城区延安路123、141-147号,专用停车场,第二医院停车场物业管理,300,对外开放,24小时,30分钟免费停车，每4小时收费小车5元,已上线,120.5919786,29.99593757,120.585088,29.989517
SF00171,金帝惠坊街停车场,越城区,金帝惠坊街停车场,专用停车场,绍兴佳源商业管理有限公司,1000,对外开放,24小时,15分钟以内不收费，小车5元/次，大车10元/次，摩托车2元/次。停车时间为4小时以内（含），以后每4小时分别加收5元，10元，2元。不足4小时按4小时计，依此类推。,已上线,116.407908,40.0015641,120.57732,29.986434
SF00173,玛格丽特,越城区,解放北路2号玛格丽特,专用停车场,黄金时代大厦物业管理,450,对外开放,24小时,15分钟以内不收费，小车5元/次，大车10元/次，摩托车2元/次。停车时间为4小时以内（含），以后每4小时分别加收5元，10元，2元。不足4小时按4小时计，依此类推。,已上线,103.9683296,30.69386524,120.579672,30.012801
SF00174,高新区人民医院,越城区,银兴路高新区人民医院,专用停车场,黄金时代大厦物业管理,100,对外开放,24小时,30分钟免费停车，每4小时收费小车5元,已上线,121.709898,31.19554688,,
SF00180,越城区图书馆,越城区,越城区洋江西路530号,专用停车场,绍兴佳源商业管理有限公司,85,对外开放,24小时,15分钟以内不收费，小车5元/次，大车10元/次，摩托车2元/次。停车时间为4小时以内（含），以后每4小时分别加收5元，10元，2元。不足4小时按4小时计，依此类推。,已上线,120.588887,30.05512223,120.592509,29.989795
SF00182,金帝地面停车场,越城区,浙江省绍兴市越城区和畅堂104号附近,专用停车场,金帝银泰,35,对外开放,24小时,30分钟内免费停车,启用,120.576883,29.986519,120.579151,29.987345
SF00187,鲁迅西路停车场,越城区,绍兴市越城区大教场沿银都花园东南侧,专用停车场,城市广场管理公司,55,对外开放,24小时,15分钟以内不收费,启用,120.57411,29.994081,120.573781,29.994275
SF00901,东街广场地下停车场,越城区,四马路9号西北70米,专用停车场,绍兴佳源商业管理有限公司,76,对外开放,24小时,15分钟以内不收费，小车5元/次，大车10元/次，摩托车2元/次。停车时间为4小时以内（含），以后每4小时分别加收5元，10元，2元。不足4小时按4小时计，依此类推。,已上线,120.6073163,30.0110912,120.500553,30.078375
SF00902,城市广场地下停车场,越城区,越城区仓桥直街11号,专用停车场,绍兴佳源商业管理有限公司,110,对外开放,24小时,15分钟以内不收费，小车5元/次，大车10元/次，摩托车2元/次。停车时间为4小时以内（含），以后每4小时分别加收5元，10元，2元。不足4小时按4小时计，依此类推。,已上线,120.5840272,30.00798027,120.241044,29.708317
SF00903,高家弄停车场,越城区,高家弄,专用停车场,绍兴佳源商业管理有限公司,147,对外开放,24小时,15分钟以内不收费，小车5元/次，大车10元/次，摩托车2元/次。停车时间为4小时以内（含），以后每4小时分别加收5元，10元，2元。不足4小时按4小时计，依此类推。,已上线,120.6073163,30.0110912,120.581734,29.995943
SF00904,天元国际,越城区,越城区云东路105号,专用停车场,绍兴佳源商业管理有限公司,180,对外开放,24小时,30分钟免费停车，每4小时收费小车5元,已上线,120.610639,30.00696134,120.603097,29.999995
SF00905,红太阳停车场,越城区,红太阳停车场,专用停车场,红太阳物业管理,95,对外开放,24小时,15分钟以内不收费，小车5元/次，大车10元/次，摩托车2元/次。停车时间为4小时以内（含），以后每4小时分别加收5元，10元，2元。不足4小时按4小时计，依此类推。,已上线,116.6401494,40.37538128,,
SF00906,王子商业街,越城区,惠风路10号,专用停车场,黄金时代大厦物业管理,180,对外开放,24小时,15分钟以内不收费，小车5元/次，大车10元/次，摩托车2元/次。停车时间为4小时以内（含），以后每4小时分别加收5元，10元，2元。不足4小时按4小时计，依此类推。,已上线,120.610639,30.00696134,120.580058,29.984525
SF00907,冠城商业广场,越城区,青甸路信达银郡南侧,专用停车场,黄金时代大厦物业管理,400,对外开放,24小时,15分钟以内不收费，小车5元/次，大车10元/次，摩托车2元/次。停车时间为4小时以内（含），以后每4小时分别加收5元，10元，2元。不足4小时按4小时计，依此类推。,已上线,120.5578505,30.01934532,120.552508,30.012299
SF00908,黄金时代停车场,越城区,绍兴市越城区西施山路200号,专用停车场,黄金时代大厦物业管理,180,对外开放,24小时,15分钟以内不收费，小车5元/次，大车10元/次，摩托车2元/次。停车时间为4小时以内（含），以后每4小时分别加收5元，10元，2元。不足4小时按4小时计，依此类推。,已上线,120.6112659,30.01339323,120.60485,30.006929
SF00909,财智大厦,越城区,绍兴市越城区梅龙湖路80号,专用停车场,绍兴佳源商业管理有限公司,100,对外开放,24小时,15分钟以内不收费，小车5元/次，大车10元/次，摩托车2元/次。停车时间为4小时以内（含），以后每4小时分别加收5元，10元，2元。不足4小时按4小时计，依此类推。,已上线,120.609867,30.01355131,120.603113,30.007334
SF00910,银座电脑城,越城区,越城区人民中路与新建北路交叉口西北100米,专用停车场,绍兴佳源商业管理有限公司,100,对外开放,24小时,15分钟以内不收费，小车5元/次，大车10元/次，摩托车2元/次。停车时间为4小时以内（含），以后每4小时分别加收5元，10元，2元。不足4小时按4小时计，依此类推。,已上线,120.5893685,30.00265907,120.583671,29.997173
SF00911,鲁迅故里入口,越城区,鲁迅故里入口,专用停车场,绍兴佳源商业管理有限公司,100,对外开放,24小时,15分钟以内不收费，小车5元/次，大车10元/次，摩托车2元/次。停车时间为4小时以内（含），以后每4小时分别加收5元，10元，2元。不足4小时按4小时计，依此类推。,已上线,120.5910617,29.99899868,,
SF00912,金昌昆仑国际2号楼,越城区,越城区金昌?昆仑国际昆仑商务中心2幢,专用停车场,浙江慧帮智能科技有限公司,85,对外开放,24小时,15分钟以内不收费，小车5元/次，大车10元/次，摩托车2元/次。停车时间为4小时以内（含），以后每4小时分别加收5元，10元，2元。不足4小时按4小时计，依此类推。,已上线,120.6070027,30.00997386,120.600943,30.003972
SF00913,金昌昆仑东区,越城区,胜利东路395号,专用停车场,黄金时代大厦物业管理,45,对外开放,24小时,15分钟以内不收费，小车5元/次，大车10元/次，摩托车2元/次。停车时间为4小时以内（含），以后每4小时分别加收5元，10元，2元。不足4小时按4小时计，依此类推。,已上线,120.5870155,30.00094814,120.601983,30.003582
SF00914,八字桥停车场,越城区,越城区东街305号,专用停车场,绍兴佳源商业管理有限公司,280,对外开放,24小时,30分钟免费停车，每4小时收费小车5元,已上线,120.5944155,30.00492742,120.589851,30.000524
SF00915,城市广场立体停车库,越城区,越城区仓桥直街11号,专用停车场,世茂广场物业管理,286,对外开放,24小时,30分钟免费停车，每4小时收费小车5元,已上线,120.5840272,30.00798027,120.580053,30.001431
SF00916,中兴北路立体停车场,越城区,中兴北路318号,专用停车场,中兴北路立体停车场物业,90,对外开放,24小时,15分钟以内不收费，小车5元/次，大车10元/次，摩托车2元/次。停车时间为4小时以内（含），以后每4小时分别加收5元，10元，2元。不足4小时按4小时计，依此类推。,已上线,120.6026802,30.02842376,120.593675,30.016875
SF00917,咸亨大酒店,越城区,咸亨大酒店,专用停车场,咸亨大酒店管理有限公司,150,对外开放,24小时,15分钟以内不收费，小车5元/次，大车10元/次，摩托车2元/次。停车时间为4小时以内（含），以后每4小时分别加收5元，10元，2元。不足4小时按4小时计，依此类推。,已上线,120.588443,29.99272537,,
SF00918,世茂天际中心停车场,越城区,越城区胜利东路379号,专用停车场,世茂广场物业管理,140,对外开放,24小时,15分钟以内不收费，小车5元/次，大车10元/次，摩托车2元/次。停车时间为4小时以内（含），以后每4小时分别加收5元，10元，2元。不足4小时按4小时计，依此类推。,已上线,120.6092069,30.01048785,120.60308,30.003938
SF00919,梅龙湖公园停车场,越城区,五云北路与西施山路交叉口南50米,专用停车场,黄金时代大厦物业管理,50,对外开放,24小时,15分钟以内不收费，小车5元/次，大车10元/次，摩托车2元/次。停车时间为4小时以内（含），以后每4小时分别加收5元，10元，2元。不足4小时按4小时计，依此类推。,已上线,103.9683296,30.69386524,120.607759,30.007155
SF00920,越城区人民医院,越城区,平江路575号,专用停车场,绍兴佳源商业管理有限公司,80,对外开放,24小时,15分钟以内不收费，小车5元/次，大车10元/次，摩托车2元/次。停车时间为4小时以内（含），以后每4小时分别加收5元，10元，2元。不足4小时按4小时计，依此类推。,已上线,120.5863168,29.99168594,120.607283,29.987279
SF00921,汇银大厦,越城区,汇银大厦,专用停车场,绍兴佳源商业管理有限公司,170,对外开放,24小时,15分钟以内不收费，小车5元/次，大车10元/次，摩托车2元/次。停车时间为4小时以内（含），以后每4小时分别加收5元，10元，2元。不足4小时按4小时计，依此类推。,已上线,121.443046,31.20406884,120.60371,30.001327
SF00923,阳光大厦,越城区,越城区胜利东路390-394号,专用停车场,阳光大厦物业管理,150,对外开放,24小时,15分钟以内不收费，小车5元/次，大车10元/次，摩托车2元/次。停车时间为4小时以内（含），以后每4小时分别加收5元，10元，2元。不足4小时按4小时计，依此类推。,已上线,120.6054041,30.0102726,120.599309,30.00344
SF00925,中惠百货地下停车场,越城区,中兴中路33号,专用停车场,黄金时代大厦物业管理,50,对外开放,24小时,15分钟以内不收费，小车5元/次，大车10元/次，摩托车2元/次。停车时间为4小时以内（含），以后每4小时分别加收5元，10元，2元。不足4小时按4小时计，依此类推。,已上线,114.2627523,30.79560342,120.587617,29.997569
SF00926,塔山文化广场,越城区,塔山文化广场,专用停车场,绍兴佳源商业管理有限公司,120,对外开放,24小时,15分钟以内不收费，小车5元/次，大车10元/次，摩托车2元/次。停车时间为4小时以内（含），以后每4小时分别加收5元，10元，2元。不足4小时按4小时计，依此类推。,已上线,120.5862851,29.99732508,120.579842,29.991729
SF00927,中金国际停车场,越城区,越城区中兴北路666号,专用停车场,中金国际物业,590,对外开放,24小时,15分钟以内不收费，小车5元/次，大车10元/次，摩托车2元/次。停车时间为4小时以内（含），以后每4小时分别加收5元，10元，2元。不足4小时按4小时计，依此类推。,已上线,120.6026802,30.02842376,120.596545,30.022139
SF00928,财源中心,越城区,越城区梅龙湖路56号,专用停车场,绍兴佳源商业管理有限公司,300,对外开放,24小时,15分钟以内不收费，小车5元/次，大车10元/次，摩托车2元/次。停车时间为4小时以内（含），以后每4小时分别加收5元，10元，2元。不足4小时按4小时计，依此类推。,已上线,120.6090574,30.01290029,120.60267,30.006968
SF00929,市人民医院,越城区,中兴北路568号,专用停车场,黄金时代大厦物业管理,1000,对外开放,24小时,1小时内免费，1-4小时5元依次类推,已上线,120.5944155,30.00492742,120.593474,30.02316
SF00930,市人民医院立体停车库,越城区,中兴北路568号,专用停车场,绍兴佳源商业管理有限公司,300,对外开放,24小时,30分钟免费停车，每4小时收费小车5元,已上线,120.5944155,30.00492742,120.593675,30.016875
SF00931,砥砺文化创业园,越城区,平江路78号,专用停车场,黄金时代大厦物业管理,75,对外开放,24小时,15分钟以内不收费，小车5元/次，大车10元/次，摩托车2元/次。停车时间为4小时以内（含），以后每4小时分别加收5元，10元，2元。不足4小时按4小时计，依此类推。,已上线,120.6095175,30.01480441,120.60922,29.995746
SF00932,迪荡滑板公园停车场,越城区,迪荡滑板公园-西门,专用停车场,黄金时代大厦物业管理,60,对外开放,24小时,15分钟以内不收费，小车5元/次，大车10元/次，摩托车2元/次。停车时间为4小时以内（含），以后每4小时分别加收5元，10元，2元。不足4小时按4小时计，依此类推。,已上线,120.6095175,30.01480441,120.600943,30.008434
SF00933,周恩来故居,越城区,劳动路246号,专用停车场,周恩来故居物业管理,37,对外开放,24小时,15分钟以内不收费，小车5元/次，大车10元/次，摩托车2元/次。停车时间为4小时以内（含），以后每4小时分别加收5元，10元，2元。不足4小时按4小时计，依此类推。,已上线,120.5885389,30.00935205,120.586037,30.001668
SF00934,情缘龙山,越城区,绍兴市越城区偏门直街与府山西路交叉口东50米,专用停车场,情缘龙山,200,对外开放,24小时,15分钟内免费停车,启用,120.570815,29.99562,120.571561,29.995377
SF00935,绍兴一中初中部停车场,越城区,浙江省绍兴市越城区胜利西路185号,专用停车场,城市广场管理公司,110,对外开放,24小时,15分钟以内不收费,启用,120.577712,30.005256,120.615014,30.092079
SF00939,越王城地下停车场,越城区,偏门直街与大教场沿交叉口西北150米,专用停车场,越王城地下停车场,350,对外开放,24小时,15分钟以内不收费，小车5元/次，大车10元/次，摩托车2元/次。停车时间为4小时以内（含），以后每4小时分别加收5元，10元，2元。不足4小时按4小时计，依此类推。,已上线,114.2627523,30.79560342,120.573461,29.997206
021c6f0a01bd486abbd6441a377acebc,湖滨路-1路段,新昌县,湖滨路-1路段,公共停车场,新昌县创新智能停车管理有限公司,55,对外开发,24小时,早上7:30到晚上21:00是收费时段。停车不足半小时免费，超过半小时不足1小时为3元/小时。1小时以上3元/小时，不足1小时以1小时为准,启用,120.913212,29.492541,120.493539,30.061077
021f50c75bab4a818f94a4f6a35b726b,X新和成路,新昌县,X新和成路,公共停车场,新昌县创新智能停车管理有限公司,214,对外开发,24小时,早上7:30到晚上21:00是收费时段。停车不足半小时免费，超过半小时不足1小时为3元/小时。1小时以上3元/小时，不足1小时以1小时为准,启用,120.866821,29.505020,120.866961,29.508786
06318e2e5b1d42238ba6da95eeea2c20,S四季路,新昌县,S四季路,公共停车场,新昌县创新智能停车管理有限公司,27,对外开发,24小时,早上7:30到晚上21:00是收费时段。停车不足半小时免费，超过半小时不足1小时为3元/小时。1小时以上3元/小时，不足1小时以1小时为准,启用,120.863742,29.503695,120.866873,29.500702
06b6c6d5f2f24884897106460b1570f0,L-丽江路,新昌县,丽江路,公共停车场,新昌县创新智能停车管理有限公司,74,对外开发,24小时,早上7:30到晚上21:00是收费时段。停车不足半小时免费，超过半小时不足1小时为3元/小时。1小时以上3元/小时，不足1小时以1小时为准,启用,120.850675,29.521806,,
08a3d865f9d848e89e735f9c34f5e9c7,大道东路1,新昌县,大道东路1,公共停车场,新昌县创新智能停车管理有限公司,116,对外开发,24小时,早上7:30到晚上21:00是收费时段。停车不足半小时免费，超过半小时不足1小时为3元/小时。1小时以上3元/小时，不足1小时以1小时为准,启用,120.927118,29.489098,120.934325,29.485275
09bb2f07273f479881e70be13953f7cb,文体路路段,新昌县,文体路路段,公共停车场,新昌县创新智能停车管理有限公司,35,对外开发,24小时,早上7:30到晚上21:00是收费时段。停车不足半小时免费，超过半小时不足1小时为3元/小时。1小时以上3元/小时，不足1小时以1小时为准,启用,120.904538,29.503378,,
0c1aaac8221c4cc8954e33382c577e53,X-西昌北路,新昌县,X-西昌北路,公共停车场,新昌县创新智能停车管理有限公司,10,对外开发,24小时,早上7:30到晚上21:00是收费时段。停车不足半小时免费，超过半小时不足1小时为3元/小时。1小时以上3元/小时，不足1小时以1小时为准,启用,120.890370,29.512214,,
0f93c05f0b374aeba628779249aa944d,Y演溪路2期,新昌县,Y演溪路2期,公共停车场,新昌县创新智能停车管理有限公司,235,对外开发,24小时,早上7:30到晚上21:00是收费时段。停车不足半小时免费，超过半小时不足1小时为3元/小时。1小时以上3元/小时，不足1小时以1小时为准,启用,120.859919,29.512490,120.867746,29.5108
121066508c2a4fae8d91d5351a63739d,R-仁爱巷,新昌县,R-仁爱巷,公共停车场,新昌县创新智能停车管理有限公司,9,对外开发,24小时,早上7:30到晚上21:00是收费时段。停车不足半小时免费，超过半小时不足1小时为3元/小时。1小时以上3元/小时，不足1小时以1小时为准,启用,120.911426,29.500005,120.914873,29.497003
15e95b74e0634ac8b1cbd7fb3e25f357,锦绣华庭-1路段,新昌县,锦绣华庭-1路段,公共停车场,新昌县创新智能停车管理有限公司,265,对外开发,24小时,早上7:30到晚上21:00是收费时段。停车不足半小时免费，超过半小时不足1小时为3元/小时。1小时以上3元/小时，不足1小时以1小时为准,启用,120.882758,29.514391,,
18ae4ab3b3a0472d8e6c1bc79e263730,七星路-1路段,新昌县,七星路-1路段,公共停车场,新昌县创新智能停车管理有限公司,105,对外开发,24小时,早上7:30到晚上21:00是收费时段。停车不足半小时免费，超过半小时不足1小时为3元/小时。1小时以上3元/小时，不足1小时以1小时为准,启用,120.875704,29.505493,120.87412,29.509919
190f0104929d4e68829f37aea6739f8b,金汇广场路段,新昌县,金汇广场路段,公共停车场,新昌县创新智能停车管理有限公司,71,对外开发,24小时,早上7:30到晚上21:00是收费时段。停车不足半小时免费，超过半小时不足1小时为3元/小时。1小时以上3元/小时，不足1小时以1小时为准,启用,120.867631,29.508084,,
21d46d1dd3024b5184038ae16420acc2,佳艺广场,新昌县,佳艺广场,公共停车场,新昌县创新智能停车管理有限公司,13,对外开发,24小时,早上7:30到晚上21:00是收费时段。停车不足半小时免费，超过半小时不足1小时为3元/小时。1小时以上3元/小时，不足1小时以1小时为准,启用,120.912933,29.497632,120.917083,29.494713
22a13c1848f346d192a374b2ca8e3f12,银城三街,新昌县,银城三街,公共停车场,新昌县创新智能停车管理有限公司,14,对外开发,24小时,早上7:30到晚上21:00是收费时段。停车不足半小时免费，超过半小时不足1小时为3元/小时。1小时以上3元/小时，不足1小时以1小时为准,启用,120.895777,29.503527,120.899591,29.500717
232e3c8a7da74e8ea532cc99c3c8db66,七星批发市场路段,新昌县,七星批发市场路段,公共停车场,新昌县创新智能停车管理有限公司,34,对外开发,24小时,早上7:30到晚上21:00是收费时段。停车不足半小时免费，超过半小时不足1小时为3元/小时。1小时以上3元/小时，不足1小时以1小时为准,启用,120.882093,29.505805,,
2553f746e9fc4adb9552596040fa143c,江滨东路,新昌县,江滨东路,公共停车场,新昌县创新智能停车管理有限公司,9,对外开发,24小时,早上7:30到晚上21:00是收费时段。停车不足半小时免费，超过半小时不足1小时为3元/小时。1小时以上3元/小时，不足1小时以1小时为准,启用,120.917567,29.494851,120.824246,29.586863
25d7f4bfa2064f73b630f6408e5f55f8,新昌中学路段,新昌县,新昌中学路段,公共停车场,新昌县创新智能停车管理有限公司,122,对外开发,24小时,早上7:30到晚上21:00是收费时段。停车不足半小时免费，超过半小时不足1小时为3元/小时。1小时以上3元/小时，不足1小时以1小时为准,启用,120.881557,29.504479,120.882314,29.50165
297628312efb4b088c0e958a6e7ee7e0,东昌路路段,新昌县,东昌路路段,公共停车场,新昌县创新智能停车管理有限公司,37,对外开发,24小时,早上7:30到晚上21:00是收费时段。停车不足半小时免费，超过半小时不足1小时为3元/小时。1小时以上3元/小时，不足1小时以1小时为准,启用,120.915587,29.488611,,
2a127791397744a988aea9f13b9d5089,体育新村路段,新昌县,体育新村路段,公共停车场,新昌县创新智能停车管理有限公司,54,对外开发,24小时,早上7:30到晚上21:00是收费时段。停车不足半小时免费，超过半小时不足1小时为3元/小时。1小时以上3元/小时，不足1小时以1小时为准,启用,120.872609,29.503093,,
2f17547afddb434dabb223a5fb3f6e72,七星中学路段,新昌县,七星中学路段,公共停车场,新昌县创新智能停车管理有限公司,37,对外开发,24小时,早上7:30到晚上21:00是收费时段。停车不足半小时免费，超过半小时不足1小时为3元/小时。1小时以上3元/小时，不足1小时以1小时为准,启用,120.877228,29.506310,120.877725,29.506525
31216aa30c034c78afa9c3abea520a58,石城路-1路段,新昌县,石城路-1路段,公共停车场,新昌县创新智能停车管理有限公司,80,对外开发,24小时,早上7:30到晚上21:00是收费时段。停车不足半小时免费，超过半小时不足1小时为3元/小时。1小时以上3元/小时，不足1小时以1小时为准,启用,120.892956,29.505530,120.892941,29.502629
348c070bb5d7466ea6be2040289a06b8,大道东路2,新昌县,大道东路2,公共停车场,新昌县创新智能停车管理有限公司,13,对外开发,24小时,早上7:30到晚上21:00是收费时段。停车不足半小时免费，超过半小时不足1小时为3元/小时。1小时以上3元/小时，不足1小时以1小时为准,启用,120.927118,29.489098,120.934957,29.483974
37fae68636fe4af889da772e402b0289,南坑路段,新昌县,南坑路段,公共停车场,新昌县创新智能停车管理有限公司,119,对外开发,24小时,早上7:30到晚上21:00是收费时段。停车不足半小时免费，超过半小时不足1小时为3元/小时。1小时以上3元/小时，不足1小时以1小时为准,启用,120.898705,29.503704,,
38973993637642df969791abe42f6c59,T泰坦大道2期,新昌县,T泰坦大道2期,公共停车场,新昌县创新智能停车管理有限公司,31,对外开发,24小时,早上7:30到晚上21:00是收费时段。停车不足半小时免费，超过半小时不足1小时为3元/小时。1小时以上3元/小时，不足1小时以1小时为准,启用,120.848191,29.506317,120.843433,29.514882
39537f4d422a4d86a69947e4b31582dd,大佛路路段,新昌县,大佛路,公共停车场,新昌县创新智能停车管理有限公司,47,对外开发,24小时,早上7:30到晚上21:00是收费时段。停车不足半小时免费，超过半小时不足1小时为3元/小时。1小时以上3元/小时，不足1小时以1小时为准,启用,120.891330,29.505584,120.891252,29.505496
3b87cc16d1144cae9505d8a60cec4af9,Y育英路,新昌县,Y育英路,公共停车场,新昌县创新智能停车管理有限公司,15,对外开发,24小时,早上7:30到晚上21:00是收费时段。停车不足半小时免费，超过半小时不足1小时为3元/小时。1小时以上3元/小时，不足1小时以1小时为准,启用,120.912814,29.496006,120.258323,29.756684
3bcd40b4dc8b4d9289445dd5c17dd70e,博大山水-1路段,新昌县,博大山水-1路段,公共停车场,新昌县创新智能停车管理有限公司,106,对外开发,24小时,早上7:30到晚上21:00是收费时段。停车不足半小时免费，超过半小时不足1小时为3元/小时。1小时以上3元/小时，不足1小时以1小时为准,启用,120.871455,29.513503,120.871875,29.513575
3c6317b3d46b45c884f86364adee0dc4,N南岩路,新昌县,N南岩路,公共停车场,新昌县创新智能停车管理有限公司,170,对外开发,24小时,早上7:30到晚上21:00是收费时段。停车不足半小时免费，超过半小时不足1小时为3元/小时。1小时以上3元/小时，不足1小时以1小时为准,启用,120.866854,29.510710,120.868881,29.507781
41d8ac1823b141dbb655153c24deca1f,幸福里小区路段,新昌县,幸福里小区路段,公共停车场,新昌县创新智能停车管理有限公司,41,对外开发,24小时,早上7:30到晚上21:00是收费时段。停车不足半小时免费，超过半小时不足1小时为3元/小时。1小时以上3元/小时，不足1小时以1小时为准,启用,120.865641,29.502066,,
4543b2181ac848ab977cc59e36cf53de,西昌南路路段,新昌县,西昌南路,公共停车场,新昌县创新智能停车管理有限公司,28,对外开发,24小时,早上7:30到晚上21:00是收费时段。停车不足半小时免费，超过半小时不足1小时为3元/小时。1小时以上3元/小时，不足1小时以1小时为准,启用,120.890845,29.506511,120.89083,29.506568
4aeb486e309f4f97aa3eb6012b95553d,桃园新村,新昌县,桃园新村,公共停车场,新昌县创新智能停车管理有限公司,56,对外开发,24小时,早上7:30到晚上21:00是收费时段。停车不足半小时免费，超过半小时不足1小时为3元/小时。1小时以上3元/小时，不足1小时以1小时为准,启用,120.870291,29.502498,120.838668,30.094835
5501b2b1ab874102b02fa4b863c29df4,尚礼苑西,新昌县,尚礼苑西,公共停车场,新昌县创新智能停车管理有限公司,40,对外开发,24小时,早上7:30到晚上21:00是收费时段。停车不足半小时免费，超过半小时不足1小时为3元/小时。1小时以上3元/小时，不足1小时以1小时为准,启用,120.892382,29.512104,,
59fb9c267543495c91fb002f6d1292b8,C-城东大桥,新昌县,C-城东大桥,公共停车场,新昌县创新智能停车管理有限公司,66,对外开发,24小时,早上7:30到晚上21:00是收费时段。停车不足半小时免费，超过半小时不足1小时为3元/小时。1小时以上3元/小时，不足1小时以1小时为准,启用,120.921801,29.496127,120.920595,29.491523
69690d475484483daab86963963563c5,塔山一路,新昌县,塔山一路,公共停车场,新昌县创新智能停车管理有限公司,55,对外开发,24小时,早上7:30到晚上21:00是收费时段。停车不足半小时免费，超过半小时不足1小时为3元/小时。1小时以上3元/小时，不足1小时以1小时为准,启用,120.869038,29.515510,120.869116,29.515513
6b2a8efd5c9246c2b35f1727b437b845,N南明路,新昌县,N南明路,公共停车场,新昌县创新智能停车管理有限公司,13,对外开发,24小时,早上7:30到晚上21:00是收费时段。停车不足半小时免费，超过半小时不足1小时为3元/小时。1小时以上3元/小时，不足1小时以1小时为准,启用,120.905241,29.502162,120.909346,29.498414
6b418f0b7dbf41c99a378ac760d4ada4,阳光路/星光路路段,新昌县,阳光路/星光路路段,公共停车场,新昌县创新智能停车管理有限公司,23,对外开发,24小时,早上7:30到晚上21:00是收费时段。停车不足半小时免费，超过半小时不足1小时为3元/小时。1小时以上3元/小时，不足1小时以1小时为准,启用,120.912992,29.498914,120.48902,30.130424
749af56905144dd08337fc6fab01f02a,东联菜场路段,新昌县,东联菜场路段,公共停车场,新昌县创新智能停车管理有限公司,98,对外开发,24小时,早上7:30到晚上21:00是收费时段。停车不足半小时免费，超过半小时不足1小时为3元/小时。1小时以上3元/小时，不足1小时以1小时为准,启用,120.912968,29.493389,,
757273b3629c4999bc21e3fff29f10bf,新世纪广场路段,新昌县,新世纪广场路段,公共停车场,新昌县创新智能停车管理有限公司,38,对外开发,24小时,早上7:30到晚上21:00是收费时段。停车不足半小时免费，超过半小时不足1小时为3元/小时。1小时以上3元/小时，不足1小时以1小时为准,启用,120.906779,29.501272,,
7972a6e3a84a444dbaf565d52183cc8c,东兴路路段,新昌县,东兴路路段,公共停车场,新昌县创新智能停车管理有限公司,33,对外开发,24小时,早上7:30到晚上21:00是收费时段。停车不足半小时免费，超过半小时不足1小时为3元/小时。1小时以上3元/小时，不足1小时以1小时为准,启用,120.916152,29.495221,,
7d0a044d0c0344a1bb41fb984288afcc,D-东沙路,新昌县,D-东沙路,公共停车场,新昌县创新智能停车管理有限公司,16,对外开发,24小时,早上7:30到晚上21:00是收费时段。停车不足半小时免费，超过半小时不足1小时为3元/小时。1小时以上3元/小时，不足1小时以1小时为准,启用,120.914271,29.494286,,
7ecb48439fc64ed2acdf2a67f0d2b8a5,丽都四季花园路段,新昌县,丽都四季花园路段,公共停车场,新昌县创新智能停车管理有限公司,62,对外开发,24小时,早上7:30到晚上21:00是收费时段。停车不足半小时免费，超过半小时不足1小时为3元/小时。1小时以上3元/小时，不足1小时以1小时为准,启用,120.865753,29.501716,120.865953,29.501115
7f0e5f76cf8d4a0d9ffc0dd2a97eb3b1,银城二街,新昌县,银城二街,公共停车场,新昌县创新智能停车管理有限公司,13,对外开发,24小时,早上7:30到晚上21:00是收费时段。停车不足半小时免费，超过半小时不足1小时为3元/小时。1小时以上3元/小时，不足1小时以1小时为准,启用,120.896288,29.503208,,
81165892db384913935baad6e8688e23,Y-沿江中路,新昌县,Y-沿江中路,公共停车场,新昌县创新智能停车管理有限公司,159,对外开发,24小时,早上7:30到晚上21:00是收费时段。停车不足半小时免费，超过半小时不足1小时为3元/小时。1小时以上3元/小时，不足1小时以1小时为准,启用,120.890518,29.509956,,
8219bfab76874d68afe764fee1258991,T-体育场路,新昌县,T-体育场路,公共停车场,新昌县创新智能停车管理有限公司,44,对外开发,24小时,早上7:30到晚上21:00是收费时段。停车不足半小时免费，超过半小时不足1小时为3元/小时。1小时以上3元/小时，不足1小时以1小时为准,启用,120.871181,29.504804,,
83c7711b7f604fb9869cc8c1d9332e4f,C-城南路,新昌县,C-城南路,公共停车场,新昌县创新智能停车管理有限公司,124,对外开发,24小时,早上7:30到晚上21:00是收费时段。停车不足半小时免费，超过半小时不足1小时为3元/小时。1小时以上3元/小时，不足1小时以1小时为准,启用,120.904294,29.492397,,
8b238d29417b4a73afbc768433d1b6b9,春江花苑路段,新昌县,春江花苑路段,公共停车场,新昌县创新智能停车管理有限公司,85,对外开发,24小时,早上7:30到晚上21:00是收费时段。停车不足半小时免费，超过半小时不足1小时为3元/小时。1小时以上3元/小时，不足1小时以1小时为准,启用,120.901976,29.503557,,
8b55f7c966b94bce8c1006ba0fdd0ff5,X-香溢路,新昌县,X-香溢路,公共停车场,新昌县创新智能停车管理有限公司,11,对外开发,24小时,早上7:30到晚上21:00是收费时段。停车不足半小时免费，超过半小时不足1小时为3元/小时。1小时以上3元/小时，不足1小时以1小时为准,启用,120.847146,29.509678,120.84999,29.505156
91127f74f2514937b2b2fc1812b921e5,W-沃洲路,新昌县,W-沃洲路,公共停车场,新昌县创新智能停车管理有限公司,57,对外开发,24小时,早上7:30到晚上21:00是收费时段。停车不足半小时免费，超过半小时不足1小时为3元/小时。1小时以上3元/小时，不足1小时以1小时为准,启用,120.892440,29.507069,,
958b03dcc1114122938bc9aba81c3901,D-东川路,新昌县,D-东川路,公共停车场,新昌县创新智能停车管理有限公司,21,对外开发,24小时,早上7:30到晚上21:00是收费时段。停车不足半小时免费，超过半小时不足1小时为3元/小时。1小时以上3元/小时，不足1小时以1小时为准,启用,120.916529,29.491819,,
95e79b0b2af34437b5304532ea549aaa,茶市路-1路段,新昌县,茶市路-路段1,公共停车场,新昌县创新智能停车管理有限公司,163,对外开发,24小时,早上7:30到晚上21:00是收费时段。停车不足半小时免费，超过半小时不足1小时为3元/小时。1小时以上3元/小时，不足1小时以1小时为准,启用,120.856266,29.498696,120.857206,29.492571
95f08e090d4e4854a9d54434516f0e50,银城一街,新昌县,银城一街,公共停车场,新昌县创新智能停车管理有限公司,6,对外开发,24小时,早上7:30到晚上21:00是收费时段。停车不足半小时免费，超过半小时不足1小时为3元/小时。1小时以上3元/小时，不足1小时以1小时为准,启用,120.895745,29.502959,,
96ce434b712144b7a5fd81882676c0fd,R-人民东路,新昌县,R-人民东路,公共停车场,新昌县创新智能停车管理有限公司,15,对外开发,24小时,早上7:30到晚上21:00是收费时段。停车不足半小时免费，超过半小时不足1小时为3元/小时。1小时以上3元/小时，不足1小时以1小时为准,启用,120.912592,29.496060,,
97f56fc16f58411f8ad8a7c90662e311,家友超市路段,新昌县,家友超市路段,公共停车场,新昌县创新智能停车管理有限公司,30,对外开发,24小时,早上7:30到晚上21:00是收费时段。停车不足半小时免费，超过半小时不足1小时为3元/小时。1小时以上3元/小时，不足1小时以1小时为准,启用,120.906350,29.498293,,
993dc86fb487440d8ce7f91862dc7194,城北菜场路段,新昌县,城北菜场路段,公共停车场,新昌县创新智能停车管理有限公司,49,对外开发,24小时,早上7:30到晚上21:00是收费时段。停车不足半小时免费，超过半小时不足1小时为3元/小时。1小时以上3元/小时，不足1小时以1小时为准,启用,120.909446,29.502500,,
99495af4b1634bcabb8722617ff20631,G鼓山西路,新昌县,G鼓山西路,公共停车场,新昌县创新智能停车管理有限公司,95,对外开发,24小时,早上7:30到晚上21:00是收费时段。停车不足半小时免费，超过半小时不足1小时为3元/小时。1小时以上3元/小时，不足1小时以1小时为准,启用,120.866799,29.505056,120.875678,29.503557
999388f57e564cb38a34a893e6d13d12,银城四街,新昌县,银城四街,公共停车场,新昌县创新智能停车管理有限公司,32,对外开发,24小时,早上7:30到晚上21:00是收费时段。停车不足半小时免费，超过半小时不足1小时为3元/小时。1小时以上3元/小时，不足1小时以1小时为准,启用,120.896414,29.503854,,
9a9d35a28e534820bb71ca91f0e9f4f7,杭州银行路段,新昌县,杭州银行路段,公共停车场,新昌县创新智能停车管理有限公司,23,对外开发,24小时,早上7:30到晚上21:00是收费时段。停车不足半小时免费，超过半小时不足1小时为3元/小时。1小时以上3元/小时，不足1小时以1小时为准,启用,120.877228,29.506310,120.587475,29.996925
9b5cb43996d14adab715db0885478ed4,碳水王国,新昌县,碳水王国,公共停车场,新昌县创新智能停车管理有限公司,28,对外开发,24小时,早上7:30到晚上21:00是收费时段。停车不足半小时免费，超过半小时不足1小时为3元/小时。1小时以上3元/小时，不足1小时以1小时为准,启用,120.906367,29.496448,,
9df3539c392844e3ac0ef8d7ca2c96b9,江滨西路,新昌县,滨江西路,公共停车场,新昌县创新智能停车管理有限公司,119,对外开发,24小时,早上7:30到晚上21:00是收费时段。停车不足半小时免费，超过半小时不足1小时为3元/小时。1小时以上3元/小时，不足1小时以1小时为准,启用,120.861009,29.515538,120.864267,29.512841
XC2020001,档案馆图书馆博物馆停车场,新昌县,新中路207号,公共停车场,档案馆,190,对外开放,24小时,"1小时：免费
4小时：5元
包月：350元
包年：4000元",启用,120.882925,29.506319,120.881618,29.505822
XC2020002,演溪路停车场,新昌县,新昌县演溪路,公共停车场,新昌县城镇物业管理有限公司,64,对外经营,24小时,"停放时间不足 45 分钟（含）的，免费；停放时间超过 45 分
钟不足 1 小时（含）的，按 2 元/辆.次的标准收取；停放时间超
过 1 小时的，超过部分在 8∶00-17∶00（含）时段内的按每小
时 1 元/辆.次的标准收取（不足 1 小时按 1 小时计算）、在 17∶
00-次日 8∶00（含）时段内的不论停车时间长短均按 3 元/辆.
次的标准收取。",启用,120.875057,29.511025,,
XC2020003,服务大楼停车场,新昌县,新昌县演溪路,公共停车场,新昌县城镇物业管理有限公司,127,对外经营,24小时,"停放时间不足 90 分钟（含）的，免费；停放时间超过 90 分
钟不足 2 小时（含）的，按 2 元/辆.次的标准收取；停放时间超
过 2 小时的，超过部分在 8∶00-17∶00（含）时段内的按每小
时 1 元/辆.次的标准收取（不足 1 小时按 1 小时计算）、在 17∶
00-次日 8∶00（含）时段内的不论停车时间长短均按 3 元/辆.
次的标准收取。摩托车、自行车免费停放。",启用,120.860541,29.512792,120.50222,30.098313
XC2020004,十九峰路停车场,新昌县,新昌县十九峰路,公共停车场,新昌县城镇物业管理有限公司,92,对外经营,24小时,"停放时间不足 45 分钟（含）的，免费；停放时间超过 45 分
钟不足 1 小时（含）的，按 2 元/辆.次的标准收取；停放时间超
过 1 小时的，超过部分在 8∶00-17∶00（含）时段内的按每小
时 1 元/辆.次的标准收取（不足 1 小时按 1 小时计算）、在 17∶
00-次日 8∶00（含）时段内的不论停车时间长短均按 3 元/辆.
次的标准收取。",启用,120.868175,29.505552,,
XC2020005,智慧家园停车场,新昌县,新昌县演溪路,公共停车场,新昌县城镇物业管理有限公司,173,对外经营,24小时,"停放时间不足45 分钟（含）的，免费；停放时间超过 45 分钟不足 1 小时（含）的，按 2 元/辆.次的标准收取；停放时间超过 1 小时的，超过部
分在 8∶00-17∶00（含）时段内的按每小时 1 元/辆.次的标准
收取（不足 1 小时按 1 小时计算）、在 17∶00-次日 8∶00（含）
时段内的不论停车时间长短均按 3 元/辆.次的标准收取。",启用,120.864162,29.509346,120.865478,29.509824
XC2020006,西延路停车场,新昌县,新昌县西延路,公共停车场,新昌县城镇物业管理有限公司,31,对外经营,24小时,"停放时间不足30 分钟（含）的，免费；停放时间超过 30分钟不足 1 小时（含）的，按 3元/辆.次的标准收取；停放时间超过 1 小时的，超过部
分在 8∶00-17∶00（含）时段内的按每小时 2 元/辆.次的标准
收取（不足 1 小时按 1 小时计算）、在 17∶00-次日 8∶00（含）
时段内的不论停车时间长短均按 3 元/辆.次的标准收取。",启用,120.889964,29.502051,,
XC2020007,鼓山停车场,新昌县,新昌县鼓山公园,公共停车场,新昌县城镇物业管理有限公司,998,对外经营,24小时,"停放时间不足45 分钟（含）的，免费；停放时间超过 45 分钟不足 1 小时（含）的，按 2 元/辆.次的标准收取；停放时间超过 1 小时的，超过部
分在 8∶00-17∶00（含）时段内的按每小时 1 元/辆.次的标准
收取（不足 1 小时按 1 小时计算）、在 17∶00-次日 8∶00（含）
时段内的不论停车时间长短均按 3 元/辆.次的标准收取。",启用,120.895928,29.502719,120.8874,29.504764
XC2020008,七星大桥停车场,新昌县,新昌县七星大桥,公共停车场,新昌县城镇物业管理有限公司,86,对外经营,24小时,"停放时间不足45 分钟（含）的，免费；停放时间超过 45 分钟不足 1 小时（含）的，按 2 元/辆.次的标准收取；停放时间超过 1 小时的，超过部
分在 8∶00-17∶00（含）时段内的按每小时 1 元/辆.次的标准
收取（不足 1 小时按 1 小时计算）、在 17∶00-次日 8∶00（含）
时段内的不论停车时间长短均按 3 元/辆.次的标准收取。",启用,120.873104,29.513446,120.873924,29.513564
XC2020009,孝行路停车场,新昌县,新昌县孝行路,公共停车场,新昌县城镇物业管理有限公司,38,对外经营,24小时,"停放时间不足45 分钟（含）的，免费；停放时间超过 45 分钟不足 1 小时（含）的，按 2 元/辆.次的标准收取；停放时间超过 1 小时的，超过部
分在 8∶00-17∶00（含）时段内的按每小时 1 元/辆.次的标准
收取（不足 1 小时按 1 小时计算）、在 17∶00-次日 8∶00（含）
时段内的不论停车时间长短均按 3 元/辆.次的标准收取。",启用,120.862117,29.508185,120.862117,29.508185
XC2020011,南明街道办事处停车场,新昌县,南明街道人民东路130号,公共停车场,南明街道办事处,20,对外开放,"周一 21:30 至次日 7:30；周二、周三、周四、
周五 18:00 至次日 7:30",免费,启用,120.915035,29.494925,120.915901,29.493838
XC2020012,新昌县自然资源和规划局停车场,新昌县,南明街道江滨中路7号（原广电大楼）,公共停车场,自然资源和规划局,23,对外开放,"周一 21:30 至次日 7:30；周二、周三、周四、
周五 18:00 至次日 7:30",免费,启用,120.900771,29.504552,120.858687,29.513266
XC2020013,新昌县农业农村局停车场,新昌县,南明街道鼓山中路66号,公共停车场,农业农村局,16,对外开放,"周一 21:30 至次日 7:30；周二、周三、周四、
周五 18:00 至次日 7:30",免费,启用,120.899585,29.502761,120.900234,29.502671
XC2020014,新昌县财政局停车场,新昌县,南明街道鼓山中路118号,公共停车场,财政局,23,对外开放,"周一 21:30 至次日 7:30；周二、周三、周四、
周五 18:00 至次日 7:30",免费,启用,120.896582,29.503083,120.896468,29.503022
XC2020015,新昌县综合行政执法局停车场,新昌县,南明街道大佛路1号,公共停车场,综合行政执法局,15,对外开放,"周一 21:30 至次日 7:30；周二、周三、周四、
周五 18:00 至次日 7:30",免费,启用,120.89123,29.506372,120.891342,29.501106
XC2020016,新昌县税务局停车场,新昌县,七星街道鼓山西路398号,公共停车场,税务局,40,对外开放,"周一 21:30 至次日 7:30；周二、周三、周四、
周五 18:00 至次日 7:30",免费,启用,120.877094,29.504832,120.876529,29.505289
XC2020017,新昌县经济和信息化局停车场,新昌县,七星街道十九峰路与桃源路交叉口南100米（新海上天大酒店西侧）,公共停车场,经济和信息化局,22,对外开放,"周一 21:30 至次日 7:30；周二、周三、周四、
周五 18:00 至次日 7:30",免费,启用,120.878573,29.506596,120.844048,29.511944
XC2020018,新昌县教育体育局停车场,新昌县,七星街道桃源路35号,公共停车场,教育体育局,17,对外开放,"周一 21:30 至次日 7:30；周二、周三、周四、
周五 18:00 至次日 7:30",免费,启用,120.877895,29.508314,120.873166,29.506558
XC2020019,新昌县卫生健康局停车场,新昌县,七星街道孝行路358号,公共停车场,卫生健康局,55,对外开放,"周一 21:30 至次日 7:30；周二、周三、周四、
周五 18:00 至次日 7:30",免费,启用,120.864376,29.505838,120.867745,29.505282
XC202002,演溪路停车场,新昌县,新昌县演溪路,公共停车场,新昌县城镇物业管理有限公司,64,对外经营,24小时,"停放时间不足 45 分钟（含）的，免费；停放时间超过 45 分
钟不足 1 小时（含）的，按 2 元/辆.次的标准收取；停放时间超
过 1 小时的，超过部分在 8∶00-17∶00（含）时段内的按每小
时 1 元/辆.次的标准收取（不足 1 小时按 1 小时计算）、在 17∶
00-次日 8∶00（含）时段内的不论停车时间长短均按 3 元/辆.
次的标准收取。",启用,120.875057,29.511025,,
XC2020020,新昌县交通运输局停车场,新昌县,七星街道鼓山西路650号,公共停车场,交通运输局,30,对外开放,"周一 21:30 至次日 7:30；周二、周三、周四、
周五 18:00 至次日 7:30",免费,启用,120.868315,29.501293,120.873166,29.506558
XC2020021,高新技术产业园区管理委员会停车场,新昌县,七星街道三花路2号,公共停车场,高新技术产业园区管理委员会,170,对外开放,"周一 21:30 至次日 7:30；周二、周三、周四、
周五 18:00 至次日 7:30",免费,启用,120.850502,29.511424,120.849637,29.505882
XC2020023,城西小学停车场,新昌县,城西小学,公共停车场,新昌县城镇物业管理有限公司,309,对外开放,24小时,停放时间不足45分钟（含）的，免费；停放时间超过45分钟不足1小时（含）的，按2元/辆.次的标准收取；停放时间超过1小时的，超过部分在8:00-17：00(含）时段内的按每小时1元/辆.次的标准收取（不足1小时按1小时计算）、在17:00-次日8:00（含）时段内的不论停车时间长短均按3元/辆.次的标准收取。,启用,120.887796,29.505335,120.219334,29.720206
XC2020024,下司巷停车场,新昌县,人民中路,公共停车场,新昌县城镇物业管理有限公司,120,对外开放,24小时,停放时间不足 30 分钟（含）的，免费；停放时间超过 30 分 钟不足 1 小时（含）的，按 3 元/辆.次的标准收取；停放时间超 过 1 小时的，超过部分在 8∶00-17∶00（含）时段内的按每小 时 2 元/辆.次的标准收取（不足 1 小时按 1 小时计算）、在 17∶ 00-次日 8∶00（含）时段内的不论停车时间长短均按 3 元/辆. 次的标准收取。,启用,120.903294,29.499994,,
XC2020025,春江花苑,新昌县,春江花苑,公共停车场,新昌县创新智能停车管理有限公司,84,对外开放,7：30~21：00,半小时内免费，超过一小时按每小时3元计费，收费时段：7：30~21：00，包月：250元，包年：2500元,启用,120.901729,29.503711,120.900722,29.504377
XC2020026,家友超市,新昌县,家友超市,公共停车场,新昌县创新智能停车管理有限公司,26,对外开放,7：30~21：00,半小时内免费，超过一小时按每小时3元计费，收费时段：7：30~21：00，包月：250元，包年：2500元,启用,120.898958,29.507465,,
XC2020027,新世纪广场,新昌县,新世纪广场,公共停车场,新昌县创新智能停车管理有限公司,38,对外开放,7：30~21：00,半小时内免费，超过一小时按每小时3元计费，收费时段：7：30~21：00，包月：250元，包年：2500元,启用,120.906827,29.501266,120.500516,30.056788
XC2020028,老北站,新昌县,老北站,公共停车场,新昌县创新智能停车管理有限公司,27,对外开放,7：30~21：00,半小时内免费，超过一小时按每小时3元计费，收费时段：7：30~21：00，包月：250元，包年：2500元,启用,120.906827,29.501266,120.82797,29.592397
XC2020029,南北大道,新昌县,南北大道,公共停车场,新昌县创新智能停车管理有限公司,98,对外开放,7：30~21：00,半小时内免费，超过一小时按每小时3元计费，收费时段：7：30~21：00，包月：250元，包年：2500元,启用,120.91004,29.502104,120.723342,29.959064
XC202003,服务大楼停车场,新昌县,新昌县演溪路,公共停车场,新昌县城镇物业管理有限公司,127,对外经营,24小时,"停放时间不足 90 分钟（含）的，免费；停放时间超过 90 分
钟不足 2 小时（含）的，按 2 元/辆.次的标准收取；停放时间超
过 2 小时的，超过部分在 8∶00-17∶00（含）时段内的按每小
时 1 元/辆.次的标准收取（不足 1 小时按 1 小时计算）、在 17∶
00-次日 8∶00（含）时段内的不论停车时间长短均按 3 元/辆.
次的标准收取。摩托车、自行车免费停放。
",启用,120.860541,29.512792,120.50222,30.098313
XC2020030,环城南路,新昌县,环城南路,公共停车场,新昌县创新智能停车管理有限公司,79,对外开放,7：30~21：00,半小时内免费，超过一小时按每小时3元计费，收费时段：7：30~21：00，包月：250元，包年：2500元,启用,120.906084,29.496596,120.583326,29.982723
XC2020031,文体路,新昌县,文体路,公共停车场,新昌县创新智能停车管理有限公司,64,对外开放,7：30~21：00,半小时内免费，超过一小时按每小时3元计费，收费时段：7：30~21：00，包月：250元，包年：2500元,启用,120.904799,29.50185,120.904587,29.502922
XC2020032,江滨中路,新昌县,江滨中路,公共停车场,新昌县创新智能停车管理有限公司,30,对外开放,7：30~21：00,半小时内免费，超过一小时按每小时3元计费，收费时段：7：30~21：00，包月：250元，包年：2500元,启用,120.900771,29.504552,120.906097,29.504258
XC2020033,东联菜场,新昌县,东联菜场,公共停车场,新昌县创新智能停车管理有限公司,98,对外开放,7：30~21：00,半小时内免费，超过一小时按每小时3元计费，收费时段：7：30~21：00，包月：250元，包年：2500元,启用,120.914262,29.494326,120.913939,29.492837
XC2020034,城北菜场,新昌县,城北菜场,公共停车场,新昌县创新智能停车管理有限公司,49,对外开放,7：30~21：00,半小时内免费，超过一小时按每小时3元计费，收费时段：7：30~21：00，包月：250元，包年：2500元,启用,120.909417,29.502598,120.90942,29.502609
XC2020035,湖滨路,新昌县,湖滨路,公共停车场,新昌县创新智能停车管理有限公司,84,对外开放,7：30~21：00,半小时内免费，超过一小时按每小时3元计费，收费时段：7：30~21：00，包月：250元，包年：2500元,启用,120.915586,29.48747,120.492287,30.057425
XC2020036,东兴路,新昌县,东兴路,公共停车场,新昌县创新智能停车管理有限公司,33,对外开放,7：30~21：00,半小时内免费，超过一小时按每小时3元计费，收费时段：7：30~21：00，包月：250元，包年：2500元,启用,120.914478,29.494307,120.915622,29.494911
XC2020037,石城东路,新昌县,石城东路,公共停车场,新昌县创新智能停车管理有限公司,80,对外开放,7：30~21：00,半小时内免费，超过一小时按每小时3元计费，收费时段：7：30~21：00，包月：250元，包年：2500元,启用,120.89293,29.504299,120.892688,29.502332
XC2020038,石城西路,新昌县,石城西路,公共停车场,新昌县创新智能停车管理有限公司,80,对外开放,7：30~21：00,半小时内免费，超过一小时按每小时3元计费，收费时段：7：30~21：00，包月：250元，包年：2500元,启用,120.892791,29.504277,120.89296,29.50539
XC2020039,丽都文化市场,新昌县,丽都文化市场,公共停车场,新昌县创新智能停车管理有限公司,8,对外开放,7：30~21：00,半小时内免费，超过一小时按每小时3元计费，收费时段：7：30~21：00，包月：250元，包年：2500元,启用,120.908255,29.495227,,
XC202004,十九峰路停车场,新昌县,新昌县十九峰路,公共停车场,新昌县城镇物业管理有限公司,92,对外经营,24小时,"停放时间不足 45 分钟（含）的，免费；停放时间超过 45 分
钟不足 1 小时（含）的，按 2 元/辆.次的标准收取；停放时间超
过 1 小时的，超过部分在 8∶00-17∶00（含）时段内的按每小
时 1 元/辆.次的标准收取（不足 1 小时按 1 小时计算）、在 17∶
00-次日 8∶00（含）时段内的不论停车时间长短均按 3 元/辆.
次的标准收取。",启用,120.868175,29.505552,,
XC2020040,胜利路,新昌县,胜利路,公共停车场,新昌县创新智能停车管理有限公司,15,对外开放,7：30~21：00,半小时内免费，超过一小时按每小时3元计费，收费时段：7：30~21：00，包月：250元，包年：2500元,启用,120.904186,29.501547,120.87877,30.014757
XC2020041,工农路,新昌县,工农路,公共停车场,新昌县创新智能停车管理有限公司,23,对外开放,7：30~21：00,半小时内免费，超过一小时按每小时3元计费，收费时段：7：30~21：00，包月：250元，包年：2500元,启用,120.906496,29.50037,120.801906,29.58575
XC2020042,南街停车场,新昌县,南街停车场,公共停车场,新昌县创新智能停车管理有限公司,40,对外开放,7：30~21：00,半小时内免费，超过一小时按每小时3元计费，收费时段：7：30~21：00，包月：250元，包年：2500元,启用,120.906151,29.496301,,
XC2020043,南坑东路,新昌县,南坑东路,公共停车场,新昌县创新智能停车管理有限公司,75,对外开放,7：30~21：00,半小时内免费，超过一小时按每小时3元计费，收费时段：7：30~21：00，包月：250元，包年：2500元,启用,120.899037,29.502371,120.898997,29.502314
XC2020044,南坑西路,新昌县,南坑西路,公共停车场,新昌县创新智能停车管理有限公司,78,对外开放,7：30~21：00,半小时内免费，超过一小时按每小时3元计费，收费时段：7：30~21：00，包月：250元，包年：2500元,启用,120.901156,29.501533,120.899097,29.500936
XC2020045,人民西路牛头岭,新昌县,人民西路牛头岭,公共停车场,新昌县创新智能停车管理有限公司,33,对外开放,7：30~21：00,半小时内免费，超过一小时按每小时3元计费，收费时段：7：30~21：00，包月：250元，包年：2500元,启用,120.89572,29.499841,120.573968,29.996583
XC2020046,横街,新昌县,横街,公共停车场,新昌县创新智能停车管理有限公司,34,对外开放,7：30~21：00,半小时内免费，超过一小时按每小时3元计费，收费时段：7：30~21：00，包月：250元，包年：2500元,启用,120.906822,29.498994,120.906462,29.499174
XC2020047,星光路,新昌县,星光路,公共停车场,新昌县创新智能停车管理有限公司,40,对外开放,7：30~21：00,半小时内免费，超过一小时按每小时3元计费，收费时段：7：30~21：00，包月：250元，包年：2500元,启用,120.913127,29.498813,120.913613,29.499209
XC2020048,新昌中学,新昌县,新昌中学,公共停车场,新昌县创新智能停车管理有限公司,121,对外开放,7：30~21：00,半小时内免费，超过一小时按每小时3元计费，收费时段：7：30~21：00，包月：250元，包年：2500元,启用,120.880761,29.502406,120.883025,29.503225
XC2020049,民生园,新昌县,民生园,公共停车场,新昌县创新智能停车管理有限公司,104,对外开放,7：30~21：00,半小时内免费，超过一小时按每小时3元计费，收费时段：7：30~21：00，包月：250元，包年：2500元,启用,120.879917,29.504922,120.88063,29.505123
XC202005,智慧家园停车场,新昌县,新昌县演溪路,公共停车场,新昌县城镇物业管理有限公司,173,对外经营,24小时,"停放时间不足45 分钟（含）的，免费；停放时间超过 45 分钟不足 1 小时（含）的，按 2 元/辆.次的标准收取；停放时间超过 1 小时的，超过部
分在 8∶00-17∶00（含）时段内的按每小时 1 元/辆.次的标准
收取（不足 1 小时按 1 小时计算）、在 17∶00-次日 8∶00（含）
时段内的不论停车时间长短均按 3 元/辆.次的标准收取。",启用,120.864162,29.509346,120.865478,29.509824
XC2020050,七星批发市场,新昌县,七星批发市场,公共停车场,新昌县创新智能停车管理有限公司,34,对外开放,7：30~21：00,半小时内免费，超过一小时按每小时3元计费，收费时段：7：30~21：00，包月：250元，包年：2500元,启用,120.881968,29.505719,,
XC2020051,国税局,新昌县,国税局,公共停车场,新昌县创新智能停车管理有限公司,77,对外开放,7：30~21：00,半小时内免费，超过一小时按每小时3元计费，收费时段：7：30~21：00，包月：250元，包年：2500元,启用,120.877094,29.504832,,
XC2020052,杭州银行,新昌县,杭州银行,公共停车场,新昌县创新智能停车管理有限公司,19,对外开放,7：30~21：00,半小时内免费，超过一小时按每小时3元计费，收费时段：7：30~21：00，包月：250元，包年：2500元,启用,120.877031,29.506113,120.587475,29.996925
XC2020053,七星中学,新昌县,七星中学,公共停车场,新昌县创新智能停车管理有限公司,37,对外开放,7：30~21：00,半小时内免费，超过一小时按每小时3元计费，收费时段：7：30~21：00，包月：250元，包年：2500元,启用,120.877231,29.507391,120.877725,29.506525
XC2020054,七星路,新昌县,七星路,公共停车场,新昌县创新智能停车管理有限公司,104,对外开放,7：30~21：00,半小时内免费，超过一小时按每小时3元计费，收费时段：7：30~21：00，包月：250元，包年：2500元,启用,120.87412,29.509919,120.87439,29.507675
XC2020055,演溪路,新昌县,演溪路,公共停车场,新昌县创新智能停车管理有限公司,54,对外开放,7：30~21：00,半小时内免费，超过一小时按每小时3元计费，收费时段：7：30~21：00，包月：250元，包年：2500元,启用,120.869086,29.510532,120.872541,29.511063
XC2020056,锦绣华庭,新昌县,锦绣华庭,公共停车场,新昌县创新智能停车管理有限公司,256,对外开放,7：30~21：00,半小时内免费，超过一小时按每小时3元计费，收费时段：7：30~21：00，包月：250元，包年：2500元,启用,120.883084,29.513182,120.881125,29.512925
XC2020057,西区转盘,新昌县,西区转盘,公共停车场,新昌县创新智能停车管理有限公司,27,对外开放,7：30~21：00,半小时内免费，超过一小时按每小时3元计费，收费时段：7：30~21：00，包月：250元，包年：2500元,启用,120.887335,29.504232,,
XC2020058,新时代广场,新昌县,新时代广场,公共停车场,新昌县创新智能停车管理有限公司,27,对外开放,7：30~21：00,半小时内免费，超过一小时按每小时3元计费，收费时段：7：30~21：00，包月：250元，包年：2500元,启用,120.885466,29.503197,120.886975,29.503725
XC2020059,丽都四季花园,新昌县,丽都四季花园,公共停车场,新昌县创新智能停车管理有限公司,62,对外开放,7：30~21：00,半小时内免费，超过一小时按每小时3元计费，收费时段：7：30~21：00，包月：250元，包年：2500元,启用,120.865953,29.501115,120.862282,29.504548
XC202006,西延路停车场,新昌县,新昌县西延路,公共停车场,新昌县城镇物业管理有限公司,31,对外经营,24小时,"停放时间不足30 分钟（含）的，免费；停放时间超过 30分钟不足 1 小时（含）的，按 3元/辆.次的标准收取；停放时间超过 1 小时的，超过部
分在 8∶00-17∶00（含）时段内的按每小时 2 元/辆.次的标准
收取（不足 1 小时按 1 小时计算）、在 17∶00-次日 8∶00（含）
时段内的不论停车时间长短均按 3 元/辆.次的标准收取。",启用,120.889964,29.502051,,
XC2020060,幸福里小区,新昌县,幸福里小区,公共停车场,新昌县创新智能停车管理有限公司,41,对外开放,7：30~21：00,半小时内免费，超过一小时按每小时3元计费，收费时段：7：30~21：00，包月：250元，包年：2500元,启用,120.865239,29.502045,120.864742,29.502674
XC2020061,体育新村,新昌县,体育新村,公共停车场,新昌县创新智能停车管理有限公司,54,对外开放,7：30~21：00,半小时内免费，超过一小时按每小时3元计费，收费时段：7：30~21：00，包月：250元，包年：2500元,启用,120.873588,29.502207,120.873544,29.502181
XC2020062,金汇广场,新昌县,金汇广场,公共停车场,新昌县创新智能停车管理有限公司,58,对外开放,7：30~21：00,半小时内免费，超过一小时按每小时3元计费，收费时段：7：30~21：00，包月：250元，包年：2500元,启用,120.8671,29.508312,120.866961,29.508786
XC2020063,十九峰景区停车场,新昌县,浙江省新昌县澄潭街道横联村义亩潭十九峰景区,公共停车场,新昌县十九峰景区发展有限公司,750,对外开放,24小时,蓝、黑色和个性化拍照的机动车、黄色拍照机动车中的9座（含）以下客车及拖拉机10元。其余黄色拍照的机动车20元。停放时间不足30分钟(含)的，免费(节假日除外)；停放时间超过30分钟不足12小时（含）的，按上述标准收费；停放时间在12小时以上至24小时（含）的，按上述标准的1.5倍收费；连续停放超过24小时的，超出部分按上述计时收费标准重新计算（免费停放时间30分钟不再重复计算）。但对当天驶入且在8时前驶离停车场的不收费。军车（含武警车辆）、执行任务的警车、消防车、救护车、工程抢险车等免费。,启用,120.804457,29.407124,,
XC202007,鼓山停车场,新昌县,新昌县鼓山公园,公共停车场,新昌县城镇物业管理有限公司,998,对外经营,24小时,"停放时间不足45 分钟（含）的，免费；停放时间超过 45 分钟不足 1 小时（含）的，按 2 元/辆.次的标准收取；停放时间超过 1 小时的，超过部
分在 8∶00-17∶00（含）时段内的按每小时 1 元/辆.次的标准
收取（不足 1 小时按 1 小时计算）、在 17∶00-次日 8∶00（含）
时段内的不论停车时间长短均按 3 元/辆.次的标准收取。",启用,120.895928,29.502719,120.8874,29.504764
XC202008,七星大桥停车场,新昌县,新昌县七星大桥,公共停车场,新昌县城镇物业管理有限公司,86,对外经营,24小时,"停放时间不足45 分钟（含）的，免费；停放时间超过 45 分钟不足 1 小时（含）的，按 2 元/辆.次的标准收取；停放时间超过 1 小时的，超过部
分在 8∶00-17∶00（含）时段内的按每小时 1 元/辆.次的标准
收取（不足 1 小时按 1 小时计算）、在 17∶00-次日 8∶00（含）
时段内的不论停车时间长短均按 3 元/辆.次的标准收取。",启用,120.873104,29.513446,120.873924,29.513564
XC202009,孝行路停车场,新昌县,新昌县孝行路,公共停车场,新昌县城镇物业管理有限公司,38,对外经营,24小时,"停放时间不足45 分钟（含）的，免费；停放时间超过 45 分钟不足 1 小时（含）的，按 2 元/辆.次的标准收取；停放时间超过 1 小时的，超过部
分在 8∶00-17∶00（含）时段内的按每小时 1 元/辆.次的标准
收取（不足 1 小时按 1 小时计算）、在 17∶00-次日 8∶00（含）
时段内的不论停车时间长短均按 3 元/辆.次的标准收取。",启用,120.862117,29.508185,120.862117,29.508185
XC202010,南明路立体停车场,新昌县,新昌县演溪路,公共停车场,新昌县城镇物业管理有限公司,78,对外经营,24小时,"停放时间不足45 分钟（含）的，免费；停放时间超过 45 分钟不足 1 小时（含）的，按 2 元/辆.次的标准收取；停放时间超过 1 小时的，超过部
分在 8∶00-17∶00（含）时段内的按每小时 1 元/辆.次的标准
收取（不足 1 小时按 1 小时计算）、在 17∶00-次日 8∶00（含）
时段内的不论停车时间长短均按 3 元/辆.次的标准收取。",启用,120.909198,29.49637,120.884912,29.512184
a1a7aefd1a7e44f29d1e41b589375eae,新时代广场路段,新昌县,新时代广场路段,公共停车场,新昌县创新智能停车管理有限公司,54,对外开发,24小时,早上7:30到晚上21:00是收费时段。停车不足半小时免费，超过半小时不足1小时为3元/小时。1小时以上3元/小时，不足1小时以1小时为准,启用,120.887286,29.503887,,
a4444baa999c48539c3ef252d19922b8,工农路路段,新昌县,工农路路段,公共停车场,新昌县创新智能停车管理有限公司,23,对外开发,24小时,早上7:30到晚上21:00是收费时段。停车不足半小时免费，超过半小时不足1小时为3元/小时。1小时以上3元/小时，不足1小时以1小时为准,启用,120.905691,29.500362,,
a577d69a6c8a4d8da7257c70c4999bf6,江滨中路路段,新昌县,江滨中路路段,公共停车场,新昌县创新智能停车管理有限公司,30,对外开发,24小时,早上7:30到晚上21:00是收费时段。停车不足半小时免费，超过半小时不足1小时为3元/小时。1小时以上3元/小时，不足1小时以1小时为准,启用,120.907150,29.504097,,
a6920502157244dc823e21bc6aaf7228,人才服务中心旁,新昌县,人才服务中心旁,公共停车场,新昌县创新智能停车管理有限公司,34,对外开发,24小时,早上7:30到晚上21:00是收费时段。停车不足半小时免费，超过半小时不足1小时为3元/小时。1小时以上3元/小时，不足1小时以1小时为准,启用,120.860747,29.510584,,
acf60db9447649a380c8fc93fb17ed3c,天姥路全路段,新昌县,天姥路,公共停车场,新昌县创新智能停车管理有限公司,52,对外开发,24小时,早上7:30到晚上21:00是收费时段。停车不足半小时免费，超过半小时不足1小时为3元/小时。1小时以上3元/小时，不足1小时以1小时为准,启用,120.892991,29.505352,,
b51025123108455db21a93c7acdf62c8,M茗香路,新昌县,M茗香路,公共停车场,新昌县创新智能停车管理有限公司,37,对外开发,24小时,早上7:30到晚上21:00是收费时段。停车不足半小时免费，超过半小时不足1小时为3元/小时。1小时以上3元/小时，不足1小时以1小时为准,启用,120.891311,29.510119,120.895782,29.508066
b89b473617c34815a4bdd6a40c2f4593,新昌大道西,新昌县,新昌大道西,公共停车场,新昌县创新智能停车管理有限公司,120,对外开发,24小时,早上7:30到晚上21:00是收费时段。停车不足半小时免费，超过半小时不足1小时为3元/小时。1小时以上3元/小时，不足1小时以1小时为准,启用,120.915668,29.503007,120.892636,29.513956
c14c2fc9bc1a43a8945f0e197b69e74e,S十九峰路,新昌县,S十九峰路,公共停车场,新昌县创新智能停车管理有限公司,10,对外开发,24小时,早上7:30到晚上21:00是收费时段。停车不足半小时免费，超过半小时不足1小时为3元/小时。1小时以上3元/小时，不足1小时以1小时为准,启用,120.867249,29.508535,120.865392,29.505493
c916a24cb21143d883363c02b3f7837a,F-凤山路,新昌县,"F-凤山路
",公共停车场,新昌县创新智能停车管理有限公司,26,对外开发,24小时,早上7:30到晚上21:00是收费时段。停车不足半小时免费，超过半小时不足1小时为3元/小时。1小时以上3元/小时，不足1小时以1小时为准,启用,120.894811,29.509319,,
ca1fcdbf0bbd4fc78a62036dfbf1b91f,新中花园民生园路段,新昌县,新中花园民生园路段,公共停车场,新昌县创新智能停车管理有限公司,104,对外开发,24小时,早上7:30到晚上21:00是收费时段。停车不足半小时免费，超过半小时不足1小时为3元/小时。1小时以上3元/小时，不足1小时以1小时为准,启用,120.880463,29.504578,,
d4db013cdcee4904a27c09531041fc57,石城路-2路段,新昌县,石城路-2路段,公共停车场,新昌县创新智能停车管理有限公司,80,对外开发,24小时,早上7:30到晚上21:00是收费时段。停车不足半小时免费，超过半小时不足1小时为3元/小时。1小时以上3元/小时，不足1小时以1小时为准,启用,120.892956,29.505530,120.892229,29.502126
d5fe423dcbfd463d8c451e52c0f74401,人民西路牛头岭路段,新昌县,人民西路牛头岭路段,公共停车场,新昌县创新智能停车管理有限公司,33,对外开发,24小时,早上7:30到晚上21:00是收费时段。停车不足半小时免费，超过半小时不足1小时为3元/小时。1小时以上3元/小时，不足1小时以1小时为准,启用,120.892956,29.501127,120.573968,29.996557
d73e056d2c9b405ea337d39a990c6289,胜利路路段,新昌县,胜利路路段,公共停车场,新昌县创新智能停车管理有限公司,15,对外开发,24小时,早上7:30到晚上21:00是收费时段。停车不足半小时免费，超过半小时不足1小时为3元/小时。1小时以上3元/小时，不足1小时以1小时为准,启用,120.905825,29.501683,,
dab6f033197d40c9bbcea48d4617c5a8,横街路段,新昌县,横街路段,公共停车场,新昌县创新智能停车管理有限公司,34,对外开发,24小时,早上7:30到晚上21:00是收费时段。停车不足半小时免费，超过半小时不足1小时为3元/小时。1小时以上3元/小时，不足1小时以1小时为准,启用,120.892956,29.501127,,
dbf878bbc8904624908446c330396a4d,K-康福路,新昌县,K-康福路,公共停车场,新昌县创新智能停车管理有限公司,41,对外开发,24小时,早上7:30到晚上21:00是收费时段。停车不足半小时免费，超过半小时不足1小时为3元/小时。1小时以上3元/小时，不足1小时以1小时为准,启用,120.867140,29.510552,,
dc39e1bc41ef42eeb2f3fe1ac957c3d5,平川路路段,新昌县,平川路路段,公共停车场,新昌县创新智能停车管理有限公司,42,对外开发,24小时,早上7:30到晚上21:00是收费时段。停车不足半小时免费，超过半小时不足1小时为3元/小时。1小时以上3元/小时，不足1小时以1小时为准,启用,120.919147,29.488903,,
dc904b40f27b45e4bbd7baf093edbd76,G-桂苑二路,新昌县,G-桂苑二路,公共停车场,新昌县创新智能停车管理有限公司,14,对外开发,24小时,早上7:30到晚上21:00是收费时段。停车不足半小时免费，超过半小时不足1小时为3元/小时。1小时以上3元/小时，不足1小时以1小时为准,启用,120.881906,29.504405,,
dfc0c2565d4f406ab78456e77e20d7e8,大道中路,新昌县,大道中路,公共停车场,新昌县创新智能停车管理有限公司,89,对外开发,24小时,早上7:30到晚上21:00是收费时段。停车不足半小时免费，超过半小时不足1小时为3元/小时。1小时以上3元/小时，不足1小时以1小时为准,启用,116.409154,39.957472,120.899825,29.508825
e372426501c44efb8f29281d2d013aae,演溪路路段,新昌县,演溪路路段,公共停车场,新昌县创新智能停车管理有限公司,45,对外开发,24小时,早上7:30到晚上21:00是收费时段。停车不足半小时免费，超过半小时不足1小时为3元/小时。1小时以上3元/小时，不足1小时以1小时为准,启用,120.874926,29.511254,,
f12dd567fc9e4795aeb606c93a4e00f5,塔山二路,新昌县,绍兴市新昌县新昌大道西段新昌县塔山,公共停车场,新昌县创新智能停车管理有限公司,26,对外开发,24小时,早上7:30到晚上21:00是收费时段。停车不足半小时免费，超过半小时不足1小时为3元/小时。1小时以上3元/小时，不足1小时以1小时为准,启用,2.359907,112.699443,120.865435,29.51614
f2a4922072e844e1aabae189e216478d,国税局路段,新昌县,国税局路段,公共停车场,新昌县创新智能停车管理有限公司,89,对外开发,24小时,早上7:30到晚上21:00是收费时段。停车不足半小时免费，超过半小时不足1小时为3元/小时。1小时以上3元/小时，不足1小时以1小时为准,启用,120.878510,29.505390,,
f58e7d93ac234217aebb972720b67044,湖滨路-2路段,新昌县,湖滨路-2路段,公共停车场,新昌县创新智能停车管理有限公司,86,对外开发,24小时,早上7:30到晚上21:00是收费时段。停车不足半小时免费，超过半小时不足1小时为3元/小时。1小时以上3元/小时，不足1小时以1小时为准,启用,120.914646,29.489459,120.493539,30.061077
f7c03d2cd9694fcea86fe54a9be7ba19,泰坦大道路段,新昌县,泰坦大道路段,公共停车场,新昌县创新智能停车管理有限公司,70,对外开发,24小时,早上7:30到晚上21:00是收费时段。停车不足半小时免费，超过半小时不足1小时为3元/小时。1小时以上3元/小时，不足1小时以1小时为准,启用,120.856320,29.501104,,
"XC2020022
","大佛寺文化旅游区停车场
","新昌县
","人民西路117号
","公共停车场
","大佛寺文化旅游区
",90,"对外开放
","24小时
","8:00-17:00,超过半小时收费20；17:00-8:00，超过半小时收费5元
","启用
","东经120°53’11‘’
","北纬29°30‘15’‘
",,
047cdf25b0a148eea0590851f4f5264b,冀祥国际停车场,柯桥区,柯桥区湖东路与绸缎路交汇处冀祥国际,公共停车场,,137,对外开放,24小时,"30分钟内(含30分钟)免费
30分钟-2小时:5元/辆/次
2小时-4小时:10元/辆/次
4小时-6小时:15元/辆/次
6小时-8小时:20元/辆/次
8小时-24小时:20元/辆/次
超过24小时的，超过部分按上述计时收费标准重新计算",启用,120.512096,30.102435,120.512056,30.101955
1,万和丽都停车位,柯桥区,华齐路-钱陶公路，湖东路东侧人行道里面,公共停车场,,40,对外开放,全天,未知,启用,120.51289167798,30.092324235882,120.512782,30.093529
10,纳尼亚花园酒店停车场,柯桥区,迎驾桥路-华齐路，湖中路东侧（人行道）,公共停车场,,96,对外开放,全天,未知,启用,120.50902488671,30.099229425619,120.87836,30.018024
100,鉴湖路，柯福路-金柯桥大道停车位,柯桥区,柯福路-金柯桥大道,公共停车场,,38,对外开放,全天,未知,启用,120.48604331165,30.070505529454,120.495235,30.079631
101,港越路辅车道公共停车位,柯桥区,笛扬路-金柯桥大道,公共停车场,,119,对外开放,全天,未知,启用,120.48545444181,30.068603867218,120.496311,30.080764
102,山阴路凯丽商务酒店门口停车位,柯桥区,山阴路,公共停车场,,18,对外开放,全天,未知,启用,120.48655030387,30.076803745419,,
103,山阴路，笛扬路--明珠路停车位,柯桥区,笛扬路-明珠路,公共停车场,,21,对外开放,全天,未知,启用,120.48932943328,30.075874605137,120.490536,30.07477
104,"山阴路,明珠路-金柯桥大道停车位",柯桥区,明珠路-金柯桥大道,公共停车场,,21,对外开放,全天,未知,启用,120.4909122185,30.075224539815,120.492536,30.078161
105,鉴湖路，育才路-笛扬路停车位,柯桥区,育才路-笛扬路,公共停车场,,24,对外开放,全天,未知,启用,120.48041920621,30.073658852641,120.493223,30.088046
106,鉴湖路，笛扬路-明珠路停车位,柯桥区,笛扬路-明珠路,公共停车场,,15,对外开放,全天,未知,启用,120.48523590532,30.071089275397,120.490536,30.07477
107,鉴湖路，明珠路-金柯桥大道停车位,柯桥区,明珠路-金柯桥大道,公共停车场,,14,对外开放,全天,未知,启用,120.48843424499,30.069453851354,120.492536,30.078161
108,金永泰大酒店旁边停车位,柯桥区,鉴湖路-育才路口,公共停车场,,25,对外开放,全天,未知,启用,120.47779534369,30.074722641884,120.478094,30.074976
109,山阴路，育才路--笛扬路停车位,柯桥区,育才路-笛扬路,公共停车场,,43,对外开放,全天,未知,启用,120.48233699703,30.078829104542,120.475773,30.062439
11,鲁越人家大酒店停车场,柯桥区,湖中路-湖东路，华齐路北侧,公共停车场,,163,对外开放,全天,未知,启用,120.51077953032,30.096934009277,120.510256,30.096943
110,中医院外围车位,柯桥区,笛扬路-山阴路,公共停车场,,68,对外开放,全天,未知,启用,120.48565965446,30.076873540144,120.463935,30.087255
111,中医院停车场,柯桥区,笛扬路-山阴路,公共停车场,,250,对外开放,全天,未知,启用,120.48403564273,30.075505760318,120.827335,29.585693
112,金苹果足浴城外围车位,柯桥区,笛扬路,公共停车场,,38,对外开放,全天,未知,启用,120.48289794614,30.073260585659,,
113,明珠广场文化馆停车场,柯桥区,金柯桥大道西侧明珠广场,公共停车场,,81,对外开放,全天,未知,启用,120.49464863575,30.077259521896,120.495085,30.080032
114,图书馆停车位,柯桥区,图书馆前人行道,公共停车场,,7,对外开放,全天,未知,启用,120.49188035331,30.077840190855,,
1144136ea68d41aea5135cde9581874b,坂湖公园钱陶公路1号停车场,柯桥区,柯桥区钱陶公路坂湖公园钱陶公路1号停车场,公共停车场,,88,对外开放,24小时,"24小时收费
15分钟以内(含15分钟)不收费
4小时内5元；4-8小时10元；8-12小时15元；24小时最高限价20元
停车时间以4小时（含)为一次,不足4小时按4小时计，依次类推，封顶20元 
超过24小时停放重新计时收费",启用,120.472271,30.100774,120.472563,30.100758
115,博物馆停车位,柯桥区,博物馆周边,公共停车场,,28,对外开放,全天,未知,启用,120.49229078318,30.07714466616,,
116,博物馆南侧停车场,柯桥区,博物馆南侧,公共停车场,,35,对外开放,全天,未知,启用,120.49137775456,30.077916785308,,
117,笛扬路广厦公寓外停车位,柯桥区,震之堂前人行道上,公共停车场,,12,对外开放,全天,未知,启用,120.48630018506,30.077602324904,,
118,笛扬路管宁小区前停车位,柯桥区,震之堂至管宁小区门前人行道,公共停车场,,25,对外开放,全天,未知,启用,120.48713055011,30.078818834331,,
119,笛扬路世纪联华超市停车位,柯桥区,世纪联华超市至新江桥旁人行道,公共停车场,,31,对外开放,全天,未知,启用,120.48822023407,30.080125975198,,
12,红星美凯龙西门停车场,柯桥区,华齐路-迎驾桥路，金柯桥大道东侧,公共停车场,,107,对外开放,全天,未知,启用,120.50508297759,30.099914416435,120.876137,30.031482
120,群贤路王子宴会对面停车场,柯桥区,新开河北侧公园（笛扬-育才）,公共停车场,,11,对外开放,全天,未知,启用,120.48648557199,30.083230107163,,
121,群贤路中和公园旁停车场,柯桥区,育才路-越仕路,公共停车场,,28,对外开放,全天,未知,启用,120.48176793746,30.085836667149,120.478704,30.075922
122,群贤篮球场前停车位,柯桥区,柯华路-越仕路 （群贤游泳池边上）,公共停车场,,34,对外开放,全天,未知,启用,120.48068542242,30.086886517771,120.57193,29.9786
123,群贤路北侧区公园停车场,柯桥区,笛扬路-金柯桥大道（区政府东侧金柯桥大道与群贤路交叉口）,公共停车场,,100,对外开放,全天,未知,启用,120.49538783311,30.080267804912,120.593031,30.064265
124,群贤北侧区政府旁停车场,柯桥区,笛扬路-金柯桥大道,公共停车场,,0,对外开放,全天,未知,启用,120.49536197065,30.080369463939,120.470309,30.093016
125,黄社溇路路上停车场,柯桥区,笛扬路-县府（天虹商场北侧）,公共停车场,,43,对外开放,全天,未知,启用,120.49214146659,30.084158758211,120.495085,30.080032
126,黄社溇路路上停车位,柯桥区,育才路-笛扬路（兴越东区南侧马路）,公共停车场,,50,对外开放,全天,未知,启用,120.4876742865,30.085912327436,120.486216,30.089122
127,黄社溇路人行道上停车位,柯桥区,育才路-笛扬路（领先国际北侧人行道）,公共停车场,,49,对外开放,全天,未知,启用,120.48578543884,30.086511190397,120.485842,30.086471
128,昌隆•都市春天商业中心停车位,柯桥区,笛扬与兴越路交叉口,公共停车场,,0,对外开放,全天,未知,启用,120.4908676105,30.087994341255,120.491561,30.087454
129,兴越农贸市场停车位,柯桥区,育才路-笛扬路,公共停车场,,50,对外开放,全天,未知,启用,120.48915963558,30.088108276473,120.493223,30.088046
13,红星美凯龙北门停车场,柯桥区,湖中路-金柯桥大道迎驾桥路南侧,公共停车场,,42,对外开放,全天,未知,启用,120.5064802639,30.100405268902,120.873183,30.033827
130,兴越南区外人行道停车位,柯桥区,兴越路南侧,公共停车场,,0,对外开放,全天,未知,启用,120.48664541804,30.089018375842,120.485295,30.088143
131,裕民路华宇天庭外停车位,柯桥区,笛扬路-温渎路,公共停车场,,0,对外开放,全天,未知,启用,120.4962491769,30.090863355338,120.496631,30.088527
132,国贸大厦外停车场,柯桥区,钱陶公路-裕民路,公共停车场,,40,对外开放,全天,未知,启用,120.49924376694,30.091798735979,,
133,万国中心外停车位,柯桥区,钱陶公路-裕民路,公共停车场,,100,对外开放,全天,未知,启用,120.50062708139,30.092033402081,120.50108,30.093773
134,永利大厦外A座停车场,柯桥区,钱陶公路-裕民路,公共停车场,,600,对外开放,全天,未知,启用,120.50114366432,30.093589052135,120.50108,30.093773
135,永利大厦外B座停车场,柯桥区,钱陶公路（金柯桥大道-笛扬路）,公共停车场,,0,对外开放,全天,未知,启用,120.49895258049,30.09394400974,120.504637,30.093883
136,轻纺城坯布市场停车场,柯桥区,华齐路北（金柯桥大道-笛扬路）,公共停车场,,0,对外开放,全天,未知,启用,120.50364109753,30.098696343802,120.505457,30.099787
137,轻纺城体育场中心停车场,柯桥区,华齐路南（金柯桥大道-笛扬路）,公共停车场,,315,对外开放,全天,未知,启用,120.50051052365,30.09895797906,120.504637,30.093883
138,蓝天商业广场地上停车场,柯桥区,群贤路与笛扬路交叉口,公共停车场,,68,对外开放,全天,未知,启用,120.49059691414,30.082308301177,120.481853,30.090102
139,兴越路停车场,柯桥区,兴越路与金柯桥大道交叉口,公共停车场,,58,对外开放,全天,未知,启用,120.49753396561,30.085297048856,120.505265,30.083338
14,迎驾桥南侧停车场,柯桥区,金柯桥大道-湖中路,公共停车场,,28,对外开放,全天,未知,启用,120.50673107618,30.100438958443,120.505457,30.099787
140,大转盘土菜馆门口停车位,柯桥区,柯华路与鉴湖路交叉口人行道上,公共停车场,,25,对外开放,全天,未知,启用,120.4831011873,30.061733559318,120.471022,30.078479
141,鉴湖路南侧建设银行前停车位,柯桥区,鉴湖路与育才路交叉口建设银行门口人行道上,公共停车场,,9,对外开放,全天,未知,启用,120.47727604522,30.074765967315,120.485139,30.071076
142,育才路上海银行门口停车位,柯桥区,育才路与鉴湖路交叉口上海银行门口人行道上,公共停车场,,24,对外开放,全天,未知,启用,120.47748229065,30.074915439195,120.482583,30.081774
143,育才路，鉴湖路至万商路停车位,柯桥区,鉴湖路至万商路车行道上,公共停车场,,16,对外开放,全天,未知,启用,120.47687836638,30.074240058409,120.480332,30.067993
144,育才路东侧停车位,柯桥区,鉴湖路至万商路之间车行道上,公共停车场,,14,对外开放,全天,未知,启用,120.47703887946,30.073425406561,120.480332,30.067993
145,鉴湖路南侧车行道停车位,柯桥区,育才路至浙纤路之间车行道上,公共停车场,,30,对外开放,全天,未知,启用,120.47812323862,30.074337876226,120.479344,30.071359
146,鉴湖路南侧人行道停车位,柯桥区,育才路至浙纤路之间人行道上,公共停车场,,24,对外开放,全天,未知,启用,120.47769615907,30.074546841261,120.482328,30.072339
147,万商路北侧停车位,柯桥区,育才路至车站路之间人行道上,公共停车场,,44,对外开放,全天,未知,启用,120.47350890457,30.072397865418,120.472059,30.071507
148,零头布市场门口收费停车场,柯桥区,柯华路东侧（山阴路-鉴湖路）,公共停车场,,150,对外开放,全天,未知,启用,120.47413290518,30.080128345926,120.87821,30.02456
149,柯华路与群贤路交叉口停车位,柯桥区,人行道上,公共停车场,,50,对外开放,全天,未知,启用,120.47970856784,30.087902466472,120.479614,30.088048
15,红星美凯龙东门停车场,柯桥区,华齐路-迎驾桥路，金柯桥大道东侧,公共停车场,,8,对外开放,全天,未知,启用,120.50508297759,30.099914416435,120.879125,30.011075
150,山阴路，柯华路至中泽路停车位,柯桥区,柯华路至中泽路车行道上,公共停车场,,10,对外开放,全天,未知,启用,120.47152478169,30.077327247906,120.474925,30.078466
151,中泽路收费停车场,柯桥区,中泽路东侧,公共停车场,,35,对外开放,全天,未知,启用,120.47673011958,30.080635517339,,
152,山阴路，中泽路至育才路停车位,柯桥区,中泽路至育才路车行道上,公共停车场,,27,对外开放,全天,未知,启用,120.47539094609,30.075696121019,120.481806,30.080494
153,育才路中国银行门口停车位,柯桥区,育才路与鉴湖路交叉口中国银行门口人行道上,公共停车场,,18,对外开放,全天,未知,启用,120.47707807837,30.075013583485,120.477904,30.074871
154,柯华路事业单位限时开放停车场,柯桥区,鉴湖路-万商路,公共停车场,,40,对外开放,全天,未知,启用,120.46858075287,30.077238101155,120.485619,30.096014
155,育才路东侧停车场,柯桥区,育才路与万商路交叉口交通银行门口人行道上,公共停车场,,14,对外开放,全天,未知,启用,120.47469999716,30.071601752211,120.158888,29.887678
156,万商路，浙纤路至育才路停车位,柯桥区,浙纤路至育才路之间人行道上,公共停车场,,7,对外开放,全天,未知,启用,120.4777458371,30.070341882146,120.481806,30.080494
157,浪琴公馆售楼处门口停车位,柯桥区,车站路至柯华路浪琴公馆售楼处门口人行道上,公共停车场,,10,对外开放,全天,未知,启用,120.46961875009,30.074738005012,,
158,柯华路东侧事业单位开放停车场,柯桥区,鉴湖路至山阴路之间,公共停车场,,40,对外开放,全天,未知,启用,120.471426285,30.078529241407,120.485619,30.096014
159,柯华路东侧色港湾洗浴中心停车位,柯桥区,鉴湖路至山阴路之间金色港湾洗浴中心门口人行道上,公共停车场,,22,对外开放,全天,未知,启用,120.47048617989,30.078423401259,,
16,建材市场南门停车场,柯桥区,金柯桥大道-湖中路，钱陶公路北侧,公共停车场,,76,对外开放,全天,未知,启用,120.5063533331,30.093687467976,120.776785,30.047974
160,柯华路东侧停车位,柯桥区,鉴湖路至山阴路之间车行道上,公共停车场,,15,对外开放,全天,未知,启用,120.47125107313,30.078807746237,120.463935,30.087255
161,柯华路西侧停车位,柯桥区,裕民路至兴越路之间之江学院门口人行道上,公共停车场,,35,对外开放,全天,未知,启用,120.48372795799,30.091633842564,120.481194,30.091915
162,同乐鹅庄门口停车位,柯桥区,大坂风情与柯华路交叉口人行道上,公共停车场,,40,对外开放,全天,未知,启用,120.48211917127,30.090027398826,120.570489,30.002224
163,坂湖明珠门口停车位,柯桥区,柯华路西侧人行道上,公共停车场,,80,对外开放,全天,未知,启用,120.47571488822,30.082382581844,120.478394,30.087441
164,柯华路西侧彩虹桥门口停车位,柯桥区,彩虹桥门口人行道上,公共停车场,,41,对外开放,全天,未知,启用,120.47417918993,30.080584133301,,
165,笛扬路东侧，兴越路-人和路停车位,柯桥区,兴越路-人和路,公共停车场,,82,对外开放,全天,未知,启用,120.49316229939,30.088544785568,120.496631,30.088527
166,笛扬路东侧，笛扬路与裕民路停车位,柯桥区,笛扬路与裕民路交叉口,公共停车场,,85,对外开放,全天,未知,启用,120.49460676409,30.091122908956,120.492779,30.089769
167,中国建设银行（笛扬路人行道）停车位,柯桥区,人利路-裕民路,公共停车场,,43,对外开放,全天,未知,启用,120.49513193298,30.092063858352,120.475773,30.062439
168,星程酒店周围停车位,柯桥区,笛扬路与裕民路交叉口,公共停车场,,40,对外开放,全天,未知,启用,120.49519264495,30.092673656987,120.825781,29.567424
169,新华书店门前人行道停车位,柯桥区,笛扬路与裕民路交叉口,公共停车场,,7,对外开放,全天,未知,启用,120.49475908807,30.092684868384,120.873175,29.498525
17,沃德酒店地上停车场,柯桥区,金柯桥大道-湖中路，钱陶公路北侧,公共停车场,,52,对外开放,全天,未知,启用,120.5077049442,30.093957837981,120.479743,30.038728
170,喜悦酒店地上停车场,柯桥区,笛扬路与裕民路交叉口（笛扬路西侧）,公共停车场,,87,对外开放,全天,未知,启用,120.49306360734,30.090769607126,120.538151,30.102521
171,中海国际地面停车场,柯桥区,兴越路-裕民路（笛扬路西侧）,公共停车场,,73,对外开放,全天,未知,启用,120.49189894235,30.088755256517,120.492913,30.088533
172,蓝天市心广场停车位,柯桥区,兴越路-黄社溇路（笛扬路西侧）,公共停车场,,105,对外开放,全天,未知,启用,120.49049841906,30.087043628642,120.490258,30.084846
173,富丽华大酒店地面停车场,柯桥区,黄社溇路与笛扬路交叉口西侧,公共停车场,,154,对外开放,全天,未知,启用,120.48950127323,30.084668142273,120.489271,30.085223
174,华联国际商贸城停车位,柯桥区,群贤路-黄社溇路（笛扬路西侧人行道）,公共停车场,,246,对外开放,全天,未知,启用,120.48975217857,30.082975293549,120.489334,30.084578
175,沃德酒店地下停车场,柯桥区,钱陶公路入口,公共停车场,,10,对外开放,全天,未知,启用,120.50770501362,30.093613855293,120.510428,30.092546
176,家纺市场停车场,柯桥区,金柯桥大道入口,公共停车场,,900,对外开放,全天,未知,启用,120.50598103151,30.097238295279,,
177,万达广场停车场,柯桥区,湖中路东入口,公共停车场,,992,对外开放,全天,未知,启用,120.50849509617,30.094481761598,120.875968,29.504646
178,迎驾桥入口，红星美凯龙停车场,柯桥区,迎驾桥入口,公共停车场,,300,对外开放,全天,未知,启用,120.50648027183,30.100390270882,,
179,轻纺城大酒店停车场,柯桥区,鉴湖路入口,公共停车场,,30,对外开放,全天,未知,启用,120.49242011309,30.067928406718,120.482702,30.072422
18,建材市场东门停车位,柯桥区,华齐路-钱陶公路，湖中路西侧,公共停车场,,28,对外开放,全天,未知,启用,120.5074163499,30.093726406056,120.413475,30.129875
180,世贸中心停车场,柯桥区,钱陶公路入口,公共停车场,,189,对外开放,全天,未知,启用,120.50355941787,30.091576330245,120.503677,30.093159
181,天马商务楼停车场,柯桥区,鉴湖路入口,公共停车场,,43,对外开放,全天,未知,启用,120.49368988115,30.067458440709,,
182,清竹院停车场,柯桥区,百花路入口,公共停车场,,100,对外开放,全天,未知,启用,120.49760499384,30.075466022986,,
183,北岸公园停车场,柯桥区,群贤路南入口,公共停车场,,90,对外开放,全天,未知,启用,120.50322021706,30.076219183358,120.470309,30.093016
184,银马公寓小区停车场,柯桥区,群贤路北入口,公共停车场,,139,对外开放,全天,未知,启用,120.50047168626,30.078812104272,120.495085,30.080032
185,联合市场停车场,柯桥区,金柯桥大道-湖西路，104国道北侧联合市场停车场,公共停车场,,150,对外开放,全天,未知,启用,120.49054046605,30.059187311675,120.487637,30.059342
186,中国轻纺城展示中心停车场,柯桥区,金柯桥大道-湖西路，104国道北侧中国轻纺城展示中心地下停车场,公共停车场,,258,对外开放,全天,未知,启用,120.49454795007,30.074303731021,120.487637,30.059342
187,北七区云集路停车场,柯桥区,云集路,公共停车场,,138,对外开放,全天,未知,启用,120.49306856058,30.06214764418,,
187981c4afc44bdfb13afb140eaf240c,坂湖公园钱陶公路3号停车场,柯桥区,柯桥区钱陶公路与龙泽路交叉口西50米,公共停车场,,27,对外开放,24小时,"24小时收费
15分钟以内(含15分钟)不收费
4小时内5元；4-8小时10元；8-12小时15元；24小时最高限价20元
停车时间以4小时（含)为一次,不足4小时按4小时计，依次类推，封顶20元 
超过24小时停放重新计时收费",启用,120.475388,30.099414,120.475596,30.099395
188,冠城国际商业中心鑫永涛超市停车场,柯桥区,彪佳路北侧，柯岩大道至金柯桥大道,公共停车场,,100,对外开放,全天,未知,启用,120.4844571152,30.060909278393,120.487637,30.059342
189,东升路A区地下东门停车场,柯桥区,东升路,公共停车场,,341,对外开放,全天,未知,启用,120.4844497412,30.061517397737,120.482045,30.064015
19,亲馨嘉园停车场,柯桥区,迎驾桥路-华齐路，双渎路东侧,公共停车场,,112,对外开放,全天,未知,启用,120.51833629411,30.098560590168,120.599947,30.022305
190,鱼得水大酒店地下停车场,柯桥区,东升路,公共停车场,,79,对外开放,全天,未知,启用,120.48314748164,30.063051024239,120.483469,30.06341
191,针织面料市场北3门地下停车场,柯桥区,东升路,公共停车场,,102,对外开放,全天,未知,启用,120.48523553753,30.062223235902,,
192,老市场地下停车场,柯桥区,东升路,公共停车场,,272,对外开放,全天,未知,启用,120.4830407549,30.062250510211,,
193,东升路市场B区停车场,柯桥区,东升路,公共停车场,,258,对外开放,全天,未知,启用,120.48153134037,30.063010429562,120.483469,30.06341
194,万商路锦麟天地地下停车场,柯桥区,笛扬路-浙纤路,公共停车场,,60,对外开放,全天,未知,启用,120.47911882639,30.069679469404,120.479344,30.071359
195,锦麟天地名苑地下停车场,柯桥区,笛扬路-浙纤路,公共停车场,,120,对外开放,全天,未知,启用,120.47919694281,30.070950670616,120.479344,30.071359
196,蓝天商业中心地下停车场,柯桥区,群贤路与笛扬路交叉口,公共停车场,,412,对外开放,全天,未知,启用,120.49042172592,30.083364668426,120.490627,30.082467
197,世纪联华停车场,柯桥区,笛扬路（山阴-群贤）管宁小区入口,公共停车场,,40,对外开放,全天,未知,启用,120.48649909444,30.07979083918,,
198,越隆大厦停车场,柯桥区,黄社溇路北侧小路入口,公共停车场,,105,对外开放,全天,未知,启用,120.49333598498,30.084169696107,120.493328,30.084266
199,开元曼居酒店停车场,柯桥区,黄社溇路北侧小路入口,公共停车场,,40,对外开放,全天,未知,启用,120.49186847709,30.085098792873,120.24509,29.666015
1d7aa225cbc74b52a688fe73abd7b200,金汇大厦停车场,柯桥区,柯桥区温渎路161号金汇大厦,公共停车场,,90,对外开放,24小时,"30分钟内(含30分钟)免费
30分钟至-4小时(含4小时)：5元/辆/次
4小时至-10小时(含10小时)：10元/辆/次
10小时至-13小时(含13小时)：15元/辆/次
13小时至-17小时(含17小时)：20元/辆/次
17-24小时:25元/辆/次
停车超过24小时的，超过部分按上述计时收费标准重新计算",启用,120.496851,30.08853,120.497438,30.088475
2,万达中心名宅停车场,柯桥区,湖中路-湖东路，华齐路南侧人行道里面,公共停车场,,9,对外开放,全天,未知,启用,120.50881282374,30.097016612831,120.508845,30.097286
20,轻纺城小学新校址停车场,柯桥区,华齐路-迎驾桥路，双渎路东侧,公共停车场,,19,对外开放,全天,未知,启用,120.51901293702,30.097265265558,120.853562,30.053791
200,时代广场停车场,柯桥区,金柯桥辅道（裕民-兴越路）,公共停车场,,423,对外开放,全天,未知,启用,120.49939624882,30.089280209096,120.499048,30.088391
201,轻纺城游泳馆内体育中心停车场,柯桥区,华齐路入口,公共停车场,,121,对外开放,全天,未知,启用,120.49541808367,30.10057005811,,
202,万国中心停车场,柯桥区,钱陶公路-裕民路,公共停车场,,400,对外开放,全天,未知,启用,120.500269398,30.093190407857,120.500553,30.092142
204,华鑫大厦（星程酒店）停车场,柯桥区,笛扬路裕民路交叉口,公共停车场,,64,对外开放,全天,未知,启用,120.49518467366,30.092661549804,120.496589,30.092219
205,天马君澜大酒店停车场,柯桥区,笛扬路与裕民路交叉口（笛扬路西侧）,公共停车场,,115,对外开放,全天,未知,启用,120.49372452017,30.091744637783,120.492717,30.091874
206,喜悦酒店地下停车场,柯桥区,笛扬路与裕民路交叉口（笛扬路西侧）,公共停车场,,97,对外开放,全天,未知,启用,120.49300280647,30.090327888116,120.240642,29.711696
207,中海国际地下停车场,柯桥区,兴越路-裕民路（笛扬路西侧）,公共停车场,,198,对外开放,全天,未知,启用,120.49295695066,30.089721346559,120.492779,30.089769
208,蓝天市心广场地下停车场,柯桥区,黄社溇路-兴越路（笛扬路西侧）,公共停车场,,370,对外开放,全天,未知,启用,120.48971503944,30.085710137883,120.492315,30.08464
209,银泰购物中心停车场,柯桥区,黄社溇路-兴越路（笛扬路东侧）,公共停车场,,236,对外开放,全天,未知,启用,120.49322984655,30.086468539604,120.490258,30.084846
21,徐生记外婆菜门口停车场,柯桥区,华齐路-钱陶公路，湖东路西侧,公共停车场,,25,对外开放,全天,未知,启用,120.51286823962,30.095132669854,120.875968,29.504646
22,万达广场东侧停车场,柯桥区,华齐路-钱陶公路，湖东路西侧,公共停车场,,22,对外开放,全天,未知,启用,120.51315736395,30.092834210505,120.512782,30.093529
224071ffc88f455caa980abb477d23fb,瓜渚湖北岸公园停车场,柯桥区,柯桥区湖中路与群贤路交汇处北岸公园,公共停车场,,115,对外开放,24小时,"小车:15分钟内免费；4小时内5元；4-8小时:10元；8-12小时:15元；24小时限价:20元
大车:15分钟内免费；4小时内10元；4-8小时20元；8-12小时30元；24小时限价30元
停车时间以4小时(含)为一次不足4小时按4小时计算，依次类推，封顶30元
超过24小时停放重新计费",启用,120.502875,30.076368,120.502709,30.076224
23,万达小区南门停车场,柯桥区,湖中路-湖东路（无名小路）,公共停车场,,80,对外开放,全天,未知,启用,120.51287620062,30.095138819196,,
24,万达广场西侧停车场,柯桥区,华齐路-钱陶公路，湖中路东侧,公共停车场,,68,对外开放,全天,未知,启用,120.50949771661,30.092480886576,120.510428,30.092546
25,龙景嘉苑停车位,柯桥区,镜水路-双渎路，华齐路南北侧,公共停车场,,260,对外开放,全天,未知,启用,120.52135307532,30.095125679844,120.505912,30.097377
26,迎驾小区停车位,柯桥区,湖中路-湖东路，华齐路北侧,公共停车场,,620,对外开放,全天,未知,启用,120.50995114216,30.099951954328,120.50264,30.098363
27,绍兴启辰停车位,柯桥区,湖东路-双渎路，钱陶公路北侧,公共停车场,,20,对外开放,全天,未知,启用,120.5171522813,30.09137033218,120.510428,30.092546
28,蝶庄南门停车位,柯桥区,双渎路-湖东路，裕民路北侧道路上,公共停车场,,20,对外开放,全天,未知,启用,120.51555707357,30.0861935887,120.508746,30.088062
29,蝶庄南停车位,柯桥区,双渎路-湖东路，裕民路北侧蝶庄门口人行道里,公共停车场,,12,对外开放,全天,未知,启用,120.51501859265,30.086486753167,120.508746,30.088062
2bd5e00cabf4431aa65b9c8a4274e27b,玉兰国际停车场,柯桥区,柯桥区湖东路1108号玉兰国际写字楼,公共停车场,,105,对外开放,24小时,"半小时以内(含半小时)免费
半小时至6小时内收费5元，依次累加
每24小时收费不超过20元，超过2小时按收费标准。累加收费",启用,120.5073,30.076382,120.507441,30.076509
2cb0ad05587244aeac10c23ed92bcb05,促进大厦停车场,柯桥区,柯桥区湖东路与绸缎路交汇处促进大厦,公共停车场,,70,对外开放,24小时,"停车半小时免费
2小时以内5元
2-4小时(含4小时)10元
4-6小时(含6小时)15元
6-24小时20元",启用,120.512702,30.104046,120.512816,30.104073
30,迎丰小区东门停车场,柯桥区,裕民路-钱陶公路，湖中路西侧,公共停车场,,134,对外开放,全天,未知,启用,120.51270256966,30.087799677027,120.510428,30.092546
30993d32031d47cbb98b4d14ae0a6443,蓝天商业停车场,柯桥区,柯桥区笛扬路蓝天商业中心,公共停车场,,800,对外开放,24小时,"0.5小时内(含)免费
0.5-3小时内（含):5元/辆/次
3-4小时内(含):10元/辆次/次
4-8小时内(含)：15元/辆/次
8-12小时内(含)：20元/辆/次
12-24小时内(含)：30元/辆/次
超过24小时累计收费",启用,120.490751,30.082343,120.495085,30.080032
31,华齐路北侧，红星美凯龙东门停车场,柯桥区,金柯桥大道-湖中路，华齐路北侧,公共停车场,,60,对外开放,全天,未知,启用,120.50711076516,30.099530191213,120.505457,30.099787
32,装饰材料市场停车场,柯桥区,华齐路-钱陶公路，湖中路西侧,公共停车场,,133,对外开放,全天,未知,启用,120.50660394589,30.094663101371,120.503712,30.094622
33,北联窗帘布艺市场南门停车场,柯桥区,金柯桥大道-湖滨路，运河路灯杆号Y20161北侧五米,公共停车场,,1190,对外开放,全天,未知,启用,120.49184250041,30.060594226179,,
34,运河路北市场八区停车位,柯桥区,金柯桥大道-湖滨路，运河路灯杆号Y20172北侧,公共停车场,,105,对外开放,全天,未知,启用,120.48818328188,30.062715312997,,
35,北联窗帘布艺市场西侧停车场,柯桥区,万商路-运河路，无名路上运河路灯杆号Y20162北侧十米路边的停车位,公共停车场,,63,对外开放,全天,未知,启用,120.48818328188,30.062715312997,,
36,新亚大酒店停车场,柯桥区,新亚大酒店附近,公共停车场,,30,对外开放,全天,未知,启用,120.48943187461,30.061932560077,120.586455,29.996092
37,虹桥宾馆停车场,柯桥区,金柯桥大道-湖滨路，虹桥宾馆停车场,公共停车场,,38,对外开放,全天,未知,启用,120.49110985154,30.058038794959,120.58275,29.985856
38,云集路，湖东路-湖西路停车位,柯桥区,湖东路-湖西路段,公共停车场,,54,对外开放,全天,未知,启用,120.4921711708,30.062152248746,120.496571,30.073459
39,服装市场停车位,柯桥区,云集路鞋革城后方，湖西路-湖东路段,公共停车场,,130,对外开放,全天,未知,启用,120.49963275878,30.057838040172,,
4,中国轻纺城家纺市场停车场,柯桥区,湖中路-金柯桥大道，华齐路南侧,公共停车场,,19,对外开放,全天,未知,启用,120.50512978344,30.097681512137,120.87381,30.033662
40,服装市场南门停车场,柯桥区,云集路，湖东路-湖西路段,公共停车场,,25,对外开放,全天,未知,启用,120.49877409882,30.057734263784,120.504532,30.143109
40316465c69847f19f1a1e2c5792c6f7,旺角中心停车场,柯桥区,柯桥区湖西路792号附近,公共停车场,,170,对外开放,24小时,"临时停车:45分钟(含45分钟)免费
45分钟至3小时(含3小时)5元/辆/次
3小时至7小时(含7小时)10元/辆/次
7小时至12小时(含7小时)15元/辆/次
12小时至24小时(含24小时)20元/辆/次
中小型车停车超过24小时，超过部分按上述计时收费标准重新收费",启用,120.49751,30.075807,120.497628,30.075557
41,湖东路，云集路-104国道段停车位,柯桥区,云集路-104国道段,公共停车场,,19,对外开放,全天,未知,启用,120.49965398631,30.056168994247,120.847085,29.751809
41269cced3f3427d84a4a77d09c36ff5,中国轻纺城家纺市场停车场,柯桥区,柯桥区金柯桥大道1639号,公共停车场,,1400,对外开放,24小时,"2小时以内免费
之后，每6小时为1个计费周期增收5元，依此类推
当日封顶15元，次日按标准重新计费",启用,120.503653,30.095404,120.503751,30.095545
42,耶溪路，双梅路-镜水路停车位,柯桥区,双梅路-镜水路段,公共停车场,,91,对外开放,全天,未知,启用,120.51399048498,30.061328634279,120.521329,30.069127
43,耶溪路北侧人行道停车位,柯桥区,双梅路-镜水路段,公共停车场,,9,对外开放,全天,未知,启用,120.514772808,30.061280103812,120.530692,30.056672
44,绿洲路停车位,柯桥区,百舸路-镜水路段,公共停车场,,21,对外开放,全天,未知,启用,120.51006067917,30.058005687891,120.521504,30.068623
45,农贸市场停车位,柯桥区,双梅路-镜水路段,公共停车场,,32,对外开放,全天,未知,启用,120.51302640778,30.061730709731,120.521504,30.068623
46,轻纺大厦停车位,柯桥区,湖西路，万商路-港越路段,公共停车场,,170,对外开放,全天,未知,启用,120.49163998408,30.063489718896,120.487611,30.066536
47,鉴湖路人行道停车位,柯桥区,金柯桥大道-湖西路段,公共停车场,,37,对外开放,全天,未知,启用,120.49195640005,30.06790819143,120.482328,30.072339
48,鉴湖路车行道停车位,柯桥区,金柯桥大道-湖西路段,公共停车场,,9,对外开放,全天,未知,启用,120.48667246163,30.067304667909,120.496311,30.080764
49,湖西路车行道停车位,柯桥区,万商路-港越路段,公共停车场,,10,对外开放,全天,未知,启用,120.49206657678,30.064257579758,120.49456,30.068161
5,中国轻纺城服装市场停车场-进口,柯桥区,华齐路—钱陶公路，金柯桥大道东侧,公共停车场,,130,对外开放,全天,未知,启用,120.50422619094,30.096925071621,120.503751,30.095545
50,农业银行停车位,柯桥区,金柯桥大道，鉴湖路-港越路段人行道,公共停车场,,42,对外开放,全天,未知,启用,120.48991710234,30.068438503826,120.490044,30.06835
51,金昌商务大厦停车位,柯桥区,金柯桥大道，鉴湖路-港越路人行道,公共停车场,,26,对外开放,全天,未知,启用,120.48939822625,30.067296524195,120.489108,30.067039
52,天汇宝驰大厦停车场,柯桥区,金柯桥大道，港越路-万商路,公共停车场,,70,对外开放,全天,未知,启用,120.48874266219,30.066270658516,120.488793,30.065815
53,柯桥大道-古娄河车行道停车位,柯桥区,港越路，柯桥大道-古娄河车行道,公共停车场,,40,对外开放,全天,未知,启用,120.48981631364,30.066284083675,120.492265,30.073379
54,古娄河-湖西路车行道停车位,柯桥区,港越路，古娄河-湖西路车行道,公共停车场,,29,对外开放,全天,未知,启用,120.49187812224,30.065295737116,,
55,港越路，湖西路-湖滨路停车场,柯桥区,湖西路-湖滨路道路停车场,公共停车场,,10,对外开放,全天,未知,启用,120.49279802105,30.064804071663,,
56,湖西路，鉴湖路-港越路停车场,柯桥区,湖西路，鉴湖路-港越路,公共停车场,,10,对外开放,全天,未知,启用,120.49460865623,30.065078620559,120.489634,30.066416
57,湖西路，鉴湖路-港越路停车位,柯桥区,鉴湖路-港越路人行道上停车位,公共停车场,,19,对外开放,全天,未知,启用,120.49353753585,30.066596365967,120.489634,30.066416
58,云集路，湖西路-湖东路停车场,柯桥区,湖西路-湖东路八区,公共停车场,,95,对外开放,全天,未知,启用,120.49306857068,30.062157646694,120.495085,30.080032
59,耶溪路，百舸路-湖东路停车位,柯桥区,百舸路-湖东路人行道停车位,公共停车场,,8,对外开放,全天,未知,启用,120.50928477707,30.063319176418,,
5beb751fe50843bba08499dde21d9e73,瓜渚湖东停车场,柯桥区,柯桥区湖东路与耶溪路交叉口西北50米东岸公园,公共停车场,,56,对外开放,24小时,"小车:15分钟内免费；1-4小时5元；4-8小时:10元；8-12小时:15元；24小时限价:20元
客车:15分钟内免费；1-4小时10元；4-8小时20元；8-12小时30元；24小时限价40元",启用,120.507376,30.067478,120.50712,30.067887
5ec2fc317200433fbe2053e06165d81b,瓜渚湖·南岸公园停车场,柯桥区,柯桥区云集路329号南岸公园,公共停车场,,100,对外开放,24小时,"小车:15分钟内免费；4小时内5元；4-8小时:10元；8-12小时:15元；24小时限价:20元
大车:15分钟内免费；4小时内20元；4-8小时40元；8-12小时45元；24小时限价50元
停车时间以4小时为1个计费单位，不足4小时按4小时计算，依此类推，当日最高限价30元，超过24小时重新计费",启用,120.495965,30.060807,120.495925,30.060825
6,中国轻纺城服装服饰(辅料)市场停车场(出入口),柯桥区,湖中路-金柯桥大道，华齐路北侧,公共停车场,,123,对外开放,全天,未知,启用,120.50404478352,30.094360964545,120.503712,30.094622
60,百舸路，群贤路-青峰路停车位,柯桥区,群贤路-青峰路学校门口有人行道,公共停车场,,33,对外开放,全天,未知,启用,120.51484682058,30.067710929161,,
61,百舸路，耶溪路-绿洲路停车位,柯桥区,耶溪路-绿洲路人行道停车位,公共停车场,,67,对外开放,全天,未知,启用,120.50912345509,30.062239861672,,
62,湖东路，耶溪路-云集路停车场,柯桥区,耶溪路-云集路停车场,公共停车场,,15,对外开放,全天,未知,启用,120.50566706525,30.060591465795,120.50627,30.063396
63,云集路南侧1号停车位,柯桥区,湖西路-湖东路停车位人行道内侧,公共停车场,,60,对外开放,全天,未知,启用,120.49673126199,30.059101576209,120.510998,30.092733
64,湖东路，群贤路-耶溪路停车场,柯桥区,群贤路-耶溪路停车场,公共停车场,,54,对外开放,全天,未知,启用,120.50874676379,30.073683123687,120.50627,30.063396
65,湖东路，云集路--104国道段停车位,柯桥区,云集路-104国道段,公共停车场,,28,对外开放,全天,未知,启用,120.49947951261,30.055987123616,120.847085,29.751809
66,耶溪路，双梅路--镜水路停车位,柯桥区,双梅路-镜水路段,公共停车场,,91,对外开放,全天,未知,启用,120.51502211226,30.06074256154,120.521329,30.069127
67,云集路，湖西路--湖东路停车场,柯桥区,湖西路-湖东路段,公共停车场,,41,对外开放,全天,未知,启用,120.49673126199,30.059101576209,120.495085,30.080032
68,湖西路，鉴湖路--港越路停车位,柯桥区,鉴湖路-港越路道路停车位,公共停车场,,33,对外开放,全天,未知,启用,120.49351477841,30.066777127045,120.489634,30.066416
69,双梅路，耶溪路-清风路停车位,柯桥区,耶溪路-清风路人行道停车位,公共停车场,,19,对外开放,全天,未知,启用,120.51270064197,30.062420746221,,
6a93153990de4dc89e60b3c6bc329297,银泰百货绍兴柯桥店停车场,柯桥区,柯桥区笛扬路1531号银泰百货,公共停车场,,600,对外开放,24小时,"30分钟内免费
超过30分钟至3小时以内收费10元
超过3小时每小时加收2元，以此类推",启用,120.493401,30.086427,120.493151,30.08661
6c2f3f8f7ca64779a009f58ea6c9b667,谢桥立体停车场,柯桥区,柯桥区湖滨路谢桥立体车库停车场,公共停车场,,576,对外开放,7:30-19:00,"停车15分钟内免费
15分钟后按5元/车收费
服务时间:7:30-19:00,晚间禁止停车",启用,120.492028,30.057919,120.492032,30.077255
7,红星美凯龙国际家居生活广场停车场,柯桥区,湖中路-金柯桥大道，华齐路北侧,公共停车场,,122,对外开放,全天,未知,启用,120.50554758872,30.098334154994,120.505457,30.099787
70,青峰路，百舸路-镜水路停车位,柯桥区,百舸路-镜水路人行道停车位,公共停车场,,9,对外开放,全天,未知,启用,120.51451235528,30.066647528212,120.521329,30.069127
71,乔波滑雪馆停车场,柯桥区,春望路南侧，柯岩大道—柯南大道,公共停车场,,174,对外开放,全天,未知,启用,120.47682250051,30.055320742465,120.476376,30.055399
72,越都名府停车场,柯桥区,柯岩大道西侧，柯南大道—春望路,公共停车场,,33,对外开放,全天,未知,启用,120.48698197217,30.048924347849,120.485862,30.048921
73,柯岩风景区停车场,柯桥区,柯岩大道西侧，春望路—胜利西路,公共停车场,,237,对外开放,全天,未知,启用,120.48162053553,30.04381117093,120.48057,30.044529
7326f94088094060834420096a673dfa,北联市场停车场,柯桥区,柯桥区湖西路96号中国轻纺城北联市场,公共停车场,,1500,对外开放,6:30-1900,"停车15分钟以内免费
停车场服务时间:6:30-1900",启用,120.492865,30.060849,120.492643,30.061026
74,柯南大道供销超市停车场,柯桥区,柯南大道北侧，柯岩大道—梅泽路,公共停车场,,34,对外开放,全天,未知,启用,120.48965599329,30.050426860465,,
75,阳光庭院停车场,柯桥区,柯南大道北侧，柯岩大道—梅泽路,公共停车场,,65,对外开放,全天,未知,启用,120.4939761718,30.048132594999,120.48057,30.044529
76,梅墅水庄北侧停车位,柯桥区,柯南大道北侧，柯岩大道—梅泽路,公共停车场,,25,对外开放,全天,未知,启用,120.49681040979,30.046813031302,120.494975,30.044075
77,山阴路，柯华路-育才路停车位,柯桥区,柯华路-育才路,公共停车场,,16,对外开放,全天,未知,启用,120.47827999266,30.080375503168,120.478306,30.08734
775c926599fb440093879599da462885,行政中心西区停车场,柯桥区,柯桥区群贤路1675号行政中心西区停车场,公共停车场,,102,对外开放,24小时,"小车5元/辆.次
120分钟内(含)不收费
停车时间以4小时（含)为一次
不足4小时按4小时计，依次类推",启用,120.493884,30.080398,120.889584,30.141083
78,山阴路，育才路-笛扬路停车位,柯桥区,育才路-笛扬路,公共停车场,,18,对外开放,全天,未知,启用,120.48120167881,30.079226292049,120.475773,30.062439
79,柯桥派出所停车位,柯桥区,山阴路北侧,公共停车场,,30,对外开放,全天,未知,启用,120.48329023791,30.078610622471,120.424399,30.108594
80,山阴路，笛扬路-明珠路停车位,柯桥区,笛扬路-明珠路,公共停车场,,19,对外开放,全天,未知,启用,120.48636782771,30.077186674051,120.490536,30.07477
81,中国农业银行人行道停车位,柯桥区,笛扬路与山阴路西侧交叉口,公共停车场,,15,对外开放,全天,未知,启用,120.48571288019,30.077351903215,120.501718,30.104442
81f5382207894e97865489f2ec949c6c,天汇广场停车场(出入口),柯桥区,柯桥区万商路182号宝驰天汇大厦,公共停车场,,560,对外开放,24小时,"15分钟内免受停车费
每6小时为一计费周期收费5元/辆
15分钟以内免受停车费，不足6小时按6小时计
当日收费15元封顶，次日按标准重新计费
只收现金",启用,120.489088,30.065798,120.489505,30.0642
82,立新花园北区门口停车位,柯桥区,笛扬路-明珠路山阴路北侧,公共停车场,,21,对外开放,全天,未知,启用,120.48917784731,30.075996298788,120.490536,30.07477
83,建筑管理局人行道（原建设局）停车位,柯桥区,笛扬路与山阴路东侧交叉口,公共停车场,,14,对外开放,全天,未知,启用,120.48622305904,30.077206803148,120.502922,30.106175
84,电信营业厅人行道停车位,柯桥区,山阴路与明珠路东侧交叉口,公共停车场,,8,对外开放,全天,未知,启用,120.49080560585,30.075391486949,120.491172,30.075086
84b7752d0db74032999e6cb670de9edb,行政中心东区停车场,柯桥区,柯桥区金柯桥大道行政中心东区停车场,公共停车场,,148,对外开放,24小时,"小车5元/辆.次
120分钟内(含)不收费
停车时间以4小时（含)为一次
不足4小时按4小时计，依次类推",启用,120.496303,30.080574,120.48854,30.069628
85,中国银行人行道停车位,柯桥区,山阴路与明珠路西侧交叉口,公共停车场,,25,对外开放,全天,未知,启用,120.49045555408,30.075502024747,120.491172,30.075086
86,明珠花园停车位,柯桥区,笛扬路-明珠路,公共停车场,,19,对外开放,全天,未知,启用,120.48973354,30.075899242971,120.490536,30.07477
87,山阴路，明珠路-金柯桥停车位,柯桥区,明珠路-金柯桥,公共停车场,,27,对外开放,全天,未知,启用,120.49122446911,30.075305773435,120.490536,30.07477
88,运河路停车场,柯桥区,（运河路北侧鱼得水后面）,公共停车场,,100,对外开放,全天,未知,启用,120.48336963107,30.063373797094,120.486783,30.064168
89,君亭大酒店外围临时停车场,柯桥区,东升路,公共停车场,,30,对外开放,全天,未知,启用,120.48525050552,30.062210308269,,
891746bd7b474db7ab6d856337f3abe1,现代大厦停车场,柯桥区,柯桥区兴越路现代大厦,公共停车场,,305,对外开放,24小时,"一小时内(含一小时):免费
一小时至二小时(含二小时)：5元/辆/次
二小时至四小时(含四小时):10元/辆/次
四小时至七小时(含七小时):15元/辆/次
七小时至二十四小时(含二十四小时)：20元/辆/次
停车超过24小时的，超过部分按上诉计时收费标准重新计算",启用,120.500069,30.08451,120.501167,30.083737
9,世纪星城停车场,柯桥区,华齐路-迎驾桥路，湖中路西侧,公共停车场,,77,对外开放,全天,未知,启用,120.50814398826,30.099360704762,120.29413,29.90955
90,104国道外围公共停车位,柯桥区,金柯桥大道-笛扬路,公共停车场,,22,对外开放,全天,未知,启用,120.48087571175,30.063200758059,120.597802,30.023009
91,恒8连锁酒店西停车场,柯桥区,104国道恒8连锁酒店西20米,公共停车场,,24,对外开放,全天,未知,启用,120.47960261074,30.064056791192,120.495085,30.080032
91f8724aa9e64e70932cce0ba4742358,蓝天市心广场停车场,柯桥区,柯桥区笛扬路1396号蓝天市心广场,公共停车场,,340,对外开放,24小时,"0.5小时内(含)免费
0.5-小时内（含):5元/辆/次
2-4小时内(含):10元/辆次/次
4-8小时内(含)：15元/辆/次
8-12小时内(含)：20元/辆/次
12-24小时内(含)：30元/辆/次
超过24小时累计收费",启用,120.490628,30.08678,120.490744,30.086016
92,104国道新世界酒店停车场,柯桥区,笛扬路-育才路,公共停车场,,200,对外开放,全天,未知,启用,120.47675803561,30.066914875167,120.865384,29.595475
93,104国道，笛扬路-育才路停车位,柯桥区,笛扬路-育才路,公共停车场,,17,对外开放,全天,未知,启用,120.47757262916,30.064844016592,120.481852,30.080652
94,万商路瑞豪酒店门前辅车道公用车位,柯桥区,育才路-笛扬路,公共停车场,,5,对外开放,全天,未知,启用,120.47591376197,30.070811887225,120.493223,30.088046
95,万商路辅车道公用车位,柯桥区,笛扬路步行街-金柯桥大道,公共停车场,,32,对外开放,全天,未知,启用,120.48709723773,30.065712102344,120.479497,30.069771
96,万商路精品广场周边内外车场,柯桥区,笛扬路步行街-金柯桥大道,公共停车场,,240,对外开放,全天,未知,启用,120.48672441809,30.065261527259,120.480439,30.068743
97,万商路锦麟天地地上停车场,柯桥区,笛扬路-浙纤路,公共停车场,,15,对外开放,全天,未知,启用,120.47919694281,30.070950670616,120.500399,30.102534
98,浙纤路西铺道地上停车场,柯桥区,鉴湖路-万商路,公共停车场,,29,对外开放,全天,未知,启用,120.47905921391,30.071312879741,120.481853,30.090102
99,浙纤路辅车道公共停车位,柯桥区,万商路-鉴湖路,公共停车场,,77,对外开放,全天,未知,启用,120.4785551538,30.070256301685,120.482702,30.072422
999b00d9bd65444796c31063308de56e,环球大厦停车场,柯桥区,柯桥区裕民路1268号环球大厦,公共停车场,,50,对外开放,24小时,"时段一:7:00-24:00收费标准
一、30分钟以内(含30分钟)免费；
二、1小时收费5元/辆
三、2小时收费10元/辆 
四、3小时收费15元/辆
五、4小时以上含4小时，收费20元/辆；
时段二:24:00-7:00免费
次日7:00以前必须离开，否则按时段一收费",启用,120.497746,30.089328,120.4977,30.089485
BXHYTCC,宝兴花园停车场,柯桥区,汇商路与支A路交汇处,公共停车场,,20,对外开放,全天,未知,启用,120.61947407798,30.150129208598,120.618625,30.151775
CS000001,柯岩景区停车场,柯桥区,柯岩大道518号绍兴柯岩风景区附近,公共停车场,,100,对外开放,全天,未知,启用,120.47920634795,30.044675522673,120.48057,30.044529
CZYLTCC,长江越领停车场,柯桥区,金柯桥大道以东，湖中路以西，迎驾桥路以南，华齐路以北,公共停车场,,30,对外开放,全天,未知,启用,120.50787777722,30.098184792103,120.505457,30.099787
DMHZYTCC,大明翰泽苑停车场,柯桥区,湖东路大明翰泽苑,公共停车场,,100,对外开放,全天,未知,启用,120.51226932072,30.086050439513,120.510917,30.08473
FCGGTCC,翡翠公馆停车场,柯桥区,群贤路与百舸路交叉口,公共停车场,,20,对外开放,全天,未知,启用,120.51541516765,30.070991026469,120.51715,30.069809
GMSSTCC,光明澜山停车场,柯桥区,钱陶公路与育才路交叉口,公共停车场,,20,对外开放,全天,未知,启用,120.49522128815,30.097289745667,120.510428,30.092546
GZLZTCC,瓜渚绿洲停车场,柯桥区,群贤路与湖东路交汇处,公共停车场,,30,对外开放,全天,未知,启用,120.51403484211,30.075169349681,120.509079,30.074378
JCCYTCC,金昌诚园停车场,柯桥区,华齐路附近,公共停车场,,20,对外开放,全天,未知,启用,120.50720164464,30.096381200156,120.50264,30.098363
JDZZCTCC,金地自在城停车场,柯桥区,柯桥区太平路106号附近,公共停车场,,20,对外开放,全天,未知,启用,120.46814780945,30.095188645621,120.468483,30.091611
JHJYTCC,鉴湖景园停车场,柯桥区,兴越路1367号,公共停车场,,100,对外开放,全天,未知,启用,120.50319029264,30.084247559491,120.50245,30.08627
JHJYTCC2,鉴湖景园A区停车场,柯桥区,兴越路1367号,公共停车场,,20,对外开放,全天,未知,启用,120.50501743431,30.085814709621,120.506536,30.088334
JHLJTCC,金恒丽景停车场,柯桥区,瓜渚湖畔，东临玉兰花园,公共停车场,,30,对外开放,全天,未知,启用,120.50195375931,30.079506385041,120.501785,30.078802
MNXQTCC,马弄小区停车场,柯桥区,八字桥附近,公共停车场,,15,对外开放,全天,未知,启用,120.58980892495,29.998082692777,120.591561,29.999705
P3120000012,山阴路1（育才小区）停车场,柯桥区,山阴路1（育才小区）停车场,道路停车场,,26,对外开放,全天,未知,启用,120.47918713867,30.080040226957,,
P3120000013,山阴路2（城市花园）停车场,柯桥区,山阴路城市花园,道路停车场,,28,对外开放,全天,未知,启用,120.48247479648,30.078608387509,120.481055,30.079251
P3120000014,人和路停车场,柯桥区,人和路,道路停车场,,19,对外开放,全天,未知,启用,120.49493370152,30.088685230028,120.496952,30.087275
P3120000015,温渎路1停车场,柯桥区,温渎路1,道路停车场,,21,对外开放,全天,未知,启用,120.49616533755,30.087300134071,120.497151,30.087839
P3120000016,温渎路2停车场,柯桥区,温渎路2,道路停车场,,15,对外开放,全天,未知,启用,120.49689586872,30.089323698537,120.496201,30.086353
P3120000017,万家巷停车场,柯桥区,建设支路,道路停车场,,40,对外开放,全天,未知,启用,120.48603675985,30.084974537635,120.615014,30.092079
P3120000018,黄社溇路1停车场,柯桥区,黄社溇路1,道路停车场,,16,对外开放,全天,未知,启用,120.49035431616,30.084797113633,120.495085,30.080032
P3120000019,黄社溇路2停车场,柯桥区,黄社溇路2,道路停车场,,18,对外开放,全天,未知,启用,120.48929586372,30.08520035188,120.486552,30.085465
P3120000020,山阴路3（中医院）停车场,柯桥区,山阴路3（中医院）,道路停车场,,26,对外开放,全天,未知,启用,120.48541626134,30.077326314576,,
P3120000021,山阴路4（明珠花园）停车场,柯桥区,山阴路4（明珠花园）,道路停车场,,31,对外开放,全天,未知,启用,120.4897483469,30.075665340802,,
P3120000022,山阴路5（电信）停车场,柯桥区,山阴路5（电信）,道路停车场,,21,对外开放,全天,未知,启用,120.49123225281,30.075027808148,,
P3120000024,山阴路7（望湖）停车场,柯桥区,山阴路7（望湖）停车场,道路停车场,,30,对外开放,全天,未知,启用,120.49523213123,30.073583696722,,
P3120000025,金杨路1（中医院）停车场,柯桥区,金杨路1（中医院）,道路停车场,,28,对外开放,全天,未知,启用,120.48663273836,30.074692918714,,
P3120000027,金杨路3停车场,柯桥区,金杨路3,道路停车场,,28,对外开放,全天,未知,启用,120.49095654916,30.073126621535,120.49088,30.073076
P3120000028,鉴湖路1（锦江花园）停车场,柯桥区,鉴湖路1（锦江花园）,道路停车场,,29,对外开放,全天,未知,启用,120.47893243874,30.074180583787,,
P3120000029,鉴湖路2（锦江花园）停车场,柯桥区,鉴湖路2（锦江花园）,道路停车场,,21,对外开放,全天,未知,启用,120.4798852573,30.073717839431,,
P3120000030,鉴湖路3停车场,柯桥区,鉴湖路3,道路停车场,,12,对外开放,全天,未知,启用,120.48496233281,30.071197956806,120.491726,30.068013
P3120000031,鉴湖路4停车场,柯桥区,鉴湖路4,道路停车场,,27,对外开放,全天,未知,启用,120.487512422,30.069930947591,120.476562,30.076543
P3120000032,鉴湖路5（四大银行）停车场,柯桥区,鉴湖路5（四大银行）,道路停车场,,16,对外开放,全天,未知,启用,120.49145390513,30.068058775217,,
P3120000033,港越路1(步行街1)停车场,柯桥区,港越路1(步行街1),道路停车场,,14,对外开放,全天,未知,启用,120.48230086257,30.070271508955,,
P3120000034,港越路2（精工）停车场,柯桥区,港越路2（精工）,道路停车场,,12,对外开放,全天,未知,启用,120.48605632974,30.068300128693,,
P3120000036,港越路4（肯德基）停车场,柯桥区,港越路4（肯德基）,道路停车场,,21,对外开放,全天,未知,启用,120.48940544236,30.066487404423,,
P3120000037,港越路5（温州饭滩）停车场,柯桥区,港越路5（温州饭滩）,道路停车场,,22,对外开放,全天,未知,启用,120.48826442494,30.06710398353,,
P3120000038,港越路6停车场,柯桥区,港越路6,道路停车场,,16,对外开放,全天,未知,启用,120.49124601244,30.065491000659,120.481944,30.070404
P3120000039,笛扬路1（世纪联华）停车场,柯桥区,笛扬路1（世纪联华）,道路停车场,,31,对外开放,全天,未知,启用,120.48793068793,30.079917724586,,
P3120000040,笛扬路2（广厦公寓）停车场,柯桥区,笛扬路2（广厦公寓）停车场,道路停车场,,37,对外开放,全天,未知,启用,120.48709254498,30.078692559021,120.486095,30.077668
P3120000041,笛扬路3（樱花电器）停车场,柯桥区,笛扬路3（樱花电器）,道路停车场,,18,对外开放,全天,未知,启用,120.48806035863,30.079754692193,,
P3120000042,笛扬路4（工商银行）停车场,柯桥区,笛扬路4（工商银行）,道路停车场,,23,对外开放,全天,未知,启用,120.48677266387,30.077971337314,,
P3120000043,笛扬路5（中医院）停车场,柯桥区,笛扬路5（中医院）,道路停车场,,34,对外开放,全天,未知,启用,120.48546069922,30.076528424116,,
P3120000044,笛扬路6（柯水园）停车场,柯桥区,笛扬路6（柯水园）,道路停车场,,30,对外开放,全天,未知,启用,120.48416397236,30.074733131966,,
P3120000045,笛扬路7（福年大厦）停车场,柯桥区,笛扬路7（福年大厦）,道路停车场,,22,对外开放,全天,未知,启用,120.48316488486,30.0734323896,120.483265,30.073809
P3120000053,云集路1停车场,柯桥区,云集路1,道路停车场,,10,对外开放,全天,未知,启用,120.49704986725,30.0588811923,120.532015,30.040139
P3120000055,云集路3停车场,柯桥区,云集路3,道路停车场,,29,对外开放,全天,未知,启用,120.498842925,30.057831374182,120.532015,30.040139
P3120000061,港越路2(精工2)停车场,柯桥区,港越路2(精工2)停车场,道路停车场,,21,对外开放,全天,未知,启用,120.48445712223,30.06914523437,,
P3120000062,港越路1(步行街3)停车场,柯桥区,港越路1(步行街3),道路停车场,,16,对外开放,全天,未知,启用,120.48398484447,30.069416378671,,
P3120000064,港越路1(步行街2)停车场,柯桥区,港越路1(步行街2),道路停车场,,26,对外开放,全天,未知,启用,120.48363432332,30.069594136395,,
P3120000065,温渎路3停车场,柯桥区,温渎路3,道路停车场,,11,对外开放,全天,未知,启用,120.49719975387,30.090100179666,120.496204,30.086378
P3120000068,港越路3（精工）停车场,柯桥区,港越路3（精工）,道路停车场,,23,对外开放,全天,未知,启用,120.48721388365,30.067651347351,,
QHMJTCC,清华名家停车场,柯桥区,西小江大桥,公共停车场,,20,对外开放,全天,未知,启用,120.39931853377,30.129245962327,120.404823,30.129209
XYXQTCC,兴越小区停车场,柯桥区,育才路1007号,公共停车场,,200,对外开放,全天,未知,启用,120.48438732045,30.09160640626,120.487479,30.088033
YMGLTCC,银马公寓停车场,柯桥区,湖西路735号,公共停车场,,20,对外开放,全天,未知,启用,120.50072861376,30.078816400536,120.495085,30.080032
YPSJTCC,御品世家停车场,柯桥区,福全镇福全环岛东北角,公共停车场,,20,对外开放,全天,未知,启用,120.5178302269,29.993913180479,120.523625,29.993875
ZCXLTCC,赞成香林停车场,柯桥区,柯桥街道镜水路赞成·香林,公共停车场,,30,对外开放,全天,未知,启用,120.51796168078,30.083684279974,120.50712,30.067887
ZLYXQTCC,竹林苑小区停车场,柯桥区,永鉴线轻纺城供水公司对面,公共停车场,,30,对外开放,全天,未知,启用,120.46375880345,30.05929231123,120.460331,30.053164
ZZLYTCC,小赭绿苑停车场,柯桥区,小佐路852号,公共停车场,,20,对外开放,全天,未知,启用,120.45519242067,30.105431975535,120.454836,30.105625
c4b1cd039c294259ad99e962adcab294,货运集运点停车场,柯桥区,柯桥区云集路货运集运点停车场,公共停车场,,121,对外开放,8:00-24:00,"15分钟内免费
12小时内:5元
12-24小时:10元
每12小时为一个计费周期，不足12小时按12小时计，以此类推，24小时最高收取停车费10元/辆
停车场使用时间为8:00-24:00，停车场在24:00-8:00期间不对外开放",启用,120.494587,30.059029,,
d35676c3840d4e81b38f108a4b9e22f1,中国轻纺城联合市场停车场,柯桥区,柯桥区轻纺城大道联合市场,公共停车场,,1310,对外开放,24小时,"15分钟以内免费
每4小时为一个计费周期，每个计费周期收费5元/辆
不足四小时的按四小时计，以此类推",启用,120.490188,30.059502,120.487637,30.059342
e34c89bed8c3475791d93893b4c4ee3e,坂湖公园泽国路停车场,柯桥区,柯桥区泽国路坂湖公园-停车场,公共停车场,,35,对外开放,24小时,"24小时收费
15分钟以内(含15分钟)不收费
4小时内5元；4-8小时10元；8-12小时15元；24小时最高限价20元
停车时间以4小时（含)为一次,不足4小时按4小时计，依次类推，封顶20元 
超过24小时停放重新计时收费",启用,120.469385,30.087537,120.469337,30.08773
eb352e6d85334825bbbc177819a2909f,绍兴中心医院停车场,柯桥区,柯桥区华宇路1号,公共停车场,,960,对外开放,24小时,"1小时以内不收费
1小时以上2小时以内，收费5元/次，大车收费10元/次，摩托车2元/辆.次。之后每2小时分别加收5元，10元，2元，不足2小时按2小时计，依此类推
备注:如非临时停车，因正当原因(如陪护病人)需长期停车，待离开时，费用一律20元。",启用,120.49846,30.081229,120.495085,30.080032
f24a85dc36bc40f4a74b9282968143c2,绍兴市柯桥区妇幼保健院停车场,柯桥区,柯桥区柯岩大道西150米妇女儿童医院,公共停车场,,820,对外开放,24小时,"1小时以内不收费
1小时以上4小时以内，收费5元/次
4小时以上8小时以内，收费10元/次
8小时以上24小时以内，收费15元/次
以此类推",启用,120.479593,30.038068,120.479743,30.038728
f4b6736ac46b408892ee224ebc6b2dee,财智国际大厦停车场,柯桥区,柯桥区兴越路1577号财智国际大厦,公共停车场,,61,对外开放,24小时,"1小时内(含1小时）免费
1-2小时(含2小时)：5元/辆/次
2-5小时(含5小时):10元/辆/次
5-10小时(含10小时):10元/辆/次
10-24小时(含10小时):20元/辆/次
超过24小时:累计计时",启用,120.496534,30.085875,120.496682,30.085885
