TCCBH,TCCMC,SZQX,BWZS,SYBW,FBSJ
604005,人民桥下停车场,上虞区,40,0,2024-12-11 20:05:00
604004,保驾山停车场,上虞区,37,0,2024-12-11 20:05:00
604013,第二人民医院停车场,上虞区,350,278,2024-12-11 20:05:00
604003,信义广场南停车场,上虞区,15,15,2024-12-11 20:05:00
604012,人民桥下2号停车场,上虞区,60,20,2024-12-11 20:05:00
604011,雅图停车场,上虞区,60,0,2024-12-11 20:05:00
604002,梁祝大桥东桥下停车场,上虞区,95,58,2024-12-11 20:05:00
19120915472614497,咪网测试停车场,上虞区,97,100,2024-12-11 20:05:00
604006,供销社停车场,上虞区,106,0,2024-12-11 20:05:00
604009,保驾山夜排挡停车场,上虞区,106,0,2024-12-11 20:05:00
604008,青春广场停车场,上虞区,70,44,2024-12-11 20:05:00
24032610340324759,小越历史街区停车场,上虞区,74,0,2024-12-11 20:05:00
604007,信义广场北停车场,上虞区,41,37,2024-12-11 20:05:00
24032610340324759,小越历史街区停车场,上虞区,74,0,2024-12-11 20:00:00
604011,雅图停车场,上虞区,60,0,2024-12-11 20:00:00
604002,梁祝大桥东桥下停车场,上虞区,95,58,2024-12-11 20:00:00
604006,供销社停车场,上虞区,106,0,2024-12-11 20:00:00
604009,保驾山夜排挡停车场,上虞区,106,0,2024-12-11 20:00:00
604005,人民桥下停车场,上虞区,40,0,2024-12-11 20:00:00
604013,第二人民医院停车场,上虞区,350,278,2024-12-11 20:00:00
604003,信义广场南停车场,上虞区,15,15,2024-12-11 20:00:00
604008,青春广场停车场,上虞区,70,30,2024-12-11 20:00:00
604004,保驾山停车场,上虞区,37,0,2024-12-11 20:00:00
604012,人民桥下2号停车场,上虞区,60,20,2024-12-11 20:00:00
19120915472614497,咪网测试停车场,上虞区,97,100,2024-12-11 20:00:00
604007,信义广场北停车场,上虞区,41,37,2024-12-11 20:00:00
604007,信义广场北停车场,上虞区,41,37,2024-12-11 19:55:00
604009,保驾山夜排挡停车场,上虞区,106,0,2024-12-11 19:55:00
24032610340324759,小越历史街区停车场,上虞区,74,0,2024-12-11 19:55:00
604011,雅图停车场,上虞区,60,0,2024-12-11 19:55:00
604012,人民桥下2号停车场,上虞区,60,20,2024-12-11 19:55:00
604003,信义广场南停车场,上虞区,15,15,2024-12-11 19:55:00
604005,人民桥下停车场,上虞区,40,0,2024-12-11 19:55:00
604002,梁祝大桥东桥下停车场,上虞区,95,58,2024-12-11 19:55:00
604013,第二人民医院停车场,上虞区,350,276,2024-12-11 19:55:00
19120915472614497,咪网测试停车场,上虞区,97,100,2024-12-11 19:55:00
604006,供销社停车场,上虞区,106,0,2024-12-11 19:55:00
604008,青春广场停车场,上虞区,70,28,2024-12-11 19:55:00
604004,保驾山停车场,上虞区,37,0,2024-12-11 19:55:00
604013,第二人民医院停车场,上虞区,350,276,2024-12-11 19:50:00
604009,保驾山夜排挡停车场,上虞区,106,0,2024-12-11 19:50:00
604011,雅图停车场,上虞区,60,0,2024-12-11 19:50:00
604005,人民桥下停车场,上虞区,40,0,2024-12-11 19:50:00
604012,人民桥下2号停车场,上虞区,60,20,2024-12-11 19:50:00
604008,青春广场停车场,上虞区,70,37,2024-12-11 19:50:00
19120915472614497,咪网测试停车场,上虞区,97,100,2024-12-11 19:50:00
604003,信义广场南停车场,上虞区,15,15,2024-12-11 19:50:00
604004,保驾山停车场,上虞区,37,0,2024-12-11 19:50:00
604006,供销社停车场,上虞区,106,0,2024-12-11 19:50:00
604002,梁祝大桥东桥下停车场,上虞区,95,58,2024-12-11 19:50:00
604007,信义广场北停车场,上虞区,41,37,2024-12-11 19:50:00
24032610340324759,小越历史街区停车场,上虞区,74,0,2024-12-11 19:50:00
604002,梁祝大桥东桥下停车场,上虞区,95,58,2024-12-11 19:45:00
604003,信义广场南停车场,上虞区,15,15,2024-12-11 19:45:00
604004,保驾山停车场,上虞区,37,0,2024-12-11 19:45:00
604011,雅图停车场,上虞区,60,0,2024-12-11 19:45:00
19120915472614497,咪网测试停车场,上虞区,97,100,2024-12-11 19:45:00
24032610340324759,小越历史街区停车场,上虞区,74,0,2024-12-11 19:45:00
604005,人民桥下停车场,上虞区,40,0,2024-12-11 19:45:00
604008,青春广场停车场,上虞区,70,48,2024-12-11 19:45:00
604013,第二人民医院停车场,上虞区,350,278,2024-12-11 19:45:00
604009,保驾山夜排挡停车场,上虞区,106,0,2024-12-11 19:45:00
604006,供销社停车场,上虞区,106,0,2024-12-11 19:45:00
604012,人民桥下2号停车场,上虞区,60,20,2024-12-11 19:45:00
604007,信义广场北停车场,上虞区,41,37,2024-12-11 19:45:00
604011,雅图停车场,上虞区,60,0,2024-12-11 19:40:00
24032610340324759,小越历史街区停车场,上虞区,74,0,2024-12-11 19:40:00
604012,人民桥下2号停车场,上虞区,60,20,2024-12-11 19:40:00
604009,保驾山夜排挡停车场,上虞区,106,0,2024-12-11 19:40:00
604007,信义广场北停车场,上虞区,41,37,2024-12-11 19:40:00
604008,青春广场停车场,上虞区,70,56,2024-12-11 19:40:00
604006,供销社停车场,上虞区,106,0,2024-12-11 19:40:00
604003,信义广场南停车场,上虞区,15,15,2024-12-11 19:40:00
604005,人民桥下停车场,上虞区,40,0,2024-12-11 19:40:00
604013,第二人民医院停车场,上虞区,350,276,2024-12-11 19:40:00
19120915472614497,咪网测试停车场,上虞区,97,100,2024-12-11 19:40:00
604002,梁祝大桥东桥下停车场,上虞区,95,58,2024-12-11 19:40:00
604004,保驾山停车场,上虞区,37,0,2024-12-11 19:40:00
604006,供销社停车场,上虞区,106,0,2024-12-11 19:35:00
24032610340324759,小越历史街区停车场,上虞区,74,0,2024-12-11 19:35:00
604012,人民桥下2号停车场,上虞区,60,20,2024-12-11 19:35:00
604004,保驾山停车场,上虞区,37,0,2024-12-11 19:35:00
604002,梁祝大桥东桥下停车场,上虞区,95,58,2024-12-11 19:35:00
19120915472614497,咪网测试停车场,上虞区,97,100,2024-12-11 19:35:00
604005,人民桥下停车场,上虞区,40,0,2024-12-11 19:35:00
604008,青春广场停车场,上虞区,70,60,2024-12-11 19:35:00
604011,雅图停车场,上虞区,60,0,2024-12-11 19:35:00
604009,保驾山夜排挡停车场,上虞区,106,0,2024-12-11 19:35:00
604007,信义广场北停车场,上虞区,41,37,2024-12-11 19:35:00
604003,信义广场南停车场,上虞区,15,15,2024-12-11 19:35:00
604013,第二人民医院停车场,上虞区,350,276,2024-12-11 19:35:00
19120915472614497,咪网测试停车场,上虞区,97,100,2024-12-11 19:30:00
604004,保驾山停车场,上虞区,37,0,2024-12-11 19:30:00
604002,梁祝大桥东桥下停车场,上虞区,95,58,2024-12-11 19:30:00
24032610340324759,小越历史街区停车场,上虞区,74,0,2024-12-11 19:30:00
604012,人民桥下2号停车场,上虞区,60,20,2024-12-11 19:30:00
604003,信义广场南停车场,上虞区,15,15,2024-12-11 19:30:00
604006,供销社停车场,上虞区,106,0,2024-12-11 19:30:00
604007,信义广场北停车场,上虞区,41,37,2024-12-11 19:30:00
604009,保驾山夜排挡停车场,上虞区,106,0,2024-12-11 19:30:00
604013,第二人民医院停车场,上虞区,350,278,2024-12-11 19:30:00
604005,人民桥下停车场,上虞区,40,0,2024-12-11 19:30:00
604008,青春广场停车场,上虞区,70,59,2024-12-11 19:30:00
604011,雅图停车场,上虞区,60,0,2024-12-11 19:30:00
604002,梁祝大桥东桥下停车场,上虞区,95,58,2024-12-11 19:25:00
24032610340324759,小越历史街区停车场,上虞区,74,0,2024-12-11 19:25:00
604003,信义广场南停车场,上虞区,15,15,2024-12-11 19:25:00
604008,青春广场停车场,上虞区,70,60,2024-12-11 19:25:00
604013,第二人民医院停车场,上虞区,350,276,2024-12-11 19:25:00
604006,供销社停车场,上虞区,106,0,2024-12-11 19:25:00
604012,人民桥下2号停车场,上虞区,60,20,2024-12-11 19:25:00
604004,保驾山停车场,上虞区,37,0,2024-12-11 19:25:00
604009,保驾山夜排挡停车场,上虞区,106,0,2024-12-11 19:25:00
19120915472614497,咪网测试停车场,上虞区,97,100,2024-12-11 19:25:00
604005,人民桥下停车场,上虞区,40,0,2024-12-11 19:25:00
604007,信义广场北停车场,上虞区,41,37,2024-12-11 19:25:00
604011,雅图停车场,上虞区,60,0,2024-12-11 19:25:00
24032610340324759,小越历史街区停车场,上虞区,74,0,2024-12-11 19:20:00
604009,保驾山夜排挡停车场,上虞区,106,0,2024-12-11 19:20:00
604013,第二人民医院停车场,上虞区,350,275,2024-12-11 19:20:00
604002,梁祝大桥东桥下停车场,上虞区,95,58,2024-12-11 19:20:00
604003,信义广场南停车场,上虞区,15,15,2024-12-11 19:20:00
604008,青春广场停车场,上虞区,70,60,2024-12-11 19:20:00
604011,雅图停车场,上虞区,60,0,2024-12-11 19:20:00
19120915472614497,咪网测试停车场,上虞区,97,100,2024-12-11 19:20:00
604004,保驾山停车场,上虞区,37,0,2024-12-11 19:20:00
604007,信义广场北停车场,上虞区,41,37,2024-12-11 19:20:00
604012,人民桥下2号停车场,上虞区,60,20,2024-12-11 19:20:00
604005,人民桥下停车场,上虞区,40,0,2024-12-11 19:20:00
604006,供销社停车场,上虞区,106,0,2024-12-11 19:20:00
604009,保驾山夜排挡停车场,上虞区,106,0,2024-12-11 19:15:00
604007,信义广场北停车场,上虞区,41,37,2024-12-11 19:15:00
604005,人民桥下停车场,上虞区,40,0,2024-12-11 19:15:00
604012,人民桥下2号停车场,上虞区,60,20,2024-12-11 19:15:00
604011,雅图停车场,上虞区,60,0,2024-12-11 19:15:00
604004,保驾山停车场,上虞区,37,0,2024-12-11 19:15:00
604002,梁祝大桥东桥下停车场,上虞区,95,58,2024-12-11 19:15:00
24032610340324759,小越历史街区停车场,上虞区,74,0,2024-12-11 19:15:00
604008,青春广场停车场,上虞区,70,59,2024-12-11 19:15:00
604013,第二人民医院停车场,上虞区,350,276,2024-12-11 19:15:00
604006,供销社停车场,上虞区,106,0,2024-12-11 19:15:00
19120915472614497,咪网测试停车场,上虞区,97,100,2024-12-11 19:15:00
604003,信义广场南停车场,上虞区,15,15,2024-12-11 19:15:00
604005,人民桥下停车场,上虞区,40,0,2024-12-11 19:10:00
604013,第二人民医院停车场,上虞区,350,268,2024-12-11 19:10:00
604007,信义广场北停车场,上虞区,41,37,2024-12-11 19:10:00
604012,人民桥下2号停车场,上虞区,60,20,2024-12-11 19:10:00
604003,信义广场南停车场,上虞区,15,15,2024-12-11 19:10:00
604006,供销社停车场,上虞区,106,0,2024-12-11 19:10:00
604004,保驾山停车场,上虞区,37,0,2024-12-11 19:10:00
604009,保驾山夜排挡停车场,上虞区,106,0,2024-12-11 19:10:00
604002,梁祝大桥东桥下停车场,上虞区,95,58,2024-12-11 19:10:00
604008,青春广场停车场,上虞区,70,59,2024-12-11 19:10:00
24032610340324759,小越历史街区停车场,上虞区,74,0,2024-12-11 19:10:00
604011,雅图停车场,上虞区,60,0,2024-12-11 19:10:00
19120915472614497,咪网测试停车场,上虞区,97,100,2024-12-11 19:10:00
604007,信义广场北停车场,上虞区,41,37,2024-12-11 19:05:00
24032610340324759,小越历史街区停车场,上虞区,74,0,2024-12-11 19:05:00
604003,信义广场南停车场,上虞区,15,15,2024-12-11 19:05:00
604004,保驾山停车场,上虞区,37,0,2024-12-11 19:05:00
604009,保驾山夜排挡停车场,上虞区,106,0,2024-12-11 19:05:00
604002,梁祝大桥东桥下停车场,上虞区,95,58,2024-12-11 19:05:00
604012,人民桥下2号停车场,上虞区,60,20,2024-12-11 19:05:00
604013,第二人民医院停车场,上虞区,350,274,2024-12-11 19:05:00
604011,雅图停车场,上虞区,60,0,2024-12-11 19:05:00
19120915472614497,咪网测试停车场,上虞区,97,100,2024-12-11 19:05:00
604005,人民桥下停车场,上虞区,40,0,2024-12-11 19:05:00
604006,供销社停车场,上虞区,106,0,2024-12-11 19:05:00
604008,青春广场停车场,上虞区,70,57,2024-12-11 19:05:00
604005,人民桥下停车场,上虞区,40,0,2024-12-11 19:00:00
604007,信义广场北停车场,上虞区,41,37,2024-12-11 19:00:00
604003,信义广场南停车场,上虞区,15,15,2024-12-11 19:00:00
604004,保驾山停车场,上虞区,37,0,2024-12-11 19:00:00
19120915472614497,咪网测试停车场,上虞区,97,100,2024-12-11 19:00:00
604011,雅图停车场,上虞区,60,0,2024-12-11 19:00:00
604002,梁祝大桥东桥下停车场,上虞区,95,58,2024-12-11 19:00:00
24032610340324759,小越历史街区停车场,上虞区,74,0,2024-12-11 19:00:00
604012,人民桥下2号停车场,上虞区,60,20,2024-12-11 19:00:00
604006,供销社停车场,上虞区,106,0,2024-12-11 19:00:00
604009,保驾山夜排挡停车场,上虞区,106,0,2024-12-11 19:00:00
604008,青春广场停车场,上虞区,70,56,2024-12-11 19:00:00
604013,第二人民医院停车场,上虞区,350,270,2024-12-11 19:00:00
604005,人民桥下停车场,上虞区,40,0,2024-12-11 18:55:00
604009,保驾山夜排挡停车场,上虞区,106,0,2024-12-11 18:55:00
604002,梁祝大桥东桥下停车场,上虞区,95,58,2024-12-11 18:55:00
604013,第二人民医院停车场,上虞区,350,270,2024-12-11 18:55:00
604006,供销社停车场,上虞区,106,0,2024-12-11 18:55:00
604008,青春广场停车场,上虞区,70,57,2024-12-11 18:55:00
604003,信义广场南停车场,上虞区,15,15,2024-12-11 18:55:00
24032610340324759,小越历史街区停车场,上虞区,74,0,2024-12-11 18:55:00
604004,保驾山停车场,上虞区,37,0,2024-12-11 18:55:00
604007,信义广场北停车场,上虞区,41,37,2024-12-11 18:55:00
604012,人民桥下2号停车场,上虞区,60,20,2024-12-11 18:55:00
604011,雅图停车场,上虞区,60,0,2024-12-11 18:55:00
19120915472614497,咪网测试停车场,上虞区,97,100,2024-12-11 18:55:00
604012,人民桥下2号停车场,上虞区,60,20,2024-12-11 18:50:00
604005,人民桥下停车场,上虞区,40,0,2024-12-11 18:50:00
604002,梁祝大桥东桥下停车场,上虞区,95,58,2024-12-11 18:50:00
604013,第二人民医院停车场,上虞区,350,272,2024-12-11 18:50:00
604009,保驾山夜排挡停车场,上虞区,106,0,2024-12-11 18:50:00
604007,信义广场北停车场,上虞区,41,37,2024-12-11 18:50:00
604011,雅图停车场,上虞区,60,0,2024-12-11 18:50:00
604003,信义广场南停车场,上虞区,15,15,2024-12-11 18:50:00
19120915472614497,咪网测试停车场,上虞区,97,100,2024-12-11 18:50:00
24032610340324759,小越历史街区停车场,上虞区,74,0,2024-12-11 18:50:00
604004,保驾山停车场,上虞区,37,0,2024-12-11 18:50:00
604008,青春广场停车场,上虞区,70,56,2024-12-11 18:50:00
604006,供销社停车场,上虞区,106,0,2024-12-11 18:50:00
604009,保驾山夜排挡停车场,上虞区,106,0,2024-12-11 18:45:00
604013,第二人民医院停车场,上虞区,350,275,2024-12-11 18:45:00
604007,信义广场北停车场,上虞区,41,37,2024-12-11 18:45:00
604003,信义广场南停车场,上虞区,15,15,2024-12-11 18:45:00
604005,人民桥下停车场,上虞区,40,0,2024-12-11 18:45:00
19120915472614497,咪网测试停车场,上虞区,97,100,2024-12-11 18:45:00
604011,雅图停车场,上虞区,60,0,2024-12-11 18:45:00
604002,梁祝大桥东桥下停车场,上虞区,95,58,2024-12-11 18:45:00
24032610340324759,小越历史街区停车场,上虞区,74,0,2024-12-11 18:45:00
604012,人民桥下2号停车场,上虞区,60,21,2024-12-11 18:45:00
604006,供销社停车场,上虞区,106,0,2024-12-11 18:45:00
604004,保驾山停车场,上虞区,37,0,2024-12-11 18:45:00
604008,青春广场停车场,上虞区,70,56,2024-12-11 18:45:00
604009,保驾山夜排挡停车场,上虞区,106,0,2024-12-11 18:40:00
604006,供销社停车场,上虞区,106,0,2024-12-11 18:40:00
604011,雅图停车场,上虞区,60,0,2024-12-11 18:40:00
604008,青春广场停车场,上虞区,70,57,2024-12-11 18:40:00
19120915472614497,咪网测试停车场,上虞区,97,100,2024-12-11 18:40:00
24032610340324759,小越历史街区停车场,上虞区,74,0,2024-12-11 18:40:00
604003,信义广场南停车场,上虞区,15,15,2024-12-11 18:40:00
604002,梁祝大桥东桥下停车场,上虞区,95,58,2024-12-11 18:40:00
604007,信义广场北停车场,上虞区,41,37,2024-12-11 18:40:00
604012,人民桥下2号停车场,上虞区,60,21,2024-12-11 18:40:00
604005,人民桥下停车场,上虞区,40,0,2024-12-11 18:40:00
604004,保驾山停车场,上虞区,37,0,2024-12-11 18:40:00
604013,第二人民医院停车场,上虞区,350,275,2024-12-11 18:40:00
604013,第二人民医院停车场,上虞区,350,275,2024-12-11 18:35:00
604003,信义广场南停车场,上虞区,15,15,2024-12-11 18:35:00
604002,梁祝大桥东桥下停车场,上虞区,95,58,2024-12-11 18:35:00
604009,保驾山夜排挡停车场,上虞区,106,0,2024-12-11 18:35:00
604006,供销社停车场,上虞区,106,0,2024-12-11 18:35:00
604011,雅图停车场,上虞区,60,0,2024-12-11 18:35:00
19120915472614497,咪网测试停车场,上虞区,97,100,2024-12-11 18:35:00
604005,人民桥下停车场,上虞区,40,0,2024-12-11 18:35:00
604007,信义广场北停车场,上虞区,41,38,2024-12-11 18:35:00
604004,保驾山停车场,上虞区,37,0,2024-12-11 18:35:00
24032610340324759,小越历史街区停车场,上虞区,74,0,2024-12-11 18:35:00
604012,人民桥下2号停车场,上虞区,60,21,2024-12-11 18:35:00
604008,青春广场停车场,上虞区,70,58,2024-12-11 18:35:00
19120915472614497,咪网测试停车场,上虞区,97,100,2024-12-11 18:30:00
24032610340324759,小越历史街区停车场,上虞区,74,0,2024-12-11 18:30:00
604006,供销社停车场,上虞区,106,0,2024-12-11 18:30:00
604012,人民桥下2号停车场,上虞区,60,21,2024-12-11 18:30:00
604013,第二人民医院停车场,上虞区,350,276,2024-12-11 18:30:00
604004,保驾山停车场,上虞区,37,0,2024-12-11 18:30:00
604007,信义广场北停车场,上虞区,41,38,2024-12-11 18:30:00
604005,人民桥下停车场,上虞区,40,0,2024-12-11 18:30:00
604011,雅图停车场,上虞区,60,0,2024-12-11 18:30:00
604002,梁祝大桥东桥下停车场,上虞区,95,58,2024-12-11 18:30:00
604009,保驾山夜排挡停车场,上虞区,106,0,2024-12-11 18:30:00
604003,信义广场南停车场,上虞区,15,15,2024-12-11 18:30:00
604008,青春广场停车场,上虞区,70,58,2024-12-11 18:30:00
604008,青春广场停车场,上虞区,70,60,2024-12-11 18:25:01
604007,信义广场北停车场,上虞区,41,38,2024-12-11 18:25:01
604011,雅图停车场,上虞区,60,0,2024-12-11 18:25:01
604002,梁祝大桥东桥下停车场,上虞区,95,58,2024-12-11 18:25:01
604009,保驾山夜排挡停车场,上虞区,106,0,2024-12-11 18:25:01
604004,保驾山停车场,上虞区,37,0,2024-12-11 18:25:01
604012,人民桥下2号停车场,上虞区,60,21,2024-12-11 18:25:01
19120915472614497,咪网测试停车场,上虞区,97,100,2024-12-11 18:25:01
24032610340324759,小越历史街区停车场,上虞区,74,0,2024-12-11 18:25:01
604013,第二人民医院停车场,上虞区,350,277,2024-12-11 18:25:01
604005,人民桥下停车场,上虞区,40,0,2024-12-11 18:25:01
604003,信义广场南停车场,上虞区,15,15,2024-12-11 18:25:01
604006,供销社停车场,上虞区,106,0,2024-12-11 18:25:01
604004,保驾山停车场,上虞区,37,0,2024-12-11 18:20:00
604003,信义广场南停车场,上虞区,15,15,2024-12-11 18:20:00
604006,供销社停车场,上虞区,106,0,2024-12-11 18:20:00
604008,青春广场停车场,上虞区,70,59,2024-12-11 18:20:00
604002,梁祝大桥东桥下停车场,上虞区,95,58,2024-12-11 18:20:00
19120915472614497,咪网测试停车场,上虞区,97,100,2024-12-11 18:20:00
604007,信义广场北停车场,上虞区,41,38,2024-12-11 18:20:00
604011,雅图停车场,上虞区,60,0,2024-12-11 18:20:00
604005,人民桥下停车场,上虞区,40,0,2024-12-11 18:20:00
604012,人民桥下2号停车场,上虞区,60,21,2024-12-11 18:20:00
604013,第二人民医院停车场,上虞区,350,280,2024-12-11 18:20:00
24032610340324759,小越历史街区停车场,上虞区,74,0,2024-12-11 18:20:00
604009,保驾山夜排挡停车场,上虞区,106,0,2024-12-11 18:20:00
604008,青春广场停车场,上虞区,70,59,2024-12-11 18:15:00
604011,雅图停车场,上虞区,60,0,2024-12-11 18:15:00
604004,保驾山停车场,上虞区,37,0,2024-12-11 18:15:00
604006,供销社停车场,上虞区,106,0,2024-12-11 18:15:00
604007,信义广场北停车场,上虞区,41,38,2024-12-11 18:15:00
24032610340324759,小越历史街区停车场,上虞区,74,0,2024-12-11 18:15:00
604013,第二人民医院停车场,上虞区,350,280,2024-12-11 18:15:00
604012,人民桥下2号停车场,上虞区,60,21,2024-12-11 18:15:00
19120915472614497,咪网测试停车场,上虞区,97,100,2024-12-11 18:15:00
604002,梁祝大桥东桥下停车场,上虞区,95,58,2024-12-11 18:15:00
604005,人民桥下停车场,上虞区,40,0,2024-12-11 18:15:00
604009,保驾山夜排挡停车场,上虞区,106,0,2024-12-11 18:15:00
604003,信义广场南停车场,上虞区,15,15,2024-12-11 18:15:00
604004,保驾山停车场,上虞区,37,0,2024-12-11 18:10:00
604009,保驾山夜排挡停车场,上虞区,106,0,2024-12-11 18:10:00
604003,信义广场南停车场,上虞区,15,15,2024-12-11 18:10:00
604002,梁祝大桥东桥下停车场,上虞区,95,58,2024-12-11 18:10:00
604005,人民桥下停车场,上虞区,40,0,2024-12-11 18:10:00
604012,人民桥下2号停车场,上虞区,60,21,2024-12-11 18:10:00
19120915472614497,咪网测试停车场,上虞区,97,100,2024-12-11 18:10:00
604008,青春广场停车场,上虞区,70,60,2024-12-11 18:10:00
604007,信义广场北停车场,上虞区,41,38,2024-12-11 18:10:00
604006,供销社停车场,上虞区,106,0,2024-12-11 18:10:00
24032610340324759,小越历史街区停车场,上虞区,74,0,2024-12-11 18:10:00
604011,雅图停车场,上虞区,60,0,2024-12-11 18:10:00
604013,第二人民医院停车场,上虞区,350,279,2024-12-11 18:10:00
604002,梁祝大桥东桥下停车场,上虞区,95,58,2024-12-11 18:05:00
604007,信义广场北停车场,上虞区,41,38,2024-12-11 18:05:00
604005,人民桥下停车场,上虞区,40,0,2024-12-11 18:05:00
24032610340324759,小越历史街区停车场,上虞区,74,0,2024-12-11 18:05:00
604013,第二人民医院停车场,上虞区,350,276,2024-12-11 18:05:00
604003,信义广场南停车场,上虞区,15,15,2024-12-11 18:05:00
604009,保驾山夜排挡停车场,上虞区,106,0,2024-12-11 18:05:00
604011,雅图停车场,上虞区,60,0,2024-12-11 18:05:00
604012,人民桥下2号停车场,上虞区,60,21,2024-12-11 18:05:00
604004,保驾山停车场,上虞区,37,0,2024-12-11 18:05:00
604006,供销社停车场,上虞区,106,0,2024-12-11 18:05:00
19120915472614497,咪网测试停车场,上虞区,97,100,2024-12-11 18:05:00
604008,青春广场停车场,上虞区,70,59,2024-12-11 18:05:00
604009,保驾山夜排挡停车场,上虞区,106,0,2024-12-11 18:00:00
604013,第二人民医院停车场,上虞区,350,275,2024-12-11 18:00:00
604007,信义广场北停车场,上虞区,41,38,2024-12-11 18:00:00
24032610340324759,小越历史街区停车场,上虞区,74,0,2024-12-11 18:00:00
604002,梁祝大桥东桥下停车场,上虞区,95,58,2024-12-11 18:00:00
604012,人民桥下2号停车场,上虞区,60,21,2024-12-11 18:00:00
604006,供销社停车场,上虞区,106,0,2024-12-11 18:00:00
604011,雅图停车场,上虞区,60,0,2024-12-11 18:00:00
604005,人民桥下停车场,上虞区,40,0,2024-12-11 18:00:00
19120915472614497,咪网测试停车场,上虞区,97,100,2024-12-11 18:00:00
604008,青春广场停车场,上虞区,70,59,2024-12-11 18:00:00
604004,保驾山停车场,上虞区,37,0,2024-12-11 18:00:00
604003,信义广场南停车场,上虞区,15,15,2024-12-11 18:00:00
604012,人民桥下2号停车场,上虞区,60,21,2024-12-11 17:55:00
604005,人民桥下停车场,上虞区,40,0,2024-12-11 17:55:00
604004,保驾山停车场,上虞区,37,0,2024-12-11 17:55:00
24032610340324759,小越历史街区停车场,上虞区,74,0,2024-12-11 17:55:00
604002,梁祝大桥东桥下停车场,上虞区,95,58,2024-12-11 17:55:00
604003,信义广场南停车场,上虞区,15,15,2024-12-11 17:55:00
604006,供销社停车场,上虞区,106,0,2024-12-11 17:55:00
604009,保驾山夜排挡停车场,上虞区,106,0,2024-12-11 17:55:00
19120915472614497,咪网测试停车场,上虞区,97,100,2024-12-11 17:55:00
604013,第二人民医院停车场,上虞区,350,277,2024-12-11 17:55:00
604008,青春广场停车场,上虞区,70,58,2024-12-11 17:55:00
604007,信义广场北停车场,上虞区,41,38,2024-12-11 17:55:00
604011,雅图停车场,上虞区,60,0,2024-12-11 17:55:00
19120915472614497,咪网测试停车场,上虞区,97,100,2024-12-11 17:50:00
604009,保驾山夜排挡停车场,上虞区,106,0,2024-12-11 17:50:00
604011,雅图停车场,上虞区,60,0,2024-12-11 17:50:00
24032610340324759,小越历史街区停车场,上虞区,74,0,2024-12-11 17:50:00
604004,保驾山停车场,上虞区,37,0,2024-12-11 17:50:00
604012,人民桥下2号停车场,上虞区,60,21,2024-12-11 17:50:00
604013,第二人民医院停车场,上虞区,350,278,2024-12-11 17:50:00
604003,信义广场南停车场,上虞区,15,15,2024-12-11 17:50:00
604007,信义广场北停车场,上虞区,41,38,2024-12-11 17:50:00
604005,人民桥下停车场,上虞区,40,0,2024-12-11 17:50:00
604008,青春广场停车场,上虞区,70,59,2024-12-11 17:50:00
604006,供销社停车场,上虞区,106,0,2024-12-11 17:50:00
604002,梁祝大桥东桥下停车场,上虞区,95,58,2024-12-11 17:50:00
604013,第二人民医院停车场,上虞区,350,282,2024-12-11 17:45:00
604003,信义广场南停车场,上虞区,15,15,2024-12-11 17:45:00
604007,信义广场北停车场,上虞区,41,38,2024-12-11 17:45:00
604008,青春广场停车场,上虞区,70,58,2024-12-11 17:45:00
19120915472614497,咪网测试停车场,上虞区,97,100,2024-12-11 17:45:00
604002,梁祝大桥东桥下停车场,上虞区,95,58,2024-12-11 17:45:00
604005,人民桥下停车场,上虞区,40,0,2024-12-11 17:45:00
604009,保驾山夜排挡停车场,上虞区,106,0,2024-12-11 17:45:00
604011,雅图停车场,上虞区,60,0,2024-12-11 17:45:00
604006,供销社停车场,上虞区,106,0,2024-12-11 17:45:00
604012,人民桥下2号停车场,上虞区,60,21,2024-12-11 17:45:00
24032610340324759,小越历史街区停车场,上虞区,74,0,2024-12-11 17:45:00
604004,保驾山停车场,上虞区,37,0,2024-12-11 17:45:00
604003,信义广场南停车场,上虞区,15,15,2024-12-11 17:40:00
604005,人民桥下停车场,上虞区,40,0,2024-12-11 17:40:00
604011,雅图停车场,上虞区,60,0,2024-12-11 17:40:00
604006,供销社停车场,上虞区,106,0,2024-12-11 17:40:00
604004,保驾山停车场,上虞区,37,0,2024-12-11 17:40:00
604008,青春广场停车场,上虞区,70,58,2024-12-11 17:40:00
604009,保驾山夜排挡停车场,上虞区,106,0,2024-12-11 17:40:00
604002,梁祝大桥东桥下停车场,上虞区,95,58,2024-12-11 17:40:00
24032610340324759,小越历史街区停车场,上虞区,74,0,2024-12-11 17:40:00
604012,人民桥下2号停车场,上虞区,60,21,2024-12-11 17:40:00
604007,信义广场北停车场,上虞区,41,38,2024-12-11 17:40:00
19120915472614497,咪网测试停车场,上虞区,97,100,2024-12-11 17:40:00
604013,第二人民医院停车场,上虞区,350,285,2024-12-11 17:40:00
604005,人民桥下停车场,上虞区,40,0,2024-12-11 17:35:00
604008,青春广场停车场,上虞区,70,57,2024-12-11 17:35:00
604011,雅图停车场,上虞区,60,0,2024-12-11 17:35:00
24032610340324759,小越历史街区停车场,上虞区,74,0,2024-12-11 17:35:00
604002,梁祝大桥东桥下停车场,上虞区,95,58,2024-12-11 17:35:00
604013,第二人民医院停车场,上虞区,350,283,2024-12-11 17:35:00
604007,信义广场北停车场,上虞区,41,38,2024-12-11 17:35:00
604009,保驾山夜排挡停车场,上虞区,106,0,2024-12-11 17:35:00
604006,供销社停车场,上虞区,106,0,2024-12-11 17:35:00
604003,信义广场南停车场,上虞区,15,15,2024-12-11 17:35:00
19120915472614497,咪网测试停车场,上虞区,97,100,2024-12-11 17:35:00
604004,保驾山停车场,上虞区,37,0,2024-12-11 17:35:00
604012,人民桥下2号停车场,上虞区,60,21,2024-12-11 17:35:00
24032610340324759,小越历史街区停车场,上虞区,74,0,2024-12-11 17:30:00
604009,保驾山夜排挡停车场,上虞区,106,0,2024-12-11 17:30:00
19120915472614497,咪网测试停车场,上虞区,97,100,2024-12-11 17:30:00
604003,信义广场南停车场,上虞区,15,15,2024-12-11 17:30:00
604013,第二人民医院停车场,上虞区,350,282,2024-12-11 17:30:00
604012,人民桥下2号停车场,上虞区,60,21,2024-12-11 17:30:00
604008,青春广场停车场,上虞区,70,57,2024-12-11 17:30:00
604007,信义广场北停车场,上虞区,41,38,2024-12-11 17:30:00
604002,梁祝大桥东桥下停车场,上虞区,95,58,2024-12-11 17:30:00
604004,保驾山停车场,上虞区,37,0,2024-12-11 17:30:00
604005,人民桥下停车场,上虞区,40,0,2024-12-11 17:30:00
604011,雅图停车场,上虞区,60,0,2024-12-11 17:30:00
604006,供销社停车场,上虞区,106,0,2024-12-11 17:30:00
604006,供销社停车场,上虞区,106,0,2024-12-11 17:25:00
604012,人民桥下2号停车场,上虞区,60,21,2024-12-11 17:25:00
604013,第二人民医院停车场,上虞区,350,280,2024-12-11 17:25:00
604011,雅图停车场,上虞区,60,0,2024-12-11 17:25:00
604004,保驾山停车场,上虞区,37,0,2024-12-11 17:25:00
604007,信义广场北停车场,上虞区,41,38,2024-12-11 17:25:00
604009,保驾山夜排挡停车场,上虞区,106,0,2024-12-11 17:25:00
604002,梁祝大桥东桥下停车场,上虞区,95,58,2024-12-11 17:25:00
604005,人民桥下停车场,上虞区,40,0,2024-12-11 17:25:00
19120915472614497,咪网测试停车场,上虞区,97,100,2024-12-11 17:25:00
604003,信义广场南停车场,上虞区,15,15,2024-12-11 17:25:00
24032610340324759,小越历史街区停车场,上虞区,74,0,2024-12-11 17:25:00
604008,青春广场停车场,上虞区,70,59,2024-12-11 17:25:00
604013,第二人民医院停车场,上虞区,350,283,2024-12-11 17:20:00
604006,供销社停车场,上虞区,106,0,2024-12-11 17:20:00
604008,青春广场停车场,上虞区,70,59,2024-12-11 17:20:00
19120915472614497,咪网测试停车场,上虞区,97,100,2024-12-11 17:20:00
24032610340324759,小越历史街区停车场,上虞区,74,0,2024-12-11 17:20:00
604009,保驾山夜排挡停车场,上虞区,106,0,2024-12-11 17:20:00
604011,雅图停车场,上虞区,60,0,2024-12-11 17:20:00
604004,保驾山停车场,上虞区,37,0,2024-12-11 17:20:00
604003,信义广场南停车场,上虞区,15,15,2024-12-11 17:20:00
604012,人民桥下2号停车场,上虞区,60,21,2024-12-11 17:20:00
604002,梁祝大桥东桥下停车场,上虞区,95,58,2024-12-11 17:20:00
604007,信义广场北停车场,上虞区,41,38,2024-12-11 17:20:00
604005,人民桥下停车场,上虞区,40,0,2024-12-11 17:20:00
604008,青春广场停车场,上虞区,70,60,2024-12-11 17:15:00
604003,信义广场南停车场,上虞区,15,15,2024-12-11 17:15:00
604006,供销社停车场,上虞区,106,0,2024-12-11 17:15:00
24032610340324759,小越历史街区停车场,上虞区,74,0,2024-12-11 17:15:00
604011,雅图停车场,上虞区,60,0,2024-12-11 17:15:00
604005,人民桥下停车场,上虞区,40,0,2024-12-11 17:15:00
604004,保驾山停车场,上虞区,37,0,2024-12-11 17:15:00
604013,第二人民医院停车场,上虞区,350,285,2024-12-11 17:15:00
604002,梁祝大桥东桥下停车场,上虞区,95,58,2024-12-11 17:15:00
604007,信义广场北停车场,上虞区,41,38,2024-12-11 17:15:00
19120915472614497,咪网测试停车场,上虞区,97,100,2024-12-11 17:15:00
604012,人民桥下2号停车场,上虞区,60,21,2024-12-11 17:15:00
604009,保驾山夜排挡停车场,上虞区,106,0,2024-12-11 17:15:00
19120915472614497,咪网测试停车场,上虞区,97,100,2024-12-11 17:10:00
604013,第二人民医院停车场,上虞区,350,283,2024-12-11 17:10:00
604003,信义广场南停车场,上虞区,15,15,2024-12-11 17:10:00
24032610340324759,小越历史街区停车场,上虞区,74,0,2024-12-11 17:10:00
604008,青春广场停车场,上虞区,70,59,2024-12-11 17:10:00
604007,信义广场北停车场,上虞区,41,38,2024-12-11 17:10:00
604011,雅图停车场,上虞区,60,0,2024-12-11 17:10:00
604002,梁祝大桥东桥下停车场,上虞区,95,58,2024-12-11 17:10:00
604012,人民桥下2号停车场,上虞区,60,21,2024-12-11 17:10:00
604005,人民桥下停车场,上虞区,40,0,2024-12-11 17:10:00
604004,保驾山停车场,上虞区,37,0,2024-12-11 17:10:00
604009,保驾山夜排挡停车场,上虞区,106,0,2024-12-11 17:10:00
604006,供销社停车场,上虞区,106,0,2024-12-11 17:10:00
604012,人民桥下2号停车场,上虞区,60,21,2024-12-11 17:05:00
19120915472614497,咪网测试停车场,上虞区,97,100,2024-12-11 17:05:00
604007,信义广场北停车场,上虞区,41,38,2024-12-11 17:05:00
604008,青春广场停车场,上虞区,70,60,2024-12-11 17:05:00
604011,雅图停车场,上虞区,60,0,2024-12-11 17:05:00
604004,保驾山停车场,上虞区,37,0,2024-12-11 17:05:00
604006,供销社停车场,上虞区,106,0,2024-12-11 17:05:00
604003,信义广场南停车场,上虞区,15,15,2024-12-11 17:05:00
24032610340324759,小越历史街区停车场,上虞区,74,0,2024-12-11 17:05:00
604002,梁祝大桥东桥下停车场,上虞区,95,58,2024-12-11 17:05:00
604005,人民桥下停车场,上虞区,40,0,2024-12-11 17:05:00
604009,保驾山夜排挡停车场,上虞区,106,0,2024-12-11 17:05:00
604013,第二人民医院停车场,上虞区,350,285,2024-12-11 17:05:00
604007,信义广场北停车场,上虞区,41,38,2024-12-11 17:00:00
604012,人民桥下2号停车场,上虞区,60,20,2024-12-11 17:00:00
604009,保驾山夜排挡停车场,上虞区,106,0,2024-12-11 17:00:00
604005,人民桥下停车场,上虞区,40,0,2024-12-11 17:00:00
24032610340324759,小越历史街区停车场,上虞区,74,0,2024-12-11 17:00:00
604006,供销社停车场,上虞区,106,0,2024-12-11 17:00:00
604013,第二人民医院停车场,上虞区,350,280,2024-12-11 17:00:00
604003,信义广场南停车场,上虞区,15,15,2024-12-11 17:00:00
604011,雅图停车场,上虞区,60,0,2024-12-11 17:00:00
604002,梁祝大桥东桥下停车场,上虞区,95,58,2024-12-11 17:00:00
604004,保驾山停车场,上虞区,37,0,2024-12-11 17:00:00
19120915472614497,咪网测试停车场,上虞区,97,100,2024-12-11 17:00:00
604008,青春广场停车场,上虞区,70,59,2024-12-11 17:00:00
604008,青春广场停车场,上虞区,70,55,2024-12-11 16:55:00
604005,人民桥下停车场,上虞区,40,0,2024-12-11 16:55:00
19120915472614497,咪网测试停车场,上虞区,97,100,2024-12-11 16:55:00
604003,信义广场南停车场,上虞区,15,15,2024-12-11 16:55:00
604007,信义广场北停车场,上虞区,41,38,2024-12-11 16:55:00
604004,保驾山停车场,上虞区,37,0,2024-12-11 16:55:00
604012,人民桥下2号停车场,上虞区,60,21,2024-12-11 16:55:00
604002,梁祝大桥东桥下停车场,上虞区,95,58,2024-12-11 16:55:00
604009,保驾山夜排挡停车场,上虞区,106,0,2024-12-11 16:55:00
604006,供销社停车场,上虞区,106,0,2024-12-11 16:55:00
604011,雅图停车场,上虞区,60,0,2024-12-11 16:55:00
604013,第二人民医院停车场,上虞区,350,278,2024-12-11 16:55:00
24032610340324759,小越历史街区停车场,上虞区,74,0,2024-12-11 16:55:00
604008,青春广场停车场,上虞区,70,44,2024-12-11 16:50:00
604004,保驾山停车场,上虞区,37,0,2024-12-11 16:50:00
604011,雅图停车场,上虞区,60,0,2024-12-11 16:50:00
604007,信义广场北停车场,上虞区,41,38,2024-12-11 16:50:00
604012,人民桥下2号停车场,上虞区,60,20,2024-12-11 16:50:00
604009,保驾山夜排挡停车场,上虞区,106,0,2024-12-11 16:50:00
604013,第二人民医院停车场,上虞区,350,266,2024-12-11 16:50:00
604006,供销社停车场,上虞区,106,0,2024-12-11 16:50:00
604002,梁祝大桥东桥下停车场,上虞区,95,58,2024-12-11 16:50:00
19120915472614497,咪网测试停车场,上虞区,97,100,2024-12-11 16:50:00
604005,人民桥下停车场,上虞区,40,0,2024-12-11 16:50:00
24032610340324759,小越历史街区停车场,上虞区,74,0,2024-12-11 16:50:00
604003,信义广场南停车场,上虞区,15,15,2024-12-11 16:50:00
604002,梁祝大桥东桥下停车场,上虞区,95,58,2024-12-11 16:45:00
604005,人民桥下停车场,上虞区,40,0,2024-12-11 16:45:00
604007,信义广场北停车场,上虞区,41,38,2024-12-11 16:45:00
24032610340324759,小越历史街区停车场,上虞区,74,0,2024-12-11 16:45:00
604003,信义广场南停车场,上虞区,15,15,2024-12-11 16:45:00
604006,供销社停车场,上虞区,106,0,2024-12-11 16:45:00
604013,第二人民医院停车场,上虞区,350,256,2024-12-11 16:45:00
604012,人民桥下2号停车场,上虞区,60,20,2024-12-11 16:45:00
604004,保驾山停车场,上虞区,37,0,2024-12-11 16:45:00
604009,保驾山夜排挡停车场,上虞区,106,0,2024-12-11 16:45:00
604011,雅图停车场,上虞区,60,0,2024-12-11 16:45:00
19120915472614497,咪网测试停车场,上虞区,97,100,2024-12-11 16:45:00
604008,青春广场停车场,上虞区,70,43,2024-12-11 16:45:00
604005,人民桥下停车场,上虞区,40,0,2024-12-11 16:40:00
604012,人民桥下2号停车场,上虞区,60,19,2024-12-11 16:40:00
604002,梁祝大桥东桥下停车场,上虞区,95,58,2024-12-11 16:40:00
604009,保驾山夜排挡停车场,上虞区,106,0,2024-12-11 16:40:00
19120915472614497,咪网测试停车场,上虞区,97,100,2024-12-11 16:40:00
604008,青春广场停车场,上虞区,70,40,2024-12-11 16:40:00
604013,第二人民医院停车场,上虞区,350,250,2024-12-11 16:40:00
604007,信义广场北停车场,上虞区,41,38,2024-12-11 16:40:00
604003,信义广场南停车场,上虞区,15,15,2024-12-11 16:40:00
604004,保驾山停车场,上虞区,37,0,2024-12-11 16:40:00
24032610340324759,小越历史街区停车场,上虞区,74,0,2024-12-11 16:40:00
604006,供销社停车场,上虞区,106,0,2024-12-11 16:40:00
604011,雅图停车场,上虞区,60,0,2024-12-11 16:40:00
604004,保驾山停车场,上虞区,37,0,2024-12-11 16:35:00
604007,信义广场北停车场,上虞区,41,38,2024-12-11 16:35:00
604011,雅图停车场,上虞区,60,0,2024-12-11 16:35:00
604002,梁祝大桥东桥下停车场,上虞区,95,58,2024-12-11 16:35:00
19120915472614497,咪网测试停车场,上虞区,97,100,2024-12-11 16:35:00
604012,人民桥下2号停车场,上虞区,60,19,2024-12-11 16:35:00
604006,供销社停车场,上虞区,106,0,2024-12-11 16:35:00
24032610340324759,小越历史街区停车场,上虞区,74,0,2024-12-11 16:35:00
604003,信义广场南停车场,上虞区,15,15,2024-12-11 16:35:00
604009,保驾山夜排挡停车场,上虞区,106,0,2024-12-11 16:35:00
604008,青春广场停车场,上虞区,70,33,2024-12-11 16:35:00
604005,人民桥下停车场,上虞区,40,0,2024-12-11 16:35:00
604013,第二人民医院停车场,上虞区,350,217,2024-12-11 16:35:00
604007,信义广场北停车场,上虞区,41,38,2024-12-11 16:30:00
604009,保驾山夜排挡停车场,上虞区,106,0,2024-12-11 16:30:00
604012,人民桥下2号停车场,上虞区,60,19,2024-12-11 16:30:00
604006,供销社停车场,上虞区,106,0,2024-12-11 16:30:00
604005,人民桥下停车场,上虞区,40,0,2024-12-11 16:30:00
24032610340324759,小越历史街区停车场,上虞区,74,0,2024-12-11 16:30:00
604011,雅图停车场,上虞区,60,0,2024-12-11 16:30:00
604003,信义广场南停车场,上虞区,15,15,2024-12-11 16:30:00
604002,梁祝大桥东桥下停车场,上虞区,95,58,2024-12-11 16:30:00
604004,保驾山停车场,上虞区,37,0,2024-12-11 16:30:00
604013,第二人民医院停车场,上虞区,350,181,2024-12-11 16:30:00
19120915472614497,咪网测试停车场,上虞区,97,100,2024-12-11 16:30:00
604008,青春广场停车场,上虞区,70,27,2024-12-11 16:30:00
604012,人民桥下2号停车场,上虞区,60,19,2024-12-11 16:25:00
604005,人民桥下停车场,上虞区,40,0,2024-12-11 16:25:00
604008,青春广场停车场,上虞区,70,35,2024-12-11 16:25:00
604013,第二人民医院停车场,上虞区,350,136,2024-12-11 16:25:00
604007,信义广场北停车场,上虞区,41,38,2024-12-11 16:25:00
604009,保驾山夜排挡停车场,上虞区,106,0,2024-12-11 16:25:00
604003,信义广场南停车场,上虞区,15,15,2024-12-11 16:25:00
24032610340324759,小越历史街区停车场,上虞区,74,0,2024-12-11 16:25:00
604006,供销社停车场,上虞区,106,0,2024-12-11 16:25:00
604004,保驾山停车场,上虞区,37,0,2024-12-11 16:25:00
604011,雅图停车场,上虞区,60,0,2024-12-11 16:25:00
19120915472614497,咪网测试停车场,上虞区,97,100,2024-12-11 16:25:00
604002,梁祝大桥东桥下停车场,上虞区,95,58,2024-12-11 16:25:00
604008,青春广场停车场,上虞区,70,41,2024-12-11 16:20:00
604003,信义广场南停车场,上虞区,15,15,2024-12-11 16:20:00
604007,信义广场北停车场,上虞区,41,38,2024-12-11 16:20:00
604013,第二人民医院停车场,上虞区,350,121,2024-12-11 16:20:00
604012,人民桥下2号停车场,上虞区,60,19,2024-12-11 16:20:00
604006,供销社停车场,上虞区,106,0,2024-12-11 16:20:00
604011,雅图停车场,上虞区,60,0,2024-12-11 16:20:00
604002,梁祝大桥东桥下停车场,上虞区,95,58,2024-12-11 16:20:00
604005,人民桥下停车场,上虞区,40,0,2024-12-11 16:20:00
24032610340324759,小越历史街区停车场,上虞区,74,0,2024-12-11 16:20:00
604004,保驾山停车场,上虞区,37,0,2024-12-11 16:20:00
604009,保驾山夜排挡停车场,上虞区,106,0,2024-12-11 16:20:00
19120915472614497,咪网测试停车场,上虞区,97,100,2024-12-11 16:20:00
19120915472614497,咪网测试停车场,上虞区,97,100,2024-12-11 16:15:00
604004,保驾山停车场,上虞区,37,0,2024-12-11 16:15:00
604012,人民桥下2号停车场,上虞区,60,19,2024-12-11 16:15:00
604011,雅图停车场,上虞区,60,0,2024-12-11 16:15:00
604007,信义广场北停车场,上虞区,41,38,2024-12-11 16:15:00
604006,供销社停车场,上虞区,106,0,2024-12-11 16:15:00
604009,保驾山夜排挡停车场,上虞区,106,0,2024-12-11 16:15:00
604008,青春广场停车场,上虞区,70,45,2024-12-11 16:15:00
604002,梁祝大桥东桥下停车场,上虞区,95,58,2024-12-11 16:15:00
604005,人民桥下停车场,上虞区,40,0,2024-12-11 16:15:00
24032610340324759,小越历史街区停车场,上虞区,74,0,2024-12-11 16:15:00
604013,第二人民医院停车场,上虞区,350,116,2024-12-11 16:15:00
604003,信义广场南停车场,上虞区,15,15,2024-12-11 16:15:00
604004,保驾山停车场,上虞区,37,0,2024-12-11 16:10:00
604006,供销社停车场,上虞区,106,0,2024-12-11 16:10:00
604013,第二人民医院停车场,上虞区,350,109,2024-12-11 16:10:00
604002,梁祝大桥东桥下停车场,上虞区,95,58,2024-12-11 16:10:00
604012,人民桥下2号停车场,上虞区,60,19,2024-12-11 16:10:00
604003,信义广场南停车场,上虞区,15,15,2024-12-11 16:10:00
24032610340324759,小越历史街区停车场,上虞区,74,0,2024-12-11 16:10:00
604009,保驾山夜排挡停车场,上虞区,106,0,2024-12-11 16:10:00
604008,青春广场停车场,上虞区,70,49,2024-12-11 16:10:00
604011,雅图停车场,上虞区,60,0,2024-12-11 16:10:00
604005,人民桥下停车场,上虞区,40,0,2024-12-11 16:10:00
604007,信义广场北停车场,上虞区,41,38,2024-12-11 16:10:00
19120915472614497,咪网测试停车场,上虞区,97,100,2024-12-11 16:10:00
604012,人民桥下2号停车场,上虞区,60,19,2024-12-11 16:05:00
604011,雅图停车场,上虞区,60,0,2024-12-11 16:05:00
604007,信义广场北停车场,上虞区,41,37,2024-12-11 16:05:00
604005,人民桥下停车场,上虞区,40,0,2024-12-11 16:05:00
24032610340324759,小越历史街区停车场,上虞区,74,0,2024-12-11 16:05:00
19120915472614497,咪网测试停车场,上虞区,97,100,2024-12-11 16:05:00
604008,青春广场停车场,上虞区,70,50,2024-12-11 16:05:00
604013,第二人民医院停车场,上虞区,350,102,2024-12-11 16:05:00
604002,梁祝大桥东桥下停车场,上虞区,95,58,2024-12-11 16:05:00
604006,供销社停车场,上虞区,106,0,2024-12-11 16:05:00
604009,保驾山夜排挡停车场,上虞区,106,0,2024-12-11 16:05:00
604003,信义广场南停车场,上虞区,15,15,2024-12-11 16:05:00
604004,保驾山停车场,上虞区,37,0,2024-12-11 16:05:00
604003,信义广场南停车场,上虞区,15,15,2024-12-11 16:00:00
604009,保驾山夜排挡停车场,上虞区,106,0,2024-12-11 16:00:00
604011,雅图停车场,上虞区,60,0,2024-12-11 16:00:00
604005,人民桥下停车场,上虞区,40,0,2024-12-11 16:00:00
24032610340324759,小越历史街区停车场,上虞区,74,0,2024-12-11 16:00:00
604004,保驾山停车场,上虞区,37,0,2024-12-11 16:00:00
604013,第二人民医院停车场,上虞区,350,100,2024-12-11 16:00:00
604008,青春广场停车场,上虞区,70,48,2024-12-11 16:00:00
19120915472614497,咪网测试停车场,上虞区,97,100,2024-12-11 16:00:00
604006,供销社停车场,上虞区,106,0,2024-12-11 16:00:00
604012,人民桥下2号停车场,上虞区,60,19,2024-12-11 16:00:00
604007,信义广场北停车场,上虞区,41,37,2024-12-11 16:00:00
604002,梁祝大桥东桥下停车场,上虞区,95,58,2024-12-11 16:00:00
604009,保驾山夜排挡停车场,上虞区,106,0,2024-12-11 15:55:00
604012,人民桥下2号停车场,上虞区,60,18,2024-12-11 15:55:00
604005,人民桥下停车场,上虞区,40,0,2024-12-11 15:55:00
604008,青春广场停车场,上虞区,70,49,2024-12-11 15:55:00
604002,梁祝大桥东桥下停车场,上虞区,95,57,2024-12-11 15:55:00
24032610340324759,小越历史街区停车场,上虞区,74,0,2024-12-11 15:55:00
604013,第二人民医院停车场,上虞区,350,96,2024-12-11 15:55:00
604003,信义广场南停车场,上虞区,15,15,2024-12-11 15:55:00
604007,信义广场北停车场,上虞区,41,37,2024-12-11 15:55:00
604006,供销社停车场,上虞区,106,0,2024-12-11 15:55:00
604011,雅图停车场,上虞区,60,0,2024-12-11 15:55:00
604004,保驾山停车场,上虞区,37,0,2024-12-11 15:55:00
19120915472614497,咪网测试停车场,上虞区,97,100,2024-12-11 15:55:00
19120915472614497,咪网测试停车场,上虞区,97,100,2024-12-11 15:50:00
604008,青春广场停车场,上虞区,70,50,2024-12-11 15:50:00
604012,人民桥下2号停车场,上虞区,60,18,2024-12-11 15:50:00
604005,人民桥下停车场,上虞区,40,0,2024-12-11 15:50:00
24032610340324759,小越历史街区停车场,上虞区,74,0,2024-12-11 15:50:00
604011,雅图停车场,上虞区,60,0,2024-12-11 15:50:00
604004,保驾山停车场,上虞区,37,0,2024-12-11 15:50:00
604009,保驾山夜排挡停车场,上虞区,106,0,2024-12-11 15:50:00
604006,供销社停车场,上虞区,106,0,2024-12-11 15:50:00
604013,第二人民医院停车场,上虞区,350,95,2024-12-11 15:50:00
604002,梁祝大桥东桥下停车场,上虞区,95,56,2024-12-11 15:50:00
604003,信义广场南停车场,上虞区,15,15,2024-12-11 15:50:00
604007,信义广场北停车场,上虞区,41,37,2024-12-11 15:50:00
604008,青春广场停车场,上虞区,70,47,2024-12-11 15:45:00
24032610340324759,小越历史街区停车场,上虞区,74,0,2024-12-11 15:45:00
604013,第二人民医院停车场,上虞区,350,94,2024-12-11 15:45:00
604003,信义广场南停车场,上虞区,15,15,2024-12-11 15:45:00
604004,保驾山停车场,上虞区,37,0,2024-12-11 15:45:00
19120915472614497,咪网测试停车场,上虞区,97,100,2024-12-11 15:45:00
604002,梁祝大桥东桥下停车场,上虞区,95,56,2024-12-11 15:45:00
604012,人民桥下2号停车场,上虞区,60,18,2024-12-11 15:45:00
604006,供销社停车场,上虞区,106,0,2024-12-11 15:45:00
604009,保驾山夜排挡停车场,上虞区,106,0,2024-12-11 15:45:00
604005,人民桥下停车场,上虞区,40,0,2024-12-11 15:45:00
604011,雅图停车场,上虞区,60,0,2024-12-11 15:45:00
604007,信义广场北停车场,上虞区,41,37,2024-12-11 15:45:00
604009,保驾山夜排挡停车场,上虞区,106,0,2024-12-11 15:40:00
604006,供销社停车场,上虞区,106,0,2024-12-11 15:40:00
604008,青春广场停车场,上虞区,70,46,2024-12-11 15:40:00
604005,人民桥下停车场,上虞区,40,0,2024-12-11 15:40:00
604007,信义广场北停车场,上虞区,41,37,2024-12-11 15:40:00
604012,人民桥下2号停车场,上虞区,60,18,2024-12-11 15:40:00
24032610340324759,小越历史街区停车场,上虞区,74,0,2024-12-11 15:40:00
604004,保驾山停车场,上虞区,37,0,2024-12-11 15:40:00
604003,信义广场南停车场,上虞区,15,15,2024-12-11 15:40:00
604002,梁祝大桥东桥下停车场,上虞区,95,56,2024-12-11 15:40:00
19120915472614497,咪网测试停车场,上虞区,97,100,2024-12-11 15:40:00
604011,雅图停车场,上虞区,60,0,2024-12-11 15:40:00
604013,第二人民医院停车场,上虞区,350,93,2024-12-11 15:40:00
604013,第二人民医院停车场,上虞区,350,93,2024-12-11 15:35:00
604007,信义广场北停车场,上虞区,41,37,2024-12-11 15:35:00
604006,供销社停车场,上虞区,106,0,2024-12-11 15:35:00
19120915472614497,咪网测试停车场,上虞区,97,100,2024-12-11 15:35:00
604004,保驾山停车场,上虞区,37,0,2024-12-11 15:35:00
24032610340324759,小越历史街区停车场,上虞区,74,0,2024-12-11 15:35:00
604005,人民桥下停车场,上虞区,40,0,2024-12-11 15:35:00
604002,梁祝大桥东桥下停车场,上虞区,95,56,2024-12-11 15:35:00
604003,信义广场南停车场,上虞区,15,15,2024-12-11 15:35:00
604008,青春广场停车场,上虞区,70,45,2024-12-11 15:35:00
604012,人民桥下2号停车场,上虞区,60,18,2024-12-11 15:35:00
604011,雅图停车场,上虞区,60,0,2024-12-11 15:35:00
604009,保驾山夜排挡停车场,上虞区,106,0,2024-12-11 15:35:00
604007,信义广场北停车场,上虞区,41,37,2024-12-11 15:30:00
604012,人民桥下2号停车场,上虞区,60,18,2024-12-11 15:30:00
19120915472614497,咪网测试停车场,上虞区,97,100,2024-12-11 15:30:00
604011,雅图停车场,上虞区,60,0,2024-12-11 15:30:00
604005,人民桥下停车场,上虞区,40,0,2024-12-11 15:30:00
24032610340324759,小越历史街区停车场,上虞区,74,0,2024-12-11 15:30:00
604004,保驾山停车场,上虞区,37,0,2024-12-11 15:30:00
604002,梁祝大桥东桥下停车场,上虞区,95,56,2024-12-11 15:30:00
604006,供销社停车场,上虞区,106,0,2024-12-11 15:30:00
604003,信义广场南停车场,上虞区,15,15,2024-12-11 15:30:00
604008,青春广场停车场,上虞区,70,45,2024-12-11 15:30:00
604009,保驾山夜排挡停车场,上虞区,106,0,2024-12-11 15:30:00
604013,第二人民医院停车场,上虞区,350,89,2024-12-11 15:30:00
604009,保驾山夜排挡停车场,上虞区,106,0,2024-12-11 15:25:00
604003,信义广场南停车场,上虞区,15,15,2024-12-11 15:25:00
604013,第二人民医院停车场,上虞区,350,82,2024-12-11 15:25:00
604002,梁祝大桥东桥下停车场,上虞区,95,57,2024-12-11 15:25:00
24032610340324759,小越历史街区停车场,上虞区,74,0,2024-12-11 15:25:00
604011,雅图停车场,上虞区,60,0,2024-12-11 15:25:00
604005,人民桥下停车场,上虞区,40,0,2024-12-11 15:25:00
604007,信义广场北停车场,上虞区,41,37,2024-12-11 15:25:00
19120915472614497,咪网测试停车场,上虞区,97,100,2024-12-11 15:25:00
604004,保驾山停车场,上虞区,37,0,2024-12-11 15:25:00
604008,青春广场停车场,上虞区,70,47,2024-12-11 15:25:00
604006,供销社停车场,上虞区,106,0,2024-12-11 15:25:00
604012,人民桥下2号停车场,上虞区,60,18,2024-12-11 15:25:00
604006,供销社停车场,上虞区,106,0,2024-12-11 15:20:00
604005,人民桥下停车场,上虞区,40,0,2024-12-11 15:20:00
604008,青春广场停车场,上虞区,70,50,2024-12-11 15:20:00
604002,梁祝大桥东桥下停车场,上虞区,95,57,2024-12-11 15:20:00
604007,信义广场北停车场,上虞区,41,37,2024-12-11 15:20:00
604004,保驾山停车场,上虞区,37,0,2024-12-11 15:20:00
604011,雅图停车场,上虞区,60,0,2024-12-11 15:20:00
19120915472614497,咪网测试停车场,上虞区,97,100,2024-12-11 15:20:00
604012,人民桥下2号停车场,上虞区,60,18,2024-12-11 15:20:00
604009,保驾山夜排挡停车场,上虞区,106,0,2024-12-11 15:20:00
604003,信义广场南停车场,上虞区,15,15,2024-12-11 15:20:00
24032610340324759,小越历史街区停车场,上虞区,74,0,2024-12-11 15:20:00
604013,第二人民医院停车场,上虞区,350,86,2024-12-11 15:20:00
604009,保驾山夜排挡停车场,上虞区,106,0,2024-12-11 15:15:00
604007,信义广场北停车场,上虞区,41,37,2024-12-11 15:15:00
24032610340324759,小越历史街区停车场,上虞区,74,0,2024-12-11 15:15:00
604006,供销社停车场,上虞区,106,0,2024-12-11 15:15:00
604003,信义广场南停车场,上虞区,15,15,2024-12-11 15:15:00
604005,人民桥下停车场,上虞区,40,0,2024-12-11 15:15:00
604008,青春广场停车场,上虞区,70,51,2024-12-11 15:15:00
19120915472614497,咪网测试停车场,上虞区,97,100,2024-12-11 15:15:00
604011,雅图停车场,上虞区,60,0,2024-12-11 15:15:00
604013,第二人民医院停车场,上虞区,350,80,2024-12-11 15:15:00
604002,梁祝大桥东桥下停车场,上虞区,95,56,2024-12-11 15:15:00
604012,人民桥下2号停车场,上虞区,60,18,2024-12-11 15:15:00
604004,保驾山停车场,上虞区,37,0,2024-12-11 15:15:00
604003,信义广场南停车场,上虞区,15,15,2024-12-11 15:10:00
604007,信义广场北停车场,上虞区,41,37,2024-12-11 15:10:00
604009,保驾山夜排挡停车场,上虞区,106,0,2024-12-11 15:10:00
604006,供销社停车场,上虞区,106,0,2024-12-11 15:10:00
604011,雅图停车场,上虞区,60,0,2024-12-11 15:10:00
19120915472614497,咪网测试停车场,上虞区,97,100,2024-12-11 15:10:00
604005,人民桥下停车场,上虞区,40,0,2024-12-11 15:10:00
604002,梁祝大桥东桥下停车场,上虞区,95,56,2024-12-11 15:10:00
604012,人民桥下2号停车场,上虞区,60,18,2024-12-11 15:10:00
604008,青春广场停车场,上虞区,70,51,2024-12-11 15:10:00
24032610340324759,小越历史街区停车场,上虞区,74,0,2024-12-11 15:10:00
604013,第二人民医院停车场,上虞区,350,75,2024-12-11 15:10:00
604004,保驾山停车场,上虞区,37,0,2024-12-11 15:10:00
604004,保驾山停车场,上虞区,37,0,2024-12-11 15:05:00
604003,信义广场南停车场,上虞区,15,15,2024-12-11 15:05:00
604006,供销社停车场,上虞区,106,0,2024-12-11 15:05:00
604002,梁祝大桥东桥下停车场,上虞区,95,56,2024-12-11 15:05:00
604009,保驾山夜排挡停车场,上虞区,106,0,2024-12-11 15:05:00
604008,青春广场停车场,上虞区,70,52,2024-12-11 15:05:00
604005,人民桥下停车场,上虞区,40,0,2024-12-11 15:05:00
19120915472614497,咪网测试停车场,上虞区,97,100,2024-12-11 15:05:00
604013,第二人民医院停车场,上虞区,350,71,2024-12-11 15:05:00
604007,信义广场北停车场,上虞区,41,37,2024-12-11 15:05:00
604012,人民桥下2号停车场,上虞区,60,18,2024-12-11 15:05:00
604011,雅图停车场,上虞区,60,0,2024-12-11 15:05:00
24032610340324759,小越历史街区停车场,上虞区,74,0,2024-12-11 15:05:00
604006,供销社停车场,上虞区,106,0,2024-12-11 15:00:00
604009,保驾山夜排挡停车场,上虞区,106,0,2024-12-11 15:00:00
604003,信义广场南停车场,上虞区,15,15,2024-12-11 15:00:00
604008,青春广场停车场,上虞区,70,53,2024-12-11 15:00:00
604012,人民桥下2号停车场,上虞区,60,18,2024-12-11 15:00:00
19120915472614497,咪网测试停车场,上虞区,97,100,2024-12-11 15:00:00
604005,人民桥下停车场,上虞区,40,0,2024-12-11 15:00:00
604011,雅图停车场,上虞区,60,0,2024-12-11 15:00:00
604007,信义广场北停车场,上虞区,41,35,2024-12-11 15:00:00
604013,第二人民医院停车场,上虞区,350,67,2024-12-11 15:00:00
24032610340324759,小越历史街区停车场,上虞区,74,0,2024-12-11 15:00:00
604002,梁祝大桥东桥下停车场,上虞区,95,54,2024-12-11 15:00:00
604004,保驾山停车场,上虞区,37,0,2024-12-11 15:00:00
24032610340324759,小越历史街区停车场,上虞区,74,0,2024-12-11 14:55:00
604002,梁祝大桥东桥下停车场,上虞区,95,53,2024-12-11 14:55:00
19120915472614497,咪网测试停车场,上虞区,97,100,2024-12-11 14:55:00
604011,雅图停车场,上虞区,60,0,2024-12-11 14:55:00
604003,信义广场南停车场,上虞区,15,15,2024-12-11 14:55:00
604009,保驾山夜排挡停车场,上虞区,106,0,2024-12-11 14:55:00
604012,人民桥下2号停车场,上虞区,60,18,2024-12-11 14:55:00
604004,保驾山停车场,上虞区,37,0,2024-12-11 14:55:00
604008,青春广场停车场,上虞区,70,54,2024-12-11 14:55:00
604007,信义广场北停车场,上虞区,41,35,2024-12-11 14:55:00
604013,第二人民医院停车场,上虞区,350,56,2024-12-11 14:55:00
604005,人民桥下停车场,上虞区,40,0,2024-12-11 14:55:00
604006,供销社停车场,上虞区,106,0,2024-12-11 14:55:00
604008,青春广场停车场,上虞区,70,52,2024-12-11 14:50:00
604005,人民桥下停车场,上虞区,40,0,2024-12-11 14:50:00
604012,人民桥下2号停车场,上虞区,60,18,2024-12-11 14:50:00
604011,雅图停车场,上虞区,60,0,2024-12-11 14:50:00
604003,信义广场南停车场,上虞区,15,15,2024-12-11 14:50:00
19120915472614497,咪网测试停车场,上虞区,97,100,2024-12-11 14:50:00
24032610340324759,小越历史街区停车场,上虞区,74,0,2024-12-11 14:50:00
604002,梁祝大桥东桥下停车场,上虞区,95,54,2024-12-11 14:50:00
604007,信义广场北停车场,上虞区,41,35,2024-12-11 14:50:00
604009,保驾山夜排挡停车场,上虞区,106,0,2024-12-11 14:50:00
604013,第二人民医院停车场,上虞区,350,56,2024-12-11 14:50:00
604006,供销社停车场,上虞区,106,0,2024-12-11 14:50:00
604004,保驾山停车场,上虞区,37,0,2024-12-11 14:50:00
604004,保驾山停车场,上虞区,37,0,2024-12-11 14:45:00
604006,供销社停车场,上虞区,106,0,2024-12-11 14:45:00
604012,人民桥下2号停车场,上虞区,60,18,2024-12-11 14:45:00
19120915472614497,咪网测试停车场,上虞区,97,100,2024-12-11 14:45:00
604007,信义广场北停车场,上虞区,41,35,2024-12-11 14:45:00
604008,青春广场停车场,上虞区,70,53,2024-12-11 14:45:00
604005,人民桥下停车场,上虞区,40,0,2024-12-11 14:45:00
604013,第二人民医院停车场,上虞区,350,49,2024-12-11 14:45:00
24032610340324759,小越历史街区停车场,上虞区,74,0,2024-12-11 14:45:00
604011,雅图停车场,上虞区,60,0,2024-12-11 14:45:00
604009,保驾山夜排挡停车场,上虞区,106,0,2024-12-11 14:45:00
604003,信义广场南停车场,上虞区,15,15,2024-12-11 14:45:00
604002,梁祝大桥东桥下停车场,上虞区,95,55,2024-12-11 14:45:00
604004,保驾山停车场,上虞区,37,0,2024-12-11 14:40:00
604013,第二人民医院停车场,上虞区,350,49,2024-12-11 14:40:00
604005,人民桥下停车场,上虞区,40,0,2024-12-11 14:40:00
19120915472614497,咪网测试停车场,上虞区,97,100,2024-12-11 14:40:00
604008,青春广场停车场,上虞区,70,51,2024-12-11 14:40:00
604003,信义广场南停车场,上虞区,15,15,2024-12-11 14:40:00
604002,梁祝大桥东桥下停车场,上虞区,95,56,2024-12-11 14:40:00
604007,信义广场北停车场,上虞区,41,36,2024-12-11 14:40:00
604006,供销社停车场,上虞区,106,0,2024-12-11 14:40:00
24032610340324759,小越历史街区停车场,上虞区,74,0,2024-12-11 14:40:00
604011,雅图停车场,上虞区,60,0,2024-12-11 14:40:00
604012,人民桥下2号停车场,上虞区,60,19,2024-12-11 14:40:00
604009,保驾山夜排挡停车场,上虞区,106,0,2024-12-11 14:40:00
24032610340324759,小越历史街区停车场,上虞区,74,0,2024-12-11 14:35:00
604011,雅图停车场,上虞区,60,0,2024-12-11 14:35:00
604003,信义广场南停车场,上虞区,15,15,2024-12-11 14:35:00
604009,保驾山夜排挡停车场,上虞区,106,0,2024-12-11 14:35:00
604007,信义广场北停车场,上虞区,41,36,2024-12-11 14:35:00
604006,供销社停车场,上虞区,106,0,2024-12-11 14:35:00
604004,保驾山停车场,上虞区,37,0,2024-12-11 14:35:00
19120915472614497,咪网测试停车场,上虞区,97,100,2024-12-11 14:35:00
604008,青春广场停车场,上虞区,70,49,2024-12-11 14:35:00
604013,第二人民医院停车场,上虞区,350,38,2024-12-11 14:35:00
604005,人民桥下停车场,上虞区,40,0,2024-12-11 14:35:00
604012,人民桥下2号停车场,上虞区,60,19,2024-12-11 14:35:00
604002,梁祝大桥东桥下停车场,上虞区,95,56,2024-12-11 14:35:00
604002,梁祝大桥东桥下停车场,上虞区,95,56,2024-12-11 14:30:00
24032610340324759,小越历史街区停车场,上虞区,74,0,2024-12-11 14:30:00
604009,保驾山夜排挡停车场,上虞区,106,0,2024-12-11 14:30:00
604007,信义广场北停车场,上虞区,41,36,2024-12-11 14:30:00
604005,人民桥下停车场,上虞区,40,0,2024-12-11 14:30:00
604012,人民桥下2号停车场,上虞区,60,19,2024-12-11 14:30:00
604004,保驾山停车场,上虞区,37,0,2024-12-11 14:30:00
604008,青春广场停车场,上虞区,70,49,2024-12-11 14:30:00
604013,第二人民医院停车场,上虞区,350,34,2024-12-11 14:30:00
19120915472614497,咪网测试停车场,上虞区,97,100,2024-12-11 14:30:00
604011,雅图停车场,上虞区,60,0,2024-12-11 14:30:00
604003,信义广场南停车场,上虞区,15,15,2024-12-11 14:30:00
604006,供销社停车场,上虞区,106,0,2024-12-11 14:30:00
604004,保驾山停车场,上虞区,37,0,2024-12-11 14:25:00
604003,信义广场南停车场,上虞区,15,15,2024-12-11 14:25:00
604006,供销社停车场,上虞区,106,0,2024-12-11 14:25:00
604007,信义广场北停车场,上虞区,41,36,2024-12-11 14:25:00
19120915472614497,咪网测试停车场,上虞区,97,100,2024-12-11 14:25:00
604008,青春广场停车场,上虞区,70,47,2024-12-11 14:25:00
604009,保驾山夜排挡停车场,上虞区,106,0,2024-12-11 14:25:00
604013,第二人民医院停车场,上虞区,350,33,2024-12-11 14:25:00
604005,人民桥下停车场,上虞区,40,0,2024-12-11 14:25:00
24032610340324759,小越历史街区停车场,上虞区,74,0,2024-12-11 14:25:00
604011,雅图停车场,上虞区,60,0,2024-12-11 14:25:00
604012,人民桥下2号停车场,上虞区,60,19,2024-12-11 14:25:00
604002,梁祝大桥东桥下停车场,上虞区,95,55,2024-12-11 14:25:00
604006,供销社停车场,上虞区,106,0,2024-12-11 14:20:00
604008,青春广场停车场,上虞区,70,44,2024-12-11 14:20:00
604011,雅图停车场,上虞区,60,0,2024-12-11 14:20:00
19120915472614497,咪网测试停车场,上虞区,97,100,2024-12-11 14:20:00
604009,保驾山夜排挡停车场,上虞区,106,0,2024-12-11 14:20:00
604003,信义广场南停车场,上虞区,15,15,2024-12-11 14:20:00
604012,人民桥下2号停车场,上虞区,60,19,2024-12-11 14:20:00
604005,人民桥下停车场,上虞区,40,0,2024-12-11 14:20:00
24032610340324759,小越历史街区停车场,上虞区,74,0,2024-12-11 14:20:00
604002,梁祝大桥东桥下停车场,上虞区,95,54,2024-12-11 14:20:00
604007,信义广场北停车场,上虞区,41,35,2024-12-11 14:20:00
604004,保驾山停车场,上虞区,37,0,2024-12-11 14:20:00
604013,第二人民医院停车场,上虞区,350,33,2024-12-11 14:20:00
604003,信义广场南停车场,上虞区,15,15,2024-12-11 14:15:00
604002,梁祝大桥东桥下停车场,上虞区,95,55,2024-12-11 14:15:00
604012,人民桥下2号停车场,上虞区,60,19,2024-12-11 14:15:00
604006,供销社停车场,上虞区,106,0,2024-12-11 14:15:00
604008,青春广场停车场,上虞区,70,45,2024-12-11 14:15:00
604013,第二人民医院停车场,上虞区,350,34,2024-12-11 14:15:00
604011,雅图停车场,上虞区,60,0,2024-12-11 14:15:00
24032610340324759,小越历史街区停车场,上虞区,74,0,2024-12-11 14:15:00
19120915472614497,咪网测试停车场,上虞区,97,100,2024-12-11 14:15:00
604009,保驾山夜排挡停车场,上虞区,106,0,2024-12-11 14:15:00
604007,信义广场北停车场,上虞区,41,35,2024-12-11 14:15:00
604004,保驾山停车场,上虞区,37,0,2024-12-11 14:15:00
604005,人民桥下停车场,上虞区,40,0,2024-12-11 14:15:00
604008,青春广场停车场,上虞区,70,46,2024-12-11 14:10:00
604005,人民桥下停车场,上虞区,40,0,2024-12-11 14:10:00
604004,保驾山停车场,上虞区,37,0,2024-12-11 14:10:00
604011,雅图停车场,上虞区,60,0,2024-12-11 14:10:00
604012,人民桥下2号停车场,上虞区,60,19,2024-12-11 14:10:00
604006,供销社停车场,上虞区,106,0,2024-12-11 14:10:00
19120915472614497,咪网测试停车场,上虞区,97,100,2024-12-11 14:10:00
604002,梁祝大桥东桥下停车场,上虞区,95,56,2024-12-11 14:10:00
604003,信义广场南停车场,上虞区,15,15,2024-12-11 14:10:00
604009,保驾山夜排挡停车场,上虞区,106,0,2024-12-11 14:10:00
604007,信义广场北停车场,上虞区,41,36,2024-12-11 14:10:00
604013,第二人民医院停车场,上虞区,350,33,2024-12-11 14:10:00
24032610340324759,小越历史街区停车场,上虞区,74,0,2024-12-11 14:10:00
604006,供销社停车场,上虞区,106,0,2024-12-11 14:05:00
604007,信义广场北停车场,上虞区,41,36,2024-12-11 14:05:00
604009,保驾山夜排挡停车场,上虞区,106,0,2024-12-11 14:05:00
604012,人民桥下2号停车场,上虞区,60,20,2024-12-11 14:05:00
604013,第二人民医院停车场,上虞区,350,31,2024-12-11 14:05:00
604002,梁祝大桥东桥下停车场,上虞区,95,56,2024-12-11 14:05:00
19120915472614497,咪网测试停车场,上虞区,97,100,2024-12-11 14:05:00
604008,青春广场停车场,上虞区,70,48,2024-12-11 14:05:00
604004,保驾山停车场,上虞区,37,0,2024-12-11 14:05:00
604005,人民桥下停车场,上虞区,40,0,2024-12-11 14:05:00
604011,雅图停车场,上虞区,60,0,2024-12-11 14:05:00
604003,信义广场南停车场,上虞区,15,15,2024-12-11 14:05:00
24032610340324759,小越历史街区停车场,上虞区,74,0,2024-12-11 14:05:00
604006,供销社停车场,上虞区,106,0,2024-12-11 14:00:00
604007,信义广场北停车场,上虞区,41,35,2024-12-11 14:00:00
604009,保驾山夜排挡停车场,上虞区,106,0,2024-12-11 14:00:00
604003,信义广场南停车场,上虞区,15,15,2024-12-11 14:00:00
604012,人民桥下2号停车场,上虞区,60,20,2024-12-11 14:00:00
604004,保驾山停车场,上虞区,37,0,2024-12-11 14:00:00
604013,第二人民医院停车场,上虞区,350,31,2024-12-11 14:00:00
604011,雅图停车场,上虞区,60,0,2024-12-11 14:00:00
24032610340324759,小越历史街区停车场,上虞区,74,0,2024-12-11 14:00:00
604005,人民桥下停车场,上虞区,40,0,2024-12-11 14:00:00
19120915472614497,咪网测试停车场,上虞区,97,100,2024-12-11 14:00:00
604002,梁祝大桥东桥下停车场,上虞区,95,56,2024-12-11 14:00:00
604008,青春广场停车场,上虞区,70,47,2024-12-11 14:00:00
604008,青春广场停车场,上虞区,70,47,2024-12-11 13:55:00
604011,雅图停车场,上虞区,60,0,2024-12-11 13:55:00
604004,保驾山停车场,上虞区,37,0,2024-12-11 13:55:00
604009,保驾山夜排挡停车场,上虞区,106,0,2024-12-11 13:55:00
604002,梁祝大桥东桥下停车场,上虞区,95,56,2024-12-11 13:55:00
604006,供销社停车场,上虞区,106,0,2024-12-11 13:55:00
604007,信义广场北停车场,上虞区,41,36,2024-12-11 13:55:00
604013,第二人民医院停车场,上虞区,350,36,2024-12-11 13:55:00
604005,人民桥下停车场,上虞区,40,0,2024-12-11 13:55:00
604003,信义广场南停车场,上虞区,15,15,2024-12-11 13:55:00
24032610340324759,小越历史街区停车场,上虞区,74,0,2024-12-11 13:55:00
604012,人民桥下2号停车场,上虞区,60,20,2024-12-11 13:55:00
19120915472614497,咪网测试停车场,上虞区,97,100,2024-12-11 13:55:00
604003,信义广场南停车场,上虞区,15,15,2024-12-11 13:50:00
19120915472614497,咪网测试停车场,上虞区,97,100,2024-12-11 13:50:00
24032610340324759,小越历史街区停车场,上虞区,74,0,2024-12-11 13:50:00
604004,保驾山停车场,上虞区,37,0,2024-12-11 13:50:00
604006,供销社停车场,上虞区,106,0,2024-12-11 13:50:00
604002,梁祝大桥东桥下停车场,上虞区,95,56,2024-12-11 13:50:00
604013,第二人民医院停车场,上虞区,350,43,2024-12-11 13:50:00
604007,信义广场北停车场,上虞区,41,36,2024-12-11 13:50:00
604005,人民桥下停车场,上虞区,40,0,2024-12-11 13:50:00
604011,雅图停车场,上虞区,60,0,2024-12-11 13:50:00
604009,保驾山夜排挡停车场,上虞区,106,0,2024-12-11 13:50:00
604008,青春广场停车场,上虞区,70,48,2024-12-11 13:50:00
604012,人民桥下2号停车场,上虞区,60,21,2024-12-11 13:50:00
604011,雅图停车场,上虞区,60,0,2024-12-11 13:45:00
604002,梁祝大桥东桥下停车场,上虞区,95,56,2024-12-11 13:45:00
604004,保驾山停车场,上虞区,37,0,2024-12-11 13:45:00
604008,青春广场停车场,上虞区,70,48,2024-12-11 13:45:00
604005,人民桥下停车场,上虞区,40,0,2024-12-11 13:45:00
604003,信义广场南停车场,上虞区,15,15,2024-12-11 13:45:00
604013,第二人民医院停车场,上虞区,350,51,2024-12-11 13:45:00
604006,供销社停车场,上虞区,106,0,2024-12-11 13:45:00
604009,保驾山夜排挡停车场,上虞区,106,0,2024-12-11 13:45:00
604007,信义广场北停车场,上虞区,41,36,2024-12-11 13:45:00
24032610340324759,小越历史街区停车场,上虞区,74,0,2024-12-11 13:45:00
604012,人民桥下2号停车场,上虞区,60,21,2024-12-11 13:45:00
19120915472614497,咪网测试停车场,上虞区,97,100,2024-12-11 13:45:00
604012,人民桥下2号停车场,上虞区,60,21,2024-12-11 13:40:00
604008,青春广场停车场,上虞区,70,49,2024-12-11 13:40:00
19120915472614497,咪网测试停车场,上虞区,97,100,2024-12-11 13:40:00
604004,保驾山停车场,上虞区,37,0,2024-12-11 13:40:00
604006,供销社停车场,上虞区,106,0,2024-12-11 13:40:00
24032610340324759,小越历史街区停车场,上虞区,74,0,2024-12-11 13:40:00
604013,第二人民医院停车场,上虞区,350,53,2024-12-11 13:40:00
604011,雅图停车场,上虞区,60,0,2024-12-11 13:40:00
604002,梁祝大桥东桥下停车场,上虞区,95,56,2024-12-11 13:40:00
604003,信义广场南停车场,上虞区,15,15,2024-12-11 13:40:00
604009,保驾山夜排挡停车场,上虞区,106,0,2024-12-11 13:40:00
604007,信义广场北停车场,上虞区,41,36,2024-12-11 13:40:00
604005,人民桥下停车场,上虞区,40,0,2024-12-11 13:40:00
604012,人民桥下2号停车场,上虞区,60,22,2024-12-11 13:35:00
604009,保驾山夜排挡停车场,上虞区,106,0,2024-12-11 13:35:00
604013,第二人民医院停车场,上虞区,350,52,2024-12-11 13:35:00
604004,保驾山停车场,上虞区,37,0,2024-12-11 13:35:00
19120915472614497,咪网测试停车场,上虞区,97,100,2024-12-11 13:35:00
604008,青春广场停车场,上虞区,70,50,2024-12-11 13:35:00
604005,人民桥下停车场,上虞区,40,0,2024-12-11 13:35:00
604006,供销社停车场,上虞区,106,0,2024-12-11 13:35:00
604002,梁祝大桥东桥下停车场,上虞区,95,56,2024-12-11 13:35:00
604003,信义广场南停车场,上虞区,15,15,2024-12-11 13:35:00
604007,信义广场北停车场,上虞区,41,36,2024-12-11 13:35:00
24032610340324759,小越历史街区停车场,上虞区,74,0,2024-12-11 13:35:00
604011,雅图停车场,上虞区,60,0,2024-12-11 13:35:00
24032610340324759,小越历史街区停车场,上虞区,74,0,2024-12-11 13:30:00
604013,第二人民医院停车场,上虞区,350,63,2024-12-11 13:30:00
604003,信义广场南停车场,上虞区,15,15,2024-12-11 13:30:00
19120915472614497,咪网测试停车场,上虞区,97,100,2024-12-11 13:30:00
604002,梁祝大桥东桥下停车场,上虞区,95,56,2024-12-11 13:30:00
604007,信义广场北停车场,上虞区,41,36,2024-12-11 13:30:00
604012,人民桥下2号停车场,上虞区,60,22,2024-12-11 13:30:00
604005,人民桥下停车场,上虞区,40,0,2024-12-11 13:30:00
604008,青春广场停车场,上虞区,70,52,2024-12-11 13:30:00
604004,保驾山停车场,上虞区,37,0,2024-12-11 13:30:00
604006,供销社停车场,上虞区,106,0,2024-12-11 13:30:00
604011,雅图停车场,上虞区,60,0,2024-12-11 13:30:00
604009,保驾山夜排挡停车场,上虞区,106,0,2024-12-11 13:30:00
604006,供销社停车场,上虞区,106,0,2024-12-11 13:25:00
24032610340324759,小越历史街区停车场,上虞区,74,0,2024-12-11 13:25:00
604009,保驾山夜排挡停车场,上虞区,106,0,2024-12-11 13:25:00
604011,雅图停车场,上虞区,60,0,2024-12-11 13:25:00
604008,青春广场停车场,上虞区,70,54,2024-12-11 13:25:00
604005,人民桥下停车场,上虞区,40,0,2024-12-11 13:25:00
604003,信义广场南停车场,上虞区,15,15,2024-12-11 13:25:00
19120915472614497,咪网测试停车场,上虞区,97,100,2024-12-11 13:25:00
604007,信义广场北停车场,上虞区,41,36,2024-12-11 13:25:00
604002,梁祝大桥东桥下停车场,上虞区,95,56,2024-12-11 13:25:00
604012,人民桥下2号停车场,上虞区,60,22,2024-12-11 13:25:00
604004,保驾山停车场,上虞区,37,0,2024-12-11 13:25:00
604013,第二人民医院停车场,上虞区,350,75,2024-12-11 13:25:00
604009,保驾山夜排挡停车场,上虞区,106,0,2024-12-11 13:20:00
604008,青春广场停车场,上虞区,70,56,2024-12-11 13:20:00
604003,信义广场南停车场,上虞区,15,15,2024-12-11 13:20:00
604004,保驾山停车场,上虞区,37,0,2024-12-11 13:20:00
604012,人民桥下2号停车场,上虞区,60,22,2024-12-11 13:20:00
19120915472614497,咪网测试停车场,上虞区,97,100,2024-12-11 13:20:00
604013,第二人民医院停车场,上虞区,350,92,2024-12-11 13:20:00
604006,供销社停车场,上虞区,106,0,2024-12-11 13:20:00
604002,梁祝大桥东桥下停车场,上虞区,95,55,2024-12-11 13:20:00
24032610340324759,小越历史街区停车场,上虞区,74,0,2024-12-11 13:20:00
604005,人民桥下停车场,上虞区,40,0,2024-12-11 13:20:00
604011,雅图停车场,上虞区,60,0,2024-12-11 13:20:00
604007,信义广场北停车场,上虞区,41,35,2024-12-11 13:20:00
604004,保驾山停车场,上虞区,37,0,2024-12-11 13:15:00
604002,梁祝大桥东桥下停车场,上虞区,95,56,2024-12-11 13:15:00
604005,人民桥下停车场,上虞区,40,0,2024-12-11 13:15:00
604012,人民桥下2号停车场,上虞区,60,22,2024-12-11 13:15:00
19120915472614497,咪网测试停车场,上虞区,97,100,2024-12-11 13:15:00
604008,青春广场停车场,上虞区,70,58,2024-12-11 13:15:00
604003,信义广场南停车场,上虞区,15,15,2024-12-11 13:15:00
604009,保驾山夜排挡停车场,上虞区,106,0,2024-12-11 13:15:00
604007,信义广场北停车场,上虞区,41,35,2024-12-11 13:15:00
604011,雅图停车场,上虞区,60,0,2024-12-11 13:15:00
604006,供销社停车场,上虞区,106,0,2024-12-11 13:15:00
604013,第二人民医院停车场,上虞区,350,94,2024-12-11 13:15:00
24032610340324759,小越历史街区停车场,上虞区,74,0,2024-12-11 13:15:00
604004,保驾山停车场,上虞区,37,0,2024-12-11 13:10:00
604011,雅图停车场,上虞区,60,0,2024-12-11 13:10:00
604008,青春广场停车场,上虞区,70,59,2024-12-11 13:10:00
19120915472614497,咪网测试停车场,上虞区,97,100,2024-12-11 13:10:00
604013,第二人民医院停车场,上虞区,350,101,2024-12-11 13:10:00
604009,保驾山夜排挡停车场,上虞区,106,0,2024-12-11 13:10:00
604012,人民桥下2号停车场,上虞区,60,22,2024-12-11 13:10:00
604005,人民桥下停车场,上虞区,40,0,2024-12-11 13:10:00
604006,供销社停车场,上虞区,106,0,2024-12-11 13:10:00
24032610340324759,小越历史街区停车场,上虞区,74,0,2024-12-11 13:10:00
604002,梁祝大桥东桥下停车场,上虞区,95,56,2024-12-11 13:10:00
604007,信义广场北停车场,上虞区,41,36,2024-12-11 13:10:00
604003,信义广场南停车场,上虞区,15,15,2024-12-11 13:10:00
604012,人民桥下2号停车场,上虞区,60,22,2024-12-11 13:05:00
19120915472614497,咪网测试停车场,上虞区,97,100,2024-12-11 13:05:00
604002,梁祝大桥东桥下停车场,上虞区,95,56,2024-12-11 13:05:00
604008,青春广场停车场,上虞区,70,60,2024-12-11 13:05:00
24032610340324759,小越历史街区停车场,上虞区,74,0,2024-12-11 13:05:00
604004,保驾山停车场,上虞区,37,0,2024-12-11 13:05:00
604013,第二人民医院停车场,上虞区,350,102,2024-12-11 13:05:00
604007,信义广场北停车场,上虞区,41,37,2024-12-11 13:05:00
604006,供销社停车场,上虞区,106,0,2024-12-11 13:05:00
604003,信义广场南停车场,上虞区,15,15,2024-12-11 13:05:00
604009,保驾山夜排挡停车场,上虞区,106,0,2024-12-11 13:05:00
604005,人民桥下停车场,上虞区,40,0,2024-12-11 13:05:00
604011,雅图停车场,上虞区,60,0,2024-12-11 13:05:00
604002,梁祝大桥东桥下停车场,上虞区,95,56,2024-12-11 13:00:00
19120915472614497,咪网测试停车场,上虞区,97,100,2024-12-11 13:00:00
604007,信义广场北停车场,上虞区,41,37,2024-12-11 13:00:00
604008,青春广场停车场,上虞区,70,59,2024-12-11 13:00:00
24032610340324759,小越历史街区停车场,上虞区,74,0,2024-12-11 13:00:00
604012,人民桥下2号停车场,上虞区,60,22,2024-12-11 13:00:00
604006,供销社停车场,上虞区,106,0,2024-12-11 13:00:00
604013,第二人民医院停车场,上虞区,350,107,2024-12-11 13:00:00
604003,信义广场南停车场,上虞区,15,15,2024-12-11 13:00:00
604005,人民桥下停车场,上虞区,40,0,2024-12-11 13:00:00
604004,保驾山停车场,上虞区,37,0,2024-12-11 13:00:00
604009,保驾山夜排挡停车场,上虞区,106,0,2024-12-11 13:00:00
604011,雅图停车场,上虞区,60,0,2024-12-11 13:00:00
604013,第二人民医院停车场,上虞区,350,113,2024-12-11 12:55:00
604005,人民桥下停车场,上虞区,40,0,2024-12-11 12:55:00
604002,梁祝大桥东桥下停车场,上虞区,95,56,2024-12-11 12:55:00
24032610340324759,小越历史街区停车场,上虞区,74,0,2024-12-11 12:55:00
604011,雅图停车场,上虞区,60,0,2024-12-11 12:55:00
604009,保驾山夜排挡停车场,上虞区,106,0,2024-12-11 12:55:00
604007,信义广场北停车场,上虞区,41,37,2024-12-11 12:55:00
604008,青春广场停车场,上虞区,70,59,2024-12-11 12:55:00
604006,供销社停车场,上虞区,106,0,2024-12-11 12:55:00
19120915472614497,咪网测试停车场,上虞区,97,100,2024-12-11 12:55:00
604004,保驾山停车场,上虞区,37,0,2024-12-11 12:55:00
604012,人民桥下2号停车场,上虞区,60,22,2024-12-11 12:55:00
604003,信义广场南停车场,上虞区,15,15,2024-12-11 12:55:00
604005,人民桥下停车场,上虞区,40,0,2024-12-11 12:50:00
604007,信义广场北停车场,上虞区,41,37,2024-12-11 12:50:00
604003,信义广场南停车场,上虞区,15,15,2024-12-11 12:50:00
604009,保驾山夜排挡停车场,上虞区,106,0,2024-12-11 12:50:00
604011,雅图停车场,上虞区,60,0,2024-12-11 12:50:00
604008,青春广场停车场,上虞区,70,60,2024-12-11 12:50:00
24032610340324759,小越历史街区停车场,上虞区,74,0,2024-12-11 12:50:00
604013,第二人民医院停车场,上虞区,350,111,2024-12-11 12:50:00
604002,梁祝大桥东桥下停车场,上虞区,95,56,2024-12-11 12:50:00
19120915472614497,咪网测试停车场,上虞区,97,100,2024-12-11 12:50:00
604012,人民桥下2号停车场,上虞区,60,22,2024-12-11 12:50:00
604004,保驾山停车场,上虞区,37,0,2024-12-11 12:50:00
604006,供销社停车场,上虞区,106,0,2024-12-11 12:50:00
604012,人民桥下2号停车场,上虞区,60,22,2024-12-11 12:45:00
604006,供销社停车场,上虞区,106,0,2024-12-11 12:45:00
604011,雅图停车场,上虞区,60,0,2024-12-11 12:45:00
604009,保驾山夜排挡停车场,上虞区,106,0,2024-12-11 12:45:00
19120915472614497,咪网测试停车场,上虞区,97,100,2024-12-11 12:45:00
604007,信义广场北停车场,上虞区,41,37,2024-12-11 12:45:00
24032610340324759,小越历史街区停车场,上虞区,74,0,2024-12-11 12:45:00
604002,梁祝大桥东桥下停车场,上虞区,95,56,2024-12-11 12:45:00
604003,信义广场南停车场,上虞区,15,15,2024-12-11 12:45:00
604008,青春广场停车场,上虞区,70,60,2024-12-11 12:45:00
604005,人民桥下停车场,上虞区,40,0,2024-12-11 12:45:00
604013,第二人民医院停车场,上虞区,350,115,2024-12-11 12:45:00
604004,保驾山停车场,上虞区,37,0,2024-12-11 12:45:00
604011,雅图停车场,上虞区,60,0,2024-12-11 12:40:00
604007,信义广场北停车场,上虞区,41,37,2024-12-11 12:40:00
24032610340324759,小越历史街区停车场,上虞区,74,0,2024-12-11 12:40:00
604005,人民桥下停车场,上虞区,40,0,2024-12-11 12:40:00
604012,人民桥下2号停车场,上虞区,60,22,2024-12-11 12:40:00
604008,青春广场停车场,上虞区,70,60,2024-12-11 12:40:00
604002,梁祝大桥东桥下停车场,上虞区,95,56,2024-12-11 12:40:00
604003,信义广场南停车场,上虞区,15,15,2024-12-11 12:40:00
604004,保驾山停车场,上虞区,37,0,2024-12-11 12:40:00
604009,保驾山夜排挡停车场,上虞区,106,0,2024-12-11 12:40:00
604013,第二人民医院停车场,上虞区,350,120,2024-12-11 12:40:00
19120915472614497,咪网测试停车场,上虞区,97,100,2024-12-11 12:40:00
604006,供销社停车场,上虞区,106,0,2024-12-11 12:40:00
604011,雅图停车场,上虞区,60,0,2024-12-11 12:35:00
604008,青春广场停车场,上虞区,70,58,2024-12-11 12:35:00
604006,供销社停车场,上虞区,106,0,2024-12-11 12:35:00
604009,保驾山夜排挡停车场,上虞区,106,0,2024-12-11 12:35:00
24032610340324759,小越历史街区停车场,上虞区,74,0,2024-12-11 12:35:00
604002,梁祝大桥东桥下停车场,上虞区,95,56,2024-12-11 12:35:00
604012,人民桥下2号停车场,上虞区,60,22,2024-12-11 12:35:00
604004,保驾山停车场,上虞区,37,0,2024-12-11 12:35:00
604005,人民桥下停车场,上虞区,40,0,2024-12-11 12:35:00
604013,第二人民医院停车场,上虞区,350,121,2024-12-11 12:35:00
604007,信义广场北停车场,上虞区,41,37,2024-12-11 12:35:00
604003,信义广场南停车场,上虞区,15,15,2024-12-11 12:35:00
19120915472614497,咪网测试停车场,上虞区,97,100,2024-12-11 12:35:00
24032610340324759,小越历史街区停车场,上虞区,74,0,2024-12-11 12:30:00
604003,信义广场南停车场,上虞区,15,15,2024-12-11 12:30:00
604005,人民桥下停车场,上虞区,40,0,2024-12-11 12:30:00
604006,供销社停车场,上虞区,106,0,2024-12-11 12:30:00
19120915472614497,咪网测试停车场,上虞区,97,100,2024-12-11 12:30:00
604008,青春广场停车场,上虞区,70,59,2024-12-11 12:30:00
604011,雅图停车场,上虞区,60,0,2024-12-11 12:30:00
604009,保驾山夜排挡停车场,上虞区,106,0,2024-12-11 12:30:00
604007,信义广场北停车场,上虞区,41,37,2024-12-11 12:30:00
604004,保驾山停车场,上虞区,37,0,2024-12-11 12:30:00
604013,第二人民医院停车场,上虞区,350,118,2024-12-11 12:30:00
604012,人民桥下2号停车场,上虞区,60,22,2024-12-11 12:30:00
604002,梁祝大桥东桥下停车场,上虞区,95,56,2024-12-11 12:30:00
604013,第二人民医院停车场,上虞区,350,115,2024-12-11 12:25:00
604008,青春广场停车场,上虞区,70,60,2024-12-11 12:25:00
604011,雅图停车场,上虞区,60,0,2024-12-11 12:25:00
604006,供销社停车场,上虞区,106,0,2024-12-11 12:25:00
604005,人民桥下停车场,上虞区,40,0,2024-12-11 12:25:00
19120915472614497,咪网测试停车场,上虞区,97,100,2024-12-11 12:25:00
604004,保驾山停车场,上虞区,37,0,2024-12-11 12:25:00
604009,保驾山夜排挡停车场,上虞区,106,0,2024-12-11 12:25:00
604002,梁祝大桥东桥下停车场,上虞区,95,56,2024-12-11 12:25:00
604003,信义广场南停车场,上虞区,15,15,2024-12-11 12:25:00
24032610340324759,小越历史街区停车场,上虞区,74,0,2024-12-11 12:25:00
604012,人民桥下2号停车场,上虞区,60,22,2024-12-11 12:25:00
604007,信义广场北停车场,上虞区,41,37,2024-12-11 12:25:00
604006,供销社停车场,上虞区,106,0,2024-12-11 12:20:00
604012,人民桥下2号停车场,上虞区,60,22,2024-12-11 12:20:00
604005,人民桥下停车场,上虞区,40,0,2024-12-11 12:20:00
604009,保驾山夜排挡停车场,上虞区,106,0,2024-12-11 12:20:00
604013,第二人民医院停车场,上虞区,350,116,2024-12-11 12:20:00
604003,信义广场南停车场,上虞区,15,15,2024-12-11 12:20:00
24032610340324759,小越历史街区停车场,上虞区,74,0,2024-12-11 12:20:00
604007,信义广场北停车场,上虞区,41,37,2024-12-11 12:20:00
604002,梁祝大桥东桥下停车场,上虞区,95,56,2024-12-11 12:20:00
604004,保驾山停车场,上虞区,37,0,2024-12-11 12:20:00
19120915472614497,咪网测试停车场,上虞区,97,100,2024-12-11 12:20:00
604011,雅图停车场,上虞区,60,0,2024-12-11 12:20:00
604008,青春广场停车场,上虞区,70,60,2024-12-11 12:20:00
604006,供销社停车场,上虞区,106,0,2024-12-11 12:15:00
604008,青春广场停车场,上虞区,70,60,2024-12-11 12:15:00
24032610340324759,小越历史街区停车场,上虞区,74,0,2024-12-11 12:15:00
604002,梁祝大桥东桥下停车场,上虞区,95,56,2024-12-11 12:15:00
604007,信义广场北停车场,上虞区,41,37,2024-12-11 12:15:00
604009,保驾山夜排挡停车场,上虞区,106,0,2024-12-11 12:15:00
19120915472614497,咪网测试停车场,上虞区,97,100,2024-12-11 12:15:00
604011,雅图停车场,上虞区,60,0,2024-12-11 12:15:00
604012,人民桥下2号停车场,上虞区,60,22,2024-12-11 12:15:00
604005,人民桥下停车场,上虞区,40,0,2024-12-11 12:15:00
604003,信义广场南停车场,上虞区,15,15,2024-12-11 12:15:00
604004,保驾山停车场,上虞区,37,0,2024-12-11 12:15:00
604013,第二人民医院停车场,上虞区,350,113,2024-12-11 12:15:00
604002,梁祝大桥东桥下停车场,上虞区,95,57,2024-12-11 12:10:00
604011,雅图停车场,上虞区,60,0,2024-12-11 12:10:00
604013,第二人民医院停车场,上虞区,350,109,2024-12-11 12:10:00
604005,人民桥下停车场,上虞区,40,0,2024-12-11 12:10:00
604008,青春广场停车场,上虞区,70,60,2024-12-11 12:10:00
604007,信义广场北停车场,上虞区,41,37,2024-12-11 12:10:00
604006,供销社停车场,上虞区,106,0,2024-12-11 12:10:00
19120915472614497,咪网测试停车场,上虞区,97,100,2024-12-11 12:10:00
604004,保驾山停车场,上虞区,37,0,2024-12-11 12:10:00
604012,人民桥下2号停车场,上虞区,60,22,2024-12-11 12:10:00
24032610340324759,小越历史街区停车场,上虞区,74,0,2024-12-11 12:10:00
604003,信义广场南停车场,上虞区,15,15,2024-12-11 12:10:00
604009,保驾山夜排挡停车场,上虞区,106,0,2024-12-11 12:10:00
604002,梁祝大桥东桥下停车场,上虞区,95,57,2024-12-11 12:05:00
604013,第二人民医院停车场,上虞区,350,107,2024-12-11 12:05:00
604003,信义广场南停车场,上虞区,15,15,2024-12-11 12:05:00
604005,人民桥下停车场,上虞区,40,0,2024-12-11 12:05:00
604012,人民桥下2号停车场,上虞区,60,22,2024-12-11 12:05:00
19120915472614497,咪网测试停车场,上虞区,97,100,2024-12-11 12:05:00
604008,青春广场停车场,上虞区,70,60,2024-12-11 12:05:00
604006,供销社停车场,上虞区,106,0,2024-12-11 12:05:00
24032610340324759,小越历史街区停车场,上虞区,74,0,2024-12-11 12:05:00
604011,雅图停车场,上虞区,60,0,2024-12-11 12:05:00
604009,保驾山夜排挡停车场,上虞区,106,0,2024-12-11 12:05:00
604007,信义广场北停车场,上虞区,41,37,2024-12-11 12:05:00
604004,保驾山停车场,上虞区,37,0,2024-12-11 12:05:00
604003,信义广场南停车场,上虞区,15,15,2024-12-11 12:00:00
604012,人民桥下2号停车场,上虞区,60,22,2024-12-11 12:00:00
19120915472614497,咪网测试停车场,上虞区,97,100,2024-12-11 12:00:00
24032610340324759,小越历史街区停车场,上虞区,74,0,2024-12-11 12:00:00
604007,信义广场北停车场,上虞区,41,37,2024-12-11 12:00:00
604005,人民桥下停车场,上虞区,40,0,2024-12-11 12:00:00
604006,供销社停车场,上虞区,106,0,2024-12-11 12:00:00
604002,梁祝大桥东桥下停车场,上虞区,95,57,2024-12-11 12:00:00
604011,雅图停车场,上虞区,60,0,2024-12-11 12:00:00
604013,第二人民医院停车场,上虞区,350,109,2024-12-11 12:00:00
604008,青春广场停车场,上虞区,70,58,2024-12-11 12:00:00
604004,保驾山停车场,上虞区,37,0,2024-12-11 12:00:00
604009,保驾山夜排挡停车场,上虞区,106,0,2024-12-11 12:00:00
604004,保驾山停车场,上虞区,37,0,2024-12-11 11:55:00
604012,人民桥下2号停车场,上虞区,60,21,2024-12-11 11:55:00
604002,梁祝大桥东桥下停车场,上虞区,95,57,2024-12-11 11:55:00
19120915472614497,咪网测试停车场,上虞区,97,100,2024-12-11 11:55:00
604013,第二人民医院停车场,上虞区,350,112,2024-12-11 11:55:00
604008,青春广场停车场,上虞区,70,60,2024-12-11 11:55:00
604009,保驾山夜排挡停车场,上虞区,106,0,2024-12-11 11:55:00
604006,供销社停车场,上虞区,106,0,2024-12-11 11:55:00
604003,信义广场南停车场,上虞区,15,15,2024-12-11 11:55:00
604007,信义广场北停车场,上虞区,41,37,2024-12-11 11:55:00
24032610340324759,小越历史街区停车场,上虞区,74,0,2024-12-11 11:55:00
604011,雅图停车场,上虞区,60,0,2024-12-11 11:55:00
604005,人民桥下停车场,上虞区,40,0,2024-12-11 11:55:00
604007,信义广场北停车场,上虞区,41,37,2024-12-11 11:50:00
604005,人民桥下停车场,上虞区,40,0,2024-12-11 11:50:00
604002,梁祝大桥东桥下停车场,上虞区,95,57,2024-12-11 11:50:00
24032610340324759,小越历史街区停车场,上虞区,74,0,2024-12-11 11:50:00
19120915472614497,咪网测试停车场,上虞区,97,100,2024-12-11 11:50:00
604003,信义广场南停车场,上虞区,15,15,2024-12-11 11:50:00
604008,青春广场停车场,上虞区,70,59,2024-12-11 11:50:00
604006,供销社停车场,上虞区,106,0,2024-12-11 11:50:00
604012,人民桥下2号停车场,上虞区,60,21,2024-12-11 11:50:00
604011,雅图停车场,上虞区,60,0,2024-12-11 11:50:00
604013,第二人民医院停车场,上虞区,350,113,2024-12-11 11:50:00
604009,保驾山夜排挡停车场,上虞区,106,0,2024-12-11 11:50:00
604004,保驾山停车场,上虞区,37,0,2024-12-11 11:50:00
24032610340324759,小越历史街区停车场,上虞区,74,0,2024-12-11 11:45:00
604006,供销社停车场,上虞区,106,0,2024-12-11 11:45:00
604005,人民桥下停车场,上虞区,40,0,2024-12-11 11:45:00
604004,保驾山停车场,上虞区,37,0,2024-12-11 11:45:00
604013,第二人民医院停车场,上虞区,350,107,2024-12-11 11:45:00
604007,信义广场北停车场,上虞区,41,37,2024-12-11 11:45:00
604002,梁祝大桥东桥下停车场,上虞区,95,57,2024-12-11 11:45:00
19120915472614497,咪网测试停车场,上虞区,97,100,2024-12-11 11:45:00
604003,信义广场南停车场,上虞区,15,15,2024-12-11 11:45:00
604008,青春广场停车场,上虞区,70,60,2024-12-11 11:45:00
604012,人民桥下2号停车场,上虞区,60,21,2024-12-11 11:45:00
604011,雅图停车场,上虞区,60,0,2024-12-11 11:45:00
604009,保驾山夜排挡停车场,上虞区,106,0,2024-12-11 11:45:00
19120915472614497,咪网测试停车场,上虞区,97,100,2024-12-11 11:40:00
604002,梁祝大桥东桥下停车场,上虞区,95,57,2024-12-11 11:40:00
604009,保驾山夜排挡停车场,上虞区,106,0,2024-12-11 11:40:00
604006,供销社停车场,上虞区,106,5,2024-12-11 11:40:00
604013,第二人民医院停车场,上虞区,350,99,2024-12-11 11:40:00
604008,青春广场停车场,上虞区,70,60,2024-12-11 11:40:00
24032610340324759,小越历史街区停车场,上虞区,74,0,2024-12-11 11:40:00
604012,人民桥下2号停车场,上虞区,60,21,2024-12-11 11:40:00
604005,人民桥下停车场,上虞区,40,0,2024-12-11 11:40:00
604004,保驾山停车场,上虞区,37,0,2024-12-11 11:40:00
604011,雅图停车场,上虞区,60,0,2024-12-11 11:40:00
604003,信义广场南停车场,上虞区,15,15,2024-12-11 11:40:00
604007,信义广场北停车场,上虞区,41,37,2024-12-11 11:40:00
604013,第二人民医院停车场,上虞区,350,92,2024-12-11 11:35:00
604005,人民桥下停车场,上虞区,40,0,2024-12-11 11:35:00
604009,保驾山夜排挡停车场,上虞区,106,0,2024-12-11 11:35:00
604003,信义广场南停车场,上虞区,15,15,2024-12-11 11:35:00
604004,保驾山停车场,上虞区,37,0,2024-12-11 11:35:00
604011,雅图停车场,上虞区,60,0,2024-12-11 11:35:00
604012,人民桥下2号停车场,上虞区,60,21,2024-12-11 11:35:00
604002,梁祝大桥东桥下停车场,上虞区,95,57,2024-12-11 11:35:00
604007,信义广场北停车场,上虞区,41,37,2024-12-11 11:35:00
604008,青春广场停车场,上虞区,70,59,2024-12-11 11:35:00
24032610340324759,小越历史街区停车场,上虞区,74,0,2024-12-11 11:35:00
19120915472614497,咪网测试停车场,上虞区,97,100,2024-12-11 11:35:00
604006,供销社停车场,上虞区,106,4,2024-12-11 11:35:00
604008,青春广场停车场,上虞区,70,59,2024-12-11 11:30:00
604011,雅图停车场,上虞区,60,0,2024-12-11 11:30:00
604009,保驾山夜排挡停车场,上虞区,106,0,2024-12-11 11:30:00
24032610340324759,小越历史街区停车场,上虞区,74,0,2024-12-11 11:30:00
604012,人民桥下2号停车场,上虞区,60,21,2024-12-11 11:30:00
604007,信义广场北停车场,上虞区,41,37,2024-12-11 11:30:00
604004,保驾山停车场,上虞区,37,0,2024-12-11 11:30:00
604006,供销社停车场,上虞区,106,6,2024-12-11 11:30:00
604003,信义广场南停车场,上虞区,15,15,2024-12-11 11:30:00
19120915472614497,咪网测试停车场,上虞区,97,100,2024-12-11 11:30:00
604005,人民桥下停车场,上虞区,40,0,2024-12-11 11:30:00
604002,梁祝大桥东桥下停车场,上虞区,95,57,2024-12-11 11:30:00
604013,第二人民医院停车场,上虞区,350,80,2024-12-11 11:30:00
604004,保驾山停车场,上虞区,37,0,2024-12-11 11:25:00
604011,雅图停车场,上虞区,60,0,2024-12-11 11:25:00
604003,信义广场南停车场,上虞区,15,15,2024-12-11 11:25:00
604008,青春广场停车场,上虞区,70,57,2024-12-11 11:25:00
24032610340324759,小越历史街区停车场,上虞区,74,0,2024-12-11 11:25:00
604012,人民桥下2号停车场,上虞区,60,21,2024-12-11 11:25:00
604013,第二人民医院停车场,上虞区,350,67,2024-12-11 11:25:00
604009,保驾山夜排挡停车场,上虞区,106,0,2024-12-11 11:25:00
604006,供销社停车场,上虞区,106,8,2024-12-11 11:25:00
19120915472614497,咪网测试停车场,上虞区,97,100,2024-12-11 11:25:00
604002,梁祝大桥东桥下停车场,上虞区,95,56,2024-12-11 11:25:00
604005,人民桥下停车场,上虞区,40,0,2024-12-11 11:25:00
604007,信义广场北停车场,上虞区,41,37,2024-12-11 11:25:00
604013,第二人民医院停车场,上虞区,350,53,2024-12-11 11:20:00
604011,雅图停车场,上虞区,60,0,2024-12-11 11:20:00
604003,信义广场南停车场,上虞区,15,15,2024-12-11 11:20:00
604008,青春广场停车场,上虞区,70,58,2024-12-11 11:20:00
19120915472614497,咪网测试停车场,上虞区,97,100,2024-12-11 11:20:00
604004,保驾山停车场,上虞区,37,0,2024-12-11 11:20:00
604002,梁祝大桥东桥下停车场,上虞区,95,56,2024-12-11 11:20:00
24032610340324759,小越历史街区停车场,上虞区,74,0,2024-12-11 11:20:00
604007,信义广场北停车场,上虞区,41,37,2024-12-11 11:20:00
604006,供销社停车场,上虞区,106,16,2024-12-11 11:20:00
604009,保驾山夜排挡停车场,上虞区,106,0,2024-12-11 11:20:00
604005,人民桥下停车场,上虞区,40,0,2024-12-11 11:20:00
604012,人民桥下2号停车场,上虞区,60,21,2024-12-11 11:20:00
604004,保驾山停车场,上虞区,37,0,2024-12-11 11:15:00
604009,保驾山夜排挡停车场,上虞区,106,0,2024-12-11 11:15:00
604012,人民桥下2号停车场,上虞区,60,21,2024-12-11 11:15:00
604005,人民桥下停车场,上虞区,40,0,2024-12-11 11:15:00
604003,信义广场南停车场,上虞区,15,15,2024-12-11 11:15:00
604007,信义广场北停车场,上虞区,41,37,2024-12-11 11:15:00
604002,梁祝大桥东桥下停车场,上虞区,95,56,2024-12-11 11:15:00
19120915472614497,咪网测试停车场,上虞区,97,100,2024-12-11 11:15:00
24032610340324759,小越历史街区停车场,上虞区,74,0,2024-12-11 11:15:00
604013,第二人民医院停车场,上虞区,350,52,2024-12-11 11:15:00
604006,供销社停车场,上虞区,106,19,2024-12-11 11:15:00
604011,雅图停车场,上虞区,60,0,2024-12-11 11:15:00
604008,青春广场停车场,上虞区,70,57,2024-12-11 11:15:00
604002,梁祝大桥东桥下停车场,上虞区,95,57,2024-12-11 11:10:00
604005,人民桥下停车场,上虞区,40,0,2024-12-11 11:10:00
604013,第二人民医院停车场,上虞区,350,44,2024-12-11 11:10:00
604011,雅图停车场,上虞区,60,0,2024-12-11 11:10:00
24032610340324759,小越历史街区停车场,上虞区,74,0,2024-12-11 11:10:00
604012,人民桥下2号停车场,上虞区,60,21,2024-12-11 11:10:00
604003,信义广场南停车场,上虞区,15,15,2024-12-11 11:10:00
604004,保驾山停车场,上虞区,37,0,2024-12-11 11:10:00
604009,保驾山夜排挡停车场,上虞区,106,0,2024-12-11 11:10:00
604008,青春广场停车场,上虞区,70,55,2024-12-11 11:10:00
604007,信义广场北停车场,上虞区,41,37,2024-12-11 11:10:00
604006,供销社停车场,上虞区,106,19,2024-12-11 11:10:00
19120915472614497,咪网测试停车场,上虞区,97,100,2024-12-11 11:10:00
604012,人民桥下2号停车场,上虞区,60,21,2024-12-11 11:05:00
604009,保驾山夜排挡停车场,上虞区,106,0,2024-12-11 11:05:00
604006,供销社停车场,上虞区,106,23,2024-12-11 11:05:00
604004,保驾山停车场,上虞区,37,0,2024-12-11 11:05:00
19120915472614497,咪网测试停车场,上虞区,97,100,2024-12-11 11:05:00
604005,人民桥下停车场,上虞区,40,0,2024-12-11 11:05:00
604011,雅图停车场,上虞区,60,0,2024-12-11 11:05:00
24032610340324759,小越历史街区停车场,上虞区,74,0,2024-12-11 11:05:00
604008,青春广场停车场,上虞区,70,54,2024-12-11 11:05:00
604007,信义广场北停车场,上虞区,41,37,2024-12-11 11:05:00
604002,梁祝大桥东桥下停车场,上虞区,95,57,2024-12-11 11:05:00
604013,第二人民医院停车场,上虞区,350,43,2024-12-11 11:05:00
604003,信义广场南停车场,上虞区,15,15,2024-12-11 11:05:00
604005,人民桥下停车场,上虞区,40,0,2024-12-11 11:00:00
604011,雅图停车场,上虞区,60,0,2024-12-11 11:00:00
19120915472614497,咪网测试停车场,上虞区,97,100,2024-12-11 11:00:00
604013,第二人民医院停车场,上虞区,350,43,2024-12-11 11:00:00
24032610340324759,小越历史街区停车场,上虞区,74,0,2024-12-11 11:00:00
604004,保驾山停车场,上虞区,37,0,2024-12-11 11:00:00
604009,保驾山夜排挡停车场,上虞区,106,0,2024-12-11 11:00:00
604007,信义广场北停车场,上虞区,41,36,2024-12-11 11:00:00
604002,梁祝大桥东桥下停车场,上虞区,95,57,2024-12-11 11:00:00
604003,信义广场南停车场,上虞区,15,15,2024-12-11 11:00:00
604008,青春广场停车场,上虞区,70,54,2024-12-11 11:00:00
604012,人民桥下2号停车场,上虞区,60,21,2024-12-11 11:00:00
604006,供销社停车场,上虞区,106,25,2024-12-11 11:00:00
604009,保驾山夜排挡停车场,上虞区,106,0,2024-12-11 10:55:00
19120915472614497,咪网测试停车场,上虞区,97,100,2024-12-11 10:55:00
604005,人民桥下停车场,上虞区,40,0,2024-12-11 10:55:00
604006,供销社停车场,上虞区,106,22,2024-12-11 10:55:00
604011,雅图停车场,上虞区,60,0,2024-12-11 10:55:00
604003,信义广场南停车场,上虞区,15,15,2024-12-11 10:55:00
604002,梁祝大桥东桥下停车场,上虞区,95,57,2024-12-11 10:55:00
604012,人民桥下2号停车场,上虞区,60,20,2024-12-11 10:55:00
604008,青春广场停车场,上虞区,70,50,2024-12-11 10:55:00
604007,信义广场北停车场,上虞区,41,37,2024-12-11 10:55:00
604004,保驾山停车场,上虞区,37,0,2024-12-11 10:55:00
24032610340324759,小越历史街区停车场,上虞区,74,0,2024-12-11 10:55:00
604013,第二人民医院停车场,上虞区,350,39,2024-12-11 10:55:00
604008,青春广场停车场,上虞区,70,51,2024-12-11 10:50:00
24032610340324759,小越历史街区停车场,上虞区,74,0,2024-12-11 10:50:00
604003,信义广场南停车场,上虞区,15,15,2024-12-11 10:50:00
604007,信义广场北停车场,上虞区,41,37,2024-12-11 10:50:00
604009,保驾山夜排挡停车场,上虞区,106,0,2024-12-11 10:50:00
604002,梁祝大桥东桥下停车场,上虞区,95,57,2024-12-11 10:50:00
604005,人民桥下停车场,上虞区,40,0,2024-12-11 10:50:00
604006,供销社停车场,上虞区,106,25,2024-12-11 10:50:00
604013,第二人民医院停车场,上虞区,350,35,2024-12-11 10:50:00
604012,人民桥下2号停车场,上虞区,60,20,2024-12-11 10:50:00
604004,保驾山停车场,上虞区,37,0,2024-12-11 10:50:00
19120915472614497,咪网测试停车场,上虞区,97,100,2024-12-11 10:50:00
604011,雅图停车场,上虞区,60,0,2024-12-11 10:50:00
604012,人民桥下2号停车场,上虞区,60,20,2024-12-11 10:45:00
604005,人民桥下停车场,上虞区,40,0,2024-12-11 10:45:00
604002,梁祝大桥东桥下停车场,上虞区,95,57,2024-12-11 10:45:00
604008,青春广场停车场,上虞区,70,52,2024-12-11 10:45:00
19120915472614497,咪网测试停车场,上虞区,97,100,2024-12-11 10:45:00
604013,第二人民医院停车场,上虞区,350,23,2024-12-11 10:45:00
604006,供销社停车场,上虞区,106,28,2024-12-11 10:45:00
604004,保驾山停车场,上虞区,37,0,2024-12-11 10:45:00
604011,雅图停车场,上虞区,60,0,2024-12-11 10:45:00
604009,保驾山夜排挡停车场,上虞区,106,0,2024-12-11 10:45:00
604003,信义广场南停车场,上虞区,15,15,2024-12-11 10:45:00
604007,信义广场北停车场,上虞区,41,36,2024-12-11 10:45:00
24032610340324759,小越历史街区停车场,上虞区,74,0,2024-12-11 10:45:00
19120915472614497,咪网测试停车场,上虞区,97,100,2024-12-11 10:40:00
604004,保驾山停车场,上虞区,37,0,2024-12-11 10:40:00
604009,保驾山夜排挡停车场,上虞区,106,0,2024-12-11 10:40:00
24032610340324759,小越历史街区停车场,上虞区,74,0,2024-12-11 10:40:00
604003,信义广场南停车场,上虞区,15,15,2024-12-11 10:40:00
604007,信义广场北停车场,上虞区,41,35,2024-12-11 10:40:00
604008,青春广场停车场,上虞区,70,51,2024-12-11 10:40:00
604002,梁祝大桥东桥下停车场,上虞区,95,57,2024-12-11 10:40:00
604006,供销社停车场,上虞区,106,33,2024-12-11 10:40:00
604013,第二人民医院停车场,上虞区,350,23,2024-12-11 10:40:00
604012,人民桥下2号停车场,上虞区,60,20,2024-12-11 10:40:00
604005,人民桥下停车场,上虞区,40,0,2024-12-11 10:40:00
604011,雅图停车场,上虞区,60,0,2024-12-11 10:40:00
604007,信义广场北停车场,上虞区,41,35,2024-12-11 10:35:00
604005,人民桥下停车场,上虞区,40,0,2024-12-11 10:35:00
604003,信义广场南停车场,上虞区,15,15,2024-12-11 10:35:00
604006,供销社停车场,上虞区,106,36,2024-12-11 10:35:00
604011,雅图停车场,上虞区,60,0,2024-12-11 10:35:00
19120915472614497,咪网测试停车场,上虞区,97,100,2024-12-11 10:35:00
604013,第二人民医院停车场,上虞区,350,22,2024-12-11 10:35:00
604008,青春广场停车场,上虞区,70,51,2024-12-11 10:35:00
604002,梁祝大桥东桥下停车场,上虞区,95,57,2024-12-11 10:35:00
24032610340324759,小越历史街区停车场,上虞区,74,0,2024-12-11 10:35:00
604012,人民桥下2号停车场,上虞区,60,20,2024-12-11 10:35:00
604004,保驾山停车场,上虞区,37,0,2024-12-11 10:35:00
604009,保驾山夜排挡停车场,上虞区,106,0,2024-12-11 10:35:00
604013,第二人民医院停车场,上虞区,350,7,2024-12-11 10:30:00
604002,梁祝大桥东桥下停车场,上虞区,95,57,2024-12-11 10:30:00
604004,保驾山停车场,上虞区,37,0,2024-12-11 10:30:00
24032610340324759,小越历史街区停车场,上虞区,74,0,2024-12-11 10:30:00
604006,供销社停车场,上虞区,106,36,2024-12-11 10:30:00
19120915472614497,咪网测试停车场,上虞区,97,100,2024-12-11 10:30:00
604011,雅图停车场,上虞区,60,0,2024-12-11 10:30:00
604007,信义广场北停车场,上虞区,41,36,2024-12-11 10:30:00
604005,人民桥下停车场,上虞区,40,0,2024-12-11 10:30:00
604009,保驾山夜排挡停车场,上虞区,106,0,2024-12-11 10:30:00
604003,信义广场南停车场,上虞区,15,15,2024-12-11 10:30:00
604008,青春广场停车场,上虞区,70,51,2024-12-11 10:30:00
604012,人民桥下2号停车场,上虞区,60,20,2024-12-11 10:30:00
604003,信义广场南停车场,上虞区,15,15,2024-12-11 10:25:00
24032610340324759,小越历史街区停车场,上虞区,74,0,2024-12-11 10:25:00
604009,保驾山夜排挡停车场,上虞区,106,0,2024-12-11 10:25:00
604007,信义广场北停车场,上虞区,41,36,2024-12-11 10:25:00
19120915472614497,咪网测试停车场,上虞区,97,100,2024-12-11 10:25:00
604012,人民桥下2号停车场,上虞区,60,20,2024-12-11 10:25:00
604004,保驾山停车场,上虞区,37,0,2024-12-11 10:25:00
604008,青春广场停车场,上虞区,70,50,2024-12-11 10:25:00
604006,供销社停车场,上虞区,106,41,2024-12-11 10:25:00
604013,第二人民医院停车场,上虞区,350,9,2024-12-11 10:25:00
604005,人民桥下停车场,上虞区,40,0,2024-12-11 10:25:00
604011,雅图停车场,上虞区,60,0,2024-12-11 10:25:00
604002,梁祝大桥东桥下停车场,上虞区,95,57,2024-12-11 10:25:00
604011,雅图停车场,上虞区,60,0,2024-12-11 10:20:00
604009,保驾山夜排挡停车场,上虞区,106,0,2024-12-11 10:20:00
24032610340324759,小越历史街区停车场,上虞区,74,0,2024-12-11 10:20:00
604004,保驾山停车场,上虞区,37,0,2024-12-11 10:20:00
604006,供销社停车场,上虞区,106,46,2024-12-11 10:20:00
604007,信义广场北停车场,上虞区,41,36,2024-12-11 10:20:00
604013,第二人民医院停车场,上虞区,350,6,2024-12-11 10:20:00
604012,人民桥下2号停车场,上虞区,60,20,2024-12-11 10:20:00
604002,梁祝大桥东桥下停车场,上虞区,95,57,2024-12-11 10:20:00
604005,人民桥下停车场,上虞区,40,0,2024-12-11 10:20:00
19120915472614497,咪网测试停车场,上虞区,97,100,2024-12-11 10:20:00
604003,信义广场南停车场,上虞区,15,15,2024-12-11 10:20:00
604008,青春广场停车场,上虞区,70,50,2024-12-11 10:20:00
19120915472614497,咪网测试停车场,上虞区,97,100,2024-12-11 10:15:00
604007,信义广场北停车场,上虞区,41,36,2024-12-11 10:15:00
604005,人民桥下停车场,上虞区,40,0,2024-12-11 10:15:00
604002,梁祝大桥东桥下停车场,上虞区,95,57,2024-12-11 10:15:00
604009,保驾山夜排挡停车场,上虞区,106,0,2024-12-11 10:15:00
604013,第二人民医院停车场,上虞区,350,7,2024-12-11 10:15:00
604004,保驾山停车场,上虞区,37,0,2024-12-11 10:15:00
604008,青春广场停车场,上虞区,70,55,2024-12-11 10:15:00
24032610340324759,小越历史街区停车场,上虞区,74,0,2024-12-11 10:15:00
604006,供销社停车场,上虞区,106,50,2024-12-11 10:15:00
604003,信义广场南停车场,上虞区,15,15,2024-12-11 10:15:00
604011,雅图停车场,上虞区,60,0,2024-12-11 10:15:00
604012,人民桥下2号停车场,上虞区,60,20,2024-12-11 10:15:00
604007,信义广场北停车场,上虞区,41,36,2024-12-11 10:10:00
19120915472614497,咪网测试停车场,上虞区,97,100,2024-12-11 10:10:00
604008,青春广场停车场,上虞区,70,52,2024-12-11 10:10:00
604013,第二人民医院停车场,上虞区,350,0,2024-12-11 10:10:00
604003,信义广场南停车场,上虞区,15,15,2024-12-11 10:10:00
604005,人民桥下停车场,上虞区,40,0,2024-12-11 10:10:00
604011,雅图停车场,上虞区,60,0,2024-12-11 10:10:00
604006,供销社停车场,上虞区,106,59,2024-12-11 10:10:00
604012,人民桥下2号停车场,上虞区,60,20,2024-12-11 10:10:00
24032610340324759,小越历史街区停车场,上虞区,74,0,2024-12-11 10:10:00
604009,保驾山夜排挡停车场,上虞区,106,0,2024-12-11 10:10:00
604004,保驾山停车场,上虞区,37,0,2024-12-11 10:10:00
604002,梁祝大桥东桥下停车场,上虞区,95,57,2024-12-11 10:10:00
19120915472614497,咪网测试停车场,上虞区,97,100,2024-12-11 10:05:00
604007,信义广场北停车场,上虞区,41,37,2024-12-11 10:05:00
604011,雅图停车场,上虞区,60,0,2024-12-11 10:05:00
604005,人民桥下停车场,上虞区,40,0,2024-12-11 10:05:00
604013,第二人民医院停车场,上虞区,350,2,2024-12-11 10:05:00
604008,青春广场停车场,上虞区,70,51,2024-12-11 10:05:00
604009,保驾山夜排挡停车场,上虞区,106,0,2024-12-11 10:05:00
24032610340324759,小越历史街区停车场,上虞区,74,0,2024-12-11 10:05:00
604006,供销社停车场,上虞区,106,74,2024-12-11 10:05:00
604004,保驾山停车场,上虞区,37,0,2024-12-11 10:05:00
604012,人民桥下2号停车场,上虞区,60,20,2024-12-11 10:05:00
604002,梁祝大桥东桥下停车场,上虞区,95,57,2024-12-11 10:05:00
604003,信义广场南停车场,上虞区,15,15,2024-12-11 10:05:00
604009,保驾山夜排挡停车场,上虞区,106,0,2024-12-11 10:00:00
604008,青春广场停车场,上虞区,70,51,2024-12-11 10:00:00
604006,供销社停车场,上虞区,106,73,2024-12-11 10:00:00
604005,人民桥下停车场,上虞区,40,0,2024-12-11 10:00:00
604007,信义广场北停车场,上虞区,41,36,2024-12-11 10:00:00
19120915472614497,咪网测试停车场,上虞区,97,100,2024-12-11 10:00:00
604004,保驾山停车场,上虞区,37,0,2024-12-11 10:00:00
604012,人民桥下2号停车场,上虞区,60,19,2024-12-11 10:00:00
604011,雅图停车场,上虞区,60,0,2024-12-11 10:00:00
604002,梁祝大桥东桥下停车场,上虞区,95,57,2024-12-11 10:00:00
24032610340324759,小越历史街区停车场,上虞区,74,0,2024-12-11 10:00:00
604003,信义广场南停车场,上虞区,15,15,2024-12-11 10:00:00
604013,第二人民医院停车场,上虞区,350,0,2024-12-11 10:00:00
19120915472614497,咪网测试停车场,上虞区,97,100,2024-12-11 09:55:00
604006,供销社停车场,上虞区,106,79,2024-12-11 09:55:00
604013,第二人民医院停车场,上虞区,350,0,2024-12-11 09:55:00
604002,梁祝大桥东桥下停车场,上虞区,95,57,2024-12-11 09:55:00
604008,青春广场停车场,上虞区,70,53,2024-12-11 09:55:00
604005,人民桥下停车场,上虞区,40,0,2024-12-11 09:55:00
604011,雅图停车场,上虞区,60,0,2024-12-11 09:55:00
24032610340324759,小越历史街区停车场,上虞区,74,0,2024-12-11 09:55:00
604007,信义广场北停车场,上虞区,41,36,2024-12-11 09:55:00
604009,保驾山夜排挡停车场,上虞区,106,0,2024-12-11 09:55:00
604004,保驾山停车场,上虞区,37,0,2024-12-11 09:55:00
604012,人民桥下2号停车场,上虞区,60,19,2024-12-11 09:55:00
604003,信义广场南停车场,上虞区,15,15,2024-12-11 09:55:00
19120915472614497,咪网测试停车场,上虞区,97,100,2024-12-11 09:50:00
604011,雅图停车场,上虞区,60,0,2024-12-11 09:50:00
604006,供销社停车场,上虞区,106,81,2024-12-11 09:50:00
604013,第二人民医院停车场,上虞区,350,0,2024-12-11 09:50:00
24032610340324759,小越历史街区停车场,上虞区,74,0,2024-12-11 09:50:00
604004,保驾山停车场,上虞区,37,0,2024-12-11 09:50:00
604003,信义广场南停车场,上虞区,15,15,2024-12-11 09:50:00
604002,梁祝大桥东桥下停车场,上虞区,95,57,2024-12-11 09:50:00
604008,青春广场停车场,上虞区,70,52,2024-12-11 09:50:00
604005,人民桥下停车场,上虞区,40,0,2024-12-11 09:50:00
604012,人民桥下2号停车场,上虞区,60,19,2024-12-11 09:50:00
604009,保驾山夜排挡停车场,上虞区,106,0,2024-12-11 09:50:00
604007,信义广场北停车场,上虞区,41,36,2024-12-11 09:50:00
604004,保驾山停车场,上虞区,37,0,2024-12-11 09:45:00
604011,雅图停车场,上虞区,60,0,2024-12-11 09:45:00
604002,梁祝大桥东桥下停车场,上虞区,95,57,2024-12-11 09:45:00
604007,信义广场北停车场,上虞区,41,36,2024-12-11 09:45:00
24032610340324759,小越历史街区停车场,上虞区,74,0,2024-12-11 09:45:00
604013,第二人民医院停车场,上虞区,350,0,2024-12-11 09:45:00
604003,信义广场南停车场,上虞区,15,15,2024-12-11 09:45:00
19120915472614497,咪网测试停车场,上虞区,97,100,2024-12-11 09:45:00
604008,青春广场停车场,上虞区,70,51,2024-12-11 09:45:00
604012,人民桥下2号停车场,上虞区,60,19,2024-12-11 09:45:00
604009,保驾山夜排挡停车场,上虞区,106,0,2024-12-11 09:45:00
604005,人民桥下停车场,上虞区,40,0,2024-12-11 09:45:00
604006,供销社停车场,上虞区,106,80,2024-12-11 09:45:00
24032610340324759,小越历史街区停车场,上虞区,74,0,2024-12-11 09:40:00
604008,青春广场停车场,上虞区,70,53,2024-12-11 09:40:00
604004,保驾山停车场,上虞区,37,0,2024-12-11 09:40:00
604005,人民桥下停车场,上虞区,40,0,2024-12-11 09:40:00
604013,第二人民医院停车场,上虞区,350,0,2024-12-11 09:40:00
604002,梁祝大桥东桥下停车场,上虞区,95,57,2024-12-11 09:40:00
604009,保驾山夜排挡停车场,上虞区,106,0,2024-12-11 09:40:00
604003,信义广场南停车场,上虞区,15,15,2024-12-11 09:40:00
604012,人民桥下2号停车场,上虞区,60,19,2024-12-11 09:40:00
604011,雅图停车场,上虞区,60,0,2024-12-11 09:40:00
19120915472614497,咪网测试停车场,上虞区,97,100,2024-12-11 09:40:00
604006,供销社停车场,上虞区,106,84,2024-12-11 09:40:00
604007,信义广场北停车场,上虞区,41,36,2024-12-11 09:40:00
604005,人民桥下停车场,上虞区,40,0,2024-12-11 09:35:00
24032610340324759,小越历史街区停车场,上虞区,74,0,2024-12-11 09:35:00
604008,青春广场停车场,上虞区,70,51,2024-12-11 09:35:00
604012,人民桥下2号停车场,上虞区,60,19,2024-12-11 09:35:00
604002,梁祝大桥东桥下停车场,上虞区,95,57,2024-12-11 09:35:00
604011,雅图停车场,上虞区,60,0,2024-12-11 09:35:00
604006,供销社停车场,上虞区,106,84,2024-12-11 09:35:00
604007,信义广场北停车场,上虞区,41,37,2024-12-11 09:35:00
604013,第二人民医院停车场,上虞区,350,0,2024-12-11 09:35:00
19120915472614497,咪网测试停车场,上虞区,97,100,2024-12-11 09:35:00
604009,保驾山夜排挡停车场,上虞区,106,0,2024-12-11 09:35:00
604004,保驾山停车场,上虞区,37,0,2024-12-11 09:35:00
604003,信义广场南停车场,上虞区,15,15,2024-12-11 09:35:00
19120915472614497,咪网测试停车场,上虞区,97,100,2024-12-11 09:30:00
604005,人民桥下停车场,上虞区,40,0,2024-12-11 09:30:00
604002,梁祝大桥东桥下停车场,上虞区,95,57,2024-12-11 09:30:00
604006,供销社停车场,上虞区,106,90,2024-12-11 09:30:00
24032610340324759,小越历史街区停车场,上虞区,74,0,2024-12-11 09:30:00
604009,保驾山夜排挡停车场,上虞区,106,0,2024-12-11 09:30:00
604013,第二人民医院停车场,上虞区,350,0,2024-12-11 09:30:00
604012,人民桥下2号停车场,上虞区,60,19,2024-12-11 09:30:00
604004,保驾山停车场,上虞区,37,0,2024-12-11 09:30:00
604011,雅图停车场,上虞区,60,0,2024-12-11 09:30:00
604003,信义广场南停车场,上虞区,15,15,2024-12-11 09:30:00
604008,青春广场停车场,上虞区,70,52,2024-12-11 09:30:00
604007,信义广场北停车场,上虞区,41,36,2024-12-11 09:30:00
604013,第二人民医院停车场,上虞区,350,0,2024-12-11 09:25:00
604005,人民桥下停车场,上虞区,40,0,2024-12-11 09:25:00
604011,雅图停车场,上虞区,60,0,2024-12-11 09:25:00
604008,青春广场停车场,上虞区,70,54,2024-12-11 09:25:00
604009,保驾山夜排挡停车场,上虞区,106,0,2024-12-11 09:25:00
604003,信义广场南停车场,上虞区,15,15,2024-12-11 09:25:00
19120915472614497,咪网测试停车场,上虞区,97,100,2024-12-11 09:25:00
604007,信义广场北停车场,上虞区,41,36,2024-12-11 09:25:00
24032610340324759,小越历史街区停车场,上虞区,74,0,2024-12-11 09:25:00
604002,梁祝大桥东桥下停车场,上虞区,95,57,2024-12-11 09:25:00
604012,人民桥下2号停车场,上虞区,60,19,2024-12-11 09:25:00
604004,保驾山停车场,上虞区,37,0,2024-12-11 09:25:00
604006,供销社停车场,上虞区,106,94,2024-12-11 09:25:00
604011,雅图停车场,上虞区,60,0,2024-12-11 09:20:00
604013,第二人民医院停车场,上虞区,350,0,2024-12-11 09:20:00
19120915472614497,咪网测试停车场,上虞区,97,100,2024-12-11 09:20:00
24032610340324759,小越历史街区停车场,上虞区,74,0,2024-12-11 09:20:00
604005,人民桥下停车场,上虞区,40,0,2024-12-11 09:20:00
604004,保驾山停车场,上虞区,37,0,2024-12-11 09:20:00
604003,信义广场南停车场,上虞区,15,15,2024-12-11 09:20:00
604012,人民桥下2号停车场,上虞区,60,19,2024-12-11 09:20:00
604007,信义广场北停车场,上虞区,41,36,2024-12-11 09:20:00
604008,青春广场停车场,上虞区,70,55,2024-12-11 09:20:00
604009,保驾山夜排挡停车场,上虞区,106,0,2024-12-11 09:20:00
604002,梁祝大桥东桥下停车场,上虞区,95,57,2024-12-11 09:20:00
604006,供销社停车场,上虞区,106,92,2024-12-11 09:20:00
604005,人民桥下停车场,上虞区,40,0,2024-12-11 09:15:00
604011,雅图停车场,上虞区,60,0,2024-12-11 09:15:00
604002,梁祝大桥东桥下停车场,上虞区,95,57,2024-12-11 09:15:00
24032610340324759,小越历史街区停车场,上虞区,74,0,2024-12-11 09:15:00
604007,信义广场北停车场,上虞区,41,36,2024-12-11 09:15:00
604012,人民桥下2号停车场,上虞区,60,19,2024-12-11 09:15:00
604004,保驾山停车场,上虞区,37,0,2024-12-11 09:15:00
604013,第二人民医院停车场,上虞区,350,0,2024-12-11 09:15:00
604009,保驾山夜排挡停车场,上虞区,106,0,2024-12-11 09:15:00
19120915472614497,咪网测试停车场,上虞区,97,100,2024-12-11 09:15:00
604008,青春广场停车场,上虞区,70,54,2024-12-11 09:15:00
604006,供销社停车场,上虞区,106,0,2024-12-11 09:15:00
604003,信义广场南停车场,上虞区,15,15,2024-12-11 09:15:00
604008,青春广场停车场,上虞区,70,55,2024-12-11 09:10:00
604004,保驾山停车场,上虞区,37,0,2024-12-11 09:10:00
604007,信义广场北停车场,上虞区,41,37,2024-12-11 09:10:00
604011,雅图停车场,上虞区,60,0,2024-12-11 09:10:00
604002,梁祝大桥东桥下停车场,上虞区,95,57,2024-12-11 09:10:00
604009,保驾山夜排挡停车场,上虞区,106,0,2024-12-11 09:10:00
19120915472614497,咪网测试停车场,上虞区,97,100,2024-12-11 09:10:00
24032610340324759,小越历史街区停车场,上虞区,74,0,2024-12-11 09:10:00
604005,人民桥下停车场,上虞区,40,0,2024-12-11 09:10:00
604006,供销社停车场,上虞区,106,0,2024-12-11 09:10:00
604003,信义广场南停车场,上虞区,15,15,2024-12-11 09:10:00
604012,人民桥下2号停车场,上虞区,60,19,2024-12-11 09:10:00
604013,第二人民医院停车场,上虞区,350,0,2024-12-11 09:10:00
604008,青春广场停车场,上虞区,70,0,2024-12-11 09:05:00
604005,人民桥下停车场,上虞区,40,0,2024-12-11 09:05:00
604013,第二人民医院停车场,上虞区,350,0,2024-12-11 09:05:00
604009,保驾山夜排挡停车场,上虞区,106,0,2024-12-11 09:05:00
604002,梁祝大桥东桥下停车场,上虞区,95,57,2024-12-11 09:05:00
604007,信义广场北停车场,上虞区,41,37,2024-12-11 09:05:00
604006,供销社停车场,上虞区,106,0,2024-12-11 09:05:00
24032610340324759,小越历史街区停车场,上虞区,74,0,2024-12-11 09:05:00
604004,保驾山停车场,上虞区,37,0,2024-12-11 09:05:00
604003,信义广场南停车场,上虞区,15,15,2024-12-11 09:05:00
604012,人民桥下2号停车场,上虞区,60,19,2024-12-11 09:05:00
19120915472614497,咪网测试停车场,上虞区,97,100,2024-12-11 09:05:00
604011,雅图停车场,上虞区,60,0,2024-12-11 09:05:00
604003,信义广场南停车场,上虞区,15,15,2024-12-11 09:00:00
604005,人民桥下停车场,上虞区,40,0,2024-12-11 09:00:00
604009,保驾山夜排挡停车场,上虞区,106,0,2024-12-11 09:00:00
604012,人民桥下2号停车场,上虞区,60,19,2024-12-11 09:00:00
604011,雅图停车场,上虞区,60,0,2024-12-11 09:00:00
604007,信义广场北停车场,上虞区,41,37,2024-12-11 09:00:00
604008,青春广场停车场,上虞区,70,0,2024-12-11 09:00:00
604004,保驾山停车场,上虞区,37,0,2024-12-11 09:00:00
19120915472614497,咪网测试停车场,上虞区,97,100,2024-12-11 09:00:00
604002,梁祝大桥东桥下停车场,上虞区,95,57,2024-12-11 09:00:00
604006,供销社停车场,上虞区,106,0,2024-12-11 09:00:00
604013,第二人民医院停车场,上虞区,350,0,2024-12-11 09:00:00
24032610340324759,小越历史街区停车场,上虞区,74,0,2024-12-11 09:00:00
604005,人民桥下停车场,上虞区,40,0,2024-12-11 08:55:00
604012,人民桥下2号停车场,上虞区,60,20,2024-12-11 08:55:00
19120915472614497,咪网测试停车场,上虞区,97,100,2024-12-11 08:55:00
604009,保驾山夜排挡停车场,上虞区,106,0,2024-12-11 08:55:00
604004,保驾山停车场,上虞区,37,0,2024-12-11 08:55:00
24032610340324759,小越历史街区停车场,上虞区,74,0,2024-12-11 08:55:00
604006,供销社停车场,上虞区,106,0,2024-12-11 08:55:00
604011,雅图停车场,上虞区,60,0,2024-12-11 08:55:00
604008,青春广场停车场,上虞区,70,0,2024-12-11 08:55:00
604007,信义广场北停车场,上虞区,41,37,2024-12-11 08:55:00
604013,第二人民医院停车场,上虞区,350,0,2024-12-11 08:55:00
604002,梁祝大桥东桥下停车场,上虞区,95,57,2024-12-11 08:55:00
604003,信义广场南停车场,上虞区,15,15,2024-12-11 08:55:00
604011,雅图停车场,上虞区,60,0,2024-12-11 08:50:00
19120915472614497,咪网测试停车场,上虞区,97,100,2024-12-11 08:50:00
604003,信义广场南停车场,上虞区,15,15,2024-12-11 08:50:00
604005,人民桥下停车场,上虞区,40,0,2024-12-11 08:50:00
604012,人民桥下2号停车场,上虞区,60,20,2024-12-11 08:50:00
24032610340324759,小越历史街区停车场,上虞区,74,0,2024-12-11 08:50:00
604008,青春广场停车场,上虞区,70,0,2024-12-11 08:50:00
604004,保驾山停车场,上虞区,37,0,2024-12-11 08:50:00
604013,第二人民医院停车场,上虞区,350,0,2024-12-11 08:50:00
604002,梁祝大桥东桥下停车场,上虞区,95,56,2024-12-11 08:50:00
604006,供销社停车场,上虞区,106,0,2024-12-11 08:50:00
604009,保驾山夜排挡停车场,上虞区,106,0,2024-12-11 08:50:00
604007,信义广场北停车场,上虞区,41,37,2024-12-11 08:50:00
604007,信义广场北停车场,上虞区,41,37,2024-12-11 08:45:00
604002,梁祝大桥东桥下停车场,上虞区,95,56,2024-12-11 08:45:00
604005,人民桥下停车场,上虞区,40,0,2024-12-11 08:45:00
604003,信义广场南停车场,上虞区,15,15,2024-12-11 08:45:00
604009,保驾山夜排挡停车场,上虞区,106,0,2024-12-11 08:45:00
604012,人民桥下2号停车场,上虞区,60,20,2024-12-11 08:45:00
19120915472614497,咪网测试停车场,上虞区,97,100,2024-12-11 08:45:00
604013,第二人民医院停车场,上虞区,350,0,2024-12-11 08:45:00
604011,雅图停车场,上虞区,60,0,2024-12-11 08:45:00
24032610340324759,小越历史街区停车场,上虞区,74,0,2024-12-11 08:45:00
604004,保驾山停车场,上虞区,37,0,2024-12-11 08:45:00
604006,供销社停车场,上虞区,106,0,2024-12-11 08:45:00
604008,青春广场停车场,上虞区,70,0,2024-12-11 08:45:00
604011,雅图停车场,上虞区,60,0,2024-12-11 08:40:00
604012,人民桥下2号停车场,上虞区,60,20,2024-12-11 08:40:00
604009,保驾山夜排挡停车场,上虞区,106,0,2024-12-11 08:40:00
604008,青春广场停车场,上虞区,70,0,2024-12-11 08:40:00
19120915472614497,咪网测试停车场,上虞区,97,100,2024-12-11 08:40:00
604002,梁祝大桥东桥下停车场,上虞区,95,57,2024-12-11 08:40:00
604013,第二人民医院停车场,上虞区,350,0,2024-12-11 08:40:00
604006,供销社停车场,上虞区,106,0,2024-12-11 08:40:00
604004,保驾山停车场,上虞区,37,0,2024-12-11 08:40:00
24032610340324759,小越历史街区停车场,上虞区,74,0,2024-12-11 08:40:00
604007,信义广场北停车场,上虞区,41,37,2024-12-11 08:40:00
604005,人民桥下停车场,上虞区,40,0,2024-12-11 08:40:00
604003,信义广场南停车场,上虞区,15,15,2024-12-11 08:40:00
604004,保驾山停车场,上虞区,37,0,2024-12-11 08:35:00
604009,保驾山夜排挡停车场,上虞区,106,0,2024-12-11 08:35:00
604005,人民桥下停车场,上虞区,40,0,2024-12-11 08:35:00
604003,信义广场南停车场,上虞区,15,15,2024-12-11 08:35:00
604002,梁祝大桥东桥下停车场,上虞区,95,57,2024-12-11 08:35:00
604006,供销社停车场,上虞区,106,0,2024-12-11 08:35:00
604011,雅图停车场,上虞区,60,0,2024-12-11 08:35:00
19120915472614497,咪网测试停车场,上虞区,97,100,2024-12-11 08:35:00
604012,人民桥下2号停车场,上虞区,60,21,2024-12-11 08:35:00
604013,第二人民医院停车场,上虞区,350,0,2024-12-11 08:35:00
604007,信义广场北停车场,上虞区,41,37,2024-12-11 08:35:00
604008,青春广场停车场,上虞区,70,0,2024-12-11 08:35:00
24032610340324759,小越历史街区停车场,上虞区,74,0,2024-12-11 08:35:00
604002,梁祝大桥东桥下停车场,上虞区,95,57,2024-12-11 08:30:00
604012,人民桥下2号停车场,上虞区,60,22,2024-12-11 08:30:00
604011,雅图停车场,上虞区,60,0,2024-12-11 08:30:00
604013,第二人民医院停车场,上虞区,350,9,2024-12-11 08:30:00
24032610340324759,小越历史街区停车场,上虞区,74,0,2024-12-11 08:30:00
604003,信义广场南停车场,上虞区,15,15,2024-12-11 08:30:00
604008,青春广场停车场,上虞区,70,0,2024-12-11 08:30:00
19120915472614497,咪网测试停车场,上虞区,97,100,2024-12-11 08:30:00
604006,供销社停车场,上虞区,106,0,2024-12-11 08:30:00
604004,保驾山停车场,上虞区,37,0,2024-12-11 08:30:00
604005,人民桥下停车场,上虞区,40,0,2024-12-11 08:30:00
604007,信义广场北停车场,上虞区,41,37,2024-12-11 08:30:00
604009,保驾山夜排挡停车场,上虞区,106,0,2024-12-11 08:30:00
604003,信义广场南停车场,上虞区,15,15,2024-12-11 08:25:00
604005,人民桥下停车场,上虞区,40,0,2024-12-11 08:25:00
604009,保驾山夜排挡停车场,上虞区,106,0,2024-12-11 08:25:00
24032610340324759,小越历史街区停车场,上虞区,74,0,2024-12-11 08:25:00
604004,保驾山停车场,上虞区,37,0,2024-12-11 08:25:00
19120915472614497,咪网测试停车场,上虞区,97,100,2024-12-11 08:25:00
604011,雅图停车场,上虞区,60,0,2024-12-11 08:25:00
604002,梁祝大桥东桥下停车场,上虞区,95,57,2024-12-11 08:25:00
604006,供销社停车场,上虞区,106,0,2024-12-11 08:25:00
604013,第二人民医院停车场,上虞区,350,25,2024-12-11 08:25:00
604012,人民桥下2号停车场,上虞区,60,22,2024-12-11 08:25:00
604007,信义广场北停车场,上虞区,41,38,2024-12-11 08:25:00
604008,青春广场停车场,上虞区,70,0,2024-12-11 08:25:00
604009,保驾山夜排挡停车场,上虞区,106,0,2024-12-11 08:20:00
604003,信义广场南停车场,上虞区,15,15,2024-12-11 08:20:00
19120915472614497,咪网测试停车场,上虞区,97,100,2024-12-11 08:20:00
604006,供销社停车场,上虞区,106,0,2024-12-11 08:20:00
24032610340324759,小越历史街区停车场,上虞区,74,0,2024-12-11 08:20:00
604005,人民桥下停车场,上虞区,40,0,2024-12-11 08:20:00
604002,梁祝大桥东桥下停车场,上虞区,95,57,2024-12-11 08:20:00
604004,保驾山停车场,上虞区,37,0,2024-12-11 08:20:00
604012,人民桥下2号停车场,上虞区,60,23,2024-12-11 08:20:00
604008,青春广场停车场,上虞区,70,0,2024-12-11 08:20:00
604007,信义广场北停车场,上虞区,41,38,2024-12-11 08:20:00
604013,第二人民医院停车场,上虞区,350,36,2024-12-11 08:20:00
604011,雅图停车场,上虞区,60,0,2024-12-11 08:20:00
604006,供销社停车场,上虞区,106,0,2024-12-11 08:15:00
604011,雅图停车场,上虞区,60,0,2024-12-11 08:15:00
24032610340324759,小越历史街区停车场,上虞区,74,0,2024-12-11 08:15:00
604009,保驾山夜排挡停车场,上虞区,106,0,2024-12-11 08:15:00
604008,青春广场停车场,上虞区,70,0,2024-12-11 08:15:00
604004,保驾山停车场,上虞区,37,0,2024-12-11 08:15:00
604003,信义广场南停车场,上虞区,15,15,2024-12-11 08:15:00
604007,信义广场北停车场,上虞区,41,38,2024-12-11 08:15:00
604002,梁祝大桥东桥下停车场,上虞区,95,57,2024-12-11 08:15:00
19120915472614497,咪网测试停车场,上虞区,97,100,2024-12-11 08:15:00
604005,人民桥下停车场,上虞区,40,0,2024-12-11 08:15:00
604012,人民桥下2号停车场,上虞区,60,23,2024-12-11 08:15:00
604013,第二人民医院停车场,上虞区,350,47,2024-12-11 08:15:00
604003,信义广场南停车场,上虞区,15,15,2024-12-11 08:10:00
604004,保驾山停车场,上虞区,37,0,2024-12-11 08:10:00
604011,雅图停车场,上虞区,60,0,2024-12-11 08:10:00
19120915472614497,咪网测试停车场,上虞区,97,100,2024-12-11 08:10:00
604002,梁祝大桥东桥下停车场,上虞区,95,57,2024-12-11 08:10:00
604007,信义广场北停车场,上虞区,41,38,2024-12-11 08:10:00
24032610340324759,小越历史街区停车场,上虞区,74,0,2024-12-11 08:10:00
604006,供销社停车场,上虞区,106,0,2024-12-11 08:10:00
604005,人民桥下停车场,上虞区,40,0,2024-12-11 08:10:00
604012,人民桥下2号停车场,上虞区,60,22,2024-12-11 08:10:00
604009,保驾山夜排挡停车场,上虞区,106,0,2024-12-11 08:10:00
604013,第二人民医院停车场,上虞区,350,53,2024-12-11 08:10:00
604008,青春广场停车场,上虞区,70,0,2024-12-11 08:10:00
604003,信义广场南停车场,上虞区,15,15,2024-12-11 08:05:00
604002,梁祝大桥东桥下停车场,上虞区,95,57,2024-12-11 08:05:00
19120915472614497,咪网测试停车场,上虞区,97,100,2024-12-11 08:05:00
604005,人民桥下停车场,上虞区,40,0,2024-12-11 08:05:00
604009,保驾山夜排挡停车场,上虞区,106,0,2024-12-11 08:05:00
604011,雅图停车场,上虞区,60,0,2024-12-11 08:05:00
604012,人民桥下2号停车场,上虞区,60,22,2024-12-11 08:05:00
604006,供销社停车场,上虞区,106,0,2024-12-11 08:05:00
604007,信义广场北停车场,上虞区,41,37,2024-12-11 08:05:00
604013,第二人民医院停车场,上虞区,350,71,2024-12-11 08:05:00
604004,保驾山停车场,上虞区,37,0,2024-12-11 08:05:00
604008,青春广场停车场,上虞区,70,0,2024-12-11 08:05:00
24032610340324759,小越历史街区停车场,上虞区,74,0,2024-12-11 08:05:00
604009,保驾山夜排挡停车场,上虞区,106,0,2024-12-11 08:00:00
24032610340324759,小越历史街区停车场,上虞区,74,0,2024-12-11 08:00:00
19120915472614497,咪网测试停车场,上虞区,97,100,2024-12-11 08:00:00
604005,人民桥下停车场,上虞区,40,0,2024-12-11 08:00:00
604004,保驾山停车场,上虞区,37,0,2024-12-11 08:00:00
604003,信义广场南停车场,上虞区,15,15,2024-12-11 08:00:00
604012,人民桥下2号停车场,上虞区,60,22,2024-12-11 08:00:00
604002,梁祝大桥东桥下停车场,上虞区,95,57,2024-12-11 08:00:00
604007,信义广场北停车场,上虞区,41,38,2024-12-11 08:00:00
604006,供销社停车场,上虞区,106,0,2024-12-11 08:00:00
604013,第二人民医院停车场,上虞区,350,99,2024-12-11 08:00:00
604011,雅图停车场,上虞区,60,0,2024-12-11 08:00:00
604008,青春广场停车场,上虞区,70,0,2024-12-11 08:00:00
604008,青春广场停车场,上虞区,70,0,2024-12-11 07:55:00
604009,保驾山夜排挡停车场,上虞区,106,0,2024-12-11 07:55:00
604004,保驾山停车场,上虞区,37,0,2024-12-11 07:55:00
19120915472614497,咪网测试停车场,上虞区,97,100,2024-12-11 07:55:00
604005,人民桥下停车场,上虞区,40,0,2024-12-11 07:55:00
604012,人民桥下2号停车场,上虞区,60,21,2024-12-11 07:55:00
24032610340324759,小越历史街区停车场,上虞区,74,0,2024-12-11 07:55:00
604003,信义广场南停车场,上虞区,15,15,2024-12-11 07:55:00
604011,雅图停车场,上虞区,60,0,2024-12-11 07:55:00
604013,第二人民医院停车场,上虞区,350,141,2024-12-11 07:55:00
604007,信义广场北停车场,上虞区,41,38,2024-12-11 07:55:00
604002,梁祝大桥东桥下停车场,上虞区,95,57,2024-12-11 07:55:00
604006,供销社停车场,上虞区,106,0,2024-12-11 07:55:00
604011,雅图停车场,上虞区,60,0,2024-12-11 07:50:00
604012,人民桥下2号停车场,上虞区,60,21,2024-12-11 07:50:00
604003,信义广场南停车场,上虞区,15,15,2024-12-11 07:50:00
604005,人民桥下停车场,上虞区,40,0,2024-12-11 07:50:00
604006,供销社停车场,上虞区,106,0,2024-12-11 07:50:00
604013,第二人民医院停车场,上虞区,350,176,2024-12-11 07:50:00
604008,青春广场停车场,上虞区,70,0,2024-12-11 07:50:00
19120915472614497,咪网测试停车场,上虞区,97,100,2024-12-11 07:50:00
24032610340324759,小越历史街区停车场,上虞区,74,0,2024-12-11 07:50:00
604009,保驾山夜排挡停车场,上虞区,106,0,2024-12-11 07:50:00
604002,梁祝大桥东桥下停车场,上虞区,95,57,2024-12-11 07:50:00
604007,信义广场北停车场,上虞区,41,38,2024-12-11 07:50:00
604004,保驾山停车场,上虞区,37,0,2024-12-11 07:50:00
19120915472614497,咪网测试停车场,上虞区,97,100,2024-12-11 07:45:00
604012,人民桥下2号停车场,上虞区,60,21,2024-12-11 07:45:00
24032610340324759,小越历史街区停车场,上虞区,74,0,2024-12-11 07:45:00
604006,供销社停车场,上虞区,106,0,2024-12-11 07:45:00
604005,人民桥下停车场,上虞区,40,0,2024-12-11 07:45:00
604007,信义广场北停车场,上虞区,41,38,2024-12-11 07:45:00
604011,雅图停车场,上虞区,60,0,2024-12-11 07:45:00
604002,梁祝大桥东桥下停车场,上虞区,95,57,2024-12-11 07:45:00
604008,青春广场停车场,上虞区,70,0,2024-12-11 07:45:00
604009,保驾山夜排挡停车场,上虞区,106,0,2024-12-11 07:45:00
604003,信义广场南停车场,上虞区,15,15,2024-12-11 07:45:00
604013,第二人民医院停车场,上虞区,350,205,2024-12-11 07:45:00
604004,保驾山停车场,上虞区,37,0,2024-12-11 07:45:00
604008,青春广场停车场,上虞区,70,0,2024-12-11 07:40:00
604013,第二人民医院停车场,上虞区,350,232,2024-12-11 07:40:00
604006,供销社停车场,上虞区,106,0,2024-12-11 07:40:00
19120915472614497,咪网测试停车场,上虞区,97,100,2024-12-11 07:40:00
604012,人民桥下2号停车场,上虞区,60,21,2024-12-11 07:40:00
604003,信义广场南停车场,上虞区,15,15,2024-12-11 07:40:00
604002,梁祝大桥东桥下停车场,上虞区,95,57,2024-12-11 07:40:00
604004,保驾山停车场,上虞区,37,0,2024-12-11 07:40:00
604005,人民桥下停车场,上虞区,40,0,2024-12-11 07:40:00
604011,雅图停车场,上虞区,60,0,2024-12-11 07:40:00
604007,信义广场北停车场,上虞区,41,38,2024-12-11 07:40:00
24032610340324759,小越历史街区停车场,上虞区,74,0,2024-12-11 07:40:00
604009,保驾山夜排挡停车场,上虞区,106,0,2024-12-11 07:40:00
604013,第二人民医院停车场,上虞区,350,252,2024-12-11 07:35:00
24032610340324759,小越历史街区停车场,上虞区,74,0,2024-12-11 07:35:00
604012,人民桥下2号停车场,上虞区,60,21,2024-12-11 07:35:00
604011,雅图停车场,上虞区,60,0,2024-12-11 07:35:00
604007,信义广场北停车场,上虞区,41,38,2024-12-11 07:35:00
604008,青春广场停车场,上虞区,70,0,2024-12-11 07:35:00
604005,人民桥下停车场,上虞区,40,0,2024-12-11 07:35:00
604004,保驾山停车场,上虞区,37,0,2024-12-11 07:35:00
604009,保驾山夜排挡停车场,上虞区,106,0,2024-12-11 07:35:00
604002,梁祝大桥东桥下停车场,上虞区,95,57,2024-12-11 07:35:00
604006,供销社停车场,上虞区,106,0,2024-12-11 07:35:00
604003,信义广场南停车场,上虞区,15,15,2024-12-11 07:35:00
19120915472614497,咪网测试停车场,上虞区,97,100,2024-12-11 07:35:00
24032610340324759,小越历史街区停车场,上虞区,74,0,2024-12-11 07:30:00
604009,保驾山夜排挡停车场,上虞区,106,0,2024-12-11 07:30:00
604008,青春广场停车场,上虞区,70,0,2024-12-11 07:30:00
604003,信义广场南停车场,上虞区,15,15,2024-12-11 07:30:00
604007,信义广场北停车场,上虞区,41,38,2024-12-11 07:30:00
604011,雅图停车场,上虞区,60,0,2024-12-11 07:30:00
604002,梁祝大桥东桥下停车场,上虞区,95,57,2024-12-11 07:30:00
604004,保驾山停车场,上虞区,37,0,2024-12-11 07:30:00
604013,第二人民医院停车场,上虞区,350,267,2024-12-11 07:30:00
604005,人民桥下停车场,上虞区,40,0,2024-12-11 07:30:00
19120915472614497,咪网测试停车场,上虞区,97,100,2024-12-11 07:30:00
604012,人民桥下2号停车场,上虞区,60,21,2024-12-11 07:30:00
604006,供销社停车场,上虞区,106,0,2024-12-11 07:30:00
604006,供销社停车场,上虞区,106,0,2024-12-11 07:25:00
604002,梁祝大桥东桥下停车场,上虞区,95,57,2024-12-11 07:25:00
604005,人民桥下停车场,上虞区,40,0,2024-12-11 07:25:00
19120915472614497,咪网测试停车场,上虞区,97,100,2024-12-11 07:25:00
604013,第二人民医院停车场,上虞区,350,275,2024-12-11 07:25:00
604003,信义广场南停车场,上虞区,15,15,2024-12-11 07:25:00
604009,保驾山夜排挡停车场,上虞区,106,0,2024-12-11 07:25:00
604012,人民桥下2号停车场,上虞区,60,21,2024-12-11 07:25:00
604007,信义广场北停车场,上虞区,41,38,2024-12-11 07:25:00
604004,保驾山停车场,上虞区,37,0,2024-12-11 07:25:00
24032610340324759,小越历史街区停车场,上虞区,74,0,2024-12-11 07:25:00
604011,雅图停车场,上虞区,60,0,2024-12-11 07:25:00
604008,青春广场停车场,上虞区,70,0,2024-12-11 07:25:00
604009,保驾山夜排挡停车场,上虞区,106,0,2024-12-11 07:20:00
604003,信义广场南停车场,上虞区,15,15,2024-12-11 07:20:00
604013,第二人民医院停车场,上虞区,350,276,2024-12-11 07:20:00
604012,人民桥下2号停车场,上虞区,60,20,2024-12-11 07:20:00
604011,雅图停车场,上虞区,60,0,2024-12-11 07:20:00
604005,人民桥下停车场,上虞区,40,0,2024-12-11 07:20:00
604008,青春广场停车场,上虞区,70,0,2024-12-11 07:20:00
604007,信义广场北停车场,上虞区,41,38,2024-12-11 07:20:00
19120915472614497,咪网测试停车场,上虞区,97,100,2024-12-11 07:20:00
24032610340324759,小越历史街区停车场,上虞区,74,0,2024-12-11 07:20:00
604004,保驾山停车场,上虞区,37,0,2024-12-11 07:20:00
604006,供销社停车场,上虞区,106,0,2024-12-11 07:20:00
604002,梁祝大桥东桥下停车场,上虞区,95,57,2024-12-11 07:20:00
604005,人民桥下停车场,上虞区,40,0,2024-12-11 07:15:00
24032610340324759,小越历史街区停车场,上虞区,74,0,2024-12-11 07:15:00
604007,信义广场北停车场,上虞区,41,38,2024-12-11 07:15:00
604009,保驾山夜排挡停车场,上虞区,106,0,2024-12-11 07:15:00
604013,第二人民医院停车场,上虞区,350,286,2024-12-11 07:15:00
604002,梁祝大桥东桥下停车场,上虞区,95,57,2024-12-11 07:15:00
604011,雅图停车场,上虞区,60,0,2024-12-11 07:15:00
604012,人民桥下2号停车场,上虞区,60,20,2024-12-11 07:15:00
604008,青春广场停车场,上虞区,70,0,2024-12-11 07:15:00
19120915472614497,咪网测试停车场,上虞区,97,100,2024-12-11 07:15:00
604006,供销社停车场,上虞区,106,0,2024-12-11 07:15:00
604003,信义广场南停车场,上虞区,15,15,2024-12-11 07:15:00
604004,保驾山停车场,上虞区,37,0,2024-12-11 07:15:00
604011,雅图停车场,上虞区,60,0,2024-12-11 07:10:00
19120915472614497,咪网测试停车场,上虞区,97,100,2024-12-11 07:10:00
24032610340324759,小越历史街区停车场,上虞区,74,0,2024-12-11 07:10:00
604006,供销社停车场,上虞区,106,0,2024-12-11 07:10:00
604005,人民桥下停车场,上虞区,40,0,2024-12-11 07:10:00
604012,人民桥下2号停车场,上虞区,60,20,2024-12-11 07:10:00
604008,青春广场停车场,上虞区,70,0,2024-12-11 07:10:00
604002,梁祝大桥东桥下停车场,上虞区,95,56,2024-12-11 07:10:00
604009,保驾山夜排挡停车场,上虞区,106,0,2024-12-11 07:10:00
604007,信义广场北停车场,上虞区,41,38,2024-12-11 07:10:00
604004,保驾山停车场,上虞区,37,0,2024-12-11 07:10:00
604003,信义广场南停车场,上虞区,15,15,2024-12-11 07:10:00
604013,第二人民医院停车场,上虞区,350,291,2024-12-11 07:10:00
24032610340324759,小越历史街区停车场,上虞区,74,0,2024-12-11 07:05:00
604009,保驾山夜排挡停车场,上虞区,106,0,2024-12-11 07:05:00
604013,第二人民医院停车场,上虞区,350,297,2024-12-11 07:05:00
604012,人民桥下2号停车场,上虞区,60,20,2024-12-11 07:05:00
604003,信义广场南停车场,上虞区,15,15,2024-12-11 07:05:00
604011,雅图停车场,上虞区,60,0,2024-12-11 07:05:00
604002,梁祝大桥东桥下停车场,上虞区,95,56,2024-12-11 07:05:00
604004,保驾山停车场,上虞区,37,0,2024-12-11 07:05:00
604005,人民桥下停车场,上虞区,40,0,2024-12-11 07:05:00
604006,供销社停车场,上虞区,106,0,2024-12-11 07:05:00
19120915472614497,咪网测试停车场,上虞区,97,100,2024-12-11 07:05:00
604008,青春广场停车场,上虞区,70,0,2024-12-11 07:05:00
604007,信义广场北停车场,上虞区,41,38,2024-12-11 07:05:00
604011,雅图停车场,上虞区,60,0,2024-12-11 07:00:00
604007,信义广场北停车场,上虞区,41,38,2024-12-11 07:00:00
19120915472614497,咪网测试停车场,上虞区,97,100,2024-12-11 07:00:00
604013,第二人民医院停车场,上虞区,350,296,2024-12-11 07:00:00
604004,保驾山停车场,上虞区,37,0,2024-12-11 07:00:00
604012,人民桥下2号停车场,上虞区,60,20,2024-12-11 07:00:00
604003,信义广场南停车场,上虞区,15,15,2024-12-11 07:00:00
604008,青春广场停车场,上虞区,70,0,2024-12-11 07:00:00
604006,供销社停车场,上虞区,106,0,2024-12-11 07:00:00
604002,梁祝大桥东桥下停车场,上虞区,95,56,2024-12-11 07:00:00
604005,人民桥下停车场,上虞区,40,0,2024-12-11 07:00:00
24032610340324759,小越历史街区停车场,上虞区,74,0,2024-12-11 07:00:00
604009,保驾山夜排挡停车场,上虞区,106,0,2024-12-11 07:00:00
24032610340324759,小越历史街区停车场,上虞区,74,0,2024-12-11 06:55:00
19120915472614497,咪网测试停车场,上虞区,97,100,2024-12-11 06:55:00
604008,青春广场停车场,上虞区,70,0,2024-12-11 06:55:00
604006,供销社停车场,上虞区,106,0,2024-12-11 06:55:00
604002,梁祝大桥东桥下停车场,上虞区,95,56,2024-12-11 06:55:00
604005,人民桥下停车场,上虞区,40,0,2024-12-11 06:55:00
604004,保驾山停车场,上虞区,37,0,2024-12-11 06:55:00
604003,信义广场南停车场,上虞区,15,15,2024-12-11 06:55:00
604009,保驾山夜排挡停车场,上虞区,106,0,2024-12-11 06:55:00
604013,第二人民医院停车场,上虞区,350,299,2024-12-11 06:55:00
604011,雅图停车场,上虞区,60,0,2024-12-11 06:55:00
604012,人民桥下2号停车场,上虞区,60,20,2024-12-11 06:55:00
604007,信义广场北停车场,上虞区,41,38,2024-12-11 06:55:00
604013,第二人民医院停车场,上虞区,350,303,2024-12-11 06:50:00
604007,信义广场北停车场,上虞区,41,38,2024-12-11 06:50:00
604003,信义广场南停车场,上虞区,15,15,2024-12-11 06:50:00
604006,供销社停车场,上虞区,106,0,2024-12-11 06:50:00
604005,人民桥下停车场,上虞区,40,0,2024-12-11 06:50:00
604011,雅图停车场,上虞区,60,0,2024-12-11 06:50:00
604009,保驾山夜排挡停车场,上虞区,106,0,2024-12-11 06:50:00
24032610340324759,小越历史街区停车场,上虞区,74,0,2024-12-11 06:50:00
604008,青春广场停车场,上虞区,70,0,2024-12-11 06:50:00
604004,保驾山停车场,上虞区,37,0,2024-12-11 06:50:00
604002,梁祝大桥东桥下停车场,上虞区,95,56,2024-12-11 06:50:00
19120915472614497,咪网测试停车场,上虞区,97,100,2024-12-11 06:50:00
604012,人民桥下2号停车场,上虞区,60,20,2024-12-11 06:50:00
24032610340324759,小越历史街区停车场,上虞区,74,0,2024-12-11 06:45:00
604008,青春广场停车场,上虞区,70,0,2024-12-11 06:45:00
604005,人民桥下停车场,上虞区,40,0,2024-12-11 06:45:00
604013,第二人民医院停车场,上虞区,350,307,2024-12-11 06:45:00
604009,保驾山夜排挡停车场,上虞区,106,0,2024-12-11 06:45:00
604002,梁祝大桥东桥下停车场,上虞区,95,56,2024-12-11 06:45:00
604006,供销社停车场,上虞区,106,0,2024-12-11 06:45:00
604012,人民桥下2号停车场,上虞区,60,18,2024-12-11 06:45:00
604007,信义广场北停车场,上虞区,41,38,2024-12-11 06:45:00
19120915472614497,咪网测试停车场,上虞区,97,100,2024-12-11 06:45:00
604011,雅图停车场,上虞区,60,0,2024-12-11 06:45:00
604003,信义广场南停车场,上虞区,15,15,2024-12-11 06:45:00
604004,保驾山停车场,上虞区,37,0,2024-12-11 06:45:00
604007,信义广场北停车场,上虞区,41,38,2024-12-11 06:40:00
604008,青春广场停车场,上虞区,70,0,2024-12-11 06:40:00
604002,梁祝大桥东桥下停车场,上虞区,95,56,2024-12-11 06:40:00
604004,保驾山停车场,上虞区,37,0,2024-12-11 06:40:00
19120915472614497,咪网测试停车场,上虞区,97,100,2024-12-11 06:40:00
604009,保驾山夜排挡停车场,上虞区,106,0,2024-12-11 06:40:00
604013,第二人民医院停车场,上虞区,350,307,2024-12-11 06:40:00
604011,雅图停车场,上虞区,60,0,2024-12-11 06:40:00
604006,供销社停车场,上虞区,106,0,2024-12-11 06:40:00
604003,信义广场南停车场,上虞区,15,15,2024-12-11 06:40:00
24032610340324759,小越历史街区停车场,上虞区,74,0,2024-12-11 06:40:00
604012,人民桥下2号停车场,上虞区,60,18,2024-12-11 06:40:00
604005,人民桥下停车场,上虞区,40,0,2024-12-11 06:40:00
604011,雅图停车场,上虞区,60,0,2024-12-11 06:35:00
604013,第二人民医院停车场,上虞区,350,309,2024-12-11 06:35:00
604006,供销社停车场,上虞区,106,0,2024-12-11 06:35:00
19120915472614497,咪网测试停车场,上虞区,97,100,2024-12-11 06:35:00
604009,保驾山夜排挡停车场,上虞区,106,0,2024-12-11 06:35:00
604002,梁祝大桥东桥下停车场,上虞区,95,56,2024-12-11 06:35:00
24032610340324759,小越历史街区停车场,上虞区,74,0,2024-12-11 06:35:00
604007,信义广场北停车场,上虞区,41,38,2024-12-11 06:35:00
604008,青春广场停车场,上虞区,70,0,2024-12-11 06:35:00
604005,人民桥下停车场,上虞区,40,0,2024-12-11 06:35:00
604003,信义广场南停车场,上虞区,15,15,2024-12-11 06:35:00
604012,人民桥下2号停车场,上虞区,60,18,2024-12-11 06:35:00
604004,保驾山停车场,上虞区,37,0,2024-12-11 06:35:00
19120915472614497,咪网测试停车场,上虞区,97,100,2024-12-11 06:30:00
604007,信义广场北停车场,上虞区,41,38,2024-12-11 06:30:00
24032610340324759,小越历史街区停车场,上虞区,74,0,2024-12-11 06:30:00
604012,人民桥下2号停车场,上虞区,60,18,2024-12-11 06:30:00
604008,青春广场停车场,上虞区,70,0,2024-12-11 06:30:00
604004,保驾山停车场,上虞区,37,0,2024-12-11 06:30:00
604005,人民桥下停车场,上虞区,40,0,2024-12-11 06:30:00
604006,供销社停车场,上虞区,106,0,2024-12-11 06:30:00
604002,梁祝大桥东桥下停车场,上虞区,95,56,2024-12-11 06:30:00
604009,保驾山夜排挡停车场,上虞区,106,0,2024-12-11 06:30:00
604011,雅图停车场,上虞区,60,0,2024-12-11 06:30:00
604003,信义广场南停车场,上虞区,15,15,2024-12-11 06:30:00
604013,第二人民医院停车场,上虞区,350,310,2024-12-11 06:30:00
24032610340324759,小越历史街区停车场,上虞区,74,0,2024-12-11 06:25:00
604003,信义广场南停车场,上虞区,15,15,2024-12-11 06:25:00
604005,人民桥下停车场,上虞区,40,0,2024-12-11 06:25:00
604008,青春广场停车场,上虞区,70,0,2024-12-11 06:25:00
604006,供销社停车场,上虞区,106,0,2024-12-11 06:25:00
604011,雅图停车场,上虞区,60,0,2024-12-11 06:25:00
604013,第二人民医院停车场,上虞区,350,312,2024-12-11 06:25:00
604004,保驾山停车场,上虞区,37,0,2024-12-11 06:25:00
19120915472614497,咪网测试停车场,上虞区,97,100,2024-12-11 06:25:00
604002,梁祝大桥东桥下停车场,上虞区,95,56,2024-12-11 06:25:00
604007,信义广场北停车场,上虞区,41,38,2024-12-11 06:25:00
604012,人民桥下2号停车场,上虞区,60,18,2024-12-11 06:25:00
604009,保驾山夜排挡停车场,上虞区,106,0,2024-12-11 06:25:00
604008,青春广场停车场,上虞区,70,0,2024-12-11 06:20:00
604009,保驾山夜排挡停车场,上虞区,106,0,2024-12-11 06:20:00
24032610340324759,小越历史街区停车场,上虞区,74,0,2024-12-11 06:20:00
604013,第二人民医院停车场,上虞区,350,312,2024-12-11 06:20:00
604004,保驾山停车场,上虞区,37,0,2024-12-11 06:20:00
604005,人民桥下停车场,上虞区,40,0,2024-12-11 06:20:00
604007,信义广场北停车场,上虞区,41,38,2024-12-11 06:20:00
604002,梁祝大桥东桥下停车场,上虞区,95,56,2024-12-11 06:20:00
604003,信义广场南停车场,上虞区,15,15,2024-12-11 06:20:00
19120915472614497,咪网测试停车场,上虞区,97,100,2024-12-11 06:20:00
604012,人民桥下2号停车场,上虞区,60,18,2024-12-11 06:20:00
604006,供销社停车场,上虞区,106,0,2024-12-11 06:20:00
604011,雅图停车场,上虞区,60,0,2024-12-11 06:20:00
604002,梁祝大桥东桥下停车场,上虞区,95,56,2024-12-11 06:15:00
604004,保驾山停车场,上虞区,37,0,2024-12-11 06:15:00
604013,第二人民医院停车场,上虞区,350,311,2024-12-11 06:15:00
24032610340324759,小越历史街区停车场,上虞区,74,0,2024-12-11 06:15:00
604007,信义广场北停车场,上虞区,41,38,2024-12-11 06:15:00
604005,人民桥下停车场,上虞区,40,0,2024-12-11 06:15:00
604003,信义广场南停车场,上虞区,15,15,2024-12-11 06:15:00
604012,人民桥下2号停车场,上虞区,60,18,2024-12-11 06:15:00
19120915472614497,咪网测试停车场,上虞区,97,100,2024-12-11 06:15:00
604006,供销社停车场,上虞区,106,0,2024-12-11 06:15:00
604009,保驾山夜排挡停车场,上虞区,106,0,2024-12-11 06:15:00
604008,青春广场停车场,上虞区,70,0,2024-12-11 06:15:00
604011,雅图停车场,上虞区,60,0,2024-12-11 06:15:00
604002,梁祝大桥东桥下停车场,上虞区,95,56,2024-12-11 06:10:00
604005,人民桥下停车场,上虞区,40,0,2024-12-11 06:10:00
604013,第二人民医院停车场,上虞区,350,311,2024-12-11 06:10:00
604009,保驾山夜排挡停车场,上虞区,106,0,2024-12-11 06:10:00
604006,供销社停车场,上虞区,106,0,2024-12-11 06:10:00
604008,青春广场停车场,上虞区,70,0,2024-12-11 06:10:00
24032610340324759,小越历史街区停车场,上虞区,74,0,2024-12-11 06:10:00
604003,信义广场南停车场,上虞区,15,15,2024-12-11 06:10:00
604007,信义广场北停车场,上虞区,41,38,2024-12-11 06:10:00
604004,保驾山停车场,上虞区,37,0,2024-12-11 06:10:00
19120915472614497,咪网测试停车场,上虞区,97,100,2024-12-11 06:10:00
604012,人民桥下2号停车场,上虞区,60,18,2024-12-11 06:10:00
604011,雅图停车场,上虞区,60,0,2024-12-11 06:10:00
24032610340324759,小越历史街区停车场,上虞区,74,0,2024-12-11 06:05:00
604013,第二人民医院停车场,上虞区,350,311,2024-12-11 06:05:00
19120915472614497,咪网测试停车场,上虞区,97,100,2024-12-11 06:05:00
604006,供销社停车场,上虞区,106,0,2024-12-11 06:05:00
604011,雅图停车场,上虞区,60,0,2024-12-11 06:05:00
604008,青春广场停车场,上虞区,70,0,2024-12-11 06:05:00
604009,保驾山夜排挡停车场,上虞区,106,0,2024-12-11 06:05:00
604012,人民桥下2号停车场,上虞区,60,18,2024-12-11 06:05:00
604007,信义广场北停车场,上虞区,41,38,2024-12-11 06:05:00
604005,人民桥下停车场,上虞区,40,0,2024-12-11 06:05:00
604003,信义广场南停车场,上虞区,15,15,2024-12-11 06:05:00
604002,梁祝大桥东桥下停车场,上虞区,95,56,2024-12-11 06:05:00
604004,保驾山停车场,上虞区,37,0,2024-12-11 06:05:00
604012,人民桥下2号停车场,上虞区,60,17,2024-12-11 06:00:00
19120915472614497,咪网测试停车场,上虞区,97,100,2024-12-11 06:00:00
604007,信义广场北停车场,上虞区,41,38,2024-12-11 06:00:00
604003,信义广场南停车场,上虞区,15,15,2024-12-11 06:00:00
604009,保驾山夜排挡停车场,上虞区,106,0,2024-12-11 06:00:00
604006,供销社停车场,上虞区,106,0,2024-12-11 06:00:00
604013,第二人民医院停车场,上虞区,350,311,2024-12-11 06:00:00
604004,保驾山停车场,上虞区,37,0,2024-12-11 06:00:00
604011,雅图停车场,上虞区,60,0,2024-12-11 06:00:00
604005,人民桥下停车场,上虞区,40,0,2024-12-11 06:00:00
604008,青春广场停车场,上虞区,70,0,2024-12-11 06:00:00
24032610340324759,小越历史街区停车场,上虞区,74,0,2024-12-11 06:00:00
604002,梁祝大桥东桥下停车场,上虞区,95,56,2024-12-11 06:00:00
604005,人民桥下停车场,上虞区,40,0,2024-12-11 05:55:00
604009,保驾山夜排挡停车场,上虞区,106,0,2024-12-11 05:55:00
604007,信义广场北停车场,上虞区,41,38,2024-12-11 05:55:00
604006,供销社停车场,上虞区,106,0,2024-12-11 05:55:00
19120915472614497,咪网测试停车场,上虞区,97,100,2024-12-11 05:55:00
24032610340324759,小越历史街区停车场,上虞区,74,0,2024-12-11 05:55:00
604008,青春广场停车场,上虞区,70,0,2024-12-11 05:55:00
604012,人民桥下2号停车场,上虞区,60,17,2024-12-11 05:55:00
604011,雅图停车场,上虞区,60,0,2024-12-11 05:55:00
604002,梁祝大桥东桥下停车场,上虞区,95,56,2024-12-11 05:55:00
604013,第二人民医院停车场,上虞区,350,312,2024-12-11 05:55:00
604003,信义广场南停车场,上虞区,15,15,2024-12-11 05:55:00
604004,保驾山停车场,上虞区,37,0,2024-12-11 05:55:00
604011,雅图停车场,上虞区,60,0,2024-12-11 05:50:00
604005,人民桥下停车场,上虞区,40,0,2024-12-11 05:50:00
604004,保驾山停车场,上虞区,37,0,2024-12-11 05:50:00
19120915472614497,咪网测试停车场,上虞区,97,100,2024-12-11 05:50:00
604007,信义广场北停车场,上虞区,41,38,2024-12-11 05:50:00
24032610340324759,小越历史街区停车场,上虞区,74,0,2024-12-11 05:50:00
604003,信义广场南停车场,上虞区,15,15,2024-12-11 05:50:00
604012,人民桥下2号停车场,上虞区,60,17,2024-12-11 05:50:00
604009,保驾山夜排挡停车场,上虞区,106,0,2024-12-11 05:50:00
604013,第二人民医院停车场,上虞区,350,311,2024-12-11 05:50:00
604002,梁祝大桥东桥下停车场,上虞区,95,56,2024-12-11 05:50:00
604008,青春广场停车场,上虞区,70,0,2024-12-11 05:50:00
604006,供销社停车场,上虞区,106,0,2024-12-11 05:50:00
604013,第二人民医院停车场,上虞区,350,309,2024-12-11 05:45:00
604005,人民桥下停车场,上虞区,40,0,2024-12-11 05:45:00
604009,保驾山夜排挡停车场,上虞区,106,0,2024-12-11 05:45:00
604012,人民桥下2号停车场,上虞区,60,17,2024-12-11 05:45:00
604003,信义广场南停车场,上虞区,15,15,2024-12-11 05:45:00
604002,梁祝大桥东桥下停车场,上虞区,95,56,2024-12-11 05:45:00
604007,信义广场北停车场,上虞区,41,38,2024-12-11 05:45:00
24032610340324759,小越历史街区停车场,上虞区,74,0,2024-12-11 05:45:00
604004,保驾山停车场,上虞区,37,0,2024-12-11 05:45:00
604011,雅图停车场,上虞区,60,0,2024-12-11 05:45:00
604006,供销社停车场,上虞区,106,0,2024-12-11 05:45:00
604008,青春广场停车场,上虞区,70,0,2024-12-11 05:45:00
19120915472614497,咪网测试停车场,上虞区,97,100,2024-12-11 05:45:00
604002,梁祝大桥东桥下停车场,上虞区,95,56,2024-12-11 05:40:00
19120915472614497,咪网测试停车场,上虞区,97,100,2024-12-11 05:40:00
24032610340324759,小越历史街区停车场,上虞区,74,0,2024-12-11 05:40:00
604012,人民桥下2号停车场,上虞区,60,17,2024-12-11 05:40:00
604004,保驾山停车场,上虞区,37,0,2024-12-11 05:40:00
604013,第二人民医院停车场,上虞区,350,309,2024-12-11 05:40:00
604007,信义广场北停车场,上虞区,41,38,2024-12-11 05:40:00
604006,供销社停车场,上虞区,106,0,2024-12-11 05:40:00
604005,人民桥下停车场,上虞区,40,0,2024-12-11 05:40:00
604008,青春广场停车场,上虞区,70,0,2024-12-11 05:40:00
604003,信义广场南停车场,上虞区,15,15,2024-12-11 05:40:00
604009,保驾山夜排挡停车场,上虞区,106,0,2024-12-11 05:40:00
604011,雅图停车场,上虞区,60,0,2024-12-11 05:40:00
604007,信义广场北停车场,上虞区,41,38,2024-12-11 05:35:00
604005,人民桥下停车场,上虞区,40,0,2024-12-11 05:35:00
604011,雅图停车场,上虞区,60,0,2024-12-11 05:35:00
604008,青春广场停车场,上虞区,70,0,2024-12-11 05:35:00
24032610340324759,小越历史街区停车场,上虞区,74,0,2024-12-11 05:35:00
604012,人民桥下2号停车场,上虞区,60,17,2024-12-11 05:35:00
604009,保驾山夜排挡停车场,上虞区,106,0,2024-12-11 05:35:00
604003,信义广场南停车场,上虞区,15,15,2024-12-11 05:35:00
604013,第二人民医院停车场,上虞区,350,308,2024-12-11 05:35:00
604004,保驾山停车场,上虞区,37,0,2024-12-11 05:35:00
604006,供销社停车场,上虞区,106,0,2024-12-11 05:35:00
19120915472614497,咪网测试停车场,上虞区,97,100,2024-12-11 05:35:00
604002,梁祝大桥东桥下停车场,上虞区,95,56,2024-12-11 05:35:00
604003,信义广场南停车场,上虞区,15,15,2024-12-11 05:30:00
604013,第二人民医院停车场,上虞区,350,309,2024-12-11 05:30:00
19120915472614497,咪网测试停车场,上虞区,97,100,2024-12-11 05:30:00
604004,保驾山停车场,上虞区,37,0,2024-12-11 05:30:00
604006,供销社停车场,上虞区,106,0,2024-12-11 05:30:00
604002,梁祝大桥东桥下停车场,上虞区,95,56,2024-12-11 05:30:00
604011,雅图停车场,上虞区,60,0,2024-12-11 05:30:00
604012,人民桥下2号停车场,上虞区,60,17,2024-12-11 05:30:00
24032610340324759,小越历史街区停车场,上虞区,74,0,2024-12-11 05:30:00
604008,青春广场停车场,上虞区,70,0,2024-12-11 05:30:00
604005,人民桥下停车场,上虞区,40,0,2024-12-11 05:30:00
604009,保驾山夜排挡停车场,上虞区,106,0,2024-12-11 05:30:00
604007,信义广场北停车场,上虞区,41,38,2024-12-11 05:30:00
604013,第二人民医院停车场,上虞区,350,310,2024-12-11 05:25:00
604002,梁祝大桥东桥下停车场,上虞区,95,56,2024-12-11 05:25:00
604006,供销社停车场,上虞区,106,0,2024-12-11 05:25:00
604007,信义广场北停车场,上虞区,41,38,2024-12-11 05:25:00
604003,信义广场南停车场,上虞区,15,15,2024-12-11 05:25:00
604004,保驾山停车场,上虞区,37,0,2024-12-11 05:25:00
604005,人民桥下停车场,上虞区,40,0,2024-12-11 05:25:00
19120915472614497,咪网测试停车场,上虞区,97,100,2024-12-11 05:25:00
604008,青春广场停车场,上虞区,70,0,2024-12-11 05:25:00
604009,保驾山夜排挡停车场,上虞区,106,0,2024-12-11 05:25:00
604012,人民桥下2号停车场,上虞区,60,17,2024-12-11 05:25:00
604011,雅图停车场,上虞区,60,0,2024-12-11 05:25:00
24032610340324759,小越历史街区停车场,上虞区,74,0,2024-12-11 05:25:00
604012,人民桥下2号停车场,上虞区,60,17,2024-12-11 05:20:00
19120915472614497,咪网测试停车场,上虞区,97,100,2024-12-11 05:20:00
604013,第二人民医院停车场,上虞区,350,310,2024-12-11 05:20:00
604002,梁祝大桥东桥下停车场,上虞区,95,56,2024-12-11 05:20:00
604009,保驾山夜排挡停车场,上虞区,106,0,2024-12-11 05:20:00
604011,雅图停车场,上虞区,60,0,2024-12-11 05:20:00
604006,供销社停车场,上虞区,106,0,2024-12-11 05:20:00
604003,信义广场南停车场,上虞区,15,15,2024-12-11 05:20:00
604005,人民桥下停车场,上虞区,40,0,2024-12-11 05:20:00
604007,信义广场北停车场,上虞区,41,38,2024-12-11 05:20:00
604004,保驾山停车场,上虞区,37,0,2024-12-11 05:20:00
604008,青春广场停车场,上虞区,70,0,2024-12-11 05:20:00
24032610340324759,小越历史街区停车场,上虞区,74,0,2024-12-11 05:20:00
19120915472614497,咪网测试停车场,上虞区,97,100,2024-12-11 05:15:00
604003,信义广场南停车场,上虞区,15,15,2024-12-11 05:15:00
604011,雅图停车场,上虞区,60,0,2024-12-11 05:15:00
604005,人民桥下停车场,上虞区,40,0,2024-12-11 05:15:00
604013,第二人民医院停车场,上虞区,350,310,2024-12-11 05:15:00
604008,青春广场停车场,上虞区,70,0,2024-12-11 05:15:00
604009,保驾山夜排挡停车场,上虞区,106,0,2024-12-11 05:15:00
24032610340324759,小越历史街区停车场,上虞区,74,0,2024-12-11 05:15:00
604007,信义广场北停车场,上虞区,41,38,2024-12-11 05:15:00
604004,保驾山停车场,上虞区,37,0,2024-12-11 05:15:00
604002,梁祝大桥东桥下停车场,上虞区,95,56,2024-12-11 05:15:00
604006,供销社停车场,上虞区,106,0,2024-12-11 05:15:00
604012,人民桥下2号停车场,上虞区,60,17,2024-12-11 05:15:00
604006,供销社停车场,上虞区,106,0,2024-12-11 05:10:00
604012,人民桥下2号停车场,上虞区,60,17,2024-12-11 05:10:00
604007,信义广场北停车场,上虞区,41,38,2024-12-11 05:10:00
19120915472614497,咪网测试停车场,上虞区,97,100,2024-12-11 05:10:00
604008,青春广场停车场,上虞区,70,0,2024-12-11 05:10:00
604004,保驾山停车场,上虞区,37,0,2024-12-11 05:10:00
604013,第二人民医院停车场,上虞区,350,310,2024-12-11 05:10:00
604009,保驾山夜排挡停车场,上虞区,106,0,2024-12-11 05:10:00
24032610340324759,小越历史街区停车场,上虞区,74,0,2024-12-11 05:10:00
604005,人民桥下停车场,上虞区,40,0,2024-12-11 05:10:00
604002,梁祝大桥东桥下停车场,上虞区,95,56,2024-12-11 05:10:00
604011,雅图停车场,上虞区,60,0,2024-12-11 05:10:00
604003,信义广场南停车场,上虞区,15,15,2024-12-11 05:10:00
19120915472614497,咪网测试停车场,上虞区,97,100,2024-12-11 05:05:00
604009,保驾山夜排挡停车场,上虞区,106,0,2024-12-11 05:05:00
604013,第二人民医院停车场,上虞区,350,310,2024-12-11 05:05:00
604006,供销社停车场,上虞区,106,0,2024-12-11 05:05:00
604007,信义广场北停车场,上虞区,41,38,2024-12-11 05:05:00
604012,人民桥下2号停车场,上虞区,60,17,2024-12-11 05:05:00
604008,青春广场停车场,上虞区,70,0,2024-12-11 05:05:00
604003,信义广场南停车场,上虞区,15,15,2024-12-11 05:05:00
604002,梁祝大桥东桥下停车场,上虞区,95,56,2024-12-11 05:05:00
604004,保驾山停车场,上虞区,37,0,2024-12-11 05:05:00
604011,雅图停车场,上虞区,60,0,2024-12-11 05:05:00
24032610340324759,小越历史街区停车场,上虞区,74,0,2024-12-11 05:05:00
604005,人民桥下停车场,上虞区,40,0,2024-12-11 05:05:00
604002,梁祝大桥东桥下停车场,上虞区,95,56,2024-12-11 05:00:00
604003,信义广场南停车场,上虞区,15,15,2024-12-11 05:00:00
24032610340324759,小越历史街区停车场,上虞区,74,0,2024-12-11 05:00:00
604013,第二人民医院停车场,上虞区,350,310,2024-12-11 05:00:00
604009,保驾山夜排挡停车场,上虞区,106,0,2024-12-11 05:00:00
604011,雅图停车场,上虞区,60,0,2024-12-11 05:00:00
604008,青春广场停车场,上虞区,70,0,2024-12-11 05:00:00
19120915472614497,咪网测试停车场,上虞区,97,100,2024-12-11 05:00:00
604004,保驾山停车场,上虞区,37,0,2024-12-11 05:00:00
604005,人民桥下停车场,上虞区,40,0,2024-12-11 05:00:00
604012,人民桥下2号停车场,上虞区,60,17,2024-12-11 05:00:00
604006,供销社停车场,上虞区,106,0,2024-12-11 05:00:00
604007,信义广场北停车场,上虞区,41,38,2024-12-11 05:00:00
24032610340324759,小越历史街区停车场,上虞区,74,0,2024-12-11 04:55:00
604003,信义广场南停车场,上虞区,15,15,2024-12-11 04:55:00
604006,供销社停车场,上虞区,106,0,2024-12-11 04:55:00
604012,人民桥下2号停车场,上虞区,60,17,2024-12-11 04:55:00
604007,信义广场北停车场,上虞区,41,38,2024-12-11 04:55:00
604005,人民桥下停车场,上虞区,40,0,2024-12-11 04:55:00
604009,保驾山夜排挡停车场,上虞区,106,0,2024-12-11 04:55:00
604002,梁祝大桥东桥下停车场,上虞区,95,56,2024-12-11 04:55:00
604004,保驾山停车场,上虞区,37,0,2024-12-11 04:55:00
19120915472614497,咪网测试停车场,上虞区,97,100,2024-12-11 04:55:00
604008,青春广场停车场,上虞区,70,0,2024-12-11 04:55:00
604011,雅图停车场,上虞区,60,0,2024-12-11 04:55:00
604013,第二人民医院停车场,上虞区,350,310,2024-12-11 04:55:00
604011,雅图停车场,上虞区,60,0,2024-12-11 04:50:00
604005,人民桥下停车场,上虞区,40,0,2024-12-11 04:50:00
604007,信义广场北停车场,上虞区,41,38,2024-12-11 04:50:00
604003,信义广场南停车场,上虞区,15,15,2024-12-11 04:50:00
604009,保驾山夜排挡停车场,上虞区,106,0,2024-12-11 04:50:00
604006,供销社停车场,上虞区,106,0,2024-12-11 04:50:00
24032610340324759,小越历史街区停车场,上虞区,74,0,2024-12-11 04:50:00
604013,第二人民医院停车场,上虞区,350,310,2024-12-11 04:50:00
604008,青春广场停车场,上虞区,70,0,2024-12-11 04:50:00
604012,人民桥下2号停车场,上虞区,60,17,2024-12-11 04:50:00
604002,梁祝大桥东桥下停车场,上虞区,95,56,2024-12-11 04:50:00
604004,保驾山停车场,上虞区,37,0,2024-12-11 04:50:00
19120915472614497,咪网测试停车场,上虞区,97,100,2024-12-11 04:50:00
604002,梁祝大桥东桥下停车场,上虞区,95,56,2024-12-11 04:45:00
604004,保驾山停车场,上虞区,37,0,2024-12-11 04:45:00
604011,雅图停车场,上虞区,60,0,2024-12-11 04:45:00
604007,信义广场北停车场,上虞区,41,38,2024-12-11 04:45:00
604009,保驾山夜排挡停车场,上虞区,106,0,2024-12-11 04:45:00
604006,供销社停车场,上虞区,106,0,2024-12-11 04:45:00
24032610340324759,小越历史街区停车场,上虞区,74,0,2024-12-11 04:45:00
604008,青春广场停车场,上虞区,70,0,2024-12-11 04:45:00
604013,第二人民医院停车场,上虞区,350,310,2024-12-11 04:45:00
604003,信义广场南停车场,上虞区,15,15,2024-12-11 04:45:00
604012,人民桥下2号停车场,上虞区,60,17,2024-12-11 04:45:00
604005,人民桥下停车场,上虞区,40,0,2024-12-11 04:45:00
19120915472614497,咪网测试停车场,上虞区,97,100,2024-12-11 04:45:00
24032610340324759,小越历史街区停车场,上虞区,74,0,2024-12-11 04:40:00
604004,保驾山停车场,上虞区,37,0,2024-12-11 04:40:00
604007,信义广场北停车场,上虞区,41,38,2024-12-11 04:40:00
604005,人民桥下停车场,上虞区,40,0,2024-12-11 04:40:00
604002,梁祝大桥东桥下停车场,上虞区,95,56,2024-12-11 04:40:00
604008,青春广场停车场,上虞区,70,0,2024-12-11 04:40:00
604006,供销社停车场,上虞区,106,0,2024-12-11 04:40:00
19120915472614497,咪网测试停车场,上虞区,97,100,2024-12-11 04:40:00
604013,第二人民医院停车场,上虞区,350,310,2024-12-11 04:40:00
604009,保驾山夜排挡停车场,上虞区,106,0,2024-12-11 04:40:00
604012,人民桥下2号停车场,上虞区,60,17,2024-12-11 04:40:00
604011,雅图停车场,上虞区,60,0,2024-12-11 04:40:00
604003,信义广场南停车场,上虞区,15,15,2024-12-11 04:40:00
24032610340324759,小越历史街区停车场,上虞区,74,0,2024-12-11 04:35:00
604006,供销社停车场,上虞区,106,0,2024-12-11 04:35:00
604002,梁祝大桥东桥下停车场,上虞区,95,56,2024-12-11 04:35:00
604013,第二人民医院停车场,上虞区,350,310,2024-12-11 04:35:00
604004,保驾山停车场,上虞区,37,0,2024-12-11 04:35:00
604012,人民桥下2号停车场,上虞区,60,17,2024-12-11 04:35:00
604008,青春广场停车场,上虞区,70,0,2024-12-11 04:35:00
604011,雅图停车场,上虞区,60,0,2024-12-11 04:35:00
604005,人民桥下停车场,上虞区,40,0,2024-12-11 04:35:00
604003,信义广场南停车场,上虞区,15,15,2024-12-11 04:35:00
604009,保驾山夜排挡停车场,上虞区,106,0,2024-12-11 04:35:00
19120915472614497,咪网测试停车场,上虞区,97,100,2024-12-11 04:35:00
604007,信义广场北停车场,上虞区,41,38,2024-12-11 04:35:00
604002,梁祝大桥东桥下停车场,上虞区,95,56,2024-12-11 04:30:00
604011,雅图停车场,上虞区,60,0,2024-12-11 04:30:00
604003,信义广场南停车场,上虞区,15,15,2024-12-11 04:30:00
604008,青春广场停车场,上虞区,70,0,2024-12-11 04:30:00
24032610340324759,小越历史街区停车场,上虞区,74,0,2024-12-11 04:30:00
604007,信义广场北停车场,上虞区,41,38,2024-12-11 04:30:00
604012,人民桥下2号停车场,上虞区,60,17,2024-12-11 04:30:00
604005,人民桥下停车场,上虞区,40,0,2024-12-11 04:30:00
604004,保驾山停车场,上虞区,37,0,2024-12-11 04:30:00
604006,供销社停车场,上虞区,106,0,2024-12-11 04:30:00
19120915472614497,咪网测试停车场,上虞区,97,100,2024-12-11 04:30:00
604013,第二人民医院停车场,上虞区,350,310,2024-12-11 04:30:00
604009,保驾山夜排挡停车场,上虞区,106,0,2024-12-11 04:30:00
604007,信义广场北停车场,上虞区,41,38,2024-12-11 04:25:00
604003,信义广场南停车场,上虞区,15,15,2024-12-11 04:25:00
604012,人民桥下2号停车场,上虞区,60,17,2024-12-11 04:25:00
604005,人民桥下停车场,上虞区,40,0,2024-12-11 04:25:00
604009,保驾山夜排挡停车场,上虞区,106,0,2024-12-11 04:25:00
604002,梁祝大桥东桥下停车场,上虞区,95,56,2024-12-11 04:25:00
604008,青春广场停车场,上虞区,70,0,2024-12-11 04:25:00
604013,第二人民医院停车场,上虞区,350,310,2024-12-11 04:25:00
604011,雅图停车场,上虞区,60,0,2024-12-11 04:25:00
604006,供销社停车场,上虞区,106,0,2024-12-11 04:25:00
24032610340324759,小越历史街区停车场,上虞区,74,0,2024-12-11 04:25:00
19120915472614497,咪网测试停车场,上虞区,97,100,2024-12-11 04:25:00
604004,保驾山停车场,上虞区,37,0,2024-12-11 04:25:00
604006,供销社停车场,上虞区,106,0,2024-12-11 04:20:00
604012,人民桥下2号停车场,上虞区,60,17,2024-12-11 04:20:00
604008,青春广场停车场,上虞区,70,0,2024-12-11 04:20:00
604007,信义广场北停车场,上虞区,41,38,2024-12-11 04:20:00
604002,梁祝大桥东桥下停车场,上虞区,95,56,2024-12-11 04:20:00
604013,第二人民医院停车场,上虞区,350,310,2024-12-11 04:20:00
19120915472614497,咪网测试停车场,上虞区,97,100,2024-12-11 04:20:00
604004,保驾山停车场,上虞区,37,0,2024-12-11 04:20:00
24032610340324759,小越历史街区停车场,上虞区,74,0,2024-12-11 04:20:00
604009,保驾山夜排挡停车场,上虞区,106,0,2024-12-11 04:20:00
604003,信义广场南停车场,上虞区,15,15,2024-12-11 04:20:00
604005,人民桥下停车场,上虞区,40,0,2024-12-11 04:20:00
604011,雅图停车场,上虞区,60,0,2024-12-11 04:20:00
604002,梁祝大桥东桥下停车场,上虞区,95,56,2024-12-11 04:15:00
604009,保驾山夜排挡停车场,上虞区,106,0,2024-12-11 04:15:00
604005,人民桥下停车场,上虞区,40,0,2024-12-11 04:15:00
604004,保驾山停车场,上虞区,37,0,2024-12-11 04:15:00
604011,雅图停车场,上虞区,60,0,2024-12-11 04:15:00
604012,人民桥下2号停车场,上虞区,60,17,2024-12-11 04:15:00
604013,第二人民医院停车场,上虞区,350,310,2024-12-11 04:15:00
604003,信义广场南停车场,上虞区,15,15,2024-12-11 04:15:00
604006,供销社停车场,上虞区,106,0,2024-12-11 04:15:00
604007,信义广场北停车场,上虞区,41,38,2024-12-11 04:15:00
604008,青春广场停车场,上虞区,70,0,2024-12-11 04:15:00
19120915472614497,咪网测试停车场,上虞区,97,100,2024-12-11 04:15:00
24032610340324759,小越历史街区停车场,上虞区,74,0,2024-12-11 04:15:00
604005,人民桥下停车场,上虞区,40,0,2024-12-11 04:10:00
604011,雅图停车场,上虞区,60,0,2024-12-11 04:10:00
24032610340324759,小越历史街区停车场,上虞区,74,0,2024-12-11 04:10:00
604002,梁祝大桥东桥下停车场,上虞区,95,56,2024-12-11 04:10:00
604007,信义广场北停车场,上虞区,41,38,2024-12-11 04:10:00
604004,保驾山停车场,上虞区,37,0,2024-12-11 04:10:00
604006,供销社停车场,上虞区,106,0,2024-12-11 04:10:00
604008,青春广场停车场,上虞区,70,0,2024-12-11 04:10:00
604013,第二人民医院停车场,上虞区,350,308,2024-12-11 04:10:00
19120915472614497,咪网测试停车场,上虞区,97,100,2024-12-11 04:10:00
604009,保驾山夜排挡停车场,上虞区,106,0,2024-12-11 04:10:00
604012,人民桥下2号停车场,上虞区,60,17,2024-12-11 04:10:00
604003,信义广场南停车场,上虞区,15,15,2024-12-11 04:10:00
19120915472614497,咪网测试停车场,上虞区,97,100,2024-12-11 04:05:00
604012,人民桥下2号停车场,上虞区,60,17,2024-12-11 04:05:00
604009,保驾山夜排挡停车场,上虞区,106,0,2024-12-11 04:05:00
604005,人民桥下停车场,上虞区,40,0,2024-12-11 04:05:00
604002,梁祝大桥东桥下停车场,上虞区,95,56,2024-12-11 04:05:00
604006,供销社停车场,上虞区,106,0,2024-12-11 04:05:00
604011,雅图停车场,上虞区,60,0,2024-12-11 04:05:00
604013,第二人民医院停车场,上虞区,350,309,2024-12-11 04:05:00
604003,信义广场南停车场,上虞区,15,15,2024-12-11 04:05:00
604007,信义广场北停车场,上虞区,41,38,2024-12-11 04:05:00
24032610340324759,小越历史街区停车场,上虞区,74,0,2024-12-11 04:05:00
604008,青春广场停车场,上虞区,70,0,2024-12-11 04:05:00
604004,保驾山停车场,上虞区,37,0,2024-12-11 04:05:00
604005,人民桥下停车场,上虞区,40,0,2024-12-11 04:00:00
19120915472614497,咪网测试停车场,上虞区,97,100,2024-12-11 04:00:00
24032610340324759,小越历史街区停车场,上虞区,74,0,2024-12-11 04:00:00
604002,梁祝大桥东桥下停车场,上虞区,95,56,2024-12-11 04:00:00
604009,保驾山夜排挡停车场,上虞区,106,0,2024-12-11 04:00:00
604013,第二人民医院停车场,上虞区,350,310,2024-12-11 04:00:00
604008,青春广场停车场,上虞区,70,0,2024-12-11 04:00:00
604011,雅图停车场,上虞区,60,0,2024-12-11 04:00:00
604003,信义广场南停车场,上虞区,15,15,2024-12-11 04:00:00
604012,人民桥下2号停车场,上虞区,60,17,2024-12-11 04:00:00
604004,保驾山停车场,上虞区,37,0,2024-12-11 04:00:00
604007,信义广场北停车场,上虞区,41,38,2024-12-11 04:00:00
604006,供销社停车场,上虞区,106,0,2024-12-11 04:00:00
604007,信义广场北停车场,上虞区,41,38,2024-12-11 03:55:00
604006,供销社停车场,上虞区,106,0,2024-12-11 03:55:00
604003,信义广场南停车场,上虞区,15,15,2024-12-11 03:55:00
604008,青春广场停车场,上虞区,70,0,2024-12-11 03:55:00
604004,保驾山停车场,上虞区,37,0,2024-12-11 03:55:00
604002,梁祝大桥东桥下停车场,上虞区,95,56,2024-12-11 03:55:00
604011,雅图停车场,上虞区,60,0,2024-12-11 03:55:00
604005,人民桥下停车场,上虞区,40,0,2024-12-11 03:55:00
604012,人民桥下2号停车场,上虞区,60,17,2024-12-11 03:55:00
24032610340324759,小越历史街区停车场,上虞区,74,0,2024-12-11 03:55:00
19120915472614497,咪网测试停车场,上虞区,97,100,2024-12-11 03:55:00
604013,第二人民医院停车场,上虞区,350,310,2024-12-11 03:55:00
604009,保驾山夜排挡停车场,上虞区,106,0,2024-12-11 03:55:00
604012,人民桥下2号停车场,上虞区,60,17,2024-12-11 03:50:00
604005,人民桥下停车场,上虞区,40,0,2024-12-11 03:50:00
604003,信义广场南停车场,上虞区,15,15,2024-12-11 03:50:00
604008,青春广场停车场,上虞区,70,0,2024-12-11 03:50:00
19120915472614497,咪网测试停车场,上虞区,97,100,2024-12-11 03:50:00
24032610340324759,小越历史街区停车场,上虞区,74,0,2024-12-11 03:50:00
604009,保驾山夜排挡停车场,上虞区,106,0,2024-12-11 03:50:00
604004,保驾山停车场,上虞区,37,0,2024-12-11 03:50:00
604002,梁祝大桥东桥下停车场,上虞区,95,56,2024-12-11 03:50:00
604011,雅图停车场,上虞区,60,0,2024-12-11 03:50:00
604013,第二人民医院停车场,上虞区,350,310,2024-12-11 03:50:00
604006,供销社停车场,上虞区,106,0,2024-12-11 03:50:00
604007,信义广场北停车场,上虞区,41,38,2024-12-11 03:50:00
604007,信义广场北停车场,上虞区,41,38,2024-12-11 03:45:00
604008,青春广场停车场,上虞区,70,0,2024-12-11 03:45:00
19120915472614497,咪网测试停车场,上虞区,97,100,2024-12-11 03:45:00
24032610340324759,小越历史街区停车场,上虞区,74,0,2024-12-11 03:45:00
604002,梁祝大桥东桥下停车场,上虞区,95,56,2024-12-11 03:45:00
604003,信义广场南停车场,上虞区,15,15,2024-12-11 03:45:00
604013,第二人民医院停车场,上虞区,350,310,2024-12-11 03:45:00
604009,保驾山夜排挡停车场,上虞区,106,0,2024-12-11 03:45:00
604012,人民桥下2号停车场,上虞区,60,17,2024-12-11 03:45:00
604005,人民桥下停车场,上虞区,40,0,2024-12-11 03:45:00
604006,供销社停车场,上虞区,106,0,2024-12-11 03:45:00
604004,保驾山停车场,上虞区,37,0,2024-12-11 03:45:00
604011,雅图停车场,上虞区,60,0,2024-12-11 03:45:00
604009,保驾山夜排挡停车场,上虞区,106,0,2024-12-11 03:40:00
604011,雅图停车场,上虞区,60,0,2024-12-11 03:40:00
604006,供销社停车场,上虞区,106,0,2024-12-11 03:40:00
604004,保驾山停车场,上虞区,37,0,2024-12-11 03:40:00
604013,第二人民医院停车场,上虞区,350,310,2024-12-11 03:40:00
604002,梁祝大桥东桥下停车场,上虞区,95,56,2024-12-11 03:40:00
604012,人民桥下2号停车场,上虞区,60,17,2024-12-11 03:40:00
604005,人民桥下停车场,上虞区,40,0,2024-12-11 03:40:00
24032610340324759,小越历史街区停车场,上虞区,74,0,2024-12-11 03:40:00
604008,青春广场停车场,上虞区,70,0,2024-12-11 03:40:00
19120915472614497,咪网测试停车场,上虞区,97,100,2024-12-11 03:40:00
604007,信义广场北停车场,上虞区,41,38,2024-12-11 03:40:00
604003,信义广场南停车场,上虞区,15,15,2024-12-11 03:40:00
604004,保驾山停车场,上虞区,37,0,2024-12-11 03:35:00
604007,信义广场北停车场,上虞区,41,38,2024-12-11 03:35:00
604005,人民桥下停车场,上虞区,40,0,2024-12-11 03:35:00
19120915472614497,咪网测试停车场,上虞区,97,100,2024-12-11 03:35:00
24032610340324759,小越历史街区停车场,上虞区,74,0,2024-12-11 03:35:00
604008,青春广场停车场,上虞区,70,0,2024-12-11 03:35:00
604009,保驾山夜排挡停车场,上虞区,106,0,2024-12-11 03:35:00
604002,梁祝大桥东桥下停车场,上虞区,95,56,2024-12-11 03:35:00
604012,人民桥下2号停车场,上虞区,60,17,2024-12-11 03:35:00
604003,信义广场南停车场,上虞区,15,15,2024-12-11 03:35:00
604011,雅图停车场,上虞区,60,0,2024-12-11 03:35:00
604013,第二人民医院停车场,上虞区,350,310,2024-12-11 03:35:00
604006,供销社停车场,上虞区,106,0,2024-12-11 03:35:00
604011,雅图停车场,上虞区,60,0,2024-12-11 03:30:00
604005,人民桥下停车场,上虞区,40,0,2024-12-11 03:30:00
604002,梁祝大桥东桥下停车场,上虞区,95,56,2024-12-11 03:30:00
604007,信义广场北停车场,上虞区,41,38,2024-12-11 03:30:00
604006,供销社停车场,上虞区,106,0,2024-12-11 03:30:00
604009,保驾山夜排挡停车场,上虞区,106,0,2024-12-11 03:30:00
604012,人民桥下2号停车场,上虞区,60,17,2024-12-11 03:30:00
604008,青春广场停车场,上虞区,70,0,2024-12-11 03:30:00
604003,信义广场南停车场,上虞区,15,15,2024-12-11 03:30:00
604004,保驾山停车场,上虞区,37,0,2024-12-11 03:30:00
604013,第二人民医院停车场,上虞区,350,310,2024-12-11 03:30:00
19120915472614497,咪网测试停车场,上虞区,97,100,2024-12-11 03:30:00
24032610340324759,小越历史街区停车场,上虞区,74,0,2024-12-11 03:30:00
604006,供销社停车场,上虞区,106,0,2024-12-11 03:25:00
604007,信义广场北停车场,上虞区,41,38,2024-12-11 03:25:00
604009,保驾山夜排挡停车场,上虞区,106,0,2024-12-11 03:25:00
604005,人民桥下停车场,上虞区,40,0,2024-12-11 03:25:00
604013,第二人民医院停车场,上虞区,350,310,2024-12-11 03:25:00
24032610340324759,小越历史街区停车场,上虞区,74,0,2024-12-11 03:25:00
604011,雅图停车场,上虞区,60,0,2024-12-11 03:25:00
604012,人民桥下2号停车场,上虞区,60,17,2024-12-11 03:25:00
604002,梁祝大桥东桥下停车场,上虞区,95,56,2024-12-11 03:25:00
604003,信义广场南停车场,上虞区,15,15,2024-12-11 03:25:00
604008,青春广场停车场,上虞区,70,0,2024-12-11 03:25:00
604004,保驾山停车场,上虞区,37,0,2024-12-11 03:25:00
19120915472614497,咪网测试停车场,上虞区,97,100,2024-12-11 03:25:00
604009,保驾山夜排挡停车场,上虞区,106,0,2024-12-11 03:20:00
604002,梁祝大桥东桥下停车场,上虞区,95,56,2024-12-11 03:20:00
604004,保驾山停车场,上虞区,37,0,2024-12-11 03:20:00
604003,信义广场南停车场,上虞区,15,15,2024-12-11 03:20:00
604008,青春广场停车场,上虞区,70,0,2024-12-11 03:20:00
604011,雅图停车场,上虞区,60,0,2024-12-11 03:20:00
604006,供销社停车场,上虞区,106,0,2024-12-11 03:20:00
604013,第二人民医院停车场,上虞区,350,310,2024-12-11 03:20:00
604005,人民桥下停车场,上虞区,40,0,2024-12-11 03:20:00
604012,人民桥下2号停车场,上虞区,60,17,2024-12-11 03:20:00
19120915472614497,咪网测试停车场,上虞区,97,100,2024-12-11 03:20:00
604007,信义广场北停车场,上虞区,41,38,2024-12-11 03:20:00
24032610340324759,小越历史街区停车场,上虞区,74,0,2024-12-11 03:20:00
19120915472614497,咪网测试停车场,上虞区,97,100,2024-12-11 03:15:00
24032610340324759,小越历史街区停车场,上虞区,74,0,2024-12-11 03:15:00
604008,青春广场停车场,上虞区,70,0,2024-12-11 03:15:00
604005,人民桥下停车场,上虞区,40,0,2024-12-11 03:15:00
604002,梁祝大桥东桥下停车场,上虞区,95,56,2024-12-11 03:15:00
604012,人民桥下2号停车场,上虞区,60,17,2024-12-11 03:15:00
604009,保驾山夜排挡停车场,上虞区,106,0,2024-12-11 03:15:00
604011,雅图停车场,上虞区,60,0,2024-12-11 03:15:00
604003,信义广场南停车场,上虞区,15,15,2024-12-11 03:15:00
604007,信义广场北停车场,上虞区,41,38,2024-12-11 03:15:00
604006,供销社停车场,上虞区,106,0,2024-12-11 03:15:00
604004,保驾山停车场,上虞区,37,0,2024-12-11 03:15:00
604013,第二人民医院停车场,上虞区,350,310,2024-12-11 03:15:00
604013,第二人民医院停车场,上虞区,350,310,2024-12-11 03:10:00
24032610340324759,小越历史街区停车场,上虞区,74,0,2024-12-11 03:10:00
604006,供销社停车场,上虞区,106,0,2024-12-11 03:10:00
19120915472614497,咪网测试停车场,上虞区,97,100,2024-12-11 03:10:00
604002,梁祝大桥东桥下停车场,上虞区,95,56,2024-12-11 03:10:00
604005,人民桥下停车场,上虞区,40,0,2024-12-11 03:10:00
604012,人民桥下2号停车场,上虞区,60,17,2024-12-11 03:10:00
604004,保驾山停车场,上虞区,37,0,2024-12-11 03:10:00
604009,保驾山夜排挡停车场,上虞区,106,0,2024-12-11 03:10:00
604007,信义广场北停车场,上虞区,41,38,2024-12-11 03:10:00
604003,信义广场南停车场,上虞区,15,15,2024-12-11 03:10:00
604011,雅图停车场,上虞区,60,0,2024-12-11 03:10:00
604008,青春广场停车场,上虞区,70,0,2024-12-11 03:10:00
604013,第二人民医院停车场,上虞区,350,310,2024-12-11 03:05:00
604012,人民桥下2号停车场,上虞区,60,17,2024-12-11 03:05:00
19120915472614497,咪网测试停车场,上虞区,97,100,2024-12-11 03:05:00
604004,保驾山停车场,上虞区,37,0,2024-12-11 03:05:00
604002,梁祝大桥东桥下停车场,上虞区,95,56,2024-12-11 03:05:00
604008,青春广场停车场,上虞区,70,0,2024-12-11 03:05:00
604003,信义广场南停车场,上虞区,15,15,2024-12-11 03:05:00
604006,供销社停车场,上虞区,106,0,2024-12-11 03:05:00
24032610340324759,小越历史街区停车场,上虞区,74,0,2024-12-11 03:05:00
604005,人民桥下停车场,上虞区,40,0,2024-12-11 03:05:00
604009,保驾山夜排挡停车场,上虞区,106,0,2024-12-11 03:05:00
604007,信义广场北停车场,上虞区,41,38,2024-12-11 03:05:00
604011,雅图停车场,上虞区,60,0,2024-12-11 03:05:00
604007,信义广场北停车场,上虞区,41,38,2024-12-11 03:00:01
604003,信义广场南停车场,上虞区,15,15,2024-12-11 03:00:00
604004,保驾山停车场,上虞区,37,0,2024-12-11 03:00:00
604005,人民桥下停车场,上虞区,40,0,2024-12-11 03:00:00
604011,雅图停车场,上虞区,60,0,2024-12-11 03:00:00
604008,青春广场停车场,上虞区,70,0,2024-12-11 03:00:00
604013,第二人民医院停车场,上虞区,350,310,2024-12-11 03:00:00
24032610340324759,小越历史街区停车场,上虞区,74,0,2024-12-11 03:00:00
604009,保驾山夜排挡停车场,上虞区,106,0,2024-12-11 03:00:00
604002,梁祝大桥东桥下停车场,上虞区,95,56,2024-12-11 03:00:00
604006,供销社停车场,上虞区,106,0,2024-12-11 03:00:00
604012,人民桥下2号停车场,上虞区,60,17,2024-12-11 03:00:00
19120915472614497,咪网测试停车场,上虞区,97,100,2024-12-11 03:00:00
24032610340324759,小越历史街区停车场,上虞区,74,0,2024-12-11 02:55:00
604008,青春广场停车场,上虞区,70,0,2024-12-11 02:55:00
604009,保驾山夜排挡停车场,上虞区,106,0,2024-12-11 02:55:00
604006,供销社停车场,上虞区,106,0,2024-12-11 02:55:00
19120915472614497,咪网测试停车场,上虞区,97,100,2024-12-11 02:55:00
604004,保驾山停车场,上虞区,37,0,2024-12-11 02:55:00
604013,第二人民医院停车场,上虞区,350,310,2024-12-11 02:55:00
604002,梁祝大桥东桥下停车场,上虞区,95,56,2024-12-11 02:55:00
604005,人民桥下停车场,上虞区,40,0,2024-12-11 02:55:00
604012,人民桥下2号停车场,上虞区,60,17,2024-12-11 02:55:00
604011,雅图停车场,上虞区,60,0,2024-12-11 02:55:00
604003,信义广场南停车场,上虞区,15,15,2024-12-11 02:55:00
604007,信义广场北停车场,上虞区,41,38,2024-12-11 02:55:00
604013,第二人民医院停车场,上虞区,350,310,2024-12-11 02:50:00
604007,信义广场北停车场,上虞区,41,38,2024-12-11 02:50:00
604004,保驾山停车场,上虞区,37,0,2024-12-11 02:50:00
604012,人民桥下2号停车场,上虞区,60,17,2024-12-11 02:50:00
604002,梁祝大桥东桥下停车场,上虞区,95,56,2024-12-11 02:50:00
19120915472614497,咪网测试停车场,上虞区,97,100,2024-12-11 02:50:00
604008,青春广场停车场,上虞区,70,0,2024-12-11 02:50:00
604005,人民桥下停车场,上虞区,40,0,2024-12-11 02:50:00
604009,保驾山夜排挡停车场,上虞区,106,0,2024-12-11 02:50:00
604006,供销社停车场,上虞区,106,0,2024-12-11 02:50:00
604011,雅图停车场,上虞区,60,0,2024-12-11 02:50:00
604003,信义广场南停车场,上虞区,15,15,2024-12-11 02:50:00
24032610340324759,小越历史街区停车场,上虞区,74,0,2024-12-11 02:50:00
604006,供销社停车场,上虞区,106,0,2024-12-11 02:45:00
24032610340324759,小越历史街区停车场,上虞区,74,0,2024-12-11 02:45:00
604009,保驾山夜排挡停车场,上虞区,106,0,2024-12-11 02:45:00
604008,青春广场停车场,上虞区,70,0,2024-12-11 02:45:00
604007,信义广场北停车场,上虞区,41,38,2024-12-11 02:45:00
604004,保驾山停车场,上虞区,37,0,2024-12-11 02:45:00
604012,人民桥下2号停车场,上虞区,60,17,2024-12-11 02:45:00
19120915472614497,咪网测试停车场,上虞区,97,100,2024-12-11 02:45:00
604003,信义广场南停车场,上虞区,15,15,2024-12-11 02:45:00
604002,梁祝大桥东桥下停车场,上虞区,95,56,2024-12-11 02:45:00
604013,第二人民医院停车场,上虞区,350,310,2024-12-11 02:45:00
604005,人民桥下停车场,上虞区,40,0,2024-12-11 02:45:00
604011,雅图停车场,上虞区,60,0,2024-12-11 02:45:00
604013,第二人民医院停车场,上虞区,350,310,2024-12-11 02:40:00
19120915472614497,咪网测试停车场,上虞区,97,100,2024-12-11 02:40:00
604005,人民桥下停车场,上虞区,40,0,2024-12-11 02:40:00
604003,信义广场南停车场,上虞区,15,15,2024-12-11 02:40:00
604012,人民桥下2号停车场,上虞区,60,17,2024-12-11 02:40:00
604007,信义广场北停车场,上虞区,41,38,2024-12-11 02:40:00
604006,供销社停车场,上虞区,106,0,2024-12-11 02:40:00
604004,保驾山停车场,上虞区,37,0,2024-12-11 02:40:00
604002,梁祝大桥东桥下停车场,上虞区,95,56,2024-12-11 02:40:00
604008,青春广场停车场,上虞区,70,0,2024-12-11 02:40:00
604011,雅图停车场,上虞区,60,0,2024-12-11 02:40:00
604009,保驾山夜排挡停车场,上虞区,106,0,2024-12-11 02:40:00
24032610340324759,小越历史街区停车场,上虞区,74,0,2024-12-11 02:40:00
604003,信义广场南停车场,上虞区,15,15,2024-12-11 02:35:00
604006,供销社停车场,上虞区,106,0,2024-12-11 02:35:00
19120915472614497,咪网测试停车场,上虞区,97,100,2024-12-11 02:35:00
604013,第二人民医院停车场,上虞区,350,310,2024-12-11 02:35:00
604009,保驾山夜排挡停车场,上虞区,106,0,2024-12-11 02:35:00
604011,雅图停车场,上虞区,60,0,2024-12-11 02:35:00
604008,青春广场停车场,上虞区,70,0,2024-12-11 02:35:00
604004,保驾山停车场,上虞区,37,0,2024-12-11 02:35:00
604005,人民桥下停车场,上虞区,40,0,2024-12-11 02:35:00
604012,人民桥下2号停车场,上虞区,60,17,2024-12-11 02:35:00
24032610340324759,小越历史街区停车场,上虞区,74,0,2024-12-11 02:35:00
604002,梁祝大桥东桥下停车场,上虞区,95,56,2024-12-11 02:35:00
604007,信义广场北停车场,上虞区,41,38,2024-12-11 02:35:00
604007,信义广场北停车场,上虞区,41,38,2024-12-11 02:30:00
604005,人民桥下停车场,上虞区,40,0,2024-12-11 02:30:00
604006,供销社停车场,上虞区,106,0,2024-12-11 02:30:00
604008,青春广场停车场,上虞区,70,0,2024-12-11 02:30:00
604002,梁祝大桥东桥下停车场,上虞区,95,56,2024-12-11 02:30:00
604013,第二人民医院停车场,上虞区,350,310,2024-12-11 02:30:00
604009,保驾山夜排挡停车场,上虞区,106,0,2024-12-11 02:30:00
604011,雅图停车场,上虞区,60,0,2024-12-11 02:30:00
604012,人民桥下2号停车场,上虞区,60,17,2024-12-11 02:30:00
604004,保驾山停车场,上虞区,37,0,2024-12-11 02:30:00
604003,信义广场南停车场,上虞区,15,15,2024-12-11 02:30:00
24032610340324759,小越历史街区停车场,上虞区,74,0,2024-12-11 02:30:00
19120915472614497,咪网测试停车场,上虞区,97,100,2024-12-11 02:30:00
604008,青春广场停车场,上虞区,70,0,2024-12-11 02:25:00
604003,信义广场南停车场,上虞区,15,15,2024-12-11 02:25:00
24032610340324759,小越历史街区停车场,上虞区,74,0,2024-12-11 02:25:00
604006,供销社停车场,上虞区,106,0,2024-12-11 02:25:00
604011,雅图停车场,上虞区,60,0,2024-12-11 02:25:00
19120915472614497,咪网测试停车场,上虞区,97,100,2024-12-11 02:25:00
604002,梁祝大桥东桥下停车场,上虞区,95,56,2024-12-11 02:25:00
604004,保驾山停车场,上虞区,37,0,2024-12-11 02:25:00
604012,人民桥下2号停车场,上虞区,60,17,2024-12-11 02:25:00
604013,第二人民医院停车场,上虞区,350,310,2024-12-11 02:25:00
604009,保驾山夜排挡停车场,上虞区,106,0,2024-12-11 02:25:00
604007,信义广场北停车场,上虞区,41,38,2024-12-11 02:25:00
604005,人民桥下停车场,上虞区,40,0,2024-12-11 02:25:00
604009,保驾山夜排挡停车场,上虞区,106,0,2024-12-11 02:20:00
604003,信义广场南停车场,上虞区,15,15,2024-12-11 02:20:00
604007,信义广场北停车场,上虞区,41,38,2024-12-11 02:20:00
604005,人民桥下停车场,上虞区,40,0,2024-12-11 02:20:00
604011,雅图停车场,上虞区,60,0,2024-12-11 02:20:00
604004,保驾山停车场,上虞区,37,0,2024-12-11 02:20:00
604008,青春广场停车场,上虞区,70,0,2024-12-11 02:20:00
604012,人民桥下2号停车场,上虞区,60,17,2024-12-11 02:20:00
604006,供销社停车场,上虞区,106,0,2024-12-11 02:20:00
604013,第二人民医院停车场,上虞区,350,310,2024-12-11 02:20:00
24032610340324759,小越历史街区停车场,上虞区,74,0,2024-12-11 02:20:00
19120915472614497,咪网测试停车场,上虞区,97,100,2024-12-11 02:20:00
604002,梁祝大桥东桥下停车场,上虞区,95,56,2024-12-11 02:20:00
604009,保驾山夜排挡停车场,上虞区,106,0,2024-12-11 02:15:00
604007,信义广场北停车场,上虞区,41,38,2024-12-11 02:15:00
604008,青春广场停车场,上虞区,70,0,2024-12-11 02:15:00
604013,第二人民医院停车场,上虞区,350,310,2024-12-11 02:15:00
604004,保驾山停车场,上虞区,37,0,2024-12-11 02:15:00
604003,信义广场南停车场,上虞区,15,15,2024-12-11 02:15:00
604012,人民桥下2号停车场,上虞区,60,17,2024-12-11 02:15:00
24032610340324759,小越历史街区停车场,上虞区,74,0,2024-12-11 02:15:00
604005,人民桥下停车场,上虞区,40,0,2024-12-11 02:15:00
19120915472614497,咪网测试停车场,上虞区,97,100,2024-12-11 02:15:00
604006,供销社停车场,上虞区,106,0,2024-12-11 02:15:00
604002,梁祝大桥东桥下停车场,上虞区,95,56,2024-12-11 02:15:00
604011,雅图停车场,上虞区,60,0,2024-12-11 02:15:00
604006,供销社停车场,上虞区,106,0,2024-12-11 02:10:00
604008,青春广场停车场,上虞区,70,0,2024-12-11 02:10:00
604007,信义广场北停车场,上虞区,41,38,2024-12-11 02:10:00
604013,第二人民医院停车场,上虞区,350,309,2024-12-11 02:10:00
604003,信义广场南停车场,上虞区,15,15,2024-12-11 02:10:00
604002,梁祝大桥东桥下停车场,上虞区,95,56,2024-12-11 02:10:00
24032610340324759,小越历史街区停车场,上虞区,74,0,2024-12-11 02:10:00
19120915472614497,咪网测试停车场,上虞区,97,100,2024-12-11 02:10:00
604009,保驾山夜排挡停车场,上虞区,106,0,2024-12-11 02:10:00
604011,雅图停车场,上虞区,60,0,2024-12-11 02:10:00
604004,保驾山停车场,上虞区,37,0,2024-12-11 02:10:00
604012,人民桥下2号停车场,上虞区,60,17,2024-12-11 02:10:00
604005,人民桥下停车场,上虞区,40,0,2024-12-11 02:10:00
604005,人民桥下停车场,上虞区,40,0,2024-12-11 02:05:00
604004,保驾山停车场,上虞区,37,0,2024-12-11 02:05:00
604011,雅图停车场,上虞区,60,0,2024-12-11 02:05:00
604012,人民桥下2号停车场,上虞区,60,17,2024-12-11 02:05:00
604013,第二人民医院停车场,上虞区,350,310,2024-12-11 02:05:00
24032610340324759,小越历史街区停车场,上虞区,74,0,2024-12-11 02:05:00
604006,供销社停车场,上虞区,106,0,2024-12-11 02:05:00
19120915472614497,咪网测试停车场,上虞区,97,100,2024-12-11 02:05:00
604008,青春广场停车场,上虞区,70,0,2024-12-11 02:05:00
604002,梁祝大桥东桥下停车场,上虞区,95,56,2024-12-11 02:05:00
604003,信义广场南停车场,上虞区,15,15,2024-12-11 02:05:00
604007,信义广场北停车场,上虞区,41,38,2024-12-11 02:05:00
604009,保驾山夜排挡停车场,上虞区,106,0,2024-12-11 02:05:00
604002,梁祝大桥东桥下停车场,上虞区,95,56,2024-12-11 02:00:00
604012,人民桥下2号停车场,上虞区,60,17,2024-12-11 02:00:00
604007,信义广场北停车场,上虞区,41,38,2024-12-11 02:00:00
604011,雅图停车场,上虞区,60,0,2024-12-11 02:00:00
604004,保驾山停车场,上虞区,37,0,2024-12-11 02:00:00
604008,青春广场停车场,上虞区,70,0,2024-12-11 02:00:00
604003,信义广场南停车场,上虞区,15,15,2024-12-11 02:00:00
604005,人民桥下停车场,上虞区,40,0,2024-12-11 02:00:00
604009,保驾山夜排挡停车场,上虞区,106,0,2024-12-11 02:00:00
604006,供销社停车场,上虞区,106,0,2024-12-11 02:00:00
24032610340324759,小越历史街区停车场,上虞区,74,0,2024-12-11 02:00:00
19120915472614497,咪网测试停车场,上虞区,97,100,2024-12-11 02:00:00
604013,第二人民医院停车场,上虞区,350,310,2024-12-11 02:00:00
604013,第二人民医院停车场,上虞区,350,310,2024-12-11 01:55:00
604011,雅图停车场,上虞区,60,0,2024-12-11 01:55:00
604012,人民桥下2号停车场,上虞区,60,17,2024-12-11 01:55:00
604007,信义广场北停车场,上虞区,41,38,2024-12-11 01:55:00
604003,信义广场南停车场,上虞区,15,15,2024-12-11 01:55:00
604004,保驾山停车场,上虞区,37,0,2024-12-11 01:55:00
24032610340324759,小越历史街区停车场,上虞区,74,0,2024-12-11 01:55:00
604008,青春广场停车场,上虞区,70,0,2024-12-11 01:55:00
604009,保驾山夜排挡停车场,上虞区,106,0,2024-12-11 01:55:00
604005,人民桥下停车场,上虞区,40,0,2024-12-11 01:55:00
604006,供销社停车场,上虞区,106,0,2024-12-11 01:55:00
19120915472614497,咪网测试停车场,上虞区,97,100,2024-12-11 01:55:00
604002,梁祝大桥东桥下停车场,上虞区,95,56,2024-12-11 01:55:00
19120915472614497,咪网测试停车场,上虞区,97,100,2024-12-11 01:50:00
604008,青春广场停车场,上虞区,70,0,2024-12-11 01:50:00
24032610340324759,小越历史街区停车场,上虞区,74,0,2024-12-11 01:50:00
604011,雅图停车场,上虞区,60,0,2024-12-11 01:50:00
604006,供销社停车场,上虞区,106,0,2024-12-11 01:50:00
604012,人民桥下2号停车场,上虞区,60,17,2024-12-11 01:50:00
604009,保驾山夜排挡停车场,上虞区,106,0,2024-12-11 01:50:00
604002,梁祝大桥东桥下停车场,上虞区,95,56,2024-12-11 01:50:00
604003,信义广场南停车场,上虞区,15,15,2024-12-11 01:50:00
604005,人民桥下停车场,上虞区,40,0,2024-12-11 01:50:00
604004,保驾山停车场,上虞区,37,0,2024-12-11 01:50:00
604013,第二人民医院停车场,上虞区,350,310,2024-12-11 01:50:00
604007,信义广场北停车场,上虞区,41,38,2024-12-11 01:50:00
604003,信义广场南停车场,上虞区,15,15,2024-12-11 01:45:00
24032610340324759,小越历史街区停车场,上虞区,74,0,2024-12-11 01:45:00
604005,人民桥下停车场,上虞区,40,0,2024-12-11 01:45:00
604012,人民桥下2号停车场,上虞区,60,17,2024-12-11 01:45:00
604009,保驾山夜排挡停车场,上虞区,106,0,2024-12-11 01:45:00
604004,保驾山停车场,上虞区,37,0,2024-12-11 01:45:00
19120915472614497,咪网测试停车场,上虞区,97,100,2024-12-11 01:45:00
604013,第二人民医院停车场,上虞区,350,310,2024-12-11 01:45:00
604011,雅图停车场,上虞区,60,0,2024-12-11 01:45:00
604007,信义广场北停车场,上虞区,41,38,2024-12-11 01:45:00
604002,梁祝大桥东桥下停车场,上虞区,95,56,2024-12-11 01:45:00
604006,供销社停车场,上虞区,106,0,2024-12-11 01:45:00
604008,青春广场停车场,上虞区,70,0,2024-12-11 01:45:00
604011,雅图停车场,上虞区,60,0,2024-12-11 01:40:00
604012,人民桥下2号停车场,上虞区,60,17,2024-12-11 01:40:00
604005,人民桥下停车场,上虞区,40,0,2024-12-11 01:40:00
604004,保驾山停车场,上虞区,37,0,2024-12-11 01:40:00
604013,第二人民医院停车场,上虞区,350,310,2024-12-11 01:40:00
19120915472614497,咪网测试停车场,上虞区,97,100,2024-12-11 01:40:00
604009,保驾山夜排挡停车场,上虞区,106,0,2024-12-11 01:40:00
604003,信义广场南停车场,上虞区,15,15,2024-12-11 01:40:00
604007,信义广场北停车场,上虞区,41,38,2024-12-11 01:40:00
604002,梁祝大桥东桥下停车场,上虞区,95,56,2024-12-11 01:40:00
24032610340324759,小越历史街区停车场,上虞区,74,0,2024-12-11 01:40:00
604008,青春广场停车场,上虞区,70,0,2024-12-11 01:40:00
604006,供销社停车场,上虞区,106,0,2024-12-11 01:40:00
604011,雅图停车场,上虞区,60,0,2024-12-11 01:35:00
604012,人民桥下2号停车场,上虞区,60,17,2024-12-11 01:35:00
604013,第二人民医院停车场,上虞区,350,310,2024-12-11 01:35:00
604004,保驾山停车场,上虞区,37,0,2024-12-11 01:35:00
604003,信义广场南停车场,上虞区,15,15,2024-12-11 01:35:00
24032610340324759,小越历史街区停车场,上虞区,74,0,2024-12-11 01:35:00
604006,供销社停车场,上虞区,106,0,2024-12-11 01:35:00
19120915472614497,咪网测试停车场,上虞区,97,100,2024-12-11 01:35:00
604008,青春广场停车场,上虞区,70,0,2024-12-11 01:35:00
604005,人民桥下停车场,上虞区,40,0,2024-12-11 01:35:00
604009,保驾山夜排挡停车场,上虞区,106,0,2024-12-11 01:35:00
604002,梁祝大桥东桥下停车场,上虞区,95,56,2024-12-11 01:35:00
604007,信义广场北停车场,上虞区,41,38,2024-12-11 01:35:00
604002,梁祝大桥东桥下停车场,上虞区,95,56,2024-12-11 01:30:00
604013,第二人民医院停车场,上虞区,350,309,2024-12-11 01:30:00
604004,保驾山停车场,上虞区,37,0,2024-12-11 01:30:00
24032610340324759,小越历史街区停车场,上虞区,74,0,2024-12-11 01:30:00
604009,保驾山夜排挡停车场,上虞区,106,0,2024-12-11 01:30:00
604005,人民桥下停车场,上虞区,40,0,2024-12-11 01:30:00
604006,供销社停车场,上虞区,106,0,2024-12-11 01:30:00
604003,信义广场南停车场,上虞区,15,15,2024-12-11 01:30:00
604011,雅图停车场,上虞区,60,0,2024-12-11 01:30:00
604007,信义广场北停车场,上虞区,41,38,2024-12-11 01:30:00
19120915472614497,咪网测试停车场,上虞区,97,100,2024-12-11 01:30:00
604012,人民桥下2号停车场,上虞区,60,17,2024-12-11 01:30:00
604008,青春广场停车场,上虞区,70,0,2024-12-11 01:30:00
19120915472614497,咪网测试停车场,上虞区,97,100,2024-12-11 01:25:00
604005,人民桥下停车场,上虞区,40,0,2024-12-11 01:25:00
604009,保驾山夜排挡停车场,上虞区,106,0,2024-12-11 01:25:00
604007,信义广场北停车场,上虞区,41,38,2024-12-11 01:25:00
604011,雅图停车场,上虞区,60,0,2024-12-11 01:25:00
604012,人民桥下2号停车场,上虞区,60,17,2024-12-11 01:25:00
604013,第二人民医院停车场,上虞区,350,309,2024-12-11 01:25:00
604004,保驾山停车场,上虞区,37,0,2024-12-11 01:25:00
604006,供销社停车场,上虞区,106,0,2024-12-11 01:25:00
604008,青春广场停车场,上虞区,70,0,2024-12-11 01:25:00
604002,梁祝大桥东桥下停车场,上虞区,95,56,2024-12-11 01:25:00
24032610340324759,小越历史街区停车场,上虞区,74,0,2024-12-11 01:25:00
604003,信义广场南停车场,上虞区,15,15,2024-12-11 01:25:00
19120915472614497,咪网测试停车场,上虞区,97,100,2024-12-11 01:20:00
604007,信义广场北停车场,上虞区,41,38,2024-12-11 01:20:00
604012,人民桥下2号停车场,上虞区,60,17,2024-12-11 01:20:00
604003,信义广场南停车场,上虞区,15,15,2024-12-11 01:20:00
604006,供销社停车场,上虞区,106,0,2024-12-11 01:20:00
604005,人民桥下停车场,上虞区,40,0,2024-12-11 01:20:00
604008,青春广场停车场,上虞区,70,0,2024-12-11 01:20:00
604004,保驾山停车场,上虞区,37,0,2024-12-11 01:20:00
604011,雅图停车场,上虞区,60,0,2024-12-11 01:20:00
24032610340324759,小越历史街区停车场,上虞区,74,0,2024-12-11 01:20:00
604002,梁祝大桥东桥下停车场,上虞区,95,56,2024-12-11 01:20:00
604013,第二人民医院停车场,上虞区,350,308,2024-12-11 01:20:00
604009,保驾山夜排挡停车场,上虞区,106,0,2024-12-11 01:20:00
24032610340324759,小越历史街区停车场,上虞区,74,0,2024-12-11 01:15:00
604007,信义广场北停车场,上虞区,41,38,2024-12-11 01:15:00
604006,供销社停车场,上虞区,106,0,2024-12-11 01:15:00
604004,保驾山停车场,上虞区,37,0,2024-12-11 01:15:00
604002,梁祝大桥东桥下停车场,上虞区,95,56,2024-12-11 01:15:00
604008,青春广场停车场,上虞区,70,0,2024-12-11 01:15:00
604003,信义广场南停车场,上虞区,15,15,2024-12-11 01:15:00
604005,人民桥下停车场,上虞区,40,0,2024-12-11 01:15:00
604013,第二人民医院停车场,上虞区,350,308,2024-12-11 01:15:00
604012,人民桥下2号停车场,上虞区,60,17,2024-12-11 01:15:00
604009,保驾山夜排挡停车场,上虞区,106,0,2024-12-11 01:15:00
19120915472614497,咪网测试停车场,上虞区,97,100,2024-12-11 01:15:00
604011,雅图停车场,上虞区,60,0,2024-12-11 01:15:00
604003,信义广场南停车场,上虞区,15,15,2024-12-11 01:10:00
604013,第二人民医院停车场,上虞区,350,307,2024-12-11 01:10:00
604007,信义广场北停车场,上虞区,41,38,2024-12-11 01:10:00
24032610340324759,小越历史街区停车场,上虞区,74,0,2024-12-11 01:10:00
604008,青春广场停车场,上虞区,70,0,2024-12-11 01:10:00
604006,供销社停车场,上虞区,106,0,2024-12-11 01:10:00
604005,人民桥下停车场,上虞区,40,0,2024-12-11 01:10:00
19120915472614497,咪网测试停车场,上虞区,97,100,2024-12-11 01:10:00
604002,梁祝大桥东桥下停车场,上虞区,95,56,2024-12-11 01:10:00
604004,保驾山停车场,上虞区,37,0,2024-12-11 01:10:00
604009,保驾山夜排挡停车场,上虞区,106,0,2024-12-11 01:10:00
604012,人民桥下2号停车场,上虞区,60,17,2024-12-11 01:10:00
604011,雅图停车场,上虞区,60,0,2024-12-11 01:10:00
24032610340324759,小越历史街区停车场,上虞区,74,0,2024-12-11 01:05:00
604012,人民桥下2号停车场,上虞区,60,17,2024-12-11 01:05:00
604011,雅图停车场,上虞区,60,0,2024-12-11 01:05:00
604004,保驾山停车场,上虞区,37,0,2024-12-11 01:05:00
604008,青春广场停车场,上虞区,70,0,2024-12-11 01:05:00
604006,供销社停车场,上虞区,106,0,2024-12-11 01:05:00
604009,保驾山夜排挡停车场,上虞区,106,0,2024-12-11 01:05:00
19120915472614497,咪网测试停车场,上虞区,97,100,2024-12-11 01:05:00
604005,人民桥下停车场,上虞区,40,0,2024-12-11 01:05:00
604002,梁祝大桥东桥下停车场,上虞区,95,56,2024-12-11 01:05:00
604007,信义广场北停车场,上虞区,41,38,2024-12-11 01:05:00
604013,第二人民医院停车场,上虞区,350,306,2024-12-11 01:05:00
604003,信义广场南停车场,上虞区,15,15,2024-12-11 01:05:00
604002,梁祝大桥东桥下停车场,上虞区,95,56,2024-12-11 01:00:00
19120915472614497,咪网测试停车场,上虞区,97,100,2024-12-11 01:00:00
604012,人民桥下2号停车场,上虞区,60,17,2024-12-11 01:00:00
604003,信义广场南停车场,上虞区,15,15,2024-12-11 01:00:00
604008,青春广场停车场,上虞区,70,0,2024-12-11 01:00:00
604004,保驾山停车场,上虞区,37,0,2024-12-11 01:00:00
24032610340324759,小越历史街区停车场,上虞区,74,0,2024-12-11 01:00:00
604009,保驾山夜排挡停车场,上虞区,106,0,2024-12-11 01:00:00
604007,信义广场北停车场,上虞区,41,38,2024-12-11 01:00:00
604011,雅图停车场,上虞区,60,0,2024-12-11 01:00:00
604005,人民桥下停车场,上虞区,40,0,2024-12-11 01:00:00
604006,供销社停车场,上虞区,106,0,2024-12-11 01:00:00
604013,第二人民医院停车场,上虞区,350,304,2024-12-11 01:00:00
604007,信义广场北停车场,上虞区,41,38,2024-12-11 00:55:00
604013,第二人民医院停车场,上虞区,350,301,2024-12-11 00:55:00
604002,梁祝大桥东桥下停车场,上虞区,95,56,2024-12-11 00:55:00
604011,雅图停车场,上虞区,60,0,2024-12-11 00:55:00
604009,保驾山夜排挡停车场,上虞区,106,0,2024-12-11 00:55:00
604004,保驾山停车场,上虞区,37,0,2024-12-11 00:55:00
24032610340324759,小越历史街区停车场,上虞区,74,0,2024-12-11 00:55:00
604005,人民桥下停车场,上虞区,40,0,2024-12-11 00:55:00
604012,人民桥下2号停车场,上虞区,60,17,2024-12-11 00:55:00
604003,信义广场南停车场,上虞区,15,15,2024-12-11 00:55:00
19120915472614497,咪网测试停车场,上虞区,97,100,2024-12-11 00:55:00
604006,供销社停车场,上虞区,106,0,2024-12-11 00:55:00
604008,青春广场停车场,上虞区,70,0,2024-12-11 00:55:00
604012,人民桥下2号停车场,上虞区,60,17,2024-12-11 00:50:00
604008,青春广场停车场,上虞区,70,0,2024-12-11 00:50:00
604009,保驾山夜排挡停车场,上虞区,106,0,2024-12-11 00:50:00
604011,雅图停车场,上虞区,60,0,2024-12-11 00:50:00
604004,保驾山停车场,上虞区,37,0,2024-12-11 00:50:00
604005,人民桥下停车场,上虞区,40,0,2024-12-11 00:50:00
604003,信义广场南停车场,上虞区,15,15,2024-12-11 00:50:00
19120915472614497,咪网测试停车场,上虞区,97,100,2024-12-11 00:50:00
604002,梁祝大桥东桥下停车场,上虞区,95,56,2024-12-11 00:50:00
604006,供销社停车场,上虞区,106,0,2024-12-11 00:50:00
604007,信义广场北停车场,上虞区,41,38,2024-12-11 00:50:00
24032610340324759,小越历史街区停车场,上虞区,74,0,2024-12-11 00:50:00
604013,第二人民医院停车场,上虞区,350,301,2024-12-11 00:50:00
19120915472614497,咪网测试停车场,上虞区,97,100,2024-12-11 00:45:00
604004,保驾山停车场,上虞区,37,0,2024-12-11 00:45:00
604007,信义广场北停车场,上虞区,41,38,2024-12-11 00:45:00
604002,梁祝大桥东桥下停车场,上虞区,95,56,2024-12-11 00:45:00
604003,信义广场南停车场,上虞区,15,15,2024-12-11 00:45:00
604008,青春广场停车场,上虞区,70,0,2024-12-11 00:45:00
604012,人民桥下2号停车场,上虞区,60,17,2024-12-11 00:45:00
604013,第二人民医院停车场,上虞区,350,301,2024-12-11 00:45:00
604011,雅图停车场,上虞区,60,0,2024-12-11 00:45:00
604009,保驾山夜排挡停车场,上虞区,106,0,2024-12-11 00:45:00
604006,供销社停车场,上虞区,106,0,2024-12-11 00:45:00
604005,人民桥下停车场,上虞区,40,0,2024-12-11 00:45:00
24032610340324759,小越历史街区停车场,上虞区,74,0,2024-12-11 00:45:00
604012,人民桥下2号停车场,上虞区,60,17,2024-12-11 00:40:00
604003,信义广场南停车场,上虞区,15,15,2024-12-11 00:40:00
19120915472614497,咪网测试停车场,上虞区,97,100,2024-12-11 00:40:00
604007,信义广场北停车场,上虞区,41,38,2024-12-11 00:40:00
604008,青春广场停车场,上虞区,70,0,2024-12-11 00:40:00
604002,梁祝大桥东桥下停车场,上虞区,95,56,2024-12-11 00:40:00
604009,保驾山夜排挡停车场,上虞区,106,0,2024-12-11 00:40:00
604005,人民桥下停车场,上虞区,40,0,2024-12-11 00:40:00
24032610340324759,小越历史街区停车场,上虞区,74,0,2024-12-11 00:40:00
604006,供销社停车场,上虞区,106,0,2024-12-11 00:40:00
604013,第二人民医院停车场,上虞区,350,301,2024-12-11 00:40:00
604011,雅图停车场,上虞区,60,0,2024-12-11 00:40:00
604004,保驾山停车场,上虞区,37,0,2024-12-11 00:40:00
19120915472614497,咪网测试停车场,上虞区,97,100,2024-12-11 00:35:00
24032610340324759,小越历史街区停车场,上虞区,74,0,2024-12-11 00:35:00
604011,雅图停车场,上虞区,60,0,2024-12-11 00:35:00
604005,人民桥下停车场,上虞区,40,0,2024-12-11 00:35:00
604009,保驾山夜排挡停车场,上虞区,106,0,2024-12-11 00:35:00
604003,信义广场南停车场,上虞区,15,15,2024-12-11 00:35:00
604007,信义广场北停车场,上虞区,41,38,2024-12-11 00:35:00
604013,第二人民医院停车场,上虞区,350,300,2024-12-11 00:35:00
604012,人民桥下2号停车场,上虞区,60,17,2024-12-11 00:35:00
604008,青春广场停车场,上虞区,70,0,2024-12-11 00:35:00
604002,梁祝大桥东桥下停车场,上虞区,95,56,2024-12-11 00:35:00
604006,供销社停车场,上虞区,106,0,2024-12-11 00:35:00
604004,保驾山停车场,上虞区,37,0,2024-12-11 00:35:00
604012,人民桥下2号停车场,上虞区,60,17,2024-12-11 00:30:00
19120915472614497,咪网测试停车场,上虞区,97,100,2024-12-11 00:30:00
604013,第二人民医院停车场,上虞区,350,300,2024-12-11 00:30:00
604004,保驾山停车场,上虞区,37,0,2024-12-11 00:30:00
604008,青春广场停车场,上虞区,70,0,2024-12-11 00:30:00
604011,雅图停车场,上虞区,60,0,2024-12-11 00:30:00
604003,信义广场南停车场,上虞区,15,15,2024-12-11 00:30:00
604006,供销社停车场,上虞区,106,0,2024-12-11 00:30:00
604002,梁祝大桥东桥下停车场,上虞区,95,56,2024-12-11 00:30:00
604005,人民桥下停车场,上虞区,40,0,2024-12-11 00:30:00
24032610340324759,小越历史街区停车场,上虞区,74,0,2024-12-11 00:30:00
604009,保驾山夜排挡停车场,上虞区,106,0,2024-12-11 00:30:00
604007,信义广场北停车场,上虞区,41,38,2024-12-11 00:30:00
24032610340324759,小越历史街区停车场,上虞区,74,0,2024-12-11 00:25:00
604011,雅图停车场,上虞区,60,0,2024-12-11 00:25:00
604004,保驾山停车场,上虞区,37,0,2024-12-11 00:25:00
604002,梁祝大桥东桥下停车场,上虞区,95,56,2024-12-11 00:25:00
604013,第二人民医院停车场,上虞区,350,301,2024-12-11 00:25:00
604003,信义广场南停车场,上虞区,15,15,2024-12-11 00:25:00
604012,人民桥下2号停车场,上虞区,60,17,2024-12-11 00:25:00
604008,青春广场停车场,上虞区,70,0,2024-12-11 00:25:00
604009,保驾山夜排挡停车场,上虞区,106,0,2024-12-11 00:25:00
19120915472614497,咪网测试停车场,上虞区,97,100,2024-12-11 00:25:00
604006,供销社停车场,上虞区,106,0,2024-12-11 00:25:00
604005,人民桥下停车场,上虞区,40,0,2024-12-11 00:25:00
604007,信义广场北停车场,上虞区,41,38,2024-12-11 00:25:00
24032610340324759,小越历史街区停车场,上虞区,74,0,2024-12-11 00:20:00
604011,雅图停车场,上虞区,60,0,2024-12-11 00:20:00
604006,供销社停车场,上虞区,106,0,2024-12-11 00:20:00
604008,青春广场停车场,上虞区,70,0,2024-12-11 00:20:00
604003,信义广场南停车场,上虞区,15,15,2024-12-11 00:20:00
604005,人民桥下停车场,上虞区,40,0,2024-12-11 00:20:00
604007,信义广场北停车场,上虞区,41,38,2024-12-11 00:20:00
604004,保驾山停车场,上虞区,37,0,2024-12-11 00:20:00
604002,梁祝大桥东桥下停车场,上虞区,95,56,2024-12-11 00:20:00
604009,保驾山夜排挡停车场,上虞区,106,0,2024-12-11 00:20:00
604013,第二人民医院停车场,上虞区,350,301,2024-12-11 00:20:00
19120915472614497,咪网测试停车场,上虞区,97,100,2024-12-11 00:20:00
604012,人民桥下2号停车场,上虞区,60,17,2024-12-11 00:20:00
604004,保驾山停车场,上虞区,37,0,2024-12-11 00:15:00
604011,雅图停车场,上虞区,60,0,2024-12-11 00:15:00
604009,保驾山夜排挡停车场,上虞区,106,0,2024-12-11 00:15:00
604013,第二人民医院停车场,上虞区,350,301,2024-12-11 00:15:00
604006,供销社停车场,上虞区,106,0,2024-12-11 00:15:00
604008,青春广场停车场,上虞区,70,0,2024-12-11 00:15:00
604002,梁祝大桥东桥下停车场,上虞区,95,56,2024-12-11 00:15:00
604012,人民桥下2号停车场,上虞区,60,17,2024-12-11 00:15:00
604005,人民桥下停车场,上虞区,40,0,2024-12-11 00:15:00
19120915472614497,咪网测试停车场,上虞区,97,100,2024-12-11 00:15:00
604003,信义广场南停车场,上虞区,15,15,2024-12-11 00:15:00
24032610340324759,小越历史街区停车场,上虞区,74,0,2024-12-11 00:15:00
604007,信义广场北停车场,上虞区,41,38,2024-12-11 00:15:00
604007,信义广场北停车场,上虞区,41,38,2024-12-11 00:10:07
604006,供销社停车场,上虞区,106,0,2024-12-11 00:10:07
604003,信义广场南停车场,上虞区,15,15,2024-12-11 00:10:06
604009,保驾山夜排挡停车场,上虞区,106,0,2024-12-11 00:10:06
24032610340324759,小越历史街区停车场,上虞区,74,0,2024-12-11 00:10:06
604008,青春广场停车场,上虞区,70,0,2024-12-11 00:10:06
604005,人民桥下停车场,上虞区,40,0,2024-12-11 00:10:04
604002,梁祝大桥东桥下停车场,上虞区,95,56,2024-12-11 00:10:04
604013,第二人民医院停车场,上虞区,350,302,2024-12-11 00:10:04
604004,保驾山停车场,上虞区,37,0,2024-12-11 00:10:03
19120915472614497,咪网测试停车场,上虞区,97,100,2024-12-11 00:10:03
604012,人民桥下2号停车场,上虞区,60,17,2024-12-11 00:10:02
604011,雅图停车场,上虞区,60,0,2024-12-11 00:10:01
604008,青春广场停车场,上虞区,70,0,2024-12-11 00:05:00
604002,梁祝大桥东桥下停车场,上虞区,95,56,2024-12-11 00:05:00
19120915472614497,咪网测试停车场,上虞区,97,100,2024-12-11 00:05:00
604011,雅图停车场,上虞区,60,0,2024-12-11 00:05:00
604012,人民桥下2号停车场,上虞区,60,17,2024-12-11 00:05:00
604005,人民桥下停车场,上虞区,40,0,2024-12-11 00:05:00
604007,信义广场北停车场,上虞区,41,38,2024-12-11 00:05:00
24032610340324759,小越历史街区停车场,上虞区,74,0,2024-12-11 00:05:00
604013,第二人民医院停车场,上虞区,350,302,2024-12-11 00:05:00
604004,保驾山停车场,上虞区,37,0,2024-12-11 00:05:00
604006,供销社停车场,上虞区,106,0,2024-12-11 00:05:00
604009,保驾山夜排挡停车场,上虞区,106,0,2024-12-11 00:05:00
604003,信义广场南停车场,上虞区,15,15,2024-12-11 00:05:00
19120915472614497,咪网测试停车场,上虞区,97,100,2024-12-11 00:00:00
604002,梁祝大桥东桥下停车场,上虞区,95,56,2024-12-11 00:00:00
604012,人民桥下2号停车场,上虞区,60,17,2024-12-11 00:00:00
604004,保驾山停车场,上虞区,37,0,2024-12-11 00:00:00
604003,信义广场南停车场,上虞区,15,15,2024-12-11 00:00:00
604006,供销社停车场,上虞区,106,0,2024-12-11 00:00:00
604005,人民桥下停车场,上虞区,40,0,2024-12-11 00:00:00
604007,信义广场北停车场,上虞区,41,38,2024-12-11 00:00:00
604008,青春广场停车场,上虞区,70,0,2024-12-11 00:00:00
604009,保驾山夜排挡停车场,上虞区,106,0,2024-12-11 00:00:00
24032610340324759,小越历史街区停车场,上虞区,74,0,2024-12-11 00:00:00
604013,第二人民医院停车场,上虞区,350,303,2024-12-11 00:00:00
604011,雅图停车场,上虞区,60,0,2024-12-11 00:00:00
604012,人民桥下2号停车场,上虞区,60,17,2024-12-10 23:55:00
604006,供销社停车场,上虞区,106,0,2024-12-10 23:55:00
604011,雅图停车场,上虞区,60,0,2024-12-10 23:55:00
604013,第二人民医院停车场,上虞区,350,303,2024-12-10 23:55:00
604009,保驾山夜排挡停车场,上虞区,106,0,2024-12-10 23:55:00
604007,信义广场北停车场,上虞区,41,38,2024-12-10 23:55:00
604004,保驾山停车场,上虞区,37,0,2024-12-10 23:55:00
604008,青春广场停车场,上虞区,70,0,2024-12-10 23:55:00
604002,梁祝大桥东桥下停车场,上虞区,95,56,2024-12-10 23:55:00
24032610340324759,小越历史街区停车场,上虞区,74,0,2024-12-10 23:55:00
19120915472614497,咪网测试停车场,上虞区,97,100,2024-12-10 23:55:00
604005,人民桥下停车场,上虞区,40,0,2024-12-10 23:55:00
604003,信义广场南停车场,上虞区,15,15,2024-12-10 23:55:00
604008,青春广场停车场,上虞区,70,0,2024-12-10 23:50:00
604005,人民桥下停车场,上虞区,40,0,2024-12-10 23:50:00
604012,人民桥下2号停车场,上虞区,60,17,2024-12-10 23:50:00
604007,信义广场北停车场,上虞区,41,38,2024-12-10 23:50:00
24032610340324759,小越历史街区停车场,上虞区,74,0,2024-12-10 23:50:00
19120915472614497,咪网测试停车场,上虞区,97,100,2024-12-10 23:50:00
604013,第二人民医院停车场,上虞区,350,304,2024-12-10 23:50:00
604009,保驾山夜排挡停车场,上虞区,106,0,2024-12-10 23:50:00
604004,保驾山停车场,上虞区,37,0,2024-12-10 23:50:00
604006,供销社停车场,上虞区,106,0,2024-12-10 23:50:00
604003,信义广场南停车场,上虞区,15,15,2024-12-10 23:50:00
604002,梁祝大桥东桥下停车场,上虞区,95,56,2024-12-10 23:50:00
604011,雅图停车场,上虞区,60,0,2024-12-10 23:50:00
604004,保驾山停车场,上虞区,37,0,2024-12-10 23:45:00
604007,信义广场北停车场,上虞区,41,38,2024-12-10 23:45:00
604005,人民桥下停车场,上虞区,40,0,2024-12-10 23:45:00
604011,雅图停车场,上虞区,60,0,2024-12-10 23:45:00
604008,青春广场停车场,上虞区,70,0,2024-12-10 23:45:00
19120915472614497,咪网测试停车场,上虞区,97,100,2024-12-10 23:45:00
604006,供销社停车场,上虞区,106,0,2024-12-10 23:45:00
604012,人民桥下2号停车场,上虞区,60,17,2024-12-10 23:45:00
604009,保驾山夜排挡停车场,上虞区,106,0,2024-12-10 23:45:00
604002,梁祝大桥东桥下停车场,上虞区,95,56,2024-12-10 23:45:00
24032610340324759,小越历史街区停车场,上虞区,74,0,2024-12-10 23:45:00
604013,第二人民医院停车场,上虞区,350,304,2024-12-10 23:45:00
604003,信义广场南停车场,上虞区,15,15,2024-12-10 23:45:00
604009,保驾山夜排挡停车场,上虞区,106,0,2024-12-10 23:40:00
604005,人民桥下停车场,上虞区,40,0,2024-12-10 23:40:00
604002,梁祝大桥东桥下停车场,上虞区,95,56,2024-12-10 23:40:00
604006,供销社停车场,上虞区,106,0,2024-12-10 23:40:00
604011,雅图停车场,上虞区,60,0,2024-12-10 23:40:00
604012,人民桥下2号停车场,上虞区,60,17,2024-12-10 23:40:00
604008,青春广场停车场,上虞区,70,0,2024-12-10 23:40:00
604013,第二人民医院停车场,上虞区,350,303,2024-12-10 23:40:00
19120915472614497,咪网测试停车场,上虞区,97,100,2024-12-10 23:40:00
604007,信义广场北停车场,上虞区,41,38,2024-12-10 23:40:00
604004,保驾山停车场,上虞区,37,0,2024-12-10 23:40:00
24032610340324759,小越历史街区停车场,上虞区,74,0,2024-12-10 23:40:00
604003,信义广场南停车场,上虞区,15,15,2024-12-10 23:40:00
604008,青春广场停车场,上虞区,70,0,2024-12-10 23:35:00
604005,人民桥下停车场,上虞区,40,0,2024-12-10 23:35:00
604013,第二人民医院停车场,上虞区,350,303,2024-12-10 23:35:00
604007,信义广场北停车场,上虞区,41,38,2024-12-10 23:35:00
19120915472614497,咪网测试停车场,上虞区,97,100,2024-12-10 23:35:00
604011,雅图停车场,上虞区,60,0,2024-12-10 23:35:00
604002,梁祝大桥东桥下停车场,上虞区,95,56,2024-12-10 23:35:00
604009,保驾山夜排挡停车场,上虞区,106,0,2024-12-10 23:35:00
24032610340324759,小越历史街区停车场,上虞区,74,0,2024-12-10 23:35:00
604004,保驾山停车场,上虞区,37,0,2024-12-10 23:35:00
604003,信义广场南停车场,上虞区,15,15,2024-12-10 23:35:00
604006,供销社停车场,上虞区,106,0,2024-12-10 23:35:00
604012,人民桥下2号停车场,上虞区,60,17,2024-12-10 23:35:00
604008,青春广场停车场,上虞区,70,0,2024-12-10 23:30:00
604005,人民桥下停车场,上虞区,40,0,2024-12-10 23:30:00
24032610340324759,小越历史街区停车场,上虞区,74,0,2024-12-10 23:30:00
604007,信义广场北停车场,上虞区,41,38,2024-12-10 23:30:00
604003,信义广场南停车场,上虞区,15,15,2024-12-10 23:30:00
604002,梁祝大桥东桥下停车场,上虞区,95,56,2024-12-10 23:30:00
604009,保驾山夜排挡停车场,上虞区,106,0,2024-12-10 23:30:00
19120915472614497,咪网测试停车场,上虞区,97,100,2024-12-10 23:30:00
604013,第二人民医院停车场,上虞区,350,304,2024-12-10 23:30:00
604011,雅图停车场,上虞区,60,0,2024-12-10 23:30:00
604004,保驾山停车场,上虞区,37,0,2024-12-10 23:30:00
604012,人民桥下2号停车场,上虞区,60,17,2024-12-10 23:30:00
604006,供销社停车场,上虞区,106,0,2024-12-10 23:30:00
604009,保驾山夜排挡停车场,上虞区,106,0,2024-12-10 23:25:00
604004,保驾山停车场,上虞区,37,0,2024-12-10 23:25:00
604013,第二人民医院停车场,上虞区,350,304,2024-12-10 23:25:00
604005,人民桥下停车场,上虞区,40,0,2024-12-10 23:25:00
604012,人民桥下2号停车场,上虞区,60,17,2024-12-10 23:25:00
604002,梁祝大桥东桥下停车场,上虞区,95,56,2024-12-10 23:25:00
604011,雅图停车场,上虞区,60,0,2024-12-10 23:25:00
604003,信义广场南停车场,上虞区,15,15,2024-12-10 23:25:00
19120915472614497,咪网测试停车场,上虞区,97,100,2024-12-10 23:25:00
24032610340324759,小越历史街区停车场,上虞区,74,0,2024-12-10 23:25:00
604006,供销社停车场,上虞区,106,0,2024-12-10 23:25:00
604008,青春广场停车场,上虞区,70,0,2024-12-10 23:25:00
604007,信义广场北停车场,上虞区,41,38,2024-12-10 23:25:00
19120915472614497,咪网测试停车场,上虞区,97,100,2024-12-10 23:20:00
604009,保驾山夜排挡停车场,上虞区,106,0,2024-12-10 23:20:00
604003,信义广场南停车场,上虞区,15,15,2024-12-10 23:20:00
604012,人民桥下2号停车场,上虞区,60,17,2024-12-10 23:20:00
604006,供销社停车场,上虞区,106,0,2024-12-10 23:20:00
604011,雅图停车场,上虞区,60,0,2024-12-10 23:20:00
24032610340324759,小越历史街区停车场,上虞区,74,0,2024-12-10 23:20:00
604002,梁祝大桥东桥下停车场,上虞区,95,56,2024-12-10 23:20:00
604008,青春广场停车场,上虞区,70,0,2024-12-10 23:20:00
604007,信义广场北停车场,上虞区,41,38,2024-12-10 23:20:00
604004,保驾山停车场,上虞区,37,0,2024-12-10 23:20:00
604005,人民桥下停车场,上虞区,40,0,2024-12-10 23:20:00
604013,第二人民医院停车场,上虞区,350,304,2024-12-10 23:20:00
604013,第二人民医院停车场,上虞区,350,304,2024-12-10 23:15:00
604002,梁祝大桥东桥下停车场,上虞区,95,56,2024-12-10 23:15:00
604007,信义广场北停车场,上虞区,41,38,2024-12-10 23:15:00
604003,信义广场南停车场,上虞区,15,15,2024-12-10 23:15:00
604006,供销社停车场,上虞区,106,0,2024-12-10 23:15:00
604008,青春广场停车场,上虞区,70,0,2024-12-10 23:15:00
19120915472614497,咪网测试停车场,上虞区,97,100,2024-12-10 23:15:00
604011,雅图停车场,上虞区,60,0,2024-12-10 23:15:00
604005,人民桥下停车场,上虞区,40,0,2024-12-10 23:15:00
24032610340324759,小越历史街区停车场,上虞区,74,0,2024-12-10 23:15:00
604009,保驾山夜排挡停车场,上虞区,106,0,2024-12-10 23:15:00
604004,保驾山停车场,上虞区,37,0,2024-12-10 23:15:00
604012,人民桥下2号停车场,上虞区,60,17,2024-12-10 23:15:00
604007,信义广场北停车场,上虞区,41,38,2024-12-10 23:10:00
604006,供销社停车场,上虞区,106,0,2024-12-10 23:10:00
604009,保驾山夜排挡停车场,上虞区,106,0,2024-12-10 23:10:00
604013,第二人民医院停车场,上虞区,350,304,2024-12-10 23:10:00
604008,青春广场停车场,上虞区,70,0,2024-12-10 23:10:00
604011,雅图停车场,上虞区,60,0,2024-12-10 23:10:00
24032610340324759,小越历史街区停车场,上虞区,74,0,2024-12-10 23:10:00
604003,信义广场南停车场,上虞区,15,15,2024-12-10 23:10:00
19120915472614497,咪网测试停车场,上虞区,97,100,2024-12-10 23:10:00
604005,人民桥下停车场,上虞区,40,0,2024-12-10 23:10:00
604004,保驾山停车场,上虞区,37,0,2024-12-10 23:10:00
604002,梁祝大桥东桥下停车场,上虞区,95,56,2024-12-10 23:10:00
604012,人民桥下2号停车场,上虞区,60,17,2024-12-10 23:10:00
604004,保驾山停车场,上虞区,37,0,2024-12-10 23:05:00
604011,雅图停车场,上虞区,60,0,2024-12-10 23:05:00
604002,梁祝大桥东桥下停车场,上虞区,95,56,2024-12-10 23:05:00
604012,人民桥下2号停车场,上虞区,60,17,2024-12-10 23:05:00
604008,青春广场停车场,上虞区,70,0,2024-12-10 23:05:00
604003,信义广场南停车场,上虞区,15,15,2024-12-10 23:05:00
604013,第二人民医院停车场,上虞区,350,303,2024-12-10 23:05:00
604006,供销社停车场,上虞区,106,0,2024-12-10 23:05:00
604005,人民桥下停车场,上虞区,40,0,2024-12-10 23:05:00
24032610340324759,小越历史街区停车场,上虞区,74,0,2024-12-10 23:05:00
19120915472614497,咪网测试停车场,上虞区,97,100,2024-12-10 23:05:00
604009,保驾山夜排挡停车场,上虞区,106,0,2024-12-10 23:05:00
604007,信义广场北停车场,上虞区,41,38,2024-12-10 23:05:00
604002,梁祝大桥东桥下停车场,上虞区,95,56,2024-12-10 23:00:00
604003,信义广场南停车场,上虞区,15,15,2024-12-10 23:00:00
604008,青春广场停车场,上虞区,70,0,2024-12-10 23:00:00
604009,保驾山夜排挡停车场,上虞区,106,0,2024-12-10 23:00:00
604006,供销社停车场,上虞区,106,0,2024-12-10 23:00:00
604013,第二人民医院停车场,上虞区,350,303,2024-12-10 23:00:00
604007,信义广场北停车场,上虞区,41,38,2024-12-10 23:00:00
604012,人民桥下2号停车场,上虞区,60,17,2024-12-10 23:00:00
604011,雅图停车场,上虞区,60,0,2024-12-10 23:00:00
24032610340324759,小越历史街区停车场,上虞区,74,0,2024-12-10 23:00:00
19120915472614497,咪网测试停车场,上虞区,97,100,2024-12-10 23:00:00
604004,保驾山停车场,上虞区,37,0,2024-12-10 23:00:00
604005,人民桥下停车场,上虞区,40,0,2024-12-10 23:00:00
604004,保驾山停车场,上虞区,37,0,2024-12-10 22:55:00
24032610340324759,小越历史街区停车场,上虞区,74,0,2024-12-10 22:55:00
604013,第二人民医院停车场,上虞区,350,303,2024-12-10 22:55:00
604011,雅图停车场,上虞区,60,0,2024-12-10 22:55:00
19120915472614497,咪网测试停车场,上虞区,97,100,2024-12-10 22:55:00
604005,人民桥下停车场,上虞区,40,0,2024-12-10 22:55:00
604008,青春广场停车场,上虞区,70,0,2024-12-10 22:55:00
604002,梁祝大桥东桥下停车场,上虞区,95,56,2024-12-10 22:55:00
604007,信义广场北停车场,上虞区,41,38,2024-12-10 22:55:00
604009,保驾山夜排挡停车场,上虞区,106,0,2024-12-10 22:55:00
604012,人民桥下2号停车场,上虞区,60,17,2024-12-10 22:55:00
604006,供销社停车场,上虞区,106,0,2024-12-10 22:55:00
604003,信义广场南停车场,上虞区,15,15,2024-12-10 22:55:00
604002,梁祝大桥东桥下停车场,上虞区,95,56,2024-12-10 22:50:00
604009,保驾山夜排挡停车场,上虞区,106,0,2024-12-10 22:50:00
604011,雅图停车场,上虞区,60,0,2024-12-10 22:50:00
604008,青春广场停车场,上虞区,70,0,2024-12-10 22:50:00
24032610340324759,小越历史街区停车场,上虞区,74,0,2024-12-10 22:50:00
19120915472614497,咪网测试停车场,上虞区,97,100,2024-12-10 22:50:00
604006,供销社停车场,上虞区,106,0,2024-12-10 22:50:00
604003,信义广场南停车场,上虞区,15,15,2024-12-10 22:50:00
604005,人民桥下停车场,上虞区,40,0,2024-12-10 22:50:00
604012,人民桥下2号停车场,上虞区,60,17,2024-12-10 22:50:00
604013,第二人民医院停车场,上虞区,350,303,2024-12-10 22:50:00
604004,保驾山停车场,上虞区,37,0,2024-12-10 22:50:00
604007,信义广场北停车场,上虞区,41,37,2024-12-10 22:50:00
604006,供销社停车场,上虞区,106,0,2024-12-10 22:45:00
604003,信义广场南停车场,上虞区,15,15,2024-12-10 22:45:00
19120915472614497,咪网测试停车场,上虞区,97,100,2024-12-10 22:45:00
604004,保驾山停车场,上虞区,37,0,2024-12-10 22:45:00
604002,梁祝大桥东桥下停车场,上虞区,95,56,2024-12-10 22:45:00
604008,青春广场停车场,上虞区,70,0,2024-12-10 22:45:00
24032610340324759,小越历史街区停车场,上虞区,74,0,2024-12-10 22:45:00
604012,人民桥下2号停车场,上虞区,60,17,2024-12-10 22:45:00
604013,第二人民医院停车场,上虞区,350,303,2024-12-10 22:45:00
604005,人民桥下停车场,上虞区,40,0,2024-12-10 22:45:00
604007,信义广场北停车场,上虞区,41,38,2024-12-10 22:45:00
604011,雅图停车场,上虞区,60,0,2024-12-10 22:45:00
604009,保驾山夜排挡停车场,上虞区,106,0,2024-12-10 22:45:00
19120915472614497,咪网测试停车场,上虞区,97,100,2024-12-10 22:40:00
604009,保驾山夜排挡停车场,上虞区,106,0,2024-12-10 22:40:00
604007,信义广场北停车场,上虞区,41,38,2024-12-10 22:40:00
24032610340324759,小越历史街区停车场,上虞区,74,0,2024-12-10 22:40:00
604012,人民桥下2号停车场,上虞区,60,17,2024-12-10 22:40:00
604011,雅图停车场,上虞区,60,0,2024-12-10 22:40:00
604006,供销社停车场,上虞区,106,0,2024-12-10 22:40:00
604004,保驾山停车场,上虞区,37,0,2024-12-10 22:40:00
604002,梁祝大桥东桥下停车场,上虞区,95,56,2024-12-10 22:40:00
604008,青春广场停车场,上虞区,70,0,2024-12-10 22:40:00
604005,人民桥下停车场,上虞区,40,0,2024-12-10 22:40:00
604003,信义广场南停车场,上虞区,15,15,2024-12-10 22:40:00
604013,第二人民医院停车场,上虞区,350,303,2024-12-10 22:40:00
24032610340324759,小越历史街区停车场,上虞区,74,0,2024-12-10 22:35:00
604005,人民桥下停车场,上虞区,40,0,2024-12-10 22:35:00
604013,第二人民医院停车场,上虞区,350,303,2024-12-10 22:35:00
604009,保驾山夜排挡停车场,上虞区,106,0,2024-12-10 22:35:00
604003,信义广场南停车场,上虞区,15,15,2024-12-10 22:35:00
604011,雅图停车场,上虞区,60,0,2024-12-10 22:35:00
604002,梁祝大桥东桥下停车场,上虞区,95,56,2024-12-10 22:35:00
604006,供销社停车场,上虞区,106,0,2024-12-10 22:35:00
604004,保驾山停车场,上虞区,37,0,2024-12-10 22:35:00
604012,人民桥下2号停车场,上虞区,60,17,2024-12-10 22:35:00
19120915472614497,咪网测试停车场,上虞区,97,100,2024-12-10 22:35:00
604008,青春广场停车场,上虞区,70,0,2024-12-10 22:35:00
604007,信义广场北停车场,上虞区,41,38,2024-12-10 22:35:00
604005,人民桥下停车场,上虞区,40,0,2024-12-10 22:30:00
604008,青春广场停车场,上虞区,70,0,2024-12-10 22:30:00
604004,保驾山停车场,上虞区,37,0,2024-12-10 22:30:00
604011,雅图停车场,上虞区,60,0,2024-12-10 22:30:00
19120915472614497,咪网测试停车场,上虞区,97,100,2024-12-10 22:30:00
604009,保驾山夜排挡停车场,上虞区,106,0,2024-12-10 22:30:00
604006,供销社停车场,上虞区,106,0,2024-12-10 22:30:00
604003,信义广场南停车场,上虞区,15,15,2024-12-10 22:30:00
604002,梁祝大桥东桥下停车场,上虞区,95,56,2024-12-10 22:30:00
604007,信义广场北停车场,上虞区,41,38,2024-12-10 22:30:00
604013,第二人民医院停车场,上虞区,350,302,2024-12-10 22:30:00
24032610340324759,小越历史街区停车场,上虞区,74,0,2024-12-10 22:30:00
604012,人民桥下2号停车场,上虞区,60,17,2024-12-10 22:30:00
604012,人民桥下2号停车场,上虞区,60,17,2024-12-10 22:25:00
604009,保驾山夜排挡停车场,上虞区,106,0,2024-12-10 22:25:00
604003,信义广场南停车场,上虞区,15,15,2024-12-10 22:25:00
604005,人民桥下停车场,上虞区,40,0,2024-12-10 22:25:00
604002,梁祝大桥东桥下停车场,上虞区,95,56,2024-12-10 22:25:00
604004,保驾山停车场,上虞区,37,0,2024-12-10 22:25:00
604011,雅图停车场,上虞区,60,0,2024-12-10 22:25:00
24032610340324759,小越历史街区停车场,上虞区,74,0,2024-12-10 22:25:00
604008,青春广场停车场,上虞区,70,0,2024-12-10 22:25:00
604006,供销社停车场,上虞区,106,0,2024-12-10 22:25:00
604007,信义广场北停车场,上虞区,41,38,2024-12-10 22:25:00
19120915472614497,咪网测试停车场,上虞区,97,100,2024-12-10 22:25:00
604013,第二人民医院停车场,上虞区,350,301,2024-12-10 22:25:00
604011,雅图停车场,上虞区,60,0,2024-12-10 22:20:00
604002,梁祝大桥东桥下停车场,上虞区,95,56,2024-12-10 22:20:00
604004,保驾山停车场,上虞区,37,0,2024-12-10 22:20:00
604005,人民桥下停车场,上虞区,40,0,2024-12-10 22:20:00
604012,人民桥下2号停车场,上虞区,60,17,2024-12-10 22:20:00
604006,供销社停车场,上虞区,106,0,2024-12-10 22:20:00
604008,青春广场停车场,上虞区,70,0,2024-12-10 22:20:00
604007,信义广场北停车场,上虞区,41,38,2024-12-10 22:20:00
604003,信义广场南停车场,上虞区,15,15,2024-12-10 22:20:00
604009,保驾山夜排挡停车场,上虞区,106,0,2024-12-10 22:20:00
24032610340324759,小越历史街区停车场,上虞区,74,0,2024-12-10 22:20:00
19120915472614497,咪网测试停车场,上虞区,97,100,2024-12-10 22:20:00
604013,第二人民医院停车场,上虞区,350,300,2024-12-10 22:20:00
604012,人民桥下2号停车场,上虞区,60,17,2024-12-10 22:15:00
604007,信义广场北停车场,上虞区,41,38,2024-12-10 22:15:00
604013,第二人民医院停车场,上虞区,350,301,2024-12-10 22:15:00
24032610340324759,小越历史街区停车场,上虞区,74,0,2024-12-10 22:15:00
604002,梁祝大桥东桥下停车场,上虞区,95,57,2024-12-10 22:15:00
19120915472614497,咪网测试停车场,上虞区,97,100,2024-12-10 22:15:00
604008,青春广场停车场,上虞区,70,0,2024-12-10 22:15:00
604003,信义广场南停车场,上虞区,15,15,2024-12-10 22:15:00
604009,保驾山夜排挡停车场,上虞区,106,0,2024-12-10 22:15:00
604004,保驾山停车场,上虞区,37,0,2024-12-10 22:15:00
604006,供销社停车场,上虞区,106,0,2024-12-10 22:15:00
604011,雅图停车场,上虞区,60,0,2024-12-10 22:15:00
604005,人民桥下停车场,上虞区,40,0,2024-12-10 22:15:00
604003,信义广场南停车场,上虞区,15,15,2024-12-10 22:10:00
604007,信义广场北停车场,上虞区,41,38,2024-12-10 22:10:00
604002,梁祝大桥东桥下停车场,上虞区,95,57,2024-12-10 22:10:00
604005,人民桥下停车场,上虞区,40,0,2024-12-10 22:10:00
604011,雅图停车场,上虞区,60,0,2024-12-10 22:10:00
19120915472614497,咪网测试停车场,上虞区,97,100,2024-12-10 22:10:00
604012,人民桥下2号停车场,上虞区,60,17,2024-12-10 22:10:00
24032610340324759,小越历史街区停车场,上虞区,74,0,2024-12-10 22:10:00
604006,供销社停车场,上虞区,106,0,2024-12-10 22:10:00
604004,保驾山停车场,上虞区,37,0,2024-12-10 22:10:00
604008,青春广场停车场,上虞区,70,0,2024-12-10 22:10:00
604009,保驾山夜排挡停车场,上虞区,106,0,2024-12-10 22:10:00
604013,第二人民医院停车场,上虞区,350,301,2024-12-10 22:10:00
604013,第二人民医院停车场,上虞区,350,300,2024-12-10 22:05:00
604003,信义广场南停车场,上虞区,15,15,2024-12-10 22:05:00
604002,梁祝大桥东桥下停车场,上虞区,95,57,2024-12-10 22:05:00
24032610340324759,小越历史街区停车场,上虞区,74,0,2024-12-10 22:05:00
604012,人民桥下2号停车场,上虞区,60,17,2024-12-10 22:05:00
604008,青春广场停车场,上虞区,70,0,2024-12-10 22:05:00
604004,保驾山停车场,上虞区,37,0,2024-12-10 22:05:00
604009,保驾山夜排挡停车场,上虞区,106,0,2024-12-10 22:05:00
604011,雅图停车场,上虞区,60,0,2024-12-10 22:05:00
19120915472614497,咪网测试停车场,上虞区,97,100,2024-12-10 22:05:00
604007,信义广场北停车场,上虞区,41,37,2024-12-10 22:05:00
604006,供销社停车场,上虞区,106,0,2024-12-10 22:05:00
604005,人民桥下停车场,上虞区,40,0,2024-12-10 22:05:00
604011,雅图停车场,上虞区,60,0,2024-12-10 22:00:00
604013,第二人民医院停车场,上虞区,350,299,2024-12-10 22:00:00
19120915472614497,咪网测试停车场,上虞区,97,100,2024-12-10 22:00:00
604004,保驾山停车场,上虞区,37,0,2024-12-10 22:00:00
604006,供销社停车场,上虞区,106,0,2024-12-10 22:00:00
24032610340324759,小越历史街区停车场,上虞区,74,0,2024-12-10 22:00:00
604003,信义广场南停车场,上虞区,15,15,2024-12-10 22:00:00
604002,梁祝大桥东桥下停车场,上虞区,95,57,2024-12-10 22:00:00
604005,人民桥下停车场,上虞区,40,0,2024-12-10 22:00:00
604008,青春广场停车场,上虞区,70,0,2024-12-10 22:00:00
604012,人民桥下2号停车场,上虞区,60,17,2024-12-10 22:00:00
604009,保驾山夜排挡停车场,上虞区,106,0,2024-12-10 22:00:00
604007,信义广场北停车场,上虞区,41,37,2024-12-10 22:00:00
604006,供销社停车场,上虞区,106,0,2024-12-10 21:55:00
604009,保驾山夜排挡停车场,上虞区,106,0,2024-12-10 21:55:00
604005,人民桥下停车场,上虞区,40,0,2024-12-10 21:55:00
604003,信义广场南停车场,上虞区,15,15,2024-12-10 21:55:00
604004,保驾山停车场,上虞区,37,0,2024-12-10 21:55:00
604007,信义广场北停车场,上虞区,41,38,2024-12-10 21:55:00
604012,人民桥下2号停车场,上虞区,60,17,2024-12-10 21:55:00
604008,青春广场停车场,上虞区,70,0,2024-12-10 21:55:00
19120915472614497,咪网测试停车场,上虞区,97,100,2024-12-10 21:55:00
604002,梁祝大桥东桥下停车场,上虞区,95,57,2024-12-10 21:55:00
604013,第二人民医院停车场,上虞区,350,299,2024-12-10 21:55:00
604011,雅图停车场,上虞区,60,0,2024-12-10 21:55:00
24032610340324759,小越历史街区停车场,上虞区,74,0,2024-12-10 21:55:00
604004,保驾山停车场,上虞区,37,0,2024-12-10 21:50:00
604012,人民桥下2号停车场,上虞区,60,17,2024-12-10 21:50:00
604008,青春广场停车场,上虞区,70,0,2024-12-10 21:50:00
604006,供销社停车场,上虞区,106,0,2024-12-10 21:50:00
604003,信义广场南停车场,上虞区,15,15,2024-12-10 21:50:00
24032610340324759,小越历史街区停车场,上虞区,74,0,2024-12-10 21:50:00
604007,信义广场北停车场,上虞区,41,38,2024-12-10 21:50:00
604013,第二人民医院停车场,上虞区,350,297,2024-12-10 21:50:00
604009,保驾山夜排挡停车场,上虞区,106,0,2024-12-10 21:50:00
604011,雅图停车场,上虞区,60,0,2024-12-10 21:50:00
19120915472614497,咪网测试停车场,上虞区,97,100,2024-12-10 21:50:00
604005,人民桥下停车场,上虞区,40,0,2024-12-10 21:50:00
604002,梁祝大桥东桥下停车场,上虞区,95,57,2024-12-10 21:50:00
604011,雅图停车场,上虞区,60,0,2024-12-10 21:45:00
604012,人民桥下2号停车场,上虞区,60,17,2024-12-10 21:45:00
604007,信义广场北停车场,上虞区,41,38,2024-12-10 21:45:00
604003,信义广场南停车场,上虞区,15,15,2024-12-10 21:45:00
24032610340324759,小越历史街区停车场,上虞区,74,0,2024-12-10 21:45:00
604002,梁祝大桥东桥下停车场,上虞区,95,57,2024-12-10 21:45:00
604005,人民桥下停车场,上虞区,40,0,2024-12-10 21:45:00
604006,供销社停车场,上虞区,106,0,2024-12-10 21:45:00
604009,保驾山夜排挡停车场,上虞区,106,0,2024-12-10 21:45:00
604013,第二人民医院停车场,上虞区,350,298,2024-12-10 21:45:00
604008,青春广场停车场,上虞区,70,0,2024-12-10 21:45:00
604004,保驾山停车场,上虞区,37,0,2024-12-10 21:45:00
19120915472614497,咪网测试停车场,上虞区,97,100,2024-12-10 21:45:00
604008,青春广场停车场,上虞区,70,0,2024-12-10 21:40:00
604011,雅图停车场,上虞区,60,0,2024-12-10 21:40:00
604007,信义广场北停车场,上虞区,41,38,2024-12-10 21:40:00
604002,梁祝大桥东桥下停车场,上虞区,95,57,2024-12-10 21:40:00
604013,第二人民医院停车场,上虞区,350,297,2024-12-10 21:40:00
24032610340324759,小越历史街区停车场,上虞区,74,0,2024-12-10 21:40:00
604004,保驾山停车场,上虞区,37,0,2024-12-10 21:40:00
604003,信义广场南停车场,上虞区,15,15,2024-12-10 21:40:00
604012,人民桥下2号停车场,上虞区,60,17,2024-12-10 21:40:00
604005,人民桥下停车场,上虞区,40,0,2024-12-10 21:40:00
19120915472614497,咪网测试停车场,上虞区,97,100,2024-12-10 21:40:00
604006,供销社停车场,上虞区,106,0,2024-12-10 21:40:00
604009,保驾山夜排挡停车场,上虞区,106,0,2024-12-10 21:40:00
604003,信义广场南停车场,上虞区,15,15,2024-12-10 21:35:00
604007,信义广场北停车场,上虞区,41,38,2024-12-10 21:35:00
604004,保驾山停车场,上虞区,37,0,2024-12-10 21:35:00
604011,雅图停车场,上虞区,60,0,2024-12-10 21:35:00
604006,供销社停车场,上虞区,106,0,2024-12-10 21:35:00
604012,人民桥下2号停车场,上虞区,60,17,2024-12-10 21:35:00
604002,梁祝大桥东桥下停车场,上虞区,95,57,2024-12-10 21:35:00
24032610340324759,小越历史街区停车场,上虞区,74,0,2024-12-10 21:35:00
19120915472614497,咪网测试停车场,上虞区,97,100,2024-12-10 21:35:00
604005,人民桥下停车场,上虞区,40,0,2024-12-10 21:35:00
604013,第二人民医院停车场,上虞区,350,297,2024-12-10 21:35:00
604009,保驾山夜排挡停车场,上虞区,106,0,2024-12-10 21:35:00
604008,青春广场停车场,上虞区,70,0,2024-12-10 21:35:00
604009,保驾山夜排挡停车场,上虞区,106,0,2024-12-10 21:30:00
604013,第二人民医院停车场,上虞区,350,298,2024-12-10 21:30:00
604005,人民桥下停车场,上虞区,40,0,2024-12-10 21:30:00
604004,保驾山停车场,上虞区,37,0,2024-12-10 21:30:00
604012,人民桥下2号停车场,上虞区,60,18,2024-12-10 21:30:00
604003,信义广场南停车场,上虞区,15,15,2024-12-10 21:30:00
24032610340324759,小越历史街区停车场,上虞区,74,0,2024-12-10 21:30:00
604002,梁祝大桥东桥下停车场,上虞区,95,57,2024-12-10 21:30:00
19120915472614497,咪网测试停车场,上虞区,97,100,2024-12-10 21:30:00
604008,青春广场停车场,上虞区,70,0,2024-12-10 21:30:00
604011,雅图停车场,上虞区,60,0,2024-12-10 21:30:00
604006,供销社停车场,上虞区,106,0,2024-12-10 21:30:00
604007,信义广场北停车场,上虞区,41,38,2024-12-10 21:30:00
604012,人民桥下2号停车场,上虞区,60,18,2024-12-10 21:25:00
604003,信义广场南停车场,上虞区,15,15,2024-12-10 21:25:00
604004,保驾山停车场,上虞区,37,0,2024-12-10 21:25:00
604008,青春广场停车场,上虞区,70,0,2024-12-10 21:25:00
604009,保驾山夜排挡停车场,上虞区,106,0,2024-12-10 21:25:00
604007,信义广场北停车场,上虞区,41,38,2024-12-10 21:25:00
604005,人民桥下停车场,上虞区,40,0,2024-12-10 21:25:00
604013,第二人民医院停车场,上虞区,350,297,2024-12-10 21:25:00
604002,梁祝大桥东桥下停车场,上虞区,95,57,2024-12-10 21:25:00
19120915472614497,咪网测试停车场,上虞区,97,100,2024-12-10 21:25:00
604011,雅图停车场,上虞区,60,0,2024-12-10 21:25:00
604006,供销社停车场,上虞区,106,0,2024-12-10 21:25:00
24032610340324759,小越历史街区停车场,上虞区,74,0,2024-12-10 21:25:00
604011,雅图停车场,上虞区,60,0,2024-12-10 21:20:00
604002,梁祝大桥东桥下停车场,上虞区,95,57,2024-12-10 21:20:00
604004,保驾山停车场,上虞区,37,0,2024-12-10 21:20:00
604008,青春广场停车场,上虞区,70,0,2024-12-10 21:20:00
604005,人民桥下停车场,上虞区,40,0,2024-12-10 21:20:00
604007,信义广场北停车场,上虞区,41,38,2024-12-10 21:20:00
604003,信义广场南停车场,上虞区,15,15,2024-12-10 21:20:00
604006,供销社停车场,上虞区,106,0,2024-12-10 21:20:00
24032610340324759,小越历史街区停车场,上虞区,74,0,2024-12-10 21:20:00
604012,人民桥下2号停车场,上虞区,60,18,2024-12-10 21:20:00
19120915472614497,咪网测试停车场,上虞区,97,100,2024-12-10 21:20:00
604013,第二人民医院停车场,上虞区,350,295,2024-12-10 21:20:00
604009,保驾山夜排挡停车场,上虞区,106,0,2024-12-10 21:20:00
604007,信义广场北停车场,上虞区,41,38,2024-12-10 21:15:00
19120915472614497,咪网测试停车场,上虞区,97,100,2024-12-10 21:15:00
604006,供销社停车场,上虞区,106,0,2024-12-10 21:15:00
604013,第二人民医院停车场,上虞区,350,296,2024-12-10 21:15:00
604011,雅图停车场,上虞区,60,0,2024-12-10 21:15:00
604005,人民桥下停车场,上虞区,40,0,2024-12-10 21:15:00
24032610340324759,小越历史街区停车场,上虞区,74,0,2024-12-10 21:15:00
604002,梁祝大桥东桥下停车场,上虞区,95,57,2024-12-10 21:15:00
604003,信义广场南停车场,上虞区,15,15,2024-12-10 21:15:00
604012,人民桥下2号停车场,上虞区,60,18,2024-12-10 21:15:00
604004,保驾山停车场,上虞区,37,0,2024-12-10 21:15:00
604009,保驾山夜排挡停车场,上虞区,106,0,2024-12-10 21:15:00
604008,青春广场停车场,上虞区,70,0,2024-12-10 21:15:00
604012,人民桥下2号停车场,上虞区,60,18,2024-12-10 21:10:00
19120915472614497,咪网测试停车场,上虞区,97,100,2024-12-10 21:10:00
604009,保驾山夜排挡停车场,上虞区,106,0,2024-12-10 21:10:00
604002,梁祝大桥东桥下停车场,上虞区,95,57,2024-12-10 21:10:00
604006,供销社停车场,上虞区,106,0,2024-12-10 21:10:00
604004,保驾山停车场,上虞区,37,0,2024-12-10 21:10:00
604011,雅图停车场,上虞区,60,0,2024-12-10 21:10:00
604013,第二人民医院停车场,上虞区,350,294,2024-12-10 21:10:00
604008,青春广场停车场,上虞区,70,0,2024-12-10 21:10:00
604003,信义广场南停车场,上虞区,15,15,2024-12-10 21:10:00
604007,信义广场北停车场,上虞区,41,38,2024-12-10 21:10:00
604005,人民桥下停车场,上虞区,40,0,2024-12-10 21:10:00
24032610340324759,小越历史街区停车场,上虞区,74,0,2024-12-10 21:10:00
604013,第二人民医院停车场,上虞区,350,296,2024-12-10 21:05:00
604011,雅图停车场,上虞区,60,0,2024-12-10 21:05:00
19120915472614497,咪网测试停车场,上虞区,97,100,2024-12-10 21:05:00
604009,保驾山夜排挡停车场,上虞区,106,0,2024-12-10 21:05:00
24032610340324759,小越历史街区停车场,上虞区,74,0,2024-12-10 21:05:00
604004,保驾山停车场,上虞区,37,0,2024-12-10 21:05:00
604007,信义广场北停车场,上虞区,41,37,2024-12-10 21:05:00
604002,梁祝大桥东桥下停车场,上虞区,95,57,2024-12-10 21:05:00
604012,人民桥下2号停车场,上虞区,60,18,2024-12-10 21:05:00
604008,青春广场停车场,上虞区,70,0,2024-12-10 21:05:00
604003,信义广场南停车场,上虞区,15,15,2024-12-10 21:05:00
604006,供销社停车场,上虞区,106,0,2024-12-10 21:05:00
604005,人民桥下停车场,上虞区,40,0,2024-12-10 21:05:00
604011,雅图停车场,上虞区,60,0,2024-12-10 21:00:00
604005,人民桥下停车场,上虞区,40,0,2024-12-10 21:00:00
604002,梁祝大桥东桥下停车场,上虞区,95,57,2024-12-10 21:00:00
24032610340324759,小越历史街区停车场,上虞区,74,0,2024-12-10 21:00:00
604013,第二人民医院停车场,上虞区,350,294,2024-12-10 21:00:00
604012,人民桥下2号停车场,上虞区,60,20,2024-12-10 21:00:00
604003,信义广场南停车场,上虞区,15,15,2024-12-10 21:00:00
604009,保驾山夜排挡停车场,上虞区,106,0,2024-12-10 21:00:00
604008,青春广场停车场,上虞区,70,0,2024-12-10 21:00:00
604006,供销社停车场,上虞区,106,0,2024-12-10 21:00:00
604007,信义广场北停车场,上虞区,41,37,2024-12-10 21:00:00
19120915472614497,咪网测试停车场,上虞区,97,100,2024-12-10 21:00:00
604004,保驾山停车场,上虞区,37,0,2024-12-10 21:00:00
24032610340324759,小越历史街区停车场,上虞区,74,0,2024-12-10 20:55:00
604008,青春广场停车场,上虞区,70,0,2024-12-10 20:55:00
604002,梁祝大桥东桥下停车场,上虞区,95,57,2024-12-10 20:55:00
604004,保驾山停车场,上虞区,37,0,2024-12-10 20:55:00
604011,雅图停车场,上虞区,60,0,2024-12-10 20:55:00
604003,信义广场南停车场,上虞区,15,15,2024-12-10 20:55:00
604007,信义广场北停车场,上虞区,41,37,2024-12-10 20:55:00
19120915472614497,咪网测试停车场,上虞区,97,100,2024-12-10 20:55:00
604006,供销社停车场,上虞区,106,0,2024-12-10 20:55:00
604013,第二人民医院停车场,上虞区,350,293,2024-12-10 20:55:00
604005,人民桥下停车场,上虞区,40,0,2024-12-10 20:55:00
604009,保驾山夜排挡停车场,上虞区,106,0,2024-12-10 20:55:00
604012,人民桥下2号停车场,上虞区,60,20,2024-12-10 20:55:00
19120915472614497,咪网测试停车场,上虞区,97,100,2024-12-10 20:50:00
604004,保驾山停车场,上虞区,37,0,2024-12-10 20:50:00
604009,保驾山夜排挡停车场,上虞区,106,0,2024-12-10 20:50:00
604012,人民桥下2号停车场,上虞区,60,20,2024-12-10 20:50:00
604006,供销社停车场,上虞区,106,0,2024-12-10 20:50:00
24032610340324759,小越历史街区停车场,上虞区,74,0,2024-12-10 20:50:00
604007,信义广场北停车场,上虞区,41,37,2024-12-10 20:50:00
604013,第二人民医院停车场,上虞区,350,292,2024-12-10 20:50:00
604005,人民桥下停车场,上虞区,40,0,2024-12-10 20:50:00
604011,雅图停车场,上虞区,60,0,2024-12-10 20:50:00
604002,梁祝大桥东桥下停车场,上虞区,95,57,2024-12-10 20:50:00
604008,青春广场停车场,上虞区,70,0,2024-12-10 20:50:00
604003,信义广场南停车场,上虞区,15,15,2024-12-10 20:50:00
604004,保驾山停车场,上虞区,37,0,2024-12-10 20:45:00
604008,青春广场停车场,上虞区,70,0,2024-12-10 20:45:00
604006,供销社停车场,上虞区,106,0,2024-12-10 20:45:00
604007,信义广场北停车场,上虞区,41,37,2024-12-10 20:45:00
604009,保驾山夜排挡停车场,上虞区,106,0,2024-12-10 20:45:00
604003,信义广场南停车场,上虞区,15,15,2024-12-10 20:45:00
604012,人民桥下2号停车场,上虞区,60,20,2024-12-10 20:45:00
604011,雅图停车场,上虞区,60,0,2024-12-10 20:45:00
604013,第二人民医院停车场,上虞区,350,290,2024-12-10 20:45:00
604002,梁祝大桥东桥下停车场,上虞区,95,57,2024-12-10 20:45:00
604005,人民桥下停车场,上虞区,40,0,2024-12-10 20:45:00
19120915472614497,咪网测试停车场,上虞区,97,100,2024-12-10 20:45:00
24032610340324759,小越历史街区停车场,上虞区,74,0,2024-12-10 20:45:00
604013,第二人民医院停车场,上虞区,350,290,2024-12-10 20:40:00
19120915472614497,咪网测试停车场,上虞区,97,100,2024-12-10 20:40:00
604008,青春广场停车场,上虞区,70,0,2024-12-10 20:40:00
604009,保驾山夜排挡停车场,上虞区,106,0,2024-12-10 20:40:00
24032610340324759,小越历史街区停车场,上虞区,74,0,2024-12-10 20:40:00
604007,信义广场北停车场,上虞区,41,37,2024-12-10 20:40:00
604003,信义广场南停车场,上虞区,15,15,2024-12-10 20:40:00
604004,保驾山停车场,上虞区,37,0,2024-12-10 20:40:00
604012,人民桥下2号停车场,上虞区,60,20,2024-12-10 20:40:00
604006,供销社停车场,上虞区,106,0,2024-12-10 20:40:00
604011,雅图停车场,上虞区,60,0,2024-12-10 20:40:00
604005,人民桥下停车场,上虞区,40,0,2024-12-10 20:40:00
604002,梁祝大桥东桥下停车场,上虞区,95,57,2024-12-10 20:40:00
604011,雅图停车场,上虞区,60,0,2024-12-10 20:35:00
19120915472614497,咪网测试停车场,上虞区,97,100,2024-12-10 20:35:00
604008,青春广场停车场,上虞区,70,0,2024-12-10 20:35:00
604012,人民桥下2号停车场,上虞区,60,20,2024-12-10 20:35:00
604002,梁祝大桥东桥下停车场,上虞区,95,57,2024-12-10 20:35:00
24032610340324759,小越历史街区停车场,上虞区,74,0,2024-12-10 20:35:00
604006,供销社停车场,上虞区,106,0,2024-12-10 20:35:00
604004,保驾山停车场,上虞区,37,0,2024-12-10 20:35:00
604013,第二人民医院停车场,上虞区,350,291,2024-12-10 20:35:00
604003,信义广场南停车场,上虞区,15,15,2024-12-10 20:35:00
604005,人民桥下停车场,上虞区,40,0,2024-12-10 20:35:00
604009,保驾山夜排挡停车场,上虞区,106,0,2024-12-10 20:35:00
604007,信义广场北停车场,上虞区,41,37,2024-12-10 20:35:00
604004,保驾山停车场,上虞区,37,0,2024-12-10 20:30:00
604011,雅图停车场,上虞区,60,0,2024-12-10 20:30:00
24032610340324759,小越历史街区停车场,上虞区,74,0,2024-12-10 20:30:00
604012,人民桥下2号停车场,上虞区,60,21,2024-12-10 20:30:00
604008,青春广场停车场,上虞区,70,0,2024-12-10 20:30:00
604013,第二人民医院停车场,上虞区,350,288,2024-12-10 20:30:00
19120915472614497,咪网测试停车场,上虞区,97,100,2024-12-10 20:30:00
604007,信义广场北停车场,上虞区,41,37,2024-12-10 20:30:00
604005,人民桥下停车场,上虞区,40,0,2024-12-10 20:30:00
604003,信义广场南停车场,上虞区,15,15,2024-12-10 20:30:00
604002,梁祝大桥东桥下停车场,上虞区,95,57,2024-12-10 20:30:00
604006,供销社停车场,上虞区,106,0,2024-12-10 20:30:00
604009,保驾山夜排挡停车场,上虞区,106,0,2024-12-10 20:30:00
604006,供销社停车场,上虞区,106,0,2024-12-10 20:25:00
604011,雅图停车场,上虞区,60,0,2024-12-10 20:25:00
604009,保驾山夜排挡停车场,上虞区,106,0,2024-12-10 20:25:00
604012,人民桥下2号停车场,上虞区,60,22,2024-12-10 20:25:00
604003,信义广场南停车场,上虞区,15,15,2024-12-10 20:25:00
604004,保驾山停车场,上虞区,37,0,2024-12-10 20:25:00
19120915472614497,咪网测试停车场,上虞区,97,100,2024-12-10 20:25:00
604013,第二人民医院停车场,上虞区,350,286,2024-12-10 20:25:00
604008,青春广场停车场,上虞区,70,0,2024-12-10 20:25:00
604002,梁祝大桥东桥下停车场,上虞区,95,57,2024-12-10 20:25:00
24032610340324759,小越历史街区停车场,上虞区,74,0,2024-12-10 20:25:00
604005,人民桥下停车场,上虞区,40,0,2024-12-10 20:25:00
604007,信义广场北停车场,上虞区,41,37,2024-12-10 20:25:00
604012,人民桥下2号停车场,上虞区,60,22,2024-12-10 20:20:00
24032610340324759,小越历史街区停车场,上虞区,74,0,2024-12-10 20:20:00
604011,雅图停车场,上虞区,60,0,2024-12-10 20:20:00
604009,保驾山夜排挡停车场,上虞区,106,0,2024-12-10 20:20:00
19120915472614497,咪网测试停车场,上虞区,97,100,2024-12-10 20:20:00
604006,供销社停车场,上虞区,106,0,2024-12-10 20:20:00
604013,第二人民医院停车场,上虞区,350,285,2024-12-10 20:20:00
604003,信义广场南停车场,上虞区,15,15,2024-12-10 20:20:00
604002,梁祝大桥东桥下停车场,上虞区,95,57,2024-12-10 20:20:00
604004,保驾山停车场,上虞区,37,0,2024-12-10 20:20:00
604008,青春广场停车场,上虞区,70,0,2024-12-10 20:20:00
604005,人民桥下停车场,上虞区,40,0,2024-12-10 20:20:00
604007,信义广场北停车场,上虞区,41,37,2024-12-10 20:20:00
24032610340324759,小越历史街区停车场,上虞区,74,0,2024-12-10 20:15:00
604002,梁祝大桥东桥下停车场,上虞区,95,55,2024-12-10 20:15:00
604013,第二人民医院停车场,上虞区,350,288,2024-12-10 20:15:00
604008,青春广场停车场,上虞区,70,0,2024-12-10 20:15:00
604012,人民桥下2号停车场,上虞区,60,22,2024-12-10 20:15:00
604009,保驾山夜排挡停车场,上虞区,106,0,2024-12-10 20:15:00
604007,信义广场北停车场,上虞区,41,37,2024-12-10 20:15:00
604005,人民桥下停车场,上虞区,40,0,2024-12-10 20:15:00
19120915472614497,咪网测试停车场,上虞区,97,100,2024-12-10 20:15:00
604006,供销社停车场,上虞区,106,0,2024-12-10 20:15:00
604011,雅图停车场,上虞区,60,0,2024-12-10 20:15:00
604004,保驾山停车场,上虞区,37,0,2024-12-10 20:15:00
604003,信义广场南停车场,上虞区,15,15,2024-12-10 20:15:00
604005,人民桥下停车场,上虞区,40,0,2024-12-10 20:10:00
604006,供销社停车场,上虞区,106,0,2024-12-10 20:10:00
604002,梁祝大桥东桥下停车场,上虞区,95,55,2024-12-10 20:10:00
604008,青春广场停车场,上虞区,70,0,2024-12-10 20:10:00
604012,人民桥下2号停车场,上虞区,60,23,2024-12-10 20:10:00
24032610340324759,小越历史街区停车场,上虞区,74,0,2024-12-10 20:10:00
604003,信义广场南停车场,上虞区,15,15,2024-12-10 20:10:00
604011,雅图停车场,上虞区,60,0,2024-12-10 20:10:00
604009,保驾山夜排挡停车场,上虞区,106,0,2024-12-10 20:10:00
19120915472614497,咪网测试停车场,上虞区,97,100,2024-12-10 20:10:00
604004,保驾山停车场,上虞区,37,0,2024-12-10 20:10:00
604007,信义广场北停车场,上虞区,41,37,2024-12-10 20:10:00
604013,第二人民医院停车场,上虞区,350,287,2024-12-10 20:10:00
604008,青春广场停车场,上虞区,70,0,2024-12-10 20:05:00
604007,信义广场北停车场,上虞区,41,37,2024-12-10 20:05:00
604012,人民桥下2号停车场,上虞区,60,23,2024-12-10 20:05:00
604011,雅图停车场,上虞区,60,0,2024-12-10 20:05:00
604005,人民桥下停车场,上虞区,40,0,2024-12-10 20:05:00
19120915472614497,咪网测试停车场,上虞区,97,100,2024-12-10 20:05:00
604003,信义广场南停车场,上虞区,15,15,2024-12-10 20:05:00
604002,梁祝大桥东桥下停车场,上虞区,95,57,2024-12-10 20:05:00
24032610340324759,小越历史街区停车场,上虞区,74,0,2024-12-10 20:05:00
604013,第二人民医院停车场,上虞区,350,287,2024-12-10 20:05:00
604009,保驾山夜排挡停车场,上虞区,106,0,2024-12-10 20:05:00
604004,保驾山停车场,上虞区,37,0,2024-12-10 20:05:00
604006,供销社停车场,上虞区,106,0,2024-12-10 20:05:00
604012,人民桥下2号停车场,上虞区,60,23,2024-12-10 20:00:00
604011,雅图停车场,上虞区,60,0,2024-12-10 20:00:00
604006,供销社停车场,上虞区,106,0,2024-12-10 20:00:00
604004,保驾山停车场,上虞区,37,0,2024-12-10 20:00:00
604007,信义广场北停车场,上虞区,41,37,2024-12-10 20:00:00
604013,第二人民医院停车场,上虞区,350,286,2024-12-10 20:00:00
604009,保驾山夜排挡停车场,上虞区,106,0,2024-12-10 20:00:00
19120915472614497,咪网测试停车场,上虞区,97,100,2024-12-10 20:00:00
604002,梁祝大桥东桥下停车场,上虞区,95,57,2024-12-10 20:00:00
604003,信义广场南停车场,上虞区,15,15,2024-12-10 20:00:00
604008,青春广场停车场,上虞区,70,0,2024-12-10 20:00:00
604005,人民桥下停车场,上虞区,40,0,2024-12-10 20:00:00
24032610340324759,小越历史街区停车场,上虞区,74,0,2024-12-10 20:00:00
604011,雅图停车场,上虞区,60,0,2024-12-10 19:55:00
604005,人民桥下停车场,上虞区,40,0,2024-12-10 19:55:00
604007,信义广场北停车场,上虞区,41,37,2024-12-10 19:55:00
24032610340324759,小越历史街区停车场,上虞区,74,0,2024-12-10 19:55:00
19120915472614497,咪网测试停车场,上虞区,97,100,2024-12-10 19:55:00
604013,第二人民医院停车场,上虞区,350,285,2024-12-10 19:55:00
604006,供销社停车场,上虞区,106,0,2024-12-10 19:55:00
604009,保驾山夜排挡停车场,上虞区,106,0,2024-12-10 19:55:00
604004,保驾山停车场,上虞区,37,0,2024-12-10 19:55:00
604008,青春广场停车场,上虞区,70,0,2024-12-10 19:55:00
604002,梁祝大桥东桥下停车场,上虞区,95,57,2024-12-10 19:55:00
604012,人民桥下2号停车场,上虞区,60,23,2024-12-10 19:55:00
604003,信义广场南停车场,上虞区,15,15,2024-12-10 19:55:00
604007,信义广场北停车场,上虞区,41,37,2024-12-10 19:50:00
19120915472614497,咪网测试停车场,上虞区,97,100,2024-12-10 19:50:00
604005,人民桥下停车场,上虞区,40,0,2024-12-10 19:50:00
604008,青春广场停车场,上虞区,70,0,2024-12-10 19:50:00
604002,梁祝大桥东桥下停车场,上虞区,95,57,2024-12-10 19:50:00
604013,第二人民医院停车场,上虞区,350,283,2024-12-10 19:50:00
604012,人民桥下2号停车场,上虞区,60,23,2024-12-10 19:50:00
604009,保驾山夜排挡停车场,上虞区,106,0,2024-12-10 19:50:00
604011,雅图停车场,上虞区,60,0,2024-12-10 19:50:00
604003,信义广场南停车场,上虞区,15,15,2024-12-10 19:50:00
604006,供销社停车场,上虞区,106,0,2024-12-10 19:50:00
24032610340324759,小越历史街区停车场,上虞区,74,0,2024-12-10 19:50:00
604004,保驾山停车场,上虞区,37,0,2024-12-10 19:50:00
604004,保驾山停车场,上虞区,37,0,2024-12-10 19:45:00
604005,人民桥下停车场,上虞区,40,0,2024-12-10 19:45:00
604007,信义广场北停车场,上虞区,41,37,2024-12-10 19:45:00
604002,梁祝大桥东桥下停车场,上虞区,95,57,2024-12-10 19:45:00
19120915472614497,咪网测试停车场,上虞区,97,100,2024-12-10 19:45:00
604011,雅图停车场,上虞区,60,0,2024-12-10 19:45:00
604009,保驾山夜排挡停车场,上虞区,106,0,2024-12-10 19:45:00
604003,信义广场南停车场,上虞区,15,15,2024-12-10 19:45:00
604012,人民桥下2号停车场,上虞区,60,23,2024-12-10 19:45:00
604006,供销社停车场,上虞区,106,0,2024-12-10 19:45:00
604008,青春广场停车场,上虞区,70,0,2024-12-10 19:45:00
604013,第二人民医院停车场,上虞区,350,280,2024-12-10 19:45:00
24032610340324759,小越历史街区停车场,上虞区,74,0,2024-12-10 19:45:00
604012,人民桥下2号停车场,上虞区,60,24,2024-12-10 19:40:00
24032610340324759,小越历史街区停车场,上虞区,74,0,2024-12-10 19:40:00
604004,保驾山停车场,上虞区,37,0,2024-12-10 19:40:00
604006,供销社停车场,上虞区,106,0,2024-12-10 19:40:00
604009,保驾山夜排挡停车场,上虞区,106,0,2024-12-10 19:40:00
604005,人民桥下停车场,上虞区,40,0,2024-12-10 19:40:00
19120915472614497,咪网测试停车场,上虞区,97,100,2024-12-10 19:40:00
604003,信义广场南停车场,上虞区,15,15,2024-12-10 19:40:00
604002,梁祝大桥东桥下停车场,上虞区,95,57,2024-12-10 19:40:00
604008,青春广场停车场,上虞区,70,0,2024-12-10 19:40:00
604007,信义广场北停车场,上虞区,41,37,2024-12-10 19:40:00
604011,雅图停车场,上虞区,60,0,2024-12-10 19:40:00
604013,第二人民医院停车场,上虞区,350,281,2024-12-10 19:40:00
604005,人民桥下停车场,上虞区,40,0,2024-12-10 19:35:00
19120915472614497,咪网测试停车场,上虞区,97,100,2024-12-10 19:35:00
604004,保驾山停车场,上虞区,37,0,2024-12-10 19:35:00
604002,梁祝大桥东桥下停车场,上虞区,95,56,2024-12-10 19:35:00
604009,保驾山夜排挡停车场,上虞区,106,0,2024-12-10 19:35:00
24032610340324759,小越历史街区停车场,上虞区,74,0,2024-12-10 19:35:00
604006,供销社停车场,上虞区,106,0,2024-12-10 19:35:00
604008,青春广场停车场,上虞区,70,0,2024-12-10 19:35:00
604013,第二人民医院停车场,上虞区,350,278,2024-12-10 19:35:00
604011,雅图停车场,上虞区,60,0,2024-12-10 19:35:00
604007,信义广场北停车场,上虞区,41,37,2024-12-10 19:35:00
604012,人民桥下2号停车场,上虞区,60,24,2024-12-10 19:35:00
604003,信义广场南停车场,上虞区,15,15,2024-12-10 19:35:00
604006,供销社停车场,上虞区,106,0,2024-12-10 19:30:04
604007,信义广场北停车场,上虞区,41,36,2024-12-10 19:30:04
604009,保驾山夜排挡停车场,上虞区,106,0,2024-12-10 19:30:04
604013,第二人民医院停车场,上虞区,350,275,2024-12-10 19:30:03
24032610340324759,小越历史街区停车场,上虞区,74,0,2024-12-10 19:30:03
604002,梁祝大桥东桥下停车场,上虞区,95,56,2024-12-10 19:30:03
604003,信义广场南停车场,上虞区,15,15,2024-12-10 19:30:03
604004,保驾山停车场,上虞区,37,0,2024-12-10 19:30:03
604008,青春广场停车场,上虞区,70,0,2024-12-10 19:30:03
604005,人民桥下停车场,上虞区,40,0,2024-12-10 19:30:03
604012,人民桥下2号停车场,上虞区,60,24,2024-12-10 19:30:03
19120915472614497,咪网测试停车场,上虞区,97,100,2024-12-10 19:30:03
604011,雅图停车场,上虞区,60,0,2024-12-10 19:30:00
604008,青春广场停车场,上虞区,70,0,2024-12-10 19:25:00
604005,人民桥下停车场,上虞区,40,0,2024-12-10 19:25:00
604003,信义广场南停车场,上虞区,15,15,2024-12-10 19:25:00
24032610340324759,小越历史街区停车场,上虞区,74,0,2024-12-10 19:25:00
604013,第二人民医院停车场,上虞区,350,271,2024-12-10 19:25:00
604002,梁祝大桥东桥下停车场,上虞区,95,57,2024-12-10 19:25:00
19120915472614497,咪网测试停车场,上虞区,97,100,2024-12-10 19:25:00
604004,保驾山停车场,上虞区,37,0,2024-12-10 19:25:00
604007,信义广场北停车场,上虞区,41,37,2024-12-10 19:25:00
604011,雅图停车场,上虞区,60,0,2024-12-10 19:25:00
604009,保驾山夜排挡停车场,上虞区,106,0,2024-12-10 19:25:00
604012,人民桥下2号停车场,上虞区,60,24,2024-12-10 19:25:00
604006,供销社停车场,上虞区,106,0,2024-12-10 19:25:00
604003,信义广场南停车场,上虞区,15,15,2024-12-10 19:20:00
19120915472614497,咪网测试停车场,上虞区,97,100,2024-12-10 19:20:00
604006,供销社停车场,上虞区,106,0,2024-12-10 19:20:00
604008,青春广场停车场,上虞区,70,0,2024-12-10 19:20:00
604009,保驾山夜排挡停车场,上虞区,106,0,2024-12-10 19:20:00
24032610340324759,小越历史街区停车场,上虞区,74,0,2024-12-10 19:20:00
604007,信义广场北停车场,上虞区,41,37,2024-12-10 19:20:00
604004,保驾山停车场,上虞区,37,0,2024-12-10 19:20:00
604011,雅图停车场,上虞区,60,0,2024-12-10 19:20:00
604012,人民桥下2号停车场,上虞区,60,24,2024-12-10 19:20:00
604005,人民桥下停车场,上虞区,40,0,2024-12-10 19:20:00
604002,梁祝大桥东桥下停车场,上虞区,95,57,2024-12-10 19:20:00
604013,第二人民医院停车场,上虞区,350,273,2024-12-10 19:20:00
604011,雅图停车场,上虞区,60,0,2024-12-10 19:15:00
604006,供销社停车场,上虞区,106,0,2024-12-10 19:15:00
604008,青春广场停车场,上虞区,70,0,2024-12-10 19:15:00
604013,第二人民医院停车场,上虞区,350,273,2024-12-10 19:15:00
604012,人民桥下2号停车场,上虞区,60,24,2024-12-10 19:15:00
604009,保驾山夜排挡停车场,上虞区,106,0,2024-12-10 19:15:00
604002,梁祝大桥东桥下停车场,上虞区,95,57,2024-12-10 19:15:00
19120915472614497,咪网测试停车场,上虞区,97,100,2024-12-10 19:15:00
604007,信义广场北停车场,上虞区,41,38,2024-12-10 19:15:00
604005,人民桥下停车场,上虞区,40,0,2024-12-10 19:15:00
604004,保驾山停车场,上虞区,37,0,2024-12-10 19:15:00
604003,信义广场南停车场,上虞区,15,15,2024-12-10 19:15:00
24032610340324759,小越历史街区停车场,上虞区,74,0,2024-12-10 19:15:00
604007,信义广场北停车场,上虞区,41,38,2024-12-10 19:10:00
604004,保驾山停车场,上虞区,37,0,2024-12-10 19:10:00
604011,雅图停车场,上虞区,60,0,2024-12-10 19:10:00
24032610340324759,小越历史街区停车场,上虞区,74,0,2024-12-10 19:10:00
604006,供销社停车场,上虞区,106,0,2024-12-10 19:10:00
604003,信义广场南停车场,上虞区,15,15,2024-12-10 19:10:00
604013,第二人民医院停车场,上虞区,350,272,2024-12-10 19:10:00
604002,梁祝大桥东桥下停车场,上虞区,95,57,2024-12-10 19:10:00
604005,人民桥下停车场,上虞区,40,0,2024-12-10 19:10:00
604009,保驾山夜排挡停车场,上虞区,106,0,2024-12-10 19:10:00
604012,人民桥下2号停车场,上虞区,60,24,2024-12-10 19:10:00
604008,青春广场停车场,上虞区,70,0,2024-12-10 19:10:00
19120915472614497,咪网测试停车场,上虞区,97,100,2024-12-10 19:10:00
24032610340324759,小越历史街区停车场,上虞区,74,0,2024-12-10 19:05:00
604013,第二人民医院停车场,上虞区,350,271,2024-12-10 19:05:00
604009,保驾山夜排挡停车场,上虞区,106,0,2024-12-10 19:05:00
604011,雅图停车场,上虞区,60,0,2024-12-10 19:05:00
604007,信义广场北停车场,上虞区,41,38,2024-12-10 19:05:00
604008,青春广场停车场,上虞区,70,0,2024-12-10 19:05:00
604006,供销社停车场,上虞区,106,0,2024-12-10 19:05:00
604004,保驾山停车场,上虞区,37,0,2024-12-10 19:05:00
604005,人民桥下停车场,上虞区,40,0,2024-12-10 19:05:00
604003,信义广场南停车场,上虞区,15,15,2024-12-10 19:05:00
19120915472614497,咪网测试停车场,上虞区,97,100,2024-12-10 19:05:00
604002,梁祝大桥东桥下停车场,上虞区,95,57,2024-12-10 19:05:00
604012,人民桥下2号停车场,上虞区,60,24,2024-12-10 19:05:00
604008,青春广场停车场,上虞区,70,0,2024-12-10 19:00:00
19120915472614497,咪网测试停车场,上虞区,97,100,2024-12-10 19:00:00
604013,第二人民医院停车场,上虞区,350,272,2024-12-10 19:00:00
604004,保驾山停车场,上虞区,37,0,2024-12-10 19:00:00
604007,信义广场北停车场,上虞区,41,38,2024-12-10 19:00:00
604012,人民桥下2号停车场,上虞区,60,24,2024-12-10 19:00:00
604003,信义广场南停车场,上虞区,15,15,2024-12-10 19:00:00
24032610340324759,小越历史街区停车场,上虞区,74,0,2024-12-10 19:00:00
604011,雅图停车场,上虞区,60,0,2024-12-10 19:00:00
604006,供销社停车场,上虞区,106,0,2024-12-10 19:00:00
604005,人民桥下停车场,上虞区,40,0,2024-12-10 19:00:00
604009,保驾山夜排挡停车场,上虞区,106,0,2024-12-10 19:00:00
604002,梁祝大桥东桥下停车场,上虞区,95,57,2024-12-10 19:00:00
604013,第二人民医院停车场,上虞区,350,273,2024-12-10 18:55:00
604003,信义广场南停车场,上虞区,15,15,2024-12-10 18:55:00
604008,青春广场停车场,上虞区,70,0,2024-12-10 18:55:00
19120915472614497,咪网测试停车场,上虞区,97,100,2024-12-10 18:55:00
604004,保驾山停车场,上虞区,37,0,2024-12-10 18:55:00
604011,雅图停车场,上虞区,60,0,2024-12-10 18:55:00
24032610340324759,小越历史街区停车场,上虞区,74,0,2024-12-10 18:55:00
604009,保驾山夜排挡停车场,上虞区,106,0,2024-12-10 18:55:00
604002,梁祝大桥东桥下停车场,上虞区,95,57,2024-12-10 18:55:00
604012,人民桥下2号停车场,上虞区,60,24,2024-12-10 18:55:00
604005,人民桥下停车场,上虞区,40,0,2024-12-10 18:55:00
604006,供销社停车场,上虞区,106,0,2024-12-10 18:55:00
604007,信义广场北停车场,上虞区,41,37,2024-12-10 18:55:00
604009,保驾山夜排挡停车场,上虞区,106,0,2024-12-10 18:50:00
604012,人民桥下2号停车场,上虞区,60,24,2024-12-10 18:50:00
604011,雅图停车场,上虞区,60,0,2024-12-10 18:50:00
19120915472614497,咪网测试停车场,上虞区,97,100,2024-12-10 18:50:00
604005,人民桥下停车场,上虞区,40,0,2024-12-10 18:50:00
24032610340324759,小越历史街区停车场,上虞区,74,0,2024-12-10 18:50:00
604002,梁祝大桥东桥下停车场,上虞区,95,57,2024-12-10 18:50:00
604007,信义广场北停车场,上虞区,41,37,2024-12-10 18:50:00
604004,保驾山停车场,上虞区,37,0,2024-12-10 18:50:00
604006,供销社停车场,上虞区,106,0,2024-12-10 18:50:00
604008,青春广场停车场,上虞区,70,0,2024-12-10 18:50:00
604003,信义广场南停车场,上虞区,15,15,2024-12-10 18:50:00
604013,第二人民医院停车场,上虞区,350,269,2024-12-10 18:50:00
604004,保驾山停车场,上虞区,37,0,2024-12-10 18:45:00
24032610340324759,小越历史街区停车场,上虞区,74,0,2024-12-10 18:45:00
604011,雅图停车场,上虞区,60,0,2024-12-10 18:45:00
604008,青春广场停车场,上虞区,70,0,2024-12-10 18:45:00
604007,信义广场北停车场,上虞区,41,38,2024-12-10 18:45:00
604012,人民桥下2号停车场,上虞区,60,24,2024-12-10 18:45:00
604003,信义广场南停车场,上虞区,15,15,2024-12-10 18:45:00
19120915472614497,咪网测试停车场,上虞区,97,100,2024-12-10 18:45:00
604005,人民桥下停车场,上虞区,40,0,2024-12-10 18:45:00
604002,梁祝大桥东桥下停车场,上虞区,95,57,2024-12-10 18:45:00
604009,保驾山夜排挡停车场,上虞区,106,0,2024-12-10 18:45:00
604013,第二人民医院停车场,上虞区,350,269,2024-12-10 18:45:00
604006,供销社停车场,上虞区,106,0,2024-12-10 18:45:00
19120915472614497,咪网测试停车场,上虞区,97,100,2024-12-10 18:40:00
604007,信义广场北停车场,上虞区,41,38,2024-12-10 18:40:00
24032610340324759,小越历史街区停车场,上虞区,74,0,2024-12-10 18:40:00
604009,保驾山夜排挡停车场,上虞区,106,0,2024-12-10 18:40:00
604011,雅图停车场,上虞区,60,0,2024-12-10 18:40:00
604004,保驾山停车场,上虞区,37,0,2024-12-10 18:40:00
604005,人民桥下停车场,上虞区,40,0,2024-12-10 18:40:00
604006,供销社停车场,上虞区,106,0,2024-12-10 18:40:00
604013,第二人民医院停车场,上虞区,350,269,2024-12-10 18:40:00
604002,梁祝大桥东桥下停车场,上虞区,95,57,2024-12-10 18:40:00
604008,青春广场停车场,上虞区,70,0,2024-12-10 18:40:00
604012,人民桥下2号停车场,上虞区,60,24,2024-12-10 18:40:00
604003,信义广场南停车场,上虞区,15,15,2024-12-10 18:40:00
604005,人民桥下停车场,上虞区,40,0,2024-12-10 18:35:00
604012,人民桥下2号停车场,上虞区,60,24,2024-12-10 18:35:00
604003,信义广场南停车场,上虞区,15,15,2024-12-10 18:35:00
604009,保驾山夜排挡停车场,上虞区,106,0,2024-12-10 18:35:00
604007,信义广场北停车场,上虞区,41,38,2024-12-10 18:35:00
604013,第二人民医院停车场,上虞区,350,269,2024-12-10 18:35:00
604006,供销社停车场,上虞区,106,0,2024-12-10 18:35:00
604008,青春广场停车场,上虞区,70,0,2024-12-10 18:35:00
19120915472614497,咪网测试停车场,上虞区,97,100,2024-12-10 18:35:00
24032610340324759,小越历史街区停车场,上虞区,74,0,2024-12-10 18:35:00
604002,梁祝大桥东桥下停车场,上虞区,95,57,2024-12-10 18:35:00
604011,雅图停车场,上虞区,60,0,2024-12-10 18:35:00
604004,保驾山停车场,上虞区,37,0,2024-12-10 18:35:00
604007,信义广场北停车场,上虞区,41,38,2024-12-10 18:30:00
604012,人民桥下2号停车场,上虞区,60,24,2024-12-10 18:30:00
604013,第二人民医院停车场,上虞区,350,270,2024-12-10 18:30:00
604003,信义广场南停车场,上虞区,15,15,2024-12-10 18:30:00
604002,梁祝大桥东桥下停车场,上虞区,95,57,2024-12-10 18:30:00
604005,人民桥下停车场,上虞区,40,0,2024-12-10 18:30:00
604006,供销社停车场,上虞区,106,0,2024-12-10 18:30:00
604004,保驾山停车场,上虞区,37,0,2024-12-10 18:30:00
604008,青春广场停车场,上虞区,70,0,2024-12-10 18:30:00
19120915472614497,咪网测试停车场,上虞区,97,100,2024-12-10 18:30:00
604009,保驾山夜排挡停车场,上虞区,106,0,2024-12-10 18:30:00
24032610340324759,小越历史街区停车场,上虞区,74,0,2024-12-10 18:30:00
604011,雅图停车场,上虞区,60,0,2024-12-10 18:30:00
604012,人民桥下2号停车场,上虞区,60,24,2024-12-10 18:25:00
604005,人民桥下停车场,上虞区,40,0,2024-12-10 18:25:00
604009,保驾山夜排挡停车场,上虞区,106,0,2024-12-10 18:25:00
19120915472614497,咪网测试停车场,上虞区,97,100,2024-12-10 18:25:00
604002,梁祝大桥东桥下停车场,上虞区,95,57,2024-12-10 18:25:00
604007,信义广场北停车场,上虞区,41,38,2024-12-10 18:25:00
604003,信义广场南停车场,上虞区,15,15,2024-12-10 18:25:00
604013,第二人民医院停车场,上虞区,350,270,2024-12-10 18:25:00
604006,供销社停车场,上虞区,106,0,2024-12-10 18:25:00
604008,青春广场停车场,上虞区,70,0,2024-12-10 18:25:00
604011,雅图停车场,上虞区,60,0,2024-12-10 18:25:00
604004,保驾山停车场,上虞区,37,0,2024-12-10 18:25:00
24032610340324759,小越历史街区停车场,上虞区,74,0,2024-12-10 18:25:00
604006,供销社停车场,上虞区,106,0,2024-12-10 18:20:00
19120915472614497,咪网测试停车场,上虞区,97,100,2024-12-10 18:20:00
604003,信义广场南停车场,上虞区,15,15,2024-12-10 18:20:00
24032610340324759,小越历史街区停车场,上虞区,74,0,2024-12-10 18:20:00
604011,雅图停车场,上虞区,60,0,2024-12-10 18:20:00
604012,人民桥下2号停车场,上虞区,60,24,2024-12-10 18:20:00
604002,梁祝大桥东桥下停车场,上虞区,95,57,2024-12-10 18:20:00
604008,青春广场停车场,上虞区,70,0,2024-12-10 18:20:00
604009,保驾山夜排挡停车场,上虞区,106,0,2024-12-10 18:20:00
604007,信义广场北停车场,上虞区,41,38,2024-12-10 18:20:00
604013,第二人民医院停车场,上虞区,350,270,2024-12-10 18:20:00
604005,人民桥下停车场,上虞区,40,0,2024-12-10 18:20:00
604004,保驾山停车场,上虞区,37,0,2024-12-10 18:20:00
604008,青春广场停车场,上虞区,70,0,2024-12-10 18:15:00
604006,供销社停车场,上虞区,106,0,2024-12-10 18:15:00
19120915472614497,咪网测试停车场,上虞区,97,100,2024-12-10 18:15:00
604002,梁祝大桥东桥下停车场,上虞区,95,57,2024-12-10 18:15:00
604012,人民桥下2号停车场,上虞区,60,24,2024-12-10 18:15:00
604003,信义广场南停车场,上虞区,15,15,2024-12-10 18:15:00
604013,第二人民医院停车场,上虞区,350,273,2024-12-10 18:15:00
604004,保驾山停车场,上虞区,37,0,2024-12-10 18:15:00
604009,保驾山夜排挡停车场,上虞区,106,0,2024-12-10 18:15:00
604007,信义广场北停车场,上虞区,41,38,2024-12-10 18:15:00
604011,雅图停车场,上虞区,60,0,2024-12-10 18:15:00
604005,人民桥下停车场,上虞区,40,0,2024-12-10 18:15:00
24032610340324759,小越历史街区停车场,上虞区,74,0,2024-12-10 18:15:00
604008,青春广场停车场,上虞区,70,0,2024-12-10 18:10:00
604004,保驾山停车场,上虞区,37,0,2024-12-10 18:10:00
604012,人民桥下2号停车场,上虞区,60,24,2024-12-10 18:10:00
604003,信义广场南停车场,上虞区,15,15,2024-12-10 18:10:00
604006,供销社停车场,上虞区,106,0,2024-12-10 18:10:00
24032610340324759,小越历史街区停车场,上虞区,74,0,2024-12-10 18:10:00
604009,保驾山夜排挡停车场,上虞区,106,0,2024-12-10 18:10:00
604013,第二人民医院停车场,上虞区,350,276,2024-12-10 18:10:00
19120915472614497,咪网测试停车场,上虞区,97,100,2024-12-10 18:10:00
604005,人民桥下停车场,上虞区,40,0,2024-12-10 18:10:00
604002,梁祝大桥东桥下停车场,上虞区,95,57,2024-12-10 18:10:00
604007,信义广场北停车场,上虞区,41,38,2024-12-10 18:10:00
604011,雅图停车场,上虞区,60,0,2024-12-10 18:10:00
24032610340324759,小越历史街区停车场,上虞区,74,0,2024-12-10 18:05:00
604011,雅图停车场,上虞区,60,0,2024-12-10 18:05:00
604007,信义广场北停车场,上虞区,41,38,2024-12-10 18:05:00
604013,第二人民医院停车场,上虞区,350,277,2024-12-10 18:05:00
604008,青春广场停车场,上虞区,70,0,2024-12-10 18:05:00
604002,梁祝大桥东桥下停车场,上虞区,95,57,2024-12-10 18:05:00
604012,人民桥下2号停车场,上虞区,60,24,2024-12-10 18:05:00
604005,人民桥下停车场,上虞区,40,0,2024-12-10 18:05:00
604009,保驾山夜排挡停车场,上虞区,106,0,2024-12-10 18:05:00
604003,信义广场南停车场,上虞区,15,15,2024-12-10 18:05:00
19120915472614497,咪网测试停车场,上虞区,97,100,2024-12-10 18:05:00
604006,供销社停车场,上虞区,106,0,2024-12-10 18:05:00
604004,保驾山停车场,上虞区,37,0,2024-12-10 18:05:00
604008,青春广场停车场,上虞区,70,0,2024-12-10 18:00:00
604012,人民桥下2号停车场,上虞区,60,24,2024-12-10 18:00:00
604009,保驾山夜排挡停车场,上虞区,106,0,2024-12-10 18:00:00
604006,供销社停车场,上虞区,106,0,2024-12-10 18:00:00
604007,信义广场北停车场,上虞区,41,38,2024-12-10 18:00:00
604002,梁祝大桥东桥下停车场,上虞区,95,57,2024-12-10 18:00:00
19120915472614497,咪网测试停车场,上虞区,97,100,2024-12-10 18:00:00
604004,保驾山停车场,上虞区,37,0,2024-12-10 18:00:00
604005,人民桥下停车场,上虞区,40,0,2024-12-10 18:00:00
604003,信义广场南停车场,上虞区,15,15,2024-12-10 18:00:00
24032610340324759,小越历史街区停车场,上虞区,74,0,2024-12-10 18:00:00
604011,雅图停车场,上虞区,60,0,2024-12-10 18:00:00
604013,第二人民医院停车场,上虞区,350,276,2024-12-10 18:00:00
604005,人民桥下停车场,上虞区,40,0,2024-12-10 17:55:00
604002,梁祝大桥东桥下停车场,上虞区,95,57,2024-12-10 17:55:00
604013,第二人民医院停车场,上虞区,350,280,2024-12-10 17:55:00
604009,保驾山夜排挡停车场,上虞区,106,0,2024-12-10 17:55:00
604006,供销社停车场,上虞区,106,0,2024-12-10 17:55:00
24032610340324759,小越历史街区停车场,上虞区,74,0,2024-12-10 17:55:00
604008,青春广场停车场,上虞区,70,0,2024-12-10 17:55:00
604004,保驾山停车场,上虞区,37,0,2024-12-10 17:55:00
604011,雅图停车场,上虞区,60,0,2024-12-10 17:55:00
604003,信义广场南停车场,上虞区,15,15,2024-12-10 17:55:00
604007,信义广场北停车场,上虞区,41,38,2024-12-10 17:55:00
19120915472614497,咪网测试停车场,上虞区,97,100,2024-12-10 17:55:00
604012,人民桥下2号停车场,上虞区,60,24,2024-12-10 17:55:00
604013,第二人民医院停车场,上虞区,350,278,2024-12-10 17:50:00
604008,青春广场停车场,上虞区,70,0,2024-12-10 17:50:00
604011,雅图停车场,上虞区,60,0,2024-12-10 17:50:00
604003,信义广场南停车场,上虞区,15,15,2024-12-10 17:50:00
24032610340324759,小越历史街区停车场,上虞区,74,0,2024-12-10 17:50:00
604004,保驾山停车场,上虞区,37,0,2024-12-10 17:50:00
604006,供销社停车场,上虞区,106,0,2024-12-10 17:50:00
604012,人民桥下2号停车场,上虞区,60,24,2024-12-10 17:50:00
604002,梁祝大桥东桥下停车场,上虞区,95,57,2024-12-10 17:50:00
604009,保驾山夜排挡停车场,上虞区,106,0,2024-12-10 17:50:00
19120915472614497,咪网测试停车场,上虞区,97,100,2024-12-10 17:50:00
604007,信义广场北停车场,上虞区,41,38,2024-12-10 17:50:00
604005,人民桥下停车场,上虞区,40,0,2024-12-10 17:50:00
604002,梁祝大桥东桥下停车场,上虞区,95,57,2024-12-10 17:45:00
19120915472614497,咪网测试停车场,上虞区,97,100,2024-12-10 17:45:00
604007,信义广场北停车场,上虞区,41,38,2024-12-10 17:45:00
604004,保驾山停车场,上虞区,37,0,2024-12-10 17:45:00
604009,保驾山夜排挡停车场,上虞区,106,0,2024-12-10 17:45:00
604003,信义广场南停车场,上虞区,15,15,2024-12-10 17:45:00
604012,人民桥下2号停车场,上虞区,60,24,2024-12-10 17:45:00
24032610340324759,小越历史街区停车场,上虞区,74,0,2024-12-10 17:45:00
604006,供销社停车场,上虞区,106,0,2024-12-10 17:45:00
604011,雅图停车场,上虞区,60,0,2024-12-10 17:45:00
604005,人民桥下停车场,上虞区,40,0,2024-12-10 17:45:00
604008,青春广场停车场,上虞区,70,0,2024-12-10 17:45:00
604013,第二人民医院停车场,上虞区,350,278,2024-12-10 17:45:00
604012,人民桥下2号停车场,上虞区,60,24,2024-12-10 17:40:00
24032610340324759,小越历史街区停车场,上虞区,74,0,2024-12-10 17:40:00
604006,供销社停车场,上虞区,106,0,2024-12-10 17:40:00
604008,青春广场停车场,上虞区,70,0,2024-12-10 17:40:00
19120915472614497,咪网测试停车场,上虞区,97,100,2024-12-10 17:40:00
604005,人民桥下停车场,上虞区,40,0,2024-12-10 17:40:00
604007,信义广场北停车场,上虞区,41,38,2024-12-10 17:40:00
604003,信义广场南停车场,上虞区,15,15,2024-12-10 17:40:00
604004,保驾山停车场,上虞区,37,0,2024-12-10 17:40:00
604013,第二人民医院停车场,上虞区,350,280,2024-12-10 17:40:00
604002,梁祝大桥东桥下停车场,上虞区,95,57,2024-12-10 17:40:00
604009,保驾山夜排挡停车场,上虞区,106,0,2024-12-10 17:40:00
604011,雅图停车场,上虞区,60,0,2024-12-10 17:40:00
19120915472614497,咪网测试停车场,上虞区,97,100,2024-12-10 17:35:00
604013,第二人民医院停车场,上虞区,350,274,2024-12-10 17:35:00
604005,人民桥下停车场,上虞区,40,0,2024-12-10 17:35:00
604003,信义广场南停车场,上虞区,15,15,2024-12-10 17:35:00
604002,梁祝大桥东桥下停车场,上虞区,95,57,2024-12-10 17:35:00
604009,保驾山夜排挡停车场,上虞区,106,0,2024-12-10 17:35:00
604011,雅图停车场,上虞区,60,0,2024-12-10 17:35:00
604007,信义广场北停车场,上虞区,41,38,2024-12-10 17:35:00
604008,青春广场停车场,上虞区,70,0,2024-12-10 17:35:00
604004,保驾山停车场,上虞区,37,0,2024-12-10 17:35:00
604006,供销社停车场,上虞区,106,0,2024-12-10 17:35:00
604012,人民桥下2号停车场,上虞区,60,25,2024-12-10 17:35:00
24032610340324759,小越历史街区停车场,上虞区,74,0,2024-12-10 17:35:00
604002,梁祝大桥东桥下停车场,上虞区,95,57,2024-12-10 17:30:00
19120915472614497,咪网测试停车场,上虞区,97,100,2024-12-10 17:30:00
604004,保驾山停车场,上虞区,37,0,2024-12-10 17:30:00
604003,信义广场南停车场,上虞区,15,15,2024-12-10 17:30:00
604012,人民桥下2号停车场,上虞区,60,25,2024-12-10 17:30:00
24032610340324759,小越历史街区停车场,上虞区,74,0,2024-12-10 17:30:00
604013,第二人民医院停车场,上虞区,350,272,2024-12-10 17:30:00
604011,雅图停车场,上虞区,60,0,2024-12-10 17:30:00
604009,保驾山夜排挡停车场,上虞区,106,0,2024-12-10 17:30:00
604006,供销社停车场,上虞区,106,0,2024-12-10 17:30:00
604007,信义广场北停车场,上虞区,41,38,2024-12-10 17:30:00
604008,青春广场停车场,上虞区,70,0,2024-12-10 17:30:00
604005,人民桥下停车场,上虞区,40,0,2024-12-10 17:30:00
604007,信义广场北停车场,上虞区,41,38,2024-12-10 17:25:00
604006,供销社停车场,上虞区,106,0,2024-12-10 17:25:00
604003,信义广场南停车场,上虞区,15,15,2024-12-10 17:25:00
604002,梁祝大桥东桥下停车场,上虞区,95,57,2024-12-10 17:25:00
604005,人民桥下停车场,上虞区,40,0,2024-12-10 17:25:00
604011,雅图停车场,上虞区,60,0,2024-12-10 17:25:00
604009,保驾山夜排挡停车场,上虞区,106,0,2024-12-10 17:25:00
604013,第二人民医院停车场,上虞区,350,274,2024-12-10 17:25:00
604008,青春广场停车场,上虞区,70,0,2024-12-10 17:25:00
24032610340324759,小越历史街区停车场,上虞区,74,0,2024-12-10 17:25:00
19120915472614497,咪网测试停车场,上虞区,97,100,2024-12-10 17:25:00
604004,保驾山停车场,上虞区,37,0,2024-12-10 17:25:00
604012,人民桥下2号停车场,上虞区,60,25,2024-12-10 17:25:00
604007,信义广场北停车场,上虞区,41,38,2024-12-10 17:20:00
604003,信义广场南停车场,上虞区,15,15,2024-12-10 17:20:00
24032610340324759,小越历史街区停车场,上虞区,74,0,2024-12-10 17:20:00
604011,雅图停车场,上虞区,60,0,2024-12-10 17:20:00
604006,供销社停车场,上虞区,106,0,2024-12-10 17:20:00
19120915472614497,咪网测试停车场,上虞区,97,100,2024-12-10 17:20:00
604012,人民桥下2号停车场,上虞区,60,25,2024-12-10 17:20:00
604005,人民桥下停车场,上虞区,40,0,2024-12-10 17:20:00
604008,青春广场停车场,上虞区,70,0,2024-12-10 17:20:00
604013,第二人民医院停车场,上虞区,350,277,2024-12-10 17:20:00
604002,梁祝大桥东桥下停车场,上虞区,95,57,2024-12-10 17:20:00
604009,保驾山夜排挡停车场,上虞区,106,0,2024-12-10 17:20:00
604004,保驾山停车场,上虞区,37,0,2024-12-10 17:20:00
604003,信义广场南停车场,上虞区,15,15,2024-12-10 17:15:00
604008,青春广场停车场,上虞区,70,0,2024-12-10 17:15:00
604005,人民桥下停车场,上虞区,40,0,2024-12-10 17:15:00
604009,保驾山夜排挡停车场,上虞区,106,0,2024-12-10 17:15:00
604013,第二人民医院停车场,上虞区,350,279,2024-12-10 17:15:00
24032610340324759,小越历史街区停车场,上虞区,74,0,2024-12-10 17:15:00
604011,雅图停车场,上虞区,60,0,2024-12-10 17:15:00
604002,梁祝大桥东桥下停车场,上虞区,95,57,2024-12-10 17:15:00
604007,信义广场北停车场,上虞区,41,38,2024-12-10 17:15:00
604012,人民桥下2号停车场,上虞区,60,25,2024-12-10 17:15:00
604004,保驾山停车场,上虞区,37,0,2024-12-10 17:15:00
19120915472614497,咪网测试停车场,上虞区,97,100,2024-12-10 17:15:00
604006,供销社停车场,上虞区,106,0,2024-12-10 17:15:00
604006,供销社停车场,上虞区,106,0,2024-12-10 17:10:00
604007,信义广场北停车场,上虞区,41,38,2024-12-10 17:10:00
604011,雅图停车场,上虞区,60,0,2024-12-10 17:10:00
604003,信义广场南停车场,上虞区,15,15,2024-12-10 17:10:00
604008,青春广场停车场,上虞区,70,0,2024-12-10 17:10:00
19120915472614497,咪网测试停车场,上虞区,97,100,2024-12-10 17:10:00
604013,第二人民医院停车场,上虞区,350,274,2024-12-10 17:10:00
24032610340324759,小越历史街区停车场,上虞区,74,0,2024-12-10 17:10:00
604005,人民桥下停车场,上虞区,40,0,2024-12-10 17:10:00
604009,保驾山夜排挡停车场,上虞区,106,0,2024-12-10 17:10:00
604012,人民桥下2号停车场,上虞区,60,25,2024-12-10 17:10:00
604004,保驾山停车场,上虞区,37,0,2024-12-10 17:10:00
604002,梁祝大桥东桥下停车场,上虞区,95,57,2024-12-10 17:10:00
604012,人民桥下2号停车场,上虞区,60,25,2024-12-10 17:05:00
604004,保驾山停车场,上虞区,37,0,2024-12-10 17:05:00
604002,梁祝大桥东桥下停车场,上虞区,95,57,2024-12-10 17:05:00
604009,保驾山夜排挡停车场,上虞区,106,0,2024-12-10 17:05:00
604005,人民桥下停车场,上虞区,40,0,2024-12-10 17:05:00
604003,信义广场南停车场,上虞区,15,15,2024-12-10 17:05:00
604006,供销社停车场,上虞区,106,0,2024-12-10 17:05:00
604013,第二人民医院停车场,上虞区,350,272,2024-12-10 17:05:00
19120915472614497,咪网测试停车场,上虞区,97,100,2024-12-10 17:05:00
604007,信义广场北停车场,上虞区,41,38,2024-12-10 17:05:00
24032610340324759,小越历史街区停车场,上虞区,74,0,2024-12-10 17:05:00
604008,青春广场停车场,上虞区,70,0,2024-12-10 17:05:00
604011,雅图停车场,上虞区,60,0,2024-12-10 17:05:00
604004,保驾山停车场,上虞区,37,0,2024-12-10 17:00:00
604006,供销社停车场,上虞区,106,0,2024-12-10 17:00:00
19120915472614497,咪网测试停车场,上虞区,97,100,2024-12-10 17:00:00
604013,第二人民医院停车场,上虞区,350,271,2024-12-10 17:00:00
604008,青春广场停车场,上虞区,70,0,2024-12-10 17:00:00
24032610340324759,小越历史街区停车场,上虞区,74,0,2024-12-10 17:00:00
604012,人民桥下2号停车场,上虞区,60,25,2024-12-10 17:00:00
604003,信义广场南停车场,上虞区,15,15,2024-12-10 17:00:00
604002,梁祝大桥东桥下停车场,上虞区,95,57,2024-12-10 17:00:00
604007,信义广场北停车场,上虞区,41,38,2024-12-10 17:00:00
604005,人民桥下停车场,上虞区,40,0,2024-12-10 17:00:00
604009,保驾山夜排挡停车场,上虞区,106,0,2024-12-10 17:00:00
604011,雅图停车场,上虞区,60,0,2024-12-10 17:00:00
604008,青春广场停车场,上虞区,70,0,2024-12-10 16:55:00
604013,第二人民医院停车场,上虞区,350,263,2024-12-10 16:55:00
604003,信义广场南停车场,上虞区,15,15,2024-12-10 16:55:00
604009,保驾山夜排挡停车场,上虞区,106,0,2024-12-10 16:55:00
604007,信义广场北停车场,上虞区,41,38,2024-12-10 16:55:00
604005,人民桥下停车场,上虞区,40,0,2024-12-10 16:55:00
604011,雅图停车场,上虞区,60,0,2024-12-10 16:55:00
604012,人民桥下2号停车场,上虞区,60,24,2024-12-10 16:55:00
604004,保驾山停车场,上虞区,37,0,2024-12-10 16:55:00
604002,梁祝大桥东桥下停车场,上虞区,95,57,2024-12-10 16:55:00
604006,供销社停车场,上虞区,106,0,2024-12-10 16:55:00
24032610340324759,小越历史街区停车场,上虞区,74,0,2024-12-10 16:55:00
19120915472614497,咪网测试停车场,上虞区,97,100,2024-12-10 16:55:00
604004,保驾山停车场,上虞区,37,0,2024-12-10 16:50:00
24032610340324759,小越历史街区停车场,上虞区,74,0,2024-12-10 16:50:00
604006,供销社停车场,上虞区,106,0,2024-12-10 16:50:00
604007,信义广场北停车场,上虞区,41,38,2024-12-10 16:50:00
604008,青春广场停车场,上虞区,70,0,2024-12-10 16:50:00
604012,人民桥下2号停车场,上虞区,60,24,2024-12-10 16:50:00
604002,梁祝大桥东桥下停车场,上虞区,95,57,2024-12-10 16:50:00
19120915472614497,咪网测试停车场,上虞区,97,100,2024-12-10 16:50:00
604013,第二人民医院停车场,上虞区,350,256,2024-12-10 16:50:00
604009,保驾山夜排挡停车场,上虞区,106,0,2024-12-10 16:50:00
604005,人民桥下停车场,上虞区,40,0,2024-12-10 16:50:00
604003,信义广场南停车场,上虞区,15,15,2024-12-10 16:50:00
604011,雅图停车场,上虞区,60,0,2024-12-10 16:50:00
604012,人民桥下2号停车场,上虞区,60,24,2024-12-10 16:45:00
604003,信义广场南停车场,上虞区,15,15,2024-12-10 16:45:00
24032610340324759,小越历史街区停车场,上虞区,74,0,2024-12-10 16:45:00
604007,信义广场北停车场,上虞区,41,38,2024-12-10 16:45:00
604002,梁祝大桥东桥下停车场,上虞区,95,57,2024-12-10 16:45:00
604004,保驾山停车场,上虞区,37,0,2024-12-10 16:45:00
604008,青春广场停车场,上虞区,70,0,2024-12-10 16:45:00
604005,人民桥下停车场,上虞区,40,0,2024-12-10 16:45:00
604006,供销社停车场,上虞区,106,0,2024-12-10 16:45:00
604011,雅图停车场,上虞区,60,0,2024-12-10 16:45:00
19120915472614497,咪网测试停车场,上虞区,97,100,2024-12-10 16:45:00
604009,保驾山夜排挡停车场,上虞区,106,0,2024-12-10 16:45:00
604013,第二人民医院停车场,上虞区,350,249,2024-12-10 16:45:00
604011,雅图停车场,上虞区,60,0,2024-12-10 16:40:00
604009,保驾山夜排挡停车场,上虞区,106,0,2024-12-10 16:40:00
19120915472614497,咪网测试停车场,上虞区,97,100,2024-12-10 16:40:00
604012,人民桥下2号停车场,上虞区,60,24,2024-12-10 16:40:00
24032610340324759,小越历史街区停车场,上虞区,74,0,2024-12-10 16:40:00
604004,保驾山停车场,上虞区,37,0,2024-12-10 16:40:00
604002,梁祝大桥东桥下停车场,上虞区,95,57,2024-12-10 16:40:00
604006,供销社停车场,上虞区,106,0,2024-12-10 16:40:00
604005,人民桥下停车场,上虞区,40,0,2024-12-10 16:40:00
604007,信义广场北停车场,上虞区,41,38,2024-12-10 16:40:00
604003,信义广场南停车场,上虞区,15,15,2024-12-10 16:40:00
604008,青春广场停车场,上虞区,70,0,2024-12-10 16:40:00
604013,第二人民医院停车场,上虞区,350,246,2024-12-10 16:40:00
604011,雅图停车场,上虞区,60,0,2024-12-10 16:35:00
604007,信义广场北停车场,上虞区,41,38,2024-12-10 16:35:00
604006,供销社停车场,上虞区,106,0,2024-12-10 16:35:00
604008,青春广场停车场,上虞区,70,0,2024-12-10 16:35:00
604003,信义广场南停车场,上虞区,15,15,2024-12-10 16:35:00
604004,保驾山停车场,上虞区,37,0,2024-12-10 16:35:00
604005,人民桥下停车场,上虞区,40,0,2024-12-10 16:35:00
24032610340324759,小越历史街区停车场,上虞区,74,0,2024-12-10 16:35:00
604009,保驾山夜排挡停车场,上虞区,106,0,2024-12-10 16:35:00
604002,梁祝大桥东桥下停车场,上虞区,95,57,2024-12-10 16:35:00
19120915472614497,咪网测试停车场,上虞区,97,100,2024-12-10 16:35:00
604012,人民桥下2号停车场,上虞区,60,24,2024-12-10 16:35:00
604013,第二人民医院停车场,上虞区,350,220,2024-12-10 16:35:00
604008,青春广场停车场,上虞区,70,0,2024-12-10 16:30:00
19120915472614497,咪网测试停车场,上虞区,97,100,2024-12-10 16:30:00
604004,保驾山停车场,上虞区,37,0,2024-12-10 16:30:00
604012,人民桥下2号停车场,上虞区,60,24,2024-12-10 16:30:00
604011,雅图停车场,上虞区,60,0,2024-12-10 16:30:00
24032610340324759,小越历史街区停车场,上虞区,74,0,2024-12-10 16:30:00
604002,梁祝大桥东桥下停车场,上虞区,95,57,2024-12-10 16:30:00
604006,供销社停车场,上虞区,106,0,2024-12-10 16:30:00
604003,信义广场南停车场,上虞区,15,15,2024-12-10 16:30:00
604005,人民桥下停车场,上虞区,40,0,2024-12-10 16:30:00
604009,保驾山夜排挡停车场,上虞区,106,0,2024-12-10 16:30:00
604007,信义广场北停车场,上虞区,41,38,2024-12-10 16:30:00
604013,第二人民医院停车场,上虞区,350,183,2024-12-10 16:30:00
24032610340324759,小越历史街区停车场,上虞区,74,0,2024-12-10 16:25:00
604002,梁祝大桥东桥下停车场,上虞区,95,57,2024-12-10 16:25:00
604005,人民桥下停车场,上虞区,40,0,2024-12-10 16:25:00
604004,保驾山停车场,上虞区,37,0,2024-12-10 16:25:00
604006,供销社停车场,上虞区,106,0,2024-12-10 16:25:00
604003,信义广场南停车场,上虞区,15,15,2024-12-10 16:25:00
604012,人民桥下2号停车场,上虞区,60,24,2024-12-10 16:25:00
604011,雅图停车场,上虞区,60,0,2024-12-10 16:25:00
19120915472614497,咪网测试停车场,上虞区,97,100,2024-12-10 16:25:00
604009,保驾山夜排挡停车场,上虞区,106,0,2024-12-10 16:25:00
604008,青春广场停车场,上虞区,70,0,2024-12-10 16:25:00
604007,信义广场北停车场,上虞区,41,38,2024-12-10 16:25:00
604013,第二人民医院停车场,上虞区,350,158,2024-12-10 16:25:00
604009,保驾山夜排挡停车场,上虞区,106,0,2024-12-10 16:20:00
604005,人民桥下停车场,上虞区,40,0,2024-12-10 16:20:00
604007,信义广场北停车场,上虞区,41,38,2024-12-10 16:20:00
604008,青春广场停车场,上虞区,70,0,2024-12-10 16:20:00
604003,信义广场南停车场,上虞区,15,15,2024-12-10 16:20:00
19120915472614497,咪网测试停车场,上虞区,97,100,2024-12-10 16:20:00
604013,第二人民医院停车场,上虞区,350,138,2024-12-10 16:20:00
604011,雅图停车场,上虞区,60,0,2024-12-10 16:20:00
604004,保驾山停车场,上虞区,37,0,2024-12-10 16:20:00
604012,人民桥下2号停车场,上虞区,60,24,2024-12-10 16:20:00
24032610340324759,小越历史街区停车场,上虞区,74,0,2024-12-10 16:20:00
604006,供销社停车场,上虞区,106,0,2024-12-10 16:20:00
604002,梁祝大桥东桥下停车场,上虞区,95,57,2024-12-10 16:20:00
604012,人民桥下2号停车场,上虞区,60,24,2024-12-10 16:15:00
604006,供销社停车场,上虞区,106,0,2024-12-10 16:15:00
604011,雅图停车场,上虞区,60,0,2024-12-10 16:15:00
604013,第二人民医院停车场,上虞区,350,125,2024-12-10 16:15:00
604007,信义广场北停车场,上虞区,41,38,2024-12-10 16:15:00
24032610340324759,小越历史街区停车场,上虞区,74,0,2024-12-10 16:15:00
604005,人民桥下停车场,上虞区,40,0,2024-12-10 16:15:00
19120915472614497,咪网测试停车场,上虞区,97,100,2024-12-10 16:15:00
604008,青春广场停车场,上虞区,70,0,2024-12-10 16:15:00
604002,梁祝大桥东桥下停车场,上虞区,95,57,2024-12-10 16:15:00
604004,保驾山停车场,上虞区,37,0,2024-12-10 16:15:00
604009,保驾山夜排挡停车场,上虞区,106,0,2024-12-10 16:15:00
604003,信义广场南停车场,上虞区,15,15,2024-12-10 16:15:00
604007,信义广场北停车场,上虞区,41,38,2024-12-10 16:10:00
24032610340324759,小越历史街区停车场,上虞区,74,0,2024-12-10 16:10:00
604012,人民桥下2号停车场,上虞区,60,24,2024-12-10 16:10:00
604011,雅图停车场,上虞区,60,0,2024-12-10 16:10:00
604005,人民桥下停车场,上虞区,40,0,2024-12-10 16:10:00
604003,信义广场南停车场,上虞区,15,15,2024-12-10 16:10:00
604002,梁祝大桥东桥下停车场,上虞区,95,57,2024-12-10 16:10:00
604006,供销社停车场,上虞区,106,0,2024-12-10 16:10:00
604008,青春广场停车场,上虞区,70,0,2024-12-10 16:10:00
19120915472614497,咪网测试停车场,上虞区,97,100,2024-12-10 16:10:00
604013,第二人民医院停车场,上虞区,350,117,2024-12-10 16:10:00
604009,保驾山夜排挡停车场,上虞区,106,0,2024-12-10 16:10:00
604004,保驾山停车场,上虞区,37,0,2024-12-10 16:10:00
604008,青春广场停车场,上虞区,70,0,2024-12-10 16:05:00
19120915472614497,咪网测试停车场,上虞区,97,100,2024-12-10 16:05:00
604006,供销社停车场,上虞区,106,0,2024-12-10 16:05:00
604013,第二人民医院停车场,上虞区,350,114,2024-12-10 16:05:00
604002,梁祝大桥东桥下停车场,上虞区,95,57,2024-12-10 16:05:00
604004,保驾山停车场,上虞区,37,0,2024-12-10 16:05:00
604003,信义广场南停车场,上虞区,15,15,2024-12-10 16:05:00
604009,保驾山夜排挡停车场,上虞区,106,0,2024-12-10 16:05:00
604012,人民桥下2号停车场,上虞区,60,24,2024-12-10 16:05:00
604011,雅图停车场,上虞区,60,0,2024-12-10 16:05:00
24032610340324759,小越历史街区停车场,上虞区,74,0,2024-12-10 16:05:00
604007,信义广场北停车场,上虞区,41,38,2024-12-10 16:05:00
604005,人民桥下停车场,上虞区,40,0,2024-12-10 16:05:00
604008,青春广场停车场,上虞区,70,0,2024-12-10 16:00:00
604006,供销社停车场,上虞区,106,0,2024-12-10 16:00:00
604004,保驾山停车场,上虞区,37,0,2024-12-10 16:00:00
24032610340324759,小越历史街区停车场,上虞区,74,0,2024-12-10 16:00:00
19120915472614497,咪网测试停车场,上虞区,97,100,2024-12-10 16:00:00
604005,人民桥下停车场,上虞区,40,0,2024-12-10 16:00:00
604003,信义广场南停车场,上虞区,15,15,2024-12-10 16:00:00
604002,梁祝大桥东桥下停车场,上虞区,95,57,2024-12-10 16:00:00
604013,第二人民医院停车场,上虞区,350,104,2024-12-10 16:00:00
604007,信义广场北停车场,上虞区,41,38,2024-12-10 16:00:00
604012,人民桥下2号停车场,上虞区,60,24,2024-12-10 16:00:00
604009,保驾山夜排挡停车场,上虞区,106,0,2024-12-10 16:00:00
604011,雅图停车场,上虞区,60,0,2024-12-10 16:00:00
604011,雅图停车场,上虞区,60,0,2024-12-10 15:55:00
604002,梁祝大桥东桥下停车场,上虞区,95,57,2024-12-10 15:55:00
604005,人民桥下停车场,上虞区,40,0,2024-12-10 15:55:00
604003,信义广场南停车场,上虞区,15,15,2024-12-10 15:55:00
19120915472614497,咪网测试停车场,上虞区,97,100,2024-12-10 15:55:00
604006,供销社停车场,上虞区,106,0,2024-12-10 15:55:00
24032610340324759,小越历史街区停车场,上虞区,74,0,2024-12-10 15:55:00
604012,人民桥下2号停车场,上虞区,60,24,2024-12-10 15:55:00
604004,保驾山停车场,上虞区,37,0,2024-12-10 15:55:00
604008,青春广场停车场,上虞区,70,0,2024-12-10 15:55:00
604007,信义广场北停车场,上虞区,41,38,2024-12-10 15:55:00
604013,第二人民医院停车场,上虞区,350,104,2024-12-10 15:55:00
604009,保驾山夜排挡停车场,上虞区,106,0,2024-12-10 15:55:00
24032610340324759,小越历史街区停车场,上虞区,74,0,2024-12-10 15:50:00
604002,梁祝大桥东桥下停车场,上虞区,95,57,2024-12-10 15:50:00
604009,保驾山夜排挡停车场,上虞区,106,0,2024-12-10 15:50:00
604003,信义广场南停车场,上虞区,15,15,2024-12-10 15:50:00
604004,保驾山停车场,上虞区,37,0,2024-12-10 15:50:00
604008,青春广场停车场,上虞区,70,0,2024-12-10 15:50:00
604013,第二人民医院停车场,上虞区,350,102,2024-12-10 15:50:00
604006,供销社停车场,上虞区,106,0,2024-12-10 15:50:00
604012,人民桥下2号停车场,上虞区,60,24,2024-12-10 15:50:00
604011,雅图停车场,上虞区,60,0,2024-12-10 15:50:00
604007,信义广场北停车场,上虞区,41,38,2024-12-10 15:50:00
19120915472614497,咪网测试停车场,上虞区,97,100,2024-12-10 15:50:00
604005,人民桥下停车场,上虞区,40,0,2024-12-10 15:50:00
604008,青春广场停车场,上虞区,70,0,2024-12-10 15:45:00
604003,信义广场南停车场,上虞区,15,15,2024-12-10 15:45:00
604012,人民桥下2号停车场,上虞区,60,24,2024-12-10 15:45:00
604007,信义广场北停车场,上虞区,41,38,2024-12-10 15:45:00
604006,供销社停车场,上虞区,106,0,2024-12-10 15:45:00
24032610340324759,小越历史街区停车场,上虞区,74,0,2024-12-10 15:45:00
19120915472614497,咪网测试停车场,上虞区,97,100,2024-12-10 15:45:00
604009,保驾山夜排挡停车场,上虞区,106,0,2024-12-10 15:45:00
604004,保驾山停车场,上虞区,37,0,2024-12-10 15:45:00
604005,人民桥下停车场,上虞区,40,0,2024-12-10 15:45:00
604011,雅图停车场,上虞区,60,0,2024-12-10 15:45:00
604013,第二人民医院停车场,上虞区,350,101,2024-12-10 15:45:00
604002,梁祝大桥东桥下停车场,上虞区,95,56,2024-12-10 15:45:00
604002,梁祝大桥东桥下停车场,上虞区,95,56,2024-12-10 15:40:00
604006,供销社停车场,上虞区,106,0,2024-12-10 15:40:00
24032610340324759,小越历史街区停车场,上虞区,74,0,2024-12-10 15:40:00
604007,信义广场北停车场,上虞区,41,38,2024-12-10 15:40:00
604004,保驾山停车场,上虞区,37,0,2024-12-10 15:40:00
604013,第二人民医院停车场,上虞区,350,94,2024-12-10 15:40:00
604005,人民桥下停车场,上虞区,40,0,2024-12-10 15:40:00
604011,雅图停车场,上虞区,60,0,2024-12-10 15:40:00
19120915472614497,咪网测试停车场,上虞区,97,100,2024-12-10 15:40:00
604003,信义广场南停车场,上虞区,15,15,2024-12-10 15:40:00
604012,人民桥下2号停车场,上虞区,60,24,2024-12-10 15:40:00
604008,青春广场停车场,上虞区,70,0,2024-12-10 15:40:00
604009,保驾山夜排挡停车场,上虞区,106,0,2024-12-10 15:40:00
604009,保驾山夜排挡停车场,上虞区,106,0,2024-12-10 15:35:00
604007,信义广场北停车场,上虞区,41,38,2024-12-10 15:35:00
604003,信义广场南停车场,上虞区,15,15,2024-12-10 15:35:00
604011,雅图停车场,上虞区,60,0,2024-12-10 15:35:00
604005,人民桥下停车场,上虞区,40,0,2024-12-10 15:35:00
604004,保驾山停车场,上虞区,37,0,2024-12-10 15:35:00
24032610340324759,小越历史街区停车场,上虞区,74,0,2024-12-10 15:35:00
604013,第二人民医院停车场,上虞区,350,98,2024-12-10 15:35:00
604012,人民桥下2号停车场,上虞区,60,24,2024-12-10 15:35:00
19120915472614497,咪网测试停车场,上虞区,97,100,2024-12-10 15:35:00
604006,供销社停车场,上虞区,106,0,2024-12-10 15:35:00
604002,梁祝大桥东桥下停车场,上虞区,95,56,2024-12-10 15:35:00
604008,青春广场停车场,上虞区,70,0,2024-12-10 15:35:00
604007,信义广场北停车场,上虞区,41,38,2024-12-10 15:30:00
604004,保驾山停车场,上虞区,37,0,2024-12-10 15:30:00
604009,保驾山夜排挡停车场,上虞区,106,0,2024-12-10 15:30:00
604003,信义广场南停车场,上虞区,15,15,2024-12-10 15:30:00
604002,梁祝大桥东桥下停车场,上虞区,95,56,2024-12-10 15:30:00
604005,人民桥下停车场,上虞区,40,0,2024-12-10 15:30:00
604013,第二人民医院停车场,上虞区,350,93,2024-12-10 15:30:00
604006,供销社停车场,上虞区,106,0,2024-12-10 15:30:00
604012,人民桥下2号停车场,上虞区,60,24,2024-12-10 15:30:00
19120915472614497,咪网测试停车场,上虞区,97,100,2024-12-10 15:30:00
24032610340324759,小越历史街区停车场,上虞区,74,0,2024-12-10 15:30:00
604008,青春广场停车场,上虞区,70,0,2024-12-10 15:30:00
604011,雅图停车场,上虞区,60,0,2024-12-10 15:30:00
604003,信义广场南停车场,上虞区,15,15,2024-12-10 15:25:00
604011,雅图停车场,上虞区,60,0,2024-12-10 15:25:00
19120915472614497,咪网测试停车场,上虞区,97,100,2024-12-10 15:25:00
24032610340324759,小越历史街区停车场,上虞区,74,0,2024-12-10 15:25:00
604002,梁祝大桥东桥下停车场,上虞区,95,56,2024-12-10 15:25:00
604006,供销社停车场,上虞区,106,0,2024-12-10 15:25:00
604012,人民桥下2号停车场,上虞区,60,24,2024-12-10 15:25:00
604007,信义广场北停车场,上虞区,41,38,2024-12-10 15:25:00
604013,第二人民医院停车场,上虞区,350,91,2024-12-10 15:25:00
604005,人民桥下停车场,上虞区,40,0,2024-12-10 15:25:00
604004,保驾山停车场,上虞区,37,0,2024-12-10 15:25:00
604008,青春广场停车场,上虞区,70,0,2024-12-10 15:25:00
604009,保驾山夜排挡停车场,上虞区,106,0,2024-12-10 15:25:00
604004,保驾山停车场,上虞区,37,0,2024-12-10 15:20:00
604008,青春广场停车场,上虞区,70,0,2024-12-10 15:20:00
604006,供销社停车场,上虞区,106,0,2024-12-10 15:20:00
604013,第二人民医院停车场,上虞区,350,95,2024-12-10 15:20:00
24032610340324759,小越历史街区停车场,上虞区,74,0,2024-12-10 15:20:00
604009,保驾山夜排挡停车场,上虞区,106,0,2024-12-10 15:20:00
19120915472614497,咪网测试停车场,上虞区,97,100,2024-12-10 15:20:00
604011,雅图停车场,上虞区,60,0,2024-12-10 15:20:00
604003,信义广场南停车场,上虞区,15,15,2024-12-10 15:20:00
604002,梁祝大桥东桥下停车场,上虞区,95,55,2024-12-10 15:20:00
604012,人民桥下2号停车场,上虞区,60,24,2024-12-10 15:20:00
604007,信义广场北停车场,上虞区,41,38,2024-12-10 15:20:00
604005,人民桥下停车场,上虞区,40,0,2024-12-10 15:20:00
24032610340324759,小越历史街区停车场,上虞区,74,0,2024-12-10 15:15:00
604002,梁祝大桥东桥下停车场,上虞区,95,55,2024-12-10 15:15:00
604005,人民桥下停车场,上虞区,40,0,2024-12-10 15:15:00
604012,人民桥下2号停车场,上虞区,60,24,2024-12-10 15:15:00
604011,雅图停车场,上虞区,60,0,2024-12-10 15:15:00
604009,保驾山夜排挡停车场,上虞区,106,0,2024-12-10 15:15:00
604008,青春广场停车场,上虞区,70,0,2024-12-10 15:15:00
604006,供销社停车场,上虞区,106,0,2024-12-10 15:15:00
604007,信义广场北停车场,上虞区,41,37,2024-12-10 15:15:00
19120915472614497,咪网测试停车场,上虞区,97,100,2024-12-10 15:15:00
604004,保驾山停车场,上虞区,37,0,2024-12-10 15:15:00
604013,第二人民医院停车场,上虞区,350,97,2024-12-10 15:15:00
604003,信义广场南停车场,上虞区,15,15,2024-12-10 15:15:00
604002,梁祝大桥东桥下停车场,上虞区,95,55,2024-12-10 15:10:00
604005,人民桥下停车场,上虞区,40,0,2024-12-10 15:10:00
604007,信义广场北停车场,上虞区,41,35,2024-12-10 15:10:00
19120915472614497,咪网测试停车场,上虞区,97,100,2024-12-10 15:10:00
604013,第二人民医院停车场,上虞区,350,96,2024-12-10 15:10:00
604011,雅图停车场,上虞区,60,0,2024-12-10 15:10:00
604008,青春广场停车场,上虞区,70,0,2024-12-10 15:10:00
604009,保驾山夜排挡停车场,上虞区,106,0,2024-12-10 15:10:00
604012,人民桥下2号停车场,上虞区,60,24,2024-12-10 15:10:00
604004,保驾山停车场,上虞区,37,0,2024-12-10 15:10:00
604006,供销社停车场,上虞区,106,0,2024-12-10 15:10:00
604003,信义广场南停车场,上虞区,15,15,2024-12-10 15:10:00
24032610340324759,小越历史街区停车场,上虞区,74,0,2024-12-10 15:10:00
604006,供销社停车场,上虞区,106,0,2024-12-10 15:05:00
24032610340324759,小越历史街区停车场,上虞区,74,0,2024-12-10 15:05:00
604009,保驾山夜排挡停车场,上虞区,106,0,2024-12-10 15:05:00
604013,第二人民医院停车场,上虞区,350,97,2024-12-10 15:05:00
604004,保驾山停车场,上虞区,37,0,2024-12-10 15:05:00
604005,人民桥下停车场,上虞区,40,0,2024-12-10 15:05:00
604003,信义广场南停车场,上虞区,15,15,2024-12-10 15:05:00
604002,梁祝大桥东桥下停车场,上虞区,95,55,2024-12-10 15:05:00
604007,信义广场北停车场,上虞区,41,37,2024-12-10 15:05:00
19120915472614497,咪网测试停车场,上虞区,97,100,2024-12-10 15:05:00
604012,人民桥下2号停车场,上虞区,60,24,2024-12-10 15:05:00
604008,青春广场停车场,上虞区,70,0,2024-12-10 15:05:00
604011,雅图停车场,上虞区,60,0,2024-12-10 15:05:00
604013,第二人民医院停车场,上虞区,350,95,2024-12-10 15:00:00
604004,保驾山停车场,上虞区,37,0,2024-12-10 15:00:00
19120915472614497,咪网测试停车场,上虞区,97,100,2024-12-10 15:00:00
604005,人民桥下停车场,上虞区,40,0,2024-12-10 15:00:00
604007,信义广场北停车场,上虞区,41,37,2024-12-10 15:00:00
604003,信义广场南停车场,上虞区,15,15,2024-12-10 15:00:00
604002,梁祝大桥东桥下停车场,上虞区,95,55,2024-12-10 15:00:00
604006,供销社停车场,上虞区,106,0,2024-12-10 15:00:00
604008,青春广场停车场,上虞区,70,0,2024-12-10 15:00:00
604012,人民桥下2号停车场,上虞区,60,24,2024-12-10 15:00:00
604009,保驾山夜排挡停车场,上虞区,106,0,2024-12-10 15:00:00
24032610340324759,小越历史街区停车场,上虞区,74,0,2024-12-10 15:00:00
604011,雅图停车场,上虞区,60,0,2024-12-10 15:00:00
24032610340324759,小越历史街区停车场,上虞区,74,0,2024-12-10 14:55:00
604006,供销社停车场,上虞区,106,0,2024-12-10 14:55:00
604003,信义广场南停车场,上虞区,15,15,2024-12-10 14:55:00
604013,第二人民医院停车场,上虞区,350,91,2024-12-10 14:55:00
604007,信义广场北停车场,上虞区,41,37,2024-12-10 14:55:00
604008,青春广场停车场,上虞区,70,0,2024-12-10 14:55:00
604012,人民桥下2号停车场,上虞区,60,24,2024-12-10 14:55:00
604002,梁祝大桥东桥下停车场,上虞区,95,55,2024-12-10 14:55:00
604011,雅图停车场,上虞区,60,0,2024-12-10 14:55:00
604009,保驾山夜排挡停车场,上虞区,106,0,2024-12-10 14:55:00
604004,保驾山停车场,上虞区,37,0,2024-12-10 14:55:00
19120915472614497,咪网测试停车场,上虞区,97,100,2024-12-10 14:55:00
604005,人民桥下停车场,上虞区,40,0,2024-12-10 14:55:00
604008,青春广场停车场,上虞区,70,0,2024-12-10 14:50:00
604006,供销社停车场,上虞区,106,0,2024-12-10 14:50:00
604005,人民桥下停车场,上虞区,40,0,2024-12-10 14:50:00
604009,保驾山夜排挡停车场,上虞区,106,0,2024-12-10 14:50:00
604007,信义广场北停车场,上虞区,41,37,2024-12-10 14:50:00
604004,保驾山停车场,上虞区,37,0,2024-12-10 14:50:00
604002,梁祝大桥东桥下停车场,上虞区,95,55,2024-12-10 14:50:00
604003,信义广场南停车场,上虞区,15,15,2024-12-10 14:50:00
24032610340324759,小越历史街区停车场,上虞区,74,0,2024-12-10 14:50:00
604011,雅图停车场,上虞区,60,0,2024-12-10 14:50:00
604013,第二人民医院停车场,上虞区,350,88,2024-12-10 14:50:00
604012,人民桥下2号停车场,上虞区,60,24,2024-12-10 14:50:00
19120915472614497,咪网测试停车场,上虞区,97,100,2024-12-10 14:50:00
604006,供销社停车场,上虞区,106,0,2024-12-10 14:45:00
604005,人民桥下停车场,上虞区,40,0,2024-12-10 14:45:00
604003,信义广场南停车场,上虞区,15,15,2024-12-10 14:45:00
604013,第二人民医院停车场,上虞区,350,83,2024-12-10 14:45:00
604007,信义广场北停车场,上虞区,41,35,2024-12-10 14:45:00
604012,人民桥下2号停车场,上虞区,60,24,2024-12-10 14:45:00
19120915472614497,咪网测试停车场,上虞区,97,100,2024-12-10 14:45:00
24032610340324759,小越历史街区停车场,上虞区,74,0,2024-12-10 14:45:00
604009,保驾山夜排挡停车场,上虞区,106,0,2024-12-10 14:45:00
604004,保驾山停车场,上虞区,37,0,2024-12-10 14:45:00
604008,青春广场停车场,上虞区,70,0,2024-12-10 14:45:00
604002,梁祝大桥东桥下停车场,上虞区,95,56,2024-12-10 14:45:00
604011,雅图停车场,上虞区,60,0,2024-12-10 14:45:00
604008,青春广场停车场,上虞区,70,0,2024-12-10 14:40:00
604006,供销社停车场,上虞区,106,0,2024-12-10 14:40:00
604005,人民桥下停车场,上虞区,40,0,2024-12-10 14:40:00
24032610340324759,小越历史街区停车场,上虞区,74,0,2024-12-10 14:40:00
604003,信义广场南停车场,上虞区,15,15,2024-12-10 14:40:00
604012,人民桥下2号停车场,上虞区,60,24,2024-12-10 14:40:00
604009,保驾山夜排挡停车场,上虞区,106,0,2024-12-10 14:40:00
604004,保驾山停车场,上虞区,37,0,2024-12-10 14:40:00
604013,第二人民医院停车场,上虞区,350,81,2024-12-10 14:40:00
604011,雅图停车场,上虞区,60,0,2024-12-10 14:40:00
604007,信义广场北停车场,上虞区,41,35,2024-12-10 14:40:00
604002,梁祝大桥东桥下停车场,上虞区,95,56,2024-12-10 14:40:00
19120915472614497,咪网测试停车场,上虞区,97,100,2024-12-10 14:40:00
24032610340324759,小越历史街区停车场,上虞区,74,0,2024-12-10 14:35:00
604005,人民桥下停车场,上虞区,40,0,2024-12-10 14:35:00
604002,梁祝大桥东桥下停车场,上虞区,95,56,2024-12-10 14:35:00
19120915472614497,咪网测试停车场,上虞区,97,100,2024-12-10 14:35:00
604012,人民桥下2号停车场,上虞区,60,24,2024-12-10 14:35:00
604009,保驾山夜排挡停车场,上虞区,106,0,2024-12-10 14:35:00
604006,供销社停车场,上虞区,106,0,2024-12-10 14:35:00
604003,信义广场南停车场,上虞区,15,15,2024-12-10 14:35:00
604004,保驾山停车场,上虞区,37,0,2024-12-10 14:35:00
604007,信义广场北停车场,上虞区,41,35,2024-12-10 14:35:00
604011,雅图停车场,上虞区,60,0,2024-12-10 14:35:00
604008,青春广场停车场,上虞区,70,0,2024-12-10 14:35:00
604013,第二人民医院停车场,上虞区,350,79,2024-12-10 14:35:00
24032610340324759,小越历史街区停车场,上虞区,74,0,2024-12-10 14:30:00
604005,人民桥下停车场,上虞区,40,0,2024-12-10 14:30:00
604007,信义广场北停车场,上虞区,41,36,2024-12-10 14:30:00
604002,梁祝大桥东桥下停车场,上虞区,95,56,2024-12-10 14:30:00
604006,供销社停车场,上虞区,106,0,2024-12-10 14:30:00
604012,人民桥下2号停车场,上虞区,60,24,2024-12-10 14:30:00
604013,第二人民医院停车场,上虞区,350,79,2024-12-10 14:30:00
19120915472614497,咪网测试停车场,上虞区,97,100,2024-12-10 14:30:00
604008,青春广场停车场,上虞区,70,0,2024-12-10 14:30:00
604003,信义广场南停车场,上虞区,15,15,2024-12-10 14:30:00
604009,保驾山夜排挡停车场,上虞区,106,0,2024-12-10 14:30:00
604004,保驾山停车场,上虞区,37,0,2024-12-10 14:30:00
604011,雅图停车场,上虞区,60,0,2024-12-10 14:30:00
19120915472614497,咪网测试停车场,上虞区,97,100,2024-12-10 14:25:00
604013,第二人民医院停车场,上虞区,350,83,2024-12-10 14:25:00
604009,保驾山夜排挡停车场,上虞区,106,0,2024-12-10 14:25:00
604008,青春广场停车场,上虞区,70,0,2024-12-10 14:25:00
604002,梁祝大桥东桥下停车场,上虞区,95,55,2024-12-10 14:25:00
604005,人民桥下停车场,上虞区,40,0,2024-12-10 14:25:00
604011,雅图停车场,上虞区,60,0,2024-12-10 14:25:00
604006,供销社停车场,上虞区,106,0,2024-12-10 14:25:00
604007,信义广场北停车场,上虞区,41,37,2024-12-10 14:25:00
604012,人民桥下2号停车场,上虞区,60,24,2024-12-10 14:25:00
604003,信义广场南停车场,上虞区,15,15,2024-12-10 14:25:00
604004,保驾山停车场,上虞区,37,0,2024-12-10 14:25:00
24032610340324759,小越历史街区停车场,上虞区,74,0,2024-12-10 14:25:00
604009,保驾山夜排挡停车场,上虞区,106,0,2024-12-10 14:20:00
604006,供销社停车场,上虞区,106,0,2024-12-10 14:20:00
24032610340324759,小越历史街区停车场,上虞区,74,0,2024-12-10 14:20:00
604002,梁祝大桥东桥下停车场,上虞区,95,54,2024-12-10 14:20:00
604012,人民桥下2号停车场,上虞区,60,23,2024-12-10 14:20:00
604005,人民桥下停车场,上虞区,40,0,2024-12-10 14:20:00
604007,信义广场北停车场,上虞区,41,37,2024-12-10 14:20:00
604003,信义广场南停车场,上虞区,15,15,2024-12-10 14:20:00
604008,青春广场停车场,上虞区,70,0,2024-12-10 14:20:00
604004,保驾山停车场,上虞区,37,0,2024-12-10 14:20:00
19120915472614497,咪网测试停车场,上虞区,97,100,2024-12-10 14:20:00
604011,雅图停车场,上虞区,60,0,2024-12-10 14:20:00
604013,第二人民医院停车场,上虞区,350,78,2024-12-10 14:20:00
604013,第二人民医院停车场,上虞区,350,86,2024-12-10 14:15:00
604009,保驾山夜排挡停车场,上虞区,106,0,2024-12-10 14:15:00
604006,供销社停车场,上虞区,106,0,2024-12-10 14:15:00
604002,梁祝大桥东桥下停车场,上虞区,95,55,2024-12-10 14:15:00
604003,信义广场南停车场,上虞区,15,15,2024-12-10 14:15:00
604007,信义广场北停车场,上虞区,41,37,2024-12-10 14:15:00
24032610340324759,小越历史街区停车场,上虞区,74,0,2024-12-10 14:15:00
604012,人民桥下2号停车场,上虞区,60,23,2024-12-10 14:15:00
604008,青春广场停车场,上虞区,70,0,2024-12-10 14:15:00
604004,保驾山停车场,上虞区,37,0,2024-12-10 14:15:00
604005,人民桥下停车场,上虞区,40,0,2024-12-10 14:15:00
19120915472614497,咪网测试停车场,上虞区,97,100,2024-12-10 14:15:00
604011,雅图停车场,上虞区,60,0,2024-12-10 14:15:00
604007,信义广场北停车场,上虞区,41,37,2024-12-10 14:10:00
604011,雅图停车场,上虞区,60,0,2024-12-10 14:10:00
19120915472614497,咪网测试停车场,上虞区,97,100,2024-12-10 14:10:00
604008,青春广场停车场,上虞区,70,0,2024-12-10 14:10:00
604013,第二人民医院停车场,上虞区,350,89,2024-12-10 14:10:00
604002,梁祝大桥东桥下停车场,上虞区,95,56,2024-12-10 14:10:00
604006,供销社停车场,上虞区,106,0,2024-12-10 14:10:00
24032610340324759,小越历史街区停车场,上虞区,74,0,2024-12-10 14:10:00
604005,人民桥下停车场,上虞区,40,0,2024-12-10 14:10:00
604003,信义广场南停车场,上虞区,15,15,2024-12-10 14:10:00
604004,保驾山停车场,上虞区,37,0,2024-12-10 14:10:00
604009,保驾山夜排挡停车场,上虞区,106,0,2024-12-10 14:10:00
604012,人民桥下2号停车场,上虞区,60,23,2024-12-10 14:10:00
604004,保驾山停车场,上虞区,37,0,2024-12-10 14:05:00
604011,雅图停车场,上虞区,60,0,2024-12-10 14:05:00
604008,青春广场停车场,上虞区,70,0,2024-12-10 14:05:00
604002,梁祝大桥东桥下停车场,上虞区,95,56,2024-12-10 14:05:00
604012,人民桥下2号停车场,上虞区,60,24,2024-12-10 14:05:00
604006,供销社停车场,上虞区,106,0,2024-12-10 14:05:00
604003,信义广场南停车场,上虞区,15,15,2024-12-10 14:05:00
604007,信义广场北停车场,上虞区,41,36,2024-12-10 14:05:00
604009,保驾山夜排挡停车场,上虞区,106,0,2024-12-10 14:05:00
604005,人民桥下停车场,上虞区,40,0,2024-12-10 14:05:00
19120915472614497,咪网测试停车场,上虞区,97,100,2024-12-10 14:05:00
24032610340324759,小越历史街区停车场,上虞区,74,0,2024-12-10 14:05:00
604013,第二人民医院停车场,上虞区,350,85,2024-12-10 14:05:00
604009,保驾山夜排挡停车场,上虞区,106,0,2024-12-10 14:00:00
604011,雅图停车场,上虞区,60,0,2024-12-10 14:00:00
604007,信义广场北停车场,上虞区,41,37,2024-12-10 14:00:00
604006,供销社停车场,上虞区,106,0,2024-12-10 14:00:00
604002,梁祝大桥东桥下停车场,上虞区,95,54,2024-12-10 14:00:00
604008,青春广场停车场,上虞区,70,0,2024-12-10 14:00:00
604013,第二人民医院停车场,上虞区,350,79,2024-12-10 14:00:00
19120915472614497,咪网测试停车场,上虞区,97,100,2024-12-10 14:00:00
604012,人民桥下2号停车场,上虞区,60,24,2024-12-10 14:00:00
604004,保驾山停车场,上虞区,37,0,2024-12-10 14:00:00
24032610340324759,小越历史街区停车场,上虞区,74,0,2024-12-10 14:00:00
604003,信义广场南停车场,上虞区,15,15,2024-12-10 14:00:00
604005,人民桥下停车场,上虞区,40,0,2024-12-10 14:00:00
604005,人民桥下停车场,上虞区,40,0,2024-12-10 13:55:00
604009,保驾山夜排挡停车场,上虞区,106,0,2024-12-10 13:55:00
604002,梁祝大桥东桥下停车场,上虞区,95,54,2024-12-10 13:55:00
604012,人民桥下2号停车场,上虞区,60,24,2024-12-10 13:55:00
24032610340324759,小越历史街区停车场,上虞区,74,0,2024-12-10 13:55:00
604004,保驾山停车场,上虞区,37,0,2024-12-10 13:55:00
19120915472614497,咪网测试停车场,上虞区,97,100,2024-12-10 13:55:00
604013,第二人民医院停车场,上虞区,350,86,2024-12-10 13:55:00
604003,信义广场南停车场,上虞区,15,15,2024-12-10 13:55:00
604008,青春广场停车场,上虞区,70,0,2024-12-10 13:55:00
604011,雅图停车场,上虞区,60,0,2024-12-10 13:55:00
604007,信义广场北停车场,上虞区,41,37,2024-12-10 13:55:00
604006,供销社停车场,上虞区,106,0,2024-12-10 13:55:00
604011,雅图停车场,上虞区,60,0,2024-12-10 13:50:00
604003,信义广场南停车场,上虞区,15,15,2024-12-10 13:50:00
604006,供销社停车场,上虞区,106,0,2024-12-10 13:50:00
604012,人民桥下2号停车场,上虞区,60,24,2024-12-10 13:50:00
604002,梁祝大桥东桥下停车场,上虞区,95,55,2024-12-10 13:50:00
604008,青春广场停车场,上虞区,70,0,2024-12-10 13:50:00
604009,保驾山夜排挡停车场,上虞区,106,0,2024-12-10 13:50:00
604013,第二人民医院停车场,上虞区,350,84,2024-12-10 13:50:00
24032610340324759,小越历史街区停车场,上虞区,74,0,2024-12-10 13:50:00
604004,保驾山停车场,上虞区,37,0,2024-12-10 13:50:00
604005,人民桥下停车场,上虞区,40,0,2024-12-10 13:50:00
19120915472614497,咪网测试停车场,上虞区,97,100,2024-12-10 13:50:00
604007,信义广场北停车场,上虞区,41,37,2024-12-10 13:50:00
604003,信义广场南停车场,上虞区,15,15,2024-12-10 13:45:00
604011,雅图停车场,上虞区,60,0,2024-12-10 13:45:00
24032610340324759,小越历史街区停车场,上虞区,74,0,2024-12-10 13:45:00
604009,保驾山夜排挡停车场,上虞区,106,0,2024-12-10 13:45:00
604004,保驾山停车场,上虞区,37,0,2024-12-10 13:45:00
604005,人民桥下停车场,上虞区,40,0,2024-12-10 13:45:00
604006,供销社停车场,上虞区,106,0,2024-12-10 13:45:00
604008,青春广场停车场,上虞区,70,0,2024-12-10 13:45:00
604007,信义广场北停车场,上虞区,41,37,2024-12-10 13:45:00
604013,第二人民医院停车场,上虞区,350,82,2024-12-10 13:45:00
19120915472614497,咪网测试停车场,上虞区,97,100,2024-12-10 13:45:00
604012,人民桥下2号停车场,上虞区,60,24,2024-12-10 13:45:00
604002,梁祝大桥东桥下停车场,上虞区,95,56,2024-12-10 13:45:00
604006,供销社停车场,上虞区,106,0,2024-12-10 13:40:00
24032610340324759,小越历史街区停车场,上虞区,74,0,2024-12-10 13:40:00
604008,青春广场停车场,上虞区,70,0,2024-12-10 13:40:00
604009,保驾山夜排挡停车场,上虞区,106,0,2024-12-10 13:40:00
604003,信义广场南停车场,上虞区,15,15,2024-12-10 13:40:00
604002,梁祝大桥东桥下停车场,上虞区,95,56,2024-12-10 13:40:00
604012,人民桥下2号停车场,上虞区,60,24,2024-12-10 13:40:00
604007,信义广场北停车场,上虞区,41,37,2024-12-10 13:40:00
604004,保驾山停车场,上虞区,37,0,2024-12-10 13:40:00
19120915472614497,咪网测试停车场,上虞区,97,100,2024-12-10 13:40:00
604013,第二人民医院停车场,上虞区,350,85,2024-12-10 13:40:00
604011,雅图停车场,上虞区,60,0,2024-12-10 13:40:00
604005,人民桥下停车场,上虞区,40,0,2024-12-10 13:40:00
604002,梁祝大桥东桥下停车场,上虞区,95,56,2024-12-10 13:35:00
19120915472614497,咪网测试停车场,上虞区,97,100,2024-12-10 13:35:00
604004,保驾山停车场,上虞区,37,0,2024-12-10 13:35:00
604008,青春广场停车场,上虞区,70,0,2024-12-10 13:35:00
604003,信义广场南停车场,上虞区,15,15,2024-12-10 13:35:00
24032610340324759,小越历史街区停车场,上虞区,74,0,2024-12-10 13:35:00
604007,信义广场北停车场,上虞区,41,37,2024-12-10 13:35:00
604012,人民桥下2号停车场,上虞区,60,24,2024-12-10 13:35:00
604009,保驾山夜排挡停车场,上虞区,106,0,2024-12-10 13:35:00
604011,雅图停车场,上虞区,60,0,2024-12-10 13:35:00
604006,供销社停车场,上虞区,106,0,2024-12-10 13:35:00
604013,第二人民医院停车场,上虞区,350,87,2024-12-10 13:35:00
604005,人民桥下停车场,上虞区,40,0,2024-12-10 13:35:00
604004,保驾山停车场,上虞区,37,0,2024-12-10 13:30:00
604008,青春广场停车场,上虞区,70,0,2024-12-10 13:30:00
604003,信义广场南停车场,上虞区,15,15,2024-12-10 13:30:00
24032610340324759,小越历史街区停车场,上虞区,74,0,2024-12-10 13:30:00
604009,保驾山夜排挡停车场,上虞区,106,0,2024-12-10 13:30:00
604012,人民桥下2号停车场,上虞区,60,24,2024-12-10 13:30:00
604005,人民桥下停车场,上虞区,40,0,2024-12-10 13:30:00
604013,第二人民医院停车场,上虞区,350,93,2024-12-10 13:30:00
604007,信义广场北停车场,上虞区,41,37,2024-12-10 13:30:00
19120915472614497,咪网测试停车场,上虞区,97,100,2024-12-10 13:30:00
604006,供销社停车场,上虞区,106,0,2024-12-10 13:30:00
604011,雅图停车场,上虞区,60,0,2024-12-10 13:30:00
604002,梁祝大桥东桥下停车场,上虞区,95,56,2024-12-10 13:30:00
604002,梁祝大桥东桥下停车场,上虞区,95,56,2024-12-10 13:25:00
19120915472614497,咪网测试停车场,上虞区,97,100,2024-12-10 13:25:00
604006,供销社停车场,上虞区,106,0,2024-12-10 13:25:00
604009,保驾山夜排挡停车场,上虞区,106,0,2024-12-10 13:25:00
604003,信义广场南停车场,上虞区,15,15,2024-12-10 13:25:00
604005,人民桥下停车场,上虞区,40,0,2024-12-10 13:25:00
604012,人民桥下2号停车场,上虞区,60,24,2024-12-10 13:25:00
604008,青春广场停车场,上虞区,70,0,2024-12-10 13:25:00
604007,信义广场北停车场,上虞区,41,37,2024-12-10 13:25:00
604011,雅图停车场,上虞区,60,0,2024-12-10 13:25:00
604013,第二人民医院停车场,上虞区,350,99,2024-12-10 13:25:00
604004,保驾山停车场,上虞区,37,0,2024-12-10 13:25:00
24032610340324759,小越历史街区停车场,上虞区,74,0,2024-12-10 13:25:00
604003,信义广场南停车场,上虞区,15,15,2024-12-10 13:20:00
24032610340324759,小越历史街区停车场,上虞区,74,0,2024-12-10 13:20:00
604006,供销社停车场,上虞区,106,0,2024-12-10 13:20:00
604012,人民桥下2号停车场,上虞区,60,24,2024-12-10 13:20:00
604013,第二人民医院停车场,上虞区,350,118,2024-12-10 13:20:00
604004,保驾山停车场,上虞区,37,0,2024-12-10 13:20:00
604005,人民桥下停车场,上虞区,40,0,2024-12-10 13:20:00
604011,雅图停车场,上虞区,60,0,2024-12-10 13:20:00
19120915472614497,咪网测试停车场,上虞区,97,100,2024-12-10 13:20:00
604007,信义广场北停车场,上虞区,41,37,2024-12-10 13:20:00
604008,青春广场停车场,上虞区,70,0,2024-12-10 13:20:00
604002,梁祝大桥东桥下停车场,上虞区,95,56,2024-12-10 13:20:00
604009,保驾山夜排挡停车场,上虞区,106,0,2024-12-10 13:20:00
604013,第二人民医院停车场,上虞区,350,121,2024-12-10 13:15:00
604007,信义广场北停车场,上虞区,41,37,2024-12-10 13:15:00
604012,人民桥下2号停车场,上虞区,60,26,2024-12-10 13:15:00
24032610340324759,小越历史街区停车场,上虞区,74,0,2024-12-10 13:15:00
604009,保驾山夜排挡停车场,上虞区,106,0,2024-12-10 13:15:00
604008,青春广场停车场,上虞区,70,0,2024-12-10 13:15:00
604005,人民桥下停车场,上虞区,40,0,2024-12-10 13:15:00
604003,信义广场南停车场,上虞区,15,15,2024-12-10 13:15:00
604004,保驾山停车场,上虞区,37,0,2024-12-10 13:15:00
604011,雅图停车场,上虞区,60,0,2024-12-10 13:15:00
19120915472614497,咪网测试停车场,上虞区,97,100,2024-12-10 13:15:00
604006,供销社停车场,上虞区,106,0,2024-12-10 13:15:00
604002,梁祝大桥东桥下停车场,上虞区,95,56,2024-12-10 13:15:00
24032610340324759,小越历史街区停车场,上虞区,74,0,2024-12-10 13:10:00
604002,梁祝大桥东桥下停车场,上虞区,95,56,2024-12-10 13:10:00
604009,保驾山夜排挡停车场,上虞区,106,0,2024-12-10 13:10:00
604012,人民桥下2号停车场,上虞区,60,26,2024-12-10 13:10:00
604004,保驾山停车场,上虞区,37,0,2024-12-10 13:10:00
604008,青春广场停车场,上虞区,70,0,2024-12-10 13:10:00
604006,供销社停车场,上虞区,106,0,2024-12-10 13:10:00
19120915472614497,咪网测试停车场,上虞区,97,100,2024-12-10 13:10:00
604005,人民桥下停车场,上虞区,40,0,2024-12-10 13:10:00
604007,信义广场北停车场,上虞区,41,37,2024-12-10 13:10:00
604003,信义广场南停车场,上虞区,15,15,2024-12-10 13:10:00
604013,第二人民医院停车场,上虞区,350,121,2024-12-10 13:10:00
604011,雅图停车场,上虞区,60,0,2024-12-10 13:10:00
604002,梁祝大桥东桥下停车场,上虞区,95,56,2024-12-10 13:05:00
604009,保驾山夜排挡停车场,上虞区,106,0,2024-12-10 13:05:00
604008,青春广场停车场,上虞区,70,0,2024-12-10 13:05:00
604004,保驾山停车场,上虞区,37,0,2024-12-10 13:05:00
604006,供销社停车场,上虞区,106,0,2024-12-10 13:05:00
604007,信义广场北停车场,上虞区,41,37,2024-12-10 13:05:00
19120915472614497,咪网测试停车场,上虞区,97,100,2024-12-10 13:05:00
24032610340324759,小越历史街区停车场,上虞区,74,0,2024-12-10 13:05:00
604012,人民桥下2号停车场,上虞区,60,26,2024-12-10 13:05:00
604003,信义广场南停车场,上虞区,15,15,2024-12-10 13:05:00
604013,第二人民医院停车场,上虞区,350,126,2024-12-10 13:05:00
604011,雅图停车场,上虞区,60,0,2024-12-10 13:05:00
604005,人民桥下停车场,上虞区,40,0,2024-12-10 13:05:00
604012,人民桥下2号停车场,上虞区,60,27,2024-12-10 13:00:00
604009,保驾山夜排挡停车场,上虞区,106,0,2024-12-10 13:00:00
604006,供销社停车场,上虞区,106,0,2024-12-10 13:00:00
604002,梁祝大桥东桥下停车场,上虞区,95,56,2024-12-10 13:00:00
19120915472614497,咪网测试停车场,上虞区,97,100,2024-12-10 13:00:00
604004,保驾山停车场,上虞区,37,0,2024-12-10 13:00:00
604005,人民桥下停车场,上虞区,40,0,2024-12-10 13:00:00
604011,雅图停车场,上虞区,60,0,2024-12-10 13:00:00
604008,青春广场停车场,上虞区,70,0,2024-12-10 13:00:00
24032610340324759,小越历史街区停车场,上虞区,74,0,2024-12-10 13:00:00
604007,信义广场北停车场,上虞区,41,37,2024-12-10 13:00:00
604003,信义广场南停车场,上虞区,15,15,2024-12-10 13:00:00
604013,第二人民医院停车场,上虞区,350,128,2024-12-10 13:00:00
604011,雅图停车场,上虞区,60,0,2024-12-10 12:55:00
604003,信义广场南停车场,上虞区,15,15,2024-12-10 12:55:00
604012,人民桥下2号停车场,上虞区,60,27,2024-12-10 12:55:00
604004,保驾山停车场,上虞区,37,0,2024-12-10 12:55:00
604008,青春广场停车场,上虞区,70,0,2024-12-10 12:55:00
604002,梁祝大桥东桥下停车场,上虞区,95,55,2024-12-10 12:55:00
24032610340324759,小越历史街区停车场,上虞区,74,0,2024-12-10 12:55:00
19120915472614497,咪网测试停车场,上虞区,97,100,2024-12-10 12:55:00
604005,人民桥下停车场,上虞区,40,0,2024-12-10 12:55:00
604013,第二人民医院停车场,上虞区,350,129,2024-12-10 12:55:00
604007,信义广场北停车场,上虞区,41,37,2024-12-10 12:55:00
604006,供销社停车场,上虞区,106,0,2024-12-10 12:55:00
604009,保驾山夜排挡停车场,上虞区,106,0,2024-12-10 12:55:00
604008,青春广场停车场,上虞区,70,0,2024-12-10 12:50:00
604012,人民桥下2号停车场,上虞区,60,27,2024-12-10 12:50:00
604011,雅图停车场,上虞区,60,0,2024-12-10 12:50:00
19120915472614497,咪网测试停车场,上虞区,97,100,2024-12-10 12:50:00
24032610340324759,小越历史街区停车场,上虞区,74,0,2024-12-10 12:50:00
604002,梁祝大桥东桥下停车场,上虞区,95,55,2024-12-10 12:50:00
604003,信义广场南停车场,上虞区,15,15,2024-12-10 12:50:00
604004,保驾山停车场,上虞区,37,0,2024-12-10 12:50:00
604007,信义广场北停车场,上虞区,41,37,2024-12-10 12:50:00
604005,人民桥下停车场,上虞区,40,0,2024-12-10 12:50:00
604013,第二人民医院停车场,上虞区,350,128,2024-12-10 12:50:00
604009,保驾山夜排挡停车场,上虞区,106,0,2024-12-10 12:50:00
604006,供销社停车场,上虞区,106,0,2024-12-10 12:50:00
19120915472614497,咪网测试停车场,上虞区,97,100,2024-12-10 12:45:00
604012,人民桥下2号停车场,上虞区,60,27,2024-12-10 12:45:00
24032610340324759,小越历史街区停车场,上虞区,74,0,2024-12-10 12:45:00
604006,供销社停车场,上虞区,106,0,2024-12-10 12:45:00
604008,青春广场停车场,上虞区,70,0,2024-12-10 12:45:00
604005,人民桥下停车场,上虞区,40,0,2024-12-10 12:45:00
604009,保驾山夜排挡停车场,上虞区,106,0,2024-12-10 12:45:00
604002,梁祝大桥东桥下停车场,上虞区,95,55,2024-12-10 12:45:00
604003,信义广场南停车场,上虞区,15,15,2024-12-10 12:45:00
604013,第二人民医院停车场,上虞区,350,132,2024-12-10 12:45:00
604007,信义广场北停车场,上虞区,41,37,2024-12-10 12:45:00
604011,雅图停车场,上虞区,60,0,2024-12-10 12:45:00
604004,保驾山停车场,上虞区,37,0,2024-12-10 12:45:00
24032610340324759,小越历史街区停车场,上虞区,74,0,2024-12-10 12:40:00
604005,人民桥下停车场,上虞区,40,0,2024-12-10 12:40:00
604009,保驾山夜排挡停车场,上虞区,106,0,2024-12-10 12:40:00
604008,青春广场停车场,上虞区,70,0,2024-12-10 12:40:00
604012,人民桥下2号停车场,上虞区,60,27,2024-12-10 12:40:00
19120915472614497,咪网测试停车场,上虞区,97,100,2024-12-10 12:40:00
604013,第二人民医院停车场,上虞区,350,138,2024-12-10 12:40:00
604007,信义广场北停车场,上虞区,41,37,2024-12-10 12:40:00
604006,供销社停车场,上虞区,106,0,2024-12-10 12:40:00
604004,保驾山停车场,上虞区,37,0,2024-12-10 12:40:00
604002,梁祝大桥东桥下停车场,上虞区,95,56,2024-12-10 12:40:00
604003,信义广场南停车场,上虞区,15,15,2024-12-10 12:40:00
604011,雅图停车场,上虞区,60,0,2024-12-10 12:40:00
19120915472614497,咪网测试停车场,上虞区,97,100,2024-12-10 12:35:00
604013,第二人民医院停车场,上虞区,350,134,2024-12-10 12:35:00
604009,保驾山夜排挡停车场,上虞区,106,0,2024-12-10 12:35:00
604004,保驾山停车场,上虞区,37,0,2024-12-10 12:35:00
604002,梁祝大桥东桥下停车场,上虞区,95,57,2024-12-10 12:35:00
24032610340324759,小越历史街区停车场,上虞区,74,0,2024-12-10 12:35:00
604006,供销社停车场,上虞区,106,0,2024-12-10 12:35:00
604007,信义广场北停车场,上虞区,41,37,2024-12-10 12:35:00
604005,人民桥下停车场,上虞区,40,0,2024-12-10 12:35:00
604003,信义广场南停车场,上虞区,15,15,2024-12-10 12:35:00
604011,雅图停车场,上虞区,60,0,2024-12-10 12:35:00
604008,青春广场停车场,上虞区,70,0,2024-12-10 12:35:00
604012,人民桥下2号停车场,上虞区,60,27,2024-12-10 12:35:00
604007,信义广场北停车场,上虞区,41,37,2024-12-10 12:30:00
604011,雅图停车场,上虞区,60,0,2024-12-10 12:30:00
604006,供销社停车场,上虞区,106,0,2024-12-10 12:30:00
604013,第二人民医院停车场,上虞区,350,134,2024-12-10 12:30:00
19120915472614497,咪网测试停车场,上虞区,97,100,2024-12-10 12:30:00
604009,保驾山夜排挡停车场,上虞区,106,0,2024-12-10 12:30:00
604004,保驾山停车场,上虞区,37,0,2024-12-10 12:30:00
604012,人民桥下2号停车场,上虞区,60,27,2024-12-10 12:30:00
604008,青春广场停车场,上虞区,70,0,2024-12-10 12:30:00
24032610340324759,小越历史街区停车场,上虞区,74,0,2024-12-10 12:30:00
604005,人民桥下停车场,上虞区,40,0,2024-12-10 12:30:00
604003,信义广场南停车场,上虞区,15,15,2024-12-10 12:30:00
604002,梁祝大桥东桥下停车场,上虞区,95,57,2024-12-10 12:30:00
604011,雅图停车场,上虞区,60,0,2024-12-10 12:25:00
604007,信义广场北停车场,上虞区,41,37,2024-12-10 12:25:00
604009,保驾山夜排挡停车场,上虞区,106,0,2024-12-10 12:25:00
604002,梁祝大桥东桥下停车场,上虞区,95,56,2024-12-10 12:25:00
604005,人民桥下停车场,上虞区,40,0,2024-12-10 12:25:00
604006,供销社停车场,上虞区,106,0,2024-12-10 12:25:00
604008,青春广场停车场,上虞区,70,0,2024-12-10 12:25:00
19120915472614497,咪网测试停车场,上虞区,97,100,2024-12-10 12:25:00
604003,信义广场南停车场,上虞区,15,15,2024-12-10 12:25:00
604004,保驾山停车场,上虞区,37,0,2024-12-10 12:25:00
24032610340324759,小越历史街区停车场,上虞区,74,0,2024-12-10 12:25:00
604012,人民桥下2号停车场,上虞区,60,26,2024-12-10 12:25:00
604013,第二人民医院停车场,上虞区,350,136,2024-12-10 12:25:00
604013,第二人民医院停车场,上虞区,350,135,2024-12-10 12:20:00
604011,雅图停车场,上虞区,60,0,2024-12-10 12:20:00
24032610340324759,小越历史街区停车场,上虞区,74,0,2024-12-10 12:20:00
604002,梁祝大桥东桥下停车场,上虞区,95,56,2024-12-10 12:20:00
604009,保驾山夜排挡停车场,上虞区,106,0,2024-12-10 12:20:00
604007,信义广场北停车场,上虞区,41,35,2024-12-10 12:20:00
604012,人民桥下2号停车场,上虞区,60,26,2024-12-10 12:20:00
604005,人民桥下停车场,上虞区,40,0,2024-12-10 12:20:00
604003,信义广场南停车场,上虞区,15,15,2024-12-10 12:20:00
604008,青春广场停车场,上虞区,70,0,2024-12-10 12:20:00
19120915472614497,咪网测试停车场,上虞区,97,100,2024-12-10 12:20:00
604006,供销社停车场,上虞区,106,0,2024-12-10 12:20:00
604004,保驾山停车场,上虞区,37,0,2024-12-10 12:20:00
604005,人民桥下停车场,上虞区,40,0,2024-12-10 12:15:00
604007,信义广场北停车场,上虞区,41,35,2024-12-10 12:15:00
604004,保驾山停车场,上虞区,37,0,2024-12-10 12:15:00
19120915472614497,咪网测试停车场,上虞区,97,100,2024-12-10 12:15:00
604013,第二人民医院停车场,上虞区,350,133,2024-12-10 12:15:00
24032610340324759,小越历史街区停车场,上虞区,74,0,2024-12-10 12:15:00
604009,保驾山夜排挡停车场,上虞区,106,0,2024-12-10 12:15:00
604008,青春广场停车场,上虞区,70,0,2024-12-10 12:15:00
604012,人民桥下2号停车场,上虞区,60,26,2024-12-10 12:15:00
604002,梁祝大桥东桥下停车场,上虞区,95,56,2024-12-10 12:15:00
604006,供销社停车场,上虞区,106,0,2024-12-10 12:15:00
604003,信义广场南停车场,上虞区,15,15,2024-12-10 12:15:00
604011,雅图停车场,上虞区,60,0,2024-12-10 12:15:00
604004,保驾山停车场,上虞区,37,0,2024-12-10 12:10:00
604002,梁祝大桥东桥下停车场,上虞区,95,56,2024-12-10 12:10:00
604013,第二人民医院停车场,上虞区,350,137,2024-12-10 12:10:00
604007,信义广场北停车场,上虞区,41,35,2024-12-10 12:10:00
19120915472614497,咪网测试停车场,上虞区,97,100,2024-12-10 12:10:00
604005,人民桥下停车场,上虞区,40,0,2024-12-10 12:10:00
604003,信义广场南停车场,上虞区,15,15,2024-12-10 12:10:00
604009,保驾山夜排挡停车场,上虞区,106,0,2024-12-10 12:10:00
604008,青春广场停车场,上虞区,70,0,2024-12-10 12:10:00
24032610340324759,小越历史街区停车场,上虞区,74,0,2024-12-10 12:10:00
604012,人民桥下2号停车场,上虞区,60,26,2024-12-10 12:10:00
604011,雅图停车场,上虞区,60,0,2024-12-10 12:10:00
604006,供销社停车场,上虞区,106,0,2024-12-10 12:10:00
604009,保驾山夜排挡停车场,上虞区,106,0,2024-12-10 12:05:00
604011,雅图停车场,上虞区,60,0,2024-12-10 12:05:00
604006,供销社停车场,上虞区,106,0,2024-12-10 12:05:00
604008,青春广场停车场,上虞区,70,0,2024-12-10 12:05:00
604013,第二人民医院停车场,上虞区,350,135,2024-12-10 12:05:00
604004,保驾山停车场,上虞区,37,0,2024-12-10 12:05:00
24032610340324759,小越历史街区停车场,上虞区,74,0,2024-12-10 12:05:00
604007,信义广场北停车场,上虞区,41,36,2024-12-10 12:05:00
604002,梁祝大桥东桥下停车场,上虞区,95,56,2024-12-10 12:05:00
604005,人民桥下停车场,上虞区,40,0,2024-12-10 12:05:00
604012,人民桥下2号停车场,上虞区,60,26,2024-12-10 12:05:00
19120915472614497,咪网测试停车场,上虞区,97,100,2024-12-10 12:05:00
604003,信义广场南停车场,上虞区,15,15,2024-12-10 12:05:00
604007,信义广场北停车场,上虞区,41,37,2024-12-10 12:00:00
19120915472614497,咪网测试停车场,上虞区,97,100,2024-12-10 12:00:00
604004,保驾山停车场,上虞区,37,0,2024-12-10 12:00:00
604012,人民桥下2号停车场,上虞区,60,26,2024-12-10 12:00:00
604011,雅图停车场,上虞区,60,0,2024-12-10 12:00:00
604005,人民桥下停车场,上虞区,40,0,2024-12-10 12:00:00
604006,供销社停车场,上虞区,106,0,2024-12-10 12:00:00
604009,保驾山夜排挡停车场,上虞区,106,0,2024-12-10 12:00:00
604002,梁祝大桥东桥下停车场,上虞区,95,56,2024-12-10 12:00:00
604003,信义广场南停车场,上虞区,15,15,2024-12-10 12:00:00
604008,青春广场停车场,上虞区,70,0,2024-12-10 12:00:00
604013,第二人民医院停车场,上虞区,350,135,2024-12-10 12:00:00
24032610340324759,小越历史街区停车场,上虞区,74,0,2024-12-10 12:00:00
604005,人民桥下停车场,上虞区,40,0,2024-12-10 11:55:00
604006,供销社停车场,上虞区,106,0,2024-12-10 11:55:00
604012,人民桥下2号停车场,上虞区,60,26,2024-12-10 11:55:00
604004,保驾山停车场,上虞区,37,0,2024-12-10 11:55:00
604009,保驾山夜排挡停车场,上虞区,106,0,2024-12-10 11:55:00
604007,信义广场北停车场,上虞区,41,37,2024-12-10 11:55:00
604002,梁祝大桥东桥下停车场,上虞区,95,56,2024-12-10 11:55:00
24032610340324759,小越历史街区停车场,上虞区,74,0,2024-12-10 11:55:00
604008,青春广场停车场,上虞区,70,0,2024-12-10 11:55:00
604011,雅图停车场,上虞区,60,0,2024-12-10 11:55:00
604013,第二人民医院停车场,上虞区,350,128,2024-12-10 11:55:00
19120915472614497,咪网测试停车场,上虞区,97,100,2024-12-10 11:55:00
604003,信义广场南停车场,上虞区,15,15,2024-12-10 11:55:00
604002,梁祝大桥东桥下停车场,上虞区,95,56,2024-12-10 11:50:00
19120915472614497,咪网测试停车场,上虞区,97,100,2024-12-10 11:50:00
24032610340324759,小越历史街区停车场,上虞区,74,0,2024-12-10 11:50:00
604007,信义广场北停车场,上虞区,41,37,2024-12-10 11:50:00
604008,青春广场停车场,上虞区,70,0,2024-12-10 11:50:00
604004,保驾山停车场,上虞区,37,0,2024-12-10 11:50:00
604006,供销社停车场,上虞区,106,0,2024-12-10 11:50:00
604009,保驾山夜排挡停车场,上虞区,106,0,2024-12-10 11:50:00
604011,雅图停车场,上虞区,60,0,2024-12-10 11:50:00
604005,人民桥下停车场,上虞区,40,0,2024-12-10 11:50:00
604012,人民桥下2号停车场,上虞区,60,26,2024-12-10 11:50:00
604003,信义广场南停车场,上虞区,15,15,2024-12-10 11:50:00
604013,第二人民医院停车场,上虞区,350,128,2024-12-10 11:50:00
604006,供销社停车场,上虞区,106,0,2024-12-10 11:45:00
604008,青春广场停车场,上虞区,70,0,2024-12-10 11:45:00
604013,第二人民医院停车场,上虞区,350,122,2024-12-10 11:45:00
604009,保驾山夜排挡停车场,上虞区,106,0,2024-12-10 11:45:00
604011,雅图停车场,上虞区,60,0,2024-12-10 11:45:00
604002,梁祝大桥东桥下停车场,上虞区,95,56,2024-12-10 11:45:00
604005,人民桥下停车场,上虞区,40,0,2024-12-10 11:45:00
24032610340324759,小越历史街区停车场,上虞区,74,0,2024-12-10 11:45:00
19120915472614497,咪网测试停车场,上虞区,97,100,2024-12-10 11:45:00
604007,信义广场北停车场,上虞区,41,36,2024-12-10 11:45:00
604003,信义广场南停车场,上虞区,15,15,2024-12-10 11:45:00
604004,保驾山停车场,上虞区,37,0,2024-12-10 11:45:00
604012,人民桥下2号停车场,上虞区,60,26,2024-12-10 11:45:00
24032610340324759,小越历史街区停车场,上虞区,74,0,2024-12-10 11:40:00
19120915472614497,咪网测试停车场,上虞区,97,100,2024-12-10 11:40:00
604011,雅图停车场,上虞区,60,0,2024-12-10 11:40:00
604005,人民桥下停车场,上虞区,40,0,2024-12-10 11:40:00
604012,人民桥下2号停车场,上虞区,60,26,2024-12-10 11:40:00
604013,第二人民医院停车场,上虞区,350,114,2024-12-10 11:40:00
604007,信义广场北停车场,上虞区,41,36,2024-12-10 11:40:00
604004,保驾山停车场,上虞区,37,0,2024-12-10 11:40:00
604002,梁祝大桥东桥下停车场,上虞区,95,56,2024-12-10 11:40:00
604003,信义广场南停车场,上虞区,15,15,2024-12-10 11:40:00
604009,保驾山夜排挡停车场,上虞区,106,0,2024-12-10 11:40:00
604006,供销社停车场,上虞区,106,0,2024-12-10 11:40:00
604008,青春广场停车场,上虞区,70,0,2024-12-10 11:40:00
604009,保驾山夜排挡停车场,上虞区,106,0,2024-12-10 11:35:00
604012,人民桥下2号停车场,上虞区,60,25,2024-12-10 11:35:00
604011,雅图停车场,上虞区,60,0,2024-12-10 11:35:00
24032610340324759,小越历史街区停车场,上虞区,74,0,2024-12-10 11:35:00
19120915472614497,咪网测试停车场,上虞区,97,100,2024-12-10 11:35:00
604005,人民桥下停车场,上虞区,40,0,2024-12-10 11:35:00
604004,保驾山停车场,上虞区,37,0,2024-12-10 11:35:00
604002,梁祝大桥东桥下停车场,上虞区,95,56,2024-12-10 11:35:00
604013,第二人民医院停车场,上虞区,350,106,2024-12-10 11:35:00
604007,信义广场北停车场,上虞区,41,35,2024-12-10 11:35:00
604008,青春广场停车场,上虞区,70,0,2024-12-10 11:35:00
604003,信义广场南停车场,上虞区,15,15,2024-12-10 11:35:00
604006,供销社停车场,上虞区,106,0,2024-12-10 11:35:00
604011,雅图停车场,上虞区,60,0,2024-12-10 11:30:00
19120915472614497,咪网测试停车场,上虞区,97,100,2024-12-10 11:30:00
604004,保驾山停车场,上虞区,37,0,2024-12-10 11:30:00
604003,信义广场南停车场,上虞区,15,15,2024-12-10 11:30:00
604002,梁祝大桥东桥下停车场,上虞区,95,56,2024-12-10 11:30:00
604006,供销社停车场,上虞区,106,0,2024-12-10 11:30:00
604013,第二人民医院停车场,上虞区,350,92,2024-12-10 11:30:00
604012,人民桥下2号停车场,上虞区,60,25,2024-12-10 11:30:00
24032610340324759,小越历史街区停车场,上虞区,74,0,2024-12-10 11:30:00
604009,保驾山夜排挡停车场,上虞区,106,0,2024-12-10 11:30:00
604005,人民桥下停车场,上虞区,40,0,2024-12-10 11:30:00
604007,信义广场北停车场,上虞区,41,35,2024-12-10 11:30:00
604008,青春广场停车场,上虞区,70,0,2024-12-10 11:30:00
604013,第二人民医院停车场,上虞区,350,89,2024-12-10 11:25:00
604004,保驾山停车场,上虞区,37,0,2024-12-10 11:25:00
604007,信义广场北停车场,上虞区,41,35,2024-12-10 11:25:00
24032610340324759,小越历史街区停车场,上虞区,74,0,2024-12-10 11:25:00
604005,人民桥下停车场,上虞区,40,0,2024-12-10 11:25:00
604011,雅图停车场,上虞区,60,0,2024-12-10 11:25:00
19120915472614497,咪网测试停车场,上虞区,97,100,2024-12-10 11:25:00
604012,人民桥下2号停车场,上虞区,60,25,2024-12-10 11:25:00
604003,信义广场南停车场,上虞区,15,15,2024-12-10 11:25:00
604002,梁祝大桥东桥下停车场,上虞区,95,56,2024-12-10 11:25:00
604008,青春广场停车场,上虞区,70,0,2024-12-10 11:25:00
604006,供销社停车场,上虞区,106,0,2024-12-10 11:25:00
604009,保驾山夜排挡停车场,上虞区,106,0,2024-12-10 11:25:00
604008,青春广场停车场,上虞区,70,0,2024-12-10 11:20:00
604003,信义广场南停车场,上虞区,15,15,2024-12-10 11:20:00
604006,供销社停车场,上虞区,106,0,2024-12-10 11:20:00
604004,保驾山停车场,上虞区,37,0,2024-12-10 11:20:00
604012,人民桥下2号停车场,上虞区,60,25,2024-12-10 11:20:00
604007,信义广场北停车场,上虞区,41,35,2024-12-10 11:20:00
604011,雅图停车场,上虞区,60,0,2024-12-10 11:20:00
604005,人民桥下停车场,上虞区,40,0,2024-12-10 11:20:00
19120915472614497,咪网测试停车场,上虞区,97,100,2024-12-10 11:20:00
604009,保驾山夜排挡停车场,上虞区,106,0,2024-12-10 11:20:00
604002,梁祝大桥东桥下停车场,上虞区,95,57,2024-12-10 11:20:00
604013,第二人民医院停车场,上虞区,350,81,2024-12-10 11:20:00
24032610340324759,小越历史街区停车场,上虞区,74,0,2024-12-10 11:20:00
604005,人民桥下停车场,上虞区,40,0,2024-12-10 11:15:00
604012,人民桥下2号停车场,上虞区,60,25,2024-12-10 11:15:00
604009,保驾山夜排挡停车场,上虞区,106,0,2024-12-10 11:15:00
604002,梁祝大桥东桥下停车场,上虞区,95,57,2024-12-10 11:15:00
19120915472614497,咪网测试停车场,上虞区,97,100,2024-12-10 11:15:00
604006,供销社停车场,上虞区,106,0,2024-12-10 11:15:00
604007,信义广场北停车场,上虞区,41,36,2024-12-10 11:15:00
604011,雅图停车场,上虞区,60,0,2024-12-10 11:15:00
604003,信义广场南停车场,上虞区,15,15,2024-12-10 11:15:00
604013,第二人民医院停车场,上虞区,350,81,2024-12-10 11:15:00
604008,青春广场停车场,上虞区,70,0,2024-12-10 11:15:00
24032610340324759,小越历史街区停车场,上虞区,74,0,2024-12-10 11:15:00
604004,保驾山停车场,上虞区,37,0,2024-12-10 11:15:00
604004,保驾山停车场,上虞区,37,0,2024-12-10 11:10:00
19120915472614497,咪网测试停车场,上虞区,97,100,2024-12-10 11:10:00
604008,青春广场停车场,上虞区,70,0,2024-12-10 11:10:00
604005,人民桥下停车场,上虞区,40,0,2024-12-10 11:10:00
604007,信义广场北停车场,上虞区,41,36,2024-12-10 11:10:00
604011,雅图停车场,上虞区,60,0,2024-12-10 11:10:00
604002,梁祝大桥东桥下停车场,上虞区,95,57,2024-12-10 11:10:00
604003,信义广场南停车场,上虞区,15,15,2024-12-10 11:10:00
604009,保驾山夜排挡停车场,上虞区,106,0,2024-12-10 11:10:00
604013,第二人民医院停车场,上虞区,350,79,2024-12-10 11:10:00
24032610340324759,小越历史街区停车场,上虞区,74,0,2024-12-10 11:10:00
604012,人民桥下2号停车场,上虞区,60,25,2024-12-10 11:10:00
604006,供销社停车场,上虞区,106,0,2024-12-10 11:10:00
604012,人民桥下2号停车场,上虞区,60,25,2024-12-10 11:05:00
24032610340324759,小越历史街区停车场,上虞区,74,0,2024-12-10 11:05:00
604003,信义广场南停车场,上虞区,15,15,2024-12-10 11:05:00
604008,青春广场停车场,上虞区,70,0,2024-12-10 11:05:00
604002,梁祝大桥东桥下停车场,上虞区,95,57,2024-12-10 11:05:00
604013,第二人民医院停车场,上虞区,350,72,2024-12-10 11:05:00
604007,信义广场北停车场,上虞区,41,36,2024-12-10 11:05:00
19120915472614497,咪网测试停车场,上虞区,97,100,2024-12-10 11:05:00
604004,保驾山停车场,上虞区,37,0,2024-12-10 11:05:00
604005,人民桥下停车场,上虞区,40,0,2024-12-10 11:05:00
604006,供销社停车场,上虞区,106,0,2024-12-10 11:05:00
604011,雅图停车场,上虞区,60,0,2024-12-10 11:05:00
604009,保驾山夜排挡停车场,上虞区,106,0,2024-12-10 11:05:00
19120915472614497,咪网测试停车场,上虞区,97,100,2024-12-10 11:00:00
604002,梁祝大桥东桥下停车场,上虞区,95,57,2024-12-10 11:00:00
604004,保驾山停车场,上虞区,37,0,2024-12-10 11:00:00
604009,保驾山夜排挡停车场,上虞区,106,0,2024-12-10 11:00:00
604006,供销社停车场,上虞区,106,0,2024-12-10 11:00:00
604007,信义广场北停车场,上虞区,41,34,2024-12-10 11:00:00
604012,人民桥下2号停车场,上虞区,60,24,2024-12-10 11:00:00
604011,雅图停车场,上虞区,60,0,2024-12-10 11:00:00
604003,信义广场南停车场,上虞区,15,15,2024-12-10 11:00:00
604013,第二人民医院停车场,上虞区,350,72,2024-12-10 11:00:00
24032610340324759,小越历史街区停车场,上虞区,74,0,2024-12-10 11:00:00
604008,青春广场停车场,上虞区,70,0,2024-12-10 11:00:00
604005,人民桥下停车场,上虞区,40,0,2024-12-10 11:00:00
604008,青春广场停车场,上虞区,70,0,2024-12-10 10:55:00
604003,信义广场南停车场,上虞区,15,15,2024-12-10 10:55:00
604004,保驾山停车场,上虞区,37,0,2024-12-10 10:55:00
604009,保驾山夜排挡停车场,上虞区,106,0,2024-12-10 10:55:00
604005,人民桥下停车场,上虞区,40,0,2024-12-10 10:55:00
604013,第二人民医院停车场,上虞区,350,64,2024-12-10 10:55:00
604012,人民桥下2号停车场,上虞区,60,24,2024-12-10 10:55:00
24032610340324759,小越历史街区停车场,上虞区,74,0,2024-12-10 10:55:00
604007,信义广场北停车场,上虞区,41,34,2024-12-10 10:55:00
604002,梁祝大桥东桥下停车场,上虞区,95,56,2024-12-10 10:55:00
19120915472614497,咪网测试停车场,上虞区,97,100,2024-12-10 10:55:00
604011,雅图停车场,上虞区,60,0,2024-12-10 10:55:00
604006,供销社停车场,上虞区,106,0,2024-12-10 10:55:00
604006,供销社停车场,上虞区,106,0,2024-12-10 10:50:00
604012,人民桥下2号停车场,上虞区,60,24,2024-12-10 10:50:00
604004,保驾山停车场,上虞区,37,0,2024-12-10 10:50:00
604013,第二人民医院停车场,上虞区,350,60,2024-12-10 10:50:00
604007,信义广场北停车场,上虞区,41,35,2024-12-10 10:50:00
604011,雅图停车场,上虞区,60,0,2024-12-10 10:50:00
604002,梁祝大桥东桥下停车场,上虞区,95,57,2024-12-10 10:50:00
19120915472614497,咪网测试停车场,上虞区,97,100,2024-12-10 10:50:00
24032610340324759,小越历史街区停车场,上虞区,74,0,2024-12-10 10:50:00
604005,人民桥下停车场,上虞区,40,0,2024-12-10 10:50:00
604009,保驾山夜排挡停车场,上虞区,106,0,2024-12-10 10:50:00
604003,信义广场南停车场,上虞区,15,15,2024-12-10 10:50:00
604008,青春广场停车场,上虞区,70,0,2024-12-10 10:50:00
19120915472614497,咪网测试停车场,上虞区,97,100,2024-12-10 10:45:00
604004,保驾山停车场,上虞区,37,0,2024-12-10 10:45:00
604002,梁祝大桥东桥下停车场,上虞区,95,57,2024-12-10 10:45:00
604008,青春广场停车场,上虞区,70,0,2024-12-10 10:45:00
604013,第二人民医院停车场,上虞区,350,61,2024-12-10 10:45:00
604006,供销社停车场,上虞区,106,0,2024-12-10 10:45:00
604003,信义广场南停车场,上虞区,15,15,2024-12-10 10:45:00
604005,人民桥下停车场,上虞区,40,0,2024-12-10 10:45:00
604012,人民桥下2号停车场,上虞区,60,24,2024-12-10 10:45:00
604007,信义广场北停车场,上虞区,41,35,2024-12-10 10:45:00
604009,保驾山夜排挡停车场,上虞区,106,0,2024-12-10 10:45:00
604011,雅图停车场,上虞区,60,0,2024-12-10 10:45:00
24032610340324759,小越历史街区停车场,上虞区,74,0,2024-12-10 10:45:00
604008,青春广场停车场,上虞区,70,0,2024-12-10 10:40:00
604011,雅图停车场,上虞区,60,0,2024-12-10 10:40:00
604007,信义广场北停车场,上虞区,41,36,2024-12-10 10:40:00
604013,第二人民医院停车场,上虞区,350,60,2024-12-10 10:40:00
604002,梁祝大桥东桥下停车场,上虞区,95,57,2024-12-10 10:40:00
604005,人民桥下停车场,上虞区,40,0,2024-12-10 10:40:00
604012,人民桥下2号停车场,上虞区,60,24,2024-12-10 10:40:00
604003,信义广场南停车场,上虞区,15,15,2024-12-10 10:40:00
604006,供销社停车场,上虞区,106,0,2024-12-10 10:40:00
24032610340324759,小越历史街区停车场,上虞区,74,0,2024-12-10 10:40:00
604009,保驾山夜排挡停车场,上虞区,106,0,2024-12-10 10:40:00
19120915472614497,咪网测试停车场,上虞区,97,100,2024-12-10 10:40:00
604004,保驾山停车场,上虞区,37,0,2024-12-10 10:40:00
604002,梁祝大桥东桥下停车场,上虞区,95,57,2024-12-10 10:35:00
604008,青春广场停车场,上虞区,70,0,2024-12-10 10:35:00
604009,保驾山夜排挡停车场,上虞区,106,0,2024-12-10 10:35:00
604006,供销社停车场,上虞区,106,0,2024-12-10 10:35:00
604003,信义广场南停车场,上虞区,15,15,2024-12-10 10:35:00
24032610340324759,小越历史街区停车场,上虞区,74,0,2024-12-10 10:35:00
604013,第二人民医院停车场,上虞区,350,53,2024-12-10 10:35:00
604005,人民桥下停车场,上虞区,40,0,2024-12-10 10:35:00
604007,信义广场北停车场,上虞区,41,36,2024-12-10 10:35:00
19120915472614497,咪网测试停车场,上虞区,97,100,2024-12-10 10:35:00
604011,雅图停车场,上虞区,60,0,2024-12-10 10:35:00
604004,保驾山停车场,上虞区,37,0,2024-12-10 10:35:00
604012,人民桥下2号停车场,上虞区,60,24,2024-12-10 10:35:00
604007,信义广场北停车场,上虞区,41,37,2024-12-10 10:30:00
19120915472614497,咪网测试停车场,上虞区,97,100,2024-12-10 10:30:00
604004,保驾山停车场,上虞区,37,0,2024-12-10 10:30:00
604009,保驾山夜排挡停车场,上虞区,106,0,2024-12-10 10:30:00
604011,雅图停车场,上虞区,60,0,2024-12-10 10:30:00
604002,梁祝大桥东桥下停车场,上虞区,95,57,2024-12-10 10:30:00
604005,人民桥下停车场,上虞区,40,0,2024-12-10 10:30:00
604003,信义广场南停车场,上虞区,15,15,2024-12-10 10:30:00
604012,人民桥下2号停车场,上虞区,60,24,2024-12-10 10:30:00
24032610340324759,小越历史街区停车场,上虞区,74,0,2024-12-10 10:30:00
604006,供销社停车场,上虞区,106,0,2024-12-10 10:30:00
604008,青春广场停车场,上虞区,70,0,2024-12-10 10:30:00
604013,第二人民医院停车场,上虞区,350,45,2024-12-10 10:30:00
604004,保驾山停车场,上虞区,37,0,2024-12-10 10:25:00
604006,供销社停车场,上虞区,106,0,2024-12-10 10:25:00
604005,人民桥下停车场,上虞区,40,0,2024-12-10 10:25:00
604008,青春广场停车场,上虞区,70,0,2024-12-10 10:25:00
604002,梁祝大桥东桥下停车场,上虞区,95,57,2024-12-10 10:25:00
604007,信义广场北停车场,上虞区,41,36,2024-12-10 10:25:00
604009,保驾山夜排挡停车场,上虞区,106,0,2024-12-10 10:25:00
604013,第二人民医院停车场,上虞区,350,42,2024-12-10 10:25:00
19120915472614497,咪网测试停车场,上虞区,97,100,2024-12-10 10:25:00
604011,雅图停车场,上虞区,60,0,2024-12-10 10:25:00
604012,人民桥下2号停车场,上虞区,60,24,2024-12-10 10:25:00
604003,信义广场南停车场,上虞区,15,15,2024-12-10 10:25:00
24032610340324759,小越历史街区停车场,上虞区,74,0,2024-12-10 10:25:00
604006,供销社停车场,上虞区,106,0,2024-12-10 10:20:00
604011,雅图停车场,上虞区,60,0,2024-12-10 10:20:00
604012,人民桥下2号停车场,上虞区,60,25,2024-12-10 10:20:00
604009,保驾山夜排挡停车场,上虞区,106,0,2024-12-10 10:20:00
604004,保驾山停车场,上虞区,37,0,2024-12-10 10:20:00
604008,青春广场停车场,上虞区,70,0,2024-12-10 10:20:00
24032610340324759,小越历史街区停车场,上虞区,74,0,2024-12-10 10:20:00
604013,第二人民医院停车场,上虞区,350,41,2024-12-10 10:20:00
604002,梁祝大桥东桥下停车场,上虞区,95,57,2024-12-10 10:20:00
604007,信义广场北停车场,上虞区,41,36,2024-12-10 10:20:00
604005,人民桥下停车场,上虞区,40,0,2024-12-10 10:20:00
19120915472614497,咪网测试停车场,上虞区,97,100,2024-12-10 10:20:00
604003,信义广场南停车场,上虞区,15,15,2024-12-10 10:20:00
604011,雅图停车场,上虞区,60,0,2024-12-10 10:15:00
604002,梁祝大桥东桥下停车场,上虞区,95,57,2024-12-10 10:15:00
19120915472614497,咪网测试停车场,上虞区,97,100,2024-12-10 10:15:00
604013,第二人民医院停车场,上虞区,350,41,2024-12-10 10:15:00
604003,信义广场南停车场,上虞区,15,15,2024-12-10 10:15:00
604008,青春广场停车场,上虞区,70,0,2024-12-10 10:15:00
604007,信义广场北停车场,上虞区,41,36,2024-12-10 10:15:00
24032610340324759,小越历史街区停车场,上虞区,74,0,2024-12-10 10:15:00
604005,人民桥下停车场,上虞区,40,0,2024-12-10 10:15:00
604012,人民桥下2号停车场,上虞区,60,25,2024-12-10 10:15:00
604006,供销社停车场,上虞区,106,0,2024-12-10 10:15:00
604004,保驾山停车场,上虞区,37,0,2024-12-10 10:15:00
604009,保驾山夜排挡停车场,上虞区,106,0,2024-12-10 10:15:00
604002,梁祝大桥东桥下停车场,上虞区,95,56,2024-12-10 10:10:00
604005,人民桥下停车场,上虞区,40,0,2024-12-10 10:10:00
604004,保驾山停车场,上虞区,37,0,2024-12-10 10:10:00
604003,信义广场南停车场,上虞区,15,15,2024-12-10 10:10:00
604013,第二人民医院停车场,上虞区,350,39,2024-12-10 10:10:00
604008,青春广场停车场,上虞区,70,0,2024-12-10 10:10:00
604007,信义广场北停车场,上虞区,41,36,2024-12-10 10:10:00
24032610340324759,小越历史街区停车场,上虞区,74,0,2024-12-10 10:10:00
604006,供销社停车场,上虞区,106,0,2024-12-10 10:10:00
604012,人民桥下2号停车场,上虞区,60,25,2024-12-10 10:10:00
19120915472614497,咪网测试停车场,上虞区,97,100,2024-12-10 10:10:00
604011,雅图停车场,上虞区,60,0,2024-12-10 10:10:00
604009,保驾山夜排挡停车场,上虞区,106,0,2024-12-10 10:10:00
604007,信义广场北停车场,上虞区,41,37,2024-12-10 10:05:00
604002,梁祝大桥东桥下停车场,上虞区,95,56,2024-12-10 10:05:00
604012,人民桥下2号停车场,上虞区,60,25,2024-12-10 10:05:00
604011,雅图停车场,上虞区,60,0,2024-12-10 10:05:00
19120915472614497,咪网测试停车场,上虞区,97,100,2024-12-10 10:05:00
604006,供销社停车场,上虞区,106,0,2024-12-10 10:05:00
604008,青春广场停车场,上虞区,70,0,2024-12-10 10:05:00
604009,保驾山夜排挡停车场,上虞区,106,0,2024-12-10 10:05:00
604005,人民桥下停车场,上虞区,40,0,2024-12-10 10:05:00
24032610340324759,小越历史街区停车场,上虞区,74,0,2024-12-10 10:05:00
604004,保驾山停车场,上虞区,37,0,2024-12-10 10:05:00
604003,信义广场南停车场,上虞区,15,15,2024-12-10 10:05:00
604013,第二人民医院停车场,上虞区,350,42,2024-12-10 10:05:00
604005,人民桥下停车场,上虞区,40,0,2024-12-10 10:00:00
24032610340324759,小越历史街区停车场,上虞区,74,0,2024-12-10 10:00:00
604002,梁祝大桥东桥下停车场,上虞区,95,56,2024-12-10 10:00:00
604003,信义广场南停车场,上虞区,15,15,2024-12-10 10:00:00
604006,供销社停车场,上虞区,106,0,2024-12-10 10:00:00
604009,保驾山夜排挡停车场,上虞区,106,0,2024-12-10 10:00:00
19120915472614497,咪网测试停车场,上虞区,97,100,2024-12-10 10:00:00
604008,青春广场停车场,上虞区,70,0,2024-12-10 10:00:00
604007,信义广场北停车场,上虞区,41,37,2024-12-10 10:00:00
604013,第二人民医院停车场,上虞区,350,36,2024-12-10 10:00:00
604004,保驾山停车场,上虞区,37,0,2024-12-10 10:00:00
604012,人民桥下2号停车场,上虞区,60,25,2024-12-10 10:00:00
604011,雅图停车场,上虞区,60,0,2024-12-10 10:00:00
604005,人民桥下停车场,上虞区,40,0,2024-12-10 09:55:00
604006,供销社停车场,上虞区,106,0,2024-12-10 09:55:00
604008,青春广场停车场,上虞区,70,0,2024-12-10 09:55:00
604013,第二人民医院停车场,上虞区,350,31,2024-12-10 09:55:00
24032610340324759,小越历史街区停车场,上虞区,74,0,2024-12-10 09:55:00
604012,人民桥下2号停车场,上虞区,60,25,2024-12-10 09:55:00
604011,雅图停车场,上虞区,60,0,2024-12-10 09:55:00
19120915472614497,咪网测试停车场,上虞区,97,100,2024-12-10 09:55:00
604007,信义广场北停车场,上虞区,41,37,2024-12-10 09:55:00
604009,保驾山夜排挡停车场,上虞区,106,0,2024-12-10 09:55:00
604004,保驾山停车场,上虞区,37,0,2024-12-10 09:55:00
604002,梁祝大桥东桥下停车场,上虞区,95,57,2024-12-10 09:55:00
604003,信义广场南停车场,上虞区,15,15,2024-12-10 09:55:00
604006,供销社停车场,上虞区,106,0,2024-12-10 09:50:00
604002,梁祝大桥东桥下停车场,上虞区,95,57,2024-12-10 09:50:00
604004,保驾山停车场,上虞区,37,0,2024-12-10 09:50:00
604007,信义广场北停车场,上虞区,41,37,2024-12-10 09:50:00
24032610340324759,小越历史街区停车场,上虞区,74,0,2024-12-10 09:50:00
604003,信义广场南停车场,上虞区,15,15,2024-12-10 09:50:00
604012,人民桥下2号停车场,上虞区,60,25,2024-12-10 09:50:00
604005,人民桥下停车场,上虞区,40,0,2024-12-10 09:50:00
19120915472614497,咪网测试停车场,上虞区,97,100,2024-12-10 09:50:00
604009,保驾山夜排挡停车场,上虞区,106,0,2024-12-10 09:50:00
604013,第二人民医院停车场,上虞区,350,24,2024-12-10 09:50:00
604008,青春广场停车场,上虞区,70,0,2024-12-10 09:50:00
604011,雅图停车场,上虞区,60,0,2024-12-10 09:50:00
604011,雅图停车场,上虞区,60,0,2024-12-10 09:45:00
24032610340324759,小越历史街区停车场,上虞区,74,0,2024-12-10 09:45:00
604003,信义广场南停车场,上虞区,15,15,2024-12-10 09:45:00
604009,保驾山夜排挡停车场,上虞区,106,0,2024-12-10 09:45:00
604006,供销社停车场,上虞区,106,0,2024-12-10 09:45:00
604004,保驾山停车场,上虞区,37,0,2024-12-10 09:45:00
604005,人民桥下停车场,上虞区,40,0,2024-12-10 09:45:00
604002,梁祝大桥东桥下停车场,上虞区,95,57,2024-12-10 09:45:00
604012,人民桥下2号停车场,上虞区,60,25,2024-12-10 09:45:00
19120915472614497,咪网测试停车场,上虞区,97,100,2024-12-10 09:45:00
604013,第二人民医院停车场,上虞区,350,28,2024-12-10 09:45:00
604007,信义广场北停车场,上虞区,41,37,2024-12-10 09:45:00
604008,青春广场停车场,上虞区,70,0,2024-12-10 09:45:00
19120915472614497,咪网测试停车场,上虞区,97,100,2024-12-10 09:40:00
604013,第二人民医院停车场,上虞区,350,29,2024-12-10 09:40:00
604005,人民桥下停车场,上虞区,40,0,2024-12-10 09:40:00
604009,保驾山夜排挡停车场,上虞区,106,0,2024-12-10 09:40:00
604006,供销社停车场,上虞区,106,0,2024-12-10 09:40:00
604011,雅图停车场,上虞区,60,0,2024-12-10 09:40:00
604004,保驾山停车场,上虞区,37,0,2024-12-10 09:40:00
604008,青春广场停车场,上虞区,70,0,2024-12-10 09:40:00
24032610340324759,小越历史街区停车场,上虞区,74,0,2024-12-10 09:40:00
604003,信义广场南停车场,上虞区,15,15,2024-12-10 09:40:00
604007,信义广场北停车场,上虞区,41,37,2024-12-10 09:40:00
604002,梁祝大桥东桥下停车场,上虞区,95,57,2024-12-10 09:40:00
604012,人民桥下2号停车场,上虞区,60,25,2024-12-10 09:40:00
19120915472614497,咪网测试停车场,上虞区,97,100,2024-12-10 09:35:00
604013,第二人民医院停车场,上虞区,350,28,2024-12-10 09:35:00
604007,信义广场北停车场,上虞区,41,37,2024-12-10 09:35:00
604012,人民桥下2号停车场,上虞区,60,25,2024-12-10 09:35:00
604004,保驾山停车场,上虞区,37,0,2024-12-10 09:35:00
604008,青春广场停车场,上虞区,70,0,2024-12-10 09:35:00
24032610340324759,小越历史街区停车场,上虞区,74,0,2024-12-10 09:35:00
604009,保驾山夜排挡停车场,上虞区,106,0,2024-12-10 09:35:00
604011,雅图停车场,上虞区,60,0,2024-12-10 09:35:00
604005,人民桥下停车场,上虞区,40,0,2024-12-10 09:35:00
604002,梁祝大桥东桥下停车场,上虞区,95,57,2024-12-10 09:35:00
604006,供销社停车场,上虞区,106,0,2024-12-10 09:35:00
604003,信义广场南停车场,上虞区,15,15,2024-12-10 09:35:00
24032610340324759,小越历史街区停车场,上虞区,74,0,2024-12-10 09:30:00
19120915472614497,咪网测试停车场,上虞区,97,100,2024-12-10 09:30:00
604013,第二人民医院停车场,上虞区,350,20,2024-12-10 09:30:00
604008,青春广场停车场,上虞区,70,0,2024-12-10 09:30:00
604002,梁祝大桥东桥下停车场,上虞区,95,57,2024-12-10 09:30:00
604003,信义广场南停车场,上虞区,15,15,2024-12-10 09:30:00
604005,人民桥下停车场,上虞区,40,0,2024-12-10 09:30:00
604007,信义广场北停车场,上虞区,41,37,2024-12-10 09:30:00
604006,供销社停车场,上虞区,106,0,2024-12-10 09:30:00
604011,雅图停车场,上虞区,60,0,2024-12-10 09:30:00
604004,保驾山停车场,上虞区,37,0,2024-12-10 09:30:00
604012,人民桥下2号停车场,上虞区,60,25,2024-12-10 09:30:00
604009,保驾山夜排挡停车场,上虞区,106,0,2024-12-10 09:30:00
604011,雅图停车场,上虞区,60,0,2024-12-10 09:25:00
604006,供销社停车场,上虞区,106,0,2024-12-10 09:25:00
604007,信义广场北停车场,上虞区,41,37,2024-12-10 09:25:00
604005,人民桥下停车场,上虞区,40,0,2024-12-10 09:25:00
604008,青春广场停车场,上虞区,70,0,2024-12-10 09:25:00
24032610340324759,小越历史街区停车场,上虞区,74,0,2024-12-10 09:25:00
604012,人民桥下2号停车场,上虞区,60,25,2024-12-10 09:25:00
604002,梁祝大桥东桥下停车场,上虞区,95,57,2024-12-10 09:25:00
604003,信义广场南停车场,上虞区,15,15,2024-12-10 09:25:00
604013,第二人民医院停车场,上虞区,350,16,2024-12-10 09:25:00
604004,保驾山停车场,上虞区,37,0,2024-12-10 09:25:00
19120915472614497,咪网测试停车场,上虞区,97,100,2024-12-10 09:25:00
604009,保驾山夜排挡停车场,上虞区,106,0,2024-12-10 09:25:00
19120915472614497,咪网测试停车场,上虞区,97,100,2024-12-10 09:20:00
604008,青春广场停车场,上虞区,70,0,2024-12-10 09:20:00
604011,雅图停车场,上虞区,60,0,2024-12-10 09:20:00
604002,梁祝大桥东桥下停车场,上虞区,95,57,2024-12-10 09:20:00
604013,第二人民医院停车场,上虞区,350,11,2024-12-10 09:20:00
604004,保驾山停车场,上虞区,37,0,2024-12-10 09:20:00
604007,信义广场北停车场,上虞区,41,37,2024-12-10 09:20:00
24032610340324759,小越历史街区停车场,上虞区,74,0,2024-12-10 09:20:00
604003,信义广场南停车场,上虞区,15,15,2024-12-10 09:20:00
604005,人民桥下停车场,上虞区,40,0,2024-12-10 09:20:00
604012,人民桥下2号停车场,上虞区,60,25,2024-12-10 09:20:00
604006,供销社停车场,上虞区,106,0,2024-12-10 09:20:00
604009,保驾山夜排挡停车场,上虞区,106,0,2024-12-10 09:20:00
604005,人民桥下停车场,上虞区,40,0,2024-12-10 09:15:00
604008,青春广场停车场,上虞区,70,0,2024-12-10 09:15:00
604004,保驾山停车场,上虞区,37,0,2024-12-10 09:15:00
604013,第二人民医院停车场,上虞区,350,18,2024-12-10 09:15:00
604011,雅图停车场,上虞区,60,0,2024-12-10 09:15:00
604007,信义广场北停车场,上虞区,41,36,2024-12-10 09:15:00
604006,供销社停车场,上虞区,106,0,2024-12-10 09:15:00
604002,梁祝大桥东桥下停车场,上虞区,95,57,2024-12-10 09:15:00
19120915472614497,咪网测试停车场,上虞区,97,100,2024-12-10 09:15:00
604009,保驾山夜排挡停车场,上虞区,106,0,2024-12-10 09:15:00
604012,人民桥下2号停车场,上虞区,60,25,2024-12-10 09:15:00
604003,信义广场南停车场,上虞区,15,15,2024-12-10 09:15:00
24032610340324759,小越历史街区停车场,上虞区,74,0,2024-12-10 09:15:00
604008,青春广场停车场,上虞区,70,0,2024-12-10 09:10:00
604004,保驾山停车场,上虞区,37,0,2024-12-10 09:10:00
604003,信义广场南停车场,上虞区,15,15,2024-12-10 09:10:00
604009,保驾山夜排挡停车场,上虞区,106,0,2024-12-10 09:10:00
604012,人民桥下2号停车场,上虞区,60,25,2024-12-10 09:10:00
604002,梁祝大桥东桥下停车场,上虞区,95,57,2024-12-10 09:10:00
604005,人民桥下停车场,上虞区,40,0,2024-12-10 09:10:00
19120915472614497,咪网测试停车场,上虞区,97,100,2024-12-10 09:10:00
604007,信义广场北停车场,上虞区,41,36,2024-12-10 09:10:00
604006,供销社停车场,上虞区,106,0,2024-12-10 09:10:00
604013,第二人民医院停车场,上虞区,350,16,2024-12-10 09:10:00
604011,雅图停车场,上虞区,60,0,2024-12-10 09:10:00
24032610340324759,小越历史街区停车场,上虞区,74,0,2024-12-10 09:10:00
604002,梁祝大桥东桥下停车场,上虞区,95,57,2024-12-10 09:05:00
19120915472614497,咪网测试停车场,上虞区,97,100,2024-12-10 09:05:00
604006,供销社停车场,上虞区,106,0,2024-12-10 09:05:00
604004,保驾山停车场,上虞区,37,0,2024-12-10 09:05:00
604011,雅图停车场,上虞区,60,0,2024-12-10 09:05:00
604009,保驾山夜排挡停车场,上虞区,106,0,2024-12-10 09:05:00
604008,青春广场停车场,上虞区,70,0,2024-12-10 09:05:00
24032610340324759,小越历史街区停车场,上虞区,74,0,2024-12-10 09:05:00
604007,信义广场北停车场,上虞区,41,37,2024-12-10 09:05:00
604003,信义广场南停车场,上虞区,15,15,2024-12-10 09:05:00
604005,人民桥下停车场,上虞区,40,0,2024-12-10 09:05:00
604012,人民桥下2号停车场,上虞区,60,25,2024-12-10 09:05:00
604013,第二人民医院停车场,上虞区,350,22,2024-12-10 09:05:00
604006,供销社停车场,上虞区,106,0,2024-12-10 09:00:00
604007,信义广场北停车场,上虞区,41,37,2024-12-10 09:00:00
604002,梁祝大桥东桥下停车场,上虞区,95,57,2024-12-10 09:00:00
604012,人民桥下2号停车场,上虞区,60,25,2024-12-10 09:00:00
604009,保驾山夜排挡停车场,上虞区,106,0,2024-12-10 09:00:00
604013,第二人民医院停车场,上虞区,350,22,2024-12-10 09:00:00
19120915472614497,咪网测试停车场,上虞区,97,100,2024-12-10 09:00:00
604003,信义广场南停车场,上虞区,15,15,2024-12-10 09:00:00
604004,保驾山停车场,上虞区,37,0,2024-12-10 09:00:00
24032610340324759,小越历史街区停车场,上虞区,74,0,2024-12-10 09:00:00
604011,雅图停车场,上虞区,60,0,2024-12-10 09:00:00
604005,人民桥下停车场,上虞区,40,0,2024-12-10 09:00:00
604008,青春广场停车场,上虞区,70,0,2024-12-10 09:00:00
604002,梁祝大桥东桥下停车场,上虞区,95,57,2024-12-10 08:55:00
604008,青春广场停车场,上虞区,70,0,2024-12-10 08:55:00
604013,第二人民医院停车场,上虞区,350,25,2024-12-10 08:55:00
604003,信义广场南停车场,上虞区,15,15,2024-12-10 08:55:00
604007,信义广场北停车场,上虞区,41,37,2024-12-10 08:55:00
24032610340324759,小越历史街区停车场,上虞区,74,0,2024-12-10 08:55:00
604009,保驾山夜排挡停车场,上虞区,106,0,2024-12-10 08:55:00
604006,供销社停车场,上虞区,106,0,2024-12-10 08:55:00
604005,人民桥下停车场,上虞区,40,0,2024-12-10 08:55:00
604004,保驾山停车场,上虞区,37,0,2024-12-10 08:55:00
604012,人民桥下2号停车场,上虞区,60,26,2024-12-10 08:55:00
604011,雅图停车场,上虞区,60,0,2024-12-10 08:55:00
19120915472614497,咪网测试停车场,上虞区,97,100,2024-12-10 08:55:00
604006,供销社停车场,上虞区,106,0,2024-12-10 08:50:00
604012,人民桥下2号停车场,上虞区,60,26,2024-12-10 08:50:00
604008,青春广场停车场,上虞区,70,0,2024-12-10 08:50:00
604013,第二人民医院停车场,上虞区,350,24,2024-12-10 08:50:00
24032610340324759,小越历史街区停车场,上虞区,74,0,2024-12-10 08:50:00
19120915472614497,咪网测试停车场,上虞区,97,100,2024-12-10 08:50:00
604003,信义广场南停车场,上虞区,15,15,2024-12-10 08:50:00
604011,雅图停车场,上虞区,60,0,2024-12-10 08:50:00
604007,信义广场北停车场,上虞区,41,37,2024-12-10 08:50:00
604004,保驾山停车场,上虞区,37,0,2024-12-10 08:50:00
604005,人民桥下停车场,上虞区,40,0,2024-12-10 08:50:00
604002,梁祝大桥东桥下停车场,上虞区,95,57,2024-12-10 08:50:00
604009,保驾山夜排挡停车场,上虞区,106,0,2024-12-10 08:50:00
604009,保驾山夜排挡停车场,上虞区,106,0,2024-12-10 08:45:00
604003,信义广场南停车场,上虞区,15,15,2024-12-10 08:45:00
24032610340324759,小越历史街区停车场,上虞区,74,0,2024-12-10 08:45:00
604004,保驾山停车场,上虞区,37,0,2024-12-10 08:45:00
19120915472614497,咪网测试停车场,上虞区,97,100,2024-12-10 08:45:00
604012,人民桥下2号停车场,上虞区,60,26,2024-12-10 08:45:00
604007,信义广场北停车场,上虞区,41,37,2024-12-10 08:45:00
604008,青春广场停车场,上虞区,70,0,2024-12-10 08:45:00
604005,人民桥下停车场,上虞区,40,0,2024-12-10 08:45:00
604006,供销社停车场,上虞区,106,0,2024-12-10 08:45:00
604002,梁祝大桥东桥下停车场,上虞区,95,57,2024-12-10 08:45:00
604011,雅图停车场,上虞区,60,0,2024-12-10 08:45:00
604013,第二人民医院停车场,上虞区,350,33,2024-12-10 08:45:00
19120915472614497,咪网测试停车场,上虞区,97,100,2024-12-10 08:40:00
604009,保驾山夜排挡停车场,上虞区,106,0,2024-12-10 08:40:00
604006,供销社停车场,上虞区,106,0,2024-12-10 08:40:00
604011,雅图停车场,上虞区,60,0,2024-12-10 08:40:00
604003,信义广场南停车场,上虞区,15,15,2024-12-10 08:40:00
24032610340324759,小越历史街区停车场,上虞区,74,0,2024-12-10 08:40:00
604007,信义广场北停车场,上虞区,41,37,2024-12-10 08:40:00
604002,梁祝大桥东桥下停车场,上虞区,95,57,2024-12-10 08:40:00
604005,人民桥下停车场,上虞区,40,0,2024-12-10 08:40:00
604008,青春广场停车场,上虞区,70,0,2024-12-10 08:40:00
604013,第二人民医院停车场,上虞区,350,40,2024-12-10 08:40:00
604012,人民桥下2号停车场,上虞区,60,27,2024-12-10 08:40:00
604004,保驾山停车场,上虞区,37,0,2024-12-10 08:40:00
604012,人民桥下2号停车场,上虞区,60,28,2024-12-10 08:35:00
604013,第二人民医院停车场,上虞区,350,47,2024-12-10 08:35:00
24032610340324759,小越历史街区停车场,上虞区,74,0,2024-12-10 08:35:00
604005,人民桥下停车场,上虞区,40,0,2024-12-10 08:35:00
19120915472614497,咪网测试停车场,上虞区,97,100,2024-12-10 08:35:00
604003,信义广场南停车场,上虞区,15,15,2024-12-10 08:35:00
604002,梁祝大桥东桥下停车场,上虞区,95,56,2024-12-10 08:35:00
604011,雅图停车场,上虞区,60,0,2024-12-10 08:35:00
604006,供销社停车场,上虞区,106,0,2024-12-10 08:35:00
604008,青春广场停车场,上虞区,70,0,2024-12-10 08:35:00
604004,保驾山停车场,上虞区,37,0,2024-12-10 08:35:00
604009,保驾山夜排挡停车场,上虞区,106,0,2024-12-10 08:35:00
604007,信义广场北停车场,上虞区,41,37,2024-12-10 08:35:00
604012,人民桥下2号停车场,上虞区,60,29,2024-12-10 08:30:00
604004,保驾山停车场,上虞区,37,0,2024-12-10 08:30:00
604011,雅图停车场,上虞区,60,0,2024-12-10 08:30:00
604013,第二人民医院停车场,上虞区,350,58,2024-12-10 08:30:00
19120915472614497,咪网测试停车场,上虞区,97,100,2024-12-10 08:30:00
604009,保驾山夜排挡停车场,上虞区,106,0,2024-12-10 08:30:00
24032610340324759,小越历史街区停车场,上虞区,74,0,2024-12-10 08:30:00
604002,梁祝大桥东桥下停车场,上虞区,95,56,2024-12-10 08:30:00
604003,信义广场南停车场,上虞区,15,15,2024-12-10 08:30:00
604005,人民桥下停车场,上虞区,40,0,2024-12-10 08:30:00
604007,信义广场北停车场,上虞区,41,37,2024-12-10 08:30:00
604008,青春广场停车场,上虞区,70,0,2024-12-10 08:30:00
604006,供销社停车场,上虞区,106,0,2024-12-10 08:30:00
604006,供销社停车场,上虞区,106,0,2024-12-10 08:25:00
604002,梁祝大桥东桥下停车场,上虞区,95,56,2024-12-10 08:25:00
604005,人民桥下停车场,上虞区,40,0,2024-12-10 08:25:00
604004,保驾山停车场,上虞区,37,0,2024-12-10 08:25:00
24032610340324759,小越历史街区停车场,上虞区,74,0,2024-12-10 08:25:00
604008,青春广场停车场,上虞区,70,0,2024-12-10 08:25:00
604012,人民桥下2号停车场,上虞区,60,28,2024-12-10 08:25:00
604007,信义广场北停车场,上虞区,41,37,2024-12-10 08:25:00
604009,保驾山夜排挡停车场,上虞区,106,0,2024-12-10 08:25:00
604011,雅图停车场,上虞区,60,0,2024-12-10 08:25:00
604013,第二人民医院停车场,上虞区,350,61,2024-12-10 08:25:00
19120915472614497,咪网测试停车场,上虞区,97,100,2024-12-10 08:25:00
604003,信义广场南停车场,上虞区,15,15,2024-12-10 08:25:00
604013,第二人民医院停车场,上虞区,350,66,2024-12-10 08:20:00
604007,信义广场北停车场,上虞区,41,38,2024-12-10 08:20:00
604012,人民桥下2号停车场,上虞区,60,28,2024-12-10 08:20:00
604011,雅图停车场,上虞区,60,0,2024-12-10 08:20:00
604009,保驾山夜排挡停车场,上虞区,106,0,2024-12-10 08:20:00
604006,供销社停车场,上虞区,106,0,2024-12-10 08:20:00
604004,保驾山停车场,上虞区,37,0,2024-12-10 08:20:00
19120915472614497,咪网测试停车场,上虞区,97,100,2024-12-10 08:20:00
24032610340324759,小越历史街区停车场,上虞区,74,0,2024-12-10 08:20:00
604003,信义广场南停车场,上虞区,15,15,2024-12-10 08:20:00
604005,人民桥下停车场,上虞区,40,0,2024-12-10 08:20:00
604008,青春广场停车场,上虞区,70,0,2024-12-10 08:20:00
604002,梁祝大桥东桥下停车场,上虞区,95,56,2024-12-10 08:20:00
604013,第二人民医院停车场,上虞区,350,71,2024-12-10 08:15:00
604012,人民桥下2号停车场,上虞区,60,28,2024-12-10 08:15:00
604006,供销社停车场,上虞区,106,0,2024-12-10 08:15:00
24032610340324759,小越历史街区停车场,上虞区,74,0,2024-12-10 08:15:00
604004,保驾山停车场,上虞区,37,0,2024-12-10 08:15:00
604008,青春广场停车场,上虞区,70,0,2024-12-10 08:15:00
604007,信义广场北停车场,上虞区,41,38,2024-12-10 08:15:00
604002,梁祝大桥东桥下停车场,上虞区,95,57,2024-12-10 08:15:00
604009,保驾山夜排挡停车场,上虞区,106,0,2024-12-10 08:15:00
19120915472614497,咪网测试停车场,上虞区,97,100,2024-12-10 08:15:00
604003,信义广场南停车场,上虞区,15,15,2024-12-10 08:15:00
604005,人民桥下停车场,上虞区,40,0,2024-12-10 08:15:00
604011,雅图停车场,上虞区,60,0,2024-12-10 08:15:00
604012,人民桥下2号停车场,上虞区,60,26,2024-12-10 08:10:00
604004,保驾山停车场,上虞区,37,0,2024-12-10 08:10:00
604007,信义广场北停车场,上虞区,41,38,2024-12-10 08:10:00
604002,梁祝大桥东桥下停车场,上虞区,95,57,2024-12-10 08:10:00
604009,保驾山夜排挡停车场,上虞区,106,0,2024-12-10 08:10:00
604003,信义广场南停车场,上虞区,15,15,2024-12-10 08:10:00
24032610340324759,小越历史街区停车场,上虞区,74,0,2024-12-10 08:10:00
19120915472614497,咪网测试停车场,上虞区,97,100,2024-12-10 08:10:00
604008,青春广场停车场,上虞区,70,0,2024-12-10 08:10:00
604006,供销社停车场,上虞区,106,0,2024-12-10 08:10:00
604013,第二人民医院停车场,上虞区,350,77,2024-12-10 08:10:00
604005,人民桥下停车场,上虞区,40,0,2024-12-10 08:10:00
604011,雅图停车场,上虞区,60,0,2024-12-10 08:10:00
604006,供销社停车场,上虞区,106,0,2024-12-10 08:05:00
604007,信义广场北停车场,上虞区,41,38,2024-12-10 08:05:00
24032610340324759,小越历史街区停车场,上虞区,74,0,2024-12-10 08:05:00
19120915472614497,咪网测试停车场,上虞区,97,100,2024-12-10 08:05:00
604005,人民桥下停车场,上虞区,40,0,2024-12-10 08:05:00
604004,保驾山停车场,上虞区,37,0,2024-12-10 08:05:00
604008,青春广场停车场,上虞区,70,0,2024-12-10 08:05:00
604009,保驾山夜排挡停车场,上虞区,106,0,2024-12-10 08:05:00
604013,第二人民医院停车场,上虞区,350,89,2024-12-10 08:05:00
604011,雅图停车场,上虞区,60,0,2024-12-10 08:05:00
604012,人民桥下2号停车场,上虞区,60,25,2024-12-10 08:05:00
604003,信义广场南停车场,上虞区,15,15,2024-12-10 08:05:00
604002,梁祝大桥东桥下停车场,上虞区,95,57,2024-12-10 08:05:00
604012,人民桥下2号停车场,上虞区,60,25,2024-12-10 08:00:00
604003,信义广场南停车场,上虞区,15,15,2024-12-10 08:00:00
604004,保驾山停车场,上虞区,37,0,2024-12-10 08:00:00
604005,人民桥下停车场,上虞区,40,0,2024-12-10 08:00:00
604002,梁祝大桥东桥下停车场,上虞区,95,56,2024-12-10 08:00:00
19120915472614497,咪网测试停车场,上虞区,97,100,2024-12-10 08:00:00
604009,保驾山夜排挡停车场,上虞区,106,0,2024-12-10 08:00:00
604006,供销社停车场,上虞区,106,0,2024-12-10 08:00:00
604007,信义广场北停车场,上虞区,41,38,2024-12-10 08:00:00
604008,青春广场停车场,上虞区,70,0,2024-12-10 08:00:00
604013,第二人民医院停车场,上虞区,350,106,2024-12-10 08:00:00
24032610340324759,小越历史街区停车场,上虞区,74,0,2024-12-10 08:00:00
604011,雅图停车场,上虞区,60,0,2024-12-10 08:00:00
604004,保驾山停车场,上虞区,37,0,2024-12-10 07:55:00
604011,雅图停车场,上虞区,60,0,2024-12-10 07:55:00
604003,信义广场南停车场,上虞区,15,15,2024-12-10 07:55:00
24032610340324759,小越历史街区停车场,上虞区,74,0,2024-12-10 07:55:00
604009,保驾山夜排挡停车场,上虞区,106,0,2024-12-10 07:55:00
604007,信义广场北停车场,上虞区,41,38,2024-12-10 07:55:00
604006,供销社停车场,上虞区,106,0,2024-12-10 07:55:00
604005,人民桥下停车场,上虞区,40,0,2024-12-10 07:55:00
604002,梁祝大桥东桥下停车场,上虞区,95,56,2024-12-10 07:55:00
604013,第二人民医院停车场,上虞区,350,126,2024-12-10 07:55:00
19120915472614497,咪网测试停车场,上虞区,97,100,2024-12-10 07:55:00
604008,青春广场停车场,上虞区,70,0,2024-12-10 07:55:00
604012,人民桥下2号停车场,上虞区,60,24,2024-12-10 07:55:00
604011,雅图停车场,上虞区,60,0,2024-12-10 07:50:00
604002,梁祝大桥东桥下停车场,上虞区,95,56,2024-12-10 07:50:00
19120915472614497,咪网测试停车场,上虞区,97,100,2024-12-10 07:50:00
604013,第二人民医院停车场,上虞区,350,159,2024-12-10 07:50:00
604009,保驾山夜排挡停车场,上虞区,106,0,2024-12-10 07:50:00
604003,信义广场南停车场,上虞区,15,15,2024-12-10 07:50:00
604007,信义广场北停车场,上虞区,41,38,2024-12-10 07:50:00
604006,供销社停车场,上虞区,106,0,2024-12-10 07:50:00
604004,保驾山停车场,上虞区,37,0,2024-12-10 07:50:00
604012,人民桥下2号停车场,上虞区,60,24,2024-12-10 07:50:00
604005,人民桥下停车场,上虞区,40,0,2024-12-10 07:50:00
24032610340324759,小越历史街区停车场,上虞区,74,0,2024-12-10 07:50:00
604008,青春广场停车场,上虞区,70,0,2024-12-10 07:50:00
24032610340324759,小越历史街区停车场,上虞区,74,0,2024-12-10 07:45:00
604002,梁祝大桥东桥下停车场,上虞区,95,57,2024-12-10 07:45:00
604012,人民桥下2号停车场,上虞区,60,24,2024-12-10 07:45:00
604007,信义广场北停车场,上虞区,41,38,2024-12-10 07:45:00
604006,供销社停车场,上虞区,106,0,2024-12-10 07:45:00
604008,青春广场停车场,上虞区,70,0,2024-12-10 07:45:00
604003,信义广场南停车场,上虞区,15,15,2024-12-10 07:45:00
604011,雅图停车场,上虞区,60,0,2024-12-10 07:45:00
604009,保驾山夜排挡停车场,上虞区,106,0,2024-12-10 07:45:00
604013,第二人民医院停车场,上虞区,350,194,2024-12-10 07:45:00
604005,人民桥下停车场,上虞区,40,0,2024-12-10 07:45:00
19120915472614497,咪网测试停车场,上虞区,97,100,2024-12-10 07:45:00
604004,保驾山停车场,上虞区,37,0,2024-12-10 07:45:00
604003,信义广场南停车场,上虞区,15,15,2024-12-10 07:40:00
604002,梁祝大桥东桥下停车场,上虞区,95,57,2024-12-10 07:40:00
604004,保驾山停车场,上虞区,37,0,2024-12-10 07:40:00
604006,供销社停车场,上虞区,106,0,2024-12-10 07:40:00
604009,保驾山夜排挡停车场,上虞区,106,0,2024-12-10 07:40:00
604013,第二人民医院停车场,上虞区,350,221,2024-12-10 07:40:00
604012,人民桥下2号停车场,上虞区,60,24,2024-12-10 07:40:00
604011,雅图停车场,上虞区,60,0,2024-12-10 07:40:00
604008,青春广场停车场,上虞区,70,0,2024-12-10 07:40:00
604007,信义广场北停车场,上虞区,41,37,2024-12-10 07:40:00
19120915472614497,咪网测试停车场,上虞区,97,100,2024-12-10 07:40:00
604005,人民桥下停车场,上虞区,40,0,2024-12-10 07:40:00
24032610340324759,小越历史街区停车场,上虞区,74,0,2024-12-10 07:40:00
604007,信义广场北停车场,上虞区,41,36,2024-12-10 07:35:00
604002,梁祝大桥东桥下停车场,上虞区,95,57,2024-12-10 07:35:00
604008,青春广场停车场,上虞区,70,0,2024-12-10 07:35:00
604006,供销社停车场,上虞区,106,0,2024-12-10 07:35:00
24032610340324759,小越历史街区停车场,上虞区,74,0,2024-12-10 07:35:00
604013,第二人民医院停车场,上虞区,350,241,2024-12-10 07:35:00
604011,雅图停车场,上虞区,60,0,2024-12-10 07:35:00
604012,人民桥下2号停车场,上虞区,60,24,2024-12-10 07:35:00
604004,保驾山停车场,上虞区,37,0,2024-12-10 07:35:00
19120915472614497,咪网测试停车场,上虞区,97,100,2024-12-10 07:35:00
604005,人民桥下停车场,上虞区,40,0,2024-12-10 07:35:00
604009,保驾山夜排挡停车场,上虞区,106,0,2024-12-10 07:35:00
604003,信义广场南停车场,上虞区,15,15,2024-12-10 07:35:00
604006,供销社停车场,上虞区,106,0,2024-12-10 07:30:00
604013,第二人民医院停车场,上虞区,350,257,2024-12-10 07:30:00
604012,人民桥下2号停车场,上虞区,60,24,2024-12-10 07:30:00
604002,梁祝大桥东桥下停车场,上虞区,95,57,2024-12-10 07:30:00
19120915472614497,咪网测试停车场,上虞区,97,100,2024-12-10 07:30:00
604003,信义广场南停车场,上虞区,15,15,2024-12-10 07:30:00
604008,青春广场停车场,上虞区,70,0,2024-12-10 07:30:00
604004,保驾山停车场,上虞区,37,0,2024-12-10 07:30:00
604007,信义广场北停车场,上虞区,41,36,2024-12-10 07:30:00
604011,雅图停车场,上虞区,60,0,2024-12-10 07:30:00
604005,人民桥下停车场,上虞区,40,0,2024-12-10 07:30:00
24032610340324759,小越历史街区停车场,上虞区,74,0,2024-12-10 07:30:00
604009,保驾山夜排挡停车场,上虞区,106,0,2024-12-10 07:30:00
604012,人民桥下2号停车场,上虞区,60,24,2024-12-10 07:25:00
604003,信义广场南停车场,上虞区,15,15,2024-12-10 07:25:00
604008,青春广场停车场,上虞区,70,0,2024-12-10 07:25:00
604013,第二人民医院停车场,上虞区,350,273,2024-12-10 07:25:00
604006,供销社停车场,上虞区,106,0,2024-12-10 07:25:00
604007,信义广场北停车场,上虞区,41,36,2024-12-10 07:25:00
604002,梁祝大桥东桥下停车场,上虞区,95,57,2024-12-10 07:25:00
24032610340324759,小越历史街区停车场,上虞区,74,0,2024-12-10 07:25:00
604005,人民桥下停车场,上虞区,40,0,2024-12-10 07:25:00
604011,雅图停车场,上虞区,60,0,2024-12-10 07:25:00
604009,保驾山夜排挡停车场,上虞区,106,0,2024-12-10 07:25:00
604004,保驾山停车场,上虞区,37,0,2024-12-10 07:25:00
19120915472614497,咪网测试停车场,上虞区,97,100,2024-12-10 07:25:00
19120915472614497,咪网测试停车场,上虞区,97,100,2024-12-10 07:20:00
604009,保驾山夜排挡停车场,上虞区,106,0,2024-12-10 07:20:00
604011,雅图停车场,上虞区,60,0,2024-12-10 07:20:00
604007,信义广场北停车场,上虞区,41,36,2024-12-10 07:20:00
604006,供销社停车场,上虞区,106,0,2024-12-10 07:20:00
604005,人民桥下停车场,上虞区,40,0,2024-12-10 07:20:00
604012,人民桥下2号停车场,上虞区,60,24,2024-12-10 07:20:00
604004,保驾山停车场,上虞区,37,0,2024-12-10 07:20:00
24032610340324759,小越历史街区停车场,上虞区,74,0,2024-12-10 07:20:00
604013,第二人民医院停车场,上虞区,350,284,2024-12-10 07:20:00
604002,梁祝大桥东桥下停车场,上虞区,95,57,2024-12-10 07:20:00
604003,信义广场南停车场,上虞区,15,15,2024-12-10 07:20:00
604008,青春广场停车场,上虞区,70,0,2024-12-10 07:20:00
604013,第二人民医院停车场,上虞区,350,291,2024-12-10 07:15:00
604009,保驾山夜排挡停车场,上虞区,106,0,2024-12-10 07:15:00
604012,人民桥下2号停车场,上虞区,60,24,2024-12-10 07:15:00
19120915472614497,咪网测试停车场,上虞区,97,100,2024-12-10 07:15:00
604011,雅图停车场,上虞区,60,0,2024-12-10 07:15:00
604006,供销社停车场,上虞区,106,0,2024-12-10 07:15:00
604004,保驾山停车场,上虞区,37,0,2024-12-10 07:15:00
604008,青春广场停车场,上虞区,70,0,2024-12-10 07:15:00
604002,梁祝大桥东桥下停车场,上虞区,95,56,2024-12-10 07:15:00
24032610340324759,小越历史街区停车场,上虞区,74,0,2024-12-10 07:15:00
604007,信义广场北停车场,上虞区,41,36,2024-12-10 07:15:00
604005,人民桥下停车场,上虞区,40,0,2024-12-10 07:15:00
604003,信义广场南停车场,上虞区,15,15,2024-12-10 07:15:00
604011,雅图停车场,上虞区,60,0,2024-12-10 07:10:00
604005,人民桥下停车场,上虞区,40,0,2024-12-10 07:10:00
604013,第二人民医院停车场,上虞区,350,294,2024-12-10 07:10:00
604004,保驾山停车场,上虞区,37,0,2024-12-10 07:10:00
604006,供销社停车场,上虞区,106,0,2024-12-10 07:10:00
604002,梁祝大桥东桥下停车场,上虞区,95,56,2024-12-10 07:10:00
19120915472614497,咪网测试停车场,上虞区,97,100,2024-12-10 07:10:00
604009,保驾山夜排挡停车场,上虞区,106,0,2024-12-10 07:10:00
24032610340324759,小越历史街区停车场,上虞区,74,0,2024-12-10 07:10:00
604012,人民桥下2号停车场,上虞区,60,24,2024-12-10 07:10:00
604008,青春广场停车场,上虞区,70,0,2024-12-10 07:10:00
604007,信义广场北停车场,上虞区,41,37,2024-12-10 07:10:00
604003,信义广场南停车场,上虞区,15,15,2024-12-10 07:10:00
604005,人民桥下停车场,上虞区,40,0,2024-12-10 07:05:00
604003,信义广场南停车场,上虞区,15,15,2024-12-10 07:05:00
604009,保驾山夜排挡停车场,上虞区,106,0,2024-12-10 07:05:00
604002,梁祝大桥东桥下停车场,上虞区,95,56,2024-12-10 07:05:00
604006,供销社停车场,上虞区,106,0,2024-12-10 07:05:00
24032610340324759,小越历史街区停车场,上虞区,74,0,2024-12-10 07:05:00
604007,信义广场北停车场,上虞区,41,36,2024-12-10 07:05:00
604004,保驾山停车场,上虞区,37,0,2024-12-10 07:05:00
19120915472614497,咪网测试停车场,上虞区,97,100,2024-12-10 07:05:00
604008,青春广场停车场,上虞区,70,0,2024-12-10 07:05:00
604012,人民桥下2号停车场,上虞区,60,23,2024-12-10 07:05:00
604013,第二人民医院停车场,上虞区,350,298,2024-12-10 07:05:00
604011,雅图停车场,上虞区,60,0,2024-12-10 07:05:00
604011,雅图停车场,上虞区,60,0,2024-12-10 07:00:00
604012,人民桥下2号停车场,上虞区,60,23,2024-12-10 07:00:00
604009,保驾山夜排挡停车场,上虞区,106,0,2024-12-10 07:00:00
604013,第二人民医院停车场,上虞区,350,301,2024-12-10 07:00:00
604004,保驾山停车场,上虞区,37,0,2024-12-10 07:00:00
24032610340324759,小越历史街区停车场,上虞区,74,0,2024-12-10 07:00:00
604007,信义广场北停车场,上虞区,41,36,2024-12-10 07:00:00
604006,供销社停车场,上虞区,106,0,2024-12-10 07:00:00
604002,梁祝大桥东桥下停车场,上虞区,95,56,2024-12-10 07:00:00
604003,信义广场南停车场,上虞区,15,15,2024-12-10 07:00:00
19120915472614497,咪网测试停车场,上虞区,97,100,2024-12-10 07:00:00
604008,青春广场停车场,上虞区,70,0,2024-12-10 07:00:00
604005,人民桥下停车场,上虞区,40,0,2024-12-10 07:00:00
604006,供销社停车场,上虞区,106,0,2024-12-10 06:55:00
604012,人民桥下2号停车场,上虞区,60,23,2024-12-10 06:55:00
19120915472614497,咪网测试停车场,上虞区,97,100,2024-12-10 06:55:00
604007,信义广场北停车场,上虞区,41,36,2024-12-10 06:55:00
604008,青春广场停车场,上虞区,70,0,2024-12-10 06:55:00
604009,保驾山夜排挡停车场,上虞区,106,0,2024-12-10 06:55:00
604002,梁祝大桥东桥下停车场,上虞区,95,56,2024-12-10 06:55:00
604011,雅图停车场,上虞区,60,0,2024-12-10 06:55:00
24032610340324759,小越历史街区停车场,上虞区,74,0,2024-12-10 06:55:00
604004,保驾山停车场,上虞区,37,0,2024-12-10 06:55:00
604013,第二人民医院停车场,上虞区,350,308,2024-12-10 06:55:00
604005,人民桥下停车场,上虞区,40,0,2024-12-10 06:55:00
604003,信义广场南停车场,上虞区,15,15,2024-12-10 06:55:00
24032610340324759,小越历史街区停车场,上虞区,74,0,2024-12-10 06:50:00
604007,信义广场北停车场,上虞区,41,36,2024-12-10 06:50:00
604002,梁祝大桥东桥下停车场,上虞区,95,56,2024-12-10 06:50:00
604006,供销社停车场,上虞区,106,0,2024-12-10 06:50:00
604003,信义广场南停车场,上虞区,15,15,2024-12-10 06:50:00
19120915472614497,咪网测试停车场,上虞区,97,100,2024-12-10 06:50:00
604013,第二人民医院停车场,上虞区,350,310,2024-12-10 06:50:00
604008,青春广场停车场,上虞区,70,0,2024-12-10 06:50:00
604011,雅图停车场,上虞区,60,0,2024-12-10 06:50:00
604004,保驾山停车场,上虞区,37,0,2024-12-10 06:50:00
604009,保驾山夜排挡停车场,上虞区,106,0,2024-12-10 06:50:00
604005,人民桥下停车场,上虞区,40,0,2024-12-10 06:50:00
604012,人民桥下2号停车场,上虞区,60,23,2024-12-10 06:50:00
604007,信义广场北停车场,上虞区,41,36,2024-12-10 06:45:00
604005,人民桥下停车场,上虞区,40,0,2024-12-10 06:45:00
604008,青春广场停车场,上虞区,70,0,2024-12-10 06:45:00
604013,第二人民医院停车场,上虞区,350,311,2024-12-10 06:45:00
604002,梁祝大桥东桥下停车场,上虞区,95,57,2024-12-10 06:45:00
604003,信义广场南停车场,上虞区,15,15,2024-12-10 06:45:00
19120915472614497,咪网测试停车场,上虞区,97,100,2024-12-10 06:45:00
24032610340324759,小越历史街区停车场,上虞区,74,0,2024-12-10 06:45:00
604004,保驾山停车场,上虞区,37,0,2024-12-10 06:45:00
604012,人民桥下2号停车场,上虞区,60,23,2024-12-10 06:45:00
604009,保驾山夜排挡停车场,上虞区,106,0,2024-12-10 06:45:00
604011,雅图停车场,上虞区,60,0,2024-12-10 06:45:00
604006,供销社停车场,上虞区,106,0,2024-12-10 06:45:00
604007,信义广场北停车场,上虞区,41,37,2024-12-10 06:40:00
19120915472614497,咪网测试停车场,上虞区,97,100,2024-12-10 06:40:00
604004,保驾山停车场,上虞区,37,0,2024-12-10 06:40:00
604002,梁祝大桥东桥下停车场,上虞区,95,57,2024-12-10 06:40:00
604013,第二人民医院停车场,上虞区,350,311,2024-12-10 06:40:00
604009,保驾山夜排挡停车场,上虞区,106,0,2024-12-10 06:40:00
604008,青春广场停车场,上虞区,70,0,2024-12-10 06:40:00
604011,雅图停车场,上虞区,60,0,2024-12-10 06:40:00
24032610340324759,小越历史街区停车场,上虞区,74,0,2024-12-10 06:40:00
604003,信义广场南停车场,上虞区,15,15,2024-12-10 06:40:00
604006,供销社停车场,上虞区,106,0,2024-12-10 06:40:00
604012,人民桥下2号停车场,上虞区,60,22,2024-12-10 06:40:00
604005,人民桥下停车场,上虞区,40,0,2024-12-10 06:40:00
604006,供销社停车场,上虞区,106,0,2024-12-10 06:35:00
604011,雅图停车场,上虞区,60,0,2024-12-10 06:35:00
604002,梁祝大桥东桥下停车场,上虞区,95,57,2024-12-10 06:35:00
604007,信义广场北停车场,上虞区,41,38,2024-12-10 06:35:00
604008,青春广场停车场,上虞区,70,0,2024-12-10 06:35:00
604005,人民桥下停车场,上虞区,40,0,2024-12-10 06:35:00
604004,保驾山停车场,上虞区,37,0,2024-12-10 06:35:00
604003,信义广场南停车场,上虞区,15,15,2024-12-10 06:35:00
19120915472614497,咪网测试停车场,上虞区,97,100,2024-12-10 06:35:00
604013,第二人民医院停车场,上虞区,350,311,2024-12-10 06:35:00
604009,保驾山夜排挡停车场,上虞区,106,0,2024-12-10 06:35:00
604012,人民桥下2号停车场,上虞区,60,22,2024-12-10 06:35:00
24032610340324759,小越历史街区停车场,上虞区,74,0,2024-12-10 06:35:00
604013,第二人民医院停车场,上虞区,350,312,2024-12-10 06:30:00
604009,保驾山夜排挡停车场,上虞区,106,0,2024-12-10 06:30:00
604012,人民桥下2号停车场,上虞区,60,22,2024-12-10 06:30:00
604008,青春广场停车场,上虞区,70,0,2024-12-10 06:30:00
604004,保驾山停车场,上虞区,37,0,2024-12-10 06:30:00
604011,雅图停车场,上虞区,60,0,2024-12-10 06:30:00
604005,人民桥下停车场,上虞区,40,0,2024-12-10 06:30:00
604007,信义广场北停车场,上虞区,41,38,2024-12-10 06:30:00
604002,梁祝大桥东桥下停车场,上虞区,95,57,2024-12-10 06:30:00
19120915472614497,咪网测试停车场,上虞区,97,100,2024-12-10 06:30:00
604006,供销社停车场,上虞区,106,0,2024-12-10 06:30:00
24032610340324759,小越历史街区停车场,上虞区,74,0,2024-12-10 06:30:00
604003,信义广场南停车场,上虞区,15,15,2024-12-10 06:30:00
19120915472614497,咪网测试停车场,上虞区,97,100,2024-12-10 06:25:00
604008,青春广场停车场,上虞区,70,0,2024-12-10 06:25:00
604013,第二人民医院停车场,上虞区,350,313,2024-12-10 06:25:00
604002,梁祝大桥东桥下停车场,上虞区,95,57,2024-12-10 06:25:00
24032610340324759,小越历史街区停车场,上虞区,74,0,2024-12-10 06:25:00
604003,信义广场南停车场,上虞区,15,15,2024-12-10 06:25:00
604009,保驾山夜排挡停车场,上虞区,106,0,2024-12-10 06:25:00
604007,信义广场北停车场,上虞区,41,38,2024-12-10 06:25:00
604012,人民桥下2号停车场,上虞区,60,22,2024-12-10 06:25:00
604011,雅图停车场,上虞区,60,0,2024-12-10 06:25:00
604006,供销社停车场,上虞区,106,0,2024-12-10 06:25:00
604005,人民桥下停车场,上虞区,40,0,2024-12-10 06:25:00
604004,保驾山停车场,上虞区,37,0,2024-12-10 06:25:00
604009,保驾山夜排挡停车场,上虞区,106,0,2024-12-10 06:20:00
604006,供销社停车场,上虞区,106,0,2024-12-10 06:20:00
604002,梁祝大桥东桥下停车场,上虞区,95,57,2024-12-10 06:20:00
604008,青春广场停车场,上虞区,70,0,2024-12-10 06:20:00
19120915472614497,咪网测试停车场,上虞区,97,100,2024-12-10 06:20:00
24032610340324759,小越历史街区停车场,上虞区,74,0,2024-12-10 06:20:00
604013,第二人民医院停车场,上虞区,350,313,2024-12-10 06:20:00
604003,信义广场南停车场,上虞区,15,15,2024-12-10 06:20:00
604005,人民桥下停车场,上虞区,40,0,2024-12-10 06:20:00
604012,人民桥下2号停车场,上虞区,60,22,2024-12-10 06:20:00
604011,雅图停车场,上虞区,60,0,2024-12-10 06:20:00
604007,信义广场北停车场,上虞区,41,38,2024-12-10 06:20:00
604004,保驾山停车场,上虞区,37,0,2024-12-10 06:20:00
604003,信义广场南停车场,上虞区,15,15,2024-12-10 06:15:00
604012,人民桥下2号停车场,上虞区,60,22,2024-12-10 06:15:00
24032610340324759,小越历史街区停车场,上虞区,74,0,2024-12-10 06:15:00
604006,供销社停车场,上虞区,106,0,2024-12-10 06:15:00
604002,梁祝大桥东桥下停车场,上虞区,95,57,2024-12-10 06:15:00
604011,雅图停车场,上虞区,60,0,2024-12-10 06:15:00
604004,保驾山停车场,上虞区,37,0,2024-12-10 06:15:00
604008,青春广场停车场,上虞区,70,0,2024-12-10 06:15:00
19120915472614497,咪网测试停车场,上虞区,97,100,2024-12-10 06:15:00
604005,人民桥下停车场,上虞区,40,0,2024-12-10 06:15:00
604007,信义广场北停车场,上虞区,41,38,2024-12-10 06:15:00
604009,保驾山夜排挡停车场,上虞区,106,0,2024-12-10 06:15:00
604013,第二人民医院停车场,上虞区,350,313,2024-12-10 06:15:00
19120915472614497,咪网测试停车场,上虞区,97,100,2024-12-10 06:10:00
604012,人民桥下2号停车场,上虞区,60,22,2024-12-10 06:10:00
604005,人民桥下停车场,上虞区,40,0,2024-12-10 06:10:00
24032610340324759,小越历史街区停车场,上虞区,74,0,2024-12-10 06:10:00
604013,第二人民医院停车场,上虞区,350,313,2024-12-10 06:10:00
604004,保驾山停车场,上虞区,37,0,2024-12-10 06:10:00
604007,信义广场北停车场,上虞区,41,38,2024-12-10 06:10:00
604011,雅图停车场,上虞区,60,0,2024-12-10 06:10:00
604003,信义广场南停车场,上虞区,15,15,2024-12-10 06:10:00
604009,保驾山夜排挡停车场,上虞区,106,0,2024-12-10 06:10:00
604008,青春广场停车场,上虞区,70,0,2024-12-10 06:10:00
604006,供销社停车场,上虞区,106,0,2024-12-10 06:10:00
604002,梁祝大桥东桥下停车场,上虞区,95,57,2024-12-10 06:10:00
24032610340324759,小越历史街区停车场,上虞区,74,0,2024-12-10 06:05:00
19120915472614497,咪网测试停车场,上虞区,97,100,2024-12-10 06:05:00
604012,人民桥下2号停车场,上虞区,60,22,2024-12-10 06:05:00
604004,保驾山停车场,上虞区,37,0,2024-12-10 06:05:00
604005,人民桥下停车场,上虞区,40,0,2024-12-10 06:05:00
604009,保驾山夜排挡停车场,上虞区,106,0,2024-12-10 06:05:00
604003,信义广场南停车场,上虞区,15,15,2024-12-10 06:05:00
604006,供销社停车场,上虞区,106,0,2024-12-10 06:05:00
604008,青春广场停车场,上虞区,70,0,2024-12-10 06:05:00
604002,梁祝大桥东桥下停车场,上虞区,95,57,2024-12-10 06:05:00
604011,雅图停车场,上虞区,60,0,2024-12-10 06:05:00
604013,第二人民医院停车场,上虞区,350,313,2024-12-10 06:05:00
604007,信义广场北停车场,上虞区,41,38,2024-12-10 06:05:00
19120915472614497,咪网测试停车场,上虞区,97,100,2024-12-10 06:00:00
604003,信义广场南停车场,上虞区,15,15,2024-12-10 06:00:00
604004,保驾山停车场,上虞区,37,0,2024-12-10 06:00:00
604006,供销社停车场,上虞区,106,0,2024-12-10 06:00:00
604008,青春广场停车场,上虞区,70,0,2024-12-10 06:00:00
604012,人民桥下2号停车场,上虞区,60,22,2024-12-10 06:00:00
24032610340324759,小越历史街区停车场,上虞区,74,0,2024-12-10 06:00:00
604005,人民桥下停车场,上虞区,40,0,2024-12-10 06:00:00
604011,雅图停车场,上虞区,60,0,2024-12-10 06:00:00
604013,第二人民医院停车场,上虞区,350,313,2024-12-10 06:00:00
604007,信义广场北停车场,上虞区,41,38,2024-12-10 06:00:00
604002,梁祝大桥东桥下停车场,上虞区,95,57,2024-12-10 06:00:00
604009,保驾山夜排挡停车场,上虞区,106,0,2024-12-10 06:00:00
604011,雅图停车场,上虞区,60,0,2024-12-10 05:55:00
19120915472614497,咪网测试停车场,上虞区,97,100,2024-12-10 05:55:00
604002,梁祝大桥东桥下停车场,上虞区,95,57,2024-12-10 05:55:00
604012,人民桥下2号停车场,上虞区,60,22,2024-12-10 05:55:00
604007,信义广场北停车场,上虞区,41,38,2024-12-10 05:55:00
604006,供销社停车场,上虞区,106,0,2024-12-10 05:55:00
24032610340324759,小越历史街区停车场,上虞区,74,0,2024-12-10 05:55:00
604009,保驾山夜排挡停车场,上虞区,106,0,2024-12-10 05:55:00
604004,保驾山停车场,上虞区,37,0,2024-12-10 05:55:00
604003,信义广场南停车场,上虞区,15,15,2024-12-10 05:55:00
604008,青春广场停车场,上虞区,70,0,2024-12-10 05:55:00
604013,第二人民医院停车场,上虞区,350,313,2024-12-10 05:55:00
604005,人民桥下停车场,上虞区,40,0,2024-12-10 05:55:00
604004,保驾山停车场,上虞区,37,0,2024-12-10 05:50:00
604008,青春广场停车场,上虞区,70,0,2024-12-10 05:50:00
604009,保驾山夜排挡停车场,上虞区,106,0,2024-12-10 05:50:00
604013,第二人民医院停车场,上虞区,350,313,2024-12-10 05:50:00
19120915472614497,咪网测试停车场,上虞区,97,100,2024-12-10 05:50:00
604005,人民桥下停车场,上虞区,40,0,2024-12-10 05:50:00
24032610340324759,小越历史街区停车场,上虞区,74,0,2024-12-10 05:50:00
604007,信义广场北停车场,上虞区,41,38,2024-12-10 05:50:00
604012,人民桥下2号停车场,上虞区,60,22,2024-12-10 05:50:00
604002,梁祝大桥东桥下停车场,上虞区,95,57,2024-12-10 05:50:00
604003,信义广场南停车场,上虞区,15,15,2024-12-10 05:50:00
604011,雅图停车场,上虞区,60,0,2024-12-10 05:50:00
604006,供销社停车场,上虞区,106,0,2024-12-10 05:50:00
604013,第二人民医院停车场,上虞区,350,312,2024-12-10 05:45:00
604008,青春广场停车场,上虞区,70,0,2024-12-10 05:45:00
604004,保驾山停车场,上虞区,37,0,2024-12-10 05:45:00
604006,供销社停车场,上虞区,106,0,2024-12-10 05:45:00
604012,人民桥下2号停车场,上虞区,60,22,2024-12-10 05:45:00
604003,信义广场南停车场,上虞区,15,15,2024-12-10 05:45:00
604009,保驾山夜排挡停车场,上虞区,106,0,2024-12-10 05:45:00
604005,人民桥下停车场,上虞区,40,0,2024-12-10 05:45:00
604011,雅图停车场,上虞区,60,0,2024-12-10 05:45:00
604007,信义广场北停车场,上虞区,41,38,2024-12-10 05:45:00
604002,梁祝大桥东桥下停车场,上虞区,95,57,2024-12-10 05:45:00
19120915472614497,咪网测试停车场,上虞区,97,100,2024-12-10 05:45:00
24032610340324759,小越历史街区停车场,上虞区,74,0,2024-12-10 05:45:00
604013,第二人民医院停车场,上虞区,350,312,2024-12-10 05:40:00
19120915472614497,咪网测试停车场,上虞区,97,100,2024-12-10 05:40:00
604006,供销社停车场,上虞区,106,0,2024-12-10 05:40:00
604007,信义广场北停车场,上虞区,41,38,2024-12-10 05:40:00
604011,雅图停车场,上虞区,60,0,2024-12-10 05:40:00
604004,保驾山停车场,上虞区,37,0,2024-12-10 05:40:00
604008,青春广场停车场,上虞区,70,0,2024-12-10 05:40:00
604002,梁祝大桥东桥下停车场,上虞区,95,57,2024-12-10 05:40:00
604003,信义广场南停车场,上虞区,15,15,2024-12-10 05:40:00
24032610340324759,小越历史街区停车场,上虞区,74,0,2024-12-10 05:40:00
604005,人民桥下停车场,上虞区,40,0,2024-12-10 05:40:00
604009,保驾山夜排挡停车场,上虞区,106,0,2024-12-10 05:40:00
604012,人民桥下2号停车场,上虞区,60,22,2024-12-10 05:40:00
604009,保驾山夜排挡停车场,上虞区,106,0,2024-12-10 05:35:00
24032610340324759,小越历史街区停车场,上虞区,74,0,2024-12-10 05:35:00
604005,人民桥下停车场,上虞区,40,0,2024-12-10 05:35:00
19120915472614497,咪网测试停车场,上虞区,97,100,2024-12-10 05:35:00
604003,信义广场南停车场,上虞区,15,15,2024-12-10 05:35:00
604012,人民桥下2号停车场,上虞区,60,22,2024-12-10 05:35:00
604013,第二人民医院停车场,上虞区,350,313,2024-12-10 05:35:00
604011,雅图停车场,上虞区,60,0,2024-12-10 05:35:00
604008,青春广场停车场,上虞区,70,0,2024-12-10 05:35:00
604007,信义广场北停车场,上虞区,41,38,2024-12-10 05:35:00
604004,保驾山停车场,上虞区,37,0,2024-12-10 05:35:00
604002,梁祝大桥东桥下停车场,上虞区,95,57,2024-12-10 05:35:00
604006,供销社停车场,上虞区,106,0,2024-12-10 05:35:00
604007,信义广场北停车场,上虞区,41,38,2024-12-10 05:30:00
604003,信义广场南停车场,上虞区,15,15,2024-12-10 05:30:00
604004,保驾山停车场,上虞区,37,0,2024-12-10 05:30:00
604006,供销社停车场,上虞区,106,0,2024-12-10 05:30:00
604011,雅图停车场,上虞区,60,0,2024-12-10 05:30:00
604012,人民桥下2号停车场,上虞区,60,22,2024-12-10 05:30:00
19120915472614497,咪网测试停车场,上虞区,97,100,2024-12-10 05:30:00
604013,第二人民医院停车场,上虞区,350,313,2024-12-10 05:30:00
604002,梁祝大桥东桥下停车场,上虞区,95,57,2024-12-10 05:30:00
604008,青春广场停车场,上虞区,70,0,2024-12-10 05:30:00
604005,人民桥下停车场,上虞区,40,0,2024-12-10 05:30:00
24032610340324759,小越历史街区停车场,上虞区,74,0,2024-12-10 05:30:00
604009,保驾山夜排挡停车场,上虞区,106,0,2024-12-10 05:30:00
24032610340324759,小越历史街区停车场,上虞区,74,0,2024-12-10 05:25:00
604007,信义广场北停车场,上虞区,41,38,2024-12-10 05:25:00
604005,人民桥下停车场,上虞区,40,0,2024-12-10 05:25:00
604012,人民桥下2号停车场,上虞区,60,22,2024-12-10 05:25:00
604008,青春广场停车场,上虞区,70,0,2024-12-10 05:25:00
604011,雅图停车场,上虞区,60,0,2024-12-10 05:25:00
604002,梁祝大桥东桥下停车场,上虞区,95,57,2024-12-10 05:25:00
604013,第二人民医院停车场,上虞区,350,313,2024-12-10 05:25:00
604009,保驾山夜排挡停车场,上虞区,106,0,2024-12-10 05:25:00
604004,保驾山停车场,上虞区,37,0,2024-12-10 05:25:00
604006,供销社停车场,上虞区,106,0,2024-12-10 05:25:00
19120915472614497,咪网测试停车场,上虞区,97,100,2024-12-10 05:25:00
604003,信义广场南停车场,上虞区,15,15,2024-12-10 05:25:00
604013,第二人民医院停车场,上虞区,350,313,2024-12-10 05:20:00
604006,供销社停车场,上虞区,106,0,2024-12-10 05:20:00
604005,人民桥下停车场,上虞区,40,0,2024-12-10 05:20:00
604011,雅图停车场,上虞区,60,0,2024-12-10 05:20:00
19120915472614497,咪网测试停车场,上虞区,97,100,2024-12-10 05:20:00
604003,信义广场南停车场,上虞区,15,15,2024-12-10 05:20:00
604007,信义广场北停车场,上虞区,41,38,2024-12-10 05:20:00
604012,人民桥下2号停车场,上虞区,60,22,2024-12-10 05:20:00
24032610340324759,小越历史街区停车场,上虞区,74,0,2024-12-10 05:20:00
604008,青春广场停车场,上虞区,70,0,2024-12-10 05:20:00
604009,保驾山夜排挡停车场,上虞区,106,0,2024-12-10 05:20:00
604004,保驾山停车场,上虞区,37,0,2024-12-10 05:20:00
604002,梁祝大桥东桥下停车场,上虞区,95,57,2024-12-10 05:20:00
604011,雅图停车场,上虞区,60,0,2024-12-10 05:15:00
604003,信义广场南停车场,上虞区,15,15,2024-12-10 05:15:00
604009,保驾山夜排挡停车场,上虞区,106,0,2024-12-10 05:15:00
24032610340324759,小越历史街区停车场,上虞区,74,0,2024-12-10 05:15:00
604013,第二人民医院停车场,上虞区,350,313,2024-12-10 05:15:00
604006,供销社停车场,上虞区,106,0,2024-12-10 05:15:00
604005,人民桥下停车场,上虞区,40,0,2024-12-10 05:15:00
19120915472614497,咪网测试停车场,上虞区,97,100,2024-12-10 05:15:00
604002,梁祝大桥东桥下停车场,上虞区,95,57,2024-12-10 05:15:00
604008,青春广场停车场,上虞区,70,0,2024-12-10 05:15:00
604004,保驾山停车场,上虞区,37,0,2024-12-10 05:15:00
604007,信义广场北停车场,上虞区,41,38,2024-12-10 05:15:00
604012,人民桥下2号停车场,上虞区,60,22,2024-12-10 05:15:00
604013,第二人民医院停车场,上虞区,350,312,2024-12-10 05:10:00
604008,青春广场停车场,上虞区,70,0,2024-12-10 05:10:00
604009,保驾山夜排挡停车场,上虞区,106,0,2024-12-10 05:10:00
19120915472614497,咪网测试停车场,上虞区,97,100,2024-12-10 05:10:00
604011,雅图停车场,上虞区,60,0,2024-12-10 05:10:00
604012,人民桥下2号停车场,上虞区,60,22,2024-12-10 05:10:00
604002,梁祝大桥东桥下停车场,上虞区,95,57,2024-12-10 05:10:00
604007,信义广场北停车场,上虞区,41,38,2024-12-10 05:10:00
604003,信义广场南停车场,上虞区,15,15,2024-12-10 05:10:00
604006,供销社停车场,上虞区,106,0,2024-12-10 05:10:00
604004,保驾山停车场,上虞区,37,0,2024-12-10 05:10:00
24032610340324759,小越历史街区停车场,上虞区,74,0,2024-12-10 05:10:00
604005,人民桥下停车场,上虞区,40,0,2024-12-10 05:10:00
604006,供销社停车场,上虞区,106,0,2024-12-10 05:05:00
604007,信义广场北停车场,上虞区,41,38,2024-12-10 05:05:00
604004,保驾山停车场,上虞区,37,0,2024-12-10 05:05:00
604005,人民桥下停车场,上虞区,40,0,2024-12-10 05:05:00
604003,信义广场南停车场,上虞区,15,15,2024-12-10 05:05:00
24032610340324759,小越历史街区停车场,上虞区,74,0,2024-12-10 05:05:00
604011,雅图停车场,上虞区,60,0,2024-12-10 05:05:00
604008,青春广场停车场,上虞区,70,0,2024-12-10 05:05:00
604012,人民桥下2号停车场,上虞区,60,22,2024-12-10 05:05:00
604002,梁祝大桥东桥下停车场,上虞区,95,57,2024-12-10 05:05:00
604009,保驾山夜排挡停车场,上虞区,106,0,2024-12-10 05:05:00
19120915472614497,咪网测试停车场,上虞区,97,100,2024-12-10 05:05:00
604013,第二人民医院停车场,上虞区,350,313,2024-12-10 05:05:00
604004,保驾山停车场,上虞区,37,0,2024-12-10 05:00:00
19120915472614497,咪网测试停车场,上虞区,97,100,2024-12-10 05:00:00
604011,雅图停车场,上虞区,60,0,2024-12-10 05:00:00
604008,青春广场停车场,上虞区,70,0,2024-12-10 05:00:00
604013,第二人民医院停车场,上虞区,350,313,2024-12-10 05:00:00
604009,保驾山夜排挡停车场,上虞区,106,0,2024-12-10 05:00:00
604012,人民桥下2号停车场,上虞区,60,22,2024-12-10 05:00:00
604003,信义广场南停车场,上虞区,15,15,2024-12-10 05:00:00
604006,供销社停车场,上虞区,106,0,2024-12-10 05:00:00
604007,信义广场北停车场,上虞区,41,38,2024-12-10 05:00:00
604005,人民桥下停车场,上虞区,40,0,2024-12-10 05:00:00
604002,梁祝大桥东桥下停车场,上虞区,95,57,2024-12-10 05:00:00
24032610340324759,小越历史街区停车场,上虞区,74,0,2024-12-10 05:00:00
19120915472614497,咪网测试停车场,上虞区,97,100,2024-12-10 04:55:00
24032610340324759,小越历史街区停车场,上虞区,74,0,2024-12-10 04:55:00
604003,信义广场南停车场,上虞区,15,15,2024-12-10 04:55:00
604007,信义广场北停车场,上虞区,41,38,2024-12-10 04:55:00
604005,人民桥下停车场,上虞区,40,0,2024-12-10 04:55:00
604013,第二人民医院停车场,上虞区,350,313,2024-12-10 04:55:00
604009,保驾山夜排挡停车场,上虞区,106,0,2024-12-10 04:55:00
604002,梁祝大桥东桥下停车场,上虞区,95,57,2024-12-10 04:55:00
604006,供销社停车场,上虞区,106,0,2024-12-10 04:55:00
604008,青春广场停车场,上虞区,70,0,2024-12-10 04:55:00
604011,雅图停车场,上虞区,60,0,2024-12-10 04:55:00
604004,保驾山停车场,上虞区,37,0,2024-12-10 04:55:00
604012,人民桥下2号停车场,上虞区,60,22,2024-12-10 04:55:00
604006,供销社停车场,上虞区,106,0,2024-12-10 04:50:00
604009,保驾山夜排挡停车场,上虞区,106,0,2024-12-10 04:50:00
604012,人民桥下2号停车场,上虞区,60,22,2024-12-10 04:50:00
24032610340324759,小越历史街区停车场,上虞区,74,0,2024-12-10 04:50:00
604007,信义广场北停车场,上虞区,41,38,2024-12-10 04:50:00
604003,信义广场南停车场,上虞区,15,15,2024-12-10 04:50:00
604008,青春广场停车场,上虞区,70,0,2024-12-10 04:50:00
604004,保驾山停车场,上虞区,37,0,2024-12-10 04:50:00
604005,人民桥下停车场,上虞区,40,0,2024-12-10 04:50:00
604002,梁祝大桥东桥下停车场,上虞区,95,57,2024-12-10 04:50:00
604013,第二人民医院停车场,上虞区,350,313,2024-12-10 04:50:00
604011,雅图停车场,上虞区,60,0,2024-12-10 04:50:00
19120915472614497,咪网测试停车场,上虞区,97,100,2024-12-10 04:50:00
604009,保驾山夜排挡停车场,上虞区,106,0,2024-12-10 04:45:00
604007,信义广场北停车场,上虞区,41,38,2024-12-10 04:45:00
604013,第二人民医院停车场,上虞区,350,313,2024-12-10 04:45:00
604002,梁祝大桥东桥下停车场,上虞区,95,57,2024-12-10 04:45:00
24032610340324759,小越历史街区停车场,上虞区,74,0,2024-12-10 04:45:00
604005,人民桥下停车场,上虞区,40,0,2024-12-10 04:45:00
19120915472614497,咪网测试停车场,上虞区,97,100,2024-12-10 04:45:00
604006,供销社停车场,上虞区,106,0,2024-12-10 04:45:00
604011,雅图停车场,上虞区,60,0,2024-12-10 04:45:00
604012,人民桥下2号停车场,上虞区,60,22,2024-12-10 04:45:00
604008,青春广场停车场,上虞区,70,0,2024-12-10 04:45:00
604004,保驾山停车场,上虞区,37,0,2024-12-10 04:45:00
604003,信义广场南停车场,上虞区,15,15,2024-12-10 04:45:00
604011,雅图停车场,上虞区,60,0,2024-12-10 04:40:00
604004,保驾山停车场,上虞区,37,0,2024-12-10 04:40:00
604002,梁祝大桥东桥下停车场,上虞区,95,57,2024-12-10 04:40:00
604008,青春广场停车场,上虞区,70,0,2024-12-10 04:40:00
604006,供销社停车场,上虞区,106,0,2024-12-10 04:40:00
604005,人民桥下停车场,上虞区,40,0,2024-12-10 04:40:00
24032610340324759,小越历史街区停车场,上虞区,74,0,2024-12-10 04:40:00
19120915472614497,咪网测试停车场,上虞区,97,100,2024-12-10 04:40:00
604003,信义广场南停车场,上虞区,15,15,2024-12-10 04:40:00
604012,人民桥下2号停车场,上虞区,60,22,2024-12-10 04:40:00
604007,信义广场北停车场,上虞区,41,38,2024-12-10 04:40:00
604009,保驾山夜排挡停车场,上虞区,106,0,2024-12-10 04:40:00
604013,第二人民医院停车场,上虞区,350,313,2024-12-10 04:40:00
604012,人民桥下2号停车场,上虞区,60,22,2024-12-10 04:35:00
604013,第二人民医院停车场,上虞区,350,312,2024-12-10 04:35:00
604009,保驾山夜排挡停车场,上虞区,106,0,2024-12-10 04:35:00
604005,人民桥下停车场,上虞区,40,0,2024-12-10 04:35:00
604004,保驾山停车场,上虞区,37,0,2024-12-10 04:35:00
604006,供销社停车场,上虞区,106,0,2024-12-10 04:35:00
604003,信义广场南停车场,上虞区,15,15,2024-12-10 04:35:00
604002,梁祝大桥东桥下停车场,上虞区,95,57,2024-12-10 04:35:00
19120915472614497,咪网测试停车场,上虞区,97,100,2024-12-10 04:35:00
24032610340324759,小越历史街区停车场,上虞区,74,0,2024-12-10 04:35:00
604008,青春广场停车场,上虞区,70,0,2024-12-10 04:35:00
604011,雅图停车场,上虞区,60,0,2024-12-10 04:35:00
604007,信义广场北停车场,上虞区,41,38,2024-12-10 04:35:00
24032610340324759,小越历史街区停车场,上虞区,74,0,2024-12-10 04:30:00
19120915472614497,咪网测试停车场,上虞区,97,100,2024-12-10 04:30:00
604007,信义广场北停车场,上虞区,41,38,2024-12-10 04:30:00
604012,人民桥下2号停车场,上虞区,60,22,2024-12-10 04:30:00
604002,梁祝大桥东桥下停车场,上虞区,95,57,2024-12-10 04:30:00
604005,人民桥下停车场,上虞区,40,0,2024-12-10 04:30:00
604003,信义广场南停车场,上虞区,15,15,2024-12-10 04:30:00
604006,供销社停车场,上虞区,106,0,2024-12-10 04:30:00
604011,雅图停车场,上虞区,60,0,2024-12-10 04:30:00
604009,保驾山夜排挡停车场,上虞区,106,0,2024-12-10 04:30:00
604013,第二人民医院停车场,上虞区,350,312,2024-12-10 04:30:00
604004,保驾山停车场,上虞区,37,0,2024-12-10 04:30:00
604008,青春广场停车场,上虞区,70,0,2024-12-10 04:30:00
604007,信义广场北停车场,上虞区,41,38,2024-12-10 04:25:00
604012,人民桥下2号停车场,上虞区,60,22,2024-12-10 04:25:00
604005,人民桥下停车场,上虞区,40,0,2024-12-10 04:25:00
604008,青春广场停车场,上虞区,70,0,2024-12-10 04:25:00
604006,供销社停车场,上虞区,106,0,2024-12-10 04:25:00
604011,雅图停车场,上虞区,60,0,2024-12-10 04:25:00
604003,信义广场南停车场,上虞区,15,15,2024-12-10 04:25:00
24032610340324759,小越历史街区停车场,上虞区,74,0,2024-12-10 04:25:00
604004,保驾山停车场,上虞区,37,0,2024-12-10 04:25:00
19120915472614497,咪网测试停车场,上虞区,97,100,2024-12-10 04:25:00
604009,保驾山夜排挡停车场,上虞区,106,0,2024-12-10 04:25:00
604013,第二人民医院停车场,上虞区,350,312,2024-12-10 04:25:00
604002,梁祝大桥东桥下停车场,上虞区,95,57,2024-12-10 04:25:00
604007,信义广场北停车场,上虞区,41,38,2024-12-10 04:20:00
604005,人民桥下停车场,上虞区,40,0,2024-12-10 04:20:00
604003,信义广场南停车场,上虞区,15,15,2024-12-10 04:20:00
604006,供销社停车场,上虞区,106,0,2024-12-10 04:20:00
19120915472614497,咪网测试停车场,上虞区,97,100,2024-12-10 04:20:00
604008,青春广场停车场,上虞区,70,0,2024-12-10 04:20:00
604009,保驾山夜排挡停车场,上虞区,106,0,2024-12-10 04:20:00
604002,梁祝大桥东桥下停车场,上虞区,95,57,2024-12-10 04:20:00
604012,人民桥下2号停车场,上虞区,60,22,2024-12-10 04:20:00
604013,第二人民医院停车场,上虞区,350,311,2024-12-10 04:20:00
604011,雅图停车场,上虞区,60,0,2024-12-10 04:20:00
604004,保驾山停车场,上虞区,37,0,2024-12-10 04:20:00
24032610340324759,小越历史街区停车场,上虞区,74,0,2024-12-10 04:20:00
604011,雅图停车场,上虞区,60,0,2024-12-10 04:15:00
604002,梁祝大桥东桥下停车场,上虞区,95,57,2024-12-10 04:15:00
604006,供销社停车场,上虞区,106,0,2024-12-10 04:15:00
24032610340324759,小越历史街区停车场,上虞区,74,0,2024-12-10 04:15:00
604005,人民桥下停车场,上虞区,40,0,2024-12-10 04:15:00
604003,信义广场南停车场,上虞区,15,15,2024-12-10 04:15:00
604008,青春广场停车场,上虞区,70,0,2024-12-10 04:15:00
604009,保驾山夜排挡停车场,上虞区,106,0,2024-12-10 04:15:00
604013,第二人民医院停车场,上虞区,350,312,2024-12-10 04:15:00
19120915472614497,咪网测试停车场,上虞区,97,100,2024-12-10 04:15:00
604012,人民桥下2号停车场,上虞区,60,22,2024-12-10 04:15:00
604004,保驾山停车场,上虞区,37,0,2024-12-10 04:15:00
604007,信义广场北停车场,上虞区,41,38,2024-12-10 04:15:00
604004,保驾山停车场,上虞区,37,0,2024-12-10 04:10:00
604011,雅图停车场,上虞区,60,0,2024-12-10 04:10:00
604009,保驾山夜排挡停车场,上虞区,106,0,2024-12-10 04:10:00
19120915472614497,咪网测试停车场,上虞区,97,100,2024-12-10 04:10:00
604005,人民桥下停车场,上虞区,40,0,2024-12-10 04:10:00
604012,人民桥下2号停车场,上虞区,60,22,2024-12-10 04:10:00
604003,信义广场南停车场,上虞区,15,15,2024-12-10 04:10:00
24032610340324759,小越历史街区停车场,上虞区,74,0,2024-12-10 04:10:00
604006,供销社停车场,上虞区,106,0,2024-12-10 04:10:00
604013,第二人民医院停车场,上虞区,350,312,2024-12-10 04:10:00
604007,信义广场北停车场,上虞区,41,38,2024-12-10 04:10:00
604008,青春广场停车场,上虞区,70,0,2024-12-10 04:10:00
604002,梁祝大桥东桥下停车场,上虞区,95,57,2024-12-10 04:10:00
604002,梁祝大桥东桥下停车场,上虞区,95,57,2024-12-10 04:05:00
604012,人民桥下2号停车场,上虞区,60,22,2024-12-10 04:05:00
604013,第二人民医院停车场,上虞区,350,312,2024-12-10 04:05:00
604009,保驾山夜排挡停车场,上虞区,106,0,2024-12-10 04:05:00
19120915472614497,咪网测试停车场,上虞区,97,100,2024-12-10 04:05:00
604004,保驾山停车场,上虞区,37,0,2024-12-10 04:05:00
604005,人民桥下停车场,上虞区,40,0,2024-12-10 04:05:00
604006,供销社停车场,上虞区,106,0,2024-12-10 04:05:00
604003,信义广场南停车场,上虞区,15,15,2024-12-10 04:05:00
604007,信义广场北停车场,上虞区,41,38,2024-12-10 04:05:00
604008,青春广场停车场,上虞区,70,0,2024-12-10 04:05:00
24032610340324759,小越历史街区停车场,上虞区,74,0,2024-12-10 04:05:00
604011,雅图停车场,上虞区,60,0,2024-12-10 04:05:00
19120915472614497,咪网测试停车场,上虞区,97,100,2024-12-10 04:00:00
604008,青春广场停车场,上虞区,70,0,2024-12-10 04:00:00
604005,人民桥下停车场,上虞区,40,0,2024-12-10 04:00:00
604003,信义广场南停车场,上虞区,15,15,2024-12-10 04:00:00
604006,供销社停车场,上虞区,106,0,2024-12-10 04:00:00
604007,信义广场北停车场,上虞区,41,38,2024-12-10 04:00:00
604011,雅图停车场,上虞区,60,0,2024-12-10 04:00:00
604002,梁祝大桥东桥下停车场,上虞区,95,57,2024-12-10 04:00:00
24032610340324759,小越历史街区停车场,上虞区,74,0,2024-12-10 04:00:00
604013,第二人民医院停车场,上虞区,350,312,2024-12-10 04:00:00
604004,保驾山停车场,上虞区,37,0,2024-12-10 04:00:00
604012,人民桥下2号停车场,上虞区,60,22,2024-12-10 04:00:00
604009,保驾山夜排挡停车场,上虞区,106,0,2024-12-10 04:00:00
604004,保驾山停车场,上虞区,37,0,2024-12-10 03:55:00
604006,供销社停车场,上虞区,106,0,2024-12-10 03:55:00
604012,人民桥下2号停车场,上虞区,60,22,2024-12-10 03:55:00
604007,信义广场北停车场,上虞区,41,38,2024-12-10 03:55:00
19120915472614497,咪网测试停车场,上虞区,97,100,2024-12-10 03:55:00
604003,信义广场南停车场,上虞区,15,15,2024-12-10 03:55:00
604013,第二人民医院停车场,上虞区,350,312,2024-12-10 03:55:00
604002,梁祝大桥东桥下停车场,上虞区,95,57,2024-12-10 03:55:00
24032610340324759,小越历史街区停车场,上虞区,74,0,2024-12-10 03:55:00
604005,人民桥下停车场,上虞区,40,0,2024-12-10 03:55:00
604009,保驾山夜排挡停车场,上虞区,106,0,2024-12-10 03:55:00
604011,雅图停车场,上虞区,60,0,2024-12-10 03:55:00
604008,青春广场停车场,上虞区,70,0,2024-12-10 03:55:00
604011,雅图停车场,上虞区,60,0,2024-12-10 03:50:00
24032610340324759,小越历史街区停车场,上虞区,74,0,2024-12-10 03:50:00
604002,梁祝大桥东桥下停车场,上虞区,95,57,2024-12-10 03:50:00
19120915472614497,咪网测试停车场,上虞区,97,100,2024-12-10 03:50:00
604012,人民桥下2号停车场,上虞区,60,22,2024-12-10 03:50:00
604008,青春广场停车场,上虞区,70,0,2024-12-10 03:50:00
604003,信义广场南停车场,上虞区,15,15,2024-12-10 03:50:00
604013,第二人民医院停车场,上虞区,350,312,2024-12-10 03:50:00
604004,保驾山停车场,上虞区,37,0,2024-12-10 03:50:00
604007,信义广场北停车场,上虞区,41,38,2024-12-10 03:50:00
604006,供销社停车场,上虞区,106,0,2024-12-10 03:50:00
604005,人民桥下停车场,上虞区,40,0,2024-12-10 03:50:00
604009,保驾山夜排挡停车场,上虞区,106,0,2024-12-10 03:50:00
604006,供销社停车场,上虞区,106,0,2024-12-10 03:45:00
604002,梁祝大桥东桥下停车场,上虞区,95,57,2024-12-10 03:45:00
604013,第二人民医院停车场,上虞区,350,312,2024-12-10 03:45:00
604009,保驾山夜排挡停车场,上虞区,106,0,2024-12-10 03:45:00
604008,青春广场停车场,上虞区,70,0,2024-12-10 03:45:00
19120915472614497,咪网测试停车场,上虞区,97,100,2024-12-10 03:45:00
604003,信义广场南停车场,上虞区,15,15,2024-12-10 03:45:00
604005,人民桥下停车场,上虞区,40,0,2024-12-10 03:45:00
604012,人民桥下2号停车场,上虞区,60,22,2024-12-10 03:45:00
604007,信义广场北停车场,上虞区,41,38,2024-12-10 03:45:00
604004,保驾山停车场,上虞区,37,0,2024-12-10 03:45:00
24032610340324759,小越历史街区停车场,上虞区,74,0,2024-12-10 03:45:00
604011,雅图停车场,上虞区,60,0,2024-12-10 03:45:00
604005,人民桥下停车场,上虞区,40,0,2024-12-10 03:40:00
604011,雅图停车场,上虞区,60,0,2024-12-10 03:40:00
24032610340324759,小越历史街区停车场,上虞区,74,0,2024-12-10 03:40:00
19120915472614497,咪网测试停车场,上虞区,97,100,2024-12-10 03:40:00
604009,保驾山夜排挡停车场,上虞区,106,0,2024-12-10 03:40:00
604006,供销社停车场,上虞区,106,0,2024-12-10 03:40:00
604002,梁祝大桥东桥下停车场,上虞区,95,57,2024-12-10 03:40:00
604013,第二人民医院停车场,上虞区,350,312,2024-12-10 03:40:00
604008,青春广场停车场,上虞区,70,0,2024-12-10 03:40:00
604012,人民桥下2号停车场,上虞区,60,22,2024-12-10 03:40:00
604004,保驾山停车场,上虞区,37,0,2024-12-10 03:40:00
604003,信义广场南停车场,上虞区,15,15,2024-12-10 03:40:00
604007,信义广场北停车场,上虞区,41,38,2024-12-10 03:40:00
24032610340324759,小越历史街区停车场,上虞区,74,0,2024-12-10 03:35:00
604011,雅图停车场,上虞区,60,0,2024-12-10 03:35:00
604004,保驾山停车场,上虞区,37,0,2024-12-10 03:35:00
604009,保驾山夜排挡停车场,上虞区,106,0,2024-12-10 03:35:00
19120915472614497,咪网测试停车场,上虞区,97,100,2024-12-10 03:35:00
604003,信义广场南停车场,上虞区,15,15,2024-12-10 03:35:00
604006,供销社停车场,上虞区,106,0,2024-12-10 03:35:00
604008,青春广场停车场,上虞区,70,0,2024-12-10 03:35:00
604013,第二人民医院停车场,上虞区,350,312,2024-12-10 03:35:00
604012,人民桥下2号停车场,上虞区,60,22,2024-12-10 03:35:00
604007,信义广场北停车场,上虞区,41,38,2024-12-10 03:35:00
604005,人民桥下停车场,上虞区,40,0,2024-12-10 03:35:00
604002,梁祝大桥东桥下停车场,上虞区,95,57,2024-12-10 03:35:00
604013,第二人民医院停车场,上虞区,350,312,2024-12-10 03:30:00
19120915472614497,咪网测试停车场,上虞区,97,100,2024-12-10 03:30:00
604003,信义广场南停车场,上虞区,15,15,2024-12-10 03:30:00
24032610340324759,小越历史街区停车场,上虞区,74,0,2024-12-10 03:30:00
604005,人民桥下停车场,上虞区,40,0,2024-12-10 03:30:00
604007,信义广场北停车场,上虞区,41,38,2024-12-10 03:30:00
604008,青春广场停车场,上虞区,70,0,2024-12-10 03:30:00
604004,保驾山停车场,上虞区,37,0,2024-12-10 03:30:00
604009,保驾山夜排挡停车场,上虞区,106,0,2024-12-10 03:30:00
604002,梁祝大桥东桥下停车场,上虞区,95,57,2024-12-10 03:30:00
604011,雅图停车场,上虞区,60,0,2024-12-10 03:30:00
604006,供销社停车场,上虞区,106,0,2024-12-10 03:30:00
604012,人民桥下2号停车场,上虞区,60,22,2024-12-10 03:30:00
604009,保驾山夜排挡停车场,上虞区,106,0,2024-12-10 03:25:00
604004,保驾山停车场,上虞区,37,0,2024-12-10 03:25:00
604005,人民桥下停车场,上虞区,40,0,2024-12-10 03:25:00
19120915472614497,咪网测试停车场,上虞区,97,100,2024-12-10 03:25:00
604006,供销社停车场,上虞区,106,0,2024-12-10 03:25:00
24032610340324759,小越历史街区停车场,上虞区,74,0,2024-12-10 03:25:00
604011,雅图停车场,上虞区,60,0,2024-12-10 03:25:00
604002,梁祝大桥东桥下停车场,上虞区,95,57,2024-12-10 03:25:00
604003,信义广场南停车场,上虞区,15,15,2024-12-10 03:25:00
604013,第二人民医院停车场,上虞区,350,312,2024-12-10 03:25:00
604008,青春广场停车场,上虞区,70,0,2024-12-10 03:25:00
604007,信义广场北停车场,上虞区,41,38,2024-12-10 03:25:00
604012,人民桥下2号停车场,上虞区,60,22,2024-12-10 03:25:00
604012,人民桥下2号停车场,上虞区,60,22,2024-12-10 03:20:00
19120915472614497,咪网测试停车场,上虞区,97,100,2024-12-10 03:20:00
604002,梁祝大桥东桥下停车场,上虞区,95,57,2024-12-10 03:20:00
604003,信义广场南停车场,上虞区,15,15,2024-12-10 03:20:00
604009,保驾山夜排挡停车场,上虞区,106,0,2024-12-10 03:20:00
24032610340324759,小越历史街区停车场,上虞区,74,0,2024-12-10 03:20:00
604005,人民桥下停车场,上虞区,40,0,2024-12-10 03:20:00
604004,保驾山停车场,上虞区,37,0,2024-12-10 03:20:00
604006,供销社停车场,上虞区,106,0,2024-12-10 03:20:00
604011,雅图停车场,上虞区,60,0,2024-12-10 03:20:00
604008,青春广场停车场,上虞区,70,0,2024-12-10 03:20:00
604007,信义广场北停车场,上虞区,41,38,2024-12-10 03:20:00
604013,第二人民医院停车场,上虞区,350,312,2024-12-10 03:20:00
604013,第二人民医院停车场,上虞区,350,311,2024-12-10 03:15:00
604004,保驾山停车场,上虞区,37,0,2024-12-10 03:15:00
604012,人民桥下2号停车场,上虞区,60,22,2024-12-10 03:15:00
604008,青春广场停车场,上虞区,70,0,2024-12-10 03:15:00
604007,信义广场北停车场,上虞区,41,38,2024-12-10 03:15:00
24032610340324759,小越历史街区停车场,上虞区,74,0,2024-12-10 03:15:00
604011,雅图停车场,上虞区,60,0,2024-12-10 03:15:00
604002,梁祝大桥东桥下停车场,上虞区,95,57,2024-12-10 03:15:00
604006,供销社停车场,上虞区,106,0,2024-12-10 03:15:00
604003,信义广场南停车场,上虞区,15,15,2024-12-10 03:15:00
604005,人民桥下停车场,上虞区,40,0,2024-12-10 03:15:00
19120915472614497,咪网测试停车场,上虞区,97,100,2024-12-10 03:15:00
604009,保驾山夜排挡停车场,上虞区,106,0,2024-12-10 03:15:00
604009,保驾山夜排挡停车场,上虞区,106,0,2024-12-10 03:10:00
604007,信义广场北停车场,上虞区,41,38,2024-12-10 03:10:00
604003,信义广场南停车场,上虞区,15,15,2024-12-10 03:10:00
604002,梁祝大桥东桥下停车场,上虞区,95,57,2024-12-10 03:10:00
604006,供销社停车场,上虞区,106,0,2024-12-10 03:10:00
604004,保驾山停车场,上虞区,37,0,2024-12-10 03:10:00
24032610340324759,小越历史街区停车场,上虞区,74,0,2024-12-10 03:10:00
19120915472614497,咪网测试停车场,上虞区,97,100,2024-12-10 03:10:00
604008,青春广场停车场,上虞区,70,0,2024-12-10 03:10:00
604005,人民桥下停车场,上虞区,40,0,2024-12-10 03:10:00
604012,人民桥下2号停车场,上虞区,60,22,2024-12-10 03:10:00
604013,第二人民医院停车场,上虞区,350,311,2024-12-10 03:10:00
604011,雅图停车场,上虞区,60,0,2024-12-10 03:10:00
604011,雅图停车场,上虞区,60,0,2024-12-10 03:05:00
604012,人民桥下2号停车场,上虞区,60,22,2024-12-10 03:05:00
604008,青春广场停车场,上虞区,70,0,2024-12-10 03:05:00
604003,信义广场南停车场,上虞区,15,15,2024-12-10 03:05:00
604004,保驾山停车场,上虞区,37,0,2024-12-10 03:05:00
604013,第二人民医院停车场,上虞区,350,311,2024-12-10 03:05:00
604006,供销社停车场,上虞区,106,0,2024-12-10 03:05:00
604007,信义广场北停车场,上虞区,41,38,2024-12-10 03:05:00
604009,保驾山夜排挡停车场,上虞区,106,0,2024-12-10 03:05:00
19120915472614497,咪网测试停车场,上虞区,97,100,2024-12-10 03:05:00
604005,人民桥下停车场,上虞区,40,0,2024-12-10 03:05:00
24032610340324759,小越历史街区停车场,上虞区,74,0,2024-12-10 03:05:00
604002,梁祝大桥东桥下停车场,上虞区,95,57,2024-12-10 03:05:00
604009,保驾山夜排挡停车场,上虞区,106,0,2024-12-10 03:00:00
604006,供销社停车场,上虞区,106,0,2024-12-10 03:00:00
604011,雅图停车场,上虞区,60,0,2024-12-10 03:00:00
24032610340324759,小越历史街区停车场,上虞区,74,0,2024-12-10 03:00:00
604013,第二人民医院停车场,上虞区,350,311,2024-12-10 03:00:00
604012,人民桥下2号停车场,上虞区,60,22,2024-12-10 03:00:00
604008,青春广场停车场,上虞区,70,0,2024-12-10 03:00:00
604005,人民桥下停车场,上虞区,40,0,2024-12-10 03:00:00
604002,梁祝大桥东桥下停车场,上虞区,95,57,2024-12-10 03:00:00
604007,信义广场北停车场,上虞区,41,38,2024-12-10 03:00:00
604004,保驾山停车场,上虞区,37,0,2024-12-10 03:00:00
19120915472614497,咪网测试停车场,上虞区,97,100,2024-12-10 03:00:00
604003,信义广场南停车场,上虞区,15,15,2024-12-10 03:00:00
604007,信义广场北停车场,上虞区,41,38,2024-12-10 02:55:00
19120915472614497,咪网测试停车场,上虞区,97,100,2024-12-10 02:55:00
604002,梁祝大桥东桥下停车场,上虞区,95,57,2024-12-10 02:55:00
604005,人民桥下停车场,上虞区,40,0,2024-12-10 02:55:00
604006,供销社停车场,上虞区,106,0,2024-12-10 02:55:00
604012,人民桥下2号停车场,上虞区,60,22,2024-12-10 02:55:00
604009,保驾山夜排挡停车场,上虞区,106,0,2024-12-10 02:55:00
24032610340324759,小越历史街区停车场,上虞区,74,0,2024-12-10 02:55:00
604013,第二人民医院停车场,上虞区,350,311,2024-12-10 02:55:00
604004,保驾山停车场,上虞区,37,0,2024-12-10 02:55:00
604011,雅图停车场,上虞区,60,0,2024-12-10 02:55:00
604003,信义广场南停车场,上虞区,15,15,2024-12-10 02:55:00
604008,青春广场停车场,上虞区,70,0,2024-12-10 02:55:00
604011,雅图停车场,上虞区,60,0,2024-12-10 02:50:00
604003,信义广场南停车场,上虞区,15,15,2024-12-10 02:50:00
604006,供销社停车场,上虞区,106,0,2024-12-10 02:50:00
24032610340324759,小越历史街区停车场,上虞区,74,0,2024-12-10 02:50:00
604004,保驾山停车场,上虞区,37,0,2024-12-10 02:50:00
604012,人民桥下2号停车场,上虞区,60,22,2024-12-10 02:50:00
604007,信义广场北停车场,上虞区,41,38,2024-12-10 02:50:00
19120915472614497,咪网测试停车场,上虞区,97,100,2024-12-10 02:50:00
604008,青春广场停车场,上虞区,70,0,2024-12-10 02:50:00
604005,人民桥下停车场,上虞区,40,0,2024-12-10 02:50:00
604013,第二人民医院停车场,上虞区,350,311,2024-12-10 02:50:00
604002,梁祝大桥东桥下停车场,上虞区,95,57,2024-12-10 02:50:00
604009,保驾山夜排挡停车场,上虞区,106,0,2024-12-10 02:50:00
604005,人民桥下停车场,上虞区,40,0,2024-12-10 02:45:00
604003,信义广场南停车场,上虞区,15,15,2024-12-10 02:45:00
604007,信义广场北停车场,上虞区,41,38,2024-12-10 02:45:00
604006,供销社停车场,上虞区,106,0,2024-12-10 02:45:00
604009,保驾山夜排挡停车场,上虞区,106,0,2024-12-10 02:45:00
19120915472614497,咪网测试停车场,上虞区,97,100,2024-12-10 02:45:00
604004,保驾山停车场,上虞区,37,0,2024-12-10 02:45:00
604002,梁祝大桥东桥下停车场,上虞区,95,57,2024-12-10 02:45:00
604008,青春广场停车场,上虞区,70,0,2024-12-10 02:45:00
604013,第二人民医院停车场,上虞区,350,311,2024-12-10 02:45:00
24032610340324759,小越历史街区停车场,上虞区,74,0,2024-12-10 02:45:00
604012,人民桥下2号停车场,上虞区,60,22,2024-12-10 02:45:00
604011,雅图停车场,上虞区,60,0,2024-12-10 02:45:00
604003,信义广场南停车场,上虞区,15,15,2024-12-10 02:40:00
604007,信义广场北停车场,上虞区,41,38,2024-12-10 02:40:00
604002,梁祝大桥东桥下停车场,上虞区,95,57,2024-12-10 02:40:00
604013,第二人民医院停车场,上虞区,350,311,2024-12-10 02:40:00
604008,青春广场停车场,上虞区,70,0,2024-12-10 02:40:00
604011,雅图停车场,上虞区,60,0,2024-12-10 02:40:00
604004,保驾山停车场,上虞区,37,0,2024-12-10 02:40:00
24032610340324759,小越历史街区停车场,上虞区,74,0,2024-12-10 02:40:00
19120915472614497,咪网测试停车场,上虞区,97,100,2024-12-10 02:40:00
604005,人民桥下停车场,上虞区,40,0,2024-12-10 02:40:00
604009,保驾山夜排挡停车场,上虞区,106,0,2024-12-10 02:40:00
604006,供销社停车场,上虞区,106,0,2024-12-10 02:40:00
604012,人民桥下2号停车场,上虞区,60,22,2024-12-10 02:40:00
604007,信义广场北停车场,上虞区,41,38,2024-12-10 02:35:09
604005,人民桥下停车场,上虞区,40,0,2024-12-10 02:35:08
24032610340324759,小越历史街区停车场,上虞区,74,0,2024-12-10 02:35:08
604006,供销社停车场,上虞区,106,0,2024-12-10 02:35:08
604008,青春广场停车场,上虞区,70,0,2024-12-10 02:35:08
604004,保驾山停车场,上虞区,37,0,2024-12-10 02:35:08
604002,梁祝大桥东桥下停车场,上虞区,95,57,2024-12-10 02:35:08
604003,信义广场南停车场,上虞区,15,15,2024-12-10 02:35:08
604012,人民桥下2号停车场,上虞区,60,22,2024-12-10 02:35:08
19120915472614497,咪网测试停车场,上虞区,97,100,2024-12-10 02:35:08
604011,雅图停车场,上虞区,60,0,2024-12-10 02:35:08
604009,保驾山夜排挡停车场,上虞区,106,0,2024-12-10 02:35:08
604013,第二人民医院停车场,上虞区,350,310,2024-12-10 02:35:08
604004,保驾山停车场,上虞区,37,0,2024-12-10 02:30:00
604009,保驾山夜排挡停车场,上虞区,106,0,2024-12-10 02:30:00
19120915472614497,咪网测试停车场,上虞区,97,100,2024-12-10 02:30:00
604002,梁祝大桥东桥下停车场,上虞区,95,57,2024-12-10 02:30:00
604006,供销社停车场,上虞区,106,0,2024-12-10 02:30:00
604013,第二人民医院停车场,上虞区,350,310,2024-12-10 02:30:00
24032610340324759,小越历史街区停车场,上虞区,74,0,2024-12-10 02:30:00
604005,人民桥下停车场,上虞区,40,0,2024-12-10 02:30:00
604007,信义广场北停车场,上虞区,41,38,2024-12-10 02:30:00
604011,雅图停车场,上虞区,60,0,2024-12-10 02:30:00
604008,青春广场停车场,上虞区,70,0,2024-12-10 02:30:00
604003,信义广场南停车场,上虞区,15,15,2024-12-10 02:30:00
604012,人民桥下2号停车场,上虞区,60,22,2024-12-10 02:30:00
604005,人民桥下停车场,上虞区,40,0,2024-12-10 02:25:00
604008,青春广场停车场,上虞区,70,0,2024-12-10 02:25:00
604012,人民桥下2号停车场,上虞区,60,22,2024-12-10 02:25:00
604013,第二人民医院停车场,上虞区,350,310,2024-12-10 02:25:00
604011,雅图停车场,上虞区,60,0,2024-12-10 02:25:00
24032610340324759,小越历史街区停车场,上虞区,74,0,2024-12-10 02:25:00
604009,保驾山夜排挡停车场,上虞区,106,0,2024-12-10 02:25:00
604004,保驾山停车场,上虞区,37,0,2024-12-10 02:25:00
604006,供销社停车场,上虞区,106,0,2024-12-10 02:25:00
604003,信义广场南停车场,上虞区,15,15,2024-12-10 02:25:00
604007,信义广场北停车场,上虞区,41,38,2024-12-10 02:25:00
604002,梁祝大桥东桥下停车场,上虞区,95,57,2024-12-10 02:25:00
19120915472614497,咪网测试停车场,上虞区,97,100,2024-12-10 02:25:00
604008,青春广场停车场,上虞区,70,0,2024-12-10 02:20:00
604011,雅图停车场,上虞区,60,0,2024-12-10 02:20:00
604004,保驾山停车场,上虞区,37,0,2024-12-10 02:20:00
19120915472614497,咪网测试停车场,上虞区,97,100,2024-12-10 02:20:00
604006,供销社停车场,上虞区,106,0,2024-12-10 02:20:00
604005,人民桥下停车场,上虞区,40,0,2024-12-10 02:20:00
24032610340324759,小越历史街区停车场,上虞区,74,0,2024-12-10 02:20:00
604009,保驾山夜排挡停车场,上虞区,106,0,2024-12-10 02:20:00
604003,信义广场南停车场,上虞区,15,15,2024-12-10 02:20:00
604013,第二人民医院停车场,上虞区,350,310,2024-12-10 02:20:00
604007,信义广场北停车场,上虞区,41,38,2024-12-10 02:20:00
604002,梁祝大桥东桥下停车场,上虞区,95,57,2024-12-10 02:20:00
604012,人民桥下2号停车场,上虞区,60,22,2024-12-10 02:20:00
604012,人民桥下2号停车场,上虞区,60,22,2024-12-10 02:15:00
604013,第二人民医院停车场,上虞区,350,310,2024-12-10 02:15:00
604003,信义广场南停车场,上虞区,15,15,2024-12-10 02:15:00
604006,供销社停车场,上虞区,106,0,2024-12-10 02:15:00
604004,保驾山停车场,上虞区,37,0,2024-12-10 02:15:00
604008,青春广场停车场,上虞区,70,0,2024-12-10 02:15:00
604007,信义广场北停车场,上虞区,41,38,2024-12-10 02:15:00
604009,保驾山夜排挡停车场,上虞区,106,0,2024-12-10 02:15:00
19120915472614497,咪网测试停车场,上虞区,97,100,2024-12-10 02:15:00
24032610340324759,小越历史街区停车场,上虞区,74,0,2024-12-10 02:15:00
604005,人民桥下停车场,上虞区,40,0,2024-12-10 02:15:00
604011,雅图停车场,上虞区,60,0,2024-12-10 02:15:00
604002,梁祝大桥东桥下停车场,上虞区,95,57,2024-12-10 02:15:00
24032610340324759,小越历史街区停车场,上虞区,74,0,2024-12-10 02:10:02
604011,雅图停车场,上虞区,60,0,2024-12-10 02:10:02
604002,梁祝大桥东桥下停车场,上虞区,95,57,2024-12-10 02:10:02
604006,供销社停车场,上虞区,106,0,2024-12-10 02:10:02
604003,信义广场南停车场,上虞区,15,15,2024-12-10 02:10:02
604005,人民桥下停车场,上虞区,40,0,2024-12-10 02:10:02
19120915472614497,咪网测试停车场,上虞区,97,100,2024-12-10 02:10:02
604004,保驾山停车场,上虞区,37,0,2024-12-10 02:10:02
604008,青春广场停车场,上虞区,70,0,2024-12-10 02:10:02
604013,第二人民医院停车场,上虞区,350,310,2024-12-10 02:10:02
604012,人民桥下2号停车场,上虞区,60,22,2024-12-10 02:10:02
604009,保驾山夜排挡停车场,上虞区,106,0,2024-12-10 02:10:02
604007,信义广场北停车场,上虞区,41,38,2024-12-10 02:10:02
24032610340324759,小越历史街区停车场,上虞区,74,0,2024-12-10 02:05:00
604003,信义广场南停车场,上虞区,15,15,2024-12-10 02:05:00
604013,第二人民医院停车场,上虞区,350,310,2024-12-10 02:05:00
604006,供销社停车场,上虞区,106,0,2024-12-10 02:05:00
604005,人民桥下停车场,上虞区,40,0,2024-12-10 02:05:00
19120915472614497,咪网测试停车场,上虞区,97,100,2024-12-10 02:05:00
604011,雅图停车场,上虞区,60,0,2024-12-10 02:05:00
604009,保驾山夜排挡停车场,上虞区,106,0,2024-12-10 02:05:00
604002,梁祝大桥东桥下停车场,上虞区,95,57,2024-12-10 02:05:00
604007,信义广场北停车场,上虞区,41,38,2024-12-10 02:05:00
604012,人民桥下2号停车场,上虞区,60,22,2024-12-10 02:05:00
604004,保驾山停车场,上虞区,37,0,2024-12-10 02:05:00
604008,青春广场停车场,上虞区,70,0,2024-12-10 02:05:00
604007,信义广场北停车场,上虞区,41,38,2024-12-10 02:00:00
604009,保驾山夜排挡停车场,上虞区,106,0,2024-12-10 02:00:00
604011,雅图停车场,上虞区,60,0,2024-12-10 02:00:00
24032610340324759,小越历史街区停车场,上虞区,74,0,2024-12-10 02:00:00
604002,梁祝大桥东桥下停车场,上虞区,95,57,2024-12-10 02:00:00
604004,保驾山停车场,上虞区,37,0,2024-12-10 02:00:00
19120915472614497,咪网测试停车场,上虞区,97,100,2024-12-10 02:00:00
604013,第二人民医院停车场,上虞区,350,310,2024-12-10 02:00:00
604006,供销社停车场,上虞区,106,0,2024-12-10 02:00:00
604012,人民桥下2号停车场,上虞区,60,22,2024-12-10 02:00:00
604008,青春广场停车场,上虞区,70,0,2024-12-10 02:00:00
604003,信义广场南停车场,上虞区,15,15,2024-12-10 02:00:00
604005,人民桥下停车场,上虞区,40,0,2024-12-10 02:00:00
604009,保驾山夜排挡停车场,上虞区,106,0,2024-12-10 01:55:00
604011,雅图停车场,上虞区,60,0,2024-12-10 01:55:00
604005,人民桥下停车场,上虞区,40,0,2024-12-10 01:55:00
604006,供销社停车场,上虞区,106,0,2024-12-10 01:55:00
604008,青春广场停车场,上虞区,70,0,2024-12-10 01:55:00
24032610340324759,小越历史街区停车场,上虞区,74,0,2024-12-10 01:55:00
604002,梁祝大桥东桥下停车场,上虞区,95,57,2024-12-10 01:55:00
604004,保驾山停车场,上虞区,37,0,2024-12-10 01:55:00
19120915472614497,咪网测试停车场,上虞区,97,100,2024-12-10 01:55:00
604003,信义广场南停车场,上虞区,15,15,2024-12-10 01:55:00
604012,人民桥下2号停车场,上虞区,60,22,2024-12-10 01:55:00
604013,第二人民医院停车场,上虞区,350,310,2024-12-10 01:55:00
604007,信义广场北停车场,上虞区,41,38,2024-12-10 01:55:00
604007,信义广场北停车场,上虞区,41,38,2024-12-10 01:50:00
24032610340324759,小越历史街区停车场,上虞区,74,0,2024-12-10 01:50:00
604003,信义广场南停车场,上虞区,15,15,2024-12-10 01:50:00
604002,梁祝大桥东桥下停车场,上虞区,95,57,2024-12-10 01:50:00
604005,人民桥下停车场,上虞区,40,0,2024-12-10 01:50:00
604008,青春广场停车场,上虞区,70,0,2024-12-10 01:50:00
604004,保驾山停车场,上虞区,37,0,2024-12-10 01:50:00
604013,第二人民医院停车场,上虞区,350,310,2024-12-10 01:50:00
19120915472614497,咪网测试停车场,上虞区,97,100,2024-12-10 01:50:00
604009,保驾山夜排挡停车场,上虞区,106,0,2024-12-10 01:50:00
604006,供销社停车场,上虞区,106,0,2024-12-10 01:50:00
604011,雅图停车场,上虞区,60,0,2024-12-10 01:50:00
604012,人民桥下2号停车场,上虞区,60,22,2024-12-10 01:50:00
604009,保驾山夜排挡停车场,上虞区,106,0,2024-12-10 01:45:00
604003,信义广场南停车场,上虞区,15,15,2024-12-10 01:45:00
604013,第二人民医院停车场,上虞区,350,310,2024-12-10 01:45:00
24032610340324759,小越历史街区停车场,上虞区,74,0,2024-12-10 01:45:00
604011,雅图停车场,上虞区,60,0,2024-12-10 01:45:00
604005,人民桥下停车场,上虞区,40,0,2024-12-10 01:45:00
604012,人民桥下2号停车场,上虞区,60,22,2024-12-10 01:45:00
604007,信义广场北停车场,上虞区,41,38,2024-12-10 01:45:00
604002,梁祝大桥东桥下停车场,上虞区,95,57,2024-12-10 01:45:00
604004,保驾山停车场,上虞区,37,0,2024-12-10 01:45:00
19120915472614497,咪网测试停车场,上虞区,97,100,2024-12-10 01:45:00
604006,供销社停车场,上虞区,106,0,2024-12-10 01:45:00
604008,青春广场停车场,上虞区,70,0,2024-12-10 01:45:00
604002,梁祝大桥东桥下停车场,上虞区,95,57,2024-12-10 01:40:00
24032610340324759,小越历史街区停车场,上虞区,74,0,2024-12-10 01:40:00
604009,保驾山夜排挡停车场,上虞区,106,0,2024-12-10 01:40:00
604006,供销社停车场,上虞区,106,0,2024-12-10 01:40:00
604012,人民桥下2号停车场,上虞区,60,22,2024-12-10 01:40:00
604007,信义广场北停车场,上虞区,41,38,2024-12-10 01:40:00
19120915472614497,咪网测试停车场,上虞区,97,100,2024-12-10 01:40:00
604008,青春广场停车场,上虞区,70,0,2024-12-10 01:40:00
604011,雅图停车场,上虞区,60,0,2024-12-10 01:40:00
604004,保驾山停车场,上虞区,37,0,2024-12-10 01:40:00
604005,人民桥下停车场,上虞区,40,0,2024-12-10 01:40:00
604013,第二人民医院停车场,上虞区,350,309,2024-12-10 01:40:00
604003,信义广场南停车场,上虞区,15,15,2024-12-10 01:40:00
604004,保驾山停车场,上虞区,37,0,2024-12-10 01:35:00
19120915472614497,咪网测试停车场,上虞区,97,100,2024-12-10 01:35:00
604011,雅图停车场,上虞区,60,0,2024-12-10 01:35:00
604006,供销社停车场,上虞区,106,0,2024-12-10 01:35:00
604002,梁祝大桥东桥下停车场,上虞区,95,57,2024-12-10 01:35:00
604003,信义广场南停车场,上虞区,15,15,2024-12-10 01:35:00
24032610340324759,小越历史街区停车场,上虞区,74,0,2024-12-10 01:35:00
604012,人民桥下2号停车场,上虞区,60,22,2024-12-10 01:35:00
604013,第二人民医院停车场,上虞区,350,309,2024-12-10 01:35:00
604005,人民桥下停车场,上虞区,40,0,2024-12-10 01:35:00
604007,信义广场北停车场,上虞区,41,38,2024-12-10 01:35:00
604008,青春广场停车场,上虞区,70,0,2024-12-10 01:35:00
604009,保驾山夜排挡停车场,上虞区,106,0,2024-12-10 01:35:00
604006,供销社停车场,上虞区,106,0,2024-12-10 01:30:00
604002,梁祝大桥东桥下停车场,上虞区,95,57,2024-12-10 01:30:00
604011,雅图停车场,上虞区,60,0,2024-12-10 01:30:00
604009,保驾山夜排挡停车场,上虞区,106,0,2024-12-10 01:30:00
24032610340324759,小越历史街区停车场,上虞区,74,0,2024-12-10 01:30:00
19120915472614497,咪网测试停车场,上虞区,97,100,2024-12-10 01:30:00
604005,人民桥下停车场,上虞区,40,0,2024-12-10 01:30:00
604013,第二人民医院停车场,上虞区,350,309,2024-12-10 01:30:00
604003,信义广场南停车场,上虞区,15,15,2024-12-10 01:30:00
604007,信义广场北停车场,上虞区,41,38,2024-12-10 01:30:00
604012,人民桥下2号停车场,上虞区,60,22,2024-12-10 01:30:00
604008,青春广场停车场,上虞区,70,0,2024-12-10 01:30:00
604004,保驾山停车场,上虞区,37,0,2024-12-10 01:30:00
604008,青春广场停车场,上虞区,70,0,2024-12-10 01:25:00
604005,人民桥下停车场,上虞区,40,0,2024-12-10 01:25:00
24032610340324759,小越历史街区停车场,上虞区,74,0,2024-12-10 01:25:00
604013,第二人民医院停车场,上虞区,350,309,2024-12-10 01:25:00
19120915472614497,咪网测试停车场,上虞区,97,100,2024-12-10 01:25:00
604002,梁祝大桥东桥下停车场,上虞区,95,57,2024-12-10 01:25:00
604011,雅图停车场,上虞区,60,0,2024-12-10 01:25:00
604007,信义广场北停车场,上虞区,41,38,2024-12-10 01:25:00
604009,保驾山夜排挡停车场,上虞区,106,0,2024-12-10 01:25:00
604004,保驾山停车场,上虞区,37,0,2024-12-10 01:25:00
604006,供销社停车场,上虞区,106,0,2024-12-10 01:25:00
604012,人民桥下2号停车场,上虞区,60,22,2024-12-10 01:25:00
604003,信义广场南停车场,上虞区,15,15,2024-12-10 01:25:00
19120915472614497,咪网测试停车场,上虞区,97,100,2024-12-10 01:20:00
24032610340324759,小越历史街区停车场,上虞区,74,0,2024-12-10 01:20:00
604004,保驾山停车场,上虞区,37,0,2024-12-10 01:20:00
604008,青春广场停车场,上虞区,70,0,2024-12-10 01:20:00
604002,梁祝大桥东桥下停车场,上虞区,95,57,2024-12-10 01:20:00
604012,人民桥下2号停车场,上虞区,60,22,2024-12-10 01:20:00
604011,雅图停车场,上虞区,60,0,2024-12-10 01:20:00
604005,人民桥下停车场,上虞区,40,0,2024-12-10 01:20:00
604007,信义广场北停车场,上虞区,41,38,2024-12-10 01:20:00
604009,保驾山夜排挡停车场,上虞区,106,0,2024-12-10 01:20:00
604013,第二人民医院停车场,上虞区,350,309,2024-12-10 01:20:00
604006,供销社停车场,上虞区,106,0,2024-12-10 01:20:00
604003,信义广场南停车场,上虞区,15,15,2024-12-10 01:20:00
604011,雅图停车场,上虞区,60,0,2024-12-10 01:15:00
604007,信义广场北停车场,上虞区,41,38,2024-12-10 01:15:00
19120915472614497,咪网测试停车场,上虞区,97,100,2024-12-10 01:15:00
604008,青春广场停车场,上虞区,70,0,2024-12-10 01:15:00
604004,保驾山停车场,上虞区,37,0,2024-12-10 01:15:00
604002,梁祝大桥东桥下停车场,上虞区,95,57,2024-12-10 01:15:00
604012,人民桥下2号停车场,上虞区,60,22,2024-12-10 01:15:00
604006,供销社停车场,上虞区,106,0,2024-12-10 01:15:00
604009,保驾山夜排挡停车场,上虞区,106,0,2024-12-10 01:15:00
24032610340324759,小越历史街区停车场,上虞区,74,0,2024-12-10 01:15:00
604003,信义广场南停车场,上虞区,15,15,2024-12-10 01:15:00
604005,人民桥下停车场,上虞区,40,0,2024-12-10 01:15:00
604013,第二人民医院停车场,上虞区,350,309,2024-12-10 01:15:00
19120915472614497,咪网测试停车场,上虞区,97,100,2024-12-10 01:10:00
604002,梁祝大桥东桥下停车场,上虞区,95,57,2024-12-10 01:10:00
604013,第二人民医院停车场,上虞区,350,309,2024-12-10 01:10:00
604006,供销社停车场,上虞区,106,0,2024-12-10 01:10:00
604012,人民桥下2号停车场,上虞区,60,22,2024-12-10 01:10:00
604003,信义广场南停车场,上虞区,15,15,2024-12-10 01:10:00
24032610340324759,小越历史街区停车场,上虞区,74,0,2024-12-10 01:10:00
604004,保驾山停车场,上虞区,37,0,2024-12-10 01:10:00
604009,保驾山夜排挡停车场,上虞区,106,0,2024-12-10 01:10:00
604005,人民桥下停车场,上虞区,40,0,2024-12-10 01:10:00
604008,青春广场停车场,上虞区,70,0,2024-12-10 01:10:00
604011,雅图停车场,上虞区,60,0,2024-12-10 01:10:00
604007,信义广场北停车场,上虞区,41,38,2024-12-10 01:10:00
604004,保驾山停车场,上虞区,37,0,2024-12-10 01:05:00
604012,人民桥下2号停车场,上虞区,60,22,2024-12-10 01:05:00
604002,梁祝大桥东桥下停车场,上虞区,95,57,2024-12-10 01:05:00
604009,保驾山夜排挡停车场,上虞区,106,0,2024-12-10 01:05:00
604005,人民桥下停车场,上虞区,40,0,2024-12-10 01:05:00
604007,信义广场北停车场,上虞区,41,38,2024-12-10 01:05:00
24032610340324759,小越历史街区停车场,上虞区,74,0,2024-12-10 01:05:00
604003,信义广场南停车场,上虞区,15,15,2024-12-10 01:05:00
604011,雅图停车场,上虞区,60,0,2024-12-10 01:05:00
604008,青春广场停车场,上虞区,70,0,2024-12-10 01:05:00
604013,第二人民医院停车场,上虞区,350,308,2024-12-10 01:05:00
19120915472614497,咪网测试停车场,上虞区,97,100,2024-12-10 01:05:00
604006,供销社停车场,上虞区,106,0,2024-12-10 01:05:00
604008,青春广场停车场,上虞区,70,0,2024-12-10 01:00:00
604005,人民桥下停车场,上虞区,40,0,2024-12-10 01:00:00
604011,雅图停车场,上虞区,60,0,2024-12-10 01:00:00
604003,信义广场南停车场,上虞区,15,15,2024-12-10 01:00:00
24032610340324759,小越历史街区停车场,上虞区,74,0,2024-12-10 01:00:00
604002,梁祝大桥东桥下停车场,上虞区,95,57,2024-12-10 01:00:00
604007,信义广场北停车场,上虞区,41,38,2024-12-10 01:00:00
604009,保驾山夜排挡停车场,上虞区,106,0,2024-12-10 01:00:00
604013,第二人民医院停车场,上虞区,350,308,2024-12-10 01:00:00
604012,人民桥下2号停车场,上虞区,60,22,2024-12-10 01:00:00
19120915472614497,咪网测试停车场,上虞区,97,100,2024-12-10 01:00:00
604004,保驾山停车场,上虞区,37,0,2024-12-10 01:00:00
604006,供销社停车场,上虞区,106,0,2024-12-10 01:00:00
604012,人民桥下2号停车场,上虞区,60,22,2024-12-10 00:55:00
604011,雅图停车场,上虞区,60,0,2024-12-10 00:55:00
604002,梁祝大桥东桥下停车场,上虞区,95,57,2024-12-10 00:55:00
604009,保驾山夜排挡停车场,上虞区,106,0,2024-12-10 00:55:00
604003,信义广场南停车场,上虞区,15,15,2024-12-10 00:55:00
604006,供销社停车场,上虞区,106,0,2024-12-10 00:55:00
604008,青春广场停车场,上虞区,70,0,2024-12-10 00:55:00
24032610340324759,小越历史街区停车场,上虞区,74,0,2024-12-10 00:55:00
604004,保驾山停车场,上虞区,37,0,2024-12-10 00:55:00
604005,人民桥下停车场,上虞区,40,0,2024-12-10 00:55:00
604007,信义广场北停车场,上虞区,41,38,2024-12-10 00:55:00
19120915472614497,咪网测试停车场,上虞区,97,100,2024-12-10 00:55:00
604013,第二人民医院停车场,上虞区,350,309,2024-12-10 00:55:00
604006,供销社停车场,上虞区,106,0,2024-12-10 00:50:00
604013,第二人民医院停车场,上虞区,350,308,2024-12-10 00:50:00
604002,梁祝大桥东桥下停车场,上虞区,95,57,2024-12-10 00:50:00
604008,青春广场停车场,上虞区,70,0,2024-12-10 00:50:00
604007,信义广场北停车场,上虞区,41,38,2024-12-10 00:50:00
604004,保驾山停车场,上虞区,37,0,2024-12-10 00:50:00
604012,人民桥下2号停车场,上虞区,60,22,2024-12-10 00:50:00
604009,保驾山夜排挡停车场,上虞区,106,0,2024-12-10 00:50:00
604011,雅图停车场,上虞区,60,0,2024-12-10 00:50:00
604003,信义广场南停车场,上虞区,15,15,2024-12-10 00:50:00
19120915472614497,咪网测试停车场,上虞区,97,100,2024-12-10 00:50:00
604005,人民桥下停车场,上虞区,40,0,2024-12-10 00:50:00
24032610340324759,小越历史街区停车场,上虞区,74,0,2024-12-10 00:50:00
604006,供销社停车场,上虞区,106,0,2024-12-10 00:45:00
604002,梁祝大桥东桥下停车场,上虞区,95,57,2024-12-10 00:45:00
604007,信义广场北停车场,上虞区,41,38,2024-12-10 00:45:00
604012,人民桥下2号停车场,上虞区,60,22,2024-12-10 00:45:00
604013,第二人民医院停车场,上虞区,350,308,2024-12-10 00:45:00
604009,保驾山夜排挡停车场,上虞区,106,0,2024-12-10 00:45:00
604004,保驾山停车场,上虞区,37,0,2024-12-10 00:45:00
604008,青春广场停车场,上虞区,70,0,2024-12-10 00:45:00
604005,人民桥下停车场,上虞区,40,0,2024-12-10 00:45:00
604011,雅图停车场,上虞区,60,0,2024-12-10 00:45:00
604003,信义广场南停车场,上虞区,15,15,2024-12-10 00:45:00
24032610340324759,小越历史街区停车场,上虞区,74,0,2024-12-10 00:45:00
19120915472614497,咪网测试停车场,上虞区,97,100,2024-12-10 00:45:00
604005,人民桥下停车场,上虞区,40,0,2024-12-10 00:40:00
24032610340324759,小越历史街区停车场,上虞区,74,0,2024-12-10 00:40:00
19120915472614497,咪网测试停车场,上虞区,97,100,2024-12-10 00:40:00
604008,青春广场停车场,上虞区,70,0,2024-12-10 00:40:00
604009,保驾山夜排挡停车场,上虞区,106,0,2024-12-10 00:40:00
604011,雅图停车场,上虞区,60,0,2024-12-10 00:40:00
604007,信义广场北停车场,上虞区,41,38,2024-12-10 00:40:00
604002,梁祝大桥东桥下停车场,上虞区,95,57,2024-12-10 00:40:00
604013,第二人民医院停车场,上虞区,350,308,2024-12-10 00:40:00
604003,信义广场南停车场,上虞区,15,15,2024-12-10 00:40:00
604006,供销社停车场,上虞区,106,0,2024-12-10 00:40:00
604012,人民桥下2号停车场,上虞区,60,22,2024-12-10 00:40:00
604004,保驾山停车场,上虞区,37,0,2024-12-10 00:40:00
604004,保驾山停车场,上虞区,37,0,2024-12-10 00:35:00
19120915472614497,咪网测试停车场,上虞区,97,100,2024-12-10 00:35:00
604002,梁祝大桥东桥下停车场,上虞区,95,57,2024-12-10 00:35:00
604006,供销社停车场,上虞区,106,0,2024-12-10 00:35:00
604008,青春广场停车场,上虞区,70,0,2024-12-10 00:35:00
604007,信义广场北停车场,上虞区,41,38,2024-12-10 00:35:00
604009,保驾山夜排挡停车场,上虞区,106,0,2024-12-10 00:35:00
604005,人民桥下停车场,上虞区,40,0,2024-12-10 00:35:00
604013,第二人民医院停车场,上虞区,350,307,2024-12-10 00:35:00
604012,人民桥下2号停车场,上虞区,60,22,2024-12-10 00:35:00
604003,信义广场南停车场,上虞区,15,15,2024-12-10 00:35:00
604011,雅图停车场,上虞区,60,0,2024-12-10 00:35:00
24032610340324759,小越历史街区停车场,上虞区,74,0,2024-12-10 00:35:00
604002,梁祝大桥东桥下停车场,上虞区,95,57,2024-12-10 00:30:00
604008,青春广场停车场,上虞区,70,0,2024-12-10 00:30:00
604005,人民桥下停车场,上虞区,40,0,2024-12-10 00:30:00
604004,保驾山停车场,上虞区,37,0,2024-12-10 00:30:00
604006,供销社停车场,上虞区,106,0,2024-12-10 00:30:00
604009,保驾山夜排挡停车场,上虞区,106,0,2024-12-10 00:30:00
604013,第二人民医院停车场,上虞区,350,306,2024-12-10 00:30:00
24032610340324759,小越历史街区停车场,上虞区,74,0,2024-12-10 00:30:00
19120915472614497,咪网测试停车场,上虞区,97,100,2024-12-10 00:30:00
604012,人民桥下2号停车场,上虞区,60,22,2024-12-10 00:30:00
604011,雅图停车场,上虞区,60,0,2024-12-10 00:30:00
604003,信义广场南停车场,上虞区,15,15,2024-12-10 00:30:00
604007,信义广场北停车场,上虞区,41,38,2024-12-10 00:30:00
604008,青春广场停车场,上虞区,70,0,2024-12-10 00:25:00
604007,信义广场北停车场,上虞区,41,38,2024-12-10 00:25:00
19120915472614497,咪网测试停车场,上虞区,97,100,2024-12-10 00:25:00
604002,梁祝大桥东桥下停车场,上虞区,95,57,2024-12-10 00:25:00
604005,人民桥下停车场,上虞区,40,0,2024-12-10 00:25:00
604012,人民桥下2号停车场,上虞区,60,22,2024-12-10 00:25:00
604011,雅图停车场,上虞区,60,0,2024-12-10 00:25:00
604009,保驾山夜排挡停车场,上虞区,106,0,2024-12-10 00:25:00
604003,信义广场南停车场,上虞区,15,15,2024-12-10 00:25:00
604013,第二人民医院停车场,上虞区,350,307,2024-12-10 00:25:00
604004,保驾山停车场,上虞区,37,0,2024-12-10 00:25:00
24032610340324759,小越历史街区停车场,上虞区,74,0,2024-12-10 00:25:00
604006,供销社停车场,上虞区,106,0,2024-12-10 00:25:00
604009,保驾山夜排挡停车场,上虞区,106,0,2024-12-10 00:20:00
19120915472614497,咪网测试停车场,上虞区,97,100,2024-12-10 00:20:00
604002,梁祝大桥东桥下停车场,上虞区,95,57,2024-12-10 00:20:00
604004,保驾山停车场,上虞区,37,0,2024-12-10 00:20:00
604013,第二人民医院停车场,上虞区,350,308,2024-12-10 00:20:00
604011,雅图停车场,上虞区,60,0,2024-12-10 00:20:00
24032610340324759,小越历史街区停车场,上虞区,74,0,2024-12-10 00:20:00
604008,青春广场停车场,上虞区,70,0,2024-12-10 00:20:00
604006,供销社停车场,上虞区,106,0,2024-12-10 00:20:00
604003,信义广场南停车场,上虞区,15,15,2024-12-10 00:20:00
604012,人民桥下2号停车场,上虞区,60,22,2024-12-10 00:20:00
604007,信义广场北停车场,上虞区,41,38,2024-12-10 00:20:00
604005,人民桥下停车场,上虞区,40,0,2024-12-10 00:20:00
604013,第二人民医院停车场,上虞区,350,308,2024-12-10 00:15:00
604004,保驾山停车场,上虞区,37,0,2024-12-10 00:15:00
604011,雅图停车场,上虞区,60,0,2024-12-10 00:15:00
604005,人民桥下停车场,上虞区,40,0,2024-12-10 00:15:00
604009,保驾山夜排挡停车场,上虞区,106,0,2024-12-10 00:15:00
604002,梁祝大桥东桥下停车场,上虞区,95,57,2024-12-10 00:15:00
19120915472614497,咪网测试停车场,上虞区,97,100,2024-12-10 00:15:00
604008,青春广场停车场,上虞区,70,0,2024-12-10 00:15:00
604006,供销社停车场,上虞区,106,0,2024-12-10 00:15:00
604003,信义广场南停车场,上虞区,15,15,2024-12-10 00:15:00
604007,信义广场北停车场,上虞区,41,38,2024-12-10 00:15:00
604012,人民桥下2号停车场,上虞区,60,22,2024-12-10 00:15:00
24032610340324759,小越历史街区停车场,上虞区,74,0,2024-12-10 00:15:00
19120915472614497,咪网测试停车场,上虞区,97,100,2024-12-10 00:10:00
604003,信义广场南停车场,上虞区,15,15,2024-12-10 00:10:00
604012,人民桥下2号停车场,上虞区,60,22,2024-12-10 00:10:00
604008,青春广场停车场,上虞区,70,0,2024-12-10 00:10:00
604005,人民桥下停车场,上虞区,40,0,2024-12-10 00:10:00
604009,保驾山夜排挡停车场,上虞区,106,0,2024-12-10 00:10:00
604006,供销社停车场,上虞区,106,0,2024-12-10 00:10:00
604002,梁祝大桥东桥下停车场,上虞区,95,57,2024-12-10 00:10:00
24032610340324759,小越历史街区停车场,上虞区,74,0,2024-12-10 00:10:00
604004,保驾山停车场,上虞区,37,0,2024-12-10 00:10:00
604007,信义广场北停车场,上虞区,41,38,2024-12-10 00:10:00
604013,第二人民医院停车场,上虞区,350,307,2024-12-10 00:10:00
604011,雅图停车场,上虞区,60,0,2024-12-10 00:10:00
604007,信义广场北停车场,上虞区,41,38,2024-12-10 00:05:01
24032610340324759,小越历史街区停车场,上虞区,74,0,2024-12-10 00:05:01
604013,第二人民医院停车场,上虞区,350,305,2024-12-10 00:05:01
604006,供销社停车场,上虞区,106,0,2024-12-10 00:05:01
604003,信义广场南停车场,上虞区,15,15,2024-12-10 00:05:01
604009,保驾山夜排挡停车场,上虞区,106,0,2024-12-10 00:05:01
604008,青春广场停车场,上虞区,70,0,2024-12-10 00:05:01
604005,人民桥下停车场,上虞区,40,0,2024-12-10 00:05:01
604002,梁祝大桥东桥下停车场,上虞区,95,57,2024-12-10 00:05:01
604012,人民桥下2号停车场,上虞区,60,22,2024-12-10 00:05:00
604004,保驾山停车场,上虞区,37,0,2024-12-10 00:05:00
19120915472614497,咪网测试停车场,上虞区,97,100,2024-12-10 00:05:00
604011,雅图停车场,上虞区,60,0,2024-12-10 00:05:00
604002,梁祝大桥东桥下停车场,上虞区,95,57,2024-12-10 00:00:00
604005,人民桥下停车场,上虞区,40,0,2024-12-10 00:00:00
19120915472614497,咪网测试停车场,上虞区,97,100,2024-12-10 00:00:00
604006,供销社停车场,上虞区,106,0,2024-12-10 00:00:00
604009,保驾山夜排挡停车场,上虞区,106,0,2024-12-10 00:00:00
604008,青春广场停车场,上虞区,70,0,2024-12-10 00:00:00
604011,雅图停车场,上虞区,60,0,2024-12-10 00:00:00
604012,人民桥下2号停车场,上虞区,60,22,2024-12-10 00:00:00
604013,第二人民医院停车场,上虞区,350,305,2024-12-10 00:00:00
604003,信义广场南停车场,上虞区,15,15,2024-12-10 00:00:00
604004,保驾山停车场,上虞区,37,0,2024-12-10 00:00:00
604007,信义广场北停车场,上虞区,41,38,2024-12-10 00:00:00
24032610340324759,小越历史街区停车场,上虞区,74,0,2024-12-10 00:00:00
19120915472614497,咪网测试停车场,上虞区,97,100,2024-12-09 23:55:00
604005,人民桥下停车场,上虞区,40,0,2024-12-09 23:55:00
24032610340324759,小越历史街区停车场,上虞区,74,0,2024-12-09 23:55:00
604002,梁祝大桥东桥下停车场,上虞区,95,57,2024-12-09 23:55:00
604011,雅图停车场,上虞区,60,0,2024-12-09 23:55:00
604012,人民桥下2号停车场,上虞区,60,22,2024-12-09 23:55:00
604008,青春广场停车场,上虞区,70,0,2024-12-09 23:55:00
604003,信义广场南停车场,上虞区,15,15,2024-12-09 23:55:00
604013,第二人民医院停车场,上虞区,350,306,2024-12-09 23:55:00
604004,保驾山停车场,上虞区,37,0,2024-12-09 23:55:00
604007,信义广场北停车场,上虞区,41,38,2024-12-09 23:55:00
604006,供销社停车场,上虞区,106,0,2024-12-09 23:55:00
604009,保驾山夜排挡停车场,上虞区,106,0,2024-12-09 23:55:00
604009,保驾山夜排挡停车场,上虞区,106,0,2024-12-09 23:50:00
24032610340324759,小越历史街区停车场,上虞区,74,0,2024-12-09 23:50:00
19120915472614497,咪网测试停车场,上虞区,97,100,2024-12-09 23:50:00
604011,雅图停车场,上虞区,60,0,2024-12-09 23:50:00
604012,人民桥下2号停车场,上虞区,60,22,2024-12-09 23:50:00
604005,人民桥下停车场,上虞区,40,0,2024-12-09 23:50:00
604006,供销社停车场,上虞区,106,0,2024-12-09 23:50:00
604007,信义广场北停车场,上虞区,41,38,2024-12-09 23:50:00
604003,信义广场南停车场,上虞区,15,15,2024-12-09 23:50:00
604013,第二人民医院停车场,上虞区,350,305,2024-12-09 23:50:00
604008,青春广场停车场,上虞区,70,0,2024-12-09 23:50:00
604002,梁祝大桥东桥下停车场,上虞区,95,57,2024-12-09 23:50:00
604004,保驾山停车场,上虞区,37,0,2024-12-09 23:50:00
604011,雅图停车场,上虞区,60,0,2024-12-09 23:45:00
604007,信义广场北停车场,上虞区,41,38,2024-12-09 23:45:00
19120915472614497,咪网测试停车场,上虞区,97,100,2024-12-09 23:45:00
604002,梁祝大桥东桥下停车场,上虞区,95,57,2024-12-09 23:45:00
604008,青春广场停车场,上虞区,70,0,2024-12-09 23:45:00
24032610340324759,小越历史街区停车场,上虞区,74,0,2024-12-09 23:45:00
604003,信义广场南停车场,上虞区,15,15,2024-12-09 23:45:00
604009,保驾山夜排挡停车场,上虞区,106,0,2024-12-09 23:45:00
604013,第二人民医院停车场,上虞区,350,305,2024-12-09 23:45:00
604006,供销社停车场,上虞区,106,0,2024-12-09 23:45:00
604012,人民桥下2号停车场,上虞区,60,22,2024-12-09 23:45:00
604004,保驾山停车场,上虞区,37,0,2024-12-09 23:45:00
604005,人民桥下停车场,上虞区,40,0,2024-12-09 23:45:00
604008,青春广场停车场,上虞区,70,0,2024-12-09 23:40:00
19120915472614497,咪网测试停车场,上虞区,97,100,2024-12-09 23:40:00
604011,雅图停车场,上虞区,60,0,2024-12-09 23:40:00
604003,信义广场南停车场,上虞区,15,15,2024-12-09 23:40:00
604012,人民桥下2号停车场,上虞区,60,22,2024-12-09 23:40:00
604006,供销社停车场,上虞区,106,0,2024-12-09 23:40:00
604013,第二人民医院停车场,上虞区,350,306,2024-12-09 23:40:00
604005,人民桥下停车场,上虞区,40,0,2024-12-09 23:40:00
604002,梁祝大桥东桥下停车场,上虞区,95,57,2024-12-09 23:40:00
604009,保驾山夜排挡停车场,上虞区,106,0,2024-12-09 23:40:00
604007,信义广场北停车场,上虞区,41,38,2024-12-09 23:40:00
24032610340324759,小越历史街区停车场,上虞区,74,0,2024-12-09 23:40:00
604004,保驾山停车场,上虞区,37,0,2024-12-09 23:40:00
604004,保驾山停车场,上虞区,37,0,2024-12-09 23:35:00
604011,雅图停车场,上虞区,60,0,2024-12-09 23:35:00
604012,人民桥下2号停车场,上虞区,60,22,2024-12-09 23:35:00
604002,梁祝大桥东桥下停车场,上虞区,95,57,2024-12-09 23:35:00
604008,青春广场停车场,上虞区,70,0,2024-12-09 23:35:00
604013,第二人民医院停车场,上虞区,350,306,2024-12-09 23:35:00
604007,信义广场北停车场,上虞区,41,38,2024-12-09 23:35:00
24032610340324759,小越历史街区停车场,上虞区,74,0,2024-12-09 23:35:00
604006,供销社停车场,上虞区,106,0,2024-12-09 23:35:00
604005,人民桥下停车场,上虞区,40,0,2024-12-09 23:35:00
604009,保驾山夜排挡停车场,上虞区,106,0,2024-12-09 23:35:00
19120915472614497,咪网测试停车场,上虞区,97,100,2024-12-09 23:35:00
604003,信义广场南停车场,上虞区,15,15,2024-12-09 23:35:00
604009,保驾山夜排挡停车场,上虞区,106,0,2024-12-09 23:30:00
24032610340324759,小越历史街区停车场,上虞区,74,0,2024-12-09 23:30:00
604004,保驾山停车场,上虞区,37,0,2024-12-09 23:30:00
604002,梁祝大桥东桥下停车场,上虞区,95,57,2024-12-09 23:30:00
604006,供销社停车场,上虞区,106,0,2024-12-09 23:30:00
604007,信义广场北停车场,上虞区,41,38,2024-12-09 23:30:00
604008,青春广场停车场,上虞区,70,0,2024-12-09 23:30:00
604011,雅图停车场,上虞区,60,0,2024-12-09 23:30:00
19120915472614497,咪网测试停车场,上虞区,97,100,2024-12-09 23:30:00
604003,信义广场南停车场,上虞区,15,15,2024-12-09 23:30:00
604012,人民桥下2号停车场,上虞区,60,22,2024-12-09 23:30:00
604005,人民桥下停车场,上虞区,40,0,2024-12-09 23:30:00
604013,第二人民医院停车场,上虞区,350,307,2024-12-09 23:30:00
604002,梁祝大桥东桥下停车场,上虞区,95,57,2024-12-09 23:25:00
19120915472614497,咪网测试停车场,上虞区,97,100,2024-12-09 23:25:00
604013,第二人民医院停车场,上虞区,350,306,2024-12-09 23:25:00
604008,青春广场停车场,上虞区,70,0,2024-12-09 23:25:00
604011,雅图停车场,上虞区,60,0,2024-12-09 23:25:00
604007,信义广场北停车场,上虞区,41,38,2024-12-09 23:25:00
604005,人民桥下停车场,上虞区,40,0,2024-12-09 23:25:00
604009,保驾山夜排挡停车场,上虞区,106,0,2024-12-09 23:25:00
24032610340324759,小越历史街区停车场,上虞区,74,0,2024-12-09 23:25:00
604004,保驾山停车场,上虞区,37,0,2024-12-09 23:25:00
604006,供销社停车场,上虞区,106,0,2024-12-09 23:25:00
604012,人民桥下2号停车场,上虞区,60,22,2024-12-09 23:25:00
604003,信义广场南停车场,上虞区,15,15,2024-12-09 23:25:00
604009,保驾山夜排挡停车场,上虞区,106,0,2024-12-09 23:20:00
604002,梁祝大桥东桥下停车场,上虞区,95,57,2024-12-09 23:20:00
604008,青春广场停车场,上虞区,70,0,2024-12-09 23:20:00
604005,人民桥下停车场,上虞区,40,0,2024-12-09 23:20:00
604004,保驾山停车场,上虞区,37,0,2024-12-09 23:20:00
604012,人民桥下2号停车场,上虞区,60,22,2024-12-09 23:20:00
604006,供销社停车场,上虞区,106,0,2024-12-09 23:20:00
24032610340324759,小越历史街区停车场,上虞区,74,0,2024-12-09 23:20:00
19120915472614497,咪网测试停车场,上虞区,97,100,2024-12-09 23:20:00
604007,信义广场北停车场,上虞区,41,38,2024-12-09 23:20:00
604011,雅图停车场,上虞区,60,0,2024-12-09 23:20:00
604013,第二人民医院停车场,上虞区,350,306,2024-12-09 23:20:00
604003,信义广场南停车场,上虞区,15,15,2024-12-09 23:20:00
19120915472614497,咪网测试停车场,上虞区,97,100,2024-12-09 23:15:00
604008,青春广场停车场,上虞区,70,0,2024-12-09 23:15:00
604007,信义广场北停车场,上虞区,41,38,2024-12-09 23:15:00
604005,人民桥下停车场,上虞区,40,0,2024-12-09 23:15:00
604002,梁祝大桥东桥下停车场,上虞区,95,54,2024-12-09 23:15:00
604003,信义广场南停车场,上虞区,15,15,2024-12-09 23:15:00
604004,保驾山停车场,上虞区,37,0,2024-12-09 23:15:00
604013,第二人民医院停车场,上虞区,350,305,2024-12-09 23:15:00
604009,保驾山夜排挡停车场,上虞区,106,0,2024-12-09 23:15:00
24032610340324759,小越历史街区停车场,上虞区,74,0,2024-12-09 23:15:00
604012,人民桥下2号停车场,上虞区,60,22,2024-12-09 23:15:00
604006,供销社停车场,上虞区,106,0,2024-12-09 23:15:00
604011,雅图停车场,上虞区,60,0,2024-12-09 23:15:00
604005,人民桥下停车场,上虞区,40,0,2024-12-09 23:10:00
604013,第二人民医院停车场,上虞区,350,305,2024-12-09 23:10:00
604003,信义广场南停车场,上虞区,15,15,2024-12-09 23:10:00
604011,雅图停车场,上虞区,60,0,2024-12-09 23:10:00
604007,信义广场北停车场,上虞区,41,38,2024-12-09 23:10:00
604004,保驾山停车场,上虞区,37,0,2024-12-09 23:10:00
604012,人民桥下2号停车场,上虞区,60,22,2024-12-09 23:10:00
24032610340324759,小越历史街区停车场,上虞区,74,0,2024-12-09 23:10:00
604009,保驾山夜排挡停车场,上虞区,106,0,2024-12-09 23:10:00
19120915472614497,咪网测试停车场,上虞区,97,100,2024-12-09 23:10:00
604006,供销社停车场,上虞区,106,0,2024-12-09 23:10:00
604008,青春广场停车场,上虞区,70,0,2024-12-09 23:10:00
604002,梁祝大桥东桥下停车场,上虞区,95,54,2024-12-09 23:10:00
604002,梁祝大桥东桥下停车场,上虞区,95,54,2024-12-09 23:05:00
19120915472614497,咪网测试停车场,上虞区,97,100,2024-12-09 23:05:00
604005,人民桥下停车场,上虞区,40,0,2024-12-09 23:05:00
604008,青春广场停车场,上虞区,70,0,2024-12-09 23:05:00
604013,第二人民医院停车场,上虞区,350,304,2024-12-09 23:05:00
604011,雅图停车场,上虞区,60,0,2024-12-09 23:05:00
604012,人民桥下2号停车场,上虞区,60,22,2024-12-09 23:05:00
604007,信义广场北停车场,上虞区,41,38,2024-12-09 23:05:00
24032610340324759,小越历史街区停车场,上虞区,74,0,2024-12-09 23:05:00
604009,保驾山夜排挡停车场,上虞区,106,0,2024-12-09 23:05:00
604004,保驾山停车场,上虞区,37,0,2024-12-09 23:05:00
604003,信义广场南停车场,上虞区,15,15,2024-12-09 23:05:00
604006,供销社停车场,上虞区,106,0,2024-12-09 23:05:00
604008,青春广场停车场,上虞区,70,0,2024-12-09 23:00:00
19120915472614497,咪网测试停车场,上虞区,97,100,2024-12-09 23:00:00
604012,人民桥下2号停车场,上虞区,60,22,2024-12-09 23:00:00
604005,人民桥下停车场,上虞区,40,0,2024-12-09 23:00:00
604004,保驾山停车场,上虞区,37,0,2024-12-09 23:00:00
604002,梁祝大桥东桥下停车场,上虞区,95,54,2024-12-09 23:00:00
604007,信义广场北停车场,上虞区,41,38,2024-12-09 23:00:00
24032610340324759,小越历史街区停车场,上虞区,74,0,2024-12-09 23:00:00
604009,保驾山夜排挡停车场,上虞区,106,0,2024-12-09 23:00:00
604011,雅图停车场,上虞区,60,0,2024-12-09 23:00:00
604003,信义广场南停车场,上虞区,15,15,2024-12-09 23:00:00
604013,第二人民医院停车场,上虞区,350,303,2024-12-09 23:00:00
604006,供销社停车场,上虞区,106,0,2024-12-09 23:00:00
604013,第二人民医院停车场,上虞区,350,303,2024-12-09 22:55:00
604007,信义广场北停车场,上虞区,41,38,2024-12-09 22:55:00
604003,信义广场南停车场,上虞区,15,15,2024-12-09 22:55:00
604012,人民桥下2号停车场,上虞区,60,22,2024-12-09 22:55:00
19120915472614497,咪网测试停车场,上虞区,97,100,2024-12-09 22:55:00
604006,供销社停车场,上虞区,106,0,2024-12-09 22:55:00
604005,人民桥下停车场,上虞区,40,0,2024-12-09 22:55:00
24032610340324759,小越历史街区停车场,上虞区,74,0,2024-12-09 22:55:00
604002,梁祝大桥东桥下停车场,上虞区,95,54,2024-12-09 22:55:00
604008,青春广场停车场,上虞区,70,0,2024-12-09 22:55:00
604004,保驾山停车场,上虞区,37,0,2024-12-09 22:55:00
604011,雅图停车场,上虞区,60,0,2024-12-09 22:55:00
604009,保驾山夜排挡停车场,上虞区,106,0,2024-12-09 22:55:00
604003,信义广场南停车场,上虞区,15,15,2024-12-09 22:50:00
604004,保驾山停车场,上虞区,37,0,2024-12-09 22:50:00
604008,青春广场停车场,上虞区,70,0,2024-12-09 22:50:00
604009,保驾山夜排挡停车场,上虞区,106,0,2024-12-09 22:50:00
604002,梁祝大桥东桥下停车场,上虞区,95,54,2024-12-09 22:50:00
24032610340324759,小越历史街区停车场,上虞区,74,0,2024-12-09 22:50:00
19120915472614497,咪网测试停车场,上虞区,97,100,2024-12-09 22:50:00
604005,人民桥下停车场,上虞区,40,0,2024-12-09 22:50:00
604012,人民桥下2号停车场,上虞区,60,22,2024-12-09 22:50:00
604007,信义广场北停车场,上虞区,41,38,2024-12-09 22:50:00
604006,供销社停车场,上虞区,106,0,2024-12-09 22:50:00
604013,第二人民医院停车场,上虞区,350,302,2024-12-09 22:50:00
604011,雅图停车场,上虞区,60,0,2024-12-09 22:50:00
604003,信义广场南停车场,上虞区,15,15,2024-12-09 22:45:00
604002,梁祝大桥东桥下停车场,上虞区,95,54,2024-12-09 22:45:00
604006,供销社停车场,上虞区,106,0,2024-12-09 22:45:00
604013,第二人民医院停车场,上虞区,350,302,2024-12-09 22:45:00
604007,信义广场北停车场,上虞区,41,38,2024-12-09 22:45:00
19120915472614497,咪网测试停车场,上虞区,97,100,2024-12-09 22:45:00
604008,青春广场停车场,上虞区,70,0,2024-12-09 22:45:00
604009,保驾山夜排挡停车场,上虞区,106,0,2024-12-09 22:45:00
604005,人民桥下停车场,上虞区,40,0,2024-12-09 22:45:00
24032610340324759,小越历史街区停车场,上虞区,74,0,2024-12-09 22:45:00
604012,人民桥下2号停车场,上虞区,60,22,2024-12-09 22:45:00
604011,雅图停车场,上虞区,60,0,2024-12-09 22:45:00
604004,保驾山停车场,上虞区,37,0,2024-12-09 22:45:00
604006,供销社停车场,上虞区,106,0,2024-12-09 22:40:00
604002,梁祝大桥东桥下停车场,上虞区,95,55,2024-12-09 22:40:00
604005,人民桥下停车场,上虞区,40,0,2024-12-09 22:40:00
24032610340324759,小越历史街区停车场,上虞区,74,0,2024-12-09 22:40:00
19120915472614497,咪网测试停车场,上虞区,97,100,2024-12-09 22:40:00
604009,保驾山夜排挡停车场,上虞区,106,0,2024-12-09 22:40:00
604007,信义广场北停车场,上虞区,41,38,2024-12-09 22:40:00
604011,雅图停车场,上虞区,60,0,2024-12-09 22:40:00
604008,青春广场停车场,上虞区,70,0,2024-12-09 22:40:00
604013,第二人民医院停车场,上虞区,350,302,2024-12-09 22:40:00
604003,信义广场南停车场,上虞区,15,15,2024-12-09 22:40:00
604012,人民桥下2号停车场,上虞区,60,22,2024-12-09 22:40:00
604004,保驾山停车场,上虞区,37,0,2024-12-09 22:40:00
604012,人民桥下2号停车场,上虞区,60,22,2024-12-09 22:35:00
604002,梁祝大桥东桥下停车场,上虞区,95,55,2024-12-09 22:35:00
604011,雅图停车场,上虞区,60,0,2024-12-09 22:35:00
24032610340324759,小越历史街区停车场,上虞区,74,0,2024-12-09 22:35:00
19120915472614497,咪网测试停车场,上虞区,97,100,2024-12-09 22:35:00
604004,保驾山停车场,上虞区,37,0,2024-12-09 22:35:00
604013,第二人民医院停车场,上虞区,350,303,2024-12-09 22:35:00
604003,信义广场南停车场,上虞区,15,15,2024-12-09 22:35:00
604005,人民桥下停车场,上虞区,40,0,2024-12-09 22:35:00
604008,青春广场停车场,上虞区,70,0,2024-12-09 22:35:00
604007,信义广场北停车场,上虞区,41,38,2024-12-09 22:35:00
604006,供销社停车场,上虞区,106,0,2024-12-09 22:35:00
604009,保驾山夜排挡停车场,上虞区,106,0,2024-12-09 22:35:00
604011,雅图停车场,上虞区,60,0,2024-12-09 22:30:00
604008,青春广场停车场,上虞区,70,0,2024-12-09 22:30:00
19120915472614497,咪网测试停车场,上虞区,97,100,2024-12-09 22:30:00
604006,供销社停车场,上虞区,106,0,2024-12-09 22:30:00
604004,保驾山停车场,上虞区,37,0,2024-12-09 22:30:00
604012,人民桥下2号停车场,上虞区,60,22,2024-12-09 22:30:00
604003,信义广场南停车场,上虞区,15,15,2024-12-09 22:30:00
604002,梁祝大桥东桥下停车场,上虞区,95,55,2024-12-09 22:30:00
604007,信义广场北停车场,上虞区,41,38,2024-12-09 22:30:00
604005,人民桥下停车场,上虞区,40,0,2024-12-09 22:30:00
604013,第二人民医院停车场,上虞区,350,302,2024-12-09 22:30:00
604009,保驾山夜排挡停车场,上虞区,106,0,2024-12-09 22:30:00
24032610340324759,小越历史街区停车场,上虞区,74,0,2024-12-09 22:30:00
604004,保驾山停车场,上虞区,37,0,2024-12-09 22:25:00
604006,供销社停车场,上虞区,106,0,2024-12-09 22:25:00
604012,人民桥下2号停车场,上虞区,60,22,2024-12-09 22:25:00
604005,人民桥下停车场,上虞区,40,0,2024-12-09 22:25:00
604011,雅图停车场,上虞区,60,0,2024-12-09 22:25:00
604009,保驾山夜排挡停车场,上虞区,106,0,2024-12-09 22:25:00
604007,信义广场北停车场,上虞区,41,37,2024-12-09 22:25:00
604008,青春广场停车场,上虞区,70,0,2024-12-09 22:25:00
604003,信义广场南停车场,上虞区,15,15,2024-12-09 22:25:00
19120915472614497,咪网测试停车场,上虞区,97,100,2024-12-09 22:25:00
24032610340324759,小越历史街区停车场,上虞区,74,0,2024-12-09 22:25:00
604002,梁祝大桥东桥下停车场,上虞区,95,55,2024-12-09 22:25:00
604013,第二人民医院停车场,上虞区,350,304,2024-12-09 22:25:00
19120915472614497,咪网测试停车场,上虞区,97,100,2024-12-09 22:20:00
604008,青春广场停车场,上虞区,70,0,2024-12-09 22:20:00
604009,保驾山夜排挡停车场,上虞区,106,0,2024-12-09 22:20:00
604005,人民桥下停车场,上虞区,40,0,2024-12-09 22:20:00
24032610340324759,小越历史街区停车场,上虞区,74,0,2024-12-09 22:20:00
604002,梁祝大桥东桥下停车场,上虞区,95,55,2024-12-09 22:20:00
604006,供销社停车场,上虞区,106,0,2024-12-09 22:20:00
604011,雅图停车场,上虞区,60,0,2024-12-09 22:20:00
604004,保驾山停车场,上虞区,37,0,2024-12-09 22:20:00
604012,人民桥下2号停车场,上虞区,60,22,2024-12-09 22:20:00
604013,第二人民医院停车场,上虞区,350,304,2024-12-09 22:20:00
604007,信义广场北停车场,上虞区,41,37,2024-12-09 22:20:00
604003,信义广场南停车场,上虞区,15,15,2024-12-09 22:20:00
604007,信义广场北停车场,上虞区,41,37,2024-12-09 22:15:00
604002,梁祝大桥东桥下停车场,上虞区,95,55,2024-12-09 22:15:00
604009,保驾山夜排挡停车场,上虞区,106,0,2024-12-09 22:15:00
604011,雅图停车场,上虞区,60,0,2024-12-09 22:15:00
19120915472614497,咪网测试停车场,上虞区,97,100,2024-12-09 22:15:00
604005,人民桥下停车场,上虞区,40,0,2024-12-09 22:15:00
604013,第二人民医院停车场,上虞区,350,304,2024-12-09 22:15:00
604003,信义广场南停车场,上虞区,15,15,2024-12-09 22:15:00
604012,人民桥下2号停车场,上虞区,60,22,2024-12-09 22:15:00
604008,青春广场停车场,上虞区,70,0,2024-12-09 22:15:00
24032610340324759,小越历史街区停车场,上虞区,74,0,2024-12-09 22:15:00
604006,供销社停车场,上虞区,106,0,2024-12-09 22:15:00
604004,保驾山停车场,上虞区,37,0,2024-12-09 22:15:00
604003,信义广场南停车场,上虞区,15,15,2024-12-09 22:10:00
24032610340324759,小越历史街区停车场,上虞区,74,0,2024-12-09 22:10:00
604009,保驾山夜排挡停车场,上虞区,106,0,2024-12-09 22:10:00
604005,人民桥下停车场,上虞区,40,0,2024-12-09 22:10:00
604006,供销社停车场,上虞区,106,0,2024-12-09 22:10:00
604004,保驾山停车场,上虞区,37,0,2024-12-09 22:10:00
604013,第二人民医院停车场,上虞区,350,305,2024-12-09 22:10:00
604012,人民桥下2号停车场,上虞区,60,22,2024-12-09 22:10:00
604007,信义广场北停车场,上虞区,41,38,2024-12-09 22:10:00
604011,雅图停车场,上虞区,60,0,2024-12-09 22:10:00
19120915472614497,咪网测试停车场,上虞区,97,100,2024-12-09 22:10:00
604008,青春广场停车场,上虞区,70,0,2024-12-09 22:10:00
604002,梁祝大桥东桥下停车场,上虞区,95,55,2024-12-09 22:10:00
604011,雅图停车场,上虞区,60,0,2024-12-09 22:05:00
604012,人民桥下2号停车场,上虞区,60,22,2024-12-09 22:05:00
24032610340324759,小越历史街区停车场,上虞区,74,0,2024-12-09 22:05:00
604008,青春广场停车场,上虞区,70,0,2024-12-09 22:05:00
604002,梁祝大桥东桥下停车场,上虞区,95,55,2024-12-09 22:05:00
604003,信义广场南停车场,上虞区,15,15,2024-12-09 22:05:00
604009,保驾山夜排挡停车场,上虞区,106,0,2024-12-09 22:05:00
604004,保驾山停车场,上虞区,37,0,2024-12-09 22:05:00
604007,信义广场北停车场,上虞区,41,38,2024-12-09 22:05:00
604013,第二人民医院停车场,上虞区,350,305,2024-12-09 22:05:00
604006,供销社停车场,上虞区,106,0,2024-12-09 22:05:00
604005,人民桥下停车场,上虞区,40,0,2024-12-09 22:05:00
19120915472614497,咪网测试停车场,上虞区,97,100,2024-12-09 22:05:00
604006,供销社停车场,上虞区,106,0,2024-12-09 22:00:00
24032610340324759,小越历史街区停车场,上虞区,74,0,2024-12-09 22:00:00
604005,人民桥下停车场,上虞区,40,0,2024-12-09 22:00:00
604002,梁祝大桥东桥下停车场,上虞区,95,55,2024-12-09 22:00:00
604013,第二人民医院停车场,上虞区,350,306,2024-12-09 22:00:00
604004,保驾山停车场,上虞区,37,0,2024-12-09 22:00:00
604011,雅图停车场,上虞区,60,0,2024-12-09 22:00:00
604012,人民桥下2号停车场,上虞区,60,22,2024-12-09 22:00:00
604007,信义广场北停车场,上虞区,41,38,2024-12-09 22:00:00
604008,青春广场停车场,上虞区,70,0,2024-12-09 22:00:00
604009,保驾山夜排挡停车场,上虞区,106,0,2024-12-09 22:00:00
19120915472614497,咪网测试停车场,上虞区,97,100,2024-12-09 22:00:00
604003,信义广场南停车场,上虞区,15,15,2024-12-09 22:00:00
24032610340324759,小越历史街区停车场,上虞区,74,0,2024-12-09 21:55:00
604003,信义广场南停车场,上虞区,15,15,2024-12-09 21:55:00
604008,青春广场停车场,上虞区,70,0,2024-12-09 21:55:00
604005,人民桥下停车场,上虞区,40,0,2024-12-09 21:55:00
604012,人民桥下2号停车场,上虞区,60,22,2024-12-09 21:55:00
604002,梁祝大桥东桥下停车场,上虞区,95,55,2024-12-09 21:55:00
604011,雅图停车场,上虞区,60,0,2024-12-09 21:55:00
604004,保驾山停车场,上虞区,37,0,2024-12-09 21:55:00
19120915472614497,咪网测试停车场,上虞区,97,100,2024-12-09 21:55:00
604009,保驾山夜排挡停车场,上虞区,106,0,2024-12-09 21:55:00
604013,第二人民医院停车场,上虞区,350,303,2024-12-09 21:55:00
604007,信义广场北停车场,上虞区,41,38,2024-12-09 21:55:00
604006,供销社停车场,上虞区,106,0,2024-12-09 21:55:00
604009,保驾山夜排挡停车场,上虞区,106,0,2024-12-09 21:50:00
19120915472614497,咪网测试停车场,上虞区,97,100,2024-12-09 21:50:00
604005,人民桥下停车场,上虞区,40,0,2024-12-09 21:50:00
604013,第二人民医院停车场,上虞区,350,302,2024-12-09 21:50:00
604002,梁祝大桥东桥下停车场,上虞区,95,55,2024-12-09 21:50:00
604003,信义广场南停车场,上虞区,15,15,2024-12-09 21:50:00
604004,保驾山停车场,上虞区,37,0,2024-12-09 21:50:00
604012,人民桥下2号停车场,上虞区,60,22,2024-12-09 21:50:00
604006,供销社停车场,上虞区,106,0,2024-12-09 21:50:00
604011,雅图停车场,上虞区,60,0,2024-12-09 21:50:00
604008,青春广场停车场,上虞区,70,0,2024-12-09 21:50:00
24032610340324759,小越历史街区停车场,上虞区,74,0,2024-12-09 21:50:00
604007,信义广场北停车场,上虞区,41,38,2024-12-09 21:50:00
24032610340324759,小越历史街区停车场,上虞区,74,0,2024-12-09 21:45:00
604006,供销社停车场,上虞区,106,0,2024-12-09 21:45:00
604002,梁祝大桥东桥下停车场,上虞区,95,55,2024-12-09 21:45:00
604012,人民桥下2号停车场,上虞区,60,22,2024-12-09 21:45:00
604009,保驾山夜排挡停车场,上虞区,106,0,2024-12-09 21:45:00
604005,人民桥下停车场,上虞区,40,0,2024-12-09 21:45:00
19120915472614497,咪网测试停车场,上虞区,97,100,2024-12-09 21:45:00
604011,雅图停车场,上虞区,60,0,2024-12-09 21:45:00
604004,保驾山停车场,上虞区,37,0,2024-12-09 21:45:00
604013,第二人民医院停车场,上虞区,350,303,2024-12-09 21:45:00
604007,信义广场北停车场,上虞区,41,38,2024-12-09 21:45:00
604003,信义广场南停车场,上虞区,15,15,2024-12-09 21:45:00
604008,青春广场停车场,上虞区,70,0,2024-12-09 21:45:00
604013,第二人民医院停车场,上虞区,350,305,2024-12-09 21:40:00
604002,梁祝大桥东桥下停车场,上虞区,95,55,2024-12-09 21:40:00
24032610340324759,小越历史街区停车场,上虞区,74,0,2024-12-09 21:40:00
19120915472614497,咪网测试停车场,上虞区,97,100,2024-12-09 21:40:00
604011,雅图停车场,上虞区,60,0,2024-12-09 21:40:00
604005,人民桥下停车场,上虞区,40,0,2024-12-09 21:40:00
604006,供销社停车场,上虞区,106,0,2024-12-09 21:40:00
604004,保驾山停车场,上虞区,37,0,2024-12-09 21:40:00
604007,信义广场北停车场,上虞区,41,38,2024-12-09 21:40:00
604012,人民桥下2号停车场,上虞区,60,22,2024-12-09 21:40:00
604003,信义广场南停车场,上虞区,15,15,2024-12-09 21:40:00
604008,青春广场停车场,上虞区,70,0,2024-12-09 21:40:00
604009,保驾山夜排挡停车场,上虞区,106,0,2024-12-09 21:40:00
604003,信义广场南停车场,上虞区,15,15,2024-12-09 21:35:00
19120915472614497,咪网测试停车场,上虞区,97,100,2024-12-09 21:35:00
604012,人民桥下2号停车场,上虞区,60,22,2024-12-09 21:35:00
604008,青春广场停车场,上虞区,70,0,2024-12-09 21:35:00
604013,第二人民医院停车场,上虞区,350,305,2024-12-09 21:35:00
604007,信义广场北停车场,上虞区,41,38,2024-12-09 21:35:00
604005,人民桥下停车场,上虞区,40,0,2024-12-09 21:35:00
604011,雅图停车场,上虞区,60,0,2024-12-09 21:35:00
604004,保驾山停车场,上虞区,37,0,2024-12-09 21:35:00
24032610340324759,小越历史街区停车场,上虞区,74,0,2024-12-09 21:35:00
604006,供销社停车场,上虞区,106,0,2024-12-09 21:35:00
604002,梁祝大桥东桥下停车场,上虞区,95,55,2024-12-09 21:35:00
604009,保驾山夜排挡停车场,上虞区,106,0,2024-12-09 21:35:00
604007,信义广场北停车场,上虞区,41,38,2024-12-09 21:30:00
604011,雅图停车场,上虞区,60,0,2024-12-09 21:30:00
24032610340324759,小越历史街区停车场,上虞区,74,0,2024-12-09 21:30:00
19120915472614497,咪网测试停车场,上虞区,97,100,2024-12-09 21:30:00
604013,第二人民医院停车场,上虞区,350,304,2024-12-09 21:30:00
604004,保驾山停车场,上虞区,37,0,2024-12-09 21:30:00
604003,信义广场南停车场,上虞区,15,15,2024-12-09 21:30:00
604009,保驾山夜排挡停车场,上虞区,106,0,2024-12-09 21:30:00
604005,人民桥下停车场,上虞区,40,0,2024-12-09 21:30:00
604002,梁祝大桥东桥下停车场,上虞区,95,55,2024-12-09 21:30:00
604012,人民桥下2号停车场,上虞区,60,23,2024-12-09 21:30:00
604006,供销社停车场,上虞区,106,0,2024-12-09 21:30:00
604008,青春广场停车场,上虞区,70,0,2024-12-09 21:30:00
604004,保驾山停车场,上虞区,37,0,2024-12-09 21:25:00
604012,人民桥下2号停车场,上虞区,60,23,2024-12-09 21:25:00
604003,信义广场南停车场,上虞区,15,15,2024-12-09 21:25:00
604013,第二人民医院停车场,上虞区,350,302,2024-12-09 21:25:00
604002,梁祝大桥东桥下停车场,上虞区,95,56,2024-12-09 21:25:00
604008,青春广场停车场,上虞区,70,0,2024-12-09 21:25:00
19120915472614497,咪网测试停车场,上虞区,97,100,2024-12-09 21:25:00
604011,雅图停车场,上虞区,60,0,2024-12-09 21:25:00
604005,人民桥下停车场,上虞区,40,0,2024-12-09 21:25:00
604006,供销社停车场,上虞区,106,0,2024-12-09 21:25:00
24032610340324759,小越历史街区停车场,上虞区,74,0,2024-12-09 21:25:00
604009,保驾山夜排挡停车场,上虞区,106,0,2024-12-09 21:25:00
604007,信义广场北停车场,上虞区,41,38,2024-12-09 21:25:00
604002,梁祝大桥东桥下停车场,上虞区,95,56,2024-12-09 21:20:00
604008,青春广场停车场,上虞区,70,0,2024-12-09 21:20:00
604006,供销社停车场,上虞区,106,0,2024-12-09 21:20:00
604011,雅图停车场,上虞区,60,0,2024-12-09 21:20:00
19120915472614497,咪网测试停车场,上虞区,97,100,2024-12-09 21:20:00
604004,保驾山停车场,上虞区,37,0,2024-12-09 21:20:00
24032610340324759,小越历史街区停车场,上虞区,74,0,2024-12-09 21:20:00
604012,人民桥下2号停车场,上虞区,60,23,2024-12-09 21:20:00
604013,第二人民医院停车场,上虞区,350,303,2024-12-09 21:20:00
604003,信义广场南停车场,上虞区,15,15,2024-12-09 21:20:00
604007,信义广场北停车场,上虞区,41,38,2024-12-09 21:20:00
604005,人民桥下停车场,上虞区,40,0,2024-12-09 21:20:00
604009,保驾山夜排挡停车场,上虞区,106,0,2024-12-09 21:20:00
24032610340324759,小越历史街区停车场,上虞区,74,0,2024-12-09 21:15:00
604005,人民桥下停车场,上虞区,40,0,2024-12-09 21:15:00
604011,雅图停车场,上虞区,60,0,2024-12-09 21:15:00
604007,信义广场北停车场,上虞区,41,38,2024-12-09 21:15:00
604009,保驾山夜排挡停车场,上虞区,106,0,2024-12-09 21:15:00
604003,信义广场南停车场,上虞区,15,15,2024-12-09 21:15:00
604012,人民桥下2号停车场,上虞区,60,23,2024-12-09 21:15:00
604004,保驾山停车场,上虞区,37,0,2024-12-09 21:15:00
604006,供销社停车场,上虞区,106,0,2024-12-09 21:15:00
604008,青春广场停车场,上虞区,70,0,2024-12-09 21:15:00
604013,第二人民医院停车场,上虞区,350,304,2024-12-09 21:15:00
604002,梁祝大桥东桥下停车场,上虞区,95,56,2024-12-09 21:15:00
19120915472614497,咪网测试停车场,上虞区,97,100,2024-12-09 21:15:00
604007,信义广场北停车场,上虞区,41,38,2024-12-09 21:10:00
24032610340324759,小越历史街区停车场,上虞区,74,0,2024-12-09 21:10:00
604009,保驾山夜排挡停车场,上虞区,106,0,2024-12-09 21:10:00
19120915472614497,咪网测试停车场,上虞区,97,100,2024-12-09 21:10:00
604006,供销社停车场,上虞区,106,0,2024-12-09 21:10:00
604002,梁祝大桥东桥下停车场,上虞区,95,56,2024-12-09 21:10:00
604005,人民桥下停车场,上虞区,40,0,2024-12-09 21:10:00
604008,青春广场停车场,上虞区,70,0,2024-12-09 21:10:00
604013,第二人民医院停车场,上虞区,350,303,2024-12-09 21:10:00
604003,信义广场南停车场,上虞区,15,15,2024-12-09 21:10:00
604012,人民桥下2号停车场,上虞区,60,23,2024-12-09 21:10:00
604004,保驾山停车场,上虞区,37,0,2024-12-09 21:10:00
604011,雅图停车场,上虞区,60,0,2024-12-09 21:10:00
604002,梁祝大桥东桥下停车场,上虞区,95,56,2024-12-09 21:05:00
19120915472614497,咪网测试停车场,上虞区,97,100,2024-12-09 21:05:00
604005,人民桥下停车场,上虞区,40,0,2024-12-09 21:05:00
604006,供销社停车场,上虞区,106,0,2024-12-09 21:05:00
604013,第二人民医院停车场,上虞区,350,301,2024-12-09 21:05:00
604012,人民桥下2号停车场,上虞区,60,23,2024-12-09 21:05:00
604009,保驾山夜排挡停车场,上虞区,106,0,2024-12-09 21:05:00
604004,保驾山停车场,上虞区,37,0,2024-12-09 21:05:00
24032610340324759,小越历史街区停车场,上虞区,74,0,2024-12-09 21:05:00
604007,信义广场北停车场,上虞区,41,38,2024-12-09 21:05:00
604008,青春广场停车场,上虞区,70,0,2024-12-09 21:05:00
604011,雅图停车场,上虞区,60,0,2024-12-09 21:05:00
604003,信义广场南停车场,上虞区,15,15,2024-12-09 21:05:00
604013,第二人民医院停车场,上虞区,350,298,2024-12-09 21:00:00
604007,信义广场北停车场,上虞区,41,38,2024-12-09 21:00:00
604005,人民桥下停车场,上虞区,40,0,2024-12-09 21:00:00
604006,供销社停车场,上虞区,106,0,2024-12-09 21:00:00
604012,人民桥下2号停车场,上虞区,60,23,2024-12-09 21:00:00
604011,雅图停车场,上虞区,60,0,2024-12-09 21:00:00
19120915472614497,咪网测试停车场,上虞区,97,100,2024-12-09 21:00:00
604004,保驾山停车场,上虞区,37,0,2024-12-09 21:00:00
24032610340324759,小越历史街区停车场,上虞区,74,0,2024-12-09 21:00:00
604009,保驾山夜排挡停车场,上虞区,106,0,2024-12-09 21:00:00
604002,梁祝大桥东桥下停车场,上虞区,95,56,2024-12-09 21:00:00
604008,青春广场停车场,上虞区,70,0,2024-12-09 21:00:00
604003,信义广场南停车场,上虞区,15,15,2024-12-09 21:00:00
604003,信义广场南停车场,上虞区,15,15,2024-12-09 20:55:00
604007,信义广场北停车场,上虞区,41,38,2024-12-09 20:55:00
604012,人民桥下2号停车场,上虞区,60,23,2024-12-09 20:55:00
604009,保驾山夜排挡停车场,上虞区,106,0,2024-12-09 20:55:00
24032610340324759,小越历史街区停车场,上虞区,74,0,2024-12-09 20:55:00
604002,梁祝大桥东桥下停车场,上虞区,95,55,2024-12-09 20:55:00
604011,雅图停车场,上虞区,60,0,2024-12-09 20:55:00
604013,第二人民医院停车场,上虞区,350,297,2024-12-09 20:55:00
604004,保驾山停车场,上虞区,37,0,2024-12-09 20:55:00
604005,人民桥下停车场,上虞区,40,0,2024-12-09 20:55:00
604006,供销社停车场,上虞区,106,0,2024-12-09 20:55:00
604008,青春广场停车场,上虞区,70,0,2024-12-09 20:55:00
19120915472614497,咪网测试停车场,上虞区,97,100,2024-12-09 20:55:00
604003,信义广场南停车场,上虞区,15,15,2024-12-09 20:50:00
604002,梁祝大桥东桥下停车场,上虞区,95,56,2024-12-09 20:50:00
24032610340324759,小越历史街区停车场,上虞区,74,0,2024-12-09 20:50:00
19120915472614497,咪网测试停车场,上虞区,97,100,2024-12-09 20:50:00
604005,人民桥下停车场,上虞区,40,0,2024-12-09 20:50:00
604007,信义广场北停车场,上虞区,41,38,2024-12-09 20:50:00
604011,雅图停车场,上虞区,60,0,2024-12-09 20:50:00
604004,保驾山停车场,上虞区,37,0,2024-12-09 20:50:00
604008,青春广场停车场,上虞区,70,0,2024-12-09 20:50:00
604006,供销社停车场,上虞区,106,0,2024-12-09 20:50:00
604012,人民桥下2号停车场,上虞区,60,23,2024-12-09 20:50:00
604013,第二人民医院停车场,上虞区,350,296,2024-12-09 20:50:00
604009,保驾山夜排挡停车场,上虞区,106,0,2024-12-09 20:50:00
604004,保驾山停车场,上虞区,37,0,2024-12-09 20:45:00
604012,人民桥下2号停车场,上虞区,60,23,2024-12-09 20:45:00
604007,信义广场北停车场,上虞区,41,38,2024-12-09 20:45:00
604013,第二人民医院停车场,上虞区,350,297,2024-12-09 20:45:00
19120915472614497,咪网测试停车场,上虞区,97,100,2024-12-09 20:45:00
604003,信义广场南停车场,上虞区,15,15,2024-12-09 20:45:00
604009,保驾山夜排挡停车场,上虞区,106,0,2024-12-09 20:45:00
604002,梁祝大桥东桥下停车场,上虞区,95,56,2024-12-09 20:45:00
604011,雅图停车场,上虞区,60,0,2024-12-09 20:45:00
604008,青春广场停车场,上虞区,70,0,2024-12-09 20:45:00
604005,人民桥下停车场,上虞区,40,0,2024-12-09 20:45:00
24032610340324759,小越历史街区停车场,上虞区,74,0,2024-12-09 20:45:00
604006,供销社停车场,上虞区,106,0,2024-12-09 20:45:00
604013,第二人民医院停车场,上虞区,350,298,2024-12-09 20:40:00
604004,保驾山停车场,上虞区,37,0,2024-12-09 20:40:00
604006,供销社停车场,上虞区,106,0,2024-12-09 20:40:00
19120915472614497,咪网测试停车场,上虞区,97,100,2024-12-09 20:40:00
604003,信义广场南停车场,上虞区,15,15,2024-12-09 20:40:00
604005,人民桥下停车场,上虞区,40,0,2024-12-09 20:40:00
604002,梁祝大桥东桥下停车场,上虞区,95,56,2024-12-09 20:40:00
604011,雅图停车场,上虞区,60,0,2024-12-09 20:40:00
604012,人民桥下2号停车场,上虞区,60,23,2024-12-09 20:40:00
24032610340324759,小越历史街区停车场,上虞区,74,0,2024-12-09 20:40:00
604008,青春广场停车场,上虞区,70,0,2024-12-09 20:40:00
604009,保驾山夜排挡停车场,上虞区,106,0,2024-12-09 20:40:00
604007,信义广场北停车场,上虞区,41,38,2024-12-09 20:40:00
604009,保驾山夜排挡停车场,上虞区,106,0,2024-12-09 20:35:00
24032610340324759,小越历史街区停车场,上虞区,74,0,2024-12-09 20:35:00
604006,供销社停车场,上虞区,106,0,2024-12-09 20:35:00
604005,人民桥下停车场,上虞区,40,0,2024-12-09 20:35:00
604004,保驾山停车场,上虞区,37,0,2024-12-09 20:35:00
604012,人民桥下2号停车场,上虞区,60,23,2024-12-09 20:35:00
604013,第二人民医院停车场,上虞区,350,299,2024-12-09 20:35:00
604003,信义广场南停车场,上虞区,15,15,2024-12-09 20:35:00
604011,雅图停车场,上虞区,60,0,2024-12-09 20:35:00
19120915472614497,咪网测试停车场,上虞区,97,100,2024-12-09 20:35:00
604008,青春广场停车场,上虞区,70,0,2024-12-09 20:35:00
604007,信义广场北停车场,上虞区,41,38,2024-12-09 20:35:00
604002,梁祝大桥东桥下停车场,上虞区,95,56,2024-12-09 20:35:00
24032610340324759,小越历史街区停车场,上虞区,74,0,2024-12-09 20:30:00
604005,人民桥下停车场,上虞区,40,0,2024-12-09 20:30:00
604012,人民桥下2号停车场,上虞区,60,24,2024-12-09 20:30:00
604011,雅图停车场,上虞区,60,0,2024-12-09 20:30:00
604002,梁祝大桥东桥下停车场,上虞区,95,55,2024-12-09 20:30:00
604009,保驾山夜排挡停车场,上虞区,106,0,2024-12-09 20:30:00
604013,第二人民医院停车场,上虞区,350,301,2024-12-09 20:30:00
604007,信义广场北停车场,上虞区,41,38,2024-12-09 20:30:00
604008,青春广场停车场,上虞区,70,0,2024-12-09 20:30:00
604004,保驾山停车场,上虞区,37,0,2024-12-09 20:30:00
604006,供销社停车场,上虞区,106,0,2024-12-09 20:30:00
19120915472614497,咪网测试停车场,上虞区,97,100,2024-12-09 20:30:00
604003,信义广场南停车场,上虞区,15,15,2024-12-09 20:30:00
604011,雅图停车场,上虞区,60,0,2024-12-09 20:25:00
604004,保驾山停车场,上虞区,37,0,2024-12-09 20:25:00
19120915472614497,咪网测试停车场,上虞区,97,100,2024-12-09 20:25:00
604012,人民桥下2号停车场,上虞区,60,27,2024-12-09 20:25:00
604009,保驾山夜排挡停车场,上虞区,106,0,2024-12-09 20:25:00
24032610340324759,小越历史街区停车场,上虞区,74,0,2024-12-09 20:25:00
604005,人民桥下停车场,上虞区,40,0,2024-12-09 20:25:00
604008,青春广场停车场,上虞区,70,0,2024-12-09 20:25:00
604007,信义广场北停车场,上虞区,41,38,2024-12-09 20:25:00
604003,信义广场南停车场,上虞区,15,15,2024-12-09 20:25:00
604006,供销社停车场,上虞区,106,0,2024-12-09 20:25:00
604002,梁祝大桥东桥下停车场,上虞区,95,56,2024-12-09 20:25:00
604013,第二人民医院停车场,上虞区,350,299,2024-12-09 20:25:00
604003,信义广场南停车场,上虞区,15,15,2024-12-09 20:20:00
604011,雅图停车场,上虞区,60,0,2024-12-09 20:20:00
604002,梁祝大桥东桥下停车场,上虞区,95,56,2024-12-09 20:20:00
604009,保驾山夜排挡停车场,上虞区,106,0,2024-12-09 20:20:00
604005,人民桥下停车场,上虞区,40,0,2024-12-09 20:20:00
19120915472614497,咪网测试停车场,上虞区,97,100,2024-12-09 20:20:00
604004,保驾山停车场,上虞区,37,0,2024-12-09 20:20:00
604013,第二人民医院停车场,上虞区,350,299,2024-12-09 20:20:00
604008,青春广场停车场,上虞区,70,0,2024-12-09 20:20:00
24032610340324759,小越历史街区停车场,上虞区,74,0,2024-12-09 20:20:00
604006,供销社停车场,上虞区,106,0,2024-12-09 20:20:00
604007,信义广场北停车场,上虞区,41,38,2024-12-09 20:20:00
604012,人民桥下2号停车场,上虞区,60,27,2024-12-09 20:20:00
24032610340324759,小越历史街区停车场,上虞区,74,0,2024-12-09 20:15:00
604005,人民桥下停车场,上虞区,40,0,2024-12-09 20:15:00
604003,信义广场南停车场,上虞区,15,15,2024-12-09 20:15:00
604002,梁祝大桥东桥下停车场,上虞区,95,56,2024-12-09 20:15:00
604009,保驾山夜排挡停车场,上虞区,106,0,2024-12-09 20:15:00
19120915472614497,咪网测试停车场,上虞区,97,100,2024-12-09 20:15:00
604007,信义广场北停车场,上虞区,41,37,2024-12-09 20:15:00
604013,第二人民医院停车场,上虞区,350,297,2024-12-09 20:15:00
604011,雅图停车场,上虞区,60,0,2024-12-09 20:15:00
604012,人民桥下2号停车场,上虞区,60,28,2024-12-09 20:15:00
604006,供销社停车场,上虞区,106,0,2024-12-09 20:15:00
604004,保驾山停车场,上虞区,37,0,2024-12-09 20:15:00
604008,青春广场停车场,上虞区,70,0,2024-12-09 20:15:00
24032610340324759,小越历史街区停车场,上虞区,74,0,2024-12-09 20:10:00
604002,梁祝大桥东桥下停车场,上虞区,95,57,2024-12-09 20:10:00
604011,雅图停车场,上虞区,60,0,2024-12-09 20:10:00
604006,供销社停车场,上虞区,106,0,2024-12-09 20:10:00
19120915472614497,咪网测试停车场,上虞区,97,100,2024-12-09 20:10:00
604013,第二人民医院停车场,上虞区,350,296,2024-12-09 20:10:00
604008,青春广场停车场,上虞区,70,0,2024-12-09 20:10:00
604004,保驾山停车场,上虞区,37,0,2024-12-09 20:10:00
604007,信义广场北停车场,上虞区,41,31,2024-12-09 20:10:00
604012,人民桥下2号停车场,上虞区,60,29,2024-12-09 20:10:00
604009,保驾山夜排挡停车场,上虞区,106,0,2024-12-09 20:10:00
604003,信义广场南停车场,上虞区,15,15,2024-12-09 20:10:00
604005,人民桥下停车场,上虞区,40,0,2024-12-09 20:10:00
24032610340324759,小越历史街区停车场,上虞区,74,0,2024-12-09 20:05:00
604005,人民桥下停车场,上虞区,40,0,2024-12-09 20:05:00
604002,梁祝大桥东桥下停车场,上虞区,95,57,2024-12-09 20:05:00
604009,保驾山夜排挡停车场,上虞区,106,0,2024-12-09 20:05:00
604012,人民桥下2号停车场,上虞区,60,29,2024-12-09 20:05:00
604011,雅图停车场,上虞区,60,0,2024-12-09 20:05:00
604008,青春广场停车场,上虞区,70,0,2024-12-09 20:05:00
604006,供销社停车场,上虞区,106,0,2024-12-09 20:05:00
604003,信义广场南停车场,上虞区,15,15,2024-12-09 20:05:00
604004,保驾山停车场,上虞区,37,0,2024-12-09 20:05:00
604007,信义广场北停车场,上虞区,41,31,2024-12-09 20:05:00
19120915472614497,咪网测试停车场,上虞区,97,100,2024-12-09 20:05:00
604013,第二人民医院停车场,上虞区,350,296,2024-12-09 20:05:00
604006,供销社停车场,上虞区,106,0,2024-12-09 20:00:00
604005,人民桥下停车场,上虞区,40,0,2024-12-09 20:00:00
604003,信义广场南停车场,上虞区,15,15,2024-12-09 20:00:00
604004,保驾山停车场,上虞区,37,0,2024-12-09 20:00:00
604007,信义广场北停车场,上虞区,41,31,2024-12-09 20:00:00
604012,人民桥下2号停车场,上虞区,60,30,2024-12-09 20:00:00
604011,雅图停车场,上虞区,60,0,2024-12-09 20:00:00
604013,第二人民医院停车场,上虞区,350,291,2024-12-09 20:00:00
19120915472614497,咪网测试停车场,上虞区,97,100,2024-12-09 20:00:00
604002,梁祝大桥东桥下停车场,上虞区,95,57,2024-12-09 20:00:00
24032610340324759,小越历史街区停车场,上虞区,74,0,2024-12-09 20:00:00
604008,青春广场停车场,上虞区,70,0,2024-12-09 20:00:00
604009,保驾山夜排挡停车场,上虞区,106,0,2024-12-09 20:00:00
604007,信义广场北停车场,上虞区,41,31,2024-12-09 19:55:00
604002,梁祝大桥东桥下停车场,上虞区,95,57,2024-12-09 19:55:00
24032610340324759,小越历史街区停车场,上虞区,74,0,2024-12-09 19:55:00
604008,青春广场停车场,上虞区,70,0,2024-12-09 19:55:00
604009,保驾山夜排挡停车场,上虞区,106,0,2024-12-09 19:55:00
604004,保驾山停车场,上虞区,37,0,2024-12-09 19:55:00
604012,人民桥下2号停车场,上虞区,60,30,2024-12-09 19:55:00
604011,雅图停车场,上虞区,60,0,2024-12-09 19:55:00
604013,第二人民医院停车场,上虞区,350,288,2024-12-09 19:55:00
604003,信义广场南停车场,上虞区,15,15,2024-12-09 19:55:00
604006,供销社停车场,上虞区,106,0,2024-12-09 19:55:00
19120915472614497,咪网测试停车场,上虞区,97,100,2024-12-09 19:55:00
604005,人民桥下停车场,上虞区,40,0,2024-12-09 19:55:00
604004,保驾山停车场,上虞区,37,0,2024-12-09 19:50:00
604011,雅图停车场,上虞区,60,0,2024-12-09 19:50:00
604008,青春广场停车场,上虞区,70,0,2024-12-09 19:50:00
604009,保驾山夜排挡停车场,上虞区,106,0,2024-12-09 19:50:00
604002,梁祝大桥东桥下停车场,上虞区,95,57,2024-12-09 19:50:00
604012,人民桥下2号停车场,上虞区,60,30,2024-12-09 19:50:00
19120915472614497,咪网测试停车场,上虞区,97,100,2024-12-09 19:50:00
604003,信义广场南停车场,上虞区,15,15,2024-12-09 19:50:00
604007,信义广场北停车场,上虞区,41,34,2024-12-09 19:50:00
24032610340324759,小越历史街区停车场,上虞区,74,0,2024-12-09 19:50:00
604013,第二人民医院停车场,上虞区,350,287,2024-12-09 19:50:00
604006,供销社停车场,上虞区,106,0,2024-12-09 19:50:00
604005,人民桥下停车场,上虞区,40,0,2024-12-09 19:50:00
604009,保驾山夜排挡停车场,上虞区,106,0,2024-12-09 19:45:00
604011,雅图停车场,上虞区,60,0,2024-12-09 19:45:00
604013,第二人民医院停车场,上虞区,350,287,2024-12-09 19:45:00
604002,梁祝大桥东桥下停车场,上虞区,95,57,2024-12-09 19:45:00
604004,保驾山停车场,上虞区,37,0,2024-12-09 19:45:00
604006,供销社停车场,上虞区,106,0,2024-12-09 19:45:00
19120915472614497,咪网测试停车场,上虞区,97,100,2024-12-09 19:45:00
604008,青春广场停车场,上虞区,70,0,2024-12-09 19:45:00
604012,人民桥下2号停车场,上虞区,60,30,2024-12-09 19:45:00
604005,人民桥下停车场,上虞区,40,0,2024-12-09 19:45:00
604003,信义广场南停车场,上虞区,15,15,2024-12-09 19:45:00
604007,信义广场北停车场,上虞区,41,34,2024-12-09 19:45:00
24032610340324759,小越历史街区停车场,上虞区,74,0,2024-12-09 19:45:00
604013,第二人民医院停车场,上虞区,350,289,2024-12-09 19:40:00
604005,人民桥下停车场,上虞区,40,0,2024-12-09 19:40:00
604002,梁祝大桥东桥下停车场,上虞区,95,57,2024-12-09 19:40:00
19120915472614497,咪网测试停车场,上虞区,97,100,2024-12-09 19:40:00
604011,雅图停车场,上虞区,60,0,2024-12-09 19:40:00
604003,信义广场南停车场,上虞区,15,15,2024-12-09 19:40:00
604007,信义广场北停车场,上虞区,41,35,2024-12-09 19:40:00
604004,保驾山停车场,上虞区,37,0,2024-12-09 19:40:00
604009,保驾山夜排挡停车场,上虞区,106,0,2024-12-09 19:40:00
24032610340324759,小越历史街区停车场,上虞区,74,0,2024-12-09 19:40:00
604008,青春广场停车场,上虞区,70,0,2024-12-09 19:40:00
604012,人民桥下2号停车场,上虞区,60,30,2024-12-09 19:40:00
604006,供销社停车场,上虞区,106,0,2024-12-09 19:40:00
24032610340324759,小越历史街区停车场,上虞区,74,0,2024-12-09 19:35:00
604004,保驾山停车场,上虞区,37,0,2024-12-09 19:35:00
19120915472614497,咪网测试停车场,上虞区,97,100,2024-12-09 19:35:00
604007,信义广场北停车场,上虞区,41,35,2024-12-09 19:35:00
604012,人民桥下2号停车场,上虞区,60,30,2024-12-09 19:35:00
604008,青春广场停车场,上虞区,70,0,2024-12-09 19:35:00
604002,梁祝大桥东桥下停车场,上虞区,95,57,2024-12-09 19:35:00
604003,信义广场南停车场,上虞区,15,15,2024-12-09 19:35:00
604006,供销社停车场,上虞区,106,0,2024-12-09 19:35:00
604009,保驾山夜排挡停车场,上虞区,106,0,2024-12-09 19:35:00
604005,人民桥下停车场,上虞区,40,0,2024-12-09 19:35:00
604013,第二人民医院停车场,上虞区,350,290,2024-12-09 19:35:00
604011,雅图停车场,上虞区,60,0,2024-12-09 19:35:00
604008,青春广场停车场,上虞区,70,0,2024-12-09 19:30:00
604009,保驾山夜排挡停车场,上虞区,106,0,2024-12-09 19:30:00
604002,梁祝大桥东桥下停车场,上虞区,95,56,2024-12-09 19:30:00
604012,人民桥下2号停车场,上虞区,60,30,2024-12-09 19:30:00
604007,信义广场北停车场,上虞区,41,38,2024-12-09 19:30:00
604013,第二人民医院停车场,上虞区,350,286,2024-12-09 19:30:00
604003,信义广场南停车场,上虞区,15,15,2024-12-09 19:30:00
604006,供销社停车场,上虞区,106,0,2024-12-09 19:30:00
604004,保驾山停车场,上虞区,37,0,2024-12-09 19:30:00
604005,人民桥下停车场,上虞区,40,0,2024-12-09 19:30:00
604011,雅图停车场,上虞区,60,0,2024-12-09 19:30:00
19120915472614497,咪网测试停车场,上虞区,97,100,2024-12-09 19:30:00
24032610340324759,小越历史街区停车场,上虞区,74,0,2024-12-09 19:30:00
24032610340324759,小越历史街区停车场,上虞区,74,0,2024-12-09 19:25:00
604002,梁祝大桥东桥下停车场,上虞区,95,57,2024-12-09 19:25:00
604006,供销社停车场,上虞区,106,0,2024-12-09 19:25:00
604011,雅图停车场,上虞区,60,0,2024-12-09 19:25:00
604004,保驾山停车场,上虞区,37,0,2024-12-09 19:25:00
19120915472614497,咪网测试停车场,上虞区,97,100,2024-12-09 19:25:00
604012,人民桥下2号停车场,上虞区,60,30,2024-12-09 19:25:00
604007,信义广场北停车场,上虞区,41,38,2024-12-09 19:25:00
604013,第二人民医院停车场,上虞区,350,285,2024-12-09 19:25:00
604005,人民桥下停车场,上虞区,40,0,2024-12-09 19:25:00
604008,青春广场停车场,上虞区,70,0,2024-12-09 19:25:00
604009,保驾山夜排挡停车场,上虞区,106,0,2024-12-09 19:25:00
604003,信义广场南停车场,上虞区,15,15,2024-12-09 19:25:00
604009,保驾山夜排挡停车场,上虞区,106,0,2024-12-09 19:20:00
604007,信义广场北停车场,上虞区,41,38,2024-12-09 19:20:00
19120915472614497,咪网测试停车场,上虞区,97,100,2024-12-09 19:20:00
604013,第二人民医院停车场,上虞区,350,285,2024-12-09 19:20:00
604004,保驾山停车场,上虞区,37,0,2024-12-09 19:20:00
604012,人民桥下2号停车场,上虞区,60,30,2024-12-09 19:20:00
604005,人民桥下停车场,上虞区,40,0,2024-12-09 19:20:00
604008,青春广场停车场,上虞区,70,0,2024-12-09 19:20:00
604006,供销社停车场,上虞区,106,0,2024-12-09 19:20:00
604002,梁祝大桥东桥下停车场,上虞区,95,57,2024-12-09 19:20:00
604011,雅图停车场,上虞区,60,0,2024-12-09 19:20:00
604003,信义广场南停车场,上虞区,15,15,2024-12-09 19:20:00
24032610340324759,小越历史街区停车场,上虞区,74,0,2024-12-09 19:20:00
604012,人民桥下2号停车场,上虞区,60,30,2024-12-09 19:15:00
604002,梁祝大桥东桥下停车场,上虞区,95,57,2024-12-09 19:15:00
604003,信义广场南停车场,上虞区,15,15,2024-12-09 19:15:00
604005,人民桥下停车场,上虞区,40,0,2024-12-09 19:15:00
604007,信义广场北停车场,上虞区,41,38,2024-12-09 19:15:00
604011,雅图停车场,上虞区,60,0,2024-12-09 19:15:00
19120915472614497,咪网测试停车场,上虞区,97,100,2024-12-09 19:15:00
604013,第二人民医院停车场,上虞区,350,285,2024-12-09 19:15:00
604009,保驾山夜排挡停车场,上虞区,106,0,2024-12-09 19:15:00
24032610340324759,小越历史街区停车场,上虞区,74,0,2024-12-09 19:15:00
604006,供销社停车场,上虞区,106,0,2024-12-09 19:15:00
604004,保驾山停车场,上虞区,37,0,2024-12-09 19:15:00
604008,青春广场停车场,上虞区,70,0,2024-12-09 19:15:00
604008,青春广场停车场,上虞区,70,0,2024-12-09 19:10:00
604012,人民桥下2号停车场,上虞区,60,30,2024-12-09 19:10:00
604003,信义广场南停车场,上虞区,15,15,2024-12-09 19:10:00
604007,信义广场北停车场,上虞区,41,38,2024-12-09 19:10:00
24032610340324759,小越历史街区停车场,上虞区,74,0,2024-12-09 19:10:00
604011,雅图停车场,上虞区,60,0,2024-12-09 19:10:00
604013,第二人民医院停车场,上虞区,350,285,2024-12-09 19:10:00
604006,供销社停车场,上虞区,106,0,2024-12-09 19:10:00
604009,保驾山夜排挡停车场,上虞区,106,0,2024-12-09 19:10:00
604002,梁祝大桥东桥下停车场,上虞区,95,57,2024-12-09 19:10:00
19120915472614497,咪网测试停车场,上虞区,97,100,2024-12-09 19:10:00
604005,人民桥下停车场,上虞区,40,0,2024-12-09 19:10:00
604004,保驾山停车场,上虞区,37,0,2024-12-09 19:10:00
604009,保驾山夜排挡停车场,上虞区,106,0,2024-12-09 19:05:00
604008,青春广场停车场,上虞区,70,0,2024-12-09 19:05:00
604003,信义广场南停车场,上虞区,15,15,2024-12-09 19:05:00
604005,人民桥下停车场,上虞区,40,0,2024-12-09 19:05:00
604011,雅图停车场,上虞区,60,0,2024-12-09 19:05:00
604012,人民桥下2号停车场,上虞区,60,30,2024-12-09 19:05:00
19120915472614497,咪网测试停车场,上虞区,97,100,2024-12-09 19:05:00
604004,保驾山停车场,上虞区,37,0,2024-12-09 19:05:00
604007,信义广场北停车场,上虞区,41,38,2024-12-09 19:05:00
604013,第二人民医院停车场,上虞区,350,281,2024-12-09 19:05:00
24032610340324759,小越历史街区停车场,上虞区,74,0,2024-12-09 19:05:00
604006,供销社停车场,上虞区,106,0,2024-12-09 19:05:00
604002,梁祝大桥东桥下停车场,上虞区,95,57,2024-12-09 19:05:00
604004,保驾山停车场,上虞区,37,0,2024-12-09 19:00:02
604013,第二人民医院停车场,上虞区,350,278,2024-12-09 19:00:02
604012,人民桥下2号停车场,上虞区,60,30,2024-12-09 19:00:02
24032610340324759,小越历史街区停车场,上虞区,74,0,2024-12-09 19:00:02
604006,供销社停车场,上虞区,106,0,2024-12-09 19:00:02
604003,信义广场南停车场,上虞区,15,15,2024-12-09 19:00:02
19120915472614497,咪网测试停车场,上虞区,97,100,2024-12-09 19:00:02
604008,青春广场停车场,上虞区,70,0,2024-12-09 19:00:02
604002,梁祝大桥东桥下停车场,上虞区,95,57,2024-12-09 19:00:02
604009,保驾山夜排挡停车场,上虞区,106,0,2024-12-09 19:00:02
604011,雅图停车场,上虞区,60,0,2024-12-09 19:00:02
604005,人民桥下停车场,上虞区,40,0,2024-12-09 19:00:02
604007,信义广场北停车场,上虞区,41,38,2024-12-09 19:00:02
19120915472614497,咪网测试停车场,上虞区,97,100,2024-12-09 18:55:00
604007,信义广场北停车场,上虞区,41,38,2024-12-09 18:55:00
604002,梁祝大桥东桥下停车场,上虞区,95,57,2024-12-09 18:55:00
604003,信义广场南停车场,上虞区,15,15,2024-12-09 18:55:00
604005,人民桥下停车场,上虞区,40,0,2024-12-09 18:55:00
604008,青春广场停车场,上虞区,70,0,2024-12-09 18:55:00
604006,供销社停车场,上虞区,106,0,2024-12-09 18:55:00
604004,保驾山停车场,上虞区,37,0,2024-12-09 18:55:00
604009,保驾山夜排挡停车场,上虞区,106,0,2024-12-09 18:55:00
604011,雅图停车场,上虞区,60,0,2024-12-09 18:55:00
604013,第二人民医院停车场,上虞区,350,279,2024-12-09 18:55:00
604012,人民桥下2号停车场,上虞区,60,30,2024-12-09 18:55:00
24032610340324759,小越历史街区停车场,上虞区,74,0,2024-12-09 18:55:00
604003,信义广场南停车场,上虞区,15,15,2024-12-09 18:50:00
604005,人民桥下停车场,上虞区,40,0,2024-12-09 18:50:00
604008,青春广场停车场,上虞区,70,0,2024-12-09 18:50:00
604007,信义广场北停车场,上虞区,41,38,2024-12-09 18:50:00
604011,雅图停车场,上虞区,60,0,2024-12-09 18:50:00
24032610340324759,小越历史街区停车场,上虞区,74,0,2024-12-09 18:50:00
604013,第二人民医院停车场,上虞区,350,279,2024-12-09 18:50:00
604009,保驾山夜排挡停车场,上虞区,106,0,2024-12-09 18:50:00
604002,梁祝大桥东桥下停车场,上虞区,95,57,2024-12-09 18:50:00
604006,供销社停车场,上虞区,106,0,2024-12-09 18:50:00
604012,人民桥下2号停车场,上虞区,60,30,2024-12-09 18:50:00
604004,保驾山停车场,上虞区,37,0,2024-12-09 18:50:00
19120915472614497,咪网测试停车场,上虞区,97,100,2024-12-09 18:50:00
604002,梁祝大桥东桥下停车场,上虞区,95,57,2024-12-09 18:45:00
604004,保驾山停车场,上虞区,37,0,2024-12-09 18:45:00
19120915472614497,咪网测试停车场,上虞区,97,100,2024-12-09 18:45:00
604006,供销社停车场,上虞区,106,0,2024-12-09 18:45:00
604003,信义广场南停车场,上虞区,15,15,2024-12-09 18:45:00
604007,信义广场北停车场,上虞区,41,38,2024-12-09 18:45:00
604005,人民桥下停车场,上虞区,40,0,2024-12-09 18:45:00
604009,保驾山夜排挡停车场,上虞区,106,0,2024-12-09 18:45:00
604011,雅图停车场,上虞区,60,0,2024-12-09 18:45:00
604008,青春广场停车场,上虞区,70,0,2024-12-09 18:45:00
604012,人民桥下2号停车场,上虞区,60,30,2024-12-09 18:45:00
24032610340324759,小越历史街区停车场,上虞区,74,0,2024-12-09 18:45:00
604013,第二人民医院停车场,上虞区,350,282,2024-12-09 18:45:00
604007,信义广场北停车场,上虞区,41,38,2024-12-09 18:40:00
604006,供销社停车场,上虞区,106,0,2024-12-09 18:40:00
604012,人民桥下2号停车场,上虞区,60,30,2024-12-09 18:40:00
19120915472614497,咪网测试停车场,上虞区,97,100,2024-12-09 18:40:00
604005,人民桥下停车场,上虞区,40,0,2024-12-09 18:40:00
24032610340324759,小越历史街区停车场,上虞区,74,0,2024-12-09 18:40:00
604002,梁祝大桥东桥下停车场,上虞区,95,57,2024-12-09 18:40:00
604013,第二人民医院停车场,上虞区,350,277,2024-12-09 18:40:00
604003,信义广场南停车场,上虞区,15,15,2024-12-09 18:40:00
604011,雅图停车场,上虞区,60,0,2024-12-09 18:40:00
604009,保驾山夜排挡停车场,上虞区,106,0,2024-12-09 18:40:00
604004,保驾山停车场,上虞区,37,0,2024-12-09 18:40:00
604008,青春广场停车场,上虞区,70,0,2024-12-09 18:40:00
604012,人民桥下2号停车场,上虞区,60,30,2024-12-09 18:35:00
604007,信义广场北停车场,上虞区,41,38,2024-12-09 18:35:00
19120915472614497,咪网测试停车场,上虞区,97,100,2024-12-09 18:35:00
604009,保驾山夜排挡停车场,上虞区,106,0,2024-12-09 18:35:00
604006,供销社停车场,上虞区,106,0,2024-12-09 18:35:00
604004,保驾山停车场,上虞区,37,0,2024-12-09 18:35:00
604002,梁祝大桥东桥下停车场,上虞区,95,57,2024-12-09 18:35:00
604003,信义广场南停车场,上虞区,15,15,2024-12-09 18:35:00
604013,第二人民医院停车场,上虞区,350,278,2024-12-09 18:35:00
24032610340324759,小越历史街区停车场,上虞区,74,0,2024-12-09 18:35:00
604008,青春广场停车场,上虞区,70,0,2024-12-09 18:35:00
604005,人民桥下停车场,上虞区,40,0,2024-12-09 18:35:00
604011,雅图停车场,上虞区,60,0,2024-12-09 18:35:00
604004,保驾山停车场,上虞区,37,0,2024-12-09 18:30:00
604006,供销社停车场,上虞区,106,0,2024-12-09 18:30:00
604012,人民桥下2号停车场,上虞区,60,29,2024-12-09 18:30:00
604009,保驾山夜排挡停车场,上虞区,106,0,2024-12-09 18:30:00
604008,青春广场停车场,上虞区,70,0,2024-12-09 18:30:00
604003,信义广场南停车场,上虞区,15,15,2024-12-09 18:30:00
604005,人民桥下停车场,上虞区,40,0,2024-12-09 18:30:00
604002,梁祝大桥东桥下停车场,上虞区,95,57,2024-12-09 18:30:00
604011,雅图停车场,上虞区,60,0,2024-12-09 18:30:00
604007,信义广场北停车场,上虞区,41,38,2024-12-09 18:30:00
604013,第二人民医院停车场,上虞区,350,278,2024-12-09 18:30:00
24032610340324759,小越历史街区停车场,上虞区,74,0,2024-12-09 18:30:00
19120915472614497,咪网测试停车场,上虞区,97,100,2024-12-09 18:30:00
604006,供销社停车场,上虞区,106,0,2024-12-09 18:25:00
604012,人民桥下2号停车场,上虞区,60,29,2024-12-09 18:25:00
604013,第二人民医院停车场,上虞区,350,281,2024-12-09 18:25:00
604011,雅图停车场,上虞区,60,0,2024-12-09 18:25:00
604004,保驾山停车场,上虞区,37,0,2024-12-09 18:25:00
19120915472614497,咪网测试停车场,上虞区,97,100,2024-12-09 18:25:00
604005,人民桥下停车场,上虞区,40,0,2024-12-09 18:25:00
604003,信义广场南停车场,上虞区,15,15,2024-12-09 18:25:00
24032610340324759,小越历史街区停车场,上虞区,74,0,2024-12-09 18:25:00
604008,青春广场停车场,上虞区,70,0,2024-12-09 18:25:00
604009,保驾山夜排挡停车场,上虞区,106,0,2024-12-09 18:25:00
604007,信义广场北停车场,上虞区,41,38,2024-12-09 18:25:00
604002,梁祝大桥东桥下停车场,上虞区,95,57,2024-12-09 18:25:00
604013,第二人民医院停车场,上虞区,350,284,2024-12-09 18:20:00
604011,雅图停车场,上虞区,60,0,2024-12-09 18:20:00
604003,信义广场南停车场,上虞区,15,15,2024-12-09 18:20:00
604009,保驾山夜排挡停车场,上虞区,106,0,2024-12-09 18:20:00
19120915472614497,咪网测试停车场,上虞区,97,100,2024-12-09 18:20:00
604004,保驾山停车场,上虞区,37,0,2024-12-09 18:20:00
604007,信义广场北停车场,上虞区,41,38,2024-12-09 18:20:00
604008,青春广场停车场,上虞区,70,0,2024-12-09 18:20:00
604005,人民桥下停车场,上虞区,40,0,2024-12-09 18:20:00
604002,梁祝大桥东桥下停车场,上虞区,95,57,2024-12-09 18:20:00
604012,人民桥下2号停车场,上虞区,60,29,2024-12-09 18:20:00
24032610340324759,小越历史街区停车场,上虞区,74,0,2024-12-09 18:20:00
604006,供销社停车场,上虞区,106,0,2024-12-09 18:20:00
604009,保驾山夜排挡停车场,上虞区,106,0,2024-12-09 18:15:00
604006,供销社停车场,上虞区,106,0,2024-12-09 18:15:00
604011,雅图停车场,上虞区,60,0,2024-12-09 18:15:00
19120915472614497,咪网测试停车场,上虞区,97,100,2024-12-09 18:15:00
604005,人民桥下停车场,上虞区,40,0,2024-12-09 18:15:00
604012,人民桥下2号停车场,上虞区,60,29,2024-12-09 18:15:00
604004,保驾山停车场,上虞区,37,0,2024-12-09 18:15:00
24032610340324759,小越历史街区停车场,上虞区,74,0,2024-12-09 18:15:00
604003,信义广场南停车场,上虞区,15,15,2024-12-09 18:15:00
604007,信义广场北停车场,上虞区,41,38,2024-12-09 18:15:00
604008,青春广场停车场,上虞区,70,0,2024-12-09 18:15:00
604013,第二人民医院停车场,上虞区,350,287,2024-12-09 18:15:00
604002,梁祝大桥东桥下停车场,上虞区,95,57,2024-12-09 18:15:00
604011,雅图停车场,上虞区,60,0,2024-12-09 18:10:00
24032610340324759,小越历史街区停车场,上虞区,74,0,2024-12-09 18:10:00
604007,信义广场北停车场,上虞区,41,38,2024-12-09 18:10:00
604006,供销社停车场,上虞区,106,0,2024-12-09 18:10:00
604012,人民桥下2号停车场,上虞区,60,29,2024-12-09 18:10:00
19120915472614497,咪网测试停车场,上虞区,97,100,2024-12-09 18:10:00
604005,人民桥下停车场,上虞区,40,0,2024-12-09 18:10:00
604013,第二人民医院停车场,上虞区,350,286,2024-12-09 18:10:00
604008,青春广场停车场,上虞区,70,0,2024-12-09 18:10:00
604004,保驾山停车场,上虞区,37,0,2024-12-09 18:10:00
604002,梁祝大桥东桥下停车场,上虞区,95,57,2024-12-09 18:10:00
604003,信义广场南停车场,上虞区,15,15,2024-12-09 18:10:00
604009,保驾山夜排挡停车场,上虞区,106,0,2024-12-09 18:10:00
604013,第二人民医院停车场,上虞区,350,285,2024-12-09 18:05:00
604006,供销社停车场,上虞区,106,0,2024-12-09 18:05:00
604007,信义广场北停车场,上虞区,41,38,2024-12-09 18:05:00
604004,保驾山停车场,上虞区,37,0,2024-12-09 18:05:00
604002,梁祝大桥东桥下停车场,上虞区,95,57,2024-12-09 18:05:00
604012,人民桥下2号停车场,上虞区,60,29,2024-12-09 18:05:00
604011,雅图停车场,上虞区,60,0,2024-12-09 18:05:00
19120915472614497,咪网测试停车场,上虞区,97,100,2024-12-09 18:05:00
604003,信义广场南停车场,上虞区,15,15,2024-12-09 18:05:00
604009,保驾山夜排挡停车场,上虞区,106,0,2024-12-09 18:05:00
24032610340324759,小越历史街区停车场,上虞区,74,0,2024-12-09 18:05:00
604008,青春广场停车场,上虞区,70,0,2024-12-09 18:05:00
604005,人民桥下停车场,上虞区,40,0,2024-12-09 18:05:00
604007,信义广场北停车场,上虞区,41,38,2024-12-09 18:00:00
24032610340324759,小越历史街区停车场,上虞区,74,0,2024-12-09 18:00:00
604011,雅图停车场,上虞区,60,0,2024-12-09 18:00:00
604005,人民桥下停车场,上虞区,40,0,2024-12-09 18:00:00
604013,第二人民医院停车场,上虞区,350,287,2024-12-09 18:00:00
604003,信义广场南停车场,上虞区,15,15,2024-12-09 18:00:00
604002,梁祝大桥东桥下停车场,上虞区,95,57,2024-12-09 18:00:00
604012,人民桥下2号停车场,上虞区,60,30,2024-12-09 18:00:00
604004,保驾山停车场,上虞区,37,0,2024-12-09 18:00:00
604006,供销社停车场,上虞区,106,0,2024-12-09 18:00:00
19120915472614497,咪网测试停车场,上虞区,97,100,2024-12-09 18:00:00
604009,保驾山夜排挡停车场,上虞区,106,0,2024-12-09 18:00:00
604008,青春广场停车场,上虞区,70,0,2024-12-09 18:00:00
604004,保驾山停车场,上虞区,37,0,2024-12-09 17:55:00
604006,供销社停车场,上虞区,106,0,2024-12-09 17:55:00
604011,雅图停车场,上虞区,60,0,2024-12-09 17:55:00
604013,第二人民医院停车场,上虞区,350,286,2024-12-09 17:55:00
604002,梁祝大桥东桥下停车场,上虞区,95,57,2024-12-09 17:55:00
24032610340324759,小越历史街区停车场,上虞区,74,0,2024-12-09 17:55:00
604003,信义广场南停车场,上虞区,15,15,2024-12-09 17:55:00
604005,人民桥下停车场,上虞区,40,0,2024-12-09 17:55:00
604007,信义广场北停车场,上虞区,41,38,2024-12-09 17:55:00
604012,人民桥下2号停车场,上虞区,60,30,2024-12-09 17:55:00
604008,青春广场停车场,上虞区,70,0,2024-12-09 17:55:00
604009,保驾山夜排挡停车场,上虞区,106,0,2024-12-09 17:55:00
19120915472614497,咪网测试停车场,上虞区,97,100,2024-12-09 17:55:00
604003,信义广场南停车场,上虞区,15,15,2024-12-09 17:50:00
604012,人民桥下2号停车场,上虞区,60,31,2024-12-09 17:50:00
604013,第二人民医院停车场,上虞区,350,284,2024-12-09 17:50:00
604011,雅图停车场,上虞区,60,0,2024-12-09 17:50:00
604006,供销社停车场,上虞区,106,0,2024-12-09 17:50:00
604004,保驾山停车场,上虞区,37,0,2024-12-09 17:50:00
604007,信义广场北停车场,上虞区,41,38,2024-12-09 17:50:00
604009,保驾山夜排挡停车场,上虞区,106,0,2024-12-09 17:50:00
604005,人民桥下停车场,上虞区,40,0,2024-12-09 17:50:00
24032610340324759,小越历史街区停车场,上虞区,74,0,2024-12-09 17:50:00
604002,梁祝大桥东桥下停车场,上虞区,95,57,2024-12-09 17:50:00
19120915472614497,咪网测试停车场,上虞区,97,100,2024-12-09 17:50:00
604008,青春广场停车场,上虞区,70,0,2024-12-09 17:50:00
604008,青春广场停车场,上虞区,70,0,2024-12-09 17:45:00
604002,梁祝大桥东桥下停车场,上虞区,95,57,2024-12-09 17:45:00
604007,信义广场北停车场,上虞区,41,38,2024-12-09 17:45:00
19120915472614497,咪网测试停车场,上虞区,97,100,2024-12-09 17:45:00
604006,供销社停车场,上虞区,106,0,2024-12-09 17:45:00
604009,保驾山夜排挡停车场,上虞区,106,0,2024-12-09 17:45:00
604012,人民桥下2号停车场,上虞区,60,31,2024-12-09 17:45:00
24032610340324759,小越历史街区停车场,上虞区,74,0,2024-12-09 17:45:00
604003,信义广场南停车场,上虞区,15,15,2024-12-09 17:45:00
604005,人民桥下停车场,上虞区,40,0,2024-12-09 17:45:00
604013,第二人民医院停车场,上虞区,350,286,2024-12-09 17:45:00
604004,保驾山停车场,上虞区,37,0,2024-12-09 17:45:00
604011,雅图停车场,上虞区,60,0,2024-12-09 17:45:00
604008,青春广场停车场,上虞区,70,0,2024-12-09 17:40:00
604012,人民桥下2号停车场,上虞区,60,31,2024-12-09 17:40:00
604006,供销社停车场,上虞区,106,0,2024-12-09 17:40:00
604005,人民桥下停车场,上虞区,40,0,2024-12-09 17:40:00
604003,信义广场南停车场,上虞区,15,15,2024-12-09 17:40:00
604013,第二人民医院停车场,上虞区,350,289,2024-12-09 17:40:00
24032610340324759,小越历史街区停车场,上虞区,74,0,2024-12-09 17:40:00
604011,雅图停车场,上虞区,60,0,2024-12-09 17:40:00
604002,梁祝大桥东桥下停车场,上虞区,95,57,2024-12-09 17:40:00
19120915472614497,咪网测试停车场,上虞区,97,100,2024-12-09 17:40:00
604004,保驾山停车场,上虞区,37,0,2024-12-09 17:40:00
604009,保驾山夜排挡停车场,上虞区,106,0,2024-12-09 17:40:00
604007,信义广场北停车场,上虞区,41,38,2024-12-09 17:40:00
604007,信义广场北停车场,上虞区,41,38,2024-12-09 17:35:00
604005,人民桥下停车场,上虞区,40,0,2024-12-09 17:35:00
604013,第二人民医院停车场,上虞区,350,292,2024-12-09 17:35:00
19120915472614497,咪网测试停车场,上虞区,97,100,2024-12-09 17:35:00
604011,雅图停车场,上虞区,60,0,2024-12-09 17:35:00
604006,供销社停车场,上虞区,106,0,2024-12-09 17:35:00
604009,保驾山夜排挡停车场,上虞区,106,0,2024-12-09 17:35:00
604002,梁祝大桥东桥下停车场,上虞区,95,57,2024-12-09 17:35:00
604012,人民桥下2号停车场,上虞区,60,31,2024-12-09 17:35:00
24032610340324759,小越历史街区停车场,上虞区,74,0,2024-12-09 17:35:00
604008,青春广场停车场,上虞区,70,0,2024-12-09 17:35:00
604003,信义广场南停车场,上虞区,15,15,2024-12-09 17:35:00
604004,保驾山停车场,上虞区,37,0,2024-12-09 17:35:00
604012,人民桥下2号停车场,上虞区,60,31,2024-12-09 17:30:00
604008,青春广场停车场,上虞区,70,0,2024-12-09 17:30:00
604005,人民桥下停车场,上虞区,40,0,2024-12-09 17:30:00
604003,信义广场南停车场,上虞区,15,15,2024-12-09 17:30:00
604007,信义广场北停车场,上虞区,41,38,2024-12-09 17:30:00
604004,保驾山停车场,上虞区,37,0,2024-12-09 17:30:00
19120915472614497,咪网测试停车场,上虞区,97,100,2024-12-09 17:30:00
604013,第二人民医院停车场,上虞区,350,293,2024-12-09 17:30:00
604002,梁祝大桥东桥下停车场,上虞区,95,57,2024-12-09 17:30:00
24032610340324759,小越历史街区停车场,上虞区,74,0,2024-12-09 17:30:00
604009,保驾山夜排挡停车场,上虞区,106,0,2024-12-09 17:30:00
604006,供销社停车场,上虞区,106,0,2024-12-09 17:30:00
604011,雅图停车场,上虞区,60,0,2024-12-09 17:30:00
604008,青春广场停车场,上虞区,70,0,2024-12-09 17:25:00
604013,第二人民医院停车场,上虞区,350,293,2024-12-09 17:25:00
604011,雅图停车场,上虞区,60,0,2024-12-09 17:25:00
24032610340324759,小越历史街区停车场,上虞区,74,0,2024-12-09 17:25:00
604002,梁祝大桥东桥下停车场,上虞区,95,57,2024-12-09 17:25:00
604009,保驾山夜排挡停车场,上虞区,106,0,2024-12-09 17:25:00
604003,信义广场南停车场,上虞区,15,15,2024-12-09 17:25:00
604007,信义广场北停车场,上虞区,41,38,2024-12-09 17:25:00
19120915472614497,咪网测试停车场,上虞区,97,100,2024-12-09 17:25:00
604005,人民桥下停车场,上虞区,40,0,2024-12-09 17:25:00
604004,保驾山停车场,上虞区,37,0,2024-12-09 17:25:00
604006,供销社停车场,上虞区,106,0,2024-12-09 17:25:00
604012,人民桥下2号停车场,上虞区,60,31,2024-12-09 17:25:00
19120915472614497,咪网测试停车场,上虞区,97,100,2024-12-09 17:20:00
604008,青春广场停车场,上虞区,70,0,2024-12-09 17:20:00
604006,供销社停车场,上虞区,106,0,2024-12-09 17:20:00
604004,保驾山停车场,上虞区,37,0,2024-12-09 17:20:00
604013,第二人民医院停车场,上虞区,350,293,2024-12-09 17:20:00
604003,信义广场南停车场,上虞区,15,15,2024-12-09 17:20:00
604005,人民桥下停车场,上虞区,40,0,2024-12-09 17:20:00
604012,人民桥下2号停车场,上虞区,60,31,2024-12-09 17:20:00
604002,梁祝大桥东桥下停车场,上虞区,95,57,2024-12-09 17:20:00
604007,信义广场北停车场,上虞区,41,38,2024-12-09 17:20:00
604009,保驾山夜排挡停车场,上虞区,106,0,2024-12-09 17:20:00
24032610340324759,小越历史街区停车场,上虞区,74,0,2024-12-09 17:20:00
604011,雅图停车场,上虞区,60,0,2024-12-09 17:20:00
604006,供销社停车场,上虞区,106,0,2024-12-09 17:15:00
24032610340324759,小越历史街区停车场,上虞区,74,0,2024-12-09 17:15:00
604007,信义广场北停车场,上虞区,41,37,2024-12-09 17:15:00
604009,保驾山夜排挡停车场,上虞区,106,0,2024-12-09 17:15:00
604011,雅图停车场,上虞区,60,0,2024-12-09 17:15:00
604008,青春广场停车场,上虞区,70,0,2024-12-09 17:15:00
604003,信义广场南停车场,上虞区,15,15,2024-12-09 17:15:00
604005,人民桥下停车场,上虞区,40,0,2024-12-09 17:15:00
604004,保驾山停车场,上虞区,37,0,2024-12-09 17:15:00
604012,人民桥下2号停车场,上虞区,60,31,2024-12-09 17:15:00
604002,梁祝大桥东桥下停车场,上虞区,95,57,2024-12-09 17:15:00
19120915472614497,咪网测试停车场,上虞区,97,100,2024-12-09 17:15:00
604013,第二人民医院停车场,上虞区,350,292,2024-12-09 17:15:00
604003,信义广场南停车场,上虞区,15,15,2024-12-09 17:10:00
604008,青春广场停车场,上虞区,70,0,2024-12-09 17:10:00
604007,信义广场北停车场,上虞区,41,36,2024-12-09 17:10:00
24032610340324759,小越历史街区停车场,上虞区,74,0,2024-12-09 17:10:00
19120915472614497,咪网测试停车场,上虞区,97,100,2024-12-09 17:10:00
604004,保驾山停车场,上虞区,37,0,2024-12-09 17:10:00
604006,供销社停车场,上虞区,106,0,2024-12-09 17:10:00
604011,雅图停车场,上虞区,60,0,2024-12-09 17:10:00
604002,梁祝大桥东桥下停车场,上虞区,95,57,2024-12-09 17:10:00
604005,人民桥下停车场,上虞区,40,0,2024-12-09 17:10:00
604012,人民桥下2号停车场,上虞区,60,31,2024-12-09 17:10:00
604013,第二人民医院停车场,上虞区,350,288,2024-12-09 17:10:00
604009,保驾山夜排挡停车场,上虞区,106,0,2024-12-09 17:10:00
24032610340324759,小越历史街区停车场,上虞区,74,0,2024-12-09 17:05:00
604002,梁祝大桥东桥下停车场,上虞区,95,57,2024-12-09 17:05:00
604007,信义广场北停车场,上虞区,41,36,2024-12-09 17:05:00
604006,供销社停车场,上虞区,106,0,2024-12-09 17:05:00
604011,雅图停车场,上虞区,60,0,2024-12-09 17:05:00
604005,人民桥下停车场,上虞区,40,0,2024-12-09 17:05:00
604012,人民桥下2号停车场,上虞区,60,31,2024-12-09 17:05:00
604004,保驾山停车场,上虞区,37,0,2024-12-09 17:05:00
604003,信义广场南停车场,上虞区,15,15,2024-12-09 17:05:00
19120915472614497,咪网测试停车场,上虞区,97,100,2024-12-09 17:05:00
604008,青春广场停车场,上虞区,70,0,2024-12-09 17:05:00
604013,第二人民医院停车场,上虞区,350,281,2024-12-09 17:05:00
604009,保驾山夜排挡停车场,上虞区,106,0,2024-12-09 17:05:00
604009,保驾山夜排挡停车场,上虞区,106,0,2024-12-09 17:00:00
604006,供销社停车场,上虞区,106,0,2024-12-09 17:00:00
604002,梁祝大桥东桥下停车场,上虞区,95,57,2024-12-09 17:00:00
604012,人民桥下2号停车场,上虞区,60,31,2024-12-09 17:00:00
604005,人民桥下停车场,上虞区,40,0,2024-12-09 17:00:00
19120915472614497,咪网测试停车场,上虞区,97,100,2024-12-09 17:00:00
604007,信义广场北停车场,上虞区,41,35,2024-12-09 17:00:00
24032610340324759,小越历史街区停车场,上虞区,74,0,2024-12-09 17:00:00
604004,保驾山停车场,上虞区,37,0,2024-12-09 17:00:00
604011,雅图停车场,上虞区,60,0,2024-12-09 17:00:00
604013,第二人民医院停车场,上虞区,350,272,2024-12-09 17:00:00
604003,信义广场南停车场,上虞区,15,15,2024-12-09 17:00:00
604008,青春广场停车场,上虞区,70,0,2024-12-09 17:00:00
604011,雅图停车场,上虞区,60,0,2024-12-09 16:55:00
604006,供销社停车场,上虞区,106,0,2024-12-09 16:55:00
604003,信义广场南停车场,上虞区,15,15,2024-12-09 16:55:00
604008,青春广场停车场,上虞区,70,0,2024-12-09 16:55:00
604002,梁祝大桥东桥下停车场,上虞区,95,57,2024-12-09 16:55:00
24032610340324759,小越历史街区停车场,上虞区,74,0,2024-12-09 16:55:00
604004,保驾山停车场,上虞区,37,0,2024-12-09 16:55:00
604007,信义广场北停车场,上虞区,41,35,2024-12-09 16:55:00
604005,人民桥下停车场,上虞区,40,0,2024-12-09 16:55:00
604012,人民桥下2号停车场,上虞区,60,30,2024-12-09 16:55:00
604009,保驾山夜排挡停车场,上虞区,106,0,2024-12-09 16:55:00
604013,第二人民医院停车场,上虞区,350,268,2024-12-09 16:55:00
19120915472614497,咪网测试停车场,上虞区,97,100,2024-12-09 16:55:00
604011,雅图停车场,上虞区,60,0,2024-12-09 16:50:00
604002,梁祝大桥东桥下停车场,上虞区,95,57,2024-12-09 16:50:00
604013,第二人民医院停车场,上虞区,350,263,2024-12-09 16:50:00
604004,保驾山停车场,上虞区,37,0,2024-12-09 16:50:00
19120915472614497,咪网测试停车场,上虞区,97,100,2024-12-09 16:50:00
604006,供销社停车场,上虞区,106,0,2024-12-09 16:50:00
604007,信义广场北停车场,上虞区,41,35,2024-12-09 16:50:00
604012,人民桥下2号停车场,上虞区,60,29,2024-12-09 16:50:00
604008,青春广场停车场,上虞区,70,0,2024-12-09 16:50:00
604005,人民桥下停车场,上虞区,40,0,2024-12-09 16:50:00
604009,保驾山夜排挡停车场,上虞区,106,0,2024-12-09 16:50:00
604003,信义广场南停车场,上虞区,15,15,2024-12-09 16:50:00
24032610340324759,小越历史街区停车场,上虞区,74,0,2024-12-09 16:50:00
604006,供销社停车场,上虞区,106,0,2024-12-09 16:45:00
604011,雅图停车场,上虞区,60,0,2024-12-09 16:45:00
24032610340324759,小越历史街区停车场,上虞区,74,0,2024-12-09 16:45:00
19120915472614497,咪网测试停车场,上虞区,97,100,2024-12-09 16:45:00
604004,保驾山停车场,上虞区,37,0,2024-12-09 16:45:00
604012,人民桥下2号停车场,上虞区,60,29,2024-12-09 16:45:00
604002,梁祝大桥东桥下停车场,上虞区,95,57,2024-12-09 16:45:00
604005,人民桥下停车场,上虞区,40,0,2024-12-09 16:45:00
604009,保驾山夜排挡停车场,上虞区,106,0,2024-12-09 16:45:00
604008,青春广场停车场,上虞区,70,0,2024-12-09 16:45:00
604013,第二人民医院停车场,上虞区,350,254,2024-12-09 16:45:00
604003,信义广场南停车场,上虞区,15,15,2024-12-09 16:45:00
604007,信义广场北停车场,上虞区,41,37,2024-12-09 16:45:00
19120915472614497,咪网测试停车场,上虞区,97,100,2024-12-09 16:40:00
604009,保驾山夜排挡停车场,上虞区,106,0,2024-12-09 16:40:00
24032610340324759,小越历史街区停车场,上虞区,74,0,2024-12-09 16:40:00
604003,信义广场南停车场,上虞区,15,15,2024-12-09 16:40:00
604011,雅图停车场,上虞区,60,0,2024-12-09 16:40:00
604012,人民桥下2号停车场,上虞区,60,29,2024-12-09 16:40:00
604002,梁祝大桥东桥下停车场,上虞区,95,57,2024-12-09 16:40:00
604008,青春广场停车场,上虞区,70,0,2024-12-09 16:40:00
604005,人民桥下停车场,上虞区,40,0,2024-12-09 16:40:00
604013,第二人民医院停车场,上虞区,350,243,2024-12-09 16:40:00
604007,信义广场北停车场,上虞区,41,37,2024-12-09 16:40:00
604006,供销社停车场,上虞区,106,0,2024-12-09 16:40:00
604004,保驾山停车场,上虞区,37,0,2024-12-09 16:40:00
604011,雅图停车场,上虞区,60,0,2024-12-09 16:35:00
604008,青春广场停车场,上虞区,70,0,2024-12-09 16:35:00
19120915472614497,咪网测试停车场,上虞区,97,100,2024-12-09 16:35:00
604013,第二人民医院停车场,上虞区,350,219,2024-12-09 16:35:00
604002,梁祝大桥东桥下停车场,上虞区,95,57,2024-12-09 16:35:00
604012,人民桥下2号停车场,上虞区,60,29,2024-12-09 16:35:00
604009,保驾山夜排挡停车场,上虞区,106,0,2024-12-09 16:35:00
604003,信义广场南停车场,上虞区,15,15,2024-12-09 16:35:00
604004,保驾山停车场,上虞区,37,0,2024-12-09 16:35:00
604005,人民桥下停车场,上虞区,40,0,2024-12-09 16:35:00
24032610340324759,小越历史街区停车场,上虞区,74,0,2024-12-09 16:35:00
604007,信义广场北停车场,上虞区,41,38,2024-12-09 16:35:00
604006,供销社停车场,上虞区,106,0,2024-12-09 16:35:00
604007,信义广场北停车场,上虞区,41,38,2024-12-09 16:30:00
604003,信义广场南停车场,上虞区,15,15,2024-12-09 16:30:00
604004,保驾山停车场,上虞区,37,0,2024-12-09 16:30:00
604006,供销社停车场,上虞区,106,0,2024-12-09 16:30:00
604011,雅图停车场,上虞区,60,0,2024-12-09 16:30:00
604002,梁祝大桥东桥下停车场,上虞区,95,57,2024-12-09 16:30:00
604013,第二人民医院停车场,上虞区,350,177,2024-12-09 16:30:00
604008,青春广场停车场,上虞区,70,0,2024-12-09 16:30:00
19120915472614497,咪网测试停车场,上虞区,97,100,2024-12-09 16:30:00
24032610340324759,小越历史街区停车场,上虞区,74,0,2024-12-09 16:30:00
604009,保驾山夜排挡停车场,上虞区,106,0,2024-12-09 16:30:00
604005,人民桥下停车场,上虞区,40,0,2024-12-09 16:30:00
604012,人民桥下2号停车场,上虞区,60,29,2024-12-09 16:30:00
604009,保驾山夜排挡停车场,上虞区,106,0,2024-12-09 16:25:00
24032610340324759,小越历史街区停车场,上虞区,74,0,2024-12-09 16:25:00
604003,信义广场南停车场,上虞区,15,15,2024-12-09 16:25:00
604008,青春广场停车场,上虞区,70,0,2024-12-09 16:25:00
604004,保驾山停车场,上虞区,37,0,2024-12-09 16:25:00
604006,供销社停车场,上虞区,106,0,2024-12-09 16:25:00
19120915472614497,咪网测试停车场,上虞区,97,100,2024-12-09 16:25:00
604012,人民桥下2号停车场,上虞区,60,29,2024-12-09 16:25:00
604011,雅图停车场,上虞区,60,0,2024-12-09 16:25:00
604002,梁祝大桥东桥下停车场,上虞区,95,56,2024-12-09 16:25:00
604007,信义广场北停车场,上虞区,41,37,2024-12-09 16:25:00
604005,人民桥下停车场,上虞区,40,0,2024-12-09 16:25:00
604013,第二人民医院停车场,上虞区,350,156,2024-12-09 16:25:00
604012,人民桥下2号停车场,上虞区,60,29,2024-12-09 16:20:00
604013,第二人民医院停车场,上虞区,350,134,2024-12-09 16:20:00
604003,信义广场南停车场,上虞区,15,15,2024-12-09 16:20:00
604009,保驾山夜排挡停车场,上虞区,106,0,2024-12-09 16:20:00
604008,青春广场停车场,上虞区,70,0,2024-12-09 16:20:00
604005,人民桥下停车场,上虞区,40,0,2024-12-09 16:20:00
604011,雅图停车场,上虞区,60,0,2024-12-09 16:20:00
604006,供销社停车场,上虞区,106,0,2024-12-09 16:20:00
604004,保驾山停车场,上虞区,37,0,2024-12-09 16:20:00
24032610340324759,小越历史街区停车场,上虞区,74,0,2024-12-09 16:20:00
604007,信义广场北停车场,上虞区,41,37,2024-12-09 16:20:00
19120915472614497,咪网测试停车场,上虞区,97,100,2024-12-09 16:20:00
604002,梁祝大桥东桥下停车场,上虞区,95,56,2024-12-09 16:20:00
604006,供销社停车场,上虞区,106,0,2024-12-09 16:15:00
604007,信义广场北停车场,上虞区,41,37,2024-12-09 16:15:00
604002,梁祝大桥东桥下停车场,上虞区,95,56,2024-12-09 16:15:00
19120915472614497,咪网测试停车场,上虞区,97,100,2024-12-09 16:15:00
604005,人民桥下停车场,上虞区,40,0,2024-12-09 16:15:00
604009,保驾山夜排挡停车场,上虞区,106,0,2024-12-09 16:15:00
604013,第二人民医院停车场,上虞区,350,117,2024-12-09 16:15:00
604004,保驾山停车场,上虞区,37,0,2024-12-09 16:15:00
604012,人民桥下2号停车场,上虞区,60,29,2024-12-09 16:15:00
604003,信义广场南停车场,上虞区,15,15,2024-12-09 16:15:00
604011,雅图停车场,上虞区,60,0,2024-12-09 16:15:00
604008,青春广场停车场,上虞区,70,0,2024-12-09 16:15:00
24032610340324759,小越历史街区停车场,上虞区,74,0,2024-12-09 16:15:00
604007,信义广场北停车场,上虞区,41,37,2024-12-09 16:10:00
604013,第二人民医院停车场,上虞区,350,107,2024-12-09 16:10:00
604011,雅图停车场,上虞区,60,0,2024-12-09 16:10:00
604012,人民桥下2号停车场,上虞区,60,29,2024-12-09 16:10:00
604004,保驾山停车场,上虞区,37,0,2024-12-09 16:10:00
24032610340324759,小越历史街区停车场,上虞区,74,0,2024-12-09 16:10:00
19120915472614497,咪网测试停车场,上虞区,97,100,2024-12-09 16:10:00
604005,人民桥下停车场,上虞区,40,0,2024-12-09 16:10:00
604003,信义广场南停车场,上虞区,15,15,2024-12-09 16:10:00
604006,供销社停车场,上虞区,106,0,2024-12-09 16:10:00
604009,保驾山夜排挡停车场,上虞区,106,0,2024-12-09 16:10:00
604008,青春广场停车场,上虞区,70,0,2024-12-09 16:10:00
604002,梁祝大桥东桥下停车场,上虞区,95,56,2024-12-09 16:10:00
604005,人民桥下停车场,上虞区,40,0,2024-12-09 16:05:00
604002,梁祝大桥东桥下停车场,上虞区,95,56,2024-12-09 16:05:00
604007,信义广场北停车场,上虞区,41,37,2024-12-09 16:05:00
19120915472614497,咪网测试停车场,上虞区,97,100,2024-12-09 16:05:00
604008,青春广场停车场,上虞区,70,0,2024-12-09 16:05:00
604012,人民桥下2号停车场,上虞区,60,29,2024-12-09 16:05:00
604004,保驾山停车场,上虞区,37,0,2024-12-09 16:05:00
604003,信义广场南停车场,上虞区,15,15,2024-12-09 16:05:00
604013,第二人民医院停车场,上虞区,350,104,2024-12-09 16:05:00
604006,供销社停车场,上虞区,106,0,2024-12-09 16:05:00
604011,雅图停车场,上虞区,60,0,2024-12-09 16:05:00
604009,保驾山夜排挡停车场,上虞区,106,0,2024-12-09 16:05:00
24032610340324759,小越历史街区停车场,上虞区,74,0,2024-12-09 16:05:00
604005,人民桥下停车场,上虞区,40,0,2024-12-09 16:00:00
24032610340324759,小越历史街区停车场,上虞区,74,0,2024-12-09 16:00:00
604009,保驾山夜排挡停车场,上虞区,106,0,2024-12-09 16:00:00
604003,信义广场南停车场,上虞区,15,15,2024-12-09 16:00:00
604007,信义广场北停车场,上虞区,41,37,2024-12-09 16:00:00
604006,供销社停车场,上虞区,106,0,2024-12-09 16:00:00
604012,人民桥下2号停车场,上虞区,60,29,2024-12-09 16:00:00
604011,雅图停车场,上虞区,60,0,2024-12-09 16:00:00
604004,保驾山停车场,上虞区,37,0,2024-12-09 16:00:00
604002,梁祝大桥东桥下停车场,上虞区,95,57,2024-12-09 16:00:00
604013,第二人民医院停车场,上虞区,350,101,2024-12-09 16:00:00
19120915472614497,咪网测试停车场,上虞区,97,100,2024-12-09 16:00:00
604008,青春广场停车场,上虞区,70,0,2024-12-09 16:00:00
19120915472614497,咪网测试停车场,上虞区,97,100,2024-12-09 15:55:00
604009,保驾山夜排挡停车场,上虞区,106,0,2024-12-09 15:55:00
604005,人民桥下停车场,上虞区,40,0,2024-12-09 15:55:00
604007,信义广场北停车场,上虞区,41,37,2024-12-09 15:55:00
24032610340324759,小越历史街区停车场,上虞区,74,0,2024-12-09 15:55:00
604002,梁祝大桥东桥下停车场,上虞区,95,57,2024-12-09 15:55:00
604008,青春广场停车场,上虞区,70,0,2024-12-09 15:55:00
604012,人民桥下2号停车场,上虞区,60,29,2024-12-09 15:55:00
604013,第二人民医院停车场,上虞区,350,103,2024-12-09 15:55:00
604011,雅图停车场,上虞区,60,0,2024-12-09 15:55:00
604004,保驾山停车场,上虞区,37,0,2024-12-09 15:55:00
604006,供销社停车场,上虞区,106,0,2024-12-09 15:55:00
604003,信义广场南停车场,上虞区,15,15,2024-12-09 15:55:00
604009,保驾山夜排挡停车场,上虞区,106,0,2024-12-09 15:50:00
604006,供销社停车场,上虞区,106,0,2024-12-09 15:50:00
604013,第二人民医院停车场,上虞区,350,99,2024-12-09 15:50:00
604003,信义广场南停车场,上虞区,15,15,2024-12-09 15:50:00
604012,人民桥下2号停车场,上虞区,60,29,2024-12-09 15:50:00
19120915472614497,咪网测试停车场,上虞区,97,100,2024-12-09 15:50:00
604005,人民桥下停车场,上虞区,40,0,2024-12-09 15:50:00
604011,雅图停车场,上虞区,60,0,2024-12-09 15:50:00
604004,保驾山停车场,上虞区,37,0,2024-12-09 15:50:00
604008,青春广场停车场,上虞区,70,0,2024-12-09 15:50:00
604002,梁祝大桥东桥下停车场,上虞区,95,57,2024-12-09 15:50:00
604007,信义广场北停车场,上虞区,41,37,2024-12-09 15:50:00
24032610340324759,小越历史街区停车场,上虞区,74,0,2024-12-09 15:50:00
604008,青春广场停车场,上虞区,70,0,2024-12-09 15:45:00
604004,保驾山停车场,上虞区,37,0,2024-12-09 15:45:00
19120915472614497,咪网测试停车场,上虞区,97,100,2024-12-09 15:45:00
604012,人民桥下2号停车场,上虞区,60,29,2024-12-09 15:45:00
24032610340324759,小越历史街区停车场,上虞区,74,0,2024-12-09 15:45:00
604007,信义广场北停车场,上虞区,41,37,2024-12-09 15:45:00
604009,保驾山夜排挡停车场,上虞区,106,0,2024-12-09 15:45:00
604006,供销社停车场,上虞区,106,0,2024-12-09 15:45:00
604011,雅图停车场,上虞区,60,0,2024-12-09 15:45:00
604002,梁祝大桥东桥下停车场,上虞区,95,57,2024-12-09 15:45:00
604003,信义广场南停车场,上虞区,15,15,2024-12-09 15:45:00
604013,第二人民医院停车场,上虞区,350,91,2024-12-09 15:45:00
604005,人民桥下停车场,上虞区,40,0,2024-12-09 15:45:00
604011,雅图停车场,上虞区,60,0,2024-12-09 15:40:00
604004,保驾山停车场,上虞区,37,0,2024-12-09 15:40:00
604003,信义广场南停车场,上虞区,15,15,2024-12-09 15:40:00
604006,供销社停车场,上虞区,106,0,2024-12-09 15:40:00
19120915472614497,咪网测试停车场,上虞区,97,100,2024-12-09 15:40:00
604007,信义广场北停车场,上虞区,41,37,2024-12-09 15:40:00
604009,保驾山夜排挡停车场,上虞区,106,0,2024-12-09 15:40:00
604002,梁祝大桥东桥下停车场,上虞区,95,57,2024-12-09 15:40:00
604012,人民桥下2号停车场,上虞区,60,29,2024-12-09 15:40:00
604013,第二人民医院停车场,上虞区,350,87,2024-12-09 15:40:00
24032610340324759,小越历史街区停车场,上虞区,74,0,2024-12-09 15:40:00
604005,人民桥下停车场,上虞区,40,0,2024-12-09 15:40:00
604008,青春广场停车场,上虞区,70,0,2024-12-09 15:40:00
604011,雅图停车场,上虞区,60,0,2024-12-09 15:35:00
604005,人民桥下停车场,上虞区,40,0,2024-12-09 15:35:00
604008,青春广场停车场,上虞区,70,0,2024-12-09 15:35:00
604004,保驾山停车场,上虞区,37,0,2024-12-09 15:35:00
604012,人民桥下2号停车场,上虞区,60,29,2024-12-09 15:35:00
604009,保驾山夜排挡停车场,上虞区,106,0,2024-12-09 15:35:00
19120915472614497,咪网测试停车场,上虞区,97,100,2024-12-09 15:35:00
24032610340324759,小越历史街区停车场,上虞区,74,0,2024-12-09 15:35:00
604003,信义广场南停车场,上虞区,15,15,2024-12-09 15:35:00
604002,梁祝大桥东桥下停车场,上虞区,95,57,2024-12-09 15:35:00
604013,第二人民医院停车场,上虞区,350,81,2024-12-09 15:35:00
604007,信义广场北停车场,上虞区,41,37,2024-12-09 15:35:00
604006,供销社停车场,上虞区,106,0,2024-12-09 15:35:00
604008,青春广场停车场,上虞区,70,0,2024-12-09 15:30:00
604009,保驾山夜排挡停车场,上虞区,106,0,2024-12-09 15:30:00
604005,人民桥下停车场,上虞区,40,0,2024-12-09 15:30:00
24032610340324759,小越历史街区停车场,上虞区,74,0,2024-12-09 15:30:00
604003,信义广场南停车场,上虞区,15,15,2024-12-09 15:30:00
604002,梁祝大桥东桥下停车场,上虞区,95,57,2024-12-09 15:30:00
19120915472614497,咪网测试停车场,上虞区,97,100,2024-12-09 15:30:00
604013,第二人民医院停车场,上虞区,350,82,2024-12-09 15:30:00
604007,信义广场北停车场,上虞区,41,37,2024-12-09 15:30:00
604012,人民桥下2号停车场,上虞区,60,29,2024-12-09 15:30:00
604006,供销社停车场,上虞区,106,0,2024-12-09 15:30:00
604011,雅图停车场,上虞区,60,0,2024-12-09 15:30:00
604004,保驾山停车场,上虞区,37,0,2024-12-09 15:30:00
604011,雅图停车场,上虞区,60,0,2024-12-09 15:25:00
604008,青春广场停车场,上虞区,70,0,2024-12-09 15:25:00
604007,信义广场北停车场,上虞区,41,37,2024-12-09 15:25:00
604009,保驾山夜排挡停车场,上虞区,106,0,2024-12-09 15:25:00
604006,供销社停车场,上虞区,106,1,2024-12-09 15:25:00
604002,梁祝大桥东桥下停车场,上虞区,95,57,2024-12-09 15:25:00
604004,保驾山停车场,上虞区,37,0,2024-12-09 15:25:00
604005,人民桥下停车场,上虞区,40,0,2024-12-09 15:25:00
604013,第二人民医院停车场,上虞区,350,82,2024-12-09 15:25:00
19120915472614497,咪网测试停车场,上虞区,97,100,2024-12-09 15:25:00
24032610340324759,小越历史街区停车场,上虞区,74,0,2024-12-09 15:25:00
604003,信义广场南停车场,上虞区,15,15,2024-12-09 15:25:00
604012,人民桥下2号停车场,上虞区,60,29,2024-12-09 15:25:00
604007,信义广场北停车场,上虞区,41,37,2024-12-09 15:20:00
604005,人民桥下停车场,上虞区,40,0,2024-12-09 15:20:00
604012,人民桥下2号停车场,上虞区,60,29,2024-12-09 15:20:00
24032610340324759,小越历史街区停车场,上虞区,74,0,2024-12-09 15:20:00
604011,雅图停车场,上虞区,60,0,2024-12-09 15:20:00
604002,梁祝大桥东桥下停车场,上虞区,95,57,2024-12-09 15:20:00
604009,保驾山夜排挡停车场,上虞区,106,0,2024-12-09 15:20:00
604004,保驾山停车场,上虞区,37,0,2024-12-09 15:20:00
604008,青春广场停车场,上虞区,70,0,2024-12-09 15:20:00
604006,供销社停车场,上虞区,106,1,2024-12-09 15:20:00
604013,第二人民医院停车场,上虞区,350,75,2024-12-09 15:20:00
604003,信义广场南停车场,上虞区,15,15,2024-12-09 15:20:00
19120915472614497,咪网测试停车场,上虞区,97,100,2024-12-09 15:20:00
604012,人民桥下2号停车场,上虞区,60,29,2024-12-09 15:15:00
604003,信义广场南停车场,上虞区,15,15,2024-12-09 15:15:00
604005,人民桥下停车场,上虞区,40,0,2024-12-09 15:15:00
24032610340324759,小越历史街区停车场,上虞区,74,0,2024-12-09 15:15:00
604009,保驾山夜排挡停车场,上虞区,106,0,2024-12-09 15:15:00
604008,青春广场停车场,上虞区,70,0,2024-12-09 15:15:00
604013,第二人民医院停车场,上虞区,350,68,2024-12-09 15:15:00
19120915472614497,咪网测试停车场,上虞区,97,100,2024-12-09 15:15:00
604006,供销社停车场,上虞区,106,0,2024-12-09 15:15:00
604002,梁祝大桥东桥下停车场,上虞区,95,57,2024-12-09 15:15:00
604007,信义广场北停车场,上虞区,41,37,2024-12-09 15:15:00
604004,保驾山停车场,上虞区,37,0,2024-12-09 15:15:00
604011,雅图停车场,上虞区,60,0,2024-12-09 15:15:00
604007,信义广场北停车场,上虞区,41,37,2024-12-09 15:10:00
604005,人民桥下停车场,上虞区,40,0,2024-12-09 15:10:00
604003,信义广场南停车场,上虞区,15,15,2024-12-09 15:10:00
604011,雅图停车场,上虞区,60,0,2024-12-09 15:10:00
19120915472614497,咪网测试停车场,上虞区,97,100,2024-12-09 15:10:00
604006,供销社停车场,上虞区,106,1,2024-12-09 15:10:00
604008,青春广场停车场,上虞区,70,0,2024-12-09 15:10:00
604013,第二人民医院停车场,上虞区,350,67,2024-12-09 15:10:00
604012,人民桥下2号停车场,上虞区,60,29,2024-12-09 15:10:00
604009,保驾山夜排挡停车场,上虞区,106,0,2024-12-09 15:10:00
604002,梁祝大桥东桥下停车场,上虞区,95,56,2024-12-09 15:10:00
604004,保驾山停车场,上虞区,37,0,2024-12-09 15:10:00
24032610340324759,小越历史街区停车场,上虞区,74,0,2024-12-09 15:10:00
604008,青春广场停车场,上虞区,70,0,2024-12-09 15:05:00
604006,供销社停车场,上虞区,106,0,2024-12-09 15:05:00
604002,梁祝大桥东桥下停车场,上虞区,95,55,2024-12-09 15:05:00
604005,人民桥下停车场,上虞区,40,0,2024-12-09 15:05:00
604009,保驾山夜排挡停车场,上虞区,106,0,2024-12-09 15:05:00
604013,第二人民医院停车场,上虞区,350,67,2024-12-09 15:05:00
604012,人民桥下2号停车场,上虞区,60,29,2024-12-09 15:05:00
604007,信义广场北停车场,上虞区,41,37,2024-12-09 15:05:00
604003,信义广场南停车场,上虞区,15,15,2024-12-09 15:05:00
19120915472614497,咪网测试停车场,上虞区,97,100,2024-12-09 15:05:00
24032610340324759,小越历史街区停车场,上虞区,74,0,2024-12-09 15:05:00
604011,雅图停车场,上虞区,60,0,2024-12-09 15:05:00
604004,保驾山停车场,上虞区,37,0,2024-12-09 15:05:00
604006,供销社停车场,上虞区,106,1,2024-12-09 15:00:00
604008,青春广场停车场,上虞区,70,0,2024-12-09 15:00:00
604002,梁祝大桥东桥下停车场,上虞区,95,56,2024-12-09 15:00:00
604009,保驾山夜排挡停车场,上虞区,106,0,2024-12-09 15:00:00
604005,人民桥下停车场,上虞区,40,0,2024-12-09 15:00:00
604007,信义广场北停车场,上虞区,41,37,2024-12-09 15:00:00
604012,人民桥下2号停车场,上虞区,60,29,2024-12-09 15:00:00
604011,雅图停车场,上虞区,60,0,2024-12-09 15:00:00
24032610340324759,小越历史街区停车场,上虞区,74,0,2024-12-09 15:00:00
604013,第二人民医院停车场,上虞区,350,67,2024-12-09 15:00:00
604004,保驾山停车场,上虞区,37,0,2024-12-09 15:00:00
19120915472614497,咪网测试停车场,上虞区,97,100,2024-12-09 15:00:00
604003,信义广场南停车场,上虞区,15,15,2024-12-09 15:00:00
604006,供销社停车场,上虞区,106,6,2024-12-09 14:55:00
604007,信义广场北停车场,上虞区,41,37,2024-12-09 14:55:00
604002,梁祝大桥东桥下停车场,上虞区,95,57,2024-12-09 14:55:00
604003,信义广场南停车场,上虞区,15,15,2024-12-09 14:55:00
604012,人民桥下2号停车场,上虞区,60,28,2024-12-09 14:55:00
604008,青春广场停车场,上虞区,70,0,2024-12-09 14:55:00
604009,保驾山夜排挡停车场,上虞区,106,0,2024-12-09 14:55:00
604011,雅图停车场,上虞区,60,0,2024-12-09 14:55:00
604004,保驾山停车场,上虞区,37,0,2024-12-09 14:55:00
19120915472614497,咪网测试停车场,上虞区,97,100,2024-12-09 14:55:00
24032610340324759,小越历史街区停车场,上虞区,74,0,2024-12-09 14:55:00
604013,第二人民医院停车场,上虞区,350,70,2024-12-09 14:55:00
604005,人民桥下停车场,上虞区,40,0,2024-12-09 14:55:00
604002,梁祝大桥东桥下停车场,上虞区,95,57,2024-12-09 14:50:00
604008,青春广场停车场,上虞区,70,0,2024-12-09 14:50:00
19120915472614497,咪网测试停车场,上虞区,97,100,2024-12-09 14:50:00
604007,信义广场北停车场,上虞区,41,37,2024-12-09 14:50:00
24032610340324759,小越历史街区停车场,上虞区,74,0,2024-12-09 14:50:00
604013,第二人民医院停车场,上虞区,350,67,2024-12-09 14:50:00
604005,人民桥下停车场,上虞区,40,0,2024-12-09 14:50:00
604004,保驾山停车场,上虞区,37,0,2024-12-09 14:50:00
604011,雅图停车场,上虞区,60,0,2024-12-09 14:50:00
604009,保驾山夜排挡停车场,上虞区,106,0,2024-12-09 14:50:00
604006,供销社停车场,上虞区,106,11,2024-12-09 14:50:00
604003,信义广场南停车场,上虞区,15,15,2024-12-09 14:50:00
604012,人民桥下2号停车场,上虞区,60,30,2024-12-09 14:50:00
604006,供销社停车场,上虞区,106,19,2024-12-09 14:45:00
604012,人民桥下2号停车场,上虞区,60,30,2024-12-09 14:45:00
604005,人民桥下停车场,上虞区,40,0,2024-12-09 14:45:00
604004,保驾山停车场,上虞区,37,0,2024-12-09 14:45:00
604008,青春广场停车场,上虞区,70,0,2024-12-09 14:45:00
604002,梁祝大桥东桥下停车场,上虞区,95,57,2024-12-09 14:45:00
604009,保驾山夜排挡停车场,上虞区,106,0,2024-12-09 14:45:00
604007,信义广场北停车场,上虞区,41,37,2024-12-09 14:45:00
24032610340324759,小越历史街区停车场,上虞区,74,0,2024-12-09 14:45:00
604003,信义广场南停车场,上虞区,15,15,2024-12-09 14:45:00
604011,雅图停车场,上虞区,60,0,2024-12-09 14:45:00
604013,第二人民医院停车场,上虞区,350,59,2024-12-09 14:45:00
19120915472614497,咪网测试停车场,上虞区,97,100,2024-12-09 14:45:00
604004,保驾山停车场,上虞区,37,0,2024-12-09 14:40:00
19120915472614497,咪网测试停车场,上虞区,97,100,2024-12-09 14:40:00
604006,供销社停车场,上虞区,106,23,2024-12-09 14:40:00
604005,人民桥下停车场,上虞区,40,0,2024-12-09 14:40:00
604009,保驾山夜排挡停车场,上虞区,106,0,2024-12-09 14:40:00
604002,梁祝大桥东桥下停车场,上虞区,95,58,2024-12-09 14:40:00
604011,雅图停车场,上虞区,60,0,2024-12-09 14:40:00
604007,信义广场北停车场,上虞区,41,37,2024-12-09 14:40:00
604012,人民桥下2号停车场,上虞区,60,30,2024-12-09 14:40:00
604013,第二人民医院停车场,上虞区,350,58,2024-12-09 14:40:00
604008,青春广场停车场,上虞区,70,0,2024-12-09 14:40:00
24032610340324759,小越历史街区停车场,上虞区,74,0,2024-12-09 14:40:00
604003,信义广场南停车场,上虞区,15,15,2024-12-09 14:40:00
604008,青春广场停车场,上虞区,70,0,2024-12-09 14:35:00
604013,第二人民医院停车场,上虞区,350,58,2024-12-09 14:35:00
604011,雅图停车场,上虞区,60,0,2024-12-09 14:35:00
604004,保驾山停车场,上虞区,37,0,2024-12-09 14:35:00
604006,供销社停车场,上虞区,106,26,2024-12-09 14:35:00
19120915472614497,咪网测试停车场,上虞区,97,100,2024-12-09 14:35:00
604007,信义广场北停车场,上虞区,41,37,2024-12-09 14:35:00
604009,保驾山夜排挡停车场,上虞区,106,0,2024-12-09 14:35:00
604005,人民桥下停车场,上虞区,40,0,2024-12-09 14:35:00
24032610340324759,小越历史街区停车场,上虞区,74,0,2024-12-09 14:35:00
604002,梁祝大桥东桥下停车场,上虞区,95,58,2024-12-09 14:35:00
604012,人民桥下2号停车场,上虞区,60,30,2024-12-09 14:35:00
604003,信义广场南停车场,上虞区,15,15,2024-12-09 14:35:00
604011,雅图停车场,上虞区,60,0,2024-12-09 14:30:00
604009,保驾山夜排挡停车场,上虞区,106,0,2024-12-09 14:30:00
604006,供销社停车场,上虞区,106,28,2024-12-09 14:30:00
604002,梁祝大桥东桥下停车场,上虞区,95,58,2024-12-09 14:30:00
604012,人民桥下2号停车场,上虞区,60,30,2024-12-09 14:30:00
604013,第二人民医院停车场,上虞区,350,56,2024-12-09 14:30:00
24032610340324759,小越历史街区停车场,上虞区,74,0,2024-12-09 14:30:00
604004,保驾山停车场,上虞区,37,0,2024-12-09 14:30:00
604007,信义广场北停车场,上虞区,41,37,2024-12-09 14:30:00
604003,信义广场南停车场,上虞区,15,15,2024-12-09 14:30:00
604005,人民桥下停车场,上虞区,40,0,2024-12-09 14:30:00
19120915472614497,咪网测试停车场,上虞区,97,100,2024-12-09 14:30:00
604008,青春广场停车场,上虞区,70,0,2024-12-09 14:30:00
604011,雅图停车场,上虞区,60,0,2024-12-09 14:25:00
604002,梁祝大桥东桥下停车场,上虞区,95,58,2024-12-09 14:25:00
604006,供销社停车场,上虞区,106,31,2024-12-09 14:25:00
604009,保驾山夜排挡停车场,上虞区,106,0,2024-12-09 14:25:00
604012,人民桥下2号停车场,上虞区,60,32,2024-12-09 14:25:00
604003,信义广场南停车场,上虞区,15,15,2024-12-09 14:25:00
604013,第二人民医院停车场,上虞区,350,51,2024-12-09 14:25:00
604004,保驾山停车场,上虞区,37,0,2024-12-09 14:25:00
604007,信义广场北停车场,上虞区,41,37,2024-12-09 14:25:00
24032610340324759,小越历史街区停车场,上虞区,74,0,2024-12-09 14:25:00
604005,人民桥下停车场,上虞区,40,0,2024-12-09 14:25:00
604008,青春广场停车场,上虞区,70,0,2024-12-09 14:25:00
19120915472614497,咪网测试停车场,上虞区,97,100,2024-12-09 14:25:00
604008,青春广场停车场,上虞区,70,0,2024-12-09 14:20:00
604007,信义广场北停车场,上虞区,41,35,2024-12-09 14:20:00
604011,雅图停车场,上虞区,60,0,2024-12-09 14:20:00
604005,人民桥下停车场,上虞区,40,0,2024-12-09 14:20:00
604003,信义广场南停车场,上虞区,15,15,2024-12-09 14:20:00
604012,人民桥下2号停车场,上虞区,60,32,2024-12-09 14:20:00
604009,保驾山夜排挡停车场,上虞区,106,0,2024-12-09 14:20:00
24032610340324759,小越历史街区停车场,上虞区,74,0,2024-12-09 14:20:00
19120915472614497,咪网测试停车场,上虞区,97,100,2024-12-09 14:20:00
604004,保驾山停车场,上虞区,37,0,2024-12-09 14:20:00
604006,供销社停车场,上虞区,106,33,2024-12-09 14:20:00
604013,第二人民医院停车场,上虞区,350,53,2024-12-09 14:20:00
604002,梁祝大桥东桥下停车场,上虞区,95,55,2024-12-09 14:20:00
604012,人民桥下2号停车场,上虞区,60,33,2024-12-09 14:15:00
19120915472614497,咪网测试停车场,上虞区,97,100,2024-12-09 14:15:00
604002,梁祝大桥东桥下停车场,上虞区,95,55,2024-12-09 14:15:00
24032610340324759,小越历史街区停车场,上虞区,74,0,2024-12-09 14:15:00
604006,供销社停车场,上虞区,106,43,2024-12-09 14:15:00
604009,保驾山夜排挡停车场,上虞区,106,0,2024-12-09 14:15:00
604011,雅图停车场,上虞区,60,0,2024-12-09 14:15:00
604003,信义广场南停车场,上虞区,15,15,2024-12-09 14:15:00
604013,第二人民医院停车场,上虞区,350,53,2024-12-09 14:15:00
604005,人民桥下停车场,上虞区,40,0,2024-12-09 14:15:00
604004,保驾山停车场,上虞区,37,0,2024-12-09 14:15:00
604007,信义广场北停车场,上虞区,41,35,2024-12-09 14:15:00
604008,青春广场停车场,上虞区,70,0,2024-12-09 14:15:00
604008,青春广场停车场,上虞区,70,0,2024-12-09 14:10:00
604009,保驾山夜排挡停车场,上虞区,106,0,2024-12-09 14:10:00
24032610340324759,小越历史街区停车场,上虞区,74,0,2024-12-09 14:10:00
604012,人民桥下2号停车场,上虞区,60,33,2024-12-09 14:10:00
604003,信义广场南停车场,上虞区,15,15,2024-12-09 14:10:00
604004,保驾山停车场,上虞区,37,0,2024-12-09 14:10:00
19120915472614497,咪网测试停车场,上虞区,97,100,2024-12-09 14:10:00
604007,信义广场北停车场,上虞区,41,35,2024-12-09 14:10:00
604005,人民桥下停车场,上虞区,40,0,2024-12-09 14:10:00
604011,雅图停车场,上虞区,60,0,2024-12-09 14:10:00
604006,供销社停车场,上虞区,106,53,2024-12-09 14:10:00
604002,梁祝大桥东桥下停车场,上虞区,95,57,2024-12-09 14:10:00
604013,第二人民医院停车场,上虞区,350,51,2024-12-09 14:10:00
24032610340324759,小越历史街区停车场,上虞区,74,0,2024-12-09 14:05:00
604008,青春广场停车场,上虞区,70,0,2024-12-09 14:05:00
19120915472614497,咪网测试停车场,上虞区,97,100,2024-12-09 14:05:00
604002,梁祝大桥东桥下停车场,上虞区,95,57,2024-12-09 14:05:00
604005,人民桥下停车场,上虞区,40,0,2024-12-09 14:05:00
604012,人民桥下2号停车场,上虞区,60,33,2024-12-09 14:05:00
604006,供销社停车场,上虞区,106,57,2024-12-09 14:05:00
604013,第二人民医院停车场,上虞区,350,52,2024-12-09 14:05:00
604007,信义广场北停车场,上虞区,41,35,2024-12-09 14:05:00
604004,保驾山停车场,上虞区,37,0,2024-12-09 14:05:00
604009,保驾山夜排挡停车场,上虞区,106,0,2024-12-09 14:05:00
604011,雅图停车场,上虞区,60,0,2024-12-09 14:05:00
604003,信义广场南停车场,上虞区,15,15,2024-12-09 14:05:00
24032610340324759,小越历史街区停车场,上虞区,74,0,2024-12-09 14:00:00
604009,保驾山夜排挡停车场,上虞区,106,0,2024-12-09 14:00:00
604005,人民桥下停车场,上虞区,40,0,2024-12-09 14:00:00
604004,保驾山停车场,上虞区,37,0,2024-12-09 14:00:00
604013,第二人民医院停车场,上虞区,350,49,2024-12-09 14:00:00
604008,青春广场停车场,上虞区,70,0,2024-12-09 14:00:00
604012,人民桥下2号停车场,上虞区,60,33,2024-12-09 14:00:00
604011,雅图停车场,上虞区,60,0,2024-12-09 14:00:00
604003,信义广场南停车场,上虞区,15,15,2024-12-09 14:00:00
604006,供销社停车场,上虞区,106,64,2024-12-09 14:00:00
604002,梁祝大桥东桥下停车场,上虞区,95,57,2024-12-09 14:00:00
604007,信义广场北停车场,上虞区,41,35,2024-12-09 14:00:00
19120915472614497,咪网测试停车场,上虞区,97,100,2024-12-09 14:00:00
604013,第二人民医院停车场,上虞区,350,52,2024-12-09 13:55:00
604003,信义广场南停车场,上虞区,15,15,2024-12-09 13:55:00
604009,保驾山夜排挡停车场,上虞区,106,0,2024-12-09 13:55:00
604004,保驾山停车场,上虞区,37,0,2024-12-09 13:55:00
19120915472614497,咪网测试停车场,上虞区,97,100,2024-12-09 13:55:00
604012,人民桥下2号停车场,上虞区,60,33,2024-12-09 13:55:00
604002,梁祝大桥东桥下停车场,上虞区,95,57,2024-12-09 13:55:00
24032610340324759,小越历史街区停车场,上虞区,74,0,2024-12-09 13:55:00
604008,青春广场停车场,上虞区,70,0,2024-12-09 13:55:00
604007,信义广场北停车场,上虞区,41,35,2024-12-09 13:55:00
604011,雅图停车场,上虞区,60,0,2024-12-09 13:55:00
604005,人民桥下停车场,上虞区,40,0,2024-12-09 13:55:00
604006,供销社停车场,上虞区,106,64,2024-12-09 13:55:00
604007,信义广场北停车场,上虞区,41,35,2024-12-09 13:50:00
604009,保驾山夜排挡停车场,上虞区,106,0,2024-12-09 13:50:00
604012,人民桥下2号停车场,上虞区,60,33,2024-12-09 13:50:00
604002,梁祝大桥东桥下停车场,上虞区,95,56,2024-12-09 13:50:00
604004,保驾山停车场,上虞区,37,0,2024-12-09 13:50:00
19120915472614497,咪网测试停车场,上虞区,97,100,2024-12-09 13:50:00
604006,供销社停车场,上虞区,106,69,2024-12-09 13:50:00
604013,第二人民医院停车场,上虞区,350,53,2024-12-09 13:50:00
604011,雅图停车场,上虞区,60,0,2024-12-09 13:50:00
604003,信义广场南停车场,上虞区,15,15,2024-12-09 13:50:00
604008,青春广场停车场,上虞区,70,0,2024-12-09 13:50:00
24032610340324759,小越历史街区停车场,上虞区,74,0,2024-12-09 13:50:00
604005,人民桥下停车场,上虞区,40,0,2024-12-09 13:50:00
604013,第二人民医院停车场,上虞区,350,53,2024-12-09 13:45:00
604012,人民桥下2号停车场,上虞区,60,33,2024-12-09 13:45:00
604008,青春广场停车场,上虞区,70,0,2024-12-09 13:45:00
19120915472614497,咪网测试停车场,上虞区,97,100,2024-12-09 13:45:00
604011,雅图停车场,上虞区,60,0,2024-12-09 13:45:00
604009,保驾山夜排挡停车场,上虞区,106,0,2024-12-09 13:45:00
604006,供销社停车场,上虞区,106,73,2024-12-09 13:45:00
604007,信义广场北停车场,上虞区,41,35,2024-12-09 13:45:00
604005,人民桥下停车场,上虞区,40,0,2024-12-09 13:45:00
604002,梁祝大桥东桥下停车场,上虞区,95,56,2024-12-09 13:45:00
604003,信义广场南停车场,上虞区,15,15,2024-12-09 13:45:00
24032610340324759,小越历史街区停车场,上虞区,74,0,2024-12-09 13:45:00
604004,保驾山停车场,上虞区,37,0,2024-12-09 13:45:00
604008,青春广场停车场,上虞区,70,0,2024-12-09 13:40:00
604012,人民桥下2号停车场,上虞区,60,33,2024-12-09 13:40:00
604011,雅图停车场,上虞区,60,0,2024-12-09 13:40:00
604004,保驾山停车场,上虞区,37,0,2024-12-09 13:40:00
604003,信义广场南停车场,上虞区,15,15,2024-12-09 13:40:00
604005,人民桥下停车场,上虞区,40,0,2024-12-09 13:40:00
24032610340324759,小越历史街区停车场,上虞区,74,0,2024-12-09 13:40:00
604009,保驾山夜排挡停车场,上虞区,106,0,2024-12-09 13:40:00
604007,信义广场北停车场,上虞区,41,35,2024-12-09 13:40:00
604013,第二人民医院停车场,上虞区,350,51,2024-12-09 13:40:00
604002,梁祝大桥东桥下停车场,上虞区,95,56,2024-12-09 13:40:00
604006,供销社停车场,上虞区,106,79,2024-12-09 13:40:00
19120915472614497,咪网测试停车场,上虞区,97,100,2024-12-09 13:40:00
604002,梁祝大桥东桥下停车场,上虞区,95,56,2024-12-09 13:35:00
604008,青春广场停车场,上虞区,70,0,2024-12-09 13:35:00
604013,第二人民医院停车场,上虞区,350,56,2024-12-09 13:35:00
19120915472614497,咪网测试停车场,上虞区,97,100,2024-12-09 13:35:00
24032610340324759,小越历史街区停车场,上虞区,74,0,2024-12-09 13:35:00
604009,保驾山夜排挡停车场,上虞区,106,0,2024-12-09 13:35:00
604006,供销社停车场,上虞区,106,84,2024-12-09 13:35:00
604004,保驾山停车场,上虞区,37,0,2024-12-09 13:35:00
604005,人民桥下停车场,上虞区,40,0,2024-12-09 13:35:00
604007,信义广场北停车场,上虞区,41,35,2024-12-09 13:35:00
604003,信义广场南停车场,上虞区,15,15,2024-12-09 13:35:00
604011,雅图停车场,上虞区,60,0,2024-12-09 13:35:00
604012,人民桥下2号停车场,上虞区,60,33,2024-12-09 13:35:00
19120915472614497,咪网测试停车场,上虞区,97,100,2024-12-09 13:30:00
604003,信义广场南停车场,上虞区,15,15,2024-12-09 13:30:00
604012,人民桥下2号停车场,上虞区,60,33,2024-12-09 13:30:00
604007,信义广场北停车场,上虞区,41,36,2024-12-09 13:30:00
604009,保驾山夜排挡停车场,上虞区,106,0,2024-12-09 13:30:00
604005,人民桥下停车场,上虞区,40,0,2024-12-09 13:30:00
604008,青春广场停车场,上虞区,70,0,2024-12-09 13:30:00
604004,保驾山停车场,上虞区,37,0,2024-12-09 13:30:00
604013,第二人民医院停车场,上虞区,350,65,2024-12-09 13:30:00
604002,梁祝大桥东桥下停车场,上虞区,95,56,2024-12-09 13:30:00
604011,雅图停车场,上虞区,60,0,2024-12-09 13:30:00
24032610340324759,小越历史街区停车场,上虞区,74,0,2024-12-09 13:30:00
604006,供销社停车场,上虞区,106,92,2024-12-09 13:30:00
24032610340324759,小越历史街区停车场,上虞区,74,0,2024-12-09 13:25:00
604003,信义广场南停车场,上虞区,15,15,2024-12-09 13:25:00
604012,人民桥下2号停车场,上虞区,60,33,2024-12-09 13:25:00
604008,青春广场停车场,上虞区,70,0,2024-12-09 13:25:00
604009,保驾山夜排挡停车场,上虞区,106,0,2024-12-09 13:25:00
604004,保驾山停车场,上虞区,37,0,2024-12-09 13:25:00
604006,供销社停车场,上虞区,106,97,2024-12-09 13:25:00
604002,梁祝大桥东桥下停车场,上虞区,95,57,2024-12-09 13:25:00
604007,信义广场北停车场,上虞区,41,36,2024-12-09 13:25:00
604005,人民桥下停车场,上虞区,40,0,2024-12-09 13:25:00
604011,雅图停车场,上虞区,60,0,2024-12-09 13:25:00
19120915472614497,咪网测试停车场,上虞区,97,100,2024-12-09 13:25:00
604013,第二人民医院停车场,上虞区,350,78,2024-12-09 13:25:00
24032610340324759,小越历史街区停车场,上虞区,74,0,2024-12-09 13:20:00
604006,供销社停车场,上虞区,106,0,2024-12-09 13:20:00
604012,人民桥下2号停车场,上虞区,60,33,2024-12-09 13:20:00
604011,雅图停车场,上虞区,60,0,2024-12-09 13:20:00
604009,保驾山夜排挡停车场,上虞区,106,0,2024-12-09 13:20:00
604003,信义广场南停车场,上虞区,15,15,2024-12-09 13:20:00
604013,第二人民医院停车场,上虞区,350,90,2024-12-09 13:20:00
604004,保驾山停车场,上虞区,37,0,2024-12-09 13:20:00
604005,人民桥下停车场,上虞区,40,0,2024-12-09 13:20:00
604007,信义广场北停车场,上虞区,41,36,2024-12-09 13:20:00
604002,梁祝大桥东桥下停车场,上虞区,95,57,2024-12-09 13:20:00
604008,青春广场停车场,上虞区,70,0,2024-12-09 13:20:00
19120915472614497,咪网测试停车场,上虞区,97,100,2024-12-09 13:20:00
604002,梁祝大桥东桥下停车场,上虞区,95,57,2024-12-09 13:15:00
604006,供销社停车场,上虞区,106,0,2024-12-09 13:15:00
604003,信义广场南停车场,上虞区,15,15,2024-12-09 13:15:00
604005,人民桥下停车场,上虞区,40,0,2024-12-09 13:15:00
24032610340324759,小越历史街区停车场,上虞区,74,0,2024-12-09 13:15:00
604012,人民桥下2号停车场,上虞区,60,33,2024-12-09 13:15:00
19120915472614497,咪网测试停车场,上虞区,97,100,2024-12-09 13:15:00
604004,保驾山停车场,上虞区,37,0,2024-12-09 13:15:00
604011,雅图停车场,上虞区,60,0,2024-12-09 13:15:00
604009,保驾山夜排挡停车场,上虞区,106,0,2024-12-09 13:15:00
604007,信义广场北停车场,上虞区,41,36,2024-12-09 13:15:00
604013,第二人民医院停车场,上虞区,350,98,2024-12-09 13:15:00
604008,青春广场停车场,上虞区,70,0,2024-12-09 13:15:00
604008,青春广场停车场,上虞区,70,0,2024-12-09 13:10:00
604006,供销社停车场,上虞区,106,0,2024-12-09 13:10:00
19120915472614497,咪网测试停车场,上虞区,97,100,2024-12-09 13:10:00
604009,保驾山夜排挡停车场,上虞区,106,0,2024-12-09 13:10:00
604012,人民桥下2号停车场,上虞区,60,33,2024-12-09 13:10:00
604004,保驾山停车场,上虞区,37,0,2024-12-09 13:10:00
604011,雅图停车场,上虞区,60,0,2024-12-09 13:10:00
604013,第二人民医院停车场,上虞区,350,102,2024-12-09 13:10:00
24032610340324759,小越历史街区停车场,上虞区,74,0,2024-12-09 13:10:00
604003,信义广场南停车场,上虞区,15,15,2024-12-09 13:10:00
604002,梁祝大桥东桥下停车场,上虞区,95,57,2024-12-09 13:10:00
604007,信义广场北停车场,上虞区,41,35,2024-12-09 13:10:00
604005,人民桥下停车场,上虞区,40,0,2024-12-09 13:10:00
604005,人民桥下停车场,上虞区,40,0,2024-12-09 13:05:00
604004,保驾山停车场,上虞区,37,0,2024-12-09 13:05:00
604002,梁祝大桥东桥下停车场,上虞区,95,57,2024-12-09 13:05:00
24032610340324759,小越历史街区停车场,上虞区,74,0,2024-12-09 13:05:00
19120915472614497,咪网测试停车场,上虞区,97,100,2024-12-09 13:05:00
604009,保驾山夜排挡停车场,上虞区,106,0,2024-12-09 13:05:00
604013,第二人民医院停车场,上虞区,350,112,2024-12-09 13:05:00
604003,信义广场南停车场,上虞区,15,15,2024-12-09 13:05:00
604006,供销社停车场,上虞区,106,0,2024-12-09 13:05:00
604008,青春广场停车场,上虞区,70,0,2024-12-09 13:05:00
604007,信义广场北停车场,上虞区,41,36,2024-12-09 13:05:00
604011,雅图停车场,上虞区,60,0,2024-12-09 13:05:00
604012,人民桥下2号停车场,上虞区,60,33,2024-12-09 13:05:00
604003,信义广场南停车场,上虞区,15,15,2024-12-09 13:00:00
604006,供销社停车场,上虞区,106,0,2024-12-09 13:00:00
24032610340324759,小越历史街区停车场,上虞区,74,0,2024-12-09 13:00:00
604013,第二人民医院停车场,上虞区,350,116,2024-12-09 13:00:00
604009,保驾山夜排挡停车场,上虞区,106,0,2024-12-09 13:00:00
604007,信义广场北停车场,上虞区,41,36,2024-12-09 13:00:00
604012,人民桥下2号停车场,上虞区,60,33,2024-12-09 13:00:00
604004,保驾山停车场,上虞区,37,0,2024-12-09 13:00:00
604002,梁祝大桥东桥下停车场,上虞区,95,57,2024-12-09 13:00:00
19120915472614497,咪网测试停车场,上虞区,97,100,2024-12-09 13:00:00
604005,人民桥下停车场,上虞区,40,0,2024-12-09 13:00:00
604008,青春广场停车场,上虞区,70,0,2024-12-09 13:00:00
604011,雅图停车场,上虞区,60,0,2024-12-09 13:00:00
19120915472614497,咪网测试停车场,上虞区,97,100,2024-12-09 12:55:00
604013,第二人民医院停车场,上虞区,350,120,2024-12-09 12:55:00
604007,信义广场北停车场,上虞区,41,36,2024-12-09 12:55:00
604006,供销社停车场,上虞区,106,0,2024-12-09 12:55:00
24032610340324759,小越历史街区停车场,上虞区,74,0,2024-12-09 12:55:00
604008,青春广场停车场,上虞区,70,0,2024-12-09 12:55:00
604009,保驾山夜排挡停车场,上虞区,106,0,2024-12-09 12:55:00
604002,梁祝大桥东桥下停车场,上虞区,95,57,2024-12-09 12:55:00
604011,雅图停车场,上虞区,60,0,2024-12-09 12:55:00
604004,保驾山停车场,上虞区,37,0,2024-12-09 12:55:00
604012,人民桥下2号停车场,上虞区,60,33,2024-12-09 12:55:00
604003,信义广场南停车场,上虞区,15,15,2024-12-09 12:55:00
604005,人民桥下停车场,上虞区,40,0,2024-12-09 12:55:00
19120915472614497,咪网测试停车场,上虞区,97,100,2024-12-09 12:50:00
604007,信义广场北停车场,上虞区,41,36,2024-12-09 12:50:00
604008,青春广场停车场,上虞区,70,0,2024-12-09 12:50:00
604004,保驾山停车场,上虞区,37,0,2024-12-09 12:50:00
604009,保驾山夜排挡停车场,上虞区,106,0,2024-12-09 12:50:00
604012,人民桥下2号停车场,上虞区,60,33,2024-12-09 12:50:00
604005,人民桥下停车场,上虞区,40,0,2024-12-09 12:50:00
604013,第二人民医院停车场,上虞区,350,120,2024-12-09 12:50:00
604003,信义广场南停车场,上虞区,15,15,2024-12-09 12:50:00
604002,梁祝大桥东桥下停车场,上虞区,95,57,2024-12-09 12:50:00
604006,供销社停车场,上虞区,106,0,2024-12-09 12:50:00
604011,雅图停车场,上虞区,60,0,2024-12-09 12:50:00
24032610340324759,小越历史街区停车场,上虞区,74,0,2024-12-09 12:50:00
604011,雅图停车场,上虞区,60,0,2024-12-09 12:45:00
24032610340324759,小越历史街区停车场,上虞区,74,0,2024-12-09 12:45:00
604013,第二人民医院停车场,上虞区,350,118,2024-12-09 12:45:00
19120915472614497,咪网测试停车场,上虞区,97,100,2024-12-09 12:45:00
604009,保驾山夜排挡停车场,上虞区,106,0,2024-12-09 12:45:00
604008,青春广场停车场,上虞区,70,0,2024-12-09 12:45:00
604004,保驾山停车场,上虞区,37,0,2024-12-09 12:45:00
604003,信义广场南停车场,上虞区,15,15,2024-12-09 12:45:00
604007,信义广场北停车场,上虞区,41,36,2024-12-09 12:45:00
604006,供销社停车场,上虞区,106,0,2024-12-09 12:45:00
604012,人民桥下2号停车场,上虞区,60,33,2024-12-09 12:45:00
604002,梁祝大桥东桥下停车场,上虞区,95,57,2024-12-09 12:45:00
604005,人民桥下停车场,上虞区,40,0,2024-12-09 12:45:00
604013,第二人民医院停车场,上虞区,350,116,2024-12-09 12:40:00
604005,人民桥下停车场,上虞区,40,0,2024-12-09 12:40:00
604002,梁祝大桥东桥下停车场,上虞区,95,58,2024-12-09 12:40:00
604004,保驾山停车场,上虞区,37,0,2024-12-09 12:40:00
24032610340324759,小越历史街区停车场,上虞区,74,0,2024-12-09 12:40:00
604012,人民桥下2号停车场,上虞区,60,33,2024-12-09 12:40:00
604007,信义广场北停车场,上虞区,41,36,2024-12-09 12:40:00
604006,供销社停车场,上虞区,106,0,2024-12-09 12:40:00
604008,青春广场停车场,上虞区,70,0,2024-12-09 12:40:00
604011,雅图停车场,上虞区,60,0,2024-12-09 12:40:00
604003,信义广场南停车场,上虞区,15,15,2024-12-09 12:40:00
19120915472614497,咪网测试停车场,上虞区,97,100,2024-12-09 12:40:00
604009,保驾山夜排挡停车场,上虞区,106,0,2024-12-09 12:40:00
604004,保驾山停车场,上虞区,37,0,2024-12-09 12:35:00
604007,信义广场北停车场,上虞区,41,37,2024-12-09 12:35:00
604013,第二人民医院停车场,上虞区,350,118,2024-12-09 12:35:00
604002,梁祝大桥东桥下停车场,上虞区,95,58,2024-12-09 12:35:00
604011,雅图停车场,上虞区,60,0,2024-12-09 12:35:00
604008,青春广场停车场,上虞区,70,0,2024-12-09 12:35:00
604005,人民桥下停车场,上虞区,40,0,2024-12-09 12:35:00
604012,人民桥下2号停车场,上虞区,60,33,2024-12-09 12:35:00
604006,供销社停车场,上虞区,106,0,2024-12-09 12:35:00
604003,信义广场南停车场,上虞区,15,15,2024-12-09 12:35:00
604009,保驾山夜排挡停车场,上虞区,106,0,2024-12-09 12:35:00
24032610340324759,小越历史街区停车场,上虞区,74,0,2024-12-09 12:35:00
19120915472614497,咪网测试停车场,上虞区,97,100,2024-12-09 12:35:00
24032610340324759,小越历史街区停车场,上虞区,74,0,2024-12-09 12:30:00
604002,梁祝大桥东桥下停车场,上虞区,95,58,2024-12-09 12:30:00
604011,雅图停车场,上虞区,60,0,2024-12-09 12:30:00
19120915472614497,咪网测试停车场,上虞区,97,100,2024-12-09 12:30:00
604004,保驾山停车场,上虞区,37,0,2024-12-09 12:30:00
604003,信义广场南停车场,上虞区,15,15,2024-12-09 12:30:00
604008,青春广场停车场,上虞区,70,0,2024-12-09 12:30:00
604013,第二人民医院停车场,上虞区,350,121,2024-12-09 12:30:00
604009,保驾山夜排挡停车场,上虞区,106,0,2024-12-09 12:30:00
604005,人民桥下停车场,上虞区,40,0,2024-12-09 12:30:00
604012,人民桥下2号停车场,上虞区,60,33,2024-12-09 12:30:00
604006,供销社停车场,上虞区,106,0,2024-12-09 12:30:00
604007,信义广场北停车场,上虞区,41,37,2024-12-09 12:30:00
604004,保驾山停车场,上虞区,37,0,2024-12-09 12:25:00
604005,人民桥下停车场,上虞区,40,0,2024-12-09 12:25:00
19120915472614497,咪网测试停车场,上虞区,97,100,2024-12-09 12:25:00
604009,保驾山夜排挡停车场,上虞区,106,0,2024-12-09 12:25:00
604003,信义广场南停车场,上虞区,15,15,2024-12-09 12:25:00
604013,第二人民医院停车场,上虞区,350,121,2024-12-09 12:25:00
24032610340324759,小越历史街区停车场,上虞区,74,0,2024-12-09 12:25:00
604008,青春广场停车场,上虞区,70,0,2024-12-09 12:25:00
604011,雅图停车场,上虞区,60,0,2024-12-09 12:25:00
604007,信义广场北停车场,上虞区,41,37,2024-12-09 12:25:00
604012,人民桥下2号停车场,上虞区,60,33,2024-12-09 12:25:00
604006,供销社停车场,上虞区,106,0,2024-12-09 12:25:00
604002,梁祝大桥东桥下停车场,上虞区,95,58,2024-12-09 12:25:00
604002,梁祝大桥东桥下停车场,上虞区,95,58,2024-12-09 12:20:00
604003,信义广场南停车场,上虞区,15,15,2024-12-09 12:20:00
604007,信义广场北停车场,上虞区,41,37,2024-12-09 12:20:00
604005,人民桥下停车场,上虞区,40,0,2024-12-09 12:20:00
604012,人民桥下2号停车场,上虞区,60,32,2024-12-09 12:20:00
24032610340324759,小越历史街区停车场,上虞区,74,0,2024-12-09 12:20:00
604013,第二人民医院停车场,上虞区,350,123,2024-12-09 12:20:00
604011,雅图停车场,上虞区,60,0,2024-12-09 12:20:00
19120915472614497,咪网测试停车场,上虞区,97,100,2024-12-09 12:20:00
604006,供销社停车场,上虞区,106,0,2024-12-09 12:20:00
604004,保驾山停车场,上虞区,37,0,2024-12-09 12:20:00
604009,保驾山夜排挡停车场,上虞区,106,0,2024-12-09 12:20:00
604008,青春广场停车场,上虞区,70,0,2024-12-09 12:20:00
604013,第二人民医院停车场,上虞区,350,117,2024-12-09 12:15:00
604008,青春广场停车场,上虞区,70,0,2024-12-09 12:15:00
19120915472614497,咪网测试停车场,上虞区,97,100,2024-12-09 12:15:00
604011,雅图停车场,上虞区,60,0,2024-12-09 12:15:00
604005,人民桥下停车场,上虞区,40,0,2024-12-09 12:15:00
604012,人民桥下2号停车场,上虞区,60,32,2024-12-09 12:15:00
24032610340324759,小越历史街区停车场,上虞区,74,0,2024-12-09 12:15:00
604004,保驾山停车场,上虞区,37,0,2024-12-09 12:15:00
604009,保驾山夜排挡停车场,上虞区,106,0,2024-12-09 12:15:00
604007,信义广场北停车场,上虞区,41,38,2024-12-09 12:15:00
604002,梁祝大桥东桥下停车场,上虞区,95,58,2024-12-09 12:15:00
604003,信义广场南停车场,上虞区,15,15,2024-12-09 12:15:00
604006,供销社停车场,上虞区,106,0,2024-12-09 12:15:00
19120915472614497,咪网测试停车场,上虞区,97,100,2024-12-09 12:10:00
604011,雅图停车场,上虞区,60,0,2024-12-09 12:10:00
604012,人民桥下2号停车场,上虞区,60,32,2024-12-09 12:10:00
604005,人民桥下停车场,上虞区,40,0,2024-12-09 12:10:00
604003,信义广场南停车场,上虞区,15,15,2024-12-09 12:10:00
604002,梁祝大桥东桥下停车场,上虞区,95,58,2024-12-09 12:10:00
604007,信义广场北停车场,上虞区,41,38,2024-12-09 12:10:00
604004,保驾山停车场,上虞区,37,0,2024-12-09 12:10:00
604009,保驾山夜排挡停车场,上虞区,106,0,2024-12-09 12:10:00
604006,供销社停车场,上虞区,106,0,2024-12-09 12:10:00
604013,第二人民医院停车场,上虞区,350,116,2024-12-09 12:10:00
24032610340324759,小越历史街区停车场,上虞区,74,0,2024-12-09 12:10:00
604008,青春广场停车场,上虞区,70,0,2024-12-09 12:10:00
604006,供销社停车场,上虞区,106,0,2024-12-09 12:05:00
604009,保驾山夜排挡停车场,上虞区,106,0,2024-12-09 12:05:00
604011,雅图停车场,上虞区,60,0,2024-12-09 12:05:00
604002,梁祝大桥东桥下停车场,上虞区,95,58,2024-12-09 12:05:00
19120915472614497,咪网测试停车场,上虞区,97,100,2024-12-09 12:05:00
604004,保驾山停车场,上虞区,37,0,2024-12-09 12:05:00
604005,人民桥下停车场,上虞区,40,0,2024-12-09 12:05:00
24032610340324759,小越历史街区停车场,上虞区,74,0,2024-12-09 12:05:00
604007,信义广场北停车场,上虞区,41,38,2024-12-09 12:05:00
604008,青春广场停车场,上虞区,70,0,2024-12-09 12:05:00
604003,信义广场南停车场,上虞区,15,15,2024-12-09 12:05:00
604013,第二人民医院停车场,上虞区,350,115,2024-12-09 12:05:00
604012,人民桥下2号停车场,上虞区,60,32,2024-12-09 12:05:00
604012,人民桥下2号停车场,上虞区,60,32,2024-12-09 12:00:00
604013,第二人民医院停车场,上虞区,350,110,2024-12-09 12:00:00
604008,青春广场停车场,上虞区,70,0,2024-12-09 12:00:00
604006,供销社停车场,上虞区,106,0,2024-12-09 12:00:00
604009,保驾山夜排挡停车场,上虞区,106,0,2024-12-09 12:00:00
604011,雅图停车场,上虞区,60,0,2024-12-09 12:00:00
604004,保驾山停车场,上虞区,37,0,2024-12-09 12:00:00
19120915472614497,咪网测试停车场,上虞区,97,100,2024-12-09 12:00:00
604002,梁祝大桥东桥下停车场,上虞区,95,58,2024-12-09 12:00:00
604005,人民桥下停车场,上虞区,40,0,2024-12-09 12:00:00
24032610340324759,小越历史街区停车场,上虞区,74,0,2024-12-09 12:00:00
604007,信义广场北停车场,上虞区,41,38,2024-12-09 12:00:00
604003,信义广场南停车场,上虞区,15,15,2024-12-09 12:00:00
604002,梁祝大桥东桥下停车场,上虞区,95,57,2024-12-09 11:55:00
604005,人民桥下停车场,上虞区,40,0,2024-12-09 11:55:00
604007,信义广场北停车场,上虞区,41,38,2024-12-09 11:55:00
24032610340324759,小越历史街区停车场,上虞区,74,0,2024-12-09 11:55:00
604006,供销社停车场,上虞区,106,0,2024-12-09 11:55:00
604013,第二人民医院停车场,上虞区,350,109,2024-12-09 11:55:00
604012,人民桥下2号停车场,上虞区,60,30,2024-12-09 11:55:00
604008,青春广场停车场,上虞区,70,0,2024-12-09 11:55:00
604009,保驾山夜排挡停车场,上虞区,106,0,2024-12-09 11:55:00
19120915472614497,咪网测试停车场,上虞区,97,100,2024-12-09 11:55:00
604003,信义广场南停车场,上虞区,15,15,2024-12-09 11:55:00
604011,雅图停车场,上虞区,60,0,2024-12-09 11:55:00
604004,保驾山停车场,上虞区,37,0,2024-12-09 11:55:00
604009,保驾山夜排挡停车场,上虞区,106,0,2024-12-09 11:50:00
24032610340324759,小越历史街区停车场,上虞区,74,0,2024-12-09 11:50:00
604002,梁祝大桥东桥下停车场,上虞区,95,58,2024-12-09 11:50:00
19120915472614497,咪网测试停车场,上虞区,97,100,2024-12-09 11:50:00
604006,供销社停车场,上虞区,106,0,2024-12-09 11:50:00
604005,人民桥下停车场,上虞区,40,0,2024-12-09 11:50:00
604011,雅图停车场,上虞区,60,0,2024-12-09 11:50:00
604004,保驾山停车场,上虞区,37,0,2024-12-09 11:50:00
604007,信义广场北停车场,上虞区,41,38,2024-12-09 11:50:00
604012,人民桥下2号停车场,上虞区,60,29,2024-12-09 11:50:00
604003,信义广场南停车场,上虞区,15,15,2024-12-09 11:50:00
604013,第二人民医院停车场,上虞区,350,107,2024-12-09 11:50:00
604008,青春广场停车场,上虞区,70,0,2024-12-09 11:50:00
604009,保驾山夜排挡停车场,上虞区,106,0,2024-12-09 11:45:00
604006,供销社停车场,上虞区,106,0,2024-12-09 11:45:00
604011,雅图停车场,上虞区,60,0,2024-12-09 11:45:00
24032610340324759,小越历史街区停车场,上虞区,74,0,2024-12-09 11:45:00
604003,信义广场南停车场,上虞区,15,15,2024-12-09 11:45:00
604002,梁祝大桥东桥下停车场,上虞区,95,58,2024-12-09 11:45:00
604005,人民桥下停车场,上虞区,40,0,2024-12-09 11:45:00
604008,青春广场停车场,上虞区,70,0,2024-12-09 11:45:00
604007,信义广场北停车场,上虞区,41,38,2024-12-09 11:45:00
19120915472614497,咪网测试停车场,上虞区,97,100,2024-12-09 11:45:00
604012,人民桥下2号停车场,上虞区,60,29,2024-12-09 11:45:00
604004,保驾山停车场,上虞区,37,0,2024-12-09 11:45:00
604013,第二人民医院停车场,上虞区,350,109,2024-12-09 11:45:00
604005,人民桥下停车场,上虞区,40,0,2024-12-09 11:40:00
604002,梁祝大桥东桥下停车场,上虞区,95,58,2024-12-09 11:40:00
604011,雅图停车场,上虞区,60,0,2024-12-09 11:40:00
19120915472614497,咪网测试停车场,上虞区,97,100,2024-12-09 11:40:00
604006,供销社停车场,上虞区,106,0,2024-12-09 11:40:00
604013,第二人民医院停车场,上虞区,350,96,2024-12-09 11:40:00
604009,保驾山夜排挡停车场,上虞区,106,0,2024-12-09 11:40:00
604003,信义广场南停车场,上虞区,15,15,2024-12-09 11:40:00
24032610340324759,小越历史街区停车场,上虞区,74,0,2024-12-09 11:40:00
604004,保驾山停车场,上虞区,37,0,2024-12-09 11:40:00
604008,青春广场停车场,上虞区,70,0,2024-12-09 11:40:00
604007,信义广场北停车场,上虞区,41,37,2024-12-09 11:40:00
604012,人民桥下2号停车场,上虞区,60,29,2024-12-09 11:40:00
604005,人民桥下停车场,上虞区,40,0,2024-12-09 11:35:00
604003,信义广场南停车场,上虞区,15,15,2024-12-09 11:35:00
604006,供销社停车场,上虞区,106,0,2024-12-09 11:35:00
604011,雅图停车场,上虞区,60,0,2024-12-09 11:35:00
604013,第二人民医院停车场,上虞区,350,94,2024-12-09 11:35:00
604008,青春广场停车场,上虞区,70,0,2024-12-09 11:35:00
604009,保驾山夜排挡停车场,上虞区,106,0,2024-12-09 11:35:00
604007,信义广场北停车场,上虞区,41,37,2024-12-09 11:35:00
604002,梁祝大桥东桥下停车场,上虞区,95,58,2024-12-09 11:35:00
24032610340324759,小越历史街区停车场,上虞区,74,0,2024-12-09 11:35:00
604004,保驾山停车场,上虞区,37,0,2024-12-09 11:35:00
604012,人民桥下2号停车场,上虞区,60,29,2024-12-09 11:35:00
19120915472614497,咪网测试停车场,上虞区,97,100,2024-12-09 11:35:00
604004,保驾山停车场,上虞区,37,0,2024-12-09 11:30:00
19120915472614497,咪网测试停车场,上虞区,97,100,2024-12-09 11:30:00
604006,供销社停车场,上虞区,106,0,2024-12-09 11:30:00
604003,信义广场南停车场,上虞区,15,15,2024-12-09 11:30:00
604005,人民桥下停车场,上虞区,40,0,2024-12-09 11:30:00
24032610340324759,小越历史街区停车场,上虞区,74,0,2024-12-09 11:30:00
604009,保驾山夜排挡停车场,上虞区,106,0,2024-12-09 11:30:00
604002,梁祝大桥东桥下停车场,上虞区,95,58,2024-12-09 11:30:00
604007,信义广场北停车场,上虞区,41,37,2024-12-09 11:30:00
604013,第二人民医院停车场,上虞区,350,83,2024-12-09 11:30:00
604008,青春广场停车场,上虞区,70,0,2024-12-09 11:30:00
604012,人民桥下2号停车场,上虞区,60,29,2024-12-09 11:30:00
604011,雅图停车场,上虞区,60,0,2024-12-09 11:30:00
604006,供销社停车场,上虞区,106,0,2024-12-09 11:25:00
604002,梁祝大桥东桥下停车场,上虞区,95,58,2024-12-09 11:25:00
24032610340324759,小越历史街区停车场,上虞区,74,0,2024-12-09 11:25:00
604005,人民桥下停车场,上虞区,40,0,2024-12-09 11:25:00
604013,第二人民医院停车场,上虞区,350,76,2024-12-09 11:25:00
604003,信义广场南停车场,上虞区,15,15,2024-12-09 11:25:00
604004,保驾山停车场,上虞区,37,0,2024-12-09 11:25:00
604009,保驾山夜排挡停车场,上虞区,106,0,2024-12-09 11:25:00
604012,人民桥下2号停车场,上虞区,60,29,2024-12-09 11:25:00
604007,信义广场北停车场,上虞区,41,38,2024-12-09 11:25:00
19120915472614497,咪网测试停车场,上虞区,97,100,2024-12-09 11:25:00
604008,青春广场停车场,上虞区,70,0,2024-12-09 11:25:00
604011,雅图停车场,上虞区,60,0,2024-12-09 11:25:00
604012,人民桥下2号停车场,上虞区,60,29,2024-12-09 11:20:00
604005,人民桥下停车场,上虞区,40,0,2024-12-09 11:20:00
604007,信义广场北停车场,上虞区,41,38,2024-12-09 11:20:00
604004,保驾山停车场,上虞区,37,0,2024-12-09 11:20:00
604006,供销社停车场,上虞区,106,0,2024-12-09 11:20:00
604008,青春广场停车场,上虞区,70,0,2024-12-09 11:20:00
604009,保驾山夜排挡停车场,上虞区,106,0,2024-12-09 11:20:00
604003,信义广场南停车场,上虞区,15,15,2024-12-09 11:20:00
604011,雅图停车场,上虞区,60,0,2024-12-09 11:20:00
604002,梁祝大桥东桥下停车场,上虞区,95,58,2024-12-09 11:20:00
604013,第二人民医院停车场,上虞区,350,69,2024-12-09 11:20:00
24032610340324759,小越历史街区停车场,上虞区,74,0,2024-12-09 11:20:00
19120915472614497,咪网测试停车场,上虞区,97,100,2024-12-09 11:20:00
604008,青春广场停车场,上虞区,70,0,2024-12-09 11:15:00
604004,保驾山停车场,上虞区,37,0,2024-12-09 11:15:00
604012,人民桥下2号停车场,上虞区,60,29,2024-12-09 11:15:00
604003,信义广场南停车场,上虞区,15,15,2024-12-09 11:15:00
604005,人民桥下停车场,上虞区,40,0,2024-12-09 11:15:00
604007,信义广场北停车场,上虞区,41,38,2024-12-09 11:15:00
604009,保驾山夜排挡停车场,上虞区,106,0,2024-12-09 11:15:00
604002,梁祝大桥东桥下停车场,上虞区,95,58,2024-12-09 11:15:00
604006,供销社停车场,上虞区,106,0,2024-12-09 11:15:00
604013,第二人民医院停车场,上虞区,350,59,2024-12-09 11:15:00
604011,雅图停车场,上虞区,60,0,2024-12-09 11:15:00
19120915472614497,咪网测试停车场,上虞区,97,100,2024-12-09 11:15:00
24032610340324759,小越历史街区停车场,上虞区,74,0,2024-12-09 11:15:00
604004,保驾山停车场,上虞区,37,0,2024-12-09 11:10:00
604006,供销社停车场,上虞区,106,0,2024-12-09 11:10:00
604002,梁祝大桥东桥下停车场,上虞区,95,58,2024-12-09 11:10:00
604008,青春广场停车场,上虞区,70,0,2024-12-09 11:10:00
19120915472614497,咪网测试停车场,上虞区,97,100,2024-12-09 11:10:00
604007,信义广场北停车场,上虞区,41,38,2024-12-09 11:10:00
604012,人民桥下2号停车场,上虞区,60,29,2024-12-09 11:10:00
604011,雅图停车场,上虞区,60,0,2024-12-09 11:10:00
604005,人民桥下停车场,上虞区,40,0,2024-12-09 11:10:00
604003,信义广场南停车场,上虞区,15,15,2024-12-09 11:10:00
24032610340324759,小越历史街区停车场,上虞区,74,0,2024-12-09 11:10:00
604009,保驾山夜排挡停车场,上虞区,106,0,2024-12-09 11:10:00
604013,第二人民医院停车场,上虞区,350,55,2024-12-09 11:10:00
19120915472614497,咪网测试停车场,上虞区,97,100,2024-12-09 11:05:00
604009,保驾山夜排挡停车场,上虞区,106,0,2024-12-09 11:05:00
604008,青春广场停车场,上虞区,70,0,2024-12-09 11:05:00
604004,保驾山停车场,上虞区,37,0,2024-12-09 11:05:00
604013,第二人民医院停车场,上虞区,350,40,2024-12-09 11:05:00
604011,雅图停车场,上虞区,60,0,2024-12-09 11:05:00
604007,信义广场北停车场,上虞区,41,38,2024-12-09 11:05:00
24032610340324759,小越历史街区停车场,上虞区,74,0,2024-12-09 11:05:00
604002,梁祝大桥东桥下停车场,上虞区,95,58,2024-12-09 11:05:00
604003,信义广场南停车场,上虞区,15,15,2024-12-09 11:05:00
604012,人民桥下2号停车场,上虞区,60,29,2024-12-09 11:05:00
604005,人民桥下停车场,上虞区,40,0,2024-12-09 11:05:00
604006,供销社停车场,上虞区,106,0,2024-12-09 11:05:00
604004,保驾山停车场,上虞区,37,0,2024-12-09 11:00:00
24032610340324759,小越历史街区停车场,上虞区,74,0,2024-12-09 11:00:00
604006,供销社停车场,上虞区,106,0,2024-12-09 11:00:00
604005,人民桥下停车场,上虞区,40,0,2024-12-09 11:00:00
604009,保驾山夜排挡停车场,上虞区,106,0,2024-12-09 11:00:00
604008,青春广场停车场,上虞区,70,0,2024-12-09 11:00:00
604012,人民桥下2号停车场,上虞区,60,29,2024-12-09 11:00:00
19120915472614497,咪网测试停车场,上虞区,97,100,2024-12-09 11:00:00
604013,第二人民医院停车场,上虞区,350,33,2024-12-09 11:00:00
604011,雅图停车场,上虞区,60,0,2024-12-09 11:00:00
604007,信义广场北停车场,上虞区,41,38,2024-12-09 11:00:00
604002,梁祝大桥东桥下停车场,上虞区,95,58,2024-12-09 11:00:00
604003,信义广场南停车场,上虞区,15,15,2024-12-09 11:00:00
19120915472614497,咪网测试停车场,上虞区,97,100,2024-12-09 10:55:00
604011,雅图停车场,上虞区,60,0,2024-12-09 10:55:00
24032610340324759,小越历史街区停车场,上虞区,74,0,2024-12-09 10:55:00
604002,梁祝大桥东桥下停车场,上虞区,95,58,2024-12-09 10:55:00
604012,人民桥下2号停车场,上虞区,60,29,2024-12-09 10:55:00
604003,信义广场南停车场,上虞区,15,15,2024-12-09 10:55:00
604013,第二人民医院停车场,上虞区,350,26,2024-12-09 10:55:00
604006,供销社停车场,上虞区,106,0,2024-12-09 10:55:00
604008,青春广场停车场,上虞区,70,0,2024-12-09 10:55:00
604009,保驾山夜排挡停车场,上虞区,106,0,2024-12-09 10:55:00
604004,保驾山停车场,上虞区,37,0,2024-12-09 10:55:00
604007,信义广场北停车场,上虞区,41,37,2024-12-09 10:55:00
604005,人民桥下停车场,上虞区,40,0,2024-12-09 10:55:00
604011,雅图停车场,上虞区,60,0,2024-12-09 10:50:00
604006,供销社停车场,上虞区,106,0,2024-12-09 10:50:00
604013,第二人民医院停车场,上虞区,350,26,2024-12-09 10:50:00
24032610340324759,小越历史街区停车场,上虞区,74,0,2024-12-09 10:50:00
604003,信义广场南停车场,上虞区,15,15,2024-12-09 10:50:00
604009,保驾山夜排挡停车场,上虞区,106,0,2024-12-09 10:50:00
604008,青春广场停车场,上虞区,70,0,2024-12-09 10:50:00
19120915472614497,咪网测试停车场,上虞区,97,100,2024-12-09 10:50:00
604002,梁祝大桥东桥下停车场,上虞区,95,58,2024-12-09 10:50:00
604005,人民桥下停车场,上虞区,40,0,2024-12-09 10:50:00
604004,保驾山停车场,上虞区,37,0,2024-12-09 10:50:00
604012,人民桥下2号停车场,上虞区,60,29,2024-12-09 10:50:00
604007,信义广场北停车场,上虞区,41,36,2024-12-09 10:50:00
604002,梁祝大桥东桥下停车场,上虞区,95,58,2024-12-09 10:45:00
604012,人民桥下2号停车场,上虞区,60,29,2024-12-09 10:45:00
604004,保驾山停车场,上虞区,37,0,2024-12-09 10:45:00
604006,供销社停车场,上虞区,106,0,2024-12-09 10:45:00
604003,信义广场南停车场,上虞区,15,15,2024-12-09 10:45:00
604013,第二人民医院停车场,上虞区,350,21,2024-12-09 10:45:00
24032610340324759,小越历史街区停车场,上虞区,74,0,2024-12-09 10:45:00
19120915472614497,咪网测试停车场,上虞区,97,100,2024-12-09 10:45:00
604009,保驾山夜排挡停车场,上虞区,106,0,2024-12-09 10:45:00
604005,人民桥下停车场,上虞区,40,0,2024-12-09 10:45:00
604011,雅图停车场,上虞区,60,0,2024-12-09 10:45:00
604008,青春广场停车场,上虞区,70,0,2024-12-09 10:45:00
604007,信义广场北停车场,上虞区,41,35,2024-12-09 10:45:00
604011,雅图停车场,上虞区,60,0,2024-12-09 10:40:00
604007,信义广场北停车场,上虞区,41,36,2024-12-09 10:40:00
19120915472614497,咪网测试停车场,上虞区,97,100,2024-12-09 10:40:00
604013,第二人民医院停车场,上虞区,350,11,2024-12-09 10:40:00
604009,保驾山夜排挡停车场,上虞区,106,0,2024-12-09 10:40:00
604003,信义广场南停车场,上虞区,15,15,2024-12-09 10:40:00
604012,人民桥下2号停车场,上虞区,60,30,2024-12-09 10:40:00
604004,保驾山停车场,上虞区,37,0,2024-12-09 10:40:00
604002,梁祝大桥东桥下停车场,上虞区,95,58,2024-12-09 10:40:00
604008,青春广场停车场,上虞区,70,0,2024-12-09 10:40:00
604006,供销社停车场,上虞区,106,0,2024-12-09 10:40:00
604005,人民桥下停车场,上虞区,40,0,2024-12-09 10:40:00
24032610340324759,小越历史街区停车场,上虞区,74,0,2024-12-09 10:40:00
604008,青春广场停车场,上虞区,70,0,2024-12-09 10:35:00
604005,人民桥下停车场,上虞区,40,0,2024-12-09 10:35:00
604003,信义广场南停车场,上虞区,15,15,2024-12-09 10:35:00
24032610340324759,小越历史街区停车场,上虞区,74,0,2024-12-09 10:35:00
604009,保驾山夜排挡停车场,上虞区,106,0,2024-12-09 10:35:00
19120915472614497,咪网测试停车场,上虞区,97,100,2024-12-09 10:35:00
604012,人民桥下2号停车场,上虞区,60,30,2024-12-09 10:35:00
604004,保驾山停车场,上虞区,37,0,2024-12-09 10:35:00
604002,梁祝大桥东桥下停车场,上虞区,95,58,2024-12-09 10:35:00
604006,供销社停车场,上虞区,106,0,2024-12-09 10:35:00
604007,信义广场北停车场,上虞区,41,36,2024-12-09 10:35:00
604011,雅图停车场,上虞区,60,0,2024-12-09 10:35:00
604013,第二人民医院停车场,上虞区,350,7,2024-12-09 10:35:00
19120915472614497,咪网测试停车场,上虞区,97,100,2024-12-09 10:30:00
24032610340324759,小越历史街区停车场,上虞区,74,0,2024-12-09 10:30:00
604012,人民桥下2号停车场,上虞区,60,30,2024-12-09 10:30:00
604007,信义广场北停车场,上虞区,41,36,2024-12-09 10:30:00
604011,雅图停车场,上虞区,60,0,2024-12-09 10:30:00
604004,保驾山停车场,上虞区,37,0,2024-12-09 10:30:00
604005,人民桥下停车场,上虞区,40,0,2024-12-09 10:30:00
604006,供销社停车场,上虞区,106,0,2024-12-09 10:30:00
604009,保驾山夜排挡停车场,上虞区,106,0,2024-12-09 10:30:00
604002,梁祝大桥东桥下停车场,上虞区,95,58,2024-12-09 10:30:00
604013,第二人民医院停车场,上虞区,350,2,2024-12-09 10:30:00
604003,信义广场南停车场,上虞区,15,15,2024-12-09 10:30:00
604008,青春广场停车场,上虞区,70,0,2024-12-09 10:30:00
604013,第二人民医院停车场,上虞区,350,0,2024-12-09 10:25:00
604003,信义广场南停车场,上虞区,15,15,2024-12-09 10:25:00
604007,信义广场北停车场,上虞区,41,35,2024-12-09 10:25:00
24032610340324759,小越历史街区停车场,上虞区,74,0,2024-12-09 10:25:00
604005,人民桥下停车场,上虞区,40,0,2024-12-09 10:25:00
19120915472614497,咪网测试停车场,上虞区,97,100,2024-12-09 10:25:00
604006,供销社停车场,上虞区,106,0,2024-12-09 10:25:00
604012,人民桥下2号停车场,上虞区,60,30,2024-12-09 10:25:00
604008,青春广场停车场,上虞区,70,0,2024-12-09 10:25:00
604011,雅图停车场,上虞区,60,0,2024-12-09 10:25:00
604004,保驾山停车场,上虞区,37,0,2024-12-09 10:25:00
604009,保驾山夜排挡停车场,上虞区,106,0,2024-12-09 10:25:00
604002,梁祝大桥东桥下停车场,上虞区,95,58,2024-12-09 10:25:00
604006,供销社停车场,上虞区,106,0,2024-12-09 10:20:00
604004,保驾山停车场,上虞区,37,0,2024-12-09 10:20:00
604008,青春广场停车场,上虞区,70,0,2024-12-09 10:20:00
604013,第二人民医院停车场,上虞区,350,2,2024-12-09 10:20:00
604002,梁祝大桥东桥下停车场,上虞区,95,58,2024-12-09 10:20:00
24032610340324759,小越历史街区停车场,上虞区,74,0,2024-12-09 10:20:00
604005,人民桥下停车场,上虞区,40,0,2024-12-09 10:20:00
604003,信义广场南停车场,上虞区,15,15,2024-12-09 10:20:00
604009,保驾山夜排挡停车场,上虞区,106,0,2024-12-09 10:20:00
19120915472614497,咪网测试停车场,上虞区,97,100,2024-12-09 10:20:00
604012,人民桥下2号停车场,上虞区,60,31,2024-12-09 10:20:00
604007,信义广场北停车场,上虞区,41,34,2024-12-09 10:20:00
604011,雅图停车场,上虞区,60,0,2024-12-09 10:20:00
604002,梁祝大桥东桥下停车场,上虞区,95,58,2024-12-09 10:15:00
604007,信义广场北停车场,上虞区,41,35,2024-12-09 10:15:00
604005,人民桥下停车场,上虞区,40,0,2024-12-09 10:15:00
604006,供销社停车场,上虞区,106,0,2024-12-09 10:15:00
604008,青春广场停车场,上虞区,70,0,2024-12-09 10:15:00
604003,信义广场南停车场,上虞区,15,15,2024-12-09 10:15:00
604004,保驾山停车场,上虞区,37,0,2024-12-09 10:15:00
604013,第二人民医院停车场,上虞区,350,0,2024-12-09 10:15:00
19120915472614497,咪网测试停车场,上虞区,97,100,2024-12-09 10:15:00
604011,雅图停车场,上虞区,60,0,2024-12-09 10:15:00
604009,保驾山夜排挡停车场,上虞区,106,0,2024-12-09 10:15:00
604012,人民桥下2号停车场,上虞区,60,31,2024-12-09 10:15:00
24032610340324759,小越历史街区停车场,上虞区,74,0,2024-12-09 10:15:00
604008,青春广场停车场,上虞区,70,0,2024-12-09 10:10:00
604011,雅图停车场,上虞区,60,0,2024-12-09 10:10:00
604013,第二人民医院停车场,上虞区,350,0,2024-12-09 10:10:00
604005,人民桥下停车场,上虞区,40,0,2024-12-09 10:10:00
604009,保驾山夜排挡停车场,上虞区,106,0,2024-12-09 10:10:00
19120915472614497,咪网测试停车场,上虞区,97,100,2024-12-09 10:10:00
604003,信义广场南停车场,上虞区,15,15,2024-12-09 10:10:00
24032610340324759,小越历史街区停车场,上虞区,74,0,2024-12-09 10:10:00
604012,人民桥下2号停车场,上虞区,60,31,2024-12-09 10:10:00
604004,保驾山停车场,上虞区,37,0,2024-12-09 10:10:00
604002,梁祝大桥东桥下停车场,上虞区,95,58,2024-12-09 10:10:00
604006,供销社停车场,上虞区,106,0,2024-12-09 10:10:00
604007,信义广场北停车场,上虞区,41,35,2024-12-09 10:10:00
604012,人民桥下2号停车场,上虞区,60,31,2024-12-09 10:05:00
604003,信义广场南停车场,上虞区,15,15,2024-12-09 10:05:00
604006,供销社停车场,上虞区,106,0,2024-12-09 10:05:00
604004,保驾山停车场,上虞区,37,0,2024-12-09 10:05:00
604002,梁祝大桥东桥下停车场,上虞区,95,58,2024-12-09 10:05:00
604005,人民桥下停车场,上虞区,40,0,2024-12-09 10:05:00
604009,保驾山夜排挡停车场,上虞区,106,0,2024-12-09 10:05:00
19120915472614497,咪网测试停车场,上虞区,97,100,2024-12-09 10:05:00
24032610340324759,小越历史街区停车场,上虞区,74,0,2024-12-09 10:05:00
604008,青春广场停车场,上虞区,70,0,2024-12-09 10:05:00
604011,雅图停车场,上虞区,60,0,2024-12-09 10:05:00
604007,信义广场北停车场,上虞区,41,36,2024-12-09 10:05:00
604013,第二人民医院停车场,上虞区,350,0,2024-12-09 10:05:00
604005,人民桥下停车场,上虞区,40,0,2024-12-09 10:00:00
24032610340324759,小越历史街区停车场,上虞区,74,0,2024-12-09 10:00:00
604012,人民桥下2号停车场,上虞区,60,31,2024-12-09 10:00:00
604004,保驾山停车场,上虞区,37,0,2024-12-09 10:00:00
604013,第二人民医院停车场,上虞区,350,0,2024-12-09 10:00:00
604002,梁祝大桥东桥下停车场,上虞区,95,57,2024-12-09 10:00:00
19120915472614497,咪网测试停车场,上虞区,97,100,2024-12-09 10:00:00
604007,信义广场北停车场,上虞区,41,37,2024-12-09 10:00:00
604008,青春广场停车场,上虞区,70,0,2024-12-09 10:00:00
604011,雅图停车场,上虞区,60,0,2024-12-09 10:00:00
604003,信义广场南停车场,上虞区,15,15,2024-12-09 10:00:00
604006,供销社停车场,上虞区,106,0,2024-12-09 10:00:00
604009,保驾山夜排挡停车场,上虞区,106,0,2024-12-09 10:00:00
604005,人民桥下停车场,上虞区,40,0,2024-12-09 09:55:00
604012,人民桥下2号停车场,上虞区,60,31,2024-12-09 09:55:00
604006,供销社停车场,上虞区,106,0,2024-12-09 09:55:00
604009,保驾山夜排挡停车场,上虞区,106,0,2024-12-09 09:55:00
604013,第二人民医院停车场,上虞区,350,0,2024-12-09 09:55:00
24032610340324759,小越历史街区停车场,上虞区,74,0,2024-12-09 09:55:00
604004,保驾山停车场,上虞区,37,0,2024-12-09 09:55:00
604008,青春广场停车场,上虞区,70,0,2024-12-09 09:55:00
604003,信义广场南停车场,上虞区,15,15,2024-12-09 09:55:00
604011,雅图停车场,上虞区,60,0,2024-12-09 09:55:00
19120915472614497,咪网测试停车场,上虞区,97,100,2024-12-09 09:55:00
604007,信义广场北停车场,上虞区,41,37,2024-12-09 09:55:00
604002,梁祝大桥东桥下停车场,上虞区,95,57,2024-12-09 09:55:00
604007,信义广场北停车场,上虞区,41,37,2024-12-09 09:50:00
604004,保驾山停车场,上虞区,37,0,2024-12-09 09:50:00
604011,雅图停车场,上虞区,60,0,2024-12-09 09:50:00
604008,青春广场停车场,上虞区,70,0,2024-12-09 09:50:00
604009,保驾山夜排挡停车场,上虞区,106,0,2024-12-09 09:50:00
604005,人民桥下停车场,上虞区,40,0,2024-12-09 09:50:00
19120915472614497,咪网测试停车场,上虞区,97,100,2024-12-09 09:50:00
604012,人民桥下2号停车场,上虞区,60,31,2024-12-09 09:50:00
24032610340324759,小越历史街区停车场,上虞区,74,0,2024-12-09 09:50:00
604013,第二人民医院停车场,上虞区,350,0,2024-12-09 09:50:00
604003,信义广场南停车场,上虞区,15,15,2024-12-09 09:50:00
604006,供销社停车场,上虞区,106,0,2024-12-09 09:50:00
604002,梁祝大桥东桥下停车场,上虞区,95,57,2024-12-09 09:50:00
604013,第二人民医院停车场,上虞区,350,0,2024-12-09 09:45:00
604012,人民桥下2号停车场,上虞区,60,31,2024-12-09 09:45:00
24032610340324759,小越历史街区停车场,上虞区,74,0,2024-12-09 09:45:00
604005,人民桥下停车场,上虞区,40,0,2024-12-09 09:45:00
604011,雅图停车场,上虞区,60,0,2024-12-09 09:45:00
604007,信义广场北停车场,上虞区,41,37,2024-12-09 09:45:00
604008,青春广场停车场,上虞区,70,0,2024-12-09 09:45:00
604002,梁祝大桥东桥下停车场,上虞区,95,57,2024-12-09 09:45:00
604003,信义广场南停车场,上虞区,15,15,2024-12-09 09:45:00
604009,保驾山夜排挡停车场,上虞区,106,0,2024-12-09 09:45:00
19120915472614497,咪网测试停车场,上虞区,97,100,2024-12-09 09:45:00
604006,供销社停车场,上虞区,106,0,2024-12-09 09:45:00
604004,保驾山停车场,上虞区,37,0,2024-12-09 09:45:00
24032610340324759,小越历史街区停车场,上虞区,74,0,2024-12-09 09:40:00
604003,信义广场南停车场,上虞区,15,15,2024-12-09 09:40:00
604006,供销社停车场,上虞区,106,0,2024-12-09 09:40:00
604012,人民桥下2号停车场,上虞区,60,31,2024-12-09 09:40:00
604011,雅图停车场,上虞区,60,0,2024-12-09 09:40:00
604009,保驾山夜排挡停车场,上虞区,106,0,2024-12-09 09:40:00
604008,青春广场停车场,上虞区,70,0,2024-12-09 09:40:00
604005,人民桥下停车场,上虞区,40,0,2024-12-09 09:40:00
604013,第二人民医院停车场,上虞区,350,0,2024-12-09 09:40:00
604007,信义广场北停车场,上虞区,41,37,2024-12-09 09:40:00
19120915472614497,咪网测试停车场,上虞区,97,100,2024-12-09 09:40:00
604002,梁祝大桥东桥下停车场,上虞区,95,57,2024-12-09 09:40:00
604004,保驾山停车场,上虞区,37,0,2024-12-09 09:40:00
604008,青春广场停车场,上虞区,70,0,2024-12-09 09:35:00
604012,人民桥下2号停车场,上虞区,60,31,2024-12-09 09:35:00
604007,信义广场北停车场,上虞区,41,37,2024-12-09 09:35:00
604002,梁祝大桥东桥下停车场,上虞区,95,58,2024-12-09 09:35:00
604006,供销社停车场,上虞区,106,0,2024-12-09 09:35:00
604005,人民桥下停车场,上虞区,40,0,2024-12-09 09:35:00
604004,保驾山停车场,上虞区,37,0,2024-12-09 09:35:00
604011,雅图停车场,上虞区,60,0,2024-12-09 09:35:00
604003,信义广场南停车场,上虞区,15,15,2024-12-09 09:35:00
19120915472614497,咪网测试停车场,上虞区,97,100,2024-12-09 09:35:00
604009,保驾山夜排挡停车场,上虞区,106,0,2024-12-09 09:35:00
604013,第二人民医院停车场,上虞区,350,0,2024-12-09 09:35:00
24032610340324759,小越历史街区停车场,上虞区,74,0,2024-12-09 09:35:00
604012,人民桥下2号停车场,上虞区,60,31,2024-12-09 09:30:00
604009,保驾山夜排挡停车场,上虞区,106,0,2024-12-09 09:30:00
604011,雅图停车场,上虞区,60,0,2024-12-09 09:30:00
604005,人民桥下停车场,上虞区,40,0,2024-12-09 09:30:00
24032610340324759,小越历史街区停车场,上虞区,74,0,2024-12-09 09:30:00
604008,青春广场停车场,上虞区,70,0,2024-12-09 09:30:00
604003,信义广场南停车场,上虞区,15,15,2024-12-09 09:30:00
19120915472614497,咪网测试停车场,上虞区,97,100,2024-12-09 09:30:00
604002,梁祝大桥东桥下停车场,上虞区,95,57,2024-12-09 09:30:00
604006,供销社停车场,上虞区,106,0,2024-12-09 09:30:00
604007,信义广场北停车场,上虞区,41,37,2024-12-09 09:30:00
604004,保驾山停车场,上虞区,37,0,2024-12-09 09:30:00
604013,第二人民医院停车场,上虞区,350,0,2024-12-09 09:30:00
604007,信义广场北停车场,上虞区,41,37,2024-12-09 09:25:00
604004,保驾山停车场,上虞区,37,0,2024-12-09 09:25:00
604002,梁祝大桥东桥下停车场,上虞区,95,58,2024-12-09 09:25:00
604003,信义广场南停车场,上虞区,15,15,2024-12-09 09:25:00
604006,供销社停车场,上虞区,106,0,2024-12-09 09:25:00
604012,人民桥下2号停车场,上虞区,60,31,2024-12-09 09:25:00
604008,青春广场停车场,上虞区,70,0,2024-12-09 09:25:00
604011,雅图停车场,上虞区,60,0,2024-12-09 09:25:00
19120915472614497,咪网测试停车场,上虞区,97,100,2024-12-09 09:25:00
604013,第二人民医院停车场,上虞区,350,0,2024-12-09 09:25:00
604005,人民桥下停车场,上虞区,40,0,2024-12-09 09:25:00
24032610340324759,小越历史街区停车场,上虞区,74,0,2024-12-09 09:25:00
604009,保驾山夜排挡停车场,上虞区,106,0,2024-12-09 09:25:00
604011,雅图停车场,上虞区,60,0,2024-12-09 09:20:00
604012,人民桥下2号停车场,上虞区,60,31,2024-12-09 09:20:00
604004,保驾山停车场,上虞区,37,0,2024-12-09 09:20:00
604006,供销社停车场,上虞区,106,0,2024-12-09 09:20:00
604009,保驾山夜排挡停车场,上虞区,106,0,2024-12-09 09:20:00
604005,人民桥下停车场,上虞区,40,0,2024-12-09 09:20:00
604008,青春广场停车场,上虞区,70,0,2024-12-09 09:20:00
604002,梁祝大桥东桥下停车场,上虞区,95,58,2024-12-09 09:20:00
604003,信义广场南停车场,上虞区,15,15,2024-12-09 09:20:00
24032610340324759,小越历史街区停车场,上虞区,74,0,2024-12-09 09:20:00
604007,信义广场北停车场,上虞区,41,38,2024-12-09 09:20:00
604013,第二人民医院停车场,上虞区,350,0,2024-12-09 09:20:00
19120915472614497,咪网测试停车场,上虞区,97,100,2024-12-09 09:20:00
604009,保驾山夜排挡停车场,上虞区,106,0,2024-12-09 09:15:00
604011,雅图停车场,上虞区,60,0,2024-12-09 09:15:00
604004,保驾山停车场,上虞区,37,0,2024-12-09 09:15:00
604013,第二人民医院停车场,上虞区,350,0,2024-12-09 09:15:00
604005,人民桥下停车场,上虞区,40,0,2024-12-09 09:15:00
604003,信义广场南停车场,上虞区,15,15,2024-12-09 09:15:00
604008,青春广场停车场,上虞区,70,0,2024-12-09 09:15:00
24032610340324759,小越历史街区停车场,上虞区,74,0,2024-12-09 09:15:00
604007,信义广场北停车场,上虞区,41,38,2024-12-09 09:15:00
604012,人民桥下2号停车场,上虞区,60,31,2024-12-09 09:15:00
604002,梁祝大桥东桥下停车场,上虞区,95,58,2024-12-09 09:15:00
19120915472614497,咪网测试停车场,上虞区,97,100,2024-12-09 09:15:00
604006,供销社停车场,上虞区,106,0,2024-12-09 09:15:00
604004,保驾山停车场,上虞区,37,0,2024-12-09 09:10:00
604009,保驾山夜排挡停车场,上虞区,106,0,2024-12-09 09:10:00
19120915472614497,咪网测试停车场,上虞区,97,100,2024-12-09 09:10:00
604006,供销社停车场,上虞区,106,0,2024-12-09 09:10:00
604007,信义广场北停车场,上虞区,41,38,2024-12-09 09:10:00
604003,信义广场南停车场,上虞区,15,15,2024-12-09 09:10:00
604005,人民桥下停车场,上虞区,40,0,2024-12-09 09:10:00
604012,人民桥下2号停车场,上虞区,60,31,2024-12-09 09:10:00
604002,梁祝大桥东桥下停车场,上虞区,95,58,2024-12-09 09:10:00
604008,青春广场停车场,上虞区,70,0,2024-12-09 09:10:00
604011,雅图停车场,上虞区,60,0,2024-12-09 09:10:00
604013,第二人民医院停车场,上虞区,350,0,2024-12-09 09:10:00
24032610340324759,小越历史街区停车场,上虞区,74,0,2024-12-09 09:10:00
24032610340324759,小越历史街区停车场,上虞区,74,0,2024-12-09 09:05:00
604005,人民桥下停车场,上虞区,40,0,2024-12-09 09:05:00
604006,供销社停车场,上虞区,106,0,2024-12-09 09:05:00
604002,梁祝大桥东桥下停车场,上虞区,95,58,2024-12-09 09:05:00
604004,保驾山停车场,上虞区,37,0,2024-12-09 09:05:00
604013,第二人民医院停车场,上虞区,350,0,2024-12-09 09:05:00
604003,信义广场南停车场,上虞区,15,15,2024-12-09 09:05:00
604011,雅图停车场,上虞区,60,0,2024-12-09 09:05:00
604012,人民桥下2号停车场,上虞区,60,31,2024-12-09 09:05:00
604008,青春广场停车场,上虞区,70,0,2024-12-09 09:05:00
604009,保驾山夜排挡停车场,上虞区,106,0,2024-12-09 09:05:00
604007,信义广场北停车场,上虞区,41,38,2024-12-09 09:05:00
19120915472614497,咪网测试停车场,上虞区,97,100,2024-12-09 09:05:00
24032610340324759,小越历史街区停车场,上虞区,74,0,2024-12-09 09:00:00
604009,保驾山夜排挡停车场,上虞区,106,0,2024-12-09 09:00:00
19120915472614497,咪网测试停车场,上虞区,97,100,2024-12-09 09:00:00
604002,梁祝大桥东桥下停车场,上虞区,95,58,2024-12-09 09:00:00
604011,雅图停车场,上虞区,60,0,2024-12-09 09:00:00
604013,第二人民医院停车场,上虞区,350,0,2024-12-09 09:00:00
604005,人民桥下停车场,上虞区,40,0,2024-12-09 09:00:00
604004,保驾山停车场,上虞区,37,0,2024-12-09 09:00:00
604003,信义广场南停车场,上虞区,15,15,2024-12-09 09:00:00
604008,青春广场停车场,上虞区,70,0,2024-12-09 09:00:00
604012,人民桥下2号停车场,上虞区,60,31,2024-12-09 09:00:00
604006,供销社停车场,上虞区,106,0,2024-12-09 09:00:00
604007,信义广场北停车场,上虞区,41,38,2024-12-09 09:00:00
604005,人民桥下停车场,上虞区,40,0,2024-12-09 08:55:00
604002,梁祝大桥东桥下停车场,上虞区,95,58,2024-12-09 08:55:00
604008,青春广场停车场,上虞区,70,0,2024-12-09 08:55:00
604006,供销社停车场,上虞区,106,0,2024-12-09 08:55:00
19120915472614497,咪网测试停车场,上虞区,97,100,2024-12-09 08:55:00
604004,保驾山停车场,上虞区,37,0,2024-12-09 08:55:00
24032610340324759,小越历史街区停车场,上虞区,74,0,2024-12-09 08:55:00
604003,信义广场南停车场,上虞区,15,15,2024-12-09 08:55:00
604012,人民桥下2号停车场,上虞区,60,31,2024-12-09 08:55:00
604013,第二人民医院停车场,上虞区,350,0,2024-12-09 08:55:00
604009,保驾山夜排挡停车场,上虞区,106,0,2024-12-09 08:55:00
604011,雅图停车场,上虞区,60,0,2024-12-09 08:55:00
604007,信义广场北停车场,上虞区,41,38,2024-12-09 08:55:00
604008,青春广场停车场,上虞区,70,0,2024-12-09 08:50:00
24032610340324759,小越历史街区停车场,上虞区,74,0,2024-12-09 08:50:00
604003,信义广场南停车场,上虞区,15,15,2024-12-09 08:50:00
604011,雅图停车场,上虞区,60,0,2024-12-09 08:50:00
604005,人民桥下停车场,上虞区,40,0,2024-12-09 08:50:00
604012,人民桥下2号停车场,上虞区,60,31,2024-12-09 08:50:00
604002,梁祝大桥东桥下停车场,上虞区,95,58,2024-12-09 08:50:00
604007,信义广场北停车场,上虞区,41,38,2024-12-09 08:50:00
604004,保驾山停车场,上虞区,37,0,2024-12-09 08:50:00
604013,第二人民医院停车场,上虞区,350,0,2024-12-09 08:50:00
604009,保驾山夜排挡停车场,上虞区,106,0,2024-12-09 08:50:00
604006,供销社停车场,上虞区,106,0,2024-12-09 08:50:00
19120915472614497,咪网测试停车场,上虞区,97,100,2024-12-09 08:50:00
24032610340324759,小越历史街区停车场,上虞区,74,0,2024-12-09 08:45:00
604008,青春广场停车场,上虞区,70,0,2024-12-09 08:45:00
604012,人民桥下2号停车场,上虞区,60,31,2024-12-09 08:45:00
604004,保驾山停车场,上虞区,37,0,2024-12-09 08:45:00
604011,雅图停车场,上虞区,60,0,2024-12-09 08:45:00
604013,第二人民医院停车场,上虞区,350,1,2024-12-09 08:45:00
604003,信义广场南停车场,上虞区,15,15,2024-12-09 08:45:00
604005,人民桥下停车场,上虞区,40,0,2024-12-09 08:45:00
604007,信义广场北停车场,上虞区,41,38,2024-12-09 08:45:00
604009,保驾山夜排挡停车场,上虞区,106,0,2024-12-09 08:45:00
19120915472614497,咪网测试停车场,上虞区,97,100,2024-12-09 08:45:00
604006,供销社停车场,上虞区,106,0,2024-12-09 08:45:00
604002,梁祝大桥东桥下停车场,上虞区,95,58,2024-12-09 08:45:00
604007,信义广场北停车场,上虞区,41,38,2024-12-09 08:40:00
604011,雅图停车场,上虞区,60,0,2024-12-09 08:40:00
604013,第二人民医院停车场,上虞区,350,0,2024-12-09 08:40:00
604002,梁祝大桥东桥下停车场,上虞区,95,57,2024-12-09 08:40:00
604003,信义广场南停车场,上虞区,15,15,2024-12-09 08:40:00
604008,青春广场停车场,上虞区,70,0,2024-12-09 08:40:00
604006,供销社停车场,上虞区,106,0,2024-12-09 08:40:00
604009,保驾山夜排挡停车场,上虞区,106,0,2024-12-09 08:40:00
604012,人民桥下2号停车场,上虞区,60,31,2024-12-09 08:40:00
604004,保驾山停车场,上虞区,37,0,2024-12-09 08:40:00
24032610340324759,小越历史街区停车场,上虞区,74,0,2024-12-09 08:40:00
604005,人民桥下停车场,上虞区,40,0,2024-12-09 08:40:00
19120915472614497,咪网测试停车场,上虞区,97,100,2024-12-09 08:40:00
19120915472614497,咪网测试停车场,上虞区,97,100,2024-12-09 08:35:00
604008,青春广场停车场,上虞区,70,0,2024-12-09 08:35:00
24032610340324759,小越历史街区停车场,上虞区,74,0,2024-12-09 08:35:00
604003,信义广场南停车场,上虞区,15,15,2024-12-09 08:35:00
604004,保驾山停车场,上虞区,37,0,2024-12-09 08:35:00
604002,梁祝大桥东桥下停车场,上虞区,95,57,2024-12-09 08:35:00
604013,第二人民医院停车场,上虞区,350,10,2024-12-09 08:35:00
604006,供销社停车场,上虞区,106,0,2024-12-09 08:35:00
604007,信义广场北停车场,上虞区,41,38,2024-12-09 08:35:00
604005,人民桥下停车场,上虞区,40,0,2024-12-09 08:35:00
604012,人民桥下2号停车场,上虞区,60,31,2024-12-09 08:35:00
604011,雅图停车场,上虞区,60,0,2024-12-09 08:35:00
604009,保驾山夜排挡停车场,上虞区,106,0,2024-12-09 08:35:00
604004,保驾山停车场,上虞区,37,0,2024-12-09 08:30:00
604007,信义广场北停车场,上虞区,41,38,2024-12-09 08:30:00
604012,人民桥下2号停车场,上虞区,60,32,2024-12-09 08:30:00
604002,梁祝大桥东桥下停车场,上虞区,95,57,2024-12-09 08:30:00
604008,青春广场停车场,上虞区,70,0,2024-12-09 08:30:00
604003,信义广场南停车场,上虞区,15,15,2024-12-09 08:30:00
604005,人民桥下停车场,上虞区,40,0,2024-12-09 08:30:00
604006,供销社停车场,上虞区,106,0,2024-12-09 08:30:00
19120915472614497,咪网测试停车场,上虞区,97,100,2024-12-09 08:30:00
604009,保驾山夜排挡停车场,上虞区,106,0,2024-12-09 08:30:00
24032610340324759,小越历史街区停车场,上虞区,74,0,2024-12-09 08:30:00
604013,第二人民医院停车场,上虞区,350,13,2024-12-09 08:30:00
604011,雅图停车场,上虞区,60,4,2024-12-09 08:30:00
604004,保驾山停车场,上虞区,37,0,2024-12-09 08:25:00
604006,供销社停车场,上虞区,106,0,2024-12-09 08:25:00
19120915472614497,咪网测试停车场,上虞区,97,100,2024-12-09 08:25:00
604003,信义广场南停车场,上虞区,15,15,2024-12-09 08:25:00
604008,青春广场停车场,上虞区,70,0,2024-12-09 08:25:00
604002,梁祝大桥东桥下停车场,上虞区,95,58,2024-12-09 08:25:00
604011,雅图停车场,上虞区,60,4,2024-12-09 08:25:00
604007,信义广场北停车场,上虞区,41,38,2024-12-09 08:25:00
604005,人民桥下停车场,上虞区,40,0,2024-12-09 08:25:00
604013,第二人民医院停车场,上虞区,350,24,2024-12-09 08:25:00
604009,保驾山夜排挡停车场,上虞区,106,0,2024-12-09 08:25:00
24032610340324759,小越历史街区停车场,上虞区,74,0,2024-12-09 08:25:00
604012,人民桥下2号停车场,上虞区,60,33,2024-12-09 08:25:00
604004,保驾山停车场,上虞区,37,0,2024-12-09 08:20:00
604012,人民桥下2号停车场,上虞区,60,34,2024-12-09 08:20:00
19120915472614497,咪网测试停车场,上虞区,97,100,2024-12-09 08:20:00
604003,信义广场南停车场,上虞区,15,15,2024-12-09 08:20:00
604002,梁祝大桥东桥下停车场,上虞区,95,59,2024-12-09 08:20:00
24032610340324759,小越历史街区停车场,上虞区,74,0,2024-12-09 08:20:00
604005,人民桥下停车场,上虞区,40,0,2024-12-09 08:20:00
604006,供销社停车场,上虞区,106,0,2024-12-09 08:20:00
604009,保驾山夜排挡停车场,上虞区,106,0,2024-12-09 08:20:00
604011,雅图停车场,上虞区,60,7,2024-12-09 08:20:00
604013,第二人民医院停车场,上虞区,350,36,2024-12-09 08:20:00
604007,信义广场北停车场,上虞区,41,38,2024-12-09 08:20:00
604008,青春广场停车场,上虞区,70,0,2024-12-09 08:20:00
604007,信义广场北停车场,上虞区,41,38,2024-12-09 08:15:00
604006,供销社停车场,上虞区,106,0,2024-12-09 08:15:00
604008,青春广场停车场,上虞区,70,0,2024-12-09 08:15:00
604003,信义广场南停车场,上虞区,15,15,2024-12-09 08:15:00
604011,雅图停车场,上虞区,60,7,2024-12-09 08:15:00
604009,保驾山夜排挡停车场,上虞区,106,0,2024-12-09 08:15:00
19120915472614497,咪网测试停车场,上虞区,97,100,2024-12-09 08:15:00
604002,梁祝大桥东桥下停车场,上虞区,95,59,2024-12-09 08:15:00
604013,第二人民医院停车场,上虞区,350,39,2024-12-09 08:15:00
24032610340324759,小越历史街区停车场,上虞区,74,0,2024-12-09 08:15:00
604012,人民桥下2号停车场,上虞区,60,34,2024-12-09 08:15:00
604004,保驾山停车场,上虞区,37,0,2024-12-09 08:15:00
604005,人民桥下停车场,上虞区,40,0,2024-12-09 08:15:00
604004,保驾山停车场,上虞区,37,0,2024-12-09 08:10:00
24032610340324759,小越历史街区停车场,上虞区,74,0,2024-12-09 08:10:00
19120915472614497,咪网测试停车场,上虞区,97,100,2024-12-09 08:10:00
604003,信义广场南停车场,上虞区,15,15,2024-12-09 08:10:00
604005,人民桥下停车场,上虞区,40,0,2024-12-09 08:10:00
604013,第二人民医院停车场,上虞区,350,47,2024-12-09 08:10:00
604002,梁祝大桥东桥下停车场,上虞区,95,59,2024-12-09 08:10:00
604008,青春广场停车场,上虞区,70,0,2024-12-09 08:10:00
604011,雅图停车场,上虞区,60,7,2024-12-09 08:10:00
604012,人民桥下2号停车场,上虞区,60,34,2024-12-09 08:10:00
604009,保驾山夜排挡停车场,上虞区,106,0,2024-12-09 08:10:00
604007,信义广场北停车场,上虞区,41,37,2024-12-09 08:10:00
604006,供销社停车场,上虞区,106,0,2024-12-09 08:10:00
604013,第二人民医院停车场,上虞区,350,55,2024-12-09 08:05:00
604002,梁祝大桥东桥下停车场,上虞区,95,59,2024-12-09 08:05:00
604004,保驾山停车场,上虞区,37,0,2024-12-09 08:05:00
19120915472614497,咪网测试停车场,上虞区,97,100,2024-12-09 08:05:00
604006,供销社停车场,上虞区,106,0,2024-12-09 08:05:00
604009,保驾山夜排挡停车场,上虞区,106,0,2024-12-09 08:05:00
604007,信义广场北停车场,上虞区,41,37,2024-12-09 08:05:00
604005,人民桥下停车场,上虞区,40,0,2024-12-09 08:05:00
604011,雅图停车场,上虞区,60,7,2024-12-09 08:05:00
604012,人民桥下2号停车场,上虞区,60,34,2024-12-09 08:05:00
604003,信义广场南停车场,上虞区,15,15,2024-12-09 08:05:00
24032610340324759,小越历史街区停车场,上虞区,74,0,2024-12-09 08:05:00
604008,青春广场停车场,上虞区,70,0,2024-12-09 08:05:00
604012,人民桥下2号停车场,上虞区,60,34,2024-12-09 08:00:00
604008,青春广场停车场,上虞区,70,0,2024-12-09 08:00:00
604013,第二人民医院停车场,上虞区,350,73,2024-12-09 08:00:00
604005,人民桥下停车场,上虞区,40,0,2024-12-09 08:00:00
24032610340324759,小越历史街区停车场,上虞区,74,0,2024-12-09 08:00:00
604002,梁祝大桥东桥下停车场,上虞区,95,59,2024-12-09 08:00:00
19120915472614497,咪网测试停车场,上虞区,97,100,2024-12-09 08:00:00
604011,雅图停车场,上虞区,60,6,2024-12-09 08:00:00
604003,信义广场南停车场,上虞区,15,15,2024-12-09 08:00:00
604007,信义广场北停车场,上虞区,41,38,2024-12-09 08:00:00
604009,保驾山夜排挡停车场,上虞区,106,0,2024-12-09 08:00:00
604004,保驾山停车场,上虞区,37,0,2024-12-09 08:00:00
604006,供销社停车场,上虞区,106,0,2024-12-09 08:00:00
19120915472614497,咪网测试停车场,上虞区,97,100,2024-12-09 07:55:00
604005,人民桥下停车场,上虞区,40,0,2024-12-09 07:55:00
604007,信义广场北停车场,上虞区,41,38,2024-12-09 07:55:00
604012,人民桥下2号停车场,上虞区,60,34,2024-12-09 07:55:00
24032610340324759,小越历史街区停车场,上虞区,74,0,2024-12-09 07:55:00
604004,保驾山停车场,上虞区,37,0,2024-12-09 07:55:00
604002,梁祝大桥东桥下停车场,上虞区,95,59,2024-12-09 07:55:00
604011,雅图停车场,上虞区,60,6,2024-12-09 07:55:00
604009,保驾山夜排挡停车场,上虞区,106,0,2024-12-09 07:55:00
604013,第二人民医院停车场,上虞区,350,102,2024-12-09 07:55:00
604008,青春广场停车场,上虞区,70,0,2024-12-09 07:55:00
604006,供销社停车场,上虞区,106,0,2024-12-09 07:55:00
604003,信义广场南停车场,上虞区,15,15,2024-12-09 07:55:00
604007,信义广场北停车场,上虞区,41,38,2024-12-09 07:50:00
604003,信义广场南停车场,上虞区,15,15,2024-12-09 07:50:00
604011,雅图停车场,上虞区,60,7,2024-12-09 07:50:00
604013,第二人民医院停车场,上虞区,350,139,2024-12-09 07:50:00
604008,青春广场停车场,上虞区,70,0,2024-12-09 07:50:00
604004,保驾山停车场,上虞区,37,0,2024-12-09 07:50:00
604012,人民桥下2号停车场,上虞区,60,34,2024-12-09 07:50:00
19120915472614497,咪网测试停车场,上虞区,97,100,2024-12-09 07:50:00
24032610340324759,小越历史街区停车场,上虞区,74,0,2024-12-09 07:50:00
604006,供销社停车场,上虞区,106,0,2024-12-09 07:50:00
604002,梁祝大桥东桥下停车场,上虞区,95,59,2024-12-09 07:50:00
604005,人民桥下停车场,上虞区,40,0,2024-12-09 07:50:00
604009,保驾山夜排挡停车场,上虞区,106,0,2024-12-09 07:50:00
604003,信义广场南停车场,上虞区,15,15,2024-12-09 07:45:00
24032610340324759,小越历史街区停车场,上虞区,74,0,2024-12-09 07:45:00
604009,保驾山夜排挡停车场,上虞区,106,0,2024-12-09 07:45:00
604004,保驾山停车场,上虞区,37,0,2024-12-09 07:45:00
604008,青春广场停车场,上虞区,70,0,2024-12-09 07:45:00
604002,梁祝大桥东桥下停车场,上虞区,95,59,2024-12-09 07:45:00
604006,供销社停车场,上虞区,106,0,2024-12-09 07:45:00
604005,人民桥下停车场,上虞区,40,0,2024-12-09 07:45:00
604012,人民桥下2号停车场,上虞区,60,33,2024-12-09 07:45:00
604007,信义广场北停车场,上虞区,41,38,2024-12-09 07:45:00
604011,雅图停车场,上虞区,60,8,2024-12-09 07:45:00
604013,第二人民医院停车场,上虞区,350,169,2024-12-09 07:45:00
19120915472614497,咪网测试停车场,上虞区,97,100,2024-12-09 07:45:00
19120915472614497,咪网测试停车场,上虞区,97,100,2024-12-09 07:40:00
604009,保驾山夜排挡停车场,上虞区,106,0,2024-12-09 07:40:00
604002,梁祝大桥东桥下停车场,上虞区,95,59,2024-12-09 07:40:00
604013,第二人民医院停车场,上虞区,350,194,2024-12-09 07:40:00
604008,青春广场停车场,上虞区,70,0,2024-12-09 07:40:00
604005,人民桥下停车场,上虞区,40,0,2024-12-09 07:40:00
604003,信义广场南停车场,上虞区,15,15,2024-12-09 07:40:00
604011,雅图停车场,上虞区,60,8,2024-12-09 07:40:00
604012,人民桥下2号停车场,上虞区,60,33,2024-12-09 07:40:00
604007,信义广场北停车场,上虞区,41,38,2024-12-09 07:40:00
604004,保驾山停车场,上虞区,37,0,2024-12-09 07:40:00
604006,供销社停车场,上虞区,106,0,2024-12-09 07:40:00
24032610340324759,小越历史街区停车场,上虞区,74,0,2024-12-09 07:40:00
604011,雅图停车场,上虞区,60,8,2024-12-09 07:35:00
604007,信义广场北停车场,上虞区,41,36,2024-12-09 07:35:00
19120915472614497,咪网测试停车场,上虞区,97,100,2024-12-09 07:35:00
604012,人民桥下2号停车场,上虞区,60,33,2024-12-09 07:35:00
604002,梁祝大桥东桥下停车场,上虞区,95,59,2024-12-09 07:35:00
604003,信义广场南停车场,上虞区,15,15,2024-12-09 07:35:00
604013,第二人民医院停车场,上虞区,350,217,2024-12-09 07:35:00
604005,人民桥下停车场,上虞区,40,0,2024-12-09 07:35:00
24032610340324759,小越历史街区停车场,上虞区,74,0,2024-12-09 07:35:00
604006,供销社停车场,上虞区,106,0,2024-12-09 07:35:00
604008,青春广场停车场,上虞区,70,0,2024-12-09 07:35:00
604009,保驾山夜排挡停车场,上虞区,106,0,2024-12-09 07:35:00
604004,保驾山停车场,上虞区,37,0,2024-12-09 07:35:00
604006,供销社停车场,上虞区,106,0,2024-12-09 07:30:00
604003,信义广场南停车场,上虞区,15,15,2024-12-09 07:30:00
604008,青春广场停车场,上虞区,70,0,2024-12-09 07:30:00
604012,人民桥下2号停车场,上虞区,60,33,2024-12-09 07:30:00
604002,梁祝大桥东桥下停车场,上虞区,95,59,2024-12-09 07:30:00
604011,雅图停车场,上虞区,60,7,2024-12-09 07:30:00
604007,信义广场北停车场,上虞区,41,35,2024-12-09 07:30:00
24032610340324759,小越历史街区停车场,上虞区,74,0,2024-12-09 07:30:00
604009,保驾山夜排挡停车场,上虞区,106,0,2024-12-09 07:30:00
604005,人民桥下停车场,上虞区,40,0,2024-12-09 07:30:00
604013,第二人民医院停车场,上虞区,350,231,2024-12-09 07:30:00
19120915472614497,咪网测试停车场,上虞区,97,100,2024-12-09 07:30:00
604004,保驾山停车场,上虞区,37,0,2024-12-09 07:30:00
604011,雅图停车场,上虞区,60,6,2024-12-09 07:25:00
604003,信义广场南停车场,上虞区,15,15,2024-12-09 07:25:00
604005,人民桥下停车场,上虞区,40,0,2024-12-09 07:25:00
604008,青春广场停车场,上虞区,70,0,2024-12-09 07:25:00
604006,供销社停车场,上虞区,106,0,2024-12-09 07:25:00
604007,信义广场北停车场,上虞区,41,35,2024-12-09 07:25:00
604012,人民桥下2号停车场,上虞区,60,33,2024-12-09 07:25:00
19120915472614497,咪网测试停车场,上虞区,97,100,2024-12-09 07:25:00
24032610340324759,小越历史街区停车场,上虞区,74,0,2024-12-09 07:25:00
604009,保驾山夜排挡停车场,上虞区,106,0,2024-12-09 07:25:00
604002,梁祝大桥东桥下停车场,上虞区,95,58,2024-12-09 07:25:00
604004,保驾山停车场,上虞区,37,0,2024-12-09 07:25:00
604013,第二人民医院停车场,上虞区,350,253,2024-12-09 07:25:00
604004,保驾山停车场,上虞区,37,0,2024-12-09 07:20:00
604005,人民桥下停车场,上虞区,40,0,2024-12-09 07:20:00
604007,信义广场北停车场,上虞区,41,35,2024-12-09 07:20:00
604003,信义广场南停车场,上虞区,15,15,2024-12-09 07:20:00
604002,梁祝大桥东桥下停车场,上虞区,95,58,2024-12-09 07:20:00
604012,人民桥下2号停车场,上虞区,60,33,2024-12-09 07:20:00
604011,雅图停车场,上虞区,60,6,2024-12-09 07:20:00
604013,第二人民医院停车场,上虞区,350,270,2024-12-09 07:20:00
604006,供销社停车场,上虞区,106,0,2024-12-09 07:20:00
604009,保驾山夜排挡停车场,上虞区,106,0,2024-12-09 07:20:00
24032610340324759,小越历史街区停车场,上虞区,74,0,2024-12-09 07:20:00
19120915472614497,咪网测试停车场,上虞区,97,100,2024-12-09 07:20:00
604008,青春广场停车场,上虞区,70,0,2024-12-09 07:20:00
604008,青春广场停车场,上虞区,70,0,2024-12-09 07:15:00
604013,第二人民医院停车场,上虞区,350,276,2024-12-09 07:15:00
604006,供销社停车场,上虞区,106,0,2024-12-09 07:15:00
24032610340324759,小越历史街区停车场,上虞区,74,0,2024-12-09 07:15:00
604007,信义广场北停车场,上虞区,41,35,2024-12-09 07:15:00
604004,保驾山停车场,上虞区,37,0,2024-12-09 07:15:00
604011,雅图停车场,上虞区,60,6,2024-12-09 07:15:00
604002,梁祝大桥东桥下停车场,上虞区,95,58,2024-12-09 07:15:00
604003,信义广场南停车场,上虞区,15,15,2024-12-09 07:15:00
604005,人民桥下停车场,上虞区,40,0,2024-12-09 07:15:00
19120915472614497,咪网测试停车场,上虞区,97,100,2024-12-09 07:15:00
604009,保驾山夜排挡停车场,上虞区,106,0,2024-12-09 07:15:00
604012,人民桥下2号停车场,上虞区,60,33,2024-12-09 07:15:00
604006,供销社停车场,上虞区,106,0,2024-12-09 07:10:00
604003,信义广场南停车场,上虞区,15,15,2024-12-09 07:10:00
604002,梁祝大桥东桥下停车场,上虞区,95,58,2024-12-09 07:10:00
19120915472614497,咪网测试停车场,上虞区,97,100,2024-12-09 07:10:00
604005,人民桥下停车场,上虞区,40,0,2024-12-09 07:10:00
604009,保驾山夜排挡停车场,上虞区,106,0,2024-12-09 07:10:00
24032610340324759,小越历史街区停车场,上虞区,74,0,2024-12-09 07:10:00
604013,第二人民医院停车场,上虞区,350,284,2024-12-09 07:10:00
604007,信义广场北停车场,上虞区,41,35,2024-12-09 07:10:00
604004,保驾山停车场,上虞区,37,0,2024-12-09 07:10:00
604011,雅图停车场,上虞区,60,6,2024-12-09 07:10:00
604012,人民桥下2号停车场,上虞区,60,33,2024-12-09 07:10:00
604008,青春广场停车场,上虞区,70,0,2024-12-09 07:10:00
604004,保驾山停车场,上虞区,37,0,2024-12-09 07:05:00
19120915472614497,咪网测试停车场,上虞区,97,100,2024-12-09 07:05:00
24032610340324759,小越历史街区停车场,上虞区,74,0,2024-12-09 07:05:00
604013,第二人民医院停车场,上虞区,350,291,2024-12-09 07:05:00
604002,梁祝大桥东桥下停车场,上虞区,95,58,2024-12-09 07:05:00
604009,保驾山夜排挡停车场,上虞区,106,0,2024-12-09 07:05:00
604005,人民桥下停车场,上虞区,40,0,2024-12-09 07:05:00
604006,供销社停车场,上虞区,106,0,2024-12-09 07:05:00
604003,信义广场南停车场,上虞区,15,15,2024-12-09 07:05:00
604012,人民桥下2号停车场,上虞区,60,33,2024-12-09 07:05:00
604007,信义广场北停车场,上虞区,41,35,2024-12-09 07:05:00
604008,青春广场停车场,上虞区,70,0,2024-12-09 07:05:00
604011,雅图停车场,上虞区,60,7,2024-12-09 07:05:00
19120915472614497,咪网测试停车场,上虞区,97,100,2024-12-09 07:00:00
604003,信义广场南停车场,上虞区,15,15,2024-12-09 07:00:00
604002,梁祝大桥东桥下停车场,上虞区,95,57,2024-12-09 07:00:00
24032610340324759,小越历史街区停车场,上虞区,74,0,2024-12-09 07:00:00
604004,保驾山停车场,上虞区,37,0,2024-12-09 07:00:00
604007,信义广场北停车场,上虞区,41,36,2024-12-09 07:00:00
604009,保驾山夜排挡停车场,上虞区,106,0,2024-12-09 07:00:00
604011,雅图停车场,上虞区,60,7,2024-12-09 07:00:00
604006,供销社停车场,上虞区,106,0,2024-12-09 07:00:00
604008,青春广场停车场,上虞区,70,0,2024-12-09 07:00:00
604005,人民桥下停车场,上虞区,40,0,2024-12-09 07:00:00
604013,第二人民医院停车场,上虞区,350,294,2024-12-09 07:00:00
604012,人民桥下2号停车场,上虞区,60,33,2024-12-09 07:00:00
604009,保驾山夜排挡停车场,上虞区,106,0,2024-12-09 06:55:00
604005,人民桥下停车场,上虞区,40,0,2024-12-09 06:55:00
604006,供销社停车场,上虞区,106,0,2024-12-09 06:55:00
604007,信义广场北停车场,上虞区,41,36,2024-12-09 06:55:00
604011,雅图停车场,上虞区,60,8,2024-12-09 06:55:00
24032610340324759,小越历史街区停车场,上虞区,74,0,2024-12-09 06:55:00
604013,第二人民医院停车场,上虞区,350,296,2024-12-09 06:55:00
604008,青春广场停车场,上虞区,70,0,2024-12-09 06:55:00
604002,梁祝大桥东桥下停车场,上虞区,95,57,2024-12-09 06:55:00
19120915472614497,咪网测试停车场,上虞区,97,100,2024-12-09 06:55:00
604004,保驾山停车场,上虞区,37,0,2024-12-09 06:55:00
604003,信义广场南停车场,上虞区,15,15,2024-12-09 06:55:00
604012,人民桥下2号停车场,上虞区,60,33,2024-12-09 06:55:00
604005,人民桥下停车场,上虞区,40,0,2024-12-09 06:50:00
604004,保驾山停车场,上虞区,37,0,2024-12-09 06:50:00
604012,人民桥下2号停车场,上虞区,60,33,2024-12-09 06:50:00
604009,保驾山夜排挡停车场,上虞区,106,0,2024-12-09 06:50:00
604013,第二人民医院停车场,上虞区,350,298,2024-12-09 06:50:00
19120915472614497,咪网测试停车场,上虞区,97,100,2024-12-09 06:50:00
604007,信义广场北停车场,上虞区,41,37,2024-12-09 06:50:00
604008,青春广场停车场,上虞区,70,0,2024-12-09 06:50:00
604003,信义广场南停车场,上虞区,15,15,2024-12-09 06:50:00
24032610340324759,小越历史街区停车场,上虞区,74,0,2024-12-09 06:50:00
604002,梁祝大桥东桥下停车场,上虞区,95,57,2024-12-09 06:50:00
604011,雅图停车场,上虞区,60,8,2024-12-09 06:50:00
604006,供销社停车场,上虞区,106,0,2024-12-09 06:50:00
604007,信义广场北停车场,上虞区,41,37,2024-12-09 06:45:00
604008,青春广场停车场,上虞区,70,0,2024-12-09 06:45:00
604004,保驾山停车场,上虞区,37,0,2024-12-09 06:45:00
604006,供销社停车场,上虞区,106,0,2024-12-09 06:45:00
604009,保驾山夜排挡停车场,上虞区,106,0,2024-12-09 06:45:00
604012,人民桥下2号停车场,上虞区,60,32,2024-12-09 06:45:00
604013,第二人民医院停车场,上虞区,350,298,2024-12-09 06:45:00
604003,信义广场南停车场,上虞区,15,15,2024-12-09 06:45:00
604005,人民桥下停车场,上虞区,40,0,2024-12-09 06:45:00
24032610340324759,小越历史街区停车场,上虞区,74,0,2024-12-09 06:45:00
604002,梁祝大桥东桥下停车场,上虞区,95,57,2024-12-09 06:45:00
19120915472614497,咪网测试停车场,上虞区,97,100,2024-12-09 06:45:00
604011,雅图停车场,上虞区,60,8,2024-12-09 06:45:00
604006,供销社停车场,上虞区,106,0,2024-12-09 06:40:00
604009,保驾山夜排挡停车场,上虞区,106,0,2024-12-09 06:40:00
19120915472614497,咪网测试停车场,上虞区,97,100,2024-12-09 06:40:00
604008,青春广场停车场,上虞区,70,0,2024-12-09 06:40:00
604004,保驾山停车场,上虞区,37,0,2024-12-09 06:40:00
604005,人民桥下停车场,上虞区,40,0,2024-12-09 06:40:00
24032610340324759,小越历史街区停车场,上虞区,74,0,2024-12-09 06:40:00
604002,梁祝大桥东桥下停车场,上虞区,95,58,2024-12-09 06:40:00
604007,信义广场北停车场,上虞区,41,38,2024-12-09 06:40:00
604013,第二人民医院停车场,上虞区,350,300,2024-12-09 06:40:00
604003,信义广场南停车场,上虞区,15,15,2024-12-09 06:40:00
604012,人民桥下2号停车场,上虞区,60,32,2024-12-09 06:40:00
604011,雅图停车场,上虞区,60,8,2024-12-09 06:40:00
604009,保驾山夜排挡停车场,上虞区,106,0,2024-12-09 06:35:00
24032610340324759,小越历史街区停车场,上虞区,74,0,2024-12-09 06:35:00
19120915472614497,咪网测试停车场,上虞区,97,100,2024-12-09 06:35:00
604004,保驾山停车场,上虞区,37,0,2024-12-09 06:35:00
604003,信义广场南停车场,上虞区,15,15,2024-12-09 06:35:00
604012,人民桥下2号停车场,上虞区,60,32,2024-12-09 06:35:00
604006,供销社停车场,上虞区,106,0,2024-12-09 06:35:00
604005,人民桥下停车场,上虞区,40,0,2024-12-09 06:35:00
604007,信义广场北停车场,上虞区,41,38,2024-12-09 06:35:00
604002,梁祝大桥东桥下停车场,上虞区,95,58,2024-12-09 06:35:00
604011,雅图停车场,上虞区,60,8,2024-12-09 06:35:00
604008,青春广场停车场,上虞区,70,0,2024-12-09 06:35:00
604013,第二人民医院停车场,上虞区,350,300,2024-12-09 06:35:00
604002,梁祝大桥东桥下停车场,上虞区,95,57,2024-12-09 06:30:00
19120915472614497,咪网测试停车场,上虞区,97,100,2024-12-09 06:30:00
604008,青春广场停车场,上虞区,70,0,2024-12-09 06:30:00
604004,保驾山停车场,上虞区,37,0,2024-12-09 06:30:00
604003,信义广场南停车场,上虞区,15,15,2024-12-09 06:30:00
604012,人民桥下2号停车场,上虞区,60,32,2024-12-09 06:30:00
604007,信义广场北停车场,上虞区,41,38,2024-12-09 06:30:00
604013,第二人民医院停车场,上虞区,350,304,2024-12-09 06:30:00
604006,供销社停车场,上虞区,106,0,2024-12-09 06:30:00
24032610340324759,小越历史街区停车场,上虞区,74,0,2024-12-09 06:30:00
604005,人民桥下停车场,上虞区,40,0,2024-12-09 06:30:00
604011,雅图停车场,上虞区,60,8,2024-12-09 06:30:00
604009,保驾山夜排挡停车场,上虞区,106,0,2024-12-09 06:30:00
604005,人民桥下停车场,上虞区,40,0,2024-12-09 06:25:00
604008,青春广场停车场,上虞区,70,0,2024-12-09 06:25:00
604007,信义广场北停车场,上虞区,41,38,2024-12-09 06:25:00
604013,第二人民医院停车场,上虞区,350,304,2024-12-09 06:25:00
604009,保驾山夜排挡停车场,上虞区,106,0,2024-12-09 06:25:00
24032610340324759,小越历史街区停车场,上虞区,74,0,2024-12-09 06:25:00
604003,信义广场南停车场,上虞区,15,15,2024-12-09 06:25:00
604012,人民桥下2号停车场,上虞区,60,32,2024-12-09 06:25:00
604004,保驾山停车场,上虞区,37,0,2024-12-09 06:25:00
604002,梁祝大桥东桥下停车场,上虞区,95,57,2024-12-09 06:25:00
604006,供销社停车场,上虞区,106,0,2024-12-09 06:25:00
19120915472614497,咪网测试停车场,上虞区,97,100,2024-12-09 06:25:00
604011,雅图停车场,上虞区,60,8,2024-12-09 06:25:00
604003,信义广场南停车场,上虞区,15,15,2024-12-09 06:20:00
604009,保驾山夜排挡停车场,上虞区,106,0,2024-12-09 06:20:00
604012,人民桥下2号停车场,上虞区,60,32,2024-12-09 06:20:00
604013,第二人民医院停车场,上虞区,350,304,2024-12-09 06:20:00
604005,人民桥下停车场,上虞区,40,0,2024-12-09 06:20:00
604002,梁祝大桥东桥下停车场,上虞区,95,58,2024-12-09 06:20:00
24032610340324759,小越历史街区停车场,上虞区,74,0,2024-12-09 06:20:00
19120915472614497,咪网测试停车场,上虞区,97,100,2024-12-09 06:20:00
604006,供销社停车场,上虞区,106,0,2024-12-09 06:20:00
604011,雅图停车场,上虞区,60,8,2024-12-09 06:20:00
604008,青春广场停车场,上虞区,70,0,2024-12-09 06:20:00
604007,信义广场北停车场,上虞区,41,38,2024-12-09 06:20:00
604004,保驾山停车场,上虞区,37,0,2024-12-09 06:20:00
604006,供销社停车场,上虞区,106,0,2024-12-09 06:15:00
604008,青春广场停车场,上虞区,70,0,2024-12-09 06:15:00
604012,人民桥下2号停车场,上虞区,60,32,2024-12-09 06:15:00
604013,第二人民医院停车场,上虞区,350,304,2024-12-09 06:15:00
604009,保驾山夜排挡停车场,上虞区,106,0,2024-12-09 06:15:00
604007,信义广场北停车场,上虞区,41,38,2024-12-09 06:15:00
604004,保驾山停车场,上虞区,37,0,2024-12-09 06:15:00
604005,人民桥下停车场,上虞区,40,0,2024-12-09 06:15:00
604003,信义广场南停车场,上虞区,15,15,2024-12-09 06:15:00
604011,雅图停车场,上虞区,60,8,2024-12-09 06:15:00
604002,梁祝大桥东桥下停车场,上虞区,95,58,2024-12-09 06:15:00
24032610340324759,小越历史街区停车场,上虞区,74,0,2024-12-09 06:15:00
19120915472614497,咪网测试停车场,上虞区,97,100,2024-12-09 06:15:00
604007,信义广场北停车场,上虞区,41,38,2024-12-09 06:10:00
604003,信义广场南停车场,上虞区,15,15,2024-12-09 06:10:00
19120915472614497,咪网测试停车场,上虞区,97,100,2024-12-09 06:10:00
604004,保驾山停车场,上虞区,37,0,2024-12-09 06:10:00
24032610340324759,小越历史街区停车场,上虞区,74,0,2024-12-09 06:10:00
604006,供销社停车场,上虞区,106,0,2024-12-09 06:10:00
604005,人民桥下停车场,上虞区,40,0,2024-12-09 06:10:00
604011,雅图停车场,上虞区,60,8,2024-12-09 06:10:00
604009,保驾山夜排挡停车场,上虞区,106,0,2024-12-09 06:10:00
604013,第二人民医院停车场,上虞区,350,304,2024-12-09 06:10:00
604002,梁祝大桥东桥下停车场,上虞区,95,58,2024-12-09 06:10:00
604008,青春广场停车场,上虞区,70,0,2024-12-09 06:10:00
604012,人民桥下2号停车场,上虞区,60,32,2024-12-09 06:10:00
604008,青春广场停车场,上虞区,70,0,2024-12-09 06:05:00
604004,保驾山停车场,上虞区,37,0,2024-12-09 06:05:00
24032610340324759,小越历史街区停车场,上虞区,74,0,2024-12-09 06:05:00
604003,信义广场南停车场,上虞区,15,15,2024-12-09 06:05:00
604013,第二人民医院停车场,上虞区,350,305,2024-12-09 06:05:00
604007,信义广场北停车场,上虞区,41,38,2024-12-09 06:05:00
604012,人民桥下2号停车场,上虞区,60,32,2024-12-09 06:05:00
604009,保驾山夜排挡停车场,上虞区,106,0,2024-12-09 06:05:00
19120915472614497,咪网测试停车场,上虞区,97,100,2024-12-09 06:05:00
604002,梁祝大桥东桥下停车场,上虞区,95,58,2024-12-09 06:05:00
604011,雅图停车场,上虞区,60,8,2024-12-09 06:05:00
604006,供销社停车场,上虞区,106,0,2024-12-09 06:05:00
604005,人民桥下停车场,上虞区,40,0,2024-12-09 06:05:00
604003,信义广场南停车场,上虞区,15,15,2024-12-09 06:00:00
24032610340324759,小越历史街区停车场,上虞区,74,0,2024-12-09 06:00:00
604007,信义广场北停车场,上虞区,41,38,2024-12-09 06:00:00
604008,青春广场停车场,上虞区,70,0,2024-12-09 06:00:00
604009,保驾山夜排挡停车场,上虞区,106,0,2024-12-09 06:00:00
604006,供销社停车场,上虞区,106,0,2024-12-09 06:00:00
19120915472614497,咪网测试停车场,上虞区,97,100,2024-12-09 06:00:00
604005,人民桥下停车场,上虞区,40,0,2024-12-09 06:00:00
604002,梁祝大桥东桥下停车场,上虞区,95,58,2024-12-09 06:00:00
604012,人民桥下2号停车场,上虞区,60,32,2024-12-09 06:00:00
604011,雅图停车场,上虞区,60,8,2024-12-09 06:00:00
604004,保驾山停车场,上虞区,37,0,2024-12-09 06:00:00
604013,第二人民医院停车场,上虞区,350,304,2024-12-09 06:00:00
19120915472614497,咪网测试停车场,上虞区,97,100,2024-12-09 05:55:00
604007,信义广场北停车场,上虞区,41,38,2024-12-09 05:55:00
604012,人民桥下2号停车场,上虞区,60,32,2024-12-09 05:55:00
604003,信义广场南停车场,上虞区,15,15,2024-12-09 05:55:00
604011,雅图停车场,上虞区,60,8,2024-12-09 05:55:00
604006,供销社停车场,上虞区,106,0,2024-12-09 05:55:00
604005,人民桥下停车场,上虞区,40,0,2024-12-09 05:55:00
24032610340324759,小越历史街区停车场,上虞区,74,0,2024-12-09 05:55:00
604013,第二人民医院停车场,上虞区,350,303,2024-12-09 05:55:00
604008,青春广场停车场,上虞区,70,0,2024-12-09 05:55:00
604009,保驾山夜排挡停车场,上虞区,106,0,2024-12-09 05:55:00
604002,梁祝大桥东桥下停车场,上虞区,95,58,2024-12-09 05:55:00
604004,保驾山停车场,上虞区,37,0,2024-12-09 05:55:00
604006,供销社停车场,上虞区,106,0,2024-12-09 05:50:00
604009,保驾山夜排挡停车场,上虞区,106,0,2024-12-09 05:50:00
604002,梁祝大桥东桥下停车场,上虞区,95,58,2024-12-09 05:50:00
604004,保驾山停车场,上虞区,37,0,2024-12-09 05:50:00
604011,雅图停车场,上虞区,60,8,2024-12-09 05:50:00
604007,信义广场北停车场,上虞区,41,38,2024-12-09 05:50:00
604013,第二人民医院停车场,上虞区,350,304,2024-12-09 05:50:00
19120915472614497,咪网测试停车场,上虞区,97,100,2024-12-09 05:50:00
604005,人民桥下停车场,上虞区,40,0,2024-12-09 05:50:00
24032610340324759,小越历史街区停车场,上虞区,74,0,2024-12-09 05:50:00
604003,信义广场南停车场,上虞区,15,15,2024-12-09 05:50:00
604012,人民桥下2号停车场,上虞区,60,32,2024-12-09 05:50:00
604008,青春广场停车场,上虞区,70,0,2024-12-09 05:50:00
604008,青春广场停车场,上虞区,70,0,2024-12-09 05:45:00
604005,人民桥下停车场,上虞区,40,0,2024-12-09 05:45:00
604004,保驾山停车场,上虞区,37,0,2024-12-09 05:45:00
604007,信义广场北停车场,上虞区,41,38,2024-12-09 05:45:00
604006,供销社停车场,上虞区,106,0,2024-12-09 05:45:00
604011,雅图停车场,上虞区,60,8,2024-12-09 05:45:00
24032610340324759,小越历史街区停车场,上虞区,74,0,2024-12-09 05:45:00
19120915472614497,咪网测试停车场,上虞区,97,100,2024-12-09 05:45:00
604012,人民桥下2号停车场,上虞区,60,32,2024-12-09 05:45:00
604009,保驾山夜排挡停车场,上虞区,106,0,2024-12-09 05:45:00
604002,梁祝大桥东桥下停车场,上虞区,95,58,2024-12-09 05:45:00
604003,信义广场南停车场,上虞区,15,15,2024-12-09 05:45:00
604013,第二人民医院停车场,上虞区,350,305,2024-12-09 05:45:00
604008,青春广场停车场,上虞区,70,0,2024-12-09 05:40:00
604011,雅图停车场,上虞区,60,8,2024-12-09 05:40:00
604013,第二人民医院停车场,上虞区,350,305,2024-12-09 05:40:00
19120915472614497,咪网测试停车场,上虞区,97,100,2024-12-09 05:40:00
604002,梁祝大桥东桥下停车场,上虞区,95,58,2024-12-09 05:40:00
604007,信义广场北停车场,上虞区,41,38,2024-12-09 05:40:00
604006,供销社停车场,上虞区,106,0,2024-12-09 05:40:00
604005,人民桥下停车场,上虞区,40,0,2024-12-09 05:40:00
604009,保驾山夜排挡停车场,上虞区,106,0,2024-12-09 05:40:00
24032610340324759,小越历史街区停车场,上虞区,74,0,2024-12-09 05:40:00
604004,保驾山停车场,上虞区,37,0,2024-12-09 05:40:00
604003,信义广场南停车场,上虞区,15,15,2024-12-09 05:40:00
604012,人民桥下2号停车场,上虞区,60,32,2024-12-09 05:40:00
24032610340324759,小越历史街区停车场,上虞区,74,0,2024-12-09 05:35:00
19120915472614497,咪网测试停车场,上虞区,97,100,2024-12-09 05:35:00
604005,人民桥下停车场,上虞区,40,0,2024-12-09 05:35:00
604009,保驾山夜排挡停车场,上虞区,106,0,2024-12-09 05:35:00
604007,信义广场北停车场,上虞区,41,38,2024-12-09 05:35:00
604004,保驾山停车场,上虞区,37,0,2024-12-09 05:35:00
604002,梁祝大桥东桥下停车场,上虞区,95,58,2024-12-09 05:35:00
604011,雅图停车场,上虞区,60,8,2024-12-09 05:35:00
604012,人民桥下2号停车场,上虞区,60,32,2024-12-09 05:35:00
604006,供销社停车场,上虞区,106,0,2024-12-09 05:35:00
604008,青春广场停车场,上虞区,70,0,2024-12-09 05:35:00
604003,信义广场南停车场,上虞区,15,15,2024-12-09 05:35:00
604013,第二人民医院停车场,上虞区,350,305,2024-12-09 05:35:00
604007,信义广场北停车场,上虞区,41,38,2024-12-09 05:30:00
24032610340324759,小越历史街区停车场,上虞区,74,0,2024-12-09 05:30:00
604006,供销社停车场,上虞区,106,0,2024-12-09 05:30:00
604008,青春广场停车场,上虞区,70,0,2024-12-09 05:30:00
604012,人民桥下2号停车场,上虞区,60,32,2024-12-09 05:30:00
19120915472614497,咪网测试停车场,上虞区,97,100,2024-12-09 05:30:00
604013,第二人民医院停车场,上虞区,350,305,2024-12-09 05:30:00
604009,保驾山夜排挡停车场,上虞区,106,0,2024-12-09 05:30:00
604011,雅图停车场,上虞区,60,8,2024-12-09 05:30:00
604003,信义广场南停车场,上虞区,15,15,2024-12-09 05:30:00
604004,保驾山停车场,上虞区,37,0,2024-12-09 05:30:00
604005,人民桥下停车场,上虞区,40,0,2024-12-09 05:30:00
604002,梁祝大桥东桥下停车场,上虞区,95,58,2024-12-09 05:30:00
604004,保驾山停车场,上虞区,37,0,2024-12-09 05:25:00
604012,人民桥下2号停车场,上虞区,60,32,2024-12-09 05:25:00
604005,人民桥下停车场,上虞区,40,0,2024-12-09 05:25:00
604003,信义广场南停车场,上虞区,15,15,2024-12-09 05:25:00
604007,信义广场北停车场,上虞区,41,38,2024-12-09 05:25:00
604008,青春广场停车场,上虞区,70,0,2024-12-09 05:25:00
604006,供销社停车场,上虞区,106,0,2024-12-09 05:25:00
24032610340324759,小越历史街区停车场,上虞区,74,0,2024-12-09 05:25:00
19120915472614497,咪网测试停车场,上虞区,97,100,2024-12-09 05:25:00
604011,雅图停车场,上虞区,60,8,2024-12-09 05:25:00
604002,梁祝大桥东桥下停车场,上虞区,95,58,2024-12-09 05:25:00
604013,第二人民医院停车场,上虞区,350,305,2024-12-09 05:25:00
604009,保驾山夜排挡停车场,上虞区,106,0,2024-12-09 05:25:00
604002,梁祝大桥东桥下停车场,上虞区,95,58,2024-12-09 05:20:00
604003,信义广场南停车场,上虞区,15,15,2024-12-09 05:20:00
604006,供销社停车场,上虞区,106,0,2024-12-09 05:20:00
604007,信义广场北停车场,上虞区,41,38,2024-12-09 05:20:00
604004,保驾山停车场,上虞区,37,0,2024-12-09 05:20:00
604011,雅图停车场,上虞区,60,8,2024-12-09 05:20:00
19120915472614497,咪网测试停车场,上虞区,97,100,2024-12-09 05:20:00
604013,第二人民医院停车场,上虞区,350,305,2024-12-09 05:20:00
604008,青春广场停车场,上虞区,70,0,2024-12-09 05:20:00
604012,人民桥下2号停车场,上虞区,60,32,2024-12-09 05:20:00
604009,保驾山夜排挡停车场,上虞区,106,0,2024-12-09 05:20:00
604005,人民桥下停车场,上虞区,40,0,2024-12-09 05:20:00
24032610340324759,小越历史街区停车场,上虞区,74,0,2024-12-09 05:20:00
604008,青春广场停车场,上虞区,70,0,2024-12-09 05:15:00
604002,梁祝大桥东桥下停车场,上虞区,95,58,2024-12-09 05:15:00
604004,保驾山停车场,上虞区,37,0,2024-12-09 05:15:00
604012,人民桥下2号停车场,上虞区,60,32,2024-12-09 05:15:00
604005,人民桥下停车场,上虞区,40,0,2024-12-09 05:15:00
604013,第二人民医院停车场,上虞区,350,305,2024-12-09 05:15:00
604003,信义广场南停车场,上虞区,15,15,2024-12-09 05:15:00
604009,保驾山夜排挡停车场,上虞区,106,0,2024-12-09 05:15:00
604011,雅图停车场,上虞区,60,8,2024-12-09 05:15:00
19120915472614497,咪网测试停车场,上虞区,97,100,2024-12-09 05:15:00
604007,信义广场北停车场,上虞区,41,38,2024-12-09 05:15:00
604006,供销社停车场,上虞区,106,0,2024-12-09 05:15:00
24032610340324759,小越历史街区停车场,上虞区,74,0,2024-12-09 05:15:00
604006,供销社停车场,上虞区,106,0,2024-12-09 05:10:00
604008,青春广场停车场,上虞区,70,0,2024-12-09 05:10:00
604012,人民桥下2号停车场,上虞区,60,32,2024-12-09 05:10:00
604005,人民桥下停车场,上虞区,40,0,2024-12-09 05:10:00
604009,保驾山夜排挡停车场,上虞区,106,0,2024-12-09 05:10:00
19120915472614497,咪网测试停车场,上虞区,97,100,2024-12-09 05:10:00
604007,信义广场北停车场,上虞区,41,38,2024-12-09 05:10:00
604011,雅图停车场,上虞区,60,8,2024-12-09 05:10:00
604013,第二人民医院停车场,上虞区,350,306,2024-12-09 05:10:00
24032610340324759,小越历史街区停车场,上虞区,74,0,2024-12-09 05:10:00
604003,信义广场南停车场,上虞区,15,15,2024-12-09 05:10:00
604002,梁祝大桥东桥下停车场,上虞区,95,58,2024-12-09 05:10:00
604004,保驾山停车场,上虞区,37,0,2024-12-09 05:10:00
604008,青春广场停车场,上虞区,70,0,2024-12-09 05:05:00
604003,信义广场南停车场,上虞区,15,15,2024-12-09 05:05:00
24032610340324759,小越历史街区停车场,上虞区,74,0,2024-12-09 05:05:00
604012,人民桥下2号停车场,上虞区,60,32,2024-12-09 05:05:00
604013,第二人民医院停车场,上虞区,350,306,2024-12-09 05:05:00
604007,信义广场北停车场,上虞区,41,38,2024-12-09 05:05:00
604011,雅图停车场,上虞区,60,8,2024-12-09 05:05:00
604005,人民桥下停车场,上虞区,40,0,2024-12-09 05:05:00
604009,保驾山夜排挡停车场,上虞区,106,0,2024-12-09 05:05:00
604002,梁祝大桥东桥下停车场,上虞区,95,58,2024-12-09 05:05:00
604006,供销社停车场,上虞区,106,0,2024-12-09 05:05:00
604004,保驾山停车场,上虞区,37,0,2024-12-09 05:05:00
19120915472614497,咪网测试停车场,上虞区,97,100,2024-12-09 05:05:00
604006,供销社停车场,上虞区,106,0,2024-12-09 05:00:00
604007,信义广场北停车场,上虞区,41,38,2024-12-09 05:00:00
604002,梁祝大桥东桥下停车场,上虞区,95,58,2024-12-09 05:00:00
604012,人民桥下2号停车场,上虞区,60,32,2024-12-09 05:00:00
604004,保驾山停车场,上虞区,37,0,2024-12-09 05:00:00
604013,第二人民医院停车场,上虞区,350,306,2024-12-09 05:00:00
24032610340324759,小越历史街区停车场,上虞区,74,0,2024-12-09 05:00:00
604008,青春广场停车场,上虞区,70,0,2024-12-09 05:00:00
604011,雅图停车场,上虞区,60,8,2024-12-09 05:00:00
604003,信义广场南停车场,上虞区,15,15,2024-12-09 05:00:00
19120915472614497,咪网测试停车场,上虞区,97,100,2024-12-09 05:00:00
604005,人民桥下停车场,上虞区,40,0,2024-12-09 05:00:00
604009,保驾山夜排挡停车场,上虞区,106,0,2024-12-09 05:00:00
604013,第二人民医院停车场,上虞区,350,306,2024-12-09 04:55:00
604004,保驾山停车场,上虞区,37,0,2024-12-09 04:55:00
24032610340324759,小越历史街区停车场,上虞区,74,0,2024-12-09 04:55:00
604005,人民桥下停车场,上虞区,40,0,2024-12-09 04:55:00
604011,雅图停车场,上虞区,60,8,2024-12-09 04:55:00
604009,保驾山夜排挡停车场,上虞区,106,0,2024-12-09 04:55:00
604008,青春广场停车场,上虞区,70,0,2024-12-09 04:55:00
604007,信义广场北停车场,上虞区,41,38,2024-12-09 04:55:00
604002,梁祝大桥东桥下停车场,上虞区,95,58,2024-12-09 04:55:00
604003,信义广场南停车场,上虞区,15,15,2024-12-09 04:55:00
604012,人民桥下2号停车场,上虞区,60,32,2024-12-09 04:55:00
604006,供销社停车场,上虞区,106,0,2024-12-09 04:55:00
19120915472614497,咪网测试停车场,上虞区,97,100,2024-12-09 04:55:00
604007,信义广场北停车场,上虞区,41,38,2024-12-09 04:50:00
604006,供销社停车场,上虞区,106,0,2024-12-09 04:50:00
604005,人民桥下停车场,上虞区,40,0,2024-12-09 04:50:00
604008,青春广场停车场,上虞区,70,0,2024-12-09 04:50:00
604004,保驾山停车场,上虞区,37,0,2024-12-09 04:50:00
604011,雅图停车场,上虞区,60,8,2024-12-09 04:50:00
604002,梁祝大桥东桥下停车场,上虞区,95,58,2024-12-09 04:50:00
19120915472614497,咪网测试停车场,上虞区,97,100,2024-12-09 04:50:00
604013,第二人民医院停车场,上虞区,350,305,2024-12-09 04:50:00
24032610340324759,小越历史街区停车场,上虞区,74,0,2024-12-09 04:50:00
604003,信义广场南停车场,上虞区,15,15,2024-12-09 04:50:00
604012,人民桥下2号停车场,上虞区,60,32,2024-12-09 04:50:00
604009,保驾山夜排挡停车场,上虞区,106,0,2024-12-09 04:50:00
604008,青春广场停车场,上虞区,70,0,2024-12-09 04:45:00
604011,雅图停车场,上虞区,60,8,2024-12-09 04:45:00
604004,保驾山停车场,上虞区,37,0,2024-12-09 04:45:00
604013,第二人民医院停车场,上虞区,350,305,2024-12-09 04:45:00
19120915472614497,咪网测试停车场,上虞区,97,100,2024-12-09 04:45:00
604007,信义广场北停车场,上虞区,41,38,2024-12-09 04:45:00
604012,人民桥下2号停车场,上虞区,60,32,2024-12-09 04:45:00
604003,信义广场南停车场,上虞区,15,15,2024-12-09 04:45:00
24032610340324759,小越历史街区停车场,上虞区,74,0,2024-12-09 04:45:00
604009,保驾山夜排挡停车场,上虞区,106,0,2024-12-09 04:45:00
604002,梁祝大桥东桥下停车场,上虞区,95,58,2024-12-09 04:45:00
604006,供销社停车场,上虞区,106,0,2024-12-09 04:45:00
604005,人民桥下停车场,上虞区,40,0,2024-12-09 04:45:00
604004,保驾山停车场,上虞区,37,0,2024-12-09 04:40:00
19120915472614497,咪网测试停车场,上虞区,97,100,2024-12-09 04:40:00
604005,人民桥下停车场,上虞区,40,0,2024-12-09 04:40:00
604006,供销社停车场,上虞区,106,0,2024-12-09 04:40:00
604009,保驾山夜排挡停车场,上虞区,106,0,2024-12-09 04:40:00
604008,青春广场停车场,上虞区,70,0,2024-12-09 04:40:00
604012,人民桥下2号停车场,上虞区,60,32,2024-12-09 04:40:00
604002,梁祝大桥东桥下停车场,上虞区,95,58,2024-12-09 04:40:00
24032610340324759,小越历史街区停车场,上虞区,74,0,2024-12-09 04:40:00
604013,第二人民医院停车场,上虞区,350,305,2024-12-09 04:40:00
604007,信义广场北停车场,上虞区,41,38,2024-12-09 04:40:00
604011,雅图停车场,上虞区,60,8,2024-12-09 04:40:00
604003,信义广场南停车场,上虞区,15,15,2024-12-09 04:40:00
604008,青春广场停车场,上虞区,70,0,2024-12-09 04:35:00
19120915472614497,咪网测试停车场,上虞区,97,100,2024-12-09 04:35:00
604013,第二人民医院停车场,上虞区,350,305,2024-12-09 04:35:00
604003,信义广场南停车场,上虞区,15,15,2024-12-09 04:35:00
604002,梁祝大桥东桥下停车场,上虞区,95,58,2024-12-09 04:35:00
604004,保驾山停车场,上虞区,37,0,2024-12-09 04:35:00
604007,信义广场北停车场,上虞区,41,38,2024-12-09 04:35:00
24032610340324759,小越历史街区停车场,上虞区,74,0,2024-12-09 04:35:00
604012,人民桥下2号停车场,上虞区,60,32,2024-12-09 04:35:00
604006,供销社停车场,上虞区,106,0,2024-12-09 04:35:00
604005,人民桥下停车场,上虞区,40,0,2024-12-09 04:35:00
604011,雅图停车场,上虞区,60,8,2024-12-09 04:35:00
604009,保驾山夜排挡停车场,上虞区,106,0,2024-12-09 04:35:00
604003,信义广场南停车场,上虞区,15,15,2024-12-09 04:30:00
19120915472614497,咪网测试停车场,上虞区,97,100,2024-12-09 04:30:00
604008,青春广场停车场,上虞区,70,0,2024-12-09 04:30:00
604013,第二人民医院停车场,上虞区,350,305,2024-12-09 04:30:00
604005,人民桥下停车场,上虞区,40,0,2024-12-09 04:30:00
604012,人民桥下2号停车场,上虞区,60,32,2024-12-09 04:30:00
604011,雅图停车场,上虞区,60,8,2024-12-09 04:30:00
24032610340324759,小越历史街区停车场,上虞区,74,0,2024-12-09 04:30:00
604006,供销社停车场,上虞区,106,0,2024-12-09 04:30:00
604007,信义广场北停车场,上虞区,41,38,2024-12-09 04:30:00
604004,保驾山停车场,上虞区,37,0,2024-12-09 04:30:00
604002,梁祝大桥东桥下停车场,上虞区,95,58,2024-12-09 04:30:00
604009,保驾山夜排挡停车场,上虞区,106,0,2024-12-09 04:30:00
604008,青春广场停车场,上虞区,70,0,2024-12-09 04:25:00
604005,人民桥下停车场,上虞区,40,0,2024-12-09 04:25:00
604011,雅图停车场,上虞区,60,8,2024-12-09 04:25:00
604013,第二人民医院停车场,上虞区,350,305,2024-12-09 04:25:00
604006,供销社停车场,上虞区,106,0,2024-12-09 04:25:00
604002,梁祝大桥东桥下停车场,上虞区,95,58,2024-12-09 04:25:00
604004,保驾山停车场,上虞区,37,0,2024-12-09 04:25:00
604007,信义广场北停车场,上虞区,41,38,2024-12-09 04:25:00
604009,保驾山夜排挡停车场,上虞区,106,0,2024-12-09 04:25:00
24032610340324759,小越历史街区停车场,上虞区,74,0,2024-12-09 04:25:00
604003,信义广场南停车场,上虞区,15,15,2024-12-09 04:25:00
604012,人民桥下2号停车场,上虞区,60,32,2024-12-09 04:25:00
19120915472614497,咪网测试停车场,上虞区,97,100,2024-12-09 04:25:00
24032610340324759,小越历史街区停车场,上虞区,74,0,2024-12-09 04:20:00
604009,保驾山夜排挡停车场,上虞区,106,0,2024-12-09 04:20:00
19120915472614497,咪网测试停车场,上虞区,97,100,2024-12-09 04:20:00
604008,青春广场停车场,上虞区,70,0,2024-12-09 04:20:00
604002,梁祝大桥东桥下停车场,上虞区,95,58,2024-12-09 04:20:00
604007,信义广场北停车场,上虞区,41,38,2024-12-09 04:20:00
604004,保驾山停车场,上虞区,37,0,2024-12-09 04:20:00
604005,人民桥下停车场,上虞区,40,0,2024-12-09 04:20:00
604003,信义广场南停车场,上虞区,15,15,2024-12-09 04:20:00
604011,雅图停车场,上虞区,60,8,2024-12-09 04:20:00
604012,人民桥下2号停车场,上虞区,60,32,2024-12-09 04:20:00
604006,供销社停车场,上虞区,106,0,2024-12-09 04:20:00
604013,第二人民医院停车场,上虞区,350,305,2024-12-09 04:20:00
604009,保驾山夜排挡停车场,上虞区,106,0,2024-12-09 04:15:00
604005,人民桥下停车场,上虞区,40,0,2024-12-09 04:15:00
604011,雅图停车场,上虞区,60,8,2024-12-09 04:15:00
604008,青春广场停车场,上虞区,70,0,2024-12-09 04:15:00
24032610340324759,小越历史街区停车场,上虞区,74,0,2024-12-09 04:15:00
604007,信义广场北停车场,上虞区,41,38,2024-12-09 04:15:00
604002,梁祝大桥东桥下停车场,上虞区,95,58,2024-12-09 04:15:00
604003,信义广场南停车场,上虞区,15,15,2024-12-09 04:15:00
604006,供销社停车场,上虞区,106,0,2024-12-09 04:15:00
604004,保驾山停车场,上虞区,37,0,2024-12-09 04:15:00
19120915472614497,咪网测试停车场,上虞区,97,100,2024-12-09 04:15:00
604013,第二人民医院停车场,上虞区,350,305,2024-12-09 04:15:00
604012,人民桥下2号停车场,上虞区,60,32,2024-12-09 04:15:00
604013,第二人民医院停车场,上虞区,350,305,2024-12-09 04:10:00
24032610340324759,小越历史街区停车场,上虞区,74,0,2024-12-09 04:10:00
604006,供销社停车场,上虞区,106,0,2024-12-09 04:10:00
604004,保驾山停车场,上虞区,37,0,2024-12-09 04:10:00
19120915472614497,咪网测试停车场,上虞区,97,100,2024-12-09 04:10:00
604008,青春广场停车场,上虞区,70,0,2024-12-09 04:10:00
604007,信义广场北停车场,上虞区,41,38,2024-12-09 04:10:00
604002,梁祝大桥东桥下停车场,上虞区,95,58,2024-12-09 04:10:00
604012,人民桥下2号停车场,上虞区,60,32,2024-12-09 04:10:00
604005,人民桥下停车场,上虞区,40,0,2024-12-09 04:10:00
604003,信义广场南停车场,上虞区,15,15,2024-12-09 04:10:00
604011,雅图停车场,上虞区,60,8,2024-12-09 04:10:00
604009,保驾山夜排挡停车场,上虞区,106,0,2024-12-09 04:10:00
604011,雅图停车场,上虞区,60,8,2024-12-09 04:05:00
604006,供销社停车场,上虞区,106,0,2024-12-09 04:05:00
604005,人民桥下停车场,上虞区,40,0,2024-12-09 04:05:00
604004,保驾山停车场,上虞区,37,0,2024-12-09 04:05:00
604013,第二人民医院停车场,上虞区,350,305,2024-12-09 04:05:00
19120915472614497,咪网测试停车场,上虞区,97,100,2024-12-09 04:05:00
604007,信义广场北停车场,上虞区,41,38,2024-12-09 04:05:00
604008,青春广场停车场,上虞区,70,0,2024-12-09 04:05:00
24032610340324759,小越历史街区停车场,上虞区,74,0,2024-12-09 04:05:00
604012,人民桥下2号停车场,上虞区,60,32,2024-12-09 04:05:00
604009,保驾山夜排挡停车场,上虞区,106,0,2024-12-09 04:05:00
604003,信义广场南停车场,上虞区,15,15,2024-12-09 04:05:00
604002,梁祝大桥东桥下停车场,上虞区,95,58,2024-12-09 04:05:00
604013,第二人民医院停车场,上虞区,350,305,2024-12-09 04:00:00
604002,梁祝大桥东桥下停车场,上虞区,95,58,2024-12-09 04:00:00
604008,青春广场停车场,上虞区,70,0,2024-12-09 04:00:00
