TCCBH,TCCMC,SZQX,BWZS,SYBW,FBSJ
XC2020023,城西小学停车场,新昌县,315,148,2024-09-24 09:34:55
XC2020003,服务大楼停车场,新昌县,200,22,2024-09-24 09:34:39
XC2020007,鼓山公园停车场,新昌县,998,512,2024-09-24 09:34:39
XC2020005,智慧家园停车场,新昌县,500,498,2024-09-24 09:34:20
XC2020004,十九峰路停车场,新昌县,100,84,2024-09-24 09:34:07
XC2020022,大佛寺文化旅游区停车场,新昌县,190,38,2024-09-24 09:34:06
XC2020023,城西小学停车场,新昌县,315,143,2024-09-24 09:29:55
XC2020003,服务大楼停车场,新昌县,200,28,2024-09-24 09:29:39
XC2020007,鼓山公园停车场,新昌县,998,513,2024-09-24 09:29:39
XC2020005,智慧家园停车场,新昌县,500,498,2024-09-24 09:29:20
XC2020004,十九峰路停车场,新昌县,100,84,2024-09-24 09:29:07
XC2020022,大佛寺文化旅游区停车场,新昌县,190,42,2024-09-24 09:29:06
XC2020023,城西小学停车场,新昌县,315,145,2024-09-24 09:24:55
XC2020003,服务大楼停车场,新昌县,200,29,2024-09-24 09:24:39
XC2020007,鼓山公园停车场,新昌县,998,513,2024-09-24 09:24:39
XC2020005,智慧家园停车场,新昌县,500,498,2024-09-24 09:24:20
XC2020004,十九峰路停车场,新昌县,100,83,2024-09-24 09:24:07
XC2020022,大佛寺文化旅游区停车场,新昌县,190,41,2024-09-24 09:24:06
XC2020023,城西小学停车场,新昌县,315,145,2024-09-24 09:19:55
XC2020003,服务大楼停车场,新昌县,200,32,2024-09-24 09:19:39
XC2020007,鼓山公园停车场,新昌县,998,511,2024-09-24 09:19:39
XC2020005,智慧家园停车场,新昌县,500,498,2024-09-24 09:19:20
XC2020004,十九峰路停车场,新昌县,100,84,2024-09-24 09:19:07
XC2020022,大佛寺文化旅游区停车场,新昌县,190,43,2024-09-24 09:19:06
XC2020023,城西小学停车场,新昌县,315,140,2024-09-24 09:14:55
XC2020002,演溪路停车场,新昌县,70,63,2024-06-21 07:07:25
XC2020005,智慧家园停车场,新昌县,500,498,2023-11-21 09:04:58
XC2020023,城西小学停车场,新昌县,315,72,2023-11-21 09:04:55
XC2020007,鼓山公园停车场,新昌县,998,207,2023-11-21 09:04:54
XC2020022,大佛寺文化旅游区停车场,新昌县,290,157,2023-11-21 09:04:34
XC2020003,服务大楼停车场,新昌县,200,28,2023-11-21 09:04:33
XC2020002,演溪路停车场,新昌县,70,67,2023-11-21 09:04:18
XC2020005,智慧家园停车场,新昌县,500,499,2023-11-21 08:59:58
XC2020023,城西小学停车场,新昌县,315,72,2023-11-21 08:59:55
XC2020007,鼓山公园停车场,新昌县,998,211,2023-11-21 08:59:54
XC2020022,大佛寺文化旅游区停车场,新昌县,290,161,2023-11-21 08:59:34
XC2020003,服务大楼停车场,新昌县,200,33,2023-11-21 08:59:33
XC2020002,演溪路停车场,新昌县,70,68,2023-11-21 08:59:18
XC2020005,智慧家园停车场,新昌县,500,498,2023-11-21 08:54:58
XC2020023,城西小学停车场,新昌县,315,72,2023-11-21 08:54:55
XC2020007,鼓山公园停车场,新昌县,998,201,2023-11-21 08:54:54
XC2020022,大佛寺文化旅游区停车场,新昌县,290,162,2023-11-21 08:54:34
XC2020003,服务大楼停车场,新昌县,200,38,2023-11-21 08:54:33
XC2020002,演溪路停车场,新昌县,70,67,2023-11-21 08:54:18
XC2020005,智慧家园停车场,新昌县,500,496,2023-11-21 08:49:58
XC2020023,城西小学停车场,新昌县,315,72,2023-11-21 08:49:55
XC2020007,鼓山公园停车场,新昌县,998,192,2023-11-21 08:49:54
XC2020022,大佛寺文化旅游区停车场,新昌县,290,166,2023-11-21 08:49:34
XC2020003,服务大楼停车场,新昌县,200,43,2023-11-21 08:49:33
XC2020002,演溪路停车场,新昌县,70,65,2023-11-21 08:49:18
XC2020005,智慧家园停车场,新昌县,500,495,2023-11-21 08:44:58
XC2020023,城西小学停车场,新昌县,315,74,2023-11-21 08:44:55
XC2020007,鼓山公园停车场,新昌县,998,185,2023-11-21 08:44:54
XC2020022,大佛寺文化旅游区停车场,新昌县,290,168,2023-11-21 08:44:34
XC2020003,服务大楼停车场,新昌县,200,47,2023-11-21 08:44:33
XC2020002,演溪路停车场,新昌县,70,67,2023-11-21 08:44:18
XC2020005,智慧家园停车场,新昌县,500,493,2023-11-21 08:39:58
XC2020023,城西小学停车场,新昌县,315,74,2023-11-21 08:39:55
XC2020007,鼓山公园停车场,新昌县,998,178,2023-11-21 08:39:54
XC2020022,大佛寺文化旅游区停车场,新昌县,290,168,2023-11-21 08:39:34
XC2020003,服务大楼停车场,新昌县,200,50,2023-11-21 08:39:33
XC2020002,演溪路停车场,新昌县,70,69,2023-11-21 08:39:18
XC2020005,智慧家园停车场,新昌县,500,493,2023-11-21 08:34:58
XC2020023,城西小学停车场,新昌县,315,71,2023-11-21 08:34:55
XC2020007,鼓山公园停车场,新昌县,998,178,2023-11-21 08:34:54
XC2020022,大佛寺文化旅游区停车场,新昌县,290,165,2023-11-21 08:34:34
XC2020003,服务大楼停车场,新昌县,200,49,2023-11-21 08:34:33
XC2020002,演溪路停车场,新昌县,70,68,2023-11-21 08:34:18
XC2020005,智慧家园停车场,新昌县,500,493,2023-11-21 08:29:58
XC2020023,城西小学停车场,新昌县,315,67,2023-11-21 08:29:55
XC2020007,鼓山公园停车场,新昌县,998,183,2023-11-21 08:29:54
XC2020022,大佛寺文化旅游区停车场,新昌县,290,168,2023-11-21 08:29:34
XC2020003,服务大楼停车场,新昌县,200,57,2023-11-21 08:29:33
XC2020002,演溪路停车场,新昌县,70,70,2023-11-21 08:29:18
XC2020005,智慧家园停车场,新昌县,500,494,2023-11-21 08:24:58
XC2020023,城西小学停车场,新昌县,315,60,2023-11-21 08:24:55
XC2020007,鼓山公园停车场,新昌县,998,195,2023-11-21 08:24:54
XC2020022,大佛寺文化旅游区停车场,新昌县,290,171,2023-11-21 08:24:34
XC2020003,服务大楼停车场,新昌县,200,79,2023-11-21 08:24:33
XC2020002,演溪路停车场,新昌县,70,70,2023-11-21 08:24:18
XC2020005,智慧家园停车场,新昌县,500,494,2023-11-21 08:19:58
XC2020023,城西小学停车场,新昌县,315,56,2023-11-21 08:19:55
XC2020007,鼓山公园停车场,新昌县,998,205,2023-11-21 08:19:54
XC2020022,大佛寺文化旅游区停车场,新昌县,290,175,2023-11-21 08:19:34
XC2020003,服务大楼停车场,新昌县,200,98,2023-11-21 08:19:33
XC2020002,演溪路停车场,新昌县,70,70,2023-11-21 08:19:18
XC2020005,智慧家园停车场,新昌县,500,497,2023-11-21 08:14:58
XC2020023,城西小学停车场,新昌县,315,50,2023-11-21 08:14:55
XC2020007,鼓山公园停车场,新昌县,998,203,2023-11-21 08:14:54
XC2020022,大佛寺文化旅游区停车场,新昌县,290,175,2023-11-21 08:14:34
XC2020003,服务大楼停车场,新昌县,200,119,2023-11-21 08:14:33
XC2020002,演溪路停车场,新昌县,70,69,2023-11-21 08:14:18
XC2020005,智慧家园停车场,新昌县,500,497,2023-11-21 08:09:58
XC2020023,城西小学停车场,新昌县,315,36,2023-11-21 08:09:55
XC2020007,鼓山公园停车场,新昌县,998,209,2023-11-21 08:09:54
XC2020022,大佛寺文化旅游区停车场,新昌县,290,176,2023-11-21 08:09:34
XC2020003,服务大楼停车场,新昌县,200,137,2023-11-21 08:09:33
XC2020002,演溪路停车场,新昌县,70,64,2023-11-21 08:09:18
XC2020005,智慧家园停车场,新昌县,500,497,2023-11-21 08:04:58
XC2020023,城西小学停车场,新昌县,315,14,2023-11-21 08:04:55
XC2020007,鼓山公园停车场,新昌县,998,212,2023-11-21 08:04:54
XC2020022,大佛寺文化旅游区停车场,新昌县,290,176,2023-11-21 08:04:34
XC2020003,服务大楼停车场,新昌县,200,145,2023-11-21 08:04:33
XC2020002,演溪路停车场,新昌县,70,64,2023-11-21 08:04:18
XC2020005,智慧家园停车场,新昌县,500,500,2023-11-21 07:59:58
XC2020023,城西小学停车场,新昌县,315,5,2023-11-21 07:59:55
XC2020007,鼓山公园停车场,新昌县,998,209,2023-11-21 07:59:54
XC2020022,大佛寺文化旅游区停车场,新昌县,290,166,2023-11-21 07:59:34
XC2020003,服务大楼停车场,新昌县,200,154,2023-11-21 07:59:33
XC2020002,演溪路停车场,新昌县,70,65,2023-11-21 07:59:18
XC2020005,智慧家园停车场,新昌县,500,500,2023-11-21 07:54:58
XC2020023,城西小学停车场,新昌县,315,16,2023-11-21 07:54:55
XC2020007,鼓山公园停车场,新昌县,998,200,2023-11-21 07:54:54
XC2020022,大佛寺文化旅游区停车场,新昌县,290,167,2023-11-21 07:54:34
XC2020003,服务大楼停车场,新昌县,200,162,2023-11-21 07:54:33
XC2020002,演溪路停车场,新昌县,70,67,2023-11-21 07:54:18
XC2020005,智慧家园停车场,新昌县,500,500,2023-11-21 07:49:58
XC2020023,城西小学停车场,新昌县,315,29,2023-11-21 07:49:55
XC2020007,鼓山公园停车场,新昌县,998,211,2023-11-21 07:49:54
XC2020022,大佛寺文化旅游区停车场,新昌县,290,163,2023-11-21 07:49:34
XC2020003,服务大楼停车场,新昌县,200,163,2023-11-21 07:49:33
XC2020002,演溪路停车场,新昌县,70,67,2023-11-21 07:49:18
XC2020005,智慧家园停车场,新昌县,500,500,2023-11-21 07:44:58
XC2020023,城西小学停车场,新昌县,315,33,2023-11-21 07:44:55
XC2020007,鼓山公园停车场,新昌县,998,228,2023-11-21 07:44:54
XC2020022,大佛寺文化旅游区停车场,新昌县,290,165,2023-11-21 07:44:34
XC2020003,服务大楼停车场,新昌县,200,166,2023-11-21 07:44:33
XC2020002,演溪路停车场,新昌县,70,66,2023-11-21 07:44:18
XC2020005,智慧家园停车场,新昌县,500,500,2023-11-21 07:39:58
XC2020023,城西小学停车场,新昌县,315,58,2023-11-21 07:39:55
XC2020007,鼓山公园停车场,新昌县,998,232,2023-11-21 07:39:54
XC2020022,大佛寺文化旅游区停车场,新昌县,290,167,2023-11-21 07:39:34
XC2020003,服务大楼停车场,新昌县,200,168,2023-11-21 07:39:33
XC2020002,演溪路停车场,新昌县,70,66,2023-11-21 07:39:18
XC2020005,智慧家园停车场,新昌县,500,500,2023-11-21 07:34:58
XC2020023,城西小学停车场,新昌县,315,80,2023-11-21 07:34:55
XC2020007,鼓山公园停车场,新昌县,998,247,2023-11-21 07:34:54
XC2020022,大佛寺文化旅游区停车场,新昌县,290,168,2023-11-21 07:34:34
XC2020003,服务大楼停车场,新昌县,200,167,2023-11-21 07:34:33
XC2020002,演溪路停车场,新昌县,70,65,2023-11-21 07:34:18
XC2020005,智慧家园停车场,新昌县,500,500,2023-11-21 07:29:58
XC2020023,城西小学停车场,新昌县,315,97,2023-11-21 07:29:55
XC2020007,鼓山公园停车场,新昌县,998,246,2023-11-21 07:29:54
XC2020022,大佛寺文化旅游区停车场,新昌县,290,168,2023-11-21 07:29:34
XC2020003,服务大楼停车场,新昌县,200,164,2023-11-21 07:29:33
XC2020002,演溪路停车场,新昌县,70,66,2023-11-21 07:29:18
XC2020005,智慧家园停车场,新昌县,500,498,2023-11-21 07:24:58
XC2020023,城西小学停车场,新昌县,315,97,2023-11-21 07:24:55
XC2020007,鼓山公园停车场,新昌县,998,244,2023-11-21 07:24:54
XC2020022,大佛寺文化旅游区停车场,新昌县,290,168,2023-11-21 07:24:34
XC2020003,服务大楼停车场,新昌县,200,160,2023-11-21 07:24:33
XC2020002,演溪路停车场,新昌县,70,67,2023-11-21 07:24:18
XC2020005,智慧家园停车场,新昌县,500,498,2023-11-21 07:19:58
XC2020023,城西小学停车场,新昌县,315,103,2023-11-21 07:19:55
XC2020007,鼓山公园停车场,新昌县,998,250,2023-11-21 07:19:54
XC2020022,大佛寺文化旅游区停车场,新昌县,290,167,2023-11-21 07:19:34
XC2020003,服务大楼停车场,新昌县,200,161,2023-11-21 07:19:33
XC2020002,演溪路停车场,新昌县,70,65,2023-11-21 07:19:18
XC2020005,智慧家园停车场,新昌县,500,494,2023-11-21 07:14:58
XC2020023,城西小学停车场,新昌县,315,103,2023-11-21 07:14:55
XC2020007,鼓山公园停车场,新昌县,998,252,2023-11-21 07:14:54
XC2020022,大佛寺文化旅游区停车场,新昌县,290,170,2023-11-21 07:14:34
XC2020003,服务大楼停车场,新昌县,200,161,2023-11-21 07:14:33
XC2020002,演溪路停车场,新昌县,70,64,2023-11-21 07:14:18
XC2020005,智慧家园停车场,新昌县,500,493,2023-11-21 07:09:58
XC2020023,城西小学停车场,新昌县,315,104,2023-11-21 07:09:55
XC2020007,鼓山公园停车场,新昌县,998,250,2023-11-21 07:09:54
XC2020022,大佛寺文化旅游区停车场,新昌县,290,171,2023-11-21 07:09:34
XC2020003,服务大楼停车场,新昌县,200,159,2023-11-21 07:09:33
XC2020002,演溪路停车场,新昌县,70,63,2023-11-21 07:09:18
XC2020005,智慧家园停车场,新昌县,500,491,2023-11-21 07:04:58
XC2020023,城西小学停车场,新昌县,315,102,2023-11-21 07:04:55
XC2020007,鼓山公园停车场,新昌县,998,252,2023-11-21 07:04:54
XC2020022,大佛寺文化旅游区停车场,新昌县,290,172,2023-11-21 07:04:34
XC2020003,服务大楼停车场,新昌县,200,156,2023-11-21 07:04:33
XC2020002,演溪路停车场,新昌县,70,64,2023-11-21 07:04:18
XC2020005,智慧家园停车场,新昌县,500,490,2023-11-21 06:59:58
XC2020023,城西小学停车场,新昌县,315,103,2023-11-21 06:59:55
XC2020007,鼓山公园停车场,新昌县,998,250,2023-11-21 06:59:54
XC2020022,大佛寺文化旅游区停车场,新昌县,290,171,2023-11-21 06:59:34
XC2020003,服务大楼停车场,新昌县,200,155,2023-11-21 06:59:33
XC2020002,演溪路停车场,新昌县,70,64,2023-11-21 06:59:18
XC2020005,智慧家园停车场,新昌县,500,490,2023-11-21 06:54:58
XC2020023,城西小学停车场,新昌县,315,103,2023-11-21 06:54:55
XC2020007,鼓山公园停车场,新昌县,998,251,2023-11-21 06:54:54
XC2020022,大佛寺文化旅游区停车场,新昌县,290,171,2023-11-21 06:54:34
XC2020003,服务大楼停车场,新昌县,200,153,2023-11-21 06:54:33
XC2020002,演溪路停车场,新昌县,70,62,2023-11-21 06:54:18
XC2020005,智慧家园停车场,新昌县,500,489,2023-11-21 06:49:58
XC2020023,城西小学停车场,新昌县,315,104,2023-11-21 06:49:55
XC2020007,鼓山公园停车场,新昌县,998,252,2023-11-21 06:49:54
XC2020022,大佛寺文化旅游区停车场,新昌县,290,171,2023-11-21 06:49:34
XC2020003,服务大楼停车场,新昌县,200,153,2023-11-21 06:49:33
XC2020002,演溪路停车场,新昌县,70,62,2023-11-21 06:49:18
XC2020005,智慧家园停车场,新昌县,500,487,2023-11-21 06:44:58
XC2020023,城西小学停车场,新昌县,315,100,2023-11-21 06:44:55
XC2020007,鼓山公园停车场,新昌县,998,252,2023-11-21 06:44:54
XC2020022,大佛寺文化旅游区停车场,新昌县,290,171,2023-11-21 06:44:34
XC2020003,服务大楼停车场,新昌县,200,152,2023-11-21 06:44:33
XC2020002,演溪路停车场,新昌县,70,62,2023-11-21 06:44:18
XC2020005,智慧家园停车场,新昌县,500,485,2023-11-21 06:39:58
XC2020023,城西小学停车场,新昌县,315,99,2023-11-21 06:39:55
XC2020007,鼓山公园停车场,新昌县,998,253,2023-11-21 06:39:54
XC2020022,大佛寺文化旅游区停车场,新昌县,290,171,2023-11-21 06:39:34
XC2020003,服务大楼停车场,新昌县,200,152,2023-11-21 06:39:33
XC2020002,演溪路停车场,新昌县,70,62,2023-11-21 06:39:18
XC2020005,智慧家园停车场,新昌县,500,485,2023-11-21 06:34:58
XC2020023,城西小学停车场,新昌县,315,99,2023-11-21 06:34:55
XC2020007,鼓山公园停车场,新昌县,998,254,2023-11-21 06:34:54
XC2020022,大佛寺文化旅游区停车场,新昌县,290,173,2023-11-21 06:34:34
XC2020003,服务大楼停车场,新昌县,200,150,2023-11-21 06:34:33
XC2020002,演溪路停车场,新昌县,70,60,2023-11-21 06:34:18
XC2020005,智慧家园停车场,新昌县,500,485,2023-11-21 06:29:58
XC2020023,城西小学停车场,新昌县,315,97,2023-11-21 06:29:55
XC2020007,鼓山公园停车场,新昌县,998,254,2023-11-21 06:29:54
XC2020022,大佛寺文化旅游区停车场,新昌县,290,174,2023-11-21 06:29:34
XC2020003,服务大楼停车场,新昌县,200,147,2023-11-21 06:29:33
XC2020002,演溪路停车场,新昌县,70,58,2023-11-21 06:29:18
XC2020005,智慧家园停车场,新昌县,500,485,2023-11-21 06:24:58
XC2020023,城西小学停车场,新昌县,315,97,2023-11-21 06:24:55
XC2020007,鼓山公园停车场,新昌县,998,254,2023-11-21 06:24:54
XC2020022,大佛寺文化旅游区停车场,新昌县,290,175,2023-11-21 06:24:34
XC2020003,服务大楼停车场,新昌县,200,148,2023-11-21 06:24:33
XC2020002,演溪路停车场,新昌县,70,58,2023-11-21 06:24:18
XC2020005,智慧家园停车场,新昌县,500,485,2023-11-21 06:19:58
XC2020023,城西小学停车场,新昌县,315,97,2023-11-21 06:19:55
XC2020007,鼓山公园停车场,新昌县,998,254,2023-11-21 06:19:54
XC2020022,大佛寺文化旅游区停车场,新昌县,290,175,2023-11-21 06:19:34
XC2020003,服务大楼停车场,新昌县,200,148,2023-11-21 06:19:33
XC2020002,演溪路停车场,新昌县,70,57,2023-11-21 06:19:18
XC2020005,智慧家园停车场,新昌县,500,485,2023-11-21 06:14:58
XC2020023,城西小学停车场,新昌县,315,96,2023-11-21 06:14:55
XC2020007,鼓山公园停车场,新昌县,998,254,2023-11-21 06:14:54
XC2020022,大佛寺文化旅游区停车场,新昌县,290,176,2023-11-21 06:14:34
XC2020003,服务大楼停车场,新昌县,200,148,2023-11-21 06:14:33
XC2020002,演溪路停车场,新昌县,70,56,2023-11-21 06:14:18
XC2020005,智慧家园停车场,新昌县,500,485,2023-11-21 06:09:58
XC2020023,城西小学停车场,新昌县,315,97,2023-11-21 06:09:55
XC2020007,鼓山公园停车场,新昌县,998,254,2023-11-21 06:09:54
XC2020022,大佛寺文化旅游区停车场,新昌县,290,176,2023-11-21 06:09:34
XC2020003,服务大楼停车场,新昌县,200,148,2023-11-21 06:09:33
XC2020002,演溪路停车场,新昌县,70,56,2023-11-21 06:09:18
XC2020005,智慧家园停车场,新昌县,500,485,2023-11-21 06:04:58
XC2020023,城西小学停车场,新昌县,315,97,2023-11-21 06:04:55
XC2020007,鼓山公园停车场,新昌县,998,254,2023-11-21 06:04:54
XC2020022,大佛寺文化旅游区停车场,新昌县,290,176,2023-11-21 06:04:34
XC2020003,服务大楼停车场,新昌县,200,149,2023-11-21 06:04:33
XC2020002,演溪路停车场,新昌县,70,56,2023-11-21 06:04:18
XC2020005,智慧家园停车场,新昌县,500,485,2023-11-21 05:59:58
XC2020023,城西小学停车场,新昌县,315,97,2023-11-21 05:59:55
XC2020007,鼓山公园停车场,新昌县,998,254,2023-11-21 05:59:54
XC2020022,大佛寺文化旅游区停车场,新昌县,290,176,2023-11-21 05:59:34
XC2020003,服务大楼停车场,新昌县,200,149,2023-11-21 05:59:33
XC2020002,演溪路停车场,新昌县,70,56,2023-11-21 05:59:18
XC2020005,智慧家园停车场,新昌县,500,485,2023-11-21 05:54:58
XC2020023,城西小学停车场,新昌县,315,97,2023-11-21 05:54:55
XC2020007,鼓山公园停车场,新昌县,998,254,2023-11-21 05:54:54
XC2020022,大佛寺文化旅游区停车场,新昌县,290,176,2023-11-21 05:54:34
XC2020003,服务大楼停车场,新昌县,200,149,2023-11-21 05:54:33
XC2020002,演溪路停车场,新昌县,70,56,2023-11-21 05:54:18
XC2020005,智慧家园停车场,新昌县,500,485,2023-11-21 05:49:58
XC2020023,城西小学停车场,新昌县,315,97,2023-11-21 05:49:55
XC2020007,鼓山公园停车场,新昌县,998,254,2023-11-21 05:49:54
XC2020022,大佛寺文化旅游区停车场,新昌县,290,178,2023-11-21 05:49:34
XC2020003,服务大楼停车场,新昌县,200,149,2023-11-21 05:49:33
XC2020002,演溪路停车场,新昌县,70,56,2023-11-21 05:49:18
XC2020005,智慧家园停车场,新昌县,500,485,2023-11-21 05:44:58
XC2020023,城西小学停车场,新昌县,315,97,2023-11-21 05:44:55
XC2020007,鼓山公园停车场,新昌县,998,254,2023-11-21 05:44:54
XC2020022,大佛寺文化旅游区停车场,新昌县,290,177,2023-11-21 05:44:34
XC2020003,服务大楼停车场,新昌县,200,149,2023-11-21 05:44:33
XC2020002,演溪路停车场,新昌县,70,56,2023-11-21 05:44:18
XC2020005,智慧家园停车场,新昌县,500,485,2023-11-21 05:39:58
XC2020023,城西小学停车场,新昌县,315,97,2023-11-21 05:39:55
XC2020007,鼓山公园停车场,新昌县,998,253,2023-11-21 05:39:54
XC2020022,大佛寺文化旅游区停车场,新昌县,290,178,2023-11-21 05:39:34
XC2020003,服务大楼停车场,新昌县,200,149,2023-11-21 05:39:33
XC2020002,演溪路停车场,新昌县,70,56,2023-11-21 05:39:18
XC2020005,智慧家园停车场,新昌县,500,485,2023-11-21 05:34:58
XC2020023,城西小学停车场,新昌县,315,97,2023-11-21 05:34:55
XC2020007,鼓山公园停车场,新昌县,998,254,2023-11-21 05:34:54
XC2020022,大佛寺文化旅游区停车场,新昌县,290,178,2023-11-21 05:34:34
XC2020003,服务大楼停车场,新昌县,200,149,2023-11-21 05:34:33
XC2020002,演溪路停车场,新昌县,70,56,2023-11-21 05:34:18
XC2020005,智慧家园停车场,新昌县,500,485,2023-11-21 05:29:58
XC2020023,城西小学停车场,新昌县,315,97,2023-11-21 05:29:55
XC2020007,鼓山公园停车场,新昌县,998,254,2023-11-21 05:29:54
XC2020022,大佛寺文化旅游区停车场,新昌县,290,178,2023-11-21 05:29:34
XC2020003,服务大楼停车场,新昌县,200,149,2023-11-21 05:29:33
XC2020002,演溪路停车场,新昌县,70,56,2023-11-21 05:29:18
XC2020005,智慧家园停车场,新昌县,500,485,2023-11-21 05:24:58
XC2020023,城西小学停车场,新昌县,315,97,2023-11-21 05:24:55
XC2020007,鼓山公园停车场,新昌县,998,254,2023-11-21 05:24:54
XC2020022,大佛寺文化旅游区停车场,新昌县,290,178,2023-11-21 05:24:34
XC2020003,服务大楼停车场,新昌县,200,149,2023-11-21 05:24:33
XC2020002,演溪路停车场,新昌县,70,56,2023-11-21 05:24:18
XC2020005,智慧家园停车场,新昌县,500,485,2023-11-21 05:19:58
XC2020023,城西小学停车场,新昌县,315,96,2023-11-21 05:19:55
XC2020007,鼓山公园停车场,新昌县,998,254,2023-11-21 05:19:54
XC2020022,大佛寺文化旅游区停车场,新昌县,290,178,2023-11-21 05:19:34
XC2020003,服务大楼停车场,新昌县,200,148,2023-11-21 05:19:33
XC2020002,演溪路停车场,新昌县,70,56,2023-11-21 05:19:18
XC2020005,智慧家园停车场,新昌县,500,485,2023-11-21 05:14:58
XC2020023,城西小学停车场,新昌县,315,96,2023-11-21 05:14:55
XC2020007,鼓山公园停车场,新昌县,998,254,2023-11-21 05:14:54
XC2020022,大佛寺文化旅游区停车场,新昌县,290,178,2023-11-21 05:14:34
XC2020003,服务大楼停车场,新昌县,200,148,2023-11-21 05:14:33
XC2020002,演溪路停车场,新昌县,70,56,2023-11-21 05:14:18
XC2020005,智慧家园停车场,新昌县,500,485,2023-11-21 05:09:58
XC2020023,城西小学停车场,新昌县,315,96,2023-11-21 05:09:55
XC2020007,鼓山公园停车场,新昌县,998,254,2023-11-21 05:09:54
XC2020022,大佛寺文化旅游区停车场,新昌县,290,178,2023-11-21 05:09:34
XC2020003,服务大楼停车场,新昌县,200,148,2023-11-21 05:09:33
XC2020002,演溪路停车场,新昌县,70,56,2023-11-21 05:09:18
XC2020005,智慧家园停车场,新昌县,500,485,2023-11-21 05:04:58
XC2020023,城西小学停车场,新昌县,315,96,2023-11-21 05:04:55
XC2020007,鼓山公园停车场,新昌县,998,254,2023-11-21 05:04:54
XC2020022,大佛寺文化旅游区停车场,新昌县,290,178,2023-11-21 05:04:34
XC2020003,服务大楼停车场,新昌县,200,148,2023-11-21 05:04:33
XC2020002,演溪路停车场,新昌县,70,56,2023-11-21 05:04:18
XC2020005,智慧家园停车场,新昌县,500,485,2023-11-21 04:59:58
XC2020023,城西小学停车场,新昌县,315,96,2023-11-21 04:59:55
XC2020007,鼓山公园停车场,新昌县,998,253,2023-11-21 04:59:54
XC2020022,大佛寺文化旅游区停车场,新昌县,290,178,2023-11-21 04:59:34
XC2020003,服务大楼停车场,新昌县,200,148,2023-11-21 04:59:33
XC2020002,演溪路停车场,新昌县,70,56,2023-11-21 04:59:18
XC2020005,智慧家园停车场,新昌县,500,485,2023-11-21 04:54:58
XC2020023,城西小学停车场,新昌县,315,96,2023-11-21 04:54:55
XC2020007,鼓山公园停车场,新昌县,998,253,2023-11-21 04:54:54
XC2020022,大佛寺文化旅游区停车场,新昌县,290,178,2023-11-21 04:54:34
XC2020003,服务大楼停车场,新昌县,200,148,2023-11-21 04:54:33
XC2020002,演溪路停车场,新昌县,70,56,2023-11-21 04:54:18
XC2020005,智慧家园停车场,新昌县,500,485,2023-11-21 04:49:58
XC2020023,城西小学停车场,新昌县,315,96,2023-11-21 04:49:55
XC2020007,鼓山公园停车场,新昌县,998,254,2023-11-21 04:49:54
XC2020022,大佛寺文化旅游区停车场,新昌县,290,178,2023-11-21 04:49:34
XC2020003,服务大楼停车场,新昌县,200,148,2023-11-21 04:49:33
XC2020002,演溪路停车场,新昌县,70,56,2023-11-21 04:49:18
XC2020005,智慧家园停车场,新昌县,500,485,2023-11-21 04:44:58
XC2020023,城西小学停车场,新昌县,315,96,2023-11-21 04:44:55
XC2020007,鼓山公园停车场,新昌县,998,254,2023-11-21 04:44:54
XC2020022,大佛寺文化旅游区停车场,新昌县,290,178,2023-11-21 04:44:34
XC2020003,服务大楼停车场,新昌县,200,148,2023-11-21 04:44:33
XC2020002,演溪路停车场,新昌县,70,56,2023-11-21 04:44:18
XC2020005,智慧家园停车场,新昌县,500,485,2023-11-21 04:39:58
XC2020023,城西小学停车场,新昌县,315,95,2023-11-21 04:39:55
XC2020007,鼓山公园停车场,新昌县,998,254,2023-11-21 04:39:54
XC2020022,大佛寺文化旅游区停车场,新昌县,290,178,2023-11-21 04:39:34
XC2020003,服务大楼停车场,新昌县,200,148,2023-11-21 04:39:33
XC2020002,演溪路停车场,新昌县,70,56,2023-11-21 04:39:18
XC2020005,智慧家园停车场,新昌县,500,485,2023-11-21 04:34:58
XC2020023,城西小学停车场,新昌县,315,95,2023-11-21 04:34:55
XC2020007,鼓山公园停车场,新昌县,998,254,2023-11-21 04:34:54
XC2020022,大佛寺文化旅游区停车场,新昌县,290,178,2023-11-21 04:34:34
XC2020003,服务大楼停车场,新昌县,200,148,2023-11-21 04:34:33
XC2020002,演溪路停车场,新昌县,70,56,2023-11-21 04:34:18
XC2020005,智慧家园停车场,新昌县,500,485,2023-11-21 04:29:58
XC2020023,城西小学停车场,新昌县,315,95,2023-11-21 04:29:55
XC2020007,鼓山公园停车场,新昌县,998,254,2023-11-21 04:29:54
XC2020022,大佛寺文化旅游区停车场,新昌县,290,178,2023-11-21 04:29:34
XC2020003,服务大楼停车场,新昌县,200,148,2023-11-21 04:29:33
XC2020002,演溪路停车场,新昌县,70,56,2023-11-21 04:29:18
XC2020005,智慧家园停车场,新昌县,500,485,2023-11-21 04:24:58
XC2020023,城西小学停车场,新昌县,315,95,2023-11-21 04:24:55
XC2020007,鼓山公园停车场,新昌县,998,254,2023-11-21 04:24:54
XC2020022,大佛寺文化旅游区停车场,新昌县,290,178,2023-11-21 04:24:34
XC2020003,服务大楼停车场,新昌县,200,148,2023-11-21 04:24:33
XC2020002,演溪路停车场,新昌县,70,56,2023-11-21 04:24:18
XC2020005,智慧家园停车场,新昌县,500,485,2023-11-21 04:19:58
XC2020023,城西小学停车场,新昌县,315,95,2023-11-21 04:19:55
XC2020007,鼓山公园停车场,新昌县,998,254,2023-11-21 04:19:54
XC2020022,大佛寺文化旅游区停车场,新昌县,290,178,2023-11-21 04:19:34
XC2020003,服务大楼停车场,新昌县,200,148,2023-11-21 04:19:33
XC2020002,演溪路停车场,新昌县,70,56,2023-11-21 04:19:18
XC2020005,智慧家园停车场,新昌县,500,485,2023-11-21 04:14:58
XC2020023,城西小学停车场,新昌县,315,96,2023-11-21 04:14:55
XC2020007,鼓山公园停车场,新昌县,998,254,2023-11-21 04:14:54
XC2020022,大佛寺文化旅游区停车场,新昌县,290,178,2023-11-21 04:14:34
XC2020003,服务大楼停车场,新昌县,200,148,2023-11-21 04:14:33
XC2020002,演溪路停车场,新昌县,70,56,2023-11-21 04:14:18
XC2020005,智慧家园停车场,新昌县,500,485,2023-11-21 04:09:58
XC2020023,城西小学停车场,新昌县,315,96,2023-11-21 04:09:55
XC2020007,鼓山公园停车场,新昌县,998,254,2023-11-21 04:09:54
XC2020022,大佛寺文化旅游区停车场,新昌县,290,177,2023-11-21 04:09:34
XC2020003,服务大楼停车场,新昌县,200,148,2023-11-21 04:09:33
XC2020002,演溪路停车场,新昌县,70,56,2023-11-21 04:09:18
XC2020005,智慧家园停车场,新昌县,500,485,2023-11-21 04:04:58
XC2020023,城西小学停车场,新昌县,315,96,2023-11-21 04:04:55
XC2020007,鼓山公园停车场,新昌县,998,254,2023-11-21 04:04:54
XC2020022,大佛寺文化旅游区停车场,新昌县,290,177,2023-11-21 04:04:34
XC2020003,服务大楼停车场,新昌县,200,148,2023-11-21 04:04:33
XC2020002,演溪路停车场,新昌县,70,56,2023-11-21 04:04:18
XC2020005,智慧家园停车场,新昌县,500,485,2023-11-21 03:59:58
XC2020023,城西小学停车场,新昌县,315,95,2023-11-21 03:59:55
XC2020007,鼓山公园停车场,新昌县,998,254,2023-11-21 03:59:54
XC2020022,大佛寺文化旅游区停车场,新昌县,290,177,2023-11-21 03:59:34
XC2020003,服务大楼停车场,新昌县,200,148,2023-11-21 03:59:33
XC2020002,演溪路停车场,新昌县,70,56,2023-11-21 03:59:18
XC2020005,智慧家园停车场,新昌县,500,485,2023-11-21 03:54:58
XC2020023,城西小学停车场,新昌县,315,95,2023-11-21 03:54:55
XC2020007,鼓山公园停车场,新昌县,998,254,2023-11-21 03:54:54
XC2020022,大佛寺文化旅游区停车场,新昌县,290,177,2023-11-21 03:54:34
XC2020003,服务大楼停车场,新昌县,200,148,2023-11-21 03:54:33
XC2020002,演溪路停车场,新昌县,70,56,2023-11-21 03:54:18
XC2020005,智慧家园停车场,新昌县,500,485,2023-11-21 03:49:58
XC2020023,城西小学停车场,新昌县,315,95,2023-11-21 03:49:55
XC2020007,鼓山公园停车场,新昌县,998,254,2023-11-21 03:49:54
XC2020022,大佛寺文化旅游区停车场,新昌县,290,177,2023-11-21 03:49:34
XC2020003,服务大楼停车场,新昌县,200,148,2023-11-21 03:49:33
XC2020002,演溪路停车场,新昌县,70,56,2023-11-21 03:49:18
XC2020005,智慧家园停车场,新昌县,500,486,2023-11-21 03:44:58
XC2020023,城西小学停车场,新昌县,315,95,2023-11-21 03:44:55
XC2020007,鼓山公园停车场,新昌县,998,254,2023-11-21 03:44:54
XC2020022,大佛寺文化旅游区停车场,新昌县,290,177,2023-11-21 03:44:34
XC2020003,服务大楼停车场,新昌县,200,148,2023-11-21 03:44:33
XC2020002,演溪路停车场,新昌县,70,56,2023-11-21 03:44:18
XC2020005,智慧家园停车场,新昌县,500,486,2023-11-21 03:39:58
XC2020023,城西小学停车场,新昌县,315,95,2023-11-21 03:39:55
XC2020007,鼓山公园停车场,新昌县,998,254,2023-11-21 03:39:54
XC2020022,大佛寺文化旅游区停车场,新昌县,290,177,2023-11-21 03:39:34
XC2020003,服务大楼停车场,新昌县,200,148,2023-11-21 03:39:33
XC2020002,演溪路停车场,新昌县,70,56,2023-11-21 03:39:18
XC2020005,智慧家园停车场,新昌县,500,486,2023-11-21 03:34:58
XC2020023,城西小学停车场,新昌县,315,95,2023-11-21 03:34:55
XC2020007,鼓山公园停车场,新昌县,998,254,2023-11-21 03:34:54
XC2020022,大佛寺文化旅游区停车场,新昌县,290,177,2023-11-21 03:34:34
XC2020003,服务大楼停车场,新昌县,200,148,2023-11-21 03:34:33
XC2020002,演溪路停车场,新昌县,70,56,2023-11-21 03:34:18
XC2020005,智慧家园停车场,新昌县,500,486,2023-11-21 03:29:58
XC2020023,城西小学停车场,新昌县,315,95,2023-11-21 03:29:55
XC2020007,鼓山公园停车场,新昌县,998,254,2023-11-21 03:29:54
XC2020022,大佛寺文化旅游区停车场,新昌县,290,177,2023-11-21 03:29:34
XC2020003,服务大楼停车场,新昌县,200,148,2023-11-21 03:29:33
XC2020002,演溪路停车场,新昌县,70,56,2023-11-21 03:29:18
XC2020005,智慧家园停车场,新昌县,500,486,2023-11-21 03:24:58
XC2020023,城西小学停车场,新昌县,315,95,2023-11-21 03:24:55
XC2020007,鼓山公园停车场,新昌县,998,254,2023-11-21 03:24:54
XC2020022,大佛寺文化旅游区停车场,新昌县,290,177,2023-11-21 03:24:34
XC2020003,服务大楼停车场,新昌县,200,148,2023-11-21 03:24:33
XC2020002,演溪路停车场,新昌县,70,56,2023-11-21 03:24:18
XC2020005,智慧家园停车场,新昌县,500,486,2023-11-21 03:19:58
XC2020023,城西小学停车场,新昌县,315,95,2023-11-21 03:19:55
XC2020007,鼓山公园停车场,新昌县,998,254,2023-11-21 03:19:54
XC2020022,大佛寺文化旅游区停车场,新昌县,290,177,2023-11-21 03:19:34
XC2020003,服务大楼停车场,新昌县,200,148,2023-11-21 03:19:33
XC2020002,演溪路停车场,新昌县,70,56,2023-11-21 03:19:18
XC2020005,智慧家园停车场,新昌县,500,486,2023-11-21 03:14:58
XC2020023,城西小学停车场,新昌县,315,95,2023-11-21 03:14:55
XC2020007,鼓山公园停车场,新昌县,998,254,2023-11-21 03:14:54
XC2020022,大佛寺文化旅游区停车场,新昌县,290,177,2023-11-21 03:14:34
XC2020003,服务大楼停车场,新昌县,200,148,2023-11-21 03:14:33
XC2020002,演溪路停车场,新昌县,70,56,2023-11-21 03:14:18
XC2020005,智慧家园停车场,新昌县,500,486,2023-11-21 03:09:58
XC2020023,城西小学停车场,新昌县,315,95,2023-11-21 03:09:55
XC2020007,鼓山公园停车场,新昌县,998,254,2023-11-21 03:09:54
XC2020022,大佛寺文化旅游区停车场,新昌县,290,178,2023-11-21 03:09:34
XC2020003,服务大楼停车场,新昌县,200,148,2023-11-21 03:09:33
XC2020002,演溪路停车场,新昌县,70,56,2023-11-21 03:09:18
XC2020005,智慧家园停车场,新昌县,500,486,2023-11-21 03:04:58
XC2020023,城西小学停车场,新昌县,315,96,2023-11-21 03:04:55
XC2020007,鼓山公园停车场,新昌县,998,254,2023-11-21 03:04:54
XC2020022,大佛寺文化旅游区停车场,新昌县,290,178,2023-11-21 03:04:34
XC2020003,服务大楼停车场,新昌县,200,148,2023-11-21 03:04:33
XC2020002,演溪路停车场,新昌县,70,55,2023-11-21 03:04:18
XC2020005,智慧家园停车场,新昌县,500,486,2023-11-21 02:59:58
XC2020023,城西小学停车场,新昌县,315,96,2023-11-21 02:59:55
XC2020007,鼓山公园停车场,新昌县,998,254,2023-11-21 02:59:54
XC2020022,大佛寺文化旅游区停车场,新昌县,290,178,2023-11-21 02:59:34
XC2020003,服务大楼停车场,新昌县,200,148,2023-11-21 02:59:33
XC2020002,演溪路停车场,新昌县,70,55,2023-11-21 02:59:18
XC2020005,智慧家园停车场,新昌县,500,486,2023-11-21 02:54:58
XC2020023,城西小学停车场,新昌县,315,96,2023-11-21 02:54:55
XC2020007,鼓山公园停车场,新昌县,998,254,2023-11-21 02:54:54
XC2020022,大佛寺文化旅游区停车场,新昌县,290,178,2023-11-21 02:54:34
XC2020003,服务大楼停车场,新昌县,200,148,2023-11-21 02:54:33
XC2020002,演溪路停车场,新昌县,70,55,2023-11-21 02:54:18
XC2020005,智慧家园停车场,新昌县,500,486,2023-11-21 02:49:58
XC2020023,城西小学停车场,新昌县,315,96,2023-11-21 02:49:55
XC2020007,鼓山公园停车场,新昌县,998,254,2023-11-21 02:49:54
XC2020022,大佛寺文化旅游区停车场,新昌县,290,178,2023-11-21 02:49:34
XC2020003,服务大楼停车场,新昌县,200,148,2023-11-21 02:49:33
XC2020002,演溪路停车场,新昌县,70,55,2023-11-21 02:49:18
XC2020005,智慧家园停车场,新昌县,500,486,2023-11-21 02:44:58
XC2020023,城西小学停车场,新昌县,315,97,2023-11-21 02:44:55
XC2020007,鼓山公园停车场,新昌县,998,254,2023-11-21 02:44:54
XC2020022,大佛寺文化旅游区停车场,新昌县,290,178,2023-11-21 02:44:34
XC2020003,服务大楼停车场,新昌县,200,148,2023-11-21 02:44:33
XC2020002,演溪路停车场,新昌县,70,56,2023-11-21 02:44:18
XC2020005,智慧家园停车场,新昌县,500,486,2023-11-21 02:39:58
XC2020023,城西小学停车场,新昌县,315,97,2023-11-21 02:39:55
XC2020007,鼓山公园停车场,新昌县,998,254,2023-11-21 02:39:54
XC2020022,大佛寺文化旅游区停车场,新昌县,290,178,2023-11-21 02:39:34
XC2020003,服务大楼停车场,新昌县,200,148,2023-11-21 02:39:33
XC2020002,演溪路停车场,新昌县,70,56,2023-11-21 02:39:18
XC2020005,智慧家园停车场,新昌县,500,486,2023-11-21 02:34:58
XC2020023,城西小学停车场,新昌县,315,97,2023-11-21 02:34:55
XC2020007,鼓山公园停车场,新昌县,998,254,2023-11-21 02:34:54
XC2020022,大佛寺文化旅游区停车场,新昌县,290,178,2023-11-21 02:34:34
XC2020003,服务大楼停车场,新昌县,200,148,2023-11-21 02:34:33
XC2020002,演溪路停车场,新昌县,70,56,2023-11-21 02:34:18
XC2020005,智慧家园停车场,新昌县,500,486,2023-11-21 02:29:58
XC2020023,城西小学停车场,新昌县,315,97,2023-11-21 02:29:55
XC2020007,鼓山公园停车场,新昌县,998,254,2023-11-21 02:29:54
XC2020022,大佛寺文化旅游区停车场,新昌县,290,178,2023-11-21 02:29:34
XC2020003,服务大楼停车场,新昌县,200,148,2023-11-21 02:29:33
XC2020002,演溪路停车场,新昌县,70,56,2023-11-21 02:29:18
XC2020005,智慧家园停车场,新昌县,500,486,2023-11-21 02:24:58
XC2020023,城西小学停车场,新昌县,315,97,2023-11-21 02:24:55
XC2020007,鼓山公园停车场,新昌县,998,254,2023-11-21 02:24:54
XC2020022,大佛寺文化旅游区停车场,新昌县,290,178,2023-11-21 02:24:34
XC2020003,服务大楼停车场,新昌县,200,148,2023-11-21 02:24:33
XC2020002,演溪路停车场,新昌县,70,56,2023-11-21 02:24:18
XC2020005,智慧家园停车场,新昌县,500,486,2023-11-21 02:19:58
XC2020023,城西小学停车场,新昌县,315,97,2023-11-21 02:19:55
XC2020007,鼓山公园停车场,新昌县,998,254,2023-11-21 02:19:54
XC2020022,大佛寺文化旅游区停车场,新昌县,290,178,2023-11-21 02:19:34
XC2020003,服务大楼停车场,新昌县,200,148,2023-11-21 02:19:33
XC2020002,演溪路停车场,新昌县,70,56,2023-11-21 02:19:18
XC2020005,智慧家园停车场,新昌县,500,486,2023-11-21 02:14:58
XC2020023,城西小学停车场,新昌县,315,97,2023-11-21 02:14:55
XC2020007,鼓山公园停车场,新昌县,998,254,2023-11-21 02:14:54
XC2020022,大佛寺文化旅游区停车场,新昌县,290,178,2023-11-21 02:14:34
XC2020003,服务大楼停车场,新昌县,200,148,2023-11-21 02:14:33
XC2020002,演溪路停车场,新昌县,70,56,2023-11-21 02:14:18
XC2020005,智慧家园停车场,新昌县,500,486,2023-11-21 02:09:58
XC2020023,城西小学停车场,新昌县,315,97,2023-11-21 02:09:55
XC2020007,鼓山公园停车场,新昌县,998,254,2023-11-21 02:09:54
XC2020022,大佛寺文化旅游区停车场,新昌县,290,178,2023-11-21 02:09:34
XC2020003,服务大楼停车场,新昌县,200,148,2023-11-21 02:09:33
XC2020002,演溪路停车场,新昌县,70,56,2023-11-21 02:09:18
XC2020005,智慧家园停车场,新昌县,500,486,2023-11-21 02:04:58
XC2020023,城西小学停车场,新昌县,315,96,2023-11-21 02:04:55
XC2020007,鼓山公园停车场,新昌县,998,254,2023-11-21 02:04:54
XC2020022,大佛寺文化旅游区停车场,新昌县,290,178,2023-11-21 02:04:34
XC2020003,服务大楼停车场,新昌县,200,148,2023-11-21 02:04:33
XC2020002,演溪路停车场,新昌县,70,56,2023-11-21 02:04:18
XC2020005,智慧家园停车场,新昌县,500,486,2023-11-21 01:59:58
XC2020023,城西小学停车场,新昌县,315,96,2023-11-21 01:59:55
XC2020007,鼓山公园停车场,新昌县,998,254,2023-11-21 01:59:54
XC2020022,大佛寺文化旅游区停车场,新昌县,290,177,2023-11-21 01:59:34
XC2020003,服务大楼停车场,新昌县,200,148,2023-11-21 01:59:33
XC2020002,演溪路停车场,新昌县,70,56,2023-11-21 01:59:18
XC2020005,智慧家园停车场,新昌县,500,486,2023-11-21 01:54:58
XC2020023,城西小学停车场,新昌县,315,96,2023-11-21 01:54:55
XC2020007,鼓山公园停车场,新昌县,998,254,2023-11-21 01:54:54
XC2020022,大佛寺文化旅游区停车场,新昌县,290,176,2023-11-21 01:54:34
XC2020003,服务大楼停车场,新昌县,200,148,2023-11-21 01:54:33
XC2020002,演溪路停车场,新昌县,70,56,2023-11-21 01:54:18
XC2020005,智慧家园停车场,新昌县,500,486,2023-11-21 01:49:58
XC2020023,城西小学停车场,新昌县,315,96,2023-11-21 01:49:55
XC2020007,鼓山公园停车场,新昌县,998,253,2023-11-21 01:49:54
XC2020022,大佛寺文化旅游区停车场,新昌县,290,176,2023-11-21 01:49:34
XC2020003,服务大楼停车场,新昌县,200,148,2023-11-21 01:49:33
XC2020002,演溪路停车场,新昌县,70,56,2023-11-21 01:49:18
XC2020005,智慧家园停车场,新昌县,500,486,2023-11-21 01:44:58
XC2020023,城西小学停车场,新昌县,315,96,2023-11-21 01:44:55
XC2020007,鼓山公园停车场,新昌县,998,253,2023-11-21 01:44:54
XC2020022,大佛寺文化旅游区停车场,新昌县,290,176,2023-11-21 01:44:34
XC2020003,服务大楼停车场,新昌县,200,148,2023-11-21 01:44:33
XC2020002,演溪路停车场,新昌县,70,56,2023-11-21 01:44:18
XC2020005,智慧家园停车场,新昌县,500,488,2023-11-21 01:39:58
XC2020023,城西小学停车场,新昌县,315,96,2023-11-21 01:39:55
XC2020007,鼓山公园停车场,新昌县,998,253,2023-11-21 01:39:54
XC2020022,大佛寺文化旅游区停车场,新昌县,290,176,2023-11-21 01:39:34
XC2020003,服务大楼停车场,新昌县,200,148,2023-11-21 01:39:33
XC2020002,演溪路停车场,新昌县,70,56,2023-11-21 01:39:18
XC2020005,智慧家园停车场,新昌县,500,488,2023-11-21 01:34:58
XC2020023,城西小学停车场,新昌县,315,96,2023-11-21 01:34:55
XC2020007,鼓山公园停车场,新昌县,998,253,2023-11-21 01:34:54
XC2020022,大佛寺文化旅游区停车场,新昌县,290,176,2023-11-21 01:34:34
XC2020003,服务大楼停车场,新昌县,200,148,2023-11-21 01:34:33
XC2020002,演溪路停车场,新昌县,70,56,2023-11-21 01:34:18
XC2020005,智慧家园停车场,新昌县,500,488,2023-11-21 01:29:58
XC2020023,城西小学停车场,新昌县,315,95,2023-11-21 01:29:55
XC2020007,鼓山公园停车场,新昌县,998,253,2023-11-21 01:29:54
XC2020022,大佛寺文化旅游区停车场,新昌县,290,176,2023-11-21 01:29:34
XC2020003,服务大楼停车场,新昌县,200,148,2023-11-21 01:29:33
XC2020002,演溪路停车场,新昌县,70,56,2023-11-21 01:29:18
XC2020005,智慧家园停车场,新昌县,500,488,2023-11-21 01:24:58
XC2020023,城西小学停车场,新昌县,315,95,2023-11-21 01:24:55
XC2020007,鼓山公园停车场,新昌县,998,253,2023-11-21 01:24:54
XC2020022,大佛寺文化旅游区停车场,新昌县,290,177,2023-11-21 01:24:34
XC2020003,服务大楼停车场,新昌县,200,148,2023-11-21 01:24:33
XC2020002,演溪路停车场,新昌县,70,56,2023-11-21 01:24:18
XC2020005,智慧家园停车场,新昌县,500,488,2023-11-21 01:19:58
XC2020023,城西小学停车场,新昌县,315,94,2023-11-21 01:19:55
XC2020007,鼓山公园停车场,新昌县,998,253,2023-11-21 01:19:54
XC2020022,大佛寺文化旅游区停车场,新昌县,290,176,2023-11-21 01:19:34
XC2020003,服务大楼停车场,新昌县,200,148,2023-11-21 01:19:33
XC2020002,演溪路停车场,新昌县,70,56,2023-11-21 01:19:18
XC2020005,智慧家园停车场,新昌县,500,488,2023-11-21 01:14:58
XC2020023,城西小学停车场,新昌县,315,94,2023-11-21 01:14:55
XC2020007,鼓山公园停车场,新昌县,998,253,2023-11-21 01:14:54
XC2020022,大佛寺文化旅游区停车场,新昌县,290,176,2023-11-21 01:14:34
XC2020003,服务大楼停车场,新昌县,200,148,2023-11-21 01:14:33
XC2020002,演溪路停车场,新昌县,70,56,2023-11-21 01:14:18
XC2020005,智慧家园停车场,新昌县,500,488,2023-11-21 01:09:58
XC2020023,城西小学停车场,新昌县,315,94,2023-11-21 01:09:55
XC2020007,鼓山公园停车场,新昌县,998,253,2023-11-21 01:09:54
XC2020022,大佛寺文化旅游区停车场,新昌县,290,176,2023-11-21 01:09:34
XC2020003,服务大楼停车场,新昌县,200,148,2023-11-21 01:09:33
XC2020002,演溪路停车场,新昌县,70,56,2023-11-21 01:09:18
XC2020005,智慧家园停车场,新昌县,500,488,2023-11-21 01:04:58
XC2020023,城西小学停车场,新昌县,315,90,2023-11-21 01:04:55
XC2020007,鼓山公园停车场,新昌县,998,253,2023-11-21 01:04:54
XC2020022,大佛寺文化旅游区停车场,新昌县,290,175,2023-11-21 01:04:34
XC2020003,服务大楼停车场,新昌县,200,148,2023-11-21 01:04:33
XC2020002,演溪路停车场,新昌县,70,55,2023-11-21 01:04:18
XC2020005,智慧家园停车场,新昌县,500,488,2023-11-21 00:59:58
XC2020023,城西小学停车场,新昌县,315,90,2023-11-21 00:59:55
XC2020007,鼓山公园停车场,新昌县,998,253,2023-11-21 00:59:54
XC2020022,大佛寺文化旅游区停车场,新昌县,290,175,2023-11-21 00:59:34
XC2020003,服务大楼停车场,新昌县,200,148,2023-11-21 00:59:33
XC2020002,演溪路停车场,新昌县,70,56,2023-11-21 00:59:18
XC2020005,智慧家园停车场,新昌县,500,489,2023-11-17 16:29:58
XC2020023,城西小学停车场,新昌县,315,102,2023-11-17 16:29:55
XC2020007,鼓山公园停车场,新昌县,998,152,2023-11-17 16:29:54
XC2020022,大佛寺文化旅游区停车场,新昌县,290,128,2023-11-17 16:29:34
XC2020003,服务大楼停车场,新昌县,200,49,2023-11-17 16:29:33
XC2020002,演溪路停车场,新昌县,70,42,2023-11-17 16:29:18
XC2020005,智慧家园停车场,新昌县,500,489,2023-11-17 16:24:58
XC2020023,城西小学停车场,新昌县,315,103,2023-11-17 16:24:55
XC2020007,鼓山公园停车场,新昌县,998,154,2023-11-17 16:24:54
XC2020022,大佛寺文化旅游区停车场,新昌县,290,127,2023-11-17 16:24:34
XC2020003,服务大楼停车场,新昌县,200,42,2023-11-17 16:24:33
XC2020002,演溪路停车场,新昌县,70,42,2023-11-17 16:24:18
XC2020005,智慧家园停车场,新昌县,500,488,2023-11-17 16:19:58
XC2020023,城西小学停车场,新昌县,315,102,2023-11-17 16:19:55
XC2020007,鼓山公园停车场,新昌县,998,152,2023-11-17 16:19:54
XC2020022,大佛寺文化旅游区停车场,新昌县,290,125,2023-11-17 16:19:34
XC2020003,服务大楼停车场,新昌县,200,42,2023-11-17 16:19:33
XC2020002,演溪路停车场,新昌县,70,43,2023-11-17 16:19:18
XC2020005,智慧家园停车场,新昌县,500,489,2023-11-17 16:14:58
XC2020023,城西小学停车场,新昌县,315,98,2023-11-17 16:14:55
XC2020007,鼓山公园停车场,新昌县,998,154,2023-11-17 16:14:54
XC2020022,大佛寺文化旅游区停车场,新昌县,290,120,2023-11-17 16:14:34
XC2020003,服务大楼停车场,新昌县,200,33,2023-11-17 16:14:33
XC2020002,演溪路停车场,新昌县,70,43,2023-11-17 16:14:18
XC2020005,智慧家园停车场,新昌县,500,489,2023-11-17 16:09:58
XC2020023,城西小学停车场,新昌县,315,101,2023-11-17 16:09:55
XC2020007,鼓山公园停车场,新昌县,998,158,2023-11-17 16:09:54
XC2020022,大佛寺文化旅游区停车场,新昌县,290,121,2023-11-17 16:09:34
XC2020003,服务大楼停车场,新昌县,200,24,2023-11-17 16:09:33
XC2020002,演溪路停车场,新昌县,70,46,2023-11-17 16:09:18
XC2020005,智慧家园停车场,新昌县,500,489,2023-11-17 16:04:58
XC2020023,城西小学停车场,新昌县,315,102,2023-11-17 16:04:55
XC2020007,鼓山公园停车场,新昌县,998,153,2023-11-17 16:04:54
XC2020022,大佛寺文化旅游区停车场,新昌县,290,117,2023-11-17 16:04:34
XC2020003,服务大楼停车场,新昌县,200,19,2023-11-17 16:04:33
XC2020002,演溪路停车场,新昌县,70,43,2023-11-17 16:04:18
XC2020005,智慧家园停车场,新昌县,500,489,2023-11-17 15:59:58
XC2020023,城西小学停车场,新昌县,315,102,2023-11-17 15:59:55
XC2020007,鼓山公园停车场,新昌县,998,151,2023-11-17 15:59:54
XC2020022,大佛寺文化旅游区停车场,新昌县,290,117,2023-11-17 15:59:34
XC2020003,服务大楼停车场,新昌县,200,21,2023-11-17 15:59:33
XC2020002,演溪路停车场,新昌县,70,43,2023-11-17 15:59:18
XC2020005,智慧家园停车场,新昌县,500,489,2023-11-17 15:54:58
XC2020023,城西小学停车场,新昌县,315,103,2023-11-17 15:54:55
XC2020007,鼓山公园停车场,新昌县,998,148,2023-11-17 15:54:54
XC2020022,大佛寺文化旅游区停车场,新昌县,290,114,2023-11-17 15:54:34
XC2020003,服务大楼停车场,新昌县,200,21,2023-11-17 15:54:33
XC2020002,演溪路停车场,新昌县,70,42,2023-11-17 15:54:18
XC2020005,智慧家园停车场,新昌县,500,489,2023-11-17 15:49:58
XC2020023,城西小学停车场,新昌县,315,99,2023-11-17 15:49:55
XC2020007,鼓山公园停车场,新昌县,998,143,2023-11-17 15:49:54
XC2020022,大佛寺文化旅游区停车场,新昌县,290,113,2023-11-17 15:49:34
XC2020003,服务大楼停车场,新昌县,200,10,2023-11-17 15:49:33
XC2020002,演溪路停车场,新昌县,70,45,2023-11-17 15:49:18
XC2020005,智慧家园停车场,新昌县,500,490,2023-11-17 15:44:58
XC2020023,城西小学停车场,新昌县,315,97,2023-11-17 15:44:55
XC2020007,鼓山公园停车场,新昌县,998,150,2023-11-17 15:44:54
XC2020022,大佛寺文化旅游区停车场,新昌县,290,113,2023-11-17 15:44:34
XC2020003,服务大楼停车场,新昌县,200,12,2023-11-17 15:44:33
XC2020002,演溪路停车场,新昌县,70,44,2023-11-17 15:44:18
XC2020005,智慧家园停车场,新昌县,500,491,2023-11-17 15:39:58
XC2020023,城西小学停车场,新昌县,315,98,2023-11-17 15:39:55
XC2020007,鼓山公园停车场,新昌县,998,148,2023-11-17 15:39:54
XC2020022,大佛寺文化旅游区停车场,新昌县,290,110,2023-11-17 15:39:34
XC2020003,服务大楼停车场,新昌县,200,12,2023-11-17 15:39:33
XC2020002,演溪路停车场,新昌县,70,43,2023-11-17 15:39:18
XC2020005,智慧家园停车场,新昌县,500,490,2023-11-17 15:34:58
XC2020023,城西小学停车场,新昌县,315,81,2023-11-17 15:34:55
XC2020007,鼓山公园停车场,新昌县,998,155,2023-11-17 15:34:54
XC2020022,大佛寺文化旅游区停车场,新昌县,290,107,2023-11-17 15:34:34
XC2020003,服务大楼停车场,新昌县,200,8,2023-11-17 15:34:33
XC2020002,演溪路停车场,新昌县,70,44,2023-11-17 15:34:18
XC2020005,智慧家园停车场,新昌县,500,489,2023-11-17 15:29:58
XC2020023,城西小学停车场,新昌县,315,58,2023-11-17 15:29:55
XC2020007,鼓山公园停车场,新昌县,998,158,2023-11-17 15:29:54
XC2020022,大佛寺文化旅游区停车场,新昌县,290,106,2023-11-17 15:29:34
XC2020003,服务大楼停车场,新昌县,200,4,2023-11-17 15:29:33
XC2020002,演溪路停车场,新昌县,70,42,2023-11-17 15:29:18
XC2020005,智慧家园停车场,新昌县,500,489,2023-11-17 15:24:58
XC2020023,城西小学停车场,新昌县,315,41,2023-11-17 15:24:55
XC2020007,鼓山公园停车场,新昌县,998,159,2023-11-17 15:24:54
XC2020022,大佛寺文化旅游区停车场,新昌县,290,101,2023-11-17 15:24:34
XC2020003,服务大楼停车场,新昌县,200,8,2023-11-17 15:24:33
XC2020002,演溪路停车场,新昌县,70,45,2023-11-17 15:24:18
XC2020005,智慧家园停车场,新昌县,500,489,2023-11-17 15:19:58
XC2020023,城西小学停车场,新昌县,315,43,2023-11-17 15:19:55
XC2020007,鼓山公园停车场,新昌县,998,163,2023-11-17 15:19:54
XC2020022,大佛寺文化旅游区停车场,新昌县,290,101,2023-11-17 15:19:34
XC2020003,服务大楼停车场,新昌县,200,7,2023-11-17 15:19:33
XC2020002,演溪路停车场,新昌县,70,43,2023-11-17 15:19:18
XC2020005,智慧家园停车场,新昌县,500,489,2023-11-17 15:14:58
XC2020023,城西小学停车场,新昌县,315,46,2023-11-17 15:14:55
XC2020007,鼓山公园停车场,新昌县,998,159,2023-11-17 15:14:54
XC2020022,大佛寺文化旅游区停车场,新昌县,290,103,2023-11-17 15:14:34
XC2020003,服务大楼停车场,新昌县,200,4,2023-11-17 15:14:33
XC2020002,演溪路停车场,新昌县,70,44,2023-11-17 15:14:18
XC2020005,智慧家园停车场,新昌县,500,489,2023-11-17 15:09:58
XC2020023,城西小学停车场,新昌县,315,26,2023-11-17 15:09:55
XC2020007,鼓山公园停车场,新昌县,998,152,2023-11-17 15:09:54
XC2020022,大佛寺文化旅游区停车场,新昌县,290,103,2023-11-17 15:09:34
XC2020003,服务大楼停车场,新昌县,200,8,2023-11-17 15:09:33
XC2020002,演溪路停车场,新昌县,70,45,2023-11-17 15:09:18
XC2020005,智慧家园停车场,新昌县,500,489,2023-11-17 15:04:58
XC2020023,城西小学停车场,新昌县,315,6,2023-11-17 15:04:55
XC2020007,鼓山公园停车场,新昌县,998,159,2023-11-17 15:04:54
XC2020022,大佛寺文化旅游区停车场,新昌县,290,101,2023-11-17 15:04:34
XC2020003,服务大楼停车场,新昌县,200,5,2023-11-17 15:04:33
XC2020002,演溪路停车场,新昌县,70,45,2023-11-17 15:04:18
XC2020005,智慧家园停车场,新昌县,500,489,2023-11-17 14:59:58
XC2020023,城西小学停车场,新昌县,315,23,2023-11-17 14:59:55
XC2020007,鼓山公园停车场,新昌县,998,165,2023-11-17 14:59:54
XC2020022,大佛寺文化旅游区停车场,新昌县,290,104,2023-11-17 14:59:34
XC2020003,服务大楼停车场,新昌县,200,9,2023-11-17 14:59:33
XC2020002,演溪路停车场,新昌县,70,43,2023-11-17 14:59:18
XC2020005,智慧家园停车场,新昌县,500,489,2023-11-17 14:54:58
XC2020023,城西小学停车场,新昌县,315,43,2023-11-17 14:54:55
XC2020007,鼓山公园停车场,新昌县,998,168,2023-11-17 14:54:54
XC2020022,大佛寺文化旅游区停车场,新昌县,290,105,2023-11-17 14:54:34
XC2020003,服务大楼停车场,新昌县,200,10,2023-11-17 14:54:33
XC2020002,演溪路停车场,新昌县,70,42,2023-11-17 14:54:18
XC2020005,智慧家园停车场,新昌县,500,489,2023-11-17 14:49:58
XC2020023,城西小学停车场,新昌县,315,58,2023-11-17 14:49:55
XC2020007,鼓山公园停车场,新昌县,998,165,2023-11-17 14:49:54
XC2020022,大佛寺文化旅游区停车场,新昌县,290,107,2023-11-17 14:49:34
XC2020003,服务大楼停车场,新昌县,200,0,2023-11-17 14:49:33
XC2020002,演溪路停车场,新昌县,70,42,2023-11-17 14:49:18
XC2020005,智慧家园停车场,新昌县,500,489,2023-11-17 14:44:58
XC2020023,城西小学停车场,新昌县,315,70,2023-11-17 14:44:55
XC2020007,鼓山公园停车场,新昌县,998,166,2023-11-17 14:44:54
XC2020022,大佛寺文化旅游区停车场,新昌县,290,106,2023-11-17 14:44:34
XC2020003,服务大楼停车场,新昌县,200,10,2023-11-17 14:44:33
XC2020002,演溪路停车场,新昌县,70,41,2023-11-17 14:44:18
XC2020005,智慧家园停车场,新昌县,500,489,2023-11-17 14:39:58
XC2020023,城西小学停车场,新昌县,315,71,2023-11-17 14:39:55
XC2020007,鼓山公园停车场,新昌县,998,169,2023-11-17 14:39:54
XC2020022,大佛寺文化旅游区停车场,新昌县,290,106,2023-11-17 14:39:34
XC2020003,服务大楼停车场,新昌县,200,16,2023-11-17 14:39:33
XC2020002,演溪路停车场,新昌县,70,43,2023-11-17 14:39:18
XC2020005,智慧家园停车场,新昌县,500,489,2023-11-17 14:34:58
XC2020023,城西小学停车场,新昌县,315,78,2023-11-17 14:34:55
XC2020007,鼓山公园停车场,新昌县,998,169,2023-11-17 14:34:54
XC2020022,大佛寺文化旅游区停车场,新昌县,290,111,2023-11-17 14:34:34
XC2020003,服务大楼停车场,新昌县,200,15,2023-11-17 14:34:33
XC2020002,演溪路停车场,新昌县,70,43,2023-11-17 14:34:18
XC2020005,智慧家园停车场,新昌县,500,489,2023-11-17 14:29:58
XC2020023,城西小学停车场,新昌县,315,79,2023-11-17 14:29:55
XC2020007,鼓山公园停车场,新昌县,998,172,2023-11-17 14:29:54
XC2020022,大佛寺文化旅游区停车场,新昌县,290,110,2023-11-17 14:29:34
XC2020003,服务大楼停车场,新昌县,200,16,2023-11-17 14:29:33
XC2020002,演溪路停车场,新昌县,70,43,2023-11-17 14:29:18
XC2020005,智慧家园停车场,新昌县,500,489,2023-11-17 14:24:58
XC2020023,城西小学停车场,新昌县,315,82,2023-11-17 14:24:55
XC2020007,鼓山公园停车场,新昌县,998,170,2023-11-17 14:24:54
XC2020022,大佛寺文化旅游区停车场,新昌县,290,114,2023-11-17 14:24:34
XC2020003,服务大楼停车场,新昌县,200,15,2023-11-17 14:24:33
XC2020002,演溪路停车场,新昌县,70,45,2023-11-17 14:24:18
XC2020005,智慧家园停车场,新昌县,500,489,2023-11-17 14:19:58
XC2020023,城西小学停车场,新昌县,315,78,2023-11-17 14:19:55
XC2020007,鼓山公园停车场,新昌县,998,166,2023-11-17 14:19:54
XC2020022,大佛寺文化旅游区停车场,新昌县,290,114,2023-11-17 14:19:34
XC2020003,服务大楼停车场,新昌县,200,27,2023-11-17 14:19:33
XC2020002,演溪路停车场,新昌县,70,44,2023-11-17 14:19:18
XC2020005,智慧家园停车场,新昌县,500,489,2023-11-17 14:14:58
XC2020023,城西小学停车场,新昌县,315,79,2023-11-17 14:14:55
XC2020007,鼓山公园停车场,新昌县,998,166,2023-11-17 14:14:54
XC2020022,大佛寺文化旅游区停车场,新昌县,290,112,2023-11-17 14:14:34
XC2020003,服务大楼停车场,新昌县,200,32,2023-11-17 14:14:33
XC2020002,演溪路停车场,新昌县,70,43,2023-11-17 14:14:18
XC2020005,智慧家园停车场,新昌县,500,489,2023-11-17 14:09:58
XC2020023,城西小学停车场,新昌县,315,80,2023-11-17 14:09:55
XC2020007,鼓山公园停车场,新昌县,998,168,2023-11-17 14:09:54
XC2020022,大佛寺文化旅游区停车场,新昌县,290,111,2023-11-17 14:09:34
XC2020003,服务大楼停车场,新昌县,200,37,2023-11-17 14:09:33
XC2020002,演溪路停车场,新昌县,70,43,2023-11-17 14:09:18
XC2020005,智慧家园停车场,新昌县,500,489,2023-11-17 14:04:58
XC2020023,城西小学停车场,新昌县,315,80,2023-11-17 14:04:55
XC2020007,鼓山公园停车场,新昌县,998,164,2023-11-17 14:04:54
XC2020022,大佛寺文化旅游区停车场,新昌县,290,116,2023-11-17 14:04:34
XC2020003,服务大楼停车场,新昌县,200,45,2023-11-17 14:04:33
XC2020002,演溪路停车场,新昌县,70,40,2023-11-17 14:04:18
XC2020005,智慧家园停车场,新昌县,500,490,2023-11-17 13:59:58
XC2020023,城西小学停车场,新昌县,315,83,2023-11-17 13:59:55
XC2020007,鼓山公园停车场,新昌县,998,162,2023-11-17 13:59:54
XC2020022,大佛寺文化旅游区停车场,新昌县,290,123,2023-11-17 13:59:34
XC2020003,服务大楼停车场,新昌县,200,56,2023-11-17 13:59:33
XC2020002,演溪路停车场,新昌县,70,43,2023-11-17 13:59:18
XC2020005,智慧家园停车场,新昌县,500,496,2023-11-17 13:54:58
XC2020023,城西小学停车场,新昌县,315,81,2023-11-17 13:54:55
XC2020007,鼓山公园停车场,新昌县,998,162,2023-11-17 13:54:54
XC2020022,大佛寺文化旅游区停车场,新昌县,290,125,2023-11-17 13:54:34
XC2020003,服务大楼停车场,新昌县,200,79,2023-11-17 13:54:33
XC2020002,演溪路停车场,新昌县,70,44,2023-11-17 13:54:18
XC2020005,智慧家园停车场,新昌县,500,498,2023-11-17 13:49:58
XC2020023,城西小学停车场,新昌县,315,81,2023-11-17 13:49:55
XC2020007,鼓山公园停车场,新昌县,998,164,2023-11-17 13:49:54
XC2020022,大佛寺文化旅游区停车场,新昌县,290,126,2023-11-17 13:49:34
XC2020003,服务大楼停车场,新昌县,200,97,2023-11-17 13:49:33
XC2020002,演溪路停车场,新昌县,70,45,2023-11-17 13:49:18
XC2020005,智慧家园停车场,新昌县,500,498,2023-11-17 13:44:58
XC2020023,城西小学停车场,新昌县,315,80,2023-11-17 13:44:55
XC2020007,鼓山公园停车场,新昌县,998,164,2023-11-17 13:44:54
XC2020022,大佛寺文化旅游区停车场,新昌县,290,132,2023-11-17 13:44:34
XC2020003,服务大楼停车场,新昌县,200,108,2023-11-17 13:44:33
XC2020002,演溪路停车场,新昌县,70,43,2023-11-17 13:44:18
XC2020005,智慧家园停车场,新昌县,500,498,2023-11-17 13:39:58
XC2020023,城西小学停车场,新昌县,315,79,2023-11-17 13:39:55
XC2020007,鼓山公园停车场,新昌县,998,162,2023-11-17 13:39:54
XC2020022,大佛寺文化旅游区停车场,新昌县,290,133,2023-11-17 13:39:34
XC2020003,服务大楼停车场,新昌县,200,116,2023-11-17 13:39:33
XC2020002,演溪路停车场,新昌县,70,43,2023-11-17 13:39:18
XC2020005,智慧家园停车场,新昌县,500,498,2023-11-17 13:34:58
XC2020023,城西小学停车场,新昌县,315,78,2023-11-17 13:34:55
XC2020007,鼓山公园停车场,新昌县,998,159,2023-11-17 13:34:54
XC2020022,大佛寺文化旅游区停车场,新昌县,290,134,2023-11-17 13:34:34
XC2020003,服务大楼停车场,新昌县,200,124,2023-11-17 13:34:33
XC2020002,演溪路停车场,新昌县,70,42,2023-11-17 13:34:18
XC2020005,智慧家园停车场,新昌县,500,498,2023-11-17 13:29:58
XC2020023,城西小学停车场,新昌县,315,79,2023-11-17 13:29:55
XC2020007,鼓山公园停车场,新昌县,998,158,2023-11-17 13:29:54
XC2020022,大佛寺文化旅游区停车场,新昌县,290,137,2023-11-17 13:29:34
XC2020003,服务大楼停车场,新昌县,200,125,2023-11-17 13:29:33
XC2020002,演溪路停车场,新昌县,70,41,2023-11-17 13:29:18
XC2020005,智慧家园停车场,新昌县,500,498,2023-11-17 13:24:58
XC2020023,城西小学停车场,新昌县,315,77,2023-11-17 13:24:55
XC2020007,鼓山公园停车场,新昌县,998,152,2023-11-17 13:24:54
XC2020022,大佛寺文化旅游区停车场,新昌县,290,140,2023-11-17 13:24:34
XC2020003,服务大楼停车场,新昌县,200,129,2023-11-17 13:24:33
XC2020002,演溪路停车场,新昌县,70,42,2023-11-17 13:24:18
XC2020005,智慧家园停车场,新昌县,500,498,2023-11-17 13:19:58
XC2020023,城西小学停车场,新昌县,315,77,2023-11-17 13:19:55
XC2020007,鼓山公园停车场,新昌县,998,150,2023-11-17 13:19:54
XC2020022,大佛寺文化旅游区停车场,新昌县,290,142,2023-11-17 13:19:34
XC2020003,服务大楼停车场,新昌县,200,131,2023-11-17 13:19:33
XC2020002,演溪路停车场,新昌县,70,42,2023-11-17 13:19:18
XC2020005,智慧家园停车场,新昌县,500,498,2023-11-17 13:14:58
XC2020023,城西小学停车场,新昌县,315,80,2023-11-17 13:14:55
XC2020007,鼓山公园停车场,新昌县,998,150,2023-11-17 13:14:54
XC2020022,大佛寺文化旅游区停车场,新昌县,290,142,2023-11-17 13:14:34
XC2020003,服务大楼停车场,新昌县,200,132,2023-11-17 13:14:33
XC2020002,演溪路停车场,新昌县,70,40,2023-11-17 13:14:18
XC2020005,智慧家园停车场,新昌县,500,498,2023-11-17 13:09:58
XC2020023,城西小学停车场,新昌县,315,80,2023-11-17 13:09:55
XC2020007,鼓山公园停车场,新昌县,998,151,2023-11-17 13:09:54
XC2020022,大佛寺文化旅游区停车场,新昌县,290,143,2023-11-17 13:09:34
XC2020003,服务大楼停车场,新昌县,200,131,2023-11-17 13:09:33
XC2020002,演溪路停车场,新昌县,70,42,2023-11-17 13:09:18
XC2020005,智慧家园停车场,新昌县,500,498,2023-11-17 13:04:58
XC2020023,城西小学停车场,新昌县,315,80,2023-11-17 13:04:55
XC2020007,鼓山公园停车场,新昌县,998,146,2023-11-17 13:04:54
XC2020022,大佛寺文化旅游区停车场,新昌县,290,142,2023-11-17 13:04:34
XC2020003,服务大楼停车场,新昌县,200,129,2023-11-17 13:04:33
XC2020002,演溪路停车场,新昌县,70,44,2023-11-17 13:04:18
XC2020005,智慧家园停车场,新昌县,500,498,2023-11-17 12:59:58
XC2020023,城西小学停车场,新昌县,315,82,2023-11-17 12:59:55
XC2020007,鼓山公园停车场,新昌县,998,143,2023-11-17 12:59:54
XC2020022,大佛寺文化旅游区停车场,新昌县,290,143,2023-11-17 12:59:34
XC2020003,服务大楼停车场,新昌县,200,125,2023-11-17 12:59:33
XC2020002,演溪路停车场,新昌县,70,47,2023-11-17 12:59:18
XC2020005,智慧家园停车场,新昌县,500,498,2023-11-17 12:54:58
XC2020023,城西小学停车场,新昌县,315,84,2023-11-17 12:54:55
XC2020007,鼓山公园停车场,新昌县,998,142,2023-11-17 12:54:54
XC2020022,大佛寺文化旅游区停车场,新昌县,290,137,2023-11-17 12:54:34
XC2020003,服务大楼停车场,新昌县,200,127,2023-11-17 12:54:33
XC2020002,演溪路停车场,新昌县,70,43,2023-11-17 12:54:18
XC2020005,智慧家园停车场,新昌县,500,498,2023-11-17 12:49:58
XC2020023,城西小学停车场,新昌县,315,83,2023-11-17 12:49:55
XC2020007,鼓山公园停车场,新昌县,998,137,2023-11-17 12:49:54
XC2020022,大佛寺文化旅游区停车场,新昌县,290,139,2023-11-17 12:49:34
XC2020003,服务大楼停车场,新昌县,200,130,2023-11-17 12:49:33
XC2020002,演溪路停车场,新昌县,70,40,2023-11-17 12:49:18
XC2020005,智慧家园停车场,新昌县,500,498,2023-11-17 12:44:58
XC2020023,城西小学停车场,新昌县,315,84,2023-11-17 12:44:55
XC2020007,鼓山公园停车场,新昌县,998,136,2023-11-17 12:44:54
XC2020022,大佛寺文化旅游区停车场,新昌县,290,137,2023-11-17 12:44:34
XC2020003,服务大楼停车场,新昌县,200,131,2023-11-17 12:44:33
XC2020002,演溪路停车场,新昌县,70,39,2023-11-17 12:44:18
XC2020005,智慧家园停车场,新昌县,500,498,2023-11-17 12:39:58
XC2020023,城西小学停车场,新昌县,315,86,2023-11-17 12:39:55
XC2020007,鼓山公园停车场,新昌县,998,130,2023-11-17 12:39:54
XC2020022,大佛寺文化旅游区停车场,新昌县,290,134,2023-11-17 12:39:34
XC2020003,服务大楼停车场,新昌县,200,130,2023-11-17 12:39:33
XC2020002,演溪路停车场,新昌县,70,39,2023-11-17 12:39:18
XC2020005,智慧家园停车场,新昌县,500,498,2023-11-17 12:34:58
XC2020023,城西小学停车场,新昌县,315,87,2023-11-17 12:34:55
XC2020007,鼓山公园停车场,新昌县,998,128,2023-11-17 12:34:54
XC2020022,大佛寺文化旅游区停车场,新昌县,290,136,2023-11-17 12:34:34
XC2020003,服务大楼停车场,新昌县,200,129,2023-11-17 12:34:33
XC2020002,演溪路停车场,新昌县,70,37,2023-11-17 12:34:18
XC2020005,智慧家园停车场,新昌县,500,498,2023-11-17 12:29:58
XC2020023,城西小学停车场,新昌县,315,88,2023-11-17 12:29:55
XC2020007,鼓山公园停车场,新昌县,998,126,2023-11-17 12:29:54
XC2020022,大佛寺文化旅游区停车场,新昌县,290,134,2023-11-17 12:29:34
XC2020003,服务大楼停车场,新昌县,200,125,2023-11-17 12:29:33
XC2020002,演溪路停车场,新昌县,70,38,2023-11-17 12:29:18
XC2020005,智慧家园停车场,新昌县,500,498,2023-11-17 12:24:58
XC2020023,城西小学停车场,新昌县,315,89,2023-11-17 12:24:55
XC2020007,鼓山公园停车场,新昌县,998,125,2023-11-17 12:24:54
XC2020022,大佛寺文化旅游区停车场,新昌县,290,136,2023-11-17 12:24:34
XC2020003,服务大楼停车场,新昌县,200,118,2023-11-17 12:24:33
XC2020002,演溪路停车场,新昌县,70,40,2023-11-17 12:24:18
XC2020005,智慧家园停车场,新昌县,500,499,2023-11-17 12:19:58
XC2020023,城西小学停车场,新昌县,315,90,2023-11-17 12:19:55
XC2020007,鼓山公园停车场,新昌县,998,126,2023-11-17 12:19:54
XC2020022,大佛寺文化旅游区停车场,新昌县,290,136,2023-11-17 12:19:34
XC2020003,服务大楼停车场,新昌县,200,113,2023-11-17 12:19:33
XC2020002,演溪路停车场,新昌县,70,45,2023-11-17 12:19:18
XC2020003,服务大楼停车场,新昌县,200,110,2023-11-17 12:15:03
XC2020005,智慧家园停车场,新昌县,500,498,2023-11-17 12:14:58
XC2020023,城西小学停车场,新昌县,315,94,2023-11-17 12:14:55
XC2020007,鼓山公园停车场,新昌县,998,128,2023-11-17 12:14:54
XC2020022,大佛寺文化旅游区停车场,新昌县,290,137,2023-11-17 12:14:34
XC2020002,演溪路停车场,新昌县,70,46,2023-11-17 12:14:18
XC2020002,演溪路停车场,新昌县,70,45,2023-11-17 12:10:18
XC2020003,服务大楼停车场,新昌县,200,104,2023-11-17 12:10:03
XC2020005,智慧家园停车场,新昌县,500,498,2023-11-17 12:09:58
XC2020023,城西小学停车场,新昌县,315,94,2023-11-17 12:09:55
XC2020007,鼓山公园停车场,新昌县,998,132,2023-11-17 12:09:54
XC2020022,大佛寺文化旅游区停车场,新昌县,290,140,2023-11-17 12:09:34
XC2020002,演溪路停车场,新昌县,70,46,2023-11-17 12:05:18
XC2020003,服务大楼停车场,新昌县,200,90,2023-11-17 12:05:03
XC2020005,智慧家园停车场,新昌县,500,498,2023-11-17 12:04:58
XC2020023,城西小学停车场,新昌县,315,93,2023-11-17 12:04:55
XC2020007,鼓山公园停车场,新昌县,998,132,2023-11-17 12:04:54
XC2020022,大佛寺文化旅游区停车场,新昌县,290,144,2023-11-17 12:04:34
XC2020002,演溪路停车场,新昌县,70,45,2023-11-17 12:00:18
XC2020005,智慧家园停车场,新昌县,500,497,2023-11-17 11:59:58
XC2020023,城西小学停车场,新昌县,315,94,2023-11-17 11:59:55
XC2020007,鼓山公园停车场,新昌县,998,133,2023-11-17 11:59:54
XC2020022,大佛寺文化旅游区停车场,新昌县,290,130,2023-11-17 11:59:34
XC2020003,服务大楼停车场,新昌县,200,71,2023-11-17 11:59:33
XC2020003,服务大楼停车场,新昌县,200,64,2023-11-17 11:55:03
XC2020005,智慧家园停车场,新昌县,500,497,2023-11-17 11:54:58
XC2020023,城西小学停车场,新昌县,315,98,2023-11-17 11:54:55
XC2020007,鼓山公园停车场,新昌县,998,136,2023-11-17 11:54:54
XC2020022,大佛寺文化旅游区停车场,新昌县,290,115,2023-11-17 11:54:34
XC2020002,演溪路停车场,新昌县,70,47,2023-11-17 11:54:18
XC2020003,服务大楼停车场,新昌县,200,56,2023-11-17 11:50:03
XC2020005,智慧家园停车场,新昌县,500,496,2023-11-17 11:49:58
XC2020023,城西小学停车场,新昌县,315,100,2023-11-17 11:49:55
XC2020007,鼓山公园停车场,新昌县,998,140,2023-11-17 11:49:54
XC2020022,大佛寺文化旅游区停车场,新昌县,290,116,2023-11-17 11:49:34
XC2020002,演溪路停车场,新昌县,70,49,2023-11-17 11:49:18
XC2020002,演溪路停车场,新昌县,70,50,2023-11-17 11:45:18
XC2020003,服务大楼停车场,新昌县,200,50,2023-11-17 11:45:03
XC2020005,智慧家园停车场,新昌县,500,497,2023-11-17 11:44:58
XC2020023,城西小学停车场,新昌县,315,100,2023-11-17 11:44:55
XC2020007,鼓山公园停车场,新昌县,998,140,2023-11-17 11:44:54
XC2020022,大佛寺文化旅游区停车场,新昌县,290,108,2023-11-17 11:44:34
XC2020003,服务大楼停车场,新昌县,200,47,2023-11-17 11:40:03
XC2020005,智慧家园停车场,新昌县,500,497,2023-11-17 11:39:58
XC2020023,城西小学停车场,新昌县,315,104,2023-11-17 11:39:55
XC2020007,鼓山公园停车场,新昌县,998,144,2023-11-17 11:39:54
XC2020022,大佛寺文化旅游区停车场,新昌县,290,106,2023-11-17 11:39:34
XC2020002,演溪路停车场,新昌县,70,53,2023-11-17 11:39:18
XC2020003,服务大楼停车场,新昌县,200,47,2023-11-17 11:35:03
XC2020005,智慧家园停车场,新昌县,500,495,2023-11-17 11:34:58
XC2020023,城西小学停车场,新昌县,315,102,2023-11-17 11:34:55
XC2020007,鼓山公园停车场,新昌县,998,145,2023-11-17 11:34:54
XC2020022,大佛寺文化旅游区停车场,新昌县,290,100,2023-11-17 11:34:34
XC2020002,演溪路停车场,新昌县,70,52,2023-11-17 11:34:18
XC2020003,服务大楼停车场,新昌县,200,44,2023-11-17 11:30:03
XC2020005,智慧家园停车场,新昌县,500,495,2023-11-17 11:29:58
XC2020023,城西小学停车场,新昌县,315,105,2023-11-17 11:29:55
XC2020007,鼓山公园停车场,新昌县,998,150,2023-11-17 11:29:54
XC2020022,大佛寺文化旅游区停车场,新昌县,290,100,2023-11-17 11:29:34
XC2020002,演溪路停车场,新昌县,70,52,2023-11-17 11:29:18
XC2020003,服务大楼停车场,新昌县,200,39,2023-11-17 11:25:03
XC2020005,智慧家园停车场,新昌县,500,494,2023-11-17 11:24:58
XC2020023,城西小学停车场,新昌县,315,106,2023-11-17 11:24:55
XC2020007,鼓山公园停车场,新昌县,998,149,2023-11-17 11:24:54
XC2020022,大佛寺文化旅游区停车场,新昌县,290,100,2023-11-17 11:24:34
XC2020002,演溪路停车场,新昌县,70,53,2023-11-17 11:24:18
XC2020003,服务大楼停车场,新昌县,200,38,2023-11-17 11:20:03
XC2020005,智慧家园停车场,新昌县,500,494,2023-11-17 11:19:58
XC2020023,城西小学停车场,新昌县,315,102,2023-11-17 11:19:55
XC2020007,鼓山公园停车场,新昌县,998,148,2023-11-17 11:19:54
XC2020022,大佛寺文化旅游区停车场,新昌县,290,100,2023-11-17 11:19:34
XC2020002,演溪路停车场,新昌县,70,55,2023-11-17 11:19:18
XC2020003,服务大楼停车场,新昌县,200,33,2023-11-17 11:15:03
XC2020005,智慧家园停车场,新昌县,500,496,2023-11-17 11:14:58
XC2020023,城西小学停车场,新昌县,315,103,2023-11-17 11:14:55
XC2020007,鼓山公园停车场,新昌县,998,149,2023-11-17 11:14:54
XC2020022,大佛寺文化旅游区停车场,新昌县,290,100,2023-11-17 11:14:34
XC2020002,演溪路停车场,新昌县,70,53,2023-11-17 11:14:18
XC2020003,服务大楼停车场,新昌县,200,29,2023-11-17 11:10:03
XC2020005,智慧家园停车场,新昌县,500,497,2023-11-17 11:09:58
XC2020023,城西小学停车场,新昌县,315,102,2023-11-17 11:09:55
XC2020007,鼓山公园停车场,新昌县,998,155,2023-11-17 11:09:54
XC2020022,大佛寺文化旅游区停车场,新昌县,290,100,2023-11-17 11:09:34
XC2020002,演溪路停车场,新昌县,70,51,2023-11-17 11:09:18
XC2020003,服务大楼停车场,新昌县,200,23,2023-11-17 11:05:03
XC2020005,智慧家园停车场,新昌县,500,497,2023-11-17 11:04:58
XC2020023,城西小学停车场,新昌县,315,100,2023-11-17 11:04:55
XC2020007,鼓山公园停车场,新昌县,998,153,2023-11-17 11:04:54
XC2020022,大佛寺文化旅游区停车场,新昌县,290,99,2023-11-17 11:04:34
XC2020002,演溪路停车场,新昌县,70,54,2023-11-17 11:04:18
XC2020005,智慧家园停车场,新昌县,500,496,2023-11-17 10:59:58
XC2020023,城西小学停车场,新昌县,315,100,2023-11-17 10:59:55
XC2020007,鼓山公园停车场,新昌县,998,157,2023-11-17 10:59:54
XC2020022,大佛寺文化旅游区停车场,新昌县,290,101,2023-11-17 10:59:34
XC2020003,服务大楼停车场,新昌县,200,23,2023-11-17 10:59:33
XC2020002,演溪路停车场,新昌县,70,52,2023-11-17 10:59:18
XC2020005,智慧家园停车场,新昌县,500,496,2023-11-17 10:54:58
XC2020023,城西小学停车场,新昌县,315,99,2023-11-17 10:54:55
XC2020007,鼓山公园停车场,新昌县,998,160,2023-11-17 10:54:54
XC2020022,大佛寺文化旅游区停车场,新昌县,290,101,2023-11-17 10:54:34
XC2020003,服务大楼停车场,新昌县,200,15,2023-11-17 10:54:33
XC2020002,演溪路停车场,新昌县,70,54,2023-11-17 10:54:18
XC2020005,智慧家园停车场,新昌县,500,497,2023-11-17 10:49:58
XC2020023,城西小学停车场,新昌县,315,100,2023-11-17 10:49:55
XC2020007,鼓山公园停车场,新昌县,998,155,2023-11-17 10:49:54
XC2020022,大佛寺文化旅游区停车场,新昌县,290,103,2023-11-17 10:49:34
XC2020003,服务大楼停车场,新昌县,200,19,2023-11-17 10:49:33
XC2020002,演溪路停车场,新昌县,70,55,2023-11-17 10:49:18
XC2020005,智慧家园停车场,新昌县,500,497,2023-11-17 10:44:58
XC2020023,城西小学停车场,新昌县,315,101,2023-11-17 10:44:55
XC2020007,鼓山公园停车场,新昌县,998,156,2023-11-17 10:44:54
XC2020022,大佛寺文化旅游区停车场,新昌县,290,101,2023-11-17 10:44:34
XC2020003,服务大楼停车场,新昌县,200,12,2023-11-17 10:44:33
XC2020002,演溪路停车场,新昌县,70,56,2023-11-17 10:44:18
XC2020005,智慧家园停车场,新昌县,500,497,2023-11-17 10:39:58
XC2020023,城西小学停车场,新昌县,315,102,2023-11-17 10:39:55
XC2020007,鼓山公园停车场,新昌县,998,154,2023-11-17 10:39:54
XC2020022,大佛寺文化旅游区停车场,新昌县,290,101,2023-11-17 10:39:34
XC2020003,服务大楼停车场,新昌县,200,8,2023-11-17 10:39:33
XC2020002,演溪路停车场,新昌县,70,55,2023-11-17 10:39:18
XC2020005,智慧家园停车场,新昌县,500,497,2023-11-17 10:34:58
XC2020023,城西小学停车场,新昌县,315,102,2023-11-17 10:34:55
XC2020007,鼓山公园停车场,新昌县,998,156,2023-11-17 10:34:54
XC2020022,大佛寺文化旅游区停车场,新昌县,290,100,2023-11-17 10:34:34
XC2020003,服务大楼停车场,新昌县,200,14,2023-11-17 10:34:33
XC2020002,演溪路停车场,新昌县,70,54,2023-11-17 10:34:18
XC2020005,智慧家园停车场,新昌县,500,497,2023-11-17 10:29:58
XC2020023,城西小学停车场,新昌县,315,100,2023-11-17 10:29:55
XC2020007,鼓山公园停车场,新昌县,998,154,2023-11-17 10:29:54
XC2020022,大佛寺文化旅游区停车场,新昌县,290,103,2023-11-17 10:29:34
XC2020003,服务大楼停车场,新昌县,200,13,2023-11-17 10:29:33
XC2020002,演溪路停车场,新昌县,70,54,2023-11-17 10:29:18
XC2020005,智慧家园停车场,新昌县,500,497,2023-11-17 10:24:58
XC2020023,城西小学停车场,新昌县,315,103,2023-11-17 10:24:55
XC2020007,鼓山公园停车场,新昌县,998,156,2023-11-17 10:24:54
XC2020022,大佛寺文化旅游区停车场,新昌县,290,102,2023-11-17 10:24:34
XC2020003,服务大楼停车场,新昌县,200,12,2023-11-17 10:24:33
XC2020002,演溪路停车场,新昌县,70,56,2023-11-17 10:24:18
XC2020005,智慧家园停车场,新昌县,500,497,2023-11-17 10:19:58
XC2020023,城西小学停车场,新昌县,315,103,2023-11-17 10:19:55
XC2020007,鼓山公园停车场,新昌县,998,158,2023-11-17 10:19:54
XC2020022,大佛寺文化旅游区停车场,新昌县,290,102,2023-11-17 10:19:34
XC2020003,服务大楼停车场,新昌县,200,20,2023-11-17 10:19:33
XC2020002,演溪路停车场,新昌县,70,55,2023-11-17 10:19:18
XC2020005,智慧家园停车场,新昌县,500,497,2023-11-17 10:14:58
XC2020023,城西小学停车场,新昌县,315,103,2023-11-17 10:14:55
XC2020007,鼓山公园停车场,新昌县,998,161,2023-11-17 10:14:54
XC2020022,大佛寺文化旅游区停车场,新昌县,290,101,2023-11-17 10:14:34
XC2020003,服务大楼停车场,新昌县,200,18,2023-11-17 10:14:33
XC2020002,演溪路停车场,新昌县,70,56,2023-11-17 10:14:18
XC2020005,智慧家园停车场,新昌县,500,496,2023-11-17 10:09:58
XC2020023,城西小学停车场,新昌县,315,101,2023-11-17 10:09:55
XC2020007,鼓山公园停车场,新昌县,998,159,2023-11-17 10:09:54
XC2020022,大佛寺文化旅游区停车场,新昌县,290,100,2023-11-17 10:09:34
XC2020003,服务大楼停车场,新昌县,200,20,2023-11-17 10:09:33
XC2020002,演溪路停车场,新昌县,70,56,2023-11-17 10:09:18
XC2020005,智慧家园停车场,新昌县,500,496,2023-11-17 10:04:58
XC2020023,城西小学停车场,新昌县,315,100,2023-11-17 10:04:55
XC2020007,鼓山公园停车场,新昌县,998,158,2023-11-17 10:04:54
XC2020022,大佛寺文化旅游区停车场,新昌县,290,101,2023-11-17 10:04:34
XC2020003,服务大楼停车场,新昌县,200,20,2023-11-17 10:04:33
XC2020002,演溪路停车场,新昌县,70,55,2023-11-17 10:04:18
XC2020005,智慧家园停车场,新昌县,500,496,2023-11-17 09:59:58
XC2020023,城西小学停车场,新昌县,315,100,2023-11-17 09:59:55
XC2020007,鼓山公园停车场,新昌县,998,154,2023-11-17 09:59:54
XC2020022,大佛寺文化旅游区停车场,新昌县,290,99,2023-11-17 09:59:34
XC2020003,服务大楼停车场,新昌县,200,26,2023-11-17 09:59:33
XC2020002,演溪路停车场,新昌县,70,54,2023-11-17 09:59:18
XC2020005,智慧家园停车场,新昌县,500,495,2023-11-17 09:54:58
XC2020023,城西小学停车场,新昌县,315,101,2023-11-17 09:54:55
XC2020007,鼓山公园停车场,新昌县,998,157,2023-11-17 09:54:54
XC2020022,大佛寺文化旅游区停车场,新昌县,290,100,2023-11-17 09:54:34
XC2020003,服务大楼停车场,新昌县,200,22,2023-11-17 09:54:33
XC2020002,演溪路停车场,新昌县,70,54,2023-11-17 09:54:18
XC2020005,智慧家园停车场,新昌县,500,495,2023-11-17 09:49:58
XC2020023,城西小学停车场,新昌县,315,99,2023-11-17 09:49:55
XC2020007,鼓山公园停车场,新昌县,998,156,2023-11-17 09:49:54
XC2020022,大佛寺文化旅游区停车场,新昌县,290,100,2023-11-17 09:49:34
XC2020003,服务大楼停车场,新昌县,200,19,2023-11-17 09:49:33
XC2020002,演溪路停车场,新昌县,70,53,2023-11-17 09:49:18
XC2020005,智慧家园停车场,新昌县,500,495,2023-11-17 09:44:58
XC2020023,城西小学停车场,新昌县,315,100,2023-11-17 09:44:55
XC2020007,鼓山公园停车场,新昌县,998,157,2023-11-17 09:44:54
XC2020022,大佛寺文化旅游区停车场,新昌县,290,101,2023-11-17 09:44:34
XC2020003,服务大楼停车场,新昌县,200,17,2023-11-17 09:44:33
XC2020002,演溪路停车场,新昌县,70,54,2023-11-17 09:44:18
XC2020005,智慧家园停车场,新昌县,500,495,2023-11-17 09:39:58
XC2020023,城西小学停车场,新昌县,315,99,2023-11-17 09:39:55
XC2020007,鼓山公园停车场,新昌县,998,161,2023-11-17 09:39:54
XC2020022,大佛寺文化旅游区停车场,新昌县,290,102,2023-11-17 09:39:34
XC2020003,服务大楼停车场,新昌县,200,18,2023-11-17 09:39:33
XC2020002,演溪路停车场,新昌县,70,54,2023-11-17 09:39:18
XC2020005,智慧家园停车场,新昌县,500,495,2023-11-17 09:34:58
XC2020023,城西小学停车场,新昌县,315,98,2023-11-17 09:34:55
XC2020007,鼓山公园停车场,新昌县,998,163,2023-11-17 09:34:54
XC2020022,大佛寺文化旅游区停车场,新昌县,290,101,2023-11-17 09:34:34
XC2020003,服务大楼停车场,新昌县,200,20,2023-11-17 09:34:33
XC2020002,演溪路停车场,新昌县,70,55,2023-11-17 09:34:18
XC2020005,智慧家园停车场,新昌县,500,494,2023-11-17 09:29:58
XC2020023,城西小学停车场,新昌县,315,97,2023-11-17 09:29:55
XC2020007,鼓山公园停车场,新昌县,998,165,2023-11-17 09:29:54
XC2020022,大佛寺文化旅游区停车场,新昌县,290,100,2023-11-17 09:29:34
XC2020003,服务大楼停车场,新昌县,200,17,2023-11-17 09:29:33
XC2020002,演溪路停车场,新昌县,70,52,2023-11-17 09:29:18
XC2020005,智慧家园停车场,新昌县,500,494,2023-11-17 09:24:58
XC2020023,城西小学停车场,新昌县,315,99,2023-11-17 09:24:55
XC2020007,鼓山公园停车场,新昌县,998,160,2023-11-17 09:24:54
XC2020022,大佛寺文化旅游区停车场,新昌县,290,101,2023-11-17 09:24:34
XC2020003,服务大楼停车场,新昌县,200,17,2023-11-17 09:24:33
XC2020002,演溪路停车场,新昌县,70,52,2023-11-17 09:24:18
XC2020005,智慧家园停车场,新昌县,500,494,2023-11-17 09:19:58
XC2020023,城西小学停车场,新昌县,315,99,2023-11-17 09:19:55
XC2020007,鼓山公园停车场,新昌县,998,165,2023-11-17 09:19:54
XC2020022,大佛寺文化旅游区停车场,新昌县,290,107,2023-11-17 09:19:34
XC2020003,服务大楼停车场,新昌县,200,19,2023-11-17 09:19:33
XC2020002,演溪路停车场,新昌县,70,54,2023-11-17 09:19:18
XC2020005,智慧家园停车场,新昌县,500,494,2023-11-17 09:14:58
XC2020023,城西小学停车场,新昌县,315,100,2023-11-17 09:14:55
XC2020007,鼓山公园停车场,新昌县,998,164,2023-11-17 09:14:54
XC2020022,大佛寺文化旅游区停车场,新昌县,290,101,2023-11-17 09:14:34
XC2020003,服务大楼停车场,新昌县,200,20,2023-11-17 09:14:33
XC2020002,演溪路停车场,新昌县,70,57,2023-11-17 09:14:18
XC2020005,智慧家园停车场,新昌县,500,494,2023-11-17 09:09:58
XC2020023,城西小学停车场,新昌县,315,100,2023-11-17 09:09:55
XC2020007,鼓山公园停车场,新昌县,998,165,2023-11-17 09:09:54
XC2020022,大佛寺文化旅游区停车场,新昌县,290,105,2023-11-17 09:09:34
XC2020003,服务大楼停车场,新昌县,200,21,2023-11-17 09:09:33
XC2020002,演溪路停车场,新昌县,70,57,2023-11-17 09:09:18
XC2020005,智慧家园停车场,新昌县,500,494,2023-11-17 09:04:58
XC2020023,城西小学停车场,新昌县,315,98,2023-11-17 09:04:55
XC2020007,鼓山公园停车场,新昌县,998,164,2023-11-17 09:04:54
XC2020022,大佛寺文化旅游区停车场,新昌县,290,107,2023-11-17 09:04:34
XC2020003,服务大楼停车场,新昌县,200,18,2023-11-17 09:04:33
XC2020002,演溪路停车场,新昌县,70,56,2023-11-17 09:04:18
XC2020005,智慧家园停车场,新昌县,500,494,2023-11-17 08:59:58
XC2020023,城西小学停车场,新昌县,315,99,2023-11-17 08:59:55
XC2020007,鼓山公园停车场,新昌县,998,165,2023-11-17 08:59:54
XC2020022,大佛寺文化旅游区停车场,新昌县,290,107,2023-11-17 08:59:34
XC2020003,服务大楼停车场,新昌县,200,18,2023-11-17 08:59:33
XC2020002,演溪路停车场,新昌县,70,55,2023-11-17 08:59:18
XC2020005,智慧家园停车场,新昌县,500,494,2023-11-17 08:54:58
XC2020023,城西小学停车场,新昌县,315,99,2023-11-17 08:54:55
XC2020007,鼓山公园停车场,新昌县,998,167,2023-11-17 08:54:54
XC2020022,大佛寺文化旅游区停车场,新昌县,290,107,2023-11-17 08:54:34
XC2020003,服务大楼停车场,新昌县,200,20,2023-11-17 08:54:33
XC2020002,演溪路停车场,新昌县,70,56,2023-11-17 08:54:18
XC2020005,智慧家园停车场,新昌县,500,495,2023-11-17 08:49:58
XC2020023,城西小学停车场,新昌县,315,99,2023-11-17 08:49:55
XC2020007,鼓山公园停车场,新昌县,998,169,2023-11-17 08:49:54
XC2020022,大佛寺文化旅游区停车场,新昌县,290,103,2023-11-17 08:49:34
XC2020003,服务大楼停车场,新昌县,200,23,2023-11-17 08:49:33
XC2020002,演溪路停车场,新昌县,70,56,2023-11-17 08:49:18
XC2020005,智慧家园停车场,新昌县,500,495,2023-11-17 08:44:58
XC2020023,城西小学停车场,新昌县,315,100,2023-11-17 08:44:55
XC2020007,鼓山公园停车场,新昌县,998,171,2023-11-17 08:44:54
XC2020022,大佛寺文化旅游区停车场,新昌县,290,104,2023-11-17 08:44:34
XC2020003,服务大楼停车场,新昌县,200,38,2023-11-17 08:44:33
XC2020002,演溪路停车场,新昌县,70,54,2023-11-17 08:44:18
XC2020005,智慧家园停车场,新昌县,500,495,2023-11-17 08:39:58
XC2020023,城西小学停车场,新昌县,315,100,2023-11-17 08:39:55
XC2020007,鼓山公园停车场,新昌县,998,176,2023-11-17 08:39:54
XC2020022,大佛寺文化旅游区停车场,新昌县,290,102,2023-11-17 08:39:34
XC2020003,服务大楼停车场,新昌县,200,47,2023-11-17 08:39:33
XC2020002,演溪路停车场,新昌县,70,56,2023-11-17 08:39:18
XC2020005,智慧家园停车场,新昌县,500,493,2023-11-17 08:34:58
XC2020023,城西小学停车场,新昌县,315,100,2023-11-17 08:34:55
XC2020007,鼓山公园停车场,新昌县,998,181,2023-11-17 08:34:54
XC2020022,大佛寺文化旅游区停车场,新昌县,290,100,2023-11-17 08:34:34
XC2020003,服务大楼停车场,新昌县,200,46,2023-11-17 08:34:33
XC2020002,演溪路停车场,新昌县,70,56,2023-11-17 08:34:18
XC2020005,智慧家园停车场,新昌县,500,493,2023-11-17 08:29:58
XC2020023,城西小学停车场,新昌县,315,99,2023-11-17 08:29:55
XC2020007,鼓山公园停车场,新昌县,998,183,2023-11-17 08:29:54
XC2020022,大佛寺文化旅游区停车场,新昌县,290,100,2023-11-17 08:29:34
XC2020003,服务大楼停车场,新昌县,200,49,2023-11-17 08:29:33
XC2020002,演溪路停车场,新昌县,70,56,2023-11-17 08:29:18
XC2020005,智慧家园停车场,新昌县,500,493,2023-11-17 08:24:58
XC2020023,城西小学停车场,新昌县,315,98,2023-11-17 08:24:55
XC2020007,鼓山公园停车场,新昌县,998,180,2023-11-17 08:24:54
XC2020022,大佛寺文化旅游区停车场,新昌县,290,100,2023-11-17 08:24:34
XC2020003,服务大楼停车场,新昌县,200,75,2023-11-17 08:24:33
XC2020002,演溪路停车场,新昌县,70,56,2023-11-17 08:24:18
XC2020005,智慧家园停车场,新昌县,500,497,2023-11-17 08:19:58
XC2020023,城西小学停车场,新昌县,315,93,2023-11-17 08:19:55
XC2020007,鼓山公园停车场,新昌县,998,184,2023-11-17 08:19:54
XC2020022,大佛寺文化旅游区停车场,新昌县,290,100,2023-11-17 08:19:34
XC2020003,服务大楼停车场,新昌县,200,95,2023-11-17 08:19:33
XC2020002,演溪路停车场,新昌县,70,52,2023-11-17 08:19:18
XC2020005,智慧家园停车场,新昌县,500,500,2023-11-17 08:14:58
XC2020023,城西小学停车场,新昌县,315,84,2023-11-17 08:14:55
XC2020007,鼓山公园停车场,新昌县,998,188,2023-11-17 08:14:54
XC2020022,大佛寺文化旅游区停车场,新昌县,290,103,2023-11-17 08:14:34
XC2020003,服务大楼停车场,新昌县,200,114,2023-11-17 08:14:33
XC2020002,演溪路停车场,新昌县,70,48,2023-11-17 08:14:18
XC2020005,智慧家园停车场,新昌县,500,500,2023-11-17 08:09:58
XC2020023,城西小学停车场,新昌县,315,49,2023-11-17 08:09:55
XC2020007,鼓山公园停车场,新昌县,998,181,2023-11-17 08:09:54
XC2020022,大佛寺文化旅游区停车场,新昌县,290,102,2023-11-17 08:09:34
XC2020003,服务大楼停车场,新昌县,200,123,2023-11-17 08:09:33
XC2020002,演溪路停车场,新昌县,70,46,2023-11-17 08:09:18
XC2020005,智慧家园停车场,新昌县,500,500,2023-11-17 08:04:58
XC2020023,城西小学停车场,新昌县,315,17,2023-11-17 08:04:55
XC2020007,鼓山公园停车场,新昌县,998,174,2023-11-17 08:04:54
XC2020022,大佛寺文化旅游区停车场,新昌县,290,110,2023-11-17 08:04:34
XC2020003,服务大楼停车场,新昌县,200,125,2023-11-17 08:04:33
XC2020002,演溪路停车场,新昌县,70,48,2023-11-17 08:04:18
XC2020005,智慧家园停车场,新昌县,500,500,2023-11-17 07:59:58
XC2020023,城西小学停车场,新昌县,315,15,2023-11-17 07:59:55
XC2020007,鼓山公园停车场,新昌县,998,161,2023-11-17 07:59:54
XC2020022,大佛寺文化旅游区停车场,新昌县,290,113,2023-11-17 07:59:34
XC2020003,服务大楼停车场,新昌县,200,138,2023-11-17 07:59:33
XC2020002,演溪路停车场,新昌县,70,52,2023-11-17 07:59:18
XC2020005,智慧家园停车场,新昌县,500,499,2023-11-17 07:54:58
XC2020023,城西小学停车场,新昌县,315,29,2023-11-17 07:54:55
XC2020007,鼓山公园停车场,新昌县,998,154,2023-11-17 07:54:54
XC2020022,大佛寺文化旅游区停车场,新昌县,290,122,2023-11-17 07:54:34
XC2020003,服务大楼停车场,新昌县,200,147,2023-11-17 07:54:33
XC2020002,演溪路停车场,新昌县,70,52,2023-11-17 07:54:18
XC2020005,智慧家园停车场,新昌县,500,499,2023-11-17 07:49:58
XC2020023,城西小学停车场,新昌县,315,54,2023-11-17 07:49:55
XC2020007,鼓山公园停车场,新昌县,998,166,2023-11-17 07:49:54
XC2020022,大佛寺文化旅游区停车场,新昌县,290,121,2023-11-17 07:49:34
XC2020003,服务大楼停车场,新昌县,200,153,2023-11-17 07:49:33
XC2020002,演溪路停车场,新昌县,70,51,2023-11-17 07:49:18
XC2020005,智慧家园停车场,新昌县,500,500,2023-11-17 07:44:58
XC2020023,城西小学停车场,新昌县,315,60,2023-11-17 07:44:55
XC2020007,鼓山公园停车场,新昌县,998,180,2023-11-17 07:44:54
XC2020022,大佛寺文化旅游区停车场,新昌县,290,126,2023-11-17 07:44:34
XC2020003,服务大楼停车场,新昌县,200,154,2023-11-17 07:44:33
XC2020002,演溪路停车场,新昌县,70,52,2023-11-17 07:44:18
XC2020005,智慧家园停车场,新昌县,500,500,2023-11-17 07:39:58
XC2020023,城西小学停车场,新昌县,315,94,2023-11-17 07:39:55
XC2020007,鼓山公园停车场,新昌县,998,197,2023-11-17 07:39:54
XC2020022,大佛寺文化旅游区停车场,新昌县,290,128,2023-11-17 07:39:34
XC2020003,服务大楼停车场,新昌县,200,155,2023-11-17 07:39:33
XC2020002,演溪路停车场,新昌县,70,53,2023-11-17 07:39:18
XC2020005,智慧家园停车场,新昌县,500,500,2023-11-17 07:34:58
XC2020023,城西小学停车场,新昌县,315,95,2023-11-17 07:34:55
XC2020007,鼓山公园停车场,新昌县,998,208,2023-11-17 07:34:54
XC2020022,大佛寺文化旅游区停车场,新昌县,290,133,2023-11-17 07:34:34
XC2020003,服务大楼停车场,新昌县,200,154,2023-11-17 07:34:33
XC2020002,演溪路停车场,新昌县,70,51,2023-11-17 07:34:18
XC2020005,智慧家园停车场,新昌县,500,500,2023-11-17 07:29:58
XC2020023,城西小学停车场,新昌县,315,104,2023-11-17 07:29:55
XC2020007,鼓山公园停车场,新昌县,998,220,2023-11-17 07:29:54
XC2020022,大佛寺文化旅游区停车场,新昌县,290,134,2023-11-17 07:29:34
XC2020003,服务大楼停车场,新昌县,200,151,2023-11-17 07:29:33
XC2020002,演溪路停车场,新昌县,70,52,2023-11-17 07:29:18
XC2020005,智慧家园停车场,新昌县,500,500,2023-11-17 07:24:58
XC2020023,城西小学停车场,新昌县,315,113,2023-11-17 07:24:55
XC2020007,鼓山公园停车场,新昌县,998,220,2023-11-17 07:24:54
XC2020022,大佛寺文化旅游区停车场,新昌县,290,138,2023-11-17 07:24:34
XC2020003,服务大楼停车场,新昌县,200,153,2023-11-17 07:24:33
XC2020002,演溪路停车场,新昌县,70,52,2023-11-17 07:24:18
XC2020005,智慧家园停车场,新昌县,500,500,2023-11-17 07:19:58
XC2020023,城西小学停车场,新昌县,315,124,2023-11-17 07:19:55
XC2020007,鼓山公园停车场,新昌县,998,223,2023-11-17 07:19:54
XC2020022,大佛寺文化旅游区停车场,新昌县,290,141,2023-11-17 07:19:34
XC2020003,服务大楼停车场,新昌县,200,150,2023-11-17 07:19:33
XC2020002,演溪路停车场,新昌县,70,52,2023-11-17 07:19:18
XC2020005,智慧家园停车场,新昌县,500,496,2023-11-17 07:14:58
XC2020023,城西小学停车场,新昌县,315,122,2023-11-17 07:14:55
XC2020007,鼓山公园停车场,新昌县,998,223,2023-11-17 07:14:54
XC2020022,大佛寺文化旅游区停车场,新昌县,290,144,2023-11-17 07:14:34
XC2020003,服务大楼停车场,新昌县,200,146,2023-11-17 07:14:33
XC2020002,演溪路停车场,新昌县,70,51,2023-11-17 07:14:18
XC2020005,智慧家园停车场,新昌县,500,495,2023-11-17 07:09:58
XC2020023,城西小学停车场,新昌县,315,118,2023-11-17 07:09:55
XC2020007,鼓山公园停车场,新昌县,998,224,2023-11-17 07:09:54
XC2020022,大佛寺文化旅游区停车场,新昌县,290,150,2023-11-17 07:09:34
XC2020003,服务大楼停车场,新昌县,200,143,2023-11-17 07:09:33
XC2020002,演溪路停车场,新昌县,70,48,2023-11-17 07:09:18
XC2020005,智慧家园停车场,新昌县,500,494,2023-11-17 07:04:58
XC2020023,城西小学停车场,新昌县,315,115,2023-11-17 07:04:55
XC2020007,鼓山公园停车场,新昌县,998,226,2023-11-17 07:04:54
XC2020022,大佛寺文化旅游区停车场,新昌县,290,149,2023-11-17 07:04:34
XC2020003,服务大楼停车场,新昌县,200,141,2023-11-17 07:04:33
XC2020002,演溪路停车场,新昌县,70,48,2023-11-17 07:04:18
XC2020005,智慧家园停车场,新昌县,500,494,2023-11-17 06:59:58
XC2020023,城西小学停车场,新昌县,315,117,2023-11-17 06:59:55
XC2020007,鼓山公园停车场,新昌县,998,226,2023-11-17 06:59:54
XC2020022,大佛寺文化旅游区停车场,新昌县,290,150,2023-11-17 06:59:34
XC2020003,服务大楼停车场,新昌县,200,138,2023-11-17 06:59:33
XC2020002,演溪路停车场,新昌县,70,48,2023-11-17 06:59:18
XC2020005,智慧家园停车场,新昌县,500,495,2023-11-17 06:54:58
XC2020023,城西小学停车场,新昌县,315,118,2023-11-17 06:54:55
XC2020007,鼓山公园停车场,新昌县,998,227,2023-11-17 06:54:54
XC2020022,大佛寺文化旅游区停车场,新昌县,290,150,2023-11-17 06:54:34
XC2020003,服务大楼停车场,新昌县,200,138,2023-11-17 06:54:33
XC2020002,演溪路停车场,新昌县,70,47,2023-11-17 06:54:18
XC2020005,智慧家园停车场,新昌县,500,494,2023-11-17 06:49:58
XC2020023,城西小学停车场,新昌县,315,115,2023-11-17 06:49:55
XC2020007,鼓山公园停车场,新昌县,998,227,2023-11-17 06:49:54
XC2020022,大佛寺文化旅游区停车场,新昌县,290,152,2023-11-17 06:49:34
XC2020003,服务大楼停车场,新昌县,200,137,2023-11-17 06:49:33
XC2020002,演溪路停车场,新昌县,70,46,2023-11-17 06:49:18
XC2020005,智慧家园停车场,新昌县,500,493,2023-11-17 06:44:58
XC2020023,城西小学停车场,新昌县,315,114,2023-11-17 06:44:55
XC2020007,鼓山公园停车场,新昌县,998,227,2023-11-17 06:44:54
XC2020022,大佛寺文化旅游区停车场,新昌县,290,153,2023-11-17 06:44:34
XC2020003,服务大楼停车场,新昌县,200,138,2023-11-17 06:44:33
XC2020002,演溪路停车场,新昌县,70,46,2023-11-17 06:44:18
XC2020005,智慧家园停车场,新昌县,500,491,2023-11-17 06:39:58
XC2020023,城西小学停车场,新昌县,315,113,2023-11-17 06:39:55
XC2020007,鼓山公园停车场,新昌县,998,228,2023-11-17 06:39:54
XC2020022,大佛寺文化旅游区停车场,新昌县,290,154,2023-11-17 06:39:34
XC2020003,服务大楼停车场,新昌县,200,138,2023-11-17 06:39:33
XC2020002,演溪路停车场,新昌县,70,47,2023-11-17 06:39:18
XC2020005,智慧家园停车场,新昌县,500,490,2023-11-17 06:34:58
XC2020023,城西小学停车场,新昌县,315,111,2023-11-17 06:34:55
XC2020007,鼓山公园停车场,新昌县,998,228,2023-11-17 06:34:54
XC2020022,大佛寺文化旅游区停车场,新昌县,290,156,2023-11-17 06:34:34
XC2020003,服务大楼停车场,新昌县,200,138,2023-11-17 06:34:33
XC2020002,演溪路停车场,新昌县,70,48,2023-11-17 06:34:18
XC2020005,智慧家园停车场,新昌县,500,490,2023-11-17 06:29:58
XC2020023,城西小学停车场,新昌县,315,111,2023-11-17 06:29:55
XC2020007,鼓山公园停车场,新昌县,998,229,2023-11-17 06:29:54
XC2020022,大佛寺文化旅游区停车场,新昌县,290,157,2023-11-17 06:29:34
XC2020003,服务大楼停车场,新昌县,200,135,2023-11-17 06:29:33
XC2020002,演溪路停车场,新昌县,70,47,2023-11-17 06:29:18
XC2020005,智慧家园停车场,新昌县,500,490,2023-11-17 06:24:58
XC2020023,城西小学停车场,新昌县,315,112,2023-11-17 06:24:55
XC2020007,鼓山公园停车场,新昌县,998,228,2023-11-17 06:24:54
XC2020022,大佛寺文化旅游区停车场,新昌县,290,158,2023-11-17 06:24:34
XC2020003,服务大楼停车场,新昌县,200,137,2023-11-17 06:24:33
XC2020002,演溪路停车场,新昌县,70,46,2023-11-17 06:24:18
XC2020005,智慧家园停车场,新昌县,500,490,2023-11-17 06:19:58
XC2020023,城西小学停车场,新昌县,315,112,2023-11-17 06:19:55
XC2020007,鼓山公园停车场,新昌县,998,228,2023-11-17 06:19:54
XC2020022,大佛寺文化旅游区停车场,新昌县,290,160,2023-11-17 06:19:34
XC2020003,服务大楼停车场,新昌县,200,136,2023-11-17 06:19:33
XC2020002,演溪路停车场,新昌县,70,46,2023-11-17 06:19:18
XC2020005,智慧家园停车场,新昌县,500,490,2023-11-17 06:14:58
XC2020023,城西小学停车场,新昌县,315,111,2023-11-17 06:14:55
XC2020007,鼓山公园停车场,新昌县,998,228,2023-11-17 06:14:54
XC2020022,大佛寺文化旅游区停车场,新昌县,290,163,2023-11-17 06:14:34
XC2020003,服务大楼停车场,新昌县,200,137,2023-11-17 06:14:33
XC2020002,演溪路停车场,新昌县,70,47,2023-11-17 06:14:18
XC2020005,智慧家园停车场,新昌县,500,490,2023-11-17 06:09:58
XC2020023,城西小学停车场,新昌县,315,111,2023-11-17 06:09:55
XC2020007,鼓山公园停车场,新昌县,998,227,2023-11-17 06:09:54
XC2020022,大佛寺文化旅游区停车场,新昌县,290,163,2023-11-17 06:09:34
XC2020003,服务大楼停车场,新昌县,200,137,2023-11-17 06:09:33
XC2020002,演溪路停车场,新昌县,70,47,2023-11-17 06:09:18
XC2020005,智慧家园停车场,新昌县,500,490,2023-11-17 06:04:58
XC2020023,城西小学停车场,新昌县,315,110,2023-11-17 06:04:55
XC2020007,鼓山公园停车场,新昌县,998,228,2023-11-17 06:04:54
XC2020022,大佛寺文化旅游区停车场,新昌县,290,165,2023-11-17 06:04:34
XC2020003,服务大楼停车场,新昌县,200,138,2023-11-17 06:04:33
XC2020002,演溪路停车场,新昌县,70,47,2023-11-17 06:04:18
XC2020005,智慧家园停车场,新昌县,500,490,2023-11-17 05:59:58
XC2020023,城西小学停车场,新昌县,315,111,2023-11-17 05:59:55
XC2020007,鼓山公园停车场,新昌县,998,229,2023-11-17 05:59:54
XC2020022,大佛寺文化旅游区停车场,新昌县,290,166,2023-11-17 05:59:34
XC2020003,服务大楼停车场,新昌县,200,137,2023-11-17 05:59:33
XC2020002,演溪路停车场,新昌县,70,47,2023-11-17 05:59:18
XC2020005,智慧家园停车场,新昌县,500,490,2023-11-17 05:54:58
XC2020023,城西小学停车场,新昌县,315,112,2023-11-17 05:54:55
XC2020007,鼓山公园停车场,新昌县,998,229,2023-11-17 05:54:54
XC2020022,大佛寺文化旅游区停车场,新昌县,290,166,2023-11-17 05:54:34
XC2020003,服务大楼停车场,新昌县,200,137,2023-11-17 05:54:33
XC2020002,演溪路停车场,新昌县,70,47,2023-11-17 05:54:18
XC2020005,智慧家园停车场,新昌县,500,490,2023-11-17 05:49:58
XC2020023,城西小学停车场,新昌县,315,112,2023-11-17 05:49:55
XC2020007,鼓山公园停车场,新昌县,998,229,2023-11-17 05:49:54
XC2020022,大佛寺文化旅游区停车场,新昌县,290,167,2023-11-17 05:49:34
XC2020003,服务大楼停车场,新昌县,200,137,2023-11-17 05:49:33
XC2020002,演溪路停车场,新昌县,70,47,2023-11-17 05:49:18
XC2020005,智慧家园停车场,新昌县,500,490,2023-11-17 05:44:58
XC2020023,城西小学停车场,新昌县,315,112,2023-11-17 05:44:55
XC2020007,鼓山公园停车场,新昌县,998,229,2023-11-17 05:44:54
XC2020022,大佛寺文化旅游区停车场,新昌县,290,167,2023-11-17 05:44:34
XC2020003,服务大楼停车场,新昌县,200,137,2023-11-17 05:44:33
XC2020002,演溪路停车场,新昌县,70,46,2023-11-17 05:44:18
XC2020005,智慧家园停车场,新昌县,500,489,2023-11-17 05:39:58
XC2020023,城西小学停车场,新昌县,315,112,2023-11-17 05:39:55
XC2020007,鼓山公园停车场,新昌县,998,228,2023-11-17 05:39:54
XC2020022,大佛寺文化旅游区停车场,新昌县,290,167,2023-11-17 05:39:34
XC2020003,服务大楼停车场,新昌县,200,137,2023-11-17 05:39:33
XC2020002,演溪路停车场,新昌县,70,46,2023-11-17 05:39:18
XC2020005,智慧家园停车场,新昌县,500,489,2023-11-17 05:34:58
XC2020023,城西小学停车场,新昌县,315,112,2023-11-17 05:34:55
XC2020007,鼓山公园停车场,新昌县,998,228,2023-11-17 05:34:54
XC2020022,大佛寺文化旅游区停车场,新昌县,290,167,2023-11-17 05:34:34
XC2020003,服务大楼停车场,新昌县,200,137,2023-11-17 05:34:33
XC2020002,演溪路停车场,新昌县,70,46,2023-11-17 05:34:18
XC2020005,智慧家园停车场,新昌县,500,489,2023-11-17 05:29:58
XC2020023,城西小学停车场,新昌县,315,111,2023-11-17 05:29:55
XC2020007,鼓山公园停车场,新昌县,998,228,2023-11-17 05:29:54
XC2020022,大佛寺文化旅游区停车场,新昌县,290,167,2023-11-17 05:29:34
XC2020003,服务大楼停车场,新昌县,200,137,2023-11-17 05:29:33
XC2020002,演溪路停车场,新昌县,70,46,2023-11-17 05:29:18
XC2020005,智慧家园停车场,新昌县,500,489,2023-11-17 05:24:58
XC2020023,城西小学停车场,新昌县,315,111,2023-11-17 05:24:55
XC2020007,鼓山公园停车场,新昌县,998,228,2023-11-17 05:24:54
XC2020022,大佛寺文化旅游区停车场,新昌县,290,168,2023-11-17 05:24:34
XC2020003,服务大楼停车场,新昌县,200,137,2023-11-17 05:24:33
XC2020002,演溪路停车场,新昌县,70,46,2023-11-17 05:24:18
XC2020005,智慧家园停车场,新昌县,500,489,2023-11-17 05:19:58
XC2020023,城西小学停车场,新昌县,315,112,2023-11-17 05:19:55
XC2020007,鼓山公园停车场,新昌县,998,228,2023-11-17 05:19:54
XC2020022,大佛寺文化旅游区停车场,新昌县,290,168,2023-11-17 05:19:34
XC2020003,服务大楼停车场,新昌县,200,137,2023-11-17 05:19:33
XC2020002,演溪路停车场,新昌县,70,46,2023-11-17 05:19:18
XC2020005,智慧家园停车场,新昌县,500,489,2023-11-17 05:14:58
XC2020023,城西小学停车场,新昌县,315,112,2023-11-17 05:14:55
XC2020007,鼓山公园停车场,新昌县,998,228,2023-11-17 05:14:54
XC2020022,大佛寺文化旅游区停车场,新昌县,290,169,2023-11-17 05:14:34
XC2020003,服务大楼停车场,新昌县,200,137,2023-11-17 05:14:33
XC2020002,演溪路停车场,新昌县,70,46,2023-11-17 05:14:18
XC2020005,智慧家园停车场,新昌县,500,489,2023-11-17 05:09:58
XC2020023,城西小学停车场,新昌县,315,112,2023-11-17 05:09:55
XC2020007,鼓山公园停车场,新昌县,998,228,2023-11-17 05:09:54
XC2020022,大佛寺文化旅游区停车场,新昌县,290,170,2023-11-17 05:09:34
XC2020003,服务大楼停车场,新昌县,200,137,2023-11-17 05:09:33
XC2020002,演溪路停车场,新昌县,70,46,2023-11-17 05:09:18
XC2020005,智慧家园停车场,新昌县,500,489,2023-11-17 05:04:58
XC2020023,城西小学停车场,新昌县,315,111,2023-11-17 05:04:55
XC2020007,鼓山公园停车场,新昌县,998,228,2023-11-17 05:04:54
XC2020022,大佛寺文化旅游区停车场,新昌县,290,170,2023-11-17 05:04:34
XC2020003,服务大楼停车场,新昌县,200,137,2023-11-17 05:04:33
XC2020002,演溪路停车场,新昌县,70,46,2023-11-17 05:04:18
XC2020005,智慧家园停车场,新昌县,500,489,2023-11-17 04:59:58
XC2020023,城西小学停车场,新昌县,315,111,2023-11-17 04:59:55
XC2020007,鼓山公园停车场,新昌县,998,227,2023-11-17 04:59:54
XC2020022,大佛寺文化旅游区停车场,新昌县,290,171,2023-11-17 04:59:34
XC2020003,服务大楼停车场,新昌县,200,137,2023-11-17 04:59:33
XC2020002,演溪路停车场,新昌县,70,46,2023-11-17 04:59:18
XC2020005,智慧家园停车场,新昌县,500,489,2023-11-17 04:54:58
XC2020023,城西小学停车场,新昌县,315,111,2023-11-17 04:54:55
XC2020007,鼓山公园停车场,新昌县,998,227,2023-11-17 04:54:54
XC2020022,大佛寺文化旅游区停车场,新昌县,290,171,2023-11-17 04:54:34
XC2020003,服务大楼停车场,新昌县,200,137,2023-11-17 04:54:33
XC2020002,演溪路停车场,新昌县,70,46,2023-11-17 04:54:18
XC2020005,智慧家园停车场,新昌县,500,489,2023-11-17 04:49:58
XC2020023,城西小学停车场,新昌县,315,111,2023-11-17 04:49:55
XC2020007,鼓山公园停车场,新昌县,998,228,2023-11-17 04:49:54
XC2020022,大佛寺文化旅游区停车场,新昌县,290,171,2023-11-17 04:49:34
XC2020003,服务大楼停车场,新昌县,200,137,2023-11-17 04:49:33
XC2020002,演溪路停车场,新昌县,70,46,2023-11-17 04:49:18
XC2020005,智慧家园停车场,新昌县,500,489,2023-11-17 04:44:58
XC2020023,城西小学停车场,新昌县,315,112,2023-11-17 04:44:55
XC2020007,鼓山公园停车场,新昌县,998,228,2023-11-17 04:44:54
XC2020022,大佛寺文化旅游区停车场,新昌县,290,171,2023-11-17 04:44:34
XC2020003,服务大楼停车场,新昌县,200,137,2023-11-17 04:44:33
XC2020002,演溪路停车场,新昌县,70,46,2023-11-17 04:44:18
XC2020005,智慧家园停车场,新昌县,500,489,2023-11-17 04:39:58
XC2020023,城西小学停车场,新昌县,315,112,2023-11-17 04:39:55
XC2020007,鼓山公园停车场,新昌县,998,228,2023-11-17 04:39:54
XC2020022,大佛寺文化旅游区停车场,新昌县,290,171,2023-11-17 04:39:34
XC2020003,服务大楼停车场,新昌县,200,137,2023-11-17 04:39:33
XC2020002,演溪路停车场,新昌县,70,46,2023-11-17 04:39:18
XC2020005,智慧家园停车场,新昌县,500,489,2023-11-17 04:34:58
XC2020023,城西小学停车场,新昌县,315,112,2023-11-17 04:34:55
XC2020007,鼓山公园停车场,新昌县,998,228,2023-11-17 04:34:54
XC2020022,大佛寺文化旅游区停车场,新昌县,290,171,2023-11-17 04:34:34
XC2020003,服务大楼停车场,新昌县,200,137,2023-11-17 04:34:33
XC2020002,演溪路停车场,新昌县,70,46,2023-11-17 04:34:18
XC2020005,智慧家园停车场,新昌县,500,489,2023-11-17 04:29:58
XC2020023,城西小学停车场,新昌县,315,112,2023-11-17 04:29:55
XC2020007,鼓山公园停车场,新昌县,998,228,2023-11-17 04:29:54
XC2020022,大佛寺文化旅游区停车场,新昌县,290,171,2023-11-17 04:29:34
XC2020003,服务大楼停车场,新昌县,200,137,2023-11-17 04:29:33
XC2020002,演溪路停车场,新昌县,70,46,2023-11-17 04:29:18
XC2020005,智慧家园停车场,新昌县,500,489,2023-11-17 04:24:58
XC2020023,城西小学停车场,新昌县,315,112,2023-11-17 04:24:55
XC2020007,鼓山公园停车场,新昌县,998,228,2023-11-17 04:24:54
XC2020022,大佛寺文化旅游区停车场,新昌县,290,171,2023-11-17 04:24:34
XC2020003,服务大楼停车场,新昌县,200,137,2023-11-17 04:24:33
XC2020002,演溪路停车场,新昌县,70,46,2023-11-17 04:24:18
XC2020005,智慧家园停车场,新昌县,500,489,2023-11-17 04:19:58
XC2020023,城西小学停车场,新昌县,315,111,2023-11-17 04:19:55
XC2020007,鼓山公园停车场,新昌县,998,228,2023-11-17 04:19:54
XC2020022,大佛寺文化旅游区停车场,新昌县,290,171,2023-11-17 04:19:34
XC2020003,服务大楼停车场,新昌县,200,137,2023-11-17 04:19:33
XC2020002,演溪路停车场,新昌县,70,46,2023-11-17 04:19:18
XC2020005,智慧家园停车场,新昌县,500,489,2023-11-17 04:14:58
XC2020023,城西小学停车场,新昌县,315,111,2023-11-17 04:14:55
XC2020007,鼓山公园停车场,新昌县,998,228,2023-11-17 04:14:54
XC2020022,大佛寺文化旅游区停车场,新昌县,290,171,2023-11-17 04:14:34
XC2020003,服务大楼停车场,新昌县,200,137,2023-11-17 04:14:33
XC2020002,演溪路停车场,新昌县,70,46,2023-11-17 04:14:18
XC2020005,智慧家园停车场,新昌县,500,489,2023-11-17 04:09:58
XC2020023,城西小学停车场,新昌县,315,111,2023-11-17 04:09:55
XC2020007,鼓山公园停车场,新昌县,998,228,2023-11-17 04:09:54
XC2020022,大佛寺文化旅游区停车场,新昌县,290,171,2023-11-17 04:09:34
XC2020003,服务大楼停车场,新昌县,200,137,2023-11-17 04:09:33
XC2020002,演溪路停车场,新昌县,70,46,2023-11-17 04:09:18
XC2020005,智慧家园停车场,新昌县,500,489,2023-11-17 04:04:58
XC2020023,城西小学停车场,新昌县,315,112,2023-11-17 04:04:55
XC2020007,鼓山公园停车场,新昌县,998,228,2023-11-17 04:04:54
XC2020022,大佛寺文化旅游区停车场,新昌县,290,171,2023-11-17 04:04:34
XC2020003,服务大楼停车场,新昌县,200,137,2023-11-17 04:04:33
XC2020002,演溪路停车场,新昌县,70,46,2023-11-17 04:04:18
XC2020005,智慧家园停车场,新昌县,500,489,2023-11-17 03:59:58
XC2020023,城西小学停车场,新昌县,315,112,2023-11-17 03:59:55
XC2020007,鼓山公园停车场,新昌县,998,228,2023-11-17 03:59:54
XC2020022,大佛寺文化旅游区停车场,新昌县,290,171,2023-11-17 03:59:34
XC2020003,服务大楼停车场,新昌县,200,137,2023-11-17 03:59:33
XC2020002,演溪路停车场,新昌县,70,46,2023-11-17 03:59:18
XC2020005,智慧家园停车场,新昌县,500,489,2023-11-17 03:54:58
XC2020023,城西小学停车场,新昌县,315,111,2023-11-17 03:54:55
XC2020007,鼓山公园停车场,新昌县,998,228,2023-11-17 03:54:54
XC2020022,大佛寺文化旅游区停车场,新昌县,290,171,2023-11-17 03:54:34
XC2020003,服务大楼停车场,新昌县,200,137,2023-11-17 03:54:33
XC2020002,演溪路停车场,新昌县,70,46,2023-11-17 03:54:18
XC2020005,智慧家园停车场,新昌县,500,489,2023-11-17 03:49:58
XC2020023,城西小学停车场,新昌县,315,111,2023-11-17 03:49:55
XC2020007,鼓山公园停车场,新昌县,998,228,2023-11-17 03:49:54
XC2020022,大佛寺文化旅游区停车场,新昌县,290,171,2023-11-17 03:49:34
XC2020003,服务大楼停车场,新昌县,200,137,2023-11-17 03:49:33
XC2020002,演溪路停车场,新昌县,70,46,2023-11-17 03:49:18
XC2020005,智慧家园停车场,新昌县,500,489,2023-11-17 03:44:58
XC2020023,城西小学停车场,新昌县,315,111,2023-11-17 03:44:55
XC2020007,鼓山公园停车场,新昌县,998,228,2023-11-17 03:44:54
XC2020022,大佛寺文化旅游区停车场,新昌县,290,171,2023-11-17 03:44:34
XC2020003,服务大楼停车场,新昌县,200,137,2023-11-17 03:44:33
XC2020002,演溪路停车场,新昌县,70,46,2023-11-17 03:44:18
XC2020005,智慧家园停车场,新昌县,500,489,2023-11-17 03:39:58
XC2020023,城西小学停车场,新昌县,315,111,2023-11-17 03:39:55
XC2020007,鼓山公园停车场,新昌县,998,228,2023-11-17 03:39:54
XC2020022,大佛寺文化旅游区停车场,新昌县,290,171,2023-11-17 03:39:34
XC2020003,服务大楼停车场,新昌县,200,137,2023-11-17 03:39:33
XC2020002,演溪路停车场,新昌县,70,46,2023-11-17 03:39:18
XC2020005,智慧家园停车场,新昌县,500,489,2023-11-17 03:34:58
XC2020023,城西小学停车场,新昌县,315,111,2023-11-17 03:34:55
XC2020007,鼓山公园停车场,新昌县,998,228,2023-11-17 03:34:54
XC2020022,大佛寺文化旅游区停车场,新昌县,290,171,2023-11-17 03:34:34
XC2020003,服务大楼停车场,新昌县,200,137,2023-11-17 03:34:33
XC2020002,演溪路停车场,新昌县,70,46,2023-11-17 03:34:18
XC2020005,智慧家园停车场,新昌县,500,489,2023-11-17 03:29:58
XC2020023,城西小学停车场,新昌县,315,110,2023-11-17 03:29:55
XC2020007,鼓山公园停车场,新昌县,998,228,2023-11-17 03:29:54
XC2020022,大佛寺文化旅游区停车场,新昌县,290,171,2023-11-17 03:29:34
XC2020003,服务大楼停车场,新昌县,200,137,2023-11-17 03:29:33
XC2020002,演溪路停车场,新昌县,70,46,2023-11-17 03:29:18
XC2020005,智慧家园停车场,新昌县,500,489,2023-11-17 03:24:58
XC2020023,城西小学停车场,新昌县,315,110,2023-11-17 03:24:55
XC2020007,鼓山公园停车场,新昌县,998,228,2023-11-17 03:24:54
XC2020022,大佛寺文化旅游区停车场,新昌县,290,171,2023-11-17 03:24:34
XC2020003,服务大楼停车场,新昌县,200,137,2023-11-17 03:24:33
XC2020002,演溪路停车场,新昌县,70,46,2023-11-17 03:24:18
XC2020005,智慧家园停车场,新昌县,500,489,2023-11-17 03:19:58
XC2020023,城西小学停车场,新昌县,315,110,2023-11-17 03:19:55
XC2020007,鼓山公园停车场,新昌县,998,228,2023-11-17 03:19:54
XC2020022,大佛寺文化旅游区停车场,新昌县,290,171,2023-11-17 03:19:34
XC2020003,服务大楼停车场,新昌县,200,137,2023-11-17 03:19:33
XC2020002,演溪路停车场,新昌县,70,46,2023-11-17 03:19:18
XC2020005,智慧家园停车场,新昌县,500,489,2023-11-17 03:14:58
XC2020023,城西小学停车场,新昌县,315,110,2023-11-17 03:14:55
XC2020007,鼓山公园停车场,新昌县,998,228,2023-11-17 03:14:54
XC2020022,大佛寺文化旅游区停车场,新昌县,290,171,2023-11-17 03:14:34
XC2020003,服务大楼停车场,新昌县,200,137,2023-11-17 03:14:33
XC2020002,演溪路停车场,新昌县,70,46,2023-11-17 03:14:18
XC2020005,智慧家园停车场,新昌县,500,489,2023-11-17 03:09:58
XC2020023,城西小学停车场,新昌县,315,110,2023-11-17 03:09:55
XC2020007,鼓山公园停车场,新昌县,998,228,2023-11-17 03:09:54
XC2020022,大佛寺文化旅游区停车场,新昌县,290,171,2023-11-17 03:09:34
XC2020003,服务大楼停车场,新昌县,200,137,2023-11-17 03:09:33
XC2020002,演溪路停车场,新昌县,70,46,2023-11-17 03:09:18
XC2020005,智慧家园停车场,新昌县,500,489,2023-11-17 03:04:58
XC2020023,城西小学停车场,新昌县,315,110,2023-11-17 03:04:55
XC2020007,鼓山公园停车场,新昌县,998,228,2023-11-17 03:04:54
XC2020022,大佛寺文化旅游区停车场,新昌县,290,171,2023-11-17 03:04:34
XC2020003,服务大楼停车场,新昌县,200,137,2023-11-17 03:04:33
XC2020002,演溪路停车场,新昌县,70,46,2023-11-17 03:04:18
XC2020005,智慧家园停车场,新昌县,500,489,2023-11-17 02:59:58
XC2020023,城西小学停车场,新昌县,315,110,2023-11-17 02:59:55
XC2020007,鼓山公园停车场,新昌县,998,228,2023-11-17 02:59:54
XC2020022,大佛寺文化旅游区停车场,新昌县,290,171,2023-11-17 02:59:34
XC2020003,服务大楼停车场,新昌县,200,137,2023-11-17 02:59:33
XC2020002,演溪路停车场,新昌县,70,46,2023-11-17 02:59:18
XC2020005,智慧家园停车场,新昌县,500,489,2023-11-17 02:54:58
XC2020023,城西小学停车场,新昌县,315,110,2023-11-17 02:54:55
XC2020007,鼓山公园停车场,新昌县,998,228,2023-11-17 02:54:54
XC2020022,大佛寺文化旅游区停车场,新昌县,290,171,2023-11-17 02:54:34
XC2020003,服务大楼停车场,新昌县,200,137,2023-11-17 02:54:33
XC2020002,演溪路停车场,新昌县,70,46,2023-11-17 02:54:18
XC2020005,智慧家园停车场,新昌县,500,489,2023-11-17 02:49:58
XC2020023,城西小学停车场,新昌县,315,110,2023-11-17 02:49:55
XC2020007,鼓山公园停车场,新昌县,998,228,2023-11-17 02:49:54
XC2020022,大佛寺文化旅游区停车场,新昌县,290,171,2023-11-17 02:49:34
XC2020003,服务大楼停车场,新昌县,200,137,2023-11-17 02:49:33
XC2020002,演溪路停车场,新昌县,70,46,2023-11-17 02:49:18
XC2020005,智慧家园停车场,新昌县,500,489,2023-11-17 02:44:58
XC2020023,城西小学停车场,新昌县,315,110,2023-11-17 02:44:55
XC2020007,鼓山公园停车场,新昌县,998,228,2023-11-17 02:44:54
XC2020022,大佛寺文化旅游区停车场,新昌县,290,171,2023-11-17 02:44:34
XC2020003,服务大楼停车场,新昌县,200,137,2023-11-17 02:44:33
XC2020002,演溪路停车场,新昌县,70,46,2023-11-17 02:44:18
XC2020005,智慧家园停车场,新昌县,500,489,2023-11-17 02:39:58
XC2020023,城西小学停车场,新昌县,315,110,2023-11-17 02:39:55
XC2020007,鼓山公园停车场,新昌县,998,228,2023-11-17 02:39:54
XC2020022,大佛寺文化旅游区停车场,新昌县,290,171,2023-11-17 02:39:34
XC2020003,服务大楼停车场,新昌县,200,137,2023-11-17 02:39:33
XC2020002,演溪路停车场,新昌县,70,46,2023-11-17 02:39:18
XC2020005,智慧家园停车场,新昌县,500,489,2023-11-17 02:34:58
XC2020023,城西小学停车场,新昌县,315,110,2023-11-17 02:34:55
XC2020007,鼓山公园停车场,新昌县,998,228,2023-11-17 02:34:54
XC2020022,大佛寺文化旅游区停车场,新昌县,290,171,2023-11-17 02:34:34
XC2020003,服务大楼停车场,新昌县,200,137,2023-11-17 02:34:33
XC2020002,演溪路停车场,新昌县,70,46,2023-11-17 02:34:18
XC2020005,智慧家园停车场,新昌县,500,489,2023-11-17 02:29:58
XC2020023,城西小学停车场,新昌县,315,110,2023-11-17 02:29:55
XC2020007,鼓山公园停车场,新昌县,998,228,2023-11-17 02:29:54
XC2020022,大佛寺文化旅游区停车场,新昌县,290,171,2023-11-17 02:29:34
XC2020003,服务大楼停车场,新昌县,200,137,2023-11-17 02:29:33
XC2020002,演溪路停车场,新昌县,70,46,2023-11-17 02:29:18
XC2020005,智慧家园停车场,新昌县,500,489,2023-11-17 02:24:58
XC2020023,城西小学停车场,新昌县,315,110,2023-11-17 02:24:55
XC2020007,鼓山公园停车场,新昌县,998,228,2023-11-17 02:24:54
XC2020022,大佛寺文化旅游区停车场,新昌县,290,171,2023-11-17 02:24:34
XC2020003,服务大楼停车场,新昌县,200,137,2023-11-17 02:24:33
XC2020002,演溪路停车场,新昌县,70,46,2023-11-17 02:24:18
XC2020005,智慧家园停车场,新昌县,500,489,2023-11-17 02:19:58
XC2020023,城西小学停车场,新昌县,315,110,2023-11-17 02:19:55
XC2020007,鼓山公园停车场,新昌县,998,228,2023-11-17 02:19:54
XC2020022,大佛寺文化旅游区停车场,新昌县,290,171,2023-11-17 02:19:34
XC2020003,服务大楼停车场,新昌县,200,137,2023-11-17 02:19:33
XC2020002,演溪路停车场,新昌县,70,46,2023-11-17 02:19:18
XC2020005,智慧家园停车场,新昌县,500,489,2023-11-17 02:14:58
XC2020023,城西小学停车场,新昌县,315,110,2023-11-17 02:14:55
XC2020007,鼓山公园停车场,新昌县,998,228,2023-11-17 02:14:54
XC2020022,大佛寺文化旅游区停车场,新昌县,290,171,2023-11-17 02:14:34
XC2020003,服务大楼停车场,新昌县,200,137,2023-11-17 02:14:33
XC2020002,演溪路停车场,新昌县,70,47,2023-11-17 02:14:18
XC2020005,智慧家园停车场,新昌县,500,489,2023-11-17 02:09:58
XC2020023,城西小学停车场,新昌县,315,110,2023-11-17 02:09:55
XC2020007,鼓山公园停车场,新昌县,998,228,2023-11-17 02:09:54
XC2020022,大佛寺文化旅游区停车场,新昌县,290,171,2023-11-17 02:09:34
XC2020003,服务大楼停车场,新昌县,200,137,2023-11-17 02:09:33
XC2020002,演溪路停车场,新昌县,70,47,2023-11-17 02:09:18
XC2020005,智慧家园停车场,新昌县,500,489,2023-11-17 02:04:58
XC2020023,城西小学停车场,新昌县,315,110,2023-11-17 02:04:55
XC2020007,鼓山公园停车场,新昌县,998,228,2023-11-17 02:04:54
XC2020022,大佛寺文化旅游区停车场,新昌县,290,171,2023-11-17 02:04:34
XC2020003,服务大楼停车场,新昌县,200,137,2023-11-17 02:04:33
XC2020002,演溪路停车场,新昌县,70,47,2023-11-17 02:04:18
XC2020005,智慧家园停车场,新昌县,500,489,2023-11-17 01:59:58
XC2020023,城西小学停车场,新昌县,315,110,2023-11-17 01:59:55
XC2020007,鼓山公园停车场,新昌县,998,228,2023-11-17 01:59:54
XC2020022,大佛寺文化旅游区停车场,新昌县,290,171,2023-11-17 01:59:34
XC2020003,服务大楼停车场,新昌县,200,137,2023-11-17 01:59:33
XC2020002,演溪路停车场,新昌县,70,47,2023-11-17 01:59:18
XC2020005,智慧家园停车场,新昌县,500,489,2023-11-17 01:54:58
XC2020023,城西小学停车场,新昌县,315,109,2023-11-17 01:54:55
XC2020007,鼓山公园停车场,新昌县,998,228,2023-11-17 01:54:54
XC2020022,大佛寺文化旅游区停车场,新昌县,290,171,2023-11-17 01:54:34
XC2020003,服务大楼停车场,新昌县,200,137,2023-11-17 01:54:33
XC2020002,演溪路停车场,新昌县,70,47,2023-11-17 01:54:18
XC2020005,智慧家园停车场,新昌县,500,489,2023-11-17 01:49:58
XC2020023,城西小学停车场,新昌县,315,108,2023-11-17 01:49:55
XC2020007,鼓山公园停车场,新昌县,998,228,2023-11-17 01:49:54
XC2020022,大佛寺文化旅游区停车场,新昌县,290,171,2023-11-17 01:49:34
XC2020003,服务大楼停车场,新昌县,200,137,2023-11-17 01:49:33
XC2020002,演溪路停车场,新昌县,70,47,2023-11-17 01:49:18
XC2020005,智慧家园停车场,新昌县,500,489,2023-11-17 01:44:58
XC2020023,城西小学停车场,新昌县,315,107,2023-11-17 01:44:55
XC2020007,鼓山公园停车场,新昌县,998,228,2023-11-17 01:44:54
XC2020022,大佛寺文化旅游区停车场,新昌县,290,170,2023-11-17 01:44:34
XC2020003,服务大楼停车场,新昌县,200,137,2023-11-17 01:44:33
XC2020002,演溪路停车场,新昌县,70,47,2023-11-17 01:44:18
XC2020005,智慧家园停车场,新昌县,500,489,2023-11-17 01:39:58
XC2020023,城西小学停车场,新昌县,315,107,2023-11-17 01:39:55
XC2020007,鼓山公园停车场,新昌县,998,228,2023-11-17 01:39:54
XC2020022,大佛寺文化旅游区停车场,新昌县,290,169,2023-11-17 01:39:34
XC2020003,服务大楼停车场,新昌县,200,137,2023-11-17 01:39:33
XC2020002,演溪路停车场,新昌县,70,47,2023-11-17 01:39:18
XC2020003,服务大楼停车场,新昌县,200,137,2023-11-17 01:35:03
XC2020005,智慧家园停车场,新昌县,500,489,2023-11-17 01:34:58
XC2020023,城西小学停车场,新昌县,315,106,2023-11-17 01:34:55
XC2020007,鼓山公园停车场,新昌县,998,228,2023-11-17 01:34:54
XC2020022,大佛寺文化旅游区停车场,新昌县,290,169,2023-11-17 01:34:34
XC2020002,演溪路停车场,新昌县,70,46,2023-11-17 01:34:18
XC2020002,演溪路停车场,新昌县,70,47,2023-11-17 01:30:18
XC2020003,服务大楼停车场,新昌县,200,137,2023-11-17 01:30:03
XC2020005,智慧家园停车场,新昌县,500,489,2023-11-17 01:29:58
XC2020023,城西小学停车场,新昌县,315,107,2023-11-17 01:29:55
XC2020007,鼓山公园停车场,新昌县,998,228,2023-11-17 01:29:54
XC2020022,大佛寺文化旅游区停车场,新昌县,290,170,2023-11-17 01:29:34
XC2020003,服务大楼停车场,新昌县,200,137,2023-11-17 01:25:03
XC2020005,智慧家园停车场,新昌县,500,489,2023-11-17 01:24:58
XC2020023,城西小学停车场,新昌县,315,107,2023-11-17 01:24:55
XC2020007,鼓山公园停车场,新昌县,998,227,2023-11-17 01:24:54
XC2020022,大佛寺文化旅游区停车场,新昌县,290,169,2023-11-17 01:24:34
XC2020002,演溪路停车场,新昌县,70,45,2023-11-17 01:24:18
XC2020002,演溪路停车场,新昌县,70,45,2023-11-17 01:20:18
XC2020003,服务大楼停车场,新昌县,200,137,2023-11-17 01:20:03
XC2020005,智慧家园停车场,新昌县,500,489,2023-11-17 01:19:58
XC2020023,城西小学停车场,新昌县,315,107,2023-11-17 01:19:55
XC2020007,鼓山公园停车场,新昌县,998,227,2023-11-17 01:19:54
XC2020022,大佛寺文化旅游区停车场,新昌县,290,169,2023-11-17 01:19:34
XC2020003,服务大楼停车场,新昌县,200,137,2023-11-17 01:15:03
XC2020005,智慧家园停车场,新昌县,500,489,2023-11-17 01:14:58
XC2020023,城西小学停车场,新昌县,315,107,2023-11-17 01:14:55
XC2020007,鼓山公园停车场,新昌县,998,227,2023-11-17 01:14:54
XC2020022,大佛寺文化旅游区停车场,新昌县,290,169,2023-11-17 01:14:34
XC2020002,演溪路停车场,新昌县,70,45,2023-11-17 01:14:18
XC2020003,服务大楼停车场,新昌县,200,137,2023-11-17 01:10:03
XC2020005,智慧家园停车场,新昌县,500,489,2023-11-17 01:09:58
XC2020023,城西小学停车场,新昌县,315,108,2023-11-17 01:09:55
XC2020007,鼓山公园停车场,新昌县,998,226,2023-11-17 01:09:54
XC2020022,大佛寺文化旅游区停车场,新昌县,290,169,2023-11-17 01:09:34
XC2020002,演溪路停车场,新昌县,70,44,2023-11-17 01:09:18
XC2020002,演溪路停车场,新昌县,70,44,2023-11-17 01:05:18
XC2020003,服务大楼停车场,新昌县,200,138,2023-11-17 01:05:03
XC2020005,智慧家园停车场,新昌县,500,489,2023-11-17 01:04:58
XC2020023,城西小学停车场,新昌县,315,109,2023-11-17 01:04:55
XC2020007,鼓山公园停车场,新昌县,998,226,2023-11-17 01:04:54
XC2020022,大佛寺文化旅游区停车场,新昌县,290,169,2023-11-17 01:04:34
XC2020003,服务大楼停车场,新昌县,200,138,2023-11-17 01:00:03
XC2020005,智慧家园停车场,新昌县,500,489,2023-11-17 00:59:58
XC2020023,城西小学停车场,新昌县,315,108,2023-11-17 00:59:55
XC2020007,鼓山公园停车场,新昌县,998,226,2023-11-17 00:59:54
XC2020022,大佛寺文化旅游区停车场,新昌县,290,166,2023-11-17 00:59:34
XC2020002,演溪路停车场,新昌县,70,44,2023-11-17 00:59:18
XC2020002,演溪路停车场,新昌县,70,44,2023-11-17 00:55:18
XC2020003,服务大楼停车场,新昌县,200,138,2023-11-17 00:55:03
XC2020005,智慧家园停车场,新昌县,500,489,2023-11-17 00:54:58
XC2020023,城西小学停车场,新昌县,315,108,2023-11-17 00:54:55
XC2020007,鼓山公园停车场,新昌县,998,226,2023-11-17 00:54:54
XC2020022,大佛寺文化旅游区停车场,新昌县,290,166,2023-11-17 00:54:34
XC2020003,服务大楼停车场,新昌县,200,139,2023-11-17 00:50:03
XC2020005,智慧家园停车场,新昌县,500,489,2023-11-17 00:49:58
XC2020023,城西小学停车场,新昌县,315,108,2023-11-17 00:49:55
XC2020007,鼓山公园停车场,新昌县,998,226,2023-11-17 00:49:54
XC2020022,大佛寺文化旅游区停车场,新昌县,290,166,2023-11-17 00:49:34
XC2020002,演溪路停车场,新昌县,70,42,2023-11-17 00:49:18
XC2020003,服务大楼停车场,新昌县,200,138,2023-11-17 00:45:03
XC2020005,智慧家园停车场,新昌县,500,489,2023-11-17 00:44:58
XC2020023,城西小学停车场,新昌县,315,108,2023-11-17 00:44:55
XC2020007,鼓山公园停车场,新昌县,998,226,2023-11-17 00:44:54
XC2020022,大佛寺文化旅游区停车场,新昌县,290,165,2023-11-17 00:44:34
XC2020002,演溪路停车场,新昌县,70,42,2023-11-17 00:44:18
XC2020005,智慧家园停车场,新昌县,500,489,2023-11-17 00:39:58
XC2020023,城西小学停车场,新昌县,315,107,2023-11-17 00:39:55
XC2020007,鼓山公园停车场,新昌县,998,226,2023-11-17 00:39:54
XC2020022,大佛寺文化旅游区停车场,新昌县,290,165,2023-11-17 00:39:34
XC2020003,服务大楼停车场,新昌县,200,138,2023-11-17 00:39:33
XC2020002,演溪路停车场,新昌县,70,42,2023-11-17 00:39:18
XC2020005,智慧家园停车场,新昌县,500,489,2023-11-17 00:34:58
XC2020023,城西小学停车场,新昌县,315,107,2023-11-17 00:34:55
XC2020007,鼓山公园停车场,新昌县,998,226,2023-11-17 00:34:54
XC2020022,大佛寺文化旅游区停车场,新昌县,290,165,2023-11-17 00:34:34
XC2020003,服务大楼停车场,新昌县,200,138,2023-11-17 00:34:33
XC2020002,演溪路停车场,新昌县,70,42,2023-11-17 00:34:18
XC2020005,智慧家园停车场,新昌县,500,489,2023-11-17 00:29:58
XC2020023,城西小学停车场,新昌县,315,106,2023-11-17 00:29:55
XC2020007,鼓山公园停车场,新昌县,998,226,2023-11-17 00:29:54
XC2020022,大佛寺文化旅游区停车场,新昌县,290,165,2023-11-17 00:29:34
XC2020003,服务大楼停车场,新昌县,200,138,2023-11-17 00:29:33
XC2020002,演溪路停车场,新昌县,70,42,2023-11-17 00:29:18
XC2020005,智慧家园停车场,新昌县,500,489,2023-11-17 00:24:58
XC2020023,城西小学停车场,新昌县,315,105,2023-11-17 00:24:55
XC2020007,鼓山公园停车场,新昌县,998,226,2023-11-17 00:24:54
XC2020022,大佛寺文化旅游区停车场,新昌县,290,165,2023-11-17 00:24:34
XC2020003,服务大楼停车场,新昌县,200,138,2023-11-17 00:24:33
XC2020002,演溪路停车场,新昌县,70,42,2023-11-17 00:24:18
XC2020005,智慧家园停车场,新昌县,500,489,2023-11-17 00:19:58
XC2020023,城西小学停车场,新昌县,315,105,2023-11-17 00:19:55
XC2020007,鼓山公园停车场,新昌县,998,226,2023-11-17 00:19:54
XC2020022,大佛寺文化旅游区停车场,新昌县,290,165,2023-11-17 00:19:34
XC2020003,服务大楼停车场,新昌县,200,140,2023-11-17 00:19:33
XC2020002,演溪路停车场,新昌县,70,42,2023-11-17 00:19:18
XC2020005,智慧家园停车场,新昌县,500,489,2023-11-17 00:14:58
XC2020023,城西小学停车场,新昌县,315,105,2023-11-17 00:14:55
XC2020007,鼓山公园停车场,新昌县,998,226,2023-11-17 00:14:54
XC2020022,大佛寺文化旅游区停车场,新昌县,290,163,2023-11-17 00:14:34
XC2020003,服务大楼停车场,新昌县,200,140,2023-11-17 00:14:33
XC2020002,演溪路停车场,新昌县,70,43,2023-11-17 00:14:18
XC2020005,智慧家园停车场,新昌县,500,488,2023-11-17 00:09:58
XC2020023,城西小学停车场,新昌县,315,105,2023-11-17 00:09:55
XC2020007,鼓山公园停车场,新昌县,998,225,2023-11-17 00:09:54
XC2020022,大佛寺文化旅游区停车场,新昌县,290,162,2023-11-17 00:09:34
XC2020003,服务大楼停车场,新昌县,200,140,2023-11-17 00:09:33
XC2020002,演溪路停车场,新昌县,70,43,2023-11-17 00:09:18
XC2020005,智慧家园停车场,新昌县,500,487,2023-11-17 00:04:58
XC2020023,城西小学停车场,新昌县,315,105,2023-11-17 00:04:55
XC2020007,鼓山公园停车场,新昌县,998,225,2023-11-17 00:04:54
XC2020022,大佛寺文化旅游区停车场,新昌县,290,162,2023-11-17 00:04:34
XC2020003,服务大楼停车场,新昌县,200,140,2023-11-17 00:04:33
XC2020002,演溪路停车场,新昌县,70,42,2023-11-17 00:04:18
XC2020005,智慧家园停车场,新昌县,500,487,2023-11-16 23:59:58
XC2020023,城西小学停车场,新昌县,315,102,2023-11-16 23:59:55
XC2020007,鼓山公园停车场,新昌县,998,225,2023-11-16 23:59:54
XC2020022,大佛寺文化旅游区停车场,新昌县,290,162,2023-11-16 23:59:34
XC2020003,服务大楼停车场,新昌县,200,140,2023-11-16 23:59:33
XC2020002,演溪路停车场,新昌县,70,42,2023-11-16 23:59:18
XC2020005,智慧家园停车场,新昌县,500,487,2023-11-16 23:54:58
XC2020023,城西小学停车场,新昌县,315,101,2023-11-16 23:54:55
XC2020007,鼓山公园停车场,新昌县,998,225,2023-11-16 23:54:54
XC2020022,大佛寺文化旅游区停车场,新昌县,290,162,2023-11-16 23:54:34
XC2020003,服务大楼停车场,新昌县,200,140,2023-11-16 23:54:33
XC2020002,演溪路停车场,新昌县,70,42,2023-11-16 23:54:18
XC2020005,智慧家园停车场,新昌县,500,487,2023-11-16 23:49:58
XC2020023,城西小学停车场,新昌县,315,98,2023-11-16 23:49:55
XC2020007,鼓山公园停车场,新昌县,998,226,2023-11-16 23:49:54
XC2020022,大佛寺文化旅游区停车场,新昌县,290,162,2023-11-16 23:49:34
XC2020003,服务大楼停车场,新昌县,200,141,2023-11-16 23:49:33
XC2020002,演溪路停车场,新昌县,70,40,2023-11-16 23:49:18
XC2020005,智慧家园停车场,新昌县,500,487,2023-11-16 23:44:58
XC2020023,城西小学停车场,新昌县,315,94,2023-11-16 23:44:55
XC2020007,鼓山公园停车场,新昌县,998,226,2023-11-16 23:44:54
XC2020022,大佛寺文化旅游区停车场,新昌县,290,162,2023-11-16 23:44:34
XC2020003,服务大楼停车场,新昌县,200,141,2023-11-16 23:44:33
XC2020002,演溪路停车场,新昌县,70,39,2023-11-16 23:44:18
XC2020005,智慧家园停车场,新昌县,500,487,2023-11-16 23:39:58
XC2020023,城西小学停车场,新昌县,315,91,2023-11-16 23:39:55
XC2020007,鼓山公园停车场,新昌县,998,224,2023-11-16 23:39:54
XC2020022,大佛寺文化旅游区停车场,新昌县,290,162,2023-11-16 23:39:34
XC2020003,服务大楼停车场,新昌县,200,141,2023-11-16 23:39:33
XC2020002,演溪路停车场,新昌县,70,39,2023-11-16 23:39:18
XC2020005,智慧家园停车场,新昌县,500,487,2023-11-16 23:34:58
XC2020023,城西小学停车场,新昌县,315,89,2023-11-16 23:34:55
XC2020007,鼓山公园停车场,新昌县,998,225,2023-11-16 23:34:54
XC2020022,大佛寺文化旅游区停车场,新昌县,290,161,2023-11-16 23:34:34
XC2020003,服务大楼停车场,新昌县,200,141,2023-11-16 23:34:33
XC2020002,演溪路停车场,新昌县,70,39,2023-11-16 23:34:18
XC2020005,智慧家园停车场,新昌县,500,487,2023-11-16 23:29:58
XC2020023,城西小学停车场,新昌县,315,85,2023-11-16 23:29:55
XC2020007,鼓山公园停车场,新昌县,998,224,2023-11-16 23:29:54
XC2020022,大佛寺文化旅游区停车场,新昌县,290,161,2023-11-16 23:29:34
XC2020003,服务大楼停车场,新昌县,200,141,2023-11-16 23:29:33
XC2020002,演溪路停车场,新昌县,70,39,2023-11-16 23:29:18
XC2020005,智慧家园停车场,新昌县,500,487,2023-11-16 23:24:58
XC2020023,城西小学停车场,新昌县,315,84,2023-11-16 23:24:55
XC2020007,鼓山公园停车场,新昌县,998,225,2023-11-16 23:24:54
XC2020022,大佛寺文化旅游区停车场,新昌县,290,161,2023-11-16 23:24:34
XC2020003,服务大楼停车场,新昌县,200,142,2023-11-16 23:24:33
XC2020002,演溪路停车场,新昌县,70,36,2023-11-16 23:24:18
XC2020005,智慧家园停车场,新昌县,500,487,2023-11-16 23:19:58
XC2020023,城西小学停车场,新昌县,315,84,2023-11-16 23:19:55
XC2020007,鼓山公园停车场,新昌县,998,225,2023-11-16 23:19:54
XC2020022,大佛寺文化旅游区停车场,新昌县,290,161,2023-11-16 23:19:34
XC2020003,服务大楼停车场,新昌县,200,142,2023-11-16 23:19:33
XC2020002,演溪路停车场,新昌县,70,36,2023-11-16 23:19:18
XC2020005,智慧家园停车场,新昌县,500,487,2023-11-16 23:14:58
XC2020023,城西小学停车场,新昌县,315,83,2023-11-16 23:14:55
XC2020007,鼓山公园停车场,新昌县,998,222,2023-11-16 23:14:54
XC2020022,大佛寺文化旅游区停车场,新昌县,290,161,2023-11-16 23:14:34
XC2020003,服务大楼停车场,新昌县,200,142,2023-11-16 23:14:33
XC2020002,演溪路停车场,新昌县,70,32,2023-11-16 23:14:18
XC2020005,智慧家园停车场,新昌县,500,488,2023-11-16 23:09:58
XC2020023,城西小学停车场,新昌县,315,80,2023-11-16 23:09:55
XC2020007,鼓山公园停车场,新昌县,998,222,2023-11-16 23:09:54
XC2020022,大佛寺文化旅游区停车场,新昌县,290,161,2023-11-16 23:09:34
XC2020003,服务大楼停车场,新昌县,200,142,2023-11-16 23:09:33
XC2020002,演溪路停车场,新昌县,70,32,2023-11-16 23:09:18
XC2020005,智慧家园停车场,新昌县,500,488,2023-11-16 23:04:58
XC2020023,城西小学停车场,新昌县,315,81,2023-11-16 23:04:55
XC2020007,鼓山公园停车场,新昌县,998,222,2023-11-16 23:04:54
XC2020022,大佛寺文化旅游区停车场,新昌县,290,160,2023-11-16 23:04:34
XC2020003,服务大楼停车场,新昌县,200,142,2023-11-16 23:04:33
XC2020002,演溪路停车场,新昌县,70,32,2023-11-16 23:04:18
XC2020005,智慧家园停车场,新昌县,500,488,2023-11-16 22:59:58
XC2020023,城西小学停车场,新昌县,315,81,2023-11-16 22:59:55
XC2020007,鼓山公园停车场,新昌县,998,221,2023-11-16 22:59:54
XC2020022,大佛寺文化旅游区停车场,新昌县,290,160,2023-11-16 22:59:34
XC2020003,服务大楼停车场,新昌县,200,142,2023-11-16 22:59:33
XC2020002,演溪路停车场,新昌县,70,32,2023-11-16 22:59:18
XC2020005,智慧家园停车场,新昌县,500,488,2023-11-16 22:54:58
XC2020023,城西小学停车场,新昌县,315,80,2023-11-16 22:54:55
XC2020007,鼓山公园停车场,新昌县,998,221,2023-11-16 22:54:54
XC2020022,大佛寺文化旅游区停车场,新昌县,290,160,2023-11-16 22:54:34
XC2020003,服务大楼停车场,新昌县,200,142,2023-11-16 22:54:33
XC2020002,演溪路停车场,新昌县,70,32,2023-11-16 22:54:18
XC2020005,智慧家园停车场,新昌县,500,488,2023-11-16 22:49:58
XC2020023,城西小学停车场,新昌县,315,80,2023-11-16 22:49:55
XC2020007,鼓山公园停车场,新昌县,998,220,2023-11-16 22:49:54
XC2020022,大佛寺文化旅游区停车场,新昌县,290,159,2023-11-16 22:49:34
XC2020003,服务大楼停车场,新昌县,200,142,2023-11-16 22:49:33
XC2020002,演溪路停车场,新昌县,70,33,2023-11-16 22:49:18
XC2020005,智慧家园停车场,新昌县,500,488,2023-11-16 22:44:58
XC2020023,城西小学停车场,新昌县,315,78,2023-11-16 22:44:55
XC2020007,鼓山公园停车场,新昌县,998,219,2023-11-16 22:44:54
XC2020022,大佛寺文化旅游区停车场,新昌县,290,159,2023-11-16 22:44:34
XC2020003,服务大楼停车场,新昌县,200,142,2023-11-16 22:44:33
XC2020002,演溪路停车场,新昌县,70,33,2023-11-16 22:44:18
XC2020005,智慧家园停车场,新昌县,500,489,2023-11-16 22:39:58
XC2020023,城西小学停车场,新昌县,315,76,2023-11-16 22:39:55
XC2020007,鼓山公园停车场,新昌县,998,215,2023-11-16 22:39:54
XC2020022,大佛寺文化旅游区停车场,新昌县,290,159,2023-11-16 22:39:34
XC2020003,服务大楼停车场,新昌县,200,141,2023-11-16 22:39:33
XC2020002,演溪路停车场,新昌县,70,32,2023-11-16 22:39:18
XC2020005,智慧家园停车场,新昌县,500,489,2023-11-16 22:34:58
XC2020023,城西小学停车场,新昌县,315,75,2023-11-16 22:34:55
XC2020007,鼓山公园停车场,新昌县,998,215,2023-11-16 22:34:54
XC2020022,大佛寺文化旅游区停车场,新昌县,290,159,2023-11-16 22:34:34
XC2020003,服务大楼停车场,新昌县,200,141,2023-11-16 22:34:33
XC2020002,演溪路停车场,新昌县,70,30,2023-11-16 22:34:18
XC2020005,智慧家园停车场,新昌县,500,488,2023-11-16 22:29:58
XC2020023,城西小学停车场,新昌县,315,75,2023-11-16 22:29:55
XC2020007,鼓山公园停车场,新昌县,998,215,2023-11-16 22:29:54
XC2020022,大佛寺文化旅游区停车场,新昌县,290,159,2023-11-16 22:29:34
XC2020003,服务大楼停车场,新昌县,200,141,2023-11-16 22:29:33
XC2020002,演溪路停车场,新昌县,70,30,2023-11-16 22:29:18
XC2020005,智慧家园停车场,新昌县,500,489,2023-11-16 22:24:58
XC2020023,城西小学停车场,新昌县,315,75,2023-11-16 22:24:55
XC2020007,鼓山公园停车场,新昌县,998,212,2023-11-16 22:24:54
XC2020022,大佛寺文化旅游区停车场,新昌县,290,157,2023-11-16 22:24:34
XC2020003,服务大楼停车场,新昌县,200,142,2023-11-16 22:24:33
XC2020002,演溪路停车场,新昌县,70,30,2023-11-16 22:24:18
XC2020005,智慧家园停车场,新昌县,500,489,2023-11-16 22:19:58
XC2020023,城西小学停车场,新昌县,315,75,2023-11-16 22:19:55
XC2020007,鼓山公园停车场,新昌县,998,212,2023-11-16 22:19:54
XC2020022,大佛寺文化旅游区停车场,新昌县,290,157,2023-11-16 22:19:34
XC2020003,服务大楼停车场,新昌县,200,142,2023-11-16 22:19:33
XC2020002,演溪路停车场,新昌县,70,31,2023-11-16 22:19:18
XC2020005,智慧家园停车场,新昌县,500,490,2023-11-16 22:14:58
XC2020023,城西小学停车场,新昌县,315,75,2023-11-16 22:14:55
XC2020007,鼓山公园停车场,新昌县,998,212,2023-11-16 22:14:54
XC2020022,大佛寺文化旅游区停车场,新昌县,290,157,2023-11-16 22:14:34
XC2020003,服务大楼停车场,新昌县,200,144,2023-11-16 22:14:33
XC2020002,演溪路停车场,新昌县,70,31,2023-11-16 22:14:18
XC2020005,智慧家园停车场,新昌县,500,490,2023-11-16 22:09:58
XC2020023,城西小学停车场,新昌县,315,75,2023-11-16 22:09:55
XC2020007,鼓山公园停车场,新昌县,998,207,2023-11-16 22:09:54
XC2020022,大佛寺文化旅游区停车场,新昌县,290,157,2023-11-16 22:09:34
XC2020003,服务大楼停车场,新昌县,200,143,2023-11-16 22:09:33
XC2020002,演溪路停车场,新昌县,70,29,2023-11-16 22:09:18
XC2020005,智慧家园停车场,新昌县,500,491,2023-11-16 22:04:58
XC2020023,城西小学停车场,新昌县,315,74,2023-11-16 22:04:55
XC2020007,鼓山公园停车场,新昌县,998,205,2023-11-16 22:04:54
XC2020022,大佛寺文化旅游区停车场,新昌县,290,157,2023-11-16 22:04:34
XC2020003,服务大楼停车场,新昌县,200,143,2023-11-16 22:04:33
XC2020002,演溪路停车场,新昌县,70,29,2023-11-16 22:04:18
XC2020005,智慧家园停车场,新昌县,500,491,2023-11-16 21:59:58
XC2020023,城西小学停车场,新昌县,315,74,2023-11-16 21:59:55
XC2020007,鼓山公园停车场,新昌县,998,205,2023-11-16 21:59:54
XC2020022,大佛寺文化旅游区停车场,新昌县,290,157,2023-11-16 21:59:34
XC2020003,服务大楼停车场,新昌县,200,143,2023-11-16 21:59:33
XC2020002,演溪路停车场,新昌县,70,29,2023-11-16 21:59:18
XC2020005,智慧家园停车场,新昌县,500,491,2023-11-16 21:54:58
XC2020023,城西小学停车场,新昌县,315,74,2023-11-16 21:54:55
XC2020007,鼓山公园停车场,新昌县,998,203,2023-11-16 21:54:54
XC2020022,大佛寺文化旅游区停车场,新昌县,290,157,2023-11-16 21:54:34
XC2020003,服务大楼停车场,新昌县,200,144,2023-11-16 21:54:33
XC2020002,演溪路停车场,新昌县,70,28,2023-11-16 21:54:18
XC2020005,智慧家园停车场,新昌县,500,491,2023-11-16 21:49:58
XC2020023,城西小学停车场,新昌县,315,73,2023-11-16 21:49:55
XC2020007,鼓山公园停车场,新昌县,998,200,2023-11-16 21:49:54
XC2020022,大佛寺文化旅游区停车场,新昌县,290,157,2023-11-16 21:49:34
XC2020003,服务大楼停车场,新昌县,200,144,2023-11-16 21:49:33
XC2020002,演溪路停车场,新昌县,70,28,2023-11-16 21:49:18
XC2020005,智慧家园停车场,新昌县,500,491,2023-11-16 21:44:58
XC2020023,城西小学停车场,新昌县,315,74,2023-11-16 21:44:55
XC2020007,鼓山公园停车场,新昌县,998,197,2023-11-16 21:44:54
XC2020022,大佛寺文化旅游区停车场,新昌县,290,157,2023-11-16 21:44:34
XC2020003,服务大楼停车场,新昌县,200,144,2023-11-16 21:44:33
XC2020002,演溪路停车场,新昌县,70,27,2023-11-16 21:44:18
XC2020005,智慧家园停车场,新昌县,500,491,2023-11-16 21:39:58
XC2020023,城西小学停车场,新昌县,315,73,2023-11-16 21:39:55
XC2020007,鼓山公园停车场,新昌县,998,196,2023-11-16 21:39:54
XC2020022,大佛寺文化旅游区停车场,新昌县,290,156,2023-11-16 21:39:34
XC2020003,服务大楼停车场,新昌县,200,143,2023-11-16 21:39:33
XC2020002,演溪路停车场,新昌县,70,27,2023-11-16 21:39:18
XC2020005,智慧家园停车场,新昌县,500,491,2023-11-16 21:34:58
XC2020023,城西小学停车场,新昌县,315,73,2023-11-16 21:34:55
XC2020007,鼓山公园停车场,新昌县,998,195,2023-11-16 21:34:54
XC2020022,大佛寺文化旅游区停车场,新昌县,290,156,2023-11-16 21:34:34
XC2020003,服务大楼停车场,新昌县,200,143,2023-11-16 21:34:33
XC2020002,演溪路停车场,新昌县,70,25,2023-11-16 21:34:18
XC2020005,智慧家园停车场,新昌县,500,491,2023-11-16 21:29:58
XC2020023,城西小学停车场,新昌县,315,73,2023-11-16 21:29:55
XC2020007,鼓山公园停车场,新昌县,998,193,2023-11-16 21:29:54
XC2020022,大佛寺文化旅游区停车场,新昌县,290,156,2023-11-16 21:29:34
XC2020003,服务大楼停车场,新昌县,200,143,2023-11-16 21:29:33
XC2020002,演溪路停车场,新昌县,70,24,2023-11-16 21:29:18
XC2020005,智慧家园停车场,新昌县,500,491,2023-11-16 21:24:58
XC2020023,城西小学停车场,新昌县,315,73,2023-11-16 21:24:55
XC2020007,鼓山公园停车场,新昌县,998,189,2023-11-16 21:24:54
XC2020022,大佛寺文化旅游区停车场,新昌县,290,156,2023-11-16 21:24:34
XC2020003,服务大楼停车场,新昌县,200,142,2023-11-16 21:24:33
XC2020002,演溪路停车场,新昌县,70,25,2023-11-16 21:24:18
XC2020005,智慧家园停车场,新昌县,500,490,2023-11-16 21:19:58
XC2020023,城西小学停车场,新昌县,315,73,2023-11-16 21:19:55
XC2020007,鼓山公园停车场,新昌县,998,188,2023-11-16 21:19:54
XC2020022,大佛寺文化旅游区停车场,新昌县,290,156,2023-11-16 21:19:34
XC2020003,服务大楼停车场,新昌县,200,142,2023-11-16 21:19:33
XC2020002,演溪路停车场,新昌县,70,25,2023-11-16 21:19:18
XC2020005,智慧家园停车场,新昌县,500,490,2023-11-16 21:14:58
XC2020023,城西小学停车场,新昌县,315,71,2023-11-16 21:14:55
XC2020007,鼓山公园停车场,新昌县,998,188,2023-11-16 21:14:54
XC2020022,大佛寺文化旅游区停车场,新昌县,290,156,2023-11-16 21:14:34
XC2020003,服务大楼停车场,新昌县,200,142,2023-11-16 21:14:33
XC2020002,演溪路停车场,新昌县,70,25,2023-11-16 21:14:18
XC2020005,智慧家园停车场,新昌县,500,489,2023-11-16 21:09:58
XC2020023,城西小学停车场,新昌县,315,67,2023-11-16 21:09:55
XC2020007,鼓山公园停车场,新昌县,998,186,2023-11-16 21:09:54
XC2020022,大佛寺文化旅游区停车场,新昌县,290,156,2023-11-16 21:09:34
XC2020003,服务大楼停车场,新昌县,200,142,2023-11-16 21:09:33
XC2020002,演溪路停车场,新昌县,70,26,2023-11-16 21:09:18
XC2020005,智慧家园停车场,新昌县,500,489,2023-11-16 21:04:58
XC2020023,城西小学停车场,新昌县,315,67,2023-11-16 21:04:55
XC2020007,鼓山公园停车场,新昌县,998,181,2023-11-16 21:04:54
XC2020022,大佛寺文化旅游区停车场,新昌县,290,157,2023-11-16 21:04:34
XC2020003,服务大楼停车场,新昌县,200,143,2023-11-16 21:04:33
XC2020002,演溪路停车场,新昌县,70,25,2023-11-16 21:04:18
XC2020005,智慧家园停车场,新昌县,500,489,2023-11-16 20:59:58
XC2020023,城西小学停车场,新昌县,315,66,2023-11-16 20:59:55
XC2020007,鼓山公园停车场,新昌县,998,179,2023-11-16 20:59:54
XC2020022,大佛寺文化旅游区停车场,新昌县,290,156,2023-11-16 20:59:34
XC2020003,服务大楼停车场,新昌县,200,144,2023-11-16 20:59:33
XC2020002,演溪路停车场,新昌县,70,25,2023-11-16 20:59:18
XC2020005,智慧家园停车场,新昌县,500,490,2023-11-16 20:54:58
XC2020023,城西小学停车场,新昌县,315,66,2023-11-16 20:54:55
XC2020007,鼓山公园停车场,新昌县,998,175,2023-11-16 20:54:54
XC2020022,大佛寺文化旅游区停车场,新昌县,290,158,2023-11-16 20:54:34
XC2020003,服务大楼停车场,新昌县,200,143,2023-11-16 20:54:33
XC2020002,演溪路停车场,新昌县,70,24,2023-11-16 20:54:18
XC2020005,智慧家园停车场,新昌县,500,489,2023-11-16 20:49:58
XC2020023,城西小学停车场,新昌县,315,66,2023-11-16 20:49:55
XC2020007,鼓山公园停车场,新昌县,998,173,2023-11-16 20:49:54
XC2020022,大佛寺文化旅游区停车场,新昌县,290,158,2023-11-16 20:49:34
XC2020003,服务大楼停车场,新昌县,200,143,2023-11-16 20:49:33
XC2020002,演溪路停车场,新昌县,70,22,2023-11-16 20:49:18
XC2020005,智慧家园停车场,新昌县,500,488,2023-11-16 20:44:58
XC2020023,城西小学停车场,新昌县,315,66,2023-11-16 20:44:55
XC2020007,鼓山公园停车场,新昌县,998,170,2023-11-16 20:44:54
XC2020022,大佛寺文化旅游区停车场,新昌县,290,156,2023-11-16 20:44:34
XC2020003,服务大楼停车场,新昌县,200,142,2023-11-16 20:44:33
XC2020002,演溪路停车场,新昌县,70,22,2023-11-16 20:44:18
XC2020005,智慧家园停车场,新昌县,500,488,2023-11-16 20:39:58
XC2020023,城西小学停车场,新昌县,315,64,2023-11-16 20:39:55
XC2020007,鼓山公园停车场,新昌县,998,169,2023-11-16 20:39:54
XC2020022,大佛寺文化旅游区停车场,新昌县,290,156,2023-11-16 20:39:34
XC2020003,服务大楼停车场,新昌县,200,141,2023-11-16 20:39:33
XC2020002,演溪路停车场,新昌县,70,22,2023-11-16 20:39:18
XC2020005,智慧家园停车场,新昌县,500,487,2023-11-16 20:34:58
XC2020023,城西小学停车场,新昌县,315,65,2023-11-16 20:34:55
XC2020007,鼓山公园停车场,新昌县,998,165,2023-11-16 20:34:54
XC2020022,大佛寺文化旅游区停车场,新昌县,290,155,2023-11-16 20:34:34
XC2020003,服务大楼停车场,新昌县,200,143,2023-11-16 20:34:33
XC2020002,演溪路停车场,新昌县,70,23,2023-11-16 20:34:18
XC2020005,智慧家园停车场,新昌县,500,486,2023-11-16 20:29:58
XC2020023,城西小学停车场,新昌县,315,60,2023-11-16 20:29:55
XC2020007,鼓山公园停车场,新昌县,998,155,2023-11-16 20:29:54
XC2020022,大佛寺文化旅游区停车场,新昌县,290,155,2023-11-16 20:29:34
XC2020003,服务大楼停车场,新昌县,200,143,2023-11-16 20:29:33
XC2020002,演溪路停车场,新昌县,70,24,2023-11-16 20:29:18
XC2020005,智慧家园停车场,新昌县,500,487,2023-11-16 20:24:58
XC2020023,城西小学停车场,新昌县,315,60,2023-11-16 20:24:55
XC2020007,鼓山公园停车场,新昌县,998,144,2023-11-16 20:24:54
XC2020022,大佛寺文化旅游区停车场,新昌县,290,154,2023-11-16 20:24:34
XC2020003,服务大楼停车场,新昌县,200,144,2023-11-16 20:24:33
XC2020002,演溪路停车场,新昌县,70,26,2023-11-16 20:24:18
XC2020005,智慧家园停车场,新昌县,500,487,2023-11-16 20:19:58
XC2020023,城西小学停车场,新昌县,315,57,2023-11-16 20:19:55
XC2020007,鼓山公园停车场,新昌县,998,140,2023-11-16 20:19:54
XC2020022,大佛寺文化旅游区停车场,新昌县,290,153,2023-11-16 20:19:34
XC2020003,服务大楼停车场,新昌县,200,144,2023-11-16 20:19:33
XC2020002,演溪路停车场,新昌县,70,26,2023-11-16 20:19:18
XC2020005,智慧家园停车场,新昌县,500,488,2023-11-16 20:14:58
XC2020023,城西小学停车场,新昌县,315,55,2023-11-16 20:14:55
XC2020007,鼓山公园停车场,新昌县,998,137,2023-11-16 20:14:54
XC2020022,大佛寺文化旅游区停车场,新昌县,290,153,2023-11-16 20:14:34
XC2020003,服务大楼停车场,新昌县,200,143,2023-11-16 20:14:33
XC2020002,演溪路停车场,新昌县,70,23,2023-11-16 20:14:18
XC2020005,智慧家园停车场,新昌县,500,488,2023-11-16 20:09:58
XC2020023,城西小学停车场,新昌县,315,53,2023-11-16 20:09:55
XC2020007,鼓山公园停车场,新昌县,998,124,2023-11-16 20:09:54
XC2020022,大佛寺文化旅游区停车场,新昌县,290,153,2023-11-16 20:09:34
XC2020003,服务大楼停车场,新昌县,200,142,2023-11-16 20:09:33
XC2020002,演溪路停车场,新昌县,70,22,2023-11-16 20:09:18
XC2020005,智慧家园停车场,新昌县,500,488,2023-11-16 20:04:58
XC2020023,城西小学停车场,新昌县,315,52,2023-11-16 20:04:55
XC2020007,鼓山公园停车场,新昌县,998,118,2023-11-16 20:04:54
XC2020022,大佛寺文化旅游区停车场,新昌县,290,153,2023-11-16 20:04:34
XC2020003,服务大楼停车场,新昌县,200,142,2023-11-16 20:04:33
XC2020002,演溪路停车场,新昌县,70,22,2023-11-16 20:04:18
XC2020005,智慧家园停车场,新昌县,500,488,2023-11-16 19:59:58
XC2020023,城西小学停车场,新昌县,315,54,2023-11-16 19:59:55
XC2020007,鼓山公园停车场,新昌县,998,115,2023-11-16 19:59:54
XC2020022,大佛寺文化旅游区停车场,新昌县,290,152,2023-11-16 19:59:34
XC2020003,服务大楼停车场,新昌县,200,140,2023-11-16 19:59:33
XC2020002,演溪路停车场,新昌县,70,23,2023-11-16 19:59:18
XC2020005,智慧家园停车场,新昌县,500,487,2023-11-16 19:54:58
XC2020023,城西小学停车场,新昌县,315,55,2023-11-16 19:54:55
XC2020007,鼓山公园停车场,新昌县,998,113,2023-11-16 19:54:54
XC2020022,大佛寺文化旅游区停车场,新昌县,290,152,2023-11-16 19:54:34
XC2020003,服务大楼停车场,新昌县,200,140,2023-11-16 19:54:33
XC2020002,演溪路停车场,新昌县,70,22,2023-11-16 19:54:18
XC2020005,智慧家园停车场,新昌县,500,487,2023-11-16 19:49:58
XC2020023,城西小学停车场,新昌县,315,54,2023-11-16 19:49:55
XC2020007,鼓山公园停车场,新昌县,998,112,2023-11-16 19:49:54
XC2020022,大佛寺文化旅游区停车场,新昌县,290,151,2023-11-16 19:49:34
XC2020003,服务大楼停车场,新昌县,200,139,2023-11-16 19:49:33
XC2020002,演溪路停车场,新昌县,70,18,2023-11-16 19:49:18
XC2020005,智慧家园停车场,新昌县,500,487,2023-11-16 19:44:58
XC2020023,城西小学停车场,新昌县,315,57,2023-11-16 19:44:55
XC2020007,鼓山公园停车场,新昌县,998,110,2023-11-16 19:44:54
XC2020022,大佛寺文化旅游区停车场,新昌县,290,150,2023-11-16 19:44:34
XC2020003,服务大楼停车场,新昌县,200,139,2023-11-16 19:44:33
XC2020002,演溪路停车场,新昌县,70,17,2023-11-16 19:44:18
XC2020005,智慧家园停车场,新昌县,500,487,2023-11-16 19:39:58
XC2020023,城西小学停车场,新昌县,315,56,2023-11-16 19:39:55
XC2020007,鼓山公园停车场,新昌县,998,108,2023-11-16 19:39:54
XC2020022,大佛寺文化旅游区停车场,新昌县,290,147,2023-11-16 19:39:34
XC2020003,服务大楼停车场,新昌县,200,140,2023-11-16 19:39:33
XC2020002,演溪路停车场,新昌县,70,14,2023-11-16 19:39:18
XC2020005,智慧家园停车场,新昌县,500,487,2023-11-16 19:34:58
XC2020023,城西小学停车场,新昌县,315,54,2023-11-16 19:34:55
XC2020007,鼓山公园停车场,新昌县,998,105,2023-11-16 19:34:54
XC2020022,大佛寺文化旅游区停车场,新昌县,290,148,2023-11-16 19:34:34
XC2020003,服务大楼停车场,新昌县,200,140,2023-11-16 19:34:33
XC2020002,演溪路停车场,新昌县,70,14,2023-11-16 19:34:18
XC2020005,智慧家园停车场,新昌县,500,487,2023-11-16 19:29:58
XC2020023,城西小学停车场,新昌县,315,53,2023-11-16 19:29:55
XC2020007,鼓山公园停车场,新昌县,998,107,2023-11-16 19:29:54
XC2020022,大佛寺文化旅游区停车场,新昌县,290,146,2023-11-16 19:29:34
XC2020003,服务大楼停车场,新昌县,200,143,2023-11-16 19:29:33
XC2020002,演溪路停车场,新昌县,70,18,2023-11-16 19:29:18
XC2020005,智慧家园停车场,新昌县,500,487,2023-11-16 19:24:58
XC2020023,城西小学停车场,新昌县,315,53,2023-11-16 19:24:55
XC2020007,鼓山公园停车场,新昌县,998,106,2023-11-16 19:24:54
XC2020022,大佛寺文化旅游区停车场,新昌县,290,146,2023-11-16 19:24:34
XC2020003,服务大楼停车场,新昌县,200,140,2023-11-16 19:24:33
XC2020002,演溪路停车场,新昌县,70,19,2023-11-16 19:24:18
XC2020005,智慧家园停车场,新昌县,500,489,2023-11-16 19:19:58
XC2020023,城西小学停车场,新昌县,315,54,2023-11-16 19:19:55
XC2020007,鼓山公园停车场,新昌县,998,99,2023-11-16 19:19:54
XC2020022,大佛寺文化旅游区停车场,新昌县,290,146,2023-11-16 19:19:34
XC2020003,服务大楼停车场,新昌县,200,143,2023-11-16 19:19:33
XC2020002,演溪路停车场,新昌县,70,15,2023-11-16 19:19:18
XC2020005,智慧家园停车场,新昌县,500,490,2023-11-16 19:14:58
XC2020023,城西小学停车场,新昌县,315,55,2023-11-16 19:14:55
XC2020007,鼓山公园停车场,新昌县,998,95,2023-11-16 19:14:54
XC2020022,大佛寺文化旅游区停车场,新昌县,290,148,2023-11-16 19:14:34
XC2020003,服务大楼停车场,新昌县,200,140,2023-11-16 19:14:33
XC2020002,演溪路停车场,新昌县,70,15,2023-11-16 19:14:18
XC2020005,智慧家园停车场,新昌县,500,491,2023-11-16 19:09:58
XC2020023,城西小学停车场,新昌县,315,58,2023-11-16 19:09:55
XC2020007,鼓山公园停车场,新昌县,998,99,2023-11-16 19:09:54
XC2020022,大佛寺文化旅游区停车场,新昌县,290,151,2023-11-16 19:09:34
XC2020003,服务大楼停车场,新昌县,200,141,2023-11-16 19:09:33
XC2020002,演溪路停车场,新昌县,70,19,2023-11-16 19:09:18
XC2020005,智慧家园停车场,新昌县,500,491,2023-11-16 19:04:58
XC2020023,城西小学停车场,新昌县,315,63,2023-11-16 19:04:55
XC2020007,鼓山公园停车场,新昌县,998,94,2023-11-16 19:04:54
XC2020022,大佛寺文化旅游区停车场,新昌县,290,152,2023-11-16 19:04:34
XC2020003,服务大楼停车场,新昌县,200,144,2023-11-16 19:04:33
XC2020002,演溪路停车场,新昌县,70,16,2023-11-16 19:04:18
XC2020005,智慧家园停车场,新昌县,500,490,2023-11-16 18:59:58
XC2020023,城西小学停车场,新昌县,315,68,2023-11-16 18:59:55
XC2020007,鼓山公园停车场,新昌县,998,94,2023-11-16 18:59:54
XC2020022,大佛寺文化旅游区停车场,新昌县,290,150,2023-11-16 18:59:34
XC2020003,服务大楼停车场,新昌县,200,143,2023-11-16 18:59:33
XC2020002,演溪路停车场,新昌县,70,15,2023-11-16 18:59:18
XC2020005,智慧家园停车场,新昌县,500,491,2023-11-16 18:54:58
XC2020023,城西小学停车场,新昌县,315,69,2023-11-16 18:54:55
XC2020007,鼓山公园停车场,新昌县,998,94,2023-11-16 18:54:54
XC2020022,大佛寺文化旅游区停车场,新昌县,290,150,2023-11-16 18:54:34
XC2020003,服务大楼停车场,新昌县,200,143,2023-11-16 18:54:33
XC2020002,演溪路停车场,新昌县,70,14,2023-11-16 18:54:18
XC2020005,智慧家园停车场,新昌县,500,491,2023-11-16 18:49:58
XC2020023,城西小学停车场,新昌县,315,69,2023-11-16 18:49:55
XC2020007,鼓山公园停车场,新昌县,998,92,2023-11-16 18:49:54
XC2020022,大佛寺文化旅游区停车场,新昌县,290,149,2023-11-16 18:49:34
XC2020003,服务大楼停车场,新昌县,200,144,2023-11-16 18:49:33
XC2020002,演溪路停车场,新昌县,70,14,2023-11-16 18:49:18
XC2020005,智慧家园停车场,新昌县,500,491,2023-11-16 18:44:58
XC2020023,城西小学停车场,新昌县,315,75,2023-11-16 18:44:55
XC2020007,鼓山公园停车场,新昌县,998,91,2023-11-16 18:44:54
XC2020022,大佛寺文化旅游区停车场,新昌县,290,150,2023-11-16 18:44:34
XC2020003,服务大楼停车场,新昌县,200,144,2023-11-16 18:44:33
XC2020002,演溪路停车场,新昌县,70,12,2023-11-16 18:44:18
XC2020005,智慧家园停车场,新昌县,500,492,2023-11-16 18:39:58
XC2020023,城西小学停车场,新昌县,315,80,2023-11-16 18:39:55
XC2020007,鼓山公园停车场,新昌县,998,92,2023-11-16 18:39:54
XC2020022,大佛寺文化旅游区停车场,新昌县,290,146,2023-11-16 18:39:34
XC2020003,服务大楼停车场,新昌县,200,146,2023-11-16 18:39:33
XC2020002,演溪路停车场,新昌县,70,15,2023-11-16 18:39:18
XC2020005,智慧家园停车场,新昌县,500,492,2023-11-16 18:34:58
XC2020023,城西小学停车场,新昌县,315,85,2023-11-16 18:34:55
XC2020007,鼓山公园停车场,新昌县,998,87,2023-11-16 18:34:54
XC2020022,大佛寺文化旅游区停车场,新昌县,290,148,2023-11-16 18:34:34
XC2020003,服务大楼停车场,新昌县,200,144,2023-11-16 18:34:33
XC2020002,演溪路停车场,新昌县,70,17,2023-11-16 18:34:18
XC2020005,智慧家园停车场,新昌县,500,493,2023-11-16 18:29:58
XC2020023,城西小学停车场,新昌县,315,91,2023-11-16 18:29:55
XC2020007,鼓山公园停车场,新昌县,998,84,2023-11-16 18:29:54
XC2020022,大佛寺文化旅游区停车场,新昌县,290,150,2023-11-16 18:29:34
XC2020003,服务大楼停车场,新昌县,200,143,2023-11-16 18:29:33
XC2020002,演溪路停车场,新昌县,70,20,2023-11-16 18:29:18
XC2020005,智慧家园停车场,新昌县,500,493,2023-11-16 18:24:58
XC2020023,城西小学停车场,新昌县,315,95,2023-11-16 18:24:55
XC2020007,鼓山公园停车场,新昌县,998,88,2023-11-16 18:24:54
XC2020022,大佛寺文化旅游区停车场,新昌县,290,152,2023-11-16 18:24:34
XC2020003,服务大楼停车场,新昌县,200,145,2023-11-16 18:24:33
XC2020002,演溪路停车场,新昌县,70,20,2023-11-16 18:24:18
XC2020005,智慧家园停车场,新昌县,500,492,2023-11-16 18:19:58
XC2020023,城西小学停车场,新昌县,315,97,2023-11-16 18:19:55
XC2020007,鼓山公园停车场,新昌县,998,93,2023-11-16 18:19:54
XC2020022,大佛寺文化旅游区停车场,新昌县,290,151,2023-11-16 18:19:34
XC2020003,服务大楼停车场,新昌县,200,145,2023-11-16 18:19:33
XC2020002,演溪路停车场,新昌县,70,20,2023-11-16 18:19:18
XC2020005,智慧家园停车场,新昌县,500,492,2023-11-16 18:14:58
XC2020023,城西小学停车场,新昌县,315,101,2023-11-16 18:14:55
XC2020007,鼓山公园停车场,新昌县,998,94,2023-11-16 18:14:54
XC2020022,大佛寺文化旅游区停车场,新昌县,290,151,2023-11-16 18:14:34
XC2020003,服务大楼停车场,新昌县,200,145,2023-11-16 18:14:33
XC2020002,演溪路停车场,新昌县,70,17,2023-11-16 18:14:18
XC2020005,智慧家园停车场,新昌县,500,492,2023-11-16 18:09:58
XC2020023,城西小学停车场,新昌县,315,102,2023-11-16 18:09:55
XC2020007,鼓山公园停车场,新昌县,998,108,2023-11-16 18:09:54
XC2020022,大佛寺文化旅游区停车场,新昌县,290,151,2023-11-16 18:09:34
XC2020003,服务大楼停车场,新昌县,200,145,2023-11-16 18:09:33
XC2020002,演溪路停车场,新昌县,70,18,2023-11-16 18:09:18
XC2020005,智慧家园停车场,新昌县,500,492,2023-11-16 18:04:58
XC2020023,城西小学停车场,新昌县,315,103,2023-11-16 18:04:55
XC2020007,鼓山公园停车场,新昌县,998,109,2023-11-16 18:04:54
XC2020022,大佛寺文化旅游区停车场,新昌县,290,151,2023-11-16 18:04:34
XC2020003,服务大楼停车场,新昌县,200,145,2023-11-16 18:04:33
XC2020002,演溪路停车场,新昌县,70,17,2023-11-16 18:04:18
XC2020005,智慧家园停车场,新昌县,500,492,2023-11-16 17:59:58
XC2020023,城西小学停车场,新昌县,315,106,2023-11-16 17:59:55
XC2020007,鼓山公园停车场,新昌县,998,111,2023-11-16 17:59:54
XC2020022,大佛寺文化旅游区停车场,新昌县,290,151,2023-11-16 17:59:34
XC2020003,服务大楼停车场,新昌县,200,145,2023-11-16 17:59:33
XC2020002,演溪路停车场,新昌县,70,18,2023-11-16 17:59:18
XC2020005,智慧家园停车场,新昌县,500,493,2023-11-16 17:54:58
XC2020023,城西小学停车场,新昌县,315,109,2023-11-16 17:54:55
XC2020007,鼓山公园停车场,新昌县,998,109,2023-11-16 17:54:54
XC2020022,大佛寺文化旅游区停车场,新昌县,290,152,2023-11-16 17:54:34
XC2020003,服务大楼停车场,新昌县,200,149,2023-11-16 17:54:33
XC2020002,演溪路停车场,新昌县,70,19,2023-11-16 17:54:18
XC2020005,智慧家园停车场,新昌县,500,493,2023-11-16 17:49:58
XC2020023,城西小学停车场,新昌县,315,109,2023-11-16 17:49:55
XC2020007,鼓山公园停车场,新昌县,998,105,2023-11-16 17:49:54
XC2020022,大佛寺文化旅游区停车场,新昌县,290,153,2023-11-16 17:49:34
XC2020003,服务大楼停车场,新昌县,200,148,2023-11-16 17:49:33
XC2020002,演溪路停车场,新昌县,70,20,2023-11-16 17:49:18
XC2020005,智慧家园停车场,新昌县,500,495,2023-11-16 17:44:58
XC2020023,城西小学停车场,新昌县,315,109,2023-11-16 17:44:55
XC2020007,鼓山公园停车场,新昌县,998,108,2023-11-16 17:44:54
XC2020022,大佛寺文化旅游区停车场,新昌县,290,153,2023-11-16 17:44:34
XC2020003,服务大楼停车场,新昌县,200,149,2023-11-16 17:44:33
XC2020002,演溪路停车场,新昌县,70,25,2023-11-16 17:44:18
XC2020005,智慧家园停车场,新昌县,500,496,2023-11-16 17:39:58
XC2020023,城西小学停车场,新昌县,315,109,2023-11-16 17:39:55
XC2020007,鼓山公园停车场,新昌县,998,111,2023-11-16 17:39:54
XC2020022,大佛寺文化旅游区停车场,新昌县,290,156,2023-11-16 17:39:34
XC2020003,服务大楼停车场,新昌县,200,148,2023-11-16 17:39:33
XC2020002,演溪路停车场,新昌县,70,33,2023-11-16 17:39:18
XC2020005,智慧家园停车场,新昌县,500,497,2023-11-16 17:34:58
XC2020023,城西小学停车场,新昌县,315,111,2023-11-16 17:34:55
XC2020007,鼓山公园停车场,新昌县,998,114,2023-11-16 17:34:54
XC2020022,大佛寺文化旅游区停车场,新昌县,290,157,2023-11-16 17:34:34
XC2020003,服务大楼停车场,新昌县,200,150,2023-11-16 17:34:33
XC2020002,演溪路停车场,新昌县,70,35,2023-11-16 17:34:18
XC2020005,智慧家园停车场,新昌县,500,498,2023-11-16 17:29:58
XC2020023,城西小学停车场,新昌县,315,110,2023-11-16 17:29:55
XC2020007,鼓山公园停车场,新昌县,998,125,2023-11-16 17:29:54
XC2020022,大佛寺文化旅游区停车场,新昌县,290,160,2023-11-16 17:29:34
XC2020003,服务大楼停车场,新昌县,200,156,2023-11-16 17:29:33
XC2020002,演溪路停车场,新昌县,70,35,2023-11-16 17:29:18
XC2020005,智慧家园停车场,新昌县,500,499,2023-11-16 17:24:58
XC2020023,城西小学停车场,新昌县,315,104,2023-11-16 17:24:55
XC2020007,鼓山公园停车场,新昌县,998,134,2023-11-16 17:24:54
XC2020022,大佛寺文化旅游区停车场,新昌县,290,159,2023-11-16 17:24:34
XC2020003,服务大楼停车场,新昌县,200,160,2023-11-16 17:24:33
XC2020002,演溪路停车场,新昌县,70,40,2023-11-16 17:24:18
XC2020005,智慧家园停车场,新昌县,500,499,2023-11-16 17:19:58
XC2020023,城西小学停车场,新昌县,315,87,2023-11-16 17:19:55
XC2020007,鼓山公园停车场,新昌县,998,117,2023-11-16 17:19:54
XC2020022,大佛寺文化旅游区停车场,新昌县,290,159,2023-11-16 17:19:34
XC2020003,服务大楼停车场,新昌县,200,169,2023-11-16 17:19:33
XC2020002,演溪路停车场,新昌县,70,47,2023-11-16 17:19:18
XC2020005,智慧家园停车场,新昌县,500,500,2023-11-16 17:14:58
XC2020023,城西小学停车场,新昌县,315,47,2023-11-16 17:14:55
XC2020007,鼓山公园停车场,新昌县,998,112,2023-11-16 17:14:54
XC2020022,大佛寺文化旅游区停车场,新昌县,290,160,2023-11-16 17:14:34
XC2020003,服务大楼停车场,新昌县,200,167,2023-11-16 17:14:33
XC2020002,演溪路停车场,新昌县,70,54,2023-11-16 17:14:18
XC2020005,智慧家园停车场,新昌县,500,500,2023-11-16 17:09:58
XC2020023,城西小学停车场,新昌县,315,15,2023-11-16 17:09:55
XC2020007,鼓山公园停车场,新昌县,998,108,2023-11-16 17:09:54
XC2020022,大佛寺文化旅游区停车场,新昌县,290,160,2023-11-16 17:09:34
XC2020003,服务大楼停车场,新昌县,200,155,2023-11-16 17:09:33
XC2020002,演溪路停车场,新昌县,70,54,2023-11-16 17:09:18
XC2020005,智慧家园停车场,新昌县,500,498,2023-11-16 17:04:58
XC2020023,城西小学停车场,新昌县,315,10,2023-11-16 17:04:55
XC2020007,鼓山公园停车场,新昌县,998,104,2023-11-16 17:04:54
XC2020022,大佛寺文化旅游区停车场,新昌县,290,163,2023-11-16 17:04:34
XC2020003,服务大楼停车场,新昌县,200,163,2023-11-16 17:04:33
XC2020002,演溪路停车场,新昌县,70,54,2023-11-16 17:04:18
XC2020005,智慧家园停车场,新昌县,500,496,2023-11-16 16:59:58
XC2020023,城西小学停车场,新昌县,315,3,2023-11-16 16:59:55
XC2020007,鼓山公园停车场,新昌县,998,103,2023-11-16 16:59:54
XC2020022,大佛寺文化旅游区停车场,新昌县,290,165,2023-11-16 16:59:34
XC2020003,服务大楼停车场,新昌县,200,144,2023-11-16 16:59:33
XC2020002,演溪路停车场,新昌县,70,57,2023-11-16 16:59:18
XC2020005,智慧家园停车场,新昌县,500,496,2023-11-16 16:54:58
XC2020023,城西小学停车场,新昌县,315,19,2023-11-16 16:54:55
XC2020007,鼓山公园停车场,新昌县,998,119,2023-11-16 16:54:54
XC2020022,大佛寺文化旅游区停车场,新昌县,290,145,2023-11-16 16:54:34
XC2020003,服务大楼停车场,新昌县,200,129,2023-11-16 16:54:33
XC2020002,演溪路停车场,新昌县,70,58,2023-11-16 16:54:18
XC2020005,智慧家园停车场,新昌县,500,495,2023-11-16 16:49:58
XC2020023,城西小学停车场,新昌县,315,0,2023-11-16 16:49:55
XC2020007,鼓山公园停车场,新昌县,998,124,2023-11-16 16:49:54
XC2020022,大佛寺文化旅游区停车场,新昌县,290,143,2023-11-16 16:49:34
XC2020003,服务大楼停车场,新昌县,200,113,2023-11-16 16:49:33
XC2020002,演溪路停车场,新昌县,70,57,2023-11-16 16:49:18
XC2020005,智慧家园停车场,新昌县,500,495,2023-11-16 16:44:58
XC2020023,城西小学停车场,新昌县,315,2,2023-11-16 16:44:55
XC2020007,鼓山公园停车场,新昌县,998,137,2023-11-16 16:44:54
XC2020022,大佛寺文化旅游区停车场,新昌县,290,142,2023-11-16 16:44:34
XC2020003,服务大楼停车场,新昌县,200,104,2023-11-16 16:44:33
XC2020002,演溪路停车场,新昌县,70,58,2023-11-16 16:44:18
XC2020005,智慧家园停车场,新昌县,500,495,2023-11-16 16:39:58
XC2020023,城西小学停车场,新昌县,315,35,2023-11-16 16:39:55
XC2020007,鼓山公园停车场,新昌县,998,154,2023-11-16 16:39:54
XC2020022,大佛寺文化旅游区停车场,新昌县,290,136,2023-11-16 16:39:34
XC2020003,服务大楼停车场,新昌县,200,98,2023-11-16 16:39:33
XC2020002,演溪路停车场,新昌县,70,58,2023-11-16 16:39:18
XC2020005,智慧家园停车场,新昌县,500,494,2023-11-16 16:34:58
XC2020023,城西小学停车场,新昌县,315,56,2023-11-16 16:34:55
XC2020007,鼓山公园停车场,新昌县,998,159,2023-11-16 16:34:54
XC2020022,大佛寺文化旅游区停车场,新昌县,290,137,2023-11-16 16:34:34
XC2020003,服务大楼停车场,新昌县,200,85,2023-11-16 16:34:33
XC2020002,演溪路停车场,新昌县,70,58,2023-11-16 16:34:18
XC2020005,智慧家园停车场,新昌县,500,493,2023-11-16 16:29:58
XC2020023,城西小学停车场,新昌县,315,67,2023-11-16 16:29:55
XC2020007,鼓山公园停车场,新昌县,998,160,2023-11-16 16:29:54
XC2020022,大佛寺文化旅游区停车场,新昌县,290,139,2023-11-16 16:29:34
XC2020003,服务大楼停车场,新昌县,200,74,2023-11-16 16:29:33
XC2020002,演溪路停车场,新昌县,70,58,2023-11-16 16:29:18
XC2020005,智慧家园停车场,新昌县,500,493,2023-11-16 16:24:58
XC2020023,城西小学停车场,新昌县,315,70,2023-11-16 16:24:55
XC2020007,鼓山公园停车场,新昌县,998,161,2023-11-16 16:24:54
XC2020022,大佛寺文化旅游区停车场,新昌县,290,139,2023-11-16 16:24:34
XC2020003,服务大楼停车场,新昌县,200,73,2023-11-16 16:24:33
XC2020002,演溪路停车场,新昌县,70,56,2023-11-16 16:24:18
XC2020005,智慧家园停车场,新昌县,500,493,2023-11-16 16:19:58
XC2020023,城西小学停车场,新昌县,315,73,2023-11-16 16:19:55
XC2020007,鼓山公园停车场,新昌县,998,160,2023-11-16 16:19:54
XC2020022,大佛寺文化旅游区停车场,新昌县,290,140,2023-11-16 16:19:34
XC2020003,服务大楼停车场,新昌县,200,72,2023-11-16 16:19:33
XC2020002,演溪路停车场,新昌县,70,53,2023-11-16 16:19:18
XC2020005,智慧家园停车场,新昌县,500,494,2023-11-16 16:14:58
XC2020023,城西小学停车场,新昌县,315,77,2023-11-16 16:14:55
XC2020007,鼓山公园停车场,新昌县,998,159,2023-11-16 16:14:54
XC2020022,大佛寺文化旅游区停车场,新昌县,290,139,2023-11-16 16:14:34
XC2020003,服务大楼停车场,新昌县,200,63,2023-11-16 16:14:33
XC2020002,演溪路停车场,新昌县,70,52,2023-11-16 16:14:18
XC2020005,智慧家园停车场,新昌县,500,495,2023-11-16 16:09:58
XC2020023,城西小学停车场,新昌县,315,86,2023-11-16 16:09:55
XC2020007,鼓山公园停车场,新昌县,998,159,2023-11-16 16:09:54
XC2020022,大佛寺文化旅游区停车场,新昌县,290,137,2023-11-16 16:09:34
XC2020003,服务大楼停车场,新昌县,200,65,2023-11-16 16:09:33
XC2020002,演溪路停车场,新昌县,70,51,2023-11-16 16:09:18
XC2020005,智慧家园停车场,新昌县,500,495,2023-11-16 16:04:58
XC2020023,城西小学停车场,新昌县,315,88,2023-11-16 16:04:55
XC2020007,鼓山公园停车场,新昌县,998,159,2023-11-16 16:04:54
XC2020022,大佛寺文化旅游区停车场,新昌县,290,137,2023-11-16 16:04:34
XC2020003,服务大楼停车场,新昌县,200,60,2023-11-16 16:04:33
XC2020002,演溪路停车场,新昌县,70,50,2023-11-16 16:04:18
XC2020005,智慧家园停车场,新昌县,500,496,2023-11-16 15:59:58
XC2020023,城西小学停车场,新昌县,315,85,2023-11-16 15:59:55
XC2020007,鼓山公园停车场,新昌县,998,160,2023-11-16 15:59:54
XC2020022,大佛寺文化旅游区停车场,新昌县,290,133,2023-11-16 15:59:34
XC2020003,服务大楼停车场,新昌县,200,55,2023-11-16 15:59:33
XC2020002,演溪路停车场,新昌县,70,51,2023-11-16 15:59:18
XC2020005,智慧家园停车场,新昌县,500,496,2023-11-16 15:54:58
XC2020023,城西小学停车场,新昌县,315,85,2023-11-16 15:54:55
XC2020007,鼓山公园停车场,新昌县,998,157,2023-11-16 15:54:54
XC2020022,大佛寺文化旅游区停车场,新昌县,290,138,2023-11-16 15:54:34
XC2020003,服务大楼停车场,新昌县,200,50,2023-11-16 15:54:33
XC2020002,演溪路停车场,新昌县,70,50,2023-11-16 15:54:18
XC2020005,智慧家园停车场,新昌县,500,496,2023-11-16 15:49:58
XC2020023,城西小学停车场,新昌县,315,80,2023-11-16 15:49:55
XC2020007,鼓山公园停车场,新昌县,998,152,2023-11-16 15:49:54
XC2020022,大佛寺文化旅游区停车场,新昌县,290,135,2023-11-16 15:49:34
XC2020003,服务大楼停车场,新昌县,200,50,2023-11-16 15:49:33
XC2020002,演溪路停车场,新昌县,70,51,2023-11-16 15:49:18
XC2020005,智慧家园停车场,新昌县,500,496,2023-11-16 15:44:58
XC2020023,城西小学停车场,新昌县,315,82,2023-11-16 15:44:55
XC2020007,鼓山公园停车场,新昌县,998,158,2023-11-16 15:44:54
XC2020022,大佛寺文化旅游区停车场,新昌县,290,133,2023-11-16 15:44:34
XC2020003,服务大楼停车场,新昌县,200,49,2023-11-16 15:44:33
XC2020002,演溪路停车场,新昌县,70,50,2023-11-16 15:44:18
XC2020005,智慧家园停车场,新昌县,500,496,2023-11-16 15:39:58
XC2020023,城西小学停车场,新昌县,315,82,2023-11-16 15:39:55
XC2020007,鼓山公园停车场,新昌县,998,163,2023-11-16 15:39:54
XC2020022,大佛寺文化旅游区停车场,新昌县,290,131,2023-11-16 15:39:34
XC2020003,服务大楼停车场,新昌县,200,48,2023-11-16 15:39:33
XC2020002,演溪路停车场,新昌县,70,54,2023-11-16 15:39:18
XC2020005,智慧家园停车场,新昌县,500,496,2023-11-16 15:34:58
XC2020023,城西小学停车场,新昌县,315,69,2023-11-16 15:34:55
XC2020007,鼓山公园停车场,新昌县,998,170,2023-11-16 15:34:54
XC2020022,大佛寺文化旅游区停车场,新昌县,290,129,2023-11-16 15:34:34
XC2020003,服务大楼停车场,新昌县,200,55,2023-11-16 15:34:33
XC2020002,演溪路停车场,新昌县,70,53,2023-11-16 15:34:18
XC2020005,智慧家园停车场,新昌县,500,496,2023-11-16 15:29:58
XC2020023,城西小学停车场,新昌县,315,62,2023-11-16 15:29:55
XC2020007,鼓山公园停车场,新昌县,998,168,2023-11-16 15:29:54
XC2020022,大佛寺文化旅游区停车场,新昌县,290,126,2023-11-16 15:29:34
XC2020003,服务大楼停车场,新昌县,200,45,2023-11-16 15:29:33
XC2020002,演溪路停车场,新昌县,70,56,2023-11-16 15:29:18
XC2020005,智慧家园停车场,新昌县,500,496,2023-11-16 15:24:58
XC2020023,城西小学停车场,新昌县,315,50,2023-11-16 15:24:55
XC2020007,鼓山公园停车场,新昌县,998,168,2023-11-16 15:24:54
XC2020022,大佛寺文化旅游区停车场,新昌县,290,124,2023-11-16 15:24:34
XC2020003,服务大楼停车场,新昌县,200,37,2023-11-16 15:24:33
XC2020002,演溪路停车场,新昌县,70,56,2023-11-16 15:24:18
XC2020005,智慧家园停车场,新昌县,500,496,2023-11-16 15:19:58
XC2020023,城西小学停车场,新昌县,315,50,2023-11-16 15:19:55
XC2020007,鼓山公园停车场,新昌县,998,165,2023-11-16 15:19:54
XC2020022,大佛寺文化旅游区停车场,新昌县,290,125,2023-11-16 15:19:34
XC2020003,服务大楼停车场,新昌县,200,35,2023-11-16 15:19:33
XC2020002,演溪路停车场,新昌县,70,56,2023-11-16 15:19:18
XC2020005,智慧家园停车场,新昌县,500,496,2023-11-16 15:14:58
XC2020023,城西小学停车场,新昌县,315,50,2023-11-16 15:14:55
XC2020007,鼓山公园停车场,新昌县,998,164,2023-11-16 15:14:54
XC2020022,大佛寺文化旅游区停车场,新昌县,290,125,2023-11-16 15:14:34
XC2020003,服务大楼停车场,新昌县,200,46,2023-11-16 15:14:33
XC2020002,演溪路停车场,新昌县,70,56,2023-11-16 15:14:18
XC2020005,智慧家园停车场,新昌县,500,496,2023-11-16 15:09:58
XC2020023,城西小学停车场,新昌县,315,10,2023-11-16 15:09:55
XC2020007,鼓山公园停车场,新昌县,998,174,2023-11-16 15:09:54
XC2020022,大佛寺文化旅游区停车场,新昌县,290,124,2023-11-16 15:09:34
XC2020003,服务大楼停车场,新昌县,200,48,2023-11-16 15:09:33
XC2020002,演溪路停车场,新昌县,70,54,2023-11-16 15:09:18
XC2020005,智慧家园停车场,新昌县,500,496,2023-11-16 15:04:58
XC2020023,城西小学停车场,新昌县,315,0,2023-11-16 15:04:55
XC2020007,鼓山公园停车场,新昌县,998,171,2023-11-16 15:04:54
XC2020022,大佛寺文化旅游区停车场,新昌县,290,122,2023-11-16 15:04:34
XC2020003,服务大楼停车场,新昌县,200,49,2023-11-16 15:04:33
XC2020002,演溪路停车场,新昌县,70,55,2023-11-16 15:04:18
XC2020005,智慧家园停车场,新昌县,500,496,2023-11-16 14:59:58
XC2020023,城西小学停车场,新昌县,315,11,2023-11-16 14:59:55
XC2020007,鼓山公园停车场,新昌县,998,170,2023-11-16 14:59:54
XC2020022,大佛寺文化旅游区停车场,新昌县,290,121,2023-11-16 14:59:34
XC2020003,服务大楼停车场,新昌县,200,55,2023-11-16 14:59:33
XC2020002,演溪路停车场,新昌县,70,56,2023-11-16 14:59:18
XC2020005,智慧家园停车场,新昌县,500,496,2023-11-16 14:54:58
XC2020023,城西小学停车场,新昌县,315,25,2023-11-16 14:54:55
XC2020007,鼓山公园停车场,新昌县,998,173,2023-11-16 14:54:54
XC2020022,大佛寺文化旅游区停车场,新昌县,290,119,2023-11-16 14:54:34
XC2020003,服务大楼停车场,新昌县,200,60,2023-11-16 14:54:33
XC2020002,演溪路停车场,新昌县,70,57,2023-11-16 14:54:18
XC2020005,智慧家园停车场,新昌县,500,496,2023-11-16 14:49:58
XC2020023,城西小学停车场,新昌县,315,41,2023-11-16 14:49:55
XC2020007,鼓山公园停车场,新昌县,998,175,2023-11-16 14:49:54
XC2020022,大佛寺文化旅游区停车场,新昌县,290,118,2023-11-16 14:49:34
XC2020003,服务大楼停车场,新昌县,200,55,2023-11-16 14:49:33
XC2020002,演溪路停车场,新昌县,70,56,2023-11-16 14:49:18
XC2020005,智慧家园停车场,新昌县,500,496,2023-11-16 14:44:58
XC2020023,城西小学停车场,新昌县,315,55,2023-11-16 14:44:55
XC2020007,鼓山公园停车场,新昌县,998,177,2023-11-16 14:44:54
XC2020022,大佛寺文化旅游区停车场,新昌县,290,116,2023-11-16 14:44:34
XC2020003,服务大楼停车场,新昌县,200,59,2023-11-16 14:44:33
XC2020002,演溪路停车场,新昌县,70,56,2023-11-16 14:44:18
XC2020005,智慧家园停车场,新昌县,500,495,2023-11-16 14:39:58
XC2020023,城西小学停车场,新昌县,315,57,2023-11-16 14:39:55
XC2020007,鼓山公园停车场,新昌县,998,178,2023-11-16 14:39:54
XC2020022,大佛寺文化旅游区停车场,新昌县,290,117,2023-11-16 14:39:34
XC2020003,服务大楼停车场,新昌县,200,63,2023-11-16 14:39:33
XC2020002,演溪路停车场,新昌县,70,57,2023-11-16 14:39:18
XC2020005,智慧家园停车场,新昌县,500,495,2023-11-16 14:34:58
XC2020023,城西小学停车场,新昌县,315,58,2023-11-16 14:34:55
XC2020007,鼓山公园停车场,新昌县,998,176,2023-11-16 14:34:54
XC2020022,大佛寺文化旅游区停车场,新昌县,290,113,2023-11-16 14:34:34
XC2020003,服务大楼停车场,新昌县,200,63,2023-11-16 14:34:33
XC2020002,演溪路停车场,新昌县,70,57,2023-11-16 14:34:18
XC2020005,智慧家园停车场,新昌县,500,495,2023-11-16 14:29:58
XC2020023,城西小学停车场,新昌县,315,60,2023-11-16 14:29:55
XC2020007,鼓山公园停车场,新昌县,998,177,2023-11-16 14:29:54
XC2020022,大佛寺文化旅游区停车场,新昌县,290,115,2023-11-16 14:29:34
XC2020003,服务大楼停车场,新昌县,200,64,2023-11-16 14:29:33
XC2020002,演溪路停车场,新昌县,70,58,2023-11-16 14:29:18
XC2020005,智慧家园停车场,新昌县,500,495,2023-11-16 14:24:58
XC2020023,城西小学停车场,新昌县,315,61,2023-11-16 14:24:55
XC2020007,鼓山公园停车场,新昌县,998,178,2023-11-16 14:24:54
XC2020022,大佛寺文化旅游区停车场,新昌县,290,115,2023-11-16 14:24:34
XC2020003,服务大楼停车场,新昌县,200,59,2023-11-16 14:24:33
XC2020002,演溪路停车场,新昌县,70,57,2023-11-16 14:24:18
XC2020005,智慧家园停车场,新昌县,500,495,2023-11-16 14:19:58
XC2020023,城西小学停车场,新昌县,315,62,2023-11-16 14:19:55
XC2020007,鼓山公园停车场,新昌县,998,177,2023-11-16 14:19:54
XC2020022,大佛寺文化旅游区停车场,新昌县,290,116,2023-11-16 14:19:34
XC2020003,服务大楼停车场,新昌县,200,67,2023-11-16 14:19:33
XC2020002,演溪路停车场,新昌县,70,55,2023-11-16 14:19:18
XC2020005,智慧家园停车场,新昌县,500,495,2023-11-16 14:14:58
XC2020023,城西小学停车场,新昌县,315,61,2023-11-16 14:14:55
XC2020007,鼓山公园停车场,新昌县,998,176,2023-11-16 14:14:54
XC2020022,大佛寺文化旅游区停车场,新昌县,290,114,2023-11-16 14:14:34
XC2020003,服务大楼停车场,新昌县,200,70,2023-11-16 14:14:33
XC2020002,演溪路停车场,新昌县,70,54,2023-11-16 14:14:18
XC2020005,智慧家园停车场,新昌县,500,494,2023-11-16 14:09:58
XC2020023,城西小学停车场,新昌县,315,63,2023-11-16 14:09:55
XC2020007,鼓山公园停车场,新昌县,998,173,2023-11-16 14:09:54
XC2020022,大佛寺文化旅游区停车场,新昌县,290,115,2023-11-16 14:09:34
XC2020003,服务大楼停车场,新昌县,200,74,2023-11-16 14:09:33
XC2020002,演溪路停车场,新昌县,70,55,2023-11-16 14:09:18
XC2020005,智慧家园停车场,新昌县,500,493,2023-11-16 14:04:58
XC2020023,城西小学停车场,新昌县,315,64,2023-11-16 14:04:55
XC2020007,鼓山公园停车场,新昌县,998,172,2023-11-16 14:04:54
XC2020022,大佛寺文化旅游区停车场,新昌县,290,118,2023-11-16 14:04:34
XC2020003,服务大楼停车场,新昌县,200,79,2023-11-16 14:04:33
XC2020002,演溪路停车场,新昌县,70,53,2023-11-16 14:04:18
XC2020005,智慧家园停车场,新昌县,500,493,2023-11-16 13:59:58
XC2020023,城西小学停车场,新昌县,315,65,2023-11-16 13:59:55
XC2020007,鼓山公园停车场,新昌县,998,174,2023-11-16 13:59:54
XC2020022,大佛寺文化旅游区停车场,新昌县,290,121,2023-11-16 13:59:34
XC2020003,服务大楼停车场,新昌县,200,87,2023-11-16 13:59:33
XC2020002,演溪路停车场,新昌县,70,55,2023-11-16 13:59:18
XC2020005,智慧家园停车场,新昌县,500,495,2023-11-16 13:54:58
XC2020023,城西小学停车场,新昌县,315,63,2023-11-16 13:54:55
XC2020007,鼓山公园停车场,新昌县,998,173,2023-11-16 13:54:54
XC2020022,大佛寺文化旅游区停车场,新昌县,290,119,2023-11-16 13:54:34
XC2020003,服务大楼停车场,新昌县,200,104,2023-11-16 13:54:33
XC2020002,演溪路停车场,新昌县,70,56,2023-11-16 13:54:18
XC2020005,智慧家园停车场,新昌县,500,498,2023-11-16 13:49:58
XC2020023,城西小学停车场,新昌县,315,62,2023-11-16 13:49:55
XC2020007,鼓山公园停车场,新昌县,998,171,2023-11-16 13:49:54
XC2020022,大佛寺文化旅游区停车场,新昌县,290,113,2023-11-16 13:49:34
XC2020003,服务大楼停车场,新昌县,200,122,2023-11-16 13:49:33
XC2020002,演溪路停车场,新昌县,70,58,2023-11-16 13:49:18
XC2020005,智慧家园停车场,新昌县,500,498,2023-11-16 13:44:58
XC2020023,城西小学停车场,新昌县,315,62,2023-11-16 13:44:55
XC2020007,鼓山公园停车场,新昌县,998,172,2023-11-16 13:44:54
XC2020022,大佛寺文化旅游区停车场,新昌县,290,116,2023-11-16 13:44:34
XC2020003,服务大楼停车场,新昌县,200,131,2023-11-16 13:44:33
XC2020002,演溪路停车场,新昌县,70,54,2023-11-16 13:44:18
XC2020005,智慧家园停车场,新昌县,500,498,2023-11-16 13:39:58
XC2020023,城西小学停车场,新昌县,315,64,2023-11-16 13:39:55
XC2020007,鼓山公园停车场,新昌县,998,168,2023-11-16 13:39:54
XC2020022,大佛寺文化旅游区停车场,新昌县,290,117,2023-11-16 13:39:34
XC2020003,服务大楼停车场,新昌县,200,134,2023-11-16 13:39:33
XC2020002,演溪路停车场,新昌县,70,55,2023-11-16 13:39:18
XC2020005,智慧家园停车场,新昌县,500,498,2023-11-16 13:34:58
XC2020023,城西小学停车场,新昌县,315,64,2023-11-16 13:34:55
XC2020007,鼓山公园停车场,新昌县,998,159,2023-11-16 13:34:54
XC2020022,大佛寺文化旅游区停车场,新昌县,290,121,2023-11-16 13:34:34
XC2020003,服务大楼停车场,新昌县,200,135,2023-11-16 13:34:33
XC2020002,演溪路停车场,新昌县,70,54,2023-11-16 13:34:18
XC2020005,智慧家园停车场,新昌县,500,498,2023-11-16 13:29:58
XC2020023,城西小学停车场,新昌县,315,64,2023-11-16 13:29:55
XC2020007,鼓山公园停车场,新昌县,998,160,2023-11-16 13:29:54
XC2020022,大佛寺文化旅游区停车场,新昌县,290,119,2023-11-16 13:29:34
XC2020003,服务大楼停车场,新昌县,200,133,2023-11-16 13:29:33
XC2020002,演溪路停车场,新昌县,70,54,2023-11-16 13:29:18
XC2020005,智慧家园停车场,新昌县,500,498,2023-11-16 13:24:58
XC2020023,城西小学停车场,新昌县,315,66,2023-11-16 13:24:55
XC2020007,鼓山公园停车场,新昌县,998,158,2023-11-16 13:24:54
XC2020022,大佛寺文化旅游区停车场,新昌县,290,119,2023-11-16 13:24:34
XC2020003,服务大楼停车场,新昌县,200,136,2023-11-16 13:24:33
XC2020002,演溪路停车场,新昌县,70,54,2023-11-16 13:24:18
XC2020005,智慧家园停车场,新昌县,500,498,2023-11-16 13:19:58
XC2020023,城西小学停车场,新昌县,315,68,2023-11-16 13:19:55
XC2020007,鼓山公园停车场,新昌县,998,162,2023-11-16 13:19:54
XC2020022,大佛寺文化旅游区停车场,新昌县,290,119,2023-11-16 13:19:34
XC2020003,服务大楼停车场,新昌县,200,135,2023-11-16 13:19:33
XC2020002,演溪路停车场,新昌县,70,53,2023-11-16 13:19:18
XC2020005,智慧家园停车场,新昌县,500,498,2023-11-16 13:14:58
XC2020023,城西小学停车场,新昌县,315,69,2023-11-16 13:14:55
XC2020007,鼓山公园停车场,新昌县,998,162,2023-11-16 13:14:54
XC2020022,大佛寺文化旅游区停车场,新昌县,290,124,2023-11-16 13:14:34
XC2020003,服务大楼停车场,新昌县,200,138,2023-11-16 13:14:33
XC2020002,演溪路停车场,新昌县,70,52,2023-11-16 13:14:18
XC2020005,智慧家园停车场,新昌县,500,498,2023-11-16 13:09:58
XC2020023,城西小学停车场,新昌县,315,64,2023-11-16 13:09:55
XC2020007,鼓山公园停车场,新昌县,998,158,2023-11-16 13:09:54
XC2020022,大佛寺文化旅游区停车场,新昌县,290,124,2023-11-16 13:09:34
XC2020003,服务大楼停车场,新昌县,200,138,2023-11-16 13:09:33
XC2020002,演溪路停车场,新昌县,70,51,2023-11-16 13:09:18
XC2020005,智慧家园停车场,新昌县,500,498,2023-11-16 13:04:58
XC2020023,城西小学停车场,新昌县,315,65,2023-11-16 13:04:55
XC2020007,鼓山公园停车场,新昌县,998,156,2023-11-16 13:04:54
XC2020022,大佛寺文化旅游区停车场,新昌县,290,122,2023-11-16 13:04:34
XC2020003,服务大楼停车场,新昌县,200,139,2023-11-16 13:04:33
XC2020002,演溪路停车场,新昌县,70,50,2023-11-16 13:04:18
XC2020005,智慧家园停车场,新昌县,500,498,2023-11-16 12:59:58
XC2020023,城西小学停车场,新昌县,315,65,2023-11-16 12:59:55
XC2020007,鼓山公园停车场,新昌县,998,159,2023-11-16 12:59:54
XC2020022,大佛寺文化旅游区停车场,新昌县,290,120,2023-11-16 12:59:34
XC2020003,服务大楼停车场,新昌县,200,139,2023-11-16 12:59:33
XC2020002,演溪路停车场,新昌县,70,46,2023-11-16 12:59:18
XC2020005,智慧家园停车场,新昌县,500,498,2023-11-16 12:54:58
XC2020023,城西小学停车场,新昌县,315,65,2023-11-16 12:54:55
XC2020007,鼓山公园停车场,新昌县,998,163,2023-11-16 12:54:54
XC2020022,大佛寺文化旅游区停车场,新昌县,290,122,2023-11-16 12:54:34
XC2020003,服务大楼停车场,新昌县,200,140,2023-11-16 12:54:33
XC2020002,演溪路停车场,新昌县,70,46,2023-11-16 12:54:18
XC2020005,智慧家园停车场,新昌县,500,498,2023-11-16 12:49:58
XC2020023,城西小学停车场,新昌县,315,69,2023-11-16 12:49:55
XC2020007,鼓山公园停车场,新昌县,998,160,2023-11-16 12:49:54
XC2020022,大佛寺文化旅游区停车场,新昌县,290,120,2023-11-16 12:49:34
XC2020003,服务大楼停车场,新昌县,200,140,2023-11-16 12:49:33
XC2020002,演溪路停车场,新昌县,70,46,2023-11-16 12:49:18
XC2020005,智慧家园停车场,新昌县,500,497,2023-11-16 12:44:58
XC2020023,城西小学停车场,新昌县,315,74,2023-11-16 12:44:55
XC2020007,鼓山公园停车场,新昌县,998,155,2023-11-16 12:44:54
XC2020022,大佛寺文化旅游区停车场,新昌县,290,119,2023-11-16 12:44:34
XC2020003,服务大楼停车场,新昌县,200,137,2023-11-16 12:44:33
XC2020002,演溪路停车场,新昌县,70,46,2023-11-16 12:44:18
XC2020005,智慧家园停车场,新昌县,500,498,2023-11-16 12:39:58
XC2020023,城西小学停车场,新昌县,315,73,2023-11-16 12:39:55
XC2020007,鼓山公园停车场,新昌县,998,146,2023-11-16 12:39:54
XC2020022,大佛寺文化旅游区停车场,新昌县,290,117,2023-11-16 12:39:34
XC2020003,服务大楼停车场,新昌县,200,135,2023-11-16 12:39:33
XC2020002,演溪路停车场,新昌县,70,47,2023-11-16 12:39:18
XC2020005,智慧家园停车场,新昌县,500,498,2023-11-16 12:34:58
XC2020023,城西小学停车场,新昌县,315,72,2023-11-16 12:34:55
XC2020007,鼓山公园停车场,新昌县,998,146,2023-11-16 12:34:54
XC2020022,大佛寺文化旅游区停车场,新昌县,290,116,2023-11-16 12:34:34
XC2020003,服务大楼停车场,新昌县,200,136,2023-11-16 12:34:33
XC2020002,演溪路停车场,新昌县,70,46,2023-11-16 12:34:18
XC2020005,智慧家园停车场,新昌县,500,498,2023-11-16 12:29:58
XC2020023,城西小学停车场,新昌县,315,74,2023-11-16 12:29:55
XC2020007,鼓山公园停车场,新昌县,998,147,2023-11-16 12:29:54
XC2020022,大佛寺文化旅游区停车场,新昌县,290,117,2023-11-16 12:29:34
XC2020003,服务大楼停车场,新昌县,200,137,2023-11-16 12:29:33
XC2020002,演溪路停车场,新昌县,70,46,2023-11-16 12:29:18
XC2020005,智慧家园停车场,新昌县,500,498,2023-11-16 12:24:58
XC2020023,城西小学停车场,新昌县,315,80,2023-11-16 12:24:55
XC2020007,鼓山公园停车场,新昌县,998,146,2023-11-16 12:24:54
XC2020022,大佛寺文化旅游区停车场,新昌县,290,119,2023-11-16 12:24:34
XC2020003,服务大楼停车场,新昌县,200,128,2023-11-16 12:24:33
XC2020002,演溪路停车场,新昌县,70,45,2023-11-16 12:24:18
XC2020005,智慧家园停车场,新昌县,500,499,2023-11-16 12:19:58
XC2020023,城西小学停车场,新昌县,315,82,2023-11-16 12:19:55
XC2020007,鼓山公园停车场,新昌县,998,149,2023-11-16 12:19:54
XC2020022,大佛寺文化旅游区停车场,新昌县,290,121,2023-11-16 12:19:34
XC2020003,服务大楼停车场,新昌县,200,123,2023-11-16 12:19:33
XC2020002,演溪路停车场,新昌县,70,40,2023-11-16 12:19:18
XC2020005,智慧家园停车场,新昌县,500,499,2023-11-16 12:14:58
XC2020023,城西小学停车场,新昌县,315,84,2023-11-16 12:14:55
XC2020007,鼓山公园停车场,新昌县,998,151,2023-11-16 12:14:54
XC2020022,大佛寺文化旅游区停车场,新昌县,290,123,2023-11-16 12:14:34
XC2020003,服务大楼停车场,新昌县,200,117,2023-11-16 12:14:33
XC2020002,演溪路停车场,新昌县,70,42,2023-11-16 12:14:18
XC2020005,智慧家园停车场,新昌县,500,499,2023-11-16 12:09:58
XC2020023,城西小学停车场,新昌县,315,84,2023-11-16 12:09:55
XC2020007,鼓山公园停车场,新昌县,998,155,2023-11-16 12:09:54
XC2020022,大佛寺文化旅游区停车场,新昌县,290,124,2023-11-16 12:09:34
XC2020003,服务大楼停车场,新昌县,200,103,2023-11-16 12:09:33
XC2020002,演溪路停车场,新昌县,70,46,2023-11-16 12:09:18
XC2020005,智慧家园停车场,新昌县,500,499,2023-11-16 12:04:58
XC2020023,城西小学停车场,新昌县,315,87,2023-11-16 12:04:55
XC2020007,鼓山公园停车场,新昌县,998,157,2023-11-16 12:04:54
XC2020022,大佛寺文化旅游区停车场,新昌县,290,123,2023-11-16 12:04:34
XC2020003,服务大楼停车场,新昌县,200,87,2023-11-16 12:04:33
XC2020002,演溪路停车场,新昌县,70,47,2023-11-16 12:04:18
XC2020005,智慧家园停车场,新昌县,500,500,2023-11-16 11:59:58
XC2020023,城西小学停车场,新昌县,315,90,2023-11-16 11:59:55
XC2020007,鼓山公园停车场,新昌县,998,156,2023-11-16 11:59:54
XC2020022,大佛寺文化旅游区停车场,新昌县,290,122,2023-11-16 11:59:34
XC2020003,服务大楼停车场,新昌县,200,78,2023-11-16 11:59:33
XC2020002,演溪路停车场,新昌县,70,49,2023-11-16 11:59:18
XC2020005,智慧家园停车场,新昌县,500,500,2023-11-16 11:54:58
XC2020023,城西小学停车场,新昌县,315,90,2023-11-16 11:54:55
XC2020007,鼓山公园停车场,新昌县,998,161,2023-11-16 11:54:54
XC2020022,大佛寺文化旅游区停车场,新昌县,290,120,2023-11-16 11:54:34
XC2020003,服务大楼停车场,新昌县,200,71,2023-11-16 11:54:33
XC2020002,演溪路停车场,新昌县,70,51,2023-11-16 11:54:18
XC2020005,智慧家园停车场,新昌县,500,500,2023-11-16 11:49:58
XC2020023,城西小学停车场,新昌县,315,90,2023-11-16 11:49:55
XC2020007,鼓山公园停车场,新昌县,998,160,2023-11-16 11:49:54
XC2020022,大佛寺文化旅游区停车场,新昌县,290,119,2023-11-16 11:49:34
XC2020003,服务大楼停车场,新昌县,200,67,2023-11-16 11:49:33
XC2020002,演溪路停车场,新昌县,70,55,2023-11-16 11:49:18
XC2020005,智慧家园停车场,新昌县,500,498,2023-11-16 11:44:58
XC2020023,城西小学停车场,新昌县,315,91,2023-11-16 11:44:55
XC2020007,鼓山公园停车场,新昌县,998,162,2023-11-16 11:44:54
XC2020022,大佛寺文化旅游区停车场,新昌县,290,118,2023-11-16 11:44:34
XC2020003,服务大楼停车场,新昌县,200,58,2023-11-16 11:44:33
XC2020002,演溪路停车场,新昌县,70,55,2023-11-16 11:44:18
XC2020005,智慧家园停车场,新昌县,500,498,2023-11-16 11:39:58
XC2020023,城西小学停车场,新昌县,315,89,2023-11-16 11:39:55
XC2020007,鼓山公园停车场,新昌县,998,163,2023-11-16 11:39:54
XC2020022,大佛寺文化旅游区停车场,新昌县,290,114,2023-11-16 11:39:34
XC2020003,服务大楼停车场,新昌县,200,58,2023-11-16 11:39:33
XC2020002,演溪路停车场,新昌县,70,53,2023-11-16 11:39:18
XC2020005,智慧家园停车场,新昌县,500,498,2023-11-16 11:34:58
XC2020023,城西小学停车场,新昌县,315,88,2023-11-16 11:34:55
XC2020007,鼓山公园停车场,新昌县,998,164,2023-11-16 11:34:54
XC2020022,大佛寺文化旅游区停车场,新昌县,290,112,2023-11-16 11:34:34
XC2020003,服务大楼停车场,新昌县,200,59,2023-11-16 11:34:33
XC2020002,演溪路停车场,新昌县,70,55,2023-11-16 11:34:18
XC2020005,智慧家园停车场,新昌县,500,498,2023-11-16 11:29:58
XC2020023,城西小学停车场,新昌县,315,88,2023-11-16 11:29:55
XC2020007,鼓山公园停车场,新昌县,998,163,2023-11-16 11:29:54
XC2020022,大佛寺文化旅游区停车场,新昌县,290,111,2023-11-16 11:29:34
XC2020003,服务大楼停车场,新昌县,200,52,2023-11-16 11:29:33
XC2020002,演溪路停车场,新昌县,70,55,2023-11-16 11:29:18
XC2020005,智慧家园停车场,新昌县,500,498,2023-11-16 11:24:58
XC2020023,城西小学停车场,新昌县,315,89,2023-11-16 11:24:55
XC2020007,鼓山公园停车场,新昌县,998,165,2023-11-16 11:24:54
XC2020022,大佛寺文化旅游区停车场,新昌县,290,113,2023-11-16 11:24:34
XC2020003,服务大楼停车场,新昌县,200,50,2023-11-16 11:24:33
XC2020002,演溪路停车场,新昌县,70,55,2023-11-16 11:24:18
XC2020021,高新技术产业园区管理委员会,新昌县,170,3,2023-11-16 11:21:49
XC2020020,新昌县交通运输局,新昌县,30,4,2023-11-16 11:20:08
XC2020005,智慧家园停车场,新昌县,500,498,2023-11-16 11:19:58
XC2020023,城西小学停车场,新昌县,315,93,2023-11-16 11:19:55
XC2020007,鼓山公园停车场,新昌县,998,175,2023-11-16 11:19:54
XC2020022,大佛寺文化旅游区停车场,新昌县,290,116,2023-11-16 11:19:34
XC2020003,服务大楼停车场,新昌县,200,45,2023-11-16 11:19:33
XC2020002,演溪路停车场,新昌县,70,55,2023-11-16 11:19:18
XC2020019,新昌县卫生健康局,新昌县,55,0,2023-11-16 11:16:52
XC2020005,智慧家园停车场,新昌县,500,500,2023-11-16 11:14:58
XC2020023,城西小学停车场,新昌县,315,92,2023-11-16 11:14:55
XC2020007,鼓山公园停车场,新昌县,998,174,2023-11-16 11:14:54
XC2020022,大佛寺文化旅游区停车场,新昌县,290,118,2023-11-16 11:14:34
XC2020003,服务大楼停车场,新昌县,200,42,2023-11-16 11:14:33
XC2020002,演溪路停车场,新昌县,70,55,2023-11-16 11:14:18
XC2020018,新昌县教育体育局,新昌县,17,8,2023-11-16 11:13:08
XC2020017,新昌县经济和信息化局,新昌县,22,1,2023-11-16 11:11:11
XC2020005,智慧家园停车场,新昌县,500,500,2023-11-16 11:09:58
XC2020023,城西小学停车场,新昌县,315,91,2023-11-16 11:09:55
XC2020007,鼓山公园停车场,新昌县,998,177,2023-11-16 11:09:54
XC2020022,大佛寺文化旅游区停车场,新昌县,290,119,2023-11-16 11:09:34
XC2020003,服务大楼停车场,新昌县,200,44,2023-11-16 11:09:33
XC2020002,演溪路停车场,新昌县,70,55,2023-11-16 11:09:18
XC2020016,新昌县税务局,新昌县,40,6,2023-11-16 11:07:49
XC2020005,智慧家园停车场,新昌县,500,499,2023-11-16 11:04:58
XC2020015,新昌县综合行政执法局,新昌县,15,9,2023-11-16 11:04:58
XC2020023,城西小学停车场,新昌县,315,92,2023-11-16 11:04:55
XC2020007,鼓山公园停车场,新昌县,998,176,2023-11-16 11:04:54
XC2020022,大佛寺文化旅游区停车场,新昌县,290,119,2023-11-16 11:04:34
XC2020003,服务大楼停车场,新昌县,200,45,2023-11-16 11:04:33
XC2020002,演溪路停车场,新昌县,70,54,2023-11-16 11:04:18
XC2020014,新昌县财政局,新昌县,23,4,2023-11-16 11:03:14
XC2020005,智慧家园停车场,新昌县,500,500,2023-11-16 10:59:58
XC2020023,城西小学停车场,新昌县,315,94,2023-11-16 10:59:55
XC2020007,鼓山公园停车场,新昌县,998,178,2023-11-16 10:59:54
XC2020022,大佛寺文化旅游区停车场,新昌县,290,117,2023-11-16 10:59:34
XC2020003,服务大楼停车场,新昌县,200,45,2023-11-16 10:59:33
XC2020002,演溪路停车场,新昌县,70,56,2023-11-16 10:59:18
XC2020013,新昌县农业农村局,新昌县,16,1,2023-11-16 10:59:12
XC2020012,新昌县自然资源和规划局,新昌县,23,6,2023-11-16 10:57:03
XC2020005,智慧家园停车场,新昌县,500,499,2023-11-16 10:54:58
XC2020023,城西小学停车场,新昌县,315,94,2023-11-16 10:54:55
XC2020007,鼓山公园停车场,新昌县,998,175,2023-11-16 10:54:54
XC2020022,大佛寺文化旅游区停车场,新昌县,290,117,2023-11-16 10:54:34
XC2020003,服务大楼停车场,新昌县,200,40,2023-11-16 10:54:33
XC2020002,演溪路停车场,新昌县,70,58,2023-11-16 10:54:18
XC2020011,南明街道办事处,新昌县,20,3,2023-11-16 10:53:39
XC2020005,智慧家园停车场,新昌县,500,499,2023-11-16 10:49:58
XC2020023,城西小学停车场,新昌县,315,95,2023-11-16 10:49:55
XC2020007,鼓山公园停车场,新昌县,998,172,2023-11-16 10:49:54
XC2020009,孝行路停车场,新昌县,38,4,2023-11-16 10:49:47
XC2020022,大佛寺文化旅游区停车场,新昌县,290,117,2023-11-16 10:49:34
XC2020003,服务大楼停车场,新昌县,200,41,2023-11-16 10:49:33
XC2020002,演溪路停车场,新昌县,70,58,2023-11-16 10:49:18
XC2020008,七星大桥停车场,新昌县,86,6,2023-11-16 10:46:53
XC2020005,智慧家园停车场,新昌县,500,499,2023-11-16 10:44:58
XC2020023,城西小学停车场,新昌县,315,94,2023-11-16 10:44:55
XC2020007,鼓山公园停车场,新昌县,998,177,2023-11-16 10:44:54
XC2020022,大佛寺文化旅游区停车场,新昌县,290,118,2023-11-16 10:44:34
XC2020003,服务大楼停车场,新昌县,200,35,2023-11-16 10:44:33
XC2020002,演溪路停车场,新昌县,70,59,2023-11-16 10:44:18
XC2020006,西延路停车场,新昌县,31,5,2023-11-16 10:43:21
XC2020005,智慧家园停车场,新昌县,500,499,2023-11-16 10:39:58
XC2020023,城西小学停车场,新昌县,315,99,2023-11-16 10:39:55
XC2020007,鼓山公园停车场,新昌县,998,176,2023-11-16 10:39:54
XC2020022,大佛寺文化旅游区停车场,新昌县,290,116,2023-11-16 10:39:34
XC2020003,服务大楼停车场,新昌县,200,34,2023-11-16 10:39:33
XC2020002,演溪路停车场,新昌县,70,59,2023-11-16 10:39:18
XC2020005,智慧家园停车场,新昌县,500,499,2023-11-16 10:34:58
XC2020023,城西小学停车场,新昌县,315,99,2023-11-16 10:34:55
XC2020007,鼓山公园停车场,新昌县,998,177,2023-11-16 10:34:54
XC2020022,大佛寺文化旅游区停车场,新昌县,290,111,2023-11-16 10:34:34
XC2020003,服务大楼停车场,新昌县,200,25,2023-11-16 10:34:33
XC2020002,演溪路停车场,新昌县,70,60,2023-11-16 10:34:18
XC2020005,智慧家园停车场,新昌县,500,499,2023-11-16 10:29:58
XC2020023,城西小学停车场,新昌县,315,100,2023-11-16 10:29:55
XC2020007,鼓山公园停车场,新昌县,998,176,2023-11-16 10:29:54
XC2020022,大佛寺文化旅游区停车场,新昌县,290,112,2023-11-16 10:29:34
XC2020003,服务大楼停车场,新昌县,200,20,2023-11-16 10:29:33
XC2020002,演溪路停车场,新昌县,70,58,2023-11-16 10:29:18
XC2020005,智慧家园停车场,新昌县,500,499,2023-11-16 10:24:58
XC2020023,城西小学停车场,新昌县,315,102,2023-11-16 10:24:55
XC2020007,鼓山公园停车场,新昌县,998,177,2023-11-16 10:24:54
XC2020022,大佛寺文化旅游区停车场,新昌县,290,112,2023-11-16 10:24:34
XC2020003,服务大楼停车场,新昌县,200,21,2023-11-16 10:24:33
XC2020002,演溪路停车场,新昌县,70,59,2023-11-16 10:24:18
XC2020001,档案馆图书馆博物馆停车场,新昌县,190,8,2023-11-16 10:20:21
XC2020005,智慧家园停车场,新昌县,500,499,2023-11-16 10:19:58
XC2020023,城西小学停车场,新昌县,315,103,2023-11-16 10:19:55
XC2020007,鼓山公园停车场,新昌县,998,178,2023-11-16 10:19:54
XC2020022,大佛寺文化旅游区停车场,新昌县,290,117,2023-11-16 10:19:34
XC2020003,服务大楼停车场,新昌县,200,14,2023-11-16 10:19:33
XC2020002,演溪路停车场,新昌县,70,60,2023-11-16 10:19:18
XC2020005,智慧家园停车场,新昌县,500,499,2023-11-16 10:14:58
XC2020023,城西小学停车场,新昌县,315,101,2023-11-16 10:14:55
XC2020007,鼓山公园停车场,新昌县,998,178,2023-11-16 10:14:54
XC2020022,大佛寺文化旅游区停车场,新昌县,290,118,2023-11-16 10:14:34
XC2020003,服务大楼停车场,新昌县,200,16,2023-11-16 10:14:33
XC2020002,演溪路停车场,新昌县,70,60,2023-11-16 10:14:18
XC2020003,服务大楼停车场,新昌县,200,16,2023-11-16 10:10:03
XC2020005,智慧家园停车场,新昌县,500,499,2023-11-16 10:09:58
XC2020023,城西小学停车场,新昌县,315,100,2023-11-16 10:09:55
XC2020007,鼓山公园停车场,新昌县,998,181,2023-11-16 10:09:54
XC2020022,大佛寺文化旅游区停车场,新昌县,290,117,2023-11-16 10:09:34
XC2020002,演溪路停车场,新昌县,70,61,2023-11-16 10:09:18
XC2020002,演溪路停车场,新昌县,70,61,2023-11-16 10:05:18
XC2020003,服务大楼停车场,新昌县,200,20,2023-11-16 10:05:03
XC2020005,智慧家园停车场,新昌县,500,499,2023-11-16 10:04:58
XC2020023,城西小学停车场,新昌县,315,103,2023-11-16 10:04:55
XC2020007,鼓山公园停车场,新昌县,998,179,2023-11-16 10:04:54
XC2020022,大佛寺文化旅游区停车场,新昌县,290,120,2023-11-16 10:04:34
XC2020002,演溪路停车场,新昌县,70,62,2023-11-16 10:00:18
XC2020005,智慧家园停车场,新昌县,500,499,2023-11-16 09:59:58
XC2020023,城西小学停车场,新昌县,315,104,2023-11-16 09:59:55
XC2020007,鼓山公园停车场,新昌县,998,180,2023-11-16 09:59:54
XC2020022,大佛寺文化旅游区停车场,新昌县,290,122,2023-11-16 09:59:34
XC2020003,服务大楼停车场,新昌县,200,12,2023-11-16 09:59:33
XC2020005,智慧家园停车场,新昌县,500,499,2023-11-16 09:54:58
XC2020023,城西小学停车场,新昌县,315,106,2023-11-16 09:54:55
XC2020007,鼓山公园停车场,新昌县,998,177,2023-11-16 09:54:54
XC2020022,大佛寺文化旅游区停车场,新昌县,290,124,2023-11-16 09:54:34
XC2020003,服务大楼停车场,新昌县,200,24,2023-11-16 09:54:33
XC2020002,演溪路停车场,新昌县,70,62,2023-11-16 09:54:18
XC2020005,智慧家园停车场,新昌县,500,499,2023-11-16 09:49:58
XC2020023,城西小学停车场,新昌县,315,106,2023-11-16 09:49:55
XC2020007,鼓山公园停车场,新昌县,998,176,2023-11-16 09:49:54
XC2020022,大佛寺文化旅游区停车场,新昌县,290,126,2023-11-16 09:49:34
XC2020003,服务大楼停车场,新昌县,200,28,2023-11-16 09:49:33
XC2020002,演溪路停车场,新昌县,70,61,2023-11-16 09:49:18
XC2020005,智慧家园停车场,新昌县,500,499,2023-11-16 09:44:58
XC2020023,城西小学停车场,新昌县,315,105,2023-11-16 09:44:55
XC2020007,鼓山公园停车场,新昌县,998,177,2023-11-16 09:44:54
XC2020022,大佛寺文化旅游区停车场,新昌县,290,130,2023-11-16 09:44:34
XC2020003,服务大楼停车场,新昌县,200,26,2023-11-16 09:44:33
XC2020002,演溪路停车场,新昌县,70,62,2023-11-16 09:44:18
XC2020005,智慧家园停车场,新昌县,500,499,2023-11-16 09:39:58
XC2020023,城西小学停车场,新昌县,315,105,2023-11-16 09:39:55
XC2020007,鼓山公园停车场,新昌县,998,176,2023-11-16 09:39:54
XC2020022,大佛寺文化旅游区停车场,新昌县,290,133,2023-11-16 09:39:34
XC2020003,服务大楼停车场,新昌县,200,30,2023-11-16 09:39:33
XC2020002,演溪路停车场,新昌县,70,63,2023-11-16 09:39:18
XC2020005,智慧家园停车场,新昌县,500,499,2023-11-16 09:34:58
XC2020023,城西小学停车场,新昌县,315,103,2023-11-16 09:34:55
XC2020007,鼓山公园停车场,新昌县,998,179,2023-11-16 09:34:54
XC2020022,大佛寺文化旅游区停车场,新昌县,290,132,2023-11-16 09:34:34
XC2020003,服务大楼停车场,新昌县,200,33,2023-11-16 09:34:33
XC2020002,演溪路停车场,新昌县,70,63,2023-11-16 09:34:18
XC2020005,智慧家园停车场,新昌县,500,498,2023-11-16 09:29:58
XC2020023,城西小学停车场,新昌县,315,102,2023-11-16 09:29:55
XC2020007,鼓山公园停车场,新昌县,998,184,2023-11-16 09:29:54
XC2020022,大佛寺文化旅游区停车场,新昌县,290,136,2023-11-16 09:29:34
XC2020003,服务大楼停车场,新昌县,200,38,2023-11-16 09:29:33
XC2020002,演溪路停车场,新昌县,70,63,2023-11-16 09:29:18
XC2020005,智慧家园停车场,新昌县,500,497,2023-11-16 09:24:58
XC2020023,城西小学停车场,新昌县,315,104,2023-11-16 09:24:55
XC2020007,鼓山公园停车场,新昌县,998,182,2023-11-16 09:24:54
XC2020022,大佛寺文化旅游区停车场,新昌县,290,138,2023-11-16 09:24:34
XC2020003,服务大楼停车场,新昌县,200,38,2023-11-16 09:24:33
XC2020002,演溪路停车场,新昌县,70,63,2023-11-16 09:24:18
XC2020005,智慧家园停车场,新昌县,500,497,2023-11-16 09:19:58
XC2020023,城西小学停车场,新昌县,315,103,2023-11-16 09:19:55
XC2020007,鼓山公园停车场,新昌县,998,186,2023-11-16 09:19:54
XC2020022,大佛寺文化旅游区停车场,新昌县,290,142,2023-11-16 09:19:34
XC2020003,服务大楼停车场,新昌县,200,41,2023-11-16 09:19:33
XC2020002,演溪路停车场,新昌县,70,63,2023-11-16 09:19:18
XC2020005,智慧家园停车场,新昌县,500,497,2023-11-16 09:14:58
XC2020023,城西小学停车场,新昌县,315,104,2023-11-16 09:14:55
XC2020007,鼓山公园停车场,新昌县,998,184,2023-11-16 09:14:54
XC2020022,大佛寺文化旅游区停车场,新昌县,290,142,2023-11-16 09:14:34
XC2020003,服务大楼停车场,新昌县,200,43,2023-11-16 09:14:33
XC2020002,演溪路停车场,新昌县,70,62,2023-11-16 09:14:18
XC2020005,智慧家园停车场,新昌县,500,497,2023-11-16 09:09:58
XC2020023,城西小学停车场,新昌县,315,106,2023-11-16 09:09:55
XC2020007,鼓山公园停车场,新昌县,998,187,2023-11-16 09:09:54
XC2020022,大佛寺文化旅游区停车场,新昌县,290,145,2023-11-16 09:09:34
XC2020003,服务大楼停车场,新昌县,200,35,2023-11-16 09:09:33
XC2020002,演溪路停车场,新昌县,70,59,2023-11-16 09:09:18
XC2020005,智慧家园停车场,新昌县,500,496,2023-11-16 09:04:58
XC2020023,城西小学停车场,新昌县,315,106,2023-11-16 09:04:55
XC2020007,鼓山公园停车场,新昌县,998,186,2023-11-16 09:04:54
XC2020022,大佛寺文化旅游区停车场,新昌县,290,147,2023-11-16 09:04:34
XC2020003,服务大楼停车场,新昌县,200,36,2023-11-16 09:04:33
XC2020002,演溪路停车场,新昌县,70,59,2023-11-16 09:04:18
XC2020005,智慧家园停车场,新昌县,500,494,2023-11-16 08:59:58
XC2020023,城西小学停车场,新昌县,315,108,2023-11-16 08:59:55
XC2020007,鼓山公园停车场,新昌县,998,184,2023-11-16 08:59:54
XC2020022,大佛寺文化旅游区停车场,新昌县,290,149,2023-11-16 08:59:34
XC2020003,服务大楼停车场,新昌县,200,41,2023-11-16 08:59:33
XC2020002,演溪路停车场,新昌县,70,59,2023-11-16 08:59:18
XC2020005,智慧家园停车场,新昌县,500,494,2023-11-16 08:54:58
XC2020023,城西小学停车场,新昌县,315,108,2023-11-16 08:54:55
XC2020007,鼓山公园停车场,新昌县,998,182,2023-11-16 08:54:54
XC2020022,大佛寺文化旅游区停车场,新昌县,290,147,2023-11-16 08:54:34
XC2020003,服务大楼停车场,新昌县,200,43,2023-11-16 08:54:33
XC2020002,演溪路停车场,新昌县,70,59,2023-11-16 08:54:18
XC2020005,智慧家园停车场,新昌县,500,494,2023-11-16 08:49:58
XC2020023,城西小学停车场,新昌县,315,108,2023-11-16 08:49:55
XC2020007,鼓山公园停车场,新昌县,998,188,2023-11-16 08:49:54
XC2020022,大佛寺文化旅游区停车场,新昌县,290,149,2023-11-16 08:49:34
XC2020003,服务大楼停车场,新昌县,200,43,2023-11-16 08:49:33
XC2020002,演溪路停车场,新昌县,70,59,2023-11-16 08:49:18
XC2020005,智慧家园停车场,新昌县,500,494,2023-11-16 08:44:58
XC2020023,城西小学停车场,新昌县,315,105,2023-11-16 08:44:55
XC2020007,鼓山公园停车场,新昌县,998,185,2023-11-16 08:44:54
XC2020022,大佛寺文化旅游区停车场,新昌县,290,149,2023-11-16 08:44:34
XC2020003,服务大楼停车场,新昌县,200,49,2023-11-16 08:44:33
XC2020002,演溪路停车场,新昌县,70,61,2023-11-16 08:44:18
XC2020005,智慧家园停车场,新昌县,500,492,2023-11-16 08:39:58
XC2020023,城西小学停车场,新昌县,315,103,2023-11-16 08:39:55
XC2020007,鼓山公园停车场,新昌县,998,193,2023-11-16 08:39:54
XC2020022,大佛寺文化旅游区停车场,新昌县,290,149,2023-11-16 08:39:34
XC2020003,服务大楼停车场,新昌县,200,46,2023-11-16 08:39:33
XC2020002,演溪路停车场,新昌县,70,61,2023-11-16 08:39:18
XC2020005,智慧家园停车场,新昌县,500,493,2023-11-16 08:34:58
XC2020023,城西小学停车场,新昌县,315,104,2023-11-16 08:34:55
XC2020007,鼓山公园停车场,新昌县,998,194,2023-11-16 08:34:54
XC2020022,大佛寺文化旅游区停车场,新昌县,290,151,2023-11-16 08:34:34
XC2020003,服务大楼停车场,新昌县,200,54,2023-11-16 08:34:33
XC2020002,演溪路停车场,新昌县,70,63,2023-11-16 08:34:18
XC2020005,智慧家园停车场,新昌县,500,493,2023-11-16 08:29:58
XC2020023,城西小学停车场,新昌县,315,104,2023-11-16 08:29:55
XC2020007,鼓山公园停车场,新昌县,998,197,2023-11-16 08:29:54
XC2020022,大佛寺文化旅游区停车场,新昌县,290,152,2023-11-16 08:29:34
XC2020003,服务大楼停车场,新昌县,200,65,2023-11-16 08:29:33
XC2020002,演溪路停车场,新昌县,70,63,2023-11-16 08:29:18
XC2020005,智慧家园停车场,新昌县,500,493,2023-11-16 08:24:58
XC2020023,城西小学停车场,新昌县,315,102,2023-11-16 08:24:55
XC2020007,鼓山公园停车场,新昌县,998,199,2023-11-16 08:24:54
XC2020022,大佛寺文化旅游区停车场,新昌县,290,154,2023-11-16 08:24:34
XC2020003,服务大楼停车场,新昌县,200,87,2023-11-16 08:24:33
XC2020002,演溪路停车场,新昌县,70,61,2023-11-16 08:24:18
XC2020005,智慧家园停车场,新昌县,500,495,2023-11-16 08:19:58
XC2020023,城西小学停车场,新昌县,315,99,2023-11-16 08:19:55
XC2020007,鼓山公园停车场,新昌县,998,202,2023-11-16 08:19:54
XC2020022,大佛寺文化旅游区停车场,新昌县,290,157,2023-11-16 08:19:34
XC2020003,服务大楼停车场,新昌县,200,108,2023-11-16 08:19:33
XC2020002,演溪路停车场,新昌县,70,60,2023-11-16 08:19:18
XC2020005,智慧家园停车场,新昌县,500,497,2023-11-16 08:14:58
XC2020023,城西小学停车场,新昌县,315,85,2023-11-16 08:14:55
XC2020007,鼓山公园停车场,新昌县,998,205,2023-11-16 08:14:54
XC2020022,大佛寺文化旅游区停车场,新昌县,290,160,2023-11-16 08:14:34
XC2020003,服务大楼停车场,新昌县,200,128,2023-11-16 08:14:33
XC2020002,演溪路停车场,新昌县,70,58,2023-11-16 08:14:18
XC2020005,智慧家园停车场,新昌县,500,499,2023-11-16 08:09:58
XC2020023,城西小学停车场,新昌县,315,33,2023-11-16 08:09:55
XC2020007,鼓山公园停车场,新昌县,998,196,2023-11-16 08:09:54
XC2020022,大佛寺文化旅游区停车场,新昌县,290,159,2023-11-16 08:09:34
XC2020003,服务大楼停车场,新昌县,200,147,2023-11-16 08:09:33
XC2020002,演溪路停车场,新昌县,70,59,2023-11-16 08:09:18
XC2020005,智慧家园停车场,新昌县,500,500,2023-11-16 08:04:58
XC2020023,城西小学停车场,新昌县,315,7,2023-11-16 08:04:55
XC2020007,鼓山公园停车场,新昌县,998,187,2023-11-16 08:04:54
XC2020022,大佛寺文化旅游区停车场,新昌县,290,162,2023-11-16 08:04:34
XC2020003,服务大楼停车场,新昌县,200,151,2023-11-16 08:04:33
XC2020002,演溪路停车场,新昌县,70,58,2023-11-16 08:04:18
XC2020005,智慧家园停车场,新昌县,500,500,2023-11-16 07:59:58
XC2020023,城西小学停车场,新昌县,315,14,2023-11-16 07:59:55
XC2020007,鼓山公园停车场,新昌县,998,174,2023-11-16 07:59:54
XC2020022,大佛寺文化旅游区停车场,新昌县,290,163,2023-11-16 07:59:34
XC2020003,服务大楼停车场,新昌县,200,155,2023-11-16 07:59:33
XC2020002,演溪路停车场,新昌县,70,60,2023-11-16 07:59:18
XC2020005,智慧家园停车场,新昌县,500,500,2023-11-16 07:54:58
XC2020023,城西小学停车场,新昌县,315,40,2023-11-16 07:54:55
XC2020007,鼓山公园停车场,新昌县,998,170,2023-11-16 07:54:54
XC2020022,大佛寺文化旅游区停车场,新昌县,290,166,2023-11-16 07:54:34
XC2020003,服务大楼停车场,新昌县,200,164,2023-11-16 07:54:33
XC2020002,演溪路停车场,新昌县,70,60,2023-11-16 07:54:18
XC2020005,智慧家园停车场,新昌县,500,500,2023-11-16 07:49:58
XC2020023,城西小学停车场,新昌县,315,62,2023-11-16 07:49:55
XC2020007,鼓山公园停车场,新昌县,998,174,2023-11-16 07:49:54
XC2020022,大佛寺文化旅游区停车场,新昌县,290,164,2023-11-16 07:49:34
XC2020003,服务大楼停车场,新昌县,200,172,2023-11-16 07:49:33
XC2020002,演溪路停车场,新昌县,70,60,2023-11-16 07:49:18
XC2020005,智慧家园停车场,新昌县,500,499,2023-11-16 07:44:58
XC2020023,城西小学停车场,新昌县,315,78,2023-11-16 07:44:55
XC2020007,鼓山公园停车场,新昌县,998,188,2023-11-16 07:44:54
XC2020022,大佛寺文化旅游区停车场,新昌县,290,164,2023-11-16 07:44:34
XC2020003,服务大楼停车场,新昌县,200,178,2023-11-16 07:44:33
XC2020002,演溪路停车场,新昌县,70,59,2023-11-16 07:44:18
XC2020005,智慧家园停车场,新昌县,500,498,2023-11-16 07:39:58
XC2020023,城西小学停车场,新昌县,315,84,2023-11-16 07:39:55
XC2020007,鼓山公园停车场,新昌县,998,205,2023-11-16 07:39:54
XC2020022,大佛寺文化旅游区停车场,新昌县,290,166,2023-11-16 07:39:34
XC2020003,服务大楼停车场,新昌县,200,177,2023-11-16 07:39:33
XC2020002,演溪路停车场,新昌县,70,59,2023-11-16 07:39:18
XC2020005,智慧家园停车场,新昌县,500,495,2023-11-16 07:34:58
XC2020023,城西小学停车场,新昌县,315,93,2023-11-16 07:34:55
XC2020007,鼓山公园停车场,新昌县,998,214,2023-11-16 07:34:54
XC2020022,大佛寺文化旅游区停车场,新昌县,290,166,2023-11-16 07:34:34
XC2020003,服务大楼停车场,新昌县,200,175,2023-11-16 07:34:33
XC2020002,演溪路停车场,新昌县,70,59,2023-11-16 07:34:18
XC2020005,智慧家园停车场,新昌县,500,493,2023-11-16 07:29:58
XC2020023,城西小学停车场,新昌县,315,104,2023-11-16 07:29:55
XC2020007,鼓山公园停车场,新昌县,998,221,2023-11-16 07:29:54
XC2020022,大佛寺文化旅游区停车场,新昌县,290,168,2023-11-16 07:29:34
XC2020003,服务大楼停车场,新昌县,200,175,2023-11-16 07:29:33
XC2020002,演溪路停车场,新昌县,70,58,2023-11-16 07:29:18
XC2020005,智慧家园停车场,新昌县,500,490,2023-11-16 07:24:58
XC2020023,城西小学停车场,新昌县,315,108,2023-11-16 07:24:55
XC2020007,鼓山公园停车场,新昌县,998,222,2023-11-16 07:24:54
XC2020022,大佛寺文化旅游区停车场,新昌县,290,168,2023-11-16 07:24:34
XC2020003,服务大楼停车场,新昌县,200,174,2023-11-16 07:24:33
XC2020002,演溪路停车场,新昌县,70,57,2023-11-16 07:24:18
XC2020005,智慧家园停车场,新昌县,500,487,2023-11-16 07:19:58
XC2020023,城西小学停车场,新昌县,315,113,2023-11-16 07:19:55
XC2020007,鼓山公园停车场,新昌县,998,221,2023-11-16 07:19:54
XC2020022,大佛寺文化旅游区停车场,新昌县,290,170,2023-11-16 07:19:34
XC2020003,服务大楼停车场,新昌县,200,170,2023-11-16 07:19:33
XC2020002,演溪路停车场,新昌县,70,56,2023-11-16 07:19:18
XC2020005,智慧家园停车场,新昌县,500,485,2023-11-16 07:14:58
XC2020023,城西小学停车场,新昌县,315,118,2023-11-16 07:14:55
XC2020007,鼓山公园停车场,新昌县,998,228,2023-11-16 07:14:54
XC2020022,大佛寺文化旅游区停车场,新昌县,290,172,2023-11-16 07:14:34
XC2020003,服务大楼停车场,新昌县,200,168,2023-11-16 07:14:33
XC2020002,演溪路停车场,新昌县,70,54,2023-11-16 07:14:18
XC2020005,智慧家园停车场,新昌县,500,485,2023-11-16 07:09:58
XC2020023,城西小学停车场,新昌县,315,121,2023-11-16 07:09:55
XC2020007,鼓山公园停车场,新昌县,998,228,2023-11-16 07:09:54
XC2020022,大佛寺文化旅游区停车场,新昌县,290,172,2023-11-16 07:09:34
XC2020003,服务大楼停车场,新昌县,200,165,2023-11-16 07:09:33
XC2020002,演溪路停车场,新昌县,70,52,2023-11-16 07:09:18
XC2020005,智慧家园停车场,新昌县,500,483,2023-11-16 07:04:58
XC2020023,城西小学停车场,新昌县,315,121,2023-11-16 07:04:55
XC2020007,鼓山公园停车场,新昌县,998,229,2023-11-16 07:04:54
XC2020022,大佛寺文化旅游区停车场,新昌县,290,173,2023-11-16 07:04:34
XC2020003,服务大楼停车场,新昌县,200,160,2023-11-16 07:04:33
XC2020002,演溪路停车场,新昌县,70,52,2023-11-16 07:04:18
XC2020005,智慧家园停车场,新昌县,500,482,2023-11-16 06:59:58
XC2020023,城西小学停车场,新昌县,315,119,2023-11-16 06:59:55
XC2020007,鼓山公园停车场,新昌县,998,229,2023-11-16 06:59:54
XC2020022,大佛寺文化旅游区停车场,新昌县,290,173,2023-11-16 06:59:34
XC2020003,服务大楼停车场,新昌县,200,160,2023-11-16 06:59:33
XC2020002,演溪路停车场,新昌县,70,52,2023-11-16 06:59:18
XC2020005,智慧家园停车场,新昌县,500,481,2023-11-16 06:54:58
XC2020023,城西小学停车场,新昌县,315,120,2023-11-16 06:54:55
XC2020007,鼓山公园停车场,新昌县,998,231,2023-11-16 06:54:54
XC2020022,大佛寺文化旅游区停车场,新昌县,290,173,2023-11-16 06:54:34
XC2020003,服务大楼停车场,新昌县,200,159,2023-11-16 06:54:33
XC2020002,演溪路停车场,新昌县,70,51,2023-11-16 06:54:18
XC2020005,智慧家园停车场,新昌县,500,481,2023-11-16 06:49:58
XC2020023,城西小学停车场,新昌县,315,118,2023-11-16 06:49:55
XC2020007,鼓山公园停车场,新昌县,998,231,2023-11-16 06:49:54
XC2020022,大佛寺文化旅游区停车场,新昌县,290,172,2023-11-16 06:49:34
XC2020003,服务大楼停车场,新昌县,200,158,2023-11-16 06:49:33
XC2020002,演溪路停车场,新昌县,70,49,2023-11-16 06:49:18
XC2020005,智慧家园停车场,新昌县,500,481,2023-11-16 06:44:58
XC2020023,城西小学停车场,新昌县,315,117,2023-11-16 06:44:55
XC2020007,鼓山公园停车场,新昌县,998,231,2023-11-16 06:44:54
XC2020022,大佛寺文化旅游区停车场,新昌县,290,172,2023-11-16 06:44:34
XC2020003,服务大楼停车场,新昌县,200,158,2023-11-16 06:44:33
XC2020002,演溪路停车场,新昌县,70,49,2023-11-16 06:44:18
XC2020005,智慧家园停车场,新昌县,500,481,2023-11-16 06:39:58
XC2020023,城西小学停车场,新昌县,315,115,2023-11-16 06:39:55
XC2020007,鼓山公园停车场,新昌县,998,231,2023-11-16 06:39:54
XC2020022,大佛寺文化旅游区停车场,新昌县,290,171,2023-11-16 06:39:34
XC2020003,服务大楼停车场,新昌县,200,156,2023-11-16 06:39:33
XC2020002,演溪路停车场,新昌县,70,50,2023-11-16 06:39:18
XC2020005,智慧家园停车场,新昌县,500,480,2023-11-16 06:34:58
XC2020023,城西小学停车场,新昌县,315,114,2023-11-16 06:34:55
XC2020007,鼓山公园停车场,新昌县,998,230,2023-11-16 06:34:54
XC2020022,大佛寺文化旅游区停车场,新昌县,290,173,2023-11-16 06:34:34
XC2020003,服务大楼停车场,新昌县,200,156,2023-11-16 06:34:33
XC2020002,演溪路停车场,新昌县,70,50,2023-11-16 06:34:18
XC2020005,智慧家园停车场,新昌县,500,479,2023-11-16 06:29:58
XC2020023,城西小学停车场,新昌县,315,114,2023-11-16 06:29:55
XC2020007,鼓山公园停车场,新昌县,998,230,2023-11-16 06:29:54
XC2020022,大佛寺文化旅游区停车场,新昌县,290,173,2023-11-16 06:29:34
XC2020003,服务大楼停车场,新昌县,200,155,2023-11-16 06:29:33
XC2020002,演溪路停车场,新昌县,70,50,2023-11-16 06:29:18
XC2020005,智慧家园停车场,新昌县,500,480,2023-11-16 06:24:58
XC2020023,城西小学停车场,新昌县,315,114,2023-11-16 06:24:55
XC2020007,鼓山公园停车场,新昌县,998,229,2023-11-16 06:24:54
XC2020022,大佛寺文化旅游区停车场,新昌县,290,173,2023-11-16 06:24:34
XC2020003,服务大楼停车场,新昌县,200,155,2023-11-16 06:24:33
XC2020002,演溪路停车场,新昌县,70,49,2023-11-16 06:24:18
XC2020005,智慧家园停车场,新昌县,500,480,2023-11-16 06:19:58
XC2020023,城西小学停车场,新昌县,315,114,2023-11-16 06:19:55
XC2020007,鼓山公园停车场,新昌县,998,228,2023-11-16 06:19:54
XC2020022,大佛寺文化旅游区停车场,新昌县,290,175,2023-11-16 06:19:34
XC2020003,服务大楼停车场,新昌县,200,154,2023-11-16 06:19:33
XC2020002,演溪路停车场,新昌县,70,50,2023-11-16 06:19:18
XC2020005,智慧家园停车场,新昌县,500,480,2023-11-16 06:14:58
XC2020023,城西小学停车场,新昌县,315,114,2023-11-16 06:14:55
XC2020007,鼓山公园停车场,新昌县,998,229,2023-11-16 06:14:54
XC2020022,大佛寺文化旅游区停车场,新昌县,290,175,2023-11-16 06:14:34
XC2020003,服务大楼停车场,新昌县,200,154,2023-11-16 06:14:33
XC2020002,演溪路停车场,新昌县,70,48,2023-11-16 06:14:18
XC2020005,智慧家园停车场,新昌县,500,479,2023-11-16 06:09:58
XC2020023,城西小学停车场,新昌县,315,115,2023-11-16 06:09:55
XC2020007,鼓山公园停车场,新昌县,998,229,2023-11-16 06:09:54
XC2020022,大佛寺文化旅游区停车场,新昌县,290,174,2023-11-16 06:09:34
XC2020003,服务大楼停车场,新昌县,200,155,2023-11-16 06:09:33
XC2020002,演溪路停车场,新昌县,70,48,2023-11-16 06:09:18
XC2020005,智慧家园停车场,新昌县,500,479,2023-11-16 06:04:58
XC2020023,城西小学停车场,新昌县,315,114,2023-11-16 06:04:55
XC2020007,鼓山公园停车场,新昌县,998,230,2023-11-16 06:04:54
XC2020022,大佛寺文化旅游区停车场,新昌县,290,174,2023-11-16 06:04:34
XC2020003,服务大楼停车场,新昌县,200,155,2023-11-16 06:04:33
XC2020002,演溪路停车场,新昌县,70,48,2023-11-16 06:04:18
XC2020005,智慧家园停车场,新昌县,500,479,2023-11-16 05:59:58
XC2020023,城西小学停车场,新昌县,315,114,2023-11-16 05:59:55
XC2020007,鼓山公园停车场,新昌县,998,230,2023-11-16 05:59:54
XC2020022,大佛寺文化旅游区停车场,新昌县,290,174,2023-11-16 05:59:34
XC2020003,服务大楼停车场,新昌县,200,155,2023-11-16 05:59:33
XC2020002,演溪路停车场,新昌县,70,47,2023-11-16 05:59:18
XC2020005,智慧家园停车场,新昌县,500,479,2023-11-16 05:54:58
XC2020023,城西小学停车场,新昌县,315,115,2023-11-16 05:54:55
XC2020007,鼓山公园停车场,新昌县,998,230,2023-11-16 05:54:54
XC2020022,大佛寺文化旅游区停车场,新昌县,290,174,2023-11-16 05:54:34
XC2020003,服务大楼停车场,新昌县,200,155,2023-11-16 05:54:33
XC2020002,演溪路停车场,新昌县,70,47,2023-11-16 05:54:18
XC2020005,智慧家园停车场,新昌县,500,479,2023-11-16 05:49:58
XC2020023,城西小学停车场,新昌县,315,115,2023-11-16 05:49:55
XC2020007,鼓山公园停车场,新昌县,998,230,2023-11-16 05:49:54
XC2020022,大佛寺文化旅游区停车场,新昌县,290,174,2023-11-16 05:49:34
XC2020003,服务大楼停车场,新昌县,200,155,2023-11-16 05:49:33
XC2020002,演溪路停车场,新昌县,70,47,2023-11-16 05:49:18
XC2020005,智慧家园停车场,新昌县,500,479,2023-11-16 05:44:58
XC2020023,城西小学停车场,新昌县,315,115,2023-11-16 05:44:55
XC2020007,鼓山公园停车场,新昌县,998,230,2023-11-16 05:44:54
XC2020022,大佛寺文化旅游区停车场,新昌县,290,174,2023-11-16 05:44:34
XC2020003,服务大楼停车场,新昌县,200,155,2023-11-16 05:44:33
XC2020002,演溪路停车场,新昌县,70,47,2023-11-16 05:44:18
XC2020005,智慧家园停车场,新昌县,500,479,2023-11-16 05:39:58
XC2020023,城西小学停车场,新昌县,315,115,2023-11-16 05:39:55
XC2020007,鼓山公园停车场,新昌县,998,230,2023-11-16 05:39:54
XC2020022,大佛寺文化旅游区停车场,新昌县,290,174,2023-11-16 05:39:34
XC2020003,服务大楼停车场,新昌县,200,155,2023-11-16 05:39:33
XC2020002,演溪路停车场,新昌县,70,47,2023-11-16 05:39:18
XC2020005,智慧家园停车场,新昌县,500,479,2023-11-16 05:34:58
XC2020023,城西小学停车场,新昌县,315,115,2023-11-16 05:34:55
XC2020007,鼓山公园停车场,新昌县,998,230,2023-11-16 05:34:54
XC2020022,大佛寺文化旅游区停车场,新昌县,290,174,2023-11-16 05:34:34
XC2020003,服务大楼停车场,新昌县,200,155,2023-11-16 05:34:33
XC2020002,演溪路停车场,新昌县,70,46,2023-11-16 05:34:18
XC2020005,智慧家园停车场,新昌县,500,479,2023-11-16 05:29:58
XC2020023,城西小学停车场,新昌县,315,115,2023-11-16 05:29:55
XC2020007,鼓山公园停车场,新昌县,998,230,2023-11-16 05:29:54
XC2020022,大佛寺文化旅游区停车场,新昌县,290,174,2023-11-16 05:29:34
XC2020003,服务大楼停车场,新昌县,200,155,2023-11-16 05:29:33
XC2020002,演溪路停车场,新昌县,70,46,2023-11-16 05:29:18
XC2020005,智慧家园停车场,新昌县,500,479,2023-11-16 05:24:58
XC2020023,城西小学停车场,新昌县,315,114,2023-11-16 05:24:55
XC2020007,鼓山公园停车场,新昌县,998,230,2023-11-16 05:24:54
XC2020022,大佛寺文化旅游区停车场,新昌县,290,174,2023-11-16 05:24:34
XC2020003,服务大楼停车场,新昌县,200,155,2023-11-16 05:24:33
XC2020002,演溪路停车场,新昌县,70,46,2023-11-16 05:24:18
XC2020005,智慧家园停车场,新昌县,500,479,2023-11-16 05:19:58
XC2020023,城西小学停车场,新昌县,315,113,2023-11-16 05:19:55
XC2020007,鼓山公园停车场,新昌县,998,230,2023-11-16 05:19:54
XC2020022,大佛寺文化旅游区停车场,新昌县,290,174,2023-11-16 05:19:34
XC2020003,服务大楼停车场,新昌县,200,155,2023-11-16 05:19:33
XC2020002,演溪路停车场,新昌县,70,46,2023-11-16 05:19:18
XC2020005,智慧家园停车场,新昌县,500,479,2023-11-16 05:14:58
XC2020023,城西小学停车场,新昌县,315,113,2023-11-16 05:14:55
XC2020007,鼓山公园停车场,新昌县,998,230,2023-11-16 05:14:54
XC2020022,大佛寺文化旅游区停车场,新昌县,290,174,2023-11-16 05:14:34
XC2020003,服务大楼停车场,新昌县,200,155,2023-11-16 05:14:33
XC2020002,演溪路停车场,新昌县,70,46,2023-11-16 05:14:18
XC2020005,智慧家园停车场,新昌县,500,479,2023-11-16 05:09:58
XC2020023,城西小学停车场,新昌县,315,113,2023-11-16 05:09:55
XC2020007,鼓山公园停车场,新昌县,998,230,2023-11-16 05:09:54
XC2020022,大佛寺文化旅游区停车场,新昌县,290,174,2023-11-16 05:09:34
XC2020003,服务大楼停车场,新昌县,200,155,2023-11-16 05:09:33
XC2020002,演溪路停车场,新昌县,70,46,2023-11-16 05:09:18
XC2020005,智慧家园停车场,新昌县,500,479,2023-11-16 05:04:58
XC2020023,城西小学停车场,新昌县,315,113,2023-11-16 05:04:55
XC2020007,鼓山公园停车场,新昌县,998,229,2023-11-16 05:04:54
XC2020022,大佛寺文化旅游区停车场,新昌县,290,174,2023-11-16 05:04:34
XC2020003,服务大楼停车场,新昌县,200,155,2023-11-16 05:04:33
XC2020002,演溪路停车场,新昌县,70,46,2023-11-16 05:04:18
XC2020005,智慧家园停车场,新昌县,500,479,2023-11-16 04:59:58
XC2020023,城西小学停车场,新昌县,315,114,2023-11-16 04:59:55
XC2020007,鼓山公园停车场,新昌县,998,229,2023-11-16 04:59:54
XC2020022,大佛寺文化旅游区停车场,新昌县,290,174,2023-11-16 04:59:34
XC2020003,服务大楼停车场,新昌县,200,155,2023-11-16 04:59:33
XC2020002,演溪路停车场,新昌县,70,46,2023-11-16 04:59:18
XC2020005,智慧家园停车场,新昌县,500,479,2023-11-16 04:54:58
XC2020023,城西小学停车场,新昌县,315,114,2023-11-16 04:54:55
XC2020007,鼓山公园停车场,新昌县,998,230,2023-11-16 04:54:54
XC2020022,大佛寺文化旅游区停车场,新昌县,290,174,2023-11-16 04:54:34
XC2020003,服务大楼停车场,新昌县,200,155,2023-11-16 04:54:33
XC2020002,演溪路停车场,新昌县,70,46,2023-11-16 04:54:18
XC2020005,智慧家园停车场,新昌县,500,478,2023-11-16 04:49:58
XC2020023,城西小学停车场,新昌县,315,114,2023-11-16 04:49:55
XC2020007,鼓山公园停车场,新昌县,998,230,2023-11-16 04:49:54
XC2020022,大佛寺文化旅游区停车场,新昌县,290,174,2023-11-16 04:49:34
XC2020003,服务大楼停车场,新昌县,200,155,2023-11-16 04:49:33
XC2020002,演溪路停车场,新昌县,70,46,2023-11-16 04:49:18
XC2020005,智慧家园停车场,新昌县,500,478,2023-11-16 04:44:58
XC2020023,城西小学停车场,新昌县,315,114,2023-11-16 04:44:55
XC2020007,鼓山公园停车场,新昌县,998,230,2023-11-16 04:44:54
XC2020022,大佛寺文化旅游区停车场,新昌县,290,174,2023-11-16 04:44:34
XC2020003,服务大楼停车场,新昌县,200,155,2023-11-16 04:44:33
XC2020002,演溪路停车场,新昌县,70,46,2023-11-16 04:44:18
XC2020005,智慧家园停车场,新昌县,500,478,2023-11-16 04:39:58
XC2020023,城西小学停车场,新昌县,315,113,2023-11-16 04:39:55
XC2020007,鼓山公园停车场,新昌县,998,230,2023-11-16 04:39:54
XC2020022,大佛寺文化旅游区停车场,新昌县,290,174,2023-11-16 04:39:34
XC2020003,服务大楼停车场,新昌县,200,155,2023-11-16 04:39:33
XC2020002,演溪路停车场,新昌县,70,47,2023-11-16 04:39:18
XC2020005,智慧家园停车场,新昌县,500,478,2023-11-16 04:34:58
XC2020023,城西小学停车场,新昌县,315,113,2023-11-16 04:34:55
XC2020007,鼓山公园停车场,新昌县,998,230,2023-11-16 04:34:54
XC2020022,大佛寺文化旅游区停车场,新昌县,290,174,2023-11-16 04:34:34
XC2020003,服务大楼停车场,新昌县,200,155,2023-11-16 04:34:33
XC2020002,演溪路停车场,新昌县,70,47,2023-11-16 04:34:18
XC2020005,智慧家园停车场,新昌县,500,478,2023-11-16 04:29:58
XC2020023,城西小学停车场,新昌县,315,113,2023-11-16 04:29:55
XC2020007,鼓山公园停车场,新昌县,998,230,2023-11-16 04:29:54
XC2020022,大佛寺文化旅游区停车场,新昌县,290,174,2023-11-16 04:29:34
XC2020003,服务大楼停车场,新昌县,200,155,2023-11-16 04:29:33
XC2020002,演溪路停车场,新昌县,70,47,2023-11-16 04:29:18
XC2020005,智慧家园停车场,新昌县,500,478,2023-11-16 04:24:58
XC2020023,城西小学停车场,新昌县,315,113,2023-11-16 04:24:55
XC2020007,鼓山公园停车场,新昌县,998,230,2023-11-16 04:24:54
XC2020022,大佛寺文化旅游区停车场,新昌县,290,174,2023-11-16 04:24:34
XC2020003,服务大楼停车场,新昌县,200,155,2023-11-16 04:24:33
XC2020002,演溪路停车场,新昌县,70,46,2023-11-16 04:24:18
XC2020005,智慧家园停车场,新昌县,500,478,2023-11-16 04:19:58
XC2020023,城西小学停车场,新昌县,315,114,2023-11-16 04:19:55
XC2020007,鼓山公园停车场,新昌县,998,230,2023-11-16 04:19:54
XC2020022,大佛寺文化旅游区停车场,新昌县,290,174,2023-11-16 04:19:34
XC2020003,服务大楼停车场,新昌县,200,155,2023-11-16 04:19:33
XC2020002,演溪路停车场,新昌县,70,45,2023-11-16 04:19:18
XC2020005,智慧家园停车场,新昌县,500,478,2023-11-16 04:14:58
XC2020023,城西小学停车场,新昌县,315,114,2023-11-16 04:14:55
XC2020007,鼓山公园停车场,新昌县,998,230,2023-11-16 04:14:54
XC2020022,大佛寺文化旅游区停车场,新昌县,290,174,2023-11-16 04:14:34
XC2020003,服务大楼停车场,新昌县,200,155,2023-11-16 04:14:33
XC2020002,演溪路停车场,新昌县,70,45,2023-11-16 04:14:18
XC2020005,智慧家园停车场,新昌县,500,478,2023-11-16 04:09:58
XC2020023,城西小学停车场,新昌县,315,114,2023-11-16 04:09:55
XC2020007,鼓山公园停车场,新昌县,998,230,2023-11-16 04:09:54
XC2020022,大佛寺文化旅游区停车场,新昌县,290,174,2023-11-16 04:09:34
XC2020003,服务大楼停车场,新昌县,200,155,2023-11-16 04:09:33
XC2020002,演溪路停车场,新昌县,70,45,2023-11-16 04:09:18
XC2020005,智慧家园停车场,新昌县,500,478,2023-11-16 04:04:58
XC2020023,城西小学停车场,新昌县,315,114,2023-11-16 04:04:55
XC2020007,鼓山公园停车场,新昌县,998,230,2023-11-16 04:04:54
XC2020022,大佛寺文化旅游区停车场,新昌县,290,174,2023-11-16 04:04:34
XC2020003,服务大楼停车场,新昌县,200,155,2023-11-16 04:04:33
XC2020002,演溪路停车场,新昌县,70,45,2023-11-16 04:04:18
XC2020005,智慧家园停车场,新昌县,500,478,2023-11-16 03:59:58
XC2020023,城西小学停车场,新昌县,315,113,2023-11-16 03:59:55
XC2020007,鼓山公园停车场,新昌县,998,230,2023-11-16 03:59:54
XC2020022,大佛寺文化旅游区停车场,新昌县,290,174,2023-11-16 03:59:34
XC2020003,服务大楼停车场,新昌县,200,155,2023-11-16 03:59:33
XC2020002,演溪路停车场,新昌县,70,45,2023-11-16 03:59:18
XC2020005,智慧家园停车场,新昌县,500,478,2023-11-16 03:54:58
XC2020023,城西小学停车场,新昌县,315,113,2023-11-16 03:54:55
XC2020007,鼓山公园停车场,新昌县,998,230,2023-11-16 03:54:54
XC2020022,大佛寺文化旅游区停车场,新昌县,290,174,2023-11-16 03:54:34
XC2020003,服务大楼停车场,新昌县,200,155,2023-11-16 03:54:33
XC2020002,演溪路停车场,新昌县,70,45,2023-11-16 03:54:18
XC2020005,智慧家园停车场,新昌县,500,478,2023-11-16 03:49:58
XC2020023,城西小学停车场,新昌县,315,113,2023-11-16 03:49:55
XC2020007,鼓山公园停车场,新昌县,998,230,2023-11-16 03:49:54
XC2020022,大佛寺文化旅游区停车场,新昌县,290,174,2023-11-16 03:49:34
XC2020003,服务大楼停车场,新昌县,200,155,2023-11-16 03:49:33
XC2020002,演溪路停车场,新昌县,70,45,2023-11-16 03:49:18
XC2020005,智慧家园停车场,新昌县,500,478,2023-11-16 03:44:58
XC2020023,城西小学停车场,新昌县,315,113,2023-11-16 03:44:55
XC2020007,鼓山公园停车场,新昌县,998,230,2023-11-16 03:44:54
XC2020022,大佛寺文化旅游区停车场,新昌县,290,174,2023-11-16 03:44:34
XC2020003,服务大楼停车场,新昌县,200,155,2023-11-16 03:44:33
XC2020002,演溪路停车场,新昌县,70,45,2023-11-16 03:44:18
XC2020005,智慧家园停车场,新昌县,500,478,2023-11-16 03:39:58
XC2020023,城西小学停车场,新昌县,315,113,2023-11-16 03:39:55
XC2020007,鼓山公园停车场,新昌县,998,230,2023-11-16 03:39:54
XC2020022,大佛寺文化旅游区停车场,新昌县,290,174,2023-11-16 03:39:34
XC2020003,服务大楼停车场,新昌县,200,155,2023-11-16 03:39:33
XC2020002,演溪路停车场,新昌县,70,45,2023-11-16 03:39:18
XC2020005,智慧家园停车场,新昌县,500,478,2023-11-16 03:34:58
XC2020023,城西小学停车场,新昌县,315,113,2023-11-16 03:34:55
XC2020007,鼓山公园停车场,新昌县,998,230,2023-11-16 03:34:54
XC2020022,大佛寺文化旅游区停车场,新昌县,290,174,2023-11-16 03:34:34
XC2020003,服务大楼停车场,新昌县,200,155,2023-11-16 03:34:33
XC2020002,演溪路停车场,新昌县,70,45,2023-11-16 03:34:18
XC2020005,智慧家园停车场,新昌县,500,478,2023-11-16 03:29:58
XC2020023,城西小学停车场,新昌县,315,112,2023-11-16 03:29:55
XC2020007,鼓山公园停车场,新昌县,998,230,2023-11-16 03:29:54
XC2020022,大佛寺文化旅游区停车场,新昌县,290,174,2023-11-16 03:29:34
XC2020003,服务大楼停车场,新昌县,200,155,2023-11-16 03:29:33
XC2020002,演溪路停车场,新昌县,70,45,2023-11-16 03:29:18
XC2020005,智慧家园停车场,新昌县,500,478,2023-11-16 03:24:58
XC2020023,城西小学停车场,新昌县,315,112,2023-11-16 03:24:55
XC2020007,鼓山公园停车场,新昌县,998,230,2023-11-16 03:24:54
XC2020022,大佛寺文化旅游区停车场,新昌县,290,174,2023-11-16 03:24:34
XC2020003,服务大楼停车场,新昌县,200,155,2023-11-16 03:24:33
XC2020002,演溪路停车场,新昌县,70,45,2023-11-16 03:24:18
XC2020005,智慧家园停车场,新昌县,500,478,2023-11-16 03:19:58
XC2020023,城西小学停车场,新昌县,315,112,2023-11-16 03:19:55
XC2020007,鼓山公园停车场,新昌县,998,230,2023-11-16 03:19:54
XC2020022,大佛寺文化旅游区停车场,新昌县,290,174,2023-11-16 03:19:34
XC2020003,服务大楼停车场,新昌县,200,155,2023-11-16 03:19:33
XC2020002,演溪路停车场,新昌县,70,45,2023-11-16 03:19:18
XC2020005,智慧家园停车场,新昌县,500,478,2023-11-16 03:14:58
XC2020023,城西小学停车场,新昌县,315,112,2023-11-16 03:14:55
XC2020007,鼓山公园停车场,新昌县,998,230,2023-11-16 03:14:54
XC2020022,大佛寺文化旅游区停车场,新昌县,290,174,2023-11-16 03:14:34
XC2020003,服务大楼停车场,新昌县,200,155,2023-11-16 03:14:33
XC2020002,演溪路停车场,新昌县,70,45,2023-11-16 03:14:18
XC2020005,智慧家园停车场,新昌县,500,478,2023-11-16 03:09:58
XC2020023,城西小学停车场,新昌县,315,112,2023-11-16 03:09:55
XC2020007,鼓山公园停车场,新昌县,998,230,2023-11-16 03:09:54
XC2020022,大佛寺文化旅游区停车场,新昌县,290,174,2023-11-16 03:09:34
XC2020003,服务大楼停车场,新昌县,200,155,2023-11-16 03:09:33
XC2020002,演溪路停车场,新昌县,70,45,2023-11-16 03:09:18
XC2020005,智慧家园停车场,新昌县,500,478,2023-11-16 03:04:58
XC2020023,城西小学停车场,新昌县,315,112,2023-11-16 03:04:55
XC2020007,鼓山公园停车场,新昌县,998,230,2023-11-16 03:04:54
XC2020022,大佛寺文化旅游区停车场,新昌县,290,174,2023-11-16 03:04:34
XC2020003,服务大楼停车场,新昌县,200,155,2023-11-16 03:04:33
XC2020002,演溪路停车场,新昌县,70,45,2023-11-16 03:04:18
XC2020005,智慧家园停车场,新昌县,500,478,2023-11-16 02:59:58
XC2020023,城西小学停车场,新昌县,315,112,2023-11-16 02:59:55
XC2020007,鼓山公园停车场,新昌县,998,230,2023-11-16 02:59:54
XC2020022,大佛寺文化旅游区停车场,新昌县,290,174,2023-11-16 02:59:34
XC2020003,服务大楼停车场,新昌县,200,155,2023-11-16 02:59:33
XC2020002,演溪路停车场,新昌县,70,45,2023-11-16 02:59:18
XC2020005,智慧家园停车场,新昌县,500,478,2023-11-16 02:54:58
XC2020023,城西小学停车场,新昌县,315,112,2023-11-16 02:54:55
XC2020007,鼓山公园停车场,新昌县,998,230,2023-11-16 02:54:54
XC2020022,大佛寺文化旅游区停车场,新昌县,290,174,2023-11-16 02:54:34
XC2020003,服务大楼停车场,新昌县,200,155,2023-11-16 02:54:33
XC2020002,演溪路停车场,新昌县,70,45,2023-11-16 02:54:18
XC2020005,智慧家园停车场,新昌县,500,478,2023-11-16 02:49:58
XC2020023,城西小学停车场,新昌县,315,112,2023-11-16 02:49:55
XC2020007,鼓山公园停车场,新昌县,998,230,2023-11-16 02:49:54
XC2020022,大佛寺文化旅游区停车场,新昌县,290,174,2023-11-16 02:49:34
XC2020003,服务大楼停车场,新昌县,200,155,2023-11-16 02:49:33
XC2020002,演溪路停车场,新昌县,70,45,2023-11-16 02:49:18
XC2020005,智慧家园停车场,新昌县,500,478,2023-11-16 02:44:58
XC2020023,城西小学停车场,新昌县,315,112,2023-11-16 02:44:55
XC2020007,鼓山公园停车场,新昌县,998,230,2023-11-16 02:44:54
XC2020022,大佛寺文化旅游区停车场,新昌县,290,174,2023-11-16 02:44:34
XC2020003,服务大楼停车场,新昌县,200,155,2023-11-16 02:44:33
XC2020002,演溪路停车场,新昌县,70,45,2023-11-16 02:44:18
XC2020005,智慧家园停车场,新昌县,500,478,2023-11-16 02:39:58
XC2020023,城西小学停车场,新昌县,315,111,2023-11-16 02:39:55
XC2020007,鼓山公园停车场,新昌县,998,230,2023-11-16 02:39:54
XC2020022,大佛寺文化旅游区停车场,新昌县,290,174,2023-11-16 02:39:34
XC2020003,服务大楼停车场,新昌县,200,155,2023-11-16 02:39:33
XC2020002,演溪路停车场,新昌县,70,45,2023-11-16 02:39:18
XC2020005,智慧家园停车场,新昌县,500,478,2023-11-16 02:34:58
XC2020023,城西小学停车场,新昌县,315,111,2023-11-16 02:34:55
XC2020007,鼓山公园停车场,新昌县,998,230,2023-11-16 02:34:54
XC2020022,大佛寺文化旅游区停车场,新昌县,290,174,2023-11-16 02:34:34
XC2020003,服务大楼停车场,新昌县,200,155,2023-11-16 02:34:33
XC2020002,演溪路停车场,新昌县,70,45,2023-11-16 02:34:18
XC2020005,智慧家园停车场,新昌县,500,478,2023-11-16 02:29:58
XC2020023,城西小学停车场,新昌县,315,111,2023-11-16 02:29:55
XC2020007,鼓山公园停车场,新昌县,998,230,2023-11-16 02:29:54
XC2020022,大佛寺文化旅游区停车场,新昌县,290,174,2023-11-16 02:29:34
XC2020003,服务大楼停车场,新昌县,200,155,2023-11-16 02:29:33
XC2020002,演溪路停车场,新昌县,70,45,2023-11-16 02:29:18
XC2020005,智慧家园停车场,新昌县,500,479,2023-11-16 02:24:58
XC2020023,城西小学停车场,新昌县,315,111,2023-11-16 02:24:55
XC2020007,鼓山公园停车场,新昌县,998,230,2023-11-16 02:24:54
XC2020022,大佛寺文化旅游区停车场,新昌县,290,174,2023-11-16 02:24:34
XC2020003,服务大楼停车场,新昌县,200,155,2023-11-16 02:24:33
XC2020002,演溪路停车场,新昌县,70,45,2023-11-16 02:24:18
XC2020005,智慧家园停车场,新昌县,500,479,2023-11-16 02:19:58
XC2020023,城西小学停车场,新昌县,315,112,2023-11-16 02:19:55
XC2020007,鼓山公园停车场,新昌县,998,230,2023-11-16 02:19:54
XC2020022,大佛寺文化旅游区停车场,新昌县,290,174,2023-11-16 02:19:34
XC2020003,服务大楼停车场,新昌县,200,155,2023-11-16 02:19:33
XC2020002,演溪路停车场,新昌县,70,45,2023-11-16 02:19:18
XC2020005,智慧家园停车场,新昌县,500,479,2023-11-16 02:14:58
XC2020023,城西小学停车场,新昌县,315,112,2023-11-16 02:14:55
XC2020007,鼓山公园停车场,新昌县,998,230,2023-11-16 02:14:54
XC2020022,大佛寺文化旅游区停车场,新昌县,290,173,2023-11-16 02:14:34
XC2020003,服务大楼停车场,新昌县,200,155,2023-11-16 02:14:33
XC2020002,演溪路停车场,新昌县,70,45,2023-11-16 02:14:18
XC2020005,智慧家园停车场,新昌县,500,479,2023-11-16 02:09:58
XC2020023,城西小学停车场,新昌县,315,112,2023-11-16 02:09:55
XC2020007,鼓山公园停车场,新昌县,998,229,2023-11-16 02:09:54
XC2020022,大佛寺文化旅游区停车场,新昌县,290,173,2023-11-16 02:09:34
XC2020003,服务大楼停车场,新昌县,200,155,2023-11-16 02:09:33
XC2020002,演溪路停车场,新昌县,70,45,2023-11-16 02:09:18
XC2020005,智慧家园停车场,新昌县,500,479,2023-11-16 02:04:58
XC2020023,城西小学停车场,新昌县,315,112,2023-11-16 02:04:55
XC2020007,鼓山公园停车场,新昌县,998,229,2023-11-16 02:04:54
XC2020022,大佛寺文化旅游区停车场,新昌县,290,173,2023-11-16 02:04:34
XC2020003,服务大楼停车场,新昌县,200,155,2023-11-16 02:04:33
XC2020002,演溪路停车场,新昌县,70,45,2023-11-16 02:04:18
XC2020005,智慧家园停车场,新昌县,500,479,2023-11-16 01:59:58
XC2020023,城西小学停车场,新昌县,315,111,2023-11-16 01:59:55
XC2020007,鼓山公园停车场,新昌县,998,229,2023-11-16 01:59:54
XC2020022,大佛寺文化旅游区停车场,新昌县,290,173,2023-11-16 01:59:34
XC2020003,服务大楼停车场,新昌县,200,155,2023-11-16 01:59:33
XC2020002,演溪路停车场,新昌县,70,45,2023-11-16 01:59:18
XC2020005,智慧家园停车场,新昌县,500,479,2023-11-16 01:54:58
XC2020023,城西小学停车场,新昌县,315,111,2023-11-16 01:54:55
XC2020007,鼓山公园停车场,新昌县,998,229,2023-11-16 01:54:54
XC2020022,大佛寺文化旅游区停车场,新昌县,290,173,2023-11-16 01:54:34
XC2020003,服务大楼停车场,新昌县,200,155,2023-11-16 01:54:33
XC2020002,演溪路停车场,新昌县,70,45,2023-11-16 01:54:18
XC2020005,智慧家园停车场,新昌县,500,479,2023-11-16 01:49:58
XC2020023,城西小学停车场,新昌县,315,111,2023-11-16 01:49:55
XC2020007,鼓山公园停车场,新昌县,998,229,2023-11-16 01:49:54
XC2020022,大佛寺文化旅游区停车场,新昌县,290,173,2023-11-16 01:49:34
XC2020003,服务大楼停车场,新昌县,200,155,2023-11-16 01:49:33
XC2020002,演溪路停车场,新昌县,70,45,2023-11-16 01:49:18
XC2020005,智慧家园停车场,新昌县,500,479,2023-11-16 01:44:58
XC2020023,城西小学停车场,新昌县,315,111,2023-11-16 01:44:55
XC2020007,鼓山公园停车场,新昌县,998,229,2023-11-16 01:44:54
XC2020022,大佛寺文化旅游区停车场,新昌县,290,172,2023-11-16 01:44:34
XC2020003,服务大楼停车场,新昌县,200,155,2023-11-16 01:44:33
XC2020002,演溪路停车场,新昌县,70,45,2023-11-16 01:44:18
XC2020003,服务大楼停车场,新昌县,200,155,2023-11-16 01:40:03
XC2020005,智慧家园停车场,新昌县,500,479,2023-11-16 01:39:58
XC2020023,城西小学停车场,新昌县,315,111,2023-11-16 01:39:55
XC2020007,鼓山公园停车场,新昌县,998,229,2023-11-16 01:39:54
XC2020022,大佛寺文化旅游区停车场,新昌县,290,172,2023-11-16 01:39:34
XC2020002,演溪路停车场,新昌县,70,45,2023-11-16 01:39:18
XC2020005,智慧家园停车场,新昌县,500,479,2023-11-16 01:34:58
XC2020023,城西小学停车场,新昌县,315,111,2023-11-16 01:34:55
XC2020007,鼓山公园停车场,新昌县,998,229,2023-11-16 01:34:54
XC2020022,大佛寺文化旅游区停车场,新昌县,290,171,2023-11-16 01:34:34
XC2020003,服务大楼停车场,新昌县,200,155,2023-11-16 01:34:33
XC2020002,演溪路停车场,新昌县,70,45,2023-11-16 01:34:18
XC2020005,智慧家园停车场,新昌县,500,479,2023-11-16 01:29:58
XC2020023,城西小学停车场,新昌县,315,111,2023-11-16 01:29:55
XC2020007,鼓山公园停车场,新昌县,998,228,2023-11-16 01:29:54
XC2020022,大佛寺文化旅游区停车场,新昌县,290,171,2023-11-16 01:29:34
XC2020003,服务大楼停车场,新昌县,200,155,2023-11-16 01:29:33
XC2020002,演溪路停车场,新昌县,70,45,2023-11-16 01:29:18
XC2020003,服务大楼停车场,新昌县,200,155,2023-11-16 01:25:03
XC2020005,智慧家园停车场,新昌县,500,479,2023-11-16 01:24:58
XC2020023,城西小学停车场,新昌县,315,111,2023-11-16 01:24:55
XC2020007,鼓山公园停车场,新昌县,998,228,2023-11-16 01:24:54
XC2020022,大佛寺文化旅游区停车场,新昌县,290,171,2023-11-16 01:24:34
XC2020002,演溪路停车场,新昌县,70,45,2023-11-16 01:24:18
XC2020003,服务大楼停车场,新昌县,200,154,2023-11-16 01:20:03
XC2020005,智慧家园停车场,新昌县,500,479,2023-11-16 01:19:58
XC2020023,城西小学停车场,新昌县,315,111,2023-11-16 01:19:55
XC2020007,鼓山公园停车场,新昌县,998,228,2023-11-16 01:19:54
XC2020022,大佛寺文化旅游区停车场,新昌县,290,171,2023-11-16 01:19:34
XC2020002,演溪路停车场,新昌县,70,45,2023-11-16 01:19:18
XC2020003,服务大楼停车场,新昌县,200,154,2023-11-16 01:15:03
XC2020005,智慧家园停车场,新昌县,500,479,2023-11-16 01:14:58
XC2020023,城西小学停车场,新昌县,315,111,2023-11-16 01:14:55
XC2020007,鼓山公园停车场,新昌县,998,228,2023-11-16 01:14:54
XC2020022,大佛寺文化旅游区停车场,新昌县,290,171,2023-11-16 01:14:34
XC2020002,演溪路停车场,新昌县,70,45,2023-11-16 01:14:18
XC2020003,服务大楼停车场,新昌县,200,154,2023-11-16 01:10:03
XC2020005,智慧家园停车场,新昌县,500,479,2023-11-16 01:09:58
XC2020023,城西小学停车场,新昌县,315,111,2023-11-16 01:09:55
XC2020007,鼓山公园停车场,新昌县,998,228,2023-11-16 01:09:54
XC2020022,大佛寺文化旅游区停车场,新昌县,290,170,2023-11-16 01:09:34
XC2020002,演溪路停车场,新昌县,70,45,2023-11-16 01:09:18
XC2020002,演溪路停车场,新昌县,70,45,2023-11-16 01:05:18
XC2020003,服务大楼停车场,新昌县,200,154,2023-11-16 01:05:03
XC2020005,智慧家园停车场,新昌县,500,479,2023-11-16 01:04:58
XC2020023,城西小学停车场,新昌县,315,111,2023-11-16 01:04:55
XC2020007,鼓山公园停车场,新昌县,998,229,2023-11-16 01:04:54
XC2020022,大佛寺文化旅游区停车场,新昌县,290,170,2023-11-16 01:04:34
XC2020003,服务大楼停车场,新昌县,200,154,2023-11-16 01:00:03
XC2020005,智慧家园停车场,新昌县,500,479,2023-11-16 00:59:58
XC2020023,城西小学停车场,新昌县,315,109,2023-11-16 00:59:55
XC2020007,鼓山公园停车场,新昌县,998,229,2023-11-16 00:59:54
XC2020022,大佛寺文化旅游区停车场,新昌县,290,170,2023-11-16 00:59:34
XC2020002,演溪路停车场,新昌县,70,45,2023-11-16 00:59:18
XC2020003,服务大楼停车场,新昌县,200,154,2023-11-16 00:55:03
XC2020005,智慧家园停车场,新昌县,500,479,2023-11-16 00:54:58
XC2020023,城西小学停车场,新昌县,315,107,2023-11-16 00:54:55
XC2020007,鼓山公园停车场,新昌县,998,229,2023-11-16 00:54:54
XC2020022,大佛寺文化旅游区停车场,新昌县,290,169,2023-11-16 00:54:34
XC2020002,演溪路停车场,新昌县,70,45,2023-11-16 00:54:18
XC2020002,演溪路停车场,新昌县,70,45,2023-11-16 00:50:18
XC2020003,服务大楼停车场,新昌县,200,154,2023-11-16 00:50:03
XC2020005,智慧家园停车场,新昌县,500,479,2023-11-16 00:49:58
XC2020023,城西小学停车场,新昌县,315,107,2023-11-16 00:49:55
XC2020007,鼓山公园停车场,新昌县,998,229,2023-11-16 00:49:54
XC2020022,大佛寺文化旅游区停车场,新昌县,290,168,2023-11-16 00:49:34
XC2020005,智慧家园停车场,新昌县,500,479,2023-11-16 00:45:28
XC2020002,演溪路停车场,新昌县,70,45,2023-11-16 00:45:18
XC2020003,服务大楼停车场,新昌县,200,154,2023-11-16 00:45:03
XC2020023,城西小学停车场,新昌县,315,108,2023-11-16 00:44:55
XC2020007,鼓山公园停车场,新昌县,998,228,2023-11-16 00:44:54
XC2020022,大佛寺文化旅游区停车场,新昌县,290,168,2023-11-16 00:44:34
XC2020005,智慧家园停车场,新昌县,500,479,2023-11-16 00:39:58
XC2020023,城西小学停车场,新昌县,315,108,2023-11-16 00:39:55
XC2020007,鼓山公园停车场,新昌县,998,228,2023-11-16 00:39:54
XC2020022,大佛寺文化旅游区停车场,新昌县,290,168,2023-11-16 00:39:34
XC2020003,服务大楼停车场,新昌县,200,154,2023-11-16 00:39:33
XC2020002,演溪路停车场,新昌县,70,45,2023-11-16 00:39:18
XC2020005,智慧家园停车场,新昌县,500,479,2023-11-16 00:34:58
XC2020023,城西小学停车场,新昌县,315,108,2023-11-16 00:34:55
XC2020007,鼓山公园停车场,新昌县,998,228,2023-11-16 00:34:54
XC2020022,大佛寺文化旅游区停车场,新昌县,290,168,2023-11-16 00:34:34
XC2020003,服务大楼停车场,新昌县,200,154,2023-11-16 00:34:33
XC2020002,演溪路停车场,新昌县,70,45,2023-11-16 00:34:18
XC2020005,智慧家园停车场,新昌县,500,479,2023-11-16 00:29:58
XC2020023,城西小学停车场,新昌县,315,108,2023-11-16 00:29:55
XC2020007,鼓山公园停车场,新昌县,998,227,2023-11-16 00:29:54
XC2020022,大佛寺文化旅游区停车场,新昌县,290,167,2023-11-16 00:29:34
XC2020003,服务大楼停车场,新昌县,200,154,2023-11-16 00:29:33
XC2020002,演溪路停车场,新昌县,70,45,2023-11-16 00:29:18
XC2020005,智慧家园停车场,新昌县,500,479,2023-11-16 00:24:58
XC2020023,城西小学停车场,新昌县,315,109,2023-11-16 00:24:55
XC2020007,鼓山公园停车场,新昌县,998,227,2023-11-16 00:24:54
XC2020022,大佛寺文化旅游区停车场,新昌县,290,165,2023-11-16 00:24:34
XC2020003,服务大楼停车场,新昌县,200,154,2023-11-16 00:24:33
XC2020002,演溪路停车场,新昌县,70,45,2023-11-16 00:24:18
XC2020005,智慧家园停车场,新昌县,500,479,2023-11-16 00:19:58
XC2020023,城西小学停车场,新昌县,315,106,2023-11-16 00:19:55
XC2020007,鼓山公园停车场,新昌县,998,227,2023-11-16 00:19:54
XC2020022,大佛寺文化旅游区停车场,新昌县,290,164,2023-11-16 00:19:34
XC2020003,服务大楼停车场,新昌县,200,154,2023-11-16 00:19:33
XC2020002,演溪路停车场,新昌县,70,45,2023-11-16 00:19:18
XC2020005,智慧家园停车场,新昌县,500,479,2023-11-16 00:14:58
XC2020023,城西小学停车场,新昌县,315,106,2023-11-16 00:14:55
XC2020007,鼓山公园停车场,新昌县,998,227,2023-11-16 00:14:54
XC2020022,大佛寺文化旅游区停车场,新昌县,290,164,2023-11-16 00:14:34
XC2020003,服务大楼停车场,新昌县,200,154,2023-11-16 00:14:33
XC2020002,演溪路停车场,新昌县,70,44,2023-11-16 00:14:18
XC2020005,智慧家园停车场,新昌县,500,478,2023-11-16 00:09:58
XC2020023,城西小学停车场,新昌县,315,106,2023-11-16 00:09:55
XC2020007,鼓山公园停车场,新昌县,998,227,2023-11-16 00:09:54
XC2020022,大佛寺文化旅游区停车场,新昌县,290,164,2023-11-16 00:09:34
XC2020003,服务大楼停车场,新昌县,200,154,2023-11-16 00:09:33
XC2020002,演溪路停车场,新昌县,70,42,2023-11-16 00:09:18
XC2020005,智慧家园停车场,新昌县,500,478,2023-11-16 00:04:58
XC2020023,城西小学停车场,新昌县,315,106,2023-11-16 00:04:55
XC2020007,鼓山公园停车场,新昌县,998,227,2023-11-16 00:04:54
XC2020022,大佛寺文化旅游区停车场,新昌县,290,161,2023-11-16 00:04:34
XC2020003,服务大楼停车场,新昌县,200,154,2023-11-16 00:04:33
XC2020002,演溪路停车场,新昌县,70,41,2023-11-16 00:04:18
XC2020005,智慧家园停车场,新昌县,500,478,2023-11-15 23:59:58
XC2020023,城西小学停车场,新昌县,315,104,2023-11-15 23:59:55
XC2020007,鼓山公园停车场,新昌县,998,226,2023-11-15 23:59:54
XC2020022,大佛寺文化旅游区停车场,新昌县,290,160,2023-11-15 23:59:34
XC2020003,服务大楼停车场,新昌县,200,154,2023-11-15 23:59:33
XC2020002,演溪路停车场,新昌县,70,41,2023-11-15 23:59:18
XC2020005,智慧家园停车场,新昌县,500,478,2023-11-15 23:54:58
XC2020023,城西小学停车场,新昌县,315,102,2023-11-15 23:54:55
XC2020007,鼓山公园停车场,新昌县,998,224,2023-11-15 23:54:54
XC2020022,大佛寺文化旅游区停车场,新昌县,290,160,2023-11-15 23:54:34
XC2020003,服务大楼停车场,新昌县,200,154,2023-11-15 23:54:33
XC2020002,演溪路停车场,新昌县,70,41,2023-11-15 23:54:18
XC2020005,智慧家园停车场,新昌县,500,478,2023-11-15 23:49:58
XC2020023,城西小学停车场,新昌县,315,102,2023-11-15 23:49:55
XC2020007,鼓山公园停车场,新昌县,998,224,2023-11-15 23:49:54
XC2020022,大佛寺文化旅游区停车场,新昌县,290,160,2023-11-15 23:49:34
XC2020003,服务大楼停车场,新昌县,200,154,2023-11-15 23:49:33
XC2020002,演溪路停车场,新昌县,70,42,2023-11-15 23:49:18
XC2020005,智慧家园停车场,新昌县,500,479,2023-11-15 23:44:58
XC2020023,城西小学停车场,新昌县,315,102,2023-11-15 23:44:55
XC2020007,鼓山公园停车场,新昌县,998,224,2023-11-15 23:44:54
XC2020022,大佛寺文化旅游区停车场,新昌县,290,159,2023-11-15 23:44:34
XC2020003,服务大楼停车场,新昌县,200,154,2023-11-15 23:44:33
XC2020002,演溪路停车场,新昌县,70,42,2023-11-15 23:44:18
XC2020005,智慧家园停车场,新昌县,500,479,2023-11-15 23:39:58
XC2020023,城西小学停车场,新昌县,315,101,2023-11-15 23:39:55
XC2020007,鼓山公园停车场,新昌县,998,223,2023-11-15 23:39:54
XC2020022,大佛寺文化旅游区停车场,新昌县,290,158,2023-11-15 23:39:34
XC2020003,服务大楼停车场,新昌县,200,154,2023-11-15 23:39:33
XC2020002,演溪路停车场,新昌县,70,40,2023-11-15 23:39:18
XC2020005,智慧家园停车场,新昌县,500,479,2023-11-15 23:34:58
XC2020023,城西小学停车场,新昌县,315,101,2023-11-15 23:34:55
XC2020007,鼓山公园停车场,新昌县,998,223,2023-11-15 23:34:54
XC2020022,大佛寺文化旅游区停车场,新昌县,290,158,2023-11-15 23:34:34
XC2020003,服务大楼停车场,新昌县,200,154,2023-11-15 23:34:33
XC2020002,演溪路停车场,新昌县,70,40,2023-11-15 23:34:18
XC2020005,智慧家园停车场,新昌县,500,479,2023-11-15 23:29:58
XC2020023,城西小学停车场,新昌县,315,98,2023-11-15 23:29:55
XC2020007,鼓山公园停车场,新昌县,998,223,2023-11-15 23:29:54
XC2020022,大佛寺文化旅游区停车场,新昌县,290,158,2023-11-15 23:29:34
XC2020003,服务大楼停车场,新昌县,200,154,2023-11-15 23:29:33
XC2020002,演溪路停车场,新昌县,70,40,2023-11-15 23:29:18
XC2020005,智慧家园停车场,新昌县,500,479,2023-11-15 23:24:58
XC2020023,城西小学停车场,新昌县,315,95,2023-11-15 23:24:55
XC2020007,鼓山公园停车场,新昌县,998,223,2023-11-15 23:24:54
XC2020022,大佛寺文化旅游区停车场,新昌县,290,157,2023-11-15 23:24:34
XC2020003,服务大楼停车场,新昌县,200,153,2023-11-15 23:24:33
XC2020002,演溪路停车场,新昌县,70,39,2023-11-15 23:24:18
XC2020005,智慧家园停车场,新昌县,500,479,2023-11-15 23:19:58
XC2020023,城西小学停车场,新昌县,315,93,2023-11-15 23:19:55
XC2020007,鼓山公园停车场,新昌县,998,223,2023-11-15 23:19:54
XC2020022,大佛寺文化旅游区停车场,新昌县,290,156,2023-11-15 23:19:34
XC2020003,服务大楼停车场,新昌县,200,152,2023-11-15 23:19:33
XC2020002,演溪路停车场,新昌县,70,35,2023-11-15 23:19:18
XC2020005,智慧家园停车场,新昌县,500,479,2023-11-15 23:14:58
XC2020023,城西小学停车场,新昌县,315,92,2023-11-15 23:14:55
XC2020007,鼓山公园停车场,新昌县,998,222,2023-11-15 23:14:54
XC2020022,大佛寺文化旅游区停车场,新昌县,290,156,2023-11-15 23:14:34
XC2020003,服务大楼停车场,新昌县,200,153,2023-11-15 23:14:33
XC2020002,演溪路停车场,新昌县,70,35,2023-11-15 23:14:18
XC2020005,智慧家园停车场,新昌县,500,479,2023-11-15 23:09:58
XC2020023,城西小学停车场,新昌县,315,91,2023-11-15 23:09:55
XC2020007,鼓山公园停车场,新昌县,998,222,2023-11-15 23:09:54
XC2020022,大佛寺文化旅游区停车场,新昌县,290,156,2023-11-15 23:09:34
XC2020003,服务大楼停车场,新昌县,200,153,2023-11-15 23:09:33
XC2020002,演溪路停车场,新昌县,70,35,2023-11-15 23:09:18
XC2020005,智慧家园停车场,新昌县,500,479,2023-11-15 23:04:58
XC2020023,城西小学停车场,新昌县,315,90,2023-11-15 23:04:55
XC2020007,鼓山公园停车场,新昌县,998,220,2023-11-15 23:04:54
XC2020022,大佛寺文化旅游区停车场,新昌县,290,156,2023-11-15 23:04:34
XC2020003,服务大楼停车场,新昌县,200,153,2023-11-15 23:04:33
XC2020002,演溪路停车场,新昌县,70,35,2023-11-15 23:04:18
XC2020005,智慧家园停车场,新昌县,500,479,2023-11-15 22:59:58
XC2020023,城西小学停车场,新昌县,315,89,2023-11-15 22:59:55
XC2020007,鼓山公园停车场,新昌县,998,221,2023-11-15 22:59:54
XC2020022,大佛寺文化旅游区停车场,新昌县,290,155,2023-11-15 22:59:34
XC2020003,服务大楼停车场,新昌县,200,153,2023-11-15 22:59:33
XC2020002,演溪路停车场,新昌县,70,33,2023-11-15 22:59:18
XC2020005,智慧家园停车场,新昌县,500,479,2023-11-15 22:54:58
XC2020023,城西小学停车场,新昌县,315,89,2023-11-15 22:54:55
XC2020007,鼓山公园停车场,新昌县,998,221,2023-11-15 22:54:54
XC2020022,大佛寺文化旅游区停车场,新昌县,290,155,2023-11-15 22:54:34
XC2020003,服务大楼停车场,新昌县,200,152,2023-11-15 22:54:33
XC2020002,演溪路停车场,新昌县,70,33,2023-11-15 22:54:18
XC2020005,智慧家园停车场,新昌县,500,479,2023-11-15 22:49:58
XC2020023,城西小学停车场,新昌县,315,89,2023-11-15 22:49:55
XC2020007,鼓山公园停车场,新昌县,998,219,2023-11-15 22:49:54
XC2020022,大佛寺文化旅游区停车场,新昌县,290,155,2023-11-15 22:49:34
XC2020003,服务大楼停车场,新昌县,200,153,2023-11-15 22:49:33
XC2020002,演溪路停车场,新昌县,70,30,2023-11-15 22:49:18
XC2020005,智慧家园停车场,新昌县,500,480,2023-11-15 22:44:58
XC2020023,城西小学停车场,新昌县,315,89,2023-11-15 22:44:55
XC2020007,鼓山公园停车场,新昌县,998,219,2023-11-15 22:44:54
XC2020022,大佛寺文化旅游区停车场,新昌县,290,154,2023-11-15 22:44:34
XC2020003,服务大楼停车场,新昌县,200,151,2023-11-15 22:44:33
XC2020002,演溪路停车场,新昌县,70,30,2023-11-15 22:44:18
XC2020005,智慧家园停车场,新昌县,500,480,2023-11-15 22:39:58
XC2020023,城西小学停车场,新昌县,315,90,2023-11-15 22:39:55
XC2020007,鼓山公园停车场,新昌县,998,219,2023-11-15 22:39:54
XC2020022,大佛寺文化旅游区停车场,新昌县,290,154,2023-11-15 22:39:34
XC2020003,服务大楼停车场,新昌县,200,151,2023-11-15 22:39:33
XC2020002,演溪路停车场,新昌县,70,29,2023-11-15 22:39:18
XC2020005,智慧家园停车场,新昌县,500,480,2023-11-15 22:34:58
XC2020023,城西小学停车场,新昌县,315,90,2023-11-15 22:34:55
XC2020007,鼓山公园停车场,新昌县,998,219,2023-11-15 22:34:54
XC2020022,大佛寺文化旅游区停车场,新昌县,290,155,2023-11-15 22:34:34
XC2020003,服务大楼停车场,新昌县,200,152,2023-11-15 22:34:33
XC2020002,演溪路停车场,新昌县,70,28,2023-11-15 22:34:18
XC2020005,智慧家园停车场,新昌县,500,480,2023-11-15 22:29:58
XC2020023,城西小学停车场,新昌县,315,88,2023-11-15 22:29:55
XC2020007,鼓山公园停车场,新昌县,998,219,2023-11-15 22:29:54
XC2020022,大佛寺文化旅游区停车场,新昌县,290,155,2023-11-15 22:29:34
XC2020003,服务大楼停车场,新昌县,200,152,2023-11-15 22:29:33
XC2020002,演溪路停车场,新昌县,70,29,2023-11-15 22:29:18
XC2020005,智慧家园停车场,新昌县,500,479,2023-11-15 22:24:58
XC2020023,城西小学停车场,新昌县,315,87,2023-11-15 22:24:55
XC2020007,鼓山公园停车场,新昌县,998,219,2023-11-15 22:24:54
XC2020022,大佛寺文化旅游区停车场,新昌县,290,155,2023-11-15 22:24:34
XC2020003,服务大楼停车场,新昌县,200,152,2023-11-15 22:24:33
XC2020002,演溪路停车场,新昌县,70,28,2023-11-15 22:24:18
XC2020005,智慧家园停车场,新昌县,500,480,2023-11-15 22:19:58
XC2020023,城西小学停车场,新昌县,315,86,2023-11-15 22:19:55
XC2020007,鼓山公园停车场,新昌县,998,218,2023-11-15 22:19:54
XC2020022,大佛寺文化旅游区停车场,新昌县,290,154,2023-11-15 22:19:34
XC2020003,服务大楼停车场,新昌县,200,152,2023-11-15 22:19:33
XC2020002,演溪路停车场,新昌县,70,28,2023-11-15 22:19:18
XC2020005,智慧家园停车场,新昌县,500,480,2023-11-15 22:14:58
XC2020023,城西小学停车场,新昌县,315,86,2023-11-15 22:14:55
XC2020007,鼓山公园停车场,新昌县,998,218,2023-11-15 22:14:54
XC2020022,大佛寺文化旅游区停车场,新昌县,290,154,2023-11-15 22:14:34
XC2020003,服务大楼停车场,新昌县,200,153,2023-11-15 22:14:33
XC2020002,演溪路停车场,新昌县,70,29,2023-11-15 22:14:18
XC2020005,智慧家园停车场,新昌县,500,480,2023-11-15 22:09:58
XC2020023,城西小学停车场,新昌县,315,86,2023-11-15 22:09:55
XC2020007,鼓山公园停车场,新昌县,998,218,2023-11-15 22:09:54
XC2020022,大佛寺文化旅游区停车场,新昌县,290,154,2023-11-15 22:09:34
XC2020003,服务大楼停车场,新昌县,200,151,2023-11-15 22:09:33
XC2020002,演溪路停车场,新昌县,70,26,2023-11-15 22:09:18
XC2020005,智慧家园停车场,新昌县,500,480,2023-11-15 22:04:58
XC2020023,城西小学停车场,新昌县,315,85,2023-11-15 22:04:55
XC2020007,鼓山公园停车场,新昌县,998,216,2023-11-15 22:04:54
XC2020022,大佛寺文化旅游区停车场,新昌县,290,154,2023-11-15 22:04:34
XC2020003,服务大楼停车场,新昌县,200,152,2023-11-15 22:04:33
XC2020002,演溪路停车场,新昌县,70,26,2023-11-15 22:04:18
XC2020005,智慧家园停车场,新昌县,500,480,2023-11-15 21:59:58
XC2020023,城西小学停车场,新昌县,315,85,2023-11-15 21:59:55
XC2020007,鼓山公园停车场,新昌县,998,215,2023-11-15 21:59:54
XC2020022,大佛寺文化旅游区停车场,新昌县,290,154,2023-11-15 21:59:34
XC2020003,服务大楼停车场,新昌县,200,152,2023-11-15 21:59:33
XC2020002,演溪路停车场,新昌县,70,27,2023-11-15 21:59:18
XC2020003,服务大楼停车场,新昌县,200,153,2023-11-15 21:55:03
XC2020005,智慧家园停车场,新昌县,500,482,2023-11-15 21:54:58
XC2020023,城西小学停车场,新昌县,315,86,2023-11-15 21:54:55
XC2020007,鼓山公园停车场,新昌县,998,213,2023-11-15 21:54:54
XC2020022,大佛寺文化旅游区停车场,新昌县,290,154,2023-11-15 21:54:34
XC2020002,演溪路停车场,新昌县,70,27,2023-11-15 21:54:18
XC2020002,演溪路停车场,新昌县,70,27,2023-11-15 21:50:18
XC2020003,服务大楼停车场,新昌县,200,151,2023-11-15 21:50:03
XC2020005,智慧家园停车场,新昌县,500,482,2023-11-15 21:49:58
XC2020023,城西小学停车场,新昌县,315,85,2023-11-15 21:49:55
XC2020007,鼓山公园停车场,新昌县,998,213,2023-11-15 21:49:54
XC2020022,大佛寺文化旅游区停车场,新昌县,290,153,2023-11-15 21:49:34
XC2020002,演溪路停车场,新昌县,70,27,2023-11-15 21:45:18
XC2020003,服务大楼停车场,新昌县,200,151,2023-11-15 21:45:03
XC2020005,智慧家园停车场,新昌县,500,482,2023-11-15 21:44:58
XC2020023,城西小学停车场,新昌县,315,85,2023-11-15 21:44:55
XC2020007,鼓山公园停车场,新昌县,998,214,2023-11-15 21:44:54
XC2020022,大佛寺文化旅游区停车场,新昌县,290,153,2023-11-15 21:44:34
XC2020005,智慧家园停车场,新昌县,500,482,2023-11-15 21:39:58
XC2020023,城西小学停车场,新昌县,315,84,2023-11-15 21:39:55
XC2020007,鼓山公园停车场,新昌县,998,212,2023-11-15 21:39:54
XC2020022,大佛寺文化旅游区停车场,新昌县,290,153,2023-11-15 21:39:34
XC2020003,服务大楼停车场,新昌县,200,151,2023-11-15 21:39:33
XC2020002,演溪路停车场,新昌县,70,29,2023-11-15 21:39:18
XC2020005,智慧家园停车场,新昌县,500,482,2023-11-15 21:34:58
XC2020023,城西小学停车场,新昌县,315,83,2023-11-15 21:34:55
XC2020007,鼓山公园停车场,新昌县,998,209,2023-11-15 21:34:54
XC2020022,大佛寺文化旅游区停车场,新昌县,290,152,2023-11-15 21:34:34
XC2020003,服务大楼停车场,新昌县,200,151,2023-11-15 21:34:33
XC2020002,演溪路停车场,新昌县,70,29,2023-11-15 21:34:18
XC2020005,智慧家园停车场,新昌县,500,483,2023-11-15 21:29:58
XC2020023,城西小学停车场,新昌县,315,82,2023-11-15 21:29:55
XC2020007,鼓山公园停车场,新昌县,998,207,2023-11-15 21:29:54
XC2020022,大佛寺文化旅游区停车场,新昌县,290,152,2023-11-15 21:29:34
XC2020003,服务大楼停车场,新昌县,200,151,2023-11-15 21:29:33
XC2020002,演溪路停车场,新昌县,70,29,2023-11-15 21:29:18
XC2020005,智慧家园停车场,新昌县,500,483,2023-11-15 21:24:58
XC2020023,城西小学停车场,新昌县,315,83,2023-11-15 21:24:55
XC2020007,鼓山公园停车场,新昌县,998,205,2023-11-15 21:24:54
XC2020022,大佛寺文化旅游区停车场,新昌县,290,152,2023-11-15 21:24:34
XC2020003,服务大楼停车场,新昌县,200,151,2023-11-15 21:24:33
XC2020002,演溪路停车场,新昌县,70,29,2023-11-15 21:24:18
XC2020005,智慧家园停车场,新昌县,500,486,2023-11-15 21:19:58
XC2020023,城西小学停车场,新昌县,315,84,2023-11-15 21:19:55
XC2020007,鼓山公园停车场,新昌县,998,202,2023-11-15 21:19:54
XC2020022,大佛寺文化旅游区停车场,新昌县,290,152,2023-11-15 21:19:34
XC2020003,服务大楼停车场,新昌县,200,150,2023-11-15 21:19:33
XC2020002,演溪路停车场,新昌县,70,29,2023-11-15 21:19:18
XC2020005,智慧家园停车场,新昌县,500,486,2023-11-15 21:14:58
XC2020023,城西小学停车场,新昌县,315,85,2023-11-15 21:14:55
XC2020007,鼓山公园停车场,新昌县,998,198,2023-11-15 21:14:54
XC2020022,大佛寺文化旅游区停车场,新昌县,290,153,2023-11-15 21:14:34
XC2020003,服务大楼停车场,新昌县,200,149,2023-11-15 21:14:33
XC2020002,演溪路停车场,新昌县,70,29,2023-11-15 21:14:18
XC2020005,智慧家园停车场,新昌县,500,486,2023-11-15 21:09:58
XC2020023,城西小学停车场,新昌县,315,83,2023-11-15 21:09:55
XC2020007,鼓山公园停车场,新昌县,998,196,2023-11-15 21:09:54
XC2020022,大佛寺文化旅游区停车场,新昌县,290,151,2023-11-15 21:09:34
XC2020003,服务大楼停车场,新昌县,200,150,2023-11-15 21:09:33
XC2020002,演溪路停车场,新昌县,70,27,2023-11-15 21:09:18
XC2020005,智慧家园停车场,新昌县,500,486,2023-11-15 21:04:58
XC2020023,城西小学停车场,新昌县,315,82,2023-11-15 21:04:55
XC2020007,鼓山公园停车场,新昌县,998,193,2023-11-15 21:04:54
XC2020022,大佛寺文化旅游区停车场,新昌县,290,149,2023-11-15 21:04:34
XC2020003,服务大楼停车场,新昌县,200,150,2023-11-15 21:04:33
XC2020002,演溪路停车场,新昌县,70,26,2023-11-15 21:04:18
XC2020005,智慧家园停车场,新昌县,500,487,2023-11-15 20:59:58
XC2020023,城西小学停车场,新昌县,315,82,2023-11-15 20:59:55
XC2020007,鼓山公园停车场,新昌县,998,190,2023-11-15 20:59:54
XC2020022,大佛寺文化旅游区停车场,新昌县,290,149,2023-11-15 20:59:34
XC2020003,服务大楼停车场,新昌县,200,150,2023-11-15 20:59:33
XC2020002,演溪路停车场,新昌县,70,23,2023-11-15 20:59:18
XC2020005,智慧家园停车场,新昌县,500,487,2023-11-15 20:54:58
XC2020023,城西小学停车场,新昌县,315,82,2023-11-15 20:54:55
XC2020007,鼓山公园停车场,新昌县,998,188,2023-11-15 20:54:54
XC2020022,大佛寺文化旅游区停车场,新昌县,290,149,2023-11-15 20:54:34
XC2020003,服务大楼停车场,新昌县,200,150,2023-11-15 20:54:33
XC2020002,演溪路停车场,新昌县,70,23,2023-11-15 20:54:18
XC2020005,智慧家园停车场,新昌县,500,488,2023-11-15 20:49:58
XC2020023,城西小学停车场,新昌县,315,82,2023-11-15 20:49:55
XC2020007,鼓山公园停车场,新昌县,998,186,2023-11-15 20:49:54
XC2020022,大佛寺文化旅游区停车场,新昌县,290,150,2023-11-15 20:49:34
XC2020003,服务大楼停车场,新昌县,200,149,2023-11-15 20:49:33
XC2020002,演溪路停车场,新昌县,70,23,2023-11-15 20:49:18
XC2020005,智慧家园停车场,新昌县,500,488,2023-11-15 20:44:58
XC2020023,城西小学停车场,新昌县,315,82,2023-11-15 20:44:55
XC2020007,鼓山公园停车场,新昌县,998,182,2023-11-15 20:44:54
XC2020022,大佛寺文化旅游区停车场,新昌县,290,151,2023-11-15 20:44:34
XC2020003,服务大楼停车场,新昌县,200,149,2023-11-15 20:44:33
XC2020002,演溪路停车场,新昌县,70,24,2023-11-15 20:44:18
XC2020005,智慧家园停车场,新昌县,500,487,2023-11-15 20:39:58
XC2020023,城西小学停车场,新昌县,315,81,2023-11-15 20:39:55
XC2020007,鼓山公园停车场,新昌县,998,175,2023-11-15 20:39:54
XC2020022,大佛寺文化旅游区停车场,新昌县,290,150,2023-11-15 20:39:34
XC2020003,服务大楼停车场,新昌县,200,146,2023-11-15 20:39:33
XC2020002,演溪路停车场,新昌县,70,23,2023-11-15 20:39:18
XC2020005,智慧家园停车场,新昌县,500,486,2023-11-15 20:34:58
XC2020023,城西小学停车场,新昌县,315,81,2023-11-15 20:34:55
XC2020007,鼓山公园停车场,新昌县,998,160,2023-11-15 20:34:54
XC2020022,大佛寺文化旅游区停车场,新昌县,290,150,2023-11-15 20:34:34
XC2020003,服务大楼停车场,新昌县,200,148,2023-11-15 20:34:33
XC2020002,演溪路停车场,新昌县,70,22,2023-11-15 20:34:18
XC2020005,智慧家园停车场,新昌县,500,487,2023-11-15 20:29:58
XC2020023,城西小学停车场,新昌县,315,82,2023-11-15 20:29:55
XC2020007,鼓山公园停车场,新昌县,998,148,2023-11-15 20:29:54
XC2020022,大佛寺文化旅游区停车场,新昌县,290,151,2023-11-15 20:29:34
XC2020003,服务大楼停车场,新昌县,200,148,2023-11-15 20:29:33
XC2020002,演溪路停车场,新昌县,70,21,2023-11-15 20:29:18
XC2020005,智慧家园停车场,新昌县,500,487,2023-11-15 20:24:58
XC2020023,城西小学停车场,新昌县,315,83,2023-11-15 20:24:55
XC2020007,鼓山公园停车场,新昌县,998,138,2023-11-15 20:24:54
XC2020022,大佛寺文化旅游区停车场,新昌县,290,151,2023-11-15 20:24:34
XC2020003,服务大楼停车场,新昌县,200,144,2023-11-15 20:24:33
XC2020002,演溪路停车场,新昌县,70,23,2023-11-15 20:24:18
XC2020005,智慧家园停车场,新昌县,500,486,2023-11-15 20:19:58
XC2020023,城西小学停车场,新昌县,315,82,2023-11-15 20:19:55
XC2020007,鼓山公园停车场,新昌县,998,143,2023-11-15 20:19:54
XC2020022,大佛寺文化旅游区停车场,新昌县,290,152,2023-11-15 20:19:34
XC2020003,服务大楼停车场,新昌县,200,145,2023-11-15 20:19:33
XC2020002,演溪路停车场,新昌县,70,22,2023-11-15 20:19:18
XC2020005,智慧家园停车场,新昌县,500,485,2023-11-15 20:14:58
XC2020023,城西小学停车场,新昌县,315,82,2023-11-15 20:14:55
XC2020007,鼓山公园停车场,新昌县,998,142,2023-11-15 20:14:54
XC2020022,大佛寺文化旅游区停车场,新昌县,290,151,2023-11-15 20:14:34
XC2020003,服务大楼停车场,新昌县,200,147,2023-11-15 20:14:33
XC2020002,演溪路停车场,新昌县,70,21,2023-11-15 20:14:18
XC2020005,智慧家园停车场,新昌县,500,485,2023-11-15 20:09:58
XC2020023,城西小学停车场,新昌县,315,80,2023-11-15 20:09:55
XC2020007,鼓山公园停车场,新昌县,998,143,2023-11-15 20:09:54
XC2020022,大佛寺文化旅游区停车场,新昌县,290,149,2023-11-15 20:09:34
XC2020003,服务大楼停车场,新昌县,200,148,2023-11-15 20:09:33
XC2020002,演溪路停车场,新昌县,70,21,2023-11-15 20:09:18
XC2020005,智慧家园停车场,新昌县,500,484,2023-11-15 20:04:58
XC2020023,城西小学停车场,新昌县,315,81,2023-11-15 20:04:55
XC2020007,鼓山公园停车场,新昌县,998,131,2023-11-15 20:04:54
XC2020022,大佛寺文化旅游区停车场,新昌县,290,147,2023-11-15 20:04:34
XC2020003,服务大楼停车场,新昌县,200,148,2023-11-15 20:04:33
XC2020002,演溪路停车场,新昌县,70,20,2023-11-15 20:04:18
XC2020005,智慧家园停车场,新昌县,500,484,2023-11-15 19:59:58
XC2020023,城西小学停车场,新昌县,315,81,2023-11-15 19:59:55
XC2020007,鼓山公园停车场,新昌县,998,120,2023-11-15 19:59:54
XC2020022,大佛寺文化旅游区停车场,新昌县,290,147,2023-11-15 19:59:34
XC2020003,服务大楼停车场,新昌县,200,148,2023-11-15 19:59:33
XC2020002,演溪路停车场,新昌县,70,22,2023-11-15 19:59:18
XC2020005,智慧家园停车场,新昌县,500,484,2023-11-15 19:54:58
XC2020023,城西小学停车场,新昌县,315,80,2023-11-15 19:54:55
XC2020007,鼓山公园停车场,新昌县,998,119,2023-11-15 19:54:54
XC2020022,大佛寺文化旅游区停车场,新昌县,290,144,2023-11-15 19:54:34
XC2020003,服务大楼停车场,新昌县,200,146,2023-11-15 19:54:33
XC2020002,演溪路停车场,新昌县,70,21,2023-11-15 19:54:18
XC2020005,智慧家园停车场,新昌县,500,484,2023-11-15 19:49:58
XC2020023,城西小学停车场,新昌县,315,79,2023-11-15 19:49:55
XC2020007,鼓山公园停车场,新昌县,998,121,2023-11-15 19:49:54
XC2020022,大佛寺文化旅游区停车场,新昌县,290,143,2023-11-15 19:49:34
XC2020003,服务大楼停车场,新昌县,200,144,2023-11-15 19:49:33
XC2020002,演溪路停车场,新昌县,70,19,2023-11-15 19:49:18
XC2020005,智慧家园停车场,新昌县,500,482,2023-11-15 19:44:58
XC2020023,城西小学停车场,新昌县,315,80,2023-11-15 19:44:55
XC2020007,鼓山公园停车场,新昌县,998,118,2023-11-15 19:44:54
XC2020022,大佛寺文化旅游区停车场,新昌县,290,142,2023-11-15 19:44:34
XC2020003,服务大楼停车场,新昌县,200,144,2023-11-15 19:44:33
XC2020002,演溪路停车场,新昌县,70,18,2023-11-15 19:44:18
XC2020005,智慧家园停车场,新昌县,500,482,2023-11-15 19:39:58
XC2020023,城西小学停车场,新昌县,315,82,2023-11-15 19:39:55
XC2020007,鼓山公园停车场,新昌县,998,112,2023-11-15 19:39:54
XC2020022,大佛寺文化旅游区停车场,新昌县,290,139,2023-11-15 19:39:34
XC2020003,服务大楼停车场,新昌县,200,141,2023-11-15 19:39:33
XC2020002,演溪路停车场,新昌县,70,12,2023-11-15 19:39:18
XC2020005,智慧家园停车场,新昌县,500,482,2023-11-15 19:34:58
XC2020023,城西小学停车场,新昌县,315,81,2023-11-15 19:34:55
XC2020007,鼓山公园停车场,新昌县,998,106,2023-11-15 19:34:54
XC2020022,大佛寺文化旅游区停车场,新昌县,290,139,2023-11-15 19:34:34
XC2020003,服务大楼停车场,新昌县,200,139,2023-11-15 19:34:33
XC2020002,演溪路停车场,新昌县,70,9,2023-11-15 19:34:18
XC2020005,智慧家园停车场,新昌县,500,482,2023-11-15 19:29:58
XC2020023,城西小学停车场,新昌县,315,83,2023-11-15 19:29:55
XC2020007,鼓山公园停车场,新昌县,998,104,2023-11-15 19:29:54
XC2020022,大佛寺文化旅游区停车场,新昌县,290,139,2023-11-15 19:29:34
XC2020003,服务大楼停车场,新昌县,200,139,2023-11-15 19:29:33
XC2020002,演溪路停车场,新昌县,70,8,2023-11-15 19:29:18
XC2020005,智慧家园停车场,新昌县,500,482,2023-11-15 19:24:58
XC2020023,城西小学停车场,新昌县,315,85,2023-11-15 19:24:55
XC2020007,鼓山公园停车场,新昌县,998,98,2023-11-15 19:24:54
XC2020022,大佛寺文化旅游区停车场,新昌县,290,138,2023-11-15 19:24:34
XC2020003,服务大楼停车场,新昌县,200,139,2023-11-15 19:24:33
XC2020002,演溪路停车场,新昌县,70,9,2023-11-15 19:24:18
XC2020005,智慧家园停车场,新昌县,500,481,2023-11-15 19:19:58
XC2020023,城西小学停车场,新昌县,315,85,2023-11-15 19:19:55
XC2020007,鼓山公园停车场,新昌县,998,91,2023-11-15 19:19:54
XC2020022,大佛寺文化旅游区停车场,新昌县,290,138,2023-11-15 19:19:34
XC2020003,服务大楼停车场,新昌县,200,139,2023-11-15 19:19:33
XC2020002,演溪路停车场,新昌县,70,10,2023-11-15 19:19:18
XC2020005,智慧家园停车场,新昌县,500,481,2023-11-15 19:14:58
XC2020023,城西小学停车场,新昌县,315,83,2023-11-15 19:14:55
XC2020007,鼓山公园停车场,新昌县,998,96,2023-11-15 19:14:54
XC2020022,大佛寺文化旅游区停车场,新昌县,290,140,2023-11-15 19:14:34
XC2020003,服务大楼停车场,新昌县,200,140,2023-11-15 19:14:33
XC2020002,演溪路停车场,新昌县,70,2,2023-11-15 19:14:18
XC2020003,服务大楼停车场,新昌县,200,140,2023-11-15 19:10:03
XC2020005,智慧家园停车场,新昌县,500,482,2023-11-15 19:09:58
XC2020023,城西小学停车场,新昌县,315,87,2023-11-15 19:09:55
XC2020007,鼓山公园停车场,新昌县,998,98,2023-11-15 19:09:54
XC2020022,大佛寺文化旅游区停车场,新昌县,290,138,2023-11-15 19:09:34
XC2020002,演溪路停车场,新昌县,70,3,2023-11-15 19:09:18
XC2020003,服务大楼停车场,新昌县,200,140,2023-11-15 19:05:03
XC2020005,智慧家园停车场,新昌县,500,481,2023-11-15 19:04:58
XC2020023,城西小学停车场,新昌县,315,91,2023-11-15 19:04:55
XC2020007,鼓山公园停车场,新昌县,998,90,2023-11-15 19:04:54
XC2020022,大佛寺文化旅游区停车场,新昌县,290,135,2023-11-15 19:04:34
XC2020002,演溪路停车场,新昌县,70,0,2023-11-15 19:04:18
XC2020002,演溪路停车场,新昌县,70,0,2023-11-15 19:00:18
XC2020003,服务大楼停车场,新昌县,200,144,2023-11-15 19:00:03
XC2020005,智慧家园停车场,新昌县,500,481,2023-11-15 18:59:58
XC2020023,城西小学停车场,新昌县,315,95,2023-11-15 18:59:55
XC2020007,鼓山公园停车场,新昌县,998,86,2023-11-15 18:59:54
XC2020022,大佛寺文化旅游区停车场,新昌县,290,135,2023-11-15 18:59:34
XC2020003,服务大楼停车场,新昌县,200,147,2023-11-15 18:55:03
XC2020005,智慧家园停车场,新昌县,500,481,2023-11-15 18:54:58
XC2020023,城西小学停车场,新昌县,315,93,2023-11-15 18:54:55
XC2020007,鼓山公园停车场,新昌县,998,78,2023-11-15 18:54:54
XC2020022,大佛寺文化旅游区停车场,新昌县,290,136,2023-11-15 18:54:34
XC2020002,演溪路停车场,新昌县,70,1,2023-11-15 18:54:18
XC2020005,智慧家园停车场,新昌县,500,482,2023-11-15 18:49:58
XC2020023,城西小学停车场,新昌县,315,97,2023-11-15 18:49:55
XC2020007,鼓山公园停车场,新昌县,998,71,2023-11-15 18:49:54
XC2020022,大佛寺文化旅游区停车场,新昌县,290,135,2023-11-15 18:49:34
XC2020003,服务大楼停车场,新昌县,200,152,2023-11-15 18:49:33
XC2020002,演溪路停车场,新昌县,70,1,2023-11-15 18:49:18
XC2020005,智慧家园停车场,新昌县,500,482,2023-11-15 18:44:58
XC2020023,城西小学停车场,新昌县,315,103,2023-11-15 18:44:55
XC2020007,鼓山公园停车场,新昌县,998,70,2023-11-15 18:44:54
XC2020022,大佛寺文化旅游区停车场,新昌县,290,136,2023-11-15 18:44:34
XC2020003,服务大楼停车场,新昌县,200,151,2023-11-15 18:44:33
XC2020002,演溪路停车场,新昌县,70,2,2023-11-15 18:44:18
XC2020005,智慧家园停车场,新昌县,500,481,2023-11-15 18:39:58
XC2020023,城西小学停车场,新昌县,315,102,2023-11-15 18:39:55
XC2020007,鼓山公园停车场,新昌县,998,69,2023-11-15 18:39:54
XC2020022,大佛寺文化旅游区停车场,新昌县,290,139,2023-11-15 18:39:34
XC2020003,服务大楼停车场,新昌县,200,151,2023-11-15 18:39:33
XC2020002,演溪路停车场,新昌县,70,5,2023-11-15 18:39:18
XC2020005,智慧家园停车场,新昌县,500,482,2023-11-15 18:34:58
XC2020023,城西小学停车场,新昌县,315,104,2023-11-15 18:34:55
XC2020007,鼓山公园停车场,新昌县,998,69,2023-11-15 18:34:54
XC2020022,大佛寺文化旅游区停车场,新昌县,290,138,2023-11-15 18:34:34
XC2020003,服务大楼停车场,新昌县,200,152,2023-11-15 18:34:33
XC2020002,演溪路停车场,新昌县,70,4,2023-11-15 18:34:18
XC2020005,智慧家园停车场,新昌县,500,483,2023-11-15 18:29:58
XC2020023,城西小学停车场,新昌县,315,103,2023-11-15 18:29:55
XC2020007,鼓山公园停车场,新昌县,998,68,2023-11-15 18:29:54
XC2020022,大佛寺文化旅游区停车场,新昌县,290,141,2023-11-15 18:29:34
XC2020003,服务大楼停车场,新昌县,200,152,2023-11-15 18:29:33
XC2020002,演溪路停车场,新昌县,70,5,2023-11-15 18:29:18
XC2020005,智慧家园停车场,新昌县,500,485,2023-11-15 18:24:58
XC2020023,城西小学停车场,新昌县,315,104,2023-11-15 18:24:55
XC2020007,鼓山公园停车场,新昌县,998,65,2023-11-15 18:24:54
XC2020022,大佛寺文化旅游区停车场,新昌县,290,145,2023-11-15 18:24:34
XC2020003,服务大楼停车场,新昌县,200,152,2023-11-15 18:24:33
XC2020002,演溪路停车场,新昌县,70,5,2023-11-15 18:24:18
XC2020005,智慧家园停车场,新昌县,500,486,2023-11-15 18:19:58
XC2020023,城西小学停车场,新昌县,315,106,2023-11-15 18:19:55
XC2020007,鼓山公园停车场,新昌县,998,66,2023-11-15 18:19:54
XC2020022,大佛寺文化旅游区停车场,新昌县,290,148,2023-11-15 18:19:34
XC2020003,服务大楼停车场,新昌县,200,153,2023-11-15 18:19:33
XC2020002,演溪路停车场,新昌县,70,4,2023-11-15 18:19:18
XC2020005,智慧家园停车场,新昌县,500,486,2023-11-15 18:14:58
XC2020023,城西小学停车场,新昌县,315,107,2023-11-15 18:14:55
XC2020007,鼓山公园停车场,新昌县,998,73,2023-11-15 18:14:54
XC2020022,大佛寺文化旅游区停车场,新昌县,290,150,2023-11-15 18:14:34
XC2020003,服务大楼停车场,新昌县,200,156,2023-11-15 18:14:33
XC2020002,演溪路停车场,新昌县,70,3,2023-11-15 18:14:18
XC2020005,智慧家园停车场,新昌县,500,487,2023-11-15 18:09:58
XC2020023,城西小学停车场,新昌县,315,106,2023-11-15 18:09:55
XC2020007,鼓山公园停车场,新昌县,998,83,2023-11-15 18:09:54
XC2020022,大佛寺文化旅游区停车场,新昌县,290,151,2023-11-15 18:09:34
XC2020003,服务大楼停车场,新昌县,200,155,2023-11-15 18:09:33
XC2020002,演溪路停车场,新昌县,70,5,2023-11-15 18:09:18
XC2020005,智慧家园停车场,新昌县,500,487,2023-11-15 18:04:58
XC2020023,城西小学停车场,新昌县,315,105,2023-11-15 18:04:55
XC2020007,鼓山公园停车场,新昌县,998,85,2023-11-15 18:04:54
XC2020022,大佛寺文化旅游区停车场,新昌县,290,152,2023-11-15 18:04:34
XC2020003,服务大楼停车场,新昌县,200,155,2023-11-15 18:04:33
XC2020002,演溪路停车场,新昌县,70,9,2023-11-15 18:04:18
XC2020005,智慧家园停车场,新昌县,500,489,2023-11-15 17:59:58
XC2020023,城西小学停车场,新昌县,315,108,2023-11-15 17:59:55
XC2020007,鼓山公园停车场,新昌县,998,89,2023-11-15 17:59:54
XC2020022,大佛寺文化旅游区停车场,新昌县,290,153,2023-11-15 17:59:34
XC2020003,服务大楼停车场,新昌县,200,155,2023-11-15 17:59:33
XC2020002,演溪路停车场,新昌县,70,10,2023-11-15 17:59:18
XC2020005,智慧家园停车场,新昌县,500,490,2023-11-15 17:54:58
XC2020023,城西小学停车场,新昌县,315,108,2023-11-15 17:54:55
XC2020007,鼓山公园停车场,新昌县,998,97,2023-11-15 17:54:54
XC2020022,大佛寺文化旅游区停车场,新昌县,290,153,2023-11-15 17:54:34
XC2020003,服务大楼停车场,新昌县,200,156,2023-11-15 17:54:33
XC2020002,演溪路停车场,新昌县,70,9,2023-11-15 17:54:18
XC2020005,智慧家园停车场,新昌县,500,492,2023-11-15 17:49:58
XC2020023,城西小学停车场,新昌县,315,106,2023-11-15 17:49:55
XC2020007,鼓山公园停车场,新昌县,998,103,2023-11-15 17:49:54
XC2020022,大佛寺文化旅游区停车场,新昌县,290,151,2023-11-15 17:49:34
XC2020003,服务大楼停车场,新昌县,200,157,2023-11-15 17:49:33
XC2020002,演溪路停车场,新昌县,70,10,2023-11-15 17:49:18
XC2020005,智慧家园停车场,新昌县,500,492,2023-11-15 17:44:58
XC2020023,城西小学停车场,新昌县,315,105,2023-11-15 17:44:55
XC2020007,鼓山公园停车场,新昌县,998,106,2023-11-15 17:44:54
XC2020022,大佛寺文化旅游区停车场,新昌县,290,150,2023-11-15 17:44:34
XC2020003,服务大楼停车场,新昌县,200,157,2023-11-15 17:44:33
XC2020002,演溪路停车场,新昌县,70,14,2023-11-15 17:44:18
XC2020005,智慧家园停车场,新昌县,500,496,2023-11-15 17:39:58
XC2020023,城西小学停车场,新昌县,315,107,2023-11-15 17:39:55
XC2020007,鼓山公园停车场,新昌县,998,117,2023-11-15 17:39:54
XC2020022,大佛寺文化旅游区停车场,新昌县,290,149,2023-11-15 17:39:34
XC2020003,服务大楼停车场,新昌县,200,156,2023-11-15 17:39:33
XC2020002,演溪路停车场,新昌县,70,16,2023-11-15 17:39:18
XC2020005,智慧家园停车场,新昌县,500,496,2023-11-15 17:34:58
XC2020023,城西小学停车场,新昌县,315,108,2023-11-15 17:34:55
XC2020007,鼓山公园停车场,新昌县,998,127,2023-11-15 17:34:54
XC2020022,大佛寺文化旅游区停车场,新昌县,290,151,2023-11-15 17:34:34
XC2020003,服务大楼停车场,新昌县,200,158,2023-11-15 17:34:33
XC2020002,演溪路停车场,新昌县,70,20,2023-11-15 17:34:18
XC2020005,智慧家园停车场,新昌县,500,499,2023-11-15 17:29:58
XC2020023,城西小学停车场,新昌县,315,112,2023-11-15 17:29:55
XC2020007,鼓山公园停车场,新昌县,998,145,2023-11-15 17:29:54
XC2020022,大佛寺文化旅游区停车场,新昌县,290,152,2023-11-15 17:29:34
XC2020003,服务大楼停车场,新昌县,200,161,2023-11-15 17:29:33
XC2020002,演溪路停车场,新昌县,70,22,2023-11-15 17:29:18
XC2020005,智慧家园停车场,新昌县,500,499,2023-11-15 17:24:58
XC2020023,城西小学停车场,新昌县,315,115,2023-11-15 17:24:55
XC2020007,鼓山公园停车场,新昌县,998,146,2023-11-15 17:24:54
XC2020022,大佛寺文化旅游区停车场,新昌县,290,154,2023-11-15 17:24:34
XC2020003,服务大楼停车场,新昌县,200,164,2023-11-15 17:24:33
XC2020002,演溪路停车场,新昌县,70,29,2023-11-15 17:24:18
XC2020005,智慧家园停车场,新昌县,500,499,2023-11-15 17:19:58
XC2020023,城西小学停车场,新昌县,315,110,2023-11-15 17:19:55
XC2020007,鼓山公园停车场,新昌县,998,125,2023-11-15 17:19:54
XC2020022,大佛寺文化旅游区停车场,新昌县,290,153,2023-11-15 17:19:34
XC2020003,服务大楼停车场,新昌县,200,171,2023-11-15 17:19:33
XC2020002,演溪路停车场,新昌县,70,33,2023-11-15 17:19:18
XC2020005,智慧家园停车场,新昌县,500,499,2023-11-15 17:14:58
XC2020023,城西小学停车场,新昌县,315,84,2023-11-15 17:14:55
XC2020007,鼓山公园停车场,新昌县,998,121,2023-11-15 17:14:54
XC2020022,大佛寺文化旅游区停车场,新昌县,290,153,2023-11-15 17:14:34
XC2020003,服务大楼停车场,新昌县,200,174,2023-11-15 17:14:33
XC2020002,演溪路停车场,新昌县,70,38,2023-11-15 17:14:18
XC2020005,智慧家园停车场,新昌县,500,498,2023-11-15 17:09:58
XC2020023,城西小学停车场,新昌县,315,65,2023-11-15 17:09:55
XC2020007,鼓山公园停车场,新昌县,998,107,2023-11-15 17:09:54
XC2020022,大佛寺文化旅游区停车场,新昌县,290,154,2023-11-15 17:09:34
XC2020003,服务大楼停车场,新昌县,200,171,2023-11-15 17:09:33
XC2020002,演溪路停车场,新昌县,70,44,2023-11-15 17:09:18
XC2020005,智慧家园停车场,新昌县,500,498,2023-11-15 17:04:58
XC2020023,城西小学停车场,新昌县,315,50,2023-11-15 17:04:55
XC2020007,鼓山公园停车场,新昌县,998,100,2023-11-15 17:04:54
XC2020022,大佛寺文化旅游区停车场,新昌县,290,155,2023-11-15 17:04:34
XC2020003,服务大楼停车场,新昌县,200,144,2023-11-15 17:04:33
XC2020002,演溪路停车场,新昌县,70,44,2023-11-15 17:04:18
XC2020005,智慧家园停车场,新昌县,500,496,2023-11-15 16:59:58
XC2020023,城西小学停车场,新昌县,315,39,2023-11-15 16:59:55
XC2020007,鼓山公园停车场,新昌县,998,114,2023-11-15 16:59:54
XC2020022,大佛寺文化旅游区停车场,新昌县,290,142,2023-11-15 16:59:34
XC2020003,服务大楼停车场,新昌县,200,119,2023-11-15 16:59:33
XC2020002,演溪路停车场,新昌县,70,46,2023-11-15 16:59:18
XC2020005,智慧家园停车场,新昌县,500,495,2023-11-15 16:54:58
XC2020023,城西小学停车场,新昌县,315,45,2023-11-15 16:54:55
XC2020007,鼓山公园停车场,新昌县,998,125,2023-11-15 16:54:54
XC2020022,大佛寺文化旅游区停车场,新昌县,290,142,2023-11-15 16:54:34
XC2020003,服务大楼停车场,新昌县,200,110,2023-11-15 16:54:33
XC2020002,演溪路停车场,新昌县,70,45,2023-11-15 16:54:18
XC2020005,智慧家园停车场,新昌县,500,494,2023-11-15 16:49:58
XC2020023,城西小学停车场,新昌县,315,24,2023-11-15 16:49:55
XC2020007,鼓山公园停车场,新昌县,998,136,2023-11-15 16:49:54
XC2020022,大佛寺文化旅游区停车场,新昌县,290,143,2023-11-15 16:49:34
XC2020003,服务大楼停车场,新昌县,200,90,2023-11-15 16:49:33
XC2020002,演溪路停车场,新昌县,70,47,2023-11-15 16:49:18
XC2020005,智慧家园停车场,新昌县,500,495,2023-11-15 16:44:58
XC2020023,城西小学停车场,新昌县,315,40,2023-11-15 16:44:55
XC2020007,鼓山公园停车场,新昌县,998,153,2023-11-15 16:44:54
XC2020022,大佛寺文化旅游区停车场,新昌县,290,142,2023-11-15 16:44:34
XC2020003,服务大楼停车场,新昌县,200,83,2023-11-15 16:44:33
XC2020002,演溪路停车场,新昌县,70,47,2023-11-15 16:44:18
XC2020005,智慧家园停车场,新昌县,500,492,2023-11-15 16:39:58
XC2020023,城西小学停车场,新昌县,315,73,2023-11-15 16:39:55
XC2020007,鼓山公园停车场,新昌县,998,162,2023-11-15 16:39:54
XC2020022,大佛寺文化旅游区停车场,新昌县,290,139,2023-11-15 16:39:34
XC2020003,服务大楼停车场,新昌县,200,77,2023-11-15 16:39:33
XC2020002,演溪路停车场,新昌县,70,46,2023-11-15 16:39:18
XC2020005,智慧家园停车场,新昌县,500,493,2023-11-15 16:34:58
XC2020023,城西小学停车场,新昌县,315,91,2023-11-15 16:34:55
XC2020007,鼓山公园停车场,新昌县,998,171,2023-11-15 16:34:54
XC2020022,大佛寺文化旅游区停车场,新昌县,290,141,2023-11-15 16:34:34
XC2020003,服务大楼停车场,新昌县,200,74,2023-11-15 16:34:33
XC2020002,演溪路停车场,新昌县,70,45,2023-11-15 16:34:18
XC2020005,智慧家园停车场,新昌县,500,493,2023-11-15 16:29:58
XC2020023,城西小学停车场,新昌县,315,98,2023-11-15 16:29:55
XC2020007,鼓山公园停车场,新昌县,998,168,2023-11-15 16:29:54
XC2020022,大佛寺文化旅游区停车场,新昌县,290,140,2023-11-15 16:29:34
XC2020003,服务大楼停车场,新昌县,200,74,2023-11-15 16:29:33
XC2020002,演溪路停车场,新昌县,70,42,2023-11-15 16:29:18
XC2020005,智慧家园停车场,新昌县,500,493,2023-11-15 16:24:58
XC2020023,城西小学停车场,新昌县,315,105,2023-11-15 16:24:55
XC2020007,鼓山公园停车场,新昌县,998,172,2023-11-15 16:24:54
XC2020022,大佛寺文化旅游区停车场,新昌县,290,140,2023-11-15 16:24:34
XC2020003,服务大楼停车场,新昌县,200,70,2023-11-15 16:24:33
XC2020002,演溪路停车场,新昌县,70,43,2023-11-15 16:24:18
XC2020005,智慧家园停车场,新昌县,500,494,2023-11-15 16:19:58
XC2020023,城西小学停车场,新昌县,315,111,2023-11-15 16:19:55
XC2020007,鼓山公园停车场,新昌县,998,169,2023-11-15 16:19:54
XC2020022,大佛寺文化旅游区停车场,新昌县,290,139,2023-11-15 16:19:34
XC2020003,服务大楼停车场,新昌县,200,68,2023-11-15 16:19:33
XC2020002,演溪路停车场,新昌县,70,45,2023-11-15 16:19:18
XC2020005,智慧家园停车场,新昌县,500,492,2023-11-15 16:14:58
XC2020023,城西小学停车场,新昌县,315,113,2023-11-15 16:14:55
XC2020007,鼓山公园停车场,新昌县,998,164,2023-11-15 16:14:54
XC2020022,大佛寺文化旅游区停车场,新昌县,290,135,2023-11-15 16:14:34
XC2020003,服务大楼停车场,新昌县,200,72,2023-11-15 16:14:33
XC2020002,演溪路停车场,新昌县,70,47,2023-11-15 16:14:18
XC2020005,智慧家园停车场,新昌县,500,493,2023-11-15 16:09:58
XC2020023,城西小学停车场,新昌县,315,112,2023-11-15 16:09:55
XC2020007,鼓山公园停车场,新昌县,998,164,2023-11-15 16:09:54
XC2020022,大佛寺文化旅游区停车场,新昌县,290,131,2023-11-15 16:09:34
XC2020003,服务大楼停车场,新昌县,200,67,2023-11-15 16:09:33
XC2020002,演溪路停车场,新昌县,70,47,2023-11-15 16:09:18
XC2020005,智慧家园停车场,新昌县,500,493,2023-11-15 16:04:58
XC2020023,城西小学停车场,新昌县,315,110,2023-11-15 16:04:55
XC2020007,鼓山公园停车场,新昌县,998,161,2023-11-15 16:04:54
XC2020022,大佛寺文化旅游区停车场,新昌县,290,130,2023-11-15 16:04:34
XC2020003,服务大楼停车场,新昌县,200,58,2023-11-15 16:04:33
XC2020002,演溪路停车场,新昌县,70,50,2023-11-15 16:04:18
XC2020005,智慧家园停车场,新昌县,500,495,2023-11-15 15:59:58
XC2020023,城西小学停车场,新昌县,315,111,2023-11-15 15:59:55
XC2020007,鼓山公园停车场,新昌县,998,154,2023-11-15 15:59:54
XC2020022,大佛寺文化旅游区停车场,新昌县,290,130,2023-11-15 15:59:34
XC2020003,服务大楼停车场,新昌县,200,55,2023-11-15 15:59:33
XC2020002,演溪路停车场,新昌县,70,51,2023-11-15 15:59:18
XC2020005,智慧家园停车场,新昌县,500,495,2023-11-15 15:54:58
XC2020023,城西小学停车场,新昌县,315,111,2023-11-15 15:54:55
XC2020007,鼓山公园停车场,新昌县,998,159,2023-11-15 15:54:54
XC2020022,大佛寺文化旅游区停车场,新昌县,290,129,2023-11-15 15:54:34
XC2020003,服务大楼停车场,新昌县,200,50,2023-11-15 15:54:33
XC2020002,演溪路停车场,新昌县,70,50,2023-11-15 15:54:18
XC2020005,智慧家园停车场,新昌县,500,495,2023-11-15 15:49:58
XC2020023,城西小学停车场,新昌县,315,111,2023-11-15 15:49:55
XC2020007,鼓山公园停车场,新昌县,998,158,2023-11-15 15:49:54
XC2020022,大佛寺文化旅游区停车场,新昌县,290,126,2023-11-15 15:49:34
XC2020003,服务大楼停车场,新昌县,200,51,2023-11-15 15:49:33
XC2020002,演溪路停车场,新昌县,70,47,2023-11-15 15:49:18
XC2020005,智慧家园停车场,新昌县,500,496,2023-11-15 15:44:58
XC2020023,城西小学停车场,新昌县,315,106,2023-11-15 15:44:55
XC2020007,鼓山公园停车场,新昌县,998,164,2023-11-15 15:44:54
XC2020022,大佛寺文化旅游区停车场,新昌县,290,121,2023-11-15 15:44:34
XC2020003,服务大楼停车场,新昌县,200,48,2023-11-15 15:44:33
XC2020002,演溪路停车场,新昌县,70,48,2023-11-15 15:44:18
XC2020005,智慧家园停车场,新昌县,500,496,2023-11-15 15:39:58
XC2020023,城西小学停车场,新昌县,315,104,2023-11-15 15:39:55
XC2020007,鼓山公园停车场,新昌县,998,162,2023-11-15 15:39:54
XC2020022,大佛寺文化旅游区停车场,新昌县,290,116,2023-11-15 15:39:34
XC2020003,服务大楼停车场,新昌县,200,45,2023-11-15 15:39:33
XC2020002,演溪路停车场,新昌县,70,49,2023-11-15 15:39:18
XC2020005,智慧家园停车场,新昌县,500,496,2023-11-15 15:34:58
XC2020023,城西小学停车场,新昌县,315,90,2023-11-15 15:34:55
XC2020007,鼓山公园停车场,新昌县,998,159,2023-11-15 15:34:54
XC2020022,大佛寺文化旅游区停车场,新昌县,290,111,2023-11-15 15:34:34
XC2020003,服务大楼停车场,新昌县,200,50,2023-11-15 15:34:33
XC2020002,演溪路停车场,新昌县,70,50,2023-11-15 15:34:18
XC2020005,智慧家园停车场,新昌县,500,496,2023-11-15 15:29:58
XC2020023,城西小学停车场,新昌县,315,84,2023-11-15 15:29:55
XC2020007,鼓山公园停车场,新昌县,998,160,2023-11-15 15:29:54
XC2020022,大佛寺文化旅游区停车场,新昌县,290,111,2023-11-15 15:29:34
XC2020003,服务大楼停车场,新昌县,200,49,2023-11-15 15:29:33
XC2020002,演溪路停车场,新昌县,70,48,2023-11-15 15:29:18
XC2020003,服务大楼停车场,新昌县,200,47,2023-11-15 15:25:03
XC2020005,智慧家园停车场,新昌县,500,496,2023-11-15 15:24:58
XC2020023,城西小学停车场,新昌县,315,74,2023-11-15 15:24:55
XC2020007,鼓山公园停车场,新昌县,998,167,2023-11-15 15:24:54
XC2020022,大佛寺文化旅游区停车场,新昌县,290,112,2023-11-15 15:24:34
XC2020002,演溪路停车场,新昌县,70,50,2023-11-15 15:24:18
XC2020005,智慧家园停车场,新昌县,500,496,2023-11-15 15:19:58
XC2020023,城西小学停车场,新昌县,315,73,2023-11-15 15:19:55
XC2020007,鼓山公园停车场,新昌县,998,169,2023-11-15 15:19:54
XC2020022,大佛寺文化旅游区停车场,新昌县,290,109,2023-11-15 15:19:34
XC2020003,服务大楼停车场,新昌县,200,55,2023-11-15 15:19:33
XC2020002,演溪路停车场,新昌县,70,52,2023-11-15 15:19:18
XC2020005,智慧家园停车场,新昌县,500,496,2023-11-15 15:14:58
XC2020023,城西小学停车场,新昌县,315,69,2023-11-15 15:14:55
XC2020007,鼓山公园停车场,新昌县,998,169,2023-11-15 15:14:54
XC2020022,大佛寺文化旅游区停车场,新昌县,290,105,2023-11-15 15:14:34
XC2020003,服务大楼停车场,新昌县,200,53,2023-11-15 15:14:33
XC2020002,演溪路停车场,新昌县,70,50,2023-11-15 15:14:18
XC2020005,智慧家园停车场,新昌县,500,496,2023-11-15 15:09:58
XC2020023,城西小学停车场,新昌县,315,55,2023-11-15 15:09:55
XC2020007,鼓山公园停车场,新昌县,998,168,2023-11-15 15:09:54
XC2020022,大佛寺文化旅游区停车场,新昌县,290,101,2023-11-15 15:09:34
XC2020003,服务大楼停车场,新昌县,200,50,2023-11-15 15:09:33
XC2020002,演溪路停车场,新昌县,70,46,2023-11-15 15:09:18
XC2020005,智慧家园停车场,新昌县,500,496,2023-11-15 15:04:58
XC2020023,城西小学停车场,新昌县,315,49,2023-11-15 15:04:55
XC2020007,鼓山公园停车场,新昌县,998,170,2023-11-15 15:04:54
XC2020022,大佛寺文化旅游区停车场,新昌县,290,101,2023-11-15 15:04:34
XC2020003,服务大楼停车场,新昌县,200,45,2023-11-15 15:04:33
XC2020002,演溪路停车场,新昌县,70,44,2023-11-15 15:04:18
XC2020005,智慧家园停车场,新昌县,500,496,2023-11-15 14:59:58
XC2020023,城西小学停车场,新昌县,315,56,2023-11-15 14:59:55
XC2020007,鼓山公园停车场,新昌县,998,173,2023-11-15 14:59:54
XC2020022,大佛寺文化旅游区停车场,新昌县,290,101,2023-11-15 14:59:34
XC2020003,服务大楼停车场,新昌县,200,45,2023-11-15 14:59:33
XC2020002,演溪路停车场,新昌县,70,45,2023-11-15 14:59:18
XC2020005,智慧家园停车场,新昌县,500,496,2023-11-15 14:54:58
XC2020023,城西小学停车场,新昌县,315,70,2023-11-15 14:54:55
XC2020007,鼓山公园停车场,新昌县,998,175,2023-11-15 14:54:54
XC2020022,大佛寺文化旅游区停车场,新昌县,290,103,2023-11-15 14:54:34
XC2020003,服务大楼停车场,新昌县,200,50,2023-11-15 14:54:33
XC2020002,演溪路停车场,新昌县,70,48,2023-11-15 14:54:18
XC2020005,智慧家园停车场,新昌县,500,496,2023-11-15 14:49:58
XC2020023,城西小学停车场,新昌县,315,83,2023-11-15 14:49:55
XC2020007,鼓山公园停车场,新昌县,998,178,2023-11-15 14:49:54
XC2020022,大佛寺文化旅游区停车场,新昌县,290,100,2023-11-15 14:49:34
XC2020003,服务大楼停车场,新昌县,200,51,2023-11-15 14:49:33
XC2020002,演溪路停车场,新昌县,70,47,2023-11-15 14:49:18
XC2020005,智慧家园停车场,新昌县,500,496,2023-11-15 14:44:58
XC2020023,城西小学停车场,新昌县,315,90,2023-11-15 14:44:55
XC2020007,鼓山公园停车场,新昌县,998,176,2023-11-15 14:44:54
XC2020022,大佛寺文化旅游区停车场,新昌县,290,100,2023-11-15 14:44:34
XC2020003,服务大楼停车场,新昌县,200,56,2023-11-15 14:44:33
XC2020002,演溪路停车场,新昌县,70,46,2023-11-15 14:44:18
XC2020005,智慧家园停车场,新昌县,500,496,2023-11-15 14:39:58
XC2020023,城西小学停车场,新昌县,315,92,2023-11-15 14:39:55
XC2020007,鼓山公园停车场,新昌县,998,177,2023-11-15 14:39:54
XC2020022,大佛寺文化旅游区停车场,新昌县,290,106,2023-11-15 14:39:34
XC2020003,服务大楼停车场,新昌县,200,51,2023-11-15 14:39:33
XC2020002,演溪路停车场,新昌县,70,46,2023-11-15 14:39:18
XC2020005,智慧家园停车场,新昌县,500,496,2023-11-15 14:34:58
XC2020023,城西小学停车场,新昌县,315,89,2023-11-15 14:34:55
XC2020007,鼓山公园停车场,新昌县,998,180,2023-11-15 14:34:54
XC2020022,大佛寺文化旅游区停车场,新昌县,290,110,2023-11-15 14:34:34
XC2020003,服务大楼停车场,新昌县,200,43,2023-11-15 14:34:33
XC2020002,演溪路停车场,新昌县,70,46,2023-11-15 14:34:18
XC2020005,智慧家园停车场,新昌县,500,496,2023-11-15 14:29:58
XC2020023,城西小学停车场,新昌县,315,89,2023-11-15 14:29:55
XC2020007,鼓山公园停车场,新昌县,998,181,2023-11-15 14:29:54
XC2020022,大佛寺文化旅游区停车场,新昌县,290,113,2023-11-15 14:29:34
XC2020003,服务大楼停车场,新昌县,200,46,2023-11-15 14:29:33
XC2020002,演溪路停车场,新昌县,70,47,2023-11-15 14:29:18
XC2020005,智慧家园停车场,新昌县,500,496,2023-11-15 14:24:58
XC2020023,城西小学停车场,新昌县,315,90,2023-11-15 14:24:55
XC2020007,鼓山公园停车场,新昌县,998,182,2023-11-15 14:24:54
XC2020022,大佛寺文化旅游区停车场,新昌县,290,110,2023-11-15 14:24:34
XC2020003,服务大楼停车场,新昌县,200,59,2023-11-15 14:24:33
XC2020002,演溪路停车场,新昌县,70,49,2023-11-15 14:24:18
XC2020005,智慧家园停车场,新昌县,500,496,2023-11-15 14:19:58
XC2020023,城西小学停车场,新昌县,315,92,2023-11-15 14:19:55
XC2020007,鼓山公园停车场,新昌县,998,182,2023-11-15 14:19:54
XC2020022,大佛寺文化旅游区停车场,新昌县,290,113,2023-11-15 14:19:34
XC2020003,服务大楼停车场,新昌县,200,56,2023-11-15 14:19:33
XC2020002,演溪路停车场,新昌县,70,50,2023-11-15 14:19:18
XC2020005,智慧家园停车场,新昌县,500,496,2023-11-15 14:14:58
XC2020023,城西小学停车场,新昌县,315,98,2023-11-15 14:14:55
XC2020007,鼓山公园停车场,新昌县,998,182,2023-11-15 14:14:54
XC2020022,大佛寺文化旅游区停车场,新昌县,290,111,2023-11-15 14:14:34
XC2020003,服务大楼停车场,新昌县,200,65,2023-11-15 14:14:33
XC2020002,演溪路停车场,新昌县,70,49,2023-11-15 14:14:18
XC2020005,智慧家园停车场,新昌县,500,495,2023-11-15 14:09:58
XC2020023,城西小学停车场,新昌县,315,97,2023-11-15 14:09:55
XC2020007,鼓山公园停车场,新昌县,998,181,2023-11-15 14:09:54
XC2020022,大佛寺文化旅游区停车场,新昌县,290,106,2023-11-15 14:09:34
XC2020003,服务大楼停车场,新昌县,200,73,2023-11-15 14:09:33
XC2020002,演溪路停车场,新昌县,70,49,2023-11-15 14:09:18
XC2020005,智慧家园停车场,新昌县,500,493,2023-11-15 14:04:58
XC2020023,城西小学停车场,新昌县,315,98,2023-11-15 14:04:55
XC2020007,鼓山公园停车场,新昌县,998,179,2023-11-15 14:04:54
XC2020022,大佛寺文化旅游区停车场,新昌县,290,107,2023-11-15 14:04:34
XC2020003,服务大楼停车场,新昌县,200,85,2023-11-15 14:04:33
XC2020002,演溪路停车场,新昌县,70,50,2023-11-15 14:04:18
XC2020005,智慧家园停车场,新昌县,500,494,2023-11-15 13:59:58
XC2020023,城西小学停车场,新昌县,315,96,2023-11-15 13:59:55
XC2020007,鼓山公园停车场,新昌县,998,179,2023-11-15 13:59:54
XC2020022,大佛寺文化旅游区停车场,新昌县,290,107,2023-11-15 13:59:34
XC2020003,服务大楼停车场,新昌县,200,90,2023-11-15 13:59:33
XC2020002,演溪路停车场,新昌县,70,51,2023-11-15 13:59:18
XC2020005,智慧家园停车场,新昌县,500,496,2023-11-15 13:54:58
XC2020023,城西小学停车场,新昌县,315,98,2023-11-15 13:54:55
XC2020007,鼓山公园停车场,新昌县,998,177,2023-11-15 13:54:54
XC2020022,大佛寺文化旅游区停车场,新昌县,290,110,2023-11-15 13:54:34
XC2020003,服务大楼停车场,新昌县,200,110,2023-11-15 13:54:33
XC2020002,演溪路停车场,新昌县,70,51,2023-11-15 13:54:18
XC2020005,智慧家园停车场,新昌县,500,498,2023-11-15 13:49:58
XC2020023,城西小学停车场,新昌县,315,98,2023-11-15 13:49:55
XC2020007,鼓山公园停车场,新昌县,998,178,2023-11-15 13:49:54
XC2020022,大佛寺文化旅游区停车场,新昌县,290,111,2023-11-15 13:49:34
XC2020003,服务大楼停车场,新昌县,200,123,2023-11-15 13:49:33
XC2020002,演溪路停车场,新昌县,70,48,2023-11-15 13:49:18
XC2020005,智慧家园停车场,新昌县,500,498,2023-11-15 13:44:58
XC2020023,城西小学停车场,新昌县,315,98,2023-11-15 13:44:55
XC2020007,鼓山公园停车场,新昌县,998,178,2023-11-15 13:44:54
XC2020022,大佛寺文化旅游区停车场,新昌县,290,113,2023-11-15 13:44:34
XC2020003,服务大楼停车场,新昌县,200,129,2023-11-15 13:44:33
XC2020002,演溪路停车场,新昌县,70,46,2023-11-15 13:44:18
XC2020005,智慧家园停车场,新昌县,500,498,2023-11-15 13:39:58
XC2020023,城西小学停车场,新昌县,315,97,2023-11-15 13:39:55
XC2020007,鼓山公园停车场,新昌县,998,176,2023-11-15 13:39:54
XC2020022,大佛寺文化旅游区停车场,新昌县,290,112,2023-11-15 13:39:34
XC2020003,服务大楼停车场,新昌县,200,137,2023-11-15 13:39:33
XC2020002,演溪路停车场,新昌县,70,46,2023-11-15 13:39:18
XC2020005,智慧家园停车场,新昌县,500,498,2023-11-15 13:34:58
XC2020023,城西小学停车场,新昌县,315,96,2023-11-15 13:34:55
XC2020007,鼓山公园停车场,新昌县,998,174,2023-11-15 13:34:54
XC2020022,大佛寺文化旅游区停车场,新昌县,290,111,2023-11-15 13:34:34
XC2020003,服务大楼停车场,新昌县,200,140,2023-11-15 13:34:33
XC2020002,演溪路停车场,新昌县,70,47,2023-11-15 13:34:18
XC2020005,智慧家园停车场,新昌县,500,498,2023-11-15 13:29:58
XC2020023,城西小学停车场,新昌县,315,93,2023-11-15 13:29:55
XC2020007,鼓山公园停车场,新昌县,998,175,2023-11-15 13:29:54
XC2020022,大佛寺文化旅游区停车场,新昌县,290,115,2023-11-15 13:29:34
XC2020003,服务大楼停车场,新昌县,200,143,2023-11-15 13:29:33
XC2020002,演溪路停车场,新昌县,70,45,2023-11-15 13:29:18
XC2020005,智慧家园停车场,新昌县,500,498,2023-11-15 13:24:58
XC2020023,城西小学停车场,新昌县,315,92,2023-11-15 13:24:55
XC2020007,鼓山公园停车场,新昌县,998,174,2023-11-15 13:24:54
XC2020022,大佛寺文化旅游区停车场,新昌县,290,112,2023-11-15 13:24:34
XC2020003,服务大楼停车场,新昌县,200,146,2023-11-15 13:24:33
XC2020002,演溪路停车场,新昌县,70,46,2023-11-15 13:24:18
XC2020005,智慧家园停车场,新昌县,500,498,2023-11-15 13:19:58
XC2020023,城西小学停车场,新昌县,315,93,2023-11-15 13:19:55
XC2020007,鼓山公园停车场,新昌县,998,172,2023-11-15 13:19:54
XC2020022,大佛寺文化旅游区停车场,新昌县,290,111,2023-11-15 13:19:34
XC2020003,服务大楼停车场,新昌县,200,148,2023-11-15 13:19:33
XC2020002,演溪路停车场,新昌县,70,44,2023-11-15 13:19:18
XC2020005,智慧家园停车场,新昌县,500,498,2023-11-15 13:14:58
XC2020023,城西小学停车场,新昌县,315,93,2023-11-15 13:14:55
XC2020007,鼓山公园停车场,新昌县,998,174,2023-11-15 13:14:54
XC2020022,大佛寺文化旅游区停车场,新昌县,290,114,2023-11-15 13:14:34
XC2020003,服务大楼停车场,新昌县,200,148,2023-11-15 13:14:33
XC2020002,演溪路停车场,新昌县,70,48,2023-11-15 13:14:18
XC2020005,智慧家园停车场,新昌县,500,498,2023-11-15 13:09:58
XC2020023,城西小学停车场,新昌县,315,95,2023-11-15 13:09:55
XC2020007,鼓山公园停车场,新昌县,998,165,2023-11-15 13:09:54
XC2020022,大佛寺文化旅游区停车场,新昌县,290,115,2023-11-15 13:09:34
XC2020003,服务大楼停车场,新昌县,200,144,2023-11-15 13:09:33
XC2020002,演溪路停车场,新昌县,70,49,2023-11-15 13:09:18
XC2020005,智慧家园停车场,新昌县,500,498,2023-11-15 13:04:58
XC2020023,城西小学停车场,新昌县,315,97,2023-11-15 13:04:55
XC2020007,鼓山公园停车场,新昌县,998,165,2023-11-15 13:04:54
XC2020022,大佛寺文化旅游区停车场,新昌县,290,118,2023-11-15 13:04:34
XC2020003,服务大楼停车场,新昌县,200,144,2023-11-15 13:04:33
XC2020002,演溪路停车场,新昌县,70,50,2023-11-15 13:04:18
XC2020005,智慧家园停车场,新昌县,500,498,2023-11-15 12:59:58
XC2020023,城西小学停车场,新昌县,315,96,2023-11-15 12:59:55
XC2020007,鼓山公园停车场,新昌县,998,165,2023-11-15 12:59:54
XC2020022,大佛寺文化旅游区停车场,新昌县,290,116,2023-11-15 12:59:34
XC2020003,服务大楼停车场,新昌县,200,142,2023-11-15 12:59:33
XC2020002,演溪路停车场,新昌县,70,50,2023-11-15 12:59:18
XC2020005,智慧家园停车场,新昌县,500,498,2023-11-15 12:54:58
XC2020023,城西小学停车场,新昌县,315,99,2023-11-15 12:54:55
XC2020007,鼓山公园停车场,新昌县,998,162,2023-11-15 12:54:54
XC2020022,大佛寺文化旅游区停车场,新昌县,290,117,2023-11-15 12:54:34
XC2020003,服务大楼停车场,新昌县,200,143,2023-11-15 12:54:33
XC2020002,演溪路停车场,新昌县,70,49,2023-11-15 12:54:18
XC2020005,智慧家园停车场,新昌县,500,498,2023-11-15 12:49:58
XC2020023,城西小学停车场,新昌县,315,100,2023-11-15 12:49:55
XC2020007,鼓山公园停车场,新昌县,998,158,2023-11-15 12:49:54
XC2020022,大佛寺文化旅游区停车场,新昌县,290,121,2023-11-15 12:49:34
XC2020003,服务大楼停车场,新昌县,200,140,2023-11-15 12:49:33
XC2020002,演溪路停车场,新昌县,70,49,2023-11-15 12:49:18
XC2020005,智慧家园停车场,新昌县,500,498,2023-11-15 12:44:58
XC2020023,城西小学停车场,新昌县,315,101,2023-11-15 12:44:55
XC2020007,鼓山公园停车场,新昌县,998,154,2023-11-15 12:44:54
XC2020022,大佛寺文化旅游区停车场,新昌县,290,122,2023-11-15 12:44:34
XC2020003,服务大楼停车场,新昌县,200,136,2023-11-15 12:44:33
XC2020002,演溪路停车场,新昌县,70,49,2023-11-15 12:44:18
XC2020005,智慧家园停车场,新昌县,500,499,2023-11-15 12:39:58
XC2020023,城西小学停车场,新昌县,315,103,2023-11-15 12:39:55
XC2020007,鼓山公园停车场,新昌县,998,152,2023-11-15 12:39:54
XC2020022,大佛寺文化旅游区停车场,新昌县,290,120,2023-11-15 12:39:34
XC2020003,服务大楼停车场,新昌县,200,135,2023-11-15 12:39:33
XC2020002,演溪路停车场,新昌县,70,49,2023-11-15 12:39:18
XC2020005,智慧家园停车场,新昌县,500,499,2023-11-15 12:34:58
XC2020023,城西小学停车场,新昌县,315,103,2023-11-15 12:34:55
XC2020007,鼓山公园停车场,新昌县,998,151,2023-11-15 12:34:54
XC2020022,大佛寺文化旅游区停车场,新昌县,290,118,2023-11-15 12:34:34
XC2020003,服务大楼停车场,新昌县,200,135,2023-11-15 12:34:33
XC2020002,演溪路停车场,新昌县,70,47,2023-11-15 12:34:18
XC2020005,智慧家园停车场,新昌县,500,499,2023-11-15 12:29:58
XC2020023,城西小学停车场,新昌县,315,105,2023-11-15 12:29:55
XC2020007,鼓山公园停车场,新昌县,998,145,2023-11-15 12:29:54
XC2020022,大佛寺文化旅游区停车场,新昌县,290,116,2023-11-15 12:29:34
XC2020003,服务大楼停车场,新昌县,200,135,2023-11-15 12:29:33
XC2020002,演溪路停车场,新昌县,70,45,2023-11-15 12:29:18
XC2020005,智慧家园停车场,新昌县,500,499,2023-11-15 12:24:58
XC2020023,城西小学停车场,新昌县,315,104,2023-11-15 12:24:55
XC2020007,鼓山公园停车场,新昌县,998,141,2023-11-15 12:24:54
XC2020022,大佛寺文化旅游区停车场,新昌县,290,115,2023-11-15 12:24:34
XC2020003,服务大楼停车场,新昌县,200,134,2023-11-15 12:24:33
XC2020002,演溪路停车场,新昌县,70,46,2023-11-15 12:24:18
XC2020005,智慧家园停车场,新昌县,500,499,2023-11-15 12:19:58
XC2020023,城西小学停车场,新昌县,315,106,2023-11-15 12:19:55
XC2020007,鼓山公园停车场,新昌县,998,140,2023-11-15 12:19:54
XC2020022,大佛寺文化旅游区停车场,新昌县,290,115,2023-11-15 12:19:34
XC2020003,服务大楼停车场,新昌县,200,124,2023-11-15 12:19:33
XC2020002,演溪路停车场,新昌县,70,46,2023-11-15 12:19:18
XC2020005,智慧家园停车场,新昌县,500,499,2023-11-15 12:14:58
XC2020023,城西小学停车场,新昌县,315,107,2023-11-15 12:14:55
XC2020007,鼓山公园停车场,新昌县,998,143,2023-11-15 12:14:54
XC2020022,大佛寺文化旅游区停车场,新昌县,290,115,2023-11-15 12:14:34
XC2020003,服务大楼停车场,新昌县,200,119,2023-11-15 12:14:33
XC2020002,演溪路停车场,新昌县,70,45,2023-11-15 12:14:18
XC2020005,智慧家园停车场,新昌县,500,499,2023-11-15 12:09:58
XC2020023,城西小学停车场,新昌县,315,108,2023-11-15 12:09:55
XC2020007,鼓山公园停车场,新昌县,998,143,2023-11-15 12:09:54
XC2020022,大佛寺文化旅游区停车场,新昌县,290,120,2023-11-15 12:09:34
XC2020003,服务大楼停车场,新昌县,200,111,2023-11-15 12:09:33
XC2020002,演溪路停车场,新昌县,70,45,2023-11-15 12:09:18
XC2020005,智慧家园停车场,新昌县,500,499,2023-11-15 12:04:58
XC2020023,城西小学停车场,新昌县,315,109,2023-11-15 12:04:55
XC2020007,鼓山公园停车场,新昌县,998,142,2023-11-15 12:04:54
XC2020022,大佛寺文化旅游区停车场,新昌县,290,120,2023-11-15 12:04:34
XC2020003,服务大楼停车场,新昌县,200,97,2023-11-15 12:04:33
XC2020002,演溪路停车场,新昌县,70,48,2023-11-15 12:04:18
XC2020005,智慧家园停车场,新昌县,500,500,2023-11-15 11:59:58
XC2020023,城西小学停车场,新昌县,315,109,2023-11-15 11:59:55
XC2020007,鼓山公园停车场,新昌县,998,140,2023-11-15 11:59:54
XC2020022,大佛寺文化旅游区停车场,新昌县,290,117,2023-11-15 11:59:34
XC2020003,服务大楼停车场,新昌县,200,83,2023-11-15 11:59:33
XC2020002,演溪路停车场,新昌县,70,48,2023-11-15 11:59:18
XC2020005,智慧家园停车场,新昌县,500,500,2023-11-15 11:54:58
XC2020023,城西小学停车场,新昌县,315,112,2023-11-15 11:54:55
XC2020007,鼓山公园停车场,新昌县,998,145,2023-11-15 11:54:54
XC2020022,大佛寺文化旅游区停车场,新昌县,290,115,2023-11-15 11:54:34
XC2020003,服务大楼停车场,新昌县,200,77,2023-11-15 11:54:33
XC2020002,演溪路停车场,新昌县,70,49,2023-11-15 11:54:18
XC2020005,智慧家园停车场,新昌县,500,500,2023-11-15 11:49:58
XC2020023,城西小学停车场,新昌县,315,113,2023-11-15 11:49:55
XC2020007,鼓山公园停车场,新昌县,998,146,2023-11-15 11:49:54
XC2020022,大佛寺文化旅游区停车场,新昌县,290,117,2023-11-15 11:49:34
XC2020003,服务大楼停车场,新昌县,200,77,2023-11-15 11:49:33
XC2020002,演溪路停车场,新昌县,70,50,2023-11-15 11:49:18
XC2020005,智慧家园停车场,新昌县,500,500,2023-11-15 11:44:58
XC2020023,城西小学停车场,新昌县,315,114,2023-11-15 11:44:55
XC2020007,鼓山公园停车场,新昌县,998,159,2023-11-15 11:44:54
XC2020022,大佛寺文化旅游区停车场,新昌县,290,115,2023-11-15 11:44:34
XC2020003,服务大楼停车场,新昌县,200,71,2023-11-15 11:44:33
XC2020002,演溪路停车场,新昌县,70,56,2023-11-15 11:44:18
XC2020005,智慧家园停车场,新昌县,500,500,2023-11-15 11:39:58
XC2020023,城西小学停车场,新昌县,315,113,2023-11-15 11:39:55
XC2020007,鼓山公园停车场,新昌县,998,161,2023-11-15 11:39:54
XC2020022,大佛寺文化旅游区停车场,新昌县,290,110,2023-11-15 11:39:34
XC2020003,服务大楼停车场,新昌县,200,70,2023-11-15 11:39:33
XC2020002,演溪路停车场,新昌县,70,52,2023-11-15 11:39:18
XC2020005,智慧家园停车场,新昌县,500,500,2023-11-15 11:34:58
XC2020023,城西小学停车场,新昌县,315,113,2023-11-15 11:34:55
XC2020007,鼓山公园停车场,新昌县,998,162,2023-11-15 11:34:54
XC2020022,大佛寺文化旅游区停车场,新昌县,290,107,2023-11-15 11:34:34
XC2020003,服务大楼停车场,新昌县,200,66,2023-11-15 11:34:33
XC2020002,演溪路停车场,新昌县,70,53,2023-11-15 11:34:18
XC2020005,智慧家园停车场,新昌县,500,500,2023-11-15 11:29:58
XC2020023,城西小学停车场,新昌县,315,114,2023-11-15 11:29:55
XC2020007,鼓山公园停车场,新昌县,998,167,2023-11-15 11:29:54
XC2020022,大佛寺文化旅游区停车场,新昌县,290,103,2023-11-15 11:29:34
XC2020003,服务大楼停车场,新昌县,200,61,2023-11-15 11:29:33
XC2020002,演溪路停车场,新昌县,70,52,2023-11-15 11:29:18
XC2020005,智慧家园停车场,新昌县,500,499,2023-11-15 11:24:58
XC2020023,城西小学停车场,新昌县,315,116,2023-11-15 11:24:55
XC2020007,鼓山公园停车场,新昌县,998,165,2023-11-15 11:24:54
XC2020022,大佛寺文化旅游区停车场,新昌县,290,109,2023-11-15 11:24:34
XC2020003,服务大楼停车场,新昌县,200,53,2023-11-15 11:24:33
XC2020002,演溪路停车场,新昌县,70,53,2023-11-15 11:24:18
XC2020005,智慧家园停车场,新昌县,500,499,2023-11-15 11:19:58
XC2020023,城西小学停车场,新昌县,315,116,2023-11-15 11:19:55
XC2020007,鼓山公园停车场,新昌县,998,161,2023-11-15 11:19:54
XC2020022,大佛寺文化旅游区停车场,新昌县,290,111,2023-11-15 11:19:34
XC2020003,服务大楼停车场,新昌县,200,54,2023-11-15 11:19:33
XC2020002,演溪路停车场,新昌县,70,55,2023-11-15 11:19:18
XC2020005,智慧家园停车场,新昌县,500,499,2023-11-15 11:14:58
XC2020023,城西小学停车场,新昌县,315,114,2023-11-15 11:14:55
XC2020007,鼓山公园停车场,新昌县,998,155,2023-11-15 11:14:54
XC2020022,大佛寺文化旅游区停车场,新昌县,290,109,2023-11-15 11:14:34
XC2020003,服务大楼停车场,新昌县,200,48,2023-11-15 11:14:33
XC2020002,演溪路停车场,新昌县,70,56,2023-11-15 11:14:18
XC2020005,智慧家园停车场,新昌县,500,498,2023-11-15 11:09:58
XC2020023,城西小学停车场,新昌县,315,115,2023-11-15 11:09:55
XC2020007,鼓山公园停车场,新昌县,998,149,2023-11-15 11:09:54
XC2020022,大佛寺文化旅游区停车场,新昌县,290,111,2023-11-15 11:09:34
XC2020003,服务大楼停车场,新昌县,200,44,2023-11-15 11:09:33
XC2020002,演溪路停车场,新昌县,70,58,2023-11-15 11:09:18
XC2020005,智慧家园停车场,新昌县,500,498,2023-11-15 11:04:58
XC2020023,城西小学停车场,新昌县,315,117,2023-11-15 11:04:55
XC2020007,鼓山公园停车场,新昌县,998,138,2023-11-15 11:04:54
XC2020022,大佛寺文化旅游区停车场,新昌县,290,105,2023-11-15 11:04:34
XC2020003,服务大楼停车场,新昌县,200,31,2023-11-15 11:04:33
XC2020002,演溪路停车场,新昌县,70,59,2023-11-15 11:04:18
XC2020005,智慧家园停车场,新昌县,500,499,2023-11-15 10:59:58
XC2020023,城西小学停车场,新昌县,315,116,2023-11-15 10:59:55
XC2020007,鼓山公园停车场,新昌县,998,127,2023-11-15 10:59:54
XC2020022,大佛寺文化旅游区停车场,新昌县,290,107,2023-11-15 10:59:34
XC2020003,服务大楼停车场,新昌县,200,17,2023-11-15 10:59:33
XC2020002,演溪路停车场,新昌县,70,58,2023-11-15 10:59:18
XC2020005,智慧家园停车场,新昌县,500,499,2023-11-15 10:54:58
XC2020023,城西小学停车场,新昌县,315,116,2023-11-15 10:54:55
XC2020007,鼓山公园停车场,新昌县,998,127,2023-11-15 10:54:54
XC2020022,大佛寺文化旅游区停车场,新昌县,290,106,2023-11-15 10:54:34
XC2020003,服务大楼停车场,新昌县,200,12,2023-11-15 10:54:33
XC2020002,演溪路停车场,新昌县,70,58,2023-11-15 10:54:18
XC2020005,智慧家园停车场,新昌县,500,499,2023-11-15 10:49:58
XC2020023,城西小学停车场,新昌县,315,115,2023-11-15 10:49:55
XC2020007,鼓山公园停车场,新昌县,998,114,2023-11-15 10:49:54
XC2020022,大佛寺文化旅游区停车场,新昌县,290,108,2023-11-15 10:49:34
XC2020003,服务大楼停车场,新昌县,200,8,2023-11-15 10:49:33
XC2020002,演溪路停车场,新昌县,70,58,2023-11-15 10:49:18
XC2020005,智慧家园停车场,新昌县,500,500,2023-11-15 10:44:58
XC2020023,城西小学停车场,新昌县,315,114,2023-11-15 10:44:55
XC2020007,鼓山公园停车场,新昌县,998,120,2023-11-15 10:44:54
XC2020022,大佛寺文化旅游区停车场,新昌县,290,108,2023-11-15 10:44:34
XC2020003,服务大楼停车场,新昌县,200,13,2023-11-15 10:44:33
XC2020002,演溪路停车场,新昌县,70,57,2023-11-15 10:44:18
XC2020005,智慧家园停车场,新昌县,500,500,2023-11-15 10:39:58
XC2020023,城西小学停车场,新昌县,315,111,2023-11-15 10:39:55
XC2020007,鼓山公园停车场,新昌县,998,119,2023-11-15 10:39:54
XC2020022,大佛寺文化旅游区停车场,新昌县,290,110,2023-11-15 10:39:34
XC2020003,服务大楼停车场,新昌县,200,8,2023-11-15 10:39:33
XC2020002,演溪路停车场,新昌县,70,57,2023-11-15 10:39:18
XC2020005,智慧家园停车场,新昌县,500,500,2023-11-15 10:34:58
XC2020023,城西小学停车场,新昌县,315,108,2023-11-15 10:34:55
XC2020007,鼓山公园停车场,新昌县,998,124,2023-11-15 10:34:54
XC2020022,大佛寺文化旅游区停车场,新昌县,290,113,2023-11-15 10:34:34
XC2020003,服务大楼停车场,新昌县,200,6,2023-11-15 10:34:33
XC2020002,演溪路停车场,新昌县,70,57,2023-11-15 10:34:18
XC2020005,智慧家园停车场,新昌县,500,500,2023-11-15 10:29:58
XC2020023,城西小学停车场,新昌县,315,106,2023-11-15 10:29:55
XC2020007,鼓山公园停车场,新昌县,998,130,2023-11-15 10:29:54
XC2020022,大佛寺文化旅游区停车场,新昌县,290,116,2023-11-15 10:29:34
XC2020003,服务大楼停车场,新昌县,200,11,2023-11-15 10:29:33
XC2020002,演溪路停车场,新昌县,70,59,2023-11-15 10:29:18
XC2020005,智慧家园停车场,新昌县,500,499,2023-11-15 10:24:58
XC2020023,城西小学停车场,新昌县,315,106,2023-11-15 10:24:55
XC2020007,鼓山公园停车场,新昌县,998,130,2023-11-15 10:24:54
XC2020022,大佛寺文化旅游区停车场,新昌县,290,118,2023-11-15 10:24:34
XC2020003,服务大楼停车场,新昌县,200,11,2023-11-15 10:24:33
XC2020002,演溪路停车场,新昌县,70,61,2023-11-15 10:24:18
XC2020005,智慧家园停车场,新昌县,500,499,2023-11-15 10:19:58
XC2020023,城西小学停车场,新昌县,315,107,2023-11-15 10:19:55
XC2020007,鼓山公园停车场,新昌县,998,131,2023-11-15 10:19:54
XC2020022,大佛寺文化旅游区停车场,新昌县,290,123,2023-11-15 10:19:34
XC2020003,服务大楼停车场,新昌县,200,10,2023-11-15 10:19:33
XC2020002,演溪路停车场,新昌县,70,61,2023-11-15 10:19:18
XC2020005,智慧家园停车场,新昌县,500,500,2023-11-15 10:14:58
XC2020023,城西小学停车场,新昌县,315,105,2023-11-15 10:14:55
XC2020007,鼓山公园停车场,新昌县,998,132,2023-11-15 10:14:54
XC2020022,大佛寺文化旅游区停车场,新昌县,290,122,2023-11-15 10:14:34
XC2020003,服务大楼停车场,新昌县,200,8,2023-11-15 10:14:33
XC2020002,演溪路停车场,新昌县,70,62,2023-11-15 10:14:18
XC2020005,智慧家园停车场,新昌县,500,500,2023-11-15 10:09:58
XC2020023,城西小学停车场,新昌县,315,106,2023-11-15 10:09:55
XC2020007,鼓山公园停车场,新昌县,998,137,2023-11-15 10:09:54
XC2020022,大佛寺文化旅游区停车场,新昌县,290,125,2023-11-15 10:09:34
XC2020003,服务大楼停车场,新昌县,200,8,2023-11-15 10:09:33
XC2020002,演溪路停车场,新昌县,70,62,2023-11-15 10:09:18
XC2020005,智慧家园停车场,新昌县,500,500,2023-11-15 10:04:58
XC2020023,城西小学停车场,新昌县,315,107,2023-11-15 10:04:55
XC2020007,鼓山公园停车场,新昌县,998,136,2023-11-15 10:04:54
XC2020022,大佛寺文化旅游区停车场,新昌县,290,133,2023-11-15 10:04:34
XC2020003,服务大楼停车场,新昌县,200,2,2023-11-15 10:04:33
XC2020002,演溪路停车场,新昌县,70,62,2023-11-15 10:04:18
XC2020005,智慧家园停车场,新昌县,500,500,2023-11-15 09:59:58
XC2020023,城西小学停车场,新昌县,315,107,2023-11-15 09:59:55
XC2020007,鼓山公园停车场,新昌县,998,133,2023-11-15 09:59:54
XC2020022,大佛寺文化旅游区停车场,新昌县,290,133,2023-11-15 09:59:34
XC2020003,服务大楼停车场,新昌县,200,5,2023-11-15 09:59:33
XC2020002,演溪路停车场,新昌县,70,61,2023-11-15 09:59:18
XC2020005,智慧家园停车场,新昌县,500,500,2023-11-15 09:54:58
XC2020023,城西小学停车场,新昌县,315,108,2023-11-15 09:54:55
XC2020007,鼓山公园停车场,新昌县,998,137,2023-11-15 09:54:54
XC2020022,大佛寺文化旅游区停车场,新昌县,290,140,2023-11-15 09:54:34
XC2020003,服务大楼停车场,新昌县,200,7,2023-11-15 09:54:33
XC2020002,演溪路停车场,新昌县,70,64,2023-11-15 09:54:18
XC2020005,智慧家园停车场,新昌县,500,500,2023-11-15 09:49:58
XC2020023,城西小学停车场,新昌县,315,108,2023-11-15 09:49:55
XC2020007,鼓山公园停车场,新昌县,998,138,2023-11-15 09:49:54
XC2020022,大佛寺文化旅游区停车场,新昌县,290,142,2023-11-15 09:49:34
XC2020003,服务大楼停车场,新昌县,200,7,2023-11-15 09:49:33
XC2020002,演溪路停车场,新昌县,70,65,2023-11-15 09:49:18
XC2020005,智慧家园停车场,新昌县,500,500,2023-11-15 09:44:58
XC2020023,城西小学停车场,新昌县,315,109,2023-11-15 09:44:55
XC2020007,鼓山公园停车场,新昌县,998,145,2023-11-15 09:44:54
XC2020022,大佛寺文化旅游区停车场,新昌县,290,143,2023-11-15 09:44:34
XC2020003,服务大楼停车场,新昌县,200,0,2023-11-15 09:44:33
XC2020002,演溪路停车场,新昌县,70,61,2023-11-15 09:44:18
XC2020005,智慧家园停车场,新昌县,500,500,2023-11-15 09:39:58
XC2020023,城西小学停车场,新昌县,315,110,2023-11-15 09:39:55
XC2020007,鼓山公园停车场,新昌县,998,143,2023-11-15 09:39:54
XC2020022,大佛寺文化旅游区停车场,新昌县,290,143,2023-11-15 09:39:34
XC2020003,服务大楼停车场,新昌县,200,1,2023-11-15 09:39:33
XC2020002,演溪路停车场,新昌县,70,62,2023-11-15 09:39:18
XC2020005,智慧家园停车场,新昌县,500,500,2023-11-15 09:34:58
XC2020023,城西小学停车场,新昌县,315,111,2023-11-15 09:34:55
XC2020007,鼓山公园停车场,新昌县,998,141,2023-11-15 09:34:54
XC2020022,大佛寺文化旅游区停车场,新昌县,290,145,2023-11-15 09:34:34
XC2020003,服务大楼停车场,新昌县,200,3,2023-11-15 09:34:33
XC2020002,演溪路停车场,新昌县,70,62,2023-11-15 09:34:18
XC2020005,智慧家园停车场,新昌县,500,500,2023-11-15 09:29:58
XC2020023,城西小学停车场,新昌县,315,108,2023-11-15 09:29:55
XC2020007,鼓山公园停车场,新昌县,998,142,2023-11-15 09:29:54
XC2020022,大佛寺文化旅游区停车场,新昌县,290,144,2023-11-15 09:29:34
XC2020003,服务大楼停车场,新昌县,200,9,2023-11-15 09:29:33
XC2020002,演溪路停车场,新昌县,70,61,2023-11-15 09:29:18
XC2020005,智慧家园停车场,新昌县,500,498,2023-11-15 09:24:58
XC2020023,城西小学停车场,新昌县,315,111,2023-11-15 09:24:55
XC2020007,鼓山公园停车场,新昌县,998,144,2023-11-15 09:24:54
XC2020022,大佛寺文化旅游区停车场,新昌县,290,144,2023-11-15 09:24:34
XC2020003,服务大楼停车场,新昌县,200,4,2023-11-15 09:24:33
XC2020002,演溪路停车场,新昌县,70,62,2023-11-15 09:24:18
XC2020005,智慧家园停车场,新昌县,500,498,2023-11-15 09:19:58
XC2020023,城西小学停车场,新昌县,315,110,2023-11-15 09:19:55
XC2020007,鼓山公园停车场,新昌县,998,149,2023-11-15 09:19:54
XC2020022,大佛寺文化旅游区停车场,新昌县,290,145,2023-11-15 09:19:34
XC2020003,服务大楼停车场,新昌县,200,1,2023-11-15 09:19:33
XC2020002,演溪路停车场,新昌县,70,63,2023-11-15 09:19:18
XC2020005,智慧家园停车场,新昌县,500,497,2023-11-15 09:14:58
XC2020023,城西小学停车场,新昌县,315,110,2023-11-15 09:14:55
XC2020007,鼓山公园停车场,新昌县,998,146,2023-11-15 09:14:54
XC2020022,大佛寺文化旅游区停车场,新昌县,290,147,2023-11-15 09:14:34
XC2020003,服务大楼停车场,新昌县,200,2,2023-11-15 09:14:33
XC2020002,演溪路停车场,新昌县,70,62,2023-11-15 09:14:18
XC2020005,智慧家园停车场,新昌县,500,497,2023-11-15 09:09:58
XC2020023,城西小学停车场,新昌县,315,107,2023-11-15 09:09:55
XC2020007,鼓山公园停车场,新昌县,998,151,2023-11-15 09:09:54
XC2020022,大佛寺文化旅游区停车场,新昌县,290,147,2023-11-15 09:09:34
XC2020003,服务大楼停车场,新昌县,200,4,2023-11-15 09:09:33
XC2020002,演溪路停车场,新昌县,70,66,2023-11-15 09:09:18
XC2020005,智慧家园停车场,新昌县,500,497,2023-11-15 09:04:58
XC2020023,城西小学停车场,新昌县,315,109,2023-11-15 09:04:55
XC2020007,鼓山公园停车场,新昌县,998,152,2023-11-15 09:04:54
XC2020022,大佛寺文化旅游区停车场,新昌县,290,149,2023-11-15 09:04:34
XC2020003,服务大楼停车场,新昌县,200,5,2023-11-15 09:04:33
XC2020002,演溪路停车场,新昌县,70,65,2023-11-15 09:04:18
XC2020005,智慧家园停车场,新昌县,500,495,2023-11-15 08:59:58
XC2020023,城西小学停车场,新昌县,315,109,2023-11-15 08:59:55
XC2020007,鼓山公园停车场,新昌县,998,156,2023-11-15 08:59:54
XC2020022,大佛寺文化旅游区停车场,新昌县,290,151,2023-11-15 08:59:34
XC2020003,服务大楼停车场,新昌县,200,3,2023-11-15 08:59:33
XC2020002,演溪路停车场,新昌县,70,64,2023-11-15 08:59:18
XC2020005,智慧家园停车场,新昌县,500,495,2023-11-15 08:54:58
XC2020023,城西小学停车场,新昌县,315,106,2023-11-15 08:54:55
XC2020007,鼓山公园停车场,新昌县,998,159,2023-11-15 08:54:54
XC2020022,大佛寺文化旅游区停车场,新昌县,290,148,2023-11-15 08:54:34
XC2020003,服务大楼停车场,新昌县,200,2,2023-11-15 08:54:33
XC2020002,演溪路停车场,新昌县,70,61,2023-11-15 08:54:18
XC2020005,智慧家园停车场,新昌县,500,494,2023-11-15 08:49:58
XC2020023,城西小学停车场,新昌县,315,106,2023-11-15 08:49:55
XC2020007,鼓山公园停车场,新昌县,998,160,2023-11-15 08:49:54
XC2020022,大佛寺文化旅游区停车场,新昌县,290,148,2023-11-15 08:49:34
XC2020003,服务大楼停车场,新昌县,200,1,2023-11-15 08:49:33
XC2020002,演溪路停车场,新昌县,70,62,2023-11-15 08:49:18
XC2020005,智慧家园停车场,新昌县,500,493,2023-11-15 08:44:58
XC2020023,城西小学停车场,新昌县,315,104,2023-11-15 08:44:55
XC2020007,鼓山公园停车场,新昌县,998,154,2023-11-15 08:44:54
XC2020022,大佛寺文化旅游区停车场,新昌县,290,151,2023-11-15 08:44:34
XC2020003,服务大楼停车场,新昌县,200,1,2023-11-15 08:44:33
XC2020002,演溪路停车场,新昌县,70,64,2023-11-15 08:44:18
XC2020005,智慧家园停车场,新昌县,500,492,2023-11-15 08:39:58
XC2020023,城西小学停车场,新昌县,315,105,2023-11-15 08:39:55
XC2020007,鼓山公园停车场,新昌县,998,154,2023-11-15 08:39:54
XC2020022,大佛寺文化旅游区停车场,新昌县,290,152,2023-11-15 08:39:34
XC2020003,服务大楼停车场,新昌县,200,1,2023-11-15 08:39:33
XC2020002,演溪路停车场,新昌县,70,65,2023-11-15 08:39:18
XC2020005,智慧家园停车场,新昌县,500,493,2023-11-15 08:34:58
XC2020023,城西小学停车场,新昌县,315,101,2023-11-15 08:34:55
XC2020007,鼓山公园停车场,新昌县,998,157,2023-11-15 08:34:54
XC2020022,大佛寺文化旅游区停车场,新昌县,290,153,2023-11-15 08:34:34
XC2020003,服务大楼停车场,新昌县,200,0,2023-11-15 08:34:33
XC2020002,演溪路停车场,新昌县,70,64,2023-11-15 08:34:18
XC2020005,智慧家园停车场,新昌县,500,493,2023-11-15 08:29:58
XC2020023,城西小学停车场,新昌县,315,100,2023-11-15 08:29:55
XC2020007,鼓山公园停车场,新昌县,998,164,2023-11-15 08:29:54
XC2020022,大佛寺文化旅游区停车场,新昌县,290,156,2023-11-15 08:29:34
XC2020003,服务大楼停车场,新昌县,200,8,2023-11-15 08:29:33
XC2020002,演溪路停车场,新昌县,70,62,2023-11-15 08:29:18
XC2020005,智慧家园停车场,新昌县,500,492,2023-11-15 08:24:58
XC2020023,城西小学停车场,新昌县,315,98,2023-11-15 08:24:55
XC2020007,鼓山公园停车场,新昌县,998,168,2023-11-15 08:24:54
XC2020022,大佛寺文化旅游区停车场,新昌县,290,159,2023-11-15 08:24:34
XC2020003,服务大楼停车场,新昌县,200,25,2023-11-15 08:24:33
XC2020002,演溪路停车场,新昌县,70,64,2023-11-15 08:24:18
XC2020005,智慧家园停车场,新昌县,500,495,2023-11-15 08:19:58
XC2020023,城西小学停车场,新昌县,315,96,2023-11-15 08:19:55
XC2020007,鼓山公园停车场,新昌县,998,180,2023-11-15 08:19:54
XC2020022,大佛寺文化旅游区停车场,新昌县,290,164,2023-11-15 08:19:34
XC2020003,服务大楼停车场,新昌县,200,48,2023-11-15 08:19:33
XC2020002,演溪路停车场,新昌县,70,62,2023-11-15 08:19:18
XC2020005,智慧家园停车场,新昌县,500,498,2023-11-15 08:14:58
XC2020023,城西小学停车场,新昌县,315,88,2023-11-15 08:14:55
XC2020007,鼓山公园停车场,新昌县,998,185,2023-11-15 08:14:54
XC2020022,大佛寺文化旅游区停车场,新昌县,290,165,2023-11-15 08:14:34
XC2020003,服务大楼停车场,新昌县,200,71,2023-11-15 08:14:33
XC2020002,演溪路停车场,新昌县,70,61,2023-11-15 08:14:18
XC2020005,智慧家园停车场,新昌县,500,497,2023-11-15 08:09:58
XC2020023,城西小学停车场,新昌县,315,74,2023-11-15 08:09:55
XC2020007,鼓山公园停车场,新昌县,998,180,2023-11-15 08:09:54
XC2020022,大佛寺文化旅游区停车场,新昌县,290,167,2023-11-15 08:09:34
XC2020003,服务大楼停车场,新昌县,200,81,2023-11-15 08:09:33
XC2020002,演溪路停车场,新昌县,70,59,2023-11-15 08:09:18
XC2020005,智慧家园停车场,新昌县,500,498,2023-11-15 08:04:58
XC2020023,城西小学停车场,新昌县,315,39,2023-11-15 08:04:55
XC2020007,鼓山公园停车场,新昌县,998,172,2023-11-15 08:04:54
XC2020022,大佛寺文化旅游区停车场,新昌县,290,170,2023-11-15 08:04:34
XC2020003,服务大楼停车场,新昌县,200,98,2023-11-15 08:04:33
XC2020002,演溪路停车场,新昌县,70,58,2023-11-15 08:04:18
XC2020005,智慧家园停车场,新昌县,500,498,2023-11-15 07:59:58
XC2020023,城西小学停车场,新昌县,315,31,2023-11-15 07:59:55
XC2020007,鼓山公园停车场,新昌县,998,173,2023-11-15 07:59:54
XC2020022,大佛寺文化旅游区停车场,新昌县,290,170,2023-11-15 07:59:34
XC2020003,服务大楼停车场,新昌县,200,109,2023-11-15 07:59:33
XC2020002,演溪路停车场,新昌县,70,58,2023-11-15 07:59:18
XC2020005,智慧家园停车场,新昌县,500,500,2023-11-15 07:54:58
XC2020023,城西小学停车场,新昌县,315,41,2023-11-15 07:54:55
XC2020007,鼓山公园停车场,新昌县,998,177,2023-11-15 07:54:54
XC2020022,大佛寺文化旅游区停车场,新昌县,290,172,2023-11-15 07:54:34
XC2020003,服务大楼停车场,新昌县,200,115,2023-11-15 07:54:33
XC2020002,演溪路停车场,新昌县,70,56,2023-11-15 07:54:18
XC2020005,智慧家园停车场,新昌县,500,499,2023-11-15 07:49:58
XC2020023,城西小学停车场,新昌县,315,65,2023-11-15 07:49:55
XC2020007,鼓山公园停车场,新昌县,998,193,2023-11-15 07:49:54
XC2020022,大佛寺文化旅游区停车场,新昌县,290,168,2023-11-15 07:49:34
XC2020003,服务大楼停车场,新昌县,200,122,2023-11-15 07:49:33
XC2020002,演溪路停车场,新昌县,70,53,2023-11-15 07:49:18
XC2020005,智慧家园停车场,新昌县,500,499,2023-11-15 07:44:58
XC2020023,城西小学停车场,新昌县,315,78,2023-11-15 07:44:55
XC2020007,鼓山公园停车场,新昌县,998,196,2023-11-15 07:44:54
XC2020022,大佛寺文化旅游区停车场,新昌县,290,166,2023-11-15 07:44:34
XC2020003,服务大楼停车场,新昌县,200,121,2023-11-15 07:44:33
XC2020002,演溪路停车场,新昌县,70,52,2023-11-15 07:44:18
XC2020005,智慧家园停车场,新昌县,500,500,2023-11-15 07:39:58
XC2020023,城西小学停车场,新昌县,315,95,2023-11-15 07:39:55
XC2020007,鼓山公园停车场,新昌县,998,199,2023-11-15 07:39:54
XC2020022,大佛寺文化旅游区停车场,新昌县,290,170,2023-11-15 07:39:34
XC2020003,服务大楼停车场,新昌县,200,126,2023-11-15 07:39:33
XC2020002,演溪路停车场,新昌县,70,52,2023-11-15 07:39:18
XC2020005,智慧家园停车场,新昌县,500,500,2023-11-15 07:34:58
XC2020023,城西小学停车场,新昌县,315,115,2023-11-15 07:34:55
XC2020007,鼓山公园停车场,新昌县,998,214,2023-11-15 07:34:54
XC2020022,大佛寺文化旅游区停车场,新昌县,290,170,2023-11-15 07:34:34
XC2020003,服务大楼停车场,新昌县,200,127,2023-11-15 07:34:33
XC2020002,演溪路停车场,新昌县,70,50,2023-11-15 07:34:18
XC2020005,智慧家园停车场,新昌县,500,499,2023-11-15 07:29:58
XC2020023,城西小学停车场,新昌县,315,129,2023-11-15 07:29:55
XC2020007,鼓山公园停车场,新昌县,998,224,2023-11-15 07:29:54
XC2020022,大佛寺文化旅游区停车场,新昌县,290,171,2023-11-15 07:29:34
XC2020003,服务大楼停车场,新昌县,200,130,2023-11-15 07:29:33
XC2020002,演溪路停车场,新昌县,70,50,2023-11-15 07:29:18
XC2020005,智慧家园停车场,新昌县,500,495,2023-11-15 07:24:58
XC2020023,城西小学停车场,新昌县,315,131,2023-11-15 07:24:55
XC2020007,鼓山公园停车场,新昌县,998,228,2023-11-15 07:24:54
XC2020022,大佛寺文化旅游区停车场,新昌县,290,172,2023-11-15 07:24:34
XC2020003,服务大楼停车场,新昌县,200,129,2023-11-15 07:24:33
XC2020002,演溪路停车场,新昌县,70,47,2023-11-15 07:24:18
XC2020005,智慧家园停车场,新昌县,500,494,2023-11-15 07:19:58
XC2020023,城西小学停车场,新昌县,315,132,2023-11-15 07:19:55
XC2020007,鼓山公园停车场,新昌县,998,229,2023-11-15 07:19:54
XC2020022,大佛寺文化旅游区停车场,新昌县,290,171,2023-11-15 07:19:34
XC2020003,服务大楼停车场,新昌县,200,129,2023-11-15 07:19:33
XC2020002,演溪路停车场,新昌县,70,47,2023-11-15 07:19:18
XC2020005,智慧家园停车场,新昌县,500,491,2023-11-15 07:14:58
XC2020023,城西小学停车场,新昌县,315,132,2023-11-15 07:14:55
XC2020007,鼓山公园停车场,新昌县,998,230,2023-11-15 07:14:54
XC2020022,大佛寺文化旅游区停车场,新昌县,290,172,2023-11-15 07:14:34
XC2020003,服务大楼停车场,新昌县,200,128,2023-11-15 07:14:33
XC2020002,演溪路停车场,新昌县,70,47,2023-11-15 07:14:18
XC2020005,智慧家园停车场,新昌县,500,488,2023-11-15 07:09:58
XC2020023,城西小学停车场,新昌县,315,130,2023-11-15 07:09:55
XC2020007,鼓山公园停车场,新昌县,998,229,2023-11-15 07:09:54
XC2020022,大佛寺文化旅游区停车场,新昌县,290,173,2023-11-15 07:09:34
XC2020003,服务大楼停车场,新昌县,200,126,2023-11-15 07:09:33
XC2020002,演溪路停车场,新昌县,70,46,2023-11-15 07:09:18
XC2020005,智慧家园停车场,新昌县,500,486,2023-11-15 07:04:58
XC2020023,城西小学停车场,新昌县,315,132,2023-11-15 07:04:55
XC2020007,鼓山公园停车场,新昌县,998,231,2023-11-15 07:04:54
XC2020022,大佛寺文化旅游区停车场,新昌县,290,174,2023-11-15 07:04:34
XC2020003,服务大楼停车场,新昌县,200,126,2023-11-15 07:04:33
XC2020002,演溪路停车场,新昌县,70,44,2023-11-15 07:04:18
XC2020005,智慧家园停车场,新昌县,500,486,2023-11-15 06:59:58
XC2020023,城西小学停车场,新昌县,315,131,2023-11-15 06:59:55
XC2020007,鼓山公园停车场,新昌县,998,235,2023-11-15 06:59:54
XC2020022,大佛寺文化旅游区停车场,新昌县,290,174,2023-11-15 06:59:34
XC2020003,服务大楼停车场,新昌县,200,120,2023-11-15 06:59:33
XC2020002,演溪路停车场,新昌县,70,45,2023-11-15 06:59:18
XC2020005,智慧家园停车场,新昌县,500,486,2023-11-15 06:54:58
XC2020023,城西小学停车场,新昌县,315,132,2023-11-15 06:54:55
XC2020007,鼓山公园停车场,新昌县,998,237,2023-11-15 06:54:54
XC2020022,大佛寺文化旅游区停车场,新昌县,290,175,2023-11-15 06:54:34
XC2020003,服务大楼停车场,新昌县,200,119,2023-11-15 06:54:33
XC2020002,演溪路停车场,新昌县,70,46,2023-11-15 06:54:18
XC2020005,智慧家园停车场,新昌县,500,486,2023-11-15 06:49:58
XC2020023,城西小学停车场,新昌县,315,131,2023-11-15 06:49:55
XC2020007,鼓山公园停车场,新昌县,998,238,2023-11-15 06:49:54
XC2020022,大佛寺文化旅游区停车场,新昌县,290,174,2023-11-15 06:49:34
XC2020003,服务大楼停车场,新昌县,200,120,2023-11-15 06:49:33
XC2020002,演溪路停车场,新昌县,70,46,2023-11-15 06:49:18
XC2020005,智慧家园停车场,新昌县,500,486,2023-11-15 06:44:58
XC2020023,城西小学停车场,新昌县,315,131,2023-11-15 06:44:55
XC2020007,鼓山公园停车场,新昌县,998,237,2023-11-15 06:44:54
XC2020022,大佛寺文化旅游区停车场,新昌县,290,174,2023-11-15 06:44:34
XC2020003,服务大楼停车场,新昌县,200,120,2023-11-15 06:44:33
XC2020002,演溪路停车场,新昌县,70,46,2023-11-15 06:44:18
XC2020005,智慧家园停车场,新昌县,500,486,2023-11-15 06:39:58
XC2020023,城西小学停车场,新昌县,315,132,2023-11-15 06:39:55
XC2020007,鼓山公园停车场,新昌县,998,238,2023-11-15 06:39:54
XC2020022,大佛寺文化旅游区停车场,新昌县,290,174,2023-11-15 06:39:34
XC2020003,服务大楼停车场,新昌县,200,120,2023-11-15 06:39:33
XC2020002,演溪路停车场,新昌县,70,46,2023-11-15 06:39:18
XC2020005,智慧家园停车场,新昌县,500,485,2023-11-15 06:34:58
XC2020023,城西小学停车场,新昌县,315,130,2023-11-15 06:34:55
XC2020007,鼓山公园停车场,新昌县,998,239,2023-11-15 06:34:54
XC2020022,大佛寺文化旅游区停车场,新昌县,290,175,2023-11-15 06:34:34
XC2020003,服务大楼停车场,新昌县,200,117,2023-11-15 06:34:33
XC2020002,演溪路停车场,新昌县,70,46,2023-11-15 06:34:18
XC2020005,智慧家园停车场,新昌县,500,485,2023-11-15 06:29:58
XC2020023,城西小学停车场,新昌县,315,130,2023-11-15 06:29:55
XC2020007,鼓山公园停车场,新昌县,998,239,2023-11-15 06:29:54
XC2020022,大佛寺文化旅游区停车场,新昌县,290,174,2023-11-15 06:29:34
XC2020003,服务大楼停车场,新昌县,200,117,2023-11-15 06:29:33
XC2020002,演溪路停车场,新昌县,70,45,2023-11-15 06:29:18
XC2020005,智慧家园停车场,新昌县,500,485,2023-11-15 06:24:58
XC2020023,城西小学停车场,新昌县,315,130,2023-11-15 06:24:55
XC2020007,鼓山公园停车场,新昌县,998,239,2023-11-15 06:24:54
XC2020022,大佛寺文化旅游区停车场,新昌县,290,176,2023-11-15 06:24:34
XC2020003,服务大楼停车场,新昌县,200,116,2023-11-15 06:24:33
XC2020002,演溪路停车场,新昌县,70,44,2023-11-15 06:24:18
XC2020005,智慧家园停车场,新昌县,500,484,2023-11-15 06:19:58
XC2020023,城西小学停车场,新昌县,315,130,2023-11-15 06:19:55
XC2020007,鼓山公园停车场,新昌县,998,238,2023-11-15 06:19:54
XC2020022,大佛寺文化旅游区停车场,新昌县,290,179,2023-11-15 06:19:34
XC2020003,服务大楼停车场,新昌县,200,117,2023-11-15 06:19:33
XC2020002,演溪路停车场,新昌县,70,44,2023-11-15 06:19:18
XC2020005,智慧家园停车场,新昌县,500,485,2023-11-15 06:14:58
XC2020023,城西小学停车场,新昌县,315,129,2023-11-15 06:14:55
XC2020007,鼓山公园停车场,新昌县,998,238,2023-11-15 06:14:54
XC2020022,大佛寺文化旅游区停车场,新昌县,290,179,2023-11-15 06:14:34
XC2020003,服务大楼停车场,新昌县,200,116,2023-11-15 06:14:33
XC2020002,演溪路停车场,新昌县,70,43,2023-11-15 06:14:18
XC2020005,智慧家园停车场,新昌县,500,484,2023-11-15 06:09:58
XC2020023,城西小学停车场,新昌县,315,129,2023-11-15 06:09:55
XC2020007,鼓山公园停车场,新昌县,998,238,2023-11-15 06:09:54
XC2020022,大佛寺文化旅游区停车场,新昌县,290,180,2023-11-15 06:09:34
XC2020003,服务大楼停车场,新昌县,200,118,2023-11-15 06:09:33
XC2020002,演溪路停车场,新昌县,70,43,2023-11-15 06:09:18
XC2020005,智慧家园停车场,新昌县,500,484,2023-11-15 06:04:58
XC2020023,城西小学停车场,新昌县,315,129,2023-11-15 06:04:55
XC2020007,鼓山公园停车场,新昌县,998,238,2023-11-15 06:04:54
XC2020022,大佛寺文化旅游区停车场,新昌县,290,180,2023-11-15 06:04:34
XC2020003,服务大楼停车场,新昌县,200,118,2023-11-15 06:04:33
XC2020002,演溪路停车场,新昌县,70,43,2023-11-15 06:04:18
XC2020005,智慧家园停车场,新昌县,500,484,2023-11-15 05:59:58
XC2020023,城西小学停车场,新昌县,315,129,2023-11-15 05:59:55
XC2020007,鼓山公园停车场,新昌县,998,238,2023-11-15 05:59:54
XC2020022,大佛寺文化旅游区停车场,新昌县,290,180,2023-11-15 05:59:34
XC2020003,服务大楼停车场,新昌县,200,118,2023-11-15 05:59:33
XC2020002,演溪路停车场,新昌县,70,43,2023-11-15 05:59:18
XC2020005,智慧家园停车场,新昌县,500,484,2023-11-15 05:54:58
XC2020023,城西小学停车场,新昌县,315,129,2023-11-15 05:54:55
XC2020007,鼓山公园停车场,新昌县,998,238,2023-11-15 05:54:54
XC2020022,大佛寺文化旅游区停车场,新昌县,290,180,2023-11-15 05:54:34
XC2020003,服务大楼停车场,新昌县,200,118,2023-11-15 05:54:33
XC2020002,演溪路停车场,新昌县,70,43,2023-11-15 05:54:18
XC2020005,智慧家园停车场,新昌县,500,484,2023-11-15 05:49:58
XC2020023,城西小学停车场,新昌县,315,129,2023-11-15 05:49:55
XC2020007,鼓山公园停车场,新昌县,998,238,2023-11-15 05:49:54
XC2020022,大佛寺文化旅游区停车场,新昌县,290,179,2023-11-15 05:49:34
XC2020003,服务大楼停车场,新昌县,200,118,2023-11-15 05:49:33
XC2020002,演溪路停车场,新昌县,70,43,2023-11-15 05:49:18
XC2020005,智慧家园停车场,新昌县,500,484,2023-11-15 05:44:58
XC2020023,城西小学停车场,新昌县,315,129,2023-11-15 05:44:55
XC2020007,鼓山公园停车场,新昌县,998,237,2023-11-15 05:44:54
XC2020022,大佛寺文化旅游区停车场,新昌县,290,180,2023-11-15 05:44:34
XC2020003,服务大楼停车场,新昌县,200,118,2023-11-15 05:44:33
XC2020002,演溪路停车场,新昌县,70,43,2023-11-15 05:44:18
XC2020005,智慧家园停车场,新昌县,500,484,2023-11-15 05:39:58
XC2020023,城西小学停车场,新昌县,315,129,2023-11-15 05:39:55
XC2020007,鼓山公园停车场,新昌县,998,237,2023-11-15 05:39:54
XC2020022,大佛寺文化旅游区停车场,新昌县,290,180,2023-11-15 05:39:34
XC2020003,服务大楼停车场,新昌县,200,118,2023-11-15 05:39:33
XC2020002,演溪路停车场,新昌县,70,43,2023-11-15 05:39:18
XC2020005,智慧家园停车场,新昌县,500,484,2023-11-15 05:34:58
XC2020023,城西小学停车场,新昌县,315,129,2023-11-15 05:34:55
XC2020007,鼓山公园停车场,新昌县,998,237,2023-11-15 05:34:54
XC2020022,大佛寺文化旅游区停车场,新昌县,290,180,2023-11-15 05:34:34
XC2020003,服务大楼停车场,新昌县,200,118,2023-11-15 05:34:33
XC2020002,演溪路停车场,新昌县,70,43,2023-11-15 05:34:18
XC2020005,智慧家园停车场,新昌县,500,484,2023-11-15 05:29:58
XC2020023,城西小学停车场,新昌县,315,128,2023-11-15 05:29:55
XC2020007,鼓山公园停车场,新昌县,998,237,2023-11-15 05:29:54
XC2020022,大佛寺文化旅游区停车场,新昌县,290,180,2023-11-15 05:29:34
XC2020003,服务大楼停车场,新昌县,200,118,2023-11-15 05:29:33
XC2020002,演溪路停车场,新昌县,70,43,2023-11-15 05:29:18
XC2020005,智慧家园停车场,新昌县,500,484,2023-11-15 05:24:58
XC2020023,城西小学停车场,新昌县,315,128,2023-11-15 05:24:55
XC2020007,鼓山公园停车场,新昌县,998,237,2023-11-15 05:24:54
XC2020022,大佛寺文化旅游区停车场,新昌县,290,180,2023-11-15 05:24:34
XC2020003,服务大楼停车场,新昌县,200,118,2023-11-15 05:24:33
XC2020002,演溪路停车场,新昌县,70,43,2023-11-15 05:24:18
XC2020005,智慧家园停车场,新昌县,500,484,2023-11-15 05:19:58
XC2020023,城西小学停车场,新昌县,315,128,2023-11-15 05:19:55
XC2020007,鼓山公园停车场,新昌县,998,237,2023-11-15 05:19:54
XC2020022,大佛寺文化旅游区停车场,新昌县,290,180,2023-11-15 05:19:34
XC2020003,服务大楼停车场,新昌县,200,118,2023-11-15 05:19:33
XC2020002,演溪路停车场,新昌县,70,43,2023-11-15 05:19:18
XC2020005,智慧家园停车场,新昌县,500,484,2023-11-15 05:14:58
XC2020023,城西小学停车场,新昌县,315,128,2023-11-15 05:14:55
XC2020007,鼓山公园停车场,新昌县,998,237,2023-11-15 05:14:54
XC2020022,大佛寺文化旅游区停车场,新昌县,290,180,2023-11-15 05:14:34
XC2020003,服务大楼停车场,新昌县,200,118,2023-11-15 05:14:33
XC2020002,演溪路停车场,新昌县,70,43,2023-11-15 05:14:18
XC2020005,智慧家园停车场,新昌县,500,484,2023-11-15 05:09:58
XC2020023,城西小学停车场,新昌县,315,128,2023-11-15 05:09:55
XC2020007,鼓山公园停车场,新昌县,998,237,2023-11-15 05:09:54
XC2020022,大佛寺文化旅游区停车场,新昌县,290,180,2023-11-15 05:09:34
XC2020003,服务大楼停车场,新昌县,200,118,2023-11-15 05:09:33
XC2020002,演溪路停车场,新昌县,70,43,2023-11-15 05:09:18
XC2020005,智慧家园停车场,新昌县,500,484,2023-11-15 05:04:58
XC2020023,城西小学停车场,新昌县,315,128,2023-11-15 05:04:55
XC2020007,鼓山公园停车场,新昌县,998,237,2023-11-15 05:04:54
XC2020022,大佛寺文化旅游区停车场,新昌县,290,180,2023-11-15 05:04:34
XC2020003,服务大楼停车场,新昌县,200,118,2023-11-15 05:04:33
XC2020002,演溪路停车场,新昌县,70,43,2023-11-15 05:04:18
XC2020005,智慧家园停车场,新昌县,500,484,2023-11-15 04:59:58
XC2020023,城西小学停车场,新昌县,315,127,2023-11-15 04:59:55
XC2020007,鼓山公园停车场,新昌县,998,237,2023-11-15 04:59:54
XC2020022,大佛寺文化旅游区停车场,新昌县,290,180,2023-11-15 04:59:34
XC2020003,服务大楼停车场,新昌县,200,118,2023-11-15 04:59:33
XC2020002,演溪路停车场,新昌县,70,43,2023-11-15 04:59:18
XC2020005,智慧家园停车场,新昌县,500,484,2023-11-15 04:54:58
XC2020023,城西小学停车场,新昌县,315,127,2023-11-15 04:54:55
XC2020007,鼓山公园停车场,新昌县,998,237,2023-11-15 04:54:54
XC2020022,大佛寺文化旅游区停车场,新昌县,290,180,2023-11-15 04:54:34
XC2020003,服务大楼停车场,新昌县,200,118,2023-11-15 04:54:33
XC2020002,演溪路停车场,新昌县,70,43,2023-11-15 04:54:18
XC2020005,智慧家园停车场,新昌县,500,484,2023-11-15 04:49:58
XC2020023,城西小学停车场,新昌县,315,128,2023-11-15 04:49:55
XC2020007,鼓山公园停车场,新昌县,998,236,2023-11-15 04:49:54
XC2020022,大佛寺文化旅游区停车场,新昌县,290,180,2023-11-15 04:49:34
XC2020003,服务大楼停车场,新昌县,200,118,2023-11-15 04:49:33
XC2020002,演溪路停车场,新昌县,70,43,2023-11-15 04:49:18
XC2020005,智慧家园停车场,新昌县,500,484,2023-11-15 04:44:58
XC2020023,城西小学停车场,新昌县,315,127,2023-11-15 04:44:55
XC2020007,鼓山公园停车场,新昌县,998,237,2023-11-15 04:44:54
XC2020022,大佛寺文化旅游区停车场,新昌县,290,180,2023-11-15 04:44:34
XC2020003,服务大楼停车场,新昌县,200,118,2023-11-15 04:44:33
XC2020002,演溪路停车场,新昌县,70,43,2023-11-15 04:44:18
XC2020005,智慧家园停车场,新昌县,500,484,2023-11-15 04:39:58
XC2020023,城西小学停车场,新昌县,315,127,2023-11-15 04:39:55
XC2020007,鼓山公园停车场,新昌县,998,237,2023-11-15 04:39:54
XC2020022,大佛寺文化旅游区停车场,新昌县,290,180,2023-11-15 04:39:34
XC2020003,服务大楼停车场,新昌县,200,118,2023-11-15 04:39:33
XC2020002,演溪路停车场,新昌县,70,43,2023-11-15 04:39:18
XC2020005,智慧家园停车场,新昌县,500,484,2023-11-15 04:34:58
XC2020023,城西小学停车场,新昌县,315,127,2023-11-15 04:34:55
XC2020007,鼓山公园停车场,新昌县,998,237,2023-11-15 04:34:54
XC2020022,大佛寺文化旅游区停车场,新昌县,290,180,2023-11-15 04:34:34
XC2020003,服务大楼停车场,新昌县,200,118,2023-11-15 04:34:33
XC2020002,演溪路停车场,新昌县,70,43,2023-11-15 04:34:18
XC2020005,智慧家园停车场,新昌县,500,484,2023-11-15 04:29:58
XC2020023,城西小学停车场,新昌县,315,127,2023-11-15 04:29:55
XC2020007,鼓山公园停车场,新昌县,998,237,2023-11-15 04:29:54
XC2020022,大佛寺文化旅游区停车场,新昌县,290,180,2023-11-15 04:29:34
XC2020003,服务大楼停车场,新昌县,200,118,2023-11-15 04:29:33
XC2020002,演溪路停车场,新昌县,70,43,2023-11-15 04:29:18
XC2020005,智慧家园停车场,新昌县,500,484,2023-11-15 04:24:58
XC2020023,城西小学停车场,新昌县,315,127,2023-11-15 04:24:55
XC2020007,鼓山公园停车场,新昌县,998,237,2023-11-15 04:24:54
XC2020022,大佛寺文化旅游区停车场,新昌县,290,180,2023-11-15 04:24:34
XC2020003,服务大楼停车场,新昌县,200,118,2023-11-15 04:24:33
XC2020002,演溪路停车场,新昌县,70,43,2023-11-15 04:24:18
XC2020005,智慧家园停车场,新昌县,500,484,2023-11-15 04:19:58
XC2020023,城西小学停车场,新昌县,315,126,2023-11-15 04:19:55
XC2020007,鼓山公园停车场,新昌县,998,237,2023-11-15 04:19:54
XC2020022,大佛寺文化旅游区停车场,新昌县,290,180,2023-11-15 04:19:34
XC2020003,服务大楼停车场,新昌县,200,118,2023-11-15 04:19:33
XC2020002,演溪路停车场,新昌县,70,43,2023-11-15 04:19:18
XC2020005,智慧家园停车场,新昌县,500,484,2023-11-15 04:14:58
XC2020023,城西小学停车场,新昌县,315,126,2023-11-15 04:14:55
XC2020007,鼓山公园停车场,新昌县,998,237,2023-11-15 04:14:54
XC2020022,大佛寺文化旅游区停车场,新昌县,290,180,2023-11-15 04:14:34
XC2020003,服务大楼停车场,新昌县,200,118,2023-11-15 04:14:33
XC2020002,演溪路停车场,新昌县,70,43,2023-11-15 04:14:18
XC2020005,智慧家园停车场,新昌县,500,484,2023-11-15 04:09:58
XC2020023,城西小学停车场,新昌县,315,126,2023-11-15 04:09:55
XC2020007,鼓山公园停车场,新昌县,998,237,2023-11-15 04:09:54
XC2020022,大佛寺文化旅游区停车场,新昌县,290,180,2023-11-15 04:09:34
XC2020003,服务大楼停车场,新昌县,200,118,2023-11-15 04:09:33
XC2020002,演溪路停车场,新昌县,70,43,2023-11-15 04:09:18
XC2020003,服务大楼停车场,新昌县,200,118,2023-11-15 04:05:03
XC2020005,智慧家园停车场,新昌县,500,484,2023-11-15 04:04:58
XC2020023,城西小学停车场,新昌县,315,127,2023-11-15 04:04:55
XC2020007,鼓山公园停车场,新昌县,998,237,2023-11-15 04:04:54
XC2020022,大佛寺文化旅游区停车场,新昌县,290,180,2023-11-15 04:04:34
XC2020002,演溪路停车场,新昌县,70,43,2023-11-15 04:04:18
XC2020005,智慧家园停车场,新昌县,500,484,2023-11-15 03:59:58
XC2020023,城西小学停车场,新昌县,315,127,2023-11-15 03:59:55
XC2020007,鼓山公园停车场,新昌县,998,237,2023-11-15 03:59:54
XC2020022,大佛寺文化旅游区停车场,新昌县,290,180,2023-11-15 03:59:34
XC2020003,服务大楼停车场,新昌县,200,118,2023-11-15 03:59:33
XC2020002,演溪路停车场,新昌县,70,43,2023-11-15 03:59:18
XC2020005,智慧家园停车场,新昌县,500,484,2023-11-15 03:54:58
XC2020023,城西小学停车场,新昌县,315,126,2023-11-15 03:54:55
XC2020007,鼓山公园停车场,新昌县,998,237,2023-11-15 03:54:54
XC2020022,大佛寺文化旅游区停车场,新昌县,290,180,2023-11-15 03:54:34
XC2020003,服务大楼停车场,新昌县,200,118,2023-11-15 03:54:33
XC2020002,演溪路停车场,新昌县,70,43,2023-11-15 03:54:18
XC2020005,智慧家园停车场,新昌县,500,484,2023-11-15 03:49:58
XC2020023,城西小学停车场,新昌县,315,126,2023-11-15 03:49:55
XC2020007,鼓山公园停车场,新昌县,998,237,2023-11-15 03:49:54
XC2020022,大佛寺文化旅游区停车场,新昌县,290,180,2023-11-15 03:49:34
XC2020003,服务大楼停车场,新昌县,200,118,2023-11-15 03:49:33
XC2020002,演溪路停车场,新昌县,70,43,2023-11-15 03:49:18
XC2020005,智慧家园停车场,新昌县,500,484,2023-11-15 03:44:58
XC2020023,城西小学停车场,新昌县,315,126,2023-11-15 03:44:55
XC2020007,鼓山公园停车场,新昌县,998,237,2023-11-15 03:44:54
XC2020022,大佛寺文化旅游区停车场,新昌县,290,180,2023-11-15 03:44:34
XC2020003,服务大楼停车场,新昌县,200,118,2023-11-15 03:44:33
XC2020002,演溪路停车场,新昌县,70,43,2023-11-15 03:44:18
XC2020005,智慧家园停车场,新昌县,500,484,2023-11-15 03:39:58
XC2020023,城西小学停车场,新昌县,315,126,2023-11-15 03:39:55
XC2020007,鼓山公园停车场,新昌县,998,237,2023-11-15 03:39:54
XC2020022,大佛寺文化旅游区停车场,新昌县,290,180,2023-11-15 03:39:34
XC2020003,服务大楼停车场,新昌县,200,118,2023-11-15 03:39:33
XC2020002,演溪路停车场,新昌县,70,43,2023-11-15 03:39:18
XC2020005,智慧家园停车场,新昌县,500,484,2023-11-15 03:34:58
XC2020023,城西小学停车场,新昌县,315,126,2023-11-15 03:34:55
XC2020007,鼓山公园停车场,新昌县,998,237,2023-11-15 03:34:54
XC2020022,大佛寺文化旅游区停车场,新昌县,290,180,2023-11-15 03:34:34
XC2020003,服务大楼停车场,新昌县,200,118,2023-11-15 03:34:33
XC2020002,演溪路停车场,新昌县,70,43,2023-11-15 03:34:18
XC2020005,智慧家园停车场,新昌县,500,484,2023-11-15 03:29:58
XC2020023,城西小学停车场,新昌县,315,126,2023-11-15 03:29:55
XC2020007,鼓山公园停车场,新昌县,998,237,2023-11-15 03:29:54
XC2020022,大佛寺文化旅游区停车场,新昌县,290,180,2023-11-15 03:29:34
XC2020003,服务大楼停车场,新昌县,200,118,2023-11-15 03:29:33
XC2020002,演溪路停车场,新昌县,70,43,2023-11-15 03:29:18
XC2020005,智慧家园停车场,新昌县,500,484,2023-11-15 03:24:58
XC2020023,城西小学停车场,新昌县,315,126,2023-11-15 03:24:55
XC2020007,鼓山公园停车场,新昌县,998,237,2023-11-15 03:24:54
XC2020022,大佛寺文化旅游区停车场,新昌县,290,180,2023-11-15 03:24:34
XC2020003,服务大楼停车场,新昌县,200,118,2023-11-15 03:24:33
XC2020002,演溪路停车场,新昌县,70,43,2023-11-15 03:24:18
XC2020005,智慧家园停车场,新昌县,500,484,2023-11-15 03:19:58
XC2020023,城西小学停车场,新昌县,315,126,2023-11-15 03:19:55
XC2020007,鼓山公园停车场,新昌县,998,237,2023-11-15 03:19:54
XC2020022,大佛寺文化旅游区停车场,新昌县,290,180,2023-11-15 03:19:34
XC2020003,服务大楼停车场,新昌县,200,118,2023-11-15 03:19:33
XC2020002,演溪路停车场,新昌县,70,43,2023-11-15 03:19:18
XC2020005,智慧家园停车场,新昌县,500,484,2023-11-15 03:14:58
XC2020023,城西小学停车场,新昌县,315,126,2023-11-15 03:14:55
XC2020007,鼓山公园停车场,新昌县,998,237,2023-11-15 03:14:54
XC2020022,大佛寺文化旅游区停车场,新昌县,290,180,2023-11-15 03:14:34
XC2020003,服务大楼停车场,新昌县,200,118,2023-11-15 03:14:33
XC2020002,演溪路停车场,新昌县,70,43,2023-11-15 03:14:18
XC2020005,智慧家园停车场,新昌县,500,484,2023-11-15 03:09:58
XC2020023,城西小学停车场,新昌县,315,126,2023-11-15 03:09:55
XC2020007,鼓山公园停车场,新昌县,998,237,2023-11-15 03:09:54
XC2020022,大佛寺文化旅游区停车场,新昌县,290,180,2023-11-15 03:09:34
XC2020003,服务大楼停车场,新昌县,200,118,2023-11-15 03:09:33
XC2020002,演溪路停车场,新昌县,70,43,2023-11-15 03:09:18
XC2020003,服务大楼停车场,新昌县,200,118,2023-11-15 03:05:03
XC2020005,智慧家园停车场,新昌县,500,484,2023-11-15 03:04:58
XC2020023,城西小学停车场,新昌县,315,126,2023-11-15 03:04:55
XC2020007,鼓山公园停车场,新昌县,998,236,2023-11-15 03:04:54
XC2020022,大佛寺文化旅游区停车场,新昌县,290,180,2023-11-15 03:04:34
XC2020002,演溪路停车场,新昌县,70,43,2023-11-15 03:04:18
XC2020005,智慧家园停车场,新昌县,500,484,2023-11-15 02:59:58
XC2020023,城西小学停车场,新昌县,315,126,2023-11-15 02:59:55
XC2020007,鼓山公园停车场,新昌县,998,236,2023-11-15 02:59:54
XC2020022,大佛寺文化旅游区停车场,新昌县,290,180,2023-11-15 02:59:34
XC2020003,服务大楼停车场,新昌县,200,118,2023-11-15 02:59:33
XC2020002,演溪路停车场,新昌县,70,43,2023-11-15 02:59:18
XC2020005,智慧家园停车场,新昌县,500,484,2023-11-15 02:54:58
XC2020023,城西小学停车场,新昌县,315,126,2023-11-15 02:54:55
XC2020007,鼓山公园停车场,新昌县,998,236,2023-11-15 02:54:54
XC2020022,大佛寺文化旅游区停车场,新昌县,290,180,2023-11-15 02:54:34
XC2020003,服务大楼停车场,新昌县,200,118,2023-11-15 02:54:33
XC2020002,演溪路停车场,新昌县,70,43,2023-11-15 02:54:18
XC2020005,智慧家园停车场,新昌县,500,484,2023-11-15 02:49:58
XC2020023,城西小学停车场,新昌县,315,126,2023-11-15 02:49:55
XC2020007,鼓山公园停车场,新昌县,998,236,2023-11-15 02:49:54
XC2020022,大佛寺文化旅游区停车场,新昌县,290,179,2023-11-15 02:49:34
XC2020003,服务大楼停车场,新昌县,200,118,2023-11-15 02:49:33
XC2020002,演溪路停车场,新昌县,70,43,2023-11-15 02:49:18
XC2020005,智慧家园停车场,新昌县,500,485,2023-11-15 02:44:58
XC2020023,城西小学停车场,新昌县,315,126,2023-11-15 02:44:55
XC2020007,鼓山公园停车场,新昌县,998,236,2023-11-15 02:44:54
XC2020022,大佛寺文化旅游区停车场,新昌县,290,178,2023-11-15 02:44:34
XC2020003,服务大楼停车场,新昌县,200,118,2023-11-15 02:44:33
XC2020002,演溪路停车场,新昌县,70,43,2023-11-15 02:44:18
XC2020005,智慧家园停车场,新昌县,500,485,2023-11-15 02:39:58
XC2020023,城西小学停车场,新昌县,315,127,2023-11-15 02:39:55
XC2020007,鼓山公园停车场,新昌县,998,236,2023-11-15 02:39:54
XC2020022,大佛寺文化旅游区停车场,新昌县,290,178,2023-11-15 02:39:34
XC2020003,服务大楼停车场,新昌县,200,118,2023-11-15 02:39:33
XC2020002,演溪路停车场,新昌县,70,43,2023-11-15 02:39:18
XC2020005,智慧家园停车场,新昌县,500,485,2023-11-15 02:34:58
XC2020023,城西小学停车场,新昌县,315,127,2023-11-15 02:34:55
XC2020007,鼓山公园停车场,新昌县,998,236,2023-11-15 02:34:54
XC2020022,大佛寺文化旅游区停车场,新昌县,290,179,2023-11-15 02:34:34
XC2020003,服务大楼停车场,新昌县,200,118,2023-11-15 02:34:33
XC2020002,演溪路停车场,新昌县,70,43,2023-11-15 02:34:18
XC2020005,智慧家园停车场,新昌县,500,485,2023-11-15 02:29:58
XC2020023,城西小学停车场,新昌县,315,127,2023-11-15 02:29:55
XC2020007,鼓山公园停车场,新昌县,998,236,2023-11-15 02:29:54
XC2020022,大佛寺文化旅游区停车场,新昌县,290,179,2023-11-15 02:29:34
XC2020003,服务大楼停车场,新昌县,200,118,2023-11-15 02:29:33
XC2020002,演溪路停车场,新昌县,70,43,2023-11-15 02:29:18
XC2020005,智慧家园停车场,新昌县,500,485,2023-11-15 02:24:58
XC2020023,城西小学停车场,新昌县,315,127,2023-11-15 02:24:55
XC2020007,鼓山公园停车场,新昌县,998,236,2023-11-15 02:24:54
XC2020022,大佛寺文化旅游区停车场,新昌县,290,179,2023-11-15 02:24:34
XC2020003,服务大楼停车场,新昌县,200,118,2023-11-15 02:24:33
XC2020002,演溪路停车场,新昌县,70,43,2023-11-15 02:24:18
XC2020005,智慧家园停车场,新昌县,500,485,2023-11-15 02:19:58
XC2020023,城西小学停车场,新昌县,315,127,2023-11-15 02:19:55
XC2020007,鼓山公园停车场,新昌县,998,236,2023-11-15 02:19:54
XC2020022,大佛寺文化旅游区停车场,新昌县,290,177,2023-11-15 02:19:34
XC2020003,服务大楼停车场,新昌县,200,118,2023-11-15 02:19:33
XC2020002,演溪路停车场,新昌县,70,43,2023-11-15 02:19:18
XC2020005,智慧家园停车场,新昌县,500,485,2023-11-15 02:14:58
XC2020023,城西小学停车场,新昌县,315,127,2023-11-15 02:14:55
XC2020007,鼓山公园停车场,新昌县,998,236,2023-11-15 02:14:54
XC2020022,大佛寺文化旅游区停车场,新昌县,290,177,2023-11-15 02:14:34
XC2020003,服务大楼停车场,新昌县,200,118,2023-11-15 02:14:33
XC2020002,演溪路停车场,新昌县,70,43,2023-11-15 02:14:18
XC2020005,智慧家园停车场,新昌县,500,485,2023-11-15 02:09:58
XC2020023,城西小学停车场,新昌县,315,127,2023-11-15 02:09:55
XC2020007,鼓山公园停车场,新昌县,998,236,2023-11-15 02:09:54
XC2020022,大佛寺文化旅游区停车场,新昌县,290,176,2023-11-15 02:09:34
XC2020003,服务大楼停车场,新昌县,200,118,2023-11-15 02:09:33
XC2020002,演溪路停车场,新昌县,70,43,2023-11-15 02:09:18
XC2020005,智慧家园停车场,新昌县,500,485,2023-11-15 02:04:58
XC2020023,城西小学停车场,新昌县,315,127,2023-11-15 02:04:55
XC2020007,鼓山公园停车场,新昌县,998,236,2023-11-15 02:04:54
XC2020022,大佛寺文化旅游区停车场,新昌县,290,175,2023-11-15 02:04:34
XC2020003,服务大楼停车场,新昌县,200,118,2023-11-15 02:04:33
XC2020002,演溪路停车场,新昌县,70,43,2023-11-15 02:04:18
XC2020005,智慧家园停车场,新昌县,500,485,2023-11-15 01:59:58
XC2020023,城西小学停车场,新昌县,315,126,2023-11-15 01:59:55
XC2020007,鼓山公园停车场,新昌县,998,236,2023-11-15 01:59:54
XC2020022,大佛寺文化旅游区停车场,新昌县,290,175,2023-11-15 01:59:34
XC2020003,服务大楼停车场,新昌县,200,118,2023-11-15 01:59:33
XC2020002,演溪路停车场,新昌县,70,43,2023-11-15 01:59:18
XC2020005,智慧家园停车场,新昌县,500,485,2023-11-15 01:54:58
XC2020023,城西小学停车场,新昌县,315,127,2023-11-15 01:54:55
XC2020007,鼓山公园停车场,新昌县,998,236,2023-11-15 01:54:54
XC2020022,大佛寺文化旅游区停车场,新昌县,290,175,2023-11-15 01:54:34
XC2020003,服务大楼停车场,新昌县,200,118,2023-11-15 01:54:33
XC2020002,演溪路停车场,新昌县,70,42,2023-11-15 01:54:18
XC2020005,智慧家园停车场,新昌县,500,485,2023-11-15 01:49:58
XC2020023,城西小学停车场,新昌县,315,127,2023-11-15 01:49:55
XC2020007,鼓山公园停车场,新昌县,998,236,2023-11-15 01:49:54
XC2020022,大佛寺文化旅游区停车场,新昌县,290,175,2023-11-15 01:49:34
XC2020003,服务大楼停车场,新昌县,200,118,2023-11-15 01:49:33
XC2020002,演溪路停车场,新昌县,70,42,2023-11-15 01:49:18
XC2020005,智慧家园停车场,新昌县,500,485,2023-11-15 01:44:58
XC2020023,城西小学停车场,新昌县,315,127,2023-11-15 01:44:55
XC2020007,鼓山公园停车场,新昌县,998,236,2023-11-15 01:44:54
XC2020022,大佛寺文化旅游区停车场,新昌县,290,175,2023-11-15 01:44:34
XC2020003,服务大楼停车场,新昌县,200,118,2023-11-15 01:44:33
XC2020002,演溪路停车场,新昌县,70,42,2023-11-15 01:44:18
XC2020003,服务大楼停车场,新昌县,200,118,2023-11-15 01:40:03
XC2020005,智慧家园停车场,新昌县,500,485,2023-11-15 01:39:58
XC2020023,城西小学停车场,新昌县,315,126,2023-11-15 01:39:55
XC2020007,鼓山公园停车场,新昌县,998,236,2023-11-15 01:39:54
XC2020022,大佛寺文化旅游区停车场,新昌县,290,175,2023-11-15 01:39:34
XC2020002,演溪路停车场,新昌县,70,42,2023-11-15 01:39:18
XC2020003,服务大楼停车场,新昌县,200,118,2023-11-15 01:35:03
XC2020005,智慧家园停车场,新昌县,500,485,2023-11-15 01:34:58
XC2020023,城西小学停车场,新昌县,315,124,2023-11-15 01:34:55
XC2020007,鼓山公园停车场,新昌县,998,236,2023-11-15 01:34:54
XC2020022,大佛寺文化旅游区停车场,新昌县,290,175,2023-11-15 01:34:34
XC2020002,演溪路停车场,新昌县,70,42,2023-11-15 01:34:18
XC2020005,智慧家园停车场,新昌县,500,485,2023-11-15 01:29:58
XC2020023,城西小学停车场,新昌县,315,124,2023-11-15 01:29:55
XC2020007,鼓山公园停车场,新昌县,998,236,2023-11-15 01:29:54
XC2020022,大佛寺文化旅游区停车场,新昌县,290,174,2023-11-15 01:29:34
XC2020003,服务大楼停车场,新昌县,200,118,2023-11-15 01:29:33
XC2020002,演溪路停车场,新昌县,70,42,2023-11-15 01:29:18
XC2020003,服务大楼停车场,新昌县,200,118,2023-11-15 01:25:03
XC2020005,智慧家园停车场,新昌县,500,484,2023-11-15 01:24:58
XC2020023,城西小学停车场,新昌县,315,124,2023-11-15 01:24:55
XC2020007,鼓山公园停车场,新昌县,998,236,2023-11-15 01:24:54
XC2020022,大佛寺文化旅游区停车场,新昌县,290,174,2023-11-15 01:24:34
XC2020002,演溪路停车场,新昌县,70,42,2023-11-15 01:24:18
XC2020003,服务大楼停车场,新昌县,200,118,2023-11-15 01:20:03
XC2020005,智慧家园停车场,新昌县,500,484,2023-11-15 01:19:58
XC2020023,城西小学停车场,新昌县,315,124,2023-11-15 01:19:55
XC2020007,鼓山公园停车场,新昌县,998,236,2023-11-15 01:19:54
XC2020022,大佛寺文化旅游区停车场,新昌县,290,174,2023-11-15 01:19:34
XC2020002,演溪路停车场,新昌县,70,40,2023-11-15 01:19:18
XC2020003,服务大楼停车场,新昌县,200,118,2023-11-15 01:15:03
XC2020005,智慧家园停车场,新昌县,500,484,2023-11-15 01:14:58
XC2020023,城西小学停车场,新昌县,315,124,2023-11-15 01:14:55
XC2020007,鼓山公园停车场,新昌县,998,236,2023-11-15 01:14:54
XC2020022,大佛寺文化旅游区停车场,新昌县,290,174,2023-11-15 01:14:34
XC2020002,演溪路停车场,新昌县,70,40,2023-11-15 01:14:18
XC2020003,服务大楼停车场,新昌县,200,118,2023-11-15 01:10:03
XC2020005,智慧家园停车场,新昌县,500,484,2023-11-15 01:09:58
XC2020023,城西小学停车场,新昌县,315,124,2023-11-15 01:09:55
XC2020007,鼓山公园停车场,新昌县,998,236,2023-11-15 01:09:54
XC2020022,大佛寺文化旅游区停车场,新昌县,290,174,2023-11-15 01:09:34
XC2020002,演溪路停车场,新昌县,70,40,2023-11-15 01:09:18
XC2020003,服务大楼停车场,新昌县,200,118,2023-11-15 01:05:03
XC2020005,智慧家园停车场,新昌县,500,484,2023-11-15 01:04:58
XC2020023,城西小学停车场,新昌县,315,124,2023-11-15 01:04:55
XC2020007,鼓山公园停车场,新昌县,998,235,2023-11-15 01:04:54
XC2020022,大佛寺文化旅游区停车场,新昌县,290,174,2023-11-15 01:04:34
XC2020002,演溪路停车场,新昌县,70,40,2023-11-15 01:04:18
XC2020005,智慧家园停车场,新昌县,500,484,2023-11-15 00:59:58
XC2020023,城西小学停车场,新昌县,315,124,2023-11-15 00:59:55
XC2020007,鼓山公园停车场,新昌县,998,235,2023-11-15 00:59:54
XC2020022,大佛寺文化旅游区停车场,新昌县,290,173,2023-11-15 00:59:34
XC2020003,服务大楼停车场,新昌县,200,118,2023-11-15 00:59:33
XC2020002,演溪路停车场,新昌县,70,40,2023-11-15 00:59:18
XC2020003,服务大楼停车场,新昌县,200,118,2023-11-15 00:55:03
XC2020005,智慧家园停车场,新昌县,500,484,2023-11-15 00:54:58
XC2020023,城西小学停车场,新昌县,315,124,2023-11-15 00:54:55
XC2020007,鼓山公园停车场,新昌县,998,234,2023-11-15 00:54:54
XC2020022,大佛寺文化旅游区停车场,新昌县,290,172,2023-11-15 00:54:34
XC2020002,演溪路停车场,新昌县,70,40,2023-11-15 00:54:18
XC2020003,服务大楼停车场,新昌县,200,118,2023-11-15 00:50:03
XC2020005,智慧家园停车场,新昌县,500,484,2023-11-15 00:49:58
XC2020023,城西小学停车场,新昌县,315,124,2023-11-15 00:49:55
XC2020007,鼓山公园停车场,新昌县,998,234,2023-11-15 00:49:54
XC2020022,大佛寺文化旅游区停车场,新昌县,290,172,2023-11-15 00:49:34
XC2020002,演溪路停车场,新昌县,70,40,2023-11-15 00:49:18
XC2020002,演溪路停车场,新昌县,70,40,2023-11-15 00:45:18
XC2020003,服务大楼停车场,新昌县,200,118,2023-11-15 00:45:03
XC2020005,智慧家园停车场,新昌县,500,484,2023-11-15 00:44:58
XC2020023,城西小学停车场,新昌县,315,124,2023-11-15 00:44:55
XC2020007,鼓山公园停车场,新昌县,998,234,2023-11-15 00:44:54
XC2020022,大佛寺文化旅游区停车场,新昌县,290,172,2023-11-15 00:44:34
XC2020005,智慧家园停车场,新昌县,500,484,2023-11-15 00:39:58
XC2020023,城西小学停车场,新昌县,315,122,2023-11-15 00:39:55
XC2020007,鼓山公园停车场,新昌县,998,234,2023-11-15 00:39:54
XC2020022,大佛寺文化旅游区停车场,新昌县,290,172,2023-11-15 00:39:34
XC2020003,服务大楼停车场,新昌县,200,118,2023-11-15 00:39:33
XC2020002,演溪路停车场,新昌县,70,40,2023-11-15 00:39:18
XC2020005,智慧家园停车场,新昌县,500,484,2023-11-15 00:34:58
XC2020023,城西小学停车场,新昌县,315,121,2023-11-15 00:34:55
XC2020007,鼓山公园停车场,新昌县,998,235,2023-11-15 00:34:54
XC2020022,大佛寺文化旅游区停车场,新昌县,290,172,2023-11-15 00:34:34
XC2020003,服务大楼停车场,新昌县,200,118,2023-11-15 00:34:33
XC2020002,演溪路停车场,新昌县,70,40,2023-11-15 00:34:18
XC2020005,智慧家园停车场,新昌县,500,484,2023-11-15 00:29:58
XC2020023,城西小学停车场,新昌县,315,118,2023-11-15 00:29:55
XC2020007,鼓山公园停车场,新昌县,998,235,2023-11-15 00:29:54
XC2020022,大佛寺文化旅游区停车场,新昌县,290,172,2023-11-15 00:29:34
XC2020003,服务大楼停车场,新昌县,200,118,2023-11-15 00:29:33
XC2020002,演溪路停车场,新昌县,70,40,2023-11-15 00:29:18
XC2020005,智慧家园停车场,新昌县,500,484,2023-11-15 00:24:58
XC2020023,城西小学停车场,新昌县,315,118,2023-11-15 00:24:55
XC2020007,鼓山公园停车场,新昌县,998,235,2023-11-15 00:24:54
XC2020022,大佛寺文化旅游区停车场,新昌县,290,172,2023-11-15 00:24:34
XC2020003,服务大楼停车场,新昌县,200,118,2023-11-15 00:24:33
XC2020002,演溪路停车场,新昌县,70,39,2023-11-15 00:24:18
XC2020005,智慧家园停车场,新昌县,500,484,2023-11-15 00:19:58
XC2020023,城西小学停车场,新昌县,315,117,2023-11-15 00:19:55
XC2020007,鼓山公园停车场,新昌县,998,234,2023-11-15 00:19:54
XC2020022,大佛寺文化旅游区停车场,新昌县,290,171,2023-11-15 00:19:34
XC2020003,服务大楼停车场,新昌县,200,118,2023-11-15 00:19:33
XC2020002,演溪路停车场,新昌县,70,39,2023-11-15 00:19:18
XC2020005,智慧家园停车场,新昌县,500,484,2023-11-15 00:14:58
XC2020023,城西小学停车场,新昌县,315,118,2023-11-15 00:14:55
XC2020007,鼓山公园停车场,新昌县,998,234,2023-11-15 00:14:54
XC2020022,大佛寺文化旅游区停车场,新昌县,290,171,2023-11-15 00:14:34
XC2020003,服务大楼停车场,新昌县,200,119,2023-11-15 00:14:33
XC2020002,演溪路停车场,新昌县,70,39,2023-11-15 00:14:18
XC2020005,智慧家园停车场,新昌县,500,484,2023-11-15 00:09:58
XC2020023,城西小学停车场,新昌县,315,116,2023-11-15 00:09:55
XC2020007,鼓山公园停车场,新昌县,998,233,2023-11-15 00:09:54
XC2020022,大佛寺文化旅游区停车场,新昌县,290,170,2023-11-15 00:09:34
XC2020003,服务大楼停车场,新昌县,200,119,2023-11-15 00:09:33
XC2020002,演溪路停车场,新昌县,70,39,2023-11-15 00:09:18
XC2020005,智慧家园停车场,新昌县,500,484,2023-11-15 00:04:58
XC2020023,城西小学停车场,新昌县,315,115,2023-11-15 00:04:55
XC2020007,鼓山公园停车场,新昌县,998,233,2023-11-15 00:04:54
XC2020022,大佛寺文化旅游区停车场,新昌县,290,170,2023-11-15 00:04:34
XC2020003,服务大楼停车场,新昌县,200,119,2023-11-15 00:04:33
XC2020002,演溪路停车场,新昌县,70,39,2023-11-15 00:04:18
XC2020005,智慧家园停车场,新昌县,500,484,2023-11-14 23:59:58
XC2020023,城西小学停车场,新昌县,315,114,2023-11-14 23:59:55
XC2020007,鼓山公园停车场,新昌县,998,233,2023-11-14 23:59:54
XC2020022,大佛寺文化旅游区停车场,新昌县,290,170,2023-11-14 23:59:34
XC2020003,服务大楼停车场,新昌县,200,119,2023-11-14 23:59:33
XC2020002,演溪路停车场,新昌县,70,39,2023-11-14 23:59:18
XC2020005,智慧家园停车场,新昌县,500,485,2023-11-14 23:54:58
XC2020023,城西小学停车场,新昌县,315,111,2023-11-14 23:54:55
XC2020007,鼓山公园停车场,新昌县,998,233,2023-11-14 23:54:54
XC2020022,大佛寺文化旅游区停车场,新昌县,290,170,2023-11-14 23:54:34
XC2020003,服务大楼停车场,新昌县,200,120,2023-11-14 23:54:33
XC2020002,演溪路停车场,新昌县,70,39,2023-11-14 23:54:18
XC2020005,智慧家园停车场,新昌县,500,485,2023-11-14 23:49:58
XC2020023,城西小学停车场,新昌县,315,110,2023-11-14 23:49:55
XC2020007,鼓山公园停车场,新昌县,998,234,2023-11-14 23:49:54
XC2020022,大佛寺文化旅游区停车场,新昌县,290,170,2023-11-14 23:49:34
XC2020003,服务大楼停车场,新昌县,200,121,2023-11-14 23:49:33
XC2020002,演溪路停车场,新昌县,70,39,2023-11-14 23:49:18
XC2020005,智慧家园停车场,新昌县,500,486,2023-11-14 23:44:58
XC2020023,城西小学停车场,新昌县,315,108,2023-11-14 23:44:55
XC2020007,鼓山公园停车场,新昌县,998,234,2023-11-14 23:44:54
XC2020022,大佛寺文化旅游区停车场,新昌县,290,170,2023-11-14 23:44:34
XC2020003,服务大楼停车场,新昌县,200,121,2023-11-14 23:44:33
XC2020002,演溪路停车场,新昌县,70,38,2023-11-14 23:44:18
XC2020005,智慧家园停车场,新昌县,500,486,2023-11-14 23:39:58
XC2020023,城西小学停车场,新昌县,315,107,2023-11-14 23:39:55
XC2020007,鼓山公园停车场,新昌县,998,234,2023-11-14 23:39:54
XC2020022,大佛寺文化旅游区停车场,新昌县,290,169,2023-11-14 23:39:34
XC2020003,服务大楼停车场,新昌县,200,121,2023-11-14 23:39:33
XC2020002,演溪路停车场,新昌县,70,38,2023-11-14 23:39:18
XC2020005,智慧家园停车场,新昌县,500,486,2023-11-14 23:34:58
XC2020023,城西小学停车场,新昌县,315,106,2023-11-14 23:34:55
XC2020007,鼓山公园停车场,新昌县,998,234,2023-11-14 23:34:54
XC2020022,大佛寺文化旅游区停车场,新昌县,290,169,2023-11-14 23:34:34
XC2020003,服务大楼停车场,新昌县,200,121,2023-11-14 23:34:33
XC2020002,演溪路停车场,新昌县,70,37,2023-11-14 23:34:18
XC2020005,智慧家园停车场,新昌县,500,486,2023-11-14 23:29:58
XC2020023,城西小学停车场,新昌县,315,104,2023-11-14 23:29:55
XC2020007,鼓山公园停车场,新昌县,998,234,2023-11-14 23:29:54
XC2020022,大佛寺文化旅游区停车场,新昌县,290,169,2023-11-14 23:29:34
XC2020003,服务大楼停车场,新昌县,200,121,2023-11-14 23:29:33
XC2020002,演溪路停车场,新昌县,70,34,2023-11-14 23:29:18
XC2020005,智慧家园停车场,新昌县,500,487,2023-11-14 23:24:58
XC2020023,城西小学停车场,新昌县,315,103,2023-11-14 23:24:55
XC2020007,鼓山公园停车场,新昌县,998,234,2023-11-14 23:24:54
XC2020022,大佛寺文化旅游区停车场,新昌县,290,168,2023-11-14 23:24:34
XC2020003,服务大楼停车场,新昌县,200,121,2023-11-14 23:24:33
XC2020002,演溪路停车场,新昌县,70,34,2023-11-14 23:24:18
XC2020005,智慧家园停车场,新昌县,500,487,2023-11-14 23:19:58
XC2020023,城西小学停车场,新昌县,315,101,2023-11-14 23:19:55
XC2020007,鼓山公园停车场,新昌县,998,233,2023-11-14 23:19:54
XC2020022,大佛寺文化旅游区停车场,新昌县,290,168,2023-11-14 23:19:34
XC2020003,服务大楼停车场,新昌县,200,121,2023-11-14 23:19:33
XC2020002,演溪路停车场,新昌县,70,34,2023-11-14 23:19:18
XC2020005,智慧家园停车场,新昌县,500,487,2023-11-14 23:14:58
XC2020023,城西小学停车场,新昌县,315,101,2023-11-14 23:14:55
XC2020007,鼓山公园停车场,新昌县,998,233,2023-11-14 23:14:54
XC2020022,大佛寺文化旅游区停车场,新昌县,290,168,2023-11-14 23:14:34
XC2020003,服务大楼停车场,新昌县,200,121,2023-11-14 23:14:33
XC2020002,演溪路停车场,新昌县,70,32,2023-11-14 23:14:18
XC2020005,智慧家园停车场,新昌县,500,488,2023-11-14 23:09:58
XC2020023,城西小学停车场,新昌县,315,101,2023-11-14 23:09:55
XC2020007,鼓山公园停车场,新昌县,998,232,2023-11-14 23:09:54
XC2020022,大佛寺文化旅游区停车场,新昌县,290,166,2023-11-14 23:09:34
XC2020003,服务大楼停车场,新昌县,200,121,2023-11-14 23:09:33
XC2020002,演溪路停车场,新昌县,70,32,2023-11-14 23:09:18
XC2020005,智慧家园停车场,新昌县,500,488,2023-11-14 23:04:58
XC2020023,城西小学停车场,新昌县,315,99,2023-11-14 23:04:55
XC2020007,鼓山公园停车场,新昌县,998,232,2023-11-14 23:04:54
XC2020022,大佛寺文化旅游区停车场,新昌县,290,165,2023-11-14 23:04:34
XC2020003,服务大楼停车场,新昌县,200,121,2023-11-14 23:04:33
XC2020002,演溪路停车场,新昌县,70,32,2023-11-14 23:04:18
XC2020005,智慧家园停车场,新昌县,500,488,2023-11-14 22:59:58
XC2020023,城西小学停车场,新昌县,315,99,2023-11-14 22:59:55
XC2020007,鼓山公园停车场,新昌县,998,232,2023-11-14 22:59:54
XC2020022,大佛寺文化旅游区停车场,新昌县,290,165,2023-11-14 22:59:34
XC2020003,服务大楼停车场,新昌县,200,121,2023-11-14 22:59:33
XC2020002,演溪路停车场,新昌县,70,29,2023-11-14 22:59:18
XC2020005,智慧家园停车场,新昌县,500,489,2023-11-14 22:54:58
XC2020023,城西小学停车场,新昌县,315,98,2023-11-14 22:54:55
XC2020007,鼓山公园停车场,新昌县,998,230,2023-11-14 22:54:54
XC2020022,大佛寺文化旅游区停车场,新昌县,290,165,2023-11-14 22:54:34
XC2020003,服务大楼停车场,新昌县,200,121,2023-11-14 22:54:33
XC2020002,演溪路停车场,新昌县,70,29,2023-11-14 22:54:18
XC2020005,智慧家园停车场,新昌县,500,489,2023-11-14 22:49:58
XC2020023,城西小学停车场,新昌县,315,96,2023-11-14 22:49:55
XC2020007,鼓山公园停车场,新昌县,998,228,2023-11-14 22:49:54
XC2020022,大佛寺文化旅游区停车场,新昌县,290,165,2023-11-14 22:49:34
XC2020003,服务大楼停车场,新昌县,200,121,2023-11-14 22:49:33
XC2020002,演溪路停车场,新昌县,70,29,2023-11-14 22:49:18
XC2020005,智慧家园停车场,新昌县,500,489,2023-11-14 22:44:58
XC2020023,城西小学停车场,新昌县,315,96,2023-11-14 22:44:55
XC2020007,鼓山公园停车场,新昌县,998,226,2023-11-14 22:44:54
XC2020022,大佛寺文化旅游区停车场,新昌县,290,166,2023-11-14 22:44:34
XC2020003,服务大楼停车场,新昌县,200,121,2023-11-14 22:44:33
XC2020002,演溪路停车场,新昌县,70,28,2023-11-14 22:44:18
XC2020005,智慧家园停车场,新昌县,500,489,2023-11-14 22:39:58
XC2020023,城西小学停车场,新昌县,315,96,2023-11-14 22:39:55
XC2020007,鼓山公园停车场,新昌县,998,224,2023-11-14 22:39:54
XC2020022,大佛寺文化旅游区停车场,新昌县,290,166,2023-11-14 22:39:34
XC2020003,服务大楼停车场,新昌县,200,121,2023-11-14 22:39:33
XC2020002,演溪路停车场,新昌县,70,27,2023-11-14 22:39:18
XC2020005,智慧家园停车场,新昌县,500,489,2023-11-14 22:34:58
XC2020023,城西小学停车场,新昌县,315,95,2023-11-14 22:34:55
XC2020007,鼓山公园停车场,新昌县,998,224,2023-11-14 22:34:54
XC2020022,大佛寺文化旅游区停车场,新昌县,290,166,2023-11-14 22:34:34
XC2020003,服务大楼停车场,新昌县,200,120,2023-11-14 22:34:33
XC2020002,演溪路停车场,新昌县,70,27,2023-11-14 22:34:18
XC2020005,智慧家园停车场,新昌县,500,489,2023-11-14 22:29:58
XC2020023,城西小学停车场,新昌县,315,94,2023-11-14 22:29:55
XC2020007,鼓山公园停车场,新昌县,998,222,2023-11-14 22:29:54
XC2020022,大佛寺文化旅游区停车场,新昌县,290,166,2023-11-14 22:29:34
XC2020003,服务大楼停车场,新昌县,200,120,2023-11-14 22:29:33
XC2020002,演溪路停车场,新昌县,70,25,2023-11-14 22:29:18
XC2020005,智慧家园停车场,新昌县,500,489,2023-11-14 22:24:58
XC2020023,城西小学停车场,新昌县,315,94,2023-11-14 22:24:55
XC2020007,鼓山公园停车场,新昌县,998,222,2023-11-14 22:24:54
XC2020022,大佛寺文化旅游区停车场,新昌县,290,166,2023-11-14 22:24:34
XC2020003,服务大楼停车场,新昌县,200,120,2023-11-14 22:24:33
XC2020002,演溪路停车场,新昌县,70,24,2023-11-14 22:24:18
XC2020005,智慧家园停车场,新昌县,500,489,2023-11-14 22:19:58
XC2020023,城西小学停车场,新昌县,315,94,2023-11-14 22:19:55
XC2020007,鼓山公园停车场,新昌县,998,223,2023-11-14 22:19:54
XC2020022,大佛寺文化旅游区停车场,新昌县,290,166,2023-11-14 22:19:34
XC2020003,服务大楼停车场,新昌县,200,120,2023-11-14 22:19:33
XC2020002,演溪路停车场,新昌县,70,25,2023-11-14 22:19:18
XC2020005,智慧家园停车场,新昌县,500,489,2023-11-14 22:14:58
XC2020023,城西小学停车场,新昌县,315,94,2023-11-14 22:14:55
XC2020007,鼓山公园停车场,新昌县,998,223,2023-11-14 22:14:54
XC2020022,大佛寺文化旅游区停车场,新昌县,290,166,2023-11-14 22:14:34
XC2020003,服务大楼停车场,新昌县,200,120,2023-11-14 22:14:33
XC2020002,演溪路停车场,新昌县,70,26,2023-11-14 22:14:18
XC2020005,智慧家园停车场,新昌县,500,489,2023-11-14 22:09:58
XC2020023,城西小学停车场,新昌县,315,94,2023-11-14 22:09:55
XC2020007,鼓山公园停车场,新昌县,998,224,2023-11-14 22:09:54
XC2020022,大佛寺文化旅游区停车场,新昌县,290,166,2023-11-14 22:09:34
XC2020003,服务大楼停车场,新昌县,200,120,2023-11-14 22:09:33
XC2020002,演溪路停车场,新昌县,70,25,2023-11-14 22:09:18
XC2020005,智慧家园停车场,新昌县,500,489,2023-11-14 22:04:58
XC2020023,城西小学停车场,新昌县,315,92,2023-11-14 22:04:55
XC2020007,鼓山公园停车场,新昌县,998,224,2023-11-14 22:04:54
XC2020022,大佛寺文化旅游区停车场,新昌县,290,166,2023-11-14 22:04:34
XC2020003,服务大楼停车场,新昌县,200,120,2023-11-14 22:04:33
XC2020002,演溪路停车场,新昌县,70,25,2023-11-14 22:04:18
XC2020005,智慧家园停车场,新昌县,500,489,2023-11-14 21:59:58
XC2020023,城西小学停车场,新昌县,315,94,2023-11-14 21:59:55
XC2020007,鼓山公园停车场,新昌县,998,219,2023-11-14 21:59:54
XC2020022,大佛寺文化旅游区停车场,新昌县,290,165,2023-11-14 21:59:34
XC2020003,服务大楼停车场,新昌县,200,120,2023-11-14 21:59:33
XC2020002,演溪路停车场,新昌县,70,27,2023-11-14 21:59:18
XC2020005,智慧家园停车场,新昌县,500,489,2023-11-14 21:54:58
XC2020023,城西小学停车场,新昌县,315,92,2023-11-14 21:54:55
XC2020007,鼓山公园停车场,新昌县,998,217,2023-11-14 21:54:54
XC2020022,大佛寺文化旅游区停车场,新昌县,290,164,2023-11-14 21:54:34
XC2020003,服务大楼停车场,新昌县,200,120,2023-11-14 21:54:33
XC2020002,演溪路停车场,新昌县,70,28,2023-11-14 21:54:18
XC2020005,智慧家园停车场,新昌县,500,489,2023-11-14 21:49:58
XC2020023,城西小学停车场,新昌县,315,90,2023-11-14 21:49:55
XC2020007,鼓山公园停车场,新昌县,998,213,2023-11-14 21:49:54
XC2020022,大佛寺文化旅游区停车场,新昌县,290,164,2023-11-14 21:49:34
XC2020003,服务大楼停车场,新昌县,200,121,2023-11-14 21:49:33
XC2020002,演溪路停车场,新昌县,70,28,2023-11-14 21:49:18
XC2020005,智慧家园停车场,新昌县,500,490,2023-11-14 21:44:58
XC2020023,城西小学停车场,新昌县,315,90,2023-11-14 21:44:55
XC2020007,鼓山公园停车场,新昌县,998,209,2023-11-14 21:44:54
XC2020022,大佛寺文化旅游区停车场,新昌县,290,164,2023-11-14 21:44:34
XC2020003,服务大楼停车场,新昌县,200,121,2023-11-14 21:44:33
XC2020002,演溪路停车场,新昌县,70,29,2023-11-14 21:44:18
XC2020005,智慧家园停车场,新昌县,500,490,2023-11-14 21:39:58
XC2020023,城西小学停车场,新昌县,315,91,2023-11-14 21:39:55
XC2020007,鼓山公园停车场,新昌县,998,209,2023-11-14 21:39:54
XC2020022,大佛寺文化旅游区停车场,新昌县,290,164,2023-11-14 21:39:34
XC2020003,服务大楼停车场,新昌县,200,120,2023-11-14 21:39:33
XC2020002,演溪路停车场,新昌县,70,29,2023-11-14 21:39:18
XC2020005,智慧家园停车场,新昌县,500,490,2023-11-14 21:34:58
XC2020023,城西小学停车场,新昌县,315,91,2023-11-14 21:34:55
XC2020007,鼓山公园停车场,新昌县,998,207,2023-11-14 21:34:54
XC2020022,大佛寺文化旅游区停车场,新昌县,290,163,2023-11-14 21:34:34
XC2020003,服务大楼停车场,新昌县,200,120,2023-11-14 21:34:33
XC2020002,演溪路停车场,新昌县,70,28,2023-11-14 21:34:18
XC2020005,智慧家园停车场,新昌县,500,490,2023-11-14 21:29:58
XC2020023,城西小学停车场,新昌县,315,92,2023-11-14 21:29:55
XC2020007,鼓山公园停车场,新昌县,998,208,2023-11-14 21:29:54
XC2020022,大佛寺文化旅游区停车场,新昌县,290,162,2023-11-14 21:29:34
XC2020003,服务大楼停车场,新昌县,200,120,2023-11-14 21:29:33
XC2020002,演溪路停车场,新昌县,70,27,2023-11-14 21:29:18
XC2020005,智慧家园停车场,新昌县,500,489,2023-11-14 21:24:58
XC2020023,城西小学停车场,新昌县,315,92,2023-11-14 21:24:55
XC2020007,鼓山公园停车场,新昌县,998,208,2023-11-14 21:24:54
XC2020022,大佛寺文化旅游区停车场,新昌县,290,160,2023-11-14 21:24:34
XC2020003,服务大楼停车场,新昌县,200,120,2023-11-14 21:24:33
XC2020002,演溪路停车场,新昌县,70,25,2023-11-14 21:24:18
XC2020005,智慧家园停车场,新昌县,500,489,2023-11-14 21:19:58
XC2020023,城西小学停车场,新昌县,315,88,2023-11-14 21:19:55
XC2020007,鼓山公园停车场,新昌县,998,208,2023-11-14 21:19:54
XC2020022,大佛寺文化旅游区停车场,新昌县,290,160,2023-11-14 21:19:34
XC2020003,服务大楼停车场,新昌县,200,120,2023-11-14 21:19:33
XC2020002,演溪路停车场,新昌县,70,26,2023-11-14 21:19:18
XC2020005,智慧家园停车场,新昌县,500,489,2023-11-14 21:14:58
XC2020023,城西小学停车场,新昌县,315,87,2023-11-14 21:14:55
XC2020007,鼓山公园停车场,新昌县,998,207,2023-11-14 21:14:54
XC2020022,大佛寺文化旅游区停车场,新昌县,290,160,2023-11-14 21:14:34
XC2020003,服务大楼停车场,新昌县,200,120,2023-11-14 21:14:33
XC2020002,演溪路停车场,新昌县,70,26,2023-11-14 21:14:18
XC2020005,智慧家园停车场,新昌县,500,489,2023-11-14 21:09:58
XC2020023,城西小学停车场,新昌县,315,87,2023-11-14 21:09:55
XC2020007,鼓山公园停车场,新昌县,998,202,2023-11-14 21:09:54
XC2020022,大佛寺文化旅游区停车场,新昌县,290,158,2023-11-14 21:09:34
XC2020003,服务大楼停车场,新昌县,200,121,2023-11-14 21:09:33
XC2020002,演溪路停车场,新昌县,70,25,2023-11-14 21:09:18
XC2020005,智慧家园停车场,新昌县,500,489,2023-11-14 21:04:58
XC2020023,城西小学停车场,新昌县,315,88,2023-11-14 21:04:55
XC2020007,鼓山公园停车场,新昌县,998,198,2023-11-14 21:04:54
XC2020022,大佛寺文化旅游区停车场,新昌县,290,158,2023-11-14 21:04:34
XC2020003,服务大楼停车场,新昌县,200,120,2023-11-14 21:04:33
XC2020002,演溪路停车场,新昌县,70,25,2023-11-14 21:04:18
XC2020005,智慧家园停车场,新昌县,500,489,2023-11-14 20:59:58
XC2020023,城西小学停车场,新昌县,315,90,2023-11-14 20:59:55
XC2020007,鼓山公园停车场,新昌县,998,198,2023-11-14 20:59:54
XC2020022,大佛寺文化旅游区停车场,新昌县,290,158,2023-11-14 20:59:34
XC2020003,服务大楼停车场,新昌县,200,119,2023-11-14 20:59:33
XC2020002,演溪路停车场,新昌县,70,24,2023-11-14 20:59:18
XC2020005,智慧家园停车场,新昌县,500,489,2023-11-14 20:54:58
XC2020023,城西小学停车场,新昌县,315,90,2023-11-14 20:54:55
XC2020007,鼓山公园停车场,新昌县,998,200,2023-11-14 20:54:54
XC2020022,大佛寺文化旅游区停车场,新昌县,290,157,2023-11-14 20:54:34
XC2020003,服务大楼停车场,新昌县,200,118,2023-11-14 20:54:33
XC2020002,演溪路停车场,新昌县,70,23,2023-11-14 20:54:18
XC2020005,智慧家园停车场,新昌县,500,489,2023-11-14 20:49:58
XC2020023,城西小学停车场,新昌县,315,89,2023-11-14 20:49:55
XC2020007,鼓山公园停车场,新昌县,998,197,2023-11-14 20:49:54
XC2020022,大佛寺文化旅游区停车场,新昌县,290,157,2023-11-14 20:49:34
XC2020003,服务大楼停车场,新昌县,200,119,2023-11-14 20:49:33
XC2020002,演溪路停车场,新昌县,70,23,2023-11-14 20:49:18
XC2020005,智慧家园停车场,新昌县,500,488,2023-11-14 20:44:58
XC2020023,城西小学停车场,新昌县,315,88,2023-11-14 20:44:55
XC2020007,鼓山公园停车场,新昌县,998,188,2023-11-14 20:44:54
XC2020022,大佛寺文化旅游区停车场,新昌县,290,157,2023-11-14 20:44:34
XC2020003,服务大楼停车场,新昌县,200,120,2023-11-14 20:44:33
XC2020002,演溪路停车场,新昌县,70,22,2023-11-14 20:44:18
XC2020005,智慧家园停车场,新昌县,500,488,2023-11-14 20:39:58
XC2020023,城西小学停车场,新昌县,315,89,2023-11-14 20:39:55
XC2020007,鼓山公园停车场,新昌县,998,181,2023-11-14 20:39:54
XC2020022,大佛寺文化旅游区停车场,新昌县,290,155,2023-11-14 20:39:34
XC2020003,服务大楼停车场,新昌县,200,120,2023-11-14 20:39:33
XC2020002,演溪路停车场,新昌县,70,21,2023-11-14 20:39:18
XC2020005,智慧家园停车场,新昌县,500,487,2023-11-14 20:34:58
XC2020023,城西小学停车场,新昌县,315,93,2023-11-14 20:34:55
XC2020007,鼓山公园停车场,新昌县,998,182,2023-11-14 20:34:54
XC2020022,大佛寺文化旅游区停车场,新昌县,290,155,2023-11-14 20:34:34
XC2020003,服务大楼停车场,新昌县,200,119,2023-11-14 20:34:33
XC2020002,演溪路停车场,新昌县,70,20,2023-11-14 20:34:18
XC2020005,智慧家园停车场,新昌县,500,488,2023-11-14 20:29:58
XC2020023,城西小学停车场,新昌县,315,91,2023-11-14 20:29:55
XC2020007,鼓山公园停车场,新昌县,998,173,2023-11-14 20:29:54
XC2020022,大佛寺文化旅游区停车场,新昌县,290,155,2023-11-14 20:29:34
XC2020003,服务大楼停车场,新昌县,200,115,2023-11-14 20:29:33
XC2020002,演溪路停车场,新昌县,70,22,2023-11-14 20:29:18
XC2020005,智慧家园停车场,新昌县,500,489,2023-11-14 20:24:58
XC2020023,城西小学停车场,新昌县,315,91,2023-11-14 20:24:55
XC2020007,鼓山公园停车场,新昌县,998,169,2023-11-14 20:24:54
XC2020022,大佛寺文化旅游区停车场,新昌县,290,154,2023-11-14 20:24:34
XC2020003,服务大楼停车场,新昌县,200,114,2023-11-14 20:24:33
XC2020002,演溪路停车场,新昌县,70,23,2023-11-14 20:24:18
XC2020005,智慧家园停车场,新昌县,500,487,2023-11-14 20:19:58
XC2020023,城西小学停车场,新昌县,315,91,2023-11-14 20:19:55
XC2020007,鼓山公园停车场,新昌县,998,164,2023-11-14 20:19:54
XC2020022,大佛寺文化旅游区停车场,新昌县,290,156,2023-11-14 20:19:34
XC2020003,服务大楼停车场,新昌县,200,113,2023-11-14 20:19:33
XC2020002,演溪路停车场,新昌县,70,24,2023-11-14 20:19:18
XC2020005,智慧家园停车场,新昌县,500,488,2023-11-14 20:14:58
XC2020023,城西小学停车场,新昌县,315,89,2023-11-14 20:14:55
XC2020007,鼓山公园停车场,新昌县,998,157,2023-11-14 20:14:54
XC2020022,大佛寺文化旅游区停车场,新昌县,290,157,2023-11-14 20:14:34
XC2020003,服务大楼停车场,新昌县,200,113,2023-11-14 20:14:33
XC2020002,演溪路停车场,新昌县,70,24,2023-11-14 20:14:18
XC2020005,智慧家园停车场,新昌县,500,489,2023-11-14 20:09:58
XC2020023,城西小学停车场,新昌县,315,89,2023-11-14 20:09:55
XC2020007,鼓山公园停车场,新昌县,998,142,2023-11-14 20:09:54
XC2020022,大佛寺文化旅游区停车场,新昌县,290,158,2023-11-14 20:09:34
XC2020003,服务大楼停车场,新昌县,200,114,2023-11-14 20:09:33
XC2020002,演溪路停车场,新昌县,70,26,2023-11-14 20:09:18
XC2020005,智慧家园停车场,新昌县,500,489,2023-11-14 20:04:58
XC2020023,城西小学停车场,新昌县,315,90,2023-11-14 20:04:55
XC2020007,鼓山公园停车场,新昌县,998,127,2023-11-14 20:04:54
XC2020022,大佛寺文化旅游区停车场,新昌县,290,157,2023-11-14 20:04:34
XC2020003,服务大楼停车场,新昌县,200,114,2023-11-14 20:04:33
XC2020002,演溪路停车场,新昌县,70,26,2023-11-14 20:04:18
XC2020005,智慧家园停车场,新昌县,500,489,2023-11-14 19:59:58
XC2020023,城西小学停车场,新昌县,315,90,2023-11-14 19:59:55
XC2020007,鼓山公园停车场,新昌县,998,125,2023-11-14 19:59:54
XC2020022,大佛寺文化旅游区停车场,新昌县,290,155,2023-11-14 19:59:34
XC2020003,服务大楼停车场,新昌县,200,112,2023-11-14 19:59:33
XC2020002,演溪路停车场,新昌县,70,27,2023-11-14 19:59:18
XC2020005,智慧家园停车场,新昌县,500,487,2023-11-14 19:54:58
XC2020023,城西小学停车场,新昌县,315,91,2023-11-14 19:54:55
XC2020007,鼓山公园停车场,新昌县,998,122,2023-11-14 19:54:54
XC2020022,大佛寺文化旅游区停车场,新昌县,290,152,2023-11-14 19:54:34
XC2020003,服务大楼停车场,新昌县,200,113,2023-11-14 19:54:33
XC2020002,演溪路停车场,新昌县,70,25,2023-11-14 19:54:18
XC2020005,智慧家园停车场,新昌县,500,485,2023-11-14 19:49:58
XC2020023,城西小学停车场,新昌县,315,93,2023-11-14 19:49:55
XC2020007,鼓山公园停车场,新昌县,998,118,2023-11-14 19:49:54
XC2020022,大佛寺文化旅游区停车场,新昌县,290,153,2023-11-14 19:49:34
XC2020003,服务大楼停车场,新昌县,200,114,2023-11-14 19:49:33
XC2020002,演溪路停车场,新昌县,70,26,2023-11-14 19:49:18
XC2020005,智慧家园停车场,新昌县,500,486,2023-11-14 19:44:58
XC2020023,城西小学停车场,新昌县,315,93,2023-11-14 19:44:55
XC2020007,鼓山公园停车场,新昌县,998,111,2023-11-14 19:44:54
XC2020022,大佛寺文化旅游区停车场,新昌县,290,154,2023-11-14 19:44:34
XC2020003,服务大楼停车场,新昌县,200,115,2023-11-14 19:44:33
XC2020002,演溪路停车场,新昌县,70,26,2023-11-14 19:44:18
XC2020005,智慧家园停车场,新昌县,500,485,2023-11-14 19:39:58
XC2020023,城西小学停车场,新昌县,315,94,2023-11-14 19:39:55
XC2020007,鼓山公园停车场,新昌县,998,115,2023-11-14 19:39:54
XC2020022,大佛寺文化旅游区停车场,新昌县,290,154,2023-11-14 19:39:34
XC2020003,服务大楼停车场,新昌县,200,114,2023-11-14 19:39:33
XC2020002,演溪路停车场,新昌县,70,25,2023-11-14 19:39:18
XC2020005,智慧家园停车场,新昌县,500,485,2023-11-14 19:34:58
XC2020023,城西小学停车场,新昌县,315,95,2023-11-14 19:34:55
XC2020007,鼓山公园停车场,新昌县,998,116,2023-11-14 19:34:54
XC2020022,大佛寺文化旅游区停车场,新昌县,290,154,2023-11-14 19:34:34
XC2020003,服务大楼停车场,新昌县,200,114,2023-11-14 19:34:33
XC2020002,演溪路停车场,新昌县,70,25,2023-11-14 19:34:18
XC2020005,智慧家园停车场,新昌县,500,485,2023-11-14 19:29:58
XC2020023,城西小学停车场,新昌县,315,92,2023-11-14 19:29:55
XC2020007,鼓山公园停车场,新昌县,998,110,2023-11-14 19:29:54
XC2020022,大佛寺文化旅游区停车场,新昌县,290,155,2023-11-14 19:29:34
XC2020003,服务大楼停车场,新昌县,200,113,2023-11-14 19:29:33
XC2020002,演溪路停车场,新昌县,70,26,2023-11-14 19:29:18
XC2020005,智慧家园停车场,新昌县,500,484,2023-11-14 19:24:58
XC2020023,城西小学停车场,新昌县,315,93,2023-11-14 19:24:55
XC2020007,鼓山公园停车场,新昌县,998,108,2023-11-14 19:24:54
XC2020022,大佛寺文化旅游区停车场,新昌县,290,155,2023-11-14 19:24:34
XC2020003,服务大楼停车场,新昌县,200,113,2023-11-14 19:24:33
XC2020002,演溪路停车场,新昌县,70,22,2023-11-14 19:24:18
XC2020005,智慧家园停车场,新昌县,500,483,2023-11-14 19:19:58
XC2020023,城西小学停车场,新昌县,315,95,2023-11-14 19:19:55
XC2020007,鼓山公园停车场,新昌县,998,94,2023-11-14 19:19:54
XC2020022,大佛寺文化旅游区停车场,新昌县,290,154,2023-11-14 19:19:34
XC2020003,服务大楼停车场,新昌县,200,114,2023-11-14 19:19:33
XC2020002,演溪路停车场,新昌县,70,19,2023-11-14 19:19:18
XC2020005,智慧家园停车场,新昌县,500,481,2023-11-14 19:14:58
XC2020023,城西小学停车场,新昌县,315,97,2023-11-14 19:14:55
XC2020007,鼓山公园停车场,新昌县,998,91,2023-11-14 19:14:54
XC2020022,大佛寺文化旅游区停车场,新昌县,290,154,2023-11-14 19:14:34
XC2020003,服务大楼停车场,新昌县,200,114,2023-11-14 19:14:33
XC2020002,演溪路停车场,新昌县,70,19,2023-11-14 19:14:18
XC2020005,智慧家园停车场,新昌县,500,479,2023-11-14 19:09:58
XC2020023,城西小学停车场,新昌县,315,103,2023-11-14 19:09:55
XC2020007,鼓山公园停车场,新昌县,998,92,2023-11-14 19:09:54
XC2020022,大佛寺文化旅游区停车场,新昌县,290,154,2023-11-14 19:09:34
XC2020003,服务大楼停车场,新昌县,200,113,2023-11-14 19:09:33
XC2020002,演溪路停车场,新昌县,70,15,2023-11-14 19:09:18
XC2020005,智慧家园停车场,新昌县,500,479,2023-11-14 19:04:58
XC2020023,城西小学停车场,新昌县,315,102,2023-11-14 19:04:55
XC2020007,鼓山公园停车场,新昌县,998,89,2023-11-14 19:04:54
XC2020022,大佛寺文化旅游区停车场,新昌县,290,152,2023-11-14 19:04:34
XC2020003,服务大楼停车场,新昌县,200,115,2023-11-14 19:04:33
XC2020002,演溪路停车场,新昌县,70,10,2023-11-14 19:04:18
XC2020005,智慧家园停车场,新昌县,500,479,2023-11-14 18:59:58
XC2020023,城西小学停车场,新昌县,315,106,2023-11-14 18:59:55
XC2020007,鼓山公园停车场,新昌县,998,80,2023-11-14 18:59:54
XC2020022,大佛寺文化旅游区停车场,新昌县,290,151,2023-11-14 18:59:34
XC2020003,服务大楼停车场,新昌县,200,117,2023-11-14 18:59:33
XC2020002,演溪路停车场,新昌县,70,4,2023-11-14 18:59:18
XC2020005,智慧家园停车场,新昌县,500,482,2023-11-14 18:54:58
XC2020023,城西小学停车场,新昌县,315,106,2023-11-14 18:54:55
XC2020007,鼓山公园停车场,新昌县,998,81,2023-11-14 18:54:54
XC2020022,大佛寺文化旅游区停车场,新昌县,290,152,2023-11-14 18:54:34
XC2020003,服务大楼停车场,新昌县,200,118,2023-11-14 18:54:33
XC2020002,演溪路停车场,新昌县,70,0,2023-11-14 18:54:18
XC2020005,智慧家园停车场,新昌县,500,482,2023-11-14 18:49:58
XC2020023,城西小学停车场,新昌县,315,110,2023-11-14 18:49:55
XC2020007,鼓山公园停车场,新昌县,998,89,2023-11-14 18:49:54
XC2020022,大佛寺文化旅游区停车场,新昌县,290,152,2023-11-14 18:49:34
XC2020003,服务大楼停车场,新昌县,200,119,2023-11-14 18:49:33
XC2020002,演溪路停车场,新昌县,70,3,2023-11-14 18:49:18
XC2020005,智慧家园停车场,新昌县,500,481,2023-11-14 18:44:58
XC2020023,城西小学停车场,新昌县,315,109,2023-11-14 18:44:55
XC2020007,鼓山公园停车场,新昌县,998,90,2023-11-14 18:44:54
XC2020022,大佛寺文化旅游区停车场,新昌县,290,153,2023-11-14 18:44:34
XC2020003,服务大楼停车场,新昌县,200,122,2023-11-14 18:44:33
XC2020002,演溪路停车场,新昌县,70,3,2023-11-14 18:44:18
XC2020005,智慧家园停车场,新昌县,500,481,2023-11-14 18:39:58
XC2020023,城西小学停车场,新昌县,315,112,2023-11-14 18:39:55
XC2020007,鼓山公园停车场,新昌县,998,91,2023-11-14 18:39:54
XC2020022,大佛寺文化旅游区停车场,新昌县,290,152,2023-11-14 18:39:34
XC2020003,服务大楼停车场,新昌县,200,122,2023-11-14 18:39:33
XC2020002,演溪路停车场,新昌县,70,2,2023-11-14 18:39:18
XC2020005,智慧家园停车场,新昌县,500,481,2023-11-14 18:34:58
XC2020023,城西小学停车场,新昌县,315,112,2023-11-14 18:34:55
XC2020007,鼓山公园停车场,新昌县,998,86,2023-11-14 18:34:54
XC2020022,大佛寺文化旅游区停车场,新昌县,290,153,2023-11-14 18:34:34
XC2020003,服务大楼停车场,新昌县,200,125,2023-11-14 18:34:33
XC2020002,演溪路停车场,新昌县,70,2,2023-11-14 18:34:18
XC2020005,智慧家园停车场,新昌县,500,481,2023-11-14 18:29:58
XC2020023,城西小学停车场,新昌县,315,113,2023-11-14 18:29:55
XC2020007,鼓山公园停车场,新昌县,998,84,2023-11-14 18:29:54
XC2020022,大佛寺文化旅游区停车场,新昌县,290,154,2023-11-14 18:29:34
XC2020003,服务大楼停车场,新昌县,200,126,2023-11-14 18:29:33
XC2020002,演溪路停车场,新昌县,70,5,2023-11-14 18:29:18
XC2020005,智慧家园停车场,新昌县,500,482,2023-11-14 18:24:58
XC2020023,城西小学停车场,新昌县,315,114,2023-11-14 18:24:55
XC2020007,鼓山公园停车场,新昌县,998,84,2023-11-14 18:24:54
XC2020022,大佛寺文化旅游区停车场,新昌县,290,159,2023-11-14 18:24:34
XC2020003,服务大楼停车场,新昌县,200,126,2023-11-14 18:24:33
XC2020002,演溪路停车场,新昌县,70,4,2023-11-14 18:24:18
XC2020005,智慧家园停车场,新昌县,500,483,2023-11-14 18:19:58
XC2020023,城西小学停车场,新昌县,315,118,2023-11-14 18:19:55
XC2020007,鼓山公园停车场,新昌县,998,94,2023-11-14 18:19:54
XC2020022,大佛寺文化旅游区停车场,新昌县,290,159,2023-11-14 18:19:34
XC2020003,服务大楼停车场,新昌县,200,130,2023-11-14 18:19:33
XC2020002,演溪路停车场,新昌县,70,1,2023-11-14 18:19:18
XC2020005,智慧家园停车场,新昌县,500,482,2023-11-14 18:14:58
XC2020023,城西小学停车场,新昌县,315,119,2023-11-14 18:14:55
XC2020007,鼓山公园停车场,新昌县,998,100,2023-11-14 18:14:54
XC2020022,大佛寺文化旅游区停车场,新昌县,290,159,2023-11-14 18:14:34
XC2020003,服务大楼停车场,新昌县,200,130,2023-11-14 18:14:33
XC2020002,演溪路停车场,新昌县,70,2,2023-11-14 18:14:18
XC2020005,智慧家园停车场,新昌县,500,482,2023-11-14 18:09:58
XC2020023,城西小学停车场,新昌县,315,120,2023-11-14 18:09:55
XC2020007,鼓山公园停车场,新昌县,998,105,2023-11-14 18:09:54
XC2020022,大佛寺文化旅游区停车场,新昌县,290,158,2023-11-14 18:09:34
XC2020003,服务大楼停车场,新昌县,200,129,2023-11-14 18:09:33
XC2020002,演溪路停车场,新昌县,70,3,2023-11-14 18:09:18
XC2020005,智慧家园停车场,新昌县,500,484,2023-11-14 18:04:58
XC2020023,城西小学停车场,新昌县,315,123,2023-11-14 18:04:55
XC2020007,鼓山公园停车场,新昌县,998,107,2023-11-14 18:04:54
XC2020022,大佛寺文化旅游区停车场,新昌县,290,157,2023-11-14 18:04:34
XC2020003,服务大楼停车场,新昌县,200,129,2023-11-14 18:04:33
XC2020002,演溪路停车场,新昌县,70,2,2023-11-14 18:04:18
XC2020005,智慧家园停车场,新昌县,500,484,2023-11-14 17:59:58
XC2020023,城西小学停车场,新昌县,315,128,2023-11-14 17:59:55
XC2020007,鼓山公园停车场,新昌县,998,102,2023-11-14 17:59:54
XC2020022,大佛寺文化旅游区停车场,新昌县,290,157,2023-11-14 17:59:34
XC2020003,服务大楼停车场,新昌县,200,129,2023-11-14 17:59:33
XC2020002,演溪路停车场,新昌县,70,3,2023-11-14 17:59:18
XC2020005,智慧家园停车场,新昌县,500,484,2023-11-14 17:54:58
XC2020023,城西小学停车场,新昌县,315,130,2023-11-14 17:54:55
XC2020007,鼓山公园停车场,新昌县,998,106,2023-11-14 17:54:54
XC2020022,大佛寺文化旅游区停车场,新昌县,290,160,2023-11-14 17:54:34
XC2020003,服务大楼停车场,新昌县,200,128,2023-11-14 17:54:33
XC2020002,演溪路停车场,新昌县,70,3,2023-11-14 17:54:18
XC2020005,智慧家园停车场,新昌县,500,486,2023-11-14 17:49:58
XC2020023,城西小学停车场,新昌县,315,134,2023-11-14 17:49:55
XC2020007,鼓山公园停车场,新昌县,998,106,2023-11-14 17:49:54
XC2020022,大佛寺文化旅游区停车场,新昌县,290,160,2023-11-14 17:49:34
XC2020003,服务大楼停车场,新昌县,200,129,2023-11-14 17:49:33
XC2020002,演溪路停车场,新昌县,70,1,2023-11-14 17:49:18
XC2020005,智慧家园停车场,新昌县,500,490,2023-11-14 17:44:58
XC2020023,城西小学停车场,新昌县,315,139,2023-11-14 17:44:55
XC2020007,鼓山公园停车场,新昌县,998,106,2023-11-14 17:44:54
XC2020022,大佛寺文化旅游区停车场,新昌县,290,163,2023-11-14 17:44:34
XC2020003,服务大楼停车场,新昌县,200,130,2023-11-14 17:44:33
XC2020002,演溪路停车场,新昌县,70,2,2023-11-14 17:44:18
XC2020005,智慧家园停车场,新昌县,500,495,2023-11-14 17:39:58
XC2020023,城西小学停车场,新昌县,315,141,2023-11-14 17:39:55
XC2020007,鼓山公园停车场,新昌县,998,110,2023-11-14 17:39:54
XC2020022,大佛寺文化旅游区停车场,新昌县,290,164,2023-11-14 17:39:34
XC2020003,服务大楼停车场,新昌县,200,131,2023-11-14 17:39:33
XC2020002,演溪路停车场,新昌县,70,6,2023-11-14 17:39:18
XC2020005,智慧家园停车场,新昌县,500,496,2023-11-14 17:34:58
XC2020023,城西小学停车场,新昌县,315,142,2023-11-14 17:34:55
XC2020007,鼓山公园停车场,新昌县,998,115,2023-11-14 17:34:54
XC2020022,大佛寺文化旅游区停车场,新昌县,290,164,2023-11-14 17:34:34
XC2020003,服务大楼停车场,新昌县,200,132,2023-11-14 17:34:33
XC2020002,演溪路停车场,新昌县,70,9,2023-11-14 17:34:18
XC2020005,智慧家园停车场,新昌县,500,498,2023-11-14 17:29:58
XC2020023,城西小学停车场,新昌县,315,141,2023-11-14 17:29:55
XC2020007,鼓山公园停车场,新昌县,998,123,2023-11-14 17:29:54
XC2020022,大佛寺文化旅游区停车场,新昌县,290,166,2023-11-14 17:29:34
XC2020003,服务大楼停车场,新昌县,200,135,2023-11-14 17:29:33
XC2020002,演溪路停车场,新昌县,70,10,2023-11-14 17:29:18
XC2020005,智慧家园停车场,新昌县,500,500,2023-11-14 17:24:58
XC2020023,城西小学停车场,新昌县,315,138,2023-11-14 17:24:55
XC2020007,鼓山公园停车场,新昌县,998,129,2023-11-14 17:24:54
XC2020022,大佛寺文化旅游区停车场,新昌县,290,166,2023-11-14 17:24:34
XC2020003,服务大楼停车场,新昌县,200,137,2023-11-14 17:24:33
XC2020002,演溪路停车场,新昌县,70,16,2023-11-14 17:24:18
XC2020005,智慧家园停车场,新昌县,500,500,2023-11-14 17:19:58
XC2020023,城西小学停车场,新昌县,315,103,2023-11-14 17:19:55
XC2020007,鼓山公园停车场,新昌县,998,123,2023-11-14 17:19:54
XC2020022,大佛寺文化旅游区停车场,新昌县,290,166,2023-11-14 17:19:34
XC2020003,服务大楼停车场,新昌县,200,140,2023-11-14 17:19:33
XC2020002,演溪路停车场,新昌县,70,21,2023-11-14 17:19:18
XC2020005,智慧家园停车场,新昌县,500,500,2023-11-14 17:14:58
XC2020023,城西小学停车场,新昌县,315,72,2023-11-14 17:14:55
XC2020007,鼓山公园停车场,新昌县,998,108,2023-11-14 17:14:54
XC2020022,大佛寺文化旅游区停车场,新昌县,290,159,2023-11-14 17:14:34
XC2020003,服务大楼停车场,新昌县,200,135,2023-11-14 17:14:33
XC2020002,演溪路停车场,新昌县,70,24,2023-11-14 17:14:18
XC2020005,智慧家园停车场,新昌县,500,500,2023-11-14 17:09:58
XC2020023,城西小学停车场,新昌县,315,45,2023-11-14 17:09:55
XC2020007,鼓山公园停车场,新昌县,998,96,2023-11-14 17:09:54
XC2020022,大佛寺文化旅游区停车场,新昌县,290,161,2023-11-14 17:09:34
XC2020003,服务大楼停车场,新昌县,200,135,2023-11-14 17:09:33
XC2020002,演溪路停车场,新昌县,70,31,2023-11-14 17:09:18
XC2020005,智慧家园停车场,新昌县,500,499,2023-11-14 17:04:58
XC2020023,城西小学停车场,新昌县,315,31,2023-11-14 17:04:55
XC2020007,鼓山公园停车场,新昌县,998,89,2023-11-14 17:04:54
XC2020022,大佛寺文化旅游区停车场,新昌县,290,163,2023-11-14 17:04:34
XC2020003,服务大楼停车场,新昌县,200,138,2023-11-14 17:04:33
XC2020002,演溪路停车场,新昌县,70,32,2023-11-14 17:04:18
XC2020005,智慧家园停车场,新昌县,500,500,2023-11-14 16:59:58
XC2020023,城西小学停车场,新昌县,315,33,2023-11-14 16:59:55
XC2020007,鼓山公园停车场,新昌县,998,92,2023-11-14 16:59:54
XC2020022,大佛寺文化旅游区停车场,新昌县,290,161,2023-11-14 16:59:34
XC2020003,服务大楼停车场,新昌县,200,121,2023-11-14 16:59:33
XC2020002,演溪路停车场,新昌县,70,34,2023-11-14 16:59:18
XC2020005,智慧家园停车场,新昌县,500,499,2023-11-14 16:54:58
XC2020023,城西小学停车场,新昌县,315,29,2023-11-14 16:54:55
XC2020007,鼓山公园停车场,新昌县,998,105,2023-11-14 16:54:54
XC2020022,大佛寺文化旅游区停车场,新昌县,290,158,2023-11-14 16:54:34
XC2020003,服务大楼停车场,新昌县,200,104,2023-11-14 16:54:33
XC2020002,演溪路停车场,新昌县,70,37,2023-11-14 16:54:18
XC2020005,智慧家园停车场,新昌县,500,500,2023-11-14 16:49:58
XC2020023,城西小学停车场,新昌县,315,20,2023-11-14 16:49:55
XC2020007,鼓山公园停车场,新昌县,998,122,2023-11-14 16:49:54
XC2020022,大佛寺文化旅游区停车场,新昌县,290,157,2023-11-14 16:49:34
XC2020003,服务大楼停车场,新昌县,200,92,2023-11-14 16:49:33
XC2020002,演溪路停车场,新昌县,70,42,2023-11-14 16:49:18
XC2020005,智慧家园停车场,新昌县,500,499,2023-11-14 16:44:58
XC2020023,城西小学停车场,新昌县,315,41,2023-11-14 16:44:55
XC2020007,鼓山公园停车场,新昌县,998,139,2023-11-14 16:44:54
XC2020022,大佛寺文化旅游区停车场,新昌县,290,142,2023-11-14 16:44:34
XC2020003,服务大楼停车场,新昌县,200,85,2023-11-14 16:44:33
XC2020002,演溪路停车场,新昌县,70,40,2023-11-14 16:44:18
XC2020005,智慧家园停车场,新昌县,500,498,2023-11-14 16:39:58
XC2020023,城西小学停车场,新昌县,315,77,2023-11-14 16:39:55
XC2020007,鼓山公园停车场,新昌县,998,155,2023-11-14 16:39:54
XC2020022,大佛寺文化旅游区停车场,新昌县,290,140,2023-11-14 16:39:34
XC2020003,服务大楼停车场,新昌县,200,78,2023-11-14 16:39:33
XC2020002,演溪路停车场,新昌县,70,43,2023-11-14 16:39:18
XC2020005,智慧家园停车场,新昌县,500,498,2023-11-14 16:34:58
XC2020023,城西小学停车场,新昌县,315,94,2023-11-14 16:34:55
XC2020007,鼓山公园停车场,新昌县,998,158,2023-11-14 16:34:54
XC2020022,大佛寺文化旅游区停车场,新昌县,290,139,2023-11-14 16:34:34
XC2020003,服务大楼停车场,新昌县,200,72,2023-11-14 16:34:33
XC2020002,演溪路停车场,新昌县,70,45,2023-11-14 16:34:18
XC2020005,智慧家园停车场,新昌县,500,497,2023-11-14 16:29:58
XC2020023,城西小学停车场,新昌县,315,99,2023-11-14 16:29:55
XC2020007,鼓山公园停车场,新昌县,998,157,2023-11-14 16:29:54
XC2020022,大佛寺文化旅游区停车场,新昌县,290,137,2023-11-14 16:29:34
XC2020003,服务大楼停车场,新昌县,200,61,2023-11-14 16:29:33
XC2020002,演溪路停车场,新昌县,70,46,2023-11-14 16:29:18
XC2020005,智慧家园停车场,新昌县,500,497,2023-11-14 16:24:58
XC2020023,城西小学停车场,新昌县,315,98,2023-11-14 16:24:55
XC2020007,鼓山公园停车场,新昌县,998,159,2023-11-14 16:24:54
XC2020022,大佛寺文化旅游区停车场,新昌县,290,136,2023-11-14 16:24:34
XC2020003,服务大楼停车场,新昌县,200,57,2023-11-14 16:24:33
XC2020002,演溪路停车场,新昌县,70,47,2023-11-14 16:24:18
XC2020005,智慧家园停车场,新昌县,500,498,2023-11-14 16:19:58
XC2020023,城西小学停车场,新昌县,315,92,2023-11-14 16:19:55
XC2020007,鼓山公园停车场,新昌县,998,151,2023-11-14 16:19:54
XC2020022,大佛寺文化旅游区停车场,新昌县,290,134,2023-11-14 16:19:34
XC2020003,服务大楼停车场,新昌县,200,58,2023-11-14 16:19:33
XC2020002,演溪路停车场,新昌县,70,49,2023-11-14 16:19:18
XC2020005,智慧家园停车场,新昌县,500,498,2023-11-14 16:14:58
XC2020023,城西小学停车场,新昌县,315,94,2023-11-14 16:14:55
XC2020007,鼓山公园停车场,新昌县,998,153,2023-11-14 16:14:54
XC2020022,大佛寺文化旅游区停车场,新昌县,290,133,2023-11-14 16:14:34
XC2020003,服务大楼停车场,新昌县,200,59,2023-11-14 16:14:33
XC2020002,演溪路停车场,新昌县,70,50,2023-11-14 16:14:18
XC2020005,智慧家园停车场,新昌县,500,498,2023-11-14 16:09:58
XC2020023,城西小学停车场,新昌县,315,100,2023-11-14 16:09:55
XC2020007,鼓山公园停车场,新昌县,998,157,2023-11-14 16:09:54
XC2020022,大佛寺文化旅游区停车场,新昌县,290,133,2023-11-14 16:09:34
XC2020003,服务大楼停车场,新昌县,200,45,2023-11-14 16:09:33
XC2020002,演溪路停车场,新昌县,70,49,2023-11-14 16:09:18
XC2020005,智慧家园停车场,新昌县,500,497,2023-11-14 16:04:58
XC2020023,城西小学停车场,新昌县,315,104,2023-11-14 16:04:55
XC2020007,鼓山公园停车场,新昌县,998,153,2023-11-14 16:04:54
XC2020022,大佛寺文化旅游区停车场,新昌县,290,131,2023-11-14 16:04:34
XC2020003,服务大楼停车场,新昌县,200,40,2023-11-14 16:04:33
XC2020002,演溪路停车场,新昌县,70,51,2023-11-14 16:04:18
XC2020005,智慧家园停车场,新昌县,500,499,2023-11-14 15:59:58
XC2020023,城西小学停车场,新昌县,315,103,2023-11-14 15:59:55
XC2020007,鼓山公园停车场,新昌县,998,151,2023-11-14 15:59:54
XC2020022,大佛寺文化旅游区停车场,新昌县,290,132,2023-11-14 15:59:34
XC2020003,服务大楼停车场,新昌县,200,35,2023-11-14 15:59:33
XC2020002,演溪路停车场,新昌县,70,52,2023-11-14 15:59:18
XC2020005,智慧家园停车场,新昌县,500,499,2023-11-14 15:54:58
XC2020023,城西小学停车场,新昌县,315,102,2023-11-14 15:54:55
XC2020007,鼓山公园停车场,新昌县,998,151,2023-11-14 15:54:54
XC2020022,大佛寺文化旅游区停车场,新昌县,290,127,2023-11-14 15:54:34
XC2020003,服务大楼停车场,新昌县,200,39,2023-11-14 15:54:33
XC2020002,演溪路停车场,新昌县,70,54,2023-11-14 15:54:18
XC2020005,智慧家园停车场,新昌县,500,499,2023-11-14 15:49:58
XC2020023,城西小学停车场,新昌县,315,93,2023-11-14 15:49:55
XC2020007,鼓山公园停车场,新昌县,998,151,2023-11-14 15:49:54
XC2020022,大佛寺文化旅游区停车场,新昌县,290,124,2023-11-14 15:49:34
XC2020003,服务大楼停车场,新昌县,200,33,2023-11-14 15:49:33
XC2020002,演溪路停车场,新昌县,70,55,2023-11-14 15:49:18
XC2020002,演溪路停车场,新昌县,70,56,2023-11-14 15:46:18
XC2020003,服务大楼停车场,新昌县,200,33,2023-11-14 15:46:03
XC2020005,智慧家园停车场,新昌县,500,499,2023-11-14 15:45:58
XC2020023,城西小学停车场,新昌县,315,88,2023-11-14 15:45:55
XC2020022,大佛寺文化旅游区停车场,新昌县,290,122,2023-11-14 15:45:34
XC2020007,鼓山公园停车场,新昌县,998,152,2023-11-14 15:44:54
XC2020005,智慧家园停车场,新昌县,500,499,2023-11-14 15:29:58
XC2020023,城西小学停车场,新昌县,315,54,2023-11-14 15:29:55
XC2020007,鼓山公园停车场,新昌县,998,157,2023-11-14 15:29:54
XC2020022,大佛寺文化旅游区停车场,新昌县,290,119,2023-11-14 15:29:34
XC2020003,服务大楼停车场,新昌县,200,33,2023-11-14 15:29:33
XC2020002,演溪路停车场,新昌县,70,54,2023-11-14 15:29:18
XC2020005,智慧家园停车场,新昌县,500,499,2023-11-14 15:24:58
XC2020023,城西小学停车场,新昌县,315,52,2023-11-14 15:24:55
XC2020007,鼓山公园停车场,新昌县,998,160,2023-11-14 15:24:54
XC2020022,大佛寺文化旅游区停车场,新昌县,290,119,2023-11-14 15:24:34
XC2020003,服务大楼停车场,新昌县,200,28,2023-11-14 15:24:33
XC2020002,演溪路停车场,新昌县,70,55,2023-11-14 15:24:18
XC2020005,智慧家园停车场,新昌县,500,499,2023-11-14 15:19:58
XC2020023,城西小学停车场,新昌县,315,57,2023-11-14 15:19:55
XC2020007,鼓山公园停车场,新昌县,998,161,2023-11-14 15:19:54
XC2020022,大佛寺文化旅游区停车场,新昌县,290,118,2023-11-14 15:19:34
XC2020003,服务大楼停车场,新昌县,200,31,2023-11-14 15:19:33
XC2020002,演溪路停车场,新昌县,70,54,2023-11-14 15:19:18
XC2020005,智慧家园停车场,新昌县,500,499,2023-11-14 15:14:58
XC2020023,城西小学停车场,新昌县,315,40,2023-11-14 15:14:55
XC2020007,鼓山公园停车场,新昌县,998,154,2023-11-14 15:14:54
XC2020022,大佛寺文化旅游区停车场,新昌县,290,116,2023-11-14 15:14:34
XC2020003,服务大楼停车场,新昌县,200,30,2023-11-14 15:14:33
XC2020002,演溪路停车场,新昌县,70,54,2023-11-14 15:14:18
XC2020005,智慧家园停车场,新昌县,500,499,2023-11-14 15:09:58
XC2020023,城西小学停车场,新昌县,315,19,2023-11-14 15:09:55
XC2020007,鼓山公园停车场,新昌县,998,156,2023-11-14 15:09:54
XC2020022,大佛寺文化旅游区停车场,新昌县,290,112,2023-11-14 15:09:34
XC2020003,服务大楼停车场,新昌县,200,36,2023-11-14 15:09:33
XC2020002,演溪路停车场,新昌县,70,53,2023-11-14 15:09:18
XC2020005,智慧家园停车场,新昌县,500,499,2023-11-14 15:04:58
XC2020023,城西小学停车场,新昌县,315,25,2023-11-14 15:04:55
XC2020007,鼓山公园停车场,新昌县,998,157,2023-11-14 15:04:54
XC2020022,大佛寺文化旅游区停车场,新昌县,290,111,2023-11-14 15:04:34
XC2020003,服务大楼停车场,新昌县,200,30,2023-11-14 15:04:33
XC2020002,演溪路停车场,新昌县,70,52,2023-11-14 15:04:18
XC2020005,智慧家园停车场,新昌县,500,499,2023-11-14 14:59:58
XC2020023,城西小学停车场,新昌县,315,41,2023-11-14 14:59:55
XC2020007,鼓山公园停车场,新昌县,998,165,2023-11-14 14:59:54
XC2020022,大佛寺文化旅游区停车场,新昌县,290,109,2023-11-14 14:59:34
XC2020003,服务大楼停车场,新昌县,200,30,2023-11-14 14:59:33
XC2020002,演溪路停车场,新昌县,70,52,2023-11-14 14:59:18
XC2020005,智慧家园停车场,新昌县,500,499,2023-11-14 14:54:58
XC2020023,城西小学停车场,新昌县,315,53,2023-11-14 14:54:55
XC2020007,鼓山公园停车场,新昌县,998,164,2023-11-14 14:54:54
XC2020022,大佛寺文化旅游区停车场,新昌县,290,111,2023-11-14 14:54:34
XC2020003,服务大楼停车场,新昌县,200,28,2023-11-14 14:54:33
XC2020002,演溪路停车场,新昌县,70,50,2023-11-14 14:54:18
XC2020005,智慧家园停车场,新昌县,500,500,2023-11-14 14:49:58
XC2020023,城西小学停车场,新昌县,315,67,2023-11-14 14:49:55
XC2020007,鼓山公园停车场,新昌县,998,170,2023-11-14 14:49:54
XC2020022,大佛寺文化旅游区停车场,新昌县,290,110,2023-11-14 14:49:34
XC2020003,服务大楼停车场,新昌县,200,27,2023-11-14 14:49:33
XC2020002,演溪路停车场,新昌县,70,51,2023-11-14 14:49:18
XC2020005,智慧家园停车场,新昌县,500,500,2023-11-14 14:44:58
XC2020023,城西小学停车场,新昌县,315,78,2023-11-14 14:44:55
XC2020007,鼓山公园停车场,新昌县,998,171,2023-11-14 14:44:54
XC2020022,大佛寺文化旅游区停车场,新昌县,290,106,2023-11-14 14:44:34
XC2020003,服务大楼停车场,新昌县,200,30,2023-11-14 14:44:33
XC2020002,演溪路停车场,新昌县,70,52,2023-11-14 14:44:18
XC2020005,智慧家园停车场,新昌县,500,500,2023-11-14 14:39:58
XC2020023,城西小学停车场,新昌县,315,78,2023-11-14 14:39:55
XC2020007,鼓山公园停车场,新昌县,998,176,2023-11-14 14:39:54
XC2020022,大佛寺文化旅游区停车场,新昌县,290,101,2023-11-14 14:39:34
XC2020003,服务大楼停车场,新昌县,200,27,2023-11-14 14:39:33
XC2020002,演溪路停车场,新昌县,70,49,2023-11-14 14:39:18
XC2020005,智慧家园停车场,新昌县,500,499,2023-11-14 14:34:58
XC2020023,城西小学停车场,新昌县,315,79,2023-11-14 14:34:55
XC2020007,鼓山公园停车场,新昌县,998,180,2023-11-14 14:34:54
XC2020022,大佛寺文化旅游区停车场,新昌县,290,104,2023-11-14 14:34:34
XC2020003,服务大楼停车场,新昌县,200,24,2023-11-14 14:34:33
XC2020002,演溪路停车场,新昌县,70,49,2023-11-14 14:34:18
XC2020005,智慧家园停车场,新昌县,500,498,2023-11-14 14:29:58
XC2020023,城西小学停车场,新昌县,315,80,2023-11-14 14:29:55
XC2020007,鼓山公园停车场,新昌县,998,183,2023-11-14 14:29:54
XC2020022,大佛寺文化旅游区停车场,新昌县,290,100,2023-11-14 14:29:34
XC2020003,服务大楼停车场,新昌县,200,30,2023-11-14 14:29:33
XC2020002,演溪路停车场,新昌县,70,51,2023-11-14 14:29:18
XC2020005,智慧家园停车场,新昌县,500,497,2023-11-14 14:24:58
XC2020023,城西小学停车场,新昌县,315,84,2023-11-14 14:24:55
XC2020007,鼓山公园停车场,新昌县,998,186,2023-11-14 14:24:54
XC2020022,大佛寺文化旅游区停车场,新昌县,290,103,2023-11-14 14:24:34
XC2020003,服务大楼停车场,新昌县,200,33,2023-11-14 14:24:33
XC2020002,演溪路停车场,新昌县,70,51,2023-11-14 14:24:18
XC2020005,智慧家园停车场,新昌县,500,497,2023-11-14 14:19:58
XC2020023,城西小学停车场,新昌县,315,87,2023-11-14 14:19:55
XC2020007,鼓山公园停车场,新昌县,998,182,2023-11-14 14:19:54
XC2020022,大佛寺文化旅游区停车场,新昌县,290,101,2023-11-14 14:19:34
XC2020003,服务大楼停车场,新昌县,200,38,2023-11-14 14:19:33
XC2020002,演溪路停车场,新昌县,70,48,2023-11-14 14:19:18
XC2020005,智慧家园停车场,新昌县,500,497,2023-11-14 14:14:58
XC2020023,城西小学停车场,新昌县,315,89,2023-11-14 14:14:55
XC2020007,鼓山公园停车场,新昌县,998,185,2023-11-14 14:14:54
XC2020022,大佛寺文化旅游区停车场,新昌县,290,103,2023-11-14 14:14:34
XC2020003,服务大楼停车场,新昌县,200,45,2023-11-14 14:14:33
XC2020002,演溪路停车场,新昌县,70,50,2023-11-14 14:14:18
XC2020005,智慧家园停车场,新昌县,500,496,2023-11-14 14:09:58
XC2020023,城西小学停车场,新昌县,315,87,2023-11-14 14:09:55
XC2020007,鼓山公园停车场,新昌县,998,186,2023-11-14 14:09:54
XC2020022,大佛寺文化旅游区停车场,新昌县,290,101,2023-11-14 14:09:34
XC2020003,服务大楼停车场,新昌县,200,54,2023-11-14 14:09:33
XC2020002,演溪路停车场,新昌县,70,50,2023-11-14 14:09:18
XC2020005,智慧家园停车场,新昌县,500,495,2023-11-14 14:04:58
XC2020023,城西小学停车场,新昌县,315,88,2023-11-14 14:04:55
XC2020007,鼓山公园停车场,新昌县,998,184,2023-11-14 14:04:54
XC2020022,大佛寺文化旅游区停车场,新昌县,290,101,2023-11-14 14:04:34
XC2020003,服务大楼停车场,新昌县,200,61,2023-11-14 14:04:33
XC2020002,演溪路停车场,新昌县,70,50,2023-11-14 14:04:18
XC2020005,智慧家园停车场,新昌县,500,495,2023-11-14 13:59:58
XC2020023,城西小学停车场,新昌县,315,89,2023-11-14 13:59:55
XC2020007,鼓山公园停车场,新昌县,998,184,2023-11-14 13:59:54
XC2020022,大佛寺文化旅游区停车场,新昌县,290,99,2023-11-14 13:59:34
XC2020003,服务大楼停车场,新昌县,200,77,2023-11-14 13:59:33
XC2020002,演溪路停车场,新昌县,70,50,2023-11-14 13:59:18
XC2020005,智慧家园停车场,新昌县,500,498,2023-11-14 13:54:58
XC2020023,城西小学停车场,新昌县,315,88,2023-11-14 13:54:55
XC2020007,鼓山公园停车场,新昌县,998,185,2023-11-14 13:54:54
XC2020022,大佛寺文化旅游区停车场,新昌县,290,105,2023-11-14 13:54:34
XC2020003,服务大楼停车场,新昌县,200,93,2023-11-14 13:54:33
XC2020002,演溪路停车场,新昌县,70,49,2023-11-14 13:54:18
XC2020005,智慧家园停车场,新昌县,500,497,2023-11-14 13:49:58
XC2020023,城西小学停车场,新昌县,315,88,2023-11-14 13:49:55
XC2020007,鼓山公园停车场,新昌县,998,182,2023-11-14 13:49:54
XC2020022,大佛寺文化旅游区停车场,新昌县,290,106,2023-11-14 13:49:34
XC2020003,服务大楼停车场,新昌县,200,108,2023-11-14 13:49:33
XC2020002,演溪路停车场,新昌县,70,48,2023-11-14 13:49:18
XC2020005,智慧家园停车场,新昌县,500,498,2023-11-14 13:44:58
XC2020023,城西小学停车场,新昌县,315,88,2023-11-14 13:44:55
XC2020007,鼓山公园停车场,新昌县,998,183,2023-11-14 13:44:54
XC2020022,大佛寺文化旅游区停车场,新昌县,290,107,2023-11-14 13:44:34
XC2020003,服务大楼停车场,新昌县,200,113,2023-11-14 13:44:33
XC2020002,演溪路停车场,新昌县,70,47,2023-11-14 13:44:18
XC2020005,智慧家园停车场,新昌县,500,498,2023-11-14 13:39:58
XC2020023,城西小学停车场,新昌县,315,91,2023-11-14 13:39:55
XC2020007,鼓山公园停车场,新昌县,998,187,2023-11-14 13:39:54
XC2020022,大佛寺文化旅游区停车场,新昌县,290,107,2023-11-14 13:39:34
XC2020003,服务大楼停车场,新昌县,200,116,2023-11-14 13:39:33
XC2020002,演溪路停车场,新昌县,70,45,2023-11-14 13:39:18
XC2020005,智慧家园停车场,新昌县,500,499,2023-11-14 13:34:58
XC2020023,城西小学停车场,新昌县,315,91,2023-11-14 13:34:55
XC2020007,鼓山公园停车场,新昌县,998,186,2023-11-14 13:34:54
XC2020022,大佛寺文化旅游区停车场,新昌县,290,111,2023-11-14 13:34:34
XC2020003,服务大楼停车场,新昌县,200,118,2023-11-14 13:34:33
XC2020002,演溪路停车场,新昌县,70,45,2023-11-14 13:34:18
XC2020005,智慧家园停车场,新昌县,500,499,2023-11-14 13:29:58
XC2020023,城西小学停车场,新昌县,315,90,2023-11-14 13:29:55
XC2020007,鼓山公园停车场,新昌县,998,182,2023-11-14 13:29:54
XC2020022,大佛寺文化旅游区停车场,新昌县,290,111,2023-11-14 13:29:34
XC2020003,服务大楼停车场,新昌县,200,123,2023-11-14 13:29:33
XC2020002,演溪路停车场,新昌县,70,45,2023-11-14 13:29:18
XC2020005,智慧家园停车场,新昌县,500,499,2023-11-14 13:24:58
XC2020023,城西小学停车场,新昌县,315,89,2023-11-14 13:24:55
XC2020007,鼓山公园停车场,新昌县,998,178,2023-11-14 13:24:54
XC2020022,大佛寺文化旅游区停车场,新昌县,290,110,2023-11-14 13:24:34
XC2020003,服务大楼停车场,新昌县,200,125,2023-11-14 13:24:33
XC2020002,演溪路停车场,新昌县,70,45,2023-11-14 13:24:18
XC2020005,智慧家园停车场,新昌县,500,499,2023-11-14 13:19:58
XC2020023,城西小学停车场,新昌县,315,89,2023-11-14 13:19:55
XC2020007,鼓山公园停车场,新昌县,998,176,2023-11-14 13:19:54
XC2020022,大佛寺文化旅游区停车场,新昌县,290,110,2023-11-14 13:19:34
XC2020003,服务大楼停车场,新昌县,200,125,2023-11-14 13:19:33
XC2020002,演溪路停车场,新昌县,70,44,2023-11-14 13:19:18
XC2020005,智慧家园停车场,新昌县,500,498,2023-11-14 13:14:58
XC2020023,城西小学停车场,新昌县,315,88,2023-11-14 13:14:55
XC2020007,鼓山公园停车场,新昌县,998,171,2023-11-14 13:14:54
XC2020022,大佛寺文化旅游区停车场,新昌县,290,106,2023-11-14 13:14:34
XC2020003,服务大楼停车场,新昌县,200,129,2023-11-14 13:14:33
XC2020002,演溪路停车场,新昌县,70,44,2023-11-14 13:14:18
XC2020005,智慧家园停车场,新昌县,500,498,2023-11-14 13:09:58
XC2020023,城西小学停车场,新昌县,315,88,2023-11-14 13:09:55
XC2020007,鼓山公园停车场,新昌县,998,171,2023-11-14 13:09:54
XC2020022,大佛寺文化旅游区停车场,新昌县,290,108,2023-11-14 13:09:34
XC2020003,服务大楼停车场,新昌县,200,133,2023-11-14 13:09:33
XC2020002,演溪路停车场,新昌县,70,46,2023-11-14 13:09:18
XC2020005,智慧家园停车场,新昌县,500,498,2023-11-14 13:04:58
XC2020023,城西小学停车场,新昌县,315,87,2023-11-14 13:04:55
XC2020007,鼓山公园停车场,新昌县,998,167,2023-11-14 13:04:54
XC2020022,大佛寺文化旅游区停车场,新昌县,290,108,2023-11-14 13:04:34
XC2020003,服务大楼停车场,新昌县,200,133,2023-11-14 13:04:33
XC2020002,演溪路停车场,新昌县,70,47,2023-11-14 13:04:18
XC2020005,智慧家园停车场,新昌县,500,498,2023-11-14 12:59:58
XC2020023,城西小学停车场,新昌县,315,88,2023-11-14 12:59:55
XC2020007,鼓山公园停车场,新昌县,998,158,2023-11-14 12:59:54
XC2020022,大佛寺文化旅游区停车场,新昌县,290,107,2023-11-14 12:59:34
XC2020003,服务大楼停车场,新昌县,200,137,2023-11-14 12:59:33
XC2020002,演溪路停车场,新昌县,70,46,2023-11-14 12:59:18
XC2020005,智慧家园停车场,新昌县,500,498,2023-11-14 12:54:58
XC2020023,城西小学停车场,新昌县,315,90,2023-11-14 12:54:55
XC2020007,鼓山公园停车场,新昌县,998,154,2023-11-14 12:54:54
XC2020022,大佛寺文化旅游区停车场,新昌县,290,109,2023-11-14 12:54:34
XC2020003,服务大楼停车场,新昌县,200,140,2023-11-14 12:54:33
XC2020002,演溪路停车场,新昌县,70,45,2023-11-14 12:54:18
XC2020005,智慧家园停车场,新昌县,500,499,2023-11-14 12:49:58
XC2020023,城西小学停车场,新昌县,315,89,2023-11-14 12:49:55
XC2020007,鼓山公园停车场,新昌县,998,154,2023-11-14 12:49:54
XC2020022,大佛寺文化旅游区停车场,新昌县,290,110,2023-11-14 12:49:34
XC2020003,服务大楼停车场,新昌县,200,140,2023-11-14 12:49:33
XC2020002,演溪路停车场,新昌县,70,45,2023-11-14 12:49:18
XC2020003,服务大楼停车场,新昌县,200,138,2023-11-14 12:45:03
XC2020005,智慧家园停车场,新昌县,500,499,2023-11-14 12:44:58
XC2020023,城西小学停车场,新昌县,315,93,2023-11-14 12:44:55
XC2020007,鼓山公园停车场,新昌县,998,148,2023-11-14 12:44:54
XC2020022,大佛寺文化旅游区停车场,新昌县,290,110,2023-11-14 12:44:34
XC2020002,演溪路停车场,新昌县,70,43,2023-11-14 12:44:18
XC2020005,智慧家园停车场,新昌县,500,499,2023-11-14 12:39:58
XC2020023,城西小学停车场,新昌县,315,94,2023-11-14 12:39:55
XC2020007,鼓山公园停车场,新昌县,998,144,2023-11-14 12:39:54
XC2020022,大佛寺文化旅游区停车场,新昌县,290,111,2023-11-14 12:39:34
XC2020003,服务大楼停车场,新昌县,200,138,2023-11-14 12:39:33
XC2020002,演溪路停车场,新昌县,70,43,2023-11-14 12:39:18
XC2020005,智慧家园停车场,新昌县,500,499,2023-11-14 12:34:58
XC2020023,城西小学停车场,新昌县,315,93,2023-11-14 12:34:55
XC2020007,鼓山公园停车场,新昌县,998,138,2023-11-14 12:34:54
XC2020022,大佛寺文化旅游区停车场,新昌县,290,108,2023-11-14 12:34:34
XC2020003,服务大楼停车场,新昌县,200,136,2023-11-14 12:34:33
XC2020002,演溪路停车场,新昌县,70,42,2023-11-14 12:34:18
XC2020005,智慧家园停车场,新昌县,500,499,2023-11-14 12:29:58
XC2020023,城西小学停车场,新昌县,315,93,2023-11-14 12:29:55
XC2020007,鼓山公园停车场,新昌县,998,138,2023-11-14 12:29:54
XC2020022,大佛寺文化旅游区停车场,新昌县,290,107,2023-11-14 12:29:34
XC2020003,服务大楼停车场,新昌县,200,130,2023-11-14 12:29:33
XC2020002,演溪路停车场,新昌县,70,42,2023-11-14 12:29:18
XC2020005,智慧家园停车场,新昌县,500,499,2023-11-14 12:24:58
XC2020023,城西小学停车场,新昌县,315,94,2023-11-14 12:24:55
XC2020007,鼓山公园停车场,新昌县,998,138,2023-11-14 12:24:54
XC2020022,大佛寺文化旅游区停车场,新昌县,290,108,2023-11-14 12:24:34
XC2020003,服务大楼停车场,新昌县,200,129,2023-11-14 12:24:33
XC2020002,演溪路停车场,新昌县,70,42,2023-11-14 12:24:18
XC2020005,智慧家园停车场,新昌县,500,499,2023-11-14 12:19:58
XC2020023,城西小学停车场,新昌县,315,98,2023-11-14 12:19:55
XC2020007,鼓山公园停车场,新昌县,998,134,2023-11-14 12:19:54
XC2020022,大佛寺文化旅游区停车场,新昌县,290,107,2023-11-14 12:19:34
XC2020003,服务大楼停车场,新昌县,200,125,2023-11-14 12:19:33
XC2020002,演溪路停车场,新昌县,70,42,2023-11-14 12:19:18
XC2020005,智慧家园停车场,新昌县,500,500,2023-11-14 12:14:58
XC2020023,城西小学停车场,新昌县,315,99,2023-11-14 12:14:55
XC2020007,鼓山公园停车场,新昌县,998,137,2023-11-14 12:14:54
XC2020022,大佛寺文化旅游区停车场,新昌县,290,108,2023-11-14 12:14:34
XC2020003,服务大楼停车场,新昌县,200,122,2023-11-14 12:14:33
XC2020002,演溪路停车场,新昌县,70,41,2023-11-14 12:14:18
XC2020005,智慧家园停车场,新昌县,500,500,2023-11-14 12:09:58
XC2020023,城西小学停车场,新昌县,315,102,2023-11-14 12:09:55
XC2020007,鼓山公园停车场,新昌县,998,144,2023-11-14 12:09:54
XC2020022,大佛寺文化旅游区停车场,新昌县,290,106,2023-11-14 12:09:34
XC2020003,服务大楼停车场,新昌县,200,116,2023-11-14 12:09:33
XC2020002,演溪路停车场,新昌县,70,41,2023-11-14 12:09:18
XC2020005,智慧家园停车场,新昌县,500,500,2023-11-14 12:04:58
XC2020023,城西小学停车场,新昌县,315,102,2023-11-14 12:04:55
XC2020007,鼓山公园停车场,新昌县,998,141,2023-11-14 12:04:54
XC2020022,大佛寺文化旅游区停车场,新昌县,290,109,2023-11-14 12:04:34
XC2020003,服务大楼停车场,新昌县,200,98,2023-11-14 12:04:33
XC2020002,演溪路停车场,新昌县,70,43,2023-11-14 12:04:18
XC2020005,智慧家园停车场,新昌县,500,500,2023-11-14 11:59:58
XC2020023,城西小学停车场,新昌县,315,100,2023-11-14 11:59:55
XC2020007,鼓山公园停车场,新昌县,998,137,2023-11-14 11:59:54
XC2020022,大佛寺文化旅游区停车场,新昌县,290,112,2023-11-14 11:59:34
XC2020003,服务大楼停车场,新昌县,200,85,2023-11-14 11:59:33
XC2020002,演溪路停车场,新昌县,70,43,2023-11-14 11:59:18
XC2020005,智慧家园停车场,新昌县,500,500,2023-11-14 11:54:58
XC2020023,城西小学停车场,新昌县,315,94,2023-11-14 11:54:55
XC2020007,鼓山公园停车场,新昌县,998,138,2023-11-14 11:54:54
XC2020022,大佛寺文化旅游区停车场,新昌县,290,110,2023-11-14 11:54:34
XC2020003,服务大楼停车场,新昌县,200,75,2023-11-14 11:54:33
XC2020002,演溪路停车场,新昌县,70,46,2023-11-14 11:54:18
XC2020005,智慧家园停车场,新昌县,500,498,2023-11-14 11:49:58
XC2020023,城西小学停车场,新昌县,315,99,2023-11-14 11:49:55
XC2020007,鼓山公园停车场,新昌县,998,130,2023-11-14 11:49:54
XC2020022,大佛寺文化旅游区停车场,新昌县,290,109,2023-11-14 11:49:34
XC2020003,服务大楼停车场,新昌县,200,72,2023-11-14 11:49:33
XC2020002,演溪路停车场,新昌县,70,46,2023-11-14 11:49:18
XC2020005,智慧家园停车场,新昌县,500,498,2023-11-14 11:44:58
XC2020023,城西小学停车场,新昌县,315,103,2023-11-14 11:44:55
XC2020007,鼓山公园停车场,新昌县,998,131,2023-11-14 11:44:54
XC2020022,大佛寺文化旅游区停车场,新昌县,290,110,2023-11-14 11:44:34
XC2020003,服务大楼停车场,新昌县,200,72,2023-11-14 11:44:33
XC2020002,演溪路停车场,新昌县,70,44,2023-11-14 11:44:18
XC2020005,智慧家园停车场,新昌县,500,497,2023-11-14 11:39:58
XC2020023,城西小学停车场,新昌县,315,101,2023-11-14 11:39:55
XC2020007,鼓山公园停车场,新昌县,998,128,2023-11-14 11:39:54
XC2020022,大佛寺文化旅游区停车场,新昌县,290,108,2023-11-14 11:39:34
XC2020003,服务大楼停车场,新昌县,200,67,2023-11-14 11:39:33
XC2020002,演溪路停车场,新昌县,70,46,2023-11-14 11:39:18
XC2020005,智慧家园停车场,新昌县,500,497,2023-11-14 11:34:58
XC2020023,城西小学停车场,新昌县,315,98,2023-11-14 11:34:55
XC2020007,鼓山公园停车场,新昌县,998,135,2023-11-14 11:34:54
XC2020022,大佛寺文化旅游区停车场,新昌县,290,109,2023-11-14 11:34:34
XC2020003,服务大楼停车场,新昌县,200,64,2023-11-14 11:34:33
XC2020002,演溪路停车场,新昌县,70,52,2023-11-14 11:34:18
XC2020005,智慧家园停车场,新昌县,500,496,2023-11-14 11:29:58
XC2020023,城西小学停车场,新昌县,315,93,2023-11-14 11:29:55
XC2020007,鼓山公园停车场,新昌县,998,137,2023-11-14 11:29:54
XC2020022,大佛寺文化旅游区停车场,新昌县,290,107,2023-11-14 11:29:34
XC2020003,服务大楼停车场,新昌县,200,57,2023-11-14 11:29:33
XC2020002,演溪路停车场,新昌县,70,55,2023-11-14 11:29:18
XC2020005,智慧家园停车场,新昌县,500,496,2023-11-14 11:24:58
XC2020023,城西小学停车场,新昌县,315,93,2023-11-14 11:24:55
XC2020007,鼓山公园停车场,新昌县,998,141,2023-11-14 11:24:54
XC2020022,大佛寺文化旅游区停车场,新昌县,290,110,2023-11-14 11:24:34
XC2020003,服务大楼停车场,新昌县,200,48,2023-11-14 11:24:33
XC2020002,演溪路停车场,新昌县,70,56,2023-11-14 11:24:18
XC2020005,智慧家园停车场,新昌县,500,496,2023-11-14 11:19:58
XC2020023,城西小学停车场,新昌县,315,94,2023-11-14 11:19:55
XC2020007,鼓山公园停车场,新昌县,998,138,2023-11-14 11:19:54
XC2020022,大佛寺文化旅游区停车场,新昌县,290,106,2023-11-14 11:19:34
XC2020003,服务大楼停车场,新昌县,200,47,2023-11-14 11:19:33
XC2020002,演溪路停车场,新昌县,70,57,2023-11-14 11:19:18
XC2020005,智慧家园停车场,新昌县,500,496,2023-11-14 11:14:58
XC2020023,城西小学停车场,新昌县,315,94,2023-11-14 11:14:55
XC2020007,鼓山公园停车场,新昌县,998,145,2023-11-14 11:14:54
XC2020022,大佛寺文化旅游区停车场,新昌县,290,105,2023-11-14 11:14:34
XC2020003,服务大楼停车场,新昌县,200,44,2023-11-14 11:14:33
XC2020002,演溪路停车场,新昌县,70,58,2023-11-14 11:14:18
XC2020005,智慧家园停车场,新昌县,500,496,2023-11-14 11:09:58
XC2020023,城西小学停车场,新昌县,315,96,2023-11-14 11:09:55
XC2020007,鼓山公园停车场,新昌县,998,155,2023-11-14 11:09:54
XC2020022,大佛寺文化旅游区停车场,新昌县,290,107,2023-11-14 11:09:34
XC2020003,服务大楼停车场,新昌县,200,40,2023-11-14 11:09:33
XC2020002,演溪路停车场,新昌县,70,60,2023-11-14 11:09:18
XC2020005,智慧家园停车场,新昌县,500,496,2023-11-14 11:04:58
XC2020023,城西小学停车场,新昌县,315,97,2023-11-14 11:04:55
XC2020007,鼓山公园停车场,新昌县,998,156,2023-11-14 11:04:54
XC2020022,大佛寺文化旅游区停车场,新昌县,290,107,2023-11-14 11:04:34
XC2020003,服务大楼停车场,新昌县,200,42,2023-11-14 11:04:33
XC2020002,演溪路停车场,新昌县,70,60,2023-11-14 11:04:18
XC2020005,智慧家园停车场,新昌县,500,497,2023-11-14 10:59:58
XC2020023,城西小学停车场,新昌县,315,98,2023-11-14 10:59:55
XC2020007,鼓山公园停车场,新昌县,998,156,2023-11-14 10:59:54
XC2020022,大佛寺文化旅游区停车场,新昌县,290,109,2023-11-14 10:59:34
XC2020003,服务大楼停车场,新昌县,200,41,2023-11-14 10:59:33
XC2020002,演溪路停车场,新昌县,70,59,2023-11-14 10:59:18
XC2020005,智慧家园停车场,新昌县,500,497,2023-11-14 10:54:58
XC2020023,城西小学停车场,新昌县,315,101,2023-11-14 10:54:55
XC2020007,鼓山公园停车场,新昌县,998,154,2023-11-14 10:54:54
XC2020022,大佛寺文化旅游区停车场,新昌县,290,112,2023-11-14 10:54:34
XC2020003,服务大楼停车场,新昌县,200,32,2023-11-14 10:54:33
XC2020002,演溪路停车场,新昌县,70,61,2023-11-14 10:54:18
XC2020005,智慧家园停车场,新昌县,500,497,2023-11-14 10:49:58
XC2020023,城西小学停车场,新昌县,315,101,2023-11-14 10:49:55
XC2020007,鼓山公园停车场,新昌县,998,157,2023-11-14 10:49:54
XC2020022,大佛寺文化旅游区停车场,新昌县,290,112,2023-11-14 10:49:34
XC2020003,服务大楼停车场,新昌县,200,30,2023-11-14 10:49:33
XC2020002,演溪路停车场,新昌县,70,63,2023-11-14 10:49:18
XC2020005,智慧家园停车场,新昌县,500,497,2023-11-14 10:44:58
XC2020023,城西小学停车场,新昌县,315,99,2023-11-14 10:44:55
XC2020007,鼓山公园停车场,新昌县,998,158,2023-11-14 10:44:54
XC2020022,大佛寺文化旅游区停车场,新昌县,290,109,2023-11-14 10:44:34
XC2020003,服务大楼停车场,新昌县,200,25,2023-11-14 10:44:33
XC2020002,演溪路停车场,新昌县,70,62,2023-11-14 10:44:18
XC2020005,智慧家园停车场,新昌县,500,497,2023-11-14 10:39:58
XC2020023,城西小学停车场,新昌县,315,101,2023-11-14 10:39:55
XC2020007,鼓山公园停车场,新昌县,998,158,2023-11-14 10:39:54
XC2020022,大佛寺文化旅游区停车场,新昌县,290,105,2023-11-14 10:39:34
XC2020003,服务大楼停车场,新昌县,200,26,2023-11-14 10:39:33
XC2020002,演溪路停车场,新昌县,70,62,2023-11-14 10:39:18
XC2020005,智慧家园停车场,新昌县,500,497,2023-11-14 10:34:58
XC2020023,城西小学停车场,新昌县,315,104,2023-11-14 10:34:55
XC2020007,鼓山公园停车场,新昌县,998,160,2023-11-14 10:34:54
XC2020022,大佛寺文化旅游区停车场,新昌县,290,106,2023-11-14 10:34:34
XC2020003,服务大楼停车场,新昌县,200,22,2023-11-14 10:34:33
XC2020002,演溪路停车场,新昌县,70,62,2023-11-14 10:34:18
XC2020005,智慧家园停车场,新昌县,500,497,2023-11-14 10:29:58
XC2020023,城西小学停车场,新昌县,315,104,2023-11-14 10:29:55
XC2020007,鼓山公园停车场,新昌县,998,162,2023-11-14 10:29:54
XC2020022,大佛寺文化旅游区停车场,新昌县,290,106,2023-11-14 10:29:34
XC2020003,服务大楼停车场,新昌县,200,19,2023-11-14 10:29:33
XC2020002,演溪路停车场,新昌县,70,62,2023-11-14 10:29:18
XC2020005,智慧家园停车场,新昌县,500,497,2023-11-14 10:24:58
XC2020023,城西小学停车场,新昌县,315,105,2023-11-14 10:24:55
XC2020007,鼓山公园停车场,新昌县,998,159,2023-11-14 10:24:54
XC2020022,大佛寺文化旅游区停车场,新昌县,290,108,2023-11-14 10:24:34
XC2020003,服务大楼停车场,新昌县,200,15,2023-11-14 10:24:33
XC2020002,演溪路停车场,新昌县,70,62,2023-11-14 10:24:18
XC2020005,智慧家园停车场,新昌县,500,496,2023-11-14 10:19:58
XC2020023,城西小学停车场,新昌县,315,106,2023-11-14 10:19:55
XC2020007,鼓山公园停车场,新昌县,998,159,2023-11-14 10:19:54
XC2020022,大佛寺文化旅游区停车场,新昌县,290,110,2023-11-14 10:19:34
XC2020003,服务大楼停车场,新昌县,200,9,2023-11-14 10:19:33
XC2020002,演溪路停车场,新昌县,70,63,2023-11-14 10:19:18
XC2020005,智慧家园停车场,新昌县,500,497,2023-11-14 10:14:58
XC2020023,城西小学停车场,新昌县,315,105,2023-11-14 10:14:55
XC2020007,鼓山公园停车场,新昌县,998,161,2023-11-14 10:14:54
XC2020022,大佛寺文化旅游区停车场,新昌县,290,111,2023-11-14 10:14:34
XC2020003,服务大楼停车场,新昌县,200,11,2023-11-14 10:14:33
XC2020002,演溪路停车场,新昌县,70,63,2023-11-14 10:14:18
XC2020005,智慧家园停车场,新昌县,500,497,2023-11-14 10:09:58
XC2020023,城西小学停车场,新昌县,315,104,2023-11-14 10:09:55
XC2020007,鼓山公园停车场,新昌县,998,158,2023-11-14 10:09:54
XC2020022,大佛寺文化旅游区停车场,新昌县,290,116,2023-11-14 10:09:34
XC2020003,服务大楼停车场,新昌县,200,8,2023-11-14 10:09:33
XC2020002,演溪路停车场,新昌县,70,63,2023-11-14 10:09:18
XC2020005,智慧家园停车场,新昌县,500,497,2023-11-14 10:04:58
XC2020023,城西小学停车场,新昌县,315,106,2023-11-14 10:04:55
XC2020007,鼓山公园停车场,新昌县,998,160,2023-11-14 10:04:54
XC2020022,大佛寺文化旅游区停车场,新昌县,290,115,2023-11-14 10:04:34
XC2020003,服务大楼停车场,新昌县,200,6,2023-11-14 10:04:33
XC2020002,演溪路停车场,新昌县,70,64,2023-11-14 10:04:18
XC2020005,智慧家园停车场,新昌县,500,497,2023-11-14 09:59:58
XC2020023,城西小学停车场,新昌县,315,104,2023-11-14 09:59:55
XC2020007,鼓山公园停车场,新昌县,998,161,2023-11-14 09:59:54
XC2020022,大佛寺文化旅游区停车场,新昌县,290,118,2023-11-14 09:59:34
XC2020003,服务大楼停车场,新昌县,200,3,2023-11-14 09:59:33
XC2020002,演溪路停车场,新昌县,70,62,2023-11-14 09:59:18
XC2020005,智慧家园停车场,新昌县,500,497,2023-11-14 09:54:58
XC2020023,城西小学停车场,新昌县,315,102,2023-11-14 09:54:55
XC2020007,鼓山公园停车场,新昌县,998,158,2023-11-14 09:54:54
XC2020022,大佛寺文化旅游区停车场,新昌县,290,121,2023-11-14 09:54:34
XC2020003,服务大楼停车场,新昌县,200,3,2023-11-14 09:54:33
XC2020002,演溪路停车场,新昌县,70,62,2023-11-14 09:54:18
XC2020005,智慧家园停车场,新昌县,500,497,2023-11-14 09:49:58
XC2020023,城西小学停车场,新昌县,315,104,2023-11-14 09:49:55
XC2020007,鼓山公园停车场,新昌县,998,161,2023-11-14 09:49:54
XC2020022,大佛寺文化旅游区停车场,新昌县,290,121,2023-11-14 09:49:34
XC2020003,服务大楼停车场,新昌县,200,4,2023-11-14 09:49:33
XC2020002,演溪路停车场,新昌县,70,62,2023-11-14 09:49:18
XC2020005,智慧家园停车场,新昌县,500,497,2023-11-14 09:44:58
XC2020023,城西小学停车场,新昌县,315,106,2023-11-14 09:44:55
XC2020007,鼓山公园停车场,新昌县,998,156,2023-11-14 09:44:54
XC2020022,大佛寺文化旅游区停车场,新昌县,290,124,2023-11-14 09:44:34
XC2020003,服务大楼停车场,新昌县,200,11,2023-11-14 09:44:33
XC2020002,演溪路停车场,新昌县,70,61,2023-11-14 09:44:18
XC2020005,智慧家园停车场,新昌县,500,497,2023-11-14 09:39:58
XC2020023,城西小学停车场,新昌县,315,106,2023-11-14 09:39:55
XC2020007,鼓山公园停车场,新昌县,998,160,2023-11-14 09:39:54
XC2020022,大佛寺文化旅游区停车场,新昌县,290,129,2023-11-14 09:39:34
XC2020003,服务大楼停车场,新昌县,200,14,2023-11-14 09:39:33
XC2020002,演溪路停车场,新昌县,70,60,2023-11-14 09:39:18
XC2020005,智慧家园停车场,新昌县,500,497,2023-11-14 09:34:58
XC2020023,城西小学停车场,新昌县,315,107,2023-11-14 09:34:55
XC2020007,鼓山公园停车场,新昌县,998,161,2023-11-14 09:34:54
XC2020022,大佛寺文化旅游区停车场,新昌县,290,132,2023-11-14 09:34:34
XC2020003,服务大楼停车场,新昌县,200,7,2023-11-14 09:34:33
XC2020002,演溪路停车场,新昌县,70,61,2023-11-14 09:34:18
XC2020005,智慧家园停车场,新昌县,500,496,2023-11-14 09:29:58
XC2020023,城西小学停车场,新昌县,315,105,2023-11-14 09:29:55
XC2020007,鼓山公园停车场,新昌县,998,165,2023-11-14 09:29:54
XC2020022,大佛寺文化旅游区停车场,新昌县,290,132,2023-11-14 09:29:34
XC2020003,服务大楼停车场,新昌县,200,8,2023-11-14 09:29:33
XC2020002,演溪路停车场,新昌县,70,61,2023-11-14 09:29:18
XC2020005,智慧家园停车场,新昌县,500,494,2023-11-14 09:24:58
XC2020023,城西小学停车场,新昌县,315,105,2023-11-14 09:24:55
XC2020007,鼓山公园停车场,新昌县,998,162,2023-11-14 09:24:54
XC2020022,大佛寺文化旅游区停车场,新昌县,290,132,2023-11-14 09:24:34
XC2020003,服务大楼停车场,新昌县,200,5,2023-11-14 09:24:33
XC2020002,演溪路停车场,新昌县,70,59,2023-11-14 09:24:18
XC2020005,智慧家园停车场,新昌县,500,494,2023-11-14 09:19:58
XC2020023,城西小学停车场,新昌县,315,106,2023-11-14 09:19:55
XC2020007,鼓山公园停车场,新昌县,998,162,2023-11-14 09:19:54
XC2020022,大佛寺文化旅游区停车场,新昌县,290,135,2023-11-14 09:19:34
XC2020003,服务大楼停车场,新昌县,200,1,2023-11-14 09:19:33
XC2020002,演溪路停车场,新昌县,70,59,2023-11-14 09:19:18
XC2020005,智慧家园停车场,新昌县,500,494,2023-11-14 09:14:58
XC2020023,城西小学停车场,新昌县,315,106,2023-11-14 09:14:55
XC2020007,鼓山公园停车场,新昌县,998,164,2023-11-14 09:14:54
XC2020022,大佛寺文化旅游区停车场,新昌县,290,140,2023-11-14 09:14:34
XC2020003,服务大楼停车场,新昌县,200,2,2023-11-14 09:14:33
XC2020002,演溪路停车场,新昌县,70,60,2023-11-14 09:14:18
XC2020005,智慧家园停车场,新昌县,500,494,2023-11-14 09:09:58
XC2020023,城西小学停车场,新昌县,315,104,2023-11-14 09:09:55
XC2020007,鼓山公园停车场,新昌县,998,162,2023-11-14 09:09:54
XC2020022,大佛寺文化旅游区停车场,新昌县,290,141,2023-11-14 09:09:34
XC2020003,服务大楼停车场,新昌县,200,5,2023-11-14 09:09:33
XC2020002,演溪路停车场,新昌县,70,61,2023-11-14 09:09:18
XC2020005,智慧家园停车场,新昌县,500,493,2023-11-14 09:04:58
XC2020023,城西小学停车场,新昌县,315,103,2023-11-14 09:04:55
XC2020007,鼓山公园停车场,新昌县,998,167,2023-11-14 09:04:54
XC2020022,大佛寺文化旅游区停车场,新昌县,290,145,2023-11-14 09:04:34
XC2020003,服务大楼停车场,新昌县,200,8,2023-11-14 09:04:33
XC2020002,演溪路停车场,新昌县,70,63,2023-11-14 09:04:18
XC2020005,智慧家园停车场,新昌县,500,494,2023-11-14 08:59:58
XC2020023,城西小学停车场,新昌县,315,104,2023-11-14 08:59:55
XC2020007,鼓山公园停车场,新昌县,998,165,2023-11-14 08:59:54
XC2020022,大佛寺文化旅游区停车场,新昌县,290,146,2023-11-14 08:59:34
XC2020003,服务大楼停车场,新昌县,200,6,2023-11-14 08:59:33
XC2020002,演溪路停车场,新昌县,70,61,2023-11-14 08:59:18
XC2020005,智慧家园停车场,新昌县,500,494,2023-11-14 08:54:58
XC2020023,城西小学停车场,新昌县,315,103,2023-11-14 08:54:55
XC2020007,鼓山公园停车场,新昌县,998,167,2023-11-14 08:54:54
XC2020022,大佛寺文化旅游区停车场,新昌县,290,149,2023-11-14 08:54:34
XC2020003,服务大楼停车场,新昌县,200,7,2023-11-14 08:54:33
XC2020002,演溪路停车场,新昌县,70,61,2023-11-14 08:54:18
XC2020005,智慧家园停车场,新昌县,500,494,2023-11-14 08:49:58
XC2020023,城西小学停车场,新昌县,315,104,2023-11-14 08:49:55
XC2020007,鼓山公园停车场,新昌县,998,168,2023-11-14 08:49:54
XC2020022,大佛寺文化旅游区停车场,新昌县,290,149,2023-11-14 08:49:34
XC2020003,服务大楼停车场,新昌县,200,9,2023-11-14 08:49:33
XC2020002,演溪路停车场,新昌县,70,61,2023-11-14 08:49:18
XC2020005,智慧家园停车场,新昌县,500,494,2023-11-14 08:44:58
XC2020023,城西小学停车场,新昌县,315,101,2023-11-14 08:44:55
XC2020007,鼓山公园停车场,新昌县,998,167,2023-11-14 08:44:54
XC2020022,大佛寺文化旅游区停车场,新昌县,290,154,2023-11-14 08:44:34
XC2020003,服务大楼停车场,新昌县,200,6,2023-11-14 08:44:33
XC2020002,演溪路停车场,新昌县,70,59,2023-11-14 08:44:18
XC2020005,智慧家园停车场,新昌县,500,494,2023-11-14 08:39:58
XC2020023,城西小学停车场,新昌县,315,105,2023-11-14 08:39:55
XC2020007,鼓山公园停车场,新昌县,998,159,2023-11-14 08:39:54
XC2020022,大佛寺文化旅游区停车场,新昌县,290,156,2023-11-14 08:39:34
XC2020003,服务大楼停车场,新昌县,200,10,2023-11-14 08:39:33
XC2020002,演溪路停车场,新昌县,70,58,2023-11-14 08:39:18
XC2020005,智慧家园停车场,新昌县,500,495,2023-11-14 08:34:58
XC2020023,城西小学停车场,新昌县,315,104,2023-11-14 08:34:55
XC2020007,鼓山公园停车场,新昌县,998,150,2023-11-14 08:34:54
XC2020022,大佛寺文化旅游区停车场,新昌县,290,138,2023-11-14 08:34:34
XC2020003,服务大楼停车场,新昌县,200,18,2023-11-14 08:34:33
XC2020002,演溪路停车场,新昌县,70,58,2023-11-14 08:34:18
XC2020005,智慧家园停车场,新昌县,500,494,2023-11-14 08:29:58
XC2020023,城西小学停车场,新昌县,315,107,2023-11-14 08:29:55
XC2020007,鼓山公园停车场,新昌县,998,148,2023-11-14 08:29:54
XC2020022,大佛寺文化旅游区停车场,新昌县,290,140,2023-11-14 08:29:34
XC2020003,服务大楼停车场,新昌县,200,25,2023-11-14 08:29:33
XC2020002,演溪路停车场,新昌县,70,60,2023-11-14 08:29:18
XC2020005,智慧家园停车场,新昌县,500,492,2023-11-14 08:24:58
XC2020023,城西小学停车场,新昌县,315,107,2023-11-14 08:24:55
XC2020007,鼓山公园停车场,新昌县,998,157,2023-11-14 08:24:54
XC2020022,大佛寺文化旅游区停车场,新昌县,290,143,2023-11-14 08:24:34
XC2020003,服务大楼停车场,新昌县,200,30,2023-11-14 08:24:33
XC2020002,演溪路停车场,新昌县,70,60,2023-11-14 08:24:18
XC2020005,智慧家园停车场,新昌县,500,492,2023-11-14 08:19:58
XC2020023,城西小学停车场,新昌县,315,105,2023-11-14 08:19:55
XC2020007,鼓山公园停车场,新昌县,998,159,2023-11-14 08:19:54
XC2020022,大佛寺文化旅游区停车场,新昌县,290,147,2023-11-14 08:19:34
XC2020003,服务大楼停车场,新昌县,200,59,2023-11-14 08:19:33
XC2020002,演溪路停车场,新昌县,70,60,2023-11-14 08:19:18
XC2020005,智慧家园停车场,新昌县,500,494,2023-11-14 08:14:58
XC2020023,城西小学停车场,新昌县,315,94,2023-11-14 08:14:55
XC2020007,鼓山公园停车场,新昌县,998,155,2023-11-14 08:14:54
XC2020022,大佛寺文化旅游区停车场,新昌县,290,149,2023-11-14 08:14:34
XC2020003,服务大楼停车场,新昌县,200,80,2023-11-14 08:14:33
XC2020002,演溪路停车场,新昌县,70,60,2023-11-14 08:14:18
XC2020005,智慧家园停车场,新昌县,500,496,2023-11-14 08:09:58
XC2020023,城西小学停车场,新昌县,315,65,2023-11-14 08:09:55
XC2020007,鼓山公园停车场,新昌县,998,163,2023-11-14 08:09:54
XC2020022,大佛寺文化旅游区停车场,新昌县,290,148,2023-11-14 08:09:34
XC2020003,服务大楼停车场,新昌县,200,105,2023-11-14 08:09:33
XC2020002,演溪路停车场,新昌县,70,59,2023-11-14 08:09:18
XC2020005,智慧家园停车场,新昌县,500,496,2023-11-14 08:04:58
XC2020023,城西小学停车场,新昌县,315,43,2023-11-14 08:04:55
XC2020007,鼓山公园停车场,新昌县,998,160,2023-11-14 08:04:54
XC2020022,大佛寺文化旅游区停车场,新昌县,290,150,2023-11-14 08:04:34
XC2020003,服务大楼停车场,新昌县,200,115,2023-11-14 08:04:33
XC2020002,演溪路停车场,新昌县,70,59,2023-11-14 08:04:18
XC2020005,智慧家园停车场,新昌县,500,499,2023-11-14 07:59:58
XC2020023,城西小学停车场,新昌县,315,34,2023-11-14 07:59:55
XC2020007,鼓山公园停车场,新昌县,998,152,2023-11-14 07:59:54
XC2020022,大佛寺文化旅游区停车场,新昌县,290,150,2023-11-14 07:59:34
XC2020003,服务大楼停车场,新昌县,200,124,2023-11-14 07:59:33
XC2020002,演溪路停车场,新昌县,70,59,2023-11-14 07:59:18
XC2020005,智慧家园停车场,新昌县,500,498,2023-11-14 07:54:58
XC2020023,城西小学停车场,新昌县,315,46,2023-11-14 07:54:55
XC2020007,鼓山公园停车场,新昌县,998,158,2023-11-14 07:54:54
XC2020022,大佛寺文化旅游区停车场,新昌县,290,152,2023-11-14 07:54:34
XC2020003,服务大楼停车场,新昌县,200,133,2023-11-14 07:54:33
XC2020002,演溪路停车场,新昌县,70,58,2023-11-14 07:54:18
XC2020005,智慧家园停车场,新昌县,500,498,2023-11-14 07:49:58
XC2020023,城西小学停车场,新昌县,315,63,2023-11-14 07:49:55
XC2020007,鼓山公园停车场,新昌县,998,175,2023-11-14 07:49:54
XC2020022,大佛寺文化旅游区停车场,新昌县,290,150,2023-11-14 07:49:34
XC2020003,服务大楼停车场,新昌县,200,137,2023-11-14 07:49:33
XC2020002,演溪路停车场,新昌县,70,54,2023-11-14 07:49:18
XC2020005,智慧家园停车场,新昌县,500,498,2023-11-14 07:44:58
XC2020023,城西小学停车场,新昌县,315,93,2023-11-14 07:44:55
XC2020007,鼓山公园停车场,新昌县,998,196,2023-11-14 07:44:54
XC2020022,大佛寺文化旅游区停车场,新昌县,290,152,2023-11-14 07:44:34
XC2020003,服务大楼停车场,新昌县,200,133,2023-11-14 07:44:33
XC2020002,演溪路停车场,新昌县,70,56,2023-11-14 07:44:18
XC2020005,智慧家园停车场,新昌县,500,498,2023-11-14 07:39:58
XC2020023,城西小学停车场,新昌县,315,110,2023-11-14 07:39:55
XC2020007,鼓山公园停车场,新昌县,998,208,2023-11-14 07:39:54
XC2020022,大佛寺文化旅游区停车场,新昌县,290,153,2023-11-14 07:39:34
XC2020003,服务大楼停车场,新昌县,200,136,2023-11-14 07:39:33
XC2020002,演溪路停车场,新昌县,70,56,2023-11-14 07:39:18
XC2020005,智慧家园停车场,新昌县,500,500,2023-11-14 07:34:58
XC2020023,城西小学停车场,新昌县,315,122,2023-11-14 07:34:55
XC2020007,鼓山公园停车场,新昌县,998,212,2023-11-14 07:34:54
XC2020022,大佛寺文化旅游区停车场,新昌县,290,152,2023-11-14 07:34:34
XC2020003,服务大楼停车场,新昌县,200,138,2023-11-14 07:34:33
XC2020002,演溪路停车场,新昌县,70,56,2023-11-14 07:34:18
XC2020005,智慧家园停车场,新昌县,500,496,2023-11-14 07:29:58
XC2020023,城西小学停车场,新昌县,315,122,2023-11-14 07:29:55
XC2020007,鼓山公园停车场,新昌县,998,221,2023-11-14 07:29:54
XC2020022,大佛寺文化旅游区停车场,新昌县,290,150,2023-11-14 07:29:34
XC2020003,服务大楼停车场,新昌县,200,136,2023-11-14 07:29:33
XC2020002,演溪路停车场,新昌县,70,55,2023-11-14 07:29:18
XC2020005,智慧家园停车场,新昌县,500,491,2023-11-14 07:24:58
XC2020023,城西小学停车场,新昌县,315,126,2023-11-14 07:24:55
XC2020007,鼓山公园停车场,新昌县,998,227,2023-11-14 07:24:54
XC2020022,大佛寺文化旅游区停车场,新昌县,290,150,2023-11-14 07:24:34
XC2020003,服务大楼停车场,新昌县,200,137,2023-11-14 07:24:33
XC2020002,演溪路停车场,新昌县,70,53,2023-11-14 07:24:18
XC2020005,智慧家园停车场,新昌县,500,490,2023-11-14 07:19:58
XC2020023,城西小学停车场,新昌县,315,135,2023-11-14 07:19:55
XC2020007,鼓山公园停车场,新昌县,998,229,2023-11-14 07:19:54
XC2020022,大佛寺文化旅游区停车场,新昌县,290,152,2023-11-14 07:19:34
XC2020003,服务大楼停车场,新昌县,200,138,2023-11-14 07:19:33
XC2020002,演溪路停车场,新昌县,70,53,2023-11-14 07:19:18
XC2020005,智慧家园停车场,新昌县,500,487,2023-11-14 07:14:58
XC2020023,城西小学停车场,新昌县,315,130,2023-11-14 07:14:55
XC2020007,鼓山公园停车场,新昌县,998,228,2023-11-14 07:14:54
XC2020022,大佛寺文化旅游区停车场,新昌县,290,152,2023-11-14 07:14:34
XC2020003,服务大楼停车场,新昌县,200,137,2023-11-14 07:14:33
XC2020002,演溪路停车场,新昌县,70,53,2023-11-14 07:14:18
XC2020005,智慧家园停车场,新昌县,500,487,2023-11-14 07:09:58
XC2020023,城西小学停车场,新昌县,315,133,2023-11-14 07:09:55
XC2020007,鼓山公园停车场,新昌县,998,230,2023-11-14 07:09:54
XC2020022,大佛寺文化旅游区停车场,新昌县,290,154,2023-11-14 07:09:34
XC2020003,服务大楼停车场,新昌县,200,135,2023-11-14 07:09:33
XC2020002,演溪路停车场,新昌县,70,51,2023-11-14 07:09:18
XC2020005,智慧家园停车场,新昌县,500,487,2023-11-14 07:04:58
XC2020023,城西小学停车场,新昌县,315,130,2023-11-14 07:04:55
XC2020007,鼓山公园停车场,新昌县,998,229,2023-11-14 07:04:54
XC2020022,大佛寺文化旅游区停车场,新昌县,290,154,2023-11-14 07:04:34
XC2020003,服务大楼停车场,新昌县,200,131,2023-11-14 07:04:33
XC2020002,演溪路停车场,新昌县,70,52,2023-11-14 07:04:18
XC2020005,智慧家园停车场,新昌县,500,487,2023-11-14 06:59:58
XC2020023,城西小学停车场,新昌县,315,129,2023-11-14 06:59:55
XC2020007,鼓山公园停车场,新昌县,998,232,2023-11-14 06:59:54
XC2020022,大佛寺文化旅游区停车场,新昌县,290,154,2023-11-14 06:59:34
XC2020003,服务大楼停车场,新昌县,200,129,2023-11-14 06:59:33
XC2020002,演溪路停车场,新昌县,70,54,2023-11-14 06:59:18
XC2020005,智慧家园停车场,新昌县,500,486,2023-11-14 06:54:58
XC2020023,城西小学停车场,新昌县,315,130,2023-11-14 06:54:55
XC2020007,鼓山公园停车场,新昌县,998,233,2023-11-14 06:54:54
XC2020022,大佛寺文化旅游区停车场,新昌县,290,155,2023-11-14 06:54:34
XC2020003,服务大楼停车场,新昌县,200,131,2023-11-14 06:54:33
XC2020002,演溪路停车场,新昌县,70,54,2023-11-14 06:54:18
XC2020005,智慧家园停车场,新昌县,500,485,2023-11-14 06:49:58
XC2020023,城西小学停车场,新昌县,315,129,2023-11-14 06:49:55
XC2020007,鼓山公园停车场,新昌县,998,237,2023-11-14 06:49:54
XC2020022,大佛寺文化旅游区停车场,新昌县,290,155,2023-11-14 06:49:34
XC2020003,服务大楼停车场,新昌县,200,130,2023-11-14 06:49:33
XC2020002,演溪路停车场,新昌县,70,54,2023-11-14 06:49:18
XC2020005,智慧家园停车场,新昌县,500,485,2023-11-14 06:44:58
XC2020023,城西小学停车场,新昌县,315,130,2023-11-14 06:44:55
XC2020007,鼓山公园停车场,新昌县,998,237,2023-11-14 06:44:54
XC2020022,大佛寺文化旅游区停车场,新昌县,290,155,2023-11-14 06:44:34
XC2020003,服务大楼停车场,新昌县,200,131,2023-11-14 06:44:33
XC2020002,演溪路停车场,新昌县,70,54,2023-11-14 06:44:18
XC2020005,智慧家园停车场,新昌县,500,485,2023-11-14 06:39:58
XC2020023,城西小学停车场,新昌县,315,129,2023-11-14 06:39:55
XC2020007,鼓山公园停车场,新昌县,998,236,2023-11-14 06:39:54
XC2020022,大佛寺文化旅游区停车场,新昌县,290,155,2023-11-14 06:39:34
XC2020003,服务大楼停车场,新昌县,200,131,2023-11-14 06:39:33
XC2020002,演溪路停车场,新昌县,70,54,2023-11-14 06:39:18
XC2020005,智慧家园停车场,新昌县,500,483,2023-11-14 06:34:58
XC2020023,城西小学停车场,新昌县,315,128,2023-11-14 06:34:55
XC2020007,鼓山公园停车场,新昌县,998,236,2023-11-14 06:34:54
XC2020022,大佛寺文化旅游区停车场,新昌县,290,155,2023-11-14 06:34:34
XC2020003,服务大楼停车场,新昌县,200,129,2023-11-14 06:34:33
XC2020002,演溪路停车场,新昌县,70,54,2023-11-14 06:34:18
XC2020005,智慧家园停车场,新昌县,500,483,2023-11-14 06:29:58
XC2020023,城西小学停车场,新昌县,315,126,2023-11-14 06:29:55
XC2020007,鼓山公园停车场,新昌县,998,236,2023-11-14 06:29:54
XC2020022,大佛寺文化旅游区停车场,新昌县,290,156,2023-11-14 06:29:34
XC2020003,服务大楼停车场,新昌县,200,128,2023-11-14 06:29:33
XC2020002,演溪路停车场,新昌县,70,54,2023-11-14 06:29:18
XC2020005,智慧家园停车场,新昌县,500,483,2023-11-14 06:24:58
XC2020023,城西小学停车场,新昌县,315,126,2023-11-14 06:24:55
XC2020007,鼓山公园停车场,新昌县,998,239,2023-11-14 06:24:54
XC2020022,大佛寺文化旅游区停车场,新昌县,290,159,2023-11-14 06:24:34
XC2020003,服务大楼停车场,新昌县,200,128,2023-11-14 06:24:33
XC2020002,演溪路停车场,新昌县,70,54,2023-11-14 06:24:18
XC2020005,智慧家园停车场,新昌县,500,482,2023-11-14 06:19:58
XC2020023,城西小学停车场,新昌县,315,126,2023-11-14 06:19:55
XC2020007,鼓山公园停车场,新昌县,998,238,2023-11-14 06:19:54
XC2020022,大佛寺文化旅游区停车场,新昌县,290,161,2023-11-14 06:19:34
XC2020003,服务大楼停车场,新昌县,200,128,2023-11-14 06:19:33
XC2020002,演溪路停车场,新昌县,70,53,2023-11-14 06:19:18
XC2020005,智慧家园停车场,新昌县,500,482,2023-11-14 06:14:58
XC2020023,城西小学停车场,新昌县,315,126,2023-11-14 06:14:55
XC2020007,鼓山公园停车场,新昌县,998,238,2023-11-14 06:14:54
XC2020022,大佛寺文化旅游区停车场,新昌县,290,160,2023-11-14 06:14:34
XC2020003,服务大楼停车场,新昌县,200,127,2023-11-14 06:14:33
XC2020002,演溪路停车场,新昌县,70,52,2023-11-14 06:14:18
XC2020005,智慧家园停车场,新昌县,500,482,2023-11-14 06:09:58
XC2020023,城西小学停车场,新昌县,315,125,2023-11-14 06:09:55
XC2020007,鼓山公园停车场,新昌县,998,238,2023-11-14 06:09:54
XC2020022,大佛寺文化旅游区停车场,新昌县,290,160,2023-11-14 06:09:34
XC2020003,服务大楼停车场,新昌县,200,128,2023-11-14 06:09:33
XC2020002,演溪路停车场,新昌县,70,52,2023-11-14 06:09:18
XC2020005,智慧家园停车场,新昌县,500,482,2023-11-14 06:04:58
XC2020023,城西小学停车场,新昌县,315,125,2023-11-14 06:04:55
XC2020007,鼓山公园停车场,新昌县,998,238,2023-11-14 06:04:54
XC2020022,大佛寺文化旅游区停车场,新昌县,290,159,2023-11-14 06:04:34
XC2020003,服务大楼停车场,新昌县,200,129,2023-11-14 06:04:33
XC2020002,演溪路停车场,新昌县,70,52,2023-11-14 06:04:18
XC2020005,智慧家园停车场,新昌县,500,482,2023-11-14 05:59:58
XC2020023,城西小学停车场,新昌县,315,126,2023-11-14 05:59:55
XC2020007,鼓山公园停车场,新昌县,998,238,2023-11-14 05:59:54
XC2020022,大佛寺文化旅游区停车场,新昌县,290,160,2023-11-14 05:59:34
XC2020003,服务大楼停车场,新昌县,200,129,2023-11-14 05:59:33
XC2020002,演溪路停车场,新昌县,70,52,2023-11-14 05:59:18
XC2020005,智慧家园停车场,新昌县,500,482,2023-11-14 05:54:58
XC2020023,城西小学停车场,新昌县,315,126,2023-11-14 05:54:55
XC2020007,鼓山公园停车场,新昌县,998,237,2023-11-14 05:54:54
XC2020022,大佛寺文化旅游区停车场,新昌县,290,161,2023-11-14 05:54:34
XC2020003,服务大楼停车场,新昌县,200,129,2023-11-14 05:54:33
XC2020002,演溪路停车场,新昌县,70,52,2023-11-14 05:54:18
XC2020005,智慧家园停车场,新昌县,500,482,2023-11-14 05:49:58
XC2020023,城西小学停车场,新昌县,315,127,2023-11-14 05:49:55
XC2020007,鼓山公园停车场,新昌县,998,238,2023-11-14 05:49:54
XC2020022,大佛寺文化旅游区停车场,新昌县,290,162,2023-11-14 05:49:34
XC2020003,服务大楼停车场,新昌县,200,129,2023-11-14 05:49:33
XC2020002,演溪路停车场,新昌县,70,52,2023-11-14 05:49:18
XC2020005,智慧家园停车场,新昌县,500,482,2023-11-14 05:44:58
XC2020023,城西小学停车场,新昌县,315,127,2023-11-14 05:44:55
XC2020007,鼓山公园停车场,新昌县,998,237,2023-11-14 05:44:54
XC2020022,大佛寺文化旅游区停车场,新昌县,290,163,2023-11-14 05:44:34
XC2020003,服务大楼停车场,新昌县,200,128,2023-11-14 05:44:33
XC2020002,演溪路停车场,新昌县,70,52,2023-11-14 05:44:18
XC2020005,智慧家园停车场,新昌县,500,482,2023-11-14 05:39:58
XC2020023,城西小学停车场,新昌县,315,127,2023-11-14 05:39:55
XC2020007,鼓山公园停车场,新昌县,998,237,2023-11-14 05:39:54
XC2020022,大佛寺文化旅游区停车场,新昌县,290,163,2023-11-14 05:39:34
XC2020003,服务大楼停车场,新昌县,200,128,2023-11-14 05:39:33
XC2020002,演溪路停车场,新昌县,70,52,2023-11-14 05:39:18
XC2020005,智慧家园停车场,新昌县,500,482,2023-11-14 05:34:58
XC2020023,城西小学停车场,新昌县,315,127,2023-11-14 05:34:55
XC2020007,鼓山公园停车场,新昌县,998,237,2023-11-14 05:34:54
XC2020022,大佛寺文化旅游区停车场,新昌县,290,163,2023-11-14 05:34:34
XC2020003,服务大楼停车场,新昌县,200,128,2023-11-14 05:34:33
XC2020002,演溪路停车场,新昌县,70,52,2023-11-14 05:34:18
XC2020005,智慧家园停车场,新昌县,500,482,2023-11-14 05:29:58
XC2020023,城西小学停车场,新昌县,315,127,2023-11-14 05:29:55
XC2020007,鼓山公园停车场,新昌县,998,237,2023-11-14 05:29:54
XC2020022,大佛寺文化旅游区停车场,新昌县,290,163,2023-11-14 05:29:34
XC2020003,服务大楼停车场,新昌县,200,128,2023-11-14 05:29:33
XC2020002,演溪路停车场,新昌县,70,52,2023-11-14 05:29:18
XC2020005,智慧家园停车场,新昌县,500,482,2023-11-14 05:24:58
XC2020023,城西小学停车场,新昌县,315,127,2023-11-14 05:24:55
XC2020007,鼓山公园停车场,新昌县,998,237,2023-11-14 05:24:54
XC2020022,大佛寺文化旅游区停车场,新昌县,290,163,2023-11-14 05:24:34
XC2020003,服务大楼停车场,新昌县,200,128,2023-11-14 05:24:33
XC2020002,演溪路停车场,新昌县,70,52,2023-11-14 05:24:18
XC2020005,智慧家园停车场,新昌县,500,482,2023-11-14 05:19:58
XC2020023,城西小学停车场,新昌县,315,127,2023-11-14 05:19:55
XC2020007,鼓山公园停车场,新昌县,998,237,2023-11-14 05:19:54
XC2020022,大佛寺文化旅游区停车场,新昌县,290,163,2023-11-14 05:19:34
XC2020003,服务大楼停车场,新昌县,200,128,2023-11-14 05:19:33
XC2020002,演溪路停车场,新昌县,70,52,2023-11-14 05:19:18
XC2020005,智慧家园停车场,新昌县,500,482,2023-11-14 05:14:58
XC2020023,城西小学停车场,新昌县,315,127,2023-11-14 05:14:55
XC2020007,鼓山公园停车场,新昌县,998,237,2023-11-14 05:14:54
XC2020022,大佛寺文化旅游区停车场,新昌县,290,163,2023-11-14 05:14:34
XC2020003,服务大楼停车场,新昌县,200,128,2023-11-14 05:14:33
XC2020002,演溪路停车场,新昌县,70,51,2023-11-14 05:14:18
XC2020005,智慧家园停车场,新昌县,500,482,2023-11-14 05:09:58
XC2020023,城西小学停车场,新昌县,315,126,2023-11-14 05:09:55
XC2020007,鼓山公园停车场,新昌县,998,237,2023-11-14 05:09:54
XC2020022,大佛寺文化旅游区停车场,新昌县,290,163,2023-11-14 05:09:34
XC2020003,服务大楼停车场,新昌县,200,128,2023-11-14 05:09:33
XC2020002,演溪路停车场,新昌县,70,51,2023-11-14 05:09:18
XC2020005,智慧家园停车场,新昌县,500,482,2023-11-14 05:04:58
XC2020023,城西小学停车场,新昌县,315,125,2023-11-14 05:04:55
XC2020007,鼓山公园停车场,新昌县,998,237,2023-11-14 05:04:54
XC2020022,大佛寺文化旅游区停车场,新昌县,290,162,2023-11-14 05:04:34
XC2020003,服务大楼停车场,新昌县,200,128,2023-11-14 05:04:33
XC2020002,演溪路停车场,新昌县,70,51,2023-11-14 05:04:18
XC2020005,智慧家园停车场,新昌县,500,482,2023-11-14 04:59:58
XC2020023,城西小学停车场,新昌县,315,125,2023-11-14 04:59:55
XC2020007,鼓山公园停车场,新昌县,998,236,2023-11-14 04:59:54
XC2020022,大佛寺文化旅游区停车场,新昌县,290,162,2023-11-14 04:59:34
XC2020003,服务大楼停车场,新昌县,200,128,2023-11-14 04:59:33
XC2020002,演溪路停车场,新昌县,70,51,2023-11-14 04:59:18
XC2020005,智慧家园停车场,新昌县,500,482,2023-11-14 04:54:58
XC2020023,城西小学停车场,新昌县,315,125,2023-11-14 04:54:55
XC2020007,鼓山公园停车场,新昌县,998,236,2023-11-14 04:54:54
XC2020022,大佛寺文化旅游区停车场,新昌县,290,162,2023-11-14 04:54:34
XC2020003,服务大楼停车场,新昌县,200,128,2023-11-14 04:54:33
XC2020002,演溪路停车场,新昌县,70,51,2023-11-14 04:54:18
XC2020005,智慧家园停车场,新昌县,500,482,2023-11-14 04:49:58
XC2020023,城西小学停车场,新昌县,315,125,2023-11-14 04:49:55
XC2020007,鼓山公园停车场,新昌县,998,237,2023-11-14 04:49:54
XC2020022,大佛寺文化旅游区停车场,新昌县,290,162,2023-11-14 04:49:34
XC2020003,服务大楼停车场,新昌县,200,128,2023-11-14 04:49:33
XC2020002,演溪路停车场,新昌县,70,51,2023-11-14 04:49:18
XC2020005,智慧家园停车场,新昌县,500,482,2023-11-14 04:44:58
XC2020023,城西小学停车场,新昌县,315,126,2023-11-14 04:44:55
XC2020007,鼓山公园停车场,新昌县,998,237,2023-11-14 04:44:54
XC2020022,大佛寺文化旅游区停车场,新昌县,290,162,2023-11-14 04:44:34
XC2020003,服务大楼停车场,新昌县,200,128,2023-11-14 04:44:33
XC2020002,演溪路停车场,新昌县,70,51,2023-11-14 04:44:18
XC2020005,智慧家园停车场,新昌县,500,482,2023-11-14 04:39:58
XC2020023,城西小学停车场,新昌县,315,126,2023-11-14 04:39:55
XC2020007,鼓山公园停车场,新昌县,998,237,2023-11-14 04:39:54
XC2020022,大佛寺文化旅游区停车场,新昌县,290,162,2023-11-14 04:39:34
XC2020003,服务大楼停车场,新昌县,200,128,2023-11-14 04:39:33
XC2020002,演溪路停车场,新昌县,70,51,2023-11-14 04:39:18
XC2020005,智慧家园停车场,新昌县,500,482,2023-11-14 04:34:58
XC2020023,城西小学停车场,新昌县,315,126,2023-11-14 04:34:55
XC2020007,鼓山公园停车场,新昌县,998,237,2023-11-14 04:34:54
XC2020022,大佛寺文化旅游区停车场,新昌县,290,162,2023-11-14 04:34:34
XC2020003,服务大楼停车场,新昌县,200,128,2023-11-14 04:34:33
XC2020002,演溪路停车场,新昌县,70,51,2023-11-14 04:34:18
XC2020005,智慧家园停车场,新昌县,500,482,2023-11-14 04:29:58
XC2020023,城西小学停车场,新昌县,315,126,2023-11-14 04:29:55
XC2020007,鼓山公园停车场,新昌县,998,237,2023-11-14 04:29:54
XC2020022,大佛寺文化旅游区停车场,新昌县,290,162,2023-11-14 04:29:34
XC2020003,服务大楼停车场,新昌县,200,128,2023-11-14 04:29:33
XC2020002,演溪路停车场,新昌县,70,51,2023-11-14 04:29:18
XC2020005,智慧家园停车场,新昌县,500,482,2023-11-14 04:24:58
XC2020023,城西小学停车场,新昌县,315,125,2023-11-14 04:24:55
XC2020007,鼓山公园停车场,新昌县,998,237,2023-11-14 04:24:54
XC2020022,大佛寺文化旅游区停车场,新昌县,290,162,2023-11-14 04:24:34
XC2020003,服务大楼停车场,新昌县,200,128,2023-11-14 04:24:33
XC2020002,演溪路停车场,新昌县,70,51,2023-11-14 04:24:18
XC2020005,智慧家园停车场,新昌县,500,482,2023-11-14 04:19:58
XC2020023,城西小学停车场,新昌县,315,125,2023-11-14 04:19:55
XC2020007,鼓山公园停车场,新昌县,998,237,2023-11-14 04:19:54
XC2020022,大佛寺文化旅游区停车场,新昌县,290,162,2023-11-14 04:19:34
XC2020003,服务大楼停车场,新昌县,200,128,2023-11-14 04:19:33
XC2020002,演溪路停车场,新昌县,70,51,2023-11-14 04:19:18
XC2020005,智慧家园停车场,新昌县,500,482,2023-11-14 04:14:58
XC2020023,城西小学停车场,新昌县,315,125,2023-11-14 04:14:55
XC2020007,鼓山公园停车场,新昌县,998,237,2023-11-14 04:14:54
XC2020022,大佛寺文化旅游区停车场,新昌县,290,162,2023-11-14 04:14:34
XC2020003,服务大楼停车场,新昌县,200,128,2023-11-14 04:14:33
XC2020002,演溪路停车场,新昌县,70,51,2023-11-14 04:14:18
XC2020005,智慧家园停车场,新昌县,500,482,2023-11-14 04:09:58
XC2020023,城西小学停车场,新昌县,315,126,2023-11-14 04:09:55
XC2020007,鼓山公园停车场,新昌县,998,237,2023-11-14 04:09:54
XC2020022,大佛寺文化旅游区停车场,新昌县,290,162,2023-11-14 04:09:34
XC2020003,服务大楼停车场,新昌县,200,128,2023-11-14 04:09:33
XC2020002,演溪路停车场,新昌县,70,51,2023-11-14 04:09:18
XC2020005,智慧家园停车场,新昌县,500,482,2023-11-14 04:04:58
XC2020023,城西小学停车场,新昌县,315,127,2023-11-14 04:04:55
XC2020007,鼓山公园停车场,新昌县,998,237,2023-11-14 04:04:54
XC2020022,大佛寺文化旅游区停车场,新昌县,290,162,2023-11-14 04:04:34
XC2020003,服务大楼停车场,新昌县,200,128,2023-11-14 04:04:33
XC2020002,演溪路停车场,新昌县,70,51,2023-11-14 04:04:18
XC2020005,智慧家园停车场,新昌县,500,482,2023-11-14 03:59:58
XC2020023,城西小学停车场,新昌县,315,127,2023-11-14 03:59:55
XC2020007,鼓山公园停车场,新昌县,998,237,2023-11-14 03:59:54
XC2020022,大佛寺文化旅游区停车场,新昌县,290,162,2023-11-14 03:59:34
XC2020003,服务大楼停车场,新昌县,200,128,2023-11-14 03:59:33
XC2020002,演溪路停车场,新昌县,70,51,2023-11-14 03:59:18
XC2020005,智慧家园停车场,新昌县,500,482,2023-11-14 03:54:58
XC2020023,城西小学停车场,新昌县,315,126,2023-11-14 03:54:55
XC2020007,鼓山公园停车场,新昌县,998,237,2023-11-14 03:54:54
XC2020022,大佛寺文化旅游区停车场,新昌县,290,162,2023-11-14 03:54:34
XC2020003,服务大楼停车场,新昌县,200,128,2023-11-14 03:54:33
XC2020002,演溪路停车场,新昌县,70,51,2023-11-14 03:54:18
XC2020005,智慧家园停车场,新昌县,500,482,2023-11-14 03:49:58
XC2020023,城西小学停车场,新昌县,315,126,2023-11-14 03:49:55
XC2020007,鼓山公园停车场,新昌县,998,237,2023-11-14 03:49:54
XC2020022,大佛寺文化旅游区停车场,新昌县,290,162,2023-11-14 03:49:34
XC2020003,服务大楼停车场,新昌县,200,128,2023-11-14 03:49:33
XC2020002,演溪路停车场,新昌县,70,51,2023-11-14 03:49:18
XC2020005,智慧家园停车场,新昌县,500,482,2023-11-14 03:44:58
XC2020023,城西小学停车场,新昌县,315,126,2023-11-14 03:44:55
XC2020007,鼓山公园停车场,新昌县,998,237,2023-11-14 03:44:54
XC2020022,大佛寺文化旅游区停车场,新昌县,290,162,2023-11-14 03:44:34
XC2020003,服务大楼停车场,新昌县,200,128,2023-11-14 03:44:33
XC2020002,演溪路停车场,新昌县,70,51,2023-11-14 03:44:18
XC2020005,智慧家园停车场,新昌县,500,482,2023-11-14 03:39:58
XC2020023,城西小学停车场,新昌县,315,126,2023-11-14 03:39:55
XC2020007,鼓山公园停车场,新昌县,998,237,2023-11-14 03:39:54
XC2020022,大佛寺文化旅游区停车场,新昌县,290,162,2023-11-14 03:39:34
XC2020003,服务大楼停车场,新昌县,200,128,2023-11-14 03:39:33
XC2020002,演溪路停车场,新昌县,70,51,2023-11-14 03:39:18
XC2020005,智慧家园停车场,新昌县,500,482,2023-11-14 03:34:58
XC2020023,城西小学停车场,新昌县,315,126,2023-11-14 03:34:55
XC2020007,鼓山公园停车场,新昌县,998,237,2023-11-14 03:34:54
XC2020022,大佛寺文化旅游区停车场,新昌县,290,161,2023-11-14 03:34:34
XC2020003,服务大楼停车场,新昌县,200,128,2023-11-14 03:34:33
XC2020002,演溪路停车场,新昌县,70,51,2023-11-14 03:34:18
XC2020005,智慧家园停车场,新昌县,500,482,2023-11-14 03:29:58
XC2020023,城西小学停车场,新昌县,315,126,2023-11-14 03:29:55
XC2020007,鼓山公园停车场,新昌县,998,237,2023-11-14 03:29:54
XC2020022,大佛寺文化旅游区停车场,新昌县,290,161,2023-11-14 03:29:34
XC2020003,服务大楼停车场,新昌县,200,128,2023-11-14 03:29:33
XC2020002,演溪路停车场,新昌县,70,51,2023-11-14 03:29:18
XC2020005,智慧家园停车场,新昌县,500,482,2023-11-14 03:24:58
XC2020023,城西小学停车场,新昌县,315,126,2023-11-14 03:24:55
XC2020007,鼓山公园停车场,新昌县,998,237,2023-11-14 03:24:54
XC2020022,大佛寺文化旅游区停车场,新昌县,290,160,2023-11-14 03:24:34
XC2020003,服务大楼停车场,新昌县,200,128,2023-11-14 03:24:33
XC2020002,演溪路停车场,新昌县,70,51,2023-11-14 03:24:18
XC2020005,智慧家园停车场,新昌县,500,482,2023-11-14 03:19:58
XC2020023,城西小学停车场,新昌县,315,126,2023-11-14 03:19:55
XC2020007,鼓山公园停车场,新昌县,998,237,2023-11-14 03:19:54
XC2020022,大佛寺文化旅游区停车场,新昌县,290,160,2023-11-14 03:19:34
XC2020003,服务大楼停车场,新昌县,200,128,2023-11-14 03:19:33
XC2020002,演溪路停车场,新昌县,70,52,2023-11-14 03:19:18
XC2020005,智慧家园停车场,新昌县,500,482,2023-11-14 03:14:58
XC2020023,城西小学停车场,新昌县,315,126,2023-11-14 03:14:55
XC2020007,鼓山公园停车场,新昌县,998,237,2023-11-14 03:14:54
XC2020022,大佛寺文化旅游区停车场,新昌县,290,160,2023-11-14 03:14:34
XC2020003,服务大楼停车场,新昌县,200,128,2023-11-14 03:14:33
XC2020002,演溪路停车场,新昌县,70,52,2023-11-14 03:14:18
XC2020005,智慧家园停车场,新昌县,500,482,2023-11-14 03:09:58
XC2020023,城西小学停车场,新昌县,315,126,2023-11-14 03:09:55
XC2020007,鼓山公园停车场,新昌县,998,237,2023-11-14 03:09:54
XC2020022,大佛寺文化旅游区停车场,新昌县,290,160,2023-11-14 03:09:34
XC2020003,服务大楼停车场,新昌县,200,128,2023-11-14 03:09:33
XC2020002,演溪路停车场,新昌县,70,52,2023-11-14 03:09:18
XC2020005,智慧家园停车场,新昌县,500,482,2023-11-14 03:04:58
XC2020023,城西小学停车场,新昌县,315,126,2023-11-14 03:04:55
XC2020007,鼓山公园停车场,新昌县,998,237,2023-11-14 03:04:54
XC2020022,大佛寺文化旅游区停车场,新昌县,290,160,2023-11-14 03:04:34
XC2020003,服务大楼停车场,新昌县,200,128,2023-11-14 03:04:33
XC2020002,演溪路停车场,新昌县,70,52,2023-11-14 03:04:18
XC2020005,智慧家园停车场,新昌县,500,482,2023-11-14 02:59:58
XC2020023,城西小学停车场,新昌县,315,126,2023-11-14 02:59:55
XC2020007,鼓山公园停车场,新昌县,998,237,2023-11-14 02:59:54
XC2020022,大佛寺文化旅游区停车场,新昌县,290,160,2023-11-14 02:59:34
XC2020003,服务大楼停车场,新昌县,200,128,2023-11-14 02:59:33
XC2020002,演溪路停车场,新昌县,70,52,2023-11-14 02:59:18
XC2020003,服务大楼停车场,新昌县,200,128,2023-11-14 02:55:03
XC2020005,智慧家园停车场,新昌县,500,482,2023-11-14 02:54:58
XC2020023,城西小学停车场,新昌县,315,126,2023-11-14 02:54:55
XC2020007,鼓山公园停车场,新昌县,998,237,2023-11-14 02:54:54
XC2020022,大佛寺文化旅游区停车场,新昌县,290,160,2023-11-14 02:54:34
XC2020002,演溪路停车场,新昌县,70,52,2023-11-14 02:54:18
XC2020003,服务大楼停车场,新昌县,200,128,2023-11-14 02:50:03
XC2020005,智慧家园停车场,新昌县,500,482,2023-11-14 02:49:58
XC2020023,城西小学停车场,新昌县,315,126,2023-11-14 02:49:55
XC2020007,鼓山公园停车场,新昌县,998,237,2023-11-14 02:49:54
XC2020022,大佛寺文化旅游区停车场,新昌县,290,160,2023-11-14 02:49:34
XC2020002,演溪路停车场,新昌县,70,52,2023-11-14 02:49:18
XC2020003,服务大楼停车场,新昌县,200,128,2023-11-14 02:45:03
XC2020005,智慧家园停车场,新昌县,500,482,2023-11-14 02:44:58
XC2020023,城西小学停车场,新昌县,315,126,2023-11-14 02:44:55
XC2020007,鼓山公园停车场,新昌县,998,237,2023-11-14 02:44:54
XC2020022,大佛寺文化旅游区停车场,新昌县,290,160,2023-11-14 02:44:34
XC2020002,演溪路停车场,新昌县,70,52,2023-11-14 02:44:18
XC2020003,服务大楼停车场,新昌县,200,128,2023-11-14 02:40:03
XC2020005,智慧家园停车场,新昌县,500,482,2023-11-14 02:39:58
XC2020023,城西小学停车场,新昌县,315,126,2023-11-14 02:39:55
XC2020007,鼓山公园停车场,新昌县,998,237,2023-11-14 02:39:54
XC2020022,大佛寺文化旅游区停车场,新昌县,290,160,2023-11-14 02:39:34
XC2020002,演溪路停车场,新昌县,70,52,2023-11-14 02:39:18
XC2020003,服务大楼停车场,新昌县,200,128,2023-11-14 02:35:03
XC2020005,智慧家园停车场,新昌县,500,482,2023-11-14 02:34:58
XC2020023,城西小学停车场,新昌县,315,126,2023-11-14 02:34:55
XC2020007,鼓山公园停车场,新昌县,998,237,2023-11-14 02:34:54
XC2020022,大佛寺文化旅游区停车场,新昌县,290,160,2023-11-14 02:34:34
XC2020002,演溪路停车场,新昌县,70,52,2023-11-14 02:34:18
XC2020003,服务大楼停车场,新昌县,200,128,2023-11-14 02:30:03
XC2020005,智慧家园停车场,新昌县,500,482,2023-11-14 02:29:58
XC2020023,城西小学停车场,新昌县,315,126,2023-11-14 02:29:55
XC2020007,鼓山公园停车场,新昌县,998,235,2023-11-14 02:29:54
XC2020022,大佛寺文化旅游区停车场,新昌县,290,160,2023-11-14 02:29:34
XC2020002,演溪路停车场,新昌县,70,52,2023-11-14 02:29:18
XC2020003,服务大楼停车场,新昌县,200,128,2023-11-14 02:25:03
XC2020005,智慧家园停车场,新昌县,500,482,2023-11-14 02:24:58
XC2020023,城西小学停车场,新昌县,315,126,2023-11-14 02:24:55
XC2020007,鼓山公园停车场,新昌县,998,236,2023-11-14 02:24:54
XC2020022,大佛寺文化旅游区停车场,新昌县,290,160,2023-11-14 02:24:34
XC2020002,演溪路停车场,新昌县,70,52,2023-11-14 02:24:18
XC2020002,演溪路停车场,新昌县,70,52,2023-11-14 02:20:18
XC2020003,服务大楼停车场,新昌县,200,128,2023-11-14 02:20:03
XC2020005,智慧家园停车场,新昌县,500,482,2023-11-14 02:19:58
XC2020023,城西小学停车场,新昌县,315,126,2023-11-14 02:19:55
XC2020007,鼓山公园停车场,新昌县,998,236,2023-11-14 02:19:54
XC2020022,大佛寺文化旅游区停车场,新昌县,290,160,2023-11-14 02:19:34
XC2020003,服务大楼停车场,新昌县,200,128,2023-11-14 02:15:03
XC2020005,智慧家园停车场,新昌县,500,482,2023-11-14 02:14:58
XC2020023,城西小学停车场,新昌县,315,126,2023-11-14 02:14:55
XC2020007,鼓山公园停车场,新昌县,998,236,2023-11-14 02:14:54
XC2020022,大佛寺文化旅游区停车场,新昌县,290,160,2023-11-14 02:14:34
XC2020002,演溪路停车场,新昌县,70,52,2023-11-14 02:14:18
XC2020003,服务大楼停车场,新昌县,200,128,2023-11-14 02:10:03
XC2020005,智慧家园停车场,新昌县,500,482,2023-11-14 02:09:58
XC2020023,城西小学停车场,新昌县,315,126,2023-11-14 02:09:55
XC2020007,鼓山公园停车场,新昌县,998,236,2023-11-14 02:09:54
XC2020022,大佛寺文化旅游区停车场,新昌县,290,160,2023-11-14 02:09:34
XC2020002,演溪路停车场,新昌县,70,52,2023-11-14 02:09:18
XC2020003,服务大楼停车场,新昌县,200,128,2023-11-14 02:05:03
XC2020005,智慧家园停车场,新昌县,500,482,2023-11-14 02:04:58
XC2020023,城西小学停车场,新昌县,315,126,2023-11-14 02:04:55
XC2020007,鼓山公园停车场,新昌县,998,236,2023-11-14 02:04:54
XC2020022,大佛寺文化旅游区停车场,新昌县,290,160,2023-11-14 02:04:34
XC2020002,演溪路停车场,新昌县,70,52,2023-11-14 02:04:18
XC2020003,服务大楼停车场,新昌县,200,128,2023-11-14 02:00:03
XC2020005,智慧家园停车场,新昌县,500,482,2023-11-14 01:59:58
XC2020023,城西小学停车场,新昌县,315,126,2023-11-14 01:59:55
XC2020007,鼓山公园停车场,新昌县,998,236,2023-11-14 01:59:54
XC2020022,大佛寺文化旅游区停车场,新昌县,290,160,2023-11-14 01:59:34
XC2020002,演溪路停车场,新昌县,70,52,2023-11-14 01:59:18
XC2020003,服务大楼停车场,新昌县,200,128,2023-11-14 01:55:03
XC2020005,智慧家园停车场,新昌县,500,482,2023-11-14 01:54:58
XC2020023,城西小学停车场,新昌县,315,127,2023-11-14 01:54:55
XC2020007,鼓山公园停车场,新昌县,998,236,2023-11-14 01:54:54
XC2020022,大佛寺文化旅游区停车场,新昌县,290,159,2023-11-14 01:54:34
XC2020002,演溪路停车场,新昌县,70,52,2023-11-14 01:54:18
XC2020003,服务大楼停车场,新昌县,200,128,2023-11-14 01:50:03
XC2020005,智慧家园停车场,新昌县,500,482,2023-11-14 01:49:58
XC2020023,城西小学停车场,新昌县,315,127,2023-11-14 01:49:55
XC2020007,鼓山公园停车场,新昌县,998,236,2023-11-14 01:49:54
XC2020022,大佛寺文化旅游区停车场,新昌县,290,159,2023-11-14 01:49:34
XC2020002,演溪路停车场,新昌县,70,52,2023-11-14 01:49:18
XC2020002,演溪路停车场,新昌县,70,52,2023-11-14 01:45:18
XC2020003,服务大楼停车场,新昌县,200,128,2023-11-14 01:45:03
XC2020005,智慧家园停车场,新昌县,500,482,2023-11-14 01:44:58
XC2020023,城西小学停车场,新昌县,315,127,2023-11-14 01:44:55
XC2020007,鼓山公园停车场,新昌县,998,236,2023-11-14 01:44:54
XC2020022,大佛寺文化旅游区停车场,新昌县,290,159,2023-11-14 01:44:34
XC2020003,服务大楼停车场,新昌县,200,128,2023-11-14 01:40:03
XC2020005,智慧家园停车场,新昌县,500,482,2023-11-14 01:39:58
XC2020023,城西小学停车场,新昌县,315,125,2023-11-14 01:39:55
XC2020007,鼓山公园停车场,新昌县,998,236,2023-11-14 01:39:54
XC2020022,大佛寺文化旅游区停车场,新昌县,290,159,2023-11-14 01:39:34
XC2020002,演溪路停车场,新昌县,70,52,2023-11-14 01:39:18
XC2020003,服务大楼停车场,新昌县,200,128,2023-11-14 01:35:03
XC2020005,智慧家园停车场,新昌县,500,482,2023-11-14 01:34:58
XC2020023,城西小学停车场,新昌县,315,125,2023-11-14 01:34:55
XC2020007,鼓山公园停车场,新昌县,998,236,2023-11-14 01:34:54
XC2020022,大佛寺文化旅游区停车场,新昌县,290,159,2023-11-14 01:34:34
XC2020002,演溪路停车场,新昌县,70,52,2023-11-14 01:34:18
XC2020003,服务大楼停车场,新昌县,200,128,2023-11-14 01:30:03
XC2020005,智慧家园停车场,新昌县,500,482,2023-11-14 01:29:58
XC2020023,城西小学停车场,新昌县,315,125,2023-11-14 01:29:55
XC2020007,鼓山公园停车场,新昌县,998,236,2023-11-14 01:29:54
XC2020022,大佛寺文化旅游区停车场,新昌县,290,159,2023-11-14 01:29:34
XC2020002,演溪路停车场,新昌县,70,52,2023-11-14 01:29:18
XC2020002,演溪路停车场,新昌县,70,52,2023-11-14 01:25:18
XC2020003,服务大楼停车场,新昌县,200,128,2023-11-14 01:25:03
XC2020005,智慧家园停车场,新昌县,500,482,2023-11-14 01:24:58
XC2020023,城西小学停车场,新昌县,315,125,2023-11-14 01:24:55
XC2020007,鼓山公园停车场,新昌县,998,236,2023-11-14 01:24:54
XC2020022,大佛寺文化旅游区停车场,新昌县,290,159,2023-11-14 01:24:34
XC2020003,服务大楼停车场,新昌县,200,128,2023-11-14 01:20:03
XC2020005,智慧家园停车场,新昌县,500,482,2023-11-14 01:19:58
XC2020023,城西小学停车场,新昌县,315,125,2023-11-14 01:19:55
XC2020007,鼓山公园停车场,新昌县,998,236,2023-11-14 01:19:54
XC2020022,大佛寺文化旅游区停车场,新昌县,290,159,2023-11-14 01:19:34
XC2020002,演溪路停车场,新昌县,70,52,2023-11-14 01:19:18
XC2020003,服务大楼停车场,新昌县,200,128,2023-11-14 01:15:03
XC2020005,智慧家园停车场,新昌县,500,482,2023-11-14 01:14:58
XC2020023,城西小学停车场,新昌县,315,125,2023-11-14 01:14:55
XC2020007,鼓山公园停车场,新昌县,998,236,2023-11-14 01:14:54
XC2020022,大佛寺文化旅游区停车场,新昌县,290,158,2023-11-14 01:14:34
XC2020002,演溪路停车场,新昌县,70,52,2023-11-14 01:14:18
XC2020002,演溪路停车场,新昌县,70,51,2023-11-14 01:10:18
XC2020003,服务大楼停车场,新昌县,200,128,2023-11-14 01:10:03
XC2020005,智慧家园停车场,新昌县,500,482,2023-11-14 01:09:58
XC2020023,城西小学停车场,新昌县,315,125,2023-11-14 01:09:55
XC2020007,鼓山公园停车场,新昌县,998,235,2023-11-14 01:09:54
XC2020022,大佛寺文化旅游区停车场,新昌县,290,158,2023-11-14 01:09:34
XC2020003,服务大楼停车场,新昌县,200,128,2023-11-14 01:05:03
XC2020005,智慧家园停车场,新昌县,500,482,2023-11-14 01:04:58
XC2020023,城西小学停车场,新昌县,315,125,2023-11-14 01:04:55
XC2020007,鼓山公园停车场,新昌县,998,235,2023-11-14 01:04:54
XC2020022,大佛寺文化旅游区停车场,新昌县,290,158,2023-11-14 01:04:34
XC2020002,演溪路停车场,新昌县,70,52,2023-11-14 01:04:18
XC2020003,服务大楼停车场,新昌县,200,128,2023-11-14 01:00:03
XC2020005,智慧家园停车场,新昌县,500,482,2023-11-14 00:59:58
XC2020023,城西小学停车场,新昌县,315,125,2023-11-14 00:59:55
XC2020007,鼓山公园停车场,新昌县,998,235,2023-11-14 00:59:54
XC2020022,大佛寺文化旅游区停车场,新昌县,290,157,2023-11-14 00:59:34
XC2020002,演溪路停车场,新昌县,70,51,2023-11-14 00:59:18
XC2020002,演溪路停车场,新昌县,70,51,2023-11-14 00:55:18
XC2020003,服务大楼停车场,新昌县,200,128,2023-11-14 00:55:03
XC2020005,智慧家园停车场,新昌县,500,482,2023-11-14 00:54:58
XC2020023,城西小学停车场,新昌县,315,124,2023-11-14 00:54:55
XC2020007,鼓山公园停车场,新昌县,998,235,2023-11-14 00:54:54
XC2020022,大佛寺文化旅游区停车场,新昌县,290,157,2023-11-14 00:54:34
XC2020003,服务大楼停车场,新昌县,200,129,2023-11-14 00:50:03
XC2020005,智慧家园停车场,新昌县,500,482,2023-11-14 00:49:58
XC2020023,城西小学停车场,新昌县,315,124,2023-11-14 00:49:55
XC2020007,鼓山公园停车场,新昌县,998,235,2023-11-14 00:49:54
XC2020022,大佛寺文化旅游区停车场,新昌县,290,156,2023-11-14 00:49:34
XC2020002,演溪路停车场,新昌县,70,51,2023-11-14 00:49:18
XC2020002,演溪路停车场,新昌县,70,51,2023-11-14 00:45:18
XC2020003,服务大楼停车场,新昌县,200,129,2023-11-14 00:45:03
XC2020005,智慧家园停车场,新昌县,500,482,2023-11-14 00:44:58
XC2020023,城西小学停车场,新昌县,315,124,2023-11-14 00:44:55
XC2020007,鼓山公园停车场,新昌县,998,235,2023-11-14 00:44:54
XC2020022,大佛寺文化旅游区停车场,新昌县,290,156,2023-11-14 00:44:34
XC2020005,智慧家园停车场,新昌县,500,482,2023-11-14 00:39:58
XC2020023,城西小学停车场,新昌县,315,124,2023-11-14 00:39:55
XC2020007,鼓山公园停车场,新昌县,998,234,2023-11-14 00:39:54
XC2020022,大佛寺文化旅游区停车场,新昌县,290,155,2023-11-14 00:39:34
XC2020003,服务大楼停车场,新昌县,200,129,2023-11-14 00:39:33
XC2020002,演溪路停车场,新昌县,70,51,2023-11-14 00:39:18
XC2020005,智慧家园停车场,新昌县,500,482,2023-11-14 00:34:58
XC2020023,城西小学停车场,新昌县,315,124,2023-11-14 00:34:55
XC2020007,鼓山公园停车场,新昌县,998,234,2023-11-14 00:34:54
XC2020022,大佛寺文化旅游区停车场,新昌县,290,155,2023-11-14 00:34:34
XC2020003,服务大楼停车场,新昌县,200,129,2023-11-14 00:34:33
XC2020002,演溪路停车场,新昌县,70,50,2023-11-14 00:34:18
XC2020005,智慧家园停车场,新昌县,500,482,2023-11-14 00:29:58
XC2020023,城西小学停车场,新昌县,315,122,2023-11-14 00:29:55
XC2020007,鼓山公园停车场,新昌县,998,234,2023-11-14 00:29:54
XC2020022,大佛寺文化旅游区停车场,新昌县,290,155,2023-11-14 00:29:34
XC2020003,服务大楼停车场,新昌县,200,129,2023-11-14 00:29:33
XC2020002,演溪路停车场,新昌县,70,48,2023-11-14 00:29:18
XC2020005,智慧家园停车场,新昌县,500,482,2023-11-14 00:24:58
XC2020023,城西小学停车场,新昌县,315,121,2023-11-14 00:24:55
XC2020007,鼓山公园停车场,新昌县,998,234,2023-11-14 00:24:54
XC2020022,大佛寺文化旅游区停车场,新昌县,290,155,2023-11-14 00:24:34
XC2020003,服务大楼停车场,新昌县,200,129,2023-11-14 00:24:33
XC2020002,演溪路停车场,新昌县,70,47,2023-11-14 00:24:18
XC2020005,智慧家园停车场,新昌县,500,482,2023-11-14 00:19:58
XC2020023,城西小学停车场,新昌县,315,120,2023-11-14 00:19:55
XC2020007,鼓山公园停车场,新昌县,998,234,2023-11-14 00:19:54
XC2020022,大佛寺文化旅游区停车场,新昌县,290,154,2023-11-14 00:19:34
XC2020003,服务大楼停车场,新昌县,200,129,2023-11-14 00:19:33
XC2020002,演溪路停车场,新昌县,70,47,2023-11-14 00:19:18
XC2020005,智慧家园停车场,新昌县,500,482,2023-11-14 00:14:58
XC2020023,城西小学停车场,新昌县,315,120,2023-11-14 00:14:55
XC2020007,鼓山公园停车场,新昌县,998,234,2023-11-14 00:14:54
XC2020022,大佛寺文化旅游区停车场,新昌县,290,154,2023-11-14 00:14:34
XC2020003,服务大楼停车场,新昌县,200,129,2023-11-14 00:14:33
XC2020002,演溪路停车场,新昌县,70,46,2023-11-14 00:14:18
XC2020005,智慧家园停车场,新昌县,500,482,2023-11-14 00:09:58
XC2020023,城西小学停车场,新昌县,315,118,2023-11-14 00:09:55
XC2020007,鼓山公园停车场,新昌县,998,234,2023-11-14 00:09:54
XC2020022,大佛寺文化旅游区停车场,新昌县,290,154,2023-11-14 00:09:34
XC2020003,服务大楼停车场,新昌县,200,130,2023-11-14 00:09:33
XC2020002,演溪路停车场,新昌县,70,46,2023-11-14 00:09:18
XC2020005,智慧家园停车场,新昌县,500,482,2023-11-14 00:04:58
XC2020023,城西小学停车场,新昌县,315,117,2023-11-14 00:04:55
XC2020007,鼓山公园停车场,新昌县,998,233,2023-11-14 00:04:54
XC2020022,大佛寺文化旅游区停车场,新昌县,290,154,2023-11-14 00:04:34
XC2020003,服务大楼停车场,新昌县,200,130,2023-11-14 00:04:33
XC2020002,演溪路停车场,新昌县,70,46,2023-11-14 00:04:18
XC2020005,智慧家园停车场,新昌县,500,482,2023-11-13 23:59:58
XC2020023,城西小学停车场,新昌县,315,117,2023-11-13 23:59:55
XC2020007,鼓山公园停车场,新昌县,998,233,2023-11-13 23:59:54
XC2020022,大佛寺文化旅游区停车场,新昌县,290,154,2023-11-13 23:59:34
XC2020003,服务大楼停车场,新昌县,200,131,2023-11-13 23:59:33
XC2020002,演溪路停车场,新昌县,70,45,2023-11-13 23:59:18
XC2020005,智慧家园停车场,新昌县,500,482,2023-11-13 23:54:58
XC2020023,城西小学停车场,新昌县,315,117,2023-11-13 23:54:55
XC2020007,鼓山公园停车场,新昌县,998,233,2023-11-13 23:54:54
XC2020022,大佛寺文化旅游区停车场,新昌县,290,154,2023-11-13 23:54:34
XC2020003,服务大楼停车场,新昌县,200,131,2023-11-13 23:54:33
XC2020002,演溪路停车场,新昌县,70,45,2023-11-13 23:54:18
XC2020005,智慧家园停车场,新昌县,500,482,2023-11-13 23:49:58
XC2020023,城西小学停车场,新昌县,315,115,2023-11-13 23:49:55
XC2020007,鼓山公园停车场,新昌县,998,233,2023-11-13 23:49:54
XC2020022,大佛寺文化旅游区停车场,新昌县,290,154,2023-11-13 23:49:34
XC2020003,服务大楼停车场,新昌县,200,131,2023-11-13 23:49:33
XC2020002,演溪路停车场,新昌县,70,43,2023-11-13 23:49:18
XC2020005,智慧家园停车场,新昌县,500,482,2023-11-13 23:44:58
XC2020023,城西小学停车场,新昌县,315,111,2023-11-13 23:44:55
XC2020007,鼓山公园停车场,新昌县,998,232,2023-11-13 23:44:54
XC2020022,大佛寺文化旅游区停车场,新昌县,290,154,2023-11-13 23:44:34
XC2020003,服务大楼停车场,新昌县,200,132,2023-11-13 23:44:33
XC2020002,演溪路停车场,新昌县,70,42,2023-11-13 23:44:18
XC2020005,智慧家园停车场,新昌县,500,482,2023-11-13 23:39:58
XC2020023,城西小学停车场,新昌县,315,112,2023-11-13 23:39:55
XC2020007,鼓山公园停车场,新昌县,998,232,2023-11-13 23:39:54
XC2020022,大佛寺文化旅游区停车场,新昌县,290,154,2023-11-13 23:39:34
XC2020003,服务大楼停车场,新昌县,200,132,2023-11-13 23:39:33
XC2020002,演溪路停车场,新昌县,70,40,2023-11-13 23:39:18
XC2020005,智慧家园停车场,新昌县,500,482,2023-11-13 23:34:58
XC2020023,城西小学停车场,新昌县,315,110,2023-11-13 23:34:55
XC2020007,鼓山公园停车场,新昌县,998,231,2023-11-13 23:34:54
XC2020022,大佛寺文化旅游区停车场,新昌县,290,153,2023-11-13 23:34:34
XC2020003,服务大楼停车场,新昌县,200,133,2023-11-13 23:34:33
XC2020002,演溪路停车场,新昌县,70,38,2023-11-13 23:34:18
XC2020005,智慧家园停车场,新昌县,500,482,2023-11-13 23:29:58
XC2020023,城西小学停车场,新昌县,315,107,2023-11-13 23:29:55
XC2020007,鼓山公园停车场,新昌县,998,231,2023-11-13 23:29:54
XC2020022,大佛寺文化旅游区停车场,新昌县,290,153,2023-11-13 23:29:34
XC2020003,服务大楼停车场,新昌县,200,133,2023-11-13 23:29:33
XC2020002,演溪路停车场,新昌县,70,37,2023-11-13 23:29:18
XC2020005,智慧家园停车场,新昌县,500,482,2023-11-13 23:24:58
XC2020023,城西小学停车场,新昌县,315,107,2023-11-13 23:24:55
XC2020007,鼓山公园停车场,新昌县,998,232,2023-11-13 23:24:54
XC2020022,大佛寺文化旅游区停车场,新昌县,290,152,2023-11-13 23:24:34
XC2020003,服务大楼停车场,新昌县,200,133,2023-11-13 23:24:33
XC2020002,演溪路停车场,新昌县,70,37,2023-11-13 23:24:18
XC2020005,智慧家园停车场,新昌县,500,482,2023-11-13 23:19:58
XC2020023,城西小学停车场,新昌县,315,106,2023-11-13 23:19:55
XC2020007,鼓山公园停车场,新昌县,998,232,2023-11-13 23:19:54
XC2020022,大佛寺文化旅游区停车场,新昌县,290,151,2023-11-13 23:19:34
XC2020003,服务大楼停车场,新昌县,200,133,2023-11-13 23:19:33
XC2020002,演溪路停车场,新昌县,70,37,2023-11-13 23:19:18
XC2020005,智慧家园停车场,新昌县,500,482,2023-11-13 23:14:58
XC2020023,城西小学停车场,新昌县,315,106,2023-11-13 23:14:55
XC2020007,鼓山公园停车场,新昌县,998,232,2023-11-13 23:14:54
XC2020022,大佛寺文化旅游区停车场,新昌县,290,151,2023-11-13 23:14:34
XC2020003,服务大楼停车场,新昌县,200,133,2023-11-13 23:14:33
XC2020002,演溪路停车场,新昌县,70,35,2023-11-13 23:14:18
XC2020005,智慧家园停车场,新昌县,500,482,2023-11-13 23:09:58
XC2020023,城西小学停车场,新昌县,315,106,2023-11-13 23:09:55
XC2020007,鼓山公园停车场,新昌县,998,231,2023-11-13 23:09:54
XC2020022,大佛寺文化旅游区停车场,新昌县,290,149,2023-11-13 23:09:34
XC2020003,服务大楼停车场,新昌县,200,133,2023-11-13 23:09:33
XC2020002,演溪路停车场,新昌县,70,32,2023-11-13 23:09:18
XC2020005,智慧家园停车场,新昌县,500,482,2023-11-13 23:04:58
XC2020023,城西小学停车场,新昌县,315,105,2023-11-13 23:04:55
XC2020007,鼓山公园停车场,新昌县,998,231,2023-11-13 23:04:54
XC2020022,大佛寺文化旅游区停车场,新昌县,290,149,2023-11-13 23:04:34
XC2020003,服务大楼停车场,新昌县,200,133,2023-11-13 23:04:33
XC2020002,演溪路停车场,新昌县,70,30,2023-11-13 23:04:18
XC2020005,智慧家园停车场,新昌县,500,482,2023-11-13 22:59:58
XC2020023,城西小学停车场,新昌县,315,103,2023-11-13 22:59:55
XC2020007,鼓山公园停车场,新昌县,998,231,2023-11-13 22:59:54
XC2020022,大佛寺文化旅游区停车场,新昌县,290,149,2023-11-13 22:59:34
XC2020003,服务大楼停车场,新昌县,200,133,2023-11-13 22:59:33
XC2020002,演溪路停车场,新昌县,70,30,2023-11-13 22:59:18
XC2020005,智慧家园停车场,新昌县,500,482,2023-11-13 22:54:58
XC2020023,城西小学停车场,新昌县,315,102,2023-11-13 22:54:55
XC2020007,鼓山公园停车场,新昌县,998,231,2023-11-13 22:54:54
XC2020022,大佛寺文化旅游区停车场,新昌县,290,149,2023-11-13 22:54:34
XC2020003,服务大楼停车场,新昌县,200,133,2023-11-13 22:54:33
XC2020002,演溪路停车场,新昌县,70,30,2023-11-13 22:54:18
XC2020005,智慧家园停车场,新昌县,500,482,2023-11-13 22:49:58
XC2020023,城西小学停车场,新昌县,315,101,2023-11-13 22:49:55
XC2020007,鼓山公园停车场,新昌县,998,231,2023-11-13 22:49:54
XC2020022,大佛寺文化旅游区停车场,新昌县,290,149,2023-11-13 22:49:34
XC2020003,服务大楼停车场,新昌县,200,134,2023-11-13 22:49:33
XC2020002,演溪路停车场,新昌县,70,31,2023-11-13 22:49:18
XC2020005,智慧家园停车场,新昌县,500,481,2023-11-13 22:44:58
XC2020023,城西小学停车场,新昌县,315,101,2023-11-13 22:44:55
XC2020007,鼓山公园停车场,新昌县,998,231,2023-11-13 22:44:54
XC2020022,大佛寺文化旅游区停车场,新昌县,290,149,2023-11-13 22:44:34
XC2020003,服务大楼停车场,新昌县,200,134,2023-11-13 22:44:33
XC2020002,演溪路停车场,新昌县,70,32,2023-11-13 22:44:18
XC2020005,智慧家园停车场,新昌县,500,481,2023-11-13 22:39:58
XC2020023,城西小学停车场,新昌县,315,99,2023-11-13 22:39:55
XC2020007,鼓山公园停车场,新昌县,998,231,2023-11-13 22:39:54
XC2020022,大佛寺文化旅游区停车场,新昌县,290,149,2023-11-13 22:39:34
XC2020003,服务大楼停车场,新昌县,200,134,2023-11-13 22:39:33
XC2020002,演溪路停车场,新昌县,70,33,2023-11-13 22:39:18
XC2020005,智慧家园停车场,新昌县,500,481,2023-11-13 22:34:58
XC2020023,城西小学停车场,新昌县,315,99,2023-11-13 22:34:55
XC2020007,鼓山公园停车场,新昌县,998,230,2023-11-13 22:34:54
XC2020022,大佛寺文化旅游区停车场,新昌县,290,149,2023-11-13 22:34:34
XC2020003,服务大楼停车场,新昌县,200,134,2023-11-13 22:34:33
XC2020002,演溪路停车场,新昌县,70,33,2023-11-13 22:34:18
XC2020005,智慧家园停车场,新昌县,500,481,2023-11-13 22:29:58
XC2020023,城西小学停车场,新昌县,315,98,2023-11-13 22:29:55
XC2020007,鼓山公园停车场,新昌县,998,229,2023-11-13 22:29:54
XC2020022,大佛寺文化旅游区停车场,新昌县,290,149,2023-11-13 22:29:34
XC2020003,服务大楼停车场,新昌县,200,134,2023-11-13 22:29:33
XC2020002,演溪路停车场,新昌县,70,33,2023-11-13 22:29:18
XC2020005,智慧家园停车场,新昌县,500,481,2023-11-13 22:24:58
XC2020023,城西小学停车场,新昌县,315,99,2023-11-13 22:24:55
XC2020007,鼓山公园停车场,新昌县,998,230,2023-11-13 22:24:54
XC2020022,大佛寺文化旅游区停车场,新昌县,290,149,2023-11-13 22:24:34
XC2020003,服务大楼停车场,新昌县,200,134,2023-11-13 22:24:33
XC2020002,演溪路停车场,新昌县,70,33,2023-11-13 22:24:18
XC2020005,智慧家园停车场,新昌县,500,481,2023-11-13 22:19:58
XC2020023,城西小学停车场,新昌县,315,99,2023-11-13 22:19:55
XC2020007,鼓山公园停车场,新昌县,998,230,2023-11-13 22:19:54
XC2020022,大佛寺文化旅游区停车场,新昌县,290,149,2023-11-13 22:19:34
XC2020003,服务大楼停车场,新昌县,200,134,2023-11-13 22:19:33
XC2020002,演溪路停车场,新昌县,70,32,2023-11-13 22:19:18
XC2020005,智慧家园停车场,新昌县,500,481,2023-11-13 22:14:58
XC2020023,城西小学停车场,新昌县,315,98,2023-11-13 22:14:55
XC2020007,鼓山公园停车场,新昌县,998,229,2023-11-13 22:14:54
XC2020022,大佛寺文化旅游区停车场,新昌县,290,149,2023-11-13 22:14:34
XC2020003,服务大楼停车场,新昌县,200,134,2023-11-13 22:14:33
XC2020002,演溪路停车场,新昌县,70,33,2023-11-13 22:14:18
XC2020005,智慧家园停车场,新昌县,500,481,2023-11-13 22:09:58
XC2020023,城西小学停车场,新昌县,315,98,2023-11-13 22:09:55
XC2020007,鼓山公园停车场,新昌县,998,228,2023-11-13 22:09:54
XC2020022,大佛寺文化旅游区停车场,新昌县,290,149,2023-11-13 22:09:34
XC2020003,服务大楼停车场,新昌县,200,134,2023-11-13 22:09:33
XC2020002,演溪路停车场,新昌县,70,34,2023-11-13 22:09:18
XC2020005,智慧家园停车场,新昌县,500,480,2023-11-13 22:04:58
XC2020023,城西小学停车场,新昌县,315,98,2023-11-13 22:04:55
XC2020007,鼓山公园停车场,新昌县,998,229,2023-11-13 22:04:54
XC2020022,大佛寺文化旅游区停车场,新昌县,290,148,2023-11-13 22:04:34
XC2020003,服务大楼停车场,新昌县,200,134,2023-11-13 22:04:33
XC2020002,演溪路停车场,新昌县,70,34,2023-11-13 22:04:18
XC2020005,智慧家园停车场,新昌县,500,480,2023-11-13 21:59:58
XC2020023,城西小学停车场,新昌县,315,98,2023-11-13 21:59:55
XC2020007,鼓山公园停车场,新昌县,998,229,2023-11-13 21:59:54
XC2020022,大佛寺文化旅游区停车场,新昌县,290,148,2023-11-13 21:59:34
XC2020003,服务大楼停车场,新昌县,200,133,2023-11-13 21:59:33
XC2020002,演溪路停车场,新昌县,70,34,2023-11-13 21:59:18
XC2020005,智慧家园停车场,新昌县,500,480,2023-11-13 21:54:58
XC2020023,城西小学停车场,新昌县,315,97,2023-11-13 21:54:55
XC2020007,鼓山公园停车场,新昌县,998,227,2023-11-13 21:54:54
XC2020022,大佛寺文化旅游区停车场,新昌县,290,146,2023-11-13 21:54:34
XC2020003,服务大楼停车场,新昌县,200,133,2023-11-13 21:54:33
XC2020002,演溪路停车场,新昌县,70,34,2023-11-13 21:54:18
XC2020005,智慧家园停车场,新昌县,500,480,2023-11-13 21:49:58
XC2020023,城西小学停车场,新昌县,315,96,2023-11-13 21:49:55
XC2020007,鼓山公园停车场,新昌县,998,226,2023-11-13 21:49:54
XC2020022,大佛寺文化旅游区停车场,新昌县,290,146,2023-11-13 21:49:34
XC2020003,服务大楼停车场,新昌县,200,133,2023-11-13 21:49:33
XC2020002,演溪路停车场,新昌县,70,34,2023-11-13 21:49:18
XC2020005,智慧家园停车场,新昌县,500,480,2023-11-13 21:44:58
XC2020023,城西小学停车场,新昌县,315,96,2023-11-13 21:44:55
XC2020007,鼓山公园停车场,新昌县,998,225,2023-11-13 21:44:54
XC2020022,大佛寺文化旅游区停车场,新昌县,290,145,2023-11-13 21:44:34
XC2020003,服务大楼停车场,新昌县,200,133,2023-11-13 21:44:33
XC2020002,演溪路停车场,新昌县,70,34,2023-11-13 21:44:18
XC2020005,智慧家园停车场,新昌县,500,480,2023-11-13 21:39:58
XC2020023,城西小学停车场,新昌县,315,93,2023-11-13 21:39:55
XC2020007,鼓山公园停车场,新昌县,998,221,2023-11-13 21:39:54
XC2020022,大佛寺文化旅游区停车场,新昌县,290,144,2023-11-13 21:39:34
XC2020003,服务大楼停车场,新昌县,200,132,2023-11-13 21:39:33
XC2020002,演溪路停车场,新昌县,70,34,2023-11-13 21:39:18
XC2020005,智慧家园停车场,新昌县,500,480,2023-11-13 21:34:58
XC2020023,城西小学停车场,新昌县,315,93,2023-11-13 21:34:55
XC2020007,鼓山公园停车场,新昌县,998,221,2023-11-13 21:34:54
XC2020022,大佛寺文化旅游区停车场,新昌县,290,144,2023-11-13 21:34:34
XC2020003,服务大楼停车场,新昌县,200,131,2023-11-13 21:34:33
XC2020002,演溪路停车场,新昌县,70,30,2023-11-13 21:34:18
XC2020005,智慧家园停车场,新昌县,500,480,2023-11-13 21:29:58
XC2020023,城西小学停车场,新昌县,315,92,2023-11-13 21:29:55
XC2020007,鼓山公园停车场,新昌县,998,221,2023-11-13 21:29:54
XC2020022,大佛寺文化旅游区停车场,新昌县,290,144,2023-11-13 21:29:34
XC2020003,服务大楼停车场,新昌县,200,130,2023-11-13 21:29:33
XC2020002,演溪路停车场,新昌县,70,30,2023-11-13 21:29:18
XC2020005,智慧家园停车场,新昌县,500,480,2023-11-13 21:24:58
XC2020023,城西小学停车场,新昌县,315,91,2023-11-13 21:24:55
XC2020007,鼓山公园停车场,新昌县,998,220,2023-11-13 21:24:54
XC2020022,大佛寺文化旅游区停车场,新昌县,290,144,2023-11-13 21:24:34
XC2020003,服务大楼停车场,新昌县,200,130,2023-11-13 21:24:33
XC2020002,演溪路停车场,新昌县,70,30,2023-11-13 21:24:18
XC2020005,智慧家园停车场,新昌县,500,479,2023-11-13 21:19:58
XC2020023,城西小学停车场,新昌县,315,92,2023-11-13 21:19:55
XC2020007,鼓山公园停车场,新昌县,998,220,2023-11-13 21:19:54
XC2020022,大佛寺文化旅游区停车场,新昌县,290,144,2023-11-13 21:19:34
XC2020003,服务大楼停车场,新昌县,200,130,2023-11-13 21:19:33
XC2020002,演溪路停车场,新昌县,70,30,2023-11-13 21:19:18
XC2020005,智慧家园停车场,新昌县,500,479,2023-11-13 21:14:58
XC2020023,城西小学停车场,新昌县,315,94,2023-11-13 21:14:55
XC2020007,鼓山公园停车场,新昌县,998,218,2023-11-13 21:14:54
XC2020022,大佛寺文化旅游区停车场,新昌县,290,144,2023-11-13 21:14:34
XC2020003,服务大楼停车场,新昌县,200,130,2023-11-13 21:14:33
XC2020002,演溪路停车场,新昌县,70,29,2023-11-13 21:14:18
XC2020005,智慧家园停车场,新昌县,500,480,2023-11-13 21:09:58
XC2020023,城西小学停车场,新昌县,315,94,2023-11-13 21:09:55
XC2020007,鼓山公园停车场,新昌县,998,218,2023-11-13 21:09:54
XC2020022,大佛寺文化旅游区停车场,新昌县,290,142,2023-11-13 21:09:34
XC2020003,服务大楼停车场,新昌县,200,130,2023-11-13 21:09:33
XC2020002,演溪路停车场,新昌县,70,29,2023-11-13 21:09:18
XC2020005,智慧家园停车场,新昌县,500,480,2023-11-13 21:04:58
XC2020023,城西小学停车场,新昌县,315,94,2023-11-13 21:04:55
XC2020007,鼓山公园停车场,新昌县,998,213,2023-11-13 21:04:54
XC2020022,大佛寺文化旅游区停车场,新昌县,290,142,2023-11-13 21:04:34
XC2020003,服务大楼停车场,新昌县,200,128,2023-11-13 21:04:33
XC2020002,演溪路停车场,新昌县,70,28,2023-11-13 21:04:18
XC2020005,智慧家园停车场,新昌县,500,480,2023-11-13 20:59:58
XC2020023,城西小学停车场,新昌县,315,95,2023-11-13 20:59:55
XC2020007,鼓山公园停车场,新昌县,998,211,2023-11-13 20:59:54
XC2020022,大佛寺文化旅游区停车场,新昌县,290,141,2023-11-13 20:59:34
XC2020003,服务大楼停车场,新昌县,200,129,2023-11-13 20:59:33
XC2020002,演溪路停车场,新昌县,70,26,2023-11-13 20:59:18
XC2020005,智慧家园停车场,新昌县,500,481,2023-11-13 20:54:58
XC2020023,城西小学停车场,新昌县,315,95,2023-11-13 20:54:55
XC2020007,鼓山公园停车场,新昌县,998,214,2023-11-13 20:54:54
XC2020022,大佛寺文化旅游区停车场,新昌县,290,141,2023-11-13 20:54:34
XC2020003,服务大楼停车场,新昌县,200,129,2023-11-13 20:54:33
XC2020002,演溪路停车场,新昌县,70,27,2023-11-13 20:54:18
XC2020005,智慧家园停车场,新昌县,500,481,2023-11-13 20:49:58
XC2020023,城西小学停车场,新昌县,315,96,2023-11-13 20:49:55
XC2020007,鼓山公园停车场,新昌县,998,212,2023-11-13 20:49:54
XC2020022,大佛寺文化旅游区停车场,新昌县,290,138,2023-11-13 20:49:34
XC2020003,服务大楼停车场,新昌县,200,129,2023-11-13 20:49:33
XC2020002,演溪路停车场,新昌县,70,26,2023-11-13 20:49:18
XC2020005,智慧家园停车场,新昌县,500,482,2023-11-13 20:44:58
XC2020023,城西小学停车场,新昌县,315,96,2023-11-13 20:44:55
XC2020007,鼓山公园停车场,新昌县,998,210,2023-11-13 20:44:54
XC2020022,大佛寺文化旅游区停车场,新昌县,290,137,2023-11-13 20:44:34
XC2020003,服务大楼停车场,新昌县,200,128,2023-11-13 20:44:33
XC2020002,演溪路停车场,新昌县,70,27,2023-11-13 20:44:18
XC2020005,智慧家园停车场,新昌县,500,481,2023-11-13 20:39:58
XC2020023,城西小学停车场,新昌县,315,95,2023-11-13 20:39:55
XC2020007,鼓山公园停车场,新昌县,998,208,2023-11-13 20:39:54
XC2020022,大佛寺文化旅游区停车场,新昌县,290,138,2023-11-13 20:39:34
XC2020003,服务大楼停车场,新昌县,200,127,2023-11-13 20:39:33
XC2020002,演溪路停车场,新昌县,70,25,2023-11-13 20:39:18
XC2020005,智慧家园停车场,新昌县,500,480,2023-11-13 20:34:58
XC2020023,城西小学停车场,新昌县,315,95,2023-11-13 20:34:55
XC2020007,鼓山公园停车场,新昌县,998,207,2023-11-13 20:34:54
XC2020022,大佛寺文化旅游区停车场,新昌县,290,136,2023-11-13 20:34:34
XC2020003,服务大楼停车场,新昌县,200,127,2023-11-13 20:34:33
XC2020002,演溪路停车场,新昌县,70,26,2023-11-13 20:34:18
XC2020005,智慧家园停车场,新昌县,500,480,2023-11-13 20:29:58
XC2020023,城西小学停车场,新昌县,315,97,2023-11-13 20:29:55
XC2020007,鼓山公园停车场,新昌县,998,205,2023-11-13 20:29:54
XC2020022,大佛寺文化旅游区停车场,新昌县,290,137,2023-11-13 20:29:34
XC2020003,服务大楼停车场,新昌县,200,124,2023-11-13 20:29:33
XC2020002,演溪路停车场,新昌县,70,27,2023-11-13 20:29:18
XC2020005,智慧家园停车场,新昌县,500,479,2023-11-13 20:24:58
XC2020023,城西小学停车场,新昌县,315,98,2023-11-13 20:24:55
XC2020007,鼓山公园停车场,新昌县,998,205,2023-11-13 20:24:54
XC2020022,大佛寺文化旅游区停车场,新昌县,290,136,2023-11-13 20:24:34
XC2020003,服务大楼停车场,新昌县,200,127,2023-11-13 20:24:33
XC2020002,演溪路停车场,新昌县,70,27,2023-11-13 20:24:18
XC2020005,智慧家园停车场,新昌县,500,478,2023-11-13 20:19:58
XC2020023,城西小学停车场,新昌县,315,98,2023-11-13 20:19:55
XC2020007,鼓山公园停车场,新昌县,998,199,2023-11-13 20:19:54
XC2020022,大佛寺文化旅游区停车场,新昌县,290,137,2023-11-13 20:19:34
XC2020003,服务大楼停车场,新昌县,200,128,2023-11-13 20:19:33
XC2020002,演溪路停车场,新昌县,70,28,2023-11-13 20:19:18
XC2020005,智慧家园停车场,新昌县,500,478,2023-11-13 20:14:58
XC2020023,城西小学停车场,新昌县,315,103,2023-11-13 20:14:55
XC2020007,鼓山公园停车场,新昌县,998,192,2023-11-13 20:14:54
XC2020022,大佛寺文化旅游区停车场,新昌县,290,138,2023-11-13 20:14:34
XC2020003,服务大楼停车场,新昌县,200,126,2023-11-13 20:14:33
XC2020002,演溪路停车场,新昌县,70,29,2023-11-13 20:14:18
XC2020005,智慧家园停车场,新昌县,500,478,2023-11-13 20:09:58
XC2020023,城西小学停车场,新昌县,315,100,2023-11-13 20:09:55
XC2020007,鼓山公园停车场,新昌县,998,193,2023-11-13 20:09:54
XC2020022,大佛寺文化旅游区停车场,新昌县,290,137,2023-11-13 20:09:34
XC2020003,服务大楼停车场,新昌县,200,128,2023-11-13 20:09:33
XC2020002,演溪路停车场,新昌县,70,25,2023-11-13 20:09:18
XC2020005,智慧家园停车场,新昌县,500,478,2023-11-13 20:04:58
XC2020023,城西小学停车场,新昌县,315,99,2023-11-13 20:04:55
XC2020007,鼓山公园停车场,新昌县,998,190,2023-11-13 20:04:54
XC2020022,大佛寺文化旅游区停车场,新昌县,290,138,2023-11-13 20:04:34
XC2020003,服务大楼停车场,新昌县,200,127,2023-11-13 20:04:33
XC2020002,演溪路停车场,新昌县,70,22,2023-11-13 20:04:18
XC2020005,智慧家园停车场,新昌县,500,478,2023-11-13 19:59:58
XC2020023,城西小学停车场,新昌县,315,98,2023-11-13 19:59:55
XC2020007,鼓山公园停车场,新昌县,998,189,2023-11-13 19:59:54
XC2020022,大佛寺文化旅游区停车场,新昌县,290,136,2023-11-13 19:59:34
XC2020003,服务大楼停车场,新昌县,200,126,2023-11-13 19:59:33
XC2020002,演溪路停车场,新昌县,70,23,2023-11-13 19:59:18
XC2020005,智慧家园停车场,新昌县,500,478,2023-11-13 19:54:58
XC2020023,城西小学停车场,新昌县,315,94,2023-11-13 19:54:55
XC2020007,鼓山公园停车场,新昌县,998,187,2023-11-13 19:54:54
XC2020022,大佛寺文化旅游区停车场,新昌县,290,137,2023-11-13 19:54:34
XC2020003,服务大楼停车场,新昌县,200,124,2023-11-13 19:54:33
XC2020002,演溪路停车场,新昌县,70,20,2023-11-13 19:54:18
XC2020005,智慧家园停车场,新昌县,500,477,2023-11-13 19:49:58
XC2020023,城西小学停车场,新昌县,315,95,2023-11-13 19:49:55
XC2020007,鼓山公园停车场,新昌县,998,185,2023-11-13 19:49:54
XC2020022,大佛寺文化旅游区停车场,新昌县,290,135,2023-11-13 19:49:34
XC2020003,服务大楼停车场,新昌县,200,124,2023-11-13 19:49:33
XC2020002,演溪路停车场,新昌县,70,18,2023-11-13 19:49:18
XC2020005,智慧家园停车场,新昌县,500,478,2023-11-13 19:44:58
XC2020023,城西小学停车场,新昌县,315,94,2023-11-13 19:44:55
XC2020007,鼓山公园停车场,新昌县,998,180,2023-11-13 19:44:54
XC2020022,大佛寺文化旅游区停车场,新昌县,290,135,2023-11-13 19:44:34
XC2020003,服务大楼停车场,新昌县,200,125,2023-11-13 19:44:33
XC2020002,演溪路停车场,新昌县,70,18,2023-11-13 19:44:18
XC2020005,智慧家园停车场,新昌县,500,478,2023-11-13 19:39:58
XC2020023,城西小学停车场,新昌县,315,97,2023-11-13 19:39:55
XC2020007,鼓山公园停车场,新昌县,998,174,2023-11-13 19:39:54
XC2020022,大佛寺文化旅游区停车场,新昌县,290,139,2023-11-13 19:39:34
XC2020003,服务大楼停车场,新昌县,200,124,2023-11-13 19:39:33
XC2020002,演溪路停车场,新昌县,70,18,2023-11-13 19:39:18
XC2020005,智慧家园停车场,新昌县,500,478,2023-11-13 19:34:58
XC2020023,城西小学停车场,新昌县,315,97,2023-11-13 19:34:55
XC2020007,鼓山公园停车场,新昌县,998,169,2023-11-13 19:34:54
XC2020022,大佛寺文化旅游区停车场,新昌县,290,138,2023-11-13 19:34:34
XC2020003,服务大楼停车场,新昌县,200,123,2023-11-13 19:34:33
XC2020002,演溪路停车场,新昌县,70,18,2023-11-13 19:34:18
XC2020005,智慧家园停车场,新昌县,500,478,2023-11-13 19:29:58
XC2020023,城西小学停车场,新昌县,315,97,2023-11-13 19:29:55
XC2020007,鼓山公园停车场,新昌县,998,168,2023-11-13 19:29:54
XC2020022,大佛寺文化旅游区停车场,新昌县,290,135,2023-11-13 19:29:34
XC2020003,服务大楼停车场,新昌县,200,125,2023-11-13 19:29:33
XC2020002,演溪路停车场,新昌县,70,16,2023-11-13 19:29:18
XC2020005,智慧家园停车场,新昌县,500,478,2023-11-13 19:24:58
XC2020023,城西小学停车场,新昌县,315,95,2023-11-13 19:24:55
XC2020007,鼓山公园停车场,新昌县,998,164,2023-11-13 19:24:54
XC2020022,大佛寺文化旅游区停车场,新昌县,290,135,2023-11-13 19:24:34
XC2020003,服务大楼停车场,新昌县,200,124,2023-11-13 19:24:33
XC2020002,演溪路停车场,新昌县,70,14,2023-11-13 19:24:18
XC2020005,智慧家园停车场,新昌县,500,480,2023-11-13 19:19:58
XC2020023,城西小学停车场,新昌县,315,96,2023-11-13 19:19:55
XC2020007,鼓山公园停车场,新昌县,998,156,2023-11-13 19:19:54
XC2020022,大佛寺文化旅游区停车场,新昌县,290,133,2023-11-13 19:19:34
XC2020003,服务大楼停车场,新昌县,200,127,2023-11-13 19:19:33
XC2020002,演溪路停车场,新昌县,70,13,2023-11-13 19:19:18
XC2020005,智慧家园停车场,新昌县,500,480,2023-11-13 19:14:58
XC2020023,城西小学停车场,新昌县,315,83,2023-11-13 19:14:55
XC2020007,鼓山公园停车场,新昌县,998,156,2023-11-13 19:14:54
XC2020022,大佛寺文化旅游区停车场,新昌县,290,130,2023-11-13 19:14:34
XC2020003,服务大楼停车场,新昌县,200,129,2023-11-13 19:14:33
XC2020002,演溪路停车场,新昌县,70,6,2023-11-13 19:14:18
XC2020005,智慧家园停车场,新昌县,500,482,2023-11-13 19:09:58
XC2020023,城西小学停车场,新昌县,315,68,2023-11-13 19:09:55
XC2020007,鼓山公园停车场,新昌县,998,155,2023-11-13 19:09:54
XC2020022,大佛寺文化旅游区停车场,新昌县,290,131,2023-11-13 19:09:34
XC2020003,服务大楼停车场,新昌县,200,132,2023-11-13 19:09:33
XC2020002,演溪路停车场,新昌县,70,1,2023-11-13 19:09:18
XC2020005,智慧家园停车场,新昌县,500,481,2023-11-13 19:04:58
XC2020023,城西小学停车场,新昌县,315,73,2023-11-13 19:04:55
XC2020007,鼓山公园停车场,新昌县,998,153,2023-11-13 19:04:54
XC2020022,大佛寺文化旅游区停车场,新昌县,290,130,2023-11-13 19:04:34
XC2020003,服务大楼停车场,新昌县,200,134,2023-11-13 19:04:33
XC2020002,演溪路停车场,新昌县,70,5,2023-11-13 19:04:18
XC2020005,智慧家园停车场,新昌县,500,481,2023-11-13 18:59:58
XC2020023,城西小学停车场,新昌县,315,76,2023-11-13 18:59:55
XC2020007,鼓山公园停车场,新昌县,998,150,2023-11-13 18:59:54
XC2020022,大佛寺文化旅游区停车场,新昌县,290,131,2023-11-13 18:59:34
XC2020003,服务大楼停车场,新昌县,200,133,2023-11-13 18:59:33
XC2020002,演溪路停车场,新昌县,70,2,2023-11-13 18:59:18
XC2020005,智慧家园停车场,新昌县,500,480,2023-11-13 18:54:58
XC2020023,城西小学停车场,新昌县,315,82,2023-11-13 18:54:55
XC2020007,鼓山公园停车场,新昌县,998,145,2023-11-13 18:54:54
XC2020022,大佛寺文化旅游区停车场,新昌县,290,133,2023-11-13 18:54:34
XC2020003,服务大楼停车场,新昌县,200,134,2023-11-13 18:54:33
XC2020002,演溪路停车场,新昌县,70,5,2023-11-13 18:54:18
XC2020005,智慧家园停车场,新昌县,500,480,2023-11-13 18:49:58
XC2020023,城西小学停车场,新昌县,315,85,2023-11-13 18:49:55
XC2020007,鼓山公园停车场,新昌县,998,143,2023-11-13 18:49:54
XC2020022,大佛寺文化旅游区停车场,新昌县,290,132,2023-11-13 18:49:34
XC2020003,服务大楼停车场,新昌县,200,138,2023-11-13 18:49:33
XC2020002,演溪路停车场,新昌县,70,5,2023-11-13 18:49:18
XC2020005,智慧家园停车场,新昌县,500,479,2023-11-13 18:44:58
XC2020023,城西小学停车场,新昌县,315,84,2023-11-13 18:44:55
XC2020007,鼓山公园停车场,新昌县,998,142,2023-11-13 18:44:54
XC2020022,大佛寺文化旅游区停车场,新昌县,290,132,2023-11-13 18:44:34
XC2020003,服务大楼停车场,新昌县,200,138,2023-11-13 18:44:33
XC2020002,演溪路停车场,新昌县,70,2,2023-11-13 18:44:18
XC2020005,智慧家园停车场,新昌县,500,479,2023-11-13 18:39:58
XC2020023,城西小学停车场,新昌县,315,89,2023-11-13 18:39:55
XC2020007,鼓山公园停车场,新昌县,998,143,2023-11-13 18:39:54
XC2020022,大佛寺文化旅游区停车场,新昌县,290,133,2023-11-13 18:39:34
XC2020003,服务大楼停车场,新昌县,200,135,2023-11-13 18:39:33
XC2020002,演溪路停车场,新昌县,70,5,2023-11-13 18:39:18
XC2020005,智慧家园停车场,新昌县,500,480,2023-11-13 18:34:58
XC2020023,城西小学停车场,新昌县,315,92,2023-11-13 18:34:55
XC2020007,鼓山公园停车场,新昌县,998,146,2023-11-13 18:34:54
XC2020022,大佛寺文化旅游区停车场,新昌县,290,134,2023-11-13 18:34:34
XC2020003,服务大楼停车场,新昌县,200,139,2023-11-13 18:34:33
XC2020002,演溪路停车场,新昌县,70,7,2023-11-13 18:34:18
XC2020005,智慧家园停车场,新昌县,500,480,2023-11-13 18:29:58
XC2020023,城西小学停车场,新昌县,315,92,2023-11-13 18:29:55
XC2020007,鼓山公园停车场,新昌县,998,148,2023-11-13 18:29:54
XC2020022,大佛寺文化旅游区停车场,新昌县,290,135,2023-11-13 18:29:34
XC2020003,服务大楼停车场,新昌县,200,140,2023-11-13 18:29:33
XC2020002,演溪路停车场,新昌县,70,4,2023-11-13 18:29:18
XC2020005,智慧家园停车场,新昌县,500,478,2023-11-13 18:24:58
XC2020023,城西小学停车场,新昌县,315,94,2023-11-13 18:24:55
XC2020007,鼓山公园停车场,新昌县,998,149,2023-11-13 18:24:54
XC2020022,大佛寺文化旅游区停车场,新昌县,290,138,2023-11-13 18:24:34
XC2020003,服务大楼停车场,新昌县,200,140,2023-11-13 18:24:33
XC2020002,演溪路停车场,新昌县,70,5,2023-11-13 18:24:18
XC2020005,智慧家园停车场,新昌县,500,480,2023-11-13 18:19:58
XC2020023,城西小学停车场,新昌县,315,92,2023-11-13 18:19:55
XC2020007,鼓山公园停车场,新昌县,998,145,2023-11-13 18:19:54
XC2020022,大佛寺文化旅游区停车场,新昌县,290,140,2023-11-13 18:19:34
XC2020003,服务大楼停车场,新昌县,200,141,2023-11-13 18:19:33
XC2020002,演溪路停车场,新昌县,70,8,2023-11-13 18:19:18
XC2020005,智慧家园停车场,新昌县,500,480,2023-11-13 18:14:58
XC2020023,城西小学停车场,新昌县,315,90,2023-11-13 18:14:55
XC2020007,鼓山公园停车场,新昌县,998,145,2023-11-13 18:14:54
XC2020022,大佛寺文化旅游区停车场,新昌县,290,142,2023-11-13 18:14:34
XC2020003,服务大楼停车场,新昌县,200,142,2023-11-13 18:14:33
XC2020002,演溪路停车场,新昌县,70,9,2023-11-13 18:14:18
XC2020005,智慧家园停车场,新昌县,500,480,2023-11-13 18:09:58
XC2020023,城西小学停车场,新昌县,315,91,2023-11-13 18:09:55
XC2020007,鼓山公园停车场,新昌县,998,145,2023-11-13 18:09:54
XC2020022,大佛寺文化旅游区停车场,新昌县,290,142,2023-11-13 18:09:34
XC2020003,服务大楼停车场,新昌县,200,142,2023-11-13 18:09:33
XC2020002,演溪路停车场,新昌县,70,10,2023-11-13 18:09:18
XC2020005,智慧家园停车场,新昌县,500,480,2023-11-13 18:04:58
XC2020023,城西小学停车场,新昌县,315,95,2023-11-13 18:04:55
XC2020007,鼓山公园停车场,新昌县,998,150,2023-11-13 18:04:54
XC2020022,大佛寺文化旅游区停车场,新昌县,290,143,2023-11-13 18:04:34
XC2020003,服务大楼停车场,新昌县,200,142,2023-11-13 18:04:33
XC2020002,演溪路停车场,新昌县,70,11,2023-11-13 18:04:18
XC2020005,智慧家园停车场,新昌县,500,480,2023-11-13 17:59:58
XC2020023,城西小学停车场,新昌县,315,95,2023-11-13 17:59:55
XC2020007,鼓山公园停车场,新昌县,998,151,2023-11-13 17:59:54
XC2020022,大佛寺文化旅游区停车场,新昌县,290,145,2023-11-13 17:59:34
XC2020003,服务大楼停车场,新昌县,200,142,2023-11-13 17:59:33
XC2020002,演溪路停车场,新昌县,70,12,2023-11-13 17:59:18
XC2020005,智慧家园停车场,新昌县,500,480,2023-11-13 17:54:58
XC2020023,城西小学停车场,新昌县,315,97,2023-11-13 17:54:55
XC2020007,鼓山公园停车场,新昌县,998,153,2023-11-13 17:54:54
XC2020022,大佛寺文化旅游区停车场,新昌县,290,146,2023-11-13 17:54:34
XC2020003,服务大楼停车场,新昌县,200,143,2023-11-13 17:54:33
XC2020002,演溪路停车场,新昌县,70,12,2023-11-13 17:54:18
XC2020005,智慧家园停车场,新昌县,500,480,2023-11-13 17:49:58
XC2020023,城西小学停车场,新昌县,315,96,2023-11-13 17:49:55
XC2020007,鼓山公园停车场,新昌县,998,156,2023-11-13 17:49:54
XC2020022,大佛寺文化旅游区停车场,新昌县,290,146,2023-11-13 17:49:34
XC2020003,服务大楼停车场,新昌县,200,144,2023-11-13 17:49:33
XC2020002,演溪路停车场,新昌县,70,11,2023-11-13 17:49:18
XC2020005,智慧家园停车场,新昌县,500,480,2023-11-13 17:44:58
XC2020023,城西小学停车场,新昌县,315,96,2023-11-13 17:44:55
XC2020007,鼓山公园停车场,新昌县,998,157,2023-11-13 17:44:54
XC2020022,大佛寺文化旅游区停车场,新昌县,290,150,2023-11-13 17:44:34
XC2020003,服务大楼停车场,新昌县,200,148,2023-11-13 17:44:33
XC2020002,演溪路停车场,新昌县,70,11,2023-11-13 17:44:18
XC2020005,智慧家园停车场,新昌县,500,481,2023-11-13 17:39:58
XC2020023,城西小学停车场,新昌县,315,102,2023-11-13 17:39:55
XC2020007,鼓山公园停车场,新昌县,998,156,2023-11-13 17:39:54
XC2020022,大佛寺文化旅游区停车场,新昌县,290,151,2023-11-13 17:39:34
XC2020003,服务大楼停车场,新昌县,200,149,2023-11-13 17:39:33
XC2020002,演溪路停车场,新昌县,70,17,2023-11-13 17:39:18
XC2020005,智慧家园停车场,新昌县,500,488,2023-11-13 17:34:58
XC2020023,城西小学停车场,新昌县,315,104,2023-11-13 17:34:55
XC2020007,鼓山公园停车场,新昌县,998,157,2023-11-13 17:34:54
XC2020022,大佛寺文化旅游区停车场,新昌县,290,151,2023-11-13 17:34:34
XC2020003,服务大楼停车场,新昌县,200,150,2023-11-13 17:34:33
XC2020002,演溪路停车场,新昌县,70,19,2023-11-13 17:34:18
XC2020005,智慧家园停车场,新昌县,500,490,2023-11-13 17:29:58
XC2020023,城西小学停车场,新昌县,315,107,2023-11-13 17:29:55
XC2020007,鼓山公园停车场,新昌县,998,163,2023-11-13 17:29:54
XC2020022,大佛寺文化旅游区停车场,新昌县,290,157,2023-11-13 17:29:34
XC2020003,服务大楼停车场,新昌县,200,153,2023-11-13 17:29:33
XC2020002,演溪路停车场,新昌县,70,28,2023-11-13 17:29:18
XC2020005,智慧家园停车场,新昌县,500,492,2023-11-13 17:24:58
XC2020023,城西小学停车场,新昌县,315,104,2023-11-13 17:24:55
XC2020007,鼓山公园停车场,新昌县,998,157,2023-11-13 17:24:54
XC2020022,大佛寺文化旅游区停车场,新昌县,290,157,2023-11-13 17:24:34
XC2020003,服务大楼停车场,新昌县,200,159,2023-11-13 17:24:33
XC2020002,演溪路停车场,新昌县,70,36,2023-11-13 17:24:18
XC2020005,智慧家园停车场,新昌县,500,494,2023-11-13 17:19:58
XC2020023,城西小学停车场,新昌县,315,100,2023-11-13 17:19:55
XC2020007,鼓山公园停车场,新昌县,998,151,2023-11-13 17:19:54
XC2020022,大佛寺文化旅游区停车场,新昌县,290,155,2023-11-13 17:19:34
XC2020003,服务大楼停车场,新昌县,200,159,2023-11-13 17:19:33
XC2020002,演溪路停车场,新昌县,70,41,2023-11-13 17:19:18
XC2020005,智慧家园停车场,新昌县,500,493,2023-11-13 17:14:58
XC2020023,城西小学停车场,新昌县,315,61,2023-11-13 17:14:55
XC2020007,鼓山公园停车场,新昌县,998,136,2023-11-13 17:14:54
XC2020022,大佛寺文化旅游区停车场,新昌县,290,151,2023-11-13 17:14:34
XC2020003,服务大楼停车场,新昌县,200,158,2023-11-13 17:14:33
XC2020002,演溪路停车场,新昌县,70,44,2023-11-13 17:14:18
XC2020005,智慧家园停车场,新昌县,500,492,2023-11-13 17:09:58
XC2020023,城西小学停车场,新昌县,315,35,2023-11-13 17:09:55
XC2020007,鼓山公园停车场,新昌县,998,120,2023-11-13 17:09:54
XC2020022,大佛寺文化旅游区停车场,新昌县,290,150,2023-11-13 17:09:34
XC2020003,服务大楼停车场,新昌县,200,155,2023-11-13 17:09:33
XC2020002,演溪路停车场,新昌县,70,45,2023-11-13 17:09:18
XC2020005,智慧家园停车场,新昌县,500,492,2023-11-13 17:04:58
XC2020023,城西小学停车场,新昌县,315,27,2023-11-13 17:04:55
XC2020007,鼓山公园停车场,新昌县,998,109,2023-11-13 17:04:54
XC2020022,大佛寺文化旅游区停车场,新昌县,290,151,2023-11-13 17:04:34
XC2020003,服务大楼停车场,新昌县,200,140,2023-11-13 17:04:33
XC2020002,演溪路停车场,新昌县,70,48,2023-11-13 17:04:18
XC2020005,智慧家园停车场,新昌县,500,492,2023-11-13 16:59:58
XC2020023,城西小学停车场,新昌县,315,14,2023-11-13 16:59:55
XC2020007,鼓山公园停车场,新昌县,998,116,2023-11-13 16:59:54
XC2020022,大佛寺文化旅游区停车场,新昌县,290,147,2023-11-13 16:59:34
XC2020003,服务大楼停车场,新昌县,200,118,2023-11-13 16:59:33
XC2020002,演溪路停车场,新昌县,70,50,2023-11-13 16:59:18
XC2020005,智慧家园停车场,新昌县,500,492,2023-11-13 16:54:58
XC2020023,城西小学停车场,新昌县,315,7,2023-11-13 16:54:55
XC2020007,鼓山公园停车场,新昌县,998,139,2023-11-13 16:54:54
XC2020022,大佛寺文化旅游区停车场,新昌县,290,149,2023-11-13 16:54:34
XC2020003,服务大楼停车场,新昌县,200,110,2023-11-13 16:54:33
XC2020002,演溪路停车场,新昌县,70,52,2023-11-13 16:54:18
XC2020005,智慧家园停车场,新昌县,500,492,2023-11-13 16:49:58
XC2020023,城西小学停车场,新昌县,315,0,2023-11-13 16:49:55
XC2020007,鼓山公园停车场,新昌县,998,155,2023-11-13 16:49:54
XC2020022,大佛寺文化旅游区停车场,新昌县,290,146,2023-11-13 16:49:34
XC2020003,服务大楼停车场,新昌县,200,98,2023-11-13 16:49:33
XC2020002,演溪路停车场,新昌县,70,53,2023-11-13 16:49:18
XC2020005,智慧家园停车场,新昌县,500,490,2023-11-13 16:44:58
XC2020023,城西小学停车场,新昌县,315,0,2023-11-13 16:44:55
XC2020007,鼓山公园停车场,新昌县,998,168,2023-11-13 16:44:54
XC2020022,大佛寺文化旅游区停车场,新昌县,290,145,2023-11-13 16:44:34
XC2020003,服务大楼停车场,新昌县,200,86,2023-11-13 16:44:33
XC2020002,演溪路停车场,新昌县,70,55,2023-11-13 16:44:18
XC2020005,智慧家园停车场,新昌县,500,490,2023-11-13 16:39:58
XC2020023,城西小学停车场,新昌县,315,20,2023-11-13 16:39:55
XC2020007,鼓山公园停车场,新昌县,998,181,2023-11-13 16:39:54
XC2020022,大佛寺文化旅游区停车场,新昌县,290,142,2023-11-13 16:39:34
XC2020003,服务大楼停车场,新昌县,200,78,2023-11-13 16:39:33
XC2020002,演溪路停车场,新昌县,70,51,2023-11-13 16:39:18
XC2020005,智慧家园停车场,新昌县,500,490,2023-11-13 16:34:58
XC2020023,城西小学停车场,新昌县,315,48,2023-11-13 16:34:55
XC2020007,鼓山公园停车场,新昌县,998,184,2023-11-13 16:34:54
XC2020022,大佛寺文化旅游区停车场,新昌县,290,139,2023-11-13 16:34:34
XC2020003,服务大楼停车场,新昌县,200,73,2023-11-13 16:34:33
XC2020002,演溪路停车场,新昌县,70,50,2023-11-13 16:34:18
XC2020005,智慧家园停车场,新昌县,500,490,2023-11-13 16:29:58
XC2020023,城西小学停车场,新昌县,315,49,2023-11-13 16:29:55
XC2020007,鼓山公园停车场,新昌县,998,181,2023-11-13 16:29:54
XC2020022,大佛寺文化旅游区停车场,新昌县,290,138,2023-11-13 16:29:34
XC2020003,服务大楼停车场,新昌县,200,68,2023-11-13 16:29:33
XC2020002,演溪路停车场,新昌县,70,52,2023-11-13 16:29:18
XC2020005,智慧家园停车场,新昌县,500,490,2023-11-13 16:24:58
XC2020023,城西小学停车场,新昌县,315,55,2023-11-13 16:24:55
XC2020007,鼓山公园停车场,新昌县,998,185,2023-11-13 16:24:54
XC2020022,大佛寺文化旅游区停车场,新昌县,290,140,2023-11-13 16:24:34
XC2020003,服务大楼停车场,新昌县,200,70,2023-11-13 16:24:33
XC2020002,演溪路停车场,新昌县,70,52,2023-11-13 16:24:18
XC2020005,智慧家园停车场,新昌县,500,489,2023-11-13 16:19:58
XC2020023,城西小学停车场,新昌县,315,58,2023-11-13 16:19:55
XC2020007,鼓山公园停车场,新昌县,998,176,2023-11-13 16:19:54
XC2020022,大佛寺文化旅游区停车场,新昌县,290,134,2023-11-13 16:19:34
XC2020003,服务大楼停车场,新昌县,200,67,2023-11-13 16:19:33
XC2020002,演溪路停车场,新昌县,70,50,2023-11-13 16:19:18
XC2020005,智慧家园停车场,新昌县,500,491,2023-11-13 16:14:58
XC2020023,城西小学停车场,新昌县,315,64,2023-11-13 16:14:55
XC2020007,鼓山公园停车场,新昌县,998,176,2023-11-13 16:14:54
XC2020022,大佛寺文化旅游区停车场,新昌县,290,133,2023-11-13 16:14:34
XC2020003,服务大楼停车场,新昌县,200,63,2023-11-13 16:14:33
XC2020002,演溪路停车场,新昌县,70,51,2023-11-13 16:14:18
XC2020005,智慧家园停车场,新昌县,500,490,2023-11-13 16:09:58
XC2020023,城西小学停车场,新昌县,315,62,2023-11-13 16:09:55
XC2020007,鼓山公园停车场,新昌县,998,177,2023-11-13 16:09:54
XC2020022,大佛寺文化旅游区停车场,新昌县,290,130,2023-11-13 16:09:34
XC2020003,服务大楼停车场,新昌县,200,55,2023-11-13 16:09:33
XC2020002,演溪路停车场,新昌县,70,51,2023-11-13 16:09:18
XC2020005,智慧家园停车场,新昌县,500,491,2023-11-13 16:04:58
XC2020023,城西小学停车场,新昌县,315,62,2023-11-13 16:04:55
XC2020007,鼓山公园停车场,新昌县,998,180,2023-11-13 16:04:54
XC2020022,大佛寺文化旅游区停车场,新昌县,290,130,2023-11-13 16:04:34
XC2020003,服务大楼停车场,新昌县,200,39,2023-11-13 16:04:33
XC2020002,演溪路停车场,新昌县,70,51,2023-11-13 16:04:18
XC2020005,智慧家园停车场,新昌县,500,492,2023-11-13 15:59:58
XC2020023,城西小学停车场,新昌县,315,60,2023-11-13 15:59:55
XC2020007,鼓山公园停车场,新昌县,998,181,2023-11-13 15:59:54
XC2020022,大佛寺文化旅游区停车场,新昌县,290,127,2023-11-13 15:59:34
XC2020003,服务大楼停车场,新昌县,200,38,2023-11-13 15:59:33
XC2020002,演溪路停车场,新昌县,70,52,2023-11-13 15:59:18
XC2020005,智慧家园停车场,新昌县,500,492,2023-11-13 15:54:58
XC2020023,城西小学停车场,新昌县,315,61,2023-11-13 15:54:55
XC2020007,鼓山公园停车场,新昌县,998,183,2023-11-13 15:54:54
XC2020022,大佛寺文化旅游区停车场,新昌县,290,123,2023-11-13 15:54:34
XC2020003,服务大楼停车场,新昌县,200,35,2023-11-13 15:54:33
XC2020002,演溪路停车场,新昌县,70,50,2023-11-13 15:54:18
XC2020005,智慧家园停车场,新昌县,500,492,2023-11-13 15:49:58
XC2020023,城西小学停车场,新昌县,315,60,2023-11-13 15:49:55
XC2020007,鼓山公园停车场,新昌县,998,183,2023-11-13 15:49:54
XC2020022,大佛寺文化旅游区停车场,新昌县,290,119,2023-11-13 15:49:34
XC2020003,服务大楼停车场,新昌县,200,30,2023-11-13 15:49:33
XC2020002,演溪路停车场,新昌县,70,47,2023-11-13 15:49:18
XC2020005,智慧家园停车场,新昌县,500,492,2023-11-13 15:44:58
XC2020023,城西小学停车场,新昌县,315,57,2023-11-13 15:44:55
XC2020007,鼓山公园停车场,新昌县,998,183,2023-11-13 15:44:54
XC2020022,大佛寺文化旅游区停车场,新昌县,290,116,2023-11-13 15:44:34
XC2020003,服务大楼停车场,新昌县,200,31,2023-11-13 15:44:33
XC2020002,演溪路停车场,新昌县,70,46,2023-11-13 15:44:18
XC2020005,智慧家园停车场,新昌县,500,492,2023-11-13 15:39:58
XC2020023,城西小学停车场,新昌县,315,58,2023-11-13 15:39:55
XC2020007,鼓山公园停车场,新昌县,998,189,2023-11-13 15:39:54
XC2020022,大佛寺文化旅游区停车场,新昌县,290,114,2023-11-13 15:39:34
XC2020003,服务大楼停车场,新昌县,200,31,2023-11-13 15:39:33
XC2020002,演溪路停车场,新昌县,70,47,2023-11-13 15:39:18
XC2020005,智慧家园停车场,新昌县,500,492,2023-11-13 15:34:58
XC2020023,城西小学停车场,新昌县,315,52,2023-11-13 15:34:55
XC2020007,鼓山公园停车场,新昌县,998,191,2023-11-13 15:34:54
XC2020022,大佛寺文化旅游区停车场,新昌县,290,114,2023-11-13 15:34:34
XC2020003,服务大楼停车场,新昌县,200,30,2023-11-13 15:34:33
XC2020002,演溪路停车场,新昌县,70,45,2023-11-13 15:34:18
XC2020005,智慧家园停车场,新昌县,500,492,2023-11-13 15:29:58
XC2020023,城西小学停车场,新昌县,315,40,2023-11-13 15:29:55
XC2020007,鼓山公园停车场,新昌县,998,184,2023-11-13 15:29:54
XC2020022,大佛寺文化旅游区停车场,新昌县,290,116,2023-11-13 15:29:34
XC2020003,服务大楼停车场,新昌县,200,24,2023-11-13 15:29:33
XC2020002,演溪路停车场,新昌县,70,46,2023-11-13 15:29:18
XC2020005,智慧家园停车场,新昌县,500,492,2023-11-13 15:24:58
XC2020023,城西小学停车场,新昌县,315,40,2023-11-13 15:24:55
XC2020007,鼓山公园停车场,新昌县,998,180,2023-11-13 15:24:54
XC2020022,大佛寺文化旅游区停车场,新昌县,290,113,2023-11-13 15:24:34
XC2020003,服务大楼停车场,新昌县,200,16,2023-11-13 15:24:33
XC2020002,演溪路停车场,新昌县,70,48,2023-11-13 15:24:18
XC2020005,智慧家园停车场,新昌县,500,492,2023-11-13 15:19:58
XC2020023,城西小学停车场,新昌县,315,44,2023-11-13 15:19:55
XC2020007,鼓山公园停车场,新昌县,998,177,2023-11-13 15:19:54
XC2020022,大佛寺文化旅游区停车场,新昌县,290,113,2023-11-13 15:19:34
XC2020003,服务大楼停车场,新昌县,200,25,2023-11-13 15:19:33
XC2020002,演溪路停车场,新昌县,70,50,2023-11-13 15:19:18
XC2020005,智慧家园停车场,新昌县,500,492,2023-11-13 15:14:58
XC2020023,城西小学停车场,新昌县,315,30,2023-11-13 15:14:55
XC2020007,鼓山公园停车场,新昌县,998,179,2023-11-13 15:14:54
XC2020022,大佛寺文化旅游区停车场,新昌县,290,112,2023-11-13 15:14:34
XC2020003,服务大楼停车场,新昌县,200,29,2023-11-13 15:14:33
XC2020002,演溪路停车场,新昌县,70,48,2023-11-13 15:14:18
XC2020005,智慧家园停车场,新昌县,500,492,2023-11-13 15:09:58
XC2020023,城西小学停车场,新昌县,315,7,2023-11-13 15:09:55
XC2020007,鼓山公园停车场,新昌县,998,180,2023-11-13 15:09:54
XC2020022,大佛寺文化旅游区停车场,新昌县,290,111,2023-11-13 15:09:34
XC2020003,服务大楼停车场,新昌县,200,25,2023-11-13 15:09:33
XC2020002,演溪路停车场,新昌县,70,49,2023-11-13 15:09:18
XC2020005,智慧家园停车场,新昌县,500,492,2023-11-13 15:04:58
XC2020023,城西小学停车场,新昌县,315,13,2023-11-13 15:04:55
XC2020007,鼓山公园停车场,新昌县,998,180,2023-11-13 15:04:54
XC2020022,大佛寺文化旅游区停车场,新昌县,290,108,2023-11-13 15:04:35
XC2020003,服务大楼停车场,新昌县,200,27,2023-11-13 15:04:33
XC2020002,演溪路停车场,新昌县,70,49,2023-11-13 15:04:18
XC2020005,智慧家园停车场,新昌县,500,492,2023-11-13 14:59:58
XC2020023,城西小学停车场,新昌县,315,24,2023-11-13 14:59:55
XC2020007,鼓山公园停车场,新昌县,998,185,2023-11-13 14:59:54
XC2020022,大佛寺文化旅游区停车场,新昌县,290,106,2023-11-13 14:59:34
XC2020003,服务大楼停车场,新昌县,200,35,2023-11-13 14:59:33
XC2020002,演溪路停车场,新昌县,70,49,2023-11-13 14:59:18
XC2020005,智慧家园停车场,新昌县,500,492,2023-11-13 14:54:58
XC2020023,城西小学停车场,新昌县,315,43,2023-11-13 14:54:55
XC2020007,鼓山公园停车场,新昌县,998,186,2023-11-13 14:54:54
XC2020022,大佛寺文化旅游区停车场,新昌县,290,108,2023-11-13 14:54:34
XC2020003,服务大楼停车场,新昌县,200,29,2023-11-13 14:54:33
XC2020002,演溪路停车场,新昌县,70,49,2023-11-13 14:54:18
XC2020005,智慧家园停车场,新昌县,500,492,2023-11-13 14:49:58
XC2020023,城西小学停车场,新昌县,315,54,2023-11-13 14:49:55
XC2020007,鼓山公园停车场,新昌县,998,190,2023-11-13 14:49:54
XC2020022,大佛寺文化旅游区停车场,新昌县,290,108,2023-11-13 14:49:34
XC2020003,服务大楼停车场,新昌县,200,31,2023-11-13 14:49:33
XC2020002,演溪路停车场,新昌县,70,47,2023-11-13 14:49:18
XC2020005,智慧家园停车场,新昌县,500,493,2023-11-13 14:44:58
XC2020023,城西小学停车场,新昌县,315,60,2023-11-13 14:44:55
XC2020007,鼓山公园停车场,新昌县,998,188,2023-11-13 14:44:54
XC2020022,大佛寺文化旅游区停车场,新昌县,290,103,2023-11-13 14:44:34
XC2020003,服务大楼停车场,新昌县,200,32,2023-11-13 14:44:33
XC2020002,演溪路停车场,新昌县,70,46,2023-11-13 14:44:18
XC2020005,智慧家园停车场,新昌县,500,493,2023-11-13 14:39:58
XC2020023,城西小学停车场,新昌县,315,65,2023-11-13 14:39:55
XC2020007,鼓山公园停车场,新昌县,998,189,2023-11-13 14:39:54
XC2020022,大佛寺文化旅游区停车场,新昌县,290,106,2023-11-13 14:39:34
XC2020003,服务大楼停车场,新昌县,200,27,2023-11-13 14:39:33
XC2020002,演溪路停车场,新昌县,70,44,2023-11-13 14:39:18
XC2020005,智慧家园停车场,新昌县,500,493,2023-11-13 14:34:58
XC2020023,城西小学停车场,新昌县,315,68,2023-11-13 14:34:55
XC2020007,鼓山公园停车场,新昌县,998,189,2023-11-13 14:34:54
XC2020022,大佛寺文化旅游区停车场,新昌县,290,104,2023-11-13 14:34:34
XC2020003,服务大楼停车场,新昌县,200,37,2023-11-13 14:34:33
XC2020002,演溪路停车场,新昌县,70,44,2023-11-13 14:34:18
XC2020005,智慧家园停车场,新昌县,500,493,2023-11-13 14:29:58
XC2020023,城西小学停车场,新昌县,315,70,2023-11-13 14:29:55
XC2020007,鼓山公园停车场,新昌县,998,190,2023-11-13 14:29:54
XC2020022,大佛寺文化旅游区停车场,新昌县,290,104,2023-11-13 14:29:34
XC2020003,服务大楼停车场,新昌县,200,40,2023-11-13 14:29:33
XC2020002,演溪路停车场,新昌县,70,42,2023-11-13 14:29:18
XC2020005,智慧家园停车场,新昌县,500,493,2023-11-13 14:24:58
XC2020023,城西小学停车场,新昌县,315,70,2023-11-13 14:24:55
XC2020007,鼓山公园停车场,新昌县,998,191,2023-11-13 14:24:54
XC2020022,大佛寺文化旅游区停车场,新昌县,290,105,2023-11-13 14:24:34
XC2020003,服务大楼停车场,新昌县,200,43,2023-11-13 14:24:33
XC2020002,演溪路停车场,新昌县,70,43,2023-11-13 14:24:18
XC2020005,智慧家园停车场,新昌县,500,493,2023-11-13 14:19:58
XC2020023,城西小学停车场,新昌县,315,72,2023-11-13 14:19:55
XC2020007,鼓山公园停车场,新昌县,998,189,2023-11-13 14:19:54
XC2020022,大佛寺文化旅游区停车场,新昌县,290,106,2023-11-13 14:19:34
XC2020003,服务大楼停车场,新昌县,200,46,2023-11-13 14:19:33
XC2020002,演溪路停车场,新昌县,70,44,2023-11-13 14:19:18
XC2020005,智慧家园停车场,新昌县,500,492,2023-11-13 14:14:58
XC2020023,城西小学停车场,新昌县,315,73,2023-11-13 14:14:55
XC2020007,鼓山公园停车场,新昌县,998,188,2023-11-13 14:14:54
XC2020022,大佛寺文化旅游区停车场,新昌县,290,104,2023-11-13 14:14:34
XC2020003,服务大楼停车场,新昌县,200,48,2023-11-13 14:14:33
XC2020002,演溪路停车场,新昌县,70,42,2023-11-13 14:14:18
XC2020005,智慧家园停车场,新昌县,500,492,2023-11-13 14:09:58
XC2020023,城西小学停车场,新昌县,315,70,2023-11-13 14:09:55
XC2020007,鼓山公园停车场,新昌县,998,186,2023-11-13 14:09:54
XC2020022,大佛寺文化旅游区停车场,新昌县,290,102,2023-11-13 14:09:34
XC2020003,服务大楼停车场,新昌县,200,48,2023-11-13 14:09:33
XC2020002,演溪路停车场,新昌县,70,41,2023-11-13 14:09:18
XC2020005,智慧家园停车场,新昌县,500,492,2023-11-13 14:04:58
XC2020023,城西小学停车场,新昌县,315,68,2023-11-13 14:04:55
XC2020007,鼓山公园停车场,新昌县,998,187,2023-11-13 14:04:54
XC2020022,大佛寺文化旅游区停车场,新昌县,290,105,2023-11-13 14:04:34
XC2020003,服务大楼停车场,新昌县,200,54,2023-11-13 14:04:33
XC2020002,演溪路停车场,新昌县,70,42,2023-11-13 14:04:18
XC2020005,智慧家园停车场,新昌县,500,493,2023-11-13 13:59:58
XC2020023,城西小学停车场,新昌县,315,68,2023-11-13 13:59:55
XC2020007,鼓山公园停车场,新昌县,998,187,2023-11-13 13:59:54
XC2020022,大佛寺文化旅游区停车场,新昌县,290,109,2023-11-13 13:59:34
XC2020003,服务大楼停车场,新昌县,200,71,2023-11-13 13:59:33
XC2020002,演溪路停车场,新昌县,70,42,2023-11-13 13:59:18
XC2020005,智慧家园停车场,新昌县,500,495,2023-11-13 13:54:58
XC2020023,城西小学停车场,新昌县,315,68,2023-11-13 13:54:55
XC2020007,鼓山公园停车场,新昌县,998,186,2023-11-13 13:54:54
XC2020022,大佛寺文化旅游区停车场,新昌县,290,111,2023-11-13 13:54:34
XC2020003,服务大楼停车场,新昌县,200,90,2023-11-13 13:54:33
XC2020002,演溪路停车场,新昌县,70,41,2023-11-13 13:54:18
XC2020005,智慧家园停车场,新昌县,500,497,2023-11-13 13:49:58
XC2020023,城西小学停车场,新昌县,315,63,2023-11-13 13:49:55
XC2020007,鼓山公园停车场,新昌县,998,187,2023-11-13 13:49:54
XC2020022,大佛寺文化旅游区停车场,新昌县,290,108,2023-11-13 13:49:34
XC2020003,服务大楼停车场,新昌县,200,108,2023-11-13 13:49:33
XC2020002,演溪路停车场,新昌县,70,38,2023-11-13 13:49:18
XC2020005,智慧家园停车场,新昌县,500,498,2023-11-13 13:44:58
XC2020023,城西小学停车场,新昌县,315,62,2023-11-13 13:44:55
XC2020007,鼓山公园停车场,新昌县,998,185,2023-11-13 13:44:54
XC2020022,大佛寺文化旅游区停车场,新昌县,290,108,2023-11-13 13:44:34
XC2020003,服务大楼停车场,新昌县,200,118,2023-11-13 13:44:33
XC2020002,演溪路停车场,新昌县,70,37,2023-11-13 13:44:18
XC2020010,南明路立体停车场,新昌县,100,55,2023-11-13 13:41:38
XC2020005,智慧家园停车场,新昌县,500,499,2023-11-13 13:39:58
XC2020023,城西小学停车场,新昌县,315,62,2023-11-13 13:39:55
XC2020007,鼓山公园停车场,新昌县,998,183,2023-11-13 13:39:54
XC2020010,南明路立体停车场,新昌县,100,55,2023-11-13 13:39:38
XC2020022,大佛寺文化旅游区停车场,新昌县,290,108,2023-11-13 13:39:34
XC2020003,服务大楼停车场,新昌县,200,126,2023-11-13 13:39:33
XC2020002,演溪路停车场,新昌县,70,36,2023-11-13 13:39:18
XC2020005,智慧家园停车场,新昌县,500,499,2023-11-13 13:34:58
XC2020023,城西小学停车场,新昌县,315,62,2023-11-13 13:34:55
XC2020007,鼓山公园停车场,新昌县,998,181,2023-11-13 13:34:54
XC2020010,南明路立体停车场,新昌县,100,55,2023-11-13 13:34:38
XC2020022,大佛寺文化旅游区停车场,新昌县,290,112,2023-11-13 13:34:34
XC2020003,服务大楼停车场,新昌县,200,128,2023-11-13 13:34:33
XC2020002,演溪路停车场,新昌县,70,36,2023-11-13 13:34:18
XC2020005,智慧家园停车场,新昌县,500,499,2023-11-13 13:29:58
XC2020023,城西小学停车场,新昌县,315,58,2023-11-13 13:29:55
XC2020007,鼓山公园停车场,新昌县,998,183,2023-11-13 13:29:54
XC2020010,南明路立体停车场,新昌县,100,56,2023-11-13 13:29:38
XC2020022,大佛寺文化旅游区停车场,新昌县,290,113,2023-11-13 13:29:34
XC2020003,服务大楼停车场,新昌县,200,131,2023-11-13 13:29:33
XC2020002,演溪路停车场,新昌县,70,33,2023-11-13 13:29:18
XC2020005,智慧家园停车场,新昌县,500,499,2023-11-13 13:24:58
XC2020023,城西小学停车场,新昌县,315,60,2023-11-13 13:24:55
XC2020007,鼓山公园停车场,新昌县,998,185,2023-11-13 13:24:54
XC2020010,南明路立体停车场,新昌县,100,57,2023-11-13 13:24:38
XC2020022,大佛寺文化旅游区停车场,新昌县,290,110,2023-11-13 13:24:34
XC2020003,服务大楼停车场,新昌县,200,132,2023-11-13 13:24:33
XC2020002,演溪路停车场,新昌县,70,33,2023-11-13 13:24:18
XC2020005,智慧家园停车场,新昌县,500,499,2023-11-13 13:19:58
XC2020023,城西小学停车场,新昌县,315,61,2023-11-13 13:19:55
XC2020007,鼓山公园停车场,新昌县,998,188,2023-11-13 13:19:54
XC2020010,南明路立体停车场,新昌县,100,57,2023-11-13 13:19:38
XC2020022,大佛寺文化旅游区停车场,新昌县,290,108,2023-11-13 13:19:34
XC2020003,服务大楼停车场,新昌县,200,134,2023-11-13 13:19:33
XC2020002,演溪路停车场,新昌县,70,31,2023-11-13 13:19:18
XC2020005,智慧家园停车场,新昌县,500,499,2023-11-13 13:14:58
XC2020023,城西小学停车场,新昌县,315,60,2023-11-13 13:14:55
XC2020007,鼓山公园停车场,新昌县,998,186,2023-11-13 13:14:54
XC2020010,南明路立体停车场,新昌县,100,57,2023-11-13 13:14:38
XC2020022,大佛寺文化旅游区停车场,新昌县,290,110,2023-11-13 13:14:34
XC2020003,服务大楼停车场,新昌县,200,133,2023-11-13 13:14:33
XC2020002,演溪路停车场,新昌县,70,30,2023-11-13 13:14:18
XC2020005,智慧家园停车场,新昌县,500,500,2023-11-13 13:09:58
XC2020023,城西小学停车场,新昌县,315,61,2023-11-13 13:09:55
XC2020007,鼓山公园停车场,新昌县,998,185,2023-11-13 13:09:54
XC2020010,南明路立体停车场,新昌县,100,57,2023-11-13 13:09:38
XC2020022,大佛寺文化旅游区停车场,新昌县,290,108,2023-11-13 13:09:34
XC2020003,服务大楼停车场,新昌县,200,135,2023-11-13 13:09:33
XC2020002,演溪路停车场,新昌县,70,28,2023-11-13 13:09:18
XC2020005,智慧家园停车场,新昌县,500,500,2023-11-13 13:04:58
XC2020023,城西小学停车场,新昌县,315,64,2023-11-13 13:04:55
XC2020007,鼓山公园停车场,新昌县,998,175,2023-11-13 13:04:54
XC2020010,南明路立体停车场,新昌县,100,57,2023-11-13 13:04:38
XC2020022,大佛寺文化旅游区停车场,新昌县,290,107,2023-11-13 13:04:34
XC2020003,服务大楼停车场,新昌县,200,135,2023-11-13 13:04:33
XC2020002,演溪路停车场,新昌县,70,25,2023-11-13 13:04:18
XC2020005,智慧家园停车场,新昌县,500,500,2023-11-13 12:59:58
XC2020023,城西小学停车场,新昌县,315,64,2023-11-13 12:59:55
XC2020007,鼓山公园停车场,新昌县,998,168,2023-11-13 12:59:54
XC2020010,南明路立体停车场,新昌县,100,57,2023-11-13 12:59:38
XC2020022,大佛寺文化旅游区停车场,新昌县,290,106,2023-11-13 12:59:34
XC2020003,服务大楼停车场,新昌县,200,134,2023-11-13 12:59:33
XC2020002,演溪路停车场,新昌县,70,27,2023-11-13 12:59:18
XC2020005,智慧家园停车场,新昌县,500,500,2023-11-13 12:54:58
XC2020023,城西小学停车场,新昌县,315,64,2023-11-13 12:54:55
XC2020007,鼓山公园停车场,新昌县,998,166,2023-11-13 12:54:54
XC2020010,南明路立体停车场,新昌县,100,57,2023-11-13 12:54:38
XC2020022,大佛寺文化旅游区停车场,新昌县,290,107,2023-11-13 12:54:34
XC2020003,服务大楼停车场,新昌县,200,133,2023-11-13 12:54:33
XC2020002,演溪路停车场,新昌县,70,29,2023-11-13 12:54:18
XC2020005,智慧家园停车场,新昌县,500,500,2023-11-13 12:49:58
XC2020023,城西小学停车场,新昌县,315,61,2023-11-13 12:49:55
XC2020007,鼓山公园停车场,新昌县,998,166,2023-11-13 12:49:54
XC2020010,南明路立体停车场,新昌县,100,56,2023-11-13 12:49:38
XC2020022,大佛寺文化旅游区停车场,新昌县,290,110,2023-11-13 12:49:34
XC2020003,服务大楼停车场,新昌县,200,135,2023-11-13 12:49:33
XC2020002,演溪路停车场,新昌县,70,31,2023-11-13 12:49:18
XC2020005,智慧家园停车场,新昌县,500,500,2023-11-13 12:44:58
XC2020023,城西小学停车场,新昌县,315,62,2023-11-13 12:44:55
XC2020007,鼓山公园停车场,新昌县,998,165,2023-11-13 12:44:54
XC2020010,南明路立体停车场,新昌县,100,56,2023-11-13 12:44:38
XC2020022,大佛寺文化旅游区停车场,新昌县,290,110,2023-11-13 12:44:34
XC2020003,服务大楼停车场,新昌县,200,136,2023-11-13 12:44:33
XC2020002,演溪路停车场,新昌县,70,30,2023-11-13 12:44:18
XC2020005,智慧家园停车场,新昌县,500,500,2023-11-13 12:39:58
XC2020023,城西小学停车场,新昌县,315,64,2023-11-13 12:39:55
XC2020007,鼓山公园停车场,新昌县,998,167,2023-11-13 12:39:54
XC2020010,南明路立体停车场,新昌县,100,56,2023-11-13 12:39:38
XC2020022,大佛寺文化旅游区停车场,新昌县,290,109,2023-11-13 12:39:34
XC2020003,服务大楼停车场,新昌县,200,133,2023-11-13 12:39:33
XC2020002,演溪路停车场,新昌县,70,31,2023-11-13 12:39:18
XC2020005,智慧家园停车场,新昌县,500,500,2023-11-13 12:34:58
XC2020023,城西小学停车场,新昌县,315,66,2023-11-13 12:34:55
XC2020007,鼓山公园停车场,新昌县,998,165,2023-11-13 12:34:54
XC2020010,南明路立体停车场,新昌县,100,56,2023-11-13 12:34:38
XC2020022,大佛寺文化旅游区停车场,新昌县,290,113,2023-11-13 12:34:34
XC2020003,服务大楼停车场,新昌县,200,132,2023-11-13 12:34:33
XC2020002,演溪路停车场,新昌县,70,31,2023-11-13 12:34:18
XC2020005,智慧家园停车场,新昌县,500,500,2023-11-13 12:29:58
XC2020023,城西小学停车场,新昌县,315,66,2023-11-13 12:29:55
XC2020007,鼓山公园停车场,新昌县,998,168,2023-11-13 12:29:54
XC2020010,南明路立体停车场,新昌县,100,56,2023-11-13 12:29:38
XC2020022,大佛寺文化旅游区停车场,新昌县,290,113,2023-11-13 12:29:34
XC2020003,服务大楼停车场,新昌县,200,132,2023-11-13 12:29:33
XC2020002,演溪路停车场,新昌县,70,35,2023-11-13 12:29:18
XC2020005,智慧家园停车场,新昌县,500,500,2023-11-13 12:24:58
XC2020023,城西小学停车场,新昌县,315,68,2023-11-13 12:24:55
XC2020007,鼓山公园停车场,新昌县,998,167,2023-11-13 12:24:54
XC2020010,南明路立体停车场,新昌县,100,57,2023-11-13 12:24:38
XC2020022,大佛寺文化旅游区停车场,新昌县,290,119,2023-11-13 12:24:34
XC2020003,服务大楼停车场,新昌县,200,123,2023-11-13 12:24:33
XC2020002,演溪路停车场,新昌县,70,36,2023-11-13 12:24:18
XC2020005,智慧家园停车场,新昌县,500,500,2023-11-13 12:19:58
XC2020023,城西小学停车场,新昌县,315,72,2023-11-13 12:19:55
XC2020007,鼓山公园停车场,新昌县,998,163,2023-11-13 12:19:54
XC2020010,南明路立体停车场,新昌县,100,57,2023-11-13 12:19:38
XC2020022,大佛寺文化旅游区停车场,新昌县,290,120,2023-11-13 12:19:34
XC2020003,服务大楼停车场,新昌县,200,112,2023-11-13 12:19:33
XC2020002,演溪路停车场,新昌县,70,37,2023-11-13 12:19:18
XC2020005,智慧家园停车场,新昌县,500,500,2023-11-13 12:14:58
XC2020023,城西小学停车场,新昌县,315,75,2023-11-13 12:14:55
XC2020007,鼓山公园停车场,新昌县,998,165,2023-11-13 12:14:54
XC2020010,南明路立体停车场,新昌县,100,57,2023-11-13 12:14:38
XC2020022,大佛寺文化旅游区停车场,新昌县,290,117,2023-11-13 12:14:34
XC2020003,服务大楼停车场,新昌县,200,107,2023-11-13 12:14:33
XC2020002,演溪路停车场,新昌县,70,36,2023-11-13 12:14:18
XC2020005,智慧家园停车场,新昌县,500,500,2023-11-13 12:09:58
XC2020023,城西小学停车场,新昌县,315,77,2023-11-13 12:09:55
XC2020007,鼓山公园停车场,新昌县,998,166,2023-11-13 12:09:54
XC2020010,南明路立体停车场,新昌县,100,57,2023-11-13 12:09:38
XC2020022,大佛寺文化旅游区停车场,新昌县,290,116,2023-11-13 12:09:34
XC2020003,服务大楼停车场,新昌县,200,98,2023-11-13 12:09:33
XC2020002,演溪路停车场,新昌县,70,40,2023-11-13 12:09:18
XC2020005,智慧家园停车场,新昌县,500,500,2023-11-13 12:04:58
XC2020023,城西小学停车场,新昌县,315,79,2023-11-13 12:04:55
XC2020007,鼓山公园停车场,新昌县,998,164,2023-11-13 12:04:54
XC2020010,南明路立体停车场,新昌县,100,57,2023-11-13 12:04:38
XC2020022,大佛寺文化旅游区停车场,新昌县,290,115,2023-11-13 12:04:34
XC2020003,服务大楼停车场,新昌县,200,88,2023-11-13 12:04:33
XC2020002,演溪路停车场,新昌县,70,40,2023-11-13 12:04:18
XC2020005,智慧家园停车场,新昌县,500,500,2023-11-13 11:59:58
XC2020023,城西小学停车场,新昌县,315,81,2023-11-13 11:59:55
XC2020007,鼓山公园停车场,新昌县,998,163,2023-11-13 11:59:54
XC2020010,南明路立体停车场,新昌县,100,58,2023-11-13 11:59:38
XC2020022,大佛寺文化旅游区停车场,新昌县,290,117,2023-11-13 11:59:34
XC2020003,服务大楼停车场,新昌县,200,72,2023-11-13 11:59:33
XC2020002,演溪路停车场,新昌县,70,42,2023-11-13 11:59:18
XC2020005,智慧家园停车场,新昌县,500,500,2023-11-13 11:54:58
XC2020023,城西小学停车场,新昌县,315,84,2023-11-13 11:54:55
XC2020007,鼓山公园停车场,新昌县,998,166,2023-11-13 11:54:54
XC2020010,南明路立体停车场,新昌县,100,58,2023-11-13 11:54:38
XC2020022,大佛寺文化旅游区停车场,新昌县,290,114,2023-11-13 11:54:34
XC2020003,服务大楼停车场,新昌县,200,61,2023-11-13 11:54:33
XC2020002,演溪路停车场,新昌县,70,43,2023-11-13 11:54:18
XC2020005,智慧家园停车场,新昌县,500,500,2023-11-13 11:49:58
XC2020023,城西小学停车场,新昌县,315,83,2023-11-13 11:49:55
XC2020007,鼓山公园停车场,新昌县,998,167,2023-11-13 11:49:54
XC2020010,南明路立体停车场,新昌县,100,59,2023-11-13 11:49:38
XC2020022,大佛寺文化旅游区停车场,新昌县,290,114,2023-11-13 11:49:34
XC2020003,服务大楼停车场,新昌县,200,58,2023-11-13 11:49:33
XC2020002,演溪路停车场,新昌县,70,44,2023-11-13 11:49:18
XC2020005,智慧家园停车场,新昌县,500,500,2023-11-13 11:44:58
XC2020023,城西小学停车场,新昌县,315,79,2023-11-13 11:44:55
XC2020007,鼓山公园停车场,新昌县,998,169,2023-11-13 11:44:54
XC2020010,南明路立体停车场,新昌县,100,60,2023-11-13 11:44:38
XC2020022,大佛寺文化旅游区停车场,新昌县,290,113,2023-11-13 11:44:34
XC2020003,服务大楼停车场,新昌县,200,51,2023-11-13 11:44:33
XC2020002,演溪路停车场,新昌县,70,47,2023-11-13 11:44:18
XC2020005,智慧家园停车场,新昌县,500,500,2023-11-13 11:39:58
XC2020023,城西小学停车场,新昌县,315,75,2023-11-13 11:39:55
XC2020007,鼓山公园停车场,新昌县,998,175,2023-11-13 11:39:54
XC2020010,南明路立体停车场,新昌县,100,62,2023-11-13 11:39:38
XC2020022,大佛寺文化旅游区停车场,新昌县,290,116,2023-11-13 11:39:34
XC2020003,服务大楼停车场,新昌县,200,56,2023-11-13 11:39:33
XC2020002,演溪路停车场,新昌县,70,47,2023-11-13 11:39:18
XC2020005,智慧家园停车场,新昌县,500,500,2023-11-13 11:34:58
XC2020023,城西小学停车场,新昌县,315,76,2023-11-13 11:34:55
XC2020007,鼓山公园停车场,新昌县,998,176,2023-11-13 11:34:54
XC2020010,南明路立体停车场,新昌县,100,62,2023-11-13 11:34:38
XC2020022,大佛寺文化旅游区停车场,新昌县,290,107,2023-11-13 11:34:34
XC2020003,服务大楼停车场,新昌县,200,55,2023-11-13 11:34:33
XC2020002,演溪路停车场,新昌县,70,48,2023-11-13 11:34:18
XC2020005,智慧家园停车场,新昌县,500,499,2023-11-13 11:29:58
XC2020023,城西小学停车场,新昌县,315,80,2023-11-13 11:29:55
XC2020007,鼓山公园停车场,新昌县,998,181,2023-11-13 11:29:54
XC2020010,南明路立体停车场,新昌县,100,62,2023-11-13 11:29:38
XC2020022,大佛寺文化旅游区停车场,新昌县,290,103,2023-11-13 11:29:34
XC2020003,服务大楼停车场,新昌县,200,50,2023-11-13 11:29:33
XC2020002,演溪路停车场,新昌县,70,51,2023-11-13 11:29:18
XC2020005,智慧家园停车场,新昌县,500,500,2023-11-13 11:24:58
XC2020023,城西小学停车场,新昌县,315,84,2023-11-13 11:24:55
XC2020007,鼓山公园停车场,新昌县,998,186,2023-11-13 11:24:54
XC2020010,南明路立体停车场,新昌县,100,62,2023-11-13 11:24:38
XC2020022,大佛寺文化旅游区停车场,新昌县,290,104,2023-11-13 11:24:34
XC2020003,服务大楼停车场,新昌县,200,49,2023-11-13 11:24:33
XC2020002,演溪路停车场,新昌县,70,51,2023-11-13 11:24:18
XC2020005,智慧家园停车场,新昌县,500,500,2023-11-13 11:19:58
XC2020023,城西小学停车场,新昌县,315,85,2023-11-13 11:19:55
XC2020007,鼓山公园停车场,新昌县,998,190,2023-11-13 11:19:54
XC2020010,南明路立体停车场,新昌县,100,63,2023-11-13 11:19:38
XC2020022,大佛寺文化旅游区停车场,新昌县,290,106,2023-11-13 11:19:34
XC2020003,服务大楼停车场,新昌县,200,46,2023-11-13 11:19:33
XC2020002,演溪路停车场,新昌县,70,51,2023-11-13 11:19:18
XC2020005,智慧家园停车场,新昌县,500,500,2023-11-13 11:14:58
XC2020023,城西小学停车场,新昌县,315,84,2023-11-13 11:14:55
XC2020007,鼓山公园停车场,新昌县,998,197,2023-11-13 11:14:54
XC2020010,南明路立体停车场,新昌县,100,63,2023-11-13 11:14:38
XC2020022,大佛寺文化旅游区停车场,新昌县,290,104,2023-11-13 11:14:34
XC2020003,服务大楼停车场,新昌县,200,37,2023-11-13 11:14:33
XC2020002,演溪路停车场,新昌县,70,50,2023-11-13 11:14:18
XC2020005,智慧家园停车场,新昌县,500,500,2023-11-13 11:09:58
XC2020023,城西小学停车场,新昌县,315,81,2023-11-13 11:09:55
XC2020007,鼓山公园停车场,新昌县,998,198,2023-11-13 11:09:54
XC2020010,南明路立体停车场,新昌县,100,63,2023-11-13 11:09:38
XC2020022,大佛寺文化旅游区停车场,新昌县,290,105,2023-11-13 11:09:34
XC2020003,服务大楼停车场,新昌县,200,34,2023-11-13 11:09:33
XC2020002,演溪路停车场,新昌县,70,52,2023-11-13 11:09:18
XC2020005,智慧家园停车场,新昌县,500,500,2023-11-13 11:04:58
XC2020023,城西小学停车场,新昌县,315,82,2023-11-13 11:04:55
XC2020007,鼓山公园停车场,新昌县,998,201,2023-11-13 11:04:54
XC2020010,南明路立体停车场,新昌县,100,63,2023-11-13 11:04:38
XC2020022,大佛寺文化旅游区停车场,新昌县,290,105,2023-11-13 11:04:34
XC2020003,服务大楼停车场,新昌县,200,27,2023-11-13 11:04:33
XC2020002,演溪路停车场,新昌县,70,53,2023-11-13 11:04:18
XC2020005,智慧家园停车场,新昌县,500,500,2023-11-13 10:59:58
XC2020023,城西小学停车场,新昌县,315,86,2023-11-13 10:59:55
XC2020007,鼓山公园停车场,新昌县,998,201,2023-11-13 10:59:54
XC2020010,南明路立体停车场,新昌县,100,63,2023-11-13 10:59:38
XC2020022,大佛寺文化旅游区停车场,新昌县,290,108,2023-11-13 10:59:34
XC2020003,服务大楼停车场,新昌县,200,26,2023-11-13 10:59:33
XC2020002,演溪路停车场,新昌县,70,54,2023-11-13 10:59:18
XC2020005,智慧家园停车场,新昌县,500,500,2023-11-13 10:54:58
XC2020023,城西小学停车场,新昌县,315,86,2023-11-13 10:54:55
XC2020007,鼓山公园停车场,新昌县,998,202,2023-11-13 10:54:54
XC2020010,南明路立体停车场,新昌县,100,63,2023-11-13 10:54:38
XC2020022,大佛寺文化旅游区停车场,新昌县,290,108,2023-11-13 10:54:34
XC2020003,服务大楼停车场,新昌县,200,24,2023-11-13 10:54:33
XC2020002,演溪路停车场,新昌县,70,54,2023-11-13 10:54:18
XC2020005,智慧家园停车场,新昌县,500,500,2023-11-13 10:49:58
XC2020023,城西小学停车场,新昌县,315,85,2023-11-13 10:49:55
XC2020007,鼓山公园停车场,新昌县,998,202,2023-11-13 10:49:54
XC2020010,南明路立体停车场,新昌县,100,64,2023-11-13 10:49:38
XC2020022,大佛寺文化旅游区停车场,新昌县,290,107,2023-11-13 10:49:34
XC2020003,服务大楼停车场,新昌县,200,24,2023-11-13 10:49:33
XC2020002,演溪路停车场,新昌县,70,54,2023-11-13 10:49:18
XC2020005,智慧家园停车场,新昌县,500,500,2023-11-13 10:44:58
XC2020023,城西小学停车场,新昌县,315,86,2023-11-13 10:44:55
XC2020007,鼓山公园停车场,新昌县,998,203,2023-11-13 10:44:54
XC2020010,南明路立体停车场,新昌县,100,64,2023-11-13 10:44:38
XC2020022,大佛寺文化旅游区停车场,新昌县,290,107,2023-11-13 10:44:34
XC2020003,服务大楼停车场,新昌县,200,22,2023-11-13 10:44:33
XC2020002,演溪路停车场,新昌县,70,54,2023-11-13 10:44:18
XC2020005,智慧家园停车场,新昌县,500,500,2023-11-13 10:39:58
XC2020023,城西小学停车场,新昌县,315,89,2023-11-13 10:39:55
XC2020007,鼓山公园停车场,新昌县,998,202,2023-11-13 10:39:54
XC2020010,南明路立体停车场,新昌县,100,64,2023-11-13 10:39:38
XC2020022,大佛寺文化旅游区停车场,新昌县,290,104,2023-11-13 10:39:34
XC2020003,服务大楼停车场,新昌县,200,23,2023-11-13 10:39:33
XC2020002,演溪路停车场,新昌县,70,54,2023-11-13 10:39:18
XC2020005,智慧家园停车场,新昌县,500,500,2023-11-13 10:34:58
XC2020023,城西小学停车场,新昌县,315,91,2023-11-13 10:34:55
XC2020007,鼓山公园停车场,新昌县,998,203,2023-11-13 10:34:54
XC2020010,南明路立体停车场,新昌县,100,64,2023-11-13 10:34:38
XC2020022,大佛寺文化旅游区停车场,新昌县,290,103,2023-11-13 10:34:34
XC2020003,服务大楼停车场,新昌县,200,16,2023-11-13 10:34:33
XC2020002,演溪路停车场,新昌县,70,55,2023-11-13 10:34:18
XC2020005,智慧家园停车场,新昌县,500,500,2023-11-13 10:29:58
XC2020023,城西小学停车场,新昌县,315,92,2023-11-13 10:29:55
XC2020007,鼓山公园停车场,新昌县,998,205,2023-11-13 10:29:54
XC2020010,南明路立体停车场,新昌县,100,64,2023-11-13 10:29:38
XC2020022,大佛寺文化旅游区停车场,新昌县,290,102,2023-11-13 10:29:34
XC2020003,服务大楼停车场,新昌县,200,12,2023-11-13 10:29:33
XC2020002,演溪路停车场,新昌县,70,57,2023-11-13 10:29:18
XC2020005,智慧家园停车场,新昌县,500,500,2023-11-13 10:24:58
XC2020023,城西小学停车场,新昌县,315,91,2023-11-13 10:24:55
XC2020007,鼓山公园停车场,新昌县,998,206,2023-11-13 10:24:54
XC2020010,南明路立体停车场,新昌县,100,63,2023-11-13 10:24:38
XC2020022,大佛寺文化旅游区停车场,新昌县,290,100,2023-11-13 10:24:34
XC2020003,服务大楼停车场,新昌县,200,11,2023-11-13 10:24:33
XC2020002,演溪路停车场,新昌县,70,57,2023-11-13 10:24:18
XC2020005,智慧家园停车场,新昌县,500,500,2023-11-13 10:19:58
XC2020023,城西小学停车场,新昌县,315,91,2023-11-13 10:19:55
XC2020007,鼓山公园停车场,新昌县,998,204,2023-11-13 10:19:54
XC2020010,南明路立体停车场,新昌县,100,63,2023-11-13 10:19:38
XC2020022,大佛寺文化旅游区停车场,新昌县,290,101,2023-11-13 10:19:34
XC2020003,服务大楼停车场,新昌县,200,13,2023-11-13 10:19:33
XC2020002,演溪路停车场,新昌县,70,58,2023-11-13 10:19:18
XC2020005,智慧家园停车场,新昌县,500,500,2023-11-13 10:14:58
XC2020023,城西小学停车场,新昌县,315,92,2023-11-13 10:14:55
XC2020007,鼓山公园停车场,新昌县,998,205,2023-11-13 10:14:54
XC2020010,南明路立体停车场,新昌县,100,63,2023-11-13 10:14:38
XC2020022,大佛寺文化旅游区停车场,新昌县,290,101,2023-11-13 10:14:34
XC2020003,服务大楼停车场,新昌县,200,14,2023-11-13 10:14:33
XC2020002,演溪路停车场,新昌县,70,57,2023-11-13 10:14:18
XC2020005,智慧家园停车场,新昌县,500,500,2023-11-13 10:09:58
XC2020023,城西小学停车场,新昌县,315,93,2023-11-13 10:09:55
XC2020007,鼓山公园停车场,新昌县,998,204,2023-11-13 10:09:54
XC2020010,南明路立体停车场,新昌县,100,63,2023-11-13 10:09:38
XC2020022,大佛寺文化旅游区停车场,新昌县,290,106,2023-11-13 10:09:34
XC2020003,服务大楼停车场,新昌县,200,19,2023-11-13 10:09:33
XC2020002,演溪路停车场,新昌县,70,58,2023-11-13 10:09:18
XC2020005,智慧家园停车场,新昌县,500,500,2023-11-13 10:04:58
XC2020023,城西小学停车场,新昌县,315,94,2023-11-13 10:04:55
XC2020007,鼓山公园停车场,新昌县,998,203,2023-11-13 10:04:54
XC2020010,南明路立体停车场,新昌县,100,63,2023-11-13 10:04:38
XC2020022,大佛寺文化旅游区停车场,新昌县,290,100,2023-11-13 10:04:34
XC2020003,服务大楼停车场,新昌县,200,14,2023-11-13 10:04:33
XC2020002,演溪路停车场,新昌县,70,59,2023-11-13 10:04:18
XC2020005,智慧家园停车场,新昌县,500,500,2023-11-13 09:59:58
XC2020023,城西小学停车场,新昌县,315,93,2023-11-13 09:59:55
XC2020007,鼓山公园停车场,新昌县,998,204,2023-11-13 09:59:54
XC2020010,南明路立体停车场,新昌县,100,63,2023-11-13 09:59:38
XC2020022,大佛寺文化旅游区停车场,新昌县,290,102,2023-11-13 09:59:34
XC2020003,服务大楼停车场,新昌县,200,12,2023-11-13 09:59:33
XC2020002,演溪路停车场,新昌县,70,60,2023-11-13 09:59:18
XC2020005,智慧家园停车场,新昌县,500,500,2023-11-13 09:54:58
XC2020023,城西小学停车场,新昌县,315,90,2023-11-13 09:54:55
XC2020007,鼓山公园停车场,新昌县,998,204,2023-11-13 09:54:54
XC2020010,南明路立体停车场,新昌县,100,63,2023-11-13 09:54:38
XC2020022,大佛寺文化旅游区停车场,新昌县,290,106,2023-11-13 09:54:34
XC2020003,服务大楼停车场,新昌县,200,6,2023-11-13 09:54:33
XC2020002,演溪路停车场,新昌县,70,59,2023-11-13 09:54:18
XC2020005,智慧家园停车场,新昌县,500,499,2023-11-13 09:49:58
XC2020023,城西小学停车场,新昌县,315,90,2023-11-13 09:49:55
XC2020007,鼓山公园停车场,新昌县,998,204,2023-11-13 09:49:54
XC2020010,南明路立体停车场,新昌县,100,63,2023-11-13 09:49:38
XC2020022,大佛寺文化旅游区停车场,新昌县,290,109,2023-11-13 09:49:34
XC2020003,服务大楼停车场,新昌县,200,3,2023-11-13 09:49:33
XC2020002,演溪路停车场,新昌县,70,60,2023-11-13 09:49:18
XC2020005,智慧家园停车场,新昌县,500,499,2023-11-13 09:44:58
XC2020023,城西小学停车场,新昌县,315,92,2023-11-13 09:44:55
XC2020007,鼓山公园停车场,新昌县,998,201,2023-11-13 09:44:54
XC2020010,南明路立体停车场,新昌县,100,63,2023-11-13 09:44:38
XC2020022,大佛寺文化旅游区停车场,新昌县,290,113,2023-11-13 09:44:34
XC2020003,服务大楼停车场,新昌县,200,2,2023-11-13 09:44:33
XC2020002,演溪路停车场,新昌县,70,62,2023-11-13 09:44:18
XC2020005,智慧家园停车场,新昌县,500,499,2023-11-13 09:39:58
XC2020023,城西小学停车场,新昌县,315,92,2023-11-13 09:39:55
XC2020007,鼓山公园停车场,新昌县,998,203,2023-11-13 09:39:54
XC2020010,南明路立体停车场,新昌县,100,62,2023-11-13 09:39:38
XC2020022,大佛寺文化旅游区停车场,新昌县,290,120,2023-11-13 09:39:34
XC2020003,服务大楼停车场,新昌县,200,3,2023-11-13 09:39:33
XC2020002,演溪路停车场,新昌县,70,65,2023-11-13 09:39:18
XC2020005,智慧家园停车场,新昌县,500,499,2023-11-13 09:34:58
XC2020023,城西小学停车场,新昌县,315,90,2023-11-13 09:34:55
XC2020007,鼓山公园停车场,新昌县,998,200,2023-11-13 09:34:54
XC2020010,南明路立体停车场,新昌县,100,62,2023-11-13 09:34:38
XC2020022,大佛寺文化旅游区停车场,新昌县,290,124,2023-11-13 09:34:34
XC2020003,服务大楼停车场,新昌县,200,0,2023-11-13 09:34:33
XC2020002,演溪路停车场,新昌县,70,68,2023-11-13 09:34:18
XC2020005,智慧家园停车场,新昌县,500,497,2023-11-13 09:29:58
XC2020023,城西小学停车场,新昌县,315,89,2023-11-13 09:29:55
XC2020007,鼓山公园停车场,新昌县,998,198,2023-11-13 09:29:54
XC2020010,南明路立体停车场,新昌县,100,62,2023-11-13 09:29:38
XC2020022,大佛寺文化旅游区停车场,新昌县,290,124,2023-11-13 09:29:34
XC2020003,服务大楼停车场,新昌县,200,2,2023-11-13 09:29:33
XC2020002,演溪路停车场,新昌县,70,67,2023-11-13 09:29:18
XC2020005,智慧家园停车场,新昌县,500,497,2023-11-13 09:24:58
XC2020023,城西小学停车场,新昌县,315,85,2023-11-13 09:24:55
XC2020007,鼓山公园停车场,新昌县,998,200,2023-11-13 09:24:54
XC2020022,大佛寺文化旅游区停车场,新昌县,290,123,2023-11-13 09:24:34
XC2020003,服务大楼停车场,新昌县,200,2,2023-11-13 09:24:33
XC2020002,演溪路停车场,新昌县,70,66,2023-11-13 09:24:18
XC2020005,智慧家园停车场,新昌县,500,497,2023-11-13 09:19:58
XC2020023,城西小学停车场,新昌县,315,87,2023-11-13 09:19:55
XC2020007,鼓山公园停车场,新昌县,998,199,2023-11-13 09:19:54
XC2020022,大佛寺文化旅游区停车场,新昌县,290,126,2023-11-13 09:19:34
XC2020003,服务大楼停车场,新昌县,200,4,2023-11-13 09:19:33
XC2020002,演溪路停车场,新昌县,70,66,2023-11-13 09:19:18
XC2020005,智慧家园停车场,新昌县,500,497,2023-11-13 09:14:58
XC2020023,城西小学停车场,新昌县,315,85,2023-11-13 09:14:55
XC2020007,鼓山公园停车场,新昌县,998,200,2023-11-13 09:14:54
XC2020022,大佛寺文化旅游区停车场,新昌县,290,124,2023-11-13 09:14:34
XC2020003,服务大楼停车场,新昌县,200,4,2023-11-13 09:14:33
XC2020002,演溪路停车场,新昌县,70,67,2023-11-13 09:14:18
XC2020005,智慧家园停车场,新昌县,500,497,2023-11-13 09:09:58
XC2020023,城西小学停车场,新昌县,315,86,2023-11-13 09:09:55
XC2020007,鼓山公园停车场,新昌县,998,197,2023-11-13 09:09:54
XC2020022,大佛寺文化旅游区停车场,新昌县,290,127,2023-11-13 09:09:34
XC2020003,服务大楼停车场,新昌县,200,3,2023-11-13 09:09:33
XC2020002,演溪路停车场,新昌县,70,67,2023-11-13 09:09:18
XC2020005,智慧家园停车场,新昌县,500,496,2023-11-13 09:04:58
XC2020023,城西小学停车场,新昌县,315,86,2023-11-13 09:04:55
XC2020007,鼓山公园停车场,新昌县,998,193,2023-11-13 09:04:54
XC2020022,大佛寺文化旅游区停车场,新昌县,290,120,2023-11-13 09:04:34
XC2020003,服务大楼停车场,新昌县,200,6,2023-11-13 09:04:33
XC2020002,演溪路停车场,新昌县,70,67,2023-11-13 09:04:18
XC2020010,南明路立体停车场,新昌县,100,63,2023-11-13 09:01:39
XC2020005,智慧家园停车场,新昌县,500,494,2023-11-13 08:59:58
XC2020023,城西小学停车场,新昌县,315,87,2023-11-13 08:59:55
XC2020007,鼓山公园停车场,新昌县,998,191,2023-11-13 08:59:54
XC2020010,南明路立体停车场,新昌县,100,63,2023-11-13 08:59:39
XC2020022,大佛寺文化旅游区停车场,新昌县,290,122,2023-11-13 08:59:34
XC2020003,服务大楼停车场,新昌县,200,14,2023-11-13 08:59:33
XC2020002,演溪路停车场,新昌县,70,68,2023-11-13 08:59:18
XC2020005,智慧家园停车场,新昌县,500,493,2023-11-13 08:54:58
XC2020023,城西小学停车场,新昌县,315,87,2023-11-13 08:54:55
XC2020007,鼓山公园停车场,新昌县,998,202,2023-11-13 08:54:54
XC2020010,南明路立体停车场,新昌县,100,63,2023-11-13 08:54:39
XC2020022,大佛寺文化旅游区停车场,新昌县,290,122,2023-11-13 08:54:34
XC2020003,服务大楼停车场,新昌县,200,17,2023-11-13 08:54:33
XC2020002,演溪路停车场,新昌县,70,70,2023-11-13 08:54:18
XC2020005,智慧家园停车场,新昌县,500,493,2023-11-13 08:49:58
XC2020023,城西小学停车场,新昌县,315,84,2023-11-13 08:49:55
XC2020007,鼓山公园停车场,新昌县,998,206,2023-11-13 08:49:54
XC2020010,南明路立体停车场,新昌县,100,63,2023-11-13 08:49:39
XC2020022,大佛寺文化旅游区停车场,新昌县,290,123,2023-11-13 08:49:34
XC2020003,服务大楼停车场,新昌县,200,15,2023-11-13 08:49:33
XC2020002,演溪路停车场,新昌县,70,69,2023-11-13 08:49:18
XC2020005,智慧家园停车场,新昌县,500,493,2023-11-13 08:44:58
XC2020023,城西小学停车场,新昌县,315,83,2023-11-13 08:44:55
XC2020007,鼓山公园停车场,新昌县,998,204,2023-11-13 08:44:54
XC2020010,南明路立体停车场,新昌县,100,63,2023-11-13 08:44:39
XC2020022,大佛寺文化旅游区停车场,新昌县,290,127,2023-11-13 08:44:34
XC2020003,服务大楼停车场,新昌县,200,18,2023-11-13 08:44:33
XC2020002,演溪路停车场,新昌县,70,68,2023-11-13 08:44:18
XC2020005,智慧家园停车场,新昌县,500,491,2023-11-13 08:39:58
XC2020023,城西小学停车场,新昌县,315,82,2023-11-13 08:39:55
XC2020007,鼓山公园停车场,新昌县,998,208,2023-11-13 08:39:54
XC2020010,南明路立体停车场,新昌县,100,63,2023-11-13 08:39:39
XC2020022,大佛寺文化旅游区停车场,新昌县,290,128,2023-11-13 08:39:34
XC2020003,服务大楼停车场,新昌县,200,14,2023-11-13 08:39:33
XC2020002,演溪路停车场,新昌县,70,69,2023-11-13 08:39:18
XC2020005,智慧家园停车场,新昌县,500,489,2023-11-13 08:34:58
XC2020023,城西小学停车场,新昌县,315,80,2023-11-13 08:34:55
XC2020007,鼓山公园停车场,新昌县,998,207,2023-11-13 08:34:54
XC2020010,南明路立体停车场,新昌县,100,62,2023-11-13 08:34:39
XC2020022,大佛寺文化旅游区停车场,新昌县,290,132,2023-11-13 08:34:34
XC2020003,服务大楼停车场,新昌县,200,20,2023-11-13 08:34:33
XC2020002,演溪路停车场,新昌县,70,69,2023-11-13 08:34:18
XC2020005,智慧家园停车场,新昌县,500,490,2023-11-13 08:29:58
XC2020023,城西小学停车场,新昌县,315,78,2023-11-13 08:29:55
XC2020007,鼓山公园停车场,新昌县,998,204,2023-11-13 08:29:54
XC2020010,南明路立体停车场,新昌县,100,64,2023-11-13 08:29:39
XC2020022,大佛寺文化旅游区停车场,新昌县,290,139,2023-11-13 08:29:34
XC2020003,服务大楼停车场,新昌县,200,26,2023-11-13 08:29:33
XC2020002,演溪路停车场,新昌县,70,70,2023-11-13 08:29:18
XC2020005,智慧家园停车场,新昌县,500,489,2023-11-13 08:24:58
XC2020023,城西小学停车场,新昌县,315,73,2023-11-13 08:24:55
XC2020007,鼓山公园停车场,新昌县,998,208,2023-11-13 08:24:54
XC2020010,南明路立体停车场,新昌县,100,64,2023-11-13 08:24:39
XC2020022,大佛寺文化旅游区停车场,新昌县,290,141,2023-11-13 08:24:34
XC2020003,服务大楼停车场,新昌县,200,33,2023-11-13 08:24:33
XC2020002,演溪路停车场,新昌县,70,70,2023-11-13 08:24:18
XC2020005,智慧家园停车场,新昌县,500,494,2023-11-13 08:19:58
XC2020023,城西小学停车场,新昌县,315,71,2023-11-13 08:19:55
XC2020007,鼓山公园停车场,新昌县,998,210,2023-11-13 08:19:54
XC2020010,南明路立体停车场,新昌县,100,64,2023-11-13 08:19:39
XC2020022,大佛寺文化旅游区停车场,新昌县,290,143,2023-11-13 08:19:34
XC2020003,服务大楼停车场,新昌县,200,61,2023-11-13 08:19:33
XC2020002,演溪路停车场,新昌县,70,70,2023-11-13 08:19:18
XC2020005,智慧家园停车场,新昌县,500,498,2023-11-13 08:14:58
XC2020023,城西小学停车场,新昌县,315,52,2023-11-13 08:14:55
XC2020007,鼓山公园停车场,新昌县,998,209,2023-11-13 08:14:54
XC2020010,南明路立体停车场,新昌县,100,63,2023-11-13 08:14:39
XC2020022,大佛寺文化旅游区停车场,新昌县,290,142,2023-11-13 08:14:34
XC2020003,服务大楼停车场,新昌县,200,78,2023-11-13 08:14:33
XC2020002,演溪路停车场,新昌县,70,70,2023-11-13 08:14:18
XC2020005,智慧家园停车场,新昌县,500,499,2023-11-13 08:09:58
XC2020023,城西小学停车场,新昌县,315,28,2023-11-13 08:09:55
XC2020007,鼓山公园停车场,新昌县,998,202,2023-11-13 08:09:54
XC2020010,南明路立体停车场,新昌县,100,63,2023-11-13 08:09:39
XC2020022,大佛寺文化旅游区停车场,新昌县,290,145,2023-11-13 08:09:34
XC2020003,服务大楼停车场,新昌县,200,98,2023-11-13 08:09:33
XC2020002,演溪路停车场,新昌县,70,68,2023-11-13 08:09:18
XC2020005,智慧家园停车场,新昌县,500,498,2023-11-13 08:04:58
XC2020023,城西小学停车场,新昌县,315,4,2023-11-13 08:04:55
XC2020007,鼓山公园停车场,新昌县,998,199,2023-11-13 08:04:54
XC2020010,南明路立体停车场,新昌县,100,62,2023-11-13 08:04:39
XC2020022,大佛寺文化旅游区停车场,新昌县,290,147,2023-11-13 08:04:34
XC2020003,服务大楼停车场,新昌县,200,104,2023-11-13 08:04:33
XC2020002,演溪路停车场,新昌县,70,69,2023-11-13 08:04:18
XC2020005,智慧家园停车场,新昌县,500,499,2023-11-13 07:59:58
XC2020023,城西小学停车场,新昌县,315,12,2023-11-13 07:59:55
XC2020007,鼓山公园停车场,新昌县,998,183,2023-11-13 07:59:54
XC2020010,南明路立体停车场,新昌县,100,62,2023-11-13 07:59:39
XC2020022,大佛寺文化旅游区停车场,新昌县,290,150,2023-11-13 07:59:34
XC2020003,服务大楼停车场,新昌县,200,110,2023-11-13 07:59:33
XC2020002,演溪路停车场,新昌县,70,68,2023-11-13 07:59:18
XC2020005,智慧家园停车场,新昌县,500,500,2023-11-13 07:54:58
XC2020023,城西小学停车场,新昌县,315,35,2023-11-13 07:54:55
XC2020007,鼓山公园停车场,新昌县,998,176,2023-11-13 07:54:54
XC2020010,南明路立体停车场,新昌县,100,62,2023-11-13 07:54:39
XC2020022,大佛寺文化旅游区停车场,新昌县,290,151,2023-11-13 07:54:34
XC2020003,服务大楼停车场,新昌县,200,116,2023-11-13 07:54:33
XC2020002,演溪路停车场,新昌县,70,67,2023-11-13 07:54:18
XC2020005,智慧家园停车场,新昌县,500,500,2023-11-13 07:49:58
XC2020023,城西小学停车场,新昌县,315,73,2023-11-13 07:49:55
XC2020007,鼓山公园停车场,新昌县,998,178,2023-11-13 07:49:54
XC2020010,南明路立体停车场,新昌县,100,62,2023-11-13 07:49:39
XC2020022,大佛寺文化旅游区停车场,新昌县,290,157,2023-11-13 07:49:34
XC2020003,服务大楼停车场,新昌县,200,125,2023-11-13 07:49:33
XC2020002,演溪路停车场,新昌县,70,66,2023-11-13 07:49:18
XC2020005,智慧家园停车场,新昌县,500,500,2023-11-13 07:44:58
XC2020023,城西小学停车场,新昌县,315,104,2023-11-13 07:44:55
XC2020007,鼓山公园停车场,新昌县,998,197,2023-11-13 07:44:54
XC2020010,南明路立体停车场,新昌县,100,62,2023-11-13 07:44:39
XC2020022,大佛寺文化旅游区停车场,新昌县,290,155,2023-11-13 07:44:34
XC2020003,服务大楼停车场,新昌县,200,132,2023-11-13 07:44:33
XC2020002,演溪路停车场,新昌县,70,67,2023-11-13 07:44:18
XC2020005,智慧家园停车场,新昌县,500,500,2023-11-13 07:39:58
XC2020023,城西小学停车场,新昌县,315,103,2023-11-13 07:39:55
XC2020007,鼓山公园停车场,新昌县,998,202,2023-11-13 07:39:54
XC2020010,南明路立体停车场,新昌县,100,62,2023-11-13 07:39:39
XC2020022,大佛寺文化旅游区停车场,新昌县,290,154,2023-11-13 07:39:34
XC2020003,服务大楼停车场,新昌县,200,136,2023-11-13 07:39:33
XC2020002,演溪路停车场,新昌县,70,64,2023-11-13 07:39:18
XC2020005,智慧家园停车场,新昌县,500,500,2023-11-13 07:34:58
XC2020023,城西小学停车场,新昌县,315,115,2023-11-13 07:34:55
XC2020007,鼓山公园停车场,新昌县,998,214,2023-11-13 07:34:54
XC2020010,南明路立体停车场,新昌县,100,59,2023-11-13 07:34:39
XC2020022,大佛寺文化旅游区停车场,新昌县,290,154,2023-11-13 07:34:34
XC2020003,服务大楼停车场,新昌县,200,138,2023-11-13 07:34:33
XC2020002,演溪路停车场,新昌县,70,62,2023-11-13 07:34:18
XC2020005,智慧家园停车场,新昌县,500,494,2023-11-13 07:29:58
XC2020023,城西小学停车场,新昌县,315,132,2023-11-13 07:29:55
XC2020007,鼓山公园停车场,新昌县,998,225,2023-11-13 07:29:54
XC2020010,南明路立体停车场,新昌县,100,59,2023-11-13 07:29:39
XC2020022,大佛寺文化旅游区停车场,新昌县,290,154,2023-11-13 07:29:34
XC2020003,服务大楼停车场,新昌县,200,136,2023-11-13 07:29:33
XC2020002,演溪路停车场,新昌县,70,64,2023-11-13 07:29:18
XC2020005,智慧家园停车场,新昌县,500,491,2023-11-13 07:24:58
XC2020023,城西小学停车场,新昌县,315,139,2023-11-13 07:24:55
XC2020007,鼓山公园停车场,新昌县,998,229,2023-11-13 07:24:54
XC2020010,南明路立体停车场,新昌县,100,59,2023-11-13 07:24:39
XC2020022,大佛寺文化旅游区停车场,新昌县,290,153,2023-11-13 07:24:34
XC2020003,服务大楼停车场,新昌县,200,135,2023-11-13 07:24:33
XC2020002,演溪路停车场,新昌县,70,63,2023-11-13 07:24:18
XC2020005,智慧家园停车场,新昌县,500,491,2023-11-13 07:19:58
XC2020023,城西小学停车场,新昌县,315,143,2023-11-13 07:19:55
XC2020007,鼓山公园停车场,新昌县,998,231,2023-11-13 07:19:54
XC2020010,南明路立体停车场,新昌县,100,60,2023-11-13 07:19:39
XC2020022,大佛寺文化旅游区停车场,新昌县,290,152,2023-11-13 07:19:34
XC2020003,服务大楼停车场,新昌县,200,133,2023-11-13 07:19:33
XC2020002,演溪路停车场,新昌县,70,61,2023-11-13 07:19:18
XC2020005,智慧家园停车场,新昌县,500,486,2023-11-13 07:14:58
XC2020023,城西小学停车场,新昌县,315,145,2023-11-13 07:14:55
XC2020007,鼓山公园停车场,新昌县,998,230,2023-11-13 07:14:54
XC2020010,南明路立体停车场,新昌县,100,59,2023-11-13 07:14:39
XC2020022,大佛寺文化旅游区停车场,新昌县,290,153,2023-11-13 07:14:34
XC2020003,服务大楼停车场,新昌县,200,129,2023-11-13 07:14:33
XC2020002,演溪路停车场,新昌县,70,60,2023-11-13 07:14:18
XC2020005,智慧家园停车场,新昌县,500,484,2023-11-13 07:09:58
XC2020023,城西小学停车场,新昌县,315,145,2023-11-13 07:09:55
XC2020007,鼓山公园停车场,新昌县,998,232,2023-11-13 07:09:54
XC2020010,南明路立体停车场,新昌县,100,60,2023-11-13 07:09:39
XC2020022,大佛寺文化旅游区停车场,新昌县,290,156,2023-11-13 07:09:34
XC2020003,服务大楼停车场,新昌县,200,126,2023-11-13 07:09:33
XC2020002,演溪路停车场,新昌县,70,58,2023-11-13 07:09:18
XC2020005,智慧家园停车场,新昌县,500,482,2023-11-13 07:04:58
XC2020023,城西小学停车场,新昌县,315,142,2023-11-13 07:04:55
XC2020007,鼓山公园停车场,新昌县,998,233,2023-11-13 07:04:54
XC2020010,南明路立体停车场,新昌县,100,60,2023-11-13 07:04:39
XC2020022,大佛寺文化旅游区停车场,新昌县,290,156,2023-11-13 07:04:34
XC2020003,服务大楼停车场,新昌县,200,125,2023-11-13 07:04:33
XC2020002,演溪路停车场,新昌县,70,59,2023-11-13 07:04:18
XC2020005,智慧家园停车场,新昌县,500,481,2023-11-13 06:59:58
XC2020023,城西小学停车场,新昌县,315,143,2023-11-13 06:59:55
XC2020007,鼓山公园停车场,新昌县,998,234,2023-11-13 06:59:54
XC2020010,南明路立体停车场,新昌县,100,60,2023-11-13 06:59:39
XC2020022,大佛寺文化旅游区停车场,新昌县,290,155,2023-11-13 06:59:34
XC2020003,服务大楼停车场,新昌县,200,125,2023-11-13 06:59:33
XC2020002,演溪路停车场,新昌县,70,59,2023-11-13 06:59:18
XC2020005,智慧家园停车场,新昌县,500,480,2023-11-13 06:54:58
XC2020023,城西小学停车场,新昌县,315,145,2023-11-13 06:54:55
XC2020007,鼓山公园停车场,新昌县,998,233,2023-11-13 06:54:54
XC2020010,南明路立体停车场,新昌县,100,60,2023-11-13 06:54:39
XC2020022,大佛寺文化旅游区停车场,新昌县,290,158,2023-11-13 06:54:34
XC2020003,服务大楼停车场,新昌县,200,124,2023-11-13 06:54:33
XC2020002,演溪路停车场,新昌县,70,59,2023-11-13 06:54:18
XC2020005,智慧家园停车场,新昌县,500,480,2023-11-13 06:49:58
XC2020023,城西小学停车场,新昌县,315,145,2023-11-13 06:49:55
XC2020007,鼓山公园停车场,新昌县,998,234,2023-11-13 06:49:54
XC2020010,南明路立体停车场,新昌县,100,60,2023-11-13 06:49:39
XC2020022,大佛寺文化旅游区停车场,新昌县,290,160,2023-11-13 06:49:34
XC2020003,服务大楼停车场,新昌县,200,122,2023-11-13 06:49:33
XC2020002,演溪路停车场,新昌县,70,58,2023-11-13 06:49:18
XC2020005,智慧家园停车场,新昌县,500,479,2023-11-13 06:44:58
XC2020023,城西小学停车场,新昌县,315,145,2023-11-13 06:44:55
XC2020007,鼓山公园停车场,新昌县,998,234,2023-11-13 06:44:54
XC2020010,南明路立体停车场,新昌县,100,60,2023-11-13 06:44:39
XC2020022,大佛寺文化旅游区停车场,新昌县,290,160,2023-11-13 06:44:34
XC2020003,服务大楼停车场,新昌县,200,121,2023-11-13 06:44:33
XC2020002,演溪路停车场,新昌县,70,58,2023-11-13 06:44:18
XC2020005,智慧家园停车场,新昌县,500,478,2023-11-13 06:39:58
XC2020023,城西小学停车场,新昌县,315,145,2023-11-13 06:39:55
XC2020007,鼓山公园停车场,新昌县,998,236,2023-11-13 06:39:54
XC2020010,南明路立体停车场,新昌县,100,60,2023-11-13 06:39:39
XC2020022,大佛寺文化旅游区停车场,新昌县,290,163,2023-11-13 06:39:34
XC2020003,服务大楼停车场,新昌县,200,119,2023-11-13 06:39:33
XC2020002,演溪路停车场,新昌县,70,58,2023-11-13 06:39:18
XC2020005,智慧家园停车场,新昌县,500,477,2023-11-13 06:34:58
XC2020023,城西小学停车场,新昌县,315,145,2023-11-13 06:34:55
XC2020007,鼓山公园停车场,新昌县,998,237,2023-11-13 06:34:54
XC2020010,南明路立体停车场,新昌县,100,60,2023-11-13 06:34:39
XC2020022,大佛寺文化旅游区停车场,新昌县,290,163,2023-11-13 06:34:34
XC2020003,服务大楼停车场,新昌县,200,119,2023-11-13 06:34:33
XC2020002,演溪路停车场,新昌县,70,59,2023-11-13 06:34:18
XC2020005,智慧家园停车场,新昌县,500,477,2023-11-13 06:29:58
XC2020023,城西小学停车场,新昌县,315,144,2023-11-13 06:29:55
XC2020007,鼓山公园停车场,新昌县,998,235,2023-11-13 06:29:54
XC2020010,南明路立体停车场,新昌县,100,61,2023-11-13 06:29:39
XC2020022,大佛寺文化旅游区停车场,新昌县,290,164,2023-11-13 06:29:34
XC2020003,服务大楼停车场,新昌县,200,117,2023-11-13 06:29:33
XC2020002,演溪路停车场,新昌县,70,57,2023-11-13 06:29:18
XC2020005,智慧家园停车场,新昌县,500,476,2023-11-13 06:24:58
XC2020023,城西小学停车场,新昌县,315,144,2023-11-13 06:24:55
XC2020007,鼓山公园停车场,新昌县,998,236,2023-11-13 06:24:54
XC2020010,南明路立体停车场,新昌县,100,61,2023-11-13 06:24:39
XC2020022,大佛寺文化旅游区停车场,新昌县,290,165,2023-11-13 06:24:34
XC2020003,服务大楼停车场,新昌县,200,115,2023-11-13 06:24:33
XC2020002,演溪路停车场,新昌县,70,56,2023-11-13 06:24:18
XC2020005,智慧家园停车场,新昌县,500,476,2023-11-13 06:19:58
XC2020023,城西小学停车场,新昌县,315,142,2023-11-13 06:19:55
XC2020007,鼓山公园停车场,新昌县,998,236,2023-11-13 06:19:54
XC2020010,南明路立体停车场,新昌县,100,61,2023-11-13 06:19:39
XC2020022,大佛寺文化旅游区停车场,新昌县,290,167,2023-11-13 06:19:34
XC2020003,服务大楼停车场,新昌县,200,116,2023-11-13 06:19:33
XC2020002,演溪路停车场,新昌县,70,56,2023-11-13 06:19:18
XC2020005,智慧家园停车场,新昌县,500,476,2023-11-13 06:14:58
XC2020023,城西小学停车场,新昌县,315,142,2023-11-13 06:14:55
XC2020007,鼓山公园停车场,新昌县,998,236,2023-11-13 06:14:54
XC2020010,南明路立体停车场,新昌县,100,61,2023-11-13 06:14:39
XC2020022,大佛寺文化旅游区停车场,新昌县,290,169,2023-11-13 06:14:34
XC2020003,服务大楼停车场,新昌县,200,115,2023-11-13 06:14:33
XC2020002,演溪路停车场,新昌县,70,56,2023-11-13 06:14:18
XC2020005,智慧家园停车场,新昌县,500,476,2023-11-13 06:09:58
XC2020023,城西小学停车场,新昌县,315,143,2023-11-13 06:09:55
XC2020007,鼓山公园停车场,新昌县,998,236,2023-11-13 06:09:54
XC2020010,南明路立体停车场,新昌县,100,61,2023-11-13 06:09:39
XC2020022,大佛寺文化旅游区停车场,新昌县,290,170,2023-11-13 06:09:34
XC2020003,服务大楼停车场,新昌县,200,115,2023-11-13 06:09:33
XC2020002,演溪路停车场,新昌县,70,56,2023-11-13 06:09:18
XC2020005,智慧家园停车场,新昌县,500,476,2023-11-13 06:04:58
XC2020023,城西小学停车场,新昌县,315,142,2023-11-13 06:04:55
XC2020007,鼓山公园停车场,新昌县,998,236,2023-11-13 06:04:54
XC2020010,南明路立体停车场,新昌县,100,61,2023-11-13 06:04:39
XC2020022,大佛寺文化旅游区停车场,新昌县,290,170,2023-11-13 06:04:34
XC2020003,服务大楼停车场,新昌县,200,115,2023-11-13 06:04:33
XC2020002,演溪路停车场,新昌县,70,55,2023-11-13 06:04:18
XC2020005,智慧家园停车场,新昌县,500,476,2023-11-13 05:59:58
XC2020023,城西小学停车场,新昌县,315,142,2023-11-13 05:59:55
XC2020007,鼓山公园停车场,新昌县,998,236,2023-11-13 05:59:54
XC2020010,南明路立体停车场,新昌县,100,61,2023-11-13 05:59:39
XC2020022,大佛寺文化旅游区停车场,新昌县,290,170,2023-11-13 05:59:34
XC2020003,服务大楼停车场,新昌县,200,117,2023-11-13 05:59:33
XC2020002,演溪路停车场,新昌县,70,55,2023-11-13 05:59:18
XC2020005,智慧家园停车场,新昌县,500,476,2023-11-13 05:54:58
XC2020023,城西小学停车场,新昌县,315,143,2023-11-13 05:54:55
XC2020007,鼓山公园停车场,新昌县,998,236,2023-11-13 05:54:54
XC2020010,南明路立体停车场,新昌县,100,61,2023-11-13 05:54:39
XC2020022,大佛寺文化旅游区停车场,新昌县,290,170,2023-11-13 05:54:34
XC2020003,服务大楼停车场,新昌县,200,116,2023-11-13 05:54:33
XC2020002,演溪路停车场,新昌县,70,55,2023-11-13 05:54:18
XC2020005,智慧家园停车场,新昌县,500,476,2023-11-13 05:49:58
XC2020023,城西小学停车场,新昌县,315,143,2023-11-13 05:49:55
XC2020007,鼓山公园停车场,新昌县,998,236,2023-11-13 05:49:54
XC2020010,南明路立体停车场,新昌县,100,61,2023-11-13 05:49:39
XC2020022,大佛寺文化旅游区停车场,新昌县,290,171,2023-11-13 05:49:34
XC2020003,服务大楼停车场,新昌县,200,116,2023-11-13 05:49:33
XC2020002,演溪路停车场,新昌县,70,55,2023-11-13 05:49:18
XC2020005,智慧家园停车场,新昌县,500,476,2023-11-13 05:44:58
XC2020023,城西小学停车场,新昌县,315,144,2023-11-13 05:44:55
XC2020007,鼓山公园停车场,新昌县,998,236,2023-11-13 05:44:54
XC2020010,南明路立体停车场,新昌县,100,61,2023-11-13 05:44:39
XC2020022,大佛寺文化旅游区停车场,新昌县,290,172,2023-11-13 05:44:34
XC2020003,服务大楼停车场,新昌县,200,116,2023-11-13 05:44:33
XC2020002,演溪路停车场,新昌县,70,55,2023-11-13 05:44:18
XC2020005,智慧家园停车场,新昌县,500,476,2023-11-13 05:39:58
XC2020023,城西小学停车场,新昌县,315,144,2023-11-13 05:39:55
XC2020007,鼓山公园停车场,新昌县,998,235,2023-11-13 05:39:54
XC2020010,南明路立体停车场,新昌县,100,61,2023-11-13 05:39:39
XC2020022,大佛寺文化旅游区停车场,新昌县,290,172,2023-11-13 05:39:34
XC2020003,服务大楼停车场,新昌县,200,116,2023-11-13 05:39:33
XC2020002,演溪路停车场,新昌县,70,55,2023-11-13 05:39:18
XC2020005,智慧家园停车场,新昌县,500,476,2023-11-13 05:34:58
XC2020023,城西小学停车场,新昌县,315,144,2023-11-13 05:34:55
XC2020007,鼓山公园停车场,新昌县,998,235,2023-11-13 05:34:54
XC2020010,南明路立体停车场,新昌县,100,61,2023-11-13 05:34:39
XC2020022,大佛寺文化旅游区停车场,新昌县,290,172,2023-11-13 05:34:34
XC2020003,服务大楼停车场,新昌县,200,116,2023-11-13 05:34:33
XC2020002,演溪路停车场,新昌县,70,55,2023-11-13 05:34:18
XC2020005,智慧家园停车场,新昌县,500,476,2023-11-13 05:29:58
XC2020023,城西小学停车场,新昌县,315,144,2023-11-13 05:29:55
XC2020007,鼓山公园停车场,新昌县,998,235,2023-11-13 05:29:54
XC2020010,南明路立体停车场,新昌县,100,61,2023-11-13 05:29:39
XC2020022,大佛寺文化旅游区停车场,新昌县,290,172,2023-11-13 05:29:34
XC2020003,服务大楼停车场,新昌县,200,116,2023-11-13 05:29:33
XC2020002,演溪路停车场,新昌县,70,55,2023-11-13 05:29:18
XC2020005,智慧家园停车场,新昌县,500,475,2023-11-13 05:24:58
XC2020023,城西小学停车场,新昌县,315,144,2023-11-13 05:24:55
XC2020007,鼓山公园停车场,新昌县,998,235,2023-11-13 05:24:54
XC2020010,南明路立体停车场,新昌县,100,61,2023-11-13 05:24:39
XC2020022,大佛寺文化旅游区停车场,新昌县,290,172,2023-11-13 05:24:34
XC2020003,服务大楼停车场,新昌县,200,116,2023-11-13 05:24:33
XC2020002,演溪路停车场,新昌县,70,55,2023-11-13 05:24:18
XC2020005,智慧家园停车场,新昌县,500,475,2023-11-13 05:19:58
XC2020023,城西小学停车场,新昌县,315,143,2023-11-13 05:19:55
XC2020007,鼓山公园停车场,新昌县,998,235,2023-11-13 05:19:54
XC2020010,南明路立体停车场,新昌县,100,61,2023-11-13 05:19:39
XC2020022,大佛寺文化旅游区停车场,新昌县,290,172,2023-11-13 05:19:34
XC2020003,服务大楼停车场,新昌县,200,116,2023-11-13 05:19:33
XC2020002,演溪路停车场,新昌县,70,55,2023-11-13 05:19:18
XC2020005,智慧家园停车场,新昌县,500,475,2023-11-13 05:14:58
XC2020023,城西小学停车场,新昌县,315,143,2023-11-13 05:14:55
XC2020007,鼓山公园停车场,新昌县,998,235,2023-11-13 05:14:54
XC2020010,南明路立体停车场,新昌县,100,61,2023-11-13 05:14:39
XC2020022,大佛寺文化旅游区停车场,新昌县,290,172,2023-11-13 05:14:34
XC2020003,服务大楼停车场,新昌县,200,116,2023-11-13 05:14:33
XC2020002,演溪路停车场,新昌县,70,55,2023-11-13 05:14:18
XC2020005,智慧家园停车场,新昌县,500,475,2023-11-13 05:09:58
XC2020023,城西小学停车场,新昌县,315,142,2023-11-13 05:09:55
XC2020007,鼓山公园停车场,新昌县,998,235,2023-11-13 05:09:54
XC2020010,南明路立体停车场,新昌县,100,61,2023-11-13 05:09:39
XC2020022,大佛寺文化旅游区停车场,新昌县,290,172,2023-11-13 05:09:34
XC2020003,服务大楼停车场,新昌县,200,116,2023-11-13 05:09:33
XC2020002,演溪路停车场,新昌县,70,55,2023-11-13 05:09:18
XC2020005,智慧家园停车场,新昌县,500,475,2023-11-13 05:04:58
XC2020023,城西小学停车场,新昌县,315,142,2023-11-13 05:04:55
XC2020007,鼓山公园停车场,新昌县,998,235,2023-11-13 05:04:54
XC2020010,南明路立体停车场,新昌县,100,61,2023-11-13 05:04:39
XC2020022,大佛寺文化旅游区停车场,新昌县,290,172,2023-11-13 05:04:34
XC2020003,服务大楼停车场,新昌县,200,116,2023-11-13 05:04:33
XC2020002,演溪路停车场,新昌县,70,55,2023-11-13 05:04:18
XC2020005,智慧家园停车场,新昌县,500,475,2023-11-13 04:59:58
XC2020023,城西小学停车场,新昌县,315,142,2023-11-13 04:59:55
XC2020007,鼓山公园停车场,新昌县,998,235,2023-11-13 04:59:54
XC2020010,南明路立体停车场,新昌县,100,61,2023-11-13 04:59:39
XC2020022,大佛寺文化旅游区停车场,新昌县,290,172,2023-11-13 04:59:34
XC2020003,服务大楼停车场,新昌县,200,116,2023-11-13 04:59:33
XC2020002,演溪路停车场,新昌县,70,55,2023-11-13 04:59:18
XC2020005,智慧家园停车场,新昌县,500,475,2023-11-13 04:54:58
XC2020023,城西小学停车场,新昌县,315,141,2023-11-13 04:54:55
XC2020007,鼓山公园停车场,新昌县,998,234,2023-11-13 04:54:54
XC2020010,南明路立体停车场,新昌县,100,61,2023-11-13 04:54:39
XC2020022,大佛寺文化旅游区停车场,新昌县,290,172,2023-11-13 04:54:34
XC2020003,服务大楼停车场,新昌县,200,116,2023-11-13 04:54:33
XC2020002,演溪路停车场,新昌县,70,55,2023-11-13 04:54:18
XC2020005,智慧家园停车场,新昌县,500,475,2023-11-13 04:49:58
XC2020023,城西小学停车场,新昌县,315,140,2023-11-13 04:49:55
XC2020007,鼓山公园停车场,新昌县,998,235,2023-11-13 04:49:54
XC2020010,南明路立体停车场,新昌县,100,61,2023-11-13 04:49:39
XC2020022,大佛寺文化旅游区停车场,新昌县,290,172,2023-11-13 04:49:34
XC2020003,服务大楼停车场,新昌县,200,116,2023-11-13 04:49:33
XC2020002,演溪路停车场,新昌县,70,56,2023-11-13 04:49:18
XC2020005,智慧家园停车场,新昌县,500,475,2023-11-13 04:44:58
XC2020023,城西小学停车场,新昌县,315,140,2023-11-13 04:44:55
XC2020007,鼓山公园停车场,新昌县,998,235,2023-11-13 04:44:54
XC2020010,南明路立体停车场,新昌县,100,61,2023-11-13 04:44:39
XC2020022,大佛寺文化旅游区停车场,新昌县,290,173,2023-11-13 04:44:34
XC2020003,服务大楼停车场,新昌县,200,116,2023-11-13 04:44:33
XC2020002,演溪路停车场,新昌县,70,56,2023-11-13 04:44:18
XC2020005,智慧家园停车场,新昌县,500,475,2023-11-13 04:39:58
XC2020023,城西小学停车场,新昌县,315,140,2023-11-13 04:39:55
XC2020007,鼓山公园停车场,新昌县,998,235,2023-11-13 04:39:54
XC2020010,南明路立体停车场,新昌县,100,61,2023-11-13 04:39:39
XC2020022,大佛寺文化旅游区停车场,新昌县,290,173,2023-11-13 04:39:34
XC2020003,服务大楼停车场,新昌县,200,116,2023-11-13 04:39:33
XC2020002,演溪路停车场,新昌县,70,56,2023-11-13 04:39:18
XC2020005,智慧家园停车场,新昌县,500,475,2023-11-13 04:34:58
XC2020023,城西小学停车场,新昌县,315,140,2023-11-13 04:34:55
XC2020007,鼓山公园停车场,新昌县,998,235,2023-11-13 04:34:54
XC2020010,南明路立体停车场,新昌县,100,61,2023-11-13 04:34:39
XC2020022,大佛寺文化旅游区停车场,新昌县,290,173,2023-11-13 04:34:34
XC2020003,服务大楼停车场,新昌县,200,116,2023-11-13 04:34:33
XC2020002,演溪路停车场,新昌县,70,56,2023-11-13 04:34:18
XC2020005,智慧家园停车场,新昌县,500,475,2023-11-13 04:29:58
XC2020023,城西小学停车场,新昌县,315,141,2023-11-13 04:29:55
XC2020007,鼓山公园停车场,新昌县,998,235,2023-11-13 04:29:54
XC2020010,南明路立体停车场,新昌县,100,61,2023-11-13 04:29:39
XC2020022,大佛寺文化旅游区停车场,新昌县,290,173,2023-11-13 04:29:34
XC2020003,服务大楼停车场,新昌县,200,116,2023-11-13 04:29:33
XC2020002,演溪路停车场,新昌县,70,56,2023-11-13 04:29:18
XC2020005,智慧家园停车场,新昌县,500,475,2023-11-13 04:24:58
XC2020023,城西小学停车场,新昌县,315,142,2023-11-13 04:24:55
XC2020007,鼓山公园停车场,新昌县,998,235,2023-11-13 04:24:54
XC2020010,南明路立体停车场,新昌县,100,61,2023-11-13 04:24:39
XC2020022,大佛寺文化旅游区停车场,新昌县,290,173,2023-11-13 04:24:34
XC2020003,服务大楼停车场,新昌县,200,116,2023-11-13 04:24:33
XC2020002,演溪路停车场,新昌县,70,56,2023-11-13 04:24:18
XC2020005,智慧家园停车场,新昌县,500,475,2023-11-13 04:19:58
XC2020023,城西小学停车场,新昌县,315,142,2023-11-13 04:19:55
XC2020007,鼓山公园停车场,新昌县,998,235,2023-11-13 04:19:54
XC2020010,南明路立体停车场,新昌县,100,61,2023-11-13 04:19:39
XC2020022,大佛寺文化旅游区停车场,新昌县,290,173,2023-11-13 04:19:34
XC2020003,服务大楼停车场,新昌县,200,116,2023-11-13 04:19:33
XC2020002,演溪路停车场,新昌县,70,56,2023-11-13 04:19:18
XC2020005,智慧家园停车场,新昌县,500,475,2023-11-13 04:14:58
XC2020023,城西小学停车场,新昌县,315,142,2023-11-13 04:14:55
XC2020007,鼓山公园停车场,新昌县,998,235,2023-11-13 04:14:54
XC2020010,南明路立体停车场,新昌县,100,61,2023-11-13 04:14:39
XC2020022,大佛寺文化旅游区停车场,新昌县,290,173,2023-11-13 04:14:34
XC2020003,服务大楼停车场,新昌县,200,116,2023-11-13 04:14:33
XC2020002,演溪路停车场,新昌县,70,56,2023-11-13 04:14:18
XC2020005,智慧家园停车场,新昌县,500,475,2023-11-13 04:09:58
XC2020023,城西小学停车场,新昌县,315,142,2023-11-13 04:09:55
XC2020007,鼓山公园停车场,新昌县,998,235,2023-11-13 04:09:54
XC2020010,南明路立体停车场,新昌县,100,61,2023-11-13 04:09:39
XC2020022,大佛寺文化旅游区停车场,新昌县,290,173,2023-11-13 04:09:34
XC2020003,服务大楼停车场,新昌县,200,117,2023-11-13 04:09:33
XC2020002,演溪路停车场,新昌县,70,56,2023-11-13 04:09:18
XC2020005,智慧家园停车场,新昌县,500,475,2023-11-13 04:04:58
XC2020023,城西小学停车场,新昌县,315,142,2023-11-13 04:04:55
XC2020007,鼓山公园停车场,新昌县,998,235,2023-11-13 04:04:54
XC2020010,南明路立体停车场,新昌县,100,61,2023-11-13 04:04:39
XC2020022,大佛寺文化旅游区停车场,新昌县,290,173,2023-11-13 04:04:34
XC2020003,服务大楼停车场,新昌县,200,117,2023-11-13 04:04:33
XC2020002,演溪路停车场,新昌县,70,56,2023-11-13 04:04:18
XC2020005,智慧家园停车场,新昌县,500,475,2023-11-13 03:59:58
XC2020023,城西小学停车场,新昌县,315,142,2023-11-13 03:59:55
XC2020007,鼓山公园停车场,新昌县,998,235,2023-11-13 03:59:54
XC2020010,南明路立体停车场,新昌县,100,61,2023-11-13 03:59:39
XC2020022,大佛寺文化旅游区停车场,新昌县,290,173,2023-11-13 03:59:34
XC2020003,服务大楼停车场,新昌县,200,117,2023-11-13 03:59:33
XC2020002,演溪路停车场,新昌县,70,56,2023-11-13 03:59:18
XC2020005,智慧家园停车场,新昌县,500,475,2023-11-13 03:54:58
XC2020023,城西小学停车场,新昌县,315,142,2023-11-13 03:54:55
XC2020007,鼓山公园停车场,新昌县,998,236,2023-11-13 03:54:54
XC2020010,南明路立体停车场,新昌县,100,61,2023-11-13 03:54:39
XC2020022,大佛寺文化旅游区停车场,新昌县,290,173,2023-11-13 03:54:34
XC2020003,服务大楼停车场,新昌县,200,117,2023-11-13 03:54:33
XC2020002,演溪路停车场,新昌县,70,56,2023-11-13 03:54:18
XC2020005,智慧家园停车场,新昌县,500,475,2023-11-13 03:49:58
XC2020023,城西小学停车场,新昌县,315,141,2023-11-13 03:49:55
XC2020007,鼓山公园停车场,新昌县,998,236,2023-11-13 03:49:54
XC2020010,南明路立体停车场,新昌县,100,61,2023-11-13 03:49:39
XC2020022,大佛寺文化旅游区停车场,新昌县,290,173,2023-11-13 03:49:34
XC2020003,服务大楼停车场,新昌县,200,117,2023-11-13 03:49:33
XC2020002,演溪路停车场,新昌县,70,56,2023-11-13 03:49:18
XC2020005,智慧家园停车场,新昌县,500,475,2023-11-13 03:44:58
XC2020023,城西小学停车场,新昌县,315,141,2023-11-13 03:44:55
XC2020007,鼓山公园停车场,新昌县,998,236,2023-11-13 03:44:54
XC2020010,南明路立体停车场,新昌县,100,61,2023-11-13 03:44:39
XC2020022,大佛寺文化旅游区停车场,新昌县,290,172,2023-11-13 03:44:34
XC2020003,服务大楼停车场,新昌县,200,117,2023-11-13 03:44:33
XC2020002,演溪路停车场,新昌县,70,56,2023-11-13 03:44:18
XC2020005,智慧家园停车场,新昌县,500,475,2023-11-13 03:39:58
XC2020023,城西小学停车场,新昌县,315,141,2023-11-13 03:39:55
XC2020007,鼓山公园停车场,新昌县,998,235,2023-11-13 03:39:54
XC2020010,南明路立体停车场,新昌县,100,61,2023-11-13 03:39:39
XC2020022,大佛寺文化旅游区停车场,新昌县,290,172,2023-11-13 03:39:34
XC2020003,服务大楼停车场,新昌县,200,117,2023-11-13 03:39:33
XC2020002,演溪路停车场,新昌县,70,56,2023-11-13 03:39:18
XC2020005,智慧家园停车场,新昌县,500,475,2023-11-13 03:34:58
XC2020023,城西小学停车场,新昌县,315,141,2023-11-13 03:34:55
XC2020007,鼓山公园停车场,新昌县,998,236,2023-11-13 03:34:54
XC2020010,南明路立体停车场,新昌县,100,61,2023-11-13 03:34:39
XC2020022,大佛寺文化旅游区停车场,新昌县,290,172,2023-11-13 03:34:34
XC2020003,服务大楼停车场,新昌县,200,117,2023-11-13 03:34:33
XC2020002,演溪路停车场,新昌县,70,56,2023-11-13 03:34:18
XC2020005,智慧家园停车场,新昌县,500,475,2023-11-13 03:29:58
XC2020023,城西小学停车场,新昌县,315,141,2023-11-13 03:29:55
XC2020007,鼓山公园停车场,新昌县,998,235,2023-11-13 03:29:54
XC2020010,南明路立体停车场,新昌县,100,61,2023-11-13 03:29:39
XC2020022,大佛寺文化旅游区停车场,新昌县,290,172,2023-11-13 03:29:34
XC2020003,服务大楼停车场,新昌县,200,117,2023-11-13 03:29:33
XC2020002,演溪路停车场,新昌县,70,56,2023-11-13 03:29:18
XC2020005,智慧家园停车场,新昌县,500,475,2023-11-13 03:24:58
XC2020023,城西小学停车场,新昌县,315,141,2023-11-13 03:24:55
XC2020007,鼓山公园停车场,新昌县,998,235,2023-11-13 03:24:54
XC2020010,南明路立体停车场,新昌县,100,61,2023-11-13 03:24:39
XC2020022,大佛寺文化旅游区停车场,新昌县,290,172,2023-11-13 03:24:34
XC2020003,服务大楼停车场,新昌县,200,117,2023-11-13 03:24:33
XC2020002,演溪路停车场,新昌县,70,56,2023-11-13 03:24:18
XC2020005,智慧家园停车场,新昌县,500,475,2023-11-13 03:19:58
XC2020023,城西小学停车场,新昌县,315,141,2023-11-13 03:19:55
XC2020007,鼓山公园停车场,新昌县,998,234,2023-11-13 03:19:54
XC2020010,南明路立体停车场,新昌县,100,61,2023-11-13 03:19:39
XC2020022,大佛寺文化旅游区停车场,新昌县,290,172,2023-11-13 03:19:34
XC2020003,服务大楼停车场,新昌县,200,117,2023-11-13 03:19:33
XC2020002,演溪路停车场,新昌县,70,56,2023-11-13 03:19:18
XC2020005,智慧家园停车场,新昌县,500,475,2023-11-13 03:14:58
XC2020023,城西小学停车场,新昌县,315,141,2023-11-13 03:14:55
XC2020007,鼓山公园停车场,新昌县,998,234,2023-11-13 03:14:54
XC2020010,南明路立体停车场,新昌县,100,61,2023-11-13 03:14:39
XC2020022,大佛寺文化旅游区停车场,新昌县,290,172,2023-11-13 03:14:34
XC2020003,服务大楼停车场,新昌县,200,117,2023-11-13 03:14:33
XC2020002,演溪路停车场,新昌县,70,57,2023-11-13 03:14:18
XC2020005,智慧家园停车场,新昌县,500,475,2023-11-13 03:09:58
XC2020023,城西小学停车场,新昌县,315,141,2023-11-13 03:09:55
XC2020007,鼓山公园停车场,新昌县,998,234,2023-11-13 03:09:54
XC2020010,南明路立体停车场,新昌县,100,61,2023-11-13 03:09:39
XC2020022,大佛寺文化旅游区停车场,新昌县,290,172,2023-11-13 03:09:34
XC2020003,服务大楼停车场,新昌县,200,117,2023-11-13 03:09:33
XC2020002,演溪路停车场,新昌县,70,57,2023-11-13 03:09:18
XC2020005,智慧家园停车场,新昌县,500,475,2023-11-13 03:04:58
XC2020023,城西小学停车场,新昌县,315,141,2023-11-13 03:04:55
XC2020007,鼓山公园停车场,新昌县,998,234,2023-11-13 03:04:54
XC2020010,南明路立体停车场,新昌县,100,61,2023-11-13 03:04:39
XC2020022,大佛寺文化旅游区停车场,新昌县,290,172,2023-11-13 03:04:34
XC2020003,服务大楼停车场,新昌县,200,117,2023-11-13 03:04:33
XC2020002,演溪路停车场,新昌县,70,57,2023-11-13 03:04:18
XC2020005,智慧家园停车场,新昌县,500,475,2023-11-13 02:59:58
XC2020023,城西小学停车场,新昌县,315,141,2023-11-13 02:59:55
XC2020007,鼓山公园停车场,新昌县,998,234,2023-11-13 02:59:54
XC2020010,南明路立体停车场,新昌县,100,61,2023-11-13 02:59:39
XC2020022,大佛寺文化旅游区停车场,新昌县,290,172,2023-11-13 02:59:34
XC2020003,服务大楼停车场,新昌县,200,117,2023-11-13 02:59:33
XC2020002,演溪路停车场,新昌县,70,57,2023-11-13 02:59:18
XC2020005,智慧家园停车场,新昌县,500,475,2023-11-13 02:54:58
XC2020023,城西小学停车场,新昌县,315,141,2023-11-13 02:54:55
XC2020007,鼓山公园停车场,新昌县,998,234,2023-11-13 02:54:54
XC2020010,南明路立体停车场,新昌县,100,61,2023-11-13 02:54:39
XC2020022,大佛寺文化旅游区停车场,新昌县,290,172,2023-11-13 02:54:34
XC2020003,服务大楼停车场,新昌县,200,117,2023-11-13 02:54:33
XC2020002,演溪路停车场,新昌县,70,57,2023-11-13 02:54:18
XC2020005,智慧家园停车场,新昌县,500,475,2023-11-13 02:49:58
XC2020023,城西小学停车场,新昌县,315,141,2023-11-13 02:49:55
XC2020007,鼓山公园停车场,新昌县,998,234,2023-11-13 02:49:54
XC2020010,南明路立体停车场,新昌县,100,61,2023-11-13 02:49:39
XC2020022,大佛寺文化旅游区停车场,新昌县,290,172,2023-11-13 02:49:34
XC2020003,服务大楼停车场,新昌县,200,117,2023-11-13 02:49:33
XC2020002,演溪路停车场,新昌县,70,57,2023-11-13 02:49:18
XC2020005,智慧家园停车场,新昌县,500,475,2023-11-13 02:44:58
XC2020023,城西小学停车场,新昌县,315,141,2023-11-13 02:44:55
XC2020007,鼓山公园停车场,新昌县,998,234,2023-11-13 02:44:54
XC2020010,南明路立体停车场,新昌县,100,61,2023-11-13 02:44:39
XC2020022,大佛寺文化旅游区停车场,新昌县,290,172,2023-11-13 02:44:34
XC2020003,服务大楼停车场,新昌县,200,117,2023-11-13 02:44:33
XC2020002,演溪路停车场,新昌县,70,57,2023-11-13 02:44:18
XC2020003,服务大楼停车场,新昌县,200,117,2023-11-13 02:40:03
XC2020005,智慧家园停车场,新昌县,500,475,2023-11-13 02:39:58
XC2020023,城西小学停车场,新昌县,315,141,2023-11-13 02:39:55
XC2020007,鼓山公园停车场,新昌县,998,234,2023-11-13 02:39:54
XC2020010,南明路立体停车场,新昌县,100,61,2023-11-13 02:39:39
XC2020022,大佛寺文化旅游区停车场,新昌县,290,172,2023-11-13 02:39:34
XC2020002,演溪路停车场,新昌县,70,57,2023-11-13 02:39:18
XC2020003,服务大楼停车场,新昌县,200,117,2023-11-13 02:35:03
XC2020005,智慧家园停车场,新昌县,500,475,2023-11-13 02:34:58
XC2020023,城西小学停车场,新昌县,315,142,2023-11-13 02:34:55
XC2020007,鼓山公园停车场,新昌县,998,234,2023-11-13 02:34:54
XC2020010,南明路立体停车场,新昌县,100,61,2023-11-13 02:34:39
XC2020022,大佛寺文化旅游区停车场,新昌县,290,172,2023-11-13 02:34:34
XC2020002,演溪路停车场,新昌县,70,57,2023-11-13 02:34:18
XC2020003,服务大楼停车场,新昌县,200,117,2023-11-13 02:30:03
XC2020005,智慧家园停车场,新昌县,500,475,2023-11-13 02:29:58
XC2020023,城西小学停车场,新昌县,315,142,2023-11-13 02:29:55
XC2020007,鼓山公园停车场,新昌县,998,234,2023-11-13 02:29:54
XC2020010,南明路立体停车场,新昌县,100,61,2023-11-13 02:29:39
XC2020022,大佛寺文化旅游区停车场,新昌县,290,172,2023-11-13 02:29:34
XC2020002,演溪路停车场,新昌县,70,57,2023-11-13 02:29:18
XC2020010,南明路立体停车场,新昌县,100,61,2023-11-13 02:25:09
XC2020003,服务大楼停车场,新昌县,200,117,2023-11-13 02:25:03
XC2020005,智慧家园停车场,新昌县,500,475,2023-11-13 02:24:58
XC2020023,城西小学停车场,新昌县,315,142,2023-11-13 02:24:55
XC2020007,鼓山公园停车场,新昌县,998,234,2023-11-13 02:24:54
XC2020022,大佛寺文化旅游区停车场,新昌县,290,172,2023-11-13 02:24:34
XC2020002,演溪路停车场,新昌县,70,57,2023-11-13 02:24:18
XC2020003,服务大楼停车场,新昌县,200,117,2023-11-13 02:20:03
XC2020005,智慧家园停车场,新昌县,500,475,2023-11-13 02:19:58
XC2020023,城西小学停车场,新昌县,315,142,2023-11-13 02:19:55
XC2020007,鼓山公园停车场,新昌县,998,234,2023-11-13 02:19:54
XC2020010,南明路立体停车场,新昌县,100,61,2023-11-13 02:19:39
XC2020022,大佛寺文化旅游区停车场,新昌县,290,172,2023-11-13 02:19:34
XC2020002,演溪路停车场,新昌县,70,57,2023-11-13 02:19:18
XC2020003,服务大楼停车场,新昌县,200,117,2023-11-13 02:15:03
XC2020005,智慧家园停车场,新昌县,500,475,2023-11-13 02:14:58
XC2020023,城西小学停车场,新昌县,315,142,2023-11-13 02:14:55
XC2020007,鼓山公园停车场,新昌县,998,234,2023-11-13 02:14:54
XC2020010,南明路立体停车场,新昌县,100,61,2023-11-13 02:14:39
XC2020022,大佛寺文化旅游区停车场,新昌县,290,172,2023-11-13 02:14:34
XC2020002,演溪路停车场,新昌县,70,57,2023-11-13 02:14:18
XC2020003,服务大楼停车场,新昌县,200,117,2023-11-13 02:10:03
XC2020005,智慧家园停车场,新昌县,500,475,2023-11-13 02:09:58
XC2020023,城西小学停车场,新昌县,315,142,2023-11-13 02:09:55
XC2020007,鼓山公园停车场,新昌县,998,234,2023-11-13 02:09:54
XC2020010,南明路立体停车场,新昌县,100,61,2023-11-13 02:09:39
XC2020022,大佛寺文化旅游区停车场,新昌县,290,172,2023-11-13 02:09:34
XC2020002,演溪路停车场,新昌县,70,57,2023-11-13 02:09:18
XC2020010,南明路立体停车场,新昌县,100,61,2023-11-13 02:05:09
XC2020003,服务大楼停车场,新昌县,200,117,2023-11-13 02:05:03
XC2020005,智慧家园停车场,新昌县,500,475,2023-11-13 02:04:58
XC2020023,城西小学停车场,新昌县,315,142,2023-11-13 02:04:55
XC2020007,鼓山公园停车场,新昌县,998,234,2023-11-13 02:04:54
XC2020022,大佛寺文化旅游区停车场,新昌县,290,172,2023-11-13 02:04:34
XC2020002,演溪路停车场,新昌县,70,57,2023-11-13 02:04:18
XC2020003,服务大楼停车场,新昌县,200,117,2023-11-13 02:00:03
XC2020005,智慧家园停车场,新昌县,500,475,2023-11-13 01:59:58
XC2020023,城西小学停车场,新昌县,315,142,2023-11-13 01:59:55
XC2020007,鼓山公园停车场,新昌县,998,234,2023-11-13 01:59:54
XC2020010,南明路立体停车场,新昌县,100,61,2023-11-13 01:59:39
XC2020022,大佛寺文化旅游区停车场,新昌县,290,172,2023-11-13 01:59:34
XC2020002,演溪路停车场,新昌县,70,57,2023-11-13 01:59:18
XC2020003,服务大楼停车场,新昌县,200,118,2023-11-13 01:55:03
XC2020005,智慧家园停车场,新昌县,500,475,2023-11-13 01:54:58
XC2020023,城西小学停车场,新昌县,315,143,2023-11-13 01:54:55
XC2020007,鼓山公园停车场,新昌县,998,234,2023-11-13 01:54:54
XC2020010,南明路立体停车场,新昌县,100,61,2023-11-13 01:54:39
XC2020022,大佛寺文化旅游区停车场,新昌县,290,172,2023-11-13 01:54:34
XC2020002,演溪路停车场,新昌县,70,57,2023-11-13 01:54:18
XC2020010,南明路立体停车场,新昌县,100,61,2023-11-13 01:50:09
XC2020003,服务大楼停车场,新昌县,200,118,2023-11-13 01:50:03
XC2020005,智慧家园停车场,新昌县,500,475,2023-11-13 01:49:58
XC2020023,城西小学停车场,新昌县,315,143,2023-11-13 01:49:55
XC2020007,鼓山公园停车场,新昌县,998,234,2023-11-13 01:49:54
XC2020022,大佛寺文化旅游区停车场,新昌县,290,172,2023-11-13 01:49:34
XC2020002,演溪路停车场,新昌县,70,57,2023-11-13 01:49:18
XC2020010,南明路立体停车场,新昌县,100,61,2023-11-13 01:45:09
XC2020003,服务大楼停车场,新昌县,200,118,2023-11-13 01:45:03
XC2020005,智慧家园停车场,新昌县,500,475,2023-11-13 01:44:58
XC2020023,城西小学停车场,新昌县,315,143,2023-11-13 01:44:55
XC2020007,鼓山公园停车场,新昌县,998,234,2023-11-13 01:44:54
XC2020002,演溪路停车场,新昌县,70,57,2023-11-13 01:44:18
XC2020022,大佛寺文化旅游区停车场,新昌县,290,172,2023-11-13 01:43:34
XC2020003,服务大楼停车场,新昌县,200,118,2023-11-13 01:40:03
XC2020005,智慧家园停车场,新昌县,500,475,2023-11-13 01:39:58
XC2020023,城西小学停车场,新昌县,315,143,2023-11-13 01:39:55
XC2020007,鼓山公园停车场,新昌县,998,234,2023-11-13 01:39:54
XC2020010,南明路立体停车场,新昌县,100,61,2023-11-13 01:39:39
XC2020022,大佛寺文化旅游区停车场,新昌县,290,172,2023-11-13 01:39:34
XC2020002,演溪路停车场,新昌县,70,57,2023-11-13 01:39:18
XC2020010,南明路立体停车场,新昌县,100,61,2023-11-13 01:35:09
XC2020003,服务大楼停车场,新昌县,200,118,2023-11-13 01:35:03
XC2020005,智慧家园停车场,新昌县,500,475,2023-11-13 01:34:58
XC2020023,城西小学停车场,新昌县,315,143,2023-11-13 01:34:55
XC2020007,鼓山公园停车场,新昌县,998,234,2023-11-13 01:34:54
XC2020022,大佛寺文化旅游区停车场,新昌县,290,172,2023-11-13 01:34:34
XC2020002,演溪路停车场,新昌县,70,57,2023-11-13 01:34:18
XC2020003,服务大楼停车场,新昌县,200,118,2023-11-13 01:30:03
XC2020005,智慧家园停车场,新昌县,500,476,2023-11-13 01:29:58
XC2020023,城西小学停车场,新昌县,315,143,2023-11-13 01:29:55
XC2020007,鼓山公园停车场,新昌县,998,234,2023-11-13 01:29:54
XC2020010,南明路立体停车场,新昌县,100,62,2023-11-13 01:29:39
XC2020022,大佛寺文化旅游区停车场,新昌县,290,172,2023-11-13 01:29:34
XC2020002,演溪路停车场,新昌县,70,54,2023-11-13 01:29:18
XC2020003,服务大楼停车场,新昌县,200,118,2023-11-13 01:25:03
XC2020005,智慧家园停车场,新昌县,500,477,2023-11-13 01:24:58
XC2020023,城西小学停车场,新昌县,315,143,2023-11-13 01:24:55
XC2020007,鼓山公园停车场,新昌县,998,234,2023-11-13 01:24:54
XC2020010,南明路立体停车场,新昌县,100,62,2023-11-13 01:24:39
XC2020022,大佛寺文化旅游区停车场,新昌县,290,172,2023-11-13 01:24:34
XC2020002,演溪路停车场,新昌县,70,54,2023-11-13 01:24:18
XC2020003,服务大楼停车场,新昌县,200,118,2023-11-13 01:20:03
XC2020005,智慧家园停车场,新昌县,500,477,2023-11-13 01:19:58
XC2020023,城西小学停车场,新昌县,315,143,2023-11-13 01:19:55
XC2020007,鼓山公园停车场,新昌县,998,234,2023-11-13 01:19:54
XC2020010,南明路立体停车场,新昌县,100,62,2023-11-13 01:19:39
XC2020022,大佛寺文化旅游区停车场,新昌县,290,171,2023-11-13 01:19:34
XC2020002,演溪路停车场,新昌县,70,54,2023-11-13 01:19:18
XC2020010,南明路立体停车场,新昌县,100,62,2023-11-13 01:15:09
XC2020003,服务大楼停车场,新昌县,200,118,2023-11-13 01:15:03
XC2020005,智慧家园停车场,新昌县,500,477,2023-11-13 01:14:58
XC2020023,城西小学停车场,新昌县,315,143,2023-11-13 01:14:55
XC2020007,鼓山公园停车场,新昌县,998,233,2023-11-13 01:14:54
XC2020022,大佛寺文化旅游区停车场,新昌县,290,169,2023-11-13 01:14:34
XC2020002,演溪路停车场,新昌县,70,54,2023-11-13 01:14:18
XC2020002,演溪路停车场,新昌县,70,54,2023-11-13 01:10:18
XC2020010,南明路立体停车场,新昌县,100,62,2023-11-13 01:10:09
XC2020003,服务大楼停车场,新昌县,200,118,2023-11-13 01:10:03
XC2020005,智慧家园停车场,新昌县,500,477,2023-11-13 01:09:58
XC2020023,城西小学停车场,新昌县,315,143,2023-11-13 01:09:55
XC2020007,鼓山公园停车场,新昌县,998,233,2023-11-13 01:09:54
XC2020022,大佛寺文化旅游区停车场,新昌县,290,169,2023-11-13 01:09:34
XC2020010,南明路立体停车场,新昌县,100,62,2023-11-13 01:05:09
XC2020003,服务大楼停车场,新昌县,200,118,2023-11-13 01:05:03
XC2020005,智慧家园停车场,新昌县,500,477,2023-11-13 01:04:58
XC2020023,城西小学停车场,新昌县,315,140,2023-11-13 01:04:55
XC2020007,鼓山公园停车场,新昌县,998,232,2023-11-13 01:04:54
XC2020022,大佛寺文化旅游区停车场,新昌县,290,169,2023-11-13 01:04:34
XC2020002,演溪路停车场,新昌县,70,54,2023-11-13 01:04:18
XC2020005,智慧家园停车场,新昌县,500,477,2023-11-13 00:59:58
XC2020023,城西小学停车场,新昌县,315,138,2023-11-13 00:59:55
XC2020007,鼓山公园停车场,新昌县,998,232,2023-11-13 00:59:54
XC2020010,南明路立体停车场,新昌县,100,62,2023-11-13 00:59:39
XC2020022,大佛寺文化旅游区停车场,新昌县,290,169,2023-11-13 00:59:34
XC2020003,服务大楼停车场,新昌县,200,118,2023-11-13 00:59:33
XC2020002,演溪路停车场,新昌县,70,54,2023-11-13 00:59:18
XC2020010,南明路立体停车场,新昌县,100,62,2023-11-13 00:55:09
XC2020003,服务大楼停车场,新昌县,200,118,2023-11-13 00:55:03
XC2020005,智慧家园停车场,新昌县,500,477,2023-11-13 00:54:58
XC2020023,城西小学停车场,新昌县,315,138,2023-11-13 00:54:55
XC2020007,鼓山公园停车场,新昌县,998,232,2023-11-13 00:54:54
XC2020022,大佛寺文化旅游区停车场,新昌县,290,168,2023-11-13 00:54:34
XC2020002,演溪路停车场,新昌县,70,54,2023-11-13 00:54:18
XC2020002,演溪路停车场,新昌县,70,53,2023-11-13 00:50:18
XC2020010,南明路立体停车场,新昌县,100,62,2023-11-13 00:50:09
XC2020003,服务大楼停车场,新昌县,200,118,2023-11-13 00:50:03
XC2020005,智慧家园停车场,新昌县,500,477,2023-11-13 00:49:58
XC2020023,城西小学停车场,新昌县,315,138,2023-11-13 00:49:55
XC2020007,鼓山公园停车场,新昌县,998,232,2023-11-13 00:49:54
XC2020022,大佛寺文化旅游区停车场,新昌县,290,168,2023-11-13 00:49:34
XC2020010,南明路立体停车场,新昌县,100,62,2023-11-13 00:45:09
XC2020003,服务大楼停车场,新昌县,200,118,2023-11-13 00:45:03
XC2020005,智慧家园停车场,新昌县,500,477,2023-11-13 00:44:58
XC2020023,城西小学停车场,新昌县,315,137,2023-11-13 00:44:55
XC2020007,鼓山公园停车场,新昌县,998,232,2023-11-13 00:44:54
XC2020022,大佛寺文化旅游区停车场,新昌县,290,167,2023-11-13 00:44:34
XC2020002,演溪路停车场,新昌县,70,54,2023-11-13 00:44:18
XC2020005,智慧家园停车场,新昌县,500,477,2023-11-13 00:39:58
XC2020023,城西小学停车场,新昌县,315,137,2023-11-13 00:39:55
XC2020007,鼓山公园停车场,新昌县,998,232,2023-11-13 00:39:54
XC2020010,南明路立体停车场,新昌县,100,62,2023-11-13 00:39:39
XC2020022,大佛寺文化旅游区停车场,新昌县,290,167,2023-11-13 00:39:34
XC2020003,服务大楼停车场,新昌县,200,118,2023-11-13 00:39:33
XC2020002,演溪路停车场,新昌县,70,54,2023-11-13 00:39:18
XC2020005,智慧家园停车场,新昌县,500,477,2023-11-13 00:34:58
XC2020023,城西小学停车场,新昌县,315,137,2023-11-13 00:34:55
XC2020007,鼓山公园停车场,新昌县,998,232,2023-11-13 00:34:54
XC2020010,南明路立体停车场,新昌县,100,62,2023-11-13 00:34:39
XC2020022,大佛寺文化旅游区停车场,新昌县,290,167,2023-11-13 00:34:34
XC2020003,服务大楼停车场,新昌县,200,118,2023-11-13 00:34:33
XC2020002,演溪路停车场,新昌县,70,54,2023-11-13 00:34:18
XC2020005,智慧家园停车场,新昌县,500,477,2023-11-13 00:29:58
XC2020023,城西小学停车场,新昌县,315,137,2023-11-13 00:29:55
XC2020007,鼓山公园停车场,新昌县,998,232,2023-11-13 00:29:54
XC2020010,南明路立体停车场,新昌县,100,62,2023-11-13 00:29:39
XC2020022,大佛寺文化旅游区停车场,新昌县,290,166,2023-11-13 00:29:34
XC2020003,服务大楼停车场,新昌县,200,118,2023-11-13 00:29:33
XC2020002,演溪路停车场,新昌县,70,54,2023-11-13 00:29:18
XC2020005,智慧家园停车场,新昌县,500,477,2023-11-13 00:24:58
XC2020023,城西小学停车场,新昌县,315,137,2023-11-13 00:24:55
XC2020007,鼓山公园停车场,新昌县,998,231,2023-11-13 00:24:54
XC2020010,南明路立体停车场,新昌县,100,62,2023-11-13 00:24:39
XC2020022,大佛寺文化旅游区停车场,新昌县,290,166,2023-11-13 00:24:34
XC2020003,服务大楼停车场,新昌县,200,118,2023-11-13 00:24:33
XC2020002,演溪路停车场,新昌县,70,54,2023-11-13 00:24:18
XC2020005,智慧家园停车场,新昌县,500,478,2023-11-13 00:19:58
XC2020023,城西小学停车场,新昌县,315,136,2023-11-13 00:19:55
XC2020007,鼓山公园停车场,新昌县,998,230,2023-11-13 00:19:54
XC2020010,南明路立体停车场,新昌县,100,62,2023-11-13 00:19:39
XC2020022,大佛寺文化旅游区停车场,新昌县,290,166,2023-11-13 00:19:34
XC2020003,服务大楼停车场,新昌县,200,118,2023-11-13 00:19:33
XC2020002,演溪路停车场,新昌县,70,51,2023-11-13 00:19:18
XC2020005,智慧家园停车场,新昌县,500,478,2023-11-13 00:14:58
XC2020023,城西小学停车场,新昌县,315,133,2023-11-13 00:14:55
XC2020007,鼓山公园停车场,新昌县,998,230,2023-11-13 00:14:54
XC2020010,南明路立体停车场,新昌县,100,62,2023-11-13 00:14:39
XC2020022,大佛寺文化旅游区停车场,新昌县,290,166,2023-11-13 00:14:34
XC2020003,服务大楼停车场,新昌县,200,118,2023-11-13 00:14:33
XC2020002,演溪路停车场,新昌县,70,48,2023-11-13 00:14:18
XC2020005,智慧家园停车场,新昌县,500,478,2023-11-13 00:09:58
XC2020023,城西小学停车场,新昌县,315,132,2023-11-13 00:09:55
XC2020007,鼓山公园停车场,新昌县,998,230,2023-11-13 00:09:54
XC2020010,南明路立体停车场,新昌县,100,62,2023-11-13 00:09:39
XC2020022,大佛寺文化旅游区停车场,新昌县,290,165,2023-11-13 00:09:34
XC2020003,服务大楼停车场,新昌县,200,118,2023-11-13 00:09:33
XC2020002,演溪路停车场,新昌县,70,48,2023-11-13 00:09:18
XC2020005,智慧家园停车场,新昌县,500,479,2023-11-13 00:04:58
XC2020023,城西小学停车场,新昌县,315,132,2023-11-13 00:04:55
XC2020007,鼓山公园停车场,新昌县,998,230,2023-11-13 00:04:54
XC2020010,南明路立体停车场,新昌县,100,62,2023-11-13 00:04:39
XC2020022,大佛寺文化旅游区停车场,新昌县,290,165,2023-11-13 00:04:34
XC2020003,服务大楼停车场,新昌县,200,118,2023-11-13 00:04:33
XC2020002,演溪路停车场,新昌县,70,45,2023-11-13 00:04:18
XC2020005,智慧家园停车场,新昌县,500,479,2023-11-12 23:59:58
XC2020023,城西小学停车场,新昌县,315,131,2023-11-12 23:59:55
XC2020007,鼓山公园停车场,新昌县,998,230,2023-11-12 23:59:54
XC2020010,南明路立体停车场,新昌县,100,62,2023-11-12 23:59:39
XC2020022,大佛寺文化旅游区停车场,新昌县,290,165,2023-11-12 23:59:34
XC2020003,服务大楼停车场,新昌县,200,118,2023-11-12 23:59:33
XC2020002,演溪路停车场,新昌县,70,46,2023-11-12 23:59:18
XC2020005,智慧家园停车场,新昌县,500,479,2023-11-12 23:54:58
XC2020023,城西小学停车场,新昌县,315,129,2023-11-12 23:54:55
XC2020007,鼓山公园停车场,新昌县,998,230,2023-11-12 23:54:54
XC2020010,南明路立体停车场,新昌县,100,62,2023-11-12 23:54:39
XC2020022,大佛寺文化旅游区停车场,新昌县,290,165,2023-11-12 23:54:34
XC2020003,服务大楼停车场,新昌县,200,118,2023-11-12 23:54:33
XC2020002,演溪路停车场,新昌县,70,45,2023-11-12 23:54:18
XC2020005,智慧家园停车场,新昌县,500,479,2023-11-12 23:49:58
XC2020023,城西小学停车场,新昌县,315,128,2023-11-12 23:49:55
XC2020007,鼓山公园停车场,新昌县,998,230,2023-11-12 23:49:54
XC2020010,南明路立体停车场,新昌县,100,62,2023-11-12 23:49:39
XC2020022,大佛寺文化旅游区停车场,新昌县,290,165,2023-11-12 23:49:34
XC2020003,服务大楼停车场,新昌县,200,120,2023-11-12 23:49:33
XC2020002,演溪路停车场,新昌县,70,42,2023-11-12 23:49:18
XC2020005,智慧家园停车场,新昌县,500,479,2023-11-12 23:44:58
XC2020023,城西小学停车场,新昌县,315,124,2023-11-12 23:44:55
XC2020007,鼓山公园停车场,新昌县,998,229,2023-11-12 23:44:54
XC2020010,南明路立体停车场,新昌县,100,62,2023-11-12 23:44:39
XC2020022,大佛寺文化旅游区停车场,新昌县,290,164,2023-11-12 23:44:34
XC2020003,服务大楼停车场,新昌县,200,120,2023-11-12 23:44:33
XC2020002,演溪路停车场,新昌县,70,43,2023-11-12 23:44:18
XC2020005,智慧家园停车场,新昌县,500,479,2023-11-12 23:39:58
XC2020023,城西小学停车场,新昌县,315,126,2023-11-12 23:39:55
XC2020007,鼓山公园停车场,新昌县,998,229,2023-11-12 23:39:54
XC2020010,南明路立体停车场,新昌县,100,62,2023-11-12 23:39:39
XC2020022,大佛寺文化旅游区停车场,新昌县,290,164,2023-11-12 23:39:34
XC2020003,服务大楼停车场,新昌县,200,121,2023-11-12 23:39:33
XC2020002,演溪路停车场,新昌县,70,43,2023-11-12 23:39:18
XC2020005,智慧家园停车场,新昌县,500,479,2023-11-12 23:34:58
XC2020023,城西小学停车场,新昌县,315,126,2023-11-12 23:34:55
XC2020007,鼓山公园停车场,新昌县,998,229,2023-11-12 23:34:54
XC2020010,南明路立体停车场,新昌县,100,62,2023-11-12 23:34:39
XC2020022,大佛寺文化旅游区停车场,新昌县,290,163,2023-11-12 23:34:34
XC2020003,服务大楼停车场,新昌县,200,121,2023-11-12 23:34:33
XC2020002,演溪路停车场,新昌县,70,44,2023-11-12 23:34:18
XC2020005,智慧家园停车场,新昌县,500,479,2023-11-12 23:29:58
XC2020023,城西小学停车场,新昌县,315,126,2023-11-12 23:29:55
XC2020007,鼓山公园停车场,新昌县,998,229,2023-11-12 23:29:54
XC2020010,南明路立体停车场,新昌县,100,62,2023-11-12 23:29:39
XC2020022,大佛寺文化旅游区停车场,新昌县,290,162,2023-11-12 23:29:34
XC2020003,服务大楼停车场,新昌县,200,121,2023-11-12 23:29:33
XC2020002,演溪路停车场,新昌县,70,44,2023-11-12 23:29:18
XC2020005,智慧家园停车场,新昌县,500,479,2023-11-12 23:24:58
XC2020023,城西小学停车场,新昌县,315,126,2023-11-12 23:24:55
XC2020007,鼓山公园停车场,新昌县,998,228,2023-11-12 23:24:54
XC2020010,南明路立体停车场,新昌县,100,62,2023-11-12 23:24:39
XC2020022,大佛寺文化旅游区停车场,新昌县,290,161,2023-11-12 23:24:34
XC2020003,服务大楼停车场,新昌县,200,121,2023-11-12 23:24:33
XC2020002,演溪路停车场,新昌县,70,42,2023-11-12 23:24:18
XC2020005,智慧家园停车场,新昌县,500,479,2023-11-12 23:19:58
XC2020023,城西小学停车场,新昌县,315,123,2023-11-12 23:19:55
XC2020007,鼓山公园停车场,新昌县,998,228,2023-11-12 23:19:54
XC2020010,南明路立体停车场,新昌县,100,62,2023-11-12 23:19:39
XC2020022,大佛寺文化旅游区停车场,新昌县,290,160,2023-11-12 23:19:34
XC2020003,服务大楼停车场,新昌县,200,121,2023-11-12 23:19:33
XC2020002,演溪路停车场,新昌县,70,40,2023-11-12 23:19:18
XC2020005,智慧家园停车场,新昌县,500,479,2023-11-12 23:14:58
XC2020023,城西小学停车场,新昌县,315,123,2023-11-12 23:14:55
XC2020007,鼓山公园停车场,新昌县,998,228,2023-11-12 23:14:54
XC2020010,南明路立体停车场,新昌县,100,61,2023-11-12 23:14:39
XC2020022,大佛寺文化旅游区停车场,新昌县,290,160,2023-11-12 23:14:34
XC2020003,服务大楼停车场,新昌县,200,121,2023-11-12 23:14:33
XC2020002,演溪路停车场,新昌县,70,40,2023-11-12 23:14:18
XC2020005,智慧家园停车场,新昌县,500,479,2023-11-12 23:09:58
XC2020023,城西小学停车场,新昌县,315,116,2023-11-12 23:09:55
XC2020007,鼓山公园停车场,新昌县,998,227,2023-11-12 23:09:54
XC2020010,南明路立体停车场,新昌县,100,61,2023-11-12 23:09:39
XC2020022,大佛寺文化旅游区停车场,新昌县,290,159,2023-11-12 23:09:34
XC2020003,服务大楼停车场,新昌县,200,121,2023-11-12 23:09:33
XC2020002,演溪路停车场,新昌县,70,40,2023-11-12 23:09:18
XC2020005,智慧家园停车场,新昌县,500,480,2023-11-12 23:04:58
XC2020023,城西小学停车场,新昌县,315,113,2023-11-12 23:04:55
XC2020007,鼓山公园停车场,新昌县,998,227,2023-11-12 23:04:54
XC2020010,南明路立体停车场,新昌县,100,61,2023-11-12 23:04:39
XC2020022,大佛寺文化旅游区停车场,新昌县,290,159,2023-11-12 23:04:34
XC2020003,服务大楼停车场,新昌县,200,121,2023-11-12 23:04:33
XC2020002,演溪路停车场,新昌县,70,33,2023-11-12 23:04:18
XC2020005,智慧家园停车场,新昌县,500,480,2023-11-12 22:59:58
XC2020023,城西小学停车场,新昌县,315,112,2023-11-12 22:59:55
XC2020007,鼓山公园停车场,新昌县,998,227,2023-11-12 22:59:54
XC2020010,南明路立体停车场,新昌县,100,61,2023-11-12 22:59:39
XC2020022,大佛寺文化旅游区停车场,新昌县,290,159,2023-11-12 22:59:34
XC2020003,服务大楼停车场,新昌县,200,121,2023-11-12 22:59:33
XC2020002,演溪路停车场,新昌县,70,33,2023-11-12 22:59:18
XC2020005,智慧家园停车场,新昌县,500,480,2023-11-12 22:54:58
XC2020023,城西小学停车场,新昌县,315,111,2023-11-12 22:54:55
XC2020007,鼓山公园停车场,新昌县,998,227,2023-11-12 22:54:54
XC2020010,南明路立体停车场,新昌县,100,61,2023-11-12 22:54:39
XC2020022,大佛寺文化旅游区停车场,新昌县,290,159,2023-11-12 22:54:34
XC2020003,服务大楼停车场,新昌县,200,121,2023-11-12 22:54:33
XC2020002,演溪路停车场,新昌县,70,33,2023-11-12 22:54:18
XC2020005,智慧家园停车场,新昌县,500,480,2023-11-12 22:49:58
XC2020023,城西小学停车场,新昌县,315,111,2023-11-12 22:49:55
XC2020007,鼓山公园停车场,新昌县,998,226,2023-11-12 22:49:54
XC2020010,南明路立体停车场,新昌县,100,61,2023-11-12 22:49:39
XC2020022,大佛寺文化旅游区停车场,新昌县,290,157,2023-11-12 22:49:34
XC2020003,服务大楼停车场,新昌县,200,121,2023-11-12 22:49:33
XC2020002,演溪路停车场,新昌县,70,33,2023-11-12 22:49:18
XC2020005,智慧家园停车场,新昌县,500,480,2023-11-12 22:44:58
XC2020023,城西小学停车场,新昌县,315,111,2023-11-12 22:44:55
XC2020007,鼓山公园停车场,新昌县,998,226,2023-11-12 22:44:54
XC2020010,南明路立体停车场,新昌县,100,61,2023-11-12 22:44:39
XC2020022,大佛寺文化旅游区停车场,新昌县,290,157,2023-11-12 22:44:34
XC2020003,服务大楼停车场,新昌县,200,121,2023-11-12 22:44:33
XC2020002,演溪路停车场,新昌县,70,34,2023-11-12 22:44:18
XC2020005,智慧家园停车场,新昌县,500,480,2023-11-12 22:39:58
XC2020023,城西小学停车场,新昌县,315,111,2023-11-12 22:39:55
XC2020007,鼓山公园停车场,新昌县,998,226,2023-11-12 22:39:54
XC2020010,南明路立体停车场,新昌县,100,61,2023-11-12 22:39:39
XC2020022,大佛寺文化旅游区停车场,新昌县,290,157,2023-11-12 22:39:34
XC2020003,服务大楼停车场,新昌县,200,121,2023-11-12 22:39:33
XC2020002,演溪路停车场,新昌县,70,32,2023-11-12 22:39:18
XC2020005,智慧家园停车场,新昌县,500,480,2023-11-12 22:34:58
XC2020023,城西小学停车场,新昌县,315,112,2023-11-12 22:34:55
XC2020007,鼓山公园停车场,新昌县,998,226,2023-11-12 22:34:54
XC2020010,南明路立体停车场,新昌县,100,59,2023-11-12 22:34:39
XC2020022,大佛寺文化旅游区停车场,新昌县,290,156,2023-11-12 22:34:34
XC2020003,服务大楼停车场,新昌县,200,121,2023-11-12 22:34:33
XC2020002,演溪路停车场,新昌县,70,32,2023-11-12 22:34:18
XC2020005,智慧家园停车场,新昌县,500,479,2023-11-12 22:29:58
XC2020023,城西小学停车场,新昌县,315,112,2023-11-12 22:29:55
XC2020007,鼓山公园停车场,新昌县,998,227,2023-11-12 22:29:54
XC2020010,南明路立体停车场,新昌县,100,59,2023-11-12 22:29:39
XC2020022,大佛寺文化旅游区停车场,新昌县,290,156,2023-11-12 22:29:34
XC2020003,服务大楼停车场,新昌县,200,121,2023-11-12 22:29:33
XC2020002,演溪路停车场,新昌县,70,31,2023-11-12 22:29:18
XC2020005,智慧家园停车场,新昌县,500,479,2023-11-12 22:24:58
XC2020023,城西小学停车场,新昌县,315,112,2023-11-12 22:24:55
XC2020007,鼓山公园停车场,新昌县,998,224,2023-11-12 22:24:54
XC2020010,南明路立体停车场,新昌县,100,59,2023-11-12 22:24:39
XC2020022,大佛寺文化旅游区停车场,新昌县,290,155,2023-11-12 22:24:34
XC2020003,服务大楼停车场,新昌县,200,121,2023-11-12 22:24:33
XC2020002,演溪路停车场,新昌县,70,30,2023-11-12 22:24:18
XC2020005,智慧家园停车场,新昌县,500,479,2023-11-12 22:19:58
XC2020023,城西小学停车场,新昌县,315,112,2023-11-12 22:19:55
XC2020007,鼓山公园停车场,新昌县,998,222,2023-11-12 22:19:54
XC2020010,南明路立体停车场,新昌县,100,59,2023-11-12 22:19:39
XC2020022,大佛寺文化旅游区停车场,新昌县,290,154,2023-11-12 22:19:34
XC2020003,服务大楼停车场,新昌县,200,121,2023-11-12 22:19:33
XC2020002,演溪路停车场,新昌县,70,30,2023-11-12 22:19:18
XC2020005,智慧家园停车场,新昌县,500,479,2023-11-12 22:14:58
XC2020023,城西小学停车场,新昌县,315,112,2023-11-12 22:14:55
XC2020007,鼓山公园停车场,新昌县,998,221,2023-11-12 22:14:54
XC2020010,南明路立体停车场,新昌县,100,59,2023-11-12 22:14:39
XC2020022,大佛寺文化旅游区停车场,新昌县,290,153,2023-11-12 22:14:34
XC2020003,服务大楼停车场,新昌县,200,122,2023-11-12 22:14:33
XC2020002,演溪路停车场,新昌县,70,30,2023-11-12 22:14:18
XC2020005,智慧家园停车场,新昌县,500,479,2023-11-12 22:09:58
XC2020023,城西小学停车场,新昌县,315,112,2023-11-12 22:09:55
XC2020007,鼓山公园停车场,新昌县,998,215,2023-11-12 22:09:54
XC2020010,南明路立体停车场,新昌县,100,59,2023-11-12 22:09:39
XC2020022,大佛寺文化旅游区停车场,新昌县,290,152,2023-11-12 22:09:34
XC2020003,服务大楼停车场,新昌县,200,123,2023-11-12 22:09:33
XC2020002,演溪路停车场,新昌县,70,30,2023-11-12 22:09:18
XC2020005,智慧家园停车场,新昌县,500,479,2023-11-12 22:04:58
XC2020023,城西小学停车场,新昌县,315,112,2023-11-12 22:04:55
XC2020007,鼓山公园停车场,新昌县,998,215,2023-11-12 22:04:54
XC2020010,南明路立体停车场,新昌县,100,59,2023-11-12 22:04:39
XC2020022,大佛寺文化旅游区停车场,新昌县,290,151,2023-11-12 22:04:34
XC2020003,服务大楼停车场,新昌县,200,123,2023-11-12 22:04:33
XC2020002,演溪路停车场,新昌县,70,30,2023-11-12 22:04:18
XC2020005,智慧家园停车场,新昌县,500,479,2023-11-12 21:59:58
XC2020023,城西小学停车场,新昌县,315,112,2023-11-12 21:59:55
XC2020007,鼓山公园停车场,新昌县,998,214,2023-11-12 21:59:54
XC2020010,南明路立体停车场,新昌县,100,59,2023-11-12 21:59:39
XC2020022,大佛寺文化旅游区停车场,新昌县,290,151,2023-11-12 21:59:34
XC2020003,服务大楼停车场,新昌县,200,123,2023-11-12 21:59:33
XC2020002,演溪路停车场,新昌县,70,30,2023-11-12 21:59:18
XC2020005,智慧家园停车场,新昌县,500,479,2023-11-12 21:54:58
XC2020023,城西小学停车场,新昌县,315,112,2023-11-12 21:54:55
XC2020007,鼓山公园停车场,新昌县,998,214,2023-11-12 21:54:54
XC2020010,南明路立体停车场,新昌县,100,59,2023-11-12 21:54:39
XC2020022,大佛寺文化旅游区停车场,新昌县,290,151,2023-11-12 21:54:34
XC2020003,服务大楼停车场,新昌县,200,123,2023-11-12 21:54:33
XC2020002,演溪路停车场,新昌县,70,29,2023-11-12 21:54:18
XC2020005,智慧家园停车场,新昌县,500,479,2023-11-12 21:49:58
XC2020023,城西小学停车场,新昌县,315,111,2023-11-12 21:49:55
XC2020007,鼓山公园停车场,新昌县,998,213,2023-11-12 21:49:54
XC2020010,南明路立体停车场,新昌县,100,59,2023-11-12 21:49:39
XC2020022,大佛寺文化旅游区停车场,新昌县,290,151,2023-11-12 21:49:34
XC2020003,服务大楼停车场,新昌县,200,123,2023-11-12 21:49:33
XC2020002,演溪路停车场,新昌县,70,29,2023-11-12 21:49:18
XC2020005,智慧家园停车场,新昌县,500,479,2023-11-12 21:44:58
XC2020023,城西小学停车场,新昌县,315,111,2023-11-12 21:44:55
XC2020007,鼓山公园停车场,新昌县,998,212,2023-11-12 21:44:54
XC2020010,南明路立体停车场,新昌县,100,59,2023-11-12 21:44:39
XC2020022,大佛寺文化旅游区停车场,新昌县,290,151,2023-11-12 21:44:34
XC2020003,服务大楼停车场,新昌县,200,123,2023-11-12 21:44:33
XC2020002,演溪路停车场,新昌县,70,29,2023-11-12 21:44:18
XC2020005,智慧家园停车场,新昌县,500,479,2023-11-12 21:39:58
XC2020023,城西小学停车场,新昌县,315,112,2023-11-12 21:39:55
XC2020007,鼓山公园停车场,新昌县,998,212,2023-11-12 21:39:54
XC2020010,南明路立体停车场,新昌县,100,58,2023-11-12 21:39:39
XC2020022,大佛寺文化旅游区停车场,新昌县,290,150,2023-11-12 21:39:34
XC2020003,服务大楼停车场,新昌县,200,122,2023-11-12 21:39:33
XC2020002,演溪路停车场,新昌县,70,29,2023-11-12 21:39:18
XC2020005,智慧家园停车场,新昌县,500,479,2023-11-12 21:34:58
XC2020023,城西小学停车场,新昌县,315,112,2023-11-12 21:34:55
XC2020007,鼓山公园停车场,新昌县,998,213,2023-11-12 21:34:54
XC2020010,南明路立体停车场,新昌县,100,56,2023-11-12 21:34:39
XC2020022,大佛寺文化旅游区停车场,新昌县,290,150,2023-11-12 21:34:34
XC2020003,服务大楼停车场,新昌县,200,123,2023-11-12 21:34:33
XC2020002,演溪路停车场,新昌县,70,28,2023-11-12 21:34:18
XC2020005,智慧家园停车场,新昌县,500,478,2023-11-12 21:29:58
XC2020023,城西小学停车场,新昌县,315,112,2023-11-12 21:29:55
XC2020007,鼓山公园停车场,新昌县,998,212,2023-11-12 21:29:54
XC2020010,南明路立体停车场,新昌县,100,55,2023-11-12 21:29:39
XC2020022,大佛寺文化旅游区停车场,新昌县,290,150,2023-11-12 21:29:34
XC2020003,服务大楼停车场,新昌县,200,123,2023-11-12 21:29:33
XC2020002,演溪路停车场,新昌县,70,29,2023-11-12 21:29:18
XC2020005,智慧家园停车场,新昌县,500,478,2023-11-12 21:24:58
XC2020023,城西小学停车场,新昌县,315,111,2023-11-12 21:24:55
XC2020007,鼓山公园停车场,新昌县,998,211,2023-11-12 21:24:54
XC2020010,南明路立体停车场,新昌县,100,55,2023-11-12 21:24:39
XC2020022,大佛寺文化旅游区停车场,新昌县,290,150,2023-11-12 21:24:34
XC2020003,服务大楼停车场,新昌县,200,122,2023-11-12 21:24:33
XC2020002,演溪路停车场,新昌县,70,30,2023-11-12 21:24:18
XC2020005,智慧家园停车场,新昌县,500,478,2023-11-12 21:19:58
XC2020023,城西小学停车场,新昌县,315,110,2023-11-12 21:19:55
XC2020007,鼓山公园停车场,新昌县,998,209,2023-11-12 21:19:54
XC2020010,南明路立体停车场,新昌县,100,55,2023-11-12 21:19:39
XC2020022,大佛寺文化旅游区停车场,新昌县,290,150,2023-11-12 21:19:34
XC2020003,服务大楼停车场,新昌县,200,122,2023-11-12 21:19:33
XC2020002,演溪路停车场,新昌县,70,28,2023-11-12 21:19:18
XC2020005,智慧家园停车场,新昌县,500,478,2023-11-12 21:14:58
XC2020023,城西小学停车场,新昌县,315,108,2023-11-12 21:14:55
XC2020007,鼓山公园停车场,新昌县,998,209,2023-11-12 21:14:54
XC2020010,南明路立体停车场,新昌县,100,55,2023-11-12 21:14:39
XC2020022,大佛寺文化旅游区停车场,新昌县,290,150,2023-11-12 21:14:34
XC2020003,服务大楼停车场,新昌县,200,120,2023-11-12 21:14:33
XC2020002,演溪路停车场,新昌县,70,27,2023-11-12 21:14:18
XC2020005,智慧家园停车场,新昌县,500,476,2023-11-12 21:09:58
XC2020023,城西小学停车场,新昌县,315,106,2023-11-12 21:09:55
XC2020007,鼓山公园停车场,新昌县,998,206,2023-11-12 21:09:54
XC2020010,南明路立体停车场,新昌县,100,56,2023-11-12 21:09:39
XC2020022,大佛寺文化旅游区停车场,新昌县,290,150,2023-11-12 21:09:34
XC2020003,服务大楼停车场,新昌县,200,120,2023-11-12 21:09:33
XC2020002,演溪路停车场,新昌县,70,28,2023-11-12 21:09:18
XC2020005,智慧家园停车场,新昌县,500,476,2023-11-12 21:04:58
XC2020023,城西小学停车场,新昌县,315,106,2023-11-12 21:04:55
XC2020007,鼓山公园停车场,新昌县,998,202,2023-11-12 21:04:54
XC2020010,南明路立体停车场,新昌县,100,56,2023-11-12 21:04:39
XC2020022,大佛寺文化旅游区停车场,新昌县,290,150,2023-11-12 21:04:34
XC2020003,服务大楼停车场,新昌县,200,119,2023-11-12 21:04:33
XC2020002,演溪路停车场,新昌县,70,28,2023-11-12 21:04:18
XC2020005,智慧家园停车场,新昌县,500,476,2023-11-12 20:59:58
XC2020023,城西小学停车场,新昌县,315,101,2023-11-12 20:59:55
XC2020007,鼓山公园停车场,新昌县,998,201,2023-11-12 20:59:54
XC2020010,南明路立体停车场,新昌县,100,56,2023-11-12 20:59:39
XC2020022,大佛寺文化旅游区停车场,新昌县,290,150,2023-11-12 20:59:34
XC2020003,服务大楼停车场,新昌县,200,119,2023-11-12 20:59:33
XC2020002,演溪路停车场,新昌县,70,28,2023-11-12 20:59:18
XC2020005,智慧家园停车场,新昌县,500,477,2023-11-12 20:54:58
XC2020023,城西小学停车场,新昌县,315,101,2023-11-12 20:54:55
XC2020007,鼓山公园停车场,新昌县,998,199,2023-11-12 20:54:54
XC2020010,南明路立体停车场,新昌县,100,56,2023-11-12 20:54:39
XC2020022,大佛寺文化旅游区停车场,新昌县,290,150,2023-11-12 20:54:34
XC2020003,服务大楼停车场,新昌县,200,120,2023-11-12 20:54:33
XC2020002,演溪路停车场,新昌县,70,27,2023-11-12 20:54:18
XC2020005,智慧家园停车场,新昌县,500,477,2023-11-12 20:49:58
XC2020023,城西小学停车场,新昌县,315,100,2023-11-12 20:49:55
XC2020007,鼓山公园停车场,新昌县,998,198,2023-11-12 20:49:54
XC2020010,南明路立体停车场,新昌县,100,56,2023-11-12 20:49:39
XC2020022,大佛寺文化旅游区停车场,新昌县,290,149,2023-11-12 20:49:34
XC2020003,服务大楼停车场,新昌县,200,119,2023-11-12 20:49:33
XC2020002,演溪路停车场,新昌县,70,28,2023-11-12 20:49:18
XC2020005,智慧家园停车场,新昌县,500,478,2023-11-12 20:44:58
XC2020023,城西小学停车场,新昌县,315,100,2023-11-12 20:44:55
XC2020007,鼓山公园停车场,新昌县,998,197,2023-11-12 20:44:54
XC2020010,南明路立体停车场,新昌县,100,56,2023-11-12 20:44:39
XC2020022,大佛寺文化旅游区停车场,新昌县,290,149,2023-11-12 20:44:34
XC2020003,服务大楼停车场,新昌县,200,119,2023-11-12 20:44:33
XC2020002,演溪路停车场,新昌县,70,27,2023-11-12 20:44:18
XC2020005,智慧家园停车场,新昌县,500,480,2023-11-12 20:39:58
XC2020023,城西小学停车场,新昌县,315,101,2023-11-12 20:39:55
XC2020007,鼓山公园停车场,新昌县,998,188,2023-11-12 20:39:54
XC2020010,南明路立体停车场,新昌县,100,57,2023-11-12 20:39:39
XC2020022,大佛寺文化旅游区停车场,新昌县,290,147,2023-11-12 20:39:34
XC2020003,服务大楼停车场,新昌县,200,120,2023-11-12 20:39:33
XC2020002,演溪路停车场,新昌县,70,26,2023-11-12 20:39:18
XC2020005,智慧家园停车场,新昌县,500,480,2023-11-12 20:34:58
XC2020023,城西小学停车场,新昌县,315,104,2023-11-12 20:34:55
XC2020007,鼓山公园停车场,新昌县,998,188,2023-11-12 20:34:54
XC2020010,南明路立体停车场,新昌县,100,57,2023-11-12 20:34:39
XC2020022,大佛寺文化旅游区停车场,新昌县,290,146,2023-11-12 20:34:34
XC2020003,服务大楼停车场,新昌县,200,119,2023-11-12 20:34:33
XC2020002,演溪路停车场,新昌县,70,27,2023-11-12 20:34:18
XC2020005,智慧家园停车场,新昌县,500,480,2023-11-12 20:29:58
XC2020023,城西小学停车场,新昌县,315,105,2023-11-12 20:29:55
XC2020007,鼓山公园停车场,新昌县,998,182,2023-11-12 20:29:54
XC2020010,南明路立体停车场,新昌县,100,57,2023-11-12 20:29:39
XC2020022,大佛寺文化旅游区停车场,新昌县,290,146,2023-11-12 20:29:34
XC2020003,服务大楼停车场,新昌县,200,119,2023-11-12 20:29:33
XC2020002,演溪路停车场,新昌县,70,28,2023-11-12 20:29:18
XC2020005,智慧家园停车场,新昌县,500,481,2023-11-12 20:24:58
XC2020023,城西小学停车场,新昌县,315,105,2023-11-12 20:24:55
XC2020007,鼓山公园停车场,新昌县,998,178,2023-11-12 20:24:54
XC2020010,南明路立体停车场,新昌县,100,57,2023-11-12 20:24:39
XC2020022,大佛寺文化旅游区停车场,新昌县,290,143,2023-11-12 20:24:34
XC2020003,服务大楼停车场,新昌县,200,120,2023-11-12 20:24:33
XC2020002,演溪路停车场,新昌县,70,28,2023-11-12 20:24:18
XC2020005,智慧家园停车场,新昌县,500,481,2023-11-12 20:19:58
XC2020023,城西小学停车场,新昌县,315,105,2023-11-12 20:19:55
XC2020007,鼓山公园停车场,新昌县,998,175,2023-11-12 20:19:54
XC2020010,南明路立体停车场,新昌县,100,57,2023-11-12 20:19:39
XC2020022,大佛寺文化旅游区停车场,新昌县,290,141,2023-11-12 20:19:34
XC2020003,服务大楼停车场,新昌县,200,121,2023-11-12 20:19:33
XC2020002,演溪路停车场,新昌县,70,26,2023-11-12 20:19:18
XC2020005,智慧家园停车场,新昌县,500,480,2023-11-12 20:14:58
XC2020023,城西小学停车场,新昌县,315,104,2023-11-12 20:14:55
XC2020007,鼓山公园停车场,新昌县,998,174,2023-11-12 20:14:54
XC2020010,南明路立体停车场,新昌县,100,57,2023-11-12 20:14:39
XC2020022,大佛寺文化旅游区停车场,新昌县,290,142,2023-11-12 20:14:34
XC2020003,服务大楼停车场,新昌县,200,120,2023-11-12 20:14:33
XC2020002,演溪路停车场,新昌县,70,27,2023-11-12 20:14:18
XC2020005,智慧家园停车场,新昌县,500,480,2023-11-12 20:09:58
XC2020023,城西小学停车场,新昌县,315,105,2023-11-12 20:09:55
XC2020007,鼓山公园停车场,新昌县,998,166,2023-11-12 20:09:54
XC2020010,南明路立体停车场,新昌县,100,56,2023-11-12 20:09:39
XC2020022,大佛寺文化旅游区停车场,新昌县,290,142,2023-11-12 20:09:34
XC2020003,服务大楼停车场,新昌县,200,123,2023-11-12 20:09:33
XC2020002,演溪路停车场,新昌县,70,25,2023-11-12 20:09:18
XC2020005,智慧家园停车场,新昌县,500,480,2023-11-12 20:04:58
XC2020023,城西小学停车场,新昌县,315,106,2023-11-12 20:04:55
XC2020007,鼓山公园停车场,新昌县,998,162,2023-11-12 20:04:54
XC2020010,南明路立体停车场,新昌县,100,56,2023-11-12 20:04:39
XC2020022,大佛寺文化旅游区停车场,新昌县,290,143,2023-11-12 20:04:34
XC2020003,服务大楼停车场,新昌县,200,123,2023-11-12 20:04:33
XC2020002,演溪路停车场,新昌县,70,25,2023-11-12 20:04:18
XC2020005,智慧家园停车场,新昌县,500,480,2023-11-12 19:59:58
XC2020023,城西小学停车场,新昌县,315,103,2023-11-12 19:59:55
XC2020007,鼓山公园停车场,新昌县,998,161,2023-11-12 19:59:54
XC2020010,南明路立体停车场,新昌县,100,54,2023-11-12 19:59:39
XC2020022,大佛寺文化旅游区停车场,新昌县,290,143,2023-11-12 19:59:34
XC2020003,服务大楼停车场,新昌县,200,121,2023-11-12 19:59:33
XC2020002,演溪路停车场,新昌县,70,25,2023-11-12 19:59:18
XC2020005,智慧家园停车场,新昌县,500,480,2023-11-12 19:54:58
XC2020023,城西小学停车场,新昌县,315,101,2023-11-12 19:54:55
XC2020007,鼓山公园停车场,新昌县,998,159,2023-11-12 19:54:54
XC2020010,南明路立体停车场,新昌县,100,53,2023-11-12 19:54:39
XC2020022,大佛寺文化旅游区停车场,新昌县,290,141,2023-11-12 19:54:34
XC2020003,服务大楼停车场,新昌县,200,119,2023-11-12 19:54:33
XC2020002,演溪路停车场,新昌县,70,22,2023-11-12 19:54:18
XC2020005,智慧家园停车场,新昌县,500,481,2023-11-12 19:49:58
XC2020023,城西小学停车场,新昌县,315,100,2023-11-12 19:49:55
XC2020007,鼓山公园停车场,新昌县,998,160,2023-11-12 19:49:54
XC2020010,南明路立体停车场,新昌县,100,53,2023-11-12 19:49:39
XC2020022,大佛寺文化旅游区停车场,新昌县,290,138,2023-11-12 19:49:34
XC2020003,服务大楼停车场,新昌县,200,123,2023-11-12 19:49:33
XC2020002,演溪路停车场,新昌县,70,24,2023-11-12 19:49:18
XC2020005,智慧家园停车场,新昌县,500,481,2023-11-12 19:44:58
XC2020023,城西小学停车场,新昌县,315,100,2023-11-12 19:44:55
XC2020007,鼓山公园停车场,新昌县,998,161,2023-11-12 19:44:54
XC2020010,南明路立体停车场,新昌县,100,53,2023-11-12 19:44:39
XC2020022,大佛寺文化旅游区停车场,新昌县,290,134,2023-11-12 19:44:34
XC2020003,服务大楼停车场,新昌县,200,125,2023-11-12 19:44:33
XC2020002,演溪路停车场,新昌县,70,21,2023-11-12 19:44:18
XC2020005,智慧家园停车场,新昌县,500,482,2023-11-12 19:39:58
XC2020023,城西小学停车场,新昌县,315,100,2023-11-12 19:39:55
XC2020007,鼓山公园停车场,新昌县,998,159,2023-11-12 19:39:54
XC2020010,南明路立体停车场,新昌县,100,51,2023-11-12 19:39:39
XC2020022,大佛寺文化旅游区停车场,新昌县,290,135,2023-11-12 19:39:34
XC2020003,服务大楼停车场,新昌县,200,129,2023-11-12 19:39:33
XC2020002,演溪路停车场,新昌县,70,20,2023-11-12 19:39:18
XC2020005,智慧家园停车场,新昌县,500,484,2023-11-12 19:34:58
XC2020023,城西小学停车场,新昌县,315,98,2023-11-12 19:34:55
XC2020007,鼓山公园停车场,新昌县,998,152,2023-11-12 19:34:54
XC2020010,南明路立体停车场,新昌县,100,51,2023-11-12 19:34:39
XC2020022,大佛寺文化旅游区停车场,新昌县,290,134,2023-11-12 19:34:34
XC2020003,服务大楼停车场,新昌县,200,129,2023-11-12 19:34:33
XC2020002,演溪路停车场,新昌县,70,21,2023-11-12 19:34:18
XC2020005,智慧家园停车场,新昌县,500,485,2023-11-12 19:29:58
XC2020023,城西小学停车场,新昌县,315,101,2023-11-12 19:29:55
XC2020007,鼓山公园停车场,新昌县,998,151,2023-11-12 19:29:54
XC2020010,南明路立体停车场,新昌县,100,51,2023-11-12 19:29:39
XC2020022,大佛寺文化旅游区停车场,新昌县,290,131,2023-11-12 19:29:34
XC2020003,服务大楼停车场,新昌县,200,128,2023-11-12 19:29:33
XC2020002,演溪路停车场,新昌县,70,22,2023-11-12 19:29:18
XC2020005,智慧家园停车场,新昌县,500,485,2023-11-12 19:24:58
XC2020023,城西小学停车场,新昌县,315,102,2023-11-12 19:24:55
XC2020007,鼓山公园停车场,新昌县,998,146,2023-11-12 19:24:54
XC2020010,南明路立体停车场,新昌县,100,51,2023-11-12 19:24:39
XC2020022,大佛寺文化旅游区停车场,新昌县,290,130,2023-11-12 19:24:34
XC2020003,服务大楼停车场,新昌县,200,128,2023-11-12 19:24:33
XC2020002,演溪路停车场,新昌县,70,22,2023-11-12 19:24:18
XC2020005,智慧家园停车场,新昌县,500,484,2023-11-12 19:19:58
XC2020023,城西小学停车场,新昌县,315,105,2023-11-12 19:19:55
XC2020007,鼓山公园停车场,新昌县,998,141,2023-11-12 19:19:54
XC2020010,南明路立体停车场,新昌县,100,50,2023-11-12 19:19:39
XC2020022,大佛寺文化旅游区停车场,新昌县,290,130,2023-11-12 19:19:34
XC2020003,服务大楼停车场,新昌县,200,130,2023-11-12 19:19:33
XC2020002,演溪路停车场,新昌县,70,21,2023-11-12 19:19:18
XC2020005,智慧家园停车场,新昌县,500,483,2023-11-12 19:14:58
XC2020023,城西小学停车场,新昌县,315,105,2023-11-12 19:14:55
XC2020007,鼓山公园停车场,新昌县,998,137,2023-11-12 19:14:54
XC2020010,南明路立体停车场,新昌县,100,50,2023-11-12 19:14:39
XC2020022,大佛寺文化旅游区停车场,新昌县,290,130,2023-11-12 19:14:34
XC2020003,服务大楼停车场,新昌县,200,128,2023-11-12 19:14:33
XC2020002,演溪路停车场,新昌县,70,14,2023-11-12 19:14:18
XC2020005,智慧家园停车场,新昌县,500,483,2023-11-12 19:09:58
XC2020023,城西小学停车场,新昌县,315,106,2023-11-12 19:09:55
XC2020007,鼓山公园停车场,新昌县,998,131,2023-11-12 19:09:54
XC2020010,南明路立体停车场,新昌县,100,49,2023-11-12 19:09:39
XC2020022,大佛寺文化旅游区停车场,新昌县,290,131,2023-11-12 19:09:34
XC2020003,服务大楼停车场,新昌县,200,129,2023-11-12 19:09:33
XC2020002,演溪路停车场,新昌县,70,12,2023-11-12 19:09:18
XC2020005,智慧家园停车场,新昌县,500,484,2023-11-12 19:04:58
XC2020023,城西小学停车场,新昌县,315,105,2023-11-12 19:04:55
XC2020007,鼓山公园停车场,新昌县,998,124,2023-11-12 19:04:54
XC2020010,南明路立体停车场,新昌县,100,49,2023-11-12 19:04:39
XC2020022,大佛寺文化旅游区停车场,新昌县,290,133,2023-11-12 19:04:34
XC2020003,服务大楼停车场,新昌县,200,130,2023-11-12 19:04:33
XC2020002,演溪路停车场,新昌县,70,12,2023-11-12 19:04:18
XC2020005,智慧家园停车场,新昌县,500,484,2023-11-12 18:59:58
XC2020023,城西小学停车场,新昌县,315,106,2023-11-12 18:59:55
XC2020007,鼓山公园停车场,新昌县,998,124,2023-11-12 18:59:54
XC2020010,南明路立体停车场,新昌县,100,49,2023-11-12 18:59:39
XC2020022,大佛寺文化旅游区停车场,新昌县,290,131,2023-11-12 18:59:34
XC2020003,服务大楼停车场,新昌县,200,131,2023-11-12 18:59:33
XC2020002,演溪路停车场,新昌县,70,15,2023-11-12 18:59:18
XC2020005,智慧家园停车场,新昌县,500,483,2023-11-12 18:54:58
XC2020023,城西小学停车场,新昌县,315,110,2023-11-12 18:54:55
XC2020007,鼓山公园停车场,新昌县,998,117,2023-11-12 18:54:54
XC2020010,南明路立体停车场,新昌县,100,47,2023-11-12 18:54:39
XC2020022,大佛寺文化旅游区停车场,新昌县,290,132,2023-11-12 18:54:34
XC2020003,服务大楼停车场,新昌县,200,129,2023-11-12 18:54:33
XC2020002,演溪路停车场,新昌县,70,11,2023-11-12 18:54:18
XC2020005,智慧家园停车场,新昌县,500,485,2023-11-12 18:49:58
XC2020023,城西小学停车场,新昌县,315,115,2023-11-12 18:49:55
XC2020007,鼓山公园停车场,新昌县,998,115,2023-11-12 18:49:54
XC2020010,南明路立体停车场,新昌县,100,47,2023-11-12 18:49:39
XC2020022,大佛寺文化旅游区停车场,新昌县,290,133,2023-11-12 18:49:34
XC2020003,服务大楼停车场,新昌县,200,130,2023-11-12 18:49:33
XC2020002,演溪路停车场,新昌县,70,10,2023-11-12 18:49:18
XC2020005,智慧家园停车场,新昌县,500,486,2023-11-12 18:44:58
XC2020023,城西小学停车场,新昌县,315,113,2023-11-12 18:44:55
XC2020007,鼓山公园停车场,新昌县,998,115,2023-11-12 18:44:54
XC2020010,南明路立体停车场,新昌县,100,48,2023-11-12 18:44:39
XC2020022,大佛寺文化旅游区停车场,新昌县,290,133,2023-11-12 18:44:34
XC2020003,服务大楼停车场,新昌县,200,131,2023-11-12 18:44:33
XC2020002,演溪路停车场,新昌县,70,11,2023-11-12 18:44:18
XC2020005,智慧家园停车场,新昌县,500,488,2023-11-12 18:39:58
XC2020023,城西小学停车场,新昌县,315,116,2023-11-12 18:39:55
XC2020007,鼓山公园停车场,新昌县,998,113,2023-11-12 18:39:54
XC2020010,南明路立体停车场,新昌县,100,46,2023-11-12 18:39:39
XC2020022,大佛寺文化旅游区停车场,新昌县,290,134,2023-11-12 18:39:34
XC2020003,服务大楼停车场,新昌县,200,133,2023-11-12 18:39:33
XC2020002,演溪路停车场,新昌县,70,8,2023-11-12 18:39:18
XC2020005,智慧家园停车场,新昌县,500,487,2023-11-12 18:34:58
XC2020023,城西小学停车场,新昌县,315,118,2023-11-12 18:34:55
XC2020007,鼓山公园停车场,新昌县,998,116,2023-11-12 18:34:54
XC2020010,南明路立体停车场,新昌县,100,46,2023-11-12 18:34:39
XC2020022,大佛寺文化旅游区停车场,新昌县,290,136,2023-11-12 18:34:34
XC2020003,服务大楼停车场,新昌县,200,131,2023-11-12 18:34:33
XC2020002,演溪路停车场,新昌县,70,12,2023-11-12 18:34:18
XC2020005,智慧家园停车场,新昌县,500,489,2023-11-12 18:29:58
XC2020023,城西小学停车场,新昌县,315,120,2023-11-12 18:29:55
XC2020007,鼓山公园停车场,新昌县,998,116,2023-11-12 18:29:54
XC2020010,南明路立体停车场,新昌县,100,46,2023-11-12 18:29:39
XC2020022,大佛寺文化旅游区停车场,新昌县,290,138,2023-11-12 18:29:34
XC2020003,服务大楼停车场,新昌县,200,131,2023-11-12 18:29:33
XC2020002,演溪路停车场,新昌县,70,10,2023-11-12 18:29:18
XC2020005,智慧家园停车场,新昌县,500,488,2023-11-12 18:24:58
XC2020023,城西小学停车场,新昌县,315,123,2023-11-12 18:24:55
XC2020007,鼓山公园停车场,新昌县,998,114,2023-11-12 18:24:54
XC2020010,南明路立体停车场,新昌县,100,45,2023-11-12 18:24:39
XC2020022,大佛寺文化旅游区停车场,新昌县,290,137,2023-11-12 18:24:34
XC2020003,服务大楼停车场,新昌县,200,131,2023-11-12 18:24:33
XC2020002,演溪路停车场,新昌县,70,11,2023-11-12 18:24:18
XC2020005,智慧家园停车场,新昌县,500,487,2023-11-12 18:19:58
XC2020023,城西小学停车场,新昌县,315,126,2023-11-12 18:19:55
XC2020007,鼓山公园停车场,新昌县,998,112,2023-11-12 18:19:54
XC2020010,南明路立体停车场,新昌县,100,44,2023-11-12 18:19:39
XC2020022,大佛寺文化旅游区停车场,新昌县,290,137,2023-11-12 18:19:34
XC2020003,服务大楼停车场,新昌县,200,132,2023-11-12 18:19:33
XC2020002,演溪路停车场,新昌县,70,12,2023-11-12 18:19:18
XC2020005,智慧家园停车场,新昌县,500,488,2023-11-12 18:14:58
XC2020023,城西小学停车场,新昌县,315,130,2023-11-12 18:14:55
XC2020007,鼓山公园停车场,新昌县,998,107,2023-11-12 18:14:54
XC2020010,南明路立体停车场,新昌县,100,44,2023-11-12 18:14:39
XC2020022,大佛寺文化旅游区停车场,新昌县,290,139,2023-11-12 18:14:34
XC2020003,服务大楼停车场,新昌县,200,130,2023-11-12 18:14:33
XC2020002,演溪路停车场,新昌县,70,13,2023-11-12 18:14:18
XC2020005,智慧家园停车场,新昌县,500,489,2023-11-12 18:09:58
XC2020023,城西小学停车场,新昌县,315,133,2023-11-12 18:09:55
XC2020007,鼓山公园停车场,新昌县,998,111,2023-11-12 18:09:54
XC2020010,南明路立体停车场,新昌县,100,44,2023-11-12 18:09:39
XC2020022,大佛寺文化旅游区停车场,新昌县,290,139,2023-11-12 18:09:34
XC2020003,服务大楼停车场,新昌县,200,131,2023-11-12 18:09:33
XC2020002,演溪路停车场,新昌县,70,12,2023-11-12 18:09:18
XC2020005,智慧家园停车场,新昌县,500,489,2023-11-12 18:04:58
XC2020023,城西小学停车场,新昌县,315,136,2023-11-12 18:04:55
XC2020007,鼓山公园停车场,新昌县,998,112,2023-11-12 18:04:54
XC2020010,南明路立体停车场,新昌县,100,44,2023-11-12 18:04:39
XC2020022,大佛寺文化旅游区停车场,新昌县,290,140,2023-11-12 18:04:34
XC2020003,服务大楼停车场,新昌县,200,127,2023-11-12 18:04:33
XC2020002,演溪路停车场,新昌县,70,14,2023-11-12 18:04:18
XC2020005,智慧家园停车场,新昌县,500,489,2023-11-12 17:59:58
XC2020023,城西小学停车场,新昌县,315,138,2023-11-12 17:59:55
XC2020007,鼓山公园停车场,新昌县,998,115,2023-11-12 17:59:54
XC2020010,南明路立体停车场,新昌县,100,44,2023-11-12 17:59:39
XC2020022,大佛寺文化旅游区停车场,新昌县,290,142,2023-11-12 17:59:34
XC2020003,服务大楼停车场,新昌县,200,130,2023-11-12 17:59:33
XC2020002,演溪路停车场,新昌县,70,14,2023-11-12 17:59:18
XC2020005,智慧家园停车场,新昌县,500,488,2023-11-12 17:54:58
XC2020023,城西小学停车场,新昌县,315,138,2023-11-12 17:54:55
XC2020007,鼓山公园停车场,新昌县,998,115,2023-11-12 17:54:54
XC2020010,南明路立体停车场,新昌县,100,43,2023-11-12 17:54:39
XC2020022,大佛寺文化旅游区停车场,新昌县,290,142,2023-11-12 17:54:34
XC2020003,服务大楼停车场,新昌县,200,130,2023-11-12 17:54:33
XC2020002,演溪路停车场,新昌县,70,15,2023-11-12 17:54:18
XC2020005,智慧家园停车场,新昌县,500,490,2023-11-12 17:49:58
XC2020023,城西小学停车场,新昌县,315,139,2023-11-12 17:49:55
XC2020007,鼓山公园停车场,新昌县,998,115,2023-11-12 17:49:54
XC2020010,南明路立体停车场,新昌县,100,45,2023-11-12 17:49:39
XC2020022,大佛寺文化旅游区停车场,新昌县,290,144,2023-11-12 17:49:34
XC2020003,服务大楼停车场,新昌县,200,131,2023-11-12 17:49:33
XC2020002,演溪路停车场,新昌县,70,18,2023-11-12 17:49:18
XC2020005,智慧家园停车场,新昌县,500,490,2023-11-12 17:44:58
XC2020023,城西小学停车场,新昌县,315,140,2023-11-12 17:44:55
XC2020007,鼓山公园停车场,新昌县,998,119,2023-11-12 17:44:54
XC2020010,南明路立体停车场,新昌县,100,46,2023-11-12 17:44:39
XC2020022,大佛寺文化旅游区停车场,新昌县,290,143,2023-11-12 17:44:34
XC2020003,服务大楼停车场,新昌县,200,132,2023-11-12 17:44:33
XC2020002,演溪路停车场,新昌县,70,19,2023-11-12 17:44:18
XC2020005,智慧家园停车场,新昌县,500,490,2023-11-12 17:39:58
XC2020023,城西小学停车场,新昌县,315,141,2023-11-12 17:39:55
XC2020007,鼓山公园停车场,新昌县,998,129,2023-11-12 17:39:54
XC2020010,南明路立体停车场,新昌县,100,45,2023-11-12 17:39:39
XC2020022,大佛寺文化旅游区停车场,新昌县,290,146,2023-11-12 17:39:34
XC2020003,服务大楼停车场,新昌县,200,132,2023-11-12 17:39:33
XC2020002,演溪路停车场,新昌县,70,19,2023-11-12 17:39:18
XC2020005,智慧家园停车场,新昌县,500,490,2023-11-12 17:34:58
XC2020023,城西小学停车场,新昌县,315,141,2023-11-12 17:34:55
XC2020007,鼓山公园停车场,新昌县,998,127,2023-11-12 17:34:54
XC2020010,南明路立体停车场,新昌县,100,46,2023-11-12 17:34:39
XC2020022,大佛寺文化旅游区停车场,新昌县,290,145,2023-11-12 17:34:34
XC2020003,服务大楼停车场,新昌县,200,132,2023-11-12 17:34:33
XC2020002,演溪路停车场,新昌县,70,19,2023-11-12 17:34:18
XC2020005,智慧家园停车场,新昌县,500,490,2023-11-12 17:29:58
XC2020023,城西小学停车场,新昌县,315,142,2023-11-12 17:29:55
XC2020007,鼓山公园停车场,新昌县,998,126,2023-11-12 17:29:54
XC2020010,南明路立体停车场,新昌县,100,47,2023-11-12 17:29:39
XC2020022,大佛寺文化旅游区停车场,新昌县,290,148,2023-11-12 17:29:34
XC2020003,服务大楼停车场,新昌县,200,133,2023-11-12 17:29:33
XC2020002,演溪路停车场,新昌县,70,21,2023-11-12 17:29:18
XC2020005,智慧家园停车场,新昌县,500,491,2023-11-12 17:24:58
XC2020023,城西小学停车场,新昌县,315,139,2023-11-12 17:24:55
XC2020007,鼓山公园停车场,新昌县,998,132,2023-11-12 17:24:54
XC2020010,南明路立体停车场,新昌县,100,46,2023-11-12 17:24:39
XC2020022,大佛寺文化旅游区停车场,新昌县,290,150,2023-11-12 17:24:34
XC2020003,服务大楼停车场,新昌县,200,132,2023-11-12 17:24:33
XC2020002,演溪路停车场,新昌县,70,25,2023-11-12 17:24:18
XC2020005,智慧家园停车场,新昌县,500,491,2023-11-12 17:19:58
XC2020023,城西小学停车场,新昌县,315,138,2023-11-12 17:19:55
XC2020007,鼓山公园停车场,新昌县,998,139,2023-11-12 17:19:54
XC2020010,南明路立体停车场,新昌县,100,47,2023-11-12 17:19:39
XC2020022,大佛寺文化旅游区停车场,新昌县,290,148,2023-11-12 17:19:34
XC2020003,服务大楼停车场,新昌县,200,131,2023-11-12 17:19:33
XC2020002,演溪路停车场,新昌县,70,28,2023-11-12 17:19:18
XC2020005,智慧家园停车场,新昌县,500,491,2023-11-12 17:14:58
XC2020023,城西小学停车场,新昌县,315,138,2023-11-12 17:14:55
XC2020007,鼓山公园停车场,新昌县,998,151,2023-11-12 17:14:54
XC2020010,南明路立体停车场,新昌县,100,48,2023-11-12 17:14:39
XC2020022,大佛寺文化旅游区停车场,新昌县,290,148,2023-11-12 17:14:34
XC2020003,服务大楼停车场,新昌县,200,135,2023-11-12 17:14:33
XC2020002,演溪路停车场,新昌县,70,31,2023-11-12 17:14:18
XC2020005,智慧家园停车场,新昌县,500,493,2023-11-12 17:09:58
XC2020023,城西小学停车场,新昌县,315,137,2023-11-12 17:09:55
XC2020007,鼓山公园停车场,新昌县,998,163,2023-11-12 17:09:54
XC2020010,南明路立体停车场,新昌县,100,52,2023-11-12 17:09:39
XC2020022,大佛寺文化旅游区停车场,新昌县,290,146,2023-11-12 17:09:34
XC2020003,服务大楼停车场,新昌县,200,136,2023-11-12 17:09:33
XC2020002,演溪路停车场,新昌县,70,31,2023-11-12 17:09:18
XC2020005,智慧家园停车场,新昌县,500,495,2023-11-12 17:04:58
XC2020023,城西小学停车场,新昌县,315,136,2023-11-12 17:04:55
XC2020007,鼓山公园停车场,新昌县,998,150,2023-11-12 17:04:54
XC2020010,南明路立体停车场,新昌县,100,52,2023-11-12 17:04:39
XC2020022,大佛寺文化旅游区停车场,新昌县,290,147,2023-11-12 17:04:34
XC2020003,服务大楼停车场,新昌县,200,135,2023-11-12 17:04:33
XC2020002,演溪路停车场,新昌县,70,35,2023-11-12 17:04:18
XC2020005,智慧家园停车场,新昌县,500,494,2023-11-12 16:59:58
XC2020023,城西小学停车场,新昌县,315,134,2023-11-12 16:59:55
XC2020007,鼓山公园停车场,新昌县,998,153,2023-11-12 16:59:54
XC2020010,南明路立体停车场,新昌县,100,51,2023-11-12 16:59:39
XC2020022,大佛寺文化旅游区停车场,新昌县,290,149,2023-11-12 16:59:34
XC2020003,服务大楼停车场,新昌县,200,139,2023-11-12 16:59:33
XC2020002,演溪路停车场,新昌县,70,31,2023-11-12 16:59:18
XC2020005,智慧家园停车场,新昌县,500,495,2023-11-12 16:54:58
XC2020023,城西小学停车场,新昌县,315,135,2023-11-12 16:54:55
XC2020007,鼓山公园停车场,新昌县,998,160,2023-11-12 16:54:54
XC2020010,南明路立体停车场,新昌县,100,50,2023-11-12 16:54:39
XC2020022,大佛寺文化旅游区停车场,新昌县,290,148,2023-11-12 16:54:34
XC2020003,服务大楼停车场,新昌县,200,141,2023-11-12 16:54:33
XC2020002,演溪路停车场,新昌县,70,31,2023-11-12 16:54:18
XC2020005,智慧家园停车场,新昌县,500,495,2023-11-12 16:49:58
XC2020023,城西小学停车场,新昌县,315,131,2023-11-12 16:49:55
XC2020007,鼓山公园停车场,新昌县,998,166,2023-11-12 16:49:54
XC2020010,南明路立体停车场,新昌县,100,52,2023-11-12 16:49:39
XC2020022,大佛寺文化旅游区停车场,新昌县,290,145,2023-11-12 16:49:34
XC2020003,服务大楼停车场,新昌县,200,142,2023-11-12 16:49:33
XC2020002,演溪路停车场,新昌县,70,36,2023-11-12 16:49:18
XC2020005,智慧家园停车场,新昌县,500,496,2023-11-12 16:44:58
XC2020023,城西小学停车场,新昌县,315,131,2023-11-12 16:44:55
XC2020007,鼓山公园停车场,新昌县,998,164,2023-11-12 16:44:54
XC2020010,南明路立体停车场,新昌县,100,53,2023-11-12 16:44:39
XC2020022,大佛寺文化旅游区停车场,新昌县,290,142,2023-11-12 16:44:34
XC2020003,服务大楼停车场,新昌县,200,144,2023-11-12 16:44:33
XC2020002,演溪路停车场,新昌县,70,38,2023-11-12 16:44:18
XC2020005,智慧家园停车场,新昌县,500,497,2023-11-12 16:39:58
XC2020023,城西小学停车场,新昌县,315,129,2023-11-12 16:39:55
XC2020007,鼓山公园停车场,新昌县,998,168,2023-11-12 16:39:54
XC2020010,南明路立体停车场,新昌县,100,53,2023-11-12 16:39:39
XC2020022,大佛寺文化旅游区停车场,新昌县,290,142,2023-11-12 16:39:34
XC2020003,服务大楼停车场,新昌县,200,144,2023-11-12 16:39:33
XC2020002,演溪路停车场,新昌县,70,39,2023-11-12 16:39:18
XC2020005,智慧家园停车场,新昌县,500,498,2023-11-12 16:34:58
XC2020023,城西小学停车场,新昌县,315,121,2023-11-12 16:34:55
XC2020007,鼓山公园停车场,新昌县,998,168,2023-11-12 16:34:54
XC2020010,南明路立体停车场,新昌县,100,53,2023-11-12 16:34:39
XC2020022,大佛寺文化旅游区停车场,新昌县,290,141,2023-11-12 16:34:34
XC2020003,服务大楼停车场,新昌县,200,142,2023-11-12 16:34:33
XC2020002,演溪路停车场,新昌县,70,38,2023-11-12 16:34:18
XC2020005,智慧家园停车场,新昌县,500,497,2023-11-12 16:29:58
XC2020023,城西小学停车场,新昌县,315,121,2023-11-12 16:29:55
XC2020007,鼓山公园停车场,新昌县,998,165,2023-11-12 16:29:54
XC2020010,南明路立体停车场,新昌县,100,54,2023-11-12 16:29:39
XC2020022,大佛寺文化旅游区停车场,新昌县,290,156,2023-11-12 16:29:34
XC2020003,服务大楼停车场,新昌县,200,145,2023-11-12 16:29:33
XC2020002,演溪路停车场,新昌县,70,37,2023-11-12 16:29:18
XC2020005,智慧家园停车场,新昌县,500,497,2023-11-12 16:24:58
XC2020023,城西小学停车场,新昌县,315,122,2023-11-12 16:24:55
XC2020007,鼓山公园停车场,新昌县,998,158,2023-11-12 16:24:54
XC2020010,南明路立体停车场,新昌县,100,54,2023-11-12 16:24:39
XC2020022,大佛寺文化旅游区停车场,新昌县,290,150,2023-11-12 16:24:34
XC2020003,服务大楼停车场,新昌县,200,146,2023-11-12 16:24:33
XC2020002,演溪路停车场,新昌县,70,35,2023-11-12 16:24:18
XC2020005,智慧家园停车场,新昌县,500,497,2023-11-12 16:19:58
XC2020023,城西小学停车场,新昌县,315,122,2023-11-12 16:19:55
XC2020007,鼓山公园停车场,新昌县,998,156,2023-11-12 16:19:54
XC2020010,南明路立体停车场,新昌县,100,54,2023-11-12 16:19:39
XC2020022,大佛寺文化旅游区停车场,新昌县,290,147,2023-11-12 16:19:34
XC2020003,服务大楼停车场,新昌县,200,146,2023-11-12 16:19:33
XC2020002,演溪路停车场,新昌县,70,36,2023-11-12 16:19:18
XC2020005,智慧家园停车场,新昌县,500,497,2023-11-12 16:14:58
XC2020023,城西小学停车场,新昌县,315,123,2023-11-12 16:14:55
XC2020007,鼓山公园停车场,新昌县,998,152,2023-11-12 16:14:54
XC2020010,南明路立体停车场,新昌县,100,53,2023-11-12 16:14:39
XC2020022,大佛寺文化旅游区停车场,新昌县,290,143,2023-11-12 16:14:34
XC2020003,服务大楼停车场,新昌县,200,146,2023-11-12 16:14:33
XC2020002,演溪路停车场,新昌县,70,33,2023-11-12 16:14:18
XC2020005,智慧家园停车场,新昌县,500,496,2023-11-12 16:09:58
XC2020023,城西小学停车场,新昌县,315,119,2023-11-12 16:09:55
XC2020007,鼓山公园停车场,新昌县,998,150,2023-11-12 16:09:54
XC2020010,南明路立体停车场,新昌县,100,55,2023-11-12 16:09:39
XC2020022,大佛寺文化旅游区停车场,新昌县,290,142,2023-11-12 16:09:34
XC2020003,服务大楼停车场,新昌县,200,145,2023-11-12 16:09:33
XC2020002,演溪路停车场,新昌县,70,33,2023-11-12 16:09:18
XC2020005,智慧家园停车场,新昌县,500,496,2023-11-12 16:04:58
XC2020023,城西小学停车场,新昌县,315,116,2023-11-12 16:04:55
XC2020007,鼓山公园停车场,新昌县,998,145,2023-11-12 16:04:54
XC2020010,南明路立体停车场,新昌县,100,52,2023-11-12 16:04:39
XC2020022,大佛寺文化旅游区停车场,新昌县,290,141,2023-11-12 16:04:34
XC2020003,服务大楼停车场,新昌县,200,145,2023-11-12 16:04:33
XC2020002,演溪路停车场,新昌县,70,34,2023-11-12 16:04:18
XC2020005,智慧家园停车场,新昌县,500,497,2023-11-12 15:59:58
XC2020023,城西小学停车场,新昌县,315,115,2023-11-12 15:59:55
XC2020007,鼓山公园停车场,新昌县,998,131,2023-11-12 15:59:54
XC2020010,南明路立体停车场,新昌县,100,52,2023-11-12 15:59:39
XC2020022,大佛寺文化旅游区停车场,新昌县,290,138,2023-11-12 15:59:34
XC2020003,服务大楼停车场,新昌县,200,142,2023-11-12 15:59:33
XC2020002,演溪路停车场,新昌县,70,34,2023-11-12 15:59:18
XC2020005,智慧家园停车场,新昌县,500,495,2023-11-12 15:54:58
XC2020023,城西小学停车场,新昌县,315,115,2023-11-12 15:54:55
XC2020007,鼓山公园停车场,新昌县,998,126,2023-11-12 15:54:54
XC2020010,南明路立体停车场,新昌县,100,53,2023-11-12 15:54:39
XC2020022,大佛寺文化旅游区停车场,新昌县,290,136,2023-11-12 15:54:34
XC2020003,服务大楼停车场,新昌县,200,144,2023-11-12 15:54:33
XC2020002,演溪路停车场,新昌县,70,35,2023-11-12 15:54:18
XC2020005,智慧家园停车场,新昌县,500,494,2023-11-12 15:49:58
XC2020023,城西小学停车场,新昌县,315,113,2023-11-12 15:49:55
XC2020007,鼓山公园停车场,新昌县,998,131,2023-11-12 15:49:54
XC2020010,南明路立体停车场,新昌县,100,53,2023-11-12 15:49:39
XC2020022,大佛寺文化旅游区停车场,新昌县,290,132,2023-11-12 15:49:34
XC2020003,服务大楼停车场,新昌县,200,142,2023-11-12 15:49:33
XC2020002,演溪路停车场,新昌县,70,37,2023-11-12 15:49:18
XC2020005,智慧家园停车场,新昌县,500,494,2023-11-12 15:44:58
XC2020023,城西小学停车场,新昌县,315,112,2023-11-12 15:44:55
XC2020007,鼓山公园停车场,新昌县,998,134,2023-11-12 15:44:54
XC2020010,南明路立体停车场,新昌县,100,53,2023-11-12 15:44:39
XC2020022,大佛寺文化旅游区停车场,新昌县,290,126,2023-11-12 15:44:34
XC2020003,服务大楼停车场,新昌县,200,142,2023-11-12 15:44:33
XC2020002,演溪路停车场,新昌县,70,36,2023-11-12 15:44:18
XC2020005,智慧家园停车场,新昌县,500,495,2023-11-12 15:39:58
XC2020023,城西小学停车场,新昌县,315,111,2023-11-12 15:39:55
XC2020007,鼓山公园停车场,新昌县,998,129,2023-11-12 15:39:54
XC2020010,南明路立体停车场,新昌县,100,52,2023-11-12 15:39:39
XC2020022,大佛寺文化旅游区停车场,新昌县,290,119,2023-11-12 15:39:34
XC2020003,服务大楼停车场,新昌县,200,145,2023-11-12 15:39:33
XC2020002,演溪路停车场,新昌县,70,36,2023-11-12 15:39:18
XC2020005,智慧家园停车场,新昌县,500,495,2023-11-12 15:34:58
XC2020023,城西小学停车场,新昌县,315,113,2023-11-12 15:34:55
XC2020007,鼓山公园停车场,新昌县,998,128,2023-11-12 15:34:54
XC2020010,南明路立体停车场,新昌县,100,52,2023-11-12 15:34:39
XC2020022,大佛寺文化旅游区停车场,新昌县,290,118,2023-11-12 15:34:34
XC2020003,服务大楼停车场,新昌县,200,145,2023-11-12 15:34:33
XC2020002,演溪路停车场,新昌县,70,32,2023-11-12 15:34:18
XC2020005,智慧家园停车场,新昌县,500,495,2023-11-12 15:29:58
XC2020023,城西小学停车场,新昌县,315,111,2023-11-12 15:29:55
XC2020007,鼓山公园停车场,新昌县,998,136,2023-11-12 15:29:54
XC2020010,南明路立体停车场,新昌县,100,54,2023-11-12 15:29:39
XC2020022,大佛寺文化旅游区停车场,新昌县,290,115,2023-11-12 15:29:34
XC2020003,服务大楼停车场,新昌县,200,145,2023-11-12 15:29:33
XC2020002,演溪路停车场,新昌县,70,30,2023-11-12 15:29:18
XC2020005,智慧家园停车场,新昌县,500,494,2023-11-12 15:24:58
XC2020023,城西小学停车场,新昌县,315,113,2023-11-12 15:24:55
XC2020007,鼓山公园停车场,新昌县,998,134,2023-11-12 15:24:54
XC2020010,南明路立体停车场,新昌县,100,55,2023-11-12 15:24:39
XC2020022,大佛寺文化旅游区停车场,新昌县,290,113,2023-11-12 15:24:34
XC2020003,服务大楼停车场,新昌县,200,144,2023-11-12 15:24:33
XC2020002,演溪路停车场,新昌县,70,27,2023-11-12 15:24:18
XC2020005,智慧家园停车场,新昌县,500,494,2023-11-12 15:19:58
XC2020023,城西小学停车场,新昌县,315,115,2023-11-12 15:19:55
XC2020007,鼓山公园停车场,新昌县,998,128,2023-11-12 15:19:54
XC2020010,南明路立体停车场,新昌县,100,54,2023-11-12 15:19:39
XC2020022,大佛寺文化旅游区停车场,新昌县,290,115,2023-11-12 15:19:34
XC2020003,服务大楼停车场,新昌县,200,144,2023-11-12 15:19:33
XC2020002,演溪路停车场,新昌县,70,26,2023-11-12 15:19:18
XC2020005,智慧家园停车场,新昌县,500,495,2023-11-12 15:14:58
XC2020023,城西小学停车场,新昌县,315,113,2023-11-12 15:14:55
XC2020007,鼓山公园停车场,新昌县,998,133,2023-11-12 15:14:54
XC2020010,南明路立体停车场,新昌县,100,54,2023-11-12 15:14:39
XC2020022,大佛寺文化旅游区停车场,新昌县,290,111,2023-11-12 15:14:34
XC2020003,服务大楼停车场,新昌县,200,144,2023-11-12 15:14:33
XC2020002,演溪路停车场,新昌县,70,30,2023-11-12 15:14:18
XC2020005,智慧家园停车场,新昌县,500,495,2023-11-12 15:09:58
XC2020023,城西小学停车场,新昌县,315,115,2023-11-12 15:09:55
XC2020007,鼓山公园停车场,新昌县,998,137,2023-11-12 15:09:54
XC2020010,南明路立体停车场,新昌县,100,54,2023-11-12 15:09:39
XC2020022,大佛寺文化旅游区停车场,新昌县,290,107,2023-11-12 15:09:34
XC2020003,服务大楼停车场,新昌县,200,144,2023-11-12 15:09:33
XC2020002,演溪路停车场,新昌县,70,30,2023-11-12 15:09:18
XC2020005,智慧家园停车场,新昌县,500,495,2023-11-12 15:04:58
XC2020023,城西小学停车场,新昌县,315,115,2023-11-12 15:04:55
XC2020007,鼓山公园停车场,新昌县,998,138,2023-11-12 15:04:54
XC2020010,南明路立体停车场,新昌县,100,55,2023-11-12 15:04:39
XC2020022,大佛寺文化旅游区停车场,新昌县,290,107,2023-11-12 15:04:34
XC2020003,服务大楼停车场,新昌县,200,142,2023-11-12 15:04:33
XC2020002,演溪路停车场,新昌县,70,29,2023-11-12 15:04:18
XC2020005,智慧家园停车场,新昌县,500,495,2023-11-12 14:59:58
XC2020023,城西小学停车场,新昌县,315,112,2023-11-12 14:59:55
XC2020007,鼓山公园停车场,新昌县,998,142,2023-11-12 14:59:54
XC2020010,南明路立体停车场,新昌县,100,56,2023-11-12 14:59:39
XC2020022,大佛寺文化旅游区停车场,新昌县,290,108,2023-11-12 14:59:34
XC2020003,服务大楼停车场,新昌县,200,143,2023-11-12 14:59:33
XC2020002,演溪路停车场,新昌县,70,29,2023-11-12 14:59:18
XC2020005,智慧家园停车场,新昌县,500,494,2023-11-12 14:54:58
XC2020023,城西小学停车场,新昌县,315,114,2023-11-12 14:54:55
XC2020007,鼓山公园停车场,新昌县,998,146,2023-11-12 14:54:54
XC2020010,南明路立体停车场,新昌县,100,56,2023-11-12 14:54:39
XC2020022,大佛寺文化旅游区停车场,新昌县,290,110,2023-11-12 14:54:34
XC2020003,服务大楼停车场,新昌县,200,143,2023-11-12 14:54:33
XC2020002,演溪路停车场,新昌县,70,31,2023-11-12 14:54:18
XC2020005,智慧家园停车场,新昌县,500,494,2023-11-12 14:49:58
XC2020023,城西小学停车场,新昌县,315,117,2023-11-12 14:49:55
XC2020007,鼓山公园停车场,新昌县,998,151,2023-11-12 14:49:54
XC2020010,南明路立体停车场,新昌县,100,55,2023-11-12 14:49:39
XC2020022,大佛寺文化旅游区停车场,新昌县,290,111,2023-11-12 14:49:34
XC2020003,服务大楼停车场,新昌县,200,143,2023-11-12 14:49:33
XC2020002,演溪路停车场,新昌县,70,33,2023-11-12 14:49:18
XC2020005,智慧家园停车场,新昌县,500,494,2023-11-12 14:44:58
XC2020023,城西小学停车场,新昌县,315,115,2023-11-12 14:44:55
XC2020007,鼓山公园停车场,新昌县,998,155,2023-11-12 14:44:54
XC2020010,南明路立体停车场,新昌县,100,56,2023-11-12 14:44:39
XC2020022,大佛寺文化旅游区停车场,新昌县,290,110,2023-11-12 14:44:34
XC2020003,服务大楼停车场,新昌县,200,143,2023-11-12 14:44:33
XC2020002,演溪路停车场,新昌县,70,34,2023-11-12 14:44:18
XC2020005,智慧家园停车场,新昌县,500,494,2023-11-12 14:39:58
XC2020023,城西小学停车场,新昌县,315,114,2023-11-12 14:39:55
XC2020007,鼓山公园停车场,新昌县,998,153,2023-11-12 14:39:54
XC2020010,南明路立体停车场,新昌县,100,56,2023-11-12 14:39:39
XC2020022,大佛寺文化旅游区停车场,新昌县,290,107,2023-11-12 14:39:34
XC2020003,服务大楼停车场,新昌县,200,142,2023-11-12 14:39:33
XC2020002,演溪路停车场,新昌县,70,35,2023-11-12 14:39:18
XC2020005,智慧家园停车场,新昌县,500,494,2023-11-12 14:34:58
XC2020023,城西小学停车场,新昌县,315,111,2023-11-12 14:34:55
XC2020007,鼓山公园停车场,新昌县,998,149,2023-11-12 14:34:54
XC2020010,南明路立体停车场,新昌县,100,56,2023-11-12 14:34:39
XC2020022,大佛寺文化旅游区停车场,新昌县,290,106,2023-11-12 14:34:34
XC2020003,服务大楼停车场,新昌县,200,141,2023-11-12 14:34:33
XC2020002,演溪路停车场,新昌县,70,33,2023-11-12 14:34:18
XC2020005,智慧家园停车场,新昌县,500,494,2023-11-12 14:29:58
XC2020023,城西小学停车场,新昌县,315,113,2023-11-12 14:29:55
XC2020007,鼓山公园停车场,新昌县,998,152,2023-11-12 14:29:54
XC2020010,南明路立体停车场,新昌县,100,56,2023-11-12 14:29:39
XC2020022,大佛寺文化旅游区停车场,新昌县,290,103,2023-11-12 14:29:34
XC2020003,服务大楼停车场,新昌县,200,140,2023-11-12 14:29:33
XC2020002,演溪路停车场,新昌县,70,33,2023-11-12 14:29:18
XC2020005,智慧家园停车场,新昌县,500,493,2023-11-12 14:24:58
XC2020023,城西小学停车场,新昌县,315,111,2023-11-12 14:24:55
XC2020007,鼓山公园停车场,新昌县,998,150,2023-11-12 14:24:54
XC2020010,南明路立体停车场,新昌县,100,56,2023-11-12 14:24:39
XC2020022,大佛寺文化旅游区停车场,新昌县,290,104,2023-11-12 14:24:34
XC2020003,服务大楼停车场,新昌县,200,141,2023-11-12 14:24:33
XC2020002,演溪路停车场,新昌县,70,33,2023-11-12 14:24:18
XC2020005,智慧家园停车场,新昌县,500,492,2023-11-12 14:19:58
XC2020023,城西小学停车场,新昌县,315,110,2023-11-12 14:19:55
XC2020007,鼓山公园停车场,新昌县,998,150,2023-11-12 14:19:54
XC2020010,南明路立体停车场,新昌县,100,57,2023-11-12 14:19:39
XC2020022,大佛寺文化旅游区停车场,新昌县,290,103,2023-11-12 14:19:34
XC2020003,服务大楼停车场,新昌县,200,140,2023-11-12 14:19:33
XC2020002,演溪路停车场,新昌县,70,32,2023-11-12 14:19:18
XC2020005,智慧家园停车场,新昌县,500,491,2023-11-12 14:14:58
XC2020023,城西小学停车场,新昌县,315,112,2023-11-12 14:14:55
XC2020007,鼓山公园停车场,新昌县,998,145,2023-11-12 14:14:54
XC2020010,南明路立体停车场,新昌县,100,58,2023-11-12 14:14:39
XC2020022,大佛寺文化旅游区停车场,新昌县,290,100,2023-11-12 14:14:34
XC2020003,服务大楼停车场,新昌县,200,140,2023-11-12 14:14:33
XC2020002,演溪路停车场,新昌县,70,32,2023-11-12 14:14:18
XC2020005,智慧家园停车场,新昌县,500,492,2023-11-12 14:09:58
XC2020023,城西小学停车场,新昌县,315,114,2023-11-12 14:09:55
XC2020007,鼓山公园停车场,新昌县,998,143,2023-11-12 14:09:54
XC2020010,南明路立体停车场,新昌县,100,58,2023-11-12 14:09:39
XC2020022,大佛寺文化旅游区停车场,新昌县,290,103,2023-11-12 14:09:34
XC2020003,服务大楼停车场,新昌县,200,139,2023-11-12 14:09:33
XC2020002,演溪路停车场,新昌县,70,29,2023-11-12 14:09:18
XC2020005,智慧家园停车场,新昌县,500,492,2023-11-12 14:04:58
XC2020023,城西小学停车场,新昌县,315,114,2023-11-12 14:04:55
XC2020007,鼓山公园停车场,新昌县,998,146,2023-11-12 14:04:54
XC2020010,南明路立体停车场,新昌县,100,59,2023-11-12 14:04:39
XC2020022,大佛寺文化旅游区停车场,新昌县,290,105,2023-11-12 14:04:34
XC2020003,服务大楼停车场,新昌县,200,141,2023-11-12 14:04:33
XC2020002,演溪路停车场,新昌县,70,30,2023-11-12 14:04:18
XC2020005,智慧家园停车场,新昌县,500,491,2023-11-12 13:59:58
XC2020023,城西小学停车场,新昌县,315,116,2023-11-12 13:59:55
XC2020007,鼓山公园停车场,新昌县,998,143,2023-11-12 13:59:54
XC2020010,南明路立体停车场,新昌县,100,58,2023-11-12 13:59:39
XC2020022,大佛寺文化旅游区停车场,新昌县,290,106,2023-11-12 13:59:34
XC2020003,服务大楼停车场,新昌县,200,140,2023-11-12 13:59:33
XC2020002,演溪路停车场,新昌县,70,29,2023-11-12 13:59:18
XC2020005,智慧家园停车场,新昌县,500,491,2023-11-12 13:54:58
XC2020023,城西小学停车场,新昌县,315,118,2023-11-12 13:54:55
XC2020007,鼓山公园停车场,新昌县,998,144,2023-11-12 13:54:54
XC2020010,南明路立体停车场,新昌县,100,58,2023-11-12 13:54:39
XC2020022,大佛寺文化旅游区停车场,新昌县,290,100,2023-11-12 13:54:34
XC2020003,服务大楼停车场,新昌县,200,142,2023-11-12 13:54:33
XC2020002,演溪路停车场,新昌县,70,26,2023-11-12 13:54:18
XC2020005,智慧家园停车场,新昌县,500,492,2023-11-12 13:49:58
XC2020023,城西小学停车场,新昌县,315,118,2023-11-12 13:49:55
XC2020007,鼓山公园停车场,新昌县,998,140,2023-11-12 13:49:54
XC2020010,南明路立体停车场,新昌县,100,58,2023-11-12 13:49:39
XC2020022,大佛寺文化旅游区停车场,新昌县,290,99,2023-11-12 13:49:34
XC2020003,服务大楼停车场,新昌县,200,141,2023-11-12 13:49:33
XC2020002,演溪路停车场,新昌县,70,26,2023-11-12 13:49:18
XC2020005,智慧家园停车场,新昌县,500,493,2023-11-12 13:44:58
XC2020023,城西小学停车场,新昌县,315,120,2023-11-12 13:44:55
XC2020007,鼓山公园停车场,新昌县,998,142,2023-11-12 13:44:54
XC2020010,南明路立体停车场,新昌县,100,57,2023-11-12 13:44:39
XC2020022,大佛寺文化旅游区停车场,新昌县,290,102,2023-11-12 13:44:34
XC2020003,服务大楼停车场,新昌县,200,144,2023-11-12 13:44:33
XC2020002,演溪路停车场,新昌县,70,29,2023-11-12 13:44:18
XC2020005,智慧家园停车场,新昌县,500,493,2023-11-12 13:39:58
XC2020023,城西小学停车场,新昌县,315,120,2023-11-12 13:39:55
XC2020007,鼓山公园停车场,新昌县,998,136,2023-11-12 13:39:54
XC2020010,南明路立体停车场,新昌县,100,57,2023-11-12 13:39:39
XC2020022,大佛寺文化旅游区停车场,新昌县,290,102,2023-11-12 13:39:34
XC2020003,服务大楼停车场,新昌县,200,143,2023-11-12 13:39:33
XC2020002,演溪路停车场,新昌县,70,31,2023-11-12 13:39:18
XC2020005,智慧家园停车场,新昌县,500,493,2023-11-12 13:34:58
XC2020023,城西小学停车场,新昌县,315,119,2023-11-12 13:34:55
XC2020007,鼓山公园停车场,新昌县,998,137,2023-11-12 13:34:54
XC2020010,南明路立体停车场,新昌县,100,57,2023-11-12 13:34:39
XC2020022,大佛寺文化旅游区停车场,新昌县,290,104,2023-11-12 13:34:34
XC2020003,服务大楼停车场,新昌县,200,140,2023-11-12 13:34:33
XC2020002,演溪路停车场,新昌县,70,31,2023-11-12 13:34:18
XC2020005,智慧家园停车场,新昌县,500,493,2023-11-12 13:29:58
XC2020023,城西小学停车场,新昌县,315,120,2023-11-12 13:29:55
XC2020007,鼓山公园停车场,新昌县,998,144,2023-11-12 13:29:54
XC2020010,南明路立体停车场,新昌县,100,57,2023-11-12 13:29:39
XC2020022,大佛寺文化旅游区停车场,新昌县,290,106,2023-11-12 13:29:34
XC2020003,服务大楼停车场,新昌县,200,140,2023-11-12 13:29:33
XC2020002,演溪路停车场,新昌县,70,33,2023-11-12 13:29:18
XC2020005,智慧家园停车场,新昌县,500,493,2023-11-12 13:24:58
XC2020023,城西小学停车场,新昌县,315,121,2023-11-12 13:24:55
XC2020007,鼓山公园停车场,新昌县,998,139,2023-11-12 13:24:54
XC2020010,南明路立体停车场,新昌县,100,57,2023-11-12 13:24:39
XC2020022,大佛寺文化旅游区停车场,新昌县,290,100,2023-11-12 13:24:34
XC2020003,服务大楼停车场,新昌县,200,142,2023-11-12 13:24:33
XC2020002,演溪路停车场,新昌县,70,31,2023-11-12 13:24:18
XC2020005,智慧家园停车场,新昌县,500,493,2023-11-12 13:19:58
XC2020023,城西小学停车场,新昌县,315,122,2023-11-12 13:19:55
XC2020007,鼓山公园停车场,新昌县,998,134,2023-11-12 13:19:54
XC2020010,南明路立体停车场,新昌县,100,55,2023-11-12 13:19:39
XC2020022,大佛寺文化旅游区停车场,新昌县,290,100,2023-11-12 13:19:34
XC2020003,服务大楼停车场,新昌县,200,142,2023-11-12 13:19:33
XC2020002,演溪路停车场,新昌县,70,32,2023-11-12 13:19:18
XC2020005,智慧家园停车场,新昌县,500,493,2023-11-12 13:14:58
XC2020023,城西小学停车场,新昌县,315,123,2023-11-12 13:14:55
XC2020007,鼓山公园停车场,新昌县,998,131,2023-11-12 13:14:54
XC2020010,南明路立体停车场,新昌县,100,56,2023-11-12 13:14:39
XC2020022,大佛寺文化旅游区停车场,新昌县,290,104,2023-11-12 13:14:34
XC2020003,服务大楼停车场,新昌县,200,144,2023-11-12 13:14:33
XC2020002,演溪路停车场,新昌县,70,34,2023-11-12 13:14:18
XC2020005,智慧家园停车场,新昌县,500,493,2023-11-12 13:09:58
XC2020023,城西小学停车场,新昌县,315,121,2023-11-12 13:09:55
XC2020007,鼓山公园停车场,新昌县,998,129,2023-11-12 13:09:54
XC2020010,南明路立体停车场,新昌县,100,56,2023-11-12 13:09:39
XC2020022,大佛寺文化旅游区停车场,新昌县,290,99,2023-11-12 13:09:34
XC2020003,服务大楼停车场,新昌县,200,144,2023-11-12 13:09:33
XC2020002,演溪路停车场,新昌县,70,33,2023-11-12 13:09:18
XC2020005,智慧家园停车场,新昌县,500,493,2023-11-12 13:04:58
XC2020023,城西小学停车场,新昌县,315,123,2023-11-12 13:04:55
XC2020007,鼓山公园停车场,新昌县,998,119,2023-11-12 13:04:54
XC2020010,南明路立体停车场,新昌县,100,56,2023-11-12 13:04:39
XC2020022,大佛寺文化旅游区停车场,新昌县,290,101,2023-11-12 13:04:34
XC2020003,服务大楼停车场,新昌县,200,144,2023-11-12 13:04:33
XC2020002,演溪路停车场,新昌县,70,31,2023-11-12 13:04:18
XC2020005,智慧家园停车场,新昌县,500,493,2023-11-12 12:59:58
XC2020023,城西小学停车场,新昌县,315,124,2023-11-12 12:59:55
XC2020007,鼓山公园停车场,新昌县,998,110,2023-11-12 12:59:54
XC2020010,南明路立体停车场,新昌县,100,57,2023-11-12 12:59:39
XC2020022,大佛寺文化旅游区停车场,新昌县,290,104,2023-11-12 12:59:34
XC2020003,服务大楼停车场,新昌县,200,143,2023-11-12 12:59:33
XC2020002,演溪路停车场,新昌县,70,27,2023-11-12 12:59:18
XC2020005,智慧家园停车场,新昌县,500,493,2023-11-12 12:54:58
XC2020023,城西小学停车场,新昌县,315,121,2023-11-12 12:54:55
XC2020007,鼓山公园停车场,新昌县,998,98,2023-11-12 12:54:54
XC2020010,南明路立体停车场,新昌县,100,55,2023-11-12 12:54:39
XC2020022,大佛寺文化旅游区停车场,新昌县,290,103,2023-11-12 12:54:34
XC2020003,服务大楼停车场,新昌县,200,142,2023-11-12 12:54:33
XC2020002,演溪路停车场,新昌县,70,21,2023-11-12 12:54:18
XC2020005,智慧家园停车场,新昌县,500,493,2023-11-12 12:49:58
XC2020023,城西小学停车场,新昌县,315,124,2023-11-12 12:49:55
XC2020007,鼓山公园停车场,新昌县,998,91,2023-11-12 12:49:54
XC2020010,南明路立体停车场,新昌县,100,52,2023-11-12 12:49:39
XC2020022,大佛寺文化旅游区停车场,新昌县,290,105,2023-11-12 12:49:34
XC2020003,服务大楼停车场,新昌县,200,144,2023-11-12 12:49:33
XC2020002,演溪路停车场,新昌县,70,20,2023-11-12 12:49:18
XC2020005,智慧家园停车场,新昌县,500,493,2023-11-12 12:44:58
XC2020023,城西小学停车场,新昌县,315,126,2023-11-12 12:44:55
XC2020007,鼓山公园停车场,新昌县,998,97,2023-11-12 12:44:54
XC2020010,南明路立体停车场,新昌县,100,54,2023-11-12 12:44:39
XC2020022,大佛寺文化旅游区停车场,新昌县,290,107,2023-11-12 12:44:34
XC2020003,服务大楼停车场,新昌县,200,145,2023-11-12 12:44:33
XC2020002,演溪路停车场,新昌县,70,20,2023-11-12 12:44:18
XC2020005,智慧家园停车场,新昌县,500,493,2023-11-12 12:39:58
XC2020023,城西小学停车场,新昌县,315,125,2023-11-12 12:39:55
XC2020007,鼓山公园停车场,新昌县,998,93,2023-11-12 12:39:54
XC2020010,南明路立体停车场,新昌县,100,54,2023-11-12 12:39:39
XC2020022,大佛寺文化旅游区停车场,新昌县,290,105,2023-11-12 12:39:34
XC2020003,服务大楼停车场,新昌县,200,146,2023-11-12 12:39:33
XC2020002,演溪路停车场,新昌县,70,21,2023-11-12 12:39:18
XC2020005,智慧家园停车场,新昌县,500,494,2023-11-12 12:34:58
XC2020023,城西小学停车场,新昌县,315,128,2023-11-12 12:34:55
XC2020007,鼓山公园停车场,新昌县,998,93,2023-11-12 12:34:54
XC2020010,南明路立体停车场,新昌县,100,54,2023-11-12 12:34:39
XC2020022,大佛寺文化旅游区停车场,新昌县,290,101,2023-11-12 12:34:34
XC2020003,服务大楼停车场,新昌县,200,145,2023-11-12 12:34:33
XC2020002,演溪路停车场,新昌县,70,20,2023-11-12 12:34:18
XC2020005,智慧家园停车场,新昌县,500,494,2023-11-12 12:29:58
XC2020023,城西小学停车场,新昌县,315,128,2023-11-12 12:29:55
XC2020007,鼓山公园停车场,新昌县,998,93,2023-11-12 12:29:54
XC2020010,南明路立体停车场,新昌县,100,54,2023-11-12 12:29:39
XC2020022,大佛寺文化旅游区停车场,新昌县,290,104,2023-11-12 12:29:34
XC2020003,服务大楼停车场,新昌县,200,142,2023-11-12 12:29:33
XC2020002,演溪路停车场,新昌县,70,18,2023-11-12 12:29:18
XC2020005,智慧家园停车场,新昌县,500,496,2023-11-12 12:24:58
XC2020023,城西小学停车场,新昌县,315,128,2023-11-12 12:24:55
XC2020007,鼓山公园停车场,新昌县,998,92,2023-11-12 12:24:54
XC2020010,南明路立体停车场,新昌县,100,51,2023-11-12 12:24:39
XC2020022,大佛寺文化旅游区停车场,新昌县,290,106,2023-11-12 12:24:35
XC2020003,服务大楼停车场,新昌县,200,141,2023-11-12 12:24:33
XC2020002,演溪路停车场,新昌县,70,22,2023-11-12 12:24:18
XC2020005,智慧家园停车场,新昌县,500,496,2023-11-12 12:19:58
XC2020023,城西小学停车场,新昌县,315,129,2023-11-12 12:19:55
XC2020007,鼓山公园停车场,新昌县,998,82,2023-11-12 12:19:54
XC2020010,南明路立体停车场,新昌县,100,52,2023-11-12 12:19:39
XC2020022,大佛寺文化旅游区停车场,新昌县,290,102,2023-11-12 12:19:34
XC2020003,服务大楼停车场,新昌县,200,143,2023-11-12 12:19:33
XC2020002,演溪路停车场,新昌县,70,23,2023-11-12 12:19:18
XC2020005,智慧家园停车场,新昌县,500,497,2023-11-12 12:14:58
XC2020023,城西小学停车场,新昌县,315,133,2023-11-12 12:14:55
XC2020007,鼓山公园停车场,新昌县,998,83,2023-11-12 12:14:54
XC2020010,南明路立体停车场,新昌县,100,52,2023-11-12 12:14:39
XC2020022,大佛寺文化旅游区停车场,新昌县,290,99,2023-11-12 12:14:34
XC2020003,服务大楼停车场,新昌县,200,143,2023-11-12 12:14:33
XC2020002,演溪路停车场,新昌县,70,20,2023-11-12 12:14:18
XC2020005,智慧家园停车场,新昌县,500,497,2023-11-12 12:09:58
XC2020023,城西小学停车场,新昌县,315,139,2023-11-12 12:09:55
XC2020007,鼓山公园停车场,新昌县,998,81,2023-11-12 12:09:54
XC2020010,南明路立体停车场,新昌县,100,51,2023-11-12 12:09:39
XC2020022,大佛寺文化旅游区停车场,新昌县,290,105,2023-11-12 12:09:34
XC2020003,服务大楼停车场,新昌县,200,142,2023-11-12 12:09:33
XC2020002,演溪路停车场,新昌县,70,20,2023-11-12 12:09:18
XC2020005,智慧家园停车场,新昌县,500,496,2023-11-12 12:04:58
XC2020023,城西小学停车场,新昌县,315,141,2023-11-12 12:04:55
XC2020007,鼓山公园停车场,新昌县,998,79,2023-11-12 12:04:54
XC2020010,南明路立体停车场,新昌县,100,50,2023-11-12 12:04:39
XC2020022,大佛寺文化旅游区停车场,新昌县,290,107,2023-11-12 12:04:34
XC2020003,服务大楼停车场,新昌县,200,141,2023-11-12 12:04:33
XC2020002,演溪路停车场,新昌县,70,23,2023-11-12 12:04:18
XC2020005,智慧家园停车场,新昌县,500,497,2023-11-12 11:59:58
XC2020023,城西小学停车场,新昌县,315,141,2023-11-12 11:59:55
XC2020007,鼓山公园停车场,新昌县,998,80,2023-11-12 11:59:54
XC2020010,南明路立体停车场,新昌县,100,50,2023-11-12 11:59:39
XC2020022,大佛寺文化旅游区停车场,新昌县,290,107,2023-11-12 11:59:34
XC2020003,服务大楼停车场,新昌县,200,144,2023-11-12 11:59:33
XC2020002,演溪路停车场,新昌县,70,27,2023-11-12 11:59:18
XC2020005,智慧家园停车场,新昌县,500,497,2023-11-12 11:54:58
XC2020023,城西小学停车场,新昌县,315,143,2023-11-12 11:54:55
XC2020007,鼓山公园停车场,新昌县,998,85,2023-11-12 11:54:54
XC2020010,南明路立体停车场,新昌县,100,51,2023-11-12 11:54:39
XC2020022,大佛寺文化旅游区停车场,新昌县,290,105,2023-11-12 11:54:34
XC2020003,服务大楼停车场,新昌县,200,144,2023-11-12 11:54:33
XC2020002,演溪路停车场,新昌县,70,31,2023-11-12 11:54:18
XC2020005,智慧家园停车场,新昌县,500,497,2023-11-12 11:49:58
XC2020023,城西小学停车场,新昌县,315,145,2023-11-12 11:49:55
XC2020007,鼓山公园停车场,新昌县,998,88,2023-11-12 11:49:54
XC2020010,南明路立体停车场,新昌县,100,51,2023-11-12 11:49:39
XC2020022,大佛寺文化旅游区停车场,新昌县,290,109,2023-11-12 11:49:34
XC2020003,服务大楼停车场,新昌县,200,144,2023-11-12 11:49:33
XC2020002,演溪路停车场,新昌县,70,32,2023-11-12 11:49:18
XC2020005,智慧家园停车场,新昌县,500,497,2023-11-12 11:44:58
XC2020023,城西小学停车场,新昌县,315,146,2023-11-12 11:44:55
XC2020007,鼓山公园停车场,新昌县,998,91,2023-11-12 11:44:54
XC2020010,南明路立体停车场,新昌县,100,52,2023-11-12 11:44:39
XC2020022,大佛寺文化旅游区停车场,新昌县,290,108,2023-11-12 11:44:34
XC2020003,服务大楼停车场,新昌县,200,146,2023-11-12 11:44:33
XC2020002,演溪路停车场,新昌县,70,31,2023-11-12 11:44:18
XC2020005,智慧家园停车场,新昌县,500,497,2023-11-12 11:39:58
XC2020023,城西小学停车场,新昌县,315,148,2023-11-12 11:39:55
XC2020007,鼓山公园停车场,新昌县,998,89,2023-11-12 11:39:54
XC2020010,南明路立体停车场,新昌县,100,52,2023-11-12 11:39:39
XC2020022,大佛寺文化旅游区停车场,新昌县,290,106,2023-11-12 11:39:34
XC2020003,服务大楼停车场,新昌县,200,144,2023-11-12 11:39:33
XC2020002,演溪路停车场,新昌县,70,32,2023-11-12 11:39:18
XC2020005,智慧家园停车场,新昌县,500,497,2023-11-12 11:34:58
XC2020023,城西小学停车场,新昌县,315,148,2023-11-12 11:34:55
XC2020007,鼓山公园停车场,新昌县,998,88,2023-11-12 11:34:54
XC2020010,南明路立体停车场,新昌县,100,54,2023-11-12 11:34:39
XC2020022,大佛寺文化旅游区停车场,新昌县,290,105,2023-11-12 11:34:34
XC2020003,服务大楼停车场,新昌县,200,145,2023-11-12 11:34:33
XC2020002,演溪路停车场,新昌县,70,32,2023-11-12 11:34:18
XC2020005,智慧家园停车场,新昌县,500,497,2023-11-12 11:29:58
XC2020023,城西小学停车场,新昌县,315,148,2023-11-12 11:29:55
XC2020007,鼓山公园停车场,新昌县,998,94,2023-11-12 11:29:54
XC2020010,南明路立体停车场,新昌县,100,54,2023-11-12 11:29:39
XC2020022,大佛寺文化旅游区停车场,新昌县,290,104,2023-11-12 11:29:34
XC2020003,服务大楼停车场,新昌县,200,144,2023-11-12 11:29:33
XC2020002,演溪路停车场,新昌县,70,35,2023-11-12 11:29:18
XC2020005,智慧家园停车场,新昌县,500,497,2023-11-12 11:24:58
XC2020023,城西小学停车场,新昌县,315,147,2023-11-12 11:24:55
XC2020007,鼓山公园停车场,新昌县,998,97,2023-11-12 11:24:54
XC2020010,南明路立体停车场,新昌县,100,55,2023-11-12 11:24:39
XC2020022,大佛寺文化旅游区停车场,新昌县,290,100,2023-11-12 11:24:34
XC2020003,服务大楼停车场,新昌县,200,145,2023-11-12 11:24:33
XC2020002,演溪路停车场,新昌县,70,41,2023-11-12 11:24:18
XC2020005,智慧家园停车场,新昌县,500,496,2023-11-12 11:19:58
XC2020023,城西小学停车场,新昌县,315,145,2023-11-12 11:19:55
XC2020007,鼓山公园停车场,新昌县,998,102,2023-11-12 11:19:54
XC2020010,南明路立体停车场,新昌县,100,55,2023-11-12 11:19:39
XC2020022,大佛寺文化旅游区停车场,新昌县,290,104,2023-11-12 11:19:34
XC2020003,服务大楼停车场,新昌县,200,145,2023-11-12 11:19:33
XC2020002,演溪路停车场,新昌县,70,44,2023-11-12 11:19:18
XC2020005,智慧家园停车场,新昌县,500,495,2023-11-12 11:14:58
XC2020023,城西小学停车场,新昌县,315,145,2023-11-12 11:14:55
XC2020007,鼓山公园停车场,新昌县,998,108,2023-11-12 11:14:54
XC2020010,南明路立体停车场,新昌县,100,55,2023-11-12 11:14:39
XC2020022,大佛寺文化旅游区停车场,新昌县,290,104,2023-11-12 11:14:34
XC2020003,服务大楼停车场,新昌县,200,145,2023-11-12 11:14:33
XC2020002,演溪路停车场,新昌县,70,47,2023-11-12 11:14:18
XC2020005,智慧家园停车场,新昌县,500,495,2023-11-12 11:09:58
XC2020023,城西小学停车场,新昌县,315,143,2023-11-12 11:09:55
XC2020007,鼓山公园停车场,新昌县,998,117,2023-11-12 11:09:54
XC2020010,南明路立体停车场,新昌县,100,58,2023-11-12 11:09:39
XC2020022,大佛寺文化旅游区停车场,新昌县,290,110,2023-11-12 11:09:34
XC2020003,服务大楼停车场,新昌县,200,146,2023-11-12 11:09:33
XC2020002,演溪路停车场,新昌县,70,49,2023-11-12 11:09:18
XC2020005,智慧家园停车场,新昌县,500,496,2023-11-12 11:04:58
XC2020023,城西小学停车场,新昌县,315,143,2023-11-12 11:04:55
XC2020007,鼓山公园停车场,新昌县,998,121,2023-11-12 11:04:54
XC2020010,南明路立体停车场,新昌县,100,57,2023-11-12 11:04:39
XC2020022,大佛寺文化旅游区停车场,新昌县,290,107,2023-11-12 11:04:34
XC2020003,服务大楼停车场,新昌县,200,146,2023-11-12 11:04:33
XC2020002,演溪路停车场,新昌县,70,52,2023-11-12 11:04:18
XC2020005,智慧家园停车场,新昌县,500,496,2023-11-12 10:59:58
XC2020023,城西小学停车场,新昌县,315,143,2023-11-12 10:59:55
XC2020007,鼓山公园停车场,新昌县,998,125,2023-11-12 10:59:54
XC2020010,南明路立体停车场,新昌县,100,58,2023-11-12 10:59:39
XC2020022,大佛寺文化旅游区停车场,新昌县,290,106,2023-11-12 10:59:34
XC2020003,服务大楼停车场,新昌县,200,146,2023-11-12 10:59:33
XC2020002,演溪路停车场,新昌县,70,54,2023-11-12 10:59:18
XC2020005,智慧家园停车场,新昌县,500,496,2023-11-12 10:54:58
XC2020023,城西小学停车场,新昌县,315,145,2023-11-12 10:54:55
XC2020007,鼓山公园停车场,新昌县,998,128,2023-11-12 10:54:54
XC2020010,南明路立体停车场,新昌县,100,56,2023-11-12 10:54:39
XC2020022,大佛寺文化旅游区停车场,新昌县,290,103,2023-11-12 10:54:34
XC2020003,服务大楼停车场,新昌县,200,144,2023-11-12 10:54:33
XC2020002,演溪路停车场,新昌县,70,54,2023-11-12 10:54:18
XC2020005,智慧家园停车场,新昌县,500,496,2023-11-12 10:49:58
XC2020023,城西小学停车场,新昌县,315,147,2023-11-12 10:49:55
XC2020007,鼓山公园停车场,新昌县,998,133,2023-11-12 10:49:54
XC2020010,南明路立体停车场,新昌县,100,55,2023-11-12 10:49:39
XC2020022,大佛寺文化旅游区停车场,新昌县,290,103,2023-11-12 10:49:34
XC2020003,服务大楼停车场,新昌县,200,145,2023-11-12 10:49:33
XC2020002,演溪路停车场,新昌县,70,61,2023-11-12 10:49:18
XC2020005,智慧家园停车场,新昌县,500,496,2023-11-12 10:44:58
XC2020023,城西小学停车场,新昌县,315,147,2023-11-12 10:44:55
XC2020007,鼓山公园停车场,新昌县,998,130,2023-11-12 10:44:54
XC2020010,南明路立体停车场,新昌县,100,55,2023-11-12 10:44:39
XC2020022,大佛寺文化旅游区停车场,新昌县,290,105,2023-11-12 10:44:34
XC2020003,服务大楼停车场,新昌县,200,146,2023-11-12 10:44:33
XC2020002,演溪路停车场,新昌县,70,58,2023-11-12 10:44:18
XC2020005,智慧家园停车场,新昌县,500,496,2023-11-12 10:39:58
XC2020023,城西小学停车场,新昌县,315,148,2023-11-12 10:39:55
