TCCBH,TCCMC,SZQX,BWZS,SYBW,FBSJ
P3120000012,山阴路1（育才小区）停车场,柯桥区,26,5,2021-06-22 14:55:08.863
P3120000013,山阴路2（城市花园）停车场,柯桥区,28,4,2021-06-22 14:55:08.863
P3120000014,人和路停车场,柯桥区,19,14,2021-06-22 14:55:08.863
P3120000015,温渎路1停车场,柯桥区,21,18,2021-06-22 14:55:08.863
P3120000016,温渎路2停车场,柯桥区,15,6,2021-06-22 14:55:08.863
P3120000017,万家巷停车场,柯桥区,40,18,2021-06-22 14:55:08.863
P3120000018,黄社溇路1停车场,柯桥区,16,6,2021-06-22 14:55:08.863
P3120000019,黄社溇路2停车场,柯桥区,18,14,2021-06-22 14:55:08.863
P3120000020,山阴路3（中医院）停车场,柯桥区,26,26,2021-06-22 14:55:08.863
P3120000021,山阴路4（明珠花园）停车场,柯桥区,31,8,2021-06-22 14:55:08.863
P3120000022,山阴路5（电信）停车场,柯桥区,21,6,2021-06-22 14:55:08.863
P3120000023,山阴路6（电信）停车场,柯桥区,27,7,2021-06-22 14:55:08.863
P3120000024,山阴路7（望湖）停车场,柯桥区,30,6,2021-06-22 14:55:08.863
P3120000025,金杨路1（中医院）停车场,柯桥区,28,23,2021-06-22 14:55:08.863
P3120000027,金杨路3停车场,柯桥区,28,17,2021-06-22 14:55:08.863
P3120000028,鉴湖路1（锦江花园）停车场,柯桥区,29,19,2021-06-22 14:55:08.863
P3120000029,鉴湖路2（锦江花园）停车场,柯桥区,21,5,2021-06-22 14:55:08.863
P3120000030,鉴湖路3停车场,柯桥区,12,3,2021-06-22 14:55:08.863
P3120000031,鉴湖路4停车场,柯桥区,27,27,2021-06-22 14:55:08.863
P3120000032,鉴湖路5（四大银行）停车场,柯桥区,16,3,2021-06-22 14:55:08.863
P3120000033,港越路1(步行街1)停车场,柯桥区,14,3,2021-06-22 14:55:08.863
P3120000034,港越路2（精工）停车场,柯桥区,12,10,2021-06-22 14:55:08.863
P3120000036,港越路4（肯德基）停车场,柯桥区,21,1,2021-06-22 14:55:08.863
P3120000037,港越路5（温州饭滩）停车场,柯桥区,22,2,2021-06-22 14:55:08.863
P3120000038,港越路6停车场,柯桥区,16,4,2021-06-22 14:55:08.863
P3120000039,笛扬路1（世纪联华）停车场,柯桥区,31,28,2021-06-22 14:55:08.863
P3120000040,笛扬路2（广厦公寓）停车场,柯桥区,37,22,2021-06-22 14:55:08.863
P3120000041,笛扬路3（樱花电器）停车场,柯桥区,18,17,2021-06-22 14:55:08.863
P3120000042,笛扬路4（工商银行）停车场,柯桥区,23,15,2021-06-22 14:55:08.863
P3120000043,笛扬路5（中医院）停车场,柯桥区,34,27,2021-06-22 14:55:08.863
P3120000044,笛扬路6（柯水园）停车场,柯桥区,30,20,2021-06-22 14:55:08.863
P3120000045,笛扬路7（福年大厦）停车场,柯桥区,22,4,2021-06-22 14:55:08.863
P3120000053,云集路1停车场,柯桥区,10,0,2021-06-22 14:55:08.863
P3120000054,云集路2停车场,柯桥区,29,2,2021-06-22 14:55:08.863
P3120000055,云集路3停车场,柯桥区,29,16,2021-06-22 14:55:08.863
P3120000061,港越路2(精工2)停车场,柯桥区,21,12,2021-06-22 14:55:08.863
P3120000062,港越路1(步行街3)停车场,柯桥区,16,12,2021-06-22 14:55:08.863
P3120000064,港越路1(步行街2)停车场,柯桥区,26,14,2021-06-22 14:55:08.863
P3120000065,温渎路3停车场,柯桥区,11,2,2021-06-22 14:55:08.863
P3120000068,港越路3（精工）停车场,柯桥区,23,3,2021-06-22 14:55:08.863
P3120000012,山阴路1（育才小区）停车场,柯桥区,26,5,2021-06-24 17:23:08.393
P3120000013,山阴路2（城市花园）停车场,柯桥区,28,4,2021-06-24 17:23:08.393
P3120000014,人和路停车场,柯桥区,19,17,2021-06-24 17:23:08.393
P3120000015,温渎路1停车场,柯桥区,21,17,2021-06-24 17:23:08.393
P3120000016,温渎路2停车场,柯桥区,15,9,2021-06-24 17:23:08.393
P3120000017,万家巷停车场,柯桥区,40,33,2021-06-24 17:23:08.393
P3120000018,黄社溇路1停车场,柯桥区,16,4,2021-06-24 17:23:08.393
P3120000019,黄社溇路2停车场,柯桥区,18,13,2021-06-24 17:23:08.393
P3120000020,山阴路3（中医院）停车场,柯桥区,26,26,2021-06-24 17:23:08.393
P3120000021,山阴路4（明珠花园）停车场,柯桥区,31,8,2021-06-24 17:23:08.393
P3120000022,山阴路5（电信）停车场,柯桥区,21,6,2021-06-24 17:23:08.393
P3120000023,山阴路6（电信）停车场,柯桥区,27,7,2021-06-24 17:23:08.393
P3120000024,山阴路7（望湖）停车场,柯桥区,30,6,2021-06-24 17:23:08.393
P3120000025,金杨路1（中医院）停车场,柯桥区,28,22,2021-06-24 17:23:08.393
P3120000027,金杨路3停车场,柯桥区,28,22,2021-06-24 17:23:08.393
P3120000028,鉴湖路1（锦江花园）停车场,柯桥区,29,25,2021-06-24 17:23:08.393
P3120000029,鉴湖路2（锦江花园）停车场,柯桥区,21,10,2021-06-24 17:23:08.393
P3120000030,鉴湖路3停车场,柯桥区,12,6,2021-06-24 17:23:08.393
P3120000031,鉴湖路4停车场,柯桥区,27,27,2021-06-24 17:23:08.393
P3120000032,鉴湖路5（四大银行）停车场,柯桥区,16,13,2021-06-24 17:23:08.393
P3120000033,港越路1(步行街1)停车场,柯桥区,14,8,2021-06-24 17:23:08.393
P3120000034,港越路2（精工）停车场,柯桥区,12,10,2021-06-24 17:23:08.393
P3120000036,港越路4（肯德基）停车场,柯桥区,21,10,2021-06-24 17:23:08.393
P3120000037,港越路5（温州饭滩）停车场,柯桥区,22,12,2021-06-24 17:23:08.393
P3120000038,港越路6停车场,柯桥区,16,12,2021-06-24 17:23:08.393
P3120000039,笛扬路1（世纪联华）停车场,柯桥区,31,22,2021-06-24 17:23:08.393
P3120000040,笛扬路2（广厦公寓）停车场,柯桥区,37,29,2021-06-24 17:23:08.393
P3120000041,笛扬路3（樱花电器）停车场,柯桥区,18,17,2021-06-24 17:23:08.393
P3120000042,笛扬路4（工商银行）停车场,柯桥区,23,19,2021-06-24 17:23:08.393
P3120000043,笛扬路5（中医院）停车场,柯桥区,34,27,2021-06-24 17:23:08.393
P3120000044,笛扬路6（柯水园）停车场,柯桥区,30,20,2021-06-24 17:23:08.393
P3120000045,笛扬路7（福年大厦）停车场,柯桥区,22,9,2021-06-24 17:23:08.393
P3120000053,云集路1停车场,柯桥区,10,0,2021-06-24 17:23:08.393
P3120000054,云集路2停车场,柯桥区,29,2,2021-06-24 17:23:08.393
P3120000055,云集路3停车场,柯桥区,29,16,2021-06-24 17:23:08.393
P3120000061,港越路2(精工2)停车场,柯桥区,21,18,2021-06-24 17:23:08.393
P3120000062,港越路1(步行街3)停车场,柯桥区,16,8,2021-06-24 17:23:08.393
P3120000064,港越路1(步行街2)停车场,柯桥区,26,13,2021-06-24 17:23:08.393
P3120000065,温渎路3停车场,柯桥区,11,5,2021-06-24 17:23:08.393
P3120000068,港越路3（精工）停车场,柯桥区,23,12,2021-06-24 17:23:08.393
P3120000028,鉴湖路1（锦江花园）停车场,柯桥区,29,22,2021-06-29 18:04:09.373
P3120000032,鉴湖路5（四大银行）停车场,柯桥区,16,6,2021-07-02 13:54:08.737
P3120000036,港越路4（肯德基）停车场,柯桥区,21,1,2021-07-02 13:54:08.737
P3120000037,港越路5（温州饭滩）停车场,柯桥区,22,2,2021-07-02 13:54:08.737
P3120000038,港越路6停车场,柯桥区,16,6,2021-07-02 13:54:08.737
P3120000039,笛扬路1（世纪联华）停车场,柯桥区,31,14,2021-07-02 13:54:08.737
P3120000040,笛扬路2（广厦公寓）停车场,柯桥区,37,23,2021-07-02 13:54:08.737
P3120000042,笛扬路4（工商银行）停车场,柯桥区,23,16,2021-07-02 13:54:08.737
P3120000045,笛扬路7（福年大厦）停车场,柯桥区,22,3,2021-07-02 13:54:08.737
P3120000061,港越路2(精工2)停车场,柯桥区,21,12,2021-07-02 13:54:08.737
P3120000065,温渎路3停车场,柯桥区,11,6,2021-07-02 13:54:08.737
P3120000016,温渎路2停车场,柯桥区,15,11,2021-07-02 14:04:09.603
P3120000017,万家巷停车场,柯桥区,40,24,2021-07-02 14:04:09.603
P3120000019,黄社溇路2停车场,柯桥区,18,13,2021-07-02 14:04:09.603
P3120000028,鉴湖路1（锦江花园）停车场,柯桥区,29,19,2021-07-02 14:04:09.603
P3120000032,鉴湖路5（四大银行）停车场,柯桥区,16,4,2021-07-02 14:04:09.603
P3120000036,港越路4（肯德基）停车场,柯桥区,21,2,2021-07-02 14:04:09.603
P3120000037,港越路5（温州饭滩）停车场,柯桥区,22,3,2021-07-02 14:04:09.603
P3120000040,笛扬路2（广厦公寓）停车场,柯桥区,37,26,2021-07-02 14:04:09.603
P3120000041,笛扬路3（樱花电器）停车场,柯桥区,18,15,2021-07-02 14:04:09.603
P3120000042,笛扬路4（工商银行）停车场,柯桥区,23,17,2021-07-02 14:04:09.603
P3120000045,笛扬路7（福年大厦）停车场,柯桥区,22,5,2021-07-02 14:04:09.603
P3120000064,港越路1(步行街2)停车场,柯桥区,26,16,2021-07-02 14:04:09.603
P3120000065,温渎路3停车场,柯桥区,11,8,2021-07-02 14:04:09.603
P3120000014,人和路停车场,柯桥区,19,18,2021-07-02 14:14:11.78
P3120000016,温渎路2停车场,柯桥区,15,12,2021-07-02 14:14:11.78
P3120000017,万家巷停车场,柯桥区,40,26,2021-07-02 14:14:11.78
P3120000018,黄社溇路1停车场,柯桥区,16,6,2021-07-02 14:14:11.78
P3120000019,黄社溇路2停车场,柯桥区,18,14,2021-07-02 14:14:11.78
P3120000025,金杨路1（中医院）停车场,柯桥区,28,21,2021-07-02 14:14:11.78
P3120000027,金杨路3停车场,柯桥区,28,20,2021-07-02 14:14:11.78
P3120000028,鉴湖路1（锦江花园）停车场,柯桥区,29,22,2021-07-02 14:14:11.78
P3120000029,鉴湖路2（锦江花园）停车场,柯桥区,21,10,2021-07-02 14:14:11.78
P3120000032,鉴湖路5（四大银行）停车场,柯桥区,16,5,2021-07-02 14:14:11.78
P3120000034,港越路2（精工）停车场,柯桥区,12,11,2021-07-02 14:14:11.78
P3120000036,港越路4（肯德基）停车场,柯桥区,21,1,2021-07-02 14:14:11.78
P3120000037,港越路5（温州饭滩）停车场,柯桥区,22,5,2021-07-02 14:14:11.78
P3120000038,港越路6停车场,柯桥区,16,7,2021-07-02 14:14:11.78
P3120000040,笛扬路2（广厦公寓）停车场,柯桥区,37,27,2021-07-02 14:14:11.78
P3120000041,笛扬路3（樱花电器）停车场,柯桥区,18,14,2021-07-02 14:14:11.78
P3120000042,笛扬路4（工商银行）停车场,柯桥区,23,18,2021-07-02 14:14:11.78
P3120000045,笛扬路7（福年大厦）停车场,柯桥区,22,6,2021-07-02 14:14:11.78
P3120000061,港越路2(精工2)停车场,柯桥区,21,13,2021-07-02 14:14:11.78
P3120000064,港越路1(步行街2)停车场,柯桥区,26,17,2021-07-02 14:14:11.78
P3120000065,温渎路3停车场,柯桥区,11,9,2021-07-02 14:14:11.78
P3120000068,港越路3（精工）停车场,柯桥区,23,6,2021-07-02 14:14:11.78
P3120000014,人和路停车场,柯桥区,19,16,2021-07-02 14:24:10.487
P3120000017,万家巷停车场,柯桥区,40,24,2021-07-02 14:24:10.487
P3120000018,黄社溇路1停车场,柯桥区,16,7,2021-07-02 14:24:10.487
P3120000025,金杨路1（中医院）停车场,柯桥区,28,23,2021-07-02 14:24:10.487
P3120000027,金杨路3停车场,柯桥区,28,22,2021-07-02 14:24:10.487
P3120000028,鉴湖路1（锦江花园）停车场,柯桥区,29,20,2021-07-02 14:24:10.487
P3120000030,鉴湖路3停车场,柯桥区,12,7,2021-07-02 14:24:10.487
P3120000032,鉴湖路5（四大银行）停车场,柯桥区,16,6,2021-07-02 14:24:10.487
P3120000033,港越路1(步行街1)停车场,柯桥区,14,5,2021-07-02 14:24:10.487
P3120000036,港越路4（肯德基）停车场,柯桥区,21,0,2021-07-02 14:24:10.487
P3120000037,港越路5（温州饭滩）停车场,柯桥区,22,2,2021-07-02 14:24:10.487
P3120000038,港越路6停车场,柯桥区,16,8,2021-07-02 14:24:10.487
P3120000039,笛扬路1（世纪联华）停车场,柯桥区,31,16,2021-07-02 14:24:10.487
P3120000040,笛扬路2（广厦公寓）停车场,柯桥区,37,31,2021-07-02 14:24:10.487
P3120000041,笛扬路3（樱花电器）停车场,柯桥区,18,16,2021-07-02 14:24:10.487
P3120000045,笛扬路7（福年大厦）停车场,柯桥区,22,5,2021-07-02 14:24:10.487
P3120000068,港越路3（精工）停车场,柯桥区,23,7,2021-07-02 14:24:10.487
P3120000015,温渎路1停车场,柯桥区,21,21,2021-07-02 14:34:09.95
P3120000016,温渎路2停车场,柯桥区,15,11,2021-07-02 14:34:09.95
P3120000017,万家巷停车场,柯桥区,40,25,2021-07-02 14:34:09.95
P3120000018,黄社溇路1停车场,柯桥区,16,6,2021-07-02 14:34:09.95
P3120000019,黄社溇路2停车场,柯桥区,18,13,2021-07-02 14:34:09.95
P3120000027,金杨路3停车场,柯桥区,28,24,2021-07-02 14:34:09.95
P3120000028,鉴湖路1（锦江花园）停车场,柯桥区,29,22,2021-07-02 14:34:09.95
P3120000029,鉴湖路2（锦江花园）停车场,柯桥区,21,11,2021-07-02 14:34:09.95
P3120000032,鉴湖路5（四大银行）停车场,柯桥区,16,7,2021-07-02 14:34:09.95
P3120000033,港越路1(步行街1)停车场,柯桥区,14,6,2021-07-02 14:34:09.95
P3120000037,港越路5（温州饭滩）停车场,柯桥区,22,1,2021-07-02 14:34:09.95
P3120000038,港越路6停车场,柯桥区,16,7,2021-07-02 14:34:09.95
P3120000040,笛扬路2（广厦公寓）停车场,柯桥区,37,28,2021-07-02 14:34:09.95
P3120000042,笛扬路4（工商银行）停车场,柯桥区,23,17,2021-07-02 14:34:09.95
P3120000061,港越路2(精工2)停车场,柯桥区,21,14,2021-07-02 14:34:09.95
P3120000062,港越路1(步行街3)停车场,柯桥区,16,8,2021-07-02 14:34:09.95
P3120000064,港越路1(步行街2)停车场,柯桥区,26,14,2021-07-02 14:34:09.95
P3120000068,港越路3（精工）停车场,柯桥区,23,3,2021-07-02 14:34:09.95
P3120000014,人和路停车场,柯桥区,19,18,2021-07-02 14:44:10.0
P3120000015,温渎路1停车场,柯桥区,21,20,2021-07-02 14:44:10.0
P3120000016,温渎路2停车场,柯桥区,15,12,2021-07-02 14:44:10.0
P3120000017,万家巷停车场,柯桥区,40,24,2021-07-02 14:44:10.0
P3120000018,黄社溇路1停车场,柯桥区,16,8,2021-07-02 14:44:10.0
P3120000019,黄社溇路2停车场,柯桥区,18,12,2021-07-02 14:44:10.0
P3120000025,金杨路1（中医院）停车场,柯桥区,28,21,2021-07-02 14:44:10.0
P3120000027,金杨路3停车场,柯桥区,28,22,2021-07-02 14:44:10.0
P3120000029,鉴湖路2（锦江花园）停车场,柯桥区,21,10,2021-07-02 14:44:10.0
P3120000033,港越路1(步行街1)停车场,柯桥区,14,8,2021-07-02 14:44:10.0
P3120000037,港越路5（温州饭滩）停车场,柯桥区,22,2,2021-07-02 14:44:10.0
P3120000038,港越路6停车场,柯桥区,16,8,2021-07-02 14:44:10.0
P3120000040,笛扬路2（广厦公寓）停车场,柯桥区,37,30,2021-07-02 14:44:10.0
P3120000045,笛扬路7（福年大厦）停车场,柯桥区,22,3,2021-07-02 14:44:10.0
P3120000062,港越路1(步行街3)停车场,柯桥区,16,7,2021-07-02 14:44:10.0
P3120000064,港越路1(步行街2)停车场,柯桥区,26,13,2021-07-02 14:44:10.0
P3120000065,温渎路3停车场,柯桥区,11,7,2021-07-02 14:44:10.0
P3120000015,温渎路1停车场,柯桥区,21,21,2021-07-02 14:54:09.67
P3120000017,万家巷停车场,柯桥区,40,23,2021-07-02 14:54:09.67
P3120000018,黄社溇路1停车场,柯桥区,16,6,2021-07-02 14:54:09.67
P3120000019,黄社溇路2停车场,柯桥区,18,10,2021-07-02 14:54:09.67
P3120000025,金杨路1（中医院）停车场,柯桥区,28,23,2021-07-02 14:54:09.67
P3120000027,金杨路3停车场,柯桥区,28,21,2021-07-02 14:54:09.67
P3120000028,鉴湖路1（锦江花园）停车场,柯桥区,29,21,2021-07-02 14:54:09.67
P3120000029,鉴湖路2（锦江花园）停车场,柯桥区,21,9,2021-07-02 14:54:09.67
P3120000032,鉴湖路5（四大银行）停车场,柯桥区,16,6,2021-07-02 14:54:09.67
P3120000033,港越路1(步行街1)停车场,柯桥区,14,6,2021-07-02 14:54:09.67
P3120000036,港越路4（肯德基）停车场,柯桥区,21,1,2021-07-02 14:54:09.67
P3120000038,港越路6停车场,柯桥区,16,7,2021-07-02 14:54:09.67
P3120000040,笛扬路2（广厦公寓）停车场,柯桥区,37,26,2021-07-02 14:54:09.67
P3120000041,笛扬路3（樱花电器）停车场,柯桥区,18,15,2021-07-02 14:54:09.67
P3120000042,笛扬路4（工商银行）停车场,柯桥区,23,16,2021-07-02 14:54:09.67
P3120000045,笛扬路7（福年大厦）停车场,柯桥区,22,5,2021-07-02 14:54:09.67
P3120000061,港越路2(精工2)停车场,柯桥区,21,15,2021-07-02 14:54:09.67
P3120000065,温渎路3停车场,柯桥区,11,6,2021-07-02 14:54:09.67
P3120000068,港越路3（精工）停车场,柯桥区,23,4,2021-07-02 14:54:09.67
P3120000016,温渎路2停车场,柯桥区,15,11,2021-07-02 15:04:10.36
P3120000017,万家巷停车场,柯桥区,40,21,2021-07-02 15:04:10.36
P3120000025,金杨路1（中医院）停车场,柯桥区,28,21,2021-07-02 15:04:10.36
P3120000027,金杨路3停车场,柯桥区,28,20,2021-07-02 15:04:10.36
P3120000028,鉴湖路1（锦江花园）停车场,柯桥区,29,22,2021-07-02 15:04:10.36
P3120000029,鉴湖路2（锦江花园）停车场,柯桥区,21,8,2021-07-02 15:04:10.36
P3120000032,鉴湖路5（四大银行）停车场,柯桥区,16,7,2021-07-02 15:04:10.36
P3120000033,港越路1(步行街1)停车场,柯桥区,14,7,2021-07-02 15:04:10.36
P3120000034,港越路2（精工）停车场,柯桥区,12,12,2021-07-02 15:04:10.36
P3120000037,港越路5（温州饭滩）停车场,柯桥区,22,1,2021-07-02 15:04:10.36
P3120000039,笛扬路1（世纪联华）停车场,柯桥区,31,15,2021-07-02 15:04:10.36
P3120000040,笛扬路2（广厦公寓）停车场,柯桥区,37,28,2021-07-02 15:04:10.36
P3120000045,笛扬路7（福年大厦）停车场,柯桥区,22,4,2021-07-02 15:04:10.36
P3120000062,港越路1(步行街3)停车场,柯桥区,16,9,2021-07-02 15:04:10.36
P3120000065,温渎路3停车场,柯桥区,11,3,2021-07-02 15:04:10.36
P3120000014,人和路停车场,柯桥区,19,17,2021-07-02 15:14:09.297
P3120000017,万家巷停车场,柯桥区,40,23,2021-07-02 15:14:09.297
P3120000018,黄社溇路1停车场,柯桥区,16,4,2021-07-02 15:14:09.297
P3120000028,鉴湖路1（锦江花园）停车场,柯桥区,29,21,2021-07-02 15:14:09.297
P3120000029,鉴湖路2（锦江花园）停车场,柯桥区,21,10,2021-07-02 15:14:09.297
P3120000032,鉴湖路5（四大银行）停车场,柯桥区,16,6,2021-07-02 15:14:09.297
P3120000033,港越路1(步行街1)停车场,柯桥区,14,8,2021-07-02 15:14:09.297
P3120000036,港越路4（肯德基）停车场,柯桥区,21,2,2021-07-02 15:14:09.297
P3120000037,港越路5（温州饭滩）停车场,柯桥区,22,0,2021-07-02 15:14:09.297
P3120000038,港越路6停车场,柯桥区,16,8,2021-07-02 15:14:09.297
P3120000039,笛扬路1（世纪联华）停车场,柯桥区,31,16,2021-07-02 15:14:09.297
P3120000040,笛扬路2（广厦公寓）停车场,柯桥区,37,26,2021-07-02 15:14:09.297
P3120000042,笛扬路4（工商银行）停车场,柯桥区,23,14,2021-07-02 15:14:09.297
P3120000068,港越路3（精工）停车场,柯桥区,23,5,2021-07-02 15:14:09.297
P3120000014,人和路停车场,柯桥区,19,18,2021-07-02 15:24:11.387
P3120000018,黄社溇路1停车场,柯桥区,16,2,2021-07-02 15:24:11.387
P3120000027,金杨路3停车场,柯桥区,28,18,2021-07-02 15:24:11.387
P3120000028,鉴湖路1（锦江花园）停车场,柯桥区,29,19,2021-07-02 15:24:11.387
P3120000033,港越路1(步行街1)停车场,柯桥区,14,10,2021-07-02 15:24:11.387
P3120000037,港越路5（温州饭滩）停车场,柯桥区,22,2,2021-07-02 15:24:11.387
P3120000038,港越路6停车场,柯桥区,16,9,2021-07-02 15:24:11.387
P3120000039,笛扬路1（世纪联华）停车场,柯桥区,31,14,2021-07-02 15:24:11.387
P3120000041,笛扬路3（樱花电器）停车场,柯桥区,18,14,2021-07-02 15:24:11.387
P3120000042,笛扬路4（工商银行）停车场,柯桥区,23,19,2021-07-02 15:24:11.387
P3120000045,笛扬路7（福年大厦）停车场,柯桥区,22,3,2021-07-02 15:24:11.387
P3120000061,港越路2(精工2)停车场,柯桥区,21,16,2021-07-02 15:24:11.387
P3120000062,港越路1(步行街3)停车场,柯桥区,16,8,2021-07-02 15:24:11.387
P3120000065,温渎路3停车场,柯桥区,11,4,2021-07-02 15:24:11.387
P3120000068,港越路3（精工）停车场,柯桥区,23,8,2021-07-02 15:24:11.387
P3120000015,温渎路1停车场,柯桥区,21,20,2021-07-02 15:34:08.59
P3120000017,万家巷停车场,柯桥区,40,26,2021-07-02 15:34:08.59
P3120000018,黄社溇路1停车场,柯桥区,16,3,2021-07-02 15:34:08.59
P3120000019,黄社溇路2停车场,柯桥区,18,8,2021-07-02 15:34:08.59
P3120000025,金杨路1（中医院）停车场,柯桥区,28,20,2021-07-02 15:34:08.59
P3120000027,金杨路3停车场,柯桥区,28,20,2021-07-02 15:34:08.59
P3120000028,鉴湖路1（锦江花园）停车场,柯桥区,29,20,2021-07-02 15:34:08.59
P3120000036,港越路4（肯德基）停车场,柯桥区,21,3,2021-07-02 15:34:08.59
P3120000037,港越路5（温州饭滩）停车场,柯桥区,22,1,2021-07-02 15:34:08.59
P3120000038,港越路6停车场,柯桥区,16,8,2021-07-02 15:34:08.59
P3120000040,笛扬路2（广厦公寓）停车场,柯桥区,37,24,2021-07-02 15:34:08.59
P3120000042,笛扬路4（工商银行）停车场,柯桥区,23,20,2021-07-02 15:34:08.59
P3120000061,港越路2(精工2)停车场,柯桥区,21,15,2021-07-02 15:34:08.59
P3120000064,港越路1(步行街2)停车场,柯桥区,26,14,2021-07-02 15:34:08.59
P3120000065,温渎路3停车场,柯桥区,11,6,2021-07-02 15:34:08.59
P3120000068,港越路3（精工）停车场,柯桥区,23,7,2021-07-02 15:34:08.59
P3120000014,人和路停车场,柯桥区,19,17,2021-07-02 15:44:08.81
P3120000015,温渎路1停车场,柯桥区,21,19,2021-07-02 15:44:08.81
P3120000017,万家巷停车场,柯桥区,40,25,2021-07-02 15:44:08.81
P3120000019,黄社溇路2停车场,柯桥区,18,9,2021-07-02 15:44:08.81
P3120000025,金杨路1（中医院）停车场,柯桥区,28,21,2021-07-02 15:44:08.81
P3120000027,金杨路3停车场,柯桥区,28,25,2021-07-02 15:44:08.81
P3120000028,鉴湖路1（锦江花园）停车场,柯桥区,29,21,2021-07-02 15:44:08.81
P3120000029,鉴湖路2（锦江花园）停车场,柯桥区,21,9,2021-07-02 15:44:08.81
P3120000032,鉴湖路5（四大银行）停车场,柯桥区,16,4,2021-07-02 15:44:08.81
P3120000037,港越路5（温州饭滩）停车场,柯桥区,22,0,2021-07-02 15:44:08.81
P3120000038,港越路6停车场,柯桥区,16,9,2021-07-02 15:44:08.81
P3120000040,笛扬路2（广厦公寓）停车场,柯桥区,37,26,2021-07-02 15:44:08.81
P3120000042,笛扬路4（工商银行）停车场,柯桥区,23,21,2021-07-02 15:44:08.81
P3120000045,笛扬路7（福年大厦）停车场,柯桥区,22,4,2021-07-02 15:44:08.81
P3120000062,港越路1(步行街3)停车场,柯桥区,16,9,2021-07-02 15:44:08.81
P3120000014,人和路停车场,柯桥区,19,16,2021-07-02 15:54:10.52
P3120000017,万家巷停车场,柯桥区,40,26,2021-07-02 15:54:10.52
P3120000018,黄社溇路1停车场,柯桥区,16,2,2021-07-02 15:54:10.52
P3120000019,黄社溇路2停车场,柯桥区,18,10,2021-07-02 15:54:10.52
P3120000025,金杨路1（中医院）停车场,柯桥区,28,20,2021-07-02 15:54:10.52
P3120000028,鉴湖路1（锦江花园）停车场,柯桥区,29,22,2021-07-02 15:54:10.52
P3120000030,鉴湖路3停车场,柯桥区,12,9,2021-07-02 15:54:10.52
P3120000032,鉴湖路5（四大银行）停车场,柯桥区,16,6,2021-07-02 15:54:10.52
P3120000033,港越路1(步行街1)停车场,柯桥区,14,9,2021-07-02 15:54:10.52
P3120000039,笛扬路1（世纪联华）停车场,柯桥区,31,13,2021-07-02 15:54:10.52
P3120000040,笛扬路2（广厦公寓）停车场,柯桥区,37,27,2021-07-02 15:54:10.52
P3120000041,笛扬路3（樱花电器）停车场,柯桥区,18,15,2021-07-02 15:54:10.52
P3120000042,笛扬路4（工商银行）停车场,柯桥区,23,19,2021-07-02 15:54:10.52
P3120000045,笛扬路7（福年大厦）停车场,柯桥区,22,2,2021-07-02 15:54:10.52
P3120000061,港越路2(精工2)停车场,柯桥区,21,16,2021-07-02 15:54:10.52
P3120000064,港越路1(步行街2)停车场,柯桥区,26,13,2021-07-02 15:54:10.52
P3120000065,温渎路3停车场,柯桥区,11,7,2021-07-02 15:54:10.52
P3120000068,港越路3（精工）停车场,柯桥区,23,8,2021-07-02 15:54:10.52
P3120000016,温渎路2停车场,柯桥区,15,10,2021-07-02 16:04:09.12
P3120000017,万家巷停车场,柯桥区,40,28,2021-07-02 16:04:09.12
P3120000018,黄社溇路1停车场,柯桥区,16,1,2021-07-02 16:04:09.12
P3120000019,黄社溇路2停车场,柯桥区,18,9,2021-07-02 16:04:09.12
P3120000025,金杨路1（中医院）停车场,柯桥区,28,19,2021-07-02 16:04:09.12
P3120000028,鉴湖路1（锦江花园）停车场,柯桥区,29,23,2021-07-02 16:04:09.12
P3120000030,鉴湖路3停车场,柯桥区,12,10,2021-07-02 16:04:09.12
P3120000032,鉴湖路5（四大银行）停车场,柯桥区,16,5,2021-07-02 16:04:09.12
P3120000033,港越路1(步行街1)停车场,柯桥区,14,8,2021-07-02 16:04:09.12
P3120000036,港越路4（肯德基）停车场,柯桥区,21,5,2021-07-02 16:04:09.12
P3120000037,港越路5（温州饭滩）停车场,柯桥区,22,2,2021-07-02 16:04:09.12
P3120000039,笛扬路1（世纪联华）停车场,柯桥区,31,14,2021-07-02 16:04:09.12
P3120000040,笛扬路2（广厦公寓）停车场,柯桥区,37,29,2021-07-02 16:04:09.12
P3120000045,笛扬路7（福年大厦）停车场,柯桥区,22,6,2021-07-02 16:04:09.12
P3120000061,港越路2(精工2)停车场,柯桥区,21,15,2021-07-02 16:04:09.12
P3120000062,港越路1(步行街3)停车场,柯桥区,16,8,2021-07-02 16:04:09.12
P3120000064,港越路1(步行街2)停车场,柯桥区,26,14,2021-07-02 16:04:09.12
P3120000017,万家巷停车场,柯桥区,40,29,2021-07-02 16:14:11.64
P3120000018,黄社溇路1停车场,柯桥区,16,4,2021-07-02 16:14:11.64
P3120000028,鉴湖路1（锦江花园）停车场,柯桥区,29,24,2021-07-02 16:14:11.64
P3120000029,鉴湖路2（锦江花园）停车场,柯桥区,21,8,2021-07-02 16:14:11.64
P3120000030,鉴湖路3停车场,柯桥区,12,9,2021-07-02 16:14:11.64
P3120000032,鉴湖路5（四大银行）停车场,柯桥区,16,3,2021-07-02 16:14:11.64
P3120000033,港越路1(步行街1)停车场,柯桥区,14,9,2021-07-02 16:14:11.64
P3120000036,港越路4（肯德基）停车场,柯桥区,21,6,2021-07-02 16:14:11.64
P3120000037,港越路5（温州饭滩）停车场,柯桥区,22,3,2021-07-02 16:14:11.64
P3120000038,港越路6停车场,柯桥区,16,7,2021-07-02 16:14:11.64
P3120000040,笛扬路2（广厦公寓）停车场,柯桥区,37,28,2021-07-02 16:14:11.64
P3120000042,笛扬路4（工商银行）停车场,柯桥区,23,20,2021-07-02 16:14:11.64
P3120000045,笛扬路7（福年大厦）停车场,柯桥区,22,7,2021-07-02 16:14:11.64
P3120000064,港越路1(步行街2)停车场,柯桥区,26,15,2021-07-02 16:14:11.64
P3120000065,温渎路3停车场,柯桥区,11,8,2021-07-02 16:14:11.64
P3120000014,人和路停车场,柯桥区,19,17,2021-07-02 16:24:09.647
P3120000016,温渎路2停车场,柯桥区,15,9,2021-07-02 16:24:09.647
P3120000017,万家巷停车场,柯桥区,40,26,2021-07-02 16:24:09.647
P3120000025,金杨路1（中医院）停车场,柯桥区,28,18,2021-07-02 16:24:09.647
P3120000029,鉴湖路2（锦江花园）停车场,柯桥区,21,9,2021-07-02 16:24:09.647
P3120000032,鉴湖路5（四大银行）停车场,柯桥区,16,6,2021-07-02 16:24:09.647
P3120000033,港越路1(步行街1)停车场,柯桥区,14,8,2021-07-02 16:24:09.647
P3120000036,港越路4（肯德基）停车场,柯桥区,21,7,2021-07-02 16:24:09.647
P3120000041,笛扬路3（樱花电器）停车场,柯桥区,18,14,2021-07-02 16:24:09.647
P3120000042,笛扬路4（工商银行）停车场,柯桥区,23,22,2021-07-02 16:24:09.647
P3120000045,笛扬路7（福年大厦）停车场,柯桥区,22,5,2021-07-02 16:24:09.647
P3120000061,港越路2(精工2)停车场,柯桥区,21,14,2021-07-02 16:24:09.647
P3120000064,港越路1(步行街2)停车场,柯桥区,26,13,2021-07-02 16:24:09.647
P3120000068,港越路3（精工）停车场,柯桥区,23,9,2021-07-02 16:24:09.647
P3120000017,万家巷停车场,柯桥区,40,27,2021-07-02 16:34:11.547
P3120000019,黄社溇路2停车场,柯桥区,18,11,2021-07-02 16:34:11.547
P3120000025,金杨路1（中医院）停车场,柯桥区,28,19,2021-07-02 16:34:11.547
P3120000027,金杨路3停车场,柯桥区,28,26,2021-07-02 16:34:11.547
P3120000029,鉴湖路2（锦江花园）停车场,柯桥区,21,10,2021-07-02 16:34:11.547
P3120000030,鉴湖路3停车场,柯桥区,12,8,2021-07-02 16:34:11.547
P3120000032,鉴湖路5（四大银行）停车场,柯桥区,16,10,2021-07-02 16:34:11.547
P3120000034,港越路2（精工）停车场,柯桥区,12,11,2021-07-02 16:34:11.547
P3120000036,港越路4（肯德基）停车场,柯桥区,21,6,2021-07-02 16:34:11.547
P3120000039,笛扬路1（世纪联华）停车场,柯桥区,31,16,2021-07-02 16:34:11.547
P3120000041,笛扬路3（樱花电器）停车场,柯桥区,18,13,2021-07-02 16:34:11.547
P3120000042,笛扬路4（工商银行）停车场,柯桥区,23,21,2021-07-02 16:34:11.547
P3120000045,笛扬路7（福年大厦）停车场,柯桥区,22,8,2021-07-02 16:34:11.547
P3120000061,港越路2(精工2)停车场,柯桥区,21,16,2021-07-02 16:34:11.547
P3120000065,温渎路3停车场,柯桥区,11,9,2021-07-02 16:34:11.547
P3120000068,港越路3（精工）停车场,柯桥区,23,10,2021-07-02 16:34:11.547
P3120000015,温渎路1停车场,柯桥区,21,20,2021-07-02 16:44:11.06
P3120000017,万家巷停车场,柯桥区,40,29,2021-07-02 16:44:11.06
P3120000018,黄社溇路1停车场,柯桥区,16,1,2021-07-02 16:44:11.06
P3120000019,黄社溇路2停车场,柯桥区,18,13,2021-07-02 16:44:11.06
P3120000027,金杨路3停车场,柯桥区,28,22,2021-07-02 16:44:11.06
P3120000028,鉴湖路1（锦江花园）停车场,柯桥区,29,23,2021-07-02 16:44:11.06
P3120000029,鉴湖路2（锦江花园）停车场,柯桥区,21,11,2021-07-02 16:44:11.06
P3120000030,鉴湖路3停车场,柯桥区,12,9,2021-07-02 16:44:11.06
P3120000033,港越路1(步行街1)停车场,柯桥区,14,7,2021-07-02 16:44:11.06
P3120000034,港越路2（精工）停车场,柯桥区,12,10,2021-07-02 16:44:11.06
P3120000036,港越路4（肯德基）停车场,柯桥区,21,4,2021-07-02 16:44:11.06
P3120000037,港越路5（温州饭滩）停车场,柯桥区,22,2,2021-07-02 16:44:11.06
P3120000039,笛扬路1（世纪联华）停车场,柯桥区,31,14,2021-07-02 16:44:11.06
P3120000040,笛扬路2（广厦公寓）停车场,柯桥区,37,26,2021-07-02 16:44:11.06
P3120000045,笛扬路7（福年大厦）停车场,柯桥区,22,7,2021-07-02 16:44:11.06
P3120000064,港越路1(步行街2)停车场,柯桥区,26,12,2021-07-02 16:44:11.06
P3120000065,温渎路3停车场,柯桥区,11,6,2021-07-02 16:44:11.06
P3120000068,港越路3（精工）停车场,柯桥区,23,11,2021-07-02 16:44:11.06
P3120000014,人和路停车场,柯桥区,19,16,2021-07-02 16:54:08.87
P3120000017,万家巷停车场,柯桥区,40,28,2021-07-02 16:54:08.87
P3120000018,黄社溇路1停车场,柯桥区,16,2,2021-07-02 16:54:08.87
P3120000019,黄社溇路2停车场,柯桥区,18,12,2021-07-02 16:54:08.87
P3120000025,金杨路1（中医院）停车场,柯桥区,28,20,2021-07-02 16:54:08.87
P3120000027,金杨路3停车场,柯桥区,28,23,2021-07-02 16:54:08.87
P3120000028,鉴湖路1（锦江花园）停车场,柯桥区,29,19,2021-07-02 16:54:08.87
P3120000029,鉴湖路2（锦江花园）停车场,柯桥区,21,12,2021-07-02 16:54:08.87
P3120000032,鉴湖路5（四大银行）停车场,柯桥区,16,9,2021-07-02 16:54:08.87
P3120000033,港越路1(步行街1)停车场,柯桥区,14,9,2021-07-02 16:54:08.87
P3120000034,港越路2（精工）停车场,柯桥区,12,11,2021-07-02 16:54:08.87
P3120000037,港越路5（温州饭滩）停车场,柯桥区,22,1,2021-07-02 16:54:08.87
P3120000039,笛扬路1（世纪联华）停车场,柯桥区,31,13,2021-07-02 16:54:08.87
P3120000040,笛扬路2（广厦公寓）停车场,柯桥区,37,27,2021-07-02 16:54:08.87
P3120000041,笛扬路3（樱花电器）停车场,柯桥区,18,15,2021-07-02 16:54:08.87
P3120000061,港越路2(精工2)停车场,柯桥区,21,14,2021-07-02 16:54:08.87
P3120000064,港越路1(步行街2)停车场,柯桥区,26,13,2021-07-02 16:54:08.87
P3120000068,港越路3（精工）停车场,柯桥区,23,10,2021-07-02 16:54:08.87
P3120000014,人和路停车场,柯桥区,19,15,2021-07-02 17:04:08.64
P3120000015,温渎路1停车场,柯桥区,21,19,2021-07-02 17:04:08.64
P3120000016,温渎路2停车场,柯桥区,15,8,2021-07-02 17:04:08.64
P3120000018,黄社溇路1停车场,柯桥区,16,3,2021-07-02 17:04:08.64
P3120000019,黄社溇路2停车场,柯桥区,18,13,2021-07-02 17:04:08.64
P3120000025,金杨路1（中医院）停车场,柯桥区,28,21,2021-07-02 17:04:08.64
P3120000027,金杨路3停车场,柯桥区,28,22,2021-07-02 17:04:08.64
P3120000028,鉴湖路1（锦江花园）停车场,柯桥区,29,21,2021-07-02 17:04:08.64
P3120000029,鉴湖路2（锦江花园）停车场,柯桥区,21,10,2021-07-02 17:04:08.64
P3120000034,港越路2（精工）停车场,柯桥区,12,10,2021-07-02 17:04:08.64
P3120000037,港越路5（温州饭滩）停车场,柯桥区,22,3,2021-07-02 17:04:08.64
P3120000039,笛扬路1（世纪联华）停车场,柯桥区,31,14,2021-07-02 17:04:08.64
P3120000040,笛扬路2（广厦公寓）停车场,柯桥区,37,29,2021-07-02 17:04:08.64
P3120000042,笛扬路4（工商银行）停车场,柯桥区,23,22,2021-07-02 17:04:08.64
P3120000045,笛扬路7（福年大厦）停车场,柯桥区,22,5,2021-07-02 17:04:08.64
P3120000064,港越路1(步行街2)停车场,柯桥区,26,14,2021-07-02 17:04:08.64
P3120000065,温渎路3停车场,柯桥区,11,8,2021-07-02 17:04:08.64
P3120000068,港越路3（精工）停车场,柯桥区,23,12,2021-07-02 17:04:08.64
P3120000014,人和路停车场,柯桥区,19,13,2021-07-02 17:14:10.0
P3120000015,温渎路1停车场,柯桥区,21,18,2021-07-02 17:14:10.0
P3120000016,温渎路2停车场,柯桥区,15,9,2021-07-02 17:14:10.0
P3120000017,万家巷停车场,柯桥区,40,30,2021-07-02 17:14:10.0
P3120000018,黄社溇路1停车场,柯桥区,16,2,2021-07-02 17:14:10.0
P3120000019,黄社溇路2停车场,柯桥区,18,11,2021-07-02 17:14:10.0
P3120000028,鉴湖路1（锦江花园）停车场,柯桥区,29,20,2021-07-02 17:14:10.0
P3120000029,鉴湖路2（锦江花园）停车场,柯桥区,21,12,2021-07-02 17:14:10.0
P3120000032,鉴湖路5（四大银行）停车场,柯桥区,16,6,2021-07-02 17:14:10.0
P3120000036,港越路4（肯德基）停车场,柯桥区,21,7,2021-07-02 17:14:10.0
P3120000037,港越路5（温州饭滩）停车场,柯桥区,22,4,2021-07-02 17:14:10.0
P3120000040,笛扬路2（广厦公寓）停车场,柯桥区,37,30,2021-07-02 17:14:10.0
P3120000042,笛扬路4（工商银行）停车场,柯桥区,23,20,2021-07-02 17:14:10.0
P3120000045,笛扬路7（福年大厦）停车场,柯桥区,22,8,2021-07-02 17:14:10.0
P3120000062,港越路1(步行街3)停车场,柯桥区,16,7,2021-07-02 17:14:10.0
P3120000064,港越路1(步行街2)停车场,柯桥区,26,15,2021-07-02 17:14:10.0
P3120000065,温渎路3停车场,柯桥区,11,7,2021-07-02 17:14:10.0
P3120000068,港越路3（精工）停车场,柯桥区,23,10,2021-07-02 17:14:10.0
P3120000015,温渎路1停车场,柯桥区,21,19,2021-07-02 17:24:09.327
P3120000016,温渎路2停车场,柯桥区,15,11,2021-07-02 17:24:09.327
P3120000018,黄社溇路1停车场,柯桥区,16,3,2021-07-02 17:24:09.327
P3120000019,黄社溇路2停车场,柯桥区,18,8,2021-07-02 17:24:09.327
P3120000025,金杨路1（中医院）停车场,柯桥区,28,20,2021-07-02 17:24:09.327
P3120000028,鉴湖路1（锦江花园）停车场,柯桥区,29,21,2021-07-02 17:24:09.327
P3120000032,鉴湖路5（四大银行）停车场,柯桥区,16,9,2021-07-02 17:24:09.327
P3120000036,港越路4（肯德基）停车场,柯桥区,21,9,2021-07-02 17:24:09.327
P3120000037,港越路5（温州饭滩）停车场,柯桥区,22,7,2021-07-02 17:24:09.327
P3120000038,港越路6停车场,柯桥区,16,6,2021-07-02 17:24:09.327
P3120000039,笛扬路1（世纪联华）停车场,柯桥区,31,19,2021-07-02 17:24:09.327
P3120000040,笛扬路2（广厦公寓）停车场,柯桥区,37,32,2021-07-02 17:24:09.327
P3120000042,笛扬路4（工商银行）停车场,柯桥区,23,19,2021-07-02 17:24:09.327
P3120000045,笛扬路7（福年大厦）停车场,柯桥区,22,7,2021-07-02 17:24:09.327
P3120000064,港越路1(步行街2)停车场,柯桥区,26,16,2021-07-02 17:24:09.327
P3120000065,温渎路3停车场,柯桥区,11,8,2021-07-02 17:24:09.327
P3120000068,港越路3（精工）停车场,柯桥区,23,13,2021-07-02 17:24:09.327
P3120000014,人和路停车场,柯桥区,19,14,2021-07-02 17:34:09.36
P3120000015,温渎路1停车场,柯桥区,21,20,2021-07-02 17:34:09.36
P3120000016,温渎路2停车场,柯桥区,15,9,2021-07-02 17:34:09.36
P3120000017,万家巷停车场,柯桥区,40,29,2021-07-02 17:34:09.36
P3120000019,黄社溇路2停车场,柯桥区,18,6,2021-07-02 17:34:09.36
P3120000025,金杨路1（中医院）停车场,柯桥区,28,21,2021-07-02 17:34:09.36
P3120000027,金杨路3停车场,柯桥区,28,23,2021-07-02 17:34:09.36
P3120000028,鉴湖路1（锦江花园）停车场,柯桥区,29,20,2021-07-02 17:34:09.36
P3120000029,鉴湖路2（锦江花园）停车场,柯桥区,21,11,2021-07-02 17:34:09.36
P3120000032,鉴湖路5（四大银行）停车场,柯桥区,16,10,2021-07-02 17:34:09.36
P3120000033,港越路1(步行街1)停车场,柯桥区,14,8,2021-07-02 17:34:09.36
P3120000036,港越路4（肯德基）停车场,柯桥区,21,8,2021-07-02 17:34:09.36
P3120000037,港越路5（温州饭滩）停车场,柯桥区,22,5,2021-07-02 17:34:09.36
P3120000038,港越路6停车场,柯桥区,16,9,2021-07-02 17:34:09.36
P3120000039,笛扬路1（世纪联华）停车场,柯桥区,31,21,2021-07-02 17:34:09.36
P3120000040,笛扬路2（广厦公寓）停车场,柯桥区,37,30,2021-07-02 17:34:09.36
P3120000041,笛扬路3（樱花电器）停车场,柯桥区,18,14,2021-07-02 17:34:09.36
P3120000045,笛扬路7（福年大厦）停车场,柯桥区,22,4,2021-07-02 17:34:09.36
P3120000061,港越路2(精工2)停车场,柯桥区,21,11,2021-07-02 17:34:09.36
P3120000064,港越路1(步行街2)停车场,柯桥区,26,14,2021-07-02 17:34:09.36
P3120000065,温渎路3停车场,柯桥区,11,9,2021-07-02 17:34:09.36
P3120000068,港越路3（精工）停车场,柯桥区,23,12,2021-07-02 17:34:09.36
P3120000014,人和路停车场,柯桥区,19,15,2021-07-02 17:44:10.303
P3120000015,温渎路1停车场,柯桥区,21,19,2021-07-02 17:44:10.303
P3120000016,温渎路2停车场,柯桥区,15,10,2021-07-02 17:44:10.303
P3120000017,万家巷停车场,柯桥区,40,27,2021-07-02 17:44:10.303
P3120000018,黄社溇路1停车场,柯桥区,16,1,2021-07-02 17:44:10.303
P3120000019,黄社溇路2停车场,柯桥区,18,4,2021-07-02 17:44:10.303
P3120000025,金杨路1（中医院）停车场,柯桥区,28,25,2021-07-02 17:44:10.303
P3120000027,金杨路3停车场,柯桥区,28,20,2021-07-02 17:44:10.303
P3120000028,鉴湖路1（锦江花园）停车场,柯桥区,29,21,2021-07-02 17:44:10.303
P3120000029,鉴湖路2（锦江花园）停车场,柯桥区,21,10,2021-07-02 17:44:10.303
P3120000030,鉴湖路3停车场,柯桥区,12,10,2021-07-02 17:44:10.303
P3120000033,港越路1(步行街1)停车场,柯桥区,14,7,2021-07-02 17:44:10.303
P3120000034,港越路2（精工）停车场,柯桥区,12,9,2021-07-02 17:44:10.303
P3120000036,港越路4（肯德基）停车场,柯桥区,21,7,2021-07-02 17:44:10.303
P3120000037,港越路5（温州饭滩）停车场,柯桥区,22,9,2021-07-02 17:44:10.303
P3120000038,港越路6停车场,柯桥区,16,8,2021-07-02 17:44:10.303
P3120000040,笛扬路2（广厦公寓）停车场,柯桥区,37,29,2021-07-02 17:44:10.303
P3120000042,笛扬路4（工商银行）停车场,柯桥区,23,18,2021-07-02 17:44:10.303
P3120000045,笛扬路7（福年大厦）停车场,柯桥区,22,6,2021-07-02 17:44:10.303
P3120000061,港越路2(精工2)停车场,柯桥区,21,13,2021-07-02 17:44:10.303
P3120000062,港越路1(步行街3)停车场,柯桥区,16,6,2021-07-02 17:44:10.303
P3120000064,港越路1(步行街2)停车场,柯桥区,26,13,2021-07-02 17:44:10.303
P3120000065,温渎路3停车场,柯桥区,11,8,2021-07-02 17:44:10.303
P3120000068,港越路3（精工）停车场,柯桥区,23,11,2021-07-02 17:44:10.303
P3120000017,万家巷停车场,柯桥区,40,24,2021-07-02 17:54:09.113
P3120000018,黄社溇路1停车场,柯桥区,16,0,2021-07-02 17:54:09.113
P3120000019,黄社溇路2停车场,柯桥区,18,1,2021-07-02 17:54:09.113
P3120000025,金杨路1（中医院）停车场,柯桥区,28,24,2021-07-02 17:54:09.113
P3120000027,金杨路3停车场,柯桥区,28,22,2021-07-02 17:54:09.113
P3120000028,鉴湖路1（锦江花园）停车场,柯桥区,29,23,2021-07-02 17:54:09.113
P3120000029,鉴湖路2（锦江花园）停车场,柯桥区,21,11,2021-07-02 17:54:09.113
P3120000030,鉴湖路3停车场,柯桥区,12,11,2021-07-02 17:54:09.113
P3120000032,鉴湖路5（四大银行）停车场,柯桥区,16,9,2021-07-02 17:54:09.113
P3120000033,港越路1(步行街1)停车场,柯桥区,14,8,2021-07-02 17:54:09.113
P3120000034,港越路2（精工）停车场,柯桥区,12,10,2021-07-02 17:54:09.113
P3120000037,港越路5（温州饭滩）停车场,柯桥区,22,11,2021-07-02 17:54:09.113
P3120000038,港越路6停车场,柯桥区,16,7,2021-07-02 17:54:09.113
P3120000039,笛扬路1（世纪联华）停车场,柯桥区,31,24,2021-07-02 17:54:09.113
P3120000040,笛扬路2（广厦公寓）停车场,柯桥区,37,30,2021-07-02 17:54:09.113
P3120000041,笛扬路3（樱花电器）停车场,柯桥区,18,16,2021-07-02 17:54:09.113
P3120000042,笛扬路4（工商银行）停车场,柯桥区,23,19,2021-07-02 17:54:09.113
P3120000045,笛扬路7（福年大厦）停车场,柯桥区,22,10,2021-07-02 17:54:09.113
P3120000061,港越路2(精工2)停车场,柯桥区,21,14,2021-07-02 17:54:09.113
P3120000064,港越路1(步行街2)停车场,柯桥区,26,14,2021-07-02 17:54:09.113
P3120000065,温渎路3停车场,柯桥区,11,10,2021-07-02 17:54:09.113
P3120000068,港越路3（精工）停车场,柯桥区,23,17,2021-07-02 17:54:09.113
P3120000014,人和路停车场,柯桥区,19,19,2021-07-03 00:04:11.377
P3120000015,温渎路1停车场,柯桥区,21,21,2021-07-03 00:04:11.377
P3120000016,温渎路2停车场,柯桥区,15,12,2021-07-03 00:04:11.377
P3120000017,万家巷停车场,柯桥区,40,34,2021-07-03 00:04:11.377
P3120000018,黄社溇路1停车场,柯桥区,16,15,2021-07-03 00:04:11.377
P3120000019,黄社溇路2停车场,柯桥区,18,18,2021-07-03 00:04:11.377
P3120000025,金杨路1（中医院）停车场,柯桥区,28,26,2021-07-03 00:04:11.377
P3120000027,金杨路3停车场,柯桥区,28,26,2021-07-03 00:04:11.377
P3120000028,鉴湖路1（锦江花园）停车场,柯桥区,29,24,2021-07-03 00:04:11.377
P3120000029,鉴湖路2（锦江花园）停车场,柯桥区,21,16,2021-07-03 00:04:11.377
P3120000030,鉴湖路3停车场,柯桥区,12,12,2021-07-03 00:04:11.377
P3120000032,鉴湖路5（四大银行）停车场,柯桥区,16,14,2021-07-03 00:04:11.377
P3120000033,港越路1(步行街1)停车场,柯桥区,14,13,2021-07-03 00:04:11.377
P3120000034,港越路2（精工）停车场,柯桥区,12,12,2021-07-03 00:04:11.377
P3120000036,港越路4（肯德基）停车场,柯桥区,21,20,2021-07-03 00:04:11.377
P3120000037,港越路5（温州饭滩）停车场,柯桥区,22,20,2021-07-03 00:04:11.377
P3120000038,港越路6停车场,柯桥区,16,15,2021-07-03 00:04:11.377
P3120000039,笛扬路1（世纪联华）停车场,柯桥区,31,26,2021-07-03 00:04:11.377
P3120000040,笛扬路2（广厦公寓）停车场,柯桥区,37,32,2021-07-03 00:04:11.377
P3120000041,笛扬路3（樱花电器）停车场,柯桥区,18,14,2021-07-03 00:04:11.377
P3120000042,笛扬路4（工商银行）停车场,柯桥区,23,17,2021-07-03 00:04:11.377
P3120000045,笛扬路7（福年大厦）停车场,柯桥区,22,20,2021-07-03 00:04:11.377
P3120000061,港越路2(精工2)停车场,柯桥区,21,17,2021-07-03 00:04:11.377
P3120000064,港越路1(步行街2)停车场,柯桥区,26,25,2021-07-03 00:04:11.377
P3120000068,港越路3（精工）停车场,柯桥区,23,18,2021-07-03 00:04:11.377
P3120000018,黄社溇路1停车场,柯桥区,16,13,2021-07-03 06:14:09.35
P3120000027,金杨路3停车场,柯桥区,28,25,2021-07-03 06:14:09.35
P3120000028,鉴湖路1（锦江花园）停车场,柯桥区,29,25,2021-07-03 06:14:09.35
P3120000036,港越路4（肯德基）停车场,柯桥区,21,19,2021-07-03 06:14:09.35
P3120000041,笛扬路3（樱花电器）停车场,柯桥区,18,13,2021-07-03 06:14:09.35
P3120000045,笛扬路7（福年大厦）停车场,柯桥区,22,21,2021-07-03 06:14:09.35
P3120000016,温渎路2停车场,柯桥区,15,11,2021-07-03 06:24:09.78
P3120000028,鉴湖路1（锦江花园）停车场,柯桥区,29,23,2021-07-03 06:24:09.78
P3120000032,鉴湖路5（四大银行）停车场,柯桥区,16,13,2021-07-03 06:24:09.78
P3120000033,港越路1(步行街1)停车场,柯桥区,14,12,2021-07-03 06:24:09.78
P3120000040,笛扬路2（广厦公寓）停车场,柯桥区,37,31,2021-07-03 06:24:09.78
P3120000028,鉴湖路1（锦江花园）停车场,柯桥区,29,24,2021-07-03 06:34:09.85
P3120000040,笛扬路2（广厦公寓）停车场,柯桥区,37,32,2021-07-03 06:34:09.85
P3120000041,笛扬路3（樱花电器）停车场,柯桥区,18,12,2021-07-03 06:34:09.85
P3120000042,笛扬路4（工商银行）停车场,柯桥区,23,18,2021-07-03 06:34:09.85
P3120000062,港越路1(步行街3)停车场,柯桥区,16,7,2021-07-03 06:34:09.85
P3120000016,温渎路2停车场,柯桥区,15,12,2021-07-03 06:44:11.3
P3120000018,黄社溇路1停车场,柯桥区,16,14,2021-07-03 06:44:11.3
P3120000028,鉴湖路1（锦江花园）停车场,柯桥区,29,23,2021-07-03 06:44:11.3
P3120000033,港越路1(步行街1)停车场,柯桥区,14,13,2021-07-03 06:44:11.3
P3120000036,港越路4（肯德基）停车场,柯桥区,21,18,2021-07-03 06:44:11.3
P3120000037,港越路5（温州饭滩）停车场,柯桥区,22,18,2021-07-03 06:44:11.3
P3120000040,笛扬路2（广厦公寓）停车场,柯桥区,37,31,2021-07-03 06:44:11.3
P3120000041,笛扬路3（樱花电器）停车场,柯桥区,18,14,2021-07-03 06:44:11.3
P3120000042,笛扬路4（工商银行）停车场,柯桥区,23,17,2021-07-03 06:44:11.3
P3120000015,温渎路1停车场,柯桥区,21,19,2021-07-03 06:54:11.447
P3120000017,万家巷停车场,柯桥区,40,25,2021-07-03 06:54:11.447
P3120000029,鉴湖路2（锦江花园）停车场,柯桥区,21,15,2021-07-03 06:54:11.447
P3120000033,港越路1(步行街1)停车场,柯桥区,14,14,2021-07-03 06:54:11.447
P3120000034,港越路2（精工）停车场,柯桥区,12,5,2021-07-03 06:54:11.447
P3120000036,港越路4（肯德基）停车场,柯桥区,21,19,2021-07-03 06:54:11.447
P3120000037,港越路5（温州饭滩）停车场,柯桥区,22,19,2021-07-03 06:54:11.447
P3120000039,笛扬路1（世纪联华）停车场,柯桥区,31,30,2021-07-03 06:54:11.447
P3120000040,笛扬路2（广厦公寓）停车场,柯桥区,37,37,2021-07-03 06:54:11.447
P3120000042,笛扬路4（工商银行）停车场,柯桥区,23,22,2021-07-03 06:54:11.447
P3120000045,笛扬路7（福年大厦）停车场,柯桥区,22,22,2021-07-03 06:54:11.447
P3120000061,港越路2(精工2)停车场,柯桥区,21,16,2021-07-03 06:54:11.447
P3120000014,人和路停车场,柯桥区,19,13,2021-07-03 07:04:09.297
P3120000015,温渎路1停车场,柯桥区,21,17,2021-07-03 07:04:09.297
P3120000017,万家巷停车场,柯桥区,40,22,2021-07-03 07:04:09.297
P3120000018,黄社溇路1停车场,柯桥区,16,13,2021-07-03 07:04:09.297
P3120000025,金杨路1（中医院）停车场,柯桥区,28,25,2021-07-03 07:04:09.297
P3120000027,金杨路3停车场,柯桥区,28,13,2021-07-03 07:04:09.297
P3120000028,鉴湖路1（锦江花园）停车场,柯桥区,29,22,2021-07-03 07:04:09.297
P3120000029,鉴湖路2（锦江花园）停车场,柯桥区,21,14,2021-07-03 07:04:09.297
P3120000032,鉴湖路5（四大银行）停车场,柯桥区,16,11,2021-07-03 07:04:09.297
P3120000034,港越路2（精工）停车场,柯桥区,12,6,2021-07-03 07:04:09.297
P3120000036,港越路4（肯德基）停车场,柯桥区,21,13,2021-07-03 07:04:09.297
P3120000038,港越路6停车场,柯桥区,16,16,2021-07-03 07:04:09.297
P3120000040,笛扬路2（广厦公寓）停车场,柯桥区,37,36,2021-07-03 07:04:09.297
P3120000041,笛扬路3（樱花电器）停车场,柯桥区,18,16,2021-07-03 07:04:09.297
P3120000045,笛扬路7（福年大厦）停车场,柯桥区,22,21,2021-07-03 07:04:09.297
P3120000061,港越路2(精工2)停车场,柯桥区,21,12,2021-07-03 07:04:09.297
P3120000014,人和路停车场,柯桥区,19,7,2021-07-03 07:14:11.193
P3120000016,温渎路2停车场,柯桥区,15,7,2021-07-03 07:14:11.193
P3120000018,黄社溇路1停车场,柯桥区,16,7,2021-07-03 07:14:11.193
P3120000019,黄社溇路2停车场,柯桥区,18,16,2021-07-03 07:14:11.193
P3120000027,金杨路3停车场,柯桥区,28,10,2021-07-03 07:14:11.193
P3120000028,鉴湖路1（锦江花园）停车场,柯桥区,29,11,2021-07-03 07:14:11.193
P3120000029,鉴湖路2（锦江花园）停车场,柯桥区,21,12,2021-07-03 07:14:11.193
P3120000032,鉴湖路5（四大银行）停车场,柯桥区,16,12,2021-07-03 07:14:11.193
P3120000033,港越路1(步行街1)停车场,柯桥区,14,8,2021-07-03 07:14:11.193
P3120000036,港越路4（肯德基）停车场,柯桥区,21,12,2021-07-03 07:14:11.193
P3120000037,港越路5（温州饭滩）停车场,柯桥区,22,12,2021-07-03 07:14:11.193
P3120000038,港越路6停车场,柯桥区,16,14,2021-07-03 07:14:11.193
P3120000040,笛扬路2（广厦公寓）停车场,柯桥区,37,35,2021-07-03 07:14:11.193
P3120000042,笛扬路4（工商银行）停车场,柯桥区,23,23,2021-07-03 07:14:11.193
P3120000045,笛扬路7（福年大厦）停车场,柯桥区,22,7,2021-07-03 07:14:11.193
P3120000062,港越路1(步行街3)停车场,柯桥区,16,6,2021-07-03 07:14:11.193
P3120000064,港越路1(步行街2)停车场,柯桥区,26,24,2021-07-03 07:14:11.193
P3120000065,温渎路3停车场,柯桥区,11,8,2021-07-03 07:14:11.193
P3120000018,黄社溇路1停车场,柯桥区,16,9,2021-07-03 07:24:07.917
P3120000025,金杨路1（中医院）停车场,柯桥区,28,15,2021-07-03 07:24:07.917
P3120000028,鉴湖路1（锦江花园）停车场,柯桥区,29,13,2021-07-03 07:24:07.917
P3120000032,鉴湖路5（四大银行）停车场,柯桥区,16,7,2021-07-03 07:24:07.917
P3120000033,港越路1(步行街1)停车场,柯桥区,14,6,2021-07-03 07:24:07.917
P3120000036,港越路4（肯德基）停车场,柯桥区,21,13,2021-07-03 07:24:07.917
P3120000037,港越路5（温州饭滩）停车场,柯桥区,22,10,2021-07-03 07:24:07.917
P3120000038,港越路6停车场,柯桥区,16,12,2021-07-03 07:24:07.917
P3120000039,笛扬路1（世纪联华）停车场,柯桥区,31,28,2021-07-03 07:24:07.917
P3120000040,笛扬路2（广厦公寓）停车场,柯桥区,37,33,2021-07-03 07:24:07.917
P3120000041,笛扬路3（樱花电器）停车场,柯桥区,18,17,2021-07-03 07:24:07.917
P3120000042,笛扬路4（工商银行）停车场,柯桥区,23,22,2021-07-03 07:24:07.917
P3120000045,笛扬路7（福年大厦）停车场,柯桥区,22,6,2021-07-03 07:24:07.917
P3120000064,港越路1(步行街2)停车场,柯桥区,26,19,2021-07-03 07:24:07.917
P3120000016,温渎路2停车场,柯桥区,15,6,2021-07-03 07:34:08.683
P3120000025,金杨路1（中医院）停车场,柯桥区,28,16,2021-07-03 07:34:08.683
P3120000027,金杨路3停车场,柯桥区,28,11,2021-07-03 07:34:08.683
P3120000029,鉴湖路2（锦江花园）停车场,柯桥区,21,15,2021-07-03 07:34:08.683
P3120000037,港越路5（温州饭滩）停车场,柯桥区,22,12,2021-07-03 07:34:08.683
P3120000040,笛扬路2（广厦公寓）停车场,柯桥区,37,30,2021-07-03 07:34:08.683
P3120000042,笛扬路4（工商银行）停车场,柯桥区,23,20,2021-07-03 07:34:08.683
P3120000061,港越路2(精工2)停车场,柯桥区,21,13,2021-07-03 07:34:08.683
P3120000064,港越路1(步行街2)停车场,柯桥区,26,20,2021-07-03 07:34:08.683
P3120000065,温渎路3停车场,柯桥区,11,7,2021-07-03 07:34:08.683
P3120000014,人和路停车场,柯桥区,19,6,2021-07-03 07:44:11.413
P3120000016,温渎路2停车场,柯桥区,15,10,2021-07-03 07:44:11.413
P3120000017,万家巷停车场,柯桥区,40,21,2021-07-03 07:44:11.413
P3120000028,鉴湖路1（锦江花园）停车场,柯桥区,29,11,2021-07-03 07:44:11.413
P3120000029,鉴湖路2（锦江花园）停车场,柯桥区,21,14,2021-07-03 07:44:11.413
P3120000032,鉴湖路5（四大银行）停车场,柯桥区,16,9,2021-07-03 07:44:11.413
P3120000036,港越路4（肯德基）停车场,柯桥区,21,12,2021-07-03 07:44:11.413
P3120000038,港越路6停车场,柯桥区,16,11,2021-07-03 07:44:11.413
P3120000039,笛扬路1（世纪联华）停车场,柯桥区,31,27,2021-07-03 07:44:11.413
P3120000040,笛扬路2（广厦公寓）停车场,柯桥区,37,29,2021-07-03 07:44:11.413
P3120000042,笛扬路4（工商银行）停车场,柯桥区,23,21,2021-07-03 07:44:11.413
P3120000064,港越路1(步行街2)停车场,柯桥区,26,18,2021-07-03 07:44:11.413
P3120000014,人和路停车场,柯桥区,19,10,2021-07-03 07:54:10.61
P3120000025,金杨路1（中医院）停车场,柯桥区,28,17,2021-07-03 07:54:10.61
P3120000027,金杨路3停车场,柯桥区,28,10,2021-07-03 07:54:10.61
P3120000028,鉴湖路1（锦江花园）停车场,柯桥区,29,13,2021-07-03 07:54:10.61
P3120000029,鉴湖路2（锦江花园）停车场,柯桥区,21,12,2021-07-03 07:54:10.61
P3120000036,港越路4（肯德基）停车场,柯桥区,21,13,2021-07-03 07:54:10.61
P3120000037,港越路5（温州饭滩）停车场,柯桥区,22,14,2021-07-03 07:54:10.61
P3120000040,笛扬路2（广厦公寓）停车场,柯桥区,37,28,2021-07-03 07:54:10.61
P3120000042,笛扬路4（工商银行）停车场,柯桥区,23,22,2021-07-03 07:54:10.61
P3120000045,笛扬路7（福年大厦）停车场,柯桥区,22,7,2021-07-03 07:54:10.61
P3120000061,港越路2(精工2)停车场,柯桥区,21,14,2021-07-03 07:54:10.61
P3120000062,港越路1(步行街3)停车场,柯桥区,16,7,2021-07-03 07:54:10.61
P3120000064,港越路1(步行街2)停车场,柯桥区,26,17,2021-07-03 07:54:10.61
P3120000017,万家巷停车场,柯桥区,40,22,2021-07-03 08:04:11.01
P3120000018,黄社溇路1停车场,柯桥区,16,10,2021-07-03 08:04:11.01
P3120000019,黄社溇路2停车场,柯桥区,18,17,2021-07-03 08:04:11.01
P3120000025,金杨路1（中医院）停车场,柯桥区,28,16,2021-07-03 08:04:11.01
P3120000030,鉴湖路3停车场,柯桥区,12,11,2021-07-03 08:04:11.01
P3120000032,鉴湖路5（四大银行）停车场,柯桥区,16,10,2021-07-03 08:04:11.01
P3120000036,港越路4（肯德基）停车场,柯桥区,21,12,2021-07-03 08:04:11.01
P3120000037,港越路5（温州饭滩）停车场,柯桥区,22,11,2021-07-03 08:04:11.01
P3120000038,港越路6停车场,柯桥区,16,12,2021-07-03 08:04:11.01
P3120000039,笛扬路1（世纪联华）停车场,柯桥区,31,26,2021-07-03 08:04:11.01
P3120000040,笛扬路2（广厦公寓）停车场,柯桥区,37,27,2021-07-03 08:04:11.01
P3120000041,笛扬路3（樱花电器）停车场,柯桥区,18,16,2021-07-03 08:04:11.01
P3120000042,笛扬路4（工商银行）停车场,柯桥区,23,21,2021-07-03 08:04:11.01
P3120000065,温渎路3停车场,柯桥区,11,8,2021-07-03 08:04:11.01
P3120000014,人和路停车场,柯桥区,19,11,2021-07-03 08:14:09.703
P3120000016,温渎路2停车场,柯桥区,15,9,2021-07-03 08:14:09.703
P3120000018,黄社溇路1停车场,柯桥区,16,7,2021-07-03 08:14:09.703
P3120000019,黄社溇路2停车场,柯桥区,18,16,2021-07-03 08:14:09.703
P3120000025,金杨路1（中医院）停车场,柯桥区,28,18,2021-07-03 08:14:09.703
P3120000027,金杨路3停车场,柯桥区,28,8,2021-07-03 08:14:09.703
P3120000029,鉴湖路2（锦江花园）停车场,柯桥区,21,14,2021-07-03 08:14:09.703
P3120000032,鉴湖路5（四大银行）停车场,柯桥区,16,11,2021-07-03 08:14:09.703
P3120000037,港越路5（温州饭滩）停车场,柯桥区,22,10,2021-07-03 08:14:09.703
P3120000039,笛扬路1（世纪联华）停车场,柯桥区,31,24,2021-07-03 08:14:09.703
P3120000040,笛扬路2（广厦公寓）停车场,柯桥区,37,26,2021-07-03 08:14:09.703
P3120000042,笛扬路4（工商银行）停车场,柯桥区,23,22,2021-07-03 08:14:09.703
P3120000062,港越路1(步行街3)停车场,柯桥区,16,6,2021-07-03 08:14:09.703
P3120000065,温渎路3停车场,柯桥区,11,9,2021-07-03 08:14:09.703
P3120000068,港越路3（精工）停车场,柯桥区,23,17,2021-07-03 08:14:09.703
P3120000015,温渎路1停车场,柯桥区,21,18,2021-07-03 08:24:09.927
P3120000017,万家巷停车场,柯桥区,40,21,2021-07-03 08:24:09.927
P3120000018,黄社溇路1停车场,柯桥区,16,6,2021-07-03 08:24:09.927
P3120000027,金杨路3停车场,柯桥区,28,10,2021-07-03 08:24:09.927
P3120000030,鉴湖路3停车场,柯桥区,12,6,2021-07-03 08:24:09.927
P3120000032,鉴湖路5（四大银行）停车场,柯桥区,16,10,2021-07-03 08:24:09.927
P3120000039,笛扬路1（世纪联华）停车场,柯桥区,31,23,2021-07-03 08:24:09.927
P3120000045,笛扬路7（福年大厦）停车场,柯桥区,22,8,2021-07-03 08:24:09.927
P3120000061,港越路2(精工2)停车场,柯桥区,21,15,2021-07-03 08:24:09.927
P3120000064,港越路1(步行街2)停车场,柯桥区,26,18,2021-07-03 08:24:09.927
P3120000014,人和路停车场,柯桥区,19,13,2021-07-03 08:34:08.83
P3120000016,温渎路2停车场,柯桥区,15,8,2021-07-03 08:34:08.83
P3120000018,黄社溇路1停车场,柯桥区,16,7,2021-07-03 08:34:08.83
P3120000027,金杨路3停车场,柯桥区,28,11,2021-07-03 08:34:08.83
P3120000028,鉴湖路1（锦江花园）停车场,柯桥区,29,14,2021-07-03 08:34:08.83
P3120000030,鉴湖路3停车场,柯桥区,12,7,2021-07-03 08:34:08.83
P3120000032,鉴湖路5（四大银行）停车场,柯桥区,16,8,2021-07-03 08:34:08.83
P3120000036,港越路4（肯德基）停车场,柯桥区,21,11,2021-07-03 08:34:08.83
P3120000037,港越路5（温州饭滩）停车场,柯桥区,22,12,2021-07-03 08:34:08.83
P3120000039,笛扬路1（世纪联华）停车场,柯桥区,31,24,2021-07-03 08:34:08.83
P3120000061,港越路2(精工2)停车场,柯桥区,21,14,2021-07-03 08:34:08.83
P3120000068,港越路3（精工）停车场,柯桥区,23,16,2021-07-03 08:34:08.83
P3120000017,万家巷停车场,柯桥区,40,24,2021-07-03 08:44:10.27
P3120000018,黄社溇路1停车场,柯桥区,16,6,2021-07-03 08:44:10.27
P3120000019,黄社溇路2停车场,柯桥区,18,17,2021-07-03 08:44:10.27
P3120000028,鉴湖路1（锦江花园）停车场,柯桥区,29,15,2021-07-03 08:44:10.27
P3120000032,鉴湖路5（四大银行）停车场,柯桥区,16,7,2021-07-03 08:44:10.27
P3120000036,港越路4（肯德基）停车场,柯桥区,21,6,2021-07-03 08:44:10.27
P3120000037,港越路5（温州饭滩）停车场,柯桥区,22,11,2021-07-03 08:44:10.27
P3120000039,笛扬路1（世纪联华）停车场,柯桥区,31,25,2021-07-03 08:44:10.27
P3120000045,笛扬路7（福年大厦）停车场,柯桥区,22,3,2021-07-03 08:44:10.27
P3120000062,港越路1(步行街3)停车场,柯桥区,16,7,2021-07-03 08:44:10.27
P3120000064,港越路1(步行街2)停车场,柯桥区,26,19,2021-07-03 08:44:10.27
P3120000065,温渎路3停车场,柯桥区,11,7,2021-07-03 08:44:10.27
P3120000016,温渎路2停车场,柯桥区,15,7,2021-07-03 08:54:08.24
P3120000017,万家巷停车场,柯桥区,40,25,2021-07-03 08:54:08.24
P3120000018,黄社溇路1停车场,柯桥区,16,7,2021-07-03 08:54:08.24
P3120000027,金杨路3停车场,柯桥区,28,12,2021-07-03 08:54:08.24
P3120000029,鉴湖路2（锦江花园）停车场,柯桥区,21,13,2021-07-03 08:54:08.24
P3120000030,鉴湖路3停车场,柯桥区,12,8,2021-07-03 08:54:08.24
P3120000036,港越路4（肯德基）停车场,柯桥区,21,8,2021-07-03 08:54:08.24
P3120000039,笛扬路1（世纪联华）停车场,柯桥区,31,26,2021-07-03 08:54:08.24
P3120000042,笛扬路4（工商银行）停车场,柯桥区,23,21,2021-07-03 08:54:08.24
P3120000015,温渎路1停车场,柯桥区,21,19,2021-07-03 09:04:08.147
P3120000016,温渎路2停车场,柯桥区,15,8,2021-07-03 09:04:08.147
P3120000017,万家巷停车场,柯桥区,40,26,2021-07-03 09:04:08.147
P3120000018,黄社溇路1停车场,柯桥区,16,9,2021-07-03 09:04:08.147
P3120000028,鉴湖路1（锦江花园）停车场,柯桥区,29,18,2021-07-03 09:04:08.147
P3120000029,鉴湖路2（锦江花园）停车场,柯桥区,21,12,2021-07-03 09:04:08.147
P3120000030,鉴湖路3停车场,柯桥区,12,9,2021-07-03 09:04:08.147
P3120000032,鉴湖路5（四大银行）停车场,柯桥区,16,4,2021-07-03 09:04:08.147
P3120000036,港越路4（肯德基）停车场,柯桥区,21,5,2021-07-03 09:04:08.147
P3120000037,港越路5（温州饭滩）停车场,柯桥区,22,8,2021-07-03 09:04:08.147
P3120000038,港越路6停车场,柯桥区,16,11,2021-07-03 09:04:08.147
P3120000039,笛扬路1（世纪联华）停车场,柯桥区,31,27,2021-07-03 09:04:08.147
P3120000040,笛扬路2（广厦公寓）停车场,柯桥区,37,28,2021-07-03 09:04:08.147
P3120000042,笛扬路4（工商银行）停车场,柯桥区,23,22,2021-07-03 09:04:08.147
P3120000061,港越路2(精工2)停车场,柯桥区,21,13,2021-07-03 09:04:08.147
P3120000018,黄社溇路1停车场,柯桥区,16,10,2021-07-03 09:14:09.28
P3120000027,金杨路3停车场,柯桥区,28,14,2021-07-03 09:14:09.28
P3120000029,鉴湖路2（锦江花园）停车场,柯桥区,21,13,2021-07-03 09:14:09.28
P3120000032,鉴湖路5（四大银行）停车场,柯桥区,16,5,2021-07-03 09:14:09.28
P3120000036,港越路4（肯德基）停车场,柯桥区,21,3,2021-07-03 09:14:09.28
P3120000040,笛扬路2（广厦公寓）停车场,柯桥区,37,29,2021-07-03 09:14:09.28
P3120000042,笛扬路4（工商银行）停车场,柯桥区,23,21,2021-07-03 09:14:09.28
P3120000065,温渎路3停车场,柯桥区,11,8,2021-07-03 09:14:09.28
P3120000068,港越路3（精工）停车场,柯桥区,23,11,2021-07-03 09:14:09.28
P3120000014,人和路停车场,柯桥区,19,12,2021-07-03 09:24:09.497
P3120000017,万家巷停车场,柯桥区,40,25,2021-07-03 09:24:09.497
P3120000018,黄社溇路1停车场,柯桥区,16,7,2021-07-03 09:24:09.497
P3120000025,金杨路1（中医院）停车场,柯桥区,28,17,2021-07-03 09:24:09.497
P3120000028,鉴湖路1（锦江花园）停车场,柯桥区,29,17,2021-07-03 09:24:09.497
P3120000029,鉴湖路2（锦江花园）停车场,柯桥区,21,10,2021-07-03 09:24:09.497
P3120000030,鉴湖路3停车场,柯桥区,12,10,2021-07-03 09:24:09.497
P3120000032,鉴湖路5（四大银行）停车场,柯桥区,16,7,2021-07-03 09:24:09.497
P3120000033,港越路1(步行街1)停车场,柯桥区,14,8,2021-07-03 09:24:09.497
P3120000034,港越路2（精工）停车场,柯桥区,12,8,2021-07-03 09:24:09.497
P3120000036,港越路4（肯德基）停车场,柯桥区,21,5,2021-07-03 09:24:09.497
P3120000037,港越路5（温州饭滩）停车场,柯桥区,22,7,2021-07-03 09:24:09.497
P3120000038,港越路6停车场,柯桥区,16,10,2021-07-03 09:24:09.497
P3120000041,笛扬路3（樱花电器）停车场,柯桥区,18,15,2021-07-03 09:24:09.497
P3120000042,笛扬路4（工商银行）停车场,柯桥区,23,22,2021-07-03 09:24:09.497
P3120000045,笛扬路7（福年大厦）停车场,柯桥区,22,4,2021-07-03 09:24:09.497
P3120000061,港越路2(精工2)停车场,柯桥区,21,14,2021-07-03 09:24:09.497
P3120000064,港越路1(步行街2)停车场,柯桥区,26,18,2021-07-03 09:24:09.497
P3120000065,温渎路3停车场,柯桥区,11,7,2021-07-03 09:24:09.497
P3120000015,温渎路1停车场,柯桥区,21,20,2021-07-03 09:34:09.843
P3120000018,黄社溇路1停车场,柯桥区,16,5,2021-07-03 09:34:09.843
P3120000019,黄社溇路2停车场,柯桥区,18,18,2021-07-03 09:34:09.843
P3120000025,金杨路1（中医院）停车场,柯桥区,28,18,2021-07-03 09:34:09.843
P3120000027,金杨路3停车场,柯桥区,28,15,2021-07-03 09:34:09.843
P3120000028,鉴湖路1（锦江花园）停车场,柯桥区,29,20,2021-07-03 09:34:09.843
P3120000029,鉴湖路2（锦江花园）停车场,柯桥区,21,12,2021-07-03 09:34:09.843
P3120000032,鉴湖路5（四大银行）停车场,柯桥区,16,8,2021-07-03 09:34:09.843
P3120000037,港越路5（温州饭滩）停车场,柯桥区,22,8,2021-07-03 09:34:09.843
P3120000038,港越路6停车场,柯桥区,16,7,2021-07-03 09:34:09.843
P3120000039,笛扬路1（世纪联华）停车场,柯桥区,31,22,2021-07-03 09:34:09.843
P3120000040,笛扬路2（广厦公寓）停车场,柯桥区,37,28,2021-07-03 09:34:09.843
P3120000045,笛扬路7（福年大厦）停车场,柯桥区,22,3,2021-07-03 09:34:09.843
P3120000061,港越路2(精工2)停车场,柯桥区,21,15,2021-07-03 09:34:09.843
P3120000014,人和路停车场,柯桥区,19,14,2021-07-03 09:44:11.743
P3120000017,万家巷停车场,柯桥区,40,26,2021-07-03 09:44:11.743
P3120000019,黄社溇路2停车场,柯桥区,18,16,2021-07-03 09:44:11.743
P3120000027,金杨路3停车场,柯桥区,28,17,2021-07-03 09:44:11.743
P3120000028,鉴湖路1（锦江花园）停车场,柯桥区,29,18,2021-07-03 09:44:11.743
P3120000029,鉴湖路2（锦江花园）停车场,柯桥区,21,10,2021-07-03 09:44:11.743
P3120000030,鉴湖路3停车场,柯桥区,12,9,2021-07-03 09:44:11.743
P3120000032,鉴湖路5（四大银行）停车场,柯桥区,16,10,2021-07-03 09:44:11.743
P3120000036,港越路4（肯德基）停车场,柯桥区,21,6,2021-07-03 09:44:11.743
P3120000039,笛扬路1（世纪联华）停车场,柯桥区,31,21,2021-07-03 09:44:11.743
P3120000041,笛扬路3（樱花电器）停车场,柯桥区,18,17,2021-07-03 09:44:11.743
P3120000045,笛扬路7（福年大厦）停车场,柯桥区,22,2,2021-07-03 09:44:11.743
P3120000061,港越路2(精工2)停车场,柯桥区,21,14,2021-07-03 09:44:11.743
P3120000062,港越路1(步行街3)停车场,柯桥区,16,8,2021-07-03 09:44:11.743
P3120000068,港越路3（精工）停车场,柯桥区,23,8,2021-07-03 09:44:11.743
P3120000040,笛扬路2（广厦公寓）停车场,柯桥区,37,27,2021-07-03 10:44:11.753
P3120000027,金杨路3停车场,柯桥区,28,18,2021-07-03 10:54:10.16
P3120000032,鉴湖路5（四大银行）停车场,柯桥区,16,9,2021-07-03 10:54:10.16
P3120000038,港越路6停车场,柯桥区,16,6,2021-07-03 10:54:10.16
P3120000040,笛扬路2（广厦公寓）停车场,柯桥区,37,28,2021-07-03 10:54:10.16
P3120000064,港越路1(步行街2)停车场,柯桥区,26,19,2021-07-03 10:54:10.16
P3120000014,人和路停车场,柯桥区,19,18,2021-07-03 11:04:07.347
P3120000016,温渎路2停车场,柯桥区,15,12,2021-07-03 11:04:07.347
P3120000017,万家巷停车场,柯桥区,40,27,2021-07-03 11:04:07.347
P3120000025,金杨路1（中医院）停车场,柯桥区,28,19,2021-07-03 11:04:07.347
P3120000027,金杨路3停车场,柯桥区,28,19,2021-07-03 11:04:07.347
P3120000028,鉴湖路1（锦江花园）停车场,柯桥区,29,22,2021-07-03 11:04:07.347
P3120000029,鉴湖路2（锦江花园）停车场,柯桥区,21,12,2021-07-03 11:04:07.347
P3120000030,鉴湖路3停车场,柯桥区,12,10,2021-07-03 11:04:07.347
P3120000032,鉴湖路5（四大银行）停车场,柯桥区,16,10,2021-07-03 11:04:07.347
P3120000033,港越路1(步行街1)停车场,柯桥区,14,7,2021-07-03 11:04:07.347
P3120000034,港越路2（精工）停车场,柯桥区,12,10,2021-07-03 11:04:07.347
P3120000036,港越路4（肯德基）停车场,柯桥区,21,7,2021-07-03 11:04:07.347
P3120000037,港越路5（温州饭滩）停车场,柯桥区,22,5,2021-07-03 11:04:07.347
P3120000038,港越路6停车场,柯桥区,16,5,2021-07-03 11:04:07.347
P3120000039,笛扬路1（世纪联华）停车场,柯桥区,31,22,2021-07-03 11:04:07.347
P3120000040,笛扬路2（广厦公寓）停车场,柯桥区,37,27,2021-07-03 11:04:07.347
P3120000041,笛扬路3（樱花电器）停车场,柯桥区,18,15,2021-07-03 11:04:07.347
P3120000042,笛扬路4（工商银行）停车场,柯桥区,23,20,2021-07-03 11:04:07.347
P3120000045,笛扬路7（福年大厦）停车场,柯桥区,22,4,2021-07-03 11:04:07.347
P3120000061,港越路2(精工2)停车场,柯桥区,21,15,2021-07-03 11:04:07.347
P3120000062,港越路1(步行街3)停车场,柯桥区,16,9,2021-07-03 11:04:07.347
P3120000064,港越路1(步行街2)停车场,柯桥区,26,20,2021-07-03 11:04:07.347
P3120000065,温渎路3停车场,柯桥区,11,9,2021-07-03 11:04:07.347
P3120000068,港越路3（精工）停车场,柯桥区,23,7,2021-07-03 11:04:07.347
P3120000016,温渎路2停车场,柯桥区,15,11,2021-07-03 11:14:10.5
P3120000018,黄社溇路1停车场,柯桥区,16,7,2021-07-03 11:14:10.5
P3120000027,金杨路3停车场,柯桥区,28,20,2021-07-03 11:14:10.5
P3120000028,鉴湖路1（锦江花园）停车场,柯桥区,29,21,2021-07-03 11:14:10.5
P3120000029,鉴湖路2（锦江花园）停车场,柯桥区,21,10,2021-07-03 11:14:10.5
P3120000032,鉴湖路5（四大银行）停车场,柯桥区,16,9,2021-07-03 11:14:10.5
P3120000036,港越路4（肯德基）停车场,柯桥区,21,4,2021-07-03 11:14:10.5
P3120000037,港越路5（温州饭滩）停车场,柯桥区,22,1,2021-07-03 11:14:10.5
P3120000039,笛扬路1（世纪联华）停车场,柯桥区,31,21,2021-07-03 11:14:10.5
P3120000040,笛扬路2（广厦公寓）停车场,柯桥区,37,31,2021-07-03 11:14:10.5
P3120000068,港越路3（精工）停车场,柯桥区,23,6,2021-07-03 11:14:10.5
P3120000016,温渎路2停车场,柯桥区,15,12,2021-07-03 11:44:08.4
P3120000017,万家巷停车场,柯桥区,40,26,2021-07-03 11:44:08.4
P3120000019,黄社溇路2停车场,柯桥区,18,15,2021-07-03 11:44:08.4
P3120000028,鉴湖路1（锦江花园）停车场,柯桥区,29,19,2021-07-03 11:44:08.4
P3120000029,鉴湖路2（锦江花园）停车场,柯桥区,21,9,2021-07-03 11:44:08.4
P3120000030,鉴湖路3停车场,柯桥区,12,9,2021-07-03 11:44:08.4
P3120000032,鉴湖路5（四大银行）停车场,柯桥区,16,8,2021-07-03 11:44:08.4
P3120000033,港越路1(步行街1)停车场,柯桥区,14,10,2021-07-03 11:44:08.4
P3120000036,港越路4（肯德基）停车场,柯桥区,21,1,2021-07-03 11:44:08.4
P3120000040,笛扬路2（广厦公寓）停车场,柯桥区,37,30,2021-07-03 11:44:08.4
P3120000042,笛扬路4（工商银行）停车场,柯桥区,23,18,2021-07-03 11:44:08.4
P3120000045,笛扬路7（福年大厦）停车场,柯桥区,22,7,2021-07-03 11:44:08.4
P3120000061,港越路2(精工2)停车场,柯桥区,21,16,2021-07-03 11:44:08.4
P3120000065,温渎路3停车场,柯桥区,11,11,2021-07-03 11:44:08.4
P3120000016,温渎路2停车场,柯桥区,15,10,2021-07-03 11:54:09.22
P3120000017,万家巷停车场,柯桥区,40,25,2021-07-03 11:54:09.22
P3120000018,黄社溇路1停车场,柯桥区,16,2,2021-07-03 11:54:09.22
P3120000019,黄社溇路2停车场,柯桥区,18,6,2021-07-03 11:54:09.22
P3120000025,金杨路1（中医院）停车场,柯桥区,28,21,2021-07-03 11:54:09.22
P3120000027,金杨路3停车场,柯桥区,28,22,2021-07-03 11:54:09.22
P3120000028,鉴湖路1（锦江花园）停车场,柯桥区,29,21,2021-07-03 11:54:09.22
P3120000029,鉴湖路2（锦江花园）停车场,柯桥区,21,13,2021-07-03 11:54:09.22
P3120000032,鉴湖路5（四大银行）停车场,柯桥区,16,7,2021-07-03 11:54:09.22
P3120000033,港越路1(步行街1)停车场,柯桥区,14,5,2021-07-03 11:54:09.22
P3120000036,港越路4（肯德基）停车场,柯桥区,21,4,2021-07-03 11:54:09.22
P3120000037,港越路5（温州饭滩）停车场,柯桥区,22,4,2021-07-03 11:54:09.22
P3120000039,笛扬路1（世纪联华）停车场,柯桥区,31,16,2021-07-03 11:54:09.22
P3120000040,笛扬路2（广厦公寓）停车场,柯桥区,37,28,2021-07-03 11:54:09.22
P3120000042,笛扬路4（工商银行）停车场,柯桥区,23,17,2021-07-03 11:54:09.22
P3120000062,港越路1(步行街3)停车场,柯桥区,16,8,2021-07-03 11:54:09.22
P3120000064,港越路1(步行街2)停车场,柯桥区,26,16,2021-07-03 11:54:09.22
P3120000065,温渎路3停车场,柯桥区,11,10,2021-07-03 11:54:09.22
P3120000068,港越路3（精工）停车场,柯桥区,23,9,2021-07-03 11:54:09.22
P3120000014,人和路停车场,柯桥区,19,17,2021-07-03 12:04:10.13
P3120000015,温渎路1停车场,柯桥区,21,16,2021-07-03 12:04:10.13
P3120000016,温渎路2停车场,柯桥区,15,9,2021-07-03 12:04:10.13
P3120000017,万家巷停车场,柯桥区,40,27,2021-07-03 12:04:10.13
P3120000019,黄社溇路2停车场,柯桥区,18,4,2021-07-03 12:04:10.13
P3120000029,鉴湖路2（锦江花园）停车场,柯桥区,21,11,2021-07-03 12:04:10.13
P3120000032,鉴湖路5（四大银行）停车场,柯桥区,16,9,2021-07-03 12:04:10.13
P3120000036,港越路4（肯德基）停车场,柯桥区,21,2,2021-07-03 12:04:10.13
P3120000037,港越路5（温州饭滩）停车场,柯桥区,22,5,2021-07-03 12:04:10.13
P3120000039,笛扬路1（世纪联华）停车场,柯桥区,31,18,2021-07-03 12:04:10.13
P3120000040,笛扬路2（广厦公寓）停车场,柯桥区,37,25,2021-07-03 12:04:10.13
P3120000042,笛扬路4（工商银行）停车场,柯桥区,23,16,2021-07-03 12:04:10.13
P3120000045,笛扬路7（福年大厦）停车场,柯桥区,22,6,2021-07-03 12:04:10.13
P3120000064,港越路1(步行街2)停车场,柯桥区,26,17,2021-07-03 12:04:10.13
P3120000065,温渎路3停车场,柯桥区,11,9,2021-07-03 12:04:10.13
P3120000068,港越路3（精工）停车场,柯桥区,23,8,2021-07-03 12:04:10.13
P3120000016,温渎路2停车场,柯桥区,15,10,2021-07-03 12:14:08.217
P3120000017,万家巷停车场,柯桥区,40,25,2021-07-03 12:14:08.217
P3120000019,黄社溇路2停车场,柯桥区,18,2,2021-07-03 12:14:08.217
P3120000029,鉴湖路2（锦江花园）停车场,柯桥区,21,12,2021-07-03 12:14:08.217
P3120000032,鉴湖路5（四大银行）停车场,柯桥区,16,7,2021-07-03 12:14:08.217
P3120000033,港越路1(步行街1)停车场,柯桥区,14,7,2021-07-03 12:14:08.217
P3120000036,港越路4（肯德基）停车场,柯桥区,21,0,2021-07-03 12:14:08.217
P3120000037,港越路5（温州饭滩）停车场,柯桥区,22,4,2021-07-03 12:14:08.217
P3120000038,港越路6停车场,柯桥区,16,3,2021-07-03 12:14:08.217
P3120000039,笛扬路1（世纪联华）停车场,柯桥区,31,17,2021-07-03 12:14:08.217
P3120000040,笛扬路2（广厦公寓）停车场,柯桥区,37,26,2021-07-03 12:14:08.217
P3120000041,笛扬路3（樱花电器）停车场,柯桥区,18,14,2021-07-03 12:14:08.217
P3120000042,笛扬路4（工商银行）停车场,柯桥区,23,17,2021-07-03 12:14:08.217
P3120000045,笛扬路7（福年大厦）停车场,柯桥区,22,5,2021-07-03 12:14:08.217
P3120000064,港越路1(步行街2)停车场,柯桥区,26,18,2021-07-03 12:14:08.217
P3120000068,港越路3（精工）停车场,柯桥区,23,6,2021-07-03 12:14:08.217
P3120000014,人和路停车场,柯桥区,19,16,2021-07-03 12:24:09.54
P3120000016,温渎路2停车场,柯桥区,15,11,2021-07-03 12:24:09.54
P3120000017,万家巷停车场,柯桥区,40,27,2021-07-03 12:24:09.54
P3120000018,黄社溇路1停车场,柯桥区,16,1,2021-07-03 12:24:09.54
P3120000019,黄社溇路2停车场,柯桥区,18,4,2021-07-03 12:24:09.54
P3120000025,金杨路1（中医院）停车场,柯桥区,28,20,2021-07-03 12:24:09.54
P3120000027,金杨路3停车场,柯桥区,28,21,2021-07-03 12:24:09.54
P3120000028,鉴湖路1（锦江花园）停车场,柯桥区,29,22,2021-07-03 12:24:09.54
P3120000029,鉴湖路2（锦江花园）停车场,柯桥区,21,14,2021-07-03 12:24:09.54
P3120000030,鉴湖路3停车场,柯桥区,12,10,2021-07-03 12:24:09.54
P3120000033,港越路1(步行街1)停车场,柯桥区,14,8,2021-07-03 12:24:09.54
P3120000038,港越路6停车场,柯桥区,16,5,2021-07-03 12:24:09.54
P3120000039,笛扬路1（世纪联华）停车场,柯桥区,31,16,2021-07-03 12:24:09.54
P3120000040,笛扬路2（广厦公寓）停车场,柯桥区,37,27,2021-07-03 12:24:09.54
P3120000042,笛扬路4（工商银行）停车场,柯桥区,23,16,2021-07-03 12:24:09.54
P3120000045,笛扬路7（福年大厦）停车场,柯桥区,22,4,2021-07-03 12:24:09.54
P3120000064,港越路1(步行街2)停车场,柯桥区,26,19,2021-07-03 12:24:09.54
P3120000068,港越路3（精工）停车场,柯桥区,23,7,2021-07-03 12:24:09.54
P3120000014,人和路停车场,柯桥区,19,12,2021-07-03 12:34:11.32
P3120000015,温渎路1停车场,柯桥区,21,14,2021-07-03 12:34:11.32
P3120000016,温渎路2停车场,柯桥区,15,4,2021-07-03 12:34:11.32
P3120000017,万家巷停车场,柯桥区,40,30,2021-07-03 12:34:11.32
P3120000018,黄社溇路1停车场,柯桥区,16,5,2021-07-03 12:34:11.32
P3120000019,黄社溇路2停车场,柯桥区,18,3,2021-07-03 12:34:11.32
P3120000025,金杨路1（中医院）停车场,柯桥区,28,17,2021-07-03 12:34:11.32
P3120000027,金杨路3停车场,柯桥区,28,22,2021-07-03 12:34:11.32
P3120000028,鉴湖路1（锦江花园）停车场,柯桥区,29,24,2021-07-03 12:34:11.32
P3120000029,鉴湖路2（锦江花园）停车场,柯桥区,21,8,2021-07-03 12:34:11.32
P3120000030,鉴湖路3停车场,柯桥区,12,9,2021-07-03 12:34:11.32
P3120000032,鉴湖路5（四大银行）停车场,柯桥区,16,6,2021-07-03 12:34:11.32
P3120000033,港越路1(步行街1)停车场,柯桥区,14,7,2021-07-03 12:34:11.32
P3120000034,港越路2（精工）停车场,柯桥区,12,7,2021-07-03 12:34:11.32
P3120000036,港越路4（肯德基）停车场,柯桥区,21,5,2021-07-03 12:34:11.32
P3120000037,港越路5（温州饭滩）停车场,柯桥区,22,6,2021-07-03 12:34:11.32
P3120000038,港越路6停车场,柯桥区,16,7,2021-07-03 12:34:11.32
P3120000040,笛扬路2（广厦公寓）停车场,柯桥区,37,17,2021-07-03 12:34:11.32
P3120000041,笛扬路3（樱花电器）停车场,柯桥区,18,11,2021-07-03 12:34:11.32
P3120000042,笛扬路4（工商银行）停车场,柯桥区,23,14,2021-07-03 12:34:11.32
P3120000045,笛扬路7（福年大厦）停车场,柯桥区,22,7,2021-07-03 12:34:11.32
P3120000061,港越路2(精工2)停车场,柯桥区,21,12,2021-07-03 12:34:11.32
P3120000062,港越路1(步行街3)停车场,柯桥区,16,10,2021-07-03 12:34:11.32
P3120000064,港越路1(步行街2)停车场,柯桥区,26,15,2021-07-03 12:34:11.32
P3120000065,温渎路3停车场,柯桥区,11,10,2021-07-03 12:34:11.32
P3120000068,港越路3（精工）停车场,柯桥区,23,10,2021-07-03 12:34:11.32
P3120000015,温渎路1停车场,柯桥区,21,16,2021-07-03 12:44:10.243
P3120000016,温渎路2停车场,柯桥区,15,11,2021-07-03 12:44:10.243
P3120000018,黄社溇路1停车场,柯桥区,16,1,2021-07-03 12:44:10.243
P3120000019,黄社溇路2停车场,柯桥区,18,4,2021-07-03 12:44:10.243
P3120000025,金杨路1（中医院）停车场,柯桥区,28,20,2021-07-03 12:44:10.243
P3120000028,鉴湖路1（锦江花园）停车场,柯桥区,29,23,2021-07-03 12:44:10.243
P3120000029,鉴湖路2（锦江花园）停车场,柯桥区,21,12,2021-07-03 12:44:10.243
P3120000030,鉴湖路3停车场,柯桥区,12,10,2021-07-03 12:44:10.243
P3120000032,鉴湖路5（四大银行）停车场,柯桥区,16,5,2021-07-03 12:44:10.243
P3120000033,港越路1(步行街1)停车场,柯桥区,14,9,2021-07-03 12:44:10.243
P3120000034,港越路2（精工）停车场,柯桥区,12,10,2021-07-03 12:44:10.243
P3120000036,港越路4（肯德基）停车场,柯桥区,21,3,2021-07-03 12:44:10.243
P3120000037,港越路5（温州饭滩）停车场,柯桥区,22,9,2021-07-03 12:44:10.243
P3120000038,港越路6停车场,柯桥区,16,4,2021-07-03 12:44:10.243
P3120000039,笛扬路1（世纪联华）停车场,柯桥区,31,21,2021-07-03 12:44:10.243
P3120000040,笛扬路2（广厦公寓）停车场,柯桥区,37,21,2021-07-03 12:44:10.243
P3120000041,笛扬路3（樱花电器）停车场,柯桥区,18,14,2021-07-03 12:44:10.243
P3120000045,笛扬路7（福年大厦）停车场,柯桥区,22,8,2021-07-03 12:44:10.243
P3120000061,港越路2(精工2)停车场,柯桥区,21,17,2021-07-03 12:44:10.243
P3120000064,港越路1(步行街2)停车场,柯桥区,26,14,2021-07-03 12:44:10.243
P3120000068,港越路3（精工）停车场,柯桥区,23,12,2021-07-03 12:44:10.243
P3120000014,人和路停车场,柯桥区,19,15,2021-07-03 12:54:08.46
P3120000015,温渎路1停车场,柯桥区,21,18,2021-07-03 12:54:08.46
P3120000017,万家巷停车场,柯桥区,40,28,2021-07-03 12:54:08.46
P3120000018,黄社溇路1停车场,柯桥区,16,2,2021-07-03 12:54:08.46
P3120000019,黄社溇路2停车场,柯桥区,18,6,2021-07-03 12:54:08.46
P3120000025,金杨路1（中医院）停车场,柯桥区,28,21,2021-07-03 12:54:08.46
P3120000028,鉴湖路1（锦江花园）停车场,柯桥区,29,24,2021-07-03 12:54:08.46
P3120000029,鉴湖路2（锦江花园）停车场,柯桥区,21,14,2021-07-03 12:54:08.46
P3120000032,鉴湖路5（四大银行）停车场,柯桥区,16,8,2021-07-03 12:54:08.46
P3120000033,港越路1(步行街1)停车场,柯桥区,14,11,2021-07-03 12:54:08.46
P3120000037,港越路5（温州饭滩）停车场,柯桥区,22,3,2021-07-03 12:54:08.46
P3120000038,港越路6停车场,柯桥区,16,5,2021-07-03 12:54:08.46
P3120000040,笛扬路2（广厦公寓）停车场,柯桥区,37,28,2021-07-03 12:54:08.46
P3120000042,笛扬路4（工商银行）停车场,柯桥区,23,15,2021-07-03 12:54:08.46
P3120000062,港越路1(步行街3)停车场,柯桥区,16,11,2021-07-03 12:54:08.46
P3120000064,港越路1(步行街2)停车场,柯桥区,26,16,2021-07-03 12:54:08.46
P3120000068,港越路3（精工）停车场,柯桥区,23,7,2021-07-03 12:54:08.46
P3120000014,人和路停车场,柯桥区,19,14,2021-07-03 13:04:09.91
P3120000015,温渎路1停车场,柯桥区,21,20,2021-07-03 13:04:09.91
P3120000017,万家巷停车场,柯桥区,40,23,2021-07-03 13:04:09.91
P3120000018,黄社溇路1停车场,柯桥区,16,1,2021-07-03 13:04:09.91
P3120000019,黄社溇路2停车场,柯桥区,18,4,2021-07-03 13:04:09.91
P3120000025,金杨路1（中医院）停车场,柯桥区,28,22,2021-07-03 13:04:09.91
P3120000027,金杨路3停车场,柯桥区,28,23,2021-07-03 13:04:09.91
P3120000028,鉴湖路1（锦江花园）停车场,柯桥区,29,23,2021-07-03 13:04:09.91
P3120000029,鉴湖路2（锦江花园）停车场,柯桥区,21,16,2021-07-03 13:04:09.91
P3120000032,鉴湖路5（四大银行）停车场,柯桥区,16,9,2021-07-03 13:04:09.91
P3120000033,港越路1(步行街1)停车场,柯桥区,14,10,2021-07-03 13:04:09.91
P3120000036,港越路4（肯德基）停车场,柯桥区,21,2,2021-07-03 13:04:09.91
P3120000037,港越路5（温州饭滩）停车场,柯桥区,22,0,2021-07-03 13:04:09.91
P3120000038,港越路6停车场,柯桥区,16,4,2021-07-03 13:04:09.91
P3120000039,笛扬路1（世纪联华）停车场,柯桥区,31,20,2021-07-03 13:04:09.91
P3120000040,笛扬路2（广厦公寓）停车场,柯桥区,37,22,2021-07-03 13:04:09.91
P3120000045,笛扬路7（福年大厦）停车场,柯桥区,22,7,2021-07-03 13:04:09.91
P3120000061,港越路2(精工2)停车场,柯桥区,21,18,2021-07-03 13:04:09.91
P3120000062,港越路1(步行街3)停车场,柯桥区,16,10,2021-07-03 13:04:09.91
P3120000064,港越路1(步行街2)停车场,柯桥区,26,14,2021-07-03 13:04:09.91
P3120000065,温渎路3停车场,柯桥区,11,9,2021-07-03 13:04:09.91
P3120000068,港越路3（精工）停车场,柯桥区,23,10,2021-07-03 13:04:09.91
P3120000014,人和路停车场,柯桥区,19,15,2021-07-03 13:14:08.383
P3120000015,温渎路1停车场,柯桥区,21,19,2021-07-03 13:14:08.383
P3120000016,温渎路2停车场,柯桥区,15,10,2021-07-03 13:14:08.383
P3120000018,黄社溇路1停车场,柯桥区,16,2,2021-07-03 13:14:08.383
P3120000019,黄社溇路2停车场,柯桥区,18,6,2021-07-03 13:14:08.383
P3120000027,金杨路3停车场,柯桥区,28,21,2021-07-03 13:14:08.383
P3120000028,鉴湖路1（锦江花园）停车场,柯桥区,29,21,2021-07-03 13:14:08.383
P3120000029,鉴湖路2（锦江花园）停车场,柯桥区,21,17,2021-07-03 13:14:08.383
P3120000030,鉴湖路3停车场,柯桥区,12,11,2021-07-03 13:14:08.383
P3120000032,鉴湖路5（四大银行）停车场,柯桥区,16,5,2021-07-03 13:14:08.383
P3120000033,港越路1(步行街1)停车场,柯桥区,14,9,2021-07-03 13:14:08.383
P3120000034,港越路2（精工）停车场,柯桥区,12,11,2021-07-03 13:14:08.383
P3120000037,港越路5（温州饭滩）停车场,柯桥区,22,1,2021-07-03 13:14:08.383
P3120000038,港越路6停车场,柯桥区,16,1,2021-07-03 13:14:08.383
P3120000039,笛扬路1（世纪联华）停车场,柯桥区,31,18,2021-07-03 13:14:08.383
P3120000045,笛扬路7（福年大厦）停车场,柯桥区,22,5,2021-07-03 13:14:08.383
P3120000064,港越路1(步行街2)停车场,柯桥区,26,15,2021-07-03 13:14:08.383
P3120000065,温渎路3停车场,柯桥区,11,8,2021-07-03 13:14:08.383
P3120000017,万家巷停车场,柯桥区,40,21,2021-07-03 13:24:10.187
P3120000019,黄社溇路2停车场,柯桥区,18,5,2021-07-03 13:24:10.187
P3120000025,金杨路1（中医院）停车场,柯桥区,28,23,2021-07-03 13:24:10.187
P3120000027,金杨路3停车场,柯桥区,28,18,2021-07-03 13:24:10.187
P3120000028,鉴湖路1（锦江花园）停车场,柯桥区,29,24,2021-07-03 13:24:10.187
P3120000029,鉴湖路2（锦江花园）停车场,柯桥区,21,16,2021-07-03 13:24:10.187
P3120000030,鉴湖路3停车场,柯桥区,12,8,2021-07-03 13:24:10.187
P3120000033,港越路1(步行街1)停车场,柯桥区,14,8,2021-07-03 13:24:10.187
P3120000034,港越路2（精工）停车场,柯桥区,12,10,2021-07-03 13:24:10.187
P3120000037,港越路5（温州饭滩）停车场,柯桥区,22,2,2021-07-03 13:24:10.187
P3120000038,港越路6停车场,柯桥区,16,3,2021-07-03 13:24:10.187
P3120000039,笛扬路1（世纪联华）停车场,柯桥区,31,17,2021-07-03 13:24:10.187
P3120000040,笛扬路2（广厦公寓）停车场,柯桥区,37,25,2021-07-03 13:24:10.187
P3120000042,笛扬路4（工商银行）停车场,柯桥区,23,17,2021-07-03 13:24:10.187
P3120000045,笛扬路7（福年大厦）停车场,柯桥区,22,6,2021-07-03 13:24:10.187
P3120000061,港越路2(精工2)停车场,柯桥区,21,17,2021-07-03 13:24:10.187
P3120000062,港越路1(步行街3)停车场,柯桥区,16,9,2021-07-03 13:24:10.187
P3120000064,港越路1(步行街2)停车场,柯桥区,26,16,2021-07-03 13:24:10.187
P3120000065,温渎路3停车场,柯桥区,11,7,2021-07-03 13:24:10.187
P3120000068,港越路3（精工）停车场,柯桥区,23,11,2021-07-03 13:24:10.187
P3120000015,温渎路1停车场,柯桥区,21,20,2021-07-03 13:34:09.32
P3120000017,万家巷停车场,柯桥区,40,22,2021-07-03 13:34:09.32
P3120000018,黄社溇路1停车场,柯桥区,16,0,2021-07-03 13:34:09.32
P3120000025,金杨路1（中医院）停车场,柯桥区,28,21,2021-07-03 13:34:09.32
P3120000028,鉴湖路1（锦江花园）停车场,柯桥区,29,20,2021-07-03 13:34:09.32
P3120000029,鉴湖路2（锦江花园）停车场,柯桥区,21,11,2021-07-03 13:34:09.32
P3120000032,鉴湖路5（四大银行）停车场,柯桥区,16,6,2021-07-03 13:34:09.32
P3120000034,港越路2（精工）停车场,柯桥区,12,11,2021-07-03 13:34:09.32
P3120000036,港越路4（肯德基）停车场,柯桥区,21,1,2021-07-03 13:34:09.32
P3120000038,港越路6停车场,柯桥区,16,4,2021-07-03 13:34:09.32
P3120000042,笛扬路4（工商银行）停车场,柯桥区,23,15,2021-07-03 13:34:09.32
P3120000045,笛扬路7（福年大厦）停车场,柯桥区,22,8,2021-07-03 13:34:09.32
P3120000061,港越路2(精工2)停车场,柯桥区,21,16,2021-07-03 13:34:09.32
P3120000064,港越路1(步行街2)停车场,柯桥区,26,15,2021-07-03 13:34:09.32
P3120000068,港越路3（精工）停车场,柯桥区,23,10,2021-07-03 13:34:09.32
P3120000014,人和路停车场,柯桥区,19,13,2021-07-03 13:44:10.73
P3120000015,温渎路1停车场,柯桥区,21,17,2021-07-03 13:44:10.73
P3120000016,温渎路2停车场,柯桥区,15,11,2021-07-03 13:44:10.73
P3120000017,万家巷停车场,柯桥区,40,21,2021-07-03 13:44:10.73
P3120000019,黄社溇路2停车场,柯桥区,18,7,2021-07-03 13:44:10.73
P3120000027,金杨路3停车场,柯桥区,28,17,2021-07-03 13:44:10.73
P3120000028,鉴湖路1（锦江花园）停车场,柯桥区,29,21,2021-07-03 13:44:10.73
P3120000029,鉴湖路2（锦江花园）停车场,柯桥区,21,13,2021-07-03 13:44:10.73
P3120000030,鉴湖路3停车场,柯桥区,12,6,2021-07-03 13:44:10.73
P3120000032,鉴湖路5（四大银行）停车场,柯桥区,16,7,2021-07-03 13:44:10.73
P3120000036,港越路4（肯德基）停车场,柯桥区,21,2,2021-07-03 13:44:10.73
P3120000037,港越路5（温州饭滩）停车场,柯桥区,22,0,2021-07-03 13:44:10.73
P3120000038,港越路6停车场,柯桥区,16,2,2021-07-03 13:44:10.73
P3120000039,笛扬路1（世纪联华）停车场,柯桥区,31,16,2021-07-03 13:44:10.73
P3120000040,笛扬路2（广厦公寓）停车场,柯桥区,37,23,2021-07-03 13:44:10.73
P3120000042,笛扬路4（工商银行）停车场,柯桥区,23,16,2021-07-03 13:44:10.73
P3120000045,笛扬路7（福年大厦）停车场,柯桥区,22,3,2021-07-03 13:44:10.73
P3120000064,港越路1(步行街2)停车场,柯桥区,26,13,2021-07-03 13:44:10.73
P3120000065,温渎路3停车场,柯桥区,11,6,2021-07-03 13:44:10.73
P3120000068,港越路3（精工）停车场,柯桥区,23,7,2021-07-03 13:44:10.73
P3120000014,人和路停车场,柯桥区,19,14,2021-07-03 13:54:09.5
P3120000015,温渎路1停车场,柯桥区,21,19,2021-07-03 13:54:09.5
P3120000017,万家巷停车场,柯桥区,40,15,2021-07-03 13:54:09.5
P3120000025,金杨路1（中医院）停车场,柯桥区,28,20,2021-07-03 13:54:09.5
P3120000027,金杨路3停车场,柯桥区,28,16,2021-07-03 13:54:09.5
P3120000028,鉴湖路1（锦江花园）停车场,柯桥区,29,20,2021-07-03 13:54:09.5
P3120000032,鉴湖路5（四大银行）停车场,柯桥区,16,5,2021-07-03 13:54:09.5
P3120000033,港越路1(步行街1)停车场,柯桥区,14,10,2021-07-03 13:54:09.5
P3120000036,港越路4（肯德基）停车场,柯桥区,21,3,2021-07-03 13:54:09.5
P3120000039,笛扬路1（世纪联华）停车场,柯桥区,31,17,2021-07-03 13:54:09.5
P3120000040,笛扬路2（广厦公寓）停车场,柯桥区,37,24,2021-07-03 13:54:09.5
P3120000041,笛扬路3（樱花电器）停车场,柯桥区,18,11,2021-07-03 13:54:09.5
P3120000042,笛扬路4（工商银行）停车场,柯桥区,23,17,2021-07-03 13:54:09.5
P3120000045,笛扬路7（福年大厦）停车场,柯桥区,22,5,2021-07-03 13:54:09.5
P3120000061,港越路2(精工2)停车场,柯桥区,21,17,2021-07-03 13:54:09.5
P3120000064,港越路1(步行街2)停车场,柯桥区,26,15,2021-07-03 13:54:09.5
P3120000065,温渎路3停车场,柯桥区,11,5,2021-07-03 13:54:09.5
P3120000068,港越路3（精工）停车场,柯桥区,23,5,2021-07-03 13:54:09.5
P3120000014,人和路停车场,柯桥区,19,15,2021-07-03 14:04:08.467
P3120000017,万家巷停车场,柯桥区,40,19,2021-07-03 14:04:08.467
P3120000019,黄社溇路2停车场,柯桥区,18,6,2021-07-03 14:04:08.467
P3120000025,金杨路1（中医院）停车场,柯桥区,28,19,2021-07-03 14:04:08.467
P3120000027,金杨路3停车场,柯桥区,28,17,2021-07-03 14:04:08.467
P3120000028,鉴湖路1（锦江花园）停车场,柯桥区,29,22,2021-07-03 14:04:08.467
P3120000029,鉴湖路2（锦江花园）停车场,柯桥区,21,11,2021-07-03 14:04:08.467
P3120000032,鉴湖路5（四大银行）停车场,柯桥区,16,3,2021-07-03 14:04:08.467
P3120000034,港越路2（精工）停车场,柯桥区,12,12,2021-07-03 14:04:08.467
P3120000036,港越路4（肯德基）停车场,柯桥区,21,0,2021-07-03 14:04:08.467
P3120000037,港越路5（温州饭滩）停车场,柯桥区,22,2,2021-07-03 14:04:08.467
P3120000038,港越路6停车场,柯桥区,16,0,2021-07-03 14:04:08.467
P3120000041,笛扬路3（樱花电器）停车场,柯桥区,18,12,2021-07-03 14:04:08.467
P3120000042,笛扬路4（工商银行）停车场,柯桥区,23,16,2021-07-03 14:04:08.467
P3120000045,笛扬路7（福年大厦）停车场,柯桥区,22,6,2021-07-03 14:04:08.467
P3120000061,港越路2(精工2)停车场,柯桥区,21,19,2021-07-03 14:04:08.467
P3120000062,港越路1(步行街3)停车场,柯桥区,16,10,2021-07-03 14:04:08.467
P3120000068,港越路3（精工）停车场,柯桥区,23,6,2021-07-03 14:04:08.467
P3120000014,人和路停车场,柯桥区,19,14,2021-07-03 14:14:07.46
P3120000015,温渎路1停车场,柯桥区,21,17,2021-07-03 14:14:07.46
P3120000016,温渎路2停车场,柯桥区,15,10,2021-07-03 14:14:07.46
P3120000017,万家巷停车场,柯桥区,40,18,2021-07-03 14:14:07.46
P3120000018,黄社溇路1停车场,柯桥区,16,2,2021-07-03 14:14:07.46
P3120000025,金杨路1（中医院）停车场,柯桥区,28,18,2021-07-03 14:14:07.46
P3120000027,金杨路3停车场,柯桥区,28,15,2021-07-03 14:14:07.46
P3120000028,鉴湖路1（锦江花园）停车场,柯桥区,29,21,2021-07-03 14:14:07.46
P3120000032,鉴湖路5（四大银行）停车场,柯桥区,16,6,2021-07-03 14:14:07.46
P3120000033,港越路1(步行街1)停车场,柯桥区,14,7,2021-07-03 14:14:07.46
P3120000034,港越路2（精工）停车场,柯桥区,12,11,2021-07-03 14:14:07.46
P3120000036,港越路4（肯德基）停车场,柯桥区,21,2,2021-07-03 14:14:07.46
P3120000037,港越路5（温州饭滩）停车场,柯桥区,22,1,2021-07-03 14:14:07.46
P3120000038,港越路6停车场,柯桥区,16,4,2021-07-03 14:14:07.46
P3120000039,笛扬路1（世纪联华）停车场,柯桥区,31,15,2021-07-03 14:14:07.46
P3120000041,笛扬路3（樱花电器）停车场,柯桥区,18,10,2021-07-03 14:14:07.46
P3120000042,笛扬路4（工商银行）停车场,柯桥区,23,17,2021-07-03 14:14:07.46
P3120000045,笛扬路7（福年大厦）停车场,柯桥区,22,5,2021-07-03 14:14:07.46
P3120000064,港越路1(步行街2)停车场,柯桥区,26,16,2021-07-03 14:14:07.46
P3120000068,港越路3（精工）停车场,柯桥区,23,3,2021-07-03 14:14:07.46
P3120000014,人和路停车场,柯桥区,19,15,2021-07-03 14:24:08.253
P3120000016,温渎路2停车场,柯桥区,15,9,2021-07-03 14:24:08.253
P3120000017,万家巷停车场,柯桥区,40,17,2021-07-03 14:24:08.253
P3120000018,黄社溇路1停车场,柯桥区,16,1,2021-07-03 14:24:08.253
P3120000019,黄社溇路2停车场,柯桥区,18,9,2021-07-03 14:24:08.253
P3120000025,金杨路1（中医院）停车场,柯桥区,28,19,2021-07-03 14:24:08.253
P3120000027,金杨路3停车场,柯桥区,28,16,2021-07-03 14:24:08.253
P3120000029,鉴湖路2（锦江花园）停车场,柯桥区,21,12,2021-07-03 14:24:08.253
P3120000032,鉴湖路5（四大银行）停车场,柯桥区,16,8,2021-07-03 14:24:08.253
P3120000034,港越路2（精工）停车场,柯桥区,12,12,2021-07-03 14:24:08.253
P3120000036,港越路4（肯德基）停车场,柯桥区,21,1,2021-07-03 14:24:08.253
P3120000040,笛扬路2（广厦公寓）停车场,柯桥区,37,23,2021-07-03 14:24:08.253
P3120000041,笛扬路3（樱花电器）停车场,柯桥区,18,8,2021-07-03 14:24:08.253
P3120000042,笛扬路4（工商银行）停车场,柯桥区,23,15,2021-07-03 14:24:08.253
P3120000045,笛扬路7（福年大厦）停车场,柯桥区,22,6,2021-07-03 14:24:08.253
P3120000062,港越路1(步行街3)停车场,柯桥区,16,9,2021-07-03 14:24:08.253
P3120000064,港越路1(步行街2)停车场,柯桥区,26,14,2021-07-03 14:24:08.253
P3120000068,港越路3（精工）停车场,柯桥区,23,4,2021-07-03 14:24:08.253
P3120000014,人和路停车场,柯桥区,19,16,2021-07-03 14:34:08.157
P3120000015,温渎路1停车场,柯桥区,21,15,2021-07-03 14:34:08.157
P3120000017,万家巷停车场,柯桥区,40,18,2021-07-03 14:34:08.157
P3120000018,黄社溇路1停车场,柯桥区,16,0,2021-07-03 14:34:08.157
P3120000019,黄社溇路2停车场,柯桥区,18,7,2021-07-03 14:34:08.157
P3120000025,金杨路1（中医院）停车场,柯桥区,28,18,2021-07-03 14:34:08.157
P3120000028,鉴湖路1（锦江花园）停车场,柯桥区,29,19,2021-07-03 14:34:08.157
P3120000029,鉴湖路2（锦江花园）停车场,柯桥区,21,13,2021-07-03 14:34:08.157
P3120000036,港越路4（肯德基）停车场,柯桥区,21,0,2021-07-03 14:34:08.157
P3120000037,港越路5（温州饭滩）停车场,柯桥区,22,2,2021-07-03 14:34:08.157
P3120000038,港越路6停车场,柯桥区,16,3,2021-07-03 14:34:08.157
P3120000040,笛扬路2（广厦公寓）停车场,柯桥区,37,25,2021-07-03 14:34:08.157
P3120000042,笛扬路4（工商银行）停车场,柯桥区,23,18,2021-07-03 14:34:08.157
P3120000045,笛扬路7（福年大厦）停车场,柯桥区,22,5,2021-07-03 14:34:08.157
P3120000061,港越路2(精工2)停车场,柯桥区,21,18,2021-07-03 14:34:08.157
P3120000062,港越路1(步行街3)停车场,柯桥区,16,10,2021-07-03 14:34:08.157
P3120000064,港越路1(步行街2)停车场,柯桥区,26,15,2021-07-03 14:34:08.157
P3120000065,温渎路3停车场,柯桥区,11,7,2021-07-03 14:34:08.157
P3120000068,港越路3（精工）停车场,柯桥区,23,7,2021-07-03 14:34:08.157
P3120000014,人和路停车场,柯桥区,19,14,2021-07-03 14:44:09.92
P3120000015,温渎路1停车场,柯桥区,21,17,2021-07-03 14:44:09.92
P3120000017,万家巷停车场,柯桥区,40,20,2021-07-03 14:44:09.92
P3120000018,黄社溇路1停车场,柯桥区,16,1,2021-07-03 14:44:09.92
P3120000019,黄社溇路2停车场,柯桥区,18,6,2021-07-03 14:44:09.92
P3120000025,金杨路1（中医院）停车场,柯桥区,28,17,2021-07-03 14:44:09.92
P3120000027,金杨路3停车场,柯桥区,28,15,2021-07-03 14:44:09.92
P3120000028,鉴湖路1（锦江花园）停车场,柯桥区,29,21,2021-07-03 14:44:09.92
P3120000029,鉴湖路2（锦江花园）停车场,柯桥区,21,14,2021-07-03 14:44:09.92
P3120000030,鉴湖路3停车场,柯桥区,12,7,2021-07-03 14:44:09.92
P3120000033,港越路1(步行街1)停车场,柯桥区,14,8,2021-07-03 14:44:09.92
P3120000037,港越路5（温州饭滩）停车场,柯桥区,22,1,2021-07-03 14:44:09.92
P3120000038,港越路6停车场,柯桥区,16,5,2021-07-03 14:44:09.92
P3120000039,笛扬路1（世纪联华）停车场,柯桥区,31,17,2021-07-03 14:44:09.92
P3120000040,笛扬路2（广厦公寓）停车场,柯桥区,37,22,2021-07-03 14:44:09.92
P3120000041,笛扬路3（樱花电器）停车场,柯桥区,18,10,2021-07-03 14:44:09.92
P3120000042,笛扬路4（工商银行）停车场,柯桥区,23,17,2021-07-03 14:44:09.92
P3120000045,笛扬路7（福年大厦）停车场,柯桥区,22,6,2021-07-03 14:44:09.92
P3120000061,港越路2(精工2)停车场,柯桥区,21,19,2021-07-03 14:44:09.92
P3120000064,港越路1(步行街2)停车场,柯桥区,26,17,2021-07-03 14:44:09.92
P3120000065,温渎路3停车场,柯桥区,11,5,2021-07-03 14:44:09.92
P3120000068,港越路3（精工）停车场,柯桥区,23,6,2021-07-03 14:44:09.92
P3120000014,人和路停车场,柯桥区,19,15,2021-07-03 14:54:09.527
P3120000016,温渎路2停车场,柯桥区,15,10,2021-07-03 14:54:09.527
P3120000018,黄社溇路1停车场,柯桥区,16,0,2021-07-03 14:54:09.527
P3120000019,黄社溇路2停车场,柯桥区,18,5,2021-07-03 14:54:09.527
P3120000025,金杨路1（中医院）停车场,柯桥区,28,16,2021-07-03 14:54:09.527
P3120000027,金杨路3停车场,柯桥区,28,13,2021-07-03 14:54:09.527
P3120000028,鉴湖路1（锦江花园）停车场,柯桥区,29,24,2021-07-03 14:54:09.527
P3120000029,鉴湖路2（锦江花园）停车场,柯桥区,21,13,2021-07-03 14:54:09.527
P3120000030,鉴湖路3停车场,柯桥区,12,8,2021-07-03 14:54:09.527
P3120000032,鉴湖路5（四大银行）停车场,柯桥区,16,7,2021-07-03 14:54:09.527
P3120000033,港越路1(步行街1)停车场,柯桥区,14,7,2021-07-03 14:54:09.527
P3120000037,港越路5（温州饭滩）停车场,柯桥区,22,3,2021-07-03 14:54:09.527
P3120000039,笛扬路1（世纪联华）停车场,柯桥区,31,16,2021-07-03 14:54:09.527
P3120000041,笛扬路3（樱花电器）停车场,柯桥区,18,8,2021-07-03 14:54:09.527
P3120000045,笛扬路7（福年大厦）停车场,柯桥区,22,4,2021-07-03 14:54:09.527
P3120000062,港越路1(步行街3)停车场,柯桥区,16,9,2021-07-03 14:54:09.527
P3120000065,温渎路3停车场,柯桥区,11,6,2021-07-03 14:54:09.527
P3120000068,港越路3（精工）停车场,柯桥区,23,8,2021-07-03 14:54:09.527
P3120000015,温渎路1停车场,柯桥区,21,16,2021-07-03 15:04:09.953
P3120000016,温渎路2停车场,柯桥区,15,9,2021-07-03 15:04:09.953
P3120000019,黄社溇路2停车场,柯桥区,18,1,2021-07-03 15:04:09.953
P3120000025,金杨路1（中医院）停车场,柯桥区,28,18,2021-07-03 15:04:09.953
P3120000027,金杨路3停车场,柯桥区,28,16,2021-07-03 15:04:09.953
P3120000029,鉴湖路2（锦江花园）停车场,柯桥区,21,15,2021-07-03 15:04:09.953
P3120000033,港越路1(步行街1)停车场,柯桥区,14,6,2021-07-03 15:04:09.953
P3120000036,港越路4（肯德基）停车场,柯桥区,21,1,2021-07-03 15:04:09.953
P3120000037,港越路5（温州饭滩）停车场,柯桥区,22,2,2021-07-03 15:04:09.953
P3120000038,港越路6停车场,柯桥区,16,3,2021-07-03 15:04:09.953
P3120000039,笛扬路1（世纪联华）停车场,柯桥区,31,17,2021-07-03 15:04:09.953
P3120000040,笛扬路2（广厦公寓）停车场,柯桥区,37,23,2021-07-03 15:04:09.953
P3120000042,笛扬路4（工商银行）停车场,柯桥区,23,16,2021-07-03 15:04:09.953
P3120000061,港越路2(精工2)停车场,柯桥区,21,20,2021-07-03 15:04:09.953
P3120000062,港越路1(步行街3)停车场,柯桥区,16,7,2021-07-03 15:04:09.953
P3120000064,港越路1(步行街2)停车场,柯桥区,26,16,2021-07-03 15:04:09.953
P3120000068,港越路3（精工）停车场,柯桥区,23,7,2021-07-03 15:04:09.953
P3120000015,温渎路1停车场,柯桥区,21,15,2021-07-03 15:14:09.19
P3120000016,温渎路2停车场,柯桥区,15,10,2021-07-03 15:14:09.19
P3120000027,金杨路3停车场,柯桥区,28,15,2021-07-03 15:14:09.19
P3120000028,鉴湖路1（锦江花园）停车场,柯桥区,29,25,2021-07-03 15:14:09.19
P3120000030,鉴湖路3停车场,柯桥区,12,10,2021-07-03 15:14:09.19
P3120000032,鉴湖路5（四大银行）停车场,柯桥区,16,5,2021-07-03 15:14:09.19
P3120000037,港越路5（温州饭滩）停车场,柯桥区,22,3,2021-07-03 15:14:09.19
P3120000038,港越路6停车场,柯桥区,16,4,2021-07-03 15:14:09.19
P3120000040,笛扬路2（广厦公寓）停车场,柯桥区,37,22,2021-07-03 15:14:09.19
P3120000041,笛扬路3（樱花电器）停车场,柯桥区,18,6,2021-07-03 15:14:09.19
P3120000042,笛扬路4（工商银行）停车场,柯桥区,23,18,2021-07-03 15:14:09.19
P3120000045,笛扬路7（福年大厦）停车场,柯桥区,22,3,2021-07-03 15:14:09.19
P3120000062,港越路1(步行街3)停车场,柯桥区,16,8,2021-07-03 15:14:09.19
P3120000065,温渎路3停车场,柯桥区,11,8,2021-07-03 15:14:09.19
P3120000014,人和路停车场,柯桥区,19,16,2021-07-03 15:24:10.547
P3120000016,温渎路2停车场,柯桥区,15,9,2021-07-03 15:24:10.547
P3120000025,金杨路1（中医院）停车场,柯桥区,28,19,2021-07-03 15:24:10.547
P3120000029,鉴湖路2（锦江花园）停车场,柯桥区,21,14,2021-07-03 15:24:10.547
P3120000032,鉴湖路5（四大银行）停车场,柯桥区,16,6,2021-07-03 15:24:10.547
P3120000036,港越路4（肯德基）停车场,柯桥区,21,2,2021-07-03 15:24:10.547
P3120000037,港越路5（温州饭滩）停车场,柯桥区,22,2,2021-07-03 15:24:10.547
P3120000039,笛扬路1（世纪联华）停车场,柯桥区,31,18,2021-07-03 15:24:10.547
P3120000042,笛扬路4（工商银行）停车场,柯桥区,23,17,2021-07-03 15:24:10.547
P3120000064,港越路1(步行街2)停车场,柯桥区,26,15,2021-07-03 15:24:10.547
P3120000068,港越路3（精工）停车场,柯桥区,23,10,2021-07-03 15:24:10.547
P3120000015,温渎路1停车场,柯桥区,21,18,2021-07-03 15:34:11.313
P3120000016,温渎路2停车场,柯桥区,15,7,2021-07-03 15:34:11.313
P3120000017,万家巷停车场,柯桥区,40,21,2021-07-03 15:34:11.313
P3120000019,黄社溇路2停车场,柯桥区,18,4,2021-07-03 15:34:11.313
P3120000027,金杨路3停车场,柯桥区,28,17,2021-07-03 15:34:11.313
P3120000028,鉴湖路1（锦江花园）停车场,柯桥区,29,26,2021-07-03 15:34:11.313
P3120000029,鉴湖路2（锦江花园）停车场,柯桥区,21,15,2021-07-03 15:34:11.313
P3120000030,鉴湖路3停车场,柯桥区,12,11,2021-07-03 15:34:11.313
P3120000033,港越路1(步行街1)停车场,柯桥区,14,5,2021-07-03 15:34:11.313
P3120000036,港越路4（肯德基）停车场,柯桥区,21,1,2021-07-03 15:34:11.313
P3120000037,港越路5（温州饭滩）停车场,柯桥区,22,3,2021-07-03 15:34:11.313
P3120000038,港越路6停车场,柯桥区,16,7,2021-07-03 15:34:11.313
P3120000039,笛扬路1（世纪联华）停车场,柯桥区,31,17,2021-07-03 15:34:11.313
P3120000040,笛扬路2（广厦公寓）停车场,柯桥区,37,20,2021-07-03 15:34:11.313
P3120000041,笛扬路3（樱花电器）停车场,柯桥区,18,7,2021-07-03 15:34:11.313
P3120000042,笛扬路4（工商银行）停车场,柯桥区,23,18,2021-07-03 15:34:11.313
P3120000061,港越路2(精工2)停车场,柯桥区,21,19,2021-07-03 15:34:11.313
P3120000062,港越路1(步行街3)停车场,柯桥区,16,7,2021-07-03 15:34:11.313
P3120000064,港越路1(步行街2)停车场,柯桥区,26,10,2021-07-03 15:34:11.313
P3120000065,温渎路3停车场,柯桥区,11,7,2021-07-03 15:34:11.313
P3120000014,人和路停车场,柯桥区,19,15,2021-07-03 15:44:08.933
P3120000016,温渎路2停车场,柯桥区,15,6,2021-07-03 15:44:08.933
P3120000017,万家巷停车场,柯桥区,40,20,2021-07-03 15:44:08.933
P3120000018,黄社溇路1停车场,柯桥区,16,1,2021-07-03 15:44:08.933
P3120000019,黄社溇路2停车场,柯桥区,18,5,2021-07-03 15:44:08.933
P3120000025,金杨路1（中医院）停车场,柯桥区,28,18,2021-07-03 15:44:08.933
P3120000027,金杨路3停车场,柯桥区,28,16,2021-07-03 15:44:08.933
P3120000029,鉴湖路2（锦江花园）停车场,柯桥区,21,11,2021-07-03 15:44:08.933
P3120000030,鉴湖路3停车场,柯桥区,12,8,2021-07-03 15:44:08.933
P3120000032,鉴湖路5（四大银行）停车场,柯桥区,16,7,2021-07-03 15:44:08.933
P3120000033,港越路1(步行街1)停车场,柯桥区,14,6,2021-07-03 15:44:08.933
P3120000034,港越路2（精工）停车场,柯桥区,12,11,2021-07-03 15:44:08.933
P3120000036,港越路4（肯德基）停车场,柯桥区,21,3,2021-07-03 15:44:08.933
P3120000037,港越路5（温州饭滩）停车场,柯桥区,22,2,2021-07-03 15:44:08.933
P3120000038,港越路6停车场,柯桥区,16,12,2021-07-03 15:44:08.933
P3120000039,笛扬路1（世纪联华）停车场,柯桥区,31,19,2021-07-03 15:44:08.933
P3120000040,笛扬路2（广厦公寓）停车场,柯桥区,37,18,2021-07-03 15:44:08.933
P3120000042,笛扬路4（工商银行）停车场,柯桥区,23,16,2021-07-03 15:44:08.933
P3120000045,笛扬路7（福年大厦）停车场,柯桥区,22,5,2021-07-03 15:44:08.933
P3120000061,港越路2(精工2)停车场,柯桥区,21,18,2021-07-03 15:44:08.933
P3120000062,港越路1(步行街3)停车场,柯桥区,16,6,2021-07-03 15:44:08.933
P3120000064,港越路1(步行街2)停车场,柯桥区,26,11,2021-07-03 15:44:08.933
P3120000014,人和路停车场,柯桥区,19,12,2021-07-03 15:54:10.24
P3120000016,温渎路2停车场,柯桥区,15,8,2021-07-03 15:54:10.24
P3120000019,黄社溇路2停车场,柯桥区,18,6,2021-07-03 15:54:10.24
P3120000025,金杨路1（中医院）停车场,柯桥区,28,19,2021-07-03 15:54:10.24
P3120000027,金杨路3停车场,柯桥区,28,15,2021-07-03 15:54:10.24
P3120000028,鉴湖路1（锦江花园）停车场,柯桥区,29,25,2021-07-03 15:54:10.24
P3120000029,鉴湖路2（锦江花园）停车场,柯桥区,21,13,2021-07-03 15:54:10.24
P3120000030,鉴湖路3停车场,柯桥区,12,10,2021-07-03 15:54:10.24
P3120000032,鉴湖路5（四大银行）停车场,柯桥区,16,3,2021-07-03 15:54:10.24
P3120000036,港越路4（肯德基）停车场,柯桥区,21,5,2021-07-03 15:54:10.24
P3120000037,港越路5（温州饭滩）停车场,柯桥区,22,5,2021-07-03 15:54:10.24
P3120000038,港越路6停车场,柯桥区,16,10,2021-07-03 15:54:10.24
P3120000040,笛扬路2（广厦公寓）停车场,柯桥区,37,19,2021-07-03 15:54:10.24
P3120000042,笛扬路4（工商银行）停车场,柯桥区,23,17,2021-07-03 15:54:10.24
P3120000045,笛扬路7（福年大厦）停车场,柯桥区,22,8,2021-07-03 15:54:10.24
P3120000061,港越路2(精工2)停车场,柯桥区,21,15,2021-07-03 15:54:10.24
P3120000064,港越路1(步行街2)停车场,柯桥区,26,12,2021-07-03 15:54:10.24
P3120000068,港越路3（精工）停车场,柯桥区,23,9,2021-07-03 15:54:10.24
P3120000015,温渎路1停车场,柯桥区,21,19,2021-07-03 16:04:09.277
P3120000018,黄社溇路1停车场,柯桥区,16,0,2021-07-03 16:04:09.277
P3120000019,黄社溇路2停车场,柯桥区,18,4,2021-07-03 16:04:09.277
P3120000027,金杨路3停车场,柯桥区,28,16,2021-07-03 16:04:09.277
P3120000028,鉴湖路1（锦江花园）停车场,柯桥区,29,24,2021-07-03 16:04:09.277
P3120000029,鉴湖路2（锦江花园）停车场,柯桥区,21,15,2021-07-03 16:04:09.277
P3120000032,鉴湖路5（四大银行）停车场,柯桥区,16,7,2021-07-03 16:04:09.277
P3120000033,港越路1(步行街1)停车场,柯桥区,14,7,2021-07-03 16:04:09.277
P3120000034,港越路2（精工）停车场,柯桥区,12,12,2021-07-03 16:04:09.277
P3120000036,港越路4（肯德基）停车场,柯桥区,21,4,2021-07-03 16:04:09.277
P3120000037,港越路5（温州饭滩）停车场,柯桥区,22,3,2021-07-03 16:04:09.277
P3120000038,港越路6停车场,柯桥区,16,6,2021-07-03 16:04:09.277
P3120000040,笛扬路2（广厦公寓）停车场,柯桥区,37,21,2021-07-03 16:04:09.277
P3120000041,笛扬路3（樱花电器）停车场,柯桥区,18,8,2021-07-03 16:04:09.277
P3120000045,笛扬路7（福年大厦）停车场,柯桥区,22,4,2021-07-03 16:04:09.277
P3120000061,港越路2(精工2)停车场,柯桥区,21,17,2021-07-03 16:04:09.277
P3120000062,港越路1(步行街3)停车场,柯桥区,16,8,2021-07-03 16:04:09.277
P3120000064,港越路1(步行街2)停车场,柯桥区,26,13,2021-07-03 16:04:09.277
P3120000065,温渎路3停车场,柯桥区,11,6,2021-07-03 16:04:09.277
P3120000068,港越路3（精工）停车场,柯桥区,23,10,2021-07-03 16:04:09.277
P3120000014,人和路停车场,柯桥区,19,13,2021-07-03 16:14:08.947
P3120000016,温渎路2停车场,柯桥区,15,9,2021-07-03 16:14:08.947
P3120000017,万家巷停车场,柯桥区,40,21,2021-07-03 16:14:08.947
P3120000019,黄社溇路2停车场,柯桥区,18,6,2021-07-03 16:14:08.947
P3120000027,金杨路3停车场,柯桥区,28,17,2021-07-03 16:14:08.947
P3120000028,鉴湖路1（锦江花园）停车场,柯桥区,29,23,2021-07-03 16:14:08.947
P3120000029,鉴湖路2（锦江花园）停车场,柯桥区,21,14,2021-07-03 16:14:08.947
P3120000032,鉴湖路5（四大银行）停车场,柯桥区,16,12,2021-07-03 16:14:08.947
P3120000034,港越路2（精工）停车场,柯桥区,12,11,2021-07-03 16:14:08.947
P3120000036,港越路4（肯德基）停车场,柯桥区,21,3,2021-07-03 16:14:08.947
P3120000037,港越路5（温州饭滩）停车场,柯桥区,22,2,2021-07-03 16:14:08.947
P3120000038,港越路6停车场,柯桥区,16,9,2021-07-03 16:14:08.947
P3120000039,笛扬路1（世纪联华）停车场,柯桥区,31,18,2021-07-03 16:14:08.947
P3120000042,笛扬路4（工商银行）停车场,柯桥区,23,19,2021-07-03 16:14:08.947
P3120000045,笛扬路7（福年大厦）停车场,柯桥区,22,5,2021-07-03 16:14:08.947
P3120000064,港越路1(步行街2)停车场,柯桥区,26,14,2021-07-03 16:14:08.947
P3120000068,港越路3（精工）停车场,柯桥区,23,9,2021-07-03 16:14:08.947
P3120000014,人和路停车场,柯桥区,19,12,2021-07-03 16:24:08.547
P3120000016,温渎路2停车场,柯桥区,15,10,2021-07-03 16:24:08.547
P3120000017,万家巷停车场,柯桥区,40,22,2021-07-03 16:24:08.547
P3120000019,黄社溇路2停车场,柯桥区,18,7,2021-07-03 16:24:08.547
P3120000027,金杨路3停车场,柯桥区,28,19,2021-07-03 16:24:08.547
P3120000028,鉴湖路1（锦江花园）停车场,柯桥区,29,21,2021-07-03 16:24:08.547
P3120000029,鉴湖路2（锦江花园）停车场,柯桥区,21,12,2021-07-03 16:24:08.547
P3120000030,鉴湖路3停车场,柯桥区,12,9,2021-07-03 16:24:08.547
P3120000032,鉴湖路5（四大银行）停车场,柯桥区,16,11,2021-07-03 16:24:08.547
P3120000033,港越路1(步行街1)停车场,柯桥区,14,6,2021-07-03 16:24:08.547
P3120000036,港越路4（肯德基）停车场,柯桥区,21,4,2021-07-03 16:24:08.547
P3120000037,港越路5（温州饭滩）停车场,柯桥区,22,4,2021-07-03 16:24:08.547
P3120000038,港越路6停车场,柯桥区,16,10,2021-07-03 16:24:08.547
P3120000039,笛扬路1（世纪联华）停车场,柯桥区,31,19,2021-07-03 16:24:08.547
P3120000040,笛扬路2（广厦公寓）停车场,柯桥区,37,17,2021-07-03 16:24:08.547
P3120000041,笛扬路3（樱花电器）停车场,柯桥区,18,11,2021-07-03 16:24:08.547
P3120000042,笛扬路4（工商银行）停车场,柯桥区,23,18,2021-07-03 16:24:08.547
P3120000045,笛扬路7（福年大厦）停车场,柯桥区,22,4,2021-07-03 16:24:08.547
P3120000062,港越路1(步行街3)停车场,柯桥区,16,7,2021-07-03 16:24:08.547
P3120000064,港越路1(步行街2)停车场,柯桥区,26,15,2021-07-03 16:24:08.547
P3120000068,港越路3（精工）停车场,柯桥区,23,11,2021-07-03 16:24:08.547
P3120000016,温渎路2停车场,柯桥区,15,11,2021-07-03 16:34:11.84
P3120000017,万家巷停车场,柯桥区,40,24,2021-07-03 16:34:11.84
P3120000018,黄社溇路1停车场,柯桥区,16,1,2021-07-03 16:34:11.84
P3120000019,黄社溇路2停车场,柯桥区,18,9,2021-07-03 16:34:11.84
P3120000025,金杨路1（中医院）停车场,柯桥区,28,16,2021-07-03 16:34:11.84
P3120000027,金杨路3停车场,柯桥区,28,18,2021-07-03 16:34:11.84
P3120000028,鉴湖路1（锦江花园）停车场,柯桥区,29,20,2021-07-03 16:34:11.84
P3120000029,鉴湖路2（锦江花园）停车场,柯桥区,21,13,2021-07-03 16:34:11.84
P3120000033,港越路1(步行街1)停车场,柯桥区,14,5,2021-07-03 16:34:11.84
P3120000036,港越路4（肯德基）停车场,柯桥区,21,3,2021-07-03 16:34:11.84
P3120000038,港越路6停车场,柯桥区,16,9,2021-07-03 16:34:11.84
P3120000041,笛扬路3（樱花电器）停车场,柯桥区,18,10,2021-07-03 16:34:11.84
P3120000045,笛扬路7（福年大厦）停车场,柯桥区,22,6,2021-07-03 16:34:11.84
P3120000061,港越路2(精工2)停车场,柯桥区,21,16,2021-07-03 16:34:11.84
P3120000062,港越路1(步行街3)停车场,柯桥区,16,8,2021-07-03 16:34:11.84
P3120000064,港越路1(步行街2)停车场,柯桥区,26,11,2021-07-03 16:34:11.84
P3120000065,温渎路3停车场,柯桥区,11,7,2021-07-03 16:34:11.84
P3120000068,港越路3（精工）停车场,柯桥区,23,9,2021-07-03 16:34:11.84
P3120000014,人和路停车场,柯桥区,19,13,2021-07-03 16:44:09.823
P3120000015,温渎路1停车场,柯桥区,21,20,2021-07-03 16:44:09.823
P3120000018,黄社溇路1停车场,柯桥区,16,0,2021-07-03 16:44:09.823
P3120000019,黄社溇路2停车场,柯桥区,18,7,2021-07-03 16:44:09.823
P3120000025,金杨路1（中医院）停车场,柯桥区,28,18,2021-07-03 16:44:09.823
P3120000027,金杨路3停车场,柯桥区,28,20,2021-07-03 16:44:09.823
P3120000028,鉴湖路1（锦江花园）停车场,柯桥区,29,21,2021-07-03 16:44:09.823
P3120000029,鉴湖路2（锦江花园）停车场,柯桥区,21,12,2021-07-03 16:44:09.823
P3120000033,港越路1(步行街1)停车场,柯桥区,14,6,2021-07-03 16:44:09.823
P3120000034,港越路2（精工）停车场,柯桥区,12,12,2021-07-03 16:44:09.823
P3120000036,港越路4（肯德基）停车场,柯桥区,21,0,2021-07-03 16:44:09.823
P3120000037,港越路5（温州饭滩）停车场,柯桥区,22,3,2021-07-03 16:44:09.823
P3120000038,港越路6停车场,柯桥区,16,8,2021-07-03 16:44:09.823
P3120000039,笛扬路1（世纪联华）停车场,柯桥区,31,20,2021-07-03 16:44:09.823
P3120000040,笛扬路2（广厦公寓）停车场,柯桥区,37,21,2021-07-03 16:44:09.823
P3120000041,笛扬路3（樱花电器）停车场,柯桥区,18,13,2021-07-03 16:44:09.823
P3120000042,笛扬路4（工商银行）停车场,柯桥区,23,19,2021-07-03 16:44:09.823
P3120000045,笛扬路7（福年大厦）停车场,柯桥区,22,5,2021-07-03 16:44:09.823
P3120000061,港越路2(精工2)停车场,柯桥区,21,18,2021-07-03 16:44:09.823
P3120000062,港越路1(步行街3)停车场,柯桥区,16,12,2021-07-03 16:44:09.823
P3120000064,港越路1(步行街2)停车场,柯桥区,26,12,2021-07-03 16:44:09.823
P3120000068,港越路3（精工）停车场,柯桥区,23,15,2021-07-03 16:44:09.823
P3120000016,温渎路2停车场,柯桥区,15,12,2021-07-03 16:54:09.15
P3120000017,万家巷停车场,柯桥区,40,26,2021-07-03 16:54:09.15
P3120000018,黄社溇路1停车场,柯桥区,16,2,2021-07-03 16:54:09.15
P3120000019,黄社溇路2停车场,柯桥区,18,8,2021-07-03 16:54:09.15
P3120000025,金杨路1（中医院）停车场,柯桥区,28,21,2021-07-03 16:54:09.15
P3120000028,鉴湖路1（锦江花园）停车场,柯桥区,29,23,2021-07-03 16:54:09.15
P3120000032,鉴湖路5（四大银行）停车场,柯桥区,16,12,2021-07-03 16:54:09.15
P3120000036,港越路4（肯德基）停车场,柯桥区,21,3,2021-07-03 16:54:09.15
P3120000037,港越路5（温州饭滩）停车场,柯桥区,22,2,2021-07-03 16:54:09.15
P3120000038,港越路6停车场,柯桥区,16,6,2021-07-03 16:54:09.15
P3120000039,笛扬路1（世纪联华）停车场,柯桥区,31,19,2021-07-03 16:54:09.15
P3120000040,笛扬路2（广厦公寓）停车场,柯桥区,37,20,2021-07-03 16:54:09.15
P3120000041,笛扬路3（樱花电器）停车场,柯桥区,18,15,2021-07-03 16:54:09.15
P3120000061,港越路2(精工2)停车场,柯桥区,21,19,2021-07-03 16:54:09.15
P3120000062,港越路1(步行街3)停车场,柯桥区,16,11,2021-07-03 16:54:09.15
P3120000064,港越路1(步行街2)停车场,柯桥区,26,11,2021-07-03 16:54:09.15
P3120000068,港越路3（精工）停车场,柯桥区,23,14,2021-07-03 16:54:09.15
P3120000014,人和路停车场,柯桥区,19,16,2021-07-03 17:04:08.867
P3120000015,温渎路1停车场,柯桥区,21,19,2021-07-03 17:04:08.867
P3120000017,万家巷停车场,柯桥区,40,25,2021-07-03 17:04:08.867
P3120000018,黄社溇路1停车场,柯桥区,16,0,2021-07-03 17:04:08.867
P3120000019,黄社溇路2停车场,柯桥区,18,7,2021-07-03 17:04:08.867
P3120000025,金杨路1（中医院）停车场,柯桥区,28,23,2021-07-03 17:04:08.867
P3120000027,金杨路3停车场,柯桥区,28,19,2021-07-03 17:04:08.867
P3120000028,鉴湖路1（锦江花园）停车场,柯桥区,29,22,2021-07-03 17:04:08.867
P3120000030,鉴湖路3停车场,柯桥区,12,10,2021-07-03 17:04:08.867
P3120000032,鉴湖路5（四大银行）停车场,柯桥区,16,13,2021-07-03 17:04:08.867
P3120000033,港越路1(步行街1)停车场,柯桥区,14,4,2021-07-03 17:04:08.867
P3120000034,港越路2（精工）停车场,柯桥区,12,11,2021-07-03 17:04:08.867
P3120000037,港越路5（温州饭滩）停车场,柯桥区,22,1,2021-07-03 17:04:08.867
P3120000038,港越路6停车场,柯桥区,16,5,2021-07-03 17:04:08.867
P3120000042,笛扬路4（工商银行）停车场,柯桥区,23,20,2021-07-03 17:04:08.867
P3120000045,笛扬路7（福年大厦）停车场,柯桥区,22,6,2021-07-03 17:04:08.867
P3120000061,港越路2(精工2)停车场,柯桥区,21,20,2021-07-03 17:04:08.867
P3120000062,港越路1(步行街3)停车场,柯桥区,16,9,2021-07-03 17:04:08.867
P3120000064,港越路1(步行街2)停车场,柯桥区,26,12,2021-07-03 17:04:08.867
P3120000065,温渎路3停车场,柯桥区,11,8,2021-07-03 17:04:08.867
P3120000068,港越路3（精工）停车场,柯桥区,23,13,2021-07-03 17:04:08.867
P3120000014,人和路停车场,柯桥区,19,14,2021-07-03 17:14:08.537
P3120000016,温渎路2停车场,柯桥区,15,11,2021-07-03 17:14:08.537
P3120000017,万家巷停车场,柯桥区,40,26,2021-07-03 17:14:08.537
P3120000018,黄社溇路1停车场,柯桥区,16,2,2021-07-03 17:14:08.537
P3120000019,黄社溇路2停车场,柯桥区,18,6,2021-07-03 17:14:08.537
P3120000025,金杨路1（中医院）停车场,柯桥区,28,20,2021-07-03 17:14:08.537
P3120000028,鉴湖路1（锦江花园）停车场,柯桥区,29,24,2021-07-03 17:14:08.537
P3120000029,鉴湖路2（锦江花园）停车场,柯桥区,21,15,2021-07-03 17:14:08.537
P3120000032,鉴湖路5（四大银行）停车场,柯桥区,16,12,2021-07-03 17:14:08.537
P3120000036,港越路4（肯德基）停车场,柯桥区,21,4,2021-07-03 17:14:08.537
P3120000037,港越路5（温州饭滩）停车场,柯桥区,22,4,2021-07-03 17:14:08.537
P3120000038,港越路6停车场,柯桥区,16,4,2021-07-03 17:14:08.537
P3120000039,笛扬路1（世纪联华）停车场,柯桥区,31,21,2021-07-03 17:14:08.537
P3120000041,笛扬路3（樱花电器）停车场,柯桥区,18,14,2021-07-03 17:14:08.537
P3120000062,港越路1(步行街3)停车场,柯桥区,16,10,2021-07-03 17:14:08.537
P3120000016,温渎路2停车场,柯桥区,15,9,2021-07-03 17:24:10.917
P3120000017,万家巷停车场,柯桥区,40,24,2021-07-03 17:24:10.917
P3120000018,黄社溇路1停车场,柯桥区,16,1,2021-07-03 17:24:10.917
P3120000019,黄社溇路2停车场,柯桥区,18,7,2021-07-03 17:24:10.917
P3120000025,金杨路1（中医院）停车场,柯桥区,28,18,2021-07-03 17:24:10.917
P3120000027,金杨路3停车场,柯桥区,28,18,2021-07-03 17:24:10.917
P3120000029,鉴湖路2（锦江花园）停车场,柯桥区,21,17,2021-07-03 17:24:10.917
P3120000032,鉴湖路5（四大银行）停车场,柯桥区,16,14,2021-07-03 17:24:10.917
P3120000034,港越路2（精工）停车场,柯桥区,12,12,2021-07-03 17:24:10.917
P3120000036,港越路4（肯德基）停车场,柯桥区,21,3,2021-07-03 17:24:10.917
P3120000037,港越路5（温州饭滩）停车场,柯桥区,22,7,2021-07-03 17:24:10.917
P3120000038,港越路6停车场,柯桥区,16,6,2021-07-03 17:24:10.917
P3120000039,笛扬路1（世纪联华）停车场,柯桥区,31,17,2021-07-03 17:24:10.917
P3120000040,笛扬路2（广厦公寓）停车场,柯桥区,37,22,2021-07-03 17:24:10.917
P3120000041,笛扬路3（樱花电器）停车场,柯桥区,18,12,2021-07-03 17:24:10.917
P3120000042,笛扬路4（工商银行）停车场,柯桥区,23,18,2021-07-03 17:24:10.917
P3120000045,笛扬路7（福年大厦）停车场,柯桥区,22,8,2021-07-03 17:24:10.917
P3120000064,港越路1(步行街2)停车场,柯桥区,26,10,2021-07-03 17:24:10.917
P3120000068,港越路3（精工）停车场,柯桥区,23,16,2021-07-03 17:24:10.917
P3120000014,人和路停车场,柯桥区,19,13,2021-07-03 17:34:08.45
P3120000015,温渎路1停车场,柯桥区,21,20,2021-07-03 17:34:08.45
P3120000016,温渎路2停车场,柯桥区,15,8,2021-07-03 17:34:08.45
P3120000017,万家巷停车场,柯桥区,40,26,2021-07-03 17:34:08.45
P3120000019,黄社溇路2停车场,柯桥区,18,5,2021-07-03 17:34:08.45
P3120000025,金杨路1（中医院）停车场,柯桥区,28,20,2021-07-03 17:34:08.45
P3120000027,金杨路3停车场,柯桥区,28,15,2021-07-03 17:34:08.45
P3120000028,鉴湖路1（锦江花园）停车场,柯桥区,29,22,2021-07-03 17:34:08.45
P3120000029,鉴湖路2（锦江花园）停车场,柯桥区,21,16,2021-07-03 17:34:08.45
P3120000033,港越路1(步行街1)停车场,柯桥区,14,5,2021-07-03 17:34:08.45
P3120000034,港越路2（精工）停车场,柯桥区,12,11,2021-07-03 17:34:08.45
P3120000036,港越路4（肯德基）停车场,柯桥区,21,4,2021-07-03 17:34:08.45
P3120000037,港越路5（温州饭滩）停车场,柯桥区,22,8,2021-07-03 17:34:08.45
P3120000039,笛扬路1（世纪联华）停车场,柯桥区,31,18,2021-07-03 17:34:08.45
P3120000040,笛扬路2（广厦公寓）停车场,柯桥区,37,19,2021-07-03 17:34:08.45
P3120000041,笛扬路3（樱花电器）停车场,柯桥区,18,11,2021-07-03 17:34:08.45
P3120000042,笛扬路4（工商银行）停车场,柯桥区,23,17,2021-07-03 17:34:08.45
P3120000045,笛扬路7（福年大厦）停车场,柯桥区,22,7,2021-07-03 17:34:08.45
P3120000061,港越路2(精工2)停车场,柯桥区,21,21,2021-07-03 17:34:08.45
P3120000064,港越路1(步行街2)停车场,柯桥区,26,8,2021-07-03 17:34:08.45
P3120000065,温渎路3停车场,柯桥区,11,7,2021-07-03 17:34:08.45
P3120000068,港越路3（精工）停车场,柯桥区,23,15,2021-07-03 17:34:08.45
P3120000015,温渎路1停车场,柯桥区,21,21,2021-07-03 17:44:12.173
P3120000016,温渎路2停车场,柯桥区,15,9,2021-07-03 17:44:12.173
P3120000018,黄社溇路1停车场,柯桥区,16,0,2021-07-03 17:44:12.173
P3120000019,黄社溇路2停车场,柯桥区,18,6,2021-07-03 17:44:12.173
P3120000025,金杨路1（中医院）停车场,柯桥区,28,19,2021-07-03 17:44:12.173
P3120000027,金杨路3停车场,柯桥区,28,17,2021-07-03 17:44:12.173
P3120000028,鉴湖路1（锦江花园）停车场,柯桥区,29,23,2021-07-03 17:44:12.173
P3120000030,鉴湖路3停车场,柯桥区,12,9,2021-07-03 17:44:12.173
P3120000032,鉴湖路5（四大银行）停车场,柯桥区,16,13,2021-07-03 17:44:12.173
P3120000033,港越路1(步行街1)停车场,柯桥区,14,6,2021-07-03 17:44:12.173
P3120000036,港越路4（肯德基）停车场,柯桥区,21,6,2021-07-03 17:44:12.173
P3120000037,港越路5（温州饭滩）停车场,柯桥区,22,7,2021-07-03 17:44:12.173
P3120000042,笛扬路4（工商银行）停车场,柯桥区,23,12,2021-07-03 17:44:12.173
P3120000045,笛扬路7（福年大厦）停车场,柯桥区,22,5,2021-07-03 17:44:12.173
P3120000061,港越路2(精工2)停车场,柯桥区,21,20,2021-07-03 17:44:12.173
P3120000065,温渎路3停车场,柯桥区,11,9,2021-07-03 17:44:12.173
P3120000068,港越路3（精工）停车场,柯桥区,23,16,2021-07-03 17:44:12.173
P3120000018,黄社溇路1停车场,柯桥区,16,1,2021-07-03 17:54:11.047
P3120000019,黄社溇路2停车场,柯桥区,18,5,2021-07-03 17:54:11.047
P3120000025,金杨路1（中医院）停车场,柯桥区,28,20,2021-07-03 17:54:11.047
P3120000027,金杨路3停车场,柯桥区,28,19,2021-07-03 17:54:11.047
P3120000028,鉴湖路1（锦江花园）停车场,柯桥区,29,21,2021-07-03 17:54:11.047
P3120000029,鉴湖路2（锦江花园）停车场,柯桥区,21,15,2021-07-03 17:54:11.047
P3120000032,鉴湖路5（四大银行）停车场,柯桥区,16,12,2021-07-03 17:54:11.047
P3120000033,港越路1(步行街1)停车场,柯桥区,14,8,2021-07-03 17:54:11.047
P3120000034,港越路2（精工）停车场,柯桥区,12,10,2021-07-03 17:54:11.047
P3120000037,港越路5（温州饭滩）停车场,柯桥区,22,5,2021-07-03 17:54:11.047
P3120000038,港越路6停车场,柯桥区,16,5,2021-07-03 17:54:11.047
P3120000040,笛扬路2（广厦公寓）停车场,柯桥区,37,18,2021-07-03 17:54:11.047
P3120000042,笛扬路4（工商银行）停车场,柯桥区,23,14,2021-07-03 17:54:11.047
P3120000045,笛扬路7（福年大厦）停车场,柯桥区,22,6,2021-07-03 17:54:11.047
P3120000062,港越路1(步行街3)停车场,柯桥区,16,11,2021-07-03 17:54:11.047
P3120000065,温渎路3停车场,柯桥区,11,10,2021-07-03 17:54:11.047
P3120000068,港越路3（精工）停车场,柯桥区,23,15,2021-07-03 17:54:11.047
P3120000014,人和路停车场,柯桥区,19,18,2021-07-03 18:04:09.81
P3120000015,温渎路1停车场,柯桥区,21,20,2021-07-03 18:04:09.81
P3120000016,温渎路2停车场,柯桥区,15,13,2021-07-03 18:04:09.81
P3120000017,万家巷停车场,柯桥区,40,27,2021-07-03 18:04:09.81
P3120000018,黄社溇路1停车场,柯桥区,16,7,2021-07-03 18:04:09.81
P3120000019,黄社溇路2停车场,柯桥区,18,16,2021-07-03 18:04:09.81
P3120000025,金杨路1（中医院）停车场,柯桥区,28,26,2021-07-03 18:04:09.81
P3120000027,金杨路3停车场,柯桥区,28,27,2021-07-03 18:04:09.81
P3120000028,鉴湖路1（锦江花园）停车场,柯桥区,29,28,2021-07-03 18:04:09.81
P3120000029,鉴湖路2（锦江花园）停车场,柯桥区,21,19,2021-07-03 18:04:09.81
P3120000032,鉴湖路5（四大银行）停车场,柯桥区,16,15,2021-07-03 18:04:09.81
P3120000033,港越路1(步行街1)停车场,柯桥区,14,14,2021-07-03 18:04:09.81
P3120000034,港越路2（精工）停车场,柯桥区,12,8,2021-07-03 18:04:09.81
P3120000036,港越路4（肯德基）停车场,柯桥区,21,20,2021-07-03 18:04:09.81
P3120000037,港越路5（温州饭滩）停车场,柯桥区,22,4,2021-07-03 18:04:09.81
P3120000040,笛扬路2（广厦公寓）停车场,柯桥区,37,17,2021-07-03 18:04:09.81
P3120000041,笛扬路3（樱花电器）停车场,柯桥区,18,9,2021-07-03 18:04:09.81
P3120000042,笛扬路4（工商银行）停车场,柯桥区,23,17,2021-07-03 18:04:09.81
P3120000045,笛扬路7（福年大厦）停车场,柯桥区,22,18,2021-07-03 18:04:09.81
P3120000062,港越路1(步行街3)停车场,柯桥区,16,14,2021-07-03 18:04:09.81
P3120000064,港越路1(步行街2)停车场,柯桥区,26,14,2021-07-03 18:04:09.81
P3120000065,温渎路3停车场,柯桥区,11,11,2021-07-03 18:04:09.81
P3120000068,港越路3（精工）停车场,柯桥区,23,17,2021-07-03 18:04:09.81
P3120000016,温渎路2停车场,柯桥区,15,12,2021-07-04 00:04:10.86
P3120000017,万家巷停车场,柯桥区,40,26,2021-07-04 00:04:10.86
P3120000018,黄社溇路1停车场,柯桥区,16,14,2021-07-04 00:04:10.86
P3120000025,金杨路1（中医院）停车场,柯桥区,28,25,2021-07-04 00:04:10.86
P3120000030,鉴湖路3停车场,柯桥区,12,11,2021-07-04 00:04:10.86
P3120000034,港越路2（精工）停车场,柯桥区,12,10,2021-07-04 00:04:10.86
P3120000036,港越路4（肯德基）停车场,柯桥区,21,19,2021-07-04 00:04:10.86
P3120000037,港越路5（温州饭滩）停车场,柯桥区,22,5,2021-07-04 00:04:10.86
P3120000040,笛扬路2（广厦公寓）停车场,柯桥区,37,19,2021-07-04 00:04:10.86
P3120000041,笛扬路3（樱花电器）停车场,柯桥区,18,8,2021-07-04 00:04:10.86
P3120000042,笛扬路4（工商银行）停车场,柯桥区,23,16,2021-07-04 00:04:10.86
P3120000045,笛扬路7（福年大厦）停车场,柯桥区,22,19,2021-07-04 00:04:10.86
P3120000061,港越路2(精工2)停车场,柯桥区,21,21,2021-07-04 00:04:10.86
P3120000062,港越路1(步行街3)停车场,柯桥区,16,13,2021-07-04 00:04:10.86
P3120000065,温渎路3停车场,柯桥区,11,10,2021-07-04 00:04:10.86
P3120000016,温渎路2停车场,柯桥区,15,11,2021-07-04 06:14:10.46
P3120000028,鉴湖路1（锦江花园）停车场,柯桥区,29,27,2021-07-04 06:14:10.46
P3120000038,港越路6停车场,柯桥区,16,6,2021-07-04 06:14:10.46
P3120000062,港越路1(步行街3)停车场,柯桥区,16,12,2021-07-04 06:14:10.46
P3120000065,温渎路3停车场,柯桥区,11,9,2021-07-04 06:14:10.46
P3120000014,人和路停车场,柯桥区,19,17,2021-07-04 06:24:08.843
P3120000037,港越路5（温州饭滩）停车场,柯桥区,22,20,2021-07-04 06:24:08.843
P3120000038,港越路6停车场,柯桥区,16,16,2021-07-04 06:24:08.843
P3120000039,笛扬路1（世纪联华）停车场,柯桥区,31,21,2021-07-04 06:24:08.843
P3120000062,港越路1(步行街3)停车场,柯桥区,16,13,2021-07-04 06:24:08.843
P3120000040,笛扬路2（广厦公寓）停车场,柯桥区,37,21,2021-07-04 06:34:09.563
P3120000065,温渎路3停车场,柯桥区,11,10,2021-07-04 06:34:09.563
P3120000016,温渎路2停车场,柯桥区,15,12,2021-07-04 06:44:09.243
P3120000028,鉴湖路1（锦江花园）停车场,柯桥区,29,28,2021-07-04 06:44:09.243
P3120000029,鉴湖路2（锦江花园）停车场,柯桥区,21,18,2021-07-04 06:44:09.243
P3120000037,港越路5（温州饭滩）停车场,柯桥区,22,19,2021-07-04 06:44:09.243
P3120000039,笛扬路1（世纪联华）停车场,柯桥区,31,30,2021-07-04 06:44:09.243
P3120000040,笛扬路2（广厦公寓）停车场,柯桥区,37,35,2021-07-04 06:44:09.243
P3120000041,笛扬路3（樱花电器）停车场,柯桥区,18,11,2021-07-04 06:44:09.243
P3120000042,笛扬路4（工商银行）停车场,柯桥区,23,23,2021-07-04 06:44:09.243
P3120000025,金杨路1（中医院）停车场,柯桥区,28,24,2021-07-04 06:54:10.56
P3120000029,鉴湖路2（锦江花园）停车场,柯桥区,21,17,2021-07-04 06:54:10.56
P3120000034,港越路2（精工）停车场,柯桥区,12,7,2021-07-04 06:54:10.56
P3120000036,港越路4（肯德基）停车场,柯桥区,21,15,2021-07-04 06:54:10.56
P3120000037,港越路5（温州饭滩）停车场,柯桥区,22,18,2021-07-04 06:54:10.56
P3120000038,港越路6停车场,柯桥区,16,15,2021-07-04 06:54:10.56
P3120000040,笛扬路2（广厦公寓）停车场,柯桥区,37,37,2021-07-04 06:54:10.56
P3120000041,笛扬路3（樱花电器）停车场,柯桥区,18,15,2021-07-04 06:54:10.56
P3120000042,笛扬路4（工商银行）停车场,柯桥区,23,21,2021-07-04 06:54:10.56
P3120000061,港越路2(精工2)停车场,柯桥区,21,17,2021-07-04 06:54:10.56
P3120000065,温渎路3停车场,柯桥区,11,11,2021-07-04 06:54:10.56
P3120000017,万家巷停车场,柯桥区,40,25,2021-07-04 07:04:07.87
P3120000018,黄社溇路1停车场,柯桥区,16,13,2021-07-04 07:04:07.87
P3120000019,黄社溇路2停车场,柯桥区,18,17,2021-07-04 07:04:07.87
P3120000027,金杨路3停车场,柯桥区,28,14,2021-07-04 07:04:07.87
P3120000029,鉴湖路2（锦江花园）停车场,柯桥区,21,19,2021-07-04 07:04:07.87
P3120000032,鉴湖路5（四大银行）停车场,柯桥区,16,14,2021-07-04 07:04:07.87
P3120000034,港越路2（精工）停车场,柯桥区,12,8,2021-07-04 07:04:07.87
P3120000036,港越路4（肯德基）停车场,柯桥区,21,9,2021-07-04 07:04:07.87
P3120000037,港越路5（温州饭滩）停车场,柯桥区,22,12,2021-07-04 07:04:07.87
P3120000038,港越路6停车场,柯桥区,16,16,2021-07-04 07:04:07.87
P3120000040,笛扬路2（广厦公寓）停车场,柯桥区,37,36,2021-07-04 07:04:07.87
P3120000042,笛扬路4（工商银行）停车场,柯桥区,23,20,2021-07-04 07:04:07.87
P3120000061,港越路2(精工2)停车场,柯桥区,21,14,2021-07-04 07:04:07.87
P3120000064,港越路1(步行街2)停车场,柯桥区,26,13,2021-07-04 07:04:07.87
P3120000068,港越路3（精工）停车场,柯桥区,23,16,2021-07-04 07:04:07.87
P3120000015,温渎路1停车场,柯桥区,21,17,2021-07-04 07:14:09.78
P3120000016,温渎路2停车场,柯桥区,15,8,2021-07-04 07:14:09.78
P3120000017,万家巷停车场,柯桥区,40,22,2021-07-04 07:14:09.78
P3120000018,黄社溇路1停车场,柯桥区,16,14,2021-07-04 07:14:09.78
P3120000019,黄社溇路2停车场,柯桥区,18,16,2021-07-04 07:14:09.78
P3120000025,金杨路1（中医院）停车场,柯桥区,28,22,2021-07-04 07:14:09.78
P3120000027,金杨路3停车场,柯桥区,28,8,2021-07-04 07:14:09.78
P3120000028,鉴湖路1（锦江花园）停车场,柯桥区,29,26,2021-07-04 07:14:09.78
P3120000029,鉴湖路2（锦江花园）停车场,柯桥区,21,17,2021-07-04 07:14:09.78
P3120000032,鉴湖路5（四大银行）停车场,柯桥区,16,13,2021-07-04 07:14:09.78
P3120000033,港越路1(步行街1)停车场,柯桥区,14,8,2021-07-04 07:14:09.78
P3120000034,港越路2（精工）停车场,柯桥区,12,7,2021-07-04 07:14:09.78
P3120000037,港越路5（温州饭滩）停车场,柯桥区,22,3,2021-07-04 07:14:09.78
P3120000038,港越路6停车场,柯桥区,16,13,2021-07-04 07:14:09.78
P3120000040,笛扬路2（广厦公寓）停车场,柯桥区,37,33,2021-07-04 07:14:09.78
P3120000045,笛扬路7（福年大厦）停车场,柯桥区,22,5,2021-07-04 07:14:09.78
P3120000061,港越路2(精工2)停车场,柯桥区,21,15,2021-07-04 07:14:09.78
P3120000062,港越路1(步行街3)停车场,柯桥区,16,8,2021-07-04 07:14:09.78
P3120000064,港越路1(步行街2)停车场,柯桥区,26,14,2021-07-04 07:14:09.78
P3120000065,温渎路3停车场,柯桥区,11,10,2021-07-04 07:14:09.78
P3120000014,人和路停车场,柯桥区,19,6,2021-07-04 07:24:10.363
P3120000017,万家巷停车场,柯桥区,40,23,2021-07-04 07:24:10.363
P3120000018,黄社溇路1停车场,柯桥区,16,13,2021-07-04 07:24:10.363
P3120000019,黄社溇路2停车场,柯桥区,18,17,2021-07-04 07:24:10.363
P3120000025,金杨路1（中医院）停车场,柯桥区,28,20,2021-07-04 07:24:10.363
P3120000028,鉴湖路1（锦江花园）停车场,柯桥区,29,10,2021-07-04 07:24:10.363
P3120000029,鉴湖路2（锦江花园）停车场,柯桥区,21,10,2021-07-04 07:24:10.363
P3120000032,鉴湖路5（四大银行）停车场,柯桥区,16,10,2021-07-04 07:24:10.363
P3120000033,港越路1(步行街1)停车场,柯桥区,14,6,2021-07-04 07:24:10.363
P3120000036,港越路4（肯德基）停车场,柯桥区,21,8,2021-07-04 07:24:10.363
P3120000037,港越路5（温州饭滩）停车场,柯桥区,22,5,2021-07-04 07:24:10.363
P3120000038,港越路6停车场,柯桥区,16,9,2021-07-04 07:24:10.363
P3120000039,笛扬路1（世纪联华）停车场,柯桥区,31,27,2021-07-04 07:24:10.363
P3120000040,笛扬路2（广厦公寓）停车场,柯桥区,37,30,2021-07-04 07:24:10.363
P3120000041,笛扬路3（樱花电器）停车场,柯桥区,18,16,2021-07-04 07:24:10.363
P3120000042,笛扬路4（工商银行）停车场,柯桥区,23,21,2021-07-04 07:24:10.363
P3120000061,港越路2(精工2)停车场,柯桥区,21,16,2021-07-04 07:24:10.363
P3120000064,港越路1(步行街2)停车场,柯桥区,26,17,2021-07-04 07:24:10.363
P3120000068,港越路3（精工）停车场,柯桥区,23,17,2021-07-04 07:24:10.363
P3120000015,温渎路1停车场,柯桥区,21,16,2021-07-04 07:34:06.9
P3120000016,温渎路2停车场,柯桥区,15,9,2021-07-04 07:34:06.9
P3120000019,黄社溇路2停车场,柯桥区,18,15,2021-07-04 07:34:06.9
P3120000027,金杨路3停车场,柯桥区,28,7,2021-07-04 07:34:06.9
P3120000028,鉴湖路1（锦江花园）停车场,柯桥区,29,8,2021-07-04 07:34:06.9
P3120000036,港越路4（肯德基）停车场,柯桥区,21,9,2021-07-04 07:34:06.9
P3120000037,港越路5（温州饭滩）停车场,柯桥区,22,6,2021-07-04 07:34:06.9
P3120000040,笛扬路2（广厦公寓）停车场,柯桥区,37,24,2021-07-04 07:34:06.9
P3120000041,笛扬路3（樱花电器）停车场,柯桥区,18,15,2021-07-04 07:34:06.9
P3120000045,笛扬路7（福年大厦）停车场,柯桥区,22,6,2021-07-04 07:34:06.9
P3120000062,港越路1(步行街3)停车场,柯桥区,16,6,2021-07-04 07:34:06.9
P3120000064,港越路1(步行街2)停车场,柯桥区,26,16,2021-07-04 07:34:06.9
P3120000015,温渎路1停车场,柯桥区,21,15,2021-07-04 07:44:10.75
P3120000018,黄社溇路1停车场,柯桥区,16,12,2021-07-04 07:44:10.75
P3120000028,鉴湖路1（锦江花园）停车场,柯桥区,29,7,2021-07-04 07:44:10.75
P3120000029,鉴湖路2（锦江花园）停车场,柯桥区,21,8,2021-07-04 07:44:10.75
P3120000036,港越路4（肯德基）停车场,柯桥区,21,8,2021-07-04 07:44:10.75
P3120000037,港越路5（温州饭滩）停车场,柯桥区,22,4,2021-07-04 07:44:10.75
P3120000040,笛扬路2（广厦公寓）停车场,柯桥区,37,27,2021-07-04 07:44:10.75
P3120000062,港越路1(步行街3)停车场,柯桥区,16,7,2021-07-04 07:44:10.75
P3120000068,港越路3（精工）停车场,柯桥区,23,16,2021-07-04 07:44:10.75
P3120000015,温渎路1停车场,柯桥区,21,16,2021-07-04 07:54:10.787
P3120000017,万家巷停车场,柯桥区,40,22,2021-07-04 07:54:10.787
P3120000028,鉴湖路1（锦江花园）停车场,柯桥区,29,10,2021-07-04 07:54:10.787
P3120000030,鉴湖路3停车场,柯桥区,12,5,2021-07-04 07:54:10.787
P3120000037,港越路5（温州饭滩）停车场,柯桥区,22,7,2021-07-04 07:54:10.787
P3120000038,港越路6停车场,柯桥区,16,10,2021-07-04 07:54:10.787
P3120000039,笛扬路1（世纪联华）停车场,柯桥区,31,25,2021-07-04 07:54:10.787
P3120000040,笛扬路2（广厦公寓）停车场,柯桥区,37,30,2021-07-04 07:54:10.787
P3120000045,笛扬路7（福年大厦）停车场,柯桥区,22,9,2021-07-04 07:54:10.787
P3120000061,港越路2(精工2)停车场,柯桥区,21,15,2021-07-04 07:54:10.787
P3120000014,人和路停车场,柯桥区,19,7,2021-07-04 08:04:10.183
P3120000015,温渎路1停车场,柯桥区,21,17,2021-07-04 08:04:10.183
P3120000016,温渎路2停车场,柯桥区,15,10,2021-07-04 08:04:10.183
P3120000017,万家巷停车场,柯桥区,40,21,2021-07-04 08:04:10.183
P3120000019,黄社溇路2停车场,柯桥区,18,13,2021-07-04 08:04:10.183
P3120000025,金杨路1（中医院）停车场,柯桥区,28,19,2021-07-04 08:04:10.183
P3120000027,金杨路3停车场,柯桥区,28,8,2021-07-04 08:04:10.183
P3120000029,鉴湖路2（锦江花园）停车场,柯桥区,21,10,2021-07-04 08:04:10.183
P3120000030,鉴湖路3停车场,柯桥区,12,6,2021-07-04 08:04:10.183
P3120000036,港越路4（肯德基）停车场,柯桥区,21,5,2021-07-04 08:04:10.183
P3120000039,笛扬路1（世纪联华）停车场,柯桥区,31,24,2021-07-04 08:04:10.183
P3120000045,笛扬路7（福年大厦）停车场,柯桥区,22,8,2021-07-04 08:04:10.183
P3120000061,港越路2(精工2)停车场,柯桥区,21,16,2021-07-04 08:04:10.183
P3120000068,港越路3（精工）停车场,柯桥区,23,15,2021-07-04 08:04:10.183
P3120000015,温渎路1停车场,柯桥区,21,18,2021-07-04 08:14:08.503
P3120000017,万家巷停车场,柯桥区,40,20,2021-07-04 08:14:08.503
P3120000019,黄社溇路2停车场,柯桥区,18,14,2021-07-04 08:14:08.503
P3120000025,金杨路1（中医院）停车场,柯桥区,28,20,2021-07-04 08:14:08.503
P3120000028,鉴湖路1（锦江花园）停车场,柯桥区,29,11,2021-07-04 08:14:08.503
P3120000033,港越路1(步行街1)停车场,柯桥区,14,7,2021-07-04 08:14:08.503
P3120000034,港越路2（精工）停车场,柯桥区,12,8,2021-07-04 08:14:08.503
P3120000037,港越路5（温州饭滩）停车场,柯桥区,22,8,2021-07-04 08:14:08.503
P3120000038,港越路6停车场,柯桥区,16,9,2021-07-04 08:14:08.503
P3120000041,笛扬路3（樱花电器）停车场,柯桥区,18,14,2021-07-04 08:14:08.503
P3120000045,笛扬路7（福年大厦）停车场,柯桥区,22,9,2021-07-04 08:14:08.503
P3120000062,港越路1(步行街3)停车场,柯桥区,16,8,2021-07-04 08:14:08.503
P3120000064,港越路1(步行街2)停车场,柯桥区,26,15,2021-07-04 08:14:08.503
P3120000068,港越路3（精工）停车场,柯桥区,23,16,2021-07-04 08:14:08.503
P3120000014,人和路停车场,柯桥区,19,9,2021-07-04 08:24:11.347
P3120000015,温渎路1停车场,柯桥区,21,17,2021-07-04 08:24:11.347
P3120000017,万家巷停车场,柯桥区,40,22,2021-07-04 08:24:11.347
P3120000025,金杨路1（中医院）停车场,柯桥区,28,21,2021-07-04 08:24:11.347
P3120000027,金杨路3停车场,柯桥区,28,7,2021-07-04 08:24:11.347
P3120000028,鉴湖路1（锦江花园）停车场,柯桥区,29,10,2021-07-04 08:24:11.347
P3120000030,鉴湖路3停车场,柯桥区,12,5,2021-07-04 08:24:11.347
P3120000033,港越路1(步行街1)停车场,柯桥区,14,8,2021-07-04 08:24:11.347
P3120000037,港越路5（温州饭滩）停车场,柯桥区,22,10,2021-07-04 08:24:11.347
P3120000038,港越路6停车场,柯桥区,16,13,2021-07-04 08:24:11.347
P3120000039,笛扬路1（世纪联华）停车场,柯桥区,31,25,2021-07-04 08:24:11.347
P3120000040,笛扬路2（广厦公寓）停车场,柯桥区,37,27,2021-07-04 08:24:11.347
P3120000045,笛扬路7（福年大厦）停车场,柯桥区,22,8,2021-07-04 08:24:11.347
P3120000061,港越路2(精工2)停车场,柯桥区,21,17,2021-07-04 08:24:11.347
P3120000068,港越路3（精工）停车场,柯桥区,23,15,2021-07-04 08:24:11.347
P3120000014,人和路停车场,柯桥区,19,10,2021-07-04 08:34:08.483
P3120000019,黄社溇路2停车场,柯桥区,18,16,2021-07-04 08:34:08.483
P3120000027,金杨路3停车场,柯桥区,28,9,2021-07-04 08:34:08.483
P3120000028,鉴湖路1（锦江花园）停车场,柯桥区,29,9,2021-07-04 08:34:08.483
P3120000029,鉴湖路2（锦江花园）停车场,柯桥区,21,12,2021-07-04 08:34:08.483
P3120000030,鉴湖路3停车场,柯桥区,12,6,2021-07-04 08:34:08.483
P3120000036,港越路4（肯德基）停车场,柯桥区,21,8,2021-07-04 08:34:08.483
P3120000037,港越路5（温州饭滩）停车场,柯桥区,22,9,2021-07-04 08:34:08.483
P3120000038,港越路6停车场,柯桥区,16,12,2021-07-04 08:34:08.483
P3120000039,笛扬路1（世纪联华）停车场,柯桥区,31,26,2021-07-04 08:34:08.483
P3120000041,笛扬路3（樱花电器）停车场,柯桥区,18,13,2021-07-04 08:34:08.483
P3120000045,笛扬路7（福年大厦）停车场,柯桥区,22,10,2021-07-04 08:34:08.483
P3120000014,人和路停车场,柯桥区,19,13,2021-07-04 08:44:10.743
P3120000015,温渎路1停车场,柯桥区,21,16,2021-07-04 08:44:10.743
P3120000016,温渎路2停车场,柯桥区,15,9,2021-07-04 08:44:10.743
P3120000025,金杨路1（中医院）停车场,柯桥区,28,22,2021-07-04 08:44:10.743
P3120000027,金杨路3停车场,柯桥区,28,10,2021-07-04 08:44:10.743
P3120000028,鉴湖路1（锦江花园）停车场,柯桥区,29,11,2021-07-04 08:44:10.743
P3120000029,鉴湖路2（锦江花园）停车场,柯桥区,21,11,2021-07-04 08:44:10.743
P3120000032,鉴湖路5（四大银行）停车场,柯桥区,16,12,2021-07-04 08:44:10.743
P3120000033,港越路1(步行街1)停车场,柯桥区,14,7,2021-07-04 08:44:10.743
P3120000034,港越路2（精工）停车场,柯桥区,12,7,2021-07-04 08:44:10.743
P3120000036,港越路4（肯德基）停车场,柯桥区,21,7,2021-07-04 08:44:10.743
P3120000037,港越路5（温州饭滩）停车场,柯桥区,22,8,2021-07-04 08:44:10.743
P3120000038,港越路6停车场,柯桥区,16,11,2021-07-04 08:44:10.743
P3120000040,笛扬路2（广厦公寓）停车场,柯桥区,37,26,2021-07-04 08:44:10.743
P3120000041,笛扬路3（樱花电器）停车场,柯桥区,18,12,2021-07-04 08:44:10.743
P3120000042,笛扬路4（工商银行）停车场,柯桥区,23,18,2021-07-04 08:44:10.743
P3120000064,港越路1(步行街2)停车场,柯桥区,26,14,2021-07-04 08:44:10.743
P3120000015,温渎路1停车场,柯桥区,21,17,2021-07-04 08:54:10.993
P3120000017,万家巷停车场,柯桥区,40,21,2021-07-04 08:54:10.993
P3120000019,黄社溇路2停车场,柯桥区,18,17,2021-07-04 08:54:10.993
P3120000027,金杨路3停车场,柯桥区,28,11,2021-07-04 08:54:10.993
P3120000028,鉴湖路1（锦江花园）停车场,柯桥区,29,14,2021-07-04 08:54:10.993
P3120000029,鉴湖路2（锦江花园）停车场,柯桥区,21,12,2021-07-04 08:54:10.993
P3120000032,鉴湖路5（四大银行）停车场,柯桥区,16,11,2021-07-04 08:54:10.993
P3120000034,港越路2（精工）停车场,柯桥区,12,9,2021-07-04 08:54:10.993
P3120000036,港越路4（肯德基）停车场,柯桥区,21,8,2021-07-04 08:54:10.993
P3120000037,港越路5（温州饭滩）停车场,柯桥区,22,5,2021-07-04 08:54:10.993
P3120000039,笛扬路1（世纪联华）停车场,柯桥区,31,25,2021-07-04 08:54:10.993
P3120000041,笛扬路3（樱花电器）停车场,柯桥区,18,10,2021-07-04 08:54:10.993
P3120000042,笛扬路4（工商银行）停车场,柯桥区,23,20,2021-07-04 08:54:10.993
P3120000045,笛扬路7（福年大厦）停车场,柯桥区,22,7,2021-07-04 08:54:10.993
P3120000061,港越路2(精工2)停车场,柯桥区,21,16,2021-07-04 08:54:10.993
P3120000062,港越路1(步行街3)停车场,柯桥区,16,7,2021-07-04 08:54:10.993
P3120000064,港越路1(步行街2)停车场,柯桥区,26,13,2021-07-04 08:54:10.993
P3120000014,人和路停车场,柯桥区,19,14,2021-07-04 09:04:07.657
P3120000017,万家巷停车场,柯桥区,40,22,2021-07-04 09:04:07.657
P3120000025,金杨路1（中医院）停车场,柯桥区,28,21,2021-07-04 09:04:07.657
P3120000028,鉴湖路1（锦江花园）停车场,柯桥区,29,13,2021-07-04 09:04:07.657
P3120000032,鉴湖路5（四大银行）停车场,柯桥区,16,10,2021-07-04 09:04:07.657
P3120000034,港越路2（精工）停车场,柯桥区,12,8,2021-07-04 09:04:07.657
P3120000037,港越路5（温州饭滩）停车场,柯桥区,22,10,2021-07-04 09:04:07.657
P3120000038,港越路6停车场,柯桥区,16,12,2021-07-04 09:04:07.657
P3120000039,笛扬路1（世纪联华）停车场,柯桥区,31,23,2021-07-04 09:04:07.657
P3120000040,笛扬路2（广厦公寓）停车场,柯桥区,37,28,2021-07-04 09:04:07.657
P3120000041,笛扬路3（樱花电器）停车场,柯桥区,18,11,2021-07-04 09:04:07.657
P3120000042,笛扬路4（工商银行）停车场,柯桥区,23,17,2021-07-04 09:04:07.657
P3120000045,笛扬路7（福年大厦）停车场,柯桥区,22,6,2021-07-04 09:04:07.657
P3120000062,港越路1(步行街3)停车场,柯桥区,16,9,2021-07-04 09:04:07.657
P3120000065,温渎路3停车场,柯桥区,11,11,2021-07-04 09:04:07.657
P3120000014,人和路停车场,柯桥区,19,13,2021-07-04 09:14:09.047
P3120000016,温渎路2停车场,柯桥区,15,10,2021-07-04 09:14:09.047
P3120000018,黄社溇路1停车场,柯桥区,16,9,2021-07-04 09:14:09.047
P3120000025,金杨路1（中医院）停车场,柯桥区,28,19,2021-07-04 09:14:09.047
P3120000027,金杨路3停车场,柯桥区,28,10,2021-07-04 09:14:09.047
P3120000028,鉴湖路1（锦江花园）停车场,柯桥区,29,14,2021-07-04 09:14:09.047
P3120000029,鉴湖路2（锦江花园）停车场,柯桥区,21,10,2021-07-04 09:14:09.047
P3120000032,鉴湖路5（四大银行）停车场,柯桥区,16,9,2021-07-04 09:14:09.047
P3120000036,港越路4（肯德基）停车场,柯桥区,21,6,2021-07-04 09:14:09.047
P3120000038,港越路6停车场,柯桥区,16,11,2021-07-04 09:14:09.047
P3120000039,笛扬路1（世纪联华）停车场,柯桥区,31,20,2021-07-04 09:14:09.047
P3120000040,笛扬路2（广厦公寓）停车场,柯桥区,37,25,2021-07-04 09:14:09.047
P3120000042,笛扬路4（工商银行）停车场,柯桥区,23,19,2021-07-04 09:14:09.047
P3120000061,港越路2(精工2)停车场,柯桥区,21,18,2021-07-04 09:14:09.047
P3120000062,港越路1(步行街3)停车场,柯桥区,16,8,2021-07-04 09:14:09.047
P3120000068,港越路3（精工）停车场,柯桥区,23,14,2021-07-04 09:14:09.047
P3120000014,人和路停车场,柯桥区,19,15,2021-07-04 09:24:11.45
P3120000017,万家巷停车场,柯桥区,40,23,2021-07-04 09:24:11.45
P3120000018,黄社溇路1停车场,柯桥区,16,8,2021-07-04 09:24:11.45
P3120000019,黄社溇路2停车场,柯桥区,18,16,2021-07-04 09:24:11.45
P3120000025,金杨路1（中医院）停车场,柯桥区,28,20,2021-07-04 09:24:11.45
P3120000027,金杨路3停车场,柯桥区,28,12,2021-07-04 09:24:11.45
P3120000028,鉴湖路1（锦江花园）停车场,柯桥区,29,11,2021-07-04 09:24:11.45
P3120000029,鉴湖路2（锦江花园）停车场,柯桥区,21,8,2021-07-04 09:24:11.45
P3120000030,鉴湖路3停车场,柯桥区,12,5,2021-07-04 09:24:11.45
P3120000032,鉴湖路5（四大银行）停车场,柯桥区,16,10,2021-07-04 09:24:11.45
P3120000033,港越路1(步行街1)停车场,柯桥区,14,8,2021-07-04 09:24:11.45
P3120000036,港越路4（肯德基）停车场,柯桥区,21,3,2021-07-04 09:24:11.45
P3120000037,港越路5（温州饭滩）停车场,柯桥区,22,12,2021-07-04 09:24:11.45
P3120000038,港越路6停车场,柯桥区,16,12,2021-07-04 09:24:11.45
P3120000039,笛扬路1（世纪联华）停车场,柯桥区,31,18,2021-07-04 09:24:11.45
P3120000041,笛扬路3（樱花电器）停车场,柯桥区,18,8,2021-07-04 09:24:11.45
P3120000042,笛扬路4（工商银行）停车场,柯桥区,23,21,2021-07-04 09:24:11.45
P3120000045,笛扬路7（福年大厦）停车场,柯桥区,22,2,2021-07-04 09:24:11.45
P3120000062,港越路1(步行街3)停车场,柯桥区,16,6,2021-07-04 09:24:11.45
P3120000064,港越路1(步行街2)停车场,柯桥区,26,12,2021-07-04 09:24:11.45
P3120000014,人和路停车场,柯桥区,19,16,2021-07-04 09:34:11.79
P3120000017,万家巷停车场,柯桥区,40,24,2021-07-04 09:34:11.79
P3120000018,黄社溇路1停车场,柯桥区,16,7,2021-07-04 09:34:11.79
P3120000025,金杨路1（中医院）停车场,柯桥区,28,19,2021-07-04 09:34:11.79
P3120000027,金杨路3停车场,柯桥区,28,13,2021-07-04 09:34:11.79
P3120000029,鉴湖路2（锦江花园）停车场,柯桥区,21,9,2021-07-04 09:34:11.79
P3120000032,鉴湖路5（四大银行）停车场,柯桥区,16,9,2021-07-04 09:34:11.79
P3120000033,港越路1(步行街1)停车场,柯桥区,14,9,2021-07-04 09:34:11.79
P3120000034,港越路2（精工）停车场,柯桥区,12,9,2021-07-04 09:34:11.79
P3120000036,港越路4（肯德基）停车场,柯桥区,21,4,2021-07-04 09:34:11.79
P3120000037,港越路5（温州饭滩）停车场,柯桥区,22,13,2021-07-04 09:34:11.79
P3120000038,港越路6停车场,柯桥区,16,10,2021-07-04 09:34:11.79
P3120000039,笛扬路1（世纪联华）停车场,柯桥区,31,21,2021-07-04 09:34:11.79
P3120000041,笛扬路3（樱花电器）停车场,柯桥区,18,7,2021-07-04 09:34:11.79
P3120000042,笛扬路4（工商银行）停车场,柯桥区,23,22,2021-07-04 09:34:11.79
P3120000061,港越路2(精工2)停车场,柯桥区,21,17,2021-07-04 09:34:11.79
P3120000062,港越路1(步行街3)停车场,柯桥区,16,5,2021-07-04 09:34:11.79
P3120000068,港越路3（精工）停车场,柯桥区,23,12,2021-07-04 09:34:11.79
P3120000014,人和路停车场,柯桥区,19,17,2021-07-04 09:44:09.97
P3120000017,万家巷停车场,柯桥区,40,25,2021-07-04 09:44:09.97
P3120000018,黄社溇路1停车场,柯桥区,16,5,2021-07-04 09:44:09.97
P3120000019,黄社溇路2停车场,柯桥区,18,14,2021-07-04 09:44:09.97
P3120000025,金杨路1（中医院）停车场,柯桥区,28,20,2021-07-04 09:44:09.97
P3120000027,金杨路3停车场,柯桥区,28,14,2021-07-04 09:44:09.97
P3120000028,鉴湖路1（锦江花园）停车场,柯桥区,29,13,2021-07-04 09:44:09.97
P3120000029,鉴湖路2（锦江花园）停车场,柯桥区,21,10,2021-07-04 09:44:09.97
P3120000032,鉴湖路5（四大银行）停车场,柯桥区,16,12,2021-07-04 09:44:09.97
P3120000036,港越路4（肯德基）停车场,柯桥区,21,3,2021-07-04 09:44:09.97
P3120000037,港越路5（温州饭滩）停车场,柯桥区,22,10,2021-07-04 09:44:09.97
P3120000038,港越路6停车场,柯桥区,16,9,2021-07-04 09:44:09.97
P3120000042,笛扬路4（工商银行）停车场,柯桥区,23,21,2021-07-04 09:44:09.97
P3120000045,笛扬路7（福年大厦）停车场,柯桥区,22,3,2021-07-04 09:44:09.97
P3120000061,港越路2(精工2)停车场,柯桥区,21,16,2021-07-04 09:44:09.97
P3120000064,港越路1(步行街2)停车场,柯桥区,26,13,2021-07-04 09:44:09.97
P3120000068,港越路3（精工）停车场,柯桥区,23,14,2021-07-04 09:44:09.97
P3120000017,万家巷停车场,柯桥区,40,26,2021-07-04 09:54:08.747
P3120000018,黄社溇路1停车场,柯桥区,16,8,2021-07-04 09:54:08.747
P3120000019,黄社溇路2停车场,柯桥区,18,15,2021-07-04 09:54:08.747
P3120000029,鉴湖路2（锦江花园）停车场,柯桥区,21,11,2021-07-04 09:54:08.747
P3120000032,鉴湖路5（四大银行）停车场,柯桥区,16,9,2021-07-04 09:54:08.747
P3120000033,港越路1(步行街1)停车场,柯桥区,14,7,2021-07-04 09:54:08.747
P3120000034,港越路2（精工）停车场,柯桥区,12,10,2021-07-04 09:54:08.747
P3120000036,港越路4（肯德基）停车场,柯桥区,21,6,2021-07-04 09:54:08.747
P3120000037,港越路5（温州饭滩）停车场,柯桥区,22,8,2021-07-04 09:54:08.747
P3120000038,港越路6停车场,柯桥区,16,10,2021-07-04 09:54:08.747
P3120000039,笛扬路1（世纪联华）停车场,柯桥区,31,19,2021-07-04 09:54:08.747
P3120000040,笛扬路2（广厦公寓）停车场,柯桥区,37,21,2021-07-04 09:54:08.747
P3120000041,笛扬路3（樱花电器）停车场,柯桥区,18,5,2021-07-04 09:54:08.747
P3120000042,笛扬路4（工商银行）停车场,柯桥区,23,20,2021-07-04 09:54:08.747
P3120000045,笛扬路7（福年大厦）停车场,柯桥区,22,1,2021-07-04 09:54:08.747
P3120000061,港越路2(精工2)停车场,柯桥区,21,15,2021-07-04 09:54:08.747
P3120000068,港越路3（精工）停车场,柯桥区,23,13,2021-07-04 09:54:08.747
P3120000015,温渎路1停车场,柯桥区,21,18,2021-07-04 10:04:08.557
P3120000017,万家巷停车场,柯桥区,40,23,2021-07-04 10:04:08.557
P3120000018,黄社溇路1停车场,柯桥区,16,6,2021-07-04 10:04:08.557
P3120000019,黄社溇路2停车场,柯桥区,18,12,2021-07-04 10:04:08.557
P3120000025,金杨路1（中医院）停车场,柯桥区,28,18,2021-07-04 10:04:08.557
P3120000028,鉴湖路1（锦江花园）停车场,柯桥区,29,14,2021-07-04 10:04:08.557
P3120000029,鉴湖路2（锦江花园）停车场,柯桥区,21,13,2021-07-04 10:04:08.557
P3120000030,鉴湖路3停车场,柯桥区,12,4,2021-07-04 10:04:08.557
P3120000032,鉴湖路5（四大银行）停车场,柯桥区,16,7,2021-07-04 10:04:08.557
P3120000036,港越路4（肯德基）停车场,柯桥区,21,1,2021-07-04 10:04:08.557
P3120000038,港越路6停车场,柯桥区,16,9,2021-07-04 10:04:08.557
P3120000041,笛扬路3（樱花电器）停车场,柯桥区,18,7,2021-07-04 10:04:08.557
P3120000042,笛扬路4（工商银行）停车场,柯桥区,23,21,2021-07-04 10:04:08.557
P3120000062,港越路1(步行街3)停车场,柯桥区,16,4,2021-07-04 10:04:08.557
P3120000068,港越路3（精工）停车场,柯桥区,23,15,2021-07-04 10:04:08.557
P3120000014,人和路停车场,柯桥区,19,16,2021-07-04 10:14:08.553
P3120000015,温渎路1停车场,柯桥区,21,16,2021-07-04 10:14:08.553
P3120000017,万家巷停车场,柯桥区,40,24,2021-07-04 10:14:08.553
P3120000018,黄社溇路1停车场,柯桥区,16,5,2021-07-04 10:14:08.553
P3120000019,黄社溇路2停车场,柯桥区,18,13,2021-07-04 10:14:08.553
P3120000025,金杨路1（中医院）停车场,柯桥区,28,21,2021-07-04 10:14:08.553
P3120000027,金杨路3停车场,柯桥区,28,13,2021-07-04 10:14:08.553
P3120000029,鉴湖路2（锦江花园）停车场,柯桥区,21,12,2021-07-04 10:14:08.553
P3120000030,鉴湖路3停车场,柯桥区,12,6,2021-07-04 10:14:08.553
P3120000032,鉴湖路5（四大银行）停车场,柯桥区,16,8,2021-07-04 10:14:08.553
P3120000034,港越路2（精工）停车场,柯桥区,12,9,2021-07-04 10:14:08.553
P3120000036,港越路4（肯德基）停车场,柯桥区,21,2,2021-07-04 10:14:08.553
P3120000037,港越路5（温州饭滩）停车场,柯桥区,22,9,2021-07-04 10:14:08.553
P3120000038,港越路6停车场,柯桥区,16,12,2021-07-04 10:14:08.553
P3120000040,笛扬路2（广厦公寓）停车场,柯桥区,37,23,2021-07-04 10:14:08.553
P3120000041,笛扬路3（樱花电器）停车场,柯桥区,18,5,2021-07-04 10:14:08.553
P3120000042,笛扬路4（工商银行）停车场,柯桥区,23,19,2021-07-04 10:14:08.553
P3120000061,港越路2(精工2)停车场,柯桥区,21,16,2021-07-04 10:14:08.553
P3120000062,港越路1(步行街3)停车场,柯桥区,16,5,2021-07-04 10:14:08.553
P3120000014,人和路停车场,柯桥区,19,17,2021-07-04 10:24:08.517
P3120000015,温渎路1停车场,柯桥区,21,18,2021-07-04 10:24:08.517
P3120000016,温渎路2停车场,柯桥区,15,11,2021-07-04 10:24:08.517
P3120000017,万家巷停车场,柯桥区,40,26,2021-07-04 10:24:08.517
P3120000019,黄社溇路2停车场,柯桥区,18,12,2021-07-04 10:24:08.517
P3120000025,金杨路1（中医院）停车场,柯桥区,28,19,2021-07-04 10:24:08.517
P3120000028,鉴湖路1（锦江花园）停车场,柯桥区,29,15,2021-07-04 10:24:08.517
P3120000032,鉴湖路5（四大银行）停车场,柯桥区,16,6,2021-07-04 10:24:08.517
P3120000033,港越路1(步行街1)停车场,柯桥区,14,8,2021-07-04 10:24:08.517
P3120000034,港越路2（精工）停车场,柯桥区,12,8,2021-07-04 10:24:08.517
P3120000036,港越路4（肯德基）停车场,柯桥区,21,3,2021-07-04 10:24:08.517
P3120000037,港越路5（温州饭滩）停车场,柯桥区,22,11,2021-07-04 10:24:08.517
P3120000038,港越路6停车场,柯桥区,16,10,2021-07-04 10:24:08.517
P3120000039,笛扬路1（世纪联华）停车场,柯桥区,31,17,2021-07-04 10:24:08.517
P3120000040,笛扬路2（广厦公寓）停车场,柯桥区,37,19,2021-07-04 10:24:08.517
P3120000041,笛扬路3（樱花电器）停车场,柯桥区,18,4,2021-07-04 10:24:08.517
P3120000042,笛扬路4（工商银行）停车场,柯桥区,23,18,2021-07-04 10:24:08.517
P3120000045,笛扬路7（福年大厦）停车场,柯桥区,22,2,2021-07-04 10:24:08.517
P3120000061,港越路2(精工2)停车场,柯桥区,21,14,2021-07-04 10:24:08.517
P3120000062,港越路1(步行街3)停车场,柯桥区,16,7,2021-07-04 10:24:08.517
P3120000064,港越路1(步行街2)停车场,柯桥区,26,14,2021-07-04 10:24:08.517
P3120000068,港越路3（精工）停车场,柯桥区,23,14,2021-07-04 10:24:08.517
P3120000018,黄社溇路1停车场,柯桥区,16,4,2021-07-04 10:34:11.383
P3120000025,金杨路1（中医院）停车场,柯桥区,28,20,2021-07-04 10:34:11.383
P3120000027,金杨路3停车场,柯桥区,28,11,2021-07-04 10:34:11.383
P3120000028,鉴湖路1（锦江花园）停车场,柯桥区,29,16,2021-07-04 10:34:11.383
P3120000029,鉴湖路2（锦江花园）停车场,柯桥区,21,13,2021-07-04 10:34:11.383
P3120000032,鉴湖路5（四大银行）停车场,柯桥区,16,7,2021-07-04 10:34:11.383
P3120000034,港越路2（精工）停车场,柯桥区,12,10,2021-07-04 10:34:11.383
P3120000036,港越路4（肯德基）停车场,柯桥区,21,1,2021-07-04 10:34:11.383
P3120000037,港越路5（温州饭滩）停车场,柯桥区,22,9,2021-07-04 10:34:11.383
P3120000039,笛扬路1（世纪联华）停车场,柯桥区,31,15,2021-07-04 10:34:11.383
P3120000040,笛扬路2（广厦公寓）停车场,柯桥区,37,17,2021-07-04 10:34:11.383
P3120000061,港越路2(精工2)停车场,柯桥区,21,15,2021-07-04 10:34:11.383
P3120000062,港越路1(步行街3)停车场,柯桥区,16,8,2021-07-04 10:34:11.383
P3120000064,港越路1(步行街2)停车场,柯桥区,26,15,2021-07-04 10:34:11.383
P3120000065,温渎路3停车场,柯桥区,11,10,2021-07-04 10:34:11.383
P3120000068,港越路3（精工）停车场,柯桥区,23,13,2021-07-04 10:34:11.383
P3120000017,万家巷停车场,柯桥区,40,25,2021-07-04 10:44:09.343
P3120000019,黄社溇路2停车场,柯桥区,18,10,2021-07-04 10:44:09.343
P3120000025,金杨路1（中医院）停车场,柯桥区,28,18,2021-07-04 10:44:09.343
P3120000027,金杨路3停车场,柯桥区,28,13,2021-07-04 10:44:09.343
P3120000028,鉴湖路1（锦江花园）停车场,柯桥区,29,18,2021-07-04 10:44:09.343
P3120000030,鉴湖路3停车场,柯桥区,12,7,2021-07-04 10:44:09.343
P3120000032,鉴湖路5（四大银行）停车场,柯桥区,16,9,2021-07-04 10:44:09.343
P3120000033,港越路1(步行街1)停车场,柯桥区,14,7,2021-07-04 10:44:09.343
P3120000037,港越路5（温州饭滩）停车场,柯桥区,22,8,2021-07-04 10:44:09.343
P3120000038,港越路6停车场,柯桥区,16,7,2021-07-04 10:44:09.343
P3120000039,笛扬路1（世纪联华）停车场,柯桥区,31,17,2021-07-04 10:44:09.343
P3120000042,笛扬路4（工商银行）停车场,柯桥区,23,16,2021-07-04 10:44:09.343
P3120000061,港越路2(精工2)停车场,柯桥区,21,16,2021-07-04 10:44:09.343
P3120000062,港越路1(步行街3)停车场,柯桥区,16,10,2021-07-04 10:44:09.343
P3120000064,港越路1(步行街2)停车场,柯桥区,26,13,2021-07-04 10:44:09.343
P3120000068,港越路3（精工）停车场,柯桥区,23,10,2021-07-04 10:44:09.343
P3120000014,人和路停车场,柯桥区,19,18,2021-07-04 10:54:09.323
P3120000017,万家巷停车场,柯桥区,40,24,2021-07-04 10:54:09.323
P3120000018,黄社溇路1停车场,柯桥区,16,3,2021-07-04 10:54:09.323
P3120000019,黄社溇路2停车场,柯桥区,18,9,2021-07-04 10:54:09.323
P3120000025,金杨路1（中医院）停车场,柯桥区,28,20,2021-07-04 10:54:09.323
P3120000027,金杨路3停车场,柯桥区,28,12,2021-07-04 10:54:09.323
P3120000029,鉴湖路2（锦江花园）停车场,柯桥区,21,15,2021-07-04 10:54:09.323
P3120000036,港越路4（肯德基）停车场,柯桥区,21,0,2021-07-04 10:54:09.323
P3120000037,港越路5（温州饭滩）停车场,柯桥区,22,7,2021-07-04 10:54:09.323
P3120000038,港越路6停车场,柯桥区,16,6,2021-07-04 10:54:09.323
P3120000039,笛扬路1（世纪联华）停车场,柯桥区,31,18,2021-07-04 10:54:09.323
P3120000040,笛扬路2（广厦公寓）停车场,柯桥区,37,15,2021-07-04 10:54:09.323
P3120000042,笛扬路4（工商银行）停车场,柯桥区,23,14,2021-07-04 10:54:09.323
P3120000045,笛扬路7（福年大厦）停车场,柯桥区,22,5,2021-07-04 10:54:09.323
P3120000061,港越路2(精工2)停车场,柯桥区,21,14,2021-07-04 10:54:09.323
P3120000062,港越路1(步行街3)停车场,柯桥区,16,9,2021-07-04 10:54:09.323
P3120000064,港越路1(步行街2)停车场,柯桥区,26,15,2021-07-04 10:54:09.323
P3120000065,温渎路3停车场,柯桥区,11,9,2021-07-04 10:54:09.323
P3120000017,万家巷停车场,柯桥区,40,25,2021-07-04 11:04:10.063
P3120000019,黄社溇路2停车场,柯桥区,18,11,2021-07-04 11:04:10.063
P3120000025,金杨路1（中医院）停车场,柯桥区,28,21,2021-07-04 11:04:10.063
P3120000028,鉴湖路1（锦江花园）停车场,柯桥区,29,15,2021-07-04 11:04:10.063
P3120000029,鉴湖路2（锦江花园）停车场,柯桥区,21,13,2021-07-04 11:04:10.063
P3120000030,鉴湖路3停车场,柯桥区,12,6,2021-07-04 11:04:10.063
P3120000032,鉴湖路5（四大银行）停车场,柯桥区,16,7,2021-07-04 11:04:10.063
P3120000033,港越路1(步行街1)停车场,柯桥区,14,10,2021-07-04 11:04:10.063
P3120000036,港越路4（肯德基）停车场,柯桥区,21,3,2021-07-04 11:04:10.063
P3120000038,港越路6停车场,柯桥区,16,5,2021-07-04 11:04:10.063
P3120000039,笛扬路1（世纪联华）停车场,柯桥区,31,17,2021-07-04 11:04:10.063
P3120000042,笛扬路4（工商银行）停车场,柯桥区,23,16,2021-07-04 11:04:10.063
P3120000045,笛扬路7（福年大厦）停车场,柯桥区,22,4,2021-07-04 11:04:10.063
P3120000061,港越路2(精工2)停车场,柯桥区,21,16,2021-07-04 11:04:10.063
P3120000062,港越路1(步行街3)停车场,柯桥区,16,8,2021-07-04 11:04:10.063
P3120000015,温渎路1停车场,柯桥区,21,19,2021-07-04 11:14:12.023
P3120000016,温渎路2停车场,柯桥区,15,12,2021-07-04 11:14:12.023
P3120000017,万家巷停车场,柯桥区,40,26,2021-07-04 11:14:12.023
P3120000018,黄社溇路1停车场,柯桥区,16,2,2021-07-04 11:14:12.023
P3120000019,黄社溇路2停车场,柯桥区,18,10,2021-07-04 11:14:12.023
P3120000025,金杨路1（中医院）停车场,柯桥区,28,19,2021-07-04 11:14:12.023
P3120000027,金杨路3停车场,柯桥区,28,11,2021-07-04 11:14:12.023
P3120000028,鉴湖路1（锦江花园）停车场,柯桥区,29,16,2021-07-04 11:14:12.023
P3120000029,鉴湖路2（锦江花园）停车场,柯桥区,21,14,2021-07-04 11:14:12.023
P3120000030,鉴湖路3停车场,柯桥区,12,7,2021-07-04 11:14:12.023
P3120000032,鉴湖路5（四大银行）停车场,柯桥区,16,9,2021-07-04 11:14:12.023
P3120000034,港越路2（精工）停车场,柯桥区,12,8,2021-07-04 11:14:12.023
P3120000036,港越路4（肯德基）停车场,柯桥区,21,0,2021-07-04 11:14:12.023
P3120000037,港越路5（温州饭滩）停车场,柯桥区,22,5,2021-07-04 11:14:12.023
P3120000039,笛扬路1（世纪联华）停车场,柯桥区,31,14,2021-07-04 11:14:12.023
P3120000042,笛扬路4（工商银行）停车场,柯桥区,23,19,2021-07-04 11:14:12.023
P3120000045,笛扬路7（福年大厦）停车场,柯桥区,22,5,2021-07-04 11:14:12.023
P3120000061,港越路2(精工2)停车场,柯桥区,21,15,2021-07-04 11:14:12.023
P3120000062,港越路1(步行街3)停车场,柯桥区,16,9,2021-07-04 11:14:12.023
P3120000064,港越路1(步行街2)停车场,柯桥区,26,16,2021-07-04 11:14:12.023
P3120000065,温渎路3停车场,柯桥区,11,10,2021-07-04 11:14:12.023
P3120000068,港越路3（精工）停车场,柯桥区,23,9,2021-07-04 11:14:12.023
P3120000014,人和路停车场,柯桥区,19,19,2021-07-04 11:24:09.587
P3120000017,万家巷停车场,柯桥区,40,25,2021-07-04 11:24:09.587
P3120000019,黄社溇路2停车场,柯桥区,18,5,2021-07-04 11:24:09.587
P3120000029,鉴湖路2（锦江花园）停车场,柯桥区,21,13,2021-07-04 11:24:09.587
P3120000030,鉴湖路3停车场,柯桥区,12,6,2021-07-04 11:24:09.587
P3120000032,鉴湖路5（四大银行）停车场,柯桥区,16,7,2021-07-04 11:24:09.587
P3120000033,港越路1(步行街1)停车场,柯桥区,14,6,2021-07-04 11:24:09.587
P3120000034,港越路2（精工）停车场,柯桥区,12,9,2021-07-04 11:24:09.587
P3120000036,港越路4（肯德基）停车场,柯桥区,21,1,2021-07-04 11:24:09.587
P3120000037,港越路5（温州饭滩）停车场,柯桥区,22,4,2021-07-04 11:24:09.587
P3120000038,港越路6停车场,柯桥区,16,2,2021-07-04 11:24:09.587
P3120000039,笛扬路1（世纪联华）停车场,柯桥区,31,17,2021-07-04 11:24:09.587
P3120000041,笛扬路3（樱花电器）停车场,柯桥区,18,6,2021-07-04 11:24:09.587
P3120000042,笛扬路4（工商银行）停车场,柯桥区,23,18,2021-07-04 11:24:09.587
P3120000045,笛扬路7（福年大厦）停车场,柯桥区,22,6,2021-07-04 11:24:09.587
P3120000061,港越路2(精工2)停车场,柯桥区,21,16,2021-07-04 11:24:09.587
P3120000062,港越路1(步行街3)停车场,柯桥区,16,8,2021-07-04 11:24:09.587
P3120000064,港越路1(步行街2)停车场,柯桥区,26,13,2021-07-04 11:24:09.587
P3120000014,人和路停车场,柯桥区,19,18,2021-07-04 11:34:12.503
P3120000015,温渎路1停车场,柯桥区,21,20,2021-07-04 11:34:12.503
P3120000017,万家巷停车场,柯桥区,40,23,2021-07-04 11:34:12.503
P3120000018,黄社溇路1停车场,柯桥区,16,1,2021-07-04 11:34:12.503
P3120000027,金杨路3停车场,柯桥区,28,12,2021-07-04 11:34:12.503
P3120000028,鉴湖路1（锦江花园）停车场,柯桥区,29,18,2021-07-04 11:34:12.503
P3120000029,鉴湖路2（锦江花园）停车场,柯桥区,21,11,2021-07-04 11:34:12.503
P3120000032,鉴湖路5（四大银行）停车场,柯桥区,16,6,2021-07-04 11:34:12.503
P3120000033,港越路1(步行街1)停车场,柯桥区,14,8,2021-07-04 11:34:12.503
P3120000036,港越路4（肯德基）停车场,柯桥区,21,2,2021-07-04 11:34:12.503
P3120000037,港越路5（温州饭滩）停车场,柯桥区,22,2,2021-07-04 11:34:12.503
P3120000039,笛扬路1（世纪联华）停车场,柯桥区,31,15,2021-07-04 11:34:12.503
P3120000040,笛扬路2（广厦公寓）停车场,柯桥区,37,16,2021-07-04 11:34:12.503
P3120000042,笛扬路4（工商银行）停车场,柯桥区,23,16,2021-07-04 11:34:12.503
P3120000045,笛扬路7（福年大厦）停车场,柯桥区,22,8,2021-07-04 11:34:12.503
P3120000061,港越路2(精工2)停车场,柯桥区,21,13,2021-07-04 11:34:12.503
P3120000064,港越路1(步行街2)停车场,柯桥区,26,15,2021-07-04 11:34:12.503
P3120000068,港越路3（精工）停车场,柯桥区,23,8,2021-07-04 11:34:12.503
P3120000017,万家巷停车场,柯桥区,40,21,2021-07-04 11:44:09.857
P3120000019,黄社溇路2停车场,柯桥区,18,3,2021-07-04 11:44:09.857
P3120000028,鉴湖路1（锦江花园）停车场,柯桥区,29,21,2021-07-04 11:44:09.857
P3120000029,鉴湖路2（锦江花园）停车场,柯桥区,21,13,2021-07-04 11:44:09.857
P3120000032,鉴湖路5（四大银行）停车场,柯桥区,16,8,2021-07-04 11:44:09.857
P3120000036,港越路4（肯德基）停车场,柯桥区,21,0,2021-07-04 11:44:09.857
P3120000037,港越路5（温州饭滩）停车场,柯桥区,22,1,2021-07-04 11:44:09.857
P3120000038,港越路6停车场,柯桥区,16,3,2021-07-04 11:44:09.857
P3120000040,笛扬路2（广厦公寓）停车场,柯桥区,37,17,2021-07-04 11:44:09.857
P3120000041,笛扬路3（樱花电器）停车场,柯桥区,18,4,2021-07-04 11:44:09.857
P3120000042,笛扬路4（工商银行）停车场,柯桥区,23,14,2021-07-04 11:44:09.857
P3120000045,笛扬路7（福年大厦）停车场,柯桥区,22,10,2021-07-04 11:44:09.857
P3120000061,港越路2(精工2)停车场,柯桥区,21,15,2021-07-04 11:44:09.857
P3120000062,港越路1(步行街3)停车场,柯桥区,16,7,2021-07-04 11:44:09.857
P3120000016,温渎路2停车场,柯桥区,15,11,2021-07-04 11:54:09.87
P3120000017,万家巷停车场,柯桥区,40,20,2021-07-04 11:54:09.87
P3120000019,黄社溇路2停车场,柯桥区,18,2,2021-07-04 11:54:09.87
P3120000025,金杨路1（中医院）停车场,柯桥区,28,20,2021-07-04 11:54:09.87
P3120000028,鉴湖路1（锦江花园）停车场,柯桥区,29,20,2021-07-04 11:54:09.87
P3120000029,鉴湖路2（锦江花园）停车场,柯桥区,21,12,2021-07-04 11:54:09.87
P3120000030,鉴湖路3停车场,柯桥区,12,7,2021-07-04 11:54:09.87
P3120000032,鉴湖路5（四大银行）停车场,柯桥区,16,7,2021-07-04 11:54:09.87
P3120000033,港越路1(步行街1)停车场,柯桥区,14,9,2021-07-04 11:54:09.87
P3120000036,港越路4（肯德基）停车场,柯桥区,21,2,2021-07-04 11:54:09.87
P3120000038,港越路6停车场,柯桥区,16,2,2021-07-04 11:54:09.87
P3120000040,笛扬路2（广厦公寓）停车场,柯桥区,37,16,2021-07-04 11:54:09.87
P3120000041,笛扬路3（樱花电器）停车场,柯桥区,18,6,2021-07-04 11:54:09.87
P3120000042,笛扬路4（工商银行）停车场,柯桥区,23,16,2021-07-04 11:54:09.87
P3120000061,港越路2(精工2)停车场,柯桥区,21,14,2021-07-04 11:54:09.87
P3120000062,港越路1(步行街3)停车场,柯桥区,16,8,2021-07-04 11:54:09.87
P3120000064,港越路1(步行街2)停车场,柯桥区,26,16,2021-07-04 11:54:09.87
P3120000065,温渎路3停车场,柯桥区,11,9,2021-07-04 11:54:09.87
P3120000068,港越路3（精工）停车场,柯桥区,23,7,2021-07-04 11:54:09.87
P3120000014,人和路停车场,柯桥区,19,19,2021-07-04 12:04:10.15
P3120000016,温渎路2停车场,柯桥区,15,10,2021-07-04 12:04:10.15
P3120000017,万家巷停车场,柯桥区,40,19,2021-07-04 12:04:10.15
P3120000018,黄社溇路1停车场,柯桥区,16,2,2021-07-04 12:04:10.15
P3120000025,金杨路1（中医院）停车场,柯桥区,28,21,2021-07-04 12:04:10.15
P3120000027,金杨路3停车场,柯桥区,28,10,2021-07-04 12:04:10.15
P3120000028,鉴湖路1（锦江花园）停车场,柯桥区,29,22,2021-07-04 12:04:10.15
P3120000030,鉴湖路3停车场,柯桥区,12,10,2021-07-04 12:04:10.15
P3120000034,港越路2（精工）停车场,柯桥区,12,8,2021-07-04 12:04:10.15
P3120000036,港越路4（肯德基）停车场,柯桥区,21,0,2021-07-04 12:04:10.15
P3120000037,港越路5（温州饭滩）停车场,柯桥区,22,2,2021-07-04 12:04:10.15
P3120000039,笛扬路1（世纪联华）停车场,柯桥区,31,16,2021-07-04 12:04:10.15
P3120000040,笛扬路2（广厦公寓）停车场,柯桥区,37,14,2021-07-04 12:04:10.15
P3120000041,笛扬路3（樱花电器）停车场,柯桥区,18,5,2021-07-04 12:04:10.15
P3120000042,笛扬路4（工商银行）停车场,柯桥区,23,15,2021-07-04 12:04:10.15
P3120000045,笛扬路7（福年大厦）停车场,柯桥区,22,11,2021-07-04 12:04:10.15
P3120000061,港越路2(精工2)停车场,柯桥区,21,15,2021-07-04 12:04:10.15
P3120000062,港越路1(步行街3)停车场,柯桥区,16,9,2021-07-04 12:04:10.15
P3120000064,港越路1(步行街2)停车场,柯桥区,26,15,2021-07-04 12:04:10.15
P3120000065,温渎路3停车场,柯桥区,11,8,2021-07-04 12:04:10.15
P3120000068,港越路3（精工）停车场,柯桥区,23,9,2021-07-04 12:04:10.15
P3120000014,人和路停车场,柯桥区,19,18,2021-07-04 12:14:09.767
P3120000016,温渎路2停车场,柯桥区,15,11,2021-07-04 12:14:09.767
P3120000017,万家巷停车场,柯桥区,40,18,2021-07-04 12:14:09.767
P3120000019,黄社溇路2停车场,柯桥区,18,3,2021-07-04 12:14:09.767
P3120000025,金杨路1（中医院）停车场,柯桥区,28,22,2021-07-04 12:14:09.767
P3120000027,金杨路3停车场,柯桥区,28,13,2021-07-04 12:14:09.767
P3120000028,鉴湖路1（锦江花园）停车场,柯桥区,29,23,2021-07-04 12:14:09.767
P3120000029,鉴湖路2（锦江花园）停车场,柯桥区,21,11,2021-07-04 12:14:09.767
P3120000030,鉴湖路3停车场,柯桥区,12,6,2021-07-04 12:14:09.767
P3120000032,鉴湖路5（四大银行）停车场,柯桥区,16,5,2021-07-04 12:14:09.767
P3120000033,港越路1(步行街1)停车场,柯桥区,14,10,2021-07-04 12:14:09.767
P3120000034,港越路2（精工）停车场,柯桥区,12,9,2021-07-04 12:14:09.767
P3120000036,港越路4（肯德基）停车场,柯桥区,21,2,2021-07-04 12:14:09.767
P3120000037,港越路5（温州饭滩）停车场,柯桥区,22,6,2021-07-04 12:14:09.767
P3120000038,港越路6停车场,柯桥区,16,3,2021-07-04 12:14:09.767
P3120000039,笛扬路1（世纪联华）停车场,柯桥区,31,13,2021-07-04 12:14:09.767
P3120000041,笛扬路3（樱花电器）停车场,柯桥区,18,8,2021-07-04 12:14:09.767
P3120000042,笛扬路4（工商银行）停车场,柯桥区,23,14,2021-07-04 12:14:09.767
P3120000045,笛扬路7（福年大厦）停车场,柯桥区,22,7,2021-07-04 12:14:09.767
P3120000061,港越路2(精工2)停车场,柯桥区,21,13,2021-07-04 12:14:09.767
P3120000064,港越路1(步行街2)停车场,柯桥区,26,12,2021-07-04 12:14:09.767
P3120000014,人和路停车场,柯桥区,19,19,2021-07-04 12:24:09.17
P3120000017,万家巷停车场,柯桥区,40,20,2021-07-04 12:24:09.17
P3120000019,黄社溇路2停车场,柯桥区,18,1,2021-07-04 12:24:09.17
P3120000025,金杨路1（中医院）停车场,柯桥区,28,18,2021-07-04 12:24:09.17
P3120000027,金杨路3停车场,柯桥区,28,12,2021-07-04 12:24:09.17
P3120000030,鉴湖路3停车场,柯桥区,12,5,2021-07-04 12:24:09.17
P3120000033,港越路1(步行街1)停车场,柯桥区,14,8,2021-07-04 12:24:09.17
P3120000037,港越路5（温州饭滩）停车场,柯桥区,22,2,2021-07-04 12:24:09.17
P3120000039,笛扬路1（世纪联华）停车场,柯桥区,31,12,2021-07-04 12:24:09.17
P3120000040,笛扬路2（广厦公寓）停车场,柯桥区,37,11,2021-07-04 12:24:09.17
P3120000042,笛扬路4（工商银行）停车场,柯桥区,23,13,2021-07-04 12:24:09.17
P3120000045,笛扬路7（福年大厦）停车场,柯桥区,22,11,2021-07-04 12:24:09.17
P3120000061,港越路2(精工2)停车场,柯桥区,21,17,2021-07-04 12:24:09.17
P3120000062,港越路1(步行街3)停车场,柯桥区,16,10,2021-07-04 12:24:09.17
P3120000068,港越路3（精工）停车场,柯桥区,23,8,2021-07-04 12:24:09.17
P3120000016,温渎路2停车场,柯桥区,15,13,2021-07-04 12:34:10.753
P3120000017,万家巷停车场,柯桥区,40,18,2021-07-04 12:34:10.753
P3120000018,黄社溇路1停车场,柯桥区,16,1,2021-07-04 12:34:10.753
P3120000025,金杨路1（中医院）停车场,柯桥区,28,20,2021-07-04 12:34:10.753
P3120000028,鉴湖路1（锦江花园）停车场,柯桥区,29,22,2021-07-04 12:34:10.753
P3120000029,鉴湖路2（锦江花园）停车场,柯桥区,21,8,2021-07-04 12:34:10.753
P3120000032,鉴湖路5（四大银行）停车场,柯桥区,16,4,2021-07-04 12:34:10.753
P3120000034,港越路2（精工）停车场,柯桥区,12,10,2021-07-04 12:34:10.753
P3120000037,港越路5（温州饭滩）停车场,柯桥区,22,3,2021-07-04 12:34:10.753
P3120000038,港越路6停车场,柯桥区,16,1,2021-07-04 12:34:10.753
P3120000040,笛扬路2（广厦公寓）停车场,柯桥区,37,13,2021-07-04 12:34:10.753
P3120000041,笛扬路3（樱花电器）停车场,柯桥区,18,6,2021-07-04 12:34:10.753
P3120000042,笛扬路4（工商银行）停车场,柯桥区,23,14,2021-07-04 12:34:10.753
P3120000045,笛扬路7（福年大厦）停车场,柯桥区,22,6,2021-07-04 12:34:10.753
P3120000061,港越路2(精工2)停车场,柯桥区,21,16,2021-07-04 12:34:10.753
P3120000062,港越路1(步行街3)停车场,柯桥区,16,9,2021-07-04 12:34:10.753
P3120000064,港越路1(步行街2)停车场,柯桥区,26,13,2021-07-04 12:34:10.753
P3120000065,温渎路3停车场,柯桥区,11,9,2021-07-04 12:34:10.753
P3120000015,温渎路1停车场,柯桥区,21,19,2021-07-04 12:44:10.25
P3120000019,黄社溇路2停车场,柯桥区,18,3,2021-07-04 12:44:10.25
P3120000025,金杨路1（中医院）停车场,柯桥区,28,19,2021-07-04 12:44:10.25
P3120000027,金杨路3停车场,柯桥区,28,11,2021-07-04 12:44:10.25
P3120000028,鉴湖路1（锦江花园）停车场,柯桥区,29,18,2021-07-04 12:44:10.25
P3120000029,鉴湖路2（锦江花园）停车场,柯桥区,21,7,2021-07-04 12:44:10.25
P3120000030,鉴湖路3停车场,柯桥区,12,4,2021-07-04 12:44:10.25
P3120000033,港越路1(步行街1)停车场,柯桥区,14,7,2021-07-04 12:44:10.25
P3120000034,港越路2（精工）停车场,柯桥区,12,8,2021-07-04 12:44:10.25
P3120000037,港越路5（温州饭滩）停车场,柯桥区,22,2,2021-07-04 12:44:10.25
P3120000038,港越路6停车场,柯桥区,16,2,2021-07-04 12:44:10.25
P3120000039,笛扬路1（世纪联华）停车场,柯桥区,31,13,2021-07-04 12:44:10.25
P3120000040,笛扬路2（广厦公寓）停车场,柯桥区,37,11,2021-07-04 12:44:10.25
P3120000045,笛扬路7（福年大厦）停车场,柯桥区,22,11,2021-07-04 12:44:10.25
P3120000064,港越路1(步行街2)停车场,柯桥区,26,11,2021-07-04 12:44:10.25
P3120000065,温渎路3停车场,柯桥区,11,10,2021-07-04 12:44:10.25
P3120000017,万家巷停车场,柯桥区,40,19,2021-07-04 12:54:10.003
P3120000019,黄社溇路2停车场,柯桥区,18,1,2021-07-04 12:54:10.003
P3120000025,金杨路1（中医院）停车场,柯桥区,28,17,2021-07-04 12:54:10.003
P3120000027,金杨路3停车场,柯桥区,28,13,2021-07-04 12:54:10.003
P3120000028,鉴湖路1（锦江花园）停车场,柯桥区,29,21,2021-07-04 12:54:10.003
P3120000029,鉴湖路2（锦江花园）停车场,柯桥区,21,9,2021-07-04 12:54:10.003
P3120000033,港越路1(步行街1)停车场,柯桥区,14,9,2021-07-04 12:54:10.003
P3120000034,港越路2（精工）停车场,柯桥区,12,10,2021-07-04 12:54:10.003
P3120000036,港越路4（肯德基）停车场,柯桥区,21,1,2021-07-04 12:54:10.003
P3120000037,港越路5（温州饭滩）停车场,柯桥区,22,1,2021-07-04 12:54:10.003
P3120000040,笛扬路2（广厦公寓）停车场,柯桥区,37,12,2021-07-04 12:54:10.003
P3120000041,笛扬路3（樱花电器）停车场,柯桥区,18,5,2021-07-04 12:54:10.003
P3120000042,笛扬路4（工商银行）停车场,柯桥区,23,17,2021-07-04 12:54:10.003
P3120000045,笛扬路7（福年大厦）停车场,柯桥区,22,10,2021-07-04 12:54:10.003
P3120000061,港越路2(精工2)停车场,柯桥区,21,17,2021-07-04 12:54:10.003
P3120000062,港越路1(步行街3)停车场,柯桥区,16,10,2021-07-04 12:54:10.003
P3120000064,港越路1(步行街2)停车场,柯桥区,26,12,2021-07-04 12:54:10.003
P3120000068,港越路3（精工）停车场,柯桥区,23,9,2021-07-04 12:54:10.003
P3120000015,温渎路1停车场,柯桥区,21,17,2021-07-04 13:04:12.283
P3120000017,万家巷停车场,柯桥区,40,23,2021-07-04 13:04:12.283
P3120000019,黄社溇路2停车场,柯桥区,18,2,2021-07-04 13:04:12.283
P3120000027,金杨路3停车场,柯桥区,28,16,2021-07-04 13:04:12.283
P3120000029,鉴湖路2（锦江花园）停车场,柯桥区,21,11,2021-07-04 13:04:12.283
P3120000032,鉴湖路5（四大银行）停车场,柯桥区,16,3,2021-07-04 13:04:12.283
P3120000036,港越路4（肯德基）停车场,柯桥区,21,3,2021-07-04 13:04:12.283
P3120000037,港越路5（温州饭滩）停车场,柯桥区,22,5,2021-07-04 13:04:12.283
P3120000038,港越路6停车场,柯桥区,16,3,2021-07-04 13:04:12.283
P3120000039,笛扬路1（世纪联华）停车场,柯桥区,31,12,2021-07-04 13:04:12.283
P3120000040,笛扬路2（广厦公寓）停车场,柯桥区,37,11,2021-07-04 13:04:12.283
P3120000041,笛扬路3（樱花电器）停车场,柯桥区,18,3,2021-07-04 13:04:12.283
P3120000042,笛扬路4（工商银行）停车场,柯桥区,23,18,2021-07-04 13:04:12.283
P3120000045,笛扬路7（福年大厦）停车场,柯桥区,22,9,2021-07-04 13:04:12.283
P3120000061,港越路2(精工2)停车场,柯桥区,21,18,2021-07-04 13:04:12.283
P3120000062,港越路1(步行街3)停车场,柯桥区,16,8,2021-07-04 13:04:12.283
P3120000064,港越路1(步行街2)停车场,柯桥区,26,11,2021-07-04 13:04:12.283
P3120000068,港越路3（精工）停车场,柯桥区,23,10,2021-07-04 13:04:12.283
P3120000014,人和路停车场,柯桥区,19,18,2021-07-04 13:14:09.72
P3120000015,温渎路1停车场,柯桥区,21,16,2021-07-04 13:14:09.72
P3120000025,金杨路1（中医院）停车场,柯桥区,28,16,2021-07-04 13:14:09.72
P3120000027,金杨路3停车场,柯桥区,28,17,2021-07-04 13:14:09.72
P3120000029,鉴湖路2（锦江花园）停车场,柯桥区,21,12,2021-07-04 13:14:09.72
P3120000030,鉴湖路3停车场,柯桥区,12,3,2021-07-04 13:14:09.72
P3120000033,港越路1(步行街1)停车场,柯桥区,14,4,2021-07-04 13:14:09.72
P3120000036,港越路4（肯德基）停车场,柯桥区,21,1,2021-07-04 13:14:09.72
P3120000037,港越路5（温州饭滩）停车场,柯桥区,22,2,2021-07-04 13:14:09.72
P3120000038,港越路6停车场,柯桥区,16,4,2021-07-04 13:14:09.72
P3120000040,笛扬路2（广厦公寓）停车场,柯桥区,37,12,2021-07-04 13:14:09.72
P3120000041,笛扬路3（樱花电器）停车场,柯桥区,18,4,2021-07-04 13:14:09.72
P3120000042,笛扬路4（工商银行）停车场,柯桥区,23,16,2021-07-04 13:14:09.72
P3120000045,笛扬路7（福年大厦）停车场,柯桥区,22,10,2021-07-04 13:14:09.72
P3120000061,港越路2(精工2)停车场,柯桥区,21,17,2021-07-04 13:14:09.72
P3120000065,温渎路3停车场,柯桥区,11,9,2021-07-04 13:14:09.72
P3120000014,人和路停车场,柯桥区,19,16,2021-07-04 13:24:10.89
P3120000015,温渎路1停车场,柯桥区,21,17,2021-07-04 13:24:10.89
P3120000016,温渎路2停车场,柯桥区,15,12,2021-07-04 13:24:10.89
P3120000017,万家巷停车场,柯桥区,40,21,2021-07-04 13:24:10.89
P3120000025,金杨路1（中医院）停车场,柯桥区,28,18,2021-07-04 13:24:10.89
P3120000027,金杨路3停车场,柯桥区,28,16,2021-07-04 13:24:10.89
P3120000028,鉴湖路1（锦江花园）停车场,柯桥区,29,22,2021-07-04 13:24:10.89
P3120000029,鉴湖路2（锦江花园）停车场,柯桥区,21,15,2021-07-04 13:24:10.89
P3120000030,鉴湖路3停车场,柯桥区,12,4,2021-07-04 13:24:10.89
P3120000033,港越路1(步行街1)停车场,柯桥区,14,6,2021-07-04 13:24:10.89
P3120000037,港越路5（温州饭滩）停车场,柯桥区,22,3,2021-07-04 13:24:10.89
P3120000038,港越路6停车场,柯桥区,16,6,2021-07-04 13:24:10.89
P3120000040,笛扬路2（广厦公寓）停车场,柯桥区,37,13,2021-07-04 13:24:10.89
P3120000045,笛扬路7（福年大厦）停车场,柯桥区,22,6,2021-07-04 13:24:10.89
P3120000061,港越路2(精工2)停车场,柯桥区,21,16,2021-07-04 13:24:10.89
P3120000064,港越路1(步行街2)停车场,柯桥区,26,10,2021-07-04 13:24:10.89
P3120000065,温渎路3停车场,柯桥区,11,10,2021-07-04 13:24:10.89
P3120000068,港越路3（精工）停车场,柯桥区,23,11,2021-07-04 13:24:10.89
P3120000014,人和路停车场,柯桥区,19,15,2021-07-04 13:33:09.77
P3120000017,万家巷停车场,柯桥区,40,20,2021-07-04 13:33:09.77
P3120000025,金杨路1（中医院）停车场,柯桥区,28,19,2021-07-04 13:33:09.77
P3120000029,鉴湖路2（锦江花园）停车场,柯桥区,21,14,2021-07-04 13:33:09.77
P3120000032,鉴湖路5（四大银行）停车场,柯桥区,16,5,2021-07-04 13:33:09.77
P3120000037,港越路5（温州饭滩）停车场,柯桥区,22,4,2021-07-04 13:33:09.77
P3120000038,港越路6停车场,柯桥区,16,5,2021-07-04 13:33:09.77
P3120000042,笛扬路4（工商银行）停车场,柯桥区,23,14,2021-07-04 13:33:09.77
P3120000045,笛扬路7（福年大厦）停车场,柯桥区,22,8,2021-07-04 13:33:09.77
P3120000064,港越路1(步行街2)停车场,柯桥区,26,12,2021-07-04 13:33:09.77
P3120000017,万家巷停车场,柯桥区,40,18,2021-07-04 13:44:10.513
P3120000018,黄社溇路1停车场,柯桥区,16,2,2021-07-04 13:44:10.513
P3120000019,黄社溇路2停车场,柯桥区,18,1,2021-07-04 13:44:10.513
P3120000028,鉴湖路1（锦江花园）停车场,柯桥区,29,21,2021-07-04 13:44:10.513
P3120000029,鉴湖路2（锦江花园）停车场,柯桥区,21,13,2021-07-04 13:44:10.513
P3120000030,鉴湖路3停车场,柯桥区,12,5,2021-07-04 13:44:10.513
P3120000032,鉴湖路5（四大银行）停车场,柯桥区,16,4,2021-07-04 13:44:10.513
P3120000033,港越路1(步行街1)停车场,柯桥区,14,8,2021-07-04 13:44:10.513
P3120000036,港越路4（肯德基）停车场,柯桥区,21,2,2021-07-04 13:44:10.513
P3120000037,港越路5（温州饭滩）停车场,柯桥区,22,7,2021-07-04 13:44:10.513
P3120000038,港越路6停车场,柯桥区,16,7,2021-07-04 13:44:10.513
P3120000039,笛扬路1（世纪联华）停车场,柯桥区,31,13,2021-07-04 13:44:10.513
P3120000042,笛扬路4（工商银行）停车场,柯桥区,23,16,2021-07-04 13:44:10.513
P3120000045,笛扬路7（福年大厦）停车场,柯桥区,22,6,2021-07-04 13:44:10.513
P3120000061,港越路2(精工2)停车场,柯桥区,21,15,2021-07-04 13:44:10.513
P3120000064,港越路1(步行街2)停车场,柯桥区,26,13,2021-07-04 13:44:10.513
P3120000065,温渎路3停车场,柯桥区,11,8,2021-07-04 13:44:10.513
P3120000068,港越路3（精工）停车场,柯桥区,23,8,2021-07-04 13:44:10.513
P3120000014,人和路停车场,柯桥区,19,17,2021-07-04 13:54:09.117
P3120000015,温渎路1停车场,柯桥区,21,16,2021-07-04 13:54:09.117
P3120000016,温渎路2停车场,柯桥区,15,11,2021-07-04 13:54:09.117
P3120000017,万家巷停车场,柯桥区,40,19,2021-07-04 13:54:09.117
P3120000018,黄社溇路1停车场,柯桥区,16,1,2021-07-04 13:54:09.117
P3120000025,金杨路1（中医院）停车场,柯桥区,28,18,2021-07-04 13:54:09.117
P3120000032,鉴湖路5（四大银行）停车场,柯桥区,16,6,2021-07-04 13:54:09.117
P3120000033,港越路1(步行街1)停车场,柯桥区,14,7,2021-07-04 13:54:09.117
P3120000037,港越路5（温州饭滩）停车场,柯桥区,22,5,2021-07-04 13:54:09.117
P3120000039,笛扬路1（世纪联华）停车场,柯桥区,31,12,2021-07-04 13:54:09.117
P3120000042,笛扬路4（工商银行）停车场,柯桥区,23,15,2021-07-04 13:54:09.117
P3120000061,港越路2(精工2)停车场,柯桥区,21,16,2021-07-04 13:54:09.117
P3120000064,港越路1(步行街2)停车场,柯桥区,26,15,2021-07-04 13:54:09.117
P3120000065,温渎路3停车场,柯桥区,11,7,2021-07-04 13:54:09.117
P3120000017,万家巷停车场,柯桥区,40,20,2021-07-04 14:03:10.597
P3120000019,黄社溇路2停车场,柯桥区,18,2,2021-07-04 14:03:10.597
P3120000025,金杨路1（中医院）停车场,柯桥区,28,17,2021-07-04 14:03:10.597
P3120000027,金杨路3停车场,柯桥区,28,15,2021-07-04 14:03:10.597
P3120000028,鉴湖路1（锦江花园）停车场,柯桥区,29,22,2021-07-04 14:03:10.597
P3120000030,鉴湖路3停车场,柯桥区,12,7,2021-07-04 14:03:10.597
P3120000032,鉴湖路5（四大银行）停车场,柯桥区,16,8,2021-07-04 14:03:10.597
P3120000033,港越路1(步行街1)停车场,柯桥区,14,6,2021-07-04 14:03:10.597
P3120000037,港越路5（温州饭滩）停车场,柯桥区,22,6,2021-07-04 14:03:10.597
P3120000039,笛扬路1（世纪联华）停车场,柯桥区,31,11,2021-07-04 14:03:10.597
P3120000040,笛扬路2（广厦公寓）停车场,柯桥区,37,14,2021-07-04 14:03:10.597
P3120000041,笛扬路3（樱花电器）停车场,柯桥区,18,5,2021-07-04 14:03:10.597
P3120000045,笛扬路7（福年大厦）停车场,柯桥区,22,3,2021-07-04 14:03:10.597
P3120000061,港越路2(精工2)停车场,柯桥区,21,15,2021-07-04 14:03:10.597
P3120000062,港越路1(步行街3)停车场,柯桥区,16,7,2021-07-04 14:03:10.597
P3120000064,港越路1(步行街2)停车场,柯桥区,26,14,2021-07-04 14:03:10.597
P3120000068,港越路3（精工）停车场,柯桥区,23,7,2021-07-04 14:03:10.597
P3120000015,温渎路1停车场,柯桥区,21,17,2021-07-04 14:14:09.44
P3120000017,万家巷停车场,柯桥区,40,19,2021-07-04 14:14:09.44
P3120000018,黄社溇路1停车场,柯桥区,16,0,2021-07-04 14:14:09.44
P3120000019,黄社溇路2停车场,柯桥区,18,1,2021-07-04 14:14:09.44
P3120000025,金杨路1（中医院）停车场,柯桥区,28,16,2021-07-04 14:14:09.44
P3120000027,金杨路3停车场,柯桥区,28,13,2021-07-04 14:14:09.44
P3120000029,鉴湖路2（锦江花园）停车场,柯桥区,21,14,2021-07-04 14:14:09.44
P3120000030,鉴湖路3停车场,柯桥区,12,8,2021-07-04 14:14:09.44
P3120000034,港越路2（精工）停车场,柯桥区,12,11,2021-07-04 14:14:09.44
P3120000037,港越路5（温州饭滩）停车场,柯桥区,22,5,2021-07-04 14:14:09.44
P3120000038,港越路6停车场,柯桥区,16,9,2021-07-04 14:14:09.44
P3120000039,笛扬路1（世纪联华）停车场,柯桥区,31,12,2021-07-04 14:14:09.44
P3120000040,笛扬路2（广厦公寓）停车场,柯桥区,37,16,2021-07-04 14:14:09.44
P3120000045,笛扬路7（福年大厦）停车场,柯桥区,22,7,2021-07-04 14:14:09.44
P3120000061,港越路2(精工2)停车场,柯桥区,21,16,2021-07-04 14:14:09.44
P3120000068,港越路3（精工）停车场,柯桥区,23,6,2021-07-04 14:14:09.44
P3120000016,温渎路2停车场,柯桥区,15,12,2021-07-04 14:24:09.17
P3120000017,万家巷停车场,柯桥区,40,18,2021-07-04 14:24:09.17
P3120000027,金杨路3停车场,柯桥区,28,12,2021-07-04 14:24:09.17
P3120000028,鉴湖路1（锦江花园）停车场,柯桥区,29,21,2021-07-04 14:24:09.17
P3120000029,鉴湖路2（锦江花园）停车场,柯桥区,21,12,2021-07-04 14:24:09.17
P3120000032,鉴湖路5（四大银行）停车场,柯桥区,16,7,2021-07-04 14:24:09.17
P3120000036,港越路4（肯德基）停车场,柯桥区,21,1,2021-07-04 14:24:09.17
P3120000037,港越路5（温州饭滩）停车场,柯桥区,22,4,2021-07-04 14:24:09.17
P3120000038,港越路6停车场,柯桥区,16,8,2021-07-04 14:24:09.17
P3120000039,笛扬路1（世纪联华）停车场,柯桥区,31,11,2021-07-04 14:24:09.17
P3120000040,笛扬路2（广厦公寓）停车场,柯桥区,37,14,2021-07-04 14:24:09.17
P3120000045,笛扬路7（福年大厦）停车场,柯桥区,22,4,2021-07-04 14:24:09.17
P3120000061,港越路2(精工2)停车场,柯桥区,21,17,2021-07-04 14:24:09.17
P3120000062,港越路1(步行街3)停车场,柯桥区,16,6,2021-07-04 14:24:09.17
P3120000068,港越路3（精工）停车场,柯桥区,23,9,2021-07-04 14:24:09.17
P3120000015,温渎路1停车场,柯桥区,21,16,2021-07-04 14:34:09.407
P3120000019,黄社溇路2停车场,柯桥区,18,3,2021-07-04 14:34:09.407
P3120000025,金杨路1（中医院）停车场,柯桥区,28,17,2021-07-04 14:34:09.407
P3120000028,鉴湖路1（锦江花园）停车场,柯桥区,29,22,2021-07-04 14:34:09.407
P3120000029,鉴湖路2（锦江花园）停车场,柯桥区,21,9,2021-07-04 14:34:09.407
P3120000032,鉴湖路5（四大银行）停车场,柯桥区,16,6,2021-07-04 14:34:09.407
P3120000033,港越路1(步行街1)停车场,柯桥区,14,4,2021-07-04 14:34:09.407
P3120000037,港越路5（温州饭滩）停车场,柯桥区,22,1,2021-07-04 14:34:09.407
P3120000038,港越路6停车场,柯桥区,16,9,2021-07-04 14:34:09.407
P3120000039,笛扬路1（世纪联华）停车场,柯桥区,31,13,2021-07-04 14:34:09.407
P3120000040,笛扬路2（广厦公寓）停车场,柯桥区,37,15,2021-07-04 14:34:09.407
P3120000041,笛扬路3（樱花电器）停车场,柯桥区,18,4,2021-07-04 14:34:09.407
P3120000062,港越路1(步行街3)停车场,柯桥区,16,5,2021-07-04 14:34:09.407
P3120000064,港越路1(步行街2)停车场,柯桥区,26,13,2021-07-04 14:34:09.407
P3120000068,港越路3（精工）停车场,柯桥区,23,11,2021-07-04 14:34:09.407
P3120000019,黄社溇路2停车场,柯桥区,18,2,2021-07-04 14:44:09.75
P3120000027,金杨路3停车场,柯桥区,28,9,2021-07-04 14:44:09.75
P3120000028,鉴湖路1（锦江花园）停车场,柯桥区,29,21,2021-07-04 14:44:09.75
P3120000029,鉴湖路2（锦江花园）停车场,柯桥区,21,6,2021-07-04 14:44:09.75
P3120000032,鉴湖路5（四大银行）停车场,柯桥区,16,7,2021-07-04 14:44:09.75
P3120000038,港越路6停车场,柯桥区,16,8,2021-07-04 14:44:09.75
P3120000039,笛扬路1（世纪联华）停车场,柯桥区,31,12,2021-07-04 14:44:09.75
P3120000040,笛扬路2（广厦公寓）停车场,柯桥区,37,13,2021-07-04 14:44:09.75
P3120000041,笛扬路3（樱花电器）停车场,柯桥区,18,5,2021-07-04 14:44:09.75
P3120000042,笛扬路4（工商银行）停车场,柯桥区,23,16,2021-07-04 14:44:09.75
P3120000045,笛扬路7（福年大厦）停车场,柯桥区,22,3,2021-07-04 14:44:09.75
P3120000062,港越路1(步行街3)停车场,柯桥区,16,7,2021-07-04 14:44:09.75
P3120000064,港越路1(步行街2)停车场,柯桥区,26,12,2021-07-04 14:44:09.75
P3120000068,港越路3（精工）停车场,柯桥区,23,10,2021-07-04 14:44:09.75
P3120000014,人和路停车场,柯桥区,19,16,2021-07-04 14:54:08.09
P3120000015,温渎路1停车场,柯桥区,21,15,2021-07-04 14:54:08.09
P3120000016,温渎路2停车场,柯桥区,15,13,2021-07-04 14:54:08.09
P3120000017,万家巷停车场,柯桥区,40,17,2021-07-04 14:54:08.09
P3120000019,黄社溇路2停车场,柯桥区,18,4,2021-07-04 14:54:08.09
P3120000029,鉴湖路2（锦江花园）停车场,柯桥区,21,7,2021-07-04 14:54:08.09
P3120000032,鉴湖路5（四大银行）停车场,柯桥区,16,6,2021-07-04 14:54:08.09
P3120000037,港越路5（温州饭滩）停车场,柯桥区,22,3,2021-07-04 14:54:08.09
P3120000038,港越路6停车场,柯桥区,16,10,2021-07-04 14:54:08.09
P3120000040,笛扬路2（广厦公寓）停车场,柯桥区,37,10,2021-07-04 14:54:08.09
P3120000041,笛扬路3（樱花电器）停车场,柯桥区,18,4,2021-07-04 14:54:08.09
P3120000042,笛扬路4（工商银行）停车场,柯桥区,23,17,2021-07-04 14:54:08.09
P3120000045,笛扬路7（福年大厦）停车场,柯桥区,22,5,2021-07-04 14:54:08.09
P3120000065,温渎路3停车场,柯桥区,11,4,2021-07-04 14:54:08.09
P3120000068,港越路3（精工）停车场,柯桥区,23,13,2021-07-04 14:54:08.09
P3120000015,温渎路1停车场,柯桥区,21,14,2021-07-04 15:04:09.417
P3120000017,万家巷停车场,柯桥区,40,19,2021-07-04 15:04:09.417
P3120000019,黄社溇路2停车场,柯桥区,18,3,2021-07-04 15:04:09.417
P3120000025,金杨路1（中医院）停车场,柯桥区,28,15,2021-07-04 15:04:09.417
P3120000027,金杨路3停车场,柯桥区,28,7,2021-07-04 15:04:09.417
P3120000029,鉴湖路2（锦江花园）停车场,柯桥区,21,9,2021-07-04 15:04:09.417
P3120000030,鉴湖路3停车场,柯桥区,12,9,2021-07-04 15:04:09.417
P3120000032,鉴湖路5（四大银行）停车场,柯桥区,16,5,2021-07-04 15:04:09.417
P3120000033,港越路1(步行街1)停车场,柯桥区,14,5,2021-07-04 15:04:09.417
P3120000037,港越路5（温州饭滩）停车场,柯桥区,22,2,2021-07-04 15:04:09.417
P3120000038,港越路6停车场,柯桥区,16,11,2021-07-04 15:04:09.417
P3120000040,笛扬路2（广厦公寓）停车场,柯桥区,37,12,2021-07-04 15:04:09.417
P3120000042,笛扬路4（工商银行）停车场,柯桥区,23,15,2021-07-04 15:04:09.417
P3120000065,温渎路3停车场,柯桥区,11,6,2021-07-04 15:04:09.417
P3120000068,港越路3（精工）停车场,柯桥区,23,11,2021-07-04 15:04:09.417
P3120000016,温渎路2停车场,柯桥区,15,12,2021-07-04 15:14:09.99
P3120000017,万家巷停车场,柯桥区,40,17,2021-07-04 15:14:09.99
P3120000018,黄社溇路1停车场,柯桥区,16,1,2021-07-04 15:14:09.99
P3120000019,黄社溇路2停车场,柯桥区,18,1,2021-07-04 15:14:09.99
P3120000027,金杨路3停车场,柯桥区,28,6,2021-07-04 15:14:09.99
P3120000028,鉴湖路1（锦江花园）停车场,柯桥区,29,23,2021-07-04 15:14:09.99
P3120000029,鉴湖路2（锦江花园）停车场,柯桥区,21,11,2021-07-04 15:14:09.99
P3120000033,港越路1(步行街1)停车场,柯桥区,14,6,2021-07-04 15:14:09.99
P3120000038,港越路6停车场,柯桥区,16,9,2021-07-04 15:14:09.99
P3120000042,笛扬路4（工商银行）停车场,柯桥区,23,14,2021-07-04 15:14:09.99
P3120000045,笛扬路7（福年大厦）停车场,柯桥区,22,7,2021-07-04 15:14:09.99
P3120000062,港越路1(步行街3)停车场,柯桥区,16,8,2021-07-04 15:14:09.99
P3120000064,港越路1(步行街2)停车场,柯桥区,26,13,2021-07-04 15:14:09.99
P3120000065,温渎路3停车场,柯桥区,11,5,2021-07-04 15:14:09.99
P3120000068,港越路3（精工）停车场,柯桥区,23,9,2021-07-04 15:14:09.99
P3120000016,温渎路2停车场,柯桥区,15,11,2021-07-04 15:24:07.637
P3120000017,万家巷停车场,柯桥区,40,15,2021-07-04 15:24:07.637
P3120000019,黄社溇路2停车场,柯桥区,18,2,2021-07-04 15:24:07.637
P3120000025,金杨路1（中医院）停车场,柯桥区,28,16,2021-07-04 15:24:07.637
P3120000027,金杨路3停车场,柯桥区,28,8,2021-07-04 15:24:07.637
P3120000029,鉴湖路2（锦江花园）停车场,柯桥区,21,10,2021-07-04 15:24:07.637
P3120000032,鉴湖路5（四大银行）停车场,柯桥区,16,4,2021-07-04 15:24:07.637
P3120000036,港越路4（肯德基）停车场,柯桥区,21,3,2021-07-04 15:24:07.637
P3120000037,港越路5（温州饭滩）停车场,柯桥区,22,1,2021-07-04 15:24:07.637
P3120000038,港越路6停车场,柯桥区,16,10,2021-07-04 15:24:07.637
P3120000040,笛扬路2（广厦公寓）停车场,柯桥区,37,13,2021-07-04 15:24:07.637
P3120000041,笛扬路3（樱花电器）停车场,柯桥区,18,5,2021-07-04 15:24:07.637
P3120000042,笛扬路4（工商银行）停车场,柯桥区,23,15,2021-07-04 15:24:07.637
P3120000045,笛扬路7（福年大厦）停车场,柯桥区,22,8,2021-07-04 15:24:07.637
P3120000064,港越路1(步行街2)停车场,柯桥区,26,12,2021-07-04 15:24:07.637
P3120000065,温渎路3停车场,柯桥区,11,7,2021-07-04 15:24:07.637
P3120000068,港越路3（精工）停车场,柯桥区,23,10,2021-07-04 15:24:07.637
P3120000014,人和路停车场,柯桥区,19,17,2021-07-04 15:34:10.07
P3120000019,黄社溇路2停车场,柯桥区,18,3,2021-07-04 15:34:10.07
P3120000025,金杨路1（中医院）停车场,柯桥区,28,17,2021-07-04 15:34:10.07
P3120000027,金杨路3停车场,柯桥区,28,11,2021-07-04 15:34:10.07
P3120000028,鉴湖路1（锦江花园）停车场,柯桥区,29,24,2021-07-04 15:34:10.07
P3120000029,鉴湖路2（锦江花园）停车场,柯桥区,21,11,2021-07-04 15:34:10.07
P3120000030,鉴湖路3停车场,柯桥区,12,8,2021-07-04 15:34:10.07
P3120000032,鉴湖路5（四大银行）停车场,柯桥区,16,5,2021-07-04 15:34:10.07
P3120000033,港越路1(步行街1)停车场,柯桥区,14,7,2021-07-04 15:34:10.07
P3120000036,港越路4（肯德基）停车场,柯桥区,21,2,2021-07-04 15:34:10.07
P3120000040,笛扬路2（广厦公寓）停车场,柯桥区,37,12,2021-07-04 15:34:10.07
P3120000042,笛扬路4（工商银行）停车场,柯桥区,23,14,2021-07-04 15:34:10.07
P3120000045,笛扬路7（福年大厦）停车场,柯桥区,22,9,2021-07-04 15:34:10.07
P3120000064,港越路1(步行街2)停车场,柯桥区,26,11,2021-07-04 15:34:10.07
P3120000065,温渎路3停车场,柯桥区,11,5,2021-07-04 15:34:10.07
P3120000014,人和路停车场,柯桥区,19,18,2021-07-04 15:44:10.713
P3120000015,温渎路1停车场,柯桥区,21,15,2021-07-04 15:44:10.713
P3120000016,温渎路2停车场,柯桥区,15,12,2021-07-04 15:44:10.713
P3120000017,万家巷停车场,柯桥区,40,16,2021-07-04 15:44:10.713
P3120000019,黄社溇路2停车场,柯桥区,18,4,2021-07-04 15:44:10.713
P3120000025,金杨路1（中医院）停车场,柯桥区,28,18,2021-07-04 15:44:10.713
P3120000028,鉴湖路1（锦江花园）停车场,柯桥区,29,23,2021-07-04 15:44:10.713
P3120000030,鉴湖路3停车场,柯桥区,12,9,2021-07-04 15:44:10.713
P3120000032,鉴湖路5（四大银行）停车场,柯桥区,16,8,2021-07-04 15:44:10.713
P3120000037,港越路5（温州饭滩）停车场,柯桥区,22,2,2021-07-04 15:44:10.713
P3120000038,港越路6停车场,柯桥区,16,9,2021-07-04 15:44:10.713
P3120000039,笛扬路1（世纪联华）停车场,柯桥区,31,13,2021-07-04 15:44:10.713
P3120000040,笛扬路2（广厦公寓）停车场,柯桥区,37,11,2021-07-04 15:44:10.713
P3120000042,笛扬路4（工商银行）停车场,柯桥区,23,12,2021-07-04 15:44:10.713
P3120000045,笛扬路7（福年大厦）停车场,柯桥区,22,8,2021-07-04 15:44:10.713
P3120000064,港越路1(步行街2)停车场,柯桥区,26,14,2021-07-04 15:44:10.713
P3120000065,温渎路3停车场,柯桥区,11,4,2021-07-04 15:44:10.713
P3120000014,人和路停车场,柯桥区,19,17,2021-07-04 15:54:09.157
P3120000016,温渎路2停车场,柯桥区,15,13,2021-07-04 15:54:09.157
P3120000019,黄社溇路2停车场,柯桥区,18,2,2021-07-04 15:54:09.157
P3120000025,金杨路1（中医院）停车场,柯桥区,28,17,2021-07-04 15:54:09.157
P3120000027,金杨路3停车场,柯桥区,28,13,2021-07-04 15:54:09.157
P3120000028,鉴湖路1（锦江花园）停车场,柯桥区,29,22,2021-07-04 15:54:09.157
P3120000032,鉴湖路5（四大银行）停车场,柯桥区,16,7,2021-07-04 15:54:09.157
P3120000037,港越路5（温州饭滩）停车场,柯桥区,22,3,2021-07-04 15:54:09.157
P3120000039,笛扬路1（世纪联华）停车场,柯桥区,31,12,2021-07-04 15:54:09.157
P3120000040,笛扬路2（广厦公寓）停车场,柯桥区,37,12,2021-07-04 15:54:09.157
P3120000045,笛扬路7（福年大厦）停车场,柯桥区,22,7,2021-07-04 15:54:09.157
P3120000061,港越路2(精工2)停车场,柯桥区,21,18,2021-07-04 15:54:09.157
P3120000062,港越路1(步行街3)停车场,柯桥区,16,11,2021-07-04 15:54:09.157
P3120000065,温渎路3停车场,柯桥区,11,6,2021-07-04 15:54:09.157
P3120000068,港越路3（精工）停车场,柯桥区,23,8,2021-07-04 15:54:09.157
P3120000014,人和路停车场,柯桥区,19,18,2021-07-04 16:04:10.593
P3120000015,温渎路1停车场,柯桥区,21,14,2021-07-04 16:04:10.593
P3120000017,万家巷停车场,柯桥区,40,17,2021-07-04 16:04:10.593
P3120000018,黄社溇路1停车场,柯桥区,16,0,2021-07-04 16:04:10.593
P3120000025,金杨路1（中医院）停车场,柯桥区,28,20,2021-07-04 16:04:10.593
P3120000027,金杨路3停车场,柯桥区,28,12,2021-07-04 16:04:10.593
P3120000028,鉴湖路1（锦江花园）停车场,柯桥区,29,20,2021-07-04 16:04:10.593
P3120000030,鉴湖路3停车场,柯桥区,12,8,2021-07-04 16:04:10.593
P3120000032,鉴湖路5（四大银行）停车场,柯桥区,16,8,2021-07-04 16:04:10.593
P3120000033,港越路1(步行街1)停车场,柯桥区,14,6,2021-07-04 16:04:10.593
P3120000036,港越路4（肯德基）停车场,柯桥区,21,1,2021-07-04 16:04:10.593
P3120000037,港越路5（温州饭滩）停车场,柯桥区,22,2,2021-07-04 16:04:10.593
P3120000038,港越路6停车场,柯桥区,16,7,2021-07-04 16:04:10.593
P3120000039,笛扬路1（世纪联华）停车场,柯桥区,31,13,2021-07-04 16:04:10.593
P3120000040,笛扬路2（广厦公寓）停车场,柯桥区,37,13,2021-07-04 16:04:10.593
P3120000041,笛扬路3（樱花电器）停车场,柯桥区,18,6,2021-07-04 16:04:10.593
P3120000064,港越路1(步行街2)停车场,柯桥区,26,15,2021-07-04 16:04:10.593
P3120000068,港越路3（精工）停车场,柯桥区,23,10,2021-07-04 16:04:10.593
P3120000014,人和路停车场,柯桥区,19,17,2021-07-04 16:14:11.137
P3120000017,万家巷停车场,柯桥区,40,16,2021-07-04 16:14:11.137
P3120000019,黄社溇路2停车场,柯桥区,18,0,2021-07-04 16:14:11.137
P3120000027,金杨路3停车场,柯桥区,28,18,2021-07-04 16:14:11.137
P3120000028,鉴湖路1（锦江花园）停车场,柯桥区,29,22,2021-07-04 16:14:11.137
P3120000029,鉴湖路2（锦江花园）停车场,柯桥区,21,9,2021-07-04 16:14:11.137
P3120000030,鉴湖路3停车场,柯桥区,12,7,2021-07-04 16:14:11.137
P3120000033,港越路1(步行街1)停车场,柯桥区,14,5,2021-07-04 16:14:11.137
P3120000036,港越路4（肯德基）停车场,柯桥区,21,3,2021-07-04 16:14:11.137
P3120000038,港越路6停车场,柯桥区,16,8,2021-07-04 16:14:11.137
P3120000039,笛扬路1（世纪联华）停车场,柯桥区,31,15,2021-07-04 16:14:11.137
P3120000040,笛扬路2（广厦公寓）停车场,柯桥区,37,11,2021-07-04 16:14:11.137
P3120000041,笛扬路3（樱花电器）停车场,柯桥区,18,7,2021-07-04 16:14:11.137
P3120000045,笛扬路7（福年大厦）停车场,柯桥区,22,5,2021-07-04 16:14:11.137
P3120000062,港越路1(步行街3)停车场,柯桥区,16,12,2021-07-04 16:14:11.137
P3120000064,港越路1(步行街2)停车场,柯桥区,26,14,2021-07-04 16:14:11.137
P3120000065,温渎路3停车场,柯桥区,11,3,2021-07-04 16:14:11.137
P3120000068,港越路3（精工）停车场,柯桥区,23,13,2021-07-04 16:14:11.137
P3120000014,人和路停车场,柯桥区,19,16,2021-07-04 16:24:10.557
P3120000019,黄社溇路2停车场,柯桥区,18,1,2021-07-04 16:24:10.557
P3120000025,金杨路1（中医院）停车场,柯桥区,28,18,2021-07-04 16:24:10.557
P3120000028,鉴湖路1（锦江花园）停车场,柯桥区,29,21,2021-07-04 16:24:10.557
P3120000029,鉴湖路2（锦江花园）停车场,柯桥区,21,7,2021-07-04 16:24:10.557
P3120000032,鉴湖路5（四大银行）停车场,柯桥区,16,9,2021-07-04 16:24:10.557
P3120000036,港越路4（肯德基）停车场,柯桥区,21,2,2021-07-04 16:24:10.557
P3120000037,港越路5（温州饭滩）停车场,柯桥区,22,4,2021-07-04 16:24:10.557
P3120000038,港越路6停车场,柯桥区,16,9,2021-07-04 16:24:10.557
P3120000040,笛扬路2（广厦公寓）停车场,柯桥区,37,13,2021-07-04 16:24:10.557
P3120000041,笛扬路3（樱花电器）停车场,柯桥区,18,6,2021-07-04 16:24:10.557
P3120000042,笛扬路4（工商银行）停车场,柯桥区,23,15,2021-07-04 16:24:10.557
P3120000061,港越路2(精工2)停车场,柯桥区,21,19,2021-07-04 16:24:10.557
P3120000062,港越路1(步行街3)停车场,柯桥区,16,11,2021-07-04 16:24:10.557
P3120000014,人和路停车场,柯桥区,19,17,2021-07-04 16:34:08.177
P3120000015,温渎路1停车场,柯桥区,21,15,2021-07-04 16:34:08.177
P3120000016,温渎路2停车场,柯桥区,15,12,2021-07-04 16:34:08.177
P3120000017,万家巷停车场,柯桥区,40,17,2021-07-04 16:34:08.177
P3120000025,金杨路1（中医院）停车场,柯桥区,28,20,2021-07-04 16:34:08.177
P3120000027,金杨路3停车场,柯桥区,28,16,2021-07-04 16:34:08.177
P3120000029,鉴湖路2（锦江花园）停车场,柯桥区,21,9,2021-07-04 16:34:08.177
P3120000032,鉴湖路5（四大银行）停车场,柯桥区,16,7,2021-07-04 16:34:08.177
P3120000033,港越路1(步行街1)停车场,柯桥区,14,6,2021-07-04 16:34:08.177
P3120000034,港越路2（精工）停车场,柯桥区,12,10,2021-07-04 16:34:08.177
P3120000036,港越路4（肯德基）停车场,柯桥区,21,5,2021-07-04 16:34:08.177
P3120000037,港越路5（温州饭滩）停车场,柯桥区,22,3,2021-07-04 16:34:08.177
P3120000038,港越路6停车场,柯桥区,16,12,2021-07-04 16:34:08.177
P3120000039,笛扬路1（世纪联华）停车场,柯桥区,31,13,2021-07-04 16:34:08.177
P3120000040,笛扬路2（广厦公寓）停车场,柯桥区,37,12,2021-07-04 16:34:08.177
P3120000041,笛扬路3（樱花电器）停车场,柯桥区,18,7,2021-07-04 16:34:08.177
P3120000042,笛扬路4（工商银行）停车场,柯桥区,23,16,2021-07-04 16:34:08.177
P3120000045,笛扬路7（福年大厦）停车场,柯桥区,22,8,2021-07-04 16:34:08.177
P3120000064,港越路1(步行街2)停车场,柯桥区,26,13,2021-07-04 16:34:08.177
P3120000065,温渎路3停车场,柯桥区,11,2,2021-07-04 16:34:08.177
P3120000014,人和路停车场,柯桥区,19,15,2021-07-04 16:44:09.353
P3120000027,金杨路3停车场,柯桥区,28,17,2021-07-04 16:44:09.353
P3120000029,鉴湖路2（锦江花园）停车场,柯桥区,21,11,2021-07-04 16:44:09.353
P3120000032,鉴湖路5（四大银行）停车场,柯桥区,16,8,2021-07-04 16:44:09.353
P3120000033,港越路1(步行街1)停车场,柯桥区,14,4,2021-07-04 16:44:09.353
P3120000036,港越路4（肯德基）停车场,柯桥区,21,2,2021-07-04 16:44:09.353
P3120000039,笛扬路1（世纪联华）停车场,柯桥区,31,14,2021-07-04 16:44:09.353
P3120000040,笛扬路2（广厦公寓）停车场,柯桥区,37,11,2021-07-04 16:44:09.353
P3120000041,笛扬路3（樱花电器）停车场,柯桥区,18,8,2021-07-04 16:44:09.353
P3120000042,笛扬路4（工商银行）停车场,柯桥区,23,15,2021-07-04 16:44:09.353
P3120000045,笛扬路7（福年大厦）停车场,柯桥区,22,7,2021-07-04 16:44:09.353
P3120000062,港越路1(步行街3)停车场,柯桥区,16,10,2021-07-04 16:44:09.353
P3120000064,港越路1(步行街2)停车场,柯桥区,26,12,2021-07-04 16:44:09.353
P3120000014,人和路停车场,柯桥区,19,18,2021-07-04 16:54:10.43
P3120000015,温渎路1停车场,柯桥区,21,16,2021-07-04 16:54:10.43
P3120000025,金杨路1（中医院）停车场,柯桥区,28,19,2021-07-04 16:54:10.43
P3120000027,金杨路3停车场,柯桥区,28,16,2021-07-04 16:54:10.43
P3120000028,鉴湖路1（锦江花园）停车场,柯桥区,29,23,2021-07-04 16:54:10.43
P3120000029,鉴湖路2（锦江花园）停车场,柯桥区,21,8,2021-07-04 16:54:10.43
P3120000032,鉴湖路5（四大银行）停车场,柯桥区,16,6,2021-07-04 16:54:10.43
P3120000034,港越路2（精工）停车场,柯桥区,12,8,2021-07-04 16:54:10.43
P3120000036,港越路4（肯德基）停车场,柯桥区,21,5,2021-07-04 16:54:10.43
P3120000037,港越路5（温州饭滩）停车场,柯桥区,22,1,2021-07-04 16:54:10.43
P3120000039,笛扬路1（世纪联华）停车场,柯桥区,31,13,2021-07-04 16:54:10.43
P3120000040,笛扬路2（广厦公寓）停车场,柯桥区,37,16,2021-07-04 16:54:10.43
P3120000041,笛扬路3（樱花电器）停车场,柯桥区,18,6,2021-07-04 16:54:10.43
P3120000042,笛扬路4（工商银行）停车场,柯桥区,23,14,2021-07-04 16:54:10.43
P3120000062,港越路1(步行街3)停车场,柯桥区,16,9,2021-07-04 16:54:10.43
P3120000064,港越路1(步行街2)停车场,柯桥区,26,13,2021-07-04 16:54:10.43
P3120000065,温渎路3停车场,柯桥区,11,5,2021-07-04 16:54:10.43
P3120000068,港越路3（精工）停车场,柯桥区,23,12,2021-07-04 16:54:10.43
P3120000014,人和路停车场,柯桥区,19,15,2021-07-04 17:04:09.73
P3120000015,温渎路1停车场,柯桥区,21,17,2021-07-04 17:04:09.73
P3120000017,万家巷停车场,柯桥区,40,16,2021-07-04 17:04:09.73
P3120000018,黄社溇路1停车场,柯桥区,16,1,2021-07-04 17:04:09.73
P3120000030,鉴湖路3停车场,柯桥区,12,6,2021-07-04 17:04:09.73
P3120000032,鉴湖路5（四大银行）停车场,柯桥区,16,8,2021-07-04 17:04:09.73
P3120000033,港越路1(步行街1)停车场,柯桥区,14,5,2021-07-04 17:04:09.73
P3120000034,港越路2（精工）停车场,柯桥区,12,9,2021-07-04 17:04:09.73
P3120000036,港越路4（肯德基）停车场,柯桥区,21,4,2021-07-04 17:04:09.73
P3120000037,港越路5（温州饭滩）停车场,柯桥区,22,4,2021-07-04 17:04:09.73
P3120000040,笛扬路2（广厦公寓）停车场,柯桥区,37,14,2021-07-04 17:04:09.73
P3120000042,笛扬路4（工商银行）停车场,柯桥区,23,13,2021-07-04 17:04:09.73
P3120000061,港越路2(精工2)停车场,柯桥区,21,20,2021-07-04 17:04:09.73
P3120000062,港越路1(步行街3)停车场,柯桥区,16,10,2021-07-04 17:04:09.73
P3120000065,温渎路3停车场,柯桥区,11,6,2021-07-04 17:04:09.73
P3120000068,港越路3（精工）停车场,柯桥区,23,13,2021-07-04 17:04:09.73
P3120000014,人和路停车场,柯桥区,19,12,2021-07-04 17:14:08.383
P3120000017,万家巷停车场,柯桥区,40,17,2021-07-04 17:14:08.383
P3120000018,黄社溇路1停车场,柯桥区,16,0,2021-07-04 17:14:08.383
P3120000019,黄社溇路2停车场,柯桥区,18,0,2021-07-04 17:14:08.383
P3120000027,金杨路3停车场,柯桥区,28,19,2021-07-04 17:14:08.383
P3120000029,鉴湖路2（锦江花园）停车场,柯桥区,21,9,2021-07-04 17:14:08.383
P3120000037,港越路5（温州饭滩）停车场,柯桥区,22,5,2021-07-04 17:14:08.383
P3120000039,笛扬路1（世纪联华）停车场,柯桥区,31,14,2021-07-04 17:14:08.383
P3120000040,笛扬路2（广厦公寓）停车场,柯桥区,37,15,2021-07-04 17:14:08.383
P3120000042,笛扬路4（工商银行）停车场,柯桥区,23,15,2021-07-04 17:14:08.383
P3120000045,笛扬路7（福年大厦）停车场,柯桥区,22,5,2021-07-04 17:14:08.383
P3120000064,港越路1(步行街2)停车场,柯桥区,26,12,2021-07-04 17:14:08.383
P3120000065,温渎路3停车场,柯桥区,11,8,2021-07-04 17:14:08.383
P3120000068,港越路3（精工）停车场,柯桥区,23,14,2021-07-04 17:14:08.383
P3120000014,人和路停车场,柯桥区,19,14,2021-07-04 17:24:09.133
P3120000015,温渎路1停车场,柯桥区,21,18,2021-07-04 17:24:09.133
P3120000019,黄社溇路2停车场,柯桥区,18,3,2021-07-04 17:24:09.133
P3120000025,金杨路1（中医院）停车场,柯桥区,28,21,2021-07-04 17:24:09.133
P3120000027,金杨路3停车场,柯桥区,28,16,2021-07-04 17:24:09.133
P3120000029,鉴湖路2（锦江花园）停车场,柯桥区,21,10,2021-07-04 17:24:09.133
P3120000030,鉴湖路3停车场,柯桥区,12,4,2021-07-04 17:24:09.133
P3120000032,鉴湖路5（四大银行）停车场,柯桥区,16,7,2021-07-04 17:24:09.133
P3120000036,港越路4（肯德基）停车场,柯桥区,21,7,2021-07-04 17:24:09.133
P3120000037,港越路5（温州饭滩）停车场,柯桥区,22,7,2021-07-04 17:24:09.133
P3120000039,笛扬路1（世纪联华）停车场,柯桥区,31,13,2021-07-04 17:24:09.133
P3120000040,笛扬路2（广厦公寓）停车场,柯桥区,37,16,2021-07-04 17:24:09.133
P3120000042,笛扬路4（工商银行）停车场,柯桥区,23,16,2021-07-04 17:24:09.133
P3120000045,笛扬路7（福年大厦）停车场,柯桥区,22,6,2021-07-04 17:24:09.133
P3120000068,港越路3（精工）停车场,柯桥区,23,15,2021-07-04 17:24:09.133
P3120000015,温渎路1停车场,柯桥区,21,17,2021-07-04 17:34:10.11
P3120000017,万家巷停车场,柯桥区,40,19,2021-07-04 17:34:10.11
P3120000019,黄社溇路2停车场,柯桥区,18,1,2021-07-04 17:34:10.11
P3120000025,金杨路1（中医院）停车场,柯桥区,28,19,2021-07-04 17:34:10.11
P3120000027,金杨路3停车场,柯桥区,28,17,2021-07-04 17:34:10.11
P3120000029,鉴湖路2（锦江花园）停车场,柯桥区,21,11,2021-07-04 17:34:10.11
P3120000030,鉴湖路3停车场,柯桥区,12,6,2021-07-04 17:34:10.11
P3120000032,鉴湖路5（四大银行）停车场,柯桥区,16,8,2021-07-04 17:34:10.11
P3120000033,港越路1(步行街1)停车场,柯桥区,14,3,2021-07-04 17:34:10.11
P3120000034,港越路2（精工）停车场,柯桥区,12,8,2021-07-04 17:34:10.11
P3120000038,港越路6停车场,柯桥区,16,15,2021-07-04 17:34:10.11
P3120000039,笛扬路1（世纪联华）停车场,柯桥区,31,12,2021-07-04 17:34:10.11
P3120000041,笛扬路3（樱花电器）停车场,柯桥区,18,5,2021-07-04 17:34:10.11
P3120000042,笛扬路4（工商银行）停车场,柯桥区,23,14,2021-07-04 17:34:10.11
P3120000064,港越路1(步行街2)停车场,柯桥区,26,14,2021-07-04 17:34:10.11
P3120000068,港越路3（精工）停车场,柯桥区,23,14,2021-07-04 17:34:10.11
P3120000015,温渎路1停车场,柯桥区,21,19,2021-07-04 17:44:09.753
P3120000017,万家巷停车场,柯桥区,40,20,2021-07-04 17:44:09.753
P3120000019,黄社溇路2停车场,柯桥区,18,0,2021-07-04 17:44:09.753
P3120000025,金杨路1（中医院）停车场,柯桥区,28,20,2021-07-04 17:44:09.753
P3120000027,金杨路3停车场,柯桥区,28,18,2021-07-04 17:44:09.753
P3120000028,鉴湖路1（锦江花园）停车场,柯桥区,29,17,2021-07-04 17:44:09.753
P3120000030,鉴湖路3停车场,柯桥区,12,4,2021-07-04 17:44:09.753
P3120000032,鉴湖路5（四大银行）停车场,柯桥区,16,6,2021-07-04 17:44:09.753
P3120000034,港越路2（精工）停车场,柯桥区,12,9,2021-07-04 17:44:09.753
P3120000038,港越路6停车场,柯桥区,16,14,2021-07-04 17:44:09.753
P3120000039,笛扬路1（世纪联华）停车场,柯桥区,31,11,2021-07-04 17:44:09.753
P3120000040,笛扬路2（广厦公寓）停车场,柯桥区,37,17,2021-07-04 17:44:09.753
P3120000042,笛扬路4（工商银行）停车场,柯桥区,23,12,2021-07-04 17:44:09.753
P3120000045,笛扬路7（福年大厦）停车场,柯桥区,22,5,2021-07-04 17:44:09.753
P3120000068,港越路3（精工）停车场,柯桥区,23,15,2021-07-04 17:44:09.753
P3120000017,万家巷停车场,柯桥区,40,27,2021-07-04 17:54:10.533
P3120000025,金杨路1（中医院）停车场,柯桥区,28,21,2021-07-04 17:54:10.533
P3120000027,金杨路3停车场,柯桥区,28,20,2021-07-04 17:54:10.533
P3120000028,鉴湖路1（锦江花园）停车场,柯桥区,29,24,2021-07-04 17:54:10.533
P3120000029,鉴湖路2（锦江花园）停车场,柯桥区,21,12,2021-07-04 17:54:10.533
P3120000030,鉴湖路3停车场,柯桥区,12,5,2021-07-04 17:54:10.533
P3120000032,鉴湖路5（四大银行）停车场,柯桥区,16,7,2021-07-04 17:54:10.533
P3120000033,港越路1(步行街1)停车场,柯桥区,14,4,2021-07-04 17:54:10.533
P3120000036,港越路4（肯德基）停车场,柯桥区,21,8,2021-07-04 17:54:10.533
P3120000037,港越路5（温州饭滩）停车场,柯桥区,22,9,2021-07-04 17:54:10.533
P3120000038,港越路6停车场,柯桥区,16,12,2021-07-04 17:54:10.533
P3120000039,笛扬路1（世纪联华）停车场,柯桥区,31,15,2021-07-04 17:54:10.533
P3120000040,笛扬路2（广厦公寓）停车场,柯桥区,37,19,2021-07-04 17:54:10.533
P3120000041,笛扬路3（樱花电器）停车场,柯桥区,18,18,2021-07-04 17:54:10.533
P3120000042,笛扬路4（工商银行）停车场,柯桥区,23,13,2021-07-04 17:54:10.533
P3120000045,笛扬路7（福年大厦）停车场,柯桥区,22,10,2021-07-04 17:54:10.533
P3120000061,港越路2(精工2)停车场,柯桥区,21,21,2021-07-04 17:54:10.533
P3120000062,港越路1(步行街3)停车场,柯桥区,16,9,2021-07-04 17:54:10.533
P3120000064,港越路1(步行街2)停车场,柯桥区,26,15,2021-07-04 17:54:10.533
P3120000014,人和路停车场,柯桥区,19,18,2021-07-05 06:14:10.99
P3120000015,温渎路1停车场,柯桥区,21,20,2021-07-05 06:14:10.99
P3120000016,温渎路2停车场,柯桥区,15,13,2021-07-05 06:14:10.99
P3120000017,万家巷停车场,柯桥区,40,36,2021-07-05 06:14:10.99
P3120000018,黄社溇路1停车场,柯桥区,16,14,2021-07-05 06:14:10.99
P3120000019,黄社溇路2停车场,柯桥区,18,18,2021-07-05 06:14:10.99
P3120000025,金杨路1（中医院）停车场,柯桥区,28,24,2021-07-05 06:14:10.99
P3120000027,金杨路3停车场,柯桥区,28,26,2021-07-05 06:14:10.99
P3120000028,鉴湖路1（锦江花园）停车场,柯桥区,29,23,2021-07-05 06:14:10.99
P3120000029,鉴湖路2（锦江花园）停车场,柯桥区,21,19,2021-07-05 06:14:10.99
P3120000030,鉴湖路3停车场,柯桥区,12,11,2021-07-05 06:14:10.99
P3120000032,鉴湖路5（四大银行）停车场,柯桥区,16,14,2021-07-05 06:14:10.99
P3120000033,港越路1(步行街1)停车场,柯桥区,14,14,2021-07-05 06:14:10.99
P3120000034,港越路2（精工）停车场,柯桥区,12,12,2021-07-05 06:14:10.99
P3120000036,港越路4（肯德基）停车场,柯桥区,21,20,2021-07-05 06:14:10.99
P3120000037,港越路5（温州饭滩）停车场,柯桥区,22,17,2021-07-05 06:14:10.99
P3120000038,港越路6停车场,柯桥区,16,15,2021-07-05 06:14:10.99
P3120000039,笛扬路1（世纪联华）停车场,柯桥区,31,21,2021-07-05 06:14:10.99
P3120000040,笛扬路2（广厦公寓）停车场,柯桥区,37,25,2021-07-05 06:14:10.99
P3120000042,笛扬路4（工商银行）停车场,柯桥区,23,21,2021-07-05 06:14:10.99
P3120000045,笛扬路7（福年大厦）停车场,柯桥区,22,16,2021-07-05 06:14:10.99
P3120000061,港越路2(精工2)停车场,柯桥区,21,20,2021-07-05 06:14:10.99
P3120000062,港越路1(步行街3)停车场,柯桥区,16,10,2021-07-05 06:14:10.99
P3120000064,港越路1(步行街2)停车场,柯桥区,26,18,2021-07-05 06:14:10.99
P3120000065,温渎路3停车场,柯桥区,11,11,2021-07-05 06:14:10.99
P3120000068,港越路3（精工）停车场,柯桥区,23,19,2021-07-05 06:14:10.99
P3120000018,黄社溇路1停车场,柯桥区,16,15,2021-07-05 06:24:08.48
P3120000028,鉴湖路1（锦江花园）停车场,柯桥区,29,24,2021-07-05 06:24:08.48
P3120000029,鉴湖路2（锦江花园）停车场,柯桥区,21,18,2021-07-05 06:24:08.48
P3120000038,港越路6停车场,柯桥区,16,14,2021-07-05 06:24:08.48
P3120000039,笛扬路1（世纪联华）停车场,柯桥区,31,22,2021-07-05 06:24:08.48
P3120000040,笛扬路2（广厦公寓）停车场,柯桥区,37,26,2021-07-05 06:24:08.48
P3120000042,笛扬路4（工商银行）停车场,柯桥区,23,20,2021-07-05 06:24:08.48
P3120000064,港越路1(步行街2)停车场,柯桥区,26,17,2021-07-05 06:24:08.48
P3120000029,鉴湖路2（锦江花园）停车场,柯桥区,21,20,2021-07-05 06:34:06.87
P3120000037,港越路5（温州饭滩）停车场,柯桥区,22,18,2021-07-05 06:34:06.87
P3120000038,港越路6停车场,柯桥区,16,15,2021-07-05 06:34:06.87
P3120000040,笛扬路2（广厦公寓）停车场,柯桥区,37,27,2021-07-05 06:34:06.87
P3120000042,笛扬路4（工商银行）停车场,柯桥区,23,21,2021-07-05 06:34:06.87
P3120000061,港越路2(精工2)停车场,柯桥区,21,21,2021-07-05 06:34:06.87
P3120000014,人和路停车场,柯桥区,19,17,2021-07-05 06:44:10.317
P3120000025,金杨路1（中医院）停车场,柯桥区,28,22,2021-07-05 06:44:10.317
P3120000027,金杨路3停车场,柯桥区,28,27,2021-07-05 06:44:10.317
P3120000028,鉴湖路1（锦江花园）停车场,柯桥区,29,25,2021-07-05 06:44:10.317
P3120000039,笛扬路1（世纪联华）停车场,柯桥区,31,26,2021-07-05 06:44:10.317
P3120000040,笛扬路2（广厦公寓）停车场,柯桥区,37,31,2021-07-05 06:44:10.317
P3120000042,笛扬路4（工商银行）停车场,柯桥区,23,19,2021-07-05 06:44:10.317
P3120000014,人和路停车场,柯桥区,19,18,2021-07-05 06:54:09.487
P3120000017,万家巷停车场,柯桥区,40,33,2021-07-05 06:54:09.487
P3120000025,金杨路1（中医院）停车场,柯桥区,28,24,2021-07-05 06:54:09.487
P3120000028,鉴湖路1（锦江花园）停车场,柯桥区,29,23,2021-07-05 06:54:09.487
P3120000029,鉴湖路2（锦江花园）停车场,柯桥区,21,19,2021-07-05 06:54:09.487
P3120000034,港越路2（精工）停车场,柯桥区,12,6,2021-07-05 06:54:09.487
P3120000036,港越路4（肯德基）停车场,柯桥区,21,18,2021-07-05 06:54:09.487
P3120000039,笛扬路1（世纪联华）停车场,柯桥区,31,27,2021-07-05 06:54:09.487
P3120000040,笛扬路2（广厦公寓）停车场,柯桥区,37,36,2021-07-05 06:54:09.487
P3120000042,笛扬路4（工商银行）停车场,柯桥区,23,21,2021-07-05 06:54:09.487
P3120000061,港越路2(精工2)停车场,柯桥区,21,14,2021-07-05 06:54:09.487
P3120000068,港越路3（精工）停车场,柯桥区,23,18,2021-07-05 06:54:09.487
P3120000014,人和路停车场,柯桥区,19,15,2021-07-05 07:04:10.577
P3120000015,温渎路1停车场,柯桥区,21,18,2021-07-05 07:04:10.577
P3120000017,万家巷停车场,柯桥区,40,28,2021-07-05 07:04:10.577
P3120000018,黄社溇路1停车场,柯桥区,16,14,2021-07-05 07:04:10.577
P3120000027,金杨路3停车场,柯桥区,28,13,2021-07-05 07:04:10.577
P3120000028,鉴湖路1（锦江花园）停车场,柯桥区,29,26,2021-07-05 07:04:10.577
P3120000029,鉴湖路2（锦江花园）停车场,柯桥区,21,20,2021-07-05 07:04:10.577
P3120000032,鉴湖路5（四大银行）停车场,柯桥区,16,15,2021-07-05 07:04:10.577
P3120000036,港越路4（肯德基）停车场,柯桥区,21,11,2021-07-05 07:04:10.577
P3120000037,港越路5（温州饭滩）停车场,柯桥区,22,20,2021-07-05 07:04:10.577
P3120000040,笛扬路2（广厦公寓）停车场,柯桥区,37,35,2021-07-05 07:04:10.577
P3120000041,笛扬路3（樱花电器）停车场,柯桥区,18,17,2021-07-05 07:04:10.577
P3120000042,笛扬路4（工商银行）停车场,柯桥区,23,19,2021-07-05 07:04:10.577
P3120000014,人和路停车场,柯桥区,19,10,2021-07-05 07:14:08.467
P3120000016,温渎路2停车场,柯桥区,15,11,2021-07-05 07:14:08.467
P3120000019,黄社溇路2停车场,柯桥区,18,17,2021-07-05 07:14:08.467
P3120000025,金杨路1（中医院）停车场,柯桥区,28,21,2021-07-05 07:14:08.467
P3120000027,金杨路3停车场,柯桥区,28,8,2021-07-05 07:14:08.467
P3120000028,鉴湖路1（锦江花园）停车场,柯桥区,29,14,2021-07-05 07:14:08.467
P3120000029,鉴湖路2（锦江花园）停车场,柯桥区,21,12,2021-07-05 07:14:08.467
P3120000032,鉴湖路5（四大银行）停车场,柯桥区,16,9,2021-07-05 07:14:08.467
P3120000033,港越路1(步行街1)停车场,柯桥区,14,7,2021-07-05 07:14:08.467
P3120000037,港越路5（温州饭滩）停车场,柯桥区,22,19,2021-07-05 07:14:08.467
P3120000039,笛扬路1（世纪联华）停车场,柯桥区,31,24,2021-07-05 07:14:08.467
P3120000041,笛扬路3（樱花电器）停车场,柯桥区,18,18,2021-07-05 07:14:08.467
P3120000045,笛扬路7（福年大厦）停车场,柯桥区,22,1,2021-07-05 07:14:08.467
P3120000062,港越路1(步行街3)停车场,柯桥区,16,6,2021-07-05 07:14:08.467
P3120000065,温渎路3停车场,柯桥区,11,9,2021-07-05 07:14:08.467
P3120000014,人和路停车场,柯桥区,19,9,2021-07-05 07:24:08.583
P3120000018,黄社溇路1停车场,柯桥区,16,15,2021-07-05 07:24:08.583
P3120000025,金杨路1（中医院）停车场,柯桥区,28,18,2021-07-05 07:24:08.583
P3120000027,金杨路3停车场,柯桥区,28,9,2021-07-05 07:24:08.583
P3120000028,鉴湖路1（锦江花园）停车场,柯桥区,29,16,2021-07-05 07:24:08.583
P3120000029,鉴湖路2（锦江花园）停车场,柯桥区,21,10,2021-07-05 07:24:08.583
P3120000032,鉴湖路5（四大银行）停车场,柯桥区,16,6,2021-07-05 07:24:08.583
P3120000039,笛扬路1（世纪联华）停车场,柯桥区,31,23,2021-07-05 07:24:08.583
P3120000040,笛扬路2（广厦公寓）停车场,柯桥区,37,28,2021-07-05 07:24:08.583
P3120000042,笛扬路4（工商银行）停车场,柯桥区,23,18,2021-07-05 07:24:08.583
P3120000062,港越路1(步行街3)停车场,柯桥区,16,7,2021-07-05 07:24:08.583
P3120000064,港越路1(步行街2)停车场,柯桥区,26,12,2021-07-05 07:24:08.583
P3120000065,温渎路3停车场,柯桥区,11,10,2021-07-05 07:24:08.583
P3120000068,港越路3（精工）停车场,柯桥区,23,17,2021-07-05 07:24:08.583
P3120000017,万家巷停车场,柯桥区,40,27,2021-07-05 07:34:11.287
P3120000018,黄社溇路1停车场,柯桥区,16,14,2021-07-05 07:34:11.287
P3120000019,黄社溇路2停车场,柯桥区,18,16,2021-07-05 07:34:11.287
P3120000036,港越路4（肯德基）停车场,柯桥区,21,7,2021-07-05 07:34:11.287
P3120000037,港越路5（温州饭滩）停车场,柯桥区,22,6,2021-07-05 07:34:11.287
P3120000038,港越路6停车场,柯桥区,16,14,2021-07-05 07:34:11.287
P3120000039,笛扬路1（世纪联华）停车场,柯桥区,31,25,2021-07-05 07:34:11.287
P3120000040,笛扬路2（广厦公寓）停车场,柯桥区,37,30,2021-07-05 07:34:11.287
P3120000042,笛扬路4（工商银行）停车场,柯桥区,23,19,2021-07-05 07:34:11.287
P3120000068,港越路3（精工）停车场,柯桥区,23,18,2021-07-05 07:34:11.287
P3120000015,温渎路1停车场,柯桥区,21,17,2021-07-05 07:44:10.087
P3120000018,黄社溇路1停车场,柯桥区,16,12,2021-07-05 07:44:10.087
P3120000019,黄社溇路2停车场,柯桥区,18,14,2021-07-05 07:44:10.087
P3120000025,金杨路1（中医院）停车场,柯桥区,28,17,2021-07-05 07:44:10.087
P3120000027,金杨路3停车场,柯桥区,28,10,2021-07-05 07:44:10.087
P3120000028,鉴湖路1（锦江花园）停车场,柯桥区,29,18,2021-07-05 07:44:10.087
P3120000029,鉴湖路2（锦江花园）停车场,柯桥区,21,9,2021-07-05 07:44:10.087
P3120000033,港越路1(步行街1)停车场,柯桥区,14,8,2021-07-05 07:44:10.087
P3120000034,港越路2（精工）停车场,柯桥区,12,7,2021-07-05 07:44:10.087
P3120000036,港越路4（肯德基）停车场,柯桥区,21,6,2021-07-05 07:44:10.087
P3120000037,港越路5（温州饭滩）停车场,柯桥区,22,2,2021-07-05 07:44:10.087
P3120000038,港越路6停车场,柯桥区,16,13,2021-07-05 07:44:10.087
P3120000040,笛扬路2（广厦公寓）停车场,柯桥区,37,29,2021-07-05 07:44:10.087
P3120000041,笛扬路3（樱花电器）停车场,柯桥区,18,17,2021-07-05 07:44:10.087
P3120000045,笛扬路7（福年大厦）停车场,柯桥区,22,2,2021-07-05 07:44:10.087
P3120000068,港越路3（精工）停车场,柯桥区,23,17,2021-07-05 07:44:10.087
P3120000014,人和路停车场,柯桥区,19,10,2021-07-05 07:54:10.017
P3120000015,温渎路1停车场,柯桥区,21,15,2021-07-05 07:54:10.017
P3120000017,万家巷停车场,柯桥区,40,26,2021-07-05 07:54:10.017
P3120000018,黄社溇路1停车场,柯桥区,16,10,2021-07-05 07:54:10.017
P3120000019,黄社溇路2停车场,柯桥区,18,13,2021-07-05 07:54:10.017
P3120000025,金杨路1（中医院）停车场,柯桥区,28,19,2021-07-05 07:54:10.017
P3120000028,鉴湖路1（锦江花园）停车场,柯桥区,29,16,2021-07-05 07:54:10.017
P3120000036,港越路4（肯德基）停车场,柯桥区,21,7,2021-07-05 07:54:10.017
P3120000037,港越路5（温州饭滩）停车场,柯桥区,22,3,2021-07-05 07:54:10.017
P3120000039,笛扬路1（世纪联华）停车场,柯桥区,31,24,2021-07-05 07:54:10.017
P3120000040,笛扬路2（广厦公寓）停车场,柯桥区,37,30,2021-07-05 07:54:10.017
P3120000061,港越路2(精工2)停车场,柯桥区,21,15,2021-07-05 07:54:10.017
P3120000064,港越路1(步行街2)停车场,柯桥区,26,14,2021-07-05 07:54:10.017
P3120000014,人和路停车场,柯桥区,19,12,2021-07-05 08:04:09.6
P3120000015,温渎路1停车场,柯桥区,21,17,2021-07-05 08:04:09.6
P3120000016,温渎路2停车场,柯桥区,15,12,2021-07-05 08:04:09.6
P3120000017,万家巷停车场,柯桥区,40,24,2021-07-05 08:04:09.6
P3120000018,黄社溇路1停车场,柯桥区,16,7,2021-07-05 08:04:09.6
P3120000025,金杨路1（中医院）停车场,柯桥区,28,18,2021-07-05 08:04:09.6
P3120000028,鉴湖路1（锦江花园）停车场,柯桥区,29,18,2021-07-05 08:04:09.6
P3120000029,鉴湖路2（锦江花园）停车场,柯桥区,21,12,2021-07-05 08:04:09.6
P3120000030,鉴湖路3停车场,柯桥区,12,7,2021-07-05 08:04:09.6
P3120000032,鉴湖路5（四大银行）停车场,柯桥区,16,7,2021-07-05 08:04:09.6
P3120000033,港越路1(步行街1)停车场,柯桥区,14,7,2021-07-05 08:04:09.6
P3120000036,港越路4（肯德基）停车场,柯桥区,21,5,2021-07-05 08:04:09.6
P3120000037,港越路5（温州饭滩）停车场,柯桥区,22,2,2021-07-05 08:04:09.6
P3120000040,笛扬路2（广厦公寓）停车场,柯桥区,37,32,2021-07-05 08:04:09.6
P3120000042,笛扬路4（工商银行）停车场,柯桥区,23,18,2021-07-05 08:04:09.6
P3120000045,笛扬路7（福年大厦）停车场,柯桥区,22,3,2021-07-05 08:04:09.6
P3120000061,港越路2(精工2)停车场,柯桥区,21,16,2021-07-05 08:04:09.6
P3120000062,港越路1(步行街3)停车场,柯桥区,16,8,2021-07-05 08:04:09.6
P3120000014,人和路停车场,柯桥区,19,14,2021-07-05 08:14:10.0
P3120000017,万家巷停车场,柯桥区,40,23,2021-07-05 08:14:10.0
P3120000018,黄社溇路1停车场,柯桥区,16,10,2021-07-05 08:14:10.0
P3120000025,金杨路1（中医院）停车场,柯桥区,28,16,2021-07-05 08:14:10.0
P3120000028,鉴湖路1（锦江花园）停车场,柯桥区,29,19,2021-07-05 08:14:10.0
P3120000032,鉴湖路5（四大银行）停车场,柯桥区,16,4,2021-07-05 08:14:10.0
P3120000034,港越路2（精工）停车场,柯桥区,12,8,2021-07-05 08:14:10.0
P3120000037,港越路5（温州饭滩）停车场,柯桥区,22,1,2021-07-05 08:14:10.0
P3120000040,笛扬路2（广厦公寓）停车场,柯桥区,37,31,2021-07-05 08:14:10.0
P3120000041,笛扬路3（樱花电器）停车场,柯桥区,18,16,2021-07-05 08:14:10.0
P3120000042,笛扬路4（工商银行）停车场,柯桥区,23,19,2021-07-05 08:14:10.0
P3120000045,笛扬路7（福年大厦）停车场,柯桥区,22,4,2021-07-05 08:14:10.0
P3120000065,温渎路3停车场,柯桥区,11,9,2021-07-05 08:14:10.0
P3120000068,港越路3（精工）停车场,柯桥区,23,16,2021-07-05 08:14:10.0
P3120000014,人和路停车场,柯桥区,19,15,2021-07-05 08:24:09.167
P3120000017,万家巷停车场,柯桥区,40,25,2021-07-05 08:24:09.167
P3120000018,黄社溇路1停车场,柯桥区,16,12,2021-07-05 08:24:09.167
P3120000019,黄社溇路2停车场,柯桥区,18,12,2021-07-05 08:24:09.167
P3120000025,金杨路1（中医院）停车场,柯桥区,28,19,2021-07-05 08:24:09.167
P3120000028,鉴湖路1（锦江花园）停车场,柯桥区,29,20,2021-07-05 08:24:09.167
P3120000033,港越路1(步行街1)停车场,柯桥区,14,8,2021-07-05 08:24:09.167
P3120000036,港越路4（肯德基）停车场,柯桥区,21,7,2021-07-05 08:24:09.167
P3120000037,港越路5（温州饭滩）停车场,柯桥区,22,2,2021-07-05 08:24:09.167
P3120000038,港越路6停车场,柯桥区,16,11,2021-07-05 08:24:09.167
P3120000039,笛扬路1（世纪联华）停车场,柯桥区,31,23,2021-07-05 08:24:09.167
P3120000040,笛扬路2（广厦公寓）停车场,柯桥区,37,26,2021-07-05 08:24:09.167
P3120000042,笛扬路4（工商银行）停车场,柯桥区,23,18,2021-07-05 08:24:09.167
P3120000061,港越路2(精工2)停车场,柯桥区,21,15,2021-07-05 08:24:09.167
P3120000062,港越路1(步行街3)停车场,柯桥区,16,7,2021-07-05 08:24:09.167
P3120000016,温渎路2停车场,柯桥区,15,11,2021-07-05 08:34:11.26
P3120000017,万家巷停车场,柯桥区,40,21,2021-07-05 08:34:11.26
P3120000018,黄社溇路1停车场,柯桥区,16,14,2021-07-05 08:34:11.26
P3120000027,金杨路3停车场,柯桥区,28,9,2021-07-05 08:34:11.26
P3120000028,鉴湖路1（锦江花园）停车场,柯桥区,29,16,2021-07-05 08:34:11.26
P3120000029,鉴湖路2（锦江花园）停车场,柯桥区,21,9,2021-07-05 08:34:11.26
P3120000032,鉴湖路5（四大银行）停车场,柯桥区,16,5,2021-07-05 08:34:11.26
P3120000033,港越路1(步行街1)停车场,柯桥区,14,7,2021-07-05 08:34:11.26
P3120000037,港越路5（温州饭滩）停车场,柯桥区,22,1,2021-07-05 08:34:11.26
P3120000038,港越路6停车场,柯桥区,16,12,2021-07-05 08:34:11.26
P3120000040,笛扬路2（广厦公寓）停车场,柯桥区,37,27,2021-07-05 08:34:11.26
P3120000041,笛扬路3（樱花电器）停车场,柯桥区,18,17,2021-07-05 08:34:11.26
P3120000042,笛扬路4（工商银行）停车场,柯桥区,23,17,2021-07-05 08:34:11.26
P3120000045,笛扬路7（福年大厦）停车场,柯桥区,22,5,2021-07-05 08:34:11.26
P3120000061,港越路2(精工2)停车场,柯桥区,21,16,2021-07-05 08:34:11.26
P3120000014,人和路停车场,柯桥区,19,14,2021-07-05 08:44:09.507
P3120000015,温渎路1停车场,柯桥区,21,18,2021-07-05 08:44:09.507
P3120000016,温渎路2停车场,柯桥区,15,10,2021-07-05 08:44:09.507
P3120000017,万家巷停车场,柯桥区,40,20,2021-07-05 08:44:09.507
P3120000019,黄社溇路2停车场,柯桥区,18,13,2021-07-05 08:44:09.507
P3120000027,金杨路3停车场,柯桥区,28,10,2021-07-05 08:44:09.507
P3120000029,鉴湖路2（锦江花园）停车场,柯桥区,21,12,2021-07-05 08:44:09.507
P3120000033,港越路1(步行街1)停车场,柯桥区,14,8,2021-07-05 08:44:09.507
P3120000036,港越路4（肯德基）停车场,柯桥区,21,6,2021-07-05 08:44:09.507
P3120000040,笛扬路2（广厦公寓）停车场,柯桥区,37,29,2021-07-05 08:44:09.507
P3120000042,笛扬路4（工商银行）停车场,柯桥区,23,18,2021-07-05 08:44:09.507
P3120000045,笛扬路7（福年大厦）停车场,柯桥区,22,6,2021-07-05 08:44:09.507
P3120000064,港越路1(步行街2)停车场,柯桥区,26,12,2021-07-05 08:44:09.507
P3120000068,港越路3（精工）停车场,柯桥区,23,14,2021-07-05 08:44:09.507
P3120000015,温渎路1停车场,柯桥区,21,17,2021-07-05 08:54:09.503
P3120000016,温渎路2停车场,柯桥区,15,11,2021-07-05 08:54:09.503
P3120000017,万家巷停车场,柯桥区,40,19,2021-07-05 08:54:09.503
P3120000018,黄社溇路1停车场,柯桥区,16,13,2021-07-05 08:54:09.503
P3120000025,金杨路1（中医院）停车场,柯桥区,28,21,2021-07-05 08:54:09.503
P3120000027,金杨路3停车场,柯桥区,28,9,2021-07-05 08:54:09.503
P3120000028,鉴湖路1（锦江花园）停车场,柯桥区,29,19,2021-07-05 08:54:09.503
P3120000029,鉴湖路2（锦江花园）停车场,柯桥区,21,13,2021-07-05 08:54:09.503
P3120000030,鉴湖路3停车场,柯桥区,12,9,2021-07-05 08:54:09.503
P3120000032,鉴湖路5（四大银行）停车场,柯桥区,16,3,2021-07-05 08:54:09.503
P3120000033,港越路1(步行街1)停车场,柯桥区,14,9,2021-07-05 08:54:09.503
P3120000036,港越路4（肯德基）停车场,柯桥区,21,3,2021-07-05 08:54:09.503
P3120000037,港越路5（温州饭滩）停车场,柯桥区,22,2,2021-07-05 08:54:09.503
P3120000038,港越路6停车场,柯桥区,16,11,2021-07-05 08:54:09.503
P3120000040,笛扬路2（广厦公寓）停车场,柯桥区,37,27,2021-07-05 08:54:09.503
P3120000042,笛扬路4（工商银行）停车场,柯桥区,23,19,2021-07-05 08:54:09.503
P3120000045,笛扬路7（福年大厦）停车场,柯桥区,22,3,2021-07-05 08:54:09.503
P3120000061,港越路2(精工2)停车场,柯桥区,21,17,2021-07-05 08:54:09.503
P3120000065,温渎路3停车场,柯桥区,11,7,2021-07-05 08:54:09.503
P3120000014,人和路停车场,柯桥区,19,17,2021-07-05 09:04:10.407
P3120000016,温渎路2停车场,柯桥区,15,9,2021-07-05 09:04:10.407
P3120000017,万家巷停车场,柯桥区,40,17,2021-07-05 09:04:10.407
P3120000027,金杨路3停车场,柯桥区,28,8,2021-07-05 09:04:10.407
P3120000029,鉴湖路2（锦江花园）停车场,柯桥区,21,12,2021-07-05 09:04:10.407
P3120000030,鉴湖路3停车场,柯桥区,12,8,2021-07-05 09:04:10.407
P3120000036,港越路4（肯德基）停车场,柯桥区,21,4,2021-07-05 09:04:10.407
P3120000037,港越路5（温州饭滩）停车场,柯桥区,22,3,2021-07-05 09:04:10.407
P3120000038,港越路6停车场,柯桥区,16,13,2021-07-05 09:04:10.407
P3120000039,笛扬路1（世纪联华）停车场,柯桥区,31,22,2021-07-05 09:04:10.407
P3120000040,笛扬路2（广厦公寓）停车场,柯桥区,37,25,2021-07-05 09:04:10.407
P3120000041,笛扬路3（樱花电器）停车场,柯桥区,18,16,2021-07-05 09:04:10.407
P3120000042,笛扬路4（工商银行）停车场,柯桥区,23,20,2021-07-05 09:04:10.407
P3120000064,港越路1(步行街2)停车场,柯桥区,26,13,2021-07-05 09:04:10.407
P3120000065,温渎路3停车场,柯桥区,11,8,2021-07-05 09:04:10.407
P3120000068,港越路3（精工）停车场,柯桥区,23,12,2021-07-05 09:04:10.407
P3120000015,温渎路1停车场,柯桥区,21,19,2021-07-05 09:14:10.293
P3120000016,温渎路2停车场,柯桥区,15,10,2021-07-05 09:14:10.293
P3120000017,万家巷停车场,柯桥区,40,18,2021-07-05 09:14:10.293
P3120000018,黄社溇路1停车场,柯桥区,16,11,2021-07-05 09:14:10.293
P3120000019,黄社溇路2停车场,柯桥区,18,14,2021-07-05 09:14:10.293
P3120000025,金杨路1（中医院）停车场,柯桥区,28,19,2021-07-05 09:14:10.293
P3120000027,金杨路3停车场,柯桥区,28,7,2021-07-05 09:14:10.293
P3120000028,鉴湖路1（锦江花园）停车场,柯桥区,29,22,2021-07-05 09:14:10.293
P3120000029,鉴湖路2（锦江花园）停车场,柯桥区,21,14,2021-07-05 09:14:10.293
P3120000033,港越路1(步行街1)停车场,柯桥区,14,4,2021-07-05 09:14:10.293
P3120000036,港越路4（肯德基）停车场,柯桥区,21,3,2021-07-05 09:14:10.293
P3120000037,港越路5（温州饭滩）停车场,柯桥区,22,1,2021-07-05 09:14:10.293
P3120000038,港越路6停车场,柯桥区,16,11,2021-07-05 09:14:10.293
P3120000039,笛扬路1（世纪联华）停车场,柯桥区,31,20,2021-07-05 09:14:10.293
P3120000040,笛扬路2（广厦公寓）停车场,柯桥区,37,27,2021-07-05 09:14:10.293
P3120000041,笛扬路3（樱花电器）停车场,柯桥区,18,15,2021-07-05 09:14:10.293
P3120000042,笛扬路4（工商银行）停车场,柯桥区,23,17,2021-07-05 09:14:10.293
P3120000061,港越路2(精工2)停车场,柯桥区,21,18,2021-07-05 09:14:10.293
P3120000062,港越路1(步行街3)停车场,柯桥区,16,9,2021-07-05 09:14:10.293
P3120000064,港越路1(步行街2)停车场,柯桥区,26,11,2021-07-05 09:14:10.293
P3120000065,温渎路3停车场,柯桥区,11,6,2021-07-05 09:14:10.293
P3120000068,港越路3（精工）停车场,柯桥区,23,11,2021-07-05 09:14:10.293
P3120000017,万家巷停车场,柯桥区,40,16,2021-07-05 09:24:08.203
P3120000018,黄社溇路1停车场,柯桥区,16,13,2021-07-05 09:24:08.203
P3120000019,黄社溇路2停车场,柯桥区,18,11,2021-07-05 09:24:08.203
P3120000025,金杨路1（中医院）停车场,柯桥区,28,24,2021-07-05 09:24:08.203
P3120000027,金杨路3停车场,柯桥区,28,9,2021-07-05 09:24:08.203
P3120000028,鉴湖路1（锦江花园）停车场,柯桥区,29,24,2021-07-05 09:24:08.203
P3120000032,鉴湖路5（四大银行）停车场,柯桥区,16,2,2021-07-05 09:24:08.203
P3120000033,港越路1(步行街1)停车场,柯桥区,14,7,2021-07-05 09:24:08.203
P3120000036,港越路4（肯德基）停车场,柯桥区,21,2,2021-07-05 09:24:08.203
P3120000037,港越路5（温州饭滩）停车场,柯桥区,22,2,2021-07-05 09:24:08.203
P3120000038,港越路6停车场,柯桥区,16,12,2021-07-05 09:24:08.203
P3120000040,笛扬路2（广厦公寓）停车场,柯桥区,37,28,2021-07-05 09:24:08.203
P3120000041,笛扬路3（樱花电器）停车场,柯桥区,18,16,2021-07-05 09:24:08.203
P3120000045,笛扬路7（福年大厦）停车场,柯桥区,22,1,2021-07-05 09:24:08.203
P3120000062,港越路1(步行街3)停车场,柯桥区,16,8,2021-07-05 09:24:08.203
P3120000064,港越路1(步行街2)停车场,柯桥区,26,15,2021-07-05 09:24:08.203
P3120000065,温渎路3停车场,柯桥区,11,7,2021-07-05 09:24:08.203
P3120000068,港越路3（精工）停车场,柯桥区,23,9,2021-07-05 09:24:08.203
P3120000017,万家巷停车场,柯桥区,40,17,2021-07-05 09:34:07.43
P3120000018,黄社溇路1停车场,柯桥区,16,12,2021-07-05 09:34:07.43
P3120000019,黄社溇路2停车场,柯桥区,18,12,2021-07-05 09:34:07.43
P3120000025,金杨路1（中医院）停车场,柯桥区,28,22,2021-07-05 09:34:07.43
P3120000027,金杨路3停车场,柯桥区,28,10,2021-07-05 09:34:07.43
P3120000028,鉴湖路1（锦江花园）停车场,柯桥区,29,23,2021-07-05 09:34:07.43
P3120000030,鉴湖路3停车场,柯桥区,12,7,2021-07-05 09:34:07.43
P3120000032,鉴湖路5（四大银行）停车场,柯桥区,16,3,2021-07-05 09:34:07.43
P3120000033,港越路1(步行街1)停车场,柯桥区,14,8,2021-07-05 09:34:07.43
P3120000038,港越路6停车场,柯桥区,16,11,2021-07-05 09:34:07.43
P3120000039,笛扬路1（世纪联华）停车场,柯桥区,31,18,2021-07-05 09:34:07.43
P3120000040,笛扬路2（广厦公寓）停车场,柯桥区,37,26,2021-07-05 09:34:07.43
P3120000041,笛扬路3（樱花电器）停车场,柯桥区,18,15,2021-07-05 09:34:07.43
P3120000045,笛扬路7（福年大厦）停车场,柯桥区,22,2,2021-07-05 09:34:07.43
P3120000064,港越路1(步行街2)停车场,柯桥区,26,14,2021-07-05 09:34:07.43
P3120000068,港越路3（精工）停车场,柯桥区,23,8,2021-07-05 09:34:07.43
P3120000014,人和路停车场,柯桥区,19,18,2021-07-05 09:44:10.62
P3120000016,温渎路2停车场,柯桥区,15,8,2021-07-05 09:44:10.62
P3120000017,万家巷停车场,柯桥区,40,16,2021-07-05 09:44:10.62
P3120000018,黄社溇路1停车场,柯桥区,16,11,2021-07-05 09:44:10.62
P3120000027,金杨路3停车场,柯桥区,28,12,2021-07-05 09:44:10.62
P3120000028,鉴湖路1（锦江花园）停车场,柯桥区,29,22,2021-07-05 09:44:10.62
P3120000029,鉴湖路2（锦江花园）停车场,柯桥区,21,12,2021-07-05 09:44:10.62
P3120000030,鉴湖路3停车场,柯桥区,12,8,2021-07-05 09:44:10.62
P3120000032,鉴湖路5（四大银行）停车场,柯桥区,16,2,2021-07-05 09:44:10.62
P3120000036,港越路4（肯德基）停车场,柯桥区,21,3,2021-07-05 09:44:10.62
P3120000038,港越路6停车场,柯桥区,16,9,2021-07-05 09:44:10.62
P3120000039,笛扬路1（世纪联华）停车场,柯桥区,31,17,2021-07-05 09:44:10.62
P3120000040,笛扬路2（广厦公寓）停车场,柯桥区,37,27,2021-07-05 09:44:10.62
P3120000041,笛扬路3（樱花电器）停车场,柯桥区,18,14,2021-07-05 09:44:10.62
P3120000045,笛扬路7（福年大厦）停车场,柯桥区,22,1,2021-07-05 09:44:10.62
P3120000064,港越路1(步行街2)停车场,柯桥区,26,13,2021-07-05 09:44:10.62
P3120000065,温渎路3停车场,柯桥区,11,9,2021-07-05 09:44:10.62
P3120000068,港越路3（精工）停车场,柯桥区,23,11,2021-07-05 09:44:10.62
P3120000016,温渎路2停车场,柯桥区,15,9,2021-07-05 09:54:11.347
P3120000017,万家巷停车场,柯桥区,40,17,2021-07-05 09:54:11.347
P3120000018,黄社溇路1停车场,柯桥区,16,10,2021-07-05 09:54:11.347
P3120000025,金杨路1（中医院）停车场,柯桥区,28,23,2021-07-05 09:54:11.347
P3120000028,鉴湖路1（锦江花园）停车场,柯桥区,29,19,2021-07-05 09:54:11.347
P3120000029,鉴湖路2（锦江花园）停车场,柯桥区,21,9,2021-07-05 09:54:11.347
P3120000030,鉴湖路3停车场,柯桥区,12,7,2021-07-05 09:54:11.347
P3120000032,鉴湖路5（四大银行）停车场,柯桥区,16,3,2021-07-05 09:54:11.347
P3120000033,港越路1(步行街1)停车场,柯桥区,14,7,2021-07-05 09:54:11.347
P3120000038,港越路6停车场,柯桥区,16,12,2021-07-05 09:54:11.347
P3120000040,笛扬路2（广厦公寓）停车场,柯桥区,37,28,2021-07-05 09:54:11.347
P3120000041,笛扬路3（樱花电器）停车场,柯桥区,18,16,2021-07-05 09:54:11.347
P3120000042,笛扬路4（工商银行）停车场,柯桥区,23,18,2021-07-05 09:54:11.347
P3120000045,笛扬路7（福年大厦）停车场,柯桥区,22,4,2021-07-05 09:54:11.347
P3120000068,港越路3（精工）停车场,柯桥区,23,10,2021-07-05 09:54:11.347
P3120000015,温渎路1停车场,柯桥区,21,20,2021-07-05 10:04:08.617
P3120000025,金杨路1（中医院）停车场,柯桥区,28,21,2021-07-05 10:04:08.617
P3120000027,金杨路3停车场,柯桥区,28,11,2021-07-05 10:04:08.617
P3120000028,鉴湖路1（锦江花园）停车场,柯桥区,29,21,2021-07-05 10:04:08.617
P3120000029,鉴湖路2（锦江花园）停车场,柯桥区,21,12,2021-07-05 10:04:08.617
P3120000030,鉴湖路3停车场,柯桥区,12,8,2021-07-05 10:04:08.617
P3120000032,鉴湖路5（四大银行）停车场,柯桥区,16,7,2021-07-05 10:04:08.617
P3120000033,港越路1(步行街1)停车场,柯桥区,14,8,2021-07-05 10:04:08.617
P3120000036,港越路4（肯德基）停车场,柯桥区,21,5,2021-07-05 10:04:08.617
P3120000038,港越路6停车场,柯桥区,16,9,2021-07-05 10:04:08.617
P3120000042,笛扬路4（工商银行）停车场,柯桥区,23,20,2021-07-05 10:04:08.617
P3120000045,笛扬路7（福年大厦）停车场,柯桥区,22,2,2021-07-05 10:04:08.617
P3120000061,港越路2(精工2)停车场,柯桥区,21,17,2021-07-05 10:04:08.617
P3120000062,港越路1(步行街3)停车场,柯桥区,16,9,2021-07-05 10:04:08.617
P3120000065,温渎路3停车场,柯桥区,11,8,2021-07-05 10:04:08.617
P3120000068,港越路3（精工）停车场,柯桥区,23,14,2021-07-05 10:04:08.617
P3120000018,黄社溇路1停车场,柯桥区,16,8,2021-07-05 10:14:10.53
P3120000019,黄社溇路2停车场,柯桥区,18,11,2021-07-05 10:14:10.53
P3120000025,金杨路1（中医院）停车场,柯桥区,28,22,2021-07-05 10:14:10.53
P3120000029,鉴湖路2（锦江花园）停车场,柯桥区,21,10,2021-07-05 10:14:10.53
P3120000032,鉴湖路5（四大银行）停车场,柯桥区,16,4,2021-07-05 10:14:10.53
P3120000033,港越路1(步行街1)停车场,柯桥区,14,7,2021-07-05 10:14:10.53
P3120000034,港越路2（精工）停车场,柯桥区,12,7,2021-07-05 10:14:10.53
P3120000036,港越路4（肯德基）停车场,柯桥区,21,6,2021-07-05 10:14:10.53
P3120000037,港越路5（温州饭滩）停车场,柯桥区,22,3,2021-07-05 10:14:10.53
P3120000040,笛扬路2（广厦公寓）停车场,柯桥区,37,26,2021-07-05 10:14:10.53
P3120000041,笛扬路3（樱花电器）停车场,柯桥区,18,17,2021-07-05 10:14:10.53
P3120000042,笛扬路4（工商银行）停车场,柯桥区,23,19,2021-07-05 10:14:10.53
P3120000045,笛扬路7（福年大厦）停车场,柯桥区,22,0,2021-07-05 10:14:10.53
P3120000061,港越路2(精工2)停车场,柯桥区,21,19,2021-07-05 10:14:10.53
P3120000062,港越路1(步行街3)停车场,柯桥区,16,11,2021-07-05 10:14:10.53
P3120000064,港越路1(步行街2)停车场,柯桥区,26,12,2021-07-05 10:14:10.53
P3120000065,温渎路3停车场,柯桥区,11,7,2021-07-05 10:14:10.53
P3120000068,港越路3（精工）停车场,柯桥区,23,12,2021-07-05 10:14:10.53
P3120000014,人和路停车场,柯桥区,19,17,2021-07-05 10:24:10.733
P3120000017,万家巷停车场,柯桥区,40,18,2021-07-05 10:24:10.733
P3120000018,黄社溇路1停车场,柯桥区,16,4,2021-07-05 10:24:10.733
P3120000019,黄社溇路2停车场,柯桥区,18,14,2021-07-05 10:24:10.733
P3120000027,金杨路3停车场,柯桥区,28,15,2021-07-05 10:24:10.733
P3120000028,鉴湖路1（锦江花园）停车场,柯桥区,29,17,2021-07-05 10:24:10.733
P3120000029,鉴湖路2（锦江花园）停车场,柯桥区,21,11,2021-07-05 10:24:10.733
P3120000030,鉴湖路3停车场,柯桥区,12,7,2021-07-05 10:24:10.733
P3120000032,鉴湖路5（四大银行）停车场,柯桥区,16,3,2021-07-05 10:24:10.733
P3120000033,港越路1(步行街1)停车场,柯桥区,14,6,2021-07-05 10:24:10.733
P3120000036,港越路4（肯德基）停车场,柯桥区,21,4,2021-07-05 10:24:10.733
P3120000037,港越路5（温州饭滩）停车场,柯桥区,22,1,2021-07-05 10:24:10.733
P3120000038,港越路6停车场,柯桥区,16,7,2021-07-05 10:24:10.733
P3120000039,笛扬路1（世纪联华）停车场,柯桥区,31,18,2021-07-05 10:24:10.733
P3120000040,笛扬路2（广厦公寓）停车场,柯桥区,37,24,2021-07-05 10:24:10.733
P3120000041,笛扬路3（樱花电器）停车场,柯桥区,18,18,2021-07-05 10:24:10.733
P3120000042,笛扬路4（工商银行）停车场,柯桥区,23,18,2021-07-05 10:24:10.733
P3120000061,港越路2(精工2)停车场,柯桥区,21,18,2021-07-05 10:24:10.733
P3120000064,港越路1(步行街2)停车场,柯桥区,26,13,2021-07-05 10:24:10.733
P3120000065,温渎路3停车场,柯桥区,11,9,2021-07-05 10:24:10.733
P3120000068,港越路3（精工）停车场,柯桥区,23,10,2021-07-05 10:24:10.733
P3120000017,万家巷停车场,柯桥区,40,17,2021-07-05 10:34:08.863
P3120000018,黄社溇路1停车场,柯桥区,16,3,2021-07-05 10:34:08.863
P3120000025,金杨路1（中医院）停车场,柯桥区,28,23,2021-07-05 10:34:08.863
P3120000028,鉴湖路1（锦江花园）停车场,柯桥区,29,24,2021-07-05 10:34:08.863
P3120000029,鉴湖路2（锦江花园）停车场,柯桥区,21,12,2021-07-05 10:34:08.863
P3120000030,鉴湖路3停车场,柯桥区,12,8,2021-07-05 10:34:08.863
P3120000032,鉴湖路5（四大银行）停车场,柯桥区,16,2,2021-07-05 10:34:08.863
P3120000033,港越路1(步行街1)停车场,柯桥区,14,8,2021-07-05 10:34:08.863
P3120000038,港越路6停车场,柯桥区,16,5,2021-07-05 10:34:08.863
P3120000039,笛扬路1（世纪联华）停车场,柯桥区,31,17,2021-07-05 10:34:08.863
P3120000040,笛扬路2（广厦公寓）停车场,柯桥区,37,26,2021-07-05 10:34:08.863
P3120000045,笛扬路7（福年大厦）停车场,柯桥区,22,3,2021-07-05 10:34:08.863
P3120000062,港越路1(步行街3)停车场,柯桥区,16,10,2021-07-05 10:34:08.863
P3120000065,温渎路3停车场,柯桥区,11,8,2021-07-05 10:34:08.863
P3120000068,港越路3（精工）停车场,柯桥区,23,7,2021-07-05 10:34:08.863
P3120000015,温渎路1停车场,柯桥区,21,19,2021-07-05 10:44:10.023
P3120000016,温渎路2停车场,柯桥区,15,10,2021-07-05 10:44:10.023
P3120000017,万家巷停车场,柯桥区,40,18,2021-07-05 10:44:10.023
P3120000018,黄社溇路1停车场,柯桥区,16,2,2021-07-05 10:44:10.023
P3120000019,黄社溇路2停车场,柯桥区,18,12,2021-07-05 10:44:10.023
P3120000025,金杨路1（中医院）停车场,柯桥区,28,24,2021-07-05 10:44:10.023
P3120000027,金杨路3停车场,柯桥区,28,13,2021-07-05 10:44:10.023
P3120000029,鉴湖路2（锦江花园）停车场,柯桥区,21,13,2021-07-05 10:44:10.023
P3120000030,鉴湖路3停车场,柯桥区,12,6,2021-07-05 10:44:10.023
P3120000032,鉴湖路5（四大银行）停车场,柯桥区,16,3,2021-07-05 10:44:10.023
P3120000036,港越路4（肯德基）停车场,柯桥区,21,3,2021-07-05 10:44:10.023
P3120000038,港越路6停车场,柯桥区,16,7,2021-07-05 10:44:10.023
P3120000040,笛扬路2（广厦公寓）停车场,柯桥区,37,24,2021-07-05 10:44:10.023
P3120000045,笛扬路7（福年大厦）停车场,柯桥区,22,1,2021-07-05 10:44:10.023
P3120000061,港越路2(精工2)停车场,柯桥区,21,19,2021-07-05 10:44:10.023
P3120000065,温渎路3停车场,柯桥区,11,6,2021-07-05 10:44:10.023
P3120000068,港越路3（精工）停车场,柯桥区,23,8,2021-07-05 10:44:10.023
P3120000014,人和路停车场,柯桥区,19,18,2021-07-05 10:54:12.28
P3120000015,温渎路1停车场,柯桥区,21,18,2021-07-05 10:54:12.28
P3120000016,温渎路2停车场,柯桥区,15,11,2021-07-05 10:54:12.28
P3120000017,万家巷停车场,柯桥区,40,20,2021-07-05 10:54:12.28
P3120000018,黄社溇路1停车场,柯桥区,16,5,2021-07-05 10:54:12.28
P3120000019,黄社溇路2停车场,柯桥区,18,11,2021-07-05 10:54:12.28
P3120000025,金杨路1（中医院）停车场,柯桥区,28,23,2021-07-05 10:54:12.28
P3120000027,金杨路3停车场,柯桥区,28,14,2021-07-05 10:54:12.28
P3120000032,鉴湖路5（四大银行）停车场,柯桥区,16,4,2021-07-05 10:54:12.28
P3120000033,港越路1(步行街1)停车场,柯桥区,14,7,2021-07-05 10:54:12.28
P3120000036,港越路4（肯德基）停车场,柯桥区,21,2,2021-07-05 10:54:12.28
P3120000040,笛扬路2（广厦公寓）停车场,柯桥区,37,29,2021-07-05 10:54:12.28
P3120000042,笛扬路4（工商银行）停车场,柯桥区,23,19,2021-07-05 10:54:12.28
P3120000045,笛扬路7（福年大厦）停车场,柯桥区,22,2,2021-07-05 10:54:12.28
P3120000061,港越路2(精工2)停车场,柯桥区,21,18,2021-07-05 10:54:12.28
P3120000062,港越路1(步行街3)停车场,柯桥区,16,11,2021-07-05 10:54:12.28
P3120000064,港越路1(步行街2)停车场,柯桥区,26,16,2021-07-05 10:54:12.28
P3120000065,温渎路3停车场,柯桥区,11,5,2021-07-05 10:54:12.28
P3120000068,港越路3（精工）停车场,柯桥区,23,11,2021-07-05 10:54:12.28
P3120000015,温渎路1停车场,柯桥区,21,17,2021-07-05 11:04:09.98
P3120000019,黄社溇路2停车场,柯桥区,18,9,2021-07-05 11:04:09.98
P3120000025,金杨路1（中医院）停车场,柯桥区,28,25,2021-07-05 11:04:09.98
P3120000027,金杨路3停车场,柯桥区,28,13,2021-07-05 11:04:09.98
P3120000028,鉴湖路1（锦江花园）停车场,柯桥区,29,25,2021-07-05 11:04:09.98
P3120000029,鉴湖路2（锦江花园）停车场,柯桥区,21,15,2021-07-05 11:04:09.98
P3120000032,鉴湖路5（四大银行）停车场,柯桥区,16,5,2021-07-05 11:04:09.98
P3120000033,港越路1(步行街1)停车场,柯桥区,14,6,2021-07-05 11:04:09.98
P3120000038,港越路6停车场,柯桥区,16,9,2021-07-05 11:04:09.98
P3120000039,笛扬路1（世纪联华）停车场,柯桥区,31,15,2021-07-05 11:04:09.98
P3120000040,笛扬路2（广厦公寓）停车场,柯桥区,37,26,2021-07-05 11:04:09.98
P3120000041,笛扬路3（樱花电器）停车场,柯桥区,18,17,2021-07-05 11:04:09.98
P3120000042,笛扬路4（工商银行）停车场,柯桥区,23,16,2021-07-05 11:04:09.98
P3120000045,笛扬路7（福年大厦）停车场,柯桥区,22,4,2021-07-05 11:04:09.98
P3120000061,港越路2(精工2)停车场,柯桥区,21,17,2021-07-05 11:04:09.98
P3120000064,港越路1(步行街2)停车场,柯桥区,26,14,2021-07-05 11:04:09.98
P3120000065,温渎路3停车场,柯桥区,11,6,2021-07-05 11:04:09.98
P3120000017,万家巷停车场,柯桥区,40,19,2021-07-05 11:14:10.67
P3120000018,黄社溇路1停车场,柯桥区,16,6,2021-07-05 11:14:10.67
P3120000027,金杨路3停车场,柯桥区,28,12,2021-07-05 11:14:10.67
P3120000029,鉴湖路2（锦江花园）停车场,柯桥区,21,16,2021-07-05 11:14:10.67
P3120000032,鉴湖路5（四大银行）停车场,柯桥区,16,8,2021-07-05 11:14:10.67
P3120000033,港越路1(步行街1)停车场,柯桥区,14,5,2021-07-05 11:14:10.67
P3120000036,港越路4（肯德基）停车场,柯桥区,21,3,2021-07-05 11:14:10.67
P3120000039,笛扬路1（世纪联华）停车场,柯桥区,31,16,2021-07-05 11:14:10.67
P3120000040,笛扬路2（广厦公寓）停车场,柯桥区,37,29,2021-07-05 11:14:10.67
P3120000042,笛扬路4（工商银行）停车场,柯桥区,23,19,2021-07-05 11:14:10.67
P3120000061,港越路2(精工2)停车场,柯桥区,21,19,2021-07-05 11:14:10.67
P3120000064,港越路1(步行街2)停车场,柯桥区,26,13,2021-07-05 11:14:10.67
P3120000065,温渎路3停车场,柯桥区,11,5,2021-07-05 11:14:10.67
P3120000068,港越路3（精工）停车场,柯桥区,23,14,2021-07-05 11:14:10.67
P3120000015,温渎路1停车场,柯桥区,21,16,2021-07-05 11:24:12.08
P3120000016,温渎路2停车场,柯桥区,15,10,2021-07-05 11:24:12.08
P3120000017,万家巷停车场,柯桥区,40,21,2021-07-05 11:24:12.08
P3120000018,黄社溇路1停车场,柯桥区,16,4,2021-07-05 11:24:12.08
P3120000019,黄社溇路2停车场,柯桥区,18,7,2021-07-05 11:24:12.08
P3120000025,金杨路1（中医院）停车场,柯桥区,28,24,2021-07-05 11:24:12.08
P3120000027,金杨路3停车场,柯桥区,28,16,2021-07-05 11:24:12.08
P3120000028,鉴湖路1（锦江花园）停车场,柯桥区,29,26,2021-07-05 11:24:12.08
P3120000030,鉴湖路3停车场,柯桥区,12,5,2021-07-05 11:24:12.08
P3120000032,鉴湖路5（四大银行）停车场,柯桥区,16,7,2021-07-05 11:24:12.08
P3120000033,港越路1(步行街1)停车场,柯桥区,14,6,2021-07-05 11:24:12.08
P3120000034,港越路2（精工）停车场,柯桥区,12,6,2021-07-05 11:24:12.08
P3120000039,笛扬路1（世纪联华）停车场,柯桥区,31,14,2021-07-05 11:24:12.08
P3120000040,笛扬路2（广厦公寓）停车场,柯桥区,37,30,2021-07-05 11:24:12.08
P3120000041,笛扬路3（樱花电器）停车场,柯桥区,18,16,2021-07-05 11:24:12.08
P3120000042,笛扬路4（工商银行）停车场,柯桥区,23,20,2021-07-05 11:24:12.08
P3120000045,笛扬路7（福年大厦）停车场,柯桥区,22,3,2021-07-05 11:24:12.08
P3120000062,港越路1(步行街3)停车场,柯桥区,16,12,2021-07-05 11:24:12.08
P3120000064,港越路1(步行街2)停车场,柯桥区,26,14,2021-07-05 11:24:12.08
P3120000065,温渎路3停车场,柯桥区,11,6,2021-07-05 11:24:12.08
P3120000068,港越路3（精工）停车场,柯桥区,23,15,2021-07-05 11:24:12.08
P3120000015,温渎路1停车场,柯桥区,21,18,2021-07-05 11:34:08.8
P3120000017,万家巷停车场,柯桥区,40,22,2021-07-05 11:34:08.8
P3120000018,黄社溇路1停车场,柯桥区,16,3,2021-07-05 11:34:08.8
P3120000025,金杨路1（中医院）停车场,柯桥区,28,23,2021-07-05 11:34:08.8
P3120000027,金杨路3停车场,柯桥区,28,15,2021-07-05 11:34:08.8
P3120000028,鉴湖路1（锦江花园）停车场,柯桥区,29,22,2021-07-05 11:34:08.8
P3120000029,鉴湖路2（锦江花园）停车场,柯桥区,21,15,2021-07-05 11:34:08.8
P3120000033,港越路1(步行街1)停车场,柯桥区,14,5,2021-07-05 11:34:08.8
P3120000034,港越路2（精工）停车场,柯桥区,12,7,2021-07-05 11:34:08.8
P3120000036,港越路4（肯德基）停车场,柯桥区,21,4,2021-07-05 11:34:08.8
P3120000037,港越路5（温州饭滩）停车场,柯桥区,22,4,2021-07-05 11:34:08.8
P3120000038,港越路6停车场,柯桥区,16,11,2021-07-05 11:34:08.8
P3120000041,笛扬路3（樱花电器）停车场,柯桥区,18,15,2021-07-05 11:34:08.8
P3120000042,笛扬路4（工商银行）停车场,柯桥区,23,18,2021-07-05 11:34:08.8
P3120000045,笛扬路7（福年大厦）停车场,柯桥区,22,6,2021-07-05 11:34:08.8
P3120000061,港越路2(精工2)停车场,柯桥区,21,20,2021-07-05 11:34:08.8
P3120000064,港越路1(步行街2)停车场,柯桥区,26,11,2021-07-05 11:34:08.8
P3120000065,温渎路3停车场,柯桥区,11,7,2021-07-05 11:34:08.8
P3120000014,人和路停车场,柯桥区,19,17,2021-07-05 11:44:07.327
P3120000015,温渎路1停车场,柯桥区,21,16,2021-07-05 11:44:07.327
P3120000017,万家巷停车场,柯桥区,40,23,2021-07-05 11:44:07.327
P3120000019,黄社溇路2停车场,柯桥区,18,9,2021-07-05 11:44:07.327
P3120000027,金杨路3停车场,柯桥区,28,16,2021-07-05 11:44:07.327
P3120000029,鉴湖路2（锦江花园）停车场,柯桥区,21,14,2021-07-05 11:44:07.327
P3120000030,鉴湖路3停车场,柯桥区,12,4,2021-07-05 11:44:07.327
P3120000032,鉴湖路5（四大银行）停车场,柯桥区,16,5,2021-07-05 11:44:07.327
P3120000033,港越路1(步行街1)停车场,柯桥区,14,7,2021-07-05 11:44:07.327
P3120000034,港越路2（精工）停车场,柯桥区,12,8,2021-07-05 11:44:07.327
P3120000036,港越路4（肯德基）停车场,柯桥区,21,5,2021-07-05 11:44:07.327
P3120000037,港越路5（温州饭滩）停车场,柯桥区,22,3,2021-07-05 11:44:07.327
P3120000038,港越路6停车场,柯桥区,16,9,2021-07-05 11:44:07.327
P3120000039,笛扬路1（世纪联华）停车场,柯桥区,31,16,2021-07-05 11:44:07.327
P3120000040,笛扬路2（广厦公寓）停车场,柯桥区,37,28,2021-07-05 11:44:07.327
P3120000041,笛扬路3（樱花电器）停车场,柯桥区,18,14,2021-07-05 11:44:07.327
P3120000042,笛扬路4（工商银行）停车场,柯桥区,23,16,2021-07-05 11:44:07.327
P3120000061,港越路2(精工2)停车场,柯桥区,21,19,2021-07-05 11:44:07.327
P3120000065,温渎路3停车场,柯桥区,11,6,2021-07-05 11:44:07.327
P3120000068,港越路3（精工）停车场,柯桥区,23,16,2021-07-05 11:44:07.327
P3120000014,人和路停车场,柯桥区,19,18,2021-07-05 11:54:11.207
P3120000015,温渎路1停车场,柯桥区,21,17,2021-07-05 11:54:11.207
P3120000016,温渎路2停车场,柯桥区,15,11,2021-07-05 11:54:11.207
P3120000017,万家巷停车场,柯桥区,40,24,2021-07-05 11:54:11.207
P3120000018,黄社溇路1停车场,柯桥区,16,4,2021-07-05 11:54:11.207
P3120000019,黄社溇路2停车场,柯桥区,18,10,2021-07-05 11:54:11.207
P3120000027,金杨路3停车场,柯桥区,28,18,2021-07-05 11:54:11.207
P3120000028,鉴湖路1（锦江花园）停车场,柯桥区,29,25,2021-07-05 11:54:11.207
P3120000029,鉴湖路2（锦江花园）停车场,柯桥区,21,15,2021-07-05 11:54:11.207
P3120000030,鉴湖路3停车场,柯桥区,12,5,2021-07-05 11:54:11.207
P3120000033,港越路1(步行街1)停车场,柯桥区,14,3,2021-07-05 11:54:11.207
P3120000034,港越路2（精工）停车场,柯桥区,12,7,2021-07-05 11:54:11.207
P3120000036,港越路4（肯德基）停车场,柯桥区,21,4,2021-07-05 11:54:11.207
P3120000037,港越路5（温州饭滩）停车场,柯桥区,22,4,2021-07-05 11:54:11.207
P3120000039,笛扬路1（世纪联华）停车场,柯桥区,31,17,2021-07-05 11:54:11.207
P3120000040,笛扬路2（广厦公寓）停车场,柯桥区,37,29,2021-07-05 11:54:11.207
P3120000042,笛扬路4（工商银行）停车场,柯桥区,23,18,2021-07-05 11:54:11.207
P3120000045,笛扬路7（福年大厦）停车场,柯桥区,22,8,2021-07-05 11:54:11.207
P3120000064,港越路1(步行街2)停车场,柯桥区,26,8,2021-07-05 11:54:11.207
P3120000065,温渎路3停车场,柯桥区,11,5,2021-07-05 11:54:11.207
P3120000068,港越路3（精工）停车场,柯桥区,23,14,2021-07-05 11:54:11.207
P3120000015,温渎路1停车场,柯桥区,21,18,2021-07-05 12:04:08.14
P3120000017,万家巷停车场,柯桥区,40,25,2021-07-05 12:04:08.14
P3120000018,黄社溇路1停车场,柯桥区,16,5,2021-07-05 12:04:08.14
P3120000019,黄社溇路2停车场,柯桥区,18,9,2021-07-05 12:04:08.14
P3120000025,金杨路1（中医院）停车场,柯桥区,28,22,2021-07-05 12:04:08.14
P3120000027,金杨路3停车场,柯桥区,28,19,2021-07-05 12:04:08.14
P3120000029,鉴湖路2（锦江花园）停车场,柯桥区,21,16,2021-07-05 12:04:08.14
P3120000030,鉴湖路3停车场,柯桥区,12,7,2021-07-05 12:04:08.14
P3120000032,鉴湖路5（四大银行）停车场,柯桥区,16,4,2021-07-05 12:04:08.14
P3120000033,港越路1(步行街1)停车场,柯桥区,14,2,2021-07-05 12:04:08.14
P3120000036,港越路4（肯德基）停车场,柯桥区,21,5,2021-07-05 12:04:08.14
P3120000037,港越路5（温州饭滩）停车场,柯桥区,22,0,2021-07-05 12:04:08.14
P3120000039,笛扬路1（世纪联华）停车场,柯桥区,31,16,2021-07-05 12:04:08.14
P3120000040,笛扬路2（广厦公寓）停车场,柯桥区,37,27,2021-07-05 12:04:08.14
P3120000042,笛扬路4（工商银行）停车场,柯桥区,23,19,2021-07-05 12:04:08.14
P3120000045,笛扬路7（福年大厦）停车场,柯桥区,22,7,2021-07-05 12:04:08.14
P3120000062,港越路1(步行街3)停车场,柯桥区,16,10,2021-07-05 12:04:08.14
P3120000064,港越路1(步行街2)停车场,柯桥区,26,9,2021-07-05 12:04:08.14
P3120000065,温渎路3停车场,柯桥区,11,6,2021-07-05 12:04:08.14
P3120000016,温渎路2停车场,柯桥区,15,10,2021-07-05 12:14:09.527
P3120000018,黄社溇路1停车场,柯桥区,16,2,2021-07-05 12:14:09.527
P3120000019,黄社溇路2停车场,柯桥区,18,10,2021-07-05 12:14:09.527
P3120000027,金杨路3停车场,柯桥区,28,16,2021-07-05 12:14:09.527
P3120000028,鉴湖路1（锦江花园）停车场,柯桥区,29,26,2021-07-05 12:14:09.527
P3120000029,鉴湖路2（锦江花园）停车场,柯桥区,21,17,2021-07-05 12:14:09.527
P3120000030,鉴湖路3停车场,柯桥区,12,6,2021-07-05 12:14:09.527
P3120000033,港越路1(步行街1)停车场,柯桥区,14,4,2021-07-05 12:14:09.527
P3120000036,港越路4（肯德基）停车场,柯桥区,21,6,2021-07-05 12:14:09.527
P3120000037,港越路5（温州饭滩）停车场,柯桥区,22,2,2021-07-05 12:14:09.527
P3120000040,笛扬路2（广厦公寓）停车场,柯桥区,37,24,2021-07-05 12:14:09.527
P3120000041,笛扬路3（樱花电器）停车场,柯桥区,18,13,2021-07-05 12:14:09.527
P3120000042,笛扬路4（工商银行）停车场,柯桥区,23,17,2021-07-05 12:14:09.527
P3120000045,笛扬路7（福年大厦）停车场,柯桥区,22,4,2021-07-05 12:14:09.527
P3120000061,港越路2(精工2)停车场,柯桥区,21,14,2021-07-05 12:14:09.527
P3120000062,港越路1(步行街3)停车场,柯桥区,16,12,2021-07-05 12:14:09.527
P3120000064,港越路1(步行街2)停车场,柯桥区,26,10,2021-07-05 12:14:09.527
P3120000068,港越路3（精工）停车场,柯桥区,23,13,2021-07-05 12:14:09.527
P3120000017,万家巷停车场,柯桥区,40,26,2021-07-05 12:24:12.827
P3120000019,黄社溇路2停车场,柯桥区,18,8,2021-07-05 12:24:12.827
P3120000025,金杨路1（中医院）停车场,柯桥区,28,23,2021-07-05 12:24:12.827
P3120000027,金杨路3停车场,柯桥区,28,18,2021-07-05 12:24:12.827
P3120000028,鉴湖路1（锦江花园）停车场,柯桥区,29,24,2021-07-05 12:24:12.827
P3120000033,港越路1(步行街1)停车场,柯桥区,14,6,2021-07-05 12:24:12.827
P3120000034,港越路2（精工）停车场,柯桥区,12,9,2021-07-05 12:24:12.827
P3120000037,港越路5（温州饭滩）停车场,柯桥区,22,1,2021-07-05 12:24:12.827
P3120000038,港越路6停车场,柯桥区,16,10,2021-07-05 12:24:12.827
P3120000040,笛扬路2（广厦公寓）停车场,柯桥区,37,25,2021-07-05 12:24:12.827
P3120000045,笛扬路7（福年大厦）停车场,柯桥区,22,5,2021-07-05 12:24:12.827
P3120000061,港越路2(精工2)停车场,柯桥区,21,18,2021-07-05 12:24:12.827
P3120000064,港越路1(步行街2)停车场,柯桥区,26,11,2021-07-05 12:24:12.827
P3120000068,港越路3（精工）停车场,柯桥区,23,14,2021-07-05 12:24:12.827
P3120000014,人和路停车场,柯桥区,19,19,2021-07-05 12:34:11.687
P3120000015,温渎路1停车场,柯桥区,21,20,2021-07-05 12:34:11.687
P3120000018,黄社溇路1停车场,柯桥区,16,3,2021-07-05 12:34:11.687
P3120000019,黄社溇路2停车场,柯桥区,18,5,2021-07-05 12:34:11.687
P3120000028,鉴湖路1（锦江花园）停车场,柯桥区,29,25,2021-07-05 12:34:11.687
P3120000030,鉴湖路3停车场,柯桥区,12,7,2021-07-05 12:34:11.687
P3120000034,港越路2（精工）停车场,柯桥区,12,8,2021-07-05 12:34:11.687
P3120000036,港越路4（肯德基）停车场,柯桥区,21,3,2021-07-05 12:34:11.687
P3120000037,港越路5（温州饭滩）停车场,柯桥区,22,2,2021-07-05 12:34:11.687
P3120000039,笛扬路1（世纪联华）停车场,柯桥区,31,19,2021-07-05 12:34:11.687
P3120000041,笛扬路3（樱花电器）停车场,柯桥区,18,14,2021-07-05 12:34:11.687
P3120000042,笛扬路4（工商银行）停车场,柯桥区,23,15,2021-07-05 12:34:11.687
P3120000045,笛扬路7（福年大厦）停车场,柯桥区,22,7,2021-07-05 12:34:11.687
P3120000061,港越路2(精工2)停车场,柯桥区,21,16,2021-07-05 12:34:11.687
P3120000062,港越路1(步行街3)停车场,柯桥区,16,13,2021-07-05 12:34:11.687
P3120000064,港越路1(步行街2)停车场,柯桥区,26,10,2021-07-05 12:34:11.687
P3120000014,人和路停车场,柯桥区,19,16,2021-07-05 12:44:11.987
P3120000015,温渎路1停车场,柯桥区,21,19,2021-07-05 12:44:11.987
P3120000016,温渎路2停车场,柯桥区,15,11,2021-07-05 12:44:11.987
P3120000017,万家巷停车场,柯桥区,40,25,2021-07-05 12:44:11.987
P3120000018,黄社溇路1停车场,柯桥区,16,4,2021-07-05 12:44:11.987
P3120000019,黄社溇路2停车场,柯桥区,18,6,2021-07-05 12:44:11.987
P3120000025,金杨路1（中医院）停车场,柯桥区,28,19,2021-07-05 12:44:11.987
P3120000027,金杨路3停车场,柯桥区,28,15,2021-07-05 12:44:11.987
P3120000029,鉴湖路2（锦江花园）停车场,柯桥区,21,18,2021-07-05 12:44:11.987
P3120000032,鉴湖路5（四大银行）停车场,柯桥区,16,5,2021-07-05 12:44:11.987
P3120000033,港越路1(步行街1)停车场,柯桥区,14,7,2021-07-05 12:44:11.987
P3120000034,港越路2（精工）停车场,柯桥区,12,9,2021-07-05 12:44:11.987
P3120000036,港越路4（肯德基）停车场,柯桥区,21,2,2021-07-05 12:44:11.987
P3120000037,港越路5（温州饭滩）停车场,柯桥区,22,3,2021-07-05 12:44:11.987
P3120000040,笛扬路2（广厦公寓）停车场,柯桥区,37,27,2021-07-05 12:44:11.987
P3120000041,笛扬路3（樱花电器）停车场,柯桥区,18,15,2021-07-05 12:44:11.987
P3120000042,笛扬路4（工商银行）停车场,柯桥区,23,17,2021-07-05 12:44:11.987
P3120000045,笛扬路7（福年大厦）停车场,柯桥区,22,9,2021-07-05 12:44:11.987
P3120000062,港越路1(步行街3)停车场,柯桥区,16,12,2021-07-05 12:44:11.987
P3120000064,港越路1(步行街2)停车场,柯桥区,26,9,2021-07-05 12:44:11.987
P3120000068,港越路3（精工）停车场,柯桥区,23,16,2021-07-05 12:44:11.987
P3120000014,人和路停车场,柯桥区,19,14,2021-07-05 12:54:09.097
P3120000017,万家巷停车场,柯桥区,40,27,2021-07-05 12:54:09.097
P3120000018,黄社溇路1停车场,柯桥区,16,2,2021-07-05 12:54:09.097
P3120000019,黄社溇路2停车场,柯桥区,18,7,2021-07-05 12:54:09.097
P3120000025,金杨路1（中医院）停车场,柯桥区,28,20,2021-07-05 12:54:09.097
P3120000027,金杨路3停车场,柯桥区,28,17,2021-07-05 12:54:09.097
P3120000029,鉴湖路2（锦江花园）停车场,柯桥区,21,15,2021-07-05 12:54:09.097
P3120000032,鉴湖路5（四大银行）停车场,柯桥区,16,1,2021-07-05 12:54:09.097
P3120000034,港越路2（精工）停车场,柯桥区,12,8,2021-07-05 12:54:09.097
P3120000038,港越路6停车场,柯桥区,16,9,2021-07-05 12:54:09.097
P3120000039,笛扬路1（世纪联华）停车场,柯桥区,31,17,2021-07-05 12:54:09.097
P3120000040,笛扬路2（广厦公寓）停车场,柯桥区,37,28,2021-07-05 12:54:09.097
P3120000041,笛扬路3（樱花电器）停车场,柯桥区,18,12,2021-07-05 12:54:09.097
P3120000042,笛扬路4（工商银行）停车场,柯桥区,23,15,2021-07-05 12:54:09.097
P3120000064,港越路1(步行街2)停车场,柯桥区,26,11,2021-07-05 12:54:09.097
P3120000068,港越路3（精工）停车场,柯桥区,23,11,2021-07-05 12:54:09.097
P3120000014,人和路停车场,柯桥区,19,18,2021-07-05 13:04:07.83
P3120000016,温渎路2停车场,柯桥区,15,10,2021-07-05 13:04:07.83
P3120000018,黄社溇路1停车场,柯桥区,16,1,2021-07-05 13:04:07.83
P3120000019,黄社溇路2停车场,柯桥区,18,8,2021-07-05 13:04:07.83
P3120000025,金杨路1（中医院）停车场,柯桥区,28,18,2021-07-05 13:04:07.83
P3120000028,鉴湖路1（锦江花园）停车场,柯桥区,29,24,2021-07-05 13:04:07.83
P3120000029,鉴湖路2（锦江花园）停车场,柯桥区,21,16,2021-07-05 13:04:07.83
P3120000030,鉴湖路3停车场,柯桥区,12,8,2021-07-05 13:04:07.83
P3120000032,鉴湖路5（四大银行）停车场,柯桥区,16,5,2021-07-05 13:04:07.83
P3120000033,港越路1(步行街1)停车场,柯桥区,14,6,2021-07-05 13:04:07.83
P3120000034,港越路2（精工）停车场,柯桥区,12,7,2021-07-05 13:04:07.83
P3120000036,港越路4（肯德基）停车场,柯桥区,21,4,2021-07-05 13:04:07.83
P3120000038,港越路6停车场,柯桥区,16,10,2021-07-05 13:04:07.83
P3120000039,笛扬路1（世纪联华）停车场,柯桥区,31,16,2021-07-05 13:04:07.83
P3120000042,笛扬路4（工商银行）停车场,柯桥区,23,19,2021-07-05 13:04:07.83
P3120000045,笛扬路7（福年大厦）停车场,柯桥区,22,7,2021-07-05 13:04:07.83
P3120000064,港越路1(步行街2)停车场,柯桥区,26,13,2021-07-05 13:04:07.83
P3120000068,港越路3（精工）停车场,柯桥区,23,13,2021-07-05 13:04:07.83
P3120000016,温渎路2停车场,柯桥区,15,9,2021-07-05 13:14:09.443
P3120000018,黄社溇路1停车场,柯桥区,16,4,2021-07-05 13:14:09.443
P3120000025,金杨路1（中医院）停车场,柯桥区,28,19,2021-07-05 13:14:09.443
P3120000027,金杨路3停车场,柯桥区,28,19,2021-07-05 13:14:09.443
P3120000028,鉴湖路1（锦江花园）停车场,柯桥区,29,23,2021-07-05 13:14:09.443
P3120000030,鉴湖路3停车场,柯桥区,12,7,2021-07-05 13:14:09.443
P3120000032,鉴湖路5（四大银行）停车场,柯桥区,16,4,2021-07-05 13:14:09.443
P3120000034,港越路2（精工）停车场,柯桥区,12,8,2021-07-05 13:14:09.443
P3120000036,港越路4（肯德基）停车场,柯桥区,21,2,2021-07-05 13:14:09.443
P3120000037,港越路5（温州饭滩）停车场,柯桥区,22,1,2021-07-05 13:14:09.443
P3120000038,港越路6停车场,柯桥区,16,8,2021-07-05 13:14:09.443
P3120000039,笛扬路1（世纪联华）停车场,柯桥区,31,17,2021-07-05 13:14:09.443
P3120000040,笛扬路2（广厦公寓）停车场,柯桥区,37,29,2021-07-05 13:14:09.443
P3120000041,笛扬路3（樱花电器）停车场,柯桥区,18,13,2021-07-05 13:14:09.443
P3120000045,笛扬路7（福年大厦）停车场,柯桥区,22,9,2021-07-05 13:14:09.443
P3120000062,港越路1(步行街3)停车场,柯桥区,16,13,2021-07-05 13:14:09.443
P3120000068,港越路3（精工）停车场,柯桥区,23,11,2021-07-05 13:14:09.443
P3120000015,温渎路1停车场,柯桥区,21,18,2021-07-05 13:24:12.4
P3120000017,万家巷停车场,柯桥区,40,30,2021-07-05 13:24:12.4
P3120000018,黄社溇路1停车场,柯桥区,16,5,2021-07-05 13:24:12.4
P3120000019,黄社溇路2停车场,柯桥区,18,7,2021-07-05 13:24:12.4
P3120000027,金杨路3停车场,柯桥区,28,18,2021-07-05 13:24:12.4
P3120000028,鉴湖路1（锦江花园）停车场,柯桥区,29,24,2021-07-05 13:24:12.4
P3120000032,鉴湖路5（四大银行）停车场,柯桥区,16,6,2021-07-05 13:24:12.4
P3120000033,港越路1(步行街1)停车场,柯桥区,14,7,2021-07-05 13:24:12.4
P3120000034,港越路2（精工）停车场,柯桥区,12,9,2021-07-05 13:24:12.4
P3120000036,港越路4（肯德基）停车场,柯桥区,21,1,2021-07-05 13:24:12.4
P3120000038,港越路6停车场,柯桥区,16,4,2021-07-05 13:24:12.4
P3120000040,笛扬路2（广厦公寓）停车场,柯桥区,37,30,2021-07-05 13:24:12.4
P3120000042,笛扬路4（工商银行）停车场,柯桥区,23,20,2021-07-05 13:24:12.4
P3120000045,笛扬路7（福年大厦）停车场,柯桥区,22,5,2021-07-05 13:24:12.4
P3120000061,港越路2(精工2)停车场,柯桥区,21,18,2021-07-05 13:24:12.4
P3120000065,温渎路3停车场,柯桥区,11,4,2021-07-05 13:24:12.4
P3120000015,温渎路1停车场,柯桥区,21,20,2021-07-05 13:34:09.84
P3120000017,万家巷停车场,柯桥区,40,28,2021-07-05 13:34:09.84
P3120000018,黄社溇路1停车场,柯桥区,16,3,2021-07-05 13:34:09.84
P3120000019,黄社溇路2停车场,柯桥区,18,8,2021-07-05 13:34:09.84
P3120000025,金杨路1（中医院）停车场,柯桥区,28,18,2021-07-05 13:34:09.84
P3120000027,金杨路3停车场,柯桥区,28,17,2021-07-05 13:34:09.84
P3120000029,鉴湖路2（锦江花园）停车场,柯桥区,21,17,2021-07-05 13:34:09.84
P3120000030,鉴湖路3停车场,柯桥区,12,6,2021-07-05 13:34:09.84
P3120000034,港越路2（精工）停车场,柯桥区,12,10,2021-07-05 13:34:09.84
P3120000037,港越路5（温州饭滩）停车场,柯桥区,22,2,2021-07-05 13:34:09.84
P3120000039,笛扬路1（世纪联华）停车场,柯桥区,31,16,2021-07-05 13:34:09.84
P3120000040,笛扬路2（广厦公寓）停车场,柯桥区,37,29,2021-07-05 13:34:09.84
P3120000045,笛扬路7（福年大厦）停车场,柯桥区,22,4,2021-07-05 13:34:09.84
P3120000061,港越路2(精工2)停车场,柯桥区,21,19,2021-07-05 13:34:09.84
P3120000064,港越路1(步行街2)停车场,柯桥区,26,14,2021-07-05 13:34:09.84
P3120000065,温渎路3停车场,柯桥区,11,5,2021-07-05 13:34:09.84
P3120000068,港越路3（精工）停车场,柯桥区,23,7,2021-07-05 13:34:09.84
P3120000014,人和路停车场,柯桥区,19,17,2021-07-05 13:44:11.157
P3120000015,温渎路1停车场,柯桥区,21,19,2021-07-05 13:44:11.157
P3120000016,温渎路2停车场,柯桥区,15,10,2021-07-05 13:44:11.157
P3120000017,万家巷停车场,柯桥区,40,29,2021-07-05 13:44:11.157
P3120000019,黄社溇路2停车场,柯桥区,18,11,2021-07-05 13:44:11.157
P3120000025,金杨路1（中医院）停车场,柯桥区,28,21,2021-07-05 13:44:11.157
P3120000027,金杨路3停车场,柯桥区,28,16,2021-07-05 13:44:11.157
P3120000028,鉴湖路1（锦江花园）停车场,柯桥区,29,23,2021-07-05 13:44:11.157
P3120000029,鉴湖路2（锦江花园）停车场,柯桥区,21,18,2021-07-05 13:44:11.157
P3120000032,鉴湖路5（四大银行）停车场,柯桥区,16,5,2021-07-05 13:44:11.157
P3120000033,港越路1(步行街1)停车场,柯桥区,14,6,2021-07-05 13:44:11.157
P3120000036,港越路4（肯德基）停车场,柯桥区,21,2,2021-07-05 13:44:11.157
P3120000041,笛扬路3（樱花电器）停车场,柯桥区,18,14,2021-07-05 13:44:11.157
P3120000042,笛扬路4（工商银行）停车场,柯桥区,23,19,2021-07-05 13:44:11.157
P3120000045,笛扬路7（福年大厦）停车场,柯桥区,22,7,2021-07-05 13:44:11.157
P3120000061,港越路2(精工2)停车场,柯桥区,21,18,2021-07-05 13:44:11.157
P3120000062,港越路1(步行街3)停车场,柯桥区,16,12,2021-07-05 13:44:11.157
P3120000064,港越路1(步行街2)停车场,柯桥区,26,16,2021-07-05 13:44:11.157
P3120000065,温渎路3停车场,柯桥区,11,4,2021-07-05 13:44:11.157
P3120000014,人和路停车场,柯桥区,19,19,2021-07-05 13:54:10.86
P3120000015,温渎路1停车场,柯桥区,21,18,2021-07-05 13:54:10.86
P3120000017,万家巷停车场,柯桥区,40,28,2021-07-05 13:54:10.86
P3120000018,黄社溇路1停车场,柯桥区,16,5,2021-07-05 13:54:10.86
P3120000019,黄社溇路2停车场,柯桥区,18,12,2021-07-05 13:54:10.86
P3120000025,金杨路1（中医院）停车场,柯桥区,28,18,2021-07-05 13:54:10.86
P3120000028,鉴湖路1（锦江花园）停车场,柯桥区,29,25,2021-07-05 13:54:10.86
P3120000029,鉴湖路2（锦江花园）停车场,柯桥区,21,17,2021-07-05 13:54:10.86
P3120000030,鉴湖路3停车场,柯桥区,12,5,2021-07-05 13:54:10.86
P3120000032,鉴湖路5（四大银行）停车场,柯桥区,16,4,2021-07-05 13:54:10.86
P3120000038,港越路6停车场,柯桥区,16,5,2021-07-05 13:54:10.86
P3120000040,笛扬路2（广厦公寓）停车场,柯桥区,37,27,2021-07-05 13:54:10.86
P3120000041,笛扬路3（樱花电器）停车场,柯桥区,18,13,2021-07-05 13:54:10.86
P3120000042,笛扬路4（工商银行）停车场,柯桥区,23,18,2021-07-05 13:54:10.86
P3120000045,笛扬路7（福年大厦）停车场,柯桥区,22,8,2021-07-05 13:54:10.86
P3120000064,港越路1(步行街2)停车场,柯桥区,26,18,2021-07-05 13:54:10.86
P3120000065,温渎路3停车场,柯桥区,11,5,2021-07-05 13:54:10.86
P3120000068,港越路3（精工）停车场,柯桥区,23,6,2021-07-05 13:54:10.86
P3120000015,温渎路1停车场,柯桥区,21,16,2021-07-05 14:04:10.937
P3120000017,万家巷停车场,柯桥区,40,27,2021-07-05 14:04:10.937
P3120000018,黄社溇路1停车场,柯桥区,16,3,2021-07-05 14:04:10.937
P3120000019,黄社溇路2停车场,柯桥区,18,11,2021-07-05 14:04:10.937
P3120000025,金杨路1（中医院）停车场,柯桥区,28,21,2021-07-05 14:04:10.937
P3120000027,金杨路3停车场,柯桥区,28,17,2021-07-05 14:04:10.937
P3120000028,鉴湖路1（锦江花园）停车场,柯桥区,29,26,2021-07-05 14:04:10.937
P3120000029,鉴湖路2（锦江花园）停车场,柯桥区,21,14,2021-07-05 14:04:10.937
P3120000032,鉴湖路5（四大银行）停车场,柯桥区,16,3,2021-07-05 14:04:10.937
P3120000039,笛扬路1（世纪联华）停车场,柯桥区,31,17,2021-07-05 14:04:10.937
P3120000040,笛扬路2（广厦公寓）停车场,柯桥区,37,28,2021-07-05 14:04:10.937
P3120000041,笛扬路3（樱花电器）停车场,柯桥区,18,12,2021-07-05 14:04:10.937
P3120000042,笛扬路4（工商银行）停车场,柯桥区,23,19,2021-07-05 14:04:10.937
P3120000045,笛扬路7（福年大厦）停车场,柯桥区,22,6,2021-07-05 14:04:10.937
P3120000061,港越路2(精工2)停车场,柯桥区,21,17,2021-07-05 14:04:10.937
P3120000062,港越路1(步行街3)停车场,柯桥区,16,11,2021-07-05 14:04:10.937
P3120000065,温渎路3停车场,柯桥区,11,4,2021-07-05 14:04:10.937
P3120000068,港越路3（精工）停车场,柯桥区,23,5,2021-07-05 14:04:10.937
P3120000014,人和路停车场,柯桥区,19,18,2021-07-05 14:14:10.057
P3120000015,温渎路1停车场,柯桥区,21,15,2021-07-05 14:14:10.057
P3120000017,万家巷停车场,柯桥区,40,28,2021-07-05 14:14:10.057
P3120000018,黄社溇路1停车场,柯桥区,16,2,2021-07-05 14:14:10.057
P3120000027,金杨路3停车场,柯桥区,28,18,2021-07-05 14:14:10.057
P3120000028,鉴湖路1（锦江花园）停车场,柯桥区,29,23,2021-07-05 14:14:10.057
P3120000029,鉴湖路2（锦江花园）停车场,柯桥区,21,17,2021-07-05 14:14:10.057
P3120000033,港越路1(步行街1)停车场,柯桥区,14,4,2021-07-05 14:14:10.057
P3120000038,港越路6停车场,柯桥区,16,3,2021-07-05 14:14:10.057
P3120000041,笛扬路3（樱花电器）停车场,柯桥区,18,14,2021-07-05 14:14:10.057
P3120000045,笛扬路7（福年大厦）停车场,柯桥区,22,7,2021-07-05 14:14:10.057
P3120000061,港越路2(精工2)停车场,柯桥区,21,19,2021-07-05 14:14:10.057
P3120000062,港越路1(步行街3)停车场,柯桥区,16,12,2021-07-05 14:14:10.057
P3120000064,港越路1(步行街2)停车场,柯桥区,26,20,2021-07-05 14:14:10.057
P3120000068,港越路3（精工）停车场,柯桥区,23,4,2021-07-05 14:14:10.057
P3120000015,温渎路1停车场,柯桥区,21,17,2021-07-05 14:24:08.713
P3120000016,温渎路2停车场,柯桥区,15,9,2021-07-05 14:24:08.713
P3120000017,万家巷停车场,柯桥区,40,30,2021-07-05 14:24:08.713
P3120000018,黄社溇路1停车场,柯桥区,16,4,2021-07-05 14:24:08.713
P3120000019,黄社溇路2停车场,柯桥区,18,10,2021-07-05 14:24:08.713
P3120000027,金杨路3停车场,柯桥区,28,17,2021-07-05 14:24:08.713
P3120000029,鉴湖路2（锦江花园）停车场,柯桥区,21,19,2021-07-05 14:24:08.713
P3120000034,港越路2（精工）停车场,柯桥区,12,11,2021-07-05 14:24:08.713
P3120000036,港越路4（肯德基）停车场,柯桥区,21,0,2021-07-05 14:24:08.713
P3120000037,港越路5（温州饭滩）停车场,柯桥区,22,3,2021-07-05 14:24:08.713
P3120000038,港越路6停车场,柯桥区,16,5,2021-07-05 14:24:08.713
P3120000040,笛扬路2（广厦公寓）停车场,柯桥区,37,26,2021-07-05 14:24:08.713
P3120000041,笛扬路3（樱花电器）停车场,柯桥区,18,11,2021-07-05 14:24:08.713
P3120000045,笛扬路7（福年大厦）停车场,柯桥区,22,5,2021-07-05 14:24:08.713
P3120000061,港越路2(精工2)停车场,柯桥区,21,18,2021-07-05 14:24:08.713
P3120000062,港越路1(步行街3)停车场,柯桥区,16,13,2021-07-05 14:24:08.713
P3120000064,港越路1(步行街2)停车场,柯桥区,26,21,2021-07-05 14:24:08.713
P3120000015,温渎路1停车场,柯桥区,21,16,2021-07-05 14:34:08.653
P3120000018,黄社溇路1停车场,柯桥区,16,5,2021-07-05 14:34:08.653
P3120000019,黄社溇路2停车场,柯桥区,18,11,2021-07-05 14:34:08.653
P3120000027,金杨路3停车场,柯桥区,28,16,2021-07-05 14:34:08.653
P3120000030,鉴湖路3停车场,柯桥区,12,3,2021-07-05 14:34:08.653
P3120000033,港越路1(步行街1)停车场,柯桥区,14,5,2021-07-05 14:34:08.653
P3120000037,港越路5（温州饭滩）停车场,柯桥区,22,4,2021-07-05 14:34:08.653
P3120000039,笛扬路1（世纪联华）停车场,柯桥区,31,13,2021-07-05 14:34:08.653
P3120000040,笛扬路2（广厦公寓）停车场,柯桥区,37,27,2021-07-05 14:34:08.653
P3120000041,笛扬路3（樱花电器）停车场,柯桥区,18,12,2021-07-05 14:34:08.653
P3120000042,笛扬路4（工商银行）停车场,柯桥区,23,18,2021-07-05 14:34:08.653
P3120000045,笛扬路7（福年大厦）停车场,柯桥区,22,7,2021-07-05 14:34:08.653
P3120000061,港越路2(精工2)停车场,柯桥区,21,17,2021-07-05 14:34:08.653
P3120000062,港越路1(步行街3)停车场,柯桥区,16,12,2021-07-05 14:34:08.653
P3120000064,港越路1(步行街2)停车场,柯桥区,26,20,2021-07-05 14:34:08.653
P3120000068,港越路3（精工）停车场,柯桥区,23,6,2021-07-05 14:34:08.653
P3120000014,人和路停车场,柯桥区,19,16,2021-07-05 14:44:10.24
P3120000015,温渎路1停车场,柯桥区,21,13,2021-07-05 14:44:10.24
P3120000017,万家巷停车场,柯桥区,40,28,2021-07-05 14:44:10.24
P3120000018,黄社溇路1停车场,柯桥区,16,4,2021-07-05 14:44:10.24
P3120000019,黄社溇路2停车场,柯桥区,18,12,2021-07-05 14:44:10.24
P3120000030,鉴湖路3停车场,柯桥区,12,6,2021-07-05 14:44:10.24
P3120000032,鉴湖路5（四大银行）停车场,柯桥区,16,4,2021-07-05 14:44:10.24
P3120000036,港越路4（肯德基）停车场,柯桥区,21,1,2021-07-05 14:44:10.24
P3120000038,港越路6停车场,柯桥区,16,6,2021-07-05 14:44:10.24
P3120000039,笛扬路1（世纪联华）停车场,柯桥区,31,14,2021-07-05 14:44:10.24
P3120000040,笛扬路2（广厦公寓）停车场,柯桥区,37,29,2021-07-05 14:44:10.24
P3120000042,笛扬路4（工商银行）停车场,柯桥区,23,19,2021-07-05 14:44:10.24
P3120000045,笛扬路7（福年大厦）停车场,柯桥区,22,8,2021-07-05 14:44:10.24
P3120000061,港越路2(精工2)停车场,柯桥区,21,18,2021-07-05 14:44:10.24
P3120000064,港越路1(步行街2)停车场,柯桥区,26,17,2021-07-05 14:44:10.24
P3120000014,人和路停车场,柯桥区,19,17,2021-07-05 14:54:10.24
P3120000018,黄社溇路1停车场,柯桥区,16,3,2021-07-05 14:54:10.24
P3120000019,黄社溇路2停车场,柯桥区,18,11,2021-07-05 14:54:10.24
P3120000027,金杨路3停车场,柯桥区,28,12,2021-07-05 14:54:10.24
P3120000028,鉴湖路1（锦江花园）停车场,柯桥区,29,26,2021-07-05 14:54:10.24
P3120000029,鉴湖路2（锦江花园）停车场,柯桥区,21,18,2021-07-05 14:54:10.24
P3120000030,鉴湖路3停车场,柯桥区,12,8,2021-07-05 14:54:10.24
P3120000032,鉴湖路5（四大银行）停车场,柯桥区,16,3,2021-07-05 14:54:10.24
P3120000034,港越路2（精工）停车场,柯桥区,12,10,2021-07-05 14:54:10.24
P3120000036,港越路4（肯德基）停车场,柯桥区,21,2,2021-07-05 14:54:10.24
P3120000037,港越路5（温州饭滩）停车场,柯桥区,22,5,2021-07-05 14:54:10.24
P3120000038,港越路6停车场,柯桥区,16,5,2021-07-05 14:54:10.24
P3120000039,笛扬路1（世纪联华）停车场,柯桥区,31,15,2021-07-05 14:54:10.24
P3120000040,笛扬路2（广厦公寓）停车场,柯桥区,37,24,2021-07-05 14:54:10.24
P3120000041,笛扬路3（樱花电器）停车场,柯桥区,18,13,2021-07-05 14:54:10.24
P3120000042,笛扬路4（工商银行）停车场,柯桥区,23,18,2021-07-05 14:54:10.24
P3120000045,笛扬路7（福年大厦）停车场,柯桥区,22,6,2021-07-05 14:54:10.24
P3120000061,港越路2(精工2)停车场,柯桥区,21,19,2021-07-05 14:54:10.24
P3120000062,港越路1(步行街3)停车场,柯桥区,16,10,2021-07-05 14:54:10.24
P3120000064,港越路1(步行街2)停车场,柯桥区,26,18,2021-07-05 14:54:10.24
P3120000065,温渎路3停车场,柯桥区,11,3,2021-07-05 14:54:10.24
P3120000015,温渎路1停车场,柯桥区,21,15,2021-07-05 15:04:11.69
P3120000017,万家巷停车场,柯桥区,40,27,2021-07-05 15:04:11.69
P3120000018,黄社溇路1停车场,柯桥区,16,5,2021-07-05 15:04:11.69
P3120000019,黄社溇路2停车场,柯桥区,18,12,2021-07-05 15:04:11.69
P3120000025,金杨路1（中医院）停车场,柯桥区,28,22,2021-07-05 15:04:11.69
P3120000027,金杨路3停车场,柯桥区,28,14,2021-07-05 15:04:11.69
P3120000028,鉴湖路1（锦江花园）停车场,柯桥区,29,25,2021-07-05 15:04:11.69
P3120000038,港越路6停车场,柯桥区,16,6,2021-07-05 15:04:11.69
P3120000041,笛扬路3（樱花电器）停车场,柯桥区,18,14,2021-07-05 15:04:11.69
P3120000042,笛扬路4（工商银行）停车场,柯桥区,23,19,2021-07-05 15:04:11.69
P3120000045,笛扬路7（福年大厦）停车场,柯桥区,22,4,2021-07-05 15:04:11.69
P3120000061,港越路2(精工2)停车场,柯桥区,21,17,2021-07-05 15:04:11.69
P3120000062,港越路1(步行街3)停车场,柯桥区,16,11,2021-07-05 15:04:11.69
P3120000064,港越路1(步行街2)停车场,柯桥区,26,19,2021-07-05 15:04:11.69
P3120000065,温渎路3停车场,柯桥区,11,2,2021-07-05 15:04:11.69
P3120000068,港越路3（精工）停车场,柯桥区,23,8,2021-07-05 15:04:11.69
P3120000015,温渎路1停车场,柯桥区,21,14,2021-07-05 15:14:09.137
P3120000018,黄社溇路1停车场,柯桥区,16,4,2021-07-05 15:14:09.137
P3120000027,金杨路3停车场,柯桥区,28,13,2021-07-05 15:14:09.137
P3120000029,鉴湖路2（锦江花园）停车场,柯桥区,21,17,2021-07-05 15:14:09.137
P3120000037,港越路5（温州饭滩）停车场,柯桥区,22,3,2021-07-05 15:14:09.137
P3120000038,港越路6停车场,柯桥区,16,5,2021-07-05 15:14:09.137
P3120000040,笛扬路2（广厦公寓）停车场,柯桥区,37,25,2021-07-05 15:14:09.137
P3120000042,笛扬路4（工商银行）停车场,柯桥区,23,20,2021-07-05 15:14:09.137
P3120000045,笛扬路7（福年大厦）停车场,柯桥区,22,5,2021-07-05 15:14:09.137
P3120000061,港越路2(精工2)停车场,柯桥区,21,18,2021-07-05 15:14:09.137
P3120000062,港越路1(步行街3)停车场,柯桥区,16,9,2021-07-05 15:14:09.137
P3120000064,港越路1(步行街2)停车场,柯桥区,26,16,2021-07-05 15:14:09.137
P3120000065,温渎路3停车场,柯桥区,11,3,2021-07-05 15:14:09.137
P3120000068,港越路3（精工）停车场,柯桥区,23,6,2021-07-05 15:14:09.137
P3120000014,人和路停车场,柯桥区,19,18,2021-07-05 15:24:09.297
P3120000015,温渎路1停车场,柯桥区,21,16,2021-07-05 15:24:09.297
P3120000016,温渎路2停车场,柯桥区,15,7,2021-07-05 15:24:09.297
P3120000017,万家巷停车场,柯桥区,40,26,2021-07-05 15:24:09.297
P3120000018,黄社溇路1停车场,柯桥区,16,6,2021-07-05 15:24:09.297
P3120000019,黄社溇路2停车场,柯桥区,18,10,2021-07-05 15:24:09.297
P3120000027,金杨路3停车场,柯桥区,28,12,2021-07-05 15:24:09.297
P3120000029,鉴湖路2（锦江花园）停车场,柯桥区,21,18,2021-07-05 15:24:09.297
P3120000030,鉴湖路3停车场,柯桥区,12,7,2021-07-05 15:24:09.297
P3120000039,笛扬路1（世纪联华）停车场,柯桥区,31,16,2021-07-05 15:24:09.297
P3120000040,笛扬路2（广厦公寓）停车场,柯桥区,37,29,2021-07-05 15:24:09.297
P3120000042,笛扬路4（工商银行）停车场,柯桥区,23,21,2021-07-05 15:24:09.297
P3120000062,港越路1(步行街3)停车场,柯桥区,16,13,2021-07-05 15:24:09.297
P3120000065,温渎路3停车场,柯桥区,11,4,2021-07-05 15:24:09.297
P3120000068,港越路3（精工）停车场,柯桥区,23,5,2021-07-05 15:24:09.297
P3120000018,黄社溇路1停车场,柯桥区,16,5,2021-07-05 15:34:08.71
P3120000025,金杨路1（中医院）停车场,柯桥区,28,19,2021-07-05 15:34:08.71
P3120000027,金杨路3停车场,柯桥区,28,13,2021-07-05 15:34:08.71
P3120000028,鉴湖路1（锦江花园）停车场,柯桥区,29,24,2021-07-05 15:34:08.71
P3120000030,鉴湖路3停车场,柯桥区,12,8,2021-07-05 15:34:08.71
P3120000032,鉴湖路5（四大银行）停车场,柯桥区,16,4,2021-07-05 15:34:08.71
P3120000033,港越路1(步行街1)停车场,柯桥区,14,6,2021-07-05 15:34:08.71
P3120000037,港越路5（温州饭滩）停车场,柯桥区,22,6,2021-07-05 15:34:08.71
P3120000038,港越路6停车场,柯桥区,16,7,2021-07-05 15:34:08.71
P3120000039,笛扬路1（世纪联华）停车场,柯桥区,31,18,2021-07-05 15:34:08.71
P3120000040,笛扬路2（广厦公寓）停车场,柯桥区,37,30,2021-07-05 15:34:08.71
P3120000042,笛扬路4（工商银行）停车场,柯桥区,23,20,2021-07-05 15:34:08.71
P3120000045,笛扬路7（福年大厦）停车场,柯桥区,22,7,2021-07-05 15:34:08.71
P3120000064,港越路1(步行街2)停车场,柯桥区,26,17,2021-07-05 15:34:08.71
P3120000065,温渎路3停车场,柯桥区,11,7,2021-07-05 15:34:08.71
P3120000015,温渎路1停车场,柯桥区,21,15,2021-07-05 15:44:09.657
P3120000019,黄社溇路2停车场,柯桥区,18,11,2021-07-05 15:44:09.657
P3120000025,金杨路1（中医院）停车场,柯桥区,28,23,2021-07-05 15:44:09.657
P3120000027,金杨路3停车场,柯桥区,28,11,2021-07-05 15:44:09.657
P3120000028,鉴湖路1（锦江花园）停车场,柯桥区,29,20,2021-07-05 15:44:09.657
P3120000029,鉴湖路2（锦江花园）停车场,柯桥区,21,20,2021-07-05 15:44:09.657
P3120000030,鉴湖路3停车场,柯桥区,12,7,2021-07-05 15:44:09.657
P3120000032,鉴湖路5（四大银行）停车场,柯桥区,16,5,2021-07-05 15:44:09.657
P3120000034,港越路2（精工）停车场,柯桥区,12,11,2021-07-05 15:44:09.657
P3120000036,港越路4（肯德基）停车场,柯桥区,21,4,2021-07-05 15:44:09.657
P3120000037,港越路5（温州饭滩）停车场,柯桥区,22,7,2021-07-05 15:44:09.657
P3120000038,港越路6停车场,柯桥区,16,6,2021-07-05 15:44:09.657
P3120000040,笛扬路2（广厦公寓）停车场,柯桥区,37,29,2021-07-05 15:44:09.657
P3120000042,笛扬路4（工商银行）停车场,柯桥区,23,21,2021-07-05 15:44:09.657
P3120000045,笛扬路7（福年大厦）停车场,柯桥区,22,9,2021-07-05 15:44:09.657
P3120000061,港越路2(精工2)停车场,柯桥区,21,17,2021-07-05 15:44:09.657
P3120000065,温渎路3停车场,柯桥区,11,5,2021-07-05 15:44:09.657
P3120000068,港越路3（精工）停车场,柯桥区,23,6,2021-07-05 15:44:09.657
P3120000014,人和路停车场,柯桥区,19,19,2021-07-05 15:54:09.76
P3120000015,温渎路1停车场,柯桥区,21,14,2021-07-05 15:54:09.76
P3120000016,温渎路2停车场,柯桥区,15,8,2021-07-05 15:54:09.76
P3120000018,黄社溇路1停车场,柯桥区,16,6,2021-07-05 15:54:09.76
P3120000019,黄社溇路2停车场,柯桥区,18,9,2021-07-05 15:54:09.76
P3120000025,金杨路1（中医院）停车场,柯桥区,28,24,2021-07-05 15:54:09.76
P3120000027,金杨路3停车场,柯桥区,28,15,2021-07-05 15:54:09.76
P3120000028,鉴湖路1（锦江花园）停车场,柯桥区,29,23,2021-07-05 15:54:09.76
P3120000030,鉴湖路3停车场,柯桥区,12,5,2021-07-05 15:54:09.76
P3120000032,鉴湖路5（四大银行）停车场,柯桥区,16,3,2021-07-05 15:54:09.76
P3120000033,港越路1(步行街1)停车场,柯桥区,14,5,2021-07-05 15:54:09.76
P3120000037,港越路5（温州饭滩）停车场,柯桥区,22,6,2021-07-05 15:54:09.76
P3120000038,港越路6停车场,柯桥区,16,4,2021-07-05 15:54:09.76
P3120000039,笛扬路1（世纪联华）停车场,柯桥区,31,17,2021-07-05 15:54:09.76
P3120000040,笛扬路2（广厦公寓）停车场,柯桥区,37,28,2021-07-05 15:54:09.76
P3120000041,笛扬路3（樱花电器）停车场,柯桥区,18,13,2021-07-05 15:54:09.76
P3120000061,港越路2(精工2)停车场,柯桥区,21,16,2021-07-05 15:54:09.76
P3120000062,港越路1(步行街3)停车场,柯桥区,16,14,2021-07-05 15:54:09.76
P3120000064,港越路1(步行街2)停车场,柯桥区,26,18,2021-07-05 15:54:09.76
P3120000065,温渎路3停车场,柯桥区,11,7,2021-07-05 15:54:09.76
P3120000068,港越路3（精工）停车场,柯桥区,23,9,2021-07-05 15:54:09.76
P3120000015,温渎路1停车场,柯桥区,21,16,2021-07-05 16:04:09.703
P3120000016,温渎路2停车场,柯桥区,15,6,2021-07-05 16:04:09.703
P3120000018,黄社溇路1停车场,柯桥区,16,3,2021-07-05 16:04:09.703
P3120000019,黄社溇路2停车场,柯桥区,18,10,2021-07-05 16:04:09.703
P3120000025,金杨路1（中医院）停车场,柯桥区,28,23,2021-07-05 16:04:09.703
P3120000027,金杨路3停车场,柯桥区,28,17,2021-07-05 16:04:09.703
P3120000028,鉴湖路1（锦江花园）停车场,柯桥区,29,24,2021-07-05 16:04:09.703
P3120000029,鉴湖路2（锦江花园）停车场,柯桥区,21,18,2021-07-05 16:04:09.703
P3120000030,鉴湖路3停车场,柯桥区,12,6,2021-07-05 16:04:09.703
P3120000033,港越路1(步行街1)停车场,柯桥区,14,6,2021-07-05 16:04:09.703
P3120000034,港越路2（精工）停车场,柯桥区,12,10,2021-07-05 16:04:09.703
P3120000037,港越路5（温州饭滩）停车场,柯桥区,22,10,2021-07-05 16:04:09.703
P3120000038,港越路6停车场,柯桥区,16,5,2021-07-05 16:04:09.703
P3120000039,笛扬路1（世纪联华）停车场,柯桥区,31,18,2021-07-05 16:04:09.703
P3120000040,笛扬路2（广厦公寓）停车场,柯桥区,37,23,2021-07-05 16:04:09.703
P3120000042,笛扬路4（工商银行）停车场,柯桥区,23,20,2021-07-05 16:04:09.703
P3120000045,笛扬路7（福年大厦）停车场,柯桥区,22,8,2021-07-05 16:04:09.703
P3120000062,港越路1(步行街3)停车场,柯桥区,16,13,2021-07-05 16:04:09.703
P3120000065,温渎路3停车场,柯桥区,11,8,2021-07-05 16:04:09.703
P3120000068,港越路3（精工）停车场,柯桥区,23,6,2021-07-05 16:04:09.703
P3120000014,人和路停车场,柯桥区,19,17,2021-07-05 16:14:10.533
P3120000015,温渎路1停车场,柯桥区,21,17,2021-07-05 16:14:10.533
P3120000016,温渎路2停车场,柯桥区,15,9,2021-07-05 16:14:10.533
P3120000017,万家巷停车场,柯桥区,40,29,2021-07-05 16:14:10.533
P3120000018,黄社溇路1停车场,柯桥区,16,4,2021-07-05 16:14:10.533
P3120000019,黄社溇路2停车场,柯桥区,18,9,2021-07-05 16:14:10.533
P3120000025,金杨路1（中医院）停车场,柯桥区,28,22,2021-07-05 16:14:10.533
P3120000027,金杨路3停车场,柯桥区,28,18,2021-07-05 16:14:10.533
P3120000028,鉴湖路1（锦江花园）停车场,柯桥区,29,23,2021-07-05 16:14:10.533
P3120000030,鉴湖路3停车场,柯桥区,12,9,2021-07-05 16:14:10.533
P3120000032,鉴湖路5（四大银行）停车场,柯桥区,16,2,2021-07-05 16:14:10.533
P3120000033,港越路1(步行街1)停车场,柯桥区,14,5,2021-07-05 16:14:10.533
P3120000036,港越路4（肯德基）停车场,柯桥区,21,5,2021-07-05 16:14:10.533
P3120000037,港越路5（温州饭滩）停车场,柯桥区,22,8,2021-07-05 16:14:10.533
P3120000039,笛扬路1（世纪联华）停车场,柯桥区,31,16,2021-07-05 16:14:10.533
P3120000040,笛扬路2（广厦公寓）停车场,柯桥区,37,24,2021-07-05 16:14:10.533
P3120000041,笛扬路3（樱花电器）停车场,柯桥区,18,15,2021-07-05 16:14:10.533
P3120000042,笛扬路4（工商银行）停车场,柯桥区,23,21,2021-07-05 16:14:10.533
P3120000045,笛扬路7（福年大厦）停车场,柯桥区,22,6,2021-07-05 16:14:10.533
P3120000061,港越路2(精工2)停车场,柯桥区,21,17,2021-07-05 16:14:10.533
P3120000062,港越路1(步行街3)停车场,柯桥区,16,14,2021-07-05 16:14:10.533
P3120000064,港越路1(步行街2)停车场,柯桥区,26,20,2021-07-05 16:14:10.533
P3120000065,温渎路3停车场,柯桥区,11,7,2021-07-05 16:14:10.533
P3120000068,港越路3（精工）停车场,柯桥区,23,9,2021-07-05 16:14:10.533
P3120000017,万家巷停车场,柯桥区,40,30,2021-07-05 16:24:12.553
P3120000018,黄社溇路1停车场,柯桥区,16,2,2021-07-05 16:24:12.553
P3120000019,黄社溇路2停车场,柯桥区,18,10,2021-07-05 16:24:12.553
P3120000025,金杨路1（中医院）停车场,柯桥区,28,23,2021-07-05 16:24:12.553
P3120000028,鉴湖路1（锦江花园）停车场,柯桥区,29,26,2021-07-05 16:24:12.553
P3120000029,鉴湖路2（锦江花园）停车场,柯桥区,21,20,2021-07-05 16:24:12.553
P3120000032,鉴湖路5（四大银行）停车场,柯桥区,16,1,2021-07-05 16:24:12.553
P3120000036,港越路4（肯德基）停车场,柯桥区,21,4,2021-07-05 16:24:12.553
P3120000037,港越路5（温州饭滩）停车场,柯桥区,22,9,2021-07-05 16:24:12.553
P3120000041,笛扬路3（樱花电器）停车场,柯桥区,18,14,2021-07-05 16:24:12.553
P3120000042,笛扬路4（工商银行）停车场,柯桥区,23,20,2021-07-05 16:24:12.553
P3120000045,笛扬路7（福年大厦）停车场,柯桥区,22,8,2021-07-05 16:24:12.553
P3120000061,港越路2(精工2)停车场,柯桥区,21,18,2021-07-05 16:24:12.553
P3120000064,港越路1(步行街2)停车场,柯桥区,26,18,2021-07-05 16:24:12.553
P3120000065,温渎路3停车场,柯桥区,11,8,2021-07-05 16:24:12.553
P3120000068,港越路3（精工）停车场,柯桥区,23,10,2021-07-05 16:24:12.553
P3120000014,人和路停车场,柯桥区,19,16,2021-07-05 16:34:11.573
P3120000015,温渎路1停车场,柯桥区,21,18,2021-07-05 16:34:11.573
P3120000027,金杨路3停车场,柯桥区,28,19,2021-07-05 16:34:11.573
P3120000028,鉴湖路1（锦江花园）停车场,柯桥区,29,22,2021-07-05 16:34:11.573
P3120000029,鉴湖路2（锦江花园）停车场,柯桥区,21,18,2021-07-05 16:34:11.573
P3120000032,鉴湖路5（四大银行）停车场,柯桥区,16,2,2021-07-05 16:34:11.573
P3120000033,港越路1(步行街1)停车场,柯桥区,14,4,2021-07-05 16:34:11.573
P3120000038,港越路6停车场,柯桥区,16,6,2021-07-05 16:34:11.573
P3120000039,笛扬路1（世纪联华）停车场,柯桥区,31,18,2021-07-05 16:34:11.573
P3120000040,笛扬路2（广厦公寓）停车场,柯桥区,37,27,2021-07-05 16:34:11.573
P3120000041,笛扬路3（樱花电器）停车场,柯桥区,18,15,2021-07-05 16:34:11.573
P3120000042,笛扬路4（工商银行）停车场,柯桥区,23,21,2021-07-05 16:34:11.573
P3120000045,笛扬路7（福年大厦）停车场,柯桥区,22,10,2021-07-05 16:34:11.573
P3120000061,港越路2(精工2)停车场,柯桥区,21,17,2021-07-05 16:34:11.573
P3120000014,人和路停车场,柯桥区,19,14,2021-07-05 16:44:09.63
P3120000015,温渎路1停车场,柯桥区,21,20,2021-07-05 16:44:09.63
P3120000016,温渎路2停车场,柯桥区,15,10,2021-07-05 16:44:09.63
P3120000018,黄社溇路1停车场,柯桥区,16,5,2021-07-05 16:44:09.63
P3120000019,黄社溇路2停车场,柯桥区,18,11,2021-07-05 16:44:09.63
P3120000025,金杨路1（中医院）停车场,柯桥区,28,24,2021-07-05 16:44:09.63
P3120000028,鉴湖路1（锦江花园）停车场,柯桥区,29,23,2021-07-05 16:44:09.63
P3120000029,鉴湖路2（锦江花园）停车场,柯桥区,21,19,2021-07-05 16:44:09.63
P3120000030,鉴湖路3停车场,柯桥区,12,10,2021-07-05 16:44:09.63
P3120000032,鉴湖路5（四大银行）停车场,柯桥区,16,6,2021-07-05 16:44:09.63
P3120000036,港越路4（肯德基）停车场,柯桥区,21,2,2021-07-05 16:44:09.63
P3120000038,港越路6停车场,柯桥区,16,7,2021-07-05 16:44:09.63
P3120000039,笛扬路1（世纪联华）停车场,柯桥区,31,20,2021-07-05 16:44:09.63
P3120000041,笛扬路3（樱花电器）停车场,柯桥区,18,14,2021-07-05 16:44:09.63
P3120000042,笛扬路4（工商银行）停车场,柯桥区,23,20,2021-07-05 16:44:09.63
P3120000045,笛扬路7（福年大厦）停车场,柯桥区,22,9,2021-07-05 16:44:09.63
P3120000062,港越路1(步行街3)停车场,柯桥区,16,13,2021-07-05 16:44:09.63
P3120000064,港越路1(步行街2)停车场,柯桥区,26,17,2021-07-05 16:44:09.63
P3120000068,港越路3（精工）停车场,柯桥区,23,9,2021-07-05 16:44:09.63
P3120000017,万家巷停车场,柯桥区,40,32,2021-07-05 16:54:11.057
P3120000018,黄社溇路1停车场,柯桥区,16,4,2021-07-05 16:54:11.057
P3120000019,黄社溇路2停车场,柯桥区,18,9,2021-07-05 16:54:11.057
P3120000025,金杨路1（中医院）停车场,柯桥区,28,23,2021-07-05 16:54:11.057
P3120000027,金杨路3停车场,柯桥区,28,18,2021-07-05 16:54:11.057
P3120000032,鉴湖路5（四大银行）停车场,柯桥区,16,8,2021-07-05 16:54:11.057
P3120000033,港越路1(步行街1)停车场,柯桥区,14,6,2021-07-05 16:54:11.057
P3120000036,港越路4（肯德基）停车场,柯桥区,21,1,2021-07-05 16:54:11.057
P3120000037,港越路5（温州饭滩）停车场,柯桥区,22,11,2021-07-05 16:54:11.057
P3120000038,港越路6停车场,柯桥区,16,6,2021-07-05 16:54:11.057
P3120000039,笛扬路1（世纪联华）停车场,柯桥区,31,18,2021-07-05 16:54:11.057
P3120000040,笛扬路2（广厦公寓）停车场,柯桥区,37,29,2021-07-05 16:54:11.057
P3120000041,笛扬路3（樱花电器）停车场,柯桥区,18,15,2021-07-05 16:54:11.057
P3120000045,笛扬路7（福年大厦）停车场,柯桥区,22,8,2021-07-05 16:54:11.057
P3120000061,港越路2(精工2)停车场,柯桥区,21,18,2021-07-05 16:54:11.057
P3120000062,港越路1(步行街3)停车场,柯桥区,16,14,2021-07-05 16:54:11.057
P3120000064,港越路1(步行街2)停车场,柯桥区,26,16,2021-07-05 16:54:11.057
P3120000065,温渎路3停车场,柯桥区,11,9,2021-07-05 16:54:11.057
P3120000015,温渎路1停车场,柯桥区,21,18,2021-07-05 17:04:10.99
P3120000017,万家巷停车场,柯桥区,40,31,2021-07-05 17:04:10.99
P3120000018,黄社溇路1停车场,柯桥区,16,3,2021-07-05 17:04:10.99
P3120000025,金杨路1（中医院）停车场,柯桥区,28,22,2021-07-05 17:04:10.99
P3120000027,金杨路3停车场,柯桥区,28,19,2021-07-05 17:04:10.99
P3120000028,鉴湖路1（锦江花园）停车场,柯桥区,29,24,2021-07-05 17:04:10.99
P3120000029,鉴湖路2（锦江花园）停车场,柯桥区,21,16,2021-07-05 17:04:10.99
P3120000030,鉴湖路3停车场,柯桥区,12,11,2021-07-05 17:04:10.99
P3120000033,港越路1(步行街1)停车场,柯桥区,14,5,2021-07-05 17:04:10.99
P3120000037,港越路5（温州饭滩）停车场,柯桥区,22,8,2021-07-05 17:04:10.99
P3120000038,港越路6停车场,柯桥区,16,7,2021-07-05 17:04:10.99
P3120000039,笛扬路1（世纪联华）停车场,柯桥区,31,19,2021-07-05 17:04:10.99
P3120000040,笛扬路2（广厦公寓）停车场,柯桥区,37,28,2021-07-05 17:04:10.99
P3120000041,笛扬路3（樱花电器）停车场,柯桥区,18,14,2021-07-05 17:04:10.99
P3120000042,笛扬路4（工商银行）停车场,柯桥区,23,21,2021-07-05 17:04:10.99
P3120000062,港越路1(步行街3)停车场,柯桥区,16,15,2021-07-05 17:04:10.99
P3120000064,港越路1(步行街2)停车场,柯桥区,26,17,2021-07-05 17:04:10.99
P3120000015,温渎路1停车场,柯桥区,21,19,2021-07-05 17:14:10.823
P3120000016,温渎路2停车场,柯桥区,15,8,2021-07-05 17:14:10.823
P3120000017,万家巷停车场,柯桥区,40,33,2021-07-05 17:14:10.823
P3120000025,金杨路1（中医院）停车场,柯桥区,28,23,2021-07-05 17:14:10.823
P3120000027,金杨路3停车场,柯桥区,28,18,2021-07-05 17:14:10.823
P3120000028,鉴湖路1（锦江花园）停车场,柯桥区,29,23,2021-07-05 17:14:10.823
P3120000032,鉴湖路5（四大银行）停车场,柯桥区,16,9,2021-07-05 17:14:10.823
P3120000033,港越路1(步行街1)停车场,柯桥区,14,4,2021-07-05 17:14:10.823
P3120000036,港越路4（肯德基）停车场,柯桥区,21,4,2021-07-05 17:14:10.823
P3120000040,笛扬路2（广厦公寓）停车场,柯桥区,37,30,2021-07-05 17:14:10.823
P3120000061,港越路2(精工2)停车场,柯桥区,21,17,2021-07-05 17:14:10.823
P3120000062,港越路1(步行街3)停车场,柯桥区,16,14,2021-07-05 17:14:10.823
P3120000065,温渎路3停车场,柯桥区,11,10,2021-07-05 17:14:10.823
P3120000068,港越路3（精工）停车场,柯桥区,23,12,2021-07-05 17:14:10.823
P3120000015,温渎路1停车场,柯桥区,21,18,2021-07-05 17:24:10.303
P3120000016,温渎路2停车场,柯桥区,15,9,2021-07-05 17:24:10.303
P3120000017,万家巷停车场,柯桥区,40,32,2021-07-05 17:24:10.303
P3120000018,黄社溇路1停车场,柯桥区,16,4,2021-07-05 17:24:10.303
P3120000019,黄社溇路2停车场,柯桥区,18,6,2021-07-05 17:24:10.303
P3120000025,金杨路1（中医院）停车场,柯桥区,28,22,2021-07-05 17:24:10.303
P3120000027,金杨路3停车场,柯桥区,28,20,2021-07-05 17:24:10.303
P3120000028,鉴湖路1（锦江花园）停车场,柯桥区,29,24,2021-07-05 17:24:10.303
P3120000029,鉴湖路2（锦江花园）停车场,柯桥区,21,14,2021-07-05 17:24:10.303
P3120000030,鉴湖路3停车场,柯桥区,12,10,2021-07-05 17:24:10.303
P3120000032,鉴湖路5（四大银行）停车场,柯桥区,16,12,2021-07-05 17:24:10.303
P3120000033,港越路1(步行街1)停车场,柯桥区,14,6,2021-07-05 17:24:10.303
P3120000037,港越路5（温州饭滩）停车场,柯桥区,22,6,2021-07-05 17:24:10.303
P3120000038,港越路6停车场,柯桥区,16,10,2021-07-05 17:24:10.303
P3120000039,笛扬路1（世纪联华）停车场,柯桥区,31,21,2021-07-05 17:24:10.303
P3120000040,笛扬路2（广厦公寓）停车场,柯桥区,37,32,2021-07-05 17:24:10.303
P3120000041,笛扬路3（樱花电器）停车场,柯桥区,18,15,2021-07-05 17:24:10.303
P3120000061,港越路2(精工2)停车场,柯桥区,21,18,2021-07-05 17:24:10.303
P3120000064,港越路1(步行街2)停车场,柯桥区,26,18,2021-07-05 17:24:10.303
P3120000065,温渎路3停车场,柯桥区,11,11,2021-07-05 17:24:10.303
P3120000068,港越路3（精工）停车场,柯桥区,23,14,2021-07-05 17:24:10.303
P3120000014,人和路停车场,柯桥区,19,12,2021-07-05 17:34:10.253
P3120000015,温渎路1停车场,柯桥区,21,17,2021-07-05 17:34:10.253
P3120000016,温渎路2停车场,柯桥区,15,8,2021-07-05 17:34:10.253
P3120000018,黄社溇路1停车场,柯桥区,16,3,2021-07-05 17:34:10.253
P3120000019,黄社溇路2停车场,柯桥区,18,7,2021-07-05 17:34:10.253
P3120000025,金杨路1（中医院）停车场,柯桥区,28,21,2021-07-05 17:34:10.253
P3120000027,金杨路3停车场,柯桥区,28,18,2021-07-05 17:34:10.253
P3120000029,鉴湖路2（锦江花园）停车场,柯桥区,21,15,2021-07-05 17:34:10.253
P3120000037,港越路5（温州饭滩）停车场,柯桥区,22,5,2021-07-05 17:34:10.253
P3120000038,港越路6停车场,柯桥区,16,7,2021-07-05 17:34:10.253
P3120000040,笛扬路2（广厦公寓）停车场,柯桥区,37,33,2021-07-05 17:34:10.253
P3120000042,笛扬路4（工商银行）停车场,柯桥区,23,20,2021-07-05 17:34:10.253
P3120000045,笛扬路7（福年大厦）停车场,柯桥区,22,6,2021-07-05 17:34:10.253
P3120000061,港越路2(精工2)停车场,柯桥区,21,19,2021-07-05 17:34:10.253
P3120000068,港越路3（精工）停车场,柯桥区,23,15,2021-07-05 17:34:10.253
P3120000017,万家巷停车场,柯桥区,40,33,2021-07-05 17:44:10.483
P3120000018,黄社溇路1停车场,柯桥区,16,5,2021-07-05 17:44:10.483
P3120000019,黄社溇路2停车场,柯桥区,18,9,2021-07-05 17:44:10.483
P3120000025,金杨路1（中医院）停车场,柯桥区,28,20,2021-07-05 17:44:10.483
P3120000027,金杨路3停车场,柯桥区,28,17,2021-07-05 17:44:10.483
P3120000029,鉴湖路2（锦江花园）停车场,柯桥区,21,13,2021-07-05 17:44:10.483
P3120000030,鉴湖路3停车场,柯桥区,12,11,2021-07-05 17:44:10.483
P3120000033,港越路1(步行街1)停车场,柯桥区,14,7,2021-07-05 17:44:10.483
P3120000037,港越路5（温州饭滩）停车场,柯桥区,22,2,2021-07-05 17:44:10.483
P3120000038,港越路6停车场,柯桥区,16,8,2021-07-05 17:44:10.483
P3120000039,笛扬路1（世纪联华）停车场,柯桥区,31,20,2021-07-05 17:44:10.483
P3120000040,笛扬路2（广厦公寓）停车场,柯桥区,37,30,2021-07-05 17:44:10.483
P3120000041,笛扬路3（樱花电器）停车场,柯桥区,18,16,2021-07-05 17:44:10.483
P3120000042,笛扬路4（工商银行）停车场,柯桥区,23,21,2021-07-05 17:44:10.483
P3120000045,笛扬路7（福年大厦）停车场,柯桥区,22,5,2021-07-05 17:44:10.483
P3120000062,港越路1(步行街3)停车场,柯桥区,16,13,2021-07-05 17:44:10.483
P3120000064,港越路1(步行街2)停车场,柯桥区,26,14,2021-07-05 17:44:10.483
P3120000068,港越路3（精工）停车场,柯桥区,23,14,2021-07-05 17:44:10.483
P3120000014,人和路停车场,柯桥区,19,13,2021-07-05 17:54:11.25
P3120000015,温渎路1停车场,柯桥区,21,19,2021-07-05 17:54:11.25
P3120000016,温渎路2停车场,柯桥区,15,9,2021-07-05 17:54:11.25
P3120000017,万家巷停车场,柯桥区,40,34,2021-07-05 17:54:11.25
P3120000018,黄社溇路1停车场,柯桥区,16,3,2021-07-05 17:54:11.25
P3120000019,黄社溇路2停车场,柯桥区,18,12,2021-07-05 17:54:11.25
P3120000025,金杨路1（中医院）停车场,柯桥区,28,23,2021-07-05 17:54:11.25
P3120000027,金杨路3停车场,柯桥区,28,19,2021-07-05 17:54:11.25
P3120000028,鉴湖路1（锦江花园）停车场,柯桥区,29,28,2021-07-05 17:54:11.25
P3120000029,鉴湖路2（锦江花园）停车场,柯桥区,21,16,2021-07-05 17:54:11.25
P3120000032,鉴湖路5（四大银行）停车场,柯桥区,16,11,2021-07-05 17:54:11.25
P3120000033,港越路1(步行街1)停车场,柯桥区,14,6,2021-07-05 17:54:11.25
P3120000037,港越路5（温州饭滩）停车场,柯桥区,22,4,2021-07-05 17:54:11.25
P3120000039,笛扬路1（世纪联华）停车场,柯桥区,31,21,2021-07-05 17:54:11.25
P3120000040,笛扬路2（广厦公寓）停车场,柯桥区,37,29,2021-07-05 17:54:11.25
P3120000041,笛扬路3（樱花电器）停车场,柯桥区,18,18,2021-07-05 17:54:11.25
P3120000042,笛扬路4（工商银行）停车场,柯桥区,23,23,2021-07-05 17:54:11.25
P3120000061,港越路2(精工2)停车场,柯桥区,21,18,2021-07-05 17:54:11.25
P3120000062,港越路1(步行街3)停车场,柯桥区,16,11,2021-07-05 17:54:11.25
P3120000064,港越路1(步行街2)停车场,柯桥区,26,15,2021-07-05 17:54:11.25
P3120000065,温渎路3停车场,柯桥区,11,9,2021-07-05 17:54:11.25
P3120000068,港越路3（精工）停车场,柯桥区,23,16,2021-07-05 17:54:11.25
P3120000014,人和路停车场,柯桥区,19,19,2021-07-05 18:04:08.24
P3120000015,温渎路1停车场,柯桥区,21,20,2021-07-05 18:04:08.24
P3120000016,温渎路2停车场,柯桥区,15,13,2021-07-05 18:04:08.24
P3120000017,万家巷停车场,柯桥区,40,32,2021-07-05 18:04:08.24
P3120000018,黄社溇路1停车场,柯桥区,16,12,2021-07-05 18:04:08.24
P3120000019,黄社溇路2停车场,柯桥区,18,13,2021-07-05 18:04:08.24
P3120000025,金杨路1（中医院）停车场,柯桥区,28,24,2021-07-05 18:04:08.24
P3120000027,金杨路3停车场,柯桥区,28,24,2021-07-05 18:04:08.24
P3120000028,鉴湖路1（锦江花园）停车场,柯桥区,29,29,2021-07-05 18:04:08.24
P3120000029,鉴湖路2（锦江花园）停车场,柯桥区,21,20,2021-07-05 18:04:08.24
P3120000032,鉴湖路5（四大银行）停车场,柯桥区,16,14,2021-07-05 18:04:08.24
P3120000033,港越路1(步行街1)停车场,柯桥区,14,13,2021-07-05 18:04:08.24
P3120000034,港越路2（精工）停车场,柯桥区,12,11,2021-07-05 18:04:08.24
P3120000036,港越路4（肯德基）停车场,柯桥区,21,21,2021-07-05 18:04:08.24
P3120000037,港越路5（温州饭滩）停车场,柯桥区,22,20,2021-07-05 18:04:08.24
P3120000038,港越路6停车场,柯桥区,16,16,2021-07-05 18:04:08.24
P3120000039,笛扬路1（世纪联华）停车场,柯桥区,31,30,2021-07-05 18:04:08.24
P3120000040,笛扬路2（广厦公寓）停车场,柯桥区,37,31,2021-07-05 18:04:08.24
P3120000045,笛扬路7（福年大厦）停车场,柯桥区,22,18,2021-07-05 18:04:08.24
P3120000061,港越路2(精工2)停车场,柯桥区,21,20,2021-07-05 18:04:08.24
P3120000062,港越路1(步行街3)停车场,柯桥区,16,14,2021-07-05 18:04:08.24
P3120000064,港越路1(步行街2)停车场,柯桥区,26,18,2021-07-05 18:04:08.24
P3120000065,温渎路3停车场,柯桥区,11,11,2021-07-05 18:04:08.24
P3120000068,港越路3（精工）停车场,柯桥区,23,20,2021-07-05 18:04:08.24
P3120000014,人和路停车场,柯桥区,19,18,2021-07-05 18:14:08.923
P3120000015,温渎路1停车场,柯桥区,21,19,2021-07-05 18:14:08.923
P3120000016,温渎路2停车场,柯桥区,15,11,2021-07-05 18:14:08.923
P3120000017,万家巷停车场,柯桥区,40,29,2021-07-05 18:14:08.923
P3120000019,黄社溇路2停车场,柯桥区,18,15,2021-07-05 18:14:08.923
P3120000025,金杨路1（中医院）停车场,柯桥区,28,23,2021-07-05 18:14:08.923
P3120000027,金杨路3停车场,柯桥区,28,23,2021-07-05 18:14:08.923
P3120000028,鉴湖路1（锦江花园）停车场,柯桥区,29,26,2021-07-05 18:14:08.923
P3120000029,鉴湖路2（锦江花园）停车场,柯桥区,21,21,2021-07-05 18:14:08.923
P3120000032,鉴湖路5（四大银行）停车场,柯桥区,16,12,2021-07-05 18:14:08.923
P3120000033,港越路1(步行街1)停车场,柯桥区,14,12,2021-07-05 18:14:08.923
P3120000036,港越路4（肯德基）停车场,柯桥区,21,20,2021-07-05 18:14:08.923
P3120000037,港越路5（温州饭滩）停车场,柯桥区,22,21,2021-07-05 18:14:08.923
P3120000038,港越路6停车场,柯桥区,16,14,2021-07-05 18:14:08.923
P3120000040,笛扬路2（广厦公寓）停车场,柯桥区,37,33,2021-07-05 18:14:08.923
P3120000042,笛扬路4（工商银行）停车场,柯桥区,23,21,2021-07-05 18:14:08.923
P3120000045,笛扬路7（福年大厦）停车场,柯桥区,22,17,2021-07-05 18:14:08.923
P3120000065,温渎路3停车场,柯桥区,11,10,2021-07-05 18:14:08.923
P3120000068,港越路3（精工）停车场,柯桥区,23,18,2021-07-05 18:14:08.923
P3120000014,人和路停车场,柯桥区,19,16,2021-07-05 18:24:09.93
P3120000015,温渎路1停车场,柯桥区,21,18,2021-07-05 18:24:09.93
P3120000019,黄社溇路2停车场,柯桥区,18,9,2021-07-05 18:24:09.93
P3120000027,金杨路3停车场,柯桥区,28,21,2021-07-05 18:24:09.93
P3120000028,鉴湖路1（锦江花园）停车场,柯桥区,29,25,2021-07-05 18:24:09.93
P3120000029,鉴湖路2（锦江花园）停车场,柯桥区,21,18,2021-07-05 18:24:09.93
P3120000032,鉴湖路5（四大银行）停车场,柯桥区,16,13,2021-07-05 18:24:09.93
P3120000033,港越路1(步行街1)停车场,柯桥区,14,10,2021-07-05 18:24:09.93
P3120000034,港越路2（精工）停车场,柯桥区,12,10,2021-07-05 18:24:09.93
P3120000036,港越路4（肯德基）停车场,柯桥区,21,18,2021-07-05 18:24:09.93
P3120000037,港越路5（温州饭滩）停车场,柯桥区,22,15,2021-07-05 18:24:09.93
P3120000038,港越路6停车场,柯桥区,16,13,2021-07-05 18:24:09.93
P3120000039,笛扬路1（世纪联华）停车场,柯桥区,31,27,2021-07-05 18:24:09.93
P3120000040,笛扬路2（广厦公寓）停车场,柯桥区,37,32,2021-07-05 18:24:09.93
P3120000045,笛扬路7（福年大厦）停车场,柯桥区,22,16,2021-07-05 18:24:09.93
P3120000061,港越路2(精工2)停车场,柯桥区,21,19,2021-07-05 18:24:09.93
P3120000062,港越路1(步行街3)停车场,柯桥区,16,11,2021-07-05 18:24:09.93
P3120000064,港越路1(步行街2)停车场,柯桥区,26,15,2021-07-05 18:24:09.93
P3120000068,港越路3（精工）停车场,柯桥区,23,17,2021-07-05 18:24:09.93
P3120000015,温渎路1停车场,柯桥区,21,13,2021-07-05 18:34:10.56
P3120000017,万家巷停车场,柯桥区,40,28,2021-07-05 18:34:10.56
P3120000018,黄社溇路1停车场,柯桥区,16,6,2021-07-05 18:34:10.56
P3120000019,黄社溇路2停车场,柯桥区,18,3,2021-07-05 18:34:10.56
P3120000027,金杨路3停车场,柯桥区,28,20,2021-07-05 18:34:10.56
P3120000028,鉴湖路1（锦江花园）停车场,柯桥区,29,26,2021-07-05 18:34:10.56
P3120000029,鉴湖路2（锦江花园）停车场,柯桥区,21,20,2021-07-05 18:34:10.56
P3120000030,鉴湖路3停车场,柯桥区,12,10,2021-07-05 18:34:10.56
P3120000032,鉴湖路5（四大银行）停车场,柯桥区,16,11,2021-07-05 18:34:10.56
P3120000037,港越路5（温州饭滩）停车场,柯桥区,22,14,2021-07-05 18:34:10.56
P3120000038,港越路6停车场,柯桥区,16,10,2021-07-05 18:34:10.56
P3120000039,笛扬路1（世纪联华）停车场,柯桥区,31,28,2021-07-05 18:34:10.56
P3120000040,笛扬路2（广厦公寓）停车场,柯桥区,37,28,2021-07-05 18:34:10.56
P3120000042,笛扬路4（工商银行）停车场,柯桥区,23,20,2021-07-05 18:34:10.56
P3120000045,笛扬路7（福年大厦）停车场,柯桥区,22,14,2021-07-05 18:34:10.56
P3120000061,港越路2(精工2)停车场,柯桥区,21,15,2021-07-05 18:34:10.56
P3120000062,港越路1(步行街3)停车场,柯桥区,16,10,2021-07-05 18:34:10.56
P3120000064,港越路1(步行街2)停车场,柯桥区,26,10,2021-07-05 18:34:10.56
P3120000065,温渎路3停车场,柯桥区,11,8,2021-07-05 18:34:10.56
P3120000068,港越路3（精工）停车场,柯桥区,23,16,2021-07-05 18:34:10.56
P3120000014,人和路停车场,柯桥区,19,17,2021-07-05 18:44:09.13
P3120000015,温渎路1停车场,柯桥区,21,15,2021-07-05 18:44:09.13
P3120000017,万家巷停车场,柯桥区,40,22,2021-07-05 18:44:09.13
P3120000018,黄社溇路1停车场,柯桥区,16,1,2021-07-05 18:44:09.13
P3120000019,黄社溇路2停车场,柯桥区,18,4,2021-07-05 18:44:09.13
P3120000025,金杨路1（中医院）停车场,柯桥区,28,20,2021-07-05 18:44:09.13
P3120000027,金杨路3停车场,柯桥区,28,19,2021-07-05 18:44:09.13
P3120000028,鉴湖路1（锦江花园）停车场,柯桥区,29,24,2021-07-05 18:44:09.13
P3120000029,鉴湖路2（锦江花园）停车场,柯桥区,21,16,2021-07-05 18:44:09.13
P3120000030,鉴湖路3停车场,柯桥区,12,6,2021-07-05 18:44:09.13
P3120000032,鉴湖路5（四大银行）停车场,柯桥区,16,13,2021-07-05 18:44:09.13
P3120000033,港越路1(步行街1)停车场,柯桥区,14,8,2021-07-05 18:44:09.13
P3120000036,港越路4（肯德基）停车场,柯桥区,21,12,2021-07-05 18:44:09.13
P3120000037,港越路5（温州饭滩）停车场,柯桥区,22,16,2021-07-05 18:44:09.13
P3120000038,港越路6停车场,柯桥区,16,13,2021-07-05 18:44:09.13
P3120000039,笛扬路1（世纪联华）停车场,柯桥区,31,24,2021-07-05 18:44:09.13
P3120000040,笛扬路2（广厦公寓）停车场,柯桥区,37,29,2021-07-05 18:44:09.13
P3120000041,笛扬路3（樱花电器）停车场,柯桥区,18,16,2021-07-05 18:44:09.13
P3120000045,笛扬路7（福年大厦）停车场,柯桥区,22,15,2021-07-05 18:44:09.13
P3120000061,港越路2(精工2)停车场,柯桥区,21,16,2021-07-05 18:44:09.13
P3120000062,港越路1(步行街3)停车场,柯桥区,16,9,2021-07-05 18:44:09.13
P3120000064,港越路1(步行街2)停车场,柯桥区,26,11,2021-07-05 18:44:09.13
P3120000065,温渎路3停车场,柯桥区,11,9,2021-07-05 18:44:09.13
P3120000014,人和路停车场,柯桥区,19,7,2021-07-05 18:54:09.34
P3120000016,温渎路2停车场,柯桥区,15,10,2021-07-05 18:54:09.34
P3120000017,万家巷停车场,柯桥区,40,21,2021-07-05 18:54:09.34
P3120000018,黄社溇路1停车场,柯桥区,16,2,2021-07-05 18:54:09.34
P3120000019,黄社溇路2停车场,柯桥区,18,1,2021-07-05 18:54:09.34
P3120000025,金杨路1（中医院）停车场,柯桥区,28,18,2021-07-05 18:54:09.34
P3120000028,鉴湖路1（锦江花园）停车场,柯桥区,29,23,2021-07-05 18:54:09.34
P3120000029,鉴湖路2（锦江花园）停车场,柯桥区,21,17,2021-07-05 18:54:09.34
P3120000030,鉴湖路3停车场,柯桥区,12,5,2021-07-05 18:54:09.34
P3120000032,鉴湖路5（四大银行）停车场,柯桥区,16,8,2021-07-05 18:54:09.34
P3120000033,港越路1(步行街1)停车场,柯桥区,14,7,2021-07-05 18:54:09.34
P3120000034,港越路2（精工）停车场,柯桥区,12,9,2021-07-05 18:54:09.34
P3120000036,港越路4（肯德基）停车场,柯桥区,21,10,2021-07-05 18:54:09.34
P3120000037,港越路5（温州饭滩）停车场,柯桥区,22,14,2021-07-05 18:54:09.34
P3120000038,港越路6停车场,柯桥区,16,11,2021-07-05 18:54:09.34
P3120000039,笛扬路1（世纪联华）停车场,柯桥区,31,23,2021-07-05 18:54:09.34
P3120000040,笛扬路2（广厦公寓）停车场,柯桥区,37,27,2021-07-05 18:54:09.34
P3120000042,笛扬路4（工商银行）停车场,柯桥区,23,19,2021-07-05 18:54:09.34
P3120000045,笛扬路7（福年大厦）停车场,柯桥区,22,14,2021-07-05 18:54:09.34
P3120000061,港越路2(精工2)停车场,柯桥区,21,14,2021-07-05 18:54:09.34
P3120000062,港越路1(步行街3)停车场,柯桥区,16,7,2021-07-05 18:54:09.34
P3120000068,港越路3（精工）停车场,柯桥区,23,15,2021-07-05 18:54:09.34
P3120000014,人和路停车场,柯桥区,19,6,2021-07-05 19:04:11.337
P3120000015,温渎路1停车场,柯桥区,21,16,2021-07-05 19:04:11.337
P3120000016,温渎路2停车场,柯桥区,15,9,2021-07-05 19:04:11.337
P3120000017,万家巷停车场,柯桥区,40,22,2021-07-05 19:04:11.337
P3120000018,黄社溇路1停车场,柯桥区,16,0,2021-07-05 19:04:11.337
P3120000019,黄社溇路2停车场,柯桥区,18,0,2021-07-05 19:04:11.337
P3120000025,金杨路1（中医院）停车场,柯桥区,28,19,2021-07-05 19:04:11.337
P3120000028,鉴湖路1（锦江花园）停车场,柯桥区,29,24,2021-07-05 19:04:11.337
P3120000030,鉴湖路3停车场,柯桥区,12,4,2021-07-05 19:04:11.337
P3120000036,港越路4（肯德基）停车场,柯桥区,21,11,2021-07-05 19:04:11.337
P3120000037,港越路5（温州饭滩）停车场,柯桥区,22,12,2021-07-05 19:04:11.337
P3120000038,港越路6停车场,柯桥区,16,7,2021-07-05 19:04:11.337
P3120000040,笛扬路2（广厦公寓）停车场,柯桥区,37,26,2021-07-05 19:04:11.337
P3120000042,笛扬路4（工商银行）停车场,柯桥区,23,20,2021-07-05 19:04:11.337
P3120000045,笛扬路7（福年大厦）停车场,柯桥区,22,13,2021-07-05 19:04:11.337
P3120000061,港越路2(精工2)停车场,柯桥区,21,15,2021-07-05 19:04:11.337
P3120000062,港越路1(步行街3)停车场,柯桥区,16,8,2021-07-05 19:04:11.337
P3120000064,港越路1(步行街2)停车场,柯桥区,26,10,2021-07-05 19:04:11.337
P3120000014,人和路停车场,柯桥区,19,8,2021-07-05 19:14:11.107
P3120000015,温渎路1停车场,柯桥区,21,15,2021-07-05 19:14:11.107
P3120000016,温渎路2停车场,柯桥区,15,11,2021-07-05 19:14:11.107
P3120000017,万家巷停车场,柯桥区,40,20,2021-07-05 19:14:11.107
P3120000025,金杨路1（中医院）停车场,柯桥区,28,20,2021-07-05 19:14:11.107
P3120000027,金杨路3停车场,柯桥区,28,18,2021-07-05 19:14:11.107
P3120000028,鉴湖路1（锦江花园）停车场,柯桥区,29,23,2021-07-05 19:14:11.107
P3120000029,鉴湖路2（锦江花园）停车场,柯桥区,21,13,2021-07-05 19:14:11.107
P3120000030,鉴湖路3停车场,柯桥区,12,5,2021-07-05 19:14:11.107
P3120000032,鉴湖路5（四大银行）停车场,柯桥区,16,7,2021-07-05 19:14:11.107
P3120000034,港越路2（精工）停车场,柯桥区,12,8,2021-07-05 19:14:11.107
P3120000036,港越路4（肯德基）停车场,柯桥区,21,10,2021-07-05 19:14:11.107
P3120000038,港越路6停车场,柯桥区,16,8,2021-07-05 19:14:11.107
P3120000039,笛扬路1（世纪联华）停车场,柯桥区,31,21,2021-07-05 19:14:11.107
P3120000040,笛扬路2（广厦公寓）停车场,柯桥区,37,24,2021-07-05 19:14:11.107
P3120000042,笛扬路4（工商银行）停车场,柯桥区,23,22,2021-07-05 19:14:11.107
P3120000061,港越路2(精工2)停车场,柯桥区,21,18,2021-07-05 19:14:11.107
P3120000062,港越路1(步行街3)停车场,柯桥区,16,6,2021-07-05 19:14:11.107
P3120000064,港越路1(步行街2)停车场,柯桥区,26,12,2021-07-05 19:14:11.107
P3120000065,温渎路3停车场,柯桥区,11,10,2021-07-05 19:14:11.107
P3120000015,温渎路1停车场,柯桥区,21,16,2021-07-05 19:24:10.357
P3120000017,万家巷停车场,柯桥区,40,21,2021-07-05 19:24:10.357
P3120000025,金杨路1（中医院）停车场,柯桥区,28,17,2021-07-05 19:24:10.357
P3120000028,鉴湖路1（锦江花园）停车场,柯桥区,29,20,2021-07-05 19:24:10.357
P3120000029,鉴湖路2（锦江花园）停车场,柯桥区,21,11,2021-07-05 19:24:10.357
P3120000030,鉴湖路3停车场,柯桥区,12,4,2021-07-05 19:24:10.357
P3120000032,鉴湖路5（四大银行）停车场,柯桥区,16,9,2021-07-05 19:24:10.357
P3120000033,港越路1(步行街1)停车场,柯桥区,14,8,2021-07-05 19:24:10.357
P3120000038,港越路6停车场,柯桥区,16,3,2021-07-05 19:24:10.357
P3120000039,笛扬路1（世纪联华）停车场,柯桥区,31,23,2021-07-05 19:24:10.357
P3120000040,笛扬路2（广厦公寓）停车场,柯桥区,37,23,2021-07-05 19:24:10.357
P3120000041,笛扬路3（樱花电器）停车场,柯桥区,18,17,2021-07-05 19:24:10.357
P3120000042,笛扬路4（工商银行）停车场,柯桥区,23,23,2021-07-05 19:24:10.357
P3120000062,港越路1(步行街3)停车场,柯桥区,16,5,2021-07-05 19:24:10.357
P3120000064,港越路1(步行街2)停车场,柯桥区,26,13,2021-07-05 19:24:10.357
P3120000068,港越路3（精工）停车场,柯桥区,23,18,2021-07-05 19:24:10.357
P3120000014,人和路停车场,柯桥区,19,9,2021-07-05 19:34:10.427
P3120000016,温渎路2停车场,柯桥区,15,13,2021-07-05 19:34:10.427
P3120000019,黄社溇路2停车场,柯桥区,18,1,2021-07-05 19:34:10.427
P3120000025,金杨路1（中医院）停车场,柯桥区,28,18,2021-07-05 19:34:10.427
P3120000027,金杨路3停车场,柯桥区,28,17,2021-07-05 19:34:10.427
P3120000028,鉴湖路1（锦江花园）停车场,柯桥区,29,19,2021-07-05 19:34:10.427
P3120000029,鉴湖路2（锦江花园）停车场,柯桥区,21,9,2021-07-05 19:34:10.427
P3120000030,鉴湖路3停车场,柯桥区,12,5,2021-07-05 19:34:10.427
P3120000032,鉴湖路5（四大银行）停车场,柯桥区,16,8,2021-07-05 19:34:10.427
P3120000034,港越路2（精工）停车场,柯桥区,12,7,2021-07-05 19:34:10.427
P3120000036,港越路4（肯德基）停车场,柯桥区,21,8,2021-07-05 19:34:10.427
P3120000037,港越路5（温州饭滩）停车场,柯桥区,22,8,2021-07-05 19:34:10.427
P3120000040,笛扬路2（广厦公寓）停车场,柯桥区,37,22,2021-07-05 19:34:10.427
P3120000041,笛扬路3（樱花电器）停车场,柯桥区,18,14,2021-07-05 19:34:10.427
P3120000045,笛扬路7（福年大厦）停车场,柯桥区,22,11,2021-07-05 19:34:10.427
P3120000062,港越路1(步行街3)停车场,柯桥区,16,4,2021-07-05 19:34:10.427
P3120000015,温渎路1停车场,柯桥区,21,17,2021-07-05 19:44:10.343
P3120000018,黄社溇路1停车场,柯桥区,16,1,2021-07-05 19:44:10.343
P3120000019,黄社溇路2停车场,柯桥区,18,2,2021-07-05 19:44:10.343
P3120000025,金杨路1（中医院）停车场,柯桥区,28,19,2021-07-05 19:44:10.343
P3120000027,金杨路3停车场,柯桥区,28,18,2021-07-05 19:44:10.343
P3120000028,鉴湖路1（锦江花园）停车场,柯桥区,29,18,2021-07-05 19:44:10.343
P3120000029,鉴湖路2（锦江花园）停车场,柯桥区,21,11,2021-07-05 19:44:10.343
P3120000030,鉴湖路3停车场,柯桥区,12,11,2021-07-05 19:44:10.343
P3120000032,鉴湖路5（四大银行）停车场,柯桥区,16,9,2021-07-05 19:44:10.343
P3120000033,港越路1(步行街1)停车场,柯桥区,14,9,2021-07-05 19:44:10.343
P3120000034,港越路2（精工）停车场,柯桥区,12,8,2021-07-05 19:44:10.343
P3120000036,港越路4（肯德基）停车场,柯桥区,21,6,2021-07-05 19:44:10.343
P3120000039,笛扬路1（世纪联华）停车场,柯桥区,31,21,2021-07-05 19:44:10.343
P3120000040,笛扬路2（广厦公寓）停车场,柯桥区,37,20,2021-07-05 19:44:10.343
P3120000041,笛扬路3（樱花电器）停车场,柯桥区,18,12,2021-07-05 19:44:10.343
P3120000045,笛扬路7（福年大厦）停车场,柯桥区,22,13,2021-07-05 19:44:10.343
P3120000062,港越路1(步行街3)停车场,柯桥区,16,5,2021-07-05 19:44:10.343
P3120000064,港越路1(步行街2)停车场,柯桥区,26,14,2021-07-05 19:44:10.343
P3120000065,温渎路3停车场,柯桥区,11,8,2021-07-05 19:44:10.343
P3120000015,温渎路1停车场,柯桥区,21,19,2021-07-05 19:54:11.243
P3120000019,黄社溇路2停车场,柯桥区,18,7,2021-07-05 19:54:11.243
P3120000025,金杨路1（中医院）停车场,柯桥区,28,18,2021-07-05 19:54:11.243
P3120000027,金杨路3停车场,柯桥区,28,20,2021-07-05 19:54:11.243
P3120000028,鉴湖路1（锦江花园）停车场,柯桥区,29,20,2021-07-05 19:54:11.243
P3120000029,鉴湖路2（锦江花园）停车场,柯桥区,21,12,2021-07-05 19:54:11.243
P3120000032,鉴湖路5（四大银行）停车场,柯桥区,16,8,2021-07-05 19:54:11.243
P3120000038,港越路6停车场,柯桥区,16,2,2021-07-05 19:54:11.243
P3120000040,笛扬路2（广厦公寓）停车场,柯桥区,37,21,2021-07-05 19:54:11.243
P3120000041,笛扬路3（樱花电器）停车场,柯桥区,18,13,2021-07-05 19:54:11.243
P3120000042,笛扬路4（工商银行）停车场,柯桥区,23,21,2021-07-05 19:54:11.243
P3120000045,笛扬路7（福年大厦）停车场,柯桥区,22,11,2021-07-05 19:54:11.243
P3120000064,港越路1(步行街2)停车场,柯桥区,26,12,2021-07-05 19:54:11.243
P3120000065,温渎路3停车场,柯桥区,11,7,2021-07-05 19:54:11.243
P3120000014,人和路停车场,柯桥区,19,10,2021-07-05 20:04:09.263
P3120000015,温渎路1停车场,柯桥区,21,18,2021-07-05 20:04:09.263
P3120000016,温渎路2停车场,柯桥区,15,12,2021-07-05 20:04:09.263
P3120000017,万家巷停车场,柯桥区,40,20,2021-07-05 20:04:09.263
P3120000025,金杨路1（中医院）停车场,柯桥区,28,20,2021-07-05 20:04:09.263
P3120000027,金杨路3停车场,柯桥区,28,21,2021-07-05 20:04:09.263
P3120000028,鉴湖路1（锦江花园）停车场,柯桥区,29,21,2021-07-05 20:04:09.263
P3120000029,鉴湖路2（锦江花园）停车场,柯桥区,21,7,2021-07-05 20:04:09.263
P3120000032,鉴湖路5（四大银行）停车场,柯桥区,16,5,2021-07-05 20:04:09.263
P3120000034,港越路2（精工）停车场,柯桥区,12,7,2021-07-05 20:04:09.263
P3120000037,港越路5（温州饭滩）停车场,柯桥区,22,7,2021-07-05 20:04:09.263
P3120000038,港越路6停车场,柯桥区,16,3,2021-07-05 20:04:09.263
P3120000041,笛扬路3（樱花电器）停车场,柯桥区,18,12,2021-07-05 20:04:09.263
P3120000062,港越路1(步行街3)停车场,柯桥区,16,4,2021-07-05 20:04:09.263
P3120000064,港越路1(步行街2)停车场,柯桥区,26,11,2021-07-05 20:04:09.263
P3120000065,温渎路3停车场,柯桥区,11,6,2021-07-05 20:04:09.263
P3120000068,港越路3（精工）停车场,柯桥区,23,19,2021-07-05 20:04:09.263
P3120000015,温渎路1停车场,柯桥区,21,17,2021-07-05 20:14:09.297
P3120000017,万家巷停车场,柯桥区,40,21,2021-07-05 20:14:09.297
P3120000018,黄社溇路1停车场,柯桥区,16,2,2021-07-05 20:14:09.297
P3120000019,黄社溇路2停车场,柯桥区,18,6,2021-07-05 20:14:09.297
P3120000027,金杨路3停车场,柯桥区,28,18,2021-07-05 20:14:09.297
P3120000028,鉴湖路1（锦江花园）停车场,柯桥区,29,19,2021-07-05 20:14:09.297
P3120000029,鉴湖路2（锦江花园）停车场,柯桥区,21,5,2021-07-05 20:14:09.297
P3120000037,港越路5（温州饭滩）停车场,柯桥区,22,6,2021-07-05 20:14:09.297
P3120000039,笛扬路1（世纪联华）停车场,柯桥区,31,18,2021-07-05 20:14:09.297
P3120000040,笛扬路2（广厦公寓）停车场,柯桥区,37,20,2021-07-05 20:14:09.297
P3120000045,笛扬路7（福年大厦）停车场,柯桥区,22,12,2021-07-05 20:14:09.297
P3120000062,港越路1(步行街3)停车场,柯桥区,16,3,2021-07-05 20:14:09.297
P3120000068,港越路3（精工）停车场,柯桥区,23,16,2021-07-05 20:14:09.297
P3120000014,人和路停车场,柯桥区,19,11,2021-07-05 20:24:09.073
P3120000016,温渎路2停车场,柯桥区,15,11,2021-07-05 20:24:09.073
P3120000017,万家巷停车场,柯桥区,40,19,2021-07-05 20:24:09.073
P3120000018,黄社溇路1停车场,柯桥区,16,1,2021-07-05 20:24:09.073
P3120000025,金杨路1（中医院）停车场,柯桥区,28,19,2021-07-05 20:24:09.073
P3120000027,金杨路3停车场,柯桥区,28,17,2021-07-05 20:24:09.073
P3120000028,鉴湖路1（锦江花园）停车场,柯桥区,29,17,2021-07-05 20:24:09.073
P3120000032,鉴湖路5（四大银行）停车场,柯桥区,16,6,2021-07-05 20:24:09.073
P3120000037,港越路5（温州饭滩）停车场,柯桥区,22,7,2021-07-05 20:24:09.073
P3120000039,笛扬路1（世纪联华）停车场,柯桥区,31,19,2021-07-05 20:24:09.073
P3120000040,笛扬路2（广厦公寓）停车场,柯桥区,37,23,2021-07-05 20:24:09.073
P3120000041,笛扬路3（樱花电器）停车场,柯桥区,18,13,2021-07-05 20:24:09.073
P3120000042,笛扬路4（工商银行）停车场,柯桥区,23,20,2021-07-05 20:24:09.073
P3120000045,笛扬路7（福年大厦）停车场,柯桥区,22,11,2021-07-05 20:24:09.073
P3120000061,港越路2(精工2)停车场,柯桥区,21,17,2021-07-05 20:24:09.073
P3120000064,港越路1(步行街2)停车场,柯桥区,26,13,2021-07-05 20:24:09.073
P3120000065,温渎路3停车场,柯桥区,11,5,2021-07-05 20:24:09.073
P3120000068,港越路3（精工）停车场,柯桥区,23,17,2021-07-05 20:24:09.073
P3120000014,人和路停车场,柯桥区,19,10,2021-07-05 20:34:09.77
P3120000016,温渎路2停车场,柯桥区,15,10,2021-07-05 20:34:09.77
P3120000018,黄社溇路1停车场,柯桥区,16,2,2021-07-05 20:34:09.77
P3120000019,黄社溇路2停车场,柯桥区,18,9,2021-07-05 20:34:09.77
P3120000025,金杨路1（中医院）停车场,柯桥区,28,18,2021-07-05 20:34:09.77
P3120000028,鉴湖路1（锦江花园）停车场,柯桥区,29,14,2021-07-05 20:34:09.77
P3120000029,鉴湖路2（锦江花园）停车场,柯桥区,21,6,2021-07-05 20:34:09.77
P3120000032,鉴湖路5（四大银行）停车场,柯桥区,16,5,2021-07-05 20:34:09.77
P3120000034,港越路2（精工）停车场,柯桥区,12,6,2021-07-05 20:34:09.77
P3120000036,港越路4（肯德基）停车场,柯桥区,21,8,2021-07-05 20:34:09.77
P3120000039,笛扬路1（世纪联华）停车场,柯桥区,31,20,2021-07-05 20:34:09.77
P3120000040,笛扬路2（广厦公寓）停车场,柯桥区,37,25,2021-07-05 20:34:09.77
P3120000041,笛扬路3（樱花电器）停车场,柯桥区,18,12,2021-07-05 20:34:09.77
P3120000045,笛扬路7（福年大厦）停车场,柯桥区,22,9,2021-07-05 20:34:09.77
P3120000061,港越路2(精工2)停车场,柯桥区,21,16,2021-07-05 20:34:09.77
P3120000062,港越路1(步行街3)停车场,柯桥区,16,6,2021-07-05 20:34:09.77
P3120000064,港越路1(步行街2)停车场,柯桥区,26,11,2021-07-05 20:34:09.77
P3120000065,温渎路3停车场,柯桥区,11,3,2021-07-05 20:34:09.77
P3120000068,港越路3（精工）停车场,柯桥区,23,18,2021-07-05 20:34:09.77
P3120000015,温渎路1停车场,柯桥区,21,18,2021-07-05 20:44:10.06
P3120000016,温渎路2停车场,柯桥区,15,9,2021-07-05 20:44:10.06
P3120000019,黄社溇路2停车场,柯桥区,18,10,2021-07-05 20:44:10.06
P3120000025,金杨路1（中医院）停车场,柯桥区,28,16,2021-07-05 20:44:10.06
P3120000027,金杨路3停车场,柯桥区,28,15,2021-07-05 20:44:10.06
P3120000028,鉴湖路1（锦江花园）停车场,柯桥区,29,15,2021-07-05 20:44:10.06
P3120000029,鉴湖路2（锦江花园）停车场,柯桥区,21,5,2021-07-05 20:44:10.06
P3120000033,港越路1(步行街1)停车场,柯桥区,14,8,2021-07-05 20:44:10.06
P3120000036,港越路4（肯德基）停车场,柯桥区,21,6,2021-07-05 20:44:10.06
P3120000037,港越路5（温州饭滩）停车场,柯桥区,22,6,2021-07-05 20:44:10.06
P3120000038,港越路6停车场,柯桥区,16,4,2021-07-05 20:44:10.06
P3120000039,笛扬路1（世纪联华）停车场,柯桥区,31,21,2021-07-05 20:44:10.06
P3120000042,笛扬路4（工商银行）停车场,柯桥区,23,19,2021-07-05 20:44:10.06
P3120000062,港越路1(步行街3)停车场,柯桥区,16,5,2021-07-05 20:44:10.06
P3120000064,港越路1(步行街2)停车场,柯桥区,26,10,2021-07-05 20:44:10.06
P3120000065,温渎路3停车场,柯桥区,11,5,2021-07-05 20:44:10.06
P3120000068,港越路3（精工）停车场,柯桥区,23,17,2021-07-05 20:44:10.06
P3120000014,人和路停车场,柯桥区,19,9,2021-07-05 20:54:07.38
P3120000016,温渎路2停车场,柯桥区,15,10,2021-07-05 20:54:07.38
P3120000025,金杨路1（中医院）停车场,柯桥区,28,15,2021-07-05 20:54:07.38
P3120000027,金杨路3停车场,柯桥区,28,17,2021-07-05 20:54:07.38
P3120000028,鉴湖路1（锦江花园）停车场,柯桥区,29,14,2021-07-05 20:54:07.38
P3120000029,鉴湖路2（锦江花园）停车场,柯桥区,21,4,2021-07-05 20:54:07.38
P3120000033,港越路1(步行街1)停车场,柯桥区,14,9,2021-07-05 20:54:07.38
P3120000036,港越路4（肯德基）停车场,柯桥区,21,7,2021-07-05 20:54:07.38
P3120000037,港越路5（温州饭滩）停车场,柯桥区,22,4,2021-07-05 20:54:07.38
P3120000038,港越路6停车场,柯桥区,16,2,2021-07-05 20:54:07.38
P3120000039,笛扬路1（世纪联华）停车场,柯桥区,31,22,2021-07-05 20:54:07.38
P3120000040,笛扬路2（广厦公寓）停车场,柯桥区,37,23,2021-07-05 20:54:07.38
P3120000042,笛扬路4（工商银行）停车场,柯桥区,23,21,2021-07-05 20:54:07.38
P3120000045,笛扬路7（福年大厦）停车场,柯桥区,22,10,2021-07-05 20:54:07.38
P3120000061,港越路2(精工2)停车场,柯桥区,21,17,2021-07-05 20:54:07.38
P3120000062,港越路1(步行街3)停车场,柯桥区,16,7,2021-07-05 20:54:07.38
P3120000068,港越路3（精工）停车场,柯桥区,23,16,2021-07-05 20:54:07.38
P3120000016,温渎路2停车场,柯桥区,15,9,2021-07-05 21:04:10.427
P3120000018,黄社溇路1停车场,柯桥区,16,3,2021-07-05 21:04:10.427
P3120000019,黄社溇路2停车场,柯桥区,18,11,2021-07-05 21:04:10.427
P3120000027,金杨路3停车场,柯桥区,28,14,2021-07-05 21:04:10.427
P3120000028,鉴湖路1（锦江花园）停车场,柯桥区,29,16,2021-07-05 21:04:10.427
P3120000029,鉴湖路2（锦江花园）停车场,柯桥区,21,8,2021-07-05 21:04:10.427
P3120000036,港越路4（肯德基）停车场,柯桥区,21,8,2021-07-05 21:04:10.427
P3120000037,港越路5（温州饭滩）停车场,柯桥区,22,5,2021-07-05 21:04:10.427
P3120000039,笛扬路1（世纪联华）停车场,柯桥区,31,20,2021-07-05 21:04:10.427
P3120000040,笛扬路2（广厦公寓）停车场,柯桥区,37,24,2021-07-05 21:04:10.427
P3120000045,笛扬路7（福年大厦）停车场,柯桥区,22,8,2021-07-05 21:04:10.427
P3120000061,港越路2(精工2)停车场,柯桥区,21,15,2021-07-05 21:04:10.427
P3120000062,港越路1(步行街3)停车场,柯桥区,16,6,2021-07-05 21:04:10.427
P3120000064,港越路1(步行街2)停车场,柯桥区,26,9,2021-07-05 21:04:10.427
P3120000016,温渎路2停车场,柯桥区,15,10,2021-07-05 21:14:11.383
P3120000019,黄社溇路2停车场,柯桥区,18,10,2021-07-05 21:14:11.383
P3120000025,金杨路1（中医院）停车场,柯桥区,28,14,2021-07-05 21:14:11.383
P3120000027,金杨路3停车场,柯桥区,28,13,2021-07-05 21:14:11.383
P3120000028,鉴湖路1（锦江花园）停车场,柯桥区,29,19,2021-07-05 21:14:11.383
P3120000032,鉴湖路5（四大银行）停车场,柯桥区,16,7,2021-07-05 21:14:11.383
P3120000036,港越路4（肯德基）停车场,柯桥区,21,9,2021-07-05 21:14:11.383
P3120000037,港越路5（温州饭滩）停车场,柯桥区,22,6,2021-07-05 21:14:11.383
P3120000039,笛扬路1（世纪联华）停车场,柯桥区,31,17,2021-07-05 21:14:11.383
P3120000040,笛扬路2（广厦公寓）停车场,柯桥区,37,23,2021-07-05 21:14:11.383
P3120000042,笛扬路4（工商银行）停车场,柯桥区,23,20,2021-07-05 21:14:11.383
P3120000045,笛扬路7（福年大厦）停车场,柯桥区,22,9,2021-07-05 21:14:11.383
P3120000064,港越路1(步行街2)停车场,柯桥区,26,10,2021-07-05 21:14:11.383
P3120000065,温渎路3停车场,柯桥区,11,6,2021-07-05 21:14:11.383
P3120000068,港越路3（精工）停车场,柯桥区,23,17,2021-07-05 21:14:11.383
P3120000025,金杨路1（中医院）停车场,柯桥区,28,13,2021-07-05 21:24:09.833
P3120000027,金杨路3停车场,柯桥区,28,12,2021-07-05 21:24:09.833
P3120000028,鉴湖路1（锦江花园）停车场,柯桥区,29,17,2021-07-05 21:24:09.833
P3120000029,鉴湖路2（锦江花园）停车场,柯桥区,21,9,2021-07-05 21:24:09.833
P3120000033,港越路1(步行街1)停车场,柯桥区,14,8,2021-07-05 21:24:09.833
P3120000036,港越路4（肯德基）停车场,柯桥区,21,8,2021-07-05 21:24:09.833
P3120000038,港越路6停车场,柯桥区,16,3,2021-07-05 21:24:09.833
P3120000039,笛扬路1（世纪联华）停车场,柯桥区,31,21,2021-07-05 21:24:09.833
P3120000040,笛扬路2（广厦公寓）停车场,柯桥区,37,24,2021-07-05 21:24:09.833
P3120000042,笛扬路4（工商银行）停车场,柯桥区,23,21,2021-07-05 21:24:09.833
P3120000061,港越路2(精工2)停车场,柯桥区,21,14,2021-07-05 21:24:09.833
P3120000062,港越路1(步行街3)停车场,柯桥区,16,7,2021-07-05 21:24:09.833
P3120000064,港越路1(步行街2)停车场,柯桥区,26,9,2021-07-05 21:24:09.833
P3120000065,温渎路3停车场,柯桥区,11,5,2021-07-05 21:24:09.833
P3120000014,人和路停车场,柯桥区,19,10,2021-07-05 21:34:11.41
P3120000017,万家巷停车场,柯桥区,40,20,2021-07-05 21:34:11.41
P3120000025,金杨路1（中医院）停车场,柯桥区,28,12,2021-07-05 21:34:11.41
P3120000027,金杨路3停车场,柯桥区,28,11,2021-07-05 21:34:11.41
P3120000028,鉴湖路1（锦江花园）停车场,柯桥区,29,15,2021-07-05 21:34:11.41
P3120000029,鉴湖路2（锦江花园）停车场,柯桥区,21,8,2021-07-05 21:34:11.41
P3120000032,鉴湖路5（四大银行）停车场,柯桥区,16,6,2021-07-05 21:34:11.41
P3120000033,港越路1(步行街1)停车场,柯桥区,14,6,2021-07-05 21:34:11.41
P3120000036,港越路4（肯德基）停车场,柯桥区,21,9,2021-07-05 21:34:11.41
P3120000038,港越路6停车场,柯桥区,16,6,2021-07-05 21:34:11.41
P3120000039,笛扬路1（世纪联华）停车场,柯桥区,31,22,2021-07-05 21:34:11.41
P3120000041,笛扬路3（樱花电器）停车场,柯桥区,18,13,2021-07-05 21:34:11.41
P3120000045,笛扬路7（福年大厦）停车场,柯桥区,22,12,2021-07-05 21:34:11.41
P3120000061,港越路2(精工2)停车场,柯桥区,21,13,2021-07-05 21:34:11.41
P3120000064,港越路1(步行街2)停车场,柯桥区,26,10,2021-07-05 21:34:11.41
P3120000065,温渎路3停车场,柯桥区,11,4,2021-07-05 21:34:11.41
P3120000017,万家巷停车场,柯桥区,40,21,2021-07-05 21:44:08.827
P3120000018,黄社溇路1停车场,柯桥区,16,6,2021-07-05 21:44:08.827
P3120000019,黄社溇路2停车场,柯桥区,18,13,2021-07-05 21:44:08.827
P3120000025,金杨路1（中医院）停车场,柯桥区,28,10,2021-07-05 21:44:08.827
P3120000028,鉴湖路1（锦江花园）停车场,柯桥区,29,14,2021-07-05 21:44:08.827
P3120000029,鉴湖路2（锦江花园）停车场,柯桥区,21,9,2021-07-05 21:44:08.827
P3120000032,鉴湖路5（四大银行）停车场,柯桥区,16,7,2021-07-05 21:44:08.827
P3120000034,港越路2（精工）停车场,柯桥区,12,7,2021-07-05 21:44:08.827
P3120000037,港越路5（温州饭滩）停车场,柯桥区,22,7,2021-07-05 21:44:08.827
P3120000038,港越路6停车场,柯桥区,16,8,2021-07-05 21:44:08.827
P3120000041,笛扬路3（樱花电器）停车场,柯桥区,18,15,2021-07-05 21:44:08.827
P3120000042,笛扬路4（工商银行）停车场,柯桥区,23,22,2021-07-05 21:44:08.827
P3120000045,笛扬路7（福年大厦）停车场,柯桥区,22,11,2021-07-05 21:44:08.827
P3120000061,港越路2(精工2)停车场,柯桥区,21,12,2021-07-05 21:44:08.827
P3120000025,金杨路1（中医院）停车场,柯桥区,28,12,2021-07-05 21:54:08.11
P3120000027,金杨路3停车场,柯桥区,28,10,2021-07-05 21:54:08.11
P3120000028,鉴湖路1（锦江花园）停车场,柯桥区,29,13,2021-07-05 21:54:08.11
P3120000036,港越路4（肯德基）停车场,柯桥区,21,10,2021-07-05 21:54:08.11
P3120000037,港越路5（温州饭滩）停车场,柯桥区,22,8,2021-07-05 21:54:08.11
P3120000038,港越路6停车场,柯桥区,16,6,2021-07-05 21:54:08.11
P3120000040,笛扬路2（广厦公寓）停车场,柯桥区,37,23,2021-07-05 21:54:08.11
P3120000041,笛扬路3（樱花电器）停车场,柯桥区,18,16,2021-07-05 21:54:08.11
P3120000042,笛扬路4（工商银行）停车场,柯桥区,23,21,2021-07-05 21:54:08.11
P3120000062,港越路1(步行街3)停车场,柯桥区,16,5,2021-07-05 21:54:08.11
P3120000064,港越路1(步行街2)停车场,柯桥区,26,11,2021-07-05 21:54:08.11
P3120000065,温渎路3停车场,柯桥区,11,5,2021-07-05 21:54:08.11
P3120000014,人和路停车场,柯桥区,19,11,2021-07-05 22:04:11.007
P3120000016,温渎路2停车场,柯桥区,15,9,2021-07-05 22:04:11.007
P3120000017,万家巷停车场,柯桥区,40,23,2021-07-05 22:04:11.007
P3120000019,黄社溇路2停车场,柯桥区,18,10,2021-07-05 22:04:11.007
P3120000025,金杨路1（中医院）停车场,柯桥区,28,11,2021-07-05 22:04:11.007
P3120000027,金杨路3停车场,柯桥区,28,11,2021-07-05 22:04:11.007
P3120000028,鉴湖路1（锦江花园）停车场,柯桥区,29,14,2021-07-05 22:04:11.007
P3120000029,鉴湖路2（锦江花园）停车场,柯桥区,21,8,2021-07-05 22:04:11.007
P3120000032,鉴湖路5（四大银行）停车场,柯桥区,16,6,2021-07-05 22:04:11.007
P3120000033,港越路1(步行街1)停车场,柯桥区,14,7,2021-07-05 22:04:11.007
P3120000036,港越路4（肯德基）停车场,柯桥区,21,9,2021-07-05 22:04:11.007
P3120000037,港越路5（温州饭滩）停车场,柯桥区,22,7,2021-07-05 22:04:11.007
P3120000038,港越路6停车场,柯桥区,16,5,2021-07-05 22:04:11.007
P3120000040,笛扬路2（广厦公寓）停车场,柯桥区,37,24,2021-07-05 22:04:11.007
P3120000041,笛扬路3（樱花电器）停车场,柯桥区,18,14,2021-07-05 22:04:11.007
P3120000042,笛扬路4（工商银行）停车场,柯桥区,23,20,2021-07-05 22:04:11.007
P3120000045,笛扬路7（福年大厦）停车场,柯桥区,22,10,2021-07-05 22:04:11.007
P3120000061,港越路2(精工2)停车场,柯桥区,21,11,2021-07-05 22:04:11.007
P3120000064,港越路1(步行街2)停车场,柯桥区,26,12,2021-07-05 22:04:11.007
P3120000065,温渎路3停车场,柯桥区,11,4,2021-07-05 22:04:11.007
P3120000016,温渎路2停车场,柯桥区,15,10,2021-07-05 22:14:11.223
P3120000017,万家巷停车场,柯桥区,40,21,2021-07-05 22:14:11.223
P3120000018,黄社溇路1停车场,柯桥区,16,4,2021-07-05 22:14:11.223
P3120000019,黄社溇路2停车场,柯桥区,18,9,2021-07-05 22:14:11.223
P3120000025,金杨路1（中医院）停车场,柯桥区,28,12,2021-07-05 22:14:11.223
P3120000027,金杨路3停车场,柯桥区,28,8,2021-07-05 22:14:11.223
P3120000029,鉴湖路2（锦江花园）停车场,柯桥区,21,7,2021-07-05 22:14:11.223
P3120000032,鉴湖路5（四大银行）停车场,柯桥区,16,7,2021-07-05 22:14:11.223
P3120000033,港越路1(步行街1)停车场,柯桥区,14,8,2021-07-05 22:14:11.223
P3120000036,港越路4（肯德基）停车场,柯桥区,21,10,2021-07-05 22:14:11.223
P3120000038,港越路6停车场,柯桥区,16,6,2021-07-05 22:14:11.223
P3120000040,笛扬路2（广厦公寓）停车场,柯桥区,37,26,2021-07-05 22:14:11.223
P3120000041,笛扬路3（樱花电器）停车场,柯桥区,18,15,2021-07-05 22:14:11.223
P3120000042,笛扬路4（工商银行）停车场,柯桥区,23,21,2021-07-05 22:14:11.223
P3120000061,港越路2(精工2)停车场,柯桥区,21,10,2021-07-05 22:14:11.223
P3120000062,港越路1(步行街3)停车场,柯桥区,16,4,2021-07-05 22:14:11.223
P3120000065,温渎路3停车场,柯桥区,11,3,2021-07-05 22:14:11.223
P3120000068,港越路3（精工）停车场,柯桥区,23,16,2021-07-05 22:14:11.223
P3120000014,人和路停车场,柯桥区,19,12,2021-07-05 22:24:08.78
P3120000015,温渎路1停车场,柯桥区,21,17,2021-07-05 22:24:08.78
P3120000017,万家巷停车场,柯桥区,40,22,2021-07-05 22:24:08.78
P3120000018,黄社溇路1停车场,柯桥区,16,6,2021-07-05 22:24:08.78
P3120000019,黄社溇路2停车场,柯桥区,18,7,2021-07-05 22:24:08.78
P3120000027,金杨路3停车场,柯桥区,28,9,2021-07-05 22:24:08.78
P3120000028,鉴湖路1（锦江花园）停车场,柯桥区,29,13,2021-07-05 22:24:08.78
P3120000036,港越路4（肯德基）停车场,柯桥区,21,9,2021-07-05 22:24:08.78
P3120000038,港越路6停车场,柯桥区,16,5,2021-07-05 22:24:08.78
P3120000039,笛扬路1（世纪联华）停车场,柯桥区,31,23,2021-07-05 22:24:08.78
P3120000040,笛扬路2（广厦公寓）停车场,柯桥区,37,25,2021-07-05 22:24:08.78
P3120000061,港越路2(精工2)停车场,柯桥区,21,11,2021-07-05 22:24:08.78
P3120000062,港越路1(步行街3)停车场,柯桥区,16,5,2021-07-05 22:24:08.78
P3120000064,港越路1(步行街2)停车场,柯桥区,26,11,2021-07-05 22:24:08.78
P3120000068,港越路3（精工）停车场,柯桥区,23,17,2021-07-05 22:24:08.78
P3120000014,人和路停车场,柯桥区,19,11,2021-07-05 22:34:09.58
P3120000017,万家巷停车场,柯桥区,40,21,2021-07-05 22:34:09.58
P3120000019,黄社溇路2停车场,柯桥区,18,6,2021-07-05 22:34:09.58
P3120000025,金杨路1（中医院）停车场,柯桥区,28,13,2021-07-05 22:34:09.58
P3120000027,金杨路3停车场,柯桥区,28,11,2021-07-05 22:34:09.58
P3120000028,鉴湖路1（锦江花园）停车场,柯桥区,29,12,2021-07-05 22:34:09.58
P3120000032,鉴湖路5（四大银行）停车场,柯桥区,16,6,2021-07-05 22:34:09.58
P3120000036,港越路4（肯德基）停车场,柯桥区,21,11,2021-07-05 22:34:09.58
P3120000037,港越路5（温州饭滩）停车场,柯桥区,22,10,2021-07-05 22:34:09.58
P3120000038,港越路6停车场,柯桥区,16,6,2021-07-05 22:34:09.58
P3120000040,笛扬路2（广厦公寓）停车场,柯桥区,37,27,2021-07-05 22:34:09.58
P3120000061,港越路2(精工2)停车场,柯桥区,21,10,2021-07-05 22:34:09.58
P3120000064,港越路1(步行街2)停车场,柯桥区,26,12,2021-07-05 22:34:09.58
P3120000068,港越路3（精工）停车场,柯桥区,23,18,2021-07-05 22:34:09.58
P3120000017,万家巷停车场,柯桥区,40,20,2021-07-05 22:44:08.623
P3120000019,黄社溇路2停车场,柯桥区,18,7,2021-07-05 22:44:08.623
P3120000027,金杨路3停车场,柯桥区,28,10,2021-07-05 22:44:08.623
P3120000028,鉴湖路1（锦江花园）停车场,柯桥区,29,11,2021-07-05 22:44:08.623
P3120000032,鉴湖路5（四大银行）停车场,柯桥区,16,7,2021-07-05 22:44:08.623
P3120000033,港越路1(步行街1)停车场,柯桥区,14,7,2021-07-05 22:44:08.623
P3120000036,港越路4（肯德基）停车场,柯桥区,21,9,2021-07-05 22:44:08.623
P3120000037,港越路5（温州饭滩）停车场,柯桥区,22,9,2021-07-05 22:44:08.623
P3120000038,港越路6停车场,柯桥区,16,4,2021-07-05 22:44:08.623
P3120000040,笛扬路2（广厦公寓）停车场,柯桥区,37,28,2021-07-05 22:44:08.623
P3120000045,笛扬路7（福年大厦）停车场,柯桥区,22,12,2021-07-05 22:44:08.623
P3120000061,港越路2(精工2)停车场,柯桥区,21,9,2021-07-05 22:44:08.623
P3120000064,港越路1(步行街2)停车场,柯桥区,26,11,2021-07-05 22:44:08.623
P3120000014,人和路停车场,柯桥区,19,10,2021-07-05 22:54:09.85
P3120000017,万家巷停车场,柯桥区,40,21,2021-07-05 22:54:09.85
P3120000025,金杨路1（中医院）停车场,柯桥区,28,12,2021-07-05 22:54:09.85
P3120000027,金杨路3停车场,柯桥区,28,9,2021-07-05 22:54:09.85
P3120000028,鉴湖路1（锦江花园）停车场,柯桥区,29,12,2021-07-05 22:54:09.85
P3120000032,鉴湖路5（四大银行）停车场,柯桥区,16,6,2021-07-05 22:54:09.85
P3120000034,港越路2（精工）停车场,柯桥区,12,5,2021-07-05 22:54:09.85
P3120000038,港越路6停车场,柯桥区,16,5,2021-07-05 22:54:09.85
P3120000039,笛扬路1（世纪联华）停车场,柯桥区,31,22,2021-07-05 22:54:09.85
P3120000040,笛扬路2（广厦公寓）停车场,柯桥区,37,27,2021-07-05 22:54:09.85
P3120000042,笛扬路4（工商银行）停车场,柯桥区,23,20,2021-07-05 22:54:09.85
P3120000061,港越路2(精工2)停车场,柯桥区,21,8,2021-07-05 22:54:09.85
P3120000064,港越路1(步行街2)停车场,柯桥区,26,12,2021-07-05 22:54:09.85
P3120000068,港越路3（精工）停车场,柯桥区,23,19,2021-07-05 22:54:09.85
P3120000014,人和路停车场,柯桥区,19,9,2021-07-05 23:04:08.453
P3120000018,黄社溇路1停车场,柯桥区,16,5,2021-07-05 23:04:08.453
P3120000019,黄社溇路2停车场,柯桥区,18,8,2021-07-05 23:04:08.453
P3120000025,金杨路1（中医院）停车场,柯桥区,28,15,2021-07-05 23:04:08.453
P3120000027,金杨路3停车场,柯桥区,28,8,2021-07-05 23:04:08.453
P3120000028,鉴湖路1（锦江花园）停车场,柯桥区,29,11,2021-07-05 23:04:08.453
P3120000029,鉴湖路2（锦江花园）停车场,柯桥区,21,8,2021-07-05 23:04:08.453
P3120000036,港越路4（肯德基）停车场,柯桥区,21,8,2021-07-05 23:04:08.453
P3120000037,港越路5（温州饭滩）停车场,柯桥区,22,8,2021-07-05 23:04:08.453
P3120000040,笛扬路2（广厦公寓）停车场,柯桥区,37,28,2021-07-05 23:04:08.453
P3120000041,笛扬路3（樱花电器）停车场,柯桥区,18,16,2021-07-05 23:04:08.453
P3120000042,笛扬路4（工商银行）停车场,柯桥区,23,19,2021-07-05 23:04:08.453
P3120000045,笛扬路7（福年大厦）停车场,柯桥区,22,11,2021-07-05 23:04:08.453
P3120000061,港越路2(精工2)停车场,柯桥区,21,9,2021-07-05 23:04:08.453
P3120000062,港越路1(步行街3)停车场,柯桥区,16,7,2021-07-05 23:04:08.453
P3120000065,温渎路3停车场,柯桥区,11,4,2021-07-05 23:04:08.453
P3120000015,温渎路1停车场,柯桥区,21,16,2021-07-05 23:14:07.547
P3120000017,万家巷停车场,柯桥区,40,22,2021-07-05 23:14:07.547
P3120000018,黄社溇路1停车场,柯桥区,16,6,2021-07-05 23:14:07.547
P3120000027,金杨路3停车场,柯桥区,28,10,2021-07-05 23:14:07.547
P3120000029,鉴湖路2（锦江花园）停车场,柯桥区,21,7,2021-07-05 23:14:07.547
P3120000033,港越路1(步行街1)停车场,柯桥区,14,6,2021-07-05 23:14:07.547
P3120000036,港越路4（肯德基）停车场,柯桥区,21,10,2021-07-05 23:14:07.547
P3120000039,笛扬路1（世纪联华）停车场,柯桥区,31,23,2021-07-05 23:14:07.547
P3120000040,笛扬路2（广厦公寓）停车场,柯桥区,37,29,2021-07-05 23:14:07.547
P3120000045,笛扬路7（福年大厦）停车场,柯桥区,22,10,2021-07-05 23:14:07.547
P3120000061,港越路2(精工2)停车场,柯桥区,21,10,2021-07-05 23:14:07.547
P3120000017,万家巷停车场,柯桥区,40,23,2021-07-05 23:24:08.623
P3120000018,黄社溇路1停车场,柯桥区,16,8,2021-07-05 23:24:08.623
P3120000019,黄社溇路2停车场,柯桥区,18,9,2021-07-05 23:24:08.623
P3120000027,金杨路3停车场,柯桥区,28,9,2021-07-05 23:24:08.623
P3120000029,鉴湖路2（锦江花园）停车场,柯桥区,21,8,2021-07-05 23:24:08.623
P3120000030,鉴湖路3停车场,柯桥区,12,10,2021-07-05 23:24:08.623
P3120000032,鉴湖路5（四大银行）停车场,柯桥区,16,7,2021-07-05 23:24:08.623
P3120000036,港越路4（肯德基）停车场,柯桥区,21,11,2021-07-05 23:24:08.623
P3120000042,笛扬路4（工商银行）停车场,柯桥区,23,18,2021-07-05 23:24:08.623
P3120000045,笛扬路7（福年大厦）停车场,柯桥区,22,9,2021-07-05 23:24:08.623
P3120000061,港越路2(精工2)停车场,柯桥区,21,12,2021-07-05 23:24:08.623
P3120000062,港越路1(步行街3)停车场,柯桥区,16,8,2021-07-05 23:24:08.623
P3120000064,港越路1(步行街2)停车场,柯桥区,26,11,2021-07-05 23:24:08.623
P3120000016,温渎路2停车场,柯桥区,15,11,2021-07-05 23:34:10.097
P3120000017,万家巷停车场,柯桥区,40,22,2021-07-05 23:34:10.097
P3120000018,黄社溇路1停车场,柯桥区,16,9,2021-07-05 23:34:10.097
P3120000019,黄社溇路2停车场,柯桥区,18,10,2021-07-05 23:34:10.097
P3120000025,金杨路1（中医院）停车场,柯桥区,28,13,2021-07-05 23:34:10.097
P3120000027,金杨路3停车场,柯桥区,28,10,2021-07-05 23:34:10.097
P3120000032,鉴湖路5（四大银行）停车场,柯桥区,16,6,2021-07-05 23:34:10.097
P3120000034,港越路2（精工）停车场,柯桥区,12,4,2021-07-05 23:34:10.097
P3120000036,港越路4（肯德基）停车场,柯桥区,21,10,2021-07-05 23:34:10.097
P3120000037,港越路5（温州饭滩）停车场,柯桥区,22,9,2021-07-05 23:34:10.097
P3120000040,笛扬路2（广厦公寓）停车场,柯桥区,37,31,2021-07-05 23:34:10.097
P3120000042,笛扬路4（工商银行）停车场,柯桥区,23,19,2021-07-05 23:34:10.097
P3120000045,笛扬路7（福年大厦）停车场,柯桥区,22,7,2021-07-05 23:34:10.097
P3120000015,温渎路1停车场,柯桥区,21,17,2021-07-05 23:44:11.073
P3120000017,万家巷停车场,柯桥区,40,24,2021-07-05 23:44:11.073
P3120000018,黄社溇路1停车场,柯桥区,16,8,2021-07-05 23:44:11.073
P3120000027,金杨路3停车场,柯桥区,28,11,2021-07-05 23:44:11.073
P3120000029,鉴湖路2（锦江花园）停车场,柯桥区,21,5,2021-07-05 23:44:11.073
P3120000032,鉴湖路5（四大银行）停车场,柯桥区,16,7,2021-07-05 23:44:11.073
P3120000037,港越路5（温州饭滩）停车场,柯桥区,22,8,2021-07-05 23:44:11.073
P3120000038,港越路6停车场,柯桥区,16,6,2021-07-05 23:44:11.073
P3120000040,笛扬路2（广厦公寓）停车场,柯桥区,37,34,2021-07-05 23:44:11.073
P3120000042,笛扬路4（工商银行）停车场,柯桥区,23,20,2021-07-05 23:44:11.073
P3120000045,笛扬路7（福年大厦）停车场,柯桥区,22,6,2021-07-05 23:44:11.073
P3120000068,港越路3（精工）停车场,柯桥区,23,20,2021-07-05 23:44:11.073
P3120000018,黄社溇路1停车场,柯桥区,16,7,2021-07-05 23:54:10.887
P3120000025,金杨路1（中医院）停车场,柯桥区,28,12,2021-07-05 23:54:10.887
P3120000028,鉴湖路1（锦江花园）停车场,柯桥区,29,12,2021-07-05 23:54:10.887
P3120000034,港越路2（精工）停车场,柯桥区,12,5,2021-07-05 23:54:10.887
P3120000036,港越路4（肯德基）停车场,柯桥区,21,13,2021-07-05 23:54:10.887
P3120000037,港越路5（温州饭滩）停车场,柯桥区,22,9,2021-07-05 23:54:10.887
P3120000039,笛扬路1（世纪联华）停车场,柯桥区,31,24,2021-07-05 23:54:10.887
P3120000042,笛扬路4（工商银行）停车场,柯桥区,23,21,2021-07-05 23:54:10.887
P3120000062,港越路1(步行街3)停车场,柯桥区,16,9,2021-07-05 23:54:10.887
P3120000017,万家巷停车场,柯桥区,40,23,2021-07-06 00:04:11.093
P3120000018,黄社溇路1停车场,柯桥区,16,6,2021-07-06 00:04:11.093
P3120000025,金杨路1（中医院）停车场,柯桥区,28,11,2021-07-06 00:04:11.093
P3120000038,港越路6停车场,柯桥区,16,5,2021-07-06 00:04:11.093
P3120000065,温渎路3停车场,柯桥区,11,5,2021-07-06 00:04:11.093
P3120000015,温渎路1停车场,柯桥区,21,16,2021-07-06 00:14:10.063
P3120000017,万家巷停车场,柯桥区,40,24,2021-07-06 00:14:10.063
P3120000018,黄社溇路1停车场,柯桥区,16,8,2021-07-06 00:14:10.063
P3120000025,金杨路1（中医院）停车场,柯桥区,28,13,2021-07-06 00:14:10.063
P3120000037,港越路5（温州饭滩）停车场,柯桥区,22,8,2021-07-06 00:14:10.063
P3120000038,港越路6停车场,柯桥区,16,6,2021-07-06 00:14:10.063
P3120000039,笛扬路1（世纪联华）停车场,柯桥区,31,25,2021-07-06 00:14:10.063
P3120000040,笛扬路2（广厦公寓）停车场,柯桥区,37,33,2021-07-06 00:14:10.063
P3120000042,笛扬路4（工商银行）停车场,柯桥区,23,22,2021-07-06 00:14:10.063
P3120000015,温渎路1停车场,柯桥区,21,17,2021-07-06 00:24:09.21
P3120000017,万家巷停车场,柯桥区,40,25,2021-07-06 00:24:09.21
P3120000018,黄社溇路1停车场,柯桥区,16,9,2021-07-06 00:24:09.21
P3120000019,黄社溇路2停车场,柯桥区,18,11,2021-07-06 00:24:09.21
P3120000037,港越路5（温州饭滩）停车场,柯桥区,22,7,2021-07-06 00:24:09.21
P3120000017,万家巷停车场,柯桥区,40,26,2021-07-06 00:34:10.743
P3120000018,黄社溇路1停车场,柯桥区,16,10,2021-07-06 00:34:10.743
P3120000027,金杨路3停车场,柯桥区,28,12,2021-07-06 00:34:10.743
P3120000036,港越路4（肯德基）停车场,柯桥区,21,12,2021-07-06 00:34:10.743
P3120000037,港越路5（温州饭滩）停车场,柯桥区,22,6,2021-07-06 00:34:10.743
P3120000040,笛扬路2（广厦公寓）停车场,柯桥区,37,35,2021-07-06 00:34:10.743
P3120000045,笛扬路7（福年大厦）停车场,柯桥区,22,5,2021-07-06 00:34:10.743
P3120000061,港越路2(精工2)停车场,柯桥区,21,13,2021-07-06 00:34:10.743
P3120000065,温渎路3停车场,柯桥区,11,4,2021-07-06 00:34:10.743
P3120000014,人和路停车场,柯桥区,19,7,2021-07-06 00:44:08.933
P3120000027,金杨路3停车场,柯桥区,28,13,2021-07-06 00:44:08.933
P3120000028,鉴湖路1（锦江花园）停车场,柯桥区,29,11,2021-07-06 00:44:08.933
P3120000029,鉴湖路2（锦江花园）停车场,柯桥区,21,6,2021-07-06 00:44:08.933
P3120000034,港越路2（精工）停车场,柯桥区,12,7,2021-07-06 00:44:08.933
P3120000036,港越路4（肯德基）停车场,柯桥区,21,11,2021-07-06 00:44:08.933
P3120000037,港越路5（温州饭滩）停车场,柯桥区,22,7,2021-07-06 00:44:08.933
P3120000065,温渎路3停车场,柯桥区,11,3,2021-07-06 00:44:08.933
P3120000018,黄社溇路1停车场,柯桥区,16,12,2021-07-06 00:54:10.79
P3120000025,金杨路1（中医院）停车场,柯桥区,28,12,2021-07-06 00:54:10.79
P3120000027,金杨路3停车场,柯桥区,28,12,2021-07-06 00:54:10.79
P3120000028,鉴湖路1（锦江花园）停车场,柯桥区,29,12,2021-07-06 00:54:10.79
P3120000029,鉴湖路2（锦江花园）停车场,柯桥区,21,3,2021-07-06 00:54:10.79
P3120000036,港越路4（肯德基）停车场,柯桥区,21,13,2021-07-06 00:54:10.79
P3120000037,港越路5（温州饭滩）停车场,柯桥区,22,9,2021-07-06 00:54:10.79
P3120000062,港越路1(步行街3)停车场,柯桥区,16,8,2021-07-06 00:54:10.79
P3120000068,港越路3（精工）停车场,柯桥区,23,19,2021-07-06 00:54:10.79
P3120000028,鉴湖路1（锦江花园）停车场,柯桥区,29,11,2021-07-06 01:04:10.15
P3120000029,鉴湖路2（锦江花园）停车场,柯桥区,21,4,2021-07-06 01:04:10.15
P3120000036,港越路4（肯德基）停车场,柯桥区,21,14,2021-07-06 01:04:10.15
P3120000038,港越路6停车场,柯桥区,16,7,2021-07-06 01:04:10.15
P3120000039,笛扬路1（世纪联华）停车场,柯桥区,31,24,2021-07-06 01:04:10.15
P3120000041,笛扬路3（樱花电器）停车场,柯桥区,18,15,2021-07-06 01:04:10.15
P3120000065,温渎路3停车场,柯桥区,11,4,2021-07-06 01:04:10.15
P3120000068,港越路3（精工）停车场,柯桥区,23,20,2021-07-06 01:04:10.15
P3120000016,温渎路2停车场,柯桥区,15,10,2021-07-06 01:14:09.33
P3120000019,黄社溇路2停车场,柯桥区,18,12,2021-07-06 01:14:09.33
P3120000028,鉴湖路1（锦江花园）停车场,柯桥区,29,10,2021-07-06 01:14:09.33
P3120000033,港越路1(步行街1)停车场,柯桥区,14,7,2021-07-06 01:14:09.33
P3120000036,港越路4（肯德基）停车场,柯桥区,21,13,2021-07-06 01:14:09.33
P3120000037,港越路5（温州饭滩）停车场,柯桥区,22,8,2021-07-06 01:14:09.33
P3120000061,港越路2(精工2)停车场,柯桥区,21,11,2021-07-06 01:14:09.33
P3120000017,万家巷停车场,柯桥区,40,28,2021-07-06 01:24:10.277
P3120000018,黄社溇路1停车场,柯桥区,16,11,2021-07-06 01:24:10.277
P3120000019,黄社溇路2停车场,柯桥区,18,13,2021-07-06 01:24:10.277
P3120000028,鉴湖路1（锦江花园）停车场,柯桥区,29,9,2021-07-06 01:24:10.277
P3120000033,港越路1(步行街1)停车场,柯桥区,14,6,2021-07-06 01:24:10.277
P3120000036,港越路4（肯德基）停车场,柯桥区,21,11,2021-07-06 01:24:10.277
P3120000037,港越路5（温州饭滩）停车场,柯桥区,22,9,2021-07-06 01:24:10.277
P3120000061,港越路2(精工2)停车场,柯桥区,21,12,2021-07-06 01:24:10.277
P3120000065,温渎路3停车场,柯桥区,11,6,2021-07-06 01:24:10.277
P3120000017,万家巷停车场,柯桥区,40,27,2021-07-06 01:34:09.403
P3120000018,黄社溇路1停车场,柯桥区,16,12,2021-07-06 01:34:09.403
P3120000036,港越路4（肯德基）停车场,柯桥区,21,12,2021-07-06 01:34:09.403
P3120000037,港越路5（温州饭滩）停车场,柯桥区,22,10,2021-07-06 01:34:09.403
P3120000025,金杨路1（中医院）停车场,柯桥区,28,13,2021-07-06 01:44:11.377
P3120000028,鉴湖路1（锦江花园）停车场,柯桥区,29,10,2021-07-06 01:44:11.377
P3120000029,鉴湖路2（锦江花园）停车场,柯桥区,21,5,2021-07-06 01:44:11.377
P3120000036,港越路4（肯德基）停车场,柯桥区,21,11,2021-07-06 01:44:11.377
P3120000038,港越路6停车场,柯桥区,16,8,2021-07-06 01:44:11.377
P3120000045,笛扬路7（福年大厦）停车场,柯桥区,22,4,2021-07-06 01:44:11.377
P3120000065,温渎路3停车场,柯桥区,11,5,2021-07-06 01:44:11.377
P3120000068,港越路3（精工）停车场,柯桥区,23,19,2021-07-06 01:44:11.377
P3120000016,温渎路2停车场,柯桥区,15,11,2021-07-06 01:54:12.293
P3120000032,鉴湖路5（四大银行）停车场,柯桥区,16,8,2021-07-06 01:54:12.293
P3120000036,港越路4（肯德基）停车场,柯桥区,21,12,2021-07-06 01:54:12.293
P3120000061,港越路2(精工2)停车场,柯桥区,21,11,2021-07-06 01:54:12.293
P3120000064,港越路1(步行街2)停车场,柯桥区,26,10,2021-07-06 01:54:12.293
P3120000068,港越路3（精工）停车场,柯桥区,23,18,2021-07-06 01:54:12.293
P3120000015,温渎路1停车场,柯桥区,21,18,2021-07-06 02:04:08.75
P3120000017,万家巷停车场,柯桥区,40,28,2021-07-06 02:04:08.75
P3120000018,黄社溇路1停车场,柯桥区,16,11,2021-07-06 02:04:08.75
P3120000025,金杨路1（中医院）停车场,柯桥区,28,14,2021-07-06 02:04:08.75
P3120000027,金杨路3停车场,柯桥区,28,13,2021-07-06 02:04:08.75
P3120000029,鉴湖路2（锦江花园）停车场,柯桥区,21,3,2021-07-06 02:04:08.75
P3120000040,笛扬路2（广厦公寓）停车场,柯桥区,37,34,2021-07-06 02:04:08.75
P3120000068,港越路3（精工）停车场,柯桥区,23,20,2021-07-06 02:04:08.75
P3120000014,人和路停车场,柯桥区,19,8,2021-07-06 02:14:08.977
P3120000015,温渎路1停车场,柯桥区,21,19,2021-07-06 02:14:08.977
P3120000017,万家巷停车场,柯桥区,40,29,2021-07-06 02:14:08.977
P3120000029,鉴湖路2（锦江花园）停车场,柯桥区,21,4,2021-07-06 02:14:08.977
P3120000030,鉴湖路3停车场,柯桥区,12,9,2021-07-06 02:14:08.977
P3120000032,鉴湖路5（四大银行）停车场,柯桥区,16,10,2021-07-06 02:14:08.977
P3120000036,港越路4（肯德基）停车场,柯桥区,21,11,2021-07-06 02:14:08.977
P3120000040,笛扬路2（广厦公寓）停车场,柯桥区,37,35,2021-07-06 02:14:08.977
P3120000015,温渎路1停车场,柯桥区,21,20,2021-07-06 02:24:10.167
P3120000017,万家巷停车场,柯桥区,40,28,2021-07-06 02:24:10.167
P3120000018,黄社溇路1停车场,柯桥区,16,10,2021-07-06 02:24:10.167
P3120000019,黄社溇路2停车场,柯桥区,18,14,2021-07-06 02:24:10.167
P3120000036,港越路4（肯德基）停车场,柯桥区,21,13,2021-07-06 02:24:10.167
P3120000037,港越路5（温州饭滩）停车场,柯桥区,22,11,2021-07-06 02:24:10.167
P3120000065,温渎路3停车场,柯桥区,11,4,2021-07-06 02:24:10.167
P3120000015,温渎路1停车场,柯桥区,21,19,2021-07-06 02:34:07.38
P3120000017,万家巷停车场,柯桥区,40,27,2021-07-06 02:34:07.38
P3120000018,黄社溇路1停车场,柯桥区,16,9,2021-07-06 02:34:07.38
P3120000028,鉴湖路1（锦江花园）停车场,柯桥区,29,9,2021-07-06 02:34:07.38
P3120000036,港越路4（肯德基）停车场,柯桥区,21,14,2021-07-06 02:34:07.38
P3120000065,温渎路3停车场,柯桥区,11,5,2021-07-06 02:34:07.38
P3120000068,港越路3（精工）停车场,柯桥区,23,19,2021-07-06 02:34:07.38
P3120000018,黄社溇路1停车场,柯桥区,16,10,2021-07-06 02:44:10.61
P3120000028,鉴湖路1（锦江花园）停车场,柯桥区,29,8,2021-07-06 02:44:10.61
P3120000032,鉴湖路5（四大银行）停车场,柯桥区,16,9,2021-07-06 02:44:10.61
P3120000038,港越路6停车场,柯桥区,16,7,2021-07-06 02:44:10.61
P3120000061,港越路2(精工2)停车场,柯桥区,21,12,2021-07-06 02:44:10.61
P3120000016,温渎路2停车场,柯桥区,15,10,2021-07-06 02:54:09.52
P3120000025,金杨路1（中医院）停车场,柯桥区,28,13,2021-07-06 02:54:09.52
P3120000029,鉴湖路2（锦江花园）停车场,柯桥区,21,5,2021-07-06 02:54:09.52
P3120000036,港越路4（肯德基）停车场,柯桥区,21,13,2021-07-06 02:54:09.52
P3120000037,港越路5（温州饭滩）停车场,柯桥区,22,10,2021-07-06 02:54:09.52
P3120000025,金杨路1（中医院）停车场,柯桥区,28,14,2021-07-06 03:04:10.333
P3120000036,港越路4（肯德基）停车场,柯桥区,21,12,2021-07-06 03:04:10.333
P3120000037,港越路5（温州饭滩）停车场,柯桥区,22,11,2021-07-06 03:04:10.333
P3120000065,温渎路3停车场,柯桥区,11,6,2021-07-06 03:04:10.333
P3120000041,笛扬路3（樱花电器）停车场,柯桥区,18,14,2021-07-06 03:14:11.32
P3120000029,鉴湖路2（锦江花园）停车场,柯桥区,21,4,2021-07-06 03:24:11.61
P3120000040,笛扬路2（广厦公寓）停车场,柯桥区,37,34,2021-07-06 03:24:11.61
P3120000016,温渎路2停车场,柯桥区,15,11,2021-07-06 03:34:09.107
P3120000036,港越路4（肯德基）停车场,柯桥区,21,13,2021-07-06 03:34:09.107
P3120000037,港越路5（温州饭滩）停车场,柯桥区,22,9,2021-07-06 03:34:09.107
P3120000040,笛扬路2（广厦公寓）停车场,柯桥区,37,35,2021-07-06 03:34:09.107
P3120000029,鉴湖路2（锦江花园）停车场,柯桥区,21,3,2021-07-06 03:44:09.393
P3120000037,港越路5（温州饭滩）停车场,柯桥区,22,10,2021-07-06 03:44:09.393
P3120000068,港越路3（精工）停车场,柯桥区,23,20,2021-07-06 03:44:09.393
P3120000037,港越路5（温州饭滩）停车场,柯桥区,22,11,2021-07-06 03:54:10.363
P3120000040,笛扬路2（广厦公寓）停车场,柯桥区,37,32,2021-07-06 03:54:10.363
P3120000042,笛扬路4（工商银行）停车场,柯桥区,23,21,2021-07-06 03:54:10.363
P3120000041,笛扬路3（樱花电器）停车场,柯桥区,18,13,2021-07-06 04:04:11.51
P3120000018,黄社溇路1停车场,柯桥区,16,9,2021-07-06 04:14:09.2
P3120000037,港越路5（温州饭滩）停车场,柯桥区,22,10,2021-07-06 04:14:09.2
P3120000042,笛扬路4（工商银行）停车场,柯桥区,23,20,2021-07-06 04:14:09.2
P3120000045,笛扬路7（福年大厦）停车场,柯桥区,22,5,2021-07-06 04:14:09.2
P3120000042,笛扬路4（工商银行）停车场,柯桥区,23,21,2021-07-06 04:24:08.017
P3120000027,金杨路3停车场,柯桥区,28,12,2021-07-06 04:34:07.95
P3120000038,港越路6停车场,柯桥区,16,8,2021-07-06 04:34:07.95
P3120000041,笛扬路3（樱花电器）停车场,柯桥区,18,12,2021-07-06 04:34:07.95
P3120000033,港越路1(步行街1)停车场,柯桥区,14,5,2021-07-06 04:44:09.787
P3120000041,笛扬路3（樱花电器）停车场,柯桥区,18,13,2021-07-06 04:44:09.787
P3120000062,港越路1(步行街3)停车场,柯桥区,16,7,2021-07-06 04:44:09.787
P3120000032,鉴湖路5（四大银行）停车场,柯桥区,16,8,2021-07-06 04:54:11.857
P3120000041,笛扬路3（樱花电器）停车场,柯桥区,18,12,2021-07-06 04:54:11.857
P3120000045,笛扬路7（福年大厦）停车场,柯桥区,22,4,2021-07-06 04:54:11.857
P3120000062,港越路1(步行街3)停车场,柯桥区,16,8,2021-07-06 04:54:11.857
P3120000064,港越路1(步行街2)停车场,柯桥区,26,9,2021-07-06 04:54:11.857
P3120000027,金杨路3停车场,柯桥区,28,13,2021-07-06 05:04:11.987
P3120000064,港越路1(步行街2)停车场,柯桥区,26,10,2021-07-06 05:04:11.987
P3120000030,鉴湖路3停车场,柯桥区,12,8,2021-07-06 05:14:09.18
P3120000039,笛扬路1（世纪联华）停车场,柯桥区,31,22,2021-07-06 05:14:09.18
P3120000042,笛扬路4（工商银行）停车场,柯桥区,23,20,2021-07-06 05:14:09.18
P3120000018,黄社溇路1停车场,柯桥区,16,10,2021-07-06 05:24:11.433
P3120000037,港越路5（温州饭滩）停车场,柯桥区,22,8,2021-07-06 05:24:11.433
P3120000015,温渎路1停车场,柯桥区,21,18,2021-07-06 05:34:08.03
P3120000019,黄社溇路2停车场,柯桥区,18,15,2021-07-06 05:34:08.03
P3120000028,鉴湖路1（锦江花园）停车场,柯桥区,29,9,2021-07-06 05:34:08.03
P3120000042,笛扬路4（工商银行）停车场,柯桥区,23,19,2021-07-06 05:34:08.03
P3120000015,温渎路1停车场,柯桥区,21,19,2021-07-06 05:44:07.737
P3120000027,金杨路3停车场,柯桥区,28,12,2021-07-06 05:44:07.737
P3120000036,港越路4（肯德基）停车场,柯桥区,21,14,2021-07-06 05:44:07.737
P3120000039,笛扬路1（世纪联华）停车场,柯桥区,31,20,2021-07-06 05:44:07.737
P3120000040,笛扬路2（广厦公寓）停车场,柯桥区,37,31,2021-07-06 05:44:07.737
P3120000042,笛扬路4（工商银行）停车场,柯桥区,23,18,2021-07-06 05:44:07.737
P3120000015,温渎路1停车场,柯桥区,21,18,2021-07-06 05:54:10.02
P3120000037,港越路5（温州饭滩）停车场,柯桥区,22,10,2021-07-06 05:54:10.02
P3120000040,笛扬路2（广厦公寓）停车场,柯桥区,37,30,2021-07-06 05:54:10.02
P3120000042,笛扬路4（工商银行）停车场,柯桥区,23,19,2021-07-06 05:54:10.02
P3120000068,港越路3（精工）停车场,柯桥区,23,19,2021-07-06 05:54:10.02
P3120000015,温渎路1停车场,柯桥区,21,19,2021-07-06 06:04:07.55
P3120000028,鉴湖路1（锦江花园）停车场,柯桥区,29,8,2021-07-06 06:04:07.55
P3120000037,港越路5（温州饭滩）停车场,柯桥区,22,11,2021-07-06 06:04:07.55
P3120000039,笛扬路1（世纪联华）停车场,柯桥区,31,23,2021-07-06 06:04:07.55
P3120000042,笛扬路4（工商银行）停车场,柯桥区,23,21,2021-07-06 06:04:07.55
P3120000068,港越路3（精工）停车场,柯桥区,23,20,2021-07-06 06:04:07.55
P3120000025,金杨路1（中医院）停车场,柯桥区,28,15,2021-07-06 06:14:08.997
P3120000028,鉴湖路1（锦江花园）停车场,柯桥区,29,9,2021-07-06 06:14:08.997
P3120000034,港越路2（精工）停车场,柯桥区,12,8,2021-07-06 06:14:08.997
P3120000036,港越路4（肯德基）停车场,柯桥区,21,13,2021-07-06 06:14:08.997
P3120000037,港越路5（温州饭滩）停车场,柯桥区,22,10,2021-07-06 06:14:08.997
P3120000040,笛扬路2（广厦公寓）停车场,柯桥区,37,31,2021-07-06 06:14:08.997
P3120000045,笛扬路7（福年大厦）停车场,柯桥区,22,6,2021-07-06 06:14:08.997
P3120000028,鉴湖路1（锦江花园）停车场,柯桥区,29,8,2021-07-06 06:24:10.443
P3120000036,港越路4（肯德基）停车场,柯桥区,21,12,2021-07-06 06:24:10.443
P3120000037,港越路5（温州饭滩）停车场,柯桥区,22,9,2021-07-06 06:24:10.443
P3120000038,港越路6停车场,柯桥区,16,9,2021-07-06 06:24:10.443
P3120000040,笛扬路2（广厦公寓）停车场,柯桥区,37,29,2021-07-06 06:24:10.443
P3120000064,港越路1(步行街2)停车场,柯桥区,26,11,2021-07-06 06:24:10.443
P3120000033,港越路1(步行街1)停车场,柯桥区,14,7,2021-07-06 06:34:10.717
P3120000034,港越路2（精工）停车场,柯桥区,12,7,2021-07-06 06:34:10.717
P3120000037,港越路5（温州饭滩）停车场,柯桥区,22,11,2021-07-06 06:34:10.717
P3120000039,笛扬路1（世纪联华）停车场,柯桥区,31,25,2021-07-06 06:34:10.717
P3120000040,笛扬路2（广厦公寓）停车场,柯桥区,37,31,2021-07-06 06:34:10.717
P3120000061,港越路2(精工2)停车场,柯桥区,21,13,2021-07-06 06:34:10.717
P3120000064,港越路1(步行街2)停车场,柯桥区,26,12,2021-07-06 06:34:10.717
P3120000065,温渎路3停车场,柯桥区,11,7,2021-07-06 06:34:10.717
P3120000016,温渎路2停车场,柯桥区,15,12,2021-07-06 06:44:09.287
P3120000019,黄社溇路2停车场,柯桥区,18,14,2021-07-06 06:44:09.287
P3120000025,金杨路1（中医院）停车场,柯桥区,28,16,2021-07-06 06:44:09.287
P3120000028,鉴湖路1（锦江花园）停车场,柯桥区,29,10,2021-07-06 06:44:09.287
P3120000029,鉴湖路2（锦江花园）停车场,柯桥区,21,2,2021-07-06 06:44:09.287
P3120000037,港越路5（温州饭滩）停车场,柯桥区,22,12,2021-07-06 06:44:09.287
P3120000038,港越路6停车场,柯桥区,16,8,2021-07-06 06:44:09.287
P3120000039,笛扬路1（世纪联华）停车场,柯桥区,31,26,2021-07-06 06:44:09.287
P3120000041,笛扬路3（樱花电器）停车场,柯桥区,18,13,2021-07-06 06:44:09.287
P3120000045,笛扬路7（福年大厦）停车场,柯桥区,22,7,2021-07-06 06:44:09.287
P3120000061,港越路2(精工2)停车场,柯桥区,21,12,2021-07-06 06:44:09.287
P3120000062,港越路1(步行街3)停车场,柯桥区,16,7,2021-07-06 06:44:09.287
P3120000015,温渎路1停车场,柯桥区,21,18,2021-07-06 06:54:10.81
P3120000017,万家巷停车场,柯桥区,40,26,2021-07-06 06:54:10.81
P3120000018,黄社溇路1停车场,柯桥区,16,9,2021-07-06 06:54:10.81
P3120000019,黄社溇路2停车场,柯桥区,18,16,2021-07-06 06:54:10.81
P3120000025,金杨路1（中医院）停车场,柯桥区,28,17,2021-07-06 06:54:10.81
P3120000027,金杨路3停车场,柯桥区,28,13,2021-07-06 06:54:10.81
P3120000028,鉴湖路1（锦江花园）停车场,柯桥区,29,12,2021-07-06 06:54:10.81
P3120000029,鉴湖路2（锦江花园）停车场,柯桥区,21,4,2021-07-06 06:54:10.81
P3120000034,港越路2（精工）停车场,柯桥区,12,6,2021-07-06 06:54:10.81
P3120000037,港越路5（温州饭滩）停车场,柯桥区,22,10,2021-07-06 06:54:10.81
P3120000040,笛扬路2（广厦公寓）停车场,柯桥区,37,33,2021-07-06 06:54:10.81
P3120000041,笛扬路3（樱花电器）停车场,柯桥区,18,16,2021-07-06 06:54:10.81
P3120000042,笛扬路4（工商银行）停车场,柯桥区,23,19,2021-07-06 06:54:10.81
P3120000062,港越路1(步行街3)停车场,柯桥区,16,9,2021-07-06 06:54:10.81
P3120000014,人和路停车场,柯桥区,19,7,2021-07-06 07:04:11.05
P3120000015,温渎路1停车场,柯桥区,21,20,2021-07-06 07:04:11.05
P3120000017,万家巷停车场,柯桥区,40,28,2021-07-06 07:04:11.05
P3120000018,黄社溇路1停车场,柯桥区,16,10,2021-07-06 07:04:11.05
P3120000027,金杨路3停车场,柯桥区,28,12,2021-07-06 07:04:11.05
P3120000028,鉴湖路1（锦江花园）停车场,柯桥区,29,16,2021-07-06 07:04:11.05
P3120000032,鉴湖路5（四大银行）停车场,柯桥区,16,9,2021-07-06 07:04:11.05
P3120000037,港越路5（温州饭滩）停车场,柯桥区,22,12,2021-07-06 07:04:11.05
P3120000038,港越路6停车场,柯桥区,16,9,2021-07-06 07:04:11.05
P3120000039,笛扬路1（世纪联华）停车场,柯桥区,31,25,2021-07-06 07:04:11.05
P3120000040,笛扬路2（广厦公寓）停车场,柯桥区,37,32,2021-07-06 07:04:11.05
P3120000042,笛扬路4（工商银行）停车场,柯桥区,23,22,2021-07-06 07:04:11.05
P3120000064,港越路1(步行街2)停车场,柯桥区,26,14,2021-07-06 07:04:11.05
P3120000065,温渎路3停车场,柯桥区,11,9,2021-07-06 07:04:11.05
P3120000016,温渎路2停车场,柯桥区,15,11,2021-07-06 07:14:11.427
P3120000025,金杨路1（中医院）停车场,柯桥区,28,19,2021-07-06 07:14:11.427
P3120000027,金杨路3停车场,柯桥区,28,14,2021-07-06 07:14:11.427
P3120000029,鉴湖路2（锦江花园）停车场,柯桥区,21,3,2021-07-06 07:14:11.427
P3120000034,港越路2（精工）停车场,柯桥区,12,7,2021-07-06 07:14:11.427
P3120000037,港越路5（温州饭滩）停车场,柯桥区,22,11,2021-07-06 07:14:11.427
P3120000045,笛扬路7（福年大厦）停车场,柯桥区,22,6,2021-07-06 07:14:11.427
P3120000061,港越路2(精工2)停车场,柯桥区,21,11,2021-07-06 07:14:11.427
P3120000062,港越路1(步行街3)停车场,柯桥区,16,8,2021-07-06 07:14:11.427
P3120000014,人和路停车场,柯桥区,19,6,2021-07-06 07:24:08.297
P3120000016,温渎路2停车场,柯桥区,15,10,2021-07-06 07:24:08.297
P3120000018,黄社溇路1停车场,柯桥区,16,8,2021-07-06 07:24:08.297
P3120000019,黄社溇路2停车场,柯桥区,18,18,2021-07-06 07:24:08.297
P3120000027,金杨路3停车场,柯桥区,28,13,2021-07-06 07:24:08.297
P3120000028,鉴湖路1（锦江花园）停车场,柯桥区,29,14,2021-07-06 07:24:08.297
P3120000029,鉴湖路2（锦江花园）停车场,柯桥区,21,1,2021-07-06 07:24:08.297
P3120000032,鉴湖路5（四大银行）停车场,柯桥区,16,10,2021-07-06 07:24:08.297
P3120000033,港越路1(步行街1)停车场,柯桥区,14,6,2021-07-06 07:24:08.297
P3120000036,港越路4（肯德基）停车场,柯桥区,21,13,2021-07-06 07:24:08.297
P3120000037,港越路5（温州饭滩）停车场,柯桥区,22,10,2021-07-06 07:24:08.297
P3120000040,笛扬路2（广厦公寓）停车场,柯桥区,37,31,2021-07-06 07:24:08.297
P3120000041,笛扬路3（樱花电器）停车场,柯桥区,18,15,2021-07-06 07:24:08.297
P3120000042,笛扬路4（工商银行）停车场,柯桥区,23,20,2021-07-06 07:24:08.297
P3120000045,笛扬路7（福年大厦）停车场,柯桥区,22,3,2021-07-06 07:24:08.297
P3120000061,港越路2(精工2)停车场,柯桥区,21,13,2021-07-06 07:24:08.297
P3120000064,港越路1(步行街2)停车场,柯桥区,26,15,2021-07-06 07:24:08.297
P3120000068,港越路3（精工）停车场,柯桥区,23,19,2021-07-06 07:24:08.297
P3120000015,温渎路1停车场,柯桥区,21,19,2021-07-06 07:34:08.023
P3120000016,温渎路2停车场,柯桥区,15,11,2021-07-06 07:34:08.023
P3120000018,黄社溇路1停车场,柯桥区,16,9,2021-07-06 07:34:08.023
P3120000019,黄社溇路2停车场,柯桥区,18,17,2021-07-06 07:34:08.023
P3120000025,金杨路1（中医院）停车场,柯桥区,28,20,2021-07-06 07:34:08.023
P3120000027,金杨路3停车场,柯桥区,28,12,2021-07-06 07:34:08.023
P3120000028,鉴湖路1（锦江花园）停车场,柯桥区,29,17,2021-07-06 07:34:08.023
P3120000029,鉴湖路2（锦江花园）停车场,柯桥区,21,2,2021-07-06 07:34:08.023
P3120000032,鉴湖路5（四大银行）停车场,柯桥区,16,9,2021-07-06 07:34:08.023
P3120000037,港越路5（温州饭滩）停车场,柯桥区,22,11,2021-07-06 07:34:08.023
P3120000040,笛扬路2（广厦公寓）停车场,柯桥区,37,33,2021-07-06 07:34:08.023
P3120000041,笛扬路3（樱花电器）停车场,柯桥区,18,16,2021-07-06 07:34:08.023
P3120000042,笛扬路4（工商银行）停车场,柯桥区,23,21,2021-07-06 07:34:08.023
P3120000045,笛扬路7（福年大厦）停车场,柯桥区,22,4,2021-07-06 07:34:08.023
P3120000064,港越路1(步行街2)停车场,柯桥区,26,18,2021-07-06 07:34:08.023
P3120000068,港越路3（精工）停车场,柯桥区,23,21,2021-07-06 07:34:08.023
P3120000014,人和路停车场,柯桥区,19,7,2021-07-06 07:44:11.597
P3120000015,温渎路1停车场,柯桥区,21,20,2021-07-06 07:44:11.597
P3120000018,黄社溇路1停车场,柯桥区,16,8,2021-07-06 07:44:11.597
P3120000027,金杨路3停车场,柯桥区,28,11,2021-07-06 07:44:11.597
P3120000028,鉴湖路1（锦江花园）停车场,柯桥区,29,15,2021-07-06 07:44:11.597
P3120000029,鉴湖路2（锦江花园）停车场,柯桥区,21,1,2021-07-06 07:44:11.597
P3120000030,鉴湖路3停车场,柯桥区,12,9,2021-07-06 07:44:11.597
P3120000037,港越路5（温州饭滩）停车场,柯桥区,22,9,2021-07-06 07:44:11.597
P3120000038,港越路6停车场,柯桥区,16,8,2021-07-06 07:44:11.597
P3120000039,笛扬路1（世纪联华）停车场,柯桥区,31,24,2021-07-06 07:44:11.597
P3120000040,笛扬路2（广厦公寓）停车场,柯桥区,37,30,2021-07-06 07:44:11.597
P3120000041,笛扬路3（樱花电器）停车场,柯桥区,18,17,2021-07-06 07:44:11.597
P3120000042,笛扬路4（工商银行）停车场,柯桥区,23,22,2021-07-06 07:44:11.597
P3120000064,港越路1(步行街2)停车场,柯桥区,26,17,2021-07-06 07:44:11.597
P3120000014,人和路停车场,柯桥区,19,8,2021-07-06 07:54:11.147
P3120000015,温渎路1停车场,柯桥区,21,19,2021-07-06 07:54:11.147
P3120000018,黄社溇路1停车场,柯桥区,16,4,2021-07-06 07:54:11.147
P3120000019,黄社溇路2停车场,柯桥区,18,15,2021-07-06 07:54:11.147
P3120000028,鉴湖路1（锦江花园）停车场,柯桥区,29,20,2021-07-06 07:54:11.147
P3120000030,鉴湖路3停车场,柯桥区,12,7,2021-07-06 07:54:11.147
P3120000033,港越路1(步行街1)停车场,柯桥区,14,5,2021-07-06 07:54:11.147
P3120000036,港越路4（肯德基）停车场,柯桥区,21,10,2021-07-06 07:54:11.147
P3120000040,笛扬路2（广厦公寓）停车场,柯桥区,37,29,2021-07-06 07:54:11.147
P3120000061,港越路2(精工2)停车场,柯桥区,21,16,2021-07-06 07:54:11.147
P3120000014,人和路停车场,柯桥区,19,7,2021-07-06 08:04:10.44
P3120000015,温渎路1停车场,柯桥区,21,20,2021-07-06 08:04:10.44
P3120000016,温渎路2停车场,柯桥区,15,10,2021-07-06 08:04:10.44
P3120000017,万家巷停车场,柯桥区,40,29,2021-07-06 08:04:10.44
P3120000018,黄社溇路1停车场,柯桥区,16,8,2021-07-06 08:04:10.44
P3120000019,黄社溇路2停车场,柯桥区,18,16,2021-07-06 08:04:10.44
P3120000025,金杨路1（中医院）停车场,柯桥区,28,19,2021-07-06 08:04:10.44
P3120000028,鉴湖路1（锦江花园）停车场,柯桥区,29,19,2021-07-06 08:04:10.44
P3120000029,鉴湖路2（锦江花园）停车场,柯桥区,21,5,2021-07-06 08:04:10.44
P3120000030,鉴湖路3停车场,柯桥区,12,8,2021-07-06 08:04:10.44
P3120000032,鉴湖路5（四大银行）停车场,柯桥区,16,8,2021-07-06 08:04:10.44
P3120000037,港越路5（温州饭滩）停车场,柯桥区,22,11,2021-07-06 08:04:10.44
P3120000038,港越路6停车场,柯桥区,16,9,2021-07-06 08:04:10.44
P3120000039,笛扬路1（世纪联华）停车场,柯桥区,31,22,2021-07-06 08:04:10.44
P3120000040,笛扬路2（广厦公寓）停车场,柯桥区,37,30,2021-07-06 08:04:10.44
P3120000042,笛扬路4（工商银行）停车场,柯桥区,23,21,2021-07-06 08:04:10.44
P3120000064,港越路1(步行街2)停车场,柯桥区,26,16,2021-07-06 08:04:10.44
P3120000065,温渎路3停车场,柯桥区,11,10,2021-07-06 08:04:10.44
P3120000014,人和路停车场,柯桥区,19,10,2021-07-06 08:14:09.93
P3120000016,温渎路2停车场,柯桥区,15,9,2021-07-06 08:14:09.93
P3120000017,万家巷停车场,柯桥区,40,28,2021-07-06 08:14:09.93
P3120000018,黄社溇路1停车场,柯桥区,16,9,2021-07-06 08:14:09.93
P3120000025,金杨路1（中医院）停车场,柯桥区,28,20,2021-07-06 08:14:09.93
P3120000027,金杨路3停车场,柯桥区,28,10,2021-07-06 08:14:09.93
P3120000028,鉴湖路1（锦江花园）停车场,柯桥区,29,20,2021-07-06 08:14:09.93
P3120000032,鉴湖路5（四大银行）停车场,柯桥区,16,9,2021-07-06 08:14:09.93
P3120000034,港越路2（精工）停车场,柯桥区,12,8,2021-07-06 08:14:09.93
P3120000039,笛扬路1（世纪联华）停车场,柯桥区,31,20,2021-07-06 08:14:09.93
P3120000040,笛扬路2（广厦公寓）停车场,柯桥区,37,31,2021-07-06 08:14:09.93
P3120000045,笛扬路7（福年大厦）停车场,柯桥区,22,2,2021-07-06 08:14:09.93
P3120000061,港越路2(精工2)停车场,柯桥区,21,17,2021-07-06 08:14:09.93
P3120000062,港越路1(步行街3)停车场,柯桥区,16,6,2021-07-06 08:14:09.93
P3120000064,港越路1(步行街2)停车场,柯桥区,26,15,2021-07-06 08:14:09.93
P3120000065,温渎路3停车场,柯桥区,11,9,2021-07-06 08:14:09.93
P3120000014,人和路停车场,柯桥区,19,11,2021-07-06 08:24:09.127
P3120000016,温渎路2停车场,柯桥区,15,8,2021-07-06 08:24:09.127
P3120000017,万家巷停车场,柯桥区,40,26,2021-07-06 08:24:09.127
P3120000019,黄社溇路2停车场,柯桥区,18,13,2021-07-06 08:24:09.127
P3120000028,鉴湖路1（锦江花园）停车场,柯桥区,29,21,2021-07-06 08:24:09.127
P3120000029,鉴湖路2（锦江花园）停车场,柯桥区,21,6,2021-07-06 08:24:09.127
P3120000033,港越路1(步行街1)停车场,柯桥区,14,6,2021-07-06 08:24:09.127
P3120000036,港越路4（肯德基）停车场,柯桥区,21,8,2021-07-06 08:24:09.127
P3120000037,港越路5（温州饭滩）停车场,柯桥区,22,10,2021-07-06 08:24:09.127
P3120000039,笛扬路1（世纪联华）停车场,柯桥区,31,18,2021-07-06 08:24:09.127
P3120000040,笛扬路2（广厦公寓）停车场,柯桥区,37,28,2021-07-06 08:24:09.127
P3120000064,港越路1(步行街2)停车场,柯桥区,26,16,2021-07-06 08:24:09.127
P3120000015,温渎路1停车场,柯桥区,21,18,2021-07-06 08:34:09.673
P3120000016,温渎路2停车场,柯桥区,15,9,2021-07-06 08:34:09.673
P3120000018,黄社溇路1停车场,柯桥区,16,10,2021-07-06 08:34:09.673
P3120000019,黄社溇路2停车场,柯桥区,18,15,2021-07-06 08:34:09.673
P3120000027,金杨路3停车场,柯桥区,28,13,2021-07-06 08:34:09.673
P3120000028,鉴湖路1（锦江花园）停车场,柯桥区,29,20,2021-07-06 08:34:09.673
P3120000029,鉴湖路2（锦江花园）停车场,柯桥区,21,5,2021-07-06 08:34:09.673
P3120000030,鉴湖路3停车场,柯桥区,12,6,2021-07-06 08:34:09.673
P3120000036,港越路4（肯德基）停车场,柯桥区,21,6,2021-07-06 08:34:09.673
P3120000038,港越路6停车场,柯桥区,16,10,2021-07-06 08:34:09.673
P3120000039,笛扬路1（世纪联华）停车场,柯桥区,31,21,2021-07-06 08:34:09.673
P3120000040,笛扬路2（广厦公寓）停车场,柯桥区,37,27,2021-07-06 08:34:09.673
P3120000041,笛扬路3（樱花电器）停车场,柯桥区,18,16,2021-07-06 08:34:09.673
P3120000045,笛扬路7（福年大厦）停车场,柯桥区,22,3,2021-07-06 08:34:09.673
P3120000061,港越路2(精工2)停车场,柯桥区,21,18,2021-07-06 08:34:09.673
P3120000062,港越路1(步行街3)停车场,柯桥区,16,7,2021-07-06 08:34:09.673
P3120000064,港越路1(步行街2)停车场,柯桥区,26,19,2021-07-06 08:34:09.673
P3120000068,港越路3（精工）停车场,柯桥区,23,19,2021-07-06 08:34:09.673
P3120000014,人和路停车场,柯桥区,19,12,2021-07-06 08:44:09.06
P3120000016,温渎路2停车场,柯桥区,15,8,2021-07-06 08:44:09.06
P3120000017,万家巷停车场,柯桥区,40,25,2021-07-06 08:44:09.06
P3120000019,黄社溇路2停车场,柯桥区,18,17,2021-07-06 08:44:09.06
P3120000025,金杨路1（中医院）停车场,柯桥区,28,22,2021-07-06 08:44:09.06
P3120000029,鉴湖路2（锦江花园）停车场,柯桥区,21,7,2021-07-06 08:44:09.06
P3120000030,鉴湖路3停车场,柯桥区,12,7,2021-07-06 08:44:09.06
P3120000032,鉴湖路5（四大银行）停车场,柯桥区,16,4,2021-07-06 08:44:09.06
P3120000033,港越路1(步行街1)停车场,柯桥区,14,7,2021-07-06 08:44:09.06
P3120000034,港越路2（精工）停车场,柯桥区,12,9,2021-07-06 08:44:09.06
P3120000036,港越路4（肯德基）停车场,柯桥区,21,2,2021-07-06 08:44:09.06
P3120000037,港越路5（温州饭滩）停车场,柯桥区,22,7,2021-07-06 08:44:09.06
P3120000038,港越路6停车场,柯桥区,16,9,2021-07-06 08:44:09.06
P3120000039,笛扬路1（世纪联华）停车场,柯桥区,31,20,2021-07-06 08:44:09.06
P3120000040,笛扬路2（广厦公寓）停车场,柯桥区,37,32,2021-07-06 08:44:09.06
P3120000068,港越路3（精工）停车场,柯桥区,23,16,2021-07-06 08:44:09.06
P3120000015,温渎路1停车场,柯桥区,21,19,2021-07-06 08:54:10.13
P3120000016,温渎路2停车场,柯桥区,15,9,2021-07-06 08:54:10.13
P3120000017,万家巷停车场,柯桥区,40,23,2021-07-06 08:54:10.13
P3120000018,黄社溇路1停车场,柯桥区,16,11,2021-07-06 08:54:10.13
P3120000025,金杨路1（中医院）停车场,柯桥区,28,19,2021-07-06 08:54:10.13
P3120000027,金杨路3停车场,柯桥区,28,14,2021-07-06 08:54:10.13
P3120000028,鉴湖路1（锦江花园）停车场,柯桥区,29,18,2021-07-06 08:54:10.13
P3120000029,鉴湖路2（锦江花园）停车场,柯桥区,21,8,2021-07-06 08:54:10.13
P3120000030,鉴湖路3停车场,柯桥区,12,8,2021-07-06 08:54:10.13
P3120000033,港越路1(步行街1)停车场,柯桥区,14,6,2021-07-06 08:54:10.13
P3120000036,港越路4（肯德基）停车场,柯桥区,21,3,2021-07-06 08:54:10.13
P3120000040,笛扬路2（广厦公寓）停车场,柯桥区,37,29,2021-07-06 08:54:10.13
P3120000041,笛扬路3（樱花电器）停车场,柯桥区,18,15,2021-07-06 08:54:10.13
P3120000042,笛扬路4（工商银行）停车场,柯桥区,23,22,2021-07-06 08:54:10.13
P3120000045,笛扬路7（福年大厦）停车场,柯桥区,22,2,2021-07-06 08:54:10.13
P3120000064,港越路1(步行街2)停车场,柯桥区,26,18,2021-07-06 08:54:10.13
P3120000015,温渎路1停车场,柯桥区,21,20,2021-07-06 09:04:09.457
P3120000017,万家巷停车场,柯桥区,40,22,2021-07-06 09:04:09.457
P3120000019,黄社溇路2停车场,柯桥区,18,16,2021-07-06 09:04:09.457
P3120000025,金杨路1（中医院）停车场,柯桥区,28,21,2021-07-06 09:04:09.457
P3120000027,金杨路3停车场,柯桥区,28,13,2021-07-06 09:04:09.457
P3120000028,鉴湖路1（锦江花园）停车场,柯桥区,29,17,2021-07-06 09:04:09.457
P3120000029,鉴湖路2（锦江花园）停车场,柯桥区,21,7,2021-07-06 09:04:09.457
P3120000032,鉴湖路5（四大银行）停车场,柯桥区,16,3,2021-07-06 09:04:09.457
P3120000034,港越路2（精工）停车场,柯桥区,12,10,2021-07-06 09:04:09.457
P3120000040,笛扬路2（广厦公寓）停车场,柯桥区,37,26,2021-07-06 09:04:09.457
P3120000041,笛扬路3（樱花电器）停车场,柯桥区,18,13,2021-07-06 09:04:09.457
P3120000042,笛扬路4（工商银行）停车场,柯桥区,23,21,2021-07-06 09:04:09.457
P3120000062,港越路1(步行街3)停车场,柯桥区,16,9,2021-07-06 09:04:09.457
P3120000064,港越路1(步行街2)停车场,柯桥区,26,19,2021-07-06 09:04:09.457
P3120000065,温渎路3停车场,柯桥区,11,8,2021-07-06 09:04:09.457
P3120000068,港越路3（精工）停车场,柯桥区,23,14,2021-07-06 09:04:09.457
P3120000014,人和路停车场,柯桥区,19,13,2021-07-06 09:14:12.21
P3120000017,万家巷停车场,柯桥区,40,18,2021-07-06 09:14:12.21
P3120000018,黄社溇路1停车场,柯桥区,16,10,2021-07-06 09:14:12.21
P3120000019,黄社溇路2停车场,柯桥区,18,17,2021-07-06 09:14:12.21
P3120000027,金杨路3停车场,柯桥区,28,12,2021-07-06 09:14:12.21
P3120000028,鉴湖路1（锦江花园）停车场,柯桥区,29,15,2021-07-06 09:14:12.21
P3120000029,鉴湖路2（锦江花园）停车场,柯桥区,21,8,2021-07-06 09:14:12.21
P3120000032,鉴湖路5（四大银行）停车场,柯桥区,16,4,2021-07-06 09:14:12.21
P3120000033,港越路1(步行街1)停车场,柯桥区,14,7,2021-07-06 09:14:12.21
P3120000036,港越路4（肯德基）停车场,柯桥区,21,5,2021-07-06 09:14:12.21
P3120000037,港越路5（温州饭滩）停车场,柯桥区,22,11,2021-07-06 09:14:12.21
P3120000038,港越路6停车场,柯桥区,16,10,2021-07-06 09:14:12.21
P3120000039,笛扬路1（世纪联华）停车场,柯桥区,31,21,2021-07-06 09:14:12.21
P3120000040,笛扬路2（广厦公寓）停车场,柯桥区,37,24,2021-07-06 09:14:12.21
P3120000042,笛扬路4（工商银行）停车场,柯桥区,23,22,2021-07-06 09:14:12.21
P3120000045,笛扬路7（福年大厦）停车场,柯桥区,22,3,2021-07-06 09:14:12.21
P3120000061,港越路2(精工2)停车场,柯桥区,21,17,2021-07-06 09:14:12.21
P3120000064,港越路1(步行街2)停车场,柯桥区,26,17,2021-07-06 09:14:12.21
P3120000068,港越路3（精工）停车场,柯桥区,23,9,2021-07-06 09:14:12.21
P3120000014,人和路停车场,柯桥区,19,14,2021-07-06 09:24:09.977
P3120000015,温渎路1停车场,柯桥区,21,21,2021-07-06 09:24:09.977
P3120000016,温渎路2停车场,柯桥区,15,10,2021-07-06 09:24:09.977
P3120000018,黄社溇路1停车场,柯桥区,16,11,2021-07-06 09:24:09.977
P3120000025,金杨路1（中医院）停车场,柯桥区,28,18,2021-07-06 09:24:09.977
P3120000027,金杨路3停车场,柯桥区,28,15,2021-07-06 09:24:09.977
P3120000028,鉴湖路1（锦江花园）停车场,柯桥区,29,16,2021-07-06 09:24:09.977
P3120000030,鉴湖路3停车场,柯桥区,12,10,2021-07-06 09:24:09.977
P3120000032,鉴湖路5（四大银行）停车场,柯桥区,16,5,2021-07-06 09:24:09.977
P3120000033,港越路1(步行街1)停车场,柯桥区,14,6,2021-07-06 09:24:09.977
P3120000036,港越路4（肯德基）停车场,柯桥区,21,6,2021-07-06 09:24:09.977
P3120000037,港越路5（温州饭滩）停车场,柯桥区,22,9,2021-07-06 09:24:09.977
P3120000038,港越路6停车场,柯桥区,16,9,2021-07-06 09:24:09.977
P3120000039,笛扬路1（世纪联华）停车场,柯桥区,31,22,2021-07-06 09:24:09.977
P3120000042,笛扬路4（工商银行）停车场,柯桥区,23,20,2021-07-06 09:24:09.977
P3120000045,笛扬路7（福年大厦）停车场,柯桥区,22,2,2021-07-06 09:24:09.977
P3120000064,港越路1(步行街2)停车场,柯桥区,26,18,2021-07-06 09:24:09.977
P3120000065,温渎路3停车场,柯桥区,11,7,2021-07-06 09:24:09.977
P3120000068,港越路3（精工）停车场,柯桥区,23,8,2021-07-06 09:24:09.977
P3120000016,温渎路2停车场,柯桥区,15,9,2021-07-06 09:34:12.22
P3120000017,万家巷停车场,柯桥区,40,16,2021-07-06 09:34:12.22
P3120000018,黄社溇路1停车场,柯桥区,16,9,2021-07-06 09:34:12.22
P3120000025,金杨路1（中医院）停车场,柯桥区,28,19,2021-07-06 09:34:12.22
P3120000028,鉴湖路1（锦江花园）停车场,柯桥区,29,17,2021-07-06 09:34:12.22
P3120000033,港越路1(步行街1)停车场,柯桥区,14,5,2021-07-06 09:34:12.22
P3120000036,港越路4（肯德基）停车场,柯桥区,21,2,2021-07-06 09:34:12.22
P3120000037,港越路5（温州饭滩）停车场,柯桥区,22,11,2021-07-06 09:34:12.22
P3120000038,港越路6停车场,柯桥区,16,10,2021-07-06 09:34:12.22
P3120000039,笛扬路1（世纪联华）停车场,柯桥区,31,21,2021-07-06 09:34:12.22
P3120000040,笛扬路2（广厦公寓）停车场,柯桥区,37,25,2021-07-06 09:34:12.22
P3120000061,港越路2(精工2)停车场,柯桥区,21,16,2021-07-06 09:34:12.22
P3120000065,温渎路3停车场,柯桥区,11,9,2021-07-06 09:34:12.22
P3120000068,港越路3（精工）停车场,柯桥区,23,12,2021-07-06 09:34:12.22
P3120000014,人和路停车场,柯桥区,19,13,2021-07-06 09:44:10.2
P3120000015,温渎路1停车场,柯桥区,21,20,2021-07-06 09:44:10.2
P3120000016,温渎路2停车场,柯桥区,15,11,2021-07-06 09:44:10.2
P3120000018,黄社溇路1停车场,柯桥区,16,8,2021-07-06 09:44:10.2
P3120000019,黄社溇路2停车场,柯桥区,18,16,2021-07-06 09:44:10.2
P3120000027,金杨路3停车场,柯桥区,28,13,2021-07-06 09:44:10.2
P3120000028,鉴湖路1（锦江花园）停车场,柯桥区,29,18,2021-07-06 09:44:10.2
P3120000029,鉴湖路2（锦江花园）停车场,柯桥区,21,10,2021-07-06 09:44:10.2
P3120000030,鉴湖路3停车场,柯桥区,12,9,2021-07-06 09:44:10.2
P3120000034,港越路2（精工）停车场,柯桥区,12,9,2021-07-06 09:44:10.2
P3120000036,港越路4（肯德基）停车场,柯桥区,21,3,2021-07-06 09:44:10.2
P3120000037,港越路5（温州饭滩）停车场,柯桥区,22,9,2021-07-06 09:44:10.2
P3120000038,港越路6停车场,柯桥区,16,11,2021-07-06 09:44:10.2
P3120000039,笛扬路1（世纪联华）停车场,柯桥区,31,20,2021-07-06 09:44:10.2
P3120000040,笛扬路2（广厦公寓）停车场,柯桥区,37,22,2021-07-06 09:44:10.2
P3120000042,笛扬路4（工商银行）停车场,柯桥区,23,18,2021-07-06 09:44:10.2
P3120000061,港越路2(精工2)停车场,柯桥区,21,15,2021-07-06 09:44:10.2
P3120000014,人和路停车场,柯桥区,19,14,2021-07-06 09:53:11.007
P3120000015,温渎路1停车场,柯桥区,21,19,2021-07-06 09:53:11.007
P3120000017,万家巷停车场,柯桥区,40,19,2021-07-06 09:53:11.007
P3120000018,黄社溇路1停车场,柯桥区,16,7,2021-07-06 09:53:11.007
P3120000019,黄社溇路2停车场,柯桥区,18,17,2021-07-06 09:53:11.007
P3120000025,金杨路1（中医院）停车场,柯桥区,28,20,2021-07-06 09:53:11.007
P3120000028,鉴湖路1（锦江花园）停车场,柯桥区,29,21,2021-07-06 09:53:11.007
P3120000029,鉴湖路2（锦江花园）停车场,柯桥区,21,9,2021-07-06 09:53:11.007
P3120000030,鉴湖路3停车场,柯桥区,12,10,2021-07-06 09:53:11.007
P3120000032,鉴湖路5（四大银行）停车场,柯桥区,16,4,2021-07-06 09:53:11.007
P3120000033,港越路1(步行街1)停车场,柯桥区,14,6,2021-07-06 09:53:11.007
P3120000034,港越路2（精工）停车场,柯桥区,12,10,2021-07-06 09:53:11.007
P3120000036,港越路4（肯德基）停车场,柯桥区,21,2,2021-07-06 09:53:11.007
P3120000037,港越路5（温州饭滩）停车场,柯桥区,22,7,2021-07-06 09:53:11.007
P3120000039,笛扬路1（世纪联华）停车场,柯桥区,31,17,2021-07-06 09:53:11.007
P3120000042,笛扬路4（工商银行）停车场,柯桥区,23,20,2021-07-06 09:53:11.007
P3120000045,笛扬路7（福年大厦）停车场,柯桥区,22,3,2021-07-06 09:53:11.007
P3120000061,港越路2(精工2)停车场,柯桥区,21,18,2021-07-06 09:53:11.007
P3120000064,港越路1(步行街2)停车场,柯桥区,26,20,2021-07-06 09:53:11.007
P3120000065,温渎路3停车场,柯桥区,11,10,2021-07-06 09:53:11.007
P3120000068,港越路3（精工）停车场,柯桥区,23,11,2021-07-06 09:53:11.007
P3120000014,人和路停车场,柯桥区,19,17,2021-07-06 10:04:10.477
P3120000015,温渎路1停车场,柯桥区,21,18,2021-07-06 10:04:10.477
P3120000017,万家巷停车场,柯桥区,40,17,2021-07-06 10:04:10.477
P3120000018,黄社溇路1停车场,柯桥区,16,4,2021-07-06 10:04:10.477
P3120000019,黄社溇路2停车场,柯桥区,18,15,2021-07-06 10:04:10.477
P3120000025,金杨路1（中医院）停车场,柯桥区,28,21,2021-07-06 10:04:10.477
P3120000027,金杨路3停车场,柯桥区,28,14,2021-07-06 10:04:10.477
P3120000029,鉴湖路2（锦江花园）停车场,柯桥区,21,8,2021-07-06 10:04:10.477
P3120000030,鉴湖路3停车场,柯桥区,12,11,2021-07-06 10:04:10.477
P3120000034,港越路2（精工）停车场,柯桥区,12,11,2021-07-06 10:04:10.477
P3120000036,港越路4（肯德基）停车场,柯桥区,21,1,2021-07-06 10:04:10.477
P3120000037,港越路5（温州饭滩）停车场,柯桥区,22,4,2021-07-06 10:04:10.477
P3120000038,港越路6停车场,柯桥区,16,10,2021-07-06 10:04:10.477
P3120000039,笛扬路1（世纪联华）停车场,柯桥区,31,16,2021-07-06 10:04:10.477
P3120000040,笛扬路2（广厦公寓）停车场,柯桥区,37,21,2021-07-06 10:04:10.477
P3120000041,笛扬路3（樱花电器）停车场,柯桥区,18,12,2021-07-06 10:04:10.477
P3120000042,笛扬路4（工商银行）停车场,柯桥区,23,18,2021-07-06 10:04:10.477
P3120000062,港越路1(步行街3)停车场,柯桥区,16,8,2021-07-06 10:04:10.477
P3120000064,港越路1(步行街2)停车场,柯桥区,26,19,2021-07-06 10:04:10.477
P3120000065,温渎路3停车场,柯桥区,11,9,2021-07-06 10:04:10.477
P3120000068,港越路3（精工）停车场,柯桥区,23,10,2021-07-06 10:04:10.477
P3120000015,温渎路1停车场,柯桥区,21,17,2021-07-06 10:14:11.083
P3120000017,万家巷停车场,柯桥区,40,18,2021-07-06 10:14:11.083
P3120000018,黄社溇路1停车场,柯桥区,16,2,2021-07-06 10:14:11.083
P3120000019,黄社溇路2停车场,柯桥区,18,14,2021-07-06 10:14:11.083
P3120000025,金杨路1（中医院）停车场,柯桥区,28,20,2021-07-06 10:14:11.083
P3120000027,金杨路3停车场,柯桥区,28,15,2021-07-06 10:14:11.083
P3120000029,鉴湖路2（锦江花园）停车场,柯桥区,21,9,2021-07-06 10:14:11.083
P3120000030,鉴湖路3停车场,柯桥区,12,10,2021-07-06 10:14:11.083
P3120000032,鉴湖路5（四大银行）停车场,柯桥区,16,3,2021-07-06 10:14:11.083
P3120000036,港越路4（肯德基）停车场,柯桥区,21,2,2021-07-06 10:14:11.083
P3120000037,港越路5（温州饭滩）停车场,柯桥区,22,3,2021-07-06 10:14:11.083
P3120000038,港越路6停车场,柯桥区,16,11,2021-07-06 10:14:11.083
P3120000040,笛扬路2（广厦公寓）停车场,柯桥区,37,24,2021-07-06 10:14:11.083
P3120000041,笛扬路3（樱花电器）停车场,柯桥区,18,13,2021-07-06 10:14:11.083
P3120000042,笛扬路4（工商银行）停车场,柯桥区,23,19,2021-07-06 10:14:11.083
P3120000045,笛扬路7（福年大厦）停车场,柯桥区,22,2,2021-07-06 10:14:11.083
P3120000062,港越路1(步行街3)停车场,柯桥区,16,9,2021-07-06 10:14:11.083
P3120000065,温渎路3停车场,柯桥区,11,10,2021-07-06 10:14:11.083
P3120000068,港越路3（精工）停车场,柯桥区,23,11,2021-07-06 10:14:11.083
P3120000014,人和路停车场,柯桥区,19,16,2021-07-06 10:24:08.823
P3120000015,温渎路1停车场,柯桥区,21,16,2021-07-06 10:24:08.823
P3120000017,万家巷停车场,柯桥区,40,16,2021-07-06 10:24:08.823
P3120000027,金杨路3停车场,柯桥区,28,17,2021-07-06 10:24:08.823
P3120000028,鉴湖路1（锦江花园）停车场,柯桥区,29,22,2021-07-06 10:24:08.823
P3120000029,鉴湖路2（锦江花园）停车场,柯桥区,21,10,2021-07-06 10:24:08.823
P3120000032,鉴湖路5（四大银行）停车场,柯桥区,16,4,2021-07-06 10:24:08.823
P3120000037,港越路5（温州饭滩）停车场,柯桥区,22,1,2021-07-06 10:24:08.823
P3120000038,港越路6停车场,柯桥区,16,10,2021-07-06 10:24:08.823
P3120000039,笛扬路1（世纪联华）停车场,柯桥区,31,15,2021-07-06 10:24:08.823
P3120000040,笛扬路2（广厦公寓）停车场,柯桥区,37,26,2021-07-06 10:24:08.823
P3120000042,笛扬路4（工商银行）停车场,柯桥区,23,16,2021-07-06 10:24:08.823
P3120000045,笛扬路7（福年大厦）停车场,柯桥区,22,4,2021-07-06 10:24:08.823
P3120000062,港越路1(步行街3)停车场,柯桥区,16,11,2021-07-06 10:24:08.823
P3120000064,港越路1(步行街2)停车场,柯桥区,26,16,2021-07-06 10:24:08.823
P3120000068,港越路3（精工）停车场,柯桥区,23,9,2021-07-06 10:24:08.823
P3120000014,人和路停车场,柯桥区,19,17,2021-07-06 10:34:08.907
P3120000015,温渎路1停车场,柯桥区,21,17,2021-07-06 10:34:08.907
P3120000016,温渎路2停车场,柯桥区,15,10,2021-07-06 10:34:08.907
P3120000017,万家巷停车场,柯桥区,40,19,2021-07-06 10:34:08.907
P3120000018,黄社溇路1停车场,柯桥区,16,3,2021-07-06 10:34:08.907
P3120000019,黄社溇路2停车场,柯桥区,18,13,2021-07-06 10:34:08.907
P3120000025,金杨路1（中医院）停车场,柯桥区,28,21,2021-07-06 10:34:08.907
P3120000027,金杨路3停车场,柯桥区,28,19,2021-07-06 10:34:08.907
P3120000029,鉴湖路2（锦江花园）停车场,柯桥区,21,11,2021-07-06 10:34:08.907
P3120000033,港越路1(步行街1)停车场,柯桥区,14,7,2021-07-06 10:34:08.907
P3120000036,港越路4（肯德基）停车场,柯桥区,21,4,2021-07-06 10:34:08.907
P3120000038,港越路6停车场,柯桥区,16,8,2021-07-06 10:34:08.907
P3120000040,笛扬路2（广厦公寓）停车场,柯桥区,37,25,2021-07-06 10:34:08.907
P3120000042,笛扬路4（工商银行）停车场,柯桥区,23,20,2021-07-06 10:34:08.907
P3120000045,笛扬路7（福年大厦）停车场,柯桥区,22,5,2021-07-06 10:34:08.907
P3120000064,港越路1(步行街2)停车场,柯桥区,26,17,2021-07-06 10:34:08.907
P3120000065,温渎路3停车场,柯桥区,11,9,2021-07-06 10:34:08.907
P3120000068,港越路3（精工）停车场,柯桥区,23,7,2021-07-06 10:34:08.907
P3120000016,温渎路2停车场,柯桥区,15,12,2021-07-06 10:44:09.717
P3120000017,万家巷停车场,柯桥区,40,23,2021-07-06 10:44:09.717
P3120000018,黄社溇路1停车场,柯桥区,16,4,2021-07-06 10:44:09.717
P3120000019,黄社溇路2停车场,柯桥区,18,12,2021-07-06 10:44:09.717
P3120000025,金杨路1（中医院）停车场,柯桥区,28,20,2021-07-06 10:44:09.717
P3120000032,鉴湖路5（四大银行）停车场,柯桥区,16,3,2021-07-06 10:44:09.717
P3120000033,港越路1(步行街1)停车场,柯桥区,14,5,2021-07-06 10:44:09.717
P3120000036,港越路4（肯德基）停车场,柯桥区,21,5,2021-07-06 10:44:09.717
P3120000037,港越路5（温州饭滩）停车场,柯桥区,22,2,2021-07-06 10:44:09.717
P3120000039,笛扬路1（世纪联华）停车场,柯桥区,31,16,2021-07-06 10:44:09.717
P3120000040,笛扬路2（广厦公寓）停车场,柯桥区,37,27,2021-07-06 10:44:09.717
P3120000045,笛扬路7（福年大厦）停车场,柯桥区,22,6,2021-07-06 10:44:09.717
P3120000062,港越路1(步行街3)停车场,柯桥区,16,10,2021-07-06 10:44:09.717
P3120000064,港越路1(步行街2)停车场,柯桥区,26,18,2021-07-06 10:44:09.717
P3120000068,港越路3（精工）停车场,柯桥区,23,8,2021-07-06 10:44:09.717
P3120000014,人和路停车场,柯桥区,19,15,2021-07-06 10:54:09.033
P3120000015,温渎路1停车场,柯桥区,21,15,2021-07-06 10:54:09.033
P3120000017,万家巷停车场,柯桥区,40,24,2021-07-06 10:54:09.033
P3120000025,金杨路1（中医院）停车场,柯桥区,28,18,2021-07-06 10:54:09.033
P3120000028,鉴湖路1（锦江花园）停车场,柯桥区,29,24,2021-07-06 10:54:09.033
P3120000029,鉴湖路2（锦江花园）停车场,柯桥区,21,10,2021-07-06 10:54:09.033
P3120000030,鉴湖路3停车场,柯桥区,12,9,2021-07-06 10:54:09.033
P3120000036,港越路4（肯德基）停车场,柯桥区,21,3,2021-07-06 10:54:09.033
P3120000037,港越路5（温州饭滩）停车场,柯桥区,22,1,2021-07-06 10:54:09.033
P3120000039,笛扬路1（世纪联华）停车场,柯桥区,31,18,2021-07-06 10:54:09.033
P3120000040,笛扬路2（广厦公寓）停车场,柯桥区,37,31,2021-07-06 10:54:09.033
P3120000042,笛扬路4（工商银行）停车场,柯桥区,23,19,2021-07-06 10:54:09.033
P3120000061,港越路2(精工2)停车场,柯桥区,21,16,2021-07-06 10:54:09.033
P3120000065,温渎路3停车场,柯桥区,11,8,2021-07-06 10:54:09.033
P3120000014,人和路停车场,柯桥区,19,16,2021-07-06 11:04:11.103
P3120000015,温渎路1停车场,柯桥区,21,16,2021-07-06 11:04:11.103
P3120000016,温渎路2停车场,柯桥区,15,11,2021-07-06 11:04:11.103
P3120000017,万家巷停车场,柯桥区,40,22,2021-07-06 11:04:11.103
P3120000018,黄社溇路1停车场,柯桥区,16,2,2021-07-06 11:04:11.103
P3120000019,黄社溇路2停车场,柯桥区,18,10,2021-07-06 11:04:11.103
P3120000025,金杨路1（中医院）停车场,柯桥区,28,21,2021-07-06 11:04:11.103
P3120000028,鉴湖路1（锦江花园）停车场,柯桥区,29,22,2021-07-06 11:04:11.103
P3120000029,鉴湖路2（锦江花园）停车场,柯桥区,21,13,2021-07-06 11:04:11.103
P3120000030,鉴湖路3停车场,柯桥区,12,8,2021-07-06 11:04:11.103
P3120000032,鉴湖路5（四大银行）停车场,柯桥区,16,4,2021-07-06 11:04:11.103
P3120000037,港越路5（温州饭滩）停车场,柯桥区,22,2,2021-07-06 11:04:11.103
P3120000038,港越路6停车场,柯桥区,16,6,2021-07-06 11:04:11.103
P3120000039,笛扬路1（世纪联华）停车场,柯桥区,31,20,2021-07-06 11:04:11.103
P3120000041,笛扬路3（樱花电器）停车场,柯桥区,18,10,2021-07-06 11:04:11.103
P3120000045,笛扬路7（福年大厦）停车场,柯桥区,22,5,2021-07-06 11:04:11.103
P3120000061,港越路2(精工2)停车场,柯桥区,21,17,2021-07-06 11:04:11.103
P3120000062,港越路1(步行街3)停车场,柯桥区,16,9,2021-07-06 11:04:11.103
P3120000064,港越路1(步行街2)停车场,柯桥区,26,19,2021-07-06 11:04:11.103
P3120000065,温渎路3停车场,柯桥区,11,9,2021-07-06 11:04:11.103
P3120000068,港越路3（精工）停车场,柯桥区,23,7,2021-07-06 11:04:11.103
P3120000014,人和路停车场,柯桥区,19,15,2021-07-06 11:14:08.727
P3120000016,温渎路2停车场,柯桥区,15,10,2021-07-06 11:14:08.727
P3120000017,万家巷停车场,柯桥区,40,23,2021-07-06 11:14:08.727
P3120000018,黄社溇路1停车场,柯桥区,16,0,2021-07-06 11:14:08.727
P3120000019,黄社溇路2停车场,柯桥区,18,8,2021-07-06 11:14:08.727
P3120000025,金杨路1（中医院）停车场,柯桥区,28,20,2021-07-06 11:14:08.727
P3120000028,鉴湖路1（锦江花园）停车场,柯桥区,29,21,2021-07-06 11:14:08.727
P3120000029,鉴湖路2（锦江花园）停车场,柯桥区,21,11,2021-07-06 11:14:08.727
P3120000032,鉴湖路5（四大银行）停车场,柯桥区,16,5,2021-07-06 11:14:08.727
P3120000033,港越路1(步行街1)停车场,柯桥区,14,6,2021-07-06 11:14:08.727
P3120000034,港越路2（精工）停车场,柯桥区,12,9,2021-07-06 11:14:08.727
P3120000037,港越路5（温州饭滩）停车场,柯桥区,22,1,2021-07-06 11:14:08.727
P3120000039,笛扬路1（世纪联华）停车场,柯桥区,31,19,2021-07-06 11:14:08.727
P3120000040,笛扬路2（广厦公寓）停车场,柯桥区,37,29,2021-07-06 11:14:08.727
P3120000042,笛扬路4（工商银行）停车场,柯桥区,23,18,2021-07-06 11:14:08.727
P3120000045,笛扬路7（福年大厦）停车场,柯桥区,22,2,2021-07-06 11:14:08.727
P3120000061,港越路2(精工2)停车场,柯桥区,21,16,2021-07-06 11:14:08.727
P3120000064,港越路1(步行街2)停车场,柯桥区,26,16,2021-07-06 11:14:08.727
P3120000068,港越路3（精工）停车场,柯桥区,23,6,2021-07-06 11:14:08.727
P3120000014,人和路停车场,柯桥区,19,17,2021-07-06 11:24:07.943
P3120000015,温渎路1停车场,柯桥区,21,13,2021-07-06 11:24:07.943
P3120000016,温渎路2停车场,柯桥区,15,11,2021-07-06 11:24:07.943
P3120000017,万家巷停车场,柯桥区,40,25,2021-07-06 11:24:07.943
P3120000019,黄社溇路2停车场,柯桥区,18,7,2021-07-06 11:24:07.943
P3120000025,金杨路1（中医院）停车场,柯桥区,28,21,2021-07-06 11:24:07.943
P3120000027,金杨路3停车场,柯桥区,28,17,2021-07-06 11:24:07.943
P3120000028,鉴湖路1（锦江花园）停车场,柯桥区,29,24,2021-07-06 11:24:07.943
P3120000029,鉴湖路2（锦江花园）停车场,柯桥区,21,13,2021-07-06 11:24:07.943
P3120000032,鉴湖路5（四大银行）停车场,柯桥区,16,6,2021-07-06 11:24:07.943
P3120000033,港越路1(步行街1)停车场,柯桥区,14,7,2021-07-06 11:24:07.943
P3120000036,港越路4（肯德基）停车场,柯桥区,21,4,2021-07-06 11:24:07.943
P3120000037,港越路5（温州饭滩）停车场,柯桥区,22,2,2021-07-06 11:24:07.943
P3120000038,港越路6停车场,柯桥区,16,5,2021-07-06 11:24:07.943
P3120000040,笛扬路2（广厦公寓）停车场,柯桥区,37,32,2021-07-06 11:24:07.943
P3120000042,笛扬路4（工商银行）停车场,柯桥区,23,16,2021-07-06 11:24:07.943
P3120000045,笛扬路7（福年大厦）停车场,柯桥区,22,5,2021-07-06 11:24:07.943
P3120000061,港越路2(精工2)停车场,柯桥区,21,14,2021-07-06 11:24:07.943
P3120000014,人和路停车场,柯桥区,19,16,2021-07-06 11:34:11.22
P3120000015,温渎路1停车场,柯桥区,21,12,2021-07-06 11:34:11.22
P3120000017,万家巷停车场,柯桥区,40,27,2021-07-06 11:34:11.22
P3120000018,黄社溇路1停车场,柯桥区,16,3,2021-07-06 11:34:11.22
P3120000019,黄社溇路2停车场,柯桥区,18,8,2021-07-06 11:34:11.22
P3120000025,金杨路1（中医院）停车场,柯桥区,28,22,2021-07-06 11:34:11.22
P3120000027,金杨路3停车场,柯桥区,28,20,2021-07-06 11:34:11.22
P3120000028,鉴湖路1（锦江花园）停车场,柯桥区,29,22,2021-07-06 11:34:11.22
P3120000029,鉴湖路2（锦江花园）停车场,柯桥区,21,14,2021-07-06 11:34:11.22
P3120000030,鉴湖路3停车场,柯桥区,12,9,2021-07-06 11:34:11.22
P3120000033,港越路1(步行街1)停车场,柯桥区,14,6,2021-07-06 11:34:11.22
P3120000038,港越路6停车场,柯桥区,16,6,2021-07-06 11:34:11.22
P3120000039,笛扬路1（世纪联华）停车场,柯桥区,31,21,2021-07-06 11:34:11.22
P3120000040,笛扬路2（广厦公寓）停车场,柯桥区,37,29,2021-07-06 11:34:11.22
P3120000041,笛扬路3（樱花电器）停车场,柯桥区,18,11,2021-07-06 11:34:11.22
P3120000042,笛扬路4（工商银行）停车场,柯桥区,23,14,2021-07-06 11:34:11.22
P3120000045,笛扬路7（福年大厦）停车场,柯桥区,22,7,2021-07-06 11:34:11.22
P3120000061,港越路2(精工2)停车场,柯桥区,21,16,2021-07-06 11:34:11.22
P3120000062,港越路1(步行街3)停车场,柯桥区,16,10,2021-07-06 11:34:11.22
P3120000065,温渎路3停车场,柯桥区,11,6,2021-07-06 11:34:11.22
P3120000068,港越路3（精工）停车场,柯桥区,23,5,2021-07-06 11:34:11.22
P3120000015,温渎路1停车场,柯桥区,21,10,2021-07-06 11:44:11.287
P3120000017,万家巷停车场,柯桥区,40,26,2021-07-06 11:44:11.287
P3120000018,黄社溇路1停车场,柯桥区,16,0,2021-07-06 11:44:11.287
P3120000019,黄社溇路2停车场,柯桥区,18,9,2021-07-06 11:44:11.287
P3120000025,金杨路1（中医院）停车场,柯桥区,28,23,2021-07-06 11:44:11.287
P3120000028,鉴湖路1（锦江花园）停车场,柯桥区,29,23,2021-07-06 11:44:11.287
P3120000032,鉴湖路5（四大银行）停车场,柯桥区,16,3,2021-07-06 11:44:11.287
P3120000036,港越路4（肯德基）停车场,柯桥区,21,2,2021-07-06 11:44:11.287
P3120000037,港越路5（温州饭滩）停车场,柯桥区,22,1,2021-07-06 11:44:11.287
P3120000038,港越路6停车场,柯桥区,16,5,2021-07-06 11:44:11.287
P3120000039,笛扬路1（世纪联华）停车场,柯桥区,31,22,2021-07-06 11:44:11.287
P3120000040,笛扬路2（广厦公寓）停车场,柯桥区,37,30,2021-07-06 11:44:11.287
P3120000041,笛扬路3（樱花电器）停车场,柯桥区,18,10,2021-07-06 11:44:11.287
P3120000042,笛扬路4（工商银行）停车场,柯桥区,23,13,2021-07-06 11:44:11.287
P3120000061,港越路2(精工2)停车场,柯桥区,21,17,2021-07-06 11:44:11.287
P3120000068,港越路3（精工）停车场,柯桥区,23,7,2021-07-06 11:44:11.287
P3120000014,人和路停车场,柯桥区,19,13,2021-07-06 11:54:09.01
P3120000016,温渎路2停车场,柯桥区,15,10,2021-07-06 11:54:09.01
P3120000017,万家巷停车场,柯桥区,40,25,2021-07-06 11:54:09.01
P3120000018,黄社溇路1停车场,柯桥区,16,3,2021-07-06 11:54:09.01
P3120000019,黄社溇路2停车场,柯桥区,18,7,2021-07-06 11:54:09.01
P3120000025,金杨路1（中医院）停车场,柯桥区,28,20,2021-07-06 11:54:09.01
P3120000027,金杨路3停车场,柯桥区,28,19,2021-07-06 11:54:09.01
P3120000029,鉴湖路2（锦江花园）停车场,柯桥区,21,11,2021-07-06 11:54:09.01
P3120000030,鉴湖路3停车场,柯桥区,12,10,2021-07-06 11:54:09.01
P3120000032,鉴湖路5（四大银行）停车场,柯桥区,16,5,2021-07-06 11:54:09.01
P3120000033,港越路1(步行街1)停车场,柯桥区,14,8,2021-07-06 11:54:09.01
P3120000038,港越路6停车场,柯桥区,16,4,2021-07-06 11:54:09.01
P3120000039,笛扬路1（世纪联华）停车场,柯桥区,31,20,2021-07-06 11:54:09.01
P3120000040,笛扬路2（广厦公寓）停车场,柯桥区,37,28,2021-07-06 11:54:09.01
P3120000041,笛扬路3（樱花电器）停车场,柯桥区,18,9,2021-07-06 11:54:09.01
P3120000045,笛扬路7（福年大厦）停车场,柯桥区,22,8,2021-07-06 11:54:09.01
P3120000062,港越路1(步行街3)停车场,柯桥区,16,11,2021-07-06 11:54:09.01
P3120000064,港越路1(步行街2)停车场,柯桥区,26,14,2021-07-06 11:54:09.01
P3120000068,港越路3（精工）停车场,柯桥区,23,8,2021-07-06 11:54:09.01
P3120000015,温渎路1停车场,柯桥区,21,11,2021-07-06 12:04:09.223
P3120000017,万家巷停车场,柯桥区,40,20,2021-07-06 12:04:09.223
P3120000019,黄社溇路2停车场,柯桥区,18,9,2021-07-06 12:04:09.223
P3120000025,金杨路1（中医院）停车场,柯桥区,28,19,2021-07-06 12:04:09.223
P3120000027,金杨路3停车场,柯桥区,28,18,2021-07-06 12:04:09.223
P3120000028,鉴湖路1（锦江花园）停车场,柯桥区,29,24,2021-07-06 12:04:09.223
P3120000029,鉴湖路2（锦江花园）停车场,柯桥区,21,12,2021-07-06 12:04:09.223
P3120000032,鉴湖路5（四大银行）停车场,柯桥区,16,7,2021-07-06 12:04:09.223
P3120000033,港越路1(步行街1)停车场,柯桥区,14,9,2021-07-06 12:04:09.223
P3120000034,港越路2（精工）停车场,柯桥区,12,10,2021-07-06 12:04:09.223
P3120000038,港越路6停车场,柯桥区,16,3,2021-07-06 12:04:09.223
P3120000039,笛扬路1（世纪联华）停车场,柯桥区,31,19,2021-07-06 12:04:09.223
P3120000040,笛扬路2（广厦公寓）停车场,柯桥区,37,29,2021-07-06 12:04:09.223
P3120000041,笛扬路3（樱花电器）停车场,柯桥区,18,11,2021-07-06 12:04:09.223
P3120000042,笛扬路4（工商银行）停车场,柯桥区,23,10,2021-07-06 12:04:09.223
P3120000045,笛扬路7（福年大厦）停车场,柯桥区,22,7,2021-07-06 12:04:09.223
P3120000064,港越路1(步行街2)停车场,柯桥区,26,18,2021-07-06 12:04:09.223
P3120000065,温渎路3停车场,柯桥区,11,7,2021-07-06 12:04:09.223
P3120000014,人和路停车场,柯桥区,19,11,2021-07-06 12:14:10.337
P3120000015,温渎路1停车场,柯桥区,21,12,2021-07-06 12:14:10.337
P3120000016,温渎路2停车场,柯桥区,15,9,2021-07-06 12:14:10.337
P3120000017,万家巷停车场,柯桥区,40,21,2021-07-06 12:14:10.337
P3120000018,黄社溇路1停车场,柯桥区,16,6,2021-07-06 12:14:10.337
P3120000019,黄社溇路2停车场,柯桥区,18,12,2021-07-06 12:14:10.337
P3120000025,金杨路1（中医院）停车场,柯桥区,28,21,2021-07-06 12:14:10.337
P3120000027,金杨路3停车场,柯桥区,28,19,2021-07-06 12:14:10.337
P3120000032,鉴湖路5（四大银行）停车场,柯桥区,16,5,2021-07-06 12:14:10.337
P3120000033,港越路1(步行街1)停车场,柯桥区,14,7,2021-07-06 12:14:10.337
P3120000034,港越路2（精工）停车场,柯桥区,12,9,2021-07-06 12:14:10.337
P3120000037,港越路5（温州饭滩）停车场,柯桥区,22,0,2021-07-06 12:14:10.337
P3120000038,港越路6停车场,柯桥区,16,4,2021-07-06 12:14:10.337
P3120000039,笛扬路1（世纪联华）停车场,柯桥区,31,18,2021-07-06 12:14:10.337
P3120000042,笛扬路4（工商银行）停车场,柯桥区,23,11,2021-07-06 12:14:10.337
P3120000062,港越路1(步行街3)停车场,柯桥区,16,12,2021-07-06 12:14:10.337
P3120000064,港越路1(步行街2)停车场,柯桥区,26,15,2021-07-06 12:14:10.337
P3120000068,港越路3（精工）停车场,柯桥区,23,10,2021-07-06 12:14:10.337
P3120000016,温渎路2停车场,柯桥区,15,10,2021-07-06 12:24:10.453
P3120000017,万家巷停车场,柯桥区,40,23,2021-07-06 12:24:10.453
P3120000018,黄社溇路1停车场,柯桥区,16,5,2021-07-06 12:24:10.453
P3120000019,黄社溇路2停车场,柯桥区,18,11,2021-07-06 12:24:10.453
P3120000025,金杨路1（中医院）停车场,柯桥区,28,20,2021-07-06 12:24:10.453
P3120000028,鉴湖路1（锦江花园）停车场,柯桥区,29,22,2021-07-06 12:24:10.453
P3120000032,鉴湖路5（四大银行）停车场,柯桥区,16,2,2021-07-06 12:24:10.453
P3120000033,港越路1(步行街1)停车场,柯桥区,14,8,2021-07-06 12:24:10.453
P3120000036,港越路4（肯德基）停车场,柯桥区,21,1,2021-07-06 12:24:10.453
P3120000039,笛扬路1（世纪联华）停车场,柯桥区,31,19,2021-07-06 12:24:10.453
P3120000040,笛扬路2（广厦公寓）停车场,柯桥区,37,30,2021-07-06 12:24:10.453
P3120000041,笛扬路3（樱花电器）停车场,柯桥区,18,12,2021-07-06 12:24:10.453
P3120000045,笛扬路7（福年大厦）停车场,柯桥区,22,8,2021-07-06 12:24:10.453
P3120000061,港越路2(精工2)停车场,柯桥区,21,14,2021-07-06 12:24:10.453
P3120000062,港越路1(步行街3)停车场,柯桥区,16,11,2021-07-06 12:24:10.453
P3120000014,人和路停车场,柯桥区,19,10,2021-07-06 12:34:08.907
P3120000015,温渎路1停车场,柯桥区,21,15,2021-07-06 12:34:08.907
P3120000016,温渎路2停车场,柯桥区,15,9,2021-07-06 12:34:08.907
P3120000017,万家巷停车场,柯桥区,40,24,2021-07-06 12:34:08.907
P3120000018,黄社溇路1停车场,柯桥区,16,3,2021-07-06 12:34:08.907
P3120000019,黄社溇路2停车场,柯桥区,18,9,2021-07-06 12:34:08.907
P3120000027,金杨路3停车场,柯桥区,28,15,2021-07-06 12:34:08.907
P3120000029,鉴湖路2（锦江花园）停车场,柯桥区,21,10,2021-07-06 12:34:08.907
P3120000032,鉴湖路5（四大银行）停车场,柯桥区,16,4,2021-07-06 12:34:08.907
P3120000039,笛扬路1（世纪联华）停车场,柯桥区,31,21,2021-07-06 12:34:08.907
P3120000041,笛扬路3（樱花电器）停车场,柯桥区,18,13,2021-07-06 12:34:08.907
P3120000042,笛扬路4（工商银行）停车场,柯桥区,23,17,2021-07-06 12:34:08.907
P3120000045,笛扬路7（福年大厦）停车场,柯桥区,22,7,2021-07-06 12:34:08.907
P3120000061,港越路2(精工2)停车场,柯桥区,21,12,2021-07-06 12:34:08.907
P3120000062,港越路1(步行街3)停车场,柯桥区,16,10,2021-07-06 12:34:08.907
P3120000064,港越路1(步行街2)停车场,柯桥区,26,14,2021-07-06 12:34:08.907
P3120000065,温渎路3停车场,柯桥区,11,8,2021-07-06 12:34:08.907
P3120000068,港越路3（精工）停车场,柯桥区,23,6,2021-07-06 12:34:08.907
P3120000014,人和路停车场,柯桥区,19,11,2021-07-06 12:44:08.373
P3120000015,温渎路1停车场,柯桥区,21,11,2021-07-06 12:44:08.373
P3120000017,万家巷停车场,柯桥区,40,25,2021-07-06 12:44:08.373
P3120000018,黄社溇路1停车场,柯桥区,16,4,2021-07-06 12:44:08.373
P3120000025,金杨路1（中医院）停车场,柯桥区,28,19,2021-07-06 12:44:08.373
P3120000027,金杨路3停车场,柯桥区,28,19,2021-07-06 12:44:08.373
P3120000028,鉴湖路1（锦江花园）停车场,柯桥区,29,23,2021-07-06 12:44:08.373
P3120000029,鉴湖路2（锦江花园）停车场,柯桥区,21,11,2021-07-06 12:44:08.373
P3120000030,鉴湖路3停车场,柯桥区,12,11,2021-07-06 12:44:08.373
P3120000034,港越路2（精工）停车场,柯桥区,12,10,2021-07-06 12:44:08.373
P3120000036,港越路4（肯德基）停车场,柯桥区,21,2,2021-07-06 12:44:08.373
P3120000037,港越路5（温州饭滩）停车场,柯桥区,22,1,2021-07-06 12:44:08.373
P3120000038,港越路6停车场,柯桥区,16,6,2021-07-06 12:44:08.373
P3120000039,笛扬路1（世纪联华）停车场,柯桥区,31,20,2021-07-06 12:44:08.373
P3120000040,笛扬路2（广厦公寓）停车场,柯桥区,37,27,2021-07-06 12:44:08.373
P3120000045,笛扬路7（福年大厦）停车场,柯桥区,22,8,2021-07-06 12:44:08.373
P3120000061,港越路2(精工2)停车场,柯桥区,21,11,2021-07-06 12:44:08.373
P3120000062,港越路1(步行街3)停车场,柯桥区,16,9,2021-07-06 12:44:08.373
P3120000068,港越路3（精工）停车场,柯桥区,23,9,2021-07-06 12:44:08.373
P3120000015,温渎路1停车场,柯桥区,21,12,2021-07-06 12:54:08.943
P3120000017,万家巷停车场,柯桥区,40,23,2021-07-06 12:54:08.943
P3120000025,金杨路1（中医院）停车场,柯桥区,28,20,2021-07-06 12:54:08.943
P3120000027,金杨路3停车场,柯桥区,28,17,2021-07-06 12:54:08.943
P3120000028,鉴湖路1（锦江花园）停车场,柯桥区,29,20,2021-07-06 12:54:08.943
P3120000029,鉴湖路2（锦江花园）停车场,柯桥区,21,9,2021-07-06 12:54:08.943
P3120000032,鉴湖路5（四大银行）停车场,柯桥区,16,2,2021-07-06 12:54:08.943
P3120000036,港越路4（肯德基）停车场,柯桥区,21,1,2021-07-06 12:54:08.943
P3120000037,港越路5（温州饭滩）停车场,柯桥区,22,0,2021-07-06 12:54:08.943
P3120000038,港越路6停车场,柯桥区,16,5,2021-07-06 12:54:08.943
P3120000039,笛扬路1（世纪联华）停车场,柯桥区,31,17,2021-07-06 12:54:08.943
P3120000040,笛扬路2（广厦公寓）停车场,柯桥区,37,28,2021-07-06 12:54:08.943
P3120000042,笛扬路4（工商银行）停车场,柯桥区,23,16,2021-07-06 12:54:08.943
P3120000061,港越路2(精工2)停车场,柯桥区,21,13,2021-07-06 12:54:08.943
P3120000064,港越路1(步行街2)停车场,柯桥区,26,13,2021-07-06 12:54:08.943
P3120000068,港越路3（精工）停车场,柯桥区,23,12,2021-07-06 12:54:08.943
P3120000015,温渎路1停车场,柯桥区,21,15,2021-07-06 13:04:09.45
P3120000017,万家巷停车场,柯桥区,40,24,2021-07-06 13:04:09.45
P3120000018,黄社溇路1停车场,柯桥区,16,1,2021-07-06 13:04:09.45
P3120000028,鉴湖路1（锦江花园）停车场,柯桥区,29,21,2021-07-06 13:04:09.45
P3120000029,鉴湖路2（锦江花园）停车场,柯桥区,21,8,2021-07-06 13:04:09.45
P3120000032,鉴湖路5（四大银行）停车场,柯桥区,16,5,2021-07-06 13:04:09.45
P3120000033,港越路1(步行街1)停车场,柯桥区,14,9,2021-07-06 13:04:09.45
P3120000036,港越路4（肯德基）停车场,柯桥区,21,3,2021-07-06 13:04:09.45
P3120000037,港越路5（温州饭滩）停车场,柯桥区,22,2,2021-07-06 13:04:09.45
P3120000038,港越路6停车场,柯桥区,16,3,2021-07-06 13:04:09.45
P3120000040,笛扬路2（广厦公寓）停车场,柯桥区,37,27,2021-07-06 13:04:09.45
P3120000042,笛扬路4（工商银行）停车场,柯桥区,23,12,2021-07-06 13:04:09.45
P3120000045,笛扬路7（福年大厦）停车场,柯桥区,22,9,2021-07-06 13:04:09.45
P3120000064,港越路1(步行街2)停车场,柯桥区,26,12,2021-07-06 13:04:09.45
P3120000065,温渎路3停车场,柯桥区,11,7,2021-07-06 13:04:09.45
P3120000015,温渎路1停车场,柯桥区,21,14,2021-07-06 13:14:09.563
P3120000017,万家巷停车场,柯桥区,40,25,2021-07-06 13:14:09.563
P3120000018,黄社溇路1停车场,柯桥区,16,4,2021-07-06 13:14:09.563
P3120000019,黄社溇路2停车场,柯桥区,18,11,2021-07-06 13:14:09.563
P3120000027,金杨路3停车场,柯桥区,28,19,2021-07-06 13:14:09.563
P3120000028,鉴湖路1（锦江花园）停车场,柯桥区,29,22,2021-07-06 13:14:09.563
P3120000029,鉴湖路2（锦江花园）停车场,柯桥区,21,7,2021-07-06 13:14:09.563
P3120000030,鉴湖路3停车场,柯桥区,12,10,2021-07-06 13:14:09.563
P3120000032,鉴湖路5（四大银行）停车场,柯桥区,16,8,2021-07-06 13:14:09.563
P3120000033,港越路1(步行街1)停车场,柯桥区,14,7,2021-07-06 13:14:09.563
P3120000036,港越路4（肯德基）停车场,柯桥区,21,2,2021-07-06 13:14:09.563
P3120000038,港越路6停车场,柯桥区,16,4,2021-07-06 13:14:09.563
P3120000039,笛扬路1（世纪联华）停车场,柯桥区,31,18,2021-07-06 13:14:09.563
P3120000040,笛扬路2（广厦公寓）停车场,柯桥区,37,28,2021-07-06 13:14:09.563
P3120000041,笛扬路3（樱花电器）停车场,柯桥区,18,12,2021-07-06 13:14:09.563
P3120000042,笛扬路4（工商银行）停车场,柯桥区,23,13,2021-07-06 13:14:09.563
P3120000045,笛扬路7（福年大厦）停车场,柯桥区,22,8,2021-07-06 13:14:09.563
P3120000062,港越路1(步行街3)停车场,柯桥区,16,10,2021-07-06 13:14:09.563
P3120000065,温渎路3停车场,柯桥区,11,6,2021-07-06 13:14:09.563
P3120000068,港越路3（精工）停车场,柯桥区,23,11,2021-07-06 13:14:09.563
P3120000015,温渎路1停车场,柯桥区,21,16,2021-07-06 13:24:11.13
P3120000016,温渎路2停车场,柯桥区,15,7,2021-07-06 13:24:11.13
P3120000017,万家巷停车场,柯桥区,40,26,2021-07-06 13:24:11.13
P3120000027,金杨路3停车场,柯桥区,28,18,2021-07-06 13:24:11.13
P3120000028,鉴湖路1（锦江花园）停车场,柯桥区,29,23,2021-07-06 13:24:11.13
P3120000029,鉴湖路2（锦江花园）停车场,柯桥区,21,6,2021-07-06 13:24:11.13
P3120000030,鉴湖路3停车场,柯桥区,12,11,2021-07-06 13:24:11.13
P3120000032,鉴湖路5（四大银行）停车场,柯桥区,16,6,2021-07-06 13:24:11.13
P3120000033,港越路1(步行街1)停车场,柯桥区,14,6,2021-07-06 13:24:11.13
P3120000036,港越路4（肯德基）停车场,柯桥区,21,3,2021-07-06 13:24:11.13
P3120000039,笛扬路1（世纪联华）停车场,柯桥区,31,19,2021-07-06 13:24:11.13
P3120000040,笛扬路2（广厦公寓）停车场,柯桥区,37,29,2021-07-06 13:24:11.13
P3120000041,笛扬路3（樱花电器）停车场,柯桥区,18,10,2021-07-06 13:24:11.13
P3120000042,笛扬路4（工商银行）停车场,柯桥区,23,11,2021-07-06 13:24:11.13
P3120000045,笛扬路7（福年大厦）停车场,柯桥区,22,6,2021-07-06 13:24:11.13
P3120000061,港越路2(精工2)停车场,柯桥区,21,12,2021-07-06 13:24:11.13
P3120000062,港越路1(步行街3)停车场,柯桥区,16,13,2021-07-06 13:24:11.13
P3120000068,港越路3（精工）停车场,柯桥区,23,10,2021-07-06 13:24:11.13
P3120000014,人和路停车场,柯桥区,19,17,2021-07-06 13:34:10.09
P3120000015,温渎路1停车场,柯桥区,21,15,2021-07-06 13:34:10.09
P3120000016,温渎路2停车场,柯桥区,15,8,2021-07-06 13:34:10.09
P3120000017,万家巷停车场,柯桥区,40,27,2021-07-06 13:34:10.09
P3120000018,黄社溇路1停车场,柯桥区,16,5,2021-07-06 13:34:10.09
P3120000027,金杨路3停车场,柯桥区,28,19,2021-07-06 13:34:10.09
P3120000028,鉴湖路1（锦江花园）停车场,柯桥区,29,21,2021-07-06 13:34:10.09
P3120000029,鉴湖路2（锦江花园）停车场,柯桥区,21,5,2021-07-06 13:34:10.09
P3120000032,鉴湖路5（四大银行）停车场,柯桥区,16,3,2021-07-06 13:34:10.09
P3120000033,港越路1(步行街1)停车场,柯桥区,14,5,2021-07-06 13:34:10.09
P3120000036,港越路4（肯德基）停车场,柯桥区,21,1,2021-07-06 13:34:10.09
P3120000037,港越路5（温州饭滩）停车场,柯桥区,22,1,2021-07-06 13:34:10.09
P3120000038,港越路6停车场,柯桥区,16,2,2021-07-06 13:34:10.09
P3120000039,笛扬路1（世纪联华）停车场,柯桥区,31,17,2021-07-06 13:34:10.09
P3120000065,温渎路3停车场,柯桥区,11,7,2021-07-06 13:34:10.09
P3120000068,港越路3（精工）停车场,柯桥区,23,8,2021-07-06 13:34:10.09
P3120000014,人和路停车场,柯桥区,19,16,2021-07-06 13:44:08.19
P3120000015,温渎路1停车场,柯桥区,21,16,2021-07-06 13:44:08.19
P3120000016,温渎路2停车场,柯桥区,15,7,2021-07-06 13:44:08.19
P3120000017,万家巷停车场,柯桥区,40,25,2021-07-06 13:44:08.19
P3120000018,黄社溇路1停车场,柯桥区,16,6,2021-07-06 13:44:08.19
P3120000019,黄社溇路2停车场,柯桥区,18,12,2021-07-06 13:44:08.19
P3120000025,金杨路1（中医院）停车场,柯桥区,28,18,2021-07-06 13:44:08.19
P3120000028,鉴湖路1（锦江花园）停车场,柯桥区,29,20,2021-07-06 13:44:08.19
P3120000029,鉴湖路2（锦江花园）停车场,柯桥区,21,6,2021-07-06 13:44:08.19
P3120000032,鉴湖路5（四大银行）停车场,柯桥区,16,4,2021-07-06 13:44:08.19
P3120000033,港越路1(步行街1)停车场,柯桥区,14,7,2021-07-06 13:44:08.19
P3120000036,港越路4（肯德基）停车场,柯桥区,21,2,2021-07-06 13:44:08.19
P3120000037,港越路5（温州饭滩）停车场,柯桥区,22,3,2021-07-06 13:44:08.19
P3120000038,港越路6停车场,柯桥区,16,5,2021-07-06 13:44:08.19
P3120000040,笛扬路2（广厦公寓）停车场,柯桥区,37,30,2021-07-06 13:44:08.19
P3120000042,笛扬路4（工商银行）停车场,柯桥区,23,12,2021-07-06 13:44:08.19
P3120000045,笛扬路7（福年大厦）停车场,柯桥区,22,5,2021-07-06 13:44:08.19
P3120000061,港越路2(精工2)停车场,柯桥区,21,13,2021-07-06 13:44:08.19
P3120000062,港越路1(步行街3)停车场,柯桥区,16,12,2021-07-06 13:44:08.19
P3120000064,港越路1(步行街2)停车场,柯桥区,26,13,2021-07-06 13:44:08.19
P3120000068,港越路3（精工）停车场,柯桥区,23,10,2021-07-06 13:44:08.19
P3120000014,人和路停车场,柯桥区,19,15,2021-07-06 13:54:10.507
P3120000017,万家巷停车场,柯桥区,40,23,2021-07-06 13:54:10.507
P3120000018,黄社溇路1停车场,柯桥区,16,7,2021-07-06 13:54:10.507
P3120000028,鉴湖路1（锦江花园）停车场,柯桥区,29,19,2021-07-06 13:54:10.507
P3120000030,鉴湖路3停车场,柯桥区,12,10,2021-07-06 13:54:10.507
P3120000033,港越路1(步行街1)停车场,柯桥区,14,8,2021-07-06 13:54:10.507
P3120000034,港越路2（精工）停车场,柯桥区,12,9,2021-07-06 13:54:10.507
P3120000036,港越路4（肯德基）停车场,柯桥区,21,3,2021-07-06 13:54:10.507
P3120000038,港越路6停车场,柯桥区,16,9,2021-07-06 13:54:10.507
P3120000039,笛扬路1（世纪联华）停车场,柯桥区,31,19,2021-07-06 13:54:10.507
P3120000040,笛扬路2（广厦公寓）停车场,柯桥区,37,31,2021-07-06 13:54:10.507
P3120000042,笛扬路4（工商银行）停车场,柯桥区,23,13,2021-07-06 13:54:10.507
P3120000045,笛扬路7（福年大厦）停车场,柯桥区,22,6,2021-07-06 13:54:10.507
P3120000061,港越路2(精工2)停车场,柯桥区,21,14,2021-07-06 13:54:10.507
P3120000064,港越路1(步行街2)停车场,柯桥区,26,15,2021-07-06 13:54:10.507
P3120000065,温渎路3停车场,柯桥区,11,5,2021-07-06 13:54:10.507
P3120000014,人和路停车场,柯桥区,19,16,2021-07-06 14:04:10.4
P3120000015,温渎路1停车场,柯桥区,21,14,2021-07-06 14:04:10.4
P3120000016,温渎路2停车场,柯桥区,15,9,2021-07-06 14:04:10.4
P3120000017,万家巷停车场,柯桥区,40,24,2021-07-06 14:04:10.4
P3120000018,黄社溇路1停车场,柯桥区,16,8,2021-07-06 14:04:10.4
P3120000019,黄社溇路2停车场,柯桥区,18,14,2021-07-06 14:04:10.4
P3120000025,金杨路1（中医院）停车场,柯桥区,28,19,2021-07-06 14:04:10.4
P3120000029,鉴湖路2（锦江花园）停车场,柯桥区,21,5,2021-07-06 14:04:10.4
P3120000030,鉴湖路3停车场,柯桥区,12,9,2021-07-06 14:04:10.4
P3120000032,鉴湖路5（四大银行）停车场,柯桥区,16,3,2021-07-06 14:04:10.4
P3120000036,港越路4（肯德基）停车场,柯桥区,21,1,2021-07-06 14:04:10.4
P3120000038,港越路6停车场,柯桥区,16,10,2021-07-06 14:04:10.4
P3120000040,笛扬路2（广厦公寓）停车场,柯桥区,37,30,2021-07-06 14:04:10.4
P3120000041,笛扬路3（樱花电器）停车场,柯桥区,18,9,2021-07-06 14:04:10.4
P3120000061,港越路2(精工2)停车场,柯桥区,21,15,2021-07-06 14:04:10.4
P3120000062,港越路1(步行街3)停车场,柯桥区,16,9,2021-07-06 14:04:10.4
P3120000064,港越路1(步行街2)停车场,柯桥区,26,14,2021-07-06 14:04:10.4
P3120000068,港越路3（精工）停车场,柯桥区,23,8,2021-07-06 14:04:10.4
P3120000016,温渎路2停车场,柯桥区,15,10,2021-07-06 14:14:09.54
P3120000018,黄社溇路1停车场,柯桥区,16,11,2021-07-06 14:14:09.54
P3120000019,黄社溇路2停车场,柯桥区,18,16,2021-07-06 14:14:09.54
P3120000027,金杨路3停车场,柯桥区,28,18,2021-07-06 14:14:09.54
P3120000028,鉴湖路1（锦江花园）停车场,柯桥区,29,17,2021-07-06 14:14:09.54
P3120000030,鉴湖路3停车场,柯桥区,12,5,2021-07-06 14:14:09.54
P3120000033,港越路1(步行街1)停车场,柯桥区,14,9,2021-07-06 14:14:09.54
P3120000036,港越路4（肯德基）停车场,柯桥区,21,0,2021-07-06 14:14:09.54
P3120000037,港越路5（温州饭滩）停车场,柯桥区,22,1,2021-07-06 14:14:09.54
P3120000038,港越路6停车场,柯桥区,16,7,2021-07-06 14:14:09.54
P3120000040,笛扬路2（广厦公寓）停车场,柯桥区,37,29,2021-07-06 14:14:09.54
P3120000041,笛扬路3（樱花电器）停车场,柯桥区,18,11,2021-07-06 14:14:09.54
P3120000042,笛扬路4（工商银行）停车场,柯桥区,23,11,2021-07-06 14:14:09.54
P3120000061,港越路2(精工2)停车场,柯桥区,21,14,2021-07-06 14:14:09.54
P3120000062,港越路1(步行街3)停车场,柯桥区,16,11,2021-07-06 14:14:09.54
P3120000064,港越路1(步行街2)停车场,柯桥区,26,15,2021-07-06 14:14:09.54
P3120000068,港越路3（精工）停车场,柯桥区,23,9,2021-07-06 14:14:09.54
P3120000017,万家巷停车场,柯桥区,40,23,2021-07-06 14:24:08.567
P3120000019,黄社溇路2停车场,柯桥区,18,17,2021-07-06 14:24:08.567
P3120000027,金杨路3停车场,柯桥区,28,19,2021-07-06 14:24:08.567
P3120000029,鉴湖路2（锦江花园）停车场,柯桥区,21,3,2021-07-06 14:24:08.567
P3120000030,鉴湖路3停车场,柯桥区,12,4,2021-07-06 14:24:08.567
P3120000032,鉴湖路5（四大银行）停车场,柯桥区,16,1,2021-07-06 14:24:08.567
P3120000037,港越路5（温州饭滩）停车场,柯桥区,22,3,2021-07-06 14:24:08.567
P3120000038,港越路6停车场,柯桥区,16,9,2021-07-06 14:24:08.567
P3120000039,笛扬路1（世纪联华）停车场,柯桥区,31,16,2021-07-06 14:24:08.567
P3120000040,笛扬路2（广厦公寓）停车场,柯桥区,37,28,2021-07-06 14:24:08.567
P3120000042,笛扬路4（工商银行）停车场,柯桥区,23,10,2021-07-06 14:24:08.567
P3120000045,笛扬路7（福年大厦）停车场,柯桥区,22,5,2021-07-06 14:24:08.567
P3120000062,港越路1(步行街3)停车场,柯桥区,16,12,2021-07-06 14:24:08.567
P3120000064,港越路1(步行街2)停车场,柯桥区,26,16,2021-07-06 14:24:08.567
P3120000065,温渎路3停车场,柯桥区,11,4,2021-07-06 14:24:08.567
P3120000068,港越路3（精工）停车场,柯桥区,23,4,2021-07-06 14:24:08.567
P3120000017,万家巷停车场,柯桥区,40,25,2021-07-06 14:34:10.153
P3120000025,金杨路1（中医院）停车场,柯桥区,28,18,2021-07-06 14:34:10.153
P3120000027,金杨路3停车场,柯桥区,28,18,2021-07-06 14:34:10.153
P3120000028,鉴湖路1（锦江花园）停车场,柯桥区,29,19,2021-07-06 14:34:10.153
P3120000029,鉴湖路2（锦江花园）停车场,柯桥区,21,4,2021-07-06 14:34:10.153
P3120000030,鉴湖路3停车场,柯桥区,12,5,2021-07-06 14:34:10.153
P3120000033,港越路1(步行街1)停车场,柯桥区,14,8,2021-07-06 14:34:10.153
P3120000034,港越路2（精工）停车场,柯桥区,12,10,2021-07-06 14:34:10.153
P3120000036,港越路4（肯德基）停车场,柯桥区,21,1,2021-07-06 14:34:10.153
P3120000037,港越路5（温州饭滩）停车场,柯桥区,22,2,2021-07-06 14:34:10.153
P3120000039,笛扬路1（世纪联华）停车场,柯桥区,31,17,2021-07-06 14:34:10.153
P3120000041,笛扬路3（樱花电器）停车场,柯桥区,18,9,2021-07-06 14:34:10.153
P3120000042,笛扬路4（工商银行）停车场,柯桥区,23,11,2021-07-06 14:34:10.153
P3120000045,笛扬路7（福年大厦）停车场,柯桥区,22,6,2021-07-06 14:34:10.153
P3120000064,港越路1(步行街2)停车场,柯桥区,26,17,2021-07-06 14:34:10.153
P3120000065,温渎路3停车场,柯桥区,11,3,2021-07-06 14:34:10.153
P3120000068,港越路3（精工）停车场,柯桥区,23,5,2021-07-06 14:34:10.153
P3120000014,人和路停车场,柯桥区,19,15,2021-07-06 14:44:09.15
P3120000018,黄社溇路1停车场,柯桥区,16,9,2021-07-06 14:44:09.15
P3120000025,金杨路1（中医院）停车场,柯桥区,28,19,2021-07-06 14:44:09.15
P3120000027,金杨路3停车场,柯桥区,28,17,2021-07-06 14:44:09.15
P3120000028,鉴湖路1（锦江花园）停车场,柯桥区,29,21,2021-07-06 14:44:09.15
P3120000032,鉴湖路5（四大银行）停车场,柯桥区,16,4,2021-07-06 14:44:09.15
P3120000037,港越路5（温州饭滩）停车场,柯桥区,22,4,2021-07-06 14:44:09.15
P3120000062,港越路1(步行街3)停车场,柯桥区,16,11,2021-07-06 14:44:09.15
P3120000065,温渎路3停车场,柯桥区,11,5,2021-07-06 14:44:09.15
P3120000068,港越路3（精工）停车场,柯桥区,23,7,2021-07-06 14:44:09.15
P3120000015,温渎路1停车场,柯桥区,21,12,2021-07-06 14:54:10.82
P3120000016,温渎路2停车场,柯桥区,15,8,2021-07-06 14:54:10.82
P3120000017,万家巷停车场,柯桥区,40,23,2021-07-06 14:54:10.82
P3120000018,黄社溇路1停车场,柯桥区,16,5,2021-07-06 14:54:10.82
P3120000019,黄社溇路2停车场,柯桥区,18,16,2021-07-06 14:54:10.82
P3120000025,金杨路1（中医院）停车场,柯桥区,28,20,2021-07-06 14:54:10.82
P3120000028,鉴湖路1（锦江花园）停车场,柯桥区,29,22,2021-07-06 14:54:10.82
P3120000029,鉴湖路2（锦江花园）停车场,柯桥区,21,3,2021-07-06 14:54:10.82
P3120000032,鉴湖路5（四大银行）停车场,柯桥区,16,2,2021-07-06 14:54:10.82
P3120000033,港越路1(步行街1)停车场,柯桥区,14,6,2021-07-06 14:54:10.82
P3120000034,港越路2（精工）停车场,柯桥区,12,9,2021-07-06 14:54:10.82
P3120000037,港越路5（温州饭滩）停车场,柯桥区,22,2,2021-07-06 14:54:10.82
P3120000038,港越路6停车场,柯桥区,16,7,2021-07-06 14:54:10.82
P3120000039,笛扬路1（世纪联华）停车场,柯桥区,31,18,2021-07-06 14:54:10.82
P3120000040,笛扬路2（广厦公寓）停车场,柯桥区,37,32,2021-07-06 14:54:10.82
P3120000041,笛扬路3（樱花电器）停车场,柯桥区,18,10,2021-07-06 14:54:10.82
P3120000042,笛扬路4（工商银行）停车场,柯桥区,23,12,2021-07-06 14:54:10.82
P3120000068,港越路3（精工）停车场,柯桥区,23,4,2021-07-06 14:54:10.82
P3120000015,温渎路1停车场,柯桥区,21,13,2021-07-06 15:04:10.247
P3120000016,温渎路2停车场,柯桥区,15,6,2021-07-06 15:04:10.247
P3120000017,万家巷停车场,柯桥区,40,21,2021-07-06 15:04:10.247
P3120000018,黄社溇路1停车场,柯桥区,16,3,2021-07-06 15:04:10.247
P3120000028,鉴湖路1（锦江花园）停车场,柯桥区,29,21,2021-07-06 15:04:10.247
P3120000030,鉴湖路3停车场,柯桥区,12,6,2021-07-06 15:04:10.247
P3120000036,港越路4（肯德基）停车场,柯桥区,21,3,2021-07-06 15:04:10.247
P3120000037,港越路5（温州饭滩）停车场,柯桥区,22,3,2021-07-06 15:04:10.247
P3120000038,港越路6停车场,柯桥区,16,8,2021-07-06 15:04:10.247
P3120000039,笛扬路1（世纪联华）停车场,柯桥区,31,17,2021-07-06 15:04:10.247
P3120000040,笛扬路2（广厦公寓）停车场,柯桥区,37,29,2021-07-06 15:04:10.247
P3120000041,笛扬路3（樱花电器）停车场,柯桥区,18,11,2021-07-06 15:04:10.247
P3120000042,笛扬路4（工商银行）停车场,柯桥区,23,13,2021-07-06 15:04:10.247
P3120000045,笛扬路7（福年大厦）停车场,柯桥区,22,5,2021-07-06 15:04:10.247
P3120000061,港越路2(精工2)停车场,柯桥区,21,12,2021-07-06 15:04:10.247
P3120000062,港越路1(步行街3)停车场,柯桥区,16,13,2021-07-06 15:04:10.247
P3120000064,港越路1(步行街2)停车场,柯桥区,26,14,2021-07-06 15:04:10.247
P3120000065,温渎路3停车场,柯桥区,11,8,2021-07-06 15:04:10.247
P3120000014,人和路停车场,柯桥区,19,16,2021-07-06 15:14:08.98
P3120000016,温渎路2停车场,柯桥区,15,5,2021-07-06 15:14:08.98
P3120000017,万家巷停车场,柯桥区,40,22,2021-07-06 15:14:08.98
P3120000018,黄社溇路1停车场,柯桥区,16,4,2021-07-06 15:14:08.98
P3120000025,金杨路1（中医院）停车场,柯桥区,28,17,2021-07-06 15:14:08.98
P3120000027,金杨路3停车场,柯桥区,28,14,2021-07-06 15:14:08.98
P3120000028,鉴湖路1（锦江花园）停车场,柯桥区,29,18,2021-07-06 15:14:08.98
P3120000029,鉴湖路2（锦江花园）停车场,柯桥区,21,1,2021-07-06 15:14:08.98
P3120000033,港越路1(步行街1)停车场,柯桥区,14,8,2021-07-06 15:14:08.98
P3120000038,港越路6停车场,柯桥区,16,6,2021-07-06 15:14:08.98
P3120000039,笛扬路1（世纪联华）停车场,柯桥区,31,18,2021-07-06 15:14:08.98
P3120000040,笛扬路2（广厦公寓）停车场,柯桥区,37,27,2021-07-06 15:14:08.98
P3120000042,笛扬路4（工商银行）停车场,柯桥区,23,15,2021-07-06 15:14:08.98
P3120000045,笛扬路7（福年大厦）停车场,柯桥区,22,7,2021-07-06 15:14:08.98
P3120000062,港越路1(步行街3)停车场,柯桥区,16,14,2021-07-06 15:14:08.98
P3120000064,港越路1(步行街2)停车场,柯桥区,26,15,2021-07-06 15:14:08.98
P3120000065,温渎路3停车场,柯桥区,11,7,2021-07-06 15:14:08.98
P3120000068,港越路3（精工）停车场,柯桥区,23,3,2021-07-06 15:14:08.98
P3120000014,人和路停车场,柯桥区,19,15,2021-07-06 15:24:10.423
P3120000015,温渎路1停车场,柯桥区,21,8,2021-07-06 15:24:10.423
P3120000016,温渎路2停车场,柯桥区,15,7,2021-07-06 15:24:10.423
P3120000018,黄社溇路1停车场,柯桥区,16,8,2021-07-06 15:24:10.423
P3120000019,黄社溇路2停车场,柯桥区,18,14,2021-07-06 15:24:10.423
P3120000027,金杨路3停车场,柯桥区,28,13,2021-07-06 15:24:10.423
P3120000028,鉴湖路1（锦江花园）停车场,柯桥区,29,19,2021-07-06 15:24:10.423
P3120000029,鉴湖路2（锦江花园）停车场,柯桥区,21,6,2021-07-06 15:24:10.423
P3120000034,港越路2（精工）停车场,柯桥区,12,8,2021-07-06 15:24:10.423
P3120000036,港越路4（肯德基）停车场,柯桥区,21,4,2021-07-06 15:24:10.423
P3120000037,港越路5（温州饭滩）停车场,柯桥区,22,4,2021-07-06 15:24:10.423
P3120000038,港越路6停车场,柯桥区,16,5,2021-07-06 15:24:10.423
P3120000039,笛扬路1（世纪联华）停车场,柯桥区,31,16,2021-07-06 15:24:10.423
P3120000041,笛扬路3（樱花电器）停车场,柯桥区,18,13,2021-07-06 15:24:10.423
P3120000042,笛扬路4（工商银行）停车场,柯桥区,23,16,2021-07-06 15:24:10.423
P3120000062,港越路1(步行街3)停车场,柯桥区,16,13,2021-07-06 15:24:10.423
P3120000064,港越路1(步行街2)停车场,柯桥区,26,16,2021-07-06 15:24:10.423
P3120000065,温渎路3停车场,柯桥区,11,6,2021-07-06 15:24:10.423
P3120000016,温渎路2停车场,柯桥区,15,6,2021-07-06 15:34:12.09
P3120000018,黄社溇路1停车场,柯桥区,16,5,2021-07-06 15:34:12.09
P3120000025,金杨路1（中医院）停车场,柯桥区,28,19,2021-07-06 15:34:12.09
P3120000027,金杨路3停车场,柯桥区,28,15,2021-07-06 15:34:12.09
P3120000028,鉴湖路1（锦江花园）停车场,柯桥区,29,20,2021-07-06 15:34:12.09
P3120000032,鉴湖路5（四大银行）停车场,柯桥区,16,3,2021-07-06 15:34:12.09
P3120000033,港越路1(步行街1)停车场,柯桥区,14,6,2021-07-06 15:34:12.09
P3120000034,港越路2（精工）停车场,柯桥区,12,9,2021-07-06 15:34:12.09
P3120000036,港越路4（肯德基）停车场,柯桥区,21,2,2021-07-06 15:34:12.09
P3120000037,港越路5（温州饭滩）停车场,柯桥区,22,1,2021-07-06 15:34:12.09
P3120000038,港越路6停车场,柯桥区,16,7,2021-07-06 15:34:12.09
P3120000039,笛扬路1（世纪联华）停车场,柯桥区,31,15,2021-07-06 15:34:12.09
P3120000040,笛扬路2（广厦公寓）停车场,柯桥区,37,24,2021-07-06 15:34:12.09
P3120000041,笛扬路3（樱花电器）停车场,柯桥区,18,11,2021-07-06 15:34:12.09
P3120000042,笛扬路4（工商银行）停车场,柯桥区,23,17,2021-07-06 15:34:12.09
P3120000045,笛扬路7（福年大厦）停车场,柯桥区,22,5,2021-07-06 15:34:12.09
P3120000061,港越路2(精工2)停车场,柯桥区,21,11,2021-07-06 15:34:12.09
P3120000064,港越路1(步行街2)停车场,柯桥区,26,17,2021-07-06 15:34:12.09
P3120000065,温渎路3停车场,柯桥区,11,7,2021-07-06 15:34:12.09
P3120000068,港越路3（精工）停车场,柯桥区,23,2,2021-07-06 15:34:12.09
P3120000014,人和路停车场,柯桥区,19,13,2021-07-06 15:44:09.617
P3120000015,温渎路1停车场,柯桥区,21,11,2021-07-06 15:44:09.617
P3120000016,温渎路2停车场,柯桥区,15,5,2021-07-06 15:44:09.617
P3120000018,黄社溇路1停车场,柯桥区,16,1,2021-07-06 15:44:09.617
P3120000019,黄社溇路2停车场,柯桥区,18,13,2021-07-06 15:44:09.617
P3120000025,金杨路1（中医院）停车场,柯桥区,28,21,2021-07-06 15:44:09.617
P3120000027,金杨路3停车场,柯桥区,28,18,2021-07-06 15:44:09.617
P3120000029,鉴湖路2（锦江花园）停车场,柯桥区,21,7,2021-07-06 15:44:09.617
P3120000030,鉴湖路3停车场,柯桥区,12,11,2021-07-06 15:44:09.617
P3120000032,鉴湖路5（四大银行）停车场,柯桥区,16,4,2021-07-06 15:44:09.617
P3120000033,港越路1(步行街1)停车场,柯桥区,14,7,2021-07-06 15:44:09.617
P3120000036,港越路4（肯德基）停车场,柯桥区,21,4,2021-07-06 15:44:09.617
P3120000037,港越路5（温州饭滩）停车场,柯桥区,22,4,2021-07-06 15:44:09.617
P3120000038,港越路6停车场,柯桥区,16,8,2021-07-06 15:44:09.617
P3120000040,笛扬路2（广厦公寓）停车场,柯桥区,37,25,2021-07-06 15:44:09.617
P3120000041,笛扬路3（樱花电器）停车场,柯桥区,18,13,2021-07-06 15:44:09.617
P3120000061,港越路2(精工2)停车场,柯桥区,21,12,2021-07-06 15:44:09.617
P3120000062,港越路1(步行街3)停车场,柯桥区,16,12,2021-07-06 15:44:09.617
P3120000064,港越路1(步行街2)停车场,柯桥区,26,18,2021-07-06 15:44:09.617
P3120000065,温渎路3停车场,柯桥区,11,5,2021-07-06 15:44:09.617
P3120000014,人和路停车场,柯桥区,19,14,2021-07-06 15:54:11.013
P3120000016,温渎路2停车场,柯桥区,15,4,2021-07-06 15:54:11.013
P3120000018,黄社溇路1停车场,柯桥区,16,2,2021-07-06 15:54:11.013
P3120000019,黄社溇路2停车场,柯桥区,18,12,2021-07-06 15:54:11.013
P3120000027,金杨路3停车场,柯桥区,28,15,2021-07-06 15:54:11.013
P3120000032,鉴湖路5（四大银行）停车场,柯桥区,16,3,2021-07-06 15:54:11.013
P3120000033,港越路1(步行街1)停车场,柯桥区,14,6,2021-07-06 15:54:11.013
P3120000036,港越路4（肯德基）停车场,柯桥区,21,5,2021-07-06 15:54:11.013
P3120000037,港越路5（温州饭滩）停车场,柯桥区,22,3,2021-07-06 15:54:11.013
P3120000038,港越路6停车场,柯桥区,16,9,2021-07-06 15:54:11.013
P3120000039,笛扬路1（世纪联华）停车场,柯桥区,31,18,2021-07-06 15:54:11.013
P3120000040,笛扬路2（广厦公寓）停车场,柯桥区,37,23,2021-07-06 15:54:11.013
P3120000041,笛扬路3（樱花电器）停车场,柯桥区,18,14,2021-07-06 15:54:11.013
P3120000045,笛扬路7（福年大厦）停车场,柯桥区,22,6,2021-07-06 15:54:11.013
P3120000064,港越路1(步行街2)停车场,柯桥区,26,19,2021-07-06 15:54:11.013
P3120000016,温渎路2停车场,柯桥区,15,5,2021-07-06 16:04:09.877
P3120000017,万家巷停车场,柯桥区,40,23,2021-07-06 16:04:09.877
P3120000019,黄社溇路2停车场,柯桥区,18,11,2021-07-06 16:04:09.877
P3120000025,金杨路1（中医院）停车场,柯桥区,28,20,2021-07-06 16:04:09.877
P3120000027,金杨路3停车场,柯桥区,28,18,2021-07-06 16:04:09.877
P3120000028,鉴湖路1（锦江花园）停车场,柯桥区,29,22,2021-07-06 16:04:09.877
P3120000029,鉴湖路2（锦江花园）停车场,柯桥区,21,9,2021-07-06 16:04:09.877
P3120000033,港越路1(步行街1)停车场,柯桥区,14,7,2021-07-06 16:04:09.877
P3120000036,港越路4（肯德基）停车场,柯桥区,21,2,2021-07-06 16:04:09.877
P3120000038,港越路6停车场,柯桥区,16,13,2021-07-06 16:04:09.877
P3120000039,笛扬路1（世纪联华）停车场,柯桥区,31,17,2021-07-06 16:04:09.877
P3120000040,笛扬路2（广厦公寓）停车场,柯桥区,37,21,2021-07-06 16:04:09.877
P3120000041,笛扬路3（樱花电器）停车场,柯桥区,18,13,2021-07-06 16:04:09.877
P3120000045,笛扬路7（福年大厦）停车场,柯桥区,22,8,2021-07-06 16:04:09.877
P3120000061,港越路2(精工2)停车场,柯桥区,21,13,2021-07-06 16:04:09.877
P3120000062,港越路1(步行街3)停车场,柯桥区,16,13,2021-07-06 16:04:09.877
P3120000065,温渎路3停车场,柯桥区,11,4,2021-07-06 16:04:09.877
P3120000016,温渎路2停车场,柯桥区,15,6,2021-07-06 16:14:06.953
P3120000018,黄社溇路1停车场,柯桥区,16,3,2021-07-06 16:14:06.953
P3120000019,黄社溇路2停车场,柯桥区,18,12,2021-07-06 16:14:06.953
P3120000025,金杨路1（中医院）停车场,柯桥区,28,22,2021-07-06 16:14:06.953
P3120000027,金杨路3停车场,柯桥区,28,17,2021-07-06 16:14:06.953
P3120000028,鉴湖路1（锦江花园）停车场,柯桥区,29,23,2021-07-06 16:14:06.953
P3120000032,鉴湖路5（四大银行）停车场,柯桥区,16,1,2021-07-06 16:14:06.953
P3120000033,港越路1(步行街1)停车场,柯桥区,14,6,2021-07-06 16:14:06.953
P3120000036,港越路4（肯德基）停车场,柯桥区,21,3,2021-07-06 16:14:06.953
P3120000039,笛扬路1（世纪联华）停车场,柯桥区,31,14,2021-07-06 16:14:06.953
P3120000040,笛扬路2（广厦公寓）停车场,柯桥区,37,22,2021-07-06 16:14:06.953
P3120000041,笛扬路3（樱花电器）停车场,柯桥区,18,12,2021-07-06 16:14:06.953
P3120000042,笛扬路4（工商银行）停车场,柯桥区,23,14,2021-07-06 16:14:06.953
P3120000045,笛扬路7（福年大厦）停车场,柯桥区,22,5,2021-07-06 16:14:06.953
P3120000061,港越路2(精工2)停车场,柯桥区,21,14,2021-07-06 16:14:06.953
P3120000062,港越路1(步行街3)停车场,柯桥区,16,12,2021-07-06 16:14:06.953
P3120000065,温渎路3停车场,柯桥区,11,6,2021-07-06 16:14:06.953
P3120000015,温渎路1停车场,柯桥区,21,12,2021-07-06 16:24:10.0
P3120000017,万家巷停车场,柯桥区,40,22,2021-07-06 16:24:10.0
P3120000018,黄社溇路1停车场,柯桥区,16,4,2021-07-06 16:24:10.0
P3120000027,金杨路3停车场,柯桥区,28,18,2021-07-06 16:24:10.0
P3120000028,鉴湖路1（锦江花园）停车场,柯桥区,29,25,2021-07-06 16:24:10.0
P3120000029,鉴湖路2（锦江花园）停车场,柯桥区,21,7,2021-07-06 16:24:10.0
P3120000032,鉴湖路5（四大银行）停车场,柯桥区,16,2,2021-07-06 16:24:10.0
P3120000036,港越路4（肯德基）停车场,柯桥区,21,6,2021-07-06 16:24:10.0
P3120000037,港越路5（温州饭滩）停车场,柯桥区,22,5,2021-07-06 16:24:10.0
P3120000040,笛扬路2（广厦公寓）停车场,柯桥区,37,21,2021-07-06 16:24:10.0
P3120000042,笛扬路4（工商银行）停车场,柯桥区,23,16,2021-07-06 16:24:10.0
P3120000045,笛扬路7（福年大厦）停车场,柯桥区,22,6,2021-07-06 16:24:10.0
P3120000061,港越路2(精工2)停车场,柯桥区,21,13,2021-07-06 16:24:10.0
P3120000062,港越路1(步行街3)停车场,柯桥区,16,11,2021-07-06 16:24:10.0
P3120000065,温渎路3停车场,柯桥区,11,5,2021-07-06 16:24:10.0
P3120000068,港越路3（精工）停车场,柯桥区,23,3,2021-07-06 16:24:10.0
P3120000015,温渎路1停车场,柯桥区,21,13,2021-07-06 16:34:10.087
P3120000016,温渎路2停车场,柯桥区,15,5,2021-07-06 16:34:10.087
P3120000017,万家巷停车场,柯桥区,40,23,2021-07-06 16:34:10.087
P3120000018,黄社溇路1停车场,柯桥区,16,3,2021-07-06 16:34:10.087
P3120000019,黄社溇路2停车场,柯桥区,18,13,2021-07-06 16:34:10.087
P3120000025,金杨路1（中医院）停车场,柯桥区,28,23,2021-07-06 16:34:10.087
P3120000027,金杨路3停车场,柯桥区,28,19,2021-07-06 16:34:10.087
P3120000028,鉴湖路1（锦江花园）停车场,柯桥区,29,22,2021-07-06 16:34:10.087
P3120000029,鉴湖路2（锦江花园）停车场,柯桥区,21,9,2021-07-06 16:34:10.087
P3120000032,鉴湖路5（四大银行）停车场,柯桥区,16,1,2021-07-06 16:34:10.087
P3120000033,港越路1(步行街1)停车场,柯桥区,14,8,2021-07-06 16:34:10.087
P3120000036,港越路4（肯德基）停车场,柯桥区,21,4,2021-07-06 16:34:10.087
P3120000038,港越路6停车场,柯桥区,16,11,2021-07-06 16:34:10.087
P3120000039,笛扬路1（世纪联华）停车场,柯桥区,31,15,2021-07-06 16:34:10.087
P3120000040,笛扬路2（广厦公寓）停车场,柯桥区,37,19,2021-07-06 16:34:10.087
P3120000041,笛扬路3（樱花电器）停车场,柯桥区,18,13,2021-07-06 16:34:10.087
P3120000045,笛扬路7（福年大厦）停车场,柯桥区,22,7,2021-07-06 16:34:10.087
P3120000061,港越路2(精工2)停车场,柯桥区,21,14,2021-07-06 16:34:10.087
P3120000062,港越路1(步行街3)停车场,柯桥区,16,12,2021-07-06 16:34:10.087
P3120000064,港越路1(步行街2)停车场,柯桥区,26,17,2021-07-06 16:34:10.087
P3120000065,温渎路3停车场,柯桥区,11,2,2021-07-06 16:34:10.087
P3120000068,港越路3（精工）停车场,柯桥区,23,4,2021-07-06 16:34:10.087
P3120000014,人和路停车场,柯桥区,19,15,2021-07-06 16:44:08.503
P3120000016,温渎路2停车场,柯桥区,15,4,2021-07-06 16:44:08.503
P3120000018,黄社溇路1停车场,柯桥区,16,5,2021-07-06 16:44:08.503
P3120000025,金杨路1（中医院）停车场,柯桥区,28,21,2021-07-06 16:44:08.503
P3120000028,鉴湖路1（锦江花园）停车场,柯桥区,29,21,2021-07-06 16:44:08.503
P3120000029,鉴湖路2（锦江花园）停车场,柯桥区,21,8,2021-07-06 16:44:08.503
P3120000032,鉴湖路5（四大银行）停车场,柯桥区,16,4,2021-07-06 16:44:08.503
P3120000037,港越路5（温州饭滩）停车场,柯桥区,22,4,2021-07-06 16:44:08.503
P3120000039,笛扬路1（世纪联华）停车场,柯桥区,31,17,2021-07-06 16:44:08.503
P3120000040,笛扬路2（广厦公寓）停车场,柯桥区,37,20,2021-07-06 16:44:08.503
P3120000041,笛扬路3（樱花电器）停车场,柯桥区,18,11,2021-07-06 16:44:08.503
P3120000042,笛扬路4（工商银行）停车场,柯桥区,23,17,2021-07-06 16:44:08.503
P3120000045,笛扬路7（福年大厦）停车场,柯桥区,22,4,2021-07-06 16:44:08.503
P3120000061,港越路2(精工2)停车场,柯桥区,21,15,2021-07-06 16:44:08.503
P3120000065,温渎路3停车场,柯桥区,11,4,2021-07-06 16:44:08.503
P3120000015,温渎路1停车场,柯桥区,21,11,2021-07-06 16:54:10.28
P3120000016,温渎路2停车场,柯桥区,15,7,2021-07-06 16:54:10.28
P3120000018,黄社溇路1停车场,柯桥区,16,9,2021-07-06 16:54:10.28
P3120000025,金杨路1（中医院）停车场,柯桥区,28,25,2021-07-06 16:54:10.28
P3120000027,金杨路3停车场,柯桥区,28,18,2021-07-06 16:54:10.28
P3120000028,鉴湖路1（锦江花园）停车场,柯桥区,29,19,2021-07-06 16:54:10.28
P3120000029,鉴湖路2（锦江花园）停车场,柯桥区,21,7,2021-07-06 16:54:10.28
P3120000032,鉴湖路5（四大银行）停车场,柯桥区,16,2,2021-07-06 16:54:10.28
P3120000033,港越路1(步行街1)停车场,柯桥区,14,9,2021-07-06 16:54:10.28
P3120000036,港越路4（肯德基）停车场,柯桥区,21,5,2021-07-06 16:54:10.28
P3120000037,港越路5（温州饭滩）停车场,柯桥区,22,2,2021-07-06 16:54:10.28
P3120000038,港越路6停车场,柯桥区,16,13,2021-07-06 16:54:10.28
P3120000039,笛扬路1（世纪联华）停车场,柯桥区,31,19,2021-07-06 16:54:10.28
P3120000040,笛扬路2（广厦公寓）停车场,柯桥区,37,18,2021-07-06 16:54:10.28
P3120000041,笛扬路3（樱花电器）停车场,柯桥区,18,13,2021-07-06 16:54:10.28
P3120000045,笛扬路7（福年大厦）停车场,柯桥区,22,6,2021-07-06 16:54:10.28
P3120000062,港越路1(步行街3)停车场,柯桥区,16,11,2021-07-06 16:54:10.28
P3120000064,港越路1(步行街2)停车场,柯桥区,26,15,2021-07-06 16:54:10.28
P3120000015,温渎路1停车场,柯桥区,21,13,2021-07-06 17:04:11.163
P3120000018,黄社溇路1停车场,柯桥区,16,4,2021-07-06 17:04:11.163
P3120000025,金杨路1（中医院）停车场,柯桥区,28,24,2021-07-06 17:04:11.163
P3120000027,金杨路3停车场,柯桥区,28,17,2021-07-06 17:04:11.163
P3120000028,鉴湖路1（锦江花园）停车场,柯桥区,29,23,2021-07-06 17:04:11.163
P3120000029,鉴湖路2（锦江花园）停车场,柯桥区,21,8,2021-07-06 17:04:11.163
P3120000032,鉴湖路5（四大银行）停车场,柯桥区,16,5,2021-07-06 17:04:11.163
P3120000036,港越路4（肯德基）停车场,柯桥区,21,6,2021-07-06 17:04:11.163
P3120000037,港越路5（温州饭滩）停车场,柯桥区,22,3,2021-07-06 17:04:11.163
P3120000038,港越路6停车场,柯桥区,16,14,2021-07-06 17:04:11.163
P3120000039,笛扬路1（世纪联华）停车场,柯桥区,31,20,2021-07-06 17:04:11.163
P3120000042,笛扬路4（工商银行）停车场,柯桥区,23,16,2021-07-06 17:04:11.163
P3120000061,港越路2(精工2)停车场,柯桥区,21,14,2021-07-06 17:04:11.163
P3120000064,港越路1(步行街2)停车场,柯桥区,26,14,2021-07-06 17:04:11.163
P3120000065,温渎路3停车场,柯桥区,11,6,2021-07-06 17:04:11.163
P3120000014,人和路停车场,柯桥区,19,14,2021-07-06 17:14:08.66
P3120000015,温渎路1停车场,柯桥区,21,12,2021-07-06 17:14:08.66
P3120000016,温渎路2停车场,柯桥区,15,8,2021-07-06 17:14:08.66
P3120000017,万家巷停车场,柯桥区,40,24,2021-07-06 17:14:08.66
P3120000018,黄社溇路1停车场,柯桥区,16,2,2021-07-06 17:14:08.66
P3120000019,黄社溇路2停车场,柯桥区,18,12,2021-07-06 17:14:08.66
P3120000025,金杨路1（中医院）停车场,柯桥区,28,22,2021-07-06 17:14:08.66
P3120000027,金杨路3停车场,柯桥区,28,22,2021-07-06 17:14:08.66
P3120000028,鉴湖路1（锦江花园）停车场,柯桥区,29,25,2021-07-06 17:14:08.66
P3120000029,鉴湖路2（锦江花园）停车场,柯桥区,21,9,2021-07-06 17:14:08.66
P3120000032,鉴湖路5（四大银行）停车场,柯桥区,16,7,2021-07-06 17:14:08.66
P3120000033,港越路1(步行街1)停车场,柯桥区,14,10,2021-07-06 17:14:08.66
P3120000034,港越路2（精工）停车场,柯桥区,12,10,2021-07-06 17:14:08.66
P3120000036,港越路4（肯德基）停车场,柯桥区,21,7,2021-07-06 17:14:08.66
P3120000037,港越路5（温州饭滩）停车场,柯桥区,22,5,2021-07-06 17:14:08.66
P3120000039,笛扬路1（世纪联华）停车场,柯桥区,31,22,2021-07-06 17:14:08.66
P3120000040,笛扬路2（广厦公寓）停车场,柯桥区,37,17,2021-07-06 17:14:08.66
P3120000041,笛扬路3（樱花电器）停车场,柯桥区,18,12,2021-07-06 17:14:08.66
P3120000045,笛扬路7（福年大厦）停车场,柯桥区,22,9,2021-07-06 17:14:08.66
P3120000061,港越路2(精工2)停车场,柯桥区,21,15,2021-07-06 17:14:08.66
P3120000064,港越路1(步行街2)停车场,柯桥区,26,15,2021-07-06 17:14:08.66
P3120000068,港越路3（精工）停车场,柯桥区,23,8,2021-07-06 17:14:08.66
P3120000014,人和路停车场,柯桥区,19,15,2021-07-06 17:24:12.507
P3120000015,温渎路1停车场,柯桥区,21,17,2021-07-06 17:24:12.507
P3120000016,温渎路2停车场,柯桥区,15,10,2021-07-06 17:24:12.507
P3120000017,万家巷停车场,柯桥区,40,27,2021-07-06 17:24:12.507
P3120000019,黄社溇路2停车场,柯桥区,18,10,2021-07-06 17:24:12.507
P3120000025,金杨路1（中医院）停车场,柯桥区,28,23,2021-07-06 17:24:12.507
P3120000027,金杨路3停车场,柯桥区,28,20,2021-07-06 17:24:12.507
P3120000029,鉴湖路2（锦江花园）停车场,柯桥区,21,12,2021-07-06 17:24:12.507
P3120000030,鉴湖路3停车场,柯桥区,12,7,2021-07-06 17:24:12.507
P3120000032,鉴湖路5（四大银行）停车场,柯桥区,16,8,2021-07-06 17:24:12.507
P3120000033,港越路1(步行街1)停车场,柯桥区,14,12,2021-07-06 17:24:12.507
P3120000036,港越路4（肯德基）停车场,柯桥区,21,6,2021-07-06 17:24:12.507
P3120000037,港越路5（温州饭滩）停车场,柯桥区,22,7,2021-07-06 17:24:12.507
P3120000038,港越路6停车场,柯桥区,16,15,2021-07-06 17:24:12.507
P3120000039,笛扬路1（世纪联华）停车场,柯桥区,31,21,2021-07-06 17:24:12.507
P3120000040,笛扬路2（广厦公寓）停车场,柯桥区,37,18,2021-07-06 17:24:12.507
P3120000045,笛扬路7（福年大厦）停车场,柯桥区,22,8,2021-07-06 17:24:12.507
P3120000064,港越路1(步行街2)停车场,柯桥区,26,14,2021-07-06 17:24:12.507
P3120000068,港越路3（精工）停车场,柯桥区,23,7,2021-07-06 17:24:12.507
P3120000014,人和路停车场,柯桥区,19,13,2021-07-06 17:34:09.78
P3120000015,温渎路1停车场,柯桥区,21,18,2021-07-06 17:34:09.78
P3120000018,黄社溇路1停车场,柯桥区,16,3,2021-07-06 17:34:09.78
P3120000019,黄社溇路2停车场,柯桥区,18,11,2021-07-06 17:34:09.78
P3120000025,金杨路1（中医院）停车场,柯桥区,28,22,2021-07-06 17:34:09.78
P3120000027,金杨路3停车场,柯桥区,28,19,2021-07-06 17:34:09.78
P3120000028,鉴湖路1（锦江花园）停车场,柯桥区,29,24,2021-07-06 17:34:09.78
P3120000029,鉴湖路2（锦江花园）停车场,柯桥区,21,13,2021-07-06 17:34:09.78
P3120000032,鉴湖路5（四大银行）停车场,柯桥区,16,10,2021-07-06 17:34:09.78
P3120000037,港越路5（温州饭滩）停车场,柯桥区,22,6,2021-07-06 17:34:09.78
P3120000039,笛扬路1（世纪联华）停车场,柯桥区,31,22,2021-07-06 17:34:09.78
P3120000040,笛扬路2（广厦公寓）停车场,柯桥区,37,21,2021-07-06 17:34:09.78
P3120000041,笛扬路3（樱花电器）停车场,柯桥区,18,14,2021-07-06 17:34:09.78
P3120000045,笛扬路7（福年大厦）停车场,柯桥区,22,4,2021-07-06 17:34:09.78
P3120000061,港越路2(精工2)停车场,柯桥区,21,14,2021-07-06 17:34:09.78
P3120000062,港越路1(步行街3)停车场,柯桥区,16,9,2021-07-06 17:34:09.78
P3120000064,港越路1(步行街2)停车场,柯桥区,26,15,2021-07-06 17:34:09.78
P3120000065,温渎路3停车场,柯桥区,11,5,2021-07-06 17:34:09.78
P3120000014,人和路停车场,柯桥区,19,12,2021-07-06 17:44:10.837
P3120000016,温渎路2停车场,柯桥区,15,9,2021-07-06 17:44:10.837
P3120000018,黄社溇路1停车场,柯桥区,16,5,2021-07-06 17:44:10.837
P3120000019,黄社溇路2停车场,柯桥区,18,9,2021-07-06 17:44:10.837
P3120000025,金杨路1（中医院）停车场,柯桥区,28,20,2021-07-06 17:44:10.837
P3120000028,鉴湖路1（锦江花园）停车场,柯桥区,29,23,2021-07-06 17:44:10.837
P3120000030,鉴湖路3停车场,柯桥区,12,6,2021-07-06 17:44:10.837
P3120000032,鉴湖路5（四大银行）停车场,柯桥区,16,7,2021-07-06 17:44:10.837
P3120000033,港越路1(步行街1)停车场,柯桥区,14,11,2021-07-06 17:44:10.837
P3120000038,港越路6停车场,柯桥区,16,16,2021-07-06 17:44:10.837
P3120000040,笛扬路2（广厦公寓）停车场,柯桥区,37,23,2021-07-06 17:44:10.837
P3120000041,笛扬路3（樱花电器）停车场,柯桥区,18,15,2021-07-06 17:44:10.837
P3120000042,笛扬路4（工商银行）停车场,柯桥区,23,20,2021-07-06 17:44:10.837
P3120000045,笛扬路7（福年大厦）停车场,柯桥区,22,6,2021-07-06 17:44:10.837
P3120000062,港越路1(步行街3)停车场,柯桥区,16,8,2021-07-06 17:44:10.837
P3120000064,港越路1(步行街2)停车场,柯桥区,26,14,2021-07-06 17:44:10.837
P3120000065,温渎路3停车场,柯桥区,11,4,2021-07-06 17:44:10.837
P3120000068,港越路3（精工）停车场,柯桥区,23,9,2021-07-06 17:44:10.837
P3120000016,温渎路2停车场,柯桥区,15,8,2021-07-06 17:54:10.877
P3120000017,万家巷停车场,柯桥区,40,28,2021-07-06 17:54:10.877
P3120000025,金杨路1（中医院）停车场,柯桥区,28,24,2021-07-06 17:54:10.877
P3120000027,金杨路3停车场,柯桥区,28,18,2021-07-06 17:54:10.877
P3120000028,鉴湖路1（锦江花园）停车场,柯桥区,29,19,2021-07-06 17:54:10.877
P3120000029,鉴湖路2（锦江花园）停车场,柯桥区,21,14,2021-07-06 17:54:10.877
P3120000030,鉴湖路3停车场,柯桥区,12,7,2021-07-06 17:54:10.877
P3120000032,鉴湖路5（四大银行）停车场,柯桥区,16,8,2021-07-06 17:54:10.877
P3120000033,港越路1(步行街1)停车场,柯桥区,14,10,2021-07-06 17:54:10.877
P3120000036,港越路4（肯德基）停车场,柯桥区,21,9,2021-07-06 17:54:10.877
P3120000037,港越路5（温州饭滩）停车场,柯桥区,22,8,2021-07-06 17:54:10.877
P3120000039,笛扬路1（世纪联华）停车场,柯桥区,31,25,2021-07-06 17:54:10.877
P3120000040,笛扬路2（广厦公寓）停车场,柯桥区,37,24,2021-07-06 17:54:10.877
P3120000041,笛扬路3（樱花电器）停车场,柯桥区,18,17,2021-07-06 17:54:10.877
P3120000042,笛扬路4（工商银行）停车场,柯桥区,23,19,2021-07-06 17:54:10.877
P3120000045,笛扬路7（福年大厦）停车场,柯桥区,22,5,2021-07-06 17:54:10.877
P3120000061,港越路2(精工2)停车场,柯桥区,21,16,2021-07-06 17:54:10.877
P3120000064,港越路1(步行街2)停车场,柯桥区,26,15,2021-07-06 17:54:10.877
P3120000065,温渎路3停车场,柯桥区,11,5,2021-07-06 17:54:10.877
P3120000014,人和路停车场,柯桥区,19,13,2021-07-06 18:04:08.577
P3120000016,温渎路2停车场,柯桥区,15,9,2021-07-06 18:04:08.577
P3120000017,万家巷停车场,柯桥区,40,25,2021-07-06 18:04:08.577
P3120000018,黄社溇路1停车场,柯桥区,16,4,2021-07-06 18:04:08.577
P3120000019,黄社溇路2停车场,柯桥区,18,8,2021-07-06 18:04:08.577
P3120000025,金杨路1（中医院）停车场,柯桥区,28,23,2021-07-06 18:04:08.577
P3120000027,金杨路3停车场,柯桥区,28,16,2021-07-06 18:04:08.577
P3120000028,鉴湖路1（锦江花园）停车场,柯桥区,29,18,2021-07-06 18:04:08.577
P3120000030,鉴湖路3停车场,柯桥区,12,9,2021-07-06 18:04:08.577
P3120000032,鉴湖路5（四大银行）停车场,柯桥区,16,9,2021-07-06 18:04:08.577
P3120000033,港越路1(步行街1)停车场,柯桥区,14,8,2021-07-06 18:04:08.577
P3120000034,港越路2（精工）停车场,柯桥区,12,9,2021-07-06 18:04:08.577
P3120000036,港越路4（肯德基）停车场,柯桥区,21,8,2021-07-06 18:04:08.577
P3120000039,笛扬路1（世纪联华）停车场,柯桥区,31,24,2021-07-06 18:04:08.577
P3120000040,笛扬路2（广厦公寓）停车场,柯桥区,37,25,2021-07-06 18:04:08.577
P3120000041,笛扬路3（樱花电器）停车场,柯桥区,18,16,2021-07-06 18:04:08.577
P3120000042,笛扬路4（工商银行）停车场,柯桥区,23,20,2021-07-06 18:04:08.577
P3120000045,笛扬路7（福年大厦）停车场,柯桥区,22,6,2021-07-06 18:04:08.577
P3120000061,港越路2(精工2)停车场,柯桥区,21,17,2021-07-06 18:04:08.577
P3120000064,港越路1(步行街2)停车场,柯桥区,26,13,2021-07-06 18:04:08.577
P3120000065,温渎路3停车场,柯桥区,11,6,2021-07-06 18:04:08.577
P3120000014,人和路停车场,柯桥区,19,14,2021-07-06 18:14:10.323
P3120000016,温渎路2停车场,柯桥区,15,10,2021-07-06 18:14:10.323
P3120000017,万家巷停车场,柯桥区,40,26,2021-07-06 18:14:10.323
P3120000019,黄社溇路2停车场,柯桥区,18,9,2021-07-06 18:14:10.323
P3120000029,鉴湖路2（锦江花园）停车场,柯桥区,21,12,2021-07-06 18:14:10.323
P3120000030,鉴湖路3停车场,柯桥区,12,6,2021-07-06 18:14:10.323
P3120000033,港越路1(步行街1)停车场,柯桥区,14,5,2021-07-06 18:14:10.323
P3120000036,港越路4（肯德基）停车场,柯桥区,21,9,2021-07-06 18:14:10.323
P3120000037,港越路5（温州饭滩）停车场,柯桥区,22,10,2021-07-06 18:14:10.323
P3120000038,港越路6停车场,柯桥区,16,14,2021-07-06 18:14:10.323
P3120000039,笛扬路1（世纪联华）停车场,柯桥区,31,25,2021-07-06 18:14:10.323
P3120000042,笛扬路4（工商银行）停车场,柯桥区,23,19,2021-07-06 18:14:10.323
P3120000045,笛扬路7（福年大厦）停车场,柯桥区,22,7,2021-07-06 18:14:10.323
P3120000061,港越路2(精工2)停车场,柯桥区,21,16,2021-07-06 18:14:10.323
P3120000064,港越路1(步行街2)停车场,柯桥区,26,12,2021-07-06 18:14:10.323
P3120000065,温渎路3停车场,柯桥区,11,7,2021-07-06 18:14:10.323
P3120000015,温渎路1停车场,柯桥区,21,17,2021-07-06 18:24:10.12
P3120000019,黄社溇路2停车场,柯桥区,18,8,2021-07-06 18:24:10.12
P3120000025,金杨路1（中医院）停车场,柯桥区,28,22,2021-07-06 18:24:10.12
P3120000027,金杨路3停车场,柯桥区,28,14,2021-07-06 18:24:10.12
P3120000028,鉴湖路1（锦江花园）停车场,柯桥区,29,20,2021-07-06 18:24:10.12
P3120000029,鉴湖路2（锦江花园）停车场,柯桥区,21,13,2021-07-06 18:24:10.12
P3120000036,港越路4（肯德基）停车场,柯桥区,21,7,2021-07-06 18:24:10.12
P3120000037,港越路5（温州饭滩）停车场,柯桥区,22,8,2021-07-06 18:24:10.12
P3120000038,港越路6停车场,柯桥区,16,12,2021-07-06 18:24:10.12
P3120000040,笛扬路2（广厦公寓）停车场,柯桥区,37,26,2021-07-06 18:24:10.12
P3120000041,笛扬路3（樱花电器）停车场,柯桥区,18,15,2021-07-06 18:24:10.12
P3120000042,笛扬路4（工商银行）停车场,柯桥区,23,20,2021-07-06 18:24:10.12
P3120000045,笛扬路7（福年大厦）停车场,柯桥区,22,8,2021-07-06 18:24:10.12
P3120000061,港越路2(精工2)停车场,柯桥区,21,17,2021-07-06 18:24:10.12
P3120000065,温渎路3停车场,柯桥区,11,8,2021-07-06 18:24:10.12
P3120000068,港越路3（精工）停车场,柯桥区,23,10,2021-07-06 18:24:10.12
P3120000015,温渎路1停车场,柯桥区,21,16,2021-07-06 18:34:08.41
P3120000016,温渎路2停车场,柯桥区,15,11,2021-07-06 18:34:08.41
P3120000017,万家巷停车场,柯桥区,40,23,2021-07-06 18:34:08.41
P3120000018,黄社溇路1停车场,柯桥区,16,2,2021-07-06 18:34:08.41
P3120000019,黄社溇路2停车场,柯桥区,18,3,2021-07-06 18:34:08.41
P3120000027,金杨路3停车场,柯桥区,28,12,2021-07-06 18:34:08.41
P3120000028,鉴湖路1（锦江花园）停车场,柯桥区,29,19,2021-07-06 18:34:08.41
P3120000029,鉴湖路2（锦江花园）停车场,柯桥区,21,12,2021-07-06 18:34:08.41
P3120000030,鉴湖路3停车场,柯桥区,12,7,2021-07-06 18:34:08.41
P3120000034,港越路2（精工）停车场,柯桥区,12,8,2021-07-06 18:34:08.41
P3120000036,港越路4（肯德基）停车场,柯桥区,21,6,2021-07-06 18:34:08.41
P3120000037,港越路5（温州饭滩）停车场,柯桥区,22,9,2021-07-06 18:34:08.41
P3120000038,港越路6停车场,柯桥区,16,10,2021-07-06 18:34:08.41
P3120000039,笛扬路1（世纪联华）停车场,柯桥区,31,27,2021-07-06 18:34:08.41
P3120000040,笛扬路2（广厦公寓）停车场,柯桥区,37,23,2021-07-06 18:34:08.41
P3120000041,笛扬路3（樱花电器）停车场,柯桥区,18,14,2021-07-06 18:34:08.41
P3120000045,笛扬路7（福年大厦）停车场,柯桥区,22,5,2021-07-06 18:34:08.41
P3120000061,港越路2(精工2)停车场,柯桥区,21,18,2021-07-06 18:34:08.41
P3120000062,港越路1(步行街3)停车场,柯桥区,16,9,2021-07-06 18:34:08.41
P3120000064,港越路1(步行街2)停车场,柯桥区,26,13,2021-07-06 18:34:08.41
P3120000065,温渎路3停车场,柯桥区,11,7,2021-07-06 18:34:08.41
P3120000068,港越路3（精工）停车场,柯桥区,23,11,2021-07-06 18:34:08.41
P3120000016,温渎路2停车场,柯桥区,15,10,2021-07-06 18:44:11.08
P3120000017,万家巷停车场,柯桥区,40,21,2021-07-06 18:44:11.08
P3120000018,黄社溇路1停车场,柯桥区,16,0,2021-07-06 18:44:11.08
P3120000019,黄社溇路2停车场,柯桥区,18,1,2021-07-06 18:44:11.08
P3120000025,金杨路1（中医院）停车场,柯桥区,28,21,2021-07-06 18:44:11.08
P3120000028,鉴湖路1（锦江花园）停车场,柯桥区,29,21,2021-07-06 18:44:11.08
P3120000029,鉴湖路2（锦江花园）停车场,柯桥区,21,10,2021-07-06 18:44:11.08
P3120000032,鉴湖路5（四大银行）停车场,柯桥区,16,8,2021-07-06 18:44:11.08
P3120000033,港越路1(步行街1)停车场,柯桥区,14,7,2021-07-06 18:44:11.08
P3120000037,港越路5（温州饭滩）停车场,柯桥区,22,6,2021-07-06 18:44:11.08
P3120000038,港越路6停车场,柯桥区,16,7,2021-07-06 18:44:11.08
P3120000039,笛扬路1（世纪联华）停车场,柯桥区,31,26,2021-07-06 18:44:11.08
P3120000041,笛扬路3（樱花电器）停车场,柯桥区,18,15,2021-07-06 18:44:11.08
P3120000045,笛扬路7（福年大厦）停车场,柯桥区,22,3,2021-07-06 18:44:11.08
P3120000061,港越路2(精工2)停车场,柯桥区,21,15,2021-07-06 18:44:11.08
P3120000064,港越路1(步行街2)停车场,柯桥区,26,12,2021-07-06 18:44:11.08
P3120000065,温渎路3停车场,柯桥区,11,8,2021-07-06 18:44:11.08
P3120000014,人和路停车场,柯桥区,19,13,2021-07-06 18:54:10.77
P3120000016,温渎路2停车场,柯桥区,15,11,2021-07-06 18:54:10.77
P3120000017,万家巷停车场,柯桥区,40,20,2021-07-06 18:54:10.77
P3120000019,黄社溇路2停车场,柯桥区,18,0,2021-07-06 18:54:10.77
P3120000028,鉴湖路1（锦江花园）停车场,柯桥区,29,19,2021-07-06 18:54:10.77
P3120000029,鉴湖路2（锦江花园）停车场,柯桥区,21,6,2021-07-06 18:54:10.77
P3120000030,鉴湖路3停车场,柯桥区,12,5,2021-07-06 18:54:10.77
P3120000033,港越路1(步行街1)停车场,柯桥区,14,5,2021-07-06 18:54:10.77
P3120000034,港越路2（精工）停车场,柯桥区,12,6,2021-07-06 18:54:10.77
P3120000036,港越路4（肯德基）停车场,柯桥区,21,9,2021-07-06 18:54:10.77
P3120000037,港越路5（温州饭滩）停车场,柯桥区,22,5,2021-07-06 18:54:10.77
P3120000038,港越路6停车场,柯桥区,16,8,2021-07-06 18:54:10.77
P3120000040,笛扬路2（广厦公寓）停车场,柯桥区,37,21,2021-07-06 18:54:10.77
P3120000041,笛扬路3（樱花电器）停车场,柯桥区,18,16,2021-07-06 18:54:10.77
P3120000042,笛扬路4（工商银行）停车场,柯桥区,23,21,2021-07-06 18:54:10.77
P3120000062,港越路1(步行街3)停车场,柯桥区,16,7,2021-07-06 18:54:10.77
P3120000064,港越路1(步行街2)停车场,柯桥区,26,9,2021-07-06 18:54:10.77
P3120000068,港越路3（精工）停车场,柯桥区,23,10,2021-07-06 18:54:10.77
P3120000015,温渎路1停车场,柯桥区,21,15,2021-07-06 19:04:08.08
P3120000018,黄社溇路1停车场,柯桥区,16,1,2021-07-06 19:04:08.08
P3120000019,黄社溇路2停车场,柯桥区,18,1,2021-07-06 19:04:08.08
P3120000025,金杨路1（中医院）停车场,柯桥区,28,22,2021-07-06 19:04:08.08
P3120000027,金杨路3停车场,柯桥区,28,14,2021-07-06 19:04:08.08
P3120000028,鉴湖路1（锦江花园）停车场,柯桥区,29,21,2021-07-06 19:04:08.08
P3120000029,鉴湖路2（锦江花园）停车场,柯桥区,21,4,2021-07-06 19:04:08.08
P3120000033,港越路1(步行街1)停车场,柯桥区,14,8,2021-07-06 19:04:08.08
P3120000034,港越路2（精工）停车场,柯桥区,12,9,2021-07-06 19:04:08.08
P3120000036,港越路4（肯德基）停车场,柯桥区,21,7,2021-07-06 19:04:08.08
P3120000037,港越路5（温州饭滩）停车场,柯桥区,22,2,2021-07-06 19:04:08.08
P3120000038,港越路6停车场,柯桥区,16,4,2021-07-06 19:04:08.08
P3120000039,笛扬路1（世纪联华）停车场,柯桥区,31,25,2021-07-06 19:04:08.08
P3120000041,笛扬路3（樱花电器）停车场,柯桥区,18,15,2021-07-06 19:04:08.08
P3120000042,笛扬路4（工商银行）停车场,柯桥区,23,20,2021-07-06 19:04:08.08
P3120000045,笛扬路7（福年大厦）停车场,柯桥区,22,2,2021-07-06 19:04:08.08
P3120000061,港越路2(精工2)停车场,柯桥区,21,16,2021-07-06 19:04:08.08
P3120000065,温渎路3停车场,柯桥区,11,9,2021-07-06 19:04:08.08
P3120000068,港越路3（精工）停车场,柯桥区,23,9,2021-07-06 19:04:08.08
P3120000014,人和路停车场,柯桥区,19,11,2021-07-06 19:14:08.98
P3120000015,温渎路1停车场,柯桥区,21,14,2021-07-06 19:14:08.98
P3120000016,温渎路2停车场,柯桥区,15,9,2021-07-06 19:14:08.98
P3120000017,万家巷停车场,柯桥区,40,19,2021-07-06 19:14:08.98
P3120000025,金杨路1（中医院）停车场,柯桥区,28,20,2021-07-06 19:14:08.98
P3120000028,鉴湖路1（锦江花园）停车场,柯桥区,29,20,2021-07-06 19:14:08.98
P3120000029,鉴湖路2（锦江花园）停车场,柯桥区,21,3,2021-07-06 19:14:08.98
P3120000030,鉴湖路3停车场,柯桥区,12,3,2021-07-06 19:14:08.98
P3120000033,港越路1(步行街1)停车场,柯桥区,14,7,2021-07-06 19:14:08.98
P3120000034,港越路2（精工）停车场,柯桥区,12,10,2021-07-06 19:14:08.98
P3120000039,笛扬路1（世纪联华）停车场,柯桥区,31,23,2021-07-06 19:14:08.98
P3120000041,笛扬路3（樱花电器）停车场,柯桥区,18,14,2021-07-06 19:14:08.98
P3120000061,港越路2(精工2)停车场,柯桥区,21,17,2021-07-06 19:14:08.98
P3120000064,港越路1(步行街2)停车场,柯桥区,26,10,2021-07-06 19:14:08.98
P3120000068,港越路3（精工）停车场,柯桥区,23,10,2021-07-06 19:14:08.98
P3120000014,人和路停车场,柯桥区,19,8,2021-07-06 19:24:10.867
P3120000015,温渎路1停车场,柯桥区,21,15,2021-07-06 19:24:10.867
P3120000016,温渎路2停车场,柯桥区,15,10,2021-07-06 19:24:10.867
P3120000017,万家巷停车场,柯桥区,40,22,2021-07-06 19:24:10.867
P3120000018,黄社溇路1停车场,柯桥区,16,0,2021-07-06 19:24:10.867
P3120000025,金杨路1（中医院）停车场,柯桥区,28,22,2021-07-06 19:24:10.867
P3120000027,金杨路3停车场,柯桥区,28,13,2021-07-06 19:24:10.867
P3120000028,鉴湖路1（锦江花园）停车场,柯桥区,29,17,2021-07-06 19:24:10.867
P3120000030,鉴湖路3停车场,柯桥区,12,4,2021-07-06 19:24:10.867
P3120000033,港越路1(步行街1)停车场,柯桥区,14,4,2021-07-06 19:24:10.867
P3120000034,港越路2（精工）停车场,柯桥区,12,9,2021-07-06 19:24:10.867
P3120000036,港越路4（肯德基）停车场,柯桥区,21,6,2021-07-06 19:24:10.867
P3120000037,港越路5（温州饭滩）停车场,柯桥区,22,3,2021-07-06 19:24:10.867
P3120000038,港越路6停车场,柯桥区,16,5,2021-07-06 19:24:10.867
P3120000039,笛扬路1（世纪联华）停车场,柯桥区,31,21,2021-07-06 19:24:10.867
P3120000040,笛扬路2（广厦公寓）停车场,柯桥区,37,17,2021-07-06 19:24:10.867
P3120000041,笛扬路3（樱花电器）停车场,柯桥区,18,13,2021-07-06 19:24:10.867
P3120000061,港越路2(精工2)停车场,柯桥区,21,18,2021-07-06 19:24:10.867
P3120000062,港越路1(步行街3)停车场,柯桥区,16,9,2021-07-06 19:24:10.867
P3120000064,港越路1(步行街2)停车场,柯桥区,26,11,2021-07-06 19:24:10.867
P3120000014,人和路停车场,柯桥区,19,9,2021-07-06 19:34:09.38
P3120000015,温渎路1停车场,柯桥区,21,14,2021-07-06 19:34:09.38
P3120000017,万家巷停车场,柯桥区,40,23,2021-07-06 19:34:09.38
P3120000019,黄社溇路2停车场,柯桥区,18,0,2021-07-06 19:34:09.38
P3120000025,金杨路1（中医院）停车场,柯桥区,28,20,2021-07-06 19:34:09.38
P3120000027,金杨路3停车场,柯桥区,28,12,2021-07-06 19:34:09.38
P3120000028,鉴湖路1（锦江花园）停车场,柯桥区,29,16,2021-07-06 19:34:09.38
P3120000030,鉴湖路3停车场,柯桥区,12,5,2021-07-06 19:34:09.38
P3120000034,港越路2（精工）停车场,柯桥区,12,7,2021-07-06 19:34:09.38
P3120000036,港越路4（肯德基）停车场,柯桥区,21,10,2021-07-06 19:34:09.38
P3120000037,港越路5（温州饭滩）停车场,柯桥区,22,4,2021-07-06 19:34:09.38
P3120000038,港越路6停车场,柯桥区,16,3,2021-07-06 19:34:09.38
P3120000039,笛扬路1（世纪联华）停车场,柯桥区,31,18,2021-07-06 19:34:09.38
P3120000040,笛扬路2（广厦公寓）停车场,柯桥区,37,19,2021-07-06 19:34:09.38
P3120000041,笛扬路3（樱花电器）停车场,柯桥区,18,12,2021-07-06 19:34:09.38
P3120000061,港越路2(精工2)停车场,柯桥区,21,16,2021-07-06 19:34:09.38
P3120000062,港越路1(步行街3)停车场,柯桥区,16,10,2021-07-06 19:34:09.38
P3120000064,港越路1(步行街2)停车场,柯桥区,26,10,2021-07-06 19:34:09.38
P3120000068,港越路3（精工）停车场,柯桥区,23,11,2021-07-06 19:34:09.38
P3120000015,温渎路1停车场,柯桥区,21,13,2021-07-06 19:44:09.12
P3120000019,黄社溇路2停车场,柯桥区,18,1,2021-07-06 19:44:09.12
P3120000025,金杨路1（中医院）停车场,柯桥区,28,22,2021-07-06 19:44:09.12
P3120000027,金杨路3停车场,柯桥区,28,13,2021-07-06 19:44:09.12
P3120000028,鉴湖路1（锦江花园）停车场,柯桥区,29,18,2021-07-06 19:44:09.12
P3120000030,鉴湖路3停车场,柯桥区,12,4,2021-07-06 19:44:09.12
P3120000032,鉴湖路5（四大银行）停车场,柯桥区,16,7,2021-07-06 19:44:09.12
P3120000033,港越路1(步行街1)停车场,柯桥区,14,6,2021-07-06 19:44:09.12
P3120000036,港越路4（肯德基）停车场,柯桥区,21,11,2021-07-06 19:44:09.12
P3120000037,港越路5（温州饭滩）停车场,柯桥区,22,6,2021-07-06 19:44:09.12
P3120000039,笛扬路1（世纪联华）停车场,柯桥区,31,19,2021-07-06 19:44:09.12
P3120000040,笛扬路2（广厦公寓）停车场,柯桥区,37,21,2021-07-06 19:44:09.12
P3120000041,笛扬路3（樱花电器）停车场,柯桥区,18,11,2021-07-06 19:44:09.12
P3120000042,笛扬路4（工商银行）停车场,柯桥区,23,22,2021-07-06 19:44:09.12
P3120000062,港越路1(步行街3)停车场,柯桥区,16,12,2021-07-06 19:44:09.12
P3120000065,温渎路3停车场,柯桥区,11,10,2021-07-06 19:44:09.12
P3120000068,港越路3（精工）停车场,柯桥区,23,9,2021-07-06 19:44:09.12
P3120000015,温渎路1停车场,柯桥区,21,15,2021-07-06 19:54:10.623
P3120000017,万家巷停车场,柯桥区,40,25,2021-07-06 19:54:10.623
P3120000018,黄社溇路1停车场,柯桥区,16,2,2021-07-06 19:54:10.623
P3120000019,黄社溇路2停车场,柯桥区,18,5,2021-07-06 19:54:10.623
P3120000025,金杨路1（中医院）停车场,柯桥区,28,21,2021-07-06 19:54:10.623
P3120000027,金杨路3停车场,柯桥区,28,15,2021-07-06 19:54:10.623
P3120000028,鉴湖路1（锦江花园）停车场,柯桥区,29,17,2021-07-06 19:54:10.623
P3120000029,鉴湖路2（锦江花园）停车场,柯桥区,21,5,2021-07-06 19:54:10.623
P3120000030,鉴湖路3停车场,柯桥区,12,9,2021-07-06 19:54:10.623
P3120000032,鉴湖路5（四大银行）停车场,柯桥区,16,6,2021-07-06 19:54:10.623
P3120000033,港越路1(步行街1)停车场,柯桥区,14,5,2021-07-06 19:54:10.623
P3120000036,港越路4（肯德基）停车场,柯桥区,21,10,2021-07-06 19:54:10.623
P3120000038,港越路6停车场,柯桥区,16,1,2021-07-06 19:54:10.623
P3120000039,笛扬路1（世纪联华）停车场,柯桥区,31,18,2021-07-06 19:54:10.623
P3120000040,笛扬路2（广厦公寓）停车场,柯桥区,37,22,2021-07-06 19:54:10.623
P3120000041,笛扬路3（樱花电器）停车场,柯桥区,18,10,2021-07-06 19:54:10.623
P3120000042,笛扬路4（工商银行）停车场,柯桥区,23,20,2021-07-06 19:54:10.623
P3120000045,笛扬路7（福年大厦）停车场,柯桥区,22,3,2021-07-06 19:54:10.623
P3120000061,港越路2(精工2)停车场,柯桥区,21,15,2021-07-06 19:54:10.623
P3120000062,港越路1(步行街3)停车场,柯桥区,16,9,2021-07-06 19:54:10.623
P3120000064,港越路1(步行街2)停车场,柯桥区,26,11,2021-07-06 19:54:10.623
P3120000068,港越路3（精工）停车场,柯桥区,23,8,2021-07-06 19:54:10.623
P3120000015,温渎路1停车场,柯桥区,21,14,2021-07-06 20:04:09.61
P3120000016,温渎路2停车场,柯桥区,15,9,2021-07-06 20:04:09.61
P3120000017,万家巷停车场,柯桥区,40,23,2021-07-06 20:04:09.61
P3120000019,黄社溇路2停车场,柯桥区,18,6,2021-07-06 20:04:09.61
P3120000025,金杨路1（中医院）停车场,柯桥区,28,20,2021-07-06 20:04:09.61
P3120000027,金杨路3停车场,柯桥区,28,14,2021-07-06 20:04:09.61
P3120000028,鉴湖路1（锦江花园）停车场,柯桥区,29,16,2021-07-06 20:04:09.61
P3120000030,鉴湖路3停车场,柯桥区,12,10,2021-07-06 20:04:09.61
P3120000032,鉴湖路5（四大银行）停车场,柯桥区,16,5,2021-07-06 20:04:09.61
P3120000033,港越路1(步行街1)停车场,柯桥区,14,6,2021-07-06 20:04:09.61
P3120000034,港越路2（精工）停车场,柯桥区,12,8,2021-07-06 20:04:09.61
P3120000036,港越路4（肯德基）停车场,柯桥区,21,11,2021-07-06 20:04:09.61
P3120000038,港越路6停车场,柯桥区,16,2,2021-07-06 20:04:09.61
P3120000039,笛扬路1（世纪联华）停车场,柯桥区,31,16,2021-07-06 20:04:09.61
P3120000040,笛扬路2（广厦公寓）停车场,柯桥区,37,23,2021-07-06 20:04:09.61
P3120000041,笛扬路3（樱花电器）停车场,柯桥区,18,9,2021-07-06 20:04:09.61
P3120000045,笛扬路7（福年大厦）停车场,柯桥区,22,4,2021-07-06 20:04:09.61
P3120000061,港越路2(精工2)停车场,柯桥区,21,14,2021-07-06 20:04:09.61
P3120000064,港越路1(步行街2)停车场,柯桥区,26,12,2021-07-06 20:04:09.61
P3120000065,温渎路3停车场,柯桥区,11,7,2021-07-06 20:04:09.61
P3120000068,港越路3（精工）停车场,柯桥区,23,9,2021-07-06 20:04:09.61
P3120000017,万家巷停车场,柯桥区,40,22,2021-07-06 20:14:11.093
P3120000019,黄社溇路2停车场,柯桥区,18,7,2021-07-06 20:14:11.093
P3120000027,金杨路3停车场,柯桥区,28,13,2021-07-06 20:14:11.093
P3120000028,鉴湖路1（锦江花园）停车场,柯桥区,29,12,2021-07-06 20:14:11.093
P3120000030,鉴湖路3停车场,柯桥区,12,9,2021-07-06 20:14:11.093
P3120000032,鉴湖路5（四大银行）停车场,柯桥区,16,6,2021-07-06 20:14:11.093
P3120000036,港越路4（肯德基）停车场,柯桥区,21,9,2021-07-06 20:14:11.093
P3120000037,港越路5（温州饭滩）停车场,柯桥区,22,7,2021-07-06 20:14:11.093
P3120000039,笛扬路1（世纪联华）停车场,柯桥区,31,15,2021-07-06 20:14:11.093
P3120000040,笛扬路2（广厦公寓）停车场,柯桥区,37,27,2021-07-06 20:14:11.093
P3120000041,笛扬路3（樱花电器）停车场,柯桥区,18,10,2021-07-06 20:14:11.093
P3120000042,笛扬路4（工商银行）停车场,柯桥区,23,19,2021-07-06 20:14:11.093
P3120000061,港越路2(精工2)停车场,柯桥区,21,12,2021-07-06 20:14:11.093
P3120000065,温渎路3停车场,柯桥区,11,6,2021-07-06 20:14:11.093
P3120000014,人和路停车场,柯桥区,19,8,2021-07-06 20:24:09.477
P3120000015,温渎路1停车场,柯桥区,21,13,2021-07-06 20:24:09.477
P3120000018,黄社溇路1停车场,柯桥区,16,3,2021-07-06 20:24:09.477
P3120000019,黄社溇路2停车场,柯桥区,18,5,2021-07-06 20:24:09.477
P3120000025,金杨路1（中医院）停车场,柯桥区,28,17,2021-07-06 20:24:09.477
P3120000027,金杨路3停车场,柯桥区,28,12,2021-07-06 20:24:09.477
P3120000029,鉴湖路2（锦江花园）停车场,柯桥区,21,4,2021-07-06 20:24:09.477
P3120000030,鉴湖路3停车场,柯桥区,12,10,2021-07-06 20:24:09.477
P3120000037,港越路5（温州饭滩）停车场,柯桥区,22,4,2021-07-06 20:24:09.477
P3120000038,港越路6停车场,柯桥区,16,1,2021-07-06 20:24:09.477
P3120000039,笛扬路1（世纪联华）停车场,柯桥区,31,16,2021-07-06 20:24:09.477
P3120000040,笛扬路2（广厦公寓）停车场,柯桥区,37,24,2021-07-06 20:24:09.477
P3120000041,笛扬路3（樱花电器）停车场,柯桥区,18,11,2021-07-06 20:24:09.477
P3120000045,笛扬路7（福年大厦）停车场,柯桥区,22,3,2021-07-06 20:24:09.477
P3120000061,港越路2(精工2)停车场,柯桥区,21,13,2021-07-06 20:24:09.477
P3120000062,港越路1(步行街3)停车场,柯桥区,16,10,2021-07-06 20:24:09.477
P3120000065,温渎路3停车场,柯桥区,11,4,2021-07-06 20:24:09.477
P3120000068,港越路3（精工）停车场,柯桥区,23,10,2021-07-06 20:24:09.477
P3120000014,人和路停车场,柯桥区,19,9,2021-07-06 20:34:07.837
P3120000015,温渎路1停车场,柯桥区,21,12,2021-07-06 20:34:07.837
P3120000017,万家巷停车场,柯桥区,40,24,2021-07-06 20:34:07.837
P3120000018,黄社溇路1停车场,柯桥区,16,2,2021-07-06 20:34:07.837
P3120000019,黄社溇路2停车场,柯桥区,18,4,2021-07-06 20:34:07.837
P3120000025,金杨路1（中医院）停车场,柯桥区,28,15,2021-07-06 20:34:07.837
P3120000027,金杨路3停车场,柯桥区,28,10,2021-07-06 20:34:07.837
P3120000028,鉴湖路1（锦江花园）停车场,柯桥区,29,16,2021-07-06 20:34:07.837
P3120000032,鉴湖路5（四大银行）停车场,柯桥区,16,5,2021-07-06 20:34:07.837
P3120000037,港越路5（温州饭滩）停车场,柯桥区,22,6,2021-07-06 20:34:07.837
P3120000038,港越路6停车场,柯桥区,16,2,2021-07-06 20:34:07.837
P3120000039,笛扬路1（世纪联华）停车场,柯桥区,31,18,2021-07-06 20:34:07.837
P3120000041,笛扬路3（樱花电器）停车场,柯桥区,18,12,2021-07-06 20:34:07.837
P3120000045,笛扬路7（福年大厦）停车场,柯桥区,22,4,2021-07-06 20:34:07.837
P3120000064,港越路1(步行街2)停车场,柯桥区,26,11,2021-07-06 20:34:07.837
P3120000025,金杨路1（中医院）停车场,柯桥区,28,17,2021-07-06 20:44:11.35
P3120000027,金杨路3停车场,柯桥区,28,12,2021-07-06 20:44:11.35
P3120000028,鉴湖路1（锦江花园）停车场,柯桥区,29,12,2021-07-06 20:44:11.35
P3120000033,港越路1(步行街1)停车场,柯桥区,14,8,2021-07-06 20:44:11.35
P3120000036,港越路4（肯德基）停车场,柯桥区,21,12,2021-07-06 20:44:11.35
P3120000037,港越路5（温州饭滩）停车场,柯桥区,22,4,2021-07-06 20:44:11.35
P3120000039,笛扬路1（世纪联华）停车场,柯桥区,31,20,2021-07-06 20:44:11.35
P3120000040,笛扬路2（广厦公寓）停车场,柯桥区,37,20,2021-07-06 20:44:11.35
P3120000041,笛扬路3（樱花电器）停车场,柯桥区,18,11,2021-07-06 20:44:11.35
P3120000042,笛扬路4（工商银行）停车场,柯桥区,23,16,2021-07-06 20:44:11.35
P3120000045,笛扬路7（福年大厦）停车场,柯桥区,22,6,2021-07-06 20:44:11.35
P3120000061,港越路2(精工2)停车场,柯桥区,21,14,2021-07-06 20:44:11.35
P3120000062,港越路1(步行街3)停车场,柯桥区,16,9,2021-07-06 20:44:11.35
P3120000065,温渎路3停车场,柯桥区,11,3,2021-07-06 20:44:11.35
P3120000068,港越路3（精工）停车场,柯桥区,23,12,2021-07-06 20:44:11.35
P3120000015,温渎路1停车场,柯桥区,21,13,2021-07-06 20:54:10.803
P3120000017,万家巷停车场,柯桥区,40,23,2021-07-06 20:54:10.803
P3120000019,黄社溇路2停车场,柯桥区,18,5,2021-07-06 20:54:10.803
P3120000025,金杨路1（中医院）停车场,柯桥区,28,15,2021-07-06 20:54:10.803
P3120000027,金杨路3停车场,柯桥区,28,13,2021-07-06 20:54:10.803
P3120000028,鉴湖路1（锦江花园）停车场,柯桥区,29,9,2021-07-06 20:54:10.803
P3120000029,鉴湖路2（锦江花园）停车场,柯桥区,21,5,2021-07-06 20:54:10.803
P3120000038,港越路6停车场,柯桥区,16,4,2021-07-06 20:54:10.803
P3120000040,笛扬路2（广厦公寓）停车场,柯桥区,37,23,2021-07-06 20:54:10.803
P3120000041,笛扬路3（樱花电器）停车场,柯桥区,18,12,2021-07-06 20:54:10.803
P3120000045,笛扬路7（福年大厦）停车场,柯桥区,22,5,2021-07-06 20:54:10.803
P3120000061,港越路2(精工2)停车场,柯桥区,21,13,2021-07-06 20:54:10.803
P3120000064,港越路1(步行街2)停车场,柯桥区,26,14,2021-07-06 20:54:10.803
P3120000065,温渎路3停车场,柯桥区,11,6,2021-07-06 20:54:10.803
P3120000014,人和路停车场,柯桥区,19,11,2021-07-06 21:04:09.527
P3120000016,温渎路2停车场,柯桥区,15,10,2021-07-06 21:04:09.527
P3120000017,万家巷停车场,柯桥区,40,21,2021-07-06 21:04:09.527
P3120000018,黄社溇路1停车场,柯桥区,16,3,2021-07-06 21:04:09.527
P3120000027,金杨路3停车场,柯桥区,28,14,2021-07-06 21:04:09.527
P3120000028,鉴湖路1（锦江花园）停车场,柯桥区,29,8,2021-07-06 21:04:09.527
P3120000032,鉴湖路5（四大银行）停车场,柯桥区,16,7,2021-07-06 21:04:09.527
P3120000034,港越路2（精工）停车场,柯桥区,12,7,2021-07-06 21:04:09.527
P3120000036,港越路4（肯德基）停车场,柯桥区,21,13,2021-07-06 21:04:09.527
P3120000037,港越路5（温州饭滩）停车场,柯桥区,22,3,2021-07-06 21:04:09.527
P3120000038,港越路6停车场,柯桥区,16,3,2021-07-06 21:04:09.527
P3120000039,笛扬路1（世纪联华）停车场,柯桥区,31,22,2021-07-06 21:04:09.527
P3120000040,笛扬路2（广厦公寓）停车场,柯桥区,37,20,2021-07-06 21:04:09.527
P3120000042,笛扬路4（工商银行）停车场,柯桥区,23,17,2021-07-06 21:04:09.527
P3120000045,笛扬路7（福年大厦）停车场,柯桥区,22,6,2021-07-06 21:04:09.527
P3120000014,人和路停车场,柯桥区,19,9,2021-07-06 21:14:10.673
P3120000015,温渎路1停车场,柯桥区,21,12,2021-07-06 21:14:10.673
P3120000019,黄社溇路2停车场,柯桥区,18,8,2021-07-06 21:14:10.673
P3120000027,金杨路3停车场,柯桥区,28,11,2021-07-06 21:14:10.673
P3120000028,鉴湖路1（锦江花园）停车场,柯桥区,29,9,2021-07-06 21:14:10.673
P3120000032,鉴湖路5（四大银行）停车场,柯桥区,16,8,2021-07-06 21:14:10.673
P3120000033,港越路1(步行街1)停车场,柯桥区,14,7,2021-07-06 21:14:10.673
P3120000034,港越路2（精工）停车场,柯桥区,12,5,2021-07-06 21:14:10.673
P3120000036,港越路4（肯德基）停车场,柯桥区,21,14,2021-07-06 21:14:10.673
P3120000037,港越路5（温州饭滩）停车场,柯桥区,22,2,2021-07-06 21:14:10.673
P3120000038,港越路6停车场,柯桥区,16,4,2021-07-06 21:14:10.673
P3120000039,笛扬路1（世纪联华）停车场,柯桥区,31,21,2021-07-06 21:14:10.673
P3120000040,笛扬路2（广厦公寓）停车场,柯桥区,37,22,2021-07-06 21:14:10.673
P3120000045,笛扬路7（福年大厦）停车场,柯桥区,22,4,2021-07-06 21:14:10.673
P3120000061,港越路2(精工2)停车场,柯桥区,21,14,2021-07-06 21:14:10.673
P3120000064,港越路1(步行街2)停车场,柯桥区,26,13,2021-07-06 21:14:10.673
P3120000065,温渎路3停车场,柯桥区,11,5,2021-07-06 21:14:10.673
P3120000068,港越路3（精工）停车场,柯桥区,23,14,2021-07-06 21:14:10.673
P3120000017,万家巷停车场,柯桥区,40,23,2021-07-06 21:24:10.3
P3120000018,黄社溇路1停车场,柯桥区,16,4,2021-07-06 21:24:10.3
P3120000025,金杨路1（中医院）停车场,柯桥区,28,18,2021-07-06 21:24:10.3
P3120000032,鉴湖路5（四大银行）停车场,柯桥区,16,9,2021-07-06 21:24:10.3
P3120000033,港越路1(步行街1)停车场,柯桥区,14,8,2021-07-06 21:24:10.3
P3120000034,港越路2（精工）停车场,柯桥区,12,6,2021-07-06 21:24:10.3
P3120000036,港越路4（肯德基）停车场,柯桥区,21,11,2021-07-06 21:24:10.3
P3120000037,港越路5（温州饭滩）停车场,柯桥区,22,4,2021-07-06 21:24:10.3
P3120000038,港越路6停车场,柯桥区,16,7,2021-07-06 21:24:10.3
P3120000040,笛扬路2（广厦公寓）停车场,柯桥区,37,25,2021-07-06 21:24:10.3
P3120000041,笛扬路3（樱花电器）停车场,柯桥区,18,13,2021-07-06 21:24:10.3
P3120000061,港越路2(精工2)停车场,柯桥区,21,12,2021-07-06 21:24:10.3
P3120000062,港越路1(步行街3)停车场,柯桥区,16,8,2021-07-06 21:24:10.3
P3120000064,港越路1(步行街2)停车场,柯桥区,26,12,2021-07-06 21:24:10.3
P3120000014,人和路停车场,柯桥区,19,8,2021-07-06 21:34:10.94
P3120000016,温渎路2停车场,柯桥区,15,9,2021-07-06 21:34:10.94
P3120000017,万家巷停车场,柯桥区,40,26,2021-07-06 21:34:10.94
P3120000018,黄社溇路1停车场,柯桥区,16,6,2021-07-06 21:34:10.94
P3120000019,黄社溇路2停车场,柯桥区,18,7,2021-07-06 21:34:10.94
P3120000025,金杨路1（中医院）停车场,柯桥区,28,17,2021-07-06 21:34:10.94
P3120000027,金杨路3停车场,柯桥区,28,7,2021-07-06 21:34:10.94
P3120000028,鉴湖路1（锦江花园）停车场,柯桥区,29,8,2021-07-06 21:34:10.94
P3120000029,鉴湖路2（锦江花园）停车场,柯桥区,21,6,2021-07-06 21:34:10.94
P3120000032,鉴湖路5（四大银行）停车场,柯桥区,16,8,2021-07-06 21:34:10.94
P3120000033,港越路1(步行街1)停车场,柯桥区,14,7,2021-07-06 21:34:10.94
P3120000036,港越路4（肯德基）停车场,柯桥区,21,8,2021-07-06 21:34:10.94
P3120000039,笛扬路1（世纪联华）停车场,柯桥区,31,23,2021-07-06 21:34:10.94
P3120000040,笛扬路2（广厦公寓）停车场,柯桥区,37,26,2021-07-06 21:34:10.94
P3120000065,温渎路3停车场,柯桥区,11,4,2021-07-06 21:34:10.94
P3120000015,温渎路1停车场,柯桥区,21,14,2021-07-06 21:44:10.22
P3120000017,万家巷停车场,柯桥区,40,25,2021-07-06 21:44:10.22
P3120000019,黄社溇路2停车场,柯桥区,18,8,2021-07-06 21:44:10.22
P3120000028,鉴湖路1（锦江花园）停车场,柯桥区,29,9,2021-07-06 21:44:10.22
P3120000029,鉴湖路2（锦江花园）停车场,柯桥区,21,4,2021-07-06 21:44:10.22
P3120000033,港越路1(步行街1)停车场,柯桥区,14,9,2021-07-06 21:44:10.22
P3120000034,港越路2（精工）停车场,柯桥区,12,7,2021-07-06 21:44:10.22
P3120000036,港越路4（肯德基）停车场,柯桥区,21,12,2021-07-06 21:44:10.22
P3120000037,港越路5（温州饭滩）停车场,柯桥区,22,5,2021-07-06 21:44:10.22
P3120000038,港越路6停车场,柯桥区,16,10,2021-07-06 21:44:10.22
P3120000041,笛扬路3（樱花电器）停车场,柯桥区,18,15,2021-07-06 21:44:10.22
P3120000042,笛扬路4（工商银行）停车场,柯桥区,23,18,2021-07-06 21:44:10.22
P3120000045,笛扬路7（福年大厦）停车场,柯桥区,22,5,2021-07-06 21:44:10.22
P3120000061,港越路2(精工2)停车场,柯桥区,21,14,2021-07-06 21:44:10.22
P3120000062,港越路1(步行街3)停车场,柯桥区,16,6,2021-07-06 21:44:10.22
P3120000065,温渎路3停车场,柯桥区,11,2,2021-07-06 21:44:10.22
P3120000068,港越路3（精工）停车场,柯桥区,23,13,2021-07-06 21:44:10.22
P3120000015,温渎路1停车场,柯桥区,21,15,2021-07-06 21:54:08.893
P3120000016,温渎路2停车场,柯桥区,15,8,2021-07-06 21:54:08.893
P3120000017,万家巷停车场,柯桥区,40,23,2021-07-06 21:54:08.893
P3120000025,金杨路1（中医院）停车场,柯桥区,28,16,2021-07-06 21:54:08.893
P3120000028,鉴湖路1（锦江花园）停车场,柯桥区,29,12,2021-07-06 21:54:08.893
P3120000029,鉴湖路2（锦江花园）停车场,柯桥区,21,5,2021-07-06 21:54:08.893
P3120000036,港越路4（肯德基）停车场,柯桥区,21,9,2021-07-06 21:54:08.893
P3120000037,港越路5（温州饭滩）停车场,柯桥区,22,4,2021-07-06 21:54:08.893
P3120000038,港越路6停车场,柯桥区,16,8,2021-07-06 21:54:08.893
P3120000040,笛扬路2（广厦公寓）停车场,柯桥区,37,23,2021-07-06 21:54:08.893
P3120000064,港越路1(步行街2)停车场,柯桥区,26,11,2021-07-06 21:54:08.893
P3120000017,万家巷停车场,柯桥区,40,21,2021-07-06 22:04:09.983
P3120000019,黄社溇路2停车场,柯桥区,18,9,2021-07-06 22:04:09.983
P3120000025,金杨路1（中医院）停车场,柯桥区,28,14,2021-07-06 22:04:09.983
P3120000027,金杨路3停车场,柯桥区,28,5,2021-07-06 22:04:09.983
P3120000028,鉴湖路1（锦江花园）停车场,柯桥区,29,9,2021-07-06 22:04:09.983
P3120000029,鉴湖路2（锦江花园）停车场,柯桥区,21,6,2021-07-06 22:04:09.983
P3120000032,鉴湖路5（四大银行）停车场,柯桥区,16,7,2021-07-06 22:04:09.983
P3120000033,港越路1(步行街1)停车场,柯桥区,14,7,2021-07-06 22:04:09.983
P3120000036,港越路4（肯德基）停车场,柯桥区,21,11,2021-07-06 22:04:09.983
P3120000037,港越路5（温州饭滩）停车场,柯桥区,22,5,2021-07-06 22:04:09.983
P3120000039,笛扬路1（世纪联华）停车场,柯桥区,31,25,2021-07-06 22:04:09.983
P3120000040,笛扬路2（广厦公寓）停车场,柯桥区,37,25,2021-07-06 22:04:09.983
P3120000041,笛扬路3（樱花电器）停车场,柯桥区,18,14,2021-07-06 22:04:09.983
P3120000042,笛扬路4（工商银行）停车场,柯桥区,23,15,2021-07-06 22:04:09.983
P3120000045,笛扬路7（福年大厦）停车场,柯桥区,22,6,2021-07-06 22:04:09.983
P3120000062,港越路1(步行街3)停车场,柯桥区,16,5,2021-07-06 22:04:09.983
P3120000068,港越路3（精工）停车场,柯桥区,23,14,2021-07-06 22:04:09.983
P3120000014,人和路停车场,柯桥区,19,9,2021-07-06 22:14:08.26
P3120000017,万家巷停车场,柯桥区,40,22,2021-07-06 22:14:08.26
P3120000019,黄社溇路2停车场,柯桥区,18,10,2021-07-06 22:14:08.26
P3120000027,金杨路3停车场,柯桥区,28,8,2021-07-06 22:14:08.26
P3120000029,鉴湖路2（锦江花园）停车场,柯桥区,21,5,2021-07-06 22:14:08.26
P3120000032,鉴湖路5（四大银行）停车场,柯桥区,16,8,2021-07-06 22:14:08.26
P3120000036,港越路4（肯德基）停车场,柯桥区,21,9,2021-07-06 22:14:08.26
P3120000037,港越路5（温州饭滩）停车场,柯桥区,22,7,2021-07-06 22:14:08.26
P3120000038,港越路6停车场,柯桥区,16,7,2021-07-06 22:14:08.26
P3120000039,笛扬路1（世纪联华）停车场,柯桥区,31,27,2021-07-06 22:14:08.26
P3120000040,笛扬路2（广厦公寓）停车场,柯桥区,37,28,2021-07-06 22:14:08.26
P3120000042,笛扬路4（工商银行）停车场,柯桥区,23,18,2021-07-06 22:14:08.26
P3120000065,温渎路3停车场,柯桥区,11,3,2021-07-06 22:14:08.26
P3120000017,万家巷停车场,柯桥区,40,24,2021-07-06 22:24:09.633
P3120000019,黄社溇路2停车场,柯桥区,18,12,2021-07-06 22:24:09.633
P3120000025,金杨路1（中医院）停车场,柯桥区,28,11,2021-07-06 22:24:09.633
P3120000028,鉴湖路1（锦江花园）停车场,柯桥区,29,8,2021-07-06 22:24:09.633
P3120000029,鉴湖路2（锦江花园）停车场,柯桥区,21,6,2021-07-06 22:24:09.633
P3120000037,港越路5（温州饭滩）停车场,柯桥区,22,8,2021-07-06 22:24:09.633
P3120000039,笛扬路1（世纪联华）停车场,柯桥区,31,25,2021-07-06 22:24:09.633
P3120000040,笛扬路2（广厦公寓）停车场,柯桥区,37,29,2021-07-06 22:24:09.633
P3120000041,笛扬路3（樱花电器）停车场,柯桥区,18,15,2021-07-06 22:24:09.633
P3120000042,笛扬路4（工商银行）停车场,柯桥区,23,19,2021-07-06 22:24:09.633
P3120000045,笛扬路7（福年大厦）停车场,柯桥区,22,9,2021-07-06 22:24:09.633
P3120000061,港越路2(精工2)停车场,柯桥区,21,11,2021-07-06 22:24:09.633
P3120000062,港越路1(步行街3)停车场,柯桥区,16,6,2021-07-06 22:24:09.633
P3120000016,温渎路2停车场,柯桥区,15,7,2021-07-06 22:34:10.773
P3120000018,黄社溇路1停车场,柯桥区,16,7,2021-07-06 22:34:10.773
P3120000025,金杨路1（中医院）停车场,柯桥区,28,9,2021-07-06 22:34:10.773
P3120000028,鉴湖路1（锦江花园）停车场,柯桥区,29,9,2021-07-06 22:34:10.773
P3120000036,港越路4（肯德基）停车场,柯桥区,21,10,2021-07-06 22:34:10.773
P3120000037,港越路5（温州饭滩）停车场,柯桥区,22,9,2021-07-06 22:34:10.773
P3120000038,港越路6停车场,柯桥区,16,8,2021-07-06 22:34:10.773
P3120000040,笛扬路2（广厦公寓）停车场,柯桥区,37,30,2021-07-06 22:34:10.773
P3120000061,港越路2(精工2)停车场,柯桥区,21,10,2021-07-06 22:34:10.773
P3120000064,港越路1(步行街2)停车场,柯桥区,26,10,2021-07-06 22:34:10.773
P3120000065,温渎路3停车场,柯桥区,11,4,2021-07-06 22:34:10.773
P3120000014,人和路停车场,柯桥区,19,8,2021-07-06 22:44:07.71
P3120000016,温渎路2停车场,柯桥区,15,8,2021-07-06 22:44:07.71
P3120000018,黄社溇路1停车场,柯桥区,16,9,2021-07-06 22:44:07.71
P3120000019,黄社溇路2停车场,柯桥区,18,10,2021-07-06 22:44:07.71
P3120000025,金杨路1（中医院）停车场,柯桥区,28,8,2021-07-06 22:44:07.71
P3120000028,鉴湖路1（锦江花园）停车场,柯桥区,29,10,2021-07-06 22:44:07.71
P3120000029,鉴湖路2（锦江花园）停车场,柯桥区,21,5,2021-07-06 22:44:07.71
P3120000036,港越路4（肯德基）停车场,柯桥区,21,8,2021-07-06 22:44:07.71
P3120000037,港越路5（温州饭滩）停车场,柯桥区,22,6,2021-07-06 22:44:07.71
P3120000061,港越路2(精工2)停车场,柯桥区,21,8,2021-07-06 22:44:07.71
P3120000062,港越路1(步行街3)停车场,柯桥区,16,7,2021-07-06 22:44:07.71
P3120000064,港越路1(步行街2)停车场,柯桥区,26,12,2021-07-06 22:44:07.71
P3120000014,人和路停车场,柯桥区,19,7,2021-07-06 22:54:09.127
P3120000016,温渎路2停车场,柯桥区,15,9,2021-07-06 22:54:09.127
P3120000017,万家巷停车场,柯桥区,40,23,2021-07-06 22:54:09.127
P3120000019,黄社溇路2停车场,柯桥区,18,11,2021-07-06 22:54:09.127
P3120000025,金杨路1（中医院）停车场,柯桥区,28,10,2021-07-06 22:54:09.127
P3120000027,金杨路3停车场,柯桥区,28,7,2021-07-06 22:54:09.127
P3120000028,鉴湖路1（锦江花园）停车场,柯桥区,29,9,2021-07-06 22:54:09.127
P3120000029,鉴湖路2（锦江花园）停车场,柯桥区,21,4,2021-07-06 22:54:09.127
P3120000032,鉴湖路5（四大银行）停车场,柯桥区,16,7,2021-07-06 22:54:09.127
P3120000034,港越路2（精工）停车场,柯桥区,12,6,2021-07-06 22:54:09.127
P3120000036,港越路4（肯德基）停车场,柯桥区,21,10,2021-07-06 22:54:09.127
P3120000037,港越路5（温州饭滩）停车场,柯桥区,22,4,2021-07-06 22:54:09.127
P3120000038,港越路6停车场,柯桥区,16,9,2021-07-06 22:54:09.127
P3120000042,笛扬路4（工商银行）停车场,柯桥区,23,20,2021-07-06 22:54:09.127
P3120000045,笛扬路7（福年大厦）停车场,柯桥区,22,8,2021-07-06 22:54:09.127
P3120000061,港越路2(精工2)停车场,柯桥区,21,9,2021-07-06 22:54:09.127
P3120000062,港越路1(步行街3)停车场,柯桥区,16,8,2021-07-06 22:54:09.127
P3120000064,港越路1(步行街2)停车场,柯桥区,26,11,2021-07-06 22:54:09.127
P3120000015,温渎路1停车场,柯桥区,21,14,2021-07-06 23:04:09.07
P3120000016,温渎路2停车场,柯桥区,15,8,2021-07-06 23:04:09.07
P3120000018,黄社溇路1停车场,柯桥区,16,8,2021-07-06 23:04:09.07
P3120000025,金杨路1（中医院）停车场,柯桥区,28,11,2021-07-06 23:04:09.07
P3120000027,金杨路3停车场,柯桥区,28,5,2021-07-06 23:04:09.07
P3120000028,鉴湖路1（锦江花园）停车场,柯桥区,29,7,2021-07-06 23:04:09.07
P3120000032,鉴湖路5（四大银行）停车场,柯桥区,16,8,2021-07-06 23:04:09.07
P3120000036,港越路4（肯德基）停车场,柯桥区,21,7,2021-07-06 23:04:09.07
P3120000037,港越路5（温州饭滩）停车场,柯桥区,22,5,2021-07-06 23:04:09.07
P3120000041,笛扬路3（樱花电器）停车场,柯桥区,18,16,2021-07-06 23:04:09.07
P3120000042,笛扬路4（工商银行）停车场,柯桥区,23,17,2021-07-06 23:04:09.07
P3120000045,笛扬路7（福年大厦）停车场,柯桥区,22,7,2021-07-06 23:04:09.07
P3120000061,港越路2(精工2)停车场,柯桥区,21,8,2021-07-06 23:04:09.07
P3120000062,港越路1(步行街3)停车场,柯桥区,16,10,2021-07-06 23:04:09.07
P3120000064,港越路1(步行街2)停车场,柯桥区,26,10,2021-07-06 23:04:09.07
P3120000014,人和路停车场,柯桥区,19,8,2021-07-06 23:14:07.77
P3120000015,温渎路1停车场,柯桥区,21,13,2021-07-06 23:14:07.77
P3120000016,温渎路2停车场,柯桥区,15,9,2021-07-06 23:14:07.77
P3120000017,万家巷停车场,柯桥区,40,24,2021-07-06 23:14:07.77
P3120000018,黄社溇路1停车场,柯桥区,16,11,2021-07-06 23:14:07.77
P3120000019,黄社溇路2停车场,柯桥区,18,12,2021-07-06 23:14:07.77
P3120000025,金杨路1（中医院）停车场,柯桥区,28,12,2021-07-06 23:14:07.77
P3120000027,金杨路3停车场,柯桥区,28,6,2021-07-06 23:14:07.77
P3120000028,鉴湖路1（锦江花园）停车场,柯桥区,29,10,2021-07-06 23:14:07.77
P3120000029,鉴湖路2（锦江花园）停车场,柯桥区,21,6,2021-07-06 23:14:07.77
P3120000032,鉴湖路5（四大银行）停车场,柯桥区,16,7,2021-07-06 23:14:07.77
P3120000034,港越路2（精工）停车场,柯桥区,12,8,2021-07-06 23:14:07.77
P3120000036,港越路4（肯德基）停车场,柯桥区,21,9,2021-07-06 23:14:07.77
P3120000037,港越路5（温州饭滩）停车场,柯桥区,22,2,2021-07-06 23:14:07.77
P3120000040,笛扬路2（广厦公寓）停车场,柯桥区,37,31,2021-07-06 23:14:07.77
P3120000064,港越路1(步行街2)停车场,柯桥区,26,11,2021-07-06 23:14:07.77
P3120000068,港越路3（精工）停车场,柯桥区,23,13,2021-07-06 23:14:07.77
P3120000015,温渎路1停车场,柯桥区,21,14,2021-07-06 23:24:08.517
P3120000016,温渎路2停车场,柯桥区,15,8,2021-07-06 23:24:08.517
P3120000019,黄社溇路2停车场,柯桥区,18,14,2021-07-06 23:24:08.517
P3120000029,鉴湖路2（锦江花园）停车场,柯桥区,21,8,2021-07-06 23:24:08.517
P3120000033,港越路1(步行街1)停车场,柯桥区,14,8,2021-07-06 23:24:08.517
P3120000034,港越路2（精工）停车场,柯桥区,12,9,2021-07-06 23:24:08.517
P3120000037,港越路5（温州饭滩）停车场,柯桥区,22,3,2021-07-06 23:24:08.517
P3120000042,笛扬路4（工商银行）停车场,柯桥区,23,18,2021-07-06 23:24:08.517
P3120000045,笛扬路7（福年大厦）停车场,柯桥区,22,4,2021-07-06 23:24:08.517
P3120000061,港越路2(精工2)停车场,柯桥区,21,7,2021-07-06 23:24:08.517
P3120000062,港越路1(步行街3)停车场,柯桥区,16,8,2021-07-06 23:24:08.517
P3120000064,港越路1(步行街2)停车场,柯桥区,26,10,2021-07-06 23:24:08.517
P3120000065,温渎路3停车场,柯桥区,11,3,2021-07-06 23:24:08.517
P3120000068,港越路3（精工）停车场,柯桥区,23,14,2021-07-06 23:24:08.517
P3120000014,人和路停车场,柯桥区,19,7,2021-07-06 23:34:10.05
P3120000016,温渎路2停车场,柯桥区,15,7,2021-07-06 23:34:10.05
P3120000017,万家巷停车场,柯桥区,40,25,2021-07-06 23:34:10.05
P3120000018,黄社溇路1停车场,柯桥区,16,10,2021-07-06 23:34:10.05
P3120000019,黄社溇路2停车场,柯桥区,18,13,2021-07-06 23:34:10.05
P3120000027,金杨路3停车场,柯桥区,28,5,2021-07-06 23:34:10.05
P3120000028,鉴湖路1（锦江花园）停车场,柯桥区,29,9,2021-07-06 23:34:10.05
P3120000029,鉴湖路2（锦江花园）停车场,柯桥区,21,10,2021-07-06 23:34:10.05
P3120000033,港越路1(步行街1)停车场,柯桥区,14,7,2021-07-06 23:34:10.05
P3120000036,港越路4（肯德基）停车场,柯桥区,21,10,2021-07-06 23:34:10.05
P3120000037,港越路5（温州饭滩）停车场,柯桥区,22,4,2021-07-06 23:34:10.05
P3120000038,港越路6停车场,柯桥区,16,10,2021-07-06 23:34:10.05
P3120000061,港越路2(精工2)停车场,柯桥区,21,8,2021-07-06 23:34:10.05
P3120000065,温渎路3停车场,柯桥区,11,4,2021-07-06 23:34:10.05
P3120000068,港越路3（精工）停车场,柯桥区,23,15,2021-07-06 23:34:10.05
P3120000015,温渎路1停车场,柯桥区,21,13,2021-07-06 23:44:07.633
P3120000017,万家巷停车场,柯桥区,40,26,2021-07-06 23:44:07.633
P3120000018,黄社溇路1停车场,柯桥区,16,11,2021-07-06 23:44:07.633
P3120000025,金杨路1（中医院）停车场,柯桥区,28,11,2021-07-06 23:44:07.633
P3120000032,鉴湖路5（四大银行）停车场,柯桥区,16,6,2021-07-06 23:44:07.633
P3120000040,笛扬路2（广厦公寓）停车场,柯桥区,37,33,2021-07-06 23:44:07.633
P3120000042,笛扬路4（工商银行）停车场,柯桥区,23,21,2021-07-06 23:44:07.633
P3120000045,笛扬路7（福年大厦）停车场,柯桥区,22,3,2021-07-06 23:44:07.633
P3120000064,港越路1(步行街2)停车场,柯桥区,26,12,2021-07-06 23:44:07.633
P3120000015,温渎路1停车场,柯桥区,21,14,2021-07-06 23:54:10.877
P3120000017,万家巷停车场,柯桥区,40,27,2021-07-06 23:54:10.877
P3120000025,金杨路1（中医院）停车场,柯桥区,28,12,2021-07-06 23:54:10.877
P3120000029,鉴湖路2（锦江花园）停车场,柯桥区,21,11,2021-07-06 23:54:10.877
P3120000036,港越路4（肯德基）停车场,柯桥区,21,9,2021-07-06 23:54:10.877
P3120000037,港越路5（温州饭滩）停车场,柯桥区,22,5,2021-07-06 23:54:10.877
P3120000062,港越路1(步行街3)停车场,柯桥区,16,9,2021-07-06 23:54:10.877
P3120000014,人和路停车场,柯桥区,19,6,2021-07-07 00:04:10.847
P3120000015,温渎路1停车场,柯桥区,21,13,2021-07-07 00:04:10.847
P3120000016,温渎路2停车场,柯桥区,15,6,2021-07-07 00:04:10.847
P3120000017,万家巷停车场,柯桥区,40,29,2021-07-07 00:04:10.847
P3120000019,黄社溇路2停车场,柯桥区,18,14,2021-07-07 00:04:10.847
P3120000025,金杨路1（中医院）停车场,柯桥区,28,11,2021-07-07 00:04:10.847
P3120000033,港越路1(步行街1)停车场,柯桥区,14,6,2021-07-07 00:04:10.847
P3120000036,港越路4（肯德基）停车场,柯桥区,21,12,2021-07-07 00:04:10.847
P3120000014,人和路停车场,柯桥区,19,5,2021-07-07 00:14:09.393
P3120000016,温渎路2停车场,柯桥区,15,7,2021-07-07 00:14:09.393
P3120000019,黄社溇路2停车场,柯桥区,18,15,2021-07-07 00:14:09.393
P3120000025,金杨路1（中医院）停车场,柯桥区,28,10,2021-07-07 00:14:09.393
P3120000028,鉴湖路1（锦江花园）停车场,柯桥区,29,10,2021-07-07 00:14:09.393
P3120000030,鉴湖路3停车场,柯桥区,12,9,2021-07-07 00:14:09.393
P3120000036,港越路4（肯德基）停车场,柯桥区,21,13,2021-07-07 00:14:09.393
P3120000065,温渎路3停车场,柯桥区,11,3,2021-07-07 00:14:09.393
P3120000068,港越路3（精工）停车场,柯桥区,23,16,2021-07-07 00:14:09.393
P3120000015,温渎路1停车场,柯桥区,21,15,2021-07-07 00:24:08.46
P3120000016,温渎路2停车场,柯桥区,15,8,2021-07-07 00:24:08.46
P3120000018,黄社溇路1停车场,柯桥区,16,10,2021-07-07 00:24:08.46
P3120000019,黄社溇路2停车场,柯桥区,18,14,2021-07-07 00:24:08.46
P3120000028,鉴湖路1（锦江花园）停车场,柯桥区,29,8,2021-07-07 00:24:08.46
P3120000032,鉴湖路5（四大银行）停车场,柯桥区,16,5,2021-07-07 00:24:08.46
P3120000036,港越路4（肯德基）停车场,柯桥区,21,12,2021-07-07 00:24:08.46
P3120000037,港越路5（温州饭滩）停车场,柯桥区,22,4,2021-07-07 00:24:08.46
P3120000061,港越路2(精工2)停车场,柯桥区,21,7,2021-07-07 00:24:08.46
P3120000064,港越路1(步行街2)停车场,柯桥区,26,13,2021-07-07 00:24:08.46
P3120000065,温渎路3停车场,柯桥区,11,4,2021-07-07 00:24:08.46
P3120000015,温渎路1停车场,柯桥区,21,16,2021-07-07 00:34:10.15
P3120000018,黄社溇路1停车场,柯桥区,16,11,2021-07-07 00:34:10.15
P3120000019,黄社溇路2停车场,柯桥区,18,13,2021-07-07 00:34:10.15
P3120000025,金杨路1（中医院）停车场,柯桥区,28,12,2021-07-07 00:34:10.15
P3120000036,港越路4（肯德基）停车场,柯桥区,21,11,2021-07-07 00:34:10.15
P3120000037,港越路5（温州饭滩）停车场,柯桥区,22,5,2021-07-07 00:34:10.15
P3120000016,温渎路2停车场,柯桥区,15,7,2021-07-07 00:44:10.96
P3120000018,黄社溇路1停车场,柯桥区,16,12,2021-07-07 00:44:10.96
P3120000027,金杨路3停车场,柯桥区,28,7,2021-07-07 00:44:10.96
P3120000029,鉴湖路2（锦江花园）停车场,柯桥区,21,12,2021-07-07 00:44:10.96
P3120000034,港越路2（精工）停车场,柯桥区,12,8,2021-07-07 00:44:10.96
P3120000036,港越路4（肯德基）停车场,柯桥区,21,12,2021-07-07 00:44:10.96
P3120000038,港越路6停车场,柯桥区,16,9,2021-07-07 00:44:10.96
P3120000062,港越路1(步行街3)停车场,柯桥区,16,7,2021-07-07 00:44:10.96
P3120000064,港越路1(步行街2)停车场,柯桥区,26,12,2021-07-07 00:44:10.96
P3120000017,万家巷停车场,柯桥区,40,25,2021-07-07 00:54:10.47
P3120000018,黄社溇路1停车场,柯桥区,16,11,2021-07-07 00:54:10.47
P3120000025,金杨路1（中医院）停车场,柯桥区,28,11,2021-07-07 00:54:10.47
P3120000028,鉴湖路1（锦江花园）停车场,柯桥区,29,7,2021-07-07 00:54:10.47
P3120000032,鉴湖路5（四大银行）停车场,柯桥区,16,4,2021-07-07 00:54:10.47
P3120000036,港越路4（肯德基）停车场,柯桥区,21,13,2021-07-07 00:54:10.47
P3120000041,笛扬路3（樱花电器）停车场,柯桥区,18,17,2021-07-07 00:54:10.47
P3120000062,港越路1(步行街3)停车场,柯桥区,16,8,2021-07-07 00:54:10.47
P3120000064,港越路1(步行街2)停车场,柯桥区,26,13,2021-07-07 00:54:10.47
P3120000014,人和路停车场,柯桥区,19,6,2021-07-07 01:04:10.953
P3120000016,温渎路2停车场,柯桥区,15,8,2021-07-07 01:04:10.953
P3120000017,万家巷停车场,柯桥区,40,28,2021-07-07 01:04:10.953
P3120000027,金杨路3停车场,柯桥区,28,6,2021-07-07 01:04:10.953
P3120000032,鉴湖路5（四大银行）停车场,柯桥区,16,5,2021-07-07 01:04:10.953
P3120000040,笛扬路2（广厦公寓）停车场,柯桥区,37,34,2021-07-07 01:04:10.953
P3120000064,港越路1(步行街2)停车场,柯桥区,26,12,2021-07-07 01:04:10.953
P3120000065,温渎路3停车场,柯桥区,11,5,2021-07-07 01:04:10.953
P3120000068,港越路3（精工）停车场,柯桥区,23,17,2021-07-07 01:04:10.953
P3120000016,温渎路2停车场,柯桥区,15,10,2021-07-07 01:14:09.803
P3120000025,金杨路1（中医院）停车场,柯桥区,28,10,2021-07-07 01:14:09.803
P3120000029,鉴湖路2（锦江花园）停车场,柯桥区,21,11,2021-07-07 01:14:09.803
P3120000032,鉴湖路5（四大银行）停车场,柯桥区,16,6,2021-07-07 01:14:09.803
P3120000037,港越路5（温州饭滩）停车场,柯桥区,22,6,2021-07-07 01:14:09.803
P3120000040,笛扬路2（广厦公寓）停车场,柯桥区,37,36,2021-07-07 01:14:09.803
P3120000016,温渎路2停车场,柯桥区,15,11,2021-07-07 01:24:09.713
P3120000018,黄社溇路1停车场,柯桥区,16,10,2021-07-07 01:24:09.713
P3120000025,金杨路1（中医院）停车场,柯桥区,28,11,2021-07-07 01:24:09.713
P3120000029,鉴湖路2（锦江花园）停车场,柯桥区,21,10,2021-07-07 01:24:09.713
P3120000037,港越路5（温州饭滩）停车场,柯桥区,22,8,2021-07-07 01:24:09.713
P3120000016,温渎路2停车场,柯桥区,15,12,2021-07-07 01:34:11.183
P3120000018,黄社溇路1停车场,柯桥区,16,11,2021-07-07 01:34:11.183
P3120000027,金杨路3停车场,柯桥区,28,7,2021-07-07 01:34:11.183
P3120000037,港越路5（温州饭滩）停车场,柯桥区,22,7,2021-07-07 01:34:11.183
P3120000061,港越路2(精工2)停车场,柯桥区,21,8,2021-07-07 01:34:11.183
P3120000014,人和路停车场,柯桥区,19,7,2021-07-07 01:44:08.62
P3120000029,鉴湖路2（锦江花园）停车场,柯桥区,21,11,2021-07-07 01:44:08.62
P3120000037,港越路5（温州饭滩）停车场,柯桥区,22,6,2021-07-07 01:44:08.62
P3120000061,港越路2(精工2)停车场,柯桥区,21,7,2021-07-07 01:44:08.62
P3120000017,万家巷停车场,柯桥区,40,27,2021-07-07 01:54:09.46
P3120000029,鉴湖路2（锦江花园）停车场,柯桥区,21,9,2021-07-07 01:54:09.46
P3120000032,鉴湖路5（四大银行）停车场,柯桥区,16,5,2021-07-07 01:54:09.46
P3120000036,港越路4（肯德基）停车场,柯桥区,21,12,2021-07-07 01:54:09.46
P3120000061,港越路2(精工2)停车场,柯桥区,21,8,2021-07-07 01:54:09.46
P3120000065,温渎路3停车场,柯桥区,11,4,2021-07-07 01:54:09.46
P3120000018,黄社溇路1停车场,柯桥区,16,9,2021-07-07 02:04:08.237
P3120000029,鉴湖路2（锦江花园）停车场,柯桥区,21,10,2021-07-07 02:04:08.237
P3120000032,鉴湖路5（四大银行）停车场,柯桥区,16,6,2021-07-07 02:04:08.237
P3120000034,港越路2（精工）停车场,柯桥区,12,9,2021-07-07 02:04:08.237
P3120000036,港越路4（肯德基）停车场,柯桥区,21,13,2021-07-07 02:04:08.237
P3120000037,港越路5（温州饭滩）停车场,柯桥区,22,7,2021-07-07 02:04:08.237
P3120000038,港越路6停车场,柯桥区,16,8,2021-07-07 02:04:08.237
P3120000042,笛扬路4（工商银行）停车场,柯桥区,23,20,2021-07-07 02:04:08.237
P3120000062,港越路1(步行街3)停车场,柯桥区,16,7,2021-07-07 02:04:08.237
P3120000064,港越路1(步行街2)停车场,柯桥区,26,13,2021-07-07 02:04:08.237
P3120000018,黄社溇路1停车场,柯桥区,16,10,2021-07-07 02:14:08.713
P3120000027,金杨路3停车场,柯桥区,28,6,2021-07-07 02:14:08.713
P3120000029,鉴湖路2（锦江花园）停车场,柯桥区,21,9,2021-07-07 02:14:08.713
P3120000030,鉴湖路3停车场,柯桥区,12,8,2021-07-07 02:14:08.713
P3120000064,港越路1(步行街2)停车场,柯桥区,26,12,2021-07-07 02:14:08.713
P3120000027,金杨路3停车场,柯桥区,28,5,2021-07-07 02:24:11.093
P3120000029,鉴湖路2（锦江花园）停车场,柯桥区,21,8,2021-07-07 02:24:11.093
P3120000036,港越路4（肯德基）停车场,柯桥区,21,14,2021-07-07 02:24:11.093
P3120000018,黄社溇路1停车场,柯桥区,16,12,2021-07-07 02:34:09.393
P3120000019,黄社溇路2停车场,柯桥区,18,12,2021-07-07 02:34:09.393
P3120000064,港越路1(步行街2)停车场,柯桥区,26,11,2021-07-07 02:34:09.393
P3120000018,黄社溇路1停车场,柯桥区,16,13,2021-07-07 02:44:10.9
P3120000019,黄社溇路2停车场,柯桥区,18,13,2021-07-07 02:44:10.9
P3120000027,金杨路3停车场,柯桥区,28,6,2021-07-07 02:44:10.9
P3120000029,鉴湖路2（锦江花园）停车场,柯桥区,21,9,2021-07-07 02:44:10.9
P3120000037,港越路5（温州饭滩）停车场,柯桥区,22,6,2021-07-07 02:44:10.9
P3120000015,温渎路1停车场,柯桥区,21,17,2021-07-07 02:54:09.927
P3120000033,港越路1(步行街1)停车场,柯桥区,14,5,2021-07-07 02:54:09.927
P3120000036,港越路4（肯德基）停车场,柯桥区,21,15,2021-07-07 02:54:09.927
P3120000065,温渎路3停车场,柯桥区,11,5,2021-07-07 02:54:09.927
P3120000029,鉴湖路2（锦江花园）停车场,柯桥区,21,8,2021-07-07 03:04:08.617
P3120000036,港越路4（肯德基）停车场,柯桥区,21,14,2021-07-07 03:04:08.617
P3120000041,笛扬路3（樱花电器）停车场,柯桥区,18,16,2021-07-07 03:04:08.617
P3120000064,港越路1(步行街2)停车场,柯桥区,26,10,2021-07-07 03:04:08.617
P3120000027,金杨路3停车场,柯桥区,28,5,2021-07-07 03:14:11.147
P3120000036,港越路4（肯德基）停车场,柯桥区,21,15,2021-07-07 03:14:11.147
P3120000040,笛扬路2（广厦公寓）停车场,柯桥区,37,35,2021-07-07 03:14:11.147
P3120000017,万家巷停车场,柯桥区,40,26,2021-07-07 03:24:09.0
P3120000028,鉴湖路1（锦江花园）停车场,柯桥区,29,8,2021-07-07 03:24:09.0
P3120000014,人和路停车场,柯桥区,19,6,2021-07-07 03:34:11.003
P3120000017,万家巷停车场,柯桥区,40,27,2021-07-07 03:34:11.003
P3120000019,黄社溇路2停车场,柯桥区,18,14,2021-07-07 03:34:11.003
P3120000028,鉴湖路1（锦江花园）停车场,柯桥区,29,7,2021-07-07 03:34:11.003
P3120000029,鉴湖路2（锦江花园）停车场,柯桥区,21,9,2021-07-07 03:34:11.003
P3120000036,港越路4（肯德基）停车场,柯桥区,21,14,2021-07-07 03:34:11.003
P3120000040,笛扬路2（广厦公寓）停车场,柯桥区,37,36,2021-07-07 03:34:11.003
P3120000015,温渎路1停车场,柯桥区,21,16,2021-07-07 03:44:09.01
P3120000036,港越路4（肯德基）停车场,柯桥区,21,15,2021-07-07 03:44:09.01
P3120000014,人和路停车场,柯桥区,19,7,2021-07-07 03:54:09.87
P3120000015,温渎路1停车场,柯桥区,21,18,2021-07-07 03:54:09.87
P3120000018,黄社溇路1停车场,柯桥区,16,12,2021-07-07 03:54:09.87
P3120000019,黄社溇路2停车场,柯桥区,18,13,2021-07-07 03:54:09.87
P3120000028,鉴湖路1（锦江花园）停车场,柯桥区,29,8,2021-07-07 03:54:09.87
P3120000029,鉴湖路2（锦江花园）停车场,柯桥区,21,8,2021-07-07 03:54:09.87
P3120000036,港越路4（肯德基）停车场,柯桥区,21,14,2021-07-07 03:54:09.87
P3120000014,人和路停车场,柯桥区,19,6,2021-07-07 04:04:10.243
P3120000029,鉴湖路2（锦江花园）停车场,柯桥区,21,9,2021-07-07 04:04:10.243
P3120000042,笛扬路4（工商银行）停车场,柯桥区,23,19,2021-07-07 04:04:10.243
P3120000019,黄社溇路2停车场,柯桥区,18,14,2021-07-07 04:14:08.653
P3120000036,港越路4（肯德基）停车场,柯桥区,21,13,2021-07-07 04:14:08.653
P3120000041,笛扬路3（樱花电器）停车场,柯桥区,18,15,2021-07-07 04:14:08.653
P3120000042,笛扬路4（工商银行）停车场,柯桥区,23,20,2021-07-07 04:14:08.653
P3120000017,万家巷停车场,柯桥区,40,26,2021-07-07 04:24:10.22
P3120000018,黄社溇路1停车场,柯桥区,16,13,2021-07-07 04:24:10.22
P3120000019,黄社溇路2停车场,柯桥区,18,13,2021-07-07 04:24:10.22
P3120000028,鉴湖路1（锦江花园）停车场,柯桥区,29,9,2021-07-07 04:24:10.22
P3120000036,港越路4（肯德基）停车场,柯桥区,21,14,2021-07-07 04:24:10.22
P3120000016,温渎路2停车场,柯桥区,15,11,2021-07-07 04:34:09.847
P3120000017,万家巷停车场,柯桥区,40,27,2021-07-07 04:34:09.847
P3120000019,黄社溇路2停车场,柯桥区,18,14,2021-07-07 04:34:09.847
P3120000027,金杨路3停车场,柯桥区,28,6,2021-07-07 04:34:09.847
P3120000029,鉴湖路2（锦江花园）停车场,柯桥区,21,6,2021-07-07 04:34:09.847
P3120000027,金杨路3停车场,柯桥区,28,5,2021-07-07 04:44:09.46
P3120000028,鉴湖路1（锦江花园）停车场,柯桥区,29,8,2021-07-07 04:44:09.46
P3120000036,港越路4（肯德基）停车场,柯桥区,21,13,2021-07-07 04:44:09.46
P3120000037,港越路5（温州饭滩）停车场,柯桥区,22,5,2021-07-07 04:44:09.46
P3120000042,笛扬路4（工商银行）停车场,柯桥区,23,19,2021-07-07 04:44:09.46
P3120000061,港越路2(精工2)停车场,柯桥区,21,7,2021-07-07 04:44:09.46
P3120000018,黄社溇路1停车场,柯桥区,16,14,2021-07-07 04:54:09.767
P3120000029,鉴湖路2（锦江花园）停车场,柯桥区,21,7,2021-07-07 04:54:09.767
P3120000030,鉴湖路3停车场,柯桥区,12,9,2021-07-07 04:54:09.767
P3120000036,港越路4（肯德基）停车场,柯桥区,21,12,2021-07-07 04:54:09.767
P3120000037,港越路5（温州饭滩）停车场,柯桥区,22,6,2021-07-07 04:54:09.767
P3120000042,笛扬路4（工商银行）停车场,柯桥区,23,20,2021-07-07 04:54:09.767
P3120000061,港越路2(精工2)停车场,柯桥区,21,9,2021-07-07 04:54:09.767
P3120000029,鉴湖路2（锦江花园）停车场,柯桥区,21,6,2021-07-07 05:04:11.423
P3120000041,笛扬路3（樱花电器）停车场,柯桥区,18,14,2021-07-07 05:04:11.423
P3120000068,港越路3（精工）停车场,柯桥区,23,16,2021-07-07 05:14:11.233
P3120000016,温渎路2停车场,柯桥区,15,10,2021-07-07 05:24:08.513
P3120000036,港越路4（肯德基）停车场,柯桥区,21,14,2021-07-07 05:24:08.513
P3120000039,笛扬路1（世纪联华）停车场,柯桥区,31,23,2021-07-07 05:24:08.513
P3120000041,笛扬路3（樱花电器）停车场,柯桥区,18,13,2021-07-07 05:24:08.513
P3120000042,笛扬路4（工商银行）停车场,柯桥区,23,19,2021-07-07 05:24:08.513
P3120000068,港越路3（精工）停车场,柯桥区,23,17,2021-07-07 05:24:08.513
P3120000028,鉴湖路1（锦江花园）停车场,柯桥区,29,9,2021-07-07 05:34:10.45
P3120000029,鉴湖路2（锦江花园）停车场,柯桥区,21,7,2021-07-07 05:34:10.45
P3120000041,笛扬路3（樱花电器）停车场,柯桥区,18,12,2021-07-07 05:34:10.45
P3120000062,港越路1(步行街3)停车场,柯桥区,16,8,2021-07-07 05:34:10.45
P3120000016,温渎路2停车场,柯桥区,15,11,2021-07-07 05:44:11.6
P3120000018,黄社溇路1停车场,柯桥区,16,13,2021-07-07 05:44:11.6
P3120000037,港越路5（温州饭滩）停车场,柯桥区,22,7,2021-07-07 05:44:11.6
P3120000038,港越路6停车场,柯桥区,16,9,2021-07-07 05:44:11.6
P3120000040,笛扬路2（广厦公寓）停车场,柯桥区,37,35,2021-07-07 05:44:11.6
P3120000041,笛扬路3（樱花电器）停车场,柯桥区,18,13,2021-07-07 05:44:11.6
P3120000064,港越路1(步行街2)停车场,柯桥区,26,11,2021-07-07 05:44:11.6
P3120000028,鉴湖路1（锦江花园）停车场,柯桥区,29,8,2021-07-07 05:54:08.43
P3120000041,笛扬路3（樱花电器）停车场,柯桥区,18,12,2021-07-07 05:54:08.43
P3120000019,黄社溇路2停车场,柯桥区,18,15,2021-07-07 06:04:08.81
P3120000028,鉴湖路1（锦江花园）停车场,柯桥区,29,9,2021-07-07 06:04:08.81
P3120000038,港越路6停车场,柯桥区,16,7,2021-07-07 06:04:08.81
P3120000040,笛扬路2（广厦公寓）停车场,柯桥区,37,36,2021-07-07 06:04:08.81
P3120000068,港越路3（精工）停车场,柯桥区,23,16,2021-07-07 06:04:08.81
P3120000015,温渎路1停车场,柯桥区,21,17,2021-07-07 06:14:12.01
P3120000017,万家巷停车场,柯桥区,40,28,2021-07-07 06:14:12.01
P3120000018,黄社溇路1停车场,柯桥区,16,14,2021-07-07 06:14:12.01
P3120000039,笛扬路1（世纪联华）停车场,柯桥区,31,22,2021-07-07 06:14:12.01
P3120000040,笛扬路2（广厦公寓）停车场,柯桥区,37,35,2021-07-07 06:14:12.01
P3120000045,笛扬路7（福年大厦）停车场,柯桥区,22,4,2021-07-07 06:14:12.01
P3120000068,港越路3（精工）停车场,柯桥区,23,15,2021-07-07 06:14:12.01
P3120000028,鉴湖路1（锦江花园）停车场,柯桥区,29,10,2021-07-07 06:24:11.77
P3120000030,鉴湖路3停车场,柯桥区,12,8,2021-07-07 06:24:11.77
P3120000038,港越路6停车场,柯桥区,16,6,2021-07-07 06:24:11.77
P3120000039,笛扬路1（世纪联华）停车场,柯桥区,31,23,2021-07-07 06:24:11.77
P3120000040,笛扬路2（广厦公寓）停车场,柯桥区,37,34,2021-07-07 06:24:11.77
P3120000061,港越路2(精工2)停车场,柯桥区,21,8,2021-07-07 06:24:11.77
P3120000017,万家巷停车场,柯桥区,40,27,2021-07-07 06:34:11.523
P3120000028,鉴湖路1（锦江花园）停车场,柯桥区,29,11,2021-07-07 06:34:11.523
P3120000032,鉴湖路5（四大银行）停车场,柯桥区,16,7,2021-07-07 06:34:11.523
P3120000040,笛扬路2（广厦公寓）停车场,柯桥区,37,36,2021-07-07 06:34:11.523
P3120000041,笛扬路3（樱花电器）停车场,柯桥区,18,13,2021-07-07 06:34:11.523
P3120000061,港越路2(精工2)停车场,柯桥区,21,9,2021-07-07 06:34:11.523
P3120000068,港越路3（精工）停车场,柯桥区,23,14,2021-07-07 06:34:11.523
P3120000016,温渎路2停车场,柯桥区,15,12,2021-07-07 06:44:11.877
P3120000017,万家巷停车场,柯桥区,40,28,2021-07-07 06:44:11.877
P3120000019,黄社溇路2停车场,柯桥区,18,16,2021-07-07 06:44:11.877
P3120000025,金杨路1（中医院）停车场,柯桥区,28,15,2021-07-07 06:44:11.877
P3120000027,金杨路3停车场,柯桥区,28,6,2021-07-07 06:44:11.877
P3120000034,港越路2（精工）停车场,柯桥区,12,8,2021-07-07 06:44:11.877
P3120000037,港越路5（温州饭滩）停车场,柯桥区,22,6,2021-07-07 06:44:11.877
P3120000038,港越路6停车场,柯桥区,16,5,2021-07-07 06:44:11.877
P3120000039,笛扬路1（世纪联华）停车场,柯桥区,31,26,2021-07-07 06:44:11.877
P3120000040,笛扬路2（广厦公寓）停车场,柯桥区,37,33,2021-07-07 06:44:11.877
P3120000041,笛扬路3（樱花电器）停车场,柯桥区,18,15,2021-07-07 06:44:11.877
P3120000045,笛扬路7（福年大厦）停车场,柯桥区,22,5,2021-07-07 06:44:11.877
P3120000061,港越路2(精工2)停车场,柯桥区,21,11,2021-07-07 06:44:11.877
P3120000065,温渎路3停车场,柯桥区,11,6,2021-07-07 06:44:11.877
P3120000028,鉴湖路1（锦江花园）停车场,柯桥区,29,12,2021-07-07 06:54:08.98
P3120000034,港越路2（精工）停车场,柯桥区,12,7,2021-07-07 06:54:08.98
P3120000038,港越路6停车场,柯桥区,16,6,2021-07-07 06:54:08.98
P3120000039,笛扬路1（世纪联华）停车场,柯桥区,31,25,2021-07-07 06:54:08.98
P3120000040,笛扬路2（广厦公寓）停车场,柯桥区,37,35,2021-07-07 06:54:08.98
P3120000041,笛扬路3（樱花电器）停车场,柯桥区,18,17,2021-07-07 06:54:08.98
P3120000042,笛扬路4（工商银行）停车场,柯桥区,23,18,2021-07-07 06:54:08.98
P3120000061,港越路2(精工2)停车场,柯桥区,21,14,2021-07-07 06:54:08.98
P3120000062,港越路1(步行街3)停车场,柯桥区,16,9,2021-07-07 06:54:08.98
P3120000064,港越路1(步行街2)停车场,柯桥区,26,12,2021-07-07 06:54:08.98
P3120000065,温渎路3停车场,柯桥区,11,7,2021-07-07 06:54:08.98
P3120000068,港越路3（精工）停车场,柯桥区,23,16,2021-07-07 06:54:08.98
P3120000014,人和路停车场,柯桥区,19,7,2021-07-07 07:04:09.257
P3120000015,温渎路1停车场,柯桥区,21,18,2021-07-07 07:04:09.257
P3120000017,万家巷停车场,柯桥区,40,27,2021-07-07 07:04:09.257
P3120000027,金杨路3停车场,柯桥区,28,7,2021-07-07 07:04:09.257
P3120000028,鉴湖路1（锦江花园）停车场,柯桥区,29,13,2021-07-07 07:04:09.257
P3120000029,鉴湖路2（锦江花园）停车场,柯桥区,21,8,2021-07-07 07:04:09.257
P3120000030,鉴湖路3停车场,柯桥区,12,7,2021-07-07 07:04:09.257
P3120000038,港越路6停车场,柯桥区,16,8,2021-07-07 07:04:09.257
P3120000041,笛扬路3（樱花电器）停车场,柯桥区,18,18,2021-07-07 07:04:09.257
P3120000042,笛扬路4（工商银行）停车场,柯桥区,23,21,2021-07-07 07:04:09.257
P3120000065,温渎路3停车场,柯桥区,11,9,2021-07-07 07:04:09.257
P3120000014,人和路停车场,柯桥区,19,4,2021-07-07 07:14:11.497
P3120000015,温渎路1停车场,柯桥区,21,20,2021-07-07 07:14:11.497
P3120000018,黄社溇路1停车场,柯桥区,16,13,2021-07-07 07:14:11.497
P3120000019,黄社溇路2停车场,柯桥区,18,17,2021-07-07 07:14:11.497
P3120000025,金杨路1（中医院）停车场,柯桥区,28,17,2021-07-07 07:14:11.497
P3120000027,金杨路3停车场,柯桥区,28,6,2021-07-07 07:14:11.497
P3120000030,鉴湖路3停车场,柯桥区,12,8,2021-07-07 07:14:11.497
P3120000033,港越路1(步行街1)停车场,柯桥区,14,6,2021-07-07 07:14:11.497
P3120000034,港越路2（精工）停车场,柯桥区,12,8,2021-07-07 07:14:11.497
P3120000036,港越路4（肯德基）停车场,柯桥区,21,12,2021-07-07 07:14:11.497
P3120000037,港越路5（温州饭滩）停车场,柯桥区,22,7,2021-07-07 07:14:11.497
P3120000038,港越路6停车场,柯桥区,16,7,2021-07-07 07:14:11.497
P3120000039,笛扬路1（世纪联华）停车场,柯桥区,31,26,2021-07-07 07:14:11.497
P3120000045,笛扬路7（福年大厦）停车场,柯桥区,22,4,2021-07-07 07:14:11.497
P3120000061,港越路2(精工2)停车场,柯桥区,21,15,2021-07-07 07:14:11.497
P3120000062,港越路1(步行街3)停车场,柯桥区,16,8,2021-07-07 07:14:11.497
P3120000065,温渎路3停车场,柯桥区,11,8,2021-07-07 07:14:11.497
P3120000015,温渎路1停车场,柯桥区,21,19,2021-07-07 07:24:10.367
P3120000016,温渎路2停车场,柯桥区,15,11,2021-07-07 07:24:10.367
P3120000017,万家巷停车场,柯桥区,40,28,2021-07-07 07:24:10.367
P3120000018,黄社溇路1停车场,柯桥区,16,12,2021-07-07 07:24:10.367
P3120000019,黄社溇路2停车场,柯桥区,18,15,2021-07-07 07:24:10.367
P3120000027,金杨路3停车场,柯桥区,28,7,2021-07-07 07:24:10.367
P3120000028,鉴湖路1（锦江花园）停车场,柯桥区,29,16,2021-07-07 07:24:10.367
P3120000029,鉴湖路2（锦江花园）停车场,柯桥区,21,7,2021-07-07 07:24:10.367
P3120000030,鉴湖路3停车场,柯桥区,12,10,2021-07-07 07:24:10.367
P3120000033,港越路1(步行街1)停车场,柯桥区,14,5,2021-07-07 07:24:10.367
P3120000034,港越路2（精工）停车场,柯桥区,12,9,2021-07-07 07:24:10.367
P3120000036,港越路4（肯德基）停车场,柯桥区,21,11,2021-07-07 07:24:10.367
P3120000037,港越路5（温州饭滩）停车场,柯桥区,22,5,2021-07-07 07:24:10.367
P3120000038,港越路6停车场,柯桥区,16,6,2021-07-07 07:24:10.367
P3120000039,笛扬路1（世纪联华）停车场,柯桥区,31,24,2021-07-07 07:24:10.367
P3120000040,笛扬路2（广厦公寓）停车场,柯桥区,37,30,2021-07-07 07:24:10.367
P3120000041,笛扬路3（樱花电器）停车场,柯桥区,18,16,2021-07-07 07:24:10.367
P3120000045,笛扬路7（福年大厦）停车场,柯桥区,22,5,2021-07-07 07:24:10.367
P3120000061,港越路2(精工2)停车场,柯桥区,21,16,2021-07-07 07:24:10.367
P3120000065,温渎路3停车场,柯桥区,11,9,2021-07-07 07:24:10.367
P3120000068,港越路3（精工）停车场,柯桥区,23,18,2021-07-07 07:24:10.367
P3120000015,温渎路1停车场,柯桥区,21,20,2021-07-07 07:34:11.533
P3120000017,万家巷停车场,柯桥区,40,27,2021-07-07 07:34:11.533
P3120000019,黄社溇路2停车场,柯桥区,18,16,2021-07-07 07:34:11.533
P3120000025,金杨路1（中医院）停车场,柯桥区,28,18,2021-07-07 07:34:11.533
P3120000027,金杨路3停车场,柯桥区,28,6,2021-07-07 07:34:11.533
P3120000028,鉴湖路1（锦江花园）停车场,柯桥区,29,14,2021-07-07 07:34:11.533
P3120000033,港越路1(步行街1)停车场,柯桥区,14,4,2021-07-07 07:34:11.533
P3120000038,港越路6停车场,柯桥区,16,8,2021-07-07 07:34:11.533
P3120000039,笛扬路1（世纪联华）停车场,柯桥区,31,27,2021-07-07 07:34:11.533
P3120000040,笛扬路2（广厦公寓）停车场,柯桥区,37,33,2021-07-07 07:34:11.533
P3120000041,笛扬路3（樱花电器）停车场,柯桥区,18,18,2021-07-07 07:34:11.533
P3120000062,港越路1(步行街3)停车场,柯桥区,16,7,2021-07-07 07:34:11.533
P3120000064,港越路1(步行街2)停车场,柯桥区,26,11,2021-07-07 07:34:11.533
P3120000016,温渎路2停车场,柯桥区,15,10,2021-07-07 07:44:09.303
P3120000017,万家巷停车场,柯桥区,40,28,2021-07-07 07:44:09.303
P3120000025,金杨路1（中医院）停车场,柯桥区,28,17,2021-07-07 07:44:09.303
P3120000027,金杨路3停车场,柯桥区,28,7,2021-07-07 07:44:09.303
P3120000029,鉴湖路2（锦江花园）停车场,柯桥区,21,6,2021-07-07 07:44:09.303
P3120000030,鉴湖路3停车场,柯桥区,12,11,2021-07-07 07:44:09.303
P3120000033,港越路1(步行街1)停车场,柯桥区,14,5,2021-07-07 07:44:09.303
P3120000036,港越路4（肯德基）停车场,柯桥区,21,12,2021-07-07 07:44:09.303
P3120000037,港越路5（温州饭滩）停车场,柯桥区,22,6,2021-07-07 07:44:09.303
P3120000039,笛扬路1（世纪联华）停车场,柯桥区,31,24,2021-07-07 07:44:09.303
P3120000040,笛扬路2（广厦公寓）停车场,柯桥区,37,34,2021-07-07 07:44:09.303
P3120000061,港越路2(精工2)停车场,柯桥区,21,15,2021-07-07 07:44:09.303
P3120000064,港越路1(步行街2)停车场,柯桥区,26,12,2021-07-07 07:44:09.303
P3120000014,人和路停车场,柯桥区,19,5,2021-07-07 07:54:08.123
P3120000015,温渎路1停车场,柯桥区,21,19,2021-07-07 07:54:08.123
P3120000017,万家巷停车场,柯桥区,40,29,2021-07-07 07:54:08.123
P3120000019,黄社溇路2停车场,柯桥区,18,11,2021-07-07 07:54:08.123
P3120000025,金杨路1（中医院）停车场,柯桥区,28,19,2021-07-07 07:54:08.123
P3120000028,鉴湖路1（锦江花园）停车场,柯桥区,29,16,2021-07-07 07:54:08.123
P3120000029,鉴湖路2（锦江花园）停车场,柯桥区,21,8,2021-07-07 07:54:08.123
P3120000032,鉴湖路5（四大银行）停车场,柯桥区,16,8,2021-07-07 07:54:08.123
P3120000033,港越路1(步行街1)停车场,柯桥区,14,6,2021-07-07 07:54:08.123
P3120000036,港越路4（肯德基）停车场,柯桥区,21,11,2021-07-07 07:54:08.123
P3120000037,港越路5（温州饭滩）停车场,柯桥区,22,8,2021-07-07 07:54:08.123
P3120000038,港越路6停车场,柯桥区,16,7,2021-07-07 07:54:08.123
P3120000042,笛扬路4（工商银行）停车场,柯桥区,23,22,2021-07-07 07:54:08.123
P3120000061,港越路2(精工2)停车场,柯桥区,21,17,2021-07-07 07:54:08.123
P3120000064,港越路1(步行街2)停车场,柯桥区,26,14,2021-07-07 07:54:08.123
P3120000014,人和路停车场,柯桥区,19,7,2021-07-07 08:04:10.22
P3120000015,温渎路1停车场,柯桥区,21,20,2021-07-07 08:04:10.22
P3120000017,万家巷停车场,柯桥区,40,26,2021-07-07 08:04:10.22
P3120000018,黄社溇路1停车场,柯桥区,16,13,2021-07-07 08:04:10.22
P3120000019,黄社溇路2停车场,柯桥区,18,13,2021-07-07 08:04:10.22
P3120000025,金杨路1（中医院）停车场,柯桥区,28,17,2021-07-07 08:04:10.22
P3120000029,鉴湖路2（锦江花园）停车场,柯桥区,21,10,2021-07-07 08:04:10.22
P3120000036,港越路4（肯德基）停车场,柯桥区,21,14,2021-07-07 08:04:10.22
P3120000037,港越路5（温州饭滩）停车场,柯桥区,22,6,2021-07-07 08:04:10.22
P3120000038,港越路6停车场,柯桥区,16,6,2021-07-07 08:04:10.22
P3120000040,笛扬路2（广厦公寓）停车场,柯桥区,37,31,2021-07-07 08:04:10.22
P3120000064,港越路1(步行街2)停车场,柯桥区,26,15,2021-07-07 08:04:10.22
P3120000014,人和路停车场,柯桥区,19,8,2021-07-07 08:14:09.703
P3120000017,万家巷停车场,柯桥区,40,24,2021-07-07 08:14:09.703
P3120000018,黄社溇路1停车场,柯桥区,16,10,2021-07-07 08:14:09.703
P3120000019,黄社溇路2停车场,柯桥区,18,16,2021-07-07 08:14:09.703
P3120000025,金杨路1（中医院）停车场,柯桥区,28,19,2021-07-07 08:14:09.703
P3120000027,金杨路3停车场,柯桥区,28,5,2021-07-07 08:14:09.703
P3120000028,鉴湖路1（锦江花园）停车场,柯桥区,29,17,2021-07-07 08:14:09.703
P3120000029,鉴湖路2（锦江花园）停车场,柯桥区,21,9,2021-07-07 08:14:09.703
P3120000030,鉴湖路3停车场,柯桥区,12,12,2021-07-07 08:14:09.703
P3120000032,鉴湖路5（四大银行）停车场,柯桥区,16,7,2021-07-07 08:14:09.703
P3120000033,港越路1(步行街1)停车场,柯桥区,14,5,2021-07-07 08:14:09.703
P3120000036,港越路4（肯德基）停车场,柯桥区,21,11,2021-07-07 08:14:09.703
P3120000037,港越路5（温州饭滩）停车场,柯桥区,22,5,2021-07-07 08:14:09.703
P3120000038,港越路6停车场,柯桥区,16,8,2021-07-07 08:14:09.703
P3120000039,笛扬路1（世纪联华）停车场,柯桥区,31,25,2021-07-07 08:14:09.703
P3120000040,笛扬路2（广厦公寓）停车场,柯桥区,37,33,2021-07-07 08:14:09.703
P3120000042,笛扬路4（工商银行）停车场,柯桥区,23,21,2021-07-07 08:14:09.703
P3120000062,港越路1(步行街3)停车场,柯桥区,16,8,2021-07-07 08:14:09.703
P3120000064,港越路1(步行街2)停车场,柯桥区,26,16,2021-07-07 08:14:09.703
P3120000014,人和路停车场,柯桥区,19,9,2021-07-07 08:24:07.457
P3120000015,温渎路1停车场,柯桥区,21,18,2021-07-07 08:24:07.457
P3120000017,万家巷停车场,柯桥区,40,25,2021-07-07 08:24:07.457
P3120000018,黄社溇路1停车场,柯桥区,16,14,2021-07-07 08:24:07.457
P3120000025,金杨路1（中医院）停车场,柯桥区,28,20,2021-07-07 08:24:07.457
P3120000027,金杨路3停车场,柯桥区,28,7,2021-07-07 08:24:07.457
P3120000028,鉴湖路1（锦江花园）停车场,柯桥区,29,15,2021-07-07 08:24:07.457
P3120000029,鉴湖路2（锦江花园）停车场,柯桥区,21,10,2021-07-07 08:24:07.457
P3120000032,鉴湖路5（四大银行）停车场,柯桥区,16,8,2021-07-07 08:24:07.457
P3120000033,港越路1(步行街1)停车场,柯桥区,14,6,2021-07-07 08:24:07.457
P3120000037,港越路5（温州饭滩）停车场,柯桥区,22,6,2021-07-07 08:24:07.457
P3120000039,笛扬路1（世纪联华）停车场,柯桥区,31,24,2021-07-07 08:24:07.457
P3120000042,笛扬路4（工商银行）停车场,柯桥区,23,18,2021-07-07 08:24:07.457
P3120000045,笛扬路7（福年大厦）停车场,柯桥区,22,3,2021-07-07 08:24:07.457
P3120000061,港越路2(精工2)停车场,柯桥区,21,18,2021-07-07 08:24:07.457
P3120000062,港越路1(步行街3)停车场,柯桥区,16,10,2021-07-07 08:24:07.457
P3120000064,港越路1(步行街2)停车场,柯桥区,26,17,2021-07-07 08:24:07.457
P3120000065,温渎路3停车场,柯桥区,11,8,2021-07-07 08:24:07.457
P3120000017,万家巷停车场,柯桥区,40,23,2021-07-07 08:34:07.243
P3120000018,黄社溇路1停车场,柯桥区,16,11,2021-07-07 08:34:07.243
P3120000019,黄社溇路2停车场,柯桥区,18,13,2021-07-07 08:34:07.243
P3120000027,金杨路3停车场,柯桥区,28,6,2021-07-07 08:34:07.243
P3120000028,鉴湖路1（锦江花园）停车场,柯桥区,29,17,2021-07-07 08:34:07.243
P3120000029,鉴湖路2（锦江花园）停车场,柯桥区,21,9,2021-07-07 08:34:07.243
P3120000032,鉴湖路5（四大银行）停车场,柯桥区,16,6,2021-07-07 08:34:07.243
P3120000033,港越路1(步行街1)停车场,柯桥区,14,7,2021-07-07 08:34:07.243
P3120000036,港越路4（肯德基）停车场,柯桥区,21,9,2021-07-07 08:34:07.243
P3120000037,港越路5（温州饭滩）停车场,柯桥区,22,7,2021-07-07 08:34:07.243
P3120000038,港越路6停车场,柯桥区,16,9,2021-07-07 08:34:07.243
P3120000039,笛扬路1（世纪联华）停车场,柯桥区,31,25,2021-07-07 08:34:07.243
P3120000040,笛扬路2（广厦公寓）停车场,柯桥区,37,29,2021-07-07 08:34:07.243
P3120000041,笛扬路3（樱花电器）停车场,柯桥区,18,16,2021-07-07 08:34:07.243
P3120000045,笛扬路7（福年大厦）停车场,柯桥区,22,4,2021-07-07 08:34:07.243
P3120000064,港越路1(步行街2)停车场,柯桥区,26,18,2021-07-07 08:34:07.243
P3120000065,温渎路3停车场,柯桥区,11,9,2021-07-07 08:34:07.243
P3120000068,港越路3（精工）停车场,柯桥区,23,19,2021-07-07 08:34:07.243
P3120000014,人和路停车场,柯桥区,19,10,2021-07-07 08:44:11.71
P3120000016,温渎路2停车场,柯桥区,15,11,2021-07-07 08:44:11.71
P3120000017,万家巷停车场,柯桥区,40,18,2021-07-07 08:44:11.71
P3120000018,黄社溇路1停车场,柯桥区,16,9,2021-07-07 08:44:11.71
P3120000019,黄社溇路2停车场,柯桥区,18,15,2021-07-07 08:44:11.71
P3120000027,金杨路3停车场,柯桥区,28,7,2021-07-07 08:44:11.71
P3120000028,鉴湖路1（锦江花园）停车场,柯桥区,29,15,2021-07-07 08:44:11.71
P3120000029,鉴湖路2（锦江花园）停车场,柯桥区,21,11,2021-07-07 08:44:11.71
P3120000032,鉴湖路5（四大银行）停车场,柯桥区,16,2,2021-07-07 08:44:11.71
P3120000033,港越路1(步行街1)停车场,柯桥区,14,8,2021-07-07 08:44:11.71
P3120000034,港越路2（精工）停车场,柯桥区,12,8,2021-07-07 08:44:11.71
P3120000036,港越路4（肯德基）停车场,柯桥区,21,11,2021-07-07 08:44:11.71
P3120000037,港越路5（温州饭滩）停车场,柯桥区,22,8,2021-07-07 08:44:11.71
P3120000039,笛扬路1（世纪联华）停车场,柯桥区,31,26,2021-07-07 08:44:11.71
P3120000040,笛扬路2（广厦公寓）停车场,柯桥区,37,33,2021-07-07 08:44:11.71
P3120000041,笛扬路3（樱花电器）停车场,柯桥区,18,15,2021-07-07 08:44:11.71
P3120000042,笛扬路4（工商银行）停车场,柯桥区,23,17,2021-07-07 08:44:11.71
P3120000045,笛扬路7（福年大厦）停车场,柯桥区,22,5,2021-07-07 08:44:11.71
P3120000064,港越路1(步行街2)停车场,柯桥区,26,20,2021-07-07 08:44:11.71
P3120000065,温渎路3停车场,柯桥区,11,8,2021-07-07 08:44:11.71
P3120000068,港越路3（精工）停车场,柯桥区,23,16,2021-07-07 08:44:11.71
P3120000017,万家巷停车场,柯桥区,40,19,2021-07-07 08:54:07.793
P3120000019,黄社溇路2停车场,柯桥区,18,14,2021-07-07 08:54:07.793
P3120000028,鉴湖路1（锦江花园）停车场,柯桥区,29,11,2021-07-07 08:54:07.793
P3120000029,鉴湖路2（锦江花园）停车场,柯桥区,21,10,2021-07-07 08:54:07.793
P3120000030,鉴湖路3停车场,柯桥区,12,11,2021-07-07 08:54:07.793
P3120000032,鉴湖路5（四大银行）停车场,柯桥区,16,3,2021-07-07 08:54:07.793
P3120000033,港越路1(步行街1)停车场,柯桥区,14,6,2021-07-07 08:54:07.793
P3120000036,港越路4（肯德基）停车场,柯桥区,21,9,2021-07-07 08:54:07.793
P3120000037,港越路5（温州饭滩）停车场,柯桥区,22,3,2021-07-07 08:54:07.793
P3120000040,笛扬路2（广厦公寓）停车场,柯桥区,37,32,2021-07-07 08:54:07.793
P3120000041,笛扬路3（樱花电器）停车场,柯桥区,18,13,2021-07-07 08:54:07.793
P3120000042,笛扬路4（工商银行）停车场,柯桥区,23,19,2021-07-07 08:54:07.793
P3120000045,笛扬路7（福年大厦）停车场,柯桥区,22,4,2021-07-07 08:54:07.793
P3120000062,港越路1(步行街3)停车场,柯桥区,16,11,2021-07-07 08:54:07.793
P3120000064,港越路1(步行街2)停车场,柯桥区,26,19,2021-07-07 08:54:07.793
P3120000065,温渎路3停车场,柯桥区,11,5,2021-07-07 08:54:07.793
P3120000068,港越路3（精工）停车场,柯桥区,23,14,2021-07-07 08:54:07.793
P3120000014,人和路停车场,柯桥区,19,9,2021-07-07 09:04:08.79
P3120000016,温渎路2停车场,柯桥区,15,10,2021-07-07 09:04:08.79
P3120000017,万家巷停车场,柯桥区,40,14,2021-07-07 09:04:08.79
P3120000018,黄社溇路1停车场,柯桥区,16,10,2021-07-07 09:04:08.79
P3120000019,黄社溇路2停车场,柯桥区,18,13,2021-07-07 09:04:08.79
P3120000025,金杨路1（中医院）停车场,柯桥区,28,19,2021-07-07 09:04:08.79
P3120000027,金杨路3停车场,柯桥区,28,8,2021-07-07 09:04:08.79
P3120000028,鉴湖路1（锦江花园）停车场,柯桥区,29,12,2021-07-07 09:04:08.79
P3120000029,鉴湖路2（锦江花园）停车场,柯桥区,21,8,2021-07-07 09:04:08.79
P3120000030,鉴湖路3停车场,柯桥区,12,10,2021-07-07 09:04:08.79
P3120000032,鉴湖路5（四大银行）停车场,柯桥区,16,4,2021-07-07 09:04:08.79
P3120000036,港越路4（肯德基）停车场,柯桥区,21,6,2021-07-07 09:04:08.79
P3120000037,港越路5（温州饭滩）停车场,柯桥区,22,6,2021-07-07 09:04:08.79
P3120000039,笛扬路1（世纪联华）停车场,柯桥区,31,25,2021-07-07 09:04:08.79
P3120000040,笛扬路2（广厦公寓）停车场,柯桥区,37,33,2021-07-07 09:04:08.79
P3120000041,笛扬路3（樱花电器）停车场,柯桥区,18,14,2021-07-07 09:04:08.79
P3120000042,笛扬路4（工商银行）停车场,柯桥区,23,17,2021-07-07 09:04:08.79
P3120000045,笛扬路7（福年大厦）停车场,柯桥区,22,3,2021-07-07 09:04:08.79
P3120000064,港越路1(步行街2)停车场,柯桥区,26,18,2021-07-07 09:04:08.79
P3120000014,人和路停车场,柯桥区,19,13,2021-07-07 09:14:10.29
P3120000015,温渎路1停车场,柯桥区,21,17,2021-07-07 09:14:10.29
P3120000016,温渎路2停车场,柯桥区,15,12,2021-07-07 09:14:10.29
P3120000018,黄社溇路1停车场,柯桥区,16,7,2021-07-07 09:14:10.29
P3120000019,黄社溇路2停车场,柯桥区,18,14,2021-07-07 09:14:10.29
P3120000025,金杨路1（中医院）停车场,柯桥区,28,20,2021-07-07 09:14:10.29
P3120000027,金杨路3停车场,柯桥区,28,10,2021-07-07 09:14:10.29
P3120000028,鉴湖路1（锦江花园）停车场,柯桥区,29,14,2021-07-07 09:14:10.29
P3120000032,鉴湖路5（四大银行）停车场,柯桥区,16,6,2021-07-07 09:14:10.29
P3120000033,港越路1(步行街1)停车场,柯桥区,14,7,2021-07-07 09:14:10.29
P3120000036,港越路4（肯德基）停车场,柯桥区,21,5,2021-07-07 09:14:10.29
P3120000038,港越路6停车场,柯桥区,16,8,2021-07-07 09:14:10.29
P3120000039,笛扬路1（世纪联华）停车场,柯桥区,31,26,2021-07-07 09:14:10.29
P3120000040,笛扬路2（广厦公寓）停车场,柯桥区,37,31,2021-07-07 09:14:10.29
P3120000042,笛扬路4（工商银行）停车场,柯桥区,23,14,2021-07-07 09:14:10.29
P3120000045,笛扬路7（福年大厦）停车场,柯桥区,22,2,2021-07-07 09:14:10.29
P3120000064,港越路1(步行街2)停车场,柯桥区,26,20,2021-07-07 09:14:10.29
P3120000065,温渎路3停车场,柯桥区,11,7,2021-07-07 09:14:10.29
P3120000068,港越路3（精工）停车场,柯桥区,23,12,2021-07-07 09:14:10.29
P3120000014,人和路停车场,柯桥区,19,14,2021-07-07 09:24:08.31
P3120000016,温渎路2停车场,柯桥区,15,11,2021-07-07 09:24:08.31
P3120000017,万家巷停车场,柯桥区,40,17,2021-07-07 09:24:08.31
P3120000018,黄社溇路1停车场,柯桥区,16,6,2021-07-07 09:24:08.31
P3120000025,金杨路1（中医院）停车场,柯桥区,28,22,2021-07-07 09:24:08.31
P3120000028,鉴湖路1（锦江花园）停车场,柯桥区,29,15,2021-07-07 09:24:08.31
P3120000029,鉴湖路2（锦江花园）停车场,柯桥区,21,9,2021-07-07 09:24:08.31
P3120000030,鉴湖路3停车场,柯桥区,12,8,2021-07-07 09:24:08.31
P3120000032,鉴湖路5（四大银行）停车场,柯桥区,16,5,2021-07-07 09:24:08.31
P3120000036,港越路4（肯德基）停车场,柯桥区,21,7,2021-07-07 09:24:08.31
P3120000037,港越路5（温州饭滩）停车场,柯桥区,22,5,2021-07-07 09:24:08.31
P3120000038,港越路6停车场,柯桥区,16,7,2021-07-07 09:24:08.31
P3120000039,笛扬路1（世纪联华）停车场,柯桥区,31,22,2021-07-07 09:24:08.31
P3120000040,笛扬路2（广厦公寓）停车场,柯桥区,37,30,2021-07-07 09:24:08.31
P3120000041,笛扬路3（樱花电器）停车场,柯桥区,18,17,2021-07-07 09:24:08.31
P3120000042,笛扬路4（工商银行）停车场,柯桥区,23,15,2021-07-07 09:24:08.31
P3120000045,笛扬路7（福年大厦）停车场,柯桥区,22,1,2021-07-07 09:24:08.31
P3120000065,温渎路3停车场,柯桥区,11,4,2021-07-07 09:24:08.31
P3120000017,万家巷停车场,柯桥区,40,16,2021-07-07 09:34:10.433
P3120000018,黄社溇路1停车场,柯桥区,16,9,2021-07-07 09:34:10.433
P3120000028,鉴湖路1（锦江花园）停车场,柯桥区,29,16,2021-07-07 09:34:10.433
P3120000030,鉴湖路3停车场,柯桥区,12,6,2021-07-07 09:34:10.433
P3120000032,鉴湖路5（四大银行）停车场,柯桥区,16,6,2021-07-07 09:34:10.433
P3120000033,港越路1(步行街1)停车场,柯桥区,14,8,2021-07-07 09:34:10.433
P3120000034,港越路2（精工）停车场,柯桥区,12,9,2021-07-07 09:34:10.433
P3120000036,港越路4（肯德基）停车场,柯桥区,21,5,2021-07-07 09:34:10.433
P3120000037,港越路5（温州饭滩）停车场,柯桥区,22,3,2021-07-07 09:34:10.433
P3120000039,笛扬路1（世纪联华）停车场,柯桥区,31,20,2021-07-07 09:34:10.433
P3120000040,笛扬路2（广厦公寓）停车场,柯桥区,37,33,2021-07-07 09:34:10.433
P3120000041,笛扬路3（樱花电器）停车场,柯桥区,18,15,2021-07-07 09:34:10.433
P3120000042,笛扬路4（工商银行）停车场,柯桥区,23,13,2021-07-07 09:34:10.433
P3120000045,笛扬路7（福年大厦）停车场,柯桥区,22,2,2021-07-07 09:34:10.433
P3120000062,港越路1(步行街3)停车场,柯桥区,16,10,2021-07-07 09:34:10.433
P3120000064,港越路1(步行街2)停车场,柯桥区,26,18,2021-07-07 09:34:10.433
P3120000065,温渎路3停车场,柯桥区,11,7,2021-07-07 09:34:10.433
P3120000068,港越路3（精工）停车场,柯桥区,23,8,2021-07-07 09:34:10.433
P3120000014,人和路停车场,柯桥区,19,16,2021-07-07 09:44:12.203
P3120000015,温渎路1停车场,柯桥区,21,12,2021-07-07 09:44:12.203
P3120000018,黄社溇路1停车场,柯桥区,16,12,2021-07-07 09:44:12.203
P3120000027,金杨路3停车场,柯桥区,28,12,2021-07-07 09:44:12.203
P3120000028,鉴湖路1（锦江花园）停车场,柯桥区,29,15,2021-07-07 09:44:12.203
P3120000029,鉴湖路2（锦江花园）停车场,柯桥区,21,12,2021-07-07 09:44:12.203
P3120000030,鉴湖路3停车场,柯桥区,12,5,2021-07-07 09:44:12.203
P3120000032,鉴湖路5（四大银行）停车场,柯桥区,16,2,2021-07-07 09:44:12.203
P3120000033,港越路1(步行街1)停车场,柯桥区,14,7,2021-07-07 09:44:12.203
P3120000034,港越路2（精工）停车场,柯桥区,12,10,2021-07-07 09:44:12.203
P3120000037,港越路5（温州饭滩）停车场,柯桥区,22,1,2021-07-07 09:44:12.203
P3120000038,港越路6停车场,柯桥区,16,8,2021-07-07 09:44:12.203
P3120000040,笛扬路2（广厦公寓）停车场,柯桥区,37,29,2021-07-07 09:44:12.203
P3120000041,笛扬路3（樱花电器）停车场,柯桥区,18,14,2021-07-07 09:44:12.203
P3120000042,笛扬路4（工商银行）停车场,柯桥区,23,14,2021-07-07 09:44:12.203
P3120000061,港越路2(精工2)停车场,柯桥区,21,17,2021-07-07 09:44:12.203
P3120000062,港越路1(步行街3)停车场,柯桥区,16,9,2021-07-07 09:44:12.203
P3120000065,温渎路3停车场,柯桥区,11,8,2021-07-07 09:44:12.203
P3120000068,港越路3（精工）停车场,柯桥区,23,12,2021-07-07 09:44:12.203
P3120000014,人和路停车场,柯桥区,19,15,2021-07-07 09:54:08.12
P3120000015,温渎路1停车场,柯桥区,21,16,2021-07-07 09:54:08.12
P3120000017,万家巷停车场,柯桥区,40,17,2021-07-07 09:54:08.12
P3120000018,黄社溇路1停车场,柯桥区,16,10,2021-07-07 09:54:08.12
P3120000025,金杨路1（中医院）停车场,柯桥区,28,23,2021-07-07 09:54:08.12
P3120000027,金杨路3停车场,柯桥区,28,15,2021-07-07 09:54:08.12
P3120000028,鉴湖路1（锦江花园）停车场,柯桥区,29,17,2021-07-07 09:54:08.12
P3120000030,鉴湖路3停车场,柯桥区,12,3,2021-07-07 09:54:08.12
P3120000032,鉴湖路5（四大银行）停车场,柯桥区,16,5,2021-07-07 09:54:08.12
P3120000033,港越路1(步行街1)停车场,柯桥区,14,6,2021-07-07 09:54:08.12
P3120000036,港越路4（肯德基）停车场,柯桥区,21,3,2021-07-07 09:54:08.12
P3120000037,港越路5（温州饭滩）停车场,柯桥区,22,3,2021-07-07 09:54:08.12
P3120000039,笛扬路1（世纪联华）停车场,柯桥区,31,21,2021-07-07 09:54:08.12
P3120000040,笛扬路2（广厦公寓）停车场,柯桥区,37,28,2021-07-07 09:54:08.12
P3120000041,笛扬路3（樱花电器）停车场,柯桥区,18,15,2021-07-07 09:54:08.12
P3120000045,笛扬路7（福年大厦）停车场,柯桥区,22,1,2021-07-07 09:54:08.12
P3120000061,港越路2(精工2)停车场,柯桥区,21,16,2021-07-07 09:54:08.12
P3120000062,港越路1(步行街3)停车场,柯桥区,16,10,2021-07-07 09:54:08.12
P3120000064,港越路1(步行街2)停车场,柯桥区,26,19,2021-07-07 09:54:08.12
P3120000014,人和路停车场,柯桥区,19,16,2021-07-07 10:04:08.89
P3120000015,温渎路1停车场,柯桥区,21,14,2021-07-07 10:04:08.89
P3120000017,万家巷停车场,柯桥区,40,16,2021-07-07 10:04:08.89
P3120000018,黄社溇路1停车场,柯桥区,16,12,2021-07-07 10:04:08.89
P3120000019,黄社溇路2停车场,柯桥区,18,15,2021-07-07 10:04:08.89
P3120000028,鉴湖路1（锦江花园）停车场,柯桥区,29,20,2021-07-07 10:04:08.89
P3120000030,鉴湖路3停车场,柯桥区,12,4,2021-07-07 10:04:08.89
P3120000032,鉴湖路5（四大银行）停车场,柯桥区,16,6,2021-07-07 10:04:08.89
P3120000033,港越路1(步行街1)停车场,柯桥区,14,5,2021-07-07 10:04:08.89
P3120000034,港越路2（精工）停车场,柯桥区,12,11,2021-07-07 10:04:08.89
P3120000036,港越路4（肯德基）停车场,柯桥区,21,2,2021-07-07 10:04:08.89
P3120000037,港越路5（温州饭滩）停车场,柯桥区,22,1,2021-07-07 10:04:08.89
P3120000038,港越路6停车场,柯桥区,16,9,2021-07-07 10:04:08.89
P3120000039,笛扬路1（世纪联华）停车场,柯桥区,31,20,2021-07-07 10:04:08.89
P3120000040,笛扬路2（广厦公寓）停车场,柯桥区,37,29,2021-07-07 10:04:08.89
P3120000042,笛扬路4（工商银行）停车场,柯桥区,23,17,2021-07-07 10:04:08.89
P3120000045,笛扬路7（福年大厦）停车场,柯桥区,22,2,2021-07-07 10:04:08.89
P3120000061,港越路2(精工2)停车场,柯桥区,21,15,2021-07-07 10:04:08.89
P3120000064,港越路1(步行街2)停车场,柯桥区,26,18,2021-07-07 10:04:08.89
P3120000068,港越路3（精工）停车场,柯桥区,23,8,2021-07-07 10:04:08.89
P3120000014,人和路停车场,柯桥区,19,17,2021-07-07 10:14:12.68
P3120000015,温渎路1停车场,柯桥区,21,16,2021-07-07 10:14:12.68
P3120000016,温渎路2停车场,柯桥区,15,10,2021-07-07 10:14:12.68
P3120000018,黄社溇路1停车场,柯桥区,16,8,2021-07-07 10:14:12.68
P3120000019,黄社溇路2停车场,柯桥区,18,14,2021-07-07 10:14:12.68
P3120000027,金杨路3停车场,柯桥区,28,16,2021-07-07 10:14:12.68
P3120000028,鉴湖路1（锦江花园）停车场,柯桥区,29,21,2021-07-07 10:14:12.68
P3120000029,鉴湖路2（锦江花园）停车场,柯桥区,21,13,2021-07-07 10:14:12.68
P3120000032,鉴湖路5（四大银行）停车场,柯桥区,16,4,2021-07-07 10:14:12.68
P3120000033,港越路1(步行街1)停车场,柯桥区,14,4,2021-07-07 10:14:12.68
P3120000036,港越路4（肯德基）停车场,柯桥区,21,1,2021-07-07 10:14:12.68
P3120000037,港越路5（温州饭滩）停车场,柯桥区,22,7,2021-07-07 10:14:12.68
P3120000038,港越路6停车场,柯桥区,16,8,2021-07-07 10:14:12.68
P3120000039,笛扬路1（世纪联华）停车场,柯桥区,31,18,2021-07-07 10:14:12.68
P3120000041,笛扬路3（樱花电器）停车场,柯桥区,18,16,2021-07-07 10:14:12.68
P3120000045,笛扬路7（福年大厦）停车场,柯桥区,22,3,2021-07-07 10:14:12.68
P3120000061,港越路2(精工2)停车场,柯桥区,21,16,2021-07-07 10:14:12.68
P3120000062,港越路1(步行街3)停车场,柯桥区,16,11,2021-07-07 10:14:12.68
P3120000064,港越路1(步行街2)停车场,柯桥区,26,16,2021-07-07 10:14:12.68
P3120000068,港越路3（精工）停车场,柯桥区,23,10,2021-07-07 10:14:12.68
P3120000016,温渎路2停车场,柯桥区,15,12,2021-07-07 10:24:09.283
P3120000017,万家巷停车场,柯桥区,40,19,2021-07-07 10:24:09.283
P3120000018,黄社溇路1停车场,柯桥区,16,9,2021-07-07 10:24:09.283
P3120000019,黄社溇路2停车场,柯桥区,18,15,2021-07-07 10:24:09.283
P3120000025,金杨路1（中医院）停车场,柯桥区,28,20,2021-07-07 10:24:09.283
P3120000027,金杨路3停车场,柯桥区,28,11,2021-07-07 10:24:09.283
P3120000028,鉴湖路1（锦江花园）停车场,柯桥区,29,20,2021-07-07 10:24:09.283
P3120000029,鉴湖路2（锦江花园）停车场,柯桥区,21,11,2021-07-07 10:24:09.283
P3120000030,鉴湖路3停车场,柯桥区,12,6,2021-07-07 10:24:09.283
P3120000036,港越路4（肯德基）停车场,柯桥区,21,0,2021-07-07 10:24:09.283
P3120000037,港越路5（温州饭滩）停车场,柯桥区,22,5,2021-07-07 10:24:09.283
P3120000038,港越路6停车场,柯桥区,16,10,2021-07-07 10:24:09.283
P3120000039,笛扬路1（世纪联华）停车场,柯桥区,31,22,2021-07-07 10:24:09.283
P3120000040,笛扬路2（广厦公寓）停车场,柯桥区,37,30,2021-07-07 10:24:09.283
P3120000041,笛扬路3（樱花电器）停车场,柯桥区,18,15,2021-07-07 10:24:09.283
P3120000042,笛扬路4（工商银行）停车场,柯桥区,23,20,2021-07-07 10:24:09.283
P3120000045,笛扬路7（福年大厦）停车场,柯桥区,22,2,2021-07-07 10:24:09.283
P3120000061,港越路2(精工2)停车场,柯桥区,21,14,2021-07-07 10:24:09.283
P3120000064,港越路1(步行街2)停车场,柯桥区,26,18,2021-07-07 10:24:09.283
P3120000015,温渎路1停车场,柯桥区,21,17,2021-07-07 10:34:08.32
P3120000016,温渎路2停车场,柯桥区,15,11,2021-07-07 10:34:08.32
P3120000017,万家巷停车场,柯桥区,40,20,2021-07-07 10:34:08.32
P3120000019,黄社溇路2停车场,柯桥区,18,14,2021-07-07 10:34:08.32
P3120000025,金杨路1（中医院）停车场,柯桥区,28,21,2021-07-07 10:34:08.32
P3120000027,金杨路3停车场,柯桥区,28,13,2021-07-07 10:34:08.32
P3120000029,鉴湖路2（锦江花园）停车场,柯桥区,21,13,2021-07-07 10:34:08.32
P3120000030,鉴湖路3停车场,柯桥区,12,5,2021-07-07 10:34:08.32
P3120000036,港越路4（肯德基）停车场,柯桥区,21,1,2021-07-07 10:34:08.32
P3120000037,港越路5（温州饭滩）停车场,柯桥区,22,4,2021-07-07 10:34:08.32
P3120000039,笛扬路1（世纪联华）停车场,柯桥区,31,21,2021-07-07 10:34:08.32
P3120000040,笛扬路2（广厦公寓）停车场,柯桥区,37,28,2021-07-07 10:34:08.32
P3120000042,笛扬路4（工商银行）停车场,柯桥区,23,16,2021-07-07 10:34:08.32
P3120000062,港越路1(步行街3)停车场,柯桥区,16,10,2021-07-07 10:34:08.32
P3120000064,港越路1(步行街2)停车场,柯桥区,26,15,2021-07-07 10:34:08.32
P3120000065,温渎路3停车场,柯桥区,11,6,2021-07-07 10:34:08.32
P3120000068,港越路3（精工）停车场,柯桥区,23,13,2021-07-07 10:34:08.32
P3120000015,温渎路1停车场,柯桥区,21,18,2021-07-07 10:44:09.38
P3120000018,黄社溇路1停车场,柯桥区,16,7,2021-07-07 10:44:09.38
P3120000027,金杨路3停车场,柯桥区,28,9,2021-07-07 10:44:09.38
P3120000028,鉴湖路1（锦江花园）停车场,柯桥区,29,19,2021-07-07 10:44:09.38
P3120000029,鉴湖路2（锦江花园）停车场,柯桥区,21,11,2021-07-07 10:44:09.38
P3120000032,鉴湖路5（四大银行）停车场,柯桥区,16,1,2021-07-07 10:44:09.38
P3120000037,港越路5（温州饭滩）停车场,柯桥区,22,2,2021-07-07 10:44:09.38
P3120000038,港越路6停车场,柯桥区,16,9,2021-07-07 10:44:09.38
P3120000039,笛扬路1（世纪联华）停车场,柯桥区,31,20,2021-07-07 10:44:09.38
P3120000042,笛扬路4（工商银行）停车场,柯桥区,23,17,2021-07-07 10:44:09.38
P3120000062,港越路1(步行街3)停车场,柯桥区,16,11,2021-07-07 10:44:09.38
P3120000065,温渎路3停车场,柯桥区,11,5,2021-07-07 10:44:09.38
P3120000068,港越路3（精工）停车场,柯桥区,23,12,2021-07-07 10:44:09.38
P3120000016,温渎路2停车场,柯桥区,15,10,2021-07-07 10:54:08.757
P3120000017,万家巷停车场,柯桥区,40,23,2021-07-07 10:54:08.757
P3120000018,黄社溇路1停车场,柯桥区,16,3,2021-07-07 10:54:08.757
P3120000028,鉴湖路1（锦江花园）停车场,柯桥区,29,21,2021-07-07 10:54:08.757
P3120000029,鉴湖路2（锦江花园）停车场,柯桥区,21,12,2021-07-07 10:54:08.757
P3120000032,鉴湖路5（四大银行）停车场,柯桥区,16,4,2021-07-07 10:54:08.757
P3120000033,港越路1(步行街1)停车场,柯桥区,14,6,2021-07-07 10:54:08.757
P3120000034,港越路2（精工）停车场,柯桥区,12,10,2021-07-07 10:54:08.757
P3120000037,港越路5（温州饭滩）停车场,柯桥区,22,3,2021-07-07 10:54:08.757
P3120000038,港越路6停车场,柯桥区,16,8,2021-07-07 10:54:08.757
P3120000039,笛扬路1（世纪联华）停车场,柯桥区,31,18,2021-07-07 10:54:08.757
P3120000040,笛扬路2（广厦公寓）停车场,柯桥区,37,25,2021-07-07 10:54:08.757
P3120000041,笛扬路3（樱花电器）停车场,柯桥区,18,16,2021-07-07 10:54:08.757
P3120000062,港越路1(步行街3)停车场,柯桥区,16,12,2021-07-07 10:54:08.757
P3120000065,温渎路3停车场,柯桥区,11,7,2021-07-07 10:54:08.757
P3120000068,港越路3（精工）停车场,柯桥区,23,13,2021-07-07 10:54:08.757
P3120000014,人和路停车场,柯桥区,19,16,2021-07-07 11:04:08.69
P3120000015,温渎路1停车场,柯桥区,21,16,2021-07-07 11:04:08.69
P3120000016,温渎路2停车场,柯桥区,15,9,2021-07-07 11:04:08.69
P3120000017,万家巷停车场,柯桥区,40,22,2021-07-07 11:04:08.69
P3120000018,黄社溇路1停车场,柯桥区,16,4,2021-07-07 11:04:08.69
P3120000019,黄社溇路2停车场,柯桥区,18,15,2021-07-07 11:04:08.69
P3120000025,金杨路1（中医院）停车场,柯桥区,28,22,2021-07-07 11:04:08.69
P3120000027,金杨路3停车场,柯桥区,28,10,2021-07-07 11:04:08.69
P3120000029,鉴湖路2（锦江花园）停车场,柯桥区,21,10,2021-07-07 11:04:08.69
P3120000030,鉴湖路3停车场,柯桥区,12,7,2021-07-07 11:04:08.69
P3120000033,港越路1(步行街1)停车场,柯桥区,14,7,2021-07-07 11:04:08.69
P3120000034,港越路2（精工）停车场,柯桥区,12,9,2021-07-07 11:04:08.69
P3120000037,港越路5（温州饭滩）停车场,柯桥区,22,5,2021-07-07 11:04:08.69
P3120000039,笛扬路1（世纪联华）停车场,柯桥区,31,15,2021-07-07 11:04:08.69
P3120000040,笛扬路2（广厦公寓）停车场,柯桥区,37,28,2021-07-07 11:04:08.69
P3120000042,笛扬路4（工商银行）停车场,柯桥区,23,16,2021-07-07 11:04:08.69
P3120000061,港越路2(精工2)停车场,柯桥区,21,15,2021-07-07 11:04:08.69
P3120000064,港越路1(步行街2)停车场,柯桥区,26,18,2021-07-07 11:04:08.69
P3120000068,港越路3（精工）停车场,柯桥区,23,12,2021-07-07 11:04:08.69
P3120000015,温渎路1停车场,柯桥区,21,17,2021-07-07 11:14:10.37
P3120000017,万家巷停车场,柯桥区,40,23,2021-07-07 11:14:10.37
P3120000018,黄社溇路1停车场,柯桥区,16,2,2021-07-07 11:14:10.37
P3120000019,黄社溇路2停车场,柯桥区,18,13,2021-07-07 11:14:10.37
P3120000025,金杨路1（中医院）停车场,柯桥区,28,21,2021-07-07 11:14:10.37
P3120000027,金杨路3停车场,柯桥区,28,11,2021-07-07 11:14:10.37
P3120000028,鉴湖路1（锦江花园）停车场,柯桥区,29,19,2021-07-07 11:14:10.37
P3120000029,鉴湖路2（锦江花园）停车场,柯桥区,21,11,2021-07-07 11:14:10.37
P3120000030,鉴湖路3停车场,柯桥区,12,6,2021-07-07 11:14:10.37
P3120000032,鉴湖路5（四大银行）停车场,柯桥区,16,6,2021-07-07 11:14:10.37
P3120000034,港越路2（精工）停车场,柯桥区,12,8,2021-07-07 11:14:10.37
P3120000036,港越路4（肯德基）停车场,柯桥区,21,2,2021-07-07 11:14:10.37
P3120000038,港越路6停车场,柯桥区,16,5,2021-07-07 11:14:10.37
P3120000039,笛扬路1（世纪联华）停车场,柯桥区,31,18,2021-07-07 11:14:10.37
P3120000040,笛扬路2（广厦公寓）停车场,柯桥区,37,30,2021-07-07 11:14:10.37
P3120000045,笛扬路7（福年大厦）停车场,柯桥区,22,5,2021-07-07 11:14:10.37
P3120000061,港越路2(精工2)停车场,柯桥区,21,16,2021-07-07 11:14:10.37
P3120000064,港越路1(步行街2)停车场,柯桥区,26,20,2021-07-07 11:14:10.37
P3120000065,温渎路3停车场,柯桥区,11,8,2021-07-07 11:14:10.37
P3120000068,港越路3（精工）停车场,柯桥区,23,11,2021-07-07 11:14:10.37
P3120000014,人和路停车场,柯桥区,19,14,2021-07-07 11:24:10.593
P3120000015,温渎路1停车场,柯桥区,21,18,2021-07-07 11:24:10.593
P3120000017,万家巷停车场,柯桥区,40,22,2021-07-07 11:24:10.593
P3120000018,黄社溇路1停车场,柯桥区,16,1,2021-07-07 11:24:10.593
P3120000019,黄社溇路2停车场,柯桥区,18,11,2021-07-07 11:24:10.593
P3120000025,金杨路1（中医院）停车场,柯桥区,28,20,2021-07-07 11:24:10.593
P3120000028,鉴湖路1（锦江花园）停车场,柯桥区,29,20,2021-07-07 11:24:10.593
P3120000029,鉴湖路2（锦江花园）停车场,柯桥区,21,10,2021-07-07 11:24:10.593
P3120000030,鉴湖路3停车场,柯桥区,12,8,2021-07-07 11:24:10.593
P3120000034,港越路2（精工）停车场,柯桥区,12,9,2021-07-07 11:24:10.593
P3120000036,港越路4（肯德基）停车场,柯桥区,21,3,2021-07-07 11:24:10.593
P3120000037,港越路5（温州饭滩）停车场,柯桥区,22,3,2021-07-07 11:24:10.593
P3120000038,港越路6停车场,柯桥区,16,6,2021-07-07 11:24:10.593
P3120000042,笛扬路4（工商银行）停车场,柯桥区,23,13,2021-07-07 11:24:10.593
P3120000061,港越路2(精工2)停车场,柯桥区,21,15,2021-07-07 11:24:10.593
P3120000064,港越路1(步行街2)停车场,柯桥区,26,17,2021-07-07 11:24:10.593
P3120000065,温渎路3停车场,柯桥区,11,7,2021-07-07 11:24:10.593
P3120000068,港越路3（精工）停车场,柯桥区,23,9,2021-07-07 11:24:10.593
P3120000014,人和路停车场,柯桥区,19,16,2021-07-07 11:34:09.213
P3120000017,万家巷停车场,柯桥区,40,21,2021-07-07 11:34:09.213
P3120000018,黄社溇路1停车场,柯桥区,16,4,2021-07-07 11:34:09.213
P3120000025,金杨路1（中医院）停车场,柯桥区,28,21,2021-07-07 11:34:09.213
P3120000027,金杨路3停车场,柯桥区,28,10,2021-07-07 11:34:09.213
P3120000028,鉴湖路1（锦江花园）停车场,柯桥区,29,18,2021-07-07 11:34:09.213
P3120000029,鉴湖路2（锦江花园）停车场,柯桥区,21,11,2021-07-07 11:34:09.213
P3120000037,港越路5（温州饭滩）停车场,柯桥区,22,2,2021-07-07 11:34:09.213
P3120000038,港越路6停车场,柯桥区,16,7,2021-07-07 11:34:09.213
P3120000039,笛扬路1（世纪联华）停车场,柯桥区,31,17,2021-07-07 11:34:09.213
P3120000040,笛扬路2（广厦公寓）停车场,柯桥区,37,29,2021-07-07 11:34:09.213
P3120000042,笛扬路4（工商银行）停车场,柯桥区,23,12,2021-07-07 11:34:09.213
P3120000062,港越路1(步行街3)停车场,柯桥区,16,10,2021-07-07 11:34:09.213
P3120000064,港越路1(步行街2)停车场,柯桥区,26,16,2021-07-07 11:34:09.213
P3120000065,温渎路3停车场,柯桥区,11,8,2021-07-07 11:34:09.213
P3120000068,港越路3（精工）停车场,柯桥区,23,7,2021-07-07 11:34:09.213
P3120000014,人和路停车场,柯桥区,19,17,2021-07-07 11:44:09.063
P3120000015,温渎路1停车场,柯桥区,21,17,2021-07-07 11:44:09.063
P3120000016,温渎路2停车场,柯桥区,15,10,2021-07-07 11:44:09.063
P3120000017,万家巷停车场,柯桥区,40,24,2021-07-07 11:44:09.063
P3120000018,黄社溇路1停车场,柯桥区,16,2,2021-07-07 11:44:09.063
P3120000019,黄社溇路2停车场,柯桥区,18,10,2021-07-07 11:44:09.063
P3120000025,金杨路1（中医院）停车场,柯桥区,28,20,2021-07-07 11:44:09.063
P3120000027,金杨路3停车场,柯桥区,28,9,2021-07-07 11:44:09.063
P3120000028,鉴湖路1（锦江花园）停车场,柯桥区,29,19,2021-07-07 11:44:09.063
P3120000029,鉴湖路2（锦江花园）停车场,柯桥区,21,10,2021-07-07 11:44:09.063
P3120000030,鉴湖路3停车场,柯桥区,12,10,2021-07-07 11:44:09.063
P3120000032,鉴湖路5（四大银行）停车场,柯桥区,16,4,2021-07-07 11:44:09.063
P3120000033,港越路1(步行街1)停车场,柯桥区,14,8,2021-07-07 11:44:09.063
P3120000034,港越路2（精工）停车场,柯桥区,12,8,2021-07-07 11:44:09.063
P3120000037,港越路5（温州饭滩）停车场,柯桥区,22,1,2021-07-07 11:44:09.063
P3120000038,港越路6停车场,柯桥区,16,6,2021-07-07 11:44:09.063
P3120000039,笛扬路1（世纪联华）停车场,柯桥区,31,18,2021-07-07 11:44:09.063
P3120000040,笛扬路2（广厦公寓）停车场,柯桥区,37,28,2021-07-07 11:44:09.063
P3120000042,笛扬路4（工商银行）停车场,柯桥区,23,13,2021-07-07 11:44:09.063
P3120000061,港越路2(精工2)停车场,柯桥区,21,13,2021-07-07 11:44:09.063
P3120000064,港越路1(步行街2)停车场,柯桥区,26,18,2021-07-07 11:44:09.063
P3120000068,港越路3（精工）停车场,柯桥区,23,5,2021-07-07 11:44:09.063
P3120000015,温渎路1停车场,柯桥区,21,15,2021-07-07 11:54:10.74
P3120000016,温渎路2停车场,柯桥区,15,9,2021-07-07 11:54:10.74
P3120000017,万家巷停车场,柯桥区,40,25,2021-07-07 11:54:10.74
P3120000018,黄社溇路1停车场,柯桥区,16,3,2021-07-07 11:54:10.74
P3120000019,黄社溇路2停车场,柯桥区,18,9,2021-07-07 11:54:10.74
P3120000028,鉴湖路1（锦江花园）停车场,柯桥区,29,17,2021-07-07 11:54:10.74
P3120000029,鉴湖路2（锦江花园）停车场,柯桥区,21,9,2021-07-07 11:54:10.74
P3120000032,鉴湖路5（四大银行）停车场,柯桥区,16,5,2021-07-07 11:54:10.74
P3120000033,港越路1(步行街1)停车场,柯桥区,14,6,2021-07-07 11:54:10.74
P3120000036,港越路4（肯德基）停车场,柯桥区,21,2,2021-07-07 11:54:10.74
P3120000039,笛扬路1（世纪联华）停车场,柯桥区,31,16,2021-07-07 11:54:10.74
P3120000040,笛扬路2（广厦公寓）停车场,柯桥区,37,29,2021-07-07 11:54:10.74
P3120000042,笛扬路4（工商银行）停车场,柯桥区,23,14,2021-07-07 11:54:10.74
P3120000045,笛扬路7（福年大厦）停车场,柯桥区,22,7,2021-07-07 11:54:10.74
P3120000061,港越路2(精工2)停车场,柯桥区,21,14,2021-07-07 11:54:10.74
P3120000062,港越路1(步行街3)停车场,柯桥区,16,9,2021-07-07 11:54:10.74
P3120000064,港越路1(步行街2)停车场,柯桥区,26,17,2021-07-07 11:54:10.74
P3120000065,温渎路3停车场,柯桥区,11,7,2021-07-07 11:54:10.74
P3120000014,人和路停车场,柯桥区,19,16,2021-07-07 12:04:10.103
P3120000015,温渎路1停车场,柯桥区,21,14,2021-07-07 12:04:10.103
P3120000016,温渎路2停车场,柯桥区,15,10,2021-07-07 12:04:10.103
P3120000018,黄社溇路1停车场,柯桥区,16,4,2021-07-07 12:04:10.103
P3120000019,黄社溇路2停车场,柯桥区,18,8,2021-07-07 12:04:10.103
P3120000025,金杨路1（中医院）停车场,柯桥区,28,22,2021-07-07 12:04:10.103
P3120000027,金杨路3停车场,柯桥区,28,10,2021-07-07 12:04:10.103
P3120000028,鉴湖路1（锦江花园）停车场,柯桥区,29,20,2021-07-07 12:04:10.103
P3120000029,鉴湖路2（锦江花园）停车场,柯桥区,21,10,2021-07-07 12:04:10.103
P3120000030,鉴湖路3停车场,柯桥区,12,8,2021-07-07 12:04:10.103
P3120000032,鉴湖路5（四大银行）停车场,柯桥区,16,6,2021-07-07 12:04:10.103
P3120000034,港越路2（精工）停车场,柯桥区,12,10,2021-07-07 12:04:10.103
P3120000036,港越路4（肯德基）停车场,柯桥区,21,1,2021-07-07 12:04:10.103
P3120000037,港越路5（温州饭滩）停车场,柯桥区,22,0,2021-07-07 12:04:10.103
P3120000038,港越路6停车场,柯桥区,16,8,2021-07-07 12:04:10.103
P3120000039,笛扬路1（世纪联华）停车场,柯桥区,31,17,2021-07-07 12:04:10.103
P3120000040,笛扬路2（广厦公寓）停车场,柯桥区,37,28,2021-07-07 12:04:10.103
P3120000041,笛扬路3（樱花电器）停车场,柯桥区,18,17,2021-07-07 12:04:10.103
P3120000042,笛扬路4（工商银行）停车场,柯桥区,23,12,2021-07-07 12:04:10.103
P3120000045,笛扬路7（福年大厦）停车场,柯桥区,22,8,2021-07-07 12:04:10.103
P3120000061,港越路2(精工2)停车场,柯桥区,21,13,2021-07-07 12:04:10.103
P3120000062,港越路1(步行街3)停车场,柯桥区,16,10,2021-07-07 12:04:10.103
P3120000065,温渎路3停车场,柯桥区,11,10,2021-07-07 12:04:10.103
P3120000068,港越路3（精工）停车场,柯桥区,23,7,2021-07-07 12:04:10.103
P3120000017,万家巷停车场,柯桥区,40,26,2021-07-07 12:14:08.867
P3120000018,黄社溇路1停车场,柯桥区,16,9,2021-07-07 12:14:08.867
P3120000025,金杨路1（中医院）停车场,柯桥区,28,23,2021-07-07 12:14:08.867
P3120000027,金杨路3停车场,柯桥区,28,12,2021-07-07 12:14:08.867
P3120000028,鉴湖路1（锦江花园）停车场,柯桥区,29,21,2021-07-07 12:14:08.867
P3120000030,鉴湖路3停车场,柯桥区,12,9,2021-07-07 12:14:08.867
P3120000032,鉴湖路5（四大银行）停车场,柯桥区,16,4,2021-07-07 12:14:08.867
P3120000034,港越路2（精工）停车场,柯桥区,12,7,2021-07-07 12:14:08.867
P3120000036,港越路4（肯德基）停车场,柯桥区,21,2,2021-07-07 12:14:08.867
P3120000037,港越路5（温州饭滩）停车场,柯桥区,22,1,2021-07-07 12:14:08.867
P3120000038,港越路6停车场,柯桥区,16,5,2021-07-07 12:14:08.867
P3120000039,笛扬路1（世纪联华）停车场,柯桥区,31,16,2021-07-07 12:14:08.867
P3120000040,笛扬路2（广厦公寓）停车场,柯桥区,37,30,2021-07-07 12:14:08.867
P3120000042,笛扬路4（工商银行）停车场,柯桥区,23,16,2021-07-07 12:14:08.867
P3120000045,笛扬路7（福年大厦）停车场,柯桥区,22,7,2021-07-07 12:14:08.867
P3120000061,港越路2(精工2)停车场,柯桥区,21,14,2021-07-07 12:14:08.867
P3120000064,港越路1(步行街2)停车场,柯桥区,26,15,2021-07-07 12:14:08.867
P3120000014,人和路停车场,柯桥区,19,18,2021-07-07 12:24:10.593
P3120000015,温渎路1停车场,柯桥区,21,16,2021-07-07 12:24:10.593
P3120000017,万家巷停车场,柯桥区,40,27,2021-07-07 12:24:10.593
P3120000018,黄社溇路1停车场,柯桥区,16,5,2021-07-07 12:24:10.593
P3120000019,黄社溇路2停车场,柯桥区,18,11,2021-07-07 12:24:10.593
P3120000028,鉴湖路1（锦江花园）停车场,柯桥区,29,19,2021-07-07 12:24:10.593
P3120000032,鉴湖路5（四大银行）停车场,柯桥区,16,5,2021-07-07 12:24:10.593
P3120000033,港越路1(步行街1)停车场,柯桥区,14,5,2021-07-07 12:24:10.593
P3120000034,港越路2（精工）停车场,柯桥区,12,8,2021-07-07 12:24:10.593
P3120000036,港越路4（肯德基）停车场,柯桥区,21,1,2021-07-07 12:24:10.593
P3120000037,港越路5（温州饭滩）停车场,柯桥区,22,2,2021-07-07 12:24:10.593
P3120000038,港越路6停车场,柯桥区,16,7,2021-07-07 12:24:10.593
P3120000040,笛扬路2（广厦公寓）停车场,柯桥区,37,28,2021-07-07 12:24:10.593
P3120000042,笛扬路4（工商银行）停车场,柯桥区,23,12,2021-07-07 12:24:10.593
P3120000064,港越路1(步行街2)停车场,柯桥区,26,13,2021-07-07 12:24:10.593
P3120000068,港越路3（精工）停车场,柯桥区,23,8,2021-07-07 12:24:10.593
P3120000015,温渎路1停车场,柯桥区,21,17,2021-07-07 12:34:08.967
P3120000016,温渎路2停车场,柯桥区,15,11,2021-07-07 12:34:08.967
P3120000017,万家巷停车场,柯桥区,40,26,2021-07-07 12:34:08.967
P3120000018,黄社溇路1停车场,柯桥区,16,3,2021-07-07 12:34:08.967
P3120000019,黄社溇路2停车场,柯桥区,18,9,2021-07-07 12:34:08.967
P3120000025,金杨路1（中医院）停车场,柯桥区,28,22,2021-07-07 12:34:08.967
P3120000027,金杨路3停车场,柯桥区,28,14,2021-07-07 12:34:08.967
P3120000028,鉴湖路1（锦江花园）停车场,柯桥区,29,22,2021-07-07 12:34:08.967
P3120000032,鉴湖路5（四大银行）停车场,柯桥区,16,6,2021-07-07 12:34:08.967
P3120000033,港越路1(步行街1)停车场,柯桥区,14,4,2021-07-07 12:34:08.967
P3120000034,港越路2（精工）停车场,柯桥区,12,7,2021-07-07 12:34:08.967
P3120000037,港越路5（温州饭滩）停车场,柯桥区,22,0,2021-07-07 12:34:08.967
P3120000038,港越路6停车场,柯桥区,16,4,2021-07-07 12:34:08.967
P3120000039,笛扬路1（世纪联华）停车场,柯桥区,31,14,2021-07-07 12:34:08.967
P3120000040,笛扬路2（广厦公寓）停车场,柯桥区,37,29,2021-07-07 12:34:08.967
P3120000041,笛扬路3（樱花电器）停车场,柯桥区,18,16,2021-07-07 12:34:08.967
P3120000042,笛扬路4（工商银行）停车场,柯桥区,23,11,2021-07-07 12:34:08.967
P3120000061,港越路2(精工2)停车场,柯桥区,21,15,2021-07-07 12:34:08.967
P3120000064,港越路1(步行街2)停车场,柯桥区,26,14,2021-07-07 12:34:08.967
P3120000065,温渎路3停车场,柯桥区,11,11,2021-07-07 12:34:08.967
P3120000068,港越路3（精工）停车场,柯桥区,23,10,2021-07-07 12:34:08.967
P3120000014,人和路停车场,柯桥区,19,16,2021-07-07 12:43:10.497
P3120000015,温渎路1停车场,柯桥区,21,15,2021-07-07 12:43:10.497
P3120000017,万家巷停车场,柯桥区,40,27,2021-07-07 12:43:10.497
P3120000018,黄社溇路1停车场,柯桥区,16,5,2021-07-07 12:43:10.497
P3120000019,黄社溇路2停车场,柯桥区,18,11,2021-07-07 12:43:10.497
P3120000025,金杨路1（中医院）停车场,柯桥区,28,21,2021-07-07 12:43:10.497
P3120000027,金杨路3停车场,柯桥区,28,10,2021-07-07 12:43:10.497
P3120000028,鉴湖路1（锦江花园）停车场,柯桥区,29,19,2021-07-07 12:43:10.497
P3120000029,鉴湖路2（锦江花园）停车场,柯桥区,21,12,2021-07-07 12:43:10.497
P3120000032,鉴湖路5（四大银行）停车场,柯桥区,16,5,2021-07-07 12:43:10.497
P3120000033,港越路1(步行街1)停车场,柯桥区,14,5,2021-07-07 12:43:10.497
P3120000036,港越路4（肯德基）停车场,柯桥区,21,2,2021-07-07 12:43:10.497
P3120000037,港越路5（温州饭滩）停车场,柯桥区,22,2,2021-07-07 12:43:10.497
P3120000038,港越路6停车场,柯桥区,16,6,2021-07-07 12:43:10.497
P3120000039,笛扬路1（世纪联华）停车场,柯桥区,31,16,2021-07-07 12:43:10.497
P3120000040,笛扬路2（广厦公寓）停车场,柯桥区,37,26,2021-07-07 12:43:10.497
P3120000045,笛扬路7（福年大厦）停车场,柯桥区,22,9,2021-07-07 12:43:10.497
P3120000061,港越路2(精工2)停车场,柯桥区,21,14,2021-07-07 12:43:10.497
P3120000062,港越路1(步行街3)停车场,柯桥区,16,8,2021-07-07 12:43:10.497
P3120000065,温渎路3停车场,柯桥区,11,10,2021-07-07 12:43:10.497
P3120000068,港越路3（精工）停车场,柯桥区,23,8,2021-07-07 12:43:10.497
P3120000014,人和路停车场,柯桥区,19,14,2021-07-07 12:54:10.527
P3120000015,温渎路1停车场,柯桥区,21,13,2021-07-07 12:54:10.527
P3120000017,万家巷停车场,柯桥区,40,26,2021-07-07 12:54:10.527
P3120000018,黄社溇路1停车场,柯桥区,16,4,2021-07-07 12:54:10.527
P3120000019,黄社溇路2停车场,柯桥区,18,12,2021-07-07 12:54:10.527
P3120000025,金杨路1（中医院）停车场,柯桥区,28,22,2021-07-07 12:54:10.527
P3120000027,金杨路3停车场,柯桥区,28,12,2021-07-07 12:54:10.527
P3120000029,鉴湖路2（锦江花园）停车场,柯桥区,21,11,2021-07-07 12:54:10.527
P3120000030,鉴湖路3停车场,柯桥区,12,8,2021-07-07 12:54:10.527
P3120000032,鉴湖路5（四大银行）停车场,柯桥区,16,6,2021-07-07 12:54:10.527
P3120000033,港越路1(步行街1)停车场,柯桥区,14,6,2021-07-07 12:54:10.527
P3120000034,港越路2（精工）停车场,柯桥区,12,8,2021-07-07 12:54:10.527
P3120000037,港越路5（温州饭滩）停车场,柯桥区,22,0,2021-07-07 12:54:10.527
P3120000038,港越路6停车场,柯桥区,16,3,2021-07-07 12:54:10.527
P3120000039,笛扬路1（世纪联华）停车场,柯桥区,31,17,2021-07-07 12:54:10.527
P3120000040,笛扬路2（广厦公寓）停车场,柯桥区,37,28,2021-07-07 12:54:10.527
P3120000041,笛扬路3（樱花电器）停车场,柯桥区,18,15,2021-07-07 12:54:10.527
P3120000042,笛扬路4（工商银行）停车场,柯桥区,23,12,2021-07-07 12:54:10.527
P3120000061,港越路2(精工2)停车场,柯桥区,21,15,2021-07-07 12:54:10.527
P3120000062,港越路1(步行街3)停车场,柯桥区,16,9,2021-07-07 12:54:10.527
P3120000068,港越路3（精工）停车场,柯桥区,23,6,2021-07-07 12:54:10.527
P3120000014,人和路停车场,柯桥区,19,16,2021-07-07 13:04:08.587
P3120000016,温渎路2停车场,柯桥区,15,9,2021-07-07 13:04:08.587
P3120000017,万家巷停车场,柯桥区,40,27,2021-07-07 13:04:08.587
P3120000019,黄社溇路2停车场,柯桥区,18,14,2021-07-07 13:04:08.587
P3120000025,金杨路1（中医院）停车场,柯桥区,28,23,2021-07-07 13:04:08.587
P3120000027,金杨路3停车场,柯桥区,28,14,2021-07-07 13:04:08.587
P3120000028,鉴湖路1（锦江花园）停车场,柯桥区,29,20,2021-07-07 13:04:08.587
P3120000030,鉴湖路3停车场,柯桥区,12,6,2021-07-07 13:04:08.587
P3120000032,鉴湖路5（四大银行）停车场,柯桥区,16,4,2021-07-07 13:04:08.587
P3120000033,港越路1(步行街1)停车场,柯桥区,14,7,2021-07-07 13:04:08.587
P3120000034,港越路2（精工）停车场,柯桥区,12,7,2021-07-07 13:04:08.587
P3120000036,港越路4（肯德基）停车场,柯桥区,21,1,2021-07-07 13:04:08.587
P3120000037,港越路5（温州饭滩）停车场,柯桥区,22,1,2021-07-07 13:04:08.587
P3120000038,港越路6停车场,柯桥区,16,6,2021-07-07 13:04:08.587
P3120000039,笛扬路1（世纪联华）停车场,柯桥区,31,15,2021-07-07 13:04:08.587
P3120000041,笛扬路3（樱花电器）停车场,柯桥区,18,16,2021-07-07 13:04:08.587
P3120000042,笛扬路4（工商银行）停车场,柯桥区,23,13,2021-07-07 13:04:08.587
P3120000064,港越路1(步行街2)停车场,柯桥区,26,12,2021-07-07 13:04:08.587
P3120000068,港越路3（精工）停车场,柯桥区,23,9,2021-07-07 13:04:08.587
P3120000015,温渎路1停车场,柯桥区,21,15,2021-07-07 13:14:11.127
P3120000016,温渎路2停车场,柯桥区,15,11,2021-07-07 13:14:11.127
P3120000017,万家巷停车场,柯桥区,40,26,2021-07-07 13:14:11.127
P3120000018,黄社溇路1停车场,柯桥区,16,5,2021-07-07 13:14:11.127
P3120000019,黄社溇路2停车场,柯桥区,18,12,2021-07-07 13:14:11.127
P3120000025,金杨路1（中医院）停车场,柯桥区,28,22,2021-07-07 13:14:11.127
P3120000027,金杨路3停车场,柯桥区,28,15,2021-07-07 13:14:11.127
P3120000028,鉴湖路1（锦江花园）停车场,柯桥区,29,18,2021-07-07 13:14:11.127
P3120000029,鉴湖路2（锦江花园）停车场,柯桥区,21,10,2021-07-07 13:14:11.127
P3120000032,鉴湖路5（四大银行）停车场,柯桥区,16,3,2021-07-07 13:14:11.127
P3120000033,港越路1(步行街1)停车场,柯桥区,14,9,2021-07-07 13:14:11.127
P3120000037,港越路5（温州饭滩）停车场,柯桥区,22,2,2021-07-07 13:14:11.127
P3120000038,港越路6停车场,柯桥区,16,12,2021-07-07 13:14:11.127
P3120000039,笛扬路1（世纪联华）停车场,柯桥区,31,16,2021-07-07 13:14:11.127
P3120000040,笛扬路2（广厦公寓）停车场,柯桥区,37,27,2021-07-07 13:14:11.127
P3120000042,笛扬路4（工商银行）停车场,柯桥区,23,12,2021-07-07 13:14:11.127
P3120000045,笛扬路7（福年大厦）停车场,柯桥区,22,8,2021-07-07 13:14:11.127
P3120000062,港越路1(步行街3)停车场,柯桥区,16,8,2021-07-07 13:14:11.127
P3120000064,港越路1(步行街2)停车场,柯桥区,26,14,2021-07-07 13:14:11.127
P3120000065,温渎路3停车场,柯桥区,11,9,2021-07-07 13:14:11.127
P3120000068,港越路3（精工）停车场,柯桥区,23,10,2021-07-07 13:14:11.127
P3120000014,人和路停车场,柯桥区,19,15,2021-07-07 13:24:08.11
P3120000015,温渎路1停车场,柯桥区,21,16,2021-07-07 13:24:08.11
P3120000018,黄社溇路1停车场,柯桥区,16,4,2021-07-07 13:24:08.11
P3120000019,黄社溇路2停车场,柯桥区,18,15,2021-07-07 13:24:08.11
P3120000029,鉴湖路2（锦江花园）停车场,柯桥区,21,12,2021-07-07 13:24:08.11
P3120000036,港越路4（肯德基）停车场,柯桥区,21,0,2021-07-07 13:24:08.11
P3120000037,港越路5（温州饭滩）停车场,柯桥区,22,4,2021-07-07 13:24:08.11
P3120000038,港越路6停车场,柯桥区,16,9,2021-07-07 13:24:08.11
P3120000039,笛扬路1（世纪联华）停车场,柯桥区,31,13,2021-07-07 13:24:08.11
P3120000040,笛扬路2（广厦公寓）停车场,柯桥区,37,28,2021-07-07 13:24:08.11
P3120000042,笛扬路4（工商银行）停车场,柯桥区,23,16,2021-07-07 13:24:08.11
P3120000061,港越路2(精工2)停车场,柯桥区,21,14,2021-07-07 13:24:08.11
P3120000062,港越路1(步行街3)停车场,柯桥区,16,7,2021-07-07 13:24:08.11
P3120000064,港越路1(步行街2)停车场,柯桥区,26,15,2021-07-07 13:24:08.11
P3120000065,温渎路3停车场,柯桥区,11,6,2021-07-07 13:24:08.11
P3120000068,港越路3（精工）停车场,柯桥区,23,12,2021-07-07 13:24:08.11
P3120000014,人和路停车场,柯桥区,19,18,2021-07-07 13:34:09.843
P3120000015,温渎路1停车场,柯桥区,21,17,2021-07-07 13:34:09.843
P3120000017,万家巷停车场,柯桥区,40,27,2021-07-07 13:34:09.843
P3120000018,黄社溇路1停车场,柯桥区,16,7,2021-07-07 13:34:09.843
P3120000025,金杨路1（中医院）停车场,柯桥区,28,23,2021-07-07 13:34:09.843
P3120000028,鉴湖路1（锦江花园）停车场,柯桥区,29,15,2021-07-07 13:34:09.843
P3120000032,鉴湖路5（四大银行）停车场,柯桥区,16,5,2021-07-07 13:34:09.843
P3120000034,港越路2（精工）停车场,柯桥区,12,8,2021-07-07 13:34:09.843
P3120000036,港越路4（肯德基）停车场,柯桥区,21,1,2021-07-07 13:34:09.843
P3120000037,港越路5（温州饭滩）停车场,柯桥区,22,2,2021-07-07 13:34:09.843
P3120000038,港越路6停车场,柯桥区,16,8,2021-07-07 13:34:09.843
P3120000039,笛扬路1（世纪联华）停车场,柯桥区,31,16,2021-07-07 13:34:09.843
P3120000040,笛扬路2（广厦公寓）停车场,柯桥区,37,26,2021-07-07 13:34:09.843
P3120000041,笛扬路3（樱花电器）停车场,柯桥区,18,15,2021-07-07 13:34:09.843
P3120000042,笛扬路4（工商银行）停车场,柯桥区,23,15,2021-07-07 13:34:09.843
P3120000045,笛扬路7（福年大厦）停车场,柯桥区,22,7,2021-07-07 13:34:09.843
P3120000062,港越路1(步行街3)停车场,柯桥区,16,9,2021-07-07 13:34:09.843
P3120000065,温渎路3停车场,柯桥区,11,7,2021-07-07 13:34:09.843
P3120000014,人和路停车场,柯桥区,19,17,2021-07-07 13:44:10.157
P3120000016,温渎路2停车场,柯桥区,15,10,2021-07-07 13:44:10.157
P3120000017,万家巷停车场,柯桥区,40,25,2021-07-07 13:44:10.157
P3120000018,黄社溇路1停车场,柯桥区,16,5,2021-07-07 13:44:10.157
P3120000019,黄社溇路2停车场,柯桥区,18,13,2021-07-07 13:44:10.157
P3120000027,金杨路3停车场,柯桥区,28,17,2021-07-07 13:44:10.157
P3120000029,鉴湖路2（锦江花园）停车场,柯桥区,21,11,2021-07-07 13:44:10.157
P3120000033,港越路1(步行街1)停车场,柯桥区,14,8,2021-07-07 13:44:10.157
P3120000037,港越路5（温州饭滩）停车场,柯桥区,22,1,2021-07-07 13:44:10.157
P3120000038,港越路6停车场,柯桥区,16,7,2021-07-07 13:44:10.157
P3120000039,笛扬路1（世纪联华）停车场,柯桥区,31,13,2021-07-07 13:44:10.157
P3120000040,笛扬路2（广厦公寓）停车场,柯桥区,37,27,2021-07-07 13:44:10.157
P3120000042,笛扬路4（工商银行）停车场,柯桥区,23,16,2021-07-07 13:44:10.157
P3120000045,笛扬路7（福年大厦）停车场,柯桥区,22,9,2021-07-07 13:44:10.157
P3120000061,港越路2(精工2)停车场,柯桥区,21,12,2021-07-07 13:44:10.157
P3120000062,港越路1(步行街3)停车场,柯桥区,16,11,2021-07-07 13:44:10.157
P3120000064,港越路1(步行街2)停车场,柯桥区,26,18,2021-07-07 13:44:10.157
P3120000065,温渎路3停车场,柯桥区,11,6,2021-07-07 13:44:10.157
P3120000068,港越路3（精工）停车场,柯桥区,23,14,2021-07-07 13:44:10.157
P3120000014,人和路停车场,柯桥区,19,18,2021-07-07 13:54:10.687
P3120000018,黄社溇路1停车场,柯桥区,16,6,2021-07-07 13:54:10.687
P3120000019,黄社溇路2停车场,柯桥区,18,15,2021-07-07 13:54:10.687
P3120000025,金杨路1（中医院）停车场,柯桥区,28,24,2021-07-07 13:54:10.687
P3120000027,金杨路3停车场,柯桥区,28,18,2021-07-07 13:54:10.687
P3120000028,鉴湖路1（锦江花园）停车场,柯桥区,29,14,2021-07-07 13:54:10.687
P3120000029,鉴湖路2（锦江花园）停车场,柯桥区,21,13,2021-07-07 13:54:10.687
P3120000032,鉴湖路5（四大银行）停车场,柯桥区,16,4,2021-07-07 13:54:10.687
P3120000034,港越路2（精工）停车场,柯桥区,12,9,2021-07-07 13:54:10.687
P3120000037,港越路5（温州饭滩）停车场,柯桥区,22,3,2021-07-07 13:54:10.687
P3120000038,港越路6停车场,柯桥区,16,8,2021-07-07 13:54:10.687
P3120000042,笛扬路4（工商银行）停车场,柯桥区,23,15,2021-07-07 13:54:10.687
P3120000045,笛扬路7（福年大厦）停车场,柯桥区,22,8,2021-07-07 13:54:10.687
P3120000062,港越路1(步行街3)停车场,柯桥区,16,10,2021-07-07 13:54:10.687
P3120000064,港越路1(步行街2)停车场,柯桥区,26,17,2021-07-07 13:54:10.687
P3120000065,温渎路3停车场,柯桥区,11,4,2021-07-07 13:54:10.687
P3120000068,港越路3（精工）停车场,柯桥区,23,13,2021-07-07 13:54:10.687
P3120000015,温渎路1停车场,柯桥区,21,16,2021-07-07 14:04:08.09
P3120000017,万家巷停车场,柯桥区,40,23,2021-07-07 14:04:08.09
P3120000025,金杨路1（中医院）停车场,柯桥区,28,23,2021-07-07 14:04:08.09
P3120000027,金杨路3停车场,柯桥区,28,16,2021-07-07 14:04:08.09
P3120000028,鉴湖路1（锦江花园）停车场,柯桥区,29,15,2021-07-07 14:04:08.09
P3120000030,鉴湖路3停车场,柯桥区,12,7,2021-07-07 14:04:08.09
P3120000032,鉴湖路5（四大银行）停车场,柯桥区,16,3,2021-07-07 14:04:08.09
P3120000037,港越路5（温州饭滩）停车场,柯桥区,22,2,2021-07-07 14:04:08.09
P3120000039,笛扬路1（世纪联华）停车场,柯桥区,31,14,2021-07-07 14:04:08.09
P3120000040,笛扬路2（广厦公寓）停车场,柯桥区,37,28,2021-07-07 14:04:08.09
P3120000041,笛扬路3（樱花电器）停车场,柯桥区,18,14,2021-07-07 14:04:08.09
P3120000045,笛扬路7（福年大厦）停车场,柯桥区,22,9,2021-07-07 14:04:08.09
P3120000062,港越路1(步行街3)停车场,柯桥区,16,9,2021-07-07 14:04:08.09
P3120000064,港越路1(步行街2)停车场,柯桥区,26,14,2021-07-07 14:04:08.09
P3120000068,港越路3（精工）停车场,柯桥区,23,12,2021-07-07 14:04:08.09
P3120000015,温渎路1停车场,柯桥区,21,15,2021-07-07 14:14:12.68
P3120000017,万家巷停车场,柯桥区,40,26,2021-07-07 14:14:12.68
P3120000018,黄社溇路1停车场,柯桥区,16,7,2021-07-07 14:14:12.68
P3120000019,黄社溇路2停车场,柯桥区,18,14,2021-07-07 14:14:12.68
P3120000025,金杨路1（中医院）停车场,柯桥区,28,24,2021-07-07 14:14:12.68
P3120000027,金杨路3停车场,柯桥区,28,13,2021-07-07 14:14:12.68
P3120000028,鉴湖路1（锦江花园）停车场,柯桥区,29,17,2021-07-07 14:14:12.68
P3120000032,鉴湖路5（四大银行）停车场,柯桥区,16,5,2021-07-07 14:14:12.68
P3120000033,港越路1(步行街1)停车场,柯桥区,14,5,2021-07-07 14:14:12.68
P3120000037,港越路5（温州饭滩）停车场,柯桥区,22,3,2021-07-07 14:14:12.68
P3120000041,笛扬路3（樱花电器）停车场,柯桥区,18,13,2021-07-07 14:14:12.68
P3120000042,笛扬路4（工商银行）停车场,柯桥区,23,16,2021-07-07 14:14:12.68
P3120000045,笛扬路7（福年大厦）停车场,柯桥区,22,7,2021-07-07 14:14:12.68
P3120000062,港越路1(步行街3)停车场,柯桥区,16,8,2021-07-07 14:14:12.68
P3120000064,港越路1(步行街2)停车场,柯桥区,26,16,2021-07-07 14:14:12.68
P3120000015,温渎路1停车场,柯桥区,21,12,2021-07-07 14:24:10.453
P3120000017,万家巷停车场,柯桥区,40,25,2021-07-07 14:24:10.453
P3120000018,黄社溇路1停车场,柯桥区,16,10,2021-07-07 14:24:10.453
P3120000027,金杨路3停车场,柯桥区,28,16,2021-07-07 14:24:10.453
P3120000032,鉴湖路5（四大银行）停车场,柯桥区,16,3,2021-07-07 14:24:10.453
P3120000036,港越路4（肯德基）停车场,柯桥区,21,2,2021-07-07 14:24:10.453
P3120000037,港越路5（温州饭滩）停车场,柯桥区,22,2,2021-07-07 14:24:10.453
P3120000038,港越路6停车场,柯桥区,16,7,2021-07-07 14:24:10.453
P3120000039,笛扬路1（世纪联华）停车场,柯桥区,31,15,2021-07-07 14:24:10.453
P3120000042,笛扬路4（工商银行）停车场,柯桥区,23,15,2021-07-07 14:24:10.453
P3120000045,笛扬路7（福年大厦）停车场,柯桥区,22,5,2021-07-07 14:24:10.453
P3120000062,港越路1(步行街3)停车场,柯桥区,16,9,2021-07-07 14:24:10.453
P3120000064,港越路1(步行街2)停车场,柯桥区,26,14,2021-07-07 14:24:10.453
P3120000065,温渎路3停车场,柯桥区,11,6,2021-07-07 14:24:10.453
P3120000068,港越路3（精工）停车场,柯桥区,23,8,2021-07-07 14:24:10.453
P3120000015,温渎路1停车场,柯桥区,21,11,2021-07-07 14:34:08.64
P3120000016,温渎路2停车场,柯桥区,15,9,2021-07-07 14:34:08.64
P3120000017,万家巷停车场,柯桥区,40,24,2021-07-07 14:34:08.64
P3120000018,黄社溇路1停车场,柯桥区,16,6,2021-07-07 14:34:08.64
P3120000019,黄社溇路2停车场,柯桥区,18,13,2021-07-07 14:34:08.64
P3120000025,金杨路1（中医院）停车场,柯桥区,28,23,2021-07-07 14:34:08.64
P3120000027,金杨路3停车场,柯桥区,28,15,2021-07-07 14:34:08.64
P3120000028,鉴湖路1（锦江花园）停车场,柯桥区,29,16,2021-07-07 14:34:08.64
P3120000029,鉴湖路2（锦江花园）停车场,柯桥区,21,12,2021-07-07 14:34:08.64
P3120000032,鉴湖路5（四大银行）停车场,柯桥区,16,4,2021-07-07 14:34:08.64
P3120000033,港越路1(步行街1)停车场,柯桥区,14,7,2021-07-07 14:34:08.64
P3120000037,港越路5（温州饭滩）停车场,柯桥区,22,7,2021-07-07 14:34:08.64
P3120000038,港越路6停车场,柯桥区,16,8,2021-07-07 14:34:08.64
P3120000040,笛扬路2（广厦公寓）停车场,柯桥区,37,25,2021-07-07 14:34:08.64
P3120000041,笛扬路3（樱花电器）停车场,柯桥区,18,12,2021-07-07 14:34:08.64
P3120000042,笛扬路4（工商银行）停车场,柯桥区,23,16,2021-07-07 14:34:08.64
P3120000045,笛扬路7（福年大厦）停车场,柯桥区,22,4,2021-07-07 14:34:08.64
P3120000062,港越路1(步行街3)停车场,柯桥区,16,11,2021-07-07 14:34:08.64
P3120000064,港越路1(步行街2)停车场,柯桥区,26,15,2021-07-07 14:34:08.64
P3120000068,港越路3（精工）停车场,柯桥区,23,7,2021-07-07 14:34:08.64
P3120000014,人和路停车场,柯桥区,19,17,2021-07-07 14:44:11.573
P3120000015,温渎路1停车场,柯桥区,21,10,2021-07-07 14:44:11.573
P3120000017,万家巷停车场,柯桥区,40,22,2021-07-07 14:44:11.573
P3120000018,黄社溇路1停车场,柯桥区,16,7,2021-07-07 14:44:11.573
P3120000019,黄社溇路2停车场,柯桥区,18,12,2021-07-07 14:44:11.573
P3120000028,鉴湖路1（锦江花园）停车场,柯桥区,29,17,2021-07-07 14:44:11.573
P3120000029,鉴湖路2（锦江花园）停车场,柯桥区,21,16,2021-07-07 14:44:11.573
P3120000032,鉴湖路5（四大银行）停车场,柯桥区,16,3,2021-07-07 14:44:11.573
P3120000033,港越路1(步行街1)停车场,柯桥区,14,6,2021-07-07 14:44:11.573
P3120000036,港越路4（肯德基）停车场,柯桥区,21,3,2021-07-07 14:44:11.573
P3120000037,港越路5（温州饭滩）停车场,柯桥区,22,6,2021-07-07 14:44:11.573
P3120000038,港越路6停车场,柯桥区,16,9,2021-07-07 14:44:11.573
P3120000041,笛扬路3（樱花电器）停车场,柯桥区,18,13,2021-07-07 14:44:11.573
P3120000045,笛扬路7（福年大厦）停车场,柯桥区,22,6,2021-07-07 14:44:11.573
P3120000061,港越路2(精工2)停车场,柯桥区,21,10,2021-07-07 14:44:11.573
P3120000062,港越路1(步行街3)停车场,柯桥区,16,10,2021-07-07 14:44:11.573
P3120000064,港越路1(步行街2)停车场,柯桥区,26,16,2021-07-07 14:44:11.573
P3120000065,温渎路3停车场,柯桥区,11,4,2021-07-07 14:44:11.573
P3120000068,港越路3（精工）停车场,柯桥区,23,6,2021-07-07 14:44:11.573
P3120000015,温渎路1停车场,柯桥区,21,12,2021-07-07 14:54:11.953
P3120000016,温渎路2停车场,柯桥区,15,10,2021-07-07 14:54:11.953
P3120000017,万家巷停车场,柯桥区,40,21,2021-07-07 14:54:11.953
P3120000018,黄社溇路1停车场,柯桥区,16,10,2021-07-07 14:54:11.953
P3120000025,金杨路1（中医院）停车场,柯桥区,28,24,2021-07-07 14:54:11.953
P3120000028,鉴湖路1（锦江花园）停车场,柯桥区,29,16,2021-07-07 14:54:11.953
P3120000029,鉴湖路2（锦江花园）停车场,柯桥区,21,14,2021-07-07 14:54:11.953
P3120000030,鉴湖路3停车场,柯桥区,12,8,2021-07-07 14:54:11.953
P3120000032,鉴湖路5（四大银行）停车场,柯桥区,16,2,2021-07-07 14:54:11.953
P3120000033,港越路1(步行街1)停车场,柯桥区,14,8,2021-07-07 14:54:11.953
P3120000034,港越路2（精工）停车场,柯桥区,12,7,2021-07-07 14:54:11.953
P3120000036,港越路4（肯德基）停车场,柯桥区,21,1,2021-07-07 14:54:11.953
P3120000037,港越路5（温州饭滩）停车场,柯桥区,22,5,2021-07-07 14:54:11.953
P3120000038,港越路6停车场,柯桥区,16,8,2021-07-07 14:54:11.953
P3120000039,笛扬路1（世纪联华）停车场,柯桥区,31,14,2021-07-07 14:54:11.953
P3120000041,笛扬路3（樱花电器）停车场,柯桥区,18,12,2021-07-07 14:54:11.953
P3120000042,笛扬路4（工商银行）停车场,柯桥区,23,15,2021-07-07 14:54:11.953
P3120000045,笛扬路7（福年大厦）停车场,柯桥区,22,5,2021-07-07 14:54:11.953
P3120000061,港越路2(精工2)停车场,柯桥区,21,11,2021-07-07 14:54:11.953
P3120000062,港越路1(步行街3)停车场,柯桥区,16,9,2021-07-07 14:54:11.953
P3120000065,温渎路3停车场,柯桥区,11,3,2021-07-07 14:54:11.953
P3120000068,港越路3（精工）停车场,柯桥区,23,7,2021-07-07 14:54:11.953
P3120000014,人和路停车场,柯桥区,19,16,2021-07-07 15:04:09.523
P3120000016,温渎路2停车场,柯桥区,15,11,2021-07-07 15:04:09.523
P3120000017,万家巷停车场,柯桥区,40,22,2021-07-07 15:04:09.523
P3120000018,黄社溇路1停车场,柯桥区,16,7,2021-07-07 15:04:09.523
P3120000025,金杨路1（中医院）停车场,柯桥区,28,22,2021-07-07 15:04:09.523
P3120000027,金杨路3停车场,柯桥区,28,19,2021-07-07 15:04:09.523
P3120000028,鉴湖路1（锦江花园）停车场,柯桥区,29,18,2021-07-07 15:04:09.523
P3120000029,鉴湖路2（锦江花园）停车场,柯桥区,21,15,2021-07-07 15:04:09.523
P3120000030,鉴湖路3停车场,柯桥区,12,7,2021-07-07 15:04:09.523
P3120000033,港越路1(步行街1)停车场,柯桥区,14,9,2021-07-07 15:04:09.523
P3120000034,港越路2（精工）停车场,柯桥区,12,8,2021-07-07 15:04:09.523
P3120000036,港越路4（肯德基）停车场,柯桥区,21,2,2021-07-07 15:04:09.523
P3120000037,港越路5（温州饭滩）停车场,柯桥区,22,4,2021-07-07 15:04:09.523
P3120000038,港越路6停车场,柯桥区,16,10,2021-07-07 15:04:09.523
P3120000039,笛扬路1（世纪联华）停车场,柯桥区,31,13,2021-07-07 15:04:09.523
P3120000040,笛扬路2（广厦公寓）停车场,柯桥区,37,28,2021-07-07 15:04:09.523
P3120000041,笛扬路3（樱花电器）停车场,柯桥区,18,11,2021-07-07 15:04:09.523
P3120000042,笛扬路4（工商银行）停车场,柯桥区,23,14,2021-07-07 15:04:09.523
P3120000045,笛扬路7（福年大厦）停车场,柯桥区,22,2,2021-07-07 15:04:09.523
P3120000064,港越路1(步行街2)停车场,柯桥区,26,15,2021-07-07 15:04:09.523
P3120000068,港越路3（精工）停车场,柯桥区,23,9,2021-07-07 15:04:09.523
P3120000014,人和路停车场,柯桥区,19,15,2021-07-07 15:14:12.063
P3120000015,温渎路1停车场,柯桥区,21,11,2021-07-07 15:14:12.063
P3120000018,黄社溇路1停车场,柯桥区,16,8,2021-07-07 15:14:12.063
P3120000025,金杨路1（中医院）停车场,柯桥区,28,21,2021-07-07 15:14:12.063
P3120000027,金杨路3停车场,柯桥区,28,18,2021-07-07 15:14:12.063
P3120000028,鉴湖路1（锦江花园）停车场,柯桥区,29,20,2021-07-07 15:14:12.063
P3120000030,鉴湖路3停车场,柯桥区,12,8,2021-07-07 15:14:12.063
P3120000032,鉴湖路5（四大银行）停车场,柯桥区,16,3,2021-07-07 15:14:12.063
P3120000036,港越路4（肯德基）停车场,柯桥区,21,3,2021-07-07 15:14:12.063
P3120000037,港越路5（温州饭滩）停车场,柯桥区,22,3,2021-07-07 15:14:12.063
P3120000038,港越路6停车场,柯桥区,16,11,2021-07-07 15:14:12.063
P3120000039,笛扬路1（世纪联华）停车场,柯桥区,31,11,2021-07-07 15:14:12.063
P3120000040,笛扬路2（广厦公寓）停车场,柯桥区,37,26,2021-07-07 15:14:12.063
P3120000041,笛扬路3（樱花电器）停车场,柯桥区,18,13,2021-07-07 15:14:12.063
P3120000042,笛扬路4（工商银行）停车场,柯桥区,23,15,2021-07-07 15:14:12.063
P3120000064,港越路1(步行街2)停车场,柯桥区,26,16,2021-07-07 15:14:12.063
P3120000014,人和路停车场,柯桥区,19,12,2021-07-07 15:24:08.703
P3120000016,温渎路2停车场,柯桥区,15,10,2021-07-07 15:24:08.703
P3120000017,万家巷停车场,柯桥区,40,23,2021-07-07 15:24:08.703
P3120000018,黄社溇路1停车场,柯桥区,16,10,2021-07-07 15:24:08.703
P3120000019,黄社溇路2停车场,柯桥区,18,13,2021-07-07 15:24:08.703
P3120000027,金杨路3停车场,柯桥区,28,17,2021-07-07 15:24:08.703
P3120000028,鉴湖路1（锦江花园）停车场,柯桥区,29,19,2021-07-07 15:24:08.703
P3120000029,鉴湖路2（锦江花园）停车场,柯桥区,21,14,2021-07-07 15:24:08.703
P3120000030,鉴湖路3停车场,柯桥区,12,6,2021-07-07 15:24:08.703
P3120000032,鉴湖路5（四大银行）停车场,柯桥区,16,6,2021-07-07 15:24:08.703
P3120000037,港越路5（温州饭滩）停车场,柯桥区,22,2,2021-07-07 15:24:08.703
P3120000038,港越路6停车场,柯桥区,16,13,2021-07-07 15:24:08.703
P3120000039,笛扬路1（世纪联华）停车场,柯桥区,31,12,2021-07-07 15:24:08.703
P3120000040,笛扬路2（广厦公寓）停车场,柯桥区,37,25,2021-07-07 15:24:08.703
P3120000041,笛扬路3（樱花电器）停车场,柯桥区,18,12,2021-07-07 15:24:08.703
P3120000042,笛扬路4（工商银行）停车场,柯桥区,23,16,2021-07-07 15:24:08.703
P3120000045,笛扬路7（福年大厦）停车场,柯桥区,22,8,2021-07-07 15:24:08.703
P3120000061,港越路2(精工2)停车场,柯桥区,21,9,2021-07-07 15:24:08.703
P3120000064,港越路1(步行街2)停车场,柯桥区,26,15,2021-07-07 15:24:08.703
P3120000065,温渎路3停车场,柯桥区,11,4,2021-07-07 15:24:08.703
P3120000068,港越路3（精工）停车场,柯桥区,23,6,2021-07-07 15:24:08.703
P3120000014,人和路停车场,柯桥区,19,15,2021-07-07 15:34:09.667
P3120000016,温渎路2停车场,柯桥区,15,11,2021-07-07 15:34:09.667
P3120000017,万家巷停车场,柯桥区,40,22,2021-07-07 15:34:09.667
P3120000018,黄社溇路1停车场,柯桥区,16,6,2021-07-07 15:34:09.667
P3120000019,黄社溇路2停车场,柯桥区,18,16,2021-07-07 15:34:09.667
P3120000025,金杨路1（中医院）停车场,柯桥区,28,23,2021-07-07 15:34:09.667
P3120000028,鉴湖路1（锦江花园）停车场,柯桥区,29,18,2021-07-07 15:34:09.667
P3120000029,鉴湖路2（锦江花园）停车场,柯桥区,21,17,2021-07-07 15:34:09.667
P3120000032,鉴湖路5（四大银行）停车场,柯桥区,16,8,2021-07-07 15:34:09.667
P3120000033,港越路1(步行街1)停车场,柯桥区,14,8,2021-07-07 15:34:09.667
P3120000034,港越路2（精工）停车场,柯桥区,12,10,2021-07-07 15:34:09.667
P3120000036,港越路4（肯德基）停车场,柯桥区,21,1,2021-07-07 15:34:09.667
P3120000039,笛扬路1（世纪联华）停车场,柯桥区,31,13,2021-07-07 15:34:09.667
P3120000042,笛扬路4（工商银行）停车场,柯桥区,23,17,2021-07-07 15:34:09.667
P3120000045,笛扬路7（福年大厦）停车场,柯桥区,22,7,2021-07-07 15:34:09.667
P3120000061,港越路2(精工2)停车场,柯桥区,21,8,2021-07-07 15:34:09.667
P3120000062,港越路1(步行街3)停车场,柯桥区,16,7,2021-07-07 15:34:09.667
P3120000064,港越路1(步行街2)停车场,柯桥区,26,13,2021-07-07 15:34:09.667
P3120000068,港越路3（精工）停车场,柯桥区,23,7,2021-07-07 15:34:09.667
P3120000014,人和路停车场,柯桥区,19,14,2021-07-07 15:44:11.05
P3120000015,温渎路1停车场,柯桥区,21,10,2021-07-07 15:44:11.05
P3120000016,温渎路2停车场,柯桥区,15,10,2021-07-07 15:44:11.05
P3120000017,万家巷停车场,柯桥区,40,21,2021-07-07 15:44:11.05
P3120000018,黄社溇路1停车场,柯桥区,16,5,2021-07-07 15:44:11.05
P3120000019,黄社溇路2停车场,柯桥区,18,15,2021-07-07 15:44:11.05
P3120000025,金杨路1（中医院）停车场,柯桥区,28,24,2021-07-07 15:44:11.05
P3120000027,金杨路3停车场,柯桥区,28,15,2021-07-07 15:44:11.05
P3120000028,鉴湖路1（锦江花园）停车场,柯桥区,29,17,2021-07-07 15:44:11.05
P3120000032,鉴湖路5（四大银行）停车场,柯桥区,16,7,2021-07-07 15:44:11.05
P3120000033,港越路1(步行街1)停车场,柯桥区,14,9,2021-07-07 15:44:11.05
P3120000034,港越路2（精工）停车场,柯桥区,12,12,2021-07-07 15:44:11.05
P3120000037,港越路5（温州饭滩）停车场,柯桥区,22,1,2021-07-07 15:44:11.05
P3120000038,港越路6停车场,柯桥区,16,11,2021-07-07 15:44:11.05
P3120000039,笛扬路1（世纪联华）停车场,柯桥区,31,14,2021-07-07 15:44:11.05
P3120000040,笛扬路2（广厦公寓）停车场,柯桥区,37,27,2021-07-07 15:44:11.05
P3120000041,笛扬路3（樱花电器）停车场,柯桥区,18,13,2021-07-07 15:44:11.05
P3120000042,笛扬路4（工商银行）停车场,柯桥区,23,18,2021-07-07 15:44:11.05
P3120000061,港越路2(精工2)停车场,柯桥区,21,11,2021-07-07 15:44:11.05
P3120000064,港越路1(步行街2)停车场,柯桥区,26,15,2021-07-07 15:44:11.05
P3120000065,温渎路3停车场,柯桥区,11,5,2021-07-07 15:44:11.05
P3120000068,港越路3（精工）停车场,柯桥区,23,9,2021-07-07 15:44:11.05
P3120000014,人和路停车场,柯桥区,19,15,2021-07-07 15:54:11.09
P3120000015,温渎路1停车场,柯桥区,21,11,2021-07-07 15:54:11.09
P3120000016,温渎路2停车场,柯桥区,15,11,2021-07-07 15:54:11.09
P3120000017,万家巷停车场,柯桥区,40,22,2021-07-07 15:54:11.09
P3120000019,黄社溇路2停车场,柯桥区,18,12,2021-07-07 15:54:11.09
P3120000027,金杨路3停车场,柯桥区,28,17,2021-07-07 15:54:11.09
P3120000028,鉴湖路1（锦江花园）停车场,柯桥区,29,22,2021-07-07 15:54:11.09
P3120000029,鉴湖路2（锦江花园）停车场,柯桥区,21,12,2021-07-07 15:54:11.09
P3120000030,鉴湖路3停车场,柯桥区,12,5,2021-07-07 15:54:11.09
P3120000032,鉴湖路5（四大银行）停车场,柯桥区,16,5,2021-07-07 15:54:11.09
P3120000034,港越路2（精工）停车场,柯桥区,12,11,2021-07-07 15:54:11.09
P3120000037,港越路5（温州饭滩）停车场,柯桥区,22,3,2021-07-07 15:54:11.09
P3120000039,笛扬路1（世纪联华）停车场,柯桥区,31,13,2021-07-07 15:54:11.09
P3120000040,笛扬路2（广厦公寓）停车场,柯桥区,37,28,2021-07-07 15:54:11.09
P3120000041,笛扬路3（樱花电器）停车场,柯桥区,18,11,2021-07-07 15:54:11.09
P3120000042,笛扬路4（工商银行）停车场,柯桥区,23,19,2021-07-07 15:54:11.09
P3120000045,笛扬路7（福年大厦）停车场,柯桥区,22,5,2021-07-07 15:54:11.09
P3120000061,港越路2(精工2)停车场,柯桥区,21,10,2021-07-07 15:54:11.09
P3120000065,温渎路3停车场,柯桥区,11,6,2021-07-07 15:54:11.09
P3120000014,人和路停车场,柯桥区,19,14,2021-07-07 16:04:10.7
P3120000027,金杨路3停车场,柯桥区,28,16,2021-07-07 16:04:10.7
P3120000028,鉴湖路1（锦江花园）停车场,柯桥区,29,20,2021-07-07 16:04:10.7
P3120000029,鉴湖路2（锦江花园）停车场,柯桥区,21,15,2021-07-07 16:04:10.7
P3120000030,鉴湖路3停车场,柯桥区,12,4,2021-07-07 16:04:10.7
P3120000032,鉴湖路5（四大银行）停车场,柯桥区,16,6,2021-07-07 16:04:10.7
P3120000033,港越路1(步行街1)停车场,柯桥区,14,8,2021-07-07 16:04:10.7
P3120000034,港越路2（精工）停车场,柯桥区,12,12,2021-07-07 16:04:10.7
P3120000036,港越路4（肯德基）停车场,柯桥区,21,2,2021-07-07 16:04:10.7
P3120000037,港越路5（温州饭滩）停车场,柯桥区,22,4,2021-07-07 16:04:10.7
P3120000038,港越路6停车场,柯桥区,16,13,2021-07-07 16:04:10.7
P3120000039,笛扬路1（世纪联华）停车场,柯桥区,31,12,2021-07-07 16:04:10.7
P3120000040,笛扬路2（广厦公寓）停车场,柯桥区,37,26,2021-07-07 16:04:10.7
P3120000041,笛扬路3（樱花电器）停车场,柯桥区,18,12,2021-07-07 16:04:10.7
P3120000042,笛扬路4（工商银行）停车场,柯桥区,23,18,2021-07-07 16:04:10.7
P3120000045,笛扬路7（福年大厦）停车场,柯桥区,22,7,2021-07-07 16:04:10.7
P3120000061,港越路2(精工2)停车场,柯桥区,21,14,2021-07-07 16:04:10.7
P3120000064,港越路1(步行街2)停车场,柯桥区,26,17,2021-07-07 16:04:10.7
P3120000065,温渎路3停车场,柯桥区,11,7,2021-07-07 16:04:10.7
P3120000068,港越路3（精工）停车场,柯桥区,23,8,2021-07-07 16:04:10.7
P3120000016,温渎路2停车场,柯桥区,15,12,2021-07-07 16:14:11.617
P3120000018,黄社溇路1停车场,柯桥区,16,7,2021-07-07 16:14:11.617
P3120000019,黄社溇路2停车场,柯桥区,18,13,2021-07-07 16:14:11.617
P3120000025,金杨路1（中医院）停车场,柯桥区,28,25,2021-07-07 16:14:11.617
P3120000027,金杨路3停车场,柯桥区,28,14,2021-07-07 16:14:11.617
P3120000029,鉴湖路2（锦江花园）停车场,柯桥区,21,17,2021-07-07 16:14:11.617
P3120000032,鉴湖路5（四大银行）停车场,柯桥区,16,5,2021-07-07 16:14:11.617
P3120000034,港越路2（精工）停车场,柯桥区,12,11,2021-07-07 16:14:11.617
P3120000036,港越路4（肯德基）停车场,柯桥区,21,3,2021-07-07 16:14:11.617
P3120000038,港越路6停车场,柯桥区,16,12,2021-07-07 16:14:11.617
P3120000039,笛扬路1（世纪联华）停车场,柯桥区,31,11,2021-07-07 16:14:11.617
P3120000040,笛扬路2（广厦公寓）停车场,柯桥区,37,25,2021-07-07 16:14:11.617
P3120000045,笛扬路7（福年大厦）停车场,柯桥区,22,6,2021-07-07 16:14:11.617
P3120000062,港越路1(步行街3)停车场,柯桥区,16,8,2021-07-07 16:14:11.617
P3120000064,港越路1(步行街2)停车场,柯桥区,26,16,2021-07-07 16:14:11.617
P3120000068,港越路3（精工）停车场,柯桥区,23,9,2021-07-07 16:14:11.617
P3120000015,温渎路1停车场,柯桥区,21,12,2021-07-07 16:24:08.667
P3120000016,温渎路2停车场,柯桥区,15,11,2021-07-07 16:24:08.667
P3120000018,黄社溇路1停车场,柯桥区,16,8,2021-07-07 16:24:08.667
P3120000019,黄社溇路2停车场,柯桥区,18,11,2021-07-07 16:24:08.667
P3120000025,金杨路1（中医院）停车场,柯桥区,28,24,2021-07-07 16:24:08.667
P3120000027,金杨路3停车场,柯桥区,28,19,2021-07-07 16:24:08.667
P3120000028,鉴湖路1（锦江花园）停车场,柯桥区,29,22,2021-07-07 16:24:08.667
P3120000029,鉴湖路2（锦江花园）停车场,柯桥区,21,16,2021-07-07 16:24:08.667
P3120000030,鉴湖路3停车场,柯桥区,12,5,2021-07-07 16:24:08.667
P3120000033,港越路1(步行街1)停车场,柯桥区,14,6,2021-07-07 16:24:08.667
P3120000037,港越路5（温州饭滩）停车场,柯桥区,22,5,2021-07-07 16:24:08.667
P3120000038,港越路6停车场,柯桥区,16,10,2021-07-07 16:24:08.667
P3120000039,笛扬路1（世纪联华）停车场,柯桥区,31,10,2021-07-07 16:24:08.667
P3120000040,笛扬路2（广厦公寓）停车场,柯桥区,37,24,2021-07-07 16:24:08.667
P3120000041,笛扬路3（樱花电器）停车场,柯桥区,18,11,2021-07-07 16:24:08.667
P3120000042,笛扬路4（工商银行）停车场,柯桥区,23,15,2021-07-07 16:24:08.667
P3120000061,港越路2(精工2)停车场,柯桥区,21,15,2021-07-07 16:24:08.667
P3120000062,港越路1(步行街3)停车场,柯桥区,16,10,2021-07-07 16:24:08.667
P3120000064,港越路1(步行街2)停车场,柯桥区,26,15,2021-07-07 16:24:08.667
P3120000065,温渎路3停车场,柯桥区,11,5,2021-07-07 16:24:08.667
P3120000068,港越路3（精工）停车场,柯桥区,23,8,2021-07-07 16:24:08.667
P3120000015,温渎路1停车场,柯桥区,21,13,2021-07-07 16:34:10.303
P3120000017,万家巷停车场,柯桥区,40,25,2021-07-07 16:34:10.303
P3120000019,黄社溇路2停车场,柯桥区,18,12,2021-07-07 16:34:10.303
P3120000025,金杨路1（中医院）停车场,柯桥区,28,20,2021-07-07 16:34:10.303
P3120000027,金杨路3停车场,柯桥区,28,18,2021-07-07 16:34:10.303
P3120000028,鉴湖路1（锦江花园）停车场,柯桥区,29,24,2021-07-07 16:34:10.303
P3120000029,鉴湖路2（锦江花园）停车场,柯桥区,21,15,2021-07-07 16:34:10.303
P3120000030,鉴湖路3停车场,柯桥区,12,6,2021-07-07 16:34:10.303
P3120000033,港越路1(步行街1)停车场,柯桥区,14,8,2021-07-07 16:34:10.303
P3120000034,港越路2（精工）停车场,柯桥区,12,12,2021-07-07 16:34:10.303
P3120000036,港越路4（肯德基）停车场,柯桥区,21,5,2021-07-07 16:34:10.303
P3120000037,港越路5（温州饭滩）停车场,柯桥区,22,2,2021-07-07 16:34:10.303
P3120000039,笛扬路1（世纪联华）停车场,柯桥区,31,11,2021-07-07 16:34:10.303
P3120000040,笛扬路2（广厦公寓）停车场,柯桥区,37,22,2021-07-07 16:34:10.303
P3120000041,笛扬路3（樱花电器）停车场,柯桥区,18,15,2021-07-07 16:34:10.303
P3120000042,笛扬路4（工商银行）停车场,柯桥区,23,14,2021-07-07 16:34:10.303
P3120000045,笛扬路7（福年大厦）停车场,柯桥区,22,9,2021-07-07 16:34:10.303
P3120000014,人和路停车场,柯桥区,19,15,2021-07-07 16:44:08.213
P3120000016,温渎路2停车场,柯桥区,15,13,2021-07-07 16:44:08.213
P3120000018,黄社溇路1停车场,柯桥区,16,9,2021-07-07 16:44:08.213
P3120000019,黄社溇路2停车场,柯桥区,18,14,2021-07-07 16:44:08.213
P3120000028,鉴湖路1（锦江花园）停车场,柯桥区,29,25,2021-07-07 16:44:08.213
P3120000029,鉴湖路2（锦江花园）停车场,柯桥区,21,13,2021-07-07 16:44:08.213
P3120000030,鉴湖路3停车场,柯桥区,12,11,2021-07-07 16:44:08.213
P3120000032,鉴湖路5（四大银行）停车场,柯桥区,16,7,2021-07-07 16:44:08.213
P3120000033,港越路1(步行街1)停车场,柯桥区,14,6,2021-07-07 16:44:08.213
P3120000036,港越路4（肯德基）停车场,柯桥区,21,3,2021-07-07 16:44:08.213
P3120000037,港越路5（温州饭滩）停车场,柯桥区,22,6,2021-07-07 16:44:08.213
P3120000038,港越路6停车场,柯桥区,16,12,2021-07-07 16:44:08.213
P3120000040,笛扬路2（广厦公寓）停车场,柯桥区,37,25,2021-07-07 16:44:08.213
P3120000041,笛扬路3（樱花电器）停车场,柯桥区,18,14,2021-07-07 16:44:08.213
P3120000042,笛扬路4（工商银行）停车场,柯桥区,23,17,2021-07-07 16:44:08.213
P3120000045,笛扬路7（福年大厦）停车场,柯桥区,22,11,2021-07-07 16:44:08.213
P3120000062,港越路1(步行街3)停车场,柯桥区,16,9,2021-07-07 16:44:08.213
P3120000064,港越路1(步行街2)停车场,柯桥区,26,12,2021-07-07 16:44:08.213
P3120000068,港越路3（精工）停车场,柯桥区,23,7,2021-07-07 16:44:08.213
P3120000016,温渎路2停车场,柯桥区,15,12,2021-07-07 16:54:08.55
P3120000017,万家巷停车场,柯桥区,40,26,2021-07-07 16:54:08.55
P3120000018,黄社溇路1停车场,柯桥区,16,7,2021-07-07 16:54:08.55
P3120000019,黄社溇路2停车场,柯桥区,18,11,2021-07-07 16:54:08.55
P3120000027,金杨路3停车场,柯桥区,28,15,2021-07-07 16:54:08.55
P3120000028,鉴湖路1（锦江花园）停车场,柯桥区,29,23,2021-07-07 16:54:08.55
P3120000029,鉴湖路2（锦江花园）停车场,柯桥区,21,15,2021-07-07 16:54:08.55
P3120000033,港越路1(步行街1)停车场,柯桥区,14,7,2021-07-07 16:54:08.55
P3120000034,港越路2（精工）停车场,柯桥区,12,11,2021-07-07 16:54:08.55
P3120000036,港越路4（肯德基）停车场,柯桥区,21,6,2021-07-07 16:54:08.55
P3120000037,港越路5（温州饭滩）停车场,柯桥区,22,9,2021-07-07 16:54:08.55
P3120000038,港越路6停车场,柯桥区,16,11,2021-07-07 16:54:08.55
P3120000039,笛扬路1（世纪联华）停车场,柯桥区,31,13,2021-07-07 16:54:08.55
P3120000040,笛扬路2（广厦公寓）停车场,柯桥区,37,28,2021-07-07 16:54:08.55
P3120000042,笛扬路4（工商银行）停车场,柯桥区,23,19,2021-07-07 16:54:08.55
P3120000045,笛扬路7（福年大厦）停车场,柯桥区,22,10,2021-07-07 16:54:08.55
P3120000062,港越路1(步行街3)停车场,柯桥区,16,11,2021-07-07 16:54:08.55
P3120000064,港越路1(步行街2)停车场,柯桥区,26,11,2021-07-07 16:54:08.55
P3120000068,港越路3（精工）停车场,柯桥区,23,10,2021-07-07 16:54:08.55
P3120000014,人和路停车场,柯桥区,19,14,2021-07-07 17:04:09.003
P3120000016,温渎路2停车场,柯桥区,15,13,2021-07-07 17:04:09.003
P3120000017,万家巷停车场,柯桥区,40,27,2021-07-07 17:04:09.003
P3120000019,黄社溇路2停车场,柯桥区,18,14,2021-07-07 17:04:09.003
P3120000027,金杨路3停车场,柯桥区,28,17,2021-07-07 17:04:09.003
P3120000029,鉴湖路2（锦江花园）停车场,柯桥区,21,14,2021-07-07 17:04:09.003
P3120000032,鉴湖路5（四大银行）停车场,柯桥区,16,6,2021-07-07 17:04:09.003
P3120000036,港越路4（肯德基）停车场,柯桥区,21,7,2021-07-07 17:04:09.003
P3120000037,港越路5（温州饭滩）停车场,柯桥区,22,13,2021-07-07 17:04:09.003
P3120000038,港越路6停车场,柯桥区,16,13,2021-07-07 17:04:09.003
P3120000039,笛扬路1（世纪联华）停车场,柯桥区,31,15,2021-07-07 17:04:09.003
P3120000045,笛扬路7（福年大厦）停车场,柯桥区,22,8,2021-07-07 17:04:09.003
P3120000062,港越路1(步行街3)停车场,柯桥区,16,12,2021-07-07 17:04:09.003
P3120000065,温渎路3停车场,柯桥区,11,4,2021-07-07 17:04:09.003
P3120000068,港越路3（精工）停车场,柯桥区,23,11,2021-07-07 17:04:09.003
P3120000015,温渎路1停车场,柯桥区,21,16,2021-07-07 17:14:10.373
P3120000017,万家巷停车场,柯桥区,40,28,2021-07-07 17:14:10.373
P3120000025,金杨路1（中医院）停车场,柯桥区,28,22,2021-07-07 17:14:10.373
P3120000027,金杨路3停车场,柯桥区,28,18,2021-07-07 17:14:10.373
P3120000028,鉴湖路1（锦江花园）停车场,柯桥区,29,25,2021-07-07 17:14:10.373
P3120000032,鉴湖路5（四大银行）停车场,柯桥区,16,10,2021-07-07 17:14:10.373
P3120000036,港越路4（肯德基）停车场,柯桥区,21,4,2021-07-07 17:14:10.373
P3120000037,港越路5（温州饭滩）停车场,柯桥区,22,15,2021-07-07 17:14:10.373
P3120000038,港越路6停车场,柯桥区,16,11,2021-07-07 17:14:10.373
P3120000039,笛扬路1（世纪联华）停车场,柯桥区,31,17,2021-07-07 17:14:10.373
P3120000040,笛扬路2（广厦公寓）停车场,柯桥区,37,26,2021-07-07 17:14:10.373
P3120000041,笛扬路3（樱花电器）停车场,柯桥区,18,16,2021-07-07 17:14:10.373
P3120000042,笛扬路4（工商银行）停车场,柯桥区,23,21,2021-07-07 17:14:10.373
P3120000045,笛扬路7（福年大厦）停车场,柯桥区,22,9,2021-07-07 17:14:10.373
P3120000062,港越路1(步行街3)停车场,柯桥区,16,10,2021-07-07 17:14:10.373
P3120000064,港越路1(步行街2)停车场,柯桥区,26,15,2021-07-07 17:14:10.373
P3120000065,温渎路3停车场,柯桥区,11,6,2021-07-07 17:14:10.373
P3120000068,港越路3（精工）停车场,柯桥区,23,12,2021-07-07 17:14:10.373
P3120000014,人和路停车场,柯桥区,19,11,2021-07-07 17:24:12.117
P3120000015,温渎路1停车场,柯桥区,21,17,2021-07-07 17:24:12.117
P3120000016,温渎路2停车场,柯桥区,15,12,2021-07-07 17:24:12.117
P3120000018,黄社溇路1停车场,柯桥区,16,6,2021-07-07 17:24:12.117
P3120000025,金杨路1（中医院）停车场,柯桥区,28,21,2021-07-07 17:24:12.117
P3120000027,金杨路3停车场,柯桥区,28,17,2021-07-07 17:24:12.117
P3120000028,鉴湖路1（锦江花园）停车场,柯桥区,29,22,2021-07-07 17:24:12.117
P3120000032,鉴湖路5（四大银行）停车场,柯桥区,16,9,2021-07-07 17:24:12.117
P3120000036,港越路4（肯德基）停车场,柯桥区,21,5,2021-07-07 17:24:12.117
P3120000037,港越路5（温州饭滩）停车场,柯桥区,22,12,2021-07-07 17:24:12.117
P3120000038,港越路6停车场,柯桥区,16,10,2021-07-07 17:24:12.117
P3120000041,笛扬路3（樱花电器）停车场,柯桥区,18,15,2021-07-07 17:24:12.117
P3120000042,笛扬路4（工商银行）停车场,柯桥区,23,17,2021-07-07 17:24:12.117
P3120000061,港越路2(精工2)停车场,柯桥区,21,14,2021-07-07 17:24:12.117
P3120000062,港越路1(步行街3)停车场,柯桥区,16,11,2021-07-07 17:24:12.117
P3120000064,港越路1(步行街2)停车场,柯桥区,26,13,2021-07-07 17:24:12.117
P3120000068,港越路3（精工）停车场,柯桥区,23,11,2021-07-07 17:24:12.117
P3120000014,人和路停车场,柯桥区,19,14,2021-07-07 17:34:11.747
P3120000015,温渎路1停车场,柯桥区,21,15,2021-07-07 17:34:11.747
P3120000016,温渎路2停车场,柯桥区,15,13,2021-07-07 17:34:11.747
P3120000017,万家巷停车场,柯桥区,40,29,2021-07-07 17:34:11.747
P3120000018,黄社溇路1停车场,柯桥区,16,4,2021-07-07 17:34:11.747
P3120000019,黄社溇路2停车场,柯桥区,18,13,2021-07-07 17:34:11.747
P3120000025,金杨路1（中医院）停车场,柯桥区,28,23,2021-07-07 17:34:11.747
P3120000028,鉴湖路1（锦江花园）停车场,柯桥区,29,23,2021-07-07 17:34:11.747
P3120000029,鉴湖路2（锦江花园）停车场,柯桥区,21,15,2021-07-07 17:34:11.747
P3120000030,鉴湖路3停车场,柯桥区,12,9,2021-07-07 17:34:11.747
P3120000032,鉴湖路5（四大银行）停车场,柯桥区,16,11,2021-07-07 17:34:11.747
P3120000033,港越路1(步行街1)停车场,柯桥区,14,5,2021-07-07 17:34:11.747
P3120000036,港越路4（肯德基）停车场,柯桥区,21,4,2021-07-07 17:34:11.747
P3120000040,笛扬路2（广厦公寓）停车场,柯桥区,37,27,2021-07-07 17:34:11.747
P3120000042,笛扬路4（工商银行）停车场,柯桥区,23,16,2021-07-07 17:34:11.747
P3120000045,笛扬路7（福年大厦）停车场,柯桥区,22,12,2021-07-07 17:34:11.747
P3120000062,港越路1(步行街3)停车场,柯桥区,16,9,2021-07-07 17:34:11.747
P3120000064,港越路1(步行街2)停车场,柯桥区,26,14,2021-07-07 17:34:11.747
P3120000017,万家巷停车场,柯桥区,40,28,2021-07-07 17:44:09.84
P3120000018,黄社溇路1停车场,柯桥区,16,2,2021-07-07 17:44:09.84
P3120000019,黄社溇路2停车场,柯桥区,18,10,2021-07-07 17:44:09.84
P3120000025,金杨路1（中医院）停车场,柯桥区,28,24,2021-07-07 17:44:09.84
P3120000029,鉴湖路2（锦江花园）停车场,柯桥区,21,14,2021-07-07 17:44:09.84
P3120000039,笛扬路1（世纪联华）停车场,柯桥区,31,19,2021-07-07 17:44:09.84
P3120000040,笛扬路2（广厦公寓）停车场,柯桥区,37,29,2021-07-07 17:44:09.84
P3120000041,笛扬路3（樱花电器）停车场,柯桥区,18,16,2021-07-07 17:44:09.84
P3120000042,笛扬路4（工商银行）停车场,柯桥区,23,17,2021-07-07 17:44:09.84
P3120000045,笛扬路7（福年大厦）停车场,柯桥区,22,11,2021-07-07 17:44:09.84
P3120000061,港越路2(精工2)停车场,柯桥区,21,16,2021-07-07 17:44:09.84
P3120000068,港越路3（精工）停车场,柯桥区,23,12,2021-07-07 17:44:09.84
P3120000014,人和路停车场,柯桥区,19,16,2021-07-07 17:54:10.357
P3120000017,万家巷停车场,柯桥区,40,26,2021-07-07 17:54:10.357
P3120000018,黄社溇路1停车场,柯桥区,16,3,2021-07-07 17:54:10.357
P3120000019,黄社溇路2停车场,柯桥区,18,9,2021-07-07 17:54:10.357
P3120000027,金杨路3停车场,柯桥区,28,19,2021-07-07 17:54:10.357
P3120000028,鉴湖路1（锦江花园）停车场,柯桥区,29,19,2021-07-07 17:54:10.357
P3120000029,鉴湖路2（锦江花园）停车场,柯桥区,21,15,2021-07-07 17:54:10.357
P3120000032,鉴湖路5（四大银行）停车场,柯桥区,16,14,2021-07-07 17:54:10.357
P3120000033,港越路1(步行街1)停车场,柯桥区,14,6,2021-07-07 17:54:10.357
P3120000034,港越路2（精工）停车场,柯桥区,12,12,2021-07-07 17:54:10.357
P3120000036,港越路4（肯德基）停车场,柯桥区,21,2,2021-07-07 17:54:10.357
P3120000038,港越路6停车场,柯桥区,16,12,2021-07-07 17:54:10.357
P3120000039,笛扬路1（世纪联华）停车场,柯桥区,31,21,2021-07-07 17:54:10.357
P3120000041,笛扬路3（樱花电器）停车场,柯桥区,18,14,2021-07-07 17:54:10.357
P3120000042,笛扬路4（工商银行）停车场,柯桥区,23,19,2021-07-07 17:54:10.357
P3120000045,笛扬路7（福年大厦）停车场,柯桥区,22,9,2021-07-07 17:54:10.357
P3120000064,港越路1(步行街2)停车场,柯桥区,26,15,2021-07-07 17:54:10.357
P3120000065,温渎路3停车场,柯桥区,11,7,2021-07-07 17:54:10.357
P3120000068,港越路3（精工）停车场,柯桥区,23,15,2021-07-07 17:54:10.357
P3120000014,人和路停车场,柯桥区,19,14,2021-07-07 18:04:08.96
P3120000016,温渎路2停车场,柯桥区,15,10,2021-07-07 18:04:08.96
P3120000017,万家巷停车场,柯桥区,40,21,2021-07-07 18:04:08.96
P3120000019,黄社溇路2停车场,柯桥区,18,11,2021-07-07 18:04:08.96
P3120000025,金杨路1（中医院）停车场,柯桥区,28,23,2021-07-07 18:04:08.96
P3120000027,金杨路3停车场,柯桥区,28,16,2021-07-07 18:04:08.96
P3120000028,鉴湖路1（锦江花园）停车场,柯桥区,29,17,2021-07-07 18:04:08.96
P3120000029,鉴湖路2（锦江花园）停车场,柯桥区,21,16,2021-07-07 18:04:08.96
P3120000030,鉴湖路3停车场,柯桥区,12,8,2021-07-07 18:04:08.96
P3120000032,鉴湖路5（四大银行）停车场,柯桥区,16,15,2021-07-07 18:04:08.96
P3120000033,港越路1(步行街1)停车场,柯桥区,14,5,2021-07-07 18:04:08.96
P3120000034,港越路2（精工）停车场,柯桥区,12,11,2021-07-07 18:04:08.96
P3120000036,港越路4（肯德基）停车场,柯桥区,21,3,2021-07-07 18:04:08.96
P3120000037,港越路5（温州饭滩）停车场,柯桥区,22,9,2021-07-07 18:04:08.96
P3120000038,港越路6停车场,柯桥区,16,9,2021-07-07 18:04:08.96
P3120000039,笛扬路1（世纪联华）停车场,柯桥区,31,23,2021-07-07 18:04:08.96
P3120000040,笛扬路2（广厦公寓）停车场,柯桥区,37,28,2021-07-07 18:04:08.96
P3120000042,笛扬路4（工商银行）停车场,柯桥区,23,17,2021-07-07 18:04:08.96
P3120000061,港越路2(精工2)停车场,柯桥区,21,15,2021-07-07 18:04:08.96
P3120000064,港越路1(步行街2)停车场,柯桥区,26,12,2021-07-07 18:04:08.96
P3120000065,温渎路3停车场,柯桥区,11,5,2021-07-07 18:04:08.96
P3120000068,港越路3（精工）停车场,柯桥区,23,17,2021-07-07 18:04:08.96
P3120000016,温渎路2停车场,柯桥区,15,11,2021-07-07 18:14:10.897
P3120000017,万家巷停车场,柯桥区,40,20,2021-07-07 18:14:10.897
P3120000018,黄社溇路1停车场,柯桥区,16,2,2021-07-07 18:14:10.897
P3120000019,黄社溇路2停车场,柯桥区,18,6,2021-07-07 18:14:10.897
P3120000027,金杨路3停车场,柯桥区,28,19,2021-07-07 18:14:10.897
P3120000028,鉴湖路1（锦江花园）停车场,柯桥区,29,18,2021-07-07 18:14:10.897
P3120000030,鉴湖路3停车场,柯桥区,12,7,2021-07-07 18:14:10.897
P3120000032,鉴湖路5（四大银行）停车场,柯桥区,16,13,2021-07-07 18:14:10.897
P3120000036,港越路4（肯德基）停车场,柯桥区,21,6,2021-07-07 18:14:10.897
P3120000037,港越路5（温州饭滩）停车场,柯桥区,22,10,2021-07-07 18:14:10.897
P3120000038,港越路6停车场,柯桥区,16,11,2021-07-07 18:14:10.897
P3120000039,笛扬路1（世纪联华）停车场,柯桥区,31,21,2021-07-07 18:14:10.897
P3120000040,笛扬路2（广厦公寓）停车场,柯桥区,37,29,2021-07-07 18:14:10.897
P3120000041,笛扬路3（樱花电器）停车场,柯桥区,18,13,2021-07-07 18:14:10.897
P3120000042,笛扬路4（工商银行）停车场,柯桥区,23,14,2021-07-07 18:14:10.897
P3120000045,笛扬路7（福年大厦）停车场,柯桥区,22,7,2021-07-07 18:14:10.897
P3120000061,港越路2(精工2)停车场,柯桥区,21,17,2021-07-07 18:14:10.897
P3120000064,港越路1(步行街2)停车场,柯桥区,26,15,2021-07-07 18:14:10.897
P3120000065,温渎路3停车场,柯桥区,11,7,2021-07-07 18:14:10.897
P3120000068,港越路3（精工）停车场,柯桥区,23,16,2021-07-07 18:14:10.897
P3120000015,温渎路1停车场,柯桥区,21,14,2021-07-07 18:24:10.877
P3120000016,温渎路2停车场,柯桥区,15,9,2021-07-07 18:24:10.877
P3120000017,万家巷停车场,柯桥区,40,21,2021-07-07 18:24:10.877
P3120000018,黄社溇路1停车场,柯桥区,16,3,2021-07-07 18:24:10.877
P3120000019,黄社溇路2停车场,柯桥区,18,5,2021-07-07 18:24:10.877
P3120000027,金杨路3停车场,柯桥区,28,18,2021-07-07 18:24:10.877
P3120000028,鉴湖路1（锦江花园）停车场,柯桥区,29,17,2021-07-07 18:24:10.877
P3120000029,鉴湖路2（锦江花园）停车场,柯桥区,21,15,2021-07-07 18:24:10.877
P3120000030,鉴湖路3停车场,柯桥区,12,6,2021-07-07 18:24:10.877
P3120000032,鉴湖路5（四大银行）停车场,柯桥区,16,12,2021-07-07 18:24:10.877
P3120000033,港越路1(步行街1)停车场,柯桥区,14,4,2021-07-07 18:24:10.877
P3120000034,港越路2（精工）停车场,柯桥区,12,10,2021-07-07 18:24:10.877
P3120000036,港越路4（肯德基）停车场,柯桥区,21,9,2021-07-07 18:24:10.877
P3120000038,港越路6停车场,柯桥区,16,10,2021-07-07 18:24:10.877
P3120000039,笛扬路1（世纪联华）停车场,柯桥区,31,24,2021-07-07 18:24:10.877
P3120000040,笛扬路2（广厦公寓）停车场,柯桥区,37,31,2021-07-07 18:24:10.877
P3120000041,笛扬路3（樱花电器）停车场,柯桥区,18,12,2021-07-07 18:24:10.877
P3120000042,笛扬路4（工商银行）停车场,柯桥区,23,13,2021-07-07 18:24:10.877
P3120000045,笛扬路7（福年大厦）停车场,柯桥区,22,10,2021-07-07 18:24:10.877
P3120000061,港越路2(精工2)停车场,柯桥区,21,15,2021-07-07 18:24:10.877
P3120000062,港越路1(步行街3)停车场,柯桥区,16,6,2021-07-07 18:24:10.877
P3120000065,温渎路3停车场,柯桥区,11,5,2021-07-07 18:24:10.877
P3120000068,港越路3（精工）停车场,柯桥区,23,17,2021-07-07 18:24:10.877
P3120000014,人和路停车场,柯桥区,19,13,2021-07-07 18:34:09.14
P3120000015,温渎路1停车场,柯桥区,21,15,2021-07-07 18:34:09.14
P3120000016,温渎路2停车场,柯桥区,15,8,2021-07-07 18:34:09.14
P3120000017,万家巷停车场,柯桥区,40,20,2021-07-07 18:34:09.14
P3120000018,黄社溇路1停车场,柯桥区,16,2,2021-07-07 18:34:09.14
P3120000019,黄社溇路2停车场,柯桥区,18,3,2021-07-07 18:34:09.14
P3120000027,金杨路3停车场,柯桥区,28,20,2021-07-07 18:34:09.14
P3120000028,鉴湖路1（锦江花园）停车场,柯桥区,29,14,2021-07-07 18:34:09.14
P3120000029,鉴湖路2（锦江花园）停车场,柯桥区,21,16,2021-07-07 18:34:09.14
P3120000032,鉴湖路5（四大银行）停车场,柯桥区,16,13,2021-07-07 18:34:09.14
P3120000033,港越路1(步行街1)停车场,柯桥区,14,7,2021-07-07 18:34:09.14
P3120000036,港越路4（肯德基）停车场,柯桥区,21,11,2021-07-07 18:34:09.14
P3120000037,港越路5（温州饭滩）停车场,柯桥区,22,9,2021-07-07 18:34:09.14
P3120000038,港越路6停车场,柯桥区,16,8,2021-07-07 18:34:09.14
P3120000039,笛扬路1（世纪联华）停车场,柯桥区,31,23,2021-07-07 18:34:09.14
P3120000040,笛扬路2（广厦公寓）停车场,柯桥区,37,29,2021-07-07 18:34:09.14
P3120000041,笛扬路3（樱花电器）停车场,柯桥区,18,10,2021-07-07 18:34:09.14
P3120000061,港越路2(精工2)停车场,柯桥区,21,13,2021-07-07 18:34:09.14
P3120000064,港越路1(步行街2)停车场,柯桥区,26,12,2021-07-07 18:34:09.14
P3120000065,温渎路3停车场,柯桥区,11,6,2021-07-07 18:34:09.14
P3120000068,港越路3（精工）停车场,柯桥区,23,19,2021-07-07 18:34:09.14
P3120000014,人和路停车场,柯桥区,19,9,2021-07-07 18:44:10.813
P3120000015,温渎路1停车场,柯桥区,21,16,2021-07-07 18:44:10.813
P3120000016,温渎路2停车场,柯桥区,15,11,2021-07-07 18:44:10.813
P3120000018,黄社溇路1停车场,柯桥区,16,1,2021-07-07 18:44:10.813
P3120000025,金杨路1（中医院）停车场,柯桥区,28,22,2021-07-07 18:44:10.813
P3120000027,金杨路3停车场,柯桥区,28,17,2021-07-07 18:44:10.813
P3120000028,鉴湖路1（锦江花园）停车场,柯桥区,29,13,2021-07-07 18:44:10.813
P3120000032,鉴湖路5（四大银行）停车场,柯桥区,16,9,2021-07-07 18:44:10.813
P3120000033,港越路1(步行街1)停车场,柯桥区,14,4,2021-07-07 18:44:10.813
P3120000036,港越路4（肯德基）停车场,柯桥区,21,5,2021-07-07 18:44:10.813
P3120000037,港越路5（温州饭滩）停车场,柯桥区,22,8,2021-07-07 18:44:10.813
P3120000038,港越路6停车场,柯桥区,16,10,2021-07-07 18:44:10.813
P3120000040,笛扬路2（广厦公寓）停车场,柯桥区,37,28,2021-07-07 18:44:10.813
P3120000041,笛扬路3（樱花电器）停车场,柯桥区,18,11,2021-07-07 18:44:10.813
P3120000042,笛扬路4（工商银行）停车场,柯桥区,23,12,2021-07-07 18:44:10.813
P3120000045,笛扬路7（福年大厦）停车场,柯桥区,22,8,2021-07-07 18:44:10.813
P3120000061,港越路2(精工2)停车场,柯桥区,21,15,2021-07-07 18:44:10.813
P3120000062,港越路1(步行街3)停车场,柯桥区,16,5,2021-07-07 18:44:10.813
P3120000064,港越路1(步行街2)停车场,柯桥区,26,14,2021-07-07 18:44:10.813
P3120000068,港越路3（精工）停车场,柯桥区,23,21,2021-07-07 18:44:10.813
P3120000014,人和路停车场,柯桥区,19,5,2021-07-07 18:54:10.93
P3120000015,温渎路1停车场,柯桥区,21,15,2021-07-07 18:54:10.93
P3120000017,万家巷停车场,柯桥区,40,16,2021-07-07 18:54:10.93
P3120000018,黄社溇路1停车场,柯桥区,16,2,2021-07-07 18:54:10.93
P3120000019,黄社溇路2停车场,柯桥区,18,2,2021-07-07 18:54:10.93
P3120000025,金杨路1（中医院）停车场,柯桥区,28,21,2021-07-07 18:54:10.93
P3120000027,金杨路3停车场,柯桥区,28,14,2021-07-07 18:54:10.93
P3120000028,鉴湖路1（锦江花园）停车场,柯桥区,29,15,2021-07-07 18:54:10.93
P3120000029,鉴湖路2（锦江花园）停车场,柯桥区,21,13,2021-07-07 18:54:10.93
P3120000032,鉴湖路5（四大银行）停车场,柯桥区,16,8,2021-07-07 18:54:10.93
P3120000034,港越路2（精工）停车场,柯桥区,12,9,2021-07-07 18:54:10.93
P3120000039,笛扬路1（世纪联华）停车场,柯桥区,31,25,2021-07-07 18:54:10.93
P3120000040,笛扬路2（广厦公寓）停车场,柯桥区,37,27,2021-07-07 18:54:10.93
P3120000041,笛扬路3（樱花电器）停车场,柯桥区,18,9,2021-07-07 18:54:10.93
P3120000042,笛扬路4（工商银行）停车场,柯桥区,23,13,2021-07-07 18:54:10.93
P3120000045,笛扬路7（福年大厦）停车场,柯桥区,22,9,2021-07-07 18:54:10.93
P3120000061,港越路2(精工2)停车场,柯桥区,21,13,2021-07-07 18:54:10.93
P3120000062,港越路1(步行街3)停车场,柯桥区,16,6,2021-07-07 18:54:10.93
P3120000064,港越路1(步行街2)停车场,柯桥区,26,13,2021-07-07 18:54:10.93
P3120000068,港越路3（精工）停车场,柯桥区,23,19,2021-07-07 18:54:10.93
P3120000017,万家巷停车场,柯桥区,40,15,2021-07-07 19:04:10.16
P3120000018,黄社溇路1停车场,柯桥区,16,1,2021-07-07 19:04:10.16
P3120000025,金杨路1（中医院）停车场,柯桥区,28,19,2021-07-07 19:04:10.16
P3120000027,金杨路3停车场,柯桥区,28,17,2021-07-07 19:04:10.16
P3120000028,鉴湖路1（锦江花园）停车场,柯桥区,29,14,2021-07-07 19:04:10.16
P3120000030,鉴湖路3停车场,柯桥区,12,7,2021-07-07 19:04:10.16
P3120000032,鉴湖路5（四大银行）停车场,柯桥区,16,7,2021-07-07 19:04:10.16
P3120000034,港越路2（精工）停车场,柯桥区,12,10,2021-07-07 19:04:10.16
P3120000036,港越路4（肯德基）停车场,柯桥区,21,8,2021-07-07 19:04:10.16
P3120000037,港越路5（温州饭滩）停车场,柯桥区,22,3,2021-07-07 19:04:10.16
P3120000039,笛扬路1（世纪联华）停车场,柯桥区,31,24,2021-07-07 19:04:10.16
P3120000040,笛扬路2（广厦公寓）停车场,柯桥区,37,22,2021-07-07 19:04:10.16
P3120000041,笛扬路3（樱花电器）停车场,柯桥区,18,11,2021-07-07 19:04:10.16
P3120000042,笛扬路4（工商银行）停车场,柯桥区,23,14,2021-07-07 19:04:10.16
P3120000045,笛扬路7（福年大厦）停车场,柯桥区,22,5,2021-07-07 19:04:10.16
P3120000062,港越路1(步行街3)停车场,柯桥区,16,7,2021-07-07 19:04:10.16
P3120000064,港越路1(步行街2)停车场,柯桥区,26,12,2021-07-07 19:04:10.16
P3120000068,港越路3（精工）停车场,柯桥区,23,17,2021-07-07 19:04:10.16
P3120000014,人和路停车场,柯桥区,19,8,2021-07-07 19:14:08.573
P3120000015,温渎路1停车场,柯桥区,21,14,2021-07-07 19:14:08.573
P3120000016,温渎路2停车场,柯桥区,15,9,2021-07-07 19:14:08.573
P3120000017,万家巷停车场,柯桥区,40,16,2021-07-07 19:14:08.573
P3120000018,黄社溇路1停车场,柯桥区,16,0,2021-07-07 19:14:08.573
P3120000019,黄社溇路2停车场,柯桥区,18,4,2021-07-07 19:14:08.573
P3120000025,金杨路1（中医院）停车场,柯桥区,28,20,2021-07-07 19:14:08.573
P3120000027,金杨路3停车场,柯桥区,28,16,2021-07-07 19:14:08.573
P3120000028,鉴湖路1（锦江花园）停车场,柯桥区,29,13,2021-07-07 19:14:08.573
P3120000029,鉴湖路2（锦江花园）停车场,柯桥区,21,12,2021-07-07 19:14:08.573
P3120000030,鉴湖路3停车场,柯桥区,12,6,2021-07-07 19:14:08.573
P3120000032,鉴湖路5（四大银行）停车场,柯桥区,16,8,2021-07-07 19:14:08.573
P3120000033,港越路1(步行街1)停车场,柯桥区,14,5,2021-07-07 19:14:08.573
P3120000036,港越路4（肯德基）停车场,柯桥区,21,10,2021-07-07 19:14:08.573
P3120000037,港越路5（温州饭滩）停车场,柯桥区,22,6,2021-07-07 19:14:08.573
P3120000038,港越路6停车场,柯桥区,16,9,2021-07-07 19:14:08.573
P3120000039,笛扬路1（世纪联华）停车场,柯桥区,31,25,2021-07-07 19:14:08.573
P3120000040,笛扬路2（广厦公寓）停车场,柯桥区,37,24,2021-07-07 19:14:08.573
P3120000041,笛扬路3（樱花电器）停车场,柯桥区,18,13,2021-07-07 19:14:08.573
P3120000045,笛扬路7（福年大厦）停车场,柯桥区,22,4,2021-07-07 19:14:08.573
P3120000061,港越路2(精工2)停车场,柯桥区,21,15,2021-07-07 19:14:08.573
P3120000062,港越路1(步行街3)停车场,柯桥区,16,8,2021-07-07 19:14:08.573
P3120000064,港越路1(步行街2)停车场,柯桥区,26,10,2021-07-07 19:14:08.573
P3120000068,港越路3（精工）停车场,柯桥区,23,19,2021-07-07 19:14:08.573
P3120000015,温渎路1停车场,柯桥区,21,15,2021-07-07 19:24:10.013
P3120000016,温渎路2停车场,柯桥区,15,10,2021-07-07 19:24:10.013
P3120000018,黄社溇路1停车场,柯桥区,16,1,2021-07-07 19:24:10.013
P3120000019,黄社溇路2停车场,柯桥区,18,3,2021-07-07 19:24:10.013
P3120000025,金杨路1（中医院）停车场,柯桥区,28,21,2021-07-07 19:24:10.013
P3120000027,金杨路3停车场,柯桥区,28,15,2021-07-07 19:24:10.013
P3120000029,鉴湖路2（锦江花园）停车场,柯桥区,21,14,2021-07-07 19:24:10.013
P3120000030,鉴湖路3停车场,柯桥区,12,7,2021-07-07 19:24:10.013
P3120000032,鉴湖路5（四大银行）停车场,柯桥区,16,7,2021-07-07 19:24:10.013
P3120000033,港越路1(步行街1)停车场,柯桥区,14,6,2021-07-07 19:24:10.013
P3120000036,港越路4（肯德基）停车场,柯桥区,21,6,2021-07-07 19:24:10.013
P3120000037,港越路5（温州饭滩）停车场,柯桥区,22,7,2021-07-07 19:24:10.013
P3120000038,港越路6停车场,柯桥区,16,7,2021-07-07 19:24:10.013
P3120000039,笛扬路1（世纪联华）停车场,柯桥区,31,26,2021-07-07 19:24:10.013
P3120000040,笛扬路2（广厦公寓）停车场,柯桥区,37,22,2021-07-07 19:24:10.013
P3120000041,笛扬路3（樱花电器）停车场,柯桥区,18,11,2021-07-07 19:24:10.013
P3120000042,笛扬路4（工商银行）停车场,柯桥区,23,13,2021-07-07 19:24:10.013
P3120000045,笛扬路7（福年大厦）停车场,柯桥区,22,5,2021-07-07 19:24:10.013
P3120000064,港越路1(步行街2)停车场,柯桥区,26,12,2021-07-07 19:24:10.013
P3120000068,港越路3（精工）停车场,柯桥区,23,20,2021-07-07 19:24:10.013
P3120000014,人和路停车场,柯桥区,19,10,2021-07-07 19:34:10.33
P3120000019,黄社溇路2停车场,柯桥区,18,4,2021-07-07 19:34:10.33
P3120000025,金杨路1（中医院）停车场,柯桥区,28,18,2021-07-07 19:34:10.33
P3120000027,金杨路3停车场,柯桥区,28,17,2021-07-07 19:34:10.33
P3120000032,鉴湖路5（四大银行）停车场,柯桥区,16,8,2021-07-07 19:34:10.33
P3120000036,港越路4（肯德基）停车场,柯桥区,21,7,2021-07-07 19:34:10.33
P3120000037,港越路5（温州饭滩）停车场,柯桥区,22,8,2021-07-07 19:34:10.33
P3120000038,港越路6停车场,柯桥区,16,10,2021-07-07 19:34:10.33
P3120000040,笛扬路2（广厦公寓）停车场,柯桥区,37,21,2021-07-07 19:34:10.33
P3120000041,笛扬路3（樱花电器）停车场,柯桥区,18,10,2021-07-07 19:34:10.33
P3120000042,笛扬路4（工商银行）停车场,柯桥区,23,12,2021-07-07 19:34:10.33
P3120000061,港越路2(精工2)停车场,柯桥区,21,16,2021-07-07 19:34:10.33
P3120000062,港越路1(步行街3)停车场,柯桥区,16,9,2021-07-07 19:34:10.33
P3120000064,港越路1(步行街2)停车场,柯桥区,26,10,2021-07-07 19:34:10.33
P3120000065,温渎路3停车场,柯桥区,11,7,2021-07-07 19:34:10.33
P3120000068,港越路3（精工）停车场,柯桥区,23,19,2021-07-07 19:34:10.33
P3120000016,温渎路2停车场,柯桥区,15,9,2021-07-07 19:44:09.883
P3120000018,黄社溇路1停车场,柯桥区,16,2,2021-07-07 19:44:09.883
P3120000019,黄社溇路2停车场,柯桥区,18,3,2021-07-07 19:44:09.883
P3120000027,金杨路3停车场,柯桥区,28,16,2021-07-07 19:44:09.883
P3120000028,鉴湖路1（锦江花园）停车场,柯桥区,29,11,2021-07-07 19:44:09.883
P3120000029,鉴湖路2（锦江花园）停车场,柯桥区,21,12,2021-07-07 19:44:09.883
P3120000032,鉴湖路5（四大银行）停车场,柯桥区,16,9,2021-07-07 19:44:09.883
P3120000033,港越路1(步行街1)停车场,柯桥区,14,7,2021-07-07 19:44:09.883
P3120000034,港越路2（精工）停车场,柯桥区,12,9,2021-07-07 19:44:09.883
P3120000036,港越路4（肯德基）停车场,柯桥区,21,6,2021-07-07 19:44:09.883
P3120000037,港越路5（温州饭滩）停车场,柯桥区,22,6,2021-07-07 19:44:09.883
P3120000038,港越路6停车场,柯桥区,16,9,2021-07-07 19:44:09.883
P3120000039,笛扬路1（世纪联华）停车场,柯桥区,31,24,2021-07-07 19:44:09.883
P3120000040,笛扬路2（广厦公寓）停车场,柯桥区,37,23,2021-07-07 19:44:09.883
P3120000041,笛扬路3（樱花电器）停车场,柯桥区,18,11,2021-07-07 19:44:09.883
P3120000042,笛扬路4（工商银行）停车场,柯桥区,23,11,2021-07-07 19:44:09.883
P3120000045,笛扬路7（福年大厦）停车场,柯桥区,22,10,2021-07-07 19:44:09.883
P3120000062,港越路1(步行街3)停车场,柯桥区,16,11,2021-07-07 19:44:09.883
P3120000064,港越路1(步行街2)停车场,柯桥区,26,8,2021-07-07 19:44:09.883
P3120000065,温渎路3停车场,柯桥区,11,6,2021-07-07 19:44:09.883
P3120000068,港越路3（精工）停车场,柯桥区,23,21,2021-07-07 19:44:09.883
P3120000014,人和路停车场,柯桥区,19,11,2021-07-07 19:54:08.717
P3120000016,温渎路2停车场,柯桥区,15,7,2021-07-07 19:54:08.717
P3120000017,万家巷停车场,柯桥区,40,20,2021-07-07 19:54:08.717
P3120000018,黄社溇路1停车场,柯桥区,16,3,2021-07-07 19:54:08.717
P3120000019,黄社溇路2停车场,柯桥区,18,5,2021-07-07 19:54:08.717
P3120000025,金杨路1（中医院）停车场,柯桥区,28,17,2021-07-07 19:54:08.717
P3120000027,金杨路3停车场,柯桥区,28,15,2021-07-07 19:54:08.717
P3120000029,鉴湖路2（锦江花园）停车场,柯桥区,21,11,2021-07-07 19:54:08.717
P3120000030,鉴湖路3停车场,柯桥区,12,6,2021-07-07 19:54:08.717
P3120000032,鉴湖路5（四大银行）停车场,柯桥区,16,7,2021-07-07 19:54:08.717
P3120000034,港越路2（精工）停车场,柯桥区,12,8,2021-07-07 19:54:08.717
P3120000036,港越路4（肯德基）停车场,柯桥区,21,7,2021-07-07 19:54:08.717
P3120000039,笛扬路1（世纪联华）停车场,柯桥区,31,22,2021-07-07 19:54:08.717
P3120000040,笛扬路2（广厦公寓）停车场,柯桥区,37,24,2021-07-07 19:54:08.717
P3120000041,笛扬路3（樱花电器）停车场,柯桥区,18,12,2021-07-07 19:54:08.717
P3120000042,笛扬路4（工商银行）停车场,柯桥区,23,10,2021-07-07 19:54:08.717
P3120000061,港越路2(精工2)停车场,柯桥区,21,15,2021-07-07 19:54:08.717
P3120000062,港越路1(步行街3)停车场,柯桥区,16,10,2021-07-07 19:54:08.717
P3120000065,温渎路3停车场,柯桥区,11,7,2021-07-07 19:54:08.717
P3120000068,港越路3（精工）停车场,柯桥区,23,20,2021-07-07 19:54:08.717
P3120000014,人和路停车场,柯桥区,19,10,2021-07-07 20:04:08.873
P3120000016,温渎路2停车场,柯桥区,15,4,2021-07-07 20:04:08.873
P3120000017,万家巷停车场,柯桥区,40,21,2021-07-07 20:04:08.873
P3120000018,黄社溇路1停车场,柯桥区,16,2,2021-07-07 20:04:08.873
P3120000025,金杨路1（中医院）停车场,柯桥区,28,16,2021-07-07 20:04:08.873
P3120000029,鉴湖路2（锦江花园）停车场,柯桥区,21,7,2021-07-07 20:04:08.873
P3120000032,鉴湖路5（四大银行）停车场,柯桥区,16,9,2021-07-07 20:04:08.873
P3120000034,港越路2（精工）停车场,柯桥区,12,9,2021-07-07 20:04:08.873
P3120000036,港越路4（肯德基）停车场,柯桥区,21,5,2021-07-07 20:04:08.873
P3120000038,港越路6停车场,柯桥区,16,8,2021-07-07 20:04:08.873
P3120000039,笛扬路1（世纪联华）停车场,柯桥区,31,24,2021-07-07 20:04:08.873
P3120000040,笛扬路2（广厦公寓）停车场,柯桥区,37,23,2021-07-07 20:04:08.873
P3120000042,笛扬路4（工商银行）停车场,柯桥区,23,11,2021-07-07 20:04:08.873
P3120000045,笛扬路7（福年大厦）停车场,柯桥区,22,8,2021-07-07 20:04:08.873
P3120000061,港越路2(精工2)停车场,柯桥区,21,13,2021-07-07 20:04:08.873
P3120000064,港越路1(步行街2)停车场,柯桥区,26,7,2021-07-07 20:04:08.873
P3120000065,温渎路3停车场,柯桥区,11,5,2021-07-07 20:04:08.873
P3120000068,港越路3（精工）停车场,柯桥区,23,21,2021-07-07 20:04:08.873
P3120000014,人和路停车场,柯桥区,19,8,2021-07-07 20:14:11.567
P3120000015,温渎路1停车场,柯桥区,21,14,2021-07-07 20:14:11.567
P3120000017,万家巷停车场,柯桥区,40,20,2021-07-07 20:14:11.567
P3120000025,金杨路1（中医院）停车场,柯桥区,28,13,2021-07-07 20:14:11.567
P3120000027,金杨路3停车场,柯桥区,28,13,2021-07-07 20:14:11.567
P3120000028,鉴湖路1（锦江花园）停车场,柯桥区,29,10,2021-07-07 20:14:11.567
P3120000029,鉴湖路2（锦江花园）停车场,柯桥区,21,5,2021-07-07 20:14:11.567
P3120000030,鉴湖路3停车场,柯桥区,12,11,2021-07-07 20:14:11.567
P3120000032,鉴湖路5（四大银行）停车场,柯桥区,16,11,2021-07-07 20:14:11.567
P3120000033,港越路1(步行街1)停车场,柯桥区,14,8,2021-07-07 20:14:11.567
P3120000036,港越路4（肯德基）停车场,柯桥区,21,6,2021-07-07 20:14:11.567
P3120000039,笛扬路1（世纪联华）停车场,柯桥区,31,23,2021-07-07 20:14:11.567
P3120000040,笛扬路2（广厦公寓）停车场,柯桥区,37,24,2021-07-07 20:14:11.567
P3120000041,笛扬路3（樱花电器）停车场,柯桥区,18,11,2021-07-07 20:14:11.567
P3120000061,港越路2(精工2)停车场,柯桥区,21,14,2021-07-07 20:14:11.567
P3120000062,港越路1(步行街3)停车场,柯桥区,16,9,2021-07-07 20:14:11.567
P3120000064,港越路1(步行街2)停车场,柯桥区,26,6,2021-07-07 20:14:11.567
P3120000015,温渎路1停车场,柯桥区,21,13,2021-07-07 20:24:09.99
P3120000017,万家巷停车场,柯桥区,40,22,2021-07-07 20:24:09.99
P3120000018,黄社溇路1停车场,柯桥区,16,3,2021-07-07 20:24:09.99
P3120000027,金杨路3停车场,柯桥区,28,15,2021-07-07 20:24:09.99
P3120000028,鉴湖路1（锦江花园）停车场,柯桥区,29,12,2021-07-07 20:24:09.99
P3120000029,鉴湖路2（锦江花园）停车场,柯桥区,21,6,2021-07-07 20:24:09.99
P3120000032,鉴湖路5（四大银行）停车场,柯桥区,16,10,2021-07-07 20:24:09.99
P3120000033,港越路1(步行街1)停车场,柯桥区,14,7,2021-07-07 20:24:09.99
P3120000034,港越路2（精工）停车场,柯桥区,12,7,2021-07-07 20:24:09.99
P3120000036,港越路4（肯德基）停车场,柯桥区,21,7,2021-07-07 20:24:09.99
P3120000037,港越路5（温州饭滩）停车场,柯桥区,22,5,2021-07-07 20:24:09.99
P3120000039,笛扬路1（世纪联华）停车场,柯桥区,31,22,2021-07-07 20:24:09.99
P3120000041,笛扬路3（樱花电器）停车场,柯桥区,18,10,2021-07-07 20:24:09.99
P3120000042,笛扬路4（工商银行）停车场,柯桥区,23,12,2021-07-07 20:24:09.99
P3120000064,港越路1(步行街2)停车场,柯桥区,26,5,2021-07-07 20:24:09.99
P3120000014,人和路停车场,柯桥区,19,10,2021-07-07 20:34:09.65
P3120000015,温渎路1停车场,柯桥区,21,14,2021-07-07 20:34:09.65
P3120000017,万家巷停车场,柯桥区,40,20,2021-07-07 20:34:09.65
P3120000018,黄社溇路1停车场,柯桥区,16,5,2021-07-07 20:34:09.65
P3120000019,黄社溇路2停车场,柯桥区,18,6,2021-07-07 20:34:09.65
P3120000025,金杨路1（中医院）停车场,柯桥区,28,12,2021-07-07 20:34:09.65
P3120000027,金杨路3停车场,柯桥区,28,16,2021-07-07 20:34:09.65
P3120000028,鉴湖路1（锦江花园）停车场,柯桥区,29,10,2021-07-07 20:34:09.65
P3120000032,鉴湖路5（四大银行）停车场,柯桥区,16,11,2021-07-07 20:34:09.65
P3120000033,港越路1(步行街1)停车场,柯桥区,14,6,2021-07-07 20:34:09.65
P3120000034,港越路2（精工）停车场,柯桥区,12,6,2021-07-07 20:34:09.65
P3120000036,港越路4（肯德基）停车场,柯桥区,21,6,2021-07-07 20:34:09.65
P3120000037,港越路5（温州饭滩）停车场,柯桥区,22,7,2021-07-07 20:34:09.65
P3120000062,港越路1(步行街3)停车场,柯桥区,16,8,2021-07-07 20:34:09.65
P3120000064,港越路1(步行街2)停车场,柯桥区,26,7,2021-07-07 20:34:09.65
P3120000016,温渎路2停车场,柯桥区,15,3,2021-07-07 20:44:11.163
P3120000018,黄社溇路1停车场,柯桥区,16,3,2021-07-07 20:44:11.163
P3120000025,金杨路1（中医院）停车场,柯桥区,28,15,2021-07-07 20:44:11.163
P3120000027,金杨路3停车场,柯桥区,28,14,2021-07-07 20:44:11.163
P3120000028,鉴湖路1（锦江花园）停车场,柯桥区,29,9,2021-07-07 20:44:11.163
P3120000029,鉴湖路2（锦江花园）停车场,柯桥区,21,4,2021-07-07 20:44:11.163
P3120000032,鉴湖路5（四大银行）停车场,柯桥区,16,10,2021-07-07 20:44:11.163
P3120000033,港越路1(步行街1)停车场,柯桥区,14,5,2021-07-07 20:44:11.163
P3120000034,港越路2（精工）停车场,柯桥区,12,9,2021-07-07 20:44:11.163
P3120000036,港越路4（肯德基）停车场,柯桥区,21,5,2021-07-07 20:44:11.163
P3120000037,港越路5（温州饭滩）停车场,柯桥区,22,8,2021-07-07 20:44:11.163
P3120000040,笛扬路2（广厦公寓）停车场,柯桥区,37,27,2021-07-07 20:44:11.163
P3120000041,笛扬路3（樱花电器）停车场,柯桥区,18,8,2021-07-07 20:44:11.163
P3120000045,笛扬路7（福年大厦）停车场,柯桥区,22,6,2021-07-07 20:44:11.163
P3120000062,港越路1(步行街3)停车场,柯桥区,16,6,2021-07-07 20:44:11.163
P3120000068,港越路3（精工）停车场,柯桥区,23,18,2021-07-07 20:44:11.163
P3120000014,人和路停车场,柯桥区,19,9,2021-07-07 20:54:08.39
P3120000016,温渎路2停车场,柯桥区,15,4,2021-07-07 20:54:08.39
P3120000017,万家巷停车场,柯桥区,40,19,2021-07-07 20:54:08.39
P3120000019,黄社溇路2停车场,柯桥区,18,7,2021-07-07 20:54:08.39
P3120000025,金杨路1（中医院）停车场,柯桥区,28,16,2021-07-07 20:54:08.39
P3120000029,鉴湖路2（锦江花园）停车场,柯桥区,21,6,2021-07-07 20:54:08.39
P3120000032,鉴湖路5（四大银行）停车场,柯桥区,16,9,2021-07-07 20:54:08.39
P3120000037,港越路5（温州饭滩）停车场,柯桥区,22,7,2021-07-07 20:54:08.39
P3120000039,笛扬路1（世纪联华）停车场,柯桥区,31,21,2021-07-07 20:54:08.39
P3120000040,笛扬路2（广厦公寓）停车场,柯桥区,37,25,2021-07-07 20:54:08.39
P3120000041,笛扬路3（樱花电器）停车场,柯桥区,18,9,2021-07-07 20:54:08.39
P3120000042,笛扬路4（工商银行）停车场,柯桥区,23,13,2021-07-07 20:54:08.39
P3120000045,笛扬路7（福年大厦）停车场,柯桥区,22,7,2021-07-07 20:54:08.39
P3120000065,温渎路3停车场,柯桥区,11,4,2021-07-07 20:54:08.39
P3120000068,港越路3（精工）停车场,柯桥区,23,17,2021-07-07 20:54:08.39
P3120000014,人和路停车场,柯桥区,19,8,2021-07-07 21:04:09.64
P3120000015,温渎路1停车场,柯桥区,21,13,2021-07-07 21:04:09.64
P3120000016,温渎路2停车场,柯桥区,15,3,2021-07-07 21:04:09.64
P3120000017,万家巷停车场,柯桥区,40,18,2021-07-07 21:04:09.64
P3120000019,黄社溇路2停车场,柯桥区,18,8,2021-07-07 21:04:09.64
P3120000027,金杨路3停车场,柯桥区,28,15,2021-07-07 21:04:09.64
P3120000028,鉴湖路1（锦江花园）停车场,柯桥区,29,8,2021-07-07 21:04:09.64
P3120000029,鉴湖路2（锦江花园）停车场,柯桥区,21,7,2021-07-07 21:04:09.64
P3120000032,鉴湖路5（四大银行）停车场,柯桥区,16,10,2021-07-07 21:04:09.64
P3120000037,港越路5（温州饭滩）停车场,柯桥区,22,10,2021-07-07 21:04:09.64
P3120000039,笛扬路1（世纪联华）停车场,柯桥区,31,23,2021-07-07 21:04:09.64
P3120000040,笛扬路2（广厦公寓）停车场,柯桥区,37,29,2021-07-07 21:04:09.64
P3120000041,笛扬路3（樱花电器）停车场,柯桥区,18,10,2021-07-07 21:04:09.64
P3120000042,笛扬路4（工商银行）停车场,柯桥区,23,14,2021-07-07 21:04:09.64
P3120000045,笛扬路7（福年大厦）停车场,柯桥区,22,6,2021-07-07 21:04:09.64
P3120000062,港越路1(步行街3)停车场,柯桥区,16,7,2021-07-07 21:04:09.64
P3120000065,温渎路3停车场,柯桥区,11,5,2021-07-07 21:04:09.64
P3120000068,港越路3（精工）停车场,柯桥区,23,18,2021-07-07 21:04:09.64
P3120000015,温渎路1停车场,柯桥区,21,15,2021-07-07 21:14:11.937
P3120000017,万家巷停车场,柯桥区,40,16,2021-07-07 21:14:11.937
P3120000018,黄社溇路1停车场,柯桥区,16,5,2021-07-07 21:14:11.937
P3120000019,黄社溇路2停车场,柯桥区,18,9,2021-07-07 21:14:11.937
P3120000032,鉴湖路5（四大银行）停车场,柯桥区,16,7,2021-07-07 21:14:11.937
P3120000037,港越路5（温州饭滩）停车场,柯桥区,22,8,2021-07-07 21:14:11.937
P3120000039,笛扬路1（世纪联华）停车场,柯桥区,31,24,2021-07-07 21:14:11.937
P3120000040,笛扬路2（广厦公寓）停车场,柯桥区,37,28,2021-07-07 21:14:11.937
P3120000042,笛扬路4（工商银行）停车场,柯桥区,23,11,2021-07-07 21:14:11.937
P3120000045,笛扬路7（福年大厦）停车场,柯桥区,22,8,2021-07-07 21:14:11.937
P3120000061,港越路2(精工2)停车场,柯桥区,21,13,2021-07-07 21:14:11.937
P3120000062,港越路1(步行街3)停车场,柯桥区,16,4,2021-07-07 21:14:11.937
P3120000064,港越路1(步行街2)停车场,柯桥区,26,8,2021-07-07 21:14:11.937
P3120000014,人和路停车场,柯桥区,19,7,2021-07-07 21:24:07.633
P3120000016,温渎路2停车场,柯桥区,15,4,2021-07-07 21:24:07.633
P3120000017,万家巷停车场,柯桥区,40,17,2021-07-07 21:24:07.633
P3120000025,金杨路1（中医院）停车场,柯桥区,28,18,2021-07-07 21:24:07.633
P3120000027,金杨路3停车场,柯桥区,28,14,2021-07-07 21:24:07.633
P3120000028,鉴湖路1（锦江花园）停车场,柯桥区,29,7,2021-07-07 21:24:07.633
P3120000029,鉴湖路2（锦江花园）停车场,柯桥区,21,6,2021-07-07 21:24:07.633
P3120000032,鉴湖路5（四大银行）停车场,柯桥区,16,8,2021-07-07 21:24:07.633
P3120000036,港越路4（肯德基）停车场,柯桥区,21,6,2021-07-07 21:24:07.633
P3120000037,港越路5（温州饭滩）停车场,柯桥区,22,7,2021-07-07 21:24:07.633
P3120000041,笛扬路3（樱花电器）停车场,柯桥区,18,9,2021-07-07 21:24:07.633
P3120000042,笛扬路4（工商银行）停车场,柯桥区,23,12,2021-07-07 21:24:07.633
P3120000045,笛扬路7（福年大厦）停车场,柯桥区,22,7,2021-07-07 21:24:07.633
P3120000062,港越路1(步行街3)停车场,柯桥区,16,5,2021-07-07 21:24:07.633
P3120000064,港越路1(步行街2)停车场,柯桥区,26,7,2021-07-07 21:24:07.633
P3120000015,温渎路1停车场,柯桥区,21,14,2021-07-07 21:34:08.107
P3120000016,温渎路2停车场,柯桥区,15,5,2021-07-07 21:34:08.107
P3120000017,万家巷停车场,柯桥区,40,15,2021-07-07 21:34:08.107
P3120000018,黄社溇路1停车场,柯桥区,16,3,2021-07-07 21:34:08.107
P3120000019,黄社溇路2停车场,柯桥区,18,10,2021-07-07 21:34:08.107
P3120000025,金杨路1（中医院）停车场,柯桥区,28,15,2021-07-07 21:34:08.107
P3120000027,金杨路3停车场,柯桥区,28,13,2021-07-07 21:34:08.107
P3120000028,鉴湖路1（锦江花园）停车场,柯桥区,29,9,2021-07-07 21:34:08.107
P3120000030,鉴湖路3停车场,柯桥区,12,10,2021-07-07 21:34:08.107
P3120000032,鉴湖路5（四大银行）停车场,柯桥区,16,6,2021-07-07 21:34:08.107
P3120000034,港越路2（精工）停车场,柯桥区,12,8,2021-07-07 21:34:08.107
P3120000037,港越路5（温州饭滩）停车场,柯桥区,22,8,2021-07-07 21:34:08.107
P3120000039,笛扬路1（世纪联华）停车场,柯桥区,31,25,2021-07-07 21:34:08.107
P3120000042,笛扬路4（工商银行）停车场,柯桥区,23,15,2021-07-07 21:34:08.107
P3120000045,笛扬路7（福年大厦）停车场,柯桥区,22,6,2021-07-07 21:34:08.107
P3120000061,港越路2(精工2)停车场,柯桥区,21,15,2021-07-07 21:34:08.107
P3120000062,港越路1(步行街3)停车场,柯桥区,16,4,2021-07-07 21:34:08.107
P3120000064,港越路1(步行街2)停车场,柯桥区,26,8,2021-07-07 21:34:08.107
P3120000065,温渎路3停车场,柯桥区,11,4,2021-07-07 21:34:08.107
P3120000014,人和路停车场,柯桥区,19,8,2021-07-07 21:44:11.52
P3120000016,温渎路2停车场,柯桥区,15,4,2021-07-07 21:44:11.52
P3120000017,万家巷停车场,柯桥区,40,18,2021-07-07 21:44:11.52
P3120000018,黄社溇路1停车场,柯桥区,16,6,2021-07-07 21:44:11.52
P3120000025,金杨路1（中医院）停车场,柯桥区,28,14,2021-07-07 21:44:11.52
P3120000027,金杨路3停车场,柯桥区,28,14,2021-07-07 21:44:11.52
P3120000028,鉴湖路1（锦江花园）停车场,柯桥区,29,10,2021-07-07 21:44:11.52
P3120000029,鉴湖路2（锦江花园）停车场,柯桥区,21,7,2021-07-07 21:44:11.52
P3120000032,鉴湖路5（四大银行）停车场,柯桥区,16,7,2021-07-07 21:44:11.52
P3120000034,港越路2（精工）停车场,柯桥区,12,9,2021-07-07 21:44:11.52
P3120000036,港越路4（肯德基）停车场,柯桥区,21,7,2021-07-07 21:44:11.52
P3120000037,港越路5（温州饭滩）停车场,柯桥区,22,10,2021-07-07 21:44:11.52
P3120000038,港越路6停车场,柯桥区,16,6,2021-07-07 21:44:11.52
P3120000039,笛扬路1（世纪联华）停车场,柯桥区,31,24,2021-07-07 21:44:11.52
P3120000041,笛扬路3（樱花电器）停车场,柯桥区,18,10,2021-07-07 21:44:11.52
P3120000042,笛扬路4（工商银行）停车场,柯桥区,23,14,2021-07-07 21:44:11.52
P3120000045,笛扬路7（福年大厦）停车场,柯桥区,22,7,2021-07-07 21:44:11.52
P3120000061,港越路2(精工2)停车场,柯桥区,21,16,2021-07-07 21:44:11.52
P3120000015,温渎路1停车场,柯桥区,21,15,2021-07-07 21:54:08.31
P3120000016,温渎路2停车场,柯桥区,15,6,2021-07-07 21:54:08.31
P3120000018,黄社溇路1停车场,柯桥区,16,9,2021-07-07 21:54:08.31
P3120000019,黄社溇路2停车场,柯桥区,18,11,2021-07-07 21:54:08.31
P3120000025,金杨路1（中医院）停车场,柯桥区,28,12,2021-07-07 21:54:08.31
P3120000028,鉴湖路1（锦江花园）停车场,柯桥区,29,6,2021-07-07 21:54:08.31
P3120000037,港越路5（温州饭滩）停车场,柯桥区,22,8,2021-07-07 21:54:08.31
P3120000038,港越路6停车场,柯桥区,16,5,2021-07-07 21:54:08.31
P3120000039,笛扬路1（世纪联华）停车场,柯桥区,31,23,2021-07-07 21:54:08.31
P3120000041,笛扬路3（樱花电器）停车场,柯桥区,18,11,2021-07-07 21:54:08.31
P3120000042,笛扬路4（工商银行）停车场,柯桥区,23,15,2021-07-07 21:54:08.31
P3120000045,笛扬路7（福年大厦）停车场,柯桥区,22,8,2021-07-07 21:54:08.31
P3120000061,港越路2(精工2)停车场,柯桥区,21,15,2021-07-07 21:54:08.31
P3120000064,港越路1(步行街2)停车场,柯桥区,26,9,2021-07-07 21:54:08.31
P3120000068,港越路3（精工）停车场,柯桥区,23,17,2021-07-07 21:54:08.31
P3120000014,人和路停车场,柯桥区,19,9,2021-07-07 22:04:10.577
P3120000015,温渎路1停车场,柯桥区,21,14,2021-07-07 22:04:10.577
P3120000017,万家巷停车场,柯桥区,40,21,2021-07-07 22:04:10.577
P3120000018,黄社溇路1停车场,柯桥区,16,10,2021-07-07 22:04:10.577
P3120000025,金杨路1（中医院）停车场,柯桥区,28,8,2021-07-07 22:04:10.577
P3120000027,金杨路3停车场,柯桥区,28,13,2021-07-07 22:04:10.577
P3120000029,鉴湖路2（锦江花园）停车场,柯桥区,21,8,2021-07-07 22:04:10.577
P3120000037,港越路5（温州饭滩）停车场,柯桥区,22,5,2021-07-07 22:04:10.577
P3120000038,港越路6停车场,柯桥区,16,6,2021-07-07 22:04:10.577
P3120000042,笛扬路4（工商银行）停车场,柯桥区,23,14,2021-07-07 22:04:10.577
P3120000045,笛扬路7（福年大厦）停车场,柯桥区,22,9,2021-07-07 22:04:10.577
P3120000062,港越路1(步行街3)停车场,柯桥区,16,6,2021-07-07 22:04:10.577
P3120000016,温渎路2停车场,柯桥区,15,5,2021-07-07 22:14:08.6
P3120000018,黄社溇路1停车场,柯桥区,16,9,2021-07-07 22:14:08.6
P3120000019,黄社溇路2停车场,柯桥区,18,13,2021-07-07 22:14:08.6
P3120000025,金杨路1（中医院）停车场,柯桥区,28,11,2021-07-07 22:14:08.6
P3120000032,鉴湖路5（四大银行）停车场,柯桥区,16,9,2021-07-07 22:14:08.6
P3120000036,港越路4（肯德基）停车场,柯桥区,21,5,2021-07-07 22:14:08.6
P3120000038,港越路6停车场,柯桥区,16,7,2021-07-07 22:14:08.6
P3120000040,笛扬路2（广厦公寓）停车场,柯桥区,37,31,2021-07-07 22:14:08.6
P3120000041,笛扬路3（樱花电器）停车场,柯桥区,18,12,2021-07-07 22:14:08.6
P3120000042,笛扬路4（工商银行）停车场,柯桥区,23,15,2021-07-07 22:14:08.6
P3120000045,笛扬路7（福年大厦）停车场,柯桥区,22,11,2021-07-07 22:14:08.6
P3120000061,港越路2(精工2)停车场,柯桥区,21,13,2021-07-07 22:14:08.6
P3120000068,港越路3（精工）停车场,柯桥区,23,16,2021-07-07 22:14:08.6
P3120000015,温渎路1停车场,柯桥区,21,15,2021-07-07 22:24:08.057
P3120000016,温渎路2停车场,柯桥区,15,6,2021-07-07 22:24:08.057
P3120000017,万家巷停车场,柯桥区,40,20,2021-07-07 22:24:08.057
P3120000018,黄社溇路1停车场,柯桥区,16,10,2021-07-07 22:24:08.057
P3120000027,金杨路3停车场,柯桥区,28,14,2021-07-07 22:24:08.057
P3120000028,鉴湖路1（锦江花园）停车场,柯桥区,29,4,2021-07-07 22:24:08.057
P3120000029,鉴湖路2（锦江花园）停车场,柯桥区,21,7,2021-07-07 22:24:08.057
P3120000030,鉴湖路3停车场,柯桥区,12,11,2021-07-07 22:24:08.057
P3120000032,鉴湖路5（四大银行）停车场,柯桥区,16,10,2021-07-07 22:24:08.057
P3120000034,港越路2（精工）停车场,柯桥区,12,7,2021-07-07 22:24:08.057
P3120000036,港越路4（肯德基）停车场,柯桥区,21,4,2021-07-07 22:24:08.057
P3120000038,港越路6停车场,柯桥区,16,4,2021-07-07 22:24:08.057
P3120000039,笛扬路1（世纪联华）停车场,柯桥区,31,21,2021-07-07 22:24:08.057
P3120000040,笛扬路2（广厦公寓）停车场,柯桥区,37,30,2021-07-07 22:24:08.057
P3120000041,笛扬路3（樱花电器）停车场,柯桥区,18,13,2021-07-07 22:24:08.057
P3120000045,笛扬路7（福年大厦）停车场,柯桥区,22,10,2021-07-07 22:24:08.057
P3120000061,港越路2(精工2)停车场,柯桥区,21,14,2021-07-07 22:24:08.057
P3120000062,港越路1(步行街3)停车场,柯桥区,16,7,2021-07-07 22:24:08.057
P3120000065,温渎路3停车场,柯桥区,11,5,2021-07-07 22:24:08.057
P3120000015,温渎路1停车场,柯桥区,21,14,2021-07-07 22:34:10.073
P3120000016,温渎路2停车场,柯桥区,15,5,2021-07-07 22:34:10.073
P3120000017,万家巷停车场,柯桥区,40,21,2021-07-07 22:34:10.073
P3120000018,黄社溇路1停车场,柯桥区,16,6,2021-07-07 22:34:10.073
P3120000019,黄社溇路2停车场,柯桥区,18,12,2021-07-07 22:34:10.073
P3120000028,鉴湖路1（锦江花园）停车场,柯桥区,29,6,2021-07-07 22:34:10.073
P3120000030,鉴湖路3停车场,柯桥区,12,9,2021-07-07 22:34:10.073
P3120000032,鉴湖路5（四大银行）停车场,柯桥区,16,8,2021-07-07 22:34:10.073
P3120000036,港越路4（肯德基）停车场,柯桥区,21,5,2021-07-07 22:34:10.073
P3120000039,笛扬路1（世纪联华）停车场,柯桥区,31,23,2021-07-07 22:34:10.073
P3120000061,港越路2(精工2)停车场,柯桥区,21,15,2021-07-07 22:34:10.073
P3120000062,港越路1(步行街3)停车场,柯桥区,16,8,2021-07-07 22:34:10.073
P3120000068,港越路3（精工）停车场,柯桥区,23,17,2021-07-07 22:34:10.073
P3120000017,万家巷停车场,柯桥区,40,22,2021-07-07 22:44:08.7
P3120000018,黄社溇路1停车场,柯桥区,16,5,2021-07-07 22:44:08.7
P3120000025,金杨路1（中医院）停车场,柯桥区,28,10,2021-07-07 22:44:08.7
P3120000029,鉴湖路2（锦江花园）停车场,柯桥区,21,8,2021-07-07 22:44:08.7
P3120000032,鉴湖路5（四大银行）停车场,柯桥区,16,7,2021-07-07 22:44:08.7
P3120000036,港越路4（肯德基）停车场,柯桥区,21,8,2021-07-07 22:44:08.7
P3120000037,港越路5（温州饭滩）停车场,柯桥区,22,6,2021-07-07 22:44:08.7
P3120000038,港越路6停车场,柯桥区,16,3,2021-07-07 22:44:08.7
P3120000039,笛扬路1（世纪联华）停车场,柯桥区,31,22,2021-07-07 22:44:08.7
P3120000045,笛扬路7（福年大厦）停车场,柯桥区,22,8,2021-07-07 22:44:08.7
P3120000062,港越路1(步行街3)停车场,柯桥区,16,7,2021-07-07 22:44:08.7
P3120000065,温渎路3停车场,柯桥区,11,6,2021-07-07 22:44:08.7
P3120000068,港越路3（精工）停车场,柯桥区,23,16,2021-07-07 22:44:08.7
P3120000017,万家巷停车场,柯桥区,40,23,2021-07-07 22:54:11.143
P3120000019,黄社溇路2停车场,柯桥区,18,10,2021-07-07 22:54:11.143
P3120000028,鉴湖路1（锦江花园）停车场,柯桥区,29,8,2021-07-07 22:54:11.143
P3120000032,鉴湖路5（四大银行）停车场,柯桥区,16,8,2021-07-07 22:54:11.143
P3120000033,港越路1(步行街1)停车场,柯桥区,14,4,2021-07-07 22:54:11.143
P3120000034,港越路2（精工）停车场,柯桥区,12,6,2021-07-07 22:54:11.143
P3120000036,港越路4（肯德基）停车场,柯桥区,21,6,2021-07-07 22:54:11.143
P3120000037,港越路5（温州饭滩）停车场,柯桥区,22,5,2021-07-07 22:54:11.143
P3120000062,港越路1(步行街3)停车场,柯桥区,16,6,2021-07-07 22:54:11.143
P3120000065,温渎路3停车场,柯桥区,11,7,2021-07-07 22:54:11.143
P3120000016,温渎路2停车场,柯桥区,15,7,2021-07-07 23:04:10.38
P3120000017,万家巷停车场,柯桥区,40,22,2021-07-07 23:04:10.38
P3120000018,黄社溇路1停车场,柯桥区,16,4,2021-07-07 23:04:10.38
P3120000019,黄社溇路2停车场,柯桥区,18,9,2021-07-07 23:04:10.38
P3120000029,鉴湖路2（锦江花园）停车场,柯桥区,21,9,2021-07-07 23:04:10.38
P3120000032,鉴湖路5（四大银行）停车场,柯桥区,16,9,2021-07-07 23:04:10.38
P3120000042,笛扬路4（工商银行）停车场,柯桥区,23,16,2021-07-07 23:04:10.38
P3120000017,万家巷停车场,柯桥区,40,25,2021-07-07 23:14:09.35
P3120000018,黄社溇路1停车场,柯桥区,16,6,2021-07-07 23:14:09.35
P3120000025,金杨路1（中医院）停车场,柯桥区,28,11,2021-07-07 23:14:09.35
P3120000027,金杨路3停车场,柯桥区,28,15,2021-07-07 23:14:09.35
P3120000032,鉴湖路5（四大银行）停车场,柯桥区,16,8,2021-07-07 23:14:09.35
P3120000033,港越路1(步行街1)停车场,柯桥区,14,5,2021-07-07 23:14:09.35
P3120000034,港越路2（精工）停车场,柯桥区,12,5,2021-07-07 23:14:09.35
P3120000036,港越路4（肯德基）停车场,柯桥区,21,5,2021-07-07 23:14:09.35
P3120000042,笛扬路4（工商银行）停车场,柯桥区,23,15,2021-07-07 23:14:09.35
P3120000061,港越路2(精工2)停车场,柯桥区,21,13,2021-07-07 23:14:09.35
P3120000064,港越路1(步行街2)停车场,柯桥区,26,8,2021-07-07 23:14:09.35
P3120000068,港越路3（精工）停车场,柯桥区,23,17,2021-07-07 23:14:09.35
P3120000015,温渎路1停车场,柯桥区,21,15,2021-07-07 23:24:09.9
P3120000017,万家巷停车场,柯桥区,40,26,2021-07-07 23:24:09.9
P3120000018,黄社溇路1停车场,柯桥区,16,8,2021-07-07 23:24:09.9
P3120000027,金杨路3停车场,柯桥区,28,13,2021-07-07 23:24:09.9
P3120000028,鉴湖路1（锦江花园）停车场,柯桥区,29,9,2021-07-07 23:24:09.9
P3120000029,鉴湖路2（锦江花园）停车场,柯桥区,21,11,2021-07-07 23:24:09.9
P3120000032,鉴湖路5（四大银行）停车场,柯桥区,16,9,2021-07-07 23:24:09.9
P3120000033,港越路1(步行街1)停车场,柯桥区,14,4,2021-07-07 23:24:09.9
P3120000036,港越路4（肯德基）停车场,柯桥区,21,6,2021-07-07 23:24:09.9
P3120000041,笛扬路3（樱花电器）停车场,柯桥区,18,14,2021-07-07 23:24:09.9
P3120000042,笛扬路4（工商银行）停车场,柯桥区,23,17,2021-07-07 23:24:09.9
P3120000062,港越路1(步行街3)停车场,柯桥区,16,5,2021-07-07 23:24:09.9
P3120000068,港越路3（精工）停车场,柯桥区,23,19,2021-07-07 23:24:09.9
P3120000015,温渎路1停车场,柯桥区,21,17,2021-07-07 23:34:12.337
P3120000025,金杨路1（中医院）停车场,柯桥区,28,12,2021-07-07 23:34:12.337
P3120000028,鉴湖路1（锦江花园）停车场,柯桥区,29,11,2021-07-07 23:34:12.337
P3120000029,鉴湖路2（锦江花园）停车场,柯桥区,21,9,2021-07-07 23:34:12.337
P3120000033,港越路1(步行街1)停车场,柯桥区,14,5,2021-07-07 23:34:12.337
P3120000034,港越路2（精工）停车场,柯桥区,12,6,2021-07-07 23:34:12.337
P3120000036,港越路4（肯德基）停车场,柯桥区,21,9,2021-07-07 23:34:12.337
P3120000037,港越路5（温州饭滩）停车场,柯桥区,22,7,2021-07-07 23:34:12.337
P3120000038,港越路6停车场,柯桥区,16,6,2021-07-07 23:34:12.337
P3120000039,笛扬路1（世纪联华）停车场,柯桥区,31,20,2021-07-07 23:34:12.337
P3120000040,笛扬路2（广厦公寓）停车场,柯桥区,37,31,2021-07-07 23:34:12.337
P3120000061,港越路2(精工2)停车场,柯桥区,21,12,2021-07-07 23:34:12.337
P3120000064,港越路1(步行街2)停车场,柯桥区,26,7,2021-07-07 23:34:12.337
P3120000018,黄社溇路1停车场,柯桥区,16,6,2021-07-07 23:44:08.58
P3120000019,黄社溇路2停车场,柯桥区,18,7,2021-07-07 23:44:08.58
P3120000025,金杨路1（中医院）停车场,柯桥区,28,11,2021-07-07 23:44:08.58
P3120000027,金杨路3停车场,柯桥区,28,14,2021-07-07 23:44:08.58
P3120000028,鉴湖路1（锦江花园）停车场,柯桥区,29,12,2021-07-07 23:44:08.58
P3120000032,鉴湖路5（四大银行）停车场,柯桥区,16,8,2021-07-07 23:44:08.58
P3120000036,港越路4（肯德基）停车场,柯桥区,21,7,2021-07-07 23:44:08.58
P3120000037,港越路5（温州饭滩）停车场,柯桥区,22,6,2021-07-07 23:44:08.58
P3120000038,港越路6停车场,柯桥区,16,5,2021-07-07 23:44:08.58
P3120000040,笛扬路2（广厦公寓）停车场,柯桥区,37,30,2021-07-07 23:44:08.58
P3120000062,港越路1(步行街3)停车场,柯桥区,16,3,2021-07-07 23:44:08.58
P3120000016,温渎路2停车场,柯桥区,15,6,2021-07-07 23:54:09.337
P3120000018,黄社溇路1停车场,柯桥区,16,7,2021-07-07 23:54:09.337
P3120000019,黄社溇路2停车场,柯桥区,18,10,2021-07-07 23:54:09.337
P3120000025,金杨路1（中医院）停车场,柯桥区,28,10,2021-07-07 23:54:09.337
P3120000027,金杨路3停车场,柯桥区,28,15,2021-07-07 23:54:09.337
P3120000029,鉴湖路2（锦江花园）停车场,柯桥区,21,8,2021-07-07 23:54:09.337
P3120000032,鉴湖路5（四大银行）停车场,柯桥区,16,9,2021-07-07 23:54:09.337
P3120000034,港越路2（精工）停车场,柯桥区,12,7,2021-07-07 23:54:09.337
P3120000036,港越路4（肯德基）停车场,柯桥区,21,10,2021-07-07 23:54:09.337
P3120000038,港越路6停车场,柯桥区,16,6,2021-07-07 23:54:09.337
P3120000040,笛扬路2（广厦公寓）停车场,柯桥区,37,31,2021-07-07 23:54:09.337
P3120000042,笛扬路4（工商银行）停车场,柯桥区,23,18,2021-07-07 23:54:09.337
P3120000045,笛扬路7（福年大厦）停车场,柯桥区,22,6,2021-07-07 23:54:09.337
P3120000062,港越路1(步行街3)停车场,柯桥区,16,4,2021-07-07 23:54:09.337
P3120000064,港越路1(步行街2)停车场,柯桥区,26,8,2021-07-07 23:54:09.337
P3120000017,万家巷停车场,柯桥区,40,27,2021-07-08 00:04:12.313
P3120000018,黄社溇路1停车场,柯桥区,16,6,2021-07-08 00:04:12.313
P3120000019,黄社溇路2停车场,柯桥区,18,13,2021-07-08 00:04:12.313
P3120000029,鉴湖路2（锦江花园）停车场,柯桥区,21,7,2021-07-08 00:04:12.313
P3120000033,港越路1(步行街1)停车场,柯桥区,14,6,2021-07-08 00:04:12.313
P3120000036,港越路4（肯德基）停车场,柯桥区,21,12,2021-07-08 00:04:12.313
P3120000037,港越路5（温州饭滩）停车场,柯桥区,22,7,2021-07-08 00:04:12.313
P3120000042,笛扬路4（工商银行）停车场,柯桥区,23,19,2021-07-08 00:04:12.313
P3120000045,笛扬路7（福年大厦）停车场,柯桥区,22,8,2021-07-08 00:04:12.313
P3120000061,港越路2(精工2)停车场,柯桥区,21,11,2021-07-08 00:04:12.313
P3120000065,温渎路3停车场,柯桥区,11,6,2021-07-08 00:04:12.313
P3120000014,人和路停车场,柯桥区,19,11,2021-07-08 00:14:10.187
P3120000018,黄社溇路1停车场,柯桥区,16,5,2021-07-08 00:14:10.187
P3120000019,黄社溇路2停车场,柯桥区,18,12,2021-07-08 00:14:10.187
P3120000028,鉴湖路1（锦江花园）停车场,柯桥区,29,14,2021-07-08 00:14:10.187
P3120000029,鉴湖路2（锦江花园）停车场,柯桥区,21,6,2021-07-08 00:14:10.187
P3120000034,港越路2（精工）停车场,柯桥区,12,9,2021-07-08 00:14:10.187
P3120000036,港越路4（肯德基）停车场,柯桥区,21,11,2021-07-08 00:14:10.187
P3120000037,港越路5（温州饭滩）停车场,柯桥区,22,6,2021-07-08 00:14:10.187
P3120000039,笛扬路1（世纪联华）停车场,柯桥区,31,22,2021-07-08 00:14:10.187
P3120000040,笛扬路2（广厦公寓）停车场,柯桥区,37,32,2021-07-08 00:14:10.187
P3120000017,万家巷停车场,柯桥区,40,26,2021-07-08 00:24:09.53
P3120000019,黄社溇路2停车场,柯桥区,18,13,2021-07-08 00:24:09.53
P3120000037,港越路5（温州饭滩）停车场,柯桥区,22,5,2021-07-08 00:24:09.53
P3120000039,笛扬路1（世纪联华）停车场,柯桥区,31,23,2021-07-08 00:24:09.53
P3120000015,温渎路1停车场,柯桥区,21,16,2021-07-08 00:34:12.46
P3120000017,万家巷停车场,柯桥区,40,28,2021-07-08 00:34:12.46
P3120000025,金杨路1（中医院）停车场,柯桥区,28,12,2021-07-08 00:34:12.46
P3120000029,鉴湖路2（锦江花园）停车场,柯桥区,21,8,2021-07-08 00:34:12.46
P3120000032,鉴湖路5（四大银行）停车场,柯桥区,16,8,2021-07-08 00:34:12.46
P3120000038,港越路6停车场,柯桥区,16,5,2021-07-08 00:34:12.46
P3120000042,笛扬路4（工商银行）停车场,柯桥区,23,18,2021-07-08 00:34:12.46
P3120000061,港越路2(精工2)停车场,柯桥区,21,12,2021-07-08 00:34:12.46
P3120000065,温渎路3停车场,柯桥区,11,5,2021-07-08 00:34:12.46
P3120000014,人和路停车场,柯桥区,19,10,2021-07-08 00:44:11.227
P3120000018,黄社溇路1停车场,柯桥区,16,7,2021-07-08 00:44:11.227
P3120000019,黄社溇路2停车场,柯桥区,18,12,2021-07-08 00:44:11.227
P3120000027,金杨路3停车场,柯桥区,28,14,2021-07-08 00:44:11.227
P3120000028,鉴湖路1（锦江花园）停车场,柯桥区,29,13,2021-07-08 00:44:11.227
P3120000033,港越路1(步行街1)停车场,柯桥区,14,8,2021-07-08 00:44:11.227
P3120000042,笛扬路4（工商银行）停车场,柯桥区,23,19,2021-07-08 00:44:11.227
P3120000064,港越路1(步行街2)停车场,柯桥区,26,9,2021-07-08 00:44:11.227
P3120000068,港越路3（精工）停车场,柯桥区,23,20,2021-07-08 00:44:11.227
P3120000017,万家巷停车场,柯桥区,40,27,2021-07-08 00:54:08.68
P3120000027,金杨路3停车场,柯桥区,28,13,2021-07-08 00:54:08.68
P3120000028,鉴湖路1（锦江花园）停车场,柯桥区,29,12,2021-07-08 00:54:08.68
P3120000029,鉴湖路2（锦江花园）停车场,柯桥区,21,10,2021-07-08 00:54:08.68
P3120000036,港越路4（肯德基）停车场,柯桥区,21,12,2021-07-08 00:54:08.68
P3120000037,港越路5（温州饭滩）停车场,柯桥区,22,9,2021-07-08 00:54:08.68
P3120000040,笛扬路2（广厦公寓）停车场,柯桥区,37,35,2021-07-08 00:54:08.68
P3120000045,笛扬路7（福年大厦）停车场,柯桥区,22,7,2021-07-08 00:54:08.68
P3120000061,港越路2(精工2)停车场,柯桥区,21,11,2021-07-08 00:54:08.68
P3120000065,温渎路3停车场,柯桥区,11,6,2021-07-08 00:54:08.68
P3120000015,温渎路1停车场,柯桥区,21,17,2021-07-08 01:04:10.77
P3120000025,金杨路1（中医院）停车场,柯桥区,28,11,2021-07-08 01:04:10.77
P3120000029,鉴湖路2（锦江花园）停车场,柯桥区,21,8,2021-07-08 01:04:10.77
P3120000065,温渎路3停车场,柯桥区,11,5,2021-07-08 01:04:10.77
P3120000025,金杨路1（中医院）停车场,柯桥区,28,10,2021-07-08 01:14:09.57
P3120000028,鉴湖路1（锦江花园）停车场,柯桥区,29,11,2021-07-08 01:14:09.57
P3120000029,鉴湖路2（锦江花园）停车场,柯桥区,21,10,2021-07-08 01:14:09.57
P3120000033,港越路1(步行街1)停车场,柯桥区,14,9,2021-07-08 01:14:09.57
P3120000037,港越路5（温州饭滩）停车场,柯桥区,22,10,2021-07-08 01:14:09.57
P3120000065,温渎路3停车场,柯桥区,11,4,2021-07-08 01:14:09.57
P3120000015,温渎路1停车场,柯桥区,21,18,2021-07-08 01:24:09.33
P3120000018,黄社溇路1停车场,柯桥区,16,8,2021-07-08 01:24:09.33
P3120000019,黄社溇路2停车场,柯桥区,18,13,2021-07-08 01:24:09.33
P3120000032,鉴湖路5（四大银行）停车场,柯桥区,16,9,2021-07-08 01:24:09.33
P3120000033,港越路1(步行街1)停车场,柯桥区,14,8,2021-07-08 01:24:09.33
P3120000064,港越路1(步行街2)停车场,柯桥区,26,8,2021-07-08 01:24:09.33
P3120000018,黄社溇路1停车场,柯桥区,16,9,2021-07-08 01:34:09.663
P3120000025,金杨路1（中医院）停车场,柯桥区,28,11,2021-07-08 01:34:09.663
P3120000028,鉴湖路1（锦江花园）停车场,柯桥区,29,12,2021-07-08 01:34:09.663
P3120000032,鉴湖路5（四大银行）停车场,柯桥区,16,10,2021-07-08 01:34:09.663
P3120000036,港越路4（肯德基）停车场,柯桥区,21,13,2021-07-08 01:34:09.663
P3120000038,港越路6停车场,柯桥区,16,6,2021-07-08 01:34:09.663
P3120000065,温渎路3停车场,柯桥区,11,3,2021-07-08 01:34:09.663
P3120000014,人和路停车场,柯桥区,19,9,2021-07-08 01:44:11.187
P3120000025,金杨路1（中医院）停车场,柯桥区,28,10,2021-07-08 01:44:11.187
P3120000027,金杨路3停车场,柯桥区,28,12,2021-07-08 01:44:11.187
P3120000029,鉴湖路2（锦江花园）停车场,柯桥区,21,9,2021-07-08 01:44:11.187
P3120000064,港越路1(步行街2)停车场,柯桥区,26,6,2021-07-08 01:44:11.187
P3120000065,温渎路3停车场,柯桥区,11,2,2021-07-08 01:44:11.187
P3120000018,黄社溇路1停车场,柯桥区,16,10,2021-07-08 01:54:08.21
P3120000027,金杨路3停车场,柯桥区,28,11,2021-07-08 01:54:08.21
P3120000029,鉴湖路2（锦江花园）停车场,柯桥区,21,10,2021-07-08 01:54:08.21
P3120000037,港越路5（温州饭滩）停车场,柯桥区,22,8,2021-07-08 01:54:08.21
P3120000045,笛扬路7（福年大厦）停车场,柯桥区,22,8,2021-07-08 01:54:08.21
P3120000065,温渎路3停车场,柯桥区,11,3,2021-07-08 01:54:08.21
P3120000015,温渎路1停车场,柯桥区,21,19,2021-07-08 02:04:08.527
P3120000029,鉴湖路2（锦江花园）停车场,柯桥区,21,7,2021-07-08 02:04:08.527
P3120000032,鉴湖路5（四大银行）停车场,柯桥区,16,9,2021-07-08 02:04:08.527
P3120000036,港越路4（肯德基）停车场,柯桥区,21,14,2021-07-08 02:04:08.527
P3120000042,笛扬路4（工商银行）停车场,柯桥区,23,18,2021-07-08 02:04:08.527
P3120000065,温渎路3停车场,柯桥区,11,5,2021-07-08 02:04:08.527
P3120000025,金杨路1（中医院）停车场,柯桥区,28,11,2021-07-08 02:14:09.333
P3120000027,金杨路3停车场,柯桥区,28,12,2021-07-08 02:14:09.333
P3120000032,鉴湖路5（四大银行）停车场,柯桥区,16,10,2021-07-08 02:14:09.333
P3120000037,港越路5（温州饭滩）停车场,柯桥区,22,10,2021-07-08 02:14:09.333
P3120000064,港越路1(步行街2)停车场,柯桥区,26,7,2021-07-08 02:14:09.333
P3120000015,温渎路1停车场,柯桥区,21,20,2021-07-08 02:24:08.387
P3120000017,万家巷停车场,柯桥区,40,26,2021-07-08 02:24:08.387
P3120000027,金杨路3停车场,柯桥区,28,11,2021-07-08 02:24:08.387
P3120000029,鉴湖路2（锦江花园）停车场,柯桥区,21,10,2021-07-08 02:24:08.387
P3120000036,港越路4（肯德基）停车场,柯桥区,21,13,2021-07-08 02:24:08.387
P3120000064,港越路1(步行街2)停车场,柯桥区,26,8,2021-07-08 02:24:08.387
P3120000016,温渎路2停车场,柯桥区,15,5,2021-07-08 02:34:10.013
P3120000017,万家巷停车场,柯桥区,40,25,2021-07-08 02:34:10.013
P3120000027,金杨路3停车场,柯桥区,28,10,2021-07-08 02:34:10.013
P3120000045,笛扬路7（福年大厦）停车场,柯桥区,22,6,2021-07-08 02:34:10.013
P3120000017,万家巷停车场,柯桥区,40,23,2021-07-08 02:44:09.583
P3120000027,金杨路3停车场,柯桥区,28,9,2021-07-08 02:44:09.583
P3120000029,鉴湖路2（锦江花园）停车场,柯桥区,21,9,2021-07-08 02:44:09.583
P3120000062,港越路1(步行街3)停车场,柯桥区,16,3,2021-07-08 02:44:09.583
P3120000064,港越路1(步行街2)停车场,柯桥区,26,9,2021-07-08 02:44:09.583
P3120000016,温渎路2停车场,柯桥区,15,6,2021-07-08 02:54:11.14
P3120000017,万家巷停车场,柯桥区,40,24,2021-07-08 02:54:11.14
P3120000028,鉴湖路1（锦江花园）停车场,柯桥区,29,10,2021-07-08 02:54:11.14
P3120000029,鉴湖路2（锦江花园）停车场,柯桥区,21,10,2021-07-08 02:54:11.14
P3120000032,鉴湖路5（四大银行）停车场,柯桥区,16,9,2021-07-08 02:54:11.14
P3120000045,笛扬路7（福年大厦）停车场,柯桥区,22,7,2021-07-08 02:54:11.14
P3120000019,黄社溇路2停车场,柯桥区,18,12,2021-07-08 03:04:10.767
P3120000025,金杨路1（中医院）停车场,柯桥区,28,10,2021-07-08 03:04:10.767
P3120000027,金杨路3停车场,柯桥区,28,10,2021-07-08 03:04:10.767
P3120000037,港越路5（温州饭滩）停车场,柯桥区,22,9,2021-07-08 03:04:10.767
P3120000045,笛扬路7（福年大厦）停车场,柯桥区,22,6,2021-07-08 03:04:10.767
P3120000064,港越路1(步行街2)停车场,柯桥区,26,10,2021-07-08 03:04:10.767
P3120000065,温渎路3停车场,柯桥区,11,6,2021-07-08 03:04:10.767
P3120000018,黄社溇路1停车场,柯桥区,16,9,2021-07-08 03:14:08.57
P3120000019,黄社溇路2停车场,柯桥区,18,13,2021-07-08 03:14:08.57
P3120000025,金杨路1（中医院）停车场,柯桥区,28,11,2021-07-08 03:14:08.57
P3120000027,金杨路3停车场,柯桥区,28,11,2021-07-08 03:14:08.57
P3120000029,鉴湖路2（锦江花园）停车场,柯桥区,21,9,2021-07-08 03:14:08.57
P3120000037,港越路5（温州饭滩）停车场,柯桥区,22,10,2021-07-08 03:14:08.57
P3120000017,万家巷停车场,柯桥区,40,25,2021-07-08 03:24:10.74
P3120000018,黄社溇路1停车场,柯桥区,16,10,2021-07-08 03:24:10.74
P3120000029,鉴湖路2（锦江花园）停车场,柯桥区,21,7,2021-07-08 03:24:10.74
P3120000036,港越路4（肯德基）停车场,柯桥区,21,12,2021-07-08 03:24:10.74
P3120000041,笛扬路3（樱花电器）停车场,柯桥区,18,13,2021-07-08 03:24:10.74
P3120000064,港越路1(步行街2)停车场,柯桥区,26,9,2021-07-08 03:24:10.74
P3120000017,万家巷停车场,柯桥区,40,24,2021-07-08 03:34:09.897
P3120000019,黄社溇路2停车场,柯桥区,18,11,2021-07-08 03:34:09.897
P3120000028,鉴湖路1（锦江花园）停车场,柯桥区,29,9,2021-07-08 03:34:09.897
P3120000029,鉴湖路2（锦江花园）停车场,柯桥区,21,10,2021-07-08 03:34:09.897
P3120000033,港越路1(步行街1)停车场,柯桥区,14,7,2021-07-08 03:34:09.897
P3120000036,港越路4（肯德基）停车场,柯桥区,21,13,2021-07-08 03:34:09.897
P3120000064,港越路1(步行街2)停车场,柯桥区,26,10,2021-07-08 03:34:09.897
P3120000036,港越路4（肯德基）停车场,柯桥区,21,11,2021-07-08 03:44:08.74
P3120000041,笛扬路3（樱花电器）停车场,柯桥区,18,12,2021-07-08 03:44:08.74
P3120000036,港越路4（肯德基）停车场,柯桥区,21,13,2021-07-08 03:54:11.177
P3120000037,港越路5（温州饭滩）停车场,柯桥区,22,9,2021-07-08 03:54:11.177
P3120000041,笛扬路3（樱花电器）停车场,柯桥区,18,13,2021-07-08 03:54:11.177
P3120000017,万家巷停车场,柯桥区,40,25,2021-07-08 04:04:10.63
P3120000025,金杨路1（中医院）停车场,柯桥区,28,10,2021-07-08 04:04:10.63
P3120000025,金杨路1（中医院）停车场,柯桥区,28,11,2021-07-08 04:14:10.387
P3120000034,港越路2（精工）停车场,柯桥区,12,8,2021-07-08 04:14:10.387
P3120000041,笛扬路3（樱花电器）停车场,柯桥区,18,11,2021-07-08 04:14:10.387
P3120000015,温渎路1停车场,柯桥区,21,19,2021-07-08 04:24:11.39
P3120000019,黄社溇路2停车场,柯桥区,18,12,2021-07-08 04:24:11.39
P3120000041,笛扬路3（樱花电器）停车场,柯桥区,18,12,2021-07-08 04:24:11.39
P3120000014,人和路停车场,柯桥区,19,8,2021-07-08 04:34:09.053
P3120000028,鉴湖路1（锦江花园）停车场,柯桥区,29,8,2021-07-08 04:44:09.3
P3120000019,黄社溇路2停车场,柯桥区,18,13,2021-07-08 05:04:08.763
P3120000028,鉴湖路1（锦江花园）停车场,柯桥区,29,9,2021-07-08 05:04:08.763
P3120000029,鉴湖路2（锦江花园）停车场,柯桥区,21,11,2021-07-08 05:04:08.763
P3120000028,鉴湖路1（锦江花园）停车场,柯桥区,29,8,2021-07-08 05:14:10.223
P3120000038,港越路6停车场,柯桥区,16,7,2021-07-08 05:14:10.223
P3120000042,笛扬路4（工商银行）停车场,柯桥区,23,17,2021-07-08 05:14:10.223
P3120000032,鉴湖路5（四大银行）停车场,柯桥区,16,10,2021-07-08 05:24:10.033
P3120000037,港越路5（温州饭滩）停车场,柯桥区,22,10,2021-07-08 05:24:10.033
P3120000039,笛扬路1（世纪联华）停车场,柯桥区,31,21,2021-07-08 05:24:10.033
P3120000040,笛扬路2（广厦公寓）停车场,柯桥区,37,36,2021-07-08 05:24:10.033
P3120000042,笛扬路4（工商银行）停车场,柯桥区,23,18,2021-07-08 05:24:10.033
P3120000061,港越路2(精工2)停车场,柯桥区,21,10,2021-07-08 05:24:10.033
P3120000061,港越路2(精工2)停车场,柯桥区,21,11,2021-07-08 05:34:08.577
P3120000029,鉴湖路2（锦江花园）停车场,柯桥区,21,12,2021-07-08 05:44:11.77
P3120000037,港越路5（温州饭滩）停车场,柯桥区,22,9,2021-07-08 05:44:11.77
P3120000038,港越路6停车场,柯桥区,16,5,2021-07-08 05:44:11.77
P3120000041,笛扬路3（樱花电器）停车场,柯桥区,18,13,2021-07-08 05:44:11.77
P3120000042,笛扬路4（工商银行）停车场,柯桥区,23,17,2021-07-08 05:44:11.77
P3120000036,港越路4（肯德基）停车场,柯桥区,21,14,2021-07-08 05:54:10.89
P3120000018,黄社溇路1停车场,柯桥区,16,11,2021-07-08 06:04:09.227
P3120000027,金杨路3停车场,柯桥区,28,12,2021-07-08 06:04:09.227
P3120000029,鉴湖路2（锦江花园）停车场,柯桥区,21,11,2021-07-08 06:04:09.227
P3120000040,笛扬路2（广厦公寓）停车场,柯桥区,37,35,2021-07-08 06:04:09.227
P3120000042,笛扬路4（工商银行）停车场,柯桥区,23,18,2021-07-08 06:04:09.227
P3120000064,港越路1(步行街2)停车场,柯桥区,26,9,2021-07-08 06:04:09.227
P3120000017,万家巷停车场,柯桥区,40,24,2021-07-08 06:14:08.05
P3120000039,笛扬路1（世纪联华）停车场,柯桥区,31,20,2021-07-08 06:14:08.05
P3120000040,笛扬路2（广厦公寓）停车场,柯桥区,37,36,2021-07-08 06:14:08.05
P3120000064,港越路1(步行街2)停车场,柯桥区,26,10,2021-07-08 06:14:08.05
P3120000027,金杨路3停车场,柯桥区,28,13,2021-07-08 06:24:10.81
P3120000029,鉴湖路2（锦江花园）停车场,柯桥区,21,12,2021-07-08 06:24:10.81
P3120000037,港越路5（温州饭滩）停车场,柯桥区,22,8,2021-07-08 06:24:10.81
P3120000039,笛扬路1（世纪联华）停车场,柯桥区,31,21,2021-07-08 06:24:10.81
P3120000040,笛扬路2（广厦公寓）停车场,柯桥区,37,35,2021-07-08 06:24:10.81
P3120000041,笛扬路3（樱花电器）停车场,柯桥区,18,14,2021-07-08 06:24:10.81
P3120000045,笛扬路7（福年大厦）停车场,柯桥区,22,7,2021-07-08 06:24:10.81
P3120000062,港越路1(步行街3)停车场,柯桥区,16,4,2021-07-08 06:24:10.81
P3120000064,港越路1(步行街2)停车场,柯桥区,26,12,2021-07-08 06:24:10.81
P3120000018,黄社溇路1停车场,柯桥区,16,9,2021-07-08 06:34:10.2
P3120000025,金杨路1（中医院）停车场,柯桥区,28,10,2021-07-08 06:34:10.2
P3120000028,鉴湖路1（锦江花园）停车场,柯桥区,29,9,2021-07-08 06:34:10.2
P3120000033,港越路1(步行街1)停车场,柯桥区,14,6,2021-07-08 06:34:10.2
P3120000038,港越路6停车场,柯桥区,16,6,2021-07-08 06:34:10.2
P3120000040,笛扬路2（广厦公寓）停车场,柯桥区,37,36,2021-07-08 06:34:10.2
P3120000045,笛扬路7（福年大厦）停车场,柯桥区,22,6,2021-07-08 06:34:10.2
P3120000016,温渎路2停车场,柯桥区,15,7,2021-07-08 06:44:09.613
P3120000018,黄社溇路1停车场,柯桥区,16,10,2021-07-08 06:44:09.613
P3120000025,金杨路1（中医院）停车场,柯桥区,28,11,2021-07-08 06:44:09.613
P3120000028,鉴湖路1（锦江花园）停车场,柯桥区,29,10,2021-07-08 06:44:09.613
P3120000033,港越路1(步行街1)停车场,柯桥区,14,7,2021-07-08 06:44:09.613
P3120000034,港越路2（精工）停车场,柯桥区,12,7,2021-07-08 06:44:09.613
P3120000040,笛扬路2（广厦公寓）停车场,柯桥区,37,35,2021-07-08 06:44:09.613
P3120000061,港越路2(精工2)停车场,柯桥区,21,12,2021-07-08 06:44:09.613
P3120000016,温渎路2停车场,柯桥区,15,8,2021-07-08 06:54:10.48
P3120000017,万家巷停车场,柯桥区,40,23,2021-07-08 06:54:10.48
P3120000018,黄社溇路1停车场,柯桥区,16,11,2021-07-08 06:54:10.48
P3120000025,金杨路1（中医院）停车场,柯桥区,28,13,2021-07-08 06:54:10.48
P3120000028,鉴湖路1（锦江花园）停车场,柯桥区,29,9,2021-07-08 06:54:10.48
P3120000029,鉴湖路2（锦江花园）停车场,柯桥区,21,14,2021-07-08 06:54:10.48
P3120000037,港越路5（温州饭滩）停车场,柯桥区,22,9,2021-07-08 06:54:10.48
P3120000038,港越路6停车场,柯桥区,16,5,2021-07-08 06:54:10.48
P3120000039,笛扬路1（世纪联华）停车场,柯桥区,31,26,2021-07-08 06:54:10.48
P3120000041,笛扬路3（樱花电器）停车场,柯桥区,18,15,2021-07-08 06:54:10.48
P3120000042,笛扬路4（工商银行）停车场,柯桥区,23,19,2021-07-08 06:54:10.48
P3120000061,港越路2(精工2)停车场,柯桥区,21,11,2021-07-08 06:54:10.48
P3120000014,人和路停车场,柯桥区,19,5,2021-07-08 07:04:09.223
P3120000016,温渎路2停车场,柯桥区,15,10,2021-07-08 07:04:09.223
P3120000017,万家巷停车场,柯桥区,40,22,2021-07-08 07:04:09.223
P3120000018,黄社溇路1停车场,柯桥区,16,10,2021-07-08 07:04:09.223
P3120000027,金杨路3停车场,柯桥区,28,10,2021-07-08 07:04:09.223
P3120000028,鉴湖路1（锦江花园）停车场,柯桥区,29,11,2021-07-08 07:04:09.223
P3120000033,港越路1(步行街1)停车场,柯桥区,14,8,2021-07-08 07:04:09.223
P3120000034,港越路2（精工）停车场,柯桥区,12,8,2021-07-08 07:04:09.223
P3120000037,港越路5（温州饭滩）停车场,柯桥区,22,8,2021-07-08 07:04:09.223
P3120000038,港越路6停车场,柯桥区,16,8,2021-07-08 07:04:09.223
P3120000039,笛扬路1（世纪联华）停车场,柯桥区,31,27,2021-07-08 07:04:09.223
P3120000040,笛扬路2（广厦公寓）停车场,柯桥区,37,33,2021-07-08 07:04:09.223
P3120000041,笛扬路3（樱花电器）停车场,柯桥区,18,16,2021-07-08 07:04:09.223
P3120000042,笛扬路4（工商银行）停车场,柯桥区,23,17,2021-07-08 07:04:09.223
P3120000045,笛扬路7（福年大厦）停车场,柯桥区,22,7,2021-07-08 07:04:09.223
P3120000065,温渎路3停车场,柯桥区,11,8,2021-07-08 07:04:09.223
P3120000014,人和路停车场,柯桥区,19,2,2021-07-08 07:14:08.7
P3120000018,黄社溇路1停车场,柯桥区,16,12,2021-07-08 07:14:08.7
P3120000019,黄社溇路2停车场,柯桥区,18,14,2021-07-08 07:14:08.7
P3120000025,金杨路1（中医院）停车场,柯桥区,28,15,2021-07-08 07:14:08.7
P3120000027,金杨路3停车场,柯桥区,28,8,2021-07-08 07:14:08.7
P3120000028,鉴湖路1（锦江花园）停车场,柯桥区,29,14,2021-07-08 07:14:08.7
P3120000033,港越路1(步行街1)停车场,柯桥区,14,9,2021-07-08 07:14:08.7
P3120000036,港越路4（肯德基）停车场,柯桥区,21,12,2021-07-08 07:14:08.7
P3120000041,笛扬路3（樱花电器）停车场,柯桥区,18,15,2021-07-08 07:14:08.7
P3120000045,笛扬路7（福年大厦）停车场,柯桥区,22,3,2021-07-08 07:14:08.7
P3120000061,港越路2(精工2)停车场,柯桥区,21,12,2021-07-08 07:14:08.7
P3120000062,港越路1(步行街3)停车场,柯桥区,16,3,2021-07-08 07:14:08.7
P3120000064,港越路1(步行街2)停车场,柯桥区,26,11,2021-07-08 07:14:08.7
P3120000025,金杨路1（中医院）停车场,柯桥区,28,16,2021-07-08 07:24:11.057
P3120000027,金杨路3停车场,柯桥区,28,7,2021-07-08 07:24:11.057
P3120000028,鉴湖路1（锦江花园）停车场,柯桥区,29,15,2021-07-08 07:24:11.057
P3120000033,港越路1(步行街1)停车场,柯桥区,14,8,2021-07-08 07:24:11.057
P3120000038,港越路6停车场,柯桥区,16,7,2021-07-08 07:24:11.057
P3120000040,笛扬路2（广厦公寓）停车场,柯桥区,37,30,2021-07-08 07:24:11.057
P3120000041,笛扬路3（樱花电器）停车场,柯桥区,18,14,2021-07-08 07:24:11.057
P3120000042,笛扬路4（工商银行）停车场,柯桥区,23,16,2021-07-08 07:24:11.057
P3120000045,笛扬路7（福年大厦）停车场,柯桥区,22,5,2021-07-08 07:24:11.057
P3120000062,港越路1(步行街3)停车场,柯桥区,16,1,2021-07-08 07:24:11.057
P3120000064,港越路1(步行街2)停车场,柯桥区,26,16,2021-07-08 07:24:11.057
P3120000065,温渎路3停车场,柯桥区,11,9,2021-07-08 07:24:11.057
P3120000014,人和路停车场,柯桥区,19,3,2021-07-08 07:33:09.133
P3120000017,万家巷停车场,柯桥区,40,23,2021-07-08 07:33:09.133
P3120000025,金杨路1（中医院）停车场,柯桥区,28,17,2021-07-08 07:33:09.133
P3120000027,金杨路3停车场,柯桥区,28,6,2021-07-08 07:33:09.133
P3120000028,鉴湖路1（锦江花园）停车场,柯桥区,29,18,2021-07-08 07:33:09.133
P3120000036,港越路4（肯德基）停车场,柯桥区,21,11,2021-07-08 07:33:09.133
P3120000037,港越路5（温州饭滩）停车场,柯桥区,22,6,2021-07-08 07:33:09.133
P3120000040,笛扬路2（广厦公寓）停车场,柯桥区,37,29,2021-07-08 07:33:09.133
P3120000041,笛扬路3（樱花电器）停车场,柯桥区,18,15,2021-07-08 07:33:09.133
P3120000042,笛扬路4（工商银行）停车场,柯桥区,23,17,2021-07-08 07:33:09.133
P3120000061,港越路2(精工2)停车场,柯桥区,21,13,2021-07-08 07:33:09.133
P3120000062,港越路1(步行街3)停车场,柯桥区,16,2,2021-07-08 07:33:09.133
P3120000014,人和路停车场,柯桥区,19,6,2021-07-08 07:44:09.373
P3120000016,温渎路2停车场,柯桥区,15,11,2021-07-08 07:44:09.373
P3120000018,黄社溇路1停车场,柯桥区,16,11,2021-07-08 07:44:09.373
P3120000027,金杨路3停车场,柯桥区,28,7,2021-07-08 07:44:09.373
P3120000028,鉴湖路1（锦江花园）停车场,柯桥区,29,17,2021-07-08 07:44:09.373
P3120000029,鉴湖路2（锦江花园）停车场,柯桥区,21,12,2021-07-08 07:44:09.373
P3120000032,鉴湖路5（四大银行）停车场,柯桥区,16,9,2021-07-08 07:44:09.373
P3120000034,港越路2（精工）停车场,柯桥区,12,9,2021-07-08 07:44:09.373
P3120000037,港越路5（温州饭滩）停车场,柯桥区,22,10,2021-07-08 07:44:09.373
P3120000038,港越路6停车场,柯桥区,16,6,2021-07-08 07:44:09.373
P3120000042,笛扬路4（工商银行）停车场,柯桥区,23,18,2021-07-08 07:44:09.373
P3120000062,港越路1(步行街3)停车场,柯桥区,16,1,2021-07-08 07:44:09.373
P3120000064,港越路1(步行街2)停车场,柯桥区,26,17,2021-07-08 07:44:09.373
P3120000065,温渎路3停车场,柯桥区,11,8,2021-07-08 07:44:09.373
P3120000068,港越路3（精工）停车场,柯桥区,23,19,2021-07-08 07:44:09.373
P3120000016,温渎路2停车场,柯桥区,15,10,2021-07-08 07:54:10.593
P3120000017,万家巷停车场,柯桥区,40,21,2021-07-08 07:54:10.593
P3120000019,黄社溇路2停车场,柯桥区,18,11,2021-07-08 07:54:10.593
P3120000025,金杨路1（中医院）停车场,柯桥区,28,15,2021-07-08 07:54:10.593
P3120000028,鉴湖路1（锦江花园）停车场,柯桥区,29,16,2021-07-08 07:54:10.593
P3120000029,鉴湖路2（锦江花园）停车场,柯桥区,21,13,2021-07-08 07:54:10.593
P3120000030,鉴湖路3停车场,柯桥区,12,7,2021-07-08 07:54:10.593
P3120000032,鉴湖路5（四大银行）停车场,柯桥区,16,10,2021-07-08 07:54:10.593
P3120000036,港越路4（肯德基）停车场,柯桥区,21,12,2021-07-08 07:54:10.593
P3120000038,港越路6停车场,柯桥区,16,5,2021-07-08 07:54:10.593
P3120000040,笛扬路2（广厦公寓）停车场,柯桥区,37,30,2021-07-08 07:54:10.593
P3120000042,笛扬路4（工商银行）停车场,柯桥区,23,17,2021-07-08 07:54:10.593
P3120000061,港越路2(精工2)停车场,柯桥区,21,15,2021-07-08 07:54:10.593
P3120000062,港越路1(步行街3)停车场,柯桥区,16,2,2021-07-08 07:54:10.593
P3120000065,温渎路3停车场,柯桥区,11,9,2021-07-08 07:54:10.593
P3120000014,人和路停车场,柯桥区,19,8,2021-07-08 08:04:11.18
P3120000018,黄社溇路1停车场,柯桥区,16,10,2021-07-08 08:04:11.18
P3120000019,黄社溇路2停车场,柯桥区,18,13,2021-07-08 08:04:11.18
P3120000025,金杨路1（中医院）停车场,柯桥区,28,17,2021-07-08 08:04:11.18
P3120000027,金杨路3停车场,柯桥区,28,8,2021-07-08 08:04:11.18
P3120000028,鉴湖路1（锦江花园）停车场,柯桥区,29,18,2021-07-08 08:04:11.18
P3120000029,鉴湖路2（锦江花园）停车场,柯桥区,21,12,2021-07-08 08:04:11.18
P3120000036,港越路4（肯德基）停车场,柯桥区,21,11,2021-07-08 08:04:11.18
P3120000037,港越路5（温州饭滩）停车场,柯桥区,22,11,2021-07-08 08:04:11.18
P3120000038,港越路6停车场,柯桥区,16,6,2021-07-08 08:04:11.18
P3120000039,笛扬路1（世纪联华）停车场,柯桥区,31,25,2021-07-08 08:04:11.18
P3120000040,笛扬路2（广厦公寓）停车场,柯桥区,37,31,2021-07-08 08:04:11.18
P3120000041,笛扬路3（樱花电器）停车场,柯桥区,18,16,2021-07-08 08:04:11.18
P3120000042,笛扬路4（工商银行）停车场,柯桥区,23,18,2021-07-08 08:04:11.18
P3120000062,港越路1(步行街3)停车场,柯桥区,16,3,2021-07-08 08:04:11.18
P3120000065,温渎路3停车场,柯桥区,11,8,2021-07-08 08:04:11.18
P3120000014,人和路停车场,柯桥区,19,9,2021-07-08 08:14:09.383
P3120000016,温渎路2停车场,柯桥区,15,9,2021-07-08 08:14:09.383
P3120000017,万家巷停车场,柯桥区,40,22,2021-07-08 08:14:09.383
P3120000018,黄社溇路1停车场,柯桥区,16,13,2021-07-08 08:14:09.383
P3120000025,金杨路1（中医院）停车场,柯桥区,28,19,2021-07-08 08:14:09.383
P3120000028,鉴湖路1（锦江花园）停车场,柯桥区,29,16,2021-07-08 08:14:09.383
P3120000029,鉴湖路2（锦江花园）停车场,柯桥区,21,13,2021-07-08 08:14:09.383
P3120000032,鉴湖路5（四大银行）停车场,柯桥区,16,9,2021-07-08 08:14:09.383
P3120000033,港越路1(步行街1)停车场,柯桥区,14,9,2021-07-08 08:14:09.383
P3120000038,港越路6停车场,柯桥区,16,5,2021-07-08 08:14:09.383
P3120000039,笛扬路1（世纪联华）停车场,柯桥区,31,27,2021-07-08 08:14:09.383
P3120000040,笛扬路2（广厦公寓）停车场,柯桥区,37,28,2021-07-08 08:14:09.383
P3120000064,港越路1(步行街2)停车场,柯桥区,26,18,2021-07-08 08:14:09.383
P3120000068,港越路3（精工）停车场,柯桥区,23,21,2021-07-08 08:14:09.383
P3120000014,人和路停车场,柯桥区,19,10,2021-07-08 08:24:11.357
P3120000017,万家巷停车场,柯桥区,40,19,2021-07-08 08:24:11.357
P3120000018,黄社溇路1停车场,柯桥区,16,14,2021-07-08 08:24:11.357
P3120000025,金杨路1（中医院）停车场,柯桥区,28,18,2021-07-08 08:24:11.357
P3120000027,金杨路3停车场,柯桥区,28,9,2021-07-08 08:24:11.357
P3120000030,鉴湖路3停车场,柯桥区,12,6,2021-07-08 08:24:11.357
P3120000033,港越路1(步行街1)停车场,柯桥区,14,8,2021-07-08 08:24:11.357
P3120000036,港越路4（肯德基）停车场,柯桥区,21,9,2021-07-08 08:24:11.357
P3120000037,港越路5（温州饭滩）停车场,柯桥区,22,9,2021-07-08 08:24:11.357
P3120000039,笛扬路1（世纪联华）停车场,柯桥区,31,25,2021-07-08 08:24:11.357
P3120000040,笛扬路2（广厦公寓）停车场,柯桥区,37,29,2021-07-08 08:24:11.357
P3120000045,笛扬路7（福年大厦）停车场,柯桥区,22,4,2021-07-08 08:24:11.357
P3120000062,港越路1(步行街3)停车场,柯桥区,16,4,2021-07-08 08:24:11.357
P3120000065,温渎路3停车场,柯桥区,11,7,2021-07-08 08:24:11.357
P3120000068,港越路3（精工）停车场,柯桥区,23,22,2021-07-08 08:24:11.357
P3120000014,人和路停车场,柯桥区,19,12,2021-07-08 08:34:09.95
P3120000015,温渎路1停车场,柯桥区,21,16,2021-07-08 08:34:09.95
P3120000017,万家巷停车场,柯桥区,40,15,2021-07-08 08:34:09.95
P3120000018,黄社溇路1停车场,柯桥区,16,12,2021-07-08 08:34:09.95
P3120000019,黄社溇路2停车场,柯桥区,18,16,2021-07-08 08:34:09.95
P3120000025,金杨路1（中医院）停车场,柯桥区,28,19,2021-07-08 08:34:09.95
P3120000027,金杨路3停车场,柯桥区,28,7,2021-07-08 08:34:09.95
P3120000029,鉴湖路2（锦江花园）停车场,柯桥区,21,14,2021-07-08 08:34:09.95
P3120000032,鉴湖路5（四大银行）停车场,柯桥区,16,8,2021-07-08 08:34:09.95
P3120000033,港越路1(步行街1)停车场,柯桥区,14,9,2021-07-08 08:34:09.95
P3120000036,港越路4（肯德基）停车场,柯桥区,21,6,2021-07-08 08:34:09.95
P3120000037,港越路5（温州饭滩）停车场,柯桥区,22,7,2021-07-08 08:34:09.95
P3120000039,笛扬路1（世纪联华）停车场,柯桥区,31,24,2021-07-08 08:34:09.95
P3120000040,笛扬路2（广厦公寓）停车场,柯桥区,37,25,2021-07-08 08:34:09.95
P3120000041,笛扬路3（樱花电器）停车场,柯桥区,18,15,2021-07-08 08:34:09.95
P3120000042,笛扬路4（工商银行）停车场,柯桥区,23,16,2021-07-08 08:34:09.95
P3120000045,笛扬路7（福年大厦）停车场,柯桥区,22,6,2021-07-08 08:34:09.95
P3120000064,港越路1(步行街2)停车场,柯桥区,26,17,2021-07-08 08:34:09.95
P3120000065,温渎路3停车场,柯桥区,11,8,2021-07-08 08:34:09.95
P3120000014,人和路停车场,柯桥区,19,13,2021-07-08 08:44:11.013
P3120000015,温渎路1停车场,柯桥区,21,17,2021-07-08 08:44:11.013
P3120000016,温渎路2停车场,柯桥区,15,10,2021-07-08 08:44:11.013
P3120000017,万家巷停车场,柯桥区,40,16,2021-07-08 08:44:11.013
P3120000018,黄社溇路1停车场,柯桥区,16,11,2021-07-08 08:44:11.013
P3120000019,黄社溇路2停车场,柯桥区,18,15,2021-07-08 08:44:11.013
P3120000027,金杨路3停车场,柯桥区,28,9,2021-07-08 08:44:11.013
P3120000028,鉴湖路1（锦江花园）停车场,柯桥区,29,13,2021-07-08 08:44:11.013
P3120000029,鉴湖路2（锦江花园）停车场,柯桥区,21,13,2021-07-08 08:44:11.013
P3120000030,鉴湖路3停车场,柯桥区,12,7,2021-07-08 08:44:11.013
P3120000032,鉴湖路5（四大银行）停车场,柯桥区,16,7,2021-07-08 08:44:11.013
P3120000033,港越路1(步行街1)停车场,柯桥区,14,10,2021-07-08 08:44:11.013
P3120000034,港越路2（精工）停车场,柯桥区,12,10,2021-07-08 08:44:11.013
P3120000036,港越路4（肯德基）停车场,柯桥区,21,2,2021-07-08 08:44:11.013
P3120000037,港越路5（温州饭滩）停车场,柯桥区,22,4,2021-07-08 08:44:11.013
P3120000038,港越路6停车场,柯桥区,16,6,2021-07-08 08:44:11.013
P3120000039,笛扬路1（世纪联华）停车场,柯桥区,31,25,2021-07-08 08:44:11.013
P3120000040,笛扬路2（广厦公寓）停车场,柯桥区,37,28,2021-07-08 08:44:11.013
P3120000041,笛扬路3（樱花电器）停车场,柯桥区,18,13,2021-07-08 08:44:11.013
P3120000042,笛扬路4（工商银行）停车场,柯桥区,23,17,2021-07-08 08:44:11.013
P3120000045,笛扬路7（福年大厦）停车场,柯桥区,22,7,2021-07-08 08:44:11.013
P3120000062,港越路1(步行街3)停车场,柯桥区,16,6,2021-07-08 08:44:11.013
P3120000065,温渎路3停车场,柯桥区,11,9,2021-07-08 08:44:11.013
P3120000068,港越路3（精工）停车场,柯桥区,23,21,2021-07-08 08:44:11.013
P3120000014,人和路停车场,柯桥区,19,12,2021-07-08 08:54:08.42
P3120000015,温渎路1停车场,柯桥区,21,16,2021-07-08 08:54:08.42
P3120000017,万家巷停车场,柯桥区,40,17,2021-07-08 08:54:08.42
P3120000018,黄社溇路1停车场,柯桥区,16,12,2021-07-08 08:54:08.42
P3120000025,金杨路1（中医院）停车场,柯桥区,28,23,2021-07-08 08:54:08.42
P3120000027,金杨路3停车场,柯桥区,28,8,2021-07-08 08:54:08.42
P3120000028,鉴湖路1（锦江花园）停车场,柯桥区,29,15,2021-07-08 08:54:08.42
P3120000029,鉴湖路2（锦江花园）停车场,柯桥区,21,16,2021-07-08 08:54:08.42
P3120000032,鉴湖路5（四大银行）停车场,柯桥区,16,10,2021-07-08 08:54:08.42
P3120000033,港越路1(步行街1)停车场,柯桥区,14,9,2021-07-08 08:54:08.42
P3120000034,港越路2（精工）停车场,柯桥区,12,8,2021-07-08 08:54:08.42
P3120000036,港越路4（肯德基）停车场,柯桥区,21,0,2021-07-08 08:54:08.42
P3120000037,港越路5（温州饭滩）停车场,柯桥区,22,8,2021-07-08 08:54:08.42
P3120000039,笛扬路1（世纪联华）停车场,柯桥区,31,24,2021-07-08 08:54:08.42
P3120000040,笛扬路2（广厦公寓）停车场,柯桥区,37,31,2021-07-08 08:54:08.42
P3120000041,笛扬路3（樱花电器）停车场,柯桥区,18,15,2021-07-08 08:54:08.42
P3120000042,笛扬路4（工商银行）停车场,柯桥区,23,18,2021-07-08 08:54:08.42
P3120000045,笛扬路7（福年大厦）停车场,柯桥区,22,6,2021-07-08 08:54:08.42
P3120000061,港越路2(精工2)停车场,柯桥区,21,14,2021-07-08 08:54:08.42
P3120000062,港越路1(步行街3)停车场,柯桥区,16,9,2021-07-08 08:54:08.42
P3120000064,港越路1(步行街2)停车场,柯桥区,26,16,2021-07-08 08:54:08.42
P3120000014,人和路停车场,柯桥区,19,14,2021-07-08 09:04:10.077
P3120000015,温渎路1停车场,柯桥区,21,17,2021-07-08 09:04:10.077
P3120000016,温渎路2停车场,柯桥区,15,12,2021-07-08 09:04:10.077
P3120000017,万家巷停车场,柯桥区,40,15,2021-07-08 09:04:10.077
P3120000018,黄社溇路1停车场,柯桥区,16,10,2021-07-08 09:04:10.077
P3120000019,黄社溇路2停车场,柯桥区,18,16,2021-07-08 09:04:10.077
P3120000025,金杨路1（中医院）停车场,柯桥区,28,22,2021-07-08 09:04:10.077
P3120000027,金杨路3停车场,柯桥区,28,9,2021-07-08 09:04:10.077
P3120000028,鉴湖路1（锦江花园）停车场,柯桥区,29,13,2021-07-08 09:04:10.077
P3120000029,鉴湖路2（锦江花园）停车场,柯桥区,21,15,2021-07-08 09:04:10.077
P3120000032,鉴湖路5（四大银行）停车场,柯桥区,16,8,2021-07-08 09:04:10.077
P3120000033,港越路1(步行街1)停车场,柯桥区,14,7,2021-07-08 09:04:10.077
P3120000034,港越路2（精工）停车场,柯桥区,12,9,2021-07-08 09:04:10.077
P3120000036,港越路4（肯德基）停车场,柯桥区,21,1,2021-07-08 09:04:10.077
P3120000037,港越路5（温州饭滩）停车场,柯桥区,22,7,2021-07-08 09:04:10.077
P3120000038,港越路6停车场,柯桥区,16,7,2021-07-08 09:04:10.077
P3120000039,笛扬路1（世纪联华）停车场,柯桥区,31,23,2021-07-08 09:04:10.077
P3120000040,笛扬路2（广厦公寓）停车场,柯桥区,37,30,2021-07-08 09:04:10.077
P3120000042,笛扬路4（工商银行）停车场,柯桥区,23,17,2021-07-08 09:04:10.077
P3120000061,港越路2(精工2)停车场,柯桥区,21,15,2021-07-08 09:04:10.077
P3120000064,港越路1(步行街2)停车场,柯桥区,26,19,2021-07-08 09:04:10.077
P3120000065,温渎路3停车场,柯桥区,11,7,2021-07-08 09:04:10.077
P3120000068,港越路3（精工）停车场,柯桥区,23,19,2021-07-08 09:04:10.077
P3120000014,人和路停车场,柯桥区,19,15,2021-07-08 09:14:08.84
P3120000016,温渎路2停车场,柯桥区,15,10,2021-07-08 09:14:08.84
P3120000018,黄社溇路1停车场,柯桥区,16,9,2021-07-08 09:14:08.84
P3120000025,金杨路1（中医院）停车场,柯桥区,28,21,2021-07-08 09:14:08.84
P3120000028,鉴湖路1（锦江花园）停车场,柯桥区,29,15,2021-07-08 09:14:08.84
P3120000030,鉴湖路3停车场,柯桥区,12,6,2021-07-08 09:14:08.84
P3120000032,鉴湖路5（四大银行）停车场,柯桥区,16,7,2021-07-08 09:14:08.84
P3120000033,港越路1(步行街1)停车场,柯桥区,14,6,2021-07-08 09:14:08.84
P3120000034,港越路2（精工）停车场,柯桥区,12,10,2021-07-08 09:14:08.84
P3120000036,港越路4（肯德基）停车场,柯桥区,21,3,2021-07-08 09:14:08.84
P3120000037,港越路5（温州饭滩）停车场,柯桥区,22,4,2021-07-08 09:14:08.84
P3120000038,港越路6停车场,柯桥区,16,5,2021-07-08 09:14:08.84
P3120000040,笛扬路2（广厦公寓）停车场,柯桥区,37,29,2021-07-08 09:14:08.84
P3120000042,笛扬路4（工商银行）停车场,柯桥区,23,18,2021-07-08 09:14:08.84
P3120000045,笛扬路7（福年大厦）停车场,柯桥区,22,5,2021-07-08 09:14:08.84
P3120000064,港越路1(步行街2)停车场,柯桥区,26,20,2021-07-08 09:14:08.84
P3120000065,温渎路3停车场,柯桥区,11,8,2021-07-08 09:14:08.84
P3120000068,港越路3（精工）停车场,柯桥区,23,20,2021-07-08 09:14:08.84
P3120000014,人和路停车场,柯桥区,19,16,2021-07-08 09:24:09.217
P3120000016,温渎路2停车场,柯桥区,15,9,2021-07-08 09:24:09.217
P3120000018,黄社溇路1停车场,柯桥区,16,11,2021-07-08 09:24:09.217
P3120000025,金杨路1（中医院）停车场,柯桥区,28,22,2021-07-08 09:24:09.217
P3120000027,金杨路3停车场,柯桥区,28,8,2021-07-08 09:24:09.217
P3120000029,鉴湖路2（锦江花园）停车场,柯桥区,21,14,2021-07-08 09:24:09.217
P3120000030,鉴湖路3停车场,柯桥区,12,5,2021-07-08 09:24:09.217
P3120000032,鉴湖路5（四大银行）停车场,柯桥区,16,5,2021-07-08 09:24:09.217
P3120000033,港越路1(步行街1)停车场,柯桥区,14,8,2021-07-08 09:24:09.217
P3120000036,港越路4（肯德基）停车场,柯桥区,21,2,2021-07-08 09:24:09.217
P3120000037,港越路5（温州饭滩）停车场,柯桥区,22,3,2021-07-08 09:24:09.217
P3120000038,港越路6停车场,柯桥区,16,8,2021-07-08 09:24:09.217
P3120000039,笛扬路1（世纪联华）停车场,柯桥区,31,24,2021-07-08 09:24:09.217
P3120000042,笛扬路4（工商银行）停车场,柯桥区,23,20,2021-07-08 09:24:09.217
P3120000064,港越路1(步行街2)停车场,柯桥区,26,18,2021-07-08 09:24:09.217
P3120000065,温渎路3停车场,柯桥区,11,7,2021-07-08 09:24:09.217
P3120000068,港越路3（精工）停车场,柯桥区,23,17,2021-07-08 09:24:09.217
P3120000016,温渎路2停车场,柯桥区,15,11,2021-07-08 09:34:07.92
P3120000017,万家巷停车场,柯桥区,40,14,2021-07-08 09:34:07.92
P3120000018,黄社溇路1停车场,柯桥区,16,10,2021-07-08 09:34:07.92
P3120000025,金杨路1（中医院）停车场,柯桥区,28,21,2021-07-08 09:34:07.92
P3120000027,金杨路3停车场,柯桥区,28,10,2021-07-08 09:34:07.92
P3120000029,鉴湖路2（锦江花园）停车场,柯桥区,21,11,2021-07-08 09:34:07.92
P3120000032,鉴湖路5（四大银行）停车场,柯桥区,16,3,2021-07-08 09:34:07.92
P3120000033,港越路1(步行街1)停车场,柯桥区,14,9,2021-07-08 09:34:07.92
P3120000036,港越路4（肯德基）停车场,柯桥区,21,1,2021-07-08 09:34:07.92
P3120000037,港越路5（温州饭滩）停车场,柯桥区,22,4,2021-07-08 09:34:07.92
P3120000038,港越路6停车场,柯桥区,16,9,2021-07-08 09:34:07.92
P3120000039,笛扬路1（世纪联华）停车场,柯桥区,31,23,2021-07-08 09:34:07.92
P3120000040,笛扬路2（广厦公寓）停车场,柯桥区,37,27,2021-07-08 09:34:07.92
P3120000041,笛扬路3（樱花电器）停车场,柯桥区,18,16,2021-07-08 09:34:07.92
P3120000042,笛扬路4（工商银行）停车场,柯桥区,23,19,2021-07-08 09:34:07.92
P3120000045,笛扬路7（福年大厦）停车场,柯桥区,22,3,2021-07-08 09:34:07.92
P3120000064,港越路1(步行街2)停车场,柯桥区,26,19,2021-07-08 09:34:07.92
P3120000068,港越路3（精工）停车场,柯桥区,23,14,2021-07-08 09:34:07.92
P3120000014,人和路停车场,柯桥区,19,17,2021-07-08 09:44:10.943
P3120000015,温渎路1停车场,柯桥区,21,18,2021-07-08 09:44:10.943
P3120000019,黄社溇路2停车场,柯桥区,18,15,2021-07-08 09:44:10.943
P3120000027,金杨路3停车场,柯桥区,28,11,2021-07-08 09:44:10.943
P3120000028,鉴湖路1（锦江花园）停车场,柯桥区,29,16,2021-07-08 09:44:10.943
P3120000029,鉴湖路2（锦江花园）停车场,柯桥区,21,14,2021-07-08 09:44:10.943
P3120000030,鉴湖路3停车场,柯桥区,12,4,2021-07-08 09:44:10.943
P3120000033,港越路1(步行街1)停车场,柯桥区,14,8,2021-07-08 09:44:10.943
P3120000034,港越路2（精工）停车场,柯桥区,12,11,2021-07-08 09:44:10.943
P3120000037,港越路5（温州饭滩）停车场,柯桥区,22,2,2021-07-08 09:44:10.943
P3120000038,港越路6停车场,柯桥区,16,7,2021-07-08 09:44:10.943
P3120000040,笛扬路2（广厦公寓）停车场,柯桥区,37,25,2021-07-08 09:44:10.943
P3120000042,笛扬路4（工商银行）停车场,柯桥区,23,20,2021-07-08 09:44:10.943
P3120000061,港越路2(精工2)停车场,柯桥区,21,16,2021-07-08 09:44:10.943
P3120000064,港越路1(步行街2)停车场,柯桥区,26,20,2021-07-08 09:44:10.943
P3120000065,温渎路3停车场,柯桥区,11,8,2021-07-08 09:44:10.943
P3120000068,港越路3（精工）停车场,柯桥区,23,15,2021-07-08 09:44:10.943
P3120000014,人和路停车场,柯桥区,19,18,2021-07-08 09:54:09.523
P3120000015,温渎路1停车场,柯桥区,21,17,2021-07-08 09:54:09.523
P3120000016,温渎路2停车场,柯桥区,15,13,2021-07-08 09:54:09.523
P3120000017,万家巷停车场,柯桥区,40,13,2021-07-08 09:54:09.523
P3120000018,黄社溇路1停车场,柯桥区,16,11,2021-07-08 09:54:09.523
P3120000025,金杨路1（中医院）停车场,柯桥区,28,19,2021-07-08 09:54:09.523
P3120000027,金杨路3停车场,柯桥区,28,12,2021-07-08 09:54:09.523
P3120000028,鉴湖路1（锦江花园）停车场,柯桥区,29,14,2021-07-08 09:54:09.523
P3120000029,鉴湖路2（锦江花园）停车场,柯桥区,21,15,2021-07-08 09:54:09.523
P3120000033,港越路1(步行街1)停车场,柯桥区,14,9,2021-07-08 09:54:09.523
P3120000034,港越路2（精工）停车场,柯桥区,12,10,2021-07-08 09:54:09.523
P3120000038,港越路6停车场,柯桥区,16,6,2021-07-08 09:54:09.523
P3120000039,笛扬路1（世纪联华）停车场,柯桥区,31,21,2021-07-08 09:54:09.523
P3120000040,笛扬路2（广厦公寓）停车场,柯桥区,37,23,2021-07-08 09:54:09.523
P3120000042,笛扬路4（工商银行）停车场,柯桥区,23,19,2021-07-08 09:54:09.523
P3120000045,笛扬路7（福年大厦）停车场,柯桥区,22,2,2021-07-08 09:54:09.523
P3120000061,港越路2(精工2)停车场,柯桥区,21,15,2021-07-08 09:54:09.523
P3120000064,港越路1(步行街2)停车场,柯桥区,26,19,2021-07-08 09:54:09.523
P3120000068,港越路3（精工）停车场,柯桥区,23,14,2021-07-08 09:54:09.523
P3120000014,人和路停车场,柯桥区,19,16,2021-07-08 10:04:08.43
P3120000017,万家巷停车场,柯桥区,40,12,2021-07-08 10:04:08.43
P3120000025,金杨路1（中医院）停车场,柯桥区,28,21,2021-07-08 10:04:08.43
P3120000027,金杨路3停车场,柯桥区,28,11,2021-07-08 10:04:08.43
P3120000028,鉴湖路1（锦江花园）停车场,柯桥区,29,11,2021-07-08 10:04:08.43
P3120000029,鉴湖路2（锦江花园）停车场,柯桥区,21,14,2021-07-08 10:04:08.43
P3120000032,鉴湖路5（四大银行）停车场,柯桥区,16,1,2021-07-08 10:04:08.43
P3120000034,港越路2（精工）停车场,柯桥区,12,9,2021-07-08 10:04:08.43
P3120000037,港越路5（温州饭滩）停车场,柯桥区,22,1,2021-07-08 10:04:08.43
P3120000038,港越路6停车场,柯桥区,16,5,2021-07-08 10:04:08.43
P3120000040,笛扬路2（广厦公寓）停车场,柯桥区,37,22,2021-07-08 10:04:08.43
P3120000041,笛扬路3（樱花电器）停车场,柯桥区,18,14,2021-07-08 10:04:08.43
P3120000045,笛扬路7（福年大厦）停车场,柯桥区,22,3,2021-07-08 10:04:08.43
P3120000062,港越路1(步行街3)停车场,柯桥区,16,8,2021-07-08 10:04:08.43
P3120000068,港越路3（精工）停车场,柯桥区,23,13,2021-07-08 10:04:08.43
P3120000017,万家巷停车场,柯桥区,40,13,2021-07-08 10:13:06.97
P3120000018,黄社溇路1停车场,柯桥区,16,10,2021-07-08 10:13:06.97
P3120000027,金杨路3停车场,柯桥区,28,12,2021-07-08 10:13:06.97
P3120000028,鉴湖路1（锦江花园）停车场,柯桥区,29,10,2021-07-08 10:13:06.97
P3120000029,鉴湖路2（锦江花园）停车场,柯桥区,21,16,2021-07-08 10:13:06.97
P3120000032,鉴湖路5（四大银行）停车场,柯桥区,16,2,2021-07-08 10:13:06.97
P3120000033,港越路1(步行街1)停车场,柯桥区,14,5,2021-07-08 10:13:06.97
P3120000034,港越路2（精工）停车场,柯桥区,12,10,2021-07-08 10:13:06.97
P3120000037,港越路5（温州饭滩）停车场,柯桥区,22,0,2021-07-08 10:13:06.97
P3120000040,笛扬路2（广厦公寓）停车场,柯桥区,37,23,2021-07-08 10:13:06.97
P3120000042,笛扬路4（工商银行）停车场,柯桥区,23,17,2021-07-08 10:13:06.97
P3120000045,笛扬路7（福年大厦）停车场,柯桥区,22,2,2021-07-08 10:13:06.97
P3120000064,港越路1(步行街2)停车场,柯桥区,26,18,2021-07-08 10:13:06.97
P3120000065,温渎路3停车场,柯桥区,11,7,2021-07-08 10:13:06.97
P3120000068,港越路3（精工）停车场,柯桥区,23,12,2021-07-08 10:13:06.97
P3120000014,人和路停车场,柯桥区,19,19,2021-07-08 10:24:08.88
P3120000019,黄社溇路2停车场,柯桥区,18,14,2021-07-08 10:24:08.88
P3120000027,金杨路3停车场,柯桥区,28,14,2021-07-08 10:24:08.88
P3120000028,鉴湖路1（锦江花园）停车场,柯桥区,29,8,2021-07-08 10:24:08.88
P3120000029,鉴湖路2（锦江花园）停车场,柯桥区,21,15,2021-07-08 10:24:08.88
P3120000032,鉴湖路5（四大银行）停车场,柯桥区,16,3,2021-07-08 10:24:08.88
P3120000033,港越路1(步行街1)停车场,柯桥区,14,7,2021-07-08 10:24:08.88
P3120000036,港越路4（肯德基）停车场,柯桥区,21,0,2021-07-08 10:24:08.88
P3120000037,港越路5（温州饭滩）停车场,柯桥区,22,4,2021-07-08 10:24:08.88
P3120000038,港越路6停车场,柯桥区,16,3,2021-07-08 10:24:08.88
P3120000065,温渎路3停车场,柯桥区,11,6,2021-07-08 10:24:08.88
P3120000068,港越路3（精工）停车场,柯桥区,23,13,2021-07-08 10:24:08.88
P3120000014,人和路停车场,柯桥区,19,17,2021-07-08 10:34:08.943
P3120000015,温渎路1停车场,柯桥区,21,16,2021-07-08 10:34:08.943
P3120000017,万家巷停车场,柯桥区,40,17,2021-07-08 10:34:08.943
P3120000018,黄社溇路1停车场,柯桥区,16,9,2021-07-08 10:34:08.943
P3120000019,黄社溇路2停车场,柯桥区,18,15,2021-07-08 10:34:08.943
P3120000025,金杨路1（中医院）停车场,柯桥区,28,20,2021-07-08 10:34:08.943
P3120000027,金杨路3停车场,柯桥区,28,13,2021-07-08 10:34:08.943
P3120000028,鉴湖路1（锦江花园）停车场,柯桥区,29,12,2021-07-08 10:34:08.943
P3120000029,鉴湖路2（锦江花园）停车场,柯桥区,21,14,2021-07-08 10:34:08.943
P3120000033,港越路1(步行街1)停车场,柯桥区,14,6,2021-07-08 10:34:08.943
P3120000036,港越路4（肯德基）停车场,柯桥区,21,1,2021-07-08 10:34:08.943
P3120000037,港越路5（温州饭滩）停车场,柯桥区,22,2,2021-07-08 10:34:08.943
P3120000038,港越路6停车场,柯桥区,16,4,2021-07-08 10:34:08.943
P3120000039,笛扬路1（世纪联华）停车场,柯桥区,31,18,2021-07-08 10:34:08.943
P3120000040,笛扬路2（广厦公寓）停车场,柯桥区,37,25,2021-07-08 10:34:08.943
P3120000042,笛扬路4（工商银行）停车场,柯桥区,23,18,2021-07-08 10:34:08.943
P3120000045,笛扬路7（福年大厦）停车场,柯桥区,22,4,2021-07-08 10:34:08.943
P3120000062,港越路1(步行街3)停车场,柯桥区,16,7,2021-07-08 10:34:08.943
P3120000064,港越路1(步行街2)停车场,柯桥区,26,17,2021-07-08 10:34:08.943
P3120000068,港越路3（精工）停车场,柯桥区,23,10,2021-07-08 10:34:08.943
P3120000015,温渎路1停车场,柯桥区,21,17,2021-07-08 10:44:10.757
P3120000016,温渎路2停车场,柯桥区,15,11,2021-07-08 10:44:10.757
P3120000017,万家巷停车场,柯桥区,40,20,2021-07-08 10:44:10.757
P3120000025,金杨路1（中医院）停车场,柯桥区,28,21,2021-07-08 10:44:10.757
P3120000027,金杨路3停车场,柯桥区,28,10,2021-07-08 10:44:10.757
P3120000028,鉴湖路1（锦江花园）停车场,柯桥区,29,13,2021-07-08 10:44:10.757
P3120000029,鉴湖路2（锦江花园）停车场,柯桥区,21,16,2021-07-08 10:44:10.757
P3120000030,鉴湖路3停车场,柯桥区,12,5,2021-07-08 10:44:10.757
P3120000033,港越路1(步行街1)停车场,柯桥区,14,5,2021-07-08 10:44:10.757
P3120000034,港越路2（精工）停车场,柯桥区,12,9,2021-07-08 10:44:10.757
P3120000038,港越路6停车场,柯桥区,16,3,2021-07-08 10:44:10.757
P3120000039,笛扬路1（世纪联华）停车场,柯桥区,31,19,2021-07-08 10:44:10.757
P3120000040,笛扬路2（广厦公寓）停车场,柯桥区,37,26,2021-07-08 10:44:10.757
P3120000041,笛扬路3（樱花电器）停车场,柯桥区,18,13,2021-07-08 10:44:10.757
P3120000045,笛扬路7（福年大厦）停车场,柯桥区,22,5,2021-07-08 10:44:10.757
P3120000061,港越路2(精工2)停车场,柯桥区,21,14,2021-07-08 10:44:10.757
P3120000062,港越路1(步行街3)停车场,柯桥区,16,6,2021-07-08 10:44:10.757
P3120000065,温渎路3停车场,柯桥区,11,7,2021-07-08 10:44:10.757
P3120000068,港越路3（精工）停车场,柯桥区,23,9,2021-07-08 10:44:10.757
P3120000014,人和路停车场,柯桥区,19,18,2021-07-08 10:54:07.357
P3120000015,温渎路1停车场,柯桥区,21,19,2021-07-08 10:54:07.357
P3120000016,温渎路2停车场,柯桥区,15,10,2021-07-08 10:54:07.357
P3120000018,黄社溇路1停车场,柯桥区,16,10,2021-07-08 10:54:07.357
P3120000019,黄社溇路2停车场,柯桥区,18,16,2021-07-08 10:54:07.357
P3120000027,金杨路3停车场,柯桥区,28,12,2021-07-08 10:54:07.357
P3120000028,鉴湖路1（锦江花园）停车场,柯桥区,29,12,2021-07-08 10:54:07.357
P3120000029,鉴湖路2（锦江花园）停车场,柯桥区,21,15,2021-07-08 10:54:07.357
P3120000030,鉴湖路3停车场,柯桥区,12,4,2021-07-08 10:54:07.357
P3120000032,鉴湖路5（四大银行）停车场,柯桥区,16,4,2021-07-08 10:54:07.357
P3120000033,港越路1(步行街1)停车场,柯桥区,14,6,2021-07-08 10:54:07.357
P3120000039,笛扬路1（世纪联华）停车场,柯桥区,31,18,2021-07-08 10:54:07.357
P3120000040,笛扬路2（广厦公寓）停车场,柯桥区,37,24,2021-07-08 10:54:07.357
P3120000041,笛扬路3（樱花电器）停车场,柯桥区,18,15,2021-07-08 10:54:07.357
P3120000042,笛扬路4（工商银行）停车场,柯桥区,23,17,2021-07-08 10:54:07.357
P3120000045,笛扬路7（福年大厦）停车场,柯桥区,22,6,2021-07-08 10:54:07.357
P3120000061,港越路2(精工2)停车场,柯桥区,21,15,2021-07-08 10:54:07.357
P3120000064,港越路1(步行街2)停车场,柯桥区,26,16,2021-07-08 10:54:07.357
P3120000068,港越路3（精工）停车场,柯桥区,23,8,2021-07-08 10:54:07.357
P3120000016,温渎路2停车场,柯桥区,15,11,2021-07-08 11:04:10.91
P3120000017,万家巷停车场,柯桥区,40,23,2021-07-08 11:04:10.91
P3120000018,黄社溇路1停车场,柯桥区,16,9,2021-07-08 11:04:10.91
P3120000025,金杨路1（中医院）停车场,柯桥区,28,19,2021-07-08 11:04:10.91
P3120000030,鉴湖路3停车场,柯桥区,12,5,2021-07-08 11:04:10.91
P3120000032,鉴湖路5（四大银行）停车场,柯桥区,16,1,2021-07-08 11:04:10.91
P3120000038,港越路6停车场,柯桥区,16,4,2021-07-08 11:04:10.91
P3120000039,笛扬路1（世纪联华）停车场,柯桥区,31,16,2021-07-08 11:04:10.91
P3120000062,港越路1(步行街3)停车场,柯桥区,16,7,2021-07-08 11:04:10.91
P3120000064,港越路1(步行街2)停车场,柯桥区,26,14,2021-07-08 11:04:10.91
P3120000065,温渎路3停车场,柯桥区,11,8,2021-07-08 11:04:10.91
P3120000068,港越路3（精工）停车场,柯桥区,23,12,2021-07-08 11:04:10.91
P3120000016,温渎路2停车场,柯桥区,15,10,2021-07-08 11:14:10.81
P3120000025,金杨路1（中医院）停车场,柯桥区,28,20,2021-07-08 11:14:10.81
P3120000027,金杨路3停车场,柯桥区,28,13,2021-07-08 11:14:10.81
P3120000028,鉴湖路1（锦江花园）停车场,柯桥区,29,13,2021-07-08 11:14:10.81
P3120000029,鉴湖路2（锦江花园）停车场,柯桥区,21,14,2021-07-08 11:14:10.81
P3120000032,鉴湖路5（四大银行）停车场,柯桥区,16,0,2021-07-08 11:14:10.81
P3120000033,港越路1(步行街1)停车场,柯桥区,14,5,2021-07-08 11:14:10.81
P3120000037,港越路5（温州饭滩）停车场,柯桥区,22,1,2021-07-08 11:14:10.81
P3120000038,港越路6停车场,柯桥区,16,3,2021-07-08 11:14:10.81
P3120000040,笛扬路2（广厦公寓）停车场,柯桥区,37,27,2021-07-08 11:14:10.81
P3120000041,笛扬路3（樱花电器）停车场,柯桥区,18,13,2021-07-08 11:14:10.81
P3120000042,笛扬路4（工商银行）停车场,柯桥区,23,16,2021-07-08 11:14:10.81
P3120000045,笛扬路7（福年大厦）停车场,柯桥区,22,7,2021-07-08 11:14:10.81
P3120000061,港越路2(精工2)停车场,柯桥区,21,16,2021-07-08 11:14:10.81
P3120000062,港越路1(步行街3)停车场,柯桥区,16,8,2021-07-08 11:14:10.81
P3120000064,港越路1(步行街2)停车场,柯桥区,26,15,2021-07-08 11:14:10.81
P3120000065,温渎路3停车场,柯桥区,11,9,2021-07-08 11:14:10.81
P3120000068,港越路3（精工）停车场,柯桥区,23,11,2021-07-08 11:14:10.81
P3120000016,温渎路2停车场,柯桥区,15,11,2021-07-08 11:24:11.117
P3120000017,万家巷停车场,柯桥区,40,24,2021-07-08 11:24:11.117
P3120000019,黄社溇路2停车场,柯桥区,18,14,2021-07-08 11:24:11.117
P3120000025,金杨路1（中医院）停车场,柯桥区,28,22,2021-07-08 11:24:11.117
P3120000027,金杨路3停车场,柯桥区,28,15,2021-07-08 11:24:11.117
P3120000030,鉴湖路3停车场,柯桥区,12,6,2021-07-08 11:24:11.117
P3120000032,鉴湖路5（四大银行）停车场,柯桥区,16,2,2021-07-08 11:24:11.117
P3120000036,港越路4（肯德基）停车场,柯桥区,21,2,2021-07-08 11:24:11.117
P3120000037,港越路5（温州饭滩）停车场,柯桥区,22,2,2021-07-08 11:24:11.117
P3120000040,笛扬路2（广厦公寓）停车场,柯桥区,37,24,2021-07-08 11:24:11.117
P3120000041,笛扬路3（樱花电器）停车场,柯桥区,18,12,2021-07-08 11:24:11.117
P3120000061,港越路2(精工2)停车场,柯桥区,21,17,2021-07-08 11:24:11.117
P3120000062,港越路1(步行街3)停车场,柯桥区,16,9,2021-07-08 11:24:11.117
P3120000064,港越路1(步行街2)停车场,柯桥区,26,13,2021-07-08 11:24:11.117
P3120000065,温渎路3停车场,柯桥区,11,7,2021-07-08 11:24:11.117
P3120000068,港越路3（精工）停车场,柯桥区,23,10,2021-07-08 11:24:11.117
P3120000016,温渎路2停车场,柯桥区,15,12,2021-07-08 11:34:09.557
P3120000017,万家巷停车场,柯桥区,40,25,2021-07-08 11:34:09.557
P3120000018,黄社溇路1停车场,柯桥区,16,6,2021-07-08 11:34:09.557
P3120000025,金杨路1（中医院）停车场,柯桥区,28,19,2021-07-08 11:34:09.557
P3120000027,金杨路3停车场,柯桥区,28,13,2021-07-08 11:34:09.557
P3120000028,鉴湖路1（锦江花园）停车场,柯桥区,29,11,2021-07-08 11:34:09.557
P3120000032,鉴湖路5（四大银行）停车场,柯桥区,16,5,2021-07-08 11:34:09.557
P3120000033,港越路1(步行街1)停车场,柯桥区,14,3,2021-07-08 11:34:09.557
P3120000036,港越路4（肯德基）停车场,柯桥区,21,0,2021-07-08 11:34:09.557
P3120000037,港越路5（温州饭滩）停车场,柯桥区,22,0,2021-07-08 11:34:09.557
P3120000039,笛扬路1（世纪联华）停车场,柯桥区,31,19,2021-07-08 11:34:09.557
P3120000040,笛扬路2（广厦公寓）停车场,柯桥区,37,27,2021-07-08 11:34:09.557
P3120000042,笛扬路4（工商银行）停车场,柯桥区,23,14,2021-07-08 11:34:09.557
P3120000045,笛扬路7（福年大厦）停车场,柯桥区,22,8,2021-07-08 11:34:09.557
P3120000064,港越路1(步行街2)停车场,柯桥区,26,12,2021-07-08 11:34:09.557
P3120000065,温渎路3停车场,柯桥区,11,8,2021-07-08 11:34:09.557
P3120000015,温渎路1停车场,柯桥区,21,17,2021-07-08 11:44:11.637
P3120000016,温渎路2停车场,柯桥区,15,11,2021-07-08 11:44:11.637
P3120000017,万家巷停车场,柯桥区,40,26,2021-07-08 11:44:11.637
P3120000018,黄社溇路1停车场,柯桥区,16,9,2021-07-08 11:44:11.637
P3120000019,黄社溇路2停车场,柯桥区,18,13,2021-07-08 11:44:11.637
P3120000028,鉴湖路1（锦江花园）停车场,柯桥区,29,13,2021-07-08 11:44:11.637
P3120000029,鉴湖路2（锦江花园）停车场,柯桥区,21,13,2021-07-08 11:44:11.637
P3120000030,鉴湖路3停车场,柯桥区,12,7,2021-07-08 11:44:11.637
P3120000032,鉴湖路5（四大银行）停车场,柯桥区,16,4,2021-07-08 11:44:11.637
P3120000033,港越路1(步行街1)停车场,柯桥区,14,2,2021-07-08 11:44:11.637
P3120000036,港越路4（肯德基）停车场,柯桥区,21,1,2021-07-08 11:44:11.637
P3120000037,港越路5（温州饭滩）停车场,柯桥区,22,2,2021-07-08 11:44:11.637
P3120000040,笛扬路2（广厦公寓）停车场,柯桥区,37,26,2021-07-08 11:44:11.637
P3120000041,笛扬路3（樱花电器）停车场,柯桥区,18,14,2021-07-08 11:44:11.637
P3120000045,笛扬路7（福年大厦）停车场,柯桥区,22,7,2021-07-08 11:44:11.637
P3120000064,港越路1(步行街2)停车场,柯桥区,26,13,2021-07-08 11:44:11.637
P3120000068,港越路3（精工）停车场,柯桥区,23,9,2021-07-08 11:44:11.637
P3120000016,温渎路2停车场,柯桥区,15,10,2021-07-08 11:54:09.513
P3120000018,黄社溇路1停车场,柯桥区,16,6,2021-07-08 11:54:09.513
P3120000019,黄社溇路2停车场,柯桥区,18,11,2021-07-08 11:54:09.513
P3120000025,金杨路1（中医院）停车场,柯桥区,28,20,2021-07-08 11:54:09.513
P3120000027,金杨路3停车场,柯桥区,28,15,2021-07-08 11:54:09.513
P3120000028,鉴湖路1（锦江花园）停车场,柯桥区,29,12,2021-07-08 11:54:09.513
P3120000030,鉴湖路3停车场,柯桥区,12,6,2021-07-08 11:54:09.513
P3120000032,鉴湖路5（四大银行）停车场,柯桥区,16,2,2021-07-08 11:54:09.513
P3120000033,港越路1(步行街1)停车场,柯桥区,14,3,2021-07-08 11:54:09.513
P3120000034,港越路2（精工）停车场,柯桥区,12,8,2021-07-08 11:54:09.513
P3120000036,港越路4（肯德基）停车场,柯桥区,21,0,2021-07-08 11:54:09.513
P3120000037,港越路5（温州饭滩）停车场,柯桥区,22,3,2021-07-08 11:54:09.513
P3120000038,港越路6停车场,柯桥区,16,4,2021-07-08 11:54:09.513
P3120000039,笛扬路1（世纪联华）停车场,柯桥区,31,18,2021-07-08 11:54:09.513
P3120000040,笛扬路2（广厦公寓）停车场,柯桥区,37,29,2021-07-08 11:54:09.513
P3120000041,笛扬路3（樱花电器）停车场,柯桥区,18,15,2021-07-08 11:54:09.513
P3120000042,笛扬路4（工商银行）停车场,柯桥区,23,13,2021-07-08 11:54:09.513
P3120000045,笛扬路7（福年大厦）停车场,柯桥区,22,8,2021-07-08 11:54:09.513
P3120000061,港越路2(精工2)停车场,柯桥区,21,18,2021-07-08 11:54:09.513
P3120000064,港越路1(步行街2)停车场,柯桥区,26,12,2021-07-08 11:54:09.513
P3120000065,温渎路3停车场,柯桥区,11,6,2021-07-08 11:54:09.513
P3120000068,港越路3（精工）停车场,柯桥区,23,11,2021-07-08 11:54:09.513
P3120000015,温渎路1停车场,柯桥区,21,15,2021-07-08 12:04:07.253
P3120000016,温渎路2停车场,柯桥区,15,12,2021-07-08 12:04:07.253
P3120000018,黄社溇路1停车场,柯桥区,16,5,2021-07-08 12:04:07.253
P3120000025,金杨路1（中医院）停车场,柯桥区,28,21,2021-07-08 12:04:07.253
P3120000027,金杨路3停车场,柯桥区,28,14,2021-07-08 12:04:07.253
P3120000028,鉴湖路1（锦江花园）停车场,柯桥区,29,14,2021-07-08 12:04:07.253
P3120000029,鉴湖路2（锦江花园）停车场,柯桥区,21,10,2021-07-08 12:04:07.253
P3120000030,鉴湖路3停车场,柯桥区,12,8,2021-07-08 12:04:07.253
P3120000032,鉴湖路5（四大银行）停车场,柯桥区,16,3,2021-07-08 12:04:07.253
P3120000033,港越路1(步行街1)停车场,柯桥区,14,6,2021-07-08 12:04:07.253
P3120000034,港越路2（精工）停车场,柯桥区,12,7,2021-07-08 12:04:07.253
P3120000037,港越路5（温州饭滩）停车场,柯桥区,22,2,2021-07-08 12:04:07.253
P3120000038,港越路6停车场,柯桥区,16,5,2021-07-08 12:04:07.253
P3120000040,笛扬路2（广厦公寓）停车场,柯桥区,37,27,2021-07-08 12:04:07.253
P3120000041,笛扬路3（樱花电器）停车场,柯桥区,18,16,2021-07-08 12:04:07.253
P3120000045,笛扬路7（福年大厦）停车场,柯桥区,22,11,2021-07-08 12:04:07.253
P3120000061,港越路2(精工2)停车场,柯桥区,21,17,2021-07-08 12:04:07.253
P3120000064,港越路1(步行街2)停车场,柯桥区,26,9,2021-07-08 12:04:07.253
P3120000065,温渎路3停车场,柯桥区,11,8,2021-07-08 12:04:07.253
P3120000068,港越路3（精工）停车场,柯桥区,23,10,2021-07-08 12:04:07.253
P3120000014,人和路停车场,柯桥区,19,16,2021-07-08 12:14:11.55
P3120000015,温渎路1停车场,柯桥区,21,17,2021-07-08 12:14:11.55
P3120000016,温渎路2停车场,柯桥区,15,10,2021-07-08 12:14:11.55
P3120000017,万家巷停车场,柯桥区,40,24,2021-07-08 12:14:11.55
P3120000018,黄社溇路1停车场,柯桥区,16,7,2021-07-08 12:14:11.55
P3120000019,黄社溇路2停车场,柯桥区,18,12,2021-07-08 12:14:11.55
P3120000025,金杨路1（中医院）停车场,柯桥区,28,19,2021-07-08 12:14:11.55
P3120000028,鉴湖路1（锦江花园）停车场,柯桥区,29,11,2021-07-08 12:14:11.55
P3120000032,鉴湖路5（四大银行）停车场,柯桥区,16,7,2021-07-08 12:14:11.55
P3120000033,港越路1(步行街1)停车场,柯桥区,14,7,2021-07-08 12:14:11.55
P3120000034,港越路2（精工）停车场,柯桥区,12,10,2021-07-08 12:14:11.55
P3120000038,港越路6停车场,柯桥区,16,4,2021-07-08 12:14:11.55
P3120000039,笛扬路1（世纪联华）停车场,柯桥区,31,19,2021-07-08 12:14:11.55
P3120000041,笛扬路3（樱花电器）停车场,柯桥区,18,14,2021-07-08 12:14:11.55
P3120000064,港越路1(步行街2)停车场,柯桥区,26,13,2021-07-08 12:14:11.55
P3120000065,温渎路3停车场,柯桥区,11,9,2021-07-08 12:14:11.55
P3120000068,港越路3（精工）停车场,柯桥区,23,11,2021-07-08 12:14:11.55
P3120000014,人和路停车场,柯桥区,19,17,2021-07-08 12:24:10.29
P3120000017,万家巷停车场,柯桥区,40,22,2021-07-08 12:24:10.29
P3120000018,黄社溇路1停车场,柯桥区,16,4,2021-07-08 12:24:10.29
P3120000019,黄社溇路2停车场,柯桥区,18,6,2021-07-08 12:24:10.29
P3120000025,金杨路1（中医院）停车场,柯桥区,28,22,2021-07-08 12:24:10.29
P3120000027,金杨路3停车场,柯桥区,28,17,2021-07-08 12:24:10.29
P3120000028,鉴湖路1（锦江花园）停车场,柯桥区,29,15,2021-07-08 12:24:10.29
P3120000032,鉴湖路5（四大银行）停车场,柯桥区,16,5,2021-07-08 12:24:10.29
P3120000037,港越路5（温州饭滩）停车场,柯桥区,22,0,2021-07-08 12:24:10.29
P3120000038,港越路6停车场,柯桥区,16,5,2021-07-08 12:24:10.29
P3120000039,笛扬路1（世纪联华）停车场,柯桥区,31,20,2021-07-08 12:24:10.29
P3120000041,笛扬路3（樱花电器）停车场,柯桥区,18,12,2021-07-08 12:24:10.29
P3120000042,笛扬路4（工商银行）停车场,柯桥区,23,14,2021-07-08 12:24:10.29
P3120000045,笛扬路7（福年大厦）停车场,柯桥区,22,9,2021-07-08 12:24:10.29
P3120000061,港越路2(精工2)停车场,柯桥区,21,15,2021-07-08 12:24:10.29
P3120000064,港越路1(步行街2)停车场,柯桥区,26,16,2021-07-08 12:24:10.29
P3120000065,温渎路3停车场,柯桥区,11,10,2021-07-08 12:24:10.29
P3120000068,港越路3（精工）停车场,柯桥区,23,10,2021-07-08 12:24:10.29
P3120000014,人和路停车场,柯桥区,19,16,2021-07-08 12:34:09.03
P3120000015,温渎路1停车场,柯桥区,21,15,2021-07-08 12:34:09.03
P3120000016,温渎路2停车场,柯桥区,15,11,2021-07-08 12:34:09.03
P3120000017,万家巷停车场,柯桥区,40,21,2021-07-08 12:34:09.03
P3120000018,黄社溇路1停车场,柯桥区,16,7,2021-07-08 12:34:09.03
P3120000019,黄社溇路2停车场,柯桥区,18,8,2021-07-08 12:34:09.03
P3120000025,金杨路1（中医院）停车场,柯桥区,28,21,2021-07-08 12:34:09.03
P3120000027,金杨路3停车场,柯桥区,28,15,2021-07-08 12:34:09.03
P3120000028,鉴湖路1（锦江花园）停车场,柯桥区,29,16,2021-07-08 12:34:09.03
P3120000029,鉴湖路2（锦江花园）停车场,柯桥区,21,11,2021-07-08 12:34:09.03
P3120000033,港越路1(步行街1)停车场,柯桥区,14,6,2021-07-08 12:34:09.03
P3120000034,港越路2（精工）停车场,柯桥区,12,12,2021-07-08 12:34:09.03
P3120000036,港越路4（肯德基）停车场,柯桥区,21,1,2021-07-08 12:34:09.03
P3120000039,笛扬路1（世纪联华）停车场,柯桥区,31,24,2021-07-08 12:34:09.03
P3120000040,笛扬路2（广厦公寓）停车场,柯桥区,37,24,2021-07-08 12:34:09.03
P3120000041,笛扬路3（樱花电器）停车场,柯桥区,18,11,2021-07-08 12:34:09.03
P3120000042,笛扬路4（工商银行）停车场,柯桥区,23,18,2021-07-08 12:34:09.03
P3120000045,笛扬路7（福年大厦）停车场,柯桥区,22,8,2021-07-08 12:34:09.03
P3120000064,港越路1(步行街2)停车场,柯桥区,26,12,2021-07-08 12:34:09.03
P3120000065,温渎路3停车场,柯桥区,11,9,2021-07-08 12:34:09.03
P3120000068,港越路3（精工）停车场,柯桥区,23,11,2021-07-08 12:34:09.03
P3120000015,温渎路1停车场,柯桥区,21,16,2021-07-08 12:44:09.743
P3120000016,温渎路2停车场,柯桥区,15,10,2021-07-08 12:44:09.743
P3120000017,万家巷停车场,柯桥区,40,20,2021-07-08 12:44:09.743
P3120000018,黄社溇路1停车场,柯桥区,16,5,2021-07-08 12:44:09.743
P3120000027,金杨路3停车场,柯桥区,28,14,2021-07-08 12:44:09.743
P3120000028,鉴湖路1（锦江花园）停车场,柯桥区,29,19,2021-07-08 12:44:09.743
P3120000029,鉴湖路2（锦江花园）停车场,柯桥区,21,10,2021-07-08 12:44:09.743
P3120000033,港越路1(步行街1)停车场,柯桥区,14,8,2021-07-08 12:44:09.743
P3120000034,港越路2（精工）停车场,柯桥区,12,11,2021-07-08 12:44:09.743
P3120000036,港越路4（肯德基）停车场,柯桥区,21,0,2021-07-08 12:44:09.743
P3120000037,港越路5（温州饭滩）停车场,柯桥区,22,3,2021-07-08 12:44:09.743
P3120000040,笛扬路2（广厦公寓）停车场,柯桥区,37,27,2021-07-08 12:44:09.743
P3120000042,笛扬路4（工商银行）停车场,柯桥区,23,17,2021-07-08 12:44:09.743
P3120000061,港越路2(精工2)停车场,柯桥区,21,14,2021-07-08 12:44:09.743
P3120000062,港越路1(步行街3)停车场,柯桥区,16,8,2021-07-08 12:44:09.743
P3120000064,港越路1(步行街2)停车场,柯桥区,26,14,2021-07-08 12:44:09.743
P3120000068,港越路3（精工）停车场,柯桥区,23,9,2021-07-08 12:44:09.743
P3120000014,人和路停车场,柯桥区,19,14,2021-07-08 12:54:09.63
P3120000015,温渎路1停车场,柯桥区,21,17,2021-07-08 12:54:09.63
P3120000016,温渎路2停车场,柯桥区,15,11,2021-07-08 12:54:09.63
P3120000017,万家巷停车场,柯桥区,40,21,2021-07-08 12:54:09.63
P3120000019,黄社溇路2停车场,柯桥区,18,11,2021-07-08 12:54:09.63
P3120000025,金杨路1（中医院）停车场,柯桥区,28,19,2021-07-08 12:54:09.63
P3120000027,金杨路3停车场,柯桥区,28,17,2021-07-08 12:54:09.63
P3120000028,鉴湖路1（锦江花园）停车场,柯桥区,29,21,2021-07-08 12:54:09.63
P3120000029,鉴湖路2（锦江花园）停车场,柯桥区,21,13,2021-07-08 12:54:09.63
P3120000032,鉴湖路5（四大银行）停车场,柯桥区,16,3,2021-07-08 12:54:09.63
P3120000033,港越路1(步行街1)停车场,柯桥区,14,7,2021-07-08 12:54:09.63
P3120000037,港越路5（温州饭滩）停车场,柯桥区,22,4,2021-07-08 12:54:09.63
P3120000038,港越路6停车场,柯桥区,16,4,2021-07-08 12:54:09.63
P3120000039,笛扬路1（世纪联华）停车场,柯桥区,31,19,2021-07-08 12:54:09.63
P3120000040,笛扬路2（广厦公寓）停车场,柯桥区,37,26,2021-07-08 12:54:09.63
P3120000042,笛扬路4（工商银行）停车场,柯桥区,23,16,2021-07-08 12:54:09.63
P3120000045,笛扬路7（福年大厦）停车场,柯桥区,22,6,2021-07-08 12:54:09.63
P3120000062,港越路1(步行街3)停车场,柯桥区,16,9,2021-07-08 12:54:09.63
P3120000064,港越路1(步行街2)停车场,柯桥区,26,16,2021-07-08 12:54:09.63
P3120000068,港越路3（精工）停车场,柯桥区,23,11,2021-07-08 12:54:09.63
P3120000014,人和路停车场,柯桥区,19,19,2021-07-08 13:04:09.837
P3120000017,万家巷停车场,柯桥区,40,20,2021-07-08 13:04:09.837
P3120000018,黄社溇路1停车场,柯桥区,16,7,2021-07-08 13:04:09.837
P3120000019,黄社溇路2停车场,柯桥区,18,14,2021-07-08 13:04:09.837
P3120000025,金杨路1（中医院）停车场,柯桥区,28,20,2021-07-08 13:04:09.837
P3120000027,金杨路3停车场,柯桥区,28,18,2021-07-08 13:04:09.837
P3120000028,鉴湖路1（锦江花园）停车场,柯桥区,29,22,2021-07-08 13:04:09.837
P3120000030,鉴湖路3停车场,柯桥区,12,7,2021-07-08 13:04:09.837
P3120000032,鉴湖路5（四大银行）停车场,柯桥区,16,4,2021-07-08 13:04:09.837
P3120000033,港越路1(步行街1)停车场,柯桥区,14,6,2021-07-08 13:04:09.837
P3120000036,港越路4（肯德基）停车场,柯桥区,21,3,2021-07-08 13:04:09.837
P3120000037,港越路5（温州饭滩）停车场,柯桥区,22,5,2021-07-08 13:04:09.837
P3120000038,港越路6停车场,柯桥区,16,5,2021-07-08 13:04:09.837
P3120000042,笛扬路4（工商银行）停车场,柯桥区,23,17,2021-07-08 13:04:09.837
P3120000045,笛扬路7（福年大厦）停车场,柯桥区,22,8,2021-07-08 13:04:09.837
P3120000062,港越路1(步行街3)停车场,柯桥区,16,8,2021-07-08 13:04:09.837
P3120000064,港越路1(步行街2)停车场,柯桥区,26,15,2021-07-08 13:04:09.837
P3120000065,温渎路3停车场,柯桥区,11,8,2021-07-08 13:04:09.837
P3120000014,人和路停车场,柯桥区,19,18,2021-07-08 13:14:10.07
P3120000015,温渎路1停车场,柯桥区,21,14,2021-07-08 13:14:10.07
P3120000016,温渎路2停车场,柯桥区,15,10,2021-07-08 13:14:10.07
P3120000017,万家巷停车场,柯桥区,40,21,2021-07-08 13:14:10.07
P3120000018,黄社溇路1停车场,柯桥区,16,8,2021-07-08 13:14:10.07
P3120000027,金杨路3停车场,柯桥区,28,15,2021-07-08 13:14:10.07
P3120000028,鉴湖路1（锦江花园）停车场,柯桥区,29,20,2021-07-08 13:14:10.07
P3120000029,鉴湖路2（锦江花园）停车场,柯桥区,21,11,2021-07-08 13:14:10.07
P3120000030,鉴湖路3停车场,柯桥区,12,6,2021-07-08 13:14:10.07
P3120000034,港越路2（精工）停车场,柯桥区,12,10,2021-07-08 13:14:10.07
P3120000037,港越路5（温州饭滩）停车场,柯桥区,22,4,2021-07-08 13:14:10.07
P3120000038,港越路6停车场,柯桥区,16,3,2021-07-08 13:14:10.07
P3120000040,笛扬路2（广厦公寓）停车场,柯桥区,37,24,2021-07-08 13:14:10.07
P3120000041,笛扬路3（樱花电器）停车场,柯桥区,18,8,2021-07-08 13:14:10.07
P3120000042,笛扬路4（工商银行）停车场,柯桥区,23,18,2021-07-08 13:14:10.07
P3120000061,港越路2(精工2)停车场,柯桥区,21,13,2021-07-08 13:14:10.07
P3120000062,港越路1(步行街3)停车场,柯桥区,16,9,2021-07-08 13:14:10.07
P3120000068,港越路3（精工）停车场,柯桥区,23,10,2021-07-08 13:14:10.07
P3120000014,人和路停车场,柯桥区,19,17,2021-07-08 13:24:07.817
P3120000017,万家巷停车场,柯桥区,40,23,2021-07-08 13:24:07.817
P3120000019,黄社溇路2停车场,柯桥区,18,11,2021-07-08 13:24:07.817
P3120000025,金杨路1（中医院）停车场,柯桥区,28,21,2021-07-08 13:24:07.817
P3120000027,金杨路3停车场,柯桥区,28,16,2021-07-08 13:24:07.817
P3120000028,鉴湖路1（锦江花园）停车场,柯桥区,29,23,2021-07-08 13:24:07.817
P3120000029,鉴湖路2（锦江花园）停车场,柯桥区,21,9,2021-07-08 13:24:07.817
P3120000032,鉴湖路5（四大银行）停车场,柯桥区,16,2,2021-07-08 13:24:07.817
P3120000033,港越路1(步行街1)停车场,柯桥区,14,7,2021-07-08 13:24:07.817
P3120000036,港越路4（肯德基）停车场,柯桥区,21,1,2021-07-08 13:24:07.817
P3120000038,港越路6停车场,柯桥区,16,1,2021-07-08 13:24:07.817
P3120000039,笛扬路1（世纪联华）停车场,柯桥区,31,21,2021-07-08 13:24:07.817
P3120000040,笛扬路2（广厦公寓）停车场,柯桥区,37,26,2021-07-08 13:24:07.817
P3120000042,笛扬路4（工商银行）停车场,柯桥区,23,17,2021-07-08 13:24:07.817
P3120000045,笛扬路7（福年大厦）停车场,柯桥区,22,11,2021-07-08 13:24:07.817
P3120000065,温渎路3停车场,柯桥区,11,9,2021-07-08 13:24:07.817
P3120000014,人和路停车场,柯桥区,19,18,2021-07-08 13:34:08.267
P3120000015,温渎路1停车场,柯桥区,21,12,2021-07-08 13:34:08.267
P3120000027,金杨路3停车场,柯桥区,28,13,2021-07-08 13:34:08.267
P3120000028,鉴湖路1（锦江花园）停车场,柯桥区,29,25,2021-07-08 13:34:08.267
P3120000032,鉴湖路5（四大银行）停车场,柯桥区,16,6,2021-07-08 13:34:08.267
P3120000034,港越路2（精工）停车场,柯桥区,12,9,2021-07-08 13:34:08.267
P3120000037,港越路5（温州饭滩）停车场,柯桥区,22,1,2021-07-08 13:34:08.267
P3120000039,笛扬路1（世纪联华）停车场,柯桥区,31,25,2021-07-08 13:34:08.267
P3120000041,笛扬路3（樱花电器）停车场,柯桥区,18,9,2021-07-08 13:34:08.267
P3120000042,笛扬路4（工商银行）停车场,柯桥区,23,16,2021-07-08 13:34:08.267
P3120000061,港越路2(精工2)停车场,柯桥区,21,14,2021-07-08 13:34:08.267
P3120000062,港越路1(步行街3)停车场,柯桥区,16,8,2021-07-08 13:34:08.267
P3120000064,港越路1(步行街2)停车场,柯桥区,26,10,2021-07-08 13:34:08.267
P3120000068,港越路3（精工）停车场,柯桥区,23,13,2021-07-08 13:34:08.267
P3120000014,人和路停车场,柯桥区,19,16,2021-07-08 13:44:08.21
P3120000015,温渎路1停车场,柯桥区,21,13,2021-07-08 13:44:08.21
P3120000016,温渎路2停车场,柯桥区,15,9,2021-07-08 13:44:08.21
P3120000019,黄社溇路2停车场,柯桥区,18,12,2021-07-08 13:44:08.21
P3120000025,金杨路1（中医院）停车场,柯桥区,28,23,2021-07-08 13:44:08.21
P3120000027,金杨路3停车场,柯桥区,28,16,2021-07-08 13:44:08.21
P3120000028,鉴湖路1（锦江花园）停车场,柯桥区,29,23,2021-07-08 13:44:08.21
P3120000029,鉴湖路2（锦江花园）停车场,柯桥区,21,8,2021-07-08 13:44:08.21
P3120000032,鉴湖路5（四大银行）停车场,柯桥区,16,4,2021-07-08 13:44:08.21
P3120000037,港越路5（温州饭滩）停车场,柯桥区,22,4,2021-07-08 13:44:08.21
P3120000039,笛扬路1（世纪联华）停车场,柯桥区,31,23,2021-07-08 13:44:08.21
P3120000041,笛扬路3（樱花电器）停车场,柯桥区,18,11,2021-07-08 13:44:08.21
P3120000042,笛扬路4（工商银行）停车场,柯桥区,23,17,2021-07-08 13:44:08.21
P3120000061,港越路2(精工2)停车场,柯桥区,21,13,2021-07-08 13:44:08.21
P3120000068,港越路3（精工）停车场,柯桥区,23,11,2021-07-08 13:44:08.21
P3120000014,人和路停车场,柯桥区,19,17,2021-07-08 13:54:09.067
P3120000015,温渎路1停车场,柯桥区,21,12,2021-07-08 13:54:09.067
P3120000019,黄社溇路2停车场,柯桥区,18,14,2021-07-08 13:54:09.067
P3120000027,金杨路3停车场,柯桥区,28,15,2021-07-08 13:54:09.067
P3120000028,鉴湖路1（锦江花园）停车场,柯桥区,29,26,2021-07-08 13:54:09.067
P3120000029,鉴湖路2（锦江花园）停车场,柯桥区,21,9,2021-07-08 13:54:09.067
P3120000037,港越路5（温州饭滩）停车场,柯桥区,22,2,2021-07-08 13:54:09.067
P3120000039,笛扬路1（世纪联华）停车场,柯桥区,31,22,2021-07-08 13:54:09.067
P3120000040,笛扬路2（广厦公寓）停车场,柯桥区,37,23,2021-07-08 13:54:09.067
P3120000042,笛扬路4（工商银行）停车场,柯桥区,23,14,2021-07-08 13:54:09.067
P3120000045,笛扬路7（福年大厦）停车场,柯桥区,22,10,2021-07-08 13:54:09.067
P3120000061,港越路2(精工2)停车场,柯桥区,21,15,2021-07-08 13:54:09.067
P3120000064,港越路1(步行街2)停车场,柯桥区,26,12,2021-07-08 13:54:09.067
P3120000065,温渎路3停车场,柯桥区,11,7,2021-07-08 13:54:09.067
P3120000068,港越路3（精工）停车场,柯桥区,23,13,2021-07-08 13:54:09.067
P3120000015,温渎路1停车场,柯桥区,21,16,2021-07-08 14:04:09.873
P3120000016,温渎路2停车场,柯桥区,15,10,2021-07-08 14:04:09.873
P3120000019,黄社溇路2停车场,柯桥区,18,15,2021-07-08 14:04:09.873
P3120000025,金杨路1（中医院）停车场,柯桥区,28,24,2021-07-08 14:04:09.873
P3120000027,金杨路3停车场,柯桥区,28,14,2021-07-08 14:04:09.873
P3120000028,鉴湖路1（锦江花园）停车场,柯桥区,29,24,2021-07-08 14:04:09.873
P3120000029,鉴湖路2（锦江花园）停车场,柯桥区,21,11,2021-07-08 14:04:09.873
P3120000032,鉴湖路5（四大银行）停车场,柯桥区,16,3,2021-07-08 14:04:09.873
P3120000034,港越路2（精工）停车场,柯桥区,12,10,2021-07-08 14:04:09.873
P3120000037,港越路5（温州饭滩）停车场,柯桥区,22,3,2021-07-08 14:04:09.873
P3120000038,港越路6停车场,柯桥区,16,2,2021-07-08 14:04:09.873
P3120000039,笛扬路1（世纪联华）停车场,柯桥区,31,21,2021-07-08 14:04:09.873
P3120000040,笛扬路2（广厦公寓）停车场,柯桥区,37,24,2021-07-08 14:04:09.873
P3120000042,笛扬路4（工商银行）停车场,柯桥区,23,16,2021-07-08 14:04:09.873
P3120000045,笛扬路7（福年大厦）停车场,柯桥区,22,9,2021-07-08 14:04:09.873
P3120000061,港越路2(精工2)停车场,柯桥区,21,12,2021-07-08 14:04:09.873
P3120000062,港越路1(步行街3)停车场,柯桥区,16,9,2021-07-08 14:04:09.873
P3120000064,港越路1(步行街2)停车场,柯桥区,26,15,2021-07-08 14:04:09.873
P3120000068,港越路3（精工）停车场,柯桥区,23,12,2021-07-08 14:04:09.873
P3120000014,人和路停车场,柯桥区,19,14,2021-07-08 14:14:11.323
P3120000015,温渎路1停车场,柯桥区,21,17,2021-07-08 14:14:11.323
P3120000016,温渎路2停车场,柯桥区,15,9,2021-07-08 14:14:11.323
P3120000017,万家巷停车场,柯桥区,40,22,2021-07-08 14:14:11.323
P3120000018,黄社溇路1停车场,柯桥区,16,9,2021-07-08 14:14:11.323
P3120000025,金杨路1（中医院）停车场,柯桥区,28,21,2021-07-08 14:14:11.323
P3120000028,鉴湖路1（锦江花园）停车场,柯桥区,29,22,2021-07-08 14:14:11.323
P3120000032,鉴湖路5（四大银行）停车场,柯桥区,16,1,2021-07-08 14:14:11.323
P3120000038,港越路6停车场,柯桥区,16,1,2021-07-08 14:14:11.323
P3120000039,笛扬路1（世纪联华）停车场,柯桥区,31,22,2021-07-08 14:14:11.323
P3120000040,笛扬路2（广厦公寓）停车场,柯桥区,37,25,2021-07-08 14:14:11.323
P3120000041,笛扬路3（樱花电器）停车场,柯桥区,18,7,2021-07-08 14:14:11.323
P3120000061,港越路2(精工2)停车场,柯桥区,21,13,2021-07-08 14:14:11.323
P3120000062,港越路1(步行街3)停车场,柯桥区,16,8,2021-07-08 14:14:11.323
P3120000064,港越路1(步行街2)停车场,柯桥区,26,13,2021-07-08 14:14:11.323
P3120000065,温渎路3停车场,柯桥区,11,6,2021-07-08 14:14:11.323
P3120000068,港越路3（精工）停车场,柯桥区,23,15,2021-07-08 14:14:11.323
P3120000014,人和路停车场,柯桥区,19,13,2021-07-08 14:24:08.34
P3120000017,万家巷停车场,柯桥区,40,21,2021-07-08 14:24:08.34
P3120000018,黄社溇路1停车场,柯桥区,16,8,2021-07-08 14:24:08.34
P3120000019,黄社溇路2停车场,柯桥区,18,17,2021-07-08 14:24:08.34
P3120000025,金杨路1（中医院）停车场,柯桥区,28,23,2021-07-08 14:24:08.34
P3120000027,金杨路3停车场,柯桥区,28,16,2021-07-08 14:24:08.34
P3120000032,鉴湖路5（四大银行）停车场,柯桥区,16,3,2021-07-08 14:24:08.34
P3120000033,港越路1(步行街1)停车场,柯桥区,14,9,2021-07-08 14:24:08.34
P3120000036,港越路4（肯德基）停车场,柯桥区,21,3,2021-07-08 14:24:08.34
P3120000038,港越路6停车场,柯桥区,16,2,2021-07-08 14:24:08.34
P3120000039,笛扬路1（世纪联华）停车场,柯桥区,31,23,2021-07-08 14:24:08.34
P3120000041,笛扬路3（樱花电器）停车场,柯桥区,18,9,2021-07-08 14:24:08.34
P3120000042,笛扬路4（工商银行）停车场,柯桥区,23,19,2021-07-08 14:24:08.34
P3120000045,笛扬路7（福年大厦）停车场,柯桥区,22,8,2021-07-08 14:24:08.34
P3120000061,港越路2(精工2)停车场,柯桥区,21,12,2021-07-08 14:24:08.34
P3120000062,港越路1(步行街3)停车场,柯桥区,16,9,2021-07-08 14:24:08.34
P3120000064,港越路1(步行街2)停车场,柯桥区,26,14,2021-07-08 14:24:08.34
P3120000065,温渎路3停车场,柯桥区,11,8,2021-07-08 14:24:08.34
P3120000068,港越路3（精工）停车场,柯桥区,23,13,2021-07-08 14:24:08.34
P3120000015,温渎路1停车场,柯桥区,21,15,2021-07-08 14:34:09.35
P3120000016,温渎路2停车场,柯桥区,15,8,2021-07-08 14:34:09.35
P3120000017,万家巷停车场,柯桥区,40,19,2021-07-08 14:34:09.35
P3120000018,黄社溇路1停车场,柯桥区,16,10,2021-07-08 14:34:09.35
P3120000025,金杨路1（中医院）停车场,柯桥区,28,24,2021-07-08 14:34:09.35
P3120000027,金杨路3停车场,柯桥区,28,15,2021-07-08 14:34:09.35
P3120000032,鉴湖路5（四大银行）停车场,柯桥区,16,2,2021-07-08 14:34:09.35
P3120000033,港越路1(步行街1)停车场,柯桥区,14,8,2021-07-08 14:34:09.35
P3120000037,港越路5（温州饭滩）停车场,柯桥区,22,5,2021-07-08 14:34:09.35
P3120000040,笛扬路2（广厦公寓）停车场,柯桥区,37,24,2021-07-08 14:34:09.35
P3120000041,笛扬路3（樱花电器）停车场,柯桥区,18,10,2021-07-08 14:34:09.35
P3120000042,笛扬路4（工商银行）停车场,柯桥区,23,18,2021-07-08 14:34:09.35
P3120000068,港越路3（精工）停车场,柯桥区,23,9,2021-07-08 14:34:09.35
P3120000014,人和路停车场,柯桥区,19,10,2021-07-08 14:44:11.47
P3120000015,温渎路1停车场,柯桥区,21,14,2021-07-08 14:44:11.47
P3120000016,温渎路2停车场,柯桥区,15,9,2021-07-08 14:44:11.47
P3120000017,万家巷停车场,柯桥区,40,20,2021-07-08 14:44:11.47
P3120000018,黄社溇路1停车场,柯桥区,16,8,2021-07-08 14:44:11.47
P3120000019,黄社溇路2停车场,柯桥区,18,16,2021-07-08 14:44:11.47
P3120000027,金杨路3停车场,柯桥区,28,17,2021-07-08 14:44:11.47
P3120000028,鉴湖路1（锦江花园）停车场,柯桥区,29,23,2021-07-08 14:44:11.47
P3120000029,鉴湖路2（锦江花园）停车场,柯桥区,21,10,2021-07-08 14:44:11.47
P3120000036,港越路4（肯德基）停车场,柯桥区,21,4,2021-07-08 14:44:11.47
P3120000038,港越路6停车场,柯桥区,16,1,2021-07-08 14:44:11.47
P3120000039,笛扬路1（世纪联华）停车场,柯桥区,31,24,2021-07-08 14:44:11.47
P3120000040,笛扬路2（广厦公寓）停车场,柯桥区,37,23,2021-07-08 14:44:11.47
P3120000041,笛扬路3（樱花电器）停车场,柯桥区,18,11,2021-07-08 14:44:11.47
P3120000042,笛扬路4（工商银行）停车场,柯桥区,23,17,2021-07-08 14:44:11.47
P3120000045,笛扬路7（福年大厦）停车场,柯桥区,22,5,2021-07-08 14:44:11.47
P3120000064,港越路1(步行街2)停车场,柯桥区,26,16,2021-07-08 14:44:11.47
P3120000065,温渎路3停车场,柯桥区,11,6,2021-07-08 14:44:11.47
P3120000015,温渎路1停车场,柯桥区,21,15,2021-07-08 14:54:10.743
P3120000016,温渎路2停车场,柯桥区,15,6,2021-07-08 14:54:10.743
P3120000017,万家巷停车场,柯桥区,40,23,2021-07-08 14:54:10.743
P3120000018,黄社溇路1停车场,柯桥区,16,6,2021-07-08 14:54:10.743
P3120000025,金杨路1（中医院）停车场,柯桥区,28,23,2021-07-08 14:54:10.743
P3120000028,鉴湖路1（锦江花园）停车场,柯桥区,29,24,2021-07-08 14:54:10.743
P3120000029,鉴湖路2（锦江花园）停车场,柯桥区,21,9,2021-07-08 14:54:10.743
P3120000033,港越路1(步行街1)停车场,柯桥区,14,7,2021-07-08 14:54:10.743
P3120000037,港越路5（温州饭滩）停车场,柯桥区,22,3,2021-07-08 14:54:10.743
P3120000038,港越路6停车场,柯桥区,16,4,2021-07-08 14:54:10.743
P3120000040,笛扬路2（广厦公寓）停车场,柯桥区,37,21,2021-07-08 14:54:10.743
P3120000041,笛扬路3（樱花电器）停车场,柯桥区,18,13,2021-07-08 14:54:10.743
P3120000042,笛扬路4（工商银行）停车场,柯桥区,23,18,2021-07-08 14:54:10.743
P3120000045,笛扬路7（福年大厦）停车场,柯桥区,22,6,2021-07-08 14:54:10.743
P3120000061,港越路2(精工2)停车场,柯桥区,21,11,2021-07-08 14:54:10.743
P3120000062,港越路1(步行街3)停车场,柯桥区,16,8,2021-07-08 14:54:10.743
P3120000014,人和路停车场,柯桥区,19,9,2021-07-08 15:04:09.363
P3120000015,温渎路1停车场,柯桥区,21,13,2021-07-08 15:04:09.363
P3120000016,温渎路2停车场,柯桥区,15,4,2021-07-08 15:04:09.363
P3120000017,万家巷停车场,柯桥区,40,22,2021-07-08 15:04:09.363
P3120000018,黄社溇路1停车场,柯桥区,16,4,2021-07-08 15:04:09.363
P3120000025,金杨路1（中医院）停车场,柯桥区,28,22,2021-07-08 15:04:09.363
P3120000027,金杨路3停车场,柯桥区,28,16,2021-07-08 15:04:09.363
P3120000028,鉴湖路1（锦江花园）停车场,柯桥区,29,25,2021-07-08 15:04:09.363
P3120000029,鉴湖路2（锦江花园）停车场,柯桥区,21,11,2021-07-08 15:04:09.363
P3120000032,鉴湖路5（四大银行）停车场,柯桥区,16,3,2021-07-08 15:04:09.363
P3120000036,港越路4（肯德基）停车场,柯桥区,21,3,2021-07-08 15:04:09.363
P3120000038,港越路6停车场,柯桥区,16,1,2021-07-08 15:04:09.363
P3120000040,笛扬路2（广厦公寓）停车场,柯桥区,37,19,2021-07-08 15:04:09.363
P3120000041,笛扬路3（樱花电器）停车场,柯桥区,18,12,2021-07-08 15:04:09.363
P3120000042,笛扬路4（工商银行）停车场,柯桥区,23,17,2021-07-08 15:04:09.363
P3120000045,笛扬路7（福年大厦）停车场,柯桥区,22,3,2021-07-08 15:04:09.363
P3120000061,港越路2(精工2)停车场,柯桥区,21,14,2021-07-08 15:04:09.363
P3120000062,港越路1(步行街3)停车场,柯桥区,16,7,2021-07-08 15:04:09.363
P3120000064,港越路1(步行街2)停车场,柯桥区,26,15,2021-07-08 15:04:09.363
P3120000065,温渎路3停车场,柯桥区,11,4,2021-07-08 15:04:09.363
P3120000068,港越路3（精工）停车场,柯桥区,23,10,2021-07-08 15:04:09.363
P3120000015,温渎路1停车场,柯桥区,21,14,2021-07-08 15:14:10.993
P3120000016,温渎路2停车场,柯桥区,15,5,2021-07-08 15:14:10.993
P3120000017,万家巷停车场,柯桥区,40,25,2021-07-08 15:14:10.993
P3120000018,黄社溇路1停车场,柯桥区,16,5,2021-07-08 15:14:10.993
P3120000019,黄社溇路2停车场,柯桥区,18,15,2021-07-08 15:14:10.993
P3120000025,金杨路1（中医院）停车场,柯桥区,28,21,2021-07-08 15:14:10.993
P3120000028,鉴湖路1（锦江花园）停车场,柯桥区,29,24,2021-07-08 15:14:10.993
P3120000029,鉴湖路2（锦江花园）停车场,柯桥区,21,10,2021-07-08 15:14:10.993
P3120000032,鉴湖路5（四大银行）停车场,柯桥区,16,4,2021-07-08 15:14:10.993
P3120000033,港越路1(步行街1)停车场,柯桥区,14,8,2021-07-08 15:14:10.993
P3120000036,港越路4（肯德基）停车场,柯桥区,21,1,2021-07-08 15:14:10.993
P3120000037,港越路5（温州饭滩）停车场,柯桥区,22,2,2021-07-08 15:14:10.993
P3120000038,港越路6停车场,柯桥区,16,2,2021-07-08 15:14:10.993
P3120000039,笛扬路1（世纪联华）停车场,柯桥区,31,22,2021-07-08 15:14:10.993
P3120000040,笛扬路2（广厦公寓）停车场,柯桥区,37,21,2021-07-08 15:14:10.993
P3120000041,笛扬路3（樱花电器）停车场,柯桥区,18,13,2021-07-08 15:14:10.993
P3120000045,笛扬路7（福年大厦）停车场,柯桥区,22,2,2021-07-08 15:14:10.993
P3120000064,港越路1(步行街2)停车场,柯桥区,26,16,2021-07-08 15:14:10.993
P3120000065,温渎路3停车场,柯桥区,11,5,2021-07-08 15:14:10.993
P3120000068,港越路3（精工）停车场,柯桥区,23,8,2021-07-08 15:14:10.993
P3120000015,温渎路1停车场,柯桥区,21,15,2021-07-08 15:24:10.28
P3120000016,温渎路2停车场,柯桥区,15,7,2021-07-08 15:24:10.28
P3120000018,黄社溇路1停车场,柯桥区,16,6,2021-07-08 15:24:10.28
P3120000027,金杨路3停车场,柯桥区,28,18,2021-07-08 15:24:10.28
P3120000028,鉴湖路1（锦江花园）停车场,柯桥区,29,22,2021-07-08 15:24:10.28
P3120000029,鉴湖路2（锦江花园）停车场,柯桥区,21,8,2021-07-08 15:24:10.28
P3120000032,鉴湖路5（四大银行）停车场,柯桥区,16,6,2021-07-08 15:24:10.28
P3120000033,港越路1(步行街1)停车场,柯桥区,14,7,2021-07-08 15:24:10.28
P3120000036,港越路4（肯德基）停车场,柯桥区,21,2,2021-07-08 15:24:10.28
P3120000037,港越路5（温州饭滩）停车场,柯桥区,22,0,2021-07-08 15:24:10.28
P3120000038,港越路6停车场,柯桥区,16,1,2021-07-08 15:24:10.28
P3120000039,笛扬路1（世纪联华）停车场,柯桥区,31,21,2021-07-08 15:24:10.28
P3120000040,笛扬路2（广厦公寓）停车场,柯桥区,37,20,2021-07-08 15:24:10.28
P3120000041,笛扬路3（樱花电器）停车场,柯桥区,18,14,2021-07-08 15:24:10.28
P3120000045,笛扬路7（福年大厦）停车场,柯桥区,22,5,2021-07-08 15:24:10.28
P3120000061,港越路2(精工2)停车场,柯桥区,21,13,2021-07-08 15:24:10.28
P3120000064,港越路1(步行街2)停车场,柯桥区,26,17,2021-07-08 15:24:10.28
P3120000065,温渎路3停车场,柯桥区,11,7,2021-07-08 15:24:10.28
P3120000068,港越路3（精工）停车场,柯桥区,23,10,2021-07-08 15:24:10.28
P3120000014,人和路停车场,柯桥区,19,8,2021-07-08 15:34:12.25
P3120000015,温渎路1停车场,柯桥区,21,13,2021-07-08 15:34:12.25
P3120000016,温渎路2停车场,柯桥区,15,10,2021-07-08 15:34:12.25
P3120000017,万家巷停车场,柯桥区,40,23,2021-07-08 15:34:12.25
P3120000025,金杨路1（中医院）停车场,柯桥区,28,23,2021-07-08 15:34:12.25
P3120000029,鉴湖路2（锦江花园）停车场,柯桥区,21,11,2021-07-08 15:34:12.25
P3120000032,鉴湖路5（四大银行）停车场,柯桥区,16,4,2021-07-08 15:34:12.25
P3120000033,港越路1(步行街1)停车场,柯桥区,14,6,2021-07-08 15:34:12.25
P3120000034,港越路2（精工）停车场,柯桥区,12,11,2021-07-08 15:34:12.25
P3120000037,港越路5（温州饭滩）停车场,柯桥区,22,3,2021-07-08 15:34:12.25
P3120000039,笛扬路1（世纪联华）停车场,柯桥区,31,20,2021-07-08 15:34:12.25
P3120000041,笛扬路3（樱花电器）停车场,柯桥区,18,12,2021-07-08 15:34:12.25
P3120000042,笛扬路4（工商银行）停车场,柯桥区,23,18,2021-07-08 15:34:12.25
P3120000045,笛扬路7（福年大厦）停车场,柯桥区,22,3,2021-07-08 15:34:12.25
P3120000061,港越路2(精工2)停车场,柯桥区,21,16,2021-07-08 15:34:12.25
P3120000064,港越路1(步行街2)停车场,柯桥区,26,16,2021-07-08 15:34:12.25
P3120000065,温渎路3停车场,柯桥区,11,8,2021-07-08 15:34:12.25
P3120000068,港越路3（精工）停车场,柯桥区,23,11,2021-07-08 15:34:12.25
P3120000014,人和路停车场,柯桥区,19,9,2021-07-08 15:44:08.713
P3120000015,温渎路1停车场,柯桥区,21,14,2021-07-08 15:44:08.713
P3120000017,万家巷停车场,柯桥区,40,26,2021-07-08 15:44:08.713
P3120000018,黄社溇路1停车场,柯桥区,16,5,2021-07-08 15:44:08.713
P3120000019,黄社溇路2停车场,柯桥区,18,14,2021-07-08 15:44:08.713
P3120000029,鉴湖路2（锦江花园）停车场,柯桥区,21,13,2021-07-08 15:44:08.713
P3120000030,鉴湖路3停车场,柯桥区,12,9,2021-07-08 15:44:08.713
P3120000034,港越路2（精工）停车场,柯桥区,12,12,2021-07-08 15:44:08.713
P3120000036,港越路4（肯德基）停车场,柯桥区,21,1,2021-07-08 15:44:08.713
P3120000037,港越路5（温州饭滩）停车场,柯桥区,22,4,2021-07-08 15:44:08.713
P3120000039,笛扬路1（世纪联华）停车场,柯桥区,31,19,2021-07-08 15:44:08.713
P3120000040,笛扬路2（广厦公寓）停车场,柯桥区,37,19,2021-07-08 15:44:08.713
P3120000041,笛扬路3（樱花电器）停车场,柯桥区,18,14,2021-07-08 15:44:08.713
P3120000042,笛扬路4（工商银行）停车场,柯桥区,23,19,2021-07-08 15:44:08.713
P3120000045,笛扬路7（福年大厦）停车场,柯桥区,22,2,2021-07-08 15:44:08.713
P3120000061,港越路2(精工2)停车场,柯桥区,21,17,2021-07-08 15:44:08.713
P3120000062,港越路1(步行街3)停车场,柯桥区,16,6,2021-07-08 15:44:08.713
P3120000064,港越路1(步行街2)停车场,柯桥区,26,13,2021-07-08 15:44:08.713
P3120000065,温渎路3停车场,柯桥区,11,6,2021-07-08 15:44:08.713
P3120000068,港越路3（精工）停车场,柯桥区,23,10,2021-07-08 15:44:08.713
P3120000015,温渎路1停车场,柯桥区,21,16,2021-07-08 15:54:09.35
P3120000016,温渎路2停车场,柯桥区,15,9,2021-07-08 15:54:09.35
P3120000017,万家巷停车场,柯桥区,40,27,2021-07-08 15:54:09.35
P3120000018,黄社溇路1停车场,柯桥区,16,4,2021-07-08 15:54:09.35
P3120000019,黄社溇路2停车场,柯桥区,18,13,2021-07-08 15:54:09.35
P3120000025,金杨路1（中医院）停车场,柯桥区,28,22,2021-07-08 15:54:09.35
P3120000027,金杨路3停车场,柯桥区,28,17,2021-07-08 15:54:09.35
P3120000028,鉴湖路1（锦江花园）停车场,柯桥区,29,23,2021-07-08 15:54:09.35
P3120000029,鉴湖路2（锦江花园）停车场,柯桥区,21,11,2021-07-08 15:54:09.35
P3120000032,鉴湖路5（四大银行）停车场,柯桥区,16,5,2021-07-08 15:54:09.35
P3120000033,港越路1(步行街1)停车场,柯桥区,14,7,2021-07-08 15:54:09.35
P3120000036,港越路4（肯德基）停车场,柯桥区,21,2,2021-07-08 15:54:09.35
P3120000037,港越路5（温州饭滩）停车场,柯桥区,22,2,2021-07-08 15:54:09.35
P3120000038,港越路6停车场,柯桥区,16,0,2021-07-08 15:54:09.35
P3120000039,笛扬路1（世纪联华）停车场,柯桥区,31,20,2021-07-08 15:54:09.35
P3120000040,笛扬路2（广厦公寓）停车场,柯桥区,37,21,2021-07-08 15:54:09.35
P3120000041,笛扬路3（樱花电器）停车场,柯桥区,18,13,2021-07-08 15:54:09.35
P3120000042,笛扬路4（工商银行）停车场,柯桥区,23,18,2021-07-08 15:54:09.35
P3120000045,笛扬路7（福年大厦）停车场,柯桥区,22,4,2021-07-08 15:54:09.35
P3120000061,港越路2(精工2)停车场,柯桥区,21,16,2021-07-08 15:54:09.35
P3120000062,港越路1(步行街3)停车场,柯桥区,16,9,2021-07-08 15:54:09.35
P3120000065,温渎路3停车场,柯桥区,11,8,2021-07-08 15:54:09.35
P3120000068,港越路3（精工）停车场,柯桥区,23,9,2021-07-08 15:54:09.35
P3120000014,人和路停车场,柯桥区,19,12,2021-07-08 16:04:10.65
P3120000015,温渎路1停车场,柯桥区,21,15,2021-07-08 16:04:10.65
P3120000016,温渎路2停车场,柯桥区,15,8,2021-07-08 16:04:10.65
P3120000017,万家巷停车场,柯桥区,40,25,2021-07-08 16:04:10.65
P3120000018,黄社溇路1停车场,柯桥区,16,5,2021-07-08 16:04:10.65
P3120000019,黄社溇路2停车场,柯桥区,18,11,2021-07-08 16:04:10.65
P3120000027,金杨路3停车场,柯桥区,28,16,2021-07-08 16:04:10.65
P3120000028,鉴湖路1（锦江花园）停车场,柯桥区,29,24,2021-07-08 16:04:10.65
P3120000029,鉴湖路2（锦江花园）停车场,柯桥区,21,9,2021-07-08 16:04:10.65
P3120000033,港越路1(步行街1)停车场,柯桥区,14,8,2021-07-08 16:04:10.65
P3120000036,港越路4（肯德基）停车场,柯桥区,21,5,2021-07-08 16:04:10.65
P3120000037,港越路5（温州饭滩）停车场,柯桥区,22,4,2021-07-08 16:04:10.65
P3120000038,港越路6停车场,柯桥区,16,2,2021-07-08 16:04:10.65
P3120000039,笛扬路1（世纪联华）停车场,柯桥区,31,18,2021-07-08 16:04:10.65
P3120000042,笛扬路4（工商银行）停车场,柯桥区,23,17,2021-07-08 16:04:10.65
P3120000045,笛扬路7（福年大厦）停车场,柯桥区,22,6,2021-07-08 16:04:10.65
P3120000061,港越路2(精工2)停车场,柯桥区,21,15,2021-07-08 16:04:10.65
P3120000064,港越路1(步行街2)停车场,柯桥区,26,14,2021-07-08 16:04:10.65
P3120000065,温渎路3停车场,柯桥区,11,6,2021-07-08 16:04:10.65
P3120000014,人和路停车场,柯桥区,19,11,2021-07-08 16:14:09.037
P3120000016,温渎路2停车场,柯桥区,15,9,2021-07-08 16:14:09.037
P3120000017,万家巷停车场,柯桥区,40,27,2021-07-08 16:14:09.037
P3120000018,黄社溇路1停车场,柯桥区,16,3,2021-07-08 16:14:09.037
P3120000025,金杨路1（中医院）停车场,柯桥区,28,23,2021-07-08 16:14:09.037
P3120000027,金杨路3停车场,柯桥区,28,12,2021-07-08 16:14:09.037
P3120000032,鉴湖路5（四大银行）停车场,柯桥区,16,6,2021-07-08 16:14:09.037
P3120000033,港越路1(步行街1)停车场,柯桥区,14,7,2021-07-08 16:14:09.037
P3120000036,港越路4（肯德基）停车场,柯桥区,21,6,2021-07-08 16:14:09.037
P3120000038,港越路6停车场,柯桥区,16,4,2021-07-08 16:14:09.037
P3120000039,笛扬路1（世纪联华）停车场,柯桥区,31,20,2021-07-08 16:14:09.037
P3120000040,笛扬路2（广厦公寓）停车场,柯桥区,37,24,2021-07-08 16:14:09.037
P3120000042,笛扬路4（工商银行）停车场,柯桥区,23,19,2021-07-08 16:14:09.037
P3120000045,笛扬路7（福年大厦）停车场,柯桥区,22,5,2021-07-08 16:14:09.037
P3120000061,港越路2(精工2)停车场,柯桥区,21,16,2021-07-08 16:14:09.037
P3120000064,港越路1(步行街2)停车场,柯桥区,26,15,2021-07-08 16:14:09.037
P3120000068,港越路3（精工）停车场,柯桥区,23,12,2021-07-08 16:14:09.037
P3120000014,人和路停车场,柯桥区,19,12,2021-07-08 16:24:10.607
P3120000015,温渎路1停车场,柯桥区,21,13,2021-07-08 16:24:10.607
P3120000016,温渎路2停车场,柯桥区,15,10,2021-07-08 16:24:10.607
P3120000017,万家巷停车场,柯桥区,40,24,2021-07-08 16:24:10.607
P3120000019,黄社溇路2停车场,柯桥区,18,12,2021-07-08 16:24:10.607
P3120000027,金杨路3停车场,柯桥区,28,15,2021-07-08 16:24:10.607
P3120000028,鉴湖路1（锦江花园）停车场,柯桥区,29,23,2021-07-08 16:24:10.607
P3120000029,鉴湖路2（锦江花园）停车场,柯桥区,21,8,2021-07-08 16:24:10.607
P3120000033,港越路1(步行街1)停车场,柯桥区,14,8,2021-07-08 16:24:10.607
P3120000037,港越路5（温州饭滩）停车场,柯桥区,22,3,2021-07-08 16:24:10.607
P3120000039,笛扬路1（世纪联华）停车场,柯桥区,31,19,2021-07-08 16:24:10.607
P3120000040,笛扬路2（广厦公寓）停车场,柯桥区,37,25,2021-07-08 16:24:10.607
P3120000042,笛扬路4（工商银行）停车场,柯桥区,23,20,2021-07-08 16:24:10.607
P3120000045,笛扬路7（福年大厦）停车场,柯桥区,22,3,2021-07-08 16:24:10.607
P3120000064,港越路1(步行街2)停车场,柯桥区,26,14,2021-07-08 16:24:10.607
P3120000065,温渎路3停车场,柯桥区,11,7,2021-07-08 16:24:10.607
P3120000068,港越路3（精工）停车场,柯桥区,23,11,2021-07-08 16:24:10.607
P3120000015,温渎路1停车场,柯桥区,21,17,2021-07-08 16:34:09.687
P3120000018,黄社溇路1停车场,柯桥区,16,7,2021-07-08 16:34:09.687
P3120000019,黄社溇路2停车场,柯桥区,18,10,2021-07-08 16:34:09.687
P3120000027,金杨路3停车场,柯桥区,28,17,2021-07-08 16:34:09.687
P3120000028,鉴湖路1（锦江花园）停车场,柯桥区,29,25,2021-07-08 16:34:09.687
P3120000029,鉴湖路2（锦江花园）停车场,柯桥区,21,10,2021-07-08 16:34:09.687
P3120000032,鉴湖路5（四大银行）停车场,柯桥区,16,11,2021-07-08 16:34:09.687
P3120000034,港越路2（精工）停车场,柯桥区,12,11,2021-07-08 16:34:09.687
P3120000036,港越路4（肯德基）停车场,柯桥区,21,0,2021-07-08 16:34:09.687
P3120000037,港越路5（温州饭滩）停车场,柯桥区,22,5,2021-07-08 16:34:09.687
P3120000039,笛扬路1（世纪联华）停车场,柯桥区,31,17,2021-07-08 16:34:09.687
P3120000040,笛扬路2（广厦公寓）停车场,柯桥区,37,20,2021-07-08 16:34:09.687
P3120000041,笛扬路3（樱花电器）停车场,柯桥区,18,14,2021-07-08 16:34:09.687
P3120000045,笛扬路7（福年大厦）停车场,柯桥区,22,2,2021-07-08 16:34:09.687
P3120000061,港越路2(精工2)停车场,柯桥区,21,17,2021-07-08 16:34:09.687
P3120000062,港越路1(步行街3)停车场,柯桥区,16,10,2021-07-08 16:34:09.687
P3120000065,温渎路3停车场,柯桥区,11,6,2021-07-08 16:34:09.687
P3120000068,港越路3（精工）停车场,柯桥区,23,9,2021-07-08 16:34:09.687
P3120000016,温渎路2停车场,柯桥区,15,11,2021-07-08 16:44:08.39
P3120000017,万家巷停车场,柯桥区,40,27,2021-07-08 16:44:08.39
P3120000019,黄社溇路2停车场,柯桥区,18,12,2021-07-08 16:44:08.39
P3120000025,金杨路1（中医院）停车场,柯桥区,28,21,2021-07-08 16:44:08.39
P3120000027,金杨路3停车场,柯桥区,28,18,2021-07-08 16:44:08.39
P3120000028,鉴湖路1（锦江花园）停车场,柯桥区,29,24,2021-07-08 16:44:08.39
P3120000029,鉴湖路2（锦江花园）停车场,柯桥区,21,9,2021-07-08 16:44:08.39
P3120000032,鉴湖路5（四大银行）停车场,柯桥区,16,10,2021-07-08 16:44:08.39
P3120000036,港越路4（肯德基）停车场,柯桥区,21,1,2021-07-08 16:44:08.39
P3120000037,港越路5（温州饭滩）停车场,柯桥区,22,4,2021-07-08 16:44:08.39
P3120000038,港越路6停车场,柯桥区,16,3,2021-07-08 16:44:08.39
P3120000039,笛扬路1（世纪联华）停车场,柯桥区,31,18,2021-07-08 16:44:08.39
P3120000040,笛扬路2（广厦公寓）停车场,柯桥区,37,23,2021-07-08 16:44:08.39
P3120000041,笛扬路3（樱花电器）停车场,柯桥区,18,12,2021-07-08 16:44:08.39
P3120000042,笛扬路4（工商银行）停车场,柯桥区,23,19,2021-07-08 16:44:08.39
P3120000061,港越路2(精工2)停车场,柯桥区,21,16,2021-07-08 16:44:08.39
P3120000064,港越路1(步行街2)停车场,柯桥区,26,17,2021-07-08 16:44:08.39
P3120000065,温渎路3停车场,柯桥区,11,7,2021-07-08 16:44:08.39
P3120000017,万家巷停车场,柯桥区,40,28,2021-07-08 16:54:10.35
P3120000018,黄社溇路1停车场,柯桥区,16,5,2021-07-08 16:54:10.35
P3120000019,黄社溇路2停车场,柯桥区,18,11,2021-07-08 16:54:10.35
P3120000025,金杨路1（中医院）停车场,柯桥区,28,23,2021-07-08 16:54:10.35
P3120000027,金杨路3停车场,柯桥区,28,16,2021-07-08 16:54:10.35
P3120000028,鉴湖路1（锦江花园）停车场,柯桥区,29,25,2021-07-08 16:54:10.35
P3120000029,鉴湖路2（锦江花园）停车场,柯桥区,21,10,2021-07-08 16:54:10.35
P3120000030,鉴湖路3停车场,柯桥区,12,8,2021-07-08 16:54:10.35
P3120000032,鉴湖路5（四大银行）停车场,柯桥区,16,11,2021-07-08 16:54:10.35
P3120000038,港越路6停车场,柯桥区,16,6,2021-07-08 16:54:10.35
P3120000039,笛扬路1（世纪联华）停车场,柯桥区,31,22,2021-07-08 16:54:10.35
P3120000040,笛扬路2（广厦公寓）停车场,柯桥区,37,22,2021-07-08 16:54:10.35
P3120000041,笛扬路3（樱花电器）停车场,柯桥区,18,13,2021-07-08 16:54:10.35
P3120000045,笛扬路7（福年大厦）停车场,柯桥区,22,3,2021-07-08 16:54:10.35
P3120000062,港越路1(步行街3)停车场,柯桥区,16,9,2021-07-08 16:54:10.35
P3120000065,温渎路3停车场,柯桥区,11,8,2021-07-08 16:54:10.35
P3120000068,港越路3（精工）停车场,柯桥区,23,8,2021-07-08 16:54:10.35
P3120000014,人和路停车场,柯桥区,19,13,2021-07-08 17:04:10.983
P3120000015,温渎路1停车场,柯桥区,21,19,2021-07-08 17:04:10.983
P3120000017,万家巷停车场,柯桥区,40,29,2021-07-08 17:04:10.983
P3120000018,黄社溇路1停车场,柯桥区,16,7,2021-07-08 17:04:10.983
P3120000019,黄社溇路2停车场,柯桥区,18,10,2021-07-08 17:04:10.983
P3120000025,金杨路1（中医院）停车场,柯桥区,28,21,2021-07-08 17:04:10.983
P3120000027,金杨路3停车场,柯桥区,28,14,2021-07-08 17:04:10.983
P3120000028,鉴湖路1（锦江花园）停车场,柯桥区,29,26,2021-07-08 17:04:10.983
P3120000029,鉴湖路2（锦江花园）停车场,柯桥区,21,8,2021-07-08 17:04:10.983
P3120000030,鉴湖路3停车场,柯桥区,12,9,2021-07-08 17:04:10.983
P3120000032,鉴湖路5（四大银行）停车场,柯桥区,16,14,2021-07-08 17:04:10.983
P3120000034,港越路2（精工）停车场,柯桥区,12,10,2021-07-08 17:04:10.983
P3120000036,港越路4（肯德基）停车场,柯桥区,21,2,2021-07-08 17:04:10.983
P3120000037,港越路5（温州饭滩）停车场,柯桥区,22,7,2021-07-08 17:04:10.983
P3120000040,笛扬路2（广厦公寓）停车场,柯桥区,37,25,2021-07-08 17:04:10.983
P3120000042,笛扬路4（工商银行）停车场,柯桥区,23,17,2021-07-08 17:04:10.983
P3120000061,港越路2(精工2)停车场,柯桥区,21,17,2021-07-08 17:04:10.983
P3120000062,港越路1(步行街3)停车场,柯桥区,16,10,2021-07-08 17:04:10.983
P3120000064,港越路1(步行街2)停车场,柯桥区,26,15,2021-07-08 17:04:10.983
P3120000065,温渎路3停车场,柯桥区,11,9,2021-07-08 17:04:10.983
P3120000068,港越路3（精工）停车场,柯桥区,23,11,2021-07-08 17:04:10.983
P3120000015,温渎路1停车场,柯桥区,21,17,2021-07-08 17:14:08.897
P3120000016,温渎路2停车场,柯桥区,15,12,2021-07-08 17:14:08.897
P3120000017,万家巷停车场,柯桥区,40,28,2021-07-08 17:14:08.897
P3120000018,黄社溇路1停车场,柯桥区,16,5,2021-07-08 17:14:08.897
P3120000019,黄社溇路2停车场,柯桥区,18,11,2021-07-08 17:14:08.897
P3120000025,金杨路1（中医院）停车场,柯桥区,28,22,2021-07-08 17:14:08.897
P3120000027,金杨路3停车场,柯桥区,28,15,2021-07-08 17:14:08.897
P3120000033,港越路1(步行街1)停车场,柯桥区,14,6,2021-07-08 17:14:08.897
P3120000034,港越路2（精工）停车场,柯桥区,12,11,2021-07-08 17:14:08.897
P3120000036,港越路4（肯德基）停车场,柯桥区,21,4,2021-07-08 17:14:08.897
P3120000037,港越路5（温州饭滩）停车场,柯桥区,22,10,2021-07-08 17:14:08.897
P3120000038,港越路6停车场,柯桥区,16,5,2021-07-08 17:14:08.897
P3120000039,笛扬路1（世纪联华）停车场,柯桥区,31,21,2021-07-08 17:14:08.897
P3120000040,笛扬路2（广厦公寓）停车场,柯桥区,37,26,2021-07-08 17:14:08.897
P3120000041,笛扬路3（樱花电器）停车场,柯桥区,18,15,2021-07-08 17:14:08.897
P3120000042,笛扬路4（工商银行）停车场,柯桥区,23,18,2021-07-08 17:14:08.897
P3120000045,笛扬路7（福年大厦）停车场,柯桥区,22,5,2021-07-08 17:14:08.897
P3120000064,港越路1(步行街2)停车场,柯桥区,26,16,2021-07-08 17:14:08.897
P3120000065,温渎路3停车场,柯桥区,11,7,2021-07-08 17:14:08.897
P3120000068,港越路3（精工）停车场,柯桥区,23,14,2021-07-08 17:14:08.897
P3120000015,温渎路1停车场,柯桥区,21,10,2021-07-08 17:24:10.517
P3120000016,温渎路2停车场,柯桥区,15,9,2021-07-08 17:24:10.517
P3120000018,黄社溇路1停车场,柯桥区,16,4,2021-07-08 17:24:10.517
P3120000019,黄社溇路2停车场,柯桥区,18,12,2021-07-08 17:24:10.517
P3120000027,金杨路3停车场,柯桥区,28,16,2021-07-08 17:24:10.517
P3120000028,鉴湖路1（锦江花园）停车场,柯桥区,29,27,2021-07-08 17:24:10.517
P3120000029,鉴湖路2（锦江花园）停车场,柯桥区,21,11,2021-07-08 17:24:10.517
P3120000030,鉴湖路3停车场,柯桥区,12,8,2021-07-08 17:24:10.517
P3120000032,鉴湖路5（四大银行）停车场,柯桥区,16,15,2021-07-08 17:24:10.517
P3120000036,港越路4（肯德基）停车场,柯桥区,21,5,2021-07-08 17:24:10.517
P3120000037,港越路5（温州饭滩）停车场,柯桥区,22,9,2021-07-08 17:24:10.517
P3120000038,港越路6停车场,柯桥区,16,7,2021-07-08 17:24:10.517
P3120000039,笛扬路1（世纪联华）停车场,柯桥区,31,22,2021-07-08 17:24:10.517
P3120000040,笛扬路2（广厦公寓）停车场,柯桥区,37,27,2021-07-08 17:24:10.517
P3120000045,笛扬路7（福年大厦）停车场,柯桥区,22,6,2021-07-08 17:24:10.517
P3120000061,港越路2(精工2)停车场,柯桥区,21,16,2021-07-08 17:24:10.517
P3120000064,港越路1(步行街2)停车场,柯桥区,26,17,2021-07-08 17:24:10.517
P3120000065,温渎路3停车场,柯桥区,11,6,2021-07-08 17:24:10.517
P3120000068,港越路3（精工）停车场,柯桥区,23,12,2021-07-08 17:24:10.517
P3120000015,温渎路1停车场,柯桥区,21,9,2021-07-08 17:34:08.983
P3120000016,温渎路2停车场,柯桥区,15,10,2021-07-08 17:34:08.983
P3120000017,万家巷停车场,柯桥区,40,26,2021-07-08 17:34:08.983
P3120000018,黄社溇路1停车场,柯桥区,16,6,2021-07-08 17:34:08.983
P3120000019,黄社溇路2停车场,柯桥区,18,8,2021-07-08 17:34:08.983
P3120000025,金杨路1（中医院）停车场,柯桥区,28,25,2021-07-08 17:34:08.983
P3120000028,鉴湖路1（锦江花园）停车场,柯桥区,29,24,2021-07-08 17:34:08.983
P3120000033,港越路1(步行街1)停车场,柯桥区,14,7,2021-07-08 17:34:08.983
P3120000036,港越路4（肯德基）停车场,柯桥区,21,7,2021-07-08 17:34:08.983
P3120000037,港越路5（温州饭滩）停车场,柯桥区,22,8,2021-07-08 17:34:08.983
P3120000039,笛扬路1（世纪联华）停车场,柯桥区,31,23,2021-07-08 17:34:08.983
P3120000040,笛扬路2（广厦公寓）停车场,柯桥区,37,31,2021-07-08 17:34:08.983
P3120000041,笛扬路3（樱花电器）停车场,柯桥区,18,14,2021-07-08 17:34:08.983
P3120000042,笛扬路4（工商银行）停车场,柯桥区,23,19,2021-07-08 17:34:08.983
P3120000045,笛扬路7（福年大厦）停车场,柯桥区,22,8,2021-07-08 17:34:08.983
P3120000065,温渎路3停车场,柯桥区,11,8,2021-07-08 17:34:08.983
P3120000068,港越路3（精工）停车场,柯桥区,23,13,2021-07-08 17:34:08.983
P3120000014,人和路停车场,柯桥区,19,14,2021-07-08 17:44:10.027
P3120000018,黄社溇路1停车场,柯桥区,16,4,2021-07-08 17:44:10.027
P3120000019,黄社溇路2停车场,柯桥区,18,11,2021-07-08 17:44:10.027
P3120000025,金杨路1（中医院）停车场,柯桥区,28,22,2021-07-08 17:44:10.027
P3120000027,金杨路3停车场,柯桥区,28,17,2021-07-08 17:44:10.027
P3120000028,鉴湖路1（锦江花园）停车场,柯桥区,29,22,2021-07-08 17:44:10.027
P3120000029,鉴湖路2（锦江花园）停车场,柯桥区,21,10,2021-07-08 17:44:10.027
P3120000033,港越路1(步行街1)停车场,柯桥区,14,6,2021-07-08 17:44:10.027
P3120000036,港越路4（肯德基）停车场,柯桥区,21,6,2021-07-08 17:44:10.027
P3120000038,港越路6停车场,柯桥区,16,3,2021-07-08 17:44:10.027
P3120000040,笛扬路2（广厦公寓）停车场,柯桥区,37,29,2021-07-08 17:44:10.027
P3120000045,笛扬路7（福年大厦）停车场,柯桥区,22,9,2021-07-08 17:44:10.027
P3120000062,港越路1(步行街3)停车场,柯桥区,16,9,2021-07-08 17:44:10.027
P3120000064,港越路1(步行街2)停车场,柯桥区,26,18,2021-07-08 17:44:10.027
P3120000065,温渎路3停车场,柯桥区,11,9,2021-07-08 17:44:10.027
P3120000015,温渎路1停车场,柯桥区,21,12,2021-07-08 17:54:08.2
P3120000017,万家巷停车场,柯桥区,40,27,2021-07-08 17:54:08.2
P3120000018,黄社溇路1停车场,柯桥区,16,2,2021-07-08 17:54:08.2
P3120000027,金杨路3停车场,柯桥区,28,18,2021-07-08 17:54:08.2
P3120000028,鉴湖路1（锦江花园）停车场,柯桥区,29,23,2021-07-08 17:54:08.2
P3120000029,鉴湖路2（锦江花园）停车场,柯桥区,21,12,2021-07-08 17:54:08.2
P3120000032,鉴湖路5（四大银行）停车场,柯桥区,16,14,2021-07-08 17:54:08.2
P3120000033,港越路1(步行街1)停车场,柯桥区,14,7,2021-07-08 17:54:08.2
P3120000036,港越路4（肯德基）停车场,柯桥区,21,5,2021-07-08 17:54:08.2
P3120000037,港越路5（温州饭滩）停车场,柯桥区,22,7,2021-07-08 17:54:08.2
P3120000038,港越路6停车场,柯桥区,16,4,2021-07-08 17:54:08.2
P3120000040,笛扬路2（广厦公寓）停车场,柯桥区,37,28,2021-07-08 17:54:08.2
P3120000041,笛扬路3（樱花电器）停车场,柯桥区,18,12,2021-07-08 17:54:08.2
P3120000042,笛扬路4（工商银行）停车场,柯桥区,23,18,2021-07-08 17:54:08.2
P3120000061,港越路2(精工2)停车场,柯桥区,21,18,2021-07-08 17:54:08.2
P3120000062,港越路1(步行街3)停车场,柯桥区,16,10,2021-07-08 17:54:08.2
P3120000064,港越路1(步行街2)停车场,柯桥区,26,19,2021-07-08 17:54:08.2
P3120000068,港越路3（精工）停车场,柯桥区,23,15,2021-07-08 17:54:08.2
P3120000014,人和路停车场,柯桥区,19,16,2021-07-08 18:04:07.103
P3120000015,温渎路1停车场,柯桥区,21,14,2021-07-08 18:04:07.103
P3120000018,黄社溇路1停车场,柯桥区,16,5,2021-07-08 18:04:07.103
P3120000019,黄社溇路2停车场,柯桥区,18,6,2021-07-08 18:04:07.103
P3120000025,金杨路1（中医院）停车场,柯桥区,28,25,2021-07-08 18:04:07.103
P3120000028,鉴湖路1（锦江花园）停车场,柯桥区,29,22,2021-07-08 18:04:07.103
P3120000029,鉴湖路2（锦江花园）停车场,柯桥区,21,11,2021-07-08 18:04:07.103
P3120000032,鉴湖路5（四大银行）停车场,柯桥区,16,13,2021-07-08 18:04:07.103
P3120000034,港越路2（精工）停车场,柯桥区,12,10,2021-07-08 18:04:07.103
P3120000036,港越路4（肯德基）停车场,柯桥区,21,3,2021-07-08 18:04:07.103
P3120000038,港越路6停车场,柯桥区,16,5,2021-07-08 18:04:07.103
P3120000039,笛扬路1（世纪联华）停车场,柯桥区,31,24,2021-07-08 18:04:07.103
P3120000041,笛扬路3（樱花电器）停车场,柯桥区,18,13,2021-07-08 18:04:07.103
P3120000045,笛扬路7（福年大厦）停车场,柯桥区,22,8,2021-07-08 18:04:07.103
P3120000062,港越路1(步行街3)停车场,柯桥区,16,11,2021-07-08 18:04:07.103
P3120000064,港越路1(步行街2)停车场,柯桥区,26,14,2021-07-08 18:04:07.103
P3120000068,港越路3（精工）停车场,柯桥区,23,17,2021-07-08 18:04:07.103
P3120000014,人和路停车场,柯桥区,19,17,2021-07-08 18:14:09.743
P3120000017,万家巷停车场,柯桥区,40,28,2021-07-08 18:14:09.743
P3120000027,金杨路3停车场,柯桥区,28,16,2021-07-08 18:14:09.743
P3120000028,鉴湖路1（锦江花园）停车场,柯桥区,29,21,2021-07-08 18:14:09.743
P3120000029,鉴湖路2（锦江花园）停车场,柯桥区,21,13,2021-07-08 18:14:09.743
P3120000030,鉴湖路3停车场,柯桥区,12,9,2021-07-08 18:14:09.743
P3120000032,鉴湖路5（四大银行）停车场,柯桥区,16,12,2021-07-08 18:14:09.743
P3120000036,港越路4（肯德基）停车场,柯桥区,21,4,2021-07-08 18:14:09.743
P3120000037,港越路5（温州饭滩）停车场,柯桥区,22,11,2021-07-08 18:14:09.743
P3120000038,港越路6停车场,柯桥区,16,4,2021-07-08 18:14:09.743
P3120000039,笛扬路1（世纪联华）停车场,柯桥区,31,22,2021-07-08 18:14:09.743
P3120000040,笛扬路2（广厦公寓）停车场,柯桥区,37,24,2021-07-08 18:14:09.743
P3120000041,笛扬路3（樱花电器）停车场,柯桥区,18,14,2021-07-08 18:14:09.743
P3120000045,笛扬路7（福年大厦）停车场,柯桥区,22,7,2021-07-08 18:14:09.743
P3120000061,港越路2(精工2)停车场,柯桥区,21,17,2021-07-08 18:14:09.743
P3120000068,港越路3（精工）停车场,柯桥区,23,18,2021-07-08 18:14:09.743
P3120000015,温渎路1停车场,柯桥区,21,15,2021-07-08 18:24:09.273
P3120000017,万家巷停车场,柯桥区,40,27,2021-07-08 18:24:09.273
P3120000019,黄社溇路2停车场,柯桥区,18,3,2021-07-08 18:24:09.273
P3120000025,金杨路1（中医院）停车场,柯桥区,28,24,2021-07-08 18:24:09.273
P3120000027,金杨路3停车场,柯桥区,28,18,2021-07-08 18:24:09.273
P3120000028,鉴湖路1（锦江花园）停车场,柯桥区,29,18,2021-07-08 18:24:09.273
P3120000029,鉴湖路2（锦江花园）停车场,柯桥区,21,11,2021-07-08 18:24:09.273
P3120000034,港越路2（精工）停车场,柯桥区,12,11,2021-07-08 18:24:09.273
P3120000036,港越路4（肯德基）停车场,柯桥区,21,5,2021-07-08 18:24:09.273
P3120000037,港越路5（温州饭滩）停车场,柯桥区,22,7,2021-07-08 18:24:09.273
P3120000039,笛扬路1（世纪联华）停车场,柯桥区,31,23,2021-07-08 18:24:09.273
P3120000040,笛扬路2（广厦公寓）停车场,柯桥区,37,28,2021-07-08 18:24:09.273
P3120000042,笛扬路4（工商银行）停车场,柯桥区,23,15,2021-07-08 18:24:09.273
P3120000045,笛扬路7（福年大厦）停车场,柯桥区,22,10,2021-07-08 18:24:09.273
P3120000061,港越路2(精工2)停车场,柯桥区,21,16,2021-07-08 18:24:09.273
P3120000062,港越路1(步行街3)停车场,柯桥区,16,12,2021-07-08 18:24:09.273
P3120000064,港越路1(步行街2)停车场,柯桥区,26,16,2021-07-08 18:24:09.273
P3120000068,港越路3（精工）停车场,柯桥区,23,17,2021-07-08 18:24:09.273
P3120000017,万家巷停车场,柯桥区,40,26,2021-07-08 18:34:10.33
P3120000018,黄社溇路1停车场,柯桥区,16,6,2021-07-08 18:34:10.33
P3120000027,金杨路3停车场,柯桥区,28,19,2021-07-08 18:34:10.33
P3120000028,鉴湖路1（锦江花园）停车场,柯桥区,29,20,2021-07-08 18:34:10.33
P3120000029,鉴湖路2（锦江花园）停车场,柯桥区,21,10,2021-07-08 18:34:10.33
P3120000032,鉴湖路5（四大银行）停车场,柯桥区,16,13,2021-07-08 18:34:10.33
P3120000033,港越路1(步行街1)停车场,柯桥区,14,6,2021-07-08 18:34:10.33
P3120000034,港越路2（精工）停车场,柯桥区,12,9,2021-07-08 18:34:10.33
P3120000036,港越路4（肯德基）停车场,柯桥区,21,6,2021-07-08 18:34:10.33
P3120000037,港越路5（温州饭滩）停车场,柯桥区,22,8,2021-07-08 18:34:10.33
P3120000038,港越路6停车场,柯桥区,16,7,2021-07-08 18:34:10.33
P3120000039,笛扬路1（世纪联华）停车场,柯桥区,31,22,2021-07-08 18:34:10.33
P3120000040,笛扬路2（广厦公寓）停车场,柯桥区,37,27,2021-07-08 18:34:10.33
P3120000041,笛扬路3（樱花电器）停车场,柯桥区,18,15,2021-07-08 18:34:10.33
P3120000045,笛扬路7（福年大厦）停车场,柯桥区,22,11,2021-07-08 18:34:10.33
P3120000061,港越路2(精工2)停车场,柯桥区,21,15,2021-07-08 18:34:10.33
P3120000064,港越路1(步行街2)停车场,柯桥区,26,15,2021-07-08 18:34:10.33
P3120000068,港越路3（精工）停车场,柯桥区,23,15,2021-07-08 18:34:10.33
P3120000014,人和路停车场,柯桥区,19,16,2021-07-08 18:44:09.01
P3120000015,温渎路1停车场,柯桥区,21,19,2021-07-08 18:44:09.01
P3120000016,温渎路2停车场,柯桥区,15,9,2021-07-08 18:44:09.01
P3120000017,万家巷停车场,柯桥区,40,24,2021-07-08 18:44:09.01
P3120000018,黄社溇路1停车场,柯桥区,16,3,2021-07-08 18:44:09.01
P3120000025,金杨路1（中医院）停车场,柯桥区,28,22,2021-07-08 18:44:09.01
P3120000028,鉴湖路1（锦江花园）停车场,柯桥区,29,19,2021-07-08 18:44:09.01
P3120000029,鉴湖路2（锦江花园）停车场,柯桥区,21,12,2021-07-08 18:44:09.01
P3120000036,港越路4（肯德基）停车场,柯桥区,21,10,2021-07-08 18:44:09.01
P3120000037,港越路5（温州饭滩）停车场,柯桥区,22,9,2021-07-08 18:44:09.01
P3120000038,港越路6停车场,柯桥区,16,6,2021-07-08 18:44:09.01
P3120000040,笛扬路2（广厦公寓）停车场,柯桥区,37,29,2021-07-08 18:44:09.01
P3120000041,笛扬路3（樱花电器）停车场,柯桥区,18,16,2021-07-08 18:44:09.01
P3120000042,笛扬路4（工商银行）停车场,柯桥区,23,14,2021-07-08 18:44:09.01
P3120000062,港越路1(步行街3)停车场,柯桥区,16,11,2021-07-08 18:44:09.01
P3120000068,港越路3（精工）停车场,柯桥区,23,18,2021-07-08 18:44:09.01
P3120000014,人和路停车场,柯桥区,19,14,2021-07-08 18:54:10.227
P3120000015,温渎路1停车场,柯桥区,21,18,2021-07-08 18:54:10.227
P3120000016,温渎路2停车场,柯桥区,15,11,2021-07-08 18:54:10.227
P3120000017,万家巷停车场,柯桥区,40,22,2021-07-08 18:54:10.227
P3120000018,黄社溇路1停车场,柯桥区,16,4,2021-07-08 18:54:10.227
P3120000025,金杨路1（中医院）停车场,柯桥区,28,20,2021-07-08 18:54:10.227
P3120000028,鉴湖路1（锦江花园）停车场,柯桥区,29,20,2021-07-08 18:54:10.227
P3120000029,鉴湖路2（锦江花园）停车场,柯桥区,21,11,2021-07-08 18:54:10.227
P3120000032,鉴湖路5（四大银行）停车场,柯桥区,16,12,2021-07-08 18:54:10.227
P3120000033,港越路1(步行街1)停车场,柯桥区,14,7,2021-07-08 18:54:10.227
P3120000038,港越路6停车场,柯桥区,16,7,2021-07-08 18:54:10.227
P3120000039,笛扬路1（世纪联华）停车场,柯桥区,31,25,2021-07-08 18:54:10.227
P3120000041,笛扬路3（樱花电器）停车场,柯桥区,18,17,2021-07-08 18:54:10.227
P3120000042,笛扬路4（工商银行）停车场,柯桥区,23,13,2021-07-08 18:54:10.227
P3120000045,笛扬路7（福年大厦）停车场,柯桥区,22,9,2021-07-08 18:54:10.227
P3120000061,港越路2(精工2)停车场,柯桥区,21,16,2021-07-08 18:54:10.227
P3120000062,港越路1(步行街3)停车场,柯桥区,16,10,2021-07-08 18:54:10.227
P3120000064,港越路1(步行街2)停车场,柯桥区,26,14,2021-07-08 18:54:10.227
P3120000065,温渎路3停车场,柯桥区,11,8,2021-07-08 18:54:10.227
P3120000068,港越路3（精工）停车场,柯桥区,23,16,2021-07-08 18:54:10.227
P3120000015,温渎路1停车场,柯桥区,21,19,2021-07-08 19:04:10.67
P3120000016,温渎路2停车场,柯桥区,15,10,2021-07-08 19:04:10.67
P3120000018,黄社溇路1停车场,柯桥区,16,6,2021-07-08 19:04:10.67
P3120000019,黄社溇路2停车场,柯桥区,18,2,2021-07-08 19:04:10.67
P3120000025,金杨路1（中医院）停车场,柯桥区,28,18,2021-07-08 19:04:10.67
P3120000027,金杨路3停车场,柯桥区,28,20,2021-07-08 19:04:10.67
P3120000028,鉴湖路1（锦江花园）停车场,柯桥区,29,17,2021-07-08 19:04:10.67
P3120000029,鉴湖路2（锦江花园）停车场,柯桥区,21,10,2021-07-08 19:04:10.67
P3120000033,港越路1(步行街1)停车场,柯桥区,14,6,2021-07-08 19:04:10.67
P3120000034,港越路2（精工）停车场,柯桥区,12,10,2021-07-08 19:04:10.67
P3120000036,港越路4（肯德基）停车场,柯桥区,21,11,2021-07-08 19:04:10.67
P3120000038,港越路6停车场,柯桥区,16,4,2021-07-08 19:04:10.67
P3120000039,笛扬路1（世纪联华）停车场,柯桥区,31,24,2021-07-08 19:04:10.67
P3120000040,笛扬路2（广厦公寓）停车场,柯桥区,37,30,2021-07-08 19:04:10.67
P3120000041,笛扬路3（樱花电器）停车场,柯桥区,18,16,2021-07-08 19:04:10.67
P3120000042,笛扬路4（工商银行）停车场,柯桥区,23,12,2021-07-08 19:04:10.67
P3120000045,笛扬路7（福年大厦）停车场,柯桥区,22,10,2021-07-08 19:04:10.67
P3120000061,港越路2(精工2)停车场,柯桥区,21,17,2021-07-08 19:04:10.67
P3120000064,港越路1(步行街2)停车场,柯桥区,26,15,2021-07-08 19:04:10.67
P3120000065,温渎路3停车场,柯桥区,11,9,2021-07-08 19:04:10.67
P3120000014,人和路停车场,柯桥区,19,13,2021-07-08 19:14:09.99
P3120000015,温渎路1停车场,柯桥区,21,20,2021-07-08 19:14:09.99
P3120000018,黄社溇路1停车场,柯桥区,16,4,2021-07-08 19:14:09.99
P3120000019,黄社溇路2停车场,柯桥区,18,3,2021-07-08 19:14:09.99
P3120000025,金杨路1（中医院）停车场,柯桥区,28,20,2021-07-08 19:14:09.99
P3120000027,金杨路3停车场,柯桥区,28,18,2021-07-08 19:14:09.99
P3120000029,鉴湖路2（锦江花园）停车场,柯桥区,21,8,2021-07-08 19:14:09.99
P3120000032,鉴湖路5（四大银行）停车场,柯桥区,16,11,2021-07-08 19:14:09.99
P3120000033,港越路1(步行街1)停车场,柯桥区,14,4,2021-07-08 19:14:09.99
P3120000036,港越路4（肯德基）停车场,柯桥区,21,9,2021-07-08 19:14:09.99
P3120000037,港越路5（温州饭滩）停车场,柯桥区,22,8,2021-07-08 19:14:09.99
P3120000038,港越路6停车场,柯桥区,16,5,2021-07-08 19:14:09.99
P3120000040,笛扬路2（广厦公寓）停车场,柯桥区,37,27,2021-07-08 19:14:09.99
P3120000042,笛扬路4（工商银行）停车场,柯桥区,23,13,2021-07-08 19:14:09.99
P3120000045,笛扬路7（福年大厦）停车场,柯桥区,22,9,2021-07-08 19:14:09.99
P3120000061,港越路2(精工2)停车场,柯桥区,21,18,2021-07-08 19:14:09.99
P3120000064,港越路1(步行街2)停车场,柯桥区,26,14,2021-07-08 19:14:09.99
P3120000065,温渎路3停车场,柯桥区,11,11,2021-07-08 19:14:09.99
P3120000068,港越路3（精工）停车场,柯桥区,23,17,2021-07-08 19:14:09.99
P3120000014,人和路停车场,柯桥区,19,12,2021-07-08 19:24:09.763
P3120000017,万家巷停车场,柯桥区,40,23,2021-07-08 19:24:09.763
P3120000018,黄社溇路1停车场,柯桥区,16,5,2021-07-08 19:24:09.763
P3120000019,黄社溇路2停车场,柯桥区,18,2,2021-07-08 19:24:09.763
P3120000027,金杨路3停车场,柯桥区,28,17,2021-07-08 19:24:09.763
P3120000028,鉴湖路1（锦江花园）停车场,柯桥区,29,15,2021-07-08 19:24:09.763
P3120000030,鉴湖路3停车场,柯桥区,12,8,2021-07-08 19:24:09.763
P3120000032,鉴湖路5（四大银行）停车场,柯桥区,16,9,2021-07-08 19:24:09.763
P3120000034,港越路2（精工）停车场,柯桥区,12,9,2021-07-08 19:24:09.763
P3120000036,港越路4（肯德基）停车场,柯桥区,21,11,2021-07-08 19:24:09.763
P3120000037,港越路5（温州饭滩）停车场,柯桥区,22,10,2021-07-08 19:24:09.763
P3120000039,笛扬路1（世纪联华）停车场,柯桥区,31,25,2021-07-08 19:24:09.763
P3120000042,笛扬路4（工商银行）停车场,柯桥区,23,11,2021-07-08 19:24:09.763
P3120000061,港越路2(精工2)停车场,柯桥区,21,16,2021-07-08 19:24:09.763
P3120000062,港越路1(步行街3)停车场,柯桥区,16,11,2021-07-08 19:24:09.763
P3120000064,港越路1(步行街2)停车场,柯桥区,26,16,2021-07-08 19:24:09.763
P3120000065,温渎路3停车场,柯桥区,11,10,2021-07-08 19:24:09.763
P3120000014,人和路停车场,柯桥区,19,11,2021-07-08 19:34:09.29
P3120000016,温渎路2停车场,柯桥区,15,9,2021-07-08 19:34:09.29
P3120000018,黄社溇路1停车场,柯桥区,16,2,2021-07-08 19:34:09.29
P3120000025,金杨路1（中医院）停车场,柯桥区,28,19,2021-07-08 19:34:09.29
P3120000027,金杨路3停车场,柯桥区,28,15,2021-07-08 19:34:09.29
P3120000028,鉴湖路1（锦江花园）停车场,柯桥区,29,16,2021-07-08 19:34:09.29
P3120000029,鉴湖路2（锦江花园）停车场,柯桥区,21,7,2021-07-08 19:34:09.29
P3120000032,鉴湖路5（四大银行）停车场,柯桥区,16,8,2021-07-08 19:34:09.29
P3120000034,港越路2（精工）停车场,柯桥区,12,8,2021-07-08 19:34:09.29
P3120000037,港越路5（温州饭滩）停车场,柯桥区,22,9,2021-07-08 19:34:09.29
P3120000038,港越路6停车场,柯桥区,16,6,2021-07-08 19:34:09.29
P3120000040,笛扬路2（广厦公寓）停车场,柯桥区,37,29,2021-07-08 19:34:09.29
P3120000041,笛扬路3（樱花电器）停车场,柯桥区,18,13,2021-07-08 19:34:09.29
P3120000042,笛扬路4（工商银行）停车场,柯桥区,23,12,2021-07-08 19:34:09.29
P3120000045,笛扬路7（福年大厦）停车场,柯桥区,22,8,2021-07-08 19:34:09.29
P3120000064,港越路1(步行街2)停车场,柯桥区,26,14,2021-07-08 19:34:09.29
P3120000065,温渎路3停车场,柯桥区,11,9,2021-07-08 19:34:09.29
P3120000068,港越路3（精工）停车场,柯桥区,23,15,2021-07-08 19:34:09.29
P3120000014,人和路停车场,柯桥区,19,12,2021-07-08 19:44:09.583
P3120000018,黄社溇路1停车场,柯桥区,16,4,2021-07-08 19:44:09.583
P3120000025,金杨路1（中医院）停车场,柯桥区,28,20,2021-07-08 19:44:09.583
P3120000027,金杨路3停车场,柯桥区,28,12,2021-07-08 19:44:09.583
P3120000028,鉴湖路1（锦江花园）停车场,柯桥区,29,14,2021-07-08 19:44:09.583
P3120000029,鉴湖路2（锦江花园）停车场,柯桥区,21,11,2021-07-08 19:44:09.583
P3120000032,鉴湖路5（四大银行）停车场,柯桥区,16,6,2021-07-08 19:44:09.583
P3120000036,港越路4（肯德基）停车场,柯桥区,21,9,2021-07-08 19:44:09.583
P3120000037,港越路5（温州饭滩）停车场,柯桥区,22,8,2021-07-08 19:44:09.583
P3120000039,笛扬路1（世纪联华）停车场,柯桥区,31,26,2021-07-08 19:44:09.583
P3120000040,笛扬路2（广厦公寓）停车场,柯桥区,37,28,2021-07-08 19:44:09.583
P3120000042,笛扬路4（工商银行）停车场,柯桥区,23,10,2021-07-08 19:44:09.583
P3120000045,笛扬路7（福年大厦）停车场,柯桥区,22,7,2021-07-08 19:44:09.583
P3120000061,港越路2(精工2)停车场,柯桥区,21,17,2021-07-08 19:44:09.583
P3120000062,港越路1(步行街3)停车场,柯桥区,16,10,2021-07-08 19:44:09.583
P3120000065,温渎路3停车场,柯桥区,11,8,2021-07-08 19:44:09.583
P3120000068,港越路3（精工）停车场,柯桥区,23,13,2021-07-08 19:44:09.583
P3120000014,人和路停车场,柯桥区,19,13,2021-07-08 19:54:10.107
P3120000015,温渎路1停车场,柯桥区,21,21,2021-07-08 19:54:10.107
P3120000018,黄社溇路1停车场,柯桥区,16,5,2021-07-08 19:54:10.107
P3120000019,黄社溇路2停车场,柯桥区,18,5,2021-07-08 19:54:10.107
P3120000025,金杨路1（中医院）停车场,柯桥区,28,17,2021-07-08 19:54:10.107
P3120000028,鉴湖路1（锦江花园）停车场,柯桥区,29,15,2021-07-08 19:54:10.107
P3120000029,鉴湖路2（锦江花园）停车场,柯桥区,21,10,2021-07-08 19:54:10.107
P3120000039,笛扬路1（世纪联华）停车场,柯桥区,31,29,2021-07-08 19:54:10.107
P3120000040,笛扬路2（广厦公寓）停车场,柯桥区,37,26,2021-07-08 19:54:10.107
