TCCBH,TCCMC,SZQX,BWZS,SYBW,FBSJ
1012312288YR5JPT2UOZL,东兴路（苎萝东路-东二路）,诸暨市,62,48,2025-03-04 03:20:15
1019REU2R6D37Y9,城东公园地下停车场,诸暨市,601,336,2025-03-04 03:20:15
1012312298YXIJSNZ82YP,东二路129弄（东一路88弄-东二路123弄）,诸暨市,10,10,2025-03-04 03:20:15
1012312288YR3EFRI1BSX,滨江南路（滨江支路-浣东中路）,诸暨市,64,56,2025-03-04 03:20:15
1012312288YRBZRTXR0G1,望江三路（高湖路-江东路）,诸暨市,15,13,2025-03-04 03:20:14
1012312288YRAXUGJT1J5,浣纱北路（大桥路-艮塔路）,诸暨市,59,22,2025-03-04 03:20:14
1012312288YR8IX5J60OX,东旺路218弄（东旺路-融媒体中心）,诸暨市,29,18,2025-03-04 03:20:14
1012312288YR5XYT44YKH,艮塔东路（苎萝东路-东二路）,诸暨市,142,106,2025-03-04 03:20:14
1012312288YRBA0HET81T,江东路（大桥东路-望江一路）,诸暨市,10,2,2025-03-04 03:20:14
1012312288YRBWX8BW5Q9,望江二路（浣东北路-高湖路）,诸暨市,5,4,2025-03-04 03:20:14
1012312288YR9ABOZHGCH,东二路（东旺路-东二环路）,诸暨市,47,18,2025-03-04 03:20:14
1012312288YR57VMEIUBL,大桥东路（大桥东路9号-江东路）,诸暨市,34,32,2025-03-04 03:20:14
1012312288YRB24CYLBLT,浣纱南路（苎萝路-南兴路）,诸暨市,19,15,2025-03-04 03:20:14
10124013095HHCMD4CC1T,艮塔东路（交通银行）,诸暨市,35,32,2025-03-04 03:20:14
1012312288YRAV3T06ARL,滨江中路（望江三路-望江二路）,诸暨市,30,26,2025-03-04 03:20:14
1019JVX01UVMSCH,幸福家园停车场,诸暨市,72,10,2025-03-04 03:20:14
1012312288YR9376YUBK1,东旺路（东旺路150弄-苎萝东路）,诸暨市,18,17,2025-03-04 03:20:14
1012312288YRAJXAP73SX,滨江中路（望江二路-大桥东路）,诸暨市,45,33,2025-03-04 03:20:14
10124013095H4QPBO8UF5,东兴路50弄,诸暨市,7,7,2025-03-04 03:20:14
1012312288YR8ZSV1UX35,东旺路150弄（东二环路-东旺路）,诸暨市,88,57,2025-03-04 03:20:14
1019N4FJ7J6DUYP,篮球场停车场,诸暨市,182,37,2025-03-04 03:20:14
1012312288YR68DOZJDVL,体育路（体育路二弄-红旗路）,诸暨市,12,8,2025-03-04 03:20:14
1012312268YD5WN09GPVL,八一横路（暨阳路-无名路）,诸暨市,46,20,2025-03-04 03:20:14
1012312298YXIV34CFDVL,东一路82弄（东二路123弄-东二路）,诸暨市,6,4,2025-03-04 03:20:14
1012312288YR53DTVACCH,滨江南路（西施大街-滨江支路）,诸暨市,33,29,2025-03-04 03:20:14
1012312298YXGS3Y2CBNL,东旺路188弄（东旺路-东二环路）,诸暨市,10,5,2025-03-04 03:20:14
1012405079PB3TJY248W1,东三路（应山公园-东旺路）,诸暨市,44,43,2025-03-04 03:20:14
1012312288YRBI4HZHCE9,江东路（西施大街-大桥东路）,诸暨市,6,4,2025-03-04 03:20:14
1012312288YR7V8S6IBCX,东一路88弄（东一路82弄-东一路）,诸暨市,27,20,2025-03-04 03:20:14
1012312288YR5UKH75K3L,艮塔东路（东二路-东一路),诸暨市,101,81,2025-03-04 03:20:14
1019PDPET4GWE81,市民公园北面停车场,诸暨市,14,8,2025-03-04 03:20:14
1012312288YR89HS7SKXT,东旺路（东旺路150弄-东二路）,诸暨市,18,3,2025-03-04 03:20:14
1019MAR69WRHHXD,西子公寓停车场,诸暨市,91,81,2025-03-04 03:20:14
1012312288YR3MBVY988X,东兴北路（江东路-福门路）,诸暨市,19,15,2025-03-04 03:20:14
1012312288YRBS7JO7FUP,望江二路（高湖路-江东路）,诸暨市,10,8,2025-03-04 03:20:14
1019B4Y82CZPJ41,诸暨浣东中路停车场,诸暨市,37,32,2025-03-04 03:20:14
1012312288YR6SFUARGU9,东祥路19弄（东祥路-环城东路）,诸暨市,12,6,2025-03-04 03:20:14
1012312288YR8GIC67LS1,东旺路218弄(东旺路206弄-融媒体中心）,诸暨市,22,17,2025-03-04 03:20:14
1012312288YR6C3V37475,体育路（体育路-大桥东路）,诸暨市,8,6,2025-03-04 03:20:14
1012312288YR7HFKE4HKX,西施大街（浣纱中路-人民中路）,诸暨市,28,17,2025-03-04 03:20:14
1012312288YR6EYGP1YWX,万风新世界（暨阳路-上庄路）,诸暨市,20,9,2025-03-04 03:20:14
1012312288YR61OZ7SOW1,浣纱中路（南屏路-西施大街）,诸暨市,14,4,2025-03-04 03:20:14
1012312288YR3IHRSDDZ5,滨江南路（大桥东路-西施大街）,诸暨市,13,10,2025-03-04 03:20:14
1012312288YRC2EJF5N9D,望江三路（浣东北路-高湖路）,诸暨市,11,5,2025-03-04 03:20:14
1012312288YR9LAB60FEP,苎萝东路（东兴路-东安路）,诸暨市,45,36,2025-03-04 03:20:14
1019PRTQD59LIWX,永乐路停车场,诸暨市,91,55,2025-03-04 03:20:14
1012312288YR5B22720W1,大桥东路（江东路-五角广场）,诸暨市,58,46,2025-03-04 03:20:14
1019PDAS7RIP7GH,市民公园东北面停车场,诸暨市,27,15,2025-03-04 03:20:14
1012312288YR6IWIX5X4X,苎萝东路（东二环路-东旺路）,诸暨市,18,14,2025-03-04 03:20:14
1012312288YRBLMRYOUTD,江东路（望江一路-望江二路）,诸暨市,18,11,2025-03-04 03:20:14
1019SEVYY7X0W75,十里牌停车场,诸暨市,69,69,2025-03-04 03:20:14
1012312268YDHM7XGW3Y9,艮塔东路（滨江北路-江东路),诸暨市,33,19,2025-03-04 03:20:14
1012312288YR9D2CJ4741,东二路（东祥路-环城东路）,诸暨市,25,20,2025-03-04 03:20:14
1012312288YR5NVRFEV41,东安路(东二路-苎萝东路),诸暨市,6,4,2025-03-04 03:20:13
1012312288YR64NIVVNK1,浣纱中路（西施大街-大桥东路）,诸暨市,23,18,2025-03-04 03:20:13
1012312288YR79Z86T0XT,暨东路70弄（东一路-东旺路218弄）,诸暨市,32,22,2025-03-04 03:20:13
1012312288YR9PO5N0TFL,苎萝东路（环城东路-东旺路）,诸暨市,54,50,2025-03-04 03:20:13
1012312288YRBP13VO9A9,江东路（望江二路-望江三路）,诸暨市,13,6,2025-03-04 03:20:13
1012312288YR7N8PO2AYP,东一路68弄（东二路-东一路）,诸暨市,46,36,2025-03-04 03:20:13
1019S5R3X1SOHS1,一百淘宝城停车场,诸暨市,105,40,2025-03-04 03:20:13
1012312288YR9HG704L4X,苎萝东路（东福路-东三环路）,诸暨市,107,107,2025-03-04 03:20:13
1012312298YXHTPH9LYPT,东二路123弄（东旺路188弄-东二路）,诸暨市,61,43,2025-03-04 03:20:13
10124013095GY8GDKUBY9,艮塔东路（高湖路-暨东路）,诸暨市,16,14,2025-03-04 03:20:13
1012312288YR7YF7Z1HXD,高湖路（望江二路-望江一路）,诸暨市,18,9,2025-03-04 03:20:13
1012312288YR8VUSTQYV5,东旺路182弄(康华大厦-东旺路),诸暨市,19,10,2025-03-04 03:20:13
1019Q6UK2GUCAV5,市民公园地下停车场,诸暨市,227,165,2025-03-04 03:20:13
1012312288YR9VX35V2M9,苎萝东路（环城东路-东祥路）,诸暨市,17,10,2025-03-04 03:20:13
10124012093FZKG7Y8M4H,永昌南路（东一路-东二路）,诸暨市,63,47,2025-03-04 03:20:13
1012312288YR5F42HE329,红旗路（人民中路-浣纱中路）,诸暨市,16,6,2025-03-04 03:20:13
1012405049OQ8ZNVP3U2P,苎萝东路（东二环路-东旺路）1,诸暨市,29,23,2025-03-04 03:20:13
1019QKKS3RWOFEP,人防大厦停车场,诸暨市,48,48,2025-03-04 03:20:13
1012312288YR7CTTSNVNL,苎萝东路（环城东路-东兴路）,诸暨市,86,65,2025-03-04 03:20:13
1012312288YR825E2P88X,苎萝东路（东二环路-东福路),诸暨市,115,89,2025-03-04 03:20:13
1012312288YRC518WKA2P,望江三路（江东路-滨江中路）,诸暨市,5,2,2025-03-04 03:20:13
1012312288YRBEU44Q1VL,滨江中路（艮塔东路-望江三路）,诸暨市,25,10,2025-03-04 03:20:13
1012312288YR7K67XR8CH,望江一路（浣东北路-江东路）,诸暨市,14,11,2025-03-04 03:20:13
1012312288YRADOD6CUM9,南兴路（南庠路-人民南路）,诸暨市,25,25,2025-03-04 03:20:13
1012312288YR5RTTNITC1,艮塔东路（江东路-高湖路）,诸暨市,39,26,2025-03-04 03:20:13
1012312288YR751NEO35T,东祥路（东二路-苎萝东路）,诸暨市,38,30,2025-03-04 03:20:13
1012312288YRB62F6P9TT,浣纱南路（南兴路-南屏路）,诸暨市,60,36,2025-03-04 03:20:13
1012401199375YC6OSJ5T,东三路（东二环路-东旺路）,诸暨市,121,67,2025-03-04 03:20:13
1012312288YR85VK6CYKH,和济路（东祥路-东旺路）,诸暨市,90,88,2025-03-04 03:20:13
1012312288YRBWX8BW5Q9,望江二路（浣东北路-高湖路）,诸暨市,5,4,2025-03-04 03:10:14
1012312298YXIJSNZ82YP,东二路129弄（东一路88弄-东二路123弄）,诸暨市,10,10,2025-03-04 03:10:14
1019B4Y82CZPJ41,诸暨浣东中路停车场,诸暨市,37,32,2025-03-04 03:10:14
1012312288YRBI4HZHCE9,江东路（西施大街-大桥东路）,诸暨市,6,4,2025-03-04 03:10:14
1012312288YRBS7JO7FUP,望江二路（高湖路-江东路）,诸暨市,10,8,2025-03-04 03:10:14
1012312288YR5XYT44YKH,艮塔东路（苎萝东路-东二路）,诸暨市,142,106,2025-03-04 03:10:14
1012312288YRB24CYLBLT,浣纱南路（苎萝路-南兴路）,诸暨市,19,15,2025-03-04 03:10:14
1012312288YR7V8S6IBCX,东一路88弄（东一路82弄-东一路）,诸暨市,27,20,2025-03-04 03:10:14
1019N4FJ7J6DUYP,篮球场停车场,诸暨市,182,37,2025-03-04 03:10:14
1019JVX01UVMSCH,幸福家园停车场,诸暨市,72,10,2025-03-04 03:10:14
1012312288YRBA0HET81T,江东路（大桥东路-望江一路）,诸暨市,10,2,2025-03-04 03:10:14
1012312288YRBLMRYOUTD,江东路（望江一路-望江二路）,诸暨市,18,11,2025-03-04 03:10:14
1012312288YR3EFRI1BSX,滨江南路（滨江支路-浣东中路）,诸暨市,64,56,2025-03-04 03:10:14
1012312288YR89HS7SKXT,东旺路（东旺路150弄-东二路）,诸暨市,18,3,2025-03-04 03:10:14
1012312288YR5JPT2UOZL,东兴路（苎萝东路-东二路）,诸暨市,62,48,2025-03-04 03:10:14
1019PDPET4GWE81,市民公园北面停车场,诸暨市,14,8,2025-03-04 03:10:14
1012312288YR9LAB60FEP,苎萝东路（东兴路-东安路）,诸暨市,45,35,2025-03-04 03:10:14
1012312288YR6SFUARGU9,东祥路19弄（东祥路-环城东路）,诸暨市,12,6,2025-03-04 03:10:14
1019REU2R6D37Y9,城东公园地下停车场,诸暨市,601,336,2025-03-04 03:10:14
1012312288YR3IHRSDDZ5,滨江南路（大桥东路-西施大街）,诸暨市,13,10,2025-03-04 03:10:14
1019PRTQD59LIWX,永乐路停车场,诸暨市,91,55,2025-03-04 03:10:14
1019MAR69WRHHXD,西子公寓停车场,诸暨市,91,81,2025-03-04 03:10:14
1012405079PB3TJY248W1,东三路（应山公园-东旺路）,诸暨市,44,43,2025-03-04 03:10:14
1012312288YR3MBVY988X,东兴北路（江东路-福门路）,诸暨市,19,16,2025-03-04 03:10:14
1012312288YR9ABOZHGCH,东二路（东旺路-东二环路）,诸暨市,47,18,2025-03-04 03:10:13
1012312288YR6C3V37475,体育路（体育路-大桥东路）,诸暨市,8,6,2025-03-04 03:10:13
1012312288YR9D2CJ4741,东二路（东祥路-环城东路）,诸暨市,25,20,2025-03-04 03:10:13
1012312288YR9376YUBK1,东旺路（东旺路150弄-苎萝东路）,诸暨市,18,17,2025-03-04 03:10:13
1012312288YR61OZ7SOW1,浣纱中路（南屏路-西施大街）,诸暨市,14,4,2025-03-04 03:10:13
1012312268YDHM7XGW3Y9,艮塔东路（滨江北路-江东路),诸暨市,33,18,2025-03-04 03:10:13
1012312288YR825E2P88X,苎萝东路（东二环路-东福路),诸暨市,115,91,2025-03-04 03:10:13
1012312288YR68DOZJDVL,体育路（体育路二弄-红旗路）,诸暨市,12,8,2025-03-04 03:10:13
1012312288YR751NEO35T,东祥路（东二路-苎萝东路）,诸暨市,38,30,2025-03-04 03:10:13
1012401199375YC6OSJ5T,东三路（东二环路-东旺路）,诸暨市,121,67,2025-03-04 03:10:13
1012312288YR6IWIX5X4X,苎萝东路（东二环路-东旺路）,诸暨市,18,14,2025-03-04 03:10:13
1012312288YR64NIVVNK1,浣纱中路（西施大街-大桥东路）,诸暨市,23,18,2025-03-04 03:10:13
10124013095H4QPBO8UF5,东兴路50弄,诸暨市,7,7,2025-03-04 03:10:13
10124012093FZKG7Y8M4H,永昌南路（东一路-东二路）,诸暨市,63,47,2025-03-04 03:10:13
10124013095HHCMD4CC1T,艮塔东路（交通银行）,诸暨市,35,32,2025-03-04 03:10:13
1019Q6UK2GUCAV5,市民公园地下停车场,诸暨市,227,165,2025-03-04 03:10:13
1012312288YRC518WKA2P,望江三路（江东路-滨江中路）,诸暨市,5,2,2025-03-04 03:10:13
1012312288YR57VMEIUBL,大桥东路（大桥东路9号-江东路）,诸暨市,34,32,2025-03-04 03:10:13
1012312288YR79Z86T0XT,暨东路70弄（东一路-东旺路218弄）,诸暨市,32,22,2025-03-04 03:10:13
1019SEVYY7X0W75,十里牌停车场,诸暨市,69,69,2025-03-04 03:10:13
1012312288YR53DTVACCH,滨江南路（西施大街-滨江支路）,诸暨市,33,29,2025-03-04 03:10:13
1012312288YR6EYGP1YWX,万风新世界（暨阳路-上庄路）,诸暨市,20,10,2025-03-04 03:10:13
1012312288YR7YF7Z1HXD,高湖路（望江二路-望江一路）,诸暨市,18,9,2025-03-04 03:10:13
1019QKKS3RWOFEP,人防大厦停车场,诸暨市,48,48,2025-03-04 03:10:13
1012312288YRC2EJF5N9D,望江三路（浣东北路-高湖路）,诸暨市,11,5,2025-03-04 03:10:13
1012312288YR7CTTSNVNL,苎萝东路（环城东路-东兴路）,诸暨市,86,65,2025-03-04 03:10:13
1012405049OQ8ZNVP3U2P,苎萝东路（东二环路-东旺路）1,诸暨市,29,23,2025-03-04 03:10:13
1012312288YRBEU44Q1VL,滨江中路（艮塔东路-望江三路）,诸暨市,25,10,2025-03-04 03:10:13
1012312298YXIV34CFDVL,东一路82弄（东二路123弄-东二路）,诸暨市,6,4,2025-03-04 03:10:13
1012312288YRBP13VO9A9,江东路（望江二路-望江三路）,诸暨市,13,6,2025-03-04 03:10:13
1012312288YRAJXAP73SX,滨江中路（望江二路-大桥东路）,诸暨市,45,33,2025-03-04 03:10:13
1012312288YR7N8PO2AYP,东一路68弄（东二路-东一路）,诸暨市,46,36,2025-03-04 03:10:13
1012312268YD5WN09GPVL,八一横路（暨阳路-无名路）,诸暨市,46,20,2025-03-04 03:10:13
10124013095GY8GDKUBY9,艮塔东路（高湖路-暨东路）,诸暨市,16,14,2025-03-04 03:10:13
1012312288YRADOD6CUM9,南兴路（南庠路-人民南路）,诸暨市,25,25,2025-03-04 03:10:13
1012312288YR5B22720W1,大桥东路（江东路-五角广场）,诸暨市,58,46,2025-03-04 03:10:13
1012312288YRBZRTXR0G1,望江三路（高湖路-江东路）,诸暨市,15,13,2025-03-04 03:10:13
1012312288YR7K67XR8CH,望江一路（浣东北路-江东路）,诸暨市,14,11,2025-03-04 03:10:13
1012312288YR8ZSV1UX35,东旺路150弄（东二环路-东旺路）,诸暨市,88,57,2025-03-04 03:10:13
1012312288YR5RTTNITC1,艮塔东路（江东路-高湖路）,诸暨市,39,25,2025-03-04 03:10:13
1012312298YXHTPH9LYPT,东二路123弄（东旺路188弄-东二路）,诸暨市,61,43,2025-03-04 03:10:13
1019PDAS7RIP7GH,市民公园东北面停车场,诸暨市,27,15,2025-03-04 03:10:13
1012312288YR7HFKE4HKX,西施大街（浣纱中路-人民中路）,诸暨市,28,17,2025-03-04 03:10:13
1012312288YR8IX5J60OX,东旺路218弄（东旺路-融媒体中心）,诸暨市,29,18,2025-03-04 03:10:13
1012312288YRAV3T06ARL,滨江中路（望江三路-望江二路）,诸暨市,30,26,2025-03-04 03:10:13
1012312288YRAXUGJT1J5,浣纱北路（大桥路-艮塔路）,诸暨市,59,22,2025-03-04 03:10:13
1012312288YR5UKH75K3L,艮塔东路（东二路-东一路),诸暨市,101,81,2025-03-04 03:10:13
1012312298YXGS3Y2CBNL,东旺路188弄（东旺路-东二环路）,诸暨市,10,5,2025-03-04 03:10:13
1012312288YR8GIC67LS1,东旺路218弄(东旺路206弄-融媒体中心）,诸暨市,22,17,2025-03-04 03:10:13
1012312288YR8VUSTQYV5,东旺路182弄(康华大厦-东旺路),诸暨市,19,10,2025-03-04 03:10:12
1012312288YR5NVRFEV41,东安路(东二路-苎萝东路),诸暨市,6,4,2025-03-04 03:10:12
1012312288YRB62F6P9TT,浣纱南路（南兴路-南屏路）,诸暨市,60,36,2025-03-04 03:10:12
1012312288YR85VK6CYKH,和济路（东祥路-东旺路）,诸暨市,90,88,2025-03-04 03:10:12
1019S5R3X1SOHS1,一百淘宝城停车场,诸暨市,105,40,2025-03-04 03:10:12
1012312288YR9VX35V2M9,苎萝东路（环城东路-东祥路）,诸暨市,17,10,2025-03-04 03:10:12
1012312288YR9HG704L4X,苎萝东路（东福路-东三环路）,诸暨市,107,107,2025-03-04 03:10:12
1012312288YR9PO5N0TFL,苎萝东路（环城东路-东旺路）,诸暨市,54,50,2025-03-04 03:10:12
1012312288YR5F42HE329,红旗路（人民中路-浣纱中路）,诸暨市,16,6,2025-03-04 03:10:12
1012312298YXIJSNZ82YP,东二路129弄（东一路88弄-东二路123弄）,诸暨市,10,10,2025-03-04 03:00:15
1012312288YRBA0HET81T,江东路（大桥东路-望江一路）,诸暨市,10,3,2025-03-04 03:00:15
1019REU2R6D37Y9,城东公园地下停车场,诸暨市,601,336,2025-03-04 03:00:15
1012312288YRBWX8BW5Q9,望江二路（浣东北路-高湖路）,诸暨市,5,4,2025-03-04 03:00:15
1019N4FJ7J6DUYP,篮球场停车场,诸暨市,182,37,2025-03-04 03:00:15
1012312288YR3EFRI1BSX,滨江南路（滨江支路-浣东中路）,诸暨市,64,56,2025-03-04 03:00:15
1012312288YR5JPT2UOZL,东兴路（苎萝东路-东二路）,诸暨市,62,47,2025-03-04 03:00:15
1012312288YR9LAB60FEP,苎萝东路（东兴路-东安路）,诸暨市,45,35,2025-03-04 03:00:14
1012312288YR61OZ7SOW1,浣纱中路（南屏路-西施大街）,诸暨市,14,4,2025-03-04 03:00:14
1012312288YR3MBVY988X,东兴北路（江东路-福门路）,诸暨市,19,16,2025-03-04 03:00:14
1012312298YXIV34CFDVL,东一路82弄（东二路123弄-东二路）,诸暨市,6,4,2025-03-04 03:00:14
1012312288YR8IX5J60OX,东旺路218弄（东旺路-融媒体中心）,诸暨市,29,18,2025-03-04 03:00:14
1012312288YR5XYT44YKH,艮塔东路（苎萝东路-东二路）,诸暨市,142,105,2025-03-04 03:00:14
1012312288YR8GIC67LS1,东旺路218弄(东旺路206弄-融媒体中心）,诸暨市,22,17,2025-03-04 03:00:14
1019B4Y82CZPJ41,诸暨浣东中路停车场,诸暨市,37,32,2025-03-04 03:00:14
1012312288YR7V8S6IBCX,东一路88弄（东一路82弄-东一路）,诸暨市,27,20,2025-03-04 03:00:14
1012405079PB3TJY248W1,东三路（应山公园-东旺路）,诸暨市,44,43,2025-03-04 03:00:14
1012312288YR7HFKE4HKX,西施大街（浣纱中路-人民中路）,诸暨市,28,17,2025-03-04 03:00:14
1019MAR69WRHHXD,西子公寓停车场,诸暨市,91,81,2025-03-04 03:00:14
1012312288YRBI4HZHCE9,江东路（西施大街-大桥东路）,诸暨市,6,4,2025-03-04 03:00:14
1012312288YR8ZSV1UX35,东旺路150弄（东二环路-东旺路）,诸暨市,88,57,2025-03-04 03:00:14
1019SEVYY7X0W75,十里牌停车场,诸暨市,69,69,2025-03-04 03:00:14
1012312298YXGS3Y2CBNL,东旺路188弄（东旺路-东二环路）,诸暨市,10,5,2025-03-04 03:00:14
1012312288YR5B22720W1,大桥东路（江东路-五角广场）,诸暨市,58,46,2025-03-04 03:00:14
1012312288YR53DTVACCH,滨江南路（西施大街-滨江支路）,诸暨市,33,29,2025-03-04 03:00:14
1012312288YR6IWIX5X4X,苎萝东路（东二环路-东旺路）,诸暨市,18,14,2025-03-04 03:00:14
1012312288YR9376YUBK1,东旺路（东旺路150弄-苎萝东路）,诸暨市,18,17,2025-03-04 03:00:14
1012312268YD5WN09GPVL,八一横路（暨阳路-无名路）,诸暨市,46,20,2025-03-04 03:00:14
1012312288YRAXUGJT1J5,浣纱北路（大桥路-艮塔路）,诸暨市,59,22,2025-03-04 03:00:14
1019JVX01UVMSCH,幸福家园停车场,诸暨市,72,10,2025-03-04 03:00:14
1012312288YR68DOZJDVL,体育路（体育路二弄-红旗路）,诸暨市,12,8,2025-03-04 03:00:14
1019PDPET4GWE81,市民公园北面停车场,诸暨市,14,8,2025-03-04 03:00:14
1019PRTQD59LIWX,永乐路停车场,诸暨市,91,55,2025-03-04 03:00:14
1012312288YR9ABOZHGCH,东二路（东旺路-东二环路）,诸暨市,47,18,2025-03-04 03:00:14
1012312288YRC2EJF5N9D,望江三路（浣东北路-高湖路）,诸暨市,11,5,2025-03-04 03:00:14
1012312268YDHM7XGW3Y9,艮塔东路（滨江北路-江东路),诸暨市,33,18,2025-03-04 03:00:14
1012312288YRB24CYLBLT,浣纱南路（苎萝路-南兴路）,诸暨市,19,15,2025-03-04 03:00:14
1012312288YRAV3T06ARL,滨江中路（望江三路-望江二路）,诸暨市,30,26,2025-03-04 03:00:14
1019PDAS7RIP7GH,市民公园东北面停车场,诸暨市,27,15,2025-03-04 03:00:14
10124013095H4QPBO8UF5,东兴路50弄,诸暨市,7,7,2025-03-04 03:00:14
1012312288YRBZRTXR0G1,望江三路（高湖路-江东路）,诸暨市,15,13,2025-03-04 03:00:14
1012312288YR9D2CJ4741,东二路（东祥路-环城东路）,诸暨市,25,20,2025-03-04 03:00:14
1012312288YR3IHRSDDZ5,滨江南路（大桥东路-西施大街）,诸暨市,13,10,2025-03-04 03:00:14
1012312288YR6EYGP1YWX,万风新世界（暨阳路-上庄路）,诸暨市,20,11,2025-03-04 03:00:14
1012312288YR5UKH75K3L,艮塔东路（东二路-东一路),诸暨市,101,78,2025-03-04 03:00:14
1012312288YRADOD6CUM9,南兴路（南庠路-人民南路）,诸暨市,25,25,2025-03-04 03:00:14
1012312288YR6C3V37475,体育路（体育路-大桥东路）,诸暨市,8,6,2025-03-04 03:00:14
1012312288YRAJXAP73SX,滨江中路（望江二路-大桥东路）,诸暨市,45,33,2025-03-04 03:00:14
10124013095HHCMD4CC1T,艮塔东路（交通银行）,诸暨市,35,32,2025-03-04 03:00:14
1012312288YRBLMRYOUTD,江东路（望江一路-望江二路）,诸暨市,18,11,2025-03-04 03:00:14
1012312288YR89HS7SKXT,东旺路（东旺路150弄-东二路）,诸暨市,18,3,2025-03-04 03:00:14
1012312288YRBEU44Q1VL,滨江中路（艮塔东路-望江三路）,诸暨市,25,10,2025-03-04 03:00:14
1012312288YR6SFUARGU9,东祥路19弄（东祥路-环城东路）,诸暨市,12,6,2025-03-04 03:00:14
1012312288YRBS7JO7FUP,望江二路（高湖路-江东路）,诸暨市,10,8,2025-03-04 03:00:14
1012312288YR57VMEIUBL,大桥东路（大桥东路9号-江东路）,诸暨市,34,32,2025-03-04 03:00:14
1019Q6UK2GUCAV5,市民公园地下停车场,诸暨市,227,165,2025-03-04 03:00:13
1012312288YR85VK6CYKH,和济路（东祥路-东旺路）,诸暨市,90,88,2025-03-04 03:00:13
1019QKKS3RWOFEP,人防大厦停车场,诸暨市,48,48,2025-03-04 03:00:13
1019S5R3X1SOHS1,一百淘宝城停车场,诸暨市,105,40,2025-03-04 03:00:13
1012312288YR751NEO35T,东祥路（东二路-苎萝东路）,诸暨市,38,30,2025-03-04 03:00:13
1012312288YR8VUSTQYV5,东旺路182弄(康华大厦-东旺路),诸暨市,19,10,2025-03-04 03:00:13
1012312288YR64NIVVNK1,浣纱中路（西施大街-大桥东路）,诸暨市,23,18,2025-03-04 03:00:13
1012312288YR9VX35V2M9,苎萝东路（环城东路-东祥路）,诸暨市,17,10,2025-03-04 03:00:13
1012312298YXHTPH9LYPT,东二路123弄（东旺路188弄-东二路）,诸暨市,61,43,2025-03-04 03:00:13
1012312288YRC518WKA2P,望江三路（江东路-滨江中路）,诸暨市,5,2,2025-03-04 03:00:13
1012312288YR9HG704L4X,苎萝东路（东福路-东三环路）,诸暨市,107,107,2025-03-04 03:00:13
1012312288YR5RTTNITC1,艮塔东路（江东路-高湖路）,诸暨市,39,25,2025-03-04 03:00:13
1012405049OQ8ZNVP3U2P,苎萝东路（东二环路-东旺路）1,诸暨市,29,23,2025-03-04 03:00:13
1012312288YR7YF7Z1HXD,高湖路（望江二路-望江一路）,诸暨市,18,9,2025-03-04 03:00:13
1012401199375YC6OSJ5T,东三路（东二环路-东旺路）,诸暨市,121,67,2025-03-04 03:00:13
1012312288YR9PO5N0TFL,苎萝东路（环城东路-东旺路）,诸暨市,54,50,2025-03-04 03:00:13
1012312288YR825E2P88X,苎萝东路（东二环路-东福路),诸暨市,115,91,2025-03-04 03:00:13
1012312288YRBP13VO9A9,江东路（望江二路-望江三路）,诸暨市,13,6,2025-03-04 03:00:13
1012312288YR7K67XR8CH,望江一路（浣东北路-江东路）,诸暨市,14,12,2025-03-04 03:00:13
1012312288YR79Z86T0XT,暨东路70弄（东一路-东旺路218弄）,诸暨市,32,22,2025-03-04 03:00:13
1012312288YR7CTTSNVNL,苎萝东路（环城东路-东兴路）,诸暨市,86,65,2025-03-04 03:00:13
10124013095GY8GDKUBY9,艮塔东路（高湖路-暨东路）,诸暨市,16,14,2025-03-04 03:00:13
1012312288YR5NVRFEV41,东安路(东二路-苎萝东路),诸暨市,6,4,2025-03-04 03:00:13
10124012093FZKG7Y8M4H,永昌南路（东一路-东二路）,诸暨市,63,47,2025-03-04 03:00:13
1012312288YRB62F6P9TT,浣纱南路（南兴路-南屏路）,诸暨市,60,36,2025-03-04 03:00:13
1012312288YR5F42HE329,红旗路（人民中路-浣纱中路）,诸暨市,16,6,2025-03-04 03:00:13
1012312288YR7N8PO2AYP,东一路68弄（东二路-东一路）,诸暨市,46,36,2025-03-04 03:00:13
1019REU2R6D37Y9,城东公园地下停车场,诸暨市,601,336,2025-03-04 02:50:15
1012312298YXIJSNZ82YP,东二路129弄（东一路88弄-东二路123弄）,诸暨市,10,10,2025-03-04 02:50:15
1012312298YXIV34CFDVL,东一路82弄（东二路123弄-东二路）,诸暨市,6,5,2025-03-04 02:50:14
1019N4FJ7J6DUYP,篮球场停车场,诸暨市,182,37,2025-03-04 02:50:14
1012312268YDHM7XGW3Y9,艮塔东路（滨江北路-江东路),诸暨市,33,18,2025-03-04 02:50:14
1012312288YRBA0HET81T,江东路（大桥东路-望江一路）,诸暨市,10,3,2025-03-04 02:50:14
1019PDPET4GWE81,市民公园北面停车场,诸暨市,14,8,2025-03-04 02:50:14
1012312288YR6C3V37475,体育路（体育路-大桥东路）,诸暨市,8,6,2025-03-04 02:50:14
1012312288YR89HS7SKXT,东旺路（东旺路150弄-东二路）,诸暨市,18,3,2025-03-04 02:50:14
1019B4Y82CZPJ41,诸暨浣东中路停车场,诸暨市,37,32,2025-03-04 02:50:14
1012312288YR5XYT44YKH,艮塔东路（苎萝东路-东二路）,诸暨市,142,105,2025-03-04 02:50:14
1012312268YD5WN09GPVL,八一横路（暨阳路-无名路）,诸暨市,46,20,2025-03-04 02:50:14
1012312288YR9LAB60FEP,苎萝东路（东兴路-东安路）,诸暨市,45,35,2025-03-04 02:50:14
1012312288YRBI4HZHCE9,江东路（西施大街-大桥东路）,诸暨市,6,4,2025-03-04 02:50:14
1012312288YRB24CYLBLT,浣纱南路（苎萝路-南兴路）,诸暨市,19,15,2025-03-04 02:50:14
1012312288YR8IX5J60OX,东旺路218弄（东旺路-融媒体中心）,诸暨市,29,18,2025-03-04 02:50:14
1012312288YR6EYGP1YWX,万风新世界（暨阳路-上庄路）,诸暨市,20,11,2025-03-04 02:50:14
1012312288YR5JPT2UOZL,东兴路（苎萝东路-东二路）,诸暨市,62,48,2025-03-04 02:50:14
1012312288YR9D2CJ4741,东二路（东祥路-环城东路）,诸暨市,25,20,2025-03-04 02:50:14
1012405079PB3TJY248W1,东三路（应山公园-东旺路）,诸暨市,44,43,2025-03-04 02:50:14
1019SEVYY7X0W75,十里牌停车场,诸暨市,69,69,2025-03-04 02:50:14
1012312288YRC2EJF5N9D,望江三路（浣东北路-高湖路）,诸暨市,11,5,2025-03-04 02:50:14
1019JVX01UVMSCH,幸福家园停车场,诸暨市,72,10,2025-03-04 02:50:14
1012312288YR9376YUBK1,东旺路（东旺路150弄-苎萝东路）,诸暨市,18,17,2025-03-04 02:50:14
10124013095HHCMD4CC1T,艮塔东路（交通银行）,诸暨市,35,32,2025-03-04 02:50:14
10124013095H4QPBO8UF5,东兴路50弄,诸暨市,7,7,2025-03-04 02:50:14
1012312288YR3MBVY988X,东兴北路（江东路-福门路）,诸暨市,19,16,2025-03-04 02:50:14
1012312288YRAV3T06ARL,滨江中路（望江三路-望江二路）,诸暨市,30,26,2025-03-04 02:50:14
1012312288YR7HFKE4HKX,西施大街（浣纱中路-人民中路）,诸暨市,28,18,2025-03-04 02:50:14
1019MAR69WRHHXD,西子公寓停车场,诸暨市,91,81,2025-03-04 02:50:14
1012312288YR57VMEIUBL,大桥东路（大桥东路9号-江东路）,诸暨市,34,32,2025-03-04 02:50:14
1012312288YRBWX8BW5Q9,望江二路（浣东北路-高湖路）,诸暨市,5,4,2025-03-04 02:50:14
1012312288YR8GIC67LS1,东旺路218弄(东旺路206弄-融媒体中心）,诸暨市,22,17,2025-03-04 02:50:14
1012312288YR9ABOZHGCH,东二路（东旺路-东二环路）,诸暨市,47,18,2025-03-04 02:50:14
1012312288YR5UKH75K3L,艮塔东路（东二路-东一路),诸暨市,101,78,2025-03-04 02:50:14
1012312288YR6SFUARGU9,东祥路19弄（东祥路-环城东路）,诸暨市,12,6,2025-03-04 02:50:14
1012312288YR8ZSV1UX35,东旺路150弄（东二环路-东旺路）,诸暨市,88,56,2025-03-04 02:50:14
1012312288YR3EFRI1BSX,滨江南路（滨江支路-浣东中路）,诸暨市,64,56,2025-03-04 02:50:14
1012312288YR5B22720W1,大桥东路（江东路-五角广场）,诸暨市,58,45,2025-03-04 02:50:14
1012312288YR3IHRSDDZ5,滨江南路（大桥东路-西施大街）,诸暨市,13,10,2025-03-04 02:50:14
1012312288YRBZRTXR0G1,望江三路（高湖路-江东路）,诸暨市,15,13,2025-03-04 02:50:14
1012312288YR61OZ7SOW1,浣纱中路（南屏路-西施大街）,诸暨市,14,4,2025-03-04 02:50:14
1012312288YRBLMRYOUTD,江东路（望江一路-望江二路）,诸暨市,18,11,2025-03-04 02:50:14
1019PDAS7RIP7GH,市民公园东北面停车场,诸暨市,27,15,2025-03-04 02:50:14
1019PRTQD59LIWX,永乐路停车场,诸暨市,91,55,2025-03-04 02:50:14
1012312288YRAJXAP73SX,滨江中路（望江二路-大桥东路）,诸暨市,45,33,2025-03-04 02:50:14
1012312288YR7V8S6IBCX,东一路88弄（东一路82弄-东一路）,诸暨市,27,20,2025-03-04 02:50:14
1012312288YR68DOZJDVL,体育路（体育路二弄-红旗路）,诸暨市,12,8,2025-03-04 02:50:14
1012312288YRBS7JO7FUP,望江二路（高湖路-江东路）,诸暨市,10,8,2025-03-04 02:50:14
1012312288YR5F42HE329,红旗路（人民中路-浣纱中路）,诸暨市,16,6,2025-03-04 02:50:13
10124013095GY8GDKUBY9,艮塔东路（高湖路-暨东路）,诸暨市,16,14,2025-03-04 02:50:13
1012401199375YC6OSJ5T,东三路（东二环路-东旺路）,诸暨市,121,67,2025-03-04 02:50:13
1012312288YR64NIVVNK1,浣纱中路（西施大街-大桥东路）,诸暨市,23,18,2025-03-04 02:50:13
1012312288YR5RTTNITC1,艮塔东路（江东路-高湖路）,诸暨市,39,25,2025-03-04 02:50:13
1012312288YR7YF7Z1HXD,高湖路（望江二路-望江一路）,诸暨市,18,9,2025-03-04 02:50:13
1012312288YR7CTTSNVNL,苎萝东路（环城东路-东兴路）,诸暨市,86,65,2025-03-04 02:50:13
1012312288YRC518WKA2P,望江三路（江东路-滨江中路）,诸暨市,5,2,2025-03-04 02:50:13
1012312288YR53DTVACCH,滨江南路（西施大街-滨江支路）,诸暨市,33,29,2025-03-04 02:50:13
1012312288YRADOD6CUM9,南兴路（南庠路-人民南路）,诸暨市,25,25,2025-03-04 02:50:13
1012312288YR8VUSTQYV5,东旺路182弄(康华大厦-东旺路),诸暨市,19,10,2025-03-04 02:50:13
1019QKKS3RWOFEP,人防大厦停车场,诸暨市,48,48,2025-03-04 02:50:13
1012312288YRAXUGJT1J5,浣纱北路（大桥路-艮塔路）,诸暨市,59,22,2025-03-04 02:50:13
1012312288YR825E2P88X,苎萝东路（东二环路-东福路),诸暨市,115,91,2025-03-04 02:50:13
1012312288YR9HG704L4X,苎萝东路（东福路-东三环路）,诸暨市,107,107,2025-03-04 02:50:13
1012312288YRBEU44Q1VL,滨江中路（艮塔东路-望江三路）,诸暨市,25,10,2025-03-04 02:50:13
1012312288YR5NVRFEV41,东安路(东二路-苎萝东路),诸暨市,6,4,2025-03-04 02:50:13
1012312288YR9PO5N0TFL,苎萝东路（环城东路-东旺路）,诸暨市,54,50,2025-03-04 02:50:13
10124012093FZKG7Y8M4H,永昌南路（东一路-东二路）,诸暨市,63,47,2025-03-04 02:50:13
1012312298YXHTPH9LYPT,东二路123弄（东旺路188弄-东二路）,诸暨市,61,43,2025-03-04 02:50:13
1019Q6UK2GUCAV5,市民公园地下停车场,诸暨市,227,165,2025-03-04 02:50:13
1012312298YXGS3Y2CBNL,东旺路188弄（东旺路-东二环路）,诸暨市,10,5,2025-03-04 02:50:13
1012312288YR7N8PO2AYP,东一路68弄（东二路-东一路）,诸暨市,46,36,2025-03-04 02:50:13
1012312288YR6IWIX5X4X,苎萝东路（东二环路-东旺路）,诸暨市,18,14,2025-03-04 02:50:13
1012312288YR7K67XR8CH,望江一路（浣东北路-江东路）,诸暨市,14,12,2025-03-04 02:50:13
1012312288YRB62F6P9TT,浣纱南路（南兴路-南屏路）,诸暨市,60,36,2025-03-04 02:50:13
1012312288YR751NEO35T,东祥路（东二路-苎萝东路）,诸暨市,38,30,2025-03-04 02:50:13
1012312288YR9VX35V2M9,苎萝东路（环城东路-东祥路）,诸暨市,17,10,2025-03-04 02:50:13
1019S5R3X1SOHS1,一百淘宝城停车场,诸暨市,105,40,2025-03-04 02:50:13
1012312288YRBP13VO9A9,江东路（望江二路-望江三路）,诸暨市,13,6,2025-03-04 02:50:13
1012312288YR79Z86T0XT,暨东路70弄（东一路-东旺路218弄）,诸暨市,32,22,2025-03-04 02:50:13
1012405049OQ8ZNVP3U2P,苎萝东路（东二环路-东旺路）1,诸暨市,29,23,2025-03-04 02:50:13
1012312288YR85VK6CYKH,和济路（东祥路-东旺路）,诸暨市,90,88,2025-03-04 02:50:13
1012312298YXIV34CFDVL,东一路82弄（东二路123弄-东二路）,诸暨市,6,5,2025-03-04 02:40:14
1012312288YRBA0HET81T,江东路（大桥东路-望江一路）,诸暨市,10,3,2025-03-04 02:40:14
1019REU2R6D37Y9,城东公园地下停车场,诸暨市,601,336,2025-03-04 02:40:14
1019B4Y82CZPJ41,诸暨浣东中路停车场,诸暨市,37,32,2025-03-04 02:40:14
1012312288YR7V8S6IBCX,东一路88弄（东一路82弄-东一路）,诸暨市,27,20,2025-03-04 02:40:14
1012312288YR5UKH75K3L,艮塔东路（东二路-东一路),诸暨市,101,78,2025-03-04 02:40:14
1012312288YR6SFUARGU9,东祥路19弄（东祥路-环城东路）,诸暨市,12,6,2025-03-04 02:40:14
1012405079PB3TJY248W1,东三路（应山公园-东旺路）,诸暨市,44,43,2025-03-04 02:40:14
1019PDPET4GWE81,市民公园北面停车场,诸暨市,14,8,2025-03-04 02:40:14
1012312288YRBWX8BW5Q9,望江二路（浣东北路-高湖路）,诸暨市,5,4,2025-03-04 02:40:14
1012312288YRBI4HZHCE9,江东路（西施大街-大桥东路）,诸暨市,6,4,2025-03-04 02:40:14
1012312268YDHM7XGW3Y9,艮塔东路（滨江北路-江东路),诸暨市,33,19,2025-03-04 02:40:14
1012312288YR57VMEIUBL,大桥东路（大桥东路9号-江东路）,诸暨市,34,32,2025-03-04 02:40:14
1012312288YR61OZ7SOW1,浣纱中路（南屏路-西施大街）,诸暨市,14,4,2025-03-04 02:40:14
1012312288YR3IHRSDDZ5,滨江南路（大桥东路-西施大街）,诸暨市,13,10,2025-03-04 02:40:14
1019JVX01UVMSCH,幸福家园停车场,诸暨市,72,10,2025-03-04 02:40:14
1019PRTQD59LIWX,永乐路停车场,诸暨市,91,55,2025-03-04 02:40:14
1012312288YRAV3T06ARL,滨江中路（望江三路-望江二路）,诸暨市,30,26,2025-03-04 02:40:14
1012312288YRB24CYLBLT,浣纱南路（苎萝路-南兴路）,诸暨市,19,15,2025-03-04 02:40:14
1019MAR69WRHHXD,西子公寓停车场,诸暨市,91,81,2025-03-04 02:40:14
1012312288YR5B22720W1,大桥东路（江东路-五角广场）,诸暨市,58,45,2025-03-04 02:40:14
1019N4FJ7J6DUYP,篮球场停车场,诸暨市,182,37,2025-03-04 02:40:14
1012312288YRBS7JO7FUP,望江二路（高湖路-江东路）,诸暨市,10,8,2025-03-04 02:40:14
1012312288YR9D2CJ4741,东二路（东祥路-环城东路）,诸暨市,25,20,2025-03-04 02:40:14
1012312288YRAJXAP73SX,滨江中路（望江二路-大桥东路）,诸暨市,45,33,2025-03-04 02:40:14
1012312288YRBLMRYOUTD,江东路（望江一路-望江二路）,诸暨市,18,11,2025-03-04 02:40:14
1012312298YXIJSNZ82YP,东二路129弄（东一路88弄-东二路123弄）,诸暨市,10,10,2025-03-04 02:40:14
1012312288YR3EFRI1BSX,滨江南路（滨江支路-浣东中路）,诸暨市,64,56,2025-03-04 02:40:14
1012312288YR6EYGP1YWX,万风新世界（暨阳路-上庄路）,诸暨市,20,12,2025-03-04 02:40:14
1012312288YR5XYT44YKH,艮塔东路（苎萝东路-东二路）,诸暨市,142,102,2025-03-04 02:40:14
1012312288YRBZRTXR0G1,望江三路（高湖路-江东路）,诸暨市,15,13,2025-03-04 02:40:14
1012312288YR6C3V37475,体育路（体育路-大桥东路）,诸暨市,8,6,2025-03-04 02:40:14
1012312288YRC2EJF5N9D,望江三路（浣东北路-高湖路）,诸暨市,11,5,2025-03-04 02:40:14
1012312288YR3MBVY988X,东兴北路（江东路-福门路）,诸暨市,19,16,2025-03-04 02:40:14
1012312288YR89HS7SKXT,东旺路（东旺路150弄-东二路）,诸暨市,18,4,2025-03-04 02:40:14
1012312288YR68DOZJDVL,体育路（体育路二弄-红旗路）,诸暨市,12,8,2025-03-04 02:40:14
10124013095HHCMD4CC1T,艮塔东路（交通银行）,诸暨市,35,32,2025-03-04 02:40:14
1012312288YR9ABOZHGCH,东二路（东旺路-东二环路）,诸暨市,47,18,2025-03-04 02:40:14
1012312288YR5JPT2UOZL,东兴路（苎萝东路-东二路）,诸暨市,62,48,2025-03-04 02:40:14
1012312288YR9LAB60FEP,苎萝东路（东兴路-东安路）,诸暨市,45,35,2025-03-04 02:40:14
1012312288YR85VK6CYKH,和济路（东祥路-东旺路）,诸暨市,90,88,2025-03-04 02:40:13
1012312288YR751NEO35T,东祥路（东二路-苎萝东路）,诸暨市,38,30,2025-03-04 02:40:13
1012312288YRC518WKA2P,望江三路（江东路-滨江中路）,诸暨市,5,2,2025-03-04 02:40:13
1012312288YR7HFKE4HKX,西施大街（浣纱中路-人民中路）,诸暨市,28,18,2025-03-04 02:40:13
1012312288YR7CTTSNVNL,苎萝东路（环城东路-东兴路）,诸暨市,86,62,2025-03-04 02:40:13
1019PDAS7RIP7GH,市民公园东北面停车场,诸暨市,27,15,2025-03-04 02:40:13
1012312288YR8ZSV1UX35,东旺路150弄（东二环路-东旺路）,诸暨市,88,57,2025-03-04 02:40:13
1012312288YR6IWIX5X4X,苎萝东路（东二环路-东旺路）,诸暨市,18,14,2025-03-04 02:40:13
10124013095H4QPBO8UF5,东兴路50弄,诸暨市,7,7,2025-03-04 02:40:13
1012312288YR9VX35V2M9,苎萝东路（环城东路-东祥路）,诸暨市,17,10,2025-03-04 02:40:13
1012312288YR9376YUBK1,东旺路（东旺路150弄-苎萝东路）,诸暨市,18,17,2025-03-04 02:40:13
1012312288YR5NVRFEV41,东安路(东二路-苎萝东路),诸暨市,6,4,2025-03-04 02:40:13
1012312288YR5RTTNITC1,艮塔东路（江东路-高湖路）,诸暨市,39,25,2025-03-04 02:40:13
10124013095GY8GDKUBY9,艮塔东路（高湖路-暨东路）,诸暨市,16,14,2025-03-04 02:40:13
1012312298YXGS3Y2CBNL,东旺路188弄（东旺路-东二环路）,诸暨市,10,6,2025-03-04 02:40:13
1012312288YR79Z86T0XT,暨东路70弄（东一路-东旺路218弄）,诸暨市,32,22,2025-03-04 02:40:13
1019QKKS3RWOFEP,人防大厦停车场,诸暨市,48,48,2025-03-04 02:40:13
1012312288YR9HG704L4X,苎萝东路（东福路-东三环路）,诸暨市,107,107,2025-03-04 02:40:13
1012405049OQ8ZNVP3U2P,苎萝东路（东二环路-东旺路）1,诸暨市,29,23,2025-03-04 02:40:13
1012312288YRBEU44Q1VL,滨江中路（艮塔东路-望江三路）,诸暨市,25,10,2025-03-04 02:40:13
1012312268YD5WN09GPVL,八一横路（暨阳路-无名路）,诸暨市,46,20,2025-03-04 02:40:13
1012312288YRBP13VO9A9,江东路（望江二路-望江三路）,诸暨市,13,5,2025-03-04 02:40:13
1012312288YR53DTVACCH,滨江南路（西施大街-滨江支路）,诸暨市,33,29,2025-03-04 02:40:13
1012312288YR8IX5J60OX,东旺路218弄（东旺路-融媒体中心）,诸暨市,29,18,2025-03-04 02:40:13
1012312288YR9PO5N0TFL,苎萝东路（环城东路-东旺路）,诸暨市,54,50,2025-03-04 02:40:13
1019S5R3X1SOHS1,一百淘宝城停车场,诸暨市,105,40,2025-03-04 02:40:13
1012312298YXHTPH9LYPT,东二路123弄（东旺路188弄-东二路）,诸暨市,61,42,2025-03-04 02:40:13
1012312288YR825E2P88X,苎萝东路（东二环路-东福路),诸暨市,115,88,2025-03-04 02:40:13
1012312288YR8GIC67LS1,东旺路218弄(东旺路206弄-融媒体中心）,诸暨市,22,17,2025-03-04 02:40:13
1012312288YR7K67XR8CH,望江一路（浣东北路-江东路）,诸暨市,14,12,2025-03-04 02:40:13
1012312288YR5F42HE329,红旗路（人民中路-浣纱中路）,诸暨市,16,6,2025-03-04 02:40:13
1012312288YR64NIVVNK1,浣纱中路（西施大街-大桥东路）,诸暨市,23,18,2025-03-04 02:40:13
1012312288YR7YF7Z1HXD,高湖路（望江二路-望江一路）,诸暨市,18,9,2025-03-04 02:40:13
1019SEVYY7X0W75,十里牌停车场,诸暨市,69,69,2025-03-04 02:40:13
1012312288YRADOD6CUM9,南兴路（南庠路-人民南路）,诸暨市,25,25,2025-03-04 02:40:13
10124012093FZKG7Y8M4H,永昌南路（东一路-东二路）,诸暨市,63,47,2025-03-04 02:40:13
1012401199375YC6OSJ5T,东三路（东二环路-东旺路）,诸暨市,121,67,2025-03-04 02:40:13
1012312288YR7N8PO2AYP,东一路68弄（东二路-东一路）,诸暨市,46,36,2025-03-04 02:40:13
1012312288YR8VUSTQYV5,东旺路182弄(康华大厦-东旺路),诸暨市,19,10,2025-03-04 02:40:13
1012312288YRB62F6P9TT,浣纱南路（南兴路-南屏路）,诸暨市,60,36,2025-03-04 02:40:13
1019Q6UK2GUCAV5,市民公园地下停车场,诸暨市,227,165,2025-03-04 02:40:13
1012312288YRAXUGJT1J5,浣纱北路（大桥路-艮塔路）,诸暨市,59,22,2025-03-04 02:40:13
1019N4FJ7J6DUYP,篮球场停车场,诸暨市,182,37,2025-03-04 02:30:15
1012312288YR5XYT44YKH,艮塔东路（苎萝东路-东二路）,诸暨市,142,102,2025-03-04 02:30:15
1012312288YRBLMRYOUTD,江东路（望江一路-望江二路）,诸暨市,18,11,2025-03-04 02:30:15
1012312288YR5JPT2UOZL,东兴路（苎萝东路-东二路）,诸暨市,62,48,2025-03-04 02:30:15
1012312288YRB24CYLBLT,浣纱南路（苎萝路-南兴路）,诸暨市,19,15,2025-03-04 02:30:15
1012312288YRBWX8BW5Q9,望江二路（浣东北路-高湖路）,诸暨市,5,4,2025-03-04 02:30:15
1019MAR69WRHHXD,西子公寓停车场,诸暨市,91,81,2025-03-04 02:30:15
1019PRTQD59LIWX,永乐路停车场,诸暨市,91,55,2025-03-04 02:30:15
1012312288YR7V8S6IBCX,东一路88弄（东一路82弄-东一路）,诸暨市,27,20,2025-03-04 02:30:15
1012312288YR3EFRI1BSX,滨江南路（滨江支路-浣东中路）,诸暨市,64,56,2025-03-04 02:30:15
1012312288YR3IHRSDDZ5,滨江南路（大桥东路-西施大街）,诸暨市,13,10,2025-03-04 02:30:15
1012312288YR6SFUARGU9,东祥路19弄（东祥路-环城东路）,诸暨市,12,6,2025-03-04 02:30:15
1012312288YRBA0HET81T,江东路（大桥东路-望江一路）,诸暨市,10,3,2025-03-04 02:30:15
1012312298YXIJSNZ82YP,东二路129弄（东一路88弄-东二路123弄）,诸暨市,10,10,2025-03-04 02:30:15
1019REU2R6D37Y9,城东公园地下停车场,诸暨市,601,336,2025-03-04 02:30:15
1012312288YRBI4HZHCE9,江东路（西施大街-大桥东路）,诸暨市,6,4,2025-03-04 02:30:15
1012312288YR3MBVY988X,东兴北路（江东路-福门路）,诸暨市,19,16,2025-03-04 02:30:15
1012312288YRBS7JO7FUP,望江二路（高湖路-江东路）,诸暨市,10,8,2025-03-04 02:30:15
1019SEVYY7X0W75,十里牌停车场,诸暨市,69,69,2025-03-04 02:30:14
1012312288YR61OZ7SOW1,浣纱中路（南屏路-西施大街）,诸暨市,14,4,2025-03-04 02:30:14
1012312288YRAV3T06ARL,滨江中路（望江三路-望江二路）,诸暨市,30,26,2025-03-04 02:30:14
1012312288YR7HFKE4HKX,西施大街（浣纱中路-人民中路）,诸暨市,28,16,2025-03-04 02:30:14
1012312288YR9LAB60FEP,苎萝东路（东兴路-东安路）,诸暨市,45,35,2025-03-04 02:30:14
1012312288YR57VMEIUBL,大桥东路（大桥东路9号-江东路）,诸暨市,34,32,2025-03-04 02:30:14
1012312268YD5WN09GPVL,八一横路（暨阳路-无名路）,诸暨市,46,20,2025-03-04 02:30:14
10124012093FZKG7Y8M4H,永昌南路（东一路-东二路）,诸暨市,63,47,2025-03-04 02:30:14
1012312288YRBEU44Q1VL,滨江中路（艮塔东路-望江三路）,诸暨市,25,10,2025-03-04 02:30:14
1012312288YR5RTTNITC1,艮塔东路（江东路-高湖路）,诸暨市,39,25,2025-03-04 02:30:14
1019PDPET4GWE81,市民公园北面停车场,诸暨市,14,8,2025-03-04 02:30:14
1012312288YRC518WKA2P,望江三路（江东路-滨江中路）,诸暨市,5,2,2025-03-04 02:30:14
1012312268YDHM7XGW3Y9,艮塔东路（滨江北路-江东路),诸暨市,33,18,2025-03-04 02:30:14
1019B4Y82CZPJ41,诸暨浣东中路停车场,诸暨市,37,32,2025-03-04 02:30:14
10124013095HHCMD4CC1T,艮塔东路（交通银行）,诸暨市,35,32,2025-03-04 02:30:14
1019QKKS3RWOFEP,人防大厦停车场,诸暨市,48,48,2025-03-04 02:30:14
1019JVX01UVMSCH,幸福家园停车场,诸暨市,72,10,2025-03-04 02:30:14
1012312288YRBZRTXR0G1,望江三路（高湖路-江东路）,诸暨市,15,13,2025-03-04 02:30:14
1012312288YR7CTTSNVNL,苎萝东路（环城东路-东兴路）,诸暨市,86,61,2025-03-04 02:30:14
1019PDAS7RIP7GH,市民公园东北面停车场,诸暨市,27,15,2025-03-04 02:30:14
1012312288YR53DTVACCH,滨江南路（西施大街-滨江支路）,诸暨市,33,29,2025-03-04 02:30:14
1012312288YR9ABOZHGCH,东二路（东旺路-东二环路）,诸暨市,47,18,2025-03-04 02:30:14
1012312288YR825E2P88X,苎萝东路（东二环路-东福路),诸暨市,115,90,2025-03-04 02:30:14
1012312288YR9D2CJ4741,东二路（东祥路-环城东路）,诸暨市,25,20,2025-03-04 02:30:14
1012312288YR8IX5J60OX,东旺路218弄（东旺路-融媒体中心）,诸暨市,29,18,2025-03-04 02:30:14
1012312298YXIV34CFDVL,东一路82弄（东二路123弄-东二路）,诸暨市,6,5,2025-03-04 02:30:14
1012312288YR6IWIX5X4X,苎萝东路（东二环路-东旺路）,诸暨市,18,14,2025-03-04 02:30:14
10124013095GY8GDKUBY9,艮塔东路（高湖路-暨东路）,诸暨市,16,14,2025-03-04 02:30:14
1012405079PB3TJY248W1,东三路（应山公园-东旺路）,诸暨市,44,43,2025-03-04 02:30:14
1012312288YR64NIVVNK1,浣纱中路（西施大街-大桥东路）,诸暨市,23,17,2025-03-04 02:30:14
1012312288YR89HS7SKXT,东旺路（东旺路150弄-东二路）,诸暨市,18,4,2025-03-04 02:30:14
1012312288YR6C3V37475,体育路（体育路-大桥东路）,诸暨市,8,6,2025-03-04 02:30:14
10124013095H4QPBO8UF5,东兴路50弄,诸暨市,7,7,2025-03-04 02:30:14
1012312288YRAJXAP73SX,滨江中路（望江二路-大桥东路）,诸暨市,45,33,2025-03-04 02:30:14
1012312298YXGS3Y2CBNL,东旺路188弄（东旺路-东二环路）,诸暨市,10,6,2025-03-04 02:30:14
1012312288YR8GIC67LS1,东旺路218弄(东旺路206弄-融媒体中心）,诸暨市,22,17,2025-03-04 02:30:14
1012312288YR79Z86T0XT,暨东路70弄（东一路-东旺路218弄）,诸暨市,32,22,2025-03-04 02:30:14
1012312288YR7K67XR8CH,望江一路（浣东北路-江东路）,诸暨市,14,12,2025-03-04 02:30:14
1012312288YR68DOZJDVL,体育路（体育路二弄-红旗路）,诸暨市,12,8,2025-03-04 02:30:14
1012312288YR7YF7Z1HXD,高湖路（望江二路-望江一路）,诸暨市,18,9,2025-03-04 02:30:14
1012312288YR9376YUBK1,东旺路（东旺路150弄-苎萝东路）,诸暨市,18,17,2025-03-04 02:30:14
1012312288YR5UKH75K3L,艮塔东路（东二路-东一路),诸暨市,101,78,2025-03-04 02:30:14
1012312288YRADOD6CUM9,南兴路（南庠路-人民南路）,诸暨市,25,25,2025-03-04 02:30:14
1012312288YR7N8PO2AYP,东一路68弄（东二路-东一路）,诸暨市,46,36,2025-03-04 02:30:14
1012312288YR5B22720W1,大桥东路（江东路-五角广场）,诸暨市,58,45,2025-03-04 02:30:14
1012312288YRC2EJF5N9D,望江三路（浣东北路-高湖路）,诸暨市,11,5,2025-03-04 02:30:14
1012312298YXHTPH9LYPT,东二路123弄（东旺路188弄-东二路）,诸暨市,61,43,2025-03-04 02:30:14
1012312288YR751NEO35T,东祥路（东二路-苎萝东路）,诸暨市,38,29,2025-03-04 02:30:14
1012312288YR6EYGP1YWX,万风新世界（暨阳路-上庄路）,诸暨市,20,12,2025-03-04 02:30:14
1012312288YR8ZSV1UX35,东旺路150弄（东二环路-东旺路）,诸暨市,88,57,2025-03-04 02:30:14
1012312288YRAXUGJT1J5,浣纱北路（大桥路-艮塔路）,诸暨市,59,22,2025-03-04 02:30:14
1012405049OQ8ZNVP3U2P,苎萝东路（东二环路-东旺路）1,诸暨市,29,23,2025-03-04 02:30:13
1012312288YRB62F6P9TT,浣纱南路（南兴路-南屏路）,诸暨市,60,36,2025-03-04 02:30:13
1012312288YRBP13VO9A9,江东路（望江二路-望江三路）,诸暨市,13,5,2025-03-04 02:30:13
1012312288YR9PO5N0TFL,苎萝东路（环城东路-东旺路）,诸暨市,54,50,2025-03-04 02:30:13
1012312288YR5F42HE329,红旗路（人民中路-浣纱中路）,诸暨市,16,6,2025-03-04 02:30:13
1012401199375YC6OSJ5T,东三路（东二环路-东旺路）,诸暨市,121,67,2025-03-04 02:30:13
1012312288YR9VX35V2M9,苎萝东路（环城东路-东祥路）,诸暨市,17,10,2025-03-04 02:30:13
1012312288YR8VUSTQYV5,东旺路182弄(康华大厦-东旺路),诸暨市,19,10,2025-03-04 02:30:13
1012312288YR5NVRFEV41,东安路(东二路-苎萝东路),诸暨市,6,4,2025-03-04 02:30:13
1019Q6UK2GUCAV5,市民公园地下停车场,诸暨市,227,165,2025-03-04 02:30:13
1012312288YR85VK6CYKH,和济路（东祥路-东旺路）,诸暨市,90,88,2025-03-04 02:30:13
1019S5R3X1SOHS1,一百淘宝城停车场,诸暨市,105,40,2025-03-04 02:30:13
1012312288YR9HG704L4X,苎萝东路（东福路-东三环路）,诸暨市,107,107,2025-03-04 02:30:13
1012312288YR5XYT44YKH,艮塔东路（苎萝东路-东二路）,诸暨市,142,99,2025-03-04 02:20:14
1012312288YR6SFUARGU9,东祥路19弄（东祥路-环城东路）,诸暨市,12,6,2025-03-04 02:20:14
1012312288YR3EFRI1BSX,滨江南路（滨江支路-浣东中路）,诸暨市,64,55,2025-03-04 02:20:14
1012312288YR6C3V37475,体育路（体育路-大桥东路）,诸暨市,8,6,2025-03-04 02:20:14
1012312288YR7V8S6IBCX,东一路88弄（东一路82弄-东一路）,诸暨市,27,20,2025-03-04 02:20:14
1012312298YXIJSNZ82YP,东二路129弄（东一路88弄-东二路123弄）,诸暨市,10,10,2025-03-04 02:20:14
1012312288YR9LAB60FEP,苎萝东路（东兴路-东安路）,诸暨市,45,35,2025-03-04 02:20:14
1012312288YR3IHRSDDZ5,滨江南路（大桥东路-西施大街）,诸暨市,13,10,2025-03-04 02:20:14
1012312288YRB24CYLBLT,浣纱南路（苎萝路-南兴路）,诸暨市,19,15,2025-03-04 02:20:14
1012312288YRBLMRYOUTD,江东路（望江一路-望江二路）,诸暨市,18,11,2025-03-04 02:20:14
1012312288YR5B22720W1,大桥东路（江东路-五角广场）,诸暨市,58,45,2025-03-04 02:20:14
1012312288YR61OZ7SOW1,浣纱中路（南屏路-西施大街）,诸暨市,14,4,2025-03-04 02:20:14
1012312288YR89HS7SKXT,东旺路（东旺路150弄-东二路）,诸暨市,18,4,2025-03-04 02:20:14
1012312268YDHM7XGW3Y9,艮塔东路（滨江北路-江东路),诸暨市,33,18,2025-03-04 02:20:14
1012312288YRBI4HZHCE9,江东路（西施大街-大桥东路）,诸暨市,6,4,2025-03-04 02:20:14
1012312288YRC2EJF5N9D,望江三路（浣东北路-高湖路）,诸暨市,11,5,2025-03-04 02:20:14
1012312288YRAV3T06ARL,滨江中路（望江三路-望江二路）,诸暨市,30,26,2025-03-04 02:20:14
1012312288YR5UKH75K3L,艮塔东路（东二路-东一路),诸暨市,101,78,2025-03-04 02:20:14
1019REU2R6D37Y9,城东公园地下停车场,诸暨市,601,336,2025-03-04 02:20:14
1019B4Y82CZPJ41,诸暨浣东中路停车场,诸暨市,37,32,2025-03-04 02:20:14
1019JVX01UVMSCH,幸福家园停车场,诸暨市,72,10,2025-03-04 02:20:14
1012405079PB3TJY248W1,东三路（应山公园-东旺路）,诸暨市,44,43,2025-03-04 02:20:14
1012312288YR68DOZJDVL,体育路（体育路二弄-红旗路）,诸暨市,12,8,2025-03-04 02:20:14
1019N4FJ7J6DUYP,篮球场停车场,诸暨市,182,37,2025-03-04 02:20:14
1019PDPET4GWE81,市民公园北面停车场,诸暨市,14,8,2025-03-04 02:20:14
1012312288YR3MBVY988X,东兴北路（江东路-福门路）,诸暨市,19,16,2025-03-04 02:20:14
1012312288YR57VMEIUBL,大桥东路（大桥东路9号-江东路）,诸暨市,34,32,2025-03-04 02:20:14
1012312288YRBS7JO7FUP,望江二路（高湖路-江东路）,诸暨市,10,8,2025-03-04 02:20:14
1012312288YRBWX8BW5Q9,望江二路（浣东北路-高湖路）,诸暨市,5,4,2025-03-04 02:20:14
1012312288YR9D2CJ4741,东二路（东祥路-环城东路）,诸暨市,25,20,2025-03-04 02:20:14
1012312298YXIV34CFDVL,东一路82弄（东二路123弄-东二路）,诸暨市,6,5,2025-03-04 02:20:14
1012312288YR6EYGP1YWX,万风新世界（暨阳路-上庄路）,诸暨市,20,12,2025-03-04 02:20:14
1019PRTQD59LIWX,永乐路停车场,诸暨市,91,55,2025-03-04 02:20:14
1019MAR69WRHHXD,西子公寓停车场,诸暨市,91,81,2025-03-04 02:20:14
1012312288YRBA0HET81T,江东路（大桥东路-望江一路）,诸暨市,10,3,2025-03-04 02:20:14
1012312288YR5JPT2UOZL,东兴路（苎萝东路-东二路）,诸暨市,62,48,2025-03-04 02:20:14
1019S5R3X1SOHS1,一百淘宝城停车场,诸暨市,105,40,2025-03-04 02:20:13
10124013095H4QPBO8UF5,东兴路50弄,诸暨市,7,7,2025-03-04 02:20:13
1012312288YR5F42HE329,红旗路（人民中路-浣纱中路）,诸暨市,16,6,2025-03-04 02:20:13
1012312288YR825E2P88X,苎萝东路（东二环路-东福路),诸暨市,115,92,2025-03-04 02:20:13
1012312288YR7N8PO2AYP,东一路68弄（东二路-东一路）,诸暨市,46,35,2025-03-04 02:20:13
1012312288YRBZRTXR0G1,望江三路（高湖路-江东路）,诸暨市,15,13,2025-03-04 02:20:13
1012312298YXHTPH9LYPT,东二路123弄（东旺路188弄-东二路）,诸暨市,61,43,2025-03-04 02:20:13
1012312288YR7YF7Z1HXD,高湖路（望江二路-望江一路）,诸暨市,18,9,2025-03-04 02:20:13
1012405049OQ8ZNVP3U2P,苎萝东路（东二环路-东旺路）1,诸暨市,29,23,2025-03-04 02:20:13
10124013095HHCMD4CC1T,艮塔东路（交通银行）,诸暨市,35,32,2025-03-04 02:20:13
10124012093FZKG7Y8M4H,永昌南路（东一路-东二路）,诸暨市,63,47,2025-03-04 02:20:13
1019QKKS3RWOFEP,人防大厦停车场,诸暨市,48,48,2025-03-04 02:20:13
1012312288YR9376YUBK1,东旺路（东旺路150弄-苎萝东路）,诸暨市,18,17,2025-03-04 02:20:13
1012312288YRAJXAP73SX,滨江中路（望江二路-大桥东路）,诸暨市,45,33,2025-03-04 02:20:13
1012312288YR7K67XR8CH,望江一路（浣东北路-江东路）,诸暨市,14,12,2025-03-04 02:20:13
1012312288YR5NVRFEV41,东安路(东二路-苎萝东路),诸暨市,6,4,2025-03-04 02:20:13
1012312288YRAXUGJT1J5,浣纱北路（大桥路-艮塔路）,诸暨市,59,22,2025-03-04 02:20:13
1019PDAS7RIP7GH,市民公园东北面停车场,诸暨市,27,15,2025-03-04 02:20:13
1012312288YR751NEO35T,东祥路（东二路-苎萝东路）,诸暨市,38,30,2025-03-04 02:20:13
1012312288YRC518WKA2P,望江三路（江东路-滨江中路）,诸暨市,5,2,2025-03-04 02:20:13
1012312288YR9PO5N0TFL,苎萝东路（环城东路-东旺路）,诸暨市,54,50,2025-03-04 02:20:13
1012312288YR9ABOZHGCH,东二路（东旺路-东二环路）,诸暨市,47,18,2025-03-04 02:20:13
1012312288YR7CTTSNVNL,苎萝东路（环城东路-东兴路）,诸暨市,86,60,2025-03-04 02:20:13
1012312288YRBP13VO9A9,江东路（望江二路-望江三路）,诸暨市,13,6,2025-03-04 02:20:13
1012312298YXGS3Y2CBNL,东旺路188弄（东旺路-东二环路）,诸暨市,10,6,2025-03-04 02:20:13
1012312288YR9HG704L4X,苎萝东路（东福路-东三环路）,诸暨市,107,107,2025-03-04 02:20:13
1012312288YR8ZSV1UX35,东旺路150弄（东二环路-东旺路）,诸暨市,88,57,2025-03-04 02:20:13
1012312288YR85VK6CYKH,和济路（东祥路-东旺路）,诸暨市,90,88,2025-03-04 02:20:13
1012312288YR5RTTNITC1,艮塔东路（江东路-高湖路）,诸暨市,39,26,2025-03-04 02:20:13
1012401199375YC6OSJ5T,东三路（东二环路-东旺路）,诸暨市,121,67,2025-03-04 02:20:13
10124013095GY8GDKUBY9,艮塔东路（高湖路-暨东路）,诸暨市,16,14,2025-03-04 02:20:13
1012312288YR8IX5J60OX,东旺路218弄（东旺路-融媒体中心）,诸暨市,29,18,2025-03-04 02:20:13
1012312288YR8GIC67LS1,东旺路218弄(东旺路206弄-融媒体中心）,诸暨市,22,17,2025-03-04 02:20:13
1012312268YD5WN09GPVL,八一横路（暨阳路-无名路）,诸暨市,46,20,2025-03-04 02:20:13
1012312288YR64NIVVNK1,浣纱中路（西施大街-大桥东路）,诸暨市,23,17,2025-03-04 02:20:13
1012312288YR53DTVACCH,滨江南路（西施大街-滨江支路）,诸暨市,33,29,2025-03-04 02:20:13
1012312288YRB62F6P9TT,浣纱南路（南兴路-南屏路）,诸暨市,60,36,2025-03-04 02:20:13
1012312288YR6IWIX5X4X,苎萝东路（东二环路-东旺路）,诸暨市,18,14,2025-03-04 02:20:13
1012312288YRADOD6CUM9,南兴路（南庠路-人民南路）,诸暨市,25,25,2025-03-04 02:20:13
1019Q6UK2GUCAV5,市民公园地下停车场,诸暨市,227,165,2025-03-04 02:20:13
1012312288YR8VUSTQYV5,东旺路182弄(康华大厦-东旺路),诸暨市,19,10,2025-03-04 02:20:13
1012312288YR9VX35V2M9,苎萝东路（环城东路-东祥路）,诸暨市,17,10,2025-03-04 02:20:13
1019SEVYY7X0W75,十里牌停车场,诸暨市,69,69,2025-03-04 02:20:13
1012312288YR79Z86T0XT,暨东路70弄（东一路-东旺路218弄）,诸暨市,32,22,2025-03-04 02:20:13
1012312288YR7HFKE4HKX,西施大街（浣纱中路-人民中路）,诸暨市,28,16,2025-03-04 02:20:13
1012312288YRBEU44Q1VL,滨江中路（艮塔东路-望江三路）,诸暨市,25,10,2025-03-04 02:20:13
1012312288YR3EFRI1BSX,滨江南路（滨江支路-浣东中路）,诸暨市,64,55,2025-03-04 02:10:15
1012312288YR5JPT2UOZL,东兴路（苎萝东路-东二路）,诸暨市,62,47,2025-03-04 02:10:15
1012312288YRBS7JO7FUP,望江二路（高湖路-江东路）,诸暨市,10,8,2025-03-04 02:10:15
1019REU2R6D37Y9,城东公园地下停车场,诸暨市,601,336,2025-03-04 02:10:15
1012312288YRBWX8BW5Q9,望江二路（浣东北路-高湖路）,诸暨市,5,3,2025-03-04 02:10:15
1012312288YR3MBVY988X,东兴北路（江东路-福门路）,诸暨市,19,16,2025-03-04 02:10:15
1019N4FJ7J6DUYP,篮球场停车场,诸暨市,182,37,2025-03-04 02:10:15
1012312288YR5XYT44YKH,艮塔东路（苎萝东路-东二路）,诸暨市,142,100,2025-03-04 02:10:15
1012312288YR3IHRSDDZ5,滨江南路（大桥东路-西施大街）,诸暨市,13,10,2025-03-04 02:10:15
1012312298YXIJSNZ82YP,东二路129弄（东一路88弄-东二路123弄）,诸暨市,10,10,2025-03-04 02:10:15
1012312288YRBA0HET81T,江东路（大桥东路-望江一路）,诸暨市,10,3,2025-03-04 02:10:15
1012312288YRB24CYLBLT,浣纱南路（苎萝路-南兴路）,诸暨市,19,15,2025-03-04 02:10:15
1012312288YRBEU44Q1VL,滨江中路（艮塔东路-望江三路）,诸暨市,25,10,2025-03-04 02:10:14
1012312288YR5B22720W1,大桥东路（江东路-五角广场）,诸暨市,58,46,2025-03-04 02:10:14
1012312288YR68DOZJDVL,体育路（体育路二弄-红旗路）,诸暨市,12,8,2025-03-04 02:10:14
1019MAR69WRHHXD,西子公寓停车场,诸暨市,91,81,2025-03-04 02:10:14
10124013095H4QPBO8UF5,东兴路50弄,诸暨市,7,7,2025-03-04 02:10:14
1012312288YR8ZSV1UX35,东旺路150弄（东二环路-东旺路）,诸暨市,88,57,2025-03-04 02:10:14
1012312288YR6IWIX5X4X,苎萝东路（东二环路-东旺路）,诸暨市,18,15,2025-03-04 02:10:14
1012312268YD5WN09GPVL,八一横路（暨阳路-无名路）,诸暨市,46,20,2025-03-04 02:10:14
1019PDAS7RIP7GH,市民公园东北面停车场,诸暨市,27,15,2025-03-04 02:10:14
1012312288YR6C3V37475,体育路（体育路-大桥东路）,诸暨市,8,6,2025-03-04 02:10:14
1012405079PB3TJY248W1,东三路（应山公园-东旺路）,诸暨市,44,43,2025-03-04 02:10:14
1019PDPET4GWE81,市民公园北面停车场,诸暨市,14,8,2025-03-04 02:10:14
1012312288YR8GIC67LS1,东旺路218弄(东旺路206弄-融媒体中心）,诸暨市,22,17,2025-03-04 02:10:14
1012312288YRC2EJF5N9D,望江三路（浣东北路-高湖路）,诸暨市,11,5,2025-03-04 02:10:14
1019PRTQD59LIWX,永乐路停车场,诸暨市,91,55,2025-03-04 02:10:14
1012312298YXGS3Y2CBNL,东旺路188弄（东旺路-东二环路）,诸暨市,10,6,2025-03-04 02:10:14
1012312288YRADOD6CUM9,南兴路（南庠路-人民南路）,诸暨市,25,25,2025-03-04 02:10:14
1012312288YR57VMEIUBL,大桥东路（大桥东路9号-江东路）,诸暨市,34,32,2025-03-04 02:10:14
1019JVX01UVMSCH,幸福家园停车场,诸暨市,72,10,2025-03-04 02:10:14
1012312288YRBLMRYOUTD,江东路（望江一路-望江二路）,诸暨市,18,11,2025-03-04 02:10:14
1012312288YRBZRTXR0G1,望江三路（高湖路-江东路）,诸暨市,15,13,2025-03-04 02:10:14
1012312288YR53DTVACCH,滨江南路（西施大街-滨江支路）,诸暨市,33,29,2025-03-04 02:10:14
1012312288YRAJXAP73SX,滨江中路（望江二路-大桥东路）,诸暨市,45,33,2025-03-04 02:10:14
1012312288YR61OZ7SOW1,浣纱中路（南屏路-西施大街）,诸暨市,14,4,2025-03-04 02:10:14
1012312288YRAV3T06ARL,滨江中路（望江三路-望江二路）,诸暨市,30,26,2025-03-04 02:10:14
1012312288YR6SFUARGU9,东祥路19弄（东祥路-环城东路）,诸暨市,12,6,2025-03-04 02:10:14
1012312288YRBI4HZHCE9,江东路（西施大街-大桥东路）,诸暨市,6,4,2025-03-04 02:10:14
10124013095HHCMD4CC1T,艮塔东路（交通银行）,诸暨市,35,32,2025-03-04 02:10:14
1012312288YRAXUGJT1J5,浣纱北路（大桥路-艮塔路）,诸暨市,59,22,2025-03-04 02:10:14
1019B4Y82CZPJ41,诸暨浣东中路停车场,诸暨市,37,32,2025-03-04 02:10:14
1012312288YR9LAB60FEP,苎萝东路（东兴路-东安路）,诸暨市,45,36,2025-03-04 02:10:14
1012312288YR9D2CJ4741,东二路（东祥路-环城东路）,诸暨市,25,20,2025-03-04 02:10:14
1012312288YR5UKH75K3L,艮塔东路（东二路-东一路),诸暨市,101,78,2025-03-04 02:10:14
1012312288YR6EYGP1YWX,万风新世界（暨阳路-上庄路）,诸暨市,20,12,2025-03-04 02:10:14
1012312268YDHM7XGW3Y9,艮塔东路（滨江北路-江东路),诸暨市,33,17,2025-03-04 02:10:14
1012312288YR8IX5J60OX,东旺路218弄（东旺路-融媒体中心）,诸暨市,29,18,2025-03-04 02:10:14
1012312288YR9ABOZHGCH,东二路（东旺路-东二环路）,诸暨市,47,18,2025-03-04 02:10:14
1012312288YR89HS7SKXT,东旺路（东旺路150弄-东二路）,诸暨市,18,3,2025-03-04 02:10:14
1012312298YXIV34CFDVL,东一路82弄（东二路123弄-东二路）,诸暨市,6,5,2025-03-04 02:10:14
1012312288YR7V8S6IBCX,东一路88弄（东一路82弄-东一路）,诸暨市,27,20,2025-03-04 02:10:14
1012312288YR9376YUBK1,东旺路（东旺路150弄-苎萝东路）,诸暨市,18,16,2025-03-04 02:10:14
1019SEVYY7X0W75,十里牌停车场,诸暨市,69,69,2025-03-04 02:10:14
1012312288YRC518WKA2P,望江三路（江东路-滨江中路）,诸暨市,5,2,2025-03-04 02:10:14
1012312288YR7HFKE4HKX,西施大街（浣纱中路-人民中路）,诸暨市,28,17,2025-03-04 02:10:14
1012312288YR7CTTSNVNL,苎萝东路（环城东路-东兴路）,诸暨市,86,60,2025-03-04 02:10:14
1012312288YR5RTTNITC1,艮塔东路（江东路-高湖路）,诸暨市,39,26,2025-03-04 02:10:13
1012312288YR7N8PO2AYP,东一路68弄（东二路-东一路）,诸暨市,46,35,2025-03-04 02:10:13
10124012093FZKG7Y8M4H,永昌南路（东一路-东二路）,诸暨市,63,47,2025-03-04 02:10:13
10124013095GY8GDKUBY9,艮塔东路（高湖路-暨东路）,诸暨市,16,14,2025-03-04 02:10:13
1012405049OQ8ZNVP3U2P,苎萝东路（东二环路-东旺路）1,诸暨市,29,23,2025-03-04 02:10:13
1012312298YXHTPH9LYPT,东二路123弄（东旺路188弄-东二路）,诸暨市,61,42,2025-03-04 02:10:13
1012312288YR9PO5N0TFL,苎萝东路（环城东路-东旺路）,诸暨市,54,50,2025-03-04 02:10:13
1012312288YR9HG704L4X,苎萝东路（东福路-东三环路）,诸暨市,107,107,2025-03-04 02:10:13
1012312288YR85VK6CYKH,和济路（东祥路-东旺路）,诸暨市,90,88,2025-03-04 02:10:13
1019QKKS3RWOFEP,人防大厦停车场,诸暨市,48,48,2025-03-04 02:10:13
1012312288YR79Z86T0XT,暨东路70弄（东一路-东旺路218弄）,诸暨市,32,22,2025-03-04 02:10:13
1012401199375YC6OSJ5T,东三路（东二环路-东旺路）,诸暨市,121,66,2025-03-04 02:10:13
1012312288YR751NEO35T,东祥路（东二路-苎萝东路）,诸暨市,38,29,2025-03-04 02:10:13
1012312288YR5F42HE329,红旗路（人民中路-浣纱中路）,诸暨市,16,6,2025-03-04 02:10:13
1012312288YR5NVRFEV41,东安路(东二路-苎萝东路),诸暨市,6,4,2025-03-04 02:10:13
1012312288YR64NIVVNK1,浣纱中路（西施大街-大桥东路）,诸暨市,23,17,2025-03-04 02:10:13
1012312288YR9VX35V2M9,苎萝东路（环城东路-东祥路）,诸暨市,17,10,2025-03-04 02:10:13
1012312288YR7K67XR8CH,望江一路（浣东北路-江东路）,诸暨市,14,12,2025-03-04 02:10:13
1019S5R3X1SOHS1,一百淘宝城停车场,诸暨市,105,40,2025-03-04 02:10:13
1019Q6UK2GUCAV5,市民公园地下停车场,诸暨市,227,165,2025-03-04 02:10:13
1012312288YR8VUSTQYV5,东旺路182弄(康华大厦-东旺路),诸暨市,19,10,2025-03-04 02:10:13
1012312288YRB62F6P9TT,浣纱南路（南兴路-南屏路）,诸暨市,60,36,2025-03-04 02:10:13
1012312288YR825E2P88X,苎萝东路（东二环路-东福路),诸暨市,115,90,2025-03-04 02:10:13
1012312288YR7YF7Z1HXD,高湖路（望江二路-望江一路）,诸暨市,18,9,2025-03-04 02:10:13
1012312288YRBP13VO9A9,江东路（望江二路-望江三路）,诸暨市,13,6,2025-03-04 02:10:13
1019PRTQD59LIWX,永乐路停车场,诸暨市,91,55,2025-03-04 02:00:15
1012312288YR61OZ7SOW1,浣纱中路（南屏路-西施大街）,诸暨市,14,4,2025-03-04 02:00:15
1012312288YRBWX8BW5Q9,望江二路（浣东北路-高湖路）,诸暨市,5,3,2025-03-04 02:00:15
1012312288YR5XYT44YKH,艮塔东路（苎萝东路-东二路）,诸暨市,142,103,2025-03-04 02:00:15
1012312288YRC2EJF5N9D,望江三路（浣东北路-高湖路）,诸暨市,11,5,2025-03-04 02:00:15
1012312288YR6C3V37475,体育路（体育路-大桥东路）,诸暨市,8,6,2025-03-04 02:00:15
1012312288YR6EYGP1YWX,万风新世界（暨阳路-上庄路）,诸暨市,20,12,2025-03-04 02:00:15
1012312288YR3IHRSDDZ5,滨江南路（大桥东路-西施大街）,诸暨市,13,10,2025-03-04 02:00:15
1012312288YRBLMRYOUTD,江东路（望江一路-望江二路）,诸暨市,18,11,2025-03-04 02:00:15
1012312288YRBS7JO7FUP,望江二路（高湖路-江东路）,诸暨市,10,8,2025-03-04 02:00:15
1019JVX01UVMSCH,幸福家园停车场,诸暨市,72,10,2025-03-04 02:00:15
1012312268YDHM7XGW3Y9,艮塔东路（滨江北路-江东路),诸暨市,33,19,2025-03-04 02:00:15
1012312288YR9D2CJ4741,东二路（东祥路-环城东路）,诸暨市,25,20,2025-03-04 02:00:15
1012312288YR5UKH75K3L,艮塔东路（东二路-东一路),诸暨市,101,78,2025-03-04 02:00:15
1019REU2R6D37Y9,城东公园地下停车场,诸暨市,601,336,2025-03-04 02:00:15
1012312288YRBI4HZHCE9,江东路（西施大街-大桥东路）,诸暨市,6,4,2025-03-04 02:00:15
1019N4FJ7J6DUYP,篮球场停车场,诸暨市,182,37,2025-03-04 02:00:15
1012312298YXIV34CFDVL,东一路82弄（东二路123弄-东二路）,诸暨市,6,5,2025-03-04 02:00:15
1012312288YR68DOZJDVL,体育路（体育路二弄-红旗路）,诸暨市,12,8,2025-03-04 02:00:15
1019PDPET4GWE81,市民公园北面停车场,诸暨市,14,8,2025-03-04 02:00:15
1019B4Y82CZPJ41,诸暨浣东中路停车场,诸暨市,37,32,2025-03-04 02:00:15
1012312288YR7V8S6IBCX,东一路88弄（东一路82弄-东一路）,诸暨市,27,20,2025-03-04 02:00:15
1012405079PB3TJY248W1,东三路（应山公园-东旺路）,诸暨市,44,43,2025-03-04 02:00:15
1012312288YR9LAB60FEP,苎萝东路（东兴路-东安路）,诸暨市,45,36,2025-03-04 02:00:15
1019MAR69WRHHXD,西子公寓停车场,诸暨市,91,81,2025-03-04 02:00:15
1012312288YR3MBVY988X,东兴北路（江东路-福门路）,诸暨市,19,15,2025-03-04 02:00:15
1012312288YR89HS7SKXT,东旺路（东旺路150弄-东二路）,诸暨市,18,3,2025-03-04 02:00:15
1012312288YRBA0HET81T,江东路（大桥东路-望江一路）,诸暨市,10,3,2025-03-04 02:00:15
1012312288YR5JPT2UOZL,东兴路（苎萝东路-东二路）,诸暨市,62,47,2025-03-04 02:00:15
1012312288YR3EFRI1BSX,滨江南路（滨江支路-浣东中路）,诸暨市,64,55,2025-03-04 02:00:15
1012312298YXIJSNZ82YP,东二路129弄（东一路88弄-东二路123弄）,诸暨市,10,10,2025-03-04 02:00:15
1012312288YRB24CYLBLT,浣纱南路（苎萝路-南兴路）,诸暨市,19,15,2025-03-04 02:00:15
1012312288YR6SFUARGU9,东祥路19弄（东祥路-环城东路）,诸暨市,12,6,2025-03-04 02:00:15
1012312288YR5NVRFEV41,东安路(东二路-苎萝东路),诸暨市,6,4,2025-03-04 02:00:14
1012312288YR7CTTSNVNL,苎萝东路（环城东路-东兴路）,诸暨市,86,61,2025-03-04 02:00:14
1012312288YRBP13VO9A9,江东路（望江二路-望江三路）,诸暨市,13,6,2025-03-04 02:00:14
1012312288YR9PO5N0TFL,苎萝东路（环城东路-东旺路）,诸暨市,54,50,2025-03-04 02:00:14
1012312288YR53DTVACCH,滨江南路（西施大街-滨江支路）,诸暨市,33,29,2025-03-04 02:00:14
1012312288YR7YF7Z1HXD,高湖路（望江二路-望江一路）,诸暨市,18,9,2025-03-04 02:00:14
1012312288YR751NEO35T,东祥路（东二路-苎萝东路）,诸暨市,38,29,2025-03-04 02:00:14
1012312288YRB62F6P9TT,浣纱南路（南兴路-南屏路）,诸暨市,60,36,2025-03-04 02:00:14
1012312288YRC518WKA2P,望江三路（江东路-滨江中路）,诸暨市,5,2,2025-03-04 02:00:14
1012312288YR9ABOZHGCH,东二路（东旺路-东二环路）,诸暨市,47,18,2025-03-04 02:00:14
1019PDAS7RIP7GH,市民公园东北面停车场,诸暨市,27,15,2025-03-04 02:00:14
1012312298YXGS3Y2CBNL,东旺路188弄（东旺路-东二环路）,诸暨市,10,6,2025-03-04 02:00:14
1012312288YR9376YUBK1,东旺路（东旺路150弄-苎萝东路）,诸暨市,18,16,2025-03-04 02:00:14
1012312288YR825E2P88X,苎萝东路（东二环路-东福路),诸暨市,115,90,2025-03-04 02:00:14
1012312288YR7N8PO2AYP,东一路68弄（东二路-东一路）,诸暨市,46,35,2025-03-04 02:00:14
1012401199375YC6OSJ5T,东三路（东二环路-东旺路）,诸暨市,121,66,2025-03-04 02:00:14
1019QKKS3RWOFEP,人防大厦停车场,诸暨市,48,48,2025-03-04 02:00:14
1019SEVYY7X0W75,十里牌停车场,诸暨市,69,69,2025-03-04 02:00:14
1012312288YRBEU44Q1VL,滨江中路（艮塔东路-望江三路）,诸暨市,25,10,2025-03-04 02:00:14
1012312288YRADOD6CUM9,南兴路（南庠路-人民南路）,诸暨市,25,25,2025-03-04 02:00:14
1012312288YR8IX5J60OX,东旺路218弄（东旺路-融媒体中心）,诸暨市,29,18,2025-03-04 02:00:14
1012405049OQ8ZNVP3U2P,苎萝东路（东二环路-东旺路）1,诸暨市,29,23,2025-03-04 02:00:14
1012312288YRBZRTXR0G1,望江三路（高湖路-江东路）,诸暨市,15,12,2025-03-04 02:00:14
1019Q6UK2GUCAV5,市民公园地下停车场,诸暨市,227,165,2025-03-04 02:00:14
10124013095H4QPBO8UF5,东兴路50弄,诸暨市,7,7,2025-03-04 02:00:14
1012312288YRAJXAP73SX,滨江中路（望江二路-大桥东路）,诸暨市,45,33,2025-03-04 02:00:14
1012312288YR8ZSV1UX35,东旺路150弄（东二环路-东旺路）,诸暨市,88,57,2025-03-04 02:00:14
1012312288YRAXUGJT1J5,浣纱北路（大桥路-艮塔路）,诸暨市,59,22,2025-03-04 02:00:14
1012312288YR5F42HE329,红旗路（人民中路-浣纱中路）,诸暨市,16,6,2025-03-04 02:00:14
10124013095HHCMD4CC1T,艮塔东路（交通银行）,诸暨市,35,32,2025-03-04 02:00:14
1012312288YR9HG704L4X,苎萝东路（东福路-东三环路）,诸暨市,107,107,2025-03-04 02:00:14
10124012093FZKG7Y8M4H,永昌南路（东一路-东二路）,诸暨市,63,47,2025-03-04 02:00:14
1012312288YR8GIC67LS1,东旺路218弄(东旺路206弄-融媒体中心）,诸暨市,22,17,2025-03-04 02:00:14
1012312288YR85VK6CYKH,和济路（东祥路-东旺路）,诸暨市,90,88,2025-03-04 02:00:14
1012312288YR7HFKE4HKX,西施大街（浣纱中路-人民中路）,诸暨市,28,17,2025-03-04 02:00:14
1012312288YRAV3T06ARL,滨江中路（望江三路-望江二路）,诸暨市,30,26,2025-03-04 02:00:14
1019S5R3X1SOHS1,一百淘宝城停车场,诸暨市,105,40,2025-03-04 02:00:14
10124013095GY8GDKUBY9,艮塔东路（高湖路-暨东路）,诸暨市,16,13,2025-03-04 02:00:14
1012312268YD5WN09GPVL,八一横路（暨阳路-无名路）,诸暨市,46,20,2025-03-04 02:00:14
1012312288YR8VUSTQYV5,东旺路182弄(康华大厦-东旺路),诸暨市,19,10,2025-03-04 02:00:14
1012312288YR57VMEIUBL,大桥东路（大桥东路9号-江东路）,诸暨市,34,32,2025-03-04 02:00:14
1012312288YR9VX35V2M9,苎萝东路（环城东路-东祥路）,诸暨市,17,10,2025-03-04 02:00:14
1012312288YR5RTTNITC1,艮塔东路（江东路-高湖路）,诸暨市,39,26,2025-03-04 02:00:14
1012312288YR6IWIX5X4X,苎萝东路（东二环路-东旺路）,诸暨市,18,15,2025-03-04 02:00:14
1012312288YR64NIVVNK1,浣纱中路（西施大街-大桥东路）,诸暨市,23,17,2025-03-04 02:00:14
1012312288YR79Z86T0XT,暨东路70弄（东一路-东旺路218弄）,诸暨市,32,22,2025-03-04 02:00:14
1012312288YR5B22720W1,大桥东路（江东路-五角广场）,诸暨市,58,45,2025-03-04 02:00:14
1012312298YXHTPH9LYPT,东二路123弄（东旺路188弄-东二路）,诸暨市,61,41,2025-03-04 02:00:14
1012312288YR7K67XR8CH,望江一路（浣东北路-江东路）,诸暨市,14,12,2025-03-04 02:00:14
1012312288YRBS7JO7FUP,望江二路（高湖路-江东路）,诸暨市,10,8,2025-03-04 01:50:15
1019REU2R6D37Y9,城东公园地下停车场,诸暨市,601,336,2025-03-04 01:50:15
1012312288YR5XYT44YKH,艮塔东路（苎萝东路-东二路）,诸暨市,142,103,2025-03-04 01:50:15
1012312288YRBWX8BW5Q9,望江二路（浣东北路-高湖路）,诸暨市,5,3,2025-03-04 01:50:15
1012312288YR6SFUARGU9,东祥路19弄（东祥路-环城东路）,诸暨市,12,6,2025-03-04 01:50:15
1012312288YR5JPT2UOZL,东兴路（苎萝东路-东二路）,诸暨市,62,47,2025-03-04 01:50:15
1012312288YRBLMRYOUTD,江东路（望江一路-望江二路）,诸暨市,18,11,2025-03-04 01:50:15
1012312288YRBA0HET81T,江东路（大桥东路-望江一路）,诸暨市,10,3,2025-03-04 01:50:15
1012312288YR3EFRI1BSX,滨江南路（滨江支路-浣东中路）,诸暨市,64,55,2025-03-04 01:50:15
1019N4FJ7J6DUYP,篮球场停车场,诸暨市,182,37,2025-03-04 01:50:15
1012312288YRB24CYLBLT,浣纱南路（苎萝路-南兴路）,诸暨市,19,15,2025-03-04 01:50:15
1012312298YXIJSNZ82YP,东二路129弄（东一路88弄-东二路123弄）,诸暨市,10,10,2025-03-04 01:50:15
1012312288YR3IHRSDDZ5,滨江南路（大桥东路-西施大街）,诸暨市,13,10,2025-03-04 01:50:15
1019MAR69WRHHXD,西子公寓停车场,诸暨市,91,81,2025-03-04 01:50:15
1019PRTQD59LIWX,永乐路停车场,诸暨市,91,55,2025-03-04 01:50:15
1012312288YR7V8S6IBCX,东一路88弄（东一路82弄-东一路）,诸暨市,27,20,2025-03-04 01:50:15
1012312288YR3MBVY988X,东兴北路（江东路-福门路）,诸暨市,19,15,2025-03-04 01:50:15
1012312288YR68DOZJDVL,体育路（体育路二弄-红旗路）,诸暨市,12,8,2025-03-04 01:50:14
1012312288YR5UKH75K3L,艮塔东路（东二路-东一路),诸暨市,101,79,2025-03-04 01:50:14
1012312288YR8IX5J60OX,东旺路218弄（东旺路-融媒体中心）,诸暨市,29,18,2025-03-04 01:50:14
1012312288YR61OZ7SOW1,浣纱中路（南屏路-西施大街）,诸暨市,14,4,2025-03-04 01:50:14
1019PDAS7RIP7GH,市民公园东北面停车场,诸暨市,27,15,2025-03-04 01:50:14
1012312288YR53DTVACCH,滨江南路（西施大街-滨江支路）,诸暨市,33,30,2025-03-04 01:50:14
1012312288YR6EYGP1YWX,万风新世界（暨阳路-上庄路）,诸暨市,20,13,2025-03-04 01:50:14
1012312298YXIV34CFDVL,东一路82弄（东二路123弄-东二路）,诸暨市,6,5,2025-03-04 01:50:14
1012312288YRBZRTXR0G1,望江三路（高湖路-江东路）,诸暨市,15,12,2025-03-04 01:50:14
1012312288YRAXUGJT1J5,浣纱北路（大桥路-艮塔路）,诸暨市,59,22,2025-03-04 01:50:14
1012405079PB3TJY248W1,东三路（应山公园-东旺路）,诸暨市,44,43,2025-03-04 01:50:14
10124013095GY8GDKUBY9,艮塔东路（高湖路-暨东路）,诸暨市,16,13,2025-03-04 01:50:14
1012312288YR7K67XR8CH,望江一路（浣东北路-江东路）,诸暨市,14,12,2025-03-04 01:50:14
1012312298YXHTPH9LYPT,东二路123弄（东旺路188弄-东二路）,诸暨市,61,41,2025-03-04 01:50:14
1019PDPET4GWE81,市民公园北面停车场,诸暨市,14,8,2025-03-04 01:50:14
1012312288YR6C3V37475,体育路（体育路-大桥东路）,诸暨市,8,6,2025-03-04 01:50:14
1019SEVYY7X0W75,十里牌停车场,诸暨市,69,69,2025-03-04 01:50:14
1019JVX01UVMSCH,幸福家园停车场,诸暨市,72,10,2025-03-04 01:50:14
1012312288YR825E2P88X,苎萝东路（东二环路-东福路),诸暨市,115,89,2025-03-04 01:50:14
1012312288YR7N8PO2AYP,东一路68弄（东二路-东一路）,诸暨市,46,35,2025-03-04 01:50:14
1012312288YRAV3T06ARL,滨江中路（望江三路-望江二路）,诸暨市,30,26,2025-03-04 01:50:14
1012312288YR5B22720W1,大桥东路（江东路-五角广场）,诸暨市,58,44,2025-03-04 01:50:14
1012312288YR7HFKE4HKX,西施大街（浣纱中路-人民中路）,诸暨市,28,18,2025-03-04 01:50:14
10124013095H4QPBO8UF5,东兴路50弄,诸暨市,7,7,2025-03-04 01:50:14
1012312288YR7YF7Z1HXD,高湖路（望江二路-望江一路）,诸暨市,18,9,2025-03-04 01:50:14
1012312288YR8ZSV1UX35,东旺路150弄（东二环路-东旺路）,诸暨市,88,57,2025-03-04 01:50:14
10124013095HHCMD4CC1T,艮塔东路（交通银行）,诸暨市,35,32,2025-03-04 01:50:14
1012312288YR79Z86T0XT,暨东路70弄（东一路-东旺路218弄）,诸暨市,32,22,2025-03-04 01:50:14
1012312288YR7CTTSNVNL,苎萝东路（环城东路-东兴路）,诸暨市,86,61,2025-03-04 01:50:14
1012312268YDHM7XGW3Y9,艮塔东路（滨江北路-江东路),诸暨市,33,19,2025-03-04 01:50:14
1012312288YR9LAB60FEP,苎萝东路（东兴路-东安路）,诸暨市,45,36,2025-03-04 01:50:14
1012312288YRBI4HZHCE9,江东路（西施大街-大桥东路）,诸暨市,6,4,2025-03-04 01:50:14
1012312288YR9D2CJ4741,东二路（东祥路-环城东路）,诸暨市,25,20,2025-03-04 01:50:14
1012312288YR9376YUBK1,东旺路（东旺路150弄-苎萝东路）,诸暨市,18,16,2025-03-04 01:50:14
1012312288YR5RTTNITC1,艮塔东路（江东路-高湖路）,诸暨市,39,26,2025-03-04 01:50:14
1012312288YR89HS7SKXT,东旺路（东旺路150弄-东二路）,诸暨市,18,3,2025-03-04 01:50:14
1019B4Y82CZPJ41,诸暨浣东中路停车场,诸暨市,37,32,2025-03-04 01:50:14
1012312288YRAJXAP73SX,滨江中路（望江二路-大桥东路）,诸暨市,45,33,2025-03-04 01:50:14
1012312288YRADOD6CUM9,南兴路（南庠路-人民南路）,诸暨市,25,25,2025-03-04 01:50:14
1012312288YRC518WKA2P,望江三路（江东路-滨江中路）,诸暨市,5,2,2025-03-04 01:50:14
1012312298YXGS3Y2CBNL,东旺路188弄（东旺路-东二环路）,诸暨市,10,6,2025-03-04 01:50:14
1012312288YRC2EJF5N9D,望江三路（浣东北路-高湖路）,诸暨市,11,5,2025-03-04 01:50:14
1012312288YR751NEO35T,东祥路（东二路-苎萝东路）,诸暨市,38,27,2025-03-04 01:50:14
1012312288YR6IWIX5X4X,苎萝东路（东二环路-东旺路）,诸暨市,18,15,2025-03-04 01:50:14
1012312288YR8GIC67LS1,东旺路218弄(东旺路206弄-融媒体中心）,诸暨市,22,17,2025-03-04 01:50:14
1012312288YRBEU44Q1VL,滨江中路（艮塔东路-望江三路）,诸暨市,25,10,2025-03-04 01:50:14
1012312288YR9ABOZHGCH,东二路（东旺路-东二环路）,诸暨市,47,18,2025-03-04 01:50:14
1012312288YR64NIVVNK1,浣纱中路（西施大街-大桥东路）,诸暨市,23,16,2025-03-04 01:50:14
1012312288YR57VMEIUBL,大桥东路（大桥东路9号-江东路）,诸暨市,34,32,2025-03-04 01:50:14
1012312268YD5WN09GPVL,八一横路（暨阳路-无名路）,诸暨市,46,20,2025-03-04 01:50:14
1012312288YR9VX35V2M9,苎萝东路（环城东路-东祥路）,诸暨市,17,10,2025-03-04 01:50:13
1012312288YRBP13VO9A9,江东路（望江二路-望江三路）,诸暨市,13,6,2025-03-04 01:50:13
1012312288YR9HG704L4X,苎萝东路（东福路-东三环路）,诸暨市,107,107,2025-03-04 01:50:13
1012312288YR5F42HE329,红旗路（人民中路-浣纱中路）,诸暨市,16,6,2025-03-04 01:50:13
1012312288YR9PO5N0TFL,苎萝东路（环城东路-东旺路）,诸暨市,54,50,2025-03-04 01:50:13
1019QKKS3RWOFEP,人防大厦停车场,诸暨市,48,48,2025-03-04 01:50:13
1012405049OQ8ZNVP3U2P,苎萝东路（东二环路-东旺路）1,诸暨市,29,23,2025-03-04 01:50:13
1019S5R3X1SOHS1,一百淘宝城停车场,诸暨市,105,40,2025-03-04 01:50:13
1019Q6UK2GUCAV5,市民公园地下停车场,诸暨市,227,165,2025-03-04 01:50:13
1012312288YR85VK6CYKH,和济路（东祥路-东旺路）,诸暨市,90,88,2025-03-04 01:50:13
1012401199375YC6OSJ5T,东三路（东二环路-东旺路）,诸暨市,121,66,2025-03-04 01:50:13
1012312288YR8VUSTQYV5,东旺路182弄(康华大厦-东旺路),诸暨市,19,10,2025-03-04 01:50:13
1012312288YR5NVRFEV41,东安路(东二路-苎萝东路),诸暨市,6,4,2025-03-04 01:50:13
10124012093FZKG7Y8M4H,永昌南路（东一路-东二路）,诸暨市,63,47,2025-03-04 01:50:13
1012312288YRB62F6P9TT,浣纱南路（南兴路-南屏路）,诸暨市,60,36,2025-03-04 01:50:13
1012312288YRBI4HZHCE9,江东路（西施大街-大桥东路）,诸暨市,6,4,2025-03-04 01:40:15
1012312288YR7V8S6IBCX,东一路88弄（东一路82弄-东一路）,诸暨市,27,20,2025-03-04 01:40:15
1019REU2R6D37Y9,城东公园地下停车场,诸暨市,601,336,2025-03-04 01:40:15
1012312298YXIJSNZ82YP,东二路129弄（东一路88弄-东二路123弄）,诸暨市,10,10,2025-03-04 01:40:15
1012312288YR6SFUARGU9,东祥路19弄（东祥路-环城东路）,诸暨市,12,6,2025-03-04 01:40:15
1012312288YR3IHRSDDZ5,滨江南路（大桥东路-西施大街）,诸暨市,13,10,2025-03-04 01:40:15
1019PRTQD59LIWX,永乐路停车场,诸暨市,91,55,2025-03-04 01:40:15
1012312288YR5XYT44YKH,艮塔东路（苎萝东路-东二路）,诸暨市,142,103,2025-03-04 01:40:15
1019JVX01UVMSCH,幸福家园停车场,诸暨市,72,9,2025-03-04 01:40:15
1012312288YR3MBVY988X,东兴北路（江东路-福门路）,诸暨市,19,15,2025-03-04 01:40:15
1019MAR69WRHHXD,西子公寓停车场,诸暨市,91,81,2025-03-04 01:40:15
1012312288YRB24CYLBLT,浣纱南路（苎萝路-南兴路）,诸暨市,19,15,2025-03-04 01:40:15
1019B4Y82CZPJ41,诸暨浣东中路停车场,诸暨市,37,32,2025-03-04 01:40:15
1012312288YR89HS7SKXT,东旺路（东旺路150弄-东二路）,诸暨市,18,3,2025-03-04 01:40:15
1012312288YRBA0HET81T,江东路（大桥东路-望江一路）,诸暨市,10,4,2025-03-04 01:40:15
1012312288YRBS7JO7FUP,望江二路（高湖路-江东路）,诸暨市,10,8,2025-03-04 01:40:15
1012312288YRBLMRYOUTD,江东路（望江一路-望江二路）,诸暨市,18,11,2025-03-04 01:40:15
1012312288YRBWX8BW5Q9,望江二路（浣东北路-高湖路）,诸暨市,5,3,2025-03-04 01:40:15
1012312288YR3EFRI1BSX,滨江南路（滨江支路-浣东中路）,诸暨市,64,56,2025-03-04 01:40:15
1012312288YR9LAB60FEP,苎萝东路（东兴路-东安路）,诸暨市,45,36,2025-03-04 01:40:15
1012312288YR5JPT2UOZL,东兴路（苎萝东路-东二路）,诸暨市,62,48,2025-03-04 01:40:15
1019N4FJ7J6DUYP,篮球场停车场,诸暨市,182,37,2025-03-04 01:40:15
1012312288YR6EYGP1YWX,万风新世界（暨阳路-上庄路）,诸暨市,20,11,2025-03-04 01:40:14
1012312288YRAJXAP73SX,滨江中路（望江二路-大桥东路）,诸暨市,45,33,2025-03-04 01:40:14
1012312268YD5WN09GPVL,八一横路（暨阳路-无名路）,诸暨市,46,20,2025-03-04 01:40:14
1012312288YRC2EJF5N9D,望江三路（浣东北路-高湖路）,诸暨市,11,5,2025-03-04 01:40:14
1012312298YXIV34CFDVL,东一路82弄（东二路123弄-东二路）,诸暨市,6,5,2025-03-04 01:40:14
1019SEVYY7X0W75,十里牌停车场,诸暨市,69,69,2025-03-04 01:40:14
1012405079PB3TJY248W1,东三路（应山公园-东旺路）,诸暨市,44,43,2025-03-04 01:40:14
10124013095HHCMD4CC1T,艮塔东路（交通银行）,诸暨市,35,32,2025-03-04 01:40:14
1012312288YRC518WKA2P,望江三路（江东路-滨江中路）,诸暨市,5,2,2025-03-04 01:40:14
1012312288YRBZRTXR0G1,望江三路（高湖路-江东路）,诸暨市,15,12,2025-03-04 01:40:14
1012312268YDHM7XGW3Y9,艮塔东路（滨江北路-江东路),诸暨市,33,19,2025-03-04 01:40:14
1012312288YRBEU44Q1VL,滨江中路（艮塔东路-望江三路）,诸暨市,25,10,2025-03-04 01:40:14
1012312288YR6C3V37475,体育路（体育路-大桥东路）,诸暨市,8,6,2025-03-04 01:40:14
1012312298YXGS3Y2CBNL,东旺路188弄（东旺路-东二环路）,诸暨市,10,6,2025-03-04 01:40:14
1012312288YR7N8PO2AYP,东一路68弄（东二路-东一路）,诸暨市,46,36,2025-03-04 01:40:14
1012312288YR6IWIX5X4X,苎萝东路（东二环路-东旺路）,诸暨市,18,15,2025-03-04 01:40:14
1012312288YR9376YUBK1,东旺路（东旺路150弄-苎萝东路）,诸暨市,18,16,2025-03-04 01:40:14
1012312288YR8ZSV1UX35,东旺路150弄（东二环路-东旺路）,诸暨市,88,57,2025-03-04 01:40:14
1019PDAS7RIP7GH,市民公园东北面停车场,诸暨市,27,15,2025-03-04 01:40:14
1012312288YR751NEO35T,东祥路（东二路-苎萝东路）,诸暨市,38,27,2025-03-04 01:40:14
1012312288YR68DOZJDVL,体育路（体育路二弄-红旗路）,诸暨市,12,8,2025-03-04 01:40:14
1012312288YR7YF7Z1HXD,高湖路（望江二路-望江一路）,诸暨市,18,9,2025-03-04 01:40:14
1019PDPET4GWE81,市民公园北面停车场,诸暨市,14,8,2025-03-04 01:40:14
1012312288YR9D2CJ4741,东二路（东祥路-环城东路）,诸暨市,25,20,2025-03-04 01:40:14
1012312288YR5UKH75K3L,艮塔东路（东二路-东一路),诸暨市,101,79,2025-03-04 01:40:14
1012312288YR61OZ7SOW1,浣纱中路（南屏路-西施大街）,诸暨市,14,4,2025-03-04 01:40:14
10124013095H4QPBO8UF5,东兴路50弄,诸暨市,7,7,2025-03-04 01:40:14
1012312288YR5RTTNITC1,艮塔东路（江东路-高湖路）,诸暨市,39,26,2025-03-04 01:40:14
1012401199375YC6OSJ5T,东三路（东二环路-东旺路）,诸暨市,121,67,2025-03-04 01:40:14
1012312288YR8GIC67LS1,东旺路218弄(东旺路206弄-融媒体中心）,诸暨市,22,17,2025-03-04 01:40:14
1012312288YRAV3T06ARL,滨江中路（望江三路-望江二路）,诸暨市,30,26,2025-03-04 01:40:14
1012312288YR79Z86T0XT,暨东路70弄（东一路-东旺路218弄）,诸暨市,32,22,2025-03-04 01:40:14
1019QKKS3RWOFEP,人防大厦停车场,诸暨市,48,48,2025-03-04 01:40:14
10124013095GY8GDKUBY9,艮塔东路（高湖路-暨东路）,诸暨市,16,13,2025-03-04 01:40:14
1012312288YR64NIVVNK1,浣纱中路（西施大街-大桥东路）,诸暨市,23,16,2025-03-04 01:40:14
1012312288YR9ABOZHGCH,东二路（东旺路-东二环路）,诸暨市,47,18,2025-03-04 01:40:14
1012405049OQ8ZNVP3U2P,苎萝东路（东二环路-东旺路）1,诸暨市,29,23,2025-03-04 01:40:14
1012312288YR825E2P88X,苎萝东路（东二环路-东福路),诸暨市,115,90,2025-03-04 01:40:14
1012312288YR7HFKE4HKX,西施大街（浣纱中路-人民中路）,诸暨市,28,18,2025-03-04 01:40:14
1012312298YXHTPH9LYPT,东二路123弄（东旺路188弄-东二路）,诸暨市,61,41,2025-03-04 01:40:14
1012312288YR53DTVACCH,滨江南路（西施大街-滨江支路）,诸暨市,33,30,2025-03-04 01:40:14
10124012093FZKG7Y8M4H,永昌南路（东一路-东二路）,诸暨市,63,47,2025-03-04 01:40:14
1012312288YRADOD6CUM9,南兴路（南庠路-人民南路）,诸暨市,25,25,2025-03-04 01:40:14
1019Q6UK2GUCAV5,市民公园地下停车场,诸暨市,227,165,2025-03-04 01:40:14
1012312288YR8IX5J60OX,东旺路218弄（东旺路-融媒体中心）,诸暨市,29,18,2025-03-04 01:40:14
1012312288YR7CTTSNVNL,苎萝东路（环城东路-东兴路）,诸暨市,86,61,2025-03-04 01:40:14
1012312288YR7K67XR8CH,望江一路（浣东北路-江东路）,诸暨市,14,12,2025-03-04 01:40:14
1012312288YRAXUGJT1J5,浣纱北路（大桥路-艮塔路）,诸暨市,59,22,2025-03-04 01:40:14
1012312288YR5B22720W1,大桥东路（江东路-五角广场）,诸暨市,58,46,2025-03-04 01:40:14
1012312288YR57VMEIUBL,大桥东路（大桥东路9号-江东路）,诸暨市,34,32,2025-03-04 01:40:14
1012312288YR8VUSTQYV5,东旺路182弄(康华大厦-东旺路),诸暨市,19,11,2025-03-04 01:40:13
1012312288YR5NVRFEV41,东安路(东二路-苎萝东路),诸暨市,6,4,2025-03-04 01:40:13
1012312288YR9HG704L4X,苎萝东路（东福路-东三环路）,诸暨市,107,107,2025-03-04 01:40:13
1012312288YRBP13VO9A9,江东路（望江二路-望江三路）,诸暨市,13,6,2025-03-04 01:40:13
1012312288YR5F42HE329,红旗路（人民中路-浣纱中路）,诸暨市,16,6,2025-03-04 01:40:13
1012312288YR85VK6CYKH,和济路（东祥路-东旺路）,诸暨市,90,88,2025-03-04 01:40:13
1012312288YRB62F6P9TT,浣纱南路（南兴路-南屏路）,诸暨市,60,36,2025-03-04 01:40:13
1019S5R3X1SOHS1,一百淘宝城停车场,诸暨市,105,40,2025-03-04 01:40:13
1012312288YR9PO5N0TFL,苎萝东路（环城东路-东旺路）,诸暨市,54,50,2025-03-04 01:40:13
1012312288YR9VX35V2M9,苎萝东路（环城东路-东祥路）,诸暨市,17,10,2025-03-04 01:40:13
1019N4FJ7J6DUYP,篮球场停车场,诸暨市,182,37,2025-03-04 01:38:03
1012312288YR3EFRI1BSX,滨江南路（滨江支路-浣东中路）,诸暨市,64,56,2025-03-04 01:38:03
1012312288YR5JPT2UOZL,东兴路（苎萝东路-东二路）,诸暨市,62,48,2025-03-04 01:38:03
1012312288YRBWX8BW5Q9,望江二路（浣东北路-高湖路）,诸暨市,5,3,2025-03-04 01:38:03
1012312288YR5XYT44YKH,艮塔东路（苎萝东路-东二路）,诸暨市,142,103,2025-03-04 01:38:03
1019REU2R6D37Y9,城东公园地下停车场,诸暨市,601,336,2025-03-04 01:38:03
1012312298YXIJSNZ82YP,东二路129弄（东一路88弄-东二路123弄）,诸暨市,10,10,2025-03-04 01:38:03
1012312288YRBA0HET81T,江东路（大桥东路-望江一路）,诸暨市,10,4,2025-03-04 01:38:03
1012312288YR3MBVY988X,东兴北路（江东路-福门路）,诸暨市,19,15,2025-03-04 01:38:03
1012312288YRBZRTXR0G1,望江三路（高湖路-江东路）,诸暨市,15,12,2025-03-04 01:38:02
1012312288YR5UKH75K3L,艮塔东路（东二路-东一路),诸暨市,101,79,2025-03-04 01:38:02
1012312288YRAXUGJT1J5,浣纱北路（大桥路-艮塔路）,诸暨市,59,22,2025-03-04 01:38:02
1012312288YR6C3V37475,体育路（体育路-大桥东路）,诸暨市,8,7,2025-03-04 01:38:02
10124013095HHCMD4CC1T,艮塔东路（交通银行）,诸暨市,35,32,2025-03-04 01:38:02
1012312288YR68DOZJDVL,体育路（体育路二弄-红旗路）,诸暨市,12,8,2025-03-04 01:38:02
1012312288YR9LAB60FEP,苎萝东路（东兴路-东安路）,诸暨市,45,36,2025-03-04 01:38:02
1019JVX01UVMSCH,幸福家园停车场,诸暨市,72,9,2025-03-04 01:38:02
1012312288YRAJXAP73SX,滨江中路（望江二路-大桥东路）,诸暨市,45,33,2025-03-04 01:38:02
1012312298YXIV34CFDVL,东一路82弄（东二路123弄-东二路）,诸暨市,6,5,2025-03-04 01:38:02
1012405079PB3TJY248W1,东三路（应山公园-东旺路）,诸暨市,44,43,2025-03-04 01:38:02
1012312288YR9D2CJ4741,东二路（东祥路-环城东路）,诸暨市,25,20,2025-03-04 01:38:02
1012312288YR8ZSV1UX35,东旺路150弄（东二环路-东旺路）,诸暨市,88,57,2025-03-04 01:38:02
1012312288YRC2EJF5N9D,望江三路（浣东北路-高湖路）,诸暨市,11,5,2025-03-04 01:38:02
1019SEVYY7X0W75,十里牌停车场,诸暨市,69,69,2025-03-04 01:38:02
1012312288YR8IX5J60OX,东旺路218弄（东旺路-融媒体中心）,诸暨市,29,18,2025-03-04 01:38:02
1012312288YRB24CYLBLT,浣纱南路（苎萝路-南兴路）,诸暨市,19,15,2025-03-04 01:38:02
1019PDAS7RIP7GH,市民公园东北面停车场,诸暨市,27,15,2025-03-04 01:38:02
1012312288YR5B22720W1,大桥东路（江东路-五角广场）,诸暨市,58,47,2025-03-04 01:38:02
1012312298YXGS3Y2CBNL,东旺路188弄（东旺路-东二环路）,诸暨市,10,6,2025-03-04 01:38:02
1012312288YR57VMEIUBL,大桥东路（大桥东路9号-江东路）,诸暨市,34,32,2025-03-04 01:38:02
1012312288YRBI4HZHCE9,江东路（西施大街-大桥东路）,诸暨市,6,4,2025-03-04 01:38:02
1019PRTQD59LIWX,永乐路停车场,诸暨市,91,55,2025-03-04 01:38:02
1012312288YRADOD6CUM9,南兴路（南庠路-人民南路）,诸暨市,25,25,2025-03-04 01:38:02
1012312288YR6EYGP1YWX,万风新世界（暨阳路-上庄路）,诸暨市,20,10,2025-03-04 01:38:02
1012312288YR9376YUBK1,东旺路（东旺路150弄-苎萝东路）,诸暨市,18,16,2025-03-04 01:38:02
1012312288YR89HS7SKXT,东旺路（东旺路150弄-东二路）,诸暨市,18,3,2025-03-04 01:38:02
1012312288YRAV3T06ARL,滨江中路（望江三路-望江二路）,诸暨市,30,26,2025-03-04 01:38:02
1012312288YR61OZ7SOW1,浣纱中路（南屏路-西施大街）,诸暨市,14,4,2025-03-04 01:38:02
1012312288YR9ABOZHGCH,东二路（东旺路-东二环路）,诸暨市,47,18,2025-03-04 01:38:02
1012312288YR3IHRSDDZ5,滨江南路（大桥东路-西施大街）,诸暨市,13,10,2025-03-04 01:38:02
1019MAR69WRHHXD,西子公寓停车场,诸暨市,91,81,2025-03-04 01:38:02
1012312288YRBEU44Q1VL,滨江中路（艮塔东路-望江三路）,诸暨市,25,10,2025-03-04 01:38:02
1012312288YR7V8S6IBCX,东一路88弄（东一路82弄-东一路）,诸暨市,27,20,2025-03-04 01:38:02
1012312288YR6SFUARGU9,东祥路19弄（东祥路-环城东路）,诸暨市,12,6,2025-03-04 01:38:02
1012312288YR7HFKE4HKX,西施大街（浣纱中路-人民中路）,诸暨市,28,18,2025-03-04 01:38:02
1012312288YR53DTVACCH,滨江南路（西施大街-滨江支路）,诸暨市,33,30,2025-03-04 01:38:02
1019B4Y82CZPJ41,诸暨浣东中路停车场,诸暨市,37,32,2025-03-04 01:38:02
1012312288YR8GIC67LS1,东旺路218弄(东旺路206弄-融媒体中心）,诸暨市,22,17,2025-03-04 01:38:02
1019PDPET4GWE81,市民公园北面停车场,诸暨市,14,8,2025-03-04 01:38:02
1012312268YD5WN09GPVL,八一横路（暨阳路-无名路）,诸暨市,46,20,2025-03-04 01:38:02
1012312268YDHM7XGW3Y9,艮塔东路（滨江北路-江东路),诸暨市,33,19,2025-03-04 01:38:02
10124013095H4QPBO8UF5,东兴路50弄,诸暨市,7,7,2025-03-04 01:38:02
1012312288YRBLMRYOUTD,江东路（望江一路-望江二路）,诸暨市,18,11,2025-03-04 01:38:02
1012312288YRBS7JO7FUP,望江二路（高湖路-江东路）,诸暨市,10,8,2025-03-04 01:38:02
1012312288YR6IWIX5X4X,苎萝东路（东二环路-东旺路）,诸暨市,18,15,2025-03-04 01:38:02
1012312298YXHTPH9LYPT,东二路123弄（东旺路188弄-东二路）,诸暨市,61,41,2025-03-04 01:38:01
10124012093FZKG7Y8M4H,永昌南路（东一路-东二路）,诸暨市,63,47,2025-03-04 01:38:01
1012312288YR9PO5N0TFL,苎萝东路（环城东路-东旺路）,诸暨市,54,50,2025-03-04 01:38:01
1019QKKS3RWOFEP,人防大厦停车场,诸暨市,48,48,2025-03-04 01:38:01
1012312288YRC518WKA2P,望江三路（江东路-滨江中路）,诸暨市,5,2,2025-03-04 01:38:01
1012312288YR7YF7Z1HXD,高湖路（望江二路-望江一路）,诸暨市,18,9,2025-03-04 01:38:01
1012312288YR85VK6CYKH,和济路（东祥路-东旺路）,诸暨市,90,88,2025-03-04 01:38:01
1012312288YR9VX35V2M9,苎萝东路（环城东路-东祥路）,诸暨市,17,10,2025-03-04 01:38:01
1012312288YR5F42HE329,红旗路（人民中路-浣纱中路）,诸暨市,16,6,2025-03-04 01:38:01
1012405049OQ8ZNVP3U2P,苎萝东路（东二环路-东旺路）1,诸暨市,29,23,2025-03-04 01:38:01
1012312288YR825E2P88X,苎萝东路（东二环路-东福路),诸暨市,115,90,2025-03-04 01:38:01
10124013095GY8GDKUBY9,艮塔东路（高湖路-暨东路）,诸暨市,16,13,2025-03-04 01:38:01
1019Q6UK2GUCAV5,市民公园地下停车场,诸暨市,227,165,2025-03-04 01:38:01
1012312288YR7N8PO2AYP,东一路68弄（东二路-东一路）,诸暨市,46,36,2025-03-04 01:38:01
1012312288YRBP13VO9A9,江东路（望江二路-望江三路）,诸暨市,13,5,2025-03-04 01:38:01
1012312288YR8VUSTQYV5,东旺路182弄(康华大厦-东旺路),诸暨市,19,11,2025-03-04 01:38:01
1012312288YR9HG704L4X,苎萝东路（东福路-东三环路）,诸暨市,107,107,2025-03-04 01:38:01
1012312288YR7K67XR8CH,望江一路（浣东北路-江东路）,诸暨市,14,12,2025-03-04 01:38:01
1012312288YR5RTTNITC1,艮塔东路（江东路-高湖路）,诸暨市,39,26,2025-03-04 01:38:01
1012312288YRB62F6P9TT,浣纱南路（南兴路-南屏路）,诸暨市,60,36,2025-03-04 01:38:01
1012312288YR64NIVVNK1,浣纱中路（西施大街-大桥东路）,诸暨市,23,17,2025-03-04 01:38:01
1019S5R3X1SOHS1,一百淘宝城停车场,诸暨市,105,40,2025-03-04 01:38:01
1012312288YR7CTTSNVNL,苎萝东路（环城东路-东兴路）,诸暨市,86,61,2025-03-04 01:38:01
1012312288YR751NEO35T,东祥路（东二路-苎萝东路）,诸暨市,38,26,2025-03-04 01:38:01
1012312288YR5NVRFEV41,东安路(东二路-苎萝东路),诸暨市,6,4,2025-03-04 01:38:01
1012312288YR79Z86T0XT,暨东路70弄（东一路-东旺路218弄）,诸暨市,32,22,2025-03-04 01:38:01
1012401199375YC6OSJ5T,东三路（东二环路-东旺路）,诸暨市,121,67,2025-03-04 01:38:01
1012312288YR68DOZJDVL,体育路（体育路二弄-红旗路）,诸暨市,12,8,2025-03-04 01:21:14
1012312288YRBI4HZHCE9,江东路（西施大街-大桥东路）,诸暨市,6,4,2025-03-04 01:21:14
1012312288YR7V8S6IBCX,东一路88弄（东一路82弄-东一路）,诸暨市,27,20,2025-03-04 01:21:14
1019PDPET4GWE81,市民公园北面停车场,诸暨市,14,8,2025-03-04 01:21:14
1012312288YR61OZ7SOW1,浣纱中路（南屏路-西施大街）,诸暨市,14,4,2025-03-04 01:21:14
1012312288YR5JPT2UOZL,东兴路（苎萝东路-东二路）,诸暨市,62,47,2025-03-04 01:21:14
1012312288YRAV3T06ARL,滨江中路（望江三路-望江二路）,诸暨市,30,26,2025-03-04 01:21:14
1012312288YRAJXAP73SX,滨江中路（望江二路-大桥东路）,诸暨市,45,33,2025-03-04 01:21:14
1012312288YRBWX8BW5Q9,望江二路（浣东北路-高湖路）,诸暨市,5,3,2025-03-04 01:21:14
1019N4FJ7J6DUYP,篮球场停车场,诸暨市,182,37,2025-03-04 01:21:14
1012312298YXIJSNZ82YP,东二路129弄（东一路88弄-东二路123弄）,诸暨市,10,10,2025-03-04 01:21:14
1012312288YR6SFUARGU9,东祥路19弄（东祥路-环城东路）,诸暨市,12,6,2025-03-04 01:21:14
1019B4Y82CZPJ41,诸暨浣东中路停车场,诸暨市,37,32,2025-03-04 01:21:14
1012312288YR6EYGP1YWX,万风新世界（暨阳路-上庄路）,诸暨市,20,11,2025-03-04 01:21:14
1012312288YRB24CYLBLT,浣纱南路（苎萝路-南兴路）,诸暨市,19,15,2025-03-04 01:21:14
1019PRTQD59LIWX,永乐路停车场,诸暨市,91,55,2025-03-04 01:21:14
1012312288YR5XYT44YKH,艮塔东路（苎萝东路-东二路）,诸暨市,142,102,2025-03-04 01:21:14
1012405079PB3TJY248W1,东三路（应山公园-东旺路）,诸暨市,44,43,2025-03-04 01:21:14
1012312268YDHM7XGW3Y9,艮塔东路（滨江北路-江东路),诸暨市,33,18,2025-03-04 01:21:14
1012312288YR9D2CJ4741,东二路（东祥路-环城东路）,诸暨市,25,20,2025-03-04 01:21:14
1019REU2R6D37Y9,城东公园地下停车场,诸暨市,601,336,2025-03-04 01:21:14
1012312288YRBS7JO7FUP,望江二路（高湖路-江东路）,诸暨市,10,8,2025-03-04 01:21:14
1012312288YRBLMRYOUTD,江东路（望江一路-望江二路）,诸暨市,18,11,2025-03-04 01:21:14
1019JVX01UVMSCH,幸福家园停车场,诸暨市,72,9,2025-03-04 01:21:14
1012312288YR89HS7SKXT,东旺路（东旺路150弄-东二路）,诸暨市,18,3,2025-03-04 01:21:14
1012312288YR3MBVY988X,东兴北路（江东路-福门路）,诸暨市,19,16,2025-03-04 01:21:14
10124013095HHCMD4CC1T,艮塔东路（交通银行）,诸暨市,35,32,2025-03-04 01:21:14
1012312288YR9LAB60FEP,苎萝东路（东兴路-东安路）,诸暨市,45,36,2025-03-04 01:21:14
1012312288YR5UKH75K3L,艮塔东路（东二路-东一路),诸暨市,101,82,2025-03-04 01:21:14
1012312298YXIV34CFDVL,东一路82弄（东二路123弄-东二路）,诸暨市,6,5,2025-03-04 01:21:14
1012312288YR9ABOZHGCH,东二路（东旺路-东二环路）,诸暨市,47,18,2025-03-04 01:21:14
1012312288YR57VMEIUBL,大桥东路（大桥东路9号-江东路）,诸暨市,34,32,2025-03-04 01:21:14
1012312288YRBA0HET81T,江东路（大桥东路-望江一路）,诸暨市,10,4,2025-03-04 01:21:14
1012312288YR6C3V37475,体育路（体育路-大桥东路）,诸暨市,8,7,2025-03-04 01:21:14
1012312288YR3EFRI1BSX,滨江南路（滨江支路-浣东中路）,诸暨市,64,56,2025-03-04 01:21:14
1012312288YRC2EJF5N9D,望江三路（浣东北路-高湖路）,诸暨市,11,5,2025-03-04 01:21:14
1019MAR69WRHHXD,西子公寓停车场,诸暨市,91,81,2025-03-04 01:21:14
1012312288YR3IHRSDDZ5,滨江南路（大桥东路-西施大街）,诸暨市,13,10,2025-03-04 01:21:14
1012312288YR5B22720W1,大桥东路（江东路-五角广场）,诸暨市,58,46,2025-03-04 01:21:14
1012312288YR5NVRFEV41,东安路(东二路-苎萝东路),诸暨市,6,4,2025-03-04 01:21:13
1012312288YR9PO5N0TFL,苎萝东路（环城东路-东旺路）,诸暨市,54,50,2025-03-04 01:21:13
1012312288YR9HG704L4X,苎萝东路（东福路-东三环路）,诸暨市,107,107,2025-03-04 01:21:13
1012312288YR825E2P88X,苎萝东路（东二环路-东福路),诸暨市,115,88,2025-03-04 01:21:13
1012312288YR9VX35V2M9,苎萝东路（环城东路-东祥路）,诸暨市,17,10,2025-03-04 01:21:13
1012405049OQ8ZNVP3U2P,苎萝东路（东二环路-东旺路）1,诸暨市,29,22,2025-03-04 01:21:13
1012312288YR8VUSTQYV5,东旺路182弄(康华大厦-东旺路),诸暨市,19,11,2025-03-04 01:21:13
1012312268YD5WN09GPVL,八一横路（暨阳路-无名路）,诸暨市,46,20,2025-03-04 01:21:13
1019S5R3X1SOHS1,一百淘宝城停车场,诸暨市,105,40,2025-03-04 01:21:13
1012312288YR64NIVVNK1,浣纱中路（西施大街-大桥东路）,诸暨市,23,17,2025-03-04 01:21:13
1012312288YR5RTTNITC1,艮塔东路（江东路-高湖路）,诸暨市,39,26,2025-03-04 01:21:13
1012312288YR8GIC67LS1,东旺路218弄(东旺路206弄-融媒体中心）,诸暨市,22,17,2025-03-04 01:21:13
1012312288YR8ZSV1UX35,东旺路150弄（东二环路-东旺路）,诸暨市,88,56,2025-03-04 01:21:13
10124013095GY8GDKUBY9,艮塔东路（高湖路-暨东路）,诸暨市,16,14,2025-03-04 01:21:13
1012312298YXGS3Y2CBNL,东旺路188弄（东旺路-东二环路）,诸暨市,10,6,2025-03-04 01:21:13
1012312288YR7CTTSNVNL,苎萝东路（环城东路-东兴路）,诸暨市,86,62,2025-03-04 01:21:13
1012312288YRAXUGJT1J5,浣纱北路（大桥路-艮塔路）,诸暨市,59,23,2025-03-04 01:21:13
1012312288YRC518WKA2P,望江三路（江东路-滨江中路）,诸暨市,5,2,2025-03-04 01:21:13
1012312288YR7N8PO2AYP,东一路68弄（东二路-东一路）,诸暨市,46,36,2025-03-04 01:21:13
1012312288YR8IX5J60OX,东旺路218弄（东旺路-融媒体中心）,诸暨市,29,18,2025-03-04 01:21:13
1012312288YR85VK6CYKH,和济路（东祥路-东旺路）,诸暨市,90,88,2025-03-04 01:21:13
1012312288YR9376YUBK1,东旺路（东旺路150弄-苎萝东路）,诸暨市,18,16,2025-03-04 01:21:13
1012312288YRBZRTXR0G1,望江三路（高湖路-江东路）,诸暨市,15,12,2025-03-04 01:21:13
10124012093FZKG7Y8M4H,永昌南路（东一路-东二路）,诸暨市,63,47,2025-03-04 01:21:13
1012401199375YC6OSJ5T,东三路（东二环路-东旺路）,诸暨市,121,66,2025-03-04 01:21:13
1012312298YXHTPH9LYPT,东二路123弄（东旺路188弄-东二路）,诸暨市,61,41,2025-03-04 01:21:13
1012312288YR751NEO35T,东祥路（东二路-苎萝东路）,诸暨市,38,25,2025-03-04 01:21:13
1012312288YR6IWIX5X4X,苎萝东路（东二环路-东旺路）,诸暨市,18,15,2025-03-04 01:21:13
1019PDAS7RIP7GH,市民公园东北面停车场,诸暨市,27,15,2025-03-04 01:21:13
1012312288YRBP13VO9A9,江东路（望江二路-望江三路）,诸暨市,13,5,2025-03-04 01:21:13
1012312288YR7HFKE4HKX,西施大街（浣纱中路-人民中路）,诸暨市,28,19,2025-03-04 01:21:13
1012312288YR53DTVACCH,滨江南路（西施大街-滨江支路）,诸暨市,33,30,2025-03-04 01:21:13
1012312288YR7YF7Z1HXD,高湖路（望江二路-望江一路）,诸暨市,18,9,2025-03-04 01:21:13
1019SEVYY7X0W75,十里牌停车场,诸暨市,69,69,2025-03-04 01:21:13
1019Q6UK2GUCAV5,市民公园地下停车场,诸暨市,227,165,2025-03-04 01:21:13
1012312288YR79Z86T0XT,暨东路70弄（东一路-东旺路218弄）,诸暨市,32,22,2025-03-04 01:21:13
1012312288YR7K67XR8CH,望江一路（浣东北路-江东路）,诸暨市,14,12,2025-03-04 01:21:13
1019QKKS3RWOFEP,人防大厦停车场,诸暨市,48,48,2025-03-04 01:21:13
10124013095H4QPBO8UF5,东兴路50弄,诸暨市,7,7,2025-03-04 01:21:13
1012312288YRBEU44Q1VL,滨江中路（艮塔东路-望江三路）,诸暨市,25,10,2025-03-04 01:21:13
1012312288YR5F42HE329,红旗路（人民中路-浣纱中路）,诸暨市,16,6,2025-03-04 01:21:13
1012312288YRB62F6P9TT,浣纱南路（南兴路-南屏路）,诸暨市,60,36,2025-03-04 01:21:13
1012312288YRADOD6CUM9,南兴路（南庠路-人民南路）,诸暨市,25,25,2025-03-04 01:21:13
1012312288YRBA0HET81T,江东路（大桥东路-望江一路）,诸暨市,10,4,2025-03-04 01:10:01
1019REU2R6D37Y9,城东公园地下停车场,诸暨市,601,336,2025-03-04 01:10:01
1012312288YRC2EJF5N9D,望江三路（浣东北路-高湖路）,诸暨市,11,5,2025-03-04 01:10:01
1012312288YR5UKH75K3L,艮塔东路（东二路-东一路),诸暨市,101,80,2025-03-04 01:10:01
1012312298YXIV34CFDVL,东一路82弄（东二路123弄-东二路）,诸暨市,6,5,2025-03-04 01:10:01
1012312288YR3MBVY988X,东兴北路（江东路-福门路）,诸暨市,19,15,2025-03-04 01:10:01
1019JVX01UVMSCH,幸福家园停车场,诸暨市,72,9,2025-03-04 01:10:01
1012312288YR9LAB60FEP,苎萝东路（东兴路-东安路）,诸暨市,45,34,2025-03-04 01:10:01
1012312288YR6C3V37475,体育路（体育路-大桥东路）,诸暨市,8,6,2025-03-04 01:10:01
1012312288YR5XYT44YKH,艮塔东路（苎萝东路-东二路）,诸暨市,142,101,2025-03-04 01:10:01
1019MAR69WRHHXD,西子公寓停车场,诸暨市,91,81,2025-03-04 01:10:01
1012312298YXIJSNZ82YP,东二路129弄（东一路88弄-东二路123弄）,诸暨市,10,10,2025-03-04 01:10:01
1012312288YRBI4HZHCE9,江东路（西施大街-大桥东路）,诸暨市,6,4,2025-03-04 01:10:01
1019B4Y82CZPJ41,诸暨浣东中路停车场,诸暨市,37,32,2025-03-04 01:10:01
1012312288YR6SFUARGU9,东祥路19弄（东祥路-环城东路）,诸暨市,12,6,2025-03-04 01:10:01
1012312288YRBS7JO7FUP,望江二路（高湖路-江东路）,诸暨市,10,8,2025-03-04 01:10:01
1012405079PB3TJY248W1,东三路（应山公园-东旺路）,诸暨市,44,43,2025-03-04 01:10:01
1012312288YRB24CYLBLT,浣纱南路（苎萝路-南兴路）,诸暨市,19,15,2025-03-04 01:10:01
1019PDPET4GWE81,市民公园北面停车场,诸暨市,14,8,2025-03-04 01:10:01
1012312268YDHM7XGW3Y9,艮塔东路（滨江北路-江东路),诸暨市,33,18,2025-03-04 01:10:01
1012312288YR7V8S6IBCX,东一路88弄（东一路82弄-东一路）,诸暨市,27,20,2025-03-04 01:10:01
1012312288YR5JPT2UOZL,东兴路（苎萝东路-东二路）,诸暨市,62,47,2025-03-04 01:10:01
1012312288YR68DOZJDVL,体育路（体育路二弄-红旗路）,诸暨市,12,8,2025-03-04 01:10:01
1012312288YRBWX8BW5Q9,望江二路（浣东北路-高湖路）,诸暨市,5,3,2025-03-04 01:10:01
1012312288YR6EYGP1YWX,万风新世界（暨阳路-上庄路）,诸暨市,20,11,2025-03-04 01:10:01
1012312288YRBLMRYOUTD,江东路（望江一路-望江二路）,诸暨市,18,11,2025-03-04 01:10:01
1019N4FJ7J6DUYP,篮球场停车场,诸暨市,182,37,2025-03-04 01:10:01
1019PRTQD59LIWX,永乐路停车场,诸暨市,91,55,2025-03-04 01:10:01
1012312288YR3EFRI1BSX,滨江南路（滨江支路-浣东中路）,诸暨市,64,56,2025-03-04 01:10:01
1012312288YR61OZ7SOW1,浣纱中路（南屏路-西施大街）,诸暨市,14,4,2025-03-04 01:10:01
1012312288YR89HS7SKXT,东旺路（东旺路150弄-东二路）,诸暨市,18,3,2025-03-04 01:10:01
1012312288YRAV3T06ARL,滨江中路（望江三路-望江二路）,诸暨市,30,25,2025-03-04 01:10:01
1012312288YR9D2CJ4741,东二路（东祥路-环城东路）,诸暨市,25,20,2025-03-04 01:10:01
1012312288YR3IHRSDDZ5,滨江南路（大桥东路-西施大街）,诸暨市,13,10,2025-03-04 01:10:01
1012312288YR53DTVACCH,滨江南路（西施大街-滨江支路）,诸暨市,33,30,2025-03-04 01:10:00
1019PDAS7RIP7GH,市民公园东北面停车场,诸暨市,27,15,2025-03-04 01:10:00
1012312288YR5NVRFEV41,东安路(东二路-苎萝东路),诸暨市,6,4,2025-03-04 01:10:00
1012312288YRB62F6P9TT,浣纱南路（南兴路-南屏路）,诸暨市,60,36,2025-03-04 01:10:00
10124013095HHCMD4CC1T,艮塔东路（交通银行）,诸暨市,35,32,2025-03-04 01:10:00
1012312288YR751NEO35T,东祥路（东二路-苎萝东路）,诸暨市,38,24,2025-03-04 01:10:00
1012312288YRC518WKA2P,望江三路（江东路-滨江中路）,诸暨市,5,2,2025-03-04 01:10:00
1012312268YD5WN09GPVL,八一横路（暨阳路-无名路）,诸暨市,46,20,2025-03-04 01:10:00
1012312288YRADOD6CUM9,南兴路（南庠路-人民南路）,诸暨市,25,25,2025-03-04 01:10:00
10124012093FZKG7Y8M4H,永昌南路（东一路-东二路）,诸暨市,63,47,2025-03-04 01:10:00
10124013095GY8GDKUBY9,艮塔东路（高湖路-暨东路）,诸暨市,16,14,2025-03-04 01:10:00
1012312288YR7K67XR8CH,望江一路（浣东北路-江东路）,诸暨市,14,12,2025-03-04 01:10:00
1012312298YXGS3Y2CBNL,东旺路188弄（东旺路-东二环路）,诸暨市,10,6,2025-03-04 01:10:00
1012312288YRAXUGJT1J5,浣纱北路（大桥路-艮塔路）,诸暨市,59,22,2025-03-04 01:10:00
1012312288YR8VUSTQYV5,东旺路182弄(康华大厦-东旺路),诸暨市,19,11,2025-03-04 01:10:00
1012401199375YC6OSJ5T,东三路（东二环路-东旺路）,诸暨市,121,66,2025-03-04 01:10:00
10124013095H4QPBO8UF5,东兴路50弄,诸暨市,7,7,2025-03-04 01:10:00
1019S5R3X1SOHS1,一百淘宝城停车场,诸暨市,105,40,2025-03-04 01:10:00
1012312288YR7HFKE4HKX,西施大街（浣纱中路-人民中路）,诸暨市,28,19,2025-03-04 01:10:00
1019QKKS3RWOFEP,人防大厦停车场,诸暨市,48,48,2025-03-04 01:10:00
1012312288YR9HG704L4X,苎萝东路（东福路-东三环路）,诸暨市,107,107,2025-03-04 01:10:00
1012312288YR9PO5N0TFL,苎萝东路（环城东路-东旺路）,诸暨市,54,49,2025-03-04 01:10:00
1012312298YXHTPH9LYPT,东二路123弄（东旺路188弄-东二路）,诸暨市,61,41,2025-03-04 01:10:00
1019SEVYY7X0W75,十里牌停车场,诸暨市,69,69,2025-03-04 01:10:00
1012312288YR9VX35V2M9,苎萝东路（环城东路-东祥路）,诸暨市,17,10,2025-03-04 01:10:00
1012312288YR825E2P88X,苎萝东路（东二环路-东福路),诸暨市,115,89,2025-03-04 01:10:00
1012312288YRBZRTXR0G1,望江三路（高湖路-江东路）,诸暨市,15,12,2025-03-04 01:10:00
1012312288YR57VMEIUBL,大桥东路（大桥东路9号-江东路）,诸暨市,34,32,2025-03-04 01:10:00
1012312288YR5B22720W1,大桥东路（江东路-五角广场）,诸暨市,58,45,2025-03-04 01:10:00
1012312288YR6IWIX5X4X,苎萝东路（东二环路-东旺路）,诸暨市,18,15,2025-03-04 01:10:00
1012312288YRAJXAP73SX,滨江中路（望江二路-大桥东路）,诸暨市,45,33,2025-03-04 01:10:00
1012312288YRBEU44Q1VL,滨江中路（艮塔东路-望江三路）,诸暨市,25,10,2025-03-04 01:10:00
1012312288YR79Z86T0XT,暨东路70弄（东一路-东旺路218弄）,诸暨市,32,22,2025-03-04 01:10:00
1012312288YR5RTTNITC1,艮塔东路（江东路-高湖路）,诸暨市,39,26,2025-03-04 01:10:00
1012312288YR8ZSV1UX35,东旺路150弄（东二环路-东旺路）,诸暨市,88,56,2025-03-04 01:10:00
1012312288YR7CTTSNVNL,苎萝东路（环城东路-东兴路）,诸暨市,86,61,2025-03-04 01:10:00
1012312288YR9ABOZHGCH,东二路（东旺路-东二环路）,诸暨市,47,18,2025-03-04 01:10:00
1012312288YRBP13VO9A9,江东路（望江二路-望江三路）,诸暨市,13,5,2025-03-04 01:10:00
1012312288YR8GIC67LS1,东旺路218弄(东旺路206弄-融媒体中心）,诸暨市,22,17,2025-03-04 01:10:00
1012312288YR85VK6CYKH,和济路（东祥路-东旺路）,诸暨市,90,88,2025-03-04 01:10:00
1019Q6UK2GUCAV5,市民公园地下停车场,诸暨市,227,165,2025-03-04 01:10:00
1012312288YR64NIVVNK1,浣纱中路（西施大街-大桥东路）,诸暨市,23,17,2025-03-04 01:10:00
1012312288YR7N8PO2AYP,东一路68弄（东二路-东一路）,诸暨市,46,37,2025-03-04 01:10:00
1012312288YR8IX5J60OX,东旺路218弄（东旺路-融媒体中心）,诸暨市,29,18,2025-03-04 01:10:00
1012312288YR9376YUBK1,东旺路（东旺路150弄-苎萝东路）,诸暨市,18,16,2025-03-04 01:10:00
1012312288YR7YF7Z1HXD,高湖路（望江二路-望江一路）,诸暨市,18,9,2025-03-04 01:10:00
1012312288YR5F42HE329,红旗路（人民中路-浣纱中路）,诸暨市,16,6,2025-03-04 01:10:00
1012405049OQ8ZNVP3U2P,苎萝东路（东二环路-东旺路）1,诸暨市,29,22,2025-03-04 01:10:00
1019PRTQD59LIWX,永乐路停车场,诸暨市,91,55,2025-03-04 01:00:02
1012312288YR3MBVY988X,东兴北路（江东路-福门路）,诸暨市,19,15,2025-03-04 01:00:02
1012312268YDHM7XGW3Y9,艮塔东路（滨江北路-江东路),诸暨市,33,17,2025-03-04 01:00:02
1012312288YR68DOZJDVL,体育路（体育路二弄-红旗路）,诸暨市,12,8,2025-03-04 01:00:02
1012312288YRBWX8BW5Q9,望江二路（浣东北路-高湖路）,诸暨市,5,3,2025-03-04 01:00:02
1012312288YR5JPT2UOZL,东兴路（苎萝东路-东二路）,诸暨市,62,46,2025-03-04 01:00:02
1012312288YRBS7JO7FUP,望江二路（高湖路-江东路）,诸暨市,10,8,2025-03-04 01:00:02
1012312288YR61OZ7SOW1,浣纱中路（南屏路-西施大街）,诸暨市,14,4,2025-03-04 01:00:02
1012405079PB3TJY248W1,东三路（应山公园-东旺路）,诸暨市,44,43,2025-03-04 01:00:02
1012312288YR89HS7SKXT,东旺路（东旺路150弄-东二路）,诸暨市,18,4,2025-03-04 01:00:02
1019REU2R6D37Y9,城东公园地下停车场,诸暨市,601,336,2025-03-04 01:00:02
1012312288YRBA0HET81T,江东路（大桥东路-望江一路）,诸暨市,10,4,2025-03-04 01:00:02
1012312288YR7V8S6IBCX,东一路88弄（东一路82弄-东一路）,诸暨市,27,20,2025-03-04 01:00:02
1012312288YR6EYGP1YWX,万风新世界（暨阳路-上庄路）,诸暨市,20,10,2025-03-04 01:00:02
1012312288YR5XYT44YKH,艮塔东路（苎萝东路-东二路）,诸暨市,142,100,2025-03-04 01:00:02
1012312288YRBLMRYOUTD,江东路（望江一路-望江二路）,诸暨市,18,11,2025-03-04 01:00:02
1019N4FJ7J6DUYP,篮球场停车场,诸暨市,182,37,2025-03-04 01:00:02
1012312288YR6C3V37475,体育路（体育路-大桥东路）,诸暨市,8,6,2025-03-04 01:00:02
1012312298YXIV34CFDVL,东一路82弄（东二路123弄-东二路）,诸暨市,6,5,2025-03-04 01:00:02
1012312288YRB24CYLBLT,浣纱南路（苎萝路-南兴路）,诸暨市,19,15,2025-03-04 01:00:02
1012312288YR6SFUARGU9,东祥路19弄（东祥路-环城东路）,诸暨市,12,6,2025-03-04 01:00:02
1012312288YR9D2CJ4741,东二路（东祥路-环城东路）,诸暨市,25,20,2025-03-04 01:00:02
1012312288YRC2EJF5N9D,望江三路（浣东北路-高湖路）,诸暨市,11,5,2025-03-04 01:00:02
1019PDPET4GWE81,市民公园北面停车场,诸暨市,14,8,2025-03-04 01:00:02
1019B4Y82CZPJ41,诸暨浣东中路停车场,诸暨市,37,32,2025-03-04 01:00:02
1019JVX01UVMSCH,幸福家园停车场,诸暨市,72,9,2025-03-04 01:00:02
1012312288YR5UKH75K3L,艮塔东路（东二路-东一路),诸暨市,101,80,2025-03-04 01:00:02
1019MAR69WRHHXD,西子公寓停车场,诸暨市,91,81,2025-03-04 01:00:02
1012312288YR9LAB60FEP,苎萝东路（东兴路-东安路）,诸暨市,45,34,2025-03-04 01:00:02
1012312288YR3IHRSDDZ5,滨江南路（大桥东路-西施大街）,诸暨市,13,10,2025-03-04 01:00:02
1012312288YR3EFRI1BSX,滨江南路（滨江支路-浣东中路）,诸暨市,64,56,2025-03-04 01:00:02
1012312298YXIJSNZ82YP,东二路129弄（东一路88弄-东二路123弄）,诸暨市,10,10,2025-03-04 01:00:02
1012312288YRBI4HZHCE9,江东路（西施大街-大桥东路）,诸暨市,6,4,2025-03-04 01:00:02
10124013095GY8GDKUBY9,艮塔东路（高湖路-暨东路）,诸暨市,16,14,2025-03-04 01:00:01
1012312288YR7CTTSNVNL,苎萝东路（环城东路-东兴路）,诸暨市,86,61,2025-03-04 01:00:01
1012312288YRAJXAP73SX,滨江中路（望江二路-大桥东路）,诸暨市,45,33,2025-03-04 01:00:01
1019SEVYY7X0W75,十里牌停车场,诸暨市,69,69,2025-03-04 01:00:01
1012312288YR7K67XR8CH,望江一路（浣东北路-江东路）,诸暨市,14,12,2025-03-04 01:00:01
10124013095HHCMD4CC1T,艮塔东路（交通银行）,诸暨市,35,32,2025-03-04 01:00:01
1012312288YR8ZSV1UX35,东旺路150弄（东二环路-东旺路）,诸暨市,88,55,2025-03-04 01:00:01
1012312288YR825E2P88X,苎萝东路（东二环路-东福路),诸暨市,115,87,2025-03-04 01:00:01
1012312288YR9376YUBK1,东旺路（东旺路150弄-苎萝东路）,诸暨市,18,16,2025-03-04 01:00:01
1012312288YR5RTTNITC1,艮塔东路（江东路-高湖路）,诸暨市,39,26,2025-03-04 01:00:01
1012312288YR53DTVACCH,滨江南路（西施大街-滨江支路）,诸暨市,33,30,2025-03-04 01:00:01
1012312288YRAV3T06ARL,滨江中路（望江三路-望江二路）,诸暨市,30,25,2025-03-04 01:00:01
1012312288YR7HFKE4HKX,西施大街（浣纱中路-人民中路）,诸暨市,28,18,2025-03-04 01:00:01
1012312288YR8GIC67LS1,东旺路218弄(东旺路206弄-融媒体中心）,诸暨市,22,17,2025-03-04 01:00:01
1012312288YR8IX5J60OX,东旺路218弄（东旺路-融媒体中心）,诸暨市,29,18,2025-03-04 01:00:01
1012312288YRBZRTXR0G1,望江三路（高湖路-江东路）,诸暨市,15,12,2025-03-04 01:00:01
1012312288YR57VMEIUBL,大桥东路（大桥东路9号-江东路）,诸暨市,34,31,2025-03-04 01:00:01
1012312288YRC518WKA2P,望江三路（江东路-滨江中路）,诸暨市,5,2,2025-03-04 01:00:01
10124013095H4QPBO8UF5,东兴路50弄,诸暨市,7,7,2025-03-04 01:00:01
1012312288YRADOD6CUM9,南兴路（南庠路-人民南路）,诸暨市,25,25,2025-03-04 01:00:01
1012312268YD5WN09GPVL,八一横路（暨阳路-无名路）,诸暨市,46,20,2025-03-04 01:00:01
1012312288YR5B22720W1,大桥东路（江东路-五角广场）,诸暨市,58,45,2025-03-04 01:00:01
1012312288YR79Z86T0XT,暨东路70弄（东一路-东旺路218弄）,诸暨市,32,22,2025-03-04 01:00:01
1012312288YR9ABOZHGCH,东二路（东旺路-东二环路）,诸暨市,47,18,2025-03-04 01:00:01
1012312298YXGS3Y2CBNL,东旺路188弄（东旺路-东二环路）,诸暨市,10,6,2025-03-04 01:00:01
1012312288YR6IWIX5X4X,苎萝东路（东二环路-东旺路）,诸暨市,18,15,2025-03-04 01:00:01
1012312288YR751NEO35T,东祥路（东二路-苎萝东路）,诸暨市,38,24,2025-03-04 01:00:01
1012312288YRBEU44Q1VL,滨江中路（艮塔东路-望江三路）,诸暨市,25,10,2025-03-04 01:00:01
1019PDAS7RIP7GH,市民公园东北面停车场,诸暨市,27,15,2025-03-04 01:00:01
1012312288YRAXUGJT1J5,浣纱北路（大桥路-艮塔路）,诸暨市,59,22,2025-03-04 01:00:01
1012312288YR85VK6CYKH,和济路（东祥路-东旺路）,诸暨市,90,88,2025-03-04 01:00:00
1012312288YR7YF7Z1HXD,高湖路（望江二路-望江一路）,诸暨市,18,9,2025-03-04 01:00:00
1012312288YR64NIVVNK1,浣纱中路（西施大街-大桥东路）,诸暨市,23,15,2025-03-04 01:00:00
1019Q6UK2GUCAV5,市民公园地下停车场,诸暨市,227,165,2025-03-04 01:00:00
1012312288YR5F42HE329,红旗路（人民中路-浣纱中路）,诸暨市,16,6,2025-03-04 01:00:00
1012312288YR9HG704L4X,苎萝东路（东福路-东三环路）,诸暨市,107,107,2025-03-04 01:00:00
1012312288YRB62F6P9TT,浣纱南路（南兴路-南屏路）,诸暨市,60,36,2025-03-04 01:00:00
1012312298YXHTPH9LYPT,东二路123弄（东旺路188弄-东二路）,诸暨市,61,41,2025-03-04 01:00:00
1012405049OQ8ZNVP3U2P,苎萝东路（东二环路-东旺路）1,诸暨市,29,21,2025-03-04 01:00:00
1012312288YR5NVRFEV41,东安路(东二路-苎萝东路),诸暨市,6,4,2025-03-04 01:00:00
10124012093FZKG7Y8M4H,永昌南路（东一路-东二路）,诸暨市,63,47,2025-03-04 01:00:00
1012312288YRBP13VO9A9,江东路（望江二路-望江三路）,诸暨市,13,5,2025-03-04 01:00:00
1012312288YR9VX35V2M9,苎萝东路（环城东路-东祥路）,诸暨市,17,10,2025-03-04 01:00:00
1012312288YR9PO5N0TFL,苎萝东路（环城东路-东旺路）,诸暨市,54,50,2025-03-04 01:00:00
1012401199375YC6OSJ5T,东三路（东二环路-东旺路）,诸暨市,121,66,2025-03-04 01:00:00
1019QKKS3RWOFEP,人防大厦停车场,诸暨市,48,48,2025-03-04 01:00:00
1012312288YR8VUSTQYV5,东旺路182弄(康华大厦-东旺路),诸暨市,19,11,2025-03-04 01:00:00
1019S5R3X1SOHS1,一百淘宝城停车场,诸暨市,105,40,2025-03-04 01:00:00
1012312288YR7N8PO2AYP,东一路68弄（东二路-东一路）,诸暨市,46,35,2025-03-04 01:00:00
1012312288YRBA0HET81T,江东路（大桥东路-望江一路）,诸暨市,10,4,2025-03-04 00:51:14
1012312288YRBS7JO7FUP,望江二路（高湖路-江东路）,诸暨市,10,8,2025-03-04 00:51:14
1012312288YR5JPT2UOZL,东兴路（苎萝东路-东二路）,诸暨市,62,44,2025-03-04 00:51:14
1012312288YR3EFRI1BSX,滨江南路（滨江支路-浣东中路）,诸暨市,64,56,2025-03-04 00:51:14
1012312288YRBWX8BW5Q9,望江二路（浣东北路-高湖路）,诸暨市,5,2,2025-03-04 00:51:14
1012312288YRB24CYLBLT,浣纱南路（苎萝路-南兴路）,诸暨市,19,15,2025-03-04 00:51:14
1012312288YR7V8S6IBCX,东一路88弄（东一路82弄-东一路）,诸暨市,27,20,2025-03-04 00:51:14
1012312288YRBLMRYOUTD,江东路（望江一路-望江二路）,诸暨市,18,11,2025-03-04 00:51:14
1019PRTQD59LIWX,永乐路停车场,诸暨市,91,55,2025-03-04 00:51:14
1012312288YR3MBVY988X,东兴北路（江东路-福门路）,诸暨市,19,15,2025-03-04 00:51:14
1012312288YRBI4HZHCE9,江东路（西施大街-大桥东路）,诸暨市,6,4,2025-03-04 00:51:14
1012312288YR9LAB60FEP,苎萝东路（东兴路-东安路）,诸暨市,45,33,2025-03-04 00:51:14
1012312288YR6SFUARGU9,东祥路19弄（东祥路-环城东路）,诸暨市,12,6,2025-03-04 00:51:14
1019JVX01UVMSCH,幸福家园停车场,诸暨市,72,9,2025-03-04 00:51:14
1019B4Y82CZPJ41,诸暨浣东中路停车场,诸暨市,37,32,2025-03-04 00:51:14
1012312288YR5XYT44YKH,艮塔东路（苎萝东路-东二路）,诸暨市,142,99,2025-03-04 00:51:14
1019MAR69WRHHXD,西子公寓停车场,诸暨市,91,81,2025-03-04 00:51:14
1019N4FJ7J6DUYP,篮球场停车场,诸暨市,182,37,2025-03-04 00:51:14
1012312288YR89HS7SKXT,东旺路（东旺路150弄-东二路）,诸暨市,18,4,2025-03-04 00:51:14
1012312288YR3IHRSDDZ5,滨江南路（大桥东路-西施大街）,诸暨市,13,10,2025-03-04 00:51:14
1012312298YXIJSNZ82YP,东二路129弄（东一路88弄-东二路123弄）,诸暨市,10,10,2025-03-04 00:51:14
1019REU2R6D37Y9,城东公园地下停车场,诸暨市,601,336,2025-03-04 00:51:14
1012312288YR68DOZJDVL,体育路（体育路二弄-红旗路）,诸暨市,12,8,2025-03-04 00:51:13
1012312288YRBEU44Q1VL,滨江中路（艮塔东路-望江三路）,诸暨市,25,10,2025-03-04 00:51:13
1012312288YR7YF7Z1HXD,高湖路（望江二路-望江一路）,诸暨市,18,9,2025-03-04 00:51:13
1012312288YR5RTTNITC1,艮塔东路（江东路-高湖路）,诸暨市,39,26,2025-03-04 00:51:13
1012312288YR57VMEIUBL,大桥东路（大桥东路9号-江东路）,诸暨市,34,31,2025-03-04 00:51:13
1012312288YR6IWIX5X4X,苎萝东路（东二环路-东旺路）,诸暨市,18,15,2025-03-04 00:51:13
1019Q6UK2GUCAV5,市民公园地下停车场,诸暨市,227,165,2025-03-04 00:51:13
1012312288YR6C3V37475,体育路（体育路-大桥东路）,诸暨市,8,6,2025-03-04 00:51:13
1012312298YXIV34CFDVL,东一路82弄（东二路123弄-东二路）,诸暨市,6,5,2025-03-04 00:51:13
1012312288YR9ABOZHGCH,东二路（东旺路-东二环路）,诸暨市,47,18,2025-03-04 00:51:13
1012312288YR9D2CJ4741,东二路（东祥路-环城东路）,诸暨市,25,20,2025-03-04 00:51:13
1012312288YR7K67XR8CH,望江一路（浣东北路-江东路）,诸暨市,14,12,2025-03-04 00:51:13
1012401199375YC6OSJ5T,东三路（东二环路-东旺路）,诸暨市,121,67,2025-03-04 00:51:13
1012312288YR7CTTSNVNL,苎萝东路（环城东路-东兴路）,诸暨市,86,61,2025-03-04 00:51:13
1012312288YR7HFKE4HKX,西施大街（浣纱中路-人民中路）,诸暨市,28,16,2025-03-04 00:51:13
1012312288YR9376YUBK1,东旺路（东旺路150弄-苎萝东路）,诸暨市,18,16,2025-03-04 00:51:13
1012312288YRAV3T06ARL,滨江中路（望江三路-望江二路）,诸暨市,30,25,2025-03-04 00:51:13
1012312298YXHTPH9LYPT,东二路123弄（东旺路188弄-东二路）,诸暨市,61,41,2025-03-04 00:51:13
1012312288YR751NEO35T,东祥路（东二路-苎萝东路）,诸暨市,38,24,2025-03-04 00:51:13
1012312288YR61OZ7SOW1,浣纱中路（南屏路-西施大街）,诸暨市,14,4,2025-03-04 00:51:13
1012312288YR8ZSV1UX35,东旺路150弄（东二环路-东旺路）,诸暨市,88,54,2025-03-04 00:51:13
1012312288YRC518WKA2P,望江三路（江东路-滨江中路）,诸暨市,5,1,2025-03-04 00:51:13
1012312288YR7N8PO2AYP,东一路68弄（东二路-东一路）,诸暨市,46,35,2025-03-04 00:51:13
1012312288YR8IX5J60OX,东旺路218弄（东旺路-融媒体中心）,诸暨市,29,18,2025-03-04 00:51:13
1012312288YR8GIC67LS1,东旺路218弄(东旺路206弄-融媒体中心）,诸暨市,22,17,2025-03-04 00:51:13
1012312268YDHM7XGW3Y9,艮塔东路（滨江北路-江东路),诸暨市,33,15,2025-03-04 00:51:13
1012312288YRAJXAP73SX,滨江中路（望江二路-大桥东路）,诸暨市,45,33,2025-03-04 00:51:13
1019QKKS3RWOFEP,人防大厦停车场,诸暨市,48,48,2025-03-04 00:51:13
1012312268YD5WN09GPVL,八一横路（暨阳路-无名路）,诸暨市,46,20,2025-03-04 00:51:13
1012312288YR53DTVACCH,滨江南路（西施大街-滨江支路）,诸暨市,33,30,2025-03-04 00:51:13
1012312288YRC2EJF5N9D,望江三路（浣东北路-高湖路）,诸暨市,11,5,2025-03-04 00:51:13
1012312298YXGS3Y2CBNL,东旺路188弄（东旺路-东二环路）,诸暨市,10,6,2025-03-04 00:51:13
1012312288YRBZRTXR0G1,望江三路（高湖路-江东路）,诸暨市,15,12,2025-03-04 00:51:13
10124012093FZKG7Y8M4H,永昌南路（东一路-东二路）,诸暨市,63,47,2025-03-04 00:51:13
1012405049OQ8ZNVP3U2P,苎萝东路（东二环路-东旺路）1,诸暨市,29,21,2025-03-04 00:51:13
10124013095H4QPBO8UF5,东兴路50弄,诸暨市,7,7,2025-03-04 00:51:13
1012312288YRAXUGJT1J5,浣纱北路（大桥路-艮塔路）,诸暨市,59,22,2025-03-04 00:51:13
1012405079PB3TJY248W1,东三路（应山公园-东旺路）,诸暨市,44,43,2025-03-04 00:51:13
10124013095HHCMD4CC1T,艮塔东路（交通银行）,诸暨市,35,32,2025-03-04 00:51:13
1012312288YR79Z86T0XT,暨东路70弄（东一路-东旺路218弄）,诸暨市,32,22,2025-03-04 00:51:13
1012312288YR5UKH75K3L,艮塔东路（东二路-东一路),诸暨市,101,81,2025-03-04 00:51:13
1012312288YRADOD6CUM9,南兴路（南庠路-人民南路）,诸暨市,25,25,2025-03-04 00:51:13
1012312288YRBP13VO9A9,江东路（望江二路-望江三路）,诸暨市,13,4,2025-03-04 00:51:13
1012312288YR825E2P88X,苎萝东路（东二环路-东福路),诸暨市,115,88,2025-03-04 00:51:13
1019PDAS7RIP7GH,市民公园东北面停车场,诸暨市,27,14,2025-03-04 00:51:13
1019SEVYY7X0W75,十里牌停车场,诸暨市,69,69,2025-03-04 00:51:13
1012312288YR6EYGP1YWX,万风新世界（暨阳路-上庄路）,诸暨市,20,10,2025-03-04 00:51:13
1019PDPET4GWE81,市民公园北面停车场,诸暨市,14,8,2025-03-04 00:51:13
1012312288YR64NIVVNK1,浣纱中路（西施大街-大桥东路）,诸暨市,23,16,2025-03-04 00:51:13
10124013095GY8GDKUBY9,艮塔东路（高湖路-暨东路）,诸暨市,16,14,2025-03-04 00:51:13
1012312288YR5B22720W1,大桥东路（江东路-五角广场）,诸暨市,58,45,2025-03-04 00:51:13
1012312288YR5F42HE329,红旗路（人民中路-浣纱中路）,诸暨市,16,6,2025-03-04 00:51:12
1012312288YR8VUSTQYV5,东旺路182弄(康华大厦-东旺路),诸暨市,19,11,2025-03-04 00:51:12
1019S5R3X1SOHS1,一百淘宝城停车场,诸暨市,105,40,2025-03-04 00:51:12
1012312288YR9PO5N0TFL,苎萝东路（环城东路-东旺路）,诸暨市,54,50,2025-03-04 00:51:12
1012312288YR85VK6CYKH,和济路（东祥路-东旺路）,诸暨市,90,88,2025-03-04 00:51:12
1012312288YR9VX35V2M9,苎萝东路（环城东路-东祥路）,诸暨市,17,10,2025-03-04 00:51:12
1012312288YRB62F6P9TT,浣纱南路（南兴路-南屏路）,诸暨市,60,36,2025-03-04 00:51:12
1012312288YR5NVRFEV41,东安路(东二路-苎萝东路),诸暨市,6,4,2025-03-04 00:51:12
1012312288YR9HG704L4X,苎萝东路（东福路-东三环路）,诸暨市,107,107,2025-03-04 00:51:12
1012312288YR5JPT2UOZL,东兴路（苎萝东路-东二路）,诸暨市,62,46,2025-03-04 00:41:15
1012312288YRB24CYLBLT,浣纱南路（苎萝路-南兴路）,诸暨市,19,15,2025-03-04 00:41:15
1012312288YR3IHRSDDZ5,滨江南路（大桥东路-西施大街）,诸暨市,13,10,2025-03-04 00:41:15
1012312288YR3EFRI1BSX,滨江南路（滨江支路-浣东中路）,诸暨市,64,56,2025-03-04 00:41:15
1012312288YRBLMRYOUTD,江东路（望江一路-望江二路）,诸暨市,18,11,2025-03-04 00:41:15
1019REU2R6D37Y9,城东公园地下停车场,诸暨市,601,336,2025-03-04 00:41:15
1019N4FJ7J6DUYP,篮球场停车场,诸暨市,182,37,2025-03-04 00:41:15
1012312298YXIJSNZ82YP,东二路129弄（东一路88弄-东二路123弄）,诸暨市,10,10,2025-03-04 00:41:15
1012312288YR3MBVY988X,东兴北路（江东路-福门路）,诸暨市,19,15,2025-03-04 00:41:15
1012312288YRBS7JO7FUP,望江二路（高湖路-江东路）,诸暨市,10,8,2025-03-04 00:41:15
1012312288YRBA0HET81T,江东路（大桥东路-望江一路）,诸暨市,10,4,2025-03-04 00:41:15
1012312288YRBWX8BW5Q9,望江二路（浣东北路-高湖路）,诸暨市,5,2,2025-03-04 00:41:15
1012312288YR5XYT44YKH,艮塔东路（苎萝东路-东二路）,诸暨市,142,98,2025-03-04 00:41:15
1012312288YRBZRTXR0G1,望江三路（高湖路-江东路）,诸暨市,15,12,2025-03-04 00:41:14
1012312268YD5WN09GPVL,八一横路（暨阳路-无名路）,诸暨市,46,20,2025-03-04 00:41:14
1012312288YR68DOZJDVL,体育路（体育路二弄-红旗路）,诸暨市,12,8,2025-03-04 00:41:14
1019SEVYY7X0W75,十里牌停车场,诸暨市,69,69,2025-03-04 00:41:14
1012312288YR8IX5J60OX,东旺路218弄（东旺路-融媒体中心）,诸暨市,29,18,2025-03-04 00:41:14
1019PRTQD59LIWX,永乐路停车场,诸暨市,91,55,2025-03-04 00:41:14
1019PDAS7RIP7GH,市民公园东北面停车场,诸暨市,27,14,2025-03-04 00:41:14
1019JVX01UVMSCH,幸福家园停车场,诸暨市,72,10,2025-03-04 00:41:14
1019MAR69WRHHXD,西子公寓停车场,诸暨市,91,81,2025-03-04 00:41:14
1012312288YR5RTTNITC1,艮塔东路（江东路-高湖路）,诸暨市,39,26,2025-03-04 00:41:14
1019PDPET4GWE81,市民公园北面停车场,诸暨市,14,8,2025-03-04 00:41:14
1012312288YR53DTVACCH,滨江南路（西施大街-滨江支路）,诸暨市,33,30,2025-03-04 00:41:14
1012312288YR751NEO35T,东祥路（东二路-苎萝东路）,诸暨市,38,24,2025-03-04 00:41:14
1012312288YR61OZ7SOW1,浣纱中路（南屏路-西施大街）,诸暨市,14,4,2025-03-04 00:41:14
1012312288YR9LAB60FEP,苎萝东路（东兴路-东安路）,诸暨市,45,31,2025-03-04 00:41:14
1012312288YRAV3T06ARL,滨江中路（望江三路-望江二路）,诸暨市,30,25,2025-03-04 00:41:14
1012312288YR79Z86T0XT,暨东路70弄（东一路-东旺路218弄）,诸暨市,32,22,2025-03-04 00:41:14
1019B4Y82CZPJ41,诸暨浣东中路停车场,诸暨市,37,32,2025-03-04 00:41:14
1012312268YDHM7XGW3Y9,艮塔东路（滨江北路-江东路),诸暨市,33,14,2025-03-04 00:41:14
1012312288YRAXUGJT1J5,浣纱北路（大桥路-艮塔路）,诸暨市,59,22,2025-03-04 00:41:14
1012312288YR7CTTSNVNL,苎萝东路（环城东路-东兴路）,诸暨市,86,61,2025-03-04 00:41:14
1012312288YR8GIC67LS1,东旺路218弄(东旺路206弄-融媒体中心）,诸暨市,22,17,2025-03-04 00:41:14
1012312288YR8ZSV1UX35,东旺路150弄（东二环路-东旺路）,诸暨市,88,54,2025-03-04 00:41:14
1012312288YRBEU44Q1VL,滨江中路（艮塔东路-望江三路）,诸暨市,25,10,2025-03-04 00:41:14
1012312288YRC2EJF5N9D,望江三路（浣东北路-高湖路）,诸暨市,11,5,2025-03-04 00:41:14
1012312288YR7K67XR8CH,望江一路（浣东北路-江东路）,诸暨市,14,12,2025-03-04 00:41:14
1012312288YR6SFUARGU9,东祥路19弄（东祥路-环城东路）,诸暨市,12,6,2025-03-04 00:41:14
1012405079PB3TJY248W1,东三路（应山公园-东旺路）,诸暨市,44,43,2025-03-04 00:41:14
1012312288YR5UKH75K3L,艮塔东路（东二路-东一路),诸暨市,101,81,2025-03-04 00:41:14
1012312288YR7HFKE4HKX,西施大街（浣纱中路-人民中路）,诸暨市,28,17,2025-03-04 00:41:14
1012312288YRAJXAP73SX,滨江中路（望江二路-大桥东路）,诸暨市,45,33,2025-03-04 00:41:14
1012312288YRADOD6CUM9,南兴路（南庠路-人民南路）,诸暨市,25,25,2025-03-04 00:41:14
1012312288YR9376YUBK1,东旺路（东旺路150弄-苎萝东路）,诸暨市,18,16,2025-03-04 00:41:14
1012312288YRBI4HZHCE9,江东路（西施大街-大桥东路）,诸暨市,6,4,2025-03-04 00:41:14
1012312288YR6EYGP1YWX,万风新世界（暨阳路-上庄路）,诸暨市,20,8,2025-03-04 00:41:14
1012312288YR6IWIX5X4X,苎萝东路（东二环路-东旺路）,诸暨市,18,15,2025-03-04 00:41:14
1012312298YXGS3Y2CBNL,东旺路188弄（东旺路-东二环路）,诸暨市,10,6,2025-03-04 00:41:14
1012312288YR89HS7SKXT,东旺路（东旺路150弄-东二路）,诸暨市,18,4,2025-03-04 00:41:14
1012312288YRC518WKA2P,望江三路（江东路-滨江中路）,诸暨市,5,1,2025-03-04 00:41:14
1012312288YR9D2CJ4741,东二路（东祥路-环城东路）,诸暨市,25,20,2025-03-04 00:41:14
1012312288YR9ABOZHGCH,东二路（东旺路-东二环路）,诸暨市,47,18,2025-03-04 00:41:14
1012312288YR5B22720W1,大桥东路（江东路-五角广场）,诸暨市,58,45,2025-03-04 00:41:14
1012312288YR7V8S6IBCX,东一路88弄（东一路82弄-东一路）,诸暨市,27,20,2025-03-04 00:41:14
1012312288YR57VMEIUBL,大桥东路（大桥东路9号-江东路）,诸暨市,34,31,2025-03-04 00:41:14
10124013095HHCMD4CC1T,艮塔东路（交通银行）,诸暨市,35,32,2025-03-04 00:41:14
1012312298YXIV34CFDVL,东一路82弄（东二路123弄-东二路）,诸暨市,6,5,2025-03-04 00:41:14
10124013095H4QPBO8UF5,东兴路50弄,诸暨市,7,7,2025-03-04 00:41:14
1012312288YR6C3V37475,体育路（体育路-大桥东路）,诸暨市,8,6,2025-03-04 00:41:14
1012401199375YC6OSJ5T,东三路（东二环路-东旺路）,诸暨市,121,66,2025-03-04 00:41:13
1012312288YR7N8PO2AYP,东一路68弄（东二路-东一路）,诸暨市,46,35,2025-03-04 00:41:13
1012312288YR9PO5N0TFL,苎萝东路（环城东路-东旺路）,诸暨市,54,50,2025-03-04 00:41:13
1012312288YR9HG704L4X,苎萝东路（东福路-东三环路）,诸暨市,107,107,2025-03-04 00:41:13
10124012093FZKG7Y8M4H,永昌南路（东一路-东二路）,诸暨市,63,47,2025-03-04 00:41:13
1019S5R3X1SOHS1,一百淘宝城停车场,诸暨市,105,40,2025-03-04 00:41:13
10124013095GY8GDKUBY9,艮塔东路（高湖路-暨东路）,诸暨市,16,14,2025-03-04 00:41:13
1012312288YR7YF7Z1HXD,高湖路（望江二路-望江一路）,诸暨市,18,8,2025-03-04 00:41:13
1012312288YRB62F6P9TT,浣纱南路（南兴路-南屏路）,诸暨市,60,36,2025-03-04 00:41:13
1012312288YR5NVRFEV41,东安路(东二路-苎萝东路),诸暨市,6,3,2025-03-04 00:41:13
1019Q6UK2GUCAV5,市民公园地下停车场,诸暨市,227,165,2025-03-04 00:41:13
1019QKKS3RWOFEP,人防大厦停车场,诸暨市,48,48,2025-03-04 00:41:13
1012312288YR8VUSTQYV5,东旺路182弄(康华大厦-东旺路),诸暨市,19,11,2025-03-04 00:41:13
1012312288YRBP13VO9A9,江东路（望江二路-望江三路）,诸暨市,13,4,2025-03-04 00:41:13
1012312288YR64NIVVNK1,浣纱中路（西施大街-大桥东路）,诸暨市,23,16,2025-03-04 00:41:13
1012312288YR85VK6CYKH,和济路（东祥路-东旺路）,诸暨市,90,88,2025-03-04 00:41:13
1012312288YR825E2P88X,苎萝东路（东二环路-东福路),诸暨市,115,88,2025-03-04 00:41:13
1012312288YR5F42HE329,红旗路（人民中路-浣纱中路）,诸暨市,16,6,2025-03-04 00:41:13
1012312298YXHTPH9LYPT,东二路123弄（东旺路188弄-东二路）,诸暨市,61,41,2025-03-04 00:41:13
1012405049OQ8ZNVP3U2P,苎萝东路（东二环路-东旺路）1,诸暨市,29,21,2025-03-04 00:41:13
1012312288YR9VX35V2M9,苎萝东路（环城东路-东祥路）,诸暨市,17,10,2025-03-04 00:41:13
1019N4FJ7J6DUYP,篮球场停车场,诸暨市,182,37,2025-03-04 00:31:15
1012312288YRBS7JO7FUP,望江二路（高湖路-江东路）,诸暨市,10,8,2025-03-04 00:31:15
1012312288YR3IHRSDDZ5,滨江南路（大桥东路-西施大街）,诸暨市,13,10,2025-03-04 00:31:15
1012312288YR7V8S6IBCX,东一路88弄（东一路82弄-东一路）,诸暨市,27,20,2025-03-04 00:31:15
1019B4Y82CZPJ41,诸暨浣东中路停车场,诸暨市,37,32,2025-03-04 00:31:15
1019REU2R6D37Y9,城东公园地下停车场,诸暨市,601,336,2025-03-04 00:31:15
1019MAR69WRHHXD,西子公寓停车场,诸暨市,91,81,2025-03-04 00:31:15
1012312288YR6SFUARGU9,东祥路19弄（东祥路-环城东路）,诸暨市,12,6,2025-03-04 00:31:15
1012312288YR9LAB60FEP,苎萝东路（东兴路-东安路）,诸暨市,45,31,2025-03-04 00:31:15
1012312288YRBWX8BW5Q9,望江二路（浣东北路-高湖路）,诸暨市,5,2,2025-03-04 00:31:15
1012312288YR9D2CJ4741,东二路（东祥路-环城东路）,诸暨市,25,20,2025-03-04 00:31:15
1012312288YR89HS7SKXT,东旺路（东旺路150弄-东二路）,诸暨市,18,4,2025-03-04 00:31:15
1012312288YR68DOZJDVL,体育路（体育路二弄-红旗路）,诸暨市,12,8,2025-03-04 00:31:15
1019PDPET4GWE81,市民公园北面停车场,诸暨市,14,8,2025-03-04 00:31:15
1012312288YRBA0HET81T,江东路（大桥东路-望江一路）,诸暨市,10,4,2025-03-04 00:31:15
1012312298YXIV34CFDVL,东一路82弄（东二路123弄-东二路）,诸暨市,6,5,2025-03-04 00:31:15
1012312288YR61OZ7SOW1,浣纱中路（南屏路-西施大街）,诸暨市,14,4,2025-03-04 00:31:15
1012312288YR5XYT44YKH,艮塔东路（苎萝东路-东二路）,诸暨市,142,95,2025-03-04 00:31:15
1019PRTQD59LIWX,永乐路停车场,诸暨市,91,55,2025-03-04 00:31:15
1019JVX01UVMSCH,幸福家园停车场,诸暨市,72,10,2025-03-04 00:31:15
1012312288YRB24CYLBLT,浣纱南路（苎萝路-南兴路）,诸暨市,19,15,2025-03-04 00:31:15
1012312288YRC2EJF5N9D,望江三路（浣东北路-高湖路）,诸暨市,11,5,2025-03-04 00:31:15
1012312288YR6EYGP1YWX,万风新世界（暨阳路-上庄路）,诸暨市,20,7,2025-03-04 00:31:15
1012312288YR3MBVY988X,东兴北路（江东路-福门路）,诸暨市,19,15,2025-03-04 00:31:15
1012312288YRBI4HZHCE9,江东路（西施大街-大桥东路）,诸暨市,6,4,2025-03-04 00:31:15
1012312288YR5JPT2UOZL,东兴路（苎萝东路-东二路）,诸暨市,62,47,2025-03-04 00:31:15
1012312288YR3EFRI1BSX,滨江南路（滨江支路-浣东中路）,诸暨市,64,55,2025-03-04 00:31:15
1012312288YRBLMRYOUTD,江东路（望江一路-望江二路）,诸暨市,18,11,2025-03-04 00:31:15
1012312298YXIJSNZ82YP,东二路129弄（东一路88弄-东二路123弄）,诸暨市,10,10,2025-03-04 00:31:15
1012405079PB3TJY248W1,东三路（应山公园-东旺路）,诸暨市,44,43,2025-03-04 00:31:15
1012312288YR6C3V37475,体育路（体育路-大桥东路）,诸暨市,8,6,2025-03-04 00:31:15
1012312288YRADOD6CUM9,南兴路（南庠路-人民南路）,诸暨市,25,25,2025-03-04 00:31:14
1012312288YRBZRTXR0G1,望江三路（高湖路-江东路）,诸暨市,15,12,2025-03-04 00:31:14
1012312288YR7N8PO2AYP,东一路68弄（东二路-东一路）,诸暨市,46,36,2025-03-04 00:31:14
1012312288YRBEU44Q1VL,滨江中路（艮塔东路-望江三路）,诸暨市,25,10,2025-03-04 00:31:14
1012312288YR8IX5J60OX,东旺路218弄（东旺路-融媒体中心）,诸暨市,29,18,2025-03-04 00:31:14
1019S5R3X1SOHS1,一百淘宝城停车场,诸暨市,105,40,2025-03-04 00:31:14
1012312298YXGS3Y2CBNL,东旺路188弄（东旺路-东二环路）,诸暨市,10,6,2025-03-04 00:31:14
1012312288YR9PO5N0TFL,苎萝东路（环城东路-东旺路）,诸暨市,54,50,2025-03-04 00:31:14
10124013095H4QPBO8UF5,东兴路50弄,诸暨市,7,7,2025-03-04 00:31:14
1012401199375YC6OSJ5T,东三路（东二环路-东旺路）,诸暨市,121,66,2025-03-04 00:31:14
1012312288YR7CTTSNVNL,苎萝东路（环城东路-东兴路）,诸暨市,86,60,2025-03-04 00:31:14
1012312288YRBP13VO9A9,江东路（望江二路-望江三路）,诸暨市,13,5,2025-03-04 00:31:14
1012312288YRC518WKA2P,望江三路（江东路-滨江中路）,诸暨市,5,1,2025-03-04 00:31:14
1012312288YR79Z86T0XT,暨东路70弄（东一路-东旺路218弄）,诸暨市,32,22,2025-03-04 00:31:14
10124012093FZKG7Y8M4H,永昌南路（东一路-东二路）,诸暨市,63,47,2025-03-04 00:31:14
1012405049OQ8ZNVP3U2P,苎萝东路（东二环路-东旺路）1,诸暨市,29,21,2025-03-04 00:31:14
1012312288YR8VUSTQYV5,东旺路182弄(康华大厦-东旺路),诸暨市,19,11,2025-03-04 00:31:14
1012312288YR6IWIX5X4X,苎萝东路（东二环路-东旺路）,诸暨市,18,15,2025-03-04 00:31:14
1012312288YR7YF7Z1HXD,高湖路（望江二路-望江一路）,诸暨市,18,7,2025-03-04 00:31:14
1012312288YR9ABOZHGCH,东二路（东旺路-东二环路）,诸暨市,47,18,2025-03-04 00:31:14
1012312288YRB62F6P9TT,浣纱南路（南兴路-南屏路）,诸暨市,60,36,2025-03-04 00:31:14
1012312288YR64NIVVNK1,浣纱中路（西施大街-大桥东路）,诸暨市,23,16,2025-03-04 00:31:14
1012312288YR5UKH75K3L,艮塔东路（东二路-东一路),诸暨市,101,80,2025-03-04 00:31:14
1012312288YR7HFKE4HKX,西施大街（浣纱中路-人民中路）,诸暨市,28,17,2025-03-04 00:31:14
1012312288YR5F42HE329,红旗路（人民中路-浣纱中路）,诸暨市,16,6,2025-03-04 00:31:14
1012312288YR8ZSV1UX35,东旺路150弄（东二环路-东旺路）,诸暨市,88,54,2025-03-04 00:31:14
1012312288YR9HG704L4X,苎萝东路（东福路-东三环路）,诸暨市,107,107,2025-03-04 00:31:14
1012312288YRAJXAP73SX,滨江中路（望江二路-大桥东路）,诸暨市,45,33,2025-03-04 00:31:14
1019QKKS3RWOFEP,人防大厦停车场,诸暨市,48,48,2025-03-04 00:31:14
1012312288YR5RTTNITC1,艮塔东路（江东路-高湖路）,诸暨市,39,26,2025-03-04 00:31:14
1012312288YR53DTVACCH,滨江南路（西施大街-滨江支路）,诸暨市,33,30,2025-03-04 00:31:14
1012312288YR8GIC67LS1,东旺路218弄(东旺路206弄-融媒体中心）,诸暨市,22,17,2025-03-04 00:31:14
1019PDAS7RIP7GH,市民公园东北面停车场,诸暨市,27,14,2025-03-04 00:31:14
1012312288YR5NVRFEV41,东安路(东二路-苎萝东路),诸暨市,6,4,2025-03-04 00:31:14
1012312288YR7K67XR8CH,望江一路（浣东北路-江东路）,诸暨市,14,12,2025-03-04 00:31:14
1012312268YD5WN09GPVL,八一横路（暨阳路-无名路）,诸暨市,46,20,2025-03-04 00:31:14
1012312298YXHTPH9LYPT,东二路123弄（东旺路188弄-东二路）,诸暨市,61,41,2025-03-04 00:31:14
1012312288YR5B22720W1,大桥东路（江东路-五角广场）,诸暨市,58,45,2025-03-04 00:31:14
1019SEVYY7X0W75,十里牌停车场,诸暨市,69,69,2025-03-04 00:31:14
10124013095HHCMD4CC1T,艮塔东路（交通银行）,诸暨市,35,32,2025-03-04 00:31:14
1019Q6UK2GUCAV5,市民公园地下停车场,诸暨市,227,165,2025-03-04 00:31:14
1012312288YRAXUGJT1J5,浣纱北路（大桥路-艮塔路）,诸暨市,59,21,2025-03-04 00:31:14
1012312288YR751NEO35T,东祥路（东二路-苎萝东路）,诸暨市,38,24,2025-03-04 00:31:14
1012312288YR9VX35V2M9,苎萝东路（环城东路-东祥路）,诸暨市,17,10,2025-03-04 00:31:14
1012312268YDHM7XGW3Y9,艮塔东路（滨江北路-江东路),诸暨市,33,15,2025-03-04 00:31:14
1012312288YR85VK6CYKH,和济路（东祥路-东旺路）,诸暨市,90,88,2025-03-04 00:31:14
1012312288YR57VMEIUBL,大桥东路（大桥东路9号-江东路）,诸暨市,34,29,2025-03-04 00:31:14
1012312288YR825E2P88X,苎萝东路（东二环路-东福路),诸暨市,115,89,2025-03-04 00:31:14
1012312288YRAV3T06ARL,滨江中路（望江三路-望江二路）,诸暨市,30,25,2025-03-04 00:31:14
1012312288YR9376YUBK1,东旺路（东旺路150弄-苎萝东路）,诸暨市,18,17,2025-03-04 00:31:14
10124013095GY8GDKUBY9,艮塔东路（高湖路-暨东路）,诸暨市,16,14,2025-03-04 00:31:14
1012312298YXIV34CFDVL,东一路82弄（东二路123弄-东二路）,诸暨市,6,5,2025-03-04 00:21:14
1012312268YD5WN09GPVL,八一横路（暨阳路-无名路）,诸暨市,46,20,2025-03-04 00:21:14
1012312298YXIJSNZ82YP,东二路129弄（东一路88弄-东二路123弄）,诸暨市,10,10,2025-03-04 00:21:14
1012312288YR3EFRI1BSX,滨江南路（滨江支路-浣东中路）,诸暨市,64,55,2025-03-04 00:21:14
1012312288YRBI4HZHCE9,江东路（西施大街-大桥东路）,诸暨市,6,4,2025-03-04 00:21:14
1012312288YR9ABOZHGCH,东二路（东旺路-东二环路）,诸暨市,47,18,2025-03-04 00:21:14
1012312288YRAV3T06ARL,滨江中路（望江三路-望江二路）,诸暨市,30,26,2025-03-04 00:21:14
1012312288YR9LAB60FEP,苎萝东路（东兴路-东安路）,诸暨市,45,32,2025-03-04 00:21:14
1012312288YR8IX5J60OX,东旺路218弄（东旺路-融媒体中心）,诸暨市,29,18,2025-03-04 00:21:14
1019MAR69WRHHXD,西子公寓停车场,诸暨市,91,81,2025-03-04 00:21:14
1019B4Y82CZPJ41,诸暨浣东中路停车场,诸暨市,37,32,2025-03-04 00:21:14
1012312288YRC2EJF5N9D,望江三路（浣东北路-高湖路）,诸暨市,11,5,2025-03-04 00:21:14
1012312288YRBWX8BW5Q9,望江二路（浣东北路-高湖路）,诸暨市,5,2,2025-03-04 00:21:14
1012312288YR5UKH75K3L,艮塔东路（东二路-东一路),诸暨市,101,79,2025-03-04 00:21:14
1012312288YR5B22720W1,大桥东路（江东路-五角广场）,诸暨市,58,45,2025-03-04 00:21:14
1019PDAS7RIP7GH,市民公园东北面停车场,诸暨市,27,14,2025-03-04 00:21:14
1012312288YR6EYGP1YWX,万风新世界（暨阳路-上庄路）,诸暨市,20,6,2025-03-04 00:21:14
1012312268YDHM7XGW3Y9,艮塔东路（滨江北路-江东路),诸暨市,33,15,2025-03-04 00:21:14
10124013095HHCMD4CC1T,艮塔东路（交通银行）,诸暨市,35,32,2025-03-04 00:21:14
1012312288YR9D2CJ4741,东二路（东祥路-环城东路）,诸暨市,25,20,2025-03-04 00:21:14
1012312288YRB24CYLBLT,浣纱南路（苎萝路-南兴路）,诸暨市,19,15,2025-03-04 00:21:14
1019REU2R6D37Y9,城东公园地下停车场,诸暨市,601,336,2025-03-04 00:21:14
1012312288YR9376YUBK1,东旺路（东旺路150弄-苎萝东路）,诸暨市,18,17,2025-03-04 00:21:14
10124013095H4QPBO8UF5,东兴路50弄,诸暨市,7,7,2025-03-04 00:21:14
1012312288YR3IHRSDDZ5,滨江南路（大桥东路-西施大街）,诸暨市,13,10,2025-03-04 00:21:14
1012312288YR7V8S6IBCX,东一路88弄（东一路82弄-东一路）,诸暨市,27,20,2025-03-04 00:21:14
1012405079PB3TJY248W1,东三路（应山公园-东旺路）,诸暨市,44,42,2025-03-04 00:21:14
1012312288YR5JPT2UOZL,东兴路（苎萝东路-东二路）,诸暨市,62,46,2025-03-04 00:21:14
1012312288YR7HFKE4HKX,西施大街（浣纱中路-人民中路）,诸暨市,28,15,2025-03-04 00:21:14
1019JVX01UVMSCH,幸福家园停车场,诸暨市,72,10,2025-03-04 00:21:14
1012312288YR8GIC67LS1,东旺路218弄(东旺路206弄-融媒体中心）,诸暨市,22,17,2025-03-04 00:21:14
1012312288YR57VMEIUBL,大桥东路（大桥东路9号-江东路）,诸暨市,34,29,2025-03-04 00:21:14
1012312288YR68DOZJDVL,体育路（体育路二弄-红旗路）,诸暨市,12,8,2025-03-04 00:21:14
1012312288YRBS7JO7FUP,望江二路（高湖路-江东路）,诸暨市,10,8,2025-03-04 00:21:14
1019PDPET4GWE81,市民公园北面停车场,诸暨市,14,8,2025-03-04 00:21:14
1012312288YR5XYT44YKH,艮塔东路（苎萝东路-东二路）,诸暨市,142,97,2025-03-04 00:21:14
1012312288YR6C3V37475,体育路（体育路-大桥东路）,诸暨市,8,6,2025-03-04 00:21:14
1012312288YRBZRTXR0G1,望江三路（高湖路-江东路）,诸暨市,15,12,2025-03-04 00:21:14
1012312288YRBLMRYOUTD,江东路（望江一路-望江二路）,诸暨市,18,11,2025-03-04 00:21:14
1019N4FJ7J6DUYP,篮球场停车场,诸暨市,182,37,2025-03-04 00:21:14
1012312288YRAXUGJT1J5,浣纱北路（大桥路-艮塔路）,诸暨市,59,20,2025-03-04 00:21:14
1012312288YR89HS7SKXT,东旺路（东旺路150弄-东二路）,诸暨市,18,4,2025-03-04 00:21:14
1012312288YR6SFUARGU9,东祥路19弄（东祥路-环城东路）,诸暨市,12,6,2025-03-04 00:21:14
1012312288YR8ZSV1UX35,东旺路150弄（东二环路-东旺路）,诸暨市,88,54,2025-03-04 00:21:14
1012312288YR61OZ7SOW1,浣纱中路（南屏路-西施大街）,诸暨市,14,4,2025-03-04 00:21:14
1012312288YR3MBVY988X,东兴北路（江东路-福门路）,诸暨市,19,15,2025-03-04 00:21:14
1012312288YRBA0HET81T,江东路（大桥东路-望江一路）,诸暨市,10,4,2025-03-04 00:21:14
1012312288YRAJXAP73SX,滨江中路（望江二路-大桥东路）,诸暨市,45,33,2025-03-04 00:21:14
1019PRTQD59LIWX,永乐路停车场,诸暨市,91,55,2025-03-04 00:21:14
1019SEVYY7X0W75,十里牌停车场,诸暨市,69,69,2025-03-04 00:21:14
1012312288YRADOD6CUM9,南兴路（南庠路-人民南路）,诸暨市,25,25,2025-03-04 00:21:13
1012312288YR8VUSTQYV5,东旺路182弄(康华大厦-东旺路),诸暨市,19,11,2025-03-04 00:21:13
10124013095GY8GDKUBY9,艮塔东路（高湖路-暨东路）,诸暨市,16,14,2025-03-04 00:21:13
1012401199375YC6OSJ5T,东三路（东二环路-东旺路）,诸暨市,121,67,2025-03-04 00:21:13
1012312288YR9VX35V2M9,苎萝东路（环城东路-东祥路）,诸暨市,17,10,2025-03-04 00:21:13
1019S5R3X1SOHS1,一百淘宝城停车场,诸暨市,105,40,2025-03-04 00:21:13
1012312288YR5RTTNITC1,艮塔东路（江东路-高湖路）,诸暨市,39,26,2025-03-04 00:21:13
1012312288YR7CTTSNVNL,苎萝东路（环城东路-东兴路）,诸暨市,86,58,2025-03-04 00:21:13
1012312288YRB62F6P9TT,浣纱南路（南兴路-南屏路）,诸暨市,60,36,2025-03-04 00:21:13
1012312288YR64NIVVNK1,浣纱中路（西施大街-大桥东路）,诸暨市,23,15,2025-03-04 00:21:13
1019Q6UK2GUCAV5,市民公园地下停车场,诸暨市,227,165,2025-03-04 00:21:13
1012312288YR79Z86T0XT,暨东路70弄（东一路-东旺路218弄）,诸暨市,32,22,2025-03-04 00:21:13
1012312288YR85VK6CYKH,和济路（东祥路-东旺路）,诸暨市,90,88,2025-03-04 00:21:13
1012312288YR7N8PO2AYP,东一路68弄（东二路-东一路）,诸暨市,46,36,2025-03-04 00:21:13
10124012093FZKG7Y8M4H,永昌南路（东一路-东二路）,诸暨市,63,47,2025-03-04 00:21:13
1012405049OQ8ZNVP3U2P,苎萝东路（东二环路-东旺路）1,诸暨市,29,21,2025-03-04 00:21:13
1012312288YRBEU44Q1VL,滨江中路（艮塔东路-望江三路）,诸暨市,25,10,2025-03-04 00:21:13
1012312288YRBP13VO9A9,江东路（望江二路-望江三路）,诸暨市,13,5,2025-03-04 00:21:13
1019QKKS3RWOFEP,人防大厦停车场,诸暨市,48,48,2025-03-04 00:21:13
1012312298YXHTPH9LYPT,东二路123弄（东旺路188弄-东二路）,诸暨市,61,41,2025-03-04 00:21:13
1012312288YR5F42HE329,红旗路（人民中路-浣纱中路）,诸暨市,16,6,2025-03-04 00:21:13
1012312288YR6IWIX5X4X,苎萝东路（东二环路-东旺路）,诸暨市,18,15,2025-03-04 00:21:13
1012312288YR53DTVACCH,滨江南路（西施大街-滨江支路）,诸暨市,33,29,2025-03-04 00:21:13
1012312288YRC518WKA2P,望江三路（江东路-滨江中路）,诸暨市,5,1,2025-03-04 00:21:13
1012312288YR9PO5N0TFL,苎萝东路（环城东路-东旺路）,诸暨市,54,48,2025-03-04 00:21:13
1012312288YR7K67XR8CH,望江一路（浣东北路-江东路）,诸暨市,14,12,2025-03-04 00:21:13
1012312288YR825E2P88X,苎萝东路（东二环路-东福路),诸暨市,115,89,2025-03-04 00:21:13
1012312288YR7YF7Z1HXD,高湖路（望江二路-望江一路）,诸暨市,18,7,2025-03-04 00:21:13
1012312288YR9HG704L4X,苎萝东路（东福路-东三环路）,诸暨市,107,107,2025-03-04 00:21:13
1012312288YR751NEO35T,东祥路（东二路-苎萝东路）,诸暨市,38,23,2025-03-04 00:21:13
1012312288YR5NVRFEV41,东安路(东二路-苎萝东路),诸暨市,6,4,2025-03-04 00:21:13
1012312298YXGS3Y2CBNL,东旺路188弄（东旺路-东二环路）,诸暨市,10,6,2025-03-04 00:21:13
1012312288YR3IHRSDDZ5,滨江南路（大桥东路-西施大街）,诸暨市,13,10,2025-03-04 00:11:15
1012312288YRBLMRYOUTD,江东路（望江一路-望江二路）,诸暨市,18,12,2025-03-04 00:11:15
1019REU2R6D37Y9,城东公园地下停车场,诸暨市,601,336,2025-03-04 00:11:15
1012312298YXIJSNZ82YP,东二路129弄（东一路88弄-东二路123弄）,诸暨市,10,10,2025-03-04 00:11:15
1012312288YR5JPT2UOZL,东兴路（苎萝东路-东二路）,诸暨市,62,46,2025-03-04 00:11:15
1012312288YR3MBVY988X,东兴北路（江东路-福门路）,诸暨市,19,15,2025-03-04 00:11:15
1012312288YR3EFRI1BSX,滨江南路（滨江支路-浣东中路）,诸暨市,64,55,2025-03-04 00:11:15
1012312288YRBA0HET81T,江东路（大桥东路-望江一路）,诸暨市,10,4,2025-03-04 00:11:15
1012312288YRBWX8BW5Q9,望江二路（浣东北路-高湖路）,诸暨市,5,2,2025-03-04 00:11:15
1012312288YRBS7JO7FUP,望江二路（高湖路-江东路）,诸暨市,10,8,2025-03-04 00:11:15
1019N4FJ7J6DUYP,篮球场停车场,诸暨市,182,37,2025-03-04 00:11:15
1012312288YRB24CYLBLT,浣纱南路（苎萝路-南兴路）,诸暨市,19,14,2025-03-04 00:11:15
1012312288YR5XYT44YKH,艮塔东路（苎萝东路-东二路）,诸暨市,142,96,2025-03-04 00:11:15
1012312288YR57VMEIUBL,大桥东路（大桥东路9号-江东路）,诸暨市,34,29,2025-03-04 00:11:14
1012312288YRAXUGJT1J5,浣纱北路（大桥路-艮塔路）,诸暨市,59,21,2025-03-04 00:11:14
1012312288YR53DTVACCH,滨江南路（西施大街-滨江支路）,诸暨市,33,29,2025-03-04 00:11:14
1012312288YRBI4HZHCE9,江东路（西施大街-大桥东路）,诸暨市,6,4,2025-03-04 00:11:14
1012312288YRBZRTXR0G1,望江三路（高湖路-江东路）,诸暨市,15,12,2025-03-04 00:11:14
1012405079PB3TJY248W1,东三路（应山公园-东旺路）,诸暨市,44,42,2025-03-04 00:11:14
1012312288YR8ZSV1UX35,东旺路150弄（东二环路-东旺路）,诸暨市,88,52,2025-03-04 00:11:14
1019B4Y82CZPJ41,诸暨浣东中路停车场,诸暨市,37,32,2025-03-04 00:11:14
1012312288YR6EYGP1YWX,万风新世界（暨阳路-上庄路）,诸暨市,20,5,2025-03-04 00:11:14
1012312288YR7HFKE4HKX,西施大街（浣纱中路-人民中路）,诸暨市,28,17,2025-03-04 00:11:14
1012312288YR7V8S6IBCX,东一路88弄（东一路82弄-东一路）,诸暨市,27,20,2025-03-04 00:11:14
1019MAR69WRHHXD,西子公寓停车场,诸暨市,91,81,2025-03-04 00:11:14
1012312288YRC2EJF5N9D,望江三路（浣东北路-高湖路）,诸暨市,11,5,2025-03-04 00:11:14
1012312288YRADOD6CUM9,南兴路（南庠路-人民南路）,诸暨市,25,25,2025-03-04 00:11:14
1012312288YR89HS7SKXT,东旺路（东旺路150弄-东二路）,诸暨市,18,4,2025-03-04 00:11:14
1019JVX01UVMSCH,幸福家园停车场,诸暨市,72,10,2025-03-04 00:11:14
1012312288YRBEU44Q1VL,滨江中路（艮塔东路-望江三路）,诸暨市,25,11,2025-03-04 00:11:14
1012312288YRAJXAP73SX,滨江中路（望江二路-大桥东路）,诸暨市,45,33,2025-03-04 00:11:14
1012312288YR61OZ7SOW1,浣纱中路（南屏路-西施大街）,诸暨市,14,4,2025-03-04 00:11:14
1012312288YR7CTTSNVNL,苎萝东路（环城东路-东兴路）,诸暨市,86,58,2025-03-04 00:11:14
1012312268YD5WN09GPVL,八一横路（暨阳路-无名路）,诸暨市,46,20,2025-03-04 00:11:14
1012312268YDHM7XGW3Y9,艮塔东路（滨江北路-江东路),诸暨市,33,16,2025-03-04 00:11:14
10124013095H4QPBO8UF5,东兴路50弄,诸暨市,7,7,2025-03-04 00:11:14
1012312288YR6SFUARGU9,东祥路19弄（东祥路-环城东路）,诸暨市,12,6,2025-03-04 00:11:14
1019PDPET4GWE81,市民公园北面停车场,诸暨市,14,8,2025-03-04 00:11:14
1012312298YXIV34CFDVL,东一路82弄（东二路123弄-东二路）,诸暨市,6,5,2025-03-04 00:11:14
1012312288YR8IX5J60OX,东旺路218弄（东旺路-融媒体中心）,诸暨市,29,18,2025-03-04 00:11:14
1012312288YR9D2CJ4741,东二路（东祥路-环城东路）,诸暨市,25,20,2025-03-04 00:11:14
1012312288YR9LAB60FEP,苎萝东路（东兴路-东安路）,诸暨市,45,31,2025-03-04 00:11:14
1012312288YR68DOZJDVL,体育路（体育路二弄-红旗路）,诸暨市,12,8,2025-03-04 00:11:14
1012312288YR6C3V37475,体育路（体育路-大桥东路）,诸暨市,8,6,2025-03-04 00:11:14
1019PDAS7RIP7GH,市民公园东北面停车场,诸暨市,27,14,2025-03-04 00:11:14
1019PRTQD59LIWX,永乐路停车场,诸暨市,91,55,2025-03-04 00:11:14
1012312288YR5UKH75K3L,艮塔东路（东二路-东一路),诸暨市,101,80,2025-03-04 00:11:14
1019SEVYY7X0W75,十里牌停车场,诸暨市,69,69,2025-03-04 00:11:14
1012312298YXGS3Y2CBNL,东旺路188弄（东旺路-东二环路）,诸暨市,10,6,2025-03-04 00:11:14
10124013095HHCMD4CC1T,艮塔东路（交通银行）,诸暨市,35,32,2025-03-04 00:11:14
1012312288YR5B22720W1,大桥东路（江东路-五角广场）,诸暨市,58,44,2025-03-04 00:11:14
1012312288YR9376YUBK1,东旺路（东旺路150弄-苎萝东路）,诸暨市,18,17,2025-03-04 00:11:14
1012312288YR8GIC67LS1,东旺路218弄(东旺路206弄-融媒体中心）,诸暨市,22,17,2025-03-04 00:11:14
1012312288YR6IWIX5X4X,苎萝东路（东二环路-东旺路）,诸暨市,18,15,2025-03-04 00:11:14
1012312288YRAV3T06ARL,滨江中路（望江三路-望江二路）,诸暨市,30,25,2025-03-04 00:11:14
1012312288YR9ABOZHGCH,东二路（东旺路-东二环路）,诸暨市,47,20,2025-03-04 00:11:14
1012312288YRC518WKA2P,望江三路（江东路-滨江中路）,诸暨市,5,1,2025-03-04 00:11:14
1012312288YR825E2P88X,苎萝东路（东二环路-东福路),诸暨市,115,86,2025-03-04 00:11:13
1012312288YRB62F6P9TT,浣纱南路（南兴路-南屏路）,诸暨市,60,37,2025-03-04 00:11:13
1012312288YR9HG704L4X,苎萝东路（东福路-东三环路）,诸暨市,107,107,2025-03-04 00:11:13
1012312288YR5F42HE329,红旗路（人民中路-浣纱中路）,诸暨市,16,6,2025-03-04 00:11:13
1012312288YR7YF7Z1HXD,高湖路（望江二路-望江一路）,诸暨市,18,7,2025-03-04 00:11:13
1019QKKS3RWOFEP,人防大厦停车场,诸暨市,48,48,2025-03-04 00:11:13
1012312288YR7N8PO2AYP,东一路68弄（东二路-东一路）,诸暨市,46,35,2025-03-04 00:11:13
1019S5R3X1SOHS1,一百淘宝城停车场,诸暨市,105,40,2025-03-04 00:11:13
1012312288YR64NIVVNK1,浣纱中路（西施大街-大桥东路）,诸暨市,23,12,2025-03-04 00:11:13
1012312288YR7K67XR8CH,望江一路（浣东北路-江东路）,诸暨市,14,12,2025-03-04 00:11:13
1019Q6UK2GUCAV5,市民公园地下停车场,诸暨市,227,165,2025-03-04 00:11:13
1012312288YR79Z86T0XT,暨东路70弄（东一路-东旺路218弄）,诸暨市,32,22,2025-03-04 00:11:13
1012312288YR8VUSTQYV5,东旺路182弄(康华大厦-东旺路),诸暨市,19,11,2025-03-04 00:11:13
1012312288YR5RTTNITC1,艮塔东路（江东路-高湖路）,诸暨市,39,25,2025-03-04 00:11:13
1012312288YR9VX35V2M9,苎萝东路（环城东路-东祥路）,诸暨市,17,10,2025-03-04 00:11:13
10124012093FZKG7Y8M4H,永昌南路（东一路-东二路）,诸暨市,63,47,2025-03-04 00:11:13
1012312288YR9PO5N0TFL,苎萝东路（环城东路-东旺路）,诸暨市,54,48,2025-03-04 00:11:13
1012312288YR5NVRFEV41,东安路(东二路-苎萝东路),诸暨市,6,4,2025-03-04 00:11:13
1012405049OQ8ZNVP3U2P,苎萝东路（东二环路-东旺路）1,诸暨市,29,21,2025-03-04 00:11:13
10124013095GY8GDKUBY9,艮塔东路（高湖路-暨东路）,诸暨市,16,14,2025-03-04 00:11:13
1012312288YR751NEO35T,东祥路（东二路-苎萝东路）,诸暨市,38,22,2025-03-04 00:11:13
1012312288YRBP13VO9A9,江东路（望江二路-望江三路）,诸暨市,13,6,2025-03-04 00:11:13
1012312288YR85VK6CYKH,和济路（东祥路-东旺路）,诸暨市,90,88,2025-03-04 00:11:13
1012312298YXHTPH9LYPT,东二路123弄（东旺路188弄-东二路）,诸暨市,61,42,2025-03-04 00:11:13
1012401199375YC6OSJ5T,东三路（东二环路-东旺路）,诸暨市,121,66,2025-03-04 00:11:13
1012312288YR5JPT2UOZL,东兴路（苎萝东路-东二路）,诸暨市,62,46,2025-03-04 00:00:03
1012312298YXIJSNZ82YP,东二路129弄（东一路88弄-东二路123弄）,诸暨市,10,10,2025-03-04 00:00:03
1012312288YR5XYT44YKH,艮塔东路（苎萝东路-东二路）,诸暨市,142,95,2025-03-04 00:00:03
1012312288YR3EFRI1BSX,滨江南路（滨江支路-浣东中路）,诸暨市,64,54,2025-03-04 00:00:03
1012312288YRBA0HET81T,江东路（大桥东路-望江一路）,诸暨市,10,4,2025-03-04 00:00:03
1012312288YR3IHRSDDZ5,滨江南路（大桥东路-西施大街）,诸暨市,13,10,2025-03-04 00:00:03
1012312288YR3MBVY988X,东兴北路（江东路-福门路）,诸暨市,19,15,2025-03-04 00:00:03
1012312288YRBS7JO7FUP,望江二路（高湖路-江东路）,诸暨市,10,8,2025-03-04 00:00:03
1012312288YRBWX8BW5Q9,望江二路（浣东北路-高湖路）,诸暨市,5,2,2025-03-04 00:00:03
1019N4FJ7J6DUYP,篮球场停车场,诸暨市,182,37,2025-03-04 00:00:03
1012312288YRB24CYLBLT,浣纱南路（苎萝路-南兴路）,诸暨市,19,14,2025-03-04 00:00:03
1019REU2R6D37Y9,城东公园地下停车场,诸暨市,601,336,2025-03-04 00:00:03
1019JVX01UVMSCH,幸福家园停车场,诸暨市,72,9,2025-03-04 00:00:02
1012312288YR6EYGP1YWX,万风新世界（暨阳路-上庄路）,诸暨市,20,6,2025-03-04 00:00:02
1012312288YR7HFKE4HKX,西施大街（浣纱中路-人民中路）,诸暨市,28,16,2025-03-04 00:00:02
1012312288YRBZRTXR0G1,望江三路（高湖路-江东路）,诸暨市,15,12,2025-03-04 00:00:02
1012312288YR5B22720W1,大桥东路（江东路-五角广场）,诸暨市,58,44,2025-03-04 00:00:02
10124013095HHCMD4CC1T,艮塔东路（交通银行）,诸暨市,35,32,2025-03-04 00:00:02
1012312288YR9ABOZHGCH,东二路（东旺路-东二环路）,诸暨市,47,20,2025-03-04 00:00:02
1012312288YR61OZ7SOW1,浣纱中路（南屏路-西施大街）,诸暨市,14,6,2025-03-04 00:00:02
1012312288YRBI4HZHCE9,江东路（西施大街-大桥东路）,诸暨市,6,4,2025-03-04 00:00:02
1012312288YR68DOZJDVL,体育路（体育路二弄-红旗路）,诸暨市,12,8,2025-03-04 00:00:02
1012312288YR9376YUBK1,东旺路（东旺路150弄-苎萝东路）,诸暨市,18,16,2025-03-04 00:00:02
1012312288YR6SFUARGU9,东祥路19弄（东祥路-环城东路）,诸暨市,12,6,2025-03-04 00:00:02
1012312268YDHM7XGW3Y9,艮塔东路（滨江北路-江东路),诸暨市,33,15,2025-03-04 00:00:02
1012312288YR7V8S6IBCX,东一路88弄（东一路82弄-东一路）,诸暨市,27,20,2025-03-04 00:00:02
1012312288YR57VMEIUBL,大桥东路（大桥东路9号-江东路）,诸暨市,34,29,2025-03-04 00:00:02
1019PRTQD59LIWX,永乐路停车场,诸暨市,91,55,2025-03-04 00:00:02
10124013095H4QPBO8UF5,东兴路50弄,诸暨市,7,7,2025-03-04 00:00:02
1019PDPET4GWE81,市民公园北面停车场,诸暨市,14,8,2025-03-04 00:00:02
1012312288YRC2EJF5N9D,望江三路（浣东北路-高湖路）,诸暨市,11,5,2025-03-04 00:00:02
1012312288YR9LAB60FEP,苎萝东路（东兴路-东安路）,诸暨市,45,30,2025-03-04 00:00:02
1019MAR69WRHHXD,西子公寓停车场,诸暨市,91,81,2025-03-04 00:00:02
1019B4Y82CZPJ41,诸暨浣东中路停车场,诸暨市,37,32,2025-03-04 00:00:02
1012312288YR9D2CJ4741,东二路（东祥路-环城东路）,诸暨市,25,20,2025-03-04 00:00:02
1012312288YR6C3V37475,体育路（体育路-大桥东路）,诸暨市,8,6,2025-03-04 00:00:02
1012312298YXIV34CFDVL,东一路82弄（东二路123弄-东二路）,诸暨市,6,5,2025-03-04 00:00:02
1012312288YR5UKH75K3L,艮塔东路（东二路-东一路),诸暨市,101,77,2025-03-04 00:00:02
1012312288YRAV3T06ARL,滨江中路（望江三路-望江二路）,诸暨市,30,24,2025-03-04 00:00:02
1012312288YRBLMRYOUTD,江东路（望江一路-望江二路）,诸暨市,18,12,2025-03-04 00:00:02
1012405079PB3TJY248W1,东三路（应山公园-东旺路）,诸暨市,44,42,2025-03-04 00:00:02
1012312288YRAJXAP73SX,滨江中路（望江二路-大桥东路）,诸暨市,45,33,2025-03-04 00:00:02
1019PDAS7RIP7GH,市民公园东北面停车场,诸暨市,27,14,2025-03-04 00:00:02
1012312288YR89HS7SKXT,东旺路（东旺路150弄-东二路）,诸暨市,18,4,2025-03-04 00:00:02
1012312288YR53DTVACCH,滨江南路（西施大街-滨江支路）,诸暨市,33,29,2025-03-04 00:00:01
1012312288YR79Z86T0XT,暨东路70弄（东一路-东旺路218弄）,诸暨市,32,22,2025-03-04 00:00:01
1012312288YRAXUGJT1J5,浣纱北路（大桥路-艮塔路）,诸暨市,59,20,2025-03-04 00:00:01
1012312298YXGS3Y2CBNL,东旺路188弄（东旺路-东二环路）,诸暨市,10,5,2025-03-04 00:00:01
1012312288YR7K67XR8CH,望江一路（浣东北路-江东路）,诸暨市,14,12,2025-03-04 00:00:01
10124013095GY8GDKUBY9,艮塔东路（高湖路-暨东路）,诸暨市,16,14,2025-03-04 00:00:01
1012312288YR751NEO35T,东祥路（东二路-苎萝东路）,诸暨市,38,22,2025-03-04 00:00:01
1012312288YRBEU44Q1VL,滨江中路（艮塔东路-望江三路）,诸暨市,25,11,2025-03-04 00:00:01
1012312288YR5RTTNITC1,艮塔东路（江东路-高湖路）,诸暨市,39,24,2025-03-04 00:00:01
1012312288YR6IWIX5X4X,苎萝东路（东二环路-东旺路）,诸暨市,18,15,2025-03-04 00:00:01
1012312288YR7CTTSNVNL,苎萝东路（环城东路-东兴路）,诸暨市,86,57,2025-03-04 00:00:01
1012312288YRADOD6CUM9,南兴路（南庠路-人民南路）,诸暨市,25,25,2025-03-04 00:00:01
1019SEVYY7X0W75,十里牌停车场,诸暨市,69,69,2025-03-04 00:00:01
1012312288YR8GIC67LS1,东旺路218弄(东旺路206弄-融媒体中心）,诸暨市,22,17,2025-03-04 00:00:01
1012312288YR8ZSV1UX35,东旺路150弄（东二环路-东旺路）,诸暨市,88,52,2025-03-04 00:00:01
1012312288YRC518WKA2P,望江三路（江东路-滨江中路）,诸暨市,5,1,2025-03-04 00:00:01
1012312288YR825E2P88X,苎萝东路（东二环路-东福路),诸暨市,115,84,2025-03-04 00:00:01
1012312268YD5WN09GPVL,八一横路（暨阳路-无名路）,诸暨市,46,20,2025-03-04 00:00:01
1012312288YR8IX5J60OX,东旺路218弄（东旺路-融媒体中心）,诸暨市,29,17,2025-03-04 00:00:01
1012312288YR8VUSTQYV5,东旺路182弄(康华大厦-东旺路),诸暨市,19,11,2025-03-04 00:00:00
1012312288YR9HG704L4X,苎萝东路（东福路-东三环路）,诸暨市,107,107,2025-03-04 00:00:00
1012312288YR64NIVVNK1,浣纱中路（西施大街-大桥东路）,诸暨市,23,13,2025-03-04 00:00:00
1012312288YR5NVRFEV41,东安路(东二路-苎萝东路),诸暨市,6,4,2025-03-04 00:00:00
10124012093FZKG7Y8M4H,永昌南路（东一路-东二路）,诸暨市,63,47,2025-03-04 00:00:00
1019S5R3X1SOHS1,一百淘宝城停车场,诸暨市,105,40,2025-03-04 00:00:00
1012312288YR9VX35V2M9,苎萝东路（环城东路-东祥路）,诸暨市,17,9,2025-03-04 00:00:00
1012312288YR5F42HE329,红旗路（人民中路-浣纱中路）,诸暨市,16,5,2025-03-04 00:00:00
1012405049OQ8ZNVP3U2P,苎萝东路（东二环路-东旺路）1,诸暨市,29,21,2025-03-04 00:00:00
1012312288YRBP13VO9A9,江东路（望江二路-望江三路）,诸暨市,13,5,2025-03-04 00:00:00
1019QKKS3RWOFEP,人防大厦停车场,诸暨市,48,48,2025-03-04 00:00:00
1012401199375YC6OSJ5T,东三路（东二环路-东旺路）,诸暨市,121,66,2025-03-04 00:00:00
1012312288YR7YF7Z1HXD,高湖路（望江二路-望江一路）,诸暨市,18,7,2025-03-04 00:00:00
1019Q6UK2GUCAV5,市民公园地下停车场,诸暨市,227,165,2025-03-04 00:00:00
1012312288YRB62F6P9TT,浣纱南路（南兴路-南屏路）,诸暨市,60,36,2025-03-04 00:00:00
1012312288YR9PO5N0TFL,苎萝东路（环城东路-东旺路）,诸暨市,54,48,2025-03-04 00:00:00
1012312288YR7N8PO2AYP,东一路68弄（东二路-东一路）,诸暨市,46,35,2025-03-04 00:00:00
1012312298YXHTPH9LYPT,东二路123弄（东旺路188弄-东二路）,诸暨市,61,40,2025-03-04 00:00:00
1012312288YR85VK6CYKH,和济路（东祥路-东旺路）,诸暨市,90,87,2025-03-04 00:00:00
1012312288YRBWX8BW5Q9,望江二路（浣东北路-高湖路）,诸暨市,5,2,2025-03-03 23:51:14
1012312288YR5JPT2UOZL,东兴路（苎萝东路-东二路）,诸暨市,62,46,2025-03-03 23:51:14
1012312288YR3MBVY988X,东兴北路（江东路-福门路）,诸暨市,19,15,2025-03-03 23:51:14
1012312288YR6SFUARGU9,东祥路19弄（东祥路-环城东路）,诸暨市,12,6,2025-03-03 23:51:14
1012312288YR6C3V37475,体育路（体育路-大桥东路）,诸暨市,8,6,2025-03-03 23:51:14
1019PDPET4GWE81,市民公园北面停车场,诸暨市,14,8,2025-03-03 23:51:14
1012312288YRBI4HZHCE9,江东路（西施大街-大桥东路）,诸暨市,6,4,2025-03-03 23:51:14
1012312288YRC2EJF5N9D,望江三路（浣东北路-高湖路）,诸暨市,11,5,2025-03-03 23:51:14
1012312288YRBLMRYOUTD,江东路（望江一路-望江二路）,诸暨市,18,13,2025-03-03 23:51:14
1012312288YR89HS7SKXT,东旺路（东旺路150弄-东二路）,诸暨市,18,4,2025-03-03 23:51:14
1012312288YRBS7JO7FUP,望江二路（高湖路-江东路）,诸暨市,10,8,2025-03-03 23:51:14
1019REU2R6D37Y9,城东公园地下停车场,诸暨市,601,336,2025-03-03 23:51:14
1012312288YRBA0HET81T,江东路（大桥东路-望江一路）,诸暨市,10,4,2025-03-03 23:51:14
1012312288YRB24CYLBLT,浣纱南路（苎萝路-南兴路）,诸暨市,19,15,2025-03-03 23:51:14
1019JVX01UVMSCH,幸福家园停车场,诸暨市,72,9,2025-03-03 23:51:14
1012312288YR9LAB60FEP,苎萝东路（东兴路-东安路）,诸暨市,45,31,2025-03-03 23:51:14
1019MAR69WRHHXD,西子公寓停车场,诸暨市,91,81,2025-03-03 23:51:14
1012312298YXIJSNZ82YP,东二路129弄（东一路88弄-东二路123弄）,诸暨市,10,10,2025-03-03 23:51:14
1012405079PB3TJY248W1,东三路（应山公园-东旺路）,诸暨市,44,42,2025-03-03 23:51:14
1019B4Y82CZPJ41,诸暨浣东中路停车场,诸暨市,37,32,2025-03-03 23:51:14
1012312288YR5XYT44YKH,艮塔东路（苎萝东路-东二路）,诸暨市,142,92,2025-03-03 23:51:14
1019N4FJ7J6DUYP,篮球场停车场,诸暨市,182,37,2025-03-03 23:51:14
1019PRTQD59LIWX,永乐路停车场,诸暨市,91,55,2025-03-03 23:51:14
1012312288YR7V8S6IBCX,东一路88弄（东一路82弄-东一路）,诸暨市,27,20,2025-03-03 23:51:14
1012312288YR3EFRI1BSX,滨江南路（滨江支路-浣东中路）,诸暨市,64,51,2025-03-03 23:51:14
1012312288YR68DOZJDVL,体育路（体育路二弄-红旗路）,诸暨市,12,8,2025-03-03 23:51:14
1012312288YR3IHRSDDZ5,滨江南路（大桥东路-西施大街）,诸暨市,13,10,2025-03-03 23:51:14
1012312288YR61OZ7SOW1,浣纱中路（南屏路-西施大街）,诸暨市,14,5,2025-03-03 23:51:14
1012312288YRADOD6CUM9,南兴路（南庠路-人民南路）,诸暨市,25,25,2025-03-03 23:51:13
1019SEVYY7X0W75,十里牌停车场,诸暨市,69,69,2025-03-03 23:51:13
1019Q6UK2GUCAV5,市民公园地下停车场,诸暨市,227,165,2025-03-03 23:51:13
1012312288YRC518WKA2P,望江三路（江东路-滨江中路）,诸暨市,5,1,2025-03-03 23:51:13
1012312288YR6IWIX5X4X,苎萝东路（东二环路-东旺路）,诸暨市,18,15,2025-03-03 23:51:13
1012312288YR9ABOZHGCH,东二路（东旺路-东二环路）,诸暨市,47,20,2025-03-03 23:51:13
1012312288YR53DTVACCH,滨江南路（西施大街-滨江支路）,诸暨市,33,29,2025-03-03 23:51:13
1012312288YR5NVRFEV41,东安路(东二路-苎萝东路),诸暨市,6,4,2025-03-03 23:51:13
1012312288YR9376YUBK1,东旺路（东旺路150弄-苎萝东路）,诸暨市,18,15,2025-03-03 23:51:13
1012312288YR7HFKE4HKX,西施大街（浣纱中路-人民中路）,诸暨市,28,14,2025-03-03 23:51:13
1012312268YD5WN09GPVL,八一横路（暨阳路-无名路）,诸暨市,46,20,2025-03-03 23:51:13
10124013095GY8GDKUBY9,艮塔东路（高湖路-暨东路）,诸暨市,16,14,2025-03-03 23:51:13
1012312288YR5UKH75K3L,艮塔东路（东二路-东一路),诸暨市,101,76,2025-03-03 23:51:13
1012312288YR5B22720W1,大桥东路（江东路-五角广场）,诸暨市,58,45,2025-03-03 23:51:13
1012312298YXGS3Y2CBNL,东旺路188弄（东旺路-东二环路）,诸暨市,10,6,2025-03-03 23:51:13
10124012093FZKG7Y8M4H,永昌南路（东一路-东二路）,诸暨市,63,48,2025-03-03 23:51:13
1012312288YRBP13VO9A9,江东路（望江二路-望江三路）,诸暨市,13,7,2025-03-03 23:51:13
1012312288YR8IX5J60OX,东旺路218弄（东旺路-融媒体中心）,诸暨市,29,17,2025-03-03 23:51:13
1012312288YR64NIVVNK1,浣纱中路（西施大街-大桥东路）,诸暨市,23,14,2025-03-03 23:51:13
1012312298YXIV34CFDVL,东一路82弄（东二路123弄-东二路）,诸暨市,6,5,2025-03-03 23:51:13
1012312288YR79Z86T0XT,暨东路70弄（东一路-东旺路218弄）,诸暨市,32,22,2025-03-03 23:51:13
1019PDAS7RIP7GH,市民公园东北面停车场,诸暨市,27,14,2025-03-03 23:51:13
1012312288YRBEU44Q1VL,滨江中路（艮塔东路-望江三路）,诸暨市,25,11,2025-03-03 23:51:13
1012312288YR7CTTSNVNL,苎萝东路（环城东路-东兴路）,诸暨市,86,58,2025-03-03 23:51:13
1012401199375YC6OSJ5T,东三路（东二环路-东旺路）,诸暨市,121,66,2025-03-03 23:51:13
1012312288YRAV3T06ARL,滨江中路（望江三路-望江二路）,诸暨市,30,22,2025-03-03 23:51:13
1012312288YR8ZSV1UX35,东旺路150弄（东二环路-东旺路）,诸暨市,88,52,2025-03-03 23:51:13
1012405049OQ8ZNVP3U2P,苎萝东路（东二环路-东旺路）1,诸暨市,29,21,2025-03-03 23:51:13
1012312288YR57VMEIUBL,大桥东路（大桥东路9号-江东路）,诸暨市,34,29,2025-03-03 23:51:13
1012312288YR8VUSTQYV5,东旺路182弄(康华大厦-东旺路),诸暨市,19,11,2025-03-03 23:51:13
1012312288YR5RTTNITC1,艮塔东路（江东路-高湖路）,诸暨市,39,23,2025-03-03 23:51:13
1012312288YR6EYGP1YWX,万风新世界（暨阳路-上庄路）,诸暨市,20,6,2025-03-03 23:51:13
1012312288YRAXUGJT1J5,浣纱北路（大桥路-艮塔路）,诸暨市,59,20,2025-03-03 23:51:13
1019QKKS3RWOFEP,人防大厦停车场,诸暨市,48,48,2025-03-03 23:51:13
1012312288YR751NEO35T,东祥路（东二路-苎萝东路）,诸暨市,38,22,2025-03-03 23:51:13
1012312298YXHTPH9LYPT,东二路123弄（东旺路188弄-东二路）,诸暨市,61,40,2025-03-03 23:51:13
10124013095HHCMD4CC1T,艮塔东路（交通银行）,诸暨市,35,32,2025-03-03 23:51:13
1012312288YR9PO5N0TFL,苎萝东路（环城东路-东旺路）,诸暨市,54,48,2025-03-03 23:51:13
10124013095H4QPBO8UF5,东兴路50弄,诸暨市,7,7,2025-03-03 23:51:13
1012312288YR9D2CJ4741,东二路（东祥路-环城东路）,诸暨市,25,20,2025-03-03 23:51:13
1012312288YR9HG704L4X,苎萝东路（东福路-东三环路）,诸暨市,107,107,2025-03-03 23:51:13
1012312288YR7K67XR8CH,望江一路（浣东北路-江东路）,诸暨市,14,12,2025-03-03 23:51:13
1012312288YR85VK6CYKH,和济路（东祥路-东旺路）,诸暨市,90,87,2025-03-03 23:51:13
1012312288YRBZRTXR0G1,望江三路（高湖路-江东路）,诸暨市,15,12,2025-03-03 23:51:13
1012312288YR825E2P88X,苎萝东路（东二环路-东福路),诸暨市,115,86,2025-03-03 23:51:13
1012312288YR8GIC67LS1,东旺路218弄(东旺路206弄-融媒体中心）,诸暨市,22,17,2025-03-03 23:51:13
1012312288YR7N8PO2AYP,东一路68弄（东二路-东一路）,诸暨市,46,35,2025-03-03 23:51:13
1012312288YRAJXAP73SX,滨江中路（望江二路-大桥东路）,诸暨市,45,33,2025-03-03 23:51:13
1012312288YR7YF7Z1HXD,高湖路（望江二路-望江一路）,诸暨市,18,7,2025-03-03 23:51:13
1012312268YDHM7XGW3Y9,艮塔东路（滨江北路-江东路),诸暨市,33,15,2025-03-03 23:51:13
1012312288YR9VX35V2M9,苎萝东路（环城东路-东祥路）,诸暨市,17,9,2025-03-03 23:51:12
1012312288YR5F42HE329,红旗路（人民中路-浣纱中路）,诸暨市,16,5,2025-03-03 23:51:12
1019S5R3X1SOHS1,一百淘宝城停车场,诸暨市,105,40,2025-03-03 23:51:12
1012312288YRB62F6P9TT,浣纱南路（南兴路-南屏路）,诸暨市,60,36,2025-03-03 23:51:12
1012312288YR3IHRSDDZ5,滨江南路（大桥东路-西施大街）,诸暨市,13,10,2025-03-03 23:41:15
1012312288YRBA0HET81T,江东路（大桥东路-望江一路）,诸暨市,10,4,2025-03-03 23:41:15
1012312288YR5JPT2UOZL,东兴路（苎萝东路-东二路）,诸暨市,62,47,2025-03-03 23:41:15
1012312288YRBLMRYOUTD,江东路（望江一路-望江二路）,诸暨市,18,12,2025-03-03 23:41:15
1019JVX01UVMSCH,幸福家园停车场,诸暨市,72,9,2025-03-03 23:41:15
1012312288YR3MBVY988X,东兴北路（江东路-福门路）,诸暨市,19,15,2025-03-03 23:41:15
1012312288YR5XYT44YKH,艮塔东路（苎萝东路-东二路）,诸暨市,142,90,2025-03-03 23:41:15
1019MAR69WRHHXD,西子公寓停车场,诸暨市,91,81,2025-03-03 23:41:15
1012312298YXIJSNZ82YP,东二路129弄（东一路88弄-东二路123弄）,诸暨市,10,10,2025-03-03 23:41:15
1012312288YR3EFRI1BSX,滨江南路（滨江支路-浣东中路）,诸暨市,64,50,2025-03-03 23:41:15
1019PRTQD59LIWX,永乐路停车场,诸暨市,91,55,2025-03-03 23:41:15
1012312288YRBS7JO7FUP,望江二路（高湖路-江东路）,诸暨市,10,8,2025-03-03 23:41:15
1012312288YR89HS7SKXT,东旺路（东旺路150弄-东二路）,诸暨市,18,4,2025-03-03 23:41:15
1019N4FJ7J6DUYP,篮球场停车场,诸暨市,182,37,2025-03-03 23:41:15
1012312288YR6SFUARGU9,东祥路19弄（东祥路-环城东路）,诸暨市,12,6,2025-03-03 23:41:15
1019REU2R6D37Y9,城东公园地下停车场,诸暨市,601,336,2025-03-03 23:41:15
1012312288YR9LAB60FEP,苎萝东路（东兴路-东安路）,诸暨市,45,30,2025-03-03 23:41:15
1012312288YR7V8S6IBCX,东一路88弄（东一路82弄-东一路）,诸暨市,27,20,2025-03-03 23:41:15
1012312288YRBWX8BW5Q9,望江二路（浣东北路-高湖路）,诸暨市,5,2,2025-03-03 23:41:15
1019B4Y82CZPJ41,诸暨浣东中路停车场,诸暨市,37,31,2025-03-03 23:41:15
1012312288YRB24CYLBLT,浣纱南路（苎萝路-南兴路）,诸暨市,19,15,2025-03-03 23:41:15
1012312288YRBI4HZHCE9,江东路（西施大街-大桥东路）,诸暨市,6,4,2025-03-03 23:41:15
1012312288YR79Z86T0XT,暨东路70弄（东一路-东旺路218弄）,诸暨市,32,22,2025-03-03 23:41:14
1012312288YR5B22720W1,大桥东路（江东路-五角广场）,诸暨市,58,45,2025-03-03 23:41:14
1012312288YR68DOZJDVL,体育路（体育路二弄-红旗路）,诸暨市,12,8,2025-03-03 23:41:14
1012312288YR6IWIX5X4X,苎萝东路（东二环路-东旺路）,诸暨市,18,15,2025-03-03 23:41:14
1012312288YR9D2CJ4741,东二路（东祥路-环城东路）,诸暨市,25,20,2025-03-03 23:41:14
1019PDAS7RIP7GH,市民公园东北面停车场,诸暨市,27,12,2025-03-03 23:41:14
1012312288YRAXUGJT1J5,浣纱北路（大桥路-艮塔路）,诸暨市,59,19,2025-03-03 23:41:14
1012312288YR57VMEIUBL,大桥东路（大桥东路9号-江东路）,诸暨市,34,26,2025-03-03 23:41:14
1012312268YDHM7XGW3Y9,艮塔东路（滨江北路-江东路),诸暨市,33,15,2025-03-03 23:41:14
1012312288YR5RTTNITC1,艮塔东路（江东路-高湖路）,诸暨市,39,23,2025-03-03 23:41:14
1019PDPET4GWE81,市民公园北面停车场,诸暨市,14,8,2025-03-03 23:41:14
1012312288YR6C3V37475,体育路（体育路-大桥东路）,诸暨市,8,6,2025-03-03 23:41:14
10124012093FZKG7Y8M4H,永昌南路（东一路-东二路）,诸暨市,63,48,2025-03-03 23:41:14
1012312288YR64NIVVNK1,浣纱中路（西施大街-大桥东路）,诸暨市,23,14,2025-03-03 23:41:14
1012312288YRBZRTXR0G1,望江三路（高湖路-江东路）,诸暨市,15,12,2025-03-03 23:41:14
1012312288YR8IX5J60OX,东旺路218弄（东旺路-融媒体中心）,诸暨市,29,17,2025-03-03 23:41:14
1012312298YXHTPH9LYPT,东二路123弄（东旺路188弄-东二路）,诸暨市,61,40,2025-03-03 23:41:14
1012312288YR6EYGP1YWX,万风新世界（暨阳路-上庄路）,诸暨市,20,6,2025-03-03 23:41:14
1012312288YR5UKH75K3L,艮塔东路（东二路-东一路),诸暨市,101,77,2025-03-03 23:41:14
1012312268YD5WN09GPVL,八一横路（暨阳路-无名路）,诸暨市,46,20,2025-03-03 23:41:14
1012312288YR8ZSV1UX35,东旺路150弄（东二环路-东旺路）,诸暨市,88,52,2025-03-03 23:41:14
1012312288YR825E2P88X,苎萝东路（东二环路-东福路),诸暨市,115,87,2025-03-03 23:41:14
10124013095GY8GDKUBY9,艮塔东路（高湖路-暨东路）,诸暨市,16,14,2025-03-03 23:41:14
1019QKKS3RWOFEP,人防大厦停车场,诸暨市,48,48,2025-03-03 23:41:14
1012312288YR7HFKE4HKX,西施大街（浣纱中路-人民中路）,诸暨市,28,14,2025-03-03 23:41:14
1012312288YR8GIC67LS1,东旺路218弄(东旺路206弄-融媒体中心）,诸暨市,22,17,2025-03-03 23:41:14
1019SEVYY7X0W75,十里牌停车场,诸暨市,69,69,2025-03-03 23:41:14
1012312298YXGS3Y2CBNL,东旺路188弄（东旺路-东二环路）,诸暨市,10,5,2025-03-03 23:41:14
1012312288YRC518WKA2P,望江三路（江东路-滨江中路）,诸暨市,5,1,2025-03-03 23:41:14
1012312288YR61OZ7SOW1,浣纱中路（南屏路-西施大街）,诸暨市,14,5,2025-03-03 23:41:14
1012312288YRC2EJF5N9D,望江三路（浣东北路-高湖路）,诸暨市,11,5,2025-03-03 23:41:14
10124013095HHCMD4CC1T,艮塔东路（交通银行）,诸暨市,35,32,2025-03-03 23:41:14
1012312288YR7K67XR8CH,望江一路（浣东北路-江东路）,诸暨市,14,12,2025-03-03 23:41:14
10124013095H4QPBO8UF5,东兴路50弄,诸暨市,7,7,2025-03-03 23:41:14
1012405079PB3TJY248W1,东三路（应山公园-东旺路）,诸暨市,44,42,2025-03-03 23:41:14
1012312288YR7CTTSNVNL,苎萝东路（环城东路-东兴路）,诸暨市,86,60,2025-03-03 23:41:14
1012312288YR9376YUBK1,东旺路（东旺路150弄-苎萝东路）,诸暨市,18,16,2025-03-03 23:41:14
1012312288YR7YF7Z1HXD,高湖路（望江二路-望江一路）,诸暨市,18,7,2025-03-03 23:41:14
1012312298YXIV34CFDVL,东一路82弄（东二路123弄-东二路）,诸暨市,6,4,2025-03-03 23:41:14
1012312288YR7N8PO2AYP,东一路68弄（东二路-东一路）,诸暨市,46,35,2025-03-03 23:41:14
1012312288YR751NEO35T,东祥路（东二路-苎萝东路）,诸暨市,38,23,2025-03-03 23:41:14
1012312288YR9ABOZHGCH,东二路（东旺路-东二环路）,诸暨市,47,21,2025-03-03 23:41:14
1012312288YRAV3T06ARL,滨江中路（望江三路-望江二路）,诸暨市,30,23,2025-03-03 23:41:14
1012312288YRAJXAP73SX,滨江中路（望江二路-大桥东路）,诸暨市,45,33,2025-03-03 23:41:14
1012312288YRADOD6CUM9,南兴路（南庠路-人民南路）,诸暨市,25,25,2025-03-03 23:41:14
1012312288YR53DTVACCH,滨江南路（西施大街-滨江支路）,诸暨市,33,29,2025-03-03 23:41:14
1012312288YRBEU44Q1VL,滨江中路（艮塔东路-望江三路）,诸暨市,25,12,2025-03-03 23:41:14
1012405049OQ8ZNVP3U2P,苎萝东路（东二环路-东旺路）1,诸暨市,29,21,2025-03-03 23:41:13
1012401199375YC6OSJ5T,东三路（东二环路-东旺路）,诸暨市,121,66,2025-03-03 23:41:13
1019Q6UK2GUCAV5,市民公园地下停车场,诸暨市,227,165,2025-03-03 23:41:13
1012312288YR85VK6CYKH,和济路（东祥路-东旺路）,诸暨市,90,87,2025-03-03 23:41:13
1012312288YRB62F6P9TT,浣纱南路（南兴路-南屏路）,诸暨市,60,34,2025-03-03 23:41:13
1012312288YRBP13VO9A9,江东路（望江二路-望江三路）,诸暨市,13,7,2025-03-03 23:41:13
1012312288YR9PO5N0TFL,苎萝东路（环城东路-东旺路）,诸暨市,54,48,2025-03-03 23:41:13
1012312288YR8VUSTQYV5,东旺路182弄(康华大厦-东旺路),诸暨市,19,11,2025-03-03 23:41:13
1012312288YR5F42HE329,红旗路（人民中路-浣纱中路）,诸暨市,16,7,2025-03-03 23:41:13
1012312288YR5NVRFEV41,东安路(东二路-苎萝东路),诸暨市,6,4,2025-03-03 23:41:13
1012312288YR9HG704L4X,苎萝东路（东福路-东三环路）,诸暨市,107,107,2025-03-03 23:41:13
1019S5R3X1SOHS1,一百淘宝城停车场,诸暨市,105,40,2025-03-03 23:41:13
1012312288YR9VX35V2M9,苎萝东路（环城东路-东祥路）,诸暨市,17,8,2025-03-03 23:41:13
1012312288YR3MBVY988X,东兴北路（江东路-福门路）,诸暨市,19,15,2025-03-03 23:31:15
1012312288YRB24CYLBLT,浣纱南路（苎萝路-南兴路）,诸暨市,19,15,2025-03-03 23:31:15
1019REU2R6D37Y9,城东公园地下停车场,诸暨市,601,336,2025-03-03 23:31:15
1012312288YRBA0HET81T,江东路（大桥东路-望江一路）,诸暨市,10,3,2025-03-03 23:31:15
1019N4FJ7J6DUYP,篮球场停车场,诸暨市,182,37,2025-03-03 23:31:15
1012312288YRBWX8BW5Q9,望江二路（浣东北路-高湖路）,诸暨市,5,2,2025-03-03 23:31:15
1012312288YRBS7JO7FUP,望江二路（高湖路-江东路）,诸暨市,10,8,2025-03-03 23:31:15
1012312288YR5XYT44YKH,艮塔东路（苎萝东路-东二路）,诸暨市,142,89,2025-03-03 23:31:15
1012312288YR3EFRI1BSX,滨江南路（滨江支路-浣东中路）,诸暨市,64,51,2025-03-03 23:31:15
1012312288YR5JPT2UOZL,东兴路（苎萝东路-东二路）,诸暨市,62,45,2025-03-03 23:31:15
1012312298YXIJSNZ82YP,东二路129弄（东一路88弄-东二路123弄）,诸暨市,10,10,2025-03-03 23:31:15
1012312288YRADOD6CUM9,南兴路（南庠路-人民南路）,诸暨市,25,25,2025-03-03 23:31:14
1012312288YRBLMRYOUTD,江东路（望江一路-望江二路）,诸暨市,18,11,2025-03-03 23:31:14
1012312288YR9D2CJ4741,东二路（东祥路-环城东路）,诸暨市,25,20,2025-03-03 23:31:14
1012312298YXIV34CFDVL,东一路82弄（东二路123弄-东二路）,诸暨市,6,4,2025-03-03 23:31:14
1012312288YR9376YUBK1,东旺路（东旺路150弄-苎萝东路）,诸暨市,18,16,2025-03-03 23:31:14
1012312288YRAV3T06ARL,滨江中路（望江三路-望江二路）,诸暨市,30,24,2025-03-03 23:31:14
1019PDPET4GWE81,市民公园北面停车场,诸暨市,14,8,2025-03-03 23:31:14
1012312288YR5UKH75K3L,艮塔东路（东二路-东一路),诸暨市,101,77,2025-03-03 23:31:14
1012312288YR9LAB60FEP,苎萝东路（东兴路-东安路）,诸暨市,45,30,2025-03-03 23:31:14
1019JVX01UVMSCH,幸福家园停车场,诸暨市,72,9,2025-03-03 23:31:14
1012312288YR8IX5J60OX,东旺路218弄（东旺路-融媒体中心）,诸暨市,29,17,2025-03-03 23:31:14
1012312288YR6EYGP1YWX,万风新世界（暨阳路-上庄路）,诸暨市,20,6,2025-03-03 23:31:14
1012312288YR89HS7SKXT,东旺路（东旺路150弄-东二路）,诸暨市,18,5,2025-03-03 23:31:14
1019SEVYY7X0W75,十里牌停车场,诸暨市,69,69,2025-03-03 23:31:14
1012312288YR61OZ7SOW1,浣纱中路（南屏路-西施大街）,诸暨市,14,5,2025-03-03 23:31:14
1012312288YRBEU44Q1VL,滨江中路（艮塔东路-望江三路）,诸暨市,25,12,2025-03-03 23:31:14
1012312288YRBZRTXR0G1,望江三路（高湖路-江东路）,诸暨市,15,12,2025-03-03 23:31:14
1012312288YRBI4HZHCE9,江东路（西施大街-大桥东路）,诸暨市,6,4,2025-03-03 23:31:14
1012312288YRC518WKA2P,望江三路（江东路-滨江中路）,诸暨市,5,2,2025-03-03 23:31:14
1012405079PB3TJY248W1,东三路（应山公园-东旺路）,诸暨市,44,42,2025-03-03 23:31:14
1012312288YR57VMEIUBL,大桥东路（大桥东路9号-江东路）,诸暨市,34,26,2025-03-03 23:31:14
1012312288YR7K67XR8CH,望江一路（浣东北路-江东路）,诸暨市,14,12,2025-03-03 23:31:14
1012312298YXGS3Y2CBNL,东旺路188弄（东旺路-东二环路）,诸暨市,10,5,2025-03-03 23:31:14
1012312288YR9ABOZHGCH,东二路（东旺路-东二环路）,诸暨市,47,21,2025-03-03 23:31:14
1019MAR69WRHHXD,西子公寓停车场,诸暨市,91,81,2025-03-03 23:31:14
1012312288YR6SFUARGU9,东祥路19弄（东祥路-环城东路）,诸暨市,12,6,2025-03-03 23:31:14
1019PDAS7RIP7GH,市民公园东北面停车场,诸暨市,27,12,2025-03-03 23:31:14
1012312288YR8GIC67LS1,东旺路218弄(东旺路206弄-融媒体中心）,诸暨市,22,17,2025-03-03 23:31:14
1012312268YDHM7XGW3Y9,艮塔东路（滨江北路-江东路),诸暨市,33,15,2025-03-03 23:31:14
10124013095HHCMD4CC1T,艮塔东路（交通银行）,诸暨市,35,32,2025-03-03 23:31:14
1012312268YD5WN09GPVL,八一横路（暨阳路-无名路）,诸暨市,46,20,2025-03-03 23:31:14
1012312288YRC2EJF5N9D,望江三路（浣东北路-高湖路）,诸暨市,11,5,2025-03-03 23:31:14
1012312288YRAJXAP73SX,滨江中路（望江二路-大桥东路）,诸暨市,45,33,2025-03-03 23:31:14
1012312288YRAXUGJT1J5,浣纱北路（大桥路-艮塔路）,诸暨市,59,19,2025-03-03 23:31:14
1012312288YR3IHRSDDZ5,滨江南路（大桥东路-西施大街）,诸暨市,13,10,2025-03-03 23:31:14
1012312288YR53DTVACCH,滨江南路（西施大街-滨江支路）,诸暨市,33,29,2025-03-03 23:31:14
1012312288YR7CTTSNVNL,苎萝东路（环城东路-东兴路）,诸暨市,86,59,2025-03-03 23:31:14
1012312288YR7HFKE4HKX,西施大街（浣纱中路-人民中路）,诸暨市,28,13,2025-03-03 23:31:14
1012312288YR8ZSV1UX35,东旺路150弄（东二环路-东旺路）,诸暨市,88,53,2025-03-03 23:31:14
10124013095H4QPBO8UF5,东兴路50弄,诸暨市,7,7,2025-03-03 23:31:14
1012312288YR68DOZJDVL,体育路（体育路二弄-红旗路）,诸暨市,12,8,2025-03-03 23:31:14
1012312288YR5B22720W1,大桥东路（江东路-五角广场）,诸暨市,58,44,2025-03-03 23:31:14
1019PRTQD59LIWX,永乐路停车场,诸暨市,91,55,2025-03-03 23:31:14
1012312288YR6C3V37475,体育路（体育路-大桥东路）,诸暨市,8,6,2025-03-03 23:31:14
1012312288YR6IWIX5X4X,苎萝东路（东二环路-东旺路）,诸暨市,18,15,2025-03-03 23:31:14
1019B4Y82CZPJ41,诸暨浣东中路停车场,诸暨市,37,31,2025-03-03 23:31:14
1012312288YR7V8S6IBCX,东一路88弄（东一路82弄-东一路）,诸暨市,27,20,2025-03-03 23:31:14
1012312288YRBP13VO9A9,江东路（望江二路-望江三路）,诸暨市,13,7,2025-03-03 23:31:13
1012312288YR9HG704L4X,苎萝东路（东福路-东三环路）,诸暨市,107,107,2025-03-03 23:31:13
1012312298YXHTPH9LYPT,东二路123弄（东旺路188弄-东二路）,诸暨市,61,41,2025-03-03 23:31:13
1012312288YR5F42HE329,红旗路（人民中路-浣纱中路）,诸暨市,16,6,2025-03-03 23:31:13
1012312288YR5RTTNITC1,艮塔东路（江东路-高湖路）,诸暨市,39,23,2025-03-03 23:31:13
1012312288YRB62F6P9TT,浣纱南路（南兴路-南屏路）,诸暨市,60,32,2025-03-03 23:31:13
1012312288YR825E2P88X,苎萝东路（东二环路-东福路),诸暨市,115,86,2025-03-03 23:31:13
10124012093FZKG7Y8M4H,永昌南路（东一路-东二路）,诸暨市,63,48,2025-03-03 23:31:13
1012312288YR8VUSTQYV5,东旺路182弄(康华大厦-东旺路),诸暨市,19,11,2025-03-03 23:31:13
1019QKKS3RWOFEP,人防大厦停车场,诸暨市,48,48,2025-03-03 23:31:13
1012405049OQ8ZNVP3U2P,苎萝东路（东二环路-东旺路）1,诸暨市,29,21,2025-03-03 23:31:13
1012312288YR9VX35V2M9,苎萝东路（环城东路-东祥路）,诸暨市,17,9,2025-03-03 23:31:13
1012312288YR7YF7Z1HXD,高湖路（望江二路-望江一路）,诸暨市,18,7,2025-03-03 23:31:13
1012312288YR751NEO35T,东祥路（东二路-苎萝东路）,诸暨市,38,23,2025-03-03 23:31:13
1012312288YR64NIVVNK1,浣纱中路（西施大街-大桥东路）,诸暨市,23,14,2025-03-03 23:31:13
1012312288YR85VK6CYKH,和济路（东祥路-东旺路）,诸暨市,90,87,2025-03-03 23:31:13
1019S5R3X1SOHS1,一百淘宝城停车场,诸暨市,105,40,2025-03-03 23:31:13
1019Q6UK2GUCAV5,市民公园地下停车场,诸暨市,227,165,2025-03-03 23:31:13
1012401199375YC6OSJ5T,东三路（东二环路-东旺路）,诸暨市,121,65,2025-03-03 23:31:13
1012312288YR7N8PO2AYP,东一路68弄（东二路-东一路）,诸暨市,46,36,2025-03-03 23:31:13
1012312288YR9PO5N0TFL,苎萝东路（环城东路-东旺路）,诸暨市,54,48,2025-03-03 23:31:13
10124013095GY8GDKUBY9,艮塔东路（高湖路-暨东路）,诸暨市,16,14,2025-03-03 23:31:13
1012312288YR5NVRFEV41,东安路(东二路-苎萝东路),诸暨市,6,4,2025-03-03 23:31:13
1012312288YR79Z86T0XT,暨东路70弄（东一路-东旺路218弄）,诸暨市,32,22,2025-03-03 23:31:13
1019MAR69WRHHXD,西子公寓停车场,诸暨市,91,81,2025-03-03 23:20:02
1012312288YRBWX8BW5Q9,望江二路（浣东北路-高湖路）,诸暨市,5,2,2025-03-03 23:20:02
1012312288YR3IHRSDDZ5,滨江南路（大桥东路-西施大街）,诸暨市,13,10,2025-03-03 23:20:02
1012312288YR7V8S6IBCX,东一路88弄（东一路82弄-东一路）,诸暨市,27,20,2025-03-03 23:20:02
1012312288YR5JPT2UOZL,东兴路（苎萝东路-东二路）,诸暨市,62,47,2025-03-03 23:20:02
1019PRTQD59LIWX,永乐路停车场,诸暨市,91,55,2025-03-03 23:20:02
1012312298YXIJSNZ82YP,东二路129弄（东一路88弄-东二路123弄）,诸暨市,10,10,2025-03-03 23:20:02
1019N4FJ7J6DUYP,篮球场停车场,诸暨市,182,37,2025-03-03 23:20:02
1012312288YR5XYT44YKH,艮塔东路（苎萝东路-东二路）,诸暨市,142,88,2025-03-03 23:20:02
1012312288YRBA0HET81T,江东路（大桥东路-望江一路）,诸暨市,10,3,2025-03-03 23:20:02
1012312288YRBS7JO7FUP,望江二路（高湖路-江东路）,诸暨市,10,8,2025-03-03 23:20:02
1012312288YRBLMRYOUTD,江东路（望江一路-望江二路）,诸暨市,18,13,2025-03-03 23:20:02
1012312288YR9LAB60FEP,苎萝东路（东兴路-东安路）,诸暨市,45,31,2025-03-03 23:20:02
1019JVX01UVMSCH,幸福家园停车场,诸暨市,72,9,2025-03-03 23:20:02
1012312288YRB24CYLBLT,浣纱南路（苎萝路-南兴路）,诸暨市,19,15,2025-03-03 23:20:02
1012312288YR3EFRI1BSX,滨江南路（滨江支路-浣东中路）,诸暨市,64,50,2025-03-03 23:20:02
1019REU2R6D37Y9,城东公园地下停车场,诸暨市,601,336,2025-03-03 23:20:02
1012312288YR6SFUARGU9,东祥路19弄（东祥路-环城东路）,诸暨市,12,6,2025-03-03 23:20:02
1012312288YRBI4HZHCE9,江东路（西施大街-大桥东路）,诸暨市,6,4,2025-03-03 23:20:02
1012312288YR3MBVY988X,东兴北路（江东路-福门路）,诸暨市,19,15,2025-03-03 23:20:02
1012312288YRAV3T06ARL,滨江中路（望江三路-望江二路）,诸暨市,30,24,2025-03-03 23:20:01
1012312288YRADOD6CUM9,南兴路（南庠路-人民南路）,诸暨市,25,25,2025-03-03 23:20:01
1012312288YRAJXAP73SX,滨江中路（望江二路-大桥东路）,诸暨市,45,33,2025-03-03 23:20:01
1012312298YXGS3Y2CBNL,东旺路188弄（东旺路-东二环路）,诸暨市,10,4,2025-03-03 23:20:01
1012312288YR61OZ7SOW1,浣纱中路（南屏路-西施大街）,诸暨市,14,5,2025-03-03 23:20:01
1012312288YR5RTTNITC1,艮塔东路（江东路-高湖路）,诸暨市,39,23,2025-03-03 23:20:01
1012312288YRBEU44Q1VL,滨江中路（艮塔东路-望江三路）,诸暨市,25,12,2025-03-03 23:20:01
1012312288YR8IX5J60OX,东旺路218弄（东旺路-融媒体中心）,诸暨市,29,17,2025-03-03 23:20:01
1012312288YR79Z86T0XT,暨东路70弄（东一路-东旺路218弄）,诸暨市,32,22,2025-03-03 23:20:01
1012312288YR68DOZJDVL,体育路（体育路二弄-红旗路）,诸暨市,12,8,2025-03-03 23:20:01
1012312288YR5B22720W1,大桥东路（江东路-五角广场）,诸暨市,58,44,2025-03-03 23:20:01
1012312288YRC2EJF5N9D,望江三路（浣东北路-高湖路）,诸暨市,11,5,2025-03-03 23:20:01
1019PDPET4GWE81,市民公园北面停车场,诸暨市,14,8,2025-03-03 23:20:01
1012312288YR57VMEIUBL,大桥东路（大桥东路9号-江东路）,诸暨市,34,26,2025-03-03 23:20:01
1012312288YR6IWIX5X4X,苎萝东路（东二环路-东旺路）,诸暨市,18,15,2025-03-03 23:20:01
1012312288YR6C3V37475,体育路（体育路-大桥东路）,诸暨市,8,6,2025-03-03 23:20:01
1019PDAS7RIP7GH,市民公园东北面停车场,诸暨市,27,12,2025-03-03 23:20:01
1012312288YR7HFKE4HKX,西施大街（浣纱中路-人民中路）,诸暨市,28,13,2025-03-03 23:20:01
1012312288YR7K67XR8CH,望江一路（浣东北路-江东路）,诸暨市,14,12,2025-03-03 23:20:01
1012312298YXIV34CFDVL,东一路82弄（东二路123弄-东二路）,诸暨市,6,4,2025-03-03 23:20:01
1012312288YR8ZSV1UX35,东旺路150弄（东二环路-东旺路）,诸暨市,88,53,2025-03-03 23:20:01
1012312268YD5WN09GPVL,八一横路（暨阳路-无名路）,诸暨市,46,20,2025-03-03 23:20:01
1012312288YRAXUGJT1J5,浣纱北路（大桥路-艮塔路）,诸暨市,59,19,2025-03-03 23:20:01
1012312288YR5UKH75K3L,艮塔东路（东二路-东一路),诸暨市,101,78,2025-03-03 23:20:01
1012312288YR6EYGP1YWX,万风新世界（暨阳路-上庄路）,诸暨市,20,6,2025-03-03 23:20:01
1019SEVYY7X0W75,十里牌停车场,诸暨市,69,68,2025-03-03 23:20:01
1012312288YRBZRTXR0G1,望江三路（高湖路-江东路）,诸暨市,15,12,2025-03-03 23:20:01
1012312288YR7CTTSNVNL,苎萝东路（环城东路-东兴路）,诸暨市,86,59,2025-03-03 23:20:01
1012312288YR751NEO35T,东祥路（东二路-苎萝东路）,诸暨市,38,21,2025-03-03 23:20:01
1012312288YR9376YUBK1,东旺路（东旺路150弄-苎萝东路）,诸暨市,18,16,2025-03-03 23:20:01
10124013095H4QPBO8UF5,东兴路50弄,诸暨市,7,7,2025-03-03 23:20:01
1012312288YR8GIC67LS1,东旺路218弄(东旺路206弄-融媒体中心）,诸暨市,22,17,2025-03-03 23:20:01
1019B4Y82CZPJ41,诸暨浣东中路停车场,诸暨市,37,31,2025-03-03 23:20:01
1012312288YR9ABOZHGCH,东二路（东旺路-东二环路）,诸暨市,47,21,2025-03-03 23:20:01
1012312288YR53DTVACCH,滨江南路（西施大街-滨江支路）,诸暨市,33,30,2025-03-03 23:20:01
1012312268YDHM7XGW3Y9,艮塔东路（滨江北路-江东路),诸暨市,33,15,2025-03-03 23:20:01
1012405079PB3TJY248W1,东三路（应山公园-东旺路）,诸暨市,44,42,2025-03-03 23:20:01
10124013095HHCMD4CC1T,艮塔东路（交通银行）,诸暨市,35,32,2025-03-03 23:20:01
1012312288YR9D2CJ4741,东二路（东祥路-环城东路）,诸暨市,25,18,2025-03-03 23:20:01
1012312288YRC518WKA2P,望江三路（江东路-滨江中路）,诸暨市,5,2,2025-03-03 23:20:01
1012312288YR89HS7SKXT,东旺路（东旺路150弄-东二路）,诸暨市,18,4,2025-03-03 23:20:01
1012312288YR8VUSTQYV5,东旺路182弄(康华大厦-东旺路),诸暨市,19,11,2025-03-03 23:20:00
1012312298YXHTPH9LYPT,东二路123弄（东旺路188弄-东二路）,诸暨市,61,40,2025-03-03 23:20:00
1012312288YR7N8PO2AYP,东一路68弄（东二路-东一路）,诸暨市,46,36,2025-03-03 23:20:00
1012312288YR5F42HE329,红旗路（人民中路-浣纱中路）,诸暨市,16,6,2025-03-03 23:20:00
1012312288YRBP13VO9A9,江东路（望江二路-望江三路）,诸暨市,13,7,2025-03-03 23:20:00
1012405049OQ8ZNVP3U2P,苎萝东路（东二环路-东旺路）1,诸暨市,29,21,2025-03-03 23:20:00
1019Q6UK2GUCAV5,市民公园地下停车场,诸暨市,227,165,2025-03-03 23:20:00
1012312288YR9PO5N0TFL,苎萝东路（环城东路-东旺路）,诸暨市,54,46,2025-03-03 23:20:00
1019QKKS3RWOFEP,人防大厦停车场,诸暨市,48,48,2025-03-03 23:20:00
1012312288YR9VX35V2M9,苎萝东路（环城东路-东祥路）,诸暨市,17,9,2025-03-03 23:20:00
1012401199375YC6OSJ5T,东三路（东二环路-东旺路）,诸暨市,121,65,2025-03-03 23:20:00
1012312288YR85VK6CYKH,和济路（东祥路-东旺路）,诸暨市,90,87,2025-03-03 23:20:00
10124012093FZKG7Y8M4H,永昌南路（东一路-东二路）,诸暨市,63,49,2025-03-03 23:20:00
1019S5R3X1SOHS1,一百淘宝城停车场,诸暨市,105,40,2025-03-03 23:20:00
1012312288YR5NVRFEV41,东安路(东二路-苎萝东路),诸暨市,6,4,2025-03-03 23:20:00
1012312288YRB62F6P9TT,浣纱南路（南兴路-南屏路）,诸暨市,60,32,2025-03-03 23:20:00
1012312288YR7YF7Z1HXD,高湖路（望江二路-望江一路）,诸暨市,18,7,2025-03-03 23:20:00
10124013095GY8GDKUBY9,艮塔东路（高湖路-暨东路）,诸暨市,16,13,2025-03-03 23:20:00
1012312288YR9HG704L4X,苎萝东路（东福路-东三环路）,诸暨市,107,107,2025-03-03 23:20:00
1012312288YR825E2P88X,苎萝东路（东二环路-东福路),诸暨市,115,83,2025-03-03 23:20:00
1012312288YR64NIVVNK1,浣纱中路（西施大街-大桥东路）,诸暨市,23,11,2025-03-03 23:20:00
1012312288YR3MBVY988X,东兴北路（江东路-福门路）,诸暨市,19,15,2025-03-03 23:10:01
1012312288YR5UKH75K3L,艮塔东路（东二路-东一路),诸暨市,101,79,2025-03-03 23:10:01
1012312288YRBLMRYOUTD,江东路（望江一路-望江二路）,诸暨市,18,13,2025-03-03 23:10:01
1012312288YR3IHRSDDZ5,滨江南路（大桥东路-西施大街）,诸暨市,13,10,2025-03-03 23:10:01
1012312288YRBWX8BW5Q9,望江二路（浣东北路-高湖路）,诸暨市,5,2,2025-03-03 23:10:01
1012312288YR9D2CJ4741,东二路（东祥路-环城东路）,诸暨市,25,18,2025-03-03 23:10:01
1019REU2R6D37Y9,城东公园地下停车场,诸暨市,601,336,2025-03-03 23:10:01
1012312288YRBI4HZHCE9,江东路（西施大街-大桥东路）,诸暨市,6,4,2025-03-03 23:10:01
1012312288YRBS7JO7FUP,望江二路（高湖路-江东路）,诸暨市,10,8,2025-03-03 23:10:01
1019N4FJ7J6DUYP,篮球场停车场,诸暨市,182,37,2025-03-03 23:10:01
1012312288YRB24CYLBLT,浣纱南路（苎萝路-南兴路）,诸暨市,19,15,2025-03-03 23:10:01
1012312288YR6EYGP1YWX,万风新世界（暨阳路-上庄路）,诸暨市,20,5,2025-03-03 23:10:01
1019JVX01UVMSCH,幸福家园停车场,诸暨市,72,9,2025-03-03 23:10:01
1019B4Y82CZPJ41,诸暨浣东中路停车场,诸暨市,37,31,2025-03-03 23:10:01
1012312288YR61OZ7SOW1,浣纱中路（南屏路-西施大街）,诸暨市,14,6,2025-03-03 23:10:01
1012312288YR6SFUARGU9,东祥路19弄（东祥路-环城东路）,诸暨市,12,5,2025-03-03 23:10:01
1012312288YR9LAB60FEP,苎萝东路（东兴路-东安路）,诸暨市,45,31,2025-03-03 23:10:01
1012312288YR5JPT2UOZL,东兴路（苎萝东路-东二路）,诸暨市,62,48,2025-03-03 23:10:01
1012312288YRBA0HET81T,江东路（大桥东路-望江一路）,诸暨市,10,3,2025-03-03 23:10:01
1012312288YR7V8S6IBCX,东一路88弄（东一路82弄-东一路）,诸暨市,27,20,2025-03-03 23:10:01
1019PDPET4GWE81,市民公园北面停车场,诸暨市,14,8,2025-03-03 23:10:01
1012312288YR68DOZJDVL,体育路（体育路二弄-红旗路）,诸暨市,12,8,2025-03-03 23:10:01
1012312288YR5XYT44YKH,艮塔东路（苎萝东路-东二路）,诸暨市,142,88,2025-03-03 23:10:01
1012312288YR89HS7SKXT,东旺路（东旺路150弄-东二路）,诸暨市,18,6,2025-03-03 23:10:01
1012312298YXIJSNZ82YP,东二路129弄（东一路88弄-东二路123弄）,诸暨市,10,10,2025-03-03 23:10:01
1012312268YDHM7XGW3Y9,艮塔东路（滨江北路-江东路),诸暨市,33,15,2025-03-03 23:10:01
1012312288YR3EFRI1BSX,滨江南路（滨江支路-浣东中路）,诸暨市,64,50,2025-03-03 23:10:01
1012312288YRC2EJF5N9D,望江三路（浣东北路-高湖路）,诸暨市,11,5,2025-03-03 23:10:01
1012312298YXIV34CFDVL,东一路82弄（东二路123弄-东二路）,诸暨市,6,4,2025-03-03 23:10:01
1012405079PB3TJY248W1,东三路（应山公园-东旺路）,诸暨市,44,42,2025-03-03 23:10:01
1019MAR69WRHHXD,西子公寓停车场,诸暨市,91,81,2025-03-03 23:10:01
1019PRTQD59LIWX,永乐路停车场,诸暨市,91,55,2025-03-03 23:10:01
1012312288YR6C3V37475,体育路（体育路-大桥东路）,诸暨市,8,6,2025-03-03 23:10:01
1012312288YR64NIVVNK1,浣纱中路（西施大街-大桥东路）,诸暨市,23,12,2025-03-03 23:10:00
1012312288YR8VUSTQYV5,东旺路182弄(康华大厦-东旺路),诸暨市,19,11,2025-03-03 23:10:00
1019Q6UK2GUCAV5,市民公园地下停车场,诸暨市,227,165,2025-03-03 23:10:00
1012312288YR6IWIX5X4X,苎萝东路（东二环路-东旺路）,诸暨市,18,15,2025-03-03 23:10:00
1012312268YD5WN09GPVL,八一横路（暨阳路-无名路）,诸暨市,46,20,2025-03-03 23:10:00
1012312288YR5NVRFEV41,东安路(东二路-苎萝东路),诸暨市,6,4,2025-03-03 23:10:00
1012312288YR9376YUBK1,东旺路（东旺路150弄-苎萝东路）,诸暨市,18,16,2025-03-03 23:10:00
1012312288YR751NEO35T,东祥路（东二路-苎萝东路）,诸暨市,38,21,2025-03-03 23:10:00
10124013095HHCMD4CC1T,艮塔东路（交通银行）,诸暨市,35,32,2025-03-03 23:10:00
1012312288YRB62F6P9TT,浣纱南路（南兴路-南屏路）,诸暨市,60,33,2025-03-03 23:10:00
10124012093FZKG7Y8M4H,永昌南路（东一路-东二路）,诸暨市,63,49,2025-03-03 23:10:00
1012312288YR9HG704L4X,苎萝东路（东福路-东三环路）,诸暨市,107,107,2025-03-03 23:10:00
1012312288YR9ABOZHGCH,东二路（东旺路-东二环路）,诸暨市,47,22,2025-03-03 23:10:00
1012312288YRBP13VO9A9,江东路（望江二路-望江三路）,诸暨市,13,7,2025-03-03 23:10:00
1012405049OQ8ZNVP3U2P,苎萝东路（东二环路-东旺路）1,诸暨市,29,21,2025-03-03 23:10:00
1012401199375YC6OSJ5T,东三路（东二环路-东旺路）,诸暨市,121,63,2025-03-03 23:10:00
1019PDAS7RIP7GH,市民公园东北面停车场,诸暨市,27,11,2025-03-03 23:10:00
1012312288YR8IX5J60OX,东旺路218弄（东旺路-融媒体中心）,诸暨市,29,17,2025-03-03 23:10:00
1012312288YR7HFKE4HKX,西施大街（浣纱中路-人民中路）,诸暨市,28,14,2025-03-03 23:10:00
1012312288YR7CTTSNVNL,苎萝东路（环城东路-东兴路）,诸暨市,86,61,2025-03-03 23:10:00
1012312288YRADOD6CUM9,南兴路（南庠路-人民南路）,诸暨市,25,25,2025-03-03 23:10:00
1012312288YR825E2P88X,苎萝东路（东二环路-东福路),诸暨市,115,82,2025-03-03 23:10:00
1012312288YR79Z86T0XT,暨东路70弄（东一路-东旺路218弄）,诸暨市,32,22,2025-03-03 23:10:00
1012312288YR57VMEIUBL,大桥东路（大桥东路9号-江东路）,诸暨市,34,23,2025-03-03 23:10:00
1012312288YR7N8PO2AYP,东一路68弄（东二路-东一路）,诸暨市,46,35,2025-03-03 23:10:00
10124013095GY8GDKUBY9,艮塔东路（高湖路-暨东路）,诸暨市,16,13,2025-03-03 23:10:00
1012312288YRBEU44Q1VL,滨江中路（艮塔东路-望江三路）,诸暨市,25,13,2025-03-03 23:10:00
10124013095H4QPBO8UF5,东兴路50弄,诸暨市,7,7,2025-03-03 23:10:00
1012312288YR8GIC67LS1,东旺路218弄(东旺路206弄-融媒体中心）,诸暨市,22,17,2025-03-03 23:10:00
1012312288YRAXUGJT1J5,浣纱北路（大桥路-艮塔路）,诸暨市,59,19,2025-03-03 23:10:00
1012312288YR8ZSV1UX35,东旺路150弄（东二环路-东旺路）,诸暨市,88,52,2025-03-03 23:10:00
1012312288YRBZRTXR0G1,望江三路（高湖路-江东路）,诸暨市,15,12,2025-03-03 23:10:00
1012312288YR5B22720W1,大桥东路（江东路-五角广场）,诸暨市,58,43,2025-03-03 23:10:00
1019SEVYY7X0W75,十里牌停车场,诸暨市,69,69,2025-03-03 23:10:00
1012312298YXGS3Y2CBNL,东旺路188弄（东旺路-东二环路）,诸暨市,10,4,2025-03-03 23:10:00
1012312288YR5F42HE329,红旗路（人民中路-浣纱中路）,诸暨市,16,6,2025-03-03 23:10:00
1019S5R3X1SOHS1,一百淘宝城停车场,诸暨市,105,40,2025-03-03 23:10:00
1012312298YXHTPH9LYPT,东二路123弄（东旺路188弄-东二路）,诸暨市,61,41,2025-03-03 23:10:00
1012312288YR9VX35V2M9,苎萝东路（环城东路-东祥路）,诸暨市,17,9,2025-03-03 23:10:00
1012312288YRC518WKA2P,望江三路（江东路-滨江中路）,诸暨市,5,3,2025-03-03 23:10:00
1012312288YR9PO5N0TFL,苎萝东路（环城东路-东旺路）,诸暨市,54,46,2025-03-03 23:10:00
1012312288YR7K67XR8CH,望江一路（浣东北路-江东路）,诸暨市,14,12,2025-03-03 23:10:00
1012312288YR5RTTNITC1,艮塔东路（江东路-高湖路）,诸暨市,39,23,2025-03-03 23:10:00
1012312288YR85VK6CYKH,和济路（东祥路-东旺路）,诸暨市,90,87,2025-03-03 23:10:00
1012312288YR53DTVACCH,滨江南路（西施大街-滨江支路）,诸暨市,33,30,2025-03-03 23:10:00
1012312288YR7YF7Z1HXD,高湖路（望江二路-望江一路）,诸暨市,18,8,2025-03-03 23:10:00
1012312288YRAJXAP73SX,滨江中路（望江二路-大桥东路）,诸暨市,45,33,2025-03-03 23:10:00
1019QKKS3RWOFEP,人防大厦停车场,诸暨市,48,48,2025-03-03 23:10:00
1012312288YRAV3T06ARL,滨江中路（望江三路-望江二路）,诸暨市,30,24,2025-03-03 23:10:00
1012312298YXIJSNZ82YP,东二路129弄（东一路88弄-东二路123弄）,诸暨市,10,10,2025-03-03 23:01:17
1012312288YR89HS7SKXT,东旺路（东旺路150弄-东二路）,诸暨市,18,6,2025-03-03 23:01:17
1012312288YR6SFUARGU9,东祥路19弄（东祥路-环城东路）,诸暨市,12,5,2025-03-03 23:01:17
1012312288YR5JPT2UOZL,东兴路（苎萝东路-东二路）,诸暨市,62,48,2025-03-03 23:01:17
1012312288YR7V8S6IBCX,东一路88弄（东一路82弄-东一路）,诸暨市,27,20,2025-03-03 23:01:17
1019PRTQD59LIWX,永乐路停车场,诸暨市,91,55,2025-03-03 23:01:17
1012312288YR9D2CJ4741,东二路（东祥路-环城东路）,诸暨市,25,18,2025-03-03 23:01:17
1012312288YRBA0HET81T,江东路（大桥东路-望江一路）,诸暨市,10,3,2025-03-03 23:01:17
1012405079PB3TJY248W1,东三路（应山公园-东旺路）,诸暨市,44,42,2025-03-03 23:01:17
1012312288YR9LAB60FEP,苎萝东路（东兴路-东安路）,诸暨市,45,30,2025-03-03 23:01:17
1019N4FJ7J6DUYP,篮球场停车场,诸暨市,182,37,2025-03-03 23:01:17
1012312288YR3MBVY988X,东兴北路（江东路-福门路）,诸暨市,19,16,2025-03-03 23:01:17
1012312288YRC2EJF5N9D,望江三路（浣东北路-高湖路）,诸暨市,11,5,2025-03-03 23:01:17
1012312288YR61OZ7SOW1,浣纱中路（南屏路-西施大街）,诸暨市,14,6,2025-03-03 23:01:17
1012312288YRBS7JO7FUP,望江二路（高湖路-江东路）,诸暨市,10,8,2025-03-03 23:01:17
1012312288YRBI4HZHCE9,江东路（西施大街-大桥东路）,诸暨市,6,4,2025-03-03 23:01:17
1012312288YR6C3V37475,体育路（体育路-大桥东路）,诸暨市,8,6,2025-03-03 23:01:17
1012312288YR3EFRI1BSX,滨江南路（滨江支路-浣东中路）,诸暨市,64,50,2025-03-03 23:01:17
1012312288YRBWX8BW5Q9,望江二路（浣东北路-高湖路）,诸暨市,5,2,2025-03-03 23:01:17
1019B4Y82CZPJ41,诸暨浣东中路停车场,诸暨市,37,31,2025-03-03 23:01:17
1012312288YR3IHRSDDZ5,滨江南路（大桥东路-西施大街）,诸暨市,13,10,2025-03-03 23:01:17
1019REU2R6D37Y9,城东公园地下停车场,诸暨市,601,336,2025-03-03 23:01:17
1012312288YRBLMRYOUTD,江东路（望江一路-望江二路）,诸暨市,18,12,2025-03-03 23:01:17
1012312288YR68DOZJDVL,体育路（体育路二弄-红旗路）,诸暨市,12,8,2025-03-03 23:01:17
1019PDPET4GWE81,市民公园北面停车场,诸暨市,14,8,2025-03-03 23:01:17
1012312288YR5XYT44YKH,艮塔东路（苎萝东路-东二路）,诸暨市,142,89,2025-03-03 23:01:17
1019JVX01UVMSCH,幸福家园停车场,诸暨市,72,8,2025-03-03 23:01:17
1012312298YXIV34CFDVL,东一路82弄（东二路123弄-东二路）,诸暨市,6,4,2025-03-03 23:01:17
1019MAR69WRHHXD,西子公寓停车场,诸暨市,91,82,2025-03-03 23:01:17
1012312288YRB24CYLBLT,浣纱南路（苎萝路-南兴路）,诸暨市,19,15,2025-03-03 23:01:17
1012312288YR9HG704L4X,苎萝东路（东福路-东三环路）,诸暨市,107,107,2025-03-03 23:01:16
1012312288YR5B22720W1,大桥东路（江东路-五角广场）,诸暨市,58,42,2025-03-03 23:01:16
1012312288YR79Z86T0XT,暨东路70弄（东一路-东旺路218弄）,诸暨市,32,22,2025-03-03 23:01:16
1012312288YR5RTTNITC1,艮塔东路（江东路-高湖路）,诸暨市,39,23,2025-03-03 23:01:16
1012312288YRBEU44Q1VL,滨江中路（艮塔东路-望江三路）,诸暨市,25,13,2025-03-03 23:01:16
1012312288YR6IWIX5X4X,苎萝东路（东二环路-东旺路）,诸暨市,18,15,2025-03-03 23:01:16
1019Q6UK2GUCAV5,市民公园地下停车场,诸暨市,227,165,2025-03-03 23:01:16
1019SEVYY7X0W75,十里牌停车场,诸暨市,69,69,2025-03-03 23:01:16
1012312288YR7YF7Z1HXD,高湖路（望江二路-望江一路）,诸暨市,18,8,2025-03-03 23:01:16
1012312268YDHM7XGW3Y9,艮塔东路（滨江北路-江东路),诸暨市,33,15,2025-03-03 23:01:16
1012312288YR7HFKE4HKX,西施大街（浣纱中路-人民中路）,诸暨市,28,13,2025-03-03 23:01:16
1012312288YR7CTTSNVNL,苎萝东路（环城东路-东兴路）,诸暨市,86,61,2025-03-03 23:01:16
1012312288YR57VMEIUBL,大桥东路（大桥东路9号-江东路）,诸暨市,34,22,2025-03-03 23:01:16
1012312298YXHTPH9LYPT,东二路123弄（东旺路188弄-东二路）,诸暨市,61,39,2025-03-03 23:01:16
1012405049OQ8ZNVP3U2P,苎萝东路（东二环路-东旺路）1,诸暨市,29,21,2025-03-03 23:01:16
1012312288YR751NEO35T,东祥路（东二路-苎萝东路）,诸暨市,38,21,2025-03-03 23:01:16
10124013095H4QPBO8UF5,东兴路50弄,诸暨市,7,7,2025-03-03 23:01:16
1012312288YR53DTVACCH,滨江南路（西施大街-滨江支路）,诸暨市,33,30,2025-03-03 23:01:16
1012312288YR7K67XR8CH,望江一路（浣东北路-江东路）,诸暨市,14,12,2025-03-03 23:01:16
1012312288YR9PO5N0TFL,苎萝东路（环城东路-东旺路）,诸暨市,54,46,2025-03-03 23:01:16
1012312288YRBZRTXR0G1,望江三路（高湖路-江东路）,诸暨市,15,12,2025-03-03 23:01:16
1012312288YR9VX35V2M9,苎萝东路（环城东路-东祥路）,诸暨市,17,9,2025-03-03 23:01:16
1012312288YR5NVRFEV41,东安路(东二路-苎萝东路),诸暨市,6,4,2025-03-03 23:01:16
1012312288YR8VUSTQYV5,东旺路182弄(康华大厦-东旺路),诸暨市,19,11,2025-03-03 23:01:16
1012312288YRAXUGJT1J5,浣纱北路（大桥路-艮塔路）,诸暨市,59,19,2025-03-03 23:01:16
1012312288YRC518WKA2P,望江三路（江东路-滨江中路）,诸暨市,5,4,2025-03-03 23:01:16
1012312288YR64NIVVNK1,浣纱中路（西施大街-大桥东路）,诸暨市,23,10,2025-03-03 23:01:16
1012312288YR8IX5J60OX,东旺路218弄（东旺路-融媒体中心）,诸暨市,29,16,2025-03-03 23:01:16
1012312288YRADOD6CUM9,南兴路（南庠路-人民南路）,诸暨市,25,25,2025-03-03 23:01:16
10124012093FZKG7Y8M4H,永昌南路（东一路-东二路）,诸暨市,63,49,2025-03-03 23:01:16
1019PDAS7RIP7GH,市民公园东北面停车场,诸暨市,27,11,2025-03-03 23:01:16
1012312288YR825E2P88X,苎萝东路（东二环路-东福路),诸暨市,115,82,2025-03-03 23:01:16
1012312288YRB62F6P9TT,浣纱南路（南兴路-南屏路）,诸暨市,60,33,2025-03-03 23:01:16
1019QKKS3RWOFEP,人防大厦停车场,诸暨市,48,48,2025-03-03 23:01:16
1012312298YXGS3Y2CBNL,东旺路188弄（东旺路-东二环路）,诸暨市,10,4,2025-03-03 23:01:16
1012312288YR9376YUBK1,东旺路（东旺路150弄-苎萝东路）,诸暨市,18,16,2025-03-03 23:01:16
1012312288YRBP13VO9A9,江东路（望江二路-望江三路）,诸暨市,13,7,2025-03-03 23:01:16
1012312288YR6EYGP1YWX,万风新世界（暨阳路-上庄路）,诸暨市,20,4,2025-03-03 23:01:16
1012312288YRAV3T06ARL,滨江中路（望江三路-望江二路）,诸暨市,30,24,2025-03-03 23:01:16
1012401199375YC6OSJ5T,东三路（东二环路-东旺路）,诸暨市,121,61,2025-03-03 23:01:16
10124013095HHCMD4CC1T,艮塔东路（交通银行）,诸暨市,35,32,2025-03-03 23:01:16
1012312268YD5WN09GPVL,八一横路（暨阳路-无名路）,诸暨市,46,20,2025-03-03 23:01:16
1012312288YRAJXAP73SX,滨江中路（望江二路-大桥东路）,诸暨市,45,33,2025-03-03 23:01:16
1012312288YR5UKH75K3L,艮塔东路（东二路-东一路),诸暨市,101,78,2025-03-03 23:01:16
1012312288YR7N8PO2AYP,东一路68弄（东二路-东一路）,诸暨市,46,35,2025-03-03 23:01:16
1012312288YR9ABOZHGCH,东二路（东旺路-东二环路）,诸暨市,47,22,2025-03-03 23:01:16
1012312288YR8GIC67LS1,东旺路218弄(东旺路206弄-融媒体中心）,诸暨市,22,17,2025-03-03 23:01:16
1012312288YR8ZSV1UX35,东旺路150弄（东二环路-东旺路）,诸暨市,88,50,2025-03-03 23:01:16
1012312288YR85VK6CYKH,和济路（东祥路-东旺路）,诸暨市,90,87,2025-03-03 23:01:16
10124013095GY8GDKUBY9,艮塔东路（高湖路-暨东路）,诸暨市,16,13,2025-03-03 23:01:16
1019S5R3X1SOHS1,一百淘宝城停车场,诸暨市,105,40,2025-03-03 23:01:15
1012312288YR5F42HE329,红旗路（人民中路-浣纱中路）,诸暨市,16,4,2025-03-03 23:01:15
1012312298YXIV34CFDVL,东一路82弄（东二路123弄-东二路）,诸暨市,6,4,2025-03-03 22:50:01
1012312288YRBS7JO7FUP,望江二路（高湖路-江东路）,诸暨市,10,8,2025-03-03 22:50:01
1012312288YR9D2CJ4741,东二路（东祥路-环城东路）,诸暨市,25,17,2025-03-03 22:50:01
1012312288YR7V8S6IBCX,东一路88弄（东一路82弄-东一路）,诸暨市,27,20,2025-03-03 22:50:01
1012312288YR89HS7SKXT,东旺路（东旺路150弄-东二路）,诸暨市,18,5,2025-03-03 22:50:01
1012312288YRBWX8BW5Q9,望江二路（浣东北路-高湖路）,诸暨市,5,1,2025-03-03 22:50:01
1012312288YR5XYT44YKH,艮塔东路（苎萝东路-东二路）,诸暨市,142,91,2025-03-03 22:50:01
1012312288YR6C3V37475,体育路（体育路-大桥东路）,诸暨市,8,6,2025-03-03 22:50:01
1012312288YR3EFRI1BSX,滨江南路（滨江支路-浣东中路）,诸暨市,64,50,2025-03-03 22:50:01
1012312288YRBI4HZHCE9,江东路（西施大街-大桥东路）,诸暨市,6,4,2025-03-03 22:50:01
1012312288YRB24CYLBLT,浣纱南路（苎萝路-南兴路）,诸暨市,19,15,2025-03-03 22:50:01
1012312288YRBA0HET81T,江东路（大桥东路-望江一路）,诸暨市,10,3,2025-03-03 22:50:01
1012312288YR9LAB60FEP,苎萝东路（东兴路-东安路）,诸暨市,45,29,2025-03-03 22:50:01
1012312288YR5JPT2UOZL,东兴路（苎萝东路-东二路）,诸暨市,62,41,2025-03-03 22:50:01
1012312298YXIJSNZ82YP,东二路129弄（东一路88弄-东二路123弄）,诸暨市,10,10,2025-03-03 22:50:01
1012312288YR68DOZJDVL,体育路（体育路二弄-红旗路）,诸暨市,12,8,2025-03-03 22:50:01
1019REU2R6D37Y9,城东公园地下停车场,诸暨市,601,336,2025-03-03 22:50:01
1012312288YRC2EJF5N9D,望江三路（浣东北路-高湖路）,诸暨市,11,4,2025-03-03 22:50:01
1019N4FJ7J6DUYP,篮球场停车场,诸暨市,182,37,2025-03-03 22:50:01
1012312288YR6EYGP1YWX,万风新世界（暨阳路-上庄路）,诸暨市,20,3,2025-03-03 22:50:01
1012312288YR3MBVY988X,东兴北路（江东路-福门路）,诸暨市,19,16,2025-03-03 22:50:01
1012312288YR61OZ7SOW1,浣纱中路（南屏路-西施大街）,诸暨市,14,7,2025-03-03 22:50:01
1019B4Y82CZPJ41,诸暨浣东中路停车场,诸暨市,37,31,2025-03-03 22:50:01
1012312288YR6SFUARGU9,东祥路19弄（东祥路-环城东路）,诸暨市,12,5,2025-03-03 22:50:01
1019JVX01UVMSCH,幸福家园停车场,诸暨市,72,9,2025-03-03 22:50:01
1019PDPET4GWE81,市民公园北面停车场,诸暨市,14,8,2025-03-03 22:50:01
1019PRTQD59LIWX,永乐路停车场,诸暨市,91,55,2025-03-03 22:50:01
1012312288YRBLMRYOUTD,江东路（望江一路-望江二路）,诸暨市,18,11,2025-03-03 22:50:01
1019MAR69WRHHXD,西子公寓停车场,诸暨市,91,82,2025-03-03 22:50:01
1012312288YR3IHRSDDZ5,滨江南路（大桥东路-西施大街）,诸暨市,13,10,2025-03-03 22:50:01
1012405079PB3TJY248W1,东三路（应山公园-东旺路）,诸暨市,44,42,2025-03-03 22:50:01
1012312288YR53DTVACCH,滨江南路（西施大街-滨江支路）,诸暨市,33,30,2025-03-03 22:50:00
1019PDAS7RIP7GH,市民公园东北面停车场,诸暨市,27,11,2025-03-03 22:50:00
1012312288YR57VMEIUBL,大桥东路（大桥东路9号-江东路）,诸暨市,34,22,2025-03-03 22:50:00
1012312288YRAXUGJT1J5,浣纱北路（大桥路-艮塔路）,诸暨市,59,21,2025-03-03 22:50:00
1012312288YR825E2P88X,苎萝东路（东二环路-东福路),诸暨市,115,82,2025-03-03 22:50:00
1012312288YR751NEO35T,东祥路（东二路-苎萝东路）,诸暨市,38,21,2025-03-03 22:50:00
1012312288YR9376YUBK1,东旺路（东旺路150弄-苎萝东路）,诸暨市,18,15,2025-03-03 22:50:00
1012312288YR5RTTNITC1,艮塔东路（江东路-高湖路）,诸暨市,39,23,2025-03-03 22:50:00
1012312288YR64NIVVNK1,浣纱中路（西施大街-大桥东路）,诸暨市,23,10,2025-03-03 22:50:00
1012312288YR8ZSV1UX35,东旺路150弄（东二环路-东旺路）,诸暨市,88,52,2025-03-03 22:50:00
1012401199375YC6OSJ5T,东三路（东二环路-东旺路）,诸暨市,121,62,2025-03-03 22:50:00
1012312288YRC518WKA2P,望江三路（江东路-滨江中路）,诸暨市,5,4,2025-03-03 22:50:00
1012312288YR5F42HE329,红旗路（人民中路-浣纱中路）,诸暨市,16,4,2025-03-03 22:50:00
1012312288YR7CTTSNVNL,苎萝东路（环城东路-东兴路）,诸暨市,86,61,2025-03-03 22:50:00
1012312268YDHM7XGW3Y9,艮塔东路（滨江北路-江东路),诸暨市,33,15,2025-03-03 22:50:00
1012312288YR6IWIX5X4X,苎萝东路（东二环路-东旺路）,诸暨市,18,15,2025-03-03 22:50:00
1012312288YR8GIC67LS1,东旺路218弄(东旺路206弄-融媒体中心）,诸暨市,22,17,2025-03-03 22:50:00
1012312288YR7K67XR8CH,望江一路（浣东北路-江东路）,诸暨市,14,12,2025-03-03 22:50:00
1012312298YXHTPH9LYPT,东二路123弄（东旺路188弄-东二路）,诸暨市,61,39,2025-03-03 22:50:00
10124012093FZKG7Y8M4H,永昌南路（东一路-东二路）,诸暨市,63,49,2025-03-03 22:50:00
1012312288YR8IX5J60OX,东旺路218弄（东旺路-融媒体中心）,诸暨市,29,16,2025-03-03 22:50:00
10124013095GY8GDKUBY9,艮塔东路（高湖路-暨东路）,诸暨市,16,13,2025-03-03 22:50:00
1012312288YR8VUSTQYV5,东旺路182弄(康华大厦-东旺路),诸暨市,19,11,2025-03-03 22:50:00
1019SEVYY7X0W75,十里牌停车场,诸暨市,69,68,2025-03-03 22:50:00
1012312288YRAV3T06ARL,滨江中路（望江三路-望江二路）,诸暨市,30,25,2025-03-03 22:50:00
1012312298YXGS3Y2CBNL,东旺路188弄（东旺路-东二环路）,诸暨市,10,4,2025-03-03 22:50:00
1012312288YRADOD6CUM9,南兴路（南庠路-人民南路）,诸暨市,25,25,2025-03-03 22:50:00
1012405049OQ8ZNVP3U2P,苎萝东路（东二环路-东旺路）1,诸暨市,29,21,2025-03-03 22:50:00
1019QKKS3RWOFEP,人防大厦停车场,诸暨市,48,48,2025-03-03 22:50:00
1012312288YRBP13VO9A9,江东路（望江二路-望江三路）,诸暨市,13,7,2025-03-03 22:50:00
10124013095H4QPBO8UF5,东兴路50弄,诸暨市,7,7,2025-03-03 22:50:00
1012312288YRBEU44Q1VL,滨江中路（艮塔东路-望江三路）,诸暨市,25,14,2025-03-03 22:50:00
1012312288YR9ABOZHGCH,东二路（东旺路-东二环路）,诸暨市,47,22,2025-03-03 22:50:00
1012312288YR9VX35V2M9,苎萝东路（环城东路-东祥路）,诸暨市,17,10,2025-03-03 22:50:00
10124013095HHCMD4CC1T,艮塔东路（交通银行）,诸暨市,35,32,2025-03-03 22:50:00
1012312288YR5B22720W1,大桥东路（江东路-五角广场）,诸暨市,58,43,2025-03-03 22:50:00
1012312288YR9HG704L4X,苎萝东路（东福路-东三环路）,诸暨市,107,107,2025-03-03 22:50:00
1012312288YR7N8PO2AYP,东一路68弄（东二路-东一路）,诸暨市,46,35,2025-03-03 22:50:00
1012312288YRBZRTXR0G1,望江三路（高湖路-江东路）,诸暨市,15,12,2025-03-03 22:50:00
1012312288YR5NVRFEV41,东安路(东二路-苎萝东路),诸暨市,6,3,2025-03-03 22:50:00
1012312268YD5WN09GPVL,八一横路（暨阳路-无名路）,诸暨市,46,20,2025-03-03 22:50:00
1012312288YRB62F6P9TT,浣纱南路（南兴路-南屏路）,诸暨市,60,33,2025-03-03 22:50:00
1012312288YRAJXAP73SX,滨江中路（望江二路-大桥东路）,诸暨市,45,32,2025-03-03 22:50:00
1012312288YR9PO5N0TFL,苎萝东路（环城东路-东旺路）,诸暨市,54,46,2025-03-03 22:50:00
1019Q6UK2GUCAV5,市民公园地下停车场,诸暨市,227,165,2025-03-03 22:50:00
1012312288YR7YF7Z1HXD,高湖路（望江二路-望江一路）,诸暨市,18,7,2025-03-03 22:50:00
1012312288YR7HFKE4HKX,西施大街（浣纱中路-人民中路）,诸暨市,28,13,2025-03-03 22:50:00
1012312288YR5UKH75K3L,艮塔东路（东二路-东一路),诸暨市,101,79,2025-03-03 22:50:00
1012312288YR79Z86T0XT,暨东路70弄（东一路-东旺路218弄）,诸暨市,32,22,2025-03-03 22:50:00
1019S5R3X1SOHS1,一百淘宝城停车场,诸暨市,105,40,2025-03-03 22:50:00
1012312288YR85VK6CYKH,和济路（东祥路-东旺路）,诸暨市,90,87,2025-03-03 22:50:00
1019PRTQD59LIWX,永乐路停车场,诸暨市,91,55,2025-03-03 22:40:01
1012312288YR5UKH75K3L,艮塔东路（东二路-东一路),诸暨市,101,79,2025-03-03 22:40:01
1012312288YR9D2CJ4741,东二路（东祥路-环城东路）,诸暨市,25,16,2025-03-03 22:40:01
1012312288YRBI4HZHCE9,江东路（西施大街-大桥东路）,诸暨市,6,4,2025-03-03 22:40:01
1012312298YXIV34CFDVL,东一路82弄（东二路123弄-东二路）,诸暨市,6,4,2025-03-03 22:40:01
1012312288YR6EYGP1YWX,万风新世界（暨阳路-上庄路）,诸暨市,20,3,2025-03-03 22:40:01
1019N4FJ7J6DUYP,篮球场停车场,诸暨市,182,37,2025-03-03 22:40:01
1012312288YR68DOZJDVL,体育路（体育路二弄-红旗路）,诸暨市,12,8,2025-03-03 22:40:01
1012312288YR89HS7SKXT,东旺路（东旺路150弄-东二路）,诸暨市,18,4,2025-03-03 22:40:01
1012312288YR6C3V37475,体育路（体育路-大桥东路）,诸暨市,8,6,2025-03-03 22:40:01
1012312288YRAV3T06ARL,滨江中路（望江三路-望江二路）,诸暨市,30,24,2025-03-03 22:40:01
1012312288YRBA0HET81T,江东路（大桥东路-望江一路）,诸暨市,10,3,2025-03-03 22:40:01
1012312288YR61OZ7SOW1,浣纱中路（南屏路-西施大街）,诸暨市,14,8,2025-03-03 22:40:01
1019MAR69WRHHXD,西子公寓停车场,诸暨市,91,82,2025-03-03 22:40:01
1012312288YR7V8S6IBCX,东一路88弄（东一路82弄-东一路）,诸暨市,27,20,2025-03-03 22:40:01
1012312288YRB24CYLBLT,浣纱南路（苎萝路-南兴路）,诸暨市,19,15,2025-03-03 22:40:01
1012312288YR5JPT2UOZL,东兴路（苎萝东路-东二路）,诸暨市,62,43,2025-03-03 22:40:01
1019REU2R6D37Y9,城东公园地下停车场,诸暨市,601,336,2025-03-03 22:40:01
1019B4Y82CZPJ41,诸暨浣东中路停车场,诸暨市,37,31,2025-03-03 22:40:01
1012405079PB3TJY248W1,东三路（应山公园-东旺路）,诸暨市,44,42,2025-03-03 22:40:01
1012312288YR9LAB60FEP,苎萝东路（东兴路-东安路）,诸暨市,45,29,2025-03-03 22:40:01
1012312288YRBWX8BW5Q9,望江二路（浣东北路-高湖路）,诸暨市,5,1,2025-03-03 22:40:01
1012312288YR3IHRSDDZ5,滨江南路（大桥东路-西施大街）,诸暨市,13,11,2025-03-03 22:40:01
1012312288YR6SFUARGU9,东祥路19弄（东祥路-环城东路）,诸暨市,12,5,2025-03-03 22:40:01
1012312288YRC2EJF5N9D,望江三路（浣东北路-高湖路）,诸暨市,11,4,2025-03-03 22:40:01
1012312298YXIJSNZ82YP,东二路129弄（东一路88弄-东二路123弄）,诸暨市,10,10,2025-03-03 22:40:01
1012312288YRBS7JO7FUP,望江二路（高湖路-江东路）,诸暨市,10,8,2025-03-03 22:40:01
1019PDPET4GWE81,市民公园北面停车场,诸暨市,14,8,2025-03-03 22:40:01
1012312288YR3MBVY988X,东兴北路（江东路-福门路）,诸暨市,19,16,2025-03-03 22:40:01
1012312288YR5XYT44YKH,艮塔东路（苎萝东路-东二路）,诸暨市,142,90,2025-03-03 22:40:01
1012312268YDHM7XGW3Y9,艮塔东路（滨江北路-江东路),诸暨市,33,15,2025-03-03 22:40:01
1012312288YR3EFRI1BSX,滨江南路（滨江支路-浣东中路）,诸暨市,64,49,2025-03-03 22:40:01
1012312288YRBLMRYOUTD,江东路（望江一路-望江二路）,诸暨市,18,11,2025-03-03 22:40:01
1019JVX01UVMSCH,幸福家园停车场,诸暨市,72,9,2025-03-03 22:40:01
1012312288YR9VX35V2M9,苎萝东路（环城东路-东祥路）,诸暨市,17,9,2025-03-03 22:40:00
1012312288YRAXUGJT1J5,浣纱北路（大桥路-艮塔路）,诸暨市,59,20,2025-03-03 22:40:00
1019QKKS3RWOFEP,人防大厦停车场,诸暨市,48,48,2025-03-03 22:40:00
1019SEVYY7X0W75,十里牌停车场,诸暨市,69,68,2025-03-03 22:40:00
1012312288YR7YF7Z1HXD,高湖路（望江二路-望江一路）,诸暨市,18,7,2025-03-03 22:40:00
1012312268YD5WN09GPVL,八一横路（暨阳路-无名路）,诸暨市,46,20,2025-03-03 22:40:00
10124013095GY8GDKUBY9,艮塔东路（高湖路-暨东路）,诸暨市,16,13,2025-03-03 22:40:00
1012312288YR7CTTSNVNL,苎萝东路（环城东路-东兴路）,诸暨市,86,59,2025-03-03 22:40:00
10124013095H4QPBO8UF5,东兴路50弄,诸暨市,7,7,2025-03-03 22:40:00
1019Q6UK2GUCAV5,市民公园地下停车场,诸暨市,227,165,2025-03-03 22:40:00
1012312288YRBZRTXR0G1,望江三路（高湖路-江东路）,诸暨市,15,11,2025-03-03 22:40:00
1012312288YR6IWIX5X4X,苎萝东路（东二环路-东旺路）,诸暨市,18,15,2025-03-03 22:40:00
1012312298YXHTPH9LYPT,东二路123弄（东旺路188弄-东二路）,诸暨市,61,40,2025-03-03 22:40:00
1019S5R3X1SOHS1,一百淘宝城停车场,诸暨市,105,40,2025-03-03 22:40:00
1012312288YRAJXAP73SX,滨江中路（望江二路-大桥东路）,诸暨市,45,32,2025-03-03 22:40:00
10124012093FZKG7Y8M4H,永昌南路（东一路-东二路）,诸暨市,63,50,2025-03-03 22:40:00
1019PDAS7RIP7GH,市民公园东北面停车场,诸暨市,27,10,2025-03-03 22:40:00
1012312288YR8GIC67LS1,东旺路218弄(东旺路206弄-融媒体中心）,诸暨市,22,17,2025-03-03 22:40:00
1012405049OQ8ZNVP3U2P,苎萝东路（东二环路-东旺路）1,诸暨市,29,20,2025-03-03 22:40:00
1012312288YR5RTTNITC1,艮塔东路（江东路-高湖路）,诸暨市,39,23,2025-03-03 22:40:00
1012401199375YC6OSJ5T,东三路（东二环路-东旺路）,诸暨市,121,60,2025-03-03 22:40:00
1012312288YR79Z86T0XT,暨东路70弄（东一路-东旺路218弄）,诸暨市,32,22,2025-03-03 22:40:00
1012312288YR5B22720W1,大桥东路（江东路-五角广场）,诸暨市,58,43,2025-03-03 22:40:00
1012312288YR825E2P88X,苎萝东路（东二环路-东福路),诸暨市,115,82,2025-03-03 22:40:00
1012312288YR57VMEIUBL,大桥东路（大桥东路9号-江东路）,诸暨市,34,21,2025-03-03 22:40:00
1012312288YRBP13VO9A9,江东路（望江二路-望江三路）,诸暨市,13,6,2025-03-03 22:40:00
1012312288YR53DTVACCH,滨江南路（西施大街-滨江支路）,诸暨市,33,29,2025-03-03 22:40:00
1012312288YR9HG704L4X,苎萝东路（东福路-东三环路）,诸暨市,107,107,2025-03-03 22:40:00
1012312288YR8VUSTQYV5,东旺路182弄(康华大厦-东旺路),诸暨市,19,11,2025-03-03 22:40:00
1012312288YR9ABOZHGCH,东二路（东旺路-东二环路）,诸暨市,47,22,2025-03-03 22:40:00
1012312288YR85VK6CYKH,和济路（东祥路-东旺路）,诸暨市,90,87,2025-03-03 22:40:00
1012312288YR9PO5N0TFL,苎萝东路（环城东路-东旺路）,诸暨市,54,46,2025-03-03 22:40:00
10124013095HHCMD4CC1T,艮塔东路（交通银行）,诸暨市,35,32,2025-03-03 22:40:00
1012312288YRADOD6CUM9,南兴路（南庠路-人民南路）,诸暨市,25,25,2025-03-03 22:40:00
1012312288YR7HFKE4HKX,西施大街（浣纱中路-人民中路）,诸暨市,28,12,2025-03-03 22:40:00
1012312288YR7N8PO2AYP,东一路68弄（东二路-东一路）,诸暨市,46,35,2025-03-03 22:40:00
1012312288YR64NIVVNK1,浣纱中路（西施大街-大桥东路）,诸暨市,23,10,2025-03-03 22:40:00
1012312288YR7K67XR8CH,望江一路（浣东北路-江东路）,诸暨市,14,12,2025-03-03 22:40:00
1012312298YXGS3Y2CBNL,东旺路188弄（东旺路-东二环路）,诸暨市,10,4,2025-03-03 22:40:00
1012312288YR8IX5J60OX,东旺路218弄（东旺路-融媒体中心）,诸暨市,29,16,2025-03-03 22:40:00
1012312288YR5F42HE329,红旗路（人民中路-浣纱中路）,诸暨市,16,4,2025-03-03 22:40:00
1012312288YR8ZSV1UX35,东旺路150弄（东二环路-东旺路）,诸暨市,88,50,2025-03-03 22:40:00
1012312288YRB62F6P9TT,浣纱南路（南兴路-南屏路）,诸暨市,60,33,2025-03-03 22:40:00
1012312288YR751NEO35T,东祥路（东二路-苎萝东路）,诸暨市,38,21,2025-03-03 22:40:00
1012312288YRC518WKA2P,望江三路（江东路-滨江中路）,诸暨市,5,4,2025-03-03 22:40:00
1012312288YR5NVRFEV41,东安路(东二路-苎萝东路),诸暨市,6,3,2025-03-03 22:40:00
1012312288YRBEU44Q1VL,滨江中路（艮塔东路-望江三路）,诸暨市,25,14,2025-03-03 22:40:00
1012312288YR9376YUBK1,东旺路（东旺路150弄-苎萝东路）,诸暨市,18,16,2025-03-03 22:40:00
1019N4FJ7J6DUYP,篮球场停车场,诸暨市,182,37,2025-03-03 22:31:14
1012312288YRBLMRYOUTD,江东路（望江一路-望江二路）,诸暨市,18,11,2025-03-03 22:31:14
1012312268YDHM7XGW3Y9,艮塔东路（滨江北路-江东路),诸暨市,33,15,2025-03-03 22:31:14
1012312288YR3IHRSDDZ5,滨江南路（大桥东路-西施大街）,诸暨市,13,11,2025-03-03 22:31:14
1012312288YR89HS7SKXT,东旺路（东旺路150弄-东二路）,诸暨市,18,4,2025-03-03 22:31:14
1012312288YRBS7JO7FUP,望江二路（高湖路-江东路）,诸暨市,10,7,2025-03-03 22:31:14
1012312288YRBWX8BW5Q9,望江二路（浣东北路-高湖路）,诸暨市,5,1,2025-03-03 22:31:14
1012312288YRBI4HZHCE9,江东路（西施大街-大桥东路）,诸暨市,6,4,2025-03-03 22:31:14
1012312288YR68DOZJDVL,体育路（体育路二弄-红旗路）,诸暨市,12,8,2025-03-03 22:31:14
1019MAR69WRHHXD,西子公寓停车场,诸暨市,91,82,2025-03-03 22:31:14
1012312298YXIV34CFDVL,东一路82弄（东二路123弄-东二路）,诸暨市,6,4,2025-03-03 22:31:14
1019B4Y82CZPJ41,诸暨浣东中路停车场,诸暨市,37,30,2025-03-03 22:31:14
1019PRTQD59LIWX,永乐路停车场,诸暨市,91,55,2025-03-03 22:31:14
1012312288YR57VMEIUBL,大桥东路（大桥东路9号-江东路）,诸暨市,34,21,2025-03-03 22:31:14
1012312288YR5UKH75K3L,艮塔东路（东二路-东一路),诸暨市,101,79,2025-03-03 22:31:14
1012312288YR9D2CJ4741,东二路（东祥路-环城东路）,诸暨市,25,16,2025-03-03 22:31:14
1012312288YR7HFKE4HKX,西施大街（浣纱中路-人民中路）,诸暨市,28,10,2025-03-03 22:31:14
1012312288YRAV3T06ARL,滨江中路（望江三路-望江二路）,诸暨市,30,24,2025-03-03 22:31:14
1012312288YRAJXAP73SX,滨江中路（望江二路-大桥东路）,诸暨市,45,33,2025-03-03 22:31:14
1012312288YR61OZ7SOW1,浣纱中路（南屏路-西施大街）,诸暨市,14,8,2025-03-03 22:31:14
1012312288YR5JPT2UOZL,东兴路（苎萝东路-东二路）,诸暨市,62,43,2025-03-03 22:31:14
1012312288YRBZRTXR0G1,望江三路（高湖路-江东路）,诸暨市,15,11,2025-03-03 22:31:14
1012312298YXIJSNZ82YP,东二路129弄（东一路88弄-东二路123弄）,诸暨市,10,10,2025-03-03 22:31:14
1012312288YR7V8S6IBCX,东一路88弄（东一路82弄-东一路）,诸暨市,27,20,2025-03-03 22:31:14
1012312288YR6SFUARGU9,东祥路19弄（东祥路-环城东路）,诸暨市,12,5,2025-03-03 22:31:14
1012312288YR9376YUBK1,东旺路（东旺路150弄-苎萝东路）,诸暨市,18,16,2025-03-03 22:31:14
1019PDPET4GWE81,市民公园北面停车场,诸暨市,14,8,2025-03-03 22:31:14
1012312288YR9LAB60FEP,苎萝东路（东兴路-东安路）,诸暨市,45,28,2025-03-03 22:31:14
1012312288YRC2EJF5N9D,望江三路（浣东北路-高湖路）,诸暨市,11,5,2025-03-03 22:31:14
1012312288YRBA0HET81T,江东路（大桥东路-望江一路）,诸暨市,10,3,2025-03-03 22:31:14
10124013095HHCMD4CC1T,艮塔东路（交通银行）,诸暨市,35,32,2025-03-03 22:31:14
1012312288YR3MBVY988X,东兴北路（江东路-福门路）,诸暨市,19,16,2025-03-03 22:31:14
1012405079PB3TJY248W1,东三路（应山公园-东旺路）,诸暨市,44,42,2025-03-03 22:31:14
1012312288YR9ABOZHGCH,东二路（东旺路-东二环路）,诸暨市,47,22,2025-03-03 22:31:14
1012312288YR5B22720W1,大桥东路（江东路-五角广场）,诸暨市,58,41,2025-03-03 22:31:14
1012312288YR5XYT44YKH,艮塔东路（苎萝东路-东二路）,诸暨市,142,91,2025-03-03 22:31:14
1019JVX01UVMSCH,幸福家园停车场,诸暨市,72,9,2025-03-03 22:31:14
1019PDAS7RIP7GH,市民公园东北面停车场,诸暨市,27,10,2025-03-03 22:31:14
1012312288YR6EYGP1YWX,万风新世界（暨阳路-上庄路）,诸暨市,20,6,2025-03-03 22:31:14
1012312288YR6C3V37475,体育路（体育路-大桥东路）,诸暨市,8,6,2025-03-03 22:31:14
1019REU2R6D37Y9,城东公园地下停车场,诸暨市,601,336,2025-03-03 22:31:14
1012312288YR3EFRI1BSX,滨江南路（滨江支路-浣东中路）,诸暨市,64,48,2025-03-03 22:31:14
1012312288YRB24CYLBLT,浣纱南路（苎萝路-南兴路）,诸暨市,19,15,2025-03-03 22:31:14
1019SEVYY7X0W75,十里牌停车场,诸暨市,69,69,2025-03-03 22:31:13
1012312288YR825E2P88X,苎萝东路（东二环路-东福路),诸暨市,115,84,2025-03-03 22:31:13
1012312288YRADOD6CUM9,南兴路（南庠路-人民南路）,诸暨市,25,25,2025-03-03 22:31:13
1012312268YD5WN09GPVL,八一横路（暨阳路-无名路）,诸暨市,46,20,2025-03-03 22:31:13
10124012093FZKG7Y8M4H,永昌南路（东一路-东二路）,诸暨市,63,50,2025-03-03 22:31:13
1012312288YR53DTVACCH,滨江南路（西施大街-滨江支路）,诸暨市,33,29,2025-03-03 22:31:13
1012401199375YC6OSJ5T,东三路（东二环路-东旺路）,诸暨市,121,60,2025-03-03 22:31:13
1019Q6UK2GUCAV5,市民公园地下停车场,诸暨市,227,165,2025-03-03 22:31:13
1012312288YR8GIC67LS1,东旺路218弄(东旺路206弄-融媒体中心）,诸暨市,22,17,2025-03-03 22:31:13
10124013095H4QPBO8UF5,东兴路50弄,诸暨市,7,7,2025-03-03 22:31:13
1019S5R3X1SOHS1,一百淘宝城停车场,诸暨市,105,40,2025-03-03 22:31:13
1012405049OQ8ZNVP3U2P,苎萝东路（东二环路-东旺路）1,诸暨市,29,20,2025-03-03 22:31:13
1012312288YR6IWIX5X4X,苎萝东路（东二环路-东旺路）,诸暨市,18,14,2025-03-03 22:31:13
1012312288YRB62F6P9TT,浣纱南路（南兴路-南屏路）,诸暨市,60,34,2025-03-03 22:31:13
1012312288YR7CTTSNVNL,苎萝东路（环城东路-东兴路）,诸暨市,86,58,2025-03-03 22:31:13
1012312288YR7YF7Z1HXD,高湖路（望江二路-望江一路）,诸暨市,18,7,2025-03-03 22:31:13
1012312288YRC518WKA2P,望江三路（江东路-滨江中路）,诸暨市,5,4,2025-03-03 22:31:13
1012312288YR8IX5J60OX,东旺路218弄（东旺路-融媒体中心）,诸暨市,29,15,2025-03-03 22:31:13
1012312288YR5RTTNITC1,艮塔东路（江东路-高湖路）,诸暨市,39,23,2025-03-03 22:31:13
1012312288YR9PO5N0TFL,苎萝东路（环城东路-东旺路）,诸暨市,54,46,2025-03-03 22:31:13
1012312288YR8ZSV1UX35,东旺路150弄（东二环路-东旺路）,诸暨市,88,51,2025-03-03 22:31:13
1012312288YRBEU44Q1VL,滨江中路（艮塔东路-望江三路）,诸暨市,25,13,2025-03-03 22:31:13
1012312288YR85VK6CYKH,和济路（东祥路-东旺路）,诸暨市,90,86,2025-03-03 22:31:13
1012312288YR7N8PO2AYP,东一路68弄（东二路-东一路）,诸暨市,46,34,2025-03-03 22:31:13
1012312288YR751NEO35T,东祥路（东二路-苎萝东路）,诸暨市,38,19,2025-03-03 22:31:13
1012312288YR64NIVVNK1,浣纱中路（西施大街-大桥东路）,诸暨市,23,10,2025-03-03 22:31:13
1012312288YR79Z86T0XT,暨东路70弄（东一路-东旺路218弄）,诸暨市,32,22,2025-03-03 22:31:13
1012312288YR9HG704L4X,苎萝东路（东福路-东三环路）,诸暨市,107,107,2025-03-03 22:31:13
1012312288YRBP13VO9A9,江东路（望江二路-望江三路）,诸暨市,13,6,2025-03-03 22:31:13
1012312298YXHTPH9LYPT,东二路123弄（东旺路188弄-东二路）,诸暨市,61,40,2025-03-03 22:31:13
1012312298YXGS3Y2CBNL,东旺路188弄（东旺路-东二环路）,诸暨市,10,3,2025-03-03 22:31:13
1012312288YR5F42HE329,红旗路（人民中路-浣纱中路）,诸暨市,16,4,2025-03-03 22:31:13
10124013095GY8GDKUBY9,艮塔东路（高湖路-暨东路）,诸暨市,16,10,2025-03-03 22:31:13
1012312288YR5NVRFEV41,东安路(东二路-苎萝东路),诸暨市,6,3,2025-03-03 22:31:13
1012312288YR7K67XR8CH,望江一路（浣东北路-江东路）,诸暨市,14,12,2025-03-03 22:31:13
1012312288YR9VX35V2M9,苎萝东路（环城东路-东祥路）,诸暨市,17,8,2025-03-03 22:31:13
1012312288YRAXUGJT1J5,浣纱北路（大桥路-艮塔路）,诸暨市,59,20,2025-03-03 22:31:13
1012312288YR8VUSTQYV5,东旺路182弄(康华大厦-东旺路),诸暨市,19,11,2025-03-03 22:31:13
1019QKKS3RWOFEP,人防大厦停车场,诸暨市,48,48,2025-03-03 22:31:13
1019MAR69WRHHXD,西子公寓停车场,诸暨市,91,82,2025-03-03 22:21:15
1012312288YR5XYT44YKH,艮塔东路（苎萝东路-东二路）,诸暨市,142,89,2025-03-03 22:21:15
1012312288YRBI4HZHCE9,江东路（西施大街-大桥东路）,诸暨市,6,4,2025-03-03 22:21:15
1012312288YR6SFUARGU9,东祥路19弄（东祥路-环城东路）,诸暨市,12,5,2025-03-03 22:21:15
1012312288YRB24CYLBLT,浣纱南路（苎萝路-南兴路）,诸暨市,19,15,2025-03-03 22:21:15
1019PRTQD59LIWX,永乐路停车场,诸暨市,91,55,2025-03-03 22:21:15
1012312288YR3MBVY988X,东兴北路（江东路-福门路）,诸暨市,19,16,2025-03-03 22:21:15
1012312288YRBS7JO7FUP,望江二路（高湖路-江东路）,诸暨市,10,7,2025-03-03 22:21:15
1012312288YR5JPT2UOZL,东兴路（苎萝东路-东二路）,诸暨市,62,43,2025-03-03 22:21:15
1019REU2R6D37Y9,城东公园地下停车场,诸暨市,601,336,2025-03-03 22:21:15
1012312298YXIJSNZ82YP,东二路129弄（东一路88弄-东二路123弄）,诸暨市,10,10,2025-03-03 22:21:15
1012312288YRBWX8BW5Q9,望江二路（浣东北路-高湖路）,诸暨市,5,1,2025-03-03 22:21:15
1019JVX01UVMSCH,幸福家园停车场,诸暨市,72,8,2025-03-03 22:21:15
1012312288YRBLMRYOUTD,江东路（望江一路-望江二路）,诸暨市,18,11,2025-03-03 22:21:15
1012312288YR7V8S6IBCX,东一路88弄（东一路82弄-东一路）,诸暨市,27,20,2025-03-03 22:21:15
1019N4FJ7J6DUYP,篮球场停车场,诸暨市,182,37,2025-03-03 22:21:15
1012312288YR9LAB60FEP,苎萝东路（东兴路-东安路）,诸暨市,45,28,2025-03-03 22:21:15
1012312288YRBA0HET81T,江东路（大桥东路-望江一路）,诸暨市,10,3,2025-03-03 22:21:15
1012312288YR3IHRSDDZ5,滨江南路（大桥东路-西施大街）,诸暨市,13,11,2025-03-03 22:21:15
1012312288YR3EFRI1BSX,滨江南路（滨江支路-浣东中路）,诸暨市,64,49,2025-03-03 22:21:15
1012312288YR89HS7SKXT,东旺路（东旺路150弄-东二路）,诸暨市,18,4,2025-03-03 22:21:14
1012312288YR6C3V37475,体育路（体育路-大桥东路）,诸暨市,8,6,2025-03-03 22:21:14
1012312288YR5B22720W1,大桥东路（江东路-五角广场）,诸暨市,58,41,2025-03-03 22:21:14
1012312288YR79Z86T0XT,暨东路70弄（东一路-东旺路218弄）,诸暨市,32,22,2025-03-03 22:21:14
1012312288YR6IWIX5X4X,苎萝东路（东二环路-东旺路）,诸暨市,18,14,2025-03-03 22:21:14
1012312268YDHM7XGW3Y9,艮塔东路（滨江北路-江东路),诸暨市,33,15,2025-03-03 22:21:14
1012312288YRAV3T06ARL,滨江中路（望江三路-望江二路）,诸暨市,30,25,2025-03-03 22:21:14
1012312288YR8ZSV1UX35,东旺路150弄（东二环路-东旺路）,诸暨市,88,54,2025-03-03 22:21:14
1012312288YR9ABOZHGCH,东二路（东旺路-东二环路）,诸暨市,47,22,2025-03-03 22:21:14
1012312288YR5UKH75K3L,艮塔东路（东二路-东一路),诸暨市,101,79,2025-03-03 22:21:14
1012312298YXGS3Y2CBNL,东旺路188弄（东旺路-东二环路）,诸暨市,10,4,2025-03-03 22:21:14
1012312288YRAXUGJT1J5,浣纱北路（大桥路-艮塔路）,诸暨市,59,20,2025-03-03 22:21:14
1012312288YR9376YUBK1,东旺路（东旺路150弄-苎萝东路）,诸暨市,18,15,2025-03-03 22:21:14
1012312288YR825E2P88X,苎萝东路（东二环路-东福路),诸暨市,115,83,2025-03-03 22:21:14
1019SEVYY7X0W75,十里牌停车场,诸暨市,69,69,2025-03-03 22:21:14
1012312288YR68DOZJDVL,体育路（体育路二弄-红旗路）,诸暨市,12,8,2025-03-03 22:21:14
1012312268YD5WN09GPVL,八一横路（暨阳路-无名路）,诸暨市,46,20,2025-03-03 22:21:14
1019B4Y82CZPJ41,诸暨浣东中路停车场,诸暨市,37,30,2025-03-03 22:21:14
1012312288YR6EYGP1YWX,万风新世界（暨阳路-上庄路）,诸暨市,20,5,2025-03-03 22:21:14
1012312288YR7K67XR8CH,望江一路（浣东北路-江东路）,诸暨市,14,12,2025-03-03 22:21:14
10124013095GY8GDKUBY9,艮塔东路（高湖路-暨东路）,诸暨市,16,10,2025-03-03 22:21:14
1012312288YRC518WKA2P,望江三路（江东路-滨江中路）,诸暨市,5,3,2025-03-03 22:21:14
1012312298YXHTPH9LYPT,东二路123弄（东旺路188弄-东二路）,诸暨市,61,39,2025-03-03 22:21:14
1012405079PB3TJY248W1,东三路（应山公园-东旺路）,诸暨市,44,42,2025-03-03 22:21:14
1012312288YR5RTTNITC1,艮塔东路（江东路-高湖路）,诸暨市,39,23,2025-03-03 22:21:14
1012312288YR7HFKE4HKX,西施大街（浣纱中路-人民中路）,诸暨市,28,9,2025-03-03 22:21:14
1012312288YR64NIVVNK1,浣纱中路（西施大街-大桥东路）,诸暨市,23,9,2025-03-03 22:21:14
1012312288YRBEU44Q1VL,滨江中路（艮塔东路-望江三路）,诸暨市,25,14,2025-03-03 22:21:14
1012312288YR8IX5J60OX,东旺路218弄（东旺路-融媒体中心）,诸暨市,29,15,2025-03-03 22:21:14
1012312288YR751NEO35T,东祥路（东二路-苎萝东路）,诸暨市,38,17,2025-03-03 22:21:14
1012312288YRC2EJF5N9D,望江三路（浣东北路-高湖路）,诸暨市,11,5,2025-03-03 22:21:14
1012312288YR53DTVACCH,滨江南路（西施大街-滨江支路）,诸暨市,33,30,2025-03-03 22:21:14
1012312288YR61OZ7SOW1,浣纱中路（南屏路-西施大街）,诸暨市,14,8,2025-03-03 22:21:14
1019PDPET4GWE81,市民公园北面停车场,诸暨市,14,8,2025-03-03 22:21:14
10124013095H4QPBO8UF5,东兴路50弄,诸暨市,7,7,2025-03-03 22:21:14
1012312298YXIV34CFDVL,东一路82弄（东二路123弄-东二路）,诸暨市,6,4,2025-03-03 22:21:14
1012312288YRAJXAP73SX,滨江中路（望江二路-大桥东路）,诸暨市,45,34,2025-03-03 22:21:14
1012312288YR57VMEIUBL,大桥东路（大桥东路9号-江东路）,诸暨市,34,20,2025-03-03 22:21:14
1012312288YR7CTTSNVNL,苎萝东路（环城东路-东兴路）,诸暨市,86,58,2025-03-03 22:21:14
10124013095HHCMD4CC1T,艮塔东路（交通银行）,诸暨市,35,32,2025-03-03 22:21:14
1012312288YRADOD6CUM9,南兴路（南庠路-人民南路）,诸暨市,25,25,2025-03-03 22:21:14
1012312288YRBZRTXR0G1,望江三路（高湖路-江东路）,诸暨市,15,11,2025-03-03 22:21:14
1012312288YR9D2CJ4741,东二路（东祥路-环城东路）,诸暨市,25,14,2025-03-03 22:21:14
1019PDAS7RIP7GH,市民公园东北面停车场,诸暨市,27,10,2025-03-03 22:21:14
1012312288YR8GIC67LS1,东旺路218弄(东旺路206弄-融媒体中心）,诸暨市,22,17,2025-03-03 22:21:14
1019Q6UK2GUCAV5,市民公园地下停车场,诸暨市,227,165,2025-03-03 22:21:13
1012312288YR7N8PO2AYP,东一路68弄（东二路-东一路）,诸暨市,46,34,2025-03-03 22:21:13
1019QKKS3RWOFEP,人防大厦停车场,诸暨市,48,48,2025-03-03 22:21:13
1012312288YR7YF7Z1HXD,高湖路（望江二路-望江一路）,诸暨市,18,8,2025-03-03 22:21:13
1019S5R3X1SOHS1,一百淘宝城停车场,诸暨市,105,40,2025-03-03 22:21:13
10124012093FZKG7Y8M4H,永昌南路（东一路-东二路）,诸暨市,63,50,2025-03-03 22:21:13
1012312288YR9HG704L4X,苎萝东路（东福路-东三环路）,诸暨市,107,107,2025-03-03 22:21:13
1012312288YR5NVRFEV41,东安路(东二路-苎萝东路),诸暨市,6,3,2025-03-03 22:21:13
1012401199375YC6OSJ5T,东三路（东二环路-东旺路）,诸暨市,121,60,2025-03-03 22:21:13
1012312288YRBP13VO9A9,江东路（望江二路-望江三路）,诸暨市,13,5,2025-03-03 22:21:13
1012312288YR9VX35V2M9,苎萝东路（环城东路-东祥路）,诸暨市,17,8,2025-03-03 22:21:13
1012312288YRB62F6P9TT,浣纱南路（南兴路-南屏路）,诸暨市,60,34,2025-03-03 22:21:13
1012312288YR9PO5N0TFL,苎萝东路（环城东路-东旺路）,诸暨市,54,45,2025-03-03 22:21:13
1012312288YR5F42HE329,红旗路（人民中路-浣纱中路）,诸暨市,16,4,2025-03-03 22:21:13
1012312288YR85VK6CYKH,和济路（东祥路-东旺路）,诸暨市,90,88,2025-03-03 22:21:13
1012405049OQ8ZNVP3U2P,苎萝东路（东二环路-东旺路）1,诸暨市,29,20,2025-03-03 22:21:13
1012312288YR8VUSTQYV5,东旺路182弄(康华大厦-东旺路),诸暨市,19,11,2025-03-03 22:21:13
1012312288YR3IHRSDDZ5,滨江南路（大桥东路-西施大街）,诸暨市,13,11,2025-03-03 22:11:14
1012312288YRBA0HET81T,江东路（大桥东路-望江一路）,诸暨市,10,3,2025-03-03 22:11:14
1012312288YR3MBVY988X,东兴北路（江东路-福门路）,诸暨市,19,16,2025-03-03 22:11:14
1012312288YR3EFRI1BSX,滨江南路（滨江支路-浣东中路）,诸暨市,64,48,2025-03-03 22:11:14
1012312288YR6SFUARGU9,东祥路19弄（东祥路-环城东路）,诸暨市,12,5,2025-03-03 22:11:14
1012312288YRBWX8BW5Q9,望江二路（浣东北路-高湖路）,诸暨市,5,1,2025-03-03 22:11:14
1012312288YR5JPT2UOZL,东兴路（苎萝东路-东二路）,诸暨市,62,44,2025-03-03 22:11:14
1012312288YR5XYT44YKH,艮塔东路（苎萝东路-东二路）,诸暨市,142,87,2025-03-03 22:11:14
1012312288YRBLMRYOUTD,江东路（望江一路-望江二路）,诸暨市,18,11,2025-03-03 22:11:14
1019REU2R6D37Y9,城东公园地下停车场,诸暨市,601,336,2025-03-03 22:11:14
1012312288YRBS7JO7FUP,望江二路（高湖路-江东路）,诸暨市,10,7,2025-03-03 22:11:14
1012312298YXIJSNZ82YP,东二路129弄（东一路88弄-东二路123弄）,诸暨市,10,10,2025-03-03 22:11:14
1012312288YRB24CYLBLT,浣纱南路（苎萝路-南兴路）,诸暨市,19,15,2025-03-03 22:11:14
1019N4FJ7J6DUYP,篮球场停车场,诸暨市,182,37,2025-03-03 22:11:14
10124013095GY8GDKUBY9,艮塔东路（高湖路-暨东路）,诸暨市,16,10,2025-03-03 22:11:13
1012312268YDHM7XGW3Y9,艮塔东路（滨江北路-江东路),诸暨市,33,15,2025-03-03 22:11:13
1012312288YR57VMEIUBL,大桥东路（大桥东路9号-江东路）,诸暨市,34,21,2025-03-03 22:11:13
1012312288YR751NEO35T,东祥路（东二路-苎萝东路）,诸暨市,38,18,2025-03-03 22:11:13
1019PRTQD59LIWX,永乐路停车场,诸暨市,91,55,2025-03-03 22:11:13
1012312288YR8GIC67LS1,东旺路218弄(东旺路206弄-融媒体中心）,诸暨市,22,17,2025-03-03 22:11:13
1012312288YR8ZSV1UX35,东旺路150弄（东二环路-东旺路）,诸暨市,88,52,2025-03-03 22:11:13
1012312288YR9LAB60FEP,苎萝东路（东兴路-东安路）,诸暨市,45,30,2025-03-03 22:11:13
1012312288YR68DOZJDVL,体育路（体育路二弄-红旗路）,诸暨市,12,8,2025-03-03 22:11:13
1012312288YR61OZ7SOW1,浣纱中路（南屏路-西施大街）,诸暨市,14,8,2025-03-03 22:11:13
1012312288YR5UKH75K3L,艮塔东路（东二路-东一路),诸暨市,101,79,2025-03-03 22:11:13
1019MAR69WRHHXD,西子公寓停车场,诸暨市,91,82,2025-03-03 22:11:13
1012312288YR9D2CJ4741,东二路（东祥路-环城东路）,诸暨市,25,15,2025-03-03 22:11:13
10124013095H4QPBO8UF5,东兴路50弄,诸暨市,7,7,2025-03-03 22:11:13
1012312288YR6C3V37475,体育路（体育路-大桥东路）,诸暨市,8,4,2025-03-03 22:11:13
1012312288YR7HFKE4HKX,西施大街（浣纱中路-人民中路）,诸暨市,28,8,2025-03-03 22:11:13
1012312288YRADOD6CUM9,南兴路（南庠路-人民南路）,诸暨市,25,25,2025-03-03 22:11:13
1012312288YR53DTVACCH,滨江南路（西施大街-滨江支路）,诸暨市,33,30,2025-03-03 22:11:13
1012312288YRAV3T06ARL,滨江中路（望江三路-望江二路）,诸暨市,30,25,2025-03-03 22:11:13
1019PDPET4GWE81,市民公园北面停车场,诸暨市,14,8,2025-03-03 22:11:13
1012312288YRAXUGJT1J5,浣纱北路（大桥路-艮塔路）,诸暨市,59,20,2025-03-03 22:11:13
1012312288YR6IWIX5X4X,苎萝东路（东二环路-东旺路）,诸暨市,18,14,2025-03-03 22:11:13
1012312288YRC2EJF5N9D,望江三路（浣东北路-高湖路）,诸暨市,11,5,2025-03-03 22:11:13
1019JVX01UVMSCH,幸福家园停车场,诸暨市,72,8,2025-03-03 22:11:13
1012312268YD5WN09GPVL,八一横路（暨阳路-无名路）,诸暨市,46,20,2025-03-03 22:11:13
1012312298YXGS3Y2CBNL,东旺路188弄（东旺路-东二环路）,诸暨市,10,4,2025-03-03 22:11:13
1012312298YXIV34CFDVL,东一路82弄（东二路123弄-东二路）,诸暨市,6,5,2025-03-03 22:11:13
1012312288YR9376YUBK1,东旺路（东旺路150弄-苎萝东路）,诸暨市,18,15,2025-03-03 22:11:13
1012312288YR79Z86T0XT,暨东路70弄（东一路-东旺路218弄）,诸暨市,32,22,2025-03-03 22:11:13
1012312288YR7V8S6IBCX,东一路88弄（东一路82弄-东一路）,诸暨市,27,20,2025-03-03 22:11:13
1012312288YRBEU44Q1VL,滨江中路（艮塔东路-望江三路）,诸暨市,25,13,2025-03-03 22:11:13
1012312288YR6EYGP1YWX,万风新世界（暨阳路-上庄路）,诸暨市,20,7,2025-03-03 22:11:13
1019SEVYY7X0W75,十里牌停车场,诸暨市,69,68,2025-03-03 22:11:13
1012405079PB3TJY248W1,东三路（应山公园-东旺路）,诸暨市,44,42,2025-03-03 22:11:13
10124013095HHCMD4CC1T,艮塔东路（交通银行）,诸暨市,35,32,2025-03-03 22:11:13
1012312288YRAJXAP73SX,滨江中路（望江二路-大桥东路）,诸暨市,45,33,2025-03-03 22:11:13
1012312288YR8IX5J60OX,东旺路218弄（东旺路-融媒体中心）,诸暨市,29,15,2025-03-03 22:11:13
1012312288YR89HS7SKXT,东旺路（东旺路150弄-东二路）,诸暨市,18,5,2025-03-03 22:11:13
1012312288YRBZRTXR0G1,望江三路（高湖路-江东路）,诸暨市,15,11,2025-03-03 22:11:13
1012312288YRBI4HZHCE9,江东路（西施大街-大桥东路）,诸暨市,6,4,2025-03-03 22:11:13
1012312288YR9ABOZHGCH,东二路（东旺路-东二环路）,诸暨市,47,22,2025-03-03 22:11:13
1012312288YR5RTTNITC1,艮塔东路（江东路-高湖路）,诸暨市,39,23,2025-03-03 22:11:13
1019PDAS7RIP7GH,市民公园东北面停车场,诸暨市,27,11,2025-03-03 22:11:13
1012312288YR5B22720W1,大桥东路（江东路-五角广场）,诸暨市,58,41,2025-03-03 22:11:13
1019B4Y82CZPJ41,诸暨浣东中路停车场,诸暨市,37,29,2025-03-03 22:11:13
1012312288YR7CTTSNVNL,苎萝东路（环城东路-东兴路）,诸暨市,86,57,2025-03-03 22:11:13
1012312288YR7K67XR8CH,望江一路（浣东北路-江东路）,诸暨市,14,12,2025-03-03 22:11:13
1012312288YRC518WKA2P,望江三路（江东路-滨江中路）,诸暨市,5,2,2025-03-03 22:11:13
1012312288YR9VX35V2M9,苎萝东路（环城东路-东祥路）,诸暨市,17,7,2025-03-03 22:11:12
1019S5R3X1SOHS1,一百淘宝城停车场,诸暨市,105,40,2025-03-03 22:11:12
1012312288YR5NVRFEV41,东安路(东二路-苎萝东路),诸暨市,6,3,2025-03-03 22:11:12
1012312288YR85VK6CYKH,和济路（东祥路-东旺路）,诸暨市,90,88,2025-03-03 22:11:12
1012312288YR825E2P88X,苎萝东路（东二环路-东福路),诸暨市,115,81,2025-03-03 22:11:12
1012312288YR64NIVVNK1,浣纱中路（西施大街-大桥东路）,诸暨市,23,9,2025-03-03 22:11:12
1012312288YRB62F6P9TT,浣纱南路（南兴路-南屏路）,诸暨市,60,35,2025-03-03 22:11:12
1019QKKS3RWOFEP,人防大厦停车场,诸暨市,48,48,2025-03-03 22:11:12
1012312288YR5F42HE329,红旗路（人民中路-浣纱中路）,诸暨市,16,4,2025-03-03 22:11:12
1012312288YR7YF7Z1HXD,高湖路（望江二路-望江一路）,诸暨市,18,7,2025-03-03 22:11:12
1012312288YR7N8PO2AYP,东一路68弄（东二路-东一路）,诸暨市,46,33,2025-03-03 22:11:12
10124012093FZKG7Y8M4H,永昌南路（东一路-东二路）,诸暨市,63,50,2025-03-03 22:11:12
1012312288YR9HG704L4X,苎萝东路（东福路-东三环路）,诸暨市,107,107,2025-03-03 22:11:12
1012312288YR9PO5N0TFL,苎萝东路（环城东路-东旺路）,诸暨市,54,45,2025-03-03 22:11:12
1012401199375YC6OSJ5T,东三路（东二环路-东旺路）,诸暨市,121,61,2025-03-03 22:11:12
1012405049OQ8ZNVP3U2P,苎萝东路（东二环路-东旺路）1,诸暨市,29,20,2025-03-03 22:11:12
1012312298YXHTPH9LYPT,东二路123弄（东旺路188弄-东二路）,诸暨市,61,37,2025-03-03 22:11:12
1012312288YRBP13VO9A9,江东路（望江二路-望江三路）,诸暨市,13,4,2025-03-03 22:11:12
1019Q6UK2GUCAV5,市民公园地下停车场,诸暨市,227,165,2025-03-03 22:11:12
1012312288YR8VUSTQYV5,东旺路182弄(康华大厦-东旺路),诸暨市,19,11,2025-03-03 22:11:12
1012312288YR5XYT44YKH,艮塔东路（苎萝东路-东二路）,诸暨市,142,89,2025-03-03 22:01:18
1012312288YRBI4HZHCE9,江东路（西施大街-大桥东路）,诸暨市,6,3,2025-03-03 22:01:18
1012312288YR3MBVY988X,东兴北路（江东路-福门路）,诸暨市,19,16,2025-03-03 22:01:18
1019JVX01UVMSCH,幸福家园停车场,诸暨市,72,10,2025-03-03 22:01:18
1012312288YRBWX8BW5Q9,望江二路（浣东北路-高湖路）,诸暨市,5,1,2025-03-03 22:01:18
1019MAR69WRHHXD,西子公寓停车场,诸暨市,91,82,2025-03-03 22:01:18
1012312288YR6SFUARGU9,东祥路19弄（东祥路-环城东路）,诸暨市,12,5,2025-03-03 22:01:18
1012312298YXIJSNZ82YP,东二路129弄（东一路88弄-东二路123弄）,诸暨市,10,10,2025-03-03 22:01:18
1019N4FJ7J6DUYP,篮球场停车场,诸暨市,182,37,2025-03-03 22:01:18
1012312288YR7V8S6IBCX,东一路88弄（东一路82弄-东一路）,诸暨市,27,20,2025-03-03 22:01:18
1012312288YR3EFRI1BSX,滨江南路（滨江支路-浣东中路）,诸暨市,64,49,2025-03-03 22:01:18
1012312288YRBS7JO7FUP,望江二路（高湖路-江东路）,诸暨市,10,7,2025-03-03 22:01:18
1012312288YRBLMRYOUTD,江东路（望江一路-望江二路）,诸暨市,18,11,2025-03-03 22:01:18
1019REU2R6D37Y9,城东公园地下停车场,诸暨市,601,336,2025-03-03 22:01:18
1012312288YRB24CYLBLT,浣纱南路（苎萝路-南兴路）,诸暨市,19,15,2025-03-03 22:01:18
1019PRTQD59LIWX,永乐路停车场,诸暨市,91,55,2025-03-03 22:01:18
1012312288YR5JPT2UOZL,东兴路（苎萝东路-东二路）,诸暨市,62,43,2025-03-03 22:01:18
1012312288YRBA0HET81T,江东路（大桥东路-望江一路）,诸暨市,10,3,2025-03-03 22:01:18
1012312288YR3IHRSDDZ5,滨江南路（大桥东路-西施大街）,诸暨市,13,11,2025-03-03 22:01:18
1012312288YRAV3T06ARL,滨江中路（望江三路-望江二路）,诸暨市,30,25,2025-03-03 22:01:17
1012312288YR9D2CJ4741,东二路（东祥路-环城东路）,诸暨市,25,14,2025-03-03 22:01:17
1012405079PB3TJY248W1,东三路（应山公园-东旺路）,诸暨市,44,42,2025-03-03 22:01:17
1012312268YDHM7XGW3Y9,艮塔东路（滨江北路-江东路),诸暨市,33,14,2025-03-03 22:01:17
1012312288YR5UKH75K3L,艮塔东路（东二路-东一路),诸暨市,101,78,2025-03-03 22:01:17
1012312288YR89HS7SKXT,东旺路（东旺路150弄-东二路）,诸暨市,18,5,2025-03-03 22:01:17
1012312288YR6C3V37475,体育路（体育路-大桥东路）,诸暨市,8,5,2025-03-03 22:01:17
1012312298YXIV34CFDVL,东一路82弄（东二路123弄-东二路）,诸暨市,6,5,2025-03-03 22:01:17
1012312288YR9LAB60FEP,苎萝东路（东兴路-东安路）,诸暨市,45,27,2025-03-03 22:01:17
1012312288YR6EYGP1YWX,万风新世界（暨阳路-上庄路）,诸暨市,20,4,2025-03-03 22:01:17
1019PDPET4GWE81,市民公园北面停车场,诸暨市,14,8,2025-03-03 22:01:17
1012312288YR68DOZJDVL,体育路（体育路二弄-红旗路）,诸暨市,12,8,2025-03-03 22:01:17
1012312288YRC2EJF5N9D,望江三路（浣东北路-高湖路）,诸暨市,11,6,2025-03-03 22:01:17
1012312288YR61OZ7SOW1,浣纱中路（南屏路-西施大街）,诸暨市,14,8,2025-03-03 22:01:17
1019B4Y82CZPJ41,诸暨浣东中路停车场,诸暨市,37,29,2025-03-03 22:01:17
1012312288YR5RTTNITC1,艮塔东路（江东路-高湖路）,诸暨市,39,23,2025-03-03 22:01:16
1012312288YR8GIC67LS1,东旺路218弄(东旺路206弄-融媒体中心）,诸暨市,22,17,2025-03-03 22:01:16
1012312288YRBEU44Q1VL,滨江中路（艮塔东路-望江三路）,诸暨市,25,13,2025-03-03 22:01:16
1012312288YRC518WKA2P,望江三路（江东路-滨江中路）,诸暨市,5,1,2025-03-03 22:01:16
1012312288YR7K67XR8CH,望江一路（浣东北路-江东路）,诸暨市,14,13,2025-03-03 22:01:16
1012312298YXGS3Y2CBNL,东旺路188弄（东旺路-东二环路）,诸暨市,10,4,2025-03-03 22:01:16
1012312288YR751NEO35T,东祥路（东二路-苎萝东路）,诸暨市,38,17,2025-03-03 22:01:16
1012312288YRAJXAP73SX,滨江中路（望江二路-大桥东路）,诸暨市,45,36,2025-03-03 22:01:16
1012312288YRBZRTXR0G1,望江三路（高湖路-江东路）,诸暨市,15,10,2025-03-03 22:01:16
10124013095H4QPBO8UF5,东兴路50弄,诸暨市,7,7,2025-03-03 22:01:16
1012312288YR57VMEIUBL,大桥东路（大桥东路9号-江东路）,诸暨市,34,20,2025-03-03 22:01:16
1012312288YR79Z86T0XT,暨东路70弄（东一路-东旺路218弄）,诸暨市,32,22,2025-03-03 22:01:16
1012312288YR8ZSV1UX35,东旺路150弄（东二环路-东旺路）,诸暨市,88,50,2025-03-03 22:01:16
1012312288YR7CTTSNVNL,苎萝东路（环城东路-东兴路）,诸暨市,86,56,2025-03-03 22:01:16
1012312288YR53DTVACCH,滨江南路（西施大街-滨江支路）,诸暨市,33,30,2025-03-03 22:01:16
1012312288YR8IX5J60OX,东旺路218弄（东旺路-融媒体中心）,诸暨市,29,15,2025-03-03 22:01:16
1012312288YR9ABOZHGCH,东二路（东旺路-东二环路）,诸暨市,47,22,2025-03-03 22:01:16
10124013095HHCMD4CC1T,艮塔东路（交通银行）,诸暨市,35,32,2025-03-03 22:01:16
1012312268YD5WN09GPVL,八一横路（暨阳路-无名路）,诸暨市,46,20,2025-03-03 22:01:16
1012312288YR6IWIX5X4X,苎萝东路（东二环路-东旺路）,诸暨市,18,13,2025-03-03 22:01:16
1012312288YRADOD6CUM9,南兴路（南庠路-人民南路）,诸暨市,25,25,2025-03-03 22:01:16
1012312288YR5B22720W1,大桥东路（江东路-五角广场）,诸暨市,58,41,2025-03-03 22:01:16
10124013095GY8GDKUBY9,艮塔东路（高湖路-暨东路）,诸暨市,16,10,2025-03-03 22:01:16
1012312288YR7HFKE4HKX,西施大街（浣纱中路-人民中路）,诸暨市,28,6,2025-03-03 22:01:16
1019PDAS7RIP7GH,市民公园东北面停车场,诸暨市,27,11,2025-03-03 22:01:16
1012312288YR825E2P88X,苎萝东路（东二环路-东福路),诸暨市,115,81,2025-03-03 22:01:16
1019SEVYY7X0W75,十里牌停车场,诸暨市,69,68,2025-03-03 22:01:16
1012312288YRAXUGJT1J5,浣纱北路（大桥路-艮塔路）,诸暨市,59,21,2025-03-03 22:01:16
1012312288YR9376YUBK1,东旺路（东旺路150弄-苎萝东路）,诸暨市,18,11,2025-03-03 22:01:16
1012405049OQ8ZNVP3U2P,苎萝东路（东二环路-东旺路）1,诸暨市,29,20,2025-03-03 22:01:15
1012312288YR9PO5N0TFL,苎萝东路（环城东路-东旺路）,诸暨市,54,44,2025-03-03 22:01:15
10124012093FZKG7Y8M4H,永昌南路（东一路-东二路）,诸暨市,63,50,2025-03-03 22:01:15
1012312288YR64NIVVNK1,浣纱中路（西施大街-大桥东路）,诸暨市,23,9,2025-03-03 22:01:15
1012312288YRBP13VO9A9,江东路（望江二路-望江三路）,诸暨市,13,5,2025-03-03 22:01:15
1019S5R3X1SOHS1,一百淘宝城停车场,诸暨市,105,40,2025-03-03 22:01:15
1012312288YR5NVRFEV41,东安路(东二路-苎萝东路),诸暨市,6,3,2025-03-03 22:01:15
1012312288YR9HG704L4X,苎萝东路（东福路-东三环路）,诸暨市,107,107,2025-03-03 22:01:15
1012312288YRB62F6P9TT,浣纱南路（南兴路-南屏路）,诸暨市,60,34,2025-03-03 22:01:15
1012401199375YC6OSJ5T,东三路（东二环路-东旺路）,诸暨市,121,60,2025-03-03 22:01:15
1012312288YR85VK6CYKH,和济路（东祥路-东旺路）,诸暨市,90,88,2025-03-03 22:01:15
1012312288YR9VX35V2M9,苎萝东路（环城东路-东祥路）,诸暨市,17,7,2025-03-03 22:01:15
1012312298YXHTPH9LYPT,东二路123弄（东旺路188弄-东二路）,诸暨市,61,36,2025-03-03 22:01:15
1019QKKS3RWOFEP,人防大厦停车场,诸暨市,48,48,2025-03-03 22:01:15
1012312288YR7N8PO2AYP,东一路68弄（东二路-东一路）,诸暨市,46,34,2025-03-03 22:01:15
1012312288YR8VUSTQYV5,东旺路182弄(康华大厦-东旺路),诸暨市,19,11,2025-03-03 22:01:15
1012312288YR5F42HE329,红旗路（人民中路-浣纱中路）,诸暨市,16,4,2025-03-03 22:01:15
1012312288YR7YF7Z1HXD,高湖路（望江二路-望江一路）,诸暨市,18,7,2025-03-03 22:01:15
1019Q6UK2GUCAV5,市民公园地下停车场,诸暨市,227,165,2025-03-03 22:01:15
1012312288YR6EYGP1YWX,万风新世界（暨阳路-上庄路）,诸暨市,20,4,2025-03-03 21:50:01
1012312288YR5XYT44YKH,艮塔东路（苎萝东路-东二路）,诸暨市,142,91,2025-03-03 21:50:01
1019REU2R6D37Y9,城东公园地下停车场,诸暨市,601,336,2025-03-03 21:50:01
1012312288YRC2EJF5N9D,望江三路（浣东北路-高湖路）,诸暨市,11,5,2025-03-03 21:50:01
1019N4FJ7J6DUYP,篮球场停车场,诸暨市,182,37,2025-03-03 21:50:01
1012312288YR3MBVY988X,东兴北路（江东路-福门路）,诸暨市,19,16,2025-03-03 21:50:01
1012312288YR68DOZJDVL,体育路（体育路二弄-红旗路）,诸暨市,12,8,2025-03-03 21:50:01
1012312288YRBA0HET81T,江东路（大桥东路-望江一路）,诸暨市,10,3,2025-03-03 21:50:01
1012312288YR7V8S6IBCX,东一路88弄（东一路82弄-东一路）,诸暨市,27,20,2025-03-03 21:50:01
1012312288YR89HS7SKXT,东旺路（东旺路150弄-东二路）,诸暨市,18,4,2025-03-03 21:50:01
1012312298YXIJSNZ82YP,东二路129弄（东一路88弄-东二路123弄）,诸暨市,10,10,2025-03-03 21:50:01
1019PDPET4GWE81,市民公园北面停车场,诸暨市,14,8,2025-03-03 21:50:01
1012312288YR9D2CJ4741,东二路（东祥路-环城东路）,诸暨市,25,13,2025-03-03 21:50:01
1012312288YR61OZ7SOW1,浣纱中路（南屏路-西施大街）,诸暨市,14,8,2025-03-03 21:50:01
1019MAR69WRHHXD,西子公寓停车场,诸暨市,91,82,2025-03-03 21:50:01
1012312288YRB24CYLBLT,浣纱南路（苎萝路-南兴路）,诸暨市,19,15,2025-03-03 21:50:01
1019B4Y82CZPJ41,诸暨浣东中路停车场,诸暨市,37,29,2025-03-03 21:50:01
1012312288YR9LAB60FEP,苎萝东路（东兴路-东安路）,诸暨市,45,27,2025-03-03 21:50:01
1019PRTQD59LIWX,永乐路停车场,诸暨市,91,55,2025-03-03 21:50:01
1012312298YXIV34CFDVL,东一路82弄（东二路123弄-东二路）,诸暨市,6,5,2025-03-03 21:50:01
1012405079PB3TJY248W1,东三路（应山公园-东旺路）,诸暨市,44,42,2025-03-03 21:50:01
1012312288YRBS7JO7FUP,望江二路（高湖路-江东路）,诸暨市,10,7,2025-03-03 21:50:01
1012312288YR3EFRI1BSX,滨江南路（滨江支路-浣东中路）,诸暨市,64,48,2025-03-03 21:50:01
1019JVX01UVMSCH,幸福家园停车场,诸暨市,72,10,2025-03-03 21:50:01
1012312288YRBLMRYOUTD,江东路（望江一路-望江二路）,诸暨市,18,11,2025-03-03 21:50:01
1012312288YR6C3V37475,体育路（体育路-大桥东路）,诸暨市,8,5,2025-03-03 21:50:01
1012312288YRBI4HZHCE9,江东路（西施大街-大桥东路）,诸暨市,6,1,2025-03-03 21:50:01
1012312288YRBWX8BW5Q9,望江二路（浣东北路-高湖路）,诸暨市,5,1,2025-03-03 21:50:01
1012312288YR5UKH75K3L,艮塔东路（东二路-东一路),诸暨市,101,78,2025-03-03 21:50:01
1012312288YR5JPT2UOZL,东兴路（苎萝东路-东二路）,诸暨市,62,42,2025-03-03 21:50:01
1012312268YDHM7XGW3Y9,艮塔东路（滨江北路-江东路),诸暨市,33,13,2025-03-03 21:50:01
1012312288YR6SFUARGU9,东祥路19弄（东祥路-环城东路）,诸暨市,12,5,2025-03-03 21:50:01
1012312288YR3IHRSDDZ5,滨江南路（大桥东路-西施大街）,诸暨市,13,11,2025-03-03 21:50:01
1012312288YR5NVRFEV41,东安路(东二路-苎萝东路),诸暨市,6,3,2025-03-03 21:50:00
1012312288YRBZRTXR0G1,望江三路（高湖路-江东路）,诸暨市,15,11,2025-03-03 21:50:00
1012312288YR7CTTSNVNL,苎萝东路（环城东路-东兴路）,诸暨市,86,55,2025-03-03 21:50:00
10124012093FZKG7Y8M4H,永昌南路（东一路-东二路）,诸暨市,63,49,2025-03-03 21:50:00
1012312288YRAXUGJT1J5,浣纱北路（大桥路-艮塔路）,诸暨市,59,21,2025-03-03 21:50:00
1012312268YD5WN09GPVL,八一横路（暨阳路-无名路）,诸暨市,46,20,2025-03-03 21:50:00
1019SEVYY7X0W75,十里牌停车场,诸暨市,69,69,2025-03-03 21:50:00
1012312288YRADOD6CUM9,南兴路（南庠路-人民南路）,诸暨市,25,25,2025-03-03 21:50:00
1012312288YRBEU44Q1VL,滨江中路（艮塔东路-望江三路）,诸暨市,25,13,2025-03-03 21:50:00
1012312298YXHTPH9LYPT,东二路123弄（东旺路188弄-东二路）,诸暨市,61,37,2025-03-03 21:50:00
1012312288YR8GIC67LS1,东旺路218弄(东旺路206弄-融媒体中心）,诸暨市,22,16,2025-03-03 21:50:00
1012312288YR7N8PO2AYP,东一路68弄（东二路-东一路）,诸暨市,46,35,2025-03-03 21:50:00
1019PDAS7RIP7GH,市民公园东北面停车场,诸暨市,27,10,2025-03-03 21:50:00
1012312288YR8VUSTQYV5,东旺路182弄(康华大厦-东旺路),诸暨市,19,12,2025-03-03 21:50:00
1012312298YXGS3Y2CBNL,东旺路188弄（东旺路-东二环路）,诸暨市,10,4,2025-03-03 21:50:00
1012312288YR57VMEIUBL,大桥东路（大桥东路9号-江东路）,诸暨市,34,19,2025-03-03 21:50:00
1012312288YR5B22720W1,大桥东路（江东路-五角广场）,诸暨市,58,41,2025-03-03 21:50:00
1012401199375YC6OSJ5T,东三路（东二环路-东旺路）,诸暨市,121,59,2025-03-03 21:50:00
1012312288YR7K67XR8CH,望江一路（浣东北路-江东路）,诸暨市,14,13,2025-03-03 21:50:00
1012312288YR53DTVACCH,滨江南路（西施大街-滨江支路）,诸暨市,33,30,2025-03-03 21:50:00
1012312288YR7HFKE4HKX,西施大街（浣纱中路-人民中路）,诸暨市,28,7,2025-03-03 21:50:00
1012312288YR8IX5J60OX,东旺路218弄（东旺路-融媒体中心）,诸暨市,29,15,2025-03-03 21:50:00
1012312288YR9VX35V2M9,苎萝东路（环城东路-东祥路）,诸暨市,17,8,2025-03-03 21:50:00
1019S5R3X1SOHS1,一百淘宝城停车场,诸暨市,105,40,2025-03-03 21:50:00
10124013095GY8GDKUBY9,艮塔东路（高湖路-暨东路）,诸暨市,16,9,2025-03-03 21:50:00
1012312288YR6IWIX5X4X,苎萝东路（东二环路-东旺路）,诸暨市,18,13,2025-03-03 21:50:00
10124013095HHCMD4CC1T,艮塔东路（交通银行）,诸暨市,35,32,2025-03-03 21:50:00
1012312288YR8ZSV1UX35,东旺路150弄（东二环路-东旺路）,诸暨市,88,50,2025-03-03 21:50:00
1012312288YR9376YUBK1,东旺路（东旺路150弄-苎萝东路）,诸暨市,18,10,2025-03-03 21:50:00
1012312288YR7YF7Z1HXD,高湖路（望江二路-望江一路）,诸暨市,18,6,2025-03-03 21:50:00
1012312288YRBP13VO9A9,江东路（望江二路-望江三路）,诸暨市,13,6,2025-03-03 21:50:00
1012312288YR5RTTNITC1,艮塔东路（江东路-高湖路）,诸暨市,39,25,2025-03-03 21:50:00
1012405049OQ8ZNVP3U2P,苎萝东路（东二环路-东旺路）1,诸暨市,29,20,2025-03-03 21:50:00
1012312288YR5F42HE329,红旗路（人民中路-浣纱中路）,诸暨市,16,5,2025-03-03 21:50:00
1019Q6UK2GUCAV5,市民公园地下停车场,诸暨市,227,165,2025-03-03 21:50:00
1012312288YR9PO5N0TFL,苎萝东路（环城东路-东旺路）,诸暨市,54,44,2025-03-03 21:50:00
1019QKKS3RWOFEP,人防大厦停车场,诸暨市,48,48,2025-03-03 21:50:00
10124013095H4QPBO8UF5,东兴路50弄,诸暨市,7,7,2025-03-03 21:50:00
1012312288YR825E2P88X,苎萝东路（东二环路-东福路),诸暨市,115,83,2025-03-03 21:50:00
1012312288YR9HG704L4X,苎萝东路（东福路-东三环路）,诸暨市,107,107,2025-03-03 21:50:00
1012312288YRB62F6P9TT,浣纱南路（南兴路-南屏路）,诸暨市,60,35,2025-03-03 21:50:00
1012312288YRC518WKA2P,望江三路（江东路-滨江中路）,诸暨市,5,1,2025-03-03 21:50:00
1012312288YR751NEO35T,东祥路（东二路-苎萝东路）,诸暨市,38,17,2025-03-03 21:50:00
1012312288YR9ABOZHGCH,东二路（东旺路-东二环路）,诸暨市,47,22,2025-03-03 21:50:00
1012312288YRAJXAP73SX,滨江中路（望江二路-大桥东路）,诸暨市,45,36,2025-03-03 21:50:00
1012312288YR85VK6CYKH,和济路（东祥路-东旺路）,诸暨市,90,89,2025-03-03 21:50:00
1012312288YR79Z86T0XT,暨东路70弄（东一路-东旺路218弄）,诸暨市,32,22,2025-03-03 21:50:00
1012312288YRAV3T06ARL,滨江中路（望江三路-望江二路）,诸暨市,30,25,2025-03-03 21:50:00
1012312288YR64NIVVNK1,浣纱中路（西施大街-大桥东路）,诸暨市,23,11,2025-03-03 21:50:00
1012312288YR3IHRSDDZ5,滨江南路（大桥东路-西施大街）,诸暨市,13,11,2025-03-03 21:41:14
1019MAR69WRHHXD,西子公寓停车场,诸暨市,91,82,2025-03-03 21:41:14
1012312298YXIJSNZ82YP,东二路129弄（东一路88弄-东二路123弄）,诸暨市,10,10,2025-03-03 21:41:14
1012312288YRBS7JO7FUP,望江二路（高湖路-江东路）,诸暨市,10,6,2025-03-03 21:41:14
1012312288YR5JPT2UOZL,东兴路（苎萝东路-东二路）,诸暨市,62,42,2025-03-03 21:41:14
1012312288YRBWX8BW5Q9,望江二路（浣东北路-高湖路）,诸暨市,5,1,2025-03-03 21:41:14
1012312288YRB24CYLBLT,浣纱南路（苎萝路-南兴路）,诸暨市,19,16,2025-03-03 21:41:14
1012312288YRBA0HET81T,江东路（大桥东路-望江一路）,诸暨市,10,3,2025-03-03 21:41:14
1012312288YR3MBVY988X,东兴北路（江东路-福门路）,诸暨市,19,15,2025-03-03 21:41:14
1019JVX01UVMSCH,幸福家园停车场,诸暨市,72,10,2025-03-03 21:41:14
1012312288YRBI4HZHCE9,江东路（西施大街-大桥东路）,诸暨市,6,2,2025-03-03 21:41:14
1012312288YR6SFUARGU9,东祥路19弄（东祥路-环城东路）,诸暨市,12,4,2025-03-03 21:41:14
1012312288YR7V8S6IBCX,东一路88弄（东一路82弄-东一路）,诸暨市,27,20,2025-03-03 21:41:14
1012312288YR89HS7SKXT,东旺路（东旺路150弄-东二路）,诸暨市,18,4,2025-03-03 21:41:14
1019REU2R6D37Y9,城东公园地下停车场,诸暨市,601,336,2025-03-03 21:41:14
1012312288YRBLMRYOUTD,江东路（望江一路-望江二路）,诸暨市,18,12,2025-03-03 21:41:14
1019PDPET4GWE81,市民公园北面停车场,诸暨市,14,8,2025-03-03 21:41:14
1019N4FJ7J6DUYP,篮球场停车场,诸暨市,182,37,2025-03-03 21:41:14
1019PRTQD59LIWX,永乐路停车场,诸暨市,91,55,2025-03-03 21:41:14
1012405079PB3TJY248W1,东三路（应山公园-东旺路）,诸暨市,44,42,2025-03-03 21:41:14
1019B4Y82CZPJ41,诸暨浣东中路停车场,诸暨市,37,29,2025-03-03 21:41:14
1012312288YR3EFRI1BSX,滨江南路（滨江支路-浣东中路）,诸暨市,64,46,2025-03-03 21:41:14
1012312288YR9LAB60FEP,苎萝东路（东兴路-东安路）,诸暨市,45,28,2025-03-03 21:41:14
1012312288YR5XYT44YKH,艮塔东路（苎萝东路-东二路）,诸暨市,142,92,2025-03-03 21:41:14
1012312288YR8ZSV1UX35,东旺路150弄（东二环路-东旺路）,诸暨市,88,50,2025-03-03 21:41:13
1012312288YR61OZ7SOW1,浣纱中路（南屏路-西施大街）,诸暨市,14,8,2025-03-03 21:41:13
1012312268YDHM7XGW3Y9,艮塔东路（滨江北路-江东路),诸暨市,33,14,2025-03-03 21:41:13
1012312288YR64NIVVNK1,浣纱中路（西施大街-大桥东路）,诸暨市,23,11,2025-03-03 21:41:13
1012312298YXHTPH9LYPT,东二路123弄（东旺路188弄-东二路）,诸暨市,61,37,2025-03-03 21:41:13
1012312288YR7N8PO2AYP,东一路68弄（东二路-东一路）,诸暨市,46,35,2025-03-03 21:41:13
1012312288YR9376YUBK1,东旺路（东旺路150弄-苎萝东路）,诸暨市,18,11,2025-03-03 21:41:13
1012312288YR751NEO35T,东祥路（东二路-苎萝东路）,诸暨市,38,17,2025-03-03 21:41:13
1012312288YRBEU44Q1VL,滨江中路（艮塔东路-望江三路）,诸暨市,25,13,2025-03-03 21:41:13
1019QKKS3RWOFEP,人防大厦停车场,诸暨市,48,48,2025-03-03 21:41:13
1012312288YR9ABOZHGCH,东二路（东旺路-东二环路）,诸暨市,47,23,2025-03-03 21:41:13
1012312288YRC518WKA2P,望江三路（江东路-滨江中路）,诸暨市,5,3,2025-03-03 21:41:13
1012312288YR6IWIX5X4X,苎萝东路（东二环路-东旺路）,诸暨市,18,13,2025-03-03 21:41:13
1012312288YR5RTTNITC1,艮塔东路（江东路-高湖路）,诸暨市,39,25,2025-03-03 21:41:13
1019PDAS7RIP7GH,市民公园东北面停车场,诸暨市,27,10,2025-03-03 21:41:13
1012312288YRAJXAP73SX,滨江中路（望江二路-大桥东路）,诸暨市,45,37,2025-03-03 21:41:13
1012312288YR79Z86T0XT,暨东路70弄（东一路-东旺路218弄）,诸暨市,32,22,2025-03-03 21:41:13
1012312288YR57VMEIUBL,大桥东路（大桥东路9号-江东路）,诸暨市,34,17,2025-03-03 21:41:13
10124013095HHCMD4CC1T,艮塔东路（交通银行）,诸暨市,35,32,2025-03-03 21:41:13
1012312288YR53DTVACCH,滨江南路（西施大街-滨江支路）,诸暨市,33,29,2025-03-03 21:41:13
1012312288YRADOD6CUM9,南兴路（南庠路-人民南路）,诸暨市,25,25,2025-03-03 21:41:13
1012312288YR7K67XR8CH,望江一路（浣东北路-江东路）,诸暨市,14,13,2025-03-03 21:41:13
1012312288YR6EYGP1YWX,万风新世界（暨阳路-上庄路）,诸暨市,20,3,2025-03-03 21:41:13
1012312298YXGS3Y2CBNL,东旺路188弄（东旺路-东二环路）,诸暨市,10,4,2025-03-03 21:41:13
1012312288YR7HFKE4HKX,西施大街（浣纱中路-人民中路）,诸暨市,28,8,2025-03-03 21:41:13
1012312288YRC2EJF5N9D,望江三路（浣东北路-高湖路）,诸暨市,11,5,2025-03-03 21:41:13
10124013095GY8GDKUBY9,艮塔东路（高湖路-暨东路）,诸暨市,16,9,2025-03-03 21:41:13
1012312288YRAV3T06ARL,滨江中路（望江三路-望江二路）,诸暨市,30,26,2025-03-03 21:41:13
1019Q6UK2GUCAV5,市民公园地下停车场,诸暨市,227,164,2025-03-03 21:41:13
10124013095H4QPBO8UF5,东兴路50弄,诸暨市,7,7,2025-03-03 21:41:13
1012312288YR8GIC67LS1,东旺路218弄(东旺路206弄-融媒体中心）,诸暨市,22,16,2025-03-03 21:41:13
1012312288YR5B22720W1,大桥东路（江东路-五角广场）,诸暨市,58,41,2025-03-03 21:41:13
10124012093FZKG7Y8M4H,永昌南路（东一路-东二路）,诸暨市,63,47,2025-03-03 21:41:13
1012312288YR6C3V37475,体育路（体育路-大桥东路）,诸暨市,8,5,2025-03-03 21:41:13
1012312288YR7CTTSNVNL,苎萝东路（环城东路-东兴路）,诸暨市,86,54,2025-03-03 21:41:13
1012312288YRBZRTXR0G1,望江三路（高湖路-江东路）,诸暨市,15,11,2025-03-03 21:41:13
1019SEVYY7X0W75,十里牌停车场,诸暨市,69,69,2025-03-03 21:41:13
1012312288YR9D2CJ4741,东二路（东祥路-环城东路）,诸暨市,25,14,2025-03-03 21:41:13
1012312288YR5UKH75K3L,艮塔东路（东二路-东一路),诸暨市,101,78,2025-03-03 21:41:13
1012312268YD5WN09GPVL,八一横路（暨阳路-无名路）,诸暨市,46,20,2025-03-03 21:41:13
1012312298YXIV34CFDVL,东一路82弄（东二路123弄-东二路）,诸暨市,6,4,2025-03-03 21:41:13
1012401199375YC6OSJ5T,东三路（东二环路-东旺路）,诸暨市,121,60,2025-03-03 21:41:13
1012312288YR825E2P88X,苎萝东路（东二环路-东福路),诸暨市,115,81,2025-03-03 21:41:13
1012405049OQ8ZNVP3U2P,苎萝东路（东二环路-东旺路）1,诸暨市,29,19,2025-03-03 21:41:13
1012312288YR7YF7Z1HXD,高湖路（望江二路-望江一路）,诸暨市,18,6,2025-03-03 21:41:13
1012312288YR8IX5J60OX,东旺路218弄（东旺路-融媒体中心）,诸暨市,29,15,2025-03-03 21:41:13
1012312288YR68DOZJDVL,体育路（体育路二弄-红旗路）,诸暨市,12,8,2025-03-03 21:41:13
1012312288YRAXUGJT1J5,浣纱北路（大桥路-艮塔路）,诸暨市,59,19,2025-03-03 21:41:13
1012312288YR9PO5N0TFL,苎萝东路（环城东路-东旺路）,诸暨市,54,45,2025-03-03 21:41:12
1012312288YR9VX35V2M9,苎萝东路（环城东路-东祥路）,诸暨市,17,8,2025-03-03 21:41:12
1012312288YR9HG704L4X,苎萝东路（东福路-东三环路）,诸暨市,107,107,2025-03-03 21:41:12
1012312288YR5NVRFEV41,东安路(东二路-苎萝东路),诸暨市,6,3,2025-03-03 21:41:12
1012312288YR5F42HE329,红旗路（人民中路-浣纱中路）,诸暨市,16,6,2025-03-03 21:41:12
1012312288YRB62F6P9TT,浣纱南路（南兴路-南屏路）,诸暨市,60,32,2025-03-03 21:41:12
1012312288YRBP13VO9A9,江东路（望江二路-望江三路）,诸暨市,13,6,2025-03-03 21:41:12
1019S5R3X1SOHS1,一百淘宝城停车场,诸暨市,105,40,2025-03-03 21:41:12
1012312288YR8VUSTQYV5,东旺路182弄(康华大厦-东旺路),诸暨市,19,12,2025-03-03 21:41:12
1012312288YR85VK6CYKH,和济路（东祥路-东旺路）,诸暨市,90,89,2025-03-03 21:41:12
1019PDPET4GWE81,市民公园北面停车场,诸暨市,14,8,2025-03-03 21:30:01
1019MAR69WRHHXD,西子公寓停车场,诸暨市,91,82,2025-03-03 21:30:01
1012312288YR68DOZJDVL,体育路（体育路二弄-红旗路）,诸暨市,12,8,2025-03-03 21:30:01
1019N4FJ7J6DUYP,篮球场停车场,诸暨市,182,37,2025-03-03 21:30:01
1012312298YXIV34CFDVL,东一路82弄（东二路123弄-东二路）,诸暨市,6,5,2025-03-03 21:30:01
1012312298YXIJSNZ82YP,东二路129弄（东一路88弄-东二路123弄）,诸暨市,10,10,2025-03-03 21:30:01
1012312288YR61OZ7SOW1,浣纱中路（南屏路-西施大街）,诸暨市,14,9,2025-03-03 21:30:01
1012312288YR89HS7SKXT,东旺路（东旺路150弄-东二路）,诸暨市,18,3,2025-03-03 21:30:01
1019PRTQD59LIWX,永乐路停车场,诸暨市,91,55,2025-03-03 21:30:01
1012312288YR3EFRI1BSX,滨江南路（滨江支路-浣东中路）,诸暨市,64,45,2025-03-03 21:30:01
1019B4Y82CZPJ41,诸暨浣东中路停车场,诸暨市,37,30,2025-03-03 21:30:01
1012312288YR9LAB60FEP,苎萝东路（东兴路-东安路）,诸暨市,45,28,2025-03-03 21:30:01
1012405079PB3TJY248W1,东三路（应山公园-东旺路）,诸暨市,44,42,2025-03-03 21:30:01
1012312288YR5JPT2UOZL,东兴路（苎萝东路-东二路）,诸暨市,62,40,2025-03-03 21:30:01
1012312288YR6C3V37475,体育路（体育路-大桥东路）,诸暨市,8,4,2025-03-03 21:30:01
1012312288YRBS7JO7FUP,望江二路（高湖路-江东路）,诸暨市,10,7,2025-03-03 21:30:01
1019JVX01UVMSCH,幸福家园停车场,诸暨市,72,10,2025-03-03 21:30:01
1012312288YRBLMRYOUTD,江东路（望江一路-望江二路）,诸暨市,18,10,2025-03-03 21:30:01
1012312288YR6SFUARGU9,东祥路19弄（东祥路-环城东路）,诸暨市,12,3,2025-03-03 21:30:01
1012312288YR5XYT44YKH,艮塔东路（苎萝东路-东二路）,诸暨市,142,92,2025-03-03 21:30:01
1012312288YRB24CYLBLT,浣纱南路（苎萝路-南兴路）,诸暨市,19,16,2025-03-03 21:30:01
1012312288YRBWX8BW5Q9,望江二路（浣东北路-高湖路）,诸暨市,5,1,2025-03-03 21:30:01
1012312288YR9D2CJ4741,东二路（东祥路-环城东路）,诸暨市,25,14,2025-03-03 21:30:01
1012312288YRBA0HET81T,江东路（大桥东路-望江一路）,诸暨市,10,3,2025-03-03 21:30:01
1012312288YRC2EJF5N9D,望江三路（浣东北路-高湖路）,诸暨市,11,6,2025-03-03 21:30:01
1012312288YR7V8S6IBCX,东一路88弄（东一路82弄-东一路）,诸暨市,27,20,2025-03-03 21:30:01
1019REU2R6D37Y9,城东公园地下停车场,诸暨市,601,336,2025-03-03 21:30:01
1012312288YR3MBVY988X,东兴北路（江东路-福门路）,诸暨市,19,15,2025-03-03 21:30:01
1012312288YR3IHRSDDZ5,滨江南路（大桥东路-西施大街）,诸暨市,13,11,2025-03-03 21:30:01
1012312288YRBI4HZHCE9,江东路（西施大街-大桥东路）,诸暨市,6,1,2025-03-03 21:30:01
1012401199375YC6OSJ5T,东三路（东二环路-东旺路）,诸暨市,121,58,2025-03-03 21:30:00
1012312288YR5F42HE329,红旗路（人民中路-浣纱中路）,诸暨市,16,5,2025-03-03 21:30:00
1012312288YR5UKH75K3L,艮塔东路（东二路-东一路),诸暨市,101,79,2025-03-03 21:30:00
1012312288YR53DTVACCH,滨江南路（西施大街-滨江支路）,诸暨市,33,29,2025-03-03 21:30:00
1012312288YR57VMEIUBL,大桥东路（大桥东路9号-江东路）,诸暨市,34,17,2025-03-03 21:30:00
1012312288YR9HG704L4X,苎萝东路（东福路-东三环路）,诸暨市,107,107,2025-03-03 21:30:00
1019QKKS3RWOFEP,人防大厦停车场,诸暨市,48,48,2025-03-03 21:30:00
1012312288YR8ZSV1UX35,东旺路150弄（东二环路-东旺路）,诸暨市,88,52,2025-03-03 21:30:00
1012312288YR8GIC67LS1,东旺路218弄(东旺路206弄-融媒体中心）,诸暨市,22,16,2025-03-03 21:30:00
1012312288YR7N8PO2AYP,东一路68弄（东二路-东一路）,诸暨市,46,35,2025-03-03 21:30:00
1012312288YR825E2P88X,苎萝东路（东二环路-东福路),诸暨市,115,80,2025-03-03 21:30:00
1012312288YR6IWIX5X4X,苎萝东路（东二环路-东旺路）,诸暨市,18,13,2025-03-03 21:30:00
1012312288YR9376YUBK1,东旺路（东旺路150弄-苎萝东路）,诸暨市,18,10,2025-03-03 21:30:00
1012312268YDHM7XGW3Y9,艮塔东路（滨江北路-江东路),诸暨市,33,15,2025-03-03 21:30:00
1012312288YR5B22720W1,大桥东路（江东路-五角广场）,诸暨市,58,41,2025-03-03 21:30:00
1019S5R3X1SOHS1,一百淘宝城停车场,诸暨市,105,40,2025-03-03 21:30:00
1012312288YR9VX35V2M9,苎萝东路（环城东路-东祥路）,诸暨市,17,8,2025-03-03 21:30:00
1012312288YRBEU44Q1VL,滨江中路（艮塔东路-望江三路）,诸暨市,25,13,2025-03-03 21:30:00
1012312288YRAV3T06ARL,滨江中路（望江三路-望江二路）,诸暨市,30,23,2025-03-03 21:30:00
1012312288YRAJXAP73SX,滨江中路（望江二路-大桥东路）,诸暨市,45,37,2025-03-03 21:30:00
1012312288YRADOD6CUM9,南兴路（南庠路-人民南路）,诸暨市,25,25,2025-03-03 21:30:00
1012312288YR5NVRFEV41,东安路(东二路-苎萝东路),诸暨市,6,3,2025-03-03 21:30:00
10124013095H4QPBO8UF5,东兴路50弄,诸暨市,7,7,2025-03-03 21:30:00
10124013095GY8GDKUBY9,艮塔东路（高湖路-暨东路）,诸暨市,16,10,2025-03-03 21:30:00
1012312288YR751NEO35T,东祥路（东二路-苎萝东路）,诸暨市,38,14,2025-03-03 21:30:00
1012312288YR9PO5N0TFL,苎萝东路（环城东路-东旺路）,诸暨市,54,45,2025-03-03 21:30:00
1012312288YR79Z86T0XT,暨东路70弄（东一路-东旺路218弄）,诸暨市,32,22,2025-03-03 21:30:00
1012312288YR7HFKE4HKX,西施大街（浣纱中路-人民中路）,诸暨市,28,7,2025-03-03 21:30:00
1012312288YR7CTTSNVNL,苎萝东路（环城东路-东兴路）,诸暨市,86,55,2025-03-03 21:30:00
1012312288YR5RTTNITC1,艮塔东路（江东路-高湖路）,诸暨市,39,22,2025-03-03 21:30:00
1012312288YRBP13VO9A9,江东路（望江二路-望江三路）,诸暨市,13,6,2025-03-03 21:30:00
1012312288YRB62F6P9TT,浣纱南路（南兴路-南屏路）,诸暨市,60,33,2025-03-03 21:30:00
1012312268YD5WN09GPVL,八一横路（暨阳路-无名路）,诸暨市,46,20,2025-03-03 21:30:00
1019PDAS7RIP7GH,市民公园东北面停车场,诸暨市,27,12,2025-03-03 21:30:00
1012312288YR8IX5J60OX,东旺路218弄（东旺路-融媒体中心）,诸暨市,29,15,2025-03-03 21:30:00
1012405049OQ8ZNVP3U2P,苎萝东路（东二环路-东旺路）1,诸暨市,29,19,2025-03-03 21:30:00
1012312288YR85VK6CYKH,和济路（东祥路-东旺路）,诸暨市,90,89,2025-03-03 21:30:00
1012312288YRC518WKA2P,望江三路（江东路-滨江中路）,诸暨市,5,3,2025-03-03 21:30:00
10124013095HHCMD4CC1T,艮塔东路（交通银行）,诸暨市,35,32,2025-03-03 21:30:00
1019SEVYY7X0W75,十里牌停车场,诸暨市,69,69,2025-03-03 21:30:00
1012312288YR8VUSTQYV5,东旺路182弄(康华大厦-东旺路),诸暨市,19,12,2025-03-03 21:30:00
1012312298YXGS3Y2CBNL,东旺路188弄（东旺路-东二环路）,诸暨市,10,5,2025-03-03 21:30:00
1012312288YR7K67XR8CH,望江一路（浣东北路-江东路）,诸暨市,14,13,2025-03-03 21:30:00
1012312298YXHTPH9LYPT,东二路123弄（东旺路188弄-东二路）,诸暨市,61,37,2025-03-03 21:30:00
1012312288YRAXUGJT1J5,浣纱北路（大桥路-艮塔路）,诸暨市,59,20,2025-03-03 21:30:00
10124012093FZKG7Y8M4H,永昌南路（东一路-东二路）,诸暨市,63,28,2025-03-03 21:30:00
1012312288YRBZRTXR0G1,望江三路（高湖路-江东路）,诸暨市,15,12,2025-03-03 21:30:00
1019Q6UK2GUCAV5,市民公园地下停车场,诸暨市,227,164,2025-03-03 21:30:00
1012312288YR9ABOZHGCH,东二路（东旺路-东二环路）,诸暨市,47,22,2025-03-03 21:30:00
1012312288YR64NIVVNK1,浣纱中路（西施大街-大桥东路）,诸暨市,23,8,2025-03-03 21:30:00
1012312288YR6EYGP1YWX,万风新世界（暨阳路-上庄路）,诸暨市,20,3,2025-03-03 21:30:00
1012312288YR7YF7Z1HXD,高湖路（望江二路-望江一路）,诸暨市,18,6,2025-03-03 21:30:00
1012312288YR5JPT2UOZL,东兴路（苎萝东路-东二路）,诸暨市,62,41,2025-03-03 21:21:14
1012312288YR7V8S6IBCX,东一路88弄（东一路82弄-东一路）,诸暨市,27,20,2025-03-03 21:21:14
1012405079PB3TJY248W1,东三路（应山公园-东旺路）,诸暨市,44,42,2025-03-03 21:21:14
1012312288YR6SFUARGU9,东祥路19弄（东祥路-环城东路）,诸暨市,12,3,2025-03-03 21:21:14
1012312288YR5XYT44YKH,艮塔东路（苎萝东路-东二路）,诸暨市,142,90,2025-03-03 21:21:14
1019PRTQD59LIWX,永乐路停车场,诸暨市,91,55,2025-03-03 21:21:14
1012312288YR3IHRSDDZ5,滨江南路（大桥东路-西施大街）,诸暨市,13,10,2025-03-03 21:21:14
1012312288YRBS7JO7FUP,望江二路（高湖路-江东路）,诸暨市,10,7,2025-03-03 21:21:14
1012312288YR9LAB60FEP,苎萝东路（东兴路-东安路）,诸暨市,45,29,2025-03-03 21:21:14
1012312288YRBWX8BW5Q9,望江二路（浣东北路-高湖路）,诸暨市,5,1,2025-03-03 21:21:14
1012312288YR89HS7SKXT,东旺路（东旺路150弄-东二路）,诸暨市,18,2,2025-03-03 21:21:14
1012312288YR3EFRI1BSX,滨江南路（滨江支路-浣东中路）,诸暨市,64,46,2025-03-03 21:21:14
1019B4Y82CZPJ41,诸暨浣东中路停车场,诸暨市,37,30,2025-03-03 21:21:14
1012312288YRBA0HET81T,江东路（大桥东路-望江一路）,诸暨市,10,3,2025-03-03 21:21:14
1012312298YXIJSNZ82YP,东二路129弄（东一路88弄-东二路123弄）,诸暨市,10,10,2025-03-03 21:21:14
1012312288YRBLMRYOUTD,江东路（望江一路-望江二路）,诸暨市,18,8,2025-03-03 21:21:14
1019MAR69WRHHXD,西子公寓停车场,诸暨市,91,82,2025-03-03 21:21:14
1012312288YR3MBVY988X,东兴北路（江东路-福门路）,诸暨市,19,15,2025-03-03 21:21:14
1019REU2R6D37Y9,城东公园地下停车场,诸暨市,601,336,2025-03-03 21:21:14
1012312288YRBI4HZHCE9,江东路（西施大街-大桥东路）,诸暨市,6,2,2025-03-03 21:21:14
1019N4FJ7J6DUYP,篮球场停车场,诸暨市,182,37,2025-03-03 21:21:14
1012312288YRB24CYLBLT,浣纱南路（苎萝路-南兴路）,诸暨市,19,16,2025-03-03 21:21:14
1019JVX01UVMSCH,幸福家园停车场,诸暨市,72,11,2025-03-03 21:21:14
1019PDPET4GWE81,市民公园北面停车场,诸暨市,14,8,2025-03-03 21:21:14
1012312288YR7K67XR8CH,望江一路（浣东北路-江东路）,诸暨市,14,13,2025-03-03 21:21:13
1012312288YRAV3T06ARL,滨江中路（望江三路-望江二路）,诸暨市,30,25,2025-03-03 21:21:13
1012312288YR6EYGP1YWX,万风新世界（暨阳路-上庄路）,诸暨市,20,4,2025-03-03 21:21:13
1012312298YXIV34CFDVL,东一路82弄（东二路123弄-东二路）,诸暨市,6,5,2025-03-03 21:21:13
1012312288YR8GIC67LS1,东旺路218弄(东旺路206弄-融媒体中心）,诸暨市,22,16,2025-03-03 21:21:13
1012312288YRBP13VO9A9,江东路（望江二路-望江三路）,诸暨市,13,6,2025-03-03 21:21:13
1012312288YR79Z86T0XT,暨东路70弄（东一路-东旺路218弄）,诸暨市,32,22,2025-03-03 21:21:13
1012405049OQ8ZNVP3U2P,苎萝东路（东二环路-东旺路）1,诸暨市,29,19,2025-03-03 21:21:13
10124013095HHCMD4CC1T,艮塔东路（交通银行）,诸暨市,35,32,2025-03-03 21:21:13
1012312288YR7CTTSNVNL,苎萝东路（环城东路-东兴路）,诸暨市,86,53,2025-03-03 21:21:13
1012312298YXGS3Y2CBNL,东旺路188弄（东旺路-东二环路）,诸暨市,10,3,2025-03-03 21:21:13
1012312288YR9376YUBK1,东旺路（东旺路150弄-苎萝东路）,诸暨市,18,9,2025-03-03 21:21:13
10124012093FZKG7Y8M4H,永昌南路（东一路-东二路）,诸暨市,63,34,2025-03-03 21:21:13
1012312288YRC518WKA2P,望江三路（江东路-滨江中路）,诸暨市,5,2,2025-03-03 21:21:13
1012312288YR7N8PO2AYP,东一路68弄（东二路-东一路）,诸暨市,46,35,2025-03-03 21:21:13
1012312288YR53DTVACCH,滨江南路（西施大街-滨江支路）,诸暨市,33,29,2025-03-03 21:21:13
1012312288YRAXUGJT1J5,浣纱北路（大桥路-艮塔路）,诸暨市,59,22,2025-03-03 21:21:13
1012312288YR5B22720W1,大桥东路（江东路-五角广场）,诸暨市,58,41,2025-03-03 21:21:13
1012312288YR7HFKE4HKX,西施大街（浣纱中路-人民中路）,诸暨市,28,10,2025-03-03 21:21:13
1012312288YRAJXAP73SX,滨江中路（望江二路-大桥东路）,诸暨市,45,37,2025-03-03 21:21:13
1012312288YR7YF7Z1HXD,高湖路（望江二路-望江一路）,诸暨市,18,7,2025-03-03 21:21:13
1012312288YR5UKH75K3L,艮塔东路（东二路-东一路),诸暨市,101,80,2025-03-03 21:21:13
1012312288YR5RTTNITC1,艮塔东路（江东路-高湖路）,诸暨市,39,24,2025-03-03 21:21:13
1012312288YR6IWIX5X4X,苎萝东路（东二环路-东旺路）,诸暨市,18,13,2025-03-03 21:21:13
1012312288YRBZRTXR0G1,望江三路（高湖路-江东路）,诸暨市,15,12,2025-03-03 21:21:13
1012312288YR8ZSV1UX35,东旺路150弄（东二环路-东旺路）,诸暨市,88,50,2025-03-03 21:21:13
10124013095GY8GDKUBY9,艮塔东路（高湖路-暨东路）,诸暨市,16,10,2025-03-03 21:21:13
1012312288YR9ABOZHGCH,东二路（东旺路-东二环路）,诸暨市,47,22,2025-03-03 21:21:13
1012312288YRBEU44Q1VL,滨江中路（艮塔东路-望江三路）,诸暨市,25,13,2025-03-03 21:21:13
1012312268YDHM7XGW3Y9,艮塔东路（滨江北路-江东路),诸暨市,33,17,2025-03-03 21:21:13
1012312288YR9D2CJ4741,东二路（东祥路-环城东路）,诸暨市,25,14,2025-03-03 21:21:13
1012312288YRC2EJF5N9D,望江三路（浣东北路-高湖路）,诸暨市,11,6,2025-03-03 21:21:13
1012312268YD5WN09GPVL,八一横路（暨阳路-无名路）,诸暨市,46,20,2025-03-03 21:21:13
1012312288YR751NEO35T,东祥路（东二路-苎萝东路）,诸暨市,38,13,2025-03-03 21:21:13
1012312288YR68DOZJDVL,体育路（体育路二弄-红旗路）,诸暨市,12,8,2025-03-03 21:21:13
1012312288YR57VMEIUBL,大桥东路（大桥东路9号-江东路）,诸暨市,34,17,2025-03-03 21:21:13
1012312288YRADOD6CUM9,南兴路（南庠路-人民南路）,诸暨市,25,25,2025-03-03 21:21:13
1012401199375YC6OSJ5T,东三路（东二环路-东旺路）,诸暨市,121,60,2025-03-03 21:21:13
1012312288YR64NIVVNK1,浣纱中路（西施大街-大桥东路）,诸暨市,23,10,2025-03-03 21:21:13
1019PDAS7RIP7GH,市民公园东北面停车场,诸暨市,27,12,2025-03-03 21:21:13
1012312288YR825E2P88X,苎萝东路（东二环路-东福路),诸暨市,115,83,2025-03-03 21:21:13
1019QKKS3RWOFEP,人防大厦停车场,诸暨市,48,48,2025-03-03 21:21:13
10124013095H4QPBO8UF5,东兴路50弄,诸暨市,7,7,2025-03-03 21:21:13
1012312298YXHTPH9LYPT,东二路123弄（东旺路188弄-东二路）,诸暨市,61,36,2025-03-03 21:21:13
1019SEVYY7X0W75,十里牌停车场,诸暨市,69,69,2025-03-03 21:21:13
1012312288YR6C3V37475,体育路（体育路-大桥东路）,诸暨市,8,4,2025-03-03 21:21:13
1012312288YR8IX5J60OX,东旺路218弄（东旺路-融媒体中心）,诸暨市,29,16,2025-03-03 21:21:13
1019Q6UK2GUCAV5,市民公园地下停车场,诸暨市,227,165,2025-03-03 21:21:13
1012312288YR61OZ7SOW1,浣纱中路（南屏路-西施大街）,诸暨市,14,9,2025-03-03 21:21:13
1012312288YR9PO5N0TFL,苎萝东路（环城东路-东旺路）,诸暨市,54,43,2025-03-03 21:21:12
1012312288YR5F42HE329,红旗路（人民中路-浣纱中路）,诸暨市,16,4,2025-03-03 21:21:12
1012312288YRB62F6P9TT,浣纱南路（南兴路-南屏路）,诸暨市,60,34,2025-03-03 21:21:12
1012312288YR85VK6CYKH,和济路（东祥路-东旺路）,诸暨市,90,89,2025-03-03 21:21:12
1012312288YR5NVRFEV41,东安路(东二路-苎萝东路),诸暨市,6,3,2025-03-03 21:21:12
1012312288YR8VUSTQYV5,东旺路182弄(康华大厦-东旺路),诸暨市,19,12,2025-03-03 21:21:12
1019S5R3X1SOHS1,一百淘宝城停车场,诸暨市,105,40,2025-03-03 21:21:12
1012312288YR9VX35V2M9,苎萝东路（环城东路-东祥路）,诸暨市,17,8,2025-03-03 21:21:12
1012312288YR9HG704L4X,苎萝东路（东福路-东三环路）,诸暨市,107,107,2025-03-03 21:21:12
1012312288YRB24CYLBLT,浣纱南路（苎萝路-南兴路）,诸暨市,19,16,2025-03-03 21:11:13
1012312288YR3IHRSDDZ5,滨江南路（大桥东路-西施大街）,诸暨市,13,10,2025-03-03 21:11:13
1012312268YDHM7XGW3Y9,艮塔东路（滨江北路-江东路),诸暨市,33,16,2025-03-03 21:11:13
1019JVX01UVMSCH,幸福家园停车场,诸暨市,72,11,2025-03-03 21:11:13
1012312288YR9D2CJ4741,东二路（东祥路-环城东路）,诸暨市,25,15,2025-03-03 21:11:13
1012312288YR6SFUARGU9,东祥路19弄（东祥路-环城东路）,诸暨市,12,3,2025-03-03 21:11:13
1012312288YR57VMEIUBL,大桥东路（大桥东路9号-江东路）,诸暨市,34,18,2025-03-03 21:11:13
1012312288YRAV3T06ARL,滨江中路（望江三路-望江二路）,诸暨市,30,24,2025-03-03 21:11:13
1019PDPET4GWE81,市民公园北面停车场,诸暨市,14,8,2025-03-03 21:11:13
1012312288YR5B22720W1,大桥东路（江东路-五角广场）,诸暨市,58,41,2025-03-03 21:11:13
1012312288YR3EFRI1BSX,滨江南路（滨江支路-浣东中路）,诸暨市,64,45,2025-03-03 21:11:13
1012312288YR6C3V37475,体育路（体育路-大桥东路）,诸暨市,8,3,2025-03-03 21:11:13
1012312288YR61OZ7SOW1,浣纱中路（南屏路-西施大街）,诸暨市,14,10,2025-03-03 21:11:13
1012312288YR5UKH75K3L,艮塔东路（东二路-东一路),诸暨市,101,81,2025-03-03 21:11:13
1012312288YRBS7JO7FUP,望江二路（高湖路-江东路）,诸暨市,10,7,2025-03-03 21:11:13
1012312298YXIJSNZ82YP,东二路129弄（东一路88弄-东二路123弄）,诸暨市,10,10,2025-03-03 21:11:13
10124013095HHCMD4CC1T,艮塔东路（交通银行）,诸暨市,35,32,2025-03-03 21:11:13
1012312288YR6EYGP1YWX,万风新世界（暨阳路-上庄路）,诸暨市,20,4,2025-03-03 21:11:13
1012312288YRBLMRYOUTD,江东路（望江一路-望江二路）,诸暨市,18,9,2025-03-03 21:11:13
1012405079PB3TJY248W1,东三路（应山公园-东旺路）,诸暨市,44,42,2025-03-03 21:11:13
1019REU2R6D37Y9,城东公园地下停车场,诸暨市,601,336,2025-03-03 21:11:13
1012312288YRBI4HZHCE9,江东路（西施大街-大桥东路）,诸暨市,6,2,2025-03-03 21:11:13
1012312288YR3MBVY988X,东兴北路（江东路-福门路）,诸暨市,19,15,2025-03-03 21:11:13
1019N4FJ7J6DUYP,篮球场停车场,诸暨市,182,37,2025-03-03 21:11:13
1019PRTQD59LIWX,永乐路停车场,诸暨市,91,55,2025-03-03 21:11:13
1012312288YR89HS7SKXT,东旺路（东旺路150弄-东二路）,诸暨市,18,2,2025-03-03 21:11:13
1012312288YRBA0HET81T,江东路（大桥东路-望江一路）,诸暨市,10,2,2025-03-03 21:11:13
1012312288YR9LAB60FEP,苎萝东路（东兴路-东安路）,诸暨市,45,28,2025-03-03 21:11:13
1012312298YXIV34CFDVL,东一路82弄（东二路123弄-东二路）,诸暨市,6,5,2025-03-03 21:11:13
1019MAR69WRHHXD,西子公寓停车场,诸暨市,91,82,2025-03-03 21:11:13
1012312288YR68DOZJDVL,体育路（体育路二弄-红旗路）,诸暨市,12,8,2025-03-03 21:11:13
1012312288YR5XYT44YKH,艮塔东路（苎萝东路-东二路）,诸暨市,142,90,2025-03-03 21:11:13
1012312288YRC2EJF5N9D,望江三路（浣东北路-高湖路）,诸暨市,11,4,2025-03-03 21:11:13
1012312288YR5JPT2UOZL,东兴路（苎萝东路-东二路）,诸暨市,62,43,2025-03-03 21:11:13
1019B4Y82CZPJ41,诸暨浣东中路停车场,诸暨市,37,30,2025-03-03 21:11:13
1012312288YRBWX8BW5Q9,望江二路（浣东北路-高湖路）,诸暨市,5,2,2025-03-03 21:11:13
1012312288YR7V8S6IBCX,东一路88弄（东一路82弄-东一路）,诸暨市,27,20,2025-03-03 21:11:13
1012312288YR7K67XR8CH,望江一路（浣东北路-江东路）,诸暨市,14,13,2025-03-03 21:11:12
1012312288YR5RTTNITC1,艮塔东路（江东路-高湖路）,诸暨市,39,26,2025-03-03 21:11:12
10124013095GY8GDKUBY9,艮塔东路（高湖路-暨东路）,诸暨市,16,10,2025-03-03 21:11:12
1012312288YRBP13VO9A9,江东路（望江二路-望江三路）,诸暨市,13,6,2025-03-03 21:11:12
1012312288YRAXUGJT1J5,浣纱北路（大桥路-艮塔路）,诸暨市,59,23,2025-03-03 21:11:12
1012312288YR8IX5J60OX,东旺路218弄（东旺路-融媒体中心）,诸暨市,29,15,2025-03-03 21:11:12
1012312288YRB62F6P9TT,浣纱南路（南兴路-南屏路）,诸暨市,60,34,2025-03-03 21:11:12
1012312288YR85VK6CYKH,和济路（东祥路-东旺路）,诸暨市,90,89,2025-03-03 21:11:12
1012312288YR9VX35V2M9,苎萝东路（环城东路-东祥路）,诸暨市,17,8,2025-03-03 21:11:12
1012312268YD5WN09GPVL,八一横路（暨阳路-无名路）,诸暨市,46,20,2025-03-03 21:11:12
1012312288YR9376YUBK1,东旺路（东旺路150弄-苎萝东路）,诸暨市,18,6,2025-03-03 21:11:12
1012312298YXHTPH9LYPT,东二路123弄（东旺路188弄-东二路）,诸暨市,61,35,2025-03-03 21:11:12
1012312288YR9HG704L4X,苎萝东路（东福路-东三环路）,诸暨市,107,107,2025-03-03 21:11:12
1012312288YR64NIVVNK1,浣纱中路（西施大街-大桥东路）,诸暨市,23,10,2025-03-03 21:11:12
1012312288YR5F42HE329,红旗路（人民中路-浣纱中路）,诸暨市,16,5,2025-03-03 21:11:12
1012312288YR8VUSTQYV5,东旺路182弄(康华大厦-东旺路),诸暨市,19,11,2025-03-03 21:11:12
1012312298YXGS3Y2CBNL,东旺路188弄（东旺路-东二环路）,诸暨市,10,5,2025-03-03 21:11:12
1012312288YR79Z86T0XT,暨东路70弄（东一路-东旺路218弄）,诸暨市,32,22,2025-03-03 21:11:12
10124013095H4QPBO8UF5,东兴路50弄,诸暨市,7,7,2025-03-03 21:11:12
1012312288YR751NEO35T,东祥路（东二路-苎萝东路）,诸暨市,38,13,2025-03-03 21:11:12
1012312288YR9PO5N0TFL,苎萝东路（环城东路-东旺路）,诸暨市,54,43,2025-03-03 21:11:12
1012312288YRAJXAP73SX,滨江中路（望江二路-大桥东路）,诸暨市,45,36,2025-03-03 21:11:12
1019SEVYY7X0W75,十里牌停车场,诸暨市,69,69,2025-03-03 21:11:12
1012312288YR7CTTSNVNL,苎萝东路（环城东路-东兴路）,诸暨市,86,52,2025-03-03 21:11:12
1012312288YR7N8PO2AYP,东一路68弄（东二路-东一路）,诸暨市,46,35,2025-03-03 21:11:12
1019S5R3X1SOHS1,一百淘宝城停车场,诸暨市,105,40,2025-03-03 21:11:12
1012312288YR9ABOZHGCH,东二路（东旺路-东二环路）,诸暨市,47,22,2025-03-03 21:11:12
1019Q6UK2GUCAV5,市民公园地下停车场,诸暨市,227,165,2025-03-03 21:11:12
1019PDAS7RIP7GH,市民公园东北面停车场,诸暨市,27,12,2025-03-03 21:11:12
1012312288YRADOD6CUM9,南兴路（南庠路-人民南路）,诸暨市,25,25,2025-03-03 21:11:12
1012312288YR7HFKE4HKX,西施大街（浣纱中路-人民中路）,诸暨市,28,10,2025-03-03 21:11:12
1012312288YR8GIC67LS1,东旺路218弄(东旺路206弄-融媒体中心）,诸暨市,22,16,2025-03-03 21:11:12
1012312288YRBEU44Q1VL,滨江中路（艮塔东路-望江三路）,诸暨市,25,13,2025-03-03 21:11:12
1012401199375YC6OSJ5T,东三路（东二环路-东旺路）,诸暨市,121,60,2025-03-03 21:11:12
10124012093FZKG7Y8M4H,永昌南路（东一路-东二路）,诸暨市,63,24,2025-03-03 21:11:12
1019QKKS3RWOFEP,人防大厦停车场,诸暨市,48,48,2025-03-03 21:11:12
1012312288YR8ZSV1UX35,东旺路150弄（东二环路-东旺路）,诸暨市,88,49,2025-03-03 21:11:12
1012312288YR825E2P88X,苎萝东路（东二环路-东福路),诸暨市,115,85,2025-03-03 21:11:12
1012312288YR53DTVACCH,滨江南路（西施大街-滨江支路）,诸暨市,33,29,2025-03-03 21:11:12
1012312288YR7YF7Z1HXD,高湖路（望江二路-望江一路）,诸暨市,18,8,2025-03-03 21:11:12
1012312288YR6IWIX5X4X,苎萝东路（东二环路-东旺路）,诸暨市,18,12,2025-03-03 21:11:12
1012312288YR5NVRFEV41,东安路(东二路-苎萝东路),诸暨市,6,3,2025-03-03 21:11:12
1012312288YRC518WKA2P,望江三路（江东路-滨江中路）,诸暨市,5,2,2025-03-03 21:11:12
1012312288YRBZRTXR0G1,望江三路（高湖路-江东路）,诸暨市,15,12,2025-03-03 21:11:12
1012405049OQ8ZNVP3U2P,苎萝东路（东二环路-东旺路）1,诸暨市,29,18,2025-03-03 21:11:12
1012312298YXIJSNZ82YP,东二路129弄（东一路88弄-东二路123弄）,诸暨市,10,10,2025-03-03 21:00:03
1012312288YRBWX8BW5Q9,望江二路（浣东北路-高湖路）,诸暨市,5,2,2025-03-03 21:00:02
1012312288YR8ZSV1UX35,东旺路150弄（东二环路-东旺路）,诸暨市,88,50,2025-03-03 21:00:02
1012312288YRAV3T06ARL,滨江中路（望江三路-望江二路）,诸暨市,30,24,2025-03-03 21:00:02
1012312288YRC2EJF5N9D,望江三路（浣东北路-高湖路）,诸暨市,11,5,2025-03-03 21:00:02
1012312288YR7HFKE4HKX,西施大街（浣纱中路-人民中路）,诸暨市,28,6,2025-03-03 21:00:02
1019PDAS7RIP7GH,市民公园东北面停车场,诸暨市,27,12,2025-03-03 21:00:02
10124013095H4QPBO8UF5,东兴路50弄,诸暨市,7,7,2025-03-03 21:00:02
1019B4Y82CZPJ41,诸暨浣东中路停车场,诸暨市,37,31,2025-03-03 21:00:02
1012312288YRBZRTXR0G1,望江三路（高湖路-江东路）,诸暨市,15,12,2025-03-03 21:00:02
1012312288YR68DOZJDVL,体育路（体育路二弄-红旗路）,诸暨市,12,8,2025-03-03 21:00:02
1012312298YXIV34CFDVL,东一路82弄（东二路123弄-东二路）,诸暨市,6,5,2025-03-03 21:00:02
1012312288YRBLMRYOUTD,江东路（望江一路-望江二路）,诸暨市,18,8,2025-03-03 21:00:02
1012312288YR9376YUBK1,东旺路（东旺路150弄-苎萝东路）,诸暨市,18,8,2025-03-03 21:00:02
1012405079PB3TJY248W1,东三路（应山公园-东旺路）,诸暨市,44,42,2025-03-03 21:00:02
1012312288YRAJXAP73SX,滨江中路（望江二路-大桥东路）,诸暨市,45,33,2025-03-03 21:00:02
1012312288YR57VMEIUBL,大桥东路（大桥东路9号-江东路）,诸暨市,34,17,2025-03-03 21:00:02
1019REU2R6D37Y9,城东公园地下停车场,诸暨市,601,336,2025-03-03 21:00:02
1012312288YR9LAB60FEP,苎萝东路（东兴路-东安路）,诸暨市,45,28,2025-03-03 21:00:02
1012312288YR3EFRI1BSX,滨江南路（滨江支路-浣东中路）,诸暨市,64,44,2025-03-03 21:00:02
1012312288YR5JPT2UOZL,东兴路（苎萝东路-东二路）,诸暨市,62,40,2025-03-03 21:00:02
1019MAR69WRHHXD,西子公寓停车场,诸暨市,91,81,2025-03-03 21:00:02
1019N4FJ7J6DUYP,篮球场停车场,诸暨市,182,36,2025-03-03 21:00:02
1012312288YR5B22720W1,大桥东路（江东路-五角广场）,诸暨市,58,39,2025-03-03 21:00:02
1019JVX01UVMSCH,幸福家园停车场,诸暨市,72,11,2025-03-03 21:00:02
1012312268YDHM7XGW3Y9,艮塔东路（滨江北路-江东路),诸暨市,33,14,2025-03-03 21:00:02
1019SEVYY7X0W75,十里牌停车场,诸暨市,69,69,2025-03-03 21:00:02
1019PDPET4GWE81,市民公园北面停车场,诸暨市,14,8,2025-03-03 21:00:02
1019PRTQD59LIWX,永乐路停车场,诸暨市,91,55,2025-03-03 21:00:02
1012312288YR3MBVY988X,东兴北路（江东路-福门路）,诸暨市,19,15,2025-03-03 21:00:02
1012312288YR6EYGP1YWX,万风新世界（暨阳路-上庄路）,诸暨市,20,4,2025-03-03 21:00:02
1012312288YR7V8S6IBCX,东一路88弄（东一路82弄-东一路）,诸暨市,27,20,2025-03-03 21:00:02
1012312288YRB24CYLBLT,浣纱南路（苎萝路-南兴路）,诸暨市,19,16,2025-03-03 21:00:02
1012312288YRBS7JO7FUP,望江二路（高湖路-江东路）,诸暨市,10,6,2025-03-03 21:00:02
1012312288YR6C3V37475,体育路（体育路-大桥东路）,诸暨市,8,2,2025-03-03 21:00:02
1012312288YR9D2CJ4741,东二路（东祥路-环城东路）,诸暨市,25,15,2025-03-03 21:00:02
1012312288YR5UKH75K3L,艮塔东路（东二路-东一路),诸暨市,101,82,2025-03-03 21:00:02
1012312288YR89HS7SKXT,东旺路（东旺路150弄-东二路）,诸暨市,18,2,2025-03-03 21:00:02
1012312288YR8GIC67LS1,东旺路218弄(东旺路206弄-融媒体中心）,诸暨市,22,16,2025-03-03 21:00:02
1012312288YR3IHRSDDZ5,滨江南路（大桥东路-西施大街）,诸暨市,13,10,2025-03-03 21:00:02
10124013095HHCMD4CC1T,艮塔东路（交通银行）,诸暨市,35,32,2025-03-03 21:00:02
1012312288YR6SFUARGU9,东祥路19弄（东祥路-环城东路）,诸暨市,12,3,2025-03-03 21:00:02
1012312288YRBA0HET81T,江东路（大桥东路-望江一路）,诸暨市,10,1,2025-03-03 21:00:02
1012312288YR9ABOZHGCH,东二路（东旺路-东二环路）,诸暨市,47,22,2025-03-03 21:00:02
1012312288YR5XYT44YKH,艮塔东路（苎萝东路-东二路）,诸暨市,142,93,2025-03-03 21:00:02
1012312288YR61OZ7SOW1,浣纱中路（南屏路-西施大街）,诸暨市,14,9,2025-03-03 21:00:02
1012312288YRBI4HZHCE9,江东路（西施大街-大桥东路）,诸暨市,6,1,2025-03-03 21:00:02
1012312288YR53DTVACCH,滨江南路（西施大街-滨江支路）,诸暨市,33,27,2025-03-03 21:00:01
1012312288YR8IX5J60OX,东旺路218弄（东旺路-融媒体中心）,诸暨市,29,15,2025-03-03 21:00:01
1012312268YD5WN09GPVL,八一横路（暨阳路-无名路）,诸暨市,46,20,2025-03-03 21:00:01
1012312288YR5RTTNITC1,艮塔东路（江东路-高湖路）,诸暨市,39,25,2025-03-03 21:00:01
1012312288YR7CTTSNVNL,苎萝东路（环城东路-东兴路）,诸暨市,86,55,2025-03-03 21:00:01
10124013095GY8GDKUBY9,艮塔东路（高湖路-暨东路）,诸暨市,16,10,2025-03-03 21:00:01
1012312288YR7K67XR8CH,望江一路（浣东北路-江东路）,诸暨市,14,12,2025-03-03 21:00:01
1012312288YRADOD6CUM9,南兴路（南庠路-人民南路）,诸暨市,25,25,2025-03-03 21:00:01
1012312288YR825E2P88X,苎萝东路（东二环路-东福路),诸暨市,115,87,2025-03-03 21:00:01
1012312288YR751NEO35T,东祥路（东二路-苎萝东路）,诸暨市,38,14,2025-03-03 21:00:01
1012312288YR79Z86T0XT,暨东路70弄（东一路-东旺路218弄）,诸暨市,32,22,2025-03-03 21:00:01
1012312288YR6IWIX5X4X,苎萝东路（东二环路-东旺路）,诸暨市,18,12,2025-03-03 21:00:01
1012312288YRC518WKA2P,望江三路（江东路-滨江中路）,诸暨市,5,2,2025-03-03 21:00:01
1012312298YXGS3Y2CBNL,东旺路188弄（东旺路-东二环路）,诸暨市,10,5,2025-03-03 21:00:01
1012312288YRAXUGJT1J5,浣纱北路（大桥路-艮塔路）,诸暨市,59,23,2025-03-03 21:00:01
1012312288YRBEU44Q1VL,滨江中路（艮塔东路-望江三路）,诸暨市,25,13,2025-03-03 21:00:01
1012312288YR7N8PO2AYP,东一路68弄（东二路-东一路）,诸暨市,46,34,2025-03-03 21:00:00
1019QKKS3RWOFEP,人防大厦停车场,诸暨市,48,48,2025-03-03 21:00:00
1019S5R3X1SOHS1,一百淘宝城停车场,诸暨市,105,40,2025-03-03 21:00:00
1012405049OQ8ZNVP3U2P,苎萝东路（东二环路-东旺路）1,诸暨市,29,17,2025-03-03 21:00:00
10124012093FZKG7Y8M4H,永昌南路（东一路-东二路）,诸暨市,63,26,2025-03-03 21:00:00
1012312288YR8VUSTQYV5,东旺路182弄(康华大厦-东旺路),诸暨市,19,11,2025-03-03 21:00:00
1012312288YR64NIVVNK1,浣纱中路（西施大街-大桥东路）,诸暨市,23,11,2025-03-03 21:00:00
1012401199375YC6OSJ5T,东三路（东二环路-东旺路）,诸暨市,121,58,2025-03-03 21:00:00
1012312288YR5F42HE329,红旗路（人民中路-浣纱中路）,诸暨市,16,4,2025-03-03 21:00:00
1012312288YR9PO5N0TFL,苎萝东路（环城东路-东旺路）,诸暨市,54,38,2025-03-03 21:00:00
1012312288YRB62F6P9TT,浣纱南路（南兴路-南屏路）,诸暨市,60,34,2025-03-03 21:00:00
1019Q6UK2GUCAV5,市民公园地下停车场,诸暨市,227,165,2025-03-03 21:00:00
1012312298YXHTPH9LYPT,东二路123弄（东旺路188弄-东二路）,诸暨市,61,35,2025-03-03 21:00:00
1012312288YR85VK6CYKH,和济路（东祥路-东旺路）,诸暨市,90,89,2025-03-03 21:00:00
1012312288YR9HG704L4X,苎萝东路（东福路-东三环路）,诸暨市,107,107,2025-03-03 21:00:00
1012312288YR9VX35V2M9,苎萝东路（环城东路-东祥路）,诸暨市,17,8,2025-03-03 21:00:00
1012312288YR5NVRFEV41,东安路(东二路-苎萝东路),诸暨市,6,3,2025-03-03 21:00:00
1012312288YR7YF7Z1HXD,高湖路（望江二路-望江一路）,诸暨市,18,6,2025-03-03 21:00:00
1012312288YRBP13VO9A9,江东路（望江二路-望江三路）,诸暨市,13,6,2025-03-03 21:00:00
1012405079PB3TJY248W1,东三路（应山公园-东旺路）,诸暨市,44,42,2025-03-03 20:50:01
1012312288YR89HS7SKXT,东旺路（东旺路150弄-东二路）,诸暨市,18,3,2025-03-03 20:50:01
1012312288YR5UKH75K3L,艮塔东路（东二路-东一路),诸暨市,101,81,2025-03-03 20:50:01
1012312288YRBLMRYOUTD,江东路（望江一路-望江二路）,诸暨市,18,9,2025-03-03 20:50:01
1012312288YR61OZ7SOW1,浣纱中路（南屏路-西施大街）,诸暨市,14,9,2025-03-03 20:50:01
1012312288YR3IHRSDDZ5,滨江南路（大桥东路-西施大街）,诸暨市,13,10,2025-03-03 20:50:01
1019MAR69WRHHXD,西子公寓停车场,诸暨市,91,81,2025-03-03 20:50:01
1012312288YRBWX8BW5Q9,望江二路（浣东北路-高湖路）,诸暨市,5,2,2025-03-03 20:50:01
1012312288YR6C3V37475,体育路（体育路-大桥东路）,诸暨市,8,4,2025-03-03 20:50:01
1012312288YR3MBVY988X,东兴北路（江东路-福门路）,诸暨市,19,16,2025-03-03 20:50:01
1012312288YR68DOZJDVL,体育路（体育路二弄-红旗路）,诸暨市,12,7,2025-03-03 20:50:01
1012312288YRB24CYLBLT,浣纱南路（苎萝路-南兴路）,诸暨市,19,15,2025-03-03 20:50:01
1019B4Y82CZPJ41,诸暨浣东中路停车场,诸暨市,37,30,2025-03-03 20:50:01
1012312288YR9D2CJ4741,东二路（东祥路-环城东路）,诸暨市,25,14,2025-03-03 20:50:01
1012312288YR9LAB60FEP,苎萝东路（东兴路-东安路）,诸暨市,45,28,2025-03-03 20:50:01
1012312298YXIV34CFDVL,东一路82弄（东二路123弄-东二路）,诸暨市,6,4,2025-03-03 20:50:01
1012312288YR7V8S6IBCX,东一路88弄（东一路82弄-东一路）,诸暨市,27,20,2025-03-03 20:50:01
1019N4FJ7J6DUYP,篮球场停车场,诸暨市,182,36,2025-03-03 20:50:01
1012312288YR6SFUARGU9,东祥路19弄（东祥路-环城东路）,诸暨市,12,3,2025-03-03 20:50:01
1012312288YR3EFRI1BSX,滨江南路（滨江支路-浣东中路）,诸暨市,64,44,2025-03-03 20:50:01
1019PRTQD59LIWX,永乐路停车场,诸暨市,91,55,2025-03-03 20:50:01
1012312288YRBA0HET81T,江东路（大桥东路-望江一路）,诸暨市,10,1,2025-03-03 20:50:01
1012312288YR5XYT44YKH,艮塔东路（苎萝东路-东二路）,诸暨市,142,96,2025-03-03 20:50:01
1019REU2R6D37Y9,城东公园地下停车场,诸暨市,601,335,2025-03-03 20:50:01
1019JVX01UVMSCH,幸福家园停车场,诸暨市,72,9,2025-03-03 20:50:01
1012312298YXIJSNZ82YP,东二路129弄（东一路88弄-东二路123弄）,诸暨市,10,10,2025-03-03 20:50:01
1012312288YR5JPT2UOZL,东兴路（苎萝东路-东二路）,诸暨市,62,43,2025-03-03 20:50:01
1012312288YRC2EJF5N9D,望江三路（浣东北路-高湖路）,诸暨市,11,4,2025-03-03 20:50:01
1012312288YRBS7JO7FUP,望江二路（高湖路-江东路）,诸暨市,10,6,2025-03-03 20:50:01
1012312288YR6EYGP1YWX,万风新世界（暨阳路-上庄路）,诸暨市,20,4,2025-03-03 20:50:01
1019PDPET4GWE81,市民公园北面停车场,诸暨市,14,8,2025-03-03 20:50:01
1012312288YRBP13VO9A9,江东路（望江二路-望江三路）,诸暨市,13,6,2025-03-03 20:50:00
1012312288YR5F42HE329,红旗路（人民中路-浣纱中路）,诸暨市,16,4,2025-03-03 20:50:00
1012312288YRC518WKA2P,望江三路（江东路-滨江中路）,诸暨市,5,1,2025-03-03 20:50:00
1012312288YRBZRTXR0G1,望江三路（高湖路-江东路）,诸暨市,15,12,2025-03-03 20:50:00
1012312288YRAJXAP73SX,滨江中路（望江二路-大桥东路）,诸暨市,45,34,2025-03-03 20:50:00
1012312288YR5NVRFEV41,东安路(东二路-苎萝东路),诸暨市,6,3,2025-03-03 20:50:00
1012312298YXGS3Y2CBNL,东旺路188弄（东旺路-东二环路）,诸暨市,10,6,2025-03-03 20:50:00
1012405049OQ8ZNVP3U2P,苎萝东路（东二环路-东旺路）1,诸暨市,29,16,2025-03-03 20:50:00
1012312288YR85VK6CYKH,和济路（东祥路-东旺路）,诸暨市,90,89,2025-03-03 20:50:00
1012312288YR7YF7Z1HXD,高湖路（望江二路-望江一路）,诸暨市,18,6,2025-03-03 20:50:00
1012312288YR53DTVACCH,滨江南路（西施大街-滨江支路）,诸暨市,33,27,2025-03-03 20:50:00
1012312288YR825E2P88X,苎萝东路（东二环路-东福路),诸暨市,115,84,2025-03-03 20:50:00
1019Q6UK2GUCAV5,市民公园地下停车场,诸暨市,227,162,2025-03-03 20:50:00
1012312288YRAV3T06ARL,滨江中路（望江三路-望江二路）,诸暨市,30,23,2025-03-03 20:50:00
1019S5R3X1SOHS1,一百淘宝城停车场,诸暨市,105,40,2025-03-03 20:50:00
1012312288YR9PO5N0TFL,苎萝东路（环城东路-东旺路）,诸暨市,54,35,2025-03-03 20:50:00
1012312288YR64NIVVNK1,浣纱中路（西施大街-大桥东路）,诸暨市,23,8,2025-03-03 20:50:00
1012312288YR79Z86T0XT,暨东路70弄（东一路-东旺路218弄）,诸暨市,32,22,2025-03-03 20:50:00
10124013095H4QPBO8UF5,东兴路50弄,诸暨市,7,7,2025-03-03 20:50:00
1012312288YR9HG704L4X,苎萝东路（东福路-东三环路）,诸暨市,107,107,2025-03-03 20:50:00
1012312288YR8VUSTQYV5,东旺路182弄(康华大厦-东旺路),诸暨市,19,11,2025-03-03 20:50:00
1012312288YR9376YUBK1,东旺路（东旺路150弄-苎萝东路）,诸暨市,18,6,2025-03-03 20:50:00
1012312288YR57VMEIUBL,大桥东路（大桥东路9号-江东路）,诸暨市,34,18,2025-03-03 20:50:00
1012312268YD5WN09GPVL,八一横路（暨阳路-无名路）,诸暨市,46,20,2025-03-03 20:50:00
1012312268YDHM7XGW3Y9,艮塔东路（滨江北路-江东路),诸暨市,33,16,2025-03-03 20:50:00
1012312288YR9ABOZHGCH,东二路（东旺路-东二环路）,诸暨市,47,22,2025-03-03 20:50:00
1019PDAS7RIP7GH,市民公园东北面停车场,诸暨市,27,15,2025-03-03 20:50:00
1012312288YR5B22720W1,大桥东路（江东路-五角广场）,诸暨市,58,39,2025-03-03 20:50:00
1012312288YR7N8PO2AYP,东一路68弄（东二路-东一路）,诸暨市,46,34,2025-03-03 20:50:00
10124013095HHCMD4CC1T,艮塔东路（交通银行）,诸暨市,35,32,2025-03-03 20:50:00
10124012093FZKG7Y8M4H,永昌南路（东一路-东二路）,诸暨市,63,31,2025-03-03 20:50:00
1012312288YR7K67XR8CH,望江一路（浣东北路-江东路）,诸暨市,14,13,2025-03-03 20:50:00
1019QKKS3RWOFEP,人防大厦停车场,诸暨市,48,48,2025-03-03 20:50:00
1012312288YR7HFKE4HKX,西施大街（浣纱中路-人民中路）,诸暨市,28,4,2025-03-03 20:50:00
1012312288YR7CTTSNVNL,苎萝东路（环城东路-东兴路）,诸暨市,86,56,2025-03-03 20:50:00
1012312288YR8IX5J60OX,东旺路218弄（东旺路-融媒体中心）,诸暨市,29,16,2025-03-03 20:50:00
1012312288YR6IWIX5X4X,苎萝东路（东二环路-东旺路）,诸暨市,18,11,2025-03-03 20:50:00
1012312288YR5RTTNITC1,艮塔东路（江东路-高湖路）,诸暨市,39,27,2025-03-03 20:50:00
1012401199375YC6OSJ5T,东三路（东二环路-东旺路）,诸暨市,121,62,2025-03-03 20:50:00
1012312288YRBEU44Q1VL,滨江中路（艮塔东路-望江三路）,诸暨市,25,14,2025-03-03 20:50:00
10124013095GY8GDKUBY9,艮塔东路（高湖路-暨东路）,诸暨市,16,11,2025-03-03 20:50:00
1012312288YRB62F6P9TT,浣纱南路（南兴路-南屏路）,诸暨市,60,35,2025-03-03 20:50:00
1012312288YRAXUGJT1J5,浣纱北路（大桥路-艮塔路）,诸暨市,59,23,2025-03-03 20:50:00
1012312298YXHTPH9LYPT,东二路123弄（东旺路188弄-东二路）,诸暨市,61,35,2025-03-03 20:50:00
1012312288YR751NEO35T,东祥路（东二路-苎萝东路）,诸暨市,38,12,2025-03-03 20:50:00
1019SEVYY7X0W75,十里牌停车场,诸暨市,69,69,2025-03-03 20:50:00
1012312288YRADOD6CUM9,南兴路（南庠路-人民南路）,诸暨市,25,25,2025-03-03 20:50:00
1012312288YR8ZSV1UX35,东旺路150弄（东二环路-东旺路）,诸暨市,88,53,2025-03-03 20:50:00
1012312288YR9VX35V2M9,苎萝东路（环城东路-东祥路）,诸暨市,17,7,2025-03-03 20:50:00
1012312288YR8GIC67LS1,东旺路218弄(东旺路206弄-融媒体中心）,诸暨市,22,16,2025-03-03 20:50:00
1012312288YR6C3V37475,体育路（体育路-大桥东路）,诸暨市,8,4,2025-03-03 20:40:01
1012312288YR7V8S6IBCX,东一路88弄（东一路82弄-东一路）,诸暨市,27,20,2025-03-03 20:40:01
1012312288YR61OZ7SOW1,浣纱中路（南屏路-西施大街）,诸暨市,14,9,2025-03-03 20:40:01
1012312288YRAV3T06ARL,滨江中路（望江三路-望江二路）,诸暨市,30,23,2025-03-03 20:40:01
1019PDPET4GWE81,市民公园北面停车场,诸暨市,14,8,2025-03-03 20:40:01
1012312288YR3EFRI1BSX,滨江南路（滨江支路-浣东中路）,诸暨市,64,44,2025-03-03 20:40:01
1012312268YDHM7XGW3Y9,艮塔东路（滨江北路-江东路),诸暨市,33,15,2025-03-03 20:40:01
1012312288YRBWX8BW5Q9,望江二路（浣东北路-高湖路）,诸暨市,5,2,2025-03-03 20:40:01
1012405079PB3TJY248W1,东三路（应山公园-东旺路）,诸暨市,44,42,2025-03-03 20:40:01
1012312288YR6SFUARGU9,东祥路19弄（东祥路-环城东路）,诸暨市,12,3,2025-03-03 20:40:01
1012312288YRBA0HET81T,江东路（大桥东路-望江一路）,诸暨市,10,1,2025-03-03 20:40:01
1012312288YR5XYT44YKH,艮塔东路（苎萝东路-东二路）,诸暨市,142,97,2025-03-03 20:40:01
1019PRTQD59LIWX,永乐路停车场,诸暨市,91,55,2025-03-03 20:40:01
1012312288YRC2EJF5N9D,望江三路（浣东北路-高湖路）,诸暨市,11,4,2025-03-03 20:40:01
1019JVX01UVMSCH,幸福家园停车场,诸暨市,72,9,2025-03-03 20:40:01
1012312288YR3MBVY988X,东兴北路（江东路-福门路）,诸暨市,19,16,2025-03-03 20:40:01
1019N4FJ7J6DUYP,篮球场停车场,诸暨市,182,36,2025-03-03 20:40:01
1012312288YR5JPT2UOZL,东兴路（苎萝东路-东二路）,诸暨市,62,44,2025-03-03 20:40:01
1012312288YR89HS7SKXT,东旺路（东旺路150弄-东二路）,诸暨市,18,4,2025-03-03 20:40:01
1019MAR69WRHHXD,西子公寓停车场,诸暨市,91,82,2025-03-03 20:40:01
1012312288YR6EYGP1YWX,万风新世界（暨阳路-上庄路）,诸暨市,20,4,2025-03-03 20:40:01
1012312288YR9LAB60FEP,苎萝东路（东兴路-东安路）,诸暨市,45,30,2025-03-03 20:40:01
1012312288YR3IHRSDDZ5,滨江南路（大桥东路-西施大街）,诸暨市,13,10,2025-03-03 20:40:01
1012312288YR5UKH75K3L,艮塔东路（东二路-东一路),诸暨市,101,82,2025-03-03 20:40:01
1012312288YR68DOZJDVL,体育路（体育路二弄-红旗路）,诸暨市,12,7,2025-03-03 20:40:01
1012312288YR5B22720W1,大桥东路（江东路-五角广场）,诸暨市,58,36,2025-03-03 20:40:01
1012312288YRB24CYLBLT,浣纱南路（苎萝路-南兴路）,诸暨市,19,14,2025-03-03 20:40:01
1019B4Y82CZPJ41,诸暨浣东中路停车场,诸暨市,37,30,2025-03-03 20:40:01
1019REU2R6D37Y9,城东公园地下停车场,诸暨市,601,336,2025-03-03 20:40:01
1012312288YR9D2CJ4741,东二路（东祥路-环城东路）,诸暨市,25,15,2025-03-03 20:40:01
1012312288YRBS7JO7FUP,望江二路（高湖路-江东路）,诸暨市,10,6,2025-03-03 20:40:01
1012312298YXIV34CFDVL,东一路82弄（东二路123弄-东二路）,诸暨市,6,5,2025-03-03 20:40:01
1012312298YXIJSNZ82YP,东二路129弄（东一路88弄-东二路123弄）,诸暨市,10,10,2025-03-03 20:40:01
1012312288YRBLMRYOUTD,江东路（望江一路-望江二路）,诸暨市,18,8,2025-03-03 20:40:01
1012312288YRB62F6P9TT,浣纱南路（南兴路-南屏路）,诸暨市,60,34,2025-03-03 20:40:00
1012312288YR751NEO35T,东祥路（东二路-苎萝东路）,诸暨市,38,12,2025-03-03 20:40:00
1012312288YR8IX5J60OX,东旺路218弄（东旺路-融媒体中心）,诸暨市,29,16,2025-03-03 20:40:00
1019Q6UK2GUCAV5,市民公园地下停车场,诸暨市,227,159,2025-03-03 20:40:00
1012312288YRAXUGJT1J5,浣纱北路（大桥路-艮塔路）,诸暨市,59,26,2025-03-03 20:40:00
10124013095H4QPBO8UF5,东兴路50弄,诸暨市,7,7,2025-03-03 20:40:00
1019S5R3X1SOHS1,一百淘宝城停车场,诸暨市,105,40,2025-03-03 20:40:00
1012312288YR9ABOZHGCH,东二路（东旺路-东二环路）,诸暨市,47,23,2025-03-03 20:40:00
10124012093FZKG7Y8M4H,永昌南路（东一路-东二路）,诸暨市,63,36,2025-03-03 20:40:00
1012312288YR64NIVVNK1,浣纱中路（西施大街-大桥东路）,诸暨市,23,10,2025-03-03 20:40:00
1012312288YRBP13VO9A9,江东路（望江二路-望江三路）,诸暨市,13,5,2025-03-03 20:40:00
10124013095HHCMD4CC1T,艮塔东路（交通银行）,诸暨市,35,32,2025-03-03 20:40:00
1012312288YR7N8PO2AYP,东一路68弄（东二路-东一路）,诸暨市,46,34,2025-03-03 20:40:00
1012312288YR825E2P88X,苎萝东路（东二环路-东福路),诸暨市,115,83,2025-03-03 20:40:00
1012312288YR5NVRFEV41,东安路(东二路-苎萝东路),诸暨市,6,3,2025-03-03 20:40:00
1012312288YR9VX35V2M9,苎萝东路（环城东路-东祥路）,诸暨市,17,6,2025-03-03 20:40:00
1012312288YRC518WKA2P,望江三路（江东路-滨江中路）,诸暨市,5,1,2025-03-03 20:40:00
1012312288YR9PO5N0TFL,苎萝东路（环城东路-东旺路）,诸暨市,54,35,2025-03-03 20:40:00
1012312288YR6IWIX5X4X,苎萝东路（东二环路-东旺路）,诸暨市,18,12,2025-03-03 20:40:00
1012312288YRBEU44Q1VL,滨江中路（艮塔东路-望江三路）,诸暨市,25,13,2025-03-03 20:40:00
1012312288YR5RTTNITC1,艮塔东路（江东路-高湖路）,诸暨市,39,25,2025-03-03 20:40:00
1012312288YR8VUSTQYV5,东旺路182弄(康华大厦-东旺路),诸暨市,19,11,2025-03-03 20:40:00
1012312288YRADOD6CUM9,南兴路（南庠路-人民南路）,诸暨市,25,25,2025-03-03 20:40:00
1012312298YXHTPH9LYPT,东二路123弄（东旺路188弄-东二路）,诸暨市,61,37,2025-03-03 20:40:00
1012312288YR57VMEIUBL,大桥东路（大桥东路9号-江东路）,诸暨市,34,18,2025-03-03 20:40:00
1012312288YR85VK6CYKH,和济路（东祥路-东旺路）,诸暨市,90,89,2025-03-03 20:40:00
1012312288YR53DTVACCH,滨江南路（西施大街-滨江支路）,诸暨市,33,27,2025-03-03 20:40:00
1019SEVYY7X0W75,十里牌停车场,诸暨市,69,69,2025-03-03 20:40:00
1012312288YR8ZSV1UX35,东旺路150弄（东二环路-东旺路）,诸暨市,88,55,2025-03-03 20:40:00
1019QKKS3RWOFEP,人防大厦停车场,诸暨市,48,48,2025-03-03 20:40:00
1012312288YR9HG704L4X,苎萝东路（东福路-东三环路）,诸暨市,107,107,2025-03-03 20:40:00
1012312288YRBZRTXR0G1,望江三路（高湖路-江东路）,诸暨市,15,14,2025-03-03 20:40:00
1012312288YR7HFKE4HKX,西施大街（浣纱中路-人民中路）,诸暨市,28,5,2025-03-03 20:40:00
1012312288YR7CTTSNVNL,苎萝东路（环城东路-东兴路）,诸暨市,86,56,2025-03-03 20:40:00
1019PDAS7RIP7GH,市民公园东北面停车场,诸暨市,27,15,2025-03-03 20:40:00
1012312288YR8GIC67LS1,东旺路218弄(东旺路206弄-融媒体中心）,诸暨市,22,15,2025-03-03 20:40:00
1012401199375YC6OSJ5T,东三路（东二环路-东旺路）,诸暨市,121,58,2025-03-03 20:40:00
1012312288YRAJXAP73SX,滨江中路（望江二路-大桥东路）,诸暨市,45,34,2025-03-03 20:40:00
1012312288YR79Z86T0XT,暨东路70弄（东一路-东旺路218弄）,诸暨市,32,22,2025-03-03 20:40:00
1012312288YR5F42HE329,红旗路（人民中路-浣纱中路）,诸暨市,16,4,2025-03-03 20:40:00
1012405049OQ8ZNVP3U2P,苎萝东路（东二环路-东旺路）1,诸暨市,29,13,2025-03-03 20:40:00
1012312298YXGS3Y2CBNL,东旺路188弄（东旺路-东二环路）,诸暨市,10,6,2025-03-03 20:40:00
10124013095GY8GDKUBY9,艮塔东路（高湖路-暨东路）,诸暨市,16,11,2025-03-03 20:40:00
1012312268YD5WN09GPVL,八一横路（暨阳路-无名路）,诸暨市,46,20,2025-03-03 20:40:00
1012312288YR7K67XR8CH,望江一路（浣东北路-江东路）,诸暨市,14,14,2025-03-03 20:40:00
1012312288YR7YF7Z1HXD,高湖路（望江二路-望江一路）,诸暨市,18,8,2025-03-03 20:40:00
1012312288YR9376YUBK1,东旺路（东旺路150弄-苎萝东路）,诸暨市,18,6,2025-03-03 20:40:00
1012312288YRC2EJF5N9D,望江三路（浣东北路-高湖路）,诸暨市,11,4,2025-03-03 20:30:01
1012312288YR68DOZJDVL,体育路（体育路二弄-红旗路）,诸暨市,12,7,2025-03-03 20:30:01
1012312288YR6C3V37475,体育路（体育路-大桥东路）,诸暨市,8,6,2025-03-03 20:30:01
1012312288YR6EYGP1YWX,万风新世界（暨阳路-上庄路）,诸暨市,20,4,2025-03-03 20:30:01
1012312288YR6SFUARGU9,东祥路19弄（东祥路-环城东路）,诸暨市,12,3,2025-03-03 20:30:01
1019PRTQD59LIWX,永乐路停车场,诸暨市,91,55,2025-03-03 20:30:01
1012312288YR5JPT2UOZL,东兴路（苎萝东路-东二路）,诸暨市,62,40,2025-03-03 20:30:01
1012312288YR5UKH75K3L,艮塔东路（东二路-东一路),诸暨市,101,82,2025-03-03 20:30:01
1012312288YRBWX8BW5Q9,望江二路（浣东北路-高湖路）,诸暨市,5,2,2025-03-03 20:30:01
1012312288YR7V8S6IBCX,东一路88弄（东一路82弄-东一路）,诸暨市,27,20,2025-03-03 20:30:01
1012312288YR3IHRSDDZ5,滨江南路（大桥东路-西施大街）,诸暨市,13,10,2025-03-03 20:30:01
1019B4Y82CZPJ41,诸暨浣东中路停车场,诸暨市,37,31,2025-03-03 20:30:01
1012312288YR5XYT44YKH,艮塔东路（苎萝东路-东二路）,诸暨市,142,99,2025-03-03 20:30:01
1019REU2R6D37Y9,城东公园地下停车场,诸暨市,601,336,2025-03-03 20:30:01
1012312288YR61OZ7SOW1,浣纱中路（南屏路-西施大街）,诸暨市,14,10,2025-03-03 20:30:01
1019N4FJ7J6DUYP,篮球场停车场,诸暨市,182,36,2025-03-03 20:30:01
1012312288YRB24CYLBLT,浣纱南路（苎萝路-南兴路）,诸暨市,19,14,2025-03-03 20:30:01
1012312288YRBS7JO7FUP,望江二路（高湖路-江东路）,诸暨市,10,6,2025-03-03 20:30:01
1019JVX01UVMSCH,幸福家园停车场,诸暨市,72,9,2025-03-03 20:30:01
1012312288YRBA0HET81T,江东路（大桥东路-望江一路）,诸暨市,10,2,2025-03-03 20:30:01
1012312268YDHM7XGW3Y9,艮塔东路（滨江北路-江东路),诸暨市,33,14,2025-03-03 20:30:01
1012312288YR3MBVY988X,东兴北路（江东路-福门路）,诸暨市,19,16,2025-03-03 20:30:01
1012312288YR3EFRI1BSX,滨江南路（滨江支路-浣东中路）,诸暨市,64,45,2025-03-03 20:30:01
1012312288YRBI4HZHCE9,江东路（西施大街-大桥东路）,诸暨市,6,1,2025-03-03 20:30:01
1012312288YRBLMRYOUTD,江东路（望江一路-望江二路）,诸暨市,18,9,2025-03-03 20:30:01
1012312288YR9D2CJ4741,东二路（东祥路-环城东路）,诸暨市,25,15,2025-03-03 20:30:01
1019MAR69WRHHXD,西子公寓停车场,诸暨市,91,82,2025-03-03 20:30:01
1012405079PB3TJY248W1,东三路（应山公园-东旺路）,诸暨市,44,42,2025-03-03 20:30:01
1012312288YR89HS7SKXT,东旺路（东旺路150弄-东二路）,诸暨市,18,4,2025-03-03 20:30:01
1012312298YXIJSNZ82YP,东二路129弄（东一路88弄-东二路123弄）,诸暨市,10,10,2025-03-03 20:30:01
1012312298YXIV34CFDVL,东一路82弄（东二路123弄-东二路）,诸暨市,6,5,2025-03-03 20:30:01
1012312288YR9LAB60FEP,苎萝东路（东兴路-东安路）,诸暨市,45,31,2025-03-03 20:30:01
1019PDPET4GWE81,市民公园北面停车场,诸暨市,14,8,2025-03-03 20:30:01
1012312288YRADOD6CUM9,南兴路（南庠路-人民南路）,诸暨市,25,25,2025-03-03 20:30:00
10124013095HHCMD4CC1T,艮塔东路（交通银行）,诸暨市,35,32,2025-03-03 20:30:00
1012312288YRBZRTXR0G1,望江三路（高湖路-江东路）,诸暨市,15,14,2025-03-03 20:30:00
1012312288YRB62F6P9TT,浣纱南路（南兴路-南屏路）,诸暨市,60,35,2025-03-03 20:30:00
1012405049OQ8ZNVP3U2P,苎萝东路（东二环路-东旺路）1,诸暨市,29,14,2025-03-03 20:30:00
1012312298YXHTPH9LYPT,东二路123弄（东旺路188弄-东二路）,诸暨市,61,36,2025-03-03 20:30:00
10124012093FZKG7Y8M4H,永昌南路（东一路-东二路）,诸暨市,63,41,2025-03-03 20:30:00
1019QKKS3RWOFEP,人防大厦停车场,诸暨市,48,48,2025-03-03 20:30:00
1012312288YRAJXAP73SX,滨江中路（望江二路-大桥东路）,诸暨市,45,35,2025-03-03 20:30:00
1012312288YRAXUGJT1J5,浣纱北路（大桥路-艮塔路）,诸暨市,59,27,2025-03-03 20:30:00
1012312288YR9PO5N0TFL,苎萝东路（环城东路-东旺路）,诸暨市,54,38,2025-03-03 20:30:00
1012312288YR7CTTSNVNL,苎萝东路（环城东路-东兴路）,诸暨市,86,55,2025-03-03 20:30:00
1012312288YR9376YUBK1,东旺路（东旺路150弄-苎萝东路）,诸暨市,18,6,2025-03-03 20:30:00
1012312288YR8IX5J60OX,东旺路218弄（东旺路-融媒体中心）,诸暨市,29,17,2025-03-03 20:30:00
1012312288YR85VK6CYKH,和济路（东祥路-东旺路）,诸暨市,90,88,2025-03-03 20:30:00
10124013095GY8GDKUBY9,艮塔东路（高湖路-暨东路）,诸暨市,16,11,2025-03-03 20:30:00
1019SEVYY7X0W75,十里牌停车场,诸暨市,69,69,2025-03-03 20:30:00
1012312288YR5RTTNITC1,艮塔东路（江东路-高湖路）,诸暨市,39,24,2025-03-03 20:30:00
1012312288YR79Z86T0XT,暨东路70弄（东一路-东旺路218弄）,诸暨市,32,22,2025-03-03 20:30:00
1012312288YR64NIVVNK1,浣纱中路（西施大街-大桥东路）,诸暨市,23,10,2025-03-03 20:30:00
1019S5R3X1SOHS1,一百淘宝城停车场,诸暨市,105,40,2025-03-03 20:30:00
1012312288YR9HG704L4X,苎萝东路（东福路-东三环路）,诸暨市,107,107,2025-03-03 20:30:00
1012312288YR751NEO35T,东祥路（东二路-苎萝东路）,诸暨市,38,13,2025-03-03 20:30:00
1012312298YXGS3Y2CBNL,东旺路188弄（东旺路-东二环路）,诸暨市,10,6,2025-03-03 20:30:00
1012312288YR5F42HE329,红旗路（人民中路-浣纱中路）,诸暨市,16,4,2025-03-03 20:30:00
1012312288YR9ABOZHGCH,东二路（东旺路-东二环路）,诸暨市,47,24,2025-03-03 20:30:00
1012312288YR7K67XR8CH,望江一路（浣东北路-江东路）,诸暨市,14,12,2025-03-03 20:30:00
1012312288YR7N8PO2AYP,东一路68弄（东二路-东一路）,诸暨市,46,35,2025-03-03 20:30:00
1019Q6UK2GUCAV5,市民公园地下停车场,诸暨市,227,146,2025-03-03 20:30:00
1012312288YR8ZSV1UX35,东旺路150弄（东二环路-东旺路）,诸暨市,88,55,2025-03-03 20:30:00
1012312288YR7YF7Z1HXD,高湖路（望江二路-望江一路）,诸暨市,18,8,2025-03-03 20:30:00
1012312288YR57VMEIUBL,大桥东路（大桥东路9号-江东路）,诸暨市,34,18,2025-03-03 20:30:00
1019PDAS7RIP7GH,市民公园东北面停车场,诸暨市,27,14,2025-03-03 20:30:00
1012312288YR5B22720W1,大桥东路（江东路-五角广场）,诸暨市,58,37,2025-03-03 20:30:00
1012312288YR8GIC67LS1,东旺路218弄(东旺路206弄-融媒体中心）,诸暨市,22,16,2025-03-03 20:30:00
1012312288YR7HFKE4HKX,西施大街（浣纱中路-人民中路）,诸暨市,28,3,2025-03-03 20:30:00
1012312288YR825E2P88X,苎萝东路（东二环路-东福路),诸暨市,115,88,2025-03-03 20:30:00
1012312288YR53DTVACCH,滨江南路（西施大街-滨江支路）,诸暨市,33,28,2025-03-03 20:30:00
1012312288YRBP13VO9A9,江东路（望江二路-望江三路）,诸暨市,13,3,2025-03-03 20:30:00
1012312288YRBEU44Q1VL,滨江中路（艮塔东路-望江三路）,诸暨市,25,11,2025-03-03 20:30:00
1012312288YR9VX35V2M9,苎萝东路（环城东路-东祥路）,诸暨市,17,7,2025-03-03 20:30:00
1012312288YR5NVRFEV41,东安路(东二路-苎萝东路),诸暨市,6,3,2025-03-03 20:30:00
1012401199375YC6OSJ5T,东三路（东二环路-东旺路）,诸暨市,121,58,2025-03-03 20:30:00
1012312288YRAV3T06ARL,滨江中路（望江三路-望江二路）,诸暨市,30,24,2025-03-03 20:30:00
1012312268YD5WN09GPVL,八一横路（暨阳路-无名路）,诸暨市,46,20,2025-03-03 20:30:00
1012312288YR8VUSTQYV5,东旺路182弄(康华大厦-东旺路),诸暨市,19,11,2025-03-03 20:30:00
1012312288YRC518WKA2P,望江三路（江东路-滨江中路）,诸暨市,5,3,2025-03-03 20:30:00
10124013095H4QPBO8UF5,东兴路50弄,诸暨市,7,7,2025-03-03 20:30:00
1012312288YR6IWIX5X4X,苎萝东路（东二环路-东旺路）,诸暨市,18,11,2025-03-03 20:30:00
1012312288YR3EFRI1BSX,滨江南路（滨江支路-浣东中路）,诸暨市,64,47,2025-03-03 20:20:02
1012312288YR5JPT2UOZL,东兴路（苎萝东路-东二路）,诸暨市,62,38,2025-03-03 20:20:02
1012312288YR3MBVY988X,东兴北路（江东路-福门路）,诸暨市,19,16,2025-03-03 20:20:02
1012312288YRBWX8BW5Q9,望江二路（浣东北路-高湖路）,诸暨市,5,3,2025-03-03 20:20:02
1012312288YR3IHRSDDZ5,滨江南路（大桥东路-西施大街）,诸暨市,13,10,2025-03-03 20:20:02
1012312288YRBS7JO7FUP,望江二路（高湖路-江东路）,诸暨市,10,5,2025-03-03 20:20:02
1019REU2R6D37Y9,城东公园地下停车场,诸暨市,601,336,2025-03-03 20:20:02
1012312288YRB24CYLBLT,浣纱南路（苎萝路-南兴路）,诸暨市,19,15,2025-03-03 20:20:02
1019N4FJ7J6DUYP,篮球场停车场,诸暨市,182,36,2025-03-03 20:20:02
1012312288YR5XYT44YKH,艮塔东路（苎萝东路-东二路）,诸暨市,142,99,2025-03-03 20:20:02
1012312298YXIJSNZ82YP,东二路129弄（东一路88弄-东二路123弄）,诸暨市,10,10,2025-03-03 20:20:02
1012312288YRBA0HET81T,江东路（大桥东路-望江一路）,诸暨市,10,6,2025-03-03 20:20:02
1012312288YRBLMRYOUTD,江东路（望江一路-望江二路）,诸暨市,18,8,2025-03-03 20:20:02
1019PDPET4GWE81,市民公园北面停车场,诸暨市,14,8,2025-03-03 20:20:01
1012405079PB3TJY248W1,东三路（应山公园-东旺路）,诸暨市,44,41,2025-03-03 20:20:01
1019PRTQD59LIWX,永乐路停车场,诸暨市,91,55,2025-03-03 20:20:01
1019B4Y82CZPJ41,诸暨浣东中路停车场,诸暨市,37,31,2025-03-03 20:20:01
1012312288YRADOD6CUM9,南兴路（南庠路-人民南路）,诸暨市,25,25,2025-03-03 20:20:01
1012312288YRAXUGJT1J5,浣纱北路（大桥路-艮塔路）,诸暨市,59,30,2025-03-03 20:20:01
1012312288YR8IX5J60OX,东旺路218弄（东旺路-融媒体中心）,诸暨市,29,18,2025-03-03 20:20:01
1012312288YR68DOZJDVL,体育路（体育路二弄-红旗路）,诸暨市,12,7,2025-03-03 20:20:01
1012312288YR6C3V37475,体育路（体育路-大桥东路）,诸暨市,8,4,2025-03-03 20:20:01
1012312298YXGS3Y2CBNL,东旺路188弄（东旺路-东二环路）,诸暨市,10,6,2025-03-03 20:20:01
1012312288YR9D2CJ4741,东二路（东祥路-环城东路）,诸暨市,25,12,2025-03-03 20:20:01
1012312288YRAJXAP73SX,滨江中路（望江二路-大桥东路）,诸暨市,45,34,2025-03-03 20:20:01
1012312288YR7V8S6IBCX,东一路88弄（东一路82弄-东一路）,诸暨市,27,20,2025-03-03 20:20:01
1012312288YRBEU44Q1VL,滨江中路（艮塔东路-望江三路）,诸暨市,25,12,2025-03-03 20:20:01
1019SEVYY7X0W75,十里牌停车场,诸暨市,69,69,2025-03-03 20:20:01
1012312268YDHM7XGW3Y9,艮塔东路（滨江北路-江东路),诸暨市,33,17,2025-03-03 20:20:01
1019PDAS7RIP7GH,市民公园东北面停车场,诸暨市,27,13,2025-03-03 20:20:01
1012312298YXIV34CFDVL,东一路82弄（东二路123弄-东二路）,诸暨市,6,6,2025-03-03 20:20:01
1012312288YR89HS7SKXT,东旺路（东旺路150弄-东二路）,诸暨市,18,3,2025-03-03 20:20:01
10124013095HHCMD4CC1T,艮塔东路（交通银行）,诸暨市,35,32,2025-03-03 20:20:01
1012312288YR61OZ7SOW1,浣纱中路（南屏路-西施大街）,诸暨市,14,9,2025-03-03 20:20:01
1012312288YRC518WKA2P,望江三路（江东路-滨江中路）,诸暨市,5,3,2025-03-03 20:20:01
1012312288YRBI4HZHCE9,江东路（西施大街-大桥东路）,诸暨市,6,2,2025-03-03 20:20:01
1012312288YRAV3T06ARL,滨江中路（望江三路-望江二路）,诸暨市,30,24,2025-03-03 20:20:01
1012312288YR79Z86T0XT,暨东路70弄（东一路-东旺路218弄）,诸暨市,32,22,2025-03-03 20:20:01
1012312288YR8GIC67LS1,东旺路218弄(东旺路206弄-融媒体中心）,诸暨市,22,16,2025-03-03 20:20:01
1019MAR69WRHHXD,西子公寓停车场,诸暨市,91,82,2025-03-03 20:20:01
1012312288YR53DTVACCH,滨江南路（西施大街-滨江支路）,诸暨市,33,28,2025-03-03 20:20:01
1012312288YR8ZSV1UX35,东旺路150弄（东二环路-东旺路）,诸暨市,88,51,2025-03-03 20:20:01
1019JVX01UVMSCH,幸福家园停车场,诸暨市,72,9,2025-03-03 20:20:01
1012312288YR6SFUARGU9,东祥路19弄（东祥路-环城东路）,诸暨市,12,3,2025-03-03 20:20:01
1012312288YRBZRTXR0G1,望江三路（高湖路-江东路）,诸暨市,15,14,2025-03-03 20:20:01
1012312288YRC2EJF5N9D,望江三路（浣东北路-高湖路）,诸暨市,11,5,2025-03-03 20:20:01
1012312288YR9ABOZHGCH,东二路（东旺路-东二环路）,诸暨市,47,25,2025-03-03 20:20:01
1012312288YR5UKH75K3L,艮塔东路（东二路-东一路),诸暨市,101,83,2025-03-03 20:20:01
1012312288YR7K67XR8CH,望江一路（浣东北路-江东路）,诸暨市,14,11,2025-03-03 20:20:01
10124013095H4QPBO8UF5,东兴路50弄,诸暨市,7,7,2025-03-03 20:20:01
1012312288YR7CTTSNVNL,苎萝东路（环城东路-东兴路）,诸暨市,86,57,2025-03-03 20:20:01
1012312288YR5B22720W1,大桥东路（江东路-五角广场）,诸暨市,58,38,2025-03-03 20:20:01
1012312288YR9376YUBK1,东旺路（东旺路150弄-苎萝东路）,诸暨市,18,6,2025-03-03 20:20:01
1012312288YR6IWIX5X4X,苎萝东路（东二环路-东旺路）,诸暨市,18,10,2025-03-03 20:20:01
1012312288YR57VMEIUBL,大桥东路（大桥东路9号-江东路）,诸暨市,34,20,2025-03-03 20:20:01
1012312288YR6EYGP1YWX,万风新世界（暨阳路-上庄路）,诸暨市,20,4,2025-03-03 20:20:01
1012312288YR9LAB60FEP,苎萝东路（东兴路-东安路）,诸暨市,45,30,2025-03-03 20:20:01
1012312288YR7HFKE4HKX,西施大街（浣纱中路-人民中路）,诸暨市,28,4,2025-03-03 20:20:01
1012312268YD5WN09GPVL,八一横路（暨阳路-无名路）,诸暨市,46,20,2025-03-03 20:20:01
1012312288YR5RTTNITC1,艮塔东路（江东路-高湖路）,诸暨市,39,24,2025-03-03 20:20:00
1012312288YR5NVRFEV41,东安路(东二路-苎萝东路),诸暨市,6,2,2025-03-03 20:20:00
1012312288YR7YF7Z1HXD,高湖路（望江二路-望江一路）,诸暨市,18,8,2025-03-03 20:20:00
1012312288YR85VK6CYKH,和济路（东祥路-东旺路）,诸暨市,90,89,2025-03-03 20:20:00
1012312288YRBP13VO9A9,江东路（望江二路-望江三路）,诸暨市,13,5,2025-03-03 20:20:00
1012312298YXHTPH9LYPT,东二路123弄（东旺路188弄-东二路）,诸暨市,61,36,2025-03-03 20:20:00
1019QKKS3RWOFEP,人防大厦停车场,诸暨市,48,47,2025-03-03 20:20:00
1012312288YR7N8PO2AYP,东一路68弄（东二路-东一路）,诸暨市,46,35,2025-03-03 20:20:00
1012312288YR825E2P88X,苎萝东路（东二环路-东福路),诸暨市,115,88,2025-03-03 20:20:00
1012312288YR9PO5N0TFL,苎萝东路（环城东路-东旺路）,诸暨市,54,37,2025-03-03 20:20:00
1012312288YR9HG704L4X,苎萝东路（东福路-东三环路）,诸暨市,107,107,2025-03-03 20:20:00
1012312288YRB62F6P9TT,浣纱南路（南兴路-南屏路）,诸暨市,60,36,2025-03-03 20:20:00
1012405049OQ8ZNVP3U2P,苎萝东路（东二环路-东旺路）1,诸暨市,29,9,2025-03-03 20:20:00
10124013095GY8GDKUBY9,艮塔东路（高湖路-暨东路）,诸暨市,16,13,2025-03-03 20:20:00
1012312288YR9VX35V2M9,苎萝东路（环城东路-东祥路）,诸暨市,17,8,2025-03-03 20:20:00
1012312288YR751NEO35T,东祥路（东二路-苎萝东路）,诸暨市,38,13,2025-03-03 20:20:00
1019Q6UK2GUCAV5,市民公园地下停车场,诸暨市,227,144,2025-03-03 20:20:00
1012312288YR8VUSTQYV5,东旺路182弄(康华大厦-东旺路),诸暨市,19,11,2025-03-03 20:20:00
1012312288YR5F42HE329,红旗路（人民中路-浣纱中路）,诸暨市,16,5,2025-03-03 20:20:00
1012401199375YC6OSJ5T,东三路（东二环路-东旺路）,诸暨市,121,59,2025-03-03 20:20:00
10124012093FZKG7Y8M4H,永昌南路（东一路-东二路）,诸暨市,63,47,2025-03-03 20:20:00
1012312288YR64NIVVNK1,浣纱中路（西施大街-大桥东路）,诸暨市,23,10,2025-03-03 20:20:00
1019S5R3X1SOHS1,一百淘宝城停车场,诸暨市,105,40,2025-03-03 20:20:00
1019N4FJ7J6DUYP,篮球场停车场,诸暨市,182,36,2025-03-03 20:11:14
1012312288YRBA0HET81T,江东路（大桥东路-望江一路）,诸暨市,10,4,2025-03-03 20:11:14
1012312288YRBWX8BW5Q9,望江二路（浣东北路-高湖路）,诸暨市,5,3,2025-03-03 20:11:14
1012312288YR3EFRI1BSX,滨江南路（滨江支路-浣东中路）,诸暨市,64,44,2025-03-03 20:11:14
1012312288YR3MBVY988X,东兴北路（江东路-福门路）,诸暨市,19,15,2025-03-03 20:11:14
1019REU2R6D37Y9,城东公园地下停车场,诸暨市,601,336,2025-03-03 20:11:14
1012312288YRB24CYLBLT,浣纱南路（苎萝路-南兴路）,诸暨市,19,15,2025-03-03 20:11:14
1012312298YXIJSNZ82YP,东二路129弄（东一路88弄-东二路123弄）,诸暨市,10,10,2025-03-03 20:11:14
1012312288YR5XYT44YKH,艮塔东路（苎萝东路-东二路）,诸暨市,142,102,2025-03-03 20:11:14
1012312288YR5JPT2UOZL,东兴路（苎萝东路-东二路）,诸暨市,62,42,2025-03-03 20:11:14
1012312288YR53DTVACCH,滨江南路（西施大街-滨江支路）,诸暨市,33,28,2025-03-03 20:11:13
1012312288YRADOD6CUM9,南兴路（南庠路-人民南路）,诸暨市,25,25,2025-03-03 20:11:13
1012312288YR68DOZJDVL,体育路（体育路二弄-红旗路）,诸暨市,12,7,2025-03-03 20:11:13
1019PDPET4GWE81,市民公园北面停车场,诸暨市,14,8,2025-03-03 20:11:13
1012312288YRC2EJF5N9D,望江三路（浣东北路-高湖路）,诸暨市,11,4,2025-03-03 20:11:13
1019MAR69WRHHXD,西子公寓停车场,诸暨市,91,82,2025-03-03 20:11:13
1012312268YDHM7XGW3Y9,艮塔东路（滨江北路-江东路),诸暨市,33,18,2025-03-03 20:11:13
1012312288YR3IHRSDDZ5,滨江南路（大桥东路-西施大街）,诸暨市,13,10,2025-03-03 20:11:13
1012312288YRBZRTXR0G1,望江三路（高湖路-江东路）,诸暨市,15,14,2025-03-03 20:11:13
1012312288YRBLMRYOUTD,江东路（望江一路-望江二路）,诸暨市,18,9,2025-03-03 20:11:13
1012312298YXGS3Y2CBNL,东旺路188弄（东旺路-东二环路）,诸暨市,10,5,2025-03-03 20:11:13
1012312288YR9ABOZHGCH,东二路（东旺路-东二环路）,诸暨市,47,26,2025-03-03 20:11:13
1012312288YR6SFUARGU9,东祥路19弄（东祥路-环城东路）,诸暨市,12,3,2025-03-03 20:11:13
1012312288YR61OZ7SOW1,浣纱中路（南屏路-西施大街）,诸暨市,14,8,2025-03-03 20:11:13
1019PDAS7RIP7GH,市民公园东北面停车场,诸暨市,27,13,2025-03-03 20:11:13
1012312288YR5UKH75K3L,艮塔东路（东二路-东一路),诸暨市,101,83,2025-03-03 20:11:13
1012312288YR89HS7SKXT,东旺路（东旺路150弄-东二路）,诸暨市,18,2,2025-03-03 20:11:13
1012312288YRAV3T06ARL,滨江中路（望江三路-望江二路）,诸暨市,30,23,2025-03-03 20:11:13
1012312268YD5WN09GPVL,八一横路（暨阳路-无名路）,诸暨市,46,20,2025-03-03 20:11:13
1012312288YR9D2CJ4741,东二路（东祥路-环城东路）,诸暨市,25,11,2025-03-03 20:11:13
10124013095H4QPBO8UF5,东兴路50弄,诸暨市,7,7,2025-03-03 20:11:13
1012312288YR6EYGP1YWX,万风新世界（暨阳路-上庄路）,诸暨市,20,4,2025-03-03 20:11:13
1012312288YR9LAB60FEP,苎萝东路（东兴路-东安路）,诸暨市,45,29,2025-03-03 20:11:13
1012312288YR5B22720W1,大桥东路（江东路-五角广场）,诸暨市,58,37,2025-03-03 20:11:13
1012312288YR7HFKE4HKX,西施大街（浣纱中路-人民中路）,诸暨市,28,4,2025-03-03 20:11:13
1012312288YR8IX5J60OX,东旺路218弄（东旺路-融媒体中心）,诸暨市,29,18,2025-03-03 20:11:13
10124013095HHCMD4CC1T,艮塔东路（交通银行）,诸暨市,35,30,2025-03-03 20:11:13
1012312288YR9376YUBK1,东旺路（东旺路150弄-苎萝东路）,诸暨市,18,7,2025-03-03 20:11:13
1019B4Y82CZPJ41,诸暨浣东中路停车场,诸暨市,37,31,2025-03-03 20:11:13
1012405079PB3TJY248W1,东三路（应山公园-东旺路）,诸暨市,44,41,2025-03-03 20:11:13
1012312288YR6C3V37475,体育路（体育路-大桥东路）,诸暨市,8,4,2025-03-03 20:11:13
1012312298YXIV34CFDVL,东一路82弄（东二路123弄-东二路）,诸暨市,6,6,2025-03-03 20:11:13
1019SEVYY7X0W75,十里牌停车场,诸暨市,69,69,2025-03-03 20:11:13
1019PRTQD59LIWX,永乐路停车场,诸暨市,91,55,2025-03-03 20:11:13
1012312288YRBEU44Q1VL,滨江中路（艮塔东路-望江三路）,诸暨市,25,12,2025-03-03 20:11:13
1019JVX01UVMSCH,幸福家园停车场,诸暨市,72,10,2025-03-03 20:11:13
1012312288YR8GIC67LS1,东旺路218弄(东旺路206弄-融媒体中心）,诸暨市,22,16,2025-03-03 20:11:13
1012312288YR7V8S6IBCX,东一路88弄（东一路82弄-东一路）,诸暨市,27,20,2025-03-03 20:11:13
1012312288YR57VMEIUBL,大桥东路（大桥东路9号-江东路）,诸暨市,34,18,2025-03-03 20:11:13
1012312288YR7CTTSNVNL,苎萝东路（环城东路-东兴路）,诸暨市,86,60,2025-03-03 20:11:13
1012312288YRC518WKA2P,望江三路（江东路-滨江中路）,诸暨市,5,2,2025-03-03 20:11:13
1012312288YRAJXAP73SX,滨江中路（望江二路-大桥东路）,诸暨市,45,32,2025-03-03 20:11:13
1012312288YR6IWIX5X4X,苎萝东路（东二环路-东旺路）,诸暨市,18,8,2025-03-03 20:11:13
1012312288YR8ZSV1UX35,东旺路150弄（东二环路-东旺路）,诸暨市,88,47,2025-03-03 20:11:13
1012312288YRBS7JO7FUP,望江二路（高湖路-江东路）,诸暨市,10,6,2025-03-03 20:11:13
1012312288YRBI4HZHCE9,江东路（西施大街-大桥东路）,诸暨市,6,1,2025-03-03 20:11:13
1012312288YR7K67XR8CH,望江一路（浣东北路-江东路）,诸暨市,14,11,2025-03-03 20:11:13
1012312288YRAXUGJT1J5,浣纱北路（大桥路-艮塔路）,诸暨市,59,32,2025-03-03 20:11:13
1012405049OQ8ZNVP3U2P,苎萝东路（东二环路-东旺路）1,诸暨市,29,9,2025-03-03 20:11:12
1012312288YR9PO5N0TFL,苎萝东路（环城东路-东旺路）,诸暨市,54,37,2025-03-03 20:11:12
1012312288YR5RTTNITC1,艮塔东路（江东路-高湖路）,诸暨市,39,24,2025-03-03 20:11:12
1012312288YR9HG704L4X,苎萝东路（东福路-东三环路）,诸暨市,107,107,2025-03-03 20:11:12
10124012093FZKG7Y8M4H,永昌南路（东一路-东二路）,诸暨市,63,49,2025-03-03 20:11:12
1012312298YXHTPH9LYPT,东二路123弄（东旺路188弄-东二路）,诸暨市,61,35,2025-03-03 20:11:12
1012312288YR7N8PO2AYP,东一路68弄（东二路-东一路）,诸暨市,46,35,2025-03-03 20:11:12
1019Q6UK2GUCAV5,市民公园地下停车场,诸暨市,227,143,2025-03-03 20:11:12
1019QKKS3RWOFEP,人防大厦停车场,诸暨市,48,47,2025-03-03 20:11:12
1012312288YR9VX35V2M9,苎萝东路（环城东路-东祥路）,诸暨市,17,9,2025-03-03 20:11:12
1012312288YR8VUSTQYV5,东旺路182弄(康华大厦-东旺路),诸暨市,19,11,2025-03-03 20:11:12
1012312288YRB62F6P9TT,浣纱南路（南兴路-南屏路）,诸暨市,60,39,2025-03-03 20:11:12
1012312288YR5NVRFEV41,东安路(东二路-苎萝东路),诸暨市,6,3,2025-03-03 20:11:12
1012312288YR751NEO35T,东祥路（东二路-苎萝东路）,诸暨市,38,14,2025-03-03 20:11:12
1012312288YR64NIVVNK1,浣纱中路（西施大街-大桥东路）,诸暨市,23,12,2025-03-03 20:11:12
1012312288YR7YF7Z1HXD,高湖路（望江二路-望江一路）,诸暨市,18,8,2025-03-03 20:11:12
1012401199375YC6OSJ5T,东三路（东二环路-东旺路）,诸暨市,121,57,2025-03-03 20:11:12
10124013095GY8GDKUBY9,艮塔东路（高湖路-暨东路）,诸暨市,16,13,2025-03-03 20:11:12
1012312288YR79Z86T0XT,暨东路70弄（东一路-东旺路218弄）,诸暨市,32,22,2025-03-03 20:11:12
1012312288YRBP13VO9A9,江东路（望江二路-望江三路）,诸暨市,13,7,2025-03-03 20:11:12
1012312288YR85VK6CYKH,和济路（东祥路-东旺路）,诸暨市,90,89,2025-03-03 20:11:12
1012312288YR5F42HE329,红旗路（人民中路-浣纱中路）,诸暨市,16,4,2025-03-03 20:11:12
1012312288YR825E2P88X,苎萝东路（东二环路-东福路),诸暨市,115,90,2025-03-03 20:11:12
1019S5R3X1SOHS1,一百淘宝城停车场,诸暨市,105,40,2025-03-03 20:11:12
1019N4FJ7J6DUYP,篮球场停车场,诸暨市,182,36,2025-03-03 20:01:18
1012312288YR3MBVY988X,东兴北路（江东路-福门路）,诸暨市,19,13,2025-03-03 20:01:18
1012312298YXIJSNZ82YP,东二路129弄（东一路88弄-东二路123弄）,诸暨市,10,10,2025-03-03 20:01:18
1012312288YRB24CYLBLT,浣纱南路（苎萝路-南兴路）,诸暨市,19,14,2025-03-03 20:01:18
1012312288YR3EFRI1BSX,滨江南路（滨江支路-浣东中路）,诸暨市,64,43,2025-03-03 20:01:18
1019REU2R6D37Y9,城东公园地下停车场,诸暨市,601,336,2025-03-03 20:01:18
1012312288YR5XYT44YKH,艮塔东路（苎萝东路-东二路）,诸暨市,142,107,2025-03-03 20:01:18
1012312288YRBWX8BW5Q9,望江二路（浣东北路-高湖路）,诸暨市,5,1,2025-03-03 20:01:18
1012312288YR5JPT2UOZL,东兴路（苎萝东路-东二路）,诸暨市,62,43,2025-03-03 20:01:18
1012312288YRBA0HET81T,江东路（大桥东路-望江一路）,诸暨市,10,4,2025-03-03 20:01:18
1012312288YR6C3V37475,体育路（体育路-大桥东路）,诸暨市,8,4,2025-03-03 20:01:17
1012312268YDHM7XGW3Y9,艮塔东路（滨江北路-江东路),诸暨市,33,19,2025-03-03 20:01:17
1012312288YR9ABOZHGCH,东二路（东旺路-东二环路）,诸暨市,47,28,2025-03-03 20:01:17
1012312288YRBI4HZHCE9,江东路（西施大街-大桥东路）,诸暨市,6,2,2025-03-03 20:01:17
1019PRTQD59LIWX,永乐路停车场,诸暨市,91,55,2025-03-03 20:01:17
10124013095HHCMD4CC1T,艮塔东路（交通银行）,诸暨市,35,30,2025-03-03 20:01:17
1012312288YR89HS7SKXT,东旺路（东旺路150弄-东二路）,诸暨市,18,4,2025-03-03 20:01:17
1012312288YRBLMRYOUTD,江东路（望江一路-望江二路）,诸暨市,18,11,2025-03-03 20:01:17
1012312288YR61OZ7SOW1,浣纱中路（南屏路-西施大街）,诸暨市,14,9,2025-03-03 20:01:17
1019SEVYY7X0W75,十里牌停车场,诸暨市,69,69,2025-03-03 20:01:17
1019B4Y82CZPJ41,诸暨浣东中路停车场,诸暨市,37,30,2025-03-03 20:01:17
1019PDPET4GWE81,市民公园北面停车场,诸暨市,14,8,2025-03-03 20:01:17
1012312288YRAV3T06ARL,滨江中路（望江三路-望江二路）,诸暨市,30,23,2025-03-03 20:01:17
1012312268YD5WN09GPVL,八一横路（暨阳路-无名路）,诸暨市,46,20,2025-03-03 20:01:17
1012312298YXGS3Y2CBNL,东旺路188弄（东旺路-东二环路）,诸暨市,10,5,2025-03-03 20:01:17
1012312288YR3IHRSDDZ5,滨江南路（大桥东路-西施大街）,诸暨市,13,10,2025-03-03 20:01:17
10124013095H4QPBO8UF5,东兴路50弄,诸暨市,7,7,2025-03-03 20:01:17
1012312288YR9D2CJ4741,东二路（东祥路-环城东路）,诸暨市,25,13,2025-03-03 20:01:17
1019JVX01UVMSCH,幸福家园停车场,诸暨市,72,10,2025-03-03 20:01:17
1012312288YRBS7JO7FUP,望江二路（高湖路-江东路）,诸暨市,10,7,2025-03-03 20:01:17
1012312288YR57VMEIUBL,大桥东路（大桥东路9号-江东路）,诸暨市,34,17,2025-03-03 20:01:17
1012312288YR7V8S6IBCX,东一路88弄（东一路82弄-东一路）,诸暨市,27,20,2025-03-03 20:01:17
1019PDAS7RIP7GH,市民公园东北面停车场,诸暨市,27,13,2025-03-03 20:01:17
1012312288YRAXUGJT1J5,浣纱北路（大桥路-艮塔路）,诸暨市,59,29,2025-03-03 20:01:17
1012312288YRBZRTXR0G1,望江三路（高湖路-江东路）,诸暨市,15,14,2025-03-03 20:01:17
1012312288YRC2EJF5N9D,望江三路（浣东北路-高湖路）,诸暨市,11,4,2025-03-03 20:01:17
1012312288YR6IWIX5X4X,苎萝东路（东二环路-东旺路）,诸暨市,18,8,2025-03-03 20:01:17
1012312288YR8ZSV1UX35,东旺路150弄（东二环路-东旺路）,诸暨市,88,46,2025-03-03 20:01:17
1012312298YXIV34CFDVL,东一路82弄（东二路123弄-东二路）,诸暨市,6,6,2025-03-03 20:01:17
1012312288YR5B22720W1,大桥东路（江东路-五角广场）,诸暨市,58,36,2025-03-03 20:01:17
1012312288YR8GIC67LS1,东旺路218弄(东旺路206弄-融媒体中心）,诸暨市,22,16,2025-03-03 20:01:17
1012312288YR68DOZJDVL,体育路（体育路二弄-红旗路）,诸暨市,12,7,2025-03-03 20:01:17
1012405079PB3TJY248W1,东三路（应山公园-东旺路）,诸暨市,44,42,2025-03-03 20:01:17
1012312288YR6SFUARGU9,东祥路19弄（东祥路-环城东路）,诸暨市,12,3,2025-03-03 20:01:17
1012312288YR6EYGP1YWX,万风新世界（暨阳路-上庄路）,诸暨市,20,4,2025-03-03 20:01:17
1012312288YR9LAB60FEP,苎萝东路（东兴路-东安路）,诸暨市,45,31,2025-03-03 20:01:17
1012312288YR7HFKE4HKX,西施大街（浣纱中路-人民中路）,诸暨市,28,3,2025-03-03 20:01:17
1012312288YR9376YUBK1,东旺路（东旺路150弄-苎萝东路）,诸暨市,18,8,2025-03-03 20:01:17
1012312288YRAJXAP73SX,滨江中路（望江二路-大桥东路）,诸暨市,45,33,2025-03-03 20:01:17
1012312288YR5UKH75K3L,艮塔东路（东二路-东一路),诸暨市,101,81,2025-03-03 20:01:17
1019MAR69WRHHXD,西子公寓停车场,诸暨市,91,81,2025-03-03 20:01:17
1012312288YR8IX5J60OX,东旺路218弄（东旺路-融媒体中心）,诸暨市,29,18,2025-03-03 20:01:17
1012312288YRB62F6P9TT,浣纱南路（南兴路-南屏路）,诸暨市,60,35,2025-03-03 20:01:16
1012312298YXHTPH9LYPT,东二路123弄（东旺路188弄-东二路）,诸暨市,61,37,2025-03-03 20:01:16
1012312288YR53DTVACCH,滨江南路（西施大街-滨江支路）,诸暨市,33,29,2025-03-03 20:01:16
1012312288YR7K67XR8CH,望江一路（浣东北路-江东路）,诸暨市,14,10,2025-03-03 20:01:16
1012312288YR85VK6CYKH,和济路（东祥路-东旺路）,诸暨市,90,89,2025-03-03 20:01:16
1012312288YRC518WKA2P,望江三路（江东路-滨江中路）,诸暨市,5,2,2025-03-03 20:01:16
1012312288YRADOD6CUM9,南兴路（南庠路-人民南路）,诸暨市,25,25,2025-03-03 20:01:16
10124013095GY8GDKUBY9,艮塔东路（高湖路-暨东路）,诸暨市,16,12,2025-03-03 20:01:16
1012401199375YC6OSJ5T,东三路（东二环路-东旺路）,诸暨市,121,54,2025-03-03 20:01:16
1012312288YR7YF7Z1HXD,高湖路（望江二路-望江一路）,诸暨市,18,7,2025-03-03 20:01:16
1012312288YR5F42HE329,红旗路（人民中路-浣纱中路）,诸暨市,16,6,2025-03-03 20:01:16
1012312288YR9VX35V2M9,苎萝东路（环城东路-东祥路）,诸暨市,17,7,2025-03-03 20:01:16
1012312288YR825E2P88X,苎萝东路（东二环路-东福路),诸暨市,115,93,2025-03-03 20:01:16
1012405049OQ8ZNVP3U2P,苎萝东路（东二环路-东旺路）1,诸暨市,29,10,2025-03-03 20:01:16
1012312288YR751NEO35T,东祥路（东二路-苎萝东路）,诸暨市,38,14,2025-03-03 20:01:16
1019QKKS3RWOFEP,人防大厦停车场,诸暨市,48,46,2025-03-03 20:01:16
1012312288YR64NIVVNK1,浣纱中路（西施大街-大桥东路）,诸暨市,23,14,2025-03-03 20:01:16
1012312288YR5NVRFEV41,东安路(东二路-苎萝东路),诸暨市,6,2,2025-03-03 20:01:16
1012312288YR9PO5N0TFL,苎萝东路（环城东路-东旺路）,诸暨市,54,32,2025-03-03 20:01:16
1012312288YR79Z86T0XT,暨东路70弄（东一路-东旺路218弄）,诸暨市,32,22,2025-03-03 20:01:16
1012312288YR7CTTSNVNL,苎萝东路（环城东路-东兴路）,诸暨市,86,59,2025-03-03 20:01:16
1012312288YRBEU44Q1VL,滨江中路（艮塔东路-望江三路）,诸暨市,25,11,2025-03-03 20:01:16
1012312288YR5RTTNITC1,艮塔东路（江东路-高湖路）,诸暨市,39,27,2025-03-03 20:01:16
10124012093FZKG7Y8M4H,永昌南路（东一路-东二路）,诸暨市,63,48,2025-03-03 20:01:16
1019Q6UK2GUCAV5,市民公园地下停车场,诸暨市,227,143,2025-03-03 20:01:16
1019S5R3X1SOHS1,一百淘宝城停车场,诸暨市,105,40,2025-03-03 20:01:16
1012312288YR9HG704L4X,苎萝东路（东福路-东三环路）,诸暨市,107,107,2025-03-03 20:01:16
1012312288YRBP13VO9A9,江东路（望江二路-望江三路）,诸暨市,13,9,2025-03-03 20:01:16
1012312288YR8VUSTQYV5,东旺路182弄(康华大厦-东旺路),诸暨市,19,11,2025-03-03 20:01:16
1012312288YR7N8PO2AYP,东一路68弄（东二路-东一路）,诸暨市,46,35,2025-03-03 20:01:16
1019PRTQD59LIWX,永乐路停车场,诸暨市,91,55,2025-03-03 19:51:14
1012312288YR7V8S6IBCX,东一路88弄（东一路82弄-东一路）,诸暨市,27,20,2025-03-03 19:51:14
1012312288YRBLMRYOUTD,江东路（望江一路-望江二路）,诸暨市,18,11,2025-03-03 19:51:14
1019B4Y82CZPJ41,诸暨浣东中路停车场,诸暨市,37,29,2025-03-03 19:51:14
1019REU2R6D37Y9,城东公园地下停车场,诸暨市,601,336,2025-03-03 19:51:14
1019PDPET4GWE81,市民公园北面停车场,诸暨市,14,8,2025-03-03 19:51:14
1012312288YR6SFUARGU9,东祥路19弄（东祥路-环城东路）,诸暨市,12,4,2025-03-03 19:51:14
1012312288YR68DOZJDVL,体育路（体育路二弄-红旗路）,诸暨市,12,6,2025-03-03 19:51:14
1012312298YXIJSNZ82YP,东二路129弄（东一路88弄-东二路123弄）,诸暨市,10,10,2025-03-03 19:51:14
1012312288YRBWX8BW5Q9,望江二路（浣东北路-高湖路）,诸暨市,5,1,2025-03-03 19:51:14
1012312288YR9D2CJ4741,东二路（东祥路-环城东路）,诸暨市,25,13,2025-03-03 19:51:14
1012312288YR89HS7SKXT,东旺路（东旺路150弄-东二路）,诸暨市,18,6,2025-03-03 19:51:14
1012312288YR3EFRI1BSX,滨江南路（滨江支路-浣东中路）,诸暨市,64,43,2025-03-03 19:51:14
1012312288YR3IHRSDDZ5,滨江南路（大桥东路-西施大街）,诸暨市,13,10,2025-03-03 19:51:14
1012312288YRBA0HET81T,江东路（大桥东路-望江一路）,诸暨市,10,4,2025-03-03 19:51:14
1012312288YR5UKH75K3L,艮塔东路（东二路-东一路),诸暨市,101,80,2025-03-03 19:51:14
1012312298YXIV34CFDVL,东一路82弄（东二路123弄-东二路）,诸暨市,6,6,2025-03-03 19:51:14
1012312268YDHM7XGW3Y9,艮塔东路（滨江北路-江东路),诸暨市,33,20,2025-03-03 19:51:14
1012312288YR6EYGP1YWX,万风新世界（暨阳路-上庄路）,诸暨市,20,4,2025-03-03 19:51:14
1012312288YR9LAB60FEP,苎萝东路（东兴路-东安路）,诸暨市,45,30,2025-03-03 19:51:14
1012312288YR6C3V37475,体育路（体育路-大桥东路）,诸暨市,8,4,2025-03-03 19:51:14
1012312288YRBS7JO7FUP,望江二路（高湖路-江东路）,诸暨市,10,7,2025-03-03 19:51:14
1012312288YR5XYT44YKH,艮塔东路（苎萝东路-东二路）,诸暨市,142,109,2025-03-03 19:51:14
1019N4FJ7J6DUYP,篮球场停车场,诸暨市,182,36,2025-03-03 19:51:14
1012312288YRBI4HZHCE9,江东路（西施大街-大桥东路）,诸暨市,6,1,2025-03-03 19:51:14
1012312288YR61OZ7SOW1,浣纱中路（南屏路-西施大街）,诸暨市,14,9,2025-03-03 19:51:14
1019JVX01UVMSCH,幸福家园停车场,诸暨市,72,9,2025-03-03 19:51:14
1012312288YR3MBVY988X,东兴北路（江东路-福门路）,诸暨市,19,15,2025-03-03 19:51:14
1012312288YRC2EJF5N9D,望江三路（浣东北路-高湖路）,诸暨市,11,4,2025-03-03 19:51:14
1019MAR69WRHHXD,西子公寓停车场,诸暨市,91,81,2025-03-03 19:51:14
1012312288YR5JPT2UOZL,东兴路（苎萝东路-东二路）,诸暨市,62,43,2025-03-03 19:51:14
1012312288YRB24CYLBLT,浣纱南路（苎萝路-南兴路）,诸暨市,19,15,2025-03-03 19:51:14
1012405079PB3TJY248W1,东三路（应山公园-东旺路）,诸暨市,44,42,2025-03-03 19:51:14
1012312288YRBP13VO9A9,江东路（望江二路-望江三路）,诸暨市,13,8,2025-03-03 19:51:13
1012312288YR7CTTSNVNL,苎萝东路（环城东路-东兴路）,诸暨市,86,60,2025-03-03 19:51:13
1012312288YR5RTTNITC1,艮塔东路（江东路-高湖路）,诸暨市,39,26,2025-03-03 19:51:13
1012312288YR825E2P88X,苎萝东路（东二环路-东福路),诸暨市,115,92,2025-03-03 19:51:13
1012312288YR7HFKE4HKX,西施大街（浣纱中路-人民中路）,诸暨市,28,4,2025-03-03 19:51:13
1012312288YR57VMEIUBL,大桥东路（大桥东路9号-江东路）,诸暨市,34,17,2025-03-03 19:51:13
1019S5R3X1SOHS1,一百淘宝城停车场,诸暨市,105,40,2025-03-03 19:51:13
1012312288YR5NVRFEV41,东安路(东二路-苎萝东路),诸暨市,6,3,2025-03-03 19:51:13
1012312288YR9VX35V2M9,苎萝东路（环城东路-东祥路）,诸暨市,17,5,2025-03-03 19:51:13
1012312288YRAXUGJT1J5,浣纱北路（大桥路-艮塔路）,诸暨市,59,27,2025-03-03 19:51:13
1012312288YR7YF7Z1HXD,高湖路（望江二路-望江一路）,诸暨市,18,7,2025-03-03 19:51:13
1019SEVYY7X0W75,十里牌停车场,诸暨市,69,69,2025-03-03 19:51:13
1012312288YRBZRTXR0G1,望江三路（高湖路-江东路）,诸暨市,15,14,2025-03-03 19:51:13
1012312288YRB62F6P9TT,浣纱南路（南兴路-南屏路）,诸暨市,60,35,2025-03-03 19:51:13
1012312288YRAJXAP73SX,滨江中路（望江二路-大桥东路）,诸暨市,45,33,2025-03-03 19:51:13
1012312298YXHTPH9LYPT,东二路123弄（东旺路188弄-东二路）,诸暨市,61,36,2025-03-03 19:51:13
1012312288YR8IX5J60OX,东旺路218弄（东旺路-融媒体中心）,诸暨市,29,18,2025-03-03 19:51:13
1019PDAS7RIP7GH,市民公园东北面停车场,诸暨市,27,13,2025-03-03 19:51:13
1019Q6UK2GUCAV5,市民公园地下停车场,诸暨市,227,143,2025-03-03 19:51:13
1019QKKS3RWOFEP,人防大厦停车场,诸暨市,48,46,2025-03-03 19:51:13
1012312288YR751NEO35T,东祥路（东二路-苎萝东路）,诸暨市,38,12,2025-03-03 19:51:13
1012312298YXGS3Y2CBNL,东旺路188弄（东旺路-东二环路）,诸暨市,10,4,2025-03-03 19:51:13
1012312288YR9PO5N0TFL,苎萝东路（环城东路-东旺路）,诸暨市,54,32,2025-03-03 19:51:13
10124012093FZKG7Y8M4H,永昌南路（东一路-东二路）,诸暨市,63,49,2025-03-03 19:51:13
1012312288YR64NIVVNK1,浣纱中路（西施大街-大桥东路）,诸暨市,23,13,2025-03-03 19:51:13
1012312288YR5B22720W1,大桥东路（江东路-五角广场）,诸暨市,58,35,2025-03-03 19:51:13
1012312288YR85VK6CYKH,和济路（东祥路-东旺路）,诸暨市,90,89,2025-03-03 19:51:13
1012312288YR53DTVACCH,滨江南路（西施大街-滨江支路）,诸暨市,33,29,2025-03-03 19:51:13
1012312288YRBEU44Q1VL,滨江中路（艮塔东路-望江三路）,诸暨市,25,8,2025-03-03 19:51:13
1012312268YD5WN09GPVL,八一横路（暨阳路-无名路）,诸暨市,46,20,2025-03-03 19:51:13
1012312288YR8GIC67LS1,东旺路218弄(东旺路206弄-融媒体中心）,诸暨市,22,16,2025-03-03 19:51:13
1012401199375YC6OSJ5T,东三路（东二环路-东旺路）,诸暨市,121,59,2025-03-03 19:51:13
1012312288YR8ZSV1UX35,东旺路150弄（东二环路-东旺路）,诸暨市,88,43,2025-03-03 19:51:13
10124013095H4QPBO8UF5,东兴路50弄,诸暨市,7,7,2025-03-03 19:51:13
1012312288YR8VUSTQYV5,东旺路182弄(康华大厦-东旺路),诸暨市,19,10,2025-03-03 19:51:13
10124013095GY8GDKUBY9,艮塔东路（高湖路-暨东路）,诸暨市,16,13,2025-03-03 19:51:13
1012312288YR7N8PO2AYP,东一路68弄（东二路-东一路）,诸暨市,46,34,2025-03-03 19:51:13
1012312288YR9ABOZHGCH,东二路（东旺路-东二环路）,诸暨市,47,29,2025-03-03 19:51:13
1012312288YRAV3T06ARL,滨江中路（望江三路-望江二路）,诸暨市,30,22,2025-03-03 19:51:13
1012312288YRADOD6CUM9,南兴路（南庠路-人民南路）,诸暨市,25,25,2025-03-03 19:51:13
1012312288YR6IWIX5X4X,苎萝东路（东二环路-东旺路）,诸暨市,18,8,2025-03-03 19:51:13
1012312288YR9HG704L4X,苎萝东路（东福路-东三环路）,诸暨市,107,107,2025-03-03 19:51:13
1012312288YR7K67XR8CH,望江一路（浣东北路-江东路）,诸暨市,14,10,2025-03-03 19:51:13
10124013095HHCMD4CC1T,艮塔东路（交通银行）,诸暨市,35,29,2025-03-03 19:51:13
1012312288YR79Z86T0XT,暨东路70弄（东一路-东旺路218弄）,诸暨市,32,22,2025-03-03 19:51:13
1012312288YRC518WKA2P,望江三路（江东路-滨江中路）,诸暨市,5,1,2025-03-03 19:51:13
1012312288YR9376YUBK1,东旺路（东旺路150弄-苎萝东路）,诸暨市,18,8,2025-03-03 19:51:13
1012312288YR5F42HE329,红旗路（人民中路-浣纱中路）,诸暨市,16,6,2025-03-03 19:51:13
1012405049OQ8ZNVP3U2P,苎萝东路（东二环路-东旺路）1,诸暨市,29,10,2025-03-03 19:51:13
1012312268YDHM7XGW3Y9,艮塔东路（滨江北路-江东路),诸暨市,33,20,2025-03-03 19:40:01
1019N4FJ7J6DUYP,篮球场停车场,诸暨市,182,36,2025-03-03 19:40:01
1012405079PB3TJY248W1,东三路（应山公园-东旺路）,诸暨市,44,42,2025-03-03 19:40:01
1019REU2R6D37Y9,城东公园地下停车场,诸暨市,601,336,2025-03-03 19:40:01
1012312288YR9D2CJ4741,东二路（东祥路-环城东路）,诸暨市,25,12,2025-03-03 19:40:01
1012312288YRBS7JO7FUP,望江二路（高湖路-江东路）,诸暨市,10,9,2025-03-03 19:40:01
1012312288YRBWX8BW5Q9,望江二路（浣东北路-高湖路）,诸暨市,5,1,2025-03-03 19:40:01
1019MAR69WRHHXD,西子公寓停车场,诸暨市,91,81,2025-03-03 19:40:01
1012312298YXIV34CFDVL,东一路82弄（东二路123弄-东二路）,诸暨市,6,6,2025-03-03 19:40:01
1012312298YXIJSNZ82YP,东二路129弄（东一路88弄-东二路123弄）,诸暨市,10,10,2025-03-03 19:40:01
1012312288YRBA0HET81T,江东路（大桥东路-望江一路）,诸暨市,10,4,2025-03-03 19:40:01
1012312288YR3IHRSDDZ5,滨江南路（大桥东路-西施大街）,诸暨市,13,9,2025-03-03 19:40:01
1012312288YR9LAB60FEP,苎萝东路（东兴路-东安路）,诸暨市,45,32,2025-03-03 19:40:01
1012312288YR89HS7SKXT,东旺路（东旺路150弄-东二路）,诸暨市,18,6,2025-03-03 19:40:01
1012312288YR5UKH75K3L,艮塔东路（东二路-东一路),诸暨市,101,78,2025-03-03 19:40:01
1012312288YR68DOZJDVL,体育路（体育路二弄-红旗路）,诸暨市,12,9,2025-03-03 19:40:01
1019PRTQD59LIWX,永乐路停车场,诸暨市,91,55,2025-03-03 19:40:01
1012312288YR6SFUARGU9,东祥路19弄（东祥路-环城东路）,诸暨市,12,4,2025-03-03 19:40:01
1019PDPET4GWE81,市民公园北面停车场,诸暨市,14,8,2025-03-03 19:40:01
1019B4Y82CZPJ41,诸暨浣东中路停车场,诸暨市,37,29,2025-03-03 19:40:01
1012312288YR6C3V37475,体育路（体育路-大桥东路）,诸暨市,8,3,2025-03-03 19:40:01
1012312288YRBI4HZHCE9,江东路（西施大街-大桥东路）,诸暨市,6,2,2025-03-03 19:40:01
1019JVX01UVMSCH,幸福家园停车场,诸暨市,72,9,2025-03-03 19:40:01
1012312288YR61OZ7SOW1,浣纱中路（南屏路-西施大街）,诸暨市,14,10,2025-03-03 19:40:01
1012312288YR3EFRI1BSX,滨江南路（滨江支路-浣东中路）,诸暨市,64,43,2025-03-03 19:40:01
1012312288YRBLMRYOUTD,江东路（望江一路-望江二路）,诸暨市,18,9,2025-03-03 19:40:01
1012312288YR5XYT44YKH,艮塔东路（苎萝东路-东二路）,诸暨市,142,110,2025-03-03 19:40:01
1012312288YR5JPT2UOZL,东兴路（苎萝东路-东二路）,诸暨市,62,40,2025-03-03 19:40:01
1012312288YRC2EJF5N9D,望江三路（浣东北路-高湖路）,诸暨市,11,3,2025-03-03 19:40:01
1012312288YR6EYGP1YWX,万风新世界（暨阳路-上庄路）,诸暨市,20,5,2025-03-03 19:40:01
1012312288YRAV3T06ARL,滨江中路（望江三路-望江二路）,诸暨市,30,22,2025-03-03 19:40:01
1012312288YR7V8S6IBCX,东一路88弄（东一路82弄-东一路）,诸暨市,27,20,2025-03-03 19:40:01
1012312288YRB24CYLBLT,浣纱南路（苎萝路-南兴路）,诸暨市,19,16,2025-03-03 19:40:01
1012312288YR3MBVY988X,东兴北路（江东路-福门路）,诸暨市,19,13,2025-03-03 19:40:01
1012312288YR85VK6CYKH,和济路（东祥路-东旺路）,诸暨市,90,89,2025-03-03 19:40:00
10124013095GY8GDKUBY9,艮塔东路（高湖路-暨东路）,诸暨市,16,14,2025-03-03 19:40:00
1012312268YD5WN09GPVL,八一横路（暨阳路-无名路）,诸暨市,46,15,2025-03-03 19:40:00
1012312288YR751NEO35T,东祥路（东二路-苎萝东路）,诸暨市,38,10,2025-03-03 19:40:00
1012312288YR64NIVVNK1,浣纱中路（西施大街-大桥东路）,诸暨市,23,10,2025-03-03 19:40:00
10124012093FZKG7Y8M4H,永昌南路（东一路-东二路）,诸暨市,63,43,2025-03-03 19:40:00
1012312288YR5NVRFEV41,东安路(东二路-苎萝东路),诸暨市,6,3,2025-03-03 19:40:00
1012312288YR7K67XR8CH,望江一路（浣东北路-江东路）,诸暨市,14,10,2025-03-03 19:40:00
10124013095H4QPBO8UF5,东兴路50弄,诸暨市,7,7,2025-03-03 19:40:00
1019S5R3X1SOHS1,一百淘宝城停车场,诸暨市,105,40,2025-03-03 19:40:00
1012312298YXHTPH9LYPT,东二路123弄（东旺路188弄-东二路）,诸暨市,61,35,2025-03-03 19:40:00
1012312288YRAJXAP73SX,滨江中路（望江二路-大桥东路）,诸暨市,45,30,2025-03-03 19:40:00
1012312288YR53DTVACCH,滨江南路（西施大街-滨江支路）,诸暨市,33,28,2025-03-03 19:40:00
1012312298YXGS3Y2CBNL,东旺路188弄（东旺路-东二环路）,诸暨市,10,4,2025-03-03 19:40:00
1012312288YR7N8PO2AYP,东一路68弄（东二路-东一路）,诸暨市,46,35,2025-03-03 19:40:00
1012312288YRBEU44Q1VL,滨江中路（艮塔东路-望江三路）,诸暨市,25,9,2025-03-03 19:40:00
1012312288YRADOD6CUM9,南兴路（南庠路-人民南路）,诸暨市,25,25,2025-03-03 19:40:00
10124013095HHCMD4CC1T,艮塔东路（交通银行）,诸暨市,35,29,2025-03-03 19:40:00
1012405049OQ8ZNVP3U2P,苎萝东路（东二环路-东旺路）1,诸暨市,29,9,2025-03-03 19:40:00
1012312288YRBP13VO9A9,江东路（望江二路-望江三路）,诸暨市,13,7,2025-03-03 19:40:00
1012312288YR825E2P88X,苎萝东路（东二环路-东福路),诸暨市,115,93,2025-03-03 19:40:00
1019QKKS3RWOFEP,人防大厦停车场,诸暨市,48,46,2025-03-03 19:40:00
1012312288YR7CTTSNVNL,苎萝东路（环城东路-东兴路）,诸暨市,86,59,2025-03-03 19:40:00
1012312288YRB62F6P9TT,浣纱南路（南兴路-南屏路）,诸暨市,60,33,2025-03-03 19:40:00
1012312288YR8GIC67LS1,东旺路218弄(东旺路206弄-融媒体中心）,诸暨市,22,18,2025-03-03 19:40:00
1012312288YRAXUGJT1J5,浣纱北路（大桥路-艮塔路）,诸暨市,59,23,2025-03-03 19:40:00
1012312288YR79Z86T0XT,暨东路70弄（东一路-东旺路218弄）,诸暨市,32,22,2025-03-03 19:40:00
1012312288YR5F42HE329,红旗路（人民中路-浣纱中路）,诸暨市,16,7,2025-03-03 19:40:00
1019PDAS7RIP7GH,市民公园东北面停车场,诸暨市,27,13,2025-03-03 19:40:00
1012312288YR9376YUBK1,东旺路（东旺路150弄-苎萝东路）,诸暨市,18,6,2025-03-03 19:40:00
1019SEVYY7X0W75,十里牌停车场,诸暨市,69,69,2025-03-03 19:40:00
1012312288YR57VMEIUBL,大桥东路（大桥东路9号-江东路）,诸暨市,34,19,2025-03-03 19:40:00
1012312288YR9PO5N0TFL,苎萝东路（环城东路-东旺路）,诸暨市,54,31,2025-03-03 19:40:00
1012312288YR9VX35V2M9,苎萝东路（环城东路-东祥路）,诸暨市,17,7,2025-03-03 19:40:00
1012401199375YC6OSJ5T,东三路（东二环路-东旺路）,诸暨市,121,61,2025-03-03 19:40:00
1012312288YRBZRTXR0G1,望江三路（高湖路-江东路）,诸暨市,15,12,2025-03-03 19:40:00
1012312288YR9HG704L4X,苎萝东路（东福路-东三环路）,诸暨市,107,107,2025-03-03 19:40:00
1012312288YR8IX5J60OX,东旺路218弄（东旺路-融媒体中心）,诸暨市,29,18,2025-03-03 19:40:00
1012312288YR5RTTNITC1,艮塔东路（江东路-高湖路）,诸暨市,39,27,2025-03-03 19:40:00
1012312288YR9ABOZHGCH,东二路（东旺路-东二环路）,诸暨市,47,29,2025-03-03 19:40:00
1012312288YR5B22720W1,大桥东路（江东路-五角广场）,诸暨市,58,37,2025-03-03 19:40:00
1012312288YR6IWIX5X4X,苎萝东路（东二环路-东旺路）,诸暨市,18,7,2025-03-03 19:40:00
1012312288YR8VUSTQYV5,东旺路182弄(康华大厦-东旺路),诸暨市,19,9,2025-03-03 19:40:00
1019Q6UK2GUCAV5,市民公园地下停车场,诸暨市,227,143,2025-03-03 19:40:00
1012312288YR7HFKE4HKX,西施大街（浣纱中路-人民中路）,诸暨市,28,3,2025-03-03 19:40:00
1012312288YRC518WKA2P,望江三路（江东路-滨江中路）,诸暨市,5,1,2025-03-03 19:40:00
1012312288YR7YF7Z1HXD,高湖路（望江二路-望江一路）,诸暨市,18,7,2025-03-03 19:40:00
1012312288YR8ZSV1UX35,东旺路150弄（东二环路-东旺路）,诸暨市,88,43,2025-03-03 19:40:00
1019PRTQD59LIWX,永乐路停车场,诸暨市,91,55,2025-03-03 19:31:14
1019MAR69WRHHXD,西子公寓停车场,诸暨市,91,81,2025-03-03 19:31:14
1012312298YXIV34CFDVL,东一路82弄（东二路123弄-东二路）,诸暨市,6,6,2025-03-03 19:31:14
1012312288YR57VMEIUBL,大桥东路（大桥东路9号-江东路）,诸暨市,34,19,2025-03-03 19:31:14
1012312288YRC2EJF5N9D,望江三路（浣东北路-高湖路）,诸暨市,11,3,2025-03-03 19:31:14
1012312288YRAV3T06ARL,滨江中路（望江三路-望江二路）,诸暨市,30,21,2025-03-03 19:31:14
1012312288YRBA0HET81T,江东路（大桥东路-望江一路）,诸暨市,10,5,2025-03-03 19:31:14
1019JVX01UVMSCH,幸福家园停车场,诸暨市,72,10,2025-03-03 19:31:14
1012312288YR9LAB60FEP,苎萝东路（东兴路-东安路）,诸暨市,45,30,2025-03-03 19:31:14
1012312288YR5XYT44YKH,艮塔东路（苎萝东路-东二路）,诸暨市,142,110,2025-03-03 19:31:14
1012312288YR61OZ7SOW1,浣纱中路（南屏路-西施大街）,诸暨市,14,9,2025-03-03 19:31:14
1012312288YRBS7JO7FUP,望江二路（高湖路-江东路）,诸暨市,10,9,2025-03-03 19:31:14
1012312288YR3IHRSDDZ5,滨江南路（大桥东路-西施大街）,诸暨市,13,8,2025-03-03 19:31:14
1012312288YR6EYGP1YWX,万风新世界（暨阳路-上庄路）,诸暨市,20,4,2025-03-03 19:31:14
1012312288YR68DOZJDVL,体育路（体育路二弄-红旗路）,诸暨市,12,7,2025-03-03 19:31:14
1012312288YRB24CYLBLT,浣纱南路（苎萝路-南兴路）,诸暨市,19,18,2025-03-03 19:31:14
1012312268YDHM7XGW3Y9,艮塔东路（滨江北路-江东路),诸暨市,33,22,2025-03-03 19:31:14
1012312288YRBLMRYOUTD,江东路（望江一路-望江二路）,诸暨市,18,8,2025-03-03 19:31:14
1012312288YRBI4HZHCE9,江东路（西施大街-大桥东路）,诸暨市,6,2,2025-03-03 19:31:14
1012312288YR3MBVY988X,东兴北路（江东路-福门路）,诸暨市,19,13,2025-03-03 19:31:14
1012312288YR7V8S6IBCX,东一路88弄（东一路82弄-东一路）,诸暨市,27,20,2025-03-03 19:31:14
1012312288YR5JPT2UOZL,东兴路（苎萝东路-东二路）,诸暨市,62,39,2025-03-03 19:31:14
1019PDPET4GWE81,市民公园北面停车场,诸暨市,14,8,2025-03-03 19:31:14
1012312288YRBWX8BW5Q9,望江二路（浣东北路-高湖路）,诸暨市,5,1,2025-03-03 19:31:14
1012405079PB3TJY248W1,东三路（应山公园-东旺路）,诸暨市,44,42,2025-03-03 19:31:14
1012312288YR6C3V37475,体育路（体育路-大桥东路）,诸暨市,8,1,2025-03-03 19:31:14
1012312288YR5B22720W1,大桥东路（江东路-五角广场）,诸暨市,58,38,2025-03-03 19:31:14
1012312288YR9D2CJ4741,东二路（东祥路-环城东路）,诸暨市,25,11,2025-03-03 19:31:14
1019REU2R6D37Y9,城东公园地下停车场,诸暨市,601,336,2025-03-03 19:31:14
1012312288YR6SFUARGU9,东祥路19弄（东祥路-环城东路）,诸暨市,12,5,2025-03-03 19:31:14
1012312288YR89HS7SKXT,东旺路（东旺路150弄-东二路）,诸暨市,18,5,2025-03-03 19:31:14
1019B4Y82CZPJ41,诸暨浣东中路停车场,诸暨市,37,30,2025-03-03 19:31:14
1012312288YR3EFRI1BSX,滨江南路（滨江支路-浣东中路）,诸暨市,64,45,2025-03-03 19:31:14
1012312298YXIJSNZ82YP,东二路129弄（东一路88弄-东二路123弄）,诸暨市,10,10,2025-03-03 19:31:14
1012312288YR5UKH75K3L,艮塔东路（东二路-东一路),诸暨市,101,75,2025-03-03 19:31:14
1019N4FJ7J6DUYP,篮球场停车场,诸暨市,182,36,2025-03-03 19:31:14
1012312288YR7HFKE4HKX,西施大街（浣纱中路-人民中路）,诸暨市,28,5,2025-03-03 19:31:13
1012312288YR751NEO35T,东祥路（东二路-苎萝东路）,诸暨市,38,12,2025-03-03 19:31:13
1012312288YR7N8PO2AYP,东一路68弄（东二路-东一路）,诸暨市,46,36,2025-03-03 19:31:13
1012312288YRBEU44Q1VL,滨江中路（艮塔东路-望江三路）,诸暨市,25,8,2025-03-03 19:31:13
1012312288YR7CTTSNVNL,苎萝东路（环城东路-东兴路）,诸暨市,86,62,2025-03-03 19:31:13
1012312288YR79Z86T0XT,暨东路70弄（东一路-东旺路218弄）,诸暨市,32,22,2025-03-03 19:31:13
1012312288YR53DTVACCH,滨江南路（西施大街-滨江支路）,诸暨市,33,28,2025-03-03 19:31:13
1012312288YR64NIVVNK1,浣纱中路（西施大街-大桥东路）,诸暨市,23,8,2025-03-03 19:31:13
1012312288YR6IWIX5X4X,苎萝东路（东二环路-东旺路）,诸暨市,18,8,2025-03-03 19:31:13
1012312288YR5RTTNITC1,艮塔东路（江东路-高湖路）,诸暨市,39,26,2025-03-03 19:31:13
1012312288YRAJXAP73SX,滨江中路（望江二路-大桥东路）,诸暨市,45,29,2025-03-03 19:31:13
1012312288YRBZRTXR0G1,望江三路（高湖路-江东路）,诸暨市,15,11,2025-03-03 19:31:13
1012312288YR9VX35V2M9,苎萝东路（环城东路-东祥路）,诸暨市,17,6,2025-03-03 19:31:13
1012312288YR5F42HE329,红旗路（人民中路-浣纱中路）,诸暨市,16,7,2025-03-03 19:31:13
1012312288YRAXUGJT1J5,浣纱北路（大桥路-艮塔路）,诸暨市,59,22,2025-03-03 19:31:13
1019Q6UK2GUCAV5,市民公园地下停车场,诸暨市,227,142,2025-03-03 19:31:13
1019SEVYY7X0W75,十里牌停车场,诸暨市,69,69,2025-03-03 19:31:13
1012312288YR8GIC67LS1,东旺路218弄(东旺路206弄-融媒体中心）,诸暨市,22,19,2025-03-03 19:31:13
1012312288YR9ABOZHGCH,东二路（东旺路-东二环路）,诸暨市,47,29,2025-03-03 19:31:13
1012312288YR8VUSTQYV5,东旺路182弄(康华大厦-东旺路),诸暨市,19,9,2025-03-03 19:31:13
1012401199375YC6OSJ5T,东三路（东二环路-东旺路）,诸暨市,121,60,2025-03-03 19:31:13
1012312288YRC518WKA2P,望江三路（江东路-滨江中路）,诸暨市,5,1,2025-03-03 19:31:13
1012312298YXHTPH9LYPT,东二路123弄（东旺路188弄-东二路）,诸暨市,61,37,2025-03-03 19:31:13
1012312298YXGS3Y2CBNL,东旺路188弄（东旺路-东二环路）,诸暨市,10,4,2025-03-03 19:31:13
1012312268YD5WN09GPVL,八一横路（暨阳路-无名路）,诸暨市,46,16,2025-03-03 19:31:13
1012405049OQ8ZNVP3U2P,苎萝东路（东二环路-东旺路）1,诸暨市,29,9,2025-03-03 19:31:13
1012312288YR8ZSV1UX35,东旺路150弄（东二环路-东旺路）,诸暨市,88,43,2025-03-03 19:31:13
10124013095HHCMD4CC1T,艮塔东路（交通银行）,诸暨市,35,29,2025-03-03 19:31:13
1019PDAS7RIP7GH,市民公园东北面停车场,诸暨市,27,12,2025-03-03 19:31:13
10124013095H4QPBO8UF5,东兴路50弄,诸暨市,7,7,2025-03-03 19:31:13
1012312288YR7K67XR8CH,望江一路（浣东北路-江东路）,诸暨市,14,10,2025-03-03 19:31:13
1019S5R3X1SOHS1,一百淘宝城停车场,诸暨市,105,40,2025-03-03 19:31:13
10124013095GY8GDKUBY9,艮塔东路（高湖路-暨东路）,诸暨市,16,13,2025-03-03 19:31:13
1012312288YR9376YUBK1,东旺路（东旺路150弄-苎萝东路）,诸暨市,18,4,2025-03-03 19:31:13
1012312288YRADOD6CUM9,南兴路（南庠路-人民南路）,诸暨市,25,25,2025-03-03 19:31:13
10124012093FZKG7Y8M4H,永昌南路（东一路-东二路）,诸暨市,63,50,2025-03-03 19:31:13
1019QKKS3RWOFEP,人防大厦停车场,诸暨市,48,45,2025-03-03 19:31:13
1012312288YR8IX5J60OX,东旺路218弄（东旺路-融媒体中心）,诸暨市,29,18,2025-03-03 19:31:13
1012312288YR9HG704L4X,苎萝东路（东福路-东三环路）,诸暨市,107,107,2025-03-03 19:31:13
1012312288YR7YF7Z1HXD,高湖路（望江二路-望江一路）,诸暨市,18,8,2025-03-03 19:31:13
1012312288YR85VK6CYKH,和济路（东祥路-东旺路）,诸暨市,90,89,2025-03-03 19:31:13
1012312288YR9PO5N0TFL,苎萝东路（环城东路-东旺路）,诸暨市,54,33,2025-03-03 19:31:13
1012312288YRB62F6P9TT,浣纱南路（南兴路-南屏路）,诸暨市,60,35,2025-03-03 19:31:13
1012312288YRBP13VO9A9,江东路（望江二路-望江三路）,诸暨市,13,7,2025-03-03 19:31:13
1012312288YR5NVRFEV41,东安路(东二路-苎萝东路),诸暨市,6,3,2025-03-03 19:31:13
1012312288YR825E2P88X,苎萝东路（东二环路-东福路),诸暨市,115,90,2025-03-03 19:31:13
1012312298YXIJSNZ82YP,东二路129弄（东一路88弄-东二路123弄）,诸暨市,10,10,2025-03-03 19:21:15
1019REU2R6D37Y9,城东公园地下停车场,诸暨市,601,336,2025-03-03 19:21:15
1012312288YR3EFRI1BSX,滨江南路（滨江支路-浣东中路）,诸暨市,64,46,2025-03-03 19:21:14
1012312288YR3IHRSDDZ5,滨江南路（大桥东路-西施大街）,诸暨市,13,9,2025-03-03 19:21:14
1012312288YR7V8S6IBCX,东一路88弄（东一路82弄-东一路）,诸暨市,27,20,2025-03-03 19:21:14
1012312288YR6SFUARGU9,东祥路19弄（东祥路-环城东路）,诸暨市,12,4,2025-03-03 19:21:14
1019N4FJ7J6DUYP,篮球场停车场,诸暨市,182,36,2025-03-03 19:21:14
1019MAR69WRHHXD,西子公寓停车场,诸暨市,91,80,2025-03-03 19:21:14
1019PDAS7RIP7GH,市民公园东北面停车场,诸暨市,27,12,2025-03-03 19:21:14
1012312288YR57VMEIUBL,大桥东路（大桥东路9号-江东路）,诸暨市,34,22,2025-03-03 19:21:14
1019SEVYY7X0W75,十里牌停车场,诸暨市,69,69,2025-03-03 19:21:14
1012312288YR3MBVY988X,东兴北路（江东路-福门路）,诸暨市,19,13,2025-03-03 19:21:14
1012312288YRAJXAP73SX,滨江中路（望江二路-大桥东路）,诸暨市,45,27,2025-03-03 19:21:14
1012312288YR5XYT44YKH,艮塔东路（苎萝东路-东二路）,诸暨市,142,109,2025-03-03 19:21:14
1012312288YR9LAB60FEP,苎萝东路（东兴路-东安路）,诸暨市,45,30,2025-03-03 19:21:14
1012312288YR6C3V37475,体育路（体育路-大桥东路）,诸暨市,8,1,2025-03-03 19:21:14
1012405079PB3TJY248W1,东三路（应山公园-东旺路）,诸暨市,44,43,2025-03-03 19:21:14
10124013095H4QPBO8UF5,东兴路50弄,诸暨市,7,7,2025-03-03 19:21:14
1019PDPET4GWE81,市民公园北面停车场,诸暨市,14,8,2025-03-03 19:21:14
1012312288YR9376YUBK1,东旺路（东旺路150弄-苎萝东路）,诸暨市,18,3,2025-03-03 19:21:14
1012312288YRBS7JO7FUP,望江二路（高湖路-江东路）,诸暨市,10,9,2025-03-03 19:21:14
1012312288YR61OZ7SOW1,浣纱中路（南屏路-西施大街）,诸暨市,14,7,2025-03-03 19:21:14
1012312288YR89HS7SKXT,东旺路（东旺路150弄-东二路）,诸暨市,18,5,2025-03-03 19:21:14
1012312288YR7HFKE4HKX,西施大街（浣纱中路-人民中路）,诸暨市,28,5,2025-03-03 19:21:14
10124013095HHCMD4CC1T,艮塔东路（交通银行）,诸暨市,35,28,2025-03-03 19:21:14
1012312288YRBZRTXR0G1,望江三路（高湖路-江东路）,诸暨市,15,11,2025-03-03 19:21:14
1012312288YRBI4HZHCE9,江东路（西施大街-大桥东路）,诸暨市,6,1,2025-03-03 19:21:14
1012312288YR9ABOZHGCH,东二路（东旺路-东二环路）,诸暨市,47,29,2025-03-03 19:21:14
1019PRTQD59LIWX,永乐路停车场,诸暨市,91,55,2025-03-03 19:21:14
1012312288YR5JPT2UOZL,东兴路（苎萝东路-东二路）,诸暨市,62,44,2025-03-03 19:21:14
1012312288YR68DOZJDVL,体育路（体育路二弄-红旗路）,诸暨市,12,8,2025-03-03 19:21:14
1012312288YR5B22720W1,大桥东路（江东路-五角广场）,诸暨市,58,38,2025-03-03 19:21:14
1012312298YXIV34CFDVL,东一路82弄（东二路123弄-东二路）,诸暨市,6,6,2025-03-03 19:21:14
1019B4Y82CZPJ41,诸暨浣东中路停车场,诸暨市,37,30,2025-03-03 19:21:14
1019JVX01UVMSCH,幸福家园停车场,诸暨市,72,11,2025-03-03 19:21:14
1012312288YRBLMRYOUTD,江东路（望江一路-望江二路）,诸暨市,18,7,2025-03-03 19:21:14
1012312288YR5UKH75K3L,艮塔东路（东二路-东一路),诸暨市,101,76,2025-03-03 19:21:14
1012312288YRAV3T06ARL,滨江中路（望江三路-望江二路）,诸暨市,30,20,2025-03-03 19:21:14
1012312268YDHM7XGW3Y9,艮塔东路（滨江北路-江东路),诸暨市,33,21,2025-03-03 19:21:14
1012312288YRC2EJF5N9D,望江三路（浣东北路-高湖路）,诸暨市,11,3,2025-03-03 19:21:14
1012312288YRBA0HET81T,江东路（大桥东路-望江一路）,诸暨市,10,6,2025-03-03 19:21:14
1012312288YR6EYGP1YWX,万风新世界（暨阳路-上庄路）,诸暨市,20,4,2025-03-03 19:21:14
1012312288YRBWX8BW5Q9,望江二路（浣东北路-高湖路）,诸暨市,5,2,2025-03-03 19:21:14
1012312288YR8ZSV1UX35,东旺路150弄（东二环路-东旺路）,诸暨市,88,43,2025-03-03 19:21:14
1012312288YRB24CYLBLT,浣纱南路（苎萝路-南兴路）,诸暨市,19,18,2025-03-03 19:21:14
1012312288YR9D2CJ4741,东二路（东祥路-环城东路）,诸暨市,25,11,2025-03-03 19:21:14
1012312288YRADOD6CUM9,南兴路（南庠路-人民南路）,诸暨市,25,25,2025-03-03 19:21:13
1012312288YR8VUSTQYV5,东旺路182弄(康华大厦-东旺路),诸暨市,19,8,2025-03-03 19:21:13
1012312288YRBEU44Q1VL,滨江中路（艮塔东路-望江三路）,诸暨市,25,8,2025-03-03 19:21:13
1019QKKS3RWOFEP,人防大厦停车场,诸暨市,48,45,2025-03-03 19:21:13
1012401199375YC6OSJ5T,东三路（东二环路-东旺路）,诸暨市,121,59,2025-03-03 19:21:13
1012312288YR7N8PO2AYP,东一路68弄（东二路-东一路）,诸暨市,46,36,2025-03-03 19:21:13
1012312288YR9VX35V2M9,苎萝东路（环城东路-东祥路）,诸暨市,17,4,2025-03-03 19:21:13
1012312288YRAXUGJT1J5,浣纱北路（大桥路-艮塔路）,诸暨市,59,20,2025-03-03 19:21:13
1012312288YR9PO5N0TFL,苎萝东路（环城东路-东旺路）,诸暨市,54,32,2025-03-03 19:21:13
1019S5R3X1SOHS1,一百淘宝城停车场,诸暨市,105,40,2025-03-03 19:21:13
1012312288YR64NIVVNK1,浣纱中路（西施大街-大桥东路）,诸暨市,23,7,2025-03-03 19:21:13
1012312288YR8GIC67LS1,东旺路218弄(东旺路206弄-融媒体中心）,诸暨市,22,19,2025-03-03 19:21:13
1012312288YR79Z86T0XT,暨东路70弄（东一路-东旺路218弄）,诸暨市,32,22,2025-03-03 19:21:13
1012312288YR7K67XR8CH,望江一路（浣东北路-江东路）,诸暨市,14,11,2025-03-03 19:21:13
1012312288YR53DTVACCH,滨江南路（西施大街-滨江支路）,诸暨市,33,30,2025-03-03 19:21:13
1012312288YRBP13VO9A9,江东路（望江二路-望江三路）,诸暨市,13,7,2025-03-03 19:21:13
1012312288YR85VK6CYKH,和济路（东祥路-东旺路）,诸暨市,90,89,2025-03-03 19:21:13
1012312288YR9HG704L4X,苎萝东路（东福路-东三环路）,诸暨市,107,107,2025-03-03 19:21:13
1012312288YRB62F6P9TT,浣纱南路（南兴路-南屏路）,诸暨市,60,35,2025-03-03 19:21:13
1019Q6UK2GUCAV5,市民公园地下停车场,诸暨市,227,142,2025-03-03 19:21:13
1012312288YR5RTTNITC1,艮塔东路（江东路-高湖路）,诸暨市,39,28,2025-03-03 19:21:13
1012312288YR5F42HE329,红旗路（人民中路-浣纱中路）,诸暨市,16,5,2025-03-03 19:21:13
1012312288YR751NEO35T,东祥路（东二路-苎萝东路）,诸暨市,38,11,2025-03-03 19:21:13
1012405049OQ8ZNVP3U2P,苎萝东路（东二环路-东旺路）1,诸暨市,29,9,2025-03-03 19:21:13
10124012093FZKG7Y8M4H,永昌南路（东一路-东二路）,诸暨市,63,56,2025-03-03 19:21:13
1012312288YRC518WKA2P,望江三路（江东路-滨江中路）,诸暨市,5,1,2025-03-03 19:21:13
1012312288YR825E2P88X,苎萝东路（东二环路-东福路),诸暨市,115,89,2025-03-03 19:21:13
1012312288YR8IX5J60OX,东旺路218弄（东旺路-融媒体中心）,诸暨市,29,18,2025-03-03 19:21:13
1012312268YD5WN09GPVL,八一横路（暨阳路-无名路）,诸暨市,46,15,2025-03-03 19:21:13
10124013095GY8GDKUBY9,艮塔东路（高湖路-暨东路）,诸暨市,16,14,2025-03-03 19:21:13
1012312288YR5NVRFEV41,东安路(东二路-苎萝东路),诸暨市,6,3,2025-03-03 19:21:13
1012312288YR7YF7Z1HXD,高湖路（望江二路-望江一路）,诸暨市,18,8,2025-03-03 19:21:13
1012312298YXHTPH9LYPT,东二路123弄（东旺路188弄-东二路）,诸暨市,61,39,2025-03-03 19:21:13
1012312288YR7CTTSNVNL,苎萝东路（环城东路-东兴路）,诸暨市,86,53,2025-03-03 19:21:13
1012312298YXGS3Y2CBNL,东旺路188弄（东旺路-东二环路）,诸暨市,10,4,2025-03-03 19:21:13
1012312288YR6IWIX5X4X,苎萝东路（东二环路-东旺路）,诸暨市,18,8,2025-03-03 19:21:13
1012312288YR9LAB60FEP,苎萝东路（东兴路-东安路）,诸暨市,45,32,2025-03-03 19:10:01
1012312288YR89HS7SKXT,东旺路（东旺路150弄-东二路）,诸暨市,18,3,2025-03-03 19:10:01
1012312288YRB24CYLBLT,浣纱南路（苎萝路-南兴路）,诸暨市,19,17,2025-03-03 19:10:01
1012312298YXIV34CFDVL,东一路82弄（东二路123弄-东二路）,诸暨市,6,5,2025-03-03 19:10:01
1012312288YRC2EJF5N9D,望江三路（浣东北路-高湖路）,诸暨市,11,4,2025-03-03 19:10:01
1012312288YRBA0HET81T,江东路（大桥东路-望江一路）,诸暨市,10,5,2025-03-03 19:10:01
1012312288YR3EFRI1BSX,滨江南路（滨江支路-浣东中路）,诸暨市,64,46,2025-03-03 19:10:01
1019JVX01UVMSCH,幸福家园停车场,诸暨市,72,11,2025-03-03 19:10:01
1012312288YR6EYGP1YWX,万风新世界（暨阳路-上庄路）,诸暨市,20,4,2025-03-03 19:10:01
1019PDPET4GWE81,市民公园北面停车场,诸暨市,14,8,2025-03-03 19:10:01
1012312288YR9D2CJ4741,东二路（东祥路-环城东路）,诸暨市,25,10,2025-03-03 19:10:01
1012312288YR5UKH75K3L,艮塔东路（东二路-东一路),诸暨市,101,75,2025-03-03 19:10:01
1019MAR69WRHHXD,西子公寓停车场,诸暨市,91,80,2025-03-03 19:10:01
1012312288YRBI4HZHCE9,江东路（西施大街-大桥东路）,诸暨市,6,2,2025-03-03 19:10:01
1012312288YR5JPT2UOZL,东兴路（苎萝东路-东二路）,诸暨市,62,41,2025-03-03 19:10:01
1012312288YR68DOZJDVL,体育路（体育路二弄-红旗路）,诸暨市,12,6,2025-03-03 19:10:01
1012312298YXIJSNZ82YP,东二路129弄（东一路88弄-东二路123弄）,诸暨市,10,10,2025-03-03 19:10:01
1012312288YRBLMRYOUTD,江东路（望江一路-望江二路）,诸暨市,18,7,2025-03-03 19:10:01
1019N4FJ7J6DUYP,篮球场停车场,诸暨市,182,36,2025-03-03 19:10:01
1012312288YR6SFUARGU9,东祥路19弄（东祥路-环城东路）,诸暨市,12,4,2025-03-03 19:10:01
1019PRTQD59LIWX,永乐路停车场,诸暨市,91,55,2025-03-03 19:10:01
1012312288YR61OZ7SOW1,浣纱中路（南屏路-西施大街）,诸暨市,14,7,2025-03-03 19:10:01
1012312288YR7V8S6IBCX,东一路88弄（东一路82弄-东一路）,诸暨市,27,20,2025-03-03 19:10:01
1019REU2R6D37Y9,城东公园地下停车场,诸暨市,601,336,2025-03-03 19:10:01
1019B4Y82CZPJ41,诸暨浣东中路停车场,诸暨市,37,29,2025-03-03 19:10:01
1012312288YR3MBVY988X,东兴北路（江东路-福门路）,诸暨市,19,11,2025-03-03 19:10:01
1012312288YR5XYT44YKH,艮塔东路（苎萝东路-东二路）,诸暨市,142,110,2025-03-03 19:10:01
1012405079PB3TJY248W1,东三路（应山公园-东旺路）,诸暨市,44,42,2025-03-03 19:10:01
1012312288YRBWX8BW5Q9,望江二路（浣东北路-高湖路）,诸暨市,5,3,2025-03-03 19:10:01
1012312288YR6C3V37475,体育路（体育路-大桥东路）,诸暨市,8,1,2025-03-03 19:10:01
1012312288YR3IHRSDDZ5,滨江南路（大桥东路-西施大街）,诸暨市,13,8,2025-03-03 19:10:01
1012312288YRBS7JO7FUP,望江二路（高湖路-江东路）,诸暨市,10,9,2025-03-03 19:10:01
1012312288YR7HFKE4HKX,西施大街（浣纱中路-人民中路）,诸暨市,28,7,2025-03-03 19:10:00
1012312288YR79Z86T0XT,暨东路70弄（东一路-东旺路218弄）,诸暨市,32,22,2025-03-03 19:10:00
1019QKKS3RWOFEP,人防大厦停车场,诸暨市,48,44,2025-03-03 19:10:00
1012312288YRB62F6P9TT,浣纱南路（南兴路-南屏路）,诸暨市,60,34,2025-03-03 19:10:00
1012312288YR8VUSTQYV5,东旺路182弄(康华大厦-东旺路),诸暨市,19,9,2025-03-03 19:10:00
1012312288YR5B22720W1,大桥东路（江东路-五角广场）,诸暨市,58,38,2025-03-03 19:10:00
1012312288YR5NVRFEV41,东安路(东二路-苎萝东路),诸暨市,6,3,2025-03-03 19:10:00
1012312288YRADOD6CUM9,南兴路（南庠路-人民南路）,诸暨市,25,25,2025-03-03 19:10:00
1012312288YR7YF7Z1HXD,高湖路（望江二路-望江一路）,诸暨市,18,8,2025-03-03 19:10:00
1012312288YR9HG704L4X,苎萝东路（东福路-东三环路）,诸暨市,107,107,2025-03-03 19:10:00
1019S5R3X1SOHS1,一百淘宝城停车场,诸暨市,105,40,2025-03-03 19:10:00
1012312288YR57VMEIUBL,大桥东路（大桥东路9号-江东路）,诸暨市,34,20,2025-03-03 19:10:00
1012312288YR751NEO35T,东祥路（东二路-苎萝东路）,诸暨市,38,10,2025-03-03 19:10:00
1012312288YR825E2P88X,苎萝东路（东二环路-东福路),诸暨市,115,83,2025-03-03 19:10:00
1012312288YR7K67XR8CH,望江一路（浣东北路-江东路）,诸暨市,14,10,2025-03-03 19:10:00
10124013095GY8GDKUBY9,艮塔东路（高湖路-暨东路）,诸暨市,16,13,2025-03-03 19:10:00
1012312288YR5RTTNITC1,艮塔东路（江东路-高湖路）,诸暨市,39,26,2025-03-03 19:10:00
1012312288YR8GIC67LS1,东旺路218弄(东旺路206弄-融媒体中心）,诸暨市,22,19,2025-03-03 19:10:00
1019SEVYY7X0W75,十里牌停车场,诸暨市,69,69,2025-03-03 19:10:00
10124013095HHCMD4CC1T,艮塔东路（交通银行）,诸暨市,35,28,2025-03-03 19:10:00
10124012093FZKG7Y8M4H,永昌南路（东一路-东二路）,诸暨市,63,55,2025-03-03 19:10:00
1012312268YD5WN09GPVL,八一横路（暨阳路-无名路）,诸暨市,46,16,2025-03-03 19:10:00
1012312288YR64NIVVNK1,浣纱中路（西施大街-大桥东路）,诸暨市,23,9,2025-03-03 19:10:00
1012312288YRC518WKA2P,望江三路（江东路-滨江中路）,诸暨市,5,1,2025-03-03 19:10:00
1012312298YXGS3Y2CBNL,东旺路188弄（东旺路-东二环路）,诸暨市,10,4,2025-03-03 19:10:00
1012312288YR6IWIX5X4X,苎萝东路（东二环路-东旺路）,诸暨市,18,7,2025-03-03 19:10:00
1012312288YR7CTTSNVNL,苎萝东路（环城东路-东兴路）,诸暨市,86,51,2025-03-03 19:10:00
1012312288YR9PO5N0TFL,苎萝东路（环城东路-东旺路）,诸暨市,54,32,2025-03-03 19:10:00
1012401199375YC6OSJ5T,东三路（东二环路-东旺路）,诸暨市,121,59,2025-03-03 19:10:00
1012312288YRAXUGJT1J5,浣纱北路（大桥路-艮塔路）,诸暨市,59,24,2025-03-03 19:10:00
1012312288YR5F42HE329,红旗路（人民中路-浣纱中路）,诸暨市,16,3,2025-03-03 19:10:00
1012312288YR8IX5J60OX,东旺路218弄（东旺路-融媒体中心）,诸暨市,29,18,2025-03-03 19:10:00
10124013095H4QPBO8UF5,东兴路50弄,诸暨市,7,7,2025-03-03 19:10:00
1012312288YR7N8PO2AYP,东一路68弄（东二路-东一路）,诸暨市,46,36,2025-03-03 19:10:00
1012312288YRBP13VO9A9,江东路（望江二路-望江三路）,诸暨市,13,7,2025-03-03 19:10:00
1012312288YRAV3T06ARL,滨江中路（望江三路-望江二路）,诸暨市,30,20,2025-03-03 19:10:00
1012312268YDHM7XGW3Y9,艮塔东路（滨江北路-江东路),诸暨市,33,20,2025-03-03 19:10:00
1012312288YRBEU44Q1VL,滨江中路（艮塔东路-望江三路）,诸暨市,25,6,2025-03-03 19:10:00
1012312288YR9ABOZHGCH,东二路（东旺路-东二环路）,诸暨市,47,26,2025-03-03 19:10:00
1019PDAS7RIP7GH,市民公园东北面停车场,诸暨市,27,13,2025-03-03 19:10:00
1012312288YR53DTVACCH,滨江南路（西施大街-滨江支路）,诸暨市,33,27,2025-03-03 19:10:00
1012312288YRBZRTXR0G1,望江三路（高湖路-江东路）,诸暨市,15,8,2025-03-03 19:10:00
1012312288YR8ZSV1UX35,东旺路150弄（东二环路-东旺路）,诸暨市,88,40,2025-03-03 19:10:00
1012312288YRAJXAP73SX,滨江中路（望江二路-大桥东路）,诸暨市,45,27,2025-03-03 19:10:00
1012312288YR85VK6CYKH,和济路（东祥路-东旺路）,诸暨市,90,88,2025-03-03 19:10:00
1019Q6UK2GUCAV5,市民公园地下停车场,诸暨市,227,143,2025-03-03 19:10:00
1012312298YXHTPH9LYPT,东二路123弄（东旺路188弄-东二路）,诸暨市,61,39,2025-03-03 19:10:00
1012312288YR9VX35V2M9,苎萝东路（环城东路-东祥路）,诸暨市,17,6,2025-03-03 19:10:00
1012405049OQ8ZNVP3U2P,苎萝东路（东二环路-东旺路）1,诸暨市,29,10,2025-03-03 19:10:00
1012312288YR9376YUBK1,东旺路（东旺路150弄-苎萝东路）,诸暨市,18,3,2025-03-03 19:10:00
1012312288YR3MBVY988X,东兴北路（江东路-福门路）,诸暨市,19,11,2025-03-03 19:00:02
1012312288YR89HS7SKXT,东旺路（东旺路150弄-东二路）,诸暨市,18,4,2025-03-03 19:00:02
1012312288YRBI4HZHCE9,江东路（西施大街-大桥东路）,诸暨市,6,1,2025-03-03 19:00:02
1012312288YR9LAB60FEP,苎萝东路（东兴路-东安路）,诸暨市,45,33,2025-03-03 19:00:02
1012312288YR57VMEIUBL,大桥东路（大桥东路9号-江东路）,诸暨市,34,18,2025-03-03 19:00:02
1012312288YR5JPT2UOZL,东兴路（苎萝东路-东二路）,诸暨市,62,42,2025-03-03 19:00:02
1019B4Y82CZPJ41,诸暨浣东中路停车场,诸暨市,37,29,2025-03-03 19:00:02
1012312288YRAJXAP73SX,滨江中路（望江二路-大桥东路）,诸暨市,45,29,2025-03-03 19:00:02
1012312288YR9ABOZHGCH,东二路（东旺路-东二环路）,诸暨市,47,23,2025-03-03 19:00:02
1012312268YDHM7XGW3Y9,艮塔东路（滨江北路-江东路),诸暨市,33,24,2025-03-03 19:00:02
1019PRTQD59LIWX,永乐路停车场,诸暨市,91,55,2025-03-03 19:00:02
1012312288YR3EFRI1BSX,滨江南路（滨江支路-浣东中路）,诸暨市,64,46,2025-03-03 19:00:02
1012312288YR9D2CJ4741,东二路（东祥路-环城东路）,诸暨市,25,10,2025-03-03 19:00:02
1019REU2R6D37Y9,城东公园地下停车场,诸暨市,601,336,2025-03-03 19:00:02
1012312288YR3IHRSDDZ5,滨江南路（大桥东路-西施大街）,诸暨市,13,8,2025-03-03 19:00:02
1012312288YRC2EJF5N9D,望江三路（浣东北路-高湖路）,诸暨市,11,4,2025-03-03 19:00:02
1012312288YRBZRTXR0G1,望江三路（高湖路-江东路）,诸暨市,15,6,2025-03-03 19:00:02
1012312288YRBWX8BW5Q9,望江二路（浣东北路-高湖路）,诸暨市,5,3,2025-03-03 19:00:02
10124013095HHCMD4CC1T,艮塔东路（交通银行）,诸暨市,35,28,2025-03-03 19:00:02
1012312288YR5XYT44YKH,艮塔东路（苎萝东路-东二路）,诸暨市,142,109,2025-03-03 19:00:02
1019PDPET4GWE81,市民公园北面停车场,诸暨市,14,8,2025-03-03 19:00:02
1012312288YRB24CYLBLT,浣纱南路（苎萝路-南兴路）,诸暨市,19,18,2025-03-03 19:00:02
1012312288YRAV3T06ARL,滨江中路（望江三路-望江二路）,诸暨市,30,19,2025-03-03 19:00:02
1019MAR69WRHHXD,西子公寓停车场,诸暨市,91,80,2025-03-03 19:00:02
1012312288YR5B22720W1,大桥东路（江东路-五角广场）,诸暨市,58,33,2025-03-03 19:00:02
1012405079PB3TJY248W1,东三路（应山公园-东旺路）,诸暨市,44,42,2025-03-03 19:00:02
1019N4FJ7J6DUYP,篮球场停车场,诸暨市,182,36,2025-03-03 19:00:02
1012312288YR6SFUARGU9,东祥路19弄（东祥路-环城东路）,诸暨市,12,3,2025-03-03 19:00:02
1012312298YXIV34CFDVL,东一路82弄（东二路123弄-东二路）,诸暨市,6,5,2025-03-03 19:00:02
1012312288YRBLMRYOUTD,江东路（望江一路-望江二路）,诸暨市,18,5,2025-03-03 19:00:02
1012312298YXIJSNZ82YP,东二路129弄（东一路88弄-东二路123弄）,诸暨市,10,10,2025-03-03 19:00:02
1012312288YR5UKH75K3L,艮塔东路（东二路-东一路),诸暨市,101,75,2025-03-03 19:00:02
1019JVX01UVMSCH,幸福家园停车场,诸暨市,72,11,2025-03-03 19:00:02
1012312288YR6EYGP1YWX,万风新世界（暨阳路-上庄路）,诸暨市,20,3,2025-03-03 19:00:02
1012312288YR61OZ7SOW1,浣纱中路（南屏路-西施大街）,诸暨市,14,7,2025-03-03 19:00:02
1012312288YRBA0HET81T,江东路（大桥东路-望江一路）,诸暨市,10,6,2025-03-03 19:00:02
1012312288YRBS7JO7FUP,望江二路（高湖路-江东路）,诸暨市,10,7,2025-03-03 19:00:02
1012312288YR68DOZJDVL,体育路（体育路二弄-红旗路）,诸暨市,12,8,2025-03-03 19:00:02
1012312288YR7V8S6IBCX,东一路88弄（东一路82弄-东一路）,诸暨市,27,20,2025-03-03 19:00:02
1012312288YR79Z86T0XT,暨东路70弄（东一路-东旺路218弄）,诸暨市,32,21,2025-03-03 19:00:01
1019SEVYY7X0W75,十里牌停车场,诸暨市,69,69,2025-03-03 19:00:01
1012312288YR6IWIX5X4X,苎萝东路（东二环路-东旺路）,诸暨市,18,7,2025-03-03 19:00:01
1012312288YR5RTTNITC1,艮塔东路（江东路-高湖路）,诸暨市,39,26,2025-03-03 19:00:01
1012312288YR53DTVACCH,滨江南路（西施大街-滨江支路）,诸暨市,33,27,2025-03-03 19:00:01
1012312288YRAXUGJT1J5,浣纱北路（大桥路-艮塔路）,诸暨市,59,24,2025-03-03 19:00:01
1012312288YR8IX5J60OX,东旺路218弄（东旺路-融媒体中心）,诸暨市,29,18,2025-03-03 19:00:01
1012312288YR7HFKE4HKX,西施大街（浣纱中路-人民中路）,诸暨市,28,5,2025-03-03 19:00:01
10124013095H4QPBO8UF5,东兴路50弄,诸暨市,7,7,2025-03-03 19:00:01
1012312288YR7K67XR8CH,望江一路（浣东北路-江东路）,诸暨市,14,9,2025-03-03 19:00:01
1019PDAS7RIP7GH,市民公园东北面停车场,诸暨市,27,13,2025-03-03 19:00:01
1012312268YD5WN09GPVL,八一横路（暨阳路-无名路）,诸暨市,46,11,2025-03-03 19:00:01
1012312288YRC518WKA2P,望江三路（江东路-滨江中路）,诸暨市,5,1,2025-03-03 19:00:01
1012312288YR8GIC67LS1,东旺路218弄(东旺路206弄-融媒体中心）,诸暨市,22,17,2025-03-03 19:00:01
1012312288YR8ZSV1UX35,东旺路150弄（东二环路-东旺路）,诸暨市,88,33,2025-03-03 19:00:01
1012312288YR9376YUBK1,东旺路（东旺路150弄-苎萝东路）,诸暨市,18,2,2025-03-03 19:00:01
1012312288YRBEU44Q1VL,滨江中路（艮塔东路-望江三路）,诸暨市,25,6,2025-03-03 19:00:01
1012312288YRADOD6CUM9,南兴路（南庠路-人民南路）,诸暨市,25,25,2025-03-03 19:00:01
1012312288YR7CTTSNVNL,苎萝东路（环城东路-东兴路）,诸暨市,86,49,2025-03-03 19:00:01
1012312298YXGS3Y2CBNL,东旺路188弄（东旺路-东二环路）,诸暨市,10,4,2025-03-03 19:00:01
1012312288YR7N8PO2AYP,东一路68弄（东二路-东一路）,诸暨市,46,34,2025-03-03 19:00:00
1012312288YR5F42HE329,红旗路（人民中路-浣纱中路）,诸暨市,16,3,2025-03-03 19:00:00
10124012093FZKG7Y8M4H,永昌南路（东一路-东二路）,诸暨市,63,56,2025-03-03 19:00:00
10124013095GY8GDKUBY9,艮塔东路（高湖路-暨东路）,诸暨市,16,13,2025-03-03 19:00:00
1012312288YRBP13VO9A9,江东路（望江二路-望江三路）,诸暨市,13,2,2025-03-03 19:00:00
1012405049OQ8ZNVP3U2P,苎萝东路（东二环路-东旺路）1,诸暨市,29,13,2025-03-03 19:00:00
1019QKKS3RWOFEP,人防大厦停车场,诸暨市,48,43,2025-03-03 19:00:00
1019S5R3X1SOHS1,一百淘宝城停车场,诸暨市,105,40,2025-03-03 19:00:00
1012312288YR9VX35V2M9,苎萝东路（环城东路-东祥路）,诸暨市,17,5,2025-03-03 19:00:00
1012312288YR64NIVVNK1,浣纱中路（西施大街-大桥东路）,诸暨市,23,9,2025-03-03 19:00:00
1012312288YR9HG704L4X,苎萝东路（东福路-东三环路）,诸暨市,107,107,2025-03-03 19:00:00
1012312288YR5NVRFEV41,东安路(东二路-苎萝东路),诸暨市,6,3,2025-03-03 19:00:00
1019Q6UK2GUCAV5,市民公园地下停车场,诸暨市,227,143,2025-03-03 19:00:00
1012312288YR85VK6CYKH,和济路（东祥路-东旺路）,诸暨市,90,89,2025-03-03 19:00:00
1012312288YR9PO5N0TFL,苎萝东路（环城东路-东旺路）,诸暨市,54,31,2025-03-03 19:00:00
1012401199375YC6OSJ5T,东三路（东二环路-东旺路）,诸暨市,121,59,2025-03-03 19:00:00
1012312288YR8VUSTQYV5,东旺路182弄(康华大厦-东旺路),诸暨市,19,7,2025-03-03 19:00:00
1012312288YR7YF7Z1HXD,高湖路（望江二路-望江一路）,诸暨市,18,7,2025-03-03 19:00:00
1012312288YR825E2P88X,苎萝东路（东二环路-东福路),诸暨市,115,78,2025-03-03 19:00:00
1012312288YR751NEO35T,东祥路（东二路-苎萝东路）,诸暨市,38,11,2025-03-03 19:00:00
1012312288YRB62F6P9TT,浣纱南路（南兴路-南屏路）,诸暨市,60,36,2025-03-03 19:00:00
1012312298YXHTPH9LYPT,东二路123弄（东旺路188弄-东二路）,诸暨市,61,34,2025-03-03 19:00:00
1012312288YRBA0HET81T,江东路（大桥东路-望江一路）,诸暨市,10,5,2025-03-03 18:51:15
1012312288YRBS7JO7FUP,望江二路（高湖路-江东路）,诸暨市,10,6,2025-03-03 18:51:15
1012312288YR5XYT44YKH,艮塔东路（苎萝东路-东二路）,诸暨市,142,109,2025-03-03 18:51:15
1019N4FJ7J6DUYP,篮球场停车场,诸暨市,182,36,2025-03-03 18:51:15
1012312288YR3EFRI1BSX,滨江南路（滨江支路-浣东中路）,诸暨市,64,45,2025-03-03 18:51:15
1019REU2R6D37Y9,城东公园地下停车场,诸暨市,601,336,2025-03-03 18:51:15
1012312288YR3MBVY988X,东兴北路（江东路-福门路）,诸暨市,19,10,2025-03-03 18:51:15
1012312288YRBWX8BW5Q9,望江二路（浣东北路-高湖路）,诸暨市,5,3,2025-03-03 18:51:15
1012312298YXIJSNZ82YP,东二路129弄（东一路88弄-东二路123弄）,诸暨市,10,10,2025-03-03 18:51:15
1012312288YRB24CYLBLT,浣纱南路（苎萝路-南兴路）,诸暨市,19,19,2025-03-03 18:51:15
1012312288YR5JPT2UOZL,东兴路（苎萝东路-东二路）,诸暨市,62,42,2025-03-03 18:51:15
1012312288YR5B22720W1,大桥东路（江东路-五角广场）,诸暨市,58,37,2025-03-03 18:51:14
1012312288YR6IWIX5X4X,苎萝东路（东二环路-东旺路）,诸暨市,18,6,2025-03-03 18:51:14
1012312288YR5UKH75K3L,艮塔东路（东二路-东一路),诸暨市,101,77,2025-03-03 18:51:14
1012312288YRAJXAP73SX,滨江中路（望江二路-大桥东路）,诸暨市,45,28,2025-03-03 18:51:14
1012312268YDHM7XGW3Y9,艮塔东路（滨江北路-江东路),诸暨市,33,22,2025-03-03 18:51:14
1012312288YR53DTVACCH,滨江南路（西施大街-滨江支路）,诸暨市,33,27,2025-03-03 18:51:14
1012312288YR9376YUBK1,东旺路（东旺路150弄-苎萝东路）,诸暨市,18,2,2025-03-03 18:51:14
1019B4Y82CZPJ41,诸暨浣东中路停车场,诸暨市,37,29,2025-03-03 18:51:14
1012312288YRC518WKA2P,望江三路（江东路-滨江中路）,诸暨市,5,1,2025-03-03 18:51:14
1012312288YR9D2CJ4741,东二路（东祥路-环城东路）,诸暨市,25,11,2025-03-03 18:51:14
1012312288YR89HS7SKXT,东旺路（东旺路150弄-东二路）,诸暨市,18,3,2025-03-03 18:51:14
1012312288YR57VMEIUBL,大桥东路（大桥东路9号-江东路）,诸暨市,34,17,2025-03-03 18:51:14
1012312288YRC2EJF5N9D,望江三路（浣东北路-高湖路）,诸暨市,11,4,2025-03-03 18:51:14
10124013095HHCMD4CC1T,艮塔东路（交通银行）,诸暨市,35,29,2025-03-03 18:51:14
1012312288YR6EYGP1YWX,万风新世界（暨阳路-上庄路）,诸暨市,20,3,2025-03-03 18:51:14
1012312288YR8GIC67LS1,东旺路218弄(东旺路206弄-融媒体中心）,诸暨市,22,17,2025-03-03 18:51:14
1019MAR69WRHHXD,西子公寓停车场,诸暨市,91,80,2025-03-03 18:51:14
1019JVX01UVMSCH,幸福家园停车场,诸暨市,72,13,2025-03-03 18:51:14
1012312288YRBLMRYOUTD,江东路（望江一路-望江二路）,诸暨市,18,4,2025-03-03 18:51:14
1012312288YR6SFUARGU9,东祥路19弄（东祥路-环城东路）,诸暨市,12,3,2025-03-03 18:51:14
1012312288YRADOD6CUM9,南兴路（南庠路-人民南路）,诸暨市,25,25,2025-03-03 18:51:14
1012312288YRBZRTXR0G1,望江三路（高湖路-江东路）,诸暨市,15,7,2025-03-03 18:51:14
1012312288YR68DOZJDVL,体育路（体育路二弄-红旗路）,诸暨市,12,8,2025-03-03 18:51:14
10124013095H4QPBO8UF5,东兴路50弄,诸暨市,7,7,2025-03-03 18:51:14
1012312288YR7K67XR8CH,望江一路（浣东北路-江东路）,诸暨市,14,8,2025-03-03 18:51:14
1012312268YD5WN09GPVL,八一横路（暨阳路-无名路）,诸暨市,46,10,2025-03-03 18:51:14
1012312288YRBEU44Q1VL,滨江中路（艮塔东路-望江三路）,诸暨市,25,7,2025-03-03 18:51:14
1012312288YRAV3T06ARL,滨江中路（望江三路-望江二路）,诸暨市,30,18,2025-03-03 18:51:14
1019SEVYY7X0W75,十里牌停车场,诸暨市,69,69,2025-03-03 18:51:14
1012312288YR6C3V37475,体育路（体育路-大桥东路）,诸暨市,8,2,2025-03-03 18:51:14
1019PRTQD59LIWX,永乐路停车场,诸暨市,91,55,2025-03-03 18:51:14
1019PDAS7RIP7GH,市民公园东北面停车场,诸暨市,27,13,2025-03-03 18:51:14
1012312288YR8IX5J60OX,东旺路218弄（东旺路-融媒体中心）,诸暨市,29,18,2025-03-03 18:51:14
1012312288YR61OZ7SOW1,浣纱中路（南屏路-西施大街）,诸暨市,14,6,2025-03-03 18:51:14
1019PDPET4GWE81,市民公园北面停车场,诸暨市,14,8,2025-03-03 18:51:14
1012312288YR3IHRSDDZ5,滨江南路（大桥东路-西施大街）,诸暨市,13,8,2025-03-03 18:51:14
1012312298YXIV34CFDVL,东一路82弄（东二路123弄-东二路）,诸暨市,6,5,2025-03-03 18:51:14
1012312288YR9LAB60FEP,苎萝东路（东兴路-东安路）,诸暨市,45,33,2025-03-03 18:51:14
1012312288YR7HFKE4HKX,西施大街（浣纱中路-人民中路）,诸暨市,28,4,2025-03-03 18:51:14
1012312288YRAXUGJT1J5,浣纱北路（大桥路-艮塔路）,诸暨市,59,26,2025-03-03 18:51:14
1012312288YR8ZSV1UX35,东旺路150弄（东二环路-东旺路）,诸暨市,88,34,2025-03-03 18:51:14
1012405079PB3TJY248W1,东三路（应山公园-东旺路）,诸暨市,44,42,2025-03-03 18:51:14
1012312298YXGS3Y2CBNL,东旺路188弄（东旺路-东二环路）,诸暨市,10,4,2025-03-03 18:51:14
1012312288YR7CTTSNVNL,苎萝东路（环城东路-东兴路）,诸暨市,86,51,2025-03-03 18:51:14
1012312288YR7V8S6IBCX,东一路88弄（东一路82弄-东一路）,诸暨市,27,20,2025-03-03 18:51:14
1012312288YR9ABOZHGCH,东二路（东旺路-东二环路）,诸暨市,47,23,2025-03-03 18:51:14
1012312288YR85VK6CYKH,和济路（东祥路-东旺路）,诸暨市,90,88,2025-03-03 18:51:13
10124013095GY8GDKUBY9,艮塔东路（高湖路-暨东路）,诸暨市,16,15,2025-03-03 18:51:13
1012401199375YC6OSJ5T,东三路（东二环路-东旺路）,诸暨市,121,60,2025-03-03 18:51:13
1012312288YRBP13VO9A9,江东路（望江二路-望江三路）,诸暨市,13,2,2025-03-03 18:51:13
1012312288YR5RTTNITC1,艮塔东路（江东路-高湖路）,诸暨市,39,27,2025-03-03 18:51:13
1012312288YR825E2P88X,苎萝东路（东二环路-东福路),诸暨市,115,80,2025-03-03 18:51:13
1012312288YR5NVRFEV41,东安路(东二路-苎萝东路),诸暨市,6,3,2025-03-03 18:51:13
1019QKKS3RWOFEP,人防大厦停车场,诸暨市,48,42,2025-03-03 18:51:13
1012312288YR8VUSTQYV5,东旺路182弄(康华大厦-东旺路),诸暨市,19,8,2025-03-03 18:51:13
1012312288YR9PO5N0TFL,苎萝东路（环城东路-东旺路）,诸暨市,54,31,2025-03-03 18:51:13
1019Q6UK2GUCAV5,市民公园地下停车场,诸暨市,227,147,2025-03-03 18:51:13
1012312288YR9HG704L4X,苎萝东路（东福路-东三环路）,诸暨市,107,107,2025-03-03 18:51:13
1012312288YR7N8PO2AYP,东一路68弄（东二路-东一路）,诸暨市,46,36,2025-03-03 18:51:13
1012312288YR64NIVVNK1,浣纱中路（西施大街-大桥东路）,诸暨市,23,9,2025-03-03 18:51:13
1012312288YRB62F6P9TT,浣纱南路（南兴路-南屏路）,诸暨市,60,36,2025-03-03 18:51:13
1019S5R3X1SOHS1,一百淘宝城停车场,诸暨市,105,40,2025-03-03 18:51:13
1012312298YXHTPH9LYPT,东二路123弄（东旺路188弄-东二路）,诸暨市,61,34,2025-03-03 18:51:13
1012405049OQ8ZNVP3U2P,苎萝东路（东二环路-东旺路）1,诸暨市,29,13,2025-03-03 18:51:13
1012312288YR79Z86T0XT,暨东路70弄（东一路-东旺路218弄）,诸暨市,32,20,2025-03-03 18:51:13
1012312288YR9VX35V2M9,苎萝东路（环城东路-东祥路）,诸暨市,17,4,2025-03-03 18:51:13
1012312288YR751NEO35T,东祥路（东二路-苎萝东路）,诸暨市,38,10,2025-03-03 18:51:13
1012312288YR7YF7Z1HXD,高湖路（望江二路-望江一路）,诸暨市,18,7,2025-03-03 18:51:13
10124012093FZKG7Y8M4H,永昌南路（东一路-东二路）,诸暨市,63,57,2025-03-03 18:51:13
1012312288YR5F42HE329,红旗路（人民中路-浣纱中路）,诸暨市,16,3,2025-03-03 18:51:13
1012312288YR3EFRI1BSX,滨江南路（滨江支路-浣东中路）,诸暨市,64,43,2025-03-03 18:40:01
1012312288YR6C3V37475,体育路（体育路-大桥东路）,诸暨市,8,2,2025-03-03 18:40:01
1012312298YXIV34CFDVL,东一路82弄（东二路123弄-东二路）,诸暨市,6,5,2025-03-03 18:40:01
1012312288YR7V8S6IBCX,东一路88弄（东一路82弄-东一路）,诸暨市,27,19,2025-03-03 18:40:01
1019N4FJ7J6DUYP,篮球场停车场,诸暨市,182,37,2025-03-03 18:40:01
1012312288YRC2EJF5N9D,望江三路（浣东北路-高湖路）,诸暨市,11,3,2025-03-03 18:40:01
1012312288YRBWX8BW5Q9,望江二路（浣东北路-高湖路）,诸暨市,5,2,2025-03-03 18:40:01
1019REU2R6D37Y9,城东公园地下停车场,诸暨市,601,336,2025-03-03 18:40:01
1012312288YRBS7JO7FUP,望江二路（高湖路-江东路）,诸暨市,10,6,2025-03-03 18:40:01
1012312298YXIJSNZ82YP,东二路129弄（东一路88弄-东二路123弄）,诸暨市,10,10,2025-03-03 18:40:01
1012312288YR9LAB60FEP,苎萝东路（东兴路-东安路）,诸暨市,45,33,2025-03-03 18:40:01
1019MAR69WRHHXD,西子公寓停车场,诸暨市,91,80,2025-03-03 18:40:01
1012312288YR9D2CJ4741,东二路（东祥路-环城东路）,诸暨市,25,5,2025-03-03 18:40:01
1019PDPET4GWE81,市民公园北面停车场,诸暨市,14,8,2025-03-03 18:40:01
1012312288YR3MBVY988X,东兴北路（江东路-福门路）,诸暨市,19,12,2025-03-03 18:40:01
1012312288YR89HS7SKXT,东旺路（东旺路150弄-东二路）,诸暨市,18,3,2025-03-03 18:40:01
1012312288YRBLMRYOUTD,江东路（望江一路-望江二路）,诸暨市,18,3,2025-03-03 18:40:01
1012312288YRB24CYLBLT,浣纱南路（苎萝路-南兴路）,诸暨市,19,17,2025-03-03 18:40:01
1012312268YDHM7XGW3Y9,艮塔东路（滨江北路-江东路),诸暨市,33,21,2025-03-03 18:40:01
1012312288YR5XYT44YKH,艮塔东路（苎萝东路-东二路）,诸暨市,142,106,2025-03-03 18:40:01
1012312288YR5JPT2UOZL,东兴路（苎萝东路-东二路）,诸暨市,62,37,2025-03-03 18:40:01
1019B4Y82CZPJ41,诸暨浣东中路停车场,诸暨市,37,28,2025-03-03 18:40:01
1012405079PB3TJY248W1,东三路（应山公园-东旺路）,诸暨市,44,42,2025-03-03 18:40:01
1012312288YR68DOZJDVL,体育路（体育路二弄-红旗路）,诸暨市,12,8,2025-03-03 18:40:01
1012312288YR6SFUARGU9,东祥路19弄（东祥路-环城东路）,诸暨市,12,3,2025-03-03 18:40:01
1012312288YR5UKH75K3L,艮塔东路（东二路-东一路),诸暨市,101,72,2025-03-03 18:40:01
1019JVX01UVMSCH,幸福家园停车场,诸暨市,72,13,2025-03-03 18:40:01
1012312288YR6EYGP1YWX,万风新世界（暨阳路-上庄路）,诸暨市,20,4,2025-03-03 18:40:01
1019PRTQD59LIWX,永乐路停车场,诸暨市,91,55,2025-03-03 18:40:01
1012312288YR3IHRSDDZ5,滨江南路（大桥东路-西施大街）,诸暨市,13,9,2025-03-03 18:40:01
1012312288YR61OZ7SOW1,浣纱中路（南屏路-西施大街）,诸暨市,14,5,2025-03-03 18:40:01
1012312288YRBA0HET81T,江东路（大桥东路-望江一路）,诸暨市,10,6,2025-03-03 18:40:01
1012312288YR825E2P88X,苎萝东路（东二环路-东福路),诸暨市,115,78,2025-03-03 18:40:00
1012312288YR5F42HE329,红旗路（人民中路-浣纱中路）,诸暨市,16,4,2025-03-03 18:40:00
1012312288YR5RTTNITC1,艮塔东路（江东路-高湖路）,诸暨市,39,22,2025-03-03 18:40:00
1019PDAS7RIP7GH,市民公园东北面停车场,诸暨市,27,13,2025-03-03 18:40:00
1012312288YR8ZSV1UX35,东旺路150弄（东二环路-东旺路）,诸暨市,88,32,2025-03-03 18:40:00
1012312288YR7HFKE4HKX,西施大街（浣纱中路-人民中路）,诸暨市,28,1,2025-03-03 18:40:00
1019QKKS3RWOFEP,人防大厦停车场,诸暨市,48,41,2025-03-03 18:40:00
10124012093FZKG7Y8M4H,永昌南路（东一路-东二路）,诸暨市,63,58,2025-03-03 18:40:00
1012312288YR7K67XR8CH,望江一路（浣东北路-江东路）,诸暨市,14,9,2025-03-03 18:40:00
1012312288YR7N8PO2AYP,东一路68弄（东二路-东一路）,诸暨市,46,37,2025-03-03 18:40:00
1012312288YR7CTTSNVNL,苎萝东路（环城东路-东兴路）,诸暨市,86,51,2025-03-03 18:40:00
1012312298YXGS3Y2CBNL,东旺路188弄（东旺路-东二环路）,诸暨市,10,3,2025-03-03 18:40:00
1012312288YR8VUSTQYV5,东旺路182弄(康华大厦-东旺路),诸暨市,19,9,2025-03-03 18:40:00
1012401199375YC6OSJ5T,东三路（东二环路-东旺路）,诸暨市,121,61,2025-03-03 18:40:00
1012312288YRBEU44Q1VL,滨江中路（艮塔东路-望江三路）,诸暨市,25,7,2025-03-03 18:40:00
1012312288YR7YF7Z1HXD,高湖路（望江二路-望江一路）,诸暨市,18,7,2025-03-03 18:40:00
1019SEVYY7X0W75,十里牌停车场,诸暨市,69,69,2025-03-03 18:40:00
1012312288YRBP13VO9A9,江东路（望江二路-望江三路）,诸暨市,13,1,2025-03-03 18:40:00
1012312288YR5B22720W1,大桥东路（江东路-五角广场）,诸暨市,58,40,2025-03-03 18:40:00
1012312288YR79Z86T0XT,暨东路70弄（东一路-东旺路218弄）,诸暨市,32,20,2025-03-03 18:40:00
1012312288YR8IX5J60OX,东旺路218弄（东旺路-融媒体中心）,诸暨市,29,19,2025-03-03 18:40:00
10124013095GY8GDKUBY9,艮塔东路（高湖路-暨东路）,诸暨市,16,15,2025-03-03 18:40:00
1012312288YR751NEO35T,东祥路（东二路-苎萝东路）,诸暨市,38,12,2025-03-03 18:40:00
1012312288YR9376YUBK1,东旺路（东旺路150弄-苎萝东路）,诸暨市,18,2,2025-03-03 18:40:00
1012312288YR64NIVVNK1,浣纱中路（西施大街-大桥东路）,诸暨市,23,8,2025-03-03 18:40:00
1012312288YR9PO5N0TFL,苎萝东路（环城东路-东旺路）,诸暨市,54,31,2025-03-03 18:40:00
1012312288YR5NVRFEV41,东安路(东二路-苎萝东路),诸暨市,6,3,2025-03-03 18:40:00
1012312288YR57VMEIUBL,大桥东路（大桥东路9号-江东路）,诸暨市,34,20,2025-03-03 18:40:00
1012312288YR9HG704L4X,苎萝东路（东福路-东三环路）,诸暨市,107,107,2025-03-03 18:40:00
1019Q6UK2GUCAV5,市民公园地下停车场,诸暨市,227,152,2025-03-03 18:40:00
1012405049OQ8ZNVP3U2P,苎萝东路（东二环路-东旺路）1,诸暨市,29,14,2025-03-03 18:40:00
1012312288YRADOD6CUM9,南兴路（南庠路-人民南路）,诸暨市,25,25,2025-03-03 18:40:00
1012312268YD5WN09GPVL,八一横路（暨阳路-无名路）,诸暨市,46,7,2025-03-03 18:40:00
10124013095HHCMD4CC1T,艮塔东路（交通银行）,诸暨市,35,29,2025-03-03 18:40:00
1012312288YRAJXAP73SX,滨江中路（望江二路-大桥东路）,诸暨市,45,33,2025-03-03 18:40:00
1012312288YR8GIC67LS1,东旺路218弄(东旺路206弄-融媒体中心）,诸暨市,22,17,2025-03-03 18:40:00
1019S5R3X1SOHS1,一百淘宝城停车场,诸暨市,105,40,2025-03-03 18:40:00
1012312288YR85VK6CYKH,和济路（东祥路-东旺路）,诸暨市,90,86,2025-03-03 18:40:00
1012312288YRBZRTXR0G1,望江三路（高湖路-江东路）,诸暨市,15,5,2025-03-03 18:40:00
1012312288YR9ABOZHGCH,东二路（东旺路-东二环路）,诸暨市,47,23,2025-03-03 18:40:00
1012312288YR53DTVACCH,滨江南路（西施大街-滨江支路）,诸暨市,33,29,2025-03-03 18:40:00
1012312288YR6IWIX5X4X,苎萝东路（东二环路-东旺路）,诸暨市,18,6,2025-03-03 18:40:00
10124013095H4QPBO8UF5,东兴路50弄,诸暨市,7,7,2025-03-03 18:40:00
1012312288YR9VX35V2M9,苎萝东路（环城东路-东祥路）,诸暨市,17,2,2025-03-03 18:40:00
1012312298YXHTPH9LYPT,东二路123弄（东旺路188弄-东二路）,诸暨市,61,34,2025-03-03 18:40:00
1012312288YRB62F6P9TT,浣纱南路（南兴路-南屏路）,诸暨市,60,34,2025-03-03 18:40:00
1012312288YRC518WKA2P,望江三路（江东路-滨江中路）,诸暨市,5,2,2025-03-03 18:40:00
1012312288YRAV3T06ARL,滨江中路（望江三路-望江二路）,诸暨市,30,18,2025-03-03 18:40:00
1012312288YRAXUGJT1J5,浣纱北路（大桥路-艮塔路）,诸暨市,59,25,2025-03-03 18:40:00
1019MAR69WRHHXD,西子公寓停车场,诸暨市,91,80,2025-03-03 18:31:14
1012312288YR7V8S6IBCX,东一路88弄（东一路82弄-东一路）,诸暨市,27,17,2025-03-03 18:31:14
1012312298YXIV34CFDVL,东一路82弄（东二路123弄-东二路）,诸暨市,6,5,2025-03-03 18:31:14
1012312288YR6C3V37475,体育路（体育路-大桥东路）,诸暨市,8,3,2025-03-03 18:31:14
1012312288YR5XYT44YKH,艮塔东路（苎萝东路-东二路）,诸暨市,142,103,2025-03-03 18:31:14
1012312288YR3EFRI1BSX,滨江南路（滨江支路-浣东中路）,诸暨市,64,39,2025-03-03 18:31:14
1012312288YR3MBVY988X,东兴北路（江东路-福门路）,诸暨市,19,16,2025-03-03 18:31:14
1019JVX01UVMSCH,幸福家园停车场,诸暨市,72,11,2025-03-03 18:31:14
1012312288YR6SFUARGU9,东祥路19弄（东祥路-环城东路）,诸暨市,12,3,2025-03-03 18:31:14
1019REU2R6D37Y9,城东公园地下停车场,诸暨市,601,337,2025-03-03 18:31:14
1012312268YDHM7XGW3Y9,艮塔东路（滨江北路-江东路),诸暨市,33,23,2025-03-03 18:31:14
1012312288YRAV3T06ARL,滨江中路（望江三路-望江二路）,诸暨市,30,18,2025-03-03 18:31:14
1019B4Y82CZPJ41,诸暨浣东中路停车场,诸暨市,37,28,2025-03-03 18:31:14
1012312288YR57VMEIUBL,大桥东路（大桥东路9号-江东路）,诸暨市,34,18,2025-03-03 18:31:14
1012405079PB3TJY248W1,东三路（应山公园-东旺路）,诸暨市,44,43,2025-03-03 18:31:14
1012312288YRBS7JO7FUP,望江二路（高湖路-江东路）,诸暨市,10,8,2025-03-03 18:31:14
1012312288YR5JPT2UOZL,东兴路（苎萝东路-东二路）,诸暨市,62,42,2025-03-03 18:31:14
1012312288YRBWX8BW5Q9,望江二路（浣东北路-高湖路）,诸暨市,5,2,2025-03-03 18:31:14
1012312288YR6EYGP1YWX,万风新世界（暨阳路-上庄路）,诸暨市,20,3,2025-03-03 18:31:14
1012312288YR9LAB60FEP,苎萝东路（东兴路-东安路）,诸暨市,45,34,2025-03-03 18:31:14
1012312288YRBA0HET81T,江东路（大桥东路-望江一路）,诸暨市,10,6,2025-03-03 18:31:14
1012312288YRB24CYLBLT,浣纱南路（苎萝路-南兴路）,诸暨市,19,18,2025-03-03 18:31:14
1012312288YR9D2CJ4741,东二路（东祥路-环城东路）,诸暨市,25,5,2025-03-03 18:31:14
1012312288YR68DOZJDVL,体育路（体育路二弄-红旗路）,诸暨市,12,9,2025-03-03 18:31:14
1012312288YRBI4HZHCE9,江东路（西施大街-大桥东路）,诸暨市,6,2,2025-03-03 18:31:14
1012312288YRBLMRYOUTD,江东路（望江一路-望江二路）,诸暨市,18,2,2025-03-03 18:31:14
1019PDPET4GWE81,市民公园北面停车场,诸暨市,14,8,2025-03-03 18:31:14
1012312288YRC2EJF5N9D,望江三路（浣东北路-高湖路）,诸暨市,11,4,2025-03-03 18:31:14
1012312288YR89HS7SKXT,东旺路（东旺路150弄-东二路）,诸暨市,18,3,2025-03-03 18:31:14
1012312288YR3IHRSDDZ5,滨江南路（大桥东路-西施大街）,诸暨市,13,8,2025-03-03 18:31:14
1019N4FJ7J6DUYP,篮球场停车场,诸暨市,182,37,2025-03-03 18:31:14
1012312288YR5B22720W1,大桥东路（江东路-五角广场）,诸暨市,58,39,2025-03-03 18:31:14
1012312298YXIJSNZ82YP,东二路129弄（东一路88弄-东二路123弄）,诸暨市,10,10,2025-03-03 18:31:14
1012312288YR5UKH75K3L,艮塔东路（东二路-东一路),诸暨市,101,73,2025-03-03 18:31:14
1012312288YR61OZ7SOW1,浣纱中路（南屏路-西施大街）,诸暨市,14,3,2025-03-03 18:31:14
1019PRTQD59LIWX,永乐路停车场,诸暨市,91,55,2025-03-03 18:31:14
1012312288YRBZRTXR0G1,望江三路（高湖路-江东路）,诸暨市,15,5,2025-03-03 18:31:13
10124013095GY8GDKUBY9,艮塔东路（高湖路-暨东路）,诸暨市,16,14,2025-03-03 18:31:13
1012312288YR85VK6CYKH,和济路（东祥路-东旺路）,诸暨市,90,86,2025-03-03 18:31:13
1012312288YR7N8PO2AYP,东一路68弄（东二路-东一路）,诸暨市,46,39,2025-03-03 18:31:13
1012312288YR9376YUBK1,东旺路（东旺路150弄-苎萝东路）,诸暨市,18,2,2025-03-03 18:31:13
1012312288YRBP13VO9A9,江东路（望江二路-望江三路）,诸暨市,13,3,2025-03-03 18:31:13
1019QKKS3RWOFEP,人防大厦停车场,诸暨市,48,42,2025-03-03 18:31:13
10124013095H4QPBO8UF5,东兴路50弄,诸暨市,7,7,2025-03-03 18:31:13
1012312288YR825E2P88X,苎萝东路（东二环路-东福路),诸暨市,115,75,2025-03-03 18:31:13
1012312298YXHTPH9LYPT,东二路123弄（东旺路188弄-东二路）,诸暨市,61,36,2025-03-03 18:31:13
1012312288YRAXUGJT1J5,浣纱北路（大桥路-艮塔路）,诸暨市,59,22,2025-03-03 18:31:13
1012312288YR64NIVVNK1,浣纱中路（西施大街-大桥东路）,诸暨市,23,7,2025-03-03 18:31:13
10124012093FZKG7Y8M4H,永昌南路（东一路-东二路）,诸暨市,63,53,2025-03-03 18:31:13
1012312288YR8ZSV1UX35,东旺路150弄（东二环路-东旺路）,诸暨市,88,33,2025-03-03 18:31:13
1012312288YR9HG704L4X,苎萝东路（东福路-东三环路）,诸暨市,107,107,2025-03-03 18:31:13
1012312288YR7CTTSNVNL,苎萝东路（环城东路-东兴路）,诸暨市,86,52,2025-03-03 18:31:13
1012312288YR6IWIX5X4X,苎萝东路（东二环路-东旺路）,诸暨市,18,6,2025-03-03 18:31:13
1012312288YR5RTTNITC1,艮塔东路（江东路-高湖路）,诸暨市,39,22,2025-03-03 18:31:13
1012312288YR8IX5J60OX,东旺路218弄（东旺路-融媒体中心）,诸暨市,29,20,2025-03-03 18:31:13
1012312268YD5WN09GPVL,八一横路（暨阳路-无名路）,诸暨市,46,5,2025-03-03 18:31:13
1012401199375YC6OSJ5T,东三路（东二环路-东旺路）,诸暨市,121,62,2025-03-03 18:31:13
1019SEVYY7X0W75,十里牌停车场,诸暨市,69,69,2025-03-03 18:31:13
1012312288YR9PO5N0TFL,苎萝东路（环城东路-东旺路）,诸暨市,54,34,2025-03-03 18:31:13
1012312288YR5NVRFEV41,东安路(东二路-苎萝东路),诸暨市,6,3,2025-03-03 18:31:13
1012312288YR7YF7Z1HXD,高湖路（望江二路-望江一路）,诸暨市,18,9,2025-03-03 18:31:13
1012312288YRBEU44Q1VL,滨江中路（艮塔东路-望江三路）,诸暨市,25,8,2025-03-03 18:31:13
1012312298YXGS3Y2CBNL,东旺路188弄（东旺路-东二环路）,诸暨市,10,2,2025-03-03 18:31:13
1012312288YR8VUSTQYV5,东旺路182弄(康华大厦-东旺路),诸暨市,19,9,2025-03-03 18:31:13
1012312288YR9ABOZHGCH,东二路（东旺路-东二环路）,诸暨市,47,23,2025-03-03 18:31:13
1019Q6UK2GUCAV5,市民公园地下停车场,诸暨市,227,155,2025-03-03 18:31:13
1019S5R3X1SOHS1,一百淘宝城停车场,诸暨市,105,40,2025-03-03 18:31:13
1012312288YRADOD6CUM9,南兴路（南庠路-人民南路）,诸暨市,25,25,2025-03-03 18:31:13
1012312288YR9VX35V2M9,苎萝东路（环城东路-东祥路）,诸暨市,17,1,2025-03-03 18:31:13
1012312288YR79Z86T0XT,暨东路70弄（东一路-东旺路218弄）,诸暨市,32,22,2025-03-03 18:31:13
1012312288YR53DTVACCH,滨江南路（西施大街-滨江支路）,诸暨市,33,29,2025-03-03 18:31:13
10124013095HHCMD4CC1T,艮塔东路（交通银行）,诸暨市,35,28,2025-03-03 18:31:13
1019PDAS7RIP7GH,市民公园东北面停车场,诸暨市,27,11,2025-03-03 18:31:13
1012312288YR7HFKE4HKX,西施大街（浣纱中路-人民中路）,诸暨市,28,3,2025-03-03 18:31:13
1012312288YR8GIC67LS1,东旺路218弄(东旺路206弄-融媒体中心）,诸暨市,22,17,2025-03-03 18:31:13
1012312288YR7K67XR8CH,望江一路（浣东北路-江东路）,诸暨市,14,10,2025-03-03 18:31:13
1012312288YRB62F6P9TT,浣纱南路（南兴路-南屏路）,诸暨市,60,34,2025-03-03 18:31:13
1012312288YRAJXAP73SX,滨江中路（望江二路-大桥东路）,诸暨市,45,30,2025-03-03 18:31:13
1012405049OQ8ZNVP3U2P,苎萝东路（东二环路-东旺路）1,诸暨市,29,14,2025-03-03 18:31:13
1012312288YR5F42HE329,红旗路（人民中路-浣纱中路）,诸暨市,16,1,2025-03-03 18:31:13
1012312288YRC518WKA2P,望江三路（江东路-滨江中路）,诸暨市,5,1,2025-03-03 18:31:13
1012312288YR751NEO35T,东祥路（东二路-苎萝东路）,诸暨市,38,12,2025-03-03 18:31:13
1012312288YR5JPT2UOZL,东兴路（苎萝东路-东二路）,诸暨市,62,42,2025-03-03 18:20:02
1019N4FJ7J6DUYP,篮球场停车场,诸暨市,182,38,2025-03-03 18:20:02
1012312288YRB24CYLBLT,浣纱南路（苎萝路-南兴路）,诸暨市,19,18,2025-03-03 18:20:02
1012312288YR3EFRI1BSX,滨江南路（滨江支路-浣东中路）,诸暨市,64,44,2025-03-03 18:20:02
1012312288YRBA0HET81T,江东路（大桥东路-望江一路）,诸暨市,10,6,2025-03-03 18:20:02
1012312298YXIJSNZ82YP,东二路129弄（东一路88弄-东二路123弄）,诸暨市,10,10,2025-03-03 18:20:02
1019REU2R6D37Y9,城东公园地下停车场,诸暨市,601,337,2025-03-03 18:20:02
1012312288YR3MBVY988X,东兴北路（江东路-福门路）,诸暨市,19,15,2025-03-03 18:20:02
1012312288YR5XYT44YKH,艮塔东路（苎萝东路-东二路）,诸暨市,142,102,2025-03-03 18:20:02
1012312288YRBS7JO7FUP,望江二路（高湖路-江东路）,诸暨市,10,7,2025-03-03 18:20:02
1012312288YRBWX8BW5Q9,望江二路（浣东北路-高湖路）,诸暨市,5,1,2025-03-03 18:20:02
1012312288YR68DOZJDVL,体育路（体育路二弄-红旗路）,诸暨市,12,9,2025-03-03 18:20:01
1012312288YR6SFUARGU9,东祥路19弄（东祥路-环城东路）,诸暨市,12,4,2025-03-03 18:20:01
1012312288YRC2EJF5N9D,望江三路（浣东北路-高湖路）,诸暨市,11,6,2025-03-03 18:20:01
1012312288YR9376YUBK1,东旺路（东旺路150弄-苎萝东路）,诸暨市,18,2,2025-03-03 18:20:01
1012312288YR61OZ7SOW1,浣纱中路（南屏路-西施大街）,诸暨市,14,2,2025-03-03 18:20:01
1019PDPET4GWE81,市民公园北面停车场,诸暨市,14,8,2025-03-03 18:20:01
1012312288YR7V8S6IBCX,东一路88弄（东一路82弄-东一路）,诸暨市,27,19,2025-03-03 18:20:01
1012312288YR7K67XR8CH,望江一路（浣东北路-江东路）,诸暨市,14,8,2025-03-03 18:20:01
1012312298YXIV34CFDVL,东一路82弄（东二路123弄-东二路）,诸暨市,6,5,2025-03-03 18:20:01
1012312288YR6IWIX5X4X,苎萝东路（东二环路-东旺路）,诸暨市,18,5,2025-03-03 18:20:01
1019PRTQD59LIWX,永乐路停车场,诸暨市,91,55,2025-03-03 18:20:01
1012312288YR6C3V37475,体育路（体育路-大桥东路）,诸暨市,8,1,2025-03-03 18:20:01
1012312288YRAXUGJT1J5,浣纱北路（大桥路-艮塔路）,诸暨市,59,20,2025-03-03 18:20:01
1012312288YRBLMRYOUTD,江东路（望江一路-望江二路）,诸暨市,18,3,2025-03-03 18:20:01
1012405079PB3TJY248W1,东三路（应山公园-东旺路）,诸暨市,44,43,2025-03-03 18:20:01
1012312288YR3IHRSDDZ5,滨江南路（大桥东路-西施大街）,诸暨市,13,9,2025-03-03 18:20:01
1012312268YD5WN09GPVL,八一横路（暨阳路-无名路）,诸暨市,46,9,2025-03-03 18:20:01
1012312288YR6EYGP1YWX,万风新世界（暨阳路-上庄路）,诸暨市,20,3,2025-03-03 18:20:01
10124013095H4QPBO8UF5,东兴路50弄,诸暨市,7,7,2025-03-03 18:20:01
1012312288YR5B22720W1,大桥东路（江东路-五角广场）,诸暨市,58,37,2025-03-03 18:20:01
1012312288YR9D2CJ4741,东二路（东祥路-环城东路）,诸暨市,25,4,2025-03-03 18:20:01
1012312288YR8ZSV1UX35,东旺路150弄（东二环路-东旺路）,诸暨市,88,33,2025-03-03 18:20:01
1019MAR69WRHHXD,西子公寓停车场,诸暨市,91,80,2025-03-03 18:20:01
1012312288YR5UKH75K3L,艮塔东路（东二路-东一路),诸暨市,101,71,2025-03-03 18:20:01
1012312298YXGS3Y2CBNL,东旺路188弄（东旺路-东二环路）,诸暨市,10,1,2025-03-03 18:20:01
1012312288YR9ABOZHGCH,东二路（东旺路-东二环路）,诸暨市,47,22,2025-03-03 18:20:01
1019B4Y82CZPJ41,诸暨浣东中路停车场,诸暨市,37,28,2025-03-03 18:20:01
1012312288YR89HS7SKXT,东旺路（东旺路150弄-东二路）,诸暨市,18,2,2025-03-03 18:20:01
1012312288YR53DTVACCH,滨江南路（西施大街-滨江支路）,诸暨市,33,28,2025-03-03 18:20:01
1019PDAS7RIP7GH,市民公园东北面停车场,诸暨市,27,12,2025-03-03 18:20:01
1012312288YRBI4HZHCE9,江东路（西施大街-大桥东路）,诸暨市,6,3,2025-03-03 18:20:01
1012312288YRBZRTXR0G1,望江三路（高湖路-江东路）,诸暨市,15,4,2025-03-03 18:20:01
1012312288YRADOD6CUM9,南兴路（南庠路-人民南路）,诸暨市,25,25,2025-03-03 18:20:01
10124013095HHCMD4CC1T,艮塔东路（交通银行）,诸暨市,35,27,2025-03-03 18:20:01
1012312288YR8GIC67LS1,东旺路218弄(东旺路206弄-融媒体中心）,诸暨市,22,18,2025-03-03 18:20:01
1012312288YR57VMEIUBL,大桥东路（大桥东路9号-江东路）,诸暨市,34,23,2025-03-03 18:20:01
1012312268YDHM7XGW3Y9,艮塔东路（滨江北路-江东路),诸暨市,33,19,2025-03-03 18:20:01
1012312288YRAJXAP73SX,滨江中路（望江二路-大桥东路）,诸暨市,45,30,2025-03-03 18:20:01
1019JVX01UVMSCH,幸福家园停车场,诸暨市,72,9,2025-03-03 18:20:01
1012312288YR9LAB60FEP,苎萝东路（东兴路-东安路）,诸暨市,45,36,2025-03-03 18:20:01
1012312288YRBEU44Q1VL,滨江中路（艮塔东路-望江三路）,诸暨市,25,7,2025-03-03 18:20:01
1012312288YRAV3T06ARL,滨江中路（望江三路-望江二路）,诸暨市,30,19,2025-03-03 18:20:01
1019SEVYY7X0W75,十里牌停车场,诸暨市,69,69,2025-03-03 18:20:01
1012312288YR7CTTSNVNL,苎萝东路（环城东路-东兴路）,诸暨市,86,55,2025-03-03 18:20:01
1012312288YRC518WKA2P,望江三路（江东路-滨江中路）,诸暨市,5,1,2025-03-03 18:20:01
1012312288YR8IX5J60OX,东旺路218弄（东旺路-融媒体中心）,诸暨市,29,18,2025-03-03 18:20:01
1012312298YXHTPH9LYPT,东二路123弄（东旺路188弄-东二路）,诸暨市,61,37,2025-03-03 18:20:00
1012312288YR85VK6CYKH,和济路（东祥路-东旺路）,诸暨市,90,86,2025-03-03 18:20:00
1012312288YR9PO5N0TFL,苎萝东路（环城东路-东旺路）,诸暨市,54,31,2025-03-03 18:20:00
1012312288YR64NIVVNK1,浣纱中路（西施大街-大桥东路）,诸暨市,23,8,2025-03-03 18:20:00
1012312288YR9VX35V2M9,苎萝东路（环城东路-东祥路）,诸暨市,17,1,2025-03-03 18:20:00
1012401199375YC6OSJ5T,东三路（东二环路-东旺路）,诸暨市,121,66,2025-03-03 18:20:00
1019S5R3X1SOHS1,一百淘宝城停车场,诸暨市,105,40,2025-03-03 18:20:00
1012312288YRB62F6P9TT,浣纱南路（南兴路-南屏路）,诸暨市,60,34,2025-03-03 18:20:00
1019Q6UK2GUCAV5,市民公园地下停车场,诸暨市,227,156,2025-03-03 18:20:00
1012312288YR7YF7Z1HXD,高湖路（望江二路-望江一路）,诸暨市,18,7,2025-03-03 18:20:00
1012312288YRBP13VO9A9,江东路（望江二路-望江三路）,诸暨市,13,2,2025-03-03 18:20:00
1012312288YR5F42HE329,红旗路（人民中路-浣纱中路）,诸暨市,16,1,2025-03-03 18:20:00
1012312288YR5RTTNITC1,艮塔东路（江东路-高湖路）,诸暨市,39,21,2025-03-03 18:20:00
1019QKKS3RWOFEP,人防大厦停车场,诸暨市,48,42,2025-03-03 18:20:00
10124013095GY8GDKUBY9,艮塔东路（高湖路-暨东路）,诸暨市,16,15,2025-03-03 18:20:00
1012312288YR7N8PO2AYP,东一路68弄（东二路-东一路）,诸暨市,46,40,2025-03-03 18:20:00
1012312288YR751NEO35T,东祥路（东二路-苎萝东路）,诸暨市,38,10,2025-03-03 18:20:00
1012312288YR5NVRFEV41,东安路(东二路-苎萝东路),诸暨市,6,2,2025-03-03 18:20:00
1012312288YR9HG704L4X,苎萝东路（东福路-东三环路）,诸暨市,107,107,2025-03-03 18:20:00
10124012093FZKG7Y8M4H,永昌南路（东一路-东二路）,诸暨市,63,55,2025-03-03 18:20:00
1012312288YR825E2P88X,苎萝东路（东二环路-东福路),诸暨市,115,77,2025-03-03 18:20:00
1012312288YR8VUSTQYV5,东旺路182弄(康华大厦-东旺路),诸暨市,19,9,2025-03-03 18:20:00
1012312288YR79Z86T0XT,暨东路70弄（东一路-东旺路218弄）,诸暨市,32,23,2025-03-03 18:20:00
1012405049OQ8ZNVP3U2P,苎萝东路（东二环路-东旺路）1,诸暨市,29,13,2025-03-03 18:20:00
1012312288YRB24CYLBLT,浣纱南路（苎萝路-南兴路）,诸暨市,19,17,2025-03-03 18:11:14
1012312288YRBS7JO7FUP,望江二路（高湖路-江东路）,诸暨市,10,7,2025-03-03 18:11:14
1012312288YR3MBVY988X,东兴北路（江东路-福门路）,诸暨市,19,15,2025-03-03 18:11:14
1019REU2R6D37Y9,城东公园地下停车场,诸暨市,601,338,2025-03-03 18:11:14
1012312288YR3EFRI1BSX,滨江南路（滨江支路-浣东中路）,诸暨市,64,43,2025-03-03 18:11:14
1012312288YRBA0HET81T,江东路（大桥东路-望江一路）,诸暨市,10,6,2025-03-03 18:11:14
1012312298YXIJSNZ82YP,东二路129弄（东一路88弄-东二路123弄）,诸暨市,10,10,2025-03-03 18:11:14
1019N4FJ7J6DUYP,篮球场停车场,诸暨市,182,38,2025-03-03 18:11:14
1012312288YR3IHRSDDZ5,滨江南路（大桥东路-西施大街）,诸暨市,13,10,2025-03-03 18:11:14
1012312288YRBWX8BW5Q9,望江二路（浣东北路-高湖路）,诸暨市,5,2,2025-03-03 18:11:14
1012312288YR5JPT2UOZL,东兴路（苎萝东路-东二路）,诸暨市,62,40,2025-03-03 18:11:14
1012312288YR5XYT44YKH,艮塔东路（苎萝东路-东二路）,诸暨市,142,102,2025-03-03 18:11:14
1012312288YR5RTTNITC1,艮塔东路（江东路-高湖路）,诸暨市,39,18,2025-03-03 18:11:13
1012312288YR61OZ7SOW1,浣纱中路（南屏路-西施大街）,诸暨市,14,4,2025-03-03 18:11:13
1012312288YR68DOZJDVL,体育路（体育路二弄-红旗路）,诸暨市,12,9,2025-03-03 18:11:13
1012312268YD5WN09GPVL,八一横路（暨阳路-无名路）,诸暨市,46,9,2025-03-03 18:11:13
1012312288YR6IWIX5X4X,苎萝东路（东二环路-东旺路）,诸暨市,18,4,2025-03-03 18:11:13
1012312288YR6C3V37475,体育路（体育路-大桥东路）,诸暨市,8,1,2025-03-03 18:11:13
10124013095HHCMD4CC1T,艮塔东路（交通银行）,诸暨市,35,28,2025-03-03 18:11:13
1012312288YRADOD6CUM9,南兴路（南庠路-人民南路）,诸暨市,25,25,2025-03-03 18:11:13
1012312298YXIV34CFDVL,东一路82弄（东二路123弄-东二路）,诸暨市,6,6,2025-03-03 18:11:13
1012312288YRAXUGJT1J5,浣纱北路（大桥路-艮塔路）,诸暨市,59,21,2025-03-03 18:11:13
1012312288YR9LAB60FEP,苎萝东路（东兴路-东安路）,诸暨市,45,34,2025-03-03 18:11:13
1019JVX01UVMSCH,幸福家园停车场,诸暨市,72,8,2025-03-03 18:11:13
1012312288YR79Z86T0XT,暨东路70弄（东一路-东旺路218弄）,诸暨市,32,24,2025-03-03 18:11:13
1012312288YR7HFKE4HKX,西施大街（浣纱中路-人民中路）,诸暨市,28,4,2025-03-03 18:11:13
1012312288YR57VMEIUBL,大桥东路（大桥东路9号-江东路）,诸暨市,34,25,2025-03-03 18:11:13
1012312288YR8IX5J60OX,东旺路218弄（东旺路-融媒体中心）,诸暨市,29,17,2025-03-03 18:11:13
1012312288YR9ABOZHGCH,东二路（东旺路-东二环路）,诸暨市,47,22,2025-03-03 18:11:13
1012312288YR7K67XR8CH,望江一路（浣东北路-江东路）,诸暨市,14,9,2025-03-03 18:11:13
1012312288YR53DTVACCH,滨江南路（西施大街-滨江支路）,诸暨市,33,27,2025-03-03 18:11:13
1012312288YRC2EJF5N9D,望江三路（浣东北路-高湖路）,诸暨市,11,5,2025-03-03 18:11:13
1012312288YR5B22720W1,大桥东路（江东路-五角广场）,诸暨市,58,39,2025-03-03 18:11:13
10124013095GY8GDKUBY9,艮塔东路（高湖路-暨东路）,诸暨市,16,16,2025-03-03 18:11:13
1019SEVYY7X0W75,十里牌停车场,诸暨市,69,69,2025-03-03 18:11:13
1012312288YR6EYGP1YWX,万风新世界（暨阳路-上庄路）,诸暨市,20,3,2025-03-03 18:11:13
1019PDAS7RIP7GH,市民公园东北面停车场,诸暨市,27,11,2025-03-03 18:11:13
1012312288YRBI4HZHCE9,江东路（西施大街-大桥东路）,诸暨市,6,3,2025-03-03 18:11:13
1019MAR69WRHHXD,西子公寓停车场,诸暨市,91,81,2025-03-03 18:11:13
1019PRTQD59LIWX,永乐路停车场,诸暨市,91,55,2025-03-03 18:11:13
1012312268YDHM7XGW3Y9,艮塔东路（滨江北路-江东路),诸暨市,33,22,2025-03-03 18:11:13
1012312288YR9376YUBK1,东旺路（东旺路150弄-苎萝东路）,诸暨市,18,2,2025-03-03 18:11:13
1012312288YRBLMRYOUTD,江东路（望江一路-望江二路）,诸暨市,18,3,2025-03-03 18:11:13
1012312288YR825E2P88X,苎萝东路（东二环路-东福路),诸暨市,115,79,2025-03-03 18:11:13
1012405079PB3TJY248W1,东三路（应山公园-东旺路）,诸暨市,44,42,2025-03-03 18:11:13
1012312288YRAJXAP73SX,滨江中路（望江二路-大桥东路）,诸暨市,45,32,2025-03-03 18:11:13
1012312288YR7CTTSNVNL,苎萝东路（环城东路-东兴路）,诸暨市,86,58,2025-03-03 18:11:13
1012312288YRBEU44Q1VL,滨江中路（艮塔东路-望江三路）,诸暨市,25,8,2025-03-03 18:11:13
10124013095H4QPBO8UF5,东兴路50弄,诸暨市,7,7,2025-03-03 18:11:13
1019PDPET4GWE81,市民公园北面停车场,诸暨市,14,8,2025-03-03 18:11:13
1012312288YR9D2CJ4741,东二路（东祥路-环城东路）,诸暨市,25,6,2025-03-03 18:11:13
1012312288YR5UKH75K3L,艮塔东路（东二路-东一路),诸暨市,101,72,2025-03-03 18:11:13
1012312288YR8GIC67LS1,东旺路218弄(东旺路206弄-融媒体中心）,诸暨市,22,18,2025-03-03 18:11:13
1019B4Y82CZPJ41,诸暨浣东中路停车场,诸暨市,37,27,2025-03-03 18:11:13
1012312288YR89HS7SKXT,东旺路（东旺路150弄-东二路）,诸暨市,18,1,2025-03-03 18:11:13
1012312288YR751NEO35T,东祥路（东二路-苎萝东路）,诸暨市,38,13,2025-03-03 18:11:13
1012312288YR8ZSV1UX35,东旺路150弄（东二环路-东旺路）,诸暨市,88,32,2025-03-03 18:11:13
1012312298YXGS3Y2CBNL,东旺路188弄（东旺路-东二环路）,诸暨市,10,2,2025-03-03 18:11:13
1012312288YRBZRTXR0G1,望江三路（高湖路-江东路）,诸暨市,15,5,2025-03-03 18:11:13
1012312288YR7V8S6IBCX,东一路88弄（东一路82弄-东一路）,诸暨市,27,19,2025-03-03 18:11:13
1012312288YRAV3T06ARL,滨江中路（望江三路-望江二路）,诸暨市,30,20,2025-03-03 18:11:13
1012312288YR6SFUARGU9,东祥路19弄（东祥路-环城东路）,诸暨市,12,3,2025-03-03 18:11:13
1012312288YR5F42HE329,红旗路（人民中路-浣纱中路）,诸暨市,16,1,2025-03-03 18:11:12
1012312288YR9PO5N0TFL,苎萝东路（环城东路-东旺路）,诸暨市,54,31,2025-03-03 18:11:12
1012312288YR64NIVVNK1,浣纱中路（西施大街-大桥东路）,诸暨市,23,10,2025-03-03 18:11:12
1019Q6UK2GUCAV5,市民公园地下停车场,诸暨市,227,156,2025-03-03 18:11:12
1012312288YR7YF7Z1HXD,高湖路（望江二路-望江一路）,诸暨市,18,9,2025-03-03 18:11:12
1012312298YXHTPH9LYPT,东二路123弄（东旺路188弄-东二路）,诸暨市,61,37,2025-03-03 18:11:12
1019S5R3X1SOHS1,一百淘宝城停车场,诸暨市,105,40,2025-03-03 18:11:12
1019QKKS3RWOFEP,人防大厦停车场,诸暨市,48,40,2025-03-03 18:11:12
10124012093FZKG7Y8M4H,永昌南路（东一路-东二路）,诸暨市,63,52,2025-03-03 18:11:12
1012312288YR85VK6CYKH,和济路（东祥路-东旺路）,诸暨市,90,87,2025-03-03 18:11:12
1012312288YR5NVRFEV41,东安路(东二路-苎萝东路),诸暨市,6,2,2025-03-03 18:11:12
1012312288YR8VUSTQYV5,东旺路182弄(康华大厦-东旺路),诸暨市,19,10,2025-03-03 18:11:12
1012312288YR9HG704L4X,苎萝东路（东福路-东三环路）,诸暨市,107,107,2025-03-03 18:11:12
1012312288YRBP13VO9A9,江东路（望江二路-望江三路）,诸暨市,13,3,2025-03-03 18:11:12
1012312288YR7N8PO2AYP,东一路68弄（东二路-东一路）,诸暨市,46,36,2025-03-03 18:11:12
1012312288YRB62F6P9TT,浣纱南路（南兴路-南屏路）,诸暨市,60,37,2025-03-03 18:11:12
1012312288YR9VX35V2M9,苎萝东路（环城东路-东祥路）,诸暨市,17,1,2025-03-03 18:11:12
1012401199375YC6OSJ5T,东三路（东二环路-东旺路）,诸暨市,121,68,2025-03-03 18:11:12
1012405049OQ8ZNVP3U2P,苎萝东路（东二环路-东旺路）1,诸暨市,29,13,2025-03-03 18:11:12
1019N4FJ7J6DUYP,篮球场停车场,诸暨市,182,38,2025-03-03 18:01:18
1012312288YRBA0HET81T,江东路（大桥东路-望江一路）,诸暨市,10,4,2025-03-03 18:01:18
1012312288YR3EFRI1BSX,滨江南路（滨江支路-浣东中路）,诸暨市,64,46,2025-03-03 18:01:18
1012312288YR5JPT2UOZL,东兴路（苎萝东路-东二路）,诸暨市,62,42,2025-03-03 18:01:18
1012312298YXIJSNZ82YP,东二路129弄（东一路88弄-东二路123弄）,诸暨市,10,10,2025-03-03 18:01:18
1019REU2R6D37Y9,城东公园地下停车场,诸暨市,601,337,2025-03-03 18:01:18
1012312288YRB24CYLBLT,浣纱南路（苎萝路-南兴路）,诸暨市,19,15,2025-03-03 18:01:17
1012312298YXIV34CFDVL,东一路82弄（东二路123弄-东二路）,诸暨市,6,6,2025-03-03 18:01:17
1012312288YR6EYGP1YWX,万风新世界（暨阳路-上庄路）,诸暨市,20,3,2025-03-03 18:01:17
1012312288YR89HS7SKXT,东旺路（东旺路150弄-东二路）,诸暨市,18,2,2025-03-03 18:01:17
1019JVX01UVMSCH,幸福家园停车场,诸暨市,72,7,2025-03-03 18:01:17
1012312268YDHM7XGW3Y9,艮塔东路（滨江北路-江东路),诸暨市,33,20,2025-03-03 18:01:17
1012312288YR68DOZJDVL,体育路（体育路二弄-红旗路）,诸暨市,12,8,2025-03-03 18:01:17
1012312288YR57VMEIUBL,大桥东路（大桥东路9号-江东路）,诸暨市,34,26,2025-03-03 18:01:17
1019PDPET4GWE81,市民公园北面停车场,诸暨市,14,6,2025-03-03 18:01:17
1019MAR69WRHHXD,西子公寓停车场,诸暨市,91,80,2025-03-03 18:01:17
1012312288YR3MBVY988X,东兴北路（江东路-福门路）,诸暨市,19,14,2025-03-03 18:01:17
1012312288YRBWX8BW5Q9,望江二路（浣东北路-高湖路）,诸暨市,5,2,2025-03-03 18:01:17
1012405079PB3TJY248W1,东三路（应山公园-东旺路）,诸暨市,44,43,2025-03-03 18:01:17
10124013095HHCMD4CC1T,艮塔东路（交通银行）,诸暨市,35,31,2025-03-03 18:01:17
1012312288YRC2EJF5N9D,望江三路（浣东北路-高湖路）,诸暨市,11,6,2025-03-03 18:01:17
1012312288YR9LAB60FEP,苎萝东路（东兴路-东安路）,诸暨市,45,34,2025-03-03 18:01:17
1012312288YR7V8S6IBCX,东一路88弄（东一路82弄-东一路）,诸暨市,27,19,2025-03-03 18:01:17
1012312288YR3IHRSDDZ5,滨江南路（大桥东路-西施大街）,诸暨市,13,7,2025-03-03 18:01:17
1012312288YRBLMRYOUTD,江东路（望江一路-望江二路）,诸暨市,18,4,2025-03-03 18:01:17
1019PRTQD59LIWX,永乐路停车场,诸暨市,91,55,2025-03-03 18:01:17
1012312288YR5B22720W1,大桥东路（江东路-五角广场）,诸暨市,58,40,2025-03-03 18:01:17
1012312288YR61OZ7SOW1,浣纱中路（南屏路-西施大街）,诸暨市,14,4,2025-03-03 18:01:17
1012312288YR5XYT44YKH,艮塔东路（苎萝东路-东二路）,诸暨市,142,104,2025-03-03 18:01:17
1019B4Y82CZPJ41,诸暨浣东中路停车场,诸暨市,37,28,2025-03-03 18:01:17
1012312288YR9ABOZHGCH,东二路（东旺路-东二环路）,诸暨市,47,25,2025-03-03 18:01:17
1012312288YRBI4HZHCE9,江东路（西施大街-大桥东路）,诸暨市,6,3,2025-03-03 18:01:17
1012312288YR5UKH75K3L,艮塔东路（东二路-东一路),诸暨市,101,70,2025-03-03 18:01:17
1012312288YR9D2CJ4741,东二路（东祥路-环城东路）,诸暨市,25,7,2025-03-03 18:01:17
1012312288YRAJXAP73SX,滨江中路（望江二路-大桥东路）,诸暨市,45,30,2025-03-03 18:01:17
1012312288YR6C3V37475,体育路（体育路-大桥东路）,诸暨市,8,1,2025-03-03 18:01:17
1012312288YRAV3T06ARL,滨江中路（望江三路-望江二路）,诸暨市,30,23,2025-03-03 18:01:17
1012312288YR6SFUARGU9,东祥路19弄（东祥路-环城东路）,诸暨市,12,3,2025-03-03 18:01:17
1012312288YRBS7JO7FUP,望江二路（高湖路-江东路）,诸暨市,10,6,2025-03-03 18:01:17
1012312288YR6IWIX5X4X,苎萝东路（东二环路-东旺路）,诸暨市,18,6,2025-03-03 18:01:16
1012312288YR5RTTNITC1,艮塔东路（江东路-高湖路）,诸暨市,39,17,2025-03-03 18:01:16
1012312288YR53DTVACCH,滨江南路（西施大街-滨江支路）,诸暨市,33,27,2025-03-03 18:01:16
1012312288YR7YF7Z1HXD,高湖路（望江二路-望江一路）,诸暨市,18,8,2025-03-03 18:01:16
10124013095GY8GDKUBY9,艮塔东路（高湖路-暨东路）,诸暨市,16,15,2025-03-03 18:01:16
1019S5R3X1SOHS1,一百淘宝城停车场,诸暨市,105,40,2025-03-03 18:01:16
1019QKKS3RWOFEP,人防大厦停车场,诸暨市,48,34,2025-03-03 18:01:16
1012312288YR751NEO35T,东祥路（东二路-苎萝东路）,诸暨市,38,10,2025-03-03 18:01:16
1012312288YRBEU44Q1VL,滨江中路（艮塔东路-望江三路）,诸暨市,25,11,2025-03-03 18:01:16
1012312288YR79Z86T0XT,暨东路70弄（东一路-东旺路218弄）,诸暨市,32,26,2025-03-03 18:01:16
1012312288YR7K67XR8CH,望江一路（浣东北路-江东路）,诸暨市,14,8,2025-03-03 18:01:16
1012312288YR5F42HE329,红旗路（人民中路-浣纱中路）,诸暨市,16,1,2025-03-03 18:01:16
10124012093FZKG7Y8M4H,永昌南路（东一路-东二路）,诸暨市,63,53,2025-03-03 18:01:16
1012312298YXGS3Y2CBNL,东旺路188弄（东旺路-东二环路）,诸暨市,10,4,2025-03-03 18:01:16
1019SEVYY7X0W75,十里牌停车场,诸暨市,69,69,2025-03-03 18:01:16
1012312288YRBZRTXR0G1,望江三路（高湖路-江东路）,诸暨市,15,4,2025-03-03 18:01:16
1012312288YR5NVRFEV41,东安路(东二路-苎萝东路),诸暨市,6,2,2025-03-03 18:01:16
1012312288YR825E2P88X,苎萝东路（东二环路-东福路),诸暨市,115,76,2025-03-03 18:01:16
1012312288YR8GIC67LS1,东旺路218弄(东旺路206弄-融媒体中心）,诸暨市,22,19,2025-03-03 18:01:16
1012312288YR8ZSV1UX35,东旺路150弄（东二环路-东旺路）,诸暨市,88,32,2025-03-03 18:01:16
1012312288YRB62F6P9TT,浣纱南路（南兴路-南屏路）,诸暨市,60,37,2025-03-03 18:01:16
1012312288YR8IX5J60OX,东旺路218弄（东旺路-融媒体中心）,诸暨市,29,16,2025-03-03 18:01:16
1012312288YRBP13VO9A9,江东路（望江二路-望江三路）,诸暨市,13,3,2025-03-03 18:01:16
1012312268YD5WN09GPVL,八一横路（暨阳路-无名路）,诸暨市,46,11,2025-03-03 18:01:16
1012401199375YC6OSJ5T,东三路（东二环路-东旺路）,诸暨市,121,68,2025-03-03 18:01:16
1012312288YRADOD6CUM9,南兴路（南庠路-人民南路）,诸暨市,25,25,2025-03-03 18:01:16
1012312288YR7CTTSNVNL,苎萝东路（环城东路-东兴路）,诸暨市,86,58,2025-03-03 18:01:16
1012312288YR8VUSTQYV5,东旺路182弄(康华大厦-东旺路),诸暨市,19,11,2025-03-03 18:01:16
1019Q6UK2GUCAV5,市民公园地下停车场,诸暨市,227,156,2025-03-03 18:01:16
1012312288YR7N8PO2AYP,东一路68弄（东二路-东一路）,诸暨市,46,36,2025-03-03 18:01:16
1012312288YR85VK6CYKH,和济路（东祥路-东旺路）,诸暨市,90,85,2025-03-03 18:01:16
1012312288YR9HG704L4X,苎萝东路（东福路-东三环路）,诸暨市,107,107,2025-03-03 18:01:16
1012312298YXHTPH9LYPT,东二路123弄（东旺路188弄-东二路）,诸暨市,61,35,2025-03-03 18:01:16
1019PDAS7RIP7GH,市民公园东北面停车场,诸暨市,27,12,2025-03-03 18:01:16
1012312288YR9376YUBK1,东旺路（东旺路150弄-苎萝东路）,诸暨市,18,3,2025-03-03 18:01:16
1012312288YR7HFKE4HKX,西施大街（浣纱中路-人民中路）,诸暨市,28,4,2025-03-03 18:01:16
1012312288YR9PO5N0TFL,苎萝东路（环城东路-东旺路）,诸暨市,54,34,2025-03-03 18:01:16
10124013095H4QPBO8UF5,东兴路50弄,诸暨市,7,7,2025-03-03 18:01:16
1012312288YRAXUGJT1J5,浣纱北路（大桥路-艮塔路）,诸暨市,59,23,2025-03-03 18:01:16
1012312288YR64NIVVNK1,浣纱中路（西施大街-大桥东路）,诸暨市,23,12,2025-03-03 18:01:16
1012312288YR9VX35V2M9,苎萝东路（环城东路-东祥路）,诸暨市,17,1,2025-03-03 18:01:16
1012405049OQ8ZNVP3U2P,苎萝东路（东二环路-东旺路）1,诸暨市,29,14,2025-03-03 18:01:16
1019B4Y82CZPJ41,诸暨浣东中路停车场,诸暨市,37,27,2025-03-03 17:51:14
1012312288YR3MBVY988X,东兴北路（江东路-福门路）,诸暨市,19,13,2025-03-03 17:51:14
1012312288YR68DOZJDVL,体育路（体育路二弄-红旗路）,诸暨市,12,8,2025-03-03 17:51:14
1019N4FJ7J6DUYP,篮球场停车场,诸暨市,182,38,2025-03-03 17:51:14
1012312298YXIJSNZ82YP,东二路129弄（东一路88弄-东二路123弄）,诸暨市,10,10,2025-03-03 17:51:14
1019JVX01UVMSCH,幸福家园停车场,诸暨市,72,7,2025-03-03 17:51:14
1012312288YR9LAB60FEP,苎萝东路（东兴路-东安路）,诸暨市,45,35,2025-03-03 17:51:14
1012312288YR61OZ7SOW1,浣纱中路（南屏路-西施大街）,诸暨市,14,2,2025-03-03 17:51:14
1012312288YR6SFUARGU9,东祥路19弄（东祥路-环城东路）,诸暨市,12,1,2025-03-03 17:51:14
1019MAR69WRHHXD,西子公寓停车场,诸暨市,91,80,2025-03-03 17:51:14
1012312288YRC2EJF5N9D,望江三路（浣东北路-高湖路）,诸暨市,11,6,2025-03-03 17:51:14
1012312288YRBLMRYOUTD,江东路（望江一路-望江二路）,诸暨市,18,6,2025-03-03 17:51:14
1019REU2R6D37Y9,城东公园地下停车场,诸暨市,601,337,2025-03-03 17:51:14
1012312288YR5XYT44YKH,艮塔东路（苎萝东路-东二路）,诸暨市,142,108,2025-03-03 17:51:14
1012312288YRBS7JO7FUP,望江二路（高湖路-江东路）,诸暨市,10,6,2025-03-03 17:51:14
1019PDPET4GWE81,市民公园北面停车场,诸暨市,14,6,2025-03-03 17:51:14
1019PRTQD59LIWX,永乐路停车场,诸暨市,91,55,2025-03-03 17:51:14
1012405079PB3TJY248W1,东三路（应山公园-东旺路）,诸暨市,44,44,2025-03-03 17:51:14
1012312288YR5JPT2UOZL,东兴路（苎萝东路-东二路）,诸暨市,62,46,2025-03-03 17:51:14
1012312288YR7V8S6IBCX,东一路88弄（东一路82弄-东一路）,诸暨市,27,17,2025-03-03 17:51:14
1012312288YR89HS7SKXT,东旺路（东旺路150弄-东二路）,诸暨市,18,1,2025-03-03 17:51:14
1012312288YR9D2CJ4741,东二路（东祥路-环城东路）,诸暨市,25,8,2025-03-03 17:51:14
1012312288YR6C3V37475,体育路（体育路-大桥东路）,诸暨市,8,2,2025-03-03 17:51:14
1012312288YRB24CYLBLT,浣纱南路（苎萝路-南兴路）,诸暨市,19,14,2025-03-03 17:51:14
1012312288YR3IHRSDDZ5,滨江南路（大桥东路-西施大街）,诸暨市,13,8,2025-03-03 17:51:14
1012312288YRBI4HZHCE9,江东路（西施大街-大桥东路）,诸暨市,6,3,2025-03-03 17:51:14
1012312288YR3EFRI1BSX,滨江南路（滨江支路-浣东中路）,诸暨市,64,46,2025-03-03 17:51:14
1012312288YRBWX8BW5Q9,望江二路（浣东北路-高湖路）,诸暨市,5,4,2025-03-03 17:51:14
1012312288YRBA0HET81T,江东路（大桥东路-望江一路）,诸暨市,10,6,2025-03-03 17:51:14
1012312288YRAXUGJT1J5,浣纱北路（大桥路-艮塔路）,诸暨市,59,24,2025-03-03 17:51:13
1012312298YXHTPH9LYPT,东二路123弄（东旺路188弄-东二路）,诸暨市,61,31,2025-03-03 17:51:13
10124013095H4QPBO8UF5,东兴路50弄,诸暨市,7,7,2025-03-03 17:51:13
1012312288YR5B22720W1,大桥东路（江东路-五角广场）,诸暨市,58,40,2025-03-03 17:51:13
1012312288YR8GIC67LS1,东旺路218弄(东旺路206弄-融媒体中心）,诸暨市,22,15,2025-03-03 17:51:13
1012312288YR9376YUBK1,东旺路（东旺路150弄-苎萝东路）,诸暨市,18,2,2025-03-03 17:51:13
1012312288YR8IX5J60OX,东旺路218弄（东旺路-融媒体中心）,诸暨市,29,19,2025-03-03 17:51:13
1012312288YR7HFKE4HKX,西施大街（浣纱中路-人民中路）,诸暨市,28,4,2025-03-03 17:51:13
1012312288YRC518WKA2P,望江三路（江东路-滨江中路）,诸暨市,5,1,2025-03-03 17:51:13
1012312298YXGS3Y2CBNL,东旺路188弄（东旺路-东二环路）,诸暨市,10,4,2025-03-03 17:51:13
1012312268YDHM7XGW3Y9,艮塔东路（滨江北路-江东路),诸暨市,33,19,2025-03-03 17:51:13
1012312288YRAV3T06ARL,滨江中路（望江三路-望江二路）,诸暨市,30,23,2025-03-03 17:51:13
1012312288YR5RTTNITC1,艮塔东路（江东路-高湖路）,诸暨市,39,20,2025-03-03 17:51:13
1012312288YR57VMEIUBL,大桥东路（大桥东路9号-江东路）,诸暨市,34,27,2025-03-03 17:51:13
1012312268YD5WN09GPVL,八一横路（暨阳路-无名路）,诸暨市,46,11,2025-03-03 17:51:13
1012312288YR7N8PO2AYP,东一路68弄（东二路-东一路）,诸暨市,46,35,2025-03-03 17:51:13
1012312288YR53DTVACCH,滨江南路（西施大街-滨江支路）,诸暨市,33,25,2025-03-03 17:51:13
1012312288YR5UKH75K3L,艮塔东路（东二路-东一路),诸暨市,101,69,2025-03-03 17:51:13
1012312288YR7K67XR8CH,望江一路（浣东北路-江东路）,诸暨市,14,8,2025-03-03 17:51:13
1012312288YR8ZSV1UX35,东旺路150弄（东二环路-东旺路）,诸暨市,88,44,2025-03-03 17:51:13
1012312298YXIV34CFDVL,东一路82弄（东二路123弄-东二路）,诸暨市,6,6,2025-03-03 17:51:13
1019PDAS7RIP7GH,市民公园东北面停车场,诸暨市,27,12,2025-03-03 17:51:13
1012312288YRADOD6CUM9,南兴路（南庠路-人民南路）,诸暨市,25,25,2025-03-03 17:51:13
1012312288YR825E2P88X,苎萝东路（东二环路-东福路),诸暨市,115,75,2025-03-03 17:51:13
1012312288YR64NIVVNK1,浣纱中路（西施大街-大桥东路）,诸暨市,23,11,2025-03-03 17:51:13
10124013095HHCMD4CC1T,艮塔东路（交通银行）,诸暨市,35,30,2025-03-03 17:51:13
1012312288YR751NEO35T,东祥路（东二路-苎萝东路）,诸暨市,38,13,2025-03-03 17:51:13
1012312288YR6EYGP1YWX,万风新世界（暨阳路-上庄路）,诸暨市,20,3,2025-03-03 17:51:13
1012312288YR79Z86T0XT,暨东路70弄（东一路-东旺路218弄）,诸暨市,32,24,2025-03-03 17:51:13
1012312288YRBEU44Q1VL,滨江中路（艮塔东路-望江三路）,诸暨市,25,11,2025-03-03 17:51:13
1012312288YRBZRTXR0G1,望江三路（高湖路-江东路）,诸暨市,15,4,2025-03-03 17:51:13
1019SEVYY7X0W75,十里牌停车场,诸暨市,69,68,2025-03-03 17:51:13
1012312288YR7CTTSNVNL,苎萝东路（环城东路-东兴路）,诸暨市,86,64,2025-03-03 17:51:13
1012312288YR9ABOZHGCH,东二路（东旺路-东二环路）,诸暨市,47,26,2025-03-03 17:51:13
1012312288YRAJXAP73SX,滨江中路（望江二路-大桥东路）,诸暨市,45,36,2025-03-03 17:51:13
10124013095GY8GDKUBY9,艮塔东路（高湖路-暨东路）,诸暨市,16,16,2025-03-03 17:51:13
1012312288YR6IWIX5X4X,苎萝东路（东二环路-东旺路）,诸暨市,18,5,2025-03-03 17:51:13
1012312288YR85VK6CYKH,和济路（东祥路-东旺路）,诸暨市,90,85,2025-03-03 17:51:12
1012312288YR5F42HE329,红旗路（人民中路-浣纱中路）,诸暨市,16,5,2025-03-03 17:51:12
1012312288YR9VX35V2M9,苎萝东路（环城东路-东祥路）,诸暨市,17,2,2025-03-03 17:51:12
1012405049OQ8ZNVP3U2P,苎萝东路（东二环路-东旺路）1,诸暨市,29,15,2025-03-03 17:51:12
1019S5R3X1SOHS1,一百淘宝城停车场,诸暨市,105,40,2025-03-03 17:51:12
1019QKKS3RWOFEP,人防大厦停车场,诸暨市,48,33,2025-03-03 17:51:12
1012312288YR7YF7Z1HXD,高湖路（望江二路-望江一路）,诸暨市,18,8,2025-03-03 17:51:12
10124012093FZKG7Y8M4H,永昌南路（东一路-东二路）,诸暨市,63,54,2025-03-03 17:51:12
1012312288YRB62F6P9TT,浣纱南路（南兴路-南屏路）,诸暨市,60,40,2025-03-03 17:51:12
1012312288YRBP13VO9A9,江东路（望江二路-望江三路）,诸暨市,13,1,2025-03-03 17:51:12
1012312288YR9PO5N0TFL,苎萝东路（环城东路-东旺路）,诸暨市,54,37,2025-03-03 17:51:12
1012312288YR9HG704L4X,苎萝东路（东福路-东三环路）,诸暨市,107,107,2025-03-03 17:51:12
1012401199375YC6OSJ5T,东三路（东二环路-东旺路）,诸暨市,121,71,2025-03-03 17:51:12
1019Q6UK2GUCAV5,市民公园地下停车场,诸暨市,227,155,2025-03-03 17:51:12
1012312288YR8VUSTQYV5,东旺路182弄(康华大厦-东旺路),诸暨市,19,9,2025-03-03 17:51:12
1012312288YR5NVRFEV41,东安路(东二路-苎萝东路),诸暨市,6,1,2025-03-03 17:51:12
1012312288YR5B22720W1,大桥东路（江东路-五角广场）,诸暨市,58,41,2025-03-03 17:41:14
1012312288YR6SFUARGU9,东祥路19弄（东祥路-环城东路）,诸暨市,12,5,2025-03-03 17:41:14
1012312298YXIV34CFDVL,东一路82弄（东二路123弄-东二路）,诸暨市,6,6,2025-03-03 17:41:14
1012312288YR5JPT2UOZL,东兴路（苎萝东路-东二路）,诸暨市,62,42,2025-03-03 17:41:14
1012312288YRAJXAP73SX,滨江中路（望江二路-大桥东路）,诸暨市,45,34,2025-03-03 17:41:14
1012312288YR3EFRI1BSX,滨江南路（滨江支路-浣东中路）,诸暨市,64,45,2025-03-03 17:41:14
1012312288YR3MBVY988X,东兴北路（江东路-福门路）,诸暨市,19,13,2025-03-03 17:41:14
1012312288YRC2EJF5N9D,望江三路（浣东北路-高湖路）,诸暨市,11,5,2025-03-03 17:41:14
1012312268YDHM7XGW3Y9,艮塔东路（滨江北路-江东路),诸暨市,33,20,2025-03-03 17:41:14
10124013095HHCMD4CC1T,艮塔东路（交通银行）,诸暨市,35,29,2025-03-03 17:41:14
1012312288YR5XYT44YKH,艮塔东路（苎萝东路-东二路）,诸暨市,142,111,2025-03-03 17:41:14
1019REU2R6D37Y9,城东公园地下停车场,诸暨市,601,337,2025-03-03 17:41:14
1012312288YR8ZSV1UX35,东旺路150弄（东二环路-东旺路）,诸暨市,88,48,2025-03-03 17:41:14
1019PDPET4GWE81,市民公园北面停车场,诸暨市,14,6,2025-03-03 17:41:14
1019JVX01UVMSCH,幸福家园停车场,诸暨市,72,7,2025-03-03 17:41:14
1012312288YRBZRTXR0G1,望江三路（高湖路-江东路）,诸暨市,15,6,2025-03-03 17:41:14
1012312288YR68DOZJDVL,体育路（体育路二弄-红旗路）,诸暨市,12,7,2025-03-03 17:41:14
10124013095H4QPBO8UF5,东兴路50弄,诸暨市,7,7,2025-03-03 17:41:14
1019N4FJ7J6DUYP,篮球场停车场,诸暨市,182,38,2025-03-03 17:41:14
1019PDAS7RIP7GH,市民公园东北面停车场,诸暨市,27,12,2025-03-03 17:41:14
1012312288YRBWX8BW5Q9,望江二路（浣东北路-高湖路）,诸暨市,5,4,2025-03-03 17:41:14
1012312288YR9D2CJ4741,东二路（东祥路-环城东路）,诸暨市,25,8,2025-03-03 17:41:14
1012312288YRAV3T06ARL,滨江中路（望江三路-望江二路）,诸暨市,30,23,2025-03-03 17:41:14
1019B4Y82CZPJ41,诸暨浣东中路停车场,诸暨市,37,28,2025-03-03 17:41:14
1012312288YR9LAB60FEP,苎萝东路（东兴路-东安路）,诸暨市,45,38,2025-03-03 17:41:14
1012312288YRBA0HET81T,江东路（大桥东路-望江一路）,诸暨市,10,4,2025-03-03 17:41:14
1012312288YR3IHRSDDZ5,滨江南路（大桥东路-西施大街）,诸暨市,13,8,2025-03-03 17:41:14
1019MAR69WRHHXD,西子公寓停车场,诸暨市,91,80,2025-03-03 17:41:14
1012312288YR6EYGP1YWX,万风新世界（暨阳路-上庄路）,诸暨市,20,3,2025-03-03 17:41:14
1012312288YR57VMEIUBL,大桥东路（大桥东路9号-江东路）,诸暨市,34,25,2025-03-03 17:41:14
1019PRTQD59LIWX,永乐路停车场,诸暨市,91,55,2025-03-03 17:41:14
1012312288YR61OZ7SOW1,浣纱中路（南屏路-西施大街）,诸暨市,14,6,2025-03-03 17:41:14
1012312288YR7V8S6IBCX,东一路88弄（东一路82弄-东一路）,诸暨市,27,18,2025-03-03 17:41:14
1012312288YR9376YUBK1,东旺路（东旺路150弄-苎萝东路）,诸暨市,18,3,2025-03-03 17:41:14
1012312288YRBS7JO7FUP,望江二路（高湖路-江东路）,诸暨市,10,5,2025-03-03 17:41:14
1012312288YR5UKH75K3L,艮塔东路（东二路-东一路),诸暨市,101,71,2025-03-03 17:41:14
1012405079PB3TJY248W1,东三路（应山公园-东旺路）,诸暨市,44,41,2025-03-03 17:41:14
1012312298YXIJSNZ82YP,东二路129弄（东一路88弄-东二路123弄）,诸暨市,10,10,2025-03-03 17:41:14
1012312288YRB24CYLBLT,浣纱南路（苎萝路-南兴路）,诸暨市,19,12,2025-03-03 17:41:14
1012312288YRBI4HZHCE9,江东路（西施大街-大桥东路）,诸暨市,6,2,2025-03-03 17:41:14
1012312288YR9ABOZHGCH,东二路（东旺路-东二环路）,诸暨市,47,26,2025-03-03 17:41:14
1012312288YRBLMRYOUTD,江东路（望江一路-望江二路）,诸暨市,18,7,2025-03-03 17:41:14
1012312288YR7HFKE4HKX,西施大街（浣纱中路-人民中路）,诸暨市,28,8,2025-03-03 17:41:14
1012312288YR64NIVVNK1,浣纱中路（西施大街-大桥东路）,诸暨市,23,8,2025-03-03 17:41:13
1012312288YRBEU44Q1VL,滨江中路（艮塔东路-望江三路）,诸暨市,25,16,2025-03-03 17:41:13
1012312288YR7CTTSNVNL,苎萝东路（环城东路-东兴路）,诸暨市,86,67,2025-03-03 17:41:13
1012312288YRC518WKA2P,望江三路（江东路-滨江中路）,诸暨市,5,1,2025-03-03 17:41:13
1012312288YR85VK6CYKH,和济路（东祥路-东旺路）,诸暨市,90,84,2025-03-03 17:41:13
1012312288YRB62F6P9TT,浣纱南路（南兴路-南屏路）,诸暨市,60,39,2025-03-03 17:41:13
1012401199375YC6OSJ5T,东三路（东二环路-东旺路）,诸暨市,121,74,2025-03-03 17:41:13
1012312268YD5WN09GPVL,八一横路（暨阳路-无名路）,诸暨市,46,9,2025-03-03 17:41:13
10124012093FZKG7Y8M4H,永昌南路（东一路-东二路）,诸暨市,63,55,2025-03-03 17:41:13
1012312288YR8IX5J60OX,东旺路218弄（东旺路-融媒体中心）,诸暨市,29,19,2025-03-03 17:41:13
1012312288YR9HG704L4X,苎萝东路（东福路-东三环路）,诸暨市,107,107,2025-03-03 17:41:13
1012312298YXGS3Y2CBNL,东旺路188弄（东旺路-东二环路）,诸暨市,10,3,2025-03-03 17:41:13
1012312288YR5NVRFEV41,东安路(东二路-苎萝东路),诸暨市,6,5,2025-03-03 17:41:13
1012312288YR751NEO35T,东祥路（东二路-苎萝东路）,诸暨市,38,12,2025-03-03 17:41:13
1012312288YR9PO5N0TFL,苎萝东路（环城东路-东旺路）,诸暨市,54,39,2025-03-03 17:41:13
1012312288YR7N8PO2AYP,东一路68弄（东二路-东一路）,诸暨市,46,31,2025-03-03 17:41:13
1012312288YR53DTVACCH,滨江南路（西施大街-滨江支路）,诸暨市,33,21,2025-03-03 17:41:13
1019QKKS3RWOFEP,人防大厦停车场,诸暨市,48,23,2025-03-03 17:41:13
1012312288YRAXUGJT1J5,浣纱北路（大桥路-艮塔路）,诸暨市,59,22,2025-03-03 17:41:13
1012312288YR825E2P88X,苎萝东路（东二环路-东福路),诸暨市,115,78,2025-03-03 17:41:13
1019SEVYY7X0W75,十里牌停车场,诸暨市,69,68,2025-03-03 17:41:13
1012312288YR5RTTNITC1,艮塔东路（江东路-高湖路）,诸暨市,39,16,2025-03-03 17:41:13
1012312288YR7K67XR8CH,望江一路（浣东北路-江东路）,诸暨市,14,8,2025-03-03 17:41:13
1019S5R3X1SOHS1,一百淘宝城停车场,诸暨市,105,40,2025-03-03 17:41:13
1019Q6UK2GUCAV5,市民公园地下停车场,诸暨市,227,155,2025-03-03 17:41:13
1012405049OQ8ZNVP3U2P,苎萝东路（东二环路-东旺路）1,诸暨市,29,14,2025-03-03 17:41:13
1012312288YR8GIC67LS1,东旺路218弄(东旺路206弄-融媒体中心）,诸暨市,22,16,2025-03-03 17:41:13
1012312288YRADOD6CUM9,南兴路（南庠路-人民南路）,诸暨市,25,25,2025-03-03 17:41:13
10124013095GY8GDKUBY9,艮塔东路（高湖路-暨东路）,诸暨市,16,15,2025-03-03 17:41:13
1012312288YR5F42HE329,红旗路（人民中路-浣纱中路）,诸暨市,16,6,2025-03-03 17:41:13
1012312288YRBP13VO9A9,江东路（望江二路-望江三路）,诸暨市,13,1,2025-03-03 17:41:13
1012312288YR8VUSTQYV5,东旺路182弄(康华大厦-东旺路),诸暨市,19,8,2025-03-03 17:41:13
1012312298YXHTPH9LYPT,东二路123弄（东旺路188弄-东二路）,诸暨市,61,34,2025-03-03 17:41:13
1012312288YR79Z86T0XT,暨东路70弄（东一路-东旺路218弄）,诸暨市,32,20,2025-03-03 17:41:13
1012312288YR6IWIX5X4X,苎萝东路（东二环路-东旺路）,诸暨市,18,3,2025-03-03 17:41:13
1012312288YR7YF7Z1HXD,高湖路（望江二路-望江一路）,诸暨市,18,9,2025-03-03 17:41:13
1012312288YR9VX35V2M9,苎萝东路（环城东路-东祥路）,诸暨市,17,4,2025-03-03 17:41:13
1012312288YR61OZ7SOW1,浣纱中路（南屏路-西施大街）,诸暨市,14,8,2025-03-03 17:31:14
1012312288YR7V8S6IBCX,东一路88弄（东一路82弄-东一路）,诸暨市,27,18,2025-03-03 17:31:14
1019PDPET4GWE81,市民公园北面停车场,诸暨市,14,3,2025-03-03 17:31:14
1012312288YRAV3T06ARL,滨江中路（望江三路-望江二路）,诸暨市,30,22,2025-03-03 17:31:14
1019JVX01UVMSCH,幸福家园停车场,诸暨市,72,4,2025-03-03 17:31:14
1019N4FJ7J6DUYP,篮球场停车场,诸暨市,182,38,2025-03-03 17:31:14
1012312288YR5B22720W1,大桥东路（江东路-五角广场）,诸暨市,58,37,2025-03-03 17:31:14
1012312288YR3MBVY988X,东兴北路（江东路-福门路）,诸暨市,19,15,2025-03-03 17:31:14
1012312288YR68DOZJDVL,体育路（体育路二弄-红旗路）,诸暨市,12,7,2025-03-03 17:31:14
1012312288YR9ABOZHGCH,东二路（东旺路-东二环路）,诸暨市,47,29,2025-03-03 17:31:14
1012312288YR6SFUARGU9,东祥路19弄（东祥路-环城东路）,诸暨市,12,2,2025-03-03 17:31:14
1019B4Y82CZPJ41,诸暨浣东中路停车场,诸暨市,37,28,2025-03-03 17:31:14
1019PRTQD59LIWX,永乐路停车场,诸暨市,91,55,2025-03-03 17:31:14
1012312288YRBA0HET81T,江东路（大桥东路-望江一路）,诸暨市,10,5,2025-03-03 17:31:14
1012312288YR5UKH75K3L,艮塔东路（东二路-东一路),诸暨市,101,75,2025-03-03 17:31:14
1012312288YR89HS7SKXT,东旺路（东旺路150弄-东二路）,诸暨市,18,1,2025-03-03 17:31:14
1012312288YRBLMRYOUTD,江东路（望江一路-望江二路）,诸暨市,18,6,2025-03-03 17:31:14
1012312288YR6EYGP1YWX,万风新世界（暨阳路-上庄路）,诸暨市,20,3,2025-03-03 17:31:14
1012312288YR9D2CJ4741,东二路（东祥路-环城东路）,诸暨市,25,8,2025-03-03 17:31:14
1012312288YRBWX8BW5Q9,望江二路（浣东北路-高湖路）,诸暨市,5,4,2025-03-03 17:31:14
1012312288YRBI4HZHCE9,江东路（西施大街-大桥东路）,诸暨市,6,2,2025-03-03 17:31:14
1012312268YDHM7XGW3Y9,艮塔东路（滨江北路-江东路),诸暨市,33,25,2025-03-03 17:31:14
1012405079PB3TJY248W1,东三路（应山公园-东旺路）,诸暨市,44,41,2025-03-03 17:31:14
1019REU2R6D37Y9,城东公园地下停车场,诸暨市,601,337,2025-03-03 17:31:14
1012312288YRC2EJF5N9D,望江三路（浣东北路-高湖路）,诸暨市,11,6,2025-03-03 17:31:14
1012312288YR5XYT44YKH,艮塔东路（苎萝东路-东二路）,诸暨市,142,117,2025-03-03 17:31:14
1019MAR69WRHHXD,西子公寓停车场,诸暨市,91,81,2025-03-03 17:31:14
10124013095HHCMD4CC1T,艮塔东路（交通银行）,诸暨市,35,29,2025-03-03 17:31:14
1012312298YXIJSNZ82YP,东二路129弄（东一路88弄-东二路123弄）,诸暨市,10,10,2025-03-03 17:31:14
1012312298YXIV34CFDVL,东一路82弄（东二路123弄-东二路）,诸暨市,6,5,2025-03-03 17:31:14
1012312288YR5JPT2UOZL,东兴路（苎萝东路-东二路）,诸暨市,62,43,2025-03-03 17:31:14
1012312288YR9LAB60FEP,苎萝东路（东兴路-东安路）,诸暨市,45,37,2025-03-03 17:31:14
1012312288YR57VMEIUBL,大桥东路（大桥东路9号-江东路）,诸暨市,34,26,2025-03-03 17:31:14
1012312288YR3EFRI1BSX,滨江南路（滨江支路-浣东中路）,诸暨市,64,45,2025-03-03 17:31:14
1012312288YRBS7JO7FUP,望江二路（高湖路-江东路）,诸暨市,10,6,2025-03-03 17:31:14
1012312288YR3IHRSDDZ5,滨江南路（大桥东路-西施大街）,诸暨市,13,7,2025-03-03 17:31:14
1012312288YRB24CYLBLT,浣纱南路（苎萝路-南兴路）,诸暨市,19,12,2025-03-03 17:31:14
1012312288YR825E2P88X,苎萝东路（东二环路-东福路),诸暨市,115,87,2025-03-03 17:31:13
1012312288YR6IWIX5X4X,苎萝东路（东二环路-东旺路）,诸暨市,18,5,2025-03-03 17:31:13
1012312288YR7K67XR8CH,望江一路（浣东北路-江东路）,诸暨市,14,6,2025-03-03 17:31:13
1012312288YR79Z86T0XT,暨东路70弄（东一路-东旺路218弄）,诸暨市,32,21,2025-03-03 17:31:13
1019S5R3X1SOHS1,一百淘宝城停车场,诸暨市,105,40,2025-03-03 17:31:13
1012312288YR8VUSTQYV5,东旺路182弄(康华大厦-东旺路),诸暨市,19,6,2025-03-03 17:31:13
1012405049OQ8ZNVP3U2P,苎萝东路（东二环路-东旺路）1,诸暨市,29,14,2025-03-03 17:31:13
1019QKKS3RWOFEP,人防大厦停车场,诸暨市,48,14,2025-03-03 17:31:13
1012312288YR64NIVVNK1,浣纱中路（西施大街-大桥东路）,诸暨市,23,8,2025-03-03 17:31:13
1012312298YXHTPH9LYPT,东二路123弄（东旺路188弄-东二路）,诸暨市,61,35,2025-03-03 17:31:13
1019Q6UK2GUCAV5,市民公园地下停车场,诸暨市,227,155,2025-03-03 17:31:13
1019PDAS7RIP7GH,市民公园东北面停车场,诸暨市,27,12,2025-03-03 17:31:13
1012312288YR8IX5J60OX,东旺路218弄（东旺路-融媒体中心）,诸暨市,29,15,2025-03-03 17:31:13
1012312288YRADOD6CUM9,南兴路（南庠路-人民南路）,诸暨市,25,25,2025-03-03 17:31:13
1012312288YR9HG704L4X,苎萝东路（东福路-东三环路）,诸暨市,107,107,2025-03-03 17:31:13
1012312288YRBZRTXR0G1,望江三路（高湖路-江东路）,诸暨市,15,11,2025-03-03 17:31:13
1012312288YRBP13VO9A9,江东路（望江二路-望江三路）,诸暨市,13,2,2025-03-03 17:31:13
1012312288YR85VK6CYKH,和济路（东祥路-东旺路）,诸暨市,90,84,2025-03-03 17:31:13
1012312288YR53DTVACCH,滨江南路（西施大街-滨江支路）,诸暨市,33,21,2025-03-03 17:31:13
1019SEVYY7X0W75,十里牌停车场,诸暨市,69,67,2025-03-03 17:31:13
1012312288YR7CTTSNVNL,苎萝东路（环城东路-东兴路）,诸暨市,86,68,2025-03-03 17:31:13
1012312288YRAJXAP73SX,滨江中路（望江二路-大桥东路）,诸暨市,45,35,2025-03-03 17:31:13
10124012093FZKG7Y8M4H,永昌南路（东一路-东二路）,诸暨市,63,56,2025-03-03 17:31:13
1012312288YRBEU44Q1VL,滨江中路（艮塔东路-望江三路）,诸暨市,25,16,2025-03-03 17:31:13
1012312288YR9PO5N0TFL,苎萝东路（环城东路-东旺路）,诸暨市,54,38,2025-03-03 17:31:13
1012312288YR5F42HE329,红旗路（人民中路-浣纱中路）,诸暨市,16,7,2025-03-03 17:31:13
1012312288YR7HFKE4HKX,西施大街（浣纱中路-人民中路）,诸暨市,28,15,2025-03-03 17:31:13
10124013095GY8GDKUBY9,艮塔东路（高湖路-暨东路）,诸暨市,16,14,2025-03-03 17:31:13
1012312298YXGS3Y2CBNL,东旺路188弄（东旺路-东二环路）,诸暨市,10,4,2025-03-03 17:31:13
1012312288YR9VX35V2M9,苎萝东路（环城东路-东祥路）,诸暨市,17,5,2025-03-03 17:31:13
1012312268YD5WN09GPVL,八一横路（暨阳路-无名路）,诸暨市,46,22,2025-03-03 17:31:13
1012312288YR8ZSV1UX35,东旺路150弄（东二环路-东旺路）,诸暨市,88,49,2025-03-03 17:31:13
1012312288YR7N8PO2AYP,东一路68弄（东二路-东一路）,诸暨市,46,31,2025-03-03 17:31:13
1012312288YR5RTTNITC1,艮塔东路（江东路-高湖路）,诸暨市,39,15,2025-03-03 17:31:13
1012312288YRAXUGJT1J5,浣纱北路（大桥路-艮塔路）,诸暨市,59,25,2025-03-03 17:31:13
1012312288YR8GIC67LS1,东旺路218弄(东旺路206弄-融媒体中心）,诸暨市,22,11,2025-03-03 17:31:13
1012312288YR9376YUBK1,东旺路（东旺路150弄-苎萝东路）,诸暨市,18,5,2025-03-03 17:31:13
1012312288YRB62F6P9TT,浣纱南路（南兴路-南屏路）,诸暨市,60,40,2025-03-03 17:31:13
1012312288YR5NVRFEV41,东安路(东二路-苎萝东路),诸暨市,6,5,2025-03-03 17:31:13
1012312288YR751NEO35T,东祥路（东二路-苎萝东路）,诸暨市,38,10,2025-03-03 17:31:13
1012312288YR7YF7Z1HXD,高湖路（望江二路-望江一路）,诸暨市,18,6,2025-03-03 17:31:13
10124013095H4QPBO8UF5,东兴路50弄,诸暨市,7,7,2025-03-03 17:31:13
1012401199375YC6OSJ5T,东三路（东二环路-东旺路）,诸暨市,121,71,2025-03-03 17:31:13
1012312288YR61OZ7SOW1,浣纱中路（南屏路-西施大街）,诸暨市,14,8,2025-03-03 17:21:14
1012312288YR3IHRSDDZ5,滨江南路（大桥东路-西施大街）,诸暨市,13,8,2025-03-03 17:21:14
1012312288YR5JPT2UOZL,东兴路（苎萝东路-东二路）,诸暨市,62,39,2025-03-03 17:21:14
1012312288YRB24CYLBLT,浣纱南路（苎萝路-南兴路）,诸暨市,19,10,2025-03-03 17:21:14
1012312288YR5B22720W1,大桥东路（江东路-五角广场）,诸暨市,58,34,2025-03-03 17:21:14
1012312268YDHM7XGW3Y9,艮塔东路（滨江北路-江东路),诸暨市,33,26,2025-03-03 17:21:14
1012312288YR3MBVY988X,东兴北路（江东路-福门路）,诸暨市,19,15,2025-03-03 17:21:14
1012312288YR5XYT44YKH,艮塔东路（苎萝东路-东二路）,诸暨市,142,116,2025-03-03 17:21:14
1012312288YRAV3T06ARL,滨江中路（望江三路-望江二路）,诸暨市,30,24,2025-03-03 17:21:14
1012312288YR5UKH75K3L,艮塔东路（东二路-东一路),诸暨市,101,80,2025-03-03 17:21:14
1012312288YRBA0HET81T,江东路（大桥东路-望江一路）,诸暨市,10,6,2025-03-03 17:21:14
1012312288YRBZRTXR0G1,望江三路（高湖路-江东路）,诸暨市,15,12,2025-03-03 17:21:14
1012312288YR7V8S6IBCX,东一路88弄（东一路82弄-东一路）,诸暨市,27,16,2025-03-03 17:21:14
1019PRTQD59LIWX,永乐路停车场,诸暨市,91,55,2025-03-03 17:21:14
1012312288YR68DOZJDVL,体育路（体育路二弄-红旗路）,诸暨市,12,9,2025-03-03 17:21:14
1012312288YRBI4HZHCE9,江东路（西施大街-大桥东路）,诸暨市,6,1,2025-03-03 17:21:14
1012312288YR9LAB60FEP,苎萝东路（东兴路-东安路）,诸暨市,45,37,2025-03-03 17:21:14
10124013095HHCMD4CC1T,艮塔东路（交通银行）,诸暨市,35,28,2025-03-03 17:21:14
1012312288YRC2EJF5N9D,望江三路（浣东北路-高湖路）,诸暨市,11,6,2025-03-03 17:21:14
1012312288YR57VMEIUBL,大桥东路（大桥东路9号-江东路）,诸暨市,34,25,2025-03-03 17:21:14
1019REU2R6D37Y9,城东公园地下停车场,诸暨市,601,338,2025-03-03 17:21:14
1019JVX01UVMSCH,幸福家园停车场,诸暨市,72,4,2025-03-03 17:21:14
1019PDPET4GWE81,市民公园北面停车场,诸暨市,14,2,2025-03-03 17:21:14
1012312288YRBLMRYOUTD,江东路（望江一路-望江二路）,诸暨市,18,7,2025-03-03 17:21:14
1012312288YR9ABOZHGCH,东二路（东旺路-东二环路）,诸暨市,47,33,2025-03-03 17:21:14
1012312288YR6SFUARGU9,东祥路19弄（东祥路-环城东路）,诸暨市,12,3,2025-03-03 17:21:14
1012312288YR9D2CJ4741,东二路（东祥路-环城东路）,诸暨市,25,10,2025-03-03 17:21:14
1012312288YR6EYGP1YWX,万风新世界（暨阳路-上庄路）,诸暨市,20,3,2025-03-03 17:21:14
1012312288YR89HS7SKXT,东旺路（东旺路150弄-东二路）,诸暨市,18,5,2025-03-03 17:21:14
1019N4FJ7J6DUYP,篮球场停车场,诸暨市,182,38,2025-03-03 17:21:14
1012312298YXIV34CFDVL,东一路82弄（东二路123弄-东二路）,诸暨市,6,5,2025-03-03 17:21:14
1012312288YRBS7JO7FUP,望江二路（高湖路-江东路）,诸暨市,10,6,2025-03-03 17:21:14
1012312288YRAJXAP73SX,滨江中路（望江二路-大桥东路）,诸暨市,45,34,2025-03-03 17:21:14
1012312298YXIJSNZ82YP,东二路129弄（东一路88弄-东二路123弄）,诸暨市,10,10,2025-03-03 17:21:14
1019PDAS7RIP7GH,市民公园东北面停车场,诸暨市,27,12,2025-03-03 17:21:14
1012405079PB3TJY248W1,东三路（应山公园-东旺路）,诸暨市,44,41,2025-03-03 17:21:14
1012312288YRBWX8BW5Q9,望江二路（浣东北路-高湖路）,诸暨市,5,4,2025-03-03 17:21:14
1019B4Y82CZPJ41,诸暨浣东中路停车场,诸暨市,37,27,2025-03-03 17:21:14
1019MAR69WRHHXD,西子公寓停车场,诸暨市,91,81,2025-03-03 17:21:14
1012312288YR3EFRI1BSX,滨江南路（滨江支路-浣东中路）,诸暨市,64,42,2025-03-03 17:21:14
1012312288YR9376YUBK1,东旺路（东旺路150弄-苎萝东路）,诸暨市,18,4,2025-03-03 17:21:14
1012312288YR6C3V37475,体育路（体育路-大桥东路）,诸暨市,8,1,2025-03-03 17:21:14
1012312288YR825E2P88X,苎萝东路（东二环路-东福路),诸暨市,115,86,2025-03-03 17:21:13
1012312288YRAXUGJT1J5,浣纱北路（大桥路-艮塔路）,诸暨市,59,28,2025-03-03 17:21:13
1012312288YR79Z86T0XT,暨东路70弄（东一路-东旺路218弄）,诸暨市,32,15,2025-03-03 17:21:13
10124013095H4QPBO8UF5,东兴路50弄,诸暨市,7,7,2025-03-03 17:21:13
1019Q6UK2GUCAV5,市民公园地下停车场,诸暨市,227,152,2025-03-03 17:21:13
1012312288YR8ZSV1UX35,东旺路150弄（东二环路-东旺路）,诸暨市,88,49,2025-03-03 17:21:13
10124013095GY8GDKUBY9,艮塔东路（高湖路-暨东路）,诸暨市,16,14,2025-03-03 17:21:13
1012312298YXGS3Y2CBNL,东旺路188弄（东旺路-东二环路）,诸暨市,10,5,2025-03-03 17:21:13
1012312288YR9HG704L4X,苎萝东路（东福路-东三环路）,诸暨市,107,107,2025-03-03 17:21:13
1012405049OQ8ZNVP3U2P,苎萝东路（东二环路-东旺路）1,诸暨市,29,18,2025-03-03 17:21:13
1012312288YRB62F6P9TT,浣纱南路（南兴路-南屏路）,诸暨市,60,35,2025-03-03 17:21:13
1012312288YR7K67XR8CH,望江一路（浣东北路-江东路）,诸暨市,14,6,2025-03-03 17:21:13
1012312288YR5RTTNITC1,艮塔东路（江东路-高湖路）,诸暨市,39,17,2025-03-03 17:21:13
1012312288YR6IWIX5X4X,苎萝东路（东二环路-东旺路）,诸暨市,18,8,2025-03-03 17:21:13
1012312288YR8GIC67LS1,东旺路218弄(东旺路206弄-融媒体中心）,诸暨市,22,11,2025-03-03 17:21:13
1012312268YD5WN09GPVL,八一横路（暨阳路-无名路）,诸暨市,46,22,2025-03-03 17:21:13
1012312288YR5F42HE329,红旗路（人民中路-浣纱中路）,诸暨市,16,11,2025-03-03 17:21:13
1019QKKS3RWOFEP,人防大厦停车场,诸暨市,48,11,2025-03-03 17:21:13
1012312288YR9PO5N0TFL,苎萝东路（环城东路-东旺路）,诸暨市,54,38,2025-03-03 17:21:13
1012312288YR8IX5J60OX,东旺路218弄（东旺路-融媒体中心）,诸暨市,29,14,2025-03-03 17:21:13
1012312288YRBEU44Q1VL,滨江中路（艮塔东路-望江三路）,诸暨市,25,14,2025-03-03 17:21:13
1012312288YR53DTVACCH,滨江南路（西施大街-滨江支路）,诸暨市,33,18,2025-03-03 17:21:13
1012312288YR7YF7Z1HXD,高湖路（望江二路-望江一路）,诸暨市,18,8,2025-03-03 17:21:13
10124012093FZKG7Y8M4H,永昌南路（东一路-东二路）,诸暨市,63,54,2025-03-03 17:21:13
1012312288YR751NEO35T,东祥路（东二路-苎萝东路）,诸暨市,38,13,2025-03-03 17:21:13
1012312288YRBP13VO9A9,江东路（望江二路-望江三路）,诸暨市,13,5,2025-03-03 17:21:13
1012312288YR85VK6CYKH,和济路（东祥路-东旺路）,诸暨市,90,81,2025-03-03 17:21:13
1012312288YR7CTTSNVNL,苎萝东路（环城东路-东兴路）,诸暨市,86,66,2025-03-03 17:21:13
1012312288YRC518WKA2P,望江三路（江东路-滨江中路）,诸暨市,5,1,2025-03-03 17:21:13
1012312288YR5NVRFEV41,东安路(东二路-苎萝东路),诸暨市,6,2,2025-03-03 17:21:13
1012312298YXHTPH9LYPT,东二路123弄（东旺路188弄-东二路）,诸暨市,61,32,2025-03-03 17:21:13
1012312288YR7N8PO2AYP,东一路68弄（东二路-东一路）,诸暨市,46,29,2025-03-03 17:21:13
1012312288YR7HFKE4HKX,西施大街（浣纱中路-人民中路）,诸暨市,28,16,2025-03-03 17:21:13
1012312288YR64NIVVNK1,浣纱中路（西施大街-大桥东路）,诸暨市,23,13,2025-03-03 17:21:13
1012401199375YC6OSJ5T,东三路（东二环路-东旺路）,诸暨市,121,68,2025-03-03 17:21:13
1019S5R3X1SOHS1,一百淘宝城停车场,诸暨市,105,40,2025-03-03 17:21:13
1012312288YR8VUSTQYV5,东旺路182弄(康华大厦-东旺路),诸暨市,19,8,2025-03-03 17:21:13
1019SEVYY7X0W75,十里牌停车场,诸暨市,69,68,2025-03-03 17:21:13
1012312288YR9VX35V2M9,苎萝东路（环城东路-东祥路）,诸暨市,17,3,2025-03-03 17:21:13
1012312288YRADOD6CUM9,南兴路（南庠路-人民南路）,诸暨市,25,25,2025-03-03 17:21:13
1019JVX01UVMSCH,幸福家园停车场,诸暨市,72,4,2025-03-03 17:11:14
1012312288YR61OZ7SOW1,浣纱中路（南屏路-西施大街）,诸暨市,14,8,2025-03-03 17:11:14
1012312288YRC2EJF5N9D,望江三路（浣东北路-高湖路）,诸暨市,11,3,2025-03-03 17:11:14
1012312288YR3MBVY988X,东兴北路（江东路-福门路）,诸暨市,19,12,2025-03-03 17:11:14
1012312288YR3IHRSDDZ5,滨江南路（大桥东路-西施大街）,诸暨市,13,5,2025-03-03 17:11:14
1012312288YR5JPT2UOZL,东兴路（苎萝东路-东二路）,诸暨市,62,39,2025-03-03 17:11:14
1012312288YRBLMRYOUTD,江东路（望江一路-望江二路）,诸暨市,18,7,2025-03-03 17:11:14
1012312288YRB24CYLBLT,浣纱南路（苎萝路-南兴路）,诸暨市,19,8,2025-03-03 17:11:14
1019N4FJ7J6DUYP,篮球场停车场,诸暨市,182,38,2025-03-03 17:11:14
1012312298YXIV34CFDVL,东一路82弄（东二路123弄-东二路）,诸暨市,6,5,2025-03-03 17:11:14
1019PDPET4GWE81,市民公园北面停车场,诸暨市,14,2,2025-03-03 17:11:14
1019PRTQD59LIWX,永乐路停车场,诸暨市,91,55,2025-03-03 17:11:14
1012312298YXIJSNZ82YP,东二路129弄（东一路88弄-东二路123弄）,诸暨市,10,10,2025-03-03 17:11:14
1012312288YR6EYGP1YWX,万风新世界（暨阳路-上庄路）,诸暨市,20,3,2025-03-03 17:11:14
1012405079PB3TJY248W1,东三路（应山公园-东旺路）,诸暨市,44,40,2025-03-03 17:11:14
1019MAR69WRHHXD,西子公寓停车场,诸暨市,91,82,2025-03-03 17:11:14
1012312288YR3EFRI1BSX,滨江南路（滨江支路-浣东中路）,诸暨市,64,41,2025-03-03 17:11:14
1012312288YR68DOZJDVL,体育路（体育路二弄-红旗路）,诸暨市,12,9,2025-03-03 17:11:14
1012312288YR5XYT44YKH,艮塔东路（苎萝东路-东二路）,诸暨市,142,121,2025-03-03 17:11:14
1012312288YR89HS7SKXT,东旺路（东旺路150弄-东二路）,诸暨市,18,5,2025-03-03 17:11:14
1012312288YR9D2CJ4741,东二路（东祥路-环城东路）,诸暨市,25,11,2025-03-03 17:11:14
1012312288YR9LAB60FEP,苎萝东路（东兴路-东安路）,诸暨市,45,36,2025-03-03 17:11:14
1019B4Y82CZPJ41,诸暨浣东中路停车场,诸暨市,37,30,2025-03-03 17:11:14
1012312288YR6C3V37475,体育路（体育路-大桥东路）,诸暨市,8,1,2025-03-03 17:11:14
1012312288YR6SFUARGU9,东祥路19弄（东祥路-环城东路）,诸暨市,12,4,2025-03-03 17:11:14
1012312288YRBS7JO7FUP,望江二路（高湖路-江东路）,诸暨市,10,5,2025-03-03 17:11:14
1012312288YRBWX8BW5Q9,望江二路（浣东北路-高湖路）,诸暨市,5,2,2025-03-03 17:11:14
1012312288YR7V8S6IBCX,东一路88弄（东一路82弄-东一路）,诸暨市,27,11,2025-03-03 17:11:14
1019REU2R6D37Y9,城东公园地下停车场,诸暨市,601,338,2025-03-03 17:11:14
1012312288YRBA0HET81T,江东路（大桥东路-望江一路）,诸暨市,10,7,2025-03-03 17:11:14
1012312288YRBI4HZHCE9,江东路（西施大街-大桥东路）,诸暨市,6,1,2025-03-03 17:11:14
1012312288YR5UKH75K3L,艮塔东路（东二路-东一路),诸暨市,101,86,2025-03-03 17:11:13
1012312288YR825E2P88X,苎萝东路（东二环路-东福路),诸暨市,115,87,2025-03-03 17:11:13
1012312288YR53DTVACCH,滨江南路（西施大街-滨江支路）,诸暨市,33,11,2025-03-03 17:11:13
1012312298YXHTPH9LYPT,东二路123弄（东旺路188弄-东二路）,诸暨市,61,28,2025-03-03 17:11:13
1012312298YXGS3Y2CBNL,东旺路188弄（东旺路-东二环路）,诸暨市,10,2,2025-03-03 17:11:13
1012312288YR9376YUBK1,东旺路（东旺路150弄-苎萝东路）,诸暨市,18,4,2025-03-03 17:11:13
1012405049OQ8ZNVP3U2P,苎萝东路（东二环路-东旺路）1,诸暨市,29,16,2025-03-03 17:11:13
1012312288YR5RTTNITC1,艮塔东路（江东路-高湖路）,诸暨市,39,22,2025-03-03 17:11:13
1012312288YR7K67XR8CH,望江一路（浣东北路-江东路）,诸暨市,14,6,2025-03-03 17:11:13
1012312288YRAJXAP73SX,滨江中路（望江二路-大桥东路）,诸暨市,45,32,2025-03-03 17:11:13
10124012093FZKG7Y8M4H,永昌南路（东一路-东二路）,诸暨市,63,44,2025-03-03 17:11:13
1012401199375YC6OSJ5T,东三路（东二环路-东旺路）,诸暨市,121,72,2025-03-03 17:11:13
10124013095HHCMD4CC1T,艮塔东路（交通银行）,诸暨市,35,29,2025-03-03 17:11:13
1012312288YRAV3T06ARL,滨江中路（望江三路-望江二路）,诸暨市,30,25,2025-03-03 17:11:13
1019SEVYY7X0W75,十里牌停车场,诸暨市,69,66,2025-03-03 17:11:13
1012312288YR751NEO35T,东祥路（东二路-苎萝东路）,诸暨市,38,11,2025-03-03 17:11:13
1012312288YR5B22720W1,大桥东路（江东路-五角广场）,诸暨市,58,35,2025-03-03 17:11:13
1012312288YRBEU44Q1VL,滨江中路（艮塔东路-望江三路）,诸暨市,25,18,2025-03-03 17:11:13
1012312288YR85VK6CYKH,和济路（东祥路-东旺路）,诸暨市,90,82,2025-03-03 17:11:13
1012312288YR8ZSV1UX35,东旺路150弄（东二环路-东旺路）,诸暨市,88,54,2025-03-03 17:11:13
1012312288YRAXUGJT1J5,浣纱北路（大桥路-艮塔路）,诸暨市,59,30,2025-03-03 17:11:13
1012312288YR7CTTSNVNL,苎萝东路（环城东路-东兴路）,诸暨市,86,73,2025-03-03 17:11:13
1012312288YR79Z86T0XT,暨东路70弄（东一路-东旺路218弄）,诸暨市,32,12,2025-03-03 17:11:13
1012312288YR57VMEIUBL,大桥东路（大桥东路9号-江东路）,诸暨市,34,24,2025-03-03 17:11:13
1012312288YR64NIVVNK1,浣纱中路（西施大街-大桥东路）,诸暨市,23,9,2025-03-03 17:11:13
1012312288YR8IX5J60OX,东旺路218弄（东旺路-融媒体中心）,诸暨市,29,11,2025-03-03 17:11:13
1019Q6UK2GUCAV5,市民公园地下停车场,诸暨市,227,146,2025-03-03 17:11:13
1012312288YR9PO5N0TFL,苎萝东路（环城东路-东旺路）,诸暨市,54,37,2025-03-03 17:11:13
1012312288YRBZRTXR0G1,望江三路（高湖路-江东路）,诸暨市,15,10,2025-03-03 17:11:13
1012312288YRB62F6P9TT,浣纱南路（南兴路-南屏路）,诸暨市,60,23,2025-03-03 17:11:13
1012312288YR7N8PO2AYP,东一路68弄（东二路-东一路）,诸暨市,46,31,2025-03-03 17:11:13
1012312288YR9VX35V2M9,苎萝东路（环城东路-东祥路）,诸暨市,17,5,2025-03-03 17:11:13
1012312288YR6IWIX5X4X,苎萝东路（东二环路-东旺路）,诸暨市,18,10,2025-03-03 17:11:13
1012312288YR9HG704L4X,苎萝东路（东福路-东三环路）,诸暨市,107,107,2025-03-03 17:11:13
1012312288YR8GIC67LS1,东旺路218弄(东旺路206弄-融媒体中心）,诸暨市,22,13,2025-03-03 17:11:13
1012312268YD5WN09GPVL,八一横路（暨阳路-无名路）,诸暨市,46,26,2025-03-03 17:11:13
1012312288YR7HFKE4HKX,西施大街（浣纱中路-人民中路）,诸暨市,28,18,2025-03-03 17:11:13
10124013095H4QPBO8UF5,东兴路50弄,诸暨市,7,7,2025-03-03 17:11:13
1012312288YRADOD6CUM9,南兴路（南庠路-人民南路）,诸暨市,25,25,2025-03-03 17:11:13
1012312288YR7YF7Z1HXD,高湖路（望江二路-望江一路）,诸暨市,18,6,2025-03-03 17:11:13
10124013095GY8GDKUBY9,艮塔东路（高湖路-暨东路）,诸暨市,16,13,2025-03-03 17:11:13
1012312288YR5NVRFEV41,东安路(东二路-苎萝东路),诸暨市,6,5,2025-03-03 17:11:13
1012312288YR8VUSTQYV5,东旺路182弄(康华大厦-东旺路),诸暨市,19,6,2025-03-03 17:11:13
1019PDAS7RIP7GH,市民公园东北面停车场,诸暨市,27,12,2025-03-03 17:11:13
1012312288YRBP13VO9A9,江东路（望江二路-望江三路）,诸暨市,13,4,2025-03-03 17:11:13
1012312288YR9ABOZHGCH,东二路（东旺路-东二环路）,诸暨市,47,37,2025-03-03 17:11:13
1019QKKS3RWOFEP,人防大厦停车场,诸暨市,48,6,2025-03-03 17:11:13
1012312268YDHM7XGW3Y9,艮塔东路（滨江北路-江东路),诸暨市,33,29,2025-03-03 17:11:13
1012312288YR5F42HE329,红旗路（人民中路-浣纱中路）,诸暨市,16,8,2025-03-03 17:11:12
1019S5R3X1SOHS1,一百淘宝城停车场,诸暨市,105,40,2025-03-03 17:11:12
1012312288YRBA0HET81T,江东路（大桥东路-望江一路）,诸暨市,10,5,2025-03-03 17:00:03
1012312298YXIJSNZ82YP,东二路129弄（东一路88弄-东二路123弄）,诸暨市,10,10,2025-03-03 17:00:03
1012312288YR5JPT2UOZL,东兴路（苎萝东路-东二路）,诸暨市,62,38,2025-03-03 17:00:03
1012312288YRB24CYLBLT,浣纱南路（苎萝路-南兴路）,诸暨市,19,2,2025-03-03 17:00:03
1012312288YRBS7JO7FUP,望江二路（高湖路-江东路）,诸暨市,10,2,2025-03-03 17:00:03
1012312288YR3IHRSDDZ5,滨江南路（大桥东路-西施大街）,诸暨市,13,1,2025-03-03 17:00:03
1019N4FJ7J6DUYP,篮球场停车场,诸暨市,182,38,2025-03-03 17:00:03
1012312288YRBWX8BW5Q9,望江二路（浣东北路-高湖路）,诸暨市,5,2,2025-03-03 17:00:03
1012312288YRBLMRYOUTD,江东路（望江一路-望江二路）,诸暨市,18,10,2025-03-03 17:00:03
1019REU2R6D37Y9,城东公园地下停车场,诸暨市,601,338,2025-03-03 17:00:03
1012312288YR5XYT44YKH,艮塔东路（苎萝东路-东二路）,诸暨市,142,121,2025-03-03 17:00:03
1012312288YR3MBVY988X,东兴北路（江东路-福门路）,诸暨市,19,11,2025-03-03 17:00:03
1012312288YR3EFRI1BSX,滨江南路（滨江支路-浣东中路）,诸暨市,64,38,2025-03-03 17:00:03
1012312298YXIV34CFDVL,东一路82弄（东二路123弄-东二路）,诸暨市,6,3,2025-03-03 17:00:02
1012312288YR57VMEIUBL,大桥东路（大桥东路9号-江东路）,诸暨市,34,19,2025-03-03 17:00:02
1012312288YR9ABOZHGCH,东二路（东旺路-东二环路）,诸暨市,47,37,2025-03-03 17:00:02
1019MAR69WRHHXD,西子公寓停车场,诸暨市,91,82,2025-03-03 17:00:02
1012405079PB3TJY248W1,东三路（应山公园-东旺路）,诸暨市,44,32,2025-03-03 17:00:02
1012312288YR89HS7SKXT,东旺路（东旺路150弄-东二路）,诸暨市,18,7,2025-03-03 17:00:02
1012312268YDHM7XGW3Y9,艮塔东路（滨江北路-江东路),诸暨市,33,26,2025-03-03 17:00:02
1012312288YRBI4HZHCE9,江东路（西施大街-大桥东路）,诸暨市,6,1,2025-03-03 17:00:02
1012312288YR6SFUARGU9,东祥路19弄（东祥路-环城东路）,诸暨市,12,3,2025-03-03 17:00:02
1019B4Y82CZPJ41,诸暨浣东中路停车场,诸暨市,37,30,2025-03-03 17:00:02
1012312288YRAV3T06ARL,滨江中路（望江三路-望江二路）,诸暨市,30,25,2025-03-03 17:00:02
1012312288YR5UKH75K3L,艮塔东路（东二路-东一路),诸暨市,101,87,2025-03-03 17:00:02
10124013095HHCMD4CC1T,艮塔东路（交通银行）,诸暨市,35,31,2025-03-03 17:00:02
1012312288YR9LAB60FEP,苎萝东路（东兴路-东安路）,诸暨市,45,37,2025-03-03 17:00:02
1012312288YR68DOZJDVL,体育路（体育路二弄-红旗路）,诸暨市,12,9,2025-03-03 17:00:02
1012312288YR9D2CJ4741,东二路（东祥路-环城东路）,诸暨市,25,11,2025-03-03 17:00:02
1019PRTQD59LIWX,永乐路停车场,诸暨市,91,55,2025-03-03 17:00:02
1012312288YR6EYGP1YWX,万风新世界（暨阳路-上庄路）,诸暨市,20,3,2025-03-03 17:00:02
1019JVX01UVMSCH,幸福家园停车场,诸暨市,72,5,2025-03-03 17:00:02
1012312288YR5B22720W1,大桥东路（江东路-五角广场）,诸暨市,58,32,2025-03-03 17:00:02
1012312288YR6C3V37475,体育路（体育路-大桥东路）,诸暨市,8,2,2025-03-03 17:00:02
1012312288YR61OZ7SOW1,浣纱中路（南屏路-西施大街）,诸暨市,14,6,2025-03-03 17:00:02
1012312288YRAJXAP73SX,滨江中路（望江二路-大桥东路）,诸暨市,45,32,2025-03-03 17:00:02
1012312288YRC2EJF5N9D,望江三路（浣东北路-高湖路）,诸暨市,11,4,2025-03-03 17:00:02
1012312288YR7V8S6IBCX,东一路88弄（东一路82弄-东一路）,诸暨市,27,10,2025-03-03 17:00:02
1012312288YR79Z86T0XT,暨东路70弄（东一路-东旺路218弄）,诸暨市,32,5,2025-03-03 17:00:01
1012312288YR8IX5J60OX,东旺路218弄（东旺路-融媒体中心）,诸暨市,29,10,2025-03-03 17:00:01
1012312288YR7CTTSNVNL,苎萝东路（环城东路-东兴路）,诸暨市,86,72,2025-03-03 17:00:01
1012312268YD5WN09GPVL,八一横路（暨阳路-无名路）,诸暨市,46,27,2025-03-03 17:00:01
1012312288YR53DTVACCH,滨江南路（西施大街-滨江支路）,诸暨市,33,8,2025-03-03 17:00:01
1012312288YR9376YUBK1,东旺路（东旺路150弄-苎萝东路）,诸暨市,18,5,2025-03-03 17:00:01
1019SEVYY7X0W75,十里牌停车场,诸暨市,69,64,2025-03-03 17:00:01
1012312288YR8GIC67LS1,东旺路218弄(东旺路206弄-融媒体中心）,诸暨市,22,8,2025-03-03 17:00:01
10124013095H4QPBO8UF5,东兴路50弄,诸暨市,7,7,2025-03-03 17:00:01
1012312288YR8ZSV1UX35,东旺路150弄（东二环路-东旺路）,诸暨市,88,50,2025-03-03 17:00:01
1012312288YR7K67XR8CH,望江一路（浣东北路-江东路）,诸暨市,14,6,2025-03-03 17:00:01
1012312288YR7HFKE4HKX,西施大街（浣纱中路-人民中路）,诸暨市,28,13,2025-03-03 17:00:01
1012312288YRBZRTXR0G1,望江三路（高湖路-江东路）,诸暨市,15,6,2025-03-03 17:00:01
1012312298YXGS3Y2CBNL,东旺路188弄（东旺路-东二环路）,诸暨市,10,3,2025-03-03 17:00:01
1012312288YRAXUGJT1J5,浣纱北路（大桥路-艮塔路）,诸暨市,59,20,2025-03-03 17:00:01
1019PDAS7RIP7GH,市民公园东北面停车场,诸暨市,27,11,2025-03-03 17:00:01
1012312288YR6IWIX5X4X,苎萝东路（东二环路-东旺路）,诸暨市,18,11,2025-03-03 17:00:01
1012312288YRADOD6CUM9,南兴路（南庠路-人民南路）,诸暨市,25,25,2025-03-03 17:00:01
1012312288YRC518WKA2P,望江三路（江东路-滨江中路）,诸暨市,5,1,2025-03-03 17:00:01
1012312288YRBEU44Q1VL,滨江中路（艮塔东路-望江三路）,诸暨市,25,18,2025-03-03 17:00:01
1012312288YR5NVRFEV41,东安路(东二路-苎萝东路),诸暨市,6,4,2025-03-03 17:00:00
1012312288YR5RTTNITC1,艮塔东路（江东路-高湖路）,诸暨市,39,26,2025-03-03 17:00:00
1012312288YR9HG704L4X,苎萝东路（东福路-东三环路）,诸暨市,107,107,2025-03-03 17:00:00
1012401199375YC6OSJ5T,东三路（东二环路-东旺路）,诸暨市,121,58,2025-03-03 17:00:00
1019QKKS3RWOFEP,人防大厦停车场,诸暨市,48,4,2025-03-03 17:00:00
1012312288YR9PO5N0TFL,苎萝东路（环城东路-东旺路）,诸暨市,54,39,2025-03-03 17:00:00
1019Q6UK2GUCAV5,市民公园地下停车场,诸暨市,227,134,2025-03-03 17:00:00
1012312288YR7YF7Z1HXD,高湖路（望江二路-望江一路）,诸暨市,18,5,2025-03-03 17:00:00
1012312288YR5F42HE329,红旗路（人民中路-浣纱中路）,诸暨市,16,9,2025-03-03 17:00:00
1012312288YR8VUSTQYV5,东旺路182弄(康华大厦-东旺路),诸暨市,19,2,2025-03-03 17:00:00
1012312288YR64NIVVNK1,浣纱中路（西施大街-大桥东路）,诸暨市,23,9,2025-03-03 17:00:00
1019S5R3X1SOHS1,一百淘宝城停车场,诸暨市,105,40,2025-03-03 17:00:00
1012312288YR825E2P88X,苎萝东路（东二环路-东福路),诸暨市,115,87,2025-03-03 17:00:00
1012312288YR751NEO35T,东祥路（东二路-苎萝东路）,诸暨市,38,15,2025-03-03 17:00:00
1012312288YR9VX35V2M9,苎萝东路（环城东路-东祥路）,诸暨市,17,3,2025-03-03 17:00:00
1012312288YRB62F6P9TT,浣纱南路（南兴路-南屏路）,诸暨市,60,6,2025-03-03 17:00:00
1012312288YR7N8PO2AYP,东一路68弄（东二路-东一路）,诸暨市,46,18,2025-03-03 17:00:00
1012405049OQ8ZNVP3U2P,苎萝东路（东二环路-东旺路）1,诸暨市,29,17,2025-03-03 17:00:00
1012312288YRBP13VO9A9,江东路（望江二路-望江三路）,诸暨市,13,8,2025-03-03 17:00:00
1012312298YXHTPH9LYPT,东二路123弄（东旺路188弄-东二路）,诸暨市,61,21,2025-03-03 17:00:00
1012312288YR85VK6CYKH,和济路（东祥路-东旺路）,诸暨市,90,79,2025-03-03 17:00:00
10124013095GY8GDKUBY9,艮塔东路（高湖路-暨东路）,诸暨市,16,12,2025-03-03 17:00:00
10124012093FZKG7Y8M4H,永昌南路（东一路-东二路）,诸暨市,63,28,2025-03-03 17:00:00
10124013095HHCMD4CC1T,艮塔东路（交通银行）,诸暨市,35,28,2025-03-03 16:51:15
1012405079PB3TJY248W1,东三路（应山公园-东旺路）,诸暨市,44,28,2025-03-03 16:51:15
1019PRTQD59LIWX,永乐路停车场,诸暨市,91,55,2025-03-03 16:51:15
10124013095H4QPBO8UF5,东兴路50弄,诸暨市,7,7,2025-03-03 16:51:15
1012312288YR6EYGP1YWX,万风新世界（暨阳路-上庄路）,诸暨市,20,3,2025-03-03 16:51:15
1019MAR69WRHHXD,西子公寓停车场,诸暨市,91,77,2025-03-03 16:51:15
1019N4FJ7J6DUYP,篮球场停车场,诸暨市,182,38,2025-03-03 16:51:15
1012312288YR61OZ7SOW1,浣纱中路（南屏路-西施大街）,诸暨市,14,9,2025-03-03 16:51:15
1019B4Y82CZPJ41,诸暨浣东中路停车场,诸暨市,37,29,2025-03-03 16:51:15
1012312288YRBLMRYOUTD,江东路（望江一路-望江二路）,诸暨市,18,8,2025-03-03 16:51:15
1019REU2R6D37Y9,城东公园地下停车场,诸暨市,601,333,2025-03-03 16:51:15
1012312288YRB24CYLBLT,浣纱南路（苎萝路-南兴路）,诸暨市,19,2,2025-03-03 16:51:15
1012312288YR5B22720W1,大桥东路（江东路-五角广场）,诸暨市,58,34,2025-03-03 16:51:15
1012312288YR3EFRI1BSX,滨江南路（滨江支路-浣东中路）,诸暨市,64,33,2025-03-03 16:51:15
1012312288YRAJXAP73SX,滨江中路（望江二路-大桥东路）,诸暨市,45,29,2025-03-03 16:51:15
1012312288YR7V8S6IBCX,东一路88弄（东一路82弄-东一路）,诸暨市,27,8,2025-03-03 16:51:15
1012312288YR9ABOZHGCH,东二路（东旺路-东二环路）,诸暨市,47,38,2025-03-03 16:51:15
1012312288YR3IHRSDDZ5,滨江南路（大桥东路-西施大街）,诸暨市,13,1,2025-03-03 16:51:15
1012312268YDHM7XGW3Y9,艮塔东路（滨江北路-江东路),诸暨市,33,27,2025-03-03 16:51:15
1012312288YR8ZSV1UX35,东旺路150弄（东二环路-东旺路）,诸暨市,88,56,2025-03-03 16:51:15
1012312288YR3MBVY988X,东兴北路（江东路-福门路）,诸暨市,19,8,2025-03-03 16:51:15
1012312288YR5JPT2UOZL,东兴路（苎萝东路-东二路）,诸暨市,62,36,2025-03-03 16:51:15
1012312288YRBZRTXR0G1,望江三路（高湖路-江东路）,诸暨市,15,2,2025-03-03 16:51:15
1012312298YXIV34CFDVL,东一路82弄（东二路123弄-东二路）,诸暨市,6,3,2025-03-03 16:51:15
1012312288YR57VMEIUBL,大桥东路（大桥东路9号-江东路）,诸暨市,34,19,2025-03-03 16:51:15
1012312288YR5XYT44YKH,艮塔东路（苎萝东路-东二路）,诸暨市,142,118,2025-03-03 16:51:15
1012312288YR7HFKE4HKX,西施大街（浣纱中路-人民中路）,诸暨市,28,13,2025-03-03 16:51:15
1012312288YRBA0HET81T,江东路（大桥东路-望江一路）,诸暨市,10,5,2025-03-03 16:51:15
1012312288YR9LAB60FEP,苎萝东路（东兴路-东安路）,诸暨市,45,36,2025-03-03 16:51:15
1012312288YRC2EJF5N9D,望江三路（浣东北路-高湖路）,诸暨市,11,1,2025-03-03 16:51:15
1019PDAS7RIP7GH,市民公园东北面停车场,诸暨市,27,11,2025-03-03 16:51:15
1012312288YR5UKH75K3L,艮塔东路（东二路-东一路),诸暨市,101,87,2025-03-03 16:51:15
1012312288YR68DOZJDVL,体育路（体育路二弄-红旗路）,诸暨市,12,10,2025-03-03 16:51:15
1012312288YR9376YUBK1,东旺路（东旺路150弄-苎萝东路）,诸暨市,18,3,2025-03-03 16:51:15
1012312288YRBI4HZHCE9,江东路（西施大街-大桥东路）,诸暨市,6,1,2025-03-03 16:51:15
1012312288YR9D2CJ4741,东二路（东祥路-环城东路）,诸暨市,25,10,2025-03-03 16:51:15
1012312288YRBS7JO7FUP,望江二路（高湖路-江东路）,诸暨市,10,2,2025-03-03 16:51:15
1012312288YRBWX8BW5Q9,望江二路（浣东北路-高湖路）,诸暨市,5,1,2025-03-03 16:51:15
1012312288YR89HS7SKXT,东旺路（东旺路150弄-东二路）,诸暨市,18,5,2025-03-03 16:51:15
1012312288YR6SFUARGU9,东祥路19弄（东祥路-环城东路）,诸暨市,12,2,2025-03-03 16:51:15
1012312288YRAV3T06ARL,滨江中路（望江三路-望江二路）,诸暨市,30,23,2025-03-03 16:51:15
1012312298YXIJSNZ82YP,东二路129弄（东一路88弄-东二路123弄）,诸暨市,10,10,2025-03-03 16:51:15
1019S5R3X1SOHS1,一百淘宝城停车场,诸暨市,105,40,2025-03-03 16:51:14
1012312288YR9VX35V2M9,苎萝东路（环城东路-东祥路）,诸暨市,17,5,2025-03-03 16:51:14
1012312288YR85VK6CYKH,和济路（东祥路-东旺路）,诸暨市,90,77,2025-03-03 16:51:14
1012312288YR7CTTSNVNL,苎萝东路（环城东路-东兴路）,诸暨市,86,75,2025-03-03 16:51:14
1012312298YXHTPH9LYPT,东二路123弄（东旺路188弄-东二路）,诸暨市,61,21,2025-03-03 16:51:14
1012312298YXGS3Y2CBNL,东旺路188弄（东旺路-东二环路）,诸暨市,10,2,2025-03-03 16:51:14
1012312288YRADOD6CUM9,南兴路（南庠路-人民南路）,诸暨市,25,25,2025-03-03 16:51:14
1012312288YRAXUGJT1J5,浣纱北路（大桥路-艮塔路）,诸暨市,59,20,2025-03-03 16:51:14
1012312288YR8IX5J60OX,东旺路218弄（东旺路-融媒体中心）,诸暨市,29,9,2025-03-03 16:51:14
1012312268YD5WN09GPVL,八一横路（暨阳路-无名路）,诸暨市,46,27,2025-03-03 16:51:14
1019Q6UK2GUCAV5,市民公园地下停车场,诸暨市,227,130,2025-03-03 16:51:14
1012312288YR7YF7Z1HXD,高湖路（望江二路-望江一路）,诸暨市,18,4,2025-03-03 16:51:14
1012312288YR53DTVACCH,滨江南路（西施大街-滨江支路）,诸暨市,33,4,2025-03-03 16:51:14
1012312288YR5F42HE329,红旗路（人民中路-浣纱中路）,诸暨市,16,8,2025-03-03 16:51:14
1012401199375YC6OSJ5T,东三路（东二环路-东旺路）,诸暨市,121,62,2025-03-03 16:51:14
1012312288YR79Z86T0XT,暨东路70弄（东一路-东旺路218弄）,诸暨市,32,8,2025-03-03 16:51:14
1012312288YR9PO5N0TFL,苎萝东路（环城东路-东旺路）,诸暨市,54,40,2025-03-03 16:51:14
1019SEVYY7X0W75,十里牌停车场,诸暨市,69,65,2025-03-03 16:51:14
1019QKKS3RWOFEP,人防大厦停车场,诸暨市,48,2,2025-03-03 16:51:14
1012405049OQ8ZNVP3U2P,苎萝东路（东二环路-东旺路）1,诸暨市,29,17,2025-03-03 16:51:14
1012312288YRBEU44Q1VL,滨江中路（艮塔东路-望江三路）,诸暨市,25,18,2025-03-03 16:51:14
1012312288YR64NIVVNK1,浣纱中路（西施大街-大桥东路）,诸暨市,23,12,2025-03-03 16:51:14
1012312288YR5NVRFEV41,东安路(东二路-苎萝东路),诸暨市,6,6,2025-03-03 16:51:14
1012312288YR6IWIX5X4X,苎萝东路（东二环路-东旺路）,诸暨市,18,9,2025-03-03 16:51:14
1012312288YRBP13VO9A9,江东路（望江二路-望江三路）,诸暨市,13,10,2025-03-03 16:51:14
1012312288YR5RTTNITC1,艮塔东路（江东路-高湖路）,诸暨市,39,22,2025-03-03 16:51:14
1012312288YR825E2P88X,苎萝东路（东二环路-东福路),诸暨市,115,89,2025-03-03 16:51:14
1012312288YR751NEO35T,东祥路（东二路-苎萝东路）,诸暨市,38,13,2025-03-03 16:51:14
10124012093FZKG7Y8M4H,永昌南路（东一路-东二路）,诸暨市,63,30,2025-03-03 16:51:14
1012312288YRB62F6P9TT,浣纱南路（南兴路-南屏路）,诸暨市,60,14,2025-03-03 16:51:14
1012312288YR7N8PO2AYP,东一路68弄（东二路-东一路）,诸暨市,46,17,2025-03-03 16:51:14
1012312288YR8GIC67LS1,东旺路218弄(东旺路206弄-融媒体中心）,诸暨市,22,7,2025-03-03 16:51:14
1012312288YR9HG704L4X,苎萝东路（东福路-东三环路）,诸暨市,107,107,2025-03-03 16:51:14
1012312288YR7K67XR8CH,望江一路（浣东北路-江东路）,诸暨市,14,6,2025-03-03 16:51:14
1012312288YR8VUSTQYV5,东旺路182弄(康华大厦-东旺路),诸暨市,19,2,2025-03-03 16:51:14
10124013095GY8GDKUBY9,艮塔东路（高湖路-暨东路）,诸暨市,16,13,2025-03-03 16:51:14
1012312288YR9D2CJ4741,东二路（东祥路-环城东路）,诸暨市,25,7,2025-03-03 16:41:14
1012312288YR6C3V37475,体育路（体育路-大桥东路）,诸暨市,8,2,2025-03-03 16:41:14
1012312288YRB24CYLBLT,浣纱南路（苎萝路-南兴路）,诸暨市,19,2,2025-03-03 16:41:14
1012312288YR89HS7SKXT,东旺路（东旺路150弄-东二路）,诸暨市,18,7,2025-03-03 16:41:14
1012312288YR9376YUBK1,东旺路（东旺路150弄-苎萝东路）,诸暨市,18,3,2025-03-03 16:41:14
1012312288YR3IHRSDDZ5,滨江南路（大桥东路-西施大街）,诸暨市,13,2,2025-03-03 16:41:14
1012312288YRAJXAP73SX,滨江中路（望江二路-大桥东路）,诸暨市,45,30,2025-03-03 16:41:14
10124013095HHCMD4CC1T,艮塔东路（交通银行）,诸暨市,35,28,2025-03-03 16:41:14
1012312288YRBWX8BW5Q9,望江二路（浣东北路-高湖路）,诸暨市,5,1,2025-03-03 16:41:14
1012312288YR9ABOZHGCH,东二路（东旺路-东二环路）,诸暨市,47,39,2025-03-03 16:41:14
1012312288YR5XYT44YKH,艮塔东路（苎萝东路-东二路）,诸暨市,142,119,2025-03-03 16:41:14
1012312288YR7V8S6IBCX,东一路88弄（东一路82弄-东一路）,诸暨市,27,9,2025-03-03 16:41:14
1012312288YRBA0HET81T,江东路（大桥东路-望江一路）,诸暨市,10,6,2025-03-03 16:41:14
1012312288YRAV3T06ARL,滨江中路（望江三路-望江二路）,诸暨市,30,22,2025-03-03 16:41:14
1012312288YR7HFKE4HKX,西施大街（浣纱中路-人民中路）,诸暨市,28,12,2025-03-03 16:41:14
1019PDAS7RIP7GH,市民公园东北面停车场,诸暨市,27,9,2025-03-03 16:41:14
1012312288YR3MBVY988X,东兴北路（江东路-福门路）,诸暨市,19,9,2025-03-03 16:41:14
1012312288YR5B22720W1,大桥东路（江东路-五角广场）,诸暨市,58,38,2025-03-03 16:41:14
1012312288YRBZRTXR0G1,望江三路（高湖路-江东路）,诸暨市,15,7,2025-03-03 16:41:14
1019REU2R6D37Y9,城东公园地下停车场,诸暨市,601,267,2025-03-03 16:41:14
1012312288YR5JPT2UOZL,东兴路（苎萝东路-东二路）,诸暨市,62,39,2025-03-03 16:41:14
1012312288YR68DOZJDVL,体育路（体育路二弄-红旗路）,诸暨市,12,9,2025-03-03 16:41:14
1012312298YXIJSNZ82YP,东二路129弄（东一路88弄-东二路123弄）,诸暨市,10,10,2025-03-03 16:41:14
1012312288YR6SFUARGU9,东祥路19弄（东祥路-环城东路）,诸暨市,12,2,2025-03-03 16:41:14
1012312288YRBLMRYOUTD,江东路（望江一路-望江二路）,诸暨市,18,8,2025-03-03 16:41:14
1012312288YRC2EJF5N9D,望江三路（浣东北路-高湖路）,诸暨市,11,5,2025-03-03 16:41:14
1019MAR69WRHHXD,西子公寓停车场,诸暨市,91,78,2025-03-03 16:41:14
1019N4FJ7J6DUYP,篮球场停车场,诸暨市,182,37,2025-03-03 16:41:14
1019PRTQD59LIWX,永乐路停车场,诸暨市,91,55,2025-03-03 16:41:14
1012312288YR57VMEIUBL,大桥东路（大桥东路9号-江东路）,诸暨市,34,22,2025-03-03 16:41:14
1019JVX01UVMSCH,幸福家园停车场,诸暨市,72,1,2025-03-03 16:41:14
1012312288YRBI4HZHCE9,江东路（西施大街-大桥东路）,诸暨市,6,1,2025-03-03 16:41:14
1012312288YR61OZ7SOW1,浣纱中路（南屏路-西施大街）,诸暨市,14,8,2025-03-03 16:41:14
1019B4Y82CZPJ41,诸暨浣东中路停车场,诸暨市,37,28,2025-03-03 16:41:14
1012312298YXIV34CFDVL,东一路82弄（东二路123弄-东二路）,诸暨市,6,3,2025-03-03 16:41:14
1012312288YR9LAB60FEP,苎萝东路（东兴路-东安路）,诸暨市,45,38,2025-03-03 16:41:14
1012312288YR5UKH75K3L,艮塔东路（东二路-东一路),诸暨市,101,85,2025-03-03 16:41:14
1012312268YDHM7XGW3Y9,艮塔东路（滨江北路-江东路),诸暨市,33,31,2025-03-03 16:41:14
1012312288YR3EFRI1BSX,滨江南路（滨江支路-浣东中路）,诸暨市,64,37,2025-03-03 16:41:14
1012312288YR6EYGP1YWX,万风新世界（暨阳路-上庄路）,诸暨市,20,3,2025-03-03 16:41:14
1012405079PB3TJY248W1,东三路（应山公园-东旺路）,诸暨市,44,27,2025-03-03 16:41:14
1012312288YR79Z86T0XT,暨东路70弄（东一路-东旺路218弄）,诸暨市,32,9,2025-03-03 16:41:13
1012312288YR5NVRFEV41,东安路(东二路-苎萝东路),诸暨市,6,3,2025-03-03 16:41:13
1012312288YR825E2P88X,苎萝东路（东二环路-东福路),诸暨市,115,89,2025-03-03 16:41:13
1019QKKS3RWOFEP,人防大厦停车场,诸暨市,48,1,2025-03-03 16:41:13
1019SEVYY7X0W75,十里牌停车场,诸暨市,69,67,2025-03-03 16:41:13
1012312288YRB62F6P9TT,浣纱南路（南兴路-南屏路）,诸暨市,60,28,2025-03-03 16:41:13
1012312288YR53DTVACCH,滨江南路（西施大街-滨江支路）,诸暨市,33,8,2025-03-03 16:41:13
1012312288YR8ZSV1UX35,东旺路150弄（东二环路-东旺路）,诸暨市,88,58,2025-03-03 16:41:13
1019S5R3X1SOHS1,一百淘宝城停车场,诸暨市,105,40,2025-03-03 16:41:13
1012312268YD5WN09GPVL,八一横路（暨阳路-无名路）,诸暨市,46,25,2025-03-03 16:41:13
1012312288YRADOD6CUM9,南兴路（南庠路-人民南路）,诸暨市,25,25,2025-03-03 16:41:13
1012312288YR751NEO35T,东祥路（东二路-苎萝东路）,诸暨市,38,11,2025-03-03 16:41:13
1019Q6UK2GUCAV5,市民公园地下停车场,诸暨市,227,126,2025-03-03 16:41:13
1012312288YR8IX5J60OX,东旺路218弄（东旺路-融媒体中心）,诸暨市,29,11,2025-03-03 16:41:13
1012312288YRBEU44Q1VL,滨江中路（艮塔东路-望江三路）,诸暨市,25,14,2025-03-03 16:41:13
1012312288YRAXUGJT1J5,浣纱北路（大桥路-艮塔路）,诸暨市,59,20,2025-03-03 16:41:13
1012312288YRC518WKA2P,望江三路（江东路-滨江中路）,诸暨市,5,1,2025-03-03 16:41:13
1012312288YR5RTTNITC1,艮塔东路（江东路-高湖路）,诸暨市,39,23,2025-03-03 16:41:13
1012312288YR64NIVVNK1,浣纱中路（西施大街-大桥东路）,诸暨市,23,11,2025-03-03 16:41:13
1012312288YR5F42HE329,红旗路（人民中路-浣纱中路）,诸暨市,16,9,2025-03-03 16:41:13
1012401199375YC6OSJ5T,东三路（东二环路-东旺路）,诸暨市,121,70,2025-03-03 16:41:13
1012312288YR6IWIX5X4X,苎萝东路（东二环路-东旺路）,诸暨市,18,8,2025-03-03 16:41:13
1012312288YR85VK6CYKH,和济路（东祥路-东旺路）,诸暨市,90,75,2025-03-03 16:41:13
1012312288YR8GIC67LS1,东旺路218弄(东旺路206弄-融媒体中心）,诸暨市,22,7,2025-03-03 16:41:13
1012312288YR7CTTSNVNL,苎萝东路（环城东路-东兴路）,诸暨市,86,74,2025-03-03 16:41:13
1012405049OQ8ZNVP3U2P,苎萝东路（东二环路-东旺路）1,诸暨市,29,18,2025-03-03 16:41:13
1012312288YR9VX35V2M9,苎萝东路（环城东路-东祥路）,诸暨市,17,5,2025-03-03 16:41:13
10124013095GY8GDKUBY9,艮塔东路（高湖路-暨东路）,诸暨市,16,11,2025-03-03 16:41:13
1012312298YXGS3Y2CBNL,东旺路188弄（东旺路-东二环路）,诸暨市,10,3,2025-03-03 16:41:13
10124012093FZKG7Y8M4H,永昌南路（东一路-东二路）,诸暨市,63,43,2025-03-03 16:41:13
1012312288YR7N8PO2AYP,东一路68弄（东二路-东一路）,诸暨市,46,15,2025-03-03 16:41:13
1012312288YR8VUSTQYV5,东旺路182弄(康华大厦-东旺路),诸暨市,19,3,2025-03-03 16:41:13
10124013095H4QPBO8UF5,东兴路50弄,诸暨市,7,7,2025-03-03 16:41:13
1012312288YR9HG704L4X,苎萝东路（东福路-东三环路）,诸暨市,107,107,2025-03-03 16:41:13
1012312298YXHTPH9LYPT,东二路123弄（东旺路188弄-东二路）,诸暨市,61,21,2025-03-03 16:41:13
1012312288YR7K67XR8CH,望江一路（浣东北路-江东路）,诸暨市,14,7,2025-03-03 16:41:13
1012312288YR9PO5N0TFL,苎萝东路（环城东路-东旺路）,诸暨市,54,40,2025-03-03 16:41:13
1012312288YRBP13VO9A9,江东路（望江二路-望江三路）,诸暨市,13,11,2025-03-03 16:41:13
1012312288YR7YF7Z1HXD,高湖路（望江二路-望江一路）,诸暨市,18,6,2025-03-03 16:41:13
1019REU2R6D37Y9,城东公园地下停车场,诸暨市,601,220,2025-03-03 16:30:01
1012312288YR6C3V37475,体育路（体育路-大桥东路）,诸暨市,8,1,2025-03-03 16:30:01
1012312288YR3IHRSDDZ5,滨江南路（大桥东路-西施大街）,诸暨市,13,2,2025-03-03 16:30:01
1012312288YRBI4HZHCE9,江东路（西施大街-大桥东路）,诸暨市,6,2,2025-03-03 16:30:01
1012312288YRBS7JO7FUP,望江二路（高湖路-江东路）,诸暨市,10,2,2025-03-03 16:30:01
1019PRTQD59LIWX,永乐路停车场,诸暨市,91,55,2025-03-03 16:30:01
1012312288YR9LAB60FEP,苎萝东路（东兴路-东安路）,诸暨市,45,38,2025-03-03 16:30:01
1012312288YR7V8S6IBCX,东一路88弄（东一路82弄-东一路）,诸暨市,27,7,2025-03-03 16:30:01
1012312288YR6SFUARGU9,东祥路19弄（东祥路-环城东路）,诸暨市,12,2,2025-03-03 16:30:01
1012312288YRC2EJF5N9D,望江三路（浣东北路-高湖路）,诸暨市,11,4,2025-03-03 16:30:01
1012312288YR61OZ7SOW1,浣纱中路（南屏路-西施大街）,诸暨市,14,9,2025-03-03 16:30:01
1012312288YR89HS7SKXT,东旺路（东旺路150弄-东二路）,诸暨市,18,6,2025-03-03 16:30:01
1012312288YR6EYGP1YWX,万风新世界（暨阳路-上庄路）,诸暨市,20,4,2025-03-03 16:30:01
1012312288YR5XYT44YKH,艮塔东路（苎萝东路-东二路）,诸暨市,142,114,2025-03-03 16:30:01
1012312288YR9D2CJ4741,东二路（东祥路-环城东路）,诸暨市,25,8,2025-03-03 16:30:01
1019B4Y82CZPJ41,诸暨浣东中路停车场,诸暨市,37,28,2025-03-03 16:30:01
1012312288YRBA0HET81T,江东路（大桥东路-望江一路）,诸暨市,10,7,2025-03-03 16:30:01
1012312298YXIJSNZ82YP,东二路129弄（东一路88弄-东二路123弄）,诸暨市,10,10,2025-03-03 16:30:01
1012312288YRBWX8BW5Q9,望江二路（浣东北路-高湖路）,诸暨市,5,1,2025-03-03 16:30:01
1012312288YRB24CYLBLT,浣纱南路（苎萝路-南兴路）,诸暨市,19,5,2025-03-03 16:30:01
1012312288YR3EFRI1BSX,滨江南路（滨江支路-浣东中路）,诸暨市,64,34,2025-03-03 16:30:01
1019N4FJ7J6DUYP,篮球场停车场,诸暨市,182,38,2025-03-03 16:30:01
1019MAR69WRHHXD,西子公寓停车场,诸暨市,91,81,2025-03-03 16:30:01
1012312288YRBLMRYOUTD,江东路（望江一路-望江二路）,诸暨市,18,10,2025-03-03 16:30:01
1012312288YR68DOZJDVL,体育路（体育路二弄-红旗路）,诸暨市,12,7,2025-03-03 16:30:01
1012312288YR5JPT2UOZL,东兴路（苎萝东路-东二路）,诸暨市,62,44,2025-03-03 16:30:01
1012312288YR3MBVY988X,东兴北路（江东路-福门路）,诸暨市,19,9,2025-03-03 16:30:01
1012312298YXIV34CFDVL,东一路82弄（东二路123弄-东二路）,诸暨市,6,2,2025-03-03 16:30:01
1012405079PB3TJY248W1,东三路（应山公园-东旺路）,诸暨市,44,42,2025-03-03 16:30:01
1012312288YR8GIC67LS1,东旺路218弄(东旺路206弄-融媒体中心）,诸暨市,22,8,2025-03-03 16:30:00
1019SEVYY7X0W75,十里牌停车场,诸暨市,69,67,2025-03-03 16:30:00
1012312288YR53DTVACCH,滨江南路（西施大街-滨江支路）,诸暨市,33,7,2025-03-03 16:30:00
1012312288YR5NVRFEV41,东安路(东二路-苎萝东路),诸暨市,6,6,2025-03-03 16:30:00
10124013095H4QPBO8UF5,东兴路50弄,诸暨市,7,7,2025-03-03 16:30:00
1012312288YR7CTTSNVNL,苎萝东路（环城东路-东兴路）,诸暨市,86,71,2025-03-03 16:30:00
10124012093FZKG7Y8M4H,永昌南路（东一路-东二路）,诸暨市,63,51,2025-03-03 16:30:00
1012312288YR79Z86T0XT,暨东路70弄（东一路-东旺路218弄）,诸暨市,32,7,2025-03-03 16:30:00
1012401199375YC6OSJ5T,东三路（东二环路-东旺路）,诸暨市,121,77,2025-03-03 16:30:00
1012312268YDHM7XGW3Y9,艮塔东路（滨江北路-江东路),诸暨市,33,30,2025-03-03 16:30:00
1012312288YRBP13VO9A9,江东路（望江二路-望江三路）,诸暨市,13,11,2025-03-03 16:30:00
1012312288YR64NIVVNK1,浣纱中路（西施大街-大桥东路）,诸暨市,23,10,2025-03-03 16:30:00
1012312288YR825E2P88X,苎萝东路（东二环路-东福路),诸暨市,115,93,2025-03-03 16:30:00
1012312288YR57VMEIUBL,大桥东路（大桥东路9号-江东路）,诸暨市,34,20,2025-03-03 16:30:00
1012312288YRBEU44Q1VL,滨江中路（艮塔东路-望江三路）,诸暨市,25,13,2025-03-03 16:30:00
1012312288YR8ZSV1UX35,东旺路150弄（东二环路-东旺路）,诸暨市,88,55,2025-03-03 16:30:00
1012312288YR9HG704L4X,苎萝东路（东福路-东三环路）,诸暨市,107,107,2025-03-03 16:30:00
1012312288YR5F42HE329,红旗路（人民中路-浣纱中路）,诸暨市,16,5,2025-03-03 16:30:00
1012312288YR5B22720W1,大桥东路（江东路-五角广场）,诸暨市,58,37,2025-03-03 16:30:00
1012312288YRC518WKA2P,望江三路（江东路-滨江中路）,诸暨市,5,1,2025-03-03 16:30:00
1019S5R3X1SOHS1,一百淘宝城停车场,诸暨市,105,40,2025-03-03 16:30:00
1012312298YXGS3Y2CBNL,东旺路188弄（东旺路-东二环路）,诸暨市,10,6,2025-03-03 16:30:00
1019PDAS7RIP7GH,市民公园东北面停车场,诸暨市,27,5,2025-03-03 16:30:00
1012312288YRB62F6P9TT,浣纱南路（南兴路-南屏路）,诸暨市,60,38,2025-03-03 16:30:00
1012405049OQ8ZNVP3U2P,苎萝东路（东二环路-东旺路）1,诸暨市,29,19,2025-03-03 16:30:00
1012312288YR5RTTNITC1,艮塔东路（江东路-高湖路）,诸暨市,39,19,2025-03-03 16:30:00
1012312288YRADOD6CUM9,南兴路（南庠路-人民南路）,诸暨市,25,25,2025-03-03 16:30:00
10124013095HHCMD4CC1T,艮塔东路（交通银行）,诸暨市,35,26,2025-03-03 16:30:00
1012312288YR6IWIX5X4X,苎萝东路（东二环路-东旺路）,诸暨市,18,8,2025-03-03 16:30:00
1012312288YRAJXAP73SX,滨江中路（望江二路-大桥东路）,诸暨市,45,30,2025-03-03 16:30:00
1012312288YR7YF7Z1HXD,高湖路（望江二路-望江一路）,诸暨市,18,8,2025-03-03 16:30:00
1012312288YR9ABOZHGCH,东二路（东旺路-东二环路）,诸暨市,47,35,2025-03-03 16:30:00
1019Q6UK2GUCAV5,市民公园地下停车场,诸暨市,227,124,2025-03-03 16:30:00
1012312288YR8VUSTQYV5,东旺路182弄(康华大厦-东旺路),诸暨市,19,4,2025-03-03 16:30:00
1012312288YRAV3T06ARL,滨江中路（望江三路-望江二路）,诸暨市,30,25,2025-03-03 16:30:00
1012312288YR8IX5J60OX,东旺路218弄（东旺路-融媒体中心）,诸暨市,29,6,2025-03-03 16:30:00
1012312288YR85VK6CYKH,和济路（东祥路-东旺路）,诸暨市,90,59,2025-03-03 16:30:00
1012312288YR751NEO35T,东祥路（东二路-苎萝东路）,诸暨市,38,9,2025-03-03 16:30:00
1012312288YR9376YUBK1,东旺路（东旺路150弄-苎萝东路）,诸暨市,18,3,2025-03-03 16:30:00
1012312268YD5WN09GPVL,八一横路（暨阳路-无名路）,诸暨市,46,30,2025-03-03 16:30:00
1012312288YR7K67XR8CH,望江一路（浣东北路-江东路）,诸暨市,14,5,2025-03-03 16:30:00
10124013095GY8GDKUBY9,艮塔东路（高湖路-暨东路）,诸暨市,16,10,2025-03-03 16:30:00
1012312288YR9PO5N0TFL,苎萝东路（环城东路-东旺路）,诸暨市,54,37,2025-03-03 16:30:00
1012312288YR5UKH75K3L,艮塔东路（东二路-东一路),诸暨市,101,82,2025-03-03 16:30:00
1012312288YR7HFKE4HKX,西施大街（浣纱中路-人民中路）,诸暨市,28,10,2025-03-03 16:30:00
1012312298YXHTPH9LYPT,东二路123弄（东旺路188弄-东二路）,诸暨市,61,22,2025-03-03 16:30:00
1012312288YRBZRTXR0G1,望江三路（高湖路-江东路）,诸暨市,15,12,2025-03-03 16:30:00
1012312288YR9VX35V2M9,苎萝东路（环城东路-东祥路）,诸暨市,17,3,2025-03-03 16:30:00
1012312288YR7N8PO2AYP,东一路68弄（东二路-东一路）,诸暨市,46,15,2025-03-03 16:30:00
1012312288YRAXUGJT1J5,浣纱北路（大桥路-艮塔路）,诸暨市,59,22,2025-03-03 16:30:00
1019N4FJ7J6DUYP,篮球场停车场,诸暨市,182,38,2025-03-03 16:20:02
1012312288YRBWX8BW5Q9,望江二路（浣东北路-高湖路）,诸暨市,5,2,2025-03-03 16:20:02
1012312288YR3MBVY988X,东兴北路（江东路-福门路）,诸暨市,19,10,2025-03-03 16:20:02
1012312288YR5XYT44YKH,艮塔东路（苎萝东路-东二路）,诸暨市,142,118,2025-03-03 16:20:02
1012312288YRBS7JO7FUP,望江二路（高湖路-江东路）,诸暨市,10,5,2025-03-03 16:20:02
1012312298YXIJSNZ82YP,东二路129弄（东一路88弄-东二路123弄）,诸暨市,10,10,2025-03-03 16:20:02
1012312288YRBA0HET81T,江东路（大桥东路-望江一路）,诸暨市,10,7,2025-03-03 16:20:02
1012312288YR5JPT2UOZL,东兴路（苎萝东路-东二路）,诸暨市,62,49,2025-03-03 16:20:02
1012312288YR3IHRSDDZ5,滨江南路（大桥东路-西施大街）,诸暨市,13,4,2025-03-03 16:20:02
1019REU2R6D37Y9,城东公园地下停车场,诸暨市,601,276,2025-03-03 16:20:02
1012312288YR3EFRI1BSX,滨江南路（滨江支路-浣东中路）,诸暨市,64,33,2025-03-03 16:20:02
1012312288YRB24CYLBLT,浣纱南路（苎萝路-南兴路）,诸暨市,19,10,2025-03-03 16:20:02
1012312268YDHM7XGW3Y9,艮塔东路（滨江北路-江东路),诸暨市,33,25,2025-03-03 16:20:01
1012312288YR9376YUBK1,东旺路（东旺路150弄-苎萝东路）,诸暨市,18,2,2025-03-03 16:20:01
1012312298YXGS3Y2CBNL,东旺路188弄（东旺路-东二环路）,诸暨市,10,6,2025-03-03 16:20:01
1012312288YR6SFUARGU9,东祥路19弄（东祥路-环城东路）,诸暨市,12,2,2025-03-03 16:20:01
1012312288YR5UKH75K3L,艮塔东路（东二路-东一路),诸暨市,101,83,2025-03-03 16:20:01
1012312288YR89HS7SKXT,东旺路（东旺路150弄-东二路）,诸暨市,18,5,2025-03-03 16:20:01
1019B4Y82CZPJ41,诸暨浣东中路停车场,诸暨市,37,28,2025-03-03 16:20:01
1012312288YRAV3T06ARL,滨江中路（望江三路-望江二路）,诸暨市,30,24,2025-03-03 16:20:01
1012312288YRBI4HZHCE9,江东路（西施大街-大桥东路）,诸暨市,6,2,2025-03-03 16:20:01
1012312288YR53DTVACCH,滨江南路（西施大街-滨江支路）,诸暨市,33,4,2025-03-03 16:20:01
1012312288YR61OZ7SOW1,浣纱中路（南屏路-西施大街）,诸暨市,14,10,2025-03-03 16:20:01
1012405079PB3TJY248W1,东三路（应山公园-东旺路）,诸暨市,44,44,2025-03-03 16:20:01
10124013095HHCMD4CC1T,艮塔东路（交通银行）,诸暨市,35,26,2025-03-03 16:20:01
1012312288YR68DOZJDVL,体育路（体育路二弄-红旗路）,诸暨市,12,5,2025-03-03 16:20:01
1012312288YRBLMRYOUTD,江东路（望江一路-望江二路）,诸暨市,18,11,2025-03-03 16:20:01
1012312288YR6EYGP1YWX,万风新世界（暨阳路-上庄路）,诸暨市,20,3,2025-03-03 16:20:01
1012312288YRBZRTXR0G1,望江三路（高湖路-江东路）,诸暨市,15,12,2025-03-03 16:20:01
1012312298YXIV34CFDVL,东一路82弄（东二路123弄-东二路）,诸暨市,6,2,2025-03-03 16:20:01
1012312288YR8ZSV1UX35,东旺路150弄（东二环路-东旺路）,诸暨市,88,53,2025-03-03 16:20:01
1012312288YR8IX5J60OX,东旺路218弄（东旺路-融媒体中心）,诸暨市,29,5,2025-03-03 16:20:01
1012312288YR7HFKE4HKX,西施大街（浣纱中路-人民中路）,诸暨市,28,11,2025-03-03 16:20:01
1012312288YRBEU44Q1VL,滨江中路（艮塔东路-望江三路）,诸暨市,25,15,2025-03-03 16:20:01
1012312288YR8GIC67LS1,东旺路218弄(东旺路206弄-融媒体中心）,诸暨市,22,10,2025-03-03 16:20:01
1012312268YD5WN09GPVL,八一横路（暨阳路-无名路）,诸暨市,46,23,2025-03-03 16:20:01
1012312288YR9LAB60FEP,苎萝东路（东兴路-东安路）,诸暨市,45,37,2025-03-03 16:20:01
1012312288YRC2EJF5N9D,望江三路（浣东北路-高湖路）,诸暨市,11,7,2025-03-03 16:20:01
10124013095H4QPBO8UF5,东兴路50弄,诸暨市,7,7,2025-03-03 16:20:01
1012312288YRAJXAP73SX,滨江中路（望江二路-大桥东路）,诸暨市,45,28,2025-03-03 16:20:01
1012312288YRADOD6CUM9,南兴路（南庠路-人民南路）,诸暨市,25,25,2025-03-03 16:20:01
1012312288YR5B22720W1,大桥东路（江东路-五角广场）,诸暨市,58,34,2025-03-03 16:20:01
1019PRTQD59LIWX,永乐路停车场,诸暨市,91,55,2025-03-03 16:20:01
1012312288YR9ABOZHGCH,东二路（东旺路-东二环路）,诸暨市,47,36,2025-03-03 16:20:01
1012312288YR7CTTSNVNL,苎萝东路（环城东路-东兴路）,诸暨市,86,74,2025-03-03 16:20:01
1012312288YR6IWIX5X4X,苎萝东路（东二环路-东旺路）,诸暨市,18,8,2025-03-03 16:20:01
1019MAR69WRHHXD,西子公寓停车场,诸暨市,91,80,2025-03-03 16:20:01
1012312288YR57VMEIUBL,大桥东路（大桥东路9号-江东路）,诸暨市,34,19,2025-03-03 16:20:01
1012312288YR7V8S6IBCX,东一路88弄（东一路82弄-东一路）,诸暨市,27,3,2025-03-03 16:20:01
1012312288YR9D2CJ4741,东二路（东祥路-环城东路）,诸暨市,25,9,2025-03-03 16:20:01
1012312288YRAXUGJT1J5,浣纱北路（大桥路-艮塔路）,诸暨市,59,24,2025-03-03 16:20:01
1019PDAS7RIP7GH,市民公园东北面停车场,诸暨市,27,6,2025-03-03 16:20:01
1019SEVYY7X0W75,十里牌停车场,诸暨市,69,67,2025-03-03 16:20:01
1012312288YR7N8PO2AYP,东一路68弄（东二路-东一路）,诸暨市,46,15,2025-03-03 16:20:00
1012312288YR79Z86T0XT,暨东路70弄（东一路-东旺路218弄）,诸暨市,32,6,2025-03-03 16:20:00
1019S5R3X1SOHS1,一百淘宝城停车场,诸暨市,105,40,2025-03-03 16:20:00
1012312288YR7YF7Z1HXD,高湖路（望江二路-望江一路）,诸暨市,18,9,2025-03-03 16:20:00
1012312288YRB62F6P9TT,浣纱南路（南兴路-南屏路）,诸暨市,60,38,2025-03-03 16:20:00
1012312288YR5RTTNITC1,艮塔东路（江东路-高湖路）,诸暨市,39,17,2025-03-03 16:20:00
1012312288YRBP13VO9A9,江东路（望江二路-望江三路）,诸暨市,13,10,2025-03-03 16:20:00
10124013095GY8GDKUBY9,艮塔东路（高湖路-暨东路）,诸暨市,16,11,2025-03-03 16:20:00
10124012093FZKG7Y8M4H,永昌南路（东一路-东二路）,诸暨市,63,56,2025-03-03 16:20:00
1012312288YR85VK6CYKH,和济路（东祥路-东旺路）,诸暨市,90,51,2025-03-03 16:20:00
1012312288YR5NVRFEV41,东安路(东二路-苎萝东路),诸暨市,6,6,2025-03-03 16:20:00
1012312288YR9HG704L4X,苎萝东路（东福路-东三环路）,诸暨市,107,107,2025-03-03 16:20:00
1012312288YR7K67XR8CH,望江一路（浣东北路-江东路）,诸暨市,14,3,2025-03-03 16:20:00
1012312288YR751NEO35T,东祥路（东二路-苎萝东路）,诸暨市,38,11,2025-03-03 16:20:00
1012401199375YC6OSJ5T,东三路（东二环路-东旺路）,诸暨市,121,78,2025-03-03 16:20:00
1012312288YR5F42HE329,红旗路（人民中路-浣纱中路）,诸暨市,16,5,2025-03-03 16:20:00
1012312288YR8VUSTQYV5,东旺路182弄(康华大厦-东旺路),诸暨市,19,4,2025-03-03 16:20:00
1012312288YR825E2P88X,苎萝东路（东二环路-东福路),诸暨市,115,97,2025-03-03 16:20:00
1012312298YXHTPH9LYPT,东二路123弄（东旺路188弄-东二路）,诸暨市,61,19,2025-03-03 16:20:00
1012312288YR9PO5N0TFL,苎萝东路（环城东路-东旺路）,诸暨市,54,40,2025-03-03 16:20:00
1012312288YR9VX35V2M9,苎萝东路（环城东路-东祥路）,诸暨市,17,2,2025-03-03 16:20:00
1019Q6UK2GUCAV5,市民公园地下停车场,诸暨市,227,124,2025-03-03 16:20:00
1012405049OQ8ZNVP3U2P,苎萝东路（东二环路-东旺路）1,诸暨市,29,19,2025-03-03 16:20:00
1012312288YR64NIVVNK1,浣纱中路（西施大街-大桥东路）,诸暨市,23,10,2025-03-03 16:20:00
1012312288YR6EYGP1YWX,万风新世界（暨阳路-上庄路）,诸暨市,20,6,2025-03-03 16:10:01
1012312288YR9LAB60FEP,苎萝东路（东兴路-东安路）,诸暨市,45,39,2025-03-03 16:10:01
1012312298YXIV34CFDVL,东一路82弄（东二路123弄-东二路）,诸暨市,6,2,2025-03-03 16:10:01
1019REU2R6D37Y9,城东公园地下停车场,诸暨市,601,318,2025-03-03 16:10:01
1012312288YR68DOZJDVL,体育路（体育路二弄-红旗路）,诸暨市,12,4,2025-03-03 16:10:01
1012312288YR5UKH75K3L,艮塔东路（东二路-东一路),诸暨市,101,83,2025-03-03 16:10:01
1012312288YR3EFRI1BSX,滨江南路（滨江支路-浣东中路）,诸暨市,64,33,2025-03-03 16:10:01
1019N4FJ7J6DUYP,篮球场停车场,诸暨市,182,38,2025-03-03 16:10:01
1012312288YRBLMRYOUTD,江东路（望江一路-望江二路）,诸暨市,18,13,2025-03-03 16:10:01
1012312288YRBI4HZHCE9,江东路（西施大街-大桥东路）,诸暨市,6,3,2025-03-03 16:10:01
1019MAR69WRHHXD,西子公寓停车场,诸暨市,91,79,2025-03-03 16:10:01
1019PRTQD59LIWX,永乐路停车场,诸暨市,91,55,2025-03-03 16:10:01
1012312288YRBS7JO7FUP,望江二路（高湖路-江东路）,诸暨市,10,4,2025-03-03 16:10:01
1012312288YRBA0HET81T,江东路（大桥东路-望江一路）,诸暨市,10,7,2025-03-03 16:10:01
1012312288YR61OZ7SOW1,浣纱中路（南屏路-西施大街）,诸暨市,14,10,2025-03-03 16:10:01
1019B4Y82CZPJ41,诸暨浣东中路停车场,诸暨市,37,28,2025-03-03 16:10:01
1012312288YR5JPT2UOZL,东兴路（苎萝东路-东二路）,诸暨市,62,43,2025-03-03 16:10:01
1012312288YR89HS7SKXT,东旺路（东旺路150弄-东二路）,诸暨市,18,5,2025-03-03 16:10:01
1012312288YR6SFUARGU9,东祥路19弄（东祥路-环城东路）,诸暨市,12,2,2025-03-03 16:10:01
1012405079PB3TJY248W1,东三路（应山公园-东旺路）,诸暨市,44,44,2025-03-03 16:10:01
1012312288YR9D2CJ4741,东二路（东祥路-环城东路）,诸暨市,25,9,2025-03-03 16:10:01
1012312298YXIJSNZ82YP,东二路129弄（东一路88弄-东二路123弄）,诸暨市,10,10,2025-03-03 16:10:01
1012312288YR7V8S6IBCX,东一路88弄（东一路82弄-东一路）,诸暨市,27,4,2025-03-03 16:10:01
1012312268YDHM7XGW3Y9,艮塔东路（滨江北路-江东路),诸暨市,33,26,2025-03-03 16:10:01
1012312288YR5XYT44YKH,艮塔东路（苎萝东路-东二路）,诸暨市,142,117,2025-03-03 16:10:01
1012312288YR3MBVY988X,东兴北路（江东路-福门路）,诸暨市,19,16,2025-03-03 16:10:01
1012312288YRC2EJF5N9D,望江三路（浣东北路-高湖路）,诸暨市,11,8,2025-03-03 16:10:01
1012312288YR3IHRSDDZ5,滨江南路（大桥东路-西施大街）,诸暨市,13,1,2025-03-03 16:10:01
1012312288YRB24CYLBLT,浣纱南路（苎萝路-南兴路）,诸暨市,19,10,2025-03-03 16:10:01
1012312288YRBWX8BW5Q9,望江二路（浣东北路-高湖路）,诸暨市,5,1,2025-03-03 16:10:01
1019Q6UK2GUCAV5,市民公园地下停车场,诸暨市,227,123,2025-03-03 16:10:00
1012312288YR5F42HE329,红旗路（人民中路-浣纱中路）,诸暨市,16,4,2025-03-03 16:10:00
1012312288YR7CTTSNVNL,苎萝东路（环城东路-东兴路）,诸暨市,86,72,2025-03-03 16:10:00
1019SEVYY7X0W75,十里牌停车场,诸暨市,69,68,2025-03-03 16:10:00
1012405049OQ8ZNVP3U2P,苎萝东路（东二环路-东旺路）1,诸暨市,29,20,2025-03-03 16:10:00
1012312288YRADOD6CUM9,南兴路（南庠路-人民南路）,诸暨市,25,25,2025-03-03 16:10:00
1012312288YR7K67XR8CH,望江一路（浣东北路-江东路）,诸暨市,14,4,2025-03-03 16:10:00
1012312288YR5B22720W1,大桥东路（江东路-五角广场）,诸暨市,58,34,2025-03-03 16:10:00
1019S5R3X1SOHS1,一百淘宝城停车场,诸暨市,105,40,2025-03-03 16:10:00
1012312288YR7N8PO2AYP,东一路68弄（东二路-东一路）,诸暨市,46,15,2025-03-03 16:10:00
1012312288YR7YF7Z1HXD,高湖路（望江二路-望江一路）,诸暨市,18,8,2025-03-03 16:10:00
1012312288YR5NVRFEV41,东安路(东二路-苎萝东路),诸暨市,6,5,2025-03-03 16:10:00
1012312288YRAXUGJT1J5,浣纱北路（大桥路-艮塔路）,诸暨市,59,21,2025-03-03 16:10:00
1012312288YR8GIC67LS1,东旺路218弄(东旺路206弄-融媒体中心）,诸暨市,22,9,2025-03-03 16:10:00
1012312288YR85VK6CYKH,和济路（东祥路-东旺路）,诸暨市,90,46,2025-03-03 16:10:00
1012312288YRAJXAP73SX,滨江中路（望江二路-大桥东路）,诸暨市,45,29,2025-03-03 16:10:00
1012312288YR9ABOZHGCH,东二路（东旺路-东二环路）,诸暨市,47,36,2025-03-03 16:10:00
1012401199375YC6OSJ5T,东三路（东二环路-东旺路）,诸暨市,121,78,2025-03-03 16:10:00
1012312288YR9376YUBK1,东旺路（东旺路150弄-苎萝东路）,诸暨市,18,3,2025-03-03 16:10:00
1012312288YR825E2P88X,苎萝东路（东二环路-东福路),诸暨市,115,92,2025-03-03 16:10:00
1012312288YR79Z86T0XT,暨东路70弄（东一路-东旺路218弄）,诸暨市,32,4,2025-03-03 16:10:00
1012312288YR6IWIX5X4X,苎萝东路（东二环路-东旺路）,诸暨市,18,4,2025-03-03 16:10:00
1012312288YR7HFKE4HKX,西施大街（浣纱中路-人民中路）,诸暨市,28,12,2025-03-03 16:10:00
1012312288YR9HG704L4X,苎萝东路（东福路-东三环路）,诸暨市,107,107,2025-03-03 16:10:00
1012312288YRB62F6P9TT,浣纱南路（南兴路-南屏路）,诸暨市,60,37,2025-03-03 16:10:00
1012312288YR8VUSTQYV5,东旺路182弄(康华大厦-东旺路),诸暨市,19,4,2025-03-03 16:10:00
10124013095HHCMD4CC1T,艮塔东路（交通银行）,诸暨市,35,25,2025-03-03 16:10:00
1012312288YR57VMEIUBL,大桥东路（大桥东路9号-江东路）,诸暨市,34,20,2025-03-03 16:10:00
1012312288YRBP13VO9A9,江东路（望江二路-望江三路）,诸暨市,13,10,2025-03-03 16:10:00
10124013095H4QPBO8UF5,东兴路50弄,诸暨市,7,7,2025-03-03 16:10:00
1012312268YD5WN09GPVL,八一横路（暨阳路-无名路）,诸暨市,46,28,2025-03-03 16:10:00
1019PDAS7RIP7GH,市民公园东北面停车场,诸暨市,27,5,2025-03-03 16:10:00
1012312288YR53DTVACCH,滨江南路（西施大街-滨江支路）,诸暨市,33,6,2025-03-03 16:10:00
1012312288YR64NIVVNK1,浣纱中路（西施大街-大桥东路）,诸暨市,23,11,2025-03-03 16:10:00
1012312288YR9VX35V2M9,苎萝东路（环城东路-东祥路）,诸暨市,17,2,2025-03-03 16:10:00
1019QKKS3RWOFEP,人防大厦停车场,诸暨市,48,1,2025-03-03 16:10:00
1012312288YR9PO5N0TFL,苎萝东路（环城东路-东旺路）,诸暨市,54,39,2025-03-03 16:10:00
1012312288YRAV3T06ARL,滨江中路（望江三路-望江二路）,诸暨市,30,23,2025-03-03 16:10:00
1012312288YR8IX5J60OX,东旺路218弄（东旺路-融媒体中心）,诸暨市,29,4,2025-03-03 16:10:00
1012312288YRBZRTXR0G1,望江三路（高湖路-江东路）,诸暨市,15,11,2025-03-03 16:10:00
1012312288YRBEU44Q1VL,滨江中路（艮塔东路-望江三路）,诸暨市,25,15,2025-03-03 16:10:00
10124012093FZKG7Y8M4H,永昌南路（东一路-东二路）,诸暨市,63,59,2025-03-03 16:10:00
1012312298YXHTPH9LYPT,东二路123弄（东旺路188弄-东二路）,诸暨市,61,16,2025-03-03 16:10:00
10124013095GY8GDKUBY9,艮塔东路（高湖路-暨东路）,诸暨市,16,12,2025-03-03 16:10:00
1012312298YXGS3Y2CBNL,东旺路188弄（东旺路-东二环路）,诸暨市,10,5,2025-03-03 16:10:00
1012312288YR5RTTNITC1,艮塔东路（江东路-高湖路）,诸暨市,39,19,2025-03-03 16:10:00
1012312288YR8ZSV1UX35,东旺路150弄（东二环路-东旺路）,诸暨市,88,58,2025-03-03 16:10:00
1012312288YR751NEO35T,东祥路（东二路-苎萝东路）,诸暨市,38,11,2025-03-03 16:10:00
1012312288YR5XYT44YKH,艮塔东路（苎萝东路-东二路）,诸暨市,142,113,2025-03-03 16:01:18
1012312288YR89HS7SKXT,东旺路（东旺路150弄-东二路）,诸暨市,18,8,2025-03-03 16:01:18
1012312288YRBA0HET81T,江东路（大桥东路-望江一路）,诸暨市,10,5,2025-03-03 16:01:18
1019REU2R6D37Y9,城东公园地下停车场,诸暨市,601,333,2025-03-03 16:01:18
1012312288YR3MBVY988X,东兴北路（江东路-福门路）,诸暨市,19,11,2025-03-03 16:01:18
1012312288YR3IHRSDDZ5,滨江南路（大桥东路-西施大街）,诸暨市,13,2,2025-03-03 16:01:18
1012312288YRBS7JO7FUP,望江二路（高湖路-江东路）,诸暨市,10,4,2025-03-03 16:01:18
1012312288YRBWX8BW5Q9,望江二路（浣东北路-高湖路）,诸暨市,5,2,2025-03-03 16:01:18
1012312288YR6SFUARGU9,东祥路19弄（东祥路-环城东路）,诸暨市,12,1,2025-03-03 16:01:18
1019MAR69WRHHXD,西子公寓停车场,诸暨市,91,77,2025-03-03 16:01:18
1019PRTQD59LIWX,永乐路停车场,诸暨市,91,55,2025-03-03 16:01:18
1012312288YR3EFRI1BSX,滨江南路（滨江支路-浣东中路）,诸暨市,64,32,2025-03-03 16:01:18
1012405079PB3TJY248W1,东三路（应山公园-东旺路）,诸暨市,44,41,2025-03-03 16:01:18
1012312288YRB24CYLBLT,浣纱南路（苎萝路-南兴路）,诸暨市,19,7,2025-03-03 16:01:18
1012312288YRBI4HZHCE9,江东路（西施大街-大桥东路）,诸暨市,6,3,2025-03-03 16:01:18
1019B4Y82CZPJ41,诸暨浣东中路停车场,诸暨市,37,28,2025-03-03 16:01:18
1019N4FJ7J6DUYP,篮球场停车场,诸暨市,182,38,2025-03-03 16:01:18
1012312288YR9LAB60FEP,苎萝东路（东兴路-东安路）,诸暨市,45,39,2025-03-03 16:01:18
1012312288YRBLMRYOUTD,江东路（望江一路-望江二路）,诸暨市,18,12,2025-03-03 16:01:18
1012312288YR5JPT2UOZL,东兴路（苎萝东路-东二路）,诸暨市,62,43,2025-03-03 16:01:18
1012312288YR7V8S6IBCX,东一路88弄（东一路82弄-东一路）,诸暨市,27,7,2025-03-03 16:01:18
1012312298YXIJSNZ82YP,东二路129弄（东一路88弄-东二路123弄）,诸暨市,10,10,2025-03-03 16:01:18
1012312268YD5WN09GPVL,八一横路（暨阳路-无名路）,诸暨市,46,27,2025-03-03 16:01:17
1012312288YR6C3V37475,体育路（体育路-大桥东路）,诸暨市,8,1,2025-03-03 16:01:17
1012312288YR7HFKE4HKX,西施大街（浣纱中路-人民中路）,诸暨市,28,13,2025-03-03 16:01:17
10124013095HHCMD4CC1T,艮塔东路（交通银行）,诸暨市,35,26,2025-03-03 16:01:17
1012312288YRC2EJF5N9D,望江三路（浣东北路-高湖路）,诸暨市,11,5,2025-03-03 16:01:17
1012312288YR8GIC67LS1,东旺路218弄(东旺路206弄-融媒体中心）,诸暨市,22,4,2025-03-03 16:01:17
1012312298YXIV34CFDVL,东一路82弄（东二路123弄-东二路）,诸暨市,6,1,2025-03-03 16:01:17
1012312288YR57VMEIUBL,大桥东路（大桥东路9号-江东路）,诸暨市,34,19,2025-03-03 16:01:17
1012312288YR9D2CJ4741,东二路（东祥路-环城东路）,诸暨市,25,10,2025-03-03 16:01:17
1012312268YDHM7XGW3Y9,艮塔东路（滨江北路-江东路),诸暨市,33,26,2025-03-03 16:01:17
1012312288YR6EYGP1YWX,万风新世界（暨阳路-上庄路）,诸暨市,20,6,2025-03-03 16:01:17
1012312288YRAJXAP73SX,滨江中路（望江二路-大桥东路）,诸暨市,45,31,2025-03-03 16:01:17
1019SEVYY7X0W75,十里牌停车场,诸暨市,69,64,2025-03-03 16:01:17
1012312288YR8ZSV1UX35,东旺路150弄（东二环路-东旺路）,诸暨市,88,54,2025-03-03 16:01:17
1012312288YR8IX5J60OX,东旺路218弄（东旺路-融媒体中心）,诸暨市,29,2,2025-03-03 16:01:17
1012312288YRAV3T06ARL,滨江中路（望江三路-望江二路）,诸暨市,30,23,2025-03-03 16:01:17
1012312288YR68DOZJDVL,体育路（体育路二弄-红旗路）,诸暨市,12,4,2025-03-03 16:01:17
1019PDAS7RIP7GH,市民公园东北面停车场,诸暨市,27,6,2025-03-03 16:01:17
1012312288YR5UKH75K3L,艮塔东路（东二路-东一路),诸暨市,101,81,2025-03-03 16:01:17
1012312288YR9ABOZHGCH,东二路（东旺路-东二环路）,诸暨市,47,36,2025-03-03 16:01:17
1012312288YRBZRTXR0G1,望江三路（高湖路-江东路）,诸暨市,15,11,2025-03-03 16:01:17
10124013095H4QPBO8UF5,东兴路50弄,诸暨市,7,7,2025-03-03 16:01:17
1012312288YR61OZ7SOW1,浣纱中路（南屏路-西施大街）,诸暨市,14,9,2025-03-03 16:01:17
1012312288YR9376YUBK1,东旺路（东旺路150弄-苎萝东路）,诸暨市,18,3,2025-03-03 16:01:17
1012312288YR5B22720W1,大桥东路（江东路-五角广场）,诸暨市,58,36,2025-03-03 16:01:17
1012312288YR7YF7Z1HXD,高湖路（望江二路-望江一路）,诸暨市,18,11,2025-03-03 16:01:16
1012312288YR64NIVVNK1,浣纱中路（西施大街-大桥东路）,诸暨市,23,10,2025-03-03 16:01:16
1012312288YRADOD6CUM9,南兴路（南庠路-人民南路）,诸暨市,25,25,2025-03-03 16:01:16
1012312288YR5NVRFEV41,东安路(东二路-苎萝东路),诸暨市,6,3,2025-03-03 16:01:16
1012312288YR7CTTSNVNL,苎萝东路（环城东路-东兴路）,诸暨市,86,74,2025-03-03 16:01:16
1012312288YR9VX35V2M9,苎萝东路（环城东路-东祥路）,诸暨市,17,2,2025-03-03 16:01:16
1012401199375YC6OSJ5T,东三路（东二环路-东旺路）,诸暨市,121,79,2025-03-03 16:01:16
1012312298YXGS3Y2CBNL,东旺路188弄（东旺路-东二环路）,诸暨市,10,6,2025-03-03 16:01:16
1012312288YRBEU44Q1VL,滨江中路（艮塔东路-望江三路）,诸暨市,25,16,2025-03-03 16:01:16
1012312288YRBP13VO9A9,江东路（望江二路-望江三路）,诸暨市,13,10,2025-03-03 16:01:16
1012312288YR79Z86T0XT,暨东路70弄（东一路-东旺路218弄）,诸暨市,32,3,2025-03-03 16:01:16
1012312298YXHTPH9LYPT,东二路123弄（东旺路188弄-东二路）,诸暨市,61,17,2025-03-03 16:01:16
1019QKKS3RWOFEP,人防大厦停车场,诸暨市,48,1,2025-03-03 16:01:16
1012312288YR53DTVACCH,滨江南路（西施大街-滨江支路）,诸暨市,33,2,2025-03-03 16:01:16
1012312288YR7N8PO2AYP,东一路68弄（东二路-东一路）,诸暨市,46,11,2025-03-03 16:01:16
1012312288YR9HG704L4X,苎萝东路（东福路-东三环路）,诸暨市,107,107,2025-03-03 16:01:16
1012312288YR7K67XR8CH,望江一路（浣东北路-江东路）,诸暨市,14,5,2025-03-03 16:01:16
1012312288YR6IWIX5X4X,苎萝东路（东二环路-东旺路）,诸暨市,18,5,2025-03-03 16:01:16
1012312288YR9PO5N0TFL,苎萝东路（环城东路-东旺路）,诸暨市,54,40,2025-03-03 16:01:16
1012312288YRAXUGJT1J5,浣纱北路（大桥路-艮塔路）,诸暨市,59,23,2025-03-03 16:01:16
1012312288YR8VUSTQYV5,东旺路182弄(康华大厦-东旺路),诸暨市,19,4,2025-03-03 16:01:16
1019Q6UK2GUCAV5,市民公园地下停车场,诸暨市,227,124,2025-03-03 16:01:16
1012312288YR825E2P88X,苎萝东路（东二环路-东福路),诸暨市,115,97,2025-03-03 16:01:16
10124012093FZKG7Y8M4H,永昌南路（东一路-东二路）,诸暨市,63,59,2025-03-03 16:01:16
1012405049OQ8ZNVP3U2P,苎萝东路（东二环路-东旺路）1,诸暨市,29,20,2025-03-03 16:01:16
1012312288YR5RTTNITC1,艮塔东路（江东路-高湖路）,诸暨市,39,17,2025-03-03 16:01:16
1012312288YR751NEO35T,东祥路（东二路-苎萝东路）,诸暨市,38,13,2025-03-03 16:01:16
10124013095GY8GDKUBY9,艮塔东路（高湖路-暨东路）,诸暨市,16,11,2025-03-03 16:01:16
1012312288YR85VK6CYKH,和济路（东祥路-东旺路）,诸暨市,90,40,2025-03-03 16:01:16
1012312288YRB62F6P9TT,浣纱南路（南兴路-南屏路）,诸暨市,60,37,2025-03-03 16:01:15
1012312288YR5F42HE329,红旗路（人民中路-浣纱中路）,诸暨市,16,5,2025-03-03 16:01:15
1019S5R3X1SOHS1,一百淘宝城停车场,诸暨市,105,40,2025-03-03 16:01:15
1012312288YR5XYT44YKH,艮塔东路（苎萝东路-东二路）,诸暨市,142,114,2025-03-03 15:51:14
1012312288YR5JPT2UOZL,东兴路（苎萝东路-东二路）,诸暨市,62,39,2025-03-03 15:51:14
1019REU2R6D37Y9,城东公园地下停车场,诸暨市,601,335,2025-03-03 15:51:14
1012312288YR3MBVY988X,东兴北路（江东路-福门路）,诸暨市,19,7,2025-03-03 15:51:14
1012312288YRBWX8BW5Q9,望江二路（浣东北路-高湖路）,诸暨市,5,1,2025-03-03 15:51:14
1012312288YRBA0HET81T,江东路（大桥东路-望江一路）,诸暨市,10,5,2025-03-03 15:51:14
1019N4FJ7J6DUYP,篮球场停车场,诸暨市,182,38,2025-03-03 15:51:14
1012312298YXIJSNZ82YP,东二路129弄（东一路88弄-东二路123弄）,诸暨市,10,10,2025-03-03 15:51:14
1012312288YR3EFRI1BSX,滨江南路（滨江支路-浣东中路）,诸暨市,64,27,2025-03-03 15:51:14
1012312288YR6IWIX5X4X,苎萝东路（东二环路-东旺路）,诸暨市,18,4,2025-03-03 15:51:13
1012312298YXGS3Y2CBNL,东旺路188弄（东旺路-东二环路）,诸暨市,10,4,2025-03-03 15:51:13
1012312288YRC2EJF5N9D,望江三路（浣东北路-高湖路）,诸暨市,11,5,2025-03-03 15:51:13
1012405079PB3TJY248W1,东三路（应山公园-东旺路）,诸暨市,44,40,2025-03-03 15:51:13
10124013095H4QPBO8UF5,东兴路50弄,诸暨市,7,7,2025-03-03 15:51:13
1012312288YR57VMEIUBL,大桥东路（大桥东路9号-江东路）,诸暨市,34,15,2025-03-03 15:51:13
1012312288YR9D2CJ4741,东二路（东祥路-环城东路）,诸暨市,25,9,2025-03-03 15:51:13
1012312288YR7HFKE4HKX,西施大街（浣纱中路-人民中路）,诸暨市,28,11,2025-03-03 15:51:13
1012312288YRAXUGJT1J5,浣纱北路（大桥路-艮塔路）,诸暨市,59,25,2025-03-03 15:51:13
1012312288YRC518WKA2P,望江三路（江东路-滨江中路）,诸暨市,5,1,2025-03-03 15:51:13
1012312288YR9LAB60FEP,苎萝东路（东兴路-东安路）,诸暨市,45,38,2025-03-03 15:51:13
1012312288YRAV3T06ARL,滨江中路（望江三路-望江二路）,诸暨市,30,24,2025-03-03 15:51:13
1012312288YR9ABOZHGCH,东二路（东旺路-东二环路）,诸暨市,47,35,2025-03-03 15:51:13
1012312288YR9376YUBK1,东旺路（东旺路150弄-苎萝东路）,诸暨市,18,3,2025-03-03 15:51:13
1012312288YR53DTVACCH,滨江南路（西施大街-滨江支路）,诸暨市,33,5,2025-03-03 15:51:13
1012312288YR6EYGP1YWX,万风新世界（暨阳路-上庄路）,诸暨市,20,4,2025-03-03 15:51:13
1012312288YR7V8S6IBCX,东一路88弄（东一路82弄-东一路）,诸暨市,27,3,2025-03-03 15:51:13
1012312288YRBLMRYOUTD,江东路（望江一路-望江二路）,诸暨市,18,9,2025-03-03 15:51:13
1012312288YR8ZSV1UX35,东旺路150弄（东二环路-东旺路）,诸暨市,88,52,2025-03-03 15:51:13
1012312288YRAJXAP73SX,滨江中路（望江二路-大桥东路）,诸暨市,45,29,2025-03-03 15:51:13
1019PRTQD59LIWX,永乐路停车场,诸暨市,91,55,2025-03-03 15:51:13
1012312288YR89HS7SKXT,东旺路（东旺路150弄-东二路）,诸暨市,18,7,2025-03-03 15:51:13
1019MAR69WRHHXD,西子公寓停车场,诸暨市,91,71,2025-03-03 15:51:13
1012312288YR8IX5J60OX,东旺路218弄（东旺路-融媒体中心）,诸暨市,29,2,2025-03-03 15:51:13
1012312268YD5WN09GPVL,八一横路（暨阳路-无名路）,诸暨市,46,28,2025-03-03 15:51:13
1012312288YRB24CYLBLT,浣纱南路（苎萝路-南兴路）,诸暨市,19,7,2025-03-03 15:51:13
1012312288YR8GIC67LS1,东旺路218弄(东旺路206弄-融媒体中心）,诸暨市,22,1,2025-03-03 15:51:13
1012312288YRBEU44Q1VL,滨江中路（艮塔东路-望江三路）,诸暨市,25,18,2025-03-03 15:51:13
1019PDPET4GWE81,市民公园北面停车场,诸暨市,14,1,2025-03-03 15:51:13
10124013095HHCMD4CC1T,艮塔东路（交通银行）,诸暨市,35,25,2025-03-03 15:51:13
1012312288YR5UKH75K3L,艮塔东路（东二路-东一路),诸暨市,101,80,2025-03-03 15:51:13
1012312288YR61OZ7SOW1,浣纱中路（南屏路-西施大街）,诸暨市,14,9,2025-03-03 15:51:13
1012312288YR7CTTSNVNL,苎萝东路（环城东路-东兴路）,诸暨市,86,69,2025-03-03 15:51:13
1019SEVYY7X0W75,十里牌停车场,诸暨市,69,65,2025-03-03 15:51:13
1012312288YRADOD6CUM9,南兴路（南庠路-人民南路）,诸暨市,25,25,2025-03-03 15:51:13
1012312298YXIV34CFDVL,东一路82弄（东二路123弄-东二路）,诸暨市,6,2,2025-03-03 15:51:13
1019B4Y82CZPJ41,诸暨浣东中路停车场,诸暨市,37,29,2025-03-03 15:51:13
1012312288YR5B22720W1,大桥东路（江东路-五角广场）,诸暨市,58,38,2025-03-03 15:51:13
1019PDAS7RIP7GH,市民公园东北面停车场,诸暨市,27,6,2025-03-03 15:51:13
1012312288YR68DOZJDVL,体育路（体育路二弄-红旗路）,诸暨市,12,4,2025-03-03 15:51:13
1012312288YRBZRTXR0G1,望江三路（高湖路-江东路）,诸暨市,15,9,2025-03-03 15:51:13
1012312288YRBI4HZHCE9,江东路（西施大街-大桥东路）,诸暨市,6,3,2025-03-03 15:51:13
1012312288YR6SFUARGU9,东祥路19弄（东祥路-环城东路）,诸暨市,12,1,2025-03-03 15:51:13
1012312288YRBS7JO7FUP,望江二路（高湖路-江东路）,诸暨市,10,4,2025-03-03 15:51:13
1012312268YDHM7XGW3Y9,艮塔东路（滨江北路-江东路),诸暨市,33,27,2025-03-03 15:51:13
1012312288YR825E2P88X,苎萝东路（东二环路-东福路),诸暨市,115,98,2025-03-03 15:51:12
1012312288YR5RTTNITC1,艮塔东路（江东路-高湖路）,诸暨市,39,18,2025-03-03 15:51:12
1012312288YR7YF7Z1HXD,高湖路（望江二路-望江一路）,诸暨市,18,8,2025-03-03 15:51:12
1019QKKS3RWOFEP,人防大厦停车场,诸暨市,48,2,2025-03-03 15:51:12
1012312288YR64NIVVNK1,浣纱中路（西施大街-大桥东路）,诸暨市,23,12,2025-03-03 15:51:12
1012312288YR8VUSTQYV5,东旺路182弄(康华大厦-东旺路),诸暨市,19,2,2025-03-03 15:51:12
1012312288YR5NVRFEV41,东安路(东二路-苎萝东路),诸暨市,6,3,2025-03-03 15:51:12
10124013095GY8GDKUBY9,艮塔东路（高湖路-暨东路）,诸暨市,16,11,2025-03-03 15:51:12
1012312298YXHTPH9LYPT,东二路123弄（东旺路188弄-东二路）,诸暨市,61,21,2025-03-03 15:51:12
1012401199375YC6OSJ5T,东三路（东二环路-东旺路）,诸暨市,121,72,2025-03-03 15:51:12
1012312288YR9PO5N0TFL,苎萝东路（环城东路-东旺路）,诸暨市,54,40,2025-03-03 15:51:12
1012312288YRB62F6P9TT,浣纱南路（南兴路-南屏路）,诸暨市,60,36,2025-03-03 15:51:12
1012312288YR5F42HE329,红旗路（人民中路-浣纱中路）,诸暨市,16,5,2025-03-03 15:51:12
1012312288YR751NEO35T,东祥路（东二路-苎萝东路）,诸暨市,38,13,2025-03-03 15:51:12
1012312288YR85VK6CYKH,和济路（东祥路-东旺路）,诸暨市,90,29,2025-03-03 15:51:12
1012312288YR9VX35V2M9,苎萝东路（环城东路-东祥路）,诸暨市,17,1,2025-03-03 15:51:12
1012312288YR79Z86T0XT,暨东路70弄（东一路-东旺路218弄）,诸暨市,32,6,2025-03-03 15:51:12
1012312288YR9HG704L4X,苎萝东路（东福路-东三环路）,诸暨市,107,107,2025-03-03 15:51:12
10124012093FZKG7Y8M4H,永昌南路（东一路-东二路）,诸暨市,63,58,2025-03-03 15:51:12
1019S5R3X1SOHS1,一百淘宝城停车场,诸暨市,105,40,2025-03-03 15:51:12
1012312288YRBP13VO9A9,江东路（望江二路-望江三路）,诸暨市,13,10,2025-03-03 15:51:12
1019Q6UK2GUCAV5,市民公园地下停车场,诸暨市,227,123,2025-03-03 15:51:12
1012312288YR7K67XR8CH,望江一路（浣东北路-江东路）,诸暨市,14,4,2025-03-03 15:51:12
1012405049OQ8ZNVP3U2P,苎萝东路（东二环路-东旺路）1,诸暨市,29,20,2025-03-03 15:51:12
1012312288YR7N8PO2AYP,东一路68弄（东二路-东一路）,诸暨市,46,11,2025-03-03 15:51:12
1012312288YR5XYT44YKH,艮塔东路（苎萝东路-东二路）,诸暨市,142,115,2025-03-03 15:40:01
1019PRTQD59LIWX,永乐路停车场,诸暨市,91,55,2025-03-03 15:40:01
1012405079PB3TJY248W1,东三路（应山公园-东旺路）,诸暨市,44,42,2025-03-03 15:40:01
1012312288YR5B22720W1,大桥东路（江东路-五角广场）,诸暨市,58,37,2025-03-03 15:40:01
1012312288YR6EYGP1YWX,万风新世界（暨阳路-上庄路）,诸暨市,20,6,2025-03-03 15:40:01
1012312288YRBWX8BW5Q9,望江二路（浣东北路-高湖路）,诸暨市,5,1,2025-03-03 15:40:01
1012312288YR3EFRI1BSX,滨江南路（滨江支路-浣东中路）,诸暨市,64,29,2025-03-03 15:40:01
1012312288YRBLMRYOUTD,江东路（望江一路-望江二路）,诸暨市,18,11,2025-03-03 15:40:01
1012312298YXIV34CFDVL,东一路82弄（东二路123弄-东二路）,诸暨市,6,2,2025-03-03 15:40:01
1012312268YDHM7XGW3Y9,艮塔东路（滨江北路-江东路),诸暨市,33,28,2025-03-03 15:40:01
1012312288YRBS7JO7FUP,望江二路（高湖路-江东路）,诸暨市,10,6,2025-03-03 15:40:01
1012312288YR57VMEIUBL,大桥东路（大桥东路9号-江东路）,诸暨市,34,14,2025-03-03 15:40:01
1012312288YRAV3T06ARL,滨江中路（望江三路-望江二路）,诸暨市,30,24,2025-03-03 15:40:01
1012312288YRBI4HZHCE9,江东路（西施大街-大桥东路）,诸暨市,6,1,2025-03-03 15:40:01
1019REU2R6D37Y9,城东公园地下停车场,诸暨市,601,337,2025-03-03 15:40:01
1019PDPET4GWE81,市民公园北面停车场,诸暨市,14,1,2025-03-03 15:40:01
1012312288YRB24CYLBLT,浣纱南路（苎萝路-南兴路）,诸暨市,19,10,2025-03-03 15:40:01
1019N4FJ7J6DUYP,篮球场停车场,诸暨市,182,38,2025-03-03 15:40:01
1012312288YRBA0HET81T,江东路（大桥东路-望江一路）,诸暨市,10,4,2025-03-03 15:40:01
1012312288YR5JPT2UOZL,东兴路（苎萝东路-东二路）,诸暨市,62,37,2025-03-03 15:40:01
10124013095HHCMD4CC1T,艮塔东路（交通银行）,诸暨市,35,26,2025-03-03 15:40:01
1012312288YR5UKH75K3L,艮塔东路（东二路-东一路),诸暨市,101,78,2025-03-03 15:40:01
1012312288YRC2EJF5N9D,望江三路（浣东北路-高湖路）,诸暨市,11,4,2025-03-03 15:40:01
1012312298YXIJSNZ82YP,东二路129弄（东一路88弄-东二路123弄）,诸暨市,10,10,2025-03-03 15:40:01
1012312288YR6C3V37475,体育路（体育路-大桥东路）,诸暨市,8,2,2025-03-03 15:40:01
1012312288YR89HS7SKXT,东旺路（东旺路150弄-东二路）,诸暨市,18,8,2025-03-03 15:40:01
1012312288YR3MBVY988X,东兴北路（江东路-福门路）,诸暨市,19,13,2025-03-03 15:40:01
1019B4Y82CZPJ41,诸暨浣东中路停车场,诸暨市,37,31,2025-03-03 15:40:01
1012312288YR7V8S6IBCX,东一路88弄（东一路82弄-东一路）,诸暨市,27,3,2025-03-03 15:40:01
1012312288YR68DOZJDVL,体育路（体育路二弄-红旗路）,诸暨市,12,3,2025-03-03 15:40:01
1012312288YR9LAB60FEP,苎萝东路（东兴路-东安路）,诸暨市,45,35,2025-03-03 15:40:01
1012312288YR9D2CJ4741,东二路（东祥路-环城东路）,诸暨市,25,8,2025-03-03 15:40:01
1012312288YR61OZ7SOW1,浣纱中路（南屏路-西施大街）,诸暨市,14,9,2025-03-03 15:40:01
1019MAR69WRHHXD,西子公寓停车场,诸暨市,91,78,2025-03-03 15:40:01
1012312288YR53DTVACCH,滨江南路（西施大街-滨江支路）,诸暨市,33,5,2025-03-03 15:40:00
1012312288YR8IX5J60OX,东旺路218弄（东旺路-融媒体中心）,诸暨市,29,2,2025-03-03 15:40:00
1012312288YR8GIC67LS1,东旺路218弄(东旺路206弄-融媒体中心）,诸暨市,22,1,2025-03-03 15:40:00
1012312288YR5F42HE329,红旗路（人民中路-浣纱中路）,诸暨市,16,2,2025-03-03 15:40:00
1012312288YRBZRTXR0G1,望江三路（高湖路-江东路）,诸暨市,15,11,2025-03-03 15:40:00
1012312288YR5RTTNITC1,艮塔东路（江东路-高湖路）,诸暨市,39,21,2025-03-03 15:40:00
1012312288YR85VK6CYKH,和济路（东祥路-东旺路）,诸暨市,90,20,2025-03-03 15:40:00
1012312288YRADOD6CUM9,南兴路（南庠路-人民南路）,诸暨市,25,25,2025-03-03 15:40:00
1012312288YR9PO5N0TFL,苎萝东路（环城东路-东旺路）,诸暨市,54,39,2025-03-03 15:40:00
1012312288YR9ABOZHGCH,东二路（东旺路-东二环路）,诸暨市,47,34,2025-03-03 15:40:00
1012312288YRBEU44Q1VL,滨江中路（艮塔东路-望江三路）,诸暨市,25,18,2025-03-03 15:40:00
10124012093FZKG7Y8M4H,永昌南路（东一路-东二路）,诸暨市,63,58,2025-03-03 15:40:00
1012312288YR79Z86T0XT,暨东路70弄（东一路-东旺路218弄）,诸暨市,32,5,2025-03-03 15:40:00
1012312288YR5NVRFEV41,东安路(东二路-苎萝东路),诸暨市,6,4,2025-03-03 15:40:00
1012312288YR825E2P88X,苎萝东路（东二环路-东福路),诸暨市,115,93,2025-03-03 15:40:00
1019S5R3X1SOHS1,一百淘宝城停车场,诸暨市,105,40,2025-03-03 15:40:00
1012312288YR64NIVVNK1,浣纱中路（西施大街-大桥东路）,诸暨市,23,11,2025-03-03 15:40:00
1012312288YR751NEO35T,东祥路（东二路-苎萝东路）,诸暨市,38,12,2025-03-03 15:40:00
1019PDAS7RIP7GH,市民公园东北面停车场,诸暨市,27,6,2025-03-03 15:40:00
1012312288YR6IWIX5X4X,苎萝东路（东二环路-东旺路）,诸暨市,18,3,2025-03-03 15:40:00
1012312288YR8ZSV1UX35,东旺路150弄（东二环路-东旺路）,诸暨市,88,48,2025-03-03 15:40:00
1012312288YR7YF7Z1HXD,高湖路（望江二路-望江一路）,诸暨市,18,3,2025-03-03 15:40:00
1012312288YR7N8PO2AYP,东一路68弄（东二路-东一路）,诸暨市,46,12,2025-03-03 15:40:00
1012312288YR9VX35V2M9,苎萝东路（环城东路-东祥路）,诸暨市,17,1,2025-03-03 15:40:00
1012312288YR7CTTSNVNL,苎萝东路（环城东路-东兴路）,诸暨市,86,70,2025-03-03 15:40:00
10124013095GY8GDKUBY9,艮塔东路（高湖路-暨东路）,诸暨市,16,10,2025-03-03 15:40:00
1012312288YR9HG704L4X,苎萝东路（东福路-东三环路）,诸暨市,107,107,2025-03-03 15:40:00
1012405049OQ8ZNVP3U2P,苎萝东路（东二环路-东旺路）1,诸暨市,29,21,2025-03-03 15:40:00
10124013095H4QPBO8UF5,东兴路50弄,诸暨市,7,7,2025-03-03 15:40:00
1012312288YRBP13VO9A9,江东路（望江二路-望江三路）,诸暨市,13,9,2025-03-03 15:40:00
1012312288YRC518WKA2P,望江三路（江东路-滨江中路）,诸暨市,5,1,2025-03-03 15:40:00
1012312298YXHTPH9LYPT,东二路123弄（东旺路188弄-东二路）,诸暨市,61,20,2025-03-03 15:40:00
1012312288YRAJXAP73SX,滨江中路（望江二路-大桥东路）,诸暨市,45,27,2025-03-03 15:40:00
1012312288YRB62F6P9TT,浣纱南路（南兴路-南屏路）,诸暨市,60,39,2025-03-03 15:40:00
1012312268YD5WN09GPVL,八一横路（暨阳路-无名路）,诸暨市,46,23,2025-03-03 15:40:00
1019SEVYY7X0W75,十里牌停车场,诸暨市,69,69,2025-03-03 15:40:00
1012312288YR8VUSTQYV5,东旺路182弄(康华大厦-东旺路),诸暨市,19,3,2025-03-03 15:40:00
1012312288YR7K67XR8CH,望江一路（浣东北路-江东路）,诸暨市,14,6,2025-03-03 15:40:00
1012312288YRAXUGJT1J5,浣纱北路（大桥路-艮塔路）,诸暨市,59,22,2025-03-03 15:40:00
1012312298YXGS3Y2CBNL,东旺路188弄（东旺路-东二环路）,诸暨市,10,4,2025-03-03 15:40:00
1012401199375YC6OSJ5T,东三路（东二环路-东旺路）,诸暨市,121,75,2025-03-03 15:40:00
1012312288YR9376YUBK1,东旺路（东旺路150弄-苎萝东路）,诸暨市,18,4,2025-03-03 15:40:00
1019Q6UK2GUCAV5,市民公园地下停车场,诸暨市,227,122,2025-03-03 15:40:00
1012312288YR7HFKE4HKX,西施大街（浣纱中路-人民中路）,诸暨市,28,8,2025-03-03 15:40:00
1012312288YR89HS7SKXT,东旺路（东旺路150弄-东二路）,诸暨市,18,7,2025-03-03 15:31:14
1012312288YRBI4HZHCE9,江东路（西施大街-大桥东路）,诸暨市,6,1,2025-03-03 15:31:14
1012312298YXIJSNZ82YP,东二路129弄（东一路88弄-东二路123弄）,诸暨市,10,10,2025-03-03 15:31:14
1012312288YRBA0HET81T,江东路（大桥东路-望江一路）,诸暨市,10,6,2025-03-03 15:31:14
1012312288YRB24CYLBLT,浣纱南路（苎萝路-南兴路）,诸暨市,19,11,2025-03-03 15:31:14
1012405079PB3TJY248W1,东三路（应山公园-东旺路）,诸暨市,44,43,2025-03-03 15:31:14
1012312298YXIV34CFDVL,东一路82弄（东二路123弄-东二路）,诸暨市,6,2,2025-03-03 15:31:14
1012312288YRC2EJF5N9D,望江三路（浣东北路-高湖路）,诸暨市,11,1,2025-03-03 15:31:14
1012312288YR9LAB60FEP,苎萝东路（东兴路-东安路）,诸暨市,45,35,2025-03-03 15:31:14
1012312288YR6SFUARGU9,东祥路19弄（东祥路-环城东路）,诸暨市,12,3,2025-03-03 15:31:14
1012312288YR9D2CJ4741,东二路（东祥路-环城东路）,诸暨市,25,8,2025-03-03 15:31:14
1012312288YR6EYGP1YWX,万风新世界（暨阳路-上庄路）,诸暨市,20,4,2025-03-03 15:31:14
1012312288YR6C3V37475,体育路（体育路-大桥东路）,诸暨市,8,2,2025-03-03 15:31:14
1012312288YR68DOZJDVL,体育路（体育路二弄-红旗路）,诸暨市,12,3,2025-03-03 15:31:14
1019PRTQD59LIWX,永乐路停车场,诸暨市,91,55,2025-03-03 15:31:14
1012312288YR5JPT2UOZL,东兴路（苎萝东路-东二路）,诸暨市,62,42,2025-03-03 15:31:14
1012312288YR5UKH75K3L,艮塔东路（东二路-东一路),诸暨市,101,74,2025-03-03 15:31:14
1019N4FJ7J6DUYP,篮球场停车场,诸暨市,182,38,2025-03-03 15:31:14
1019B4Y82CZPJ41,诸暨浣东中路停车场,诸暨市,37,31,2025-03-03 15:31:14
1019MAR69WRHHXD,西子公寓停车场,诸暨市,91,80,2025-03-03 15:31:14
1012312288YRBS7JO7FUP,望江二路（高湖路-江东路）,诸暨市,10,4,2025-03-03 15:31:14
1012312288YRBWX8BW5Q9,望江二路（浣东北路-高湖路）,诸暨市,5,1,2025-03-03 15:31:14
1012312288YRBLMRYOUTD,江东路（望江一路-望江二路）,诸暨市,18,11,2025-03-03 15:31:14
1012312288YR7V8S6IBCX,东一路88弄（东一路82弄-东一路）,诸暨市,27,4,2025-03-03 15:31:14
1012312288YR5XYT44YKH,艮塔东路（苎萝东路-东二路）,诸暨市,142,111,2025-03-03 15:31:14
1012312288YR61OZ7SOW1,浣纱中路（南屏路-西施大街）,诸暨市,14,9,2025-03-03 15:31:14
1012312288YR3IHRSDDZ5,滨江南路（大桥东路-西施大街）,诸暨市,13,2,2025-03-03 15:31:14
1012312288YR3MBVY988X,东兴北路（江东路-福门路）,诸暨市,19,13,2025-03-03 15:31:14
1019REU2R6D37Y9,城东公园地下停车场,诸暨市,601,336,2025-03-03 15:31:14
1012312288YR3EFRI1BSX,滨江南路（滨江支路-浣东中路）,诸暨市,64,33,2025-03-03 15:31:14
1012312288YR79Z86T0XT,暨东路70弄（东一路-东旺路218弄）,诸暨市,32,9,2025-03-03 15:31:13
1012312288YRAXUGJT1J5,浣纱北路（大桥路-艮塔路）,诸暨市,59,26,2025-03-03 15:31:13
1012312288YR7YF7Z1HXD,高湖路（望江二路-望江一路）,诸暨市,18,5,2025-03-03 15:31:13
10124013095H4QPBO8UF5,东兴路50弄,诸暨市,7,7,2025-03-03 15:31:13
1012312288YR57VMEIUBL,大桥东路（大桥东路9号-江东路）,诸暨市,34,13,2025-03-03 15:31:13
10124013095GY8GDKUBY9,艮塔东路（高湖路-暨东路）,诸暨市,16,11,2025-03-03 15:31:13
1012312288YR7N8PO2AYP,东一路68弄（东二路-东一路）,诸暨市,46,15,2025-03-03 15:31:13
1019PDAS7RIP7GH,市民公园东北面停车场,诸暨市,27,6,2025-03-03 15:31:13
1012312268YDHM7XGW3Y9,艮塔东路（滨江北路-江东路),诸暨市,33,29,2025-03-03 15:31:13
1012312298YXGS3Y2CBNL,东旺路188弄（东旺路-东二环路）,诸暨市,10,4,2025-03-03 15:31:13
1012312288YR9ABOZHGCH,东二路（东旺路-东二环路）,诸暨市,47,35,2025-03-03 15:31:13
1012312288YR825E2P88X,苎萝东路（东二环路-东福路),诸暨市,115,98,2025-03-03 15:31:13
1012312288YR7HFKE4HKX,西施大街（浣纱中路-人民中路）,诸暨市,28,10,2025-03-03 15:31:13
1019SEVYY7X0W75,十里牌停车场,诸暨市,69,67,2025-03-03 15:31:13
1012312288YR7K67XR8CH,望江一路（浣东北路-江东路）,诸暨市,14,3,2025-03-03 15:31:13
1012312288YR6IWIX5X4X,苎萝东路（东二环路-东旺路）,诸暨市,18,3,2025-03-03 15:31:13
1012312288YRAV3T06ARL,滨江中路（望江三路-望江二路）,诸暨市,30,26,2025-03-03 15:31:13
1012312288YRAJXAP73SX,滨江中路（望江二路-大桥东路）,诸暨市,45,29,2025-03-03 15:31:13
1012312288YR64NIVVNK1,浣纱中路（西施大街-大桥东路）,诸暨市,23,10,2025-03-03 15:31:13
1012312288YR8IX5J60OX,东旺路218弄（东旺路-融媒体中心）,诸暨市,29,1,2025-03-03 15:31:13
1012312288YR5B22720W1,大桥东路（江东路-五角广场）,诸暨市,58,34,2025-03-03 15:31:13
1012312288YR53DTVACCH,滨江南路（西施大街-滨江支路）,诸暨市,33,5,2025-03-03 15:31:13
1012312288YR7CTTSNVNL,苎萝东路（环城东路-东兴路）,诸暨市,86,70,2025-03-03 15:31:13
1012312268YD5WN09GPVL,八一横路（暨阳路-无名路）,诸暨市,46,25,2025-03-03 15:31:13
1012312298YXHTPH9LYPT,东二路123弄（东旺路188弄-东二路）,诸暨市,61,15,2025-03-03 15:31:13
1012312288YRC518WKA2P,望江三路（江东路-滨江中路）,诸暨市,5,1,2025-03-03 15:31:13
1012312288YR751NEO35T,东祥路（东二路-苎萝东路）,诸暨市,38,13,2025-03-03 15:31:13
1012312288YR9376YUBK1,东旺路（东旺路150弄-苎萝东路）,诸暨市,18,4,2025-03-03 15:31:13
10124013095HHCMD4CC1T,艮塔东路（交通银行）,诸暨市,35,27,2025-03-03 15:31:13
1012401199375YC6OSJ5T,东三路（东二环路-东旺路）,诸暨市,121,77,2025-03-03 15:31:13
1012312288YRBZRTXR0G1,望江三路（高湖路-江东路）,诸暨市,15,12,2025-03-03 15:31:13
1012312288YR5RTTNITC1,艮塔东路（江东路-高湖路）,诸暨市,39,18,2025-03-03 15:31:13
1012312288YRBEU44Q1VL,滨江中路（艮塔东路-望江三路）,诸暨市,25,14,2025-03-03 15:31:13
1012312288YRADOD6CUM9,南兴路（南庠路-人民南路）,诸暨市,25,25,2025-03-03 15:31:13
10124012093FZKG7Y8M4H,永昌南路（东一路-东二路）,诸暨市,63,59,2025-03-03 15:31:13
1012312288YR8ZSV1UX35,东旺路150弄（东二环路-东旺路）,诸暨市,88,47,2025-03-03 15:31:13
1012312288YR8GIC67LS1,东旺路218弄(东旺路206弄-融媒体中心）,诸暨市,22,2,2025-03-03 15:31:13
1019Q6UK2GUCAV5,市民公园地下停车场,诸暨市,227,123,2025-03-03 15:31:13
1012405049OQ8ZNVP3U2P,苎萝东路（东二环路-东旺路）1,诸暨市,29,21,2025-03-03 15:31:13
1012312288YR5F42HE329,红旗路（人民中路-浣纱中路）,诸暨市,16,2,2025-03-03 15:31:12
1012312288YR8VUSTQYV5,东旺路182弄(康华大厦-东旺路),诸暨市,19,3,2025-03-03 15:31:12
1012312288YRB62F6P9TT,浣纱南路（南兴路-南屏路）,诸暨市,60,39,2025-03-03 15:31:12
1012312288YRBP13VO9A9,江东路（望江二路-望江三路）,诸暨市,13,10,2025-03-03 15:31:12
1012312288YR85VK6CYKH,和济路（东祥路-东旺路）,诸暨市,90,16,2025-03-03 15:31:12
1012312288YR9PO5N0TFL,苎萝东路（环城东路-东旺路）,诸暨市,54,38,2025-03-03 15:31:12
1019S5R3X1SOHS1,一百淘宝城停车场,诸暨市,105,40,2025-03-03 15:31:12
1012312288YR9HG704L4X,苎萝东路（东福路-东三环路）,诸暨市,107,107,2025-03-03 15:31:12
1012312288YR9VX35V2M9,苎萝东路（环城东路-东祥路）,诸暨市,17,4,2025-03-03 15:31:12
1012312288YR5NVRFEV41,东安路(东二路-苎萝东路),诸暨市,6,3,2025-03-03 15:31:12
1019REU2R6D37Y9,城东公园地下停车场,诸暨市,601,339,2025-03-03 15:20:02
1012312288YR7V8S6IBCX,东一路88弄（东一路82弄-东一路）,诸暨市,27,3,2025-03-03 15:20:02
1012312288YR3EFRI1BSX,滨江南路（滨江支路-浣东中路）,诸暨市,64,35,2025-03-03 15:20:02
1019B4Y82CZPJ41,诸暨浣东中路停车场,诸暨市,37,30,2025-03-03 15:20:02
1012312288YRBA0HET81T,江东路（大桥东路-望江一路）,诸暨市,10,6,2025-03-03 15:20:02
1012312288YRBI4HZHCE9,江东路（西施大街-大桥东路）,诸暨市,6,2,2025-03-03 15:20:02
1019MAR69WRHHXD,西子公寓停车场,诸暨市,91,79,2025-03-03 15:20:02
1012312288YRBWX8BW5Q9,望江二路（浣东北路-高湖路）,诸暨市,5,1,2025-03-03 15:20:02
1012312288YRBS7JO7FUP,望江二路（高湖路-江东路）,诸暨市,10,4,2025-03-03 15:20:02
1012312288YR3MBVY988X,东兴北路（江东路-福门路）,诸暨市,19,12,2025-03-03 15:20:02
1012312288YR3IHRSDDZ5,滨江南路（大桥东路-西施大街）,诸暨市,13,2,2025-03-03 15:20:02
1012312288YR5JPT2UOZL,东兴路（苎萝东路-东二路）,诸暨市,62,41,2025-03-03 15:20:02
1012405079PB3TJY248W1,东三路（应山公园-东旺路）,诸暨市,44,43,2025-03-03 15:20:02
1012312288YR5XYT44YKH,艮塔东路（苎萝东路-东二路）,诸暨市,142,112,2025-03-03 15:20:02
1012312288YRBLMRYOUTD,江东路（望江一路-望江二路）,诸暨市,18,9,2025-03-03 15:20:02
1012312288YRB24CYLBLT,浣纱南路（苎萝路-南兴路）,诸暨市,19,8,2025-03-03 15:20:02
1012312288YR89HS7SKXT,东旺路（东旺路150弄-东二路）,诸暨市,18,7,2025-03-03 15:20:02
1019N4FJ7J6DUYP,篮球场停车场,诸暨市,182,38,2025-03-03 15:20:02
1012312288YR9LAB60FEP,苎萝东路（东兴路-东安路）,诸暨市,45,35,2025-03-03 15:20:02
1012312288YR6SFUARGU9,东祥路19弄（东祥路-环城东路）,诸暨市,12,1,2025-03-03 15:20:02
1012312298YXIJSNZ82YP,东二路129弄（东一路88弄-东二路123弄）,诸暨市,10,10,2025-03-03 15:20:02
1019PRTQD59LIWX,永乐路停车场,诸暨市,91,55,2025-03-03 15:20:02
1012312288YR7HFKE4HKX,西施大街（浣纱中路-人民中路）,诸暨市,28,8,2025-03-03 15:20:01
1012312288YR5B22720W1,大桥东路（江东路-五角广场）,诸暨市,58,28,2025-03-03 15:20:01
1019PDAS7RIP7GH,市民公园东北面停车场,诸暨市,27,6,2025-03-03 15:20:01
1012312288YRAJXAP73SX,滨江中路（望江二路-大桥东路）,诸暨市,45,25,2025-03-03 15:20:01
1012312288YR6EYGP1YWX,万风新世界（暨阳路-上庄路）,诸暨市,20,4,2025-03-03 15:20:01
1012312288YRC2EJF5N9D,望江三路（浣东北路-高湖路）,诸暨市,11,2,2025-03-03 15:20:01
1012312288YR61OZ7SOW1,浣纱中路（南屏路-西施大街）,诸暨市,14,8,2025-03-03 15:20:01
1012312288YR8IX5J60OX,东旺路218弄（东旺路-融媒体中心）,诸暨市,29,3,2025-03-03 15:20:01
1012312298YXIV34CFDVL,东一路82弄（东二路123弄-东二路）,诸暨市,6,1,2025-03-03 15:20:01
1012312288YR57VMEIUBL,大桥东路（大桥东路9号-江东路）,诸暨市,34,13,2025-03-03 15:20:01
1012312268YD5WN09GPVL,八一横路（暨阳路-无名路）,诸暨市,46,25,2025-03-03 15:20:01
10124013095H4QPBO8UF5,东兴路50弄,诸暨市,7,7,2025-03-03 15:20:01
1012312288YR9D2CJ4741,东二路（东祥路-环城东路）,诸暨市,25,9,2025-03-03 15:20:01
1012312288YR9ABOZHGCH,东二路（东旺路-东二环路）,诸暨市,47,32,2025-03-03 15:20:01
1012312288YRBEU44Q1VL,滨江中路（艮塔东路-望江三路）,诸暨市,25,13,2025-03-03 15:20:01
1012312288YRADOD6CUM9,南兴路（南庠路-人民南路）,诸暨市,25,25,2025-03-03 15:20:01
1019SEVYY7X0W75,十里牌停车场,诸暨市,69,69,2025-03-03 15:20:01
1012312288YRBZRTXR0G1,望江三路（高湖路-江东路）,诸暨市,15,12,2025-03-03 15:20:01
1012312288YRAXUGJT1J5,浣纱北路（大桥路-艮塔路）,诸暨市,59,24,2025-03-03 15:20:01
1012312288YR68DOZJDVL,体育路（体育路二弄-红旗路）,诸暨市,12,2,2025-03-03 15:20:01
1012312288YR8ZSV1UX35,东旺路150弄（东二环路-东旺路）,诸暨市,88,47,2025-03-03 15:20:01
1012312288YRAV3T06ARL,滨江中路（望江三路-望江二路）,诸暨市,30,23,2025-03-03 15:20:01
1012312288YR6IWIX5X4X,苎萝东路（东二环路-东旺路）,诸暨市,18,4,2025-03-03 15:20:01
1012312288YR9376YUBK1,东旺路（东旺路150弄-苎萝东路）,诸暨市,18,2,2025-03-03 15:20:01
1012312268YDHM7XGW3Y9,艮塔东路（滨江北路-江东路),诸暨市,33,28,2025-03-03 15:20:01
10124013095HHCMD4CC1T,艮塔东路（交通银行）,诸暨市,35,23,2025-03-03 15:20:01
1012312288YR6C3V37475,体育路（体育路-大桥东路）,诸暨市,8,1,2025-03-03 15:20:01
1012312288YR5UKH75K3L,艮塔东路（东二路-东一路),诸暨市,101,75,2025-03-03 15:20:01
1012312298YXGS3Y2CBNL,东旺路188弄（东旺路-东二环路）,诸暨市,10,4,2025-03-03 15:20:01
1012312288YR7CTTSNVNL,苎萝东路（环城东路-东兴路）,诸暨市,86,71,2025-03-03 15:20:01
1012312288YRC518WKA2P,望江三路（江东路-滨江中路）,诸暨市,5,2,2025-03-03 15:20:01
1012312288YR7YF7Z1HXD,高湖路（望江二路-望江一路）,诸暨市,18,4,2025-03-03 15:20:00
1012312288YR85VK6CYKH,和济路（东祥路-东旺路）,诸暨市,90,20,2025-03-03 15:20:00
1012312288YR9PO5N0TFL,苎萝东路（环城东路-东旺路）,诸暨市,54,37,2025-03-03 15:20:00
1012312288YR5RTTNITC1,艮塔东路（江东路-高湖路）,诸暨市,39,22,2025-03-03 15:20:00
1012312288YR7N8PO2AYP,东一路68弄（东二路-东一路）,诸暨市,46,12,2025-03-03 15:20:00
1012312288YR64NIVVNK1,浣纱中路（西施大街-大桥东路）,诸暨市,23,13,2025-03-03 15:20:00
1019S5R3X1SOHS1,一百淘宝城停车场,诸暨市,105,40,2025-03-03 15:20:00
1012312288YR9VX35V2M9,苎萝东路（环城东路-东祥路）,诸暨市,17,5,2025-03-03 15:20:00
1012312288YR9HG704L4X,苎萝东路（东福路-东三环路）,诸暨市,107,107,2025-03-03 15:20:00
1019Q6UK2GUCAV5,市民公园地下停车场,诸暨市,227,123,2025-03-03 15:20:00
1012312288YRBP13VO9A9,江东路（望江二路-望江三路）,诸暨市,13,8,2025-03-03 15:20:00
1012312288YR5NVRFEV41,东安路(东二路-苎萝东路),诸暨市,6,2,2025-03-03 15:20:00
1012312288YR79Z86T0XT,暨东路70弄（东一路-东旺路218弄）,诸暨市,32,10,2025-03-03 15:20:00
1012312298YXHTPH9LYPT,东二路123弄（东旺路188弄-东二路）,诸暨市,61,12,2025-03-03 15:20:00
1012312288YRB62F6P9TT,浣纱南路（南兴路-南屏路）,诸暨市,60,31,2025-03-03 15:20:00
10124012093FZKG7Y8M4H,永昌南路（东一路-东二路）,诸暨市,63,58,2025-03-03 15:20:00
1012312288YR825E2P88X,苎萝东路（东二环路-东福路),诸暨市,115,99,2025-03-03 15:20:00
10124013095GY8GDKUBY9,艮塔东路（高湖路-暨东路）,诸暨市,16,13,2025-03-03 15:20:00
1012405049OQ8ZNVP3U2P,苎萝东路（东二环路-东旺路）1,诸暨市,29,21,2025-03-03 15:20:00
1012401199375YC6OSJ5T,东三路（东二环路-东旺路）,诸暨市,121,79,2025-03-03 15:20:00
1012312288YR8VUSTQYV5,东旺路182弄(康华大厦-东旺路),诸暨市,19,4,2025-03-03 15:20:00
1012312288YR751NEO35T,东祥路（东二路-苎萝东路）,诸暨市,38,16,2025-03-03 15:20:00
1012312288YR5F42HE329,红旗路（人民中路-浣纱中路）,诸暨市,16,2,2025-03-03 15:20:00
1012312288YRB24CYLBLT,浣纱南路（苎萝路-南兴路）,诸暨市,19,7,2025-03-03 15:11:14
1019B4Y82CZPJ41,诸暨浣东中路停车场,诸暨市,37,29,2025-03-03 15:11:14
1012312268YDHM7XGW3Y9,艮塔东路（滨江北路-江东路),诸暨市,33,30,2025-03-03 15:11:14
1012312288YR89HS7SKXT,东旺路（东旺路150弄-东二路）,诸暨市,18,7,2025-03-03 15:11:14
1019MAR69WRHHXD,西子公寓停车场,诸暨市,91,80,2025-03-03 15:11:14
1012405079PB3TJY248W1,东三路（应山公园-东旺路）,诸暨市,44,40,2025-03-03 15:11:14
1019N4FJ7J6DUYP,篮球场停车场,诸暨市,182,37,2025-03-03 15:11:14
1012312288YRBI4HZHCE9,江东路（西施大街-大桥东路）,诸暨市,6,3,2025-03-03 15:11:14
1012312288YRBA0HET81T,江东路（大桥东路-望江一路）,诸暨市,10,5,2025-03-03 15:11:14
1012312298YXIV34CFDVL,东一路82弄（东二路123弄-东二路）,诸暨市,6,2,2025-03-03 15:11:14
1012312288YR61OZ7SOW1,浣纱中路（南屏路-西施大街）,诸暨市,14,8,2025-03-03 15:11:14
1012312288YR5JPT2UOZL,东兴路（苎萝东路-东二路）,诸暨市,62,38,2025-03-03 15:11:14
1012312288YR5XYT44YKH,艮塔东路（苎萝东路-东二路）,诸暨市,142,111,2025-03-03 15:11:14
1012312288YR68DOZJDVL,体育路（体育路二弄-红旗路）,诸暨市,12,3,2025-03-03 15:11:14
1012312288YR9LAB60FEP,苎萝东路（东兴路-东安路）,诸暨市,45,36,2025-03-03 15:11:14
1012312288YR3IHRSDDZ5,滨江南路（大桥东路-西施大街）,诸暨市,13,2,2025-03-03 15:11:14
1012312288YR6EYGP1YWX,万风新世界（暨阳路-上庄路）,诸暨市,20,5,2025-03-03 15:11:14
1012312288YR7V8S6IBCX,东一路88弄（东一路82弄-东一路）,诸暨市,27,2,2025-03-03 15:11:14
1012312298YXIJSNZ82YP,东二路129弄（东一路88弄-东二路123弄）,诸暨市,10,10,2025-03-03 15:11:14
1012312288YR3MBVY988X,东兴北路（江东路-福门路）,诸暨市,19,8,2025-03-03 15:11:14
1019PRTQD59LIWX,永乐路停车场,诸暨市,91,55,2025-03-03 15:11:14
1012312288YRBS7JO7FUP,望江二路（高湖路-江东路）,诸暨市,10,6,2025-03-03 15:11:14
1012312288YR5UKH75K3L,艮塔东路（东二路-东一路),诸暨市,101,74,2025-03-03 15:11:14
1012312288YR6C3V37475,体育路（体育路-大桥东路）,诸暨市,8,2,2025-03-03 15:11:14
1012312288YRC2EJF5N9D,望江三路（浣东北路-高湖路）,诸暨市,11,3,2025-03-03 15:11:14
1012312288YR3EFRI1BSX,滨江南路（滨江支路-浣东中路）,诸暨市,64,34,2025-03-03 15:11:14
1012312288YR9D2CJ4741,东二路（东祥路-环城东路）,诸暨市,25,11,2025-03-03 15:11:14
1019REU2R6D37Y9,城东公园地下停车场,诸暨市,601,340,2025-03-03 15:11:14
1012312288YRBWX8BW5Q9,望江二路（浣东北路-高湖路）,诸暨市,5,2,2025-03-03 15:11:14
1012312288YRBLMRYOUTD,江东路（望江一路-望江二路）,诸暨市,18,9,2025-03-03 15:11:14
1012312288YR5RTTNITC1,艮塔东路（江东路-高湖路）,诸暨市,39,21,2025-03-03 15:11:13
1012312288YR751NEO35T,东祥路（东二路-苎萝东路）,诸暨市,38,12,2025-03-03 15:11:13
1012312288YR825E2P88X,苎萝东路（东二环路-东福路),诸暨市,115,98,2025-03-03 15:11:13
10124013095GY8GDKUBY9,艮塔东路（高湖路-暨东路）,诸暨市,16,12,2025-03-03 15:11:13
1012312288YR85VK6CYKH,和济路（东祥路-东旺路）,诸暨市,90,22,2025-03-03 15:11:13
1012312288YR7CTTSNVNL,苎萝东路（环城东路-东兴路）,诸暨市,86,67,2025-03-03 15:11:13
1012312288YR5NVRFEV41,东安路(东二路-苎萝东路),诸暨市,6,2,2025-03-03 15:11:13
1012312288YR7N8PO2AYP,东一路68弄（东二路-东一路）,诸暨市,46,12,2025-03-03 15:11:13
1012312288YRC518WKA2P,望江三路（江东路-滨江中路）,诸暨市,5,2,2025-03-03 15:11:13
1012401199375YC6OSJ5T,东三路（东二环路-东旺路）,诸暨市,121,80,2025-03-03 15:11:13
1012312288YR64NIVVNK1,浣纱中路（西施大街-大桥东路）,诸暨市,23,12,2025-03-03 15:11:13
1012312298YXHTPH9LYPT,东二路123弄（东旺路188弄-东二路）,诸暨市,61,15,2025-03-03 15:11:13
1012312288YR79Z86T0XT,暨东路70弄（东一路-东旺路218弄）,诸暨市,32,7,2025-03-03 15:11:13
1012312288YR8GIC67LS1,东旺路218弄(东旺路206弄-融媒体中心）,诸暨市,22,1,2025-03-03 15:11:13
1012312288YR9HG704L4X,苎萝东路（东福路-东三环路）,诸暨市,107,107,2025-03-03 15:11:13
1012312288YR9VX35V2M9,苎萝东路（环城东路-东祥路）,诸暨市,17,4,2025-03-03 15:11:13
1019SEVYY7X0W75,十里牌停车场,诸暨市,69,69,2025-03-03 15:11:13
1012312288YR7K67XR8CH,望江一路（浣东北路-江东路）,诸暨市,14,2,2025-03-03 15:11:13
1012312288YR9PO5N0TFL,苎萝东路（环城东路-东旺路）,诸暨市,54,37,2025-03-03 15:11:13
10124013095H4QPBO8UF5,东兴路50弄,诸暨市,7,7,2025-03-03 15:11:13
1012312288YR9376YUBK1,东旺路（东旺路150弄-苎萝东路）,诸暨市,18,2,2025-03-03 15:11:13
10124012093FZKG7Y8M4H,永昌南路（东一路-东二路）,诸暨市,63,54,2025-03-03 15:11:13
1012312288YR9ABOZHGCH,东二路（东旺路-东二环路）,诸暨市,47,33,2025-03-03 15:11:13
1012312288YR57VMEIUBL,大桥东路（大桥东路9号-江东路）,诸暨市,34,12,2025-03-03 15:11:13
1012312288YR5F42HE329,红旗路（人民中路-浣纱中路）,诸暨市,16,3,2025-03-03 15:11:13
1012312288YRB62F6P9TT,浣纱南路（南兴路-南屏路）,诸暨市,60,32,2025-03-03 15:11:13
1012312288YRAJXAP73SX,滨江中路（望江二路-大桥东路）,诸暨市,45,27,2025-03-03 15:11:13
1012312288YR8VUSTQYV5,东旺路182弄(康华大厦-东旺路),诸暨市,19,2,2025-03-03 15:11:13
1012312288YR7HFKE4HKX,西施大街（浣纱中路-人民中路）,诸暨市,28,10,2025-03-03 15:11:13
1012312288YR8IX5J60OX,东旺路218弄（东旺路-融媒体中心）,诸暨市,29,2,2025-03-03 15:11:13
1012312288YR5B22720W1,大桥东路（江东路-五角广场）,诸暨市,58,32,2025-03-03 15:11:13
1019PDAS7RIP7GH,市民公园东北面停车场,诸暨市,27,5,2025-03-03 15:11:13
1012312288YRBZRTXR0G1,望江三路（高湖路-江东路）,诸暨市,15,12,2025-03-03 15:11:13
1019Q6UK2GUCAV5,市民公园地下停车场,诸暨市,227,123,2025-03-03 15:11:13
1019S5R3X1SOHS1,一百淘宝城停车场,诸暨市,105,40,2025-03-03 15:11:13
1012405049OQ8ZNVP3U2P,苎萝东路（东二环路-东旺路）1,诸暨市,29,19,2025-03-03 15:11:13
1012312288YR8ZSV1UX35,东旺路150弄（东二环路-东旺路）,诸暨市,88,41,2025-03-03 15:11:13
1012312288YRBP13VO9A9,江东路（望江二路-望江三路）,诸暨市,13,8,2025-03-03 15:11:13
1012312288YRADOD6CUM9,南兴路（南庠路-人民南路）,诸暨市,25,25,2025-03-03 15:11:13
10124013095HHCMD4CC1T,艮塔东路（交通银行）,诸暨市,35,22,2025-03-03 15:11:13
1012312288YR6IWIX5X4X,苎萝东路（东二环路-东旺路）,诸暨市,18,5,2025-03-03 15:11:13
1012312288YR7YF7Z1HXD,高湖路（望江二路-望江一路）,诸暨市,18,3,2025-03-03 15:11:13
1012312288YRAXUGJT1J5,浣纱北路（大桥路-艮塔路）,诸暨市,59,23,2025-03-03 15:11:13
1012312268YD5WN09GPVL,八一横路（暨阳路-无名路）,诸暨市,46,23,2025-03-03 15:11:13
1012312288YRAV3T06ARL,滨江中路（望江三路-望江二路）,诸暨市,30,25,2025-03-03 15:11:13
1012312298YXGS3Y2CBNL,东旺路188弄（东旺路-东二环路）,诸暨市,10,2,2025-03-03 15:11:13
1012312288YRBEU44Q1VL,滨江中路（艮塔东路-望江三路）,诸暨市,25,12,2025-03-03 15:11:13
1012312298YXIJSNZ82YP,东二路129弄（东一路88弄-东二路123弄）,诸暨市,10,10,2025-03-03 15:00:03
1012312288YR68DOZJDVL,体育路（体育路二弄-红旗路）,诸暨市,12,2,2025-03-03 15:00:03
1019PRTQD59LIWX,永乐路停车场,诸暨市,91,55,2025-03-03 15:00:03
1012312288YRBI4HZHCE9,江东路（西施大街-大桥东路）,诸暨市,6,2,2025-03-03 15:00:03
1012312288YR5JPT2UOZL,东兴路（苎萝东路-东二路）,诸暨市,62,36,2025-03-03 15:00:03
1012405079PB3TJY248W1,东三路（应山公园-东旺路）,诸暨市,44,41,2025-03-03 15:00:03
1012312288YRBA0HET81T,江东路（大桥东路-望江一路）,诸暨市,10,4,2025-03-03 15:00:03
1012312288YRBLMRYOUTD,江东路（望江一路-望江二路）,诸暨市,18,9,2025-03-03 15:00:03
1012312288YR3MBVY988X,东兴北路（江东路-福门路）,诸暨市,19,13,2025-03-03 15:00:03
1012312288YR7V8S6IBCX,东一路88弄（东一路82弄-东一路）,诸暨市,27,1,2025-03-03 15:00:03
1012312288YRC2EJF5N9D,望江三路（浣东北路-高湖路）,诸暨市,11,3,2025-03-03 15:00:03
1012312288YR89HS7SKXT,东旺路（东旺路150弄-东二路）,诸暨市,18,8,2025-03-03 15:00:03
1012312288YR9LAB60FEP,苎萝东路（东兴路-东安路）,诸暨市,45,38,2025-03-03 15:00:03
1012312288YR3EFRI1BSX,滨江南路（滨江支路-浣东中路）,诸暨市,64,30,2025-03-03 15:00:03
1019B4Y82CZPJ41,诸暨浣东中路停车场,诸暨市,37,29,2025-03-03 15:00:03
1019MAR69WRHHXD,西子公寓停车场,诸暨市,91,80,2025-03-03 15:00:03
1012312288YR5XYT44YKH,艮塔东路（苎萝东路-东二路）,诸暨市,142,111,2025-03-03 15:00:03
1012312298YXIV34CFDVL,东一路82弄（东二路123弄-东二路）,诸暨市,6,3,2025-03-03 15:00:03
1012312288YRBS7JO7FUP,望江二路（高湖路-江东路）,诸暨市,10,5,2025-03-03 15:00:03
1012312288YR6EYGP1YWX,万风新世界（暨阳路-上庄路）,诸暨市,20,5,2025-03-03 15:00:03
1012312288YRBWX8BW5Q9,望江二路（浣东北路-高湖路）,诸暨市,5,2,2025-03-03 15:00:03
1012312288YR9D2CJ4741,东二路（东祥路-环城东路）,诸暨市,25,11,2025-03-03 15:00:03
1012312288YR5UKH75K3L,艮塔东路（东二路-东一路),诸暨市,101,69,2025-03-03 15:00:03
1012312288YRB24CYLBLT,浣纱南路（苎萝路-南兴路）,诸暨市,19,10,2025-03-03 15:00:03
1019N4FJ7J6DUYP,篮球场停车场,诸暨市,182,36,2025-03-03 15:00:03
1019REU2R6D37Y9,城东公园地下停车场,诸暨市,601,340,2025-03-03 15:00:03
1012312288YR61OZ7SOW1,浣纱中路（南屏路-西施大街）,诸暨市,14,8,2025-03-03 15:00:03
1012312288YR6C3V37475,体育路（体育路-大桥东路）,诸暨市,8,3,2025-03-03 15:00:03
1012312268YDHM7XGW3Y9,艮塔东路（滨江北路-江东路),诸暨市,33,26,2025-03-03 15:00:02
1012312288YR8GIC67LS1,东旺路218弄(东旺路206弄-融媒体中心）,诸暨市,22,1,2025-03-03 15:00:02
1012312288YR5B22720W1,大桥东路（江东路-五角广场）,诸暨市,58,32,2025-03-03 15:00:02
1019SEVYY7X0W75,十里牌停车场,诸暨市,69,68,2025-03-03 15:00:02
1012312288YRAJXAP73SX,滨江中路（望江二路-大桥东路）,诸暨市,45,29,2025-03-03 15:00:02
1012312288YR8IX5J60OX,东旺路218弄（东旺路-融媒体中心）,诸暨市,29,1,2025-03-03 15:00:02
1012312288YR9376YUBK1,东旺路（东旺路150弄-苎萝东路）,诸暨市,18,2,2025-03-03 15:00:02
1012312288YRAXUGJT1J5,浣纱北路（大桥路-艮塔路）,诸暨市,59,25,2025-03-03 15:00:02
1012312288YR57VMEIUBL,大桥东路（大桥东路9号-江东路）,诸暨市,34,14,2025-03-03 15:00:02
1012312268YD5WN09GPVL,八一横路（暨阳路-无名路）,诸暨市,46,21,2025-03-03 15:00:02
1019PDAS7RIP7GH,市民公园东北面停车场,诸暨市,27,4,2025-03-03 15:00:02
1012312288YRBZRTXR0G1,望江三路（高湖路-江东路）,诸暨市,15,12,2025-03-03 15:00:02
1012312288YRAV3T06ARL,滨江中路（望江三路-望江二路）,诸暨市,30,25,2025-03-03 15:00:02
1012312288YR8ZSV1UX35,东旺路150弄（东二环路-东旺路）,诸暨市,88,40,2025-03-03 15:00:02
1012312288YR7HFKE4HKX,西施大街（浣纱中路-人民中路）,诸暨市,28,9,2025-03-03 15:00:02
10124013095HHCMD4CC1T,艮塔东路（交通银行）,诸暨市,35,27,2025-03-03 15:00:02
10124013095H4QPBO8UF5,东兴路50弄,诸暨市,7,7,2025-03-03 15:00:02
1012312288YR9ABOZHGCH,东二路（东旺路-东二环路）,诸暨市,47,34,2025-03-03 15:00:02
1012312288YRBEU44Q1VL,滨江中路（艮塔东路-望江三路）,诸暨市,25,12,2025-03-03 15:00:01
1012312288YR6IWIX5X4X,苎萝东路（东二环路-东旺路）,诸暨市,18,6,2025-03-03 15:00:01
1012312288YRADOD6CUM9,南兴路（南庠路-人民南路）,诸暨市,25,25,2025-03-03 15:00:01
1012312288YR79Z86T0XT,暨东路70弄（东一路-东旺路218弄）,诸暨市,32,6,2025-03-03 15:00:01
1012312298YXGS3Y2CBNL,东旺路188弄（东旺路-东二环路）,诸暨市,10,1,2025-03-03 15:00:01
1012312288YR7CTTSNVNL,苎萝东路（环城东路-东兴路）,诸暨市,86,67,2025-03-03 15:00:01
1012312288YRC518WKA2P,望江三路（江东路-滨江中路）,诸暨市,5,3,2025-03-03 15:00:01
1012312288YR53DTVACCH,滨江南路（西施大街-滨江支路）,诸暨市,33,4,2025-03-03 15:00:01
1012312288YR5RTTNITC1,艮塔东路（江东路-高湖路）,诸暨市,39,18,2025-03-03 15:00:01
1012312288YR7K67XR8CH,望江一路（浣东北路-江东路）,诸暨市,14,3,2025-03-03 15:00:01
1012405049OQ8ZNVP3U2P,苎萝东路（东二环路-东旺路）1,诸暨市,29,19,2025-03-03 15:00:00
1012312288YR751NEO35T,东祥路（东二路-苎萝东路）,诸暨市,38,11,2025-03-03 15:00:00
1012312288YR8VUSTQYV5,东旺路182弄(康华大厦-东旺路),诸暨市,19,2,2025-03-03 15:00:00
1012312288YR5F42HE329,红旗路（人民中路-浣纱中路）,诸暨市,16,2,2025-03-03 15:00:00
1019S5R3X1SOHS1,一百淘宝城停车场,诸暨市,105,40,2025-03-03 15:00:00
1012312288YR9VX35V2M9,苎萝东路（环城东路-东祥路）,诸暨市,17,7,2025-03-03 15:00:00
1012312288YR7YF7Z1HXD,高湖路（望江二路-望江一路）,诸暨市,18,4,2025-03-03 15:00:00
1012312288YR825E2P88X,苎萝东路（东二环路-东福路),诸暨市,115,97,2025-03-03 15:00:00
1012312288YR85VK6CYKH,和济路（东祥路-东旺路）,诸暨市,90,21,2025-03-03 15:00:00
1012312288YR9HG704L4X,苎萝东路（东福路-东三环路）,诸暨市,107,107,2025-03-03 15:00:00
1012312288YR7N8PO2AYP,东一路68弄（东二路-东一路）,诸暨市,46,11,2025-03-03 15:00:00
1012312288YR64NIVVNK1,浣纱中路（西施大街-大桥东路）,诸暨市,23,8,2025-03-03 15:00:00
1012401199375YC6OSJ5T,东三路（东二环路-东旺路）,诸暨市,121,79,2025-03-03 15:00:00
10124012093FZKG7Y8M4H,永昌南路（东一路-东二路）,诸暨市,63,57,2025-03-03 15:00:00
10124013095GY8GDKUBY9,艮塔东路（高湖路-暨东路）,诸暨市,16,12,2025-03-03 15:00:00
1012312288YRB62F6P9TT,浣纱南路（南兴路-南屏路）,诸暨市,60,42,2025-03-03 15:00:00
1012312288YR9PO5N0TFL,苎萝东路（环城东路-东旺路）,诸暨市,54,38,2025-03-03 15:00:00
1012312288YR5NVRFEV41,东安路(东二路-苎萝东路),诸暨市,6,4,2025-03-03 15:00:00
1012312288YRBP13VO9A9,江东路（望江二路-望江三路）,诸暨市,13,11,2025-03-03 15:00:00
1019Q6UK2GUCAV5,市民公园地下停车场,诸暨市,227,124,2025-03-03 15:00:00
1012312298YXHTPH9LYPT,东二路123弄（东旺路188弄-东二路）,诸暨市,61,14,2025-03-03 15:00:00
10124013095H4QPBO8UF5,东兴路50弄,诸暨市,7,7,2025-03-03 14:51:14
1012312288YR68DOZJDVL,体育路（体育路二弄-红旗路）,诸暨市,12,3,2025-03-03 14:51:14
1019B4Y82CZPJ41,诸暨浣东中路停车场,诸暨市,37,29,2025-03-03 14:51:14
1012312288YR61OZ7SOW1,浣纱中路（南屏路-西施大街）,诸暨市,14,7,2025-03-03 14:51:14
1012312288YR5B22720W1,大桥东路（江东路-五角广场）,诸暨市,58,28,2025-03-03 14:51:14
1012312288YR3EFRI1BSX,滨江南路（滨江支路-浣东中路）,诸暨市,64,36,2025-03-03 14:51:14
1012312288YR5JPT2UOZL,东兴路（苎萝东路-东二路）,诸暨市,62,37,2025-03-03 14:51:14
1012312288YR5XYT44YKH,艮塔东路（苎萝东路-东二路）,诸暨市,142,110,2025-03-03 14:51:14
1019N4FJ7J6DUYP,篮球场停车场,诸暨市,182,36,2025-03-03 14:51:14
1019MAR69WRHHXD,西子公寓停车场,诸暨市,91,80,2025-03-03 14:51:14
1012312298YXIV34CFDVL,东一路82弄（东二路123弄-东二路）,诸暨市,6,1,2025-03-03 14:51:14
1012312298YXIJSNZ82YP,东二路129弄（东一路88弄-东二路123弄）,诸暨市,10,10,2025-03-03 14:51:14
1012312288YRBS7JO7FUP,望江二路（高湖路-江东路）,诸暨市,10,5,2025-03-03 14:51:14
1012312288YRBLMRYOUTD,江东路（望江一路-望江二路）,诸暨市,18,10,2025-03-03 14:51:14
1012312288YR9D2CJ4741,东二路（东祥路-环城东路）,诸暨市,25,10,2025-03-03 14:51:14
1012312288YRBA0HET81T,江东路（大桥东路-望江一路）,诸暨市,10,5,2025-03-03 14:51:14
1012312288YR5UKH75K3L,艮塔东路（东二路-东一路),诸暨市,101,67,2025-03-03 14:51:14
1012312288YR3MBVY988X,东兴北路（江东路-福门路）,诸暨市,19,13,2025-03-03 14:51:14
1012312288YR7HFKE4HKX,西施大街（浣纱中路-人民中路）,诸暨市,28,4,2025-03-03 14:51:14
1012312288YR7V8S6IBCX,东一路88弄（东一路82弄-东一路）,诸暨市,27,1,2025-03-03 14:51:14
1012312288YRB24CYLBLT,浣纱南路（苎萝路-南兴路）,诸暨市,19,13,2025-03-03 14:51:14
1012312288YR9ABOZHGCH,东二路（东旺路-东二环路）,诸暨市,47,35,2025-03-03 14:51:14
1012312268YDHM7XGW3Y9,艮塔东路（滨江北路-江东路),诸暨市,33,26,2025-03-03 14:51:14
1012312288YR89HS7SKXT,东旺路（东旺路150弄-东二路）,诸暨市,18,7,2025-03-03 14:51:14
1012312288YRBI4HZHCE9,江东路（西施大街-大桥东路）,诸暨市,6,1,2025-03-03 14:51:14
1012312288YR6EYGP1YWX,万风新世界（暨阳路-上庄路）,诸暨市,20,6,2025-03-03 14:51:14
1012312288YRAV3T06ARL,滨江中路（望江三路-望江二路）,诸暨市,30,26,2025-03-03 14:51:14
1019PDAS7RIP7GH,市民公园东北面停车场,诸暨市,27,5,2025-03-03 14:51:14
1012312288YRC2EJF5N9D,望江三路（浣东北路-高湖路）,诸暨市,11,4,2025-03-03 14:51:14
1012312288YRAJXAP73SX,滨江中路（望江二路-大桥东路）,诸暨市,45,32,2025-03-03 14:51:14
1012312288YR57VMEIUBL,大桥东路（大桥东路9号-江东路）,诸暨市,34,16,2025-03-03 14:51:14
1019PRTQD59LIWX,永乐路停车场,诸暨市,91,55,2025-03-03 14:51:14
1019REU2R6D37Y9,城东公园地下停车场,诸暨市,601,341,2025-03-03 14:51:14
1012312288YR9LAB60FEP,苎萝东路（东兴路-东安路）,诸暨市,45,36,2025-03-03 14:51:14
1012405079PB3TJY248W1,东三路（应山公园-东旺路）,诸暨市,44,43,2025-03-03 14:51:14
1012312288YRBZRTXR0G1,望江三路（高湖路-江东路）,诸暨市,15,12,2025-03-03 14:51:14
1012312288YR6C3V37475,体育路（体育路-大桥东路）,诸暨市,8,2,2025-03-03 14:51:14
1012312288YR6SFUARGU9,东祥路19弄（东祥路-环城东路）,诸暨市,12,1,2025-03-03 14:51:14
1012312288YR9376YUBK1,东旺路（东旺路150弄-苎萝东路）,诸暨市,18,2,2025-03-03 14:51:14
10124013095HHCMD4CC1T,艮塔东路（交通银行）,诸暨市,35,29,2025-03-03 14:51:14
1012312288YR8ZSV1UX35,东旺路150弄（东二环路-东旺路）,诸暨市,88,41,2025-03-03 14:51:13
1012312268YD5WN09GPVL,八一横路（暨阳路-无名路）,诸暨市,46,22,2025-03-03 14:51:13
1012312288YR64NIVVNK1,浣纱中路（西施大街-大桥东路）,诸暨市,23,7,2025-03-03 14:51:13
1012312288YR751NEO35T,东祥路（东二路-苎萝东路）,诸暨市,38,11,2025-03-03 14:51:13
1012312288YRBEU44Q1VL,滨江中路（艮塔东路-望江三路）,诸暨市,25,12,2025-03-03 14:51:13
1012312288YRB62F6P9TT,浣纱南路（南兴路-南屏路）,诸暨市,60,44,2025-03-03 14:51:13
1012312288YR85VK6CYKH,和济路（东祥路-东旺路）,诸暨市,90,20,2025-03-03 14:51:13
1012312288YRC518WKA2P,望江三路（江东路-滨江中路）,诸暨市,5,2,2025-03-03 14:51:13
1012312288YR9PO5N0TFL,苎萝东路（环城东路-东旺路）,诸暨市,54,37,2025-03-03 14:51:13
1012312288YR8VUSTQYV5,东旺路182弄(康华大厦-东旺路),诸暨市,19,2,2025-03-03 14:51:13
1012312288YR9VX35V2M9,苎萝东路（环城东路-东祥路）,诸暨市,17,3,2025-03-03 14:51:13
1012312288YR6IWIX5X4X,苎萝东路（东二环路-东旺路）,诸暨市,18,4,2025-03-03 14:51:13
1012312288YRAXUGJT1J5,浣纱北路（大桥路-艮塔路）,诸暨市,59,21,2025-03-03 14:51:13
1019Q6UK2GUCAV5,市民公园地下停车场,诸暨市,227,123,2025-03-03 14:51:13
1012312298YXGS3Y2CBNL,东旺路188弄（东旺路-东二环路）,诸暨市,10,2,2025-03-03 14:51:13
1019SEVYY7X0W75,十里牌停车场,诸暨市,69,69,2025-03-03 14:51:13
1019S5R3X1SOHS1,一百淘宝城停车场,诸暨市,105,40,2025-03-03 14:51:13
1012405049OQ8ZNVP3U2P,苎萝东路（东二环路-东旺路）1,诸暨市,29,19,2025-03-03 14:51:13
1012312288YR79Z86T0XT,暨东路70弄（东一路-东旺路218弄）,诸暨市,32,8,2025-03-03 14:51:13
1012312288YR7K67XR8CH,望江一路（浣东北路-江东路）,诸暨市,14,6,2025-03-03 14:51:13
10124012093FZKG7Y8M4H,永昌南路（东一路-东二路）,诸暨市,63,56,2025-03-03 14:51:13
1012312288YRBP13VO9A9,江东路（望江二路-望江三路）,诸暨市,13,11,2025-03-03 14:51:13
10124013095GY8GDKUBY9,艮塔东路（高湖路-暨东路）,诸暨市,16,11,2025-03-03 14:51:13
1012312288YR9HG704L4X,苎萝东路（东福路-东三环路）,诸暨市,107,107,2025-03-03 14:51:13
1012312288YRADOD6CUM9,南兴路（南庠路-人民南路）,诸暨市,25,25,2025-03-03 14:51:13
1012401199375YC6OSJ5T,东三路（东二环路-东旺路）,诸暨市,121,81,2025-03-03 14:51:13
1012312288YR7N8PO2AYP,东一路68弄（东二路-东一路）,诸暨市,46,13,2025-03-03 14:51:13
1012312288YR7YF7Z1HXD,高湖路（望江二路-望江一路）,诸暨市,18,5,2025-03-03 14:51:13
1012312298YXHTPH9LYPT,东二路123弄（东旺路188弄-东二路）,诸暨市,61,11,2025-03-03 14:51:13
1012312288YR5F42HE329,红旗路（人民中路-浣纱中路）,诸暨市,16,2,2025-03-03 14:51:13
1012312288YR825E2P88X,苎萝东路（东二环路-东福路),诸暨市,115,96,2025-03-03 14:51:13
1012312288YR5RTTNITC1,艮塔东路（江东路-高湖路）,诸暨市,39,22,2025-03-03 14:51:13
1012312288YR5NVRFEV41,东安路(东二路-苎萝东路),诸暨市,6,4,2025-03-03 14:51:13
1012312288YR7CTTSNVNL,苎萝东路（环城东路-东兴路）,诸暨市,86,66,2025-03-03 14:51:13
1012312288YR53DTVACCH,滨江南路（西施大街-滨江支路）,诸暨市,33,3,2025-03-03 14:51:13
1019REU2R6D37Y9,城东公园地下停车场,诸暨市,601,341,2025-03-03 14:40:01
1012312288YR9D2CJ4741,东二路（东祥路-环城东路）,诸暨市,25,8,2025-03-03 14:40:01
1012312268YDHM7XGW3Y9,艮塔东路（滨江北路-江东路),诸暨市,33,22,2025-03-03 14:40:01
1019PRTQD59LIWX,永乐路停车场,诸暨市,91,55,2025-03-03 14:40:01
1012312288YR3IHRSDDZ5,滨江南路（大桥东路-西施大街）,诸暨市,13,3,2025-03-03 14:40:01
1012405079PB3TJY248W1,东三路（应山公园-东旺路）,诸暨市,44,44,2025-03-03 14:40:01
1019MAR69WRHHXD,西子公寓停车场,诸暨市,91,80,2025-03-03 14:40:01
1012312288YR5UKH75K3L,艮塔东路（东二路-东一路),诸暨市,101,69,2025-03-03 14:40:01
1012312288YR6EYGP1YWX,万风新世界（暨阳路-上庄路）,诸暨市,20,5,2025-03-03 14:40:01
1012312288YR9LAB60FEP,苎萝东路（东兴路-东安路）,诸暨市,45,36,2025-03-03 14:40:01
1012312298YXIJSNZ82YP,东二路129弄（东一路88弄-东二路123弄）,诸暨市,10,10,2025-03-03 14:40:01
1012312288YRBS7JO7FUP,望江二路（高湖路-江东路）,诸暨市,10,5,2025-03-03 14:40:01
1012312288YRBI4HZHCE9,江东路（西施大街-大桥东路）,诸暨市,6,1,2025-03-03 14:40:01
1012312288YR7V8S6IBCX,东一路88弄（东一路82弄-东一路）,诸暨市,27,2,2025-03-03 14:40:01
1012312288YR61OZ7SOW1,浣纱中路（南屏路-西施大街）,诸暨市,14,8,2025-03-03 14:40:01
1012312288YR5XYT44YKH,艮塔东路（苎萝东路-东二路）,诸暨市,142,107,2025-03-03 14:40:01
1012312288YR3EFRI1BSX,滨江南路（滨江支路-浣东中路）,诸暨市,64,39,2025-03-03 14:40:01
1012312288YR68DOZJDVL,体育路（体育路二弄-红旗路）,诸暨市,12,2,2025-03-03 14:40:01
1012312288YRBLMRYOUTD,江东路（望江一路-望江二路）,诸暨市,18,10,2025-03-03 14:40:01
1012312288YRC2EJF5N9D,望江三路（浣东北路-高湖路）,诸暨市,11,4,2025-03-03 14:40:01
1012312288YR5JPT2UOZL,东兴路（苎萝东路-东二路）,诸暨市,62,38,2025-03-03 14:40:01
1012312288YR3MBVY988X,东兴北路（江东路-福门路）,诸暨市,19,15,2025-03-03 14:40:01
1019N4FJ7J6DUYP,篮球场停车场,诸暨市,182,37,2025-03-03 14:40:01
1019B4Y82CZPJ41,诸暨浣东中路停车场,诸暨市,37,29,2025-03-03 14:40:01
1012312288YRBA0HET81T,江东路（大桥东路-望江一路）,诸暨市,10,1,2025-03-03 14:40:01
1012312298YXIV34CFDVL,东一路82弄（东二路123弄-东二路）,诸暨市,6,1,2025-03-03 14:40:01
1012312288YRB24CYLBLT,浣纱南路（苎萝路-南兴路）,诸暨市,19,11,2025-03-03 14:40:01
1012312288YR6C3V37475,体育路（体育路-大桥东路）,诸暨市,8,1,2025-03-03 14:40:01
1012312288YR89HS7SKXT,东旺路（东旺路150弄-东二路）,诸暨市,18,6,2025-03-03 14:40:01
1012312288YR5NVRFEV41,东安路(东二路-苎萝东路),诸暨市,6,3,2025-03-03 14:40:00
1012312288YR7YF7Z1HXD,高湖路（望江二路-望江一路）,诸暨市,18,7,2025-03-03 14:40:00
1012312288YR79Z86T0XT,暨东路70弄（东一路-东旺路218弄）,诸暨市,32,6,2025-03-03 14:40:00
1012312288YR9HG704L4X,苎萝东路（东福路-东三环路）,诸暨市,107,107,2025-03-03 14:40:00
1012312288YR5RTTNITC1,艮塔东路（江东路-高湖路）,诸暨市,39,20,2025-03-03 14:40:00
1012405049OQ8ZNVP3U2P,苎萝东路（东二环路-东旺路）1,诸暨市,29,20,2025-03-03 14:40:00
1012312288YR64NIVVNK1,浣纱中路（西施大街-大桥东路）,诸暨市,23,5,2025-03-03 14:40:00
1012312288YR5F42HE329,红旗路（人民中路-浣纱中路）,诸暨市,16,2,2025-03-03 14:40:00
1012312288YRADOD6CUM9,南兴路（南庠路-人民南路）,诸暨市,25,25,2025-03-03 14:40:00
1012312288YR57VMEIUBL,大桥东路（大桥东路9号-江东路）,诸暨市,34,14,2025-03-03 14:40:00
1012312288YR9VX35V2M9,苎萝东路（环城东路-东祥路）,诸暨市,17,3,2025-03-03 14:40:00
1012312288YR9ABOZHGCH,东二路（东旺路-东二环路）,诸暨市,47,33,2025-03-03 14:40:00
1012312288YR6IWIX5X4X,苎萝东路（东二环路-东旺路）,诸暨市,18,5,2025-03-03 14:40:00
1012312288YRB62F6P9TT,浣纱南路（南兴路-南屏路）,诸暨市,60,47,2025-03-03 14:40:00
1012312288YR9PO5N0TFL,苎萝东路（环城东路-东旺路）,诸暨市,54,37,2025-03-03 14:40:00
1012312288YR5B22720W1,大桥东路（江东路-五角广场）,诸暨市,58,29,2025-03-03 14:40:00
1012312288YR7N8PO2AYP,东一路68弄（东二路-东一路）,诸暨市,46,15,2025-03-03 14:40:00
1012312288YRAXUGJT1J5,浣纱北路（大桥路-艮塔路）,诸暨市,59,23,2025-03-03 14:40:00
1012312288YR7HFKE4HKX,西施大街（浣纱中路-人民中路）,诸暨市,28,10,2025-03-03 14:40:00
1019Q6UK2GUCAV5,市民公园地下停车场,诸暨市,227,124,2025-03-03 14:40:00
1012312288YR825E2P88X,苎萝东路（东二环路-东福路),诸暨市,115,96,2025-03-03 14:40:00
10124013095H4QPBO8UF5,东兴路50弄,诸暨市,7,7,2025-03-03 14:40:00
1019S5R3X1SOHS1,一百淘宝城停车场,诸暨市,105,40,2025-03-03 14:40:00
10124013095GY8GDKUBY9,艮塔东路（高湖路-暨东路）,诸暨市,16,12,2025-03-03 14:40:00
1012312288YRAV3T06ARL,滨江中路（望江三路-望江二路）,诸暨市,30,26,2025-03-03 14:40:00
1019PDAS7RIP7GH,市民公园东北面停车场,诸暨市,27,5,2025-03-03 14:40:00
1012312268YD5WN09GPVL,八一横路（暨阳路-无名路）,诸暨市,46,25,2025-03-03 14:40:00
1012312288YR8IX5J60OX,东旺路218弄（东旺路-融媒体中心）,诸暨市,29,1,2025-03-03 14:40:00
1012312288YR8VUSTQYV5,东旺路182弄(康华大厦-东旺路),诸暨市,19,3,2025-03-03 14:40:00
1012312288YR8ZSV1UX35,东旺路150弄（东二环路-东旺路）,诸暨市,88,43,2025-03-03 14:40:00
1012312288YRBP13VO9A9,江东路（望江二路-望江三路）,诸暨市,13,11,2025-03-03 14:40:00
1012312288YR7CTTSNVNL,苎萝东路（环城东路-东兴路）,诸暨市,86,72,2025-03-03 14:40:00
1012312298YXGS3Y2CBNL,东旺路188弄（东旺路-东二环路）,诸暨市,10,2,2025-03-03 14:40:00
1012312288YR85VK6CYKH,和济路（东祥路-东旺路）,诸暨市,90,13,2025-03-03 14:40:00
1012312288YR9376YUBK1,东旺路（东旺路150弄-苎萝东路）,诸暨市,18,2,2025-03-03 14:40:00
10124013095HHCMD4CC1T,艮塔东路（交通银行）,诸暨市,35,27,2025-03-03 14:40:00
1012312288YR751NEO35T,东祥路（东二路-苎萝东路）,诸暨市,38,9,2025-03-03 14:40:00
1012312288YRBZRTXR0G1,望江三路（高湖路-江东路）,诸暨市,15,11,2025-03-03 14:40:00
1012401199375YC6OSJ5T,东三路（东二环路-东旺路）,诸暨市,121,74,2025-03-03 14:40:00
1012312298YXHTPH9LYPT,东二路123弄（东旺路188弄-东二路）,诸暨市,61,11,2025-03-03 14:40:00
1012312288YRAJXAP73SX,滨江中路（望江二路-大桥东路）,诸暨市,45,35,2025-03-03 14:40:00
1012312288YR7K67XR8CH,望江一路（浣东北路-江东路）,诸暨市,14,9,2025-03-03 14:40:00
1012312288YRBEU44Q1VL,滨江中路（艮塔东路-望江三路）,诸暨市,25,12,2025-03-03 14:40:00
10124012093FZKG7Y8M4H,永昌南路（东一路-东二路）,诸暨市,63,59,2025-03-03 14:40:00
1012312288YR8GIC67LS1,东旺路218弄(东旺路206弄-融媒体中心）,诸暨市,22,1,2025-03-03 14:40:00
1019SEVYY7X0W75,十里牌停车场,诸暨市,69,69,2025-03-03 14:40:00
1012312288YRBA0HET81T,江东路（大桥东路-望江一路）,诸暨市,10,3,2025-03-03 14:31:16
1012312288YRB24CYLBLT,浣纱南路（苎萝路-南兴路）,诸暨市,19,12,2025-03-03 14:31:16
1012312288YR5XYT44YKH,艮塔东路（苎萝东路-东二路）,诸暨市,142,112,2025-03-03 14:31:16
1019N4FJ7J6DUYP,篮球场停车场,诸暨市,182,38,2025-03-03 14:31:16
1012312298YXIJSNZ82YP,东二路129弄（东一路88弄-东二路123弄）,诸暨市,10,10,2025-03-03 14:31:16
1012312288YR3EFRI1BSX,滨江南路（滨江支路-浣东中路）,诸暨市,64,39,2025-03-03 14:31:16
1019REU2R6D37Y9,城东公园地下停车场,诸暨市,601,341,2025-03-03 14:31:16
1012312288YR3MBVY988X,东兴北路（江东路-福门路）,诸暨市,19,14,2025-03-03 14:31:16
1012312288YR5JPT2UOZL,东兴路（苎萝东路-东二路）,诸暨市,62,40,2025-03-03 14:31:16
1012312288YR9ABOZHGCH,东二路（东旺路-东二环路）,诸暨市,47,33,2025-03-03 14:31:15
1012312268YD5WN09GPVL,八一横路（暨阳路-无名路）,诸暨市,46,25,2025-03-03 14:31:15
1012312288YR5UKH75K3L,艮塔东路（东二路-东一路),诸暨市,101,71,2025-03-03 14:31:15
1012405079PB3TJY248W1,东三路（应山公园-东旺路）,诸暨市,44,44,2025-03-03 14:31:15
1012312288YRBZRTXR0G1,望江三路（高湖路-江东路）,诸暨市,15,10,2025-03-03 14:31:15
1012312288YR6EYGP1YWX,万风新世界（暨阳路-上庄路）,诸暨市,20,5,2025-03-03 14:31:15
1019PDAS7RIP7GH,市民公园东北面停车场,诸暨市,27,5,2025-03-03 14:31:15
1012312288YR8GIC67LS1,东旺路218弄(东旺路206弄-融媒体中心）,诸暨市,22,3,2025-03-03 14:31:15
1012312288YRAV3T06ARL,滨江中路（望江三路-望江二路）,诸暨市,30,25,2025-03-03 14:31:15
1012312288YR8ZSV1UX35,东旺路150弄（东二环路-东旺路）,诸暨市,88,49,2025-03-03 14:31:15
1012312288YRADOD6CUM9,南兴路（南庠路-人民南路）,诸暨市,25,25,2025-03-03 14:31:15
1012312288YR61OZ7SOW1,浣纱中路（南屏路-西施大街）,诸暨市,14,8,2025-03-03 14:31:15
1012312288YRAJXAP73SX,滨江中路（望江二路-大桥东路）,诸暨市,45,36,2025-03-03 14:31:15
1012312288YR9376YUBK1,东旺路（东旺路150弄-苎萝东路）,诸暨市,18,4,2025-03-03 14:31:15
1012312288YRBS7JO7FUP,望江二路（高湖路-江东路）,诸暨市,10,4,2025-03-03 14:31:15
1012312288YR9D2CJ4741,东二路（东祥路-环城东路）,诸暨市,25,9,2025-03-03 14:31:15
1012312288YR57VMEIUBL,大桥东路（大桥东路9号-江东路）,诸暨市,34,16,2025-03-03 14:31:15
1012312288YR7V8S6IBCX,东一路88弄（东一路82弄-东一路）,诸暨市,27,2,2025-03-03 14:31:15
1012312288YR68DOZJDVL,体育路（体育路二弄-红旗路）,诸暨市,12,1,2025-03-03 14:31:15
1012312288YRBLMRYOUTD,江东路（望江一路-望江二路）,诸暨市,18,8,2025-03-03 14:31:15
1012312288YR9LAB60FEP,苎萝东路（东兴路-东安路）,诸暨市,45,36,2025-03-03 14:31:15
1012312288YR5B22720W1,大桥东路（江东路-五角广场）,诸暨市,58,26,2025-03-03 14:31:15
1012312288YR89HS7SKXT,东旺路（东旺路150弄-东二路）,诸暨市,18,9,2025-03-03 14:31:15
10124013095HHCMD4CC1T,艮塔东路（交通银行）,诸暨市,35,24,2025-03-03 14:31:15
1012312288YR7HFKE4HKX,西施大街（浣纱中路-人民中路）,诸暨市,28,9,2025-03-03 14:31:15
1012312288YR6C3V37475,体育路（体育路-大桥东路）,诸暨市,8,1,2025-03-03 14:31:15
1019PRTQD59LIWX,永乐路停车场,诸暨市,91,55,2025-03-03 14:31:15
1012312288YR8IX5J60OX,东旺路218弄（东旺路-融媒体中心）,诸暨市,29,1,2025-03-03 14:31:15
10124013095H4QPBO8UF5,东兴路50弄,诸暨市,7,7,2025-03-03 14:31:15
1019MAR69WRHHXD,西子公寓停车场,诸暨市,91,80,2025-03-03 14:31:15
1012312298YXIV34CFDVL,东一路82弄（东二路123弄-东二路）,诸暨市,6,3,2025-03-03 14:31:15
1012312288YR53DTVACCH,滨江南路（西施大街-滨江支路）,诸暨市,33,2,2025-03-03 14:31:15
1012312298YXGS3Y2CBNL,东旺路188弄（东旺路-东二环路）,诸暨市,10,1,2025-03-03 14:31:15
1019SEVYY7X0W75,十里牌停车场,诸暨市,69,69,2025-03-03 14:31:15
1012312288YRAXUGJT1J5,浣纱北路（大桥路-艮塔路）,诸暨市,59,21,2025-03-03 14:31:15
1019B4Y82CZPJ41,诸暨浣东中路停车场,诸暨市,37,29,2025-03-03 14:31:15
1012312288YR6IWIX5X4X,苎萝东路（东二环路-东旺路）,诸暨市,18,7,2025-03-03 14:31:15
1012312288YR3IHRSDDZ5,滨江南路（大桥东路-西施大街）,诸暨市,13,1,2025-03-03 14:31:15
1012312288YRC2EJF5N9D,望江三路（浣东北路-高湖路）,诸暨市,11,5,2025-03-03 14:31:15
1012312288YRBI4HZHCE9,江东路（西施大街-大桥东路）,诸暨市,6,1,2025-03-03 14:31:15
1012312268YDHM7XGW3Y9,艮塔东路（滨江北路-江东路),诸暨市,33,22,2025-03-03 14:31:15
1012312288YR64NIVVNK1,浣纱中路（西施大街-大桥东路）,诸暨市,23,6,2025-03-03 14:31:14
1012312288YRBEU44Q1VL,滨江中路（艮塔东路-望江三路）,诸暨市,25,11,2025-03-03 14:31:14
10124012093FZKG7Y8M4H,永昌南路（东一路-东二路）,诸暨市,63,59,2025-03-03 14:31:14
1012312288YRB62F6P9TT,浣纱南路（南兴路-南屏路）,诸暨市,60,46,2025-03-03 14:31:14
1019Q6UK2GUCAV5,市民公园地下停车场,诸暨市,227,124,2025-03-03 14:31:14
1012312288YR7CTTSNVNL,苎萝东路（环城东路-东兴路）,诸暨市,86,72,2025-03-03 14:31:14
1012401199375YC6OSJ5T,东三路（东二环路-东旺路）,诸暨市,121,76,2025-03-03 14:31:14
1012312288YR7YF7Z1HXD,高湖路（望江二路-望江一路）,诸暨市,18,5,2025-03-03 14:31:14
1012312288YR8VUSTQYV5,东旺路182弄(康华大厦-东旺路),诸暨市,19,2,2025-03-03 14:31:14
1019S5R3X1SOHS1,一百淘宝城停车场,诸暨市,105,40,2025-03-03 14:31:14
1012312288YR85VK6CYKH,和济路（东祥路-东旺路）,诸暨市,90,13,2025-03-03 14:31:14
1012312288YR7K67XR8CH,望江一路（浣东北路-江东路）,诸暨市,14,8,2025-03-03 14:31:14
1012312288YR9PO5N0TFL,苎萝东路（环城东路-东旺路）,诸暨市,54,39,2025-03-03 14:31:14
1012312288YR5RTTNITC1,艮塔东路（江东路-高湖路）,诸暨市,39,17,2025-03-03 14:31:14
1012312288YR825E2P88X,苎萝东路（东二环路-东福路),诸暨市,115,92,2025-03-03 14:31:14
10124013095GY8GDKUBY9,艮塔东路（高湖路-暨东路）,诸暨市,16,13,2025-03-03 14:31:14
1012312288YR79Z86T0XT,暨东路70弄（东一路-东旺路218弄）,诸暨市,32,5,2025-03-03 14:31:14
1012312288YR9VX35V2M9,苎萝东路（环城东路-东祥路）,诸暨市,17,3,2025-03-03 14:31:14
1012312288YR7N8PO2AYP,东一路68弄（东二路-东一路）,诸暨市,46,12,2025-03-03 14:31:14
1012312288YR5F42HE329,红旗路（人民中路-浣纱中路）,诸暨市,16,1,2025-03-03 14:31:14
1012312288YRBP13VO9A9,江东路（望江二路-望江三路）,诸暨市,13,12,2025-03-03 14:31:14
1012312298YXHTPH9LYPT,东二路123弄（东旺路188弄-东二路）,诸暨市,61,12,2025-03-03 14:31:14
1012312288YR5NVRFEV41,东安路(东二路-苎萝东路),诸暨市,6,5,2025-03-03 14:31:14
1012405049OQ8ZNVP3U2P,苎萝东路（东二环路-东旺路）1,诸暨市,29,20,2025-03-03 14:31:14
1012312288YR9HG704L4X,苎萝东路（东福路-东三环路）,诸暨市,107,107,2025-03-03 14:31:14
1012312288YR751NEO35T,东祥路（东二路-苎萝东路）,诸暨市,38,12,2025-03-03 14:31:14
1012312268YDHM7XGW3Y9,艮塔东路（滨江北路-江东路),诸暨市,33,27,2025-03-03 14:21:15
1012312288YR3EFRI1BSX,滨江南路（滨江支路-浣东中路）,诸暨市,64,41,2025-03-03 14:21:15
1012312288YR57VMEIUBL,大桥东路（大桥东路9号-江东路）,诸暨市,34,16,2025-03-03 14:21:15
1012312288YRAV3T06ARL,滨江中路（望江三路-望江二路）,诸暨市,30,26,2025-03-03 14:21:15
1012312288YR6C3V37475,体育路（体育路-大桥东路）,诸暨市,8,1,2025-03-03 14:21:15
1019B4Y82CZPJ41,诸暨浣东中路停车场,诸暨市,37,29,2025-03-03 14:21:15
1012312288YRBLMRYOUTD,江东路（望江一路-望江二路）,诸暨市,18,7,2025-03-03 14:21:15
1012312288YR68DOZJDVL,体育路（体育路二弄-红旗路）,诸暨市,12,1,2025-03-03 14:21:15
1012312288YR6EYGP1YWX,万风新世界（暨阳路-上庄路）,诸暨市,20,5,2025-03-03 14:21:15
1012312288YR5XYT44YKH,艮塔东路（苎萝东路-东二路）,诸暨市,142,113,2025-03-03 14:21:15
1012312288YR61OZ7SOW1,浣纱中路（南屏路-西施大街）,诸暨市,14,11,2025-03-03 14:21:15
1012312288YR5B22720W1,大桥东路（江东路-五角广场）,诸暨市,58,28,2025-03-03 14:21:15
1012312288YRC2EJF5N9D,望江三路（浣东北路-高湖路）,诸暨市,11,4,2025-03-03 14:21:15
10124013095HHCMD4CC1T,艮塔东路（交通银行）,诸暨市,35,29,2025-03-03 14:21:15
1012312288YRBI4HZHCE9,江东路（西施大街-大桥东路）,诸暨市,6,1,2025-03-03 14:21:15
1019N4FJ7J6DUYP,篮球场停车场,诸暨市,182,38,2025-03-03 14:21:15
1012312288YR5JPT2UOZL,东兴路（苎萝东路-东二路）,诸暨市,62,41,2025-03-03 14:21:15
1012312288YRBS7JO7FUP,望江二路（高湖路-江东路）,诸暨市,10,3,2025-03-03 14:21:15
1012312288YR3MBVY988X,东兴北路（江东路-福门路）,诸暨市,19,16,2025-03-03 14:21:15
1012312298YXIV34CFDVL,东一路82弄（东二路123弄-东二路）,诸暨市,6,2,2025-03-03 14:21:15
1012312288YR7V8S6IBCX,东一路88弄（东一路82弄-东一路）,诸暨市,27,2,2025-03-03 14:21:15
1012405079PB3TJY248W1,东三路（应山公园-东旺路）,诸暨市,44,44,2025-03-03 14:21:15
1019MAR69WRHHXD,西子公寓停车场,诸暨市,91,80,2025-03-03 14:21:15
1012312298YXIJSNZ82YP,东二路129弄（东一路88弄-东二路123弄）,诸暨市,10,10,2025-03-03 14:21:15
1012312288YRBA0HET81T,江东路（大桥东路-望江一路）,诸暨市,10,3,2025-03-03 14:21:15
1012312288YRB24CYLBLT,浣纱南路（苎萝路-南兴路）,诸暨市,19,10,2025-03-03 14:21:15
1019REU2R6D37Y9,城东公园地下停车场,诸暨市,601,340,2025-03-03 14:21:15
1012312288YR9LAB60FEP,苎萝东路（东兴路-东安路）,诸暨市,45,37,2025-03-03 14:21:15
1012312288YR9D2CJ4741,东二路（东祥路-环城东路）,诸暨市,25,7,2025-03-03 14:21:15
1012312288YR89HS7SKXT,东旺路（东旺路150弄-东二路）,诸暨市,18,9,2025-03-03 14:21:15
1019PRTQD59LIWX,永乐路停车场,诸暨市,91,55,2025-03-03 14:21:15
1012312288YR5UKH75K3L,艮塔东路（东二路-东一路),诸暨市,101,71,2025-03-03 14:21:15
1012312288YR9VX35V2M9,苎萝东路（环城东路-东祥路）,诸暨市,17,3,2025-03-03 14:21:14
1012312288YR9PO5N0TFL,苎萝东路（环城东路-东旺路）,诸暨市,54,38,2025-03-03 14:21:14
1012312298YXGS3Y2CBNL,东旺路188弄（东旺路-东二环路）,诸暨市,10,1,2025-03-03 14:21:14
1012312288YRBEU44Q1VL,滨江中路（艮塔东路-望江三路）,诸暨市,25,7,2025-03-03 14:21:14
10124012093FZKG7Y8M4H,永昌南路（东一路-东二路）,诸暨市,63,60,2025-03-03 14:21:14
1012312288YR9376YUBK1,东旺路（东旺路150弄-苎萝东路）,诸暨市,18,4,2025-03-03 14:21:14
1012405049OQ8ZNVP3U2P,苎萝东路（东二环路-东旺路）1,诸暨市,29,20,2025-03-03 14:21:14
1019Q6UK2GUCAV5,市民公园地下停车场,诸暨市,227,122,2025-03-03 14:21:14
1012312288YRAXUGJT1J5,浣纱北路（大桥路-艮塔路）,诸暨市,59,20,2025-03-03 14:21:14
1012312288YRAJXAP73SX,滨江中路（望江二路-大桥东路）,诸暨市,45,35,2025-03-03 14:21:14
1012312288YR9HG704L4X,苎萝东路（东福路-东三环路）,诸暨市,107,107,2025-03-03 14:21:14
1012312288YR8IX5J60OX,东旺路218弄（东旺路-融媒体中心）,诸暨市,29,2,2025-03-03 14:21:14
1012312288YRB62F6P9TT,浣纱南路（南兴路-南屏路）,诸暨市,60,45,2025-03-03 14:21:14
1012312288YR8VUSTQYV5,东旺路182弄(康华大厦-东旺路),诸暨市,19,1,2025-03-03 14:21:14
1012312288YR7YF7Z1HXD,高湖路（望江二路-望江一路）,诸暨市,18,7,2025-03-03 14:21:14
1019SEVYY7X0W75,十里牌停车场,诸暨市,69,69,2025-03-03 14:21:14
1012312288YR5RTTNITC1,艮塔东路（江东路-高湖路）,诸暨市,39,15,2025-03-03 14:21:14
1012312288YR7N8PO2AYP,东一路68弄（东二路-东一路）,诸暨市,46,13,2025-03-03 14:21:14
1019S5R3X1SOHS1,一百淘宝城停车场,诸暨市,105,40,2025-03-03 14:21:14
1012312288YR751NEO35T,东祥路（东二路-苎萝东路）,诸暨市,38,10,2025-03-03 14:21:14
1012312288YR7CTTSNVNL,苎萝东路（环城东路-东兴路）,诸暨市,86,73,2025-03-03 14:21:14
1012312288YR7K67XR8CH,望江一路（浣东北路-江东路）,诸暨市,14,9,2025-03-03 14:21:14
1012312268YD5WN09GPVL,八一横路（暨阳路-无名路）,诸暨市,46,22,2025-03-03 14:21:14
1012312288YR7HFKE4HKX,西施大街（浣纱中路-人民中路）,诸暨市,28,10,2025-03-03 14:21:14
1012312288YR8ZSV1UX35,东旺路150弄（东二环路-东旺路）,诸暨市,88,49,2025-03-03 14:21:14
10124013095GY8GDKUBY9,艮塔东路（高湖路-暨东路）,诸暨市,16,14,2025-03-03 14:21:14
1012312298YXHTPH9LYPT,东二路123弄（东旺路188弄-东二路）,诸暨市,61,13,2025-03-03 14:21:14
1012312288YRBZRTXR0G1,望江三路（高湖路-江东路）,诸暨市,15,11,2025-03-03 14:21:14
1012312288YR79Z86T0XT,暨东路70弄（东一路-东旺路218弄）,诸暨市,32,3,2025-03-03 14:21:14
10124013095H4QPBO8UF5,东兴路50弄,诸暨市,7,7,2025-03-03 14:21:14
1012312288YRBP13VO9A9,江东路（望江二路-望江三路）,诸暨市,13,12,2025-03-03 14:21:14
1012312288YR825E2P88X,苎萝东路（东二环路-东福路),诸暨市,115,98,2025-03-03 14:21:14
1012312288YR8GIC67LS1,东旺路218弄(东旺路206弄-融媒体中心）,诸暨市,22,1,2025-03-03 14:21:14
1012312288YR6IWIX5X4X,苎萝东路（东二环路-东旺路）,诸暨市,18,9,2025-03-03 14:21:14
1012401199375YC6OSJ5T,东三路（东二环路-东旺路）,诸暨市,121,69,2025-03-03 14:21:14
1012312288YRADOD6CUM9,南兴路（南庠路-人民南路）,诸暨市,25,25,2025-03-03 14:21:14
1012312288YR5NVRFEV41,东安路(东二路-苎萝东路),诸暨市,6,4,2025-03-03 14:21:14
1012312288YR85VK6CYKH,和济路（东祥路-东旺路）,诸暨市,90,12,2025-03-03 14:21:14
1019PDAS7RIP7GH,市民公园东北面停车场,诸暨市,27,5,2025-03-03 14:21:14
1012312288YR9ABOZHGCH,东二路（东旺路-东二环路）,诸暨市,47,34,2025-03-03 14:21:14
1012312288YR5F42HE329,红旗路（人民中路-浣纱中路）,诸暨市,16,1,2025-03-03 14:21:14
1012312288YR64NIVVNK1,浣纱中路（西施大街-大桥东路）,诸暨市,23,11,2025-03-03 14:21:14
1012312288YR5UKH75K3L,艮塔东路（东二路-东一路),诸暨市,101,68,2025-03-03 14:10:01
1012312288YR6C3V37475,体育路（体育路-大桥东路）,诸暨市,8,1,2025-03-03 14:10:01
1012312288YR7V8S6IBCX,东一路88弄（东一路82弄-东一路）,诸暨市,27,7,2025-03-03 14:10:01
1012312288YRBA0HET81T,江东路（大桥东路-望江一路）,诸暨市,10,3,2025-03-03 14:10:01
1012312288YR89HS7SKXT,东旺路（东旺路150弄-东二路）,诸暨市,18,10,2025-03-03 14:10:01
1019N4FJ7J6DUYP,篮球场停车场,诸暨市,182,38,2025-03-03 14:10:01
1019MAR69WRHHXD,西子公寓停车场,诸暨市,91,79,2025-03-03 14:10:01
1012312288YRBS7JO7FUP,望江二路（高湖路-江东路）,诸暨市,10,5,2025-03-03 14:10:01
1012312288YRAV3T06ARL,滨江中路（望江三路-望江二路）,诸暨市,30,25,2025-03-03 14:10:01
1019PRTQD59LIWX,永乐路停车场,诸暨市,91,55,2025-03-03 14:10:01
1012312288YR9D2CJ4741,东二路（东祥路-环城东路）,诸暨市,25,6,2025-03-03 14:10:01
1012312288YR5XYT44YKH,艮塔东路（苎萝东路-东二路）,诸暨市,142,115,2025-03-03 14:10:01
1012312268YDHM7XGW3Y9,艮塔东路（滨江北路-江东路),诸暨市,33,26,2025-03-03 14:10:01
1012312288YRBI4HZHCE9,江东路（西施大街-大桥东路）,诸暨市,6,1,2025-03-03 14:10:01
1012312288YR3EFRI1BSX,滨江南路（滨江支路-浣东中路）,诸暨市,64,42,2025-03-03 14:10:01
1012312288YR9LAB60FEP,苎萝东路（东兴路-东安路）,诸暨市,45,38,2025-03-03 14:10:01
1012312288YRB24CYLBLT,浣纱南路（苎萝路-南兴路）,诸暨市,19,11,2025-03-03 14:10:01
1019B4Y82CZPJ41,诸暨浣东中路停车场,诸暨市,37,29,2025-03-03 14:10:01
1019REU2R6D37Y9,城东公园地下停车场,诸暨市,601,340,2025-03-03 14:10:01
1012312288YR5JPT2UOZL,东兴路（苎萝东路-东二路）,诸暨市,62,43,2025-03-03 14:10:01
1012312288YR61OZ7SOW1,浣纱中路（南屏路-西施大街）,诸暨市,14,11,2025-03-03 14:10:01
1012405079PB3TJY248W1,东三路（应山公园-东旺路）,诸暨市,44,43,2025-03-03 14:10:01
1012312288YR6EYGP1YWX,万风新世界（暨阳路-上庄路）,诸暨市,20,4,2025-03-03 14:10:01
1012312288YR3MBVY988X,东兴北路（江东路-福门路）,诸暨市,19,15,2025-03-03 14:10:01
1012312298YXIV34CFDVL,东一路82弄（东二路123弄-东二路）,诸暨市,6,2,2025-03-03 14:10:01
1012312298YXIJSNZ82YP,东二路129弄（东一路88弄-东二路123弄）,诸暨市,10,10,2025-03-03 14:10:01
1012312288YRC2EJF5N9D,望江三路（浣东北路-高湖路）,诸暨市,11,5,2025-03-03 14:10:01
1012312288YR68DOZJDVL,体育路（体育路二弄-红旗路）,诸暨市,12,1,2025-03-03 14:10:01
1012312288YRBLMRYOUTD,江东路（望江一路-望江二路）,诸暨市,18,8,2025-03-03 14:10:01
1019SEVYY7X0W75,十里牌停车场,诸暨市,69,65,2025-03-03 14:10:00
1012401199375YC6OSJ5T,东三路（东二环路-东旺路）,诸暨市,121,68,2025-03-03 14:10:00
1012312288YR751NEO35T,东祥路（东二路-苎萝东路）,诸暨市,38,7,2025-03-03 14:10:00
1012312288YR64NIVVNK1,浣纱中路（西施大街-大桥东路）,诸暨市,23,11,2025-03-03 14:10:00
1012312288YR8IX5J60OX,东旺路218弄（东旺路-融媒体中心）,诸暨市,29,1,2025-03-03 14:10:00
1012312288YRBEU44Q1VL,滨江中路（艮塔东路-望江三路）,诸暨市,25,7,2025-03-03 14:10:00
1012312298YXGS3Y2CBNL,东旺路188弄（东旺路-东二环路）,诸暨市,10,2,2025-03-03 14:10:00
1012405049OQ8ZNVP3U2P,苎萝东路（东二环路-东旺路）1,诸暨市,29,20,2025-03-03 14:10:00
1012312288YRBZRTXR0G1,望江三路（高湖路-江东路）,诸暨市,15,7,2025-03-03 14:10:00
1012312288YR5NVRFEV41,东安路(东二路-苎萝东路),诸暨市,6,4,2025-03-03 14:10:00
1012312288YR85VK6CYKH,和济路（东祥路-东旺路）,诸暨市,90,14,2025-03-03 14:10:00
1012312288YR7K67XR8CH,望江一路（浣东北路-江东路）,诸暨市,14,9,2025-03-03 14:10:00
1012312288YR57VMEIUBL,大桥东路（大桥东路9号-江东路）,诸暨市,34,15,2025-03-03 14:10:00
10124013095GY8GDKUBY9,艮塔东路（高湖路-暨东路）,诸暨市,16,14,2025-03-03 14:10:00
1012312288YR8GIC67LS1,东旺路218弄(东旺路206弄-融媒体中心）,诸暨市,22,2,2025-03-03 14:10:00
1012312288YR5B22720W1,大桥东路（江东路-五角广场）,诸暨市,58,26,2025-03-03 14:10:00
1012312268YD5WN09GPVL,八一横路（暨阳路-无名路）,诸暨市,46,21,2025-03-03 14:10:00
1019Q6UK2GUCAV5,市民公园地下停车场,诸暨市,227,124,2025-03-03 14:10:00
10124013095H4QPBO8UF5,东兴路50弄,诸暨市,7,7,2025-03-03 14:10:00
10124012093FZKG7Y8M4H,永昌南路（东一路-东二路）,诸暨市,63,58,2025-03-03 14:10:00
1012312288YRB62F6P9TT,浣纱南路（南兴路-南屏路）,诸暨市,60,46,2025-03-03 14:10:00
1012312288YR7N8PO2AYP,东一路68弄（东二路-东一路）,诸暨市,46,12,2025-03-03 14:10:00
1012312288YR9VX35V2M9,苎萝东路（环城东路-东祥路）,诸暨市,17,3,2025-03-03 14:10:00
1012312288YR8ZSV1UX35,东旺路150弄（东二环路-东旺路）,诸暨市,88,49,2025-03-03 14:10:00
1012312288YR7YF7Z1HXD,高湖路（望江二路-望江一路）,诸暨市,18,9,2025-03-03 14:10:00
1012312288YR7CTTSNVNL,苎萝东路（环城东路-东兴路）,诸暨市,86,72,2025-03-03 14:10:00
1012312288YRADOD6CUM9,南兴路（南庠路-人民南路）,诸暨市,25,25,2025-03-03 14:10:00
1012312288YR6IWIX5X4X,苎萝东路（东二环路-东旺路）,诸暨市,18,8,2025-03-03 14:10:00
1012312288YR8VUSTQYV5,东旺路182弄(康华大厦-东旺路),诸暨市,19,1,2025-03-03 14:10:00
1019PDAS7RIP7GH,市民公园东北面停车场,诸暨市,27,6,2025-03-03 14:10:00
1012312298YXHTPH9LYPT,东二路123弄（东旺路188弄-东二路）,诸暨市,61,12,2025-03-03 14:10:00
1012312288YRBP13VO9A9,江东路（望江二路-望江三路）,诸暨市,13,11,2025-03-03 14:10:00
1012312288YR9376YUBK1,东旺路（东旺路150弄-苎萝东路）,诸暨市,18,4,2025-03-03 14:10:00
1012312288YR9PO5N0TFL,苎萝东路（环城东路-东旺路）,诸暨市,54,35,2025-03-03 14:10:00
1012312288YR5RTTNITC1,艮塔东路（江东路-高湖路）,诸暨市,39,18,2025-03-03 14:10:00
1012312288YR79Z86T0XT,暨东路70弄（东一路-东旺路218弄）,诸暨市,32,4,2025-03-03 14:10:00
1012312288YR5F42HE329,红旗路（人民中路-浣纱中路）,诸暨市,16,1,2025-03-03 14:10:00
1012312288YRC518WKA2P,望江三路（江东路-滨江中路）,诸暨市,5,1,2025-03-03 14:10:00
1012312288YR9HG704L4X,苎萝东路（东福路-东三环路）,诸暨市,107,107,2025-03-03 14:10:00
1012312288YR53DTVACCH,滨江南路（西施大街-滨江支路）,诸暨市,33,2,2025-03-03 14:10:00
10124013095HHCMD4CC1T,艮塔东路（交通银行）,诸暨市,35,30,2025-03-03 14:10:00
1012312288YRAJXAP73SX,滨江中路（望江二路-大桥东路）,诸暨市,45,32,2025-03-03 14:10:00
1012312288YRAXUGJT1J5,浣纱北路（大桥路-艮塔路）,诸暨市,59,23,2025-03-03 14:10:00
1019S5R3X1SOHS1,一百淘宝城停车场,诸暨市,105,40,2025-03-03 14:10:00
1012312288YR825E2P88X,苎萝东路（东二环路-东福路),诸暨市,115,91,2025-03-03 14:10:00
1012312288YR7HFKE4HKX,西施大街（浣纱中路-人民中路）,诸暨市,28,10,2025-03-03 14:10:00
1012312288YR9ABOZHGCH,东二路（东旺路-东二环路）,诸暨市,47,35,2025-03-03 14:10:00
1012312288YRBS7JO7FUP,望江二路（高湖路-江东路）,诸暨市,10,5,2025-03-03 14:01:19
1012312288YR5JPT2UOZL,东兴路（苎萝东路-东二路）,诸暨市,62,40,2025-03-03 14:01:19
1012312288YRBA0HET81T,江东路（大桥东路-望江一路）,诸暨市,10,3,2025-03-03 14:01:19
1012312298YXIJSNZ82YP,东二路129弄（东一路88弄-东二路123弄）,诸暨市,10,10,2025-03-03 14:01:19
1012312288YR5XYT44YKH,艮塔东路（苎萝东路-东二路）,诸暨市,142,122,2025-03-03 14:01:19
1012312288YR3MBVY988X,东兴北路（江东路-福门路）,诸暨市,19,15,2025-03-03 14:01:19
1019N4FJ7J6DUYP,篮球场停车场,诸暨市,182,37,2025-03-03 14:01:19
1019REU2R6D37Y9,城东公园地下停车场,诸暨市,601,339,2025-03-03 14:01:19
1012312288YR3IHRSDDZ5,滨江南路（大桥东路-西施大街）,诸暨市,13,4,2025-03-03 14:01:19
1012312288YR3EFRI1BSX,滨江南路（滨江支路-浣东中路）,诸暨市,64,39,2025-03-03 14:01:19
1012312288YRB24CYLBLT,浣纱南路（苎萝路-南兴路）,诸暨市,19,13,2025-03-03 14:01:19
1012312288YR61OZ7SOW1,浣纱中路（南屏路-西施大街）,诸暨市,14,7,2025-03-03 14:01:18
1012312288YRAV3T06ARL,滨江中路（望江三路-望江二路）,诸暨市,30,25,2025-03-03 14:01:18
1019PDAS7RIP7GH,市民公园东北面停车场,诸暨市,27,6,2025-03-03 14:01:18
1012312288YR7V8S6IBCX,东一路88弄（东一路82弄-东一路）,诸暨市,27,6,2025-03-03 14:01:18
1019PRTQD59LIWX,永乐路停车场,诸暨市,91,55,2025-03-03 14:01:18
1012312288YR89HS7SKXT,东旺路（东旺路150弄-东二路）,诸暨市,18,6,2025-03-03 14:01:18
1012312298YXIV34CFDVL,东一路82弄（东二路123弄-东二路）,诸暨市,6,3,2025-03-03 14:01:18
1012312288YRC2EJF5N9D,望江三路（浣东北路-高湖路）,诸暨市,11,5,2025-03-03 14:01:18
1012312288YRBLMRYOUTD,江东路（望江一路-望江二路）,诸暨市,18,9,2025-03-03 14:01:18
1012312288YR9D2CJ4741,东二路（东祥路-环城东路）,诸暨市,25,7,2025-03-03 14:01:18
1012312288YR9376YUBK1,东旺路（东旺路150弄-苎萝东路）,诸暨市,18,4,2025-03-03 14:01:18
1012312288YRAJXAP73SX,滨江中路（望江二路-大桥东路）,诸暨市,45,31,2025-03-03 14:01:18
1012312288YR8ZSV1UX35,东旺路150弄（东二环路-东旺路）,诸暨市,88,52,2025-03-03 14:01:18
1012312268YDHM7XGW3Y9,艮塔东路（滨江北路-江东路),诸暨市,33,27,2025-03-03 14:01:18
1012312288YR6EYGP1YWX,万风新世界（暨阳路-上庄路）,诸暨市,20,3,2025-03-03 14:01:18
10124013095H4QPBO8UF5,东兴路50弄,诸暨市,7,7,2025-03-03 14:01:18
1012312288YR68DOZJDVL,体育路（体育路二弄-红旗路）,诸暨市,12,1,2025-03-03 14:01:18
1012312288YR57VMEIUBL,大桥东路（大桥东路9号-江东路）,诸暨市,34,16,2025-03-03 14:01:18
1012312288YR6C3V37475,体育路（体育路-大桥东路）,诸暨市,8,1,2025-03-03 14:01:18
1012312288YR5UKH75K3L,艮塔东路（东二路-东一路),诸暨市,101,74,2025-03-03 14:01:18
1019SEVYY7X0W75,十里牌停车场,诸暨市,69,68,2025-03-03 14:01:18
1012312288YR7HFKE4HKX,西施大街（浣纱中路-人民中路）,诸暨市,28,10,2025-03-03 14:01:18
1012405079PB3TJY248W1,东三路（应山公园-东旺路）,诸暨市,44,43,2025-03-03 14:01:18
1012312288YRBZRTXR0G1,望江三路（高湖路-江东路）,诸暨市,15,10,2025-03-03 14:01:18
1012312288YR9ABOZHGCH,东二路（东旺路-东二环路）,诸暨市,47,35,2025-03-03 14:01:18
1019B4Y82CZPJ41,诸暨浣东中路停车场,诸暨市,37,29,2025-03-03 14:01:18
1019MAR69WRHHXD,西子公寓停车场,诸暨市,91,80,2025-03-03 14:01:18
1012312288YR8GIC67LS1,东旺路218弄(东旺路206弄-融媒体中心）,诸暨市,22,1,2025-03-03 14:01:18
1012312288YR9LAB60FEP,苎萝东路（东兴路-东安路）,诸暨市,45,38,2025-03-03 14:01:18
10124013095HHCMD4CC1T,艮塔东路（交通银行）,诸暨市,35,31,2025-03-03 14:01:18
1012312288YR5B22720W1,大桥东路（江东路-五角广场）,诸暨市,58,28,2025-03-03 14:01:18
1012312288YR5RTTNITC1,艮塔东路（江东路-高湖路）,诸暨市,39,17,2025-03-03 14:01:17
1012312288YR64NIVVNK1,浣纱中路（西施大街-大桥东路）,诸暨市,23,12,2025-03-03 14:01:17
1012312288YR7CTTSNVNL,苎萝东路（环城东路-东兴路）,诸暨市,86,71,2025-03-03 14:01:17
1012312288YR5NVRFEV41,东安路(东二路-苎萝东路),诸暨市,6,4,2025-03-03 14:01:17
1012312288YR751NEO35T,东祥路（东二路-苎萝东路）,诸暨市,38,7,2025-03-03 14:01:17
1012312288YR9VX35V2M9,苎萝东路（环城东路-东祥路）,诸暨市,17,3,2025-03-03 14:01:17
1012312288YR8IX5J60OX,东旺路218弄（东旺路-融媒体中心）,诸暨市,29,3,2025-03-03 14:01:17
1012312288YR7YF7Z1HXD,高湖路（望江二路-望江一路）,诸暨市,18,9,2025-03-03 14:01:17
1012312288YR7K67XR8CH,望江一路（浣东北路-江东路）,诸暨市,14,9,2025-03-03 14:01:17
1012312298YXHTPH9LYPT,东二路123弄（东旺路188弄-东二路）,诸暨市,61,14,2025-03-03 14:01:17
1012312288YRBEU44Q1VL,滨江中路（艮塔东路-望江三路）,诸暨市,25,8,2025-03-03 14:01:17
1012401199375YC6OSJ5T,东三路（东二环路-东旺路）,诸暨市,121,71,2025-03-03 14:01:17
1012312288YR79Z86T0XT,暨东路70弄（东一路-东旺路218弄）,诸暨市,32,3,2025-03-03 14:01:17
1012312288YR6IWIX5X4X,苎萝东路（东二环路-东旺路）,诸暨市,18,4,2025-03-03 14:01:17
10124012093FZKG7Y8M4H,永昌南路（东一路-东二路）,诸暨市,63,56,2025-03-03 14:01:17
1012312288YR5F42HE329,红旗路（人民中路-浣纱中路）,诸暨市,16,1,2025-03-03 14:01:17
10124013095GY8GDKUBY9,艮塔东路（高湖路-暨东路）,诸暨市,16,12,2025-03-03 14:01:17
1019Q6UK2GUCAV5,市民公园地下停车场,诸暨市,227,124,2025-03-03 14:01:17
1012405049OQ8ZNVP3U2P,苎萝东路（东二环路-东旺路）1,诸暨市,29,21,2025-03-03 14:01:17
1012312288YR7N8PO2AYP,东一路68弄（东二路-东一路）,诸暨市,46,12,2025-03-03 14:01:17
1012312268YD5WN09GPVL,八一横路（暨阳路-无名路）,诸暨市,46,23,2025-03-03 14:01:17
1012312288YRBP13VO9A9,江东路（望江二路-望江三路）,诸暨市,13,11,2025-03-03 14:01:17
1012312298YXGS3Y2CBNL,东旺路188弄（东旺路-东二环路）,诸暨市,10,3,2025-03-03 14:01:17
1012312288YRB62F6P9TT,浣纱南路（南兴路-南屏路）,诸暨市,60,43,2025-03-03 14:01:17
1012312288YRAXUGJT1J5,浣纱北路（大桥路-艮塔路）,诸暨市,59,24,2025-03-03 14:01:17
1012312288YRADOD6CUM9,南兴路（南庠路-人民南路）,诸暨市,25,25,2025-03-03 14:01:17
1019S5R3X1SOHS1,一百淘宝城停车场,诸暨市,105,40,2025-03-03 14:01:17
1012312288YR9PO5N0TFL,苎萝东路（环城东路-东旺路）,诸暨市,54,38,2025-03-03 14:01:17
1012312288YR9HG704L4X,苎萝东路（东福路-东三环路）,诸暨市,107,107,2025-03-03 14:01:17
1012312288YR8VUSTQYV5,东旺路182弄(康华大厦-东旺路),诸暨市,19,2,2025-03-03 14:01:17
1012312288YR53DTVACCH,滨江南路（西施大街-滨江支路）,诸暨市,33,1,2025-03-03 14:01:17
1012312288YR85VK6CYKH,和济路（东祥路-东旺路）,诸暨市,90,15,2025-03-03 14:01:17
1012312288YR825E2P88X,苎萝东路（东二环路-东福路),诸暨市,115,96,2025-03-03 14:01:17
1012312288YRBA0HET81T,江东路（大桥东路-望江一路）,诸暨市,10,4,2025-03-03 13:51:15
1019REU2R6D37Y9,城东公园地下停车场,诸暨市,601,340,2025-03-03 13:51:15
1012312288YR3EFRI1BSX,滨江南路（滨江支路-浣东中路）,诸暨市,64,41,2025-03-03 13:51:15
1012312298YXIJSNZ82YP,东二路129弄（东一路88弄-东二路123弄）,诸暨市,10,10,2025-03-03 13:51:15
1012312288YR5JPT2UOZL,东兴路（苎萝东路-东二路）,诸暨市,62,39,2025-03-03 13:51:15
1019N4FJ7J6DUYP,篮球场停车场,诸暨市,182,38,2025-03-03 13:51:15
1012312268YD5WN09GPVL,八一横路（暨阳路-无名路）,诸暨市,46,22,2025-03-03 13:51:14
1012312288YR7HFKE4HKX,西施大街（浣纱中路-人民中路）,诸暨市,28,8,2025-03-03 13:51:14
1012312288YR9LAB60FEP,苎萝东路（东兴路-东安路）,诸暨市,45,38,2025-03-03 13:51:14
1012312288YR3IHRSDDZ5,滨江南路（大桥东路-西施大街）,诸暨市,13,4,2025-03-03 13:51:14
1012312288YRAXUGJT1J5,浣纱北路（大桥路-艮塔路）,诸暨市,59,29,2025-03-03 13:51:14
1012312288YR89HS7SKXT,东旺路（东旺路150弄-东二路）,诸暨市,18,10,2025-03-03 13:51:14
1012312288YR9ABOZHGCH,东二路（东旺路-东二环路）,诸暨市,47,35,2025-03-03 13:51:14
1012312288YRBZRTXR0G1,望江三路（高湖路-江东路）,诸暨市,15,11,2025-03-03 13:51:14
1012312288YR68DOZJDVL,体育路（体育路二弄-红旗路）,诸暨市,12,6,2025-03-03 13:51:14
1012312288YR5XYT44YKH,艮塔东路（苎萝东路-东二路）,诸暨市,142,121,2025-03-03 13:51:14
1012312288YR6EYGP1YWX,万风新世界（暨阳路-上庄路）,诸暨市,20,5,2025-03-03 13:51:14
10124013095H4QPBO8UF5,东兴路50弄,诸暨市,7,7,2025-03-03 13:51:14
1012312288YRBLMRYOUTD,江东路（望江一路-望江二路）,诸暨市,18,10,2025-03-03 13:51:14
1012312288YR5B22720W1,大桥东路（江东路-五角广场）,诸暨市,58,30,2025-03-03 13:51:14
1012312288YR8IX5J60OX,东旺路218弄（东旺路-融媒体中心）,诸暨市,29,7,2025-03-03 13:51:14
1012312288YR6IWIX5X4X,苎萝东路（东二环路-东旺路）,诸暨市,18,5,2025-03-03 13:51:14
1012312268YDHM7XGW3Y9,艮塔东路（滨江北路-江东路),诸暨市,33,26,2025-03-03 13:51:14
1012312288YR6C3V37475,体育路（体育路-大桥东路）,诸暨市,8,1,2025-03-03 13:51:14
1012312288YR8ZSV1UX35,东旺路150弄（东二环路-东旺路）,诸暨市,88,52,2025-03-03 13:51:14
1012312288YRC2EJF5N9D,望江三路（浣东北路-高湖路）,诸暨市,11,7,2025-03-03 13:51:14
1012312288YRADOD6CUM9,南兴路（南庠路-人民南路）,诸暨市,25,25,2025-03-03 13:51:14
1012405079PB3TJY248W1,东三路（应山公园-东旺路）,诸暨市,44,43,2025-03-03 13:51:14
1012312288YRAV3T06ARL,滨江中路（望江三路-望江二路）,诸暨市,30,24,2025-03-03 13:51:14
1012312298YXGS3Y2CBNL,东旺路188弄（东旺路-东二环路）,诸暨市,10,3,2025-03-03 13:51:14
1012312288YR8GIC67LS1,东旺路218弄(东旺路206弄-融媒体中心）,诸暨市,22,3,2025-03-03 13:51:14
1019SEVYY7X0W75,十里牌停车场,诸暨市,69,69,2025-03-03 13:51:14
1019PDAS7RIP7GH,市民公园东北面停车场,诸暨市,27,6,2025-03-03 13:51:14
1019B4Y82CZPJ41,诸暨浣东中路停车场,诸暨市,37,30,2025-03-03 13:51:14
1012312288YR3MBVY988X,东兴北路（江东路-福门路）,诸暨市,19,15,2025-03-03 13:51:14
1012312288YR5UKH75K3L,艮塔东路（东二路-东一路),诸暨市,101,72,2025-03-03 13:51:14
1012312288YR57VMEIUBL,大桥东路（大桥东路9号-江东路）,诸暨市,34,14,2025-03-03 13:51:14
1012312288YR7V8S6IBCX,东一路88弄（东一路82弄-东一路）,诸暨市,27,4,2025-03-03 13:51:14
1012312288YR53DTVACCH,滨江南路（西施大街-滨江支路）,诸暨市,33,3,2025-03-03 13:51:14
1012312288YR9D2CJ4741,东二路（东祥路-环城东路）,诸暨市,25,8,2025-03-03 13:51:14
1012312288YR9376YUBK1,东旺路（东旺路150弄-苎萝东路）,诸暨市,18,3,2025-03-03 13:51:14
1019PRTQD59LIWX,永乐路停车场,诸暨市,91,55,2025-03-03 13:51:14
1019MAR69WRHHXD,西子公寓停车场,诸暨市,91,79,2025-03-03 13:51:14
1012312288YRBS7JO7FUP,望江二路（高湖路-江东路）,诸暨市,10,5,2025-03-03 13:51:14
1012312288YR61OZ7SOW1,浣纱中路（南屏路-西施大街）,诸暨市,14,8,2025-03-03 13:51:14
1012312288YRAJXAP73SX,滨江中路（望江二路-大桥东路）,诸暨市,45,31,2025-03-03 13:51:14
1012312288YRBWX8BW5Q9,望江二路（浣东北路-高湖路）,诸暨市,5,1,2025-03-03 13:51:14
10124013095HHCMD4CC1T,艮塔东路（交通银行）,诸暨市,35,29,2025-03-03 13:51:14
1012312288YRB24CYLBLT,浣纱南路（苎萝路-南兴路）,诸暨市,19,15,2025-03-03 13:51:14
1012312288YRBI4HZHCE9,江东路（西施大街-大桥东路）,诸暨市,6,1,2025-03-03 13:51:14
1012312288YRBEU44Q1VL,滨江中路（艮塔东路-望江三路）,诸暨市,25,9,2025-03-03 13:51:14
1012312298YXIV34CFDVL,东一路82弄（东二路123弄-东二路）,诸暨市,6,4,2025-03-03 13:51:14
1012312288YR5NVRFEV41,东安路(东二路-苎萝东路),诸暨市,6,5,2025-03-03 13:51:13
1012405049OQ8ZNVP3U2P,苎萝东路（东二环路-东旺路）1,诸暨市,29,21,2025-03-03 13:51:13
1012401199375YC6OSJ5T,东三路（东二环路-东旺路）,诸暨市,121,78,2025-03-03 13:51:13
1012312288YR7YF7Z1HXD,高湖路（望江二路-望江一路）,诸暨市,18,7,2025-03-03 13:51:13
1019S5R3X1SOHS1,一百淘宝城停车场,诸暨市,105,40,2025-03-03 13:51:13
1012312288YR7N8PO2AYP,东一路68弄（东二路-东一路）,诸暨市,46,13,2025-03-03 13:51:13
1012312288YR8VUSTQYV5,东旺路182弄(康华大厦-东旺路),诸暨市,19,1,2025-03-03 13:51:13
1012312288YRBP13VO9A9,江东路（望江二路-望江三路）,诸暨市,13,11,2025-03-03 13:51:13
1012312288YR751NEO35T,东祥路（东二路-苎萝东路）,诸暨市,38,9,2025-03-03 13:51:13
1012312288YR9VX35V2M9,苎萝东路（环城东路-东祥路）,诸暨市,17,2,2025-03-03 13:51:13
10124012093FZKG7Y8M4H,永昌南路（东一路-东二路）,诸暨市,63,58,2025-03-03 13:51:13
1012312288YR64NIVVNK1,浣纱中路（西施大街-大桥东路）,诸暨市,23,10,2025-03-03 13:51:13
1012312288YR7CTTSNVNL,苎萝东路（环城东路-东兴路）,诸暨市,86,67,2025-03-03 13:51:13
1012312288YR79Z86T0XT,暨东路70弄（东一路-东旺路218弄）,诸暨市,32,7,2025-03-03 13:51:13
1012312288YR825E2P88X,苎萝东路（东二环路-东福路),诸暨市,115,95,2025-03-03 13:51:13
10124013095GY8GDKUBY9,艮塔东路（高湖路-暨东路）,诸暨市,16,14,2025-03-03 13:51:13
1012312288YR9HG704L4X,苎萝东路（东福路-东三环路）,诸暨市,107,107,2025-03-03 13:51:13
1012312288YR85VK6CYKH,和济路（东祥路-东旺路）,诸暨市,90,19,2025-03-03 13:51:13
1012312288YRC518WKA2P,望江三路（江东路-滨江中路）,诸暨市,5,1,2025-03-03 13:51:13
1012312288YR7K67XR8CH,望江一路（浣东北路-江东路）,诸暨市,14,7,2025-03-03 13:51:13
1012312288YR9PO5N0TFL,苎萝东路（环城东路-东旺路）,诸暨市,54,36,2025-03-03 13:51:13
1012312288YRB62F6P9TT,浣纱南路（南兴路-南屏路）,诸暨市,60,42,2025-03-03 13:51:13
1012312298YXHTPH9LYPT,东二路123弄（东旺路188弄-东二路）,诸暨市,61,12,2025-03-03 13:51:13
1019Q6UK2GUCAV5,市民公园地下停车场,诸暨市,227,124,2025-03-03 13:51:13
1012312288YR5RTTNITC1,艮塔东路（江东路-高湖路）,诸暨市,39,18,2025-03-03 13:51:13
1012312288YR5F42HE329,红旗路（人民中路-浣纱中路）,诸暨市,16,4,2025-03-03 13:51:13
1012312288YR9D2CJ4741,东二路（东祥路-环城东路）,诸暨市,25,9,2025-03-03 13:40:01
1012312288YR68DOZJDVL,体育路（体育路二弄-红旗路）,诸暨市,12,8,2025-03-03 13:40:01
1012312288YR3IHRSDDZ5,滨江南路（大桥东路-西施大街）,诸暨市,13,3,2025-03-03 13:40:01
1019N4FJ7J6DUYP,篮球场停车场,诸暨市,182,38,2025-03-03 13:40:01
1012312288YRB24CYLBLT,浣纱南路（苎萝路-南兴路）,诸暨市,19,17,2025-03-03 13:40:01
1012312288YR61OZ7SOW1,浣纱中路（南屏路-西施大街）,诸暨市,14,10,2025-03-03 13:40:01
1012312288YR3MBVY988X,东兴北路（江东路-福门路）,诸暨市,19,14,2025-03-03 13:40:01
1019B4Y82CZPJ41,诸暨浣东中路停车场,诸暨市,37,30,2025-03-03 13:40:01
1019MAR69WRHHXD,西子公寓停车场,诸暨市,91,79,2025-03-03 13:40:01
1012312288YRBS7JO7FUP,望江二路（高湖路-江东路）,诸暨市,10,5,2025-03-03 13:40:01
1012312288YRBA0HET81T,江东路（大桥东路-望江一路）,诸暨市,10,2,2025-03-03 13:40:01
1012312288YR3EFRI1BSX,滨江南路（滨江支路-浣东中路）,诸暨市,64,40,2025-03-03 13:40:01
1012312288YR7V8S6IBCX,东一路88弄（东一路82弄-东一路）,诸暨市,27,5,2025-03-03 13:40:01
1019REU2R6D37Y9,城东公园地下停车场,诸暨市,601,340,2025-03-03 13:40:01
1012405079PB3TJY248W1,东三路（应山公园-东旺路）,诸暨市,44,42,2025-03-03 13:40:01
1012312288YR5JPT2UOZL,东兴路（苎萝东路-东二路）,诸暨市,62,34,2025-03-03 13:40:01
1019PRTQD59LIWX,永乐路停车场,诸暨市,91,55,2025-03-03 13:40:01
1012312298YXIJSNZ82YP,东二路129弄（东一路88弄-东二路123弄）,诸暨市,10,10,2025-03-03 13:40:01
1012312288YR6SFUARGU9,东祥路19弄（东祥路-环城东路）,诸暨市,12,1,2025-03-03 13:40:01
1012312288YR89HS7SKXT,东旺路（东旺路150弄-东二路）,诸暨市,18,10,2025-03-03 13:40:01
1012312288YR9LAB60FEP,苎萝东路（东兴路-东安路）,诸暨市,45,38,2025-03-03 13:40:01
1012312288YRBI4HZHCE9,江东路（西施大街-大桥东路）,诸暨市,6,1,2025-03-03 13:40:01
1012312288YRC2EJF5N9D,望江三路（浣东北路-高湖路）,诸暨市,11,7,2025-03-03 13:40:01
1012312288YRBLMRYOUTD,江东路（望江一路-望江二路）,诸暨市,18,9,2025-03-03 13:40:01
1012312298YXIV34CFDVL,东一路82弄（东二路123弄-东二路）,诸暨市,6,5,2025-03-03 13:40:01
1012312288YR5UKH75K3L,艮塔东路（东二路-东一路),诸暨市,101,76,2025-03-03 13:40:01
1012312288YR6EYGP1YWX,万风新世界（暨阳路-上庄路）,诸暨市,20,3,2025-03-03 13:40:01
1012312288YR5XYT44YKH,艮塔东路（苎萝东路-东二路）,诸暨市,142,125,2025-03-03 13:40:01
10124013095GY8GDKUBY9,艮塔东路（高湖路-暨东路）,诸暨市,16,12,2025-03-03 13:40:00
1012312288YR6IWIX5X4X,苎萝东路（东二环路-东旺路）,诸暨市,18,5,2025-03-03 13:40:00
1012312298YXHTPH9LYPT,东二路123弄（东旺路188弄-东二路）,诸暨市,61,13,2025-03-03 13:40:00
1019S5R3X1SOHS1,一百淘宝城停车场,诸暨市,105,40,2025-03-03 13:40:00
1012312288YRBEU44Q1VL,滨江中路（艮塔东路-望江三路）,诸暨市,25,10,2025-03-03 13:40:00
1012312288YR64NIVVNK1,浣纱中路（西施大街-大桥东路）,诸暨市,23,9,2025-03-03 13:40:00
1012312288YR7HFKE4HKX,西施大街（浣纱中路-人民中路）,诸暨市,28,11,2025-03-03 13:40:00
1012312298YXGS3Y2CBNL,东旺路188弄（东旺路-东二环路）,诸暨市,10,6,2025-03-03 13:40:00
10124013095H4QPBO8UF5,东兴路50弄,诸暨市,7,7,2025-03-03 13:40:00
1012312288YR5NVRFEV41,东安路(东二路-苎萝东路),诸暨市,6,4,2025-03-03 13:40:00
1012312288YRBP13VO9A9,江东路（望江二路-望江三路）,诸暨市,13,11,2025-03-03 13:40:00
1012312288YRB62F6P9TT,浣纱南路（南兴路-南屏路）,诸暨市,60,39,2025-03-03 13:40:00
1012405049OQ8ZNVP3U2P,苎萝东路（东二环路-东旺路）1,诸暨市,29,21,2025-03-03 13:40:00
1012312288YRADOD6CUM9,南兴路（南庠路-人民南路）,诸暨市,25,25,2025-03-03 13:40:00
1012312288YR7K67XR8CH,望江一路（浣东北路-江东路）,诸暨市,14,11,2025-03-03 13:40:00
1012312288YR8IX5J60OX,东旺路218弄（东旺路-融媒体中心）,诸暨市,29,4,2025-03-03 13:40:00
1012312288YR7CTTSNVNL,苎萝东路（环城东路-东兴路）,诸暨市,86,62,2025-03-03 13:40:00
1012312288YR9VX35V2M9,苎萝东路（环城东路-东祥路）,诸暨市,17,3,2025-03-03 13:40:00
1012312288YR5RTTNITC1,艮塔东路（江东路-高湖路）,诸暨市,39,16,2025-03-03 13:40:00
1012312288YR825E2P88X,苎萝东路（东二环路-东福路),诸暨市,115,91,2025-03-03 13:40:00
1012312288YRAJXAP73SX,滨江中路（望江二路-大桥东路）,诸暨市,45,30,2025-03-03 13:40:00
1012312288YR85VK6CYKH,和济路（东祥路-东旺路）,诸暨市,90,26,2025-03-03 13:40:00
1012312288YR53DTVACCH,滨江南路（西施大街-滨江支路）,诸暨市,33,6,2025-03-03 13:40:00
1012312288YR8GIC67LS1,东旺路218弄(东旺路206弄-融媒体中心）,诸暨市,22,2,2025-03-03 13:40:00
1012401199375YC6OSJ5T,东三路（东二环路-东旺路）,诸暨市,121,82,2025-03-03 13:40:00
1012312288YR9HG704L4X,苎萝东路（东福路-东三环路）,诸暨市,107,107,2025-03-03 13:40:00
10124013095HHCMD4CC1T,艮塔东路（交通银行）,诸暨市,35,29,2025-03-03 13:40:00
1012312288YR751NEO35T,东祥路（东二路-苎萝东路）,诸暨市,38,6,2025-03-03 13:40:00
1012312288YR5F42HE329,红旗路（人民中路-浣纱中路）,诸暨市,16,4,2025-03-03 13:40:00
1012312268YD5WN09GPVL,八一横路（暨阳路-无名路）,诸暨市,46,22,2025-03-03 13:40:00
1019Q6UK2GUCAV5,市民公园地下停车场,诸暨市,227,122,2025-03-03 13:40:00
1012312288YR8ZSV1UX35,东旺路150弄（东二环路-东旺路）,诸暨市,88,55,2025-03-03 13:40:00
1012312288YRAXUGJT1J5,浣纱北路（大桥路-艮塔路）,诸暨市,59,29,2025-03-03 13:40:00
1012312268YDHM7XGW3Y9,艮塔东路（滨江北路-江东路),诸暨市,33,26,2025-03-03 13:40:00
1012312288YR5B22720W1,大桥东路（江东路-五角广场）,诸暨市,58,32,2025-03-03 13:40:00
1012312288YR79Z86T0XT,暨东路70弄（东一路-东旺路218弄）,诸暨市,32,11,2025-03-03 13:40:00
1012312288YRAV3T06ARL,滨江中路（望江三路-望江二路）,诸暨市,30,27,2025-03-03 13:40:00
1012312288YRC518WKA2P,望江三路（江东路-滨江中路）,诸暨市,5,1,2025-03-03 13:40:00
1019SEVYY7X0W75,十里牌停车场,诸暨市,69,69,2025-03-03 13:40:00
1019PDAS7RIP7GH,市民公园东北面停车场,诸暨市,27,8,2025-03-03 13:40:00
1012312288YRBZRTXR0G1,望江三路（高湖路-江东路）,诸暨市,15,13,2025-03-03 13:40:00
1012312288YR9PO5N0TFL,苎萝东路（环城东路-东旺路）,诸暨市,54,34,2025-03-03 13:40:00
1012312288YR9ABOZHGCH,东二路（东旺路-东二环路）,诸暨市,47,37,2025-03-03 13:40:00
1012312288YR57VMEIUBL,大桥东路（大桥东路9号-江东路）,诸暨市,34,14,2025-03-03 13:40:00
1012312288YR9376YUBK1,东旺路（东旺路150弄-苎萝东路）,诸暨市,18,2,2025-03-03 13:40:00
1012312288YR8VUSTQYV5,东旺路182弄(康华大厦-东旺路),诸暨市,19,1,2025-03-03 13:40:00
1012312288YR7N8PO2AYP,东一路68弄（东二路-东一路）,诸暨市,46,13,2025-03-03 13:40:00
10124012093FZKG7Y8M4H,永昌南路（东一路-东二路）,诸暨市,63,58,2025-03-03 13:40:00
1012312288YR7YF7Z1HXD,高湖路（望江二路-望江一路）,诸暨市,18,7,2025-03-03 13:40:00
1012312288YR5JPT2UOZL,东兴路（苎萝东路-东二路）,诸暨市,62,40,2025-03-03 13:31:16
1019REU2R6D37Y9,城东公园地下停车场,诸暨市,601,339,2025-03-03 13:31:16
1012312288YR3EFRI1BSX,滨江南路（滨江支路-浣东中路）,诸暨市,64,35,2025-03-03 13:31:16
1012312288YRBA0HET81T,江东路（大桥东路-望江一路）,诸暨市,10,2,2025-03-03 13:31:16
1012312298YXIJSNZ82YP,东二路129弄（东一路88弄-东二路123弄）,诸暨市,10,10,2025-03-03 13:31:16
1012312288YR3MBVY988X,东兴北路（江东路-福门路）,诸暨市,19,15,2025-03-03 13:31:15
1012312288YR6IWIX5X4X,苎萝东路（东二环路-东旺路）,诸暨市,18,7,2025-03-03 13:31:15
1019MAR69WRHHXD,西子公寓停车场,诸暨市,91,79,2025-03-03 13:31:15
1012312288YR7V8S6IBCX,东一路88弄（东一路82弄-东一路）,诸暨市,27,7,2025-03-03 13:31:15
1012312288YR5XYT44YKH,艮塔东路（苎萝东路-东二路）,诸暨市,142,125,2025-03-03 13:31:15
1012312288YR57VMEIUBL,大桥东路（大桥东路9号-江东路）,诸暨市,34,15,2025-03-03 13:31:15
1012312288YRBZRTXR0G1,望江三路（高湖路-江东路）,诸暨市,15,12,2025-03-03 13:31:15
1012312288YR8IX5J60OX,东旺路218弄（东旺路-融媒体中心）,诸暨市,29,7,2025-03-03 13:31:15
1012312288YR8GIC67LS1,东旺路218弄(东旺路206弄-融媒体中心）,诸暨市,22,4,2025-03-03 13:31:15
1012312268YD5WN09GPVL,八一横路（暨阳路-无名路）,诸暨市,46,26,2025-03-03 13:31:15
1012312288YRBLMRYOUTD,江东路（望江一路-望江二路）,诸暨市,18,9,2025-03-03 13:31:15
1012312288YR5UKH75K3L,艮塔东路（东二路-东一路),诸暨市,101,81,2025-03-03 13:31:15
1012405079PB3TJY248W1,东三路（应山公园-东旺路）,诸暨市,44,42,2025-03-03 13:31:15
1012312288YRBI4HZHCE9,江东路（西施大街-大桥东路）,诸暨市,6,2,2025-03-03 13:31:15
1012312288YRBS7JO7FUP,望江二路（高湖路-江东路）,诸暨市,10,6,2025-03-03 13:31:15
1012312288YR68DOZJDVL,体育路（体育路二弄-红旗路）,诸暨市,12,9,2025-03-03 13:31:15
1019PRTQD59LIWX,永乐路停车场,诸暨市,91,55,2025-03-03 13:31:15
1012312288YR9LAB60FEP,苎萝东路（东兴路-东安路）,诸暨市,45,38,2025-03-03 13:31:15
1012312298YXIV34CFDVL,东一路82弄（东二路123弄-东二路）,诸暨市,6,4,2025-03-03 13:31:15
1019N4FJ7J6DUYP,篮球场停车场,诸暨市,182,38,2025-03-03 13:31:15
1019B4Y82CZPJ41,诸暨浣东中路停车场,诸暨市,37,31,2025-03-03 13:31:15
10124013095HHCMD4CC1T,艮塔东路（交通银行）,诸暨市,35,28,2025-03-03 13:31:15
1012312288YRAXUGJT1J5,浣纱北路（大桥路-艮塔路）,诸暨市,59,28,2025-03-03 13:31:15
1012312288YRAJXAP73SX,滨江中路（望江二路-大桥东路）,诸暨市,45,31,2025-03-03 13:31:15
1012312288YRBWX8BW5Q9,望江二路（浣东北路-高湖路）,诸暨市,5,1,2025-03-03 13:31:15
1012312288YR8ZSV1UX35,东旺路150弄（东二环路-东旺路）,诸暨市,88,56,2025-03-03 13:31:15
1012312268YDHM7XGW3Y9,艮塔东路（滨江北路-江东路),诸暨市,33,27,2025-03-03 13:31:15
1012312288YRAV3T06ARL,滨江中路（望江三路-望江二路）,诸暨市,30,28,2025-03-03 13:31:15
1012312288YR6EYGP1YWX,万风新世界（暨阳路-上庄路）,诸暨市,20,5,2025-03-03 13:31:15
1012312288YRB24CYLBLT,浣纱南路（苎萝路-南兴路）,诸暨市,19,18,2025-03-03 13:31:15
1012312288YR5B22720W1,大桥东路（江东路-五角广场）,诸暨市,58,32,2025-03-03 13:31:15
10124013095H4QPBO8UF5,东兴路50弄,诸暨市,7,7,2025-03-03 13:31:15
1012312288YR7HFKE4HKX,西施大街（浣纱中路-人民中路）,诸暨市,28,10,2025-03-03 13:31:15
1019PDAS7RIP7GH,市民公园东北面停车场,诸暨市,27,10,2025-03-03 13:31:15
1012312288YR3IHRSDDZ5,滨江南路（大桥东路-西施大街）,诸暨市,13,4,2025-03-03 13:31:15
1012312288YRC2EJF5N9D,望江三路（浣东北路-高湖路）,诸暨市,11,5,2025-03-03 13:31:15
1019SEVYY7X0W75,十里牌停车场,诸暨市,69,67,2025-03-03 13:31:15
1012312288YR6C3V37475,体育路（体育路-大桥东路）,诸暨市,8,2,2025-03-03 13:31:15
1012312288YR9ABOZHGCH,东二路（东旺路-东二环路）,诸暨市,47,36,2025-03-03 13:31:15
1012312288YR9376YUBK1,东旺路（东旺路150弄-苎萝东路）,诸暨市,18,4,2025-03-03 13:31:15
1012312288YR9D2CJ4741,东二路（东祥路-环城东路）,诸暨市,25,10,2025-03-03 13:31:15
1012312288YR89HS7SKXT,东旺路（东旺路150弄-东二路）,诸暨市,18,9,2025-03-03 13:31:15
1012312288YR61OZ7SOW1,浣纱中路（南屏路-西施大街）,诸暨市,14,12,2025-03-03 13:31:15
1012312288YRBP13VO9A9,江东路（望江二路-望江三路）,诸暨市,13,10,2025-03-03 13:31:14
1012312288YR751NEO35T,东祥路（东二路-苎萝东路）,诸暨市,38,4,2025-03-03 13:31:14
1012312288YR9VX35V2M9,苎萝东路（环城东路-东祥路）,诸暨市,17,1,2025-03-03 13:31:14
1012312288YR7K67XR8CH,望江一路（浣东北路-江东路）,诸暨市,14,10,2025-03-03 13:31:14
1012312288YR8VUSTQYV5,东旺路182弄(康华大厦-东旺路),诸暨市,19,1,2025-03-03 13:31:14
1012312298YXHTPH9LYPT,东二路123弄（东旺路188弄-东二路）,诸暨市,61,13,2025-03-03 13:31:14
1012312288YRC518WKA2P,望江三路（江东路-滨江中路）,诸暨市,5,2,2025-03-03 13:31:14
1012312288YRB62F6P9TT,浣纱南路（南兴路-南屏路）,诸暨市,60,42,2025-03-03 13:31:14
1019Q6UK2GUCAV5,市民公园地下停车场,诸暨市,227,122,2025-03-03 13:31:14
1012405049OQ8ZNVP3U2P,苎萝东路（东二环路-东旺路）1,诸暨市,29,20,2025-03-03 13:31:14
1012312288YRBEU44Q1VL,滨江中路（艮塔东路-望江三路）,诸暨市,25,9,2025-03-03 13:31:14
1012312288YR85VK6CYKH,和济路（东祥路-东旺路）,诸暨市,90,30,2025-03-03 13:31:14
1012312288YR7N8PO2AYP,东一路68弄（东二路-东一路）,诸暨市,46,12,2025-03-03 13:31:14
1012312288YR5RTTNITC1,艮塔东路（江东路-高湖路）,诸暨市,39,20,2025-03-03 13:31:14
10124013095GY8GDKUBY9,艮塔东路（高湖路-暨东路）,诸暨市,16,14,2025-03-03 13:31:14
1012312298YXGS3Y2CBNL,东旺路188弄（东旺路-东二环路）,诸暨市,10,7,2025-03-03 13:31:14
1012312288YR9HG704L4X,苎萝东路（东福路-东三环路）,诸暨市,107,107,2025-03-03 13:31:14
10124012093FZKG7Y8M4H,永昌南路（东一路-东二路）,诸暨市,63,57,2025-03-03 13:31:14
1012401199375YC6OSJ5T,东三路（东二环路-东旺路）,诸暨市,121,84,2025-03-03 13:31:14
1012312288YR64NIVVNK1,浣纱中路（西施大街-大桥东路）,诸暨市,23,10,2025-03-03 13:31:14
1012312288YR5F42HE329,红旗路（人民中路-浣纱中路）,诸暨市,16,6,2025-03-03 13:31:14
1012312288YR7CTTSNVNL,苎萝东路（环城东路-东兴路）,诸暨市,86,67,2025-03-03 13:31:14
1019S5R3X1SOHS1,一百淘宝城停车场,诸暨市,105,40,2025-03-03 13:31:14
1012312288YR79Z86T0XT,暨东路70弄（东一路-东旺路218弄）,诸暨市,32,13,2025-03-03 13:31:14
1012312288YR5NVRFEV41,东安路(东二路-苎萝东路),诸暨市,6,3,2025-03-03 13:31:14
1012312288YRADOD6CUM9,南兴路（南庠路-人民南路）,诸暨市,25,25,2025-03-03 13:31:14
1012312288YR825E2P88X,苎萝东路（东二环路-东福路),诸暨市,115,93,2025-03-03 13:31:14
1012312288YR53DTVACCH,滨江南路（西施大街-滨江支路）,诸暨市,33,6,2025-03-03 13:31:14
1012312288YR9PO5N0TFL,苎萝东路（环城东路-东旺路）,诸暨市,54,36,2025-03-03 13:31:14
1012312288YR7YF7Z1HXD,高湖路（望江二路-望江一路）,诸暨市,18,11,2025-03-03 13:31:14
1012312288YR5XYT44YKH,艮塔东路（苎萝东路-东二路）,诸暨市,142,118,2025-03-03 13:20:02
1012312288YR3EFRI1BSX,滨江南路（滨江支路-浣东中路）,诸暨市,64,42,2025-03-03 13:20:02
1012312288YRB24CYLBLT,浣纱南路（苎萝路-南兴路）,诸暨市,19,18,2025-03-03 13:20:02
1012312298YXIJSNZ82YP,东二路129弄（东一路88弄-东二路123弄）,诸暨市,10,10,2025-03-03 13:20:02
1012312288YRBLMRYOUTD,江东路（望江一路-望江二路）,诸暨市,18,13,2025-03-03 13:20:02
1012312288YRBA0HET81T,江东路（大桥东路-望江一路）,诸暨市,10,3,2025-03-03 13:20:02
1012312288YR5JPT2UOZL,东兴路（苎萝东路-东二路）,诸暨市,62,36,2025-03-03 13:20:02
1012312288YR3MBVY988X,东兴北路（江东路-福门路）,诸暨市,19,15,2025-03-03 13:20:02
1012312288YRBI4HZHCE9,江东路（西施大街-大桥东路）,诸暨市,6,3,2025-03-03 13:20:02
1012312288YR7V8S6IBCX,东一路88弄（东一路82弄-东一路）,诸暨市,27,7,2025-03-03 13:20:02
1019PRTQD59LIWX,永乐路停车场,诸暨市,91,55,2025-03-03 13:20:02
1012312288YRBS7JO7FUP,望江二路（高湖路-江东路）,诸暨市,10,6,2025-03-03 13:20:02
1019REU2R6D37Y9,城东公园地下停车场,诸暨市,601,339,2025-03-03 13:20:02
1012312288YR3IHRSDDZ5,滨江南路（大桥东路-西施大街）,诸暨市,13,4,2025-03-03 13:20:02
1019N4FJ7J6DUYP,篮球场停车场,诸暨市,182,38,2025-03-03 13:20:02
1019MAR69WRHHXD,西子公寓停车场,诸暨市,91,78,2025-03-03 13:20:02
1012312288YR9LAB60FEP,苎萝东路（东兴路-东安路）,诸暨市,45,38,2025-03-03 13:20:01
1012312288YR6EYGP1YWX,万风新世界（暨阳路-上庄路）,诸暨市,20,7,2025-03-03 13:20:01
1012312288YR8ZSV1UX35,东旺路150弄（东二环路-东旺路）,诸暨市,88,56,2025-03-03 13:20:01
1012312288YR9ABOZHGCH,东二路（东旺路-东二环路）,诸暨市,47,34,2025-03-03 13:20:01
1012312288YR6IWIX5X4X,苎萝东路（东二环路-东旺路）,诸暨市,18,6,2025-03-03 13:20:01
1012312288YR53DTVACCH,滨江南路（西施大街-滨江支路）,诸暨市,33,10,2025-03-03 13:20:01
1012405079PB3TJY248W1,东三路（应山公园-东旺路）,诸暨市,44,42,2025-03-03 13:20:01
1012312288YR5B22720W1,大桥东路（江东路-五角广场）,诸暨市,58,36,2025-03-03 13:20:01
1019B4Y82CZPJ41,诸暨浣东中路停车场,诸暨市,37,30,2025-03-03 13:20:01
1012312288YR68DOZJDVL,体育路（体育路二弄-红旗路）,诸暨市,12,9,2025-03-03 13:20:01
10124013095HHCMD4CC1T,艮塔东路（交通银行）,诸暨市,35,32,2025-03-03 13:20:01
1012312288YRBEU44Q1VL,滨江中路（艮塔东路-望江三路）,诸暨市,25,11,2025-03-03 13:20:01
1012312288YRC518WKA2P,望江三路（江东路-滨江中路）,诸暨市,5,2,2025-03-03 13:20:01
1012312288YRAXUGJT1J5,浣纱北路（大桥路-艮塔路）,诸暨市,59,25,2025-03-03 13:20:01
1012312288YR57VMEIUBL,大桥东路（大桥东路9号-江东路）,诸暨市,34,14,2025-03-03 13:20:01
1012312288YR9376YUBK1,东旺路（东旺路150弄-苎萝东路）,诸暨市,18,2,2025-03-03 13:20:01
1012312288YRAJXAP73SX,滨江中路（望江二路-大桥东路）,诸暨市,45,27,2025-03-03 13:20:01
1012312288YR6C3V37475,体育路（体育路-大桥东路）,诸暨市,8,1,2025-03-03 13:20:01
1012312268YDHM7XGW3Y9,艮塔东路（滨江北路-江东路),诸暨市,33,25,2025-03-03 13:20:01
1012312288YR8IX5J60OX,东旺路218弄（东旺路-融媒体中心）,诸暨市,29,8,2025-03-03 13:20:01
1012312288YR9D2CJ4741,东二路（东祥路-环城东路）,诸暨市,25,9,2025-03-03 13:20:01
1019SEVYY7X0W75,十里牌停车场,诸暨市,69,68,2025-03-03 13:20:01
1012312288YR89HS7SKXT,东旺路（东旺路150弄-东二路）,诸暨市,18,10,2025-03-03 13:20:01
1012312288YRAV3T06ARL,滨江中路（望江三路-望江二路）,诸暨市,30,28,2025-03-03 13:20:01
1012312298YXGS3Y2CBNL,东旺路188弄（东旺路-东二环路）,诸暨市,10,6,2025-03-03 13:20:01
1012312288YR5UKH75K3L,艮塔东路（东二路-东一路),诸暨市,101,83,2025-03-03 13:20:01
1012312288YR8GIC67LS1,东旺路218弄(东旺路206弄-融媒体中心）,诸暨市,22,3,2025-03-03 13:20:01
1012312298YXIV34CFDVL,东一路82弄（东二路123弄-东二路）,诸暨市,6,4,2025-03-03 13:20:01
1012312288YRBZRTXR0G1,望江三路（高湖路-江东路）,诸暨市,15,13,2025-03-03 13:20:01
1012312268YD5WN09GPVL,八一横路（暨阳路-无名路）,诸暨市,46,26,2025-03-03 13:20:01
1012312288YRADOD6CUM9,南兴路（南庠路-人民南路）,诸暨市,25,25,2025-03-03 13:20:01
1012312288YR7HFKE4HKX,西施大街（浣纱中路-人民中路）,诸暨市,28,9,2025-03-03 13:20:01
1012312288YRC2EJF5N9D,望江三路（浣东北路-高湖路）,诸暨市,11,4,2025-03-03 13:20:01
1012312288YR7CTTSNVNL,苎萝东路（环城东路-东兴路）,诸暨市,86,67,2025-03-03 13:20:01
1019PDAS7RIP7GH,市民公园东北面停车场,诸暨市,27,8,2025-03-03 13:20:01
1012312288YR61OZ7SOW1,浣纱中路（南屏路-西施大街）,诸暨市,14,12,2025-03-03 13:20:01
10124013095H4QPBO8UF5,东兴路50弄,诸暨市,7,7,2025-03-03 13:20:01
1012312288YR5NVRFEV41,东安路(东二路-苎萝东路),诸暨市,6,4,2025-03-03 13:20:00
1012312288YR9PO5N0TFL,苎萝东路（环城东路-东旺路）,诸暨市,54,36,2025-03-03 13:20:00
1012312288YR79Z86T0XT,暨东路70弄（东一路-东旺路218弄）,诸暨市,32,14,2025-03-03 13:20:00
1012312288YR9HG704L4X,苎萝东路（东福路-东三环路）,诸暨市,107,107,2025-03-03 13:20:00
1012312288YR8VUSTQYV5,东旺路182弄(康华大厦-东旺路),诸暨市,19,1,2025-03-03 13:20:00
1012405049OQ8ZNVP3U2P,苎萝东路（东二环路-东旺路）1,诸暨市,29,21,2025-03-03 13:20:00
1012312298YXHTPH9LYPT,东二路123弄（东旺路188弄-东二路）,诸暨市,61,15,2025-03-03 13:20:00
1012312288YRB62F6P9TT,浣纱南路（南兴路-南屏路）,诸暨市,60,44,2025-03-03 13:20:00
10124013095GY8GDKUBY9,艮塔东路（高湖路-暨东路）,诸暨市,16,13,2025-03-03 13:20:00
1012401199375YC6OSJ5T,东三路（东二环路-东旺路）,诸暨市,121,82,2025-03-03 13:20:00
1012312288YR85VK6CYKH,和济路（东祥路-东旺路）,诸暨市,90,46,2025-03-03 13:20:00
1012312288YR7K67XR8CH,望江一路（浣东北路-江东路）,诸暨市,14,10,2025-03-03 13:20:00
1012312288YR64NIVVNK1,浣纱中路（西施大街-大桥东路）,诸暨市,23,11,2025-03-03 13:20:00
1012312288YR7YF7Z1HXD,高湖路（望江二路-望江一路）,诸暨市,18,8,2025-03-03 13:20:00
1019Q6UK2GUCAV5,市民公园地下停车场,诸暨市,227,121,2025-03-03 13:20:00
1012312288YR7N8PO2AYP,东一路68弄（东二路-东一路）,诸暨市,46,13,2025-03-03 13:20:00
1019S5R3X1SOHS1,一百淘宝城停车场,诸暨市,105,40,2025-03-03 13:20:00
1012312288YRBP13VO9A9,江东路（望江二路-望江三路）,诸暨市,13,10,2025-03-03 13:20:00
10124012093FZKG7Y8M4H,永昌南路（东一路-东二路）,诸暨市,63,61,2025-03-03 13:20:00
1012312288YR825E2P88X,苎萝东路（东二环路-东福路),诸暨市,115,99,2025-03-03 13:20:00
1012312288YR9VX35V2M9,苎萝东路（环城东路-东祥路）,诸暨市,17,4,2025-03-03 13:20:00
1012312288YR5F42HE329,红旗路（人民中路-浣纱中路）,诸暨市,16,8,2025-03-03 13:20:00
1012312288YR5RTTNITC1,艮塔东路（江东路-高湖路）,诸暨市,39,21,2025-03-03 13:20:00
1012312288YR751NEO35T,东祥路（东二路-苎萝东路）,诸暨市,38,3,2025-03-03 13:20:00
1012312288YR5JPT2UOZL,东兴路（苎萝东路-东二路）,诸暨市,62,42,2025-03-03 13:11:15
1012312288YR3MBVY988X,东兴北路（江东路-福门路）,诸暨市,19,15,2025-03-03 13:11:15
1019REU2R6D37Y9,城东公园地下停车场,诸暨市,601,339,2025-03-03 13:11:15
1012312288YRBS7JO7FUP,望江二路（高湖路-江东路）,诸暨市,10,6,2025-03-03 13:11:15
1012312288YR3IHRSDDZ5,滨江南路（大桥东路-西施大街）,诸暨市,13,6,2025-03-03 13:11:15
1012312298YXIJSNZ82YP,东二路129弄（东一路88弄-东二路123弄）,诸暨市,10,10,2025-03-03 13:11:15
1019N4FJ7J6DUYP,篮球场停车场,诸暨市,182,38,2025-03-03 13:11:15
1012312288YRBA0HET81T,江东路（大桥东路-望江一路）,诸暨市,10,2,2025-03-03 13:11:15
1012312288YR5XYT44YKH,艮塔东路（苎萝东路-东二路）,诸暨市,142,117,2025-03-03 13:11:15
1012312288YR3EFRI1BSX,滨江南路（滨江支路-浣东中路）,诸暨市,64,43,2025-03-03 13:11:15
1012312288YRB24CYLBLT,浣纱南路（苎萝路-南兴路）,诸暨市,19,17,2025-03-03 13:11:15
1012405079PB3TJY248W1,东三路（应山公园-东旺路）,诸暨市,44,42,2025-03-03 13:11:14
1012312288YR8ZSV1UX35,东旺路150弄（东二环路-东旺路）,诸暨市,88,51,2025-03-03 13:11:14
1012312288YR9ABOZHGCH,东二路（东旺路-东二环路）,诸暨市,47,35,2025-03-03 13:11:14
1012312298YXGS3Y2CBNL,东旺路188弄（东旺路-东二环路）,诸暨市,10,4,2025-03-03 13:11:14
1019MAR69WRHHXD,西子公寓停车场,诸暨市,91,79,2025-03-03 13:11:14
10124013095H4QPBO8UF5,东兴路50弄,诸暨市,7,7,2025-03-03 13:11:14
1012312288YR8IX5J60OX,东旺路218弄（东旺路-融媒体中心）,诸暨市,29,9,2025-03-03 13:11:14
1019PDAS7RIP7GH,市民公园东北面停车场,诸暨市,27,5,2025-03-03 13:11:14
1012312288YRBEU44Q1VL,滨江中路（艮塔东路-望江三路）,诸暨市,25,9,2025-03-03 13:11:14
1012312288YR6IWIX5X4X,苎萝东路（东二环路-东旺路）,诸暨市,18,7,2025-03-03 13:11:14
1012312288YR7K67XR8CH,望江一路（浣东北路-江东路）,诸暨市,14,12,2025-03-03 13:11:14
1012312288YR8GIC67LS1,东旺路218弄(东旺路206弄-融媒体中心）,诸暨市,22,3,2025-03-03 13:11:14
1012312288YR61OZ7SOW1,浣纱中路（南屏路-西施大街）,诸暨市,14,11,2025-03-03 13:11:14
1012312288YRAJXAP73SX,滨江中路（望江二路-大桥东路）,诸暨市,45,29,2025-03-03 13:11:14
1012312288YR6SFUARGU9,东祥路19弄（东祥路-环城东路）,诸暨市,12,1,2025-03-03 13:11:14
1012312288YR751NEO35T,东祥路（东二路-苎萝东路）,诸暨市,38,4,2025-03-03 13:11:14
1012312298YXIV34CFDVL,东一路82弄（东二路123弄-东二路）,诸暨市,6,5,2025-03-03 13:11:14
1012312288YRC2EJF5N9D,望江三路（浣东北路-高湖路）,诸暨市,11,4,2025-03-03 13:11:14
1012312288YR79Z86T0XT,暨东路70弄（东一路-东旺路218弄）,诸暨市,32,14,2025-03-03 13:11:14
1012312288YRAXUGJT1J5,浣纱北路（大桥路-艮塔路）,诸暨市,59,29,2025-03-03 13:11:14
1012312268YDHM7XGW3Y9,艮塔东路（滨江北路-江东路),诸暨市,33,27,2025-03-03 13:11:14
1012312288YR9LAB60FEP,苎萝东路（东兴路-东安路）,诸暨市,45,38,2025-03-03 13:11:14
1012312268YD5WN09GPVL,八一横路（暨阳路-无名路）,诸暨市,46,24,2025-03-03 13:11:14
1012312288YR9376YUBK1,东旺路（东旺路150弄-苎萝东路）,诸暨市,18,3,2025-03-03 13:11:14
1012312288YRC518WKA2P,望江三路（江东路-滨江中路）,诸暨市,5,2,2025-03-03 13:11:14
1012312288YR6EYGP1YWX,万风新世界（暨阳路-上庄路）,诸暨市,20,6,2025-03-03 13:11:14
1019PRTQD59LIWX,永乐路停车场,诸暨市,91,55,2025-03-03 13:11:14
1012312288YR7CTTSNVNL,苎萝东路（环城东路-东兴路）,诸暨市,86,65,2025-03-03 13:11:14
1012312288YR53DTVACCH,滨江南路（西施大街-滨江支路）,诸暨市,33,11,2025-03-03 13:11:14
10124013095HHCMD4CC1T,艮塔东路（交通银行）,诸暨市,35,31,2025-03-03 13:11:14
1012312288YR89HS7SKXT,东旺路（东旺路150弄-东二路）,诸暨市,18,11,2025-03-03 13:11:14
1012312288YR57VMEIUBL,大桥东路（大桥东路9号-江东路）,诸暨市,34,17,2025-03-03 13:11:14
1012312288YR9D2CJ4741,东二路（东祥路-环城东路）,诸暨市,25,9,2025-03-03 13:11:14
1012312288YR7V8S6IBCX,东一路88弄（东一路82弄-东一路）,诸暨市,27,6,2025-03-03 13:11:14
1019SEVYY7X0W75,十里牌停车场,诸暨市,69,69,2025-03-03 13:11:14
1012312288YRBLMRYOUTD,江东路（望江一路-望江二路）,诸暨市,18,12,2025-03-03 13:11:14
1012312288YR7HFKE4HKX,西施大街（浣纱中路-人民中路）,诸暨市,28,8,2025-03-03 13:11:14
1012312288YR5UKH75K3L,艮塔东路（东二路-东一路),诸暨市,101,83,2025-03-03 13:11:14
1012312288YR5RTTNITC1,艮塔东路（江东路-高湖路）,诸暨市,39,18,2025-03-03 13:11:14
1012312288YRADOD6CUM9,南兴路（南庠路-人民南路）,诸暨市,25,25,2025-03-03 13:11:14
1012312288YRBZRTXR0G1,望江三路（高湖路-江东路）,诸暨市,15,12,2025-03-03 13:11:14
1012312288YRAV3T06ARL,滨江中路（望江三路-望江二路）,诸暨市,30,27,2025-03-03 13:11:14
1019B4Y82CZPJ41,诸暨浣东中路停车场,诸暨市,37,30,2025-03-03 13:11:14
1012312288YRBI4HZHCE9,江东路（西施大街-大桥东路）,诸暨市,6,3,2025-03-03 13:11:14
1012312288YR68DOZJDVL,体育路（体育路二弄-红旗路）,诸暨市,12,8,2025-03-03 13:11:14
1012312288YR5B22720W1,大桥东路（江东路-五角广场）,诸暨市,58,36,2025-03-03 13:11:14
1012312288YR825E2P88X,苎萝东路（东二环路-东福路),诸暨市,115,94,2025-03-03 13:11:13
1012312288YR8VUSTQYV5,东旺路182弄(康华大厦-东旺路),诸暨市,19,1,2025-03-03 13:11:13
1019QKKS3RWOFEP,人防大厦停车场,诸暨市,48,2,2025-03-03 13:11:13
1012312288YRB62F6P9TT,浣纱南路（南兴路-南屏路）,诸暨市,60,40,2025-03-03 13:11:13
1012312288YR7N8PO2AYP,东一路68弄（东二路-东一路）,诸暨市,46,17,2025-03-03 13:11:13
1012312288YRBP13VO9A9,江东路（望江二路-望江三路）,诸暨市,13,8,2025-03-03 13:11:13
10124013095GY8GDKUBY9,艮塔东路（高湖路-暨东路）,诸暨市,16,14,2025-03-03 13:11:13
1012312288YR64NIVVNK1,浣纱中路（西施大街-大桥东路）,诸暨市,23,12,2025-03-03 13:11:13
1012312288YR7YF7Z1HXD,高湖路（望江二路-望江一路）,诸暨市,18,7,2025-03-03 13:11:13
1012312288YR5NVRFEV41,东安路(东二路-苎萝东路),诸暨市,6,5,2025-03-03 13:11:13
1012312298YXHTPH9LYPT,东二路123弄（东旺路188弄-东二路）,诸暨市,61,18,2025-03-03 13:11:13
1012312288YR9HG704L4X,苎萝东路（东福路-东三环路）,诸暨市,107,107,2025-03-03 13:11:13
1012405049OQ8ZNVP3U2P,苎萝东路（东二环路-东旺路）1,诸暨市,29,20,2025-03-03 13:11:13
1012312288YR9VX35V2M9,苎萝东路（环城东路-东祥路）,诸暨市,17,3,2025-03-03 13:11:13
1012312288YR9PO5N0TFL,苎萝东路（环城东路-东旺路）,诸暨市,54,37,2025-03-03 13:11:13
1012312288YR5F42HE329,红旗路（人民中路-浣纱中路）,诸暨市,16,8,2025-03-03 13:11:13
1012401199375YC6OSJ5T,东三路（东二环路-东旺路）,诸暨市,121,82,2025-03-03 13:11:13
1019Q6UK2GUCAV5,市民公园地下停车场,诸暨市,227,123,2025-03-03 13:11:13
1012312288YR85VK6CYKH,和济路（东祥路-东旺路）,诸暨市,90,50,2025-03-03 13:11:13
1019S5R3X1SOHS1,一百淘宝城停车场,诸暨市,105,40,2025-03-03 13:11:13
10124012093FZKG7Y8M4H,永昌南路（东一路-东二路）,诸暨市,63,61,2025-03-03 13:11:13
1012312288YR61OZ7SOW1,浣纱中路（南屏路-西施大街）,诸暨市,14,12,2025-03-03 13:01:18
1012312288YR68DOZJDVL,体育路（体育路二弄-红旗路）,诸暨市,12,8,2025-03-03 13:01:18
1012312288YRBS7JO7FUP,望江二路（高湖路-江东路）,诸暨市,10,5,2025-03-03 13:01:18
1012405079PB3TJY248W1,东三路（应山公园-东旺路）,诸暨市,44,42,2025-03-03 13:01:18
1012312288YR5XYT44YKH,艮塔东路（苎萝东路-东二路）,诸暨市,142,115,2025-03-03 13:01:18
1012312288YRC2EJF5N9D,望江三路（浣东北路-高湖路）,诸暨市,11,4,2025-03-03 13:01:18
1012312288YR5JPT2UOZL,东兴路（苎萝东路-东二路）,诸暨市,62,39,2025-03-03 13:01:18
1012312288YRBWX8BW5Q9,望江二路（浣东北路-高湖路）,诸暨市,5,1,2025-03-03 13:01:18
1012312288YR9LAB60FEP,苎萝东路（东兴路-东安路）,诸暨市,45,39,2025-03-03 13:01:18
1012312288YR3IHRSDDZ5,滨江南路（大桥东路-西施大街）,诸暨市,13,8,2025-03-03 13:01:18
1012312288YR9D2CJ4741,东二路（东祥路-环城东路）,诸暨市,25,9,2025-03-03 13:01:18
1012312288YR89HS7SKXT,东旺路（东旺路150弄-东二路）,诸暨市,18,11,2025-03-03 13:01:18
1012312298YXIV34CFDVL,东一路82弄（东二路123弄-东二路）,诸暨市,6,4,2025-03-03 13:01:18
1012312288YR7V8S6IBCX,东一路88弄（东一路82弄-东一路）,诸暨市,27,8,2025-03-03 13:01:18
1012312288YR3EFRI1BSX,滨江南路（滨江支路-浣东中路）,诸暨市,64,47,2025-03-03 13:01:18
1012312288YRBA0HET81T,江东路（大桥东路-望江一路）,诸暨市,10,7,2025-03-03 13:01:18
1012312288YRB24CYLBLT,浣纱南路（苎萝路-南兴路）,诸暨市,19,17,2025-03-03 13:01:18
1012312298YXIJSNZ82YP,东二路129弄（东一路88弄-东二路123弄）,诸暨市,10,10,2025-03-03 13:01:18
1019PRTQD59LIWX,永乐路停车场,诸暨市,91,55,2025-03-03 13:01:18
1019B4Y82CZPJ41,诸暨浣东中路停车场,诸暨市,37,30,2025-03-03 13:01:18
1012312288YRBLMRYOUTD,江东路（望江一路-望江二路）,诸暨市,18,14,2025-03-03 13:01:18
1019REU2R6D37Y9,城东公园地下停车场,诸暨市,601,339,2025-03-03 13:01:18
1012312288YRBI4HZHCE9,江东路（西施大街-大桥东路）,诸暨市,6,3,2025-03-03 13:01:18
1019MAR69WRHHXD,西子公寓停车场,诸暨市,91,76,2025-03-03 13:01:18
1019N4FJ7J6DUYP,篮球场停车场,诸暨市,182,37,2025-03-03 13:01:18
1012312288YR3MBVY988X,东兴北路（江东路-福门路）,诸暨市,19,12,2025-03-03 13:01:18
1012312288YR7HFKE4HKX,西施大街（浣纱中路-人民中路）,诸暨市,28,7,2025-03-03 13:01:17
1012312268YD5WN09GPVL,八一横路（暨阳路-无名路）,诸暨市,46,22,2025-03-03 13:01:17
1012312298YXGS3Y2CBNL,东旺路188弄（东旺路-东二环路）,诸暨市,10,4,2025-03-03 13:01:17
1012312288YR8GIC67LS1,东旺路218弄(东旺路206弄-融媒体中心）,诸暨市,22,6,2025-03-03 13:01:17
1019SEVYY7X0W75,十里牌停车场,诸暨市,69,69,2025-03-03 13:01:17
1019PDAS7RIP7GH,市民公园东北面停车场,诸暨市,27,6,2025-03-03 13:01:17
10124013095HHCMD4CC1T,艮塔东路（交通银行）,诸暨市,35,30,2025-03-03 13:01:17
1012312288YR7K67XR8CH,望江一路（浣东北路-江东路）,诸暨市,14,11,2025-03-03 13:01:17
1012312288YR8ZSV1UX35,东旺路150弄（东二环路-东旺路）,诸暨市,88,52,2025-03-03 13:01:17
1012312288YRADOD6CUM9,南兴路（南庠路-人民南路）,诸暨市,25,25,2025-03-03 13:01:17
1012312288YR8IX5J60OX,东旺路218弄（东旺路-融媒体中心）,诸暨市,29,12,2025-03-03 13:01:17
1012312288YR79Z86T0XT,暨东路70弄（东一路-东旺路218弄）,诸暨市,32,13,2025-03-03 13:01:17
1012312288YR5B22720W1,大桥东路（江东路-五角广场）,诸暨市,58,38,2025-03-03 13:01:17
1012312288YR7CTTSNVNL,苎萝东路（环城东路-东兴路）,诸暨市,86,63,2025-03-03 13:01:17
1012312268YDHM7XGW3Y9,艮塔东路（滨江北路-江东路),诸暨市,33,23,2025-03-03 13:01:17
1012312288YR751NEO35T,东祥路（东二路-苎萝东路）,诸暨市,38,7,2025-03-03 13:01:17
1012312288YRC518WKA2P,望江三路（江东路-滨江中路）,诸暨市,5,1,2025-03-03 13:01:17
10124013095H4QPBO8UF5,东兴路50弄,诸暨市,7,7,2025-03-03 13:01:17
1012312288YRAV3T06ARL,滨江中路（望江三路-望江二路）,诸暨市,30,27,2025-03-03 13:01:17
1012312288YR825E2P88X,苎萝东路（东二环路-东福路),诸暨市,115,96,2025-03-03 13:01:17
1012312288YR9ABOZHGCH,东二路（东旺路-东二环路）,诸暨市,47,33,2025-03-03 13:01:17
1012312288YRBZRTXR0G1,望江三路（高湖路-江东路）,诸暨市,15,12,2025-03-03 13:01:17
1012312288YR9376YUBK1,东旺路（东旺路150弄-苎萝东路）,诸暨市,18,5,2025-03-03 13:01:17
1012312288YR6IWIX5X4X,苎萝东路（东二环路-东旺路）,诸暨市,18,8,2025-03-03 13:01:17
10124013095GY8GDKUBY9,艮塔东路（高湖路-暨东路）,诸暨市,16,14,2025-03-03 13:01:17
1012312288YR57VMEIUBL,大桥东路（大桥东路9号-江东路）,诸暨市,34,20,2025-03-03 13:01:17
1012312288YR6EYGP1YWX,万风新世界（暨阳路-上庄路）,诸暨市,20,5,2025-03-03 13:01:17
1012312288YRAJXAP73SX,滨江中路（望江二路-大桥东路）,诸暨市,45,30,2025-03-03 13:01:17
1012312288YR5UKH75K3L,艮塔东路（东二路-东一路),诸暨市,101,83,2025-03-03 13:01:17
1012312288YRAXUGJT1J5,浣纱北路（大桥路-艮塔路）,诸暨市,59,31,2025-03-03 13:01:17
1012312288YR53DTVACCH,滨江南路（西施大街-滨江支路）,诸暨市,33,9,2025-03-03 13:01:17
1012312288YRBEU44Q1VL,滨江中路（艮塔东路-望江三路）,诸暨市,25,11,2025-03-03 13:01:17
1012312288YR5RTTNITC1,艮塔东路（江东路-高湖路）,诸暨市,39,19,2025-03-03 13:01:17
1012405049OQ8ZNVP3U2P,苎萝东路（东二环路-东旺路）1,诸暨市,29,19,2025-03-03 13:01:16
1012312288YR9PO5N0TFL,苎萝东路（环城东路-东旺路）,诸暨市,54,39,2025-03-03 13:01:16
1012312288YRBP13VO9A9,江东路（望江二路-望江三路）,诸暨市,13,8,2025-03-03 13:01:16
1012312288YR5NVRFEV41,东安路(东二路-苎萝东路),诸暨市,6,5,2025-03-03 13:01:16
1019S5R3X1SOHS1,一百淘宝城停车场,诸暨市,105,40,2025-03-03 13:01:16
1012312288YR9VX35V2M9,苎萝东路（环城东路-东祥路）,诸暨市,17,3,2025-03-03 13:01:16
1012312288YR5F42HE329,红旗路（人民中路-浣纱中路）,诸暨市,16,8,2025-03-03 13:01:16
1012312288YR9HG704L4X,苎萝东路（东福路-东三环路）,诸暨市,107,107,2025-03-03 13:01:16
1012312288YR64NIVVNK1,浣纱中路（西施大街-大桥东路）,诸暨市,23,12,2025-03-03 13:01:16
1012312298YXHTPH9LYPT,东二路123弄（东旺路188弄-东二路）,诸暨市,61,22,2025-03-03 13:01:16
1012312288YR8VUSTQYV5,东旺路182弄(康华大厦-东旺路),诸暨市,19,2,2025-03-03 13:01:16
1012312288YRB62F6P9TT,浣纱南路（南兴路-南屏路）,诸暨市,60,42,2025-03-03 13:01:16
1012401199375YC6OSJ5T,东三路（东二环路-东旺路）,诸暨市,121,80,2025-03-03 13:01:16
1012312288YR7YF7Z1HXD,高湖路（望江二路-望江一路）,诸暨市,18,10,2025-03-03 13:01:16
1012312288YR85VK6CYKH,和济路（东祥路-东旺路）,诸暨市,90,61,2025-03-03 13:01:16
1012312288YR7N8PO2AYP,东一路68弄（东二路-东一路）,诸暨市,46,16,2025-03-03 13:01:16
10124012093FZKG7Y8M4H,永昌南路（东一路-东二路）,诸暨市,63,60,2025-03-03 13:01:16
1019QKKS3RWOFEP,人防大厦停车场,诸暨市,48,6,2025-03-03 13:01:16
1019Q6UK2GUCAV5,市民公园地下停车场,诸暨市,227,124,2025-03-03 13:01:16
1012312288YR68DOZJDVL,体育路（体育路二弄-红旗路）,诸暨市,12,9,2025-03-03 12:51:14
1012312288YR3EFRI1BSX,滨江南路（滨江支路-浣东中路）,诸暨市,64,47,2025-03-03 12:51:14
1012312298YXIV34CFDVL,东一路82弄（东二路123弄-东二路）,诸暨市,6,4,2025-03-03 12:51:14
1012312288YR6EYGP1YWX,万风新世界（暨阳路-上庄路）,诸暨市,20,3,2025-03-03 12:51:14
1012312288YRBA0HET81T,江东路（大桥东路-望江一路）,诸暨市,10,7,2025-03-03 12:51:14
1012312288YR5JPT2UOZL,东兴路（苎萝东路-东二路）,诸暨市,62,40,2025-03-03 12:51:14
1012312288YRC2EJF5N9D,望江三路（浣东北路-高湖路）,诸暨市,11,6,2025-03-03 12:51:14
1012312288YRBLMRYOUTD,江东路（望江一路-望江二路）,诸暨市,18,10,2025-03-03 12:51:14
1012312288YR7V8S6IBCX,东一路88弄（东一路82弄-东一路）,诸暨市,27,10,2025-03-03 12:51:14
1012312288YRAV3T06ARL,滨江中路（望江三路-望江二路）,诸暨市,30,29,2025-03-03 12:51:14
1012312288YRB24CYLBLT,浣纱南路（苎萝路-南兴路）,诸暨市,19,17,2025-03-03 12:51:14
1012312288YR89HS7SKXT,东旺路（东旺路150弄-东二路）,诸暨市,18,9,2025-03-03 12:51:14
1012312288YR5XYT44YKH,艮塔东路（苎萝东路-东二路）,诸暨市,142,115,2025-03-03 12:51:14
1012312288YR9LAB60FEP,苎萝东路（东兴路-东安路）,诸暨市,45,39,2025-03-03 12:51:14
1012312268YDHM7XGW3Y9,艮塔东路（滨江北路-江东路),诸暨市,33,22,2025-03-03 12:51:14
1012312288YR5UKH75K3L,艮塔东路（东二路-东一路),诸暨市,101,80,2025-03-03 12:51:14
1019REU2R6D37Y9,城东公园地下停车场,诸暨市,601,338,2025-03-03 12:51:14
1012312288YR3MBVY988X,东兴北路（江东路-福门路）,诸暨市,19,16,2025-03-03 12:51:14
1019MAR69WRHHXD,西子公寓停车场,诸暨市,91,75,2025-03-03 12:51:14
1012312288YR9D2CJ4741,东二路（东祥路-环城东路）,诸暨市,25,9,2025-03-03 12:51:14
1019N4FJ7J6DUYP,篮球场停车场,诸暨市,182,36,2025-03-03 12:51:14
1019B4Y82CZPJ41,诸暨浣东中路停车场,诸暨市,37,30,2025-03-03 12:51:14
1012405079PB3TJY248W1,东三路（应山公园-东旺路）,诸暨市,44,41,2025-03-03 12:51:14
1012312288YRBI4HZHCE9,江东路（西施大街-大桥东路）,诸暨市,6,2,2025-03-03 12:51:14
1012312288YRBS7JO7FUP,望江二路（高湖路-江东路）,诸暨市,10,4,2025-03-03 12:51:14
1012312298YXIJSNZ82YP,东二路129弄（东一路88弄-东二路123弄）,诸暨市,10,10,2025-03-03 12:51:14
1012312288YR61OZ7SOW1,浣纱中路（南屏路-西施大街）,诸暨市,14,10,2025-03-03 12:51:14
1012312288YR3IHRSDDZ5,滨江南路（大桥东路-西施大街）,诸暨市,13,8,2025-03-03 12:51:14
1019PRTQD59LIWX,永乐路停车场,诸暨市,91,55,2025-03-03 12:51:14
1012312288YR5B22720W1,大桥东路（江东路-五角广场）,诸暨市,58,37,2025-03-03 12:51:13
1012312288YR9PO5N0TFL,苎萝东路（环城东路-东旺路）,诸暨市,54,40,2025-03-03 12:51:13
1012312288YR7HFKE4HKX,西施大街（浣纱中路-人民中路）,诸暨市,28,11,2025-03-03 12:51:13
1012312288YR8GIC67LS1,东旺路218弄(东旺路206弄-融媒体中心）,诸暨市,22,7,2025-03-03 12:51:13
1012312288YR9ABOZHGCH,东二路（东旺路-东二环路）,诸暨市,47,32,2025-03-03 12:51:13
1012312288YR825E2P88X,苎萝东路（东二环路-东福路),诸暨市,115,91,2025-03-03 12:51:13
1012312288YRADOD6CUM9,南兴路（南庠路-人民南路）,诸暨市,25,25,2025-03-03 12:51:13
1012312288YR9VX35V2M9,苎萝东路（环城东路-东祥路）,诸暨市,17,3,2025-03-03 12:51:13
1012312288YRAJXAP73SX,滨江中路（望江二路-大桥东路）,诸暨市,45,29,2025-03-03 12:51:13
1012312298YXGS3Y2CBNL,东旺路188弄（东旺路-东二环路）,诸暨市,10,4,2025-03-03 12:51:13
1012312288YR9376YUBK1,东旺路（东旺路150弄-苎萝东路）,诸暨市,18,8,2025-03-03 12:51:13
1012312288YR8ZSV1UX35,东旺路150弄（东二环路-东旺路）,诸暨市,88,52,2025-03-03 12:51:13
1012312288YR53DTVACCH,滨江南路（西施大街-滨江支路）,诸暨市,33,7,2025-03-03 12:51:13
1012312288YR8VUSTQYV5,东旺路182弄(康华大厦-东旺路),诸暨市,19,4,2025-03-03 12:51:13
1012312288YR7YF7Z1HXD,高湖路（望江二路-望江一路）,诸暨市,18,10,2025-03-03 12:51:13
1019PDAS7RIP7GH,市民公园东北面停车场,诸暨市,27,8,2025-03-03 12:51:13
1019SEVYY7X0W75,十里牌停车场,诸暨市,69,69,2025-03-03 12:51:13
1012312288YR85VK6CYKH,和济路（东祥路-东旺路）,诸暨市,90,62,2025-03-03 12:51:13
1019QKKS3RWOFEP,人防大厦停车场,诸暨市,48,7,2025-03-03 12:51:13
1012312288YR79Z86T0XT,暨东路70弄（东一路-东旺路218弄）,诸暨市,32,11,2025-03-03 12:51:13
1019S5R3X1SOHS1,一百淘宝城停车场,诸暨市,105,40,2025-03-03 12:51:13
1012312288YR7N8PO2AYP,东一路68弄（东二路-东一路）,诸暨市,46,18,2025-03-03 12:51:13
1012312288YRAXUGJT1J5,浣纱北路（大桥路-艮塔路）,诸暨市,59,28,2025-03-03 12:51:13
1012312288YR7CTTSNVNL,苎萝东路（环城东路-东兴路）,诸暨市,86,61,2025-03-03 12:51:13
1012312288YR7K67XR8CH,望江一路（浣东北路-江东路）,诸暨市,14,10,2025-03-03 12:51:13
1012312288YR9HG704L4X,苎萝东路（东福路-东三环路）,诸暨市,107,107,2025-03-03 12:51:13
1012312288YR6IWIX5X4X,苎萝东路（东二环路-东旺路）,诸暨市,18,11,2025-03-03 12:51:13
1012312288YR64NIVVNK1,浣纱中路（西施大街-大桥东路）,诸暨市,23,10,2025-03-03 12:51:13
1012312288YR8IX5J60OX,东旺路218弄（东旺路-融媒体中心）,诸暨市,29,13,2025-03-03 12:51:13
10124013095HHCMD4CC1T,艮塔东路（交通银行）,诸暨市,35,34,2025-03-03 12:51:13
1012405049OQ8ZNVP3U2P,苎萝东路（东二环路-东旺路）1,诸暨市,29,20,2025-03-03 12:51:13
1012312268YD5WN09GPVL,八一横路（暨阳路-无名路）,诸暨市,46,20,2025-03-03 12:51:13
1012312288YR5NVRFEV41,东安路(东二路-苎萝东路),诸暨市,6,2,2025-03-03 12:51:13
1012312288YRC518WKA2P,望江三路（江东路-滨江中路）,诸暨市,5,2,2025-03-03 12:51:13
1012312288YR751NEO35T,东祥路（东二路-苎萝东路）,诸暨市,38,7,2025-03-03 12:51:13
1012312288YR5F42HE329,红旗路（人民中路-浣纱中路）,诸暨市,16,7,2025-03-03 12:51:13
1012312288YR57VMEIUBL,大桥东路（大桥东路9号-江东路）,诸暨市,34,18,2025-03-03 12:51:13
1019Q6UK2GUCAV5,市民公园地下停车场,诸暨市,227,125,2025-03-03 12:51:13
1012312288YRBZRTXR0G1,望江三路（高湖路-江东路）,诸暨市,15,11,2025-03-03 12:51:13
1012312288YR5RTTNITC1,艮塔东路（江东路-高湖路）,诸暨市,39,22,2025-03-03 12:51:13
10124013095GY8GDKUBY9,艮塔东路（高湖路-暨东路）,诸暨市,16,15,2025-03-03 12:51:13
10124013095H4QPBO8UF5,东兴路50弄,诸暨市,7,7,2025-03-03 12:51:13
1012312298YXHTPH9LYPT,东二路123弄（东旺路188弄-东二路）,诸暨市,61,25,2025-03-03 12:51:13
10124012093FZKG7Y8M4H,永昌南路（东一路-东二路）,诸暨市,63,57,2025-03-03 12:51:13
1012401199375YC6OSJ5T,东三路（东二环路-东旺路）,诸暨市,121,83,2025-03-03 12:51:13
1012312288YRBP13VO9A9,江东路（望江二路-望江三路）,诸暨市,13,6,2025-03-03 12:51:13
1012312288YRBEU44Q1VL,滨江中路（艮塔东路-望江三路）,诸暨市,25,12,2025-03-03 12:51:13
1012312288YRB62F6P9TT,浣纱南路（南兴路-南屏路）,诸暨市,60,40,2025-03-03 12:51:13
1012312288YR3MBVY988X,东兴北路（江东路-福门路）,诸暨市,19,16,2025-03-03 12:41:15
1012312288YR5XYT44YKH,艮塔东路（苎萝东路-东二路）,诸暨市,142,117,2025-03-03 12:41:15
1012312288YR5JPT2UOZL,东兴路（苎萝东路-东二路）,诸暨市,62,35,2025-03-03 12:41:15
1019REU2R6D37Y9,城东公园地下停车场,诸暨市,601,338,2025-03-03 12:41:15
1012312288YRBA0HET81T,江东路（大桥东路-望江一路）,诸暨市,10,6,2025-03-03 12:41:15
1012312288YR3EFRI1BSX,滨江南路（滨江支路-浣东中路）,诸暨市,64,46,2025-03-03 12:41:15
1019N4FJ7J6DUYP,篮球场停车场,诸暨市,182,36,2025-03-03 12:41:15
1012312298YXIJSNZ82YP,东二路129弄（东一路88弄-东二路123弄）,诸暨市,10,10,2025-03-03 12:41:15
1012312288YRBWX8BW5Q9,望江二路（浣东北路-高湖路）,诸暨市,5,1,2025-03-03 12:41:15
1012312268YD5WN09GPVL,八一横路（暨阳路-无名路）,诸暨市,46,21,2025-03-03 12:41:14
1012312288YR61OZ7SOW1,浣纱中路（南屏路-西施大街）,诸暨市,14,11,2025-03-03 12:41:14
1012312288YR9LAB60FEP,苎萝东路（东兴路-东安路）,诸暨市,45,39,2025-03-03 12:41:14
1012312288YR3IHRSDDZ5,滨江南路（大桥东路-西施大街）,诸暨市,13,9,2025-03-03 12:41:14
1012312288YRC2EJF5N9D,望江三路（浣东北路-高湖路）,诸暨市,11,6,2025-03-03 12:41:14
1012312288YR6IWIX5X4X,苎萝东路（东二环路-东旺路）,诸暨市,18,10,2025-03-03 12:41:14
1012312288YR53DTVACCH,滨江南路（西施大街-滨江支路）,诸暨市,33,8,2025-03-03 12:41:14
1012312288YRBI4HZHCE9,江东路（西施大街-大桥东路）,诸暨市,6,1,2025-03-03 12:41:14
1012312288YR8IX5J60OX,东旺路218弄（东旺路-融媒体中心）,诸暨市,29,11,2025-03-03 12:41:14
1012312288YR9D2CJ4741,东二路（东祥路-环城东路）,诸暨市,25,10,2025-03-03 12:41:14
1012312288YR68DOZJDVL,体育路（体育路二弄-红旗路）,诸暨市,12,7,2025-03-03 12:41:14
1012312288YRBLMRYOUTD,江东路（望江一路-望江二路）,诸暨市,18,11,2025-03-03 12:41:14
1012312288YR57VMEIUBL,大桥东路（大桥东路9号-江东路）,诸暨市,34,21,2025-03-03 12:41:14
1012312288YR6EYGP1YWX,万风新世界（暨阳路-上庄路）,诸暨市,20,4,2025-03-03 12:41:14
10124013095H4QPBO8UF5,东兴路50弄,诸暨市,7,7,2025-03-03 12:41:14
1012312288YR5B22720W1,大桥东路（江东路-五角广场）,诸暨市,58,39,2025-03-03 12:41:14
1012312288YR9376YUBK1,东旺路（东旺路150弄-苎萝东路）,诸暨市,18,4,2025-03-03 12:41:14
10124013095HHCMD4CC1T,艮塔东路（交通银行）,诸暨市,35,33,2025-03-03 12:41:14
1019SEVYY7X0W75,十里牌停车场,诸暨市,69,69,2025-03-03 12:41:14
1019PDAS7RIP7GH,市民公园东北面停车场,诸暨市,27,8,2025-03-03 12:41:14
1012312288YR89HS7SKXT,东旺路（东旺路150弄-东二路）,诸暨市,18,6,2025-03-03 12:41:14
1012312298YXGS3Y2CBNL,东旺路188弄（东旺路-东二环路）,诸暨市,10,5,2025-03-03 12:41:14
1012312288YRADOD6CUM9,南兴路（南庠路-人民南路）,诸暨市,25,25,2025-03-03 12:41:14
1012312288YR7V8S6IBCX,东一路88弄（东一路82弄-东一路）,诸暨市,27,7,2025-03-03 12:41:14
1012312298YXIV34CFDVL,东一路82弄（东二路123弄-东二路）,诸暨市,6,4,2025-03-03 12:41:14
1012312288YRBZRTXR0G1,望江三路（高湖路-江东路）,诸暨市,15,9,2025-03-03 12:41:14
1012312288YR8GIC67LS1,东旺路218弄(东旺路206弄-融媒体中心）,诸暨市,22,7,2025-03-03 12:41:14
1012312288YR6C3V37475,体育路（体育路-大桥东路）,诸暨市,8,1,2025-03-03 12:41:14
1012312268YDHM7XGW3Y9,艮塔东路（滨江北路-江东路),诸暨市,33,26,2025-03-03 12:41:14
1012312288YRBEU44Q1VL,滨江中路（艮塔东路-望江三路）,诸暨市,25,13,2025-03-03 12:41:14
1019PRTQD59LIWX,永乐路停车场,诸暨市,91,55,2025-03-03 12:41:14
1012312288YR9ABOZHGCH,东二路（东旺路-东二环路）,诸暨市,47,32,2025-03-03 12:41:14
1012312288YR7HFKE4HKX,西施大街（浣纱中路-人民中路）,诸暨市,28,15,2025-03-03 12:41:14
1019MAR69WRHHXD,西子公寓停车场,诸暨市,91,76,2025-03-03 12:41:14
1012405079PB3TJY248W1,东三路（应山公园-东旺路）,诸暨市,44,42,2025-03-03 12:41:14
1019B4Y82CZPJ41,诸暨浣东中路停车场,诸暨市,37,29,2025-03-03 12:41:14
1012312288YRBS7JO7FUP,望江二路（高湖路-江东路）,诸暨市,10,6,2025-03-03 12:41:14
1012312288YRB24CYLBLT,浣纱南路（苎萝路-南兴路）,诸暨市,19,16,2025-03-03 12:41:14
1012312288YRAXUGJT1J5,浣纱北路（大桥路-艮塔路）,诸暨市,59,34,2025-03-03 12:41:14
1012312288YRAV3T06ARL,滨江中路（望江三路-望江二路）,诸暨市,30,29,2025-03-03 12:41:14
1012312288YR5UKH75K3L,艮塔东路（东二路-东一路),诸暨市,101,80,2025-03-03 12:41:14
1012312288YR8ZSV1UX35,东旺路150弄（东二环路-东旺路）,诸暨市,88,52,2025-03-03 12:41:14
1012312288YRAJXAP73SX,滨江中路（望江二路-大桥东路）,诸暨市,45,31,2025-03-03 12:41:14
1012312288YR8VUSTQYV5,东旺路182弄(康华大厦-东旺路),诸暨市,19,4,2025-03-03 12:41:13
1012312288YR7N8PO2AYP,东一路68弄（东二路-东一路）,诸暨市,46,18,2025-03-03 12:41:13
1012312288YR79Z86T0XT,暨东路70弄（东一路-东旺路218弄）,诸暨市,32,9,2025-03-03 12:41:13
1012312288YR7CTTSNVNL,苎萝东路（环城东路-东兴路）,诸暨市,86,60,2025-03-03 12:41:13
1012312298YXHTPH9LYPT,东二路123弄（东旺路188弄-东二路）,诸暨市,61,23,2025-03-03 12:41:13
1012312288YR85VK6CYKH,和济路（东祥路-东旺路）,诸暨市,90,68,2025-03-03 12:41:13
1012312288YR7YF7Z1HXD,高湖路（望江二路-望江一路）,诸暨市,18,8,2025-03-03 12:41:13
1012405049OQ8ZNVP3U2P,苎萝东路（东二环路-东旺路）1,诸暨市,29,21,2025-03-03 12:41:13
1012312288YR9HG704L4X,苎萝东路（东福路-东三环路）,诸暨市,107,107,2025-03-03 12:41:13
1012312288YR5RTTNITC1,艮塔东路（江东路-高湖路）,诸暨市,39,20,2025-03-03 12:41:13
1012312288YRBP13VO9A9,江东路（望江二路-望江三路）,诸暨市,13,2,2025-03-03 12:41:13
1012312288YR9VX35V2M9,苎萝东路（环城东路-东祥路）,诸暨市,17,3,2025-03-03 12:41:13
1012312288YR5F42HE329,红旗路（人民中路-浣纱中路）,诸暨市,16,6,2025-03-03 12:41:13
1012312288YRB62F6P9TT,浣纱南路（南兴路-南屏路）,诸暨市,60,37,2025-03-03 12:41:13
1019Q6UK2GUCAV5,市民公园地下停车场,诸暨市,227,125,2025-03-03 12:41:13
10124013095GY8GDKUBY9,艮塔东路（高湖路-暨东路）,诸暨市,16,16,2025-03-03 12:41:13
1012312288YR7K67XR8CH,望江一路（浣东北路-江东路）,诸暨市,14,9,2025-03-03 12:41:13
1012312288YR9PO5N0TFL,苎萝东路（环城东路-东旺路）,诸暨市,54,43,2025-03-03 12:41:13
1012401199375YC6OSJ5T,东三路（东二环路-东旺路）,诸暨市,121,83,2025-03-03 12:41:13
10124012093FZKG7Y8M4H,永昌南路（东一路-东二路）,诸暨市,63,56,2025-03-03 12:41:13
1019QKKS3RWOFEP,人防大厦停车场,诸暨市,48,8,2025-03-03 12:41:13
1012312288YR825E2P88X,苎萝东路（东二环路-东福路),诸暨市,115,87,2025-03-03 12:41:13
1012312288YR5NVRFEV41,东安路(东二路-苎萝东路),诸暨市,6,4,2025-03-03 12:41:13
1012312288YR64NIVVNK1,浣纱中路（西施大街-大桥东路）,诸暨市,23,10,2025-03-03 12:41:13
1012312288YR751NEO35T,东祥路（东二路-苎萝东路）,诸暨市,38,9,2025-03-03 12:41:13
1019S5R3X1SOHS1,一百淘宝城停车场,诸暨市,105,40,2025-03-03 12:41:13
1012312288YRC518WKA2P,望江三路（江东路-滨江中路）,诸暨市,5,1,2025-03-03 12:41:13
1019REU2R6D37Y9,城东公园地下停车场,诸暨市,601,339,2025-03-03 12:31:15
1019PRTQD59LIWX,永乐路停车场,诸暨市,91,55,2025-03-03 12:31:15
1012312288YR7V8S6IBCX,东一路88弄（东一路82弄-东一路）,诸暨市,27,8,2025-03-03 12:31:15
1012312288YR68DOZJDVL,体育路（体育路二弄-红旗路）,诸暨市,12,8,2025-03-03 12:31:15
1012312288YRB24CYLBLT,浣纱南路（苎萝路-南兴路）,诸暨市,19,14,2025-03-03 12:31:15
1012312288YRBS7JO7FUP,望江二路（高湖路-江东路）,诸暨市,10,6,2025-03-03 12:31:15
1019N4FJ7J6DUYP,篮球场停车场,诸暨市,182,36,2025-03-03 12:31:15
1012312288YR3EFRI1BSX,滨江南路（滨江支路-浣东中路）,诸暨市,64,49,2025-03-03 12:31:15
1012312288YRAV3T06ARL,滨江中路（望江三路-望江二路）,诸暨市,30,29,2025-03-03 12:31:15
1012312288YR89HS7SKXT,东旺路（东旺路150弄-东二路）,诸暨市,18,3,2025-03-03 12:31:15
1012312288YR5XYT44YKH,艮塔东路（苎萝东路-东二路）,诸暨市,142,113,2025-03-03 12:31:15
1012312298YXIV34CFDVL,东一路82弄（东二路123弄-东二路）,诸暨市,6,5,2025-03-03 12:31:15
1012312288YRBA0HET81T,江东路（大桥东路-望江一路）,诸暨市,10,5,2025-03-03 12:31:15
1012312288YR3MBVY988X,东兴北路（江东路-福门路）,诸暨市,19,15,2025-03-03 12:31:15
1012312288YR6EYGP1YWX,万风新世界（暨阳路-上庄路）,诸暨市,20,2,2025-03-03 12:31:15
1012405079PB3TJY248W1,东三路（应山公园-东旺路）,诸暨市,44,42,2025-03-03 12:31:15
1012312298YXIJSNZ82YP,东二路129弄（东一路88弄-东二路123弄）,诸暨市,10,10,2025-03-03 12:31:15
1012312288YR3IHRSDDZ5,滨江南路（大桥东路-西施大街）,诸暨市,13,8,2025-03-03 12:31:15
1019B4Y82CZPJ41,诸暨浣东中路停车场,诸暨市,37,26,2025-03-03 12:31:15
1012312288YRBI4HZHCE9,江东路（西施大街-大桥东路）,诸暨市,6,1,2025-03-03 12:31:15
1012312288YR5UKH75K3L,艮塔东路（东二路-东一路),诸暨市,101,77,2025-03-03 12:31:15
1012312288YR5JPT2UOZL,东兴路（苎萝东路-东二路）,诸暨市,62,34,2025-03-03 12:31:15
1012312288YRC2EJF5N9D,望江三路（浣东北路-高湖路）,诸暨市,11,8,2025-03-03 12:31:15
1012312288YRBLMRYOUTD,江东路（望江一路-望江二路）,诸暨市,18,14,2025-03-03 12:31:15
1012312288YR9LAB60FEP,苎萝东路（东兴路-东安路）,诸暨市,45,37,2025-03-03 12:31:15
1012312288YR6C3V37475,体育路（体育路-大桥东路）,诸暨市,8,3,2025-03-03 12:31:15
1019MAR69WRHHXD,西子公寓停车场,诸暨市,91,78,2025-03-03 12:31:15
1012312288YR61OZ7SOW1,浣纱中路（南屏路-西施大街）,诸暨市,14,11,2025-03-03 12:31:15
1012312268YDHM7XGW3Y9,艮塔东路（滨江北路-江东路),诸暨市,33,28,2025-03-03 12:31:15
1012312288YR9D2CJ4741,东二路（东祥路-环城东路）,诸暨市,25,9,2025-03-03 12:31:15
1012312288YRBWX8BW5Q9,望江二路（浣东北路-高湖路）,诸暨市,5,2,2025-03-03 12:31:15
1012312288YR79Z86T0XT,暨东路70弄（东一路-东旺路218弄）,诸暨市,32,8,2025-03-03 12:31:14
1012312288YR5NVRFEV41,东安路(东二路-苎萝东路),诸暨市,6,5,2025-03-03 12:31:14
1012312288YR85VK6CYKH,和济路（东祥路-东旺路）,诸暨市,90,73,2025-03-03 12:31:14
1012312288YR7K67XR8CH,望江一路（浣东北路-江东路）,诸暨市,14,8,2025-03-03 12:31:14
1012312288YR8IX5J60OX,东旺路218弄（东旺路-融媒体中心）,诸暨市,29,8,2025-03-03 12:31:14
1019S5R3X1SOHS1,一百淘宝城停车场,诸暨市,105,40,2025-03-03 12:31:14
1012312288YR5F42HE329,红旗路（人民中路-浣纱中路）,诸暨市,16,5,2025-03-03 12:31:14
1012312288YR8ZSV1UX35,东旺路150弄（东二环路-东旺路）,诸暨市,88,52,2025-03-03 12:31:14
1019Q6UK2GUCAV5,市民公园地下停车场,诸暨市,227,125,2025-03-03 12:31:14
10124013095GY8GDKUBY9,艮塔东路（高湖路-暨东路）,诸暨市,16,13,2025-03-03 12:31:14
1012312298YXGS3Y2CBNL,东旺路188弄（东旺路-东二环路）,诸暨市,10,4,2025-03-03 12:31:14
1012312288YRADOD6CUM9,南兴路（南庠路-人民南路）,诸暨市,25,25,2025-03-03 12:31:14
1012312288YR7N8PO2AYP,东一路68弄（东二路-东一路）,诸暨市,46,17,2025-03-03 12:31:14
1012312288YR7HFKE4HKX,西施大街（浣纱中路-人民中路）,诸暨市,28,16,2025-03-03 12:31:14
1012312288YR5RTTNITC1,艮塔东路（江东路-高湖路）,诸暨市,39,16,2025-03-03 12:31:14
10124012093FZKG7Y8M4H,永昌南路（东一路-东二路）,诸暨市,63,57,2025-03-03 12:31:14
1012312268YD5WN09GPVL,八一横路（暨阳路-无名路）,诸暨市,46,10,2025-03-03 12:31:14
1012312288YRC518WKA2P,望江三路（江东路-滨江中路）,诸暨市,5,2,2025-03-03 12:31:14
1012312288YRB62F6P9TT,浣纱南路（南兴路-南屏路）,诸暨市,60,39,2025-03-03 12:31:14
1012312288YR7CTTSNVNL,苎萝东路（环城东路-东兴路）,诸暨市,86,63,2025-03-03 12:31:14
10124013095H4QPBO8UF5,东兴路50弄,诸暨市,7,7,2025-03-03 12:31:14
10124013095HHCMD4CC1T,艮塔东路（交通银行）,诸暨市,35,34,2025-03-03 12:31:14
1012312288YRBZRTXR0G1,望江三路（高湖路-江东路）,诸暨市,15,8,2025-03-03 12:31:14
1012312288YR9HG704L4X,苎萝东路（东福路-东三环路）,诸暨市,107,107,2025-03-03 12:31:14
1012312288YR7YF7Z1HXD,高湖路（望江二路-望江一路）,诸暨市,18,8,2025-03-03 12:31:14
1012312288YR8GIC67LS1,东旺路218弄(东旺路206弄-融媒体中心）,诸暨市,22,7,2025-03-03 12:31:14
1012312288YRAXUGJT1J5,浣纱北路（大桥路-艮塔路）,诸暨市,59,33,2025-03-03 12:31:14
1012312288YR57VMEIUBL,大桥东路（大桥东路9号-江东路）,诸暨市,34,22,2025-03-03 12:31:14
1012312288YR751NEO35T,东祥路（东二路-苎萝东路）,诸暨市,38,9,2025-03-03 12:31:14
1012405049OQ8ZNVP3U2P,苎萝东路（东二环路-东旺路）1,诸暨市,29,19,2025-03-03 12:31:14
1012312298YXHTPH9LYPT,东二路123弄（东旺路188弄-东二路）,诸暨市,61,28,2025-03-03 12:31:14
1019SEVYY7X0W75,十里牌停车场,诸暨市,69,68,2025-03-03 12:31:14
1012312288YR5B22720W1,大桥东路（江东路-五角广场）,诸暨市,58,37,2025-03-03 12:31:14
1012312288YR64NIVVNK1,浣纱中路（西施大街-大桥东路）,诸暨市,23,6,2025-03-03 12:31:14
1019PDAS7RIP7GH,市民公园东北面停车场,诸暨市,27,7,2025-03-03 12:31:14
1012312288YRBEU44Q1VL,滨江中路（艮塔东路-望江三路）,诸暨市,25,17,2025-03-03 12:31:14
1012312288YR6IWIX5X4X,苎萝东路（东二环路-东旺路）,诸暨市,18,9,2025-03-03 12:31:14
1019QKKS3RWOFEP,人防大厦停车场,诸暨市,48,7,2025-03-03 12:31:14
1012312288YRAJXAP73SX,滨江中路（望江二路-大桥东路）,诸暨市,45,30,2025-03-03 12:31:14
1012312288YR53DTVACCH,滨江南路（西施大街-滨江支路）,诸暨市,33,8,2025-03-03 12:31:14
1012312288YRBP13VO9A9,江东路（望江二路-望江三路）,诸暨市,13,5,2025-03-03 12:31:14
1012312288YR9376YUBK1,东旺路（东旺路150弄-苎萝东路）,诸暨市,18,4,2025-03-03 12:31:14
1012312288YR825E2P88X,苎萝东路（东二环路-东福路),诸暨市,115,82,2025-03-03 12:31:14
1012312288YR9VX35V2M9,苎萝东路（环城东路-东祥路）,诸暨市,17,4,2025-03-03 12:31:14
1012312288YR9ABOZHGCH,东二路（东旺路-东二环路）,诸暨市,47,30,2025-03-03 12:31:14
1012401199375YC6OSJ5T,东三路（东二环路-东旺路）,诸暨市,121,81,2025-03-03 12:31:14
1012312288YR8VUSTQYV5,东旺路182弄(康华大厦-东旺路),诸暨市,19,6,2025-03-03 12:31:14
1012312288YR9PO5N0TFL,苎萝东路（环城东路-东旺路）,诸暨市,54,43,2025-03-03 12:31:14
1012312288YRBLMRYOUTD,江东路（望江一路-望江二路）,诸暨市,18,13,2025-03-03 12:20:02
1012312288YRB24CYLBLT,浣纱南路（苎萝路-南兴路）,诸暨市,19,12,2025-03-03 12:20:02
1012312288YR9LAB60FEP,苎萝东路（东兴路-东安路）,诸暨市,45,35,2025-03-03 12:20:02
1012312288YR68DOZJDVL,体育路（体育路二弄-红旗路）,诸暨市,12,9,2025-03-03 12:20:02
1012405079PB3TJY248W1,东三路（应山公园-东旺路）,诸暨市,44,42,2025-03-03 12:20:02
1019MAR69WRHHXD,西子公寓停车场,诸暨市,91,77,2025-03-03 12:20:02
1012312288YRBS7JO7FUP,望江二路（高湖路-江东路）,诸暨市,10,6,2025-03-03 12:20:02
1012312288YRBI4HZHCE9,江东路（西施大街-大桥东路）,诸暨市,6,2,2025-03-03 12:20:02
1019REU2R6D37Y9,城东公园地下停车场,诸暨市,601,339,2025-03-03 12:20:02
1019PRTQD59LIWX,永乐路停车场,诸暨市,91,55,2025-03-03 12:20:02
1012312288YR7V8S6IBCX,东一路88弄（东一路82弄-东一路）,诸暨市,27,11,2025-03-03 12:20:02
1012312288YR3MBVY988X,东兴北路（江东路-福门路）,诸暨市,19,15,2025-03-03 12:20:02
1012312288YR3IHRSDDZ5,滨江南路（大桥东路-西施大街）,诸暨市,13,8,2025-03-03 12:20:02
1012312288YR3EFRI1BSX,滨江南路（滨江支路-浣东中路）,诸暨市,64,53,2025-03-03 12:20:02
1012312288YRBWX8BW5Q9,望江二路（浣东北路-高湖路）,诸暨市,5,2,2025-03-03 12:20:02
1019B4Y82CZPJ41,诸暨浣东中路停车场,诸暨市,37,28,2025-03-03 12:20:02
1019N4FJ7J6DUYP,篮球场停车场,诸暨市,182,37,2025-03-03 12:20:02
1012312288YR5XYT44YKH,艮塔东路（苎萝东路-东二路）,诸暨市,142,114,2025-03-03 12:20:02
1012312288YRBA0HET81T,江东路（大桥东路-望江一路）,诸暨市,10,5,2025-03-03 12:20:02
1012312298YXIJSNZ82YP,东二路129弄（东一路88弄-东二路123弄）,诸暨市,10,10,2025-03-03 12:20:02
1012312288YR5JPT2UOZL,东兴路（苎萝东路-东二路）,诸暨市,62,34,2025-03-03 12:20:02
1012312288YR89HS7SKXT,东旺路（东旺路150弄-东二路）,诸暨市,18,4,2025-03-03 12:20:02
1012312288YR61OZ7SOW1,浣纱中路（南屏路-西施大街）,诸暨市,14,9,2025-03-03 12:20:01
1012312288YR8GIC67LS1,东旺路218弄(东旺路206弄-融媒体中心）,诸暨市,22,7,2025-03-03 12:20:01
1012312288YR6EYGP1YWX,万风新世界（暨阳路-上庄路）,诸暨市,20,2,2025-03-03 12:20:01
1012312288YR79Z86T0XT,暨东路70弄（东一路-东旺路218弄）,诸暨市,32,7,2025-03-03 12:20:01
1012312268YDHM7XGW3Y9,艮塔东路（滨江北路-江东路),诸暨市,33,27,2025-03-03 12:20:01
1012312298YXGS3Y2CBNL,东旺路188弄（东旺路-东二环路）,诸暨市,10,7,2025-03-03 12:20:01
1012312288YR9376YUBK1,东旺路（东旺路150弄-苎萝东路）,诸暨市,18,4,2025-03-03 12:20:01
1012312288YRADOD6CUM9,南兴路（南庠路-人民南路）,诸暨市,25,25,2025-03-03 12:20:01
1012312288YRBZRTXR0G1,望江三路（高湖路-江东路）,诸暨市,15,7,2025-03-03 12:20:01
10124013095HHCMD4CC1T,艮塔东路（交通银行）,诸暨市,35,35,2025-03-03 12:20:01
1012312288YR53DTVACCH,滨江南路（西施大街-滨江支路）,诸暨市,33,8,2025-03-03 12:20:01
1019SEVYY7X0W75,十里牌停车场,诸暨市,69,68,2025-03-03 12:20:01
1012312288YR9D2CJ4741,东二路（东祥路-环城东路）,诸暨市,25,10,2025-03-03 12:20:01
1012312288YRAXUGJT1J5,浣纱北路（大桥路-艮塔路）,诸暨市,59,39,2025-03-03 12:20:01
1012312268YD5WN09GPVL,八一横路（暨阳路-无名路）,诸暨市,46,11,2025-03-03 12:20:01
1012312288YRC518WKA2P,望江三路（江东路-滨江中路）,诸暨市,5,3,2025-03-03 12:20:01
1012312288YR7HFKE4HKX,西施大街（浣纱中路-人民中路）,诸暨市,28,11,2025-03-03 12:20:01
1012312288YRAV3T06ARL,滨江中路（望江三路-望江二路）,诸暨市,30,28,2025-03-03 12:20:01
1012312288YR6C3V37475,体育路（体育路-大桥东路）,诸暨市,8,1,2025-03-03 12:20:01
1012312288YR8IX5J60OX,东旺路218弄（东旺路-融媒体中心）,诸暨市,29,3,2025-03-03 12:20:01
1012312288YR7CTTSNVNL,苎萝东路（环城东路-东兴路）,诸暨市,86,63,2025-03-03 12:20:01
1012312288YR5B22720W1,大桥东路（江东路-五角广场）,诸暨市,58,40,2025-03-03 12:20:01
1012312288YR9ABOZHGCH,东二路（东旺路-东二环路）,诸暨市,47,35,2025-03-03 12:20:01
1012312288YR5UKH75K3L,艮塔东路（东二路-东一路),诸暨市,101,74,2025-03-03 12:20:01
1012312288YRAJXAP73SX,滨江中路（望江二路-大桥东路）,诸暨市,45,32,2025-03-03 12:20:01
10124013095H4QPBO8UF5,东兴路50弄,诸暨市,7,7,2025-03-03 12:20:01
1012312288YRC2EJF5N9D,望江三路（浣东北路-高湖路）,诸暨市,11,8,2025-03-03 12:20:01
1012312288YR8ZSV1UX35,东旺路150弄（东二环路-东旺路）,诸暨市,88,53,2025-03-03 12:20:01
1012312288YR57VMEIUBL,大桥东路（大桥东路9号-江东路）,诸暨市,34,20,2025-03-03 12:20:01
1019PDAS7RIP7GH,市民公园东北面停车场,诸暨市,27,8,2025-03-03 12:20:01
1012312298YXIV34CFDVL,东一路82弄（东二路123弄-东二路）,诸暨市,6,5,2025-03-03 12:20:01
1012312288YR5RTTNITC1,艮塔东路（江东路-高湖路）,诸暨市,39,18,2025-03-03 12:20:01
1012312288YR6IWIX5X4X,苎萝东路（东二环路-东旺路）,诸暨市,18,10,2025-03-03 12:20:01
1012312288YR7K67XR8CH,望江一路（浣东北路-江东路）,诸暨市,14,4,2025-03-03 12:20:01
1012312288YRBEU44Q1VL,滨江中路（艮塔东路-望江三路）,诸暨市,25,16,2025-03-03 12:20:01
1012312298YXHTPH9LYPT,东二路123弄（东旺路188弄-东二路）,诸暨市,61,31,2025-03-03 12:20:00
1012312288YRB62F6P9TT,浣纱南路（南兴路-南屏路）,诸暨市,60,33,2025-03-03 12:20:00
10124012093FZKG7Y8M4H,永昌南路（东一路-东二路）,诸暨市,63,58,2025-03-03 12:20:00
1012401199375YC6OSJ5T,东三路（东二环路-东旺路）,诸暨市,121,86,2025-03-03 12:20:00
1012312288YR9HG704L4X,苎萝东路（东福路-东三环路）,诸暨市,107,107,2025-03-03 12:20:00
10124013095GY8GDKUBY9,艮塔东路（高湖路-暨东路）,诸暨市,16,15,2025-03-03 12:20:00
1012312288YR825E2P88X,苎萝东路（东二环路-东福路),诸暨市,115,83,2025-03-03 12:20:00
1012312288YRBP13VO9A9,江东路（望江二路-望江三路）,诸暨市,13,2,2025-03-03 12:20:00
1012312288YR8VUSTQYV5,东旺路182弄(康华大厦-东旺路),诸暨市,19,5,2025-03-03 12:20:00
1012312288YR9VX35V2M9,苎萝东路（环城东路-东祥路）,诸暨市,17,5,2025-03-03 12:20:00
1012405049OQ8ZNVP3U2P,苎萝东路（东二环路-东旺路）1,诸暨市,29,19,2025-03-03 12:20:00
1012312288YR64NIVVNK1,浣纱中路（西施大街-大桥东路）,诸暨市,23,7,2025-03-03 12:20:00
1012312288YR7YF7Z1HXD,高湖路（望江二路-望江一路）,诸暨市,18,8,2025-03-03 12:20:00
1012312288YR5F42HE329,红旗路（人民中路-浣纱中路）,诸暨市,16,5,2025-03-03 12:20:00
1012312288YR85VK6CYKH,和济路（东祥路-东旺路）,诸暨市,90,74,2025-03-03 12:20:00
1019QKKS3RWOFEP,人防大厦停车场,诸暨市,48,8,2025-03-03 12:20:00
1012312288YR5NVRFEV41,东安路(东二路-苎萝东路),诸暨市,6,5,2025-03-03 12:20:00
1012312288YR7N8PO2AYP,东一路68弄（东二路-东一路）,诸暨市,46,18,2025-03-03 12:20:00
1019S5R3X1SOHS1,一百淘宝城停车场,诸暨市,105,40,2025-03-03 12:20:00
1012312288YR9PO5N0TFL,苎萝东路（环城东路-东旺路）,诸暨市,54,43,2025-03-03 12:20:00
1019Q6UK2GUCAV5,市民公园地下停车场,诸暨市,227,122,2025-03-03 12:20:00
1012312288YR751NEO35T,东祥路（东二路-苎萝东路）,诸暨市,38,10,2025-03-03 12:20:00
1012312288YRB24CYLBLT,浣纱南路（苎萝路-南兴路）,诸暨市,19,15,2025-03-03 12:11:15
1019REU2R6D37Y9,城东公园地下停车场,诸暨市,601,338,2025-03-03 12:11:15
1012312288YRBWX8BW5Q9,望江二路（浣东北路-高湖路）,诸暨市,5,3,2025-03-03 12:11:15
1012312288YR5XYT44YKH,艮塔东路（苎萝东路-东二路）,诸暨市,142,114,2025-03-03 12:11:15
1012312288YR3MBVY988X,东兴北路（江东路-福门路）,诸暨市,19,15,2025-03-03 12:11:15
1012312288YR3EFRI1BSX,滨江南路（滨江支路-浣东中路）,诸暨市,64,49,2025-03-03 12:11:15
1012312288YRBS7JO7FUP,望江二路（高湖路-江东路）,诸暨市,10,6,2025-03-03 12:11:15
1019N4FJ7J6DUYP,篮球场停车场,诸暨市,182,37,2025-03-03 12:11:15
1012312288YR3IHRSDDZ5,滨江南路（大桥东路-西施大街）,诸暨市,13,8,2025-03-03 12:11:15
1012312288YRBA0HET81T,江东路（大桥东路-望江一路）,诸暨市,10,8,2025-03-03 12:11:15
1012312288YR5JPT2UOZL,东兴路（苎萝东路-东二路）,诸暨市,62,33,2025-03-03 12:11:15
1012312298YXIJSNZ82YP,东二路129弄（东一路88弄-东二路123弄）,诸暨市,10,10,2025-03-03 12:11:15
1012312268YDHM7XGW3Y9,艮塔东路（滨江北路-江东路),诸暨市,33,25,2025-03-03 12:11:14
1012312288YR5UKH75K3L,艮塔东路（东二路-东一路),诸暨市,101,73,2025-03-03 12:11:14
1012312268YD5WN09GPVL,八一横路（暨阳路-无名路）,诸暨市,46,13,2025-03-03 12:11:14
1012312288YR9ABOZHGCH,东二路（东旺路-东二环路）,诸暨市,47,34,2025-03-03 12:11:14
1012312288YR6C3V37475,体育路（体育路-大桥东路）,诸暨市,8,1,2025-03-03 12:11:14
10124013095HHCMD4CC1T,艮塔东路（交通银行）,诸暨市,35,34,2025-03-03 12:11:14
1012312288YR7HFKE4HKX,西施大街（浣纱中路-人民中路）,诸暨市,28,13,2025-03-03 12:11:14
1012312288YR6SFUARGU9,东祥路19弄（东祥路-环城东路）,诸暨市,12,2,2025-03-03 12:11:14
1012312288YR8GIC67LS1,东旺路218弄(东旺路206弄-融媒体中心）,诸暨市,22,7,2025-03-03 12:11:14
1012405079PB3TJY248W1,东三路（应山公园-东旺路）,诸暨市,44,42,2025-03-03 12:11:14
1012312288YR8ZSV1UX35,东旺路150弄（东二环路-东旺路）,诸暨市,88,55,2025-03-03 12:11:14
1012312288YR6IWIX5X4X,苎萝东路（东二环路-东旺路）,诸暨市,18,9,2025-03-03 12:11:14
1012312288YRAV3T06ARL,滨江中路（望江三路-望江二路）,诸暨市,30,28,2025-03-03 12:11:14
1012312288YR57VMEIUBL,大桥东路（大桥东路9号-江东路）,诸暨市,34,22,2025-03-03 12:11:14
1019B4Y82CZPJ41,诸暨浣东中路停车场,诸暨市,37,29,2025-03-03 12:11:14
1012312288YR8IX5J60OX,东旺路218弄（东旺路-融媒体中心）,诸暨市,29,6,2025-03-03 12:11:14
1012312288YR5B22720W1,大桥东路（江东路-五角广场）,诸暨市,58,39,2025-03-03 12:11:14
1019MAR69WRHHXD,西子公寓停车场,诸暨市,91,76,2025-03-03 12:11:14
1012312288YR9376YUBK1,东旺路（东旺路150弄-苎萝东路）,诸暨市,18,4,2025-03-03 12:11:14
1012312288YR7V8S6IBCX,东一路88弄（东一路82弄-东一路）,诸暨市,27,10,2025-03-03 12:11:14
1012312298YXIV34CFDVL,东一路82弄（东二路123弄-东二路）,诸暨市,6,5,2025-03-03 12:11:14
1012312288YR89HS7SKXT,东旺路（东旺路150弄-东二路）,诸暨市,18,6,2025-03-03 12:11:14
1012312288YR9D2CJ4741,东二路（东祥路-环城东路）,诸暨市,25,10,2025-03-03 12:11:14
1012312288YR61OZ7SOW1,浣纱中路（南屏路-西施大街）,诸暨市,14,8,2025-03-03 12:11:14
1012312288YRC2EJF5N9D,望江三路（浣东北路-高湖路）,诸暨市,11,8,2025-03-03 12:11:14
1012312288YRBLMRYOUTD,江东路（望江一路-望江二路）,诸暨市,18,13,2025-03-03 12:11:14
1012312288YRBI4HZHCE9,江东路（西施大街-大桥东路）,诸暨市,6,2,2025-03-03 12:11:14
1019PRTQD59LIWX,永乐路停车场,诸暨市,91,55,2025-03-03 12:11:14
1019PDAS7RIP7GH,市民公园东北面停车场,诸暨市,27,7,2025-03-03 12:11:14
1012312288YR6EYGP1YWX,万风新世界（暨阳路-上庄路）,诸暨市,20,3,2025-03-03 12:11:14
1012312288YRAXUGJT1J5,浣纱北路（大桥路-艮塔路）,诸暨市,59,42,2025-03-03 12:11:14
1012312288YRAJXAP73SX,滨江中路（望江二路-大桥东路）,诸暨市,45,33,2025-03-03 12:11:14
10124013095H4QPBO8UF5,东兴路50弄,诸暨市,7,7,2025-03-03 12:11:14
1012312288YR9LAB60FEP,苎萝东路（东兴路-东安路）,诸暨市,45,36,2025-03-03 12:11:14
1012312288YR68DOZJDVL,体育路（体育路二弄-红旗路）,诸暨市,12,9,2025-03-03 12:11:14
1019SEVYY7X0W75,十里牌停车场,诸暨市,69,68,2025-03-03 12:11:14
1012312288YRBZRTXR0G1,望江三路（高湖路-江东路）,诸暨市,15,8,2025-03-03 12:11:14
1012312288YRC518WKA2P,望江三路（江东路-滨江中路）,诸暨市,5,1,2025-03-03 12:11:13
1012312288YR5F42HE329,红旗路（人民中路-浣纱中路）,诸暨市,16,4,2025-03-03 12:11:13
1012312288YR79Z86T0XT,暨东路70弄（东一路-东旺路218弄）,诸暨市,32,3,2025-03-03 12:11:13
1012312288YR85VK6CYKH,和济路（东祥路-东旺路）,诸暨市,90,68,2025-03-03 12:11:13
1019QKKS3RWOFEP,人防大厦停车场,诸暨市,48,9,2025-03-03 12:11:13
1012312288YR7N8PO2AYP,东一路68弄（东二路-东一路）,诸暨市,46,21,2025-03-03 12:11:13
1012312288YR8VUSTQYV5,东旺路182弄(康华大厦-东旺路),诸暨市,19,4,2025-03-03 12:11:13
1012312288YRBEU44Q1VL,滨江中路（艮塔东路-望江三路）,诸暨市,25,18,2025-03-03 12:11:13
1012405049OQ8ZNVP3U2P,苎萝东路（东二环路-东旺路）1,诸暨市,29,19,2025-03-03 12:11:13
1012312288YR9VX35V2M9,苎萝东路（环城东路-东祥路）,诸暨市,17,7,2025-03-03 12:11:13
1012312288YR9PO5N0TFL,苎萝东路（环城东路-东旺路）,诸暨市,54,43,2025-03-03 12:11:13
1012401199375YC6OSJ5T,东三路（东二环路-东旺路）,诸暨市,121,86,2025-03-03 12:11:13
1012312288YR9HG704L4X,苎萝东路（东福路-东三环路）,诸暨市,107,107,2025-03-03 12:11:13
1012312288YRB62F6P9TT,浣纱南路（南兴路-南屏路）,诸暨市,60,31,2025-03-03 12:11:13
1012312288YR7K67XR8CH,望江一路（浣东北路-江东路）,诸暨市,14,6,2025-03-03 12:11:13
1012312288YR64NIVVNK1,浣纱中路（西施大街-大桥东路）,诸暨市,23,9,2025-03-03 12:11:13
1012312288YR7YF7Z1HXD,高湖路（望江二路-望江一路）,诸暨市,18,9,2025-03-03 12:11:13
1012312288YR53DTVACCH,滨江南路（西施大街-滨江支路）,诸暨市,33,7,2025-03-03 12:11:13
10124013095GY8GDKUBY9,艮塔东路（高湖路-暨东路）,诸暨市,16,15,2025-03-03 12:11:13
1012312288YRADOD6CUM9,南兴路（南庠路-人民南路）,诸暨市,25,25,2025-03-03 12:11:13
10124012093FZKG7Y8M4H,永昌南路（东一路-东二路）,诸暨市,63,58,2025-03-03 12:11:13
1012312298YXHTPH9LYPT,东二路123弄（东旺路188弄-东二路）,诸暨市,61,32,2025-03-03 12:11:13
1019S5R3X1SOHS1,一百淘宝城停车场,诸暨市,105,40,2025-03-03 12:11:13
1012312288YR5RTTNITC1,艮塔东路（江东路-高湖路）,诸暨市,39,18,2025-03-03 12:11:13
1012312288YR751NEO35T,东祥路（东二路-苎萝东路）,诸暨市,38,12,2025-03-03 12:11:13
1012312288YRBP13VO9A9,江东路（望江二路-望江三路）,诸暨市,13,4,2025-03-03 12:11:13
1012312288YR7CTTSNVNL,苎萝东路（环城东路-东兴路）,诸暨市,86,68,2025-03-03 12:11:13
1012312288YR825E2P88X,苎萝东路（东二环路-东福路),诸暨市,115,86,2025-03-03 12:11:13
1012312288YR5NVRFEV41,东安路(东二路-苎萝东路),诸暨市,6,4,2025-03-03 12:11:13
1019Q6UK2GUCAV5,市民公园地下停车场,诸暨市,227,121,2025-03-03 12:11:13
1012312298YXGS3Y2CBNL,东旺路188弄（东旺路-东二环路）,诸暨市,10,7,2025-03-03 12:11:13
1012312288YRBA0HET81T,江东路（大桥东路-望江一路）,诸暨市,10,5,2025-03-03 12:00:07
1012312288YR5JPT2UOZL,东兴路（苎萝东路-东二路）,诸暨市,62,34,2025-03-03 12:00:07
1012312288YR3EFRI1BSX,滨江南路（滨江支路-浣东中路）,诸暨市,64,50,2025-03-03 12:00:07
1012312298YXIJSNZ82YP,东二路129弄（东一路88弄-东二路123弄）,诸暨市,10,10,2025-03-03 12:00:07
1019REU2R6D37Y9,城东公园地下停车场,诸暨市,601,338,2025-03-03 12:00:07
1012312288YR3MBVY988X,东兴北路（江东路-福门路）,诸暨市,19,18,2025-03-03 12:00:06
1012312288YRBWX8BW5Q9,望江二路（浣东北路-高湖路）,诸暨市,5,3,2025-03-03 12:00:06
1012312288YR6SFUARGU9,东祥路19弄（东祥路-环城东路）,诸暨市,12,1,2025-03-03 12:00:06
1012312288YRBLMRYOUTD,江东路（望江一路-望江二路）,诸暨市,18,13,2025-03-03 12:00:06
1012312288YR5XYT44YKH,艮塔东路（苎萝东路-东二路）,诸暨市,142,118,2025-03-03 12:00:06
1012312288YRBS7JO7FUP,望江二路（高湖路-江东路）,诸暨市,10,6,2025-03-03 12:00:06
1012312288YR3IHRSDDZ5,滨江南路（大桥东路-西施大街）,诸暨市,13,7,2025-03-03 12:00:06
1012312288YRB24CYLBLT,浣纱南路（苎萝路-南兴路）,诸暨市,19,14,2025-03-03 12:00:06
1019N4FJ7J6DUYP,篮球场停车场,诸暨市,182,37,2025-03-03 12:00:06
1012312288YR7V8S6IBCX,东一路88弄（东一路82弄-东一路）,诸暨市,27,13,2025-03-03 12:00:05
1012312288YR89HS7SKXT,东旺路（东旺路150弄-东二路）,诸暨市,18,6,2025-03-03 12:00:05
1012312288YR9LAB60FEP,苎萝东路（东兴路-东安路）,诸暨市,45,39,2025-03-03 12:00:05
1012312288YRBI4HZHCE9,江东路（西施大街-大桥东路）,诸暨市,6,1,2025-03-03 12:00:05
1019MAR69WRHHXD,西子公寓停车场,诸暨市,91,76,2025-03-03 12:00:05
1019PRTQD59LIWX,永乐路停车场,诸暨市,91,55,2025-03-03 12:00:05
1019B4Y82CZPJ41,诸暨浣东中路停车场,诸暨市,37,29,2025-03-03 12:00:05
1012312288YR61OZ7SOW1,浣纱中路（南屏路-西施大街）,诸暨市,14,6,2025-03-03 12:00:04
1012405079PB3TJY248W1,东三路（应山公园-东旺路）,诸暨市,44,41,2025-03-03 12:00:04
1012312288YR68DOZJDVL,体育路（体育路二弄-红旗路）,诸暨市,12,10,2025-03-03 12:00:04
1012312288YRC2EJF5N9D,望江三路（浣东北路-高湖路）,诸暨市,11,8,2025-03-03 12:00:04
1012312288YR5B22720W1,大桥东路（江东路-五角广场）,诸暨市,58,38,2025-03-03 12:00:03
1012312288YR5UKH75K3L,艮塔东路（东二路-东一路),诸暨市,101,71,2025-03-03 12:00:03
1012312268YDHM7XGW3Y9,艮塔东路（滨江北路-江东路),诸暨市,33,29,2025-03-03 12:00:03
1012312288YRAV3T06ARL,滨江中路（望江三路-望江二路）,诸暨市,30,28,2025-03-03 12:00:03
1012312288YR9D2CJ4741,东二路（东祥路-环城东路）,诸暨市,25,8,2025-03-03 12:00:03
1012312298YXIV34CFDVL,东一路82弄（东二路123弄-东二路）,诸暨市,6,5,2025-03-03 12:00:03
1012312288YR6EYGP1YWX,万风新世界（暨阳路-上庄路）,诸暨市,20,7,2025-03-03 12:00:03
1012312288YR57VMEIUBL,大桥东路（大桥东路9号-江东路）,诸暨市,34,23,2025-03-03 12:00:02
1012312288YRBZRTXR0G1,望江三路（高湖路-江东路）,诸暨市,15,7,2025-03-03 12:00:02
10124013095HHCMD4CC1T,艮塔东路（交通银行）,诸暨市,35,35,2025-03-03 12:00:02
1019PDAS7RIP7GH,市民公园东北面停车场,诸暨市,27,9,2025-03-03 12:00:02
1012312288YR9ABOZHGCH,东二路（东旺路-东二环路）,诸暨市,47,36,2025-03-03 12:00:02
1012312288YRAJXAP73SX,滨江中路（望江二路-大桥东路）,诸暨市,45,31,2025-03-03 12:00:02
10124013095H4QPBO8UF5,东兴路50弄,诸暨市,7,7,2025-03-03 12:00:01
1012312288YR8IX5J60OX,东旺路218弄（东旺路-融媒体中心）,诸暨市,29,8,2025-03-03 12:00:01
1012312268YD5WN09GPVL,八一横路（暨阳路-无名路）,诸暨市,46,15,2025-03-03 12:00:01
1012312288YR79Z86T0XT,暨东路70弄（东一路-东旺路218弄）,诸暨市,32,6,2025-03-03 12:00:01
1012312288YR7K67XR8CH,望江一路（浣东北路-江东路）,诸暨市,14,6,2025-03-03 12:00:01
1012312288YR9376YUBK1,东旺路（东旺路150弄-苎萝东路）,诸暨市,18,3,2025-03-03 12:00:01
1012312288YRBEU44Q1VL,滨江中路（艮塔东路-望江三路）,诸暨市,25,17,2025-03-03 12:00:01
1012312288YR8GIC67LS1,东旺路218弄(东旺路206弄-融媒体中心）,诸暨市,22,5,2025-03-03 12:00:01
1012312288YRADOD6CUM9,南兴路（南庠路-人民南路）,诸暨市,25,25,2025-03-03 12:00:01
1012312288YR5RTTNITC1,艮塔东路（江东路-高湖路）,诸暨市,39,19,2025-03-03 12:00:01
1012312288YR53DTVACCH,滨江南路（西施大街-滨江支路）,诸暨市,33,9,2025-03-03 12:00:01
1012312288YRC518WKA2P,望江三路（江东路-滨江中路）,诸暨市,5,3,2025-03-03 12:00:01
1012312288YRAXUGJT1J5,浣纱北路（大桥路-艮塔路）,诸暨市,59,42,2025-03-03 12:00:01
1012312288YR7CTTSNVNL,苎萝东路（环城东路-东兴路）,诸暨市,86,63,2025-03-03 12:00:01
1012312288YR6IWIX5X4X,苎萝东路（东二环路-东旺路）,诸暨市,18,9,2025-03-03 12:00:01
1012312288YR7HFKE4HKX,西施大街（浣纱中路-人民中路）,诸暨市,28,12,2025-03-03 12:00:01
1012312288YR8ZSV1UX35,东旺路150弄（东二环路-东旺路）,诸暨市,88,52,2025-03-03 12:00:01
1012312298YXGS3Y2CBNL,东旺路188弄（东旺路-东二环路）,诸暨市,10,6,2025-03-03 12:00:01
1012312288YR751NEO35T,东祥路（东二路-苎萝东路）,诸暨市,38,13,2025-03-03 12:00:01
1019SEVYY7X0W75,十里牌停车场,诸暨市,69,69,2025-03-03 12:00:01
1012312288YR9PO5N0TFL,苎萝东路（环城东路-东旺路）,诸暨市,54,43,2025-03-03 12:00:00
1012312288YR64NIVVNK1,浣纱中路（西施大街-大桥东路）,诸暨市,23,7,2025-03-03 12:00:00
1019Q6UK2GUCAV5,市民公园地下停车场,诸暨市,227,121,2025-03-03 12:00:00
1012312288YR5NVRFEV41,东安路(东二路-苎萝东路),诸暨市,6,3,2025-03-03 12:00:00
10124013095GY8GDKUBY9,艮塔东路（高湖路-暨东路）,诸暨市,16,14,2025-03-03 12:00:00
1012312288YRB62F6P9TT,浣纱南路（南兴路-南屏路）,诸暨市,60,33,2025-03-03 12:00:00
1012312288YR85VK6CYKH,和济路（东祥路-东旺路）,诸暨市,90,60,2025-03-03 12:00:00
1012312288YR9HG704L4X,苎萝东路（东福路-东三环路）,诸暨市,107,107,2025-03-03 12:00:00
1012312288YR8VUSTQYV5,东旺路182弄(康华大厦-东旺路),诸暨市,19,4,2025-03-03 12:00:00
1019QKKS3RWOFEP,人防大厦停车场,诸暨市,48,7,2025-03-03 12:00:00
1012312288YR7N8PO2AYP,东一路68弄（东二路-东一路）,诸暨市,46,13,2025-03-03 12:00:00
1012312288YR7YF7Z1HXD,高湖路（望江二路-望江一路）,诸暨市,18,11,2025-03-03 12:00:00
1012312288YRBP13VO9A9,江东路（望江二路-望江三路）,诸暨市,13,2,2025-03-03 12:00:00
1019S5R3X1SOHS1,一百淘宝城停车场,诸暨市,105,40,2025-03-03 12:00:00
1012312298YXHTPH9LYPT,东二路123弄（东旺路188弄-东二路）,诸暨市,61,32,2025-03-03 12:00:00
1012312288YR825E2P88X,苎萝东路（东二环路-东福路),诸暨市,115,82,2025-03-03 12:00:00
1012312288YR9VX35V2M9,苎萝东路（环城东路-东祥路）,诸暨市,17,5,2025-03-03 12:00:00
10124012093FZKG7Y8M4H,永昌南路（东一路-东二路）,诸暨市,63,58,2025-03-03 12:00:00
1012405049OQ8ZNVP3U2P,苎萝东路（东二环路-东旺路）1,诸暨市,29,17,2025-03-03 12:00:00
1012312288YR5F42HE329,红旗路（人民中路-浣纱中路）,诸暨市,16,2,2025-03-03 12:00:00
1012401199375YC6OSJ5T,东三路（东二环路-东旺路）,诸暨市,121,86,2025-03-03 12:00:00
1012312288YR5XYT44YKH,艮塔东路（苎萝东路-东二路）,诸暨市,142,117,2025-03-03 11:51:15
1012405079PB3TJY248W1,东三路（应山公园-东旺路）,诸暨市,44,41,2025-03-03 11:51:15
1012312288YRBLMRYOUTD,江东路（望江一路-望江二路）,诸暨市,18,16,2025-03-03 11:51:15
1012312288YRBI4HZHCE9,江东路（西施大街-大桥东路）,诸暨市,6,1,2025-03-03 11:51:15
1012312288YR3EFRI1BSX,滨江南路（滨江支路-浣东中路）,诸暨市,64,50,2025-03-03 11:51:15
1019N4FJ7J6DUYP,篮球场停车场,诸暨市,182,36,2025-03-03 11:51:15
1019MAR69WRHHXD,西子公寓停车场,诸暨市,91,76,2025-03-03 11:51:15
1012312288YRBWX8BW5Q9,望江二路（浣东北路-高湖路）,诸暨市,5,3,2025-03-03 11:51:15
1012312288YR3MBVY988X,东兴北路（江东路-福门路）,诸暨市,19,16,2025-03-03 11:51:15
1012312288YR3IHRSDDZ5,滨江南路（大桥东路-西施大街）,诸暨市,13,6,2025-03-03 11:51:15
1019PRTQD59LIWX,永乐路停车场,诸暨市,91,55,2025-03-03 11:51:15
1012312288YR5JPT2UOZL,东兴路（苎萝东路-东二路）,诸暨市,62,36,2025-03-03 11:51:15
1019REU2R6D37Y9,城东公园地下停车场,诸暨市,601,338,2025-03-03 11:51:15
1012312288YR7V8S6IBCX,东一路88弄（东一路82弄-东一路）,诸暨市,27,12,2025-03-03 11:51:15
1019B4Y82CZPJ41,诸暨浣东中路停车场,诸暨市,37,30,2025-03-03 11:51:15
1012312288YR89HS7SKXT,东旺路（东旺路150弄-东二路）,诸暨市,18,4,2025-03-03 11:51:15
1012312288YR9LAB60FEP,苎萝东路（东兴路-东安路）,诸暨市,45,40,2025-03-03 11:51:15
1012312298YXIJSNZ82YP,东二路129弄（东一路88弄-东二路123弄）,诸暨市,10,10,2025-03-03 11:51:15
1012312288YRBA0HET81T,江东路（大桥东路-望江一路）,诸暨市,10,4,2025-03-03 11:51:15
1012312288YRBS7JO7FUP,望江二路（高湖路-江东路）,诸暨市,10,7,2025-03-03 11:51:15
1012312288YRB24CYLBLT,浣纱南路（苎萝路-南兴路）,诸暨市,19,13,2025-03-03 11:51:15
1012312288YR7K67XR8CH,望江一路（浣东北路-江东路）,诸暨市,14,5,2025-03-03 11:51:14
1012312288YR7N8PO2AYP,东一路68弄（东二路-东一路）,诸暨市,46,15,2025-03-03 11:51:14
1012312288YR6C3V37475,体育路（体育路-大桥东路）,诸暨市,8,2,2025-03-03 11:51:14
1012312288YRAXUGJT1J5,浣纱北路（大桥路-艮塔路）,诸暨市,59,36,2025-03-03 11:51:14
1012312288YR57VMEIUBL,大桥东路（大桥东路9号-江东路）,诸暨市,34,21,2025-03-03 11:51:14
1012312288YR5RTTNITC1,艮塔东路（江东路-高湖路）,诸暨市,39,17,2025-03-03 11:51:14
1012312288YRC2EJF5N9D,望江三路（浣东北路-高湖路）,诸暨市,11,8,2025-03-03 11:51:14
1012312288YR79Z86T0XT,暨东路70弄（东一路-东旺路218弄）,诸暨市,32,10,2025-03-03 11:51:14
1012312288YR5B22720W1,大桥东路（江东路-五角广场）,诸暨市,58,42,2025-03-03 11:51:14
1012312288YR751NEO35T,东祥路（东二路-苎萝东路）,诸暨市,38,14,2025-03-03 11:51:14
1012312288YRAJXAP73SX,滨江中路（望江二路-大桥东路）,诸暨市,45,32,2025-03-03 11:51:14
1012312288YR9376YUBK1,东旺路（东旺路150弄-苎萝东路）,诸暨市,18,5,2025-03-03 11:51:14
1019PDAS7RIP7GH,市民公园东北面停车场,诸暨市,27,9,2025-03-03 11:51:14
1012312288YRAV3T06ARL,滨江中路（望江三路-望江二路）,诸暨市,30,29,2025-03-03 11:51:14
1012312288YR61OZ7SOW1,浣纱中路（南屏路-西施大街）,诸暨市,14,8,2025-03-03 11:51:14
1012312288YR64NIVVNK1,浣纱中路（西施大街-大桥东路）,诸暨市,23,8,2025-03-03 11:51:14
1012312268YDHM7XGW3Y9,艮塔东路（滨江北路-江东路),诸暨市,33,27,2025-03-03 11:51:14
1012312288YR6IWIX5X4X,苎萝东路（东二环路-东旺路）,诸暨市,18,9,2025-03-03 11:51:14
1012312288YR7HFKE4HKX,西施大街（浣纱中路-人民中路）,诸暨市,28,11,2025-03-03 11:51:14
1019SEVYY7X0W75,十里牌停车场,诸暨市,69,68,2025-03-03 11:51:14
1012312288YRBEU44Q1VL,滨江中路（艮塔东路-望江三路）,诸暨市,25,17,2025-03-03 11:51:14
1012312288YR5UKH75K3L,艮塔东路（东二路-东一路),诸暨市,101,77,2025-03-03 11:51:14
1012312288YR6EYGP1YWX,万风新世界（暨阳路-上庄路）,诸暨市,20,7,2025-03-03 11:51:14
1012312268YD5WN09GPVL,八一横路（暨阳路-无名路）,诸暨市,46,17,2025-03-03 11:51:14
1012312288YR9D2CJ4741,东二路（东祥路-环城东路）,诸暨市,25,9,2025-03-03 11:51:14
1012312288YR68DOZJDVL,体育路（体育路二弄-红旗路）,诸暨市,12,9,2025-03-03 11:51:14
1012312288YR53DTVACCH,滨江南路（西施大街-滨江支路）,诸暨市,33,9,2025-03-03 11:51:14
1012312288YR8ZSV1UX35,东旺路150弄（东二环路-东旺路）,诸暨市,88,60,2025-03-03 11:51:14
10124013095HHCMD4CC1T,艮塔东路（交通银行）,诸暨市,35,34,2025-03-03 11:51:14
1012312298YXHTPH9LYPT,东二路123弄（东旺路188弄-东二路）,诸暨市,61,33,2025-03-03 11:51:14
10124013095H4QPBO8UF5,东兴路50弄,诸暨市,7,7,2025-03-03 11:51:14
1012312288YR7CTTSNVNL,苎萝东路（环城东路-东兴路）,诸暨市,86,64,2025-03-03 11:51:14
10124013095GY8GDKUBY9,艮塔东路（高湖路-暨东路）,诸暨市,16,15,2025-03-03 11:51:14
1012312288YRBZRTXR0G1,望江三路（高湖路-江东路）,诸暨市,15,6,2025-03-03 11:51:14
1012312298YXIV34CFDVL,东一路82弄（东二路123弄-东二路）,诸暨市,6,4,2025-03-03 11:51:14
1012312288YRC518WKA2P,望江三路（江东路-滨江中路）,诸暨市,5,3,2025-03-03 11:51:14
1012312298YXGS3Y2CBNL,东旺路188弄（东旺路-东二环路）,诸暨市,10,6,2025-03-03 11:51:14
1012312288YR7YF7Z1HXD,高湖路（望江二路-望江一路）,诸暨市,18,12,2025-03-03 11:51:14
1012312288YRADOD6CUM9,南兴路（南庠路-人民南路）,诸暨市,25,25,2025-03-03 11:51:14
1012312288YR9ABOZHGCH,东二路（东旺路-东二环路）,诸暨市,47,37,2025-03-03 11:51:14
1012312288YR8IX5J60OX,东旺路218弄（东旺路-融媒体中心）,诸暨市,29,4,2025-03-03 11:51:14
1012312288YR8GIC67LS1,东旺路218弄(东旺路206弄-融媒体中心）,诸暨市,22,4,2025-03-03 11:51:14
1012312288YR825E2P88X,苎萝东路（东二环路-东福路),诸暨市,115,87,2025-03-03 11:51:14
1019S5R3X1SOHS1,一百淘宝城停车场,诸暨市,105,40,2025-03-03 11:51:13
1019QKKS3RWOFEP,人防大厦停车场,诸暨市,48,7,2025-03-03 11:51:13
1012312288YR5F42HE329,红旗路（人民中路-浣纱中路）,诸暨市,16,3,2025-03-03 11:51:13
1012312288YR9PO5N0TFL,苎萝东路（环城东路-东旺路）,诸暨市,54,43,2025-03-03 11:51:13
1012312288YR9VX35V2M9,苎萝东路（环城东路-东祥路）,诸暨市,17,6,2025-03-03 11:51:13
1012312288YRB62F6P9TT,浣纱南路（南兴路-南屏路）,诸暨市,60,39,2025-03-03 11:51:13
1012312288YR85VK6CYKH,和济路（东祥路-东旺路）,诸暨市,90,54,2025-03-03 11:51:13
10124012093FZKG7Y8M4H,永昌南路（东一路-东二路）,诸暨市,63,59,2025-03-03 11:51:13
1019Q6UK2GUCAV5,市民公园地下停车场,诸暨市,227,122,2025-03-03 11:51:13
1012401199375YC6OSJ5T,东三路（东二环路-东旺路）,诸暨市,121,86,2025-03-03 11:51:13
1012312288YR5NVRFEV41,东安路(东二路-苎萝东路),诸暨市,6,3,2025-03-03 11:51:13
1012312288YR9HG704L4X,苎萝东路（东福路-东三环路）,诸暨市,107,107,2025-03-03 11:51:13
1012405049OQ8ZNVP3U2P,苎萝东路（东二环路-东旺路）1,诸暨市,29,17,2025-03-03 11:51:13
1012312288YR8VUSTQYV5,东旺路182弄(康华大厦-东旺路),诸暨市,19,3,2025-03-03 11:51:13
1012312288YRBP13VO9A9,江东路（望江二路-望江三路）,诸暨市,13,3,2025-03-03 11:51:13
1012312288YR3MBVY988X,东兴北路（江东路-福门路）,诸暨市,19,17,2025-03-03 11:41:16
1012312288YR68DOZJDVL,体育路（体育路二弄-红旗路）,诸暨市,12,11,2025-03-03 11:41:16
1012312288YR5JPT2UOZL,东兴路（苎萝东路-东二路）,诸暨市,62,37,2025-03-03 11:41:16
1012312288YRBA0HET81T,江东路（大桥东路-望江一路）,诸暨市,10,5,2025-03-03 11:41:16
1012312288YRB24CYLBLT,浣纱南路（苎萝路-南兴路）,诸暨市,19,13,2025-03-03 11:41:16
1019N4FJ7J6DUYP,篮球场停车场,诸暨市,182,36,2025-03-03 11:41:16
1012312288YR89HS7SKXT,东旺路（东旺路150弄-东二路）,诸暨市,18,7,2025-03-03 11:41:16
1012312288YR3IHRSDDZ5,滨江南路（大桥东路-西施大街）,诸暨市,13,5,2025-03-03 11:41:16
1012312298YXIJSNZ82YP,东二路129弄（东一路88弄-东二路123弄）,诸暨市,10,10,2025-03-03 11:41:16
1019MAR69WRHHXD,西子公寓停车场,诸暨市,91,74,2025-03-03 11:41:16
1012312288YR6C3V37475,体育路（体育路-大桥东路）,诸暨市,8,2,2025-03-03 11:41:16
1012312288YR5XYT44YKH,艮塔东路（苎萝东路-东二路）,诸暨市,142,121,2025-03-03 11:41:16
1012312288YR61OZ7SOW1,浣纱中路（南屏路-西施大街）,诸暨市,14,8,2025-03-03 11:41:16
1012312288YR6SFUARGU9,东祥路19弄（东祥路-环城东路）,诸暨市,12,1,2025-03-03 11:41:16
1012312288YR9LAB60FEP,苎萝东路（东兴路-东安路）,诸暨市,45,40,2025-03-03 11:41:16
1019PRTQD59LIWX,永乐路停车场,诸暨市,91,55,2025-03-03 11:41:16
1012312288YR3EFRI1BSX,滨江南路（滨江支路-浣东中路）,诸暨市,64,48,2025-03-03 11:41:16
1012312288YRBLMRYOUTD,江东路（望江一路-望江二路）,诸暨市,18,17,2025-03-03 11:41:16
1012312288YRBS7JO7FUP,望江二路（高湖路-江东路）,诸暨市,10,6,2025-03-03 11:41:16
1012312288YRC2EJF5N9D,望江三路（浣东北路-高湖路）,诸暨市,11,8,2025-03-03 11:41:16
1012312288YR9D2CJ4741,东二路（东祥路-环城东路）,诸暨市,25,10,2025-03-03 11:41:16
1019REU2R6D37Y9,城东公园地下停车场,诸暨市,601,338,2025-03-03 11:41:16
1012312288YR7V8S6IBCX,东一路88弄（东一路82弄-东一路）,诸暨市,27,12,2025-03-03 11:41:16
1012312288YRBWX8BW5Q9,望江二路（浣东北路-高湖路）,诸暨市,5,4,2025-03-03 11:41:16
1019B4Y82CZPJ41,诸暨浣东中路停车场,诸暨市,37,30,2025-03-03 11:41:16
1012405079PB3TJY248W1,东三路（应山公园-东旺路）,诸暨市,44,40,2025-03-03 11:41:16
1012312298YXIV34CFDVL,东一路82弄（东二路123弄-东二路）,诸暨市,6,4,2025-03-03 11:41:16
1012312288YR7N8PO2AYP,东一路68弄（东二路-东一路）,诸暨市,46,16,2025-03-03 11:41:15
1012312288YR5UKH75K3L,艮塔东路（东二路-东一路),诸暨市,101,76,2025-03-03 11:41:15
1012312298YXGS3Y2CBNL,东旺路188弄（东旺路-东二环路）,诸暨市,10,6,2025-03-03 11:41:15
1019QKKS3RWOFEP,人防大厦停车场,诸暨市,48,7,2025-03-03 11:41:15
10124013095HHCMD4CC1T,艮塔东路（交通银行）,诸暨市,35,31,2025-03-03 11:41:15
1012405049OQ8ZNVP3U2P,苎萝东路（东二环路-东旺路）1,诸暨市,29,16,2025-03-03 11:41:15
1012312288YRAV3T06ARL,滨江中路（望江三路-望江二路）,诸暨市,30,29,2025-03-03 11:41:15
10124013095GY8GDKUBY9,艮塔东路（高湖路-暨东路）,诸暨市,16,16,2025-03-03 11:41:15
1012312288YR825E2P88X,苎萝东路（东二环路-东福路),诸暨市,115,90,2025-03-03 11:41:15
1019PDAS7RIP7GH,市民公园东北面停车场,诸暨市,27,8,2025-03-03 11:41:15
1012312298YXHTPH9LYPT,东二路123弄（东旺路188弄-东二路）,诸暨市,61,32,2025-03-03 11:41:15
1012312288YRADOD6CUM9,南兴路（南庠路-人民南路）,诸暨市,25,25,2025-03-03 11:41:15
1012312288YR8ZSV1UX35,东旺路150弄（东二环路-东旺路）,诸暨市,88,56,2025-03-03 11:41:15
1012312288YR7K67XR8CH,望江一路（浣东北路-江东路）,诸暨市,14,9,2025-03-03 11:41:15
1012312288YRC518WKA2P,望江三路（江东路-滨江中路）,诸暨市,5,3,2025-03-03 11:41:15
1012312268YDHM7XGW3Y9,艮塔东路（滨江北路-江东路),诸暨市,33,25,2025-03-03 11:41:15
1012312288YR7HFKE4HKX,西施大街（浣纱中路-人民中路）,诸暨市,28,10,2025-03-03 11:41:15
1012312288YR79Z86T0XT,暨东路70弄（东一路-东旺路218弄）,诸暨市,32,5,2025-03-03 11:41:15
1012312268YD5WN09GPVL,八一横路（暨阳路-无名路）,诸暨市,46,18,2025-03-03 11:41:15
1012312288YR6IWIX5X4X,苎萝东路（东二环路-东旺路）,诸暨市,18,6,2025-03-03 11:41:15
1012312288YR751NEO35T,东祥路（东二路-苎萝东路）,诸暨市,38,12,2025-03-03 11:41:15
1012312288YRBZRTXR0G1,望江三路（高湖路-江东路）,诸暨市,15,8,2025-03-03 11:41:15
1012312288YR53DTVACCH,滨江南路（西施大街-滨江支路）,诸暨市,33,7,2025-03-03 11:41:15
1012312288YR57VMEIUBL,大桥东路（大桥东路9号-江东路）,诸暨市,34,25,2025-03-03 11:41:15
1012312288YRAXUGJT1J5,浣纱北路（大桥路-艮塔路）,诸暨市,59,37,2025-03-03 11:41:15
1012312288YR5B22720W1,大桥东路（江东路-五角广场）,诸暨市,58,45,2025-03-03 11:41:15
1012312288YR9376YUBK1,东旺路（东旺路150弄-苎萝东路）,诸暨市,18,3,2025-03-03 11:41:15
1012401199375YC6OSJ5T,东三路（东二环路-东旺路）,诸暨市,121,87,2025-03-03 11:41:15
1012312288YR8IX5J60OX,东旺路218弄（东旺路-融媒体中心）,诸暨市,29,3,2025-03-03 11:41:15
1019SEVYY7X0W75,十里牌停车场,诸暨市,69,63,2025-03-03 11:41:15
1012312288YR8GIC67LS1,东旺路218弄(东旺路206弄-融媒体中心）,诸暨市,22,3,2025-03-03 11:41:15
1012312288YR7CTTSNVNL,苎萝东路（环城东路-东兴路）,诸暨市,86,65,2025-03-03 11:41:15
1012312288YR5RTTNITC1,艮塔东路（江东路-高湖路）,诸暨市,39,19,2025-03-03 11:41:15
1012312288YR64NIVVNK1,浣纱中路（西施大街-大桥东路）,诸暨市,23,7,2025-03-03 11:41:15
1012312288YR9ABOZHGCH,东二路（东旺路-东二环路）,诸暨市,47,37,2025-03-03 11:41:15
1012312288YR6EYGP1YWX,万风新世界（暨阳路-上庄路）,诸暨市,20,9,2025-03-03 11:41:15
1019Q6UK2GUCAV5,市民公园地下停车场,诸暨市,227,120,2025-03-03 11:41:15
1012312288YRAJXAP73SX,滨江中路（望江二路-大桥东路）,诸暨市,45,34,2025-03-03 11:41:15
10124013095H4QPBO8UF5,东兴路50弄,诸暨市,7,7,2025-03-03 11:41:15
1012312288YR7YF7Z1HXD,高湖路（望江二路-望江一路）,诸暨市,18,12,2025-03-03 11:41:15
10124012093FZKG7Y8M4H,永昌南路（东一路-东二路）,诸暨市,63,59,2025-03-03 11:41:15
1012312288YRBEU44Q1VL,滨江中路（艮塔东路-望江三路）,诸暨市,25,16,2025-03-03 11:41:15
1012312288YRB62F6P9TT,浣纱南路（南兴路-南屏路）,诸暨市,60,44,2025-03-03 11:41:14
1012312288YR85VK6CYKH,和济路（东祥路-东旺路）,诸暨市,90,57,2025-03-03 11:41:14
1012312288YR5NVRFEV41,东安路(东二路-苎萝东路),诸暨市,6,4,2025-03-03 11:41:14
1012312288YRBP13VO9A9,江东路（望江二路-望江三路）,诸暨市,13,7,2025-03-03 11:41:14
1012312288YR9VX35V2M9,苎萝东路（环城东路-东祥路）,诸暨市,17,5,2025-03-03 11:41:14
1019S5R3X1SOHS1,一百淘宝城停车场,诸暨市,105,40,2025-03-03 11:41:14
1012312288YR5F42HE329,红旗路（人民中路-浣纱中路）,诸暨市,16,5,2025-03-03 11:41:14
1012312288YR9PO5N0TFL,苎萝东路（环城东路-东旺路）,诸暨市,54,44,2025-03-03 11:41:14
1012312288YR8VUSTQYV5,东旺路182弄(康华大厦-东旺路),诸暨市,19,2,2025-03-03 11:41:14
1012312288YR9HG704L4X,苎萝东路（东福路-东三环路）,诸暨市,107,107,2025-03-03 11:41:14
1012312288YRBWX8BW5Q9,望江二路（浣东北路-高湖路）,诸暨市,5,3,2025-03-03 11:30:04
1012312288YRB24CYLBLT,浣纱南路（苎萝路-南兴路）,诸暨市,19,14,2025-03-03 11:30:04
1019REU2R6D37Y9,城东公园地下停车场,诸暨市,601,337,2025-03-03 11:30:04
1019N4FJ7J6DUYP,篮球场停车场,诸暨市,182,37,2025-03-03 11:30:04
1012312288YR3MBVY988X,东兴北路（江东路-福门路）,诸暨市,19,17,2025-03-03 11:30:04
1012312288YR5XYT44YKH,艮塔东路（苎萝东路-东二路）,诸暨市,142,122,2025-03-03 11:30:04
1012312288YR3EFRI1BSX,滨江南路（滨江支路-浣东中路）,诸暨市,64,50,2025-03-03 11:30:04
1012312288YR5JPT2UOZL,东兴路（苎萝东路-东二路）,诸暨市,62,43,2025-03-03 11:30:04
1012312288YRBA0HET81T,江东路（大桥东路-望江一路）,诸暨市,10,6,2025-03-03 11:30:04
1012312298YXIJSNZ82YP,东二路129弄（东一路88弄-东二路123弄）,诸暨市,10,10,2025-03-03 11:30:04
1012405079PB3TJY248W1,东三路（应山公园-东旺路）,诸暨市,44,40,2025-03-03 11:30:03
1012312288YRAV3T06ARL,滨江中路（望江三路-望江二路）,诸暨市,30,28,2025-03-03 11:30:03
1012312288YR57VMEIUBL,大桥东路（大桥东路9号-江东路）,诸暨市,34,25,2025-03-03 11:30:03
10124013095HHCMD4CC1T,艮塔东路（交通银行）,诸暨市,35,31,2025-03-03 11:30:03
1012312288YR5UKH75K3L,艮塔东路（东二路-东一路),诸暨市,101,79,2025-03-03 11:30:03
1012312288YR6SFUARGU9,东祥路19弄（东祥路-环城东路）,诸暨市,12,2,2025-03-03 11:30:03
1012312288YRC2EJF5N9D,望江三路（浣东北路-高湖路）,诸暨市,11,8,2025-03-03 11:30:03
1012312288YR6EYGP1YWX,万风新世界（暨阳路-上庄路）,诸暨市,20,4,2025-03-03 11:30:03
1012312288YRBLMRYOUTD,江东路（望江一路-望江二路）,诸暨市,18,16,2025-03-03 11:30:03
1012312288YR61OZ7SOW1,浣纱中路（南屏路-西施大街）,诸暨市,14,9,2025-03-03 11:30:03
1012312288YR89HS7SKXT,东旺路（东旺路150弄-东二路）,诸暨市,18,7,2025-03-03 11:30:03
1012312298YXIV34CFDVL,东一路82弄（东二路123弄-东二路）,诸暨市,6,5,2025-03-03 11:30:03
1012312288YR9LAB60FEP,苎萝东路（东兴路-东安路）,诸暨市,45,42,2025-03-03 11:30:03
1019MAR69WRHHXD,西子公寓停车场,诸暨市,91,75,2025-03-03 11:30:03
1012312288YR9D2CJ4741,东二路（东祥路-环城东路）,诸暨市,25,7,2025-03-03 11:30:03
1012312288YR68DOZJDVL,体育路（体育路二弄-红旗路）,诸暨市,12,9,2025-03-03 11:30:03
1012312288YR7V8S6IBCX,东一路88弄（东一路82弄-东一路）,诸暨市,27,8,2025-03-03 11:30:03
1019PDAS7RIP7GH,市民公园东北面停车场,诸暨市,27,6,2025-03-03 11:30:03
1019PRTQD59LIWX,永乐路停车场,诸暨市,91,55,2025-03-03 11:30:03
1012312288YR5B22720W1,大桥东路（江东路-五角广场）,诸暨市,58,39,2025-03-03 11:30:03
1012312288YRAJXAP73SX,滨江中路（望江二路-大桥东路）,诸暨市,45,37,2025-03-03 11:30:03
1019B4Y82CZPJ41,诸暨浣东中路停车场,诸暨市,37,30,2025-03-03 11:30:03
1012312288YRBZRTXR0G1,望江三路（高湖路-江东路）,诸暨市,15,10,2025-03-03 11:30:03
1012312288YR9ABOZHGCH,东二路（东旺路-东二环路）,诸暨市,47,37,2025-03-03 11:30:03
1012312288YR3IHRSDDZ5,滨江南路（大桥东路-西施大街）,诸暨市,13,3,2025-03-03 11:30:03
1012312288YR6C3V37475,体育路（体育路-大桥东路）,诸暨市,8,2,2025-03-03 11:30:03
1012312288YRBS7JO7FUP,望江二路（高湖路-江东路）,诸暨市,10,5,2025-03-03 11:30:03
1012312268YDHM7XGW3Y9,艮塔东路（滨江北路-江东路),诸暨市,33,27,2025-03-03 11:30:03
1012312288YR79Z86T0XT,暨东路70弄（东一路-东旺路218弄）,诸暨市,32,3,2025-03-03 11:30:02
1019QKKS3RWOFEP,人防大厦停车场,诸暨市,48,3,2025-03-03 11:30:02
1012312288YR7K67XR8CH,望江一路（浣东北路-江东路）,诸暨市,14,5,2025-03-03 11:30:02
1012312288YR825E2P88X,苎萝东路（东二环路-东福路),诸暨市,115,92,2025-03-03 11:30:02
1012312288YR5RTTNITC1,艮塔东路（江东路-高湖路）,诸暨市,39,14,2025-03-03 11:30:02
1012312288YRAXUGJT1J5,浣纱北路（大桥路-艮塔路）,诸暨市,59,38,2025-03-03 11:30:02
1012312298YXGS3Y2CBNL,东旺路188弄（东旺路-东二环路）,诸暨市,10,4,2025-03-03 11:30:02
1012312288YR64NIVVNK1,浣纱中路（西施大街-大桥东路）,诸暨市,23,7,2025-03-03 11:30:02
1012312288YR85VK6CYKH,和济路（东祥路-东旺路）,诸暨市,90,41,2025-03-03 11:30:02
1012312288YR751NEO35T,东祥路（东二路-苎萝东路）,诸暨市,38,14,2025-03-03 11:30:02
1012312288YR8IX5J60OX,东旺路218弄（东旺路-融媒体中心）,诸暨市,29,2,2025-03-03 11:30:02
1012312288YR7CTTSNVNL,苎萝东路（环城东路-东兴路）,诸暨市,86,66,2025-03-03 11:30:02
1012312288YR7N8PO2AYP,东一路68弄（东二路-东一路）,诸暨市,46,13,2025-03-03 11:30:02
1012312288YRADOD6CUM9,南兴路（南庠路-人民南路）,诸暨市,25,25,2025-03-03 11:30:02
1012312288YR53DTVACCH,滨江南路（西施大街-滨江支路）,诸暨市,33,8,2025-03-03 11:30:02
1012312288YR9PO5N0TFL,苎萝东路（环城东路-东旺路）,诸暨市,54,47,2025-03-03 11:30:02
1012312288YR8GIC67LS1,东旺路218弄(东旺路206弄-融媒体中心）,诸暨市,22,4,2025-03-03 11:30:02
1012405049OQ8ZNVP3U2P,苎萝东路（东二环路-东旺路）1,诸暨市,29,17,2025-03-03 11:30:02
1012312298YXHTPH9LYPT,东二路123弄（东旺路188弄-东二路）,诸暨市,61,24,2025-03-03 11:30:02
10124013095GY8GDKUBY9,艮塔东路（高湖路-暨东路）,诸暨市,16,15,2025-03-03 11:30:02
1012312288YR7YF7Z1HXD,高湖路（望江二路-望江一路）,诸暨市,18,12,2025-03-03 11:30:02
1012312288YR6IWIX5X4X,苎萝东路（东二环路-东旺路）,诸暨市,18,6,2025-03-03 11:30:02
1012312288YR8ZSV1UX35,东旺路150弄（东二环路-东旺路）,诸暨市,88,57,2025-03-03 11:30:02
1012312268YD5WN09GPVL,八一横路（暨阳路-无名路）,诸暨市,46,26,2025-03-03 11:30:02
1019Q6UK2GUCAV5,市民公园地下停车场,诸暨市,227,119,2025-03-03 11:30:02
1012312288YRBP13VO9A9,江东路（望江二路-望江三路）,诸暨市,13,8,2025-03-03 11:30:02
10124013095H4QPBO8UF5,东兴路50弄,诸暨市,7,7,2025-03-03 11:30:02
1012312288YRC518WKA2P,望江三路（江东路-滨江中路）,诸暨市,5,3,2025-03-03 11:30:02
1012312288YRBEU44Q1VL,滨江中路（艮塔东路-望江三路）,诸暨市,25,11,2025-03-03 11:30:02
1012312288YR7HFKE4HKX,西施大街（浣纱中路-人民中路）,诸暨市,28,12,2025-03-03 11:30:02
10124012093FZKG7Y8M4H,永昌南路（东一路-东二路）,诸暨市,63,62,2025-03-03 11:30:02
1012312288YR9376YUBK1,东旺路（东旺路150弄-苎萝东路）,诸暨市,18,7,2025-03-03 11:30:02
1019SEVYY7X0W75,十里牌停车场,诸暨市,69,66,2025-03-03 11:30:02
1012401199375YC6OSJ5T,东三路（东二环路-东旺路）,诸暨市,121,87,2025-03-03 11:30:02
1012312288YR8VUSTQYV5,东旺路182弄(康华大厦-东旺路),诸暨市,19,3,2025-03-03 11:30:01
1012312288YR5NVRFEV41,东安路(东二路-苎萝东路),诸暨市,6,6,2025-03-03 11:30:01
1019S5R3X1SOHS1,一百淘宝城停车场,诸暨市,105,40,2025-03-03 11:30:01
1012312288YR9VX35V2M9,苎萝东路（环城东路-东祥路）,诸暨市,17,6,2025-03-03 11:30:01
1012312288YRB62F6P9TT,浣纱南路（南兴路-南屏路）,诸暨市,60,47,2025-03-03 11:30:01
1012312288YR5F42HE329,红旗路（人民中路-浣纱中路）,诸暨市,16,5,2025-03-03 11:30:01
1012312288YR9HG704L4X,苎萝东路（东福路-东三环路）,诸暨市,107,107,2025-03-03 11:30:01
1019REU2R6D37Y9,城东公园地下停车场,诸暨市,601,338,2025-03-03 11:21:17
1012312298YXIJSNZ82YP,东二路129弄（东一路88弄-东二路123弄）,诸暨市,10,10,2025-03-03 11:21:17
1012312288YR6C3V37475,体育路（体育路-大桥东路）,诸暨市,8,2,2025-03-03 11:21:16
1012312288YR5XYT44YKH,艮塔东路（苎萝东路-东二路）,诸暨市,142,123,2025-03-03 11:21:16
1012312288YR89HS7SKXT,东旺路（东旺路150弄-东二路）,诸暨市,18,8,2025-03-03 11:21:16
1012312288YR7V8S6IBCX,东一路88弄（东一路82弄-东一路）,诸暨市,27,8,2025-03-03 11:21:16
1012312288YR3MBVY988X,东兴北路（江东路-福门路）,诸暨市,19,14,2025-03-03 11:21:16
1019N4FJ7J6DUYP,篮球场停车场,诸暨市,182,37,2025-03-03 11:21:16
1012312288YRBS7JO7FUP,望江二路（高湖路-江东路）,诸暨市,10,5,2025-03-03 11:21:16
1012312288YRBZRTXR0G1,望江三路（高湖路-江东路）,诸暨市,15,13,2025-03-03 11:21:16
1012312288YR9D2CJ4741,东二路（东祥路-环城东路）,诸暨市,25,6,2025-03-03 11:21:16
1012312288YRB24CYLBLT,浣纱南路（苎萝路-南兴路）,诸暨市,19,14,2025-03-03 11:21:16
1012312288YR9376YUBK1,东旺路（东旺路150弄-苎萝东路）,诸暨市,18,5,2025-03-03 11:21:16
1012312268YDHM7XGW3Y9,艮塔东路（滨江北路-江东路),诸暨市,33,30,2025-03-03 11:21:16
1012312288YR9LAB60FEP,苎萝东路（东兴路-东安路）,诸暨市,45,42,2025-03-03 11:21:16
1012312298YXIV34CFDVL,东一路82弄（东二路123弄-东二路）,诸暨市,6,5,2025-03-03 11:21:16
1012312288YR68DOZJDVL,体育路（体育路二弄-红旗路）,诸暨市,12,8,2025-03-03 11:21:16
1019PDAS7RIP7GH,市民公园东北面停车场,诸暨市,27,5,2025-03-03 11:21:16
10124013095H4QPBO8UF5,东兴路50弄,诸暨市,7,7,2025-03-03 11:21:16
1012312288YR5JPT2UOZL,东兴路（苎萝东路-东二路）,诸暨市,62,39,2025-03-03 11:21:16
1019B4Y82CZPJ41,诸暨浣东中路停车场,诸暨市,37,30,2025-03-03 11:21:16
1012312288YRC2EJF5N9D,望江三路（浣东北路-高湖路）,诸暨市,11,9,2025-03-03 11:21:16
1012312288YR5UKH75K3L,艮塔东路（东二路-东一路),诸暨市,101,78,2025-03-03 11:21:16
1019PRTQD59LIWX,永乐路停车场,诸暨市,91,55,2025-03-03 11:21:16
1012405079PB3TJY248W1,东三路（应山公园-东旺路）,诸暨市,44,41,2025-03-03 11:21:16
1012312288YRAJXAP73SX,滨江中路（望江二路-大桥东路）,诸暨市,45,35,2025-03-03 11:21:16
10124013095HHCMD4CC1T,艮塔东路（交通银行）,诸暨市,35,30,2025-03-03 11:21:16
1012312288YRBLMRYOUTD,江东路（望江一路-望江二路）,诸暨市,18,16,2025-03-03 11:21:16
1012312288YRBA0HET81T,江东路（大桥东路-望江一路）,诸暨市,10,6,2025-03-03 11:21:16
1012312288YR6EYGP1YWX,万风新世界（暨阳路-上庄路）,诸暨市,20,7,2025-03-03 11:21:16
1012312288YR7HFKE4HKX,西施大街（浣纱中路-人民中路）,诸暨市,28,15,2025-03-03 11:21:16
1012312288YR3EFRI1BSX,滨江南路（滨江支路-浣东中路）,诸暨市,64,52,2025-03-03 11:21:16
1012312288YR57VMEIUBL,大桥东路（大桥东路9号-江东路）,诸暨市,34,26,2025-03-03 11:21:16
1012312288YRAV3T06ARL,滨江中路（望江三路-望江二路）,诸暨市,30,26,2025-03-03 11:21:16
1012312288YR9ABOZHGCH,东二路（东旺路-东二环路）,诸暨市,47,35,2025-03-03 11:21:16
1012312288YR61OZ7SOW1,浣纱中路（南屏路-西施大街）,诸暨市,14,11,2025-03-03 11:21:16
1012312288YRBWX8BW5Q9,望江二路（浣东北路-高湖路）,诸暨市,5,3,2025-03-03 11:21:16
1012312288YR6SFUARGU9,东祥路19弄（东祥路-环城东路）,诸暨市,12,2,2025-03-03 11:21:16
1012312288YR5B22720W1,大桥东路（江东路-五角广场）,诸暨市,58,41,2025-03-03 11:21:16
1019MAR69WRHHXD,西子公寓停车场,诸暨市,91,74,2025-03-03 11:21:16
1012312288YR85VK6CYKH,和济路（东祥路-东旺路）,诸暨市,90,34,2025-03-03 11:21:15
1012312288YRAXUGJT1J5,浣纱北路（大桥路-艮塔路）,诸暨市,59,34,2025-03-03 11:21:15
1012312288YR8VUSTQYV5,东旺路182弄(康华大厦-东旺路),诸暨市,19,3,2025-03-03 11:21:15
1012312288YR825E2P88X,苎萝东路（东二环路-东福路),诸暨市,115,94,2025-03-03 11:21:15
1012312288YRB62F6P9TT,浣纱南路（南兴路-南屏路）,诸暨市,60,51,2025-03-03 11:21:15
1012312268YD5WN09GPVL,八一横路（暨阳路-无名路）,诸暨市,46,28,2025-03-03 11:21:15
1012312288YRADOD6CUM9,南兴路（南庠路-人民南路）,诸暨市,25,25,2025-03-03 11:21:15
10124012093FZKG7Y8M4H,永昌南路（东一路-东二路）,诸暨市,63,60,2025-03-03 11:21:15
1012312288YR6IWIX5X4X,苎萝东路（东二环路-东旺路）,诸暨市,18,6,2025-03-03 11:21:15
1012312288YR7CTTSNVNL,苎萝东路（环城东路-东兴路）,诸暨市,86,65,2025-03-03 11:21:15
1012312288YR64NIVVNK1,浣纱中路（西施大街-大桥东路）,诸暨市,23,8,2025-03-03 11:21:15
1012312288YR7K67XR8CH,望江一路（浣东北路-江东路）,诸暨市,14,8,2025-03-03 11:21:15
1012312288YR5RTTNITC1,艮塔东路（江东路-高湖路）,诸暨市,39,17,2025-03-03 11:21:15
1019QKKS3RWOFEP,人防大厦停车场,诸暨市,48,1,2025-03-03 11:21:15
1012312298YXGS3Y2CBNL,东旺路188弄（东旺路-东二环路）,诸暨市,10,5,2025-03-03 11:21:15
1012401199375YC6OSJ5T,东三路（东二环路-东旺路）,诸暨市,121,85,2025-03-03 11:21:15
10124013095GY8GDKUBY9,艮塔东路（高湖路-暨东路）,诸暨市,16,14,2025-03-03 11:21:15
1019Q6UK2GUCAV5,市民公园地下停车场,诸暨市,227,119,2025-03-03 11:21:15
1012312288YR8GIC67LS1,东旺路218弄(东旺路206弄-融媒体中心）,诸暨市,22,6,2025-03-03 11:21:15
1012312288YRBP13VO9A9,江东路（望江二路-望江三路）,诸暨市,13,9,2025-03-03 11:21:15
1012312288YR9HG704L4X,苎萝东路（东福路-东三环路）,诸暨市,107,107,2025-03-03 11:21:15
1012312288YRBEU44Q1VL,滨江中路（艮塔东路-望江三路）,诸暨市,25,9,2025-03-03 11:21:15
1012312288YR8ZSV1UX35,东旺路150弄（东二环路-东旺路）,诸暨市,88,59,2025-03-03 11:21:15
1012312298YXHTPH9LYPT,东二路123弄（东旺路188弄-东二路）,诸暨市,61,24,2025-03-03 11:21:15
1019SEVYY7X0W75,十里牌停车场,诸暨市,69,67,2025-03-03 11:21:15
1012312288YR79Z86T0XT,暨东路70弄（东一路-东旺路218弄）,诸暨市,32,6,2025-03-03 11:21:15
1012312288YR5NVRFEV41,东安路(东二路-苎萝东路),诸暨市,6,6,2025-03-03 11:21:15
1012312288YR7YF7Z1HXD,高湖路（望江二路-望江一路）,诸暨市,18,9,2025-03-03 11:21:15
1012312288YR53DTVACCH,滨江南路（西施大街-滨江支路）,诸暨市,33,6,2025-03-03 11:21:15
1012312288YRC518WKA2P,望江三路（江东路-滨江中路）,诸暨市,5,4,2025-03-03 11:21:15
1012312288YR8IX5J60OX,东旺路218弄（东旺路-融媒体中心）,诸暨市,29,4,2025-03-03 11:21:15
1012312288YR9PO5N0TFL,苎萝东路（环城东路-东旺路）,诸暨市,54,50,2025-03-03 11:21:15
1012312288YR751NEO35T,东祥路（东二路-苎萝东路）,诸暨市,38,14,2025-03-03 11:21:15
1012312288YR7N8PO2AYP,东一路68弄（东二路-东一路）,诸暨市,46,15,2025-03-03 11:21:15
1019S5R3X1SOHS1,一百淘宝城停车场,诸暨市,105,40,2025-03-03 11:21:15
1012312288YR9VX35V2M9,苎萝东路（环城东路-东祥路）,诸暨市,17,7,2025-03-03 11:21:15
1012405049OQ8ZNVP3U2P,苎萝东路（东二环路-东旺路）1,诸暨市,29,17,2025-03-03 11:21:15
1012312288YR5F42HE329,红旗路（人民中路-浣纱中路）,诸暨市,16,5,2025-03-03 11:21:15
1012312288YR6SFUARGU9,东祥路19弄（东祥路-环城东路）,诸暨市,12,1,2025-03-03 11:11:19
1012312288YR5JPT2UOZL,东兴路（苎萝东路-东二路）,诸暨市,62,45,2025-03-03 11:11:19
1012312288YR9LAB60FEP,苎萝东路（东兴路-东安路）,诸暨市,45,42,2025-03-03 11:11:19
1012312288YRBI4HZHCE9,江东路（西施大街-大桥东路）,诸暨市,6,2,2025-03-03 11:11:19
1012312288YR7V8S6IBCX,东一路88弄（东一路82弄-东一路）,诸暨市,27,7,2025-03-03 11:11:19
1012312288YRB24CYLBLT,浣纱南路（苎萝路-南兴路）,诸暨市,19,13,2025-03-03 11:11:19
1012312288YR3IHRSDDZ5,滨江南路（大桥东路-西施大街）,诸暨市,13,2,2025-03-03 11:11:19
1019N4FJ7J6DUYP,篮球场停车场,诸暨市,182,37,2025-03-03 11:11:19
1019B4Y82CZPJ41,诸暨浣东中路停车场,诸暨市,37,30,2025-03-03 11:11:19
1012312288YRBA0HET81T,江东路（大桥东路-望江一路）,诸暨市,10,4,2025-03-03 11:11:19
1012312288YR3EFRI1BSX,滨江南路（滨江支路-浣东中路）,诸暨市,64,52,2025-03-03 11:11:19
1012312288YR5XYT44YKH,艮塔东路（苎萝东路-东二路）,诸暨市,142,122,2025-03-03 11:11:19
1012312298YXIJSNZ82YP,东二路129弄（东一路88弄-东二路123弄）,诸暨市,10,10,2025-03-03 11:11:19
1019PRTQD59LIWX,永乐路停车场,诸暨市,91,55,2025-03-03 11:11:19
1019REU2R6D37Y9,城东公园地下停车场,诸暨市,601,338,2025-03-03 11:11:19
1019MAR69WRHHXD,西子公寓停车场,诸暨市,91,74,2025-03-03 11:11:19
1012312288YRBWX8BW5Q9,望江二路（浣东北路-高湖路）,诸暨市,5,2,2025-03-03 11:11:19
1012312288YRBS7JO7FUP,望江二路（高湖路-江东路）,诸暨市,10,6,2025-03-03 11:11:19
1012312288YRBLMRYOUTD,江东路（望江一路-望江二路）,诸暨市,18,15,2025-03-03 11:11:19
1012312288YR3MBVY988X,东兴北路（江东路-福门路）,诸暨市,19,15,2025-03-03 11:11:19
1012312288YR9D2CJ4741,东二路（东祥路-环城东路）,诸暨市,25,7,2025-03-03 11:11:18
10124013095HHCMD4CC1T,艮塔东路（交通银行）,诸暨市,35,31,2025-03-03 11:11:18
1012312288YR6EYGP1YWX,万风新世界（暨阳路-上庄路）,诸暨市,20,5,2025-03-03 11:11:18
1019SEVYY7X0W75,十里牌停车场,诸暨市,69,68,2025-03-03 11:11:18
10124013095H4QPBO8UF5,东兴路50弄,诸暨市,7,7,2025-03-03 11:11:18
1012312288YR5B22720W1,大桥东路（江东路-五角广场）,诸暨市,58,43,2025-03-03 11:11:18
1012312288YR7HFKE4HKX,西施大街（浣纱中路-人民中路）,诸暨市,28,16,2025-03-03 11:11:18
1012312288YRBZRTXR0G1,望江三路（高湖路-江东路）,诸暨市,15,14,2025-03-03 11:11:18
1012312288YRAXUGJT1J5,浣纱北路（大桥路-艮塔路）,诸暨市,59,33,2025-03-03 11:11:18
1012312268YDHM7XGW3Y9,艮塔东路（滨江北路-江东路),诸暨市,33,29,2025-03-03 11:11:18
1012312288YR9376YUBK1,东旺路（东旺路150弄-苎萝东路）,诸暨市,18,5,2025-03-03 11:11:18
1012312288YR6C3V37475,体育路（体育路-大桥东路）,诸暨市,8,3,2025-03-03 11:11:18
1012312288YR8ZSV1UX35,东旺路150弄（东二环路-东旺路）,诸暨市,88,57,2025-03-03 11:11:18
1012312288YR68DOZJDVL,体育路（体育路二弄-红旗路）,诸暨市,12,6,2025-03-03 11:11:18
1012312268YD5WN09GPVL,八一横路（暨阳路-无名路）,诸暨市,46,26,2025-03-03 11:11:18
1012405079PB3TJY248W1,东三路（应山公园-东旺路）,诸暨市,44,42,2025-03-03 11:11:18
1012312288YRAJXAP73SX,滨江中路（望江二路-大桥东路）,诸暨市,45,37,2025-03-03 11:11:18
1012312288YR8GIC67LS1,东旺路218弄(东旺路206弄-融媒体中心）,诸暨市,22,2,2025-03-03 11:11:18
1012312288YR9ABOZHGCH,东二路（东旺路-东二环路）,诸暨市,47,35,2025-03-03 11:11:18
1019PDAS7RIP7GH,市民公园东北面停车场,诸暨市,27,6,2025-03-03 11:11:18
1012312288YR5UKH75K3L,艮塔东路（东二路-东一路),诸暨市,101,78,2025-03-03 11:11:18
1012312288YR61OZ7SOW1,浣纱中路（南屏路-西施大街）,诸暨市,14,11,2025-03-03 11:11:18
1012312288YR8IX5J60OX,东旺路218弄（东旺路-融媒体中心）,诸暨市,29,6,2025-03-03 11:11:18
1012312288YRC2EJF5N9D,望江三路（浣东北路-高湖路）,诸暨市,11,8,2025-03-03 11:11:18
1012312288YR89HS7SKXT,东旺路（东旺路150弄-东二路）,诸暨市,18,10,2025-03-03 11:11:18
1012312288YR57VMEIUBL,大桥东路（大桥东路9号-江东路）,诸暨市,34,25,2025-03-03 11:11:18
1012312298YXIV34CFDVL,东一路82弄（东二路123弄-东二路）,诸暨市,6,5,2025-03-03 11:11:18
1012312288YRAV3T06ARL,滨江中路（望江三路-望江二路）,诸暨市,30,28,2025-03-03 11:11:18
1012401199375YC6OSJ5T,东三路（东二环路-东旺路）,诸暨市,121,80,2025-03-03 11:11:17
1012312288YR53DTVACCH,滨江南路（西施大街-滨江支路）,诸暨市,33,6,2025-03-03 11:11:17
10124012093FZKG7Y8M4H,永昌南路（东一路-东二路）,诸暨市,63,62,2025-03-03 11:11:17
1012405049OQ8ZNVP3U2P,苎萝东路（东二环路-东旺路）1,诸暨市,29,17,2025-03-03 11:11:17
1012312288YR9HG704L4X,苎萝东路（东福路-东三环路）,诸暨市,107,107,2025-03-03 11:11:17
1012312288YR751NEO35T,东祥路（东二路-苎萝东路）,诸暨市,38,13,2025-03-03 11:11:17
1012312288YR5RTTNITC1,艮塔东路（江东路-高湖路）,诸暨市,39,16,2025-03-03 11:11:17
1012312288YR79Z86T0XT,暨东路70弄（东一路-东旺路218弄）,诸暨市,32,6,2025-03-03 11:11:17
1012312288YRBP13VO9A9,江东路（望江二路-望江三路）,诸暨市,13,12,2025-03-03 11:11:17
1012312288YRADOD6CUM9,南兴路（南庠路-人民南路）,诸暨市,25,25,2025-03-03 11:11:17
1012312288YR85VK6CYKH,和济路（东祥路-东旺路）,诸暨市,90,24,2025-03-03 11:11:17
1012312288YR7YF7Z1HXD,高湖路（望江二路-望江一路）,诸暨市,18,8,2025-03-03 11:11:17
1019Q6UK2GUCAV5,市民公园地下停车场,诸暨市,227,120,2025-03-03 11:11:17
10124013095GY8GDKUBY9,艮塔东路（高湖路-暨东路）,诸暨市,16,15,2025-03-03 11:11:17
1012312298YXGS3Y2CBNL,东旺路188弄（东旺路-东二环路）,诸暨市,10,7,2025-03-03 11:11:17
1012312288YR6IWIX5X4X,苎萝东路（东二环路-东旺路）,诸暨市,18,7,2025-03-03 11:11:17
1012312288YR7K67XR8CH,望江一路（浣东北路-江东路）,诸暨市,14,7,2025-03-03 11:11:17
1012312288YRBEU44Q1VL,滨江中路（艮塔东路-望江三路）,诸暨市,25,11,2025-03-03 11:11:17
1012312288YR7CTTSNVNL,苎萝东路（环城东路-东兴路）,诸暨市,86,67,2025-03-03 11:11:17
1012312288YR64NIVVNK1,浣纱中路（西施大街-大桥东路）,诸暨市,23,7,2025-03-03 11:11:17
1012312288YRC518WKA2P,望江三路（江东路-滨江中路）,诸暨市,5,5,2025-03-03 11:11:17
1012312288YR7N8PO2AYP,东一路68弄（东二路-东一路）,诸暨市,46,11,2025-03-03 11:11:17
1012312298YXHTPH9LYPT,东二路123弄（东旺路188弄-东二路）,诸暨市,61,24,2025-03-03 11:11:17
1012312288YR825E2P88X,苎萝东路（东二环路-东福路),诸暨市,115,98,2025-03-03 11:11:17
1012312288YR9PO5N0TFL,苎萝东路（环城东路-东旺路）,诸暨市,54,51,2025-03-03 11:11:17
1019S5R3X1SOHS1,一百淘宝城停车场,诸暨市,105,40,2025-03-03 11:11:16
1012312288YR5NVRFEV41,东安路(东二路-苎萝东路),诸暨市,6,5,2025-03-03 11:11:16
1012312288YR5F42HE329,红旗路（人民中路-浣纱中路）,诸暨市,16,3,2025-03-03 11:11:16
1012312288YR8VUSTQYV5,东旺路182弄(康华大厦-东旺路),诸暨市,19,2,2025-03-03 11:11:16
1012312288YR9VX35V2M9,苎萝东路（环城东路-东祥路）,诸暨市,17,5,2025-03-03 11:11:16
1012312288YRB62F6P9TT,浣纱南路（南兴路-南屏路）,诸暨市,60,53,2025-03-03 11:11:16
1012312288YR3IHRSDDZ5,滨江南路（大桥东路-西施大街）,诸暨市,13,3,2025-03-03 11:01:17
1012312288YR57VMEIUBL,大桥东路（大桥东路9号-江东路）,诸暨市,34,23,2025-03-03 11:01:17
1012312288YR9LAB60FEP,苎萝东路（东兴路-东安路）,诸暨市,45,42,2025-03-03 11:01:17
1012312288YR68DOZJDVL,体育路（体育路二弄-红旗路）,诸暨市,12,5,2025-03-03 11:01:17
1012312288YR61OZ7SOW1,浣纱中路（南屏路-西施大街）,诸暨市,14,11,2025-03-03 11:01:17
1012312288YRBLMRYOUTD,江东路（望江一路-望江二路）,诸暨市,18,16,2025-03-03 11:01:17
1012312288YR3EFRI1BSX,滨江南路（滨江支路-浣东中路）,诸暨市,64,54,2025-03-03 11:01:17
1012312288YR5XYT44YKH,艮塔东路（苎萝东路-东二路）,诸暨市,142,119,2025-03-03 11:01:17
1012312288YRBZRTXR0G1,望江三路（高湖路-江东路）,诸暨市,15,14,2025-03-03 11:01:17
1012312288YRAV3T06ARL,滨江中路（望江三路-望江二路）,诸暨市,30,27,2025-03-03 11:01:17
1012312288YRAJXAP73SX,滨江中路（望江二路-大桥东路）,诸暨市,45,37,2025-03-03 11:01:17
1012312268YDHM7XGW3Y9,艮塔东路（滨江北路-江东路),诸暨市,33,27,2025-03-03 11:01:17
1012312288YR9D2CJ4741,东二路（东祥路-环城东路）,诸暨市,25,8,2025-03-03 11:01:17
1012312288YR5B22720W1,大桥东路（江东路-五角广场）,诸暨市,58,44,2025-03-03 11:01:17
1012312288YR6C3V37475,体育路（体育路-大桥东路）,诸暨市,8,1,2025-03-03 11:01:17
1012312288YR6EYGP1YWX,万风新世界（暨阳路-上庄路）,诸暨市,20,7,2025-03-03 11:01:17
1012312288YR3MBVY988X,东兴北路（江东路-福门路）,诸暨市,19,17,2025-03-03 11:01:17
1019MAR69WRHHXD,西子公寓停车场,诸暨市,91,77,2025-03-03 11:01:17
1012312288YRC2EJF5N9D,望江三路（浣东北路-高湖路）,诸暨市,11,8,2025-03-03 11:01:17
1019B4Y82CZPJ41,诸暨浣东中路停车场,诸暨市,37,29,2025-03-03 11:01:17
1019PDAS7RIP7GH,市民公园东北面停车场,诸暨市,27,6,2025-03-03 11:01:17
1019REU2R6D37Y9,城东公园地下停车场,诸暨市,601,338,2025-03-03 11:01:17
10124013095HHCMD4CC1T,艮塔东路（交通银行）,诸暨市,35,27,2025-03-03 11:01:17
1012312288YR9ABOZHGCH,东二路（东旺路-东二环路）,诸暨市,47,33,2025-03-03 11:01:17
1012312288YR5UKH75K3L,艮塔东路（东二路-东一路),诸暨市,101,76,2025-03-03 11:01:17
1012312288YR7V8S6IBCX,东一路88弄（东一路82弄-东一路）,诸暨市,27,2,2025-03-03 11:01:17
1012405079PB3TJY248W1,东三路（应山公园-东旺路）,诸暨市,44,43,2025-03-03 11:01:17
1012312288YR5JPT2UOZL,东兴路（苎萝东路-东二路）,诸暨市,62,49,2025-03-03 11:01:17
1012312288YR9376YUBK1,东旺路（东旺路150弄-苎萝东路）,诸暨市,18,3,2025-03-03 11:01:17
1019N4FJ7J6DUYP,篮球场停车场,诸暨市,182,37,2025-03-03 11:01:17
1019PRTQD59LIWX,永乐路停车场,诸暨市,91,55,2025-03-03 11:01:17
1012312288YR89HS7SKXT,东旺路（东旺路150弄-东二路）,诸暨市,18,11,2025-03-03 11:01:17
1012312298YXIV34CFDVL,东一路82弄（东二路123弄-东二路）,诸暨市,6,5,2025-03-03 11:01:17
1012312288YRBWX8BW5Q9,望江二路（浣东北路-高湖路）,诸暨市,5,2,2025-03-03 11:01:17
1012312288YRBS7JO7FUP,望江二路（高湖路-江东路）,诸暨市,10,8,2025-03-03 11:01:17
1012312298YXIJSNZ82YP,东二路129弄（东一路88弄-东二路123弄）,诸暨市,10,10,2025-03-03 11:01:17
1012312288YR6SFUARGU9,东祥路19弄（东祥路-环城东路）,诸暨市,12,1,2025-03-03 11:01:17
1012312288YRBI4HZHCE9,江东路（西施大街-大桥东路）,诸暨市,6,3,2025-03-03 11:01:17
1012312288YRBA0HET81T,江东路（大桥东路-望江一路）,诸暨市,10,4,2025-03-03 11:01:17
1012312288YRB24CYLBLT,浣纱南路（苎萝路-南兴路）,诸暨市,19,14,2025-03-03 11:01:17
1012312288YR85VK6CYKH,和济路（东祥路-东旺路）,诸暨市,90,13,2025-03-03 11:01:16
1019S5R3X1SOHS1,一百淘宝城停车场,诸暨市,105,40,2025-03-03 11:01:16
1012312288YR825E2P88X,苎萝东路（东二环路-东福路),诸暨市,115,98,2025-03-03 11:01:16
1012312288YR8VUSTQYV5,东旺路182弄(康华大厦-东旺路),诸暨市,19,1,2025-03-03 11:01:16
1012312268YD5WN09GPVL,八一横路（暨阳路-无名路）,诸暨市,46,29,2025-03-03 11:01:16
1012312288YR9VX35V2M9,苎萝东路（环城东路-东祥路）,诸暨市,17,7,2025-03-03 11:01:16
10124012093FZKG7Y8M4H,永昌南路（东一路-东二路）,诸暨市,63,60,2025-03-03 11:01:16
1012312298YXHTPH9LYPT,东二路123弄（东旺路188弄-东二路）,诸暨市,61,21,2025-03-03 11:01:16
1012401199375YC6OSJ5T,东三路（东二环路-东旺路）,诸暨市,121,82,2025-03-03 11:01:16
1012312288YRBP13VO9A9,江东路（望江二路-望江三路）,诸暨市,13,13,2025-03-03 11:01:16
1012312288YRAXUGJT1J5,浣纱北路（大桥路-艮塔路）,诸暨市,59,32,2025-03-03 11:01:16
1012312288YRADOD6CUM9,南兴路（南庠路-人民南路）,诸暨市,25,25,2025-03-03 11:01:16
1012312288YR5NVRFEV41,东安路(东二路-苎萝东路),诸暨市,6,5,2025-03-03 11:01:16
1012405049OQ8ZNVP3U2P,苎萝东路（东二环路-东旺路）1,诸暨市,29,19,2025-03-03 11:01:16
1012312288YR6IWIX5X4X,苎萝东路（东二环路-东旺路）,诸暨市,18,7,2025-03-03 11:01:16
10124013095H4QPBO8UF5,东兴路50弄,诸暨市,7,7,2025-03-03 11:01:16
1012312288YR8ZSV1UX35,东旺路150弄（东二环路-东旺路）,诸暨市,88,52,2025-03-03 11:01:16
1012312288YR9HG704L4X,苎萝东路（东福路-东三环路）,诸暨市,107,107,2025-03-03 11:01:16
1012312288YR79Z86T0XT,暨东路70弄（东一路-东旺路218弄）,诸暨市,32,3,2025-03-03 11:01:16
1012312288YR7K67XR8CH,望江一路（浣东北路-江东路）,诸暨市,14,3,2025-03-03 11:01:16
1012312288YR7YF7Z1HXD,高湖路（望江二路-望江一路）,诸暨市,18,11,2025-03-03 11:01:16
1012312288YR5RTTNITC1,艮塔东路（江东路-高湖路）,诸暨市,39,19,2025-03-03 11:01:16
10124013095GY8GDKUBY9,艮塔东路（高湖路-暨东路）,诸暨市,16,14,2025-03-03 11:01:16
1012312298YXGS3Y2CBNL,东旺路188弄（东旺路-东二环路）,诸暨市,10,4,2025-03-03 11:01:16
1012312288YR53DTVACCH,滨江南路（西施大街-滨江支路）,诸暨市,33,5,2025-03-03 11:01:16
1012312288YR7N8PO2AYP,东一路68弄（东二路-东一路）,诸暨市,46,10,2025-03-03 11:01:16
1012312288YR751NEO35T,东祥路（东二路-苎萝东路）,诸暨市,38,15,2025-03-03 11:01:16
1019SEVYY7X0W75,十里牌停车场,诸暨市,69,69,2025-03-03 11:01:16
1012312288YR9PO5N0TFL,苎萝东路（环城东路-东旺路）,诸暨市,54,50,2025-03-03 11:01:16
1012312288YR64NIVVNK1,浣纱中路（西施大街-大桥东路）,诸暨市,23,4,2025-03-03 11:01:16
1012312288YR8GIC67LS1,东旺路218弄(东旺路206弄-融媒体中心）,诸暨市,22,2,2025-03-03 11:01:16
1019Q6UK2GUCAV5,市民公园地下停车场,诸暨市,227,119,2025-03-03 11:01:16
1012312288YRC518WKA2P,望江三路（江东路-滨江中路）,诸暨市,5,5,2025-03-03 11:01:16
1012312288YRB62F6P9TT,浣纱南路（南兴路-南屏路）,诸暨市,60,51,2025-03-03 11:01:16
1012312288YR7CTTSNVNL,苎萝东路（环城东路-东兴路）,诸暨市,86,66,2025-03-03 11:01:16
1012312288YR7HFKE4HKX,西施大街（浣纱中路-人民中路）,诸暨市,28,16,2025-03-03 11:01:16
1012312288YRBEU44Q1VL,滨江中路（艮塔东路-望江三路）,诸暨市,25,12,2025-03-03 11:01:16
1012312288YR8IX5J60OX,东旺路218弄（东旺路-融媒体中心）,诸暨市,29,6,2025-03-03 11:01:16
1019REU2R6D37Y9,城东公园地下停车场,诸暨市,601,338,2025-03-03 10:51:21
1012312288YR5JPT2UOZL,东兴路（苎萝东路-东二路）,诸暨市,62,52,2025-03-03 10:51:21
1012312298YXIJSNZ82YP,东二路129弄（东一路88弄-东二路123弄）,诸暨市,10,10,2025-03-03 10:51:21
1012312288YR6SFUARGU9,东祥路19弄（东祥路-环城东路）,诸暨市,12,1,2025-03-03 10:51:20
1012312288YRBLMRYOUTD,江东路（望江一路-望江二路）,诸暨市,18,16,2025-03-03 10:51:20
1012312288YRBWX8BW5Q9,望江二路（浣东北路-高湖路）,诸暨市,5,2,2025-03-03 10:51:20
10124013095HHCMD4CC1T,艮塔东路（交通银行）,诸暨市,35,28,2025-03-03 10:51:20
1012312288YRC2EJF5N9D,望江三路（浣东北路-高湖路）,诸暨市,11,6,2025-03-03 10:51:20
1012312288YR3EFRI1BSX,滨江南路（滨江支路-浣东中路）,诸暨市,64,54,2025-03-03 10:51:20
1012312268YDHM7XGW3Y9,艮塔东路（滨江北路-江东路),诸暨市,33,28,2025-03-03 10:51:20
1012312288YR3MBVY988X,东兴北路（江东路-福门路）,诸暨市,19,16,2025-03-03 10:51:20
1019MAR69WRHHXD,西子公寓停车场,诸暨市,91,77,2025-03-03 10:51:20
1012312288YR57VMEIUBL,大桥东路（大桥东路9号-江东路）,诸暨市,34,25,2025-03-03 10:51:20
1012312288YRBS7JO7FUP,望江二路（高湖路-江东路）,诸暨市,10,8,2025-03-03 10:51:20
1012312288YRBI4HZHCE9,江东路（西施大街-大桥东路）,诸暨市,6,2,2025-03-03 10:51:20
1012312288YRAV3T06ARL,滨江中路（望江三路-望江二路）,诸暨市,30,28,2025-03-03 10:51:20
1012312288YR9D2CJ4741,东二路（东祥路-环城东路）,诸暨市,25,9,2025-03-03 10:51:20
1012312288YRAJXAP73SX,滨江中路（望江二路-大桥东路）,诸暨市,45,34,2025-03-03 10:51:20
1012312288YRB24CYLBLT,浣纱南路（苎萝路-南兴路）,诸暨市,19,14,2025-03-03 10:51:20
1012312288YR68DOZJDVL,体育路（体育路二弄-红旗路）,诸暨市,12,5,2025-03-03 10:51:20
1012312288YR5XYT44YKH,艮塔东路（苎萝东路-东二路）,诸暨市,142,126,2025-03-03 10:51:20
1012312288YRBA0HET81T,江东路（大桥东路-望江一路）,诸暨市,10,3,2025-03-03 10:51:20
1012312288YR5UKH75K3L,艮塔东路（东二路-东一路),诸暨市,101,77,2025-03-03 10:51:20
1012312288YR6C3V37475,体育路（体育路-大桥东路）,诸暨市,8,1,2025-03-03 10:51:20
1012405079PB3TJY248W1,东三路（应山公园-东旺路）,诸暨市,44,43,2025-03-03 10:51:20
1012312298YXIV34CFDVL,东一路82弄（东二路123弄-东二路）,诸暨市,6,4,2025-03-03 10:51:20
1012312288YRBZRTXR0G1,望江三路（高湖路-江东路）,诸暨市,15,14,2025-03-03 10:51:20
1012312288YR3IHRSDDZ5,滨江南路（大桥东路-西施大街）,诸暨市,13,3,2025-03-03 10:51:20
1012312288YR89HS7SKXT,东旺路（东旺路150弄-东二路）,诸暨市,18,11,2025-03-03 10:51:20
1019PRTQD59LIWX,永乐路停车场,诸暨市,91,55,2025-03-03 10:51:20
1012312288YR9LAB60FEP,苎萝东路（东兴路-东安路）,诸暨市,45,43,2025-03-03 10:51:20
1012312288YR9ABOZHGCH,东二路（东旺路-东二环路）,诸暨市,47,33,2025-03-03 10:51:20
1012312288YR7V8S6IBCX,东一路88弄（东一路82弄-东一路）,诸暨市,27,2,2025-03-03 10:51:20
1012312288YR61OZ7SOW1,浣纱中路（南屏路-西施大街）,诸暨市,14,12,2025-03-03 10:51:20
1012312288YR6EYGP1YWX,万风新世界（暨阳路-上庄路）,诸暨市,20,5,2025-03-03 10:51:20
1012312288YR5B22720W1,大桥东路（江东路-五角广场）,诸暨市,58,43,2025-03-03 10:51:20
1019N4FJ7J6DUYP,篮球场停车场,诸暨市,182,37,2025-03-03 10:51:20
1019B4Y82CZPJ41,诸暨浣东中路停车场,诸暨市,37,27,2025-03-03 10:51:20
1012401199375YC6OSJ5T,东三路（东二环路-东旺路）,诸暨市,121,81,2025-03-03 10:51:19
1012312288YR751NEO35T,东祥路（东二路-苎萝东路）,诸暨市,38,16,2025-03-03 10:51:19
1012312288YR6IWIX5X4X,苎萝东路（东二环路-东旺路）,诸暨市,18,8,2025-03-03 10:51:19
1012312288YR79Z86T0XT,暨东路70弄（东一路-东旺路218弄）,诸暨市,32,5,2025-03-03 10:51:19
1012312288YR8ZSV1UX35,东旺路150弄（东二环路-东旺路）,诸暨市,88,51,2025-03-03 10:51:19
1012312288YR825E2P88X,苎萝东路（东二环路-东福路),诸暨市,115,99,2025-03-03 10:51:19
1012312288YR8IX5J60OX,东旺路218弄（东旺路-融媒体中心）,诸暨市,29,4,2025-03-03 10:51:19
1012312288YR7HFKE4HKX,西施大街（浣纱中路-人民中路）,诸暨市,28,16,2025-03-03 10:51:19
1012312298YXHTPH9LYPT,东二路123弄（东旺路188弄-东二路）,诸暨市,61,18,2025-03-03 10:51:19
10124013095GY8GDKUBY9,艮塔东路（高湖路-暨东路）,诸暨市,16,13,2025-03-03 10:51:19
1012312288YR53DTVACCH,滨江南路（西施大街-滨江支路）,诸暨市,33,4,2025-03-03 10:51:19
1012312288YRC518WKA2P,望江三路（江东路-滨江中路）,诸暨市,5,4,2025-03-03 10:51:19
1012312288YRBEU44Q1VL,滨江中路（艮塔东路-望江三路）,诸暨市,25,14,2025-03-03 10:51:19
1012312288YR8GIC67LS1,东旺路218弄(东旺路206弄-融媒体中心）,诸暨市,22,1,2025-03-03 10:51:19
1012312268YD5WN09GPVL,八一横路（暨阳路-无名路）,诸暨市,46,28,2025-03-03 10:51:19
1012312288YR5RTTNITC1,艮塔东路（江东路-高湖路）,诸暨市,39,17,2025-03-03 10:51:19
1012312288YRADOD6CUM9,南兴路（南庠路-人民南路）,诸暨市,25,25,2025-03-03 10:51:19
1019SEVYY7X0W75,十里牌停车场,诸暨市,69,69,2025-03-03 10:51:19
1012312288YR7N8PO2AYP,东一路68弄（东二路-东一路）,诸暨市,46,10,2025-03-03 10:51:19
1012312288YR64NIVVNK1,浣纱中路（西施大街-大桥东路）,诸暨市,23,3,2025-03-03 10:51:19
1019Q6UK2GUCAV5,市民公园地下停车场,诸暨市,227,118,2025-03-03 10:51:19
1012312288YR7K67XR8CH,望江一路（浣东北路-江东路）,诸暨市,14,5,2025-03-03 10:51:19
1012312288YR7YF7Z1HXD,高湖路（望江二路-望江一路）,诸暨市,18,12,2025-03-03 10:51:19
10124013095H4QPBO8UF5,东兴路50弄,诸暨市,7,7,2025-03-03 10:51:19
1012312298YXGS3Y2CBNL,东旺路188弄（东旺路-东二环路）,诸暨市,10,4,2025-03-03 10:51:19
1012405049OQ8ZNVP3U2P,苎萝东路（东二环路-东旺路）1,诸暨市,29,20,2025-03-03 10:51:19
1012312288YRAXUGJT1J5,浣纱北路（大桥路-艮塔路）,诸暨市,59,27,2025-03-03 10:51:19
1012312288YR9376YUBK1,东旺路（东旺路150弄-苎萝东路）,诸暨市,18,4,2025-03-03 10:51:19
1019PDAS7RIP7GH,市民公园东北面停车场,诸暨市,27,6,2025-03-03 10:51:19
10124012093FZKG7Y8M4H,永昌南路（东一路-东二路）,诸暨市,63,57,2025-03-03 10:51:19
1012312288YR7CTTSNVNL,苎萝东路（环城东路-东兴路）,诸暨市,86,67,2025-03-03 10:51:19
1012312288YR8VUSTQYV5,东旺路182弄(康华大厦-东旺路),诸暨市,19,2,2025-03-03 10:51:18
1012312288YR9HG704L4X,苎萝东路（东福路-东三环路）,诸暨市,107,107,2025-03-03 10:51:18
1012312288YR9PO5N0TFL,苎萝东路（环城东路-东旺路）,诸暨市,54,49,2025-03-03 10:51:18
1012312288YR9VX35V2M9,苎萝东路（环城东路-东祥路）,诸暨市,17,7,2025-03-03 10:51:18
1012312288YR85VK6CYKH,和济路（东祥路-东旺路）,诸暨市,90,14,2025-03-03 10:51:18
1019S5R3X1SOHS1,一百淘宝城停车场,诸暨市,105,40,2025-03-03 10:51:18
1012312288YRB62F6P9TT,浣纱南路（南兴路-南屏路）,诸暨市,60,50,2025-03-03 10:51:18
1012312288YR5NVRFEV41,东安路(东二路-苎萝东路),诸暨市,6,6,2025-03-03 10:51:18
1012312288YRBP13VO9A9,江东路（望江二路-望江三路）,诸暨市,13,12,2025-03-03 10:51:18
1012312288YR3EFRI1BSX,滨江南路（滨江支路-浣东中路）,诸暨市,64,52,2025-03-03 10:41:15
1012312288YR5XYT44YKH,艮塔东路（苎萝东路-东二路）,诸暨市,142,128,2025-03-03 10:41:15
1012312288YR5B22720W1,大桥东路（江东路-五角广场）,诸暨市,58,48,2025-03-03 10:41:15
1012312288YR3MBVY988X,东兴北路（江东路-福门路）,诸暨市,19,15,2025-03-03 10:41:15
1012312288YRC2EJF5N9D,望江三路（浣东北路-高湖路）,诸暨市,11,6,2025-03-03 10:41:15
1019REU2R6D37Y9,城东公园地下停车场,诸暨市,601,338,2025-03-03 10:41:15
1012312288YR6C3V37475,体育路（体育路-大桥东路）,诸暨市,8,2,2025-03-03 10:41:15
1012312288YRBLMRYOUTD,江东路（望江一路-望江二路）,诸暨市,18,13,2025-03-03 10:41:15
1012312288YR57VMEIUBL,大桥东路（大桥东路9号-江东路）,诸暨市,34,27,2025-03-03 10:41:15
1012405079PB3TJY248W1,东三路（应山公园-东旺路）,诸暨市,44,44,2025-03-03 10:41:15
1012312288YR6EYGP1YWX,万风新世界（暨阳路-上庄路）,诸暨市,20,8,2025-03-03 10:41:15
1012312268YDHM7XGW3Y9,艮塔东路（滨江北路-江东路),诸暨市,33,30,2025-03-03 10:41:15
1012312288YR5JPT2UOZL,东兴路（苎萝东路-东二路）,诸暨市,62,44,2025-03-03 10:41:15
1019MAR69WRHHXD,西子公寓停车场,诸暨市,91,80,2025-03-03 10:41:15
1012312288YRBS7JO7FUP,望江二路（高湖路-江东路）,诸暨市,10,8,2025-03-03 10:41:15
1012312288YR89HS7SKXT,东旺路（东旺路150弄-东二路）,诸暨市,18,7,2025-03-03 10:41:15
1012312288YR68DOZJDVL,体育路（体育路二弄-红旗路）,诸暨市,12,5,2025-03-03 10:41:15
1012312288YRBA0HET81T,江东路（大桥东路-望江一路）,诸暨市,10,4,2025-03-03 10:41:15
1012312288YRBWX8BW5Q9,望江二路（浣东北路-高湖路）,诸暨市,5,2,2025-03-03 10:41:15
1012312288YR9ABOZHGCH,东二路（东旺路-东二环路）,诸暨市,47,34,2025-03-03 10:41:15
1012312288YR7V8S6IBCX,东一路88弄（东一路82弄-东一路）,诸暨市,27,1,2025-03-03 10:41:15
1012312288YRAJXAP73SX,滨江中路（望江二路-大桥东路）,诸暨市,45,37,2025-03-03 10:41:15
1012312288YR61OZ7SOW1,浣纱中路（南屏路-西施大街）,诸暨市,14,12,2025-03-03 10:41:15
1019PRTQD59LIWX,永乐路停车场,诸暨市,91,55,2025-03-03 10:41:15
1012312288YR3IHRSDDZ5,滨江南路（大桥东路-西施大街）,诸暨市,13,2,2025-03-03 10:41:15
1019N4FJ7J6DUYP,篮球场停车场,诸暨市,182,37,2025-03-03 10:41:15
1012312298YXIV34CFDVL,东一路82弄（东二路123弄-东二路）,诸暨市,6,5,2025-03-03 10:41:15
10124013095HHCMD4CC1T,艮塔东路（交通银行）,诸暨市,35,26,2025-03-03 10:41:15
1012312298YXIJSNZ82YP,东二路129弄（东一路88弄-东二路123弄）,诸暨市,10,10,2025-03-03 10:41:15
1012312288YRBI4HZHCE9,江东路（西施大街-大桥东路）,诸暨市,6,2,2025-03-03 10:41:15
1012312288YRAV3T06ARL,滨江中路（望江三路-望江二路）,诸暨市,30,25,2025-03-03 10:41:15
1012312288YRB24CYLBLT,浣纱南路（苎萝路-南兴路）,诸暨市,19,14,2025-03-03 10:41:15
1019B4Y82CZPJ41,诸暨浣东中路停车场,诸暨市,37,28,2025-03-03 10:41:15
1012312288YR9LAB60FEP,苎萝东路（东兴路-东安路）,诸暨市,45,40,2025-03-03 10:41:15
1012312288YR5UKH75K3L,艮塔东路（东二路-东一路),诸暨市,101,78,2025-03-03 10:41:15
1012312288YR9D2CJ4741,东二路（东祥路-环城东路）,诸暨市,25,10,2025-03-03 10:41:15
1012312288YR6SFUARGU9,东祥路19弄（东祥路-环城东路）,诸暨市,12,2,2025-03-03 10:41:15
1012312288YR8IX5J60OX,东旺路218弄（东旺路-融媒体中心）,诸暨市,29,2,2025-03-03 10:41:14
1012312288YRBEU44Q1VL,滨江中路（艮塔东路-望江三路）,诸暨市,25,13,2025-03-03 10:41:14
1012312288YR9PO5N0TFL,苎萝东路（环城东路-东旺路）,诸暨市,54,49,2025-03-03 10:41:14
1012312288YR5F42HE329,红旗路（人民中路-浣纱中路）,诸暨市,16,1,2025-03-03 10:41:14
10124013095H4QPBO8UF5,东兴路50弄,诸暨市,7,7,2025-03-03 10:41:14
1019S5R3X1SOHS1,一百淘宝城停车场,诸暨市,105,40,2025-03-03 10:41:14
1012312298YXHTPH9LYPT,东二路123弄（东旺路188弄-东二路）,诸暨市,61,21,2025-03-03 10:41:14
1012312288YR7YF7Z1HXD,高湖路（望江二路-望江一路）,诸暨市,18,11,2025-03-03 10:41:14
1012312288YRBZRTXR0G1,望江三路（高湖路-江东路）,诸暨市,15,12,2025-03-03 10:41:14
1012312288YR5RTTNITC1,艮塔东路（江东路-高湖路）,诸暨市,39,18,2025-03-03 10:41:14
10124012093FZKG7Y8M4H,永昌南路（东一路-东二路）,诸暨市,63,59,2025-03-03 10:41:14
1012312288YR9VX35V2M9,苎萝东路（环城东路-东祥路）,诸暨市,17,7,2025-03-03 10:41:14
10124013095GY8GDKUBY9,艮塔东路（高湖路-暨东路）,诸暨市,16,12,2025-03-03 10:41:14
1012312288YR8VUSTQYV5,东旺路182弄(康华大厦-东旺路),诸暨市,19,2,2025-03-03 10:41:14
1012312288YR85VK6CYKH,和济路（东祥路-东旺路）,诸暨市,90,18,2025-03-03 10:41:14
1012312288YR9HG704L4X,苎萝东路（东福路-东三环路）,诸暨市,107,107,2025-03-03 10:41:14
1012312288YR7K67XR8CH,望江一路（浣东北路-江东路）,诸暨市,14,6,2025-03-03 10:41:14
1012312288YR7N8PO2AYP,东一路68弄（东二路-东一路）,诸暨市,46,9,2025-03-03 10:41:14
1012312288YR64NIVVNK1,浣纱中路（西施大街-大桥东路）,诸暨市,23,6,2025-03-03 10:41:14
1012405049OQ8ZNVP3U2P,苎萝东路（东二环路-东旺路）1,诸暨市,29,21,2025-03-03 10:41:14
1012312288YR5NVRFEV41,东安路(东二路-苎萝东路),诸暨市,6,5,2025-03-03 10:41:14
1019SEVYY7X0W75,十里牌停车场,诸暨市,69,68,2025-03-03 10:41:14
1012312298YXGS3Y2CBNL,东旺路188弄（东旺路-东二环路）,诸暨市,10,5,2025-03-03 10:41:14
1012312288YR9376YUBK1,东旺路（东旺路150弄-苎萝东路）,诸暨市,18,5,2025-03-03 10:41:14
1012312288YR7CTTSNVNL,苎萝东路（环城东路-东兴路）,诸暨市,86,70,2025-03-03 10:41:14
1012312288YRB62F6P9TT,浣纱南路（南兴路-南屏路）,诸暨市,60,50,2025-03-03 10:41:14
1012312288YRAXUGJT1J5,浣纱北路（大桥路-艮塔路）,诸暨市,59,26,2025-03-03 10:41:14
1012401199375YC6OSJ5T,东三路（东二环路-东旺路）,诸暨市,121,83,2025-03-03 10:41:14
1019Q6UK2GUCAV5,市民公园地下停车场,诸暨市,227,118,2025-03-03 10:41:14
1012312288YRC518WKA2P,望江三路（江东路-滨江中路）,诸暨市,5,5,2025-03-03 10:41:14
1012312288YR825E2P88X,苎萝东路（东二环路-东福路),诸暨市,115,94,2025-03-03 10:41:14
1019PDAS7RIP7GH,市民公园东北面停车场,诸暨市,27,4,2025-03-03 10:41:14
1012312288YR751NEO35T,东祥路（东二路-苎萝东路）,诸暨市,38,14,2025-03-03 10:41:14
1012312288YR7HFKE4HKX,西施大街（浣纱中路-人民中路）,诸暨市,28,17,2025-03-03 10:41:14
1012312288YR6IWIX5X4X,苎萝东路（东二环路-东旺路）,诸暨市,18,9,2025-03-03 10:41:14
1012312288YR79Z86T0XT,暨东路70弄（东一路-东旺路218弄）,诸暨市,32,2,2025-03-03 10:41:14
1012312288YRADOD6CUM9,南兴路（南庠路-人民南路）,诸暨市,25,25,2025-03-03 10:41:14
1012312288YR8ZSV1UX35,东旺路150弄（东二环路-东旺路）,诸暨市,88,55,2025-03-03 10:41:14
1012312288YRBP13VO9A9,江东路（望江二路-望江三路）,诸暨市,13,11,2025-03-03 10:41:14
1012312268YD5WN09GPVL,八一横路（暨阳路-无名路）,诸暨市,46,23,2025-03-03 10:41:14
1012312288YR53DTVACCH,滨江南路（西施大街-滨江支路）,诸暨市,33,6,2025-03-03 10:41:14
1012312288YR3IHRSDDZ5,滨江南路（大桥东路-西施大街）,诸暨市,13,1,2025-03-03 10:30:01
1012312288YR7V8S6IBCX,东一路88弄（东一路82弄-东一路）,诸暨市,27,6,2025-03-03 10:30:01
1012312288YR9LAB60FEP,苎萝东路（东兴路-东安路）,诸暨市,45,42,2025-03-03 10:30:01
1012312288YRB24CYLBLT,浣纱南路（苎萝路-南兴路）,诸暨市,19,12,2025-03-03 10:30:01
1012312288YRC2EJF5N9D,望江三路（浣东北路-高湖路）,诸暨市,11,7,2025-03-03 10:30:01
1012312288YR9D2CJ4741,东二路（东祥路-环城东路）,诸暨市,25,9,2025-03-03 10:30:01
1012312288YR89HS7SKXT,东旺路（东旺路150弄-东二路）,诸暨市,18,7,2025-03-03 10:30:01
1019B4Y82CZPJ41,诸暨浣东中路停车场,诸暨市,37,28,2025-03-03 10:30:01
1019PRTQD59LIWX,永乐路停车场,诸暨市,91,55,2025-03-03 10:30:01
1012312288YRBLMRYOUTD,江东路（望江一路-望江二路）,诸暨市,18,12,2025-03-03 10:30:01
1012312288YR3MBVY988X,东兴北路（江东路-福门路）,诸暨市,19,17,2025-03-03 10:30:01
1012312288YRAV3T06ARL,滨江中路（望江三路-望江二路）,诸暨市,30,29,2025-03-03 10:30:01
1012312288YR5XYT44YKH,艮塔东路（苎萝东路-东二路）,诸暨市,142,126,2025-03-03 10:30:01
1012312288YR3EFRI1BSX,滨江南路（滨江支路-浣东中路）,诸暨市,64,50,2025-03-03 10:30:01
1012312288YRBS7JO7FUP,望江二路（高湖路-江东路）,诸暨市,10,7,2025-03-03 10:30:01
1012312288YR6SFUARGU9,东祥路19弄（东祥路-环城东路）,诸暨市,12,1,2025-03-03 10:30:01
1019REU2R6D37Y9,城东公园地下停车场,诸暨市,601,338,2025-03-03 10:30:01
1012312288YR5UKH75K3L,艮塔东路（东二路-东一路),诸暨市,101,79,2025-03-03 10:30:01
1012312268YDHM7XGW3Y9,艮塔东路（滨江北路-江东路),诸暨市,33,28,2025-03-03 10:30:01
1012312288YR5JPT2UOZL,东兴路（苎萝东路-东二路）,诸暨市,62,39,2025-03-03 10:30:01
1012312288YR6C3V37475,体育路（体育路-大桥东路）,诸暨市,8,3,2025-03-03 10:30:01
1012312288YRBA0HET81T,江东路（大桥东路-望江一路）,诸暨市,10,3,2025-03-03 10:30:01
1012312288YR6EYGP1YWX,万风新世界（暨阳路-上庄路）,诸暨市,20,4,2025-03-03 10:30:01
1012312288YR61OZ7SOW1,浣纱中路（南屏路-西施大街）,诸暨市,14,12,2025-03-03 10:30:01
1019N4FJ7J6DUYP,篮球场停车场,诸暨市,182,37,2025-03-03 10:30:01
1019MAR69WRHHXD,西子公寓停车场,诸暨市,91,78,2025-03-03 10:30:01
1012312288YR68DOZJDVL,体育路（体育路二弄-红旗路）,诸暨市,12,2,2025-03-03 10:30:01
1012312288YR5B22720W1,大桥东路（江东路-五角广场）,诸暨市,58,46,2025-03-03 10:30:01
1012405079PB3TJY248W1,东三路（应山公园-东旺路）,诸暨市,44,44,2025-03-03 10:30:01
1019PDPET4GWE81,市民公园北面停车场,诸暨市,14,1,2025-03-03 10:30:01
1012312298YXIV34CFDVL,东一路82弄（东二路123弄-东二路）,诸暨市,6,5,2025-03-03 10:30:01
1012312298YXIJSNZ82YP,东二路129弄（东一路88弄-东二路123弄）,诸暨市,10,10,2025-03-03 10:30:01
1012312288YRBWX8BW5Q9,望江二路（浣东北路-高湖路）,诸暨市,5,4,2025-03-03 10:30:01
1012312288YR9PO5N0TFL,苎萝东路（环城东路-东旺路）,诸暨市,54,49,2025-03-03 10:30:00
1019S5R3X1SOHS1,一百淘宝城停车场,诸暨市,105,40,2025-03-03 10:30:00
1012312288YR5NVRFEV41,东安路(东二路-苎萝东路),诸暨市,6,4,2025-03-03 10:30:00
1012312288YR53DTVACCH,滨江南路（西施大街-滨江支路）,诸暨市,33,1,2025-03-03 10:30:00
1019Q6UK2GUCAV5,市民公园地下停车场,诸暨市,227,118,2025-03-03 10:30:00
1012401199375YC6OSJ5T,东三路（东二环路-东旺路）,诸暨市,121,80,2025-03-03 10:30:00
1012312288YRBEU44Q1VL,滨江中路（艮塔东路-望江三路）,诸暨市,25,13,2025-03-03 10:30:00
1012312288YR8ZSV1UX35,东旺路150弄（东二环路-东旺路）,诸暨市,88,60,2025-03-03 10:30:00
1019PDAS7RIP7GH,市民公园东北面停车场,诸暨市,27,5,2025-03-03 10:30:00
1012312288YR9ABOZHGCH,东二路（东旺路-东二环路）,诸暨市,47,34,2025-03-03 10:30:00
1012312288YR8VUSTQYV5,东旺路182弄(康华大厦-东旺路),诸暨市,19,1,2025-03-03 10:30:00
1012312288YR9VX35V2M9,苎萝东路（环城东路-东祥路）,诸暨市,17,6,2025-03-03 10:30:00
1012312288YR79Z86T0XT,暨东路70弄（东一路-东旺路218弄）,诸暨市,32,4,2025-03-03 10:30:00
1012312288YR5F42HE329,红旗路（人民中路-浣纱中路）,诸暨市,16,4,2025-03-03 10:30:00
1012312288YRB62F6P9TT,浣纱南路（南兴路-南屏路）,诸暨市,60,48,2025-03-03 10:30:00
1012312298YXHTPH9LYPT,东二路123弄（东旺路188弄-东二路）,诸暨市,61,23,2025-03-03 10:30:00
10124012093FZKG7Y8M4H,永昌南路（东一路-东二路）,诸暨市,63,58,2025-03-03 10:30:00
1012312268YD5WN09GPVL,八一横路（暨阳路-无名路）,诸暨市,46,27,2025-03-03 10:30:00
10124013095GY8GDKUBY9,艮塔东路（高湖路-暨东路）,诸暨市,16,13,2025-03-03 10:30:00
1012312298YXGS3Y2CBNL,东旺路188弄（东旺路-东二环路）,诸暨市,10,5,2025-03-03 10:30:00
1012312288YR7CTTSNVNL,苎萝东路（环城东路-东兴路）,诸暨市,86,76,2025-03-03 10:30:00
1012312288YR5RTTNITC1,艮塔东路（江东路-高湖路）,诸暨市,39,14,2025-03-03 10:30:00
1012312288YRAJXAP73SX,滨江中路（望江二路-大桥东路）,诸暨市,45,36,2025-03-03 10:30:00
1012312288YR751NEO35T,东祥路（东二路-苎萝东路）,诸暨市,38,9,2025-03-03 10:30:00
1012312288YR7HFKE4HKX,西施大街（浣纱中路-人民中路）,诸暨市,28,15,2025-03-03 10:30:00
1012405049OQ8ZNVP3U2P,苎萝东路（东二环路-东旺路）1,诸暨市,29,22,2025-03-03 10:30:00
1012312288YRBP13VO9A9,江东路（望江二路-望江三路）,诸暨市,13,12,2025-03-03 10:30:00
10124013095H4QPBO8UF5,东兴路50弄,诸暨市,7,7,2025-03-03 10:30:00
1012312288YR7N8PO2AYP,东一路68弄（东二路-东一路）,诸暨市,46,10,2025-03-03 10:30:00
1012312288YRC518WKA2P,望江三路（江东路-滨江中路）,诸暨市,5,4,2025-03-03 10:30:00
1012312288YR8GIC67LS1,东旺路218弄(东旺路206弄-融媒体中心）,诸暨市,22,1,2025-03-03 10:30:00
10124013095HHCMD4CC1T,艮塔东路（交通银行）,诸暨市,35,26,2025-03-03 10:30:00
1012312288YR85VK6CYKH,和济路（东祥路-东旺路）,诸暨市,90,10,2025-03-03 10:30:00
1019SEVYY7X0W75,十里牌停车场,诸暨市,69,67,2025-03-03 10:30:00
1012312288YR9HG704L4X,苎萝东路（东福路-东三环路）,诸暨市,107,107,2025-03-03 10:30:00
1012312288YR9376YUBK1,东旺路（东旺路150弄-苎萝东路）,诸暨市,18,5,2025-03-03 10:30:00
1012312288YRADOD6CUM9,南兴路（南庠路-人民南路）,诸暨市,25,25,2025-03-03 10:30:00
1012312288YR57VMEIUBL,大桥东路（大桥东路9号-江东路）,诸暨市,34,26,2025-03-03 10:30:00
1012312288YRBZRTXR0G1,望江三路（高湖路-江东路）,诸暨市,15,14,2025-03-03 10:30:00
1012312288YR825E2P88X,苎萝东路（东二环路-东福路),诸暨市,115,96,2025-03-03 10:30:00
1012312288YR7YF7Z1HXD,高湖路（望江二路-望江一路）,诸暨市,18,10,2025-03-03 10:30:00
1012312288YRAXUGJT1J5,浣纱北路（大桥路-艮塔路）,诸暨市,59,28,2025-03-03 10:30:00
1012312288YR6IWIX5X4X,苎萝东路（东二环路-东旺路）,诸暨市,18,10,2025-03-03 10:30:00
1012312288YR64NIVVNK1,浣纱中路（西施大街-大桥东路）,诸暨市,23,2,2025-03-03 10:30:00
1012312288YR7K67XR8CH,望江一路（浣东北路-江东路）,诸暨市,14,9,2025-03-03 10:30:00
1012312288YR9LAB60FEP,苎萝东路（东兴路-东安路）,诸暨市,45,42,2025-03-03 10:20:02
1012312288YRBS7JO7FUP,望江二路（高湖路-江东路）,诸暨市,10,7,2025-03-03 10:20:02
1012312288YRBLMRYOUTD,江东路（望江一路-望江二路）,诸暨市,18,14,2025-03-03 10:20:02
1012312288YR3MBVY988X,东兴北路（江东路-福门路）,诸暨市,19,15,2025-03-03 10:20:02
1019B4Y82CZPJ41,诸暨浣东中路停车场,诸暨市,37,29,2025-03-03 10:20:02
1012312288YR9D2CJ4741,东二路（东祥路-环城东路）,诸暨市,25,9,2025-03-03 10:20:02
1012312288YR89HS7SKXT,东旺路（东旺路150弄-东二路）,诸暨市,18,7,2025-03-03 10:20:02
1012312288YR6SFUARGU9,东祥路19弄（东祥路-环城东路）,诸暨市,12,2,2025-03-03 10:20:02
1012312288YR5JPT2UOZL,东兴路（苎萝东路-东二路）,诸暨市,62,43,2025-03-03 10:20:02
1012312288YRB24CYLBLT,浣纱南路（苎萝路-南兴路）,诸暨市,19,12,2025-03-03 10:20:02
1012312288YR68DOZJDVL,体育路（体育路二弄-红旗路）,诸暨市,12,1,2025-03-03 10:20:02
1012312288YR3EFRI1BSX,滨江南路（滨江支路-浣东中路）,诸暨市,64,48,2025-03-03 10:20:02
1019N4FJ7J6DUYP,篮球场停车场,诸暨市,182,38,2025-03-03 10:20:02
1012312288YR5UKH75K3L,艮塔东路（东二路-东一路),诸暨市,101,80,2025-03-03 10:20:02
1012312288YR5XYT44YKH,艮塔东路（苎萝东路-东二路）,诸暨市,142,127,2025-03-03 10:20:02
1012312288YR6EYGP1YWX,万风新世界（暨阳路-上庄路）,诸暨市,20,4,2025-03-03 10:20:02
1019PRTQD59LIWX,永乐路停车场,诸暨市,91,55,2025-03-03 10:20:02
1012405079PB3TJY248W1,东三路（应山公园-东旺路）,诸暨市,44,44,2025-03-03 10:20:02
1012312288YRBWX8BW5Q9,望江二路（浣东北路-高湖路）,诸暨市,5,4,2025-03-03 10:20:02
1012312288YR3IHRSDDZ5,滨江南路（大桥东路-西施大街）,诸暨市,13,1,2025-03-03 10:20:02
1012312288YRAV3T06ARL,滨江中路（望江三路-望江二路）,诸暨市,30,28,2025-03-03 10:20:02
1012312298YXIJSNZ82YP,东二路129弄（东一路88弄-东二路123弄）,诸暨市,10,10,2025-03-03 10:20:02
1012312288YR5B22720W1,大桥东路（江东路-五角广场）,诸暨市,58,48,2025-03-03 10:20:02
1012312288YR7V8S6IBCX,东一路88弄（东一路82弄-东一路）,诸暨市,27,6,2025-03-03 10:20:02
1019REU2R6D37Y9,城东公园地下停车场,诸暨市,601,338,2025-03-03 10:20:02
1012312298YXIV34CFDVL,东一路82弄（东二路123弄-东二路）,诸暨市,6,4,2025-03-03 10:20:02
1012312288YRC2EJF5N9D,望江三路（浣东北路-高湖路）,诸暨市,11,7,2025-03-03 10:20:02
1012312288YRBA0HET81T,江东路（大桥东路-望江一路）,诸暨市,10,2,2025-03-03 10:20:02
1012312288YR61OZ7SOW1,浣纱中路（南屏路-西施大街）,诸暨市,14,10,2025-03-03 10:20:02
1012312268YDHM7XGW3Y9,艮塔东路（滨江北路-江东路),诸暨市,33,28,2025-03-03 10:20:02
1012312288YR6C3V37475,体育路（体育路-大桥东路）,诸暨市,8,5,2025-03-03 10:20:02
1019MAR69WRHHXD,西子公寓停车场,诸暨市,91,80,2025-03-03 10:20:02
1012312288YRBZRTXR0G1,望江三路（高湖路-江东路）,诸暨市,15,14,2025-03-03 10:20:01
1012312288YR64NIVVNK1,浣纱中路（西施大街-大桥东路）,诸暨市,23,3,2025-03-03 10:20:01
1012312298YXHTPH9LYPT,东二路123弄（东旺路188弄-东二路）,诸暨市,61,20,2025-03-03 10:20:01
1012312288YR57VMEIUBL,大桥东路（大桥东路9号-江东路）,诸暨市,34,22,2025-03-03 10:20:01
1012312288YR7CTTSNVNL,苎萝东路（环城东路-东兴路）,诸暨市,86,76,2025-03-03 10:20:01
1012312298YXGS3Y2CBNL,东旺路188弄（东旺路-东二环路）,诸暨市,10,5,2025-03-03 10:20:01
1012312288YR7HFKE4HKX,西施大街（浣纱中路-人民中路）,诸暨市,28,13,2025-03-03 10:20:01
10124013095HHCMD4CC1T,艮塔东路（交通银行）,诸暨市,35,27,2025-03-03 10:20:01
1012312288YRC518WKA2P,望江三路（江东路-滨江中路）,诸暨市,5,4,2025-03-03 10:20:01
1012312288YRAXUGJT1J5,浣纱北路（大桥路-艮塔路）,诸暨市,59,31,2025-03-03 10:20:01
1012312288YR7K67XR8CH,望江一路（浣东北路-江东路）,诸暨市,14,5,2025-03-03 10:20:01
1012312288YR5RTTNITC1,艮塔东路（江东路-高湖路）,诸暨市,39,13,2025-03-03 10:20:01
1012312288YR751NEO35T,东祥路（东二路-苎萝东路）,诸暨市,38,11,2025-03-03 10:20:01
1012312268YD5WN09GPVL,八一横路（暨阳路-无名路）,诸暨市,46,30,2025-03-03 10:20:01
1012312288YR79Z86T0XT,暨东路70弄（东一路-东旺路218弄）,诸暨市,32,2,2025-03-03 10:20:01
1012312288YR6IWIX5X4X,苎萝东路（东二环路-东旺路）,诸暨市,18,10,2025-03-03 10:20:01
1012312288YR825E2P88X,苎萝东路（东二环路-东福路),诸暨市,115,104,2025-03-03 10:20:01
10124013095GY8GDKUBY9,艮塔东路（高湖路-暨东路）,诸暨市,16,15,2025-03-03 10:20:01
1019SEVYY7X0W75,十里牌停车场,诸暨市,69,69,2025-03-03 10:20:01
1019PDAS7RIP7GH,市民公园东北面停车场,诸暨市,27,5,2025-03-03 10:20:01
1012312288YRAJXAP73SX,滨江中路（望江二路-大桥东路）,诸暨市,45,38,2025-03-03 10:20:01
10124013095H4QPBO8UF5,东兴路50弄,诸暨市,7,7,2025-03-03 10:20:01
1012312288YRADOD6CUM9,南兴路（南庠路-人民南路）,诸暨市,25,25,2025-03-03 10:20:01
1012312288YR9376YUBK1,东旺路（东旺路150弄-苎萝东路）,诸暨市,18,5,2025-03-03 10:20:01
1012312288YR9ABOZHGCH,东二路（东旺路-东二环路）,诸暨市,47,35,2025-03-03 10:20:01
1012312288YRBEU44Q1VL,滨江中路（艮塔东路-望江三路）,诸暨市,25,13,2025-03-03 10:20:01
1012312288YR8ZSV1UX35,东旺路150弄（东二环路-东旺路）,诸暨市,88,59,2025-03-03 10:20:01
1012312288YR8IX5J60OX,东旺路218弄（东旺路-融媒体中心）,诸暨市,29,5,2025-03-03 10:20:01
10124012093FZKG7Y8M4H,永昌南路（东一路-东二路）,诸暨市,63,57,2025-03-03 10:20:00
1012312288YRBP13VO9A9,江东路（望江二路-望江三路）,诸暨市,13,12,2025-03-03 10:20:00
1012312288YR9HG704L4X,苎萝东路（东福路-东三环路）,诸暨市,107,107,2025-03-03 10:20:00
1019Q6UK2GUCAV5,市民公园地下停车场,诸暨市,227,119,2025-03-03 10:20:00
1012312288YR5F42HE329,红旗路（人民中路-浣纱中路）,诸暨市,16,4,2025-03-03 10:20:00
1012312288YRB62F6P9TT,浣纱南路（南兴路-南屏路）,诸暨市,60,48,2025-03-03 10:20:00
1012312288YR85VK6CYKH,和济路（东祥路-东旺路）,诸暨市,90,9,2025-03-03 10:20:00
1012312288YR7N8PO2AYP,东一路68弄（东二路-东一路）,诸暨市,46,9,2025-03-03 10:20:00
1019S5R3X1SOHS1,一百淘宝城停车场,诸暨市,105,40,2025-03-03 10:20:00
1012312288YR9PO5N0TFL,苎萝东路（环城东路-东旺路）,诸暨市,54,50,2025-03-03 10:20:00
1012405049OQ8ZNVP3U2P,苎萝东路（东二环路-东旺路）1,诸暨市,29,21,2025-03-03 10:20:00
1012312288YR5NVRFEV41,东安路(东二路-苎萝东路),诸暨市,6,2,2025-03-03 10:20:00
1012312288YR9VX35V2M9,苎萝东路（环城东路-东祥路）,诸暨市,17,6,2025-03-03 10:20:00
1012312288YR7YF7Z1HXD,高湖路（望江二路-望江一路）,诸暨市,18,12,2025-03-03 10:20:00
1012312288YR8VUSTQYV5,东旺路182弄(康华大厦-东旺路),诸暨市,19,5,2025-03-03 10:20:00
1012401199375YC6OSJ5T,东三路（东二环路-东旺路）,诸暨市,121,83,2025-03-03 10:20:00
1012312288YR7V8S6IBCX,东一路88弄（东一路82弄-东一路）,诸暨市,27,6,2025-03-03 10:11:11
1012312288YR3MBVY988X,东兴北路（江东路-福门路）,诸暨市,19,15,2025-03-03 10:11:11
1019N4FJ7J6DUYP,篮球场停车场,诸暨市,182,38,2025-03-03 10:11:11
1012312288YRBLMRYOUTD,江东路（望江一路-望江二路）,诸暨市,18,14,2025-03-03 10:11:11
1012312288YRBWX8BW5Q9,望江二路（浣东北路-高湖路）,诸暨市,5,3,2025-03-03 10:11:11
1012312288YR9LAB60FEP,苎萝东路（东兴路-东安路）,诸暨市,45,42,2025-03-03 10:11:11
1019REU2R6D37Y9,城东公园地下停车场,诸暨市,601,340,2025-03-03 10:11:11
1012312288YR6SFUARGU9,东祥路19弄（东祥路-环城东路）,诸暨市,12,2,2025-03-03 10:11:11
1012312298YXIJSNZ82YP,东二路129弄（东一路88弄-东二路123弄）,诸暨市,10,10,2025-03-03 10:11:11
1012312288YRB24CYLBLT,浣纱南路（苎萝路-南兴路）,诸暨市,19,12,2025-03-03 10:11:11
1019MAR69WRHHXD,西子公寓停车场,诸暨市,91,80,2025-03-03 10:11:11
1012312288YRBS7JO7FUP,望江二路（高湖路-江东路）,诸暨市,10,7,2025-03-03 10:11:11
1012312288YRBA0HET81T,江东路（大桥东路-望江一路）,诸暨市,10,4,2025-03-03 10:11:11
1019PRTQD59LIWX,永乐路停车场,诸暨市,91,55,2025-03-03 10:11:11
1012312288YR3EFRI1BSX,滨江南路（滨江支路-浣东中路）,诸暨市,64,50,2025-03-03 10:11:11
1012312288YR5XYT44YKH,艮塔东路（苎萝东路-东二路）,诸暨市,142,126,2025-03-03 10:11:11
1012312288YR5JPT2UOZL,东兴路（苎萝东路-东二路）,诸暨市,62,44,2025-03-03 10:11:11
1019B4Y82CZPJ41,诸暨浣东中路停车场,诸暨市,37,30,2025-03-03 10:11:11
1012312288YR6C3V37475,体育路（体育路-大桥东路）,诸暨市,8,1,2025-03-03 10:11:10
1012312268YD5WN09GPVL,八一横路（暨阳路-无名路）,诸暨市,46,30,2025-03-03 10:11:10
1012312288YR79Z86T0XT,暨东路70弄（东一路-东旺路218弄）,诸暨市,32,4,2025-03-03 10:11:10
1012312288YR61OZ7SOW1,浣纱中路（南屏路-西施大街）,诸暨市,14,10,2025-03-03 10:11:10
1012312288YR89HS7SKXT,东旺路（东旺路150弄-东二路）,诸暨市,18,8,2025-03-03 10:11:10
1012312288YR7K67XR8CH,望江一路（浣东北路-江东路）,诸暨市,14,6,2025-03-03 10:11:10
1012312288YR7CTTSNVNL,苎萝东路（环城东路-东兴路）,诸暨市,86,71,2025-03-03 10:11:10
1012312288YR8GIC67LS1,东旺路218弄(东旺路206弄-融媒体中心）,诸暨市,22,2,2025-03-03 10:11:10
1012312288YR5B22720W1,大桥东路（江东路-五角广场）,诸暨市,58,46,2025-03-03 10:11:10
1012312288YRAXUGJT1J5,浣纱北路（大桥路-艮塔路）,诸暨市,59,31,2025-03-03 10:11:10
1012312288YR8ZSV1UX35,东旺路150弄（东二环路-东旺路）,诸暨市,88,58,2025-03-03 10:11:10
10124013095H4QPBO8UF5,东兴路50弄,诸暨市,7,7,2025-03-03 10:11:10
10124013095HHCMD4CC1T,艮塔东路（交通银行）,诸暨市,35,25,2025-03-03 10:11:10
1012312288YRBEU44Q1VL,滨江中路（艮塔东路-望江三路）,诸暨市,25,12,2025-03-03 10:11:10
1012312288YR8IX5J60OX,东旺路218弄（东旺路-融媒体中心）,诸暨市,29,3,2025-03-03 10:11:10
1012312288YR6EYGP1YWX,万风新世界（暨阳路-上庄路）,诸暨市,20,6,2025-03-03 10:11:10
1012312288YR7HFKE4HKX,西施大街（浣纱中路-人民中路）,诸暨市,28,14,2025-03-03 10:11:10
1012312288YR6IWIX5X4X,苎萝东路（东二环路-东旺路）,诸暨市,18,10,2025-03-03 10:11:10
1012312288YRC2EJF5N9D,望江三路（浣东北路-高湖路）,诸暨市,11,7,2025-03-03 10:11:10
1012312288YR53DTVACCH,滨江南路（西施大街-滨江支路）,诸暨市,33,3,2025-03-03 10:11:10
1012312288YR68DOZJDVL,体育路（体育路二弄-红旗路）,诸暨市,12,3,2025-03-03 10:11:10
1012312298YXIV34CFDVL,东一路82弄（东二路123弄-东二路）,诸暨市,6,5,2025-03-03 10:11:10
1019PDAS7RIP7GH,市民公园东北面停车场,诸暨市,27,4,2025-03-03 10:11:10
1012312288YR751NEO35T,东祥路（东二路-苎萝东路）,诸暨市,38,9,2025-03-03 10:11:10
1012312288YR5UKH75K3L,艮塔东路（东二路-东一路),诸暨市,101,79,2025-03-03 10:11:10
1012312288YRAV3T06ARL,滨江中路（望江三路-望江二路）,诸暨市,30,27,2025-03-03 10:11:10
1012312288YR5RTTNITC1,艮塔东路（江东路-高湖路）,诸暨市,39,12,2025-03-03 10:11:10
1019SEVYY7X0W75,十里牌停车场,诸暨市,69,68,2025-03-03 10:11:10
1012312288YR57VMEIUBL,大桥东路（大桥东路9号-江东路）,诸暨市,34,19,2025-03-03 10:11:10
1012312288YRC518WKA2P,望江三路（江东路-滨江中路）,诸暨市,5,5,2025-03-03 10:11:10
1012312288YR9ABOZHGCH,东二路（东旺路-东二环路）,诸暨市,47,33,2025-03-03 10:11:10
1012405079PB3TJY248W1,东三路（应山公园-东旺路）,诸暨市,44,44,2025-03-03 10:11:10
10124013095GY8GDKUBY9,艮塔东路（高湖路-暨东路）,诸暨市,16,13,2025-03-03 10:11:10
1012312298YXGS3Y2CBNL,东旺路188弄（东旺路-东二环路）,诸暨市,10,6,2025-03-03 10:11:10
1012312288YRBZRTXR0G1,望江三路（高湖路-江东路）,诸暨市,15,14,2025-03-03 10:11:10
1012312268YDHM7XGW3Y9,艮塔东路（滨江北路-江东路),诸暨市,33,26,2025-03-03 10:11:10
1012312288YRADOD6CUM9,南兴路（南庠路-人民南路）,诸暨市,25,25,2025-03-03 10:11:10
1012312288YR9D2CJ4741,东二路（东祥路-环城东路）,诸暨市,25,7,2025-03-03 10:11:10
1012312288YR9376YUBK1,东旺路（东旺路150弄-苎萝东路）,诸暨市,18,6,2025-03-03 10:11:10
1012312288YRAJXAP73SX,滨江中路（望江二路-大桥东路）,诸暨市,45,37,2025-03-03 10:11:10
1012312288YR825E2P88X,苎萝东路（东二环路-东福路),诸暨市,115,101,2025-03-03 10:11:09
1012312288YR7N8PO2AYP,东一路68弄（东二路-东一路）,诸暨市,46,12,2025-03-03 10:11:09
10124012093FZKG7Y8M4H,永昌南路（东一路-东二路）,诸暨市,63,59,2025-03-03 10:11:09
1012312288YRB62F6P9TT,浣纱南路（南兴路-南屏路）,诸暨市,60,49,2025-03-03 10:11:09
1012312288YR5NVRFEV41,东安路(东二路-苎萝东路),诸暨市,6,3,2025-03-03 10:11:09
1012312288YR9VX35V2M9,苎萝东路（环城东路-东祥路）,诸暨市,17,5,2025-03-03 10:11:09
1012312288YR8VUSTQYV5,东旺路182弄(康华大厦-东旺路),诸暨市,19,3,2025-03-03 10:11:09
1012312288YR9HG704L4X,苎萝东路（东福路-东三环路）,诸暨市,107,107,2025-03-03 10:11:09
1019S5R3X1SOHS1,一百淘宝城停车场,诸暨市,105,40,2025-03-03 10:11:09
1012312288YR9PO5N0TFL,苎萝东路（环城东路-东旺路）,诸暨市,54,47,2025-03-03 10:11:09
1012312288YR64NIVVNK1,浣纱中路（西施大街-大桥东路）,诸暨市,23,4,2025-03-03 10:11:09
1019Q6UK2GUCAV5,市民公园地下停车场,诸暨市,227,118,2025-03-03 10:11:09
1012405049OQ8ZNVP3U2P,苎萝东路（东二环路-东旺路）1,诸暨市,29,22,2025-03-03 10:11:09
1012312288YRBP13VO9A9,江东路（望江二路-望江三路）,诸暨市,13,10,2025-03-03 10:11:09
1012401199375YC6OSJ5T,东三路（东二环路-东旺路）,诸暨市,121,82,2025-03-03 10:11:09
1012312298YXHTPH9LYPT,东二路123弄（东旺路188弄-东二路）,诸暨市,61,16,2025-03-03 10:11:09
1012312288YR85VK6CYKH,和济路（东祥路-东旺路）,诸暨市,90,12,2025-03-03 10:11:09
1012312288YR7YF7Z1HXD,高湖路（望江二路-望江一路）,诸暨市,18,12,2025-03-03 10:11:09
1012312288YR5F42HE329,红旗路（人民中路-浣纱中路）,诸暨市,16,2,2025-03-03 10:11:09
1012312298YXIJSNZ82YP,东二路129弄（东一路88弄-东二路123弄）,诸暨市,10,10,2025-03-03 10:00:06
1012312288YR7V8S6IBCX,东一路88弄（东一路82弄-东一路）,诸暨市,27,8,2025-03-03 10:00:05
1012312288YRBLMRYOUTD,江东路（望江一路-望江二路）,诸暨市,18,14,2025-03-03 10:00:05
1019PRTQD59LIWX,永乐路停车场,诸暨市,91,55,2025-03-03 10:00:05
1012312288YR3MBVY988X,东兴北路（江东路-福门路）,诸暨市,19,14,2025-03-03 10:00:05
1012312288YR3EFRI1BSX,滨江南路（滨江支路-浣东中路）,诸暨市,64,52,2025-03-03 10:00:05
1012312288YRBA0HET81T,江东路（大桥东路-望江一路）,诸暨市,10,4,2025-03-03 10:00:05
1012312288YR89HS7SKXT,东旺路（东旺路150弄-东二路）,诸暨市,18,8,2025-03-03 10:00:05
1012312288YRBWX8BW5Q9,望江二路（浣东北路-高湖路）,诸暨市,5,4,2025-03-03 10:00:05
1012312288YR6C3V37475,体育路（体育路-大桥东路）,诸暨市,8,1,2025-03-03 10:00:05
1012312288YR61OZ7SOW1,浣纱中路（南屏路-西施大街）,诸暨市,14,8,2025-03-03 10:00:05
1012312288YR5JPT2UOZL,东兴路（苎萝东路-东二路）,诸暨市,62,45,2025-03-03 10:00:05
1012312288YRBS7JO7FUP,望江二路（高湖路-江东路）,诸暨市,10,6,2025-03-03 10:00:05
1012312288YR68DOZJDVL,体育路（体育路二弄-红旗路）,诸暨市,12,2,2025-03-03 10:00:05
1012312288YRC2EJF5N9D,望江三路（浣东北路-高湖路）,诸暨市,11,7,2025-03-03 10:00:05
1019MAR69WRHHXD,西子公寓停车场,诸暨市,91,80,2025-03-03 10:00:05
1012312288YR9LAB60FEP,苎萝东路（东兴路-东安路）,诸暨市,45,42,2025-03-03 10:00:05
1012405079PB3TJY248W1,东三路（应山公园-东旺路）,诸暨市,44,43,2025-03-03 10:00:05
1012312288YRB24CYLBLT,浣纱南路（苎萝路-南兴路）,诸暨市,19,11,2025-03-03 10:00:05
1019B4Y82CZPJ41,诸暨浣东中路停车场,诸暨市,37,29,2025-03-03 10:00:05
1012312288YR5XYT44YKH,艮塔东路（苎萝东路-东二路）,诸暨市,142,127,2025-03-03 10:00:05
1019N4FJ7J6DUYP,篮球场停车场,诸暨市,182,38,2025-03-03 10:00:05
1019REU2R6D37Y9,城东公园地下停车场,诸暨市,601,340,2025-03-03 10:00:05
1012312288YR9D2CJ4741,东二路（东祥路-环城东路）,诸暨市,25,6,2025-03-03 10:00:05
1012312268YDHM7XGW3Y9,艮塔东路（滨江北路-江东路),诸暨市,33,26,2025-03-03 10:00:04
1012312288YR6EYGP1YWX,万风新世界（暨阳路-上庄路）,诸暨市,20,9,2025-03-03 10:00:04
1012312298YXIV34CFDVL,东一路82弄（东二路123弄-东二路）,诸暨市,6,4,2025-03-03 10:00:04
1012312288YR5UKH75K3L,艮塔东路（东二路-东一路),诸暨市,101,79,2025-03-03 10:00:04
1012312288YRAV3T06ARL,滨江中路（望江三路-望江二路）,诸暨市,30,29,2025-03-03 10:00:04
10124013095HHCMD4CC1T,艮塔东路（交通银行）,诸暨市,35,21,2025-03-03 10:00:04
1012312288YR5B22720W1,大桥东路（江东路-五角广场）,诸暨市,58,44,2025-03-03 10:00:04
1012312288YR57VMEIUBL,大桥东路（大桥东路9号-江东路）,诸暨市,34,26,2025-03-03 10:00:04
1012312288YR9ABOZHGCH,东二路（东旺路-东二环路）,诸暨市,47,32,2025-03-03 10:00:03
1012312288YR9376YUBK1,东旺路（东旺路150弄-苎萝东路）,诸暨市,18,6,2025-03-03 10:00:03
1012312288YRBZRTXR0G1,望江三路（高湖路-江东路）,诸暨市,15,13,2025-03-03 10:00:03
1012312288YRAJXAP73SX,滨江中路（望江二路-大桥东路）,诸暨市,45,36,2025-03-03 10:00:03
1012312288YR7HFKE4HKX,西施大街（浣纱中路-人民中路）,诸暨市,28,14,2025-03-03 10:00:03
1019PDAS7RIP7GH,市民公园东北面停车场,诸暨市,27,5,2025-03-03 10:00:03
1012312288YR8IX5J60OX,东旺路218弄（东旺路-融媒体中心）,诸暨市,29,3,2025-03-03 10:00:02
1012312288YR8GIC67LS1,东旺路218弄(东旺路206弄-融媒体中心）,诸暨市,22,2,2025-03-03 10:00:02
10124013095H4QPBO8UF5,东兴路50弄,诸暨市,7,7,2025-03-03 10:00:02
1019SEVYY7X0W75,十里牌停车场,诸暨市,69,66,2025-03-03 10:00:02
1012312288YR8ZSV1UX35,东旺路150弄（东二环路-东旺路）,诸暨市,88,58,2025-03-03 10:00:02
1012312288YRC518WKA2P,望江三路（江东路-滨江中路）,诸暨市,5,5,2025-03-03 10:00:01
1012312288YR5RTTNITC1,艮塔东路（江东路-高湖路）,诸暨市,39,13,2025-03-03 10:00:01
1012312288YRAXUGJT1J5,浣纱北路（大桥路-艮塔路）,诸暨市,59,26,2025-03-03 10:00:01
1012312268YD5WN09GPVL,八一横路（暨阳路-无名路）,诸暨市,46,33,2025-03-03 10:00:01
1012312288YR53DTVACCH,滨江南路（西施大街-滨江支路）,诸暨市,33,1,2025-03-03 10:00:01
1012312288YR7K67XR8CH,望江一路（浣东北路-江东路）,诸暨市,14,7,2025-03-03 10:00:01
1012312288YR751NEO35T,东祥路（东二路-苎萝东路）,诸暨市,38,14,2025-03-03 10:00:01
10124013095GY8GDKUBY9,艮塔东路（高湖路-暨东路）,诸暨市,16,13,2025-03-03 10:00:01
1012312288YRBEU44Q1VL,滨江中路（艮塔东路-望江三路）,诸暨市,25,12,2025-03-03 10:00:01
1012312298YXGS3Y2CBNL,东旺路188弄（东旺路-东二环路）,诸暨市,10,4,2025-03-03 10:00:01
1012312288YRADOD6CUM9,南兴路（南庠路-人民南路）,诸暨市,25,25,2025-03-03 10:00:01
1012312288YR79Z86T0XT,暨东路70弄（东一路-东旺路218弄）,诸暨市,32,5,2025-03-03 10:00:01
1012312288YR6IWIX5X4X,苎萝东路（东二环路-东旺路）,诸暨市,18,10,2025-03-03 10:00:01
1012312288YR7CTTSNVNL,苎萝东路（环城东路-东兴路）,诸暨市,86,71,2025-03-03 10:00:01
1012312288YR9HG704L4X,苎萝东路（东福路-东三环路）,诸暨市,107,107,2025-03-03 10:00:00
1012401199375YC6OSJ5T,东三路（东二环路-东旺路）,诸暨市,121,81,2025-03-03 10:00:00
1012312288YR8VUSTQYV5,东旺路182弄(康华大厦-东旺路),诸暨市,19,3,2025-03-03 10:00:00
1012312298YXHTPH9LYPT,东二路123弄（东旺路188弄-东二路）,诸暨市,61,23,2025-03-03 10:00:00
1012312288YR7YF7Z1HXD,高湖路（望江二路-望江一路）,诸暨市,18,12,2025-03-03 10:00:00
10124012093FZKG7Y8M4H,永昌南路（东一路-东二路）,诸暨市,63,59,2025-03-03 10:00:00
1012312288YRBP13VO9A9,江东路（望江二路-望江三路）,诸暨市,13,9,2025-03-03 10:00:00
1012312288YR85VK6CYKH,和济路（东祥路-东旺路）,诸暨市,90,11,2025-03-03 10:00:00
1012312288YR64NIVVNK1,浣纱中路（西施大街-大桥东路）,诸暨市,23,2,2025-03-03 10:00:00
1019Q6UK2GUCAV5,市民公园地下停车场,诸暨市,227,121,2025-03-03 10:00:00
1012312288YR9VX35V2M9,苎萝东路（环城东路-东祥路）,诸暨市,17,6,2025-03-03 10:00:00
1012312288YRB62F6P9TT,浣纱南路（南兴路-南屏路）,诸暨市,60,49,2025-03-03 10:00:00
1012312288YR9PO5N0TFL,苎萝东路（环城东路-东旺路）,诸暨市,54,48,2025-03-03 10:00:00
1012405049OQ8ZNVP3U2P,苎萝东路（东二环路-东旺路）1,诸暨市,29,23,2025-03-03 10:00:00
1012312288YR5F42HE329,红旗路（人民中路-浣纱中路）,诸暨市,16,2,2025-03-03 10:00:00
1012312288YR7N8PO2AYP,东一路68弄（东二路-东一路）,诸暨市,46,9,2025-03-03 10:00:00
1019S5R3X1SOHS1,一百淘宝城停车场,诸暨市,105,40,2025-03-03 10:00:00
1012312288YR825E2P88X,苎萝东路（东二环路-东福路),诸暨市,115,103,2025-03-03 10:00:00
1012312288YR5NVRFEV41,东安路(东二路-苎萝东路),诸暨市,6,2,2025-03-03 10:00:00
1012312288YR5JPT2UOZL,东兴路（苎萝东路-东二路）,诸暨市,62,45,2025-03-03 09:51:11
1012312288YR3EFRI1BSX,滨江南路（滨江支路-浣东中路）,诸暨市,64,52,2025-03-03 09:51:11
1019N4FJ7J6DUYP,篮球场停车场,诸暨市,182,37,2025-03-03 09:51:11
1012312288YRBWX8BW5Q9,望江二路（浣东北路-高湖路）,诸暨市,5,3,2025-03-03 09:51:11
1012312288YRBA0HET81T,江东路（大桥东路-望江一路）,诸暨市,10,6,2025-03-03 09:51:11
1012312298YXIJSNZ82YP,东二路129弄（东一路88弄-东二路123弄）,诸暨市,10,10,2025-03-03 09:51:11
1019REU2R6D37Y9,城东公园地下停车场,诸暨市,601,340,2025-03-03 09:51:11
1012312288YR3MBVY988X,东兴北路（江东路-福门路）,诸暨市,19,17,2025-03-03 09:51:11
1012312288YR5XYT44YKH,艮塔东路（苎萝东路-东二路）,诸暨市,142,127,2025-03-03 09:51:11
1012312288YR57VMEIUBL,大桥东路（大桥东路9号-江东路）,诸暨市,34,23,2025-03-03 09:51:10
1012312288YRB24CYLBLT,浣纱南路（苎萝路-南兴路）,诸暨市,19,12,2025-03-03 09:51:10
1012312288YR6C3V37475,体育路（体育路-大桥东路）,诸暨市,8,5,2025-03-03 09:51:10
1012312288YR68DOZJDVL,体育路（体育路二弄-红旗路）,诸暨市,12,1,2025-03-03 09:51:10
1012312288YR5UKH75K3L,艮塔东路（东二路-东一路),诸暨市,101,75,2025-03-03 09:51:10
1019SEVYY7X0W75,十里牌停车场,诸暨市,69,66,2025-03-03 09:51:10
1012312298YXIV34CFDVL,东一路82弄（东二路123弄-东二路）,诸暨市,6,4,2025-03-03 09:51:10
1019MAR69WRHHXD,西子公寓停车场,诸暨市,91,80,2025-03-03 09:51:10
1012312288YR8IX5J60OX,东旺路218弄（东旺路-融媒体中心）,诸暨市,29,3,2025-03-03 09:51:10
1012312288YRAJXAP73SX,滨江中路（望江二路-大桥东路）,诸暨市,45,39,2025-03-03 09:51:10
1012312288YR61OZ7SOW1,浣纱中路（南屏路-西施大街）,诸暨市,14,10,2025-03-03 09:51:10
1012312288YR9376YUBK1,东旺路（东旺路150弄-苎萝东路）,诸暨市,18,5,2025-03-03 09:51:10
1012312288YR9D2CJ4741,东二路（东祥路-环城东路）,诸暨市,25,6,2025-03-03 09:51:10
1012312288YR6SFUARGU9,东祥路19弄（东祥路-环城东路）,诸暨市,12,1,2025-03-03 09:51:10
1012312288YR9ABOZHGCH,东二路（东旺路-东二环路）,诸暨市,47,31,2025-03-03 09:51:10
1012312288YR5B22720W1,大桥东路（江东路-五角广场）,诸暨市,58,48,2025-03-03 09:51:10
1012312268YD5WN09GPVL,八一横路（暨阳路-无名路）,诸暨市,46,29,2025-03-03 09:51:10
1012312288YR8ZSV1UX35,东旺路150弄（东二环路-东旺路）,诸暨市,88,61,2025-03-03 09:51:10
1012312288YRAV3T06ARL,滨江中路（望江三路-望江二路）,诸暨市,30,29,2025-03-03 09:51:10
1019PDAS7RIP7GH,市民公园东北面停车场,诸暨市,27,7,2025-03-03 09:51:10
1012312288YRBI4HZHCE9,江东路（西施大街-大桥东路）,诸暨市,6,3,2025-03-03 09:51:10
1012312288YRAXUGJT1J5,浣纱北路（大桥路-艮塔路）,诸暨市,59,25,2025-03-03 09:51:10
1012312288YR3IHRSDDZ5,滨江南路（大桥东路-西施大街）,诸暨市,13,1,2025-03-03 09:51:10
10124013095HHCMD4CC1T,艮塔东路（交通银行）,诸暨市,35,23,2025-03-03 09:51:10
10124013095H4QPBO8UF5,东兴路50弄,诸暨市,7,7,2025-03-03 09:51:10
1012312288YRBZRTXR0G1,望江三路（高湖路-江东路）,诸暨市,15,14,2025-03-03 09:51:10
1012312288YR89HS7SKXT,东旺路（东旺路150弄-东二路）,诸暨市,18,8,2025-03-03 09:51:10
1012312288YR7V8S6IBCX,东一路88弄（东一路82弄-东一路）,诸暨市,27,7,2025-03-03 09:51:10
1012312288YR6IWIX5X4X,苎萝东路（东二环路-东旺路）,诸暨市,18,11,2025-03-03 09:51:10
1012312288YR8GIC67LS1,东旺路218弄(东旺路206弄-融媒体中心）,诸暨市,22,2,2025-03-03 09:51:10
1012312288YR6EYGP1YWX,万风新世界（暨阳路-上庄路）,诸暨市,20,9,2025-03-03 09:51:10
1019PRTQD59LIWX,永乐路停车场,诸暨市,91,55,2025-03-03 09:51:10
1012312288YRC2EJF5N9D,望江三路（浣东北路-高湖路）,诸暨市,11,9,2025-03-03 09:51:10
1012312288YRBLMRYOUTD,江东路（望江一路-望江二路）,诸暨市,18,14,2025-03-03 09:51:10
1019B4Y82CZPJ41,诸暨浣东中路停车场,诸暨市,37,29,2025-03-03 09:51:10
1012405079PB3TJY248W1,东三路（应山公园-东旺路）,诸暨市,44,42,2025-03-03 09:51:10
1012312288YR9LAB60FEP,苎萝东路（东兴路-东安路）,诸暨市,45,43,2025-03-03 09:51:10
1012312288YR7HFKE4HKX,西施大街（浣纱中路-人民中路）,诸暨市,28,16,2025-03-03 09:51:10
1012312268YDHM7XGW3Y9,艮塔东路（滨江北路-江东路),诸暨市,33,25,2025-03-03 09:51:10
1012312288YRBS7JO7FUP,望江二路（高湖路-江东路）,诸暨市,10,7,2025-03-03 09:51:10
1012312288YR5NVRFEV41,东安路(东二路-苎萝东路),诸暨市,6,1,2025-03-03 09:51:09
1012312288YR5F42HE329,红旗路（人民中路-浣纱中路）,诸暨市,16,2,2025-03-03 09:51:09
1012312288YR7K67XR8CH,望江一路（浣东北路-江东路）,诸暨市,14,11,2025-03-03 09:51:09
1012312288YR64NIVVNK1,浣纱中路（西施大街-大桥东路）,诸暨市,23,2,2025-03-03 09:51:09
1019Q6UK2GUCAV5,市民公园地下停车场,诸暨市,227,120,2025-03-03 09:51:09
1012312288YR825E2P88X,苎萝东路（东二环路-东福路),诸暨市,115,103,2025-03-03 09:51:09
1012312288YRADOD6CUM9,南兴路（南庠路-人民南路）,诸暨市,25,25,2025-03-03 09:51:09
1012312288YR9HG704L4X,苎萝东路（东福路-东三环路）,诸暨市,107,107,2025-03-03 09:51:09
1012312288YR85VK6CYKH,和济路（东祥路-东旺路）,诸暨市,90,10,2025-03-03 09:51:09
1012312288YRC518WKA2P,望江三路（江东路-滨江中路）,诸暨市,5,5,2025-03-03 09:51:09
1012405049OQ8ZNVP3U2P,苎萝东路（东二环路-东旺路）1,诸暨市,29,24,2025-03-03 09:51:09
1012312288YR9PO5N0TFL,苎萝东路（环城东路-东旺路）,诸暨市,54,49,2025-03-03 09:51:09
1012312288YR53DTVACCH,滨江南路（西施大街-滨江支路）,诸暨市,33,5,2025-03-03 09:51:09
1012312288YR9VX35V2M9,苎萝东路（环城东路-东祥路）,诸暨市,17,6,2025-03-03 09:51:09
1012312288YR7YF7Z1HXD,高湖路（望江二路-望江一路）,诸暨市,18,12,2025-03-03 09:51:09
10124012093FZKG7Y8M4H,永昌南路（东一路-东二路）,诸暨市,63,59,2025-03-03 09:51:09
1012312298YXHTPH9LYPT,东二路123弄（东旺路188弄-东二路）,诸暨市,61,21,2025-03-03 09:51:09
1012312288YR5RTTNITC1,艮塔东路（江东路-高湖路）,诸暨市,39,14,2025-03-03 09:51:09
1012312288YRBEU44Q1VL,滨江中路（艮塔东路-望江三路）,诸暨市,25,13,2025-03-03 09:51:09
1012312288YR79Z86T0XT,暨东路70弄（东一路-东旺路218弄）,诸暨市,32,3,2025-03-03 09:51:09
1012312288YRB62F6P9TT,浣纱南路（南兴路-南屏路）,诸暨市,60,48,2025-03-03 09:51:09
1012312288YR8VUSTQYV5,东旺路182弄(康华大厦-东旺路),诸暨市,19,3,2025-03-03 09:51:09
1012401199375YC6OSJ5T,东三路（东二环路-东旺路）,诸暨市,121,80,2025-03-03 09:51:09
1012312288YRBP13VO9A9,江东路（望江二路-望江三路）,诸暨市,13,12,2025-03-03 09:51:09
1012312288YR751NEO35T,东祥路（东二路-苎萝东路）,诸暨市,38,15,2025-03-03 09:51:09
1019S5R3X1SOHS1,一百淘宝城停车场,诸暨市,105,40,2025-03-03 09:51:09
1012312298YXGS3Y2CBNL,东旺路188弄（东旺路-东二环路）,诸暨市,10,5,2025-03-03 09:51:09
10124013095GY8GDKUBY9,艮塔东路（高湖路-暨东路）,诸暨市,16,12,2025-03-03 09:51:09
1012312288YR7CTTSNVNL,苎萝东路（环城东路-东兴路）,诸暨市,86,73,2025-03-03 09:51:09
1012312288YR7N8PO2AYP,东一路68弄（东二路-东一路）,诸暨市,46,9,2025-03-03 09:51:09
1012312288YR5UKH75K3L,艮塔东路（东二路-东一路),诸暨市,101,75,2025-03-03 09:40:01
1012312288YRBS7JO7FUP,望江二路（高湖路-江东路）,诸暨市,10,5,2025-03-03 09:40:01
1012312288YR9D2CJ4741,东二路（东祥路-环城东路）,诸暨市,25,6,2025-03-03 09:40:01
1012312288YR89HS7SKXT,东旺路（东旺路150弄-东二路）,诸暨市,18,7,2025-03-03 09:40:01
1012312288YR6C3V37475,体育路（体育路-大桥东路）,诸暨市,8,6,2025-03-03 09:40:01
1012312288YR7V8S6IBCX,东一路88弄（东一路82弄-东一路）,诸暨市,27,4,2025-03-03 09:40:01
1012312298YXIJSNZ82YP,东二路129弄（东一路88弄-东二路123弄）,诸暨市,10,10,2025-03-03 09:40:01
1012312288YR9LAB60FEP,苎萝东路（东兴路-东安路）,诸暨市,45,43,2025-03-03 09:40:01
1019MAR69WRHHXD,西子公寓停车场,诸暨市,91,81,2025-03-03 09:40:01
1012312288YR6SFUARGU9,东祥路19弄（东祥路-环城东路）,诸暨市,12,1,2025-03-03 09:40:01
1012312288YR61OZ7SOW1,浣纱中路（南屏路-西施大街）,诸暨市,14,9,2025-03-03 09:40:01
1012312288YRC2EJF5N9D,望江三路（浣东北路-高湖路）,诸暨市,11,9,2025-03-03 09:40:01
1012312288YR5B22720W1,大桥东路（江东路-五角广场）,诸暨市,58,44,2025-03-03 09:40:01
1012405079PB3TJY248W1,东三路（应山公园-东旺路）,诸暨市,44,41,2025-03-03 09:40:01
1012312288YRAV3T06ARL,滨江中路（望江三路-望江二路）,诸暨市,30,29,2025-03-03 09:40:01
1012312288YR6EYGP1YWX,万风新世界（暨阳路-上庄路）,诸暨市,20,6,2025-03-03 09:40:01
1012312288YRBA0HET81T,江东路（大桥东路-望江一路）,诸暨市,10,4,2025-03-03 09:40:01
1012312288YR5JPT2UOZL,东兴路（苎萝东路-东二路）,诸暨市,62,45,2025-03-03 09:40:01
1012312288YR3EFRI1BSX,滨江南路（滨江支路-浣东中路）,诸暨市,64,51,2025-03-03 09:40:01
1012312288YRBI4HZHCE9,江东路（西施大街-大桥东路）,诸暨市,6,4,2025-03-03 09:40:01
1012312268YDHM7XGW3Y9,艮塔东路（滨江北路-江东路),诸暨市,33,28,2025-03-03 09:40:01
1019B4Y82CZPJ41,诸暨浣东中路停车场,诸暨市,37,30,2025-03-03 09:40:01
1012312298YXIV34CFDVL,东一路82弄（东二路123弄-东二路）,诸暨市,6,3,2025-03-03 09:40:01
1012312288YR57VMEIUBL,大桥东路（大桥东路9号-江东路）,诸暨市,34,17,2025-03-03 09:40:01
1012312288YRB24CYLBLT,浣纱南路（苎萝路-南兴路）,诸暨市,19,12,2025-03-03 09:40:01
1012312288YR5XYT44YKH,艮塔东路（苎萝东路-东二路）,诸暨市,142,128,2025-03-03 09:40:01
1012312288YRBLMRYOUTD,江东路（望江一路-望江二路）,诸暨市,18,13,2025-03-03 09:40:01
1012312288YR68DOZJDVL,体育路（体育路二弄-红旗路）,诸暨市,12,2,2025-03-03 09:40:01
1012312288YRBWX8BW5Q9,望江二路（浣东北路-高湖路）,诸暨市,5,4,2025-03-03 09:40:01
1019REU2R6D37Y9,城东公园地下停车场,诸暨市,601,341,2025-03-03 09:40:01
10124013095HHCMD4CC1T,艮塔东路（交通银行）,诸暨市,35,29,2025-03-03 09:40:01
1019PRTQD59LIWX,永乐路停车场,诸暨市,91,55,2025-03-03 09:40:01
1012312288YR3MBVY988X,东兴北路（江东路-福门路）,诸暨市,19,17,2025-03-03 09:40:01
1019N4FJ7J6DUYP,篮球场停车场,诸暨市,182,37,2025-03-03 09:40:01
1012312288YR7HFKE4HKX,西施大街（浣纱中路-人民中路）,诸暨市,28,16,2025-03-03 09:40:00
1012312288YR825E2P88X,苎萝东路（东二环路-东福路),诸暨市,115,102,2025-03-03 09:40:00
1012312288YR53DTVACCH,滨江南路（西施大街-滨江支路）,诸暨市,33,3,2025-03-03 09:40:00
1012312288YRAXUGJT1J5,浣纱北路（大桥路-艮塔路）,诸暨市,59,26,2025-03-03 09:40:00
10124012093FZKG7Y8M4H,永昌南路（东一路-东二路）,诸暨市,63,57,2025-03-03 09:40:00
1012312288YR64NIVVNK1,浣纱中路（西施大街-大桥东路）,诸暨市,23,6,2025-03-03 09:40:00
1012312298YXHTPH9LYPT,东二路123弄（东旺路188弄-东二路）,诸暨市,61,26,2025-03-03 09:40:00
1012312288YRBEU44Q1VL,滨江中路（艮塔东路-望江三路）,诸暨市,25,8,2025-03-03 09:40:00
1012312288YRADOD6CUM9,南兴路（南庠路-人民南路）,诸暨市,25,25,2025-03-03 09:40:00
1019PDAS7RIP7GH,市民公园东北面停车场,诸暨市,27,8,2025-03-03 09:40:00
1012312288YR85VK6CYKH,和济路（东祥路-东旺路）,诸暨市,90,7,2025-03-03 09:40:00
1012312268YD5WN09GPVL,八一横路（暨阳路-无名路）,诸暨市,46,30,2025-03-03 09:40:00
1012312288YR7N8PO2AYP,东一路68弄（东二路-东一路）,诸暨市,46,14,2025-03-03 09:40:00
1012312288YR5NVRFEV41,东安路(东二路-苎萝东路),诸暨市,6,2,2025-03-03 09:40:00
1012312288YR9VX35V2M9,苎萝东路（环城东路-东祥路）,诸暨市,17,6,2025-03-03 09:40:00
1012312288YR7K67XR8CH,望江一路（浣东北路-江东路）,诸暨市,14,8,2025-03-03 09:40:00
1012312288YR751NEO35T,东祥路（东二路-苎萝东路）,诸暨市,38,20,2025-03-03 09:40:00
1012312288YR8ZSV1UX35,东旺路150弄（东二环路-东旺路）,诸暨市,88,62,2025-03-03 09:40:00
1012312288YRB62F6P9TT,浣纱南路（南兴路-南屏路）,诸暨市,60,50,2025-03-03 09:40:00
1012312288YR5F42HE329,红旗路（人民中路-浣纱中路）,诸暨市,16,4,2025-03-03 09:40:00
1012312288YR8VUSTQYV5,东旺路182弄(康华大厦-东旺路),诸暨市,19,2,2025-03-03 09:40:00
1012312288YR9PO5N0TFL,苎萝东路（环城东路-东旺路）,诸暨市,54,49,2025-03-03 09:40:00
1012312288YRBZRTXR0G1,望江三路（高湖路-江东路）,诸暨市,15,14,2025-03-03 09:40:00
1012405049OQ8ZNVP3U2P,苎萝东路（东二环路-东旺路）1,诸暨市,29,24,2025-03-03 09:40:00
1019SEVYY7X0W75,十里牌停车场,诸暨市,69,67,2025-03-03 09:40:00
10124013095H4QPBO8UF5,东兴路50弄,诸暨市,7,7,2025-03-03 09:40:00
1012401199375YC6OSJ5T,东三路（东二环路-东旺路）,诸暨市,121,79,2025-03-03 09:40:00
1012312288YR5RTTNITC1,艮塔东路（江东路-高湖路）,诸暨市,39,15,2025-03-03 09:40:00
1012312288YR6IWIX5X4X,苎萝东路（东二环路-东旺路）,诸暨市,18,12,2025-03-03 09:40:00
1012312288YR9376YUBK1,东旺路（东旺路150弄-苎萝东路）,诸暨市,18,6,2025-03-03 09:40:00
1012312288YRAJXAP73SX,滨江中路（望江二路-大桥东路）,诸暨市,45,38,2025-03-03 09:40:00
1019Q6UK2GUCAV5,市民公园地下停车场,诸暨市,227,119,2025-03-03 09:40:00
1019S5R3X1SOHS1,一百淘宝城停车场,诸暨市,105,40,2025-03-03 09:40:00
1012312298YXGS3Y2CBNL,东旺路188弄（东旺路-东二环路）,诸暨市,10,6,2025-03-03 09:40:00
1012312288YRC518WKA2P,望江三路（江东路-滨江中路）,诸暨市,5,5,2025-03-03 09:40:00
10124013095GY8GDKUBY9,艮塔东路（高湖路-暨东路）,诸暨市,16,12,2025-03-03 09:40:00
1012312288YR7CTTSNVNL,苎萝东路（环城东路-东兴路）,诸暨市,86,74,2025-03-03 09:40:00
1012312288YR9HG704L4X,苎萝东路（东福路-东三环路）,诸暨市,107,107,2025-03-03 09:40:00
1012312288YRBP13VO9A9,江东路（望江二路-望江三路）,诸暨市,13,11,2025-03-03 09:40:00
1012312288YR8GIC67LS1,东旺路218弄(东旺路206弄-融媒体中心）,诸暨市,22,1,2025-03-03 09:40:00
1012312288YR7YF7Z1HXD,高湖路（望江二路-望江一路）,诸暨市,18,11,2025-03-03 09:40:00
1012312288YR8IX5J60OX,东旺路218弄（东旺路-融媒体中心）,诸暨市,29,3,2025-03-03 09:40:00
1012312288YR79Z86T0XT,暨东路70弄（东一路-东旺路218弄）,诸暨市,32,5,2025-03-03 09:40:00
1012312288YR9ABOZHGCH,东二路（东旺路-东二环路）,诸暨市,47,34,2025-03-03 09:40:00
1012312288YR5B22720W1,大桥东路（江东路-五角广场）,诸暨市,58,45,2025-03-03 09:31:11
1012312288YR57VMEIUBL,大桥东路（大桥东路9号-江东路）,诸暨市,34,15,2025-03-03 09:31:11
1012312288YR3EFRI1BSX,滨江南路（滨江支路-浣东中路）,诸暨市,64,53,2025-03-03 09:31:11
1012312288YR9D2CJ4741,东二路（东祥路-环城东路）,诸暨市,25,6,2025-03-03 09:31:11
1012312288YR5JPT2UOZL,东兴路（苎萝东路-东二路）,诸暨市,62,50,2025-03-03 09:31:11
1019PDPET4GWE81,市民公园北面停车场,诸暨市,14,1,2025-03-03 09:31:11
1012312298YXIV34CFDVL,东一路82弄（东二路123弄-东二路）,诸暨市,6,3,2025-03-03 09:31:11
1012312298YXIJSNZ82YP,东二路129弄（东一路88弄-东二路123弄）,诸暨市,10,10,2025-03-03 09:31:11
1012312268YDHM7XGW3Y9,艮塔东路（滨江北路-江东路),诸暨市,33,25,2025-03-03 09:31:11
1012312288YR5UKH75K3L,艮塔东路（东二路-东一路),诸暨市,101,74,2025-03-03 09:31:11
1012312288YR6EYGP1YWX,万风新世界（暨阳路-上庄路）,诸暨市,20,7,2025-03-03 09:31:11
1019MAR69WRHHXD,西子公寓停车场,诸暨市,91,81,2025-03-03 09:31:11
1012312288YRBWX8BW5Q9,望江二路（浣东北路-高湖路）,诸暨市,5,4,2025-03-03 09:31:11
1012312288YR61OZ7SOW1,浣纱中路（南屏路-西施大街）,诸暨市,14,10,2025-03-03 09:31:11
1012312288YRBI4HZHCE9,江东路（西施大街-大桥东路）,诸暨市,6,5,2025-03-03 09:31:11
1012312288YR5XYT44YKH,艮塔东路（苎萝东路-东二路）,诸暨市,142,124,2025-03-03 09:31:11
1012312288YR7V8S6IBCX,东一路88弄（东一路82弄-东一路）,诸暨市,27,6,2025-03-03 09:31:11
1012312288YR6C3V37475,体育路（体育路-大桥东路）,诸暨市,8,7,2025-03-03 09:31:11
1019B4Y82CZPJ41,诸暨浣东中路停车场,诸暨市,37,30,2025-03-03 09:31:11
1012312288YRBLMRYOUTD,江东路（望江一路-望江二路）,诸暨市,18,13,2025-03-03 09:31:11
1012312288YR68DOZJDVL,体育路（体育路二弄-红旗路）,诸暨市,12,3,2025-03-03 09:31:11
1012312288YRBS7JO7FUP,望江二路（高湖路-江东路）,诸暨市,10,6,2025-03-03 09:31:11
1019N4FJ7J6DUYP,篮球场停车场,诸暨市,182,37,2025-03-03 09:31:11
1012405079PB3TJY248W1,东三路（应山公园-东旺路）,诸暨市,44,43,2025-03-03 09:31:11
1019PRTQD59LIWX,永乐路停车场,诸暨市,91,55,2025-03-03 09:31:11
1012312288YRC2EJF5N9D,望江三路（浣东北路-高湖路）,诸暨市,11,9,2025-03-03 09:31:11
1012312288YR3MBVY988X,东兴北路（江东路-福门路）,诸暨市,19,14,2025-03-03 09:31:11
1012312288YRB24CYLBLT,浣纱南路（苎萝路-南兴路）,诸暨市,19,12,2025-03-03 09:31:11
1012312288YRAV3T06ARL,滨江中路（望江三路-望江二路）,诸暨市,30,30,2025-03-03 09:31:11
1012312288YR9LAB60FEP,苎萝东路（东兴路-东安路）,诸暨市,45,42,2025-03-03 09:31:11
1012312288YRBA0HET81T,江东路（大桥东路-望江一路）,诸暨市,10,1,2025-03-03 09:31:11
1019REU2R6D37Y9,城东公园地下停车场,诸暨市,601,342,2025-03-03 09:31:11
1012312288YR89HS7SKXT,东旺路（东旺路150弄-东二路）,诸暨市,18,7,2025-03-03 09:31:11
1012312268YD5WN09GPVL,八一横路（暨阳路-无名路）,诸暨市,46,30,2025-03-03 09:31:10
1012312288YR8GIC67LS1,东旺路218弄(东旺路206弄-融媒体中心）,诸暨市,22,1,2025-03-03 09:31:10
1012312288YR7HFKE4HKX,西施大街（浣纱中路-人民中路）,诸暨市,28,14,2025-03-03 09:31:10
1012312288YRAJXAP73SX,滨江中路（望江二路-大桥东路）,诸暨市,45,37,2025-03-03 09:31:10
10124013095H4QPBO8UF5,东兴路50弄,诸暨市,7,7,2025-03-03 09:31:10
1012312298YXHTPH9LYPT,东二路123弄（东旺路188弄-东二路）,诸暨市,61,28,2025-03-03 09:31:10
1012401199375YC6OSJ5T,东三路（东二环路-东旺路）,诸暨市,121,82,2025-03-03 09:31:10
1012312298YXGS3Y2CBNL,东旺路188弄（东旺路-东二环路）,诸暨市,10,5,2025-03-03 09:31:10
1012405049OQ8ZNVP3U2P,苎萝东路（东二环路-东旺路）1,诸暨市,29,24,2025-03-03 09:31:10
1012312288YRADOD6CUM9,南兴路（南庠路-人民南路）,诸暨市,25,25,2025-03-03 09:31:10
1012312288YR9ABOZHGCH,东二路（东旺路-东二环路）,诸暨市,47,35,2025-03-03 09:31:10
1012312288YR8ZSV1UX35,东旺路150弄（东二环路-东旺路）,诸暨市,88,65,2025-03-03 09:31:10
1012312288YR7K67XR8CH,望江一路（浣东北路-江东路）,诸暨市,14,5,2025-03-03 09:31:10
1012312288YR8IX5J60OX,东旺路218弄（东旺路-融媒体中心）,诸暨市,29,3,2025-03-03 09:31:10
1012312288YR53DTVACCH,滨江南路（西施大街-滨江支路）,诸暨市,33,4,2025-03-03 09:31:10
1012312288YR5RTTNITC1,艮塔东路（江东路-高湖路）,诸暨市,39,14,2025-03-03 09:31:10
1012312288YRBEU44Q1VL,滨江中路（艮塔东路-望江三路）,诸暨市,25,6,2025-03-03 09:31:10
1012312288YR7YF7Z1HXD,高湖路（望江二路-望江一路）,诸暨市,18,8,2025-03-03 09:31:10
1012312288YRAXUGJT1J5,浣纱北路（大桥路-艮塔路）,诸暨市,59,28,2025-03-03 09:31:10
1012312288YR7N8PO2AYP,东一路68弄（东二路-东一路）,诸暨市,46,11,2025-03-03 09:31:10
1012312288YR79Z86T0XT,暨东路70弄（东一路-东旺路218弄）,诸暨市,32,5,2025-03-03 09:31:10
10124013095HHCMD4CC1T,艮塔东路（交通银行）,诸暨市,35,27,2025-03-03 09:31:10
1012312288YR9PO5N0TFL,苎萝东路（环城东路-东旺路）,诸暨市,54,48,2025-03-03 09:31:10
1012312288YRBZRTXR0G1,望江三路（高湖路-江东路）,诸暨市,15,14,2025-03-03 09:31:10
1019PDAS7RIP7GH,市民公园东北面停车场,诸暨市,27,8,2025-03-03 09:31:10
1019SEVYY7X0W75,十里牌停车场,诸暨市,69,67,2025-03-03 09:31:10
1012312288YRC518WKA2P,望江三路（江东路-滨江中路）,诸暨市,5,5,2025-03-03 09:31:10
10124013095GY8GDKUBY9,艮塔东路（高湖路-暨东路）,诸暨市,16,13,2025-03-03 09:31:10
1012312288YR64NIVVNK1,浣纱中路（西施大街-大桥东路）,诸暨市,23,10,2025-03-03 09:31:10
10124012093FZKG7Y8M4H,永昌南路（东一路-东二路）,诸暨市,63,58,2025-03-03 09:31:10
1012312288YR7CTTSNVNL,苎萝东路（环城东路-东兴路）,诸暨市,86,78,2025-03-03 09:31:10
1012312288YRBP13VO9A9,江东路（望江二路-望江三路）,诸暨市,13,12,2025-03-03 09:31:10
1019Q6UK2GUCAV5,市民公园地下停车场,诸暨市,227,118,2025-03-03 09:31:10
1012312288YR751NEO35T,东祥路（东二路-苎萝东路）,诸暨市,38,20,2025-03-03 09:31:10
1012312288YR9376YUBK1,东旺路（东旺路150弄-苎萝东路）,诸暨市,18,6,2025-03-03 09:31:10
1012312288YR6IWIX5X4X,苎萝东路（东二环路-东旺路）,诸暨市,18,12,2025-03-03 09:31:10
1012312288YR825E2P88X,苎萝东路（东二环路-东福路),诸暨市,115,104,2025-03-03 09:31:10
1012312288YR5F42HE329,红旗路（人民中路-浣纱中路）,诸暨市,16,4,2025-03-03 09:31:09
1012312288YR9VX35V2M9,苎萝东路（环城东路-东祥路）,诸暨市,17,5,2025-03-03 09:31:09
1012312288YR85VK6CYKH,和济路（东祥路-东旺路）,诸暨市,90,10,2025-03-03 09:31:09
1012312288YR8VUSTQYV5,东旺路182弄(康华大厦-东旺路),诸暨市,19,5,2025-03-03 09:31:09
1019S5R3X1SOHS1,一百淘宝城停车场,诸暨市,105,40,2025-03-03 09:31:09
1012312288YR5NVRFEV41,东安路(东二路-苎萝东路),诸暨市,6,2,2025-03-03 09:31:09
1012312288YR9HG704L4X,苎萝东路（东福路-东三环路）,诸暨市,107,107,2025-03-03 09:31:09
1012312288YRB62F6P9TT,浣纱南路（南兴路-南屏路）,诸暨市,60,51,2025-03-03 09:31:09
1012312288YR5XYT44YKH,艮塔东路（苎萝东路-东二路）,诸暨市,142,124,2025-03-03 09:21:12
1019N4FJ7J6DUYP,篮球场停车场,诸暨市,182,37,2025-03-03 09:21:12
1012312288YR9LAB60FEP,苎萝东路（东兴路-东安路）,诸暨市,45,42,2025-03-03 09:21:12
1012312288YRBWX8BW5Q9,望江二路（浣东北路-高湖路）,诸暨市,5,3,2025-03-03 09:21:12
1019PRTQD59LIWX,永乐路停车场,诸暨市,91,55,2025-03-03 09:21:12
1012312288YRBS7JO7FUP,望江二路（高湖路-江东路）,诸暨市,10,6,2025-03-03 09:21:12
1019MAR69WRHHXD,西子公寓停车场,诸暨市,91,81,2025-03-03 09:21:12
1012312288YR5JPT2UOZL,东兴路（苎萝东路-东二路）,诸暨市,62,51,2025-03-03 09:21:12
1012312288YR6SFUARGU9,东祥路19弄（东祥路-环城东路）,诸暨市,12,1,2025-03-03 09:21:12
1019REU2R6D37Y9,城东公园地下停车场,诸暨市,601,342,2025-03-03 09:21:12
1012312298YXIJSNZ82YP,东二路129弄（东一路88弄-东二路123弄）,诸暨市,10,10,2025-03-03 09:21:12
1012312288YR89HS7SKXT,东旺路（东旺路150弄-东二路）,诸暨市,18,10,2025-03-03 09:21:12
1012312288YRBLMRYOUTD,江东路（望江一路-望江二路）,诸暨市,18,10,2025-03-03 09:21:12
1019B4Y82CZPJ41,诸暨浣东中路停车场,诸暨市,37,31,2025-03-03 09:21:12
1012312288YR3MBVY988X,东兴北路（江东路-福门路）,诸暨市,19,12,2025-03-03 09:21:12
1012312288YR3EFRI1BSX,滨江南路（滨江支路-浣东中路）,诸暨市,64,51,2025-03-03 09:21:12
1012312288YRBI4HZHCE9,江东路（西施大街-大桥东路）,诸暨市,6,3,2025-03-03 09:21:12
1012312288YRBA0HET81T,江东路（大桥东路-望江一路）,诸暨市,10,2,2025-03-03 09:21:12
1012312288YRB24CYLBLT,浣纱南路（苎萝路-南兴路）,诸暨市,19,13,2025-03-03 09:21:12
1012312288YR7V8S6IBCX,东一路88弄（东一路82弄-东一路）,诸暨市,27,7,2025-03-03 09:21:12
1012312288YR53DTVACCH,滨江南路（西施大街-滨江支路）,诸暨市,33,5,2025-03-03 09:21:11
1012312268YDHM7XGW3Y9,艮塔东路（滨江北路-江东路),诸暨市,33,24,2025-03-03 09:21:11
1012312288YR5RTTNITC1,艮塔东路（江东路-高湖路）,诸暨市,39,19,2025-03-03 09:21:11
1012312288YR8IX5J60OX,东旺路218弄（东旺路-融媒体中心）,诸暨市,29,2,2025-03-03 09:21:11
1012312288YR57VMEIUBL,大桥东路（大桥东路9号-江东路）,诸暨市,34,22,2025-03-03 09:21:11
1012312288YR9ABOZHGCH,东二路（东旺路-东二环路）,诸暨市,47,35,2025-03-03 09:21:11
1012312288YRAJXAP73SX,滨江中路（望江二路-大桥东路）,诸暨市,45,37,2025-03-03 09:21:11
1012312288YR8GIC67LS1,东旺路218弄(东旺路206弄-融媒体中心）,诸暨市,22,5,2025-03-03 09:21:11
1012312298YXHTPH9LYPT,东二路123弄（东旺路188弄-东二路）,诸暨市,61,25,2025-03-03 09:21:11
1012312288YRBEU44Q1VL,滨江中路（艮塔东路-望江三路）,诸暨市,25,6,2025-03-03 09:21:11
10124013095HHCMD4CC1T,艮塔东路（交通银行）,诸暨市,35,29,2025-03-03 09:21:11
1012312288YR7N8PO2AYP,东一路68弄（东二路-东一路）,诸暨市,46,11,2025-03-03 09:21:11
1012312298YXGS3Y2CBNL,东旺路188弄（东旺路-东二环路）,诸暨市,10,5,2025-03-03 09:21:11
1012312288YR7CTTSNVNL,苎萝东路（环城东路-东兴路）,诸暨市,86,77,2025-03-03 09:21:11
1012312288YRADOD6CUM9,南兴路（南庠路-人民南路）,诸暨市,25,25,2025-03-03 09:21:11
1012312288YRC2EJF5N9D,望江三路（浣东北路-高湖路）,诸暨市,11,8,2025-03-03 09:21:11
1012312288YR68DOZJDVL,体育路（体育路二弄-红旗路）,诸暨市,12,4,2025-03-03 09:21:11
1012312288YR825E2P88X,苎萝东路（东二环路-东福路),诸暨市,115,105,2025-03-03 09:21:11
1012312288YR8ZSV1UX35,东旺路150弄（东二环路-东旺路）,诸暨市,88,62,2025-03-03 09:21:11
1012312288YR6C3V37475,体育路（体育路-大桥东路）,诸暨市,8,6,2025-03-03 09:21:11
1012312288YR7HFKE4HKX,西施大街（浣纱中路-人民中路）,诸暨市,28,15,2025-03-03 09:21:11
1012312288YR9376YUBK1,东旺路（东旺路150弄-苎萝东路）,诸暨市,18,9,2025-03-03 09:21:11
1012312288YR9D2CJ4741,东二路（东祥路-环城东路）,诸暨市,25,8,2025-03-03 09:21:11
1012312288YR79Z86T0XT,暨东路70弄（东一路-东旺路218弄）,诸暨市,32,4,2025-03-03 09:21:11
1012405079PB3TJY248W1,东三路（应山公园-东旺路）,诸暨市,44,43,2025-03-03 09:21:11
10124013095H4QPBO8UF5,东兴路50弄,诸暨市,7,7,2025-03-03 09:21:11
1012312288YR6EYGP1YWX,万风新世界（暨阳路-上庄路）,诸暨市,20,12,2025-03-03 09:21:11
1012312288YR6IWIX5X4X,苎萝东路（东二环路-东旺路）,诸暨市,18,13,2025-03-03 09:21:11
1019PDAS7RIP7GH,市民公园东北面停车场,诸暨市,27,8,2025-03-03 09:21:11
1019SEVYY7X0W75,十里牌停车场,诸暨市,69,65,2025-03-03 09:21:11
1012312268YD5WN09GPVL,八一横路（暨阳路-无名路）,诸暨市,46,30,2025-03-03 09:21:11
1019PDPET4GWE81,市民公园北面停车场,诸暨市,14,2,2025-03-03 09:21:11
10124012093FZKG7Y8M4H,永昌南路（东一路-东二路）,诸暨市,63,59,2025-03-03 09:21:11
1012312288YR7YF7Z1HXD,高湖路（望江二路-望江一路）,诸暨市,18,12,2025-03-03 09:21:11
10124013095GY8GDKUBY9,艮塔东路（高湖路-暨东路）,诸暨市,16,14,2025-03-03 09:21:11
1012312288YR5B22720W1,大桥东路（江东路-五角广场）,诸暨市,58,46,2025-03-03 09:21:11
1012312298YXIV34CFDVL,东一路82弄（东二路123弄-东二路）,诸暨市,6,5,2025-03-03 09:21:11
1012312288YRBZRTXR0G1,望江三路（高湖路-江东路）,诸暨市,15,14,2025-03-03 09:21:11
1012312288YRC518WKA2P,望江三路（江东路-滨江中路）,诸暨市,5,5,2025-03-03 09:21:11
1012312288YRAXUGJT1J5,浣纱北路（大桥路-艮塔路）,诸暨市,59,31,2025-03-03 09:21:11
1012312288YRAV3T06ARL,滨江中路（望江三路-望江二路）,诸暨市,30,27,2025-03-03 09:21:11
1012312288YR64NIVVNK1,浣纱中路（西施大街-大桥东路）,诸暨市,23,11,2025-03-03 09:21:11
1012312288YR61OZ7SOW1,浣纱中路（南屏路-西施大街）,诸暨市,14,12,2025-03-03 09:21:11
1012312288YR5UKH75K3L,艮塔东路（东二路-东一路),诸暨市,101,79,2025-03-03 09:21:11
1012312288YR7K67XR8CH,望江一路（浣东北路-江东路）,诸暨市,14,4,2025-03-03 09:21:11
1012312288YR751NEO35T,东祥路（东二路-苎萝东路）,诸暨市,38,20,2025-03-03 09:21:11
1019S5R3X1SOHS1,一百淘宝城停车场,诸暨市,105,40,2025-03-03 09:21:10
1012312288YR8VUSTQYV5,东旺路182弄(康华大厦-东旺路),诸暨市,19,1,2025-03-03 09:21:10
1012312288YR85VK6CYKH,和济路（东祥路-东旺路）,诸暨市,90,10,2025-03-03 09:21:10
1012312288YR9HG704L4X,苎萝东路（东福路-东三环路）,诸暨市,107,107,2025-03-03 09:21:10
1012312288YR5NVRFEV41,东安路(东二路-苎萝东路),诸暨市,6,4,2025-03-03 09:21:10
1019Q6UK2GUCAV5,市民公园地下停车场,诸暨市,227,115,2025-03-03 09:21:10
1012312288YRBP13VO9A9,江东路（望江二路-望江三路）,诸暨市,13,11,2025-03-03 09:21:10
1012312288YR5F42HE329,红旗路（人民中路-浣纱中路）,诸暨市,16,4,2025-03-03 09:21:10
1012312288YRB62F6P9TT,浣纱南路（南兴路-南屏路）,诸暨市,60,54,2025-03-03 09:21:10
1012405049OQ8ZNVP3U2P,苎萝东路（东二环路-东旺路）1,诸暨市,29,25,2025-03-03 09:21:10
1012312288YR9PO5N0TFL,苎萝东路（环城东路-东旺路）,诸暨市,54,49,2025-03-03 09:21:10
1012312288YR9VX35V2M9,苎萝东路（环城东路-东祥路）,诸暨市,17,4,2025-03-03 09:21:10
1012401199375YC6OSJ5T,东三路（东二环路-东旺路）,诸暨市,121,80,2025-03-03 09:21:10
1012312288YR3EFRI1BSX,滨江南路（滨江支路-浣东中路）,诸暨市,64,51,2025-03-03 09:10:01
1019PDPET4GWE81,市民公园北面停车场,诸暨市,14,1,2025-03-03 09:10:01
1019B4Y82CZPJ41,诸暨浣东中路停车场,诸暨市,37,30,2025-03-03 09:10:01
1012405079PB3TJY248W1,东三路（应山公园-东旺路）,诸暨市,44,43,2025-03-03 09:10:01
1019PRTQD59LIWX,永乐路停车场,诸暨市,91,55,2025-03-03 09:10:01
1012312298YXIV34CFDVL,东一路82弄（东二路123弄-东二路）,诸暨市,6,3,2025-03-03 09:10:01
1012312288YRBWX8BW5Q9,望江二路（浣东北路-高湖路）,诸暨市,5,3,2025-03-03 09:10:01
1012312268YDHM7XGW3Y9,艮塔东路（滨江北路-江东路),诸暨市,33,27,2025-03-03 09:10:01
1019MAR69WRHHXD,西子公寓停车场,诸暨市,91,81,2025-03-03 09:10:01
1012312288YR9D2CJ4741,东二路（东祥路-环城东路）,诸暨市,25,8,2025-03-03 09:10:01
1012312288YR6EYGP1YWX,万风新世界（暨阳路-上庄路）,诸暨市,20,12,2025-03-03 09:10:01
1012312288YR7V8S6IBCX,东一路88弄（东一路82弄-东一路）,诸暨市,27,9,2025-03-03 09:10:01
1012312288YR3MBVY988X,东兴北路（江东路-福门路）,诸暨市,19,13,2025-03-03 09:10:01
1012312288YRC2EJF5N9D,望江三路（浣东北路-高湖路）,诸暨市,11,8,2025-03-03 09:10:01
1012312288YRBI4HZHCE9,江东路（西施大街-大桥东路）,诸暨市,6,4,2025-03-03 09:10:01
1012312288YR5UKH75K3L,艮塔东路（东二路-东一路),诸暨市,101,81,2025-03-03 09:10:01
1012312288YR6SFUARGU9,东祥路19弄（东祥路-环城东路）,诸暨市,12,1,2025-03-03 09:10:01
1012312288YR3IHRSDDZ5,滨江南路（大桥东路-西施大街）,诸暨市,13,2,2025-03-03 09:10:01
1012312288YR68DOZJDVL,体育路（体育路二弄-红旗路）,诸暨市,12,4,2025-03-03 09:10:01
1012312288YR89HS7SKXT,东旺路（东旺路150弄-东二路）,诸暨市,18,11,2025-03-03 09:10:01
1019N4FJ7J6DUYP,篮球场停车场,诸暨市,182,36,2025-03-03 09:10:01
1012312288YR61OZ7SOW1,浣纱中路（南屏路-西施大街）,诸暨市,14,13,2025-03-03 09:10:01
1012312288YR9LAB60FEP,苎萝东路（东兴路-东安路）,诸暨市,45,41,2025-03-03 09:10:01
1012312288YR6C3V37475,体育路（体育路-大桥东路）,诸暨市,8,2,2025-03-03 09:10:01
1012312288YRBLMRYOUTD,江东路（望江一路-望江二路）,诸暨市,18,15,2025-03-03 09:10:01
1012312288YRB24CYLBLT,浣纱南路（苎萝路-南兴路）,诸暨市,19,13,2025-03-03 09:10:01
1012312288YRAV3T06ARL,滨江中路（望江三路-望江二路）,诸暨市,30,28,2025-03-03 09:10:01
1012312298YXIJSNZ82YP,东二路129弄（东一路88弄-东二路123弄）,诸暨市,10,10,2025-03-03 09:10:01
1012312288YR5JPT2UOZL,东兴路（苎萝东路-东二路）,诸暨市,62,50,2025-03-03 09:10:01
1019REU2R6D37Y9,城东公园地下停车场,诸暨市,601,343,2025-03-03 09:10:01
1012312288YRBA0HET81T,江东路（大桥东路-望江一路）,诸暨市,10,2,2025-03-03 09:10:01
1012312288YR5XYT44YKH,艮塔东路（苎萝东路-东二路）,诸暨市,142,128,2025-03-03 09:10:01
1012312288YRBS7JO7FUP,望江二路（高湖路-江东路）,诸暨市,10,7,2025-03-03 09:10:01
1012312288YR7CTTSNVNL,苎萝东路（环城东路-东兴路）,诸暨市,86,80,2025-03-03 09:10:00
1012312288YR8GIC67LS1,东旺路218弄(东旺路206弄-融媒体中心）,诸暨市,22,5,2025-03-03 09:10:00
10124013095HHCMD4CC1T,艮塔东路（交通银行）,诸暨市,35,29,2025-03-03 09:10:00
10124013095H4QPBO8UF5,东兴路50弄,诸暨市,7,7,2025-03-03 09:10:00
1012312288YR9ABOZHGCH,东二路（东旺路-东二环路）,诸暨市,47,35,2025-03-03 09:10:00
1019Q6UK2GUCAV5,市民公园地下停车场,诸暨市,227,115,2025-03-03 09:10:00
1012312298YXGS3Y2CBNL,东旺路188弄（东旺路-东二环路）,诸暨市,10,3,2025-03-03 09:10:00
1012312288YR7HFKE4HKX,西施大街（浣纱中路-人民中路）,诸暨市,28,14,2025-03-03 09:10:00
1012312288YR9376YUBK1,东旺路（东旺路150弄-苎萝东路）,诸暨市,18,11,2025-03-03 09:10:00
1019PDAS7RIP7GH,市民公园东北面停车场,诸暨市,27,8,2025-03-03 09:10:00
10124012093FZKG7Y8M4H,永昌南路（东一路-东二路）,诸暨市,63,55,2025-03-03 09:10:00
1012312288YRBP13VO9A9,江东路（望江二路-望江三路）,诸暨市,13,12,2025-03-03 09:10:00
1012312288YRC518WKA2P,望江三路（江东路-滨江中路）,诸暨市,5,5,2025-03-03 09:10:00
10124013095GY8GDKUBY9,艮塔东路（高湖路-暨东路）,诸暨市,16,14,2025-03-03 09:10:00
1012312288YR64NIVVNK1,浣纱中路（西施大街-大桥东路）,诸暨市,23,16,2025-03-03 09:10:00
1012312288YRBEU44Q1VL,滨江中路（艮塔东路-望江三路）,诸暨市,25,7,2025-03-03 09:10:00
1012312288YR8IX5J60OX,东旺路218弄（东旺路-融媒体中心）,诸暨市,29,2,2025-03-03 09:10:00
1012312288YRADOD6CUM9,南兴路（南庠路-人民南路）,诸暨市,25,25,2025-03-03 09:10:00
1012312288YR79Z86T0XT,暨东路70弄（东一路-东旺路218弄）,诸暨市,32,4,2025-03-03 09:10:00
1012312288YR9HG704L4X,苎萝东路（东福路-东三环路）,诸暨市,107,107,2025-03-03 09:10:00
1012312288YR751NEO35T,东祥路（东二路-苎萝东路）,诸暨市,38,20,2025-03-03 09:10:00
1012312288YR6IWIX5X4X,苎萝东路（东二环路-东旺路）,诸暨市,18,14,2025-03-03 09:10:00
1012405049OQ8ZNVP3U2P,苎萝东路（东二环路-东旺路）1,诸暨市,29,25,2025-03-03 09:10:00
1012312288YR5RTTNITC1,艮塔东路（江东路-高湖路）,诸暨市,39,21,2025-03-03 09:10:00
1012312288YR5B22720W1,大桥东路（江东路-五角广场）,诸暨市,58,46,2025-03-03 09:10:00
1012312288YR5F42HE329,红旗路（人民中路-浣纱中路）,诸暨市,16,4,2025-03-03 09:10:00
1012312288YR7K67XR8CH,望江一路（浣东北路-江东路）,诸暨市,14,8,2025-03-03 09:10:00
1012312288YRB62F6P9TT,浣纱南路（南兴路-南屏路）,诸暨市,60,53,2025-03-03 09:10:00
1012401199375YC6OSJ5T,东三路（东二环路-东旺路）,诸暨市,121,72,2025-03-03 09:10:00
1012312288YR7N8PO2AYP,东一路68弄（东二路-东一路）,诸暨市,46,10,2025-03-03 09:10:00
1012312288YR9PO5N0TFL,苎萝东路（环城东路-东旺路）,诸暨市,54,50,2025-03-03 09:10:00
1012312288YR825E2P88X,苎萝东路（东二环路-东福路),诸暨市,115,106,2025-03-03 09:10:00
1012312288YR8ZSV1UX35,东旺路150弄（东二环路-东旺路）,诸暨市,88,65,2025-03-03 09:10:00
1019SEVYY7X0W75,十里牌停车场,诸暨市,69,66,2025-03-03 09:10:00
1019S5R3X1SOHS1,一百淘宝城停车场,诸暨市,105,40,2025-03-03 09:10:00
1012312288YR8VUSTQYV5,东旺路182弄(康华大厦-东旺路),诸暨市,19,2,2025-03-03 09:10:00
1012312298YXHTPH9LYPT,东二路123弄（东旺路188弄-东二路）,诸暨市,61,25,2025-03-03 09:10:00
1012312288YRBZRTXR0G1,望江三路（高湖路-江东路）,诸暨市,15,14,2025-03-03 09:10:00
1012312288YR85VK6CYKH,和济路（东祥路-东旺路）,诸暨市,90,12,2025-03-03 09:10:00
1012312288YR5NVRFEV41,东安路(东二路-苎萝东路),诸暨市,6,5,2025-03-03 09:10:00
1012312288YRAJXAP73SX,滨江中路（望江二路-大桥东路）,诸暨市,45,35,2025-03-03 09:10:00
1012312288YR57VMEIUBL,大桥东路（大桥东路9号-江东路）,诸暨市,34,18,2025-03-03 09:10:00
1012312288YR53DTVACCH,滨江南路（西施大街-滨江支路）,诸暨市,33,6,2025-03-03 09:10:00
1012312288YR9VX35V2M9,苎萝东路（环城东路-东祥路）,诸暨市,17,5,2025-03-03 09:10:00
1012312268YD5WN09GPVL,八一横路（暨阳路-无名路）,诸暨市,46,30,2025-03-03 09:10:00
1012312288YRAXUGJT1J5,浣纱北路（大桥路-艮塔路）,诸暨市,59,35,2025-03-03 09:10:00
1012312288YR7YF7Z1HXD,高湖路（望江二路-望江一路）,诸暨市,18,13,2025-03-03 09:10:00
1012312288YR5JPT2UOZL,东兴路（苎萝东路-东二路）,诸暨市,62,52,2025-03-03 09:00:01
1012312288YR5XYT44YKH,艮塔东路（苎萝东路-东二路）,诸暨市,142,131,2025-03-03 09:00:01
1012312288YR7V8S6IBCX,东一路88弄（东一路82弄-东一路）,诸暨市,27,12,2025-03-03 09:00:01
1012312288YR61OZ7SOW1,浣纱中路（南屏路-西施大街）,诸暨市,14,14,2025-03-03 09:00:01
1012312288YR68DOZJDVL,体育路（体育路二弄-红旗路）,诸暨市,12,5,2025-03-03 09:00:01
1012312288YR3IHRSDDZ5,滨江南路（大桥东路-西施大街）,诸暨市,13,1,2025-03-03 09:00:01
1019REU2R6D37Y9,城东公园地下停车场,诸暨市,601,343,2025-03-03 09:00:01
1012312298YXIV34CFDVL,东一路82弄（东二路123弄-东二路）,诸暨市,6,4,2025-03-03 09:00:01
1012312288YRAV3T06ARL,滨江中路（望江三路-望江二路）,诸暨市,30,29,2025-03-03 09:00:01
1012312288YR6C3V37475,体育路（体育路-大桥东路）,诸暨市,8,3,2025-03-03 09:00:01
1012312288YRC2EJF5N9D,望江三路（浣东北路-高湖路）,诸暨市,11,7,2025-03-03 09:00:01
1012312288YRBWX8BW5Q9,望江二路（浣东北路-高湖路）,诸暨市,5,2,2025-03-03 09:00:01
1012312288YR6EYGP1YWX,万风新世界（暨阳路-上庄路）,诸暨市,20,10,2025-03-03 09:00:01
1012312288YRBI4HZHCE9,江东路（西施大街-大桥东路）,诸暨市,6,3,2025-03-03 09:00:01
1012312288YR5B22720W1,大桥东路（江东路-五角广场）,诸暨市,58,48,2025-03-03 09:00:01
1012312298YXIJSNZ82YP,东二路129弄（东一路88弄-东二路123弄）,诸暨市,10,10,2025-03-03 09:00:01
1012312288YRB24CYLBLT,浣纱南路（苎萝路-南兴路）,诸暨市,19,11,2025-03-03 09:00:01
1012312288YR6SFUARGU9,东祥路19弄（东祥路-环城东路）,诸暨市,12,3,2025-03-03 09:00:01
1012312288YR57VMEIUBL,大桥东路（大桥东路9号-江东路）,诸暨市,34,22,2025-03-03 09:00:01
1019B4Y82CZPJ41,诸暨浣东中路停车场,诸暨市,37,30,2025-03-03 09:00:01
10124013095HHCMD4CC1T,艮塔东路（交通银行）,诸暨市,35,28,2025-03-03 09:00:01
1012312288YR9LAB60FEP,苎萝东路（东兴路-东安路）,诸暨市,45,40,2025-03-03 09:00:01
1019MAR69WRHHXD,西子公寓停车场,诸暨市,91,78,2025-03-03 09:00:01
1012312288YRBS7JO7FUP,望江二路（高湖路-江东路）,诸暨市,10,6,2025-03-03 09:00:01
1012312288YR3EFRI1BSX,滨江南路（滨江支路-浣东中路）,诸暨市,64,51,2025-03-03 09:00:01
1012312288YR89HS7SKXT,东旺路（东旺路150弄-东二路）,诸暨市,18,10,2025-03-03 09:00:01
1012312288YRBLMRYOUTD,江东路（望江一路-望江二路）,诸暨市,18,14,2025-03-03 09:00:01
1012312288YR9D2CJ4741,东二路（东祥路-环城东路）,诸暨市,25,9,2025-03-03 09:00:01
1012312288YR5UKH75K3L,艮塔东路（东二路-东一路),诸暨市,101,83,2025-03-03 09:00:01
1012312288YR3MBVY988X,东兴北路（江东路-福门路）,诸暨市,19,13,2025-03-03 09:00:01
1019PRTQD59LIWX,永乐路停车场,诸暨市,91,55,2025-03-03 09:00:01
1012405079PB3TJY248W1,东三路（应山公园-东旺路）,诸暨市,44,40,2025-03-03 09:00:01
1019N4FJ7J6DUYP,篮球场停车场,诸暨市,182,34,2025-03-03 09:00:01
1012312268YDHM7XGW3Y9,艮塔东路（滨江北路-江东路),诸暨市,33,26,2025-03-03 09:00:01
1012312288YRB62F6P9TT,浣纱南路（南兴路-南屏路）,诸暨市,60,53,2025-03-03 09:00:00
1012312288YR8VUSTQYV5,东旺路182弄(康华大厦-东旺路),诸暨市,19,2,2025-03-03 09:00:00
1012312288YRAXUGJT1J5,浣纱北路（大桥路-艮塔路）,诸暨市,59,41,2025-03-03 09:00:00
1012312288YR7YF7Z1HXD,高湖路（望江二路-望江一路）,诸暨市,18,9,2025-03-03 09:00:00
1012312298YXGS3Y2CBNL,东旺路188弄（东旺路-东二环路）,诸暨市,10,4,2025-03-03 09:00:00
1012312288YR85VK6CYKH,和济路（东祥路-东旺路）,诸暨市,90,20,2025-03-03 09:00:00
1012312288YR8ZSV1UX35,东旺路150弄（东二环路-东旺路）,诸暨市,88,64,2025-03-03 09:00:00
1019PDAS7RIP7GH,市民公园东北面停车场,诸暨市,27,10,2025-03-03 09:00:00
10124013095GY8GDKUBY9,艮塔东路（高湖路-暨东路）,诸暨市,16,15,2025-03-03 09:00:00
10124013095H4QPBO8UF5,东兴路50弄,诸暨市,7,7,2025-03-03 09:00:00
1019S5R3X1SOHS1,一百淘宝城停车场,诸暨市,105,40,2025-03-03 09:00:00
1012312288YRADOD6CUM9,南兴路（南庠路-人民南路）,诸暨市,25,25,2025-03-03 09:00:00
1012312288YR9376YUBK1,东旺路（东旺路150弄-苎萝东路）,诸暨市,18,11,2025-03-03 09:00:00
1012312288YRBZRTXR0G1,望江三路（高湖路-江东路）,诸暨市,15,13,2025-03-03 09:00:00
1012312288YRC518WKA2P,望江三路（江东路-滨江中路）,诸暨市,5,5,2025-03-03 09:00:00
1012312298YXHTPH9LYPT,东二路123弄（东旺路188弄-东二路）,诸暨市,61,22,2025-03-03 09:00:00
1012312288YR9VX35V2M9,苎萝东路（环城东路-东祥路）,诸暨市,17,5,2025-03-03 09:00:00
1012312288YR8IX5J60OX,东旺路218弄（东旺路-融媒体中心）,诸暨市,29,2,2025-03-03 09:00:00
1012312288YR7N8PO2AYP,东一路68弄（东二路-东一路）,诸暨市,46,10,2025-03-03 09:00:00
1012312288YR7CTTSNVNL,苎萝东路（环城东路-东兴路）,诸暨市,86,81,2025-03-03 09:00:00
1012312288YR79Z86T0XT,暨东路70弄（东一路-东旺路218弄）,诸暨市,32,2,2025-03-03 09:00:00
1012312288YR751NEO35T,东祥路（东二路-苎萝东路）,诸暨市,38,23,2025-03-03 09:00:00
1012312288YR5NVRFEV41,东安路(东二路-苎萝东路),诸暨市,6,5,2025-03-03 09:00:00
1012312288YR5RTTNITC1,艮塔东路（江东路-高湖路）,诸暨市,39,23,2025-03-03 09:00:00
1012312268YD5WN09GPVL,八一横路（暨阳路-无名路）,诸暨市,46,33,2025-03-03 09:00:00
1012312288YR7HFKE4HKX,西施大街（浣纱中路-人民中路）,诸暨市,28,13,2025-03-03 09:00:00
1012312288YR9HG704L4X,苎萝东路（东福路-东三环路）,诸暨市,107,107,2025-03-03 09:00:00
1012312288YR6IWIX5X4X,苎萝东路（东二环路-东旺路）,诸暨市,18,12,2025-03-03 09:00:00
1012312288YR5F42HE329,红旗路（人民中路-浣纱中路）,诸暨市,16,4,2025-03-03 09:00:00
1012401199375YC6OSJ5T,东三路（东二环路-东旺路）,诸暨市,121,77,2025-03-03 09:00:00
1012312288YRBEU44Q1VL,滨江中路（艮塔东路-望江三路）,诸暨市,25,6,2025-03-03 09:00:00
1012312288YRBP13VO9A9,江东路（望江二路-望江三路）,诸暨市,13,9,2025-03-03 09:00:00
1012312288YR7K67XR8CH,望江一路（浣东北路-江东路）,诸暨市,14,6,2025-03-03 09:00:00
1012312288YR53DTVACCH,滨江南路（西施大街-滨江支路）,诸暨市,33,8,2025-03-03 09:00:00
1012312288YRAJXAP73SX,滨江中路（望江二路-大桥东路）,诸暨市,45,36,2025-03-03 09:00:00
1019SEVYY7X0W75,十里牌停车场,诸暨市,69,62,2025-03-03 09:00:00
1012312288YR825E2P88X,苎萝东路（东二环路-东福路),诸暨市,115,103,2025-03-03 09:00:00
1012312288YR9PO5N0TFL,苎萝东路（环城东路-东旺路）,诸暨市,54,50,2025-03-03 09:00:00
1012312288YR9ABOZHGCH,东二路（东旺路-东二环路）,诸暨市,47,35,2025-03-03 09:00:00
1012312288YR8GIC67LS1,东旺路218弄(东旺路206弄-融媒体中心）,诸暨市,22,2,2025-03-03 09:00:00
10124012093FZKG7Y8M4H,永昌南路（东一路-东二路）,诸暨市,63,57,2025-03-03 09:00:00
1019Q6UK2GUCAV5,市民公园地下停车场,诸暨市,227,116,2025-03-03 09:00:00
1012405049OQ8ZNVP3U2P,苎萝东路（东二环路-东旺路）1,诸暨市,29,26,2025-03-03 09:00:00
1012312288YR64NIVVNK1,浣纱中路（西施大街-大桥东路）,诸暨市,23,16,2025-03-03 09:00:00
1012312298YXIJSNZ82YP,东二路129弄（东一路88弄-东二路123弄）,诸暨市,10,10,2025-03-03 08:51:53
1019REU2R6D37Y9,城东公园地下停车场,诸暨市,601,343,2025-03-03 08:51:52
1012312288YR5JPT2UOZL,东兴路（苎萝东路-东二路）,诸暨市,62,53,2025-03-03 08:51:51
1012312288YR3EFRI1BSX,滨江南路（滨江支路-浣东中路）,诸暨市,64,52,2025-03-03 08:51:50
1012312288YRBA0HET81T,江东路（大桥东路-望江一路）,诸暨市,10,3,2025-03-03 08:51:50
1019N4FJ7J6DUYP,篮球场停车场,诸暨市,182,34,2025-03-03 08:51:49
1012312288YRBWX8BW5Q9,望江二路（浣东北路-高湖路）,诸暨市,5,2,2025-03-03 08:51:48
1012312288YR3MBVY988X,东兴北路（江东路-福门路）,诸暨市,19,14,2025-03-03 08:51:47
1012312288YR5XYT44YKH,艮塔东路（苎萝东路-东二路）,诸暨市,142,131,2025-03-03 08:51:46
1012312288YRB24CYLBLT,浣纱南路（苎萝路-南兴路）,诸暨市,19,9,2025-03-03 08:51:45
1012312288YRBS7JO7FUP,望江二路（高湖路-江东路）,诸暨市,10,7,2025-03-03 08:51:44
1012312288YR3IHRSDDZ5,滨江南路（大桥东路-西施大街）,诸暨市,13,1,2025-03-03 08:51:41
1012312288YRBLMRYOUTD,江东路（望江一路-望江二路）,诸暨市,18,13,2025-03-03 08:51:40
1012312288YR6SFUARGU9,东祥路19弄（东祥路-环城东路）,诸暨市,12,3,2025-03-03 08:51:36
1019MAR69WRHHXD,西子公寓停车场,诸暨市,91,78,2025-03-03 08:51:35
1019PRTQD59LIWX,永乐路停车场,诸暨市,91,55,2025-03-03 08:51:34
1012312288YR7V8S6IBCX,东一路88弄（东一路82弄-东一路）,诸暨市,27,14,2025-03-03 08:51:33
1012312288YRBI4HZHCE9,江东路（西施大街-大桥东路）,诸暨市,6,3,2025-03-03 08:51:32
1012312288YR9LAB60FEP,苎萝东路（东兴路-东安路）,诸暨市,45,39,2025-03-03 08:51:30
1019B4Y82CZPJ41,诸暨浣东中路停车场,诸暨市,37,30,2025-03-03 08:51:29
1012312288YR89HS7SKXT,东旺路（东旺路150弄-东二路）,诸暨市,18,11,2025-03-03 08:51:28
1012405079PB3TJY248W1,东三路（应山公园-东旺路）,诸暨市,44,37,2025-03-03 08:51:25
1019PDPET4GWE81,市民公园北面停车场,诸暨市,14,3,2025-03-03 08:51:24
1012312288YR68DOZJDVL,体育路（体育路二弄-红旗路）,诸暨市,12,5,2025-03-03 08:51:23
1012312288YR6C3V37475,体育路（体育路-大桥东路）,诸暨市,8,6,2025-03-03 08:51:22
1012312288YRC2EJF5N9D,望江三路（浣东北路-高湖路）,诸暨市,11,7,2025-03-03 08:51:20
1012312288YR61OZ7SOW1,浣纱中路（南屏路-西施大街）,诸暨市,14,13,2025-03-03 08:51:19
1012312288YR9D2CJ4741,东二路（东祥路-环城东路）,诸暨市,25,7,2025-03-03 08:51:18
1012312298YXIV34CFDVL,东一路82弄（东二路123弄-东二路）,诸暨市,6,4,2025-03-03 08:51:17
1012312288YR6EYGP1YWX,万风新世界（暨阳路-上庄路）,诸暨市,20,14,2025-03-03 08:51:14
1012312288YR5UKH75K3L,艮塔东路（东二路-东一路),诸暨市,101,84,2025-03-03 08:51:13
1012312268YDHM7XGW3Y9,艮塔东路（滨江北路-江东路),诸暨市,33,27,2025-03-03 08:51:12
1012312288YRAV3T06ARL,滨江中路（望江三路-望江二路）,诸暨市,30,29,2025-03-03 08:51:11
1012312288YR5B22720W1,大桥东路（江东路-五角广场）,诸暨市,58,49,2025-03-03 08:51:10
1012312288YR57VMEIUBL,大桥东路（大桥东路9号-江东路）,诸暨市,34,22,2025-03-03 08:51:09
10124013095HHCMD4CC1T,艮塔东路（交通银行）,诸暨市,35,30,2025-03-03 08:51:08
1012312288YR9ABOZHGCH,东二路（东旺路-东二环路）,诸暨市,47,35,2025-03-03 08:51:07
1012312288YRAJXAP73SX,滨江中路（望江二路-大桥东路）,诸暨市,45,35,2025-03-03 08:51:06
1012312288YRBZRTXR0G1,望江三路（高湖路-江东路）,诸暨市,15,13,2025-03-03 08:51:05
1019PDAS7RIP7GH,市民公园东北面停车场,诸暨市,27,10,2025-03-03 08:51:03
1012312288YR9376YUBK1,东旺路（东旺路150弄-苎萝东路）,诸暨市,18,12,2025-03-03 08:51:02
1012312288YR7HFKE4HKX,西施大街（浣纱中路-人民中路）,诸暨市,28,19,2025-03-03 08:51:01
10124013095H4QPBO8UF5,东兴路50弄,诸暨市,7,7,2025-03-03 08:50:58
1012312288YR8ZSV1UX35,东旺路150弄（东二环路-东旺路）,诸暨市,88,65,2025-03-03 08:50:57
1019SEVYY7X0W75,十里牌停车场,诸暨市,69,66,2025-03-03 08:50:56
1012312288YR8GIC67LS1,东旺路218弄(东旺路206弄-融媒体中心）,诸暨市,22,4,2025-03-03 08:50:55
1012312288YR8IX5J60OX,东旺路218弄（东旺路-融媒体中心）,诸暨市,29,2,2025-03-03 08:50:53
1012312268YD5WN09GPVL,八一横路（暨阳路-无名路）,诸暨市,46,32,2025-03-03 08:50:52
1012312288YRAXUGJT1J5,浣纱北路（大桥路-艮塔路）,诸暨市,59,37,2025-03-03 08:50:51
1012312288YR6IWIX5X4X,苎萝东路（东二环路-东旺路）,诸暨市,18,15,2025-03-03 08:50:50
1012312298YXGS3Y2CBNL,东旺路188弄（东旺路-东二环路）,诸暨市,10,6,2025-03-03 08:50:49
1012312288YR53DTVACCH,滨江南路（西施大街-滨江支路）,诸暨市,33,9,2025-03-03 08:50:48
1012312288YRADOD6CUM9,南兴路（南庠路-人民南路）,诸暨市,25,25,2025-03-03 08:50:47
1012312288YRBEU44Q1VL,滨江中路（艮塔东路-望江三路）,诸暨市,25,3,2025-03-03 08:50:46
1012312288YR7CTTSNVNL,苎萝东路（环城东路-东兴路）,诸暨市,86,82,2025-03-03 08:50:45
1012312288YRC518WKA2P,望江三路（江东路-滨江中路）,诸暨市,5,5,2025-03-03 08:50:44
1012312288YR79Z86T0XT,暨东路70弄（东一路-东旺路218弄）,诸暨市,32,1,2025-03-03 08:50:43
1012312288YR7K67XR8CH,望江一路（浣东北路-江东路）,诸暨市,14,8,2025-03-03 08:50:43
1012312288YR5RTTNITC1,艮塔东路（江东路-高湖路）,诸暨市,39,24,2025-03-03 08:50:42
1012312288YR751NEO35T,东祥路（东二路-苎萝东路）,诸暨市,38,27,2025-03-03 08:50:41
10124013095GY8GDKUBY9,艮塔东路（高湖路-暨东路）,诸暨市,16,14,2025-03-03 08:50:40
1012312288YR825E2P88X,苎萝东路（东二环路-东福路),诸暨市,115,100,2025-03-03 08:50:39
1012312298YXHTPH9LYPT,东二路123弄（东旺路188弄-东二路）,诸暨市,61,28,2025-03-03 08:50:38
1012312288YR64NIVVNK1,浣纱中路（西施大街-大桥东路）,诸暨市,23,16,2025-03-03 08:50:37
1012312288YR7N8PO2AYP,东一路68弄（东二路-东一路）,诸暨市,46,11,2025-03-03 08:50:36
1012312288YR7YF7Z1HXD,高湖路（望江二路-望江一路）,诸暨市,18,6,2025-03-03 08:50:34
10124012093FZKG7Y8M4H,永昌南路（东一路-东二路）,诸暨市,63,52,2025-03-03 08:50:33
1012401199375YC6OSJ5T,东三路（东二环路-东旺路）,诸暨市,121,73,2025-03-03 08:50:29
1019Q6UK2GUCAV5,市民公园地下停车场,诸暨市,227,117,2025-03-03 08:50:28
1012405049OQ8ZNVP3U2P,苎萝东路（东二环路-东旺路）1,诸暨市,29,26,2025-03-03 08:50:27
1012312288YRBP13VO9A9,江东路（望江二路-望江三路）,诸暨市,13,8,2025-03-03 08:50:26
1012312288YR9PO5N0TFL,苎萝东路（环城东路-东旺路）,诸暨市,54,50,2025-03-03 08:50:25
1012312288YR85VK6CYKH,和济路（东祥路-东旺路）,诸暨市,90,31,2025-03-03 08:50:24
1012312288YR9HG704L4X,苎萝东路（东福路-东三环路）,诸暨市,107,107,2025-03-03 08:50:23
1012312288YR8VUSTQYV5,东旺路182弄(康华大厦-东旺路),诸暨市,19,3,2025-03-03 08:50:22
1012312288YR5NVRFEV41,东安路(东二路-苎萝东路),诸暨市,6,4,2025-03-03 08:50:21
1012312288YR9VX35V2M9,苎萝东路（环城东路-东祥路）,诸暨市,17,5,2025-03-03 08:50:20
1012312288YRB62F6P9TT,浣纱南路（南兴路-南屏路）,诸暨市,60,53,2025-03-03 08:50:19
1019S5R3X1SOHS1,一百淘宝城停车场,诸暨市,105,40,2025-03-03 08:50:18
1012312288YR5F42HE329,红旗路（人民中路-浣纱中路）,诸暨市,16,1,2025-03-03 08:50:17
1012312288YRBA0HET81T,江东路（大桥东路-望江一路）,诸暨市,10,1,2025-03-03 08:40:17
1012312288YR3IHRSDDZ5,滨江南路（大桥东路-西施大街）,诸暨市,13,1,2025-03-03 08:40:17
1012312298YXIV34CFDVL,东一路82弄（东二路123弄-东二路）,诸暨市,6,4,2025-03-03 08:40:17
1019REU2R6D37Y9,城东公园地下停车场,诸暨市,601,341,2025-03-03 08:40:17
1019PDPET4GWE81,市民公园北面停车场,诸暨市,14,5,2025-03-03 08:40:17
1012312288YR57VMEIUBL,大桥东路（大桥东路9号-江东路）,诸暨市,34,20,2025-03-03 08:40:17
1012405079PB3TJY248W1,东三路（应山公园-东旺路）,诸暨市,44,36,2025-03-03 08:40:17
1012312288YRBI4HZHCE9,江东路（西施大街-大桥东路）,诸暨市,6,5,2025-03-03 08:40:17
1012312298YXIJSNZ82YP,东二路129弄（东一路88弄-东二路123弄）,诸暨市,10,10,2025-03-03 08:40:17
1012312288YR3MBVY988X,东兴北路（江东路-福门路）,诸暨市,19,14,2025-03-03 08:40:17
1012312288YR5B22720W1,大桥东路（江东路-五角广场）,诸暨市,58,50,2025-03-03 08:40:17
1012312288YR68DOZJDVL,体育路（体育路二弄-红旗路）,诸暨市,12,9,2025-03-03 08:40:17
1012312288YR6EYGP1YWX,万风新世界（暨阳路-上庄路）,诸暨市,20,14,2025-03-03 08:40:17
1012312288YRBWX8BW5Q9,望江二路（浣东北路-高湖路）,诸暨市,5,3,2025-03-03 08:40:17
1012312288YR5UKH75K3L,艮塔东路（东二路-东一路),诸暨市,101,85,2025-03-03 08:40:17
1012312288YR5JPT2UOZL,东兴路（苎萝东路-东二路）,诸暨市,62,52,2025-03-03 08:40:17
1019N4FJ7J6DUYP,篮球场停车场,诸暨市,182,35,2025-03-03 08:40:17
1012312288YR89HS7SKXT,东旺路（东旺路150弄-东二路）,诸暨市,18,12,2025-03-03 08:40:17
1012312288YR3EFRI1BSX,滨江南路（滨江支路-浣东中路）,诸暨市,64,54,2025-03-03 08:40:17
1012312288YRB24CYLBLT,浣纱南路（苎萝路-南兴路）,诸暨市,19,12,2025-03-03 08:40:17
1012312288YR5XYT44YKH,艮塔东路（苎萝东路-东二路）,诸暨市,142,130,2025-03-03 08:40:17
1012312288YRC2EJF5N9D,望江三路（浣东北路-高湖路）,诸暨市,11,6,2025-03-03 08:40:17
1012312288YR6SFUARGU9,东祥路19弄（东祥路-环城东路）,诸暨市,12,4,2025-03-03 08:40:17
1012312288YRAV3T06ARL,滨江中路（望江三路-望江二路）,诸暨市,30,29,2025-03-03 08:40:17
1012312288YR6C3V37475,体育路（体育路-大桥东路）,诸暨市,8,4,2025-03-03 08:40:17
1019MAR69WRHHXD,西子公寓停车场,诸暨市,91,75,2025-03-03 08:40:17
1012312288YRBS7JO7FUP,望江二路（高湖路-江东路）,诸暨市,10,7,2025-03-03 08:40:17
1019B4Y82CZPJ41,诸暨浣东中路停车场,诸暨市,37,31,2025-03-03 08:40:17
1012312288YR9D2CJ4741,东二路（东祥路-环城东路）,诸暨市,25,8,2025-03-03 08:40:17
1019PRTQD59LIWX,永乐路停车场,诸暨市,91,55,2025-03-03 08:40:17
1012312288YR9LAB60FEP,苎萝东路（东兴路-东安路）,诸暨市,45,42,2025-03-03 08:40:17
10124013095HHCMD4CC1T,艮塔东路（交通银行）,诸暨市,35,31,2025-03-03 08:40:17
1012312268YDHM7XGW3Y9,艮塔东路（滨江北路-江东路),诸暨市,33,24,2025-03-03 08:40:17
1012312288YR61OZ7SOW1,浣纱中路（南屏路-西施大街）,诸暨市,14,14,2025-03-03 08:40:17
1012312288YRBLMRYOUTD,江东路（望江一路-望江二路）,诸暨市,18,14,2025-03-03 08:40:17
1012312288YR7V8S6IBCX,东一路88弄（东一路82弄-东一路）,诸暨市,27,17,2025-03-03 08:40:17
1012312288YRADOD6CUM9,南兴路（南庠路-人民南路）,诸暨市,25,25,2025-03-03 08:40:16
1012312288YR9ABOZHGCH,东二路（东旺路-东二环路）,诸暨市,47,35,2025-03-03 08:40:16
1012312288YR64NIVVNK1,浣纱中路（西施大街-大桥东路）,诸暨市,23,16,2025-03-03 08:40:16
10124013095GY8GDKUBY9,艮塔东路（高湖路-暨东路）,诸暨市,16,11,2025-03-03 08:40:16
1012312288YR9PO5N0TFL,苎萝东路（环城东路-东旺路）,诸暨市,54,51,2025-03-03 08:40:16
1019QKKS3RWOFEP,人防大厦停车场,诸暨市,48,4,2025-03-03 08:40:16
1012312288YR53DTVACCH,滨江南路（西施大街-滨江支路）,诸暨市,33,4,2025-03-03 08:40:16
1012312268YD5WN09GPVL,八一横路（暨阳路-无名路）,诸暨市,46,30,2025-03-03 08:40:16
1012312288YRB62F6P9TT,浣纱南路（南兴路-南屏路）,诸暨市,60,39,2025-03-03 08:40:16
1012312288YRAXUGJT1J5,浣纱北路（大桥路-艮塔路）,诸暨市,59,39,2025-03-03 08:40:16
1012312288YR5NVRFEV41,东安路(东二路-苎萝东路),诸暨市,6,1,2025-03-03 08:40:16
1012312288YR9VX35V2M9,苎萝东路（环城东路-东祥路）,诸暨市,17,7,2025-03-03 08:40:16
1012312288YR7YF7Z1HXD,高湖路（望江二路-望江一路）,诸暨市,18,7,2025-03-03 08:40:16
1012312288YR7K67XR8CH,望江一路（浣东北路-江东路）,诸暨市,14,1,2025-03-03 08:40:16
1012312288YR9376YUBK1,东旺路（东旺路150弄-苎萝东路）,诸暨市,18,14,2025-03-03 08:40:16
1012312288YR8VUSTQYV5,东旺路182弄(康华大厦-东旺路),诸暨市,19,5,2025-03-03 08:40:16
1012312288YRBEU44Q1VL,滨江中路（艮塔东路-望江三路）,诸暨市,25,3,2025-03-03 08:40:16
1012312288YR6IWIX5X4X,苎萝东路（东二环路-东旺路）,诸暨市,18,15,2025-03-03 08:40:16
1012312288YRBP13VO9A9,江东路（望江二路-望江三路）,诸暨市,13,9,2025-03-03 08:40:16
1012312288YR5F42HE329,红旗路（人民中路-浣纱中路）,诸暨市,16,3,2025-03-03 08:40:16
1012312288YRBZRTXR0G1,望江三路（高湖路-江东路）,诸暨市,15,13,2025-03-03 08:40:16
1012312288YR751NEO35T,东祥路（东二路-苎萝东路）,诸暨市,38,25,2025-03-03 08:40:16
1012312288YR79Z86T0XT,暨东路70弄（东一路-东旺路218弄）,诸暨市,32,10,2025-03-03 08:40:16
1012312288YR5RTTNITC1,艮塔东路（江东路-高湖路）,诸暨市,39,27,2025-03-03 08:40:16
1012312288YR8IX5J60OX,东旺路218弄（东旺路-融媒体中心）,诸暨市,29,3,2025-03-03 08:40:16
1012312288YR7CTTSNVNL,苎萝东路（环城东路-东兴路）,诸暨市,86,81,2025-03-03 08:40:16
1012312298YXHTPH9LYPT,东二路123弄（东旺路188弄-东二路）,诸暨市,61,33,2025-03-03 08:40:16
1012312288YR825E2P88X,苎萝东路（东二环路-东福路),诸暨市,115,98,2025-03-03 08:40:16
1019SEVYY7X0W75,十里牌停车场,诸暨市,69,64,2025-03-03 08:40:16
1019S5R3X1SOHS1,一百淘宝城停车场,诸暨市,105,40,2025-03-03 08:40:16
1019PDAS7RIP7GH,市民公园东北面停车场,诸暨市,27,9,2025-03-03 08:40:16
1012312288YR9HG704L4X,苎萝东路（东福路-东三环路）,诸暨市,107,107,2025-03-03 08:40:16
1012312288YR7N8PO2AYP,东一路68弄（东二路-东一路）,诸暨市,46,13,2025-03-03 08:40:16
1012405049OQ8ZNVP3U2P,苎萝东路（东二环路-东旺路）1,诸暨市,29,27,2025-03-03 08:40:16
1012312288YR8GIC67LS1,东旺路218弄(东旺路206弄-融媒体中心）,诸暨市,22,14,2025-03-03 08:40:16
1012312298YXGS3Y2CBNL,东旺路188弄（东旺路-东二环路）,诸暨市,10,6,2025-03-03 08:40:16
1012312288YRAJXAP73SX,滨江中路（望江二路-大桥东路）,诸暨市,45,36,2025-03-03 08:40:16
1019Q6UK2GUCAV5,市民公园地下停车场,诸暨市,227,117,2025-03-03 08:40:16
10124012093FZKG7Y8M4H,永昌南路（东一路-东二路）,诸暨市,63,51,2025-03-03 08:40:16
1012312288YR7HFKE4HKX,西施大街（浣纱中路-人民中路）,诸暨市,28,18,2025-03-03 08:40:16
1012312288YR85VK6CYKH,和济路（东祥路-东旺路）,诸暨市,90,39,2025-03-03 08:40:16
1012401199375YC6OSJ5T,东三路（东二环路-东旺路）,诸暨市,121,72,2025-03-03 08:40:16
1012312288YRC518WKA2P,望江三路（江东路-滨江中路）,诸暨市,5,5,2025-03-03 08:40:16
1012312288YR8ZSV1UX35,东旺路150弄（东二环路-东旺路）,诸暨市,88,67,2025-03-03 08:40:16
10124013095H4QPBO8UF5,东兴路50弄,诸暨市,7,7,2025-03-03 08:40:16
1012312288YRB24CYLBLT,浣纱南路（苎萝路-南兴路）,诸暨市,19,5,2025-03-03 08:30:18
1012312288YR3EFRI1BSX,滨江南路（滨江支路-浣东中路）,诸暨市,64,54,2025-03-03 08:30:18
1012312288YR5JPT2UOZL,东兴路（苎萝东路-东二路）,诸暨市,62,53,2025-03-03 08:30:18
1019REU2R6D37Y9,城东公园地下停车场,诸暨市,601,337,2025-03-03 08:30:18
1012312298YXIJSNZ82YP,东二路129弄（东一路88弄-东二路123弄）,诸暨市,10,10,2025-03-03 08:30:18
1012312288YRBS7JO7FUP,望江二路（高湖路-江东路）,诸暨市,10,8,2025-03-03 08:30:18
1012312288YR5XYT44YKH,艮塔东路（苎萝东路-东二路）,诸暨市,142,130,2025-03-03 08:30:18
1012312288YR3MBVY988X,东兴北路（江东路-福门路）,诸暨市,19,14,2025-03-03 08:30:18
1012312288YR3IHRSDDZ5,滨江南路（大桥东路-西施大街）,诸暨市,13,4,2025-03-03 08:30:18
1012312288YRBA0HET81T,江东路（大桥东路-望江一路）,诸暨市,10,1,2025-03-03 08:30:18
1012312288YRBWX8BW5Q9,望江二路（浣东北路-高湖路）,诸暨市,5,3,2025-03-03 08:30:18
1019N4FJ7J6DUYP,篮球场停车场,诸暨市,182,35,2025-03-03 08:30:18
1012312268YD5WN09GPVL,八一横路（暨阳路-无名路）,诸暨市,46,37,2025-03-03 08:30:17
1012312288YR57VMEIUBL,大桥东路（大桥东路9号-江东路）,诸暨市,34,23,2025-03-03 08:30:17
1012312288YR5UKH75K3L,艮塔东路（东二路-东一路),诸暨市,101,88,2025-03-03 08:30:17
1012405079PB3TJY248W1,东三路（应山公园-东旺路）,诸暨市,44,31,2025-03-03 08:30:17
1012312288YR6SFUARGU9,东祥路19弄（东祥路-环城东路）,诸暨市,12,4,2025-03-03 08:30:17
1019SEVYY7X0W75,十里牌停车场,诸暨市,69,65,2025-03-03 08:30:17
1019PDPET4GWE81,市民公园北面停车场,诸暨市,14,7,2025-03-03 08:30:17
1012312288YRC2EJF5N9D,望江三路（浣东北路-高湖路）,诸暨市,11,5,2025-03-03 08:30:17
1012312288YR6EYGP1YWX,万风新世界（暨阳路-上庄路）,诸暨市,20,15,2025-03-03 08:30:17
1012312268YDHM7XGW3Y9,艮塔东路（滨江北路-江东路),诸暨市,33,26,2025-03-03 08:30:17
1012312288YRAV3T06ARL,滨江中路（望江三路-望江二路）,诸暨市,30,30,2025-03-03 08:30:17
1012312288YRBLMRYOUTD,江东路（望江一路-望江二路）,诸暨市,18,13,2025-03-03 08:30:17
1012312288YR9ABOZHGCH,东二路（东旺路-东二环路）,诸暨市,47,35,2025-03-03 08:30:17
1012312288YR5B22720W1,大桥东路（江东路-五角广场）,诸暨市,58,51,2025-03-03 08:30:17
1012312288YR9D2CJ4741,东二路（东祥路-环城东路）,诸暨市,25,8,2025-03-03 08:30:17
1012312288YR7V8S6IBCX,东一路88弄（东一路82弄-东一路）,诸暨市,27,21,2025-03-03 08:30:17
1019MAR69WRHHXD,西子公寓停车场,诸暨市,91,77,2025-03-03 08:30:17
1012312288YRAJXAP73SX,滨江中路（望江二路-大桥东路）,诸暨市,45,38,2025-03-03 08:30:17
1012312288YR61OZ7SOW1,浣纱中路（南屏路-西施大街）,诸暨市,14,14,2025-03-03 08:30:17
1012312288YR9LAB60FEP,苎萝东路（东兴路-东安路）,诸暨市,45,42,2025-03-03 08:30:17
1012312288YRBZRTXR0G1,望江三路（高湖路-江东路）,诸暨市,15,12,2025-03-03 08:30:17
1012312288YR6IWIX5X4X,苎萝东路（东二环路-东旺路）,诸暨市,18,15,2025-03-03 08:30:17
1012312288YR6C3V37475,体育路（体育路-大桥东路）,诸暨市,8,6,2025-03-03 08:30:17
1019PRTQD59LIWX,永乐路停车场,诸暨市,91,55,2025-03-03 08:30:17
1012312288YR68DOZJDVL,体育路（体育路二弄-红旗路）,诸暨市,12,9,2025-03-03 08:30:17
1019B4Y82CZPJ41,诸暨浣东中路停车场,诸暨市,37,31,2025-03-03 08:30:17
1012312298YXIV34CFDVL,东一路82弄（东二路123弄-东二路）,诸暨市,6,4,2025-03-03 08:30:17
1019PDAS7RIP7GH,市民公园东北面停车场,诸暨市,27,9,2025-03-03 08:30:17
10124013095HHCMD4CC1T,艮塔东路（交通银行）,诸暨市,35,31,2025-03-03 08:30:17
1012312288YRBI4HZHCE9,江东路（西施大街-大桥东路）,诸暨市,6,5,2025-03-03 08:30:17
1012312288YR8IX5J60OX,东旺路218弄（东旺路-融媒体中心）,诸暨市,29,4,2025-03-03 08:30:17
1012312288YR7HFKE4HKX,西施大街（浣纱中路-人民中路）,诸暨市,28,18,2025-03-03 08:30:17
1012312288YR8GIC67LS1,东旺路218弄(东旺路206弄-融媒体中心）,诸暨市,22,12,2025-03-03 08:30:17
1012312288YR89HS7SKXT,东旺路（东旺路150弄-东二路）,诸暨市,18,6,2025-03-03 08:30:17
10124013095H4QPBO8UF5,东兴路50弄,诸暨市,7,7,2025-03-03 08:30:17
1012312288YRAXUGJT1J5,浣纱北路（大桥路-艮塔路）,诸暨市,59,37,2025-03-03 08:30:17
1012312288YR9376YUBK1,东旺路（东旺路150弄-苎萝东路）,诸暨市,18,16,2025-03-03 08:30:17
1012312288YR8ZSV1UX35,东旺路150弄（东二环路-东旺路）,诸暨市,88,69,2025-03-03 08:30:17
1012312288YR85VK6CYKH,和济路（东祥路-东旺路）,诸暨市,90,59,2025-03-03 08:30:16
1012312298YXGS3Y2CBNL,东旺路188弄（东旺路-东二环路）,诸暨市,10,8,2025-03-03 08:30:16
1012312288YR79Z86T0XT,暨东路70弄（东一路-东旺路218弄）,诸暨市,32,14,2025-03-03 08:30:16
1012312298YXHTPH9LYPT,东二路123弄（东旺路188弄-东二路）,诸暨市,61,37,2025-03-03 08:30:16
1012312288YRC518WKA2P,望江三路（江东路-滨江中路）,诸暨市,5,5,2025-03-03 08:30:16
1019QKKS3RWOFEP,人防大厦停车场,诸暨市,48,16,2025-03-03 08:30:16
1012312288YR64NIVVNK1,浣纱中路（西施大街-大桥东路）,诸暨市,23,14,2025-03-03 08:30:16
1012312288YR9PO5N0TFL,苎萝东路（环城东路-东旺路）,诸暨市,54,52,2025-03-03 08:30:16
1012405049OQ8ZNVP3U2P,苎萝东路（东二环路-东旺路）1,诸暨市,29,27,2025-03-03 08:30:16
1012312288YR825E2P88X,苎萝东路（东二环路-东福路),诸暨市,115,99,2025-03-03 08:30:16
1012312288YRB62F6P9TT,浣纱南路（南兴路-南屏路）,诸暨市,60,33,2025-03-03 08:30:16
10124012093FZKG7Y8M4H,永昌南路（东一路-东二路）,诸暨市,63,48,2025-03-03 08:30:16
1012312288YR7CTTSNVNL,苎萝东路（环城东路-东兴路）,诸暨市,86,82,2025-03-03 08:30:16
1012401199375YC6OSJ5T,东三路（东二环路-东旺路）,诸暨市,121,72,2025-03-03 08:30:16
1012312288YR5F42HE329,红旗路（人民中路-浣纱中路）,诸暨市,16,8,2025-03-03 08:30:16
1012312288YR7YF7Z1HXD,高湖路（望江二路-望江一路）,诸暨市,18,10,2025-03-03 08:30:16
1012312288YR53DTVACCH,滨江南路（西施大街-滨江支路）,诸暨市,33,11,2025-03-03 08:30:16
1019Q6UK2GUCAV5,市民公园地下停车场,诸暨市,227,120,2025-03-03 08:30:16
10124013095GY8GDKUBY9,艮塔东路（高湖路-暨东路）,诸暨市,16,12,2025-03-03 08:30:16
1012312288YR5NVRFEV41,东安路(东二路-苎萝东路),诸暨市,6,4,2025-03-03 08:30:16
1012312288YRBP13VO9A9,江东路（望江二路-望江三路）,诸暨市,13,9,2025-03-03 08:30:16
1019S5R3X1SOHS1,一百淘宝城停车场,诸暨市,105,40,2025-03-03 08:30:16
1012312288YRADOD6CUM9,南兴路（南庠路-人民南路）,诸暨市,25,25,2025-03-03 08:30:16
1012312288YR9HG704L4X,苎萝东路（东福路-东三环路）,诸暨市,107,107,2025-03-03 08:30:16
1012312288YR8VUSTQYV5,东旺路182弄(康华大厦-东旺路),诸暨市,19,10,2025-03-03 08:30:16
1012312288YRBEU44Q1VL,滨江中路（艮塔东路-望江三路）,诸暨市,25,3,2025-03-03 08:30:16
1012312288YR7N8PO2AYP,东一路68弄（东二路-东一路）,诸暨市,46,24,2025-03-03 08:30:16
1012312288YR5RTTNITC1,艮塔东路（江东路-高湖路）,诸暨市,39,29,2025-03-03 08:30:16
1012312288YR751NEO35T,东祥路（东二路-苎萝东路）,诸暨市,38,25,2025-03-03 08:30:16
1012312288YR7K67XR8CH,望江一路（浣东北路-江东路）,诸暨市,14,6,2025-03-03 08:30:16
1012312288YR9VX35V2M9,苎萝东路（环城东路-东祥路）,诸暨市,17,7,2025-03-03 08:30:16
1012312288YR5JPT2UOZL,东兴路（苎萝东路-东二路）,诸暨市,62,52,2025-03-03 08:20:19
1012312288YR9LAB60FEP,苎萝东路（东兴路-东安路）,诸暨市,45,43,2025-03-03 08:20:19
1012312298YXIJSNZ82YP,东二路129弄（东一路88弄-东二路123弄）,诸暨市,10,10,2025-03-03 08:20:19
1012312288YRB24CYLBLT,浣纱南路（苎萝路-南兴路）,诸暨市,19,3,2025-03-03 08:20:19
1019PRTQD59LIWX,永乐路停车场,诸暨市,91,55,2025-03-03 08:20:19
1012312288YR89HS7SKXT,东旺路（东旺路150弄-东二路）,诸暨市,18,8,2025-03-03 08:20:19
1019MAR69WRHHXD,西子公寓停车场,诸暨市,91,78,2025-03-03 08:20:19
1019N4FJ7J6DUYP,篮球场停车场,诸暨市,182,36,2025-03-03 08:20:19
1019REU2R6D37Y9,城东公园地下停车场,诸暨市,601,329,2025-03-03 08:20:19
1012405079PB3TJY248W1,东三路（应山公园-东旺路）,诸暨市,44,33,2025-03-03 08:20:19
1012312288YRBS7JO7FUP,望江二路（高湖路-江东路）,诸暨市,10,4,2025-03-03 08:20:19
1012312288YR5XYT44YKH,艮塔东路（苎萝东路-东二路）,诸暨市,142,132,2025-03-03 08:20:19
1012312288YR6SFUARGU9,东祥路19弄（东祥路-环城东路）,诸暨市,12,5,2025-03-03 08:20:19
1012312288YR3EFRI1BSX,滨江南路（滨江支路-浣东中路）,诸暨市,64,57,2025-03-03 08:20:19
1019JVX01UVMSCH,幸福家园停车场,诸暨市,72,1,2025-03-03 08:20:19
1012312288YR6C3V37475,体育路（体育路-大桥东路）,诸暨市,8,7,2025-03-03 08:20:19
1012312288YRBWX8BW5Q9,望江二路（浣东北路-高湖路）,诸暨市,5,4,2025-03-03 08:20:19
1012312288YR7V8S6IBCX,东一路88弄（东一路82弄-东一路）,诸暨市,27,23,2025-03-03 08:20:19
1012312288YRC2EJF5N9D,望江三路（浣东北路-高湖路）,诸暨市,11,3,2025-03-03 08:20:19
1012312288YRBA0HET81T,江东路（大桥东路-望江一路）,诸暨市,10,5,2025-03-03 08:20:19
1012312288YR68DOZJDVL,体育路（体育路二弄-红旗路）,诸暨市,12,10,2025-03-03 08:20:19
1012312288YRBI4HZHCE9,江东路（西施大街-大桥东路）,诸暨市,6,6,2025-03-03 08:20:19
1019PDPET4GWE81,市民公园北面停车场,诸暨市,14,8,2025-03-03 08:20:19
1012312288YR3MBVY988X,东兴北路（江东路-福门路）,诸暨市,19,8,2025-03-03 08:20:19
1012312288YRBLMRYOUTD,江东路（望江一路-望江二路）,诸暨市,18,12,2025-03-03 08:20:19
1019B4Y82CZPJ41,诸暨浣东中路停车场,诸暨市,37,31,2025-03-03 08:20:19
1012312288YR3IHRSDDZ5,滨江南路（大桥东路-西施大街）,诸暨市,13,4,2025-03-03 08:20:19
1012312288YR79Z86T0XT,暨东路70弄（东一路-东旺路218弄）,诸暨市,32,19,2025-03-03 08:20:18
1012312268YDHM7XGW3Y9,艮塔东路（滨江北路-江东路),诸暨市,33,26,2025-03-03 08:20:18
1012312268YD5WN09GPVL,八一横路（暨阳路-无名路）,诸暨市,46,33,2025-03-03 08:20:18
1012312288YR8IX5J60OX,东旺路218弄（东旺路-融媒体中心）,诸暨市,29,6,2025-03-03 08:20:18
1012312288YR53DTVACCH,滨江南路（西施大街-滨江支路）,诸暨市,33,24,2025-03-03 08:20:18
1012312288YR9HG704L4X,苎萝东路（东福路-东三环路）,诸暨市,107,107,2025-03-03 08:20:18
1012312288YRC518WKA2P,望江三路（江东路-滨江中路）,诸暨市,5,5,2025-03-03 08:20:18
1012312288YR8ZSV1UX35,东旺路150弄（东二环路-东旺路）,诸暨市,88,70,2025-03-03 08:20:18
1012312288YRBEU44Q1VL,滨江中路（艮塔东路-望江三路）,诸暨市,25,8,2025-03-03 08:20:18
1012312288YRAXUGJT1J5,浣纱北路（大桥路-艮塔路）,诸暨市,59,31,2025-03-03 08:20:18
10124013095HHCMD4CC1T,艮塔东路（交通银行）,诸暨市,35,32,2025-03-03 08:20:18
1012312288YRBP13VO9A9,江东路（望江二路-望江三路）,诸暨市,13,9,2025-03-03 08:20:18
1012312288YR9376YUBK1,东旺路（东旺路150弄-苎萝东路）,诸暨市,18,16,2025-03-03 08:20:18
1012312288YRAJXAP73SX,滨江中路（望江二路-大桥东路）,诸暨市,45,36,2025-03-03 08:20:18
1012312288YR7K67XR8CH,望江一路（浣东北路-江东路）,诸暨市,14,8,2025-03-03 08:20:18
1012312288YR64NIVVNK1,浣纱中路（西施大街-大桥东路）,诸暨市,23,14,2025-03-03 08:20:18
1012312288YR6EYGP1YWX,万风新世界（暨阳路-上庄路）,诸暨市,20,13,2025-03-03 08:20:18
1012312288YR5B22720W1,大桥东路（江东路-五角广场）,诸暨市,58,50,2025-03-03 08:20:18
1012312288YR85VK6CYKH,和济路（东祥路-东旺路）,诸暨市,90,70,2025-03-03 08:20:18
1012312288YR7N8PO2AYP,东一路68弄（东二路-东一路）,诸暨市,46,30,2025-03-03 08:20:18
1012312288YR6IWIX5X4X,苎萝东路（东二环路-东旺路）,诸暨市,18,15,2025-03-03 08:20:18
10124013095GY8GDKUBY9,艮塔东路（高湖路-暨东路）,诸暨市,16,14,2025-03-03 08:20:18
1012312288YR825E2P88X,苎萝东路（东二环路-东福路),诸暨市,115,90,2025-03-03 08:20:18
1012312298YXGS3Y2CBNL,东旺路188弄（东旺路-东二环路）,诸暨市,10,8,2025-03-03 08:20:18
1012312288YR57VMEIUBL,大桥东路（大桥东路9号-江东路）,诸暨市,34,22,2025-03-03 08:20:18
1012312298YXIV34CFDVL,东一路82弄（东二路123弄-东二路）,诸暨市,6,5,2025-03-03 08:20:18
1012312288YR5RTTNITC1,艮塔东路（江东路-高湖路）,诸暨市,39,31,2025-03-03 08:20:18
10124012093FZKG7Y8M4H,永昌南路（东一路-东二路）,诸暨市,63,44,2025-03-03 08:20:18
1012312288YR7CTTSNVNL,苎萝东路（环城东路-东兴路）,诸暨市,86,82,2025-03-03 08:20:18
1012312288YR5UKH75K3L,艮塔东路（东二路-东一路),诸暨市,101,87,2025-03-03 08:20:18
1012401199375YC6OSJ5T,东三路（东二环路-东旺路）,诸暨市,121,74,2025-03-03 08:20:18
1012312288YR9ABOZHGCH,东二路（东旺路-东二环路）,诸暨市,47,33,2025-03-03 08:20:18
1012312298YXHTPH9LYPT,东二路123弄（东旺路188弄-东二路）,诸暨市,61,41,2025-03-03 08:20:18
1012312288YR7HFKE4HKX,西施大街（浣纱中路-人民中路）,诸暨市,28,14,2025-03-03 08:20:18
1012312288YRBZRTXR0G1,望江三路（高湖路-江东路）,诸暨市,15,9,2025-03-03 08:20:18
1019SEVYY7X0W75,十里牌停车场,诸暨市,69,63,2025-03-03 08:20:18
1012312288YR61OZ7SOW1,浣纱中路（南屏路-西施大街）,诸暨市,14,10,2025-03-03 08:20:18
1012405049OQ8ZNVP3U2P,苎萝东路（东二环路-东旺路）1,诸暨市,29,26,2025-03-03 08:20:18
1019Q6UK2GUCAV5,市民公园地下停车场,诸暨市,227,123,2025-03-03 08:20:18
1019QKKS3RWOFEP,人防大厦停车场,诸暨市,48,29,2025-03-03 08:20:18
1012312288YR9D2CJ4741,东二路（东祥路-环城东路）,诸暨市,25,15,2025-03-03 08:20:18
1012312288YR7YF7Z1HXD,高湖路（望江二路-望江一路）,诸暨市,18,6,2025-03-03 08:20:18
1012312288YR751NEO35T,东祥路（东二路-苎萝东路）,诸暨市,38,26,2025-03-03 08:20:18
1012312288YRAV3T06ARL,滨江中路（望江三路-望江二路）,诸暨市,30,29,2025-03-03 08:20:18
1019PDAS7RIP7GH,市民公园东北面停车场,诸暨市,27,10,2025-03-03 08:20:18
1012312288YR9PO5N0TFL,苎萝东路（环城东路-东旺路）,诸暨市,54,53,2025-03-03 08:20:18
1012312288YRADOD6CUM9,南兴路（南庠路-人民南路）,诸暨市,25,25,2025-03-03 08:20:18
10124013095H4QPBO8UF5,东兴路50弄,诸暨市,7,7,2025-03-03 08:20:18
1012312288YR8GIC67LS1,东旺路218弄(东旺路206弄-融媒体中心）,诸暨市,22,11,2025-03-03 08:20:18
1012312288YR8VUSTQYV5,东旺路182弄(康华大厦-东旺路),诸暨市,19,11,2025-03-03 08:20:17
1012312288YR5NVRFEV41,东安路(东二路-苎萝东路),诸暨市,6,5,2025-03-03 08:20:17
1019S5R3X1SOHS1,一百淘宝城停车场,诸暨市,105,40,2025-03-03 08:20:17
1012312288YRB62F6P9TT,浣纱南路（南兴路-南屏路）,诸暨市,60,38,2025-03-03 08:20:17
1012312288YR9VX35V2M9,苎萝东路（环城东路-东祥路）,诸暨市,17,8,2025-03-03 08:20:17
1012312288YR5F42HE329,红旗路（人民中路-浣纱中路）,诸暨市,16,10,2025-03-03 08:20:17
1012312288YR5XYT44YKH,艮塔东路（苎萝东路-东二路）,诸暨市,142,129,2025-03-03 08:10:17
1012312298YXIJSNZ82YP,东二路129弄（东一路88弄-东二路123弄）,诸暨市,10,10,2025-03-03 08:10:17
1019REU2R6D37Y9,城东公园地下停车场,诸暨市,601,324,2025-03-03 08:10:17
1012312288YR5JPT2UOZL,东兴路（苎萝东路-东二路）,诸暨市,62,46,2025-03-03 08:10:17
1019N4FJ7J6DUYP,篮球场停车场,诸暨市,182,35,2025-03-03 08:10:17
1012312288YR3EFRI1BSX,滨江南路（滨江支路-浣东中路）,诸暨市,64,61,2025-03-03 08:10:17
1012312288YR3MBVY988X,东兴北路（江东路-福门路）,诸暨市,19,14,2025-03-03 08:10:17
1012312288YRBA0HET81T,江东路（大桥东路-望江一路）,诸暨市,10,4,2025-03-03 08:10:17
1012312288YRAXUGJT1J5,浣纱北路（大桥路-艮塔路）,诸暨市,59,29,2025-03-03 08:10:16
1012312288YR9D2CJ4741,东二路（东祥路-环城东路）,诸暨市,25,17,2025-03-03 08:10:16
1012312288YR8ZSV1UX35,东旺路150弄（东二环路-东旺路）,诸暨市,88,69,2025-03-03 08:10:16
1012312288YR7HFKE4HKX,西施大街（浣纱中路-人民中路）,诸暨市,28,12,2025-03-03 08:10:16
1012312288YR6IWIX5X4X,苎萝东路（东二环路-东旺路）,诸暨市,18,15,2025-03-03 08:10:16
1012312288YR68DOZJDVL,体育路（体育路二弄-红旗路）,诸暨市,12,8,2025-03-03 08:10:16
1019SEVYY7X0W75,十里牌停车场,诸暨市,69,64,2025-03-03 08:10:16
1012405079PB3TJY248W1,东三路（应山公园-东旺路）,诸暨市,44,39,2025-03-03 08:10:16
1012312288YRAJXAP73SX,滨江中路（望江二路-大桥东路）,诸暨市,45,34,2025-03-03 08:10:16
1012312288YR7V8S6IBCX,东一路88弄（东一路82弄-东一路）,诸暨市,27,20,2025-03-03 08:10:16
1019PDPET4GWE81,市民公园北面停车场,诸暨市,14,8,2025-03-03 08:10:16
1012312288YR9LAB60FEP,苎萝东路（东兴路-东安路）,诸暨市,45,44,2025-03-03 08:10:16
1012312298YXIV34CFDVL,东一路82弄（东二路123弄-东二路）,诸暨市,6,5,2025-03-03 08:10:16
1012312288YRBZRTXR0G1,望江三路（高湖路-江东路）,诸暨市,15,7,2025-03-03 08:10:16
1012312288YR89HS7SKXT,东旺路（东旺路150弄-东二路）,诸暨市,18,6,2025-03-03 08:10:16
1012312298YXGS3Y2CBNL,东旺路188弄（东旺路-东二环路）,诸暨市,10,8,2025-03-03 08:10:16
1012312288YRB24CYLBLT,浣纱南路（苎萝路-南兴路）,诸暨市,19,4,2025-03-03 08:10:16
1012312288YR3IHRSDDZ5,滨江南路（大桥东路-西施大街）,诸暨市,13,3,2025-03-03 08:10:16
1019PDAS7RIP7GH,市民公园东北面停车场,诸暨市,27,11,2025-03-03 08:10:16
1012312288YRBI4HZHCE9,江东路（西施大街-大桥东路）,诸暨市,6,6,2025-03-03 08:10:16
1012312288YR8IX5J60OX,东旺路218弄（东旺路-融媒体中心）,诸暨市,29,11,2025-03-03 08:10:16
1012312268YDHM7XGW3Y9,艮塔东路（滨江北路-江东路),诸暨市,33,28,2025-03-03 08:10:16
1012312288YR6SFUARGU9,东祥路19弄（东祥路-环城东路）,诸暨市,12,9,2025-03-03 08:10:16
10124013095H4QPBO8UF5,东兴路50弄,诸暨市,7,7,2025-03-03 08:10:16
1012312288YR9ABOZHGCH,东二路（东旺路-东二环路）,诸暨市,47,33,2025-03-03 08:10:16
1012312288YR53DTVACCH,滨江南路（西施大街-滨江支路）,诸暨市,33,25,2025-03-03 08:10:16
1012312268YD5WN09GPVL,八一横路（暨阳路-无名路）,诸暨市,46,24,2025-03-03 08:10:16
1012312288YRC2EJF5N9D,望江三路（浣东北路-高湖路）,诸暨市,11,4,2025-03-03 08:10:16
1012312288YR5B22720W1,大桥东路（江东路-五角广场）,诸暨市,58,49,2025-03-03 08:10:16
1012312288YR9376YUBK1,东旺路（东旺路150弄-苎萝东路）,诸暨市,18,17,2025-03-03 08:10:16
1012312288YR6C3V37475,体育路（体育路-大桥东路）,诸暨市,8,6,2025-03-03 08:10:16
1012312288YRAV3T06ARL,滨江中路（望江三路-望江二路）,诸暨市,30,27,2025-03-03 08:10:16
1012312288YR57VMEIUBL,大桥东路（大桥东路9号-江东路）,诸暨市,34,23,2025-03-03 08:10:16
1012312288YR8GIC67LS1,东旺路218弄(东旺路206弄-融媒体中心）,诸暨市,22,10,2025-03-03 08:10:16
1012312288YR6EYGP1YWX,万风新世界（暨阳路-上庄路）,诸暨市,20,18,2025-03-03 08:10:16
1012312288YRBLMRYOUTD,江东路（望江一路-望江二路）,诸暨市,18,11,2025-03-03 08:10:16
1012312288YRBS7JO7FUP,望江二路（高湖路-江东路）,诸暨市,10,4,2025-03-03 08:10:16
1019JVX01UVMSCH,幸福家园停车场,诸暨市,72,2,2025-03-03 08:10:16
10124013095HHCMD4CC1T,艮塔东路（交通银行）,诸暨市,35,33,2025-03-03 08:10:16
1019MAR69WRHHXD,西子公寓停车场,诸暨市,91,80,2025-03-03 08:10:16
1019PRTQD59LIWX,永乐路停车场,诸暨市,91,55,2025-03-03 08:10:16
1019B4Y82CZPJ41,诸暨浣东中路停车场,诸暨市,37,31,2025-03-03 08:10:16
1012312288YR5UKH75K3L,艮塔东路（东二路-东一路),诸暨市,101,92,2025-03-03 08:10:16
1012312288YR61OZ7SOW1,浣纱中路（南屏路-西施大街）,诸暨市,14,11,2025-03-03 08:10:16
1012312288YR9VX35V2M9,苎萝东路（环城东路-东祥路）,诸暨市,17,11,2025-03-03 08:10:15
1012312288YR79Z86T0XT,暨东路70弄（东一路-东旺路218弄）,诸暨市,32,19,2025-03-03 08:10:15
1012312288YR825E2P88X,苎萝东路（东二环路-东福路),诸暨市,115,85,2025-03-03 08:10:15
1019S5R3X1SOHS1,一百淘宝城停车场,诸暨市,105,40,2025-03-03 08:10:15
10124013095GY8GDKUBY9,艮塔东路（高湖路-暨东路）,诸暨市,16,13,2025-03-03 08:10:15
1012401199375YC6OSJ5T,东三路（东二环路-东旺路）,诸暨市,121,74,2025-03-03 08:10:15
1012312298YXHTPH9LYPT,东二路123弄（东旺路188弄-东二路）,诸暨市,61,52,2025-03-03 08:10:15
1019QKKS3RWOFEP,人防大厦停车场,诸暨市,48,37,2025-03-03 08:10:15
10124012093FZKG7Y8M4H,永昌南路（东一路-东二路）,诸暨市,63,34,2025-03-03 08:10:15
1012405049OQ8ZNVP3U2P,苎萝东路（东二环路-东旺路）1,诸暨市,29,26,2025-03-03 08:10:15
1012312288YRC518WKA2P,望江三路（江东路-滨江中路）,诸暨市,5,5,2025-03-03 08:10:15
1012312288YR751NEO35T,东祥路（东二路-苎萝东路）,诸暨市,38,28,2025-03-03 08:10:15
1012312288YR7YF7Z1HXD,高湖路（望江二路-望江一路）,诸暨市,18,4,2025-03-03 08:10:15
1012312288YR5F42HE329,红旗路（人民中路-浣纱中路）,诸暨市,16,10,2025-03-03 08:10:15
1019Q6UK2GUCAV5,市民公园地下停车场,诸暨市,227,133,2025-03-03 08:10:15
1012312288YR7K67XR8CH,望江一路（浣东北路-江东路）,诸暨市,14,8,2025-03-03 08:10:15
1012312288YRBEU44Q1VL,滨江中路（艮塔东路-望江三路）,诸暨市,25,11,2025-03-03 08:10:15
1012312288YR9PO5N0TFL,苎萝东路（环城东路-东旺路）,诸暨市,54,53,2025-03-03 08:10:15
1012312288YR5RTTNITC1,艮塔东路（江东路-高湖路）,诸暨市,39,32,2025-03-03 08:10:15
1012312288YR85VK6CYKH,和济路（东祥路-东旺路）,诸暨市,90,84,2025-03-03 08:10:15
1012312288YR8VUSTQYV5,东旺路182弄(康华大厦-东旺路),诸暨市,19,12,2025-03-03 08:10:15
1012312288YR5NVRFEV41,东安路(东二路-苎萝东路),诸暨市,6,3,2025-03-03 08:10:15
1012312288YRBP13VO9A9,江东路（望江二路-望江三路）,诸暨市,13,9,2025-03-03 08:10:15
1012312288YR7N8PO2AYP,东一路68弄（东二路-东一路）,诸暨市,46,39,2025-03-03 08:10:15
1012312288YR9HG704L4X,苎萝东路（东福路-东三环路）,诸暨市,107,107,2025-03-03 08:10:15
1012312288YR64NIVVNK1,浣纱中路（西施大街-大桥东路）,诸暨市,23,11,2025-03-03 08:10:15
1012312288YR7CTTSNVNL,苎萝东路（环城东路-东兴路）,诸暨市,86,79,2025-03-03 08:10:15
1012312288YRB62F6P9TT,浣纱南路（南兴路-南屏路）,诸暨市,60,36,2025-03-03 08:10:15
1012312288YRADOD6CUM9,南兴路（南庠路-人民南路）,诸暨市,25,25,2025-03-03 08:10:15
1012312288YRB24CYLBLT,浣纱南路（苎萝路-南兴路）,诸暨市,19,5,2025-03-03 08:00:17
1012312288YRBLMRYOUTD,江东路（望江一路-望江二路）,诸暨市,18,10,2025-03-03 08:00:17
1019REU2R6D37Y9,城东公园地下停车场,诸暨市,601,322,2025-03-03 08:00:17
1012312288YR3IHRSDDZ5,滨江南路（大桥东路-西施大街）,诸暨市,13,4,2025-03-03 08:00:17
1012312288YR3MBVY988X,东兴北路（江东路-福门路）,诸暨市,19,10,2025-03-03 08:00:17
1019MAR69WRHHXD,西子公寓停车场,诸暨市,91,81,2025-03-03 08:00:17
1012312288YRBA0HET81T,江东路（大桥东路-望江一路）,诸暨市,10,3,2025-03-03 08:00:17
1012312298YXIJSNZ82YP,东二路129弄（东一路88弄-东二路123弄）,诸暨市,10,10,2025-03-03 08:00:17
1012312288YRBS7JO7FUP,望江二路（高湖路-江东路）,诸暨市,10,6,2025-03-03 08:00:17
1012312288YR5JPT2UOZL,东兴路（苎萝东路-东二路）,诸暨市,62,47,2025-03-03 08:00:17
1012312288YR5XYT44YKH,艮塔东路（苎萝东路-东二路）,诸暨市,142,126,2025-03-03 08:00:17
1012312288YR6SFUARGU9,东祥路19弄（东祥路-环城东路）,诸暨市,12,8,2025-03-03 08:00:17
1019N4FJ7J6DUYP,篮球场停车场,诸暨市,182,35,2025-03-03 08:00:17
1012312288YR3EFRI1BSX,滨江南路（滨江支路-浣东中路）,诸暨市,64,62,2025-03-03 08:00:17
1012312288YR61OZ7SOW1,浣纱中路（南屏路-西施大街）,诸暨市,14,9,2025-03-03 08:00:16
1012312288YR7HFKE4HKX,西施大街（浣纱中路-人民中路）,诸暨市,28,14,2025-03-03 08:00:16
1012312288YRAV3T06ARL,滨江中路（望江三路-望江二路）,诸暨市,30,22,2025-03-03 08:00:16
1012312298YXIV34CFDVL,东一路82弄（东二路123弄-东二路）,诸暨市,6,5,2025-03-03 08:00:16
1012312288YR6IWIX5X4X,苎萝东路（东二环路-东旺路）,诸暨市,18,14,2025-03-03 08:00:16
1019PDPET4GWE81,市民公园北面停车场,诸暨市,14,8,2025-03-03 08:00:16
1012312288YR6C3V37475,体育路（体育路-大桥东路）,诸暨市,8,8,2025-03-03 08:00:16
1012312288YRBEU44Q1VL,滨江中路（艮塔东路-望江三路）,诸暨市,25,12,2025-03-03 08:00:16
10124013095GY8GDKUBY9,艮塔东路（高湖路-暨东路）,诸暨市,16,14,2025-03-03 08:00:16
1012405079PB3TJY248W1,东三路（应山公园-东旺路）,诸暨市,44,42,2025-03-03 08:00:16
1012312288YRAJXAP73SX,滨江中路（望江二路-大桥东路）,诸暨市,45,34,2025-03-03 08:00:16
1012312288YR9D2CJ4741,东二路（东祥路-环城东路）,诸暨市,25,18,2025-03-03 08:00:16
1019JVX01UVMSCH,幸福家园停车场,诸暨市,72,7,2025-03-03 08:00:16
1012312288YR8ZSV1UX35,东旺路150弄（东二环路-东旺路）,诸暨市,88,64,2025-03-03 08:00:16
1019PDAS7RIP7GH,市民公园东北面停车场,诸暨市,27,13,2025-03-03 08:00:16
1012312288YR89HS7SKXT,东旺路（东旺路150弄-东二路）,诸暨市,18,6,2025-03-03 08:00:16
1012312288YR8GIC67LS1,东旺路218弄(东旺路206弄-融媒体中心）,诸暨市,22,12,2025-03-03 08:00:16
1012312288YR5B22720W1,大桥东路（江东路-五角广场）,诸暨市,58,50,2025-03-03 08:00:16
1012312288YR7V8S6IBCX,东一路88弄（东一路82弄-东一路）,诸暨市,27,21,2025-03-03 08:00:16
1012312288YR6EYGP1YWX,万风新世界（暨阳路-上庄路）,诸暨市,20,16,2025-03-03 08:00:16
1012312288YR57VMEIUBL,大桥东路（大桥东路9号-江东路）,诸暨市,34,26,2025-03-03 08:00:16
1012312288YRC518WKA2P,望江三路（江东路-滨江中路）,诸暨市,5,5,2025-03-03 08:00:16
1012312288YR5RTTNITC1,艮塔东路（江东路-高湖路）,诸暨市,39,31,2025-03-03 08:00:16
1019B4Y82CZPJ41,诸暨浣东中路停车场,诸暨市,37,31,2025-03-03 08:00:16
1012312288YR68DOZJDVL,体育路（体育路二弄-红旗路）,诸暨市,12,9,2025-03-03 08:00:16
1012312288YRADOD6CUM9,南兴路（南庠路-人民南路）,诸暨市,25,25,2025-03-03 08:00:16
1012312288YR7K67XR8CH,望江一路（浣东北路-江东路）,诸暨市,14,4,2025-03-03 08:00:16
1012312288YR8IX5J60OX,东旺路218弄（东旺路-融媒体中心）,诸暨市,29,14,2025-03-03 08:00:16
1012312288YR9376YUBK1,东旺路（东旺路150弄-苎萝东路）,诸暨市,18,17,2025-03-03 08:00:16
10124013095HHCMD4CC1T,艮塔东路（交通银行）,诸暨市,35,34,2025-03-03 08:00:16
1012312288YRAXUGJT1J5,浣纱北路（大桥路-艮塔路）,诸暨市,59,31,2025-03-03 08:00:16
1012312288YR9ABOZHGCH,东二路（东旺路-东二环路）,诸暨市,47,28,2025-03-03 08:00:16
1012312288YR751NEO35T,东祥路（东二路-苎萝东路）,诸暨市,38,26,2025-03-03 08:00:16
1012312288YR9LAB60FEP,苎萝东路（东兴路-东安路）,诸暨市,45,44,2025-03-03 08:00:16
1012312288YR5UKH75K3L,艮塔东路（东二路-东一路),诸暨市,101,96,2025-03-03 08:00:16
1012312268YDHM7XGW3Y9,艮塔东路（滨江北路-江东路),诸暨市,33,30,2025-03-03 08:00:16
1012312298YXGS3Y2CBNL,东旺路188弄（东旺路-东二环路）,诸暨市,10,6,2025-03-03 08:00:16
1012312288YR53DTVACCH,滨江南路（西施大街-滨江支路）,诸暨市,33,27,2025-03-03 08:00:16
1012312288YRC2EJF5N9D,望江三路（浣东北路-高湖路）,诸暨市,11,5,2025-03-03 08:00:16
1019SEVYY7X0W75,十里牌停车场,诸暨市,69,68,2025-03-03 08:00:16
1012312268YD5WN09GPVL,八一横路（暨阳路-无名路）,诸暨市,46,20,2025-03-03 08:00:16
1012312288YR7CTTSNVNL,苎萝东路（环城东路-东兴路）,诸暨市,86,79,2025-03-03 08:00:16
10124013095H4QPBO8UF5,东兴路50弄,诸暨市,7,7,2025-03-03 08:00:16
1012312288YR79Z86T0XT,暨东路70弄（东一路-东旺路218弄）,诸暨市,32,23,2025-03-03 08:00:16
1012312288YRBI4HZHCE9,江东路（西施大街-大桥东路）,诸暨市,6,6,2025-03-03 08:00:16
1019PRTQD59LIWX,永乐路停车场,诸暨市,91,55,2025-03-03 08:00:16
1012312288YRBZRTXR0G1,望江三路（高湖路-江东路）,诸暨市,15,8,2025-03-03 08:00:16
1019NJ925VNVEV5,B3西面停车场,诸暨市,36,1,2025-03-03 08:00:15
1012405049OQ8ZNVP3U2P,苎萝东路（东二环路-东旺路）1,诸暨市,29,25,2025-03-03 08:00:15
1012312288YR7N8PO2AYP,东一路68弄（东二路-东一路）,诸暨市,46,39,2025-03-03 08:00:15
1012312288YR7YF7Z1HXD,高湖路（望江二路-望江一路）,诸暨市,18,9,2025-03-03 08:00:15
1012312298YXHTPH9LYPT,东二路123弄（东旺路188弄-东二路）,诸暨市,61,51,2025-03-03 08:00:15
1012312288YR5F42HE329,红旗路（人民中路-浣纱中路）,诸暨市,16,7,2025-03-03 08:00:15
1012312288YR9HG704L4X,苎萝东路（东福路-东三环路）,诸暨市,107,107,2025-03-03 08:00:15
1012312288YR64NIVVNK1,浣纱中路（西施大街-大桥东路）,诸暨市,23,14,2025-03-03 08:00:15
1012312288YRBP13VO9A9,江东路（望江二路-望江三路）,诸暨市,13,9,2025-03-03 08:00:15
1012312288YRB62F6P9TT,浣纱南路（南兴路-南屏路）,诸暨市,60,38,2025-03-03 08:00:15
10124012093FZKG7Y8M4H,永昌南路（东一路-东二路）,诸暨市,63,41,2025-03-03 08:00:15
1012312288YR5NVRFEV41,东安路(东二路-苎萝东路),诸暨市,6,5,2025-03-03 08:00:15
1012312288YR825E2P88X,苎萝东路（东二环路-东福路),诸暨市,115,92,2025-03-03 08:00:15
1012312288YR9PO5N0TFL,苎萝东路（环城东路-东旺路）,诸暨市,54,51,2025-03-03 08:00:15
1019QKKS3RWOFEP,人防大厦停车场,诸暨市,48,44,2025-03-03 08:00:15
1012312288YR8VUSTQYV5,东旺路182弄(康华大厦-东旺路),诸暨市,19,9,2025-03-03 08:00:15
1012312288YR9VX35V2M9,苎萝东路（环城东路-东祥路）,诸暨市,17,12,2025-03-03 08:00:15
1019S5R3X1SOHS1,一百淘宝城停车场,诸暨市,105,40,2025-03-03 08:00:15
1019Q6UK2GUCAV5,市民公园地下停车场,诸暨市,227,136,2025-03-03 08:00:15
1012312288YR85VK6CYKH,和济路（东祥路-东旺路）,诸暨市,90,87,2025-03-03 08:00:15
1012401199375YC6OSJ5T,东三路（东二环路-东旺路）,诸暨市,121,79,2025-03-03 08:00:15
1012312298YXIJSNZ82YP,东二路129弄（东一路88弄-东二路123弄）,诸暨市,10,10,2025-03-03 07:50:17
1019REU2R6D37Y9,城东公园地下停车场,诸暨市,601,336,2025-03-03 07:50:17
1012312288YR3MBVY988X,东兴北路（江东路-福门路）,诸暨市,19,11,2025-03-03 07:50:17
1019N4FJ7J6DUYP,篮球场停车场,诸暨市,182,36,2025-03-03 07:50:17
1012312288YRBA0HET81T,江东路（大桥东路-望江一路）,诸暨市,10,2,2025-03-03 07:50:17
1012312288YR3EFRI1BSX,滨江南路（滨江支路-浣东中路）,诸暨市,64,61,2025-03-03 07:50:17
1012312288YR5JPT2UOZL,东兴路（苎萝东路-东二路）,诸暨市,62,49,2025-03-03 07:50:17
1012312288YR5XYT44YKH,艮塔东路（苎萝东路-东二路）,诸暨市,142,127,2025-03-03 07:50:17
1012312288YRBWX8BW5Q9,望江二路（浣东北路-高湖路）,诸暨市,5,3,2025-03-03 07:50:17
1012312288YRADOD6CUM9,南兴路（南庠路-人民南路）,诸暨市,25,25,2025-03-03 07:50:16
1012312288YR8IX5J60OX,东旺路218弄（东旺路-融媒体中心）,诸暨市,29,15,2025-03-03 07:50:16
1012312288YRAV3T06ARL,滨江中路（望江三路-望江二路）,诸暨市,30,22,2025-03-03 07:50:16
1012312288YR53DTVACCH,滨江南路（西施大街-滨江支路）,诸暨市,33,30,2025-03-03 07:50:16
1019PDPET4GWE81,市民公园北面停车场,诸暨市,14,8,2025-03-03 07:50:16
1012312288YRBS7JO7FUP,望江二路（高湖路-江东路）,诸暨市,10,6,2025-03-03 07:50:16
1012312268YD5WN09GPVL,八一横路（暨阳路-无名路）,诸暨市,46,14,2025-03-03 07:50:16
1012312288YR9376YUBK1,东旺路（东旺路150弄-苎萝东路）,诸暨市,18,17,2025-03-03 07:50:16
1012312288YRBEU44Q1VL,滨江中路（艮塔东路-望江三路）,诸暨市,25,11,2025-03-03 07:50:16
1012312288YR61OZ7SOW1,浣纱中路（南屏路-西施大街）,诸暨市,14,7,2025-03-03 07:50:16
1019JVX01UVMSCH,幸福家园停车场,诸暨市,72,7,2025-03-03 07:50:16
1012312288YRBLMRYOUTD,江东路（望江一路-望江二路）,诸暨市,18,9,2025-03-03 07:50:16
1012312288YR5B22720W1,大桥东路（江东路-五角广场）,诸暨市,58,49,2025-03-03 07:50:16
1012312288YRAJXAP73SX,滨江中路（望江二路-大桥东路）,诸暨市,45,37,2025-03-03 07:50:16
1012312288YR68DOZJDVL,体育路（体育路二弄-红旗路）,诸暨市,12,9,2025-03-03 07:50:16
1012312288YR6C3V37475,体育路（体育路-大桥东路）,诸暨市,8,7,2025-03-03 07:50:16
1012312288YR6SFUARGU9,东祥路19弄（东祥路-环城东路）,诸暨市,12,9,2025-03-03 07:50:16
1019PRTQD59LIWX,永乐路停车场,诸暨市,91,55,2025-03-03 07:50:16
1012312288YR5UKH75K3L,艮塔东路（东二路-东一路),诸暨市,101,94,2025-03-03 07:50:16
1012312288YR57VMEIUBL,大桥东路（大桥东路9号-江东路）,诸暨市,34,27,2025-03-03 07:50:16
1012312298YXGS3Y2CBNL,东旺路188弄（东旺路-东二环路）,诸暨市,10,6,2025-03-03 07:50:16
1012312288YR8GIC67LS1,东旺路218弄(东旺路206弄-融媒体中心）,诸暨市,22,11,2025-03-03 07:50:16
1012312288YR6EYGP1YWX,万风新世界（暨阳路-上庄路）,诸暨市,20,15,2025-03-03 07:50:16
1012312288YR6IWIX5X4X,苎萝东路（东二环路-东旺路）,诸暨市,18,13,2025-03-03 07:50:16
10124013095H4QPBO8UF5,东兴路50弄,诸暨市,7,7,2025-03-03 07:50:16
1019MAR69WRHHXD,西子公寓停车场,诸暨市,91,82,2025-03-03 07:50:16
1012312268YDHM7XGW3Y9,艮塔东路（滨江北路-江东路),诸暨市,33,28,2025-03-03 07:50:16
1019PDAS7RIP7GH,市民公园东北面停车场,诸暨市,27,15,2025-03-03 07:50:16
1012312288YRC2EJF5N9D,望江三路（浣东北路-高湖路）,诸暨市,11,5,2025-03-03 07:50:16
1012312288YRBI4HZHCE9,江东路（西施大街-大桥东路）,诸暨市,6,5,2025-03-03 07:50:16
1012312288YR9ABOZHGCH,东二路（东旺路-东二环路）,诸暨市,47,26,2025-03-03 07:50:16
1012312288YR7V8S6IBCX,东一路88弄（东一路82弄-东一路）,诸暨市,27,21,2025-03-03 07:50:16
1019B4Y82CZPJ41,诸暨浣东中路停车场,诸暨市,37,31,2025-03-03 07:50:16
1012312288YR8ZSV1UX35,东旺路150弄（东二环路-东旺路）,诸暨市,88,61,2025-03-03 07:50:16
1012312288YRAXUGJT1J5,浣纱北路（大桥路-艮塔路）,诸暨市,59,29,2025-03-03 07:50:16
1012312288YR9D2CJ4741,东二路（东祥路-环城东路）,诸暨市,25,18,2025-03-03 07:50:16
1012312288YR7CTTSNVNL,苎萝东路（环城东路-东兴路）,诸暨市,86,76,2025-03-03 07:50:16
1012312288YR3IHRSDDZ5,滨江南路（大桥东路-西施大街）,诸暨市,13,7,2025-03-03 07:50:16
1012312288YR9LAB60FEP,苎萝东路（东兴路-东安路）,诸暨市,45,44,2025-03-03 07:50:16
1012312288YRB24CYLBLT,浣纱南路（苎萝路-南兴路）,诸暨市,19,5,2025-03-03 07:50:16
1012312288YR7HFKE4HKX,西施大街（浣纱中路-人民中路）,诸暨市,28,15,2025-03-03 07:50:16
10124013095HHCMD4CC1T,艮塔东路（交通银行）,诸暨市,35,34,2025-03-03 07:50:16
1012312288YR89HS7SKXT,东旺路（东旺路150弄-东二路）,诸暨市,18,5,2025-03-03 07:50:16
1019SEVYY7X0W75,十里牌停车场,诸暨市,69,69,2025-03-03 07:50:16
1012312298YXIV34CFDVL,东一路82弄（东二路123弄-东二路）,诸暨市,6,5,2025-03-03 07:50:16
1012405079PB3TJY248W1,东三路（应山公园-东旺路）,诸暨市,44,43,2025-03-03 07:50:16
1012312288YRBZRTXR0G1,望江三路（高湖路-江东路）,诸暨市,15,11,2025-03-03 07:50:16
10124012093FZKG7Y8M4H,永昌南路（东一路-东二路）,诸暨市,63,47,2025-03-03 07:50:15
1019S5R3X1SOHS1,一百淘宝城停车场,诸暨市,105,40,2025-03-03 07:50:15
1012312298YXHTPH9LYPT,东二路123弄（东旺路188弄-东二路）,诸暨市,61,50,2025-03-03 07:50:15
1012312288YR5RTTNITC1,艮塔东路（江东路-高湖路）,诸暨市,39,28,2025-03-03 07:50:15
1012312288YR79Z86T0XT,暨东路70弄（东一路-东旺路218弄）,诸暨市,32,23,2025-03-03 07:50:15
1012312288YR825E2P88X,苎萝东路（东二环路-东福路),诸暨市,115,90,2025-03-03 07:50:15
1012312288YR8VUSTQYV5,东旺路182弄(康华大厦-东旺路),诸暨市,19,13,2025-03-03 07:50:15
1012312288YR85VK6CYKH,和济路（东祥路-东旺路）,诸暨市,90,85,2025-03-03 07:50:15
10124013095GY8GDKUBY9,艮塔东路（高湖路-暨东路）,诸暨市,16,14,2025-03-03 07:50:15
1012312288YR7YF7Z1HXD,高湖路（望江二路-望江一路）,诸暨市,18,11,2025-03-03 07:50:15
1012312288YR5F42HE329,红旗路（人民中路-浣纱中路）,诸暨市,16,7,2025-03-03 07:50:15
1012312288YR7K67XR8CH,望江一路（浣东北路-江东路）,诸暨市,14,5,2025-03-03 07:50:15
1012312288YR5NVRFEV41,东安路(东二路-苎萝东路),诸暨市,6,5,2025-03-03 07:50:15
1012312288YR9VX35V2M9,苎萝东路（环城东路-东祥路）,诸暨市,17,12,2025-03-03 07:50:15
1012405049OQ8ZNVP3U2P,苎萝东路（东二环路-东旺路）1,诸暨市,29,23,2025-03-03 07:50:15
1012312288YR64NIVVNK1,浣纱中路（西施大街-大桥东路）,诸暨市,23,14,2025-03-03 07:50:15
1012401199375YC6OSJ5T,东三路（东二环路-东旺路）,诸暨市,121,78,2025-03-03 07:50:15
1012312288YR9HG704L4X,苎萝东路（东福路-东三环路）,诸暨市,107,107,2025-03-03 07:50:15
1012312288YR7N8PO2AYP,东一路68弄（东二路-东一路）,诸暨市,46,41,2025-03-03 07:50:15
1012312288YRB62F6P9TT,浣纱南路（南兴路-南屏路）,诸暨市,60,37,2025-03-03 07:50:15
1012312288YR751NEO35T,东祥路（东二路-苎萝东路）,诸暨市,38,26,2025-03-03 07:50:15
1019Q6UK2GUCAV5,市民公园地下停车场,诸暨市,227,140,2025-03-03 07:50:15
1012312288YRBP13VO9A9,江东路（望江二路-望江三路）,诸暨市,13,9,2025-03-03 07:50:15
1012312288YRC518WKA2P,望江三路（江东路-滨江中路）,诸暨市,5,5,2025-03-03 07:50:15
1012312288YR9PO5N0TFL,苎萝东路（环城东路-东旺路）,诸暨市,54,51,2025-03-03 07:50:15
1019NJ925VNVEV5,B3西面停车场,诸暨市,36,2,2025-03-03 07:50:15
1019QKKS3RWOFEP,人防大厦停车场,诸暨市,48,47,2025-03-03 07:50:15
1012312288YR3EFRI1BSX,滨江南路（滨江支路-浣东中路）,诸暨市,64,59,2025-03-03 07:40:17
1012312288YR5XYT44YKH,艮塔东路（苎萝东路-东二路）,诸暨市,142,126,2025-03-03 07:40:17
1012312288YRBS7JO7FUP,望江二路（高湖路-江东路）,诸暨市,10,8,2025-03-03 07:40:17
1019REU2R6D37Y9,城东公园地下停车场,诸暨市,601,337,2025-03-03 07:40:17
1012312288YR5JPT2UOZL,东兴路（苎萝东路-东二路）,诸暨市,62,49,2025-03-03 07:40:17
1012312288YRB24CYLBLT,浣纱南路（苎萝路-南兴路）,诸暨市,19,4,2025-03-03 07:40:17
1019N4FJ7J6DUYP,篮球场停车场,诸暨市,182,37,2025-03-03 07:40:17
1012312298YXIJSNZ82YP,东二路129弄（东一路88弄-东二路123弄）,诸暨市,10,10,2025-03-03 07:40:17
1012312288YRBWX8BW5Q9,望江二路（浣东北路-高湖路）,诸暨市,5,3,2025-03-03 07:40:17
1012312288YRBA0HET81T,江东路（大桥东路-望江一路）,诸暨市,10,1,2025-03-03 07:40:17
1012312288YR3MBVY988X,东兴北路（江东路-福门路）,诸暨市,19,12,2025-03-03 07:40:17
1012312288YR79Z86T0XT,暨东路70弄（东一路-东旺路218弄）,诸暨市,32,26,2025-03-03 07:40:16
1012312288YRC2EJF5N9D,望江三路（浣东北路-高湖路）,诸暨市,11,4,2025-03-03 07:40:16
1012312288YR57VMEIUBL,大桥东路（大桥东路9号-江东路）,诸暨市,34,29,2025-03-03 07:40:16
1012312288YR9ABOZHGCH,东二路（东旺路-东二环路）,诸暨市,47,22,2025-03-03 07:40:16
1012312268YD5WN09GPVL,八一横路（暨阳路-无名路）,诸暨市,46,9,2025-03-03 07:40:16
1012312288YRBI4HZHCE9,江东路（西施大街-大桥东路）,诸暨市,6,5,2025-03-03 07:40:16
1012312288YR7V8S6IBCX,东一路88弄（东一路82弄-东一路）,诸暨市,27,23,2025-03-03 07:40:16
1019PDPET4GWE81,市民公园北面停车场,诸暨市,14,8,2025-03-03 07:40:16
1019SEVYY7X0W75,十里牌停车场,诸暨市,69,69,2025-03-03 07:40:16
1012312288YRBZRTXR0G1,望江三路（高湖路-江东路）,诸暨市,15,9,2025-03-03 07:40:16
1012312288YRC518WKA2P,望江三路（江东路-滨江中路）,诸暨市,5,5,2025-03-03 07:40:16
1012312288YR6SFUARGU9,东祥路19弄（东祥路-环城东路）,诸暨市,12,9,2025-03-03 07:40:16
1012312288YR9376YUBK1,东旺路（东旺路150弄-苎萝东路）,诸暨市,18,17,2025-03-03 07:40:16
1012312288YR8IX5J60OX,东旺路218弄（东旺路-融媒体中心）,诸暨市,29,13,2025-03-03 07:40:16
1012312288YR6IWIX5X4X,苎萝东路（东二环路-东旺路）,诸暨市,18,13,2025-03-03 07:40:16
1012312288YR3IHRSDDZ5,滨江南路（大桥东路-西施大街）,诸暨市,13,7,2025-03-03 07:40:16
1012312288YR6EYGP1YWX,万风新世界（暨阳路-上庄路）,诸暨市,20,15,2025-03-03 07:40:16
1012312288YRAXUGJT1J5,浣纱北路（大桥路-艮塔路）,诸暨市,59,31,2025-03-03 07:40:16
1012312288YR6C3V37475,体育路（体育路-大桥东路）,诸暨市,8,7,2025-03-03 07:40:16
1012312288YR61OZ7SOW1,浣纱中路（南屏路-西施大街）,诸暨市,14,8,2025-03-03 07:40:16
1012312288YR68DOZJDVL,体育路（体育路二弄-红旗路）,诸暨市,12,9,2025-03-03 07:40:16
1012312288YR5UKH75K3L,艮塔东路（东二路-东一路),诸暨市,101,92,2025-03-03 07:40:16
1012312288YR53DTVACCH,滨江南路（西施大街-滨江支路）,诸暨市,33,31,2025-03-03 07:40:16
1012312288YR5B22720W1,大桥东路（江东路-五角广场）,诸暨市,58,48,2025-03-03 07:40:16
1012312268YDHM7XGW3Y9,艮塔东路（滨江北路-江东路),诸暨市,33,30,2025-03-03 07:40:16
1012312288YR5RTTNITC1,艮塔东路（江东路-高湖路）,诸暨市,39,28,2025-03-03 07:40:16
1012312288YR89HS7SKXT,东旺路（东旺路150弄-东二路）,诸暨市,18,3,2025-03-03 07:40:16
1012312288YR7HFKE4HKX,西施大街（浣纱中路-人民中路）,诸暨市,28,14,2025-03-03 07:40:16
1012312288YR9LAB60FEP,苎萝东路（东兴路-东安路）,诸暨市,45,44,2025-03-03 07:40:16
1019JVX01UVMSCH,幸福家园停车场,诸暨市,72,7,2025-03-03 07:40:16
1012312288YR9D2CJ4741,东二路（东祥路-环城东路）,诸暨市,25,18,2025-03-03 07:40:16
1012312288YRAJXAP73SX,滨江中路（望江二路-大桥东路）,诸暨市,45,38,2025-03-03 07:40:16
1012312288YRADOD6CUM9,南兴路（南庠路-人民南路）,诸暨市,25,25,2025-03-03 07:40:16
10124013095HHCMD4CC1T,艮塔东路（交通银行）,诸暨市,35,34,2025-03-03 07:40:16
1012312288YRBLMRYOUTD,江东路（望江一路-望江二路）,诸暨市,18,10,2025-03-03 07:40:16
1012312288YR751NEO35T,东祥路（东二路-苎萝东路）,诸暨市,38,27,2025-03-03 07:40:16
1012405079PB3TJY248W1,东三路（应山公园-东旺路）,诸暨市,44,44,2025-03-03 07:40:16
1012312288YR7K67XR8CH,望江一路（浣东北路-江东路）,诸暨市,14,5,2025-03-03 07:40:16
1012312288YR8ZSV1UX35,东旺路150弄（东二环路-东旺路）,诸暨市,88,63,2025-03-03 07:40:16
1012312288YR7CTTSNVNL,苎萝东路（环城东路-东兴路）,诸暨市,86,74,2025-03-03 07:40:16
1019MAR69WRHHXD,西子公寓停车场,诸暨市,91,82,2025-03-03 07:40:16
1012312288YR8GIC67LS1,东旺路218弄(东旺路206弄-融媒体中心）,诸暨市,22,10,2025-03-03 07:40:16
1012312298YXGS3Y2CBNL,东旺路188弄（东旺路-东二环路）,诸暨市,10,6,2025-03-03 07:40:16
1019PRTQD59LIWX,永乐路停车场,诸暨市,91,55,2025-03-03 07:40:16
10124013095H4QPBO8UF5,东兴路50弄,诸暨市,7,7,2025-03-03 07:40:16
1019PDAS7RIP7GH,市民公园东北面停车场,诸暨市,27,15,2025-03-03 07:40:16
1012312298YXIV34CFDVL,东一路82弄（东二路123弄-东二路）,诸暨市,6,5,2025-03-03 07:40:16
1012312288YRBEU44Q1VL,滨江中路（艮塔东路-望江三路）,诸暨市,25,12,2025-03-03 07:40:16
1012312288YRAV3T06ARL,滨江中路（望江三路-望江二路）,诸暨市,30,22,2025-03-03 07:40:16
1019B4Y82CZPJ41,诸暨浣东中路停车场,诸暨市,37,31,2025-03-03 07:40:16
1012312288YR7YF7Z1HXD,高湖路（望江二路-望江一路）,诸暨市,18,7,2025-03-03 07:40:15
1012312288YR85VK6CYKH,和济路（东祥路-东旺路）,诸暨市,90,89,2025-03-03 07:40:15
10124012093FZKG7Y8M4H,永昌南路（东一路-东二路）,诸暨市,63,50,2025-03-03 07:40:15
1012312288YR9PO5N0TFL,苎萝东路（环城东路-东旺路）,诸暨市,54,51,2025-03-03 07:40:15
1012401199375YC6OSJ5T,东三路（东二环路-东旺路）,诸暨市,121,75,2025-03-03 07:40:15
1012312288YR8VUSTQYV5,东旺路182弄(康华大厦-东旺路),诸暨市,19,16,2025-03-03 07:40:15
1012312288YR5NVRFEV41,东安路(东二路-苎萝东路),诸暨市,6,5,2025-03-03 07:40:15
1012312288YR9VX35V2M9,苎萝东路（环城东路-东祥路）,诸暨市,17,12,2025-03-03 07:40:15
1012405049OQ8ZNVP3U2P,苎萝东路（东二环路-东旺路）1,诸暨市,29,22,2025-03-03 07:40:15
1019NJ925VNVEV5,B3西面停车场,诸暨市,36,3,2025-03-03 07:40:15
1012312288YR825E2P88X,苎萝东路（东二环路-东福路),诸暨市,115,91,2025-03-03 07:40:15
10124013095GY8GDKUBY9,艮塔东路（高湖路-暨东路）,诸暨市,16,14,2025-03-03 07:40:15
1019Q6UK2GUCAV5,市民公园地下停车场,诸暨市,227,144,2025-03-03 07:40:15
1012312288YR7N8PO2AYP,东一路68弄（东二路-东一路）,诸暨市,46,42,2025-03-03 07:40:15
1012312288YR64NIVVNK1,浣纱中路（西施大街-大桥东路）,诸暨市,23,16,2025-03-03 07:40:15
1019S5R3X1SOHS1,一百淘宝城停车场,诸暨市,105,40,2025-03-03 07:40:15
1012312288YR9HG704L4X,苎萝东路（东福路-东三环路）,诸暨市,107,107,2025-03-03 07:40:15
1012312288YRBP13VO9A9,江东路（望江二路-望江三路）,诸暨市,13,9,2025-03-03 07:40:15
1019QKKS3RWOFEP,人防大厦停车场,诸暨市,48,48,2025-03-03 07:40:15
1012312298YXHTPH9LYPT,东二路123弄（东旺路188弄-东二路）,诸暨市,61,49,2025-03-03 07:40:15
1012312288YRB62F6P9TT,浣纱南路（南兴路-南屏路）,诸暨市,60,34,2025-03-03 07:40:15
1012312288YR5F42HE329,红旗路（人民中路-浣纱中路）,诸暨市,16,7,2025-03-03 07:40:15
1019N4FJ7J6DUYP,篮球场停车场,诸暨市,182,36,2025-03-03 07:30:17
1012312288YR3EFRI1BSX,滨江南路（滨江支路-浣东中路）,诸暨市,64,59,2025-03-03 07:30:17
1012312288YRBA0HET81T,江东路（大桥东路-望江一路）,诸暨市,10,1,2025-03-03 07:30:17
1012312298YXIJSNZ82YP,东二路129弄（东一路88弄-东二路123弄）,诸暨市,10,10,2025-03-03 07:30:17
1012312288YR5JPT2UOZL,东兴路（苎萝东路-东二路）,诸暨市,62,51,2025-03-03 07:30:17
1019REU2R6D37Y9,城东公园地下停车场,诸暨市,601,337,2025-03-03 07:30:17
1012312288YR57VMEIUBL,大桥东路（大桥东路9号-江东路）,诸暨市,34,30,2025-03-03 07:30:16
1012312288YR7V8S6IBCX,东一路88弄（东一路82弄-东一路）,诸暨市,27,23,2025-03-03 07:30:16
1012312288YR6C3V37475,体育路（体育路-大桥东路）,诸暨市,8,6,2025-03-03 07:30:16
1012312288YR5UKH75K3L,艮塔东路（东二路-东一路),诸暨市,101,92,2025-03-03 07:30:16
1012312288YR6SFUARGU9,东祥路19弄（东祥路-环城东路）,诸暨市,12,9,2025-03-03 07:30:16
1012312288YR9D2CJ4741,东二路（东祥路-环城东路）,诸暨市,25,18,2025-03-03 07:30:16
1019PDAS7RIP7GH,市民公园东北面停车场,诸暨市,27,15,2025-03-03 07:30:16
1012312288YR8ZSV1UX35,东旺路150弄（东二环路-东旺路）,诸暨市,88,62,2025-03-03 07:30:16
1012312288YRBZRTXR0G1,望江三路（高湖路-江东路）,诸暨市,15,10,2025-03-03 07:30:16
1019B4Y82CZPJ41,诸暨浣东中路停车场,诸暨市,37,31,2025-03-03 07:30:16
1012312288YR5B22720W1,大桥东路（江东路-五角广场）,诸暨市,58,45,2025-03-03 07:30:16
1012312288YR7HFKE4HKX,西施大街（浣纱中路-人民中路）,诸暨市,28,14,2025-03-03 07:30:16
1012312288YR6EYGP1YWX,万风新世界（暨阳路-上庄路）,诸暨市,20,15,2025-03-03 07:30:16
1012312288YR3IHRSDDZ5,滨江南路（大桥东路-西施大街）,诸暨市,13,8,2025-03-03 07:30:16
1012312288YRB24CYLBLT,浣纱南路（苎萝路-南兴路）,诸暨市,19,7,2025-03-03 07:30:16
1019MAR69WRHHXD,西子公寓停车场,诸暨市,91,81,2025-03-03 07:30:16
1012312288YRBLMRYOUTD,江东路（望江一路-望江二路）,诸暨市,18,9,2025-03-03 07:30:16
1012312288YR89HS7SKXT,东旺路（东旺路150弄-东二路）,诸暨市,18,4,2025-03-03 07:30:16
1012312288YRAV3T06ARL,滨江中路（望江三路-望江二路）,诸暨市,30,22,2025-03-03 07:30:16
1012312288YR9ABOZHGCH,东二路（东旺路-东二环路）,诸暨市,47,20,2025-03-03 07:30:16
1012312288YR3MBVY988X,东兴北路（江东路-福门路）,诸暨市,19,13,2025-03-03 07:30:16
1012312288YRBI4HZHCE9,江东路（西施大街-大桥东路）,诸暨市,6,5,2025-03-03 07:30:16
1012312288YRAJXAP73SX,滨江中路（望江二路-大桥东路）,诸暨市,45,36,2025-03-03 07:30:16
1019PDPET4GWE81,市民公园北面停车场,诸暨市,14,7,2025-03-03 07:30:16
1012312288YR9376YUBK1,东旺路（东旺路150弄-苎萝东路）,诸暨市,18,17,2025-03-03 07:30:16
1012312288YR9LAB60FEP,苎萝东路（东兴路-东安路）,诸暨市,45,44,2025-03-03 07:30:16
1012312288YRBWX8BW5Q9,望江二路（浣东北路-高湖路）,诸暨市,5,3,2025-03-03 07:30:16
1019JVX01UVMSCH,幸福家园停车场,诸暨市,72,7,2025-03-03 07:30:16
1012312288YR8GIC67LS1,东旺路218弄(东旺路206弄-融媒体中心）,诸暨市,22,10,2025-03-03 07:30:16
10124013095HHCMD4CC1T,艮塔东路（交通银行）,诸暨市,35,34,2025-03-03 07:30:16
1012312288YRBS7JO7FUP,望江二路（高湖路-江东路）,诸暨市,10,9,2025-03-03 07:30:16
1019PRTQD59LIWX,永乐路停车场,诸暨市,91,55,2025-03-03 07:30:16
1019SEVYY7X0W75,十里牌停车场,诸暨市,69,67,2025-03-03 07:30:16
1012312288YR68DOZJDVL,体育路（体育路二弄-红旗路）,诸暨市,12,9,2025-03-03 07:30:16
1012312288YR5XYT44YKH,艮塔东路（苎萝东路-东二路）,诸暨市,142,123,2025-03-03 07:30:16
1012312268YDHM7XGW3Y9,艮塔东路（滨江北路-江东路),诸暨市,33,29,2025-03-03 07:30:16
1012312288YR61OZ7SOW1,浣纱中路（南屏路-西施大街）,诸暨市,14,9,2025-03-03 07:30:16
1012405079PB3TJY248W1,东三路（应山公园-东旺路）,诸暨市,44,44,2025-03-03 07:30:16
10124013095H4QPBO8UF5,东兴路50弄,诸暨市,7,7,2025-03-03 07:30:16
1012312298YXIV34CFDVL,东一路82弄（东二路123弄-东二路）,诸暨市,6,5,2025-03-03 07:30:16
1012312288YRC2EJF5N9D,望江三路（浣东北路-高湖路）,诸暨市,11,5,2025-03-03 07:30:16
1019QKKS3RWOFEP,人防大厦停车场,诸暨市,48,48,2025-03-03 07:30:15
1012312288YR5NVRFEV41,东安路(东二路-苎萝东路),诸暨市,6,5,2025-03-03 07:30:15
1012312288YRBP13VO9A9,江东路（望江二路-望江三路）,诸暨市,13,9,2025-03-03 07:30:15
1012312288YR7K67XR8CH,望江一路（浣东北路-江东路）,诸暨市,14,4,2025-03-03 07:30:15
1012312288YRAXUGJT1J5,浣纱北路（大桥路-艮塔路）,诸暨市,59,28,2025-03-03 07:30:15
1012312288YRBEU44Q1VL,滨江中路（艮塔东路-望江三路）,诸暨市,25,11,2025-03-03 07:30:15
1012312298YXHTPH9LYPT,东二路123弄（东旺路188弄-东二路）,诸暨市,61,49,2025-03-03 07:30:15
1019NJ925VNVEV5,B3西面停车场,诸暨市,36,3,2025-03-03 07:30:15
1019S5R3X1SOHS1,一百淘宝城停车场,诸暨市,105,40,2025-03-03 07:30:15
10124013095GY8GDKUBY9,艮塔东路（高湖路-暨东路）,诸暨市,16,14,2025-03-03 07:30:15
1012405049OQ8ZNVP3U2P,苎萝东路（东二环路-东旺路）1,诸暨市,29,22,2025-03-03 07:30:15
10124012093FZKG7Y8M4H,永昌南路（东一路-东二路）,诸暨市,63,48,2025-03-03 07:30:15
1012312288YRB62F6P9TT,浣纱南路（南兴路-南屏路）,诸暨市,60,34,2025-03-03 07:30:15
1012312288YR9PO5N0TFL,苎萝东路（环城东路-东旺路）,诸暨市,54,51,2025-03-03 07:30:15
1012312288YR85VK6CYKH,和济路（东祥路-东旺路）,诸暨市,90,89,2025-03-03 07:30:15
1012312288YR6IWIX5X4X,苎萝东路（东二环路-东旺路）,诸暨市,18,13,2025-03-03 07:30:15
1012312288YR825E2P88X,苎萝东路（东二环路-东福路),诸暨市,115,94,2025-03-03 07:30:15
1012312288YR64NIVVNK1,浣纱中路（西施大街-大桥东路）,诸暨市,23,15,2025-03-03 07:30:15
1012312288YR9VX35V2M9,苎萝东路（环城东路-东祥路）,诸暨市,17,12,2025-03-03 07:30:15
1012312288YR7YF7Z1HXD,高湖路（望江二路-望江一路）,诸暨市,18,10,2025-03-03 07:30:15
1012312288YR751NEO35T,东祥路（东二路-苎萝东路）,诸暨市,38,27,2025-03-03 07:30:15
1012312288YR5F42HE329,红旗路（人民中路-浣纱中路）,诸暨市,16,7,2025-03-03 07:30:15
1012312288YRC518WKA2P,望江三路（江东路-滨江中路）,诸暨市,5,5,2025-03-03 07:30:15
1012312268YD5WN09GPVL,八一横路（暨阳路-无名路）,诸暨市,46,6,2025-03-03 07:30:15
1012312288YR53DTVACCH,滨江南路（西施大街-滨江支路）,诸暨市,33,30,2025-03-03 07:30:15
1012312288YR5RTTNITC1,艮塔东路（江东路-高湖路）,诸暨市,39,28,2025-03-03 07:30:15
1012312288YR8VUSTQYV5,东旺路182弄(康华大厦-东旺路),诸暨市,19,15,2025-03-03 07:30:15
1012401199375YC6OSJ5T,东三路（东二环路-东旺路）,诸暨市,121,67,2025-03-03 07:30:15
1012312298YXGS3Y2CBNL,东旺路188弄（东旺路-东二环路）,诸暨市,10,6,2025-03-03 07:30:15
1019Q6UK2GUCAV5,市民公园地下停车场,诸暨市,227,151,2025-03-03 07:30:15
1012312288YR8IX5J60OX,东旺路218弄（东旺路-融媒体中心）,诸暨市,29,19,2025-03-03 07:30:15
1012312288YR79Z86T0XT,暨东路70弄（东一路-东旺路218弄）,诸暨市,32,26,2025-03-03 07:30:15
1012312288YR7N8PO2AYP,东一路68弄（东二路-东一路）,诸暨市,46,42,2025-03-03 07:30:15
1012312288YR7CTTSNVNL,苎萝东路（环城东路-东兴路）,诸暨市,86,70,2025-03-03 07:30:15
1012312288YRADOD6CUM9,南兴路（南庠路-人民南路）,诸暨市,25,25,2025-03-03 07:30:15
1012312288YR9HG704L4X,苎萝东路（东福路-东三环路）,诸暨市,107,107,2025-03-03 07:30:15
1012312288YR6EYGP1YWX,万风新世界（暨阳路-上庄路）,诸暨市,20,15,2025-03-03 07:20:16
1012312288YR9LAB60FEP,苎萝东路（东兴路-东安路）,诸暨市,45,44,2025-03-03 07:20:16
1012312288YR3EFRI1BSX,滨江南路（滨江支路-浣东中路）,诸暨市,64,59,2025-03-03 07:20:16
1012312288YR89HS7SKXT,东旺路（东旺路150弄-东二路）,诸暨市,18,4,2025-03-03 07:20:16
1019PDPET4GWE81,市民公园北面停车场,诸暨市,14,5,2025-03-03 07:20:16
1012312288YRC2EJF5N9D,望江三路（浣东北路-高湖路）,诸暨市,11,5,2025-03-03 07:20:16
1012312288YR5XYT44YKH,艮塔东路（苎萝东路-东二路）,诸暨市,142,123,2025-03-03 07:20:16
1012312288YR5JPT2UOZL,东兴路（苎萝东路-东二路）,诸暨市,62,49,2025-03-03 07:20:16
1012312288YR3MBVY988X,东兴北路（江东路-福门路）,诸暨市,19,12,2025-03-03 07:20:16
1012312288YR3IHRSDDZ5,滨江南路（大桥东路-西施大街）,诸暨市,13,9,2025-03-03 07:20:16
1012312288YR6C3V37475,体育路（体育路-大桥东路）,诸暨市,8,5,2025-03-03 07:20:16
1012312288YRAV3T06ARL,滨江中路（望江三路-望江二路）,诸暨市,30,22,2025-03-03 07:20:16
1019JVX01UVMSCH,幸福家园停车场,诸暨市,72,7,2025-03-03 07:20:16
1012312298YXIV34CFDVL,东一路82弄（东二路123弄-东二路）,诸暨市,6,5,2025-03-03 07:20:16
1019MAR69WRHHXD,西子公寓停车场,诸暨市,91,81,2025-03-03 07:20:16
1012312288YRB24CYLBLT,浣纱南路（苎萝路-南兴路）,诸暨市,19,5,2025-03-03 07:20:16
1012312268YDHM7XGW3Y9,艮塔东路（滨江北路-江东路),诸暨市,33,28,2025-03-03 07:20:16
1012312288YR5B22720W1,大桥东路（江东路-五角广场）,诸暨市,58,45,2025-03-03 07:20:16
1012312288YR68DOZJDVL,体育路（体育路二弄-红旗路）,诸暨市,12,9,2025-03-03 07:20:16
1012312288YR6SFUARGU9,东祥路19弄（东祥路-环城东路）,诸暨市,12,8,2025-03-03 07:20:16
1012405079PB3TJY248W1,东三路（应山公园-东旺路）,诸暨市,44,44,2025-03-03 07:20:16
1012312288YRBS7JO7FUP,望江二路（高湖路-江东路）,诸暨市,10,9,2025-03-03 07:20:16
1019B4Y82CZPJ41,诸暨浣东中路停车场,诸暨市,37,31,2025-03-03 07:20:16
1012312288YRBWX8BW5Q9,望江二路（浣东北路-高湖路）,诸暨市,5,3,2025-03-03 07:20:16
1019REU2R6D37Y9,城东公园地下停车场,诸暨市,601,336,2025-03-03 07:20:16
1012312288YR7V8S6IBCX,东一路88弄（东一路82弄-东一路）,诸暨市,27,23,2025-03-03 07:20:16
1012312288YR61OZ7SOW1,浣纱中路（南屏路-西施大街）,诸暨市,14,8,2025-03-03 07:20:16
1012312288YR57VMEIUBL,大桥东路（大桥东路9号-江东路）,诸暨市,34,28,2025-03-03 07:20:16
1019N4FJ7J6DUYP,篮球场停车场,诸暨市,182,37,2025-03-03 07:20:16
1012312288YRBLMRYOUTD,江东路（望江一路-望江二路）,诸暨市,18,8,2025-03-03 07:20:16
1019PRTQD59LIWX,永乐路停车场,诸暨市,91,55,2025-03-03 07:20:16
1012312288YR9ABOZHGCH,东二路（东旺路-东二环路）,诸暨市,47,20,2025-03-03 07:20:16
10124013095HHCMD4CC1T,艮塔东路（交通银行）,诸暨市,35,34,2025-03-03 07:20:16
1012312298YXIJSNZ82YP,东二路129弄（东一路88弄-东二路123弄）,诸暨市,10,10,2025-03-03 07:20:16
1012312288YRBI4HZHCE9,江东路（西施大街-大桥东路）,诸暨市,6,5,2025-03-03 07:20:16
1012312288YRAJXAP73SX,滨江中路（望江二路-大桥东路）,诸暨市,45,36,2025-03-03 07:20:16
1012312288YRBA0HET81T,江东路（大桥东路-望江一路）,诸暨市,10,1,2025-03-03 07:20:16
1012312288YR5UKH75K3L,艮塔东路（东二路-东一路),诸暨市,101,93,2025-03-03 07:20:16
1012312288YR9D2CJ4741,东二路（东祥路-环城东路）,诸暨市,25,18,2025-03-03 07:20:16
1012312288YR7K67XR8CH,望江一路（浣东北路-江东路）,诸暨市,14,3,2025-03-03 07:20:15
1012312288YR8ZSV1UX35,东旺路150弄（东二环路-东旺路）,诸暨市,88,62,2025-03-03 07:20:15
1012312288YR9376YUBK1,东旺路（东旺路150弄-苎萝东路）,诸暨市,18,16,2025-03-03 07:20:15
1012312288YR9VX35V2M9,苎萝东路（环城东路-东祥路）,诸暨市,17,12,2025-03-03 07:20:15
1019SEVYY7X0W75,十里牌停车场,诸暨市,69,68,2025-03-03 07:20:15
1012312288YRB62F6P9TT,浣纱南路（南兴路-南屏路）,诸暨市,60,33,2025-03-03 07:20:15
1012312288YR8IX5J60OX,东旺路218弄（东旺路-融媒体中心）,诸暨市,29,20,2025-03-03 07:20:15
1019PDAS7RIP7GH,市民公园东北面停车场,诸暨市,27,15,2025-03-03 07:20:15
1012312298YXHTPH9LYPT,东二路123弄（东旺路188弄-东二路）,诸暨市,61,49,2025-03-03 07:20:15
10124013095H4QPBO8UF5,东兴路50弄,诸暨市,7,7,2025-03-03 07:20:15
1019S5R3X1SOHS1,一百淘宝城停车场,诸暨市,105,40,2025-03-03 07:20:15
1012312288YRADOD6CUM9,南兴路（南庠路-人民南路）,诸暨市,25,25,2025-03-03 07:20:15
1012312288YR8GIC67LS1,东旺路218弄(东旺路206弄-融媒体中心）,诸暨市,22,9,2025-03-03 07:20:15
1012312288YR5NVRFEV41,东安路(东二路-苎萝东路),诸暨市,6,5,2025-03-03 07:20:15
1012312288YR825E2P88X,苎萝东路（东二环路-东福路),诸暨市,115,91,2025-03-03 07:20:15
1012312288YR79Z86T0XT,暨东路70弄（东一路-东旺路218弄）,诸暨市,32,30,2025-03-03 07:20:15
1012312288YR5F42HE329,红旗路（人民中路-浣纱中路）,诸暨市,16,7,2025-03-03 07:20:15
1012312288YR7N8PO2AYP,东一路68弄（东二路-东一路）,诸暨市,46,42,2025-03-03 07:20:15
1012312288YR751NEO35T,东祥路（东二路-苎萝东路）,诸暨市,38,22,2025-03-03 07:20:15
1019Q6UK2GUCAV5,市民公园地下停车场,诸暨市,227,152,2025-03-03 07:20:15
1012312288YR6IWIX5X4X,苎萝东路（东二环路-东旺路）,诸暨市,18,12,2025-03-03 07:20:15
10124013095GY8GDKUBY9,艮塔东路（高湖路-暨东路）,诸暨市,16,14,2025-03-03 07:20:15
1012312288YR9PO5N0TFL,苎萝东路（环城东路-东旺路）,诸暨市,54,50,2025-03-03 07:20:15
1012312288YR7CTTSNVNL,苎萝东路（环城东路-东兴路）,诸暨市,86,66,2025-03-03 07:20:15
1012312288YR9HG704L4X,苎萝东路（东福路-东三环路）,诸暨市,107,107,2025-03-03 07:20:15
1012312288YRAXUGJT1J5,浣纱北路（大桥路-艮塔路）,诸暨市,59,26,2025-03-03 07:20:15
1012312288YRBEU44Q1VL,滨江中路（艮塔东路-望江三路）,诸暨市,25,11,2025-03-03 07:20:15
1012312288YR8VUSTQYV5,东旺路182弄(康华大厦-东旺路),诸暨市,19,16,2025-03-03 07:20:15
1012312288YRC518WKA2P,望江三路（江东路-滨江中路）,诸暨市,5,5,2025-03-03 07:20:15
1012312288YR85VK6CYKH,和济路（东祥路-东旺路）,诸暨市,90,89,2025-03-03 07:20:15
1012312268YD5WN09GPVL,八一横路（暨阳路-无名路）,诸暨市,46,4,2025-03-03 07:20:15
1019QKKS3RWOFEP,人防大厦停车场,诸暨市,48,48,2025-03-03 07:20:15
1012312298YXGS3Y2CBNL,东旺路188弄（东旺路-东二环路）,诸暨市,10,6,2025-03-03 07:20:15
1012312288YR64NIVVNK1,浣纱中路（西施大街-大桥东路）,诸暨市,23,14,2025-03-03 07:20:15
1012312288YR7YF7Z1HXD,高湖路（望江二路-望江一路）,诸暨市,18,7,2025-03-03 07:20:15
1012401199375YC6OSJ5T,东三路（东二环路-东旺路）,诸暨市,121,61,2025-03-03 07:20:15
10124012093FZKG7Y8M4H,永昌南路（东一路-东二路）,诸暨市,63,48,2025-03-03 07:20:15
1012312288YR5RTTNITC1,艮塔东路（江东路-高湖路）,诸暨市,39,28,2025-03-03 07:20:15
1012312288YR53DTVACCH,滨江南路（西施大街-滨江支路）,诸暨市,33,31,2025-03-03 07:20:15
1012312288YRBP13VO9A9,江东路（望江二路-望江三路）,诸暨市,13,8,2025-03-03 07:20:15
1012312288YR7HFKE4HKX,西施大街（浣纱中路-人民中路）,诸暨市,28,10,2025-03-03 07:20:15
1012405049OQ8ZNVP3U2P,苎萝东路（东二环路-东旺路）1,诸暨市,29,22,2025-03-03 07:20:15
1019NJ925VNVEV5,B3西面停车场,诸暨市,36,3,2025-03-03 07:20:15
1012312288YRBZRTXR0G1,望江三路（高湖路-江东路）,诸暨市,15,11,2025-03-03 07:20:15
1012312288YR3MBVY988X,东兴北路（江东路-福门路）,诸暨市,19,13,2025-03-03 07:10:16
1012312288YR3EFRI1BSX,滨江南路（滨江支路-浣东中路）,诸暨市,64,59,2025-03-03 07:10:16
1012312288YR5JPT2UOZL,东兴路（苎萝东路-东二路）,诸暨市,62,48,2025-03-03 07:10:16
1012405079PB3TJY248W1,东三路（应山公园-东旺路）,诸暨市,44,44,2025-03-03 07:10:16
1019PRTQD59LIWX,永乐路停车场,诸暨市,91,55,2025-03-03 07:10:16
1012312298YXIJSNZ82YP,东二路129弄（东一路88弄-东二路123弄）,诸暨市,10,10,2025-03-03 07:10:16
1012312288YR6C3V37475,体育路（体育路-大桥东路）,诸暨市,8,6,2025-03-03 07:10:16
1012312288YR5XYT44YKH,艮塔东路（苎萝东路-东二路）,诸暨市,142,121,2025-03-03 07:10:16
1012312288YR89HS7SKXT,东旺路（东旺路150弄-东二路）,诸暨市,18,4,2025-03-03 07:10:16
1012312288YRBLMRYOUTD,江东路（望江一路-望江二路）,诸暨市,18,7,2025-03-03 07:10:16
1012312288YR6SFUARGU9,东祥路19弄（东祥路-环城东路）,诸暨市,12,9,2025-03-03 07:10:16
1012312288YR68DOZJDVL,体育路（体育路二弄-红旗路）,诸暨市,12,9,2025-03-03 07:10:16
1012312288YR7V8S6IBCX,东一路88弄（东一路82弄-东一路）,诸暨市,27,23,2025-03-03 07:10:16
1019REU2R6D37Y9,城东公园地下停车场,诸暨市,601,336,2025-03-03 07:10:16
1019MAR69WRHHXD,西子公寓停车场,诸暨市,91,81,2025-03-03 07:10:16
1019B4Y82CZPJ41,诸暨浣东中路停车场,诸暨市,37,30,2025-03-03 07:10:16
1012312288YR3IHRSDDZ5,滨江南路（大桥东路-西施大街）,诸暨市,13,9,2025-03-03 07:10:16
1012312288YR9LAB60FEP,苎萝东路（东兴路-东安路）,诸暨市,45,44,2025-03-03 07:10:16
1019PDPET4GWE81,市民公园北面停车场,诸暨市,14,8,2025-03-03 07:10:16
1019JVX01UVMSCH,幸福家园停车场,诸暨市,72,7,2025-03-03 07:10:16
1019N4FJ7J6DUYP,篮球场停车场,诸暨市,182,36,2025-03-03 07:10:16
1012312288YRBWX8BW5Q9,望江二路（浣东北路-高湖路）,诸暨市,5,3,2025-03-03 07:10:16
1012312288YRBS7JO7FUP,望江二路（高湖路-江东路）,诸暨市,10,8,2025-03-03 07:10:16
1012312288YRBI4HZHCE9,江东路（西施大街-大桥东路）,诸暨市,6,5,2025-03-03 07:10:16
1012312288YRBA0HET81T,江东路（大桥东路-望江一路）,诸暨市,10,1,2025-03-03 07:10:16
1012312288YRB24CYLBLT,浣纱南路（苎萝路-南兴路）,诸暨市,19,6,2025-03-03 07:10:16
1012312268YDHM7XGW3Y9,艮塔东路（滨江北路-江东路),诸暨市,33,28,2025-03-03 07:10:15
1012312288YR61OZ7SOW1,浣纱中路（南屏路-西施大街）,诸暨市,14,8,2025-03-03 07:10:15
1012312288YR7K67XR8CH,望江一路（浣东北路-江东路）,诸暨市,14,2,2025-03-03 07:10:15
1012312288YR7N8PO2AYP,东一路68弄（东二路-东一路）,诸暨市,46,42,2025-03-03 07:10:15
1012312288YR7YF7Z1HXD,高湖路（望江二路-望江一路）,诸暨市,18,6,2025-03-03 07:10:15
1019Q6UK2GUCAV5,市民公园地下停车场,诸暨市,227,155,2025-03-03 07:10:15
1012312288YR79Z86T0XT,暨东路70弄（东一路-东旺路218弄）,诸暨市,32,27,2025-03-03 07:10:15
1012312288YR8GIC67LS1,东旺路218弄(东旺路206弄-融媒体中心）,诸暨市,22,11,2025-03-03 07:10:15
1019QKKS3RWOFEP,人防大厦停车场,诸暨市,48,48,2025-03-03 07:10:15
1019SEVYY7X0W75,十里牌停车场,诸暨市,69,66,2025-03-03 07:10:15
1012312288YR53DTVACCH,滨江南路（西施大街-滨江支路）,诸暨市,33,30,2025-03-03 07:10:15
1012312288YR825E2P88X,苎萝东路（东二环路-东福路),诸暨市,115,90,2025-03-03 07:10:15
10124013095GY8GDKUBY9,艮塔东路（高湖路-暨东路）,诸暨市,16,14,2025-03-03 07:10:15
1012312288YR9376YUBK1,东旺路（东旺路150弄-苎萝东路）,诸暨市,18,17,2025-03-03 07:10:15
1012312288YRAV3T06ARL,滨江中路（望江三路-望江二路）,诸暨市,30,22,2025-03-03 07:10:15
1012312288YR8ZSV1UX35,东旺路150弄（东二环路-东旺路）,诸暨市,88,60,2025-03-03 07:10:15
1012312288YR8IX5J60OX,东旺路218弄（东旺路-融媒体中心）,诸暨市,29,21,2025-03-03 07:10:15
1012312288YRBP13VO9A9,江东路（望江二路-望江三路）,诸暨市,13,9,2025-03-03 07:10:15
1012312288YR5B22720W1,大桥东路（江东路-五角广场）,诸暨市,58,46,2025-03-03 07:10:15
10124012093FZKG7Y8M4H,永昌南路（东一路-东二路）,诸暨市,63,49,2025-03-03 07:10:15
1012312288YR7CTTSNVNL,苎萝东路（环城东路-东兴路）,诸暨市,86,67,2025-03-03 07:10:15
10124013095HHCMD4CC1T,艮塔东路（交通银行）,诸暨市,35,34,2025-03-03 07:10:15
1019PDAS7RIP7GH,市民公园东北面停车场,诸暨市,27,15,2025-03-03 07:10:15
10124013095H4QPBO8UF5,东兴路50弄,诸暨市,7,7,2025-03-03 07:10:15
1012312288YRADOD6CUM9,南兴路（南庠路-人民南路）,诸暨市,25,25,2025-03-03 07:10:15
1012312288YR6IWIX5X4X,苎萝东路（东二环路-东旺路）,诸暨市,18,12,2025-03-03 07:10:15
1012312288YRAXUGJT1J5,浣纱北路（大桥路-艮塔路）,诸暨市,59,27,2025-03-03 07:10:15
1012312288YR7HFKE4HKX,西施大街（浣纱中路-人民中路）,诸暨市,28,10,2025-03-03 07:10:15
1012401199375YC6OSJ5T,东三路（东二环路-东旺路）,诸暨市,121,60,2025-03-03 07:10:15
1012405049OQ8ZNVP3U2P,苎萝东路（东二环路-东旺路）1,诸暨市,29,22,2025-03-03 07:10:15
1012312298YXIV34CFDVL,东一路82弄（东二路123弄-东二路）,诸暨市,6,5,2025-03-03 07:10:15
1012312288YR5UKH75K3L,艮塔东路（东二路-东一路),诸暨市,101,91,2025-03-03 07:10:15
1012312288YR5RTTNITC1,艮塔东路（江东路-高湖路）,诸暨市,39,29,2025-03-03 07:10:15
1012312288YRC518WKA2P,望江三路（江东路-滨江中路）,诸暨市,5,5,2025-03-03 07:10:15
1012312288YRBEU44Q1VL,滨江中路（艮塔东路-望江三路）,诸暨市,25,10,2025-03-03 07:10:15
1012312288YRAJXAP73SX,滨江中路（望江二路-大桥东路）,诸暨市,45,35,2025-03-03 07:10:15
1012312288YR6EYGP1YWX,万风新世界（暨阳路-上庄路）,诸暨市,20,13,2025-03-03 07:10:15
1012312288YRBZRTXR0G1,望江三路（高湖路-江东路）,诸暨市,15,11,2025-03-03 07:10:15
1012312288YRC2EJF5N9D,望江三路（浣东北路-高湖路）,诸暨市,11,5,2025-03-03 07:10:15
1012312288YR751NEO35T,东祥路（东二路-苎萝东路）,诸暨市,38,26,2025-03-03 07:10:15
1012312288YR57VMEIUBL,大桥东路（大桥东路9号-江东路）,诸暨市,34,29,2025-03-03 07:10:15
1012312268YD5WN09GPVL,八一横路（暨阳路-无名路）,诸暨市,46,3,2025-03-03 07:10:15
1012312298YXGS3Y2CBNL,东旺路188弄（东旺路-东二环路）,诸暨市,10,6,2025-03-03 07:10:15
1012312288YR9D2CJ4741,东二路（东祥路-环城东路）,诸暨市,25,19,2025-03-03 07:10:15
1012312298YXHTPH9LYPT,东二路123弄（东旺路188弄-东二路）,诸暨市,61,49,2025-03-03 07:10:15
1019NJ925VNVEV5,B3西面停车场,诸暨市,36,3,2025-03-03 07:10:15
1012312288YR64NIVVNK1,浣纱中路（西施大街-大桥东路）,诸暨市,23,11,2025-03-03 07:10:15
1012312288YR9ABOZHGCH,东二路（东旺路-东二环路）,诸暨市,47,20,2025-03-03 07:10:15
1012312288YR9PO5N0TFL,苎萝东路（环城东路-东旺路）,诸暨市,54,50,2025-03-03 07:10:14
1012312288YR8VUSTQYV5,东旺路182弄(康华大厦-东旺路),诸暨市,19,17,2025-03-03 07:10:14
1012312288YR5NVRFEV41,东安路(东二路-苎萝东路),诸暨市,6,5,2025-03-03 07:10:14
1012312288YR5F42HE329,红旗路（人民中路-浣纱中路）,诸暨市,16,6,2025-03-03 07:10:14
1019S5R3X1SOHS1,一百淘宝城停车场,诸暨市,105,40,2025-03-03 07:10:14
1012312288YR9HG704L4X,苎萝东路（东福路-东三环路）,诸暨市,107,107,2025-03-03 07:10:14
1012312288YR9VX35V2M9,苎萝东路（环城东路-东祥路）,诸暨市,17,12,2025-03-03 07:10:14
1012312288YR85VK6CYKH,和济路（东祥路-东旺路）,诸暨市,90,89,2025-03-03 07:10:14
1012312288YRB62F6P9TT,浣纱南路（南兴路-南屏路）,诸暨市,60,29,2025-03-03 07:10:14
1012312288YRBWX8BW5Q9,望江二路（浣东北路-高湖路）,诸暨市,5,3,2025-03-03 07:00:17
1019N4FJ7J6DUYP,篮球场停车场,诸暨市,182,35,2025-03-03 07:00:17
1012312288YR3EFRI1BSX,滨江南路（滨江支路-浣东中路）,诸暨市,64,59,2025-03-03 07:00:17
1012312288YRBA0HET81T,江东路（大桥东路-望江一路）,诸暨市,10,1,2025-03-03 07:00:17
1012312298YXIJSNZ82YP,东二路129弄（东一路88弄-东二路123弄）,诸暨市,10,10,2025-03-03 07:00:17
1012312288YR5JPT2UOZL,东兴路（苎萝东路-东二路）,诸暨市,62,47,2025-03-03 07:00:17
1012312288YR3MBVY988X,东兴北路（江东路-福门路）,诸暨市,19,13,2025-03-03 07:00:17
1019REU2R6D37Y9,城东公园地下停车场,诸暨市,601,336,2025-03-03 07:00:17
1012312288YR5B22720W1,大桥东路（江东路-五角广场）,诸暨市,58,47,2025-03-03 07:00:16
1012312288YR5UKH75K3L,艮塔东路（东二路-东一路),诸暨市,101,91,2025-03-03 07:00:16
1012312288YR7V8S6IBCX,东一路88弄（东一路82弄-东一路）,诸暨市,27,23,2025-03-03 07:00:16
1012312288YR9376YUBK1,东旺路（东旺路150弄-苎萝东路）,诸暨市,18,17,2025-03-03 07:00:16
1012312288YR3IHRSDDZ5,滨江南路（大桥东路-西施大街）,诸暨市,13,11,2025-03-03 07:00:16
1012312288YRAV3T06ARL,滨江中路（望江三路-望江二路）,诸暨市,30,22,2025-03-03 07:00:16
1012312268YDHM7XGW3Y9,艮塔东路（滨江北路-江东路),诸暨市,33,28,2025-03-03 07:00:16
1012312288YR6C3V37475,体育路（体育路-大桥东路）,诸暨市,8,6,2025-03-03 07:00:16
1012405079PB3TJY248W1,东三路（应山公园-东旺路）,诸暨市,44,44,2025-03-03 07:00:16
1012312288YRBI4HZHCE9,江东路（西施大街-大桥东路）,诸暨市,6,6,2025-03-03 07:00:16
1012312288YR6SFUARGU9,东祥路19弄（东祥路-环城东路）,诸暨市,12,9,2025-03-03 07:00:16
1012312288YRBS7JO7FUP,望江二路（高湖路-江东路）,诸暨市,10,9,2025-03-03 07:00:16
1012312288YR53DTVACCH,滨江南路（西施大街-滨江支路）,诸暨市,33,31,2025-03-03 07:00:16
1012312288YRAXUGJT1J5,浣纱北路（大桥路-艮塔路）,诸暨市,59,27,2025-03-03 07:00:16
1012312288YR8ZSV1UX35,东旺路150弄（东二环路-东旺路）,诸暨市,88,61,2025-03-03 07:00:16
1019PDPET4GWE81,市民公园北面停车场,诸暨市,14,8,2025-03-03 07:00:16
1012312288YR7HFKE4HKX,西施大街（浣纱中路-人民中路）,诸暨市,28,9,2025-03-03 07:00:16
1012312298YXIV34CFDVL,东一路82弄（东二路123弄-东二路）,诸暨市,6,5,2025-03-03 07:00:16
1012312288YRBZRTXR0G1,望江三路（高湖路-江东路）,诸暨市,15,10,2025-03-03 07:00:16
1012312288YR89HS7SKXT,东旺路（东旺路150弄-东二路）,诸暨市,18,4,2025-03-03 07:00:16
1012312288YR6IWIX5X4X,苎萝东路（东二环路-东旺路）,诸暨市,18,12,2025-03-03 07:00:16
1012312288YRB24CYLBLT,浣纱南路（苎萝路-南兴路）,诸暨市,19,8,2025-03-03 07:00:16
1012312288YR9ABOZHGCH,东二路（东旺路-东二环路）,诸暨市,47,20,2025-03-03 07:00:16
1012312268YD5WN09GPVL,八一横路（暨阳路-无名路）,诸暨市,46,8,2025-03-03 07:00:16
1012312288YR5XYT44YKH,艮塔东路（苎萝东路-东二路）,诸暨市,142,122,2025-03-03 07:00:16
1012312288YR6EYGP1YWX,万风新世界（暨阳路-上庄路）,诸暨市,20,14,2025-03-03 07:00:16
1012312288YR68DOZJDVL,体育路（体育路二弄-红旗路）,诸暨市,12,8,2025-03-03 07:00:16
1012312298YXGS3Y2CBNL,东旺路188弄（东旺路-东二环路）,诸暨市,10,5,2025-03-03 07:00:16
1012312288YRADOD6CUM9,南兴路（南庠路-人民南路）,诸暨市,25,25,2025-03-03 07:00:16
1012312288YR9LAB60FEP,苎萝东路（东兴路-东安路）,诸暨市,45,44,2025-03-03 07:00:16
1019B4Y82CZPJ41,诸暨浣东中路停车场,诸暨市,37,30,2025-03-03 07:00:16
1019SEVYY7X0W75,十里牌停车场,诸暨市,69,69,2025-03-03 07:00:16
1019MAR69WRHHXD,西子公寓停车场,诸暨市,91,82,2025-03-03 07:00:16
1012312288YR8GIC67LS1,东旺路218弄(东旺路206弄-融媒体中心）,诸暨市,22,12,2025-03-03 07:00:16
1012312288YRBLMRYOUTD,江东路（望江一路-望江二路）,诸暨市,18,7,2025-03-03 07:00:16
1012312288YRAJXAP73SX,滨江中路（望江二路-大桥东路）,诸暨市,45,36,2025-03-03 07:00:16
10124013095H4QPBO8UF5,东兴路50弄,诸暨市,7,7,2025-03-03 07:00:16
1012312288YR61OZ7SOW1,浣纱中路（南屏路-西施大街）,诸暨市,14,8,2025-03-03 07:00:16
1012312288YR9D2CJ4741,东二路（东祥路-环城东路）,诸暨市,25,19,2025-03-03 07:00:16
1012312288YR8IX5J60OX,东旺路218弄（东旺路-融媒体中心）,诸暨市,29,22,2025-03-03 07:00:16
1012312288YRC2EJF5N9D,望江三路（浣东北路-高湖路）,诸暨市,11,5,2025-03-03 07:00:16
1019JVX01UVMSCH,幸福家园停车场,诸暨市,72,10,2025-03-03 07:00:16
10124013095HHCMD4CC1T,艮塔东路（交通银行）,诸暨市,35,34,2025-03-03 07:00:16
1019PRTQD59LIWX,永乐路停车场,诸暨市,91,55,2025-03-03 07:00:16
1019PDAS7RIP7GH,市民公园东北面停车场,诸暨市,27,15,2025-03-03 07:00:16
1012312288YR57VMEIUBL,大桥东路（大桥东路9号-江东路）,诸暨市,34,29,2025-03-03 07:00:16
1012312288YR5RTTNITC1,艮塔东路（江东路-高湖路）,诸暨市,39,29,2025-03-03 07:00:15
1019NJ925VNVEV5,B3西面停车场,诸暨市,36,3,2025-03-03 07:00:15
1012312288YR8VUSTQYV5,东旺路182弄(康华大厦-东旺路),诸暨市,19,16,2025-03-03 07:00:15
1012312288YR7CTTSNVNL,苎萝东路（环城东路-东兴路）,诸暨市,86,65,2025-03-03 07:00:15
1012312288YR5NVRFEV41,东安路(东二路-苎萝东路),诸暨市,6,4,2025-03-03 07:00:15
1012312298YXHTPH9LYPT,东二路123弄（东旺路188弄-东二路）,诸暨市,61,49,2025-03-03 07:00:15
1012312288YR7K67XR8CH,望江一路（浣东北路-江东路）,诸暨市,14,7,2025-03-03 07:00:15
1019Q6UK2GUCAV5,市民公园地下停车场,诸暨市,227,157,2025-03-03 07:00:15
10124012093FZKG7Y8M4H,永昌南路（东一路-东二路）,诸暨市,63,49,2025-03-03 07:00:15
1012312288YR79Z86T0XT,暨东路70弄（东一路-东旺路218弄）,诸暨市,32,28,2025-03-03 07:00:15
1012312288YR85VK6CYKH,和济路（东祥路-东旺路）,诸暨市,90,89,2025-03-03 07:00:15
1012312288YR7N8PO2AYP,东一路68弄（东二路-东一路）,诸暨市,46,42,2025-03-03 07:00:15
1012312288YR825E2P88X,苎萝东路（东二环路-东福路),诸暨市,115,92,2025-03-03 07:00:15
1012312288YRBEU44Q1VL,滨江中路（艮塔东路-望江三路）,诸暨市,25,11,2025-03-03 07:00:15
1012312288YR751NEO35T,东祥路（东二路-苎萝东路）,诸暨市,38,28,2025-03-03 07:00:15
1012312288YR64NIVVNK1,浣纱中路（西施大街-大桥东路）,诸暨市,23,13,2025-03-03 07:00:15
1012312288YRBP13VO9A9,江东路（望江二路-望江三路）,诸暨市,13,9,2025-03-03 07:00:15
1019QKKS3RWOFEP,人防大厦停车场,诸暨市,48,48,2025-03-03 07:00:15
1012312288YR9PO5N0TFL,苎萝东路（环城东路-东旺路）,诸暨市,54,50,2025-03-03 07:00:15
10124013095GY8GDKUBY9,艮塔东路（高湖路-暨东路）,诸暨市,16,13,2025-03-03 07:00:15
1012312288YR9VX35V2M9,苎萝东路（环城东路-东祥路）,诸暨市,17,12,2025-03-03 07:00:15
1012312288YR7YF7Z1HXD,高湖路（望江二路-望江一路）,诸暨市,18,8,2025-03-03 07:00:15
1012312288YR9HG704L4X,苎萝东路（东福路-东三环路）,诸暨市,107,107,2025-03-03 07:00:15
1012401199375YC6OSJ5T,东三路（东二环路-东旺路）,诸暨市,121,58,2025-03-03 07:00:15
1019S5R3X1SOHS1,一百淘宝城停车场,诸暨市,105,40,2025-03-03 07:00:15
1012405049OQ8ZNVP3U2P,苎萝东路（东二环路-东旺路）1,诸暨市,29,22,2025-03-03 07:00:15
1012312288YRC518WKA2P,望江三路（江东路-滨江中路）,诸暨市,5,5,2025-03-03 07:00:15
1012312288YR5F42HE329,红旗路（人民中路-浣纱中路）,诸暨市,16,6,2025-03-03 07:00:15
1012312288YRB62F6P9TT,浣纱南路（南兴路-南屏路）,诸暨市,60,30,2025-03-03 07:00:15
1012312288YRBWX8BW5Q9,望江二路（浣东北路-高湖路）,诸暨市,5,3,2025-03-03 06:50:17
1012312288YR3EFRI1BSX,滨江南路（滨江支路-浣东中路）,诸暨市,64,59,2025-03-03 06:50:17
1019N4FJ7J6DUYP,篮球场停车场,诸暨市,182,35,2025-03-03 06:50:17
1012312288YR5JPT2UOZL,东兴路（苎萝东路-东二路）,诸暨市,62,49,2025-03-03 06:50:17
1019REU2R6D37Y9,城东公园地下停车场,诸暨市,601,337,2025-03-03 06:50:17
1012312298YXIJSNZ82YP,东二路129弄（东一路88弄-东二路123弄）,诸暨市,10,10,2025-03-03 06:50:17
1012312288YRBA0HET81T,江东路（大桥东路-望江一路）,诸暨市,10,1,2025-03-03 06:50:17
1012312288YR5UKH75K3L,艮塔东路（东二路-东一路),诸暨市,101,91,2025-03-03 06:50:16
1012312288YRBEU44Q1VL,滨江中路（艮塔东路-望江三路）,诸暨市,25,11,2025-03-03 06:50:16
1012312288YR68DOZJDVL,体育路（体育路二弄-红旗路）,诸暨市,12,8,2025-03-03 06:50:16
1012312298YXGS3Y2CBNL,东旺路188弄（东旺路-东二环路）,诸暨市,10,5,2025-03-03 06:50:16
1019B4Y82CZPJ41,诸暨浣东中路停车场,诸暨市,37,30,2025-03-03 06:50:16
1012312288YRB24CYLBLT,浣纱南路（苎萝路-南兴路）,诸暨市,19,10,2025-03-03 06:50:16
1012312298YXIV34CFDVL,东一路82弄（东二路123弄-东二路）,诸暨市,6,5,2025-03-03 06:50:16
1012312288YR6IWIX5X4X,苎萝东路（东二环路-东旺路）,诸暨市,18,12,2025-03-03 06:50:16
1019PDPET4GWE81,市民公园北面停车场,诸暨市,14,8,2025-03-03 06:50:16
1019JVX01UVMSCH,幸福家园停车场,诸暨市,72,10,2025-03-03 06:50:16
1012312288YR5XYT44YKH,艮塔东路（苎萝东路-东二路）,诸暨市,142,122,2025-03-03 06:50:16
1012312288YRAXUGJT1J5,浣纱北路（大桥路-艮塔路）,诸暨市,59,27,2025-03-03 06:50:16
1012312288YR9LAB60FEP,苎萝东路（东兴路-东安路）,诸暨市,45,43,2025-03-03 06:50:16
1019MAR69WRHHXD,西子公寓停车场,诸暨市,91,82,2025-03-03 06:50:16
1012312288YR9ABOZHGCH,东二路（东旺路-东二环路）,诸暨市,47,17,2025-03-03 06:50:16
1012312288YR7V8S6IBCX,东一路88弄（东一路82弄-东一路）,诸暨市,27,23,2025-03-03 06:50:16
1012312288YR6SFUARGU9,东祥路19弄（东祥路-环城东路）,诸暨市,12,9,2025-03-03 06:50:16
1012312288YR7HFKE4HKX,西施大街（浣纱中路-人民中路）,诸暨市,28,12,2025-03-03 06:50:16
1012312288YR3IHRSDDZ5,滨江南路（大桥东路-西施大街）,诸暨市,13,11,2025-03-03 06:50:16
1012312268YD5WN09GPVL,八一横路（暨阳路-无名路）,诸暨市,46,9,2025-03-03 06:50:16
1012312288YRBZRTXR0G1,望江三路（高湖路-江东路）,诸暨市,15,10,2025-03-03 06:50:16
1012405079PB3TJY248W1,东三路（应山公园-东旺路）,诸暨市,44,44,2025-03-03 06:50:16
1012312288YR6C3V37475,体育路（体育路-大桥东路）,诸暨市,8,6,2025-03-03 06:50:16
1012312288YRBS7JO7FUP,望江二路（高湖路-江东路）,诸暨市,10,9,2025-03-03 06:50:16
1012312288YRBLMRYOUTD,江东路（望江一路-望江二路）,诸暨市,18,6,2025-03-03 06:50:16
1012312288YR8ZSV1UX35,东旺路150弄（东二环路-东旺路）,诸暨市,88,61,2025-03-03 06:50:16
1012312288YR61OZ7SOW1,浣纱中路（南屏路-西施大街）,诸暨市,14,8,2025-03-03 06:50:16
1012312288YR3MBVY988X,东兴北路（江东路-福门路）,诸暨市,19,14,2025-03-03 06:50:16
10124013095H4QPBO8UF5,东兴路50弄,诸暨市,7,7,2025-03-03 06:50:16
1019PRTQD59LIWX,永乐路停车场,诸暨市,91,55,2025-03-03 06:50:16
1012312288YR57VMEIUBL,大桥东路（大桥东路9号-江东路）,诸暨市,34,29,2025-03-03 06:50:16
1012312288YR8IX5J60OX,东旺路218弄（东旺路-融媒体中心）,诸暨市,29,24,2025-03-03 06:50:16
1012312288YR89HS7SKXT,东旺路（东旺路150弄-东二路）,诸暨市,18,3,2025-03-03 06:50:16
1012312288YRC2EJF5N9D,望江三路（浣东北路-高湖路）,诸暨市,11,5,2025-03-03 06:50:16
1012312288YR5B22720W1,大桥东路（江东路-五角广场）,诸暨市,58,46,2025-03-03 06:50:16
1019SEVYY7X0W75,十里牌停车场,诸暨市,69,69,2025-03-03 06:50:16
1012312288YR6EYGP1YWX,万风新世界（暨阳路-上庄路）,诸暨市,20,14,2025-03-03 06:50:16
1012312268YDHM7XGW3Y9,艮塔东路（滨江北路-江东路),诸暨市,33,27,2025-03-03 06:50:16
1012312288YR53DTVACCH,滨江南路（西施大街-滨江支路）,诸暨市,33,32,2025-03-03 06:50:16
10124013095HHCMD4CC1T,艮塔东路（交通银行）,诸暨市,35,34,2025-03-03 06:50:16
1012312288YRBI4HZHCE9,江东路（西施大街-大桥东路）,诸暨市,6,5,2025-03-03 06:50:16
1012312288YR8GIC67LS1,东旺路218弄(东旺路206弄-融媒体中心）,诸暨市,22,12,2025-03-03 06:50:16
1012312288YR7CTTSNVNL,苎萝东路（环城东路-东兴路）,诸暨市,86,65,2025-03-03 06:50:16
1012312288YRAJXAP73SX,滨江中路（望江二路-大桥东路）,诸暨市,45,39,2025-03-03 06:50:16
1012312288YR9D2CJ4741,东二路（东祥路-环城东路）,诸暨市,25,19,2025-03-03 06:50:16
1012312288YRAV3T06ARL,滨江中路（望江三路-望江二路）,诸暨市,30,22,2025-03-03 06:50:16
1012312288YRADOD6CUM9,南兴路（南庠路-人民南路）,诸暨市,25,25,2025-03-03 06:50:16
1012312288YR9376YUBK1,东旺路（东旺路150弄-苎萝东路）,诸暨市,18,16,2025-03-03 06:50:16
1019PDAS7RIP7GH,市民公园东北面停车场,诸暨市,27,15,2025-03-03 06:50:16
1012312288YR5RTTNITC1,艮塔东路（江东路-高湖路）,诸暨市,39,29,2025-03-03 06:50:15
1012312288YR9HG704L4X,苎萝东路（东福路-东三环路）,诸暨市,107,107,2025-03-03 06:50:15
1012312288YR8VUSTQYV5,东旺路182弄(康华大厦-东旺路),诸暨市,19,17,2025-03-03 06:50:15
1012312298YXHTPH9LYPT,东二路123弄（东旺路188弄-东二路）,诸暨市,61,50,2025-03-03 06:50:15
1012401199375YC6OSJ5T,东三路（东二环路-东旺路）,诸暨市,121,58,2025-03-03 06:50:15
1012312288YRBP13VO9A9,江东路（望江二路-望江三路）,诸暨市,13,9,2025-03-03 06:50:15
10124012093FZKG7Y8M4H,永昌南路（东一路-东二路）,诸暨市,63,45,2025-03-03 06:50:15
1012312288YRB62F6P9TT,浣纱南路（南兴路-南屏路）,诸暨市,60,32,2025-03-03 06:50:15
1012312288YRC518WKA2P,望江三路（江东路-滨江中路）,诸暨市,5,5,2025-03-03 06:50:15
1012312288YR5NVRFEV41,东安路(东二路-苎萝东路),诸暨市,6,3,2025-03-03 06:50:15
1012312288YR7K67XR8CH,望江一路（浣东北路-江东路）,诸暨市,14,7,2025-03-03 06:50:15
1012312288YR751NEO35T,东祥路（东二路-苎萝东路）,诸暨市,38,29,2025-03-03 06:50:15
1012312288YR7N8PO2AYP,东一路68弄（东二路-东一路）,诸暨市,46,42,2025-03-03 06:50:15
1019S5R3X1SOHS1,一百淘宝城停车场,诸暨市,105,40,2025-03-03 06:50:15
1012312288YR825E2P88X,苎萝东路（东二环路-东福路),诸暨市,115,92,2025-03-03 06:50:15
1012312288YR64NIVVNK1,浣纱中路（西施大街-大桥东路）,诸暨市,23,14,2025-03-03 06:50:15
1012312288YR7YF7Z1HXD,高湖路（望江二路-望江一路）,诸暨市,18,8,2025-03-03 06:50:15
1019Q6UK2GUCAV5,市民公园地下停车场,诸暨市,227,159,2025-03-03 06:50:15
1019NJ925VNVEV5,B3西面停车场,诸暨市,36,3,2025-03-03 06:50:15
10124013095GY8GDKUBY9,艮塔东路（高湖路-暨东路）,诸暨市,16,14,2025-03-03 06:50:15
1012405049OQ8ZNVP3U2P,苎萝东路（东二环路-东旺路）1,诸暨市,29,22,2025-03-03 06:50:15
1019QKKS3RWOFEP,人防大厦停车场,诸暨市,48,48,2025-03-03 06:50:15
1012312288YR79Z86T0XT,暨东路70弄（东一路-东旺路218弄）,诸暨市,32,30,2025-03-03 06:50:15
1012312288YR9PO5N0TFL,苎萝东路（环城东路-东旺路）,诸暨市,54,51,2025-03-03 06:50:15
1012312288YR5F42HE329,红旗路（人民中路-浣纱中路）,诸暨市,16,6,2025-03-03 06:50:15
1012312288YR9VX35V2M9,苎萝东路（环城东路-东祥路）,诸暨市,17,12,2025-03-03 06:50:15
1012312288YR85VK6CYKH,和济路（东祥路-东旺路）,诸暨市,90,89,2025-03-03 06:50:15
1012312288YR3EFRI1BSX,滨江南路（滨江支路-浣东中路）,诸暨市,64,58,2025-03-03 06:40:17
1012312288YR5XYT44YKH,艮塔东路（苎萝东路-东二路）,诸暨市,142,119,2025-03-03 06:40:17
1012312288YRBLMRYOUTD,江东路（望江一路-望江二路）,诸暨市,18,6,2025-03-03 06:40:17
1012312298YXIJSNZ82YP,东二路129弄（东一路88弄-东二路123弄）,诸暨市,10,10,2025-03-03 06:40:17
1012312288YRBWX8BW5Q9,望江二路（浣东北路-高湖路）,诸暨市,5,3,2025-03-03 06:40:17
1012312288YRBS7JO7FUP,望江二路（高湖路-江东路）,诸暨市,10,9,2025-03-03 06:40:17
1012312288YR5JPT2UOZL,东兴路（苎萝东路-东二路）,诸暨市,62,49,2025-03-03 06:40:17
1019N4FJ7J6DUYP,篮球场停车场,诸暨市,182,37,2025-03-03 06:40:17
1012312288YR3MBVY988X,东兴北路（江东路-福门路）,诸暨市,19,14,2025-03-03 06:40:17
1019REU2R6D37Y9,城东公园地下停车场,诸暨市,601,337,2025-03-03 06:40:17
1012312288YRBA0HET81T,江东路（大桥东路-望江一路）,诸暨市,10,1,2025-03-03 06:40:17
1012312288YR3IHRSDDZ5,滨江南路（大桥东路-西施大街）,诸暨市,13,11,2025-03-03 06:40:17
1012312288YRB24CYLBLT,浣纱南路（苎萝路-南兴路）,诸暨市,19,10,2025-03-03 06:40:17
1012312288YR7HFKE4HKX,西施大街（浣纱中路-人民中路）,诸暨市,28,13,2025-03-03 06:40:16
1012312288YR53DTVACCH,滨江南路（西施大街-滨江支路）,诸暨市,33,32,2025-03-03 06:40:16
1012312288YR5UKH75K3L,艮塔东路（东二路-东一路),诸暨市,101,91,2025-03-03 06:40:16
1012312288YR68DOZJDVL,体育路（体育路二弄-红旗路）,诸暨市,12,8,2025-03-03 06:40:16
1012312288YR6IWIX5X4X,苎萝东路（东二环路-东旺路）,诸暨市,18,12,2025-03-03 06:40:16
1019MAR69WRHHXD,西子公寓停车场,诸暨市,91,82,2025-03-03 06:40:16
1012312298YXIV34CFDVL,东一路82弄（东二路123弄-东二路）,诸暨市,6,5,2025-03-03 06:40:16
1019JVX01UVMSCH,幸福家园停车场,诸暨市,72,10,2025-03-03 06:40:16
1012312288YRAJXAP73SX,滨江中路（望江二路-大桥东路）,诸暨市,45,39,2025-03-03 06:40:16
1012312288YR5B22720W1,大桥东路（江东路-五角广场）,诸暨市,58,46,2025-03-03 06:40:16
1012312288YR8GIC67LS1,东旺路218弄(东旺路206弄-融媒体中心）,诸暨市,22,12,2025-03-03 06:40:16
1019SEVYY7X0W75,十里牌停车场,诸暨市,69,69,2025-03-03 06:40:16
1012312288YR9ABOZHGCH,东二路（东旺路-东二环路）,诸暨市,47,17,2025-03-03 06:40:16
1012405079PB3TJY248W1,东三路（应山公园-东旺路）,诸暨市,44,44,2025-03-03 06:40:16
1012312288YRAXUGJT1J5,浣纱北路（大桥路-艮塔路）,诸暨市,59,25,2025-03-03 06:40:16
1012312288YR6EYGP1YWX,万风新世界（暨阳路-上庄路）,诸暨市,20,14,2025-03-03 06:40:16
1012312288YR8IX5J60OX,东旺路218弄（东旺路-融媒体中心）,诸暨市,29,24,2025-03-03 06:40:16
1012312288YR6SFUARGU9,东祥路19弄（东祥路-环城东路）,诸暨市,12,9,2025-03-03 06:40:16
1019PDAS7RIP7GH,市民公园东北面停车场,诸暨市,27,15,2025-03-03 06:40:16
1012312288YR61OZ7SOW1,浣纱中路（南屏路-西施大街）,诸暨市,14,8,2025-03-03 06:40:16
1012312288YR8ZSV1UX35,东旺路150弄（东二环路-东旺路）,诸暨市,88,60,2025-03-03 06:40:16
1012312268YD5WN09GPVL,八一横路（暨阳路-无名路）,诸暨市,46,8,2025-03-03 06:40:16
1012312288YRBEU44Q1VL,滨江中路（艮塔东路-望江三路）,诸暨市,25,9,2025-03-03 06:40:16
1019PDPET4GWE81,市民公园北面停车场,诸暨市,14,8,2025-03-03 06:40:16
1012312268YDHM7XGW3Y9,艮塔东路（滨江北路-江东路),诸暨市,33,28,2025-03-03 06:40:16
1012312288YR7CTTSNVNL,苎萝东路（环城东路-东兴路）,诸暨市,86,62,2025-03-03 06:40:16
1012312288YRADOD6CUM9,南兴路（南庠路-人民南路）,诸暨市,25,25,2025-03-03 06:40:16
1012312288YR89HS7SKXT,东旺路（东旺路150弄-东二路）,诸暨市,18,3,2025-03-03 06:40:16
1019PRTQD59LIWX,永乐路停车场,诸暨市,91,55,2025-03-03 06:40:16
1012312288YR7V8S6IBCX,东一路88弄（东一路82弄-东一路）,诸暨市,27,23,2025-03-03 06:40:16
1012312288YR9376YUBK1,东旺路（东旺路150弄-苎萝东路）,诸暨市,18,17,2025-03-03 06:40:16
1012312288YR6C3V37475,体育路（体育路-大桥东路）,诸暨市,8,6,2025-03-03 06:40:16
1012312288YRBI4HZHCE9,江东路（西施大街-大桥东路）,诸暨市,6,5,2025-03-03 06:40:16
