TCCBH,SZQX,BWZS,SYBW,FBSJ
SF00120,越城区,220,201,2025-03-04 03:10:00
SF00107,越城区,200,94,2025-03-04 03:10:00
SF000903,越城区,470,427,2025-03-04 03:10:00
HK00013,越城区,212,1,2025-03-04 03:10:00
SF00104,越城区,50,39,2025-03-04 03:10:00
HK00001,越城区,138,109,2025-03-04 03:10:00
SF001041,越城区,90,84,2025-03-04 03:10:00
SF000901,越城区,500,442,2025-03-04 03:10:00
SF000902,越城区,300,271,2025-03-04 03:10:00
SF00119,越城区,50,42,2025-03-04 03:10:00
HK00020,越城区,1800,188,2025-03-04 03:10:00
HK00009,越城区,467,33,2025-03-04 03:10:00
SF00118,越城区,100,78,2025-03-04 03:10:00
HK00010,越城区,170,13,2025-03-04 03:10:00
HK00021,越城区,150,105,2025-03-04 03:10:00
SF000901,越城区,500,441,2025-03-04 03:00:00
SF00104,越城区,50,40,2025-03-04 03:00:00
HK00013,越城区,212,1,2025-03-04 03:00:00
SF001041,越城区,90,84,2025-03-04 03:00:00
HK00021,越城区,150,105,2025-03-04 03:00:00
SF00119,越城区,50,40,2025-03-04 03:00:00
HK00009,越城区,467,33,2025-03-04 03:00:00
HK00001,越城区,138,111,2025-03-04 03:00:00
HK00010,越城区,170,13,2025-03-04 03:00:00
SF00120,越城区,220,203,2025-03-04 03:00:00
SF00118,越城区,100,80,2025-03-04 03:00:00
SF000903,越城区,470,427,2025-03-04 03:00:00
SF00107,越城区,200,92,2025-03-04 03:00:00
SF000902,越城区,300,271,2025-03-04 03:00:00
HK00020,越城区,1800,188,2025-03-04 03:00:00
SF00119,越城区,50,43,2025-03-04 02:50:00
SF001041,越城区,90,84,2025-03-04 02:50:00
HK00010,越城区,170,13,2025-03-04 02:50:00
HK00020,越城区,1800,188,2025-03-04 02:50:00
SF00104,越城区,50,39,2025-03-04 02:50:00
HK00021,越城区,150,105,2025-03-04 02:50:00
SF000903,越城区,470,427,2025-03-04 02:50:00
HK00009,越城区,467,33,2025-03-04 02:50:00
HK00001,越城区,138,108,2025-03-04 02:50:00
SF000902,越城区,300,271,2025-03-04 02:50:00
SF00107,越城区,200,92,2025-03-04 02:50:00
SF00118,越城区,100,79,2025-03-04 02:50:00
SF00120,越城区,220,203,2025-03-04 02:50:00
HK00013,越城区,212,1,2025-03-04 02:50:00
SF000901,越城区,500,436,2025-03-04 02:50:00
HK00010,越城区,170,13,2025-03-04 02:40:00
SF001041,越城区,90,84,2025-03-04 02:40:00
SF000903,越城区,470,427,2025-03-04 02:40:00
SF000902,越城区,300,271,2025-03-04 02:40:00
SF00118,越城区,100,82,2025-03-04 02:40:00
HK00021,越城区,150,105,2025-03-04 02:40:00
SF00104,越城区,50,41,2025-03-04 02:40:00
SF00119,越城区,50,39,2025-03-04 02:40:00
HK00001,越城区,138,112,2025-03-04 02:40:00
HK00020,越城区,1800,188,2025-03-04 02:40:00
SF000901,越城区,500,435,2025-03-04 02:40:00
SF00120,越城区,220,203,2025-03-04 02:40:00
HK00009,越城区,467,33,2025-03-04 02:40:00
HK00013,越城区,212,1,2025-03-04 02:40:00
SF00107,越城区,200,92,2025-03-04 02:40:00
HK00009,越城区,467,33,2025-03-04 02:30:00
SF00119,越城区,50,39,2025-03-04 02:30:00
HK00001,越城区,138,108,2025-03-04 02:30:00
SF000902,越城区,300,273,2025-03-04 02:30:00
HK00021,越城区,150,105,2025-03-04 02:30:00
SF000903,越城区,470,426,2025-03-04 02:30:00
SF001041,越城区,90,84,2025-03-04 02:30:00
SF00104,越城区,50,38,2025-03-04 02:30:00
SF00118,越城区,100,80,2025-03-04 02:30:00
SF00120,越城区,220,203,2025-03-04 02:30:00
HK00020,越城区,1800,188,2025-03-04 02:30:00
SF000901,越城区,500,428,2025-03-04 02:30:00
HK00010,越城区,170,13,2025-03-04 02:30:00
SF00107,越城区,200,92,2025-03-04 02:30:00
HK00013,越城区,212,1,2025-03-04 02:30:00
SF000901,越城区,500,423,2025-03-04 02:20:00
SF00118,越城区,100,79,2025-03-04 02:20:00
HK00021,越城区,150,105,2025-03-04 02:20:00
HK00001,越城区,138,111,2025-03-04 02:20:00
HK00010,越城区,170,13,2025-03-04 02:20:00
SF000903,越城区,470,426,2025-03-04 02:20:00
SF00104,越城区,50,39,2025-03-04 02:20:00
SF000902,越城区,300,272,2025-03-04 02:20:00
HK00013,越城区,212,1,2025-03-04 02:20:00
SF001041,越城区,90,84,2025-03-04 02:20:00
HK00020,越城区,1800,188,2025-03-04 02:20:00
SF00120,越城区,220,203,2025-03-04 02:20:00
SF00119,越城区,50,37,2025-03-04 02:20:00
HK00009,越城区,467,33,2025-03-04 02:20:00
SF00107,越城区,200,92,2025-03-04 02:20:00
SF00107,越城区,200,92,2025-03-04 02:10:00
HK00013,越城区,212,1,2025-03-04 02:10:00
HK00009,越城区,467,33,2025-03-04 02:10:00
SF001041,越城区,90,84,2025-03-04 02:10:00
SF00104,越城区,50,40,2025-03-04 02:10:00
HK00021,越城区,150,105,2025-03-04 02:10:00
SF000901,越城区,500,422,2025-03-04 02:10:00
HK00001,越城区,138,110,2025-03-04 02:10:00
HK00020,越城区,1800,188,2025-03-04 02:10:00
SF00119,越城区,50,37,2025-03-04 02:10:00
SF000902,越城区,300,272,2025-03-04 02:10:00
SF00118,越城区,100,78,2025-03-04 02:10:00
SF000903,越城区,470,426,2025-03-04 02:10:00
SF00120,越城区,220,203,2025-03-04 02:10:00
HK00010,越城区,170,13,2025-03-04 02:10:00
HK00009,越城区,467,33,2025-03-04 02:00:00
SF000902,越城区,300,272,2025-03-04 02:00:00
SF00118,越城区,100,79,2025-03-04 02:00:00
SF00120,越城区,220,201,2025-03-04 02:00:00
SF000903,越城区,470,425,2025-03-04 02:00:00
SF00104,越城区,50,39,2025-03-04 02:00:00
SF001041,越城区,90,84,2025-03-04 02:00:00
SF00107,越城区,200,90,2025-03-04 02:00:00
HK00013,越城区,212,1,2025-03-04 02:00:00
SF000901,越城区,500,407,2025-03-04 02:00:00
SF00119,越城区,50,39,2025-03-04 02:00:00
HK00021,越城区,150,105,2025-03-04 02:00:00
HK00010,越城区,170,13,2025-03-04 02:00:00
HK00020,越城区,1800,188,2025-03-04 02:00:00
HK00001,越城区,138,111,2025-03-04 02:00:00
HK00009,越城区,467,33,2025-03-04 01:50:00
HK00010,越城区,170,13,2025-03-04 01:50:00
SF00118,越城区,100,82,2025-03-04 01:50:00
HK00021,越城区,150,105,2025-03-04 01:50:00
HK00020,越城区,1800,188,2025-03-04 01:50:00
SF000902,越城区,300,272,2025-03-04 01:50:00
SF001041,越城区,90,84,2025-03-04 01:50:00
HK00013,越城区,212,1,2025-03-04 01:50:00
SF00104,越城区,50,38,2025-03-04 01:50:00
SF000901,越城区,500,401,2025-03-04 01:50:00
SF00107,越城区,200,90,2025-03-04 01:50:00
SF00120,越城区,220,201,2025-03-04 01:50:00
HK00001,越城区,138,110,2025-03-04 01:50:00
SF00119,越城区,50,38,2025-03-04 01:50:00
SF000903,越城区,470,428,2025-03-04 01:50:00
SF000901,越城区,500,399,2025-03-04 01:40:00
HK00020,越城区,1800,188,2025-03-04 01:40:00
SF00104,越城区,50,39,2025-03-04 01:40:00
HK00021,越城区,150,105,2025-03-04 01:40:00
HK00001,越城区,138,112,2025-03-04 01:40:00
SF000902,越城区,300,273,2025-03-04 01:40:00
HK00009,越城区,467,33,2025-03-04 01:40:00
SF000903,越城区,470,424,2025-03-04 01:40:00
SF00107,越城区,200,90,2025-03-04 01:40:00
SF00119,越城区,50,39,2025-03-04 01:40:00
HK00010,越城区,170,13,2025-03-04 01:40:00
HK00013,越城区,212,1,2025-03-04 01:40:00
SF001041,越城区,90,84,2025-03-04 01:40:00
SF00120,越城区,220,201,2025-03-04 01:40:00
SF00118,越城区,100,81,2025-03-04 01:40:00
SF000902,越城区,300,271,2025-03-04 01:30:00
SF000903,越城区,470,428,2025-03-04 01:30:00
HK00010,越城区,170,13,2025-03-04 01:30:00
SF00118,越城区,100,80,2025-03-04 01:30:00
HK00001,越城区,138,112,2025-03-04 01:30:00
HK00020,越城区,1800,188,2025-03-04 01:30:00
SF00120,越城区,220,203,2025-03-04 01:30:00
SF00119,越城区,50,39,2025-03-04 01:30:00
SF00104,越城区,50,38,2025-03-04 01:30:00
HK00013,越城区,212,1,2025-03-04 01:30:00
SF001041,越城区,90,84,2025-03-04 01:30:00
HK00021,越城区,150,105,2025-03-04 01:30:00
HK00009,越城区,467,33,2025-03-04 01:30:00
SF000901,越城区,500,394,2025-03-04 01:30:00
SF00107,越城区,200,90,2025-03-04 01:30:00
SF00119,越城区,50,40,2025-03-04 01:20:00
SF000901,越城区,500,394,2025-03-04 01:20:00
SF001041,越城区,90,84,2025-03-04 01:20:00
SF00104,越城区,50,39,2025-03-04 01:20:00
SF000903,越城区,470,424,2025-03-04 01:20:00
HK00009,越城区,467,33,2025-03-04 01:20:00
HK00001,越城区,138,112,2025-03-04 01:20:00
SF00120,越城区,220,199,2025-03-04 01:20:00
HK00020,越城区,1800,188,2025-03-04 01:20:00
SF000902,越城区,300,272,2025-03-04 01:20:00
HK00021,越城区,150,105,2025-03-04 01:20:00
HK00010,越城区,170,13,2025-03-04 01:20:00
SF00107,越城区,200,90,2025-03-04 01:20:00
SF00118,越城区,100,78,2025-03-04 01:20:00
HK00013,越城区,212,1,2025-03-04 01:20:00
HK00010,越城区,170,13,2025-03-04 01:10:00
SF001041,越城区,90,84,2025-03-04 01:10:00
HK00013,越城区,212,1,2025-03-04 01:10:00
SF00118,越城区,100,80,2025-03-04 01:10:00
HK00021,越城区,150,105,2025-03-04 01:10:00
SF000902,越城区,300,275,2025-03-04 01:10:00
HK00020,越城区,1800,188,2025-03-04 01:10:00
SF000901,越城区,500,394,2025-03-04 01:10:00
SF000903,越城区,470,425,2025-03-04 01:10:00
SF00104,越城区,50,42,2025-03-04 01:10:00
SF00120,越城区,220,199,2025-03-04 01:10:00
SF00119,越城区,50,37,2025-03-04 01:10:00
HK00009,越城区,467,33,2025-03-04 01:10:00
SF00107,越城区,200,90,2025-03-04 01:10:00
HK00001,越城区,138,111,2025-03-04 01:10:00
SF00120,越城区,220,195,2025-03-04 01:00:00
HK00013,越城区,212,1,2025-03-04 01:00:00
SF000903,越城区,470,426,2025-03-04 01:00:00
HK00021,越城区,150,105,2025-03-04 01:00:00
SF00107,越城区,200,89,2025-03-04 01:00:00
SF00118,越城区,100,81,2025-03-04 01:00:00
HK00001,越城区,138,112,2025-03-04 01:00:00
SF00119,越城区,50,40,2025-03-04 01:00:00
HK00009,越城区,467,33,2025-03-04 01:00:00
HK00020,越城区,1800,188,2025-03-04 01:00:00
SF000901,越城区,500,379,2025-03-04 01:00:00
SF001041,越城区,90,84,2025-03-04 01:00:00
SF000902,越城区,300,272,2025-03-04 01:00:00
SF00104,越城区,50,40,2025-03-04 01:00:00
HK00010,越城区,170,13,2025-03-04 01:00:00
SF00104,越城区,50,40,2025-03-04 00:50:00
SF00107,越城区,200,89,2025-03-04 00:50:00
SF00120,越城区,220,195,2025-03-04 00:50:00
SF000903,越城区,470,424,2025-03-04 00:50:00
SF00119,越城区,50,41,2025-03-04 00:50:00
HK00009,越城区,467,33,2025-03-04 00:50:00
HK00013,越城区,212,1,2025-03-04 00:50:00
HK00010,越城区,170,13,2025-03-04 00:50:00
HK00021,越城区,150,105,2025-03-04 00:50:00
SF00118,越城区,100,81,2025-03-04 00:50:00
HK00020,越城区,1800,188,2025-03-04 00:50:00
SF001041,越城区,90,84,2025-03-04 00:50:00
SF000901,越城区,500,377,2025-03-04 00:50:00
HK00001,越城区,138,109,2025-03-04 00:50:00
SF000902,越城区,300,272,2025-03-04 00:50:00
SF000903,越城区,470,426,2025-03-04 00:40:00
SF00118,越城区,100,81,2025-03-04 00:40:00
SF00120,越城区,220,195,2025-03-04 00:40:00
SF000901,越城区,500,373,2025-03-04 00:40:00
SF00107,越城区,200,89,2025-03-04 00:40:00
HK00001,越城区,138,108,2025-03-04 00:40:00
HK00013,越城区,212,1,2025-03-04 00:40:00
SF00119,越城区,50,43,2025-03-04 00:40:00
HK00009,越城区,467,33,2025-03-04 00:40:00
HK00021,越城区,150,105,2025-03-04 00:40:00
HK00010,越城区,170,13,2025-03-04 00:40:00
SF00104,越城区,50,38,2025-03-04 00:40:00
SF001041,越城区,90,84,2025-03-04 00:40:00
SF000902,越城区,300,269,2025-03-04 00:40:00
HK00020,越城区,1800,188,2025-03-04 00:40:00
HK00010,越城区,170,13,2025-03-04 00:30:00
SF000902,越城区,300,262,2025-03-04 00:30:00
HK00009,越城区,467,33,2025-03-04 00:30:00
HK00001,越城区,138,109,2025-03-04 00:30:00
SF000903,越城区,470,426,2025-03-04 00:30:00
SF00120,越城区,220,195,2025-03-04 00:30:00
SF001041,越城区,90,84,2025-03-04 00:30:00
HK00021,越城区,150,105,2025-03-04 00:30:00
SF00118,越城区,100,81,2025-03-04 00:30:00
SF000901,越城区,500,371,2025-03-04 00:30:00
SF00104,越城区,50,41,2025-03-04 00:30:00
HK00013,越城区,212,1,2025-03-04 00:30:00
SF00107,越城区,200,89,2025-03-04 00:30:00
SF00119,越城区,50,39,2025-03-04 00:30:00
HK00020,越城区,1800,188,2025-03-04 00:30:00
HK00013,越城区,212,1,2025-03-04 00:20:00
HK00001,越城区,138,108,2025-03-04 00:20:00
SF00119,越城区,50,37,2025-03-04 00:20:00
SF000903,越城区,470,425,2025-03-04 00:20:00
HK00009,越城区,467,33,2025-03-04 00:20:00
SF00104,越城区,50,40,2025-03-04 00:20:00
HK00020,越城区,1800,188,2025-03-04 00:20:00
SF000901,越城区,500,373,2025-03-04 00:20:00
SF00107,越城区,200,89,2025-03-04 00:20:00
SF00120,越城区,220,195,2025-03-04 00:20:00
SF000902,越城区,300,260,2025-03-04 00:20:00
HK00010,越城区,170,13,2025-03-04 00:20:00
HK00021,越城区,150,105,2025-03-04 00:20:00
SF00118,越城区,100,80,2025-03-04 00:20:00
SF001041,越城区,90,84,2025-03-04 00:20:00
HK00010,越城区,170,13,2025-03-04 00:10:00
SF001041,越城区,90,84,2025-03-04 00:10:00
HK00020,越城区,1800,188,2025-03-04 00:10:00
SF000902,越城区,300,254,2025-03-04 00:10:00
SF000903,越城区,470,422,2025-03-04 00:10:00
SF000901,越城区,500,378,2025-03-04 00:10:00
SF00119,越城区,50,37,2025-03-04 00:10:00
HK00013,越城区,212,1,2025-03-04 00:10:00
HK00009,越城区,467,33,2025-03-04 00:10:00
HK00021,越城区,150,105,2025-03-04 00:10:00
HK00001,越城区,138,110,2025-03-04 00:10:00
SF00120,越城区,220,195,2025-03-04 00:10:00
SF00118,越城区,100,80,2025-03-04 00:10:00
SF00107,越城区,200,89,2025-03-04 00:10:00
SF00104,越城区,50,42,2025-03-04 00:10:00
HK00013,越城区,212,1,2025-03-04 00:00:00
HK00009,越城区,467,33,2025-03-04 00:00:00
SF000903,越城区,470,414,2025-03-04 00:00:00
SF00120,越城区,220,193,2025-03-04 00:00:00
HK00010,越城区,170,13,2025-03-04 00:00:00
SF00104,越城区,50,2,2025-03-04 00:00:00
SF000902,越城区,300,241,2025-03-04 00:00:00
SF001041,越城区,90,84,2025-03-04 00:00:00
HK00020,越城区,1800,188,2025-03-04 00:00:00
SF00107,越城区,200,86,2025-03-04 00:00:00
SF000901,越城区,500,363,2025-03-04 00:00:00
HK00021,越城区,150,105,2025-03-04 00:00:00
SF00118,越城区,100,2,2025-03-04 00:00:00
HK00001,越城区,138,2,2025-03-04 00:00:00
SF00119,越城区,50,2,2025-03-04 00:00:00
HK00009,越城区,467,33,2025-03-03 23:50:00
HK00020,越城区,1800,188,2025-03-03 23:50:00
SF000902,越城区,300,240,2025-03-03 23:50:00
SF00118,越城区,100,2,2025-03-03 23:50:00
SF00107,越城区,200,86,2025-03-03 23:50:00
SF00120,越城区,220,193,2025-03-03 23:50:00
HK00010,越城区,170,13,2025-03-03 23:50:00
SF001041,越城区,90,84,2025-03-03 23:50:00
SF00104,越城区,50,2,2025-03-03 23:50:00
HK00001,越城区,138,2,2025-03-03 23:50:00
HK00013,越城区,212,1,2025-03-03 23:50:00
SF00119,越城区,50,2,2025-03-03 23:50:00
SF000901,越城区,500,364,2025-03-03 23:50:00
HK00021,越城区,150,105,2025-03-03 23:50:00
SF000903,越城区,470,415,2025-03-03 23:50:00
SF00119,越城区,50,2,2025-03-03 23:40:00
SF00118,越城区,100,2,2025-03-03 23:40:00
HK00009,越城区,467,33,2025-03-03 23:40:00
HK00010,越城区,170,13,2025-03-03 23:40:00
SF00104,越城区,50,2,2025-03-03 23:40:00
SF001041,越城区,90,84,2025-03-03 23:40:00
HK00001,越城区,138,2,2025-03-03 23:40:00
SF000901,越城区,500,358,2025-03-03 23:40:00
HK00020,越城区,1800,188,2025-03-03 23:40:00
HK00021,越城区,150,105,2025-03-03 23:40:00
SF00107,越城区,200,86,2025-03-03 23:40:00
SF000903,越城区,470,409,2025-03-03 23:40:00
SF00120,越城区,220,193,2025-03-03 23:40:00
SF000902,越城区,300,233,2025-03-03 23:40:00
HK00013,越城区,212,1,2025-03-03 23:40:00
SF00118,越城区,100,2,2025-03-03 23:30:00
SF000901,越城区,500,358,2025-03-03 23:30:00
HK00021,越城区,150,105,2025-03-03 23:30:00
SF00120,越城区,220,193,2025-03-03 23:30:00
SF000902,越城区,300,229,2025-03-03 23:30:00
SF00119,越城区,50,2,2025-03-03 23:30:00
SF00107,越城区,200,87,2025-03-03 23:30:00
SF000903,越城区,470,404,2025-03-03 23:30:00
HK00020,越城区,1800,188,2025-03-03 23:30:00
HK00013,越城区,212,1,2025-03-03 23:30:00
HK00009,越城区,467,33,2025-03-03 23:30:00
SF001041,越城区,90,84,2025-03-03 23:30:00
HK00001,越城区,138,2,2025-03-03 23:30:00
HK00010,越城区,170,13,2025-03-03 23:30:00
SF00104,越城区,50,2,2025-03-03 23:30:00
SF000901,越城区,500,349,2025-03-03 23:20:00
SF001041,越城区,90,84,2025-03-03 23:20:00
HK00001,越城区,138,2,2025-03-03 23:20:00
HK00009,越城区,467,33,2025-03-03 23:20:00
HK00021,越城区,150,105,2025-03-03 23:20:00
HK00013,越城区,212,1,2025-03-03 23:20:00
SF00118,越城区,100,2,2025-03-03 23:20:00
SF000902,越城区,300,226,2025-03-03 23:20:00
SF00107,越城区,200,86,2025-03-03 23:20:00
SF00119,越城区,50,2,2025-03-03 23:20:00
HK00010,越城区,170,13,2025-03-03 23:20:00
SF000903,越城区,470,406,2025-03-03 23:20:00
SF00104,越城区,50,2,2025-03-03 23:20:00
SF00120,越城区,220,192,2025-03-03 23:20:00
HK00020,越城区,1800,188,2025-03-03 23:20:00
SF000903,越城区,470,403,2025-03-03 23:10:00
HK00021,越城区,150,105,2025-03-03 23:10:00
HK00001,越城区,138,2,2025-03-03 23:10:00
HK00020,越城区,1800,188,2025-03-03 23:10:00
HK00009,越城区,467,33,2025-03-03 23:10:00
SF00107,越城区,200,86,2025-03-03 23:10:00
SF001041,越城区,90,84,2025-03-03 23:10:00
HK00010,越城区,170,13,2025-03-03 23:10:00
SF000901,越城区,500,349,2025-03-03 23:10:00
SF00104,越城区,50,2,2025-03-03 23:10:00
SF00119,越城区,50,2,2025-03-03 23:10:00
HK00013,越城区,212,1,2025-03-03 23:10:00
SF00120,越城区,220,193,2025-03-03 23:10:00
SF00118,越城区,100,2,2025-03-03 23:10:00
SF000902,越城区,300,223,2025-03-03 23:10:00
SF00107,越城区,200,78,2025-03-03 23:00:00
SF00119,越城区,50,27,2025-03-03 23:00:00
HK00009,越城区,467,33,2025-03-03 23:00:00
SF001041,越城区,90,84,2025-03-03 23:00:00
HK00010,越城区,170,13,2025-03-03 23:00:00
SF00118,越城区,100,39,2025-03-03 23:00:00
SF000903,越城区,470,401,2025-03-03 23:00:00
HK00021,越城区,150,105,2025-03-03 23:00:00
SF000902,越城区,300,215,2025-03-03 23:00:00
HK00013,越城区,212,1,2025-03-03 23:00:00
SF000901,越城区,500,336,2025-03-03 23:00:00
SF00120,越城区,220,190,2025-03-03 23:00:00
HK00001,越城区,138,57,2025-03-03 23:00:00
HK00020,越城区,1800,188,2025-03-03 23:00:00
SF00104,越城区,50,25,2025-03-03 23:00:00
SF000901,越城区,500,332,2025-03-03 22:50:00
SF000902,越城区,300,213,2025-03-03 22:50:00
HK00013,越城区,212,1,2025-03-03 22:50:00
HK00009,越城区,467,33,2025-03-03 22:50:00
HK00001,越城区,138,58,2025-03-03 22:50:00
HK00020,越城区,1800,188,2025-03-03 22:50:00
HK00010,越城区,170,13,2025-03-03 22:50:00
SF000903,越城区,470,395,2025-03-03 22:50:00
SF001041,越城区,90,84,2025-03-03 22:50:00
SF00118,越城区,100,42,2025-03-03 22:50:00
SF00107,越城区,200,75,2025-03-03 22:50:00
SF00119,越城区,50,28,2025-03-03 22:50:00
SF00120,越城区,220,189,2025-03-03 22:50:00
SF00104,越城区,50,15,2025-03-03 22:50:00
HK00021,越城区,150,105,2025-03-03 22:50:00
SF00119,越城区,50,33,2025-03-03 22:40:00
SF00107,越城区,200,76,2025-03-03 22:40:00
SF00104,越城区,50,22,2025-03-03 22:40:00
HK00020,越城区,1800,188,2025-03-03 22:40:00
HK00001,越城区,138,59,2025-03-03 22:40:00
SF001041,越城区,90,84,2025-03-03 22:40:00
HK00021,越城区,150,105,2025-03-03 22:40:00
HK00009,越城区,467,33,2025-03-03 22:40:00
SF000903,越城区,470,396,2025-03-03 22:40:00
SF00120,越城区,220,189,2025-03-03 22:40:00
HK00013,越城区,212,1,2025-03-03 22:40:00
SF000901,越城区,500,319,2025-03-03 22:40:00
SF000902,越城区,300,209,2025-03-03 22:40:00
HK00010,越城区,170,13,2025-03-03 22:40:00
SF00118,越城区,100,43,2025-03-03 22:40:00
HK00009,越城区,467,33,2025-03-03 22:30:00
HK00021,越城区,150,105,2025-03-03 22:30:00
SF000903,越城区,470,398,2025-03-03 22:30:00
HK00010,越城区,170,13,2025-03-03 22:30:00
SF00120,越城区,220,189,2025-03-03 22:30:00
HK00020,越城区,1800,188,2025-03-03 22:30:00
SF000901,越城区,500,312,2025-03-03 22:30:00
SF001041,越城区,90,84,2025-03-03 22:30:00
SF00107,越城区,200,71,2025-03-03 22:30:00
SF00119,越城区,50,34,2025-03-03 22:30:00
SF00118,越城区,100,38,2025-03-03 22:30:00
HK00013,越城区,212,1,2025-03-03 22:30:00
SF00104,越城区,50,21,2025-03-03 22:30:00
HK00001,越城区,138,54,2025-03-03 22:30:00
SF000902,越城区,300,207,2025-03-03 22:30:00
SF000902,越城区,300,210,2025-03-03 22:20:00
HK00010,越城区,170,13,2025-03-03 22:20:00
HK00013,越城区,212,1,2025-03-03 22:20:00
HK00009,越城区,467,33,2025-03-03 22:20:00
HK00001,越城区,138,50,2025-03-03 22:20:00
SF000903,越城区,470,393,2025-03-03 22:20:00
SF00120,越城区,220,188,2025-03-03 22:20:00
SF00119,越城区,50,31,2025-03-03 22:20:00
SF00107,越城区,200,66,2025-03-03 22:20:00
SF000901,越城区,500,300,2025-03-03 22:20:00
SF001041,越城区,90,84,2025-03-03 22:20:00
HK00021,越城区,150,105,2025-03-03 22:20:00
HK00020,越城区,1800,188,2025-03-03 22:20:00
SF00118,越城区,100,40,2025-03-03 22:20:00
SF00104,越城区,50,20,2025-03-03 22:20:00
HK00009,越城区,467,33,2025-03-03 22:10:00
SF00119,越城区,50,34,2025-03-03 22:10:00
SF000901,越城区,500,295,2025-03-03 22:10:00
SF00118,越城区,100,41,2025-03-03 22:10:00
HK00001,越城区,138,60,2025-03-03 22:10:00
HK00021,越城区,150,105,2025-03-03 22:10:00
SF00107,越城区,200,63,2025-03-03 22:10:00
SF000903,越城区,470,397,2025-03-03 22:10:00
SF000902,越城区,300,208,2025-03-03 22:10:00
SF00120,越城区,220,186,2025-03-03 22:10:00
HK00020,越城区,1800,188,2025-03-03 22:10:00
SF00104,越城区,50,25,2025-03-03 22:10:00
HK00013,越城区,212,1,2025-03-03 22:10:00
HK00010,越城区,170,13,2025-03-03 22:10:00
SF001041,越城区,90,84,2025-03-03 22:10:00
HK00021,越城区,150,105,2025-03-03 22:00:00
HK00020,越城区,1800,188,2025-03-03 22:00:00
HK00001,越城区,138,56,2025-03-03 22:00:00
HK00010,越城区,170,13,2025-03-03 22:00:00
HK00013,越城区,212,1,2025-03-03 22:00:00
SF000901,越城区,500,282,2025-03-03 22:00:00
HK00009,越城区,467,33,2025-03-03 22:00:00
SF00107,越城区,200,53,2025-03-03 22:00:00
SF00119,越城区,50,29,2025-03-03 22:00:00
SF001041,越城区,90,84,2025-03-03 22:00:00
SF00104,越城区,50,25,2025-03-03 22:00:00
SF000903,越城区,470,392,2025-03-03 22:00:00
SF00118,越城区,100,44,2025-03-03 22:00:00
SF000902,越城区,300,203,2025-03-03 22:00:00
SF00120,越城区,220,186,2025-03-03 22:00:00
SF000903,越城区,470,387,2025-03-03 21:50:00
HK00001,越城区,138,54,2025-03-03 21:50:00
HK00020,越城区,1800,188,2025-03-03 21:50:00
SF000901,越城区,500,270,2025-03-03 21:50:00
SF000902,越城区,300,203,2025-03-03 21:50:00
SF001041,越城区,90,84,2025-03-03 21:50:00
SF00107,越城区,200,51,2025-03-03 21:50:00
HK00010,越城区,170,13,2025-03-03 21:50:00
HK00021,越城区,150,105,2025-03-03 21:50:00
SF00120,越城区,220,186,2025-03-03 21:50:00
HK00009,越城区,467,33,2025-03-03 21:50:00
SF00119,越城区,50,35,2025-03-03 21:50:00
SF00118,越城区,100,42,2025-03-03 21:50:00
HK00013,越城区,212,1,2025-03-03 21:50:00
SF00104,越城区,50,15,2025-03-03 21:50:00
SF00107,越城区,200,53,2025-03-03 21:40:00
SF00119,越城区,50,25,2025-03-03 21:40:00
HK00020,越城区,1800,188,2025-03-03 21:40:00
HK00001,越城区,138,50,2025-03-03 21:40:00
SF000903,越城区,470,389,2025-03-03 21:40:00
HK00021,越城区,150,105,2025-03-03 21:40:00
HK00013,越城区,212,1,2025-03-03 21:40:00
HK00009,越城区,467,33,2025-03-03 21:40:00
SF00118,越城区,100,42,2025-03-03 21:40:00
SF00120,越城区,220,186,2025-03-03 21:40:00
SF00104,越城区,50,19,2025-03-03 21:40:00
HK00010,越城区,170,13,2025-03-03 21:40:00
SF000901,越城区,500,265,2025-03-03 21:40:00
SF001041,越城区,90,84,2025-03-03 21:40:00
SF000902,越城区,300,200,2025-03-03 21:40:00
SF00120,越城区,220,186,2025-03-03 21:30:00
SF00118,越城区,100,43,2025-03-03 21:30:00
HK00021,越城区,150,105,2025-03-03 21:30:00
SF00107,越城区,200,51,2025-03-03 21:30:00
HK00020,越城区,1800,188,2025-03-03 21:30:00
SF000903,越城区,470,383,2025-03-03 21:30:00
SF001041,越城区,90,84,2025-03-03 21:30:00
HK00001,越城区,138,54,2025-03-03 21:30:00
SF000902,越城区,300,201,2025-03-03 21:30:00
HK00013,越城区,212,1,2025-03-03 21:30:00
SF00104,越城区,50,19,2025-03-03 21:30:00
HK00010,越城区,170,13,2025-03-03 21:30:00
HK00009,越城区,467,33,2025-03-03 21:30:00
SF00119,越城区,50,35,2025-03-03 21:30:00
SF000901,越城区,500,263,2025-03-03 21:30:00
SF00927,越城区,240,195,2025-03-03 21:20:02
SF00930,越城区,300,271,2025-03-03 21:20:02
SF00934,越城区,200,181,2025-03-03 21:20:02
SF00925,越城区,50,43,2025-03-03 21:20:02
SF00939,越城区,350,294,2025-03-03 21:20:02
SF00926,越城区,120,51,2025-03-03 21:20:02
SF00931,越城区,75,30,2025-03-03 21:20:02
SF00933,越城区,37,33,2025-03-03 21:20:02
SF00928,越城区,300,119,2025-03-03 21:20:02
SF00932,越城区,60,38,2025-03-03 21:20:02
SF00929,越城区,1300,1171,2025-03-03 21:20:02
SF00935,越城区,110,45,2025-03-03 21:20:02
SF00917,越城区,150,139,2025-03-03 21:20:01
SF00151,越城区,70,49,2025-03-03 21:20:01
SF00918,越城区,140,131,2025-03-03 21:20:01
SF00913,越城区,45,43,2025-03-03 21:20:01
SF00903,越城区,147,135,2025-03-03 21:20:01
SF00910,越城区,100,91,2025-03-03 21:20:01
SF00905,越城区,95,41,2025-03-03 21:20:01
SF00920,越城区,80,2,2025-03-03 21:20:01
SF00173,越城区,450,79,2025-03-03 21:20:01
SF00916,越城区,90,31,2025-03-03 21:20:01
SF00911,越城区,20,1,2025-03-03 21:20:01
SF00914,越城区,280,254,2025-03-03 21:20:01
SF00912,越城区,85,51,2025-03-03 21:20:01
SF00171,越城区,700,537,2025-03-03 21:20:01
SF00908,越城区,180,105,2025-03-03 21:20:01
SF00902,越城区,110,102,2025-03-03 21:20:01
SF00906,越城区,180,165,2025-03-03 21:20:01
SF00904,越城区,180,155,2025-03-03 21:20:01
SF00180,越城区,85,61,2025-03-03 21:20:01
SF00155,越城区,125,103,2025-03-03 21:20:01
SF00901,越城区,76,57,2025-03-03 21:20:01
SF00159,越城区,230,53,2025-03-03 21:20:01
SF00923,越城区,150,140,2025-03-03 21:20:01
SF00919,越城区,50,48,2025-03-03 21:20:01
SF00921,越城区,170,155,2025-03-03 21:20:01
SF00182,越城区,35,22,2025-03-03 21:20:01
SF00909,越城区,100,37,2025-03-03 21:20:01
SF00152,越城区,500,205,2025-03-03 21:20:01
SF00915,越城区,286,228,2025-03-03 21:20:01
SF00174,越城区,100,70,2025-03-03 21:20:01
SF00187,越城区,55,27,2025-03-03 21:20:01
SF00907,越城区,400,51,2025-03-03 21:20:01
SF00107,越城区,200,49,2025-03-03 21:20:00
SF00128,越城区,870,344,2025-03-03 21:20:00
SF00124,越城区,500,196,2025-03-03 21:20:00
SF001211,越城区,180,164,2025-03-03 21:20:00
SF000902,越城区,300,200,2025-03-03 21:20:00
SF001041,越城区,90,84,2025-03-03 21:20:00
HK00009,越城区,467,33,2025-03-03 21:20:00
HK00010,越城区,170,13,2025-03-03 21:20:00
SF00119,越城区,50,31,2025-03-03 21:20:00
SF00121,越城区,2,0,2025-03-03 21:20:00
HK00020,越城区,1800,188,2025-03-03 21:20:00
HK00013,越城区,212,1,2025-03-03 21:20:00
HK00021,越城区,150,105,2025-03-03 21:20:00
SF00118,越城区,100,37,2025-03-03 21:20:00
SF00146,越城区,150,55,2025-03-03 21:20:00
SF00120,越城区,220,186,2025-03-03 21:20:00
SF000903,越城区,470,382,2025-03-03 21:20:00
SF000901,越城区,500,258,2025-03-03 21:20:00
SF00141,越城区,50,14,2025-03-03 21:20:00
SF00104,越城区,50,17,2025-03-03 21:20:00
HK00001,越城区,138,53,2025-03-03 21:20:00
SF00133,越城区,260,141,2025-03-03 21:20:00
SF00933,越城区,37,33,2025-03-03 21:10:02
SF00920,越城区,80,2,2025-03-03 21:10:02
SF00935,越城区,110,45,2025-03-03 21:10:02
SF00939,越城区,350,295,2025-03-03 21:10:02
SF00928,越城区,300,118,2025-03-03 21:10:02
SF00921,越城区,170,155,2025-03-03 21:10:02
SF00927,越城区,240,190,2025-03-03 21:10:02
SF00925,越城区,50,43,2025-03-03 21:10:02
SF00931,越城区,75,28,2025-03-03 21:10:02
SF00929,越城区,1300,1171,2025-03-03 21:10:02
SF00930,越城区,300,271,2025-03-03 21:10:02
SF00926,越城区,120,53,2025-03-03 21:10:02
SF00932,越城区,60,38,2025-03-03 21:10:02
SF00934,越城区,200,181,2025-03-03 21:10:02
SF00923,越城区,150,140,2025-03-03 21:10:02
SF00916,越城区,90,38,2025-03-03 21:10:01
SF00180,越城区,85,61,2025-03-03 21:10:01
SF00912,越城区,85,53,2025-03-03 21:10:01
SF00915,越城区,286,228,2025-03-03 21:10:01
SF00918,越城区,140,131,2025-03-03 21:10:01
SF00913,越城区,45,43,2025-03-03 21:10:01
SF00182,越城区,35,23,2025-03-03 21:10:01
SF00917,越城区,150,139,2025-03-03 21:10:01
SF00902,越城区,110,102,2025-03-03 21:10:01
SF00914,越城区,280,254,2025-03-03 21:10:01
SF00909,越城区,100,42,2025-03-03 21:10:01
SF00187,越城区,55,18,2025-03-03 21:10:01
SF00904,越城区,180,152,2025-03-03 21:10:01
SF00174,越城区,100,70,2025-03-03 21:10:01
SF00903,越城区,147,135,2025-03-03 21:10:01
SF00907,越城区,400,50,2025-03-03 21:10:01
SF00919,越城区,50,50,2025-03-03 21:10:01
SF00908,越城区,180,110,2025-03-03 21:10:01
SF00171,越城区,700,520,2025-03-03 21:10:01
SF00906,越城区,180,165,2025-03-03 21:10:01
SF00901,越城区,76,58,2025-03-03 21:10:01
SF00905,越城区,95,35,2025-03-03 21:10:01
SF00159,越城区,230,46,2025-03-03 21:10:01
SF00910,越城区,100,91,2025-03-03 21:10:01
SF00911,越城区,20,1,2025-03-03 21:10:01
SF00173,越城区,450,75,2025-03-03 21:10:01
SF00107,越城区,200,51,2025-03-03 21:10:00
HK00013,越城区,212,1,2025-03-03 21:10:00
SF00155,越城区,125,103,2025-03-03 21:10:00
SF00119,越城区,50,32,2025-03-03 21:10:00
SF00104,越城区,50,16,2025-03-03 21:10:00
SF00124,越城区,500,195,2025-03-03 21:10:00
HK00020,越城区,1800,188,2025-03-03 21:10:00
SF001041,越城区,90,84,2025-03-03 21:10:00
SF00141,越城区,50,12,2025-03-03 21:10:00
HK00021,越城区,150,105,2025-03-03 21:10:00
SF00133,越城区,260,142,2025-03-03 21:10:00
SF00152,越城区,500,198,2025-03-03 21:10:00
SF00120,越城区,220,184,2025-03-03 21:10:00
SF00151,越城区,70,50,2025-03-03 21:10:00
SF000902,越城区,300,193,2025-03-03 21:10:00
SF001211,越城区,180,164,2025-03-03 21:10:00
SF000901,越城区,500,252,2025-03-03 21:10:00
SF00128,越城区,870,349,2025-03-03 21:10:00
SF00146,越城区,150,58,2025-03-03 21:10:00
HK00009,越城区,467,33,2025-03-03 21:10:00
SF00121,越城区,1,0,2025-03-03 21:10:00
SF00118,越城区,100,35,2025-03-03 21:10:00
SF000903,越城区,470,378,2025-03-03 21:10:00
HK00001,越城区,138,60,2025-03-03 21:10:00
HK00010,越城区,170,13,2025-03-03 21:10:00
SF00935,越城区,110,42,2025-03-03 21:00:03
SF00934,越城区,200,181,2025-03-03 21:00:03
SF00939,越城区,350,293,2025-03-03 21:00:03
SF00929,越城区,1300,1171,2025-03-03 21:00:02
SF00933,越城区,37,33,2025-03-03 21:00:02
SF00923,越城区,150,140,2025-03-03 21:00:02
SF00918,越城区,140,131,2025-03-03 21:00:02
SF00916,越城区,90,38,2025-03-03 21:00:02
SF00915,越城区,286,229,2025-03-03 21:00:02
SF00931,越城区,75,26,2025-03-03 21:00:02
SF00932,越城区,60,36,2025-03-03 21:00:02
SF00919,越城区,50,50,2025-03-03 21:00:02
SF00912,越城区,85,52,2025-03-03 21:00:02
SF00927,越城区,240,194,2025-03-03 21:00:02
SF00928,越城区,300,117,2025-03-03 21:00:02
SF00920,越城区,80,2,2025-03-03 21:00:02
SF00914,越城区,280,254,2025-03-03 21:00:02
SF00911,越城区,20,1,2025-03-03 21:00:02
SF00910,越城区,100,91,2025-03-03 21:00:02
SF00917,越城区,150,139,2025-03-03 21:00:02
SF00921,越城区,170,155,2025-03-03 21:00:02
SF00926,越城区,120,48,2025-03-03 21:00:02
SF00913,越城区,45,43,2025-03-03 21:00:02
SF00930,越城区,300,271,2025-03-03 21:00:02
SF00925,越城区,50,42,2025-03-03 21:00:02
SF00906,越城区,180,165,2025-03-03 21:00:01
SF00152,越城区,500,201,2025-03-03 21:00:01
SF00171,越城区,700,504,2025-03-03 21:00:01
SF00174,越城区,100,70,2025-03-03 21:00:01
SF00905,越城区,95,42,2025-03-03 21:00:01
SF00141,越城区,50,9,2025-03-03 21:00:01
SF00133,越城区,260,136,2025-03-03 21:00:01
SF00907,越城区,400,37,2025-03-03 21:00:01
SF00151,越城区,70,49,2025-03-03 21:00:01
SF00180,越城区,85,61,2025-03-03 21:00:01
SF00173,越城区,450,77,2025-03-03 21:00:01
SF00908,越城区,180,104,2025-03-03 21:00:01
SF00182,越城区,35,23,2025-03-03 21:00:01
SF00159,越城区,230,32,2025-03-03 21:00:01
SF00187,越城区,55,26,2025-03-03 21:00:01
SF00901,越城区,76,60,2025-03-03 21:00:01
SF00902,越城区,110,102,2025-03-03 21:00:01
SF00909,越城区,100,37,2025-03-03 21:00:01
SF00146,越城区,150,65,2025-03-03 21:00:01
SF00903,越城区,147,135,2025-03-03 21:00:01
SF00904,越城区,180,149,2025-03-03 21:00:01
SF00155,越城区,125,103,2025-03-03 21:00:01
SF000901,越城区,500,243,2025-03-03 21:00:00
SF00119,越城区,50,31,2025-03-03 21:00:00
SF00107,越城区,200,46,2025-03-03 21:00:00
HK00020,越城区,1800,188,2025-03-03 21:00:00
HK00010,越城区,170,13,2025-03-03 21:00:00
SF00128,越城区,870,347,2025-03-03 21:00:00
HK00009,越城区,467,33,2025-03-03 21:00:00
SF000902,越城区,300,192,2025-03-03 21:00:00
SF001211,越城区,180,164,2025-03-03 21:00:00
SF00120,越城区,220,182,2025-03-03 21:00:00
SF00121,越城区,1,0,2025-03-03 21:00:00
HK00021,越城区,150,105,2025-03-03 21:00:00
HK00013,越城区,212,1,2025-03-03 21:00:00
SF000903,越城区,470,372,2025-03-03 21:00:00
SF00118,越城区,100,40,2025-03-03 21:00:00
HK00001,越城区,138,59,2025-03-03 21:00:00
SF00124,越城区,500,196,2025-03-03 21:00:00
SF00104,越城区,50,23,2025-03-03 21:00:00
SF001041,越城区,90,84,2025-03-03 21:00:00
SF00929,越城区,1300,1171,2025-03-03 20:50:02
SF00927,越城区,240,197,2025-03-03 20:50:02
SF00932,越城区,60,36,2025-03-03 20:50:02
SF00921,越城区,170,155,2025-03-03 20:50:02
SF00935,越城区,110,40,2025-03-03 20:50:02
SF00917,越城区,150,139,2025-03-03 20:50:02
SF00928,越城区,300,119,2025-03-03 20:50:02
SF00919,越城区,50,50,2025-03-03 20:50:02
SF00931,越城区,75,35,2025-03-03 20:50:02
SF00916,越城区,90,41,2025-03-03 20:50:02
SF00923,越城区,150,140,2025-03-03 20:50:02
SF00915,越城区,286,232,2025-03-03 20:50:02
SF00918,越城区,140,131,2025-03-03 20:50:02
SF00920,越城区,80,2,2025-03-03 20:50:02
SF00934,越城区,200,181,2025-03-03 20:50:02
SF00930,越城区,300,271,2025-03-03 20:50:02
SF00939,越城区,350,294,2025-03-03 20:50:02
SF00926,越城区,120,44,2025-03-03 20:50:02
SF00933,越城区,37,33,2025-03-03 20:50:02
SF00925,越城区,50,41,2025-03-03 20:50:02
SF00171,越城区,700,484,2025-03-03 20:50:01
SF00910,越城区,100,91,2025-03-03 20:50:01
SF00908,越城区,180,112,2025-03-03 20:50:01
SF00173,越城区,450,71,2025-03-03 20:50:01
SF00902,越城区,110,102,2025-03-03 20:50:01
SF00155,越城区,125,103,2025-03-03 20:50:01
SF00913,越城区,45,43,2025-03-03 20:50:01
SF00905,越城区,95,41,2025-03-03 20:50:01
SF00159,越城区,230,33,2025-03-03 20:50:01
SF00903,越城区,147,135,2025-03-03 20:50:01
SF00174,越城区,100,69,2025-03-03 20:50:01
SF00907,越城区,400,37,2025-03-03 20:50:01
SF00146,越城区,150,64,2025-03-03 20:50:01
SF00914,越城区,280,254,2025-03-03 20:50:01
SF00182,越城区,35,25,2025-03-03 20:50:01
SF00912,越城区,85,46,2025-03-03 20:50:01
SF00911,越城区,20,1,2025-03-03 20:50:01
SF00151,越城区,70,49,2025-03-03 20:50:01
SF00180,越城区,85,62,2025-03-03 20:50:01
SF00152,越城区,500,197,2025-03-03 20:50:01
SF00187,越城区,55,22,2025-03-03 20:50:01
SF00901,越城区,76,58,2025-03-03 20:50:01
SF00904,越城区,180,149,2025-03-03 20:50:01
SF00909,越城区,100,37,2025-03-03 20:50:01
SF00906,越城区,180,165,2025-03-03 20:50:01
SF00133,越城区,260,131,2025-03-03 20:50:00
SF001041,越城区,90,84,2025-03-03 20:50:00
SF000903,越城区,470,365,2025-03-03 20:50:00
SF00119,越城区,50,35,2025-03-03 20:50:00
SF00121,越城区,1,0,2025-03-03 20:50:00
HK00001,越城区,138,59,2025-03-03 20:50:00
SF00118,越城区,100,35,2025-03-03 20:50:00
SF00124,越城区,500,200,2025-03-03 20:50:00
SF00120,越城区,220,172,2025-03-03 20:50:00
HK00013,越城区,212,1,2025-03-03 20:50:00
SF00107,越城区,200,47,2025-03-03 20:50:00
HK00009,越城区,467,33,2025-03-03 20:50:00
SF000901,越城区,500,228,2025-03-03 20:50:00
SF00104,越城区,50,22,2025-03-03 20:50:00
SF00141,越城区,50,2,2025-03-03 20:50:00
SF00128,越城区,870,352,2025-03-03 20:50:00
HK00010,越城区,170,13,2025-03-03 20:50:00
SF000902,越城区,300,192,2025-03-03 20:50:00
SF001211,越城区,180,164,2025-03-03 20:50:00
HK00020,越城区,1800,188,2025-03-03 20:50:00
HK00021,越城区,150,105,2025-03-03 20:50:00
SF00923,越城区,150,140,2025-03-03 20:40:02
SF00921,越城区,170,155,2025-03-03 20:40:02
SF00930,越城区,300,271,2025-03-03 20:40:02
SF00925,越城区,50,41,2025-03-03 20:40:02
SF00928,越城区,300,113,2025-03-03 20:40:02
SF00934,越城区,200,181,2025-03-03 20:40:02
SF00935,越城区,110,39,2025-03-03 20:40:02
SF00927,越城区,240,198,2025-03-03 20:40:02
SF00932,越城区,60,36,2025-03-03 20:40:02
SF00929,越城区,1300,1171,2025-03-03 20:40:02
SF00931,越城区,75,30,2025-03-03 20:40:02
SF00933,越城区,37,33,2025-03-03 20:40:02
SF00926,越城区,120,49,2025-03-03 20:40:02
SF00939,越城区,350,294,2025-03-03 20:40:02
SF00180,越城区,85,61,2025-03-03 20:40:01
SF00182,越城区,35,23,2025-03-03 20:40:01
SF00901,越城区,76,57,2025-03-03 20:40:01
SF00917,越城区,150,139,2025-03-03 20:40:01
SF00903,越城区,147,135,2025-03-03 20:40:01
SF00919,越城区,50,50,2025-03-03 20:40:01
SF00173,越城区,450,77,2025-03-03 20:40:01
SF00915,越城区,286,236,2025-03-03 20:40:01
SF00913,越城区,45,43,2025-03-03 20:40:01
SF00916,越城区,90,32,2025-03-03 20:40:01
SF00902,越城区,110,102,2025-03-03 20:40:01
SF00907,越城区,400,37,2025-03-03 20:40:01
SF00918,越城区,140,131,2025-03-03 20:40:01
SF00187,越城区,55,24,2025-03-03 20:40:01
SF00904,越城区,180,148,2025-03-03 20:40:01
SF00905,越城区,95,38,2025-03-03 20:40:01
SF00174,越城区,100,69,2025-03-03 20:40:01
SF00911,越城区,20,1,2025-03-03 20:40:01
SF00908,越城区,180,112,2025-03-03 20:40:01
SF00912,越城区,85,51,2025-03-03 20:40:01
SF00920,越城区,80,2,2025-03-03 20:40:01
SF00906,越城区,180,165,2025-03-03 20:40:01
SF00909,越城区,100,41,2025-03-03 20:40:01
SF00914,越城区,280,254,2025-03-03 20:40:01
SF00910,越城区,100,91,2025-03-03 20:40:01
SF00171,越城区,700,452,2025-03-03 20:40:01
SF00107,越城区,200,52,2025-03-03 20:40:00
HK00013,越城区,212,1,2025-03-03 20:40:00
SF00124,越城区,500,201,2025-03-03 20:40:00
SF00121,越城区,1,0,2025-03-03 20:40:00
SF00133,越城区,260,125,2025-03-03 20:40:00
HK00010,越城区,170,13,2025-03-03 20:40:00
HK00020,越城区,1800,188,2025-03-03 20:40:00
SF00118,越城区,100,45,2025-03-03 20:40:00
SF00141,越城区,50,2,2025-03-03 20:40:00
SF000902,越城区,300,196,2025-03-03 20:40:00
HK00021,越城区,150,105,2025-03-03 20:40:00
SF00155,越城区,125,103,2025-03-03 20:40:00
HK00001,越城区,138,55,2025-03-03 20:40:00
SF00119,越城区,50,33,2025-03-03 20:40:00
SF000903,越城区,470,358,2025-03-03 20:40:00
SF000901,越城区,500,221,2025-03-03 20:40:00
SF00159,越城区,230,29,2025-03-03 20:40:00
SF001211,越城区,180,164,2025-03-03 20:40:00
SF00152,越城区,500,202,2025-03-03 20:40:00
HK00009,越城区,467,33,2025-03-03 20:40:00
SF00146,越城区,150,60,2025-03-03 20:40:00
SF00128,越城区,870,346,2025-03-03 20:40:00
SF001041,越城区,90,84,2025-03-03 20:40:00
SF00120,越城区,220,187,2025-03-03 20:40:00
SF00104,越城区,50,19,2025-03-03 20:40:00
SF00151,越城区,70,48,2025-03-03 20:40:00
SF00939,越城区,350,288,2025-03-03 20:30:02
SF00935,越城区,110,36,2025-03-03 20:30:02
SF00933,越城区,37,33,2025-03-03 20:30:01
SF00914,越城区,280,254,2025-03-03 20:30:01
SF00925,越城区,50,40,2025-03-03 20:30:01
SF00934,越城区,200,181,2025-03-03 20:30:01
SF00908,越城区,180,106,2025-03-03 20:30:01
SF00903,越城区,147,135,2025-03-03 20:30:01
SF00918,越城区,140,131,2025-03-03 20:30:01
SF00932,越城区,60,38,2025-03-03 20:30:01
SF00928,越城区,300,118,2025-03-03 20:30:01
SF00909,越城区,100,42,2025-03-03 20:30:01
SF00902,越城区,110,102,2025-03-03 20:30:01
SF00912,越城区,85,46,2025-03-03 20:30:01
SF00911,越城区,20,1,2025-03-03 20:30:01
SF00187,越城区,55,17,2025-03-03 20:30:01
SF00906,越城区,180,165,2025-03-03 20:30:01
SF00930,越城区,300,271,2025-03-03 20:30:01
SF00921,越城区,170,155,2025-03-03 20:30:01
SF00910,越城区,100,91,2025-03-03 20:30:01
SF00907,越城区,400,31,2025-03-03 20:30:01
SF00915,越城区,286,230,2025-03-03 20:30:01
SF00913,越城区,45,43,2025-03-03 20:30:01
SF00901,越城区,76,56,2025-03-03 20:30:01
SF00927,越城区,240,198,2025-03-03 20:30:01
SF00916,越城区,90,34,2025-03-03 20:30:01
SF00926,越城区,120,51,2025-03-03 20:30:01
SF00904,越城区,180,148,2025-03-03 20:30:01
SF00929,越城区,1300,1171,2025-03-03 20:30:01
SF00917,越城区,150,139,2025-03-03 20:30:01
SF00931,越城区,75,32,2025-03-03 20:30:01
SF00919,越城区,50,49,2025-03-03 20:30:01
SF00923,越城区,150,140,2025-03-03 20:30:01
SF00905,越城区,95,38,2025-03-03 20:30:01
SF00920,越城区,80,2,2025-03-03 20:30:01
SF00182,越城区,35,21,2025-03-03 20:30:00
SF000902,越城区,300,189,2025-03-03 20:30:00
SF00180,越城区,85,60,2025-03-03 20:30:00
SF00141,越城区,50,4,2025-03-03 20:30:00
SF00152,越城区,500,199,2025-03-03 20:30:00
HK00020,越城区,1800,188,2025-03-03 20:30:00
SF00151,越城区,70,48,2025-03-03 20:30:00
SF00124,越城区,500,203,2025-03-03 20:30:00
SF00171,越城区,700,447,2025-03-03 20:30:00
HK00010,越城区,170,13,2025-03-03 20:30:00
SF000901,越城区,500,211,2025-03-03 20:30:00
HK00009,越城区,467,33,2025-03-03 20:30:00
SF001041,越城区,90,84,2025-03-03 20:30:00
SF00104,越城区,50,15,2025-03-03 20:30:00
SF00107,越城区,200,50,2025-03-03 20:30:00
SF00174,越城区,100,64,2025-03-03 20:30:00
SF00120,越城区,220,178,2025-03-03 20:30:00
SF00155,越城区,125,103,2025-03-03 20:30:00
HK00001,越城区,138,50,2025-03-03 20:30:00
SF00119,越城区,50,31,2025-03-03 20:30:00
SF00128,越城区,870,350,2025-03-03 20:30:00
SF00133,越城区,260,126,2025-03-03 20:30:00
SF00118,越城区,100,45,2025-03-03 20:30:00
SF000903,越城区,470,351,2025-03-03 20:30:00
SF00146,越城区,150,65,2025-03-03 20:30:00
SF00159,越城区,230,19,2025-03-03 20:30:00
HK00013,越城区,212,1,2025-03-03 20:30:00
HK00021,越城区,150,105,2025-03-03 20:30:00
SF001211,越城区,180,164,2025-03-03 20:30:00
SF00173,越城区,450,75,2025-03-03 20:30:00
SF00121,越城区,1,0,2025-03-03 20:30:00
SF00934,越城区,200,181,2025-03-03 20:20:01
SF00917,越城区,150,139,2025-03-03 20:20:01
SF00929,越城区,1300,1171,2025-03-03 20:20:01
SF00928,越城区,300,111,2025-03-03 20:20:01
SF00913,越城区,45,43,2025-03-03 20:20:01
SF00923,越城区,150,140,2025-03-03 20:20:01
SF00939,越城区,350,288,2025-03-03 20:20:01
SF00925,越城区,50,40,2025-03-03 20:20:01
SF00910,越城区,100,91,2025-03-03 20:20:01
SF00904,越城区,180,146,2025-03-03 20:20:01
SF00926,越城区,120,48,2025-03-03 20:20:01
SF00911,越城区,20,1,2025-03-03 20:20:01
SF00912,越城区,85,51,2025-03-03 20:20:01
SF00906,越城区,180,165,2025-03-03 20:20:01
SF00921,越城区,170,155,2025-03-03 20:20:01
SF00903,越城区,147,135,2025-03-03 20:20:01
SF00914,越城区,280,254,2025-03-03 20:20:01
SF00930,越城区,300,271,2025-03-03 20:20:01
SF00907,越城区,400,20,2025-03-03 20:20:01
SF00918,越城区,140,131,2025-03-03 20:20:01
SF00916,越城区,90,38,2025-03-03 20:20:01
SF00919,越城区,50,49,2025-03-03 20:20:01
SF00909,越城区,100,42,2025-03-03 20:20:01
SF00932,越城区,60,38,2025-03-03 20:20:01
SF00905,越城区,95,37,2025-03-03 20:20:01
SF00915,越城区,286,229,2025-03-03 20:20:01
SF00927,越城区,240,192,2025-03-03 20:20:01
SF00931,越城区,75,35,2025-03-03 20:20:01
SF00933,越城区,37,33,2025-03-03 20:20:01
SF00908,越城区,180,111,2025-03-03 20:20:01
SF00935,越城区,110,26,2025-03-03 20:20:01
SF00920,越城区,80,2,2025-03-03 20:20:01
SF00902,越城区,110,102,2025-03-03 20:20:01
HK00001,越城区,138,60,2025-03-03 20:20:00
SF00120,越城区,220,173,2025-03-03 20:20:00
SF001041,越城区,90,84,2025-03-03 20:20:00
SF00107,越城区,200,54,2025-03-03 20:20:00
SF00151,越城区,70,47,2025-03-03 20:20:00
HK00009,越城区,467,33,2025-03-03 20:20:00
HK00020,越城区,1800,188,2025-03-03 20:20:00
SF00182,越城区,35,19,2025-03-03 20:20:00
HK00021,越城区,150,105,2025-03-03 20:20:00
SF00171,越城区,700,420,2025-03-03 20:20:00
SF00180,越城区,85,64,2025-03-03 20:20:00
SF00187,越城区,55,18,2025-03-03 20:20:00
SF00141,越城区,50,5,2025-03-03 20:20:00
SF00174,越城区,100,63,2025-03-03 20:20:00
SF00119,越城区,50,30,2025-03-03 20:20:00
SF00124,越城区,500,204,2025-03-03 20:20:00
HK00013,越城区,212,1,2025-03-03 20:20:00
SF00901,越城区,76,55,2025-03-03 20:20:00
SF00118,越城区,100,35,2025-03-03 20:20:00
SF00128,越城区,870,353,2025-03-03 20:20:00
SF00121,越城区,1,0,2025-03-03 20:20:00
SF001211,越城区,180,164,2025-03-03 20:20:00
SF00152,越城区,500,196,2025-03-03 20:20:00
SF000902,越城区,300,197,2025-03-03 20:20:00
HK00010,越城区,170,13,2025-03-03 20:20:00
SF00146,越城区,150,58,2025-03-03 20:20:00
SF00133,越城区,260,125,2025-03-03 20:20:00
SF00104,越城区,50,24,2025-03-03 20:20:00
SF000903,越城区,470,342,2025-03-03 20:20:00
SF000901,越城区,500,192,2025-03-03 20:20:00
SF00173,越城区,450,83,2025-03-03 20:20:00
SF00155,越城区,125,103,2025-03-03 20:20:00
SF00159,越城区,230,5,2025-03-03 20:20:00
SF00939,越城区,350,285,2025-03-03 20:10:02
SF00935,越城区,110,2,2025-03-03 20:10:02
SF00923,越城区,150,140,2025-03-03 20:10:01
SF00915,越城区,286,227,2025-03-03 20:10:01
SF00187,越城区,55,27,2025-03-03 20:10:01
SF00905,越城区,95,40,2025-03-03 20:10:01
SF00904,越城区,180,146,2025-03-03 20:10:01
SF00910,越城区,100,91,2025-03-03 20:10:01
SF00918,越城区,140,131,2025-03-03 20:10:01
SF00912,越城区,85,51,2025-03-03 20:10:01
SF00933,越城区,37,33,2025-03-03 20:10:01
SF00907,越城区,400,9,2025-03-03 20:10:01
SF00908,越城区,180,107,2025-03-03 20:10:01
SF00925,越城区,50,39,2025-03-03 20:10:01
SF00901,越城区,76,52,2025-03-03 20:10:01
SF00917,越城区,150,139,2025-03-03 20:10:01
SF00930,越城区,300,271,2025-03-03 20:10:01
SF00926,越城区,120,53,2025-03-03 20:10:01
SF00914,越城区,280,254,2025-03-03 20:10:01
SF00921,越城区,170,155,2025-03-03 20:10:01
SF00916,越城区,90,33,2025-03-03 20:10:01
SF00934,越城区,200,181,2025-03-03 20:10:01
SF00932,越城区,60,38,2025-03-03 20:10:01
SF00920,越城区,80,2,2025-03-03 20:10:01
SF00903,越城区,147,135,2025-03-03 20:10:01
SF00906,越城区,180,165,2025-03-03 20:10:01
SF00913,越城区,45,43,2025-03-03 20:10:01
SF00928,越城区,300,116,2025-03-03 20:10:01
SF00902,越城区,110,102,2025-03-03 20:10:01
SF00909,越城区,100,42,2025-03-03 20:10:01
SF00919,越城区,50,49,2025-03-03 20:10:01
SF00911,越城区,20,1,2025-03-03 20:10:01
SF00931,越城区,75,31,2025-03-03 20:10:01
SF00927,越城区,240,191,2025-03-03 20:10:01
SF00929,越城区,1300,1171,2025-03-03 20:10:01
HK00021,越城区,150,105,2025-03-03 20:10:00
SF00120,越城区,220,191,2025-03-03 20:10:00
SF00141,越城区,50,4,2025-03-03 20:10:00
SF00104,越城区,50,19,2025-03-03 20:10:00
SF00107,越城区,200,62,2025-03-03 20:10:00
SF00128,越城区,870,348,2025-03-03 20:10:00
SF00152,越城区,500,205,2025-03-03 20:10:00
SF000903,越城区,470,341,2025-03-03 20:10:00
SF00174,越城区,100,61,2025-03-03 20:10:00
SF000902,越城区,300,195,2025-03-03 20:10:00
SF000901,越城区,500,185,2025-03-03 20:10:00
SF00133,越城区,260,123,2025-03-03 20:10:00
SF00121,越城区,1,0,2025-03-03 20:10:00
SF001211,越城区,180,164,2025-03-03 20:10:00
SF00182,越城区,35,19,2025-03-03 20:10:00
HK00001,越城区,138,54,2025-03-03 20:10:00
SF00159,越城区,230,5,2025-03-03 20:10:00
SF00146,越城区,150,65,2025-03-03 20:10:00
SF001041,越城区,90,84,2025-03-03 20:10:00
SF00124,越城区,500,203,2025-03-03 20:10:00
HK00010,越城区,170,13,2025-03-03 20:10:00
SF00171,越城区,700,397,2025-03-03 20:10:00
HK00020,越城区,1800,188,2025-03-03 20:10:00
SF00119,越城区,50,35,2025-03-03 20:10:00
SF00155,越城区,125,103,2025-03-03 20:10:00
SF00118,越城区,100,37,2025-03-03 20:10:00
SF00151,越城区,70,46,2025-03-03 20:10:00
SF00180,越城区,85,63,2025-03-03 20:10:00
HK00013,越城区,212,1,2025-03-03 20:10:00
SF00173,越城区,450,80,2025-03-03 20:10:00
HK00009,越城区,467,33,2025-03-03 20:10:00
SF00927,越城区,240,193,2025-03-03 20:00:02
SF00928,越城区,300,120,2025-03-03 20:00:02
SF00935,越城区,110,2,2025-03-03 20:00:02
SF00933,越城区,37,33,2025-03-03 20:00:02
SF00930,越城区,300,271,2025-03-03 20:00:02
SF00925,越城区,50,40,2025-03-03 20:00:02
SF00923,越城区,150,140,2025-03-03 20:00:02
SF00934,越城区,200,181,2025-03-03 20:00:02
SF00939,越城区,350,284,2025-03-03 20:00:02
SF00932,越城区,60,38,2025-03-03 20:00:02
SF00931,越城区,75,32,2025-03-03 20:00:02
SF00926,越城区,120,43,2025-03-03 20:00:02
SF00929,越城区,1300,1171,2025-03-03 20:00:02
SF00919,越城区,50,49,2025-03-03 20:00:01
SF00917,越城区,150,139,2025-03-03 20:00:01
SF00920,越城区,80,2,2025-03-03 20:00:01
SF00908,越城区,180,70,2025-03-03 20:00:01
SF00903,越城区,147,135,2025-03-03 20:00:01
SF00904,越城区,180,146,2025-03-03 20:00:01
SF00182,越城区,35,15,2025-03-03 20:00:01
SF00907,越城区,400,25,2025-03-03 20:00:01
SF00901,越城区,76,51,2025-03-03 20:00:01
SF00921,越城区,170,155,2025-03-03 20:00:01
SF00918,越城区,140,131,2025-03-03 20:00:01
SF00912,越城区,85,29,2025-03-03 20:00:01
SF00906,越城区,180,165,2025-03-03 20:00:01
SF00902,越城区,110,102,2025-03-03 20:00:01
SF00180,越城区,85,62,2025-03-03 20:00:01
SF00913,越城区,45,43,2025-03-03 20:00:01
SF00916,越城区,90,32,2025-03-03 20:00:01
SF00909,越城区,100,37,2025-03-03 20:00:01
SF00905,越城区,95,33,2025-03-03 20:00:01
SF00911,越城区,20,1,2025-03-03 20:00:01
SF00159,越城区,230,2,2025-03-03 20:00:01
SF00174,越城区,100,59,2025-03-03 20:00:01
SF00187,越城区,55,22,2025-03-03 20:00:01
SF00173,越城区,450,87,2025-03-03 20:00:01
SF00171,越城区,700,377,2025-03-03 20:00:01
SF00914,越城区,280,254,2025-03-03 20:00:01
SF00910,越城区,100,91,2025-03-03 20:00:01
SF00915,越城区,286,225,2025-03-03 20:00:01
SF001211,越城区,180,164,2025-03-03 20:00:00
SF00141,越城区,50,4,2025-03-03 20:00:00
HK00010,越城区,170,13,2025-03-03 20:00:00
SF00151,越城区,70,48,2025-03-03 20:00:00
SF00120,越城区,220,166,2025-03-03 20:00:00
SF00133,越城区,260,127,2025-03-03 20:00:00
SF00119,越城区,50,19,2025-03-03 20:00:00
HK00020,越城区,1800,188,2025-03-03 20:00:00
SF00146,越城区,150,65,2025-03-03 20:00:00
SF00128,越城区,870,348,2025-03-03 20:00:00
SF001041,越城区,90,84,2025-03-03 20:00:00
SF000902,越城区,300,192,2025-03-03 20:00:00
SF00107,越城区,200,64,2025-03-03 20:00:00
SF00155,越城区,125,103,2025-03-03 20:00:00
HK00021,越城区,150,105,2025-03-03 20:00:00
HK00013,越城区,212,1,2025-03-03 20:00:00
SF000901,越城区,500,186,2025-03-03 20:00:00
SF00121,越城区,1,0,2025-03-03 20:00:00
HK00001,越城区,138,58,2025-03-03 20:00:00
SF00152,越城区,500,204,2025-03-03 20:00:00
HK00009,越城区,467,33,2025-03-03 20:00:00
SF000903,越城区,470,334,2025-03-03 20:00:00
SF00118,越城区,100,41,2025-03-03 20:00:00
SF00124,越城区,500,197,2025-03-03 20:00:00
SF00104,越城区,50,25,2025-03-03 20:00:00
SF00939,越城区,350,285,2025-03-03 19:50:02
SF00935,越城区,110,2,2025-03-03 19:50:02
SF00920,越城区,80,2,2025-03-03 19:50:01
SF00929,越城区,1300,1171,2025-03-03 19:50:01
SF00902,越城区,110,102,2025-03-03 19:50:01
SF00912,越城区,85,36,2025-03-03 19:50:01
SF00913,越城区,45,43,2025-03-03 19:50:01
SF00933,越城区,37,33,2025-03-03 19:50:01
SF00904,越城区,180,144,2025-03-03 19:50:01
SF00921,越城区,170,155,2025-03-03 19:50:01
SF00923,越城区,150,140,2025-03-03 19:50:01
SF00932,越城区,60,39,2025-03-03 19:50:01
SF00914,越城区,280,254,2025-03-03 19:50:01
SF00910,越城区,100,91,2025-03-03 19:50:01
SF00928,越城区,300,122,2025-03-03 19:50:01
SF00905,越城区,95,37,2025-03-03 19:50:01
SF00901,越城区,76,50,2025-03-03 19:50:01
SF00906,越城区,180,165,2025-03-03 19:50:01
SF00930,越城区,300,271,2025-03-03 19:50:01
SF00926,越城区,120,47,2025-03-03 19:50:01
SF00915,越城区,286,224,2025-03-03 19:50:01
SF00909,越城区,100,38,2025-03-03 19:50:01
SF00934,越城区,200,181,2025-03-03 19:50:01
SF00903,越城区,147,135,2025-03-03 19:50:01
SF00911,越城区,20,1,2025-03-03 19:50:01
SF00907,越城区,400,30,2025-03-03 19:50:01
SF00908,越城区,180,68,2025-03-03 19:50:01
SF00918,越城区,140,131,2025-03-03 19:50:01
SF00931,越城区,75,25,2025-03-03 19:50:01
SF00916,越城区,90,36,2025-03-03 19:50:01
SF00919,越城区,50,49,2025-03-03 19:50:01
SF00917,越城区,150,139,2025-03-03 19:50:01
SF00925,越城区,50,41,2025-03-03 19:50:01
SF00927,越城区,240,191,2025-03-03 19:50:01
SF00133,越城区,260,127,2025-03-03 19:50:00
SF00107,越城区,200,72,2025-03-03 19:50:00
SF00119,越城区,50,19,2025-03-03 19:50:00
SF00171,越城区,700,378,2025-03-03 19:50:00
SF001211,越城区,180,164,2025-03-03 19:50:00
SF00146,越城区,150,60,2025-03-03 19:50:00
SF00121,越城区,1,0,2025-03-03 19:50:00
SF001041,越城区,90,84,2025-03-03 19:50:00
HK00020,越城区,1800,188,2025-03-03 19:50:00
HK00001,越城区,138,55,2025-03-03 19:50:00
SF00128,越城区,870,343,2025-03-03 19:50:00
SF00151,越城区,70,45,2025-03-03 19:50:00
SF00152,越城区,500,202,2025-03-03 19:50:00
SF00120,越城区,220,150,2025-03-03 19:50:00
SF00141,越城区,50,6,2025-03-03 19:50:00
SF00159,越城区,230,2,2025-03-03 19:50:00
HK00010,越城区,170,13,2025-03-03 19:50:00
SF000901,越城区,500,179,2025-03-03 19:50:00
SF00182,越城区,35,12,2025-03-03 19:50:00
SF00124,越城区,500,200,2025-03-03 19:50:00
SF000903,越城区,470,336,2025-03-03 19:50:00
SF00104,越城区,50,19,2025-03-03 19:50:00
SF000902,越城区,300,195,2025-03-03 19:50:00
SF00187,越城区,55,19,2025-03-03 19:50:00
HK00013,越城区,212,1,2025-03-03 19:50:00
SF00174,越城区,100,57,2025-03-03 19:50:00
SF00118,越城区,100,42,2025-03-03 19:50:00
SF00155,越城区,125,103,2025-03-03 19:50:00
SF00180,越城区,85,63,2025-03-03 19:50:00
HK00009,越城区,467,33,2025-03-03 19:50:00
SF00173,越城区,450,82,2025-03-03 19:50:00
HK00021,越城区,150,105,2025-03-03 19:50:00
SF00932,越城区,60,38,2025-03-03 19:40:02
SF00935,越城区,110,2,2025-03-03 19:40:02
SF00929,越城区,1300,1171,2025-03-03 19:40:02
SF00930,越城区,300,271,2025-03-03 19:40:02
SF00923,越城区,150,140,2025-03-03 19:40:02
SF00926,越城区,120,53,2025-03-03 19:40:02
SF00925,越城区,50,40,2025-03-03 19:40:02
SF00934,越城区,200,181,2025-03-03 19:40:02
SF00920,越城区,80,2,2025-03-03 19:40:02
SF00921,越城区,170,155,2025-03-03 19:40:02
SF00928,越城区,300,127,2025-03-03 19:40:02
SF00931,越城区,75,28,2025-03-03 19:40:02
SF00927,越城区,240,191,2025-03-03 19:40:02
SF00933,越城区,37,33,2025-03-03 19:40:02
SF00939,越城区,350,283,2025-03-03 19:40:02
SF00909,越城区,100,42,2025-03-03 19:40:01
SF00901,越城区,76,50,2025-03-03 19:40:01
SF00159,越城区,230,2,2025-03-03 19:40:01
SF00913,越城区,45,43,2025-03-03 19:40:01
SF00917,越城区,150,139,2025-03-03 19:40:01
SF00914,越城区,280,254,2025-03-03 19:40:01
SF00919,越城区,50,48,2025-03-03 19:40:01
SF00918,越城区,140,131,2025-03-03 19:40:01
SF00905,越城区,95,43,2025-03-03 19:40:01
SF00903,越城区,147,135,2025-03-03 19:40:01
SF00908,越城区,180,73,2025-03-03 19:40:01
SF00912,越城区,85,32,2025-03-03 19:40:01
SF00915,越城区,286,218,2025-03-03 19:40:01
SF00171,越城区,700,356,2025-03-03 19:40:01
SF00911,越城区,20,1,2025-03-03 19:40:01
SF00173,越城区,450,83,2025-03-03 19:40:01
SF00174,越城区,100,55,2025-03-03 19:40:01
SF00907,越城区,400,22,2025-03-03 19:40:01
SF00180,越城区,85,61,2025-03-03 19:40:01
SF00187,越城区,55,23,2025-03-03 19:40:01
SF00902,越城区,110,102,2025-03-03 19:40:01
SF00182,越城区,35,6,2025-03-03 19:40:01
SF00906,越城区,180,165,2025-03-03 19:40:01
SF00904,越城区,180,138,2025-03-03 19:40:01
SF00910,越城区,100,91,2025-03-03 19:40:01
SF00916,越城区,90,34,2025-03-03 19:40:01
SF00104,越城区,50,21,2025-03-03 19:40:00
SF001041,越城区,90,84,2025-03-03 19:40:00
SF00120,越城区,220,159,2025-03-03 19:40:00
SF00118,越城区,100,45,2025-03-03 19:40:00
HK00013,越城区,212,1,2025-03-03 19:40:00
SF00119,越城区,50,16,2025-03-03 19:40:00
SF00133,越城区,260,119,2025-03-03 19:40:00
SF00121,越城区,1,0,2025-03-03 19:40:00
SF000903,越城区,470,335,2025-03-03 19:40:00
HK00010,越城区,170,13,2025-03-03 19:40:00
HK00009,越城区,467,33,2025-03-03 19:40:00
SF00124,越城区,500,203,2025-03-03 19:40:00
SF000902,越城区,300,188,2025-03-03 19:40:00
SF00141,越城区,50,8,2025-03-03 19:40:00
SF00146,越城区,150,57,2025-03-03 19:40:00
SF000901,越城区,500,179,2025-03-03 19:40:00
HK00021,越城区,150,105,2025-03-03 19:40:00
HK00020,越城区,1800,188,2025-03-03 19:40:00
SF00152,越城区,500,196,2025-03-03 19:40:00
SF00107,越城区,200,76,2025-03-03 19:40:00
SF00155,越城区,125,103,2025-03-03 19:40:00
SF001211,越城区,180,164,2025-03-03 19:40:00
SF00151,越城区,70,45,2025-03-03 19:40:00
SF00128,越城区,870,349,2025-03-03 19:40:00
HK00001,越城区,138,52,2025-03-03 19:40:00
SF00923,越城区,150,140,2025-03-03 19:30:02
SF00933,越城区,37,33,2025-03-03 19:30:02
SF00919,越城区,50,48,2025-03-03 19:30:02
SF00935,越城区,110,2,2025-03-03 19:30:02
SF00928,越城区,300,130,2025-03-03 19:30:02
SF00927,越城区,240,186,2025-03-03 19:30:02
SF00934,越城区,200,181,2025-03-03 19:30:02
SF00925,越城区,50,42,2025-03-03 19:30:02
SF00920,越城区,80,2,2025-03-03 19:30:02
SF00921,越城区,170,155,2025-03-03 19:30:02
SF00932,越城区,60,38,2025-03-03 19:30:02
SF00929,越城区,1300,1171,2025-03-03 19:30:02
SF00939,越城区,350,285,2025-03-03 19:30:02
SF00931,越城区,75,27,2025-03-03 19:30:02
SF00930,越城区,300,271,2025-03-03 19:30:02
SF00926,越城区,120,43,2025-03-03 19:30:02
SF00901,越城区,76,49,2025-03-03 19:30:01
SF00908,越城区,180,67,2025-03-03 19:30:01
SF00180,越城区,85,59,2025-03-03 19:30:01
SF00906,越城区,180,165,2025-03-03 19:30:01
SF00910,越城区,100,91,2025-03-03 19:30:01
SF00904,越城区,180,137,2025-03-03 19:30:01
SF00902,越城区,110,102,2025-03-03 19:30:01
SF00159,越城区,230,2,2025-03-03 19:30:01
SF00917,越城区,150,139,2025-03-03 19:30:01
SF00173,越城区,450,96,2025-03-03 19:30:01
SF00171,越城区,700,357,2025-03-03 19:30:01
SF00909,越城区,100,35,2025-03-03 19:30:01
SF00174,越城区,100,55,2025-03-03 19:30:01
SF00155,越城区,125,103,2025-03-03 19:30:01
SF00905,越城区,95,39,2025-03-03 19:30:01
SF00915,越城区,286,214,2025-03-03 19:30:01
SF00912,越城区,85,31,2025-03-03 19:30:01
SF00913,越城区,45,43,2025-03-03 19:30:01
SF00914,越城区,280,254,2025-03-03 19:30:01
SF00187,越城区,55,24,2025-03-03 19:30:01
SF00903,越城区,147,135,2025-03-03 19:30:01
SF00911,越城区,20,1,2025-03-03 19:30:01
SF00182,越城区,35,6,2025-03-03 19:30:01
SF00907,越城区,400,32,2025-03-03 19:30:01
SF00918,越城区,140,131,2025-03-03 19:30:01
SF00916,越城区,90,36,2025-03-03 19:30:01
HK00009,越城区,467,33,2025-03-03 19:30:00
SF00119,越城区,50,20,2025-03-03 19:30:00
HK00013,越城区,212,1,2025-03-03 19:30:00
SF000902,越城区,300,188,2025-03-03 19:30:00
SF000903,越城区,470,331,2025-03-03 19:30:00
SF00107,越城区,200,75,2025-03-03 19:30:00
SF00104,越城区,50,19,2025-03-03 19:30:00
HK00001,越城区,138,55,2025-03-03 19:30:00
SF00118,越城区,100,42,2025-03-03 19:30:00
SF00146,越城区,150,58,2025-03-03 19:30:00
SF00128,越城区,870,346,2025-03-03 19:30:00
SF000901,越城区,500,173,2025-03-03 19:30:00
HK00021,越城区,150,105,2025-03-03 19:30:00
SF00152,越城区,500,200,2025-03-03 19:30:00
HK00010,越城区,170,13,2025-03-03 19:30:00
HK00020,越城区,1800,188,2025-03-03 19:30:00
SF00121,越城区,1,0,2025-03-03 19:30:00
SF00124,越城区,500,202,2025-03-03 19:30:00
SF00141,越城区,50,12,2025-03-03 19:30:00
SF001041,越城区,90,84,2025-03-03 19:30:00
SF00133,越城区,260,118,2025-03-03 19:30:00
SF00120,越城区,220,165,2025-03-03 19:30:00
SF001211,越城区,180,164,2025-03-03 19:30:00
SF00151,越城区,70,44,2025-03-03 19:30:00
SF00932,越城区,60,38,2025-03-03 19:20:02
SF00933,越城区,37,33,2025-03-03 19:20:02
SF00934,越城区,200,181,2025-03-03 19:20:02
SF00939,越城区,350,284,2025-03-03 19:20:02
SF00935,越城区,110,2,2025-03-03 19:20:02
SF00928,越城区,300,131,2025-03-03 19:20:01
SF00930,越城区,300,271,2025-03-03 19:20:01
SF00911,越城区,20,1,2025-03-03 19:20:01
SF00909,越城区,100,42,2025-03-03 19:20:01
SF00906,越城区,180,165,2025-03-03 19:20:01
SF00902,越城区,110,102,2025-03-03 19:20:01
SF00929,越城区,1300,1171,2025-03-03 19:20:01
SF00925,越城区,50,41,2025-03-03 19:20:01
SF00912,越城区,85,32,2025-03-03 19:20:01
SF00907,越城区,400,21,2025-03-03 19:20:01
SF00915,越城区,286,213,2025-03-03 19:20:01
SF00182,越城区,35,5,2025-03-03 19:20:01
SF00917,越城区,150,139,2025-03-03 19:20:01
SF00926,越城区,120,50,2025-03-03 19:20:01
SF00927,越城区,240,183,2025-03-03 19:20:01
SF00923,越城区,150,140,2025-03-03 19:20:01
SF00916,越城区,90,34,2025-03-03 19:20:01
SF00905,越城区,95,40,2025-03-03 19:20:01
SF00901,越城区,76,49,2025-03-03 19:20:01
SF00914,越城区,280,254,2025-03-03 19:20:01
SF00918,越城区,140,131,2025-03-03 19:20:01
SF00931,越城区,75,29,2025-03-03 19:20:01
SF00910,越城区,100,91,2025-03-03 19:20:01
SF00919,越城区,50,48,2025-03-03 19:20:01
SF00187,越城区,55,27,2025-03-03 19:20:01
SF00920,越城区,80,2,2025-03-03 19:20:01
SF00904,越城区,180,139,2025-03-03 19:20:01
SF00908,越城区,180,73,2025-03-03 19:20:01
SF00903,越城区,147,135,2025-03-03 19:20:01
SF00921,越城区,170,155,2025-03-03 19:20:01
SF00913,越城区,45,43,2025-03-03 19:20:01
SF00152,越城区,500,195,2025-03-03 19:20:00
SF00155,越城区,125,103,2025-03-03 19:20:00
SF000903,越城区,470,315,2025-03-03 19:20:00
HK00021,越城区,150,105,2025-03-03 19:20:00
HK00001,越城区,138,52,2025-03-03 19:20:00
SF00124,越城区,500,205,2025-03-03 19:20:00
SF00180,越城区,85,57,2025-03-03 19:20:00
SF00174,越城区,100,53,2025-03-03 19:20:00
SF00121,越城区,1,0,2025-03-03 19:20:00
SF00107,越城区,200,78,2025-03-03 19:20:00
HK00009,越城区,467,33,2025-03-03 19:20:00
SF00104,越城区,50,21,2025-03-03 19:20:00
SF000901,越城区,500,177,2025-03-03 19:20:00
SF000902,越城区,300,191,2025-03-03 19:20:00
SF00118,越城区,100,40,2025-03-03 19:20:00
SF001211,越城区,180,164,2025-03-03 19:20:00
SF00133,越城区,260,115,2025-03-03 19:20:00
SF00128,越城区,870,346,2025-03-03 19:20:00
SF00141,越城区,50,11,2025-03-03 19:20:00
SF00151,越城区,70,45,2025-03-03 19:20:00
SF001041,越城区,90,84,2025-03-03 19:20:00
SF00159,越城区,230,2,2025-03-03 19:20:00
HK00010,越城区,170,13,2025-03-03 19:20:00
SF00119,越城区,50,17,2025-03-03 19:20:00
SF00173,越城区,450,102,2025-03-03 19:20:00
SF00146,越城区,150,58,2025-03-03 19:20:00
HK00020,越城区,1800,188,2025-03-03 19:20:00
HK00013,越城区,212,1,2025-03-03 19:20:00
SF00171,越城区,700,344,2025-03-03 19:20:00
SF00120,越城区,220,163,2025-03-03 19:20:00
SF00925,越城区,50,41,2025-03-03 19:10:01
SF00939,越城区,350,282,2025-03-03 19:10:01
SF00920,越城区,80,2,2025-03-03 19:10:01
SF00908,越城区,180,67,2025-03-03 19:10:01
SF00931,越城区,75,25,2025-03-03 19:10:01
SF00923,越城区,150,140,2025-03-03 19:10:01
SF00927,越城区,240,184,2025-03-03 19:10:01
SF00930,越城区,300,271,2025-03-03 19:10:01
SF00907,越城区,400,20,2025-03-03 19:10:01
SF00934,越城区,200,181,2025-03-03 19:10:01
SF00913,越城区,45,43,2025-03-03 19:10:01
SF00915,越城区,286,216,2025-03-03 19:10:01
SF00935,越城区,110,11,2025-03-03 19:10:01
SF00926,越城区,120,46,2025-03-03 19:10:01
SF00911,越城区,20,1,2025-03-03 19:10:01
SF00906,越城区,180,165,2025-03-03 19:10:01
SF00902,越城区,110,102,2025-03-03 19:10:01
SF00918,越城区,140,131,2025-03-03 19:10:01
SF00919,越城区,50,46,2025-03-03 19:10:01
SF00909,越城区,100,38,2025-03-03 19:10:01
SF00901,越城区,76,47,2025-03-03 19:10:01
SF00921,越城区,170,155,2025-03-03 19:10:01
SF00929,越城区,1300,1171,2025-03-03 19:10:01
SF00928,越城区,300,138,2025-03-03 19:10:01
SF00912,越城区,85,33,2025-03-03 19:10:01
SF00914,越城区,280,254,2025-03-03 19:10:01
SF00917,越城区,150,139,2025-03-03 19:10:01
SF00916,越城区,90,35,2025-03-03 19:10:01
SF00932,越城区,60,39,2025-03-03 19:10:01
SF00933,越城区,37,33,2025-03-03 19:10:01
SF00904,越城区,180,142,2025-03-03 19:10:01
SF00903,越城区,147,135,2025-03-03 19:10:01
SF00905,越城区,95,42,2025-03-03 19:10:01
SF00910,越城区,100,91,2025-03-03 19:10:01
SF00152,越城区,500,203,2025-03-03 19:10:00
SF00118,越城区,100,44,2025-03-03 19:10:00
SF000903,越城区,470,307,2025-03-03 19:10:00
HK00010,越城区,170,13,2025-03-03 19:10:00
SF00182,越城区,35,4,2025-03-03 19:10:00
SF00107,越城区,200,81,2025-03-03 19:10:00
SF00171,越城区,700,350,2025-03-03 19:10:00
SF00104,越城区,50,20,2025-03-03 19:10:00
SF00187,越城区,55,27,2025-03-03 19:10:00
SF001211,越城区,180,164,2025-03-03 19:10:00
SF00173,越城区,450,100,2025-03-03 19:10:00
SF00121,越城区,1,0,2025-03-03 19:10:00
SF00133,越城区,260,119,2025-03-03 19:10:00
HK00009,越城区,467,33,2025-03-03 19:10:00
SF00174,越城区,100,45,2025-03-03 19:10:00
SF001041,越城区,90,84,2025-03-03 19:10:00
SF00159,越城区,230,2,2025-03-03 19:10:00
SF00119,越城区,50,22,2025-03-03 19:10:00
SF000901,越城区,500,188,2025-03-03 19:10:00
HK00021,越城区,150,105,2025-03-03 19:10:00
HK00020,越城区,1800,188,2025-03-03 19:10:00
SF00146,越城区,150,57,2025-03-03 19:10:00
SF000902,越城区,300,190,2025-03-03 19:10:00
HK00013,越城区,212,1,2025-03-03 19:10:00
SF00128,越城区,870,348,2025-03-03 19:10:00
SF00120,越城区,220,171,2025-03-03 19:10:00
SF00124,越城区,500,203,2025-03-03 19:10:00
SF00151,越城区,70,46,2025-03-03 19:10:00
HK00001,越城区,138,60,2025-03-03 19:10:00
SF00180,越城区,85,56,2025-03-03 19:10:00
SF00155,越城区,125,103,2025-03-03 19:10:00
SF00141,越城区,50,12,2025-03-03 19:10:00
SF00930,越城区,300,271,2025-03-03 19:00:02
SF00928,越城区,300,130,2025-03-03 19:00:02
SF00934,越城区,200,181,2025-03-03 19:00:02
SF00932,越城区,60,39,2025-03-03 19:00:02
SF00933,越城区,37,33,2025-03-03 19:00:02
SF00929,越城区,1300,1171,2025-03-03 19:00:02
SF00935,越城区,110,13,2025-03-03 19:00:02
SF00926,越城区,120,45,2025-03-03 19:00:02
SF00927,越城区,240,185,2025-03-03 19:00:02
SF00939,越城区,350,282,2025-03-03 19:00:02
SF00931,越城区,75,34,2025-03-03 19:00:02
SF00912,越城区,85,30,2025-03-03 19:00:01
SF00902,越城区,110,102,2025-03-03 19:00:01
SF00182,越城区,35,2,2025-03-03 19:00:01
SF00911,越城区,20,1,2025-03-03 19:00:01
SF00174,越城区,100,47,2025-03-03 19:00:01
SF00916,越城区,90,38,2025-03-03 19:00:01
SF00917,越城区,150,139,2025-03-03 19:00:01
SF00921,越城区,170,155,2025-03-03 19:00:01
SF00907,越城区,400,19,2025-03-03 19:00:01
SF00914,越城区,280,254,2025-03-03 19:00:01
SF00909,越城区,100,36,2025-03-03 19:00:01
SF00171,越城区,700,340,2025-03-03 19:00:01
SF00904,越城区,180,143,2025-03-03 19:00:01
SF00908,越城区,180,73,2025-03-03 19:00:01
SF00915,越城区,286,218,2025-03-03 19:00:01
SF00180,越城区,85,56,2025-03-03 19:00:01
SF00910,越城区,100,91,2025-03-03 19:00:01
SF00906,越城区,180,165,2025-03-03 19:00:01
SF00903,越城区,147,135,2025-03-03 19:00:01
SF00901,越城区,76,45,2025-03-03 19:00:01
SF00905,越城区,95,35,2025-03-03 19:00:01
SF00913,越城区,45,43,2025-03-03 19:00:01
SF00918,越城区,140,131,2025-03-03 19:00:01
SF00919,越城区,50,50,2025-03-03 19:00:01
SF00923,越城区,150,140,2025-03-03 19:00:01
SF00920,越城区,80,2,2025-03-03 19:00:01
SF00187,越城区,55,20,2025-03-03 19:00:01
SF00173,越城区,450,115,2025-03-03 19:00:01
SF00925,越城区,50,40,2025-03-03 19:00:01
SF00159,越城区,230,2,2025-03-03 19:00:00
SF00151,越城区,70,43,2025-03-03 19:00:00
SF00121,越城区,1,0,2025-03-03 19:00:00
HK00013,越城区,212,1,2025-03-03 19:00:00
SF000901,越城区,500,192,2025-03-03 19:00:00
SF00146,越城区,150,55,2025-03-03 19:00:00
SF00152,越城区,500,198,2025-03-03 19:00:00
SF00133,越城区,260,124,2025-03-03 19:00:00
HK00020,越城区,1800,188,2025-03-03 19:00:00
SF00155,越城区,125,102,2025-03-03 19:00:00
SF00128,越城区,870,350,2025-03-03 19:00:00
SF000902,越城区,300,189,2025-03-03 19:00:00
HK00009,越城区,467,33,2025-03-03 19:00:00
SF001041,越城区,90,84,2025-03-03 19:00:00
SF00141,越城区,50,12,2025-03-03 19:00:00
SF00104,越城区,50,17,2025-03-03 19:00:00
SF00107,越城区,200,84,2025-03-03 19:00:00
SF001211,越城区,180,164,2025-03-03 19:00:00
HK00001,越城区,138,52,2025-03-03 19:00:00
HK00021,越城区,150,105,2025-03-03 19:00:00
SF00118,越城区,100,44,2025-03-03 19:00:00
SF00124,越城区,500,203,2025-03-03 19:00:00
SF00119,越城区,50,24,2025-03-03 19:00:00
HK00010,越城区,170,13,2025-03-03 19:00:00
SF00120,越城区,220,167,2025-03-03 19:00:00
SF000903,越城区,470,308,2025-03-03 19:00:00
SF00931,越城区,75,26,2025-03-03 18:50:02
SF00935,越城区,110,16,2025-03-03 18:50:02
SF00930,越城区,300,271,2025-03-03 18:50:02
SF00939,越城区,350,282,2025-03-03 18:50:02
SF00934,越城区,200,181,2025-03-03 18:50:02
SF00932,越城区,60,40,2025-03-03 18:50:02
SF00933,越城区,37,33,2025-03-03 18:50:02
SF00920,越城区,80,2,2025-03-03 18:50:01
SF00919,越城区,50,50,2025-03-03 18:50:01
SF00926,越城区,120,49,2025-03-03 18:50:01
SF00902,越城区,110,102,2025-03-03 18:50:01
SF00917,越城区,150,139,2025-03-03 18:50:01
SF00910,越城区,100,91,2025-03-03 18:50:01
SF00908,越城区,180,69,2025-03-03 18:50:01
SF00905,越城区,95,34,2025-03-03 18:50:01
SF00927,越城区,240,181,2025-03-03 18:50:01
SF00903,越城区,147,135,2025-03-03 18:50:01
SF00913,越城区,45,43,2025-03-03 18:50:01
SF00914,越城区,280,254,2025-03-03 18:50:01
SF00921,越城区,170,155,2025-03-03 18:50:01
SF00929,越城区,1300,1171,2025-03-03 18:50:01
SF00911,越城区,20,1,2025-03-03 18:50:01
SF00918,越城区,140,131,2025-03-03 18:50:01
SF00912,越城区,85,34,2025-03-03 18:50:01
SF00915,越城区,286,224,2025-03-03 18:50:01
SF00909,越城区,100,43,2025-03-03 18:50:01
SF00906,越城区,180,165,2025-03-03 18:50:01
SF00916,越城区,90,35,2025-03-03 18:50:01
SF00904,越城区,180,144,2025-03-03 18:50:01
SF00925,越城区,50,42,2025-03-03 18:50:01
SF00907,越城区,400,23,2025-03-03 18:50:01
SF00923,越城区,150,140,2025-03-03 18:50:01
SF00901,越城区,76,41,2025-03-03 18:50:01
SF00928,越城区,300,136,2025-03-03 18:50:01
SF00187,越城区,55,25,2025-03-03 18:50:01
SF00182,越城区,35,2,2025-03-03 18:50:01
SF00104,越城区,50,23,2025-03-03 18:50:00
SF00141,越城区,50,15,2025-03-03 18:50:00
SF00159,越城区,230,2,2025-03-03 18:50:00
SF00146,越城区,150,65,2025-03-03 18:50:00
SF00120,越城区,220,161,2025-03-03 18:50:00
SF00174,越城区,100,50,2025-03-03 18:50:00
SF00151,越城区,70,42,2025-03-03 18:50:00
SF00119,越城区,50,23,2025-03-03 18:50:00
HK00020,越城区,1800,188,2025-03-03 18:50:00
SF001211,越城区,180,164,2025-03-03 18:50:00
SF00152,越城区,500,199,2025-03-03 18:50:00
HK00010,越城区,170,13,2025-03-03 18:50:00
SF000902,越城区,300,197,2025-03-03 18:50:00
SF001041,越城区,90,84,2025-03-03 18:50:00
SF00171,越城区,700,335,2025-03-03 18:50:00
SF000903,越城区,470,320,2025-03-03 18:50:00
SF00173,越城区,450,114,2025-03-03 18:50:00
SF00124,越城区,500,205,2025-03-03 18:50:00
SF00128,越城区,870,344,2025-03-03 18:50:00
HK00021,越城区,150,105,2025-03-03 18:50:00
SF00133,越城区,260,123,2025-03-03 18:50:00
SF00180,越城区,85,56,2025-03-03 18:50:00
SF00118,越城区,100,45,2025-03-03 18:50:00
HK00009,越城区,467,33,2025-03-03 18:50:00
HK00013,越城区,212,1,2025-03-03 18:50:00
SF00121,越城区,1,0,2025-03-03 18:50:00
HK00001,越城区,138,58,2025-03-03 18:50:00
SF000901,越城区,500,208,2025-03-03 18:50:00
SF00107,越城区,200,84,2025-03-03 18:50:00
SF00155,越城区,125,102,2025-03-03 18:50:00
SF00934,越城区,200,181,2025-03-03 18:40:02
SF00939,越城区,350,282,2025-03-03 18:40:02
SF00935,越城区,110,18,2025-03-03 18:40:02
SF00933,越城区,37,33,2025-03-03 18:40:02
SF00907,越城区,400,29,2025-03-03 18:40:01
SF00913,越城区,45,43,2025-03-03 18:40:01
SF00917,越城区,150,139,2025-03-03 18:40:01
SF00928,越城区,300,136,2025-03-03 18:40:01
SF00915,越城区,286,229,2025-03-03 18:40:01
SF00187,越城区,55,19,2025-03-03 18:40:01
SF00910,越城区,100,91,2025-03-03 18:40:01
SF00923,越城区,150,140,2025-03-03 18:40:01
SF00908,越城区,180,75,2025-03-03 18:40:01
SF00916,越城区,90,31,2025-03-03 18:40:01
SF00929,越城区,1300,1171,2025-03-03 18:40:01
SF00902,越城区,110,102,2025-03-03 18:40:01
SF00909,越城区,100,38,2025-03-03 18:40:01
SF00925,越城区,50,42,2025-03-03 18:40:01
SF00901,越城区,76,39,2025-03-03 18:40:01
SF00904,越城区,180,141,2025-03-03 18:40:01
SF00906,越城区,180,165,2025-03-03 18:40:01
SF00905,越城区,95,42,2025-03-03 18:40:01
SF00926,越城区,120,49,2025-03-03 18:40:01
SF00930,越城区,300,271,2025-03-03 18:40:01
SF00921,越城区,170,155,2025-03-03 18:40:01
SF00912,越城区,85,38,2025-03-03 18:40:01
SF00931,越城区,75,26,2025-03-03 18:40:01
SF00911,越城区,20,1,2025-03-03 18:40:01
SF00932,越城区,60,39,2025-03-03 18:40:01
SF00918,越城区,140,131,2025-03-03 18:40:01
SF00182,越城区,35,2,2025-03-03 18:40:01
SF00919,越城区,50,49,2025-03-03 18:40:01
SF00914,越城区,280,254,2025-03-03 18:40:01
SF00927,越城区,240,182,2025-03-03 18:40:01
SF00903,越城区,147,135,2025-03-03 18:40:01
SF00920,越城区,80,2,2025-03-03 18:40:01
SF00151,越城区,70,38,2025-03-03 18:40:00
HK00013,越城区,212,1,2025-03-03 18:40:00
SF00120,越城区,220,160,2025-03-03 18:40:00
SF001041,越城区,90,84,2025-03-03 18:40:00
HK00009,越城区,467,33,2025-03-03 18:40:00
SF000901,越城区,500,214,2025-03-03 18:40:00
HK00010,越城区,170,13,2025-03-03 18:40:00
HK00021,越城区,150,105,2025-03-03 18:40:00
HK00001,越城区,138,59,2025-03-03 18:40:00
SF00180,越城区,85,55,2025-03-03 18:40:00
HK00020,越城区,1800,188,2025-03-03 18:40:00
SF000902,越城区,300,201,2025-03-03 18:40:00
SF001211,越城区,180,164,2025-03-03 18:40:00
SF00133,越城区,260,118,2025-03-03 18:40:00
SF00118,越城区,100,36,2025-03-03 18:40:00
SF00124,越城区,500,198,2025-03-03 18:40:00
SF00171,越城区,700,339,2025-03-03 18:40:00
SF00174,越城区,100,55,2025-03-03 18:40:00
SF00128,越城区,870,346,2025-03-03 18:40:00
SF000903,越城区,470,318,2025-03-03 18:40:00
SF00152,越城区,500,203,2025-03-03 18:40:00
SF00107,越城区,200,85,2025-03-03 18:40:00
SF00155,越城区,125,101,2025-03-03 18:40:00
SF00121,越城区,1,0,2025-03-03 18:40:00
SF00141,越城区,50,15,2025-03-03 18:40:00
SF00119,越城区,50,20,2025-03-03 18:40:00
SF00173,越城区,450,119,2025-03-03 18:40:00
SF00104,越城区,50,19,2025-03-03 18:40:00
SF00146,越城区,150,56,2025-03-03 18:40:00
SF00159,越城区,230,2,2025-03-03 18:40:00
SF00932,越城区,60,40,2025-03-03 18:30:01
SF00928,越城区,300,132,2025-03-03 18:30:01
SF00906,越城区,180,165,2025-03-03 18:30:01
SF00915,越城区,286,234,2025-03-03 18:30:01
SF00910,越城区,100,91,2025-03-03 18:30:01
SF00905,越城区,95,42,2025-03-03 18:30:01
SF00913,越城区,45,43,2025-03-03 18:30:01
SF00926,越城区,120,45,2025-03-03 18:30:01
SF00908,越城区,180,69,2025-03-03 18:30:01
SF00914,越城区,280,254,2025-03-03 18:30:01
SF00927,越城区,240,181,2025-03-03 18:30:01
SF00939,越城区,350,277,2025-03-03 18:30:01
SF00903,越城区,147,135,2025-03-03 18:30:01
SF00907,越城区,400,36,2025-03-03 18:30:01
SF00925,越城区,50,43,2025-03-03 18:30:01
SF00911,越城区,20,1,2025-03-03 18:30:01
SF00920,越城区,80,2,2025-03-03 18:30:01
SF00917,越城区,150,139,2025-03-03 18:30:01
SF00904,越城区,180,142,2025-03-03 18:30:01
SF00935,越城区,110,18,2025-03-03 18:30:01
SF00919,越城区,50,49,2025-03-03 18:30:01
SF00918,越城区,140,131,2025-03-03 18:30:01
SF00929,越城区,1300,1171,2025-03-03 18:30:01
SF00933,越城区,37,33,2025-03-03 18:30:01
SF00909,越城区,100,35,2025-03-03 18:30:01
SF00934,越城区,200,181,2025-03-03 18:30:01
SF00912,越城区,85,34,2025-03-03 18:30:01
SF00931,越城区,75,31,2025-03-03 18:30:01
SF00916,越城区,90,37,2025-03-03 18:30:01
SF00930,越城区,300,271,2025-03-03 18:30:01
SF00921,越城区,170,155,2025-03-03 18:30:01
SF00923,越城区,150,140,2025-03-03 18:30:01
HK00001,越城区,138,58,2025-03-03 18:30:00
SF00124,越城区,500,198,2025-03-03 18:30:00
SF00173,越城区,450,120,2025-03-03 18:30:00
SF00155,越城区,125,103,2025-03-03 18:30:00
SF00141,越城区,50,15,2025-03-03 18:30:00
SF000902,越城区,300,205,2025-03-03 18:30:00
SF00119,越城区,50,22,2025-03-03 18:30:00
HK00009,越城区,467,33,2025-03-03 18:30:00
SF00146,越城区,150,63,2025-03-03 18:30:00
SF00159,越城区,230,2,2025-03-03 18:30:00
SF00128,越城区,870,350,2025-03-03 18:30:00
SF00120,越城区,220,164,2025-03-03 18:30:00
SF00151,越城区,70,38,2025-03-03 18:30:00
SF00901,越城区,76,40,2025-03-03 18:30:00
SF00182,越城区,35,2,2025-03-03 18:30:00
SF00180,越城区,85,55,2025-03-03 18:30:00
SF00171,越城区,700,354,2025-03-03 18:30:00
SF00133,越城区,260,119,2025-03-03 18:30:00
HK00021,越城区,150,105,2025-03-03 18:30:00
HK00020,越城区,1800,188,2025-03-03 18:30:00
SF00121,越城区,1,0,2025-03-03 18:30:00
SF00902,越城区,110,102,2025-03-03 18:30:00
SF000901,越城区,500,207,2025-03-03 18:30:00
SF00107,越城区,200,93,2025-03-03 18:30:00
SF00187,越城区,55,22,2025-03-03 18:30:00
SF00118,越城区,100,45,2025-03-03 18:30:00
HK00010,越城区,170,13,2025-03-03 18:30:00
SF001211,越城区,180,164,2025-03-03 18:30:00
SF001041,越城区,90,84,2025-03-03 18:30:00
HK00013,越城区,212,1,2025-03-03 18:30:00
SF00174,越城区,100,57,2025-03-03 18:30:00
SF000903,越城区,470,320,2025-03-03 18:30:00
SF00104,越城区,50,23,2025-03-03 18:30:00
SF00152,越城区,500,196,2025-03-03 18:30:00
SF00939,越城区,350,274,2025-03-03 18:20:02
SF00935,越城区,110,18,2025-03-03 18:20:02
SF00931,越城区,75,29,2025-03-03 18:20:01
SF00927,越城区,240,182,2025-03-03 18:20:01
SF00923,越城区,150,140,2025-03-03 18:20:01
SF00926,越城区,120,44,2025-03-03 18:20:01
SF00917,越城区,150,139,2025-03-03 18:20:01
SF00909,越城区,100,43,2025-03-03 18:20:01
SF00906,越城区,180,165,2025-03-03 18:20:01
SF00916,越城区,90,32,2025-03-03 18:20:01
SF00903,越城区,147,135,2025-03-03 18:20:01
SF00920,越城区,80,2,2025-03-03 18:20:01
SF00928,越城区,300,133,2025-03-03 18:20:01
SF00919,越城区,50,49,2025-03-03 18:20:01
SF00918,越城区,140,131,2025-03-03 18:20:01
SF00915,越城区,286,237,2025-03-03 18:20:01
SF00921,越城区,170,155,2025-03-03 18:20:01
SF00925,越城区,50,42,2025-03-03 18:20:01
SF00908,越城区,180,72,2025-03-03 18:20:01
SF00929,越城区,1300,1171,2025-03-03 18:20:01
SF00933,越城区,37,33,2025-03-03 18:20:01
SF00911,越城区,20,1,2025-03-03 18:20:01
SF00914,越城区,280,254,2025-03-03 18:20:01
SF00932,越城区,60,39,2025-03-03 18:20:01
SF00912,越城区,85,36,2025-03-03 18:20:01
SF00901,越城区,76,36,2025-03-03 18:20:01
SF00905,越城区,95,33,2025-03-03 18:20:01
SF00934,越城区,200,181,2025-03-03 18:20:01
SF00187,越城区,55,20,2025-03-03 18:20:01
SF00904,越城区,180,140,2025-03-03 18:20:01
SF00930,越城区,300,271,2025-03-03 18:20:01
SF00913,越城区,45,43,2025-03-03 18:20:01
SF00910,越城区,100,91,2025-03-03 18:20:01
SF00902,越城区,110,102,2025-03-03 18:20:01
SF00907,越城区,400,57,2025-03-03 18:20:01
HK00021,越城区,150,105,2025-03-03 18:20:00
SF001041,越城区,90,84,2025-03-03 18:20:00
SF001211,越城区,180,164,2025-03-03 18:20:00
SF000901,越城区,500,223,2025-03-03 18:20:00
HK00010,越城区,170,13,2025-03-03 18:20:00
SF00128,越城区,870,353,2025-03-03 18:20:00
SF00133,越城区,260,109,2025-03-03 18:20:00
SF00151,越城区,70,37,2025-03-03 18:20:00
SF00107,越城区,200,97,2025-03-03 18:20:00
SF00120,越城区,220,158,2025-03-03 18:20:00
SF000902,越城区,300,207,2025-03-03 18:20:00
HK00013,越城区,212,1,2025-03-03 18:20:00
SF00171,越城区,700,377,2025-03-03 18:20:00
SF00146,越城区,150,61,2025-03-03 18:20:00
SF00141,越城区,50,15,2025-03-03 18:20:00
SF00121,越城区,1,0,2025-03-03 18:20:00
SF00173,越城区,450,121,2025-03-03 18:20:00
HK00001,越城区,138,58,2025-03-03 18:20:00
SF00155,越城区,125,103,2025-03-03 18:20:00
SF00180,越城区,85,55,2025-03-03 18:20:00
SF00152,越城区,500,196,2025-03-03 18:20:00
SF00174,越城区,100,59,2025-03-03 18:20:00
SF00182,越城区,35,2,2025-03-03 18:20:00
SF00104,越城区,50,23,2025-03-03 18:20:00
SF000903,越城区,470,337,2025-03-03 18:20:00
HK00009,越城区,467,33,2025-03-03 18:20:00
SF00119,越城区,50,21,2025-03-03 18:20:00
SF00159,越城区,230,2,2025-03-03 18:20:00
SF00118,越城区,100,36,2025-03-03 18:20:00
SF00124,越城区,500,201,2025-03-03 18:20:00
HK00020,越城区,1800,188,2025-03-03 18:20:00
SF00932,越城区,60,38,2025-03-03 18:10:02
SF00933,越城区,37,33,2025-03-03 18:10:02
SF00939,越城区,350,270,2025-03-03 18:10:02
SF00930,越城区,300,271,2025-03-03 18:10:02
SF00934,越城区,200,181,2025-03-03 18:10:02
SF00931,越城区,75,35,2025-03-03 18:10:02
SF00928,越城区,300,134,2025-03-03 18:10:02
SF00935,越城区,110,10,2025-03-03 18:10:02
SF00929,越城区,1300,1171,2025-03-03 18:10:02
SF00901,越城区,76,36,2025-03-03 18:10:01
SF00912,越城区,85,32,2025-03-03 18:10:01
SF00921,越城区,170,155,2025-03-03 18:10:01
SF00918,越城区,140,131,2025-03-03 18:10:01
SF00908,越城区,180,77,2025-03-03 18:10:01
SF00911,越城区,20,1,2025-03-03 18:10:01
SF00182,越城区,35,2,2025-03-03 18:10:01
SF00187,越城区,55,23,2025-03-03 18:10:01
SF00906,越城区,180,165,2025-03-03 18:10:01
SF00917,越城区,150,139,2025-03-03 18:10:01
SF00913,越城区,45,43,2025-03-03 18:10:01
SF00920,越城区,80,2,2025-03-03 18:10:01
SF00919,越城区,50,49,2025-03-03 18:10:01
SF00916,越城区,90,37,2025-03-03 18:10:01
SF00905,越城区,95,34,2025-03-03 18:10:01
SF00926,越城区,120,50,2025-03-03 18:10:01
SF00180,越城区,85,59,2025-03-03 18:10:01
SF00174,越城区,100,66,2025-03-03 18:10:01
SF00902,越城区,110,102,2025-03-03 18:10:01
SF00914,越城区,280,254,2025-03-03 18:10:01
SF00907,越城区,400,75,2025-03-03 18:10:01
SF00927,越城区,240,179,2025-03-03 18:10:01
SF00904,越城区,180,142,2025-03-03 18:10:01
SF00909,越城区,100,43,2025-03-03 18:10:01
SF00915,越城区,286,236,2025-03-03 18:10:01
SF00925,越城区,50,41,2025-03-03 18:10:01
SF00903,越城区,147,135,2025-03-03 18:10:01
SF00923,越城区,150,140,2025-03-03 18:10:01
SF00910,越城区,100,91,2025-03-03 18:10:01
SF00141,越城区,50,18,2025-03-03 18:10:00
HK00021,越城区,150,105,2025-03-03 18:10:00
HK00013,越城区,212,1,2025-03-03 18:10:00
SF00121,越城区,1,0,2025-03-03 18:10:00
HK00010,越城区,170,13,2025-03-03 18:10:00
SF00119,越城区,50,17,2025-03-03 18:10:00
SF00155,越城区,125,100,2025-03-03 18:10:00
SF00151,越城区,70,33,2025-03-03 18:10:00
SF00128,越城区,870,345,2025-03-03 18:10:00
SF001211,越城区,180,164,2025-03-03 18:10:00
SF00118,越城区,100,35,2025-03-03 18:10:00
HK00001,越城区,138,58,2025-03-03 18:10:00
SF00133,越城区,260,109,2025-03-03 18:10:00
SF00104,越城区,50,19,2025-03-03 18:10:00
SF00124,越城区,500,195,2025-03-03 18:10:00
SF000902,越城区,300,205,2025-03-03 18:10:00
SF00107,越城区,200,104,2025-03-03 18:10:00
SF001041,越城区,90,84,2025-03-03 18:10:00
SF00173,越城区,450,125,2025-03-03 18:10:00
SF00152,越城区,500,205,2025-03-03 18:10:00
SF000901,越城区,500,241,2025-03-03 18:10:00
SF00159,越城区,230,2,2025-03-03 18:10:00
HK00009,越城区,467,33,2025-03-03 18:10:00
SF00120,越城区,220,158,2025-03-03 18:10:00
SF00146,越城区,150,61,2025-03-03 18:10:00
HK00020,越城区,1800,188,2025-03-03 18:10:00
SF00171,越城区,700,391,2025-03-03 18:10:00
SF000903,越城区,470,342,2025-03-03 18:10:00
SF00932,越城区,60,37,2025-03-03 18:00:02
SF00935,越城区,110,2,2025-03-03 18:00:02
SF00934,越城区,200,181,2025-03-03 18:00:02
SF00931,越城区,75,33,2025-03-03 18:00:02
SF00939,越城区,350,272,2025-03-03 18:00:02
SF00930,越城区,300,271,2025-03-03 18:00:02
SF00933,越城区,37,33,2025-03-03 18:00:02
SF00929,越城区,1300,1171,2025-03-03 18:00:02
SF00915,越城区,286,233,2025-03-03 18:00:01
SF00187,越城区,55,26,2025-03-03 18:00:01
SF00182,越城区,35,2,2025-03-03 18:00:01
SF00905,越城区,95,34,2025-03-03 18:00:01
SF00173,越城区,450,133,2025-03-03 18:00:01
SF00928,越城区,300,132,2025-03-03 18:00:01
SF00912,越城区,85,38,2025-03-03 18:00:01
SF00906,越城区,180,165,2025-03-03 18:00:01
SF00918,越城区,140,131,2025-03-03 18:00:01
SF00911,越城区,20,1,2025-03-03 18:00:01
SF00920,越城区,80,2,2025-03-03 18:00:01
SF00917,越城区,150,139,2025-03-03 18:00:01
SF00913,越城区,45,43,2025-03-03 18:00:01
SF00910,越城区,100,91,2025-03-03 18:00:01
SF00926,越城区,120,46,2025-03-03 18:00:01
SF00907,越城区,400,60,2025-03-03 18:00:01
SF00921,越城区,170,155,2025-03-03 18:00:01
SF00914,越城区,280,254,2025-03-03 18:00:01
SF00902,越城区,110,102,2025-03-03 18:00:01
SF00180,越城区,85,58,2025-03-03 18:00:01
SF00909,越城区,100,35,2025-03-03 18:00:01
SF00927,越城区,240,176,2025-03-03 18:00:01
SF00903,越城区,147,135,2025-03-03 18:00:01
SF00923,越城区,150,140,2025-03-03 18:00:01
SF00908,越城区,180,71,2025-03-03 18:00:01
SF00174,越城区,100,66,2025-03-03 18:00:01
SF00925,越城区,50,43,2025-03-03 18:00:01
SF00919,越城区,50,46,2025-03-03 18:00:01
SF00901,越城区,76,36,2025-03-03 18:00:01
SF00904,越城区,180,141,2025-03-03 18:00:01
SF00916,越城区,90,40,2025-03-03 18:00:01
SF000902,越城区,300,211,2025-03-03 18:00:00
SF00128,越城区,870,345,2025-03-03 18:00:00
SF00155,越城区,125,100,2025-03-03 18:00:00
SF00133,越城区,260,93,2025-03-03 18:00:00
HK00020,越城区,1800,188,2025-03-03 18:00:00
SF00104,越城区,50,22,2025-03-03 18:00:00
SF00120,越城区,220,166,2025-03-03 18:00:00
HK00021,越城区,150,105,2025-03-03 18:00:00
SF000903,越城区,470,349,2025-03-03 18:00:00
HK00013,越城区,212,1,2025-03-03 18:00:00
HK00009,越城区,467,33,2025-03-03 18:00:00
SF00171,越城区,700,413,2025-03-03 18:00:00
SF001041,越城区,90,84,2025-03-03 18:00:00
SF00107,越城区,200,103,2025-03-03 18:00:00
SF00124,越城区,500,195,2025-03-03 18:00:00
SF00146,越城区,150,55,2025-03-03 18:00:00
SF00119,越城区,50,21,2025-03-03 18:00:00
SF00121,越城区,1,0,2025-03-03 18:00:00
SF00141,越城区,50,21,2025-03-03 18:00:00
HK00001,越城区,138,50,2025-03-03 18:00:00
SF000901,越城区,500,237,2025-03-03 18:00:00
SF001211,越城区,180,164,2025-03-03 18:00:00
HK00010,越城区,170,13,2025-03-03 18:00:00
SF00118,越城区,100,38,2025-03-03 18:00:00
SF00159,越城区,230,2,2025-03-03 18:00:00
SF00152,越城区,500,198,2025-03-03 18:00:00
SF00151,越城区,70,28,2025-03-03 18:00:00
SF00923,越城区,150,140,2025-03-03 17:50:02
SF00919,越城区,50,46,2025-03-03 17:50:02
SF00933,越城区,37,33,2025-03-03 17:50:02
SF00935,越城区,110,2,2025-03-03 17:50:02
SF00926,越城区,120,51,2025-03-03 17:50:02
SF00920,越城区,80,2,2025-03-03 17:50:02
SF00929,越城区,1300,1171,2025-03-03 17:50:02
SF00925,越城区,50,42,2025-03-03 17:50:02
SF00932,越城区,60,39,2025-03-03 17:50:02
SF00934,越城区,200,181,2025-03-03 17:50:02
SF00921,越城区,170,155,2025-03-03 17:50:02
SF00927,越城区,240,172,2025-03-03 17:50:02
SF00931,越城区,75,27,2025-03-03 17:50:02
SF00928,越城区,300,137,2025-03-03 17:50:02
SF00939,越城区,350,272,2025-03-03 17:50:02
SF00930,越城区,300,271,2025-03-03 17:50:02
SF00905,越城区,95,43,2025-03-03 17:50:01
SF00910,越城区,100,91,2025-03-03 17:50:01
SF00182,越城区,35,2,2025-03-03 17:50:01
SF00180,越城区,85,59,2025-03-03 17:50:01
SF00155,越城区,125,99,2025-03-03 17:50:01
SF00914,越城区,280,254,2025-03-03 17:50:01
SF00902,越城区,110,102,2025-03-03 17:50:01
SF00904,越城区,180,140,2025-03-03 17:50:01
SF00173,越城区,450,138,2025-03-03 17:50:01
SF00917,越城区,150,139,2025-03-03 17:50:01
SF00918,越城区,140,131,2025-03-03 17:50:01
SF00174,越城区,100,64,2025-03-03 17:50:01
SF00908,越城区,180,69,2025-03-03 17:50:01
SF00913,越城区,45,43,2025-03-03 17:50:01
SF00911,越城区,20,1,2025-03-03 17:50:01
SF00187,越城区,55,26,2025-03-03 17:50:01
SF00901,越城区,76,33,2025-03-03 17:50:01
SF00906,越城区,180,165,2025-03-03 17:50:01
SF00907,越城区,400,47,2025-03-03 17:50:01
SF00912,越城区,85,38,2025-03-03 17:50:01
SF00171,越城区,700,427,2025-03-03 17:50:01
SF00903,越城区,147,135,2025-03-03 17:50:01
SF00915,越城区,286,230,2025-03-03 17:50:01
SF00152,越城区,500,197,2025-03-03 17:50:01
SF00159,越城区,230,2,2025-03-03 17:50:01
SF00916,越城区,90,35,2025-03-03 17:50:01
SF00909,越城区,100,38,2025-03-03 17:50:01
HK00021,越城区,150,105,2025-03-03 17:50:00
HK00001,越城区,138,59,2025-03-03 17:50:00
SF000902,越城区,300,217,2025-03-03 17:50:00
SF00151,越城区,70,26,2025-03-03 17:50:00
SF00141,越城区,50,24,2025-03-03 17:50:00
SF00104,越城区,50,21,2025-03-03 17:50:00
SF00119,越城区,50,22,2025-03-03 17:50:00
SF001041,越城区,90,84,2025-03-03 17:50:00
SF00124,越城区,500,202,2025-03-03 17:50:00
HK00013,越城区,212,1,2025-03-03 17:50:00
SF001211,越城区,180,164,2025-03-03 17:50:00
SF000903,越城区,470,357,2025-03-03 17:50:00
HK00020,越城区,1800,188,2025-03-03 17:50:00
SF00120,越城区,220,165,2025-03-03 17:50:00
SF00146,越城区,150,57,2025-03-03 17:50:00
HK00009,越城区,467,33,2025-03-03 17:50:00
SF000901,越城区,500,246,2025-03-03 17:50:00
SF00118,越城区,100,39,2025-03-03 17:50:00
SF00128,越城区,870,348,2025-03-03 17:50:00
SF00107,越城区,200,101,2025-03-03 17:50:00
SF00133,越城区,260,95,2025-03-03 17:50:00
HK00010,越城区,170,13,2025-03-03 17:50:00
SF00121,越城区,1,0,2025-03-03 17:50:00
SF00908,越城区,180,71,2025-03-03 17:40:01
SF00939,越城区,350,272,2025-03-03 17:40:01
SF00926,越城区,120,51,2025-03-03 17:40:01
SF00916,越城区,90,40,2025-03-03 17:40:01
SF00915,越城区,286,231,2025-03-03 17:40:01
SF00921,越城区,170,155,2025-03-03 17:40:01
SF00927,越城区,240,168,2025-03-03 17:40:01
SF00928,越城区,300,130,2025-03-03 17:40:01
SF00925,越城区,50,42,2025-03-03 17:40:01
SF00923,越城区,150,140,2025-03-03 17:40:01
SF00909,越城区,100,44,2025-03-03 17:40:01
SF00919,越城区,50,48,2025-03-03 17:40:01
SF00912,越城区,85,29,2025-03-03 17:40:01
SF00929,越城区,1300,1171,2025-03-03 17:40:01
SF00935,越城区,110,2,2025-03-03 17:40:01
SF00932,越城区,60,38,2025-03-03 17:40:01
SF00918,越城区,140,131,2025-03-03 17:40:01
SF00913,越城区,45,43,2025-03-03 17:40:01
SF00920,越城区,80,2,2025-03-03 17:40:01
SF00930,越城区,300,271,2025-03-03 17:40:01
SF00934,越城区,200,181,2025-03-03 17:40:01
SF00910,越城区,100,91,2025-03-03 17:40:01
SF00933,越城区,37,33,2025-03-03 17:40:01
SF00914,越城区,280,254,2025-03-03 17:40:01
SF00931,越城区,75,32,2025-03-03 17:40:01
SF00907,越城区,400,48,2025-03-03 17:40:01
SF00917,越城区,150,139,2025-03-03 17:40:01
SF00911,越城区,20,1,2025-03-03 17:40:01
SF00151,越城区,70,31,2025-03-03 17:40:00
SF00159,越城区,230,2,2025-03-03 17:40:00
SF00121,越城区,1,0,2025-03-03 17:40:00
SF00118,越城区,100,35,2025-03-03 17:40:00
SF00124,越城区,500,204,2025-03-03 17:40:00
HK00021,越城区,150,105,2025-03-03 17:40:00
SF001211,越城区,180,164,2025-03-03 17:40:00
SF00180,越城区,85,56,2025-03-03 17:40:00
SF00107,越城区,200,98,2025-03-03 17:40:00
HK00001,越城区,138,50,2025-03-03 17:40:00
SF00141,越城区,50,20,2025-03-03 17:40:00
SF00173,越城区,450,148,2025-03-03 17:40:00
SF00120,越城区,220,173,2025-03-03 17:40:00
SF00128,越城区,870,353,2025-03-03 17:40:00
SF00906,越城区,180,165,2025-03-03 17:40:00
SF00903,越城区,147,135,2025-03-03 17:40:00
SF00902,越城区,110,102,2025-03-03 17:40:00
HK00020,越城区,1800,188,2025-03-03 17:40:00
SF00104,越城区,50,24,2025-03-03 17:40:00
SF00155,越城区,125,97,2025-03-03 17:40:00
SF00133,越城区,260,100,2025-03-03 17:40:00
SF00146,越城区,150,62,2025-03-03 17:40:00
SF00171,越城区,700,436,2025-03-03 17:40:00
SF00182,越城区,35,2,2025-03-03 17:40:00
SF001041,越城区,90,84,2025-03-03 17:40:00
SF000902,越城区,300,211,2025-03-03 17:40:00
HK00013,越城区,212,1,2025-03-03 17:40:00
SF00187,越城区,55,27,2025-03-03 17:40:00
HK00010,越城区,170,13,2025-03-03 17:40:00
SF00174,越城区,100,67,2025-03-03 17:40:00
SF00152,越城区,500,196,2025-03-03 17:40:00
SF00119,越城区,50,25,2025-03-03 17:40:00
HK00009,越城区,467,33,2025-03-03 17:40:00
SF00905,越城区,95,39,2025-03-03 17:40:00
SF000901,越城区,500,255,2025-03-03 17:40:00
SF000903,越城区,470,357,2025-03-03 17:40:00
SF00901,越城区,76,29,2025-03-03 17:40:00
SF00904,越城区,180,133,2025-03-03 17:40:00
SF00931,越城区,75,26,2025-03-03 17:30:02
SF00928,越城区,300,114,2025-03-03 17:30:02
SF00930,越城区,300,271,2025-03-03 17:30:02
SF00927,越城区,240,158,2025-03-03 17:30:02
SF00935,越城区,110,2,2025-03-03 17:30:02
SF00932,越城区,60,38,2025-03-03 17:30:02
SF00929,越城区,1300,1171,2025-03-03 17:30:02
SF00939,越城区,350,272,2025-03-03 17:30:02
SF00934,越城区,200,181,2025-03-03 17:30:02
SF00933,越城区,37,33,2025-03-03 17:30:02
SF00926,越城区,120,44,2025-03-03 17:30:02
SF00180,越城区,85,53,2025-03-03 17:30:01
SF00907,越城区,400,44,2025-03-03 17:30:01
SF00925,越城区,50,42,2025-03-03 17:30:01
SF00904,越城区,180,132,2025-03-03 17:30:01
SF00911,越城区,20,1,2025-03-03 17:30:01
SF00923,越城区,150,140,2025-03-03 17:30:01
SF00902,越城区,110,102,2025-03-03 17:30:01
SF00913,越城区,45,43,2025-03-03 17:30:01
SF00918,越城区,140,131,2025-03-03 17:30:01
SF00920,越城区,80,2,2025-03-03 17:30:01
SF00919,越城区,50,48,2025-03-03 17:30:01
SF00915,越城区,286,229,2025-03-03 17:30:01
SF00921,越城区,170,155,2025-03-03 17:30:01
SF00901,越城区,76,23,2025-03-03 17:30:01
SF00171,越城区,700,446,2025-03-03 17:30:01
SF00909,越城区,100,39,2025-03-03 17:30:01
SF00187,越城区,55,27,2025-03-03 17:30:01
SF00173,越城区,450,152,2025-03-03 17:30:01
SF00908,越城区,180,67,2025-03-03 17:30:01
SF00912,越城区,85,39,2025-03-03 17:30:01
SF00905,越城区,95,42,2025-03-03 17:30:01
SF00917,越城区,150,139,2025-03-03 17:30:01
SF00174,越城区,100,65,2025-03-03 17:30:01
SF00906,越城区,180,165,2025-03-03 17:30:01
SF00182,越城区,35,2,2025-03-03 17:30:01
SF00916,越城区,90,33,2025-03-03 17:30:01
SF00910,越城区,100,91,2025-03-03 17:30:01
SF00903,越城区,147,135,2025-03-03 17:30:01
SF00914,越城区,280,254,2025-03-03 17:30:01
SF00146,越城区,150,61,2025-03-03 17:30:00
SF000902,越城区,300,215,2025-03-03 17:30:00
HK00001,越城区,138,55,2025-03-03 17:30:00
SF00120,越城区,220,155,2025-03-03 17:30:00
SF001041,越城区,90,84,2025-03-03 17:30:00
HK00021,越城区,150,105,2025-03-03 17:30:00
SF00133,越城区,260,67,2025-03-03 17:30:00
SF00159,越城区,230,2,2025-03-03 17:30:00
SF000901,越城区,500,267,2025-03-03 17:30:00
SF00104,越城区,50,17,2025-03-03 17:30:00
HK00009,越城区,467,33,2025-03-03 17:30:00
HK00010,越城区,170,13,2025-03-03 17:30:00
SF00121,越城区,1,0,2025-03-03 17:30:00
SF00128,越城区,870,345,2025-03-03 17:30:00
HK00013,越城区,212,1,2025-03-03 17:30:00
HK00020,越城区,1800,188,2025-03-03 17:30:00
SF00141,越城区,50,17,2025-03-03 17:30:00
SF00107,越城区,200,103,2025-03-03 17:30:00
SF00118,越城区,100,41,2025-03-03 17:30:00
SF00152,越城区,500,198,2025-03-03 17:30:00
SF00155,越城区,125,95,2025-03-03 17:30:00
SF00124,越城区,500,204,2025-03-03 17:30:00
SF001211,越城区,180,164,2025-03-03 17:30:00
SF00119,越城区,50,24,2025-03-03 17:30:00
SF000903,越城区,470,367,2025-03-03 17:30:00
SF00151,越城区,70,18,2025-03-03 17:30:00
SF00931,越城区,75,29,2025-03-03 17:20:02
SF00935,越城区,110,2,2025-03-03 17:20:02
SF00929,越城区,1300,1171,2025-03-03 17:20:02
SF00934,越城区,200,181,2025-03-03 17:20:02
SF00932,越城区,60,38,2025-03-03 17:20:02
SF00933,越城区,37,33,2025-03-03 17:20:02
SF00930,越城区,300,271,2025-03-03 17:20:02
SF00939,越城区,350,268,2025-03-03 17:20:02
SF00925,越城区,50,43,2025-03-03 17:20:01
SF00917,越城区,150,139,2025-03-03 17:20:01
SF00907,越城区,400,34,2025-03-03 17:20:01
SF00913,越城区,45,43,2025-03-03 17:20:01
SF00928,越城区,300,92,2025-03-03 17:20:01
SF00902,越城区,110,102,2025-03-03 17:20:01
SF00910,越城区,100,91,2025-03-03 17:20:01
SF00901,越城区,76,19,2025-03-03 17:20:01
SF00912,越城区,85,30,2025-03-03 17:20:01
SF00904,越城区,180,134,2025-03-03 17:20:01
SF00923,越城区,150,140,2025-03-03 17:20:01
SF00918,越城区,140,131,2025-03-03 17:20:01
SF00908,越城区,180,71,2025-03-03 17:20:01
SF00920,越城区,80,2,2025-03-03 17:20:01
SF00914,越城区,280,254,2025-03-03 17:20:01
SF00927,越城区,240,154,2025-03-03 17:20:01
SF00921,越城区,170,155,2025-03-03 17:20:01
SF00180,越城区,85,50,2025-03-03 17:20:01
SF00919,越城区,50,46,2025-03-03 17:20:01
SF00182,越城区,35,2,2025-03-03 17:20:01
SF00903,越城区,147,135,2025-03-03 17:20:01
SF00926,越城区,120,49,2025-03-03 17:20:01
SF00187,越城区,55,25,2025-03-03 17:20:01
SF00905,越城区,95,41,2025-03-03 17:20:01
SF00909,越城区,100,40,2025-03-03 17:20:01
SF00174,越城区,100,66,2025-03-03 17:20:01
SF00906,越城区,180,165,2025-03-03 17:20:01
SF00911,越城区,20,1,2025-03-03 17:20:01
SF00915,越城区,286,229,2025-03-03 17:20:01
SF00916,越城区,90,31,2025-03-03 17:20:01
SF00121,越城区,1,0,2025-03-03 17:20:00
SF00155,越城区,125,87,2025-03-03 17:20:00
HK00021,越城区,150,105,2025-03-03 17:20:00
HK00013,越城区,212,1,2025-03-03 17:20:00
SF00159,越城区,230,2,2025-03-03 17:20:00
SF00120,越城区,220,136,2025-03-03 17:20:00
SF001041,越城区,90,84,2025-03-03 17:20:00
SF00152,越城区,500,197,2025-03-03 17:20:00
SF00146,越城区,150,57,2025-03-03 17:20:00
HK00020,越城区,1800,188,2025-03-03 17:20:00
SF00151,越城区,70,10,2025-03-03 17:20:00
SF00119,越城区,50,19,2025-03-03 17:20:00
SF00118,越城区,100,36,2025-03-03 17:20:00
HK00001,越城区,138,51,2025-03-03 17:20:00
SF001211,越城区,180,164,2025-03-03 17:20:00
SF00133,越城区,260,55,2025-03-03 17:20:00
HK00009,越城区,467,33,2025-03-03 17:20:00
SF00124,越城区,500,197,2025-03-03 17:20:00
HK00010,越城区,170,13,2025-03-03 17:20:00
SF00107,越城区,200,100,2025-03-03 17:20:00
SF000901,越城区,500,272,2025-03-03 17:20:00
SF00141,越城区,50,15,2025-03-03 17:20:00
SF00128,越城区,870,349,2025-03-03 17:20:00
SF00104,越城区,50,24,2025-03-03 17:20:00
SF000902,越城区,300,213,2025-03-03 17:20:00
SF00173,越城区,450,153,2025-03-03 17:20:00
SF00171,越城区,700,466,2025-03-03 17:20:00
SF000903,越城区,470,366,2025-03-03 17:20:00
SF00932,越城区,60,32,2025-03-03 17:10:01
SF00904,越城区,180,127,2025-03-03 17:10:01
SF00915,越城区,286,227,2025-03-03 17:10:01
SF00914,越城区,280,254,2025-03-03 17:10:01
SF00909,越城区,100,35,2025-03-03 17:10:01
SF00907,越城区,400,46,2025-03-03 17:10:01
SF00905,越城区,95,37,2025-03-03 17:10:01
SF00921,越城区,170,155,2025-03-03 17:10:01
SF00912,越城区,85,33,2025-03-03 17:10:01
SF00935,越城区,110,2,2025-03-03 17:10:01
SF00918,越城区,140,131,2025-03-03 17:10:01
SF00906,越城区,180,165,2025-03-03 17:10:01
SF00933,越城区,37,33,2025-03-03 17:10:01
SF00908,越城区,180,68,2025-03-03 17:10:01
SF00930,越城区,300,271,2025-03-03 17:10:01
SF00928,越城区,300,69,2025-03-03 17:10:01
SF00913,越城区,45,43,2025-03-03 17:10:01
SF00929,越城区,1300,1171,2025-03-03 17:10:01
SF00903,越城区,147,135,2025-03-03 17:10:01
SF00919,越城区,50,46,2025-03-03 17:10:01
SF00910,越城区,100,91,2025-03-03 17:10:01
SF00923,越城区,150,140,2025-03-03 17:10:01
SF00917,越城区,150,139,2025-03-03 17:10:01
SF00934,越城区,200,181,2025-03-03 17:10:01
SF00931,越城区,75,32,2025-03-03 17:10:01
SF00926,越城区,120,43,2025-03-03 17:10:01
SF00925,越城区,50,42,2025-03-03 17:10:01
SF00927,越城区,240,143,2025-03-03 17:10:01
SF00911,越城区,20,1,2025-03-03 17:10:01
SF00920,越城区,80,2,2025-03-03 17:10:01
SF00939,越城区,350,271,2025-03-03 17:10:01
SF00916,越城区,90,39,2025-03-03 17:10:01
SF00146,越城区,150,65,2025-03-03 17:10:00
SF001211,越城区,180,164,2025-03-03 17:10:00
SF00159,越城区,230,2,2025-03-03 17:10:00
SF00182,越城区,35,7,2025-03-03 17:10:00
SF00104,越城区,50,15,2025-03-03 17:10:00
SF00121,越城区,1,0,2025-03-03 17:10:00
HK00010,越城区,170,13,2025-03-03 17:10:00
SF00151,越城区,70,12,2025-03-03 17:10:00
HK00001,越城区,138,57,2025-03-03 17:10:00
HK00020,越城区,1800,188,2025-03-03 17:10:00
SF00171,越城区,700,483,2025-03-03 17:10:00
SF00120,越城区,220,132,2025-03-03 17:10:00
SF00118,越城区,100,39,2025-03-03 17:10:00
SF001041,越城区,90,84,2025-03-03 17:10:00
SF00173,越城区,450,159,2025-03-03 17:10:00
HK00009,越城区,467,33,2025-03-03 17:10:00
SF000901,越城区,500,269,2025-03-03 17:10:00
SF00133,越城区,260,37,2025-03-03 17:10:00
SF00141,越城区,50,14,2025-03-03 17:10:00
HK00013,越城区,212,1,2025-03-03 17:10:00
SF00107,越城区,200,101,2025-03-03 17:10:00
SF00901,越城区,76,14,2025-03-03 17:10:00
SF000903,越城区,470,356,2025-03-03 17:10:00
SF00152,越城区,500,205,2025-03-03 17:10:00
SF00128,越城区,870,351,2025-03-03 17:10:00
SF00119,越城区,50,16,2025-03-03 17:10:00
SF00180,越城区,85,43,2025-03-03 17:10:00
SF00124,越城区,500,197,2025-03-03 17:10:00
SF00174,越城区,100,66,2025-03-03 17:10:00
HK00021,越城区,150,105,2025-03-03 17:10:00
SF00187,越城区,55,18,2025-03-03 17:10:00
SF00902,越城区,110,102,2025-03-03 17:10:00
SF000902,越城区,300,212,2025-03-03 17:10:00
SF00155,越城区,125,68,2025-03-03 17:10:00
SF00931,越城区,75,35,2025-03-03 17:00:02
SF00929,越城区,1300,1171,2025-03-03 17:00:02
SF00916,越城区,90,39,2025-03-03 17:00:02
SF00918,越城区,140,131,2025-03-03 17:00:02
SF00920,越城区,80,2,2025-03-03 17:00:02
SF00926,越城区,120,51,2025-03-03 17:00:02
SF00930,越城区,300,271,2025-03-03 17:00:02
SF00939,越城区,350,266,2025-03-03 17:00:02
SF00932,越城区,60,29,2025-03-03 17:00:02
SF00934,越城区,200,181,2025-03-03 17:00:02
SF00933,越城区,37,33,2025-03-03 17:00:02
SF00917,越城区,150,139,2025-03-03 17:00:02
SF00923,越城区,150,140,2025-03-03 17:00:02
SF00921,越城区,170,155,2025-03-03 17:00:02
SF00919,越城区,50,46,2025-03-03 17:00:02
SF00935,越城区,110,2,2025-03-03 17:00:02
SF00925,越城区,50,35,2025-03-03 17:00:02
SF00927,越城区,240,124,2025-03-03 17:00:02
SF00915,越城区,286,221,2025-03-03 17:00:02
SF00928,越城区,300,29,2025-03-03 17:00:02
SF00174,越城区,100,58,2025-03-03 17:00:01
SF00152,越城区,500,195,2025-03-03 17:00:01
SF00159,越城区,230,2,2025-03-03 17:00:01
SF00151,越城区,70,12,2025-03-03 17:00:01
SF00913,越城区,45,43,2025-03-03 17:00:01
SF00901,越城区,76,3,2025-03-03 17:00:01
SF00907,越城区,400,39,2025-03-03 17:00:01
SF00903,越城区,147,135,2025-03-03 17:00:01
SF00908,越城区,180,76,2025-03-03 17:00:01
SF00904,越城区,180,127,2025-03-03 17:00:01
SF00905,越城区,95,38,2025-03-03 17:00:01
SF00912,越城区,85,34,2025-03-03 17:00:01
SF00171,越城区,700,473,2025-03-03 17:00:01
SF00906,越城区,180,165,2025-03-03 17:00:01
SF00173,越城区,450,143,2025-03-03 17:00:01
SF00910,越城区,100,91,2025-03-03 17:00:01
SF00909,越城区,100,43,2025-03-03 17:00:01
SF00182,越城区,35,9,2025-03-03 17:00:01
SF00902,越城区,110,102,2025-03-03 17:00:01
SF00914,越城区,280,254,2025-03-03 17:00:01
SF00155,越城区,125,50,2025-03-03 17:00:01
SF00180,越城区,85,45,2025-03-03 17:00:01
SF00146,越城区,150,57,2025-03-03 17:00:01
SF00911,越城区,20,1,2025-03-03 17:00:01
SF00187,越城区,55,22,2025-03-03 17:00:01
SF00124,越城区,500,205,2025-03-03 17:00:00
HK00001,越城区,138,54,2025-03-03 17:00:00
SF00120,越城区,220,134,2025-03-03 17:00:00
HK00020,越城区,1800,188,2025-03-03 17:00:00
SF000901,越城区,500,256,2025-03-03 17:00:00
SF00107,越城区,200,87,2025-03-03 17:00:00
SF000902,越城区,300,217,2025-03-03 17:00:00
SF00141,越城区,50,13,2025-03-03 17:00:00
SF00118,越城区,100,39,2025-03-03 17:00:00
HK00013,越城区,212,1,2025-03-03 17:00:00
SF00133,越城区,260,15,2025-03-03 17:00:00
HK00010,越城区,170,13,2025-03-03 17:00:00
SF00121,越城区,1,0,2025-03-03 17:00:00
SF001041,越城区,90,84,2025-03-03 17:00:00
SF000903,越城区,470,358,2025-03-03 17:00:00
SF00128,越城区,870,347,2025-03-03 17:00:00
HK00009,越城区,467,33,2025-03-03 17:00:00
HK00021,越城区,150,105,2025-03-03 17:00:00
SF001211,越城区,180,164,2025-03-03 17:00:00
SF00104,越城区,50,22,2025-03-03 17:00:00
SF00119,越城区,50,23,2025-03-03 17:00:00
SF00919,越城区,50,46,2025-03-03 16:50:01
SF00932,越城区,60,30,2025-03-03 16:50:01
SF00915,越城区,286,223,2025-03-03 16:50:01
SF00911,越城区,20,1,2025-03-03 16:50:01
SF00933,越城区,37,33,2025-03-03 16:50:01
SF00912,越城区,85,32,2025-03-03 16:50:01
SF00907,越城区,400,36,2025-03-03 16:50:01
SF00939,越城区,350,262,2025-03-03 16:50:01
SF00917,越城区,150,139,2025-03-03 16:50:01
SF00934,越城区,200,181,2025-03-03 16:50:01
SF00904,越城区,180,120,2025-03-03 16:50:01
SF00923,越城区,150,140,2025-03-03 16:50:01
SF00906,越城区,180,165,2025-03-03 16:50:01
SF00929,越城区,1300,1171,2025-03-03 16:50:01
SF00928,越城区,300,15,2025-03-03 16:50:01
SF00931,越城区,75,27,2025-03-03 16:50:01
SF00914,越城区,280,254,2025-03-03 16:50:01
SF00918,越城区,140,131,2025-03-03 16:50:01
SF00909,越城区,100,41,2025-03-03 16:50:01
SF00926,越城区,120,53,2025-03-03 16:50:01
SF00905,越城区,95,39,2025-03-03 16:50:01
SF00902,越城区,110,102,2025-03-03 16:50:01
SF00916,越城区,90,38,2025-03-03 16:50:01
SF00903,越城区,147,135,2025-03-03 16:50:01
SF00913,越城区,45,43,2025-03-03 16:50:01
SF00925,越城区,50,35,2025-03-03 16:50:01
SF00930,越城区,300,271,2025-03-03 16:50:01
SF00921,越城区,170,155,2025-03-03 16:50:01
SF00908,越城区,180,73,2025-03-03 16:50:01
SF00910,越城区,100,91,2025-03-03 16:50:01
SF00920,越城区,80,2,2025-03-03 16:50:01
SF00927,越城区,240,120,2025-03-03 16:50:01
SF00935,越城区,110,2,2025-03-03 16:50:01
SF00128,越城区,870,346,2025-03-03 16:50:00
SF00151,越城区,70,13,2025-03-03 16:50:00
SF001041,越城区,90,84,2025-03-03 16:50:00
HK00021,越城区,150,105,2025-03-03 16:50:00
SF00155,越城区,125,43,2025-03-03 16:50:00
SF000903,越城区,470,355,2025-03-03 16:50:00
HK00020,越城区,1800,188,2025-03-03 16:50:00
HK00013,越城区,212,1,2025-03-03 16:50:00
HK00009,越城区,467,33,2025-03-03 16:50:00
SF00118,越城区,100,44,2025-03-03 16:50:00
SF00124,越城区,500,197,2025-03-03 16:50:00
SF000901,越城区,500,249,2025-03-03 16:50:00
SF00171,越城区,700,471,2025-03-03 16:50:00
SF00901,越城区,76,3,2025-03-03 16:50:00
SF00133,越城区,260,6,2025-03-03 16:50:00
SF00119,越城区,50,20,2025-03-03 16:50:00
SF00141,越城区,50,14,2025-03-03 16:50:00
HK00001,越城区,138,53,2025-03-03 16:50:00
SF00121,越城区,1,0,2025-03-03 16:50:00
SF00174,越城区,100,54,2025-03-03 16:50:00
SF00120,越城区,220,141,2025-03-03 16:50:00
HK00010,越城区,170,13,2025-03-03 16:50:00
SF001211,越城区,180,164,2025-03-03 16:50:00
SF00180,越城区,85,46,2025-03-03 16:50:00
SF00187,越城区,55,18,2025-03-03 16:50:00
SF00107,越城区,200,86,2025-03-03 16:50:00
SF00173,越城区,450,136,2025-03-03 16:50:00
SF00159,越城区,230,2,2025-03-03 16:50:00
SF00146,越城区,150,59,2025-03-03 16:50:00
SF000902,越城区,300,218,2025-03-03 16:50:00
SF00104,越城区,50,16,2025-03-03 16:50:00
SF00152,越城区,500,205,2025-03-03 16:50:00
SF00182,越城区,35,10,2025-03-03 16:50:00
SF00927,越城区,240,114,2025-03-03 16:40:02
SF00932,越城区,60,32,2025-03-03 16:40:02
SF00925,越城区,50,35,2025-03-03 16:40:02
SF00923,越城区,150,140,2025-03-03 16:40:02
SF00926,越城区,120,49,2025-03-03 16:40:02
SF00934,越城区,200,181,2025-03-03 16:40:02
SF00935,越城区,110,2,2025-03-03 16:40:02
SF00933,越城区,37,33,2025-03-03 16:40:02
SF00939,越城区,350,260,2025-03-03 16:40:02
SF00929,越城区,1300,1171,2025-03-03 16:40:02
SF00931,越城区,75,26,2025-03-03 16:40:02
SF00930,越城区,300,271,2025-03-03 16:40:02
SF00928,越城区,300,4,2025-03-03 16:40:02
SF00910,越城区,100,91,2025-03-03 16:40:01
SF00907,越城区,400,58,2025-03-03 16:40:01
SF00918,越城区,140,131,2025-03-03 16:40:01
SF00911,越城区,20,1,2025-03-03 16:40:01
SF00906,越城区,180,165,2025-03-03 16:40:01
SF00916,越城区,90,41,2025-03-03 16:40:01
SF00914,越城区,280,254,2025-03-03 16:40:01
SF00904,越城区,180,122,2025-03-03 16:40:01
SF00921,越城区,170,155,2025-03-03 16:40:01
SF00180,越城区,85,43,2025-03-03 16:40:01
SF00903,越城区,147,135,2025-03-03 16:40:01
SF00908,越城区,180,72,2025-03-03 16:40:01
SF00912,越城区,85,39,2025-03-03 16:40:01
SF00909,越城区,100,41,2025-03-03 16:40:01
SF00187,越城区,55,18,2025-03-03 16:40:01
SF00915,越城区,286,226,2025-03-03 16:40:01
SF00919,越城区,50,46,2025-03-03 16:40:01
SF00905,越城区,95,41,2025-03-03 16:40:01
SF00917,越城区,150,139,2025-03-03 16:40:01
SF00182,越城区,35,10,2025-03-03 16:40:01
SF00920,越城区,80,2,2025-03-03 16:40:01
SF00913,越城区,45,43,2025-03-03 16:40:01
SF00902,越城区,110,102,2025-03-03 16:40:01
SF00901,越城区,76,6,2025-03-03 16:40:01
SF00155,越城区,125,37,2025-03-03 16:40:00
SF00173,越城区,450,143,2025-03-03 16:40:00
HK00020,越城区,1800,188,2025-03-03 16:40:00
SF00119,越城区,50,17,2025-03-03 16:40:00
SF00124,越城区,500,198,2025-03-03 16:40:00
SF000903,越城区,470,353,2025-03-03 16:40:00
SF00174,越城区,100,51,2025-03-03 16:40:00
SF00121,越城区,1,0,2025-03-03 16:40:00
HK00013,越城区,212,1,2025-03-03 16:40:00
HK00021,越城区,150,105,2025-03-03 16:40:00
SF00152,越城区,500,201,2025-03-03 16:40:00
SF00107,越城区,200,85,2025-03-03 16:40:00
SF00120,越城区,220,144,2025-03-03 16:40:00
SF00133,越城区,260,2,2025-03-03 16:40:00
SF00104,越城区,50,25,2025-03-03 16:40:00
SF001211,越城区,180,164,2025-03-03 16:40:00
HK00001,越城区,138,59,2025-03-03 16:40:00
SF00151,越城区,70,17,2025-03-03 16:40:00
SF00118,越城区,100,43,2025-03-03 16:40:00
SF00171,越城区,700,470,2025-03-03 16:40:00
SF00128,越城区,870,353,2025-03-03 16:40:00
SF000902,越城区,300,218,2025-03-03 16:40:00
HK00009,越城区,467,33,2025-03-03 16:40:00
SF00141,越城区,50,14,2025-03-03 16:40:00
SF00159,越城区,230,2,2025-03-03 16:40:00
SF000901,越城区,500,254,2025-03-03 16:40:00
SF001041,越城区,90,84,2025-03-03 16:40:00
HK00010,越城区,170,13,2025-03-03 16:40:00
SF00146,越城区,150,57,2025-03-03 16:40:00
SF00927,越城区,240,114,2025-03-03 16:30:02
SF00935,越城区,110,2,2025-03-03 16:30:02
SF00925,越城区,50,35,2025-03-03 16:30:02
SF00929,越城区,1300,1171,2025-03-03 16:30:02
SF00926,越城区,120,47,2025-03-03 16:30:02
SF00932,越城区,60,32,2025-03-03 16:30:02
SF00933,越城区,37,33,2025-03-03 16:30:02
SF00928,越城区,300,2,2025-03-03 16:30:02
SF00920,越城区,80,2,2025-03-03 16:30:02
SF00931,越城区,75,34,2025-03-03 16:30:02
SF00921,越城区,170,155,2025-03-03 16:30:02
SF00919,越城区,50,47,2025-03-03 16:30:02
SF00939,越城区,350,258,2025-03-03 16:30:02
SF00923,越城区,150,140,2025-03-03 16:30:02
SF00930,越城区,300,271,2025-03-03 16:30:02
SF00934,越城区,200,181,2025-03-03 16:30:02
SF00914,越城区,280,254,2025-03-03 16:30:01
SF00907,越城区,400,84,2025-03-03 16:30:01
SF00916,越城区,90,37,2025-03-03 16:30:01
SF00182,越城区,35,10,2025-03-03 16:30:01
SF00906,越城区,180,165,2025-03-03 16:30:01
SF00910,越城区,100,91,2025-03-03 16:30:01
SF00173,越城区,450,146,2025-03-03 16:30:01
SF00918,越城区,140,131,2025-03-03 16:30:01
SF00915,越城区,286,221,2025-03-03 16:30:01
SF00905,越城区,95,36,2025-03-03 16:30:01
SF00171,越城区,700,462,2025-03-03 16:30:01
SF00904,越城区,180,120,2025-03-03 16:30:01
SF00908,越城区,180,67,2025-03-03 16:30:01
SF00912,越城区,85,32,2025-03-03 16:30:01
SF00913,越城区,45,43,2025-03-03 16:30:01
SF00901,越城区,76,2,2025-03-03 16:30:01
SF00902,越城区,110,102,2025-03-03 16:30:01
SF00909,越城区,100,44,2025-03-03 16:30:01
SF00903,越城区,147,135,2025-03-03 16:30:01
SF00911,越城区,20,1,2025-03-03 16:30:01
SF00180,越城区,85,42,2025-03-03 16:30:01
SF00917,越城区,150,139,2025-03-03 16:30:01
SF00187,越城区,55,20,2025-03-03 16:30:01
SF00174,越城区,100,18,2025-03-03 16:30:01
SF00121,越城区,1,0,2025-03-03 16:30:00
SF00119,越城区,50,19,2025-03-03 16:30:00
SF00120,越城区,220,153,2025-03-03 16:30:00
SF001041,越城区,90,84,2025-03-03 16:30:00
SF00104,越城区,50,19,2025-03-03 16:30:00
HK00013,越城区,212,1,2025-03-03 16:30:00
SF00124,越城区,500,195,2025-03-03 16:30:00
HK00021,越城区,150,105,2025-03-03 16:30:00
HK00009,越城区,467,33,2025-03-03 16:30:00
SF00133,越城区,260,2,2025-03-03 16:30:00
HK00001,越城区,138,53,2025-03-03 16:30:00
SF00152,越城区,500,195,2025-03-03 16:30:00
SF00151,越城区,70,19,2025-03-03 16:30:00
SF00118,越城区,100,44,2025-03-03 16:30:00
SF00146,越城区,150,59,2025-03-03 16:30:00
SF00155,越城区,125,28,2025-03-03 16:30:00
SF00128,越城区,870,347,2025-03-03 16:30:00
SF000903,越城区,470,351,2025-03-03 16:30:00
SF000902,越城区,300,218,2025-03-03 16:30:00
SF00141,越城区,50,13,2025-03-03 16:30:00
SF000901,越城区,500,259,2025-03-03 16:30:00
SF00159,越城区,230,2,2025-03-03 16:30:00
SF00107,越城区,200,83,2025-03-03 16:30:00
HK00020,越城区,1800,188,2025-03-03 16:30:00
HK00010,越城区,170,13,2025-03-03 16:30:00
SF001211,越城区,180,164,2025-03-03 16:30:00
SF00935,越城区,110,2,2025-03-03 16:20:02
SF00930,越城区,300,271,2025-03-03 16:20:02
SF00933,越城区,37,33,2025-03-03 16:20:02
SF00929,越城区,1300,1171,2025-03-03 16:20:02
SF00934,越城区,200,181,2025-03-03 16:20:02
SF00931,越城区,75,34,2025-03-03 16:20:02
SF00939,越城区,350,258,2025-03-03 16:20:02
SF00932,越城区,60,30,2025-03-03 16:20:02
SF00908,越城区,180,75,2025-03-03 16:20:01
SF00904,越城区,180,122,2025-03-03 16:20:01
SF00918,越城区,140,131,2025-03-03 16:20:01
SF00174,越城区,100,16,2025-03-03 16:20:01
SF00914,越城区,280,254,2025-03-03 16:20:01
SF00903,越城区,147,135,2025-03-03 16:20:01
SF00925,越城区,50,35,2025-03-03 16:20:01
SF00920,越城区,80,2,2025-03-03 16:20:01
SF00902,越城区,110,102,2025-03-03 16:20:01
SF00905,越城区,95,42,2025-03-03 16:20:01
SF00915,越城区,286,223,2025-03-03 16:20:01
SF00182,越城区,35,9,2025-03-03 16:20:01
SF00917,越城区,150,139,2025-03-03 16:20:01
SF00911,越城区,20,1,2025-03-03 16:20:01
SF00919,越城区,50,47,2025-03-03 16:20:01
SF00912,越城区,85,37,2025-03-03 16:20:01
SF00180,越城区,85,42,2025-03-03 16:20:01
SF00907,越城区,400,101,2025-03-03 16:20:01
SF00927,越城区,240,110,2025-03-03 16:20:01
SF00928,越城区,300,2,2025-03-03 16:20:01
SF00901,越城区,76,2,2025-03-03 16:20:01
SF00910,越城区,100,91,2025-03-03 16:20:01
SF00187,越城区,55,20,2025-03-03 16:20:01
SF00926,越城区,120,43,2025-03-03 16:20:01
SF00913,越城区,45,43,2025-03-03 16:20:01
SF00921,越城区,170,155,2025-03-03 16:20:01
SF00906,越城区,180,165,2025-03-03 16:20:01
SF00923,越城区,150,140,2025-03-03 16:20:01
SF00909,越城区,100,45,2025-03-03 16:20:01
SF00916,越城区,90,41,2025-03-03 16:20:01
HK00013,越城区,212,1,2025-03-03 16:20:00
SF001211,越城区,180,164,2025-03-03 16:20:00
SF00146,越城区,150,61,2025-03-03 16:20:00
SF00152,越城区,500,201,2025-03-03 16:20:00
SF00155,越城区,125,22,2025-03-03 16:20:00
HK00010,越城区,170,13,2025-03-03 16:20:00
SF00120,越城区,220,154,2025-03-03 16:20:00
HK00001,越城区,138,60,2025-03-03 16:20:00
SF000902,越城区,300,224,2025-03-03 16:20:00
SF00119,越城区,50,21,2025-03-03 16:20:00
SF000901,越城区,500,251,2025-03-03 16:20:00
HK00009,越城区,467,33,2025-03-03 16:20:00
SF00141,越城区,50,11,2025-03-03 16:20:00
HK00021,越城区,150,105,2025-03-03 16:20:00
SF00128,越城区,870,347,2025-03-03 16:20:00
SF00107,越城区,200,85,2025-03-03 16:20:00
SF00159,越城区,230,2,2025-03-03 16:20:00
SF00121,越城区,1,0,2025-03-03 16:20:00
SF00124,越城区,500,200,2025-03-03 16:20:00
SF001041,越城区,90,84,2025-03-03 16:20:00
HK00020,越城区,1800,188,2025-03-03 16:20:00
SF00104,越城区,50,21,2025-03-03 16:20:00
SF00151,越城区,70,24,2025-03-03 16:20:00
SF00171,越城区,700,472,2025-03-03 16:20:00
SF00118,越城区,100,44,2025-03-03 16:20:00
SF00133,越城区,260,2,2025-03-03 16:20:00
SF00173,越城区,450,143,2025-03-03 16:20:00
SF000903,越城区,470,353,2025-03-03 16:20:00
SF00927,越城区,240,113,2025-03-03 16:10:02
SF00933,越城区,37,33,2025-03-03 16:10:02
SF00926,越城区,120,45,2025-03-03 16:10:02
SF00934,越城区,200,181,2025-03-03 16:10:02
SF00928,越城区,300,2,2025-03-03 16:10:02
SF00939,越城区,350,260,2025-03-03 16:10:02
SF00932,越城区,60,30,2025-03-03 16:10:02
SF00935,越城区,110,2,2025-03-03 16:10:02
SF00931,越城区,75,31,2025-03-03 16:10:02
SF00930,越城区,300,271,2025-03-03 16:10:02
SF00929,越城区,1300,1171,2025-03-03 16:10:02
SF00925,越城区,50,35,2025-03-03 16:10:02
SF00923,越城区,150,140,2025-03-03 16:10:02
SF00920,越城区,80,2,2025-03-03 16:10:01
SF00182,越城区,35,9,2025-03-03 16:10:01
SF00901,越城区,76,2,2025-03-03 16:10:01
SF00904,越城区,180,120,2025-03-03 16:10:01
SF00918,越城区,140,131,2025-03-03 16:10:01
SF00908,越城区,180,70,2025-03-03 16:10:01
SF00911,越城区,20,1,2025-03-03 16:10:01
SF00187,越城区,55,24,2025-03-03 16:10:01
SF00173,越城区,450,149,2025-03-03 16:10:01
SF00909,越城区,100,36,2025-03-03 16:10:01
SF00915,越城区,286,225,2025-03-03 16:10:01
SF00180,越城区,85,41,2025-03-03 16:10:01
SF00916,越城区,90,38,2025-03-03 16:10:01
SF00907,越城区,400,100,2025-03-03 16:10:01
SF00906,越城区,180,165,2025-03-03 16:10:01
SF00903,越城区,147,135,2025-03-03 16:10:01
SF00913,越城区,45,43,2025-03-03 16:10:01
SF00919,越城区,50,47,2025-03-03 16:10:01
SF00917,越城区,150,139,2025-03-03 16:10:01
SF00921,越城区,170,155,2025-03-03 16:10:01
SF00174,越城区,100,14,2025-03-03 16:10:01
SF00914,越城区,280,254,2025-03-03 16:10:01
SF00902,越城区,110,102,2025-03-03 16:10:01
SF00912,越城区,85,31,2025-03-03 16:10:01
SF00910,越城区,100,91,2025-03-03 16:10:01
SF00905,越城区,95,42,2025-03-03 16:10:01
SF00119,越城区,50,20,2025-03-03 16:10:00
HK00021,越城区,150,105,2025-03-03 16:10:00
HK00009,越城区,467,33,2025-03-03 16:10:00
SF00118,越城区,100,41,2025-03-03 16:10:00
HK00020,越城区,1800,188,2025-03-03 16:10:00
SF00152,越城区,500,202,2025-03-03 16:10:00
SF00124,越城区,500,201,2025-03-03 16:10:00
SF001211,越城区,180,164,2025-03-03 16:10:00
SF00121,越城区,1,0,2025-03-03 16:10:00
SF001041,越城区,90,84,2025-03-03 16:10:00
SF00107,越城区,200,84,2025-03-03 16:10:00
HK00013,越城区,212,1,2025-03-03 16:10:00
SF00159,越城区,230,2,2025-03-03 16:10:00
SF00120,越城区,220,159,2025-03-03 16:10:00
SF00171,越城区,700,483,2025-03-03 16:10:00
SF00146,越城区,150,61,2025-03-03 16:10:00
SF00104,越城区,50,18,2025-03-03 16:10:00
HK00001,越城区,138,50,2025-03-03 16:10:00
SF00151,越城区,70,26,2025-03-03 16:10:00
SF00155,越城区,125,16,2025-03-03 16:10:00
SF000902,越城区,300,225,2025-03-03 16:10:00
SF000903,越城区,470,345,2025-03-03 16:10:00
SF00128,越城区,870,348,2025-03-03 16:10:00
HK00010,越城区,170,13,2025-03-03 16:10:00
SF000901,越城区,500,255,2025-03-03 16:10:00
SF00141,越城区,50,10,2025-03-03 16:10:00
SF00133,越城区,260,2,2025-03-03 16:10:00
SF00932,越城区,60,29,2025-03-03 16:00:02
SF00923,越城区,150,140,2025-03-03 16:00:02
SF00926,越城区,120,71,2025-03-03 16:00:02
SF00939,越城区,350,257,2025-03-03 16:00:02
SF00925,越城区,50,35,2025-03-03 16:00:02
SF00933,越城区,37,33,2025-03-03 16:00:02
SF00935,越城区,110,2,2025-03-03 16:00:02
SF00930,越城区,300,271,2025-03-03 16:00:02
SF00927,越城区,240,116,2025-03-03 16:00:02
SF00929,越城区,1300,1171,2025-03-03 16:00:02
SF00928,越城区,300,2,2025-03-03 16:00:02
SF00921,越城区,170,155,2025-03-03 16:00:02
SF00934,越城区,200,181,2025-03-03 16:00:02
SF00931,越城区,75,43,2025-03-03 16:00:02
SF00910,越城区,100,91,2025-03-03 16:00:01
SF00171,越城区,700,489,2025-03-03 16:00:01
SF00911,越城区,20,1,2025-03-03 16:00:01
SF00902,越城区,110,102,2025-03-03 16:00:01
SF00907,越城区,400,86,2025-03-03 16:00:01
SF00915,越城区,286,227,2025-03-03 16:00:01
SF00909,越城区,100,64,2025-03-03 16:00:01
SF00912,越城区,85,2,2025-03-03 16:00:01
SF00918,越城区,140,131,2025-03-03 16:00:01
SF00917,越城区,150,139,2025-03-03 16:00:01
SF00174,越城区,100,13,2025-03-03 16:00:01
SF00906,越城区,180,165,2025-03-03 16:00:01
SF00901,越城区,76,2,2025-03-03 16:00:01
SF00187,越城区,55,38,2025-03-03 16:00:01
SF00913,越城区,45,43,2025-03-03 16:00:01
SF00182,越城区,35,8,2025-03-03 16:00:01
SF00908,越城区,180,2,2025-03-03 16:00:01
SF00916,越城区,90,52,2025-03-03 16:00:01
SF00159,越城区,230,2,2025-03-03 16:00:01
SF00905,越城区,95,53,2025-03-03 16:00:01
SF00914,越城区,280,254,2025-03-03 16:00:01
SF00920,越城区,80,2,2025-03-03 16:00:01
SF00904,越城区,180,121,2025-03-03 16:00:01
SF00903,越城区,147,135,2025-03-03 16:00:01
SF00180,越城区,85,41,2025-03-03 16:00:01
SF00173,越城区,450,148,2025-03-03 16:00:01
SF00919,越城区,50,49,2025-03-03 16:00:01
HK00009,越城区,467,33,2025-03-03 16:00:00
SF00119,越城区,50,2,2025-03-03 16:00:00
SF00107,越城区,200,78,2025-03-03 16:00:00
SF00121,越城区,1,0,2025-03-03 16:00:00
HK00020,越城区,1800,188,2025-03-03 16:00:00
SF00124,越城区,500,299,2025-03-03 16:00:00
SF00151,越城区,70,24,2025-03-03 16:00:00
SF00141,越城区,50,8,2025-03-03 16:00:00
HK00010,越城区,170,13,2025-03-03 16:00:00
SF00152,越城区,500,304,2025-03-03 16:00:00
SF00118,越城区,100,56,2025-03-03 16:00:00
SF00146,越城区,150,95,2025-03-03 16:00:00
HK00021,越城区,150,105,2025-03-03 16:00:00
SF001041,越城区,90,84,2025-03-03 16:00:00
HK00001,越城区,138,77,2025-03-03 16:00:00
HK00013,越城区,212,1,2025-03-03 16:00:00
SF000903,越城区,470,350,2025-03-03 16:00:00
SF000902,越城区,300,227,2025-03-03 16:00:00
SF00104,越城区,50,27,2025-03-03 16:00:00
SF00128,越城区,870,527,2025-03-03 16:00:00
SF00120,越城区,220,163,2025-03-03 16:00:00
SF00155,越城区,125,12,2025-03-03 16:00:00
SF00133,越城区,260,2,2025-03-03 16:00:00
SF001211,越城区,180,164,2025-03-03 16:00:00
SF000901,越城区,500,261,2025-03-03 16:00:00
SF00935,越城区,110,2,2025-03-03 15:50:02
SF00934,越城区,200,181,2025-03-03 15:50:02
SF00939,越城区,350,258,2025-03-03 15:50:02
SF00907,越城区,400,100,2025-03-03 15:50:01
SF00905,越城区,95,55,2025-03-03 15:50:01
SF00916,越城区,90,55,2025-03-03 15:50:01
SF00906,越城区,180,165,2025-03-03 15:50:01
SF00917,越城区,150,139,2025-03-03 15:50:01
SF00923,越城区,150,140,2025-03-03 15:50:01
SF00920,越城区,80,2,2025-03-03 15:50:01
SF00927,越城区,240,119,2025-03-03 15:50:01
SF00903,越城区,147,135,2025-03-03 15:50:01
SF00932,越城区,60,29,2025-03-03 15:50:01
SF00926,越城区,120,68,2025-03-03 15:50:01
SF00915,越城区,286,222,2025-03-03 15:50:01
SF00931,越城区,75,40,2025-03-03 15:50:01
SF00921,越城区,170,155,2025-03-03 15:50:01
SF00911,越城区,20,1,2025-03-03 15:50:01
SF00930,越城区,300,271,2025-03-03 15:50:01
SF00912,越城区,85,2,2025-03-03 15:50:01
SF00901,越城区,76,2,2025-03-03 15:50:01
SF00919,越城区,50,49,2025-03-03 15:50:01
SF00902,越城区,110,102,2025-03-03 15:50:01
SF00918,越城区,140,131,2025-03-03 15:50:01
SF00187,越城区,55,29,2025-03-03 15:50:01
SF00904,越城区,180,119,2025-03-03 15:50:01
SF00913,越城区,45,43,2025-03-03 15:50:01
SF00928,越城区,300,2,2025-03-03 15:50:01
SF00929,越城区,1300,1171,2025-03-03 15:50:01
SF00910,越城区,100,91,2025-03-03 15:50:01
SF00933,越城区,37,33,2025-03-03 15:50:01
SF00909,越城区,100,59,2025-03-03 15:50:01
SF00925,越城区,50,34,2025-03-03 15:50:01
SF00914,越城区,280,254,2025-03-03 15:50:01
SF00908,越城区,180,2,2025-03-03 15:50:01
HK00010,越城区,170,13,2025-03-03 15:50:00
SF00124,越城区,500,298,2025-03-03 15:50:00
SF00107,越城区,200,80,2025-03-03 15:50:00
SF00146,越城区,150,85,2025-03-03 15:50:00
SF00133,越城区,260,2,2025-03-03 15:50:00
SF00151,越城区,70,24,2025-03-03 15:50:00
SF00159,越城区,230,2,2025-03-03 15:50:00
HK00009,越城区,467,33,2025-03-03 15:50:00
SF00118,越城区,100,63,2025-03-03 15:50:00
SF000901,越城区,500,259,2025-03-03 15:50:00
SF00141,越城区,50,9,2025-03-03 15:50:00
SF00119,越城区,50,2,2025-03-03 15:50:00
SF00104,越城区,50,35,2025-03-03 15:50:00
SF001041,越城区,90,84,2025-03-03 15:50:00
SF00155,越城区,125,6,2025-03-03 15:50:00
SF000903,越城区,470,355,2025-03-03 15:50:00
SF001211,越城区,180,164,2025-03-03 15:50:00
SF00152,越城区,500,302,2025-03-03 15:50:00
SF00180,越城区,85,40,2025-03-03 15:50:00
SF00120,越城区,220,157,2025-03-03 15:50:00
SF00121,越城区,1,0,2025-03-03 15:50:00
HK00021,越城区,150,105,2025-03-03 15:50:00
SF00171,越城区,700,493,2025-03-03 15:50:00
HK00001,越城区,138,83,2025-03-03 15:50:00
SF000902,越城区,300,230,2025-03-03 15:50:00
SF00128,越城区,870,518,2025-03-03 15:50:00
SF00174,越城区,100,15,2025-03-03 15:50:00
HK00020,越城区,1800,188,2025-03-03 15:50:00
HK00013,越城区,212,1,2025-03-03 15:50:00
SF00182,越城区,35,5,2025-03-03 15:50:00
SF00173,越城区,450,149,2025-03-03 15:50:00
SF00917,越城区,150,139,2025-03-03 15:40:01
SF00915,越城区,286,222,2025-03-03 15:40:01
SF00926,越城区,120,71,2025-03-03 15:40:01
SF00935,越城区,110,2,2025-03-03 15:40:01
SF00914,越城区,280,254,2025-03-03 15:40:01
SF00934,越城区,200,181,2025-03-03 15:40:01
SF00929,越城区,1300,1171,2025-03-03 15:40:01
SF00907,越城区,400,104,2025-03-03 15:40:01
SF00910,越城区,100,91,2025-03-03 15:40:01
SF00923,越城区,150,140,2025-03-03 15:40:01
SF00931,越城区,75,48,2025-03-03 15:40:01
SF00909,越城区,100,57,2025-03-03 15:40:01
SF00920,越城区,80,2,2025-03-03 15:40:01
SF00905,越城区,95,54,2025-03-03 15:40:01
SF00921,越城区,170,155,2025-03-03 15:40:01
SF00913,越城区,45,43,2025-03-03 15:40:01
SF00912,越城区,85,2,2025-03-03 15:40:01
SF00918,越城区,140,131,2025-03-03 15:40:01
SF00908,越城区,180,2,2025-03-03 15:40:01
SF00939,越城区,350,258,2025-03-03 15:40:01
SF00919,越城区,50,49,2025-03-03 15:40:01
SF00916,越城区,90,57,2025-03-03 15:40:01
SF00911,越城区,20,1,2025-03-03 15:40:01
SF00928,越城区,300,2,2025-03-03 15:40:01
SF00933,越城区,37,33,2025-03-03 15:40:01
SF00906,越城区,180,165,2025-03-03 15:40:01
SF00930,越城区,300,271,2025-03-03 15:40:01
SF00932,越城区,60,29,2025-03-03 15:40:01
SF00925,越城区,50,35,2025-03-03 15:40:01
SF00927,越城区,240,119,2025-03-03 15:40:01
SF00159,越城区,230,2,2025-03-03 15:40:00
SF001041,越城区,90,84,2025-03-03 15:40:00
SF00903,越城区,147,135,2025-03-03 15:40:00
SF00120,越城区,220,155,2025-03-03 15:40:00
SF00107,越城区,200,79,2025-03-03 15:40:00
SF00182,越城区,35,5,2025-03-03 15:40:00
SF00904,越城区,180,117,2025-03-03 15:40:00
SF00124,越城区,500,300,2025-03-03 15:40:00
SF00180,越城区,85,39,2025-03-03 15:40:00
SF00171,越城区,700,491,2025-03-03 15:40:00
SF00133,越城区,260,2,2025-03-03 15:40:00
HK00020,越城区,1800,188,2025-03-03 15:40:00
SF00173,越城区,450,153,2025-03-03 15:40:00
SF00174,越城区,100,14,2025-03-03 15:40:00
SF00151,越城区,70,23,2025-03-03 15:40:00
SF000902,越城区,300,229,2025-03-03 15:40:00
SF00152,越城区,500,301,2025-03-03 15:40:00
SF000903,越城区,470,360,2025-03-03 15:40:00
SF00141,越城区,50,8,2025-03-03 15:40:00
SF00104,越城区,50,34,2025-03-03 15:40:00
SF00146,越城区,150,94,2025-03-03 15:40:00
SF00187,越城区,55,29,2025-03-03 15:40:00
SF00128,越城区,870,521,2025-03-03 15:40:00
SF000901,越城区,500,256,2025-03-03 15:40:00
SF00121,越城区,1,0,2025-03-03 15:40:00
HK00009,越城区,467,33,2025-03-03 15:40:00
HK00001,越城区,138,87,2025-03-03 15:40:00
HK00010,越城区,170,13,2025-03-03 15:40:00
SF001211,越城区,180,164,2025-03-03 15:40:00
SF00119,越城区,50,2,2025-03-03 15:40:00
SF00118,越城区,100,58,2025-03-03 15:40:00
SF00155,越城区,125,4,2025-03-03 15:40:00
HK00021,越城区,150,105,2025-03-03 15:40:00
SF00901,越城区,76,2,2025-03-03 15:40:00
HK00013,越城区,212,1,2025-03-03 15:40:00
SF00902,越城区,110,102,2025-03-03 15:40:00
SF00933,越城区,37,33,2025-03-03 15:30:01
SF00913,越城区,45,43,2025-03-03 15:30:01
SF00939,越城区,350,258,2025-03-03 15:30:01
SF00932,越城区,60,29,2025-03-03 15:30:01
SF00929,越城区,1300,1171,2025-03-03 15:30:01
SF00908,越城区,180,2,2025-03-03 15:30:01
SF00917,越城区,150,139,2025-03-03 15:30:01
SF00916,越城区,90,51,2025-03-03 15:30:01
SF00911,越城区,20,1,2025-03-03 15:30:01
SF00918,越城区,140,131,2025-03-03 15:30:01
SF00920,越城区,80,2,2025-03-03 15:30:01
SF00919,越城区,50,46,2025-03-03 15:30:01
SF00928,越城区,300,2,2025-03-03 15:30:01
SF00909,越城区,100,55,2025-03-03 15:30:01
SF00907,越城区,400,101,2025-03-03 15:30:01
SF00926,越城区,120,72,2025-03-03 15:30:01
SF00906,越城区,180,165,2025-03-03 15:30:01
SF00914,越城区,280,254,2025-03-03 15:30:01
SF00931,越城区,75,42,2025-03-03 15:30:01
SF00910,越城区,100,91,2025-03-03 15:30:01
SF00923,越城区,150,140,2025-03-03 15:30:01
SF00930,越城区,300,271,2025-03-03 15:30:01
SF00934,越城区,200,181,2025-03-03 15:30:01
SF00921,越城区,170,155,2025-03-03 15:30:01
SF00912,越城区,85,2,2025-03-03 15:30:01
SF00925,越城区,50,34,2025-03-03 15:30:01
SF00915,越城区,286,222,2025-03-03 15:30:01
SF00927,越城区,240,118,2025-03-03 15:30:01
SF00935,越城区,110,2,2025-03-03 15:30:01
HK00020,越城区,1800,188,2025-03-03 15:30:00
HK00010,越城区,170,13,2025-03-03 15:30:00
SF00904,越城区,180,119,2025-03-03 15:30:00
SF00180,越城区,85,41,2025-03-03 15:30:00
SF001211,越城区,180,164,2025-03-03 15:30:00
SF00121,越城区,1,0,2025-03-03 15:30:00
SF00128,越城区,870,518,2025-03-03 15:30:00
SF00124,越城区,500,295,2025-03-03 15:30:00
SF00146,越城区,150,87,2025-03-03 15:30:00
SF00174,越城区,100,15,2025-03-03 15:30:00
SF00152,越城区,500,299,2025-03-03 15:30:00
SF00104,越城区,50,30,2025-03-03 15:30:00
SF00119,越城区,50,2,2025-03-03 15:30:00
SF00133,越城区,260,2,2025-03-03 15:30:00
HK00021,越城区,150,105,2025-03-03 15:30:00
SF00151,越城区,70,22,2025-03-03 15:30:00
SF00902,越城区,110,102,2025-03-03 15:30:00
HK00001,越城区,138,80,2025-03-03 15:30:00
SF00901,越城区,76,2,2025-03-03 15:30:00
SF00171,越城区,700,485,2025-03-03 15:30:00
SF000901,越城区,500,252,2025-03-03 15:30:00
SF00905,越城区,95,59,2025-03-03 15:30:00
HK00009,越城区,467,33,2025-03-03 15:30:00
SF00903,越城区,147,135,2025-03-03 15:30:00
SF00187,越城区,55,28,2025-03-03 15:30:00
SF00118,越城区,100,60,2025-03-03 15:30:00
SF000903,越城区,470,356,2025-03-03 15:30:00
SF00159,越城区,230,2,2025-03-03 15:30:00
SF000902,越城区,300,232,2025-03-03 15:30:00
SF00155,越城区,125,2,2025-03-03 15:30:00
SF00120,越城区,220,160,2025-03-03 15:30:00
SF00141,越城区,50,6,2025-03-03 15:30:00
SF00182,越城区,35,6,2025-03-03 15:30:00
HK00013,越城区,212,1,2025-03-03 15:30:00
SF00107,越城区,200,75,2025-03-03 15:30:00
SF00173,越城区,450,154,2025-03-03 15:30:00
SF001041,越城区,90,84,2025-03-03 15:30:00
SF00933,越城区,37,33,2025-03-03 15:20:02
SF00934,越城区,200,181,2025-03-03 15:20:02
SF00932,越城区,60,29,2025-03-03 15:20:02
SF00935,越城区,110,2,2025-03-03 15:20:02
SF00930,越城区,300,271,2025-03-03 15:20:02
SF00939,越城区,350,259,2025-03-03 15:20:02
SF00931,越城区,75,49,2025-03-03 15:20:02
SF00903,越城区,147,135,2025-03-03 15:20:01
SF00920,越城区,80,2,2025-03-03 15:20:01
SF00929,越城区,1300,1171,2025-03-03 15:20:01
SF00908,越城区,180,2,2025-03-03 15:20:01
SF00917,越城区,150,139,2025-03-03 15:20:01
SF00918,越城区,140,131,2025-03-03 15:20:01
SF00910,越城区,100,91,2025-03-03 15:20:01
SF00914,越城区,280,254,2025-03-03 15:20:01
SF00902,越城区,110,102,2025-03-03 15:20:01
SF00907,越城区,400,100,2025-03-03 15:20:01
SF00909,越城区,100,55,2025-03-03 15:20:01
SF00912,越城区,85,2,2025-03-03 15:20:01
SF00905,越城区,95,53,2025-03-03 15:20:01
SF00923,越城区,150,140,2025-03-03 15:20:01
SF00901,越城区,76,2,2025-03-03 15:20:01
SF00911,越城区,20,1,2025-03-03 15:20:01
SF00182,越城区,35,6,2025-03-03 15:20:01
SF00915,越城区,286,221,2025-03-03 15:20:01
SF00927,越城区,240,118,2025-03-03 15:20:01
SF00926,越城区,120,68,2025-03-03 15:20:01
SF00180,越城区,85,41,2025-03-03 15:20:01
SF00904,越城区,180,117,2025-03-03 15:20:01
SF00906,越城区,180,165,2025-03-03 15:20:01
SF00928,越城区,300,2,2025-03-03 15:20:01
SF00925,越城区,50,34,2025-03-03 15:20:01
SF00913,越城区,45,43,2025-03-03 15:20:01
SF00919,越城区,50,46,2025-03-03 15:20:01
SF00921,越城区,170,155,2025-03-03 15:20:01
SF00187,越城区,55,33,2025-03-03 15:20:01
SF00916,越城区,90,59,2025-03-03 15:20:01
SF000901,越城区,500,252,2025-03-03 15:20:00
SF000903,越城区,470,365,2025-03-03 15:20:00
SF00120,越城区,220,158,2025-03-03 15:20:00
SF00152,越城区,500,297,2025-03-03 15:20:00
SF00121,越城区,1,0,2025-03-03 15:20:00
SF00118,越城区,100,60,2025-03-03 15:20:00
SF00171,越城区,700,492,2025-03-03 15:20:00
SF00155,越城区,125,2,2025-03-03 15:20:00
SF00107,越城区,200,77,2025-03-03 15:20:00
SF00159,越城区,230,2,2025-03-03 15:20:00
SF001041,越城区,90,84,2025-03-03 15:20:00
SF00151,越城区,70,22,2025-03-03 15:20:00
SF00133,越城区,260,2,2025-03-03 15:20:00
HK00009,越城区,467,33,2025-03-03 15:20:00
HK00021,越城区,150,105,2025-03-03 15:20:00
SF00141,越城区,50,9,2025-03-03 15:20:00
SF000902,越城区,300,235,2025-03-03 15:20:00
SF00173,越城区,450,148,2025-03-03 15:20:00
HK00020,越城区,1800,188,2025-03-03 15:20:00
SF00146,越城区,150,86,2025-03-03 15:20:00
SF00124,越城区,500,299,2025-03-03 15:20:00
HK00010,越城区,170,13,2025-03-03 15:20:00
SF00119,越城区,50,2,2025-03-03 15:20:00
HK00013,越城区,212,1,2025-03-03 15:20:00
SF00128,越城区,870,523,2025-03-03 15:20:00
SF00104,越城区,50,28,2025-03-03 15:20:00
HK00001,越城区,138,84,2025-03-03 15:20:00
SF00174,越城区,100,7,2025-03-03 15:20:00
SF001211,越城区,180,164,2025-03-03 15:20:00
SF00931,越城区,75,45,2025-03-03 15:10:02
SF00932,越城区,60,30,2025-03-03 15:10:02
SF00934,越城区,200,181,2025-03-03 15:10:02
SF00933,越城区,37,33,2025-03-03 15:10:02
SF00939,越城区,350,257,2025-03-03 15:10:02
SF00935,越城区,110,2,2025-03-03 15:10:02
SF00930,越城区,300,271,2025-03-03 15:10:02
SF00180,越城区,85,40,2025-03-03 15:10:01
SF00926,越城区,120,67,2025-03-03 15:10:01
SF00915,越城区,286,221,2025-03-03 15:10:01
SF00910,越城区,100,91,2025-03-03 15:10:01
SF00917,越城区,150,139,2025-03-03 15:10:01
SF00904,越城区,180,115,2025-03-03 15:10:01
SF00921,越城区,170,155,2025-03-03 15:10:01
SF00911,越城区,20,1,2025-03-03 15:10:01
SF00908,越城区,180,2,2025-03-03 15:10:01
SF00929,越城区,1300,1171,2025-03-03 15:10:01
SF00918,越城区,140,131,2025-03-03 15:10:01
SF00905,越城区,95,56,2025-03-03 15:10:01
SF00909,越城区,100,61,2025-03-03 15:10:01
SF00903,越城区,147,135,2025-03-03 15:10:01
SF00187,越城区,55,30,2025-03-03 15:10:01
SF00901,越城区,76,2,2025-03-03 15:10:01
SF00923,越城区,150,140,2025-03-03 15:10:01
SF00906,越城区,180,165,2025-03-03 15:10:01
SF00928,越城区,300,2,2025-03-03 15:10:01
SF00916,越城区,90,56,2025-03-03 15:10:01
SF00925,越城区,50,35,2025-03-03 15:10:01
SF00902,越城区,110,102,2025-03-03 15:10:01
SF00907,越城区,400,109,2025-03-03 15:10:01
SF00912,越城区,85,2,2025-03-03 15:10:01
SF00914,越城区,280,254,2025-03-03 15:10:01
SF00919,越城区,50,46,2025-03-03 15:10:01
SF00182,越城区,35,6,2025-03-03 15:10:01
SF00913,越城区,45,43,2025-03-03 15:10:01
SF00920,越城区,80,2,2025-03-03 15:10:01
SF00927,越城区,240,120,2025-03-03 15:10:01
SF000903,越城区,470,365,2025-03-03 15:10:00
SF00151,越城区,70,21,2025-03-03 15:10:00
HK00020,越城区,1800,188,2025-03-03 15:10:00
SF00159,越城区,230,2,2025-03-03 15:10:00
SF00171,越城区,700,493,2025-03-03 15:10:00
HK00001,越城区,138,82,2025-03-03 15:10:00
SF00119,越城区,50,2,2025-03-03 15:10:00
SF00133,越城区,260,2,2025-03-03 15:10:00
SF001041,越城区,90,84,2025-03-03 15:10:00
SF00174,越城区,100,3,2025-03-03 15:10:00
SF00146,越城区,150,87,2025-03-03 15:10:00
SF00107,越城区,200,79,2025-03-03 15:10:00
SF00173,越城区,450,154,2025-03-03 15:10:00
SF00121,越城区,1,0,2025-03-03 15:10:00
HK00010,越城区,170,13,2025-03-03 15:10:00
SF00120,越城区,220,155,2025-03-03 15:10:00
SF000901,越城区,500,250,2025-03-03 15:10:00
HK00021,越城区,150,105,2025-03-03 15:10:00
SF001211,越城区,180,164,2025-03-03 15:10:00
SF00155,越城区,125,2,2025-03-03 15:10:00
SF00104,越城区,50,34,2025-03-03 15:10:00
SF000902,越城区,300,236,2025-03-03 15:10:00
SF00124,越城区,500,297,2025-03-03 15:10:00
SF00141,越城区,50,10,2025-03-03 15:10:00
HK00013,越城区,212,1,2025-03-03 15:10:00
SF00118,越城区,100,60,2025-03-03 15:10:00
HK00009,越城区,467,33,2025-03-03 15:10:00
SF00128,越城区,870,517,2025-03-03 15:10:00
SF00152,越城区,500,297,2025-03-03 15:10:00
SF00939,越城区,350,256,2025-03-03 15:00:02
SF00931,越城区,75,43,2025-03-03 15:00:02
SF00932,越城区,60,29,2025-03-03 15:00:02
SF00935,越城区,110,2,2025-03-03 15:00:02
SF00933,越城区,37,33,2025-03-03 15:00:02
SF00934,越城区,200,181,2025-03-03 15:00:02
SF00930,越城区,300,271,2025-03-03 15:00:02
SF00910,越城区,100,91,2025-03-03 15:00:01
SF00926,越城区,120,69,2025-03-03 15:00:01
SF00909,越城区,100,64,2025-03-03 15:00:01
SF00914,越城区,280,254,2025-03-03 15:00:01
SF00920,越城区,80,2,2025-03-03 15:00:01
SF00180,越城区,85,40,2025-03-03 15:00:01
SF00905,越城区,95,62,2025-03-03 15:00:01
SF00927,越城区,240,119,2025-03-03 15:00:01
SF00916,越城区,90,57,2025-03-03 15:00:01
SF00915,越城区,286,218,2025-03-03 15:00:01
SF00913,越城区,45,43,2025-03-03 15:00:01
SF00919,越城区,50,47,2025-03-03 15:00:01
SF00912,越城区,85,2,2025-03-03 15:00:01
SF00917,越城区,150,139,2025-03-03 15:00:01
SF00907,越城区,400,97,2025-03-03 15:00:01
SF00174,越城区,100,3,2025-03-03 15:00:01
SF00903,越城区,147,135,2025-03-03 15:00:01
SF00921,越城区,170,155,2025-03-03 15:00:01
SF00902,越城区,110,102,2025-03-03 15:00:01
SF00182,越城区,35,4,2025-03-03 15:00:01
SF00911,越城区,20,1,2025-03-03 15:00:01
SF00904,越城区,180,118,2025-03-03 15:00:01
SF00908,越城区,180,2,2025-03-03 15:00:01
SF00923,越城区,150,140,2025-03-03 15:00:01
SF00187,越城区,55,36,2025-03-03 15:00:01
SF00929,越城区,1300,1171,2025-03-03 15:00:01
SF00928,越城区,300,2,2025-03-03 15:00:01
SF00906,越城区,180,165,2025-03-03 15:00:01
SF00901,越城区,76,2,2025-03-03 15:00:01
SF00918,越城区,140,131,2025-03-03 15:00:01
SF00925,越城区,50,29,2025-03-03 15:00:01
SF00107,越城区,200,74,2025-03-03 15:00:00
SF00120,越城区,220,161,2025-03-03 15:00:00
SF00171,越城区,700,485,2025-03-03 15:00:00
SF00152,越城区,500,303,2025-03-03 15:00:00
SF00151,越城区,70,22,2025-03-03 15:00:00
HK00010,越城区,170,13,2025-03-03 15:00:00
SF00128,越城区,870,522,2025-03-03 15:00:00
SF000902,越城区,300,233,2025-03-03 15:00:00
HK00013,越城区,212,1,2025-03-03 15:00:00
HK00020,越城区,1800,188,2025-03-03 15:00:00
SF00159,越城区,230,2,2025-03-03 15:00:00
SF00146,越城区,150,88,2025-03-03 15:00:00
SF00104,越城区,50,31,2025-03-03 15:00:00
SF00124,越城区,500,303,2025-03-03 15:00:00
SF00133,越城区,260,2,2025-03-03 15:00:00
SF00118,越城区,100,55,2025-03-03 15:00:00
SF00121,越城区,1,0,2025-03-03 15:00:00
SF001211,越城区,180,164,2025-03-03 15:00:00
SF000901,越城区,500,251,2025-03-03 15:00:00
HK00021,越城区,150,105,2025-03-03 15:00:00
HK00001,越城区,138,86,2025-03-03 15:00:00
HK00009,越城区,467,33,2025-03-03 15:00:00
SF000903,越城区,470,360,2025-03-03 15:00:00
SF001041,越城区,90,84,2025-03-03 15:00:00
SF00155,越城区,125,2,2025-03-03 15:00:00
SF00119,越城区,50,2,2025-03-03 15:00:00
SF00141,越城区,50,9,2025-03-03 15:00:00
SF00173,越城区,450,156,2025-03-03 15:00:00
SF00935,越城区,110,2,2025-03-03 14:50:02
SF00934,越城区,200,181,2025-03-03 14:50:02
SF00926,越城区,120,74,2025-03-03 14:50:02
SF00930,越城区,300,271,2025-03-03 14:50:02
SF00928,越城区,300,2,2025-03-03 14:50:02
SF00927,越城区,240,113,2025-03-03 14:50:02
SF00929,越城区,1300,1171,2025-03-03 14:50:02
SF00933,越城区,37,33,2025-03-03 14:50:02
SF00931,越城区,75,40,2025-03-03 14:50:02
SF00939,越城区,350,258,2025-03-03 14:50:02
SF00932,越城区,60,26,2025-03-03 14:50:02
SF00918,越城区,140,131,2025-03-03 14:50:01
SF00174,越城区,100,2,2025-03-03 14:50:01
SF00187,越城区,55,30,2025-03-03 14:50:01
SF00925,越城区,50,28,2025-03-03 14:50:01
SF00920,越城区,80,2,2025-03-03 14:50:01
SF00911,越城区,20,1,2025-03-03 14:50:01
SF00917,越城区,150,139,2025-03-03 14:50:01
SF00173,越城区,450,156,2025-03-03 14:50:01
SF00909,越城区,100,59,2025-03-03 14:50:01
SF00910,越城区,100,91,2025-03-03 14:50:01
SF00907,越城区,400,104,2025-03-03 14:50:01
SF00902,越城区,110,102,2025-03-03 14:50:01
SF00915,越城区,286,219,2025-03-03 14:50:01
SF00919,越城区,50,48,2025-03-03 14:50:01
SF00921,越城区,170,155,2025-03-03 14:50:01
SF00159,越城区,230,2,2025-03-03 14:50:01
SF00923,越城区,150,140,2025-03-03 14:50:01
SF00916,越城区,90,54,2025-03-03 14:50:01
SF00908,越城区,180,2,2025-03-03 14:50:01
SF00903,越城区,147,135,2025-03-03 14:50:01
SF00904,越城区,180,119,2025-03-03 14:50:01
SF00914,越城区,280,254,2025-03-03 14:50:01
SF00182,越城区,35,5,2025-03-03 14:50:01
SF00180,越城区,85,41,2025-03-03 14:50:01
SF00913,越城区,45,43,2025-03-03 14:50:01
SF00905,越城区,95,61,2025-03-03 14:50:01
SF00171,越城区,700,486,2025-03-03 14:50:01
SF00912,越城区,85,2,2025-03-03 14:50:01
SF00906,越城区,180,165,2025-03-03 14:50:01
SF00901,越城区,76,2,2025-03-03 14:50:01
SF001041,越城区,90,84,2025-03-03 14:50:00
SF00146,越城区,150,85,2025-03-03 14:50:00
SF00128,越城区,870,517,2025-03-03 14:50:00
SF00120,越城区,220,161,2025-03-03 14:50:00
SF00133,越城区,260,2,2025-03-03 14:50:00
SF00152,越城区,500,297,2025-03-03 14:50:00
SF000902,越城区,300,233,2025-03-03 14:50:00
SF00151,越城区,70,22,2025-03-03 14:50:00
SF00119,越城区,50,2,2025-03-03 14:50:00
SF00124,越城区,500,295,2025-03-03 14:50:00
HK00020,越城区,1800,188,2025-03-03 14:50:00
HK00013,越城区,212,1,2025-03-03 14:50:00
HK00009,越城区,467,33,2025-03-03 14:50:00
SF00141,越城区,50,10,2025-03-03 14:50:00
HK00021,越城区,150,105,2025-03-03 14:50:00
SF00107,越城区,200,74,2025-03-03 14:50:00
HK00010,越城区,170,13,2025-03-03 14:50:00
SF001211,越城区,180,164,2025-03-03 14:50:00
SF00155,越城区,125,2,2025-03-03 14:50:00
SF00104,越城区,50,29,2025-03-03 14:50:00
SF000903,越城区,470,361,2025-03-03 14:50:00
HK00001,越城区,138,77,2025-03-03 14:50:00
SF000901,越城区,500,263,2025-03-03 14:50:00
SF00121,越城区,1,0,2025-03-03 14:50:00
SF00118,越城区,100,59,2025-03-03 14:50:00
SF00929,越城区,1300,1171,2025-03-03 14:40:02
SF00931,越城区,75,47,2025-03-03 14:40:02
SF00934,越城区,200,181,2025-03-03 14:40:02
SF00930,越城区,300,271,2025-03-03 14:40:02
SF00939,越城区,350,257,2025-03-03 14:40:02
SF00932,越城区,60,26,2025-03-03 14:40:02
SF00935,越城区,110,2,2025-03-03 14:40:02
SF00933,越城区,37,33,2025-03-03 14:40:02
SF00928,越城区,300,2,2025-03-03 14:40:02
SF00920,越城区,80,2,2025-03-03 14:40:01
SF00906,越城区,180,165,2025-03-03 14:40:01
SF00904,越城区,180,116,2025-03-03 14:40:01
SF00182,越城区,35,5,2025-03-03 14:40:01
SF00174,越城区,100,2,2025-03-03 14:40:01
SF00923,越城区,150,140,2025-03-03 14:40:01
SF00903,越城区,147,135,2025-03-03 14:40:01
SF00925,越城区,50,31,2025-03-03 14:40:01
SF00909,越城区,100,57,2025-03-03 14:40:01
SF00908,越城区,180,2,2025-03-03 14:40:01
SF00915,越城区,286,220,2025-03-03 14:40:01
SF00919,越城区,50,48,2025-03-03 14:40:01
SF00911,越城区,20,1,2025-03-03 14:40:01
SF00180,越城区,85,39,2025-03-03 14:40:01
SF00914,越城区,280,254,2025-03-03 14:40:01
SF00910,越城区,100,91,2025-03-03 14:40:01
SF00905,越城区,95,58,2025-03-03 14:40:01
SF00918,越城区,140,131,2025-03-03 14:40:01
SF00902,越城区,110,102,2025-03-03 14:40:01
SF00927,越城区,240,115,2025-03-03 14:40:01
SF00901,越城区,76,2,2025-03-03 14:40:01
SF00907,越城区,400,99,2025-03-03 14:40:01
SF00913,越城区,45,43,2025-03-03 14:40:01
SF00912,越城区,85,2,2025-03-03 14:40:01
SF00187,越城区,55,30,2025-03-03 14:40:01
SF00916,越城区,90,53,2025-03-03 14:40:01
SF00917,越城区,150,139,2025-03-03 14:40:01
SF00926,越城区,120,77,2025-03-03 14:40:01
SF00921,越城区,170,155,2025-03-03 14:40:01
HK00021,越城区,150,105,2025-03-03 14:40:00
HK00020,越城区,1800,188,2025-03-03 14:40:00
SF00128,越城区,870,524,2025-03-03 14:40:00
SF00107,越城区,200,75,2025-03-03 14:40:00
SF000901,越城区,500,266,2025-03-03 14:40:00
SF00119,越城区,50,2,2025-03-03 14:40:00
SF00173,越城区,450,154,2025-03-03 14:40:00
SF00151,越城区,70,22,2025-03-03 14:40:00
SF00118,越城区,100,59,2025-03-03 14:40:00
SF001041,越城区,90,84,2025-03-03 14:40:00
SF00121,越城区,1,0,2025-03-03 14:40:00
SF001211,越城区,180,164,2025-03-03 14:40:00
SF00141,越城区,50,12,2025-03-03 14:40:00
SF00133,越城区,260,2,2025-03-03 14:40:00
SF00146,越城区,150,91,2025-03-03 14:40:00
HK00001,越城区,138,78,2025-03-03 14:40:00
SF00159,越城区,230,2,2025-03-03 14:40:00
SF00104,越城区,50,28,2025-03-03 14:40:00
SF00152,越城区,500,296,2025-03-03 14:40:00
SF00155,越城区,125,2,2025-03-03 14:40:00
HK00009,越城区,467,33,2025-03-03 14:40:00
SF00120,越城区,220,159,2025-03-03 14:40:00
HK00010,越城区,170,13,2025-03-03 14:40:00
SF000902,越城区,300,231,2025-03-03 14:40:00
SF00124,越城区,500,303,2025-03-03 14:40:00
SF000903,越城区,470,370,2025-03-03 14:40:00
SF00171,越城区,700,484,2025-03-03 14:40:00
HK00013,越城区,212,1,2025-03-03 14:40:00
SF00926,越城区,120,71,2025-03-03 14:30:02
SF00934,越城区,200,181,2025-03-03 14:30:02
SF00929,越城区,1300,1171,2025-03-03 14:30:02
SF00931,越城区,75,40,2025-03-03 14:30:02
SF00935,越城区,110,2,2025-03-03 14:30:02
SF00932,越城区,60,27,2025-03-03 14:30:02
SF00939,越城区,350,259,2025-03-03 14:30:02
SF00930,越城区,300,271,2025-03-03 14:30:02
SF00927,越城区,240,120,2025-03-03 14:30:02
SF00921,越城区,170,155,2025-03-03 14:30:02
SF00923,越城区,150,140,2025-03-03 14:30:02
SF00933,越城区,37,33,2025-03-03 14:30:02
SF00925,越城区,50,30,2025-03-03 14:30:02
SF00928,越城区,300,2,2025-03-03 14:30:02
SF00909,越城区,100,57,2025-03-03 14:30:01
SF00173,越城区,450,154,2025-03-03 14:30:01
SF00908,越城区,180,2,2025-03-03 14:30:01
SF00901,越城区,76,2,2025-03-03 14:30:01
SF00914,越城区,280,254,2025-03-03 14:30:01
SF00159,越城区,230,2,2025-03-03 14:30:01
SF00913,越城区,45,43,2025-03-03 14:30:01
SF00903,越城区,147,135,2025-03-03 14:30:01
SF00915,越城区,286,220,2025-03-03 14:30:01
SF00907,越城区,400,105,2025-03-03 14:30:01
SF00180,越城区,85,39,2025-03-03 14:30:01
SF00917,越城区,150,139,2025-03-03 14:30:01
SF00919,越城区,50,48,2025-03-03 14:30:01
SF00902,越城区,110,102,2025-03-03 14:30:01
SF00174,越城区,100,2,2025-03-03 14:30:01
SF00918,越城区,140,131,2025-03-03 14:30:01
SF00906,越城区,180,165,2025-03-03 14:30:01
SF00171,越城区,700,489,2025-03-03 14:30:01
SF00904,越城区,180,117,2025-03-03 14:30:01
SF00920,越城区,80,2,2025-03-03 14:30:01
SF00916,越城区,90,53,2025-03-03 14:30:01
SF00905,越城区,95,54,2025-03-03 14:30:01
SF00910,越城区,100,91,2025-03-03 14:30:01
SF00912,越城区,85,2,2025-03-03 14:30:01
SF00187,越城区,55,35,2025-03-03 14:30:01
SF00182,越城区,35,2,2025-03-03 14:30:01
SF00911,越城区,20,1,2025-03-03 14:30:01
HK00010,越城区,170,13,2025-03-03 14:30:00
SF00121,越城区,1,0,2025-03-03 14:30:00
SF00128,越城区,870,523,2025-03-03 14:30:00
SF00107,越城区,200,74,2025-03-03 14:30:00
SF00155,越城区,125,2,2025-03-03 14:30:00
HK00021,越城区,150,105,2025-03-03 14:30:00
HK00009,越城区,467,33,2025-03-03 14:30:00
SF00133,越城区,260,2,2025-03-03 14:30:00
SF00119,越城区,50,2,2025-03-03 14:30:00
HK00001,越城区,138,85,2025-03-03 14:30:00
SF00141,越城区,50,14,2025-03-03 14:30:00
SF00120,越城区,220,158,2025-03-03 14:30:00
SF00152,越城区,500,302,2025-03-03 14:30:00
HK00013,越城区,212,1,2025-03-03 14:30:00
SF001041,越城区,90,84,2025-03-03 14:30:00
SF000902,越城区,300,230,2025-03-03 14:30:00
SF00118,越城区,100,56,2025-03-03 14:30:00
SF00124,越城区,500,300,2025-03-03 14:30:00
SF00146,越城区,150,87,2025-03-03 14:30:00
SF00104,越城区,50,27,2025-03-03 14:30:00
SF000901,越城区,500,264,2025-03-03 14:30:00
SF00151,越城区,70,23,2025-03-03 14:30:00
SF001211,越城区,180,164,2025-03-03 14:30:00
SF000903,越城区,470,369,2025-03-03 14:30:00
HK00020,越城区,1800,188,2025-03-03 14:30:00
SF00935,越城区,110,2,2025-03-03 14:20:02
SF00939,越城区,350,257,2025-03-03 14:20:02
SF00920,越城区,80,2,2025-03-03 14:20:01
SF00908,越城区,180,2,2025-03-03 14:20:01
SF00909,越城区,100,57,2025-03-03 14:20:01
SF00919,越城区,50,48,2025-03-03 14:20:01
SF00905,越城区,95,61,2025-03-03 14:20:01
SF00902,越城区,110,102,2025-03-03 14:20:01
SF00933,越城区,37,33,2025-03-03 14:20:01
SF00921,越城区,170,155,2025-03-03 14:20:01
SF00923,越城区,150,140,2025-03-03 14:20:01
SF00931,越城区,75,42,2025-03-03 14:20:01
SF00915,越城区,286,220,2025-03-03 14:20:01
SF00904,越城区,180,116,2025-03-03 14:20:01
SF00927,越城区,240,119,2025-03-03 14:20:01
SF00910,越城区,100,91,2025-03-03 14:20:01
SF00929,越城区,1300,1171,2025-03-03 14:20:01
SF00918,越城区,140,131,2025-03-03 14:20:01
SF00925,越城区,50,31,2025-03-03 14:20:01
SF00907,越城区,400,107,2025-03-03 14:20:01
SF00932,越城区,60,27,2025-03-03 14:20:01
SF00906,越城区,180,165,2025-03-03 14:20:01
SF00187,越城区,55,29,2025-03-03 14:20:01
SF00934,越城区,200,181,2025-03-03 14:20:01
SF00914,越城区,280,254,2025-03-03 14:20:01
SF00926,越城区,120,72,2025-03-03 14:20:01
SF00928,越城区,300,2,2025-03-03 14:20:01
SF00911,越城区,20,1,2025-03-03 14:20:01
SF00917,越城区,150,139,2025-03-03 14:20:01
SF00912,越城区,85,2,2025-03-03 14:20:01
SF00182,越城区,35,2,2025-03-03 14:20:01
SF00903,越城区,147,135,2025-03-03 14:20:01
SF00930,越城区,300,271,2025-03-03 14:20:01
SF00901,越城区,76,2,2025-03-03 14:20:01
SF00916,越城区,90,59,2025-03-03 14:20:01
SF00913,越城区,45,43,2025-03-03 14:20:01
SF00155,越城区,125,2,2025-03-03 14:20:00
SF00119,越城区,50,2,2025-03-03 14:20:00
SF00152,越城区,500,301,2025-03-03 14:20:00
HK00009,越城区,467,33,2025-03-03 14:20:00
HK00013,越城区,212,1,2025-03-03 14:20:00
SF000902,越城区,300,236,2025-03-03 14:20:00
HK00020,越城区,1800,188,2025-03-03 14:20:00
SF00159,越城区,230,2,2025-03-03 14:20:00
SF00107,越城区,200,80,2025-03-03 14:20:00
SF00141,越城区,50,13,2025-03-03 14:20:00
SF00104,越城区,50,28,2025-03-03 14:20:00
SF00121,越城区,1,0,2025-03-03 14:20:00
SF000901,越城区,500,265,2025-03-03 14:20:00
SF00173,越城区,450,150,2025-03-03 14:20:00
SF00146,越城区,150,87,2025-03-03 14:20:00
HK00001,越城区,138,84,2025-03-03 14:20:00
SF00174,越城区,100,2,2025-03-03 14:20:00
HK00010,越城区,170,13,2025-03-03 14:20:00
SF001041,越城区,90,84,2025-03-03 14:20:00
SF00133,越城区,260,2,2025-03-03 14:20:00
SF00180,越城区,85,39,2025-03-03 14:20:00
SF001211,越城区,180,164,2025-03-03 14:20:00
SF00128,越城区,870,524,2025-03-03 14:20:00
SF00171,越城区,700,491,2025-03-03 14:20:00
SF00151,越城区,70,18,2025-03-03 14:20:00
SF000903,越城区,470,372,2025-03-03 14:20:00
HK00021,越城区,150,105,2025-03-03 14:20:00
SF00124,越城区,500,303,2025-03-03 14:20:00
SF00118,越城区,100,61,2025-03-03 14:20:00
SF00120,越城区,220,160,2025-03-03 14:20:00
SF00931,越城区,75,42,2025-03-03 14:10:02
SF00933,越城区,37,33,2025-03-03 14:10:02
SF00928,越城区,300,2,2025-03-03 14:10:02
SF00935,越城区,110,2,2025-03-03 14:10:02
SF00927,越城区,240,117,2025-03-03 14:10:02
SF00930,越城区,300,271,2025-03-03 14:10:02
SF00939,越城区,350,259,2025-03-03 14:10:02
SF00932,越城区,60,27,2025-03-03 14:10:02
SF00929,越城区,1300,1171,2025-03-03 14:10:02
SF00925,越城区,50,33,2025-03-03 14:10:02
SF00934,越城区,200,181,2025-03-03 14:10:02
SF00926,越城区,120,70,2025-03-03 14:10:02
SF00923,越城区,150,140,2025-03-03 14:10:02
SF00921,越城区,170,155,2025-03-03 14:10:01
SF00912,越城区,85,2,2025-03-03 14:10:01
SF00187,越城区,55,38,2025-03-03 14:10:01
SF00904,越城区,180,117,2025-03-03 14:10:01
SF00915,越城区,286,219,2025-03-03 14:10:01
SF00911,越城区,20,1,2025-03-03 14:10:01
SF00182,越城区,35,2,2025-03-03 14:10:01
SF00905,越城区,95,56,2025-03-03 14:10:01
SF00903,越城区,147,135,2025-03-03 14:10:01
SF00908,越城区,180,2,2025-03-03 14:10:01
SF00913,越城区,45,43,2025-03-03 14:10:01
SF00909,越城区,100,56,2025-03-03 14:10:01
SF00907,越城区,400,105,2025-03-03 14:10:01
SF00906,越城区,180,165,2025-03-03 14:10:01
SF00916,越城区,90,50,2025-03-03 14:10:01
SF00901,越城区,76,2,2025-03-03 14:10:01
SF00902,越城区,110,102,2025-03-03 14:10:01
SF00920,越城区,80,2,2025-03-03 14:10:01
SF00918,越城区,140,131,2025-03-03 14:10:01
SF00914,越城区,280,254,2025-03-03 14:10:01
SF00173,越城区,450,154,2025-03-03 14:10:01
SF00180,越城区,85,39,2025-03-03 14:10:01
SF00174,越城区,100,2,2025-03-03 14:10:01
SF00917,越城区,150,139,2025-03-03 14:10:01
SF00919,越城区,50,49,2025-03-03 14:10:01
SF00910,越城区,100,91,2025-03-03 14:10:01
SF00118,越城区,100,60,2025-03-03 14:10:00
SF00104,越城区,50,28,2025-03-03 14:10:00
SF00155,越城区,125,6,2025-03-03 14:10:00
HK00009,越城区,467,33,2025-03-03 14:10:00
SF00133,越城区,260,2,2025-03-03 14:10:00
SF00151,越城区,70,15,2025-03-03 14:10:00
SF001041,越城区,90,84,2025-03-03 14:10:00
SF00120,越城区,220,165,2025-03-03 14:10:00
HK00021,越城区,150,105,2025-03-03 14:10:00
SF00121,越城区,1,0,2025-03-03 14:10:00
HK00010,越城区,170,13,2025-03-03 14:10:00
HK00001,越城区,138,86,2025-03-03 14:10:00
SF00124,越城区,500,301,2025-03-03 14:10:00
SF00159,越城区,230,2,2025-03-03 14:10:00
SF00171,越城区,700,495,2025-03-03 14:10:00
SF000901,越城区,500,276,2025-03-03 14:10:00
SF00107,越城区,200,87,2025-03-03 14:10:00
HK00013,越城区,212,1,2025-03-03 14:10:00
SF000902,越城区,300,234,2025-03-03 14:10:00
SF00119,越城区,50,2,2025-03-03 14:10:00
HK00020,越城区,1800,188,2025-03-03 14:10:00
SF00152,越城区,500,305,2025-03-03 14:10:00
SF000903,越城区,470,369,2025-03-03 14:10:00
SF00141,越城区,50,15,2025-03-03 14:10:00
SF00128,越城区,870,527,2025-03-03 14:10:00
SF001211,越城区,180,164,2025-03-03 14:10:00
SF00146,越城区,150,85,2025-03-03 14:10:00
SF00933,越城区,37,33,2025-03-03 14:00:02
SF00927,越城区,240,120,2025-03-03 14:00:02
SF00916,越城区,90,56,2025-03-03 14:00:02
SF00921,越城区,170,155,2025-03-03 14:00:02
SF00915,越城区,286,218,2025-03-03 14:00:02
SF00918,越城区,140,131,2025-03-03 14:00:02
SF00926,越城区,120,77,2025-03-03 14:00:02
SF00932,越城区,60,27,2025-03-03 14:00:02
SF00929,越城区,1300,1171,2025-03-03 14:00:02
SF00917,越城区,150,139,2025-03-03 14:00:02
SF00934,越城区,200,181,2025-03-03 14:00:02
SF00928,越城区,300,2,2025-03-03 14:00:02
SF00923,越城区,150,140,2025-03-03 14:00:02
SF00930,越城区,300,271,2025-03-03 14:00:02
SF00920,越城区,80,2,2025-03-03 14:00:02
SF00919,越城区,50,46,2025-03-03 14:00:02
SF00925,越城区,50,33,2025-03-03 14:00:02
SF00935,越城区,110,2,2025-03-03 14:00:02
SF00939,越城区,350,256,2025-03-03 14:00:02
SF00931,越城区,75,45,2025-03-03 14:00:02
SF00180,越城区,85,38,2025-03-03 14:00:01
SF00173,越城区,450,162,2025-03-03 14:00:01
SF00146,越城区,150,89,2025-03-03 14:00:01
SF00912,越城区,85,11,2025-03-03 14:00:01
SF00914,越城区,280,254,2025-03-03 14:00:01
SF00901,越城区,76,2,2025-03-03 14:00:01
SF00155,越城区,125,13,2025-03-03 14:00:01
SF00913,越城区,45,43,2025-03-03 14:00:01
SF00907,越城区,400,101,2025-03-03 14:00:01
SF00159,越城区,230,2,2025-03-03 14:00:01
SF00908,越城区,180,15,2025-03-03 14:00:01
SF00187,越城区,55,28,2025-03-03 14:00:01
SF00903,越城区,147,135,2025-03-03 14:00:01
SF00905,越城区,95,53,2025-03-03 14:00:01
SF00151,越城区,70,17,2025-03-03 14:00:01
SF00171,越城区,700,486,2025-03-03 14:00:01
SF00910,越城区,100,91,2025-03-03 14:00:01
SF00182,越城区,35,2,2025-03-03 14:00:01
SF00902,越城区,110,102,2025-03-03 14:00:01
SF00174,越城区,100,2,2025-03-03 14:00:01
SF00152,越城区,500,303,2025-03-03 14:00:01
SF00911,越城区,20,1,2025-03-03 14:00:01
SF00904,越城区,180,114,2025-03-03 14:00:01
SF00909,越城区,100,62,2025-03-03 14:00:01
SF00906,越城区,180,165,2025-03-03 14:00:01
SF000903,越城区,470,375,2025-03-03 14:00:00
SF000901,越城区,500,273,2025-03-03 14:00:00
SF00104,越城区,50,27,2025-03-03 14:00:00
SF00124,越城区,500,301,2025-03-03 14:00:00
HK00021,越城区,150,105,2025-03-03 14:00:00
SF00119,越城区,50,9,2025-03-03 14:00:00
HK00001,越城区,138,82,2025-03-03 14:00:00
SF00128,越城区,870,523,2025-03-03 14:00:00
SF00121,越城区,1,0,2025-03-03 14:00:00
HK00013,越城区,212,1,2025-03-03 14:00:00
HK00020,越城区,1800,188,2025-03-03 14:00:00
SF00118,越城区,100,57,2025-03-03 14:00:00
SF00107,越城区,200,84,2025-03-03 14:00:00
SF00120,越城区,220,164,2025-03-03 14:00:00
SF000902,越城区,300,230,2025-03-03 14:00:00
SF00133,越城区,260,2,2025-03-03 14:00:00
HK00009,越城区,467,33,2025-03-03 14:00:00
HK00010,越城区,170,13,2025-03-03 14:00:00
SF00141,越城区,50,17,2025-03-03 14:00:00
SF001041,越城区,90,84,2025-03-03 14:00:00
SF001211,越城区,180,164,2025-03-03 14:00:00
SF00929,越城区,1300,1171,2025-03-03 13:50:01
SF00919,越城区,50,46,2025-03-03 13:50:01
SF00926,越城区,120,70,2025-03-03 13:50:01
SF00913,越城区,45,43,2025-03-03 13:50:01
SF00917,越城区,150,139,2025-03-03 13:50:01
SF00923,越城区,150,140,2025-03-03 13:50:01
SF00927,越城区,240,125,2025-03-03 13:50:01
SF00932,越城区,60,26,2025-03-03 13:50:01
SF00910,越城区,100,91,2025-03-03 13:50:01
SF00912,越城区,85,10,2025-03-03 13:50:01
SF00931,越城区,75,43,2025-03-03 13:50:01
SF00934,越城区,200,181,2025-03-03 13:50:01
SF00939,越城区,350,259,2025-03-03 13:50:01
SF00921,越城区,170,155,2025-03-03 13:50:01
SF00903,越城区,147,135,2025-03-03 13:50:01
SF00933,越城区,37,33,2025-03-03 13:50:01
SF00911,越城区,20,1,2025-03-03 13:50:01
SF00908,越城区,180,13,2025-03-03 13:50:01
SF00907,越城区,400,105,2025-03-03 13:50:01
SF00904,越城区,180,113,2025-03-03 13:50:01
SF00909,越城区,100,60,2025-03-03 13:50:01
SF00920,越城区,80,2,2025-03-03 13:50:01
SF00928,越城区,300,2,2025-03-03 13:50:01
SF00915,越城区,286,217,2025-03-03 13:50:01
SF00914,越城区,280,254,2025-03-03 13:50:01
SF00930,越城区,300,271,2025-03-03 13:50:01
SF00905,越城区,95,57,2025-03-03 13:50:01
SF00925,越城区,50,35,2025-03-03 13:50:01
SF00906,越城区,180,165,2025-03-03 13:50:01
SF00918,越城区,140,131,2025-03-03 13:50:01
SF00935,越城区,110,2,2025-03-03 13:50:01
SF00916,越城区,90,58,2025-03-03 13:50:01
HK00001,越城区,138,79,2025-03-03 13:50:00
SF00151,越城区,70,16,2025-03-03 13:50:00
SF00902,越城区,110,102,2025-03-03 13:50:00
SF00187,越城区,55,29,2025-03-03 13:50:00
HK00013,越城区,212,1,2025-03-03 13:50:00
SF00118,越城区,100,61,2025-03-03 13:50:00
SF00141,越城区,50,18,2025-03-03 13:50:00
SF00152,越城区,500,299,2025-03-03 13:50:00
SF000902,越城区,300,237,2025-03-03 13:50:00
HK00020,越城区,1800,188,2025-03-03 13:50:00
SF00146,越城区,150,87,2025-03-03 13:50:00
SF00121,越城区,1,0,2025-03-03 13:50:00
SF001211,越城区,180,164,2025-03-03 13:50:00
SF00133,越城区,260,2,2025-03-03 13:50:00
HK00010,越城区,170,13,2025-03-03 13:50:00
SF00901,越城区,76,2,2025-03-03 13:50:00
SF00120,越城区,220,163,2025-03-03 13:50:00
SF00155,越城区,125,24,2025-03-03 13:50:00
HK00021,越城区,150,105,2025-03-03 13:50:00
SF00180,越城区,85,37,2025-03-03 13:50:00
SF00128,越城区,870,523,2025-03-03 13:50:00
SF001041,越城区,90,84,2025-03-03 13:50:00
SF000903,越城区,470,373,2025-03-03 13:50:00
SF00159,越城区,230,2,2025-03-03 13:50:00
SF00104,越城区,50,35,2025-03-03 13:50:00
SF00124,越城区,500,298,2025-03-03 13:50:00
HK00009,越城区,467,33,2025-03-03 13:50:00
SF00107,越城区,200,83,2025-03-03 13:50:00
SF00174,越城区,100,2,2025-03-03 13:50:00
SF000901,越城区,500,276,2025-03-03 13:50:00
SF00182,越城区,35,2,2025-03-03 13:50:00
SF00119,越城区,50,8,2025-03-03 13:50:00
SF00173,越城区,450,169,2025-03-03 13:50:00
SF00171,越城区,700,485,2025-03-03 13:50:00
SF00927,越城区,240,121,2025-03-03 13:40:02
SF00932,越城区,60,26,2025-03-03 13:40:02
SF00939,越城区,350,263,2025-03-03 13:40:02
SF00929,越城区,1300,1171,2025-03-03 13:40:02
SF00928,越城区,300,2,2025-03-03 13:40:02
SF00933,越城区,37,33,2025-03-03 13:40:02
SF00934,越城区,200,181,2025-03-03 13:40:02
SF00935,越城区,110,2,2025-03-03 13:40:02
SF00930,越城区,300,271,2025-03-03 13:40:02
SF00931,越城区,75,41,2025-03-03 13:40:02
SF00907,越城区,400,104,2025-03-03 13:40:01
SF00914,越城区,280,254,2025-03-03 13:40:01
SF00908,越城区,180,23,2025-03-03 13:40:01
SF00901,越城区,76,2,2025-03-03 13:40:01
SF00909,越城区,100,55,2025-03-03 13:40:01
SF00918,越城区,140,131,2025-03-03 13:40:01
SF00180,越城区,85,36,2025-03-03 13:40:01
SF00187,越城区,55,28,2025-03-03 13:40:01
SF00911,越城区,20,1,2025-03-03 13:40:01
SF00174,越城区,100,2,2025-03-03 13:40:01
SF00923,越城区,150,140,2025-03-03 13:40:01
SF00173,越城区,450,171,2025-03-03 13:40:01
SF00906,越城区,180,165,2025-03-03 13:40:01
SF00926,越城区,120,71,2025-03-03 13:40:01
SF00910,越城区,100,91,2025-03-03 13:40:01
SF00915,越城区,286,214,2025-03-03 13:40:01
SF00902,越城区,110,102,2025-03-03 13:40:01
SF00182,越城区,35,2,2025-03-03 13:40:01
SF00912,越城区,85,11,2025-03-03 13:40:01
SF00921,越城区,170,155,2025-03-03 13:40:01
SF00913,越城区,45,43,2025-03-03 13:40:01
SF00903,越城区,147,135,2025-03-03 13:40:01
SF00916,越城区,90,54,2025-03-03 13:40:01
SF00925,越城区,50,37,2025-03-03 13:40:01
SF00904,越城区,180,117,2025-03-03 13:40:01
SF00919,越城区,50,46,2025-03-03 13:40:01
SF00905,越城区,95,62,2025-03-03 13:40:01
SF00920,越城区,80,2,2025-03-03 13:40:01
SF00917,越城区,150,139,2025-03-03 13:40:01
HK00009,越城区,467,33,2025-03-03 13:40:00
SF00133,越城区,260,2,2025-03-03 13:40:00
SF00159,越城区,230,2,2025-03-03 13:40:00
SF00152,越城区,500,303,2025-03-03 13:40:00
SF00107,越城区,200,92,2025-03-03 13:40:00
HK00021,越城区,150,105,2025-03-03 13:40:00
HK00020,越城区,1800,188,2025-03-03 13:40:00
SF001041,越城区,90,84,2025-03-03 13:40:00
SF000902,越城区,300,243,2025-03-03 13:40:00
SF00141,越城区,50,23,2025-03-03 13:40:00
HK00013,越城区,212,1,2025-03-03 13:40:00
SF00118,越城区,100,61,2025-03-03 13:40:00
HK00001,越城区,138,85,2025-03-03 13:40:00
SF001211,越城区,180,164,2025-03-03 13:40:00
SF00119,越城区,50,2,2025-03-03 13:40:00
SF000903,越城区,470,372,2025-03-03 13:40:00
SF00121,越城区,1,0,2025-03-03 13:40:00
SF00120,越城区,220,159,2025-03-03 13:40:00
SF00128,越城区,870,521,2025-03-03 13:40:00
SF00124,越城区,500,296,2025-03-03 13:40:00
SF00104,越城区,50,31,2025-03-03 13:40:00
SF000901,越城区,500,282,2025-03-03 13:40:00
HK00010,越城区,170,13,2025-03-03 13:40:00
SF00155,越城区,125,33,2025-03-03 13:40:00
SF00151,越城区,70,12,2025-03-03 13:40:00
SF00146,越城区,150,86,2025-03-03 13:40:00
SF00171,越城区,700,481,2025-03-03 13:40:00
SF00939,越城区,350,262,2025-03-03 13:30:02
SF00935,越城区,110,2,2025-03-03 13:30:02
SF00903,越城区,147,135,2025-03-03 13:30:01
SF00905,越城区,95,55,2025-03-03 13:30:01
SF00913,越城区,45,43,2025-03-03 13:30:01
SF00931,越城区,75,46,2025-03-03 13:30:01
SF00927,越城区,240,125,2025-03-03 13:30:01
SF00912,越城区,85,7,2025-03-03 13:30:01
SF00934,越城区,200,181,2025-03-03 13:30:01
SF00933,越城区,37,33,2025-03-03 13:30:01
SF00915,越城区,286,216,2025-03-03 13:30:01
SF00911,越城区,20,1,2025-03-03 13:30:01
SF00914,越城区,280,254,2025-03-03 13:30:01
SF00918,越城区,140,131,2025-03-03 13:30:01
SF00916,越城区,90,58,2025-03-03 13:30:01
SF00925,越城区,50,36,2025-03-03 13:30:01
SF00902,越城区,110,102,2025-03-03 13:30:01
SF00909,越城区,100,56,2025-03-03 13:30:01
SF00920,越城区,80,2,2025-03-03 13:30:01
SF00901,越城区,76,3,2025-03-03 13:30:01
SF00904,越城区,180,125,2025-03-03 13:30:01
SF00907,越城区,400,101,2025-03-03 13:30:01
SF00917,越城区,150,139,2025-03-03 13:30:01
SF00910,越城区,100,91,2025-03-03 13:30:01
SF00906,越城区,180,165,2025-03-03 13:30:01
SF00928,越城区,300,2,2025-03-03 13:30:01
SF00187,越城区,55,28,2025-03-03 13:30:01
SF00926,越城区,120,71,2025-03-03 13:30:01
SF00929,越城区,1300,1171,2025-03-03 13:30:01
SF00930,越城区,300,271,2025-03-03 13:30:01
SF00921,越城区,170,155,2025-03-03 13:30:01
SF00908,越城区,180,16,2025-03-03 13:30:01
SF00923,越城区,150,140,2025-03-03 13:30:01
SF00932,越城区,60,26,2025-03-03 13:30:01
SF00919,越城区,50,46,2025-03-03 13:30:01
SF00118,越城区,100,63,2025-03-03 13:30:00
SF00124,越城区,500,300,2025-03-03 13:30:00
SF001211,越城区,180,164,2025-03-03 13:30:00
SF00128,越城区,870,527,2025-03-03 13:30:00
SF00173,越城区,450,169,2025-03-03 13:30:00
HK00020,越城区,1800,188,2025-03-03 13:30:00
SF00151,越城区,70,11,2025-03-03 13:30:00
HK00021,越城区,150,105,2025-03-03 13:30:00
SF00146,越城区,150,91,2025-03-03 13:30:00
SF00159,越城区,230,2,2025-03-03 13:30:00
SF00171,越城区,700,469,2025-03-03 13:30:00
HK00009,越城区,467,33,2025-03-03 13:30:00
SF000902,越城区,300,241,2025-03-03 13:30:00
SF00180,越城区,85,34,2025-03-03 13:30:00
HK00001,越城区,138,86,2025-03-03 13:30:00
SF00104,越城区,50,30,2025-03-03 13:30:00
SF00155,越城区,125,43,2025-03-03 13:30:00
SF000903,越城区,470,379,2025-03-03 13:30:00
SF00141,越城区,50,23,2025-03-03 13:30:00
SF00121,越城区,1,0,2025-03-03 13:30:00
SF000901,越城区,500,270,2025-03-03 13:30:00
SF00133,越城区,260,2,2025-03-03 13:30:00
SF00120,越城区,220,162,2025-03-03 13:30:00
SF00152,越城区,500,300,2025-03-03 13:30:00
SF001041,越城区,90,84,2025-03-03 13:30:00
SF00107,越城区,200,91,2025-03-03 13:30:00
SF00174,越城区,100,2,2025-03-03 13:30:00
HK00010,越城区,170,13,2025-03-03 13:30:00
HK00013,越城区,212,1,2025-03-03 13:30:00
SF00119,越城区,50,5,2025-03-03 13:30:00
SF00182,越城区,35,2,2025-03-03 13:30:00
SF00930,越城区,300,271,2025-03-03 13:20:01
SF00909,越城区,100,56,2025-03-03 13:20:01
SF00916,越城区,90,58,2025-03-03 13:20:01
SF00911,越城区,20,1,2025-03-03 13:20:01
SF00914,越城区,280,254,2025-03-03 13:20:01
SF00931,越城区,75,41,2025-03-03 13:20:01
SF00928,越城区,300,2,2025-03-03 13:20:01
SF00935,越城区,110,2,2025-03-03 13:20:01
SF00913,越城区,45,43,2025-03-03 13:20:01
SF00918,越城区,140,131,2025-03-03 13:20:01
SF00905,越城区,95,58,2025-03-03 13:20:01
SF00910,越城区,100,91,2025-03-03 13:20:01
SF00921,越城区,170,155,2025-03-03 13:20:01
SF00927,越城区,240,120,2025-03-03 13:20:01
SF00929,越城区,1300,1171,2025-03-03 13:20:01
SF00915,越城区,286,215,2025-03-03 13:20:01
SF00912,越城区,85,9,2025-03-03 13:20:01
SF00919,越城区,50,48,2025-03-03 13:20:01
SF00925,越城区,50,37,2025-03-03 13:20:01
SF00920,越城区,80,2,2025-03-03 13:20:01
SF00933,越城区,37,33,2025-03-03 13:20:01
SF00926,越城区,120,67,2025-03-03 13:20:01
SF00917,越城区,150,139,2025-03-03 13:20:01
SF00904,越城区,180,126,2025-03-03 13:20:01
SF00932,越城区,60,28,2025-03-03 13:20:01
SF00907,越城区,400,89,2025-03-03 13:20:01
SF00906,越城区,180,165,2025-03-03 13:20:01
SF00908,越城区,180,15,2025-03-03 13:20:01
SF00934,越城区,200,181,2025-03-03 13:20:01
SF00939,越城区,350,262,2025-03-03 13:20:01
SF00923,越城区,150,140,2025-03-03 13:20:01
HK00013,越城区,212,1,2025-03-03 13:20:00
SF00187,越城区,55,38,2025-03-03 13:20:00
SF00146,越城区,150,94,2025-03-03 13:20:00
SF00174,越城区,100,2,2025-03-03 13:20:00
HK00001,越城区,138,80,2025-03-03 13:20:00
SF00141,越城区,50,23,2025-03-03 13:20:00
SF00118,越城区,100,64,2025-03-03 13:20:00
SF00133,越城区,260,2,2025-03-03 13:20:00
SF00124,越城区,500,305,2025-03-03 13:20:00
SF001041,越城区,90,84,2025-03-03 13:20:00
SF00903,越城区,147,135,2025-03-03 13:20:00
HK00009,越城区,467,33,2025-03-03 13:20:00
SF00119,越城区,50,9,2025-03-03 13:20:00
SF000903,越城区,470,379,2025-03-03 13:20:00
SF00104,越城区,50,35,2025-03-03 13:20:00
SF001211,越城区,180,164,2025-03-03 13:20:00
HK00020,越城区,1800,188,2025-03-03 13:20:00
HK00010,越城区,170,13,2025-03-03 13:20:00
SF00128,越城区,870,526,2025-03-03 13:20:00
SF000902,越城区,300,248,2025-03-03 13:20:00
SF00155,越城区,125,47,2025-03-03 13:20:00
SF00120,越城区,220,156,2025-03-03 13:20:00
HK00021,越城区,150,105,2025-03-03 13:20:00
SF00901,越城区,76,4,2025-03-03 13:20:00
SF00107,越城区,200,88,2025-03-03 13:20:00
SF00121,越城区,1,0,2025-03-03 13:20:00
SF000901,越城区,500,271,2025-03-03 13:20:00
SF00173,越城区,450,182,2025-03-03 13:20:00
SF00902,越城区,110,102,2025-03-03 13:20:00
SF00159,越城区,230,2,2025-03-03 13:20:00
SF00180,越城区,85,35,2025-03-03 13:20:00
SF00151,越城区,70,15,2025-03-03 13:20:00
SF00182,越城区,35,2,2025-03-03 13:20:00
SF00171,越城区,700,458,2025-03-03 13:20:00
SF00152,越城区,500,298,2025-03-03 13:20:00
SF00934,越城区,200,181,2025-03-03 13:10:02
SF00935,越城区,110,2,2025-03-03 13:10:02
SF00939,越城区,350,262,2025-03-03 13:10:02
SF00914,越城区,280,254,2025-03-03 13:10:01
SF00906,越城区,180,165,2025-03-03 13:10:01
SF00927,越城区,240,124,2025-03-03 13:10:01
SF00921,越城区,170,155,2025-03-03 13:10:01
SF00923,越城区,150,140,2025-03-03 13:10:01
SF00919,越城区,50,50,2025-03-03 13:10:01
SF00926,越城区,120,67,2025-03-03 13:10:01
SF00920,越城区,80,2,2025-03-03 13:10:01
SF00925,越城区,50,35,2025-03-03 13:10:01
SF00912,越城区,85,5,2025-03-03 13:10:01
SF00903,越城区,147,135,2025-03-03 13:10:01
SF00910,越城区,100,91,2025-03-03 13:10:01
SF00911,越城区,20,1,2025-03-03 13:10:01
SF00916,越城区,90,59,2025-03-03 13:10:01
SF00917,越城区,150,139,2025-03-03 13:10:01
SF00928,越城区,300,2,2025-03-03 13:10:01
SF00187,越城区,55,36,2025-03-03 13:10:01
SF00907,越城区,400,86,2025-03-03 13:10:01
SF00908,越城区,180,17,2025-03-03 13:10:01
SF00901,越城区,76,4,2025-03-03 13:10:01
SF00905,越城区,95,53,2025-03-03 13:10:01
SF00902,越城区,110,102,2025-03-03 13:10:01
SF00913,越城区,45,43,2025-03-03 13:10:01
SF00931,越城区,75,48,2025-03-03 13:10:01
SF00182,越城区,35,2,2025-03-03 13:10:01
SF00909,越城区,100,55,2025-03-03 13:10:01
SF00915,越城区,286,213,2025-03-03 13:10:01
SF00918,越城区,140,131,2025-03-03 13:10:01
SF00933,越城区,37,33,2025-03-03 13:10:01
SF00904,越城区,180,127,2025-03-03 13:10:01
SF00932,越城区,60,29,2025-03-03 13:10:01
SF00929,越城区,1300,1171,2025-03-03 13:10:01
SF00930,越城区,300,271,2025-03-03 13:10:01
SF00104,越城区,50,27,2025-03-03 13:10:00
HK00020,越城区,1800,188,2025-03-03 13:10:00
HK00010,越城区,170,13,2025-03-03 13:10:00
SF000903,越城区,470,384,2025-03-03 13:10:00
SF000902,越城区,300,247,2025-03-03 13:10:00
SF00171,越城区,700,450,2025-03-03 13:10:00
SF00133,越城区,260,2,2025-03-03 13:10:00
SF00151,越城区,70,14,2025-03-03 13:10:00
SF00118,越城区,100,64,2025-03-03 13:10:00
SF00107,越城区,200,90,2025-03-03 13:10:00
SF00174,越城区,100,2,2025-03-03 13:10:00
SF001041,越城区,90,84,2025-03-03 13:10:00
SF00128,越城区,870,527,2025-03-03 13:10:00
SF000901,越城区,500,275,2025-03-03 13:10:00
SF001211,越城区,180,164,2025-03-03 13:10:00
HK00009,越城区,467,33,2025-03-03 13:10:00
SF00119,越城区,50,6,2025-03-03 13:10:00
SF00141,越城区,50,22,2025-03-03 13:10:00
HK00001,越城区,138,85,2025-03-03 13:10:00
SF00159,越城区,230,2,2025-03-03 13:10:00
SF00120,越城区,220,156,2025-03-03 13:10:00
SF00146,越城区,150,91,2025-03-03 13:10:00
SF00124,越城区,500,300,2025-03-03 13:10:00
SF00152,越城区,500,299,2025-03-03 13:10:00
HK00013,越城区,212,1,2025-03-03 13:10:00
SF00173,越城区,450,183,2025-03-03 13:10:00
SF00155,越城区,125,49,2025-03-03 13:10:00
SF00121,越城区,1,0,2025-03-03 13:10:00
HK00021,越城区,150,105,2025-03-03 13:10:00
SF00180,越城区,85,37,2025-03-03 13:10:00
SF00939,越城区,350,263,2025-03-03 13:00:02
SF00931,越城区,75,43,2025-03-03 13:00:02
SF00930,越城区,300,271,2025-03-03 13:00:02
SF00932,越城区,60,31,2025-03-03 13:00:02
SF00933,越城区,37,33,2025-03-03 13:00:02
SF00934,越城区,200,181,2025-03-03 13:00:02
SF00935,越城区,110,2,2025-03-03 13:00:02
SF00929,越城区,1300,1171,2025-03-03 13:00:02
SF00925,越城区,50,36,2025-03-03 13:00:01
SF00916,越城区,90,54,2025-03-03 13:00:01
SF00173,越城区,450,179,2025-03-03 13:00:01
SF00913,越城区,45,43,2025-03-03 13:00:01
SF00918,越城区,140,131,2025-03-03 13:00:01
SF00903,越城区,147,135,2025-03-03 13:00:01
SF00912,越城区,85,6,2025-03-03 13:00:01
SF00923,越城区,150,140,2025-03-03 13:00:01
SF00914,越城区,280,254,2025-03-03 13:00:01
SF00187,越城区,55,33,2025-03-03 13:00:01
SF00915,越城区,286,208,2025-03-03 13:00:01
SF00926,越城区,120,77,2025-03-03 13:00:01
SF00910,越城区,100,91,2025-03-03 13:00:01
SF00905,越城区,95,56,2025-03-03 13:00:01
SF00174,越城区,100,2,2025-03-03 13:00:01
SF00911,越城区,20,1,2025-03-03 13:00:01
SF00927,越城区,240,124,2025-03-03 13:00:01
SF00928,越城区,300,2,2025-03-03 13:00:01
SF00902,越城区,110,102,2025-03-03 13:00:01
SF00180,越城区,85,37,2025-03-03 13:00:01
SF00920,越城区,80,2,2025-03-03 13:00:01
SF00904,越城区,180,130,2025-03-03 13:00:01
SF00907,越城区,400,82,2025-03-03 13:00:01
SF00921,越城区,170,155,2025-03-03 13:00:01
SF00908,越城区,180,14,2025-03-03 13:00:01
SF00909,越城区,100,55,2025-03-03 13:00:01
SF00917,越城区,150,139,2025-03-03 13:00:01
SF00901,越城区,76,2,2025-03-03 13:00:01
SF00182,越城区,35,2,2025-03-03 13:00:01
SF00906,越城区,180,165,2025-03-03 13:00:01
SF00919,越城区,50,47,2025-03-03 13:00:01
SF000902,越城区,300,245,2025-03-03 13:00:00
SF00120,越城区,220,148,2025-03-03 13:00:00
SF00107,越城区,200,94,2025-03-03 13:00:00
SF000903,越城区,470,371,2025-03-03 13:00:00
HK00009,越城区,467,33,2025-03-03 13:00:00
SF00118,越城区,100,59,2025-03-03 13:00:00
SF00171,越城区,700,450,2025-03-03 13:00:00
HK00013,越城区,212,1,2025-03-03 13:00:00
HK00001,越城区,138,77,2025-03-03 13:00:00
HK00021,越城区,150,105,2025-03-03 13:00:00
SF00141,越城区,50,23,2025-03-03 13:00:00
SF00119,越城区,50,10,2025-03-03 13:00:00
SF00121,越城区,1,0,2025-03-03 13:00:00
HK00010,越城区,170,13,2025-03-03 13:00:00
SF00155,越城区,125,52,2025-03-03 13:00:00
SF00133,越城区,260,2,2025-03-03 13:00:00
SF00152,越城区,500,296,2025-03-03 13:00:00
SF00159,越城区,230,2,2025-03-03 13:00:00
SF00124,越城区,500,298,2025-03-03 13:00:00
SF00104,越城区,50,30,2025-03-03 13:00:00
SF00128,越城区,870,519,2025-03-03 13:00:00
SF001211,越城区,180,164,2025-03-03 13:00:00
SF00151,越城区,70,15,2025-03-03 13:00:00
SF000901,越城区,500,281,2025-03-03 13:00:00
SF001041,越城区,90,84,2025-03-03 13:00:00
SF00146,越城区,150,88,2025-03-03 13:00:00
HK00020,越城区,1800,188,2025-03-03 13:00:00
SF00934,越城区,200,181,2025-03-03 12:50:02
SF00935,越城区,110,2,2025-03-03 12:50:02
SF00939,越城区,350,264,2025-03-03 12:50:02
SF00933,越城区,37,33,2025-03-03 12:50:02
SF00932,越城区,60,30,2025-03-03 12:50:02
SF00926,越城区,120,72,2025-03-03 12:50:01
SF00928,越城区,300,2,2025-03-03 12:50:01
SF00912,越城区,85,7,2025-03-03 12:50:01
SF00914,越城区,280,254,2025-03-03 12:50:01
SF00925,越城区,50,36,2025-03-03 12:50:01
SF00929,越城区,1300,1171,2025-03-03 12:50:01
SF00930,越城区,300,271,2025-03-03 12:50:01
SF00909,越城区,100,55,2025-03-03 12:50:01
SF00923,越城区,150,140,2025-03-03 12:50:01
SF00903,越城区,147,135,2025-03-03 12:50:01
SF00907,越城区,400,74,2025-03-03 12:50:01
SF00917,越城区,150,139,2025-03-03 12:50:01
SF00911,越城区,20,1,2025-03-03 12:50:01
SF00927,越城区,240,124,2025-03-03 12:50:01
SF00921,越城区,170,155,2025-03-03 12:50:01
SF00918,越城区,140,131,2025-03-03 12:50:01
SF00187,越城区,55,36,2025-03-03 12:50:01
SF00916,越城区,90,55,2025-03-03 12:50:01
SF00901,越城区,76,2,2025-03-03 12:50:01
SF00905,越城区,95,52,2025-03-03 12:50:01
SF00915,越城区,286,205,2025-03-03 12:50:01
SF00906,越城区,180,165,2025-03-03 12:50:01
SF00182,越城区,35,2,2025-03-03 12:50:01
SF00920,越城区,80,2,2025-03-03 12:50:01
SF00919,越城区,50,47,2025-03-03 12:50:01
SF00904,越城区,180,134,2025-03-03 12:50:01
SF00910,越城区,100,91,2025-03-03 12:50:01
SF00908,越城区,180,23,2025-03-03 12:50:01
SF00931,越城区,75,50,2025-03-03 12:50:01
SF00902,越城区,110,102,2025-03-03 12:50:01
SF00913,越城区,45,43,2025-03-03 12:50:01
SF00151,越城区,70,17,2025-03-03 12:50:00
HK00001,越城区,138,82,2025-03-03 12:50:00
SF00124,越城区,500,300,2025-03-03 12:50:00
SF00174,越城区,100,2,2025-03-03 12:50:00
SF000901,越城区,500,277,2025-03-03 12:50:00
SF00121,越城区,1,0,2025-03-03 12:50:00
SF00159,越城区,230,2,2025-03-03 12:50:00
SF00128,越城区,870,521,2025-03-03 12:50:00
HK00020,越城区,1800,188,2025-03-03 12:50:00
SF001041,越城区,90,84,2025-03-03 12:50:00
SF00152,越城区,500,295,2025-03-03 12:50:00
SF00171,越城区,700,456,2025-03-03 12:50:00
SF00180,越城区,85,38,2025-03-03 12:50:00
SF00120,越城区,220,144,2025-03-03 12:50:00
SF000903,越城区,470,365,2025-03-03 12:50:00
SF000902,越城区,300,247,2025-03-03 12:50:00
SF00141,越城区,50,24,2025-03-03 12:50:00
SF00104,越城区,50,31,2025-03-03 12:50:00
HK00010,越城区,170,13,2025-03-03 12:50:00
SF001211,越城区,180,164,2025-03-03 12:50:00
SF00107,越城区,200,97,2025-03-03 12:50:00
HK00021,越城区,150,105,2025-03-03 12:50:00
SF00119,越城区,50,5,2025-03-03 12:50:00
HK00013,越城区,212,1,2025-03-03 12:50:00
SF00118,越城区,100,62,2025-03-03 12:50:00
SF00173,越城区,450,179,2025-03-03 12:50:00
HK00009,越城区,467,33,2025-03-03 12:50:00
SF00146,越城区,150,94,2025-03-03 12:50:00
SF00155,越城区,125,54,2025-03-03 12:50:00
SF00133,越城区,260,2,2025-03-03 12:50:00
SF00934,越城区,200,181,2025-03-03 12:40:02
SF00919,越城区,50,48,2025-03-03 12:40:02
SF00928,越城区,300,2,2025-03-03 12:40:02
SF00929,越城区,1300,1171,2025-03-03 12:40:02
SF00931,越城区,75,44,2025-03-03 12:40:02
SF00932,越城区,60,29,2025-03-03 12:40:02
SF00930,越城区,300,271,2025-03-03 12:40:02
SF00923,越城区,150,140,2025-03-03 12:40:02
SF00933,越城区,37,33,2025-03-03 12:40:02
SF00920,越城区,80,2,2025-03-03 12:40:02
SF00927,越城区,240,123,2025-03-03 12:40:02
SF00939,越城区,350,265,2025-03-03 12:40:02
SF00935,越城区,110,2,2025-03-03 12:40:02
SF00926,越城区,120,75,2025-03-03 12:40:02
SF00925,越城区,50,37,2025-03-03 12:40:02
SF00921,越城区,170,155,2025-03-03 12:40:02
SF00906,越城区,180,165,2025-03-03 12:40:01
SF00913,越城区,45,43,2025-03-03 12:40:01
SF00911,越城区,20,1,2025-03-03 12:40:01
SF00916,越城区,90,54,2025-03-03 12:40:01
SF00915,越城区,286,204,2025-03-03 12:40:01
SF00918,越城区,140,131,2025-03-03 12:40:01
SF00910,越城区,100,91,2025-03-03 12:40:01
SF00903,越城区,147,135,2025-03-03 12:40:01
SF00909,越城区,100,65,2025-03-03 12:40:01
SF00171,越城区,700,450,2025-03-03 12:40:01
SF00182,越城区,35,2,2025-03-03 12:40:01
SF00902,越城区,110,102,2025-03-03 12:40:01
SF00917,越城区,150,139,2025-03-03 12:40:01
SF00180,越城区,85,39,2025-03-03 12:40:01
SF00907,越城区,400,76,2025-03-03 12:40:01
SF00155,越城区,125,56,2025-03-03 12:40:01
SF00174,越城区,100,4,2025-03-03 12:40:01
SF00901,越城区,76,2,2025-03-03 12:40:01
SF00159,越城区,230,2,2025-03-03 12:40:01
SF00914,越城区,280,254,2025-03-03 12:40:01
SF00905,越城区,95,60,2025-03-03 12:40:01
SF00912,越城区,85,10,2025-03-03 12:40:01
SF00173,越城区,450,184,2025-03-03 12:40:01
SF00904,越城区,180,136,2025-03-03 12:40:01
SF00908,越城区,180,18,2025-03-03 12:40:01
SF00187,越城区,55,28,2025-03-03 12:40:01
SF001211,越城区,180,164,2025-03-03 12:40:00
SF00121,越城区,1,0,2025-03-03 12:40:00
SF00151,越城区,70,17,2025-03-03 12:40:00
SF001041,越城区,90,84,2025-03-03 12:40:00
HK00021,越城区,150,105,2025-03-03 12:40:00
HK00001,越城区,138,84,2025-03-03 12:40:00
SF00128,越城区,870,520,2025-03-03 12:40:00
SF00133,越城区,260,2,2025-03-03 12:40:00
SF00118,越城区,100,63,2025-03-03 12:40:00
HK00009,越城区,467,33,2025-03-03 12:40:00
SF00120,越城区,220,150,2025-03-03 12:40:00
SF00141,越城区,50,23,2025-03-03 12:40:00
SF000902,越城区,300,245,2025-03-03 12:40:00
SF00107,越城区,200,96,2025-03-03 12:40:00
SF000901,越城区,500,285,2025-03-03 12:40:00
SF00152,越城区,500,300,2025-03-03 12:40:00
SF00119,越城区,50,10,2025-03-03 12:40:00
HK00020,越城区,1800,188,2025-03-03 12:40:00
SF000903,越城区,470,361,2025-03-03 12:40:00
SF00104,越城区,50,35,2025-03-03 12:40:00
HK00013,越城区,212,1,2025-03-03 12:40:00
SF00146,越城区,150,95,2025-03-03 12:40:00
SF00124,越城区,500,304,2025-03-03 12:40:00
HK00010,越城区,170,13,2025-03-03 12:40:00
SF00934,越城区,200,181,2025-03-03 12:30:02
SF00931,越城区,75,46,2025-03-03 12:30:02
SF00932,越城区,60,29,2025-03-03 12:30:02
SF00935,越城区,110,2,2025-03-03 12:30:02
SF00933,越城区,37,33,2025-03-03 12:30:02
SF00939,越城区,350,266,2025-03-03 12:30:02
SF00902,越城区,110,102,2025-03-03 12:30:01
SF00921,越城区,170,155,2025-03-03 12:30:01
SF00905,越城区,95,58,2025-03-03 12:30:01
SF00926,越城区,120,77,2025-03-03 12:30:01
SF00930,越城区,300,271,2025-03-03 12:30:01
SF00916,越城区,90,54,2025-03-03 12:30:01
SF00908,越城区,180,21,2025-03-03 12:30:01
SF00925,越城区,50,37,2025-03-03 12:30:01
SF00911,越城区,20,1,2025-03-03 12:30:01
SF00918,越城区,140,131,2025-03-03 12:30:01
SF00907,越城区,400,77,2025-03-03 12:30:01
SF00182,越城区,35,2,2025-03-03 12:30:01
SF00919,越城区,50,48,2025-03-03 12:30:01
SF00904,越城区,180,136,2025-03-03 12:30:01
SF00914,越城区,280,254,2025-03-03 12:30:01
SF00927,越城区,240,122,2025-03-03 12:30:01
SF00915,越城区,286,203,2025-03-03 12:30:01
SF00913,越城区,45,43,2025-03-03 12:30:01
SF00901,越城区,76,2,2025-03-03 12:30:01
SF00912,越城区,85,4,2025-03-03 12:30:01
SF00906,越城区,180,165,2025-03-03 12:30:01
SF00928,越城区,300,2,2025-03-03 12:30:01
SF00187,越城区,55,32,2025-03-03 12:30:01
SF00910,越城区,100,91,2025-03-03 12:30:01
SF00180,越城区,85,39,2025-03-03 12:30:01
SF00923,越城区,150,140,2025-03-03 12:30:01
SF00903,越城区,147,135,2025-03-03 12:30:01
SF00920,越城区,80,2,2025-03-03 12:30:01
SF00909,越城区,100,63,2025-03-03 12:30:01
SF00917,越城区,150,139,2025-03-03 12:30:01
SF00929,越城区,1300,1171,2025-03-03 12:30:01
SF000902,越城区,300,244,2025-03-03 12:30:00
SF00121,越城区,1,0,2025-03-03 12:30:00
SF00107,越城区,200,97,2025-03-03 12:30:00
SF00124,越城区,500,298,2025-03-03 12:30:00
SF000901,越城区,500,284,2025-03-03 12:30:00
SF00146,越城区,150,87,2025-03-03 12:30:00
SF00173,越城区,450,183,2025-03-03 12:30:00
SF00133,越城区,260,2,2025-03-03 12:30:00
SF00104,越城区,50,31,2025-03-03 12:30:00
HK00020,越城区,1800,188,2025-03-03 12:30:00
HK00010,越城区,170,13,2025-03-03 12:30:00
HK00013,越城区,212,1,2025-03-03 12:30:00
SF001041,越城区,90,84,2025-03-03 12:30:00
SF001211,越城区,180,164,2025-03-03 12:30:00
SF00120,越城区,220,150,2025-03-03 12:30:00
SF00128,越城区,870,519,2025-03-03 12:30:00
SF00159,越城区,230,2,2025-03-03 12:30:00
SF00118,越城区,100,55,2025-03-03 12:30:00
SF00141,越城区,50,26,2025-03-03 12:30:00
SF00174,越城区,100,5,2025-03-03 12:30:00
SF00155,越城区,125,55,2025-03-03 12:30:00
SF00151,越城区,70,16,2025-03-03 12:30:00
SF00119,越城区,50,3,2025-03-03 12:30:00
HK00021,越城区,150,105,2025-03-03 12:30:00
SF000903,越城区,470,361,2025-03-03 12:30:00
SF00152,越城区,500,296,2025-03-03 12:30:00
HK00001,越城区,138,82,2025-03-03 12:30:00
SF00171,越城区,700,442,2025-03-03 12:30:00
HK00009,越城区,467,33,2025-03-03 12:30:00
SF00932,越城区,60,28,2025-03-03 12:20:02
SF00934,越城区,200,181,2025-03-03 12:20:02
SF00931,越城区,75,46,2025-03-03 12:20:02
SF00933,越城区,37,33,2025-03-03 12:20:02
SF00935,越城区,110,2,2025-03-03 12:20:02
SF00939,越城区,350,262,2025-03-03 12:20:02
SF00930,越城区,300,271,2025-03-03 12:20:02
SF00174,越城区,100,6,2025-03-03 12:20:01
SF00180,越城区,85,39,2025-03-03 12:20:01
SF00925,越城区,50,36,2025-03-03 12:20:01
SF00905,越城区,95,61,2025-03-03 12:20:01
SF00921,越城区,170,155,2025-03-03 12:20:01
SF00918,越城区,140,131,2025-03-03 12:20:01
SF00906,越城区,180,165,2025-03-03 12:20:01
SF00902,越城区,110,102,2025-03-03 12:20:01
SF00920,越城区,80,2,2025-03-03 12:20:01
SF00923,越城区,150,140,2025-03-03 12:20:01
SF00926,越城区,120,77,2025-03-03 12:20:01
SF00929,越城区,1300,1171,2025-03-03 12:20:01
SF00910,越城区,100,91,2025-03-03 12:20:01
SF00927,越城区,240,119,2025-03-03 12:20:01
SF00913,越城区,45,43,2025-03-03 12:20:01
SF00908,越城区,180,20,2025-03-03 12:20:01
SF00182,越城区,35,2,2025-03-03 12:20:01
SF00917,越城区,150,139,2025-03-03 12:20:01
SF00187,越城区,55,36,2025-03-03 12:20:01
SF00907,越城区,400,72,2025-03-03 12:20:01
SF00914,越城区,280,254,2025-03-03 12:20:01
SF00903,越城区,147,135,2025-03-03 12:20:01
SF00901,越城区,76,2,2025-03-03 12:20:01
SF00909,越城区,100,64,2025-03-03 12:20:01
SF00912,越城区,85,7,2025-03-03 12:20:01
SF00928,越城区,300,12,2025-03-03 12:20:01
SF00904,越城区,180,135,2025-03-03 12:20:01
SF00915,越城区,286,203,2025-03-03 12:20:01
SF00911,越城区,20,1,2025-03-03 12:20:01
SF00919,越城区,50,46,2025-03-03 12:20:01
SF00916,越城区,90,56,2025-03-03 12:20:01
SF00104,越城区,50,26,2025-03-03 12:20:00
SF00171,越城区,700,449,2025-03-03 12:20:00
SF00155,越城区,125,55,2025-03-03 12:20:00
SF00120,越城区,220,151,2025-03-03 12:20:00
SF00107,越城区,200,103,2025-03-03 12:20:00
SF00151,越城区,70,17,2025-03-03 12:20:00
SF00119,越城区,50,5,2025-03-03 12:20:00
HK00021,越城区,150,105,2025-03-03 12:20:00
SF000903,越城区,470,361,2025-03-03 12:20:00
SF00118,越城区,100,61,2025-03-03 12:20:00
SF00152,越城区,500,295,2025-03-03 12:20:00
SF00121,越城区,1,0,2025-03-03 12:20:00
SF001041,越城区,90,84,2025-03-03 12:20:00
SF001211,越城区,180,164,2025-03-03 12:20:00
SF00159,越城区,230,2,2025-03-03 12:20:00
SF00128,越城区,870,518,2025-03-03 12:20:00
SF00124,越城区,500,303,2025-03-03 12:20:00
HK00010,越城区,170,13,2025-03-03 12:20:00
SF000901,越城区,500,294,2025-03-03 12:20:00
SF00173,越城区,450,184,2025-03-03 12:20:00
HK00009,越城区,467,33,2025-03-03 12:20:00
SF00133,越城区,260,2,2025-03-03 12:20:00
HK00020,越城区,1800,188,2025-03-03 12:20:00
HK00013,越城区,212,1,2025-03-03 12:20:00
SF00141,越城区,50,28,2025-03-03 12:20:00
HK00001,越城区,138,85,2025-03-03 12:20:00
SF00146,越城区,150,87,2025-03-03 12:20:00
SF000902,越城区,300,248,2025-03-03 12:20:00
SF00931,越城区,75,47,2025-03-03 12:10:02
SF00927,越城区,240,119,2025-03-03 12:10:02
SF00932,越城区,60,28,2025-03-03 12:10:02
SF00930,越城区,300,271,2025-03-03 12:10:02
SF00934,越城区,200,181,2025-03-03 12:10:02
SF00928,越城区,300,12,2025-03-03 12:10:02
SF00935,越城区,110,2,2025-03-03 12:10:02
SF00939,越城区,350,263,2025-03-03 12:10:02
SF00929,越城区,1300,1171,2025-03-03 12:10:02
SF00933,越城区,37,33,2025-03-03 12:10:02
SF00908,越城区,180,19,2025-03-03 12:10:01
SF00902,越城区,110,102,2025-03-03 12:10:01
SF00923,越城区,150,140,2025-03-03 12:10:01
SF00914,越城区,280,254,2025-03-03 12:10:01
SF00906,越城区,180,165,2025-03-03 12:10:01
SF00187,越城区,55,32,2025-03-03 12:10:01
SF00919,越城区,50,46,2025-03-03 12:10:01
SF00180,越城区,85,40,2025-03-03 12:10:01
SF00913,越城区,45,43,2025-03-03 12:10:01
SF00918,越城区,140,131,2025-03-03 12:10:01
SF00182,越城区,35,2,2025-03-03 12:10:01
SF00910,越城区,100,91,2025-03-03 12:10:01
SF00905,越城区,95,57,2025-03-03 12:10:01
SF00915,越城区,286,204,2025-03-03 12:10:01
SF00920,越城区,80,2,2025-03-03 12:10:01
SF00925,越城区,50,35,2025-03-03 12:10:01
SF00909,越城区,100,56,2025-03-03 12:10:01
SF00916,越城区,90,59,2025-03-03 12:10:01
SF00911,越城区,20,1,2025-03-03 12:10:01
SF00926,越城区,120,68,2025-03-03 12:10:01
SF00917,越城区,150,139,2025-03-03 12:10:01
SF00921,越城区,170,155,2025-03-03 12:10:01
SF00907,越城区,400,81,2025-03-03 12:10:01
SF00912,越城区,85,13,2025-03-03 12:10:01
SF00174,越城区,100,5,2025-03-03 12:10:01
SF00901,越城区,76,2,2025-03-03 12:10:01
SF00903,越城区,147,135,2025-03-03 12:10:01
SF00904,越城区,180,135,2025-03-03 12:10:01
HK00020,越城区,1800,188,2025-03-03 12:10:00
HK00001,越城区,138,79,2025-03-03 12:10:00
SF00155,越城区,125,50,2025-03-03 12:10:00
SF00171,越城区,700,465,2025-03-03 12:10:00
HK00010,越城区,170,13,2025-03-03 12:10:00
SF001211,越城区,180,164,2025-03-03 12:10:00
SF00173,越城区,450,192,2025-03-03 12:10:00
SF00104,越城区,50,35,2025-03-03 12:10:00
SF00159,越城区,230,2,2025-03-03 12:10:00
SF00146,越城区,150,90,2025-03-03 12:10:00
SF00120,越城区,220,155,2025-03-03 12:10:00
SF000901,越城区,500,308,2025-03-03 12:10:00
SF00151,越城区,70,17,2025-03-03 12:10:00
SF00152,越城区,500,299,2025-03-03 12:10:00
SF000902,越城区,300,254,2025-03-03 12:10:00
SF00118,越城区,100,57,2025-03-03 12:10:00
SF00141,越城区,50,27,2025-03-03 12:10:00
SF000903,越城区,470,369,2025-03-03 12:10:00
HK00009,越城区,467,33,2025-03-03 12:10:00
HK00013,越城区,212,1,2025-03-03 12:10:00
SF00121,越城区,1,0,2025-03-03 12:10:00
SF00119,越城区,50,2,2025-03-03 12:10:00
SF00133,越城区,260,2,2025-03-03 12:10:00
SF00128,越城区,870,525,2025-03-03 12:10:00
HK00021,越城区,150,105,2025-03-03 12:10:00
SF001041,越城区,90,84,2025-03-03 12:10:00
SF00107,越城区,200,109,2025-03-03 12:10:00
SF00124,越城区,500,301,2025-03-03 12:10:00
SF00934,越城区,200,181,2025-03-03 12:00:02
SF00931,越城区,75,46,2025-03-03 12:00:02
SF00933,越城区,37,33,2025-03-03 12:00:02
SF00930,越城区,300,271,2025-03-03 12:00:02
SF00939,越城区,350,253,2025-03-03 12:00:02
SF00932,越城区,60,28,2025-03-03 12:00:02
SF00929,越城区,1300,1171,2025-03-03 12:00:02
SF00935,越城区,110,2,2025-03-03 12:00:02
SF00906,越城区,180,165,2025-03-03 12:00:01
SF00908,越城区,180,19,2025-03-03 12:00:01
SF00187,越城区,55,37,2025-03-03 12:00:01
SF00904,越城区,180,135,2025-03-03 12:00:01
SF00915,越城区,286,205,2025-03-03 12:00:01
SF00927,越城区,240,117,2025-03-03 12:00:01
SF00926,越城区,120,69,2025-03-03 12:00:01
SF00912,越城区,85,5,2025-03-03 12:00:01
SF00907,越城区,400,85,2025-03-03 12:00:01
SF00911,越城区,20,1,2025-03-03 12:00:01
SF00905,越城区,95,62,2025-03-03 12:00:01
SF00901,越城区,76,2,2025-03-03 12:00:01
SF00909,越城区,100,63,2025-03-03 12:00:01
SF00902,越城区,110,102,2025-03-03 12:00:01
SF00920,越城区,80,2,2025-03-03 12:00:01
SF00928,越城区,300,10,2025-03-03 12:00:01
SF00921,越城区,170,155,2025-03-03 12:00:01
SF00180,越城区,85,38,2025-03-03 12:00:01
SF00916,越城区,90,53,2025-03-03 12:00:01
SF00923,越城区,150,140,2025-03-03 12:00:01
SF00914,越城区,280,254,2025-03-03 12:00:01
SF00174,越城区,100,2,2025-03-03 12:00:01
SF00925,越城区,50,35,2025-03-03 12:00:01
SF00910,越城区,100,91,2025-03-03 12:00:01
SF00918,越城区,140,131,2025-03-03 12:00:01
SF00919,越城区,50,49,2025-03-03 12:00:01
SF00903,越城区,147,135,2025-03-03 12:00:01
SF00913,越城区,45,43,2025-03-03 12:00:01
SF00917,越城区,150,139,2025-03-03 12:00:01
SF00182,越城区,35,2,2025-03-03 12:00:01
SF00119,越城区,50,3,2025-03-03 12:00:00
SF00104,越城区,50,28,2025-03-03 12:00:00
SF000903,越城区,470,375,2025-03-03 12:00:00
SF00120,越城区,220,165,2025-03-03 12:00:00
HK00020,越城区,1800,188,2025-03-03 12:00:00
SF00146,越城区,150,88,2025-03-03 12:00:00
HK00001,越城区,138,86,2025-03-03 12:00:00
SF000902,越城区,300,257,2025-03-03 12:00:00
SF001041,越城区,90,84,2025-03-03 12:00:00
SF00107,越城区,200,106,2025-03-03 12:00:00
SF00171,越城区,700,475,2025-03-03 12:00:00
SF00124,越城区,500,298,2025-03-03 12:00:00
SF00151,越城区,70,14,2025-03-03 12:00:00
SF00141,越城区,50,28,2025-03-03 12:00:00
SF00128,越城区,870,524,2025-03-03 12:00:00
HK00010,越城区,170,13,2025-03-03 12:00:00
SF001211,越城区,180,164,2025-03-03 12:00:00
SF00155,越城区,125,47,2025-03-03 12:00:00
SF00173,越城区,450,192,2025-03-03 12:00:00
SF00159,越城区,230,2,2025-03-03 12:00:00
SF000901,越城区,500,324,2025-03-03 12:00:00
HK00013,越城区,212,1,2025-03-03 12:00:00
HK00021,越城区,150,105,2025-03-03 12:00:00
SF00152,越城区,500,301,2025-03-03 12:00:00
SF00121,越城区,1,0,2025-03-03 12:00:00
HK00009,越城区,467,33,2025-03-03 12:00:00
SF00133,越城区,260,2,2025-03-03 12:00:00
SF00118,越城区,100,65,2025-03-03 12:00:00
SF00929,越城区,1300,1171,2025-03-03 11:50:02
SF00934,越城区,200,181,2025-03-03 11:50:02
SF00935,越城区,110,2,2025-03-03 11:50:02
SF00939,越城区,350,252,2025-03-03 11:50:02
SF00928,越城区,300,13,2025-03-03 11:50:02
SF00927,越城区,240,114,2025-03-03 11:50:02
SF00932,越城区,60,29,2025-03-03 11:50:02
SF00933,越城区,37,33,2025-03-03 11:50:02
SF00931,越城区,75,45,2025-03-03 11:50:02
SF00930,越城区,300,271,2025-03-03 11:50:02
SF00919,越城区,50,46,2025-03-03 11:50:01
SF00916,越城区,90,52,2025-03-03 11:50:01
SF00901,越城区,76,2,2025-03-03 11:50:01
SF00914,越城区,280,254,2025-03-03 11:50:01
SF00903,越城区,147,135,2025-03-03 11:50:01
SF00182,越城区,35,2,2025-03-03 11:50:01
SF00902,越城区,110,102,2025-03-03 11:50:01
SF00912,越城区,85,6,2025-03-03 11:50:01
SF00907,越城区,400,83,2025-03-03 11:50:01
SF00920,越城区,80,2,2025-03-03 11:50:01
SF00918,越城区,140,131,2025-03-03 11:50:01
SF00908,越城区,180,18,2025-03-03 11:50:01
SF00923,越城区,150,140,2025-03-03 11:50:01
SF00905,越城区,95,62,2025-03-03 11:50:01
SF00925,越城区,50,36,2025-03-03 11:50:01
SF00911,越城区,20,1,2025-03-03 11:50:01
SF00909,越城区,100,58,2025-03-03 11:50:01
SF00917,越城区,150,139,2025-03-03 11:50:01
SF00187,越城区,55,34,2025-03-03 11:50:01
SF00180,越城区,85,37,2025-03-03 11:50:01
SF00913,越城区,45,43,2025-03-03 11:50:01
SF00910,越城区,100,91,2025-03-03 11:50:01
SF00904,越城区,180,137,2025-03-03 11:50:01
SF00174,越城区,100,2,2025-03-03 11:50:01
SF00173,越城区,450,191,2025-03-03 11:50:01
SF00915,越城区,286,207,2025-03-03 11:50:01
SF00926,越城区,120,76,2025-03-03 11:50:01
SF00921,越城区,170,155,2025-03-03 11:50:01
SF00906,越城区,180,165,2025-03-03 11:50:01
SF00107,越城区,200,105,2025-03-03 11:50:00
HK00010,越城区,170,13,2025-03-03 11:50:00
SF000901,越城区,500,338,2025-03-03 11:50:00
SF00124,越城区,500,298,2025-03-03 11:50:00
HK00009,越城区,467,33,2025-03-03 11:50:00
SF000902,越城区,300,257,2025-03-03 11:50:00
SF00119,越城区,50,2,2025-03-03 11:50:00
SF001041,越城区,90,84,2025-03-03 11:50:00
SF00104,越城区,50,28,2025-03-03 11:50:00
SF000903,越城区,470,372,2025-03-03 11:50:00
SF001211,越城区,180,164,2025-03-03 11:50:00
SF00121,越城区,1,0,2025-03-03 11:50:00
SF00118,越城区,100,57,2025-03-03 11:50:00
SF00120,越城区,220,162,2025-03-03 11:50:00
HK00020,越城区,1800,188,2025-03-03 11:50:00
SF00159,越城区,230,2,2025-03-03 11:50:00
SF00141,越城区,50,28,2025-03-03 11:50:00
SF00146,越城区,150,91,2025-03-03 11:50:00
SF00152,越城区,500,298,2025-03-03 11:50:00
HK00021,越城区,150,105,2025-03-03 11:50:00
HK00001,越城区,138,87,2025-03-03 11:50:00
SF00155,越城区,125,42,2025-03-03 11:50:00
SF00128,越城区,870,519,2025-03-03 11:50:00
HK00013,越城区,212,1,2025-03-03 11:50:00
SF00151,越城区,70,15,2025-03-03 11:50:00
SF00133,越城区,260,2,2025-03-03 11:50:00
SF00171,越城区,700,489,2025-03-03 11:50:00
SF00939,越城区,350,249,2025-03-03 11:40:01
SF00911,越城区,20,1,2025-03-03 11:40:01
SF00912,越城区,85,4,2025-03-03 11:40:01
SF00933,越城区,37,33,2025-03-03 11:40:01
SF00913,越城区,45,43,2025-03-03 11:40:01
SF00928,越城区,300,11,2025-03-03 11:40:01
SF00908,越城区,180,16,2025-03-03 11:40:01
SF00929,越城区,1300,1171,2025-03-03 11:40:01
SF00932,越城区,60,30,2025-03-03 11:40:01
SF00927,越城区,240,106,2025-03-03 11:40:01
SF00931,越城区,75,47,2025-03-03 11:40:01
SF00935,越城区,110,2,2025-03-03 11:40:01
SF00915,越城区,286,208,2025-03-03 11:40:01
SF00920,越城区,80,2,2025-03-03 11:40:01
SF00918,越城区,140,131,2025-03-03 11:40:01
SF00926,越城区,120,73,2025-03-03 11:40:01
SF00925,越城区,50,37,2025-03-03 11:40:01
SF00909,越城区,100,58,2025-03-03 11:40:01
SF00917,越城区,150,139,2025-03-03 11:40:01
SF00910,越城区,100,91,2025-03-03 11:40:01
SF00907,越城区,400,85,2025-03-03 11:40:01
SF00921,越城区,170,155,2025-03-03 11:40:01
SF00923,越城区,150,140,2025-03-03 11:40:01
SF00916,越城区,90,49,2025-03-03 11:40:01
SF00919,越城区,50,49,2025-03-03 11:40:01
SF00934,越城区,200,181,2025-03-03 11:40:01
SF00914,越城区,280,254,2025-03-03 11:40:01
SF00930,越城区,300,271,2025-03-03 11:40:01
SF00128,越城区,870,522,2025-03-03 11:40:00
SF001211,越城区,180,164,2025-03-03 11:40:00
HK00001,越城区,138,77,2025-03-03 11:40:00
SF00152,越城区,500,297,2025-03-03 11:40:00
SF00107,越城区,200,112,2025-03-03 11:40:00
SF00904,越城区,180,133,2025-03-03 11:40:00
SF00903,越城区,147,135,2025-03-03 11:40:00
SF00905,越城区,95,57,2025-03-03 11:40:00
SF000902,越城区,300,257,2025-03-03 11:40:00
HK00013,越城区,212,1,2025-03-03 11:40:00
SF00902,越城区,110,102,2025-03-03 11:40:00
SF00120,越城区,220,160,2025-03-03 11:40:00
HK00021,越城区,150,105,2025-03-03 11:40:00
SF00121,越城区,1,0,2025-03-03 11:40:00
SF00104,越城区,50,30,2025-03-03 11:40:00
HK00010,越城区,170,13,2025-03-03 11:40:00
SF00155,越城区,125,35,2025-03-03 11:40:00
SF00151,越城区,70,16,2025-03-03 11:40:00
SF00141,越城区,50,29,2025-03-03 11:40:00
SF00171,越城区,700,510,2025-03-03 11:40:00
SF00146,越城区,150,88,2025-03-03 11:40:00
SF00187,越城区,55,29,2025-03-03 11:40:00
SF001041,越城区,90,84,2025-03-03 11:40:00
SF00124,越城区,500,295,2025-03-03 11:40:00
SF00119,越城区,50,10,2025-03-03 11:40:00
HK00020,越城区,1800,188,2025-03-03 11:40:00
SF00182,越城区,35,2,2025-03-03 11:40:00
SF000901,越城区,500,342,2025-03-03 11:40:00
SF00174,越城区,100,2,2025-03-03 11:40:00
SF000903,越城区,470,380,2025-03-03 11:40:00
SF00173,越城区,450,194,2025-03-03 11:40:00
SF00180,越城区,85,35,2025-03-03 11:40:00
SF00118,越城区,100,62,2025-03-03 11:40:00
SF00133,越城区,260,2,2025-03-03 11:40:00
HK00009,越城区,467,33,2025-03-03 11:40:00
SF00159,越城区,230,2,2025-03-03 11:40:00
SF00901,越城区,76,2,2025-03-03 11:40:00
SF00906,越城区,180,165,2025-03-03 11:40:00
SF00935,越城区,110,2,2025-03-03 11:30:02
SF00934,越城区,200,181,2025-03-03 11:30:02
SF00932,越城区,60,32,2025-03-03 11:30:02
SF00939,越城区,350,249,2025-03-03 11:30:02
SF00931,越城区,75,41,2025-03-03 11:30:02
SF00933,越城区,37,33,2025-03-03 11:30:02
SF00916,越城区,90,59,2025-03-03 11:30:01
SF00919,越城区,50,49,2025-03-03 11:30:01
SF00180,越城区,85,35,2025-03-03 11:30:01
SF00921,越城区,170,155,2025-03-03 11:30:01
SF00901,越城区,76,2,2025-03-03 11:30:01
SF00905,越城区,95,57,2025-03-03 11:30:01
SF00908,越城区,180,19,2025-03-03 11:30:01
SF00930,越城区,300,271,2025-03-03 11:30:01
SF00912,越城区,85,6,2025-03-03 11:30:01
SF00187,越城区,55,35,2025-03-03 11:30:01
SF00923,越城区,150,140,2025-03-03 11:30:01
SF00920,越城区,80,2,2025-03-03 11:30:01
SF00174,越城区,100,2,2025-03-03 11:30:01
SF00928,越城区,300,4,2025-03-03 11:30:01
SF00902,越城区,110,102,2025-03-03 11:30:01
SF00907,越城区,400,98,2025-03-03 11:30:01
SF00910,越城区,100,91,2025-03-03 11:30:01
SF00925,越城区,50,38,2025-03-03 11:30:01
SF00903,越城区,147,135,2025-03-03 11:30:01
SF00926,越城区,120,74,2025-03-03 11:30:01
SF00182,越城区,35,2,2025-03-03 11:30:01
SF00917,越城区,150,139,2025-03-03 11:30:01
SF00909,越城区,100,62,2025-03-03 11:30:01
SF00904,越城区,180,132,2025-03-03 11:30:01
SF00914,越城区,280,254,2025-03-03 11:30:01
SF00929,越城区,1300,1171,2025-03-03 11:30:01
SF00913,越城区,45,43,2025-03-03 11:30:01
SF00927,越城区,240,106,2025-03-03 11:30:01
SF00911,越城区,20,1,2025-03-03 11:30:01
SF00915,越城区,286,209,2025-03-03 11:30:01
SF00918,越城区,140,131,2025-03-03 11:30:01
SF00906,越城区,180,165,2025-03-03 11:30:01
HK00009,越城区,467,33,2025-03-03 11:30:00
SF00121,越城区,1,0,2025-03-03 11:30:00
SF00107,越城区,200,111,2025-03-03 11:30:00
SF00133,越城区,260,2,2025-03-03 11:30:00
SF00159,越城区,230,2,2025-03-03 11:30:00
SF00173,越城区,450,184,2025-03-03 11:30:00
SF00151,越城区,70,15,2025-03-03 11:30:00
SF00104,越城区,50,27,2025-03-03 11:30:00
HK00013,越城区,212,1,2025-03-03 11:30:00
SF00124,越城区,500,303,2025-03-03 11:30:00
SF000901,越城区,500,342,2025-03-03 11:30:00
SF00171,越城区,700,527,2025-03-03 11:30:00
HK00021,越城区,150,105,2025-03-03 11:30:00
SF001211,越城区,180,164,2025-03-03 11:30:00
SF00119,越城区,50,2,2025-03-03 11:30:00
HK00020,越城区,1800,188,2025-03-03 11:30:00
SF00141,越城区,50,29,2025-03-03 11:30:00
SF00155,越城区,125,30,2025-03-03 11:30:00
SF00120,越城区,220,162,2025-03-03 11:30:00
SF001041,越城区,90,84,2025-03-03 11:30:00
SF00118,越城区,100,55,2025-03-03 11:30:00
HK00001,越城区,138,86,2025-03-03 11:30:00
SF000902,越城区,300,255,2025-03-03 11:30:00
SF000903,越城区,470,389,2025-03-03 11:30:00
SF00128,越城区,870,522,2025-03-03 11:30:00
SF00146,越城区,150,95,2025-03-03 11:30:00
HK00010,越城区,170,13,2025-03-03 11:30:00
SF00152,越城区,500,302,2025-03-03 11:30:00
SF00931,越城区,75,50,2025-03-03 11:20:02
SF00930,越城区,300,271,2025-03-03 11:20:02
SF00933,越城区,37,33,2025-03-03 11:20:02
SF00934,越城区,200,181,2025-03-03 11:20:02
SF00928,越城区,300,9,2025-03-03 11:20:02
SF00939,越城区,350,245,2025-03-03 11:20:02
SF00929,越城区,1300,1171,2025-03-03 11:20:02
SF00935,越城区,110,2,2025-03-03 11:20:02
SF00932,越城区,60,29,2025-03-03 11:20:02
SF00902,越城区,110,102,2025-03-03 11:20:01
SF00918,越城区,140,131,2025-03-03 11:20:01
SF00187,越城区,55,36,2025-03-03 11:20:01
SF00925,越城区,50,35,2025-03-03 11:20:01
SF00908,越城区,180,16,2025-03-03 11:20:01
SF00182,越城区,35,2,2025-03-03 11:20:01
SF00916,越城区,90,53,2025-03-03 11:20:01
SF00174,越城区,100,2,2025-03-03 11:20:01
SF00917,越城区,150,139,2025-03-03 11:20:01
SF00901,越城区,76,2,2025-03-03 11:20:01
SF00909,越城区,100,62,2025-03-03 11:20:01
SF00911,越城区,20,1,2025-03-03 11:20:01
SF00180,越城区,85,35,2025-03-03 11:20:01
SF00919,越城区,50,49,2025-03-03 11:20:01
SF00913,越城区,45,43,2025-03-03 11:20:01
SF00912,越城区,85,11,2025-03-03 11:20:01
SF00914,越城区,280,254,2025-03-03 11:20:01
SF00910,越城区,100,91,2025-03-03 11:20:01
SF00905,越城区,95,61,2025-03-03 11:20:01
SF00904,越城区,180,129,2025-03-03 11:20:01
SF00903,越城区,147,135,2025-03-03 11:20:01
SF00907,越城区,400,93,2025-03-03 11:20:01
SF00920,越城区,80,2,2025-03-03 11:20:01
SF00923,越城区,150,140,2025-03-03 11:20:01
SF00906,越城区,180,165,2025-03-03 11:20:01
SF00921,越城区,170,155,2025-03-03 11:20:01
SF00927,越城区,240,100,2025-03-03 11:20:01
SF00926,越城区,120,73,2025-03-03 11:20:01
SF00915,越城区,286,209,2025-03-03 11:20:01
SF00120,越城区,220,164,2025-03-03 11:20:00
SF000901,越城区,500,338,2025-03-03 11:20:00
HK00021,越城区,150,105,2025-03-03 11:20:00
SF000903,越城区,470,394,2025-03-03 11:20:00
SF000902,越城区,300,256,2025-03-03 11:20:00
SF001041,越城区,90,84,2025-03-03 11:20:00
SF00133,越城区,260,2,2025-03-03 11:20:00
SF00121,越城区,1,0,2025-03-03 11:20:00
SF00104,越城区,50,32,2025-03-03 11:20:00
SF00152,越城区,500,295,2025-03-03 11:20:00
HK00010,越城区,170,13,2025-03-03 11:20:00
SF00151,越城区,70,17,2025-03-03 11:20:00
SF00118,越城区,100,59,2025-03-03 11:20:00
HK00020,越城区,1800,188,2025-03-03 11:20:00
SF00171,越城区,700,543,2025-03-03 11:20:00
SF00146,越城区,150,89,2025-03-03 11:20:00
SF00128,越城区,870,517,2025-03-03 11:20:00
SF00119,越城区,50,10,2025-03-03 11:20:00
SF00173,越城区,450,187,2025-03-03 11:20:00
SF001211,越城区,180,164,2025-03-03 11:20:00
HK00009,越城区,467,33,2025-03-03 11:20:00
SF00155,越城区,125,25,2025-03-03 11:20:00
HK00001,越城区,138,80,2025-03-03 11:20:00
SF00141,越城区,50,27,2025-03-03 11:20:00
SF00107,越城区,200,110,2025-03-03 11:20:00
SF00124,越城区,500,299,2025-03-03 11:20:00
HK00013,越城区,212,1,2025-03-03 11:20:00
SF00159,越城区,230,2,2025-03-03 11:20:00
SF00919,越城区,50,49,2025-03-03 11:10:01
SF00918,越城区,140,131,2025-03-03 11:10:01
SF00912,越城区,85,12,2025-03-03 11:10:01
SF00932,越城区,60,30,2025-03-03 11:10:01
SF00935,越城区,110,2,2025-03-03 11:10:01
SF00916,越城区,90,53,2025-03-03 11:10:01
SF00931,越城区,75,50,2025-03-03 11:10:01
SF00939,越城区,350,243,2025-03-03 11:10:01
SF00911,越城区,20,1,2025-03-03 11:10:01
SF00904,越城区,180,129,2025-03-03 11:10:01
SF00903,越城区,147,135,2025-03-03 11:10:01
SF00914,越城区,280,254,2025-03-03 11:10:01
SF00921,越城区,170,155,2025-03-03 11:10:01
SF00930,越城区,300,271,2025-03-03 11:10:01
SF00920,越城区,80,2,2025-03-03 11:10:01
SF00910,越城区,100,91,2025-03-03 11:10:01
SF00933,越城区,37,33,2025-03-03 11:10:01
SF00915,越城区,286,205,2025-03-03 11:10:01
SF00923,越城区,150,140,2025-03-03 11:10:01
SF00917,越城区,150,139,2025-03-03 11:10:01
SF00934,越城区,200,181,2025-03-03 11:10:01
SF00925,越城区,50,35,2025-03-03 11:10:01
SF00908,越城区,180,13,2025-03-03 11:10:01
SF00926,越城区,120,68,2025-03-03 11:10:01
SF00906,越城区,180,165,2025-03-03 11:10:01
SF00907,越城区,400,101,2025-03-03 11:10:01
SF00929,越城区,1300,1171,2025-03-03 11:10:01
SF00905,越城区,95,54,2025-03-03 11:10:01
SF00927,越城区,240,102,2025-03-03 11:10:01
SF00902,越城区,110,102,2025-03-03 11:10:01
SF00909,越城区,100,56,2025-03-03 11:10:01
SF00928,越城区,300,12,2025-03-03 11:10:01
SF00913,越城区,45,43,2025-03-03 11:10:01
SF00133,越城区,260,2,2025-03-03 11:10:00
SF00182,越城区,35,5,2025-03-03 11:10:00
SF00119,越城区,50,2,2025-03-03 11:10:00
HK00001,越城区,138,78,2025-03-03 11:10:00
HK00013,越城区,212,1,2025-03-03 11:10:00
SF000901,越城区,500,339,2025-03-03 11:10:00
HK00009,越城区,467,33,2025-03-03 11:10:00
SF00180,越城区,85,35,2025-03-03 11:10:00
SF00171,越城区,700,549,2025-03-03 11:10:00
SF00152,越城区,500,305,2025-03-03 11:10:00
SF00104,越城区,50,28,2025-03-03 11:10:00
SF00120,越城区,220,163,2025-03-03 11:10:00
HK00020,越城区,1800,188,2025-03-03 11:10:00
SF00128,越城区,870,523,2025-03-03 11:10:00
SF001041,越城区,90,84,2025-03-03 11:10:00
SF00159,越城区,230,2,2025-03-03 11:10:00
HK00010,越城区,170,13,2025-03-03 11:10:00
SF00174,越城区,100,2,2025-03-03 11:10:00
HK00021,越城区,150,105,2025-03-03 11:10:00
SF00146,越城区,150,94,2025-03-03 11:10:00
SF00151,越城区,70,15,2025-03-03 11:10:00
SF000903,越城区,470,402,2025-03-03 11:10:00
SF00173,越城区,450,187,2025-03-03 11:10:00
SF00141,越城区,50,26,2025-03-03 11:10:00
SF00121,越城区,1,0,2025-03-03 11:10:00
SF00107,越城区,200,114,2025-03-03 11:10:00
SF001211,越城区,180,164,2025-03-03 11:10:00
SF00187,越城区,55,36,2025-03-03 11:10:00
SF00901,越城区,76,2,2025-03-03 11:10:00
SF00155,越城区,125,17,2025-03-03 11:10:00
SF00118,越城区,100,64,2025-03-03 11:10:00
SF000902,越城区,300,256,2025-03-03 11:10:00
SF00124,越城区,500,303,2025-03-03 11:10:00
SF00932,越城区,60,29,2025-03-03 11:00:02
SF00928,越城区,300,9,2025-03-03 11:00:02
SF00929,越城区,1300,1171,2025-03-03 11:00:02
SF00931,越城区,75,41,2025-03-03 11:00:02
SF00939,越城区,350,239,2025-03-03 11:00:02
SF00933,越城区,37,33,2025-03-03 11:00:02
SF00930,越城区,300,271,2025-03-03 11:00:02
SF00934,越城区,200,181,2025-03-03 11:00:02
SF00935,越城区,110,2,2025-03-03 11:00:02
SF00910,越城区,100,91,2025-03-03 11:00:01
SF00916,越城区,90,53,2025-03-03 11:00:01
SF00905,越城区,95,59,2025-03-03 11:00:01
SF00174,越城区,100,2,2025-03-03 11:00:01
SF00912,越城区,85,8,2025-03-03 11:00:01
SF00911,越城区,20,1,2025-03-03 11:00:01
SF00919,越城区,50,50,2025-03-03 11:00:01
SF00923,越城区,150,140,2025-03-03 11:00:01
SF00180,越城区,85,36,2025-03-03 11:00:01
SF00918,越城区,140,131,2025-03-03 11:00:01
SF00927,越城区,240,102,2025-03-03 11:00:01
SF00903,越城区,147,135,2025-03-03 11:00:01
SF00915,越城区,286,211,2025-03-03 11:00:01
SF00913,越城区,45,43,2025-03-03 11:00:01
SF00908,越城区,180,16,2025-03-03 11:00:01
SF00921,越城区,170,155,2025-03-03 11:00:01
SF00187,越城区,55,37,2025-03-03 11:00:01
SF00901,越城区,76,2,2025-03-03 11:00:01
SF00920,越城区,80,2,2025-03-03 11:00:01
SF00182,越城区,35,3,2025-03-03 11:00:01
SF00907,越城区,400,102,2025-03-03 11:00:01
SF00925,越城区,50,34,2025-03-03 11:00:01
SF00926,越城区,120,72,2025-03-03 11:00:01
SF00904,越城区,180,131,2025-03-03 11:00:01
SF00914,越城区,280,254,2025-03-03 11:00:01
SF00906,越城区,180,165,2025-03-03 11:00:01
SF00909,越城区,100,57,2025-03-03 11:00:01
SF00173,越城区,450,190,2025-03-03 11:00:01
SF00917,越城区,150,139,2025-03-03 11:00:01
SF00902,越城区,110,102,2025-03-03 11:00:01
SF00118,越城区,100,64,2025-03-03 11:00:00
HK00013,越城区,212,1,2025-03-03 11:00:00
SF00171,越城区,700,552,2025-03-03 11:00:00
HK00001,越城区,138,79,2025-03-03 11:00:00
SF001041,越城区,90,84,2025-03-03 11:00:00
SF000903,越城区,470,408,2025-03-03 11:00:00
SF000901,越城区,500,336,2025-03-03 11:00:00
HK00010,越城区,170,13,2025-03-03 11:00:00
SF00155,越城区,125,7,2025-03-03 11:00:00
SF00104,越城区,50,25,2025-03-03 11:00:00
SF00121,越城区,1,0,2025-03-03 11:00:00
SF000902,越城区,300,254,2025-03-03 11:00:00
SF001211,越城区,180,164,2025-03-03 11:00:00
SF00146,越城区,150,91,2025-03-03 11:00:00
SF00133,越城区,260,2,2025-03-03 11:00:00
SF00124,越城区,500,299,2025-03-03 11:00:00
HK00021,越城区,150,105,2025-03-03 11:00:00
SF00151,越城区,70,17,2025-03-03 11:00:00
SF00152,越城区,500,304,2025-03-03 11:00:00
SF00107,越城区,200,115,2025-03-03 11:00:00
SF00119,越城区,50,2,2025-03-03 11:00:00
SF00159,越城区,230,2,2025-03-03 11:00:00
SF00141,越城区,50,26,2025-03-03 11:00:00
HK00009,越城区,467,33,2025-03-03 11:00:00
SF00120,越城区,220,164,2025-03-03 11:00:00
HK00020,越城区,1800,188,2025-03-03 11:00:00
SF00128,越城区,870,523,2025-03-03 11:00:00
SF00939,越城区,350,238,2025-03-03 10:50:02
SF00932,越城区,60,28,2025-03-03 10:50:02
SF00935,越城区,110,2,2025-03-03 10:50:02
SF00933,越城区,37,33,2025-03-03 10:50:02
SF00934,越城区,200,181,2025-03-03 10:50:02
SF00921,越城区,170,155,2025-03-03 10:50:01
SF00182,越城区,35,8,2025-03-03 10:50:01
SF00919,越城区,50,46,2025-03-03 10:50:01
SF00913,越城区,45,43,2025-03-03 10:50:01
SF00903,越城区,147,135,2025-03-03 10:50:01
SF00908,越城区,180,13,2025-03-03 10:50:01
SF00910,越城区,100,91,2025-03-03 10:50:01
SF00920,越城区,80,2,2025-03-03 10:50:01
SF00927,越城区,240,102,2025-03-03 10:50:01
SF00923,越城区,150,140,2025-03-03 10:50:01
SF00905,越城区,95,57,2025-03-03 10:50:01
SF00187,越城区,55,32,2025-03-03 10:50:01
SF00906,越城区,180,165,2025-03-03 10:50:01
SF00904,越城区,180,125,2025-03-03 10:50:01
SF00925,越城区,50,33,2025-03-03 10:50:01
SF00917,越城区,150,139,2025-03-03 10:50:01
SF00907,越城区,400,108,2025-03-03 10:50:01
SF00929,越城区,1300,1171,2025-03-03 10:50:01
SF00911,越城区,20,1,2025-03-03 10:50:01
SF00912,越城区,85,9,2025-03-03 10:50:01
SF00926,越城区,120,68,2025-03-03 10:50:01
SF00901,越城区,76,2,2025-03-03 10:50:01
SF00914,越城区,280,254,2025-03-03 10:50:01
SF00916,越城区,90,50,2025-03-03 10:50:01
SF00930,越城区,300,271,2025-03-03 10:50:01
SF00909,越城区,100,59,2025-03-03 10:50:01
SF00915,越城区,286,218,2025-03-03 10:50:01
SF00902,越城区,110,102,2025-03-03 10:50:01
SF00931,越城区,75,45,2025-03-03 10:50:01
SF00928,越城区,300,10,2025-03-03 10:50:01
SF00918,越城区,140,131,2025-03-03 10:50:01
SF00120,越城区,220,163,2025-03-03 10:50:00
SF001211,越城区,180,164,2025-03-03 10:50:00
SF00121,越城区,1,0,2025-03-03 10:50:00
SF00180,越城区,85,35,2025-03-03 10:50:00
SF00174,越城区,100,2,2025-03-03 10:50:00
SF00128,越城区,870,524,2025-03-03 10:50:00
HK00021,越城区,150,105,2025-03-03 10:50:00
SF00152,越城区,500,298,2025-03-03 10:50:00
SF00124,越城区,500,302,2025-03-03 10:50:00
SF00173,越城区,450,188,2025-03-03 10:50:00
SF000901,越城区,500,337,2025-03-03 10:50:00
HK00001,越城区,138,87,2025-03-03 10:50:00
HK00009,越城区,467,33,2025-03-03 10:50:00
SF00141,越城区,50,26,2025-03-03 10:50:00
HK00020,越城区,1800,188,2025-03-03 10:50:00
SF00151,越城区,70,18,2025-03-03 10:50:00
HK00013,越城区,212,1,2025-03-03 10:50:00
SF00107,越城区,200,119,2025-03-03 10:50:00
SF00155,越城区,125,2,2025-03-03 10:50:00
SF00171,越城区,700,565,2025-03-03 10:50:00
HK00010,越城区,170,13,2025-03-03 10:50:00
SF00104,越城区,50,31,2025-03-03 10:50:00
SF00119,越城区,50,7,2025-03-03 10:50:00
SF000902,越城区,300,256,2025-03-03 10:50:00
SF001041,越城区,90,84,2025-03-03 10:50:00
SF00118,越城区,100,61,2025-03-03 10:50:00
SF00159,越城区,230,2,2025-03-03 10:50:00
SF000903,越城区,470,410,2025-03-03 10:50:00
SF00146,越城区,150,88,2025-03-03 10:50:00
SF00133,越城区,260,5,2025-03-03 10:50:00
SF00934,越城区,200,181,2025-03-03 10:40:02
SF00935,越城区,110,2,2025-03-03 10:40:02
SF00939,越城区,350,239,2025-03-03 10:40:02
SF00933,越城区,37,33,2025-03-03 10:40:02
SF00932,越城区,60,28,2025-03-03 10:40:02
SF00927,越城区,240,103,2025-03-03 10:40:01
SF00929,越城区,1300,1171,2025-03-03 10:40:01
SF00914,越城区,280,254,2025-03-03 10:40:01
SF00907,越城区,400,108,2025-03-03 10:40:01
SF00923,越城区,150,140,2025-03-03 10:40:01
SF00911,越城区,20,1,2025-03-03 10:40:01
SF00904,越城区,180,124,2025-03-03 10:40:01
SF00913,越城区,45,43,2025-03-03 10:40:01
SF00905,越城区,95,57,2025-03-03 10:40:01
SF00917,越城区,150,139,2025-03-03 10:40:01
SF00916,越城区,90,59,2025-03-03 10:40:01
SF00931,越城区,75,42,2025-03-03 10:40:01
SF00902,越城区,110,102,2025-03-03 10:40:01
SF00903,越城区,147,135,2025-03-03 10:40:01
SF00915,越城区,286,220,2025-03-03 10:40:01
SF00908,越城区,180,13,2025-03-03 10:40:01
SF00920,越城区,80,2,2025-03-03 10:40:01
SF00910,越城区,100,91,2025-03-03 10:40:01
SF00182,越城区,35,6,2025-03-03 10:40:01
SF00919,越城区,50,47,2025-03-03 10:40:01
SF00906,越城区,180,165,2025-03-03 10:40:01
SF00928,越城区,300,13,2025-03-03 10:40:01
SF00187,越城区,55,33,2025-03-03 10:40:01
SF00901,越城区,76,2,2025-03-03 10:40:01
SF00926,越城区,120,74,2025-03-03 10:40:01
SF00930,越城区,300,271,2025-03-03 10:40:01
SF00921,越城区,170,155,2025-03-03 10:40:01
SF00912,越城区,85,9,2025-03-03 10:40:01
SF00909,越城区,100,55,2025-03-03 10:40:01
SF00925,越城区,50,32,2025-03-03 10:40:01
SF00918,越城区,140,131,2025-03-03 10:40:01
SF00118,越城区,100,65,2025-03-03 10:40:00
HK00010,越城区,170,13,2025-03-03 10:40:00
SF001041,越城区,90,84,2025-03-03 10:40:00
SF00146,越城区,150,88,2025-03-03 10:40:00
SF000903,越城区,470,416,2025-03-03 10:40:00
SF000902,越城区,300,257,2025-03-03 10:40:00
SF00151,越城区,70,15,2025-03-03 10:40:00
SF00107,越城区,200,116,2025-03-03 10:40:00
SF00173,越城区,450,185,2025-03-03 10:40:00
SF00128,越城区,870,522,2025-03-03 10:40:00
SF00121,越城区,1,0,2025-03-03 10:40:00
HK00020,越城区,1800,188,2025-03-03 10:40:00
SF001211,越城区,180,164,2025-03-03 10:40:00
SF00119,越城区,50,7,2025-03-03 10:40:00
SF00159,越城区,230,2,2025-03-03 10:40:00
SF00104,越城区,50,31,2025-03-03 10:40:00
SF00133,越城区,260,5,2025-03-03 10:40:00
SF00171,越城区,700,573,2025-03-03 10:40:00
SF00155,越城区,125,2,2025-03-03 10:40:00
SF000901,越城区,500,334,2025-03-03 10:40:00
SF00141,越城区,50,27,2025-03-03 10:40:00
HK00001,越城区,138,81,2025-03-03 10:40:00
SF00120,越城区,220,162,2025-03-03 10:40:00
HK00021,越城区,150,105,2025-03-03 10:40:00
SF00180,越城区,85,33,2025-03-03 10:40:00
SF00124,越城区,500,295,2025-03-03 10:40:00
SF00152,越城区,500,298,2025-03-03 10:40:00
HK00013,越城区,212,1,2025-03-03 10:40:00
HK00009,越城区,467,33,2025-03-03 10:40:00
SF00174,越城区,100,2,2025-03-03 10:40:00
SF00935,越城区,110,2,2025-03-03 10:30:02
SF00933,越城区,37,33,2025-03-03 10:30:02
SF00934,越城区,200,181,2025-03-03 10:30:02
SF00932,越城区,60,28,2025-03-03 10:30:02
SF00939,越城区,350,240,2025-03-03 10:30:02
SF00930,越城区,300,271,2025-03-03 10:30:02
SF00929,越城区,1300,1171,2025-03-03 10:30:02
SF00931,越城区,75,46,2025-03-03 10:30:02
SF00928,越城区,300,18,2025-03-03 10:30:02
SF00907,越城区,400,93,2025-03-03 10:30:01
SF00187,越城区,55,31,2025-03-03 10:30:01
SF00182,越城区,35,6,2025-03-03 10:30:01
SF00904,越城区,180,122,2025-03-03 10:30:01
SF00927,越城区,240,98,2025-03-03 10:30:01
SF00909,越城区,100,60,2025-03-03 10:30:01
SF00923,越城区,150,140,2025-03-03 10:30:01
SF00915,越城区,286,222,2025-03-03 10:30:01
SF00173,越城区,450,189,2025-03-03 10:30:01
SF00912,越城区,85,10,2025-03-03 10:30:01
SF00908,越城区,180,16,2025-03-03 10:30:01
SF00917,越城区,150,139,2025-03-03 10:30:01
SF00910,越城区,100,91,2025-03-03 10:30:01
SF00901,越城区,76,2,2025-03-03 10:30:01
SF00925,越城区,50,31,2025-03-03 10:30:01
SF00174,越城区,100,2,2025-03-03 10:30:01
SF00911,越城区,20,1,2025-03-03 10:30:01
SF00905,越城区,95,56,2025-03-03 10:30:01
SF00903,越城区,147,135,2025-03-03 10:30:01
SF00180,越城区,85,33,2025-03-03 10:30:01
SF00919,越城区,50,47,2025-03-03 10:30:01
SF00914,越城区,280,254,2025-03-03 10:30:01
SF00906,越城区,180,165,2025-03-03 10:30:01
SF00920,越城区,80,2,2025-03-03 10:30:01
SF00916,越城区,90,49,2025-03-03 10:30:01
SF00913,越城区,45,43,2025-03-03 10:30:01
SF00926,越城区,120,70,2025-03-03 10:30:01
SF00921,越城区,170,155,2025-03-03 10:30:01
SF00902,越城区,110,102,2025-03-03 10:30:01
SF00918,越城区,140,131,2025-03-03 10:30:01
SF000901,越城区,500,332,2025-03-03 10:30:00
SF00155,越城区,125,2,2025-03-03 10:30:00
SF00152,越城区,500,304,2025-03-03 10:30:00
SF00141,越城区,50,29,2025-03-03 10:30:00
SF000903,越城区,470,421,2025-03-03 10:30:00
HK00013,越城区,212,1,2025-03-03 10:30:00
SF000902,越城区,300,259,2025-03-03 10:30:00
SF00146,越城区,150,89,2025-03-03 10:30:00
SF00119,越城区,50,2,2025-03-03 10:30:00
SF00118,越城区,100,60,2025-03-03 10:30:00
HK00001,越城区,138,81,2025-03-03 10:30:00
SF00121,越城区,1,0,2025-03-03 10:30:00
SF00128,越城区,870,519,2025-03-03 10:30:00
SF00120,越城区,220,163,2025-03-03 10:30:00
HK00009,越城区,467,33,2025-03-03 10:30:00
SF00133,越城区,260,13,2025-03-03 10:30:00
SF00159,越城区,230,2,2025-03-03 10:30:00
SF00124,越城区,500,295,2025-03-03 10:30:00
SF00151,越城区,70,16,2025-03-03 10:30:00
SF00171,越城区,700,576,2025-03-03 10:30:00
SF00104,越城区,50,33,2025-03-03 10:30:00
SF001041,越城区,90,84,2025-03-03 10:30:00
SF001211,越城区,180,164,2025-03-03 10:30:00
HK00021,越城区,150,105,2025-03-03 10:30:00
SF00107,越城区,200,117,2025-03-03 10:30:00
HK00010,越城区,170,13,2025-03-03 10:30:00
HK00020,越城区,1800,188,2025-03-03 10:30:00
SF00932,越城区,60,29,2025-03-03 10:20:02
SF00928,越城区,300,14,2025-03-03 10:20:02
SF00933,越城区,37,33,2025-03-03 10:20:02
SF00931,越城区,75,45,2025-03-03 10:20:02
SF00930,越城区,300,271,2025-03-03 10:20:02
SF00929,越城区,1300,1171,2025-03-03 10:20:02
SF00939,越城区,350,241,2025-03-03 10:20:02
SF00934,越城区,200,181,2025-03-03 10:20:02
SF00935,越城区,110,2,2025-03-03 10:20:02
SF00905,越城区,95,53,2025-03-03 10:20:01
SF00913,越城区,45,43,2025-03-03 10:20:01
SF00912,越城区,85,10,2025-03-03 10:20:01
SF00908,越城区,180,22,2025-03-03 10:20:01
SF00915,越城区,286,225,2025-03-03 10:20:01
SF00925,越城区,50,29,2025-03-03 10:20:01
SF00906,越城区,180,165,2025-03-03 10:20:01
SF00917,越城区,150,139,2025-03-03 10:20:01
SF00911,越城区,20,1,2025-03-03 10:20:01
SF00901,越城区,76,2,2025-03-03 10:20:01
SF00909,越城区,100,59,2025-03-03 10:20:01
SF00902,越城区,110,102,2025-03-03 10:20:01
SF00180,越城区,85,32,2025-03-03 10:20:01
SF00920,越城区,80,2,2025-03-03 10:20:01
SF00903,越城区,147,135,2025-03-03 10:20:01
SF00916,越城区,90,54,2025-03-03 10:20:01
SF00921,越城区,170,155,2025-03-03 10:20:01
SF00910,越城区,100,91,2025-03-03 10:20:01
SF00174,越城区,100,2,2025-03-03 10:20:01
SF00923,越城区,150,140,2025-03-03 10:20:01
SF00918,越城区,140,131,2025-03-03 10:20:01
SF00914,越城区,280,254,2025-03-03 10:20:01
SF00904,越城区,180,122,2025-03-03 10:20:01
SF00926,越城区,120,75,2025-03-03 10:20:01
SF00187,越城区,55,35,2025-03-03 10:20:01
SF00182,越城区,35,7,2025-03-03 10:20:01
SF00919,越城区,50,47,2025-03-03 10:20:01
SF00927,越城区,240,101,2025-03-03 10:20:01
SF00907,越城区,400,101,2025-03-03 10:20:01
SF00118,越城区,100,62,2025-03-03 10:20:00
SF00120,越城区,220,161,2025-03-03 10:20:00
SF000903,越城区,470,428,2025-03-03 10:20:00
SF000902,越城区,300,260,2025-03-03 10:20:00
HK00001,越城区,138,77,2025-03-03 10:20:00
SF00121,越城区,1,0,2025-03-03 10:20:00
SF00124,越城区,500,301,2025-03-03 10:20:00
HK00010,越城区,170,13,2025-03-03 10:20:00
HK00021,越城区,150,105,2025-03-03 10:20:00
SF00173,越城区,450,194,2025-03-03 10:20:00
SF001041,越城区,90,84,2025-03-03 10:20:00
SF00159,越城区,230,2,2025-03-03 10:20:00
SF00152,越城区,500,302,2025-03-03 10:20:00
SF00104,越城区,50,25,2025-03-03 10:20:00
SF00119,越城区,50,8,2025-03-03 10:20:00
SF00151,越城区,70,16,2025-03-03 10:20:00
HK00009,越城区,467,33,2025-03-03 10:20:00
SF00128,越城区,870,526,2025-03-03 10:20:00
SF00146,越城区,150,92,2025-03-03 10:20:00
SF00133,越城区,260,20,2025-03-03 10:20:00
HK00013,越城区,212,1,2025-03-03 10:20:00
SF000901,越城区,500,337,2025-03-03 10:20:00
SF00155,越城区,125,2,2025-03-03 10:20:00
SF001211,越城区,180,164,2025-03-03 10:20:00
SF00141,越城区,50,30,2025-03-03 10:20:00
SF00107,越城区,200,113,2025-03-03 10:20:00
HK00020,越城区,1800,188,2025-03-03 10:20:00
SF00171,越城区,700,579,2025-03-03 10:20:00
SF00934,越城区,200,181,2025-03-03 10:10:02
SF00933,越城区,37,33,2025-03-03 10:10:02
SF00939,越城区,350,243,2025-03-03 10:10:02
SF00935,越城区,110,2,2025-03-03 10:10:02
SF00901,越城区,76,2,2025-03-03 10:10:01
SF00919,越城区,50,47,2025-03-03 10:10:01
SF00914,越城区,280,254,2025-03-03 10:10:01
SF00913,越城区,45,43,2025-03-03 10:10:01
SF00931,越城区,75,42,2025-03-03 10:10:01
SF00915,越城区,286,229,2025-03-03 10:10:01
SF00902,越城区,110,102,2025-03-03 10:10:01
SF00907,越城区,400,97,2025-03-03 10:10:01
SF00912,越城区,85,8,2025-03-03 10:10:01
SF00905,越城区,95,58,2025-03-03 10:10:01
SF00909,越城区,100,62,2025-03-03 10:10:01
SF00920,越城区,80,2,2025-03-03 10:10:01
SF00928,越城区,300,19,2025-03-03 10:10:01
SF00921,越城区,170,155,2025-03-03 10:10:01
SF00926,越城区,120,69,2025-03-03 10:10:01
SF00911,越城区,20,1,2025-03-03 10:10:01
SF00903,越城区,147,135,2025-03-03 10:10:01
SF00906,越城区,180,165,2025-03-03 10:10:01
SF00918,越城区,140,131,2025-03-03 10:10:01
SF00929,越城区,1300,1171,2025-03-03 10:10:01
SF00927,越城区,240,97,2025-03-03 10:10:01
SF00923,越城区,150,140,2025-03-03 10:10:01
SF00908,越城区,180,17,2025-03-03 10:10:01
SF00904,越城区,180,120,2025-03-03 10:10:01
SF00930,越城区,300,271,2025-03-03 10:10:01
SF00932,越城区,60,30,2025-03-03 10:10:01
SF00187,越城区,55,33,2025-03-03 10:10:01
SF00916,越城区,90,53,2025-03-03 10:10:01
SF00910,越城区,100,91,2025-03-03 10:10:01
SF00917,越城区,150,139,2025-03-03 10:10:01
SF00925,越城区,50,30,2025-03-03 10:10:01
SF00173,越城区,450,195,2025-03-03 10:10:00
SF00124,越城区,500,298,2025-03-03 10:10:00
SF00146,越城区,150,87,2025-03-03 10:10:00
HK00021,越城区,150,105,2025-03-03 10:10:00
SF00128,越城区,870,525,2025-03-03 10:10:00
SF00155,越城区,125,2,2025-03-03 10:10:00
HK00001,越城区,138,79,2025-03-03 10:10:00
HK00020,越城区,1800,188,2025-03-03 10:10:00
SF000903,越城区,470,425,2025-03-03 10:10:00
SF001211,越城区,180,164,2025-03-03 10:10:00
SF00180,越城区,85,32,2025-03-03 10:10:00
HK00010,越城区,170,13,2025-03-03 10:10:00
SF00119,越城区,50,7,2025-03-03 10:10:00
SF00174,越城区,100,2,2025-03-03 10:10:00
SF000901,越城区,500,339,2025-03-03 10:10:00
HK00013,越城区,212,1,2025-03-03 10:10:00
SF00118,越城区,100,55,2025-03-03 10:10:00
SF00120,越城区,220,160,2025-03-03 10:10:00
SF00121,越城区,1,0,2025-03-03 10:10:00
SF00152,越城区,500,302,2025-03-03 10:10:00
SF00159,越城区,230,2,2025-03-03 10:10:00
SF00133,越城区,260,23,2025-03-03 10:10:00
SF00182,越城区,35,9,2025-03-03 10:10:00
SF00151,越城区,70,16,2025-03-03 10:10:00
SF001041,越城区,90,84,2025-03-03 10:10:00
SF00104,越城区,50,25,2025-03-03 10:10:00
SF00107,越城区,200,117,2025-03-03 10:10:00
SF00171,越城区,700,581,2025-03-03 10:10:00
SF00141,越城区,50,31,2025-03-03 10:10:00
SF000902,越城区,300,260,2025-03-03 10:10:00
HK00009,越城区,467,33,2025-03-03 10:10:00
SF00932,越城区,60,31,2025-03-03 10:00:02
SF00935,越城区,110,2,2025-03-03 10:00:02
SF00926,越城区,120,76,2025-03-03 10:00:02
SF00931,越城区,75,43,2025-03-03 10:00:02
SF00939,越城区,350,247,2025-03-03 10:00:02
SF00925,越城区,50,29,2025-03-03 10:00:02
SF00930,越城区,300,271,2025-03-03 10:00:02
SF00927,越城区,240,97,2025-03-03 10:00:02
SF00928,越城区,300,28,2025-03-03 10:00:02
SF00933,越城区,37,33,2025-03-03 10:00:02
SF00934,越城区,200,181,2025-03-03 10:00:02
SF00929,越城区,1300,1171,2025-03-03 10:00:02
SF00171,越城区,700,589,2025-03-03 10:00:01
SF00905,越城区,95,60,2025-03-03 10:00:01
SF00912,越城区,85,2,2025-03-03 10:00:01
SF00911,越城区,20,1,2025-03-03 10:00:01
SF00180,越城区,85,34,2025-03-03 10:00:01
SF00913,越城区,45,43,2025-03-03 10:00:01
SF00919,越城区,50,47,2025-03-03 10:00:01
SF00917,越城区,150,139,2025-03-03 10:00:01
SF00906,越城区,180,165,2025-03-03 10:00:01
SF00904,越城区,180,120,2025-03-03 10:00:01
SF00187,越城区,55,34,2025-03-03 10:00:01
SF00910,越城区,100,91,2025-03-03 10:00:01
SF00902,越城区,110,102,2025-03-03 10:00:01
SF00174,越城区,100,2,2025-03-03 10:00:01
SF00915,越城区,286,232,2025-03-03 10:00:01
SF00903,越城区,147,135,2025-03-03 10:00:01
SF00916,越城区,90,58,2025-03-03 10:00:01
SF00908,越城区,180,2,2025-03-03 10:00:01
SF00901,越城区,76,2,2025-03-03 10:00:01
SF00920,越城区,80,2,2025-03-03 10:00:01
SF00909,越城区,100,60,2025-03-03 10:00:01
SF00923,越城区,150,140,2025-03-03 10:00:01
SF00182,越城区,35,9,2025-03-03 10:00:01
SF00914,越城区,280,254,2025-03-03 10:00:01
SF00907,越城区,400,85,2025-03-03 10:00:01
SF00921,越城区,170,155,2025-03-03 10:00:01
SF00173,越城区,450,193,2025-03-03 10:00:01
SF00918,越城区,140,131,2025-03-03 10:00:01
SF00104,越城区,50,26,2025-03-03 10:00:00
SF00133,越城区,260,30,2025-03-03 10:00:00
SF00118,越城区,100,55,2025-03-03 10:00:00
SF00146,越城区,150,93,2025-03-03 10:00:00
SF00151,越城区,70,16,2025-03-03 10:00:00
SF00159,越城区,230,2,2025-03-03 10:00:00
HK00009,越城区,467,33,2025-03-03 10:00:00
HK00020,越城区,1800,188,2025-03-03 10:00:00
SF00155,越城区,125,2,2025-03-03 10:00:00
SF00119,越城区,50,2,2025-03-03 10:00:00
SF00152,越城区,500,302,2025-03-03 10:00:00
SF00128,越城区,870,525,2025-03-03 10:00:00
SF001211,越城区,180,164,2025-03-03 10:00:00
SF00120,越城区,220,160,2025-03-03 10:00:00
SF000901,越城区,500,348,2025-03-03 10:00:00
HK00001,越城区,138,86,2025-03-03 10:00:00
HK00010,越城区,170,13,2025-03-03 10:00:00
SF00121,越城区,1,0,2025-03-03 10:00:00
SF00107,越城区,200,117,2025-03-03 10:00:00
SF000903,越城区,470,428,2025-03-03 10:00:00
HK00013,越城区,212,1,2025-03-03 10:00:00
SF001041,越城区,90,84,2025-03-03 10:00:00
SF00141,越城区,50,31,2025-03-03 10:00:00
SF00124,越城区,500,305,2025-03-03 10:00:00
HK00021,越城区,150,105,2025-03-03 10:00:00
SF000902,越城区,300,259,2025-03-03 10:00:00
SF00934,越城区,200,181,2025-03-03 09:50:02
SF00933,越城区,37,33,2025-03-03 09:50:02
SF00929,越城区,1300,1171,2025-03-03 09:50:02
SF00935,越城区,110,2,2025-03-03 09:50:02
SF00932,越城区,60,31,2025-03-03 09:50:02
SF00931,越城区,75,49,2025-03-03 09:50:02
SF00930,越城区,300,271,2025-03-03 09:50:02
SF00939,越城区,350,246,2025-03-03 09:50:02
SF00908,越城区,180,2,2025-03-03 09:50:01
SF00913,越城区,45,43,2025-03-03 09:50:01
SF00906,越城区,180,165,2025-03-03 09:50:01
SF00917,越城区,150,139,2025-03-03 09:50:01
SF00927,越城区,240,95,2025-03-03 09:50:01
SF00174,越城区,100,2,2025-03-03 09:50:01
SF00916,越城区,90,56,2025-03-03 09:50:01
SF00911,越城区,20,1,2025-03-03 09:50:01
SF00926,越城区,120,76,2025-03-03 09:50:01
SF00180,越城区,85,33,2025-03-03 09:50:01
SF00904,越城区,180,120,2025-03-03 09:50:01
SF00907,越城区,400,93,2025-03-03 09:50:01
SF00187,越城区,55,28,2025-03-03 09:50:01
SF00914,越城区,280,254,2025-03-03 09:50:01
SF00905,越城区,95,53,2025-03-03 09:50:01
SF00920,越城区,80,2,2025-03-03 09:50:01
SF00182,越城区,35,6,2025-03-03 09:50:01
SF00910,越城区,100,91,2025-03-03 09:50:01
SF00902,越城区,110,102,2025-03-03 09:50:01
SF00921,越城区,170,155,2025-03-03 09:50:01
SF00909,越城区,100,58,2025-03-03 09:50:01
SF00928,越城区,300,38,2025-03-03 09:50:01
SF00903,越城区,147,135,2025-03-03 09:50:01
SF00923,越城区,150,140,2025-03-03 09:50:01
SF00901,越城区,76,2,2025-03-03 09:50:01
SF00919,越城区,50,47,2025-03-03 09:50:01
SF00915,越城区,286,234,2025-03-03 09:50:01
SF00918,越城区,140,131,2025-03-03 09:50:01
SF00925,越城区,50,32,2025-03-03 09:50:01
SF00912,越城区,85,2,2025-03-03 09:50:01
SF00173,越城区,450,192,2025-03-03 09:50:00
SF00107,越城区,200,117,2025-03-03 09:50:00
SF000901,越城区,500,351,2025-03-03 09:50:00
SF00121,越城区,1,0,2025-03-03 09:50:00
SF00120,越城区,220,162,2025-03-03 09:50:00
SF00104,越城区,50,25,2025-03-03 09:50:00
SF00118,越城区,100,60,2025-03-03 09:50:00
HK00020,越城区,1800,188,2025-03-03 09:50:00
SF001041,越城区,90,84,2025-03-03 09:50:00
HK00009,越城区,467,33,2025-03-03 09:50:00
SF00151,越城区,70,13,2025-03-03 09:50:00
HK00010,越城区,170,13,2025-03-03 09:50:00
SF00128,越城区,870,519,2025-03-03 09:50:00
SF00152,越城区,500,304,2025-03-03 09:50:00
SF00159,越城区,230,2,2025-03-03 09:50:00
SF00146,越城区,150,87,2025-03-03 09:50:00
HK00001,越城区,138,79,2025-03-03 09:50:00
SF00133,越城区,260,41,2025-03-03 09:50:00
SF00155,越城区,125,2,2025-03-03 09:50:00
SF000902,越城区,300,262,2025-03-03 09:50:00
SF00171,越城区,700,591,2025-03-03 09:50:00
HK00021,越城区,150,105,2025-03-03 09:50:00
SF00119,越城区,50,2,2025-03-03 09:50:00
HK00013,越城区,212,1,2025-03-03 09:50:00
SF00141,越城区,50,31,2025-03-03 09:50:00
SF00124,越城区,500,305,2025-03-03 09:50:00
SF000903,越城区,470,428,2025-03-03 09:50:00
SF001211,越城区,180,164,2025-03-03 09:50:00
SF00931,越城区,75,40,2025-03-03 09:40:02
SF00932,越城区,60,31,2025-03-03 09:40:02
SF00933,越城区,37,33,2025-03-03 09:40:02
SF00934,越城区,200,181,2025-03-03 09:40:02
SF00935,越城区,110,2,2025-03-03 09:40:02
SF00939,越城区,350,245,2025-03-03 09:40:02
SF00919,越城区,50,50,2025-03-03 09:40:01
SF00909,越城区,100,58,2025-03-03 09:40:01
SF00907,越城区,400,101,2025-03-03 09:40:01
SF00903,越城区,147,135,2025-03-03 09:40:01
SF00917,越城区,150,139,2025-03-03 09:40:01
SF00912,越城区,85,2,2025-03-03 09:40:01
SF00913,越城区,45,43,2025-03-03 09:40:01
SF00187,越城区,55,36,2025-03-03 09:40:01
SF00902,越城区,110,102,2025-03-03 09:40:01
SF00905,越城区,95,60,2025-03-03 09:40:01
SF00910,越城区,100,91,2025-03-03 09:40:01
SF00908,越城区,180,2,2025-03-03 09:40:01
SF00929,越城区,1300,1171,2025-03-03 09:40:01
SF00918,越城区,140,131,2025-03-03 09:40:01
SF00920,越城区,80,2,2025-03-03 09:40:01
SF00911,越城区,20,1,2025-03-03 09:40:01
SF00901,越城区,76,2,2025-03-03 09:40:01
SF00921,越城区,170,155,2025-03-03 09:40:01
SF00928,越城区,300,47,2025-03-03 09:40:01
SF00906,越城区,180,165,2025-03-03 09:40:01
SF00925,越城区,50,33,2025-03-03 09:40:01
SF00916,越城区,90,50,2025-03-03 09:40:01
SF00923,越城区,150,140,2025-03-03 09:40:01
SF00926,越城区,120,67,2025-03-03 09:40:01
SF00927,越城区,240,98,2025-03-03 09:40:01
SF00930,越城区,300,271,2025-03-03 09:40:01
SF00914,越城区,280,254,2025-03-03 09:40:01
SF00904,越城区,180,118,2025-03-03 09:40:01
SF00915,越城区,286,235,2025-03-03 09:40:01
SF00152,越城区,500,299,2025-03-03 09:40:00
SF00133,越城区,260,44,2025-03-03 09:40:00
SF00151,越城区,70,12,2025-03-03 09:40:00
HK00021,越城区,150,105,2025-03-03 09:40:00
SF00118,越城区,100,55,2025-03-03 09:40:00
SF00155,越城区,125,2,2025-03-03 09:40:00
SF00171,越城区,700,595,2025-03-03 09:40:00
SF000902,越城区,300,262,2025-03-03 09:40:00
SF000903,越城区,470,428,2025-03-03 09:40:00
HK00013,越城区,212,1,2025-03-03 09:40:00
SF00124,越城区,500,298,2025-03-03 09:40:00
SF00119,越城区,50,2,2025-03-03 09:40:00
SF00120,越城区,220,163,2025-03-03 09:40:00
SF00146,越城区,150,88,2025-03-03 09:40:00
HK00010,越城区,170,13,2025-03-03 09:40:00
SF00180,越城区,85,33,2025-03-03 09:40:00
SF00121,越城区,1,0,2025-03-03 09:40:00
SF00173,越城区,450,186,2025-03-03 09:40:00
SF000901,越城区,500,346,2025-03-03 09:40:00
SF00159,越城区,230,2,2025-03-03 09:40:00
SF00174,越城区,100,2,2025-03-03 09:40:00
SF001211,越城区,180,164,2025-03-03 09:40:00
SF00182,越城区,35,6,2025-03-03 09:40:00
SF001041,越城区,90,84,2025-03-03 09:40:00
HK00009,越城区,467,33,2025-03-03 09:40:00
SF00107,越城区,200,121,2025-03-03 09:40:00
SF00141,越城区,50,32,2025-03-03 09:40:00
HK00001,越城区,138,87,2025-03-03 09:40:00
SF00128,越城区,870,523,2025-03-03 09:40:00
HK00020,越城区,1800,188,2025-03-03 09:40:00
SF00104,越城区,50,34,2025-03-03 09:40:00
SF00926,越城区,120,68,2025-03-03 09:30:01
SF00902,越城区,110,102,2025-03-03 09:30:01
SF00930,越城区,300,271,2025-03-03 09:30:01
SF00909,越城区,100,61,2025-03-03 09:30:01
SF00935,越城区,110,2,2025-03-03 09:30:01
SF00929,越城区,1300,1171,2025-03-03 09:30:01
SF00921,越城区,170,155,2025-03-03 09:30:01
SF00906,越城区,180,165,2025-03-03 09:30:01
SF00915,越城区,286,234,2025-03-03 09:30:01
SF00939,越城区,350,248,2025-03-03 09:30:01
SF00933,越城区,37,33,2025-03-03 09:30:01
SF00904,越城区,180,125,2025-03-03 09:30:01
SF00908,越城区,180,2,2025-03-03 09:30:01
SF00919,越城区,50,50,2025-03-03 09:30:01
SF00914,越城区,280,254,2025-03-03 09:30:01
SF00920,越城区,80,2,2025-03-03 09:30:01
SF00916,越城区,90,58,2025-03-03 09:30:01
SF00910,越城区,100,91,2025-03-03 09:30:01
SF00901,越城区,76,2,2025-03-03 09:30:01
SF00925,越城区,50,35,2025-03-03 09:30:01
SF00928,越城区,300,53,2025-03-03 09:30:01
SF00911,越城区,20,1,2025-03-03 09:30:01
SF00912,越城区,85,2,2025-03-03 09:30:01
SF00934,越城区,200,181,2025-03-03 09:30:01
SF00907,越城区,400,99,2025-03-03 09:30:01
SF00917,越城区,150,139,2025-03-03 09:30:01
SF00927,越城区,240,106,2025-03-03 09:30:01
SF00903,越城区,147,135,2025-03-03 09:30:01
SF00923,越城区,150,140,2025-03-03 09:30:01
SF00931,越城区,75,47,2025-03-03 09:30:01
SF00905,越城区,95,61,2025-03-03 09:30:01
SF00932,越城区,60,33,2025-03-03 09:30:01
SF00918,越城区,140,131,2025-03-03 09:30:01
SF00913,越城区,45,43,2025-03-03 09:30:01
SF00121,越城区,1,0,2025-03-03 09:30:00
SF00107,越城区,200,118,2025-03-03 09:30:00
SF00187,越城区,55,28,2025-03-03 09:30:00
SF000901,越城区,500,351,2025-03-03 09:30:00
HK00020,越城区,1800,188,2025-03-03 09:30:00
SF00152,越城区,500,299,2025-03-03 09:30:00
SF00159,越城区,230,2,2025-03-03 09:30:00
SF000902,越城区,300,267,2025-03-03 09:30:00
SF00120,越城区,220,163,2025-03-03 09:30:00
SF00182,越城区,35,7,2025-03-03 09:30:00
SF00119,越城区,50,2,2025-03-03 09:30:00
SF00128,越城区,870,520,2025-03-03 09:30:00
HK00009,越城区,467,33,2025-03-03 09:30:00
HK00010,越城区,170,13,2025-03-03 09:30:00
SF00118,越城区,100,61,2025-03-03 09:30:00
SF00180,越城区,85,33,2025-03-03 09:30:00
SF001211,越城区,180,164,2025-03-03 09:30:00
HK00013,越城区,212,1,2025-03-03 09:30:00
SF00174,越城区,100,2,2025-03-03 09:30:00
SF00133,越城区,260,59,2025-03-03 09:30:00
SF000903,越城区,470,426,2025-03-03 09:30:00
SF00141,越城区,50,32,2025-03-03 09:30:00
HK00021,越城区,150,105,2025-03-03 09:30:00
SF00155,越城区,125,2,2025-03-03 09:30:00
SF001041,越城区,90,84,2025-03-03 09:30:00
HK00001,越城区,138,86,2025-03-03 09:30:00
SF00173,越城区,450,191,2025-03-03 09:30:00
SF00124,越城区,500,302,2025-03-03 09:30:00
SF00146,越城区,150,91,2025-03-03 09:30:00
SF00104,越城区,50,35,2025-03-03 09:30:00
SF00171,越城区,700,604,2025-03-03 09:30:00
SF00151,越城区,70,10,2025-03-03 09:30:00
SF00939,越城区,350,246,2025-03-03 09:20:02
SF00933,越城区,37,33,2025-03-03 09:20:02
SF00935,越城区,110,2,2025-03-03 09:20:02
SF00934,越城区,200,181,2025-03-03 09:20:02
SF00182,越城区,35,11,2025-03-03 09:20:01
SF00902,越城区,110,102,2025-03-03 09:20:01
SF00916,越城区,90,54,2025-03-03 09:20:01
SF00928,越城区,300,59,2025-03-03 09:20:01
SF00910,越城区,100,91,2025-03-03 09:20:01
SF00905,越城区,95,52,2025-03-03 09:20:01
SF00906,越城区,180,165,2025-03-03 09:20:01
SF00931,越城区,75,48,2025-03-03 09:20:01
SF00913,越城区,45,43,2025-03-03 09:20:01
SF00920,越城区,80,2,2025-03-03 09:20:01
SF00929,越城区,1300,1171,2025-03-03 09:20:01
SF00918,越城区,140,131,2025-03-03 09:20:01
SF00915,越城区,286,238,2025-03-03 09:20:01
SF00925,越城区,50,36,2025-03-03 09:20:01
SF00912,越城区,85,2,2025-03-03 09:20:01
SF00927,越城区,240,115,2025-03-03 09:20:01
SF00904,越城区,180,120,2025-03-03 09:20:01
SF00919,越城区,50,50,2025-03-03 09:20:01
SF00909,越城区,100,59,2025-03-03 09:20:01
SF00907,越城区,400,97,2025-03-03 09:20:01
SF00926,越城区,120,67,2025-03-03 09:20:01
SF00908,越城区,180,2,2025-03-03 09:20:01
SF00914,越城区,280,254,2025-03-03 09:20:01
SF00901,越城区,76,2,2025-03-03 09:20:01
SF00903,越城区,147,135,2025-03-03 09:20:01
SF00923,越城区,150,140,2025-03-03 09:20:01
SF00187,越城区,55,30,2025-03-03 09:20:01
SF00921,越城区,170,155,2025-03-03 09:20:01
SF00917,越城区,150,139,2025-03-03 09:20:01
SF00930,越城区,300,271,2025-03-03 09:20:01
SF00911,越城区,20,1,2025-03-03 09:20:01
SF00932,越城区,60,35,2025-03-03 09:20:01
SF00107,越城区,200,120,2025-03-03 09:20:00
SF00146,越城区,150,89,2025-03-03 09:20:00
HK00021,越城区,150,105,2025-03-03 09:20:00
SF00152,越城区,500,301,2025-03-03 09:20:00
SF000903,越城区,470,428,2025-03-03 09:20:00
SF00180,越城区,85,31,2025-03-03 09:20:00
SF00159,越城区,230,2,2025-03-03 09:20:00
SF000901,越城区,500,353,2025-03-03 09:20:00
SF00141,越城区,50,32,2025-03-03 09:20:00
SF00104,越城区,50,33,2025-03-03 09:20:00
SF00151,越城区,70,11,2025-03-03 09:20:00
HK00020,越城区,1800,188,2025-03-03 09:20:00
SF00120,越城区,220,165,2025-03-03 09:20:00
SF00155,越城区,125,2,2025-03-03 09:20:00
SF00133,越城区,260,67,2025-03-03 09:20:00
SF00124,越城区,500,301,2025-03-03 09:20:00
HK00010,越城区,170,13,2025-03-03 09:20:00
SF00171,越城区,700,614,2025-03-03 09:20:00
SF00128,越城区,870,526,2025-03-03 09:20:00
SF00119,越城区,50,2,2025-03-03 09:20:00
SF00118,越城区,100,55,2025-03-03 09:20:00
SF00174,越城区,100,2,2025-03-03 09:20:00
SF00121,越城区,1,0,2025-03-03 09:20:00
HK00009,越城区,467,33,2025-03-03 09:20:00
HK00013,越城区,212,1,2025-03-03 09:20:00
SF001211,越城区,180,164,2025-03-03 09:20:00
SF00173,越城区,450,189,2025-03-03 09:20:00
HK00001,越城区,138,86,2025-03-03 09:20:00
SF001041,越城区,90,84,2025-03-03 09:20:00
SF000902,越城区,300,269,2025-03-03 09:20:00
SF00932,越城区,60,35,2025-03-03 09:10:02
SF00935,越城区,110,2,2025-03-03 09:10:02
SF00929,越城区,1300,1171,2025-03-03 09:10:02
SF00930,越城区,300,271,2025-03-03 09:10:02
SF00933,越城区,37,33,2025-03-03 09:10:02
SF00931,越城区,75,42,2025-03-03 09:10:02
SF00939,越城区,350,246,2025-03-03 09:10:02
SF00934,越城区,200,181,2025-03-03 09:10:02
SF00174,越城区,100,2,2025-03-03 09:10:01
SF00914,越城区,280,254,2025-03-03 09:10:01
SF00901,越城区,76,2,2025-03-03 09:10:01
SF00903,越城区,147,135,2025-03-03 09:10:01
SF00923,越城区,150,140,2025-03-03 09:10:01
SF00909,越城区,100,62,2025-03-03 09:10:01
SF00918,越城区,140,131,2025-03-03 09:10:01
SF00908,越城区,180,2,2025-03-03 09:10:01
SF00912,越城区,85,2,2025-03-03 09:10:01
SF00911,越城区,20,1,2025-03-03 09:10:01
SF00905,越城区,95,54,2025-03-03 09:10:01
SF00921,越城区,170,155,2025-03-03 09:10:01
SF00187,越城区,55,36,2025-03-03 09:10:01
SF00925,越城区,50,36,2025-03-03 09:10:01
SF00915,越城区,286,240,2025-03-03 09:10:01
SF00927,越城区,240,121,2025-03-03 09:10:01
SF00902,越城区,110,102,2025-03-03 09:10:01
SF00904,越城区,180,120,2025-03-03 09:10:01
SF00926,越城区,120,71,2025-03-03 09:10:01
SF00906,越城区,180,165,2025-03-03 09:10:01
SF00913,越城区,45,43,2025-03-03 09:10:01
SF00928,越城区,300,82,2025-03-03 09:10:01
SF00920,越城区,80,2,2025-03-03 09:10:01
SF00916,越城区,90,55,2025-03-03 09:10:01
SF00180,越城区,85,34,2025-03-03 09:10:01
SF00917,越城区,150,139,2025-03-03 09:10:01
SF00907,越城区,400,96,2025-03-03 09:10:01
SF00182,越城区,35,10,2025-03-03 09:10:01
SF00919,越城区,50,48,2025-03-03 09:10:01
SF00910,越城区,100,91,2025-03-03 09:10:01
SF000902,越城区,300,267,2025-03-03 09:10:00
SF00118,越城区,100,60,2025-03-03 09:10:00
SF001041,越城区,90,84,2025-03-03 09:10:00
SF00173,越城区,450,189,2025-03-03 09:10:00
HK00013,越城区,212,1,2025-03-03 09:10:00
HK00001,越城区,138,82,2025-03-03 09:10:00
SF00141,越城区,50,32,2025-03-03 09:10:00
SF001211,越城区,180,164,2025-03-03 09:10:00
SF00119,越城区,50,2,2025-03-03 09:10:00
HK00020,越城区,1800,188,2025-03-03 09:10:00
SF00159,越城区,230,2,2025-03-03 09:10:00
SF000903,越城区,470,428,2025-03-03 09:10:00
SF000901,越城区,500,365,2025-03-03 09:10:00
SF00104,越城区,50,35,2025-03-03 09:10:00
SF00128,越城区,870,523,2025-03-03 09:10:00
SF00146,越城区,150,91,2025-03-03 09:10:00
SF00171,越城区,700,611,2025-03-03 09:10:00
SF00133,越城区,260,74,2025-03-03 09:10:00
SF00124,越城区,500,295,2025-03-03 09:10:00
HK00009,越城区,467,33,2025-03-03 09:10:00
SF00155,越城区,125,2,2025-03-03 09:10:00
SF00152,越城区,500,299,2025-03-03 09:10:00
HK00021,越城区,150,105,2025-03-03 09:10:00
SF00120,越城区,220,164,2025-03-03 09:10:00
SF00151,越城区,70,12,2025-03-03 09:10:00
SF00107,越城区,200,119,2025-03-03 09:10:00
HK00010,越城区,170,13,2025-03-03 09:10:00
SF00121,越城区,1,0,2025-03-03 09:10:00
SF00934,越城区,200,181,2025-03-03 09:00:02
SF00926,越城区,120,67,2025-03-03 09:00:02
SF00925,越城区,50,37,2025-03-03 09:00:02
SF00935,越城区,110,2,2025-03-03 09:00:02
SF00931,越城区,75,45,2025-03-03 09:00:02
SF00933,越城区,37,33,2025-03-03 09:00:02
SF00921,越城区,170,155,2025-03-03 09:00:02
SF00930,越城区,300,271,2025-03-03 09:00:02
SF00932,越城区,60,37,2025-03-03 09:00:02
SF00923,越城区,150,140,2025-03-03 09:00:02
SF00927,越城区,240,125,2025-03-03 09:00:02
SF00929,越城区,1300,1171,2025-03-03 09:00:02
SF00928,越城区,300,105,2025-03-03 09:00:02
SF00939,越城区,350,247,2025-03-03 09:00:02
SF00913,越城区,45,43,2025-03-03 09:00:01
SF00902,越城区,110,102,2025-03-03 09:00:01
SF00909,越城区,100,60,2025-03-03 09:00:01
SF00904,越城区,180,121,2025-03-03 09:00:01
SF00919,越城区,50,49,2025-03-03 09:00:01
SF00918,越城区,140,131,2025-03-03 09:00:01
SF00171,越城区,700,614,2025-03-03 09:00:01
SF00906,越城区,180,165,2025-03-03 09:00:01
SF00920,越城区,80,2,2025-03-03 09:00:01
SF00907,越城区,400,100,2025-03-03 09:00:01
SF00187,越城区,55,34,2025-03-03 09:00:01
SF00182,越城区,35,11,2025-03-03 09:00:01
SF00174,越城区,100,2,2025-03-03 09:00:01
SF00903,越城区,147,135,2025-03-03 09:00:01
SF00180,越城区,85,33,2025-03-03 09:00:01
SF00159,越城区,230,2,2025-03-03 09:00:01
SF00173,越城区,450,191,2025-03-03 09:00:01
SF00905,越城区,95,53,2025-03-03 09:00:01
SF00911,越城区,20,1,2025-03-03 09:00:01
SF00914,越城区,280,254,2025-03-03 09:00:01
SF00916,越城区,90,55,2025-03-03 09:00:01
SF00915,越城区,286,243,2025-03-03 09:00:01
SF00901,越城区,76,2,2025-03-03 09:00:01
SF00910,越城区,100,91,2025-03-03 09:00:01
SF00917,越城区,150,139,2025-03-03 09:00:01
SF00908,越城区,180,2,2025-03-03 09:00:01
SF00912,越城区,85,2,2025-03-03 09:00:01
HK00009,越城区,467,33,2025-03-03 09:00:00
SF00121,越城区,1,0,2025-03-03 09:00:00
SF00146,越城区,150,90,2025-03-03 09:00:00
SF00119,越城区,50,2,2025-03-03 09:00:00
SF00133,越城区,260,101,2025-03-03 09:00:00
SF000903,越城区,470,427,2025-03-03 09:00:00
SF00155,越城区,125,2,2025-03-03 09:00:00
HK00010,越城区,170,13,2025-03-03 09:00:00
SF000902,越城区,300,271,2025-03-03 09:00:00
SF001041,越城区,90,84,2025-03-03 09:00:00
SF00124,越城区,500,301,2025-03-03 09:00:00
SF00151,越城区,70,10,2025-03-03 09:00:00
HK00013,越城区,212,1,2025-03-03 09:00:00
HK00001,越城区,138,77,2025-03-03 09:00:00
SF001211,越城区,180,164,2025-03-03 09:00:00
SF000901,越城区,500,360,2025-03-03 09:00:00
SF00120,越城区,220,163,2025-03-03 09:00:00
SF00107,越城区,200,116,2025-03-03 09:00:00
SF00141,越城区,50,32,2025-03-03 09:00:00
SF00118,越城区,100,58,2025-03-03 09:00:00
HK00020,越城区,1800,188,2025-03-03 09:00:00
HK00021,越城区,150,105,2025-03-03 09:00:00
SF00104,越城区,50,28,2025-03-03 09:00:00
SF00128,越城区,870,518,2025-03-03 09:00:00
SF00152,越城区,500,303,2025-03-03 09:00:00
SF00934,越城区,200,181,2025-03-03 08:50:02
SF00933,越城区,37,33,2025-03-03 08:50:02
SF00931,越城区,75,43,2025-03-03 08:50:02
SF00930,越城区,300,271,2025-03-03 08:50:02
SF00939,越城区,350,252,2025-03-03 08:50:02
SF00929,越城区,1300,1171,2025-03-03 08:50:02
SF00932,越城区,60,42,2025-03-03 08:50:02
SF00935,越城区,110,2,2025-03-03 08:50:02
SF00928,越城区,300,135,2025-03-03 08:50:01
SF00187,越城区,55,37,2025-03-03 08:50:01
SF00911,越城区,20,1,2025-03-03 08:50:01
SF00908,越城区,180,2,2025-03-03 08:50:01
SF00907,越城区,400,103,2025-03-03 08:50:01
SF00919,越城区,50,46,2025-03-03 08:50:01
SF00912,越城区,85,2,2025-03-03 08:50:01
SF00917,越城区,150,139,2025-03-03 08:50:01
SF00174,越城区,100,2,2025-03-03 08:50:01
SF00920,越城区,80,2,2025-03-03 08:50:01
SF00918,越城区,140,131,2025-03-03 08:50:01
SF00906,越城区,180,165,2025-03-03 08:50:01
SF00923,越城区,150,140,2025-03-03 08:50:01
SF00903,越城区,147,135,2025-03-03 08:50:01
SF00921,越城区,170,155,2025-03-03 08:50:01
SF00910,越城区,100,91,2025-03-03 08:50:01
SF00904,越城区,180,120,2025-03-03 08:50:01
SF00913,越城区,45,43,2025-03-03 08:50:01
SF00914,越城区,280,254,2025-03-03 08:50:01
SF00925,越城区,50,39,2025-03-03 08:50:01
SF00902,越城区,110,102,2025-03-03 08:50:01
SF00182,越城区,35,14,2025-03-03 08:50:01
SF00180,越城区,85,39,2025-03-03 08:50:01
SF00916,越城区,90,53,2025-03-03 08:50:01
SF00915,越城区,286,242,2025-03-03 08:50:01
SF00905,越城区,95,52,2025-03-03 08:50:01
SF00901,越城区,76,4,2025-03-03 08:50:01
SF00927,越城区,240,142,2025-03-03 08:50:01
SF00909,越城区,100,58,2025-03-03 08:50:01
SF00926,越城区,120,75,2025-03-03 08:50:01
SF00155,越城区,125,2,2025-03-03 08:50:00
HK00020,越城区,1800,188,2025-03-03 08:50:00
SF00124,越城区,500,298,2025-03-03 08:50:00
SF00159,越城区,230,2,2025-03-03 08:50:00
SF00146,越城区,150,91,2025-03-03 08:50:00
SF001211,越城区,180,164,2025-03-03 08:50:00
SF001041,越城区,90,84,2025-03-03 08:50:00
SF00151,越城区,70,10,2025-03-03 08:50:00
SF00104,越城区,50,28,2025-03-03 08:50:00
HK00009,越城区,467,33,2025-03-03 08:50:00
SF00119,越城区,50,2,2025-03-03 08:50:00
SF00133,越城区,260,124,2025-03-03 08:50:00
HK00021,越城区,150,105,2025-03-03 08:50:00
SF00152,越城区,500,295,2025-03-03 08:50:00
SF00121,越城区,1,0,2025-03-03 08:50:00
SF00128,越城区,870,521,2025-03-03 08:50:00
SF000903,越城区,470,427,2025-03-03 08:50:00
SF000902,越城区,300,273,2025-03-03 08:50:00
HK00010,越城区,170,13,2025-03-03 08:50:00
SF00141,越城区,50,32,2025-03-03 08:50:00
SF00107,越城区,200,121,2025-03-03 08:50:00
SF00173,越城区,450,183,2025-03-03 08:50:00
HK00013,越城区,212,1,2025-03-03 08:50:00
SF00120,越城区,220,164,2025-03-03 08:50:00
HK00001,越城区,138,78,2025-03-03 08:50:00
SF000901,越城区,500,375,2025-03-03 08:50:00
SF00171,越城区,700,626,2025-03-03 08:50:00
SF00118,越城区,100,59,2025-03-03 08:50:00
SF00934,越城区,200,181,2025-03-03 08:40:02
SF00931,越城区,75,44,2025-03-03 08:40:02
SF00927,越城区,240,157,2025-03-03 08:40:02
SF00933,越城区,37,33,2025-03-03 08:40:02
SF00926,越城区,120,77,2025-03-03 08:40:02
SF00939,越城区,350,264,2025-03-03 08:40:02
SF00932,越城区,60,49,2025-03-03 08:40:02
SF00928,越城区,300,153,2025-03-03 08:40:02
SF00929,越城区,1300,1171,2025-03-03 08:40:02
SF00935,越城区,110,2,2025-03-03 08:40:02
SF00930,越城区,300,271,2025-03-03 08:40:02
SF00912,越城区,85,2,2025-03-03 08:40:01
SF00923,越城区,150,140,2025-03-03 08:40:01
SF00908,越城区,180,2,2025-03-03 08:40:01
SF00182,越城区,35,12,2025-03-03 08:40:01
SF00174,越城区,100,2,2025-03-03 08:40:01
SF00910,越城区,100,91,2025-03-03 08:40:01
SF00914,越城区,280,254,2025-03-03 08:40:01
SF00907,越城区,400,108,2025-03-03 08:40:01
SF00921,越城区,170,155,2025-03-03 08:40:01
SF00916,越城区,90,55,2025-03-03 08:40:01
SF00918,越城区,140,131,2025-03-03 08:40:01
SF00913,越城区,45,43,2025-03-03 08:40:01
SF00905,越城区,95,55,2025-03-03 08:40:01
SF00180,越城区,85,39,2025-03-03 08:40:01
SF00911,越城区,20,1,2025-03-03 08:40:01
SF00906,越城区,180,165,2025-03-03 08:40:01
SF00902,越城区,110,102,2025-03-03 08:40:01
SF00904,越城区,180,120,2025-03-03 08:40:01
SF00903,越城区,147,135,2025-03-03 08:40:01
SF00901,越城区,76,6,2025-03-03 08:40:01
SF00909,越城区,100,56,2025-03-03 08:40:01
SF00187,越城区,55,32,2025-03-03 08:40:01
SF00917,越城区,150,139,2025-03-03 08:40:01
SF00925,越城区,50,41,2025-03-03 08:40:01
SF00920,越城区,80,2,2025-03-03 08:40:01
SF00919,越城区,50,46,2025-03-03 08:40:01
SF00915,越城区,286,246,2025-03-03 08:40:01
SF00118,越城区,100,58,2025-03-03 08:40:00
HK00013,越城区,212,1,2025-03-03 08:40:00
HK00009,越城区,467,33,2025-03-03 08:40:00
SF000901,越城区,500,383,2025-03-03 08:40:00
SF00159,越城区,230,2,2025-03-03 08:40:00
SF00104,越城区,50,31,2025-03-03 08:40:00
SF00121,越城区,1,0,2025-03-03 08:40:00
SF00119,越城区,50,2,2025-03-03 08:40:00
SF001211,越城区,180,164,2025-03-03 08:40:00
HK00001,越城区,138,87,2025-03-03 08:40:00
SF00124,越城区,500,297,2025-03-03 08:40:00
SF00146,越城区,150,89,2025-03-03 08:40:00
SF00128,越城区,870,521,2025-03-03 08:40:00
SF00151,越城区,70,12,2025-03-03 08:40:00
SF00152,越城区,500,298,2025-03-03 08:40:00
HK00021,越城区,150,105,2025-03-03 08:40:00
HK00010,越城区,170,13,2025-03-03 08:40:00
SF00107,越城区,200,118,2025-03-03 08:40:00
SF000902,越城区,300,273,2025-03-03 08:40:00
SF00173,越城区,450,185,2025-03-03 08:40:00
SF00155,越城区,125,9,2025-03-03 08:40:00
SF00171,越城区,700,634,2025-03-03 08:40:00
SF00141,越城区,50,34,2025-03-03 08:40:00
SF000903,越城区,470,425,2025-03-03 08:40:00
HK00020,越城区,1800,188,2025-03-03 08:40:00
SF001041,越城区,90,84,2025-03-03 08:40:00
SF00120,越城区,220,168,2025-03-03 08:40:00
SF00133,越城区,260,143,2025-03-03 08:40:00
SF00939,越城区,350,268,2025-03-03 08:30:02
SF00933,越城区,37,33,2025-03-03 08:30:02
SF00932,越城区,60,49,2025-03-03 08:30:02
SF00935,越城区,110,2,2025-03-03 08:30:02
SF00934,越城区,200,181,2025-03-03 08:30:02
SF00920,越城区,80,2,2025-03-03 08:30:01
SF00916,越城区,90,52,2025-03-03 08:30:01
SF00923,越城区,150,140,2025-03-03 08:30:01
SF00905,越城区,95,61,2025-03-03 08:30:01
SF00913,越城区,45,43,2025-03-03 08:30:01
SF00921,越城区,170,155,2025-03-03 08:30:01
SF00919,越城区,50,46,2025-03-03 08:30:01
SF00182,越城区,35,12,2025-03-03 08:30:01
SF00901,越城区,76,20,2025-03-03 08:30:01
SF00925,越城区,50,42,2025-03-03 08:30:01
SF00903,越城区,147,135,2025-03-03 08:30:01
SF00926,越城区,120,73,2025-03-03 08:30:01
SF00918,越城区,140,131,2025-03-03 08:30:01
SF00902,越城区,110,102,2025-03-03 08:30:01
SF00908,越城区,180,2,2025-03-03 08:30:01
SF00910,越城区,100,91,2025-03-03 08:30:01
SF00929,越城区,1300,1171,2025-03-03 08:30:01
SF00912,越城区,85,2,2025-03-03 08:30:01
SF00914,越城区,280,254,2025-03-03 08:30:01
SF00187,越城区,55,29,2025-03-03 08:30:01
SF00909,越城区,100,59,2025-03-03 08:30:01
SF00930,越城区,300,271,2025-03-03 08:30:01
SF00928,越城区,300,187,2025-03-03 08:30:01
SF00917,越城区,150,139,2025-03-03 08:30:01
SF00904,越城区,180,122,2025-03-03 08:30:01
SF00931,越城区,75,49,2025-03-03 08:30:01
SF00911,越城区,20,1,2025-03-03 08:30:01
SF00906,越城区,180,165,2025-03-03 08:30:01
SF00915,越城区,286,254,2025-03-03 08:30:01
SF00927,越城区,240,171,2025-03-03 08:30:01
SF00907,越城区,400,105,2025-03-03 08:30:01
SF00141,越城区,50,37,2025-03-03 08:30:00
SF001041,越城区,90,84,2025-03-03 08:30:00
SF00159,越城区,230,2,2025-03-03 08:30:00
SF00173,越城区,450,196,2025-03-03 08:30:00
SF00118,越城区,100,57,2025-03-03 08:30:00
SF00104,越城区,50,32,2025-03-03 08:30:00
SF00133,越城区,260,171,2025-03-03 08:30:00
SF00146,越城区,150,91,2025-03-03 08:30:00
SF000902,越城区,300,275,2025-03-03 08:30:00
SF00120,越城区,220,162,2025-03-03 08:30:00
SF00121,越城区,1,0,2025-03-03 08:30:00
HK00013,越城区,212,1,2025-03-03 08:30:00
HK00010,越城区,170,13,2025-03-03 08:30:00
SF00128,越城区,870,518,2025-03-03 08:30:00
SF00124,越城区,500,301,2025-03-03 08:30:00
HK00020,越城区,1800,188,2025-03-03 08:30:00
HK00009,越城区,467,33,2025-03-03 08:30:00
SF000903,越城区,470,428,2025-03-03 08:30:00
SF001211,越城区,180,164,2025-03-03 08:30:00
SF000901,越城区,500,390,2025-03-03 08:30:00
SF00119,越城区,50,2,2025-03-03 08:30:00
HK00001,越城区,138,84,2025-03-03 08:30:00
SF00151,越城区,70,16,2025-03-03 08:30:00
SF00152,越城区,500,304,2025-03-03 08:30:00
SF00174,越城区,100,2,2025-03-03 08:30:00
SF00107,越城区,200,118,2025-03-03 08:30:00
SF00180,越城区,85,40,2025-03-03 08:30:00
SF00155,越城区,125,19,2025-03-03 08:30:00
SF00171,越城区,700,634,2025-03-03 08:30:00
HK00021,越城区,150,105,2025-03-03 08:30:00
SF00932,越城区,60,48,2025-03-03 08:20:02
SF00939,越城区,350,286,2025-03-03 08:20:02
SF00933,越城区,37,33,2025-03-03 08:20:02
SF00935,越城区,110,2,2025-03-03 08:20:02
SF00934,越城区,200,181,2025-03-03 08:20:02
SF00927,越城区,240,180,2025-03-03 08:20:01
SF00923,越城区,150,140,2025-03-03 08:20:01
SF00929,越城区,1300,1171,2025-03-03 08:20:01
SF00931,越城区,75,45,2025-03-03 08:20:01
SF00919,越城区,50,46,2025-03-03 08:20:01
SF00918,越城区,140,131,2025-03-03 08:20:01
SF00926,越城区,120,71,2025-03-03 08:20:01
SF00910,越城区,100,91,2025-03-03 08:20:01
SF00903,越城区,147,135,2025-03-03 08:20:01
SF00905,越城区,95,57,2025-03-03 08:20:01
SF00925,越城区,50,42,2025-03-03 08:20:01
SF00909,越城区,100,62,2025-03-03 08:20:01
SF00902,越城区,110,102,2025-03-03 08:20:01
SF00930,越城区,300,271,2025-03-03 08:20:01
SF00908,越城区,180,2,2025-03-03 08:20:01
SF00921,越城区,170,155,2025-03-03 08:20:01
SF00182,越城区,35,14,2025-03-03 08:20:01
SF00914,越城区,280,254,2025-03-03 08:20:01
SF00913,越城区,45,43,2025-03-03 08:20:01
SF00907,越城区,400,79,2025-03-03 08:20:01
SF00906,越城区,180,165,2025-03-03 08:20:01
SF00920,越城区,80,2,2025-03-03 08:20:01
SF00916,越城区,90,50,2025-03-03 08:20:01
SF00917,越城区,150,139,2025-03-03 08:20:01
SF00901,越城区,76,31,2025-03-03 08:20:01
SF00928,越城区,300,208,2025-03-03 08:20:01
SF00915,越城区,286,262,2025-03-03 08:20:01
SF00904,越城区,180,129,2025-03-03 08:20:01
SF00912,越城区,85,2,2025-03-03 08:20:01
SF00187,越城区,55,33,2025-03-03 08:20:01
SF00911,越城区,20,1,2025-03-03 08:20:01
SF00107,越城区,200,117,2025-03-03 08:20:00
SF00128,越城区,870,525,2025-03-03 08:20:00
SF00180,越城区,85,39,2025-03-03 08:20:00
HK00013,越城区,212,1,2025-03-03 08:20:00
SF00118,越城区,100,64,2025-03-03 08:20:00
SF000903,越城区,470,428,2025-03-03 08:20:00
SF00146,越城区,150,88,2025-03-03 08:20:00
HK00010,越城区,170,13,2025-03-03 08:20:00
SF00121,越城区,1,0,2025-03-03 08:20:00
SF00119,越城区,50,2,2025-03-03 08:20:00
SF00174,越城区,100,2,2025-03-03 08:20:00
HK00009,越城区,467,33,2025-03-03 08:20:00
SF00124,越城区,500,301,2025-03-03 08:20:00
SF00120,越城区,220,160,2025-03-03 08:20:00
SF00173,越城区,450,202,2025-03-03 08:20:00
SF00159,越城区,230,2,2025-03-03 08:20:00
SF001211,越城区,180,164,2025-03-03 08:20:00
SF00152,越城区,500,295,2025-03-03 08:20:00
SF00104,越城区,50,33,2025-03-03 08:20:00
SF000902,越城区,300,273,2025-03-03 08:20:00
HK00020,越城区,1800,188,2025-03-03 08:20:00
SF00155,越城区,125,28,2025-03-03 08:20:00
SF000901,越城区,500,397,2025-03-03 08:20:00
SF001041,越城区,90,84,2025-03-03 08:20:00
SF00141,越城区,50,44,2025-03-03 08:20:00
SF00171,越城区,700,632,2025-03-03 08:20:00
SF00133,越城区,260,182,2025-03-03 08:20:00
HK00021,越城区,150,105,2025-03-03 08:20:00
HK00001,越城区,138,77,2025-03-03 08:20:00
SF00151,越城区,70,35,2025-03-03 08:20:00
SF00934,越城区,200,181,2025-03-03 08:10:02
SF00933,越城区,37,33,2025-03-03 08:10:02
SF00935,越城区,110,2,2025-03-03 08:10:02
SF00932,越城区,60,46,2025-03-03 08:10:02
SF00939,越城区,350,302,2025-03-03 08:10:02
SF00908,越城区,180,2,2025-03-03 08:10:01
SF00912,越城区,85,2,2025-03-03 08:10:01
SF00906,越城区,180,165,2025-03-03 08:10:01
SF00910,越城区,100,91,2025-03-03 08:10:01
SF00901,越城区,76,39,2025-03-03 08:10:01
SF00902,越城区,110,102,2025-03-03 08:10:01
SF00909,越城区,100,65,2025-03-03 08:10:01
SF00923,越城区,150,140,2025-03-03 08:10:01
SF00929,越城区,1300,1171,2025-03-03 08:10:01
SF00907,越城区,400,73,2025-03-03 08:10:01
SF00903,越城区,147,135,2025-03-03 08:10:01
SF00182,越城区,35,18,2025-03-03 08:10:01
SF00921,越城区,170,155,2025-03-03 08:10:01
SF00904,越城区,180,139,2025-03-03 08:10:01
SF00905,越城区,95,60,2025-03-03 08:10:01
SF00928,越城区,300,219,2025-03-03 08:10:01
SF00915,越城区,286,261,2025-03-03 08:10:01
SF00914,越城区,280,254,2025-03-03 08:10:01
SF00913,越城区,45,43,2025-03-03 08:10:01
SF00919,越城区,50,48,2025-03-03 08:10:01
SF00911,越城区,20,1,2025-03-03 08:10:01
SF00925,越城区,50,43,2025-03-03 08:10:01
SF00916,越城区,90,55,2025-03-03 08:10:01
SF00927,越城区,240,186,2025-03-03 08:10:01
SF00931,越城区,75,44,2025-03-03 08:10:01
SF00926,越城区,120,73,2025-03-03 08:10:01
SF00917,越城区,150,139,2025-03-03 08:10:01
SF00930,越城区,300,271,2025-03-03 08:10:01
SF00920,越城区,80,2,2025-03-03 08:10:01
SF00187,越城区,55,29,2025-03-03 08:10:01
SF00918,越城区,140,131,2025-03-03 08:10:01
SF00133,越城区,260,188,2025-03-03 08:10:00
SF001041,越城区,90,84,2025-03-03 08:10:00
SF00146,越城区,150,86,2025-03-03 08:10:00
SF00159,越城区,230,2,2025-03-03 08:10:00
SF00107,越城区,200,116,2025-03-03 08:10:00
SF00171,越城区,700,635,2025-03-03 08:10:00
SF00174,越城区,100,2,2025-03-03 08:10:00
SF00121,越城区,1,0,2025-03-03 08:10:00
SF00118,越城区,100,62,2025-03-03 08:10:00
SF00128,越城区,870,520,2025-03-03 08:10:00
HK00020,越城区,1800,188,2025-03-03 08:10:00
SF000902,越城区,300,272,2025-03-03 08:10:00
SF00180,越城区,85,40,2025-03-03 08:10:00
HK00021,越城区,150,105,2025-03-03 08:10:00
SF00120,越城区,220,161,2025-03-03 08:10:00
SF00173,越城区,450,200,2025-03-03 08:10:00
SF00151,越城区,70,46,2025-03-03 08:10:00
SF00124,越城区,500,298,2025-03-03 08:10:00
SF000901,越城区,500,399,2025-03-03 08:10:00
HK00010,越城区,170,13,2025-03-03 08:10:00
SF001211,越城区,180,164,2025-03-03 08:10:00
SF00119,越城区,50,2,2025-03-03 08:10:00
SF000903,越城区,470,425,2025-03-03 08:10:00
HK00013,越城区,212,1,2025-03-03 08:10:00
SF00104,越城区,50,35,2025-03-03 08:10:00
HK00001,越城区,138,77,2025-03-03 08:10:00
HK00009,越城区,467,33,2025-03-03 08:10:00
SF00141,越城区,50,44,2025-03-03 08:10:00
SF00152,越城区,500,295,2025-03-03 08:10:00
SF00155,越城区,125,31,2025-03-03 08:10:00
SF00931,越城区,75,53,2025-03-03 08:00:02
SF00929,越城区,1300,1171,2025-03-03 08:00:02
SF00935,越城区,110,2,2025-03-03 08:00:02
SF00928,越城区,300,228,2025-03-03 08:00:02
SF00927,越城区,240,191,2025-03-03 08:00:02
SF00932,越城区,60,48,2025-03-03 08:00:02
SF00933,越城区,37,33,2025-03-03 08:00:02
SF00930,越城区,300,271,2025-03-03 08:00:02
SF00934,越城区,200,181,2025-03-03 08:00:02
SF00939,越城区,350,308,2025-03-03 08:00:02
SF00913,越城区,45,43,2025-03-03 08:00:01
SF00174,越城区,100,2,2025-03-03 08:00:01
SF00187,越城区,55,43,2025-03-03 08:00:01
SF00909,越城区,100,65,2025-03-03 08:00:01
SF00910,越城区,100,91,2025-03-03 08:00:01
SF00906,越城区,180,165,2025-03-03 08:00:01
SF00923,越城区,150,140,2025-03-03 08:00:01
SF00917,越城区,150,139,2025-03-03 08:00:01
SF00182,越城区,35,19,2025-03-03 08:00:01
SF00905,越城区,95,65,2025-03-03 08:00:01
SF00920,越城区,80,2,2025-03-03 08:00:01
SF00918,越城区,140,131,2025-03-03 08:00:01
SF00903,越城区,147,135,2025-03-03 08:00:01
SF00180,越城区,85,43,2025-03-03 08:00:01
SF00901,越城区,76,42,2025-03-03 08:00:01
SF00925,越城区,50,44,2025-03-03 08:00:01
SF00926,越城区,120,88,2025-03-03 08:00:01
SF00919,越城区,50,48,2025-03-03 08:00:01
SF00912,越城区,85,22,2025-03-03 08:00:01
SF00908,越城区,180,49,2025-03-03 08:00:01
SF00907,越城区,400,110,2025-03-03 08:00:01
SF00921,越城区,170,155,2025-03-03 08:00:01
SF00173,越城区,450,193,2025-03-03 08:00:01
SF00904,越城区,180,150,2025-03-03 08:00:01
SF00916,越城区,90,67,2025-03-03 08:00:01
SF00914,越城区,280,254,2025-03-03 08:00:01
SF00911,越城区,20,1,2025-03-03 08:00:01
SF00915,越城区,286,259,2025-03-03 08:00:01
SF00902,越城区,110,102,2025-03-03 08:00:01
SF001041,越城区,90,84,2025-03-03 08:00:00
SF00107,越城区,200,117,2025-03-03 08:00:00
SF00128,越城区,870,609,2025-03-03 08:00:00
SF00119,越城区,50,11,2025-03-03 08:00:00
SF00171,越城区,700,634,2025-03-03 08:00:00
SF00118,越城区,100,75,2025-03-03 08:00:00
SF00151,越城区,70,51,2025-03-03 08:00:00
SF00121,越城区,1,0,2025-03-03 08:00:00
SF00159,越城区,230,2,2025-03-03 08:00:00
SF00141,越城区,50,44,2025-03-03 08:00:00
SF00152,越城区,500,350,2025-03-03 08:00:00
SF00133,越城区,260,203,2025-03-03 08:00:00
SF00120,越城区,220,158,2025-03-03 08:00:00
SF000903,越城区,470,428,2025-03-03 08:00:00
SF00104,越城区,50,36,2025-03-03 08:00:00
HK00021,越城区,150,105,2025-03-03 08:00:00
SF00155,越城区,125,38,2025-03-03 08:00:00
SF001211,越城区,180,164,2025-03-03 08:00:00
SF000901,越城区,500,398,2025-03-03 08:00:00
HK00013,越城区,212,1,2025-03-03 08:00:00
HK00001,越城区,138,95,2025-03-03 08:00:00
SF00124,越城区,500,350,2025-03-03 08:00:00
HK00009,越城区,467,33,2025-03-03 08:00:00
HK00010,越城区,170,13,2025-03-03 08:00:00
HK00020,越城区,1800,188,2025-03-03 08:00:00
SF00146,越城区,150,101,2025-03-03 08:00:00
SF000902,越城区,300,271,2025-03-03 08:00:00
SF00929,越城区,1300,1171,2025-03-03 07:50:02
SF00934,越城区,200,181,2025-03-03 07:50:02
SF00935,越城区,110,2,2025-03-03 07:50:02
SF00932,越城区,60,45,2025-03-03 07:50:02
SF00931,越城区,75,57,2025-03-03 07:50:02
SF00939,越城区,350,314,2025-03-03 07:50:02
SF00930,越城区,300,271,2025-03-03 07:50:02
SF00928,越城区,300,234,2025-03-03 07:50:02
SF00933,越城区,37,33,2025-03-03 07:50:02
SF00182,越城区,35,19,2025-03-03 07:50:01
SF00904,越城区,180,165,2025-03-03 07:50:01
SF00909,越城区,100,72,2025-03-03 07:50:01
SF00912,越城区,85,27,2025-03-03 07:50:01
SF00905,越城区,95,67,2025-03-03 07:50:01
SF00906,越城区,180,165,2025-03-03 07:50:01
SF00180,越城区,85,46,2025-03-03 07:50:01
SF00902,越城区,110,102,2025-03-03 07:50:01
SF00907,越城区,400,107,2025-03-03 07:50:01
SF00925,越城区,50,44,2025-03-03 07:50:01
SF00908,越城区,180,59,2025-03-03 07:50:01
SF00910,越城区,100,91,2025-03-03 07:50:01
SF00914,越城区,280,254,2025-03-03 07:50:01
SF00913,越城区,45,43,2025-03-03 07:50:01
SF00187,越城区,55,39,2025-03-03 07:50:01
SF00174,越城区,100,19,2025-03-03 07:50:01
SF00926,越城区,120,80,2025-03-03 07:50:01
SF00923,越城区,150,140,2025-03-03 07:50:01
SF00920,越城区,80,2,2025-03-03 07:50:01
SF00927,越城区,240,198,2025-03-03 07:50:01
SF00916,越城区,90,57,2025-03-03 07:50:01
SF00921,越城区,170,155,2025-03-03 07:50:01
SF00911,越城区,20,1,2025-03-03 07:50:01
SF00915,越城区,286,260,2025-03-03 07:50:01
SF00903,越城区,147,135,2025-03-03 07:50:01
SF00901,越城区,76,49,2025-03-03 07:50:01
SF00919,越城区,50,48,2025-03-03 07:50:01
SF00918,越城区,140,131,2025-03-03 07:50:01
SF00917,越城区,150,139,2025-03-03 07:50:01
SF000903,越城区,470,425,2025-03-03 07:50:00
HK00021,越城区,150,105,2025-03-03 07:50:00
HK00010,越城区,170,13,2025-03-03 07:50:00
SF00146,越城区,150,104,2025-03-03 07:50:00
SF00159,越城区,230,2,2025-03-03 07:50:00
SF000902,越城区,300,273,2025-03-03 07:50:00
SF00107,越城区,200,122,2025-03-03 07:50:00
SF001211,越城区,180,164,2025-03-03 07:50:00
HK00020,越城区,1800,188,2025-03-03 07:50:00
SF00104,越城区,50,37,2025-03-03 07:50:00
HK00009,越城区,467,33,2025-03-03 07:50:00
SF00124,越城区,500,352,2025-03-03 07:50:00
SF00121,越城区,1,0,2025-03-03 07:50:00
SF00133,越城区,260,212,2025-03-03 07:50:00
SF00141,越城区,50,47,2025-03-03 07:50:00
SF00155,越城区,125,56,2025-03-03 07:50:00
SF00151,越城区,70,57,2025-03-03 07:50:00
SF00119,越城区,50,20,2025-03-03 07:50:00
SF001041,越城区,90,84,2025-03-03 07:50:00
SF00171,越城区,700,632,2025-03-03 07:50:00
SF00118,越城区,100,68,2025-03-03 07:50:00
SF00152,越城区,500,348,2025-03-03 07:50:00
SF00173,越城区,450,185,2025-03-03 07:50:00
SF00120,越城区,220,157,2025-03-03 07:50:00
SF00128,越城区,870,606,2025-03-03 07:50:00
SF000901,越城区,500,403,2025-03-03 07:50:00
HK00001,越城区,138,100,2025-03-03 07:50:00
HK00013,越城区,212,1,2025-03-03 07:50:00
SF00931,越城区,75,56,2025-03-03 07:40:02
SF00939,越城区,350,310,2025-03-03 07:40:02
SF00935,越城区,110,2,2025-03-03 07:40:02
SF00934,越城区,200,181,2025-03-03 07:40:02
SF00932,越城区,60,45,2025-03-03 07:40:02
SF00933,越城区,37,33,2025-03-03 07:40:02
SF00906,越城区,180,165,2025-03-03 07:40:01
SF00923,越城区,150,140,2025-03-03 07:40:01
SF00903,越城区,147,135,2025-03-03 07:40:01
SF00909,越城区,100,70,2025-03-03 07:40:01
SF00915,越城区,286,261,2025-03-03 07:40:01
SF00925,越城区,50,44,2025-03-03 07:40:01
SF00913,越城区,45,43,2025-03-03 07:40:01
SF00930,越城区,300,271,2025-03-03 07:40:01
SF00918,越城区,140,131,2025-03-03 07:40:01
SF00182,越城区,35,18,2025-03-03 07:40:01
SF00929,越城区,1300,1171,2025-03-03 07:40:01
SF00180,越城区,85,54,2025-03-03 07:40:01
SF00920,越城区,80,2,2025-03-03 07:40:01
SF00905,越城区,95,64,2025-03-03 07:40:01
SF00916,越城区,90,66,2025-03-03 07:40:01
SF00919,越城区,50,48,2025-03-03 07:40:01
SF00187,越城区,55,38,2025-03-03 07:40:01
SF00911,越城区,20,1,2025-03-03 07:40:01
SF00927,越城区,240,206,2025-03-03 07:40:01
SF00910,越城区,100,91,2025-03-03 07:40:01
SF00902,越城区,110,102,2025-03-03 07:40:01
SF00907,越城区,400,116,2025-03-03 07:40:01
SF00917,越城区,150,139,2025-03-03 07:40:01
SF00912,越城区,85,21,2025-03-03 07:40:01
SF00921,越城区,170,155,2025-03-03 07:40:01
SF00928,越城区,300,236,2025-03-03 07:40:01
SF00904,越城区,180,163,2025-03-03 07:40:01
SF00908,越城区,180,56,2025-03-03 07:40:01
SF00926,越城区,120,88,2025-03-03 07:40:01
SF00901,越城区,76,54,2025-03-03 07:40:01
SF00914,越城区,280,254,2025-03-03 07:40:01
HK00001,越城区,138,92,2025-03-03 07:40:00
SF00146,越城区,150,100,2025-03-03 07:40:00
HK00013,越城区,212,1,2025-03-03 07:40:00
SF00118,越城区,100,75,2025-03-03 07:40:00
SF00107,越城区,200,122,2025-03-03 07:40:00
SF00104,越城区,50,40,2025-03-03 07:40:00
SF00133,越城区,260,217,2025-03-03 07:40:00
SF00152,越城区,500,346,2025-03-03 07:40:00
SF00120,越城区,220,168,2025-03-03 07:40:00
SF00159,越城区,230,2,2025-03-03 07:40:00
SF001041,越城区,90,84,2025-03-03 07:40:00
SF000901,越城区,500,402,2025-03-03 07:40:00
SF00171,越城区,700,632,2025-03-03 07:40:00
SF00155,越城区,125,77,2025-03-03 07:40:00
SF00128,越城区,870,614,2025-03-03 07:40:00
HK00010,越城区,170,13,2025-03-03 07:40:00
SF000902,越城区,300,272,2025-03-03 07:40:00
SF001211,越城区,180,164,2025-03-03 07:40:00
SF00151,越城区,70,56,2025-03-03 07:40:00
HK00020,越城区,1800,188,2025-03-03 07:40:00
SF00141,越城区,50,49,2025-03-03 07:40:00
HK00009,越城区,467,33,2025-03-03 07:40:00
SF00121,越城区,1,0,2025-03-03 07:40:00
SF00119,越城区,50,19,2025-03-03 07:40:00
SF00173,越城区,450,181,2025-03-03 07:40:00
SF000903,越城区,470,428,2025-03-03 07:40:00
SF00174,越城区,100,42,2025-03-03 07:40:00
HK00021,越城区,150,105,2025-03-03 07:40:00
SF00124,越城区,500,347,2025-03-03 07:40:00
SF00939,越城区,350,313,2025-03-03 07:30:02
SF00933,越城区,37,33,2025-03-03 07:30:02
SF00934,越城区,200,181,2025-03-03 07:30:02
SF00930,越城区,300,271,2025-03-03 07:30:02
SF00929,越城区,1300,1171,2025-03-03 07:30:02
SF00932,越城区,60,45,2025-03-03 07:30:02
SF00931,越城区,75,52,2025-03-03 07:30:02
SF00935,越城区,110,4,2025-03-03 07:30:02
SF00917,越城区,150,139,2025-03-03 07:30:01
SF00926,越城区,120,85,2025-03-03 07:30:01
SF00927,越城区,240,206,2025-03-03 07:30:01
SF00914,越城区,280,254,2025-03-03 07:30:01
SF00905,越城区,95,70,2025-03-03 07:30:01
SF00182,越城区,35,19,2025-03-03 07:30:01
SF00187,越城区,55,40,2025-03-03 07:30:01
SF00903,越城区,147,135,2025-03-03 07:30:01
SF00904,越城区,180,165,2025-03-03 07:30:01
SF00907,越城区,400,103,2025-03-03 07:30:01
SF00911,越城区,20,1,2025-03-03 07:30:01
SF00913,越城区,45,43,2025-03-03 07:30:01
SF00180,越城区,85,62,2025-03-03 07:30:01
SF00908,越城区,180,55,2025-03-03 07:30:01
SF00919,越城区,50,48,2025-03-03 07:30:01
SF00921,越城区,170,155,2025-03-03 07:30:01
SF00925,越城区,50,44,2025-03-03 07:30:01
SF00912,越城区,85,24,2025-03-03 07:30:01
SF00915,越城区,286,260,2025-03-03 07:30:01
SF00174,越城区,100,54,2025-03-03 07:30:01
SF00916,越城区,90,66,2025-03-03 07:30:01
SF00902,越城区,110,102,2025-03-03 07:30:01
SF00923,越城区,150,140,2025-03-03 07:30:01
SF00920,越城区,80,16,2025-03-03 07:30:01
SF00901,越城区,76,58,2025-03-03 07:30:01
SF00909,越城区,100,70,2025-03-03 07:30:01
SF00910,越城区,100,91,2025-03-03 07:30:01
SF00928,越城区,300,237,2025-03-03 07:30:01
SF00918,越城区,140,131,2025-03-03 07:30:01
SF00906,越城区,180,165,2025-03-03 07:30:01
SF00159,越城区,230,2,2025-03-03 07:30:00
SF00133,越城区,260,223,2025-03-03 07:30:00
HK00021,越城区,150,105,2025-03-03 07:30:00
HK00009,越城区,467,33,2025-03-03 07:30:00
SF00151,越城区,70,56,2025-03-03 07:30:00
HK00010,越城区,170,13,2025-03-03 07:30:00
SF00152,越城区,500,348,2025-03-03 07:30:00
SF00124,越城区,500,353,2025-03-03 07:30:00
SF00107,越城区,200,123,2025-03-03 07:30:00
HK00020,越城区,1800,188,2025-03-03 07:30:00
SF00155,越城区,125,98,2025-03-03 07:30:00
SF00171,越城区,700,631,2025-03-03 07:30:00
SF00118,越城区,100,68,2025-03-03 07:30:00
SF00121,越城区,1,0,2025-03-03 07:30:00
SF00128,越城区,870,614,2025-03-03 07:30:00
SF000903,越城区,470,428,2025-03-03 07:30:00
SF00119,越城区,50,12,2025-03-03 07:30:00
SF00141,越城区,50,49,2025-03-03 07:30:00
SF00173,越城区,450,168,2025-03-03 07:30:00
SF001041,越城区,90,84,2025-03-03 07:30:00
SF000902,越城区,300,273,2025-03-03 07:30:00
SF001211,越城区,180,164,2025-03-03 07:30:00
SF00146,越城区,150,108,2025-03-03 07:30:00
HK00001,越城区,138,92,2025-03-03 07:30:00
SF00120,越城区,220,168,2025-03-03 07:30:00
HK00013,越城区,212,1,2025-03-03 07:30:00
SF000901,越城区,500,400,2025-03-03 07:30:00
SF00104,越城区,50,32,2025-03-03 07:30:00
SF00932,越城区,60,45,2025-03-03 07:20:02
SF00933,越城区,37,33,2025-03-03 07:20:02
SF00934,越城区,200,181,2025-03-03 07:20:02
SF00927,越城区,240,211,2025-03-03 07:20:02
SF00931,越城区,75,54,2025-03-03 07:20:02
SF00928,越城区,300,239,2025-03-03 07:20:02
SF00939,越城区,350,318,2025-03-03 07:20:02
SF00935,越城区,110,24,2025-03-03 07:20:02
SF00923,越城区,150,140,2025-03-03 07:20:02
SF00926,越城区,120,85,2025-03-03 07:20:02
SF00925,越城区,50,44,2025-03-03 07:20:02
SF00930,越城区,300,271,2025-03-03 07:20:02
SF00929,越城区,1300,1171,2025-03-03 07:20:02
SF00905,越城区,95,66,2025-03-03 07:20:01
SF00908,越城区,180,54,2025-03-03 07:20:01
SF00912,越城区,85,22,2025-03-03 07:20:01
SF00913,越城区,45,43,2025-03-03 07:20:01
SF00906,越城区,180,165,2025-03-03 07:20:01
SF00904,越城区,180,167,2025-03-03 07:20:01
SF00180,越城区,85,66,2025-03-03 07:20:01
SF00914,越城区,280,254,2025-03-03 07:20:01
SF00909,越城区,100,70,2025-03-03 07:20:01
SF00901,越城区,76,59,2025-03-03 07:20:01
SF00182,越城区,35,19,2025-03-03 07:20:01
SF00911,越城区,20,1,2025-03-03 07:20:01
SF00917,越城区,150,139,2025-03-03 07:20:01
SF00171,越城区,700,635,2025-03-03 07:20:01
SF00918,越城区,140,131,2025-03-03 07:20:01
SF00903,越城区,147,135,2025-03-03 07:20:01
SF00187,越城区,55,34,2025-03-03 07:20:01
SF00915,越城区,286,259,2025-03-03 07:20:01
SF00174,越城区,100,66,2025-03-03 07:20:01
SF00173,越城区,450,168,2025-03-03 07:20:01
SF00907,越城区,400,89,2025-03-03 07:20:01
SF00921,越城区,170,155,2025-03-03 07:20:01
SF00919,越城区,50,48,2025-03-03 07:20:01
SF00916,越城区,90,58,2025-03-03 07:20:01
SF00910,越城区,100,91,2025-03-03 07:20:01
SF00920,越城区,80,33,2025-03-03 07:20:01
SF00902,越城区,110,102,2025-03-03 07:20:01
SF00119,越城区,50,17,2025-03-03 07:20:00
HK00020,越城区,1800,188,2025-03-03 07:20:00
SF00141,越城区,50,50,2025-03-03 07:20:00
SF00159,越城区,230,31,2025-03-03 07:20:00
HK00009,越城区,467,33,2025-03-03 07:20:00
SF00133,越城区,260,227,2025-03-03 07:20:00
SF00118,越城区,100,73,2025-03-03 07:20:00
HK00021,越城区,150,105,2025-03-03 07:20:00
SF00104,越城区,50,36,2025-03-03 07:20:00
SF00121,越城区,1,0,2025-03-03 07:20:00
SF00107,越城区,200,125,2025-03-03 07:20:00
SF00128,越城区,870,613,2025-03-03 07:20:00
SF00151,越城区,70,56,2025-03-03 07:20:00
SF00124,越城区,500,348,2025-03-03 07:20:00
SF00146,越城区,150,108,2025-03-03 07:20:00
HK00013,越城区,212,1,2025-03-03 07:20:00
SF001041,越城区,90,84,2025-03-03 07:20:00
SF000903,越城区,470,424,2025-03-03 07:20:00
SF001211,越城区,180,164,2025-03-03 07:20:00
SF00152,越城区,500,347,2025-03-03 07:20:00
SF000901,越城区,500,402,2025-03-03 07:20:00
SF00120,越城区,220,166,2025-03-03 07:20:00
HK00001,越城区,138,94,2025-03-03 07:20:00
SF000902,越城区,300,273,2025-03-03 07:20:00
HK00010,越城区,170,13,2025-03-03 07:20:00
SF00155,越城区,125,108,2025-03-03 07:20:00
SF00928,越城区,300,244,2025-03-03 07:10:02
SF00935,越城区,110,40,2025-03-03 07:10:02
SF00930,越城区,300,271,2025-03-03 07:10:02
SF00927,越城区,240,214,2025-03-03 07:10:02
SF00931,越城区,75,53,2025-03-03 07:10:02
SF00934,越城区,200,181,2025-03-03 07:10:02
SF00932,越城区,60,44,2025-03-03 07:10:02
SF00939,越城区,350,316,2025-03-03 07:10:02
SF00929,越城区,1300,1171,2025-03-03 07:10:02
SF00933,越城区,37,33,2025-03-03 07:10:02
SF00913,越城区,45,43,2025-03-03 07:10:01
SF00180,越城区,85,70,2025-03-03 07:10:01
SF00903,越城区,147,135,2025-03-03 07:10:01
SF00918,越城区,140,131,2025-03-03 07:10:01
SF00917,越城区,150,139,2025-03-03 07:10:01
SF00902,越城区,110,102,2025-03-03 07:10:01
SF00919,越城区,50,48,2025-03-03 07:10:01
SF00907,越城区,400,104,2025-03-03 07:10:01
SF00926,越城区,120,89,2025-03-03 07:10:01
SF00908,越城区,180,59,2025-03-03 07:10:01
SF00187,越城区,55,43,2025-03-03 07:10:01
SF00901,越城区,76,59,2025-03-03 07:10:01
SF00914,越城区,280,254,2025-03-03 07:10:01
SF00925,越城区,50,44,2025-03-03 07:10:01
SF00923,越城区,150,140,2025-03-03 07:10:01
SF00905,越城区,95,66,2025-03-03 07:10:01
SF00915,越城区,286,258,2025-03-03 07:10:01
SF00912,越城区,85,25,2025-03-03 07:10:01
SF00909,越城区,100,66,2025-03-03 07:10:01
SF00910,越城区,100,91,2025-03-03 07:10:01
SF00182,越城区,35,19,2025-03-03 07:10:01
SF00920,越城区,80,40,2025-03-03 07:10:01
SF00921,越城区,170,155,2025-03-03 07:10:01
SF00911,越城区,20,1,2025-03-03 07:10:01
SF00906,越城区,180,165,2025-03-03 07:10:01
SF00904,越城区,180,166,2025-03-03 07:10:01
SF00174,越城区,100,71,2025-03-03 07:10:01
SF00916,越城区,90,65,2025-03-03 07:10:01
SF00173,越城区,450,160,2025-03-03 07:10:01
SF00151,越城区,70,57,2025-03-03 07:10:00
SF00155,越城区,125,111,2025-03-03 07:10:00
SF00121,越城区,1,0,2025-03-03 07:10:00
SF00120,越城区,220,167,2025-03-03 07:10:00
HK00020,越城区,1800,188,2025-03-03 07:10:00
SF00152,越城区,500,351,2025-03-03 07:10:00
SF00146,越城区,150,108,2025-03-03 07:10:00
SF000903,越城区,470,424,2025-03-03 07:10:00
SF00124,越城区,500,350,2025-03-03 07:10:00
SF001041,越城区,90,84,2025-03-03 07:10:00
SF00107,越城区,200,128,2025-03-03 07:10:00
SF00171,越城区,700,633,2025-03-03 07:10:00
SF00119,越城区,50,10,2025-03-03 07:10:00
HK00009,越城区,467,33,2025-03-03 07:10:00
SF000902,越城区,300,273,2025-03-03 07:10:00
HK00001,越城区,138,101,2025-03-03 07:10:00
SF00141,越城区,50,50,2025-03-03 07:10:00
SF00133,越城区,260,227,2025-03-03 07:10:00
SF001211,越城区,180,164,2025-03-03 07:10:00
SF00128,越城区,870,610,2025-03-03 07:10:00
HK00010,越城区,170,13,2025-03-03 07:10:00
HK00021,越城区,150,105,2025-03-03 07:10:00
SF000901,越城区,500,400,2025-03-03 07:10:00
SF00118,越城区,100,67,2025-03-03 07:10:00
SF00104,越城区,50,32,2025-03-03 07:10:00
SF00159,越城区,230,66,2025-03-03 07:10:00
HK00013,越城区,212,1,2025-03-03 07:10:00
SF00935,越城区,110,57,2025-03-03 07:00:02
SF00939,越城区,350,316,2025-03-03 07:00:02
SF00929,越城区,1300,1171,2025-03-03 07:00:01
SF00927,越城区,240,219,2025-03-03 07:00:01
SF00904,越城区,180,167,2025-03-03 07:00:01
SF00187,越城区,55,42,2025-03-03 07:00:01
SF00918,越城区,140,131,2025-03-03 07:00:01
SF00908,越城区,180,128,2025-03-03 07:00:01
SF00915,越城区,286,258,2025-03-03 07:00:01
SF00905,越城区,95,68,2025-03-03 07:00:01
SF00903,越城区,147,135,2025-03-03 07:00:01
SF00921,越城区,170,155,2025-03-03 07:00:01
SF00907,越城区,400,99,2025-03-03 07:00:01
SF00920,越城区,80,46,2025-03-03 07:00:01
SF00909,越城区,100,69,2025-03-03 07:00:01
SF00914,越城区,280,254,2025-03-03 07:00:01
SF00931,越城区,75,51,2025-03-03 07:00:01
SF00902,越城区,110,102,2025-03-03 07:00:01
SF00925,越城区,50,44,2025-03-03 07:00:01
SF00910,越城区,100,91,2025-03-03 07:00:01
SF00916,越城区,90,63,2025-03-03 07:00:01
SF00912,越城区,85,59,2025-03-03 07:00:01
SF00913,越城区,45,43,2025-03-03 07:00:01
SF00901,越城区,76,60,2025-03-03 07:00:01
SF00928,越城区,300,244,2025-03-03 07:00:01
SF00911,越城区,20,1,2025-03-03 07:00:01
SF00932,越城区,60,42,2025-03-03 07:00:01
SF00923,越城区,150,140,2025-03-03 07:00:01
SF00917,越城区,150,139,2025-03-03 07:00:01
SF00933,越城区,37,33,2025-03-03 07:00:01
SF00930,越城区,300,271,2025-03-03 07:00:01
SF00906,越城区,180,165,2025-03-03 07:00:01
SF00934,越城区,200,181,2025-03-03 07:00:01
SF00919,越城区,50,48,2025-03-03 07:00:01
SF00926,越城区,120,79,2025-03-03 07:00:01
HK00001,越城区,138,98,2025-03-03 07:00:00
SF000903,越城区,470,426,2025-03-03 07:00:00
SF00171,越城区,700,633,2025-03-03 07:00:00
HK00021,越城区,150,105,2025-03-03 07:00:00
HK00020,越城区,1800,188,2025-03-03 07:00:00
SF00104,越城区,50,34,2025-03-03 07:00:00
SF00182,越城区,35,19,2025-03-03 07:00:00
SF00141,越城区,50,50,2025-03-03 07:00:00
SF00146,越城区,150,100,2025-03-03 07:00:00
SF00120,越城区,220,167,2025-03-03 07:00:00
HK00010,越城区,170,13,2025-03-03 07:00:00
SF00173,越城区,450,154,2025-03-03 07:00:00
SF000901,越城区,500,401,2025-03-03 07:00:00
SF000902,越城区,300,273,2025-03-03 07:00:00
SF00119,越城区,50,32,2025-03-03 07:00:00
SF00155,越城区,125,113,2025-03-03 07:00:00
SF00107,越城区,200,129,2025-03-03 07:00:00
SF00133,越城区,260,230,2025-03-03 07:00:00
SF00121,越城区,1,0,2025-03-03 07:00:00
SF00159,越城区,230,82,2025-03-03 07:00:00
SF00128,越城区,870,614,2025-03-03 07:00:00
HK00009,越城区,467,33,2025-03-03 07:00:00
SF00124,越城区,500,354,2025-03-03 07:00:00
SF00174,越城区,100,72,2025-03-03 07:00:00
SF00151,越城区,70,58,2025-03-03 07:00:00
SF001211,越城区,180,164,2025-03-03 07:00:00
SF00118,越城区,100,68,2025-03-03 07:00:00
SF00180,越城区,85,71,2025-03-03 07:00:00
SF001041,越城区,90,84,2025-03-03 07:00:00
HK00013,越城区,212,1,2025-03-03 07:00:00
SF00152,越城区,500,355,2025-03-03 07:00:00
SF00933,越城区,37,33,2025-03-03 06:50:02
SF00939,越城区,350,317,2025-03-03 06:50:02
SF00934,越城区,200,181,2025-03-03 06:50:02
SF00935,越城区,110,75,2025-03-03 06:50:02
SF00931,越城区,75,53,2025-03-03 06:50:01
SF00906,越城区,180,165,2025-03-03 06:50:01
SF00919,越城区,50,48,2025-03-03 06:50:01
SF00909,越城区,100,73,2025-03-03 06:50:01
SF00904,越城区,180,167,2025-03-03 06:50:01
SF00929,越城区,1300,1171,2025-03-03 06:50:01
SF00932,越城区,60,42,2025-03-03 06:50:01
SF00907,越城区,400,94,2025-03-03 06:50:01
SF00912,越城区,85,61,2025-03-03 06:50:01
SF00901,越城区,76,59,2025-03-03 06:50:01
SF00915,越城区,286,259,2025-03-03 06:50:01
SF00918,越城区,140,131,2025-03-03 06:50:01
SF00930,越城区,300,271,2025-03-03 06:50:01
SF00908,越城区,180,128,2025-03-03 06:50:01
SF00927,越城区,240,215,2025-03-03 06:50:01
SF00914,越城区,280,254,2025-03-03 06:50:01
SF00182,越城区,35,19,2025-03-03 06:50:01
SF00911,越城区,20,1,2025-03-03 06:50:01
SF00916,越城区,90,62,2025-03-03 06:50:01
SF00920,越城区,80,48,2025-03-03 06:50:01
SF00903,越城区,147,135,2025-03-03 06:50:01
SF00926,越城区,120,82,2025-03-03 06:50:01
SF00928,越城区,300,246,2025-03-03 06:50:01
SF00925,越城区,50,44,2025-03-03 06:50:01
SF00905,越城区,95,71,2025-03-03 06:50:01
SF00917,越城区,150,139,2025-03-03 06:50:01
SF00923,越城区,150,140,2025-03-03 06:50:01
SF00910,越城区,100,91,2025-03-03 06:50:01
SF00902,越城区,110,102,2025-03-03 06:50:01
SF00187,越城区,55,43,2025-03-03 06:50:01
SF00913,越城区,45,43,2025-03-03 06:50:01
SF00921,越城区,170,155,2025-03-03 06:50:01
SF00180,越城区,85,71,2025-03-03 06:50:00
SF00146,越城区,150,107,2025-03-03 06:50:00
SF00171,越城区,700,633,2025-03-03 06:50:00
HK00009,越城区,467,33,2025-03-03 06:50:00
HK00001,越城区,138,101,2025-03-03 06:50:00
SF00124,越城区,500,349,2025-03-03 06:50:00
SF000902,越城区,300,273,2025-03-03 06:50:00
HK00010,越城区,170,13,2025-03-03 06:50:00
SF001211,越城区,180,164,2025-03-03 06:50:00
HK00013,越城区,212,1,2025-03-03 06:50:00
HK00020,越城区,1800,188,2025-03-03 06:50:00
SF00155,越城区,125,113,2025-03-03 06:50:00
SF00119,越城区,50,34,2025-03-03 06:50:00
SF00104,越城区,50,31,2025-03-03 06:50:00
HK00021,越城区,150,105,2025-03-03 06:50:00
SF00107,越城区,200,129,2025-03-03 06:50:00
SF00152,越城区,500,351,2025-03-03 06:50:00
SF00120,越城区,220,172,2025-03-03 06:50:00
SF00174,越城区,100,72,2025-03-03 06:50:00
SF00173,越城区,450,149,2025-03-03 06:50:00
SF00151,越城区,70,57,2025-03-03 06:50:00
SF00121,越城区,1,0,2025-03-03 06:50:00
SF00141,越城区,50,50,2025-03-03 06:50:00
SF000901,越城区,500,401,2025-03-03 06:50:00
SF001041,越城区,90,84,2025-03-03 06:50:00
SF00128,越城区,870,614,2025-03-03 06:50:00
SF00133,越城区,260,230,2025-03-03 06:50:00
SF00159,越城区,230,85,2025-03-03 06:50:00
SF000903,越城区,470,425,2025-03-03 06:50:00
SF00118,越城区,100,67,2025-03-03 06:50:00
SF00935,越城区,110,89,2025-03-03 06:40:02
SF00934,越城区,200,181,2025-03-03 06:40:02
SF00939,越城区,350,317,2025-03-03 06:40:02
SF00906,越城区,180,165,2025-03-03 06:40:01
SF00187,越城区,55,40,2025-03-03 06:40:01
SF00928,越城区,300,245,2025-03-03 06:40:01
SF00914,越城区,280,254,2025-03-03 06:40:01
SF00915,越城区,286,258,2025-03-03 06:40:01
SF00901,越城区,76,61,2025-03-03 06:40:01
SF00933,越城区,37,33,2025-03-03 06:40:01
SF00919,越城区,50,48,2025-03-03 06:40:01
SF00912,越城区,85,54,2025-03-03 06:40:01
SF00921,越城区,170,155,2025-03-03 06:40:01
SF00916,越城区,90,57,2025-03-03 06:40:01
SF00929,越城区,1300,1171,2025-03-03 06:40:01
SF00932,越城区,60,42,2025-03-03 06:40:01
SF00913,越城区,45,43,2025-03-03 06:40:01
SF00904,越城区,180,167,2025-03-03 06:40:01
SF00910,越城区,100,91,2025-03-03 06:40:01
SF00918,越城区,140,131,2025-03-03 06:40:01
SF00926,越城区,120,88,2025-03-03 06:40:01
SF00923,越城区,150,140,2025-03-03 06:40:01
SF00908,越城区,180,129,2025-03-03 06:40:01
SF00903,越城区,147,135,2025-03-03 06:40:01
SF00902,越城区,110,102,2025-03-03 06:40:01
SF00930,越城区,300,271,2025-03-03 06:40:01
SF00917,越城区,150,139,2025-03-03 06:40:01
SF00925,越城区,50,44,2025-03-03 06:40:01
SF00907,越城区,400,102,2025-03-03 06:40:01
SF00905,越城区,95,63,2025-03-03 06:40:01
SF00909,越城区,100,75,2025-03-03 06:40:01
SF00927,越城区,240,219,2025-03-03 06:40:01
SF00911,越城区,20,1,2025-03-03 06:40:01
SF00920,越城区,80,48,2025-03-03 06:40:01
SF00931,越城区,75,47,2025-03-03 06:40:01
SF00182,越城区,35,19,2025-03-03 06:40:00
SF00173,越城区,450,146,2025-03-03 06:40:00
HK00021,越城区,150,105,2025-03-03 06:40:00
SF00120,越城区,220,172,2025-03-03 06:40:00
SF001041,越城区,90,84,2025-03-03 06:40:00
SF000903,越城区,470,425,2025-03-03 06:40:00
HK00001,越城区,138,99,2025-03-03 06:40:00
HK00013,越城区,212,1,2025-03-03 06:40:00
HK00010,越城区,170,13,2025-03-03 06:40:00
SF00141,越城区,50,50,2025-03-03 06:40:00
SF00180,越城区,85,72,2025-03-03 06:40:00
SF000901,越城区,500,402,2025-03-03 06:40:00
SF00155,越城区,125,114,2025-03-03 06:40:00
SF00124,越城区,500,348,2025-03-03 06:40:00
SF00159,越城区,230,93,2025-03-03 06:40:00
SF00146,越城区,150,110,2025-03-03 06:40:00
SF00171,越城区,700,633,2025-03-03 06:40:00
HK00009,越城区,467,33,2025-03-03 06:40:00
HK00020,越城区,1800,188,2025-03-03 06:40:00
SF000902,越城区,300,274,2025-03-03 06:40:00
SF00121,越城区,1,0,2025-03-03 06:40:00
SF00107,越城区,200,128,2025-03-03 06:40:00
SF00119,越城区,50,36,2025-03-03 06:40:00
SF00152,越城区,500,345,2025-03-03 06:40:00
SF00133,越城区,260,230,2025-03-03 06:40:00
SF00104,越城区,50,37,2025-03-03 06:40:00
SF00128,越城区,870,606,2025-03-03 06:40:00
SF00174,越城区,100,74,2025-03-03 06:40:00
SF00151,越城区,70,56,2025-03-03 06:40:00
SF001211,越城区,180,164,2025-03-03 06:40:00
SF00118,越城区,100,65,2025-03-03 06:40:00
SF00939,越城区,350,317,2025-03-03 06:30:02
SF00935,越城区,110,93,2025-03-03 06:30:02
SF00921,越城区,170,155,2025-03-03 06:30:01
SF00934,越城区,200,181,2025-03-03 06:30:01
SF00931,越城区,75,56,2025-03-03 06:30:01
SF00932,越城区,60,42,2025-03-03 06:30:01
SF00923,越城区,150,140,2025-03-03 06:30:01
SF00906,越城区,180,165,2025-03-03 06:30:01
SF00920,越城区,80,48,2025-03-03 06:30:01
SF00919,越城区,50,48,2025-03-03 06:30:01
SF00911,越城区,20,1,2025-03-03 06:30:01
SF00927,越城区,240,219,2025-03-03 06:30:01
SF00901,越城区,76,61,2025-03-03 06:30:01
SF00909,越城区,100,73,2025-03-03 06:30:01
SF00929,越城区,1300,1171,2025-03-03 06:30:01
SF00907,越城区,400,98,2025-03-03 06:30:01
SF00910,越城区,100,91,2025-03-03 06:30:01
SF00908,越城区,180,127,2025-03-03 06:30:01
SF00902,越城区,110,102,2025-03-03 06:30:01
SF00933,越城区,37,33,2025-03-03 06:30:01
SF00904,越城区,180,167,2025-03-03 06:30:01
SF00905,越城区,95,63,2025-03-03 06:30:01
SF00187,越城区,55,34,2025-03-03 06:30:01
SF00917,越城区,150,139,2025-03-03 06:30:01
SF00930,越城区,300,271,2025-03-03 06:30:01
SF00918,越城区,140,131,2025-03-03 06:30:01
SF00928,越城区,300,245,2025-03-03 06:30:01
SF00915,越城区,286,262,2025-03-03 06:30:01
SF00926,越城区,120,83,2025-03-03 06:30:01
SF00903,越城区,147,135,2025-03-03 06:30:01
SF00925,越城区,50,44,2025-03-03 06:30:01
SF00914,越城区,280,254,2025-03-03 06:30:01
SF00912,越城区,85,64,2025-03-03 06:30:01
SF00913,越城区,45,43,2025-03-03 06:30:01
SF00916,越城区,90,58,2025-03-03 06:30:01
HK00013,越城区,212,1,2025-03-03 06:30:00
SF00146,越城区,150,102,2025-03-03 06:30:00
SF00141,越城区,50,50,2025-03-03 06:30:00
SF00124,越城区,500,354,2025-03-03 06:30:00
SF00151,越城区,70,56,2025-03-03 06:30:00
SF00173,越城区,450,139,2025-03-03 06:30:00
SF00119,越城区,50,36,2025-03-03 06:30:00
HK00001,越城区,138,101,2025-03-03 06:30:00
HK00009,越城区,467,33,2025-03-03 06:30:00
SF000903,越城区,470,425,2025-03-03 06:30:00
HK00021,越城区,150,105,2025-03-03 06:30:00
SF00121,越城区,1,0,2025-03-03 06:30:00
SF000901,越城区,500,400,2025-03-03 06:30:00
SF00152,越城区,500,350,2025-03-03 06:30:00
SF00174,越城区,100,74,2025-03-03 06:30:00
HK00010,越城区,170,13,2025-03-03 06:30:00
SF00118,越城区,100,69,2025-03-03 06:30:00
SF001211,越城区,180,164,2025-03-03 06:30:00
SF00133,越城区,260,230,2025-03-03 06:30:00
SF00155,越城区,125,114,2025-03-03 06:30:00
SF00159,越城区,230,96,2025-03-03 06:30:00
SF00120,越城区,220,172,2025-03-03 06:30:00
SF00182,越城区,35,19,2025-03-03 06:30:00
SF000902,越城区,300,274,2025-03-03 06:30:00
SF001041,越城区,90,84,2025-03-03 06:30:00
SF00171,越城区,700,633,2025-03-03 06:30:00
SF00104,越城区,50,33,2025-03-03 06:30:00
SF00107,越城区,200,129,2025-03-03 06:30:00
HK00020,越城区,1800,188,2025-03-03 06:30:00
SF00180,越城区,85,72,2025-03-03 06:30:00
SF00128,越城区,870,610,2025-03-03 06:30:00
SF00934,越城区,200,181,2025-03-03 06:20:02
SF00939,越城区,350,317,2025-03-03 06:20:02
SF00935,越城区,110,92,2025-03-03 06:20:02
SF00909,越城区,100,65,2025-03-03 06:20:01
SF00915,越城区,286,258,2025-03-03 06:20:01
SF00932,越城区,60,42,2025-03-03 06:20:01
SF00917,越城区,150,139,2025-03-03 06:20:01
SF00931,越城区,75,48,2025-03-03 06:20:01
SF00910,越城区,100,91,2025-03-03 06:20:01
SF00925,越城区,50,44,2025-03-03 06:20:01
SF00916,越城区,90,62,2025-03-03 06:20:01
SF00908,越城区,180,120,2025-03-03 06:20:01
SF00912,越城区,85,58,2025-03-03 06:20:01
SF00923,越城区,150,140,2025-03-03 06:20:01
SF00928,越城区,300,246,2025-03-03 06:20:01
SF00927,越城区,240,217,2025-03-03 06:20:01
SF00926,越城区,120,83,2025-03-03 06:20:01
SF00913,越城区,45,43,2025-03-03 06:20:01
SF00921,越城区,170,155,2025-03-03 06:20:01
SF00901,越城区,76,60,2025-03-03 06:20:01
SF00903,越城区,147,135,2025-03-03 06:20:01
SF00906,越城区,180,165,2025-03-03 06:20:01
SF00919,越城区,50,48,2025-03-03 06:20:01
SF00918,越城区,140,131,2025-03-03 06:20:01
SF00911,越城区,20,1,2025-03-03 06:20:01
SF00920,越城区,80,49,2025-03-03 06:20:01
SF00904,越城区,180,167,2025-03-03 06:20:01
SF00933,越城区,37,33,2025-03-03 06:20:01
SF00907,越城区,400,103,2025-03-03 06:20:01
SF00930,越城区,300,271,2025-03-03 06:20:01
SF00929,越城区,1300,1171,2025-03-03 06:20:01
SF00187,越城区,55,36,2025-03-03 06:20:01
SF00902,越城区,110,102,2025-03-03 06:20:01
SF00905,越城区,95,67,2025-03-03 06:20:01
SF00914,越城区,280,254,2025-03-03 06:20:01
SF00180,越城区,85,72,2025-03-03 06:20:00
SF00121,越城区,1,0,2025-03-03 06:20:00
SF00159,越城区,230,99,2025-03-03 06:20:00
SF000901,越城区,500,400,2025-03-03 06:20:00
HK00010,越城区,170,13,2025-03-03 06:20:00
HK00009,越城区,467,33,2025-03-03 06:20:00
SF00133,越城区,260,230,2025-03-03 06:20:00
SF00182,越城区,35,19,2025-03-03 06:20:00
HK00021,越城区,150,105,2025-03-03 06:20:00
SF00118,越城区,100,69,2025-03-03 06:20:00
SF001041,越城区,90,84,2025-03-03 06:20:00
SF00128,越城区,870,611,2025-03-03 06:20:00
SF00104,越城区,50,32,2025-03-03 06:20:00
SF00155,越城区,125,116,2025-03-03 06:20:00
SF000902,越城区,300,271,2025-03-03 06:20:00
SF00151,越城区,70,56,2025-03-03 06:20:00
SF00152,越城区,500,346,2025-03-03 06:20:00
SF00141,越城区,50,50,2025-03-03 06:20:00
SF001211,越城区,180,164,2025-03-03 06:20:00
SF00174,越城区,100,75,2025-03-03 06:20:00
SF00171,越城区,700,633,2025-03-03 06:20:00
SF00173,越城区,450,137,2025-03-03 06:20:00
SF00124,越城区,500,348,2025-03-03 06:20:00
HK00020,越城区,1800,188,2025-03-03 06:20:00
SF00107,越城区,200,129,2025-03-03 06:20:00
SF00120,越城区,220,172,2025-03-03 06:20:00
SF000903,越城区,470,427,2025-03-03 06:20:00
SF00146,越城区,150,102,2025-03-03 06:20:00
SF00119,越城区,50,38,2025-03-03 06:20:00
HK00013,越城区,212,1,2025-03-03 06:20:00
HK00001,越城区,138,93,2025-03-03 06:20:00
SF00939,越城区,350,317,2025-03-03 06:10:02
SF00933,越城区,37,33,2025-03-03 06:10:02
SF00932,越城区,60,42,2025-03-03 06:10:02
SF00935,越城区,110,92,2025-03-03 06:10:02
SF00934,越城区,200,181,2025-03-03 06:10:02
SF00911,越城区,20,1,2025-03-03 06:10:01
SF00919,越城区,50,48,2025-03-03 06:10:01
SF00913,越城区,45,43,2025-03-03 06:10:01
SF00912,越城区,85,60,2025-03-03 06:10:01
SF00917,越城区,150,139,2025-03-03 06:10:01
SF00921,越城区,170,155,2025-03-03 06:10:01
SF00901,越城区,76,60,2025-03-03 06:10:01
SF00909,越城区,100,73,2025-03-03 06:10:01
SF00920,越城区,80,49,2025-03-03 06:10:01
SF00908,越城区,180,121,2025-03-03 06:10:01
SF00929,越城区,1300,1171,2025-03-03 06:10:01
SF00903,越城区,147,135,2025-03-03 06:10:01
SF00915,越城区,286,262,2025-03-03 06:10:01
SF00914,越城区,280,254,2025-03-03 06:10:01
SF00926,越城区,120,88,2025-03-03 06:10:01
SF00925,越城区,50,44,2025-03-03 06:10:01
SF00927,越城区,240,218,2025-03-03 06:10:01
SF00923,越城区,150,140,2025-03-03 06:10:01
SF00916,越城区,90,61,2025-03-03 06:10:01
SF00187,越城区,55,36,2025-03-03 06:10:01
SF00180,越城区,85,72,2025-03-03 06:10:01
SF00904,越城区,180,167,2025-03-03 06:10:01
SF00928,越城区,300,246,2025-03-03 06:10:01
SF00931,越城区,75,47,2025-03-03 06:10:01
SF00182,越城区,35,18,2025-03-03 06:10:01
SF00902,越城区,110,102,2025-03-03 06:10:01
SF00918,越城区,140,131,2025-03-03 06:10:01
SF00910,越城区,100,91,2025-03-03 06:10:01
SF00907,越城区,400,107,2025-03-03 06:10:01
SF00905,越城区,95,66,2025-03-03 06:10:01
SF00930,越城区,300,271,2025-03-03 06:10:01
SF00906,越城区,180,165,2025-03-03 06:10:01
HK00010,越城区,170,13,2025-03-03 06:10:00
SF001041,越城区,90,84,2025-03-03 06:10:00
HK00013,越城区,212,1,2025-03-03 06:10:00
SF00152,越城区,500,349,2025-03-03 06:10:00
HK00001,越城区,138,94,2025-03-03 06:10:00
SF00155,越城区,125,116,2025-03-03 06:10:00
SF00133,越城区,260,230,2025-03-03 06:10:00
SF001211,越城区,180,164,2025-03-03 06:10:00
SF00151,越城区,70,56,2025-03-03 06:10:00
SF00141,越城区,50,50,2025-03-03 06:10:00
HK00021,越城区,150,105,2025-03-03 06:10:00
SF00128,越城区,870,613,2025-03-03 06:10:00
SF00119,越城区,50,33,2025-03-03 06:10:00
SF00121,越城区,1,0,2025-03-03 06:10:00
SF00171,越城区,700,633,2025-03-03 06:10:00
SF000903,越城区,470,427,2025-03-03 06:10:00
SF00159,越城区,230,99,2025-03-03 06:10:00
SF00173,越城区,450,134,2025-03-03 06:10:00
SF00174,越城区,100,75,2025-03-03 06:10:00
SF000901,越城区,500,400,2025-03-03 06:10:00
SF000902,越城区,300,271,2025-03-03 06:10:00
SF00107,越城区,200,129,2025-03-03 06:10:00
HK00009,越城区,467,33,2025-03-03 06:10:00
SF00146,越城区,150,106,2025-03-03 06:10:00
SF00118,越城区,100,69,2025-03-03 06:10:00
SF00120,越城区,220,173,2025-03-03 06:10:00
SF00124,越城区,500,347,2025-03-03 06:10:00
HK00020,越城区,1800,188,2025-03-03 06:10:00
SF00104,越城区,50,38,2025-03-03 06:10:00
SF00935,越城区,110,92,2025-03-03 06:00:02
SF00933,越城区,37,33,2025-03-03 06:00:02
SF00934,越城区,200,181,2025-03-03 06:00:02
SF00932,越城区,60,42,2025-03-03 06:00:02
SF00939,越城区,350,317,2025-03-03 06:00:02
SF00921,越城区,170,155,2025-03-03 06:00:01
SF00925,越城区,50,44,2025-03-03 06:00:01
SF00909,越城区,100,81,2025-03-03 06:00:01
SF00910,越城区,100,91,2025-03-03 06:00:01
SF00901,越城区,76,60,2025-03-03 06:00:01
SF00923,越城区,150,140,2025-03-03 06:00:01
SF00920,越城区,80,47,2025-03-03 06:00:01
SF00928,越城区,300,245,2025-03-03 06:00:01
SF00926,越城区,120,98,2025-03-03 06:00:01
SF00908,越城区,180,142,2025-03-03 06:00:01
SF00907,越城区,400,110,2025-03-03 06:00:01
SF00916,越城区,90,70,2025-03-03 06:00:01
SF00912,越城区,85,67,2025-03-03 06:00:01
SF00918,越城区,140,131,2025-03-03 06:00:01
SF00913,越城区,45,43,2025-03-03 06:00:01
SF00927,越城区,240,220,2025-03-03 06:00:01
SF00905,越城区,95,76,2025-03-03 06:00:01
SF00919,越城区,50,48,2025-03-03 06:00:01
SF00931,越城区,75,61,2025-03-03 06:00:01
SF00903,越城区,147,135,2025-03-03 06:00:01
SF00914,越城区,280,254,2025-03-03 06:00:01
SF00915,越城区,286,261,2025-03-03 06:00:01
SF00906,越城区,180,165,2025-03-03 06:00:01
SF00917,越城区,150,139,2025-03-03 06:00:01
SF00904,越城区,180,167,2025-03-03 06:00:01
SF00182,越城区,35,19,2025-03-03 06:00:01
SF00187,越城区,55,46,2025-03-03 06:00:01
SF00902,越城区,110,102,2025-03-03 06:00:01
SF00930,越城区,300,271,2025-03-03 06:00:01
SF00929,越城区,1300,1171,2025-03-03 06:00:01
SF00911,越城区,20,1,2025-03-03 06:00:01
SF00120,越城区,220,173,2025-03-03 06:00:00
SF00174,越城区,100,75,2025-03-03 06:00:00
SF00180,越城区,85,72,2025-03-03 06:00:00
SF00155,越城区,125,116,2025-03-03 06:00:00
HK00021,越城区,150,105,2025-03-03 06:00:00
SF00104,越城区,50,39,2025-03-03 06:00:00
SF000903,越城区,470,427,2025-03-03 06:00:00
SF001041,越城区,90,84,2025-03-03 06:00:00
SF00152,越城区,500,399,2025-03-03 06:00:00
SF00124,越城区,500,400,2025-03-03 06:00:00
SF00173,越城区,450,131,2025-03-03 06:00:00
SF00159,越城区,230,99,2025-03-03 06:00:00
SF00141,越城区,50,50,2025-03-03 06:00:00
SF001211,越城区,180,164,2025-03-03 06:00:00
HK00010,越城区,170,13,2025-03-03 06:00:00
SF00119,越城区,50,37,2025-03-03 06:00:00
HK00013,越城区,212,1,2025-03-03 06:00:00
HK00001,越城区,138,112,2025-03-03 06:00:00
SF00118,越城区,100,78,2025-03-03 06:00:00
SF00171,越城区,700,631,2025-03-03 06:00:00
SF00121,越城区,1,0,2025-03-03 06:00:00
SF000901,越城区,500,399,2025-03-03 06:00:00
SF00128,越城区,870,698,2025-03-03 06:00:00
SF00133,越城区,260,229,2025-03-03 06:00:00
SF00107,越城区,200,127,2025-03-03 06:00:00
HK00020,越城区,1800,188,2025-03-03 06:00:00
SF000902,越城区,300,271,2025-03-03 06:00:00
SF00151,越城区,70,56,2025-03-03 06:00:00
SF00146,越城区,150,119,2025-03-03 06:00:00
HK00009,越城区,467,33,2025-03-03 06:00:00
SF00927,越城区,240,220,2025-03-03 05:50:01
SF00910,越城区,100,91,2025-03-03 05:50:01
SF00902,越城区,110,102,2025-03-03 05:50:01
SF00913,越城区,45,43,2025-03-03 05:50:01
SF00916,越城区,90,72,2025-03-03 05:50:01
SF00928,越城区,300,245,2025-03-03 05:50:01
SF00912,越城区,85,67,2025-03-03 05:50:01
SF00911,越城区,20,1,2025-03-03 05:50:01
SF00923,越城区,150,140,2025-03-03 05:50:01
SF00934,越城区,200,181,2025-03-03 05:50:01
SF00909,越城区,100,80,2025-03-03 05:50:01
SF00915,越城区,286,262,2025-03-03 05:50:01
SF00907,越城区,400,109,2025-03-03 05:50:01
SF00905,越城区,95,78,2025-03-03 05:50:01
SF00919,越城区,50,48,2025-03-03 05:50:01
SF00921,越城区,170,155,2025-03-03 05:50:01
SF00926,越城区,120,97,2025-03-03 05:50:01
SF00917,越城区,150,139,2025-03-03 05:50:01
SF00906,越城区,180,165,2025-03-03 05:50:01
SF00914,越城区,280,254,2025-03-03 05:50:01
SF00904,越城区,180,167,2025-03-03 05:50:01
SF00935,越城区,110,92,2025-03-03 05:50:01
SF00908,越城区,180,145,2025-03-03 05:50:01
SF00933,越城区,37,33,2025-03-03 05:50:01
SF00903,越城区,147,135,2025-03-03 05:50:01
SF00930,越城区,300,271,2025-03-03 05:50:01
SF00932,越城区,60,42,2025-03-03 05:50:01
SF00929,越城区,1300,1171,2025-03-03 05:50:01
SF00920,越城区,80,48,2025-03-03 05:50:01
SF00918,越城区,140,131,2025-03-03 05:50:01
SF00925,越城区,50,44,2025-03-03 05:50:01
SF00939,越城区,350,320,2025-03-03 05:50:01
SF00931,越城区,75,61,2025-03-03 05:50:01
SF001211,越城区,180,164,2025-03-03 05:50:00
SF00133,越城区,260,230,2025-03-03 05:50:00
SF00155,越城区,125,116,2025-03-03 05:50:00
SF00128,越城区,870,698,2025-03-03 05:50:00
SF00182,越城区,35,19,2025-03-03 05:50:00
SF00151,越城区,70,56,2025-03-03 05:50:00
SF000903,越城区,470,427,2025-03-03 05:50:00
SF00159,越城区,230,99,2025-03-03 05:50:00
HK00020,越城区,1800,188,2025-03-03 05:50:00
SF00104,越城区,50,39,2025-03-03 05:50:00
SF00120,越城区,220,173,2025-03-03 05:50:00
HK00013,越城区,212,1,2025-03-03 05:50:00
SF00174,越城区,100,75,2025-03-03 05:50:00
SF00146,越城区,150,122,2025-03-03 05:50:00
SF00124,越城区,500,401,2025-03-03 05:50:00
SF001041,越城区,90,84,2025-03-03 05:50:00
SF00187,越城区,55,46,2025-03-03 05:50:00
HK00009,越城区,467,33,2025-03-03 05:50:00
SF00107,越城区,200,127,2025-03-03 05:50:00
SF00171,越城区,700,631,2025-03-03 05:50:00
HK00001,越城区,138,109,2025-03-03 05:50:00
SF00152,越城区,500,401,2025-03-03 05:50:00
SF00180,越城区,85,72,2025-03-03 05:50:00
SF00141,越城区,50,50,2025-03-03 05:50:00
SF000902,越城区,300,275,2025-03-03 05:50:00
HK00021,越城区,150,105,2025-03-03 05:50:00
SF00119,越城区,50,41,2025-03-03 05:50:00
SF00121,越城区,1,0,2025-03-03 05:50:00
SF00173,越城区,450,130,2025-03-03 05:50:00
SF000901,越城区,500,400,2025-03-03 05:50:00
HK00010,越城区,170,13,2025-03-03 05:50:00
SF00118,越城区,100,81,2025-03-03 05:50:00
SF00901,越城区,76,60,2025-03-03 05:50:00
SF00931,越城区,75,61,2025-03-03 05:40:01
SF00911,越城区,20,1,2025-03-03 05:40:01
SF00904,越城区,180,167,2025-03-03 05:40:01
SF00910,越城区,100,91,2025-03-03 05:40:01
SF00932,越城区,60,42,2025-03-03 05:40:01
SF00919,越城区,50,48,2025-03-03 05:40:01
SF00920,越城区,80,50,2025-03-03 05:40:01
SF00926,越城区,120,95,2025-03-03 05:40:01
SF00903,越城区,147,135,2025-03-03 05:40:01
SF00923,越城区,150,140,2025-03-03 05:40:01
SF00930,越城区,300,271,2025-03-03 05:40:01
SF00918,越城区,140,131,2025-03-03 05:40:01
SF00913,越城区,45,43,2025-03-03 05:40:01
SF00925,越城区,50,44,2025-03-03 05:40:01
SF00909,越城区,100,80,2025-03-03 05:40:01
SF00928,越城区,300,245,2025-03-03 05:40:01
SF00935,越城区,110,92,2025-03-03 05:40:01
SF00906,越城区,180,165,2025-03-03 05:40:01
SF00933,越城区,37,33,2025-03-03 05:40:01
SF00921,越城区,170,155,2025-03-03 05:40:01
SF00916,越城区,90,72,2025-03-03 05:40:01
SF00929,越城区,1300,1171,2025-03-03 05:40:01
SF00939,越城区,350,320,2025-03-03 05:40:01
SF00914,越城区,280,254,2025-03-03 05:40:01
SF00934,越城区,200,181,2025-03-03 05:40:01
SF00907,越城区,400,111,2025-03-03 05:40:01
SF00905,越城区,95,78,2025-03-03 05:40:01
SF00908,越城区,180,141,2025-03-03 05:40:01
SF00927,越城区,240,218,2025-03-03 05:40:01
SF00912,越城区,85,71,2025-03-03 05:40:01
SF00915,越城区,286,258,2025-03-03 05:40:01
SF00917,越城区,150,139,2025-03-03 05:40:01
SF00128,越城区,870,694,2025-03-03 05:40:00
HK00013,越城区,212,1,2025-03-03 05:40:00
HK00021,越城区,150,105,2025-03-03 05:40:00
SF00121,越城区,1,0,2025-03-03 05:40:00
SF00902,越城区,110,102,2025-03-03 05:40:00
HK00001,越城区,138,112,2025-03-03 05:40:00
SF00174,越城区,100,75,2025-03-03 05:40:00
SF00187,越城区,55,43,2025-03-03 05:40:00
SF00152,越城区,500,402,2025-03-03 05:40:00
HK00009,越城区,467,33,2025-03-03 05:40:00
SF00151,越城区,70,56,2025-03-03 05:40:00
SF000903,越城区,470,427,2025-03-03 05:40:00
SF000901,越城区,500,399,2025-03-03 05:40:00
SF00119,越城区,50,37,2025-03-03 05:40:00
SF000902,越城区,300,275,2025-03-03 05:40:00
SF00182,越城区,35,19,2025-03-03 05:40:00
SF00171,越城区,700,631,2025-03-03 05:40:00
SF00901,越城区,76,60,2025-03-03 05:40:00
SF00180,越城区,85,71,2025-03-03 05:40:00
HK00010,越城区,170,13,2025-03-03 05:40:00
SF00118,越城区,100,78,2025-03-03 05:40:00
SF00146,越城区,150,122,2025-03-03 05:40:00
SF00124,越城区,500,398,2025-03-03 05:40:00
SF00141,越城区,50,50,2025-03-03 05:40:00
SF00159,越城区,230,98,2025-03-03 05:40:00
SF00107,越城区,200,127,2025-03-03 05:40:00
SF00104,越城区,50,39,2025-03-03 05:40:00
HK00020,越城区,1800,188,2025-03-03 05:40:00
SF00133,越城区,260,229,2025-03-03 05:40:00
SF001041,越城区,90,84,2025-03-03 05:40:00
SF00120,越城区,220,173,2025-03-03 05:40:00
SF00173,越城区,450,127,2025-03-03 05:40:00
SF00155,越城区,125,116,2025-03-03 05:40:00
SF001211,越城区,180,164,2025-03-03 05:40:00
SF00932,越城区,60,42,2025-03-03 05:30:02
SF00929,越城区,1300,1171,2025-03-03 05:30:02
SF00934,越城区,200,181,2025-03-03 05:30:02
SF00928,越城区,300,245,2025-03-03 05:30:02
SF00933,越城区,37,33,2025-03-03 05:30:02
SF00930,越城区,300,271,2025-03-03 05:30:02
SF00931,越城区,75,58,2025-03-03 05:30:02
SF00927,越城区,240,218,2025-03-03 05:30:02
SF00935,越城区,110,92,2025-03-03 05:30:02
SF00939,越城区,350,320,2025-03-03 05:30:02
SF00903,越城区,147,135,2025-03-03 05:30:01
SF00908,越城区,180,147,2025-03-03 05:30:01
SF00906,越城区,180,165,2025-03-03 05:30:01
SF00916,越城区,90,74,2025-03-03 05:30:01
SF00905,越城区,95,78,2025-03-03 05:30:01
SF00174,越城区,100,75,2025-03-03 05:30:01
SF00907,越城区,400,111,2025-03-03 05:30:01
SF00919,越城区,50,48,2025-03-03 05:30:01
SF00915,越城区,286,259,2025-03-03 05:30:01
SF00187,越城区,55,46,2025-03-03 05:30:01
SF00910,越城区,100,91,2025-03-03 05:30:01
SF00902,越城区,110,102,2025-03-03 05:30:01
SF00918,越城区,140,131,2025-03-03 05:30:01
SF00926,越城区,120,98,2025-03-03 05:30:01
SF00904,越城区,180,167,2025-03-03 05:30:01
SF00912,越城区,85,66,2025-03-03 05:30:01
SF00182,越城区,35,18,2025-03-03 05:30:01
SF00925,越城区,50,44,2025-03-03 05:30:01
SF00917,越城区,150,139,2025-03-03 05:30:01
SF00921,越城区,170,155,2025-03-03 05:30:01
SF00180,越城区,85,71,2025-03-03 05:30:01
SF00909,越城区,100,81,2025-03-03 05:30:01
SF00923,越城区,150,140,2025-03-03 05:30:01
SF00914,越城区,280,254,2025-03-03 05:30:01
SF00173,越城区,450,128,2025-03-03 05:30:01
SF00911,越城区,20,1,2025-03-03 05:30:01
SF00913,越城区,45,43,2025-03-03 05:30:01
SF00920,越城区,80,50,2025-03-03 05:30:01
SF00901,越城区,76,60,2025-03-03 05:30:01
SF00141,越城区,50,50,2025-03-03 05:30:00
SF00104,越城区,50,39,2025-03-03 05:30:00
SF00121,越城区,1,0,2025-03-03 05:30:00
HK00013,越城区,212,1,2025-03-03 05:30:00
SF00119,越城区,50,41,2025-03-03 05:30:00
SF001041,越城区,90,84,2025-03-03 05:30:00
SF001211,越城区,180,164,2025-03-03 05:30:00
SF000903,越城区,470,427,2025-03-03 05:30:00
SF00124,越城区,500,402,2025-03-03 05:30:00
SF000902,越城区,300,275,2025-03-03 05:30:00
SF00152,越城区,500,399,2025-03-03 05:30:00
SF00133,越城区,260,229,2025-03-03 05:30:00
SF00118,越城区,100,80,2025-03-03 05:30:00
SF00171,越城区,700,631,2025-03-03 05:30:00
SF00107,越城区,200,126,2025-03-03 05:30:00
SF00151,越城区,70,56,2025-03-03 05:30:00
SF00128,越城区,870,697,2025-03-03 05:30:00
SF000901,越城区,500,400,2025-03-03 05:30:00
HK00021,越城区,150,105,2025-03-03 05:30:00
SF00155,越城区,125,116,2025-03-03 05:30:00
SF00120,越城区,220,173,2025-03-03 05:30:00
HK00009,越城区,467,33,2025-03-03 05:30:00
HK00010,越城区,170,13,2025-03-03 05:30:00
HK00001,越城区,138,112,2025-03-03 05:30:00
HK00020,越城区,1800,188,2025-03-03 05:30:00
SF00146,越城区,150,120,2025-03-03 05:30:00
SF00159,越城区,230,98,2025-03-03 05:30:00
SF00935,越城区,110,92,2025-03-03 05:20:02
SF00934,越城区,200,181,2025-03-03 05:20:02
SF00932,越城区,60,42,2025-03-03 05:20:02
SF00939,越城区,350,320,2025-03-03 05:20:02
SF00931,越城区,75,61,2025-03-03 05:20:02
SF00933,越城区,37,33,2025-03-03 05:20:02
SF00918,越城区,140,131,2025-03-03 05:20:01
SF00910,越城区,100,91,2025-03-03 05:20:01
SF00180,越城区,85,71,2025-03-03 05:20:01
SF00904,越城区,180,167,2025-03-03 05:20:01
SF00905,越城区,95,74,2025-03-03 05:20:01
SF00902,越城区,110,102,2025-03-03 05:20:01
SF00923,越城区,150,140,2025-03-03 05:20:01
SF00925,越城区,50,44,2025-03-03 05:20:01
SF00187,越城区,55,45,2025-03-03 05:20:01
SF00911,越城区,20,1,2025-03-03 05:20:01
SF00927,越城区,240,218,2025-03-03 05:20:01
SF00920,越城区,80,50,2025-03-03 05:20:01
SF00907,越城区,400,112,2025-03-03 05:20:01
SF00915,越城区,286,262,2025-03-03 05:20:01
SF00912,越城区,85,65,2025-03-03 05:20:01
SF00182,越城区,35,19,2025-03-03 05:20:01
SF00916,越城区,90,70,2025-03-03 05:20:01
SF00919,越城区,50,48,2025-03-03 05:20:01
SF00929,越城区,1300,1171,2025-03-03 05:20:01
SF00903,越城区,147,135,2025-03-03 05:20:01
SF00928,越城区,300,245,2025-03-03 05:20:01
SF00921,越城区,170,155,2025-03-03 05:20:01
SF00909,越城区,100,82,2025-03-03 05:20:01
SF00913,越城区,45,43,2025-03-03 05:20:01
SF00908,越城区,180,144,2025-03-03 05:20:01
SF00906,越城区,180,165,2025-03-03 05:20:01
SF00914,越城区,280,254,2025-03-03 05:20:01
SF00917,越城区,150,139,2025-03-03 05:20:01
SF00930,越城区,300,271,2025-03-03 05:20:01
SF00926,越城区,120,97,2025-03-03 05:20:01
SF00901,越城区,76,60,2025-03-03 05:20:01
SF00141,越城区,50,50,2025-03-03 05:20:00
SF001041,越城区,90,84,2025-03-03 05:20:00
SF00118,越城区,100,80,2025-03-03 05:20:00
SF00159,越城区,230,99,2025-03-03 05:20:00
SF00171,越城区,700,631,2025-03-03 05:20:00
HK00001,越城区,138,112,2025-03-03 05:20:00
SF00104,越城区,50,41,2025-03-03 05:20:00
SF00155,越城区,125,116,2025-03-03 05:20:00
HK00013,越城区,212,1,2025-03-03 05:20:00
SF00173,越城区,450,127,2025-03-03 05:20:00
SF000903,越城区,470,427,2025-03-03 05:20:00
HK00009,越城区,467,33,2025-03-03 05:20:00
SF00146,越城区,150,119,2025-03-03 05:20:00
SF00124,越城区,500,398,2025-03-03 05:20:00
SF00121,越城区,1,0,2025-03-03 05:20:00
SF00174,越城区,100,75,2025-03-03 05:20:00
SF00133,越城区,260,229,2025-03-03 05:20:00
SF001211,越城区,180,164,2025-03-03 05:20:00
HK00020,越城区,1800,188,2025-03-03 05:20:00
HK00010,越城区,170,13,2025-03-03 05:20:00
SF000902,越城区,300,275,2025-03-03 05:20:00
SF00151,越城区,70,56,2025-03-03 05:20:00
SF00120,越城区,220,173,2025-03-03 05:20:00
SF00119,越城区,50,39,2025-03-03 05:20:00
SF00152,越城区,500,402,2025-03-03 05:20:00
SF00107,越城区,200,127,2025-03-03 05:20:00
SF000901,越城区,500,401,2025-03-03 05:20:00
HK00021,越城区,150,105,2025-03-03 05:20:00
SF00128,越城区,870,696,2025-03-03 05:20:00
SF00927,越城区,240,218,2025-03-03 05:10:02
SF00934,越城区,200,181,2025-03-03 05:10:02
SF00928,越城区,300,245,2025-03-03 05:10:02
SF00931,越城区,75,61,2025-03-03 05:10:02
SF00926,越城区,120,98,2025-03-03 05:10:02
SF00929,越城区,1300,1171,2025-03-03 05:10:02
SF00935,越城区,110,92,2025-03-03 05:10:02
SF00939,越城区,350,320,2025-03-03 05:10:02
SF00933,越城区,37,33,2025-03-03 05:10:02
SF00930,越城区,300,271,2025-03-03 05:10:02
SF00932,越城区,60,42,2025-03-03 05:10:02
SF00907,越城区,400,116,2025-03-03 05:10:01
SF00187,越城区,55,45,2025-03-03 05:10:01
SF00921,越城区,170,155,2025-03-03 05:10:01
SF00909,越城区,100,80,2025-03-03 05:10:01
SF00174,越城区,100,75,2025-03-03 05:10:01
SF00917,越城区,150,139,2025-03-03 05:10:01
SF00915,越城区,286,258,2025-03-03 05:10:01
SF00910,越城区,100,91,2025-03-03 05:10:01
SF00180,越城区,85,71,2025-03-03 05:10:01
SF00918,越城区,140,131,2025-03-03 05:10:01
SF00903,越城区,147,135,2025-03-03 05:10:01
SF00923,越城区,150,140,2025-03-03 05:10:01
SF00906,越城区,180,165,2025-03-03 05:10:01
SF00913,越城区,45,43,2025-03-03 05:10:01
SF00905,越城区,95,76,2025-03-03 05:10:01
SF00916,越城区,90,70,2025-03-03 05:10:01
SF00908,越城区,180,145,2025-03-03 05:10:01
SF00919,越城区,50,48,2025-03-03 05:10:01
SF00912,越城区,85,66,2025-03-03 05:10:01
SF00173,越城区,450,128,2025-03-03 05:10:01
SF00902,越城区,110,102,2025-03-03 05:10:01
SF00904,越城区,180,167,2025-03-03 05:10:01
SF00920,越城区,80,50,2025-03-03 05:10:01
SF00901,越城区,76,60,2025-03-03 05:10:01
SF00914,越城区,280,254,2025-03-03 05:10:01
SF00925,越城区,50,44,2025-03-03 05:10:01
SF00911,越城区,20,1,2025-03-03 05:10:01
SF00182,越城区,35,19,2025-03-03 05:10:01
SF00121,越城区,1,0,2025-03-03 05:10:00
HK00010,越城区,170,13,2025-03-03 05:10:00
HK00013,越城区,212,1,2025-03-03 05:10:00
SF00146,越城区,150,119,2025-03-03 05:10:00
SF00152,越城区,500,398,2025-03-03 05:10:00
SF00104,越城区,50,40,2025-03-03 05:10:00
SF00124,越城区,500,400,2025-03-03 05:10:00
SF000901,越城区,500,401,2025-03-03 05:10:00
HK00009,越城区,467,33,2025-03-03 05:10:00
SF00133,越城区,260,229,2025-03-03 05:10:00
SF00159,越城区,230,98,2025-03-03 05:10:00
SF00155,越城区,125,116,2025-03-03 05:10:00
HK00001,越城区,138,108,2025-03-03 05:10:00
SF00141,越城区,50,46,2025-03-03 05:10:00
SF00118,越城区,100,78,2025-03-03 05:10:00
SF00151,越城区,70,56,2025-03-03 05:10:00
HK00020,越城区,1800,188,2025-03-03 05:10:00
SF001211,越城区,180,164,2025-03-03 05:10:00
SF00107,越城区,200,127,2025-03-03 05:10:00
SF000903,越城区,470,427,2025-03-03 05:10:00
SF00119,越城区,50,38,2025-03-03 05:10:00
SF000902,越城区,300,275,2025-03-03 05:10:00
HK00021,越城区,150,105,2025-03-03 05:10:00
SF00128,越城区,870,698,2025-03-03 05:10:00
SF001041,越城区,90,84,2025-03-03 05:10:00
SF00171,越城区,700,631,2025-03-03 05:10:00
SF00120,越城区,220,173,2025-03-03 05:10:00
SF00939,越城区,350,320,2025-03-03 05:00:02
SF00930,越城区,300,271,2025-03-03 05:00:02
SF00929,越城区,1300,1171,2025-03-03 05:00:02
SF00928,越城区,300,243,2025-03-03 05:00:02
SF00932,越城区,60,42,2025-03-03 05:00:02
SF00934,越城区,200,181,2025-03-03 05:00:02
SF00933,越城区,37,33,2025-03-03 05:00:02
SF00931,越城区,75,59,2025-03-03 05:00:02
SF00935,越城区,110,92,2025-03-03 05:00:02
SF00916,越城区,90,73,2025-03-03 05:00:01
SF00917,越城区,150,139,2025-03-03 05:00:01
SF00923,越城区,150,140,2025-03-03 05:00:01
SF00915,越城区,286,260,2025-03-03 05:00:01
SF00909,越城区,100,78,2025-03-03 05:00:01
SF00925,越城区,50,44,2025-03-03 05:00:01
SF00903,越城区,147,135,2025-03-03 05:00:01
SF00913,越城区,45,43,2025-03-03 05:00:01
SF00174,越城区,100,75,2025-03-03 05:00:01
SF00911,越城区,20,1,2025-03-03 05:00:01
SF00910,越城区,100,91,2025-03-03 05:00:01
SF00906,越城区,180,165,2025-03-03 05:00:01
SF00914,越城区,280,254,2025-03-03 05:00:01
SF00912,越城区,85,67,2025-03-03 05:00:01
SF00182,越城区,35,19,2025-03-03 05:00:01
SF00901,越城区,76,60,2025-03-03 05:00:01
SF00907,越城区,400,120,2025-03-03 05:00:01
SF00180,越城区,85,70,2025-03-03 05:00:01
SF00927,越城区,240,218,2025-03-03 05:00:01
SF00926,越城区,120,97,2025-03-03 05:00:01
SF00921,越城区,170,155,2025-03-03 05:00:01
SF00920,越城区,80,50,2025-03-03 05:00:01
SF00908,越城区,180,146,2025-03-03 05:00:01
SF00918,越城区,140,131,2025-03-03 05:00:01
SF00187,越城区,55,42,2025-03-03 05:00:01
SF00902,越城区,110,102,2025-03-03 05:00:01
SF00905,越城区,95,74,2025-03-03 05:00:01
SF00904,越城区,180,167,2025-03-03 05:00:01
SF00919,越城区,50,48,2025-03-03 05:00:01
SF00146,越城区,150,119,2025-03-03 05:00:00
SF00171,越城区,700,634,2025-03-03 05:00:00
SF00118,越城区,100,80,2025-03-03 05:00:00
SF00119,越城区,50,42,2025-03-03 05:00:00
SF00121,越城区,1,0,2025-03-03 05:00:00
SF00151,越城区,70,56,2025-03-03 05:00:00
SF00152,越城区,500,399,2025-03-03 05:00:00
SF00159,越城区,230,97,2025-03-03 05:00:00
SF001211,越城区,180,164,2025-03-03 05:00:00
HK00009,越城区,467,33,2025-03-03 05:00:00
SF00107,越城区,200,124,2025-03-03 05:00:00
SF00173,越城区,450,126,2025-03-03 05:00:00
SF00128,越城区,870,698,2025-03-03 05:00:00
SF000901,越城区,500,401,2025-03-03 05:00:00
HK00013,越城区,212,1,2025-03-03 05:00:00
SF00133,越城区,260,229,2025-03-03 05:00:00
SF00141,越城区,50,46,2025-03-03 05:00:00
SF00120,越城区,220,173,2025-03-03 05:00:00
SF00104,越城区,50,38,2025-03-03 05:00:00
SF001041,越城区,90,84,2025-03-03 05:00:00
SF000902,越城区,300,272,2025-03-03 05:00:00
HK00010,越城区,170,13,2025-03-03 05:00:00
SF000903,越城区,470,426,2025-03-03 05:00:00
SF00124,越城区,500,398,2025-03-03 05:00:00
HK00001,越城区,138,111,2025-03-03 05:00:00
HK00020,越城区,1800,188,2025-03-03 05:00:00
SF00155,越城区,125,117,2025-03-03 05:00:00
HK00021,越城区,150,105,2025-03-03 05:00:00
SF00932,越城区,60,42,2025-03-03 04:50:02
SF00934,越城区,200,181,2025-03-03 04:50:02
SF00933,越城区,37,33,2025-03-03 04:50:02
SF00931,越城区,75,62,2025-03-03 04:50:02
SF00935,越城区,110,92,2025-03-03 04:50:02
SF00939,越城区,350,320,2025-03-03 04:50:02
SF00925,越城区,50,44,2025-03-03 04:50:01
SF00913,越城区,45,43,2025-03-03 04:50:01
SF00919,越城区,50,48,2025-03-03 04:50:01
SF00909,越城区,100,81,2025-03-03 04:50:01
SF00907,越城区,400,119,2025-03-03 04:50:01
SF00182,越城区,35,19,2025-03-03 04:50:01
SF00910,越城区,100,91,2025-03-03 04:50:01
SF00908,越城区,180,142,2025-03-03 04:50:01
SF00911,越城区,20,1,2025-03-03 04:50:01
SF00916,越城区,90,74,2025-03-03 04:50:01
SF00187,越城区,55,42,2025-03-03 04:50:01
SF00929,越城区,1300,1171,2025-03-03 04:50:01
SF00921,越城区,170,155,2025-03-03 04:50:01
SF00903,越城区,147,135,2025-03-03 04:50:01
SF00923,越城区,150,140,2025-03-03 04:50:01
SF00906,越城区,180,165,2025-03-03 04:50:01
SF00901,越城区,76,61,2025-03-03 04:50:01
SF00914,越城区,280,254,2025-03-03 04:50:01
SF00918,越城区,140,131,2025-03-03 04:50:01
SF00902,越城区,110,102,2025-03-03 04:50:01
SF00915,越城区,286,259,2025-03-03 04:50:01
SF00927,越城区,240,218,2025-03-03 04:50:01
SF00905,越城区,95,77,2025-03-03 04:50:01
SF00926,越城区,120,95,2025-03-03 04:50:01
SF00928,越城区,300,243,2025-03-03 04:50:01
SF00904,越城区,180,167,2025-03-03 04:50:01
SF00920,越城区,80,50,2025-03-03 04:50:01
SF00912,越城区,85,69,2025-03-03 04:50:01
SF00917,越城区,150,139,2025-03-03 04:50:01
SF00930,越城区,300,271,2025-03-03 04:50:01
SF000902,越城区,300,272,2025-03-03 04:50:00
HK00001,越城区,138,112,2025-03-03 04:50:00
SF00155,越城区,125,117,2025-03-03 04:50:00
HK00020,越城区,1800,188,2025-03-03 04:50:00
SF00159,越城区,230,95,2025-03-03 04:50:00
SF00141,越城区,50,46,2025-03-03 04:50:00
SF000903,越城区,470,426,2025-03-03 04:50:00
SF00152,越城区,500,399,2025-03-03 04:50:00
SF00151,越城区,70,56,2025-03-03 04:50:00
SF00180,越城区,85,70,2025-03-03 04:50:00
HK00009,越城区,467,33,2025-03-03 04:50:00
SF00174,越城区,100,75,2025-03-03 04:50:00
SF000901,越城区,500,401,2025-03-03 04:50:00
SF00146,越城区,150,119,2025-03-03 04:50:00
SF00104,越城区,50,38,2025-03-03 04:50:00
SF00133,越城区,260,229,2025-03-03 04:50:00
HK00010,越城区,170,13,2025-03-03 04:50:00
SF00118,越城区,100,82,2025-03-03 04:50:00
SF00120,越城区,220,173,2025-03-03 04:50:00
SF00171,越城区,700,634,2025-03-03 04:50:00
SF00121,越城区,1,0,2025-03-03 04:50:00
SF00107,越城区,200,124,2025-03-03 04:50:00
SF001041,越城区,90,84,2025-03-03 04:50:00
SF00124,越城区,500,402,2025-03-03 04:50:00
SF00119,越城区,50,39,2025-03-03 04:50:00
SF00173,越城区,450,127,2025-03-03 04:50:00
SF001211,越城区,180,164,2025-03-03 04:50:00
SF00128,越城区,870,695,2025-03-03 04:50:00
HK00013,越城区,212,1,2025-03-03 04:50:00
HK00021,越城区,150,105,2025-03-03 04:50:00
SF00939,越城区,350,320,2025-03-03 04:40:02
SF00934,越城区,200,181,2025-03-03 04:40:02
SF00929,越城区,1300,1171,2025-03-03 04:40:02
SF00935,越城区,110,92,2025-03-03 04:40:02
SF00930,越城区,300,271,2025-03-03 04:40:02
SF00933,越城区,37,33,2025-03-03 04:40:02
SF00928,越城区,300,243,2025-03-03 04:40:02
SF00932,越城区,60,42,2025-03-03 04:40:02
SF00931,越城区,75,60,2025-03-03 04:40:02
SF00902,越城区,110,102,2025-03-03 04:40:01
SF00906,越城区,180,165,2025-03-03 04:40:01
SF00182,越城区,35,19,2025-03-03 04:40:01
SF00926,越城区,120,96,2025-03-03 04:40:01
SF00908,越城区,180,145,2025-03-03 04:40:01
SF00911,越城区,20,1,2025-03-03 04:40:01
SF00910,越城区,100,91,2025-03-03 04:40:01
SF00180,越城区,85,70,2025-03-03 04:40:01
SF00921,越城区,170,155,2025-03-03 04:40:01
SF00918,越城区,140,131,2025-03-03 04:40:01
SF00917,越城区,150,139,2025-03-03 04:40:01
SF00925,越城区,50,44,2025-03-03 04:40:01
SF00919,越城区,50,48,2025-03-03 04:40:01
SF00916,越城区,90,73,2025-03-03 04:40:01
SF00174,越城区,100,74,2025-03-03 04:40:01
SF00913,越城区,45,43,2025-03-03 04:40:01
SF00903,越城区,147,135,2025-03-03 04:40:01
SF00904,越城区,180,167,2025-03-03 04:40:01
SF00923,越城区,150,140,2025-03-03 04:40:01
SF00915,越城区,286,259,2025-03-03 04:40:01
SF00905,越城区,95,76,2025-03-03 04:40:01
SF00187,越城区,55,44,2025-03-03 04:40:01
SF00914,越城区,280,254,2025-03-03 04:40:01
SF00909,越城区,100,79,2025-03-03 04:40:01
SF00920,越城区,80,50,2025-03-03 04:40:01
SF00912,越城区,85,68,2025-03-03 04:40:01
SF00901,越城区,76,62,2025-03-03 04:40:01
SF00927,越城区,240,218,2025-03-03 04:40:01
SF00907,越城区,400,118,2025-03-03 04:40:01
SF00133,越城区,260,228,2025-03-03 04:40:00
SF00152,越城区,500,401,2025-03-03 04:40:00
SF00173,越城区,450,127,2025-03-03 04:40:00
SF00128,越城区,870,694,2025-03-03 04:40:00
SF00124,越城区,500,401,2025-03-03 04:40:00
HK00021,越城区,150,105,2025-03-03 04:40:00
SF000901,越城区,500,399,2025-03-03 04:40:00
HK00009,越城区,467,33,2025-03-03 04:40:00
HK00010,越城区,170,13,2025-03-03 04:40:00
SF00107,越城区,200,123,2025-03-03 04:40:00
SF000903,越城区,470,426,2025-03-03 04:40:00
SF00146,越城区,150,118,2025-03-03 04:40:00
SF00151,越城区,70,56,2025-03-03 04:40:00
SF00171,越城区,700,634,2025-03-03 04:40:00
SF00118,越城区,100,81,2025-03-03 04:40:00
HK00001,越城区,138,109,2025-03-03 04:40:00
SF000902,越城区,300,272,2025-03-03 04:40:00
SF00141,越城区,50,46,2025-03-03 04:40:00
SF001041,越城区,90,84,2025-03-03 04:40:00
SF00104,越城区,50,38,2025-03-03 04:40:00
SF00121,越城区,1,0,2025-03-03 04:40:00
HK00020,越城区,1800,188,2025-03-03 04:40:00
SF00155,越城区,125,117,2025-03-03 04:40:00
SF00119,越城区,50,43,2025-03-03 04:40:00
SF00120,越城区,220,173,2025-03-03 04:40:00
SF00159,越城区,230,96,2025-03-03 04:40:00
SF001211,越城区,180,164,2025-03-03 04:40:00
HK00013,越城区,212,1,2025-03-03 04:40:00
SF00939,越城区,350,320,2025-03-03 04:30:02
SF00916,越城区,90,73,2025-03-03 04:30:01
SF00913,越城区,45,43,2025-03-03 04:30:01
SF00929,越城区,1300,1171,2025-03-03 04:30:01
SF00928,越城区,300,242,2025-03-03 04:30:01
SF00927,越城区,240,218,2025-03-03 04:30:01
SF00910,越城区,100,91,2025-03-03 04:30:01
SF00935,越城区,110,92,2025-03-03 04:30:01
SF00904,越城区,180,167,2025-03-03 04:30:01
SF00917,越城区,150,139,2025-03-03 04:30:01
SF00903,越城区,147,135,2025-03-03 04:30:01
SF00906,越城区,180,165,2025-03-03 04:30:01
SF00933,越城区,37,33,2025-03-03 04:30:01
SF00911,越城区,20,1,2025-03-03 04:30:01
SF00925,越城区,50,44,2025-03-03 04:30:01
SF00923,越城区,150,140,2025-03-03 04:30:01
SF00920,越城区,80,50,2025-03-03 04:30:01
SF00930,越城区,300,271,2025-03-03 04:30:01
SF00934,越城区,200,181,2025-03-03 04:30:01
SF00908,越城区,180,143,2025-03-03 04:30:01
SF00914,越城区,280,254,2025-03-03 04:30:01
SF00909,越城区,100,78,2025-03-03 04:30:01
SF00905,越城区,95,74,2025-03-03 04:30:01
SF00902,越城区,110,102,2025-03-03 04:30:01
SF00187,越城区,55,45,2025-03-03 04:30:01
SF00901,越城区,76,62,2025-03-03 04:30:01
SF00915,越城区,286,260,2025-03-03 04:30:01
SF00926,越城区,120,97,2025-03-03 04:30:01
SF00931,越城区,75,59,2025-03-03 04:30:01
SF00932,越城区,60,42,2025-03-03 04:30:01
SF00907,越城区,400,120,2025-03-03 04:30:01
SF00912,越城区,85,69,2025-03-03 04:30:01
SF00919,越城区,50,48,2025-03-03 04:30:01
SF00918,越城区,140,131,2025-03-03 04:30:01
SF00921,越城区,170,155,2025-03-03 04:30:01
HK00010,越城区,170,13,2025-03-03 04:30:00
SF00180,越城区,85,69,2025-03-03 04:30:00
SF00152,越城区,500,398,2025-03-03 04:30:00
SF000903,越城区,470,425,2025-03-03 04:30:00
SF00133,越城区,260,228,2025-03-03 04:30:00
SF00174,越城区,100,75,2025-03-03 04:30:00
SF00104,越城区,50,41,2025-03-03 04:30:00
HK00021,越城区,150,105,2025-03-03 04:30:00
SF00151,越城区,70,56,2025-03-03 04:30:00
SF00120,越城区,220,173,2025-03-03 04:30:00
SF00124,越城区,500,401,2025-03-03 04:30:00
SF000902,越城区,300,272,2025-03-03 04:30:00
SF00159,越城区,230,96,2025-03-03 04:30:00
SF00146,越城区,150,122,2025-03-03 04:30:00
SF00128,越城区,870,695,2025-03-03 04:30:00
SF00107,越城区,200,123,2025-03-03 04:30:00
SF001041,越城区,90,84,2025-03-03 04:30:00
SF00155,越城区,125,117,2025-03-03 04:30:00
SF00121,越城区,1,0,2025-03-03 04:30:00
SF001211,越城区,180,164,2025-03-03 04:30:00
HK00013,越城区,212,1,2025-03-03 04:30:00
SF00141,越城区,50,46,2025-03-03 04:30:00
HK00020,越城区,1800,188,2025-03-03 04:30:00
SF00182,越城区,35,19,2025-03-03 04:30:00
HK00009,越城区,467,33,2025-03-03 04:30:00
HK00001,越城区,138,111,2025-03-03 04:30:00
SF00173,越城区,450,127,2025-03-03 04:30:00
SF00118,越城区,100,81,2025-03-03 04:30:00
SF000901,越城区,500,400,2025-03-03 04:30:00
SF00119,越城区,50,43,2025-03-03 04:30:00
SF00171,越城区,700,634,2025-03-03 04:30:00
SF00935,越城区,110,92,2025-03-03 04:20:02
SF00932,越城区,60,42,2025-03-03 04:20:02
SF00934,越城区,200,181,2025-03-03 04:20:02
SF00931,越城区,75,59,2025-03-03 04:20:02
SF00933,越城区,37,33,2025-03-03 04:20:02
SF00939,越城区,350,320,2025-03-03 04:20:02
SF00912,越城区,85,65,2025-03-03 04:20:01
SF00919,越城区,50,48,2025-03-03 04:20:01
SF00920,越城区,80,50,2025-03-03 04:20:01
SF00917,越城区,150,139,2025-03-03 04:20:01
SF00915,越城区,286,261,2025-03-03 04:20:01
SF00927,越城区,240,218,2025-03-03 04:20:01
SF00905,越城区,95,75,2025-03-03 04:20:01
SF00930,越城区,300,271,2025-03-03 04:20:01
SF00913,越城区,45,43,2025-03-03 04:20:01
SF00911,越城区,20,1,2025-03-03 04:20:01
SF00907,越城区,400,120,2025-03-03 04:20:01
SF00929,越城区,1300,1171,2025-03-03 04:20:01
SF00904,越城区,180,167,2025-03-03 04:20:01
SF00180,越城区,85,70,2025-03-03 04:20:01
SF00908,越城区,180,145,2025-03-03 04:20:01
SF00901,越城区,76,62,2025-03-03 04:20:01
SF00918,越城区,140,131,2025-03-03 04:20:01
SF00187,越城区,55,46,2025-03-03 04:20:01
SF00902,越城区,110,102,2025-03-03 04:20:01
SF00909,越城区,100,79,2025-03-03 04:20:01
SF00916,越城区,90,71,2025-03-03 04:20:01
SF00926,越城区,120,96,2025-03-03 04:20:01
SF00925,越城区,50,44,2025-03-03 04:20:01
SF00921,越城区,170,155,2025-03-03 04:20:01
SF00923,越城区,150,140,2025-03-03 04:20:01
SF00906,越城区,180,165,2025-03-03 04:20:01
SF00903,越城区,147,135,2025-03-03 04:20:01
SF00910,越城区,100,91,2025-03-03 04:20:01
SF00914,越城区,280,254,2025-03-03 04:20:01
SF00928,越城区,300,241,2025-03-03 04:20:01
SF00182,越城区,35,19,2025-03-03 04:20:01
SF00121,越城区,1,0,2025-03-03 04:20:00
HK00010,越城区,170,13,2025-03-03 04:20:00
SF00174,越城区,100,75,2025-03-03 04:20:00
SF001041,越城区,90,84,2025-03-03 04:20:00
SF00107,越城区,200,122,2025-03-03 04:20:00
SF00141,越城区,50,46,2025-03-03 04:20:00
SF001211,越城区,180,164,2025-03-03 04:20:00
SF00104,越城区,50,40,2025-03-03 04:20:00
SF00146,越城区,150,122,2025-03-03 04:20:00
SF00118,越城区,100,80,2025-03-03 04:20:00
SF000903,越城区,470,426,2025-03-03 04:20:00
SF00119,越城区,50,37,2025-03-03 04:20:00
SF00120,越城区,220,173,2025-03-03 04:20:00
SF00159,越城区,230,96,2025-03-03 04:20:00
HK00001,越城区,138,111,2025-03-03 04:20:00
SF00128,越城区,870,694,2025-03-03 04:20:00
SF00124,越城区,500,400,2025-03-03 04:20:00
SF000902,越城区,300,272,2025-03-03 04:20:00
SF000901,越城区,500,400,2025-03-03 04:20:00
SF00151,越城区,70,56,2025-03-03 04:20:00
SF00171,越城区,700,634,2025-03-03 04:20:00
HK00020,越城区,1800,188,2025-03-03 04:20:00
SF00173,越城区,450,128,2025-03-03 04:20:00
SF00133,越城区,260,228,2025-03-03 04:20:00
HK00021,越城区,150,105,2025-03-03 04:20:00
SF00152,越城区,500,400,2025-03-03 04:20:00
SF00155,越城区,125,117,2025-03-03 04:20:00
HK00009,越城区,467,33,2025-03-03 04:20:00
HK00013,越城区,212,1,2025-03-03 04:20:00
SF00925,越城区,50,44,2025-03-03 04:10:02
SF00926,越城区,120,97,2025-03-03 04:10:02
SF00932,越城区,60,42,2025-03-03 04:10:02
SF00935,越城区,110,92,2025-03-03 04:10:02
SF00939,越城区,350,320,2025-03-03 04:10:02
SF00927,越城区,240,218,2025-03-03 04:10:02
SF00933,越城区,37,33,2025-03-03 04:10:02
SF00934,越城区,200,181,2025-03-03 04:10:02
SF00930,越城区,300,271,2025-03-03 04:10:02
SF00928,越城区,300,240,2025-03-03 04:10:02
SF00931,越城区,75,60,2025-03-03 04:10:02
SF00929,越城区,1300,1171,2025-03-03 04:10:02
SF00907,越城区,400,120,2025-03-03 04:10:01
SF00174,越城区,100,75,2025-03-03 04:10:01
SF00918,越城区,140,131,2025-03-03 04:10:01
SF00914,越城区,280,254,2025-03-03 04:10:01
SF00182,越城区,35,19,2025-03-03 04:10:01
SF00180,越城区,85,70,2025-03-03 04:10:01
SF00905,越城区,95,78,2025-03-03 04:10:01
SF00917,越城区,150,139,2025-03-03 04:10:01
SF00916,越城区,90,73,2025-03-03 04:10:01
SF00187,越城区,55,42,2025-03-03 04:10:01
SF00903,越城区,147,135,2025-03-03 04:10:01
SF00910,越城区,100,91,2025-03-03 04:10:01
SF00908,越城区,180,143,2025-03-03 04:10:01
SF00904,越城区,180,167,2025-03-03 04:10:01
SF00902,越城区,110,102,2025-03-03 04:10:01
SF00912,越城区,85,66,2025-03-03 04:10:01
SF00906,越城区,180,165,2025-03-03 04:10:01
SF00911,越城区,20,1,2025-03-03 04:10:01
SF00921,越城区,170,155,2025-03-03 04:10:01
SF00920,越城区,80,50,2025-03-03 04:10:01
SF00909,越城区,100,81,2025-03-03 04:10:01
SF00915,越城区,286,261,2025-03-03 04:10:01
SF00923,越城区,150,140,2025-03-03 04:10:01
SF00913,越城区,45,43,2025-03-03 04:10:01
SF00919,越城区,50,48,2025-03-03 04:10:01
SF00173,越城区,450,128,2025-03-03 04:10:01
SF00901,越城区,76,62,2025-03-03 04:10:01
SF00107,越城区,200,122,2025-03-03 04:10:00
SF00118,越城区,100,81,2025-03-03 04:10:00
HK00021,越城区,150,105,2025-03-03 04:10:00
HK00013,越城区,212,1,2025-03-03 04:10:00
SF00133,越城区,260,228,2025-03-03 04:10:00
HK00009,越城区,467,33,2025-03-03 04:10:00
SF00128,越城区,870,698,2025-03-03 04:10:00
SF000902,越城区,300,272,2025-03-03 04:10:00
SF000903,越城区,470,426,2025-03-03 04:10:00
SF00152,越城区,500,401,2025-03-03 04:10:00
SF001041,越城区,90,84,2025-03-03 04:10:00
SF00159,越城区,230,96,2025-03-03 04:10:00
HK00020,越城区,1800,188,2025-03-03 04:10:00
SF00124,越城区,500,398,2025-03-03 04:10:00
SF00121,越城区,1,0,2025-03-03 04:10:00
HK00001,越城区,138,111,2025-03-03 04:10:00
SF00120,越城区,220,173,2025-03-03 04:10:00
SF00151,越城区,70,56,2025-03-03 04:10:00
SF00141,越城区,50,46,2025-03-03 04:10:00
SF00119,越城区,50,39,2025-03-03 04:10:00
SF001211,越城区,180,164,2025-03-03 04:10:00
SF00104,越城区,50,38,2025-03-03 04:10:00
SF000901,越城区,500,399,2025-03-03 04:10:00
SF00155,越城区,125,117,2025-03-03 04:10:00
SF00171,越城区,700,634,2025-03-03 04:10:00
SF00146,越城区,150,121,2025-03-03 04:10:00
HK00010,越城区,170,13,2025-03-03 04:10:00
SF00921,越城区,170,155,2025-03-03 04:00:02
SF00930,越城区,300,271,2025-03-03 04:00:02
SF00928,越城区,300,240,2025-03-03 04:00:02
SF00933,越城区,37,33,2025-03-03 04:00:02
SF00920,越城区,80,49,2025-03-03 04:00:02
SF00923,越城区,150,140,2025-03-03 04:00:02
SF00926,越城区,120,98,2025-03-03 04:00:02
SF00925,越城区,50,44,2025-03-03 04:00:02
SF00932,越城区,60,42,2025-03-03 04:00:02
SF00927,越城区,240,218,2025-03-03 04:00:02
SF00919,越城区,50,48,2025-03-03 04:00:02
SF00934,越城区,200,181,2025-03-03 04:00:02
SF00931,越城区,75,59,2025-03-03 04:00:02
SF00939,越城区,350,320,2025-03-03 04:00:02
SF00929,越城区,1300,1171,2025-03-03 04:00:02
SF00935,越城区,110,92,2025-03-03 04:00:02
SF00904,越城区,180,164,2025-03-03 04:00:01
SF00906,越城区,180,165,2025-03-03 04:00:01
SF00173,越城区,450,120,2025-03-03 04:00:01
SF00155,越城区,125,117,2025-03-03 04:00:01
SF00910,越城区,100,91,2025-03-03 04:00:01
SF00915,越城区,286,259,2025-03-03 04:00:01
SF00918,越城区,140,131,2025-03-03 04:00:01
SF00912,越城区,85,71,2025-03-03 04:00:01
SF00901,越城区,76,62,2025-03-03 04:00:01
SF00182,越城区,35,19,2025-03-03 04:00:01
SF00159,越城区,230,96,2025-03-03 04:00:01
SF00902,越城区,110,102,2025-03-03 04:00:01
SF00911,越城区,20,1,2025-03-03 04:00:01
SF00913,越城区,45,43,2025-03-03 04:00:01
SF00917,越城区,150,139,2025-03-03 04:00:01
SF00180,越城区,85,70,2025-03-03 04:00:01
SF00908,越城区,180,143,2025-03-03 04:00:01
SF00187,越城区,55,42,2025-03-03 04:00:01
SF00171,越城区,700,635,2025-03-03 04:00:01
SF00909,越城区,100,78,2025-03-03 04:00:01
SF00905,越城区,95,78,2025-03-03 04:00:01
SF00916,越城区,90,71,2025-03-03 04:00:01
SF00174,越城区,100,75,2025-03-03 04:00:01
SF00914,越城区,280,254,2025-03-03 04:00:01
SF00903,越城区,147,135,2025-03-03 04:00:01
SF00907,越城区,400,112,2025-03-03 04:00:01
SF00121,越城区,1,0,2025-03-03 04:00:00
SF00118,越城区,100,79,2025-03-03 04:00:00
SF000902,越城区,300,272,2025-03-03 04:00:00
HK00021,越城区,150,105,2025-03-03 04:00:00
SF00119,越城区,50,37,2025-03-03 04:00:00
SF00124,越城区,500,400,2025-03-03 04:00:00
HK00020,越城区,1800,188,2025-03-03 04:00:00
SF00146,越城区,150,120,2025-03-03 04:00:00
HK00001,越城区,138,111,2025-03-03 04:00:00
SF00151,越城区,70,56,2025-03-03 04:00:00
SF00107,越城区,200,108,2025-03-03 04:00:00
SF001041,越城区,90,84,2025-03-03 04:00:00
SF000903,越城区,470,426,2025-03-03 04:00:00
SF00104,越城区,50,42,2025-03-03 04:00:00
HK00013,越城区,212,1,2025-03-03 04:00:00
HK00009,越城区,467,33,2025-03-03 04:00:00
SF00152,越城区,500,399,2025-03-03 04:00:00
HK00010,越城区,170,13,2025-03-03 04:00:00
SF00141,越城区,50,48,2025-03-03 04:00:00
SF000901,越城区,500,395,2025-03-03 04:00:00
SF00133,越城区,260,228,2025-03-03 04:00:00
SF00128,越城区,870,694,2025-03-03 04:00:00
SF001211,越城区,180,164,2025-03-03 04:00:00
SF00120,越城区,220,172,2025-03-03 04:00:00
SF00933,越城区,37,33,2025-03-03 03:50:02
SF00935,越城区,110,92,2025-03-03 03:50:02
SF00930,越城区,300,271,2025-03-03 03:50:02
SF00934,越城区,200,181,2025-03-03 03:50:02
SF00931,越城区,75,58,2025-03-03 03:50:02
SF00939,越城区,350,320,2025-03-03 03:50:02
SF00932,越城区,60,42,2025-03-03 03:50:02
SF00929,越城区,1300,1171,2025-03-03 03:50:02
SF00182,越城区,35,19,2025-03-03 03:50:01
SF00919,越城区,50,48,2025-03-03 03:50:01
SF00921,越城区,170,155,2025-03-03 03:50:01
SF00910,越城区,100,91,2025-03-03 03:50:01
SF00923,越城区,150,140,2025-03-03 03:50:01
SF00911,越城区,20,1,2025-03-03 03:50:01
SF00916,越城区,90,72,2025-03-03 03:50:01
SF00927,越城区,240,218,2025-03-03 03:50:01
SF00920,越城区,80,49,2025-03-03 03:50:01
SF00925,越城区,50,44,2025-03-03 03:50:01
SF00908,越城区,180,145,2025-03-03 03:50:01
SF00904,越城区,180,166,2025-03-03 03:50:01
SF00913,越城区,45,43,2025-03-03 03:50:01
SF00918,越城区,140,131,2025-03-03 03:50:01
SF00917,越城区,150,139,2025-03-03 03:50:01
SF00914,越城区,280,254,2025-03-03 03:50:01
SF00909,越城区,100,81,2025-03-03 03:50:01
SF00915,越城区,286,261,2025-03-03 03:50:01
SF00903,越城区,147,135,2025-03-03 03:50:01
SF00928,越城区,300,240,2025-03-03 03:50:01
SF00905,越城区,95,75,2025-03-03 03:50:01
SF00907,越城区,400,113,2025-03-03 03:50:01
SF00926,越城区,120,96,2025-03-03 03:50:01
SF00901,越城区,76,62,2025-03-03 03:50:01
SF00902,越城区,110,102,2025-03-03 03:50:01
SF00912,越城区,85,67,2025-03-03 03:50:01
SF00187,越城区,55,43,2025-03-03 03:50:01
SF00906,越城区,180,165,2025-03-03 03:50:01
SF00180,越城区,85,70,2025-03-03 03:50:01
SF00146,越城区,150,119,2025-03-03 03:50:00
SF00124,越城区,500,398,2025-03-03 03:50:00
SF00141,越城区,50,48,2025-03-03 03:50:00
SF00159,越城区,230,98,2025-03-03 03:50:00
SF00151,越城区,70,56,2025-03-03 03:50:00
SF00104,越城区,50,41,2025-03-03 03:50:00
SF000901,越城区,500,396,2025-03-03 03:50:00
SF00152,越城区,500,402,2025-03-03 03:50:00
SF00119,越城区,50,42,2025-03-03 03:50:00
SF00155,越城区,125,117,2025-03-03 03:50:00
SF00118,越城区,100,80,2025-03-03 03:50:00
SF001211,越城区,180,164,2025-03-03 03:50:00
HK00001,越城区,138,108,2025-03-03 03:50:00
SF00133,越城区,260,227,2025-03-03 03:50:00
SF00121,越城区,1,0,2025-03-03 03:50:00
SF00120,越城区,220,172,2025-03-03 03:50:00
HK00009,越城区,467,33,2025-03-03 03:50:00
SF00173,越城区,450,120,2025-03-03 03:50:00
HK00020,越城区,1800,188,2025-03-03 03:50:00
SF000903,越城区,470,426,2025-03-03 03:50:00
SF00171,越城区,700,632,2025-03-03 03:50:00
SF00107,越城区,200,107,2025-03-03 03:50:00
SF001041,越城区,90,84,2025-03-03 03:50:00
SF00128,越城区,870,698,2025-03-03 03:50:00
HK00010,越城区,170,13,2025-03-03 03:50:00
HK00021,越城区,150,105,2025-03-03 03:50:00
HK00013,越城区,212,1,2025-03-03 03:50:00
SF00174,越城区,100,75,2025-03-03 03:50:00
SF000902,越城区,300,272,2025-03-03 03:50:00
SF00934,越城区,200,181,2025-03-03 03:40:02
SF00935,越城区,110,92,2025-03-03 03:40:02
SF00933,越城区,37,33,2025-03-03 03:40:02
SF00929,越城区,1300,1171,2025-03-03 03:40:02
SF00928,越城区,300,239,2025-03-03 03:40:02
SF00923,越城区,150,140,2025-03-03 03:40:02
SF00925,越城区,50,44,2025-03-03 03:40:02
SF00930,越城区,300,271,2025-03-03 03:40:02
SF00939,越城区,350,320,2025-03-03 03:40:02
SF00931,越城区,75,62,2025-03-03 03:40:02
SF00927,越城区,240,218,2025-03-03 03:40:02
SF00921,越城区,170,155,2025-03-03 03:40:02
SF00926,越城区,120,98,2025-03-03 03:40:02
SF00932,越城区,60,42,2025-03-03 03:40:02
SF00914,越城区,280,254,2025-03-03 03:40:01
SF00901,越城区,76,62,2025-03-03 03:40:01
SF00915,越城区,286,261,2025-03-03 03:40:01
SF00910,越城区,100,91,2025-03-03 03:40:01
SF00917,越城区,150,139,2025-03-03 03:40:01
SF00908,越城区,180,147,2025-03-03 03:40:01
SF00909,越城区,100,78,2025-03-03 03:40:01
SF00180,越城区,85,70,2025-03-03 03:40:01
SF00902,越城区,110,102,2025-03-03 03:40:01
SF00174,越城区,100,75,2025-03-03 03:40:01
SF00911,越城区,20,1,2025-03-03 03:40:01
SF00905,越城区,95,77,2025-03-03 03:40:01
SF00182,越城区,35,19,2025-03-03 03:40:01
SF00187,越城区,55,43,2025-03-03 03:40:01
SF00916,越城区,90,74,2025-03-03 03:40:01
SF00904,越城区,180,166,2025-03-03 03:40:01
SF00918,越城区,140,131,2025-03-03 03:40:01
SF00906,越城区,180,165,2025-03-03 03:40:01
SF00919,越城区,50,48,2025-03-03 03:40:01
SF00903,越城区,147,135,2025-03-03 03:40:01
SF00913,越城区,45,43,2025-03-03 03:40:01
SF00171,越城区,700,632,2025-03-03 03:40:01
SF00173,越城区,450,120,2025-03-03 03:40:01
SF00912,越城区,85,65,2025-03-03 03:40:01
SF00907,越城区,400,112,2025-03-03 03:40:01
SF00920,越城区,80,49,2025-03-03 03:40:01
SF000903,越城区,470,426,2025-03-03 03:40:00
HK00009,越城区,467,33,2025-03-03 03:40:00
SF00159,越城区,230,99,2025-03-03 03:40:00
SF00107,越城区,200,107,2025-03-03 03:40:00
SF00151,越城区,70,56,2025-03-03 03:40:00
SF001041,越城区,90,84,2025-03-03 03:40:00
SF001211,越城区,180,164,2025-03-03 03:40:00
SF00120,越城区,220,172,2025-03-03 03:40:00
SF00121,越城区,1,0,2025-03-03 03:40:00
SF00118,越城区,100,79,2025-03-03 03:40:00
SF00128,越城区,870,698,2025-03-03 03:40:00
SF00104,越城区,50,39,2025-03-03 03:40:00
SF00124,越城区,500,401,2025-03-03 03:40:00
SF00152,越城区,500,399,2025-03-03 03:40:00
SF000901,越城区,500,396,2025-03-03 03:40:00
HK00021,越城区,150,105,2025-03-03 03:40:00
SF00133,越城区,260,228,2025-03-03 03:40:00
SF00141,越城区,50,48,2025-03-03 03:40:00
HK00020,越城区,1800,188,2025-03-03 03:40:00
HK00013,越城区,212,1,2025-03-03 03:40:00
SF00155,越城区,125,117,2025-03-03 03:40:00
SF00119,越城区,50,40,2025-03-03 03:40:00
SF00146,越城区,150,119,2025-03-03 03:40:00
HK00001,越城区,138,108,2025-03-03 03:40:00
SF000902,越城区,300,271,2025-03-03 03:40:00
HK00010,越城区,170,13,2025-03-03 03:40:00
SF00929,越城区,1300,1171,2025-03-03 03:30:02
SF00933,越城区,37,33,2025-03-03 03:30:02
SF00935,越城区,110,92,2025-03-03 03:30:02
SF00939,越城区,350,320,2025-03-03 03:30:02
SF00931,越城区,75,59,2025-03-03 03:30:02
SF00930,越城区,300,271,2025-03-03 03:30:02
SF00932,越城区,60,42,2025-03-03 03:30:02
SF00934,越城区,200,181,2025-03-03 03:30:02
SF00910,越城区,100,91,2025-03-03 03:30:01
SF00182,越城区,35,19,2025-03-03 03:30:01
SF00908,越城区,180,146,2025-03-03 03:30:01
SF00917,越城区,150,139,2025-03-03 03:30:01
SF00909,越城区,100,81,2025-03-03 03:30:01
SF00901,越城区,76,62,2025-03-03 03:30:01
SF00174,越城区,100,75,2025-03-03 03:30:01
SF00915,越城区,286,261,2025-03-03 03:30:01
SF00180,越城区,85,70,2025-03-03 03:30:01
SF00911,越城区,20,1,2025-03-03 03:30:01
SF00913,越城区,45,43,2025-03-03 03:30:01
SF00916,越城区,90,74,2025-03-03 03:30:01
SF00907,越城区,400,111,2025-03-03 03:30:01
SF00928,越城区,300,240,2025-03-03 03:30:01
SF00925,越城区,50,44,2025-03-03 03:30:01
SF00920,越城区,80,49,2025-03-03 03:30:01
SF00187,越城区,55,45,2025-03-03 03:30:01
SF00903,越城区,147,135,2025-03-03 03:30:01
SF00905,越城区,95,78,2025-03-03 03:30:01
SF00902,越城区,110,102,2025-03-03 03:30:01
SF00912,越城区,85,68,2025-03-03 03:30:01
SF00923,越城区,150,140,2025-03-03 03:30:01
SF00926,越城区,120,97,2025-03-03 03:30:01
SF00927,越城区,240,218,2025-03-03 03:30:01
SF00918,越城区,140,131,2025-03-03 03:30:01
SF00914,越城区,280,254,2025-03-03 03:30:01
SF00921,越城区,170,155,2025-03-03 03:30:01
SF00904,越城区,180,166,2025-03-03 03:30:01
SF00919,越城区,50,48,2025-03-03 03:30:01
SF00906,越城区,180,165,2025-03-03 03:30:01
SF000901,越城区,500,395,2025-03-03 03:30:00
SF00155,越城区,125,117,2025-03-03 03:30:00
SF00159,越城区,230,101,2025-03-03 03:30:00
SF00171,越城区,700,632,2025-03-03 03:30:00
SF00133,越城区,260,228,2025-03-03 03:30:00
SF00107,越城区,200,107,2025-03-03 03:30:00
HK00013,越城区,212,1,2025-03-03 03:30:00
HK00001,越城区,138,110,2025-03-03 03:30:00
SF00173,越城区,450,122,2025-03-03 03:30:00
SF001041,越城区,90,84,2025-03-03 03:30:00
SF00124,越城区,500,401,2025-03-03 03:30:00
SF001211,越城区,180,164,2025-03-03 03:30:00
HK00009,越城区,467,33,2025-03-03 03:30:00
SF00121,越城区,1,0,2025-03-03 03:30:00
SF00120,越城区,220,172,2025-03-03 03:30:00
SF00128,越城区,870,697,2025-03-03 03:30:00
SF00152,越城区,500,401,2025-03-03 03:30:00
SF000903,越城区,470,425,2025-03-03 03:30:00
SF00151,越城区,70,56,2025-03-03 03:30:00
SF00146,越城区,150,118,2025-03-03 03:30:00
SF00119,越城区,50,38,2025-03-03 03:30:00
SF00104,越城区,50,38,2025-03-03 03:30:00
HK00010,越城区,170,13,2025-03-03 03:30:00
SF000902,越城区,300,271,2025-03-03 03:30:00
HK00021,越城区,150,105,2025-03-03 03:30:00
SF00141,越城区,50,48,2025-03-03 03:30:00
SF00118,越城区,100,80,2025-03-03 03:30:00
HK00020,越城区,1800,188,2025-03-03 03:30:00
SF00927,越城区,240,218,2025-03-03 03:20:02
SF00928,越城区,300,239,2025-03-03 03:20:02
SF00932,越城区,60,42,2025-03-03 03:20:02
SF00931,越城区,75,61,2025-03-03 03:20:02
SF00935,越城区,110,92,2025-03-03 03:20:02
SF00930,越城区,300,271,2025-03-03 03:20:02
SF00934,越城区,200,181,2025-03-03 03:20:02
SF00929,越城区,1300,1171,2025-03-03 03:20:02
SF00939,越城区,350,320,2025-03-03 03:20:02
SF00933,越城区,37,33,2025-03-03 03:20:02
SF00918,越城区,140,131,2025-03-03 03:20:01
SF00910,越城区,100,91,2025-03-03 03:20:01
SF00917,越城区,150,139,2025-03-03 03:20:01
SF00903,越城区,147,135,2025-03-03 03:20:01
SF00904,越城区,180,166,2025-03-03 03:20:01
SF00909,越城区,100,82,2025-03-03 03:20:01
SF00174,越城区,100,75,2025-03-03 03:20:01
SF00187,越城区,55,45,2025-03-03 03:20:01
SF00180,越城区,85,70,2025-03-03 03:20:01
SF00908,越城区,180,146,2025-03-03 03:20:01
SF00926,越城区,120,94,2025-03-03 03:20:01
SF00916,越城区,90,71,2025-03-03 03:20:01
SF00182,越城区,35,19,2025-03-03 03:20:01
SF00901,越城区,76,62,2025-03-03 03:20:01
SF00902,越城区,110,102,2025-03-03 03:20:01
SF00912,越城区,85,66,2025-03-03 03:20:01
SF00907,越城区,400,110,2025-03-03 03:20:01
SF00915,越城区,286,258,2025-03-03 03:20:01
SF00913,越城区,45,43,2025-03-03 03:20:01
SF00905,越城区,95,75,2025-03-03 03:20:01
SF00925,越城区,50,44,2025-03-03 03:20:01
SF00173,越城区,450,123,2025-03-03 03:20:01
SF00906,越城区,180,165,2025-03-03 03:20:01
SF00911,越城区,20,1,2025-03-03 03:20:01
SF00914,越城区,280,254,2025-03-03 03:20:01
SF00921,越城区,170,155,2025-03-03 03:20:01
SF00920,越城区,80,49,2025-03-03 03:20:01
SF00923,越城区,150,140,2025-03-03 03:20:01
SF00919,越城区,50,48,2025-03-03 03:20:01
SF00133,越城区,260,228,2025-03-03 03:20:00
SF00119,越城区,50,41,2025-03-03 03:20:00
SF00152,越城区,500,400,2025-03-03 03:20:00
SF00155,越城区,125,117,2025-03-03 03:20:00
HK00013,越城区,212,1,2025-03-03 03:20:00
SF000903,越城区,470,427,2025-03-03 03:20:00
HK00021,越城区,150,105,2025-03-03 03:20:00
SF00141,越城区,50,48,2025-03-03 03:20:00
HK00020,越城区,1800,188,2025-03-03 03:20:00
SF00124,越城区,500,399,2025-03-03 03:20:00
HK00001,越城区,138,112,2025-03-03 03:20:00
SF00128,越城区,870,697,2025-03-03 03:20:00
SF00151,越城区,70,56,2025-03-03 03:20:00
HK00009,越城区,467,33,2025-03-03 03:20:00
SF000902,越城区,300,271,2025-03-03 03:20:00
SF00121,越城区,1,0,2025-03-03 03:20:00
SF00104,越城区,50,41,2025-03-03 03:20:00
HK00010,越城区,170,13,2025-03-03 03:20:00
SF00171,越城区,700,632,2025-03-03 03:20:00
SF00146,越城区,150,120,2025-03-03 03:20:00
SF00107,越城区,200,107,2025-03-03 03:20:00
SF00120,越城区,220,172,2025-03-03 03:20:00
SF00159,越城区,230,101,2025-03-03 03:20:00
SF001041,越城区,90,84,2025-03-03 03:20:00
SF00118,越城区,100,80,2025-03-03 03:20:00
SF001211,越城区,180,164,2025-03-03 03:20:00
SF000901,越城区,500,395,2025-03-03 03:20:00
SF00928,越城区,300,239,2025-03-03 03:10:02
SF00932,越城区,60,42,2025-03-03 03:10:02
SF00939,越城区,350,320,2025-03-03 03:10:02
SF00929,越城区,1300,1171,2025-03-03 03:10:02
SF00930,越城区,300,271,2025-03-03 03:10:02
SF00931,越城区,75,61,2025-03-03 03:10:02
SF00933,越城区,37,33,2025-03-03 03:10:02
SF00934,越城区,200,181,2025-03-03 03:10:02
SF00935,越城区,110,92,2025-03-03 03:10:02
SF00908,越城区,180,143,2025-03-03 03:10:01
SF00906,越城区,180,165,2025-03-03 03:10:01
SF00912,越城区,85,67,2025-03-03 03:10:01
SF00913,越城区,45,43,2025-03-03 03:10:01
SF00903,越城区,147,135,2025-03-03 03:10:01
SF00909,越城区,100,78,2025-03-03 03:10:01
SF00911,越城区,20,1,2025-03-03 03:10:01
SF00916,越城区,90,70,2025-03-03 03:10:01
SF00187,越城区,55,45,2025-03-03 03:10:01
SF00921,越城区,170,155,2025-03-03 03:10:01
SF00904,越城区,180,166,2025-03-03 03:10:01
SF00907,越城区,400,111,2025-03-03 03:10:01
SF00901,越城区,76,62,2025-03-03 03:10:01
SF00927,越城区,240,218,2025-03-03 03:10:01
SF00174,越城区,100,75,2025-03-03 03:10:01
SF00918,越城区,140,131,2025-03-03 03:10:01
SF00915,越城区,286,258,2025-03-03 03:10:01
SF00917,越城区,150,139,2025-03-03 03:10:01
SF00180,越城区,85,71,2025-03-03 03:10:01
SF00182,越城区,35,19,2025-03-03 03:10:01
SF00905,越城区,95,76,2025-03-03 03:10:01
SF00920,越城区,80,49,2025-03-03 03:10:01
SF00914,越城区,280,254,2025-03-03 03:10:01
SF00923,越城区,150,140,2025-03-03 03:10:01
SF00919,越城区,50,48,2025-03-03 03:10:01
SF00925,越城区,50,44,2025-03-03 03:10:01
SF00910,越城区,100,91,2025-03-03 03:10:01
SF00902,越城区,110,102,2025-03-03 03:10:01
SF00926,越城区,120,97,2025-03-03 03:10:01
SF000902,越城区,300,271,2025-03-03 03:10:00
SF00173,越城区,450,123,2025-03-03 03:10:00
SF00104,越城区,50,41,2025-03-03 03:10:00
SF001041,越城区,90,84,2025-03-03 03:10:00
SF00119,越城区,50,43,2025-03-03 03:10:00
SF00155,越城区,125,117,2025-03-03 03:10:00
HK00020,越城区,1800,188,2025-03-03 03:10:00
SF00141,越城区,50,48,2025-03-03 03:10:00
SF00121,越城区,1,0,2025-03-03 03:10:00
SF00120,越城区,220,172,2025-03-03 03:10:00
SF00133,越城区,260,227,2025-03-03 03:10:00
SF000903,越城区,470,425,2025-03-03 03:10:00
SF00146,越城区,150,122,2025-03-03 03:10:00
SF00171,越城区,700,632,2025-03-03 03:10:00
HK00001,越城区,138,111,2025-03-03 03:10:00
SF00128,越城区,870,698,2025-03-03 03:10:00
HK00013,越城区,212,1,2025-03-03 03:10:00
SF00151,越城区,70,56,2025-03-03 03:10:00
SF00152,越城区,500,400,2025-03-03 03:10:00
SF001211,越城区,180,164,2025-03-03 03:10:00
SF00159,越城区,230,100,2025-03-03 03:10:00
HK00010,越城区,170,13,2025-03-03 03:10:00
SF00107,越城区,200,107,2025-03-03 03:10:00
SF00124,越城区,500,402,2025-03-03 03:10:00
HK00009,越城区,467,33,2025-03-03 03:10:00
HK00021,越城区,150,105,2025-03-03 03:10:00
SF000901,越城区,500,393,2025-03-03 03:10:00
SF00118,越城区,100,81,2025-03-03 03:10:00
SF00939,越城区,350,320,2025-03-03 03:00:02
SF00934,越城区,200,181,2025-03-03 03:00:02
SF00926,越城区,120,96,2025-03-03 03:00:02
SF00925,越城区,50,44,2025-03-03 03:00:02
SF00931,越城区,75,62,2025-03-03 03:00:02
SF00932,越城区,60,42,2025-03-03 03:00:02
SF00935,越城区,110,91,2025-03-03 03:00:02
SF00927,越城区,240,221,2025-03-03 03:00:02
SF00928,越城区,300,237,2025-03-03 03:00:02
SF00923,越城区,150,140,2025-03-03 03:00:02
SF00933,越城区,37,33,2025-03-03 03:00:02
SF00929,越城区,1300,1171,2025-03-03 03:00:02
SF00930,越城区,300,271,2025-03-03 03:00:02
SF00921,越城区,170,155,2025-03-03 03:00:02
SF00920,越城区,80,49,2025-03-03 03:00:02
SF00912,越城区,85,65,2025-03-03 03:00:01
SF00171,越城区,700,632,2025-03-03 03:00:01
SF00906,越城区,180,165,2025-03-03 03:00:01
SF00901,越城区,76,62,2025-03-03 03:00:01
SF00173,越城区,450,115,2025-03-03 03:00:01
SF00911,越城区,20,1,2025-03-03 03:00:01
SF00180,越城区,85,70,2025-03-03 03:00:01
SF00918,越城区,140,131,2025-03-03 03:00:01
SF00908,越城区,180,146,2025-03-03 03:00:01
SF00914,越城区,280,254,2025-03-03 03:00:01
SF00905,越城区,95,76,2025-03-03 03:00:01
SF00182,越城区,35,19,2025-03-03 03:00:01
SF00917,越城区,150,139,2025-03-03 03:00:01
SF00187,越城区,55,42,2025-03-03 03:00:01
SF00902,越城区,110,102,2025-03-03 03:00:01
SF00915,越城区,286,259,2025-03-03 03:00:01
SF00913,越城区,45,43,2025-03-03 03:00:01
SF00909,越城区,100,82,2025-03-03 03:00:01
SF00174,越城区,100,74,2025-03-03 03:00:01
SF00904,越城区,180,166,2025-03-03 03:00:01
SF00916,越城区,90,73,2025-03-03 03:00:01
SF00159,越城区,230,99,2025-03-03 03:00:01
SF00910,越城区,100,91,2025-03-03 03:00:01
SF00903,越城区,147,135,2025-03-03 03:00:01
SF00919,越城区,50,48,2025-03-03 03:00:01
SF00907,越城区,400,95,2025-03-03 03:00:01
SF00121,越城区,1,0,2025-03-03 03:00:00
SF00104,越城区,50,42,2025-03-03 03:00:00
SF00155,越城区,125,117,2025-03-03 03:00:00
SF00141,越城区,50,42,2025-03-03 03:00:00
SF00152,越城区,500,401,2025-03-03 03:00:00
SF000901,越城区,500,390,2025-03-03 03:00:00
HK00009,越城区,467,33,2025-03-03 03:00:00
SF00107,越城区,200,98,2025-03-03 03:00:00
SF00124,越城区,500,400,2025-03-03 03:00:00
SF00146,越城区,150,118,2025-03-03 03:00:00
HK00021,越城区,150,105,2025-03-03 03:00:00
SF00151,越城区,70,56,2025-03-03 03:00:00
SF001211,越城区,180,164,2025-03-03 03:00:00
HK00020,越城区,1800,188,2025-03-03 03:00:00
SF001041,越城区,90,84,2025-03-03 03:00:00
SF00118,越城区,100,78,2025-03-03 03:00:00
HK00001,越城区,138,109,2025-03-03 03:00:00
SF000903,越城区,470,428,2025-03-03 03:00:00
SF00133,越城区,260,228,2025-03-03 03:00:00
SF00119,越城区,50,39,2025-03-03 03:00:00
SF00120,越城区,220,168,2025-03-03 03:00:00
SF000902,越城区,300,273,2025-03-03 03:00:00
HK00013,越城区,212,1,2025-03-03 03:00:00
HK00010,越城区,170,13,2025-03-03 03:00:00
SF00128,越城区,870,697,2025-03-03 03:00:00
SF00906,越城区,180,165,2025-03-03 02:50:01
SF00902,越城区,110,102,2025-03-03 02:50:01
SF00933,越城区,37,33,2025-03-03 02:50:01
SF00920,越城区,80,49,2025-03-03 02:50:01
SF00917,越城区,150,139,2025-03-03 02:50:01
SF00911,越城区,20,1,2025-03-03 02:50:01
SF00934,越城区,200,181,2025-03-03 02:50:01
SF00923,越城区,150,140,2025-03-03 02:50:01
SF00912,越城区,85,70,2025-03-03 02:50:01
SF00910,越城区,100,91,2025-03-03 02:50:01
SF00909,越城区,100,79,2025-03-03 02:50:01
SF00935,越城区,110,91,2025-03-03 02:50:01
SF00905,越城区,95,77,2025-03-03 02:50:01
SF00919,越城区,50,48,2025-03-03 02:50:01
SF00903,越城区,147,135,2025-03-03 02:50:01
SF00904,越城区,180,166,2025-03-03 02:50:01
SF00915,越城区,286,257,2025-03-03 02:50:01
SF00929,越城区,1300,1171,2025-03-03 02:50:01
SF00927,越城区,240,221,2025-03-03 02:50:01
SF00930,越城区,300,271,2025-03-03 02:50:01
SF00908,越城区,180,145,2025-03-03 02:50:01
SF00931,越城区,75,58,2025-03-03 02:50:01
SF00918,越城区,140,131,2025-03-03 02:50:01
SF00913,越城区,45,43,2025-03-03 02:50:01
SF00916,越城区,90,70,2025-03-03 02:50:01
SF00932,越城区,60,42,2025-03-03 02:50:01
SF00914,越城区,280,254,2025-03-03 02:50:01
SF00939,越城区,350,320,2025-03-03 02:50:01
SF00928,越城区,300,233,2025-03-03 02:50:01
SF00925,越城区,50,44,2025-03-03 02:50:01
SF00907,越城区,400,96,2025-03-03 02:50:01
SF00921,越城区,170,155,2025-03-03 02:50:01
SF00926,越城区,120,94,2025-03-03 02:50:01
SF00174,越城区,100,74,2025-03-03 02:50:00
SF00159,越城区,230,99,2025-03-03 02:50:00
SF00901,越城区,76,62,2025-03-03 02:50:00
SF00151,越城区,70,56,2025-03-03 02:50:00
SF00104,越城区,50,42,2025-03-03 02:50:00
SF00128,越城区,870,697,2025-03-03 02:50:00
SF00152,越城区,500,400,2025-03-03 02:50:00
SF00171,越城区,700,632,2025-03-03 02:50:00
SF00173,越城区,450,116,2025-03-03 02:50:00
SF00182,越城区,35,19,2025-03-03 02:50:00
HK00009,越城区,467,33,2025-03-03 02:50:00
HK00013,越城区,212,1,2025-03-03 02:50:00
SF000903,越城区,470,428,2025-03-03 02:50:00
SF00119,越城区,50,40,2025-03-03 02:50:00
SF00118,越城区,100,79,2025-03-03 02:50:00
HK00010,越城区,170,13,2025-03-03 02:50:00
SF000901,越城区,500,390,2025-03-03 02:50:00
HK00020,越城区,1800,188,2025-03-03 02:50:00
SF00141,越城区,50,42,2025-03-03 02:50:00
SF00155,越城区,125,117,2025-03-03 02:50:00
SF00133,越城区,260,227,2025-03-03 02:50:00
SF00146,越城区,150,121,2025-03-03 02:50:00
HK00001,越城区,138,108,2025-03-03 02:50:00
SF00121,越城区,1,0,2025-03-03 02:50:00
SF00124,越城区,500,400,2025-03-03 02:50:00
SF00107,越城区,200,98,2025-03-03 02:50:00
SF00180,越城区,85,70,2025-03-03 02:50:00
SF00187,越城区,55,46,2025-03-03 02:50:00
HK00021,越城区,150,105,2025-03-03 02:50:00
SF001211,越城区,180,164,2025-03-03 02:50:00
SF001041,越城区,90,84,2025-03-03 02:50:00
SF000902,越城区,300,273,2025-03-03 02:50:00
SF00120,越城区,220,168,2025-03-03 02:50:00
SF00931,越城区,75,60,2025-03-03 02:40:02
SF00932,越城区,60,42,2025-03-03 02:40:02
SF00934,越城区,200,181,2025-03-03 02:40:02
SF00930,越城区,300,271,2025-03-03 02:40:02
SF00933,越城区,37,33,2025-03-03 02:40:02
SF00935,越城区,110,91,2025-03-03 02:40:02
SF00939,越城区,350,320,2025-03-03 02:40:02
SF00919,越城区,50,48,2025-03-03 02:40:01
SF00928,越城区,300,232,2025-03-03 02:40:01
SF00927,越城区,240,221,2025-03-03 02:40:01
SF00906,越城区,180,165,2025-03-03 02:40:01
SF00905,越城区,95,74,2025-03-03 02:40:01
SF00929,越城区,1300,1171,2025-03-03 02:40:01
SF00901,越城区,76,62,2025-03-03 02:40:01
SF00913,越城区,45,43,2025-03-03 02:40:01
SF00907,越城区,400,95,2025-03-03 02:40:01
SF00918,越城区,140,131,2025-03-03 02:40:01
SF00180,越城区,85,69,2025-03-03 02:40:01
SF00917,越城区,150,139,2025-03-03 02:40:01
SF00914,越城区,280,254,2025-03-03 02:40:01
SF00912,越城区,85,68,2025-03-03 02:40:01
SF00187,越城区,55,44,2025-03-03 02:40:01
SF00910,越城区,100,91,2025-03-03 02:40:01
SF00908,越城区,180,144,2025-03-03 02:40:01
SF00902,越城区,110,102,2025-03-03 02:40:01
SF00915,越城区,286,261,2025-03-03 02:40:01
SF00920,越城区,80,49,2025-03-03 02:40:01
SF00916,越城区,90,70,2025-03-03 02:40:01
SF00926,越城区,120,94,2025-03-03 02:40:01
SF00904,越城区,180,166,2025-03-03 02:40:01
SF00923,越城区,150,140,2025-03-03 02:40:01
SF00903,越城区,147,135,2025-03-03 02:40:01
SF00921,越城区,170,155,2025-03-03 02:40:01
SF00925,越城区,50,44,2025-03-03 02:40:01
SF00182,越城区,35,19,2025-03-03 02:40:01
SF00911,越城区,20,1,2025-03-03 02:40:01
SF00909,越城区,100,79,2025-03-03 02:40:01
SF00120,越城区,220,168,2025-03-03 02:40:00
SF000903,越城区,470,428,2025-03-03 02:40:00
SF00121,越城区,1,0,2025-03-03 02:40:00
SF000901,越城区,500,386,2025-03-03 02:40:00
SF001041,越城区,90,84,2025-03-03 02:40:00
SF00107,越城区,200,98,2025-03-03 02:40:00
HK00021,越城区,150,105,2025-03-03 02:40:00
SF00155,越城区,125,117,2025-03-03 02:40:00
SF00174,越城区,100,74,2025-03-03 02:40:00
SF00124,越城区,500,399,2025-03-03 02:40:00
HK00013,越城区,212,1,2025-03-03 02:40:00
SF00171,越城区,700,632,2025-03-03 02:40:00
SF00119,越城区,50,40,2025-03-03 02:40:00
SF00141,越城区,50,42,2025-03-03 02:40:00
SF00152,越城区,500,399,2025-03-03 02:40:00
HK00001,越城区,138,111,2025-03-03 02:40:00
SF001211,越城区,180,164,2025-03-03 02:40:00
SF00159,越城区,230,97,2025-03-03 02:40:00
SF00104,越城区,50,38,2025-03-03 02:40:00
HK00010,越城区,170,13,2025-03-03 02:40:00
SF00118,越城区,100,80,2025-03-03 02:40:00
SF00173,越城区,450,116,2025-03-03 02:40:00
SF00151,越城区,70,56,2025-03-03 02:40:00
SF00146,越城区,150,118,2025-03-03 02:40:00
SF00133,越城区,260,226,2025-03-03 02:40:00
SF000902,越城区,300,274,2025-03-03 02:40:00
HK00020,越城区,1800,188,2025-03-03 02:40:00
HK00009,越城区,467,33,2025-03-03 02:40:00
SF00128,越城区,870,698,2025-03-03 02:40:00
SF00928,越城区,300,230,2025-03-03 02:30:02
SF00926,越城区,120,94,2025-03-03 02:30:02
SF00932,越城区,60,42,2025-03-03 02:30:02
SF00939,越城区,350,320,2025-03-03 02:30:02
SF00933,越城区,37,33,2025-03-03 02:30:02
SF00934,越城区,200,181,2025-03-03 02:30:02
SF00923,越城区,150,140,2025-03-03 02:30:02
SF00930,越城区,300,271,2025-03-03 02:30:02
SF00929,越城区,1300,1171,2025-03-03 02:30:02
SF00925,越城区,50,44,2025-03-03 02:30:02
SF00935,越城区,110,91,2025-03-03 02:30:02
SF00927,越城区,240,221,2025-03-03 02:30:02
SF00931,越城区,75,60,2025-03-03 02:30:02
SF00921,越城区,170,155,2025-03-03 02:30:01
SF00916,越城区,90,72,2025-03-03 02:30:01
SF00901,越城区,76,62,2025-03-03 02:30:01
SF00909,越城区,100,79,2025-03-03 02:30:01
SF00917,越城区,150,139,2025-03-03 02:30:01
SF00919,越城区,50,48,2025-03-03 02:30:01
SF00903,越城区,147,135,2025-03-03 02:30:01
SF00906,越城区,180,165,2025-03-03 02:30:01
SF00180,越城区,85,69,2025-03-03 02:30:01
SF00910,越城区,100,91,2025-03-03 02:30:01
SF00907,越城区,400,98,2025-03-03 02:30:01
SF00173,越城区,450,118,2025-03-03 02:30:01
SF00174,越城区,100,74,2025-03-03 02:30:01
SF00914,越城区,280,254,2025-03-03 02:30:01
SF00908,越城区,180,141,2025-03-03 02:30:01
SF00911,越城区,20,1,2025-03-03 02:30:01
SF00171,越城区,700,634,2025-03-03 02:30:01
SF00182,越城区,35,19,2025-03-03 02:30:01
SF00920,越城区,80,49,2025-03-03 02:30:01
SF00904,越城区,180,166,2025-03-03 02:30:01
SF00187,越城区,55,46,2025-03-03 02:30:01
SF00902,越城区,110,102,2025-03-03 02:30:01
SF00159,越城区,230,97,2025-03-03 02:30:01
SF00912,越城区,85,65,2025-03-03 02:30:01
SF00915,越城区,286,261,2025-03-03 02:30:01
SF00918,越城区,140,131,2025-03-03 02:30:01
SF00905,越城区,95,78,2025-03-03 02:30:01
SF00913,越城区,45,43,2025-03-03 02:30:01
HK00020,越城区,1800,188,2025-03-03 02:30:00
SF00107,越城区,200,96,2025-03-03 02:30:00
SF00120,越城区,220,168,2025-03-03 02:30:00
SF00152,越城区,500,402,2025-03-03 02:30:00
SF000902,越城区,300,274,2025-03-03 02:30:00
SF00128,越城区,870,696,2025-03-03 02:30:00
SF00121,越城区,1,0,2025-03-03 02:30:00
HK00021,越城区,150,105,2025-03-03 02:30:00
HK00009,越城区,467,33,2025-03-03 02:30:00
HK00013,越城区,212,1,2025-03-03 02:30:00
SF000903,越城区,470,428,2025-03-03 02:30:00
SF000901,越城区,500,388,2025-03-03 02:30:00
HK00001,越城区,138,108,2025-03-03 02:30:00
SF001041,越城区,90,84,2025-03-03 02:30:00
SF001211,越城区,180,164,2025-03-03 02:30:00
SF00104,越城区,50,42,2025-03-03 02:30:00
SF00155,越城区,125,117,2025-03-03 02:30:00
SF00118,越城区,100,80,2025-03-03 02:30:00
HK00010,越城区,170,13,2025-03-03 02:30:00
SF00141,越城区,50,42,2025-03-03 02:30:00
SF00124,越城区,500,401,2025-03-03 02:30:00
SF00146,越城区,150,120,2025-03-03 02:30:00
SF00119,越城区,50,39,2025-03-03 02:30:00
SF00151,越城区,70,56,2025-03-03 02:30:00
SF00133,越城区,260,226,2025-03-03 02:30:00
SF00935,越城区,110,91,2025-03-03 02:20:02
SF00934,越城区,200,181,2025-03-03 02:20:02
SF00939,越城区,350,320,2025-03-03 02:20:02
SF00907,越城区,400,98,2025-03-03 02:20:01
SF00910,越城区,100,91,2025-03-03 02:20:01
SF00916,越城区,90,72,2025-03-03 02:20:01
SF00918,越城区,140,131,2025-03-03 02:20:01
SF00182,越城区,35,19,2025-03-03 02:20:01
SF00917,越城区,150,139,2025-03-03 02:20:01
SF00929,越城区,1300,1171,2025-03-03 02:20:01
SF00905,越城区,95,78,2025-03-03 02:20:01
SF00926,越城区,120,98,2025-03-03 02:20:01
SF00902,越城区,110,102,2025-03-03 02:20:01
SF00923,越城区,150,140,2025-03-03 02:20:01
SF00928,越城区,300,229,2025-03-03 02:20:01
SF00914,越城区,280,254,2025-03-03 02:20:01
SF00906,越城区,180,165,2025-03-03 02:20:01
SF00921,越城区,170,155,2025-03-03 02:20:01
SF00901,越城区,76,62,2025-03-03 02:20:01
SF00931,越城区,75,61,2025-03-03 02:20:01
SF00911,越城区,20,1,2025-03-03 02:20:01
SF00909,越城区,100,82,2025-03-03 02:20:01
SF00908,越城区,180,142,2025-03-03 02:20:01
SF00903,越城区,147,135,2025-03-03 02:20:01
SF00915,越城区,286,259,2025-03-03 02:20:01
SF00927,越城区,240,221,2025-03-03 02:20:01
SF00933,越城区,37,33,2025-03-03 02:20:01
SF00913,越城区,45,43,2025-03-03 02:20:01
SF00912,越城区,85,66,2025-03-03 02:20:01
SF00920,越城区,80,49,2025-03-03 02:20:01
SF00930,越城区,300,271,2025-03-03 02:20:01
SF00932,越城区,60,42,2025-03-03 02:20:01
SF00925,越城区,50,44,2025-03-03 02:20:01
SF00919,越城区,50,48,2025-03-03 02:20:01
SF00187,越城区,55,44,2025-03-03 02:20:01
SF00904,越城区,180,166,2025-03-03 02:20:01
SF00107,越城区,200,95,2025-03-03 02:20:00
SF00180,越城区,85,69,2025-03-03 02:20:00
SF00124,越城区,500,402,2025-03-03 02:20:00
SF00151,越城区,70,56,2025-03-03 02:20:00
SF00128,越城区,870,698,2025-03-03 02:20:00
SF000902,越城区,300,274,2025-03-03 02:20:00
SF00133,越城区,260,226,2025-03-03 02:20:00
SF00171,越城区,700,634,2025-03-03 02:20:00
SF000901,越城区,500,388,2025-03-03 02:20:00
SF00104,越城区,50,39,2025-03-03 02:20:00
SF00173,越城区,450,121,2025-03-03 02:20:00
SF00155,越城区,125,117,2025-03-03 02:20:00
SF00174,越城区,100,74,2025-03-03 02:20:00
SF001211,越城区,180,164,2025-03-03 02:20:00
HK00009,越城区,467,33,2025-03-03 02:20:00
HK00021,越城区,150,105,2025-03-03 02:20:00
SF000903,越城区,470,428,2025-03-03 02:20:00
SF00119,越城区,50,43,2025-03-03 02:20:00
HK00001,越城区,138,110,2025-03-03 02:20:00
HK00013,越城区,212,1,2025-03-03 02:20:00
HK00010,越城区,170,13,2025-03-03 02:20:00
SF00141,越城区,50,42,2025-03-03 02:20:00
SF001041,越城区,90,84,2025-03-03 02:20:00
SF00152,越城区,500,398,2025-03-03 02:20:00
SF00120,越城区,220,168,2025-03-03 02:20:00
SF00146,越城区,150,118,2025-03-03 02:20:00
SF00159,越城区,230,99,2025-03-03 02:20:00
SF00121,越城区,1,0,2025-03-03 02:20:00
HK00020,越城区,1800,188,2025-03-03 02:20:00
SF00118,越城区,100,80,2025-03-03 02:20:00
SF00932,越城区,60,42,2025-03-03 02:10:02
SF00930,越城区,300,271,2025-03-03 02:10:02
SF00928,越城区,300,225,2025-03-03 02:10:02
SF00931,越城区,75,62,2025-03-03 02:10:02
SF00934,越城区,200,181,2025-03-03 02:10:02
SF00929,越城区,1300,1171,2025-03-03 02:10:02
SF00935,越城区,110,91,2025-03-03 02:10:02
SF00926,越城区,120,94,2025-03-03 02:10:02
SF00933,越城区,37,33,2025-03-03 02:10:02
SF00939,越城区,350,320,2025-03-03 02:10:02
SF00927,越城区,240,221,2025-03-03 02:10:02
SF00919,越城区,50,48,2025-03-03 02:10:01
SF00923,越城区,150,140,2025-03-03 02:10:01
SF00904,越城区,180,166,2025-03-03 02:10:01
SF00917,越城区,150,139,2025-03-03 02:10:01
SF00903,越城区,147,135,2025-03-03 02:10:01
SF00909,越城区,100,79,2025-03-03 02:10:01
SF00925,越城区,50,44,2025-03-03 02:10:01
SF00918,越城区,140,131,2025-03-03 02:10:01
SF00912,越城区,85,69,2025-03-03 02:10:01
SF00906,越城区,180,165,2025-03-03 02:10:01
SF00920,越城区,80,49,2025-03-03 02:10:01
SF00902,越城区,110,102,2025-03-03 02:10:01
SF00908,越城区,180,147,2025-03-03 02:10:01
SF00907,越城区,400,98,2025-03-03 02:10:01
SF00180,越城区,85,69,2025-03-03 02:10:01
SF00910,越城区,100,91,2025-03-03 02:10:01
SF00905,越城区,95,78,2025-03-03 02:10:01
SF00182,越城区,35,19,2025-03-03 02:10:01
SF00921,越城区,170,155,2025-03-03 02:10:01
SF00187,越城区,55,44,2025-03-03 02:10:01
SF00173,越城区,450,121,2025-03-03 02:10:01
SF00901,越城区,76,62,2025-03-03 02:10:01
SF00916,越城区,90,71,2025-03-03 02:10:01
SF00174,越城区,100,74,2025-03-03 02:10:01
SF00913,越城区,45,43,2025-03-03 02:10:01
SF00911,越城区,20,1,2025-03-03 02:10:01
SF00915,越城区,286,257,2025-03-03 02:10:01
SF00914,越城区,280,254,2025-03-03 02:10:01
SF000901,越城区,500,391,2025-03-03 02:10:00
SF00133,越城区,260,226,2025-03-03 02:10:00
SF001041,越城区,90,84,2025-03-03 02:10:00
SF00152,越城区,500,401,2025-03-03 02:10:00
HK00021,越城区,150,105,2025-03-03 02:10:00
SF00146,越城区,150,119,2025-03-03 02:10:00
SF00141,越城区,50,41,2025-03-03 02:10:00
SF00120,越城区,220,168,2025-03-03 02:10:00
SF00151,越城区,70,56,2025-03-03 02:10:00
SF00128,越城区,870,698,2025-03-03 02:10:00
HK00010,越城区,170,13,2025-03-03 02:10:00
SF00121,越城区,1,0,2025-03-03 02:10:00
SF001211,越城区,180,164,2025-03-03 02:10:00
SF00124,越城区,500,399,2025-03-03 02:10:00
SF00171,越城区,700,634,2025-03-03 02:10:00
HK00009,越城区,467,33,2025-03-03 02:10:00
SF00107,越城区,200,95,2025-03-03 02:10:00
SF000902,越城区,300,272,2025-03-03 02:10:00
SF00118,越城区,100,82,2025-03-03 02:10:00
SF00155,越城区,125,117,2025-03-03 02:10:00
HK00020,越城区,1800,188,2025-03-03 02:10:00
SF000903,越城区,470,427,2025-03-03 02:10:00
SF00159,越城区,230,96,2025-03-03 02:10:00
HK00001,越城区,138,111,2025-03-03 02:10:00
SF00119,越城区,50,37,2025-03-03 02:10:00
HK00013,越城区,212,1,2025-03-03 02:10:00
SF00104,越城区,50,39,2025-03-03 02:10:00
SF00919,越城区,50,48,2025-03-03 02:00:02
SF00921,越城区,170,155,2025-03-03 02:00:02
SF00932,越城区,60,42,2025-03-03 02:00:02
SF00931,越城区,75,59,2025-03-03 02:00:02
SF00935,越城区,110,89,2025-03-03 02:00:02
SF00925,越城区,50,44,2025-03-03 02:00:02
SF00920,越城区,80,49,2025-03-03 02:00:02
SF00923,越城区,150,140,2025-03-03 02:00:02
SF00930,越城区,300,271,2025-03-03 02:00:02
SF00939,越城区,350,320,2025-03-03 02:00:02
SF00928,越城区,300,224,2025-03-03 02:00:02
SF00927,越城区,240,221,2025-03-03 02:00:02
SF00933,越城区,37,33,2025-03-03 02:00:02
SF00926,越城区,120,96,2025-03-03 02:00:02
SF00934,越城区,200,181,2025-03-03 02:00:02
SF00929,越城区,1300,1171,2025-03-03 02:00:02
SF00901,越城区,76,62,2025-03-03 02:00:01
SF00180,越城区,85,68,2025-03-03 02:00:01
SF00914,越城区,280,254,2025-03-03 02:00:01
SF00915,越城区,286,256,2025-03-03 02:00:01
SF00911,越城区,20,1,2025-03-03 02:00:01
SF00906,越城区,180,165,2025-03-03 02:00:01
SF00904,越城区,180,166,2025-03-03 02:00:01
SF00908,越城区,180,147,2025-03-03 02:00:01
SF00918,越城区,140,131,2025-03-03 02:00:01
SF00907,越城区,400,88,2025-03-03 02:00:01
SF00909,越城区,100,78,2025-03-03 02:00:01
SF00910,越城区,100,91,2025-03-03 02:00:01
SF00159,越城区,230,91,2025-03-03 02:00:01
SF00174,越城区,100,72,2025-03-03 02:00:01
SF00916,越城区,90,73,2025-03-03 02:00:01
SF00912,越城区,85,70,2025-03-03 02:00:01
SF00171,越城区,700,635,2025-03-03 02:00:01
SF00173,越城区,450,118,2025-03-03 02:00:01
SF00913,越城区,45,43,2025-03-03 02:00:01
SF00902,越城区,110,102,2025-03-03 02:00:01
SF00155,越城区,125,117,2025-03-03 02:00:01
SF00903,越城区,147,135,2025-03-03 02:00:01
SF00905,越城区,95,78,2025-03-03 02:00:01
SF00917,越城区,150,139,2025-03-03 02:00:01
SF00182,越城区,35,18,2025-03-03 02:00:01
SF00152,越城区,500,399,2025-03-03 02:00:01
SF00151,越城区,70,56,2025-03-03 02:00:01
SF00187,越城区,55,45,2025-03-03 02:00:01
SF001211,越城区,180,164,2025-03-03 02:00:00
HK00020,越城区,1800,188,2025-03-03 02:00:00
SF000901,越城区,500,388,2025-03-03 02:00:00
SF00124,越城区,500,398,2025-03-03 02:00:00
SF00133,越城区,260,226,2025-03-03 02:00:00
SF00104,越城区,50,42,2025-03-03 02:00:00
SF000903,越城区,470,425,2025-03-03 02:00:00
SF00121,越城区,1,0,2025-03-03 02:00:00
HK00021,越城区,150,105,2025-03-03 02:00:00
SF00146,越城区,150,118,2025-03-03 02:00:00
HK00009,越城区,467,33,2025-03-03 02:00:00
SF00118,越城区,100,78,2025-03-03 02:00:00
SF000902,越城区,300,271,2025-03-03 02:00:00
SF00141,越城区,50,37,2025-03-03 02:00:00
SF00119,越城区,50,40,2025-03-03 02:00:00
HK00013,越城区,212,1,2025-03-03 02:00:00
SF001041,越城区,90,84,2025-03-03 02:00:00
SF00128,越城区,870,698,2025-03-03 02:00:00
SF00120,越城区,220,165,2025-03-03 02:00:00
HK00001,越城区,138,110,2025-03-03 02:00:00
HK00010,越城区,170,13,2025-03-03 02:00:00
SF00107,越城区,200,85,2025-03-03 02:00:00
SF00929,越城区,1300,1171,2025-03-03 01:50:02
SF00926,越城区,120,96,2025-03-03 01:50:02
SF00919,越城区,50,48,2025-03-03 01:50:02
SF00939,越城区,350,320,2025-03-03 01:50:02
SF00930,越城区,300,271,2025-03-03 01:50:02
SF00923,越城区,150,140,2025-03-03 01:50:02
SF00928,越城区,300,219,2025-03-03 01:50:02
SF00921,越城区,170,155,2025-03-03 01:50:02
SF00927,越城区,240,221,2025-03-03 01:50:02
SF00933,越城区,37,33,2025-03-03 01:50:02
SF00920,越城区,80,49,2025-03-03 01:50:02
SF00934,越城区,200,181,2025-03-03 01:50:02
SF00935,越城区,110,89,2025-03-03 01:50:02
SF00931,越城区,75,59,2025-03-03 01:50:02
SF00932,越城区,60,42,2025-03-03 01:50:02
SF00925,越城区,50,44,2025-03-03 01:50:02
SF00906,越城区,180,165,2025-03-03 01:50:01
SF00907,越城区,400,88,2025-03-03 01:50:01
SF00174,越城区,100,72,2025-03-03 01:50:01
SF00912,越城区,85,66,2025-03-03 01:50:01
SF00901,越城区,76,62,2025-03-03 01:50:01
SF00182,越城区,35,18,2025-03-03 01:50:01
SF00914,越城区,280,254,2025-03-03 01:50:01
SF00173,越城区,450,118,2025-03-03 01:50:01
SF00915,越城区,286,256,2025-03-03 01:50:01
SF00913,越城区,45,43,2025-03-03 01:50:01
SF00903,越城区,147,135,2025-03-03 01:50:01
SF00159,越城区,230,91,2025-03-03 01:50:01
SF00908,越城区,180,141,2025-03-03 01:50:01
SF00917,越城区,150,139,2025-03-03 01:50:01
SF00909,越城区,100,81,2025-03-03 01:50:01
SF00916,越城区,90,74,2025-03-03 01:50:01
SF00918,越城区,140,131,2025-03-03 01:50:01
SF00911,越城区,20,1,2025-03-03 01:50:01
SF00910,越城区,100,91,2025-03-03 01:50:01
SF00905,越城区,95,78,2025-03-03 01:50:01
SF00180,越城区,85,68,2025-03-03 01:50:01
SF00904,越城区,180,166,2025-03-03 01:50:01
SF00187,越城区,55,46,2025-03-03 01:50:01
SF00155,越城区,125,117,2025-03-03 01:50:01
SF00171,越城区,700,635,2025-03-03 01:50:01
SF00902,越城区,110,102,2025-03-03 01:50:01
SF001041,越城区,90,84,2025-03-03 01:50:00
SF00141,越城区,50,38,2025-03-03 01:50:00
SF000903,越城区,470,425,2025-03-03 01:50:00
HK00010,越城区,170,13,2025-03-03 01:50:00
HK00020,越城区,1800,188,2025-03-03 01:50:00
SF00124,越城区,500,398,2025-03-03 01:50:00
SF00128,越城区,870,694,2025-03-03 01:50:00
SF00119,越城区,50,43,2025-03-03 01:50:00
SF00133,越城区,260,226,2025-03-03 01:50:00
HK00021,越城区,150,105,2025-03-03 01:50:00
SF00104,越城区,50,39,2025-03-03 01:50:00
SF001211,越城区,180,164,2025-03-03 01:50:00
SF00118,越城区,100,79,2025-03-03 01:50:00
HK00001,越城区,138,110,2025-03-03 01:50:00
SF000901,越城区,500,381,2025-03-03 01:50:00
SF00152,越城区,500,401,2025-03-03 01:50:00
SF00121,越城区,1,0,2025-03-03 01:50:00
SF00107,越城区,200,80,2025-03-03 01:50:00
SF00146,越城区,150,121,2025-03-03 01:50:00
HK00009,越城区,467,33,2025-03-03 01:50:00
SF00120,越城区,220,165,2025-03-03 01:50:00
HK00013,越城区,212,1,2025-03-03 01:50:00
SF00151,越城区,70,56,2025-03-03 01:50:00
SF000902,越城区,300,271,2025-03-03 01:50:00
SF00926,越城区,120,95,2025-03-03 01:40:02
SF00930,越城区,300,271,2025-03-03 01:40:02
SF00921,越城区,170,155,2025-03-03 01:40:02
SF00927,越城区,240,221,2025-03-03 01:40:02
SF00928,越城区,300,215,2025-03-03 01:40:02
SF00934,越城区,200,181,2025-03-03 01:40:02
SF00929,越城区,1300,1171,2025-03-03 01:40:02
SF00925,越城区,50,44,2025-03-03 01:40:02
SF00933,越城区,37,33,2025-03-03 01:40:02
SF00939,越城区,350,320,2025-03-03 01:40:02
SF00923,越城区,150,140,2025-03-03 01:40:02
SF00932,越城区,60,42,2025-03-03 01:40:02
SF00935,越城区,110,89,2025-03-03 01:40:02
SF00931,越城区,75,60,2025-03-03 01:40:02
SF00916,越城区,90,72,2025-03-03 01:40:01
SF00919,越城区,50,48,2025-03-03 01:40:01
SF00913,越城区,45,43,2025-03-03 01:40:01
SF00171,越城区,700,635,2025-03-03 01:40:01
SF00917,越城区,150,139,2025-03-03 01:40:01
SF00902,越城区,110,102,2025-03-03 01:40:01
SF00920,越城区,80,49,2025-03-03 01:40:01
SF00906,越城区,180,165,2025-03-03 01:40:01
SF00173,越城区,450,119,2025-03-03 01:40:01
SF00180,越城区,85,68,2025-03-03 01:40:01
SF00182,越城区,35,18,2025-03-03 01:40:01
SF00904,越城区,180,166,2025-03-03 01:40:01
SF00915,越城区,286,256,2025-03-03 01:40:01
SF00909,越城区,100,80,2025-03-03 01:40:01
SF00912,越城区,85,68,2025-03-03 01:40:01
SF00910,越城区,100,91,2025-03-03 01:40:01
SF00908,越城区,180,142,2025-03-03 01:40:01
SF00901,越城区,76,62,2025-03-03 01:40:01
SF00903,越城区,147,135,2025-03-03 01:40:01
SF00918,越城区,140,131,2025-03-03 01:40:01
SF00159,越城区,230,90,2025-03-03 01:40:01
SF00187,越城区,55,46,2025-03-03 01:40:01
SF00914,越城区,280,254,2025-03-03 01:40:01
SF00174,越城区,100,72,2025-03-03 01:40:01
SF00911,越城区,20,1,2025-03-03 01:40:01
SF00907,越城区,400,86,2025-03-03 01:40:01
SF00905,越城区,95,74,2025-03-03 01:40:01
SF00118,越城区,100,81,2025-03-03 01:40:00
SF00107,越城区,200,79,2025-03-03 01:40:00
HK00021,越城区,150,105,2025-03-03 01:40:00
SF00155,越城区,125,117,2025-03-03 01:40:00
SF00133,越城区,260,225,2025-03-03 01:40:00
HK00009,越城区,467,33,2025-03-03 01:40:00
SF001041,越城区,90,84,2025-03-03 01:40:00
SF00121,越城区,1,0,2025-03-03 01:40:00
HK00013,越城区,212,1,2025-03-03 01:40:00
SF00120,越城区,220,165,2025-03-03 01:40:00
SF00128,越城区,870,698,2025-03-03 01:40:00
SF00141,越城区,50,38,2025-03-03 01:40:00
SF00124,越城区,500,402,2025-03-03 01:40:00
SF00104,越城区,50,39,2025-03-03 01:40:00
SF000901,越城区,500,376,2025-03-03 01:40:00
SF001211,越城区,180,164,2025-03-03 01:40:00
SF00151,越城区,70,56,2025-03-03 01:40:00
SF00152,越城区,500,402,2025-03-03 01:40:00
SF000902,越城区,300,272,2025-03-03 01:40:00
SF00119,越城区,50,38,2025-03-03 01:40:00
HK00001,越城区,138,108,2025-03-03 01:40:00
SF000903,越城区,470,425,2025-03-03 01:40:00
SF00146,越城区,150,118,2025-03-03 01:40:00
HK00020,越城区,1800,188,2025-03-03 01:40:00
HK00010,越城区,170,13,2025-03-03 01:40:00
SF00939,越城区,350,320,2025-03-03 01:30:02
SF00931,越城区,75,60,2025-03-03 01:30:02
SF00930,越城区,300,271,2025-03-03 01:30:02
SF00928,越城区,300,215,2025-03-03 01:30:02
SF00933,越城区,37,33,2025-03-03 01:30:02
SF00929,越城区,1300,1171,2025-03-03 01:30:02
SF00934,越城区,200,181,2025-03-03 01:30:02
SF00932,越城区,60,42,2025-03-03 01:30:02
SF00927,越城区,240,218,2025-03-03 01:30:02
SF00935,越城区,110,89,2025-03-03 01:30:02
SF00904,越城区,180,166,2025-03-03 01:30:01
SF00905,越城区,95,76,2025-03-03 01:30:01
SF00907,越城区,400,87,2025-03-03 01:30:01
SF00912,越城区,85,69,2025-03-03 01:30:01
SF00914,越城区,280,254,2025-03-03 01:30:01
SF00913,越城区,45,43,2025-03-03 01:30:01
SF00916,越城区,90,71,2025-03-03 01:30:01
SF00173,越城区,450,120,2025-03-03 01:30:01
SF00901,越城区,76,61,2025-03-03 01:30:01
SF00918,越城区,140,131,2025-03-03 01:30:01
SF00923,越城区,150,140,2025-03-03 01:30:01
SF00908,越城区,180,141,2025-03-03 01:30:01
SF00919,越城区,50,48,2025-03-03 01:30:01
SF00180,越城区,85,68,2025-03-03 01:30:01
SF00909,越城区,100,80,2025-03-03 01:30:01
SF00182,越城区,35,17,2025-03-03 01:30:01
SF00187,越城区,55,44,2025-03-03 01:30:01
SF00902,越城区,110,102,2025-03-03 01:30:01
SF00915,越城区,286,255,2025-03-03 01:30:01
SF00911,越城区,20,1,2025-03-03 01:30:01
SF00920,越城区,80,49,2025-03-03 01:30:01
SF00917,越城区,150,139,2025-03-03 01:30:01
SF00903,越城区,147,135,2025-03-03 01:30:01
SF00926,越城区,120,94,2025-03-03 01:30:01
SF00906,越城区,180,165,2025-03-03 01:30:01
SF00174,越城区,100,72,2025-03-03 01:30:01
SF00925,越城区,50,44,2025-03-03 01:30:01
SF00910,越城区,100,91,2025-03-03 01:30:01
SF00921,越城区,170,155,2025-03-03 01:30:01
SF00159,越城区,230,88,2025-03-03 01:30:00
SF00119,越城区,50,40,2025-03-03 01:30:00
HK00009,越城区,467,33,2025-03-03 01:30:00
HK00020,越城区,1800,188,2025-03-03 01:30:00
SF00141,越城区,50,38,2025-03-03 01:30:00
HK00010,越城区,170,13,2025-03-03 01:30:00
SF001211,越城区,180,164,2025-03-03 01:30:00
SF00146,越城区,150,122,2025-03-03 01:30:00
SF000901,越城区,500,371,2025-03-03 01:30:00
SF00124,越城区,500,402,2025-03-03 01:30:00
SF00133,越城区,260,226,2025-03-03 01:30:00
SF00128,越城区,870,698,2025-03-03 01:30:00
HK00001,越城区,138,110,2025-03-03 01:30:00
HK00013,越城区,212,1,2025-03-03 01:30:00
HK00021,越城区,150,105,2025-03-03 01:30:00
SF000903,越城区,470,427,2025-03-03 01:30:00
SF00120,越城区,220,165,2025-03-03 01:30:00
SF00104,越城区,50,41,2025-03-03 01:30:00
SF00118,越城区,100,78,2025-03-03 01:30:00
SF000902,越城区,300,273,2025-03-03 01:30:00
SF00107,越城区,200,80,2025-03-03 01:30:00
SF001041,越城区,90,84,2025-03-03 01:30:00
SF00155,越城区,125,117,2025-03-03 01:30:00
SF00152,越城区,500,399,2025-03-03 01:30:00
SF00121,越城区,1,0,2025-03-03 01:30:00
SF00151,越城区,70,56,2025-03-03 01:30:00
SF00171,越城区,700,635,2025-03-03 01:30:00
SF00903,越城区,147,135,2025-03-03 01:20:01
SF00921,越城区,170,155,2025-03-03 01:20:01
SF00905,越城区,95,74,2025-03-03 01:20:01
SF00927,越城区,240,218,2025-03-03 01:20:01
SF00918,越城区,140,131,2025-03-03 01:20:01
SF00913,越城区,45,43,2025-03-03 01:20:01
SF00917,越城区,150,139,2025-03-03 01:20:01
SF00910,越城区,100,91,2025-03-03 01:20:01
SF00919,越城区,50,48,2025-03-03 01:20:01
SF00932,越城区,60,42,2025-03-03 01:20:01
SF00908,越城区,180,144,2025-03-03 01:20:01
SF00920,越城区,80,49,2025-03-03 01:20:01
SF00906,越城区,180,165,2025-03-03 01:20:01
SF00935,越城区,110,89,2025-03-03 01:20:01
SF00926,越城区,120,95,2025-03-03 01:20:01
SF00928,越城区,300,215,2025-03-03 01:20:01
SF00934,越城区,200,181,2025-03-03 01:20:01
SF00923,越城区,150,140,2025-03-03 01:20:01
SF00931,越城区,75,60,2025-03-03 01:20:01
SF00912,越城区,85,67,2025-03-03 01:20:01
SF00911,越城区,20,1,2025-03-03 01:20:01
SF00930,越城区,300,271,2025-03-03 01:20:01
SF00907,越城区,400,87,2025-03-03 01:20:01
SF00929,越城区,1300,1171,2025-03-03 01:20:01
SF00916,越城区,90,74,2025-03-03 01:20:01
SF00925,越城区,50,44,2025-03-03 01:20:01
SF00933,越城区,37,33,2025-03-03 01:20:01
SF00904,越城区,180,166,2025-03-03 01:20:01
SF00914,越城区,280,254,2025-03-03 01:20:01
SF00909,越城区,100,79,2025-03-03 01:20:01
SF00939,越城区,350,320,2025-03-03 01:20:01
SF00915,越城区,286,251,2025-03-03 01:20:01
SF00124,越城区,500,398,2025-03-03 01:20:00
HK00009,越城区,467,33,2025-03-03 01:20:00
SF00128,越城区,870,694,2025-03-03 01:20:00
SF00187,越城区,55,42,2025-03-03 01:20:00
HK00010,越城区,170,13,2025-03-03 01:20:00
SF00174,越城区,100,72,2025-03-03 01:20:00
SF00107,越城区,200,81,2025-03-03 01:20:00
SF00120,越城区,220,165,2025-03-03 01:20:00
SF00118,越城区,100,80,2025-03-03 01:20:00
SF00171,越城区,700,635,2025-03-03 01:20:00
SF001041,越城区,90,84,2025-03-03 01:20:00
HK00013,越城区,212,1,2025-03-03 01:20:00
HK00020,越城区,1800,188,2025-03-03 01:20:00
SF00146,越城区,150,122,2025-03-03 01:20:00
SF001211,越城区,180,164,2025-03-03 01:20:00
SF00902,越城区,110,102,2025-03-03 01:20:00
HK00001,越城区,138,112,2025-03-03 01:20:00
SF00119,越城区,50,39,2025-03-03 01:20:00
SF000903,越城区,470,428,2025-03-03 01:20:00
SF00901,越城区,76,61,2025-03-03 01:20:00
SF00104,越城区,50,40,2025-03-03 01:20:00
SF000901,越城区,500,364,2025-03-03 01:20:00
SF00141,越城区,50,38,2025-03-03 01:20:00
SF00133,越城区,260,227,2025-03-03 01:20:00
SF00182,越城区,35,17,2025-03-03 01:20:00
SF00151,越城区,70,56,2025-03-03 01:20:00
SF00173,越城区,450,122,2025-03-03 01:20:00
SF00152,越城区,500,402,2025-03-03 01:20:00
SF00180,越城区,85,68,2025-03-03 01:20:00
HK00021,越城区,150,105,2025-03-03 01:20:00
SF00159,越城区,230,86,2025-03-03 01:20:00
SF000902,越城区,300,271,2025-03-03 01:20:00
SF00155,越城区,125,117,2025-03-03 01:20:00
SF00121,越城区,1,0,2025-03-03 01:20:00
SF00932,越城区,60,42,2025-03-03 01:10:02
SF00939,越城区,350,320,2025-03-03 01:10:02
SF00934,越城区,200,181,2025-03-03 01:10:02
SF00933,越城区,37,33,2025-03-03 01:10:02
SF00930,越城区,300,271,2025-03-03 01:10:02
SF00935,越城区,110,89,2025-03-03 01:10:02
SF00931,越城区,75,60,2025-03-03 01:10:02
SF00927,越城区,240,221,2025-03-03 01:10:01
SF00911,越城区,20,1,2025-03-03 01:10:01
SF00174,越城区,100,72,2025-03-03 01:10:01
SF00916,越城区,90,72,2025-03-03 01:10:01
SF00920,越城区,80,47,2025-03-03 01:10:01
SF00913,越城区,45,43,2025-03-03 01:10:01
SF00908,越城区,180,142,2025-03-03 01:10:01
SF00912,越城区,85,69,2025-03-03 01:10:01
SF00905,越城区,95,77,2025-03-03 01:10:01
SF00921,越城区,170,155,2025-03-03 01:10:01
SF00182,越城区,35,17,2025-03-03 01:10:01
SF00917,越城区,150,139,2025-03-03 01:10:01
SF00919,越城区,50,48,2025-03-03 01:10:01
SF00929,越城区,1300,1171,2025-03-03 01:10:01
SF00928,越城区,300,212,2025-03-03 01:10:01
SF00918,越城区,140,131,2025-03-03 01:10:01
SF00902,越城区,110,102,2025-03-03 01:10:01
SF00903,越城区,147,135,2025-03-03 01:10:01
SF00926,越城区,120,96,2025-03-03 01:10:01
SF00915,越城区,286,250,2025-03-03 01:10:01
SF00910,越城区,100,91,2025-03-03 01:10:01
SF00187,越城区,55,44,2025-03-03 01:10:01
SF00180,越城区,85,68,2025-03-03 01:10:01
SF00906,越城区,180,165,2025-03-03 01:10:01
SF00925,越城区,50,44,2025-03-03 01:10:01
SF00923,越城区,150,140,2025-03-03 01:10:01
SF00901,越城区,76,61,2025-03-03 01:10:01
SF00907,越城区,400,87,2025-03-03 01:10:01
SF00909,越城区,100,80,2025-03-03 01:10:01
SF00914,越城区,280,254,2025-03-03 01:10:01
SF00904,越城区,180,166,2025-03-03 01:10:01
SF00121,越城区,1,0,2025-03-03 01:10:00
SF00133,越城区,260,229,2025-03-03 01:10:00
SF00173,越城区,450,121,2025-03-03 01:10:00
HK00021,越城区,150,105,2025-03-03 01:10:00
SF00171,越城区,700,632,2025-03-03 01:10:00
HK00010,越城区,170,13,2025-03-03 01:10:00
SF00128,越城区,870,694,2025-03-03 01:10:00
SF00155,越城区,125,117,2025-03-03 01:10:00
SF00120,越城区,220,165,2025-03-03 01:10:00
SF00159,越城区,230,81,2025-03-03 01:10:00
SF00151,越城区,70,56,2025-03-03 01:10:00
SF00119,越城区,50,37,2025-03-03 01:10:00
HK00001,越城区,138,108,2025-03-03 01:10:00
SF00124,越城区,500,402,2025-03-03 01:10:00
HK00013,越城区,212,1,2025-03-03 01:10:00
SF000901,越城区,500,357,2025-03-03 01:10:00
SF00104,越城区,50,41,2025-03-03 01:10:00
SF001041,越城区,90,84,2025-03-03 01:10:00
HK00020,越城区,1800,188,2025-03-03 01:10:00
SF000902,越城区,300,274,2025-03-03 01:10:00
HK00009,越城区,467,33,2025-03-03 01:10:00
SF00146,越城区,150,119,2025-03-03 01:10:00
SF00107,越城区,200,80,2025-03-03 01:10:00
SF001211,越城区,180,164,2025-03-03 01:10:00
SF00141,越城区,50,38,2025-03-03 01:10:00
SF000903,越城区,470,428,2025-03-03 01:10:00
SF00152,越城区,500,401,2025-03-03 01:10:00
SF00118,越城区,100,80,2025-03-03 01:10:00
SF00928,越城区,300,209,2025-03-03 01:00:02
SF00921,越城区,170,155,2025-03-03 01:00:02
SF00925,越城区,50,44,2025-03-03 01:00:02
SF00930,越城区,300,271,2025-03-03 01:00:02
SF00931,越城区,75,62,2025-03-03 01:00:02
SF00939,越城区,350,317,2025-03-03 01:00:02
SF00935,越城区,110,86,2025-03-03 01:00:02
SF00923,越城区,150,140,2025-03-03 01:00:02
SF00929,越城区,1300,1171,2025-03-03 01:00:02
SF00926,越城区,120,96,2025-03-03 01:00:02
SF00920,越城区,80,46,2025-03-03 01:00:02
SF00933,越城区,37,33,2025-03-03 01:00:02
SF00927,越城区,240,214,2025-03-03 01:00:02
SF00932,越城区,60,42,2025-03-03 01:00:02
SF00934,越城区,200,181,2025-03-03 01:00:02
SF00902,越城区,110,102,2025-03-03 01:00:01
SF00918,越城区,140,131,2025-03-03 01:00:01
SF00912,越城区,85,66,2025-03-03 01:00:01
SF00155,越城区,125,112,2025-03-03 01:00:01
SF00913,越城区,45,43,2025-03-03 01:00:01
SF00903,越城区,147,135,2025-03-03 01:00:01
SF00909,越城区,100,78,2025-03-03 01:00:01
SF00917,越城区,150,139,2025-03-03 01:00:01
SF00907,越城区,400,67,2025-03-03 01:00:01
SF00910,越城区,100,91,2025-03-03 01:00:01
SF00174,越城区,100,71,2025-03-03 01:00:01
SF00171,越城区,700,635,2025-03-03 01:00:01
SF00901,越城区,76,61,2025-03-03 01:00:01
SF00911,越城区,20,1,2025-03-03 01:00:01
SF00919,越城区,50,48,2025-03-03 01:00:01
SF00182,越城区,35,14,2025-03-03 01:00:01
SF00173,越城区,450,113,2025-03-03 01:00:01
SF00159,越城区,230,81,2025-03-03 01:00:01
SF00914,越城区,280,254,2025-03-03 01:00:01
SF00916,越城区,90,74,2025-03-03 01:00:01
SF00906,越城区,180,165,2025-03-03 01:00:01
SF00180,越城区,85,67,2025-03-03 01:00:01
SF00905,越城区,95,74,2025-03-03 01:00:01
SF00908,越城区,180,143,2025-03-03 01:00:01
SF00187,越城区,55,43,2025-03-03 01:00:01
SF00904,越城区,180,166,2025-03-03 01:00:01
SF00915,越城区,286,246,2025-03-03 01:00:01
HK00009,越城区,467,33,2025-03-03 01:00:00
SF001211,越城区,180,164,2025-03-03 01:00:00
SF00104,越城区,50,41,2025-03-03 01:00:00
HK00021,越城区,150,105,2025-03-03 01:00:00
SF000902,越城区,300,268,2025-03-03 01:00:00
SF00146,越城区,150,122,2025-03-03 01:00:00
SF000903,越城区,470,426,2025-03-03 01:00:00
SF00124,越城区,500,399,2025-03-03 01:00:00
SF00120,越城区,220,161,2025-03-03 01:00:00
HK00020,越城区,1800,188,2025-03-03 01:00:00
SF000901,越城区,500,350,2025-03-03 01:00:00
HK00001,越城区,138,112,2025-03-03 01:00:00
SF001041,越城区,90,84,2025-03-03 01:00:00
SF00128,越城区,870,695,2025-03-03 01:00:00
SF00121,越城区,1,0,2025-03-03 01:00:00
SF00119,越城区,50,38,2025-03-03 01:00:00
HK00013,越城区,212,1,2025-03-03 01:00:00
SF00118,越城区,100,82,2025-03-03 01:00:00
SF00151,越城区,70,56,2025-03-03 01:00:00
SF00133,越城区,260,228,2025-03-03 01:00:00
SF00107,越城区,200,66,2025-03-03 01:00:00
SF00152,越城区,500,399,2025-03-03 01:00:00
HK00010,越城区,170,13,2025-03-03 01:00:00
SF00141,越城区,50,38,2025-03-03 01:00:00
SF00939,越城区,350,317,2025-03-03 00:50:02
SF00933,越城区,37,33,2025-03-03 00:50:02
SF00929,越城区,1300,1171,2025-03-03 00:50:02
SF00931,越城区,75,58,2025-03-03 00:50:02
SF00935,越城区,110,86,2025-03-03 00:50:02
SF00934,越城区,200,181,2025-03-03 00:50:02
SF00932,越城区,60,42,2025-03-03 00:50:02
SF00930,越城区,300,271,2025-03-03 00:50:02
SF00928,越城区,300,208,2025-03-03 00:50:01
SF00925,越城区,50,46,2025-03-03 00:50:01
SF00901,越城区,76,61,2025-03-03 00:50:01
SF00174,越城区,100,71,2025-03-03 00:50:01
SF00910,越城区,100,91,2025-03-03 00:50:01
SF00914,越城区,280,254,2025-03-03 00:50:01
SF00915,越城区,286,246,2025-03-03 00:50:01
SF00912,越城区,85,67,2025-03-03 00:50:01
SF00187,越城区,55,44,2025-03-03 00:50:01
SF00923,越城区,150,140,2025-03-03 00:50:01
SF00182,越城区,35,14,2025-03-03 00:50:01
SF00908,越城区,180,146,2025-03-03 00:50:01
SF00913,越城区,45,43,2025-03-03 00:50:01
SF00918,越城区,140,131,2025-03-03 00:50:01
SF00917,越城区,150,139,2025-03-03 00:50:01
SF00180,越城区,85,67,2025-03-03 00:50:01
SF00903,越城区,147,135,2025-03-03 00:50:01
SF00920,越城区,80,44,2025-03-03 00:50:01
SF00905,越城区,95,75,2025-03-03 00:50:01
SF00927,越城区,240,214,2025-03-03 00:50:01
SF00926,越城区,120,95,2025-03-03 00:50:01
SF00904,越城区,180,166,2025-03-03 00:50:01
SF00902,越城区,110,102,2025-03-03 00:50:01
SF00909,越城区,100,78,2025-03-03 00:50:01
SF00919,越城区,50,48,2025-03-03 00:50:01
SF00916,越城区,90,70,2025-03-03 00:50:01
SF00906,越城区,180,165,2025-03-03 00:50:01
SF00907,越城区,400,64,2025-03-03 00:50:01
SF00911,越城区,20,1,2025-03-03 00:50:01
SF00921,越城区,170,155,2025-03-03 00:50:01
SF00119,越城区,50,38,2025-03-03 00:50:00
HK00010,越城区,170,13,2025-03-03 00:50:00
SF00141,越城区,50,38,2025-03-03 00:50:00
SF00173,越城区,450,112,2025-03-03 00:50:00
SF00152,越城区,500,398,2025-03-03 00:50:00
SF001041,越城区,90,84,2025-03-03 00:50:00
SF00155,越城区,125,112,2025-03-03 00:50:00
SF00171,越城区,700,635,2025-03-03 00:50:00
HK00009,越城区,467,33,2025-03-03 00:50:00
SF001211,越城区,180,164,2025-03-03 00:50:00
SF00159,越城区,230,84,2025-03-03 00:50:00
SF000902,越城区,300,267,2025-03-03 00:50:00
SF000901,越城区,500,341,2025-03-03 00:50:00
SF00133,越城区,260,228,2025-03-03 00:50:00
SF00120,越城区,220,161,2025-03-03 00:50:00
HK00013,越城区,212,1,2025-03-03 00:50:00
SF00107,越城区,200,64,2025-03-03 00:50:00
SF00146,越城区,150,122,2025-03-03 00:50:00
SF00128,越城区,870,694,2025-03-03 00:50:00
HK00021,越城区,150,105,2025-03-03 00:50:00
SF00118,越城区,100,80,2025-03-03 00:50:00
SF00104,越城区,50,39,2025-03-03 00:50:00
SF00121,越城区,1,0,2025-03-03 00:50:00
SF000903,越城区,470,428,2025-03-03 00:50:00
SF00151,越城区,70,56,2025-03-03 00:50:00
SF00124,越城区,500,399,2025-03-03 00:50:00
HK00001,越城区,138,109,2025-03-03 00:50:00
HK00020,越城区,1800,188,2025-03-03 00:50:00
SF00927,越城区,240,213,2025-03-03 00:40:02
SF00939,越城区,350,317,2025-03-03 00:40:02
SF00933,越城区,37,33,2025-03-03 00:40:02
SF00931,越城区,75,58,2025-03-03 00:40:02
SF00930,越城区,300,271,2025-03-03 00:40:02
SF00932,越城区,60,42,2025-03-03 00:40:02
SF00928,越城区,300,201,2025-03-03 00:40:02
SF00921,越城区,170,155,2025-03-03 00:40:02
SF00926,越城区,120,98,2025-03-03 00:40:02
SF00923,越城区,150,140,2025-03-03 00:40:02
SF00925,越城区,50,46,2025-03-03 00:40:02
SF00929,越城区,1300,1171,2025-03-03 00:40:02
SF00935,越城区,110,86,2025-03-03 00:40:02
SF00934,越城区,200,181,2025-03-03 00:40:02
SF00903,越城区,147,135,2025-03-03 00:40:01
SF00913,越城区,45,43,2025-03-03 00:40:01
SF00174,越城区,100,71,2025-03-03 00:40:01
SF00912,越城区,85,65,2025-03-03 00:40:01
SF00182,越城区,35,14,2025-03-03 00:40:01
SF00918,越城区,140,131,2025-03-03 00:40:01
SF00911,越城区,20,1,2025-03-03 00:40:01
SF00904,越城区,180,166,2025-03-03 00:40:01
SF00915,越城区,286,241,2025-03-03 00:40:01
SF00901,越城区,76,61,2025-03-03 00:40:01
SF00906,越城区,180,165,2025-03-03 00:40:01
SF00914,越城区,280,254,2025-03-03 00:40:01
SF00908,越城区,180,144,2025-03-03 00:40:01
SF00917,越城区,150,139,2025-03-03 00:40:01
SF00919,越城区,50,48,2025-03-03 00:40:01
SF00171,越城区,700,632,2025-03-03 00:40:01
SF00909,越城区,100,79,2025-03-03 00:40:01
SF00902,越城区,110,102,2025-03-03 00:40:01
SF00907,越城区,400,65,2025-03-03 00:40:01
SF00187,越城区,55,46,2025-03-03 00:40:01
SF00180,越城区,85,67,2025-03-03 00:40:01
SF00910,越城区,100,91,2025-03-03 00:40:01
SF00159,越城区,230,85,2025-03-03 00:40:01
SF00905,越城区,95,76,2025-03-03 00:40:01
SF00920,越城区,80,42,2025-03-03 00:40:01
SF00173,越城区,450,111,2025-03-03 00:40:01
SF00916,越城区,90,73,2025-03-03 00:40:01
HK00009,越城区,467,33,2025-03-03 00:40:00
SF00104,越城区,50,39,2025-03-03 00:40:00
SF001041,越城区,90,84,2025-03-03 00:40:00
SF000903,越城区,470,428,2025-03-03 00:40:00
HK00010,越城区,170,13,2025-03-03 00:40:00
SF00107,越城区,200,59,2025-03-03 00:40:00
SF001211,越城区,180,164,2025-03-03 00:40:00
SF00141,越城区,50,36,2025-03-03 00:40:00
SF00119,越城区,50,37,2025-03-03 00:40:00
SF00118,越城区,100,78,2025-03-03 00:40:00
SF00146,越城区,150,121,2025-03-03 00:40:00
SF00155,越城区,125,112,2025-03-03 00:40:00
SF00121,越城区,1,0,2025-03-03 00:40:00
HK00021,越城区,150,105,2025-03-03 00:40:00
HK00020,越城区,1800,188,2025-03-03 00:40:00
HK00013,越城区,212,1,2025-03-03 00:40:00
SF00133,越城区,260,225,2025-03-03 00:40:00
SF00152,越城区,500,398,2025-03-03 00:40:00
SF00151,越城区,70,56,2025-03-03 00:40:00
SF000901,越城区,500,336,2025-03-03 00:40:00
HK00001,越城区,138,109,2025-03-03 00:40:00
SF00124,越城区,500,398,2025-03-03 00:40:00
SF00120,越城区,220,161,2025-03-03 00:40:00
SF000902,越城区,300,267,2025-03-03 00:40:00
SF00128,越城区,870,696,2025-03-03 00:40:00
SF00934,越城区,200,181,2025-03-03 00:30:02
SF00933,越城区,37,33,2025-03-03 00:30:02
SF00928,越城区,300,200,2025-03-03 00:30:02
SF00935,越城区,110,86,2025-03-03 00:30:02
SF00939,越城区,350,317,2025-03-03 00:30:02
SF00923,越城区,150,140,2025-03-03 00:30:02
SF00926,越城区,120,98,2025-03-03 00:30:02
SF00921,越城区,170,155,2025-03-03 00:30:02
SF00925,越城区,50,46,2025-03-03 00:30:02
SF00929,越城区,1300,1171,2025-03-03 00:30:02
SF00927,越城区,240,215,2025-03-03 00:30:02
SF00931,越城区,75,59,2025-03-03 00:30:02
SF00932,越城区,60,42,2025-03-03 00:30:02
SF00920,越城区,80,42,2025-03-03 00:30:02
SF00930,越城区,300,271,2025-03-03 00:30:02
SF00903,越城区,147,135,2025-03-03 00:30:01
SF00911,越城区,20,1,2025-03-03 00:30:01
SF00909,越城区,100,78,2025-03-03 00:30:01
SF00155,越城区,125,112,2025-03-03 00:30:01
SF00907,越城区,400,66,2025-03-03 00:30:01
SF00915,越城区,286,237,2025-03-03 00:30:01
SF00905,越城区,95,76,2025-03-03 00:30:01
SF00187,越城区,55,43,2025-03-03 00:30:01
SF00918,越城区,140,131,2025-03-03 00:30:01
SF00171,越城区,700,634,2025-03-03 00:30:01
SF00904,越城区,180,166,2025-03-03 00:30:01
SF00917,越城区,150,139,2025-03-03 00:30:01
SF00910,越城区,100,91,2025-03-03 00:30:01
SF00916,越城区,90,73,2025-03-03 00:30:01
SF00901,越城区,76,62,2025-03-03 00:30:01
SF00912,越城区,85,69,2025-03-03 00:30:01
SF00182,越城区,35,14,2025-03-03 00:30:01
SF00914,越城区,280,254,2025-03-03 00:30:01
SF00919,越城区,50,50,2025-03-03 00:30:01
SF00913,越城区,45,43,2025-03-03 00:30:01
SF00908,越城区,180,142,2025-03-03 00:30:01
SF00180,越城区,85,67,2025-03-03 00:30:01
SF00159,越城区,230,82,2025-03-03 00:30:01
SF00174,越城区,100,71,2025-03-03 00:30:01
SF00902,越城区,110,102,2025-03-03 00:30:01
SF00173,越城区,450,110,2025-03-03 00:30:01
SF00906,越城区,180,165,2025-03-03 00:30:01
SF00104,越城区,50,39,2025-03-03 00:30:00
SF000901,越城区,500,330,2025-03-03 00:30:00
SF00121,越城区,1,0,2025-03-03 00:30:00
SF00107,越城区,200,58,2025-03-03 00:30:00
SF00152,越城区,500,401,2025-03-03 00:30:00
HK00010,越城区,170,13,2025-03-03 00:30:00
SF00120,越城区,220,161,2025-03-03 00:30:00
SF00133,越城区,260,227,2025-03-03 00:30:00
SF00124,越城区,500,399,2025-03-03 00:30:00
SF00141,越城区,50,36,2025-03-03 00:30:00
SF00128,越城区,870,698,2025-03-03 00:30:00
HK00020,越城区,1800,188,2025-03-03 00:30:00
HK00021,越城区,150,105,2025-03-03 00:30:00
HK00001,越城区,138,111,2025-03-03 00:30:00
HK00013,越城区,212,1,2025-03-03 00:30:00
SF000903,越城区,470,427,2025-03-03 00:30:00
SF00151,越城区,70,56,2025-03-03 00:30:00
SF00146,越城区,150,122,2025-03-03 00:30:00
SF00118,越城区,100,80,2025-03-03 00:30:00
SF000902,越城区,300,266,2025-03-03 00:30:00
SF001041,越城区,90,84,2025-03-03 00:30:00
SF001211,越城区,180,164,2025-03-03 00:30:00
HK00009,越城区,467,33,2025-03-03 00:30:00
SF00119,越城区,50,37,2025-03-03 00:30:00
SF00933,越城区,37,33,2025-03-03 00:20:02
SF00939,越城区,350,317,2025-03-03 00:20:02
SF00932,越城区,60,42,2025-03-03 00:20:02
SF00935,越城区,110,86,2025-03-03 00:20:02
SF00931,越城区,75,61,2025-03-03 00:20:02
SF00934,越城区,200,181,2025-03-03 00:20:02
SF00910,越城区,100,91,2025-03-03 00:20:01
SF00180,越城区,85,67,2025-03-03 00:20:01
SF00911,越城区,20,1,2025-03-03 00:20:01
SF00928,越城区,300,192,2025-03-03 00:20:01
SF00905,越城区,95,75,2025-03-03 00:20:01
SF00918,越城区,140,131,2025-03-03 00:20:01
SF00927,越城区,240,214,2025-03-03 00:20:01
SF00917,越城区,150,139,2025-03-03 00:20:01
SF00912,越城区,85,65,2025-03-03 00:20:01
SF00923,越城区,150,140,2025-03-03 00:20:01
SF00902,越城区,110,102,2025-03-03 00:20:01
SF00906,越城区,180,165,2025-03-03 00:20:01
SF00914,越城区,280,254,2025-03-03 00:20:01
SF00904,越城区,180,166,2025-03-03 00:20:01
SF00909,越城区,100,82,2025-03-03 00:20:01
SF00930,越城区,300,271,2025-03-03 00:20:01
SF00182,越城区,35,14,2025-03-03 00:20:01
SF00920,越城区,80,43,2025-03-03 00:20:01
SF00907,越城区,400,67,2025-03-03 00:20:01
SF00913,越城区,45,43,2025-03-03 00:20:01
SF00187,越城区,55,45,2025-03-03 00:20:01
SF00921,越城区,170,155,2025-03-03 00:20:01
SF00915,越城区,286,232,2025-03-03 00:20:01
SF00908,越城区,180,145,2025-03-03 00:20:01
SF00929,越城区,1300,1171,2025-03-03 00:20:01
SF00901,越城区,76,62,2025-03-03 00:20:01
SF00903,越城区,147,135,2025-03-03 00:20:01
SF00925,越城区,50,46,2025-03-03 00:20:01
SF00926,越城区,120,96,2025-03-03 00:20:01
SF00919,越城区,50,50,2025-03-03 00:20:01
SF00916,越城区,90,73,2025-03-03 00:20:01
SF00141,越城区,50,35,2025-03-03 00:20:00
SF00155,越城区,125,112,2025-03-03 00:20:00
SF00146,越城区,150,119,2025-03-03 00:20:00
SF00128,越城区,870,698,2025-03-03 00:20:00
SF00151,越城区,70,56,2025-03-03 00:20:00
HK00010,越城区,170,13,2025-03-03 00:20:00
SF00159,越城区,230,80,2025-03-03 00:20:00
SF000903,越城区,470,427,2025-03-03 00:20:00
SF000902,越城区,300,264,2025-03-03 00:20:00
SF000901,越城区,500,327,2025-03-03 00:20:00
HK00009,越城区,467,33,2025-03-03 00:20:00
HK00021,越城区,150,105,2025-03-03 00:20:00
SF00118,越城区,100,81,2025-03-03 00:20:00
SF001041,越城区,90,84,2025-03-03 00:20:00
SF001211,越城区,180,164,2025-03-03 00:20:00
SF00124,越城区,500,399,2025-03-03 00:20:00
HK00020,越城区,1800,188,2025-03-03 00:20:00
SF00120,越城区,220,161,2025-03-03 00:20:00
SF00107,越城区,200,57,2025-03-03 00:20:00
SF00121,越城区,1,0,2025-03-03 00:20:00
HK00013,越城区,212,1,2025-03-03 00:20:00
HK00001,越城区,138,110,2025-03-03 00:20:00
SF00104,越城区,50,42,2025-03-03 00:20:00
SF00133,越城区,260,228,2025-03-03 00:20:00
SF00171,越城区,700,632,2025-03-03 00:20:00
SF00173,越城区,450,111,2025-03-03 00:20:00
SF00119,越城区,50,41,2025-03-03 00:20:00
SF00152,越城区,500,401,2025-03-03 00:20:00
SF00174,越城区,100,70,2025-03-03 00:20:00
SF00929,越城区,1300,1171,2025-03-03 00:10:02
SF00932,越城区,60,42,2025-03-03 00:10:02
SF00934,越城区,200,181,2025-03-03 00:10:02
SF00933,越城区,37,33,2025-03-03 00:10:02
SF00931,越城区,75,60,2025-03-03 00:10:02
SF00939,越城区,350,317,2025-03-03 00:10:02
SF00928,越城区,300,185,2025-03-03 00:10:02
SF00930,越城区,300,271,2025-03-03 00:10:02
SF00935,越城区,110,86,2025-03-03 00:10:02
SF00174,越城区,100,70,2025-03-03 00:10:01
SF00902,越城区,110,102,2025-03-03 00:10:01
SF00923,越城区,150,140,2025-03-03 00:10:01
SF00908,越城区,180,143,2025-03-03 00:10:01
SF00915,越城区,286,229,2025-03-03 00:10:01
SF00173,越城区,450,111,2025-03-03 00:10:01
SF00921,越城区,170,155,2025-03-03 00:10:01
SF00920,越城区,80,44,2025-03-03 00:10:01
SF00918,越城区,140,131,2025-03-03 00:10:01
SF00917,越城区,150,139,2025-03-03 00:10:01
SF00910,越城区,100,91,2025-03-03 00:10:01
SF00180,越城区,85,66,2025-03-03 00:10:01
SF00906,越城区,180,165,2025-03-03 00:10:01
SF00919,越城区,50,50,2025-03-03 00:10:01
SF00187,越城区,55,42,2025-03-03 00:10:01
SF00927,越城区,240,212,2025-03-03 00:10:01
SF00925,越城区,50,46,2025-03-03 00:10:01
SF00901,越城区,76,62,2025-03-03 00:10:01
SF00182,越城区,35,13,2025-03-03 00:10:01
SF00912,越城区,85,66,2025-03-03 00:10:01
SF00911,越城区,20,1,2025-03-03 00:10:01
SF00903,越城区,147,135,2025-03-03 00:10:01
SF00909,越城区,100,78,2025-03-03 00:10:01
SF00913,越城区,45,43,2025-03-03 00:10:01
SF00914,越城区,280,254,2025-03-03 00:10:01
SF00916,越城区,90,70,2025-03-03 00:10:01
SF00926,越城区,120,97,2025-03-03 00:10:01
SF00905,越城区,95,76,2025-03-03 00:10:01
SF00907,越城区,400,64,2025-03-03 00:10:01
SF00904,越城区,180,165,2025-03-03 00:10:01
SF00119,越城区,50,41,2025-03-03 00:10:00
SF00171,越城区,700,631,2025-03-03 00:10:00
SF00155,越城区,125,112,2025-03-03 00:10:00
SF00121,越城区,1,0,2025-03-03 00:10:00
SF00159,越城区,230,78,2025-03-03 00:10:00
HK00013,越城区,212,1,2025-03-03 00:10:00
SF00146,越城区,150,121,2025-03-03 00:10:00
SF00151,越城区,70,56,2025-03-03 00:10:00
SF00152,越城区,500,402,2025-03-03 00:10:00
SF00120,越城区,220,161,2025-03-03 00:10:00
SF001041,越城区,90,84,2025-03-03 00:10:00
SF00118,越城区,100,82,2025-03-03 00:10:00
SF00128,越城区,870,697,2025-03-03 00:10:00
SF00124,越城区,500,402,2025-03-03 00:10:00
SF00107,越城区,200,57,2025-03-03 00:10:00
SF00141,越城区,50,33,2025-03-03 00:10:00
SF001211,越城区,180,164,2025-03-03 00:10:00
HK00009,越城区,467,33,2025-03-03 00:10:00
HK00021,越城区,150,105,2025-03-03 00:10:00
SF00133,越城区,260,224,2025-03-03 00:10:00
SF000902,越城区,300,260,2025-03-03 00:10:00
HK00020,越城区,1800,188,2025-03-03 00:10:00
HK00001,越城区,138,109,2025-03-03 00:10:00
SF000903,越城区,470,424,2025-03-03 00:10:00
SF00104,越城区,50,42,2025-03-03 00:10:00
SF000901,越城区,500,318,2025-03-03 00:10:00
HK00010,越城区,170,13,2025-03-03 00:10:00
SF00939,越城区,350,318,2025-03-03 00:00:02
SF00921,越城区,170,155,2025-03-03 00:00:02
SF00920,越城区,80,44,2025-03-03 00:00:02
SF00932,越城区,60,42,2025-03-03 00:00:02
SF00930,越城区,300,271,2025-03-03 00:00:02
SF00929,越城区,1300,1171,2025-03-03 00:00:02
SF00935,越城区,110,86,2025-03-03 00:00:02
SF00931,越城区,75,2,2025-03-03 00:00:02
SF00925,越城区,50,46,2025-03-03 00:00:02
SF00934,越城区,200,181,2025-03-03 00:00:02
SF00919,越城区,50,49,2025-03-03 00:00:02
SF00927,越城区,240,213,2025-03-03 00:00:02
SF00923,越城区,150,140,2025-03-03 00:00:02
SF00928,越城区,300,170,2025-03-03 00:00:02
SF00933,越城区,37,33,2025-03-03 00:00:02
SF00926,越城区,120,2,2025-03-03 00:00:02
SF00903,越城区,147,135,2025-03-03 00:00:01
SF00918,越城区,140,131,2025-03-03 00:00:01
SF00908,越城区,180,2,2025-03-03 00:00:01
SF00906,越城区,180,165,2025-03-03 00:00:01
SF00187,越城区,55,2,2025-03-03 00:00:01
SF00182,越城区,35,10,2025-03-03 00:00:01
SF00905,越城区,95,2,2025-03-03 00:00:01
SF00902,越城区,110,102,2025-03-03 00:00:01
SF00911,越城区,20,1,2025-03-03 00:00:01
SF00916,越城区,90,2,2025-03-03 00:00:01
SF00909,越城区,100,2,2025-03-03 00:00:01
SF00171,越城区,700,633,2025-03-03 00:00:01
SF00910,越城区,100,91,2025-03-03 00:00:01
SF00915,越城区,286,227,2025-03-03 00:00:01
SF00180,越城区,85,66,2025-03-03 00:00:01
SF00904,越城区,180,165,2025-03-03 00:00:01
SF00917,越城区,150,139,2025-03-03 00:00:01
SF00907,越城区,400,48,2025-03-03 00:00:01
SF00912,越城区,85,2,2025-03-03 00:00:01
SF00174,越城区,100,69,2025-03-03 00:00:01
SF00173,越城区,450,100,2025-03-03 00:00:01
SF00901,越城区,76,62,2025-03-03 00:00:01
SF00914,越城区,280,254,2025-03-03 00:00:01
SF00913,越城区,45,43,2025-03-03 00:00:01
HK00009,越城区,467,33,2025-03-03 00:00:00
SF001211,越城区,180,164,2025-03-03 00:00:00
HK00001,越城区,138,2,2025-03-03 00:00:00
SF00146,越城区,150,2,2025-03-03 00:00:00
SF00118,越城区,100,2,2025-03-03 00:00:00
SF00141,越城区,50,30,2025-03-03 00:00:00
SF000902,越城区,300,256,2025-03-03 00:00:00
SF000901,越城区,500,303,2025-03-03 00:00:00
SF00121,越城区,1,0,2025-03-03 00:00:00
HK00020,越城区,1800,188,2025-03-03 00:00:00
SF001041,越城区,90,84,2025-03-03 00:00:00
HK00013,越城区,212,1,2025-03-03 00:00:00
SF00128,越城区,870,2,2025-03-03 00:00:00
SF00133,越城区,260,218,2025-03-03 00:00:00
SF00155,越城区,125,112,2025-03-03 00:00:00
SF00159,越城区,230,79,2025-03-03 00:00:00
SF000903,越城区,470,428,2025-03-03 00:00:00
SF00124,越城区,500,2,2025-03-03 00:00:00
SF00104,越城区,50,2,2025-03-03 00:00:00
SF00151,越城区,70,56,2025-03-03 00:00:00
SF00119,越城区,50,2,2025-03-03 00:00:00
HK00021,越城区,150,105,2025-03-03 00:00:00
SF00107,越城区,200,49,2025-03-03 00:00:00
HK00010,越城区,170,13,2025-03-03 00:00:00
SF00152,越城区,500,2,2025-03-03 00:00:00
SF00120,越城区,220,156,2025-03-03 00:00:00
SF00935,越城区,110,86,2025-03-02 23:50:02
SF00939,越城区,350,318,2025-03-02 23:50:02
SF00934,越城区,200,181,2025-03-02 23:50:02
SF00901,越城区,76,62,2025-03-02 23:50:01
SF00902,越城区,110,102,2025-03-02 23:50:01
SF00926,越城区,120,2,2025-03-02 23:50:01
SF00916,越城区,90,2,2025-03-02 23:50:01
SF00929,越城区,1300,1171,2025-03-02 23:50:01
SF00907,越城区,400,45,2025-03-02 23:50:01
SF00930,越城区,300,271,2025-03-02 23:50:01
SF00919,越城区,50,49,2025-03-02 23:50:01
SF00914,越城区,280,254,2025-03-02 23:50:01
SF00913,越城区,45,43,2025-03-02 23:50:01
SF00923,越城区,150,140,2025-03-02 23:50:01
SF00928,越城区,300,163,2025-03-02 23:50:01
SF00915,越城区,286,224,2025-03-02 23:50:01
SF00906,越城区,180,165,2025-03-02 23:50:01
SF00917,越城区,150,139,2025-03-02 23:50:01
SF00905,越城区,95,2,2025-03-02 23:50:01
SF00931,越城区,75,2,2025-03-02 23:50:01
SF00918,越城区,140,131,2025-03-02 23:50:01
SF00910,越城区,100,91,2025-03-02 23:50:01
SF00933,越城区,37,33,2025-03-02 23:50:01
SF00921,越城区,170,155,2025-03-02 23:50:01
SF00932,越城区,60,42,2025-03-02 23:50:01
SF00908,越城区,180,2,2025-03-02 23:50:01
SF00904,越城区,180,165,2025-03-02 23:50:01
SF00903,越城区,147,135,2025-03-02 23:50:01
SF00927,越城区,240,213,2025-03-02 23:50:01
SF00925,越城区,50,46,2025-03-02 23:50:01
SF00911,越城区,20,1,2025-03-02 23:50:01
SF00909,越城区,100,2,2025-03-02 23:50:01
SF00912,越城区,85,2,2025-03-02 23:50:01
SF00920,越城区,80,44,2025-03-02 23:50:01
SF00174,越城区,100,72,2025-03-02 23:50:00
SF00133,越城区,260,219,2025-03-02 23:50:00
SF00187,越城区,55,2,2025-03-02 23:50:00
SF00182,越城区,35,10,2025-03-02 23:50:00
SF00155,越城区,125,112,2025-03-02 23:50:00
SF000902,越城区,300,255,2025-03-02 23:50:00
SF00128,越城区,870,2,2025-03-02 23:50:00
SF00119,越城区,50,2,2025-03-02 23:50:00
SF00171,越城区,700,634,2025-03-02 23:50:00
SF000901,越城区,500,295,2025-03-02 23:50:00
SF00152,越城区,500,2,2025-03-02 23:50:00
SF00107,越城区,200,45,2025-03-02 23:50:00
SF00151,越城区,70,56,2025-03-02 23:50:00
HK00020,越城区,1800,188,2025-03-02 23:50:00
HK00013,越城区,212,1,2025-03-02 23:50:00
SF00121,越城区,1,0,2025-03-02 23:50:00
HK00010,越城区,170,13,2025-03-02 23:50:00
HK00009,越城区,467,33,2025-03-02 23:50:00
SF00120,越城区,220,156,2025-03-02 23:50:00
SF00173,越城区,450,98,2025-03-02 23:50:00
HK00001,越城区,138,2,2025-03-02 23:50:00
SF00180,越城区,85,66,2025-03-02 23:50:00
SF00146,越城区,150,2,2025-03-02 23:50:00
SF000903,越城区,470,420,2025-03-02 23:50:00
SF00159,越城区,230,81,2025-03-02 23:50:00
SF00141,越城区,50,28,2025-03-02 23:50:00
SF00104,越城区,50,2,2025-03-02 23:50:00
SF00118,越城区,100,2,2025-03-02 23:50:00
SF00124,越城区,500,2,2025-03-02 23:50:00
HK00021,越城区,150,105,2025-03-02 23:50:00
SF001211,越城区,180,164,2025-03-02 23:50:00
SF001041,越城区,90,84,2025-03-02 23:50:00
SF00931,越城区,75,2,2025-03-02 23:40:02
SF00923,越城区,150,140,2025-03-02 23:40:02
SF00930,越城区,300,271,2025-03-02 23:40:02
SF00921,越城区,170,155,2025-03-02 23:40:02
SF00926,越城区,120,2,2025-03-02 23:40:02
SF00935,越城区,110,86,2025-03-02 23:40:02
SF00927,越城区,240,213,2025-03-02 23:40:02
SF00932,越城区,60,42,2025-03-02 23:40:02
SF00933,越城区,37,33,2025-03-02 23:40:02
SF00925,越城区,50,46,2025-03-02 23:40:02
SF00939,越城区,350,320,2025-03-02 23:40:02
SF00934,越城区,200,181,2025-03-02 23:40:02
SF00928,越城区,300,159,2025-03-02 23:40:02
SF00929,越城区,1300,1171,2025-03-02 23:40:02
SF00174,越城区,100,72,2025-03-02 23:40:01
SF00913,越城区,45,43,2025-03-02 23:40:01
SF00914,越城区,280,254,2025-03-02 23:40:01
SF00918,越城区,140,131,2025-03-02 23:40:01
SF00912,越城区,85,2,2025-03-02 23:40:01
SF00901,越城区,76,62,2025-03-02 23:40:01
SF00909,越城区,100,2,2025-03-02 23:40:01
SF00182,越城区,35,10,2025-03-02 23:40:01
SF00907,越城区,400,45,2025-03-02 23:40:01
SF00904,越城区,180,163,2025-03-02 23:40:01
SF00911,越城区,20,1,2025-03-02 23:40:01
SF00905,越城区,95,2,2025-03-02 23:40:01
SF00916,越城区,90,2,2025-03-02 23:40:01
SF00915,越城区,286,227,2025-03-02 23:40:01
SF00180,越城区,85,66,2025-03-02 23:40:01
SF00906,越城区,180,165,2025-03-02 23:40:01
SF00917,越城区,150,139,2025-03-02 23:40:01
SF00919,越城区,50,49,2025-03-02 23:40:01
SF00903,越城区,147,135,2025-03-02 23:40:01
SF00920,越城区,80,46,2025-03-02 23:40:01
SF00187,越城区,55,2,2025-03-02 23:40:01
SF00173,越城区,450,99,2025-03-02 23:40:01
SF00171,越城区,700,623,2025-03-02 23:40:01
SF00908,越城区,180,2,2025-03-02 23:40:01
SF00902,越城区,110,102,2025-03-02 23:40:01
SF00910,越城区,100,91,2025-03-02 23:40:01
SF00104,越城区,50,2,2025-03-02 23:40:00
HK00001,越城区,138,2,2025-03-02 23:40:00
SF00141,越城区,50,26,2025-03-02 23:40:00
HK00020,越城区,1800,188,2025-03-02 23:40:00
SF000902,越城区,300,246,2025-03-02 23:40:00
HK00010,越城区,170,13,2025-03-02 23:40:00
SF001041,越城区,90,84,2025-03-02 23:40:00
HK00013,越城区,212,1,2025-03-02 23:40:00
SF00124,越城区,500,2,2025-03-02 23:40:00
SF00120,越城区,220,156,2025-03-02 23:40:00
HK00009,越城区,467,33,2025-03-02 23:40:00
SF00107,越城区,200,42,2025-03-02 23:40:00
SF00159,越城区,230,82,2025-03-02 23:40:00
SF000903,越城区,470,421,2025-03-02 23:40:00
SF00152,越城区,500,2,2025-03-02 23:40:00
SF00118,越城区,100,2,2025-03-02 23:40:00
SF00133,越城区,260,218,2025-03-02 23:40:00
SF00155,越城区,125,112,2025-03-02 23:40:00
SF00128,越城区,870,2,2025-03-02 23:40:00
SF00151,越城区,70,56,2025-03-02 23:40:00
SF00121,越城区,1,0,2025-03-02 23:40:00
SF00119,越城区,50,2,2025-03-02 23:40:00
HK00021,越城区,150,105,2025-03-02 23:40:00
SF000901,越城区,500,294,2025-03-02 23:40:00
SF00146,越城区,150,2,2025-03-02 23:40:00
SF001211,越城区,180,164,2025-03-02 23:40:00
SF00934,越城区,200,181,2025-03-02 23:30:02
SF00939,越城区,350,320,2025-03-02 23:30:02
SF00933,越城区,37,33,2025-03-02 23:30:02
SF00931,越城区,75,2,2025-03-02 23:30:02
SF00932,越城区,60,42,2025-03-02 23:30:02
SF00935,越城区,110,85,2025-03-02 23:30:02
SF00925,越城区,50,46,2025-03-02 23:30:01
SF00920,越城区,80,45,2025-03-02 23:30:01
SF00906,越城区,180,165,2025-03-02 23:30:01
SF00930,越城区,300,271,2025-03-02 23:30:01
SF00913,越城区,45,43,2025-03-02 23:30:01
SF00180,越城区,85,66,2025-03-02 23:30:01
SF00918,越城区,140,131,2025-03-02 23:30:01
SF00916,越城区,90,2,2025-03-02 23:30:01
SF00914,越城区,280,254,2025-03-02 23:30:01
SF00912,越城区,85,2,2025-03-02 23:30:01
SF00908,越城区,180,2,2025-03-02 23:30:01
SF00901,越城区,76,62,2025-03-02 23:30:01
SF00923,越城区,150,140,2025-03-02 23:30:01
SF00902,越城区,110,102,2025-03-02 23:30:01
SF00928,越城区,300,161,2025-03-02 23:30:01
SF00917,越城区,150,139,2025-03-02 23:30:01
SF00921,越城区,170,155,2025-03-02 23:30:01
SF00927,越城区,240,212,2025-03-02 23:30:01
SF00910,越城区,100,91,2025-03-02 23:30:01
SF00907,越城区,400,44,2025-03-02 23:30:01
SF00182,越城区,35,10,2025-03-02 23:30:01
SF00911,越城区,20,1,2025-03-02 23:30:01
SF00909,越城区,100,2,2025-03-02 23:30:01
SF00187,越城区,55,2,2025-03-02 23:30:01
SF00919,越城区,50,49,2025-03-02 23:30:01
SF00905,越城区,95,2,2025-03-02 23:30:01
SF00903,越城区,147,135,2025-03-02 23:30:01
SF00904,越城区,180,163,2025-03-02 23:30:01
SF00915,越城区,286,221,2025-03-02 23:30:01
SF00929,越城区,1300,1171,2025-03-02 23:30:01
SF00926,越城区,120,2,2025-03-02 23:30:01
SF00118,越城区,100,2,2025-03-02 23:30:00
SF00151,越城区,70,56,2025-03-02 23:30:00
HK00020,越城区,1800,188,2025-03-02 23:30:00
HK00009,越城区,467,33,2025-03-02 23:30:00
SF00141,越城区,50,26,2025-03-02 23:30:00
SF00155,越城区,125,112,2025-03-02 23:30:00
SF000901,越城区,500,284,2025-03-02 23:30:00
SF000902,越城区,300,243,2025-03-02 23:30:00
SF00119,越城区,50,2,2025-03-02 23:30:00
HK00010,越城区,170,13,2025-03-02 23:30:00
SF001041,越城区,90,84,2025-03-02 23:30:00
SF00121,越城区,1,0,2025-03-02 23:30:00
SF001211,越城区,180,164,2025-03-02 23:30:00
SF00104,越城区,50,2,2025-03-02 23:30:00
SF00146,越城区,150,2,2025-03-02 23:30:00
SF00124,越城区,500,2,2025-03-02 23:30:00
HK00021,越城区,150,105,2025-03-02 23:30:00
SF00171,越城区,700,619,2025-03-02 23:30:00
SF00159,越城区,230,85,2025-03-02 23:30:00
SF00120,越城区,220,156,2025-03-02 23:30:00
SF000903,越城区,470,420,2025-03-02 23:30:00
HK00013,越城区,212,1,2025-03-02 23:30:00
HK00001,越城区,138,2,2025-03-02 23:30:00
SF00174,越城区,100,71,2025-03-02 23:30:00
SF00107,越城区,200,37,2025-03-02 23:30:00
SF00152,越城区,500,2,2025-03-02 23:30:00
SF00133,越城区,260,219,2025-03-02 23:30:00
SF00128,越城区,870,2,2025-03-02 23:30:00
SF00173,越城区,450,97,2025-03-02 23:30:00
SF00939,越城区,350,320,2025-03-02 23:20:02
SF00932,越城区,60,42,2025-03-02 23:20:02
SF00935,越城区,110,84,2025-03-02 23:20:02
SF00934,越城区,200,181,2025-03-02 23:20:02
SF00933,越城区,37,33,2025-03-02 23:20:02
SF00917,越城区,150,139,2025-03-02 23:20:01
SF00909,越城区,100,2,2025-03-02 23:20:01
SF00910,越城区,100,91,2025-03-02 23:20:01
SF00912,越城区,85,2,2025-03-02 23:20:01
SF00925,越城区,50,46,2025-03-02 23:20:01
SF00905,越城区,95,2,2025-03-02 23:20:01
SF00929,越城区,1300,1171,2025-03-02 23:20:01
SF00182,越城区,35,8,2025-03-02 23:20:01
SF00903,越城区,147,135,2025-03-02 23:20:01
SF00920,越城区,80,46,2025-03-02 23:20:01
SF00908,越城区,180,2,2025-03-02 23:20:01
SF00906,越城区,180,165,2025-03-02 23:20:01
SF00902,越城区,110,102,2025-03-02 23:20:01
SF00901,越城区,76,62,2025-03-02 23:20:01
SF00927,越城区,240,211,2025-03-02 23:20:01
SF00926,越城区,120,2,2025-03-02 23:20:01
SF00915,越城区,286,216,2025-03-02 23:20:01
SF00916,越城区,90,2,2025-03-02 23:20:01
SF00907,越城区,400,45,2025-03-02 23:20:01
SF00923,越城区,150,140,2025-03-02 23:20:01
SF00928,越城区,300,163,2025-03-02 23:20:01
SF00931,越城区,75,2,2025-03-02 23:20:01
SF00911,越城区,20,1,2025-03-02 23:20:01
SF00918,越城区,140,131,2025-03-02 23:20:01
SF00187,越城区,55,2,2025-03-02 23:20:01
SF00930,越城区,300,271,2025-03-02 23:20:01
SF00919,越城区,50,49,2025-03-02 23:20:01
SF00914,越城区,280,254,2025-03-02 23:20:01
SF00904,越城区,180,163,2025-03-02 23:20:01
SF00913,越城区,45,43,2025-03-02 23:20:01
SF00921,越城区,170,155,2025-03-02 23:20:01
SF00159,越城区,230,84,2025-03-02 23:20:00
SF00121,越城区,1,0,2025-03-02 23:20:00
SF00133,越城区,260,217,2025-03-02 23:20:00
SF001041,越城区,90,84,2025-03-02 23:20:00
SF00128,越城区,870,2,2025-03-02 23:20:00
SF000902,越城区,300,243,2025-03-02 23:20:00
SF00151,越城区,70,56,2025-03-02 23:20:00
HK00010,越城区,170,13,2025-03-02 23:20:00
SF00173,越城区,450,96,2025-03-02 23:20:00
SF001211,越城区,180,164,2025-03-02 23:20:00
HK00001,越城区,138,2,2025-03-02 23:20:00
SF00119,越城区,50,2,2025-03-02 23:20:00
SF000901,越城区,500,280,2025-03-02 23:20:00
HK00013,越城区,212,1,2025-03-02 23:20:00
SF00146,越城区,150,2,2025-03-02 23:20:00
SF00118,越城区,100,2,2025-03-02 23:20:00
HK00020,越城区,1800,188,2025-03-02 23:20:00
SF00104,越城区,50,2,2025-03-02 23:20:00
SF00152,越城区,500,2,2025-03-02 23:20:00
SF00107,越城区,200,33,2025-03-02 23:20:00
SF00174,越城区,100,71,2025-03-02 23:20:00
HK00021,越城区,150,105,2025-03-02 23:20:00
SF000903,越城区,470,417,2025-03-02 23:20:00
SF00171,越城区,700,616,2025-03-02 23:20:00
SF00155,越城区,125,112,2025-03-02 23:20:00
SF00141,越城区,50,26,2025-03-02 23:20:00
SF00124,越城区,500,2,2025-03-02 23:20:00
SF00180,越城区,85,66,2025-03-02 23:20:00
SF00120,越城区,220,155,2025-03-02 23:20:00
HK00009,越城区,467,33,2025-03-02 23:20:00
SF00909,越城区,100,2,2025-03-02 23:10:01
SF00939,越城区,350,320,2025-03-02 23:10:01
SF00913,越城区,45,43,2025-03-02 23:10:01
SF00932,越城区,60,42,2025-03-02 23:10:01
SF00908,越城区,180,2,2025-03-02 23:10:01
SF00928,越城区,300,163,2025-03-02 23:10:01
SF00919,越城区,50,49,2025-03-02 23:10:01
SF00911,越城区,20,1,2025-03-02 23:10:01
SF00920,越城区,80,47,2025-03-02 23:10:01
SF00916,越城区,90,2,2025-03-02 23:10:01
SF00904,越城区,180,163,2025-03-02 23:10:01
SF00931,越城区,75,2,2025-03-02 23:10:01
SF00914,越城区,280,254,2025-03-02 23:10:01
SF00915,越城区,286,213,2025-03-02 23:10:01
SF00925,越城区,50,46,2025-03-02 23:10:01
SF00918,越城区,140,131,2025-03-02 23:10:01
SF00912,越城区,85,2,2025-03-02 23:10:01
SF00934,越城区,200,181,2025-03-02 23:10:01
SF00929,越城区,1300,1171,2025-03-02 23:10:01
SF00921,越城区,170,155,2025-03-02 23:10:01
SF00930,越城区,300,271,2025-03-02 23:10:01
SF00926,越城区,120,2,2025-03-02 23:10:01
SF00905,越城区,95,2,2025-03-02 23:10:01
SF00906,越城区,180,165,2025-03-02 23:10:01
SF00933,越城区,37,33,2025-03-02 23:10:01
SF00935,越城区,110,85,2025-03-02 23:10:01
SF00927,越城区,240,209,2025-03-02 23:10:01
SF00917,越城区,150,139,2025-03-02 23:10:01
SF00903,越城区,147,135,2025-03-02 23:10:01
SF00910,越城区,100,91,2025-03-02 23:10:01
SF00923,越城区,150,140,2025-03-02 23:10:01
SF00907,越城区,400,47,2025-03-02 23:10:01
SF00180,越城区,85,66,2025-03-02 23:10:00
SF00121,越城区,1,0,2025-03-02 23:10:00
SF001041,越城区,90,84,2025-03-02 23:10:00
HK00010,越城区,170,13,2025-03-02 23:10:00
SF00173,越城区,450,97,2025-03-02 23:10:00
SF00155,越城区,125,112,2025-03-02 23:10:00
SF000901,越城区,500,274,2025-03-02 23:10:00
SF00902,越城区,110,102,2025-03-02 23:10:00
HK00021,越城区,150,105,2025-03-02 23:10:00
SF00133,越城区,260,218,2025-03-02 23:10:00
SF00107,越城区,200,30,2025-03-02 23:10:00
HK00009,越城区,467,33,2025-03-02 23:10:00
HK00001,越城区,138,2,2025-03-02 23:10:00
SF00124,越城区,500,2,2025-03-02 23:10:00
SF001211,越城区,180,164,2025-03-02 23:10:00
SF00119,越城区,50,2,2025-03-02 23:10:00
SF00104,越城区,50,2,2025-03-02 23:10:00
SF00187,越城区,55,2,2025-03-02 23:10:00
SF00128,越城区,870,2,2025-03-02 23:10:00
SF00182,越城区,35,8,2025-03-02 23:10:00
SF00171,越城区,700,616,2025-03-02 23:10:00
SF00901,越城区,76,62,2025-03-02 23:10:00
HK00013,越城区,212,1,2025-03-02 23:10:00
SF00120,越城区,220,155,2025-03-02 23:10:00
SF000902,越城区,300,233,2025-03-02 23:10:00
SF00146,越城区,150,2,2025-03-02 23:10:00
SF00159,越城区,230,86,2025-03-02 23:10:00
SF00151,越城区,70,56,2025-03-02 23:10:00
SF00174,越城区,100,70,2025-03-02 23:10:00
SF00118,越城区,100,2,2025-03-02 23:10:00
SF00152,越城区,500,2,2025-03-02 23:10:00
SF000903,越城区,470,415,2025-03-02 23:10:00
HK00020,越城区,1800,188,2025-03-02 23:10:00
SF00141,越城区,50,26,2025-03-02 23:10:00
SF00931,越城区,75,28,2025-03-02 23:00:02
SF00934,越城区,200,181,2025-03-02 23:00:02
SF00919,越城区,50,49,2025-03-02 23:00:02
SF00917,越城区,150,139,2025-03-02 23:00:02
SF00918,越城区,140,131,2025-03-02 23:00:02
SF00926,越城区,120,44,2025-03-02 23:00:02
SF00935,越城区,110,83,2025-03-02 23:00:02
SF00932,越城区,60,42,2025-03-02 23:00:02
SF00916,越城区,90,38,2025-03-02 23:00:02
SF00930,越城区,300,271,2025-03-02 23:00:02
SF00923,越城区,150,140,2025-03-02 23:00:02
SF00939,越城区,350,319,2025-03-02 23:00:02
SF00929,越城区,1300,1171,2025-03-02 23:00:02
SF00920,越城区,80,46,2025-03-02 23:00:02
SF00925,越城区,50,50,2025-03-02 23:00:02
SF00927,越城区,240,210,2025-03-02 23:00:02
SF00933,越城区,37,33,2025-03-02 23:00:02
SF00921,越城区,170,155,2025-03-02 23:00:02
SF00928,越城区,300,159,2025-03-02 23:00:02
SF00903,越城区,147,135,2025-03-02 23:00:01
SF00909,越城区,100,42,2025-03-02 23:00:01
SF00173,越城区,450,93,2025-03-02 23:00:01
SF00913,越城区,45,43,2025-03-02 23:00:01
SF00904,越城区,180,161,2025-03-02 23:00:01
SF00906,越城区,180,165,2025-03-02 23:00:01
SF00908,越城区,180,106,2025-03-02 23:00:01
SF00174,越城区,100,70,2025-03-02 23:00:01
SF00901,越城区,76,62,2025-03-02 23:00:01
SF00912,越城区,85,53,2025-03-02 23:00:01
SF00915,越城区,286,213,2025-03-02 23:00:01
SF00907,越城区,400,31,2025-03-02 23:00:01
SF00911,越城区,20,1,2025-03-02 23:00:01
SF00155,越城区,125,112,2025-03-02 23:00:01
SF00180,越城区,85,66,2025-03-02 23:00:01
SF00914,越城区,280,254,2025-03-02 23:00:01
SF00171,越城区,700,607,2025-03-02 23:00:01
SF00187,越城区,55,21,2025-03-02 23:00:01
SF00182,越城区,35,5,2025-03-02 23:00:01
SF00902,越城区,110,102,2025-03-02 23:00:01
SF00905,越城区,95,33,2025-03-02 23:00:01
SF00910,越城区,100,91,2025-03-02 23:00:01
SF00159,越城区,230,83,2025-03-02 23:00:01
HK00021,越城区,150,105,2025-03-02 23:00:00
SF00128,越城区,870,347,2025-03-02 23:00:00
SF00151,越城区,70,56,2025-03-02 23:00:00
HK00010,越城区,170,13,2025-03-02 23:00:00
SF00121,越城区,1,0,2025-03-02 23:00:00
SF00124,越城区,500,195,2025-03-02 23:00:00
SF001211,越城区,180,164,2025-03-02 23:00:00
HK00013,越城区,212,1,2025-03-02 23:00:00
SF00118,越城区,100,42,2025-03-02 23:00:00
SF00104,越城区,50,19,2025-03-02 23:00:00
SF000903,越城区,470,408,2025-03-02 23:00:00
HK00020,越城区,1800,188,2025-03-02 23:00:00
HK00001,越城区,138,60,2025-03-02 23:00:00
SF00107,越城区,200,21,2025-03-02 23:00:00
SF00152,越城区,500,203,2025-03-02 23:00:00
SF001041,越城区,90,84,2025-03-02 23:00:00
SF00119,越城区,50,29,2025-03-02 23:00:00
SF00120,越城区,220,151,2025-03-02 23:00:00
SF00141,越城区,50,24,2025-03-02 23:00:00
SF00133,越城区,260,218,2025-03-02 23:00:00
HK00009,越城区,467,33,2025-03-02 23:00:00
SF000902,越城区,300,235,2025-03-02 23:00:00
SF00146,越城区,150,63,2025-03-02 23:00:00
SF000901,越城区,500,266,2025-03-02 23:00:00
SF00939,越城区,350,319,2025-03-02 22:50:01
SF00911,越城区,20,1,2025-03-02 22:50:01
SF00912,越城区,85,52,2025-03-02 22:50:01
SF00901,越城区,76,62,2025-03-02 22:50:01
SF00928,越城区,300,154,2025-03-02 22:50:01
SF00917,越城区,150,139,2025-03-02 22:50:01
SF00921,越城区,170,155,2025-03-02 22:50:01
SF00919,越城区,50,49,2025-03-02 22:50:01
SF00902,越城区,110,102,2025-03-02 22:50:01
SF00910,越城区,100,91,2025-03-02 22:50:01
SF00904,越城区,180,161,2025-03-02 22:50:01
SF00934,越城区,200,181,2025-03-02 22:50:01
SF00909,越城区,100,42,2025-03-02 22:50:01
SF00923,越城区,150,140,2025-03-02 22:50:01
SF00914,越城区,280,254,2025-03-02 22:50:01
SF00930,越城区,300,271,2025-03-02 22:50:01
SF00933,越城区,37,33,2025-03-02 22:50:01
SF00903,越城区,147,135,2025-03-02 22:50:01
SF00925,越城区,50,50,2025-03-02 22:50:01
SF00906,越城区,180,165,2025-03-02 22:50:01
SF00908,越城区,180,106,2025-03-02 22:50:01
SF00905,越城区,95,39,2025-03-02 22:50:01
SF00916,越城区,90,34,2025-03-02 22:50:01
SF00926,越城区,120,46,2025-03-02 22:50:01
SF00915,越城区,286,216,2025-03-02 22:50:01
SF00918,越城区,140,131,2025-03-02 22:50:01
SF00929,越城区,1300,1171,2025-03-02 22:50:01
SF00935,越城区,110,81,2025-03-02 22:50:01
SF00913,越城区,45,43,2025-03-02 22:50:01
SF00920,越城区,80,44,2025-03-02 22:50:01
SF00907,越城区,400,32,2025-03-02 22:50:01
SF00927,越城区,240,210,2025-03-02 22:50:01
SF00932,越城区,60,42,2025-03-02 22:50:01
SF00931,越城区,75,27,2025-03-02 22:50:01
SF00159,越城区,230,80,2025-03-02 22:50:00
SF00128,越城区,870,344,2025-03-02 22:50:00
HK00020,越城区,1800,188,2025-03-02 22:50:00
SF001041,越城区,90,84,2025-03-02 22:50:00
SF00141,越城区,50,24,2025-03-02 22:50:00
SF00121,越城区,1,0,2025-03-02 22:50:00
SF00151,越城区,70,56,2025-03-02 22:50:00
SF00187,越城区,55,22,2025-03-02 22:50:00
SF00104,越城区,50,22,2025-03-02 22:50:00
SF00133,越城区,260,216,2025-03-02 22:50:00
SF00146,越城区,150,65,2025-03-02 22:50:00
SF00174,越城区,100,69,2025-03-02 22:50:00
SF00171,越城区,700,602,2025-03-02 22:50:00
SF00152,越城区,500,200,2025-03-02 22:50:00
SF00180,越城区,85,66,2025-03-02 22:50:00
SF00120,越城区,220,151,2025-03-02 22:50:00
SF000901,越城区,500,265,2025-03-02 22:50:00
HK00013,越城区,212,1,2025-03-02 22:50:00
SF00155,越城区,125,112,2025-03-02 22:50:00
SF00118,越城区,100,40,2025-03-02 22:50:00
HK00001,越城区,138,50,2025-03-02 22:50:00
HK00009,越城区,467,33,2025-03-02 22:50:00
SF00107,越城区,200,17,2025-03-02 22:50:00
HK00010,越城区,170,13,2025-03-02 22:50:00
SF00124,越城区,500,200,2025-03-02 22:50:00
SF000902,越城区,300,234,2025-03-02 22:50:00
SF00182,越城区,35,4,2025-03-02 22:50:00
SF000903,越城区,470,407,2025-03-02 22:50:00
HK00021,越城区,150,105,2025-03-02 22:50:00
SF00173,越城区,450,91,2025-03-02 22:50:00
SF00119,越城区,50,27,2025-03-02 22:50:00
SF001211,越城区,180,164,2025-03-02 22:50:00
SF00929,越城区,1300,1171,2025-03-02 22:40:02
SF00930,越城区,300,271,2025-03-02 22:40:02
SF00932,越城区,60,41,2025-03-02 22:40:02
SF00933,越城区,37,33,2025-03-02 22:40:02
SF00935,越城区,110,81,2025-03-02 22:40:02
SF00934,越城区,200,181,2025-03-02 22:40:02
SF00939,越城区,350,319,2025-03-02 22:40:02
SF00931,越城区,75,28,2025-03-02 22:40:02
SF00923,越城区,150,140,2025-03-02 22:40:01
SF00928,越城区,300,152,2025-03-02 22:40:01
SF00905,越城区,95,34,2025-03-02 22:40:01
SF00902,越城区,110,102,2025-03-02 22:40:01
SF00920,越城区,80,44,2025-03-02 22:40:01
SF00174,越城区,100,69,2025-03-02 22:40:01
SF00926,越城区,120,43,2025-03-02 22:40:01
SF00173,越城区,450,90,2025-03-02 22:40:01
SF00921,越城区,170,155,2025-03-02 22:40:01
SF00180,越城区,85,66,2025-03-02 22:40:01
SF00915,越城区,286,217,2025-03-02 22:40:01
SF00919,越城区,50,49,2025-03-02 22:40:01
SF00909,越城区,100,38,2025-03-02 22:40:01
SF00916,越城区,90,33,2025-03-02 22:40:01
SF00903,越城区,147,135,2025-03-02 22:40:01
SF00906,越城区,180,165,2025-03-02 22:40:01
SF00925,越城区,50,50,2025-03-02 22:40:01
SF00914,越城区,280,254,2025-03-02 22:40:01
SF00927,越城区,240,210,2025-03-02 22:40:01
SF00911,越城区,20,1,2025-03-02 22:40:01
SF00187,越城区,55,27,2025-03-02 22:40:01
SF00182,越城区,35,4,2025-03-02 22:40:01
SF00918,越城区,140,131,2025-03-02 22:40:01
SF00904,越城区,180,161,2025-03-02 22:40:01
SF00901,越城区,76,62,2025-03-02 22:40:01
SF00910,越城区,100,91,2025-03-02 22:40:01
SF00907,越城区,400,38,2025-03-02 22:40:01
SF00917,越城区,150,139,2025-03-02 22:40:01
SF00912,越城区,85,51,2025-03-02 22:40:01
SF00908,越城区,180,112,2025-03-02 22:40:01
SF00913,越城区,45,43,2025-03-02 22:40:01
SF00155,越城区,125,112,2025-03-02 22:40:00
SF00128,越城区,870,352,2025-03-02 22:40:00
SF001041,越城区,90,84,2025-03-02 22:40:00
HK00009,越城区,467,33,2025-03-02 22:40:00
SF000901,越城区,500,262,2025-03-02 22:40:00
SF000902,越城区,300,229,2025-03-02 22:40:00
SF00159,越城区,230,79,2025-03-02 22:40:00
SF00171,越城区,700,594,2025-03-02 22:40:00
SF00104,越城区,50,15,2025-03-02 22:40:00
SF00133,越城区,260,215,2025-03-02 22:40:00
SF00151,越城区,70,56,2025-03-02 22:40:00
SF00152,越城区,500,195,2025-03-02 22:40:00
SF00146,越城区,150,55,2025-03-02 22:40:00
SF001211,越城区,180,164,2025-03-02 22:40:00
HK00020,越城区,1800,188,2025-03-02 22:40:00
SF00141,越城区,50,23,2025-03-02 22:40:00
HK00013,越城区,212,1,2025-03-02 22:40:00
SF00119,越城区,50,32,2025-03-02 22:40:00
SF00118,越城区,100,40,2025-03-02 22:40:00
SF00120,越城区,220,152,2025-03-02 22:40:00
HK00001,越城区,138,51,2025-03-02 22:40:00
HK00010,越城区,170,13,2025-03-02 22:40:00
SF00107,越城区,200,14,2025-03-02 22:40:00
HK00021,越城区,150,105,2025-03-02 22:40:00
SF00124,越城区,500,202,2025-03-02 22:40:00
SF000903,越城区,470,406,2025-03-02 22:40:00
SF00121,越城区,1,0,2025-03-02 22:40:00
SF00939,越城区,350,319,2025-03-02 22:30:02
SF00935,越城区,110,80,2025-03-02 22:30:02
SF00934,越城区,200,181,2025-03-02 22:30:02
SF00933,越城区,37,33,2025-03-02 22:30:02
SF00930,越城区,300,271,2025-03-02 22:30:01
SF00929,越城区,1300,1171,2025-03-02 22:30:01
SF00931,越城区,75,34,2025-03-02 22:30:01
SF00910,越城区,100,91,2025-03-02 22:30:01
SF00901,越城区,76,61,2025-03-02 22:30:01
SF00926,越城区,120,45,2025-03-02 22:30:01
SF00916,越城区,90,35,2025-03-02 22:30:01
SF00932,越城区,60,41,2025-03-02 22:30:01
SF00918,越城区,140,131,2025-03-02 22:30:01
SF00908,越城区,180,103,2025-03-02 22:30:01
SF00928,越城区,300,151,2025-03-02 22:30:01
SF00906,越城区,180,165,2025-03-02 22:30:01
SF00911,越城区,20,1,2025-03-02 22:30:01
SF00182,越城区,35,4,2025-03-02 22:30:01
SF00902,越城区,110,102,2025-03-02 22:30:01
SF00913,越城区,45,43,2025-03-02 22:30:01
SF00915,越城区,286,218,2025-03-02 22:30:01
SF00927,越城区,240,209,2025-03-02 22:30:01
SF00919,越城区,50,49,2025-03-02 22:30:01
SF00917,越城区,150,139,2025-03-02 22:30:01
SF00912,越城区,85,46,2025-03-02 22:30:01
SF00187,越城区,55,22,2025-03-02 22:30:01
SF00909,越城区,100,45,2025-03-02 22:30:01
SF00925,越城区,50,50,2025-03-02 22:30:01
SF00907,越城区,400,38,2025-03-02 22:30:01
SF00921,越城区,170,155,2025-03-02 22:30:01
SF00923,越城区,150,140,2025-03-02 22:30:01
SF00905,越城区,95,42,2025-03-02 22:30:01
SF00914,越城区,280,254,2025-03-02 22:30:01
SF00920,越城区,80,44,2025-03-02 22:30:01
SF00903,越城区,147,135,2025-03-02 22:30:01
SF00904,越城区,180,160,2025-03-02 22:30:01
SF000901,越城区,500,255,2025-03-02 22:30:00
HK00009,越城区,467,33,2025-03-02 22:30:00
SF000903,越城区,470,407,2025-03-02 22:30:00
HK00010,越城区,170,13,2025-03-02 22:30:00
SF00171,越城区,700,591,2025-03-02 22:30:00
SF001211,越城区,180,164,2025-03-02 22:30:00
SF000902,越城区,300,228,2025-03-02 22:30:00
SF00119,越城区,50,28,2025-03-02 22:30:00
SF00104,越城区,50,23,2025-03-02 22:30:00
SF00146,越城区,150,55,2025-03-02 22:30:00
SF00120,越城区,220,151,2025-03-02 22:30:00
SF00121,越城区,1,0,2025-03-02 22:30:00
SF001041,越城区,90,84,2025-03-02 22:30:00
SF00133,越城区,260,216,2025-03-02 22:30:00
SF00141,越城区,50,21,2025-03-02 22:30:00
SF00152,越城区,500,197,2025-03-02 22:30:00
SF00124,越城区,500,204,2025-03-02 22:30:00
SF00173,越城区,450,87,2025-03-02 22:30:00
HK00021,越城区,150,105,2025-03-02 22:30:00
SF00128,越城区,870,351,2025-03-02 22:30:00
HK00001,越城区,138,50,2025-03-02 22:30:00
SF00151,越城区,70,56,2025-03-02 22:30:00
SF00174,越城区,100,69,2025-03-02 22:30:00
HK00020,越城区,1800,188,2025-03-02 22:30:00
SF00180,越城区,85,66,2025-03-02 22:30:00
SF00107,越城区,200,12,2025-03-02 22:30:00
HK00013,越城区,212,1,2025-03-02 22:30:00
SF00155,越城区,125,112,2025-03-02 22:30:00
SF00159,越城区,230,73,2025-03-02 22:30:00
SF00118,越城区,100,35,2025-03-02 22:30:00
SF00939,越城区,350,317,2025-03-02 22:20:02
SF00933,越城区,37,33,2025-03-02 22:20:01
SF00902,越城区,110,102,2025-03-02 22:20:01
SF00918,越城区,140,131,2025-03-02 22:20:01
SF00920,越城区,80,44,2025-03-02 22:20:01
SF00931,越城区,75,26,2025-03-02 22:20:01
SF00912,越城区,85,55,2025-03-02 22:20:01
SF00905,越城区,95,33,2025-03-02 22:20:01
SF00916,越城区,90,36,2025-03-02 22:20:01
SF00917,越城区,150,139,2025-03-02 22:20:01
SF00904,越城区,180,159,2025-03-02 22:20:01
SF00935,越城区,110,80,2025-03-02 22:20:01
SF00934,越城区,200,181,2025-03-02 22:20:01
SF00901,越城区,76,58,2025-03-02 22:20:01
SF00921,越城区,170,155,2025-03-02 22:20:01
SF00911,越城区,20,1,2025-03-02 22:20:01
SF00909,越城区,100,44,2025-03-02 22:20:01
SF00906,越城区,180,165,2025-03-02 22:20:01
SF00913,越城区,45,43,2025-03-02 22:20:01
SF00915,越城区,286,228,2025-03-02 22:20:01
SF00926,越城区,120,53,2025-03-02 22:20:01
SF00923,越城区,150,140,2025-03-02 22:20:01
SF00928,越城区,300,152,2025-03-02 22:20:01
SF00910,越城区,100,91,2025-03-02 22:20:01
SF00914,越城区,280,254,2025-03-02 22:20:01
SF00907,越城区,400,35,2025-03-02 22:20:01
SF00930,越城区,300,271,2025-03-02 22:20:01
SF00925,越城区,50,50,2025-03-02 22:20:01
SF00903,越城区,147,135,2025-03-02 22:20:01
SF00929,越城区,1300,1171,2025-03-02 22:20:01
SF00927,越城区,240,212,2025-03-02 22:20:01
SF00932,越城区,60,41,2025-03-02 22:20:01
SF00908,越城区,180,103,2025-03-02 22:20:01
SF00919,越城区,50,49,2025-03-02 22:20:01
SF00133,越城区,260,212,2025-03-02 22:20:00
SF000903,越城区,470,407,2025-03-02 22:20:00
HK00021,越城区,150,105,2025-03-02 22:20:00
SF000901,越城区,500,258,2025-03-02 22:20:00
SF00104,越城区,50,19,2025-03-02 22:20:00
HK00013,越城区,212,1,2025-03-02 22:20:00
SF00119,越城区,50,33,2025-03-02 22:20:00
HK00001,越城区,138,52,2025-03-02 22:20:00
HK00009,越城区,467,33,2025-03-02 22:20:00
SF00151,越城区,70,56,2025-03-02 22:20:00
SF00152,越城区,500,202,2025-03-02 22:20:00
SF00118,越城区,100,38,2025-03-02 22:20:00
SF00128,越城区,870,350,2025-03-02 22:20:00
SF001041,越城区,90,84,2025-03-02 22:20:00
SF00159,越城区,230,72,2025-03-02 22:20:00
SF00121,越城区,1,0,2025-03-02 22:20:00
SF00187,越城区,55,23,2025-03-02 22:20:00
SF00120,越城区,220,150,2025-03-02 22:20:00
SF000902,越城区,300,230,2025-03-02 22:20:00
SF00155,越城区,125,112,2025-03-02 22:20:00
SF00180,越城区,85,67,2025-03-02 22:20:00
SF00174,越城区,100,69,2025-03-02 22:20:00
SF00182,越城区,35,4,2025-03-02 22:20:00
SF00173,越城区,450,85,2025-03-02 22:20:00
SF00107,越城区,200,13,2025-03-02 22:20:00
SF00171,越城区,700,586,2025-03-02 22:20:00
SF00141,越城区,50,19,2025-03-02 22:20:00
HK00010,越城区,170,13,2025-03-02 22:20:00
SF00146,越城区,150,59,2025-03-02 22:20:00
SF00124,越城区,500,204,2025-03-02 22:20:00
SF001211,越城区,180,164,2025-03-02 22:20:00
HK00020,越城区,1800,188,2025-03-02 22:20:00
SF00935,越城区,110,79,2025-03-02 22:10:02
SF00934,越城区,200,181,2025-03-02 22:10:02
SF00925,越城区,50,50,2025-03-02 22:10:02
SF00931,越城区,75,32,2025-03-02 22:10:02
SF00927,越城区,240,213,2025-03-02 22:10:02
SF00930,越城区,300,271,2025-03-02 22:10:02
SF00928,越城区,300,149,2025-03-02 22:10:02
SF00923,越城区,150,140,2025-03-02 22:10:02
SF00932,越城区,60,42,2025-03-02 22:10:02
SF00939,越城区,350,317,2025-03-02 22:10:02
SF00933,越城区,37,33,2025-03-02 22:10:02
SF00926,越城区,120,53,2025-03-02 22:10:02
SF00929,越城区,1300,1171,2025-03-02 22:10:02
SF00180,越城区,85,68,2025-03-02 22:10:01
SF00903,越城区,147,135,2025-03-02 22:10:01
SF00913,越城区,45,43,2025-03-02 22:10:01
SF00907,越城区,400,29,2025-03-02 22:10:01
SF00916,越城区,90,39,2025-03-02 22:10:01
SF00173,越城区,450,88,2025-03-02 22:10:01
SF00917,越城区,150,139,2025-03-02 22:10:01
SF00904,越城区,180,158,2025-03-02 22:10:01
SF00182,越城区,35,3,2025-03-02 22:10:01
SF00914,越城区,280,254,2025-03-02 22:10:01
SF00910,越城区,100,91,2025-03-02 22:10:01
SF00174,越城区,100,69,2025-03-02 22:10:01
SF00911,越城区,20,1,2025-03-02 22:10:01
SF00920,越城区,80,44,2025-03-02 22:10:01
SF00912,越城区,85,46,2025-03-02 22:10:01
SF00901,越城区,76,58,2025-03-02 22:10:01
SF00902,越城区,110,102,2025-03-02 22:10:01
SF00171,越城区,700,576,2025-03-02 22:10:01
SF00909,越城区,100,45,2025-03-02 22:10:01
SF00908,越城区,180,106,2025-03-02 22:10:01
SF00915,越城区,286,222,2025-03-02 22:10:01
SF00906,越城区,180,165,2025-03-02 22:10:01
SF00905,越城区,95,41,2025-03-02 22:10:01
SF00919,越城区,50,49,2025-03-02 22:10:01
SF00187,越城区,55,22,2025-03-02 22:10:01
SF00918,越城区,140,131,2025-03-02 22:10:01
SF00921,越城区,170,155,2025-03-02 22:10:01
SF00151,越城区,70,55,2025-03-02 22:10:00
HK00020,越城区,1800,188,2025-03-02 22:10:00
SF00104,越城区,50,24,2025-03-02 22:10:00
SF000902,越城区,300,231,2025-03-02 22:10:00
HK00009,越城区,467,33,2025-03-02 22:10:00
SF00128,越城区,870,349,2025-03-02 22:10:00
SF001041,越城区,90,84,2025-03-02 22:10:00
HK00021,越城区,150,105,2025-03-02 22:10:00
SF00133,越城区,260,211,2025-03-02 22:10:00
SF00119,越城区,50,29,2025-03-02 22:10:00
SF00107,越城区,200,13,2025-03-02 22:10:00
SF00146,越城区,150,61,2025-03-02 22:10:00
SF000903,越城区,470,398,2025-03-02 22:10:00
HK00001,越城区,138,57,2025-03-02 22:10:00
SF00155,越城区,125,112,2025-03-02 22:10:00
SF001211,越城区,180,164,2025-03-02 22:10:00
HK00010,越城区,170,13,2025-03-02 22:10:00
SF00118,越城区,100,42,2025-03-02 22:10:00
HK00013,越城区,212,1,2025-03-02 22:10:00
SF00152,越城区,500,200,2025-03-02 22:10:00
SF00159,越城区,230,70,2025-03-02 22:10:00
SF00120,越城区,220,150,2025-03-02 22:10:00
SF00141,越城区,50,18,2025-03-02 22:10:00
SF000901,越城区,500,254,2025-03-02 22:10:00
SF00124,越城区,500,200,2025-03-02 22:10:00
SF00121,越城区,1,0,2025-03-02 22:10:00
SF00919,越城区,50,48,2025-03-02 22:00:02
SF00918,越城区,140,131,2025-03-02 22:00:02
SF00933,越城区,37,33,2025-03-02 22:00:02
SF00921,越城区,170,155,2025-03-02 22:00:02
SF00932,越城区,60,40,2025-03-02 22:00:02
SF00928,越城区,300,142,2025-03-02 22:00:02
SF00934,越城区,200,181,2025-03-02 22:00:02
SF00920,越城区,80,40,2025-03-02 22:00:02
SF00917,越城区,150,139,2025-03-02 22:00:02
SF00929,越城区,1300,1171,2025-03-02 22:00:02
SF00931,越城区,75,35,2025-03-02 22:00:02
SF00935,越城区,110,76,2025-03-02 22:00:02
SF00925,越城区,50,50,2025-03-02 22:00:02
SF00927,越城区,240,214,2025-03-02 22:00:02
SF00939,越城区,350,319,2025-03-02 22:00:02
SF00926,越城区,120,50,2025-03-02 22:00:02
SF00923,越城区,150,140,2025-03-02 22:00:02
SF00930,越城区,300,271,2025-03-02 22:00:02
SF00911,越城区,20,1,2025-03-02 22:00:01
SF00908,越城区,180,105,2025-03-02 22:00:01
SF00914,越城区,280,254,2025-03-02 22:00:01
SF00916,越城区,90,40,2025-03-02 22:00:01
SF00159,越城区,230,73,2025-03-02 22:00:01
SF00174,越城区,100,69,2025-03-02 22:00:01
SF00173,越城区,450,84,2025-03-02 22:00:01
SF00155,越城区,125,111,2025-03-02 22:00:01
SF00187,越城区,55,25,2025-03-02 22:00:01
SF00180,越城区,85,62,2025-03-02 22:00:01
SF00907,越城区,400,21,2025-03-02 22:00:01
SF00182,越城区,35,2,2025-03-02 22:00:01
SF00910,越城区,100,91,2025-03-02 22:00:01
SF00152,越城区,500,197,2025-03-02 22:00:01
SF00912,越城区,85,55,2025-03-02 22:00:01
SF00909,越城区,100,36,2025-03-02 22:00:01
SF00906,越城区,180,165,2025-03-02 22:00:01
SF00171,越城区,700,572,2025-03-02 22:00:01
SF00913,越城区,45,43,2025-03-02 22:00:01
SF00904,越城区,180,157,2025-03-02 22:00:01
SF00903,越城区,147,135,2025-03-02 22:00:01
SF00905,越城区,95,35,2025-03-02 22:00:01
SF00901,越城区,76,51,2025-03-02 22:00:01
SF00151,越城区,70,54,2025-03-02 22:00:01
SF00915,越城区,286,217,2025-03-02 22:00:01
SF00902,越城区,110,102,2025-03-02 22:00:01
SF00119,越城区,50,31,2025-03-02 22:00:00
SF00133,越城区,260,210,2025-03-02 22:00:00
HK00021,越城区,150,105,2025-03-02 22:00:00
HK00020,越城区,1800,188,2025-03-02 22:00:00
SF000902,越城区,300,226,2025-03-02 22:00:00
SF00107,越城区,200,10,2025-03-02 22:00:00
HK00001,越城区,138,60,2025-03-02 22:00:00
SF00118,越城区,100,41,2025-03-02 22:00:00
SF00120,越城区,220,151,2025-03-02 22:00:00
HK00013,越城区,212,1,2025-03-02 22:00:00
HK00009,越城区,467,33,2025-03-02 22:00:00
SF00124,越城区,500,201,2025-03-02 22:00:00
SF000901,越城区,500,253,2025-03-02 22:00:00
SF001041,越城区,90,84,2025-03-02 22:00:00
SF00104,越城区,50,15,2025-03-02 22:00:00
SF00146,越城区,150,55,2025-03-02 22:00:00
SF000903,越城区,470,397,2025-03-02 22:00:00
SF00121,越城区,1,0,2025-03-02 22:00:00
SF00141,越城区,50,15,2025-03-02 22:00:00
HK00010,越城区,170,13,2025-03-02 22:00:00
SF00128,越城区,870,346,2025-03-02 22:00:00
SF001211,越城区,180,164,2025-03-02 22:00:00
SF00932,越城区,60,40,2025-03-02 21:50:02
SF00921,越城区,170,155,2025-03-02 21:50:02
SF00920,越城区,80,41,2025-03-02 21:50:02
SF00933,越城区,37,33,2025-03-02 21:50:02
SF00925,越城区,50,50,2025-03-02 21:50:02
SF00939,越城区,350,319,2025-03-02 21:50:02
SF00919,越城区,50,47,2025-03-02 21:50:02
SF00927,越城区,240,212,2025-03-02 21:50:02
SF00930,越城区,300,271,2025-03-02 21:50:02
SF00931,越城区,75,25,2025-03-02 21:50:02
SF00923,越城区,150,140,2025-03-02 21:50:02
SF00934,越城区,200,181,2025-03-02 21:50:02
SF00928,越城区,300,143,2025-03-02 21:50:02
SF00935,越城区,110,76,2025-03-02 21:50:02
SF00929,越城区,1300,1171,2025-03-02 21:50:02
SF00926,越城区,120,47,2025-03-02 21:50:02
SF00152,越城区,500,201,2025-03-02 21:50:01
SF00187,越城区,55,25,2025-03-02 21:50:01
SF00915,越城区,286,213,2025-03-02 21:50:01
SF00916,越城区,90,32,2025-03-02 21:50:01
SF00173,越城区,450,87,2025-03-02 21:50:01
SF00902,越城区,110,102,2025-03-02 21:50:01
SF00159,越城区,230,71,2025-03-02 21:50:01
SF00180,越城区,85,62,2025-03-02 21:50:01
SF00901,越城区,76,50,2025-03-02 21:50:01
SF00904,越城区,180,153,2025-03-02 21:50:01
SF00909,越城区,100,35,2025-03-02 21:50:01
SF00182,越城区,35,2,2025-03-02 21:50:01
SF00914,越城区,280,254,2025-03-02 21:50:01
SF00903,越城区,147,135,2025-03-02 21:50:01
SF00907,越城区,400,24,2025-03-02 21:50:01
SF00912,越城区,85,55,2025-03-02 21:50:01
SF00908,越城区,180,104,2025-03-02 21:50:01
SF00917,越城区,150,139,2025-03-02 21:50:01
SF00174,越城区,100,69,2025-03-02 21:50:01
SF00918,越城区,140,131,2025-03-02 21:50:01
SF00906,越城区,180,165,2025-03-02 21:50:01
SF00171,越城区,700,561,2025-03-02 21:50:01
SF00910,越城区,100,91,2025-03-02 21:50:01
SF00151,越城区,70,55,2025-03-02 21:50:01
SF00155,越城区,125,111,2025-03-02 21:50:01
SF00905,越城区,95,39,2025-03-02 21:50:01
SF00913,越城区,45,43,2025-03-02 21:50:01
SF00911,越城区,20,1,2025-03-02 21:50:01
SF00121,越城区,1,0,2025-03-02 21:50:00
HK00010,越城区,170,13,2025-03-02 21:50:00
SF000901,越城区,500,237,2025-03-02 21:50:00
SF001041,越城区,90,84,2025-03-02 21:50:00
SF000902,越城区,300,224,2025-03-02 21:50:00
SF00118,越城区,100,37,2025-03-02 21:50:00
HK00021,越城区,150,105,2025-03-02 21:50:00
SF00107,越城区,200,10,2025-03-02 21:50:00
SF00119,越城区,50,25,2025-03-02 21:50:00
SF00124,越城区,500,201,2025-03-02 21:50:00
HK00020,越城区,1800,188,2025-03-02 21:50:00
HK00013,越城区,212,1,2025-03-02 21:50:00
SF00104,越城区,50,25,2025-03-02 21:50:00
SF00141,越城区,50,14,2025-03-02 21:50:00
HK00001,越城区,138,53,2025-03-02 21:50:00
HK00009,越城区,467,33,2025-03-02 21:50:00
SF00146,越城区,150,59,2025-03-02 21:50:00
SF00128,越城区,870,344,2025-03-02 21:50:00
SF001211,越城区,180,164,2025-03-02 21:50:00
SF00133,越城区,260,208,2025-03-02 21:50:00
SF00120,越城区,220,149,2025-03-02 21:50:00
SF000903,越城区,470,394,2025-03-02 21:50:00
SF00930,越城区,300,271,2025-03-02 21:40:02
SF00929,越城区,1300,1171,2025-03-02 21:40:02
SF00927,越城区,240,209,2025-03-02 21:40:02
SF00932,越城区,60,41,2025-03-02 21:40:02
SF00928,越城区,300,143,2025-03-02 21:40:02
SF00933,越城区,37,33,2025-03-02 21:40:02
SF00923,越城区,150,140,2025-03-02 21:40:02
SF00935,越城区,110,74,2025-03-02 21:40:02
SF00925,越城区,50,50,2025-03-02 21:40:02
SF00926,越城区,120,48,2025-03-02 21:40:02
SF00931,越城区,75,26,2025-03-02 21:40:02
SF00939,越城区,350,319,2025-03-02 21:40:02
SF00934,越城区,200,181,2025-03-02 21:40:02
SF00921,越城区,170,155,2025-03-02 21:40:02
SF00910,越城区,100,91,2025-03-02 21:40:01
SF00171,越城区,700,549,2025-03-02 21:40:01
SF00912,越城区,85,56,2025-03-02 21:40:01
SF00911,越城区,20,1,2025-03-02 21:40:01
SF00918,越城区,140,131,2025-03-02 21:40:01
SF00159,越城区,230,68,2025-03-02 21:40:01
SF00187,越城区,55,19,2025-03-02 21:40:01
SF00904,越城区,180,151,2025-03-02 21:40:01
SF00173,越城区,450,92,2025-03-02 21:40:01
SF00914,越城区,280,254,2025-03-02 21:40:01
SF00915,越城区,286,215,2025-03-02 21:40:01
SF00908,越城区,180,103,2025-03-02 21:40:01
SF00917,越城区,150,139,2025-03-02 21:40:01
SF00903,越城区,147,135,2025-03-02 21:40:01
SF00182,越城区,35,2,2025-03-02 21:40:01
SF00906,越城区,180,165,2025-03-02 21:40:01
SF00902,越城区,110,102,2025-03-02 21:40:01
SF00905,越城区,95,42,2025-03-02 21:40:01
SF00174,越城区,100,70,2025-03-02 21:40:01
SF00919,越城区,50,47,2025-03-02 21:40:01
SF00920,越城区,80,41,2025-03-02 21:40:01
SF00909,越城区,100,39,2025-03-02 21:40:01
SF00180,越城区,85,61,2025-03-02 21:40:01
SF00901,越城区,76,51,2025-03-02 21:40:01
SF00907,越城区,400,25,2025-03-02 21:40:01
SF00916,越城区,90,39,2025-03-02 21:40:01
SF00913,越城区,45,43,2025-03-02 21:40:01
SF00133,越城区,260,208,2025-03-02 21:40:00
HK00013,越城区,212,1,2025-03-02 21:40:00
SF00119,越城区,50,29,2025-03-02 21:40:00
HK00001,越城区,138,52,2025-03-02 21:40:00
SF00121,越城区,1,0,2025-03-02 21:40:00
SF00120,越城区,220,147,2025-03-02 21:40:00
SF00141,越城区,50,13,2025-03-02 21:40:00
HK00020,越城区,1800,188,2025-03-02 21:40:00
SF00146,越城区,150,56,2025-03-02 21:40:00
HK00010,越城区,170,13,2025-03-02 21:40:00
SF000902,越城区,300,222,2025-03-02 21:40:00
SF00151,越城区,70,54,2025-03-02 21:40:00
SF001041,越城区,90,84,2025-03-02 21:40:00
SF001211,越城区,180,164,2025-03-02 21:40:00
HK00009,越城区,467,33,2025-03-02 21:40:00
SF00104,越城区,50,18,2025-03-02 21:40:00
SF00128,越城区,870,350,2025-03-02 21:40:00
SF00155,越城区,125,111,2025-03-02 21:40:00
SF00124,越城区,500,198,2025-03-02 21:40:00
SF000903,越城区,470,387,2025-03-02 21:40:00
SF00107,越城区,200,9,2025-03-02 21:40:00
SF000901,越城区,500,229,2025-03-02 21:40:00
HK00021,越城区,150,105,2025-03-02 21:40:00
SF00152,越城区,500,200,2025-03-02 21:40:00
SF00118,越城区,100,42,2025-03-02 21:40:00
SF00934,越城区,200,181,2025-03-02 21:30:02
SF00925,越城区,50,47,2025-03-02 21:30:02
SF00919,越城区,50,47,2025-03-02 21:30:02
SF00931,越城区,75,35,2025-03-02 21:30:02
SF00929,越城区,1300,1171,2025-03-02 21:30:02
SF00917,越城区,150,139,2025-03-02 21:30:02
SF00926,越城区,120,52,2025-03-02 21:30:02
SF00930,越城区,300,271,2025-03-02 21:30:02
SF00939,越城区,350,314,2025-03-02 21:30:02
SF00918,越城区,140,131,2025-03-02 21:30:02
SF00932,越城区,60,39,2025-03-02 21:30:02
SF00921,越城区,170,155,2025-03-02 21:30:02
SF00920,越城区,80,40,2025-03-02 21:30:02
SF00928,越城区,300,141,2025-03-02 21:30:02
SF00923,越城区,150,140,2025-03-02 21:30:02
SF00927,越城区,240,210,2025-03-02 21:30:02
SF00933,越城区,37,33,2025-03-02 21:30:02
SF00935,越城区,110,72,2025-03-02 21:30:02
SF00916,越城区,90,40,2025-03-02 21:30:02
SF00152,越城区,500,205,2025-03-02 21:30:01
SF00908,越城区,180,106,2025-03-02 21:30:01
SF00155,越城区,125,111,2025-03-02 21:30:01
SF00911,越城区,20,1,2025-03-02 21:30:01
SF00906,越城区,180,165,2025-03-02 21:30:01
SF00174,越城区,100,70,2025-03-02 21:30:01
SF00905,越城区,95,37,2025-03-02 21:30:01
SF00909,越城区,100,45,2025-03-02 21:30:01
SF00159,越城区,230,66,2025-03-02 21:30:01
SF00915,越城区,286,212,2025-03-02 21:30:01
SF00902,越城区,110,102,2025-03-02 21:30:01
SF00187,越城区,55,20,2025-03-02 21:30:01
SF00182,越城区,35,2,2025-03-02 21:30:01
SF00171,越城区,700,534,2025-03-02 21:30:01
SF00913,越城区,45,43,2025-03-02 21:30:01
SF00151,越城区,70,55,2025-03-02 21:30:01
SF00903,越城区,147,135,2025-03-02 21:30:01
SF00901,越城区,76,52,2025-03-02 21:30:01
